channel_unit,channel_gis_id,channel_name,channel_evap_volume_m3,channel_inflow_m3s,channel_water_storage_m3,channel_precip_volume_m3,streamflow_m3s,channel_water_temp_c,channel_area_ha,channel_seep_volume_m3,date
1,29,cha029,0.0,0.0,0.0,0.0,0.0,0.0,0.0,0.0,2019-01-01
2,35,cha035,0.0,0.0,0.0,0.0,0.0,0.0,0.0,0.0,2019-01-01
3,37,cha037,0.0,0.0,0.0,0.0,0.0,0.0,0.0,0.0,2019-01-01
4,38,cha038,0.0,0.03845,0.0,0.0,0.03845,0.0,0.0,0.0,2019-01-01
5,39,cha039,0.0,0.0,0.0,0.0,0.0,0.0,0.0,0.0,2019-01-01
6,41,cha041,0.0,0.0,0.0,0.0,0.0,0.0,0.0,0.0,2019-01-01
7,43,cha043,0.0,0.0,0.0,0.0,0.0,0.0,0.0,0.0,2019-01-01
8,44,cha044,0.0,0.0,0.0,0.0,0.0,0.0,0.0,0.0,2019-01-01
9,45,cha045,0.0,0.0,0.0,0.0,0.0,0.0,0.0,0.0,2019-01-01
10,50,cha050,0.0,0.0,0.0,0.0,0.0,0.0,0.0,0.0,2019-01-01
11,51,cha051,0.0,0.0,0.0,0.0,0.0,0.0,0.0,0.0,2019-01-01
12,54,cha054,0.0,0.0,0.0,0.0,0.0,0.0,0.0,0.0,2019-01-01
13,57,cha057,0.0,0.1444,0.0,0.0,0.1444,0.0,0.0,0.0,2019-01-01
14,59,cha059,0.0,0.0,0.0,0.0,0.0,0.0,0.0,0.0,2019-01-01
15,64,cha064,0.0,0.142,0.0,0.0,0.142,0.0,0.0,0.0,2019-01-01
16,66,cha066,0.0,0.0,0.0,0.0,0.0,0.0,0.0,0.0,2019-01-01
17,70,cha070,0.0,0.0,0.0,0.0,0.0,0.0,0.0,0.0,2019-01-01
18,71,cha071,0.0,0.0,0.0,0.0,0.0,0.0,0.0,0.0,2019-01-01
19,74,cha074,0.0,0.0,0.0,0.0,0.0,0.0,0.0,0.0,2019-01-01
20,138,cha138,0.0,0.814,0.0,0.0,0.814,0.0,0.0,0.0,2019-01-01
21,141,cha141,0.0,0.4565,0.0,0.0,0.4565,0.0,0.0,0.0,2019-01-01
22,142,cha142,0.0,0.03748,0.0,0.0,0.03748,0.0,0.0,0.0,2019-01-01
23,146,cha146,0.0,0.1148,0.0,0.0,0.1148,0.0,0.0,0.0,2019-01-01
24,148,cha148,0.0,0.5547,0.0,0.0,0.5547,0.0,0.0,0.0,2019-01-01
25,153,cha153,0.0,1.754,0.0,0.0,1.754,0.0,0.0,0.0,2019-01-01
26,155,cha155,0.0,1.089,0.0,0.0,1.089,0.0,0.0,0.0,2019-01-01
27,158,cha158,0.0,0.6271,0.0,0.0,0.6271,0.0,0.0,0.0,2019-01-01
28,161,cha161,0.0,0.9334,0.0,0.0,0.9334,0.0,0.0,0.0,2019-01-01
29,162,cha162,0.0,0.04272,0.0,0.0,0.04272,0.0,0.0,0.0,2019-01-01
30,165,cha165,0.0,0.4827,0.0,0.0,0.4827,0.0,0.0,0.0,2019-01-01
31,166,cha166,0.0,0.09231,0.0,0.0,0.09231,0.0,0.0,0.0,2019-01-01
32,167,cha167,0.0,0.7997,0.0,0.0,0.7997,0.0,0.0,0.0,2019-01-01
33,168,cha168,0.0,0.02124,0.0,0.0,0.02124,0.0,0.0,0.0,2019-01-01
34,169,cha169,0.0,0.3909,0.0,0.0,0.3909,0.0,0.0,0.0,2019-01-01
35,170,cha170,0.0,0.1852,0.0,0.0,0.1852,0.0,0.0,0.0,2019-01-01
36,171,cha171,0.0,0.1311,0.0,0.0,0.1311,0.0,0.0,0.0,2019-01-01
37,173,cha173,0.0,0.3155,0.0,0.0,0.3155,0.0,0.0,0.0,2019-01-01
1,29,cha029,0.0,0.0,0.0,0.0,0.0,0.0,0.0,0.0,2019-01-02
2,35,cha035,0.0,0.0,0.0,0.0,0.0,0.0,0.0,0.0,2019-01-02
3,37,cha037,0.0,0.0,0.0,0.0,0.0,0.0,0.0,0.0,2019-01-02
4,38,cha038,0.0,0.03829,0.0,0.0,0.03829,0.0,0.0,0.0,2019-01-02
5,39,cha039,0.0,0.0,0.0,0.0,0.0,0.0,0.0,0.0,2019-01-02
6,41,cha041,0.0,0.0,0.0,0.0,0.0,0.0,0.0,0.0,2019-01-02
7,43,cha043,0.0,0.0,0.0,0.0,0.0,0.0,0.0,0.0,2019-01-02
8,44,cha044,0.0,0.0,0.0,0.0,0.0,0.0,0.0,0.0,2019-01-02
9,45,cha045,0.0,0.0,0.0,0.0,0.0,0.0,0.0,0.0,2019-01-02
10,50,cha050,0.0,0.0,0.0,0.0,0.0,0.0,0.0,0.0,2019-01-02
11,51,cha051,0.0,0.0,0.0,0.0,0.0,0.0,0.0,0.0,2019-01-02
12,54,cha054,0.0,0.0,0.0,0.0,0.0,0.0,0.0,0.0,2019-01-02
13,57,cha057,0.0,0.1405,0.0,0.0,0.1405,0.0,0.0,0.0,2019-01-02
14,59,cha059,0.0,0.0,0.0,0.0,0.0,0.0,0.0,0.0,2019-01-02
15,64,cha064,0.0,0.1388,0.0,0.0,0.1388,0.0,0.0,0.0,2019-01-02
16,66,cha066,0.0,0.0,0.0,0.0,0.0,0.0,0.0,0.0,2019-01-02
17,70,cha070,0.0,0.0,0.0,0.0,0.0,0.0,0.0,0.0,2019-01-02
18,71,cha071,0.0,0.0,0.0,0.0,0.0,0.0,0.0,0.0,2019-01-02
19,74,cha074,0.0,0.0,0.0,0.0,0.0,0.0,0.0,0.0,2019-01-02
20,138,cha138,0.0,0.5539,0.0,0.0,0.5539,0.0,0.0,0.0,2019-01-02
21,141,cha141,0.0,0.2755,0.0,0.0,0.2755,0.0,0.0,0.0,2019-01-02
22,142,cha142,0.0,0.01976,0.0,0.0,0.01976,0.0,0.0,0.0,2019-01-02
23,146,cha146,0.0,0.06204,0.0,0.0,0.06204,0.0,0.0,0.0,2019-01-02
24,148,cha148,0.0,0.3287,0.0,0.0,0.3287,0.0,0.0,0.0,2019-01-02
25,153,cha153,0.0,1.117,0.0,0.0,1.117,0.0,0.0,0.0,2019-01-02
26,155,cha155,0.0,0.6594,0.0,0.0,0.6594,0.0,0.0,0.0,2019-01-02
27,158,cha158,0.0,0.3542,0.0,0.0,0.3542,0.0,0.0,0.0,2019-01-02
28,161,cha161,0.0,0.5626,0.0,0.0,0.5626,0.0,0.0,0.0,2019-01-02
29,162,cha162,0.0,0.02252,0.0,0.0,0.02252,0.0,0.0,0.0,2019-01-02
30,165,cha165,0.0,0.2743,0.0,0.0,0.2743,0.0,0.0,0.0,2019-01-02
31,166,cha166,0.0,0.0521,0.0,0.0,0.0521,0.0,0.0,0.0,2019-01-02
32,167,cha167,0.0,0.4876,0.0,0.0,0.4876,0.0,0.0,0.0,2019-01-02
33,168,cha168,0.0,0.01029,0.0,0.0,0.01029,0.0,0.0,0.0,2019-01-02
34,169,cha169,0.0,0.2271,0.0,0.0,0.2271,0.0,0.0,0.0,2019-01-02
35,170,cha170,0.0,0.09912,0.0,0.0,0.09912,0.0,0.0,0.0,2019-01-02
36,171,cha171,0.0,0.07157,0.0,0.0,0.07157,0.0,0.0,0.0,2019-01-02
37,173,cha173,0.0,0.1857,0.0,0.0,0.1857,0.0,0.0,0.0,2019-01-02
1,29,cha029,0.0,0.0,0.0,0.0,0.0,0.0,0.0,0.0,2019-01-03
2,35,cha035,0.0,0.0,0.0,0.0,0.0,0.0,0.0,0.0,2019-01-03
3,37,cha037,0.0,0.0,0.0,0.0,0.0,0.0,0.0,0.0,2019-01-03
4,38,cha038,0.0,0.03813,0.0,0.0,0.03813,0.0,0.0,0.0,2019-01-03
5,39,cha039,0.0,0.0,0.0,0.0,0.0,0.0,0.0,0.0,2019-01-03
6,41,cha041,0.0,0.0,0.0,0.0,0.0,0.0,0.0,0.0,2019-01-03
7,43,cha043,0.0,0.0,0.0,0.0,0.0,0.0,0.0,0.0,2019-01-03
8,44,cha044,0.0,0.0,0.0,0.0,0.0,0.0,0.0,0.0,2019-01-03
9,45,cha045,0.0,0.0,0.0,0.0,0.0,0.0,0.0,0.0,2019-01-03
10,50,cha050,0.0,0.0,0.0,0.0,0.0,0.0,0.0,0.0,2019-01-03
11,51,cha051,0.0,0.0,0.0,0.0,0.0,0.0,0.0,0.0,2019-01-03
12,54,cha054,0.0,0.0,0.0,0.0,0.0,0.0,0.0,0.0,2019-01-03
13,57,cha057,0.0,0.1368,0.0,0.0,0.1368,0.0,0.0,0.0,2019-01-03
14,59,cha059,0.0,0.0,0.0,0.0,0.0,0.0,0.0,0.0,2019-01-03
15,64,cha064,0.0,0.1357,0.0,0.0,0.1357,0.0,0.0,0.0,2019-01-03
16,66,cha066,0.0,0.0,0.0,0.0,0.0,0.0,0.0,0.0,2019-01-03
17,70,cha070,0.0,0.0,0.0,0.0,0.0,0.0,0.0,0.0,2019-01-03
18,71,cha071,0.0,0.0,0.0,0.0,0.0,0.0,0.0,0.0,2019-01-03
19,74,cha074,0.0,0.0,0.0,0.0,0.0,0.0,0.0,0.0,2019-01-03
20,138,cha138,0.0,1.014,0.0,0.0,1.014,0.0,0.0,0.0,2019-01-03
21,141,cha141,0.0,0.5906,0.0,0.0,0.5906,0.0,0.0,0.0,2019-01-03
22,142,cha142,0.0,0.09006,0.0,0.0,0.09006,0.0,0.0,0.0,2019-01-03
23,146,cha146,0.0,0.2535,0.0,0.0,0.2535,0.0,0.0,0.0,2019-01-03
24,148,cha148,0.0,0.8095,0.0,0.0,0.8095,0.0,0.0,0.0,2019-01-03
25,153,cha153,0.0,2.188,0.0,0.0,2.188,0.0,0.0,0.0,2019-01-03
26,155,cha155,0.0,1.858,0.0,0.0,1.858,0.0,0.0,0.0,2019-01-03
27,158,cha158,0.0,0.7055,0.0,0.0,0.7055,0.0,0.0,0.0,2019-01-03
28,161,cha161,0.0,1.165,0.0,0.0,1.165,0.0,0.0,0.0,2019-01-03
29,162,cha162,0.0,0.05382,0.0,0.0,0.05382,0.0,0.0,0.0,2019-01-03
30,165,cha165,0.0,0.5106,0.0,0.0,0.5106,0.0,0.0,0.0,2019-01-03
31,166,cha166,0.0,0.04523,0.0,0.0,0.04523,0.0,0.0,0.0,2019-01-03
32,167,cha167,0.0,0.9141,0.0,0.0,0.9141,0.0,0.0,0.0,2019-01-03
33,168,cha168,0.0,0.0336,0.0,0.0,0.0336,0.0,0.0,0.0,2019-01-03
34,169,cha169,0.0,0.3618,0.0,0.0,0.3618,0.0,0.0,0.0,2019-01-03
35,170,cha170,0.0,0.1174,0.0,0.0,0.1174,0.0,0.0,0.0,2019-01-03
36,171,cha171,0.0,0.07976,0.0,0.0,0.07976,0.0,0.0,0.0,2019-01-03
37,173,cha173,0.0,0.2453,0.0,0.0,0.2453,0.0,0.0,0.0,2019-01-03
1,29,cha029,0.0,0.0,0.0,0.0,0.0,0.0,0.0,0.0,2019-01-04
2,35,cha035,0.0,0.0,0.0,0.0,0.0,0.0,0.0,0.0,2019-01-04
3,37,cha037,0.0,0.0,0.0,0.0,0.0,0.0,0.0,0.0,2019-01-04
4,38,cha038,0.0,0.03799,0.0,0.0,0.03799,0.0,0.0,0.0,2019-01-04
5,39,cha039,0.0,0.0,0.0,0.0,0.0,0.0,0.0,0.0,2019-01-04
6,41,cha041,0.0,0.0,0.0,0.0,0.0,0.0,0.0,0.0,2019-01-04
7,43,cha043,0.0,0.0,0.0,0.0,0.0,0.0,0.0,0.0,2019-01-04
8,44,cha044,0.0,0.0,0.0,0.0,0.0,0.0,0.0,0.0,2019-01-04
9,45,cha045,0.0,0.0,0.0,0.0,0.0,0.0,0.0,0.0,2019-01-04
10,50,cha050,0.0,0.0,0.0,0.0,0.0,0.0,0.0,0.0,2019-01-04
11,51,cha051,0.0,0.0,0.0,0.0,0.0,0.0,0.0,0.0,2019-01-04
12,54,cha054,0.0,0.0,0.0,0.0,0.0,0.0,0.0,0.0,2019-01-04
13,57,cha057,0.0,0.1331,0.0,0.0,0.1331,0.0,0.0,0.0,2019-01-04
14,59,cha059,0.0,0.0,0.0,0.0,0.0,0.0,0.0,0.0,2019-01-04
15,64,cha064,0.0,0.1326,0.0,0.0,0.1326,0.0,0.0,0.0,2019-01-04
16,66,cha066,0.0,0.0,0.0,0.0,0.0,0.0,0.0,0.0,2019-01-04
17,70,cha070,0.0,0.0,0.0,0.0,0.0,0.0,0.0,0.0,2019-01-04
18,71,cha071,0.0,0.0,0.0,0.0,0.0,0.0,0.0,0.0,2019-01-04
19,74,cha074,0.0,0.0,0.0,0.0,0.0,0.0,0.0,0.0,2019-01-04
20,138,cha138,0.0,0.6395,0.0,0.0,0.6395,0.0,0.0,0.0,2019-01-04
21,141,cha141,0.0,0.3379,0.0,0.0,0.3379,0.0,0.0,0.0,2019-01-04
22,142,cha142,0.0,0.04736,0.0,0.0,0.04736,0.0,0.0,0.0,2019-01-04
23,146,cha146,0.0,0.1293,0.0,0.0,0.1293,0.0,0.0,0.0,2019-01-04
24,148,cha148,0.0,0.4489,0.0,0.0,0.4489,0.0,0.0,0.0,2019-01-04
25,153,cha153,0.0,1.254,0.0,0.0,1.254,0.0,0.0,0.0,2019-01-04
26,155,cha155,0.0,1.003,0.0,0.0,1.003,0.0,0.0,0.0,2019-01-04
27,158,cha158,0.0,0.3784,0.0,0.0,0.3784,0.0,0.0,0.0,2019-01-04
28,161,cha161,0.0,0.6567,0.0,0.0,0.6567,0.0,0.0,0.0,2019-01-04
29,162,cha162,0.0,0.02832,0.0,0.0,0.02832,0.0,0.0,0.0,2019-01-04
30,165,cha165,0.0,0.2818,0.0,0.0,0.2818,0.0,0.0,0.0,2019-01-04
31,166,cha166,0.0,0.02581,0.0,0.0,0.02581,0.0,0.0,0.0,2019-01-04
32,167,cha167,0.0,0.5292,0.0,0.0,0.5292,0.0,0.0,0.0,2019-01-04
33,168,cha168,0.0,0.01612,0.0,0.0,0.01612,0.0,0.0,0.0,2019-01-04
34,169,cha169,0.0,0.2082,0.0,0.0,0.2082,0.0,0.0,0.0,2019-01-04
35,170,cha170,0.0,0.062,0.0,0.0,0.062,0.0,0.0,0.0,2019-01-04
36,171,cha171,0.0,0.0428,0.0,0.0,0.0428,0.0,0.0,0.0,2019-01-04
37,173,cha173,0.0,0.1469,0.0,0.0,0.1469,0.0,0.0,0.0,2019-01-04
1,29,cha029,0.0,0.0,0.0,0.0,0.0,0.0,0.0,0.0,2019-01-05
2,35,cha035,0.0,0.0,0.0,0.0,0.0,0.0,0.0,0.0,2019-01-05
3,37,cha037,0.0,0.0,0.0,0.0,0.0,0.0,0.0,0.0,2019-01-05
4,38,cha038,0.0,0.038,0.0,0.0,0.038,0.0,0.0,0.0,2019-01-05
5,39,cha039,0.0,0.0,0.0,0.0,0.0,0.0,0.0,0.0,2019-01-05
6,41,cha041,0.0,0.0,0.0,0.0,0.0,0.0,0.0,0.0,2019-01-05
7,43,cha043,0.0,0.0,0.0,0.0,0.0,0.0,0.0,0.0,2019-01-05
8,44,cha044,0.0,0.0,0.0,0.0,0.0,0.0,0.0,0.0,2019-01-05
9,45,cha045,0.0,0.0,0.0,0.0,0.0,0.0,0.0,0.0,2019-01-05
10,50,cha050,0.0,0.0,0.0,0.0,0.0,0.0,0.0,0.0,2019-01-05
11,51,cha051,0.0,0.0,0.0,0.0,0.0,0.0,0.0,0.0,2019-01-05
12,54,cha054,0.0,0.0,0.0,0.0,0.0,0.0,0.0,0.0,2019-01-05
13,57,cha057,0.0,0.1295,0.0,0.0,0.1295,0.0,0.0,0.0,2019-01-05
14,59,cha059,0.0,0.0,0.0,0.0,0.0,0.0,0.0,0.0,2019-01-05
15,64,cha064,0.0,0.1296,0.0,0.0,0.1296,0.0,0.0,0.0,2019-01-05
16,66,cha066,0.0,0.0,0.0,0.0,0.0,0.0,0.0,0.0,2019-01-05
17,70,cha070,0.0,0.0,0.0,0.0,0.0,0.0,0.0,0.0,2019-01-05
18,71,cha071,0.0,0.0,0.0,0.0,0.0,0.0,0.0,0.0,2019-01-05
19,74,cha074,0.0,0.0,0.0,0.0,0.0,0.0,0.0,0.0,2019-01-05
20,138,cha138,0.0,0.4363,0.0,0.0,0.4363,0.0,0.0,0.0,2019-01-05
21,141,cha141,0.0,0.1974,0.0,0.0,0.1974,0.0,0.0,0.0,2019-01-05
22,142,cha142,0.0,0.02494,0.0,0.0,0.02494,0.0,0.0,0.0,2019-01-05
23,146,cha146,0.0,0.06704,0.0,0.0,0.06704,0.0,0.0,0.0,2019-01-05
24,148,cha148,0.0,0.2551,0.0,0.0,0.2551,0.0,0.0,0.0,2019-01-05
25,153,cha153,0.0,0.7914,0.0,0.0,0.7914,0.0,0.0,0.0,2019-01-05
26,155,cha155,0.0,0.5896,0.0,0.0,0.5896,0.0,0.0,0.0,2019-01-05
27,158,cha158,0.0,0.2173,0.0,0.0,0.2173,0.0,0.0,0.0,2019-01-05
28,161,cha161,0.0,0.4038,0.0,0.0,0.4038,0.0,0.0,0.0,2019-01-05
29,162,cha162,0.0,0.015,0.0,0.0,0.015,0.0,0.0,0.0,2019-01-05
30,165,cha165,0.0,0.1667,0.0,0.0,0.1667,0.0,0.0,0.0,2019-01-05
31,166,cha166,0.0,0.01498,0.0,0.0,0.01498,0.0,0.0,0.0,2019-01-05
32,167,cha167,0.0,0.3366,0.0,0.0,0.3366,0.0,0.0,0.0,2019-01-05
33,168,cha168,0.0,0.007868,0.0,0.0,0.007868,0.0,0.0,0.0,2019-01-05
34,169,cha169,0.0,0.1294,0.0,0.0,0.1294,0.0,0.0,0.0,2019-01-05
35,170,cha170,0.0,0.03363,0.0,0.0,0.03363,0.0,0.0,0.0,2019-01-05
36,171,cha171,0.0,0.02353,0.0,0.0,0.02353,0.0,0.0,0.0,2019-01-05
37,173,cha173,0.0,0.0965,0.0,0.0,0.0965,0.0,0.0,0.0,2019-01-05
1,29,cha029,0.0,0.0,0.0,0.0,0.0,0.0,0.0,0.0,2019-01-06
2,35,cha035,0.0,0.0,0.0,0.0,0.0,0.0,0.0,0.0,2019-01-06
3,37,cha037,0.0,0.0,0.0,0.0,0.0,0.0,0.0,0.0,2019-01-06
4,38,cha038,0.0,0.03824,0.0,0.0,0.03824,0.0,0.0,0.0,2019-01-06
5,39,cha039,0.0,0.0,0.0,0.0,0.0,0.0,0.0,0.0,2019-01-06
6,41,cha041,0.0,0.0,0.0,0.0,0.0,0.0,0.0,0.0,2019-01-06
7,43,cha043,0.0,0.0,0.0,0.0,0.0,0.0,0.0,0.0,2019-01-06
8,44,cha044,0.0,0.0,0.0,0.0,0.0,0.0,0.0,0.0,2019-01-06
9,45,cha045,0.0,0.0,0.0,0.0,0.0,0.0,0.0,0.0,2019-01-06
10,50,cha050,0.0,0.0,0.0,0.0,0.0,0.0,0.0,0.0,2019-01-06
11,51,cha051,0.0,0.0,0.0,0.0,0.0,0.0,0.0,0.0,2019-01-06
12,54,cha054,0.0,0.0,0.0,0.0,0.0,0.0,0.0,0.0,2019-01-06
13,57,cha057,0.0,0.126,0.0,0.0,0.126,0.0,0.0,0.0,2019-01-06
14,59,cha059,0.0,0.0,0.0,0.0,0.0,0.0,0.0,0.0,2019-01-06
15,64,cha064,0.0,0.1266,0.0,0.0,0.1266,0.0,0.0,0.0,2019-01-06
16,66,cha066,0.0,0.0,0.0,0.0,0.0,0.0,0.0,0.0,2019-01-06
17,70,cha070,0.0,0.0,0.0,0.0,0.0,0.0,0.0,0.0,2019-01-06
18,71,cha071,0.0,0.0,0.0,0.0,0.0,0.0,0.0,0.0,2019-01-06
19,74,cha074,0.0,0.0,0.0,0.0,0.0,0.0,0.0,0.0,2019-01-06
20,138,cha138,0.0,0.3219,0.0,0.0,0.3219,0.0,0.0,0.0,2019-01-06
21,141,cha141,0.0,0.1171,0.0,0.0,0.1171,0.0,0.0,0.0,2019-01-06
22,142,cha142,0.0,0.01317,0.0,0.0,0.01317,0.0,0.0,0.0,2019-01-06
23,146,cha146,0.0,0.03536,0.0,0.0,0.03536,0.0,0.0,0.0,2019-01-06
24,148,cha148,0.0,0.1478,0.0,0.0,0.1478,0.0,0.0,0.0,2019-01-06
25,153,cha153,0.0,0.4723,0.0,0.0,0.4723,0.0,0.0,0.0,2019-01-06
26,155,cha155,0.0,0.3018,0.0,0.0,0.3018,0.0,0.0,0.0,2019-01-06
27,158,cha158,0.0,0.1368,0.0,0.0,0.1368,0.0,0.0,0.0,2019-01-06
28,161,cha161,0.0,0.1911,0.0,0.0,0.1911,0.0,0.0,0.0,2019-01-06
29,162,cha162,0.0,0.008051,0.0,0.0,0.008051,0.0,0.0,0.0,2019-01-06
30,165,cha165,0.0,0.1091,0.0,0.0,0.1091,0.0,0.0,0.0,2019-01-06
31,166,cha166,0.0,0.008997,0.0,0.0,0.008997,0.0,0.0,0.0,2019-01-06
32,167,cha167,0.0,0.1544,0.0,0.0,0.1544,0.0,0.0,0.0,2019-01-06
33,168,cha168,0.0,0.003976,0.0,0.0,0.003976,0.0,0.0,0.0,2019-01-06
34,169,cha169,0.0,0.08954,0.0,0.0,0.08954,0.0,0.0,0.0,2019-01-06
35,170,cha170,0.0,0.01981,0.0,0.0,0.01981,0.0,0.0,0.0,2019-01-06
36,171,cha171,0.0,0.0142,0.0,0.0,0.0142,0.0,0.0,0.0,2019-01-06
37,173,cha173,0.0,0.0716,0.0,0.0,0.0716,0.0,0.0,0.0,2019-01-06
1,29,cha029,0.0,0.0,0.0,0.0,0.0,0.0,0.0,0.0,2019-01-07
2,35,cha035,0.0,0.0,0.0,0.0,0.0,0.0,0.0,0.0,2019-01-07
3,37,cha037,0.0,0.0,0.0,0.0,0.0,0.0,0.0,0.0,2019-01-07
4,38,cha038,0.0,0.03845,0.0,0.0,0.03845,0.0,0.0,0.0,2019-01-07
5,39,cha039,0.0,0.0,0.0,0.0,0.0,0.0,0.0,0.0,2019-01-07
6,41,cha041,0.0,0.0,0.0,0.0,0.0,0.0,0.0,0.0,2019-01-07
7,43,cha043,0.0,0.0,0.0,0.0,0.0,0.0,0.0,0.0,2019-01-07
8,44,cha044,0.0,0.0,0.0,0.0,0.0,0.0,0.0,0.0,2019-01-07
9,45,cha045,0.0,0.0,0.0,0.0,0.0,0.0,0.0,0.0,2019-01-07
10,50,cha050,0.0,0.0,0.0,0.0,0.0,0.0,0.0,0.0,2019-01-07
11,51,cha051,0.0,0.0,0.0,0.0,0.0,0.0,0.0,0.0,2019-01-07
12,54,cha054,0.0,0.0,0.0,0.0,0.0,0.0,0.0,0.0,2019-01-07
13,57,cha057,0.0,0.1225,0.0,0.0,0.1225,0.0,0.0,0.0,2019-01-07
14,59,cha059,0.0,0.0,0.0,0.0,0.0,0.0,0.0,0.0,2019-01-07
15,64,cha064,0.0,0.1237,0.0,0.0,0.1237,0.0,0.0,0.0,2019-01-07
16,66,cha066,0.0,0.0,0.0,0.0,0.0,0.0,0.0,0.0,2019-01-07
17,70,cha070,0.0,0.0,0.0,0.0,0.0,0.0,0.0,0.0,2019-01-07
18,71,cha071,0.0,0.0,0.0,0.0,0.0,0.0,0.0,0.0,2019-01-07
19,74,cha074,0.0,0.0,0.0,0.0,0.0,0.0,0.0,0.0,2019-01-07
20,138,cha138,0.0,0.2555,0.0,0.0,0.2555,0.0,0.0,0.0,2019-01-07
21,141,cha141,0.0,0.07048,0.0,0.0,0.07048,0.0,0.0,0.0,2019-01-07
22,142,cha142,0.0,0.006994,0.0,0.0,0.006994,0.0,0.0,0.0,2019-01-07
23,146,cha146,0.0,0.019,0.0,0.0,0.019,0.0,0.0,0.0,2019-01-07
24,148,cha148,0.0,0.08718,0.0,0.0,0.08718,0.0,0.0,0.0,2019-01-07
25,153,cha153,0.0,0.3522,0.0,0.0,0.3522,0.0,0.0,0.0,2019-01-07
26,155,cha155,0.0,0.2022,0.0,0.0,0.2022,0.0,0.0,0.0,2019-01-07
27,158,cha158,0.0,0.09451,0.0,0.0,0.09451,0.0,0.0,0.0,2019-01-07
28,161,cha161,0.0,0.1267,0.0,0.0,0.1267,0.0,0.0,0.0,2019-01-07
29,162,cha162,0.0,0.00442,0.0,0.0,0.00442,0.0,0.0,0.0,2019-01-07
30,165,cha165,0.0,0.07872,0.0,0.0,0.07872,0.0,0.0,0.0,2019-01-07
31,166,cha166,0.0,0.005596,0.0,0.0,0.005596,0.0,0.0,0.0,2019-01-07
32,167,cha167,0.0,0.1059,0.0,0.0,0.1059,0.0,0.0,0.0,2019-01-07
33,168,cha168,0.0,0.00214,0.0,0.0,0.00214,0.0,0.0,0.0,2019-01-07
34,169,cha169,0.0,0.06793,0.0,0.0,0.06793,0.0,0.0,0.0,2019-01-07
35,170,cha170,0.0,0.01181,0.0,0.0,0.01181,0.0,0.0,0.0,2019-01-07
36,171,cha171,0.0,0.00842,0.0,0.0,0.00842,0.0,0.0,0.0,2019-01-07
37,173,cha173,0.0,0.05799,0.0,0.0,0.05799,0.0,0.0,0.0,2019-01-07
1,29,cha029,0.0,0.0,0.0,0.0,0.0,0.0,0.0,0.0,2019-01-08
2,35,cha035,0.0,0.0,0.0,0.0,0.0,0.0,0.0,0.0,2019-01-08
3,37,cha037,0.0,0.0,0.0,0.0,0.0,0.0,0.0,0.0,2019-01-08
4,38,cha038,0.0,0.03866,0.0,0.0,0.03866,0.0,0.0,0.0,2019-01-08
5,39,cha039,0.0,0.0,0.0,0.0,0.0,0.0,0.0,0.0,2019-01-08
6,41,cha041,0.0,0.0,0.0,0.0,0.0,0.0,0.0,0.0,2019-01-08
7,43,cha043,0.0,0.0,0.0,0.0,0.0,0.0,0.0,0.0,2019-01-08
8,44,cha044,0.0,0.0,0.0,0.0,0.0,0.0,0.0,0.0,2019-01-08
9,45,cha045,0.0,0.0,0.0,0.0,0.0,0.0,0.0,0.0,2019-01-08
10,50,cha050,0.0,0.0,0.0,0.0,0.0,0.0,0.0,0.0,2019-01-08
11,51,cha051,0.0,0.0,0.0,0.0,0.0,0.0,0.0,0.0,2019-01-08
12,54,cha054,0.0,0.0,0.0,0.0,0.0,0.0,0.0,0.0,2019-01-08
13,57,cha057,0.0,0.1192,0.0,0.0,0.1192,0.0,0.0,0.0,2019-01-08
14,59,cha059,0.0,0.0,0.0,0.0,0.0,0.0,0.0,0.0,2019-01-08
15,64,cha064,0.0,0.1207,0.0,0.0,0.1207,0.0,0.0,0.0,2019-01-08
16,66,cha066,0.0,0.0,0.0,0.0,0.0,0.0,0.0,0.0,2019-01-08
17,70,cha070,0.0,0.0,0.0,0.0,0.0,0.0,0.0,0.0,2019-01-08
18,71,cha071,0.0,0.0,0.0,0.0,0.0,0.0,0.0,0.0,2019-01-08
19,74,cha074,0.0,0.0,0.0,0.0,0.0,0.0,0.0,0.0,2019-01-08
20,138,cha138,0.0,0.2158,0.0,0.0,0.2158,0.0,0.0,0.0,2019-01-08
21,141,cha141,0.0,0.04309,0.0,0.0,0.04309,0.0,0.0,0.0,2019-01-08
22,142,cha142,0.0,0.00375,0.0,0.0,0.00375,0.0,0.0,0.0,2019-01-08
23,146,cha146,0.0,0.01045,0.0,0.0,0.01045,0.0,0.0,0.0,2019-01-08
24,148,cha148,0.0,0.05238,0.0,0.0,0.05238,0.0,0.0,0.0,2019-01-08
25,153,cha153,0.0,0.2889,0.0,0.0,0.2889,0.0,0.0,0.0,2019-01-08
26,155,cha155,0.0,0.1526,0.0,0.0,0.1526,0.0,0.0,0.0,2019-01-08
27,158,cha158,0.0,0.07252,0.0,0.0,0.07252,0.0,0.0,0.0,2019-01-08
28,161,cha161,0.0,0.09355,0.0,0.0,0.09355,0.0,0.0,0.0,2019-01-08
29,162,cha162,0.0,0.002525,0.0,0.0,0.002525,0.0,0.0,0.0,2019-01-08
30,165,cha165,0.0,0.06307,0.0,0.0,0.06307,0.0,0.0,0.0,2019-01-08
31,166,cha166,0.0,0.003699,0.0,0.0,0.003699,0.0,0.0,0.0,2019-01-08
32,167,cha167,0.0,0.08133,0.0,0.0,0.08133,0.0,0.0,0.0,2019-01-08
33,168,cha168,0.0,0.001274,0.0,0.0,0.001274,0.0,0.0,0.0,2019-01-08
34,169,cha169,0.0,0.05664,0.0,0.0,0.05664,0.0,0.0,0.0,2019-01-08
35,170,cha170,0.0,0.007633,0.0,0.0,0.007633,0.0,0.0,0.0,2019-01-08
36,171,cha171,0.0,0.005344,0.0,0.0,0.005344,0.0,0.0,0.0,2019-01-08
37,173,cha173,0.0,0.05102,0.0,0.0,0.05102,0.0,0.0,0.0,2019-01-08
1,29,cha029,0.0,0.0,0.0,0.0,0.0,0.0,0.0,0.0,2019-01-09
2,35,cha035,0.0,0.0,0.0,0.0,0.0,0.0,0.0,0.0,2019-01-09
3,37,cha037,0.0,0.0,0.0,0.0,0.0,0.0,0.0,0.0,2019-01-09
4,38,cha038,0.0,0.03866,0.0,0.0,0.03866,0.0,0.0,0.0,2019-01-09
5,39,cha039,0.0,0.0,0.0,0.0,0.0,0.0,0.0,0.0,2019-01-09
6,41,cha041,0.0,0.0,0.0,0.0,0.0,0.0,0.0,0.0,2019-01-09
7,43,cha043,0.0,0.0,0.0,0.0,0.0,0.0,0.0,0.0,2019-01-09
8,44,cha044,0.0,0.0,0.0,0.0,0.0,0.0,0.0,0.0,2019-01-09
9,45,cha045,0.0,0.0,0.0,0.0,0.0,0.0,0.0,0.0,2019-01-09
10,50,cha050,0.0,0.0,0.0,0.0,0.0,0.0,0.0,0.0,2019-01-09
11,51,cha051,0.0,0.0,0.0,0.0,0.0,0.0,0.0,0.0,2019-01-09
12,54,cha054,0.0,0.0,0.0,0.0,0.0,0.0,0.0,0.0,2019-01-09
13,57,cha057,0.0,0.1159,0.0,0.0,0.1159,0.0,0.0,0.0,2019-01-09
14,59,cha059,0.0,0.0,0.0,0.0,0.0,0.0,0.0,0.0,2019-01-09
15,64,cha064,0.0,0.1179,0.0,0.0,0.1179,0.0,0.0,0.0,2019-01-09
16,66,cha066,0.0,0.0,0.0,0.0,0.0,0.0,0.0,0.0,2019-01-09
17,70,cha070,0.0,0.0,0.0,0.0,0.0,0.0,0.0,0.0,2019-01-09
18,71,cha071,0.0,0.0,0.0,0.0,0.0,0.0,0.0,0.0,2019-01-09
19,74,cha074,0.0,0.0,0.0,0.0,0.0,0.0,0.0,0.0,2019-01-09
20,138,cha138,0.0,0.1911,0.0,0.0,0.1911,0.0,0.0,0.0,2019-01-09
21,141,cha141,0.0,0.02683,0.0,0.0,0.02683,0.0,0.0,0.0,2019-01-09
22,142,cha142,0.0,0.002046,0.0,0.0,0.002046,0.0,0.0,0.0,2019-01-09
23,146,cha146,0.0,0.005932,0.0,0.0,0.005932,0.0,0.0,0.0,2019-01-09
24,148,cha148,0.0,0.03219,0.0,0.0,0.03219,0.0,0.0,0.0,2019-01-09
25,153,cha153,0.0,0.2545,0.0,0.0,0.2545,0.0,0.0,0.0,2019-01-09
26,155,cha155,0.0,0.128,0.0,0.0,0.128,0.0,0.0,0.0,2019-01-09
27,158,cha158,0.0,0.06083,0.0,0.0,0.06083,0.0,0.0,0.0,2019-01-09
28,161,cha161,0.0,0.0765,0.0,0.0,0.0765,0.0,0.0,0.0,2019-01-09
29,162,cha162,0.0,0.001535,0.0,0.0,0.001535,0.0,0.0,0.0,2019-01-09
30,165,cha165,0.0,0.05479,0.0,0.0,0.05479,0.0,0.0,0.0,2019-01-09
31,166,cha166,0.0,0.002639,0.0,0.0,0.002639,0.0,0.0,0.0,2019-01-09
32,167,cha167,0.0,0.06892,0.0,0.0,0.06892,0.0,0.0,0.0,2019-01-09
33,168,cha168,0.0,0.0008648,0.0,0.0,0.0008648,0.0,0.0,0.0,2019-01-09
34,169,cha169,0.0,0.05055,0.0,0.0,0.05055,0.0,0.0,0.0,2019-01-09
35,170,cha170,0.0,0.005434,0.0,0.0,0.005434,0.0,0.0,0.0,2019-01-09
36,171,cha171,0.0,0.003695,0.0,0.0,0.003695,0.0,0.0,0.0,2019-01-09
37,173,cha173,0.0,0.04728,0.0,0.0,0.04728,0.0,0.0,0.0,2019-01-09
1,29,cha029,0.0,0.0,0.0,0.0,0.0,0.0,0.0,0.0,2019-01-10
2,35,cha035,0.0,0.0,0.0,0.0,0.0,0.0,0.0,0.0,2019-01-10
3,37,cha037,0.0,0.0,0.0,0.0,0.0,0.0,0.0,0.0,2019-01-10
4,38,cha038,0.0,0.03866,0.0,0.0,0.03866,0.0,0.0,0.0,2019-01-10
5,39,cha039,0.0,0.0,0.0,0.0,0.0,0.0,0.0,0.0,2019-01-10
6,41,cha041,0.0,0.0,0.0,0.0,0.0,0.0,0.0,0.0,2019-01-10
7,43,cha043,0.0,0.0,0.0,0.0,0.0,0.0,0.0,0.0,2019-01-10
8,44,cha044,0.0,0.0,0.0,0.0,0.0,0.0,0.0,0.0,2019-01-10
9,45,cha045,0.0,0.0,0.0,0.0,0.0,0.0,0.0,0.0,2019-01-10
10,50,cha050,0.0,0.0,0.0,0.0,0.0,0.0,0.0,0.0,2019-01-10
11,51,cha051,0.0,0.0,0.0,0.0,0.0,0.0,0.0,0.0,2019-01-10
12,54,cha054,0.0,0.0,0.0,0.0,0.0,0.0,0.0,0.0,2019-01-10
13,57,cha057,0.0,0.0,0.0,0.0,0.0,0.0,0.0,0.0,2019-01-10
14,59,cha059,0.0,0.0,0.0,0.0,0.0,0.0,0.0,0.0,2019-01-10
15,64,cha064,0.0,0.115,0.0,0.0,0.115,0.0,0.0,0.0,2019-01-10
16,66,cha066,0.0,0.0,0.0,0.0,0.0,0.0,0.0,0.0,2019-01-10
17,70,cha070,0.0,0.0,0.0,0.0,0.0,0.0,0.0,0.0,2019-01-10
18,71,cha071,0.0,0.0,0.0,0.0,0.0,0.0,0.0,0.0,2019-01-10
19,74,cha074,0.0,0.0,0.0,0.0,0.0,0.0,0.0,0.0,2019-01-10
20,138,cha138,0.0,0.1751,0.0,0.0,0.1751,0.0,0.0,0.0,2019-01-10
21,141,cha141,0.0,0.01712,0.0,0.0,0.01712,0.0,0.0,0.0,2019-01-10
22,142,cha142,0.0,0.001152,0.0,0.0,0.001152,0.0,0.0,0.0,2019-01-10
23,146,cha146,0.0,0.00353,0.0,0.0,0.00353,0.0,0.0,0.0,2019-01-10
24,148,cha148,0.0,0.02036,0.0,0.0,0.02036,0.0,0.0,0.0,2019-01-10
25,153,cha153,0.0,0.1228,0.0,0.0,0.1228,0.0,0.0,0.0,2019-01-10
26,155,cha155,0.0,0.116,0.0,0.0,0.116,0.0,0.0,0.0,2019-01-10
27,158,cha158,0.0,0.05463,0.0,0.0,0.05463,0.0,0.0,0.0,2019-01-10
28,161,cha161,0.0,0.06795,0.0,0.0,0.06795,0.0,0.0,0.0,2019-01-10
29,162,cha162,0.0,0.001018,0.0,0.0,0.001018,0.0,0.0,0.0,2019-01-10
30,165,cha165,0.0,0.05045,0.0,0.0,0.05045,0.0,0.0,0.0,2019-01-10
31,166,cha166,0.0,0.002047,0.0,0.0,0.002047,0.0,0.0,0.0,2019-01-10
32,167,cha167,0.0,0.06293,0.0,0.0,0.06293,0.0,0.0,0.0,2019-01-10
33,168,cha168,0.0,0.000672,0.0,0.0,0.000672,0.0,0.0,0.0,2019-01-10
34,169,cha169,0.0,0.04731,0.0,0.0,0.04731,0.0,0.0,0.0,2019-01-10
35,170,cha170,0.0,0.004274,0.0,0.0,0.004274,0.0,0.0,0.0,2019-01-10
36,171,cha171,0.0,0.002809,0.0,0.0,0.002809,0.0,0.0,0.0,2019-01-10
37,173,cha173,0.0,0.04532,0.0,0.0,0.04532,0.0,0.0,0.0,2019-01-10
1,29,cha029,0.0,0.0,0.0,0.0,0.0,0.0,0.0,0.0,2019-01-11
2,35,cha035,0.0,0.0,0.0,0.0,0.0,0.0,0.0,0.0,2019-01-11
3,37,cha037,0.0,0.0,0.0,0.0,0.0,0.0,0.0,0.0,2019-01-11
4,38,cha038,0.0,0.03866,0.0,0.0,0.03866,0.0,0.0,0.0,2019-01-11
5,39,cha039,0.0,0.0,0.0,0.0,0.0,0.0,0.0,0.0,2019-01-11
6,41,cha041,0.0,0.0,0.0,0.0,0.0,0.0,0.0,0.0,2019-01-11
7,43,cha043,0.0,0.0,0.0,0.0,0.0,0.0,0.0,0.0,2019-01-11
8,44,cha044,0.0,0.0,0.0,0.0,0.0,0.0,0.0,0.0,2019-01-11
9,45,cha045,0.0,0.0,0.0,0.0,0.0,0.0,0.0,0.0,2019-01-11
10,50,cha050,0.0,0.0,0.0,0.0,0.0,0.0,0.0,0.0,2019-01-11
11,51,cha051,0.0,0.0,0.0,0.0,0.0,0.0,0.0,0.0,2019-01-11
12,54,cha054,0.0,0.0,0.0,0.0,0.0,0.0,0.0,0.0,2019-01-11
13,57,cha057,0.0,0.0,0.0,0.0,0.0,0.0,0.0,0.0,2019-01-11
14,59,cha059,0.0,0.0,0.0,0.0,0.0,0.0,0.0,0.0,2019-01-11
15,64,cha064,0.0,0.1122,0.0,0.0,0.1122,0.0,0.0,0.0,2019-01-11
16,66,cha066,0.0,0.0,0.0,0.0,0.0,0.0,0.0,0.0,2019-01-11
17,70,cha070,0.0,0.0,0.0,0.0,0.0,0.0,0.0,0.0,2019-01-11
18,71,cha071,0.0,0.0,0.0,0.0,0.0,0.0,0.0,0.0,2019-01-11
19,74,cha074,0.0,0.0,0.0,0.0,0.0,0.0,0.0,0.0,2019-01-11
20,138,cha138,0.0,0.1642,0.0,0.0,0.1642,0.0,0.0,0.0,2019-01-11
21,141,cha141,0.0,0.01128,0.0,0.0,0.01128,0.0,0.0,0.0,2019-01-11
22,142,cha142,0.0,0.0006821,0.0,0.0,0.0006821,0.0,0.0,0.0,2019-01-11
23,146,cha146,0.0,0.002245,0.0,0.0,0.002245,0.0,0.0,0.0,2019-01-11
24,148,cha148,0.0,0.01338,0.0,0.0,0.01338,0.0,0.0,0.0,2019-01-11
25,153,cha153,0.0,0.1149,0.0,0.0,0.1149,0.0,0.0,0.0,2019-01-11
26,155,cha155,0.0,0.1105,0.0,0.0,0.1105,0.0,0.0,0.0,2019-01-11
27,158,cha158,0.0,0.05133,0.0,0.0,0.05133,0.0,0.0,0.0,2019-01-11
28,161,cha161,0.0,0.06388,0.0,0.0,0.06388,0.0,0.0,0.0,2019-01-11
29,162,cha162,0.0,0.0007481,0.0,0.0,0.0007481,0.0,0.0,0.0,2019-01-11
30,165,cha165,0.0,0.04816,0.0,0.0,0.04816,0.0,0.0,0.0,2019-01-11
31,166,cha166,0.0,0.001717,0.0,0.0,0.001717,0.0,0.0,0.0,2019-01-11
32,167,cha167,0.0,0.06027,0.0,0.0,0.06027,0.0,0.0,0.0,2019-01-11
33,168,cha168,0.0,0.0005811,0.0,0.0,0.0005811,0.0,0.0,0.0,2019-01-11
34,169,cha169,0.0,0.04557,0.0,0.0,0.04557,0.0,0.0,0.0,2019-01-11
35,170,cha170,0.0,0.003659,0.0,0.0,0.003659,0.0,0.0,0.0,2019-01-11
36,171,cha171,0.0,0.002332,0.0,0.0,0.002332,0.0,0.0,0.0,2019-01-11
37,173,cha173,0.0,0.04429,0.0,0.0,0.04429,0.0,0.0,0.0,2019-01-11
1,29,cha029,0.0,0.0,0.0,0.0,0.0,0.0,0.0,0.0,2019-01-12
2,35,cha035,0.0,0.0,0.0,0.0,0.0,0.0,0.0,0.0,2019-01-12
3,37,cha037,0.0,0.0,0.0,0.0,0.0,0.0,0.0,0.0,2019-01-12
4,38,cha038,0.0,0.03865,0.0,0.0,0.03865,0.0,0.0,0.0,2019-01-12
5,39,cha039,0.0,0.0,0.0,0.0,0.0,0.0,0.0,0.0,2019-01-12
6,41,cha041,0.0,0.0,0.0,0.0,0.0,0.0,0.0,0.0,2019-01-12
7,43,cha043,0.0,0.0,0.0,0.0,0.0,0.0,0.0,0.0,2019-01-12
8,44,cha044,0.0,0.0,0.0,0.0,0.0,0.0,0.0,0.0,2019-01-12
9,45,cha045,0.0,0.0,0.0,0.0,0.0,0.0,0.0,0.0,2019-01-12
10,50,cha050,0.0,0.0,0.0,0.0,0.0,0.0,0.0,0.0,2019-01-12
11,51,cha051,0.0,0.0,0.0,0.0,0.0,0.0,0.0,0.0,2019-01-12
12,54,cha054,0.0,0.0,0.0,0.0,0.0,0.0,0.0,0.0,2019-01-12
13,57,cha057,0.0,0.002295,0.0,0.0,0.002295,0.0,0.0,0.0,2019-01-12
14,59,cha059,0.0,0.0,0.0,0.0,0.0,0.0,0.0,0.0,2019-01-12
15,64,cha064,0.0,0.1095,0.0,0.0,0.1095,0.0,0.0,0.0,2019-01-12
16,66,cha066,0.0,0.0,0.0,0.0,0.0,0.0,0.0,0.0,2019-01-12
17,70,cha070,0.0,0.0,0.0,0.0,0.0,0.0,0.0,0.0,2019-01-12
18,71,cha071,0.0,0.0,0.0,0.0,0.0,0.0,0.0,0.0,2019-01-12
19,74,cha074,0.0,0.0,0.0,0.0,0.0,0.0,0.0,0.0,2019-01-12
20,138,cha138,0.0,0.1562,0.0,0.0,0.1562,0.0,0.0,0.0,2019-01-12
21,141,cha141,0.0,0.007749,0.0,0.0,0.007749,0.0,0.0,0.0,2019-01-12
22,142,cha142,0.0,0.0004355,0.0,0.0,0.0004355,0.0,0.0,0.0,2019-01-12
23,146,cha146,0.0,0.001553,0.0,0.0,0.001553,0.0,0.0,0.0,2019-01-12
24,148,cha148,0.0,0.009236,0.0,0.0,0.009236,0.0,0.0,0.0,2019-01-12
25,153,cha153,0.0,0.1135,0.0,0.0,0.1135,0.0,0.0,0.0,2019-01-12
26,155,cha155,0.0,0.1082,0.0,0.0,0.1082,0.0,0.0,0.0,2019-01-12
27,158,cha158,0.0,0.04956,0.0,0.0,0.04956,0.0,0.0,0.0,2019-01-12
28,161,cha161,0.0,0.06214,0.0,0.0,0.06214,0.0,0.0,0.0,2019-01-12
29,162,cha162,0.0,0.000607,0.0,0.0,0.000607,0.0,0.0,0.0,2019-01-12
30,165,cha165,0.0,0.04695,0.0,0.0,0.04695,0.0,0.0,0.0,2019-01-12
31,166,cha166,0.0,0.001533,0.0,0.0,0.001533,0.0,0.0,0.0,2019-01-12
32,167,cha167,0.0,0.05932,0.0,0.0,0.05932,0.0,0.0,0.0,2019-01-12
33,168,cha168,0.0,0.0005382,0.0,0.0,0.0005382,0.0,0.0,0.0,2019-01-12
34,169,cha169,0.0,0.04464,0.0,0.0,0.04464,0.0,0.0,0.0,2019-01-12
35,170,cha170,0.0,0.003331,0.0,0.0,0.003331,0.0,0.0,0.0,2019-01-12
36,171,cha171,0.0,0.002073,0.0,0.0,0.002073,0.0,0.0,0.0,2019-01-12
37,173,cha173,0.0,0.04374,0.0,0.0,0.04374,0.0,0.0,0.0,2019-01-12
1,29,cha029,0.0,0.0,0.0,0.0,0.0,0.0,0.0,0.0,2019-01-13
2,35,cha035,0.0,0.0,0.0,0.0,0.0,0.0,0.0,0.0,2019-01-13
3,37,cha037,0.0,0.0,0.0,0.0,0.0,0.0,0.0,0.0,2019-01-13
4,38,cha038,0.0,0.03865,0.0,0.0,0.03865,0.0,0.0,0.0,2019-01-13
5,39,cha039,0.0,0.0,0.0,0.0,0.0,0.0,0.0,0.0,2019-01-13
6,41,cha041,0.0,0.0,0.0,0.0,0.0,0.0,0.0,0.0,2019-01-13
7,43,cha043,0.0,0.0,0.0,0.0,0.0,0.0,0.0,0.0,2019-01-13
8,44,cha044,0.0,0.0,0.0,0.0,0.0,0.0,0.0,0.0,2019-01-13
9,45,cha045,0.0,0.0,0.0,0.0,0.0,0.0,0.0,0.0,2019-01-13
10,50,cha050,0.0,0.0,0.0,0.0,0.0,0.0,0.0,0.0,2019-01-13
11,51,cha051,0.0,0.0,0.0,0.0,0.0,0.0,0.0,0.0,2019-01-13
12,54,cha054,0.0,0.0,0.0,0.0,0.0,0.0,0.0,0.0,2019-01-13
13,57,cha057,0.0,0.004404,0.0,0.0,0.004404,0.0,0.0,0.0,2019-01-13
14,59,cha059,0.0,0.0,0.0,0.0,0.0,0.0,0.0,0.0,2019-01-13
15,64,cha064,0.0,0.1068,0.0,0.0,0.1068,0.0,0.0,0.0,2019-01-13
16,66,cha066,0.0,0.0,0.0,0.0,0.0,0.0,0.0,0.0,2019-01-13
17,70,cha070,0.0,0.0,0.0,0.0,0.0,0.0,0.0,0.0,2019-01-13
18,71,cha071,0.0,0.0,0.0,0.0,0.0,0.0,0.0,0.0,2019-01-13
19,74,cha074,0.0,0.0,0.0,0.0,0.0,0.0,0.0,0.0,2019-01-13
20,138,cha138,0.0,0.1501,0.0,0.0,0.1501,0.0,0.0,0.0,2019-01-13
21,141,cha141,0.0,0.005607,0.0,0.0,0.005607,0.0,0.0,0.0,2019-01-13
22,142,cha142,0.0,0.0003061,0.0,0.0,0.0003061,0.0,0.0,0.0,2019-01-13
23,146,cha146,0.0,0.00118,0.0,0.0,0.00118,0.0,0.0,0.0,2019-01-13
24,148,cha148,0.0,0.006761,0.0,0.0,0.006761,0.0,0.0,0.0,2019-01-13
25,153,cha153,0.0,0.1141,0.0,0.0,0.1141,0.0,0.0,0.0,2019-01-13
26,155,cha155,0.0,0.1076,0.0,0.0,0.1076,0.0,0.0,0.0,2019-01-13
27,158,cha158,0.0,0.0486,0.0,0.0,0.0486,0.0,0.0,0.0,2019-01-13
28,161,cha161,0.0,0.06161,0.0,0.0,0.06161,0.0,0.0,0.0,2019-01-13
29,162,cha162,0.0,0.0005333,0.0,0.0,0.0005333,0.0,0.0,0.0,2019-01-13
30,165,cha165,0.0,0.0463,0.0,0.0,0.0463,0.0,0.0,0.0,2019-01-13
31,166,cha166,0.0,0.001431,0.0,0.0,0.001431,0.0,0.0,0.0,2019-01-13
32,167,cha167,0.0,0.05924,0.0,0.0,0.05924,0.0,0.0,0.0,2019-01-13
33,168,cha168,0.0,0.000518,0.0,0.0,0.000518,0.0,0.0,0.0,2019-01-13
34,169,cha169,0.0,0.04414,0.0,0.0,0.04414,0.0,0.0,0.0,2019-01-13
35,170,cha170,0.0,0.003155,0.0,0.0,0.003155,0.0,0.0,0.0,2019-01-13
36,171,cha171,0.0,0.001933,0.0,0.0,0.001933,0.0,0.0,0.0,2019-01-13
37,173,cha173,0.0,0.04345,0.0,0.0,0.04345,0.0,0.0,0.0,2019-01-13
1,29,cha029,0.0,0.0,0.0,0.0,0.0,0.0,0.0,0.0,2019-01-14
2,35,cha035,0.0,0.0,0.0,0.0,0.0,0.0,0.0,0.0,2019-01-14
3,37,cha037,0.0,0.0,0.0,0.0,0.0,0.0,0.0,0.0,2019-01-14
4,38,cha038,0.0,0.03864,0.0,0.0,0.03864,0.0,0.0,0.0,2019-01-14
5,39,cha039,0.0,0.0,0.0,0.0,0.0,0.0,0.0,0.0,2019-01-14
6,41,cha041,0.0,0.0,0.0,0.0,0.0,0.0,0.0,0.0,2019-01-14
7,43,cha043,0.0,0.0,0.0,0.0,0.0,0.0,0.0,0.0,2019-01-14
8,44,cha044,0.0,0.0,0.0,0.0,0.0,0.0,0.0,0.0,2019-01-14
9,45,cha045,0.0,0.0,0.0,0.0,0.0,0.0,0.0,0.0,2019-01-14
10,50,cha050,0.0,0.0,0.0,0.0,0.0,0.0,0.0,0.0,2019-01-14
11,51,cha051,0.0,0.0,0.0,0.0,0.0,0.0,0.0,0.0,2019-01-14
12,54,cha054,0.0,0.0,0.0,0.0,0.0,0.0,0.0,0.0,2019-01-14
13,57,cha057,0.0,0.006338,0.0,0.0,0.006338,0.0,0.0,0.0,2019-01-14
14,59,cha059,0.0,0.0,0.0,0.0,0.0,0.0,0.0,0.0,2019-01-14
15,64,cha064,0.0,0.1041,0.0,0.0,0.1041,0.0,0.0,0.0,2019-01-14
16,66,cha066,0.0,0.0,0.0,0.0,0.0,0.0,0.0,0.0,2019-01-14
17,70,cha070,0.0,0.0,0.0,0.0,0.0,0.0,0.0,0.0,2019-01-14
18,71,cha071,0.0,0.0,0.0,0.0,0.0,0.0,0.0,0.0,2019-01-14
19,74,cha074,0.0,0.0,0.0,0.0,0.0,0.0,0.0,0.0,2019-01-14
20,138,cha138,0.0,0.145,0.0,0.0,0.145,0.0,0.0,0.0,2019-01-14
21,141,cha141,0.0,0.004304,0.0,0.0,0.004304,0.0,0.0,0.0,2019-01-14
22,142,cha142,0.0,0.0002382,0.0,0.0,0.0002382,0.0,0.0,0.0,2019-01-14
23,146,cha146,0.0,0.0009771,0.0,0.0,0.0009771,0.0,0.0,0.0,2019-01-14
24,148,cha148,0.0,0.005276,0.0,0.0,0.005276,0.0,0.0,0.0,2019-01-14
25,153,cha153,0.0,0.1157,0.0,0.0,0.1157,0.0,0.0,0.0,2019-01-14
26,155,cha155,0.0,0.1079,0.0,0.0,0.1079,0.0,0.0,0.0,2019-01-14
27,158,cha158,0.0,0.04807,0.0,0.0,0.04807,0.0,0.0,0.0,2019-01-14
28,161,cha161,0.0,0.06169,0.0,0.0,0.06169,0.0,0.0,0.0,2019-01-14
29,162,cha162,0.0,0.0004947,0.0,0.0,0.0004947,0.0,0.0,0.0,2019-01-14
30,165,cha165,0.0,0.04594,0.0,0.0,0.04594,0.0,0.0,0.0,2019-01-14
31,166,cha166,0.0,0.001374,0.0,0.0,0.001374,0.0,0.0,0.0,2019-01-14
32,167,cha167,0.0,0.05957,0.0,0.0,0.05957,0.0,0.0,0.0,2019-01-14
33,168,cha168,0.0,0.0005084,0.0,0.0,0.0005084,0.0,0.0,0.0,2019-01-14
34,169,cha169,0.0,0.04386,0.0,0.0,0.04386,0.0,0.0,0.0,2019-01-14
35,170,cha170,0.0,0.003061,0.0,0.0,0.003061,0.0,0.0,0.0,2019-01-14
36,171,cha171,0.0,0.001857,0.0,0.0,0.001857,0.0,0.0,0.0,2019-01-14
37,173,cha173,0.0,0.04329,0.0,0.0,0.04329,0.0,0.0,0.0,2019-01-14
1,29,cha029,0.0,0.0,0.0,0.0,0.0,0.0,0.0,0.0,2019-01-15
2,35,cha035,0.0,0.0,0.0,0.0,0.0,0.0,0.0,0.0,2019-01-15
3,37,cha037,0.0,0.0,0.0,0.0,0.0,0.0,0.0,0.0,2019-01-15
4,38,cha038,0.0,0.03863,0.0,0.0,0.03863,0.0,0.0,0.0,2019-01-15
5,39,cha039,0.0,0.0,0.0,0.0,0.0,0.0,0.0,0.0,2019-01-15
6,41,cha041,0.0,0.0,0.0,0.0,0.0,0.0,0.0,0.0,2019-01-15
7,43,cha043,0.0,0.0,0.0,0.0,0.0,0.0,0.0,0.0,2019-01-15
8,44,cha044,0.0,0.0,0.0,0.0,0.0,0.0,0.0,0.0,2019-01-15
9,45,cha045,0.0,0.0,0.0,0.0,0.0,0.0,0.0,0.0,2019-01-15
10,50,cha050,0.0,0.0,0.0,0.0,0.0,0.0,0.0,0.0,2019-01-15
11,51,cha051,0.0,0.0,0.0,0.0,0.0,0.0,0.0,0.0,2019-01-15
12,54,cha054,0.0,0.0,0.0,0.0,0.0,0.0,0.0,0.0,2019-01-15
13,57,cha057,0.0,0.008109,0.0,0.0,0.008109,0.0,0.0,0.0,2019-01-15
14,59,cha059,0.0,0.0,0.0,0.0,0.0,0.0,0.0,0.0,2019-01-15
15,64,cha064,0.0,0.1015,0.0,0.0,0.1015,0.0,0.0,0.0,2019-01-15
16,66,cha066,0.0,0.0,0.0,0.0,0.0,0.0,0.0,0.0,2019-01-15
17,70,cha070,0.0,0.0,0.0,0.0,0.0,0.0,0.0,0.0,2019-01-15
18,71,cha071,0.0,0.0,0.0,0.0,0.0,0.0,0.0,0.0,2019-01-15
19,74,cha074,0.0,0.0,0.0,0.0,0.0,0.0,0.0,0.0,2019-01-15
20,138,cha138,0.0,0.1405,0.0,0.0,0.1405,0.0,0.0,0.0,2019-01-15
21,141,cha141,0.0,0.003507,0.0,0.0,0.003507,0.0,0.0,0.0,2019-01-15
22,142,cha142,0.0,0.0002025,0.0,0.0,0.0002025,0.0,0.0,0.0,2019-01-15
23,146,cha146,0.0,0.000867,0.0,0.0,0.000867,0.0,0.0,0.0,2019-01-15
24,148,cha148,0.0,0.004382,0.0,0.0,0.004382,0.0,0.0,0.0,2019-01-15
25,153,cha153,0.0,0.1172,0.0,0.0,0.1172,0.0,0.0,0.0,2019-01-15
26,155,cha155,0.0,0.1079,0.0,0.0,0.1079,0.0,0.0,0.0,2019-01-15
27,158,cha158,0.0,0.04778,0.0,0.0,0.04778,0.0,0.0,0.0,2019-01-15
28,161,cha161,0.0,0.06206,0.0,0.0,0.06206,0.0,0.0,0.0,2019-01-15
29,162,cha162,0.0,0.0004745,0.0,0.0,0.0004745,0.0,0.0,0.0,2019-01-15
30,165,cha165,0.0,0.04575,0.0,0.0,0.04575,0.0,0.0,0.0,2019-01-15
31,166,cha166,0.0,0.001342,0.0,0.0,0.001342,0.0,0.0,0.0,2019-01-15
32,167,cha167,0.0,0.06009,0.0,0.0,0.06009,0.0,0.0,0.0,2019-01-15
33,168,cha168,0.0,0.0005039,0.0,0.0,0.0005039,0.0,0.0,0.0,2019-01-15
34,169,cha169,0.0,0.0437,0.0,0.0,0.0437,0.0,0.0,0.0,2019-01-15
35,170,cha170,0.0,0.003009,0.0,0.0,0.003009,0.0,0.0,0.0,2019-01-15
36,171,cha171,0.0,0.001816,0.0,0.0,0.001816,0.0,0.0,0.0,2019-01-15
37,173,cha173,0.0,0.04319,0.0,0.0,0.04319,0.0,0.0,0.0,2019-01-15
1,29,cha029,0.0,0.0,0.0,0.0,0.0,0.0,0.0,0.0,2019-01-16
2,35,cha035,0.0,0.0,0.0,0.0,0.0,0.0,0.0,0.0,2019-01-16
3,37,cha037,0.0,0.0,0.0,0.0,0.0,0.0,0.0,0.0,2019-01-16
4,38,cha038,0.0,0.03847,0.0,0.0,0.03847,0.0,0.0,0.0,2019-01-16
5,39,cha039,0.0,0.0,0.0,0.0,0.0,0.0,0.0,0.0,2019-01-16
6,41,cha041,0.0,0.0,0.0,0.0,0.0,0.0,0.0,0.0,2019-01-16
7,43,cha043,0.0,0.0,0.0,0.0,0.0,0.0,0.0,0.0,2019-01-16
8,44,cha044,0.0,0.0,0.0,0.0,0.0,0.0,0.0,0.0,2019-01-16
9,45,cha045,0.0,0.0,0.0,0.0,0.0,0.0,0.0,0.0,2019-01-16
10,50,cha050,0.0,0.0,0.0,0.0,0.0,0.0,0.0,0.0,2019-01-16
11,51,cha051,0.0,0.0,0.0,0.0,0.0,0.0,0.0,0.0,2019-01-16
12,54,cha054,0.0,0.0,0.0,0.0,0.0,0.0,0.0,0.0,2019-01-16
13,57,cha057,0.0,0.009726,0.0,0.0,0.009726,0.0,0.0,0.0,2019-01-16
14,59,cha059,0.0,0.0,0.0,0.0,0.0,0.0,0.0,0.0,2019-01-16
15,64,cha064,0.0,0.09898,0.0,0.0,0.09898,0.0,0.0,0.0,2019-01-16
16,66,cha066,0.0,0.0,0.0,0.0,0.0,0.0,0.0,0.0,2019-01-16
17,70,cha070,0.0,0.0,0.0,0.0,0.0,0.0,0.0,0.0,2019-01-16
18,71,cha071,0.0,0.0,0.0,0.0,0.0,0.0,0.0,0.0,2019-01-16
19,74,cha074,0.0,0.0,0.0,0.0,0.0,0.0,0.0,0.0,2019-01-16
20,138,cha138,0.0,0.1365,0.0,0.0,0.1365,0.0,0.0,0.0,2019-01-16
21,141,cha141,0.0,0.00302,0.0,0.0,0.00302,0.0,0.0,0.0,2019-01-16
22,142,cha142,0.0,0.0001838,0.0,0.0,0.0001838,0.0,0.0,0.0,2019-01-16
23,146,cha146,0.0,0.0008071,0.0,0.0,0.0008071,0.0,0.0,0.0,2019-01-16
24,148,cha148,0.0,0.003841,0.0,0.0,0.003841,0.0,0.0,0.0,2019-01-16
25,153,cha153,0.0,0.1187,0.0,0.0,0.1187,0.0,0.0,0.0,2019-01-16
26,155,cha155,0.0,0.108,0.0,0.0,0.108,0.0,0.0,0.0,2019-01-16
27,158,cha158,0.0,0.04746,0.0,0.0,0.04746,0.0,0.0,0.0,2019-01-16
28,161,cha161,0.0,0.0624,0.0,0.0,0.0624,0.0,0.0,0.0,2019-01-16
29,162,cha162,0.0,0.0004639,0.0,0.0,0.0004639,0.0,0.0,0.0,2019-01-16
30,165,cha165,0.0,0.04547,0.0,0.0,0.04547,0.0,0.0,0.0,2019-01-16
31,166,cha166,0.0,0.00132,0.0,0.0,0.00132,0.0,0.0,0.0,2019-01-16
32,167,cha167,0.0,0.0605,0.0,0.0,0.0605,0.0,0.0,0.0,2019-01-16
33,168,cha168,0.0,0.0005013,0.0,0.0,0.0005013,0.0,0.0,0.0,2019-01-16
34,169,cha169,0.0,0.04345,0.0,0.0,0.04345,0.0,0.0,0.0,2019-01-16
35,170,cha170,0.0,0.002976,0.0,0.0,0.002976,0.0,0.0,0.0,2019-01-16
36,171,cha171,0.0,0.001788,0.0,0.0,0.001788,0.0,0.0,0.0,2019-01-16
37,173,cha173,0.0,0.04298,0.0,0.0,0.04298,0.0,0.0,0.0,2019-01-16
1,29,cha029,0.0,0.0,0.0,0.0,0.0,0.0,0.0,0.0,2019-01-17
2,35,cha035,0.0,0.0,0.0,0.0,0.0,0.0,0.0,0.0,2019-01-17
3,37,cha037,0.0,0.0,0.0,0.0,0.0,0.0,0.0,0.0,2019-01-17
4,38,cha038,0.0,0.03831,0.0,0.0,0.03831,0.0,0.0,0.0,2019-01-17
5,39,cha039,0.0,0.0,0.0,0.0,0.0,0.0,0.0,0.0,2019-01-17
6,41,cha041,0.0,0.0,0.0,0.0,0.0,0.0,0.0,0.0,2019-01-17
7,43,cha043,0.0,0.0,0.0,0.0,0.0,0.0,0.0,0.0,2019-01-17
8,44,cha044,0.0,0.0,0.0,0.0,0.0,0.0,0.0,0.0,2019-01-17
9,45,cha045,0.0,0.0,0.0,0.0,0.0,0.0,0.0,0.0,2019-01-17
10,50,cha050,0.0,0.0,0.0,0.0,0.0,0.0,0.0,0.0,2019-01-17
11,51,cha051,0.0,0.0,0.0,0.0,0.0,0.0,0.0,0.0,2019-01-17
12,54,cha054,0.0,0.0,0.0,0.0,0.0,0.0,0.0,0.0,2019-01-17
13,57,cha057,0.0,0.0112,0.0,0.0,0.0112,0.0,0.0,0.0,2019-01-17
14,59,cha059,0.0,0.0,0.0,0.0,0.0,0.0,0.0,0.0,2019-01-17
15,64,cha064,0.0,0.09647,0.0,0.0,0.09647,0.0,0.0,0.0,2019-01-17
16,66,cha066,0.0,0.0,0.0,0.0,0.0,0.0,0.0,0.0,2019-01-17
17,70,cha070,0.0,0.0,0.0,0.0,0.0,0.0,0.0,0.0,2019-01-17
18,71,cha071,0.0,0.0,0.0,0.0,0.0,0.0,0.0,0.0,2019-01-17
19,74,cha074,0.0,0.0,0.0,0.0,0.0,0.0,0.0,0.0,2019-01-17
20,138,cha138,0.0,0.1328,0.0,0.0,0.1328,0.0,0.0,0.0,2019-01-17
21,141,cha141,0.0,0.00272,0.0,0.0,0.00272,0.0,0.0,0.0,2019-01-17
22,142,cha142,0.0,0.0001739,0.0,0.0,0.0001739,0.0,0.0,0.0,2019-01-17
23,146,cha146,0.0,0.0007744,0.0,0.0,0.0007744,0.0,0.0,0.0,2019-01-17
24,148,cha148,0.0,0.003513,0.0,0.0,0.003513,0.0,0.0,0.0,2019-01-17
25,153,cha153,0.0,0.1201,0.0,0.0,0.1201,0.0,0.0,0.0,2019-01-17
26,155,cha155,0.0,0.1082,0.0,0.0,0.1082,0.0,0.0,0.0,2019-01-17
27,158,cha158,0.0,0.0472,0.0,0.0,0.0472,0.0,0.0,0.0,2019-01-17
28,161,cha161,0.0,0.06277,0.0,0.0,0.06277,0.0,0.0,0.0,2019-01-17
29,162,cha162,0.0,0.0004582,0.0,0.0,0.0004582,0.0,0.0,0.0,2019-01-17
30,165,cha165,0.0,0.04525,0.0,0.0,0.04525,0.0,0.0,0.0,2019-01-17
31,166,cha166,0.0,0.001305,0.0,0.0,0.001305,0.0,0.0,0.0,2019-01-17
32,167,cha167,0.0,0.06092,0.0,0.0,0.06092,0.0,0.0,0.0,2019-01-17
33,168,cha168,0.0,0.0004998,0.0,0.0,0.0004998,0.0,0.0,0.0,2019-01-17
34,169,cha169,0.0,0.04324,0.0,0.0,0.04324,0.0,0.0,0.0,2019-01-17
35,170,cha170,0.0,0.00295,0.0,0.0,0.00295,0.0,0.0,0.0,2019-01-17
36,171,cha171,0.0,0.00177,0.0,0.0,0.00177,0.0,0.0,0.0,2019-01-17
37,173,cha173,0.0,0.04278,0.0,0.0,0.04278,0.0,0.0,0.0,2019-01-17
1,29,cha029,0.0,0.0,0.0,0.0,0.0,0.0,0.0,0.0,2019-01-18
2,35,cha035,0.0,0.0,0.0,0.0,0.0,0.0,0.0,0.0,2019-01-18
3,37,cha037,0.0,0.0,0.0,0.0,0.0,0.0,0.0,0.0,2019-01-18
4,38,cha038,0.0,0.03816,0.0,0.0,0.03816,0.0,0.0,0.0,2019-01-18
5,39,cha039,0.0,0.0,0.0,0.0,0.0,0.0,0.0,0.0,2019-01-18
6,41,cha041,0.0,0.0,0.0,0.0,0.0,0.0,0.0,0.0,2019-01-18
7,43,cha043,0.0,0.0,0.0,0.0,0.0,0.0,0.0,0.0,2019-01-18
8,44,cha044,0.0,0.0,0.0,0.0,0.0,0.0,0.0,0.0,2019-01-18
9,45,cha045,0.0,0.0,0.0,0.0,0.0,0.0,0.0,0.0,2019-01-18
10,50,cha050,0.0,0.0,0.0,0.0,0.0,0.0,0.0,0.0,2019-01-18
11,51,cha051,0.0,0.0,0.0,0.0,0.0,0.0,0.0,0.0,2019-01-18
12,54,cha054,0.0,0.0,0.0,0.0,0.0,0.0,0.0,0.0,2019-01-18
13,57,cha057,0.0,0.01254,0.0,0.0,0.01254,0.0,0.0,0.0,2019-01-18
14,59,cha059,0.0,0.0,0.0,0.0,0.0,0.0,0.0,0.0,2019-01-18
15,64,cha064,0.0,0.09401,0.0,0.0,0.09401,0.0,0.0,0.0,2019-01-18
16,66,cha066,0.0,0.0,0.0,0.0,0.0,0.0,0.0,0.0,2019-01-18
17,70,cha070,0.0,0.0,0.0,0.0,0.0,0.0,0.0,0.0,2019-01-18
18,71,cha071,0.0,0.0,0.0,0.0,0.0,0.0,0.0,0.0,2019-01-18
19,74,cha074,0.0,0.0,0.0,0.0,0.0,0.0,0.0,0.0,2019-01-18
20,138,cha138,0.0,0.1293,0.0,0.0,0.1293,0.0,0.0,0.0,2019-01-18
21,141,cha141,0.0,0.002536,0.0,0.0,0.002536,0.0,0.0,0.0,2019-01-18
22,142,cha142,0.0,0.0001688,0.0,0.0,0.0001688,0.0,0.0,0.0,2019-01-18
23,146,cha146,0.0,0.0007565,0.0,0.0,0.0007565,0.0,0.0,0.0,2019-01-18
24,148,cha148,0.0,0.003313,0.0,0.0,0.003313,0.0,0.0,0.0,2019-01-18
25,153,cha153,0.0,0.1216,0.0,0.0,0.1216,0.0,0.0,0.0,2019-01-18
26,155,cha155,0.0,0.1083,0.0,0.0,0.1083,0.0,0.0,0.0,2019-01-18
27,158,cha158,0.0,0.04699,0.0,0.0,0.04699,0.0,0.0,0.0,2019-01-18
28,161,cha161,0.0,0.06314,0.0,0.0,0.06314,0.0,0.0,0.0,2019-01-18
29,162,cha162,0.0,0.0004551,0.0,0.0,0.0004551,0.0,0.0,0.0,2019-01-18
30,165,cha165,0.0,0.04505,0.0,0.0,0.04505,0.0,0.0,0.0,2019-01-18
31,166,cha166,0.0,0.001296,0.0,0.0,0.001296,0.0,0.0,0.0,2019-01-18
32,167,cha167,0.0,0.06131,0.0,0.0,0.06131,0.0,0.0,0.0,2019-01-18
33,168,cha168,0.0,0.0004988,0.0,0.0,0.0004988,0.0,0.0,0.0,2019-01-18
34,169,cha169,0.0,0.04305,0.0,0.0,0.04305,0.0,0.0,0.0,2019-01-18
35,170,cha170,0.0,0.002932,0.0,0.0,0.002932,0.0,0.0,0.0,2019-01-18
36,171,cha171,0.0,0.001758,0.0,0.0,0.001758,0.0,0.0,0.0,2019-01-18
37,173,cha173,0.0,0.04261,0.0,0.0,0.04261,0.0,0.0,0.0,2019-01-18
1,29,cha029,0.0,0.0,0.0,0.0,0.0,0.0,0.0,0.0,2019-01-19
2,35,cha035,0.0,0.0,0.0,0.0,0.0,0.0,0.0,0.0,2019-01-19
3,37,cha037,0.0,0.0,0.0,0.0,0.0,0.0,0.0,0.0,2019-01-19
4,38,cha038,0.0,0.03801,0.0,0.0,0.03801,0.0,0.0,0.0,2019-01-19
5,39,cha039,0.0,0.0,0.0,0.0,0.0,0.0,0.0,0.0,2019-01-19
6,41,cha041,0.0,0.0,0.0,0.0,0.0,0.0,0.0,0.0,2019-01-19
7,43,cha043,0.0,0.0,0.0,0.0,0.0,0.0,0.0,0.0,2019-01-19
8,44,cha044,0.0,0.0,0.0,0.0,0.0,0.0,0.0,0.0,2019-01-19
9,45,cha045,0.0,0.0,0.0,0.0,0.0,0.0,0.0,0.0,2019-01-19
10,50,cha050,0.0,0.0,0.0,0.0,0.0,0.0,0.0,0.0,2019-01-19
11,51,cha051,0.0,0.0,0.0,0.0,0.0,0.0,0.0,0.0,2019-01-19
12,54,cha054,0.0,0.0,0.0,0.0,0.0,0.0,0.0,0.0,2019-01-19
13,57,cha057,0.0,0.01375,0.0,0.0,0.01375,0.0,0.0,0.0,2019-01-19
14,59,cha059,0.0,0.0,0.0,0.0,0.0,0.0,0.0,0.0,2019-01-19
15,64,cha064,0.0,0.09159,0.0,0.0,0.09159,0.0,0.0,0.0,2019-01-19
16,66,cha066,0.0,0.0,0.0,0.0,0.0,0.0,0.0,0.0,2019-01-19
17,70,cha070,0.0,0.0,0.0,0.0,0.0,0.0,0.0,0.0,2019-01-19
18,71,cha071,0.0,0.0,0.0,0.0,0.0,0.0,0.0,0.0,2019-01-19
19,74,cha074,0.0,0.0,0.0,0.0,0.0,0.0,0.0,0.0,2019-01-19
20,138,cha138,0.0,0.1259,0.0,0.0,0.1259,0.0,0.0,0.0,2019-01-19
21,141,cha141,0.0,0.002423,0.0,0.0,0.002423,0.0,0.0,0.0,2019-01-19
22,142,cha142,0.0,0.000166,0.0,0.0,0.000166,0.0,0.0,0.0,2019-01-19
23,146,cha146,0.0,0.0007467,0.0,0.0,0.0007467,0.0,0.0,0.0,2019-01-19
24,148,cha148,0.0,0.003191,0.0,0.0,0.003191,0.0,0.0,0.0,2019-01-19
25,153,cha153,0.0,0.1229,0.0,0.0,0.1229,0.0,0.0,0.0,2019-01-19
26,155,cha155,0.0,0.1085,0.0,0.0,0.1085,0.0,0.0,0.0,2019-01-19
27,158,cha158,0.0,0.0468,0.0,0.0,0.0468,0.0,0.0,0.0,2019-01-19
28,161,cha161,0.0,0.06347,0.0,0.0,0.06347,0.0,0.0,0.0,2019-01-19
29,162,cha162,0.0,0.0004534,0.0,0.0,0.0004534,0.0,0.0,0.0,2019-01-19
30,165,cha165,0.0,0.04487,0.0,0.0,0.04487,0.0,0.0,0.0,2019-01-19
31,166,cha166,0.0,0.001289,0.0,0.0,0.001289,0.0,0.0,0.0,2019-01-19
32,167,cha167,0.0,0.06166,0.0,0.0,0.06166,0.0,0.0,0.0,2019-01-19
33,168,cha168,0.0,0.0004981,0.0,0.0,0.0004981,0.0,0.0,0.0,2019-01-19
34,169,cha169,0.0,0.04287,0.0,0.0,0.04287,0.0,0.0,0.0,2019-01-19
35,170,cha170,0.0,0.002916,0.0,0.0,0.002916,0.0,0.0,0.0,2019-01-19
36,171,cha171,0.0,0.001748,0.0,0.0,0.001748,0.0,0.0,0.0,2019-01-19
37,173,cha173,0.0,0.04244,0.0,0.0,0.04244,0.0,0.0,0.0,2019-01-19
1,29,cha029,0.0,0.0,0.0,0.0,0.0,0.0,0.0,0.0,2019-01-20
2,35,cha035,0.0,0.0,0.0,0.0,0.0,0.0,0.0,0.0,2019-01-20
3,37,cha037,0.0,0.0,0.0,0.0,0.0,0.0,0.0,0.0,2019-01-20
4,38,cha038,0.0,0.03726,0.0,0.0,0.03726,0.0,0.0,0.0,2019-01-20
5,39,cha039,0.0,0.0,0.0,0.0,0.0,0.0,0.0,0.0,2019-01-20
6,41,cha041,0.0,0.0,0.0,0.0,0.0,0.0,0.0,0.0,2019-01-20
7,43,cha043,0.0,0.0,0.0,0.0,0.0,0.0,0.0,0.0,2019-01-20
8,44,cha044,0.0,0.0,0.0,0.0,0.0,0.0,0.0,0.0,2019-01-20
9,45,cha045,0.0,0.0,0.0,0.0,0.0,0.0,0.0,0.0,2019-01-20
10,50,cha050,0.0,0.0,0.0,0.0,0.0,0.0,0.0,0.0,2019-01-20
11,51,cha051,0.0,0.0,0.0,0.0,0.0,0.0,0.0,0.0,2019-01-20
12,54,cha054,0.0,0.0,0.0,0.0,0.0,0.0,0.0,0.0,2019-01-20
13,57,cha057,0.0,0.01485,0.0,0.0,0.01485,0.0,0.0,0.0,2019-01-20
14,59,cha059,0.0,0.0,0.0,0.0,0.0,0.0,0.0,0.0,2019-01-20
15,64,cha064,0.0,0.08923,0.0,0.0,0.08923,0.0,0.0,0.0,2019-01-20
16,66,cha066,0.0,0.0,0.0,0.0,0.0,0.0,0.0,0.0,2019-01-20
17,70,cha070,0.0,0.0,0.0,0.0,0.0,0.0,0.0,0.0,2019-01-20
18,71,cha071,0.0,0.0,0.0,0.0,0.0,0.0,0.0,0.0,2019-01-20
19,74,cha074,0.0,0.0,0.0,0.0,0.0,0.0,0.0,0.0,2019-01-20
20,138,cha138,0.0,0.1227,0.0,0.0,0.1227,0.0,0.0,0.0,2019-01-20
21,141,cha141,0.0,0.002351,0.0,0.0,0.002351,0.0,0.0,0.0,2019-01-20
22,142,cha142,0.0,0.0001646,0.0,0.0,0.0001646,0.0,0.0,0.0,2019-01-20
23,146,cha146,0.0,0.0007412,0.0,0.0,0.0007412,0.0,0.0,0.0,2019-01-20
24,148,cha148,0.0,0.003114,0.0,0.0,0.003114,0.0,0.0,0.0,2019-01-20
25,153,cha153,0.0,0.1234,0.0,0.0,0.1234,0.0,0.0,0.0,2019-01-20
26,155,cha155,0.0,0.1079,0.0,0.0,0.1079,0.0,0.0,0.0,2019-01-20
27,158,cha158,0.0,0.04596,0.0,0.0,0.04596,0.0,0.0,0.0,2019-01-20
28,161,cha161,0.0,0.06309,0.0,0.0,0.06309,0.0,0.0,0.0,2019-01-20
29,162,cha162,0.0,0.0004488,0.0,0.0,0.0004488,0.0,0.0,0.0,2019-01-20
30,165,cha165,0.0,0.04405,0.0,0.0,0.04405,0.0,0.0,0.0,2019-01-20
31,166,cha166,0.0,0.001267,0.0,0.0,0.001267,0.0,0.0,0.0,2019-01-20
32,167,cha167,0.0,0.06129,0.0,0.0,0.06129,0.0,0.0,0.0,2019-01-20
33,168,cha168,0.0,0.0004908,0.0,0.0,0.0004908,0.0,0.0,0.0,2019-01-20
34,169,cha169,0.0,0.04206,0.0,0.0,0.04206,0.0,0.0,0.0,2019-01-20
35,170,cha170,0.0,0.002882,0.0,0.0,0.002882,0.0,0.0,0.0,2019-01-20
36,171,cha171,0.0,0.001724,0.0,0.0,0.001724,0.0,0.0,0.0,2019-01-20
37,173,cha173,0.0,0.04163,0.0,0.0,0.04163,0.0,0.0,0.0,2019-01-20
1,29,cha029,0.0,0.0,0.0,0.0,0.0,0.0,0.0,0.0,2019-01-21
2,35,cha035,0.0,0.0,0.0,0.0,0.0,0.0,0.0,0.0,2019-01-21
3,37,cha037,0.0,0.0,0.0,0.0,0.0,0.0,0.0,0.0,2019-01-21
4,38,cha038,0.0,0.03655,0.0,0.0,0.03655,0.0,0.0,0.0,2019-01-21
5,39,cha039,0.0,0.0,0.0,0.0,0.0,0.0,0.0,0.0,2019-01-21
6,41,cha041,0.0,0.0,0.0,0.0,0.0,0.0,0.0,0.0,2019-01-21
7,43,cha043,0.0,0.0,0.0,0.0,0.0,0.0,0.0,0.0,2019-01-21
8,44,cha044,0.0,0.0,0.0,0.0,0.0,0.0,0.0,0.0,2019-01-21
9,45,cha045,0.0,0.0,0.0,0.0,0.0,0.0,0.0,0.0,2019-01-21
10,50,cha050,0.0,0.0,0.0,0.0,0.0,0.0,0.0,0.0,2019-01-21
11,51,cha051,0.0,0.0,0.0,0.0,0.0,0.0,0.0,0.0,2019-01-21
12,54,cha054,0.0,0.0,0.0,0.0,0.0,0.0,0.0,0.0,2019-01-21
13,57,cha057,0.0,0.01583,0.0,0.0,0.01583,0.0,0.0,0.0,2019-01-21
14,59,cha059,0.0,0.0,0.0,0.0,0.0,0.0,0.0,0.0,2019-01-21
15,64,cha064,0.0,0.08691,0.0,0.0,0.08691,0.0,0.0,0.0,2019-01-21
16,66,cha066,0.0,0.0,0.0,0.0,0.0,0.0,0.0,0.0,2019-01-21
17,70,cha070,0.0,0.0,0.0,0.0,0.0,0.0,0.0,0.0,2019-01-21
18,71,cha071,0.0,0.0,0.0,0.0,0.0,0.0,0.0,0.0,2019-01-21
19,74,cha074,0.0,0.0,0.0,0.0,0.0,0.0,0.0,0.0,2019-01-21
20,138,cha138,0.0,0.1195,0.0,0.0,0.1195,0.0,0.0,0.0,2019-01-21
21,141,cha141,0.0,0.002306,0.0,0.0,0.002306,0.0,0.0,0.0,2019-01-21
22,142,cha142,0.0,0.0001638,0.0,0.0,0.0001638,0.0,0.0,0.0,2019-01-21
23,146,cha146,0.0,0.0007382,0.0,0.0,0.0007382,0.0,0.0,0.0,2019-01-21
24,148,cha148,0.0,0.003067,0.0,0.0,0.003067,0.0,0.0,0.0,2019-01-21
25,153,cha153,0.0,0.1237,0.0,0.0,0.1237,0.0,0.0,0.0,2019-01-21
26,155,cha155,0.0,0.1074,0.0,0.0,0.1074,0.0,0.0,0.0,2019-01-21
27,158,cha158,0.0,0.04515,0.0,0.0,0.04515,0.0,0.0,0.0,2019-01-21
28,161,cha161,0.0,0.06269,0.0,0.0,0.06269,0.0,0.0,0.0,2019-01-21
29,162,cha162,0.0,0.0004448,0.0,0.0,0.0004448,0.0,0.0,0.0,2019-01-21
30,165,cha165,0.0,0.04325,0.0,0.0,0.04325,0.0,0.0,0.0,2019-01-21
31,166,cha166,0.0,0.001246,0.0,0.0,0.001246,0.0,0.0,0.0,2019-01-21
32,167,cha167,0.0,0.0609,0.0,0.0,0.0609,0.0,0.0,0.0,2019-01-21
33,168,cha168,0.0,0.0004838,0.0,0.0,0.0004838,0.0,0.0,0.0,2019-01-21
34,169,cha169,0.0,0.04127,0.0,0.0,0.04127,0.0,0.0,0.0,2019-01-21
35,170,cha170,0.0,0.002837,0.0,0.0,0.002837,0.0,0.0,0.0,2019-01-21
36,171,cha171,0.0,0.001698,0.0,0.0,0.001698,0.0,0.0,0.0,2019-01-21
37,173,cha173,0.0,0.04084,0.0,0.0,0.04084,0.0,0.0,0.0,2019-01-21
1,29,cha029,0.0,0.0,0.0,0.0,0.0,0.0,0.0,0.0,2019-01-22
2,35,cha035,0.0,0.0,0.0,0.0,0.0,0.0,0.0,0.0,2019-01-22
3,37,cha037,0.0,0.0,0.0,0.0,0.0,0.0,0.0,0.0,2019-01-22
4,38,cha038,0.0,0.03586,0.0,0.0,0.03586,0.0,0.0,0.0,2019-01-22
5,39,cha039,0.0,0.0,0.0,0.0,0.0,0.0,0.0,0.0,2019-01-22
6,41,cha041,0.0,0.0,0.0,0.0,0.0,0.0,0.0,0.0,2019-01-22
7,43,cha043,0.0,0.0,0.0,0.0,0.0,0.0,0.0,0.0,2019-01-22
8,44,cha044,0.0,0.0,0.0,0.0,0.0,0.0,0.0,0.0,2019-01-22
9,45,cha045,0.0,0.0,0.0,0.0,0.0,0.0,0.0,0.0,2019-01-22
10,50,cha050,0.0,0.0,0.0,0.0,0.0,0.0,0.0,0.0,2019-01-22
11,51,cha051,0.0,0.0,0.0,0.0,0.0,0.0,0.0,0.0,2019-01-22
12,54,cha054,0.0,0.0,0.0,0.0,0.0,0.0,0.0,0.0,2019-01-22
13,57,cha057,0.0,0.01671,0.0,0.0,0.01671,0.0,0.0,0.0,2019-01-22
14,59,cha059,0.0,0.0,0.0,0.0,0.0,0.0,0.0,0.0,2019-01-22
15,64,cha064,0.0,0.08464,0.0,0.0,0.08464,0.0,0.0,0.0,2019-01-22
16,66,cha066,0.0,0.0,0.0,0.0,0.0,0.0,0.0,0.0,2019-01-22
17,70,cha070,0.0,0.0,0.0,0.0,0.0,0.0,0.0,0.0,2019-01-22
18,71,cha071,0.0,0.0,0.0,0.0,0.0,0.0,0.0,0.0,2019-01-22
19,74,cha074,0.0,0.0,0.0,0.0,0.0,0.0,0.0,0.0,2019-01-22
20,138,cha138,0.0,0.1164,0.0,0.0,0.1164,0.0,0.0,0.0,2019-01-22
21,141,cha141,0.0,0.002277,0.0,0.0,0.002277,0.0,0.0,0.0,2019-01-22
22,142,cha142,0.0,0.0001634,0.0,0.0,0.0001634,0.0,0.0,0.0,2019-01-22
23,146,cha146,0.0,0.0007364,0.0,0.0,0.0007364,0.0,0.0,0.0,2019-01-22
24,148,cha148,0.0,0.003037,0.0,0.0,0.003037,0.0,0.0,0.0,2019-01-22
25,153,cha153,0.0,0.124,0.0,0.0,0.124,0.0,0.0,0.0,2019-01-22
26,155,cha155,0.0,0.1068,0.0,0.0,0.1068,0.0,0.0,0.0,2019-01-22
27,158,cha158,0.0,0.04438,0.0,0.0,0.04438,0.0,0.0,0.0,2019-01-22
28,161,cha161,0.0,0.06228,0.0,0.0,0.06228,0.0,0.0,0.0,2019-01-22
29,162,cha162,0.0,0.000441,0.0,0.0,0.000441,0.0,0.0,0.0,2019-01-22
30,165,cha165,0.0,0.04249,0.0,0.0,0.04249,0.0,0.0,0.0,2019-01-22
31,166,cha166,0.0,0.001227,0.0,0.0,0.001227,0.0,0.0,0.0,2019-01-22
32,167,cha167,0.0,0.06049,0.0,0.0,0.06049,0.0,0.0,0.0,2019-01-22
33,168,cha168,0.0,0.000477,0.0,0.0,0.000477,0.0,0.0,0.0,2019-01-22
34,169,cha169,0.0,0.04052,0.0,0.0,0.04052,0.0,0.0,0.0,2019-01-22
35,170,cha170,0.0,0.002794,0.0,0.0,0.002794,0.0,0.0,0.0,2019-01-22
36,171,cha171,0.0,0.001673,0.0,0.0,0.001673,0.0,0.0,0.0,2019-01-22
37,173,cha173,0.0,0.0401,0.0,0.0,0.0401,0.0,0.0,0.0,2019-01-22
1,29,cha029,0.0,0.0,0.0,0.0,0.0,0.0,0.0,0.0,2019-01-23
2,35,cha035,0.0,0.0,0.0,0.0,0.0,0.0,0.0,0.0,2019-01-23
3,37,cha037,0.0,0.0,0.0,0.0,0.0,0.0,0.0,0.0,2019-01-23
4,38,cha038,0.0,0.03521,0.0,0.0,0.03521,0.0,0.0,0.0,2019-01-23
5,39,cha039,0.0,0.0,0.0,0.0,0.0,0.0,0.0,0.0,2019-01-23
6,41,cha041,0.0,0.0,0.0,0.0,0.0,0.0,0.0,0.0,2019-01-23
7,43,cha043,0.0,0.0,0.0,0.0,0.0,0.0,0.0,0.0,2019-01-23
8,44,cha044,0.0,0.0,0.0,0.0,0.0,0.0,0.0,0.0,2019-01-23
9,45,cha045,0.0,0.0,0.0,0.0,0.0,0.0,0.0,0.0,2019-01-23
10,50,cha050,0.0,0.0,0.0,0.0,0.0,0.0,0.0,0.0,2019-01-23
11,51,cha051,0.0,0.0,0.0,0.0,0.0,0.0,0.0,0.0,2019-01-23
12,54,cha054,0.0,0.0,0.0,0.0,0.0,0.0,0.0,0.0,2019-01-23
13,57,cha057,0.0,0.0175,0.0,0.0,0.0175,0.0,0.0,0.0,2019-01-23
14,59,cha059,0.0,0.0,0.0,0.0,0.0,0.0,0.0,0.0,2019-01-23
15,64,cha064,0.0,0.08241,0.0,0.0,0.08241,0.0,0.0,0.0,2019-01-23
16,66,cha066,0.0,0.0,0.0,0.0,0.0,0.0,0.0,0.0,2019-01-23
17,70,cha070,0.0,0.0,0.0,0.0,0.0,0.0,0.0,0.0,2019-01-23
18,71,cha071,0.0,0.0,0.0,0.0,0.0,0.0,0.0,0.0,2019-01-23
19,74,cha074,0.0,0.0,0.0,0.0,0.0,0.0,0.0,0.0,2019-01-23
20,138,cha138,0.0,0.1134,0.0,0.0,0.1134,0.0,0.0,0.0,2019-01-23
21,141,cha141,0.0,0.002259,0.0,0.0,0.002259,0.0,0.0,0.0,2019-01-23
22,142,cha142,0.0,0.0001632,0.0,0.0,0.0001632,0.0,0.0,0.0,2019-01-23
23,146,cha146,0.0,0.0007353,0.0,0.0,0.0007353,0.0,0.0,0.0,2019-01-23
24,148,cha148,0.0,0.003017,0.0,0.0,0.003017,0.0,0.0,0.0,2019-01-23
25,153,cha153,0.0,0.1242,0.0,0.0,0.1242,0.0,0.0,0.0,2019-01-23
26,155,cha155,0.0,0.1062,0.0,0.0,0.1062,0.0,0.0,0.0,2019-01-23
27,158,cha158,0.0,0.04365,0.0,0.0,0.04365,0.0,0.0,0.0,2019-01-23
28,161,cha161,0.0,0.06184,0.0,0.0,0.06184,0.0,0.0,0.0,2019-01-23
29,162,cha162,0.0,0.0004375,0.0,0.0,0.0004375,0.0,0.0,0.0,2019-01-23
30,165,cha165,0.0,0.04177,0.0,0.0,0.04177,0.0,0.0,0.0,2019-01-23
31,166,cha166,0.0,0.001208,0.0,0.0,0.001208,0.0,0.0,0.0,2019-01-23
32,167,cha167,0.0,0.06006,0.0,0.0,0.06006,0.0,0.0,0.0,2019-01-23
33,168,cha168,0.0,0.0004705,0.0,0.0,0.0004705,0.0,0.0,0.0,2019-01-23
34,169,cha169,0.0,0.03981,0.0,0.0,0.03981,0.0,0.0,0.0,2019-01-23
35,170,cha170,0.0,0.002753,0.0,0.0,0.002753,0.0,0.0,0.0,2019-01-23
36,171,cha171,0.0,0.00165,0.0,0.0,0.00165,0.0,0.0,0.0,2019-01-23
37,173,cha173,0.0,0.03938,0.0,0.0,0.03938,0.0,0.0,0.0,2019-01-23
1,29,cha029,0.0,0.0,0.0,0.0,0.0,0.0,0.0,0.0,2019-01-24
2,35,cha035,0.0,0.0,0.0,0.0,0.0,0.0,0.0,0.0,2019-01-24
3,37,cha037,0.0,0.0,0.0,0.0,0.0,0.0,0.0,0.0,2019-01-24
4,38,cha038,0.0,0.0,0.0,0.0,0.0,0.0,0.0,0.0,2019-01-24
5,39,cha039,0.0,0.0,0.0,0.0,0.0,0.0,0.0,0.0,2019-01-24
6,41,cha041,0.0,0.0,0.0,0.0,0.0,0.0,0.0,0.0,2019-01-24
7,43,cha043,0.0,0.0,0.0,0.0,0.0,0.0,0.0,0.0,2019-01-24
8,44,cha044,0.0,0.0,0.0,0.0,0.0,0.0,0.0,0.0,2019-01-24
9,45,cha045,0.0,0.0,0.0,0.0,0.0,0.0,0.0,0.0,2019-01-24
10,50,cha050,0.0,0.0,0.0,0.0,0.0,0.0,0.0,0.0,2019-01-24
11,51,cha051,0.0,0.0,0.0,0.0,0.0,0.0,0.0,0.0,2019-01-24
12,54,cha054,0.0,0.0,0.0,0.0,0.0,0.0,0.0,0.0,2019-01-24
13,57,cha057,0.0,0.01819,0.0,0.0,0.01819,0.0,0.0,0.0,2019-01-24
14,59,cha059,0.0,0.0,0.0,0.0,0.0,0.0,0.0,0.0,2019-01-24
15,64,cha064,0.0,0.08023,0.0,0.0,0.08023,0.0,0.0,0.0,2019-01-24
16,66,cha066,0.0,0.0,0.0,0.0,0.0,0.0,0.0,0.0,2019-01-24
17,70,cha070,0.0,0.0,0.0,0.0,0.0,0.0,0.0,0.0,2019-01-24
18,71,cha071,0.0,0.0,0.0,0.0,0.0,0.0,0.0,0.0,2019-01-24
19,74,cha074,0.0,0.0,0.0,0.0,0.0,0.0,0.0,0.0,2019-01-24
20,138,cha138,0.0,0.08335,0.0,0.0,0.08335,0.0,0.0,0.0,2019-01-24
21,141,cha141,0.0,0.002247,0.0,0.0,0.002247,0.0,0.0,0.0,2019-01-24
22,142,cha142,0.0,0.000163,0.0,0.0,0.000163,0.0,0.0,0.0,2019-01-24
23,146,cha146,0.0,0.0007346,0.0,0.0,0.0007346,0.0,0.0,0.0,2019-01-24
24,148,cha148,0.0,0.003004,0.0,0.0,0.003004,0.0,0.0,0.0,2019-01-24
25,153,cha153,0.0,0.0896,0.0,0.0,0.0896,0.0,0.0,0.0,2019-01-24
26,155,cha155,0.0,0.07095,0.0,0.0,0.07095,0.0,0.0,0.0,2019-01-24
27,158,cha158,0.0,0.008312,0.0,0.0,0.008312,0.0,0.0,0.0,2019-01-24
28,161,cha161,0.0,0.02675,0.0,0.0,0.02675,0.0,0.0,0.0,2019-01-24
29,162,cha162,0.0,0.0004341,0.0,0.0,0.0004341,0.0,0.0,0.0,2019-01-24
30,165,cha165,0.0,0.006461,0.0,0.0,0.006461,0.0,0.0,0.0,2019-01-24
31,166,cha166,0.0,0.00119,0.0,0.0,0.00119,0.0,0.0,0.0,2019-01-24
32,167,cha167,0.0,0.02498,0.0,0.0,0.02498,0.0,0.0,0.0,2019-01-24
33,168,cha168,0.0,0.0004642,0.0,0.0,0.0004642,0.0,0.0,0.0,2019-01-24
34,169,cha169,0.0,0.004532,0.0,0.0,0.004532,0.0,0.0,0.0,2019-01-24
35,170,cha170,0.0,0.002714,0.0,0.0,0.002714,0.0,0.0,0.0,2019-01-24
36,171,cha171,0.0,0.001627,0.0,0.0,0.001627,0.0,0.0,0.0,2019-01-24
37,173,cha173,0.0,0.004109,0.0,0.0,0.004109,0.0,0.0,0.0,2019-01-24
1,29,cha029,0.0,0.0,0.0,0.0,0.0,0.0,0.0,0.0,2019-01-25
2,35,cha035,0.0,0.0,0.0,0.0,0.0,0.0,0.0,0.0,2019-01-25
3,37,cha037,0.0,0.0,0.0,0.0,0.0,0.0,0.0,0.0,2019-01-25
4,38,cha038,0.0,0.001096,0.0,0.0,0.001096,0.0,0.0,0.0,2019-01-25
5,39,cha039,0.0,0.0,0.0,0.0,0.0,0.0,0.0,0.0,2019-01-25
6,41,cha041,0.0,0.0,0.0,0.0,0.0,0.0,0.0,0.0,2019-01-25
7,43,cha043,0.0,0.0,0.0,0.0,0.0,0.0,0.0,0.0,2019-01-25
8,44,cha044,0.0,0.0,0.0,0.0,0.0,0.0,0.0,0.0,2019-01-25
9,45,cha045,0.0,0.0,0.0,0.0,0.0,0.0,0.0,0.0,2019-01-25
10,50,cha050,0.0,0.0,0.0,0.0,0.0,0.0,0.0,0.0,2019-01-25
11,51,cha051,0.0,0.0,0.0,0.0,0.0,0.0,0.0,0.0,2019-01-25
12,54,cha054,0.0,0.0,0.0,0.0,0.0,0.0,0.0,0.0,2019-01-25
13,57,cha057,0.0,0.0188,0.0,0.0,0.0188,0.0,0.0,0.0,2019-01-25
14,59,cha059,0.0,0.0,0.0,0.0,0.0,0.0,0.0,0.0,2019-01-25
15,64,cha064,0.0,0.0781,0.0,0.0,0.0781,0.0,0.0,0.0,2019-01-25
16,66,cha066,0.0,0.0,0.0,0.0,0.0,0.0,0.0,0.0,2019-01-25
17,70,cha070,0.0,0.0,0.0,0.0,0.0,0.0,0.0,0.0,2019-01-25
18,71,cha071,0.0,0.0,0.0,0.0,0.0,0.0,0.0,0.0,2019-01-25
19,74,cha074,0.0,0.0,0.0,0.0,0.0,0.0,0.0,0.0,2019-01-25
20,138,cha138,0.0,0.0818,0.0,0.0,0.0818,0.0,0.0,0.0,2019-01-25
21,141,cha141,0.0,0.002238,0.0,0.0,0.002238,0.0,0.0,0.0,2019-01-25
22,142,cha142,0.0,0.0001629,0.0,0.0,0.0001629,0.0,0.0,0.0,2019-01-25
23,146,cha146,0.0,0.0007341,0.0,0.0,0.0007341,0.0,0.0,0.0,2019-01-25
24,148,cha148,0.0,0.002996,0.0,0.0,0.002996,0.0,0.0,0.0,2019-01-25
25,153,cha153,0.0,0.09054,0.0,0.0,0.09054,0.0,0.0,0.0,2019-01-25
26,155,cha155,0.0,0.07129,0.0,0.0,0.07129,0.0,0.0,0.0,2019-01-25
27,158,cha158,0.0,0.009292,0.0,0.0,0.009292,0.0,0.0,0.0,2019-01-25
28,161,cha161,0.0,0.02792,0.0,0.0,0.02792,0.0,0.0,0.0,2019-01-25
29,162,cha162,0.0,0.0004308,0.0,0.0,0.0004308,0.0,0.0,0.0,2019-01-25
30,165,cha165,0.0,0.007464,0.0,0.0,0.007464,0.0,0.0,0.0,2019-01-25
31,166,cha166,0.0,0.001173,0.0,0.0,0.001173,0.0,0.0,0.0,2019-01-25
32,167,cha167,0.0,0.02617,0.0,0.0,0.02617,0.0,0.0,0.0,2019-01-25
33,168,cha168,0.0,0.0004581,0.0,0.0,0.0004581,0.0,0.0,0.0,2019-01-25
34,169,cha169,0.0,0.005568,0.0,0.0,0.005568,0.0,0.0,0.0,2019-01-25
35,170,cha170,0.0,0.002675,0.0,0.0,0.002675,0.0,0.0,0.0,2019-01-25
36,171,cha171,0.0,0.001606,0.0,0.0,0.001606,0.0,0.0,0.0,2019-01-25
37,173,cha173,0.0,0.005147,0.0,0.0,0.005147,0.0,0.0,0.0,2019-01-25
1,29,cha029,0.0,0.0,0.0,0.0,0.0,0.0,0.0,0.0,2019-01-26
2,35,cha035,0.0,0.0,0.0,0.0,0.0,0.0,0.0,0.0,2019-01-26
3,37,cha037,0.0,0.0,0.0,0.0,0.0,0.0,0.0,0.0,2019-01-26
4,38,cha038,0.0,0.002138,0.0,0.0,0.002138,0.0,0.0,0.0,2019-01-26
5,39,cha039,0.0,0.0,0.0,0.0,0.0,0.0,0.0,0.0,2019-01-26
6,41,cha041,0.0,0.0,0.0,0.0,0.0,0.0,0.0,0.0,2019-01-26
7,43,cha043,0.0,0.0,0.0,0.0,0.0,0.0,0.0,0.0,2019-01-26
8,44,cha044,0.0,0.0,0.0,0.0,0.0,0.0,0.0,0.0,2019-01-26
9,45,cha045,0.0,0.0,0.0,0.0,0.0,0.0,0.0,0.0,2019-01-26
10,50,cha050,0.0,0.0,0.0,0.0,0.0,0.0,0.0,0.0,2019-01-26
11,51,cha051,0.0,0.0,0.0,0.0,0.0,0.0,0.0,0.0,2019-01-26
12,54,cha054,0.0,0.0,0.0,0.0,0.0,0.0,0.0,0.0,2019-01-26
13,57,cha057,0.0,0.01933,0.0,0.0,0.01933,0.0,0.0,0.0,2019-01-26
14,59,cha059,0.0,0.0,0.0,0.0,0.0,0.0,0.0,0.0,2019-01-26
15,64,cha064,0.0,0.07602,0.0,0.0,0.07602,0.0,0.0,0.0,2019-01-26
16,66,cha066,0.0,0.0,0.0,0.0,0.0,0.0,0.0,0.0,2019-01-26
17,70,cha070,0.0,0.0,0.0,0.0,0.0,0.0,0.0,0.0,2019-01-26
18,71,cha071,0.0,0.0,0.0,0.0,0.0,0.0,0.0,0.0,2019-01-26
19,74,cha074,0.0,0.0,0.0,0.0,0.0,0.0,0.0,0.0,2019-01-26
20,138,cha138,0.0,0.08025,0.0,0.0,0.08025,0.0,0.0,0.0,2019-01-26
21,141,cha141,0.0,0.002232,0.0,0.0,0.002232,0.0,0.0,0.0,2019-01-26
22,142,cha142,0.0,0.0001629,0.0,0.0,0.0001629,0.0,0.0,0.0,2019-01-26
23,146,cha146,0.0,0.0007338,0.0,0.0,0.0007338,0.0,0.0,0.0,2019-01-26
24,148,cha148,0.0,0.002989,0.0,0.0,0.002989,0.0,0.0,0.0,2019-01-26
25,153,cha153,0.0,0.09135,0.0,0.0,0.09135,0.0,0.0,0.0,2019-01-26
26,155,cha155,0.0,0.07158,0.0,0.0,0.07158,0.0,0.0,0.0,2019-01-26
27,158,cha158,0.0,0.01022,0.0,0.0,0.01022,0.0,0.0,0.0,2019-01-26
28,161,cha161,0.0,0.029,0.0,0.0,0.029,0.0,0.0,0.0,2019-01-26
29,162,cha162,0.0,0.0004277,0.0,0.0,0.0004277,0.0,0.0,0.0,2019-01-26
30,165,cha165,0.0,0.008416,0.0,0.0,0.008416,0.0,0.0,0.0,2019-01-26
31,166,cha166,0.0,0.001157,0.0,0.0,0.001157,0.0,0.0,0.0,2019-01-26
32,167,cha167,0.0,0.02727,0.0,0.0,0.02727,0.0,0.0,0.0,2019-01-26
33,168,cha168,0.0,0.0004523,0.0,0.0,0.0004523,0.0,0.0,0.0,2019-01-26
34,169,cha169,0.0,0.006551,0.0,0.0,0.006551,0.0,0.0,0.0,2019-01-26
35,170,cha170,0.0,0.002638,0.0,0.0,0.002638,0.0,0.0,0.0,2019-01-26
36,171,cha171,0.0,0.001585,0.0,0.0,0.001585,0.0,0.0,0.0,2019-01-26
37,173,cha173,0.0,0.006132,0.0,0.0,0.006132,0.0,0.0,0.0,2019-01-26
1,29,cha029,0.0,0.0,0.0,0.0,0.0,0.0,0.0,0.0,2019-01-27
2,35,cha035,0.0,0.0,0.0,0.0,0.0,0.0,0.0,0.0,2019-01-27
3,37,cha037,0.0,0.0,0.0,0.0,0.0,0.0,0.0,0.0,2019-01-27
4,38,cha038,0.0,0.003128,0.0,0.0,0.003128,0.0,0.0,0.0,2019-01-27
5,39,cha039,0.0,0.0,0.0,0.0,0.0,0.0,0.0,0.0,2019-01-27
6,41,cha041,0.0,0.0,0.0,0.0,0.0,0.0,0.0,0.0,2019-01-27
7,43,cha043,0.0,0.0,0.0,0.0,0.0,0.0,0.0,0.0,2019-01-27
8,44,cha044,0.0,0.0,0.0,0.0,0.0,0.0,0.0,0.0,2019-01-27
9,45,cha045,0.0,0.0,0.0,0.0,0.0,0.0,0.0,0.0,2019-01-27
10,50,cha050,0.0,0.0,0.0,0.0,0.0,0.0,0.0,0.0,2019-01-27
11,51,cha051,0.0,0.0,0.0,0.0,0.0,0.0,0.0,0.0,2019-01-27
12,54,cha054,0.0,0.0,0.0,0.0,0.0,0.0,0.0,0.0,2019-01-27
13,57,cha057,0.0,0.0198,0.0,0.0,0.0198,0.0,0.0,0.0,2019-01-27
14,59,cha059,0.0,0.0,0.0,0.0,0.0,0.0,0.0,0.0,2019-01-27
15,64,cha064,0.0,0.07398,0.0,0.0,0.07398,0.0,0.0,0.0,2019-01-27
16,66,cha066,0.0,0.0,0.0,0.0,0.0,0.0,0.0,0.0,2019-01-27
17,70,cha070,0.0,0.0,0.0,0.0,0.0,0.0,0.0,0.0,2019-01-27
18,71,cha071,0.0,0.0,0.0,0.0,0.0,0.0,0.0,0.0,2019-01-27
19,74,cha074,0.0,0.0,0.0,0.0,0.0,0.0,0.0,0.0,2019-01-27
20,138,cha138,0.0,0.0787,0.0,0.0,0.0787,0.0,0.0,0.0,2019-01-27
21,141,cha141,0.0,0.002228,0.0,0.0,0.002228,0.0,0.0,0.0,2019-01-27
22,142,cha142,0.0,0.0001628,0.0,0.0,0.0001628,0.0,0.0,0.0,2019-01-27
23,146,cha146,0.0,0.0007334,0.0,0.0,0.0007334,0.0,0.0,0.0,2019-01-27
24,148,cha148,0.0,0.002984,0.0,0.0,0.002984,0.0,0.0,0.0,2019-01-27
25,153,cha153,0.0,0.09204,0.0,0.0,0.09204,0.0,0.0,0.0,2019-01-27
26,155,cha155,0.0,0.07182,0.0,0.0,0.07182,0.0,0.0,0.0,2019-01-27
27,158,cha158,0.0,0.0111,0.0,0.0,0.0111,0.0,0.0,0.0,2019-01-27
28,161,cha161,0.0,0.03,0.0,0.0,0.03,0.0,0.0,0.0,2019-01-27
29,162,cha162,0.0,0.0004247,0.0,0.0,0.0004247,0.0,0.0,0.0,2019-01-27
30,165,cha165,0.0,0.009314,0.0,0.0,0.009314,0.0,0.0,0.0,2019-01-27
31,166,cha166,0.0,0.001141,0.0,0.0,0.001141,0.0,0.0,0.0,2019-01-27
32,167,cha167,0.0,0.02827,0.0,0.0,0.02827,0.0,0.0,0.0,2019-01-27
33,168,cha168,0.0,0.0004466,0.0,0.0,0.0004466,0.0,0.0,0.0,2019-01-27
34,169,cha169,0.0,0.007479,0.0,0.0,0.007479,0.0,0.0,0.0,2019-01-27
35,170,cha170,0.0,0.002602,0.0,0.0,0.002602,0.0,0.0,0.0,2019-01-27
36,171,cha171,0.0,0.001564,0.0,0.0,0.001564,0.0,0.0,0.0,2019-01-27
37,173,cha173,0.0,0.007067,0.0,0.0,0.007067,0.0,0.0,0.0,2019-01-27
1,29,cha029,0.0,0.0,0.0,0.0,0.0,0.0,0.0,0.0,2019-01-28
2,35,cha035,0.0,0.0,0.0,0.0,0.0,0.0,0.0,0.0,2019-01-28
3,37,cha037,0.0,0.0,0.0,0.0,0.0,0.0,0.0,0.0,2019-01-28
4,38,cha038,0.0,0.004068,0.0,0.0,0.004068,0.0,0.0,0.0,2019-01-28
5,39,cha039,0.0,0.0,0.0,0.0,0.0,0.0,0.0,0.0,2019-01-28
6,41,cha041,0.0,0.0,0.0,0.0,0.0,0.0,0.0,0.0,2019-01-28
7,43,cha043,0.0,0.0,0.0,0.0,0.0,0.0,0.0,0.0,2019-01-28
8,44,cha044,0.0,0.0,0.0,0.0,0.0,0.0,0.0,0.0,2019-01-28
9,45,cha045,0.0,0.0,0.0,0.0,0.0,0.0,0.0,0.0,2019-01-28
10,50,cha050,0.0,0.0,0.0,0.0,0.0,0.0,0.0,0.0,2019-01-28
11,51,cha051,0.0,0.0,0.0,0.0,0.0,0.0,0.0,0.0,2019-01-28
12,54,cha054,0.0,0.0,0.0,0.0,0.0,0.0,0.0,0.0,2019-01-28
13,57,cha057,0.0,0.02019,0.0,0.0,0.02019,0.0,0.0,0.0,2019-01-28
14,59,cha059,0.0,0.0,0.0,0.0,0.0,0.0,0.0,0.0,2019-01-28
15,64,cha064,0.0,0.07199,0.0,0.0,0.07199,0.0,0.0,0.0,2019-01-28
16,66,cha066,0.0,0.0,0.0,0.0,0.0,0.0,0.0,0.0,2019-01-28
17,70,cha070,0.0,0.0,0.0,0.0,0.0,0.0,0.0,0.0,2019-01-28
18,71,cha071,0.0,0.0,0.0,0.0,0.0,0.0,0.0,0.0,2019-01-28
19,74,cha074,0.0,0.0,0.0,0.0,0.0,0.0,0.0,0.0,2019-01-28
20,138,cha138,0.0,0.07716,0.0,0.0,0.07716,0.0,0.0,0.0,2019-01-28
21,141,cha141,0.0,0.002224,0.0,0.0,0.002224,0.0,0.0,0.0,2019-01-28
22,142,cha142,0.0,0.0001627,0.0,0.0,0.0001627,0.0,0.0,0.0,2019-01-28
23,146,cha146,0.0,0.0007331,0.0,0.0,0.0007331,0.0,0.0,0.0,2019-01-28
24,148,cha148,0.0,0.002981,0.0,0.0,0.002981,0.0,0.0,0.0,2019-01-28
25,153,cha153,0.0,0.09261,0.0,0.0,0.09261,0.0,0.0,0.0,2019-01-28
26,155,cha155,0.0,0.07201,0.0,0.0,0.07201,0.0,0.0,0.0,2019-01-28
27,158,cha158,0.0,0.01193,0.0,0.0,0.01193,0.0,0.0,0.0,2019-01-28
28,161,cha161,0.0,0.03091,0.0,0.0,0.03091,0.0,0.0,0.0,2019-01-28
29,162,cha162,0.0,0.0004217,0.0,0.0,0.0004217,0.0,0.0,0.0,2019-01-28
30,165,cha165,0.0,0.01017,0.0,0.0,0.01017,0.0,0.0,0.0,2019-01-28
31,166,cha166,0.0,0.001125,0.0,0.0,0.001125,0.0,0.0,0.0,2019-01-28
32,167,cha167,0.0,0.02919,0.0,0.0,0.02919,0.0,0.0,0.0,2019-01-28
33,168,cha168,0.0,0.000441,0.0,0.0,0.000441,0.0,0.0,0.0,2019-01-28
34,169,cha169,0.0,0.008359,0.0,0.0,0.008359,0.0,0.0,0.0,2019-01-28
35,170,cha170,0.0,0.002568,0.0,0.0,0.002568,0.0,0.0,0.0,2019-01-28
36,171,cha171,0.0,0.001545,0.0,0.0,0.001545,0.0,0.0,0.0,2019-01-28
37,173,cha173,0.0,0.007955,0.0,0.0,0.007955,0.0,0.0,0.0,2019-01-28
1,29,cha029,0.0,0.0,0.0,0.0,0.0,0.0,0.0,0.0,2019-01-29
2,35,cha035,0.0,0.0,0.0,0.0,0.0,0.0,0.0,0.0,2019-01-29
3,37,cha037,0.0,0.0,0.0,0.0,0.0,0.0,0.0,0.0,2019-01-29
4,38,cha038,0.0,0.004961,0.0,0.0,0.004961,0.0,0.0,0.0,2019-01-29
5,39,cha039,0.0,0.0,0.0,0.0,0.0,0.0,0.0,0.0,2019-01-29
6,41,cha041,0.0,0.0,0.0,0.0,0.0,0.0,0.0,0.0,2019-01-29
7,43,cha043,0.0,0.0,0.0,0.0,0.0,0.0,0.0,0.0,2019-01-29
8,44,cha044,0.0,0.0,0.0,0.0,0.0,0.0,0.0,0.0,2019-01-29
9,45,cha045,0.0,0.0,0.0,0.0,0.0,0.0,0.0,0.0,2019-01-29
10,50,cha050,0.0,0.0,0.0,0.0,0.0,0.0,0.0,0.0,2019-01-29
11,51,cha051,0.0,0.0,0.0,0.0,0.0,0.0,0.0,0.0,2019-01-29
12,54,cha054,0.0,0.0,0.0,0.0,0.0,0.0,0.0,0.0,2019-01-29
13,57,cha057,0.0,0.02052,0.0,0.0,0.02052,0.0,0.0,0.0,2019-01-29
14,59,cha059,0.0,0.0,0.0,0.0,0.0,0.0,0.0,0.0,2019-01-29
15,64,cha064,0.0,0.07004,0.0,0.0,0.07004,0.0,0.0,0.0,2019-01-29
16,66,cha066,0.0,0.0,0.0,0.0,0.0,0.0,0.0,0.0,2019-01-29
17,70,cha070,0.0,0.0,0.0,0.0,0.0,0.0,0.0,0.0,2019-01-29
18,71,cha071,0.0,0.0,0.0,0.0,0.0,0.0,0.0,0.0,2019-01-29
19,74,cha074,0.0,0.0,0.0,0.0,0.0,0.0,0.0,0.0,2019-01-29
20,138,cha138,0.0,0.07563,0.0,0.0,0.07563,0.0,0.0,0.0,2019-01-29
21,141,cha141,0.0,0.002221,0.0,0.0,0.002221,0.0,0.0,0.0,2019-01-29
22,142,cha142,0.0,0.0001627,0.0,0.0,0.0001627,0.0,0.0,0.0,2019-01-29
23,146,cha146,0.0,0.0007328,0.0,0.0,0.0007328,0.0,0.0,0.0,2019-01-29
24,148,cha148,0.0,0.002977,0.0,0.0,0.002977,0.0,0.0,0.0,2019-01-29
25,153,cha153,0.0,0.09307,0.0,0.0,0.09307,0.0,0.0,0.0,2019-01-29
26,155,cha155,0.0,0.07216,0.0,0.0,0.07216,0.0,0.0,0.0,2019-01-29
27,158,cha158,0.0,0.01272,0.0,0.0,0.01272,0.0,0.0,0.0,2019-01-29
28,161,cha161,0.0,0.03174,0.0,0.0,0.03174,0.0,0.0,0.0,2019-01-29
29,162,cha162,0.0,0.0004189,0.0,0.0,0.0004189,0.0,0.0,0.0,2019-01-29
30,165,cha165,0.0,0.01097,0.0,0.0,0.01097,0.0,0.0,0.0,2019-01-29
31,166,cha166,0.0,0.00111,0.0,0.0,0.00111,0.0,0.0,0.0,2019-01-29
32,167,cha167,0.0,0.03004,0.0,0.0,0.03004,0.0,0.0,0.0,2019-01-29
33,168,cha168,0.0,0.0004357,0.0,0.0,0.0004357,0.0,0.0,0.0,2019-01-29
34,169,cha169,0.0,0.009195,0.0,0.0,0.009195,0.0,0.0,0.0,2019-01-29
35,170,cha170,0.0,0.002534,0.0,0.0,0.002534,0.0,0.0,0.0,2019-01-29
36,171,cha171,0.0,0.001525,0.0,0.0,0.001525,0.0,0.0,0.0,2019-01-29
37,173,cha173,0.0,0.008797,0.0,0.0,0.008797,0.0,0.0,0.0,2019-01-29
1,29,cha029,0.0,0.0,0.0,0.0,0.0,0.0,0.0,0.0,2019-01-30
2,35,cha035,0.0,0.0,0.0,0.0,0.0,0.0,0.0,0.0,2019-01-30
3,37,cha037,0.0,0.0,0.0,0.0,0.0,0.0,0.0,0.0,2019-01-30
4,38,cha038,0.0,0.005809,0.0,0.0,0.005809,0.0,0.0,0.0,2019-01-30
5,39,cha039,0.0,0.0,0.0,0.0,0.0,0.0,0.0,0.0,2019-01-30
6,41,cha041,0.0,0.0,0.0,0.0,0.0,0.0,0.0,0.0,2019-01-30
7,43,cha043,0.0,0.0,0.0,0.0,0.0,0.0,0.0,0.0,2019-01-30
8,44,cha044,0.0,0.0,0.0,0.0,0.0,0.0,0.0,0.0,2019-01-30
9,45,cha045,0.0,0.0,0.0,0.0,0.0,0.0,0.0,0.0,2019-01-30
10,50,cha050,0.0,0.0,0.0,0.0,0.0,0.0,0.0,0.0,2019-01-30
11,51,cha051,0.0,0.0,0.0,0.0,0.0,0.0,0.0,0.0,2019-01-30
12,54,cha054,0.0,0.0,0.0,0.0,0.0,0.0,0.0,0.0,2019-01-30
13,57,cha057,0.0,0.02079,0.0,0.0,0.02079,0.0,0.0,0.0,2019-01-30
14,59,cha059,0.0,0.0,0.0,0.0,0.0,0.0,0.0,0.0,2019-01-30
15,64,cha064,0.0,0.06814,0.0,0.0,0.06814,0.0,0.0,0.0,2019-01-30
16,66,cha066,0.0,0.0,0.0,0.0,0.0,0.0,0.0,0.0,2019-01-30
17,70,cha070,0.0,0.0,0.0,0.0,0.0,0.0,0.0,0.0,2019-01-30
18,71,cha071,0.0,0.0,0.0,0.0,0.0,0.0,0.0,0.0,2019-01-30
19,74,cha074,0.0,0.0,0.0,0.0,0.0,0.0,0.0,0.0,2019-01-30
20,138,cha138,0.0,0.0741,0.0,0.0,0.0741,0.0,0.0,0.0,2019-01-30
21,141,cha141,0.0,0.002218,0.0,0.0,0.002218,0.0,0.0,0.0,2019-01-30
22,142,cha142,0.0,0.0001626,0.0,0.0,0.0001626,0.0,0.0,0.0,2019-01-30
23,146,cha146,0.0,0.0007325,0.0,0.0,0.0007325,0.0,0.0,0.0,2019-01-30
24,148,cha148,0.0,0.002974,0.0,0.0,0.002974,0.0,0.0,0.0,2019-01-30
25,153,cha153,0.0,0.09344,0.0,0.0,0.09344,0.0,0.0,0.0,2019-01-30
26,155,cha155,0.0,0.07227,0.0,0.0,0.07227,0.0,0.0,0.0,2019-01-30
27,158,cha158,0.0,0.01347,0.0,0.0,0.01347,0.0,0.0,0.0,2019-01-30
28,161,cha161,0.0,0.0325,0.0,0.0,0.0325,0.0,0.0,0.0,2019-01-30
29,162,cha162,0.0,0.0004161,0.0,0.0,0.0004161,0.0,0.0,0.0,2019-01-30
30,165,cha165,0.0,0.01174,0.0,0.0,0.01174,0.0,0.0,0.0,2019-01-30
31,166,cha166,0.0,0.001096,0.0,0.0,0.001096,0.0,0.0,0.0,2019-01-30
32,167,cha167,0.0,0.03082,0.0,0.0,0.03082,0.0,0.0,0.0,2019-01-30
33,168,cha168,0.0,0.0004306,0.0,0.0,0.0004306,0.0,0.0,0.0,2019-01-30
34,169,cha169,0.0,0.009988,0.0,0.0,0.009988,0.0,0.0,0.0,2019-01-30
35,170,cha170,0.0,0.002502,0.0,0.0,0.002502,0.0,0.0,0.0,2019-01-30
36,171,cha171,0.0,0.001507,0.0,0.0,0.001507,0.0,0.0,0.0,2019-01-30
37,173,cha173,0.0,0.009596,0.0,0.0,0.009596,0.0,0.0,0.0,2019-01-30
1,29,cha029,0.0,0.0,0.0,0.0,0.0,0.0,0.0,0.0,2019-01-31
2,35,cha035,0.0,0.0,0.0,0.0,0.0,0.0,0.0,0.0,2019-01-31
3,37,cha037,0.0,0.0,0.0,0.0,0.0,0.0,0.0,0.0,2019-01-31
4,38,cha038,0.0,0.006615,0.0,0.0,0.006615,0.0,0.0,0.0,2019-01-31
5,39,cha039,0.0,0.0,0.0,0.0,0.0,0.0,0.0,0.0,2019-01-31
6,41,cha041,0.0,0.0,0.0,0.0,0.0,0.0,0.0,0.0,2019-01-31
7,43,cha043,0.0,0.0,0.0,0.0,0.0,0.0,0.0,0.0,2019-01-31
8,44,cha044,0.0,0.0,0.0,0.0,0.0,0.0,0.0,0.0,2019-01-31
9,45,cha045,0.0,0.0,0.0,0.0,0.0,0.0,0.0,0.0,2019-01-31
10,50,cha050,0.0,0.0,0.0,0.0,0.0,0.0,0.0,0.0,2019-01-31
11,51,cha051,0.0,0.0,0.0,0.0,0.0,0.0,0.0,0.0,2019-01-31
12,54,cha054,0.0,0.0,0.0,0.0,0.0,0.0,0.0,0.0,2019-01-31
13,57,cha057,0.0,0.02101,0.0,0.0,0.02101,0.0,0.0,0.0,2019-01-31
14,59,cha059,0.0,0.0,0.0,0.0,0.0,0.0,0.0,0.0,2019-01-31
15,64,cha064,0.0,0.0,0.0,0.0,0.0,0.0,0.0,0.0,2019-01-31
16,66,cha066,0.0,0.0,0.0,0.0,0.0,0.0,0.0,0.0,2019-01-31
17,70,cha070,0.0,0.0,0.0,0.0,0.0,0.0,0.0,0.0,2019-01-31
18,71,cha071,0.0,0.0,0.0,0.0,0.0,0.0,0.0,0.0,2019-01-31
19,74,cha074,0.0,0.0,0.0,0.0,0.0,0.0,0.0,0.0,2019-01-31
20,138,cha138,0.0,0.0063,0.0,0.0,0.0063,0.0,0.0,0.0,2019-01-31
21,141,cha141,0.0,0.002216,0.0,0.0,0.002216,0.0,0.0,0.0,2019-01-31
22,142,cha142,0.0,0.0001625,0.0,0.0,0.0001625,0.0,0.0,0.0,2019-01-31
23,146,cha146,0.0,0.0007321,0.0,0.0,0.0007321,0.0,0.0,0.0,2019-01-31
24,148,cha148,0.0,0.002971,0.0,0.0,0.002971,0.0,0.0,0.0,2019-01-31
25,153,cha153,0.0,0.09371,0.0,0.0,0.09371,0.0,0.0,0.0,2019-01-31
26,155,cha155,0.0,0.07233,0.0,0.0,0.07233,0.0,0.0,0.0,2019-01-31
27,158,cha158,0.0,0.01418,0.0,0.0,0.01418,0.0,0.0,0.0,2019-01-31
28,161,cha161,0.0,0.0332,0.0,0.0,0.0332,0.0,0.0,0.0,2019-01-31
29,162,cha162,0.0,0.0004134,0.0,0.0,0.0004134,0.0,0.0,0.0,2019-01-31
30,165,cha165,0.0,0.01246,0.0,0.0,0.01246,0.0,0.0,0.0,2019-01-31
31,166,cha166,0.0,0.001082,0.0,0.0,0.001082,0.0,0.0,0.0,2019-01-31
32,167,cha167,0.0,0.03152,0.0,0.0,0.03152,0.0,0.0,0.0,2019-01-31
33,168,cha168,0.0,0.0004256,0.0,0.0,0.0004256,0.0,0.0,0.0,2019-01-31
34,169,cha169,0.0,0.01074,0.0,0.0,0.01074,0.0,0.0,0.0,2019-01-31
35,170,cha170,0.0,0.002471,0.0,0.0,0.002471,0.0,0.0,0.0,2019-01-31
36,171,cha171,0.0,0.001489,0.0,0.0,0.001489,0.0,0.0,0.0,2019-01-31
37,173,cha173,0.0,0.01035,0.0,0.0,0.01035,0.0,0.0,0.0,2019-01-31
1,29,cha029,0.0,0.0,0.0,0.0,0.0,0.0,0.0,0.0,2019-02-01
2,35,cha035,0.0,0.0,0.0,0.0,0.0,0.0,0.0,0.0,2019-02-01
3,37,cha037,0.0,0.0,0.0,0.0,0.0,0.0,0.0,0.0,2019-02-01
4,38,cha038,0.0,0.00738,0.0,0.0,0.00738,0.0,0.0,0.0,2019-02-01
5,39,cha039,0.0,0.0,0.0,0.0,0.0,0.0,0.0,0.0,2019-02-01
6,41,cha041,0.0,0.0,0.0,0.0,0.0,0.0,0.0,0.0,2019-02-01
7,43,cha043,0.0,0.0,0.0,0.0,0.0,0.0,0.0,0.0,2019-02-01
8,44,cha044,0.0,0.0,0.0,0.0,0.0,0.0,0.0,0.0,2019-02-01
9,45,cha045,0.0,0.0,0.0,0.0,0.0,0.0,0.0,0.0,2019-02-01
10,50,cha050,0.0,0.0,0.0,0.0,0.0,0.0,0.0,0.0,2019-02-01
11,51,cha051,0.0,0.0,0.0,0.0,0.0,0.0,0.0,0.0,2019-02-01
12,54,cha054,0.0,0.0,0.0,0.0,0.0,0.0,0.0,0.0,2019-02-01
13,57,cha057,0.0,0.02117,0.0,0.0,0.02117,0.0,0.0,0.0,2019-02-01
14,59,cha059,0.0,0.0,0.0,0.0,0.0,0.0,0.0,0.0,2019-02-01
15,64,cha064,0.0,0.001417,0.0,0.0,0.001417,0.0,0.0,0.0,2019-02-01
16,66,cha066,0.0,0.0,0.0,0.0,0.0,0.0,0.0,0.0,2019-02-01
17,70,cha070,0.0,0.0,0.0,0.0,0.0,0.0,0.0,0.0,2019-02-01
18,71,cha071,0.0,0.0,0.0,0.0,0.0,0.0,0.0,0.0,2019-02-01
19,74,cha074,0.0,0.0,0.0,0.0,0.0,0.0,0.0,0.0,2019-02-01
20,138,cha138,0.0,0.008025,0.0,0.0,0.008025,0.0,0.0,0.0,2019-02-01
21,141,cha141,0.0,0.002213,0.0,0.0,0.002213,0.0,0.0,0.0,2019-02-01
22,142,cha142,0.0,0.0001625,0.0,0.0,0.0001625,0.0,0.0,0.0,2019-02-01
23,146,cha146,0.0,0.0007318,0.0,0.0,0.0007318,0.0,0.0,0.0,2019-02-01
24,148,cha148,0.0,0.002969,0.0,0.0,0.002969,0.0,0.0,0.0,2019-02-01
25,153,cha153,0.0,0.0939,0.0,0.0,0.0939,0.0,0.0,0.0,2019-02-01
26,155,cha155,0.0,0.07237,0.0,0.0,0.07237,0.0,0.0,0.0,2019-02-01
27,158,cha158,0.0,0.01485,0.0,0.0,0.01485,0.0,0.0,0.0,2019-02-01
28,161,cha161,0.0,0.03383,0.0,0.0,0.03383,0.0,0.0,0.0,2019-02-01
29,162,cha162,0.0,0.0004108,0.0,0.0,0.0004108,0.0,0.0,0.0,2019-02-01
30,165,cha165,0.0,0.01315,0.0,0.0,0.01315,0.0,0.0,0.0,2019-02-01
31,166,cha166,0.0,0.001069,0.0,0.0,0.001069,0.0,0.0,0.0,2019-02-01
32,167,cha167,0.0,0.03217,0.0,0.0,0.03217,0.0,0.0,0.0,2019-02-01
33,168,cha168,0.0,0.0004207,0.0,0.0,0.0004207,0.0,0.0,0.0,2019-02-01
34,169,cha169,0.0,0.01145,0.0,0.0,0.01145,0.0,0.0,0.0,2019-02-01
35,170,cha170,0.0,0.00244,0.0,0.0,0.00244,0.0,0.0,0.0,2019-02-01
36,171,cha171,0.0,0.001472,0.0,0.0,0.001472,0.0,0.0,0.0,2019-02-01
37,173,cha173,0.0,0.01107,0.0,0.0,0.01107,0.0,0.0,0.0,2019-02-01
1,29,cha029,0.0,0.0,0.0,0.0,0.0,0.0,0.0,0.0,2019-02-02
2,35,cha035,0.0,0.0,0.0,0.0,0.0,0.0,0.0,0.0,2019-02-02
3,37,cha037,0.0,0.0,0.0,0.0,0.0,0.0,0.0,0.0,2019-02-02
4,38,cha038,0.0,0.008106,0.0,0.0,0.008106,0.0,0.0,0.0,2019-02-02
5,39,cha039,0.0,0.0,0.0,0.0,0.0,0.0,0.0,0.0,2019-02-02
6,41,cha041,0.0,0.0,0.0,0.0,0.0,0.0,0.0,0.0,2019-02-02
7,43,cha043,0.0,0.0,0.0,0.0,0.0,0.0,0.0,0.0,2019-02-02
8,44,cha044,0.0,0.0,0.0,0.0,0.0,0.0,0.0,0.0,2019-02-02
9,45,cha045,0.0,0.0,0.0,0.0,0.0,0.0,0.0,0.0,2019-02-02
10,50,cha050,0.0,0.0,0.0,0.0,0.0,0.0,0.0,0.0,2019-02-02
11,51,cha051,0.0,0.0,0.0,0.0,0.0,0.0,0.0,0.0,2019-02-02
12,54,cha054,0.0,0.0,0.0,0.0,0.0,0.0,0.0,0.0,2019-02-02
13,57,cha057,0.0,0.02129,0.0,0.0,0.02129,0.0,0.0,0.0,2019-02-02
14,59,cha059,0.0,0.0,0.0,0.0,0.0,0.0,0.0,0.0,2019-02-02
15,64,cha064,0.0,0.002719,0.0,0.0,0.002719,0.0,0.0,0.0,2019-02-02
16,66,cha066,0.0,0.0,0.0,0.0,0.0,0.0,0.0,0.0,2019-02-02
17,70,cha070,0.0,0.0,0.0,0.0,0.0,0.0,0.0,0.0,2019-02-02
18,71,cha071,0.0,0.0,0.0,0.0,0.0,0.0,0.0,0.0,2019-02-02
19,74,cha074,0.0,0.0,0.0,0.0,0.0,0.0,0.0,0.0,2019-02-02
20,138,cha138,0.0,11.44,0.0,0.0,11.44,0.0,0.0,0.0,2019-02-02
21,141,cha141,0.0,6.929,0.0,0.0,6.929,0.0,0.0,0.0,2019-02-02
22,142,cha142,0.0,1.18,0.0,0.0,1.18,0.0,0.0,0.0,2019-02-02
23,146,cha146,0.0,3.496,0.0,0.0,3.496,0.0,0.0,0.0,2019-02-02
24,148,cha148,0.0,9.781,0.0,0.0,9.781,0.0,0.0,0.0,2019-02-02
25,153,cha153,0.0,27.36,0.0,0.0,27.36,0.0,0.0,0.0,2019-02-02
26,155,cha155,0.0,23.16,0.0,0.0,23.16,0.0,0.0,0.0,2019-02-02
27,158,cha158,0.0,14.2,0.0,0.0,14.2,0.0,0.0,0.0,2019-02-02
28,161,cha161,0.0,19.86,0.0,0.0,19.86,0.0,0.0,0.0,2019-02-02
29,162,cha162,0.0,1.043,0.0,0.0,1.043,0.0,0.0,0.0,2019-02-02
30,165,cha165,0.0,10.69,0.0,0.0,10.69,0.0,0.0,0.0,2019-02-02
31,166,cha166,0.0,1.33,0.0,0.0,1.33,0.0,0.0,0.0,2019-02-02
32,167,cha167,0.0,16.58,0.0,0.0,16.58,0.0,0.0,0.0,2019-02-02
33,168,cha168,0.0,0.8648,0.0,0.0,0.8648,0.0,0.0,0.0,2019-02-02
34,169,cha169,0.0,7.872,0.0,0.0,7.872,0.0,0.0,0.0,2019-02-02
35,170,cha170,0.0,4.043,0.0,0.0,4.043,0.0,0.0,0.0,2019-02-02
36,171,cha171,0.0,2.572,0.0,0.0,2.572,0.0,0.0,0.0,2019-02-02
37,173,cha173,0.0,6.163,0.0,0.0,6.163,0.0,0.0,0.0,2019-02-02
1,29,cha029,0.0,0.0,0.0,0.0,0.0,0.0,0.0,0.0,2019-02-03
2,35,cha035,0.0,0.0,0.0,0.0,0.0,0.0,0.0,0.0,2019-02-03
3,37,cha037,0.0,0.0,0.0,0.0,0.0,0.0,0.0,0.0,2019-02-03
4,38,cha038,0.0,0.008796,0.0,0.0,0.008796,0.0,0.0,0.0,2019-02-03
5,39,cha039,0.0,0.0,0.0,0.0,0.0,0.0,0.0,0.0,2019-02-03
6,41,cha041,0.0,0.0,0.0,0.0,0.0,0.0,0.0,0.0,2019-02-03
7,43,cha043,0.0,0.0,0.0,0.0,0.0,0.0,0.0,0.0,2019-02-03
8,44,cha044,0.0,0.0,0.0,0.0,0.0,0.0,0.0,0.0,2019-02-03
9,45,cha045,0.0,0.0,0.0,0.0,0.0,0.0,0.0,0.0,2019-02-03
10,50,cha050,0.0,0.0,0.0,0.0,0.0,0.0,0.0,0.0,2019-02-03
11,51,cha051,0.0,0.0,0.0,0.0,0.0,0.0,0.0,0.0,2019-02-03
12,54,cha054,0.0,0.0,0.0,0.0,0.0,0.0,0.0,0.0,2019-02-03
13,57,cha057,0.0,0.02137,0.0,0.0,0.02137,0.0,0.0,0.0,2019-02-03
14,59,cha059,0.0,0.0,0.0,0.0,0.0,0.0,0.0,0.0,2019-02-03
15,64,cha064,0.0,0.003913,0.0,0.0,0.003913,0.0,0.0,0.0,2019-02-03
16,66,cha066,0.0,0.0,0.0,0.0,0.0,0.0,0.0,0.0,2019-02-03
17,70,cha070,0.0,0.0,0.0,0.0,0.0,0.0,0.0,0.0,2019-02-03
18,71,cha071,0.0,0.0,0.0,0.0,0.0,0.0,0.0,0.0,2019-02-03
19,74,cha074,0.0,0.0,0.0,0.0,0.0,0.0,0.0,0.0,2019-02-03
20,138,cha138,0.0,6.16,0.0,0.0,6.16,0.0,0.0,0.0,2019-02-03
21,141,cha141,0.0,3.886,0.0,0.0,3.886,0.0,0.0,0.0,2019-02-03
22,142,cha142,0.0,0.6195,0.0,0.0,0.6195,0.0,0.0,0.0,2019-02-03
23,146,cha146,0.0,1.774,0.0,0.0,1.774,0.0,0.0,0.0,2019-02-03
24,148,cha148,0.0,5.301,0.0,0.0,5.301,0.0,0.0,0.0,2019-02-03
25,153,cha153,0.0,14.02,0.0,0.0,14.02,0.0,0.0,0.0,2019-02-03
26,155,cha155,0.0,11.49,0.0,0.0,11.49,0.0,0.0,0.0,2019-02-03
27,158,cha158,0.0,7.092,0.0,0.0,7.092,0.0,0.0,0.0,2019-02-03
28,161,cha161,0.0,9.92,0.0,0.0,9.92,0.0,0.0,0.0,2019-02-03
29,162,cha162,0.0,0.5448,0.0,0.0,0.5448,0.0,0.0,0.0,2019-02-03
30,165,cha165,0.0,5.391,0.0,0.0,5.391,0.0,0.0,0.0,2019-02-03
31,166,cha166,0.0,0.7427,0.0,0.0,0.7427,0.0,0.0,0.0,2019-02-03
32,167,cha167,0.0,8.306,0.0,0.0,8.306,0.0,0.0,0.0,2019-02-03
33,168,cha168,0.0,0.4082,0.0,0.0,0.4082,0.0,0.0,0.0,2019-02-03
34,169,cha169,0.0,4.027,0.0,0.0,4.027,0.0,0.0,0.0,2019-02-03
35,170,cha170,0.0,2.052,0.0,0.0,2.052,0.0,0.0,0.0,2019-02-03
36,171,cha171,0.0,1.324,0.0,0.0,1.324,0.0,0.0,0.0,2019-02-03
37,173,cha173,0.0,3.147,0.0,0.0,3.147,0.0,0.0,0.0,2019-02-03
1,29,cha029,0.0,0.0,0.0,0.0,0.0,0.0,0.0,0.0,2019-02-04
2,35,cha035,0.0,0.0,0.0,0.0,0.0,0.0,0.0,0.0,2019-02-04
3,37,cha037,0.0,0.0,0.0,0.0,0.0,0.0,0.0,0.0,2019-02-04
4,38,cha038,0.0,0.009451,0.0,0.0,0.009451,0.0,0.0,0.0,2019-02-04
5,39,cha039,0.0,0.0,0.0,0.0,0.0,0.0,0.0,0.0,2019-02-04
6,41,cha041,0.0,0.0,0.0,0.0,0.0,0.0,0.0,0.0,2019-02-04
7,43,cha043,0.0,0.0,0.0,0.0,0.0,0.0,0.0,0.0,2019-02-04
8,44,cha044,0.0,0.0,0.0,0.0,0.0,0.0,0.0,0.0,2019-02-04
9,45,cha045,0.0,0.0,0.0,0.0,0.0,0.0,0.0,0.0,2019-02-04
10,50,cha050,0.0,0.0,0.0,0.0,0.0,0.0,0.0,0.0,2019-02-04
11,51,cha051,0.0,0.0,0.0,0.0,0.0,0.0,0.0,0.0,2019-02-04
12,54,cha054,0.0,0.0,0.0,0.0,0.0,0.0,0.0,0.0,2019-02-04
13,57,cha057,0.0,0.02141,0.0,0.0,0.02141,0.0,0.0,0.0,2019-02-04
14,59,cha059,0.0,0.0,0.0,0.0,0.0,0.0,0.0,0.0,2019-02-04
15,64,cha064,0.0,0.005007,0.0,0.0,0.005007,0.0,0.0,0.0,2019-02-04
16,66,cha066,0.0,0.0,0.0,0.0,0.0,0.0,0.0,0.0,2019-02-04
17,70,cha070,0.0,0.0,0.0,0.0,0.0,0.0,0.0,0.0,2019-02-04
18,71,cha071,0.0,0.0,0.0,0.0,0.0,0.0,0.0,0.0,2019-02-04
19,74,cha074,0.0,0.0,0.0,0.0,0.0,0.0,0.0,0.0,2019-02-04
20,138,cha138,0.0,3.41,0.0,0.0,3.41,0.0,0.0,0.0,2019-02-04
21,141,cha141,0.0,2.228,0.0,0.0,2.228,0.0,0.0,0.0,2019-02-04
22,142,cha142,0.0,0.3254,0.0,0.0,0.3254,0.0,0.0,0.0,2019-02-04
23,146,cha146,0.0,0.9144,0.0,0.0,0.9144,0.0,0.0,0.0,2019-02-04
24,148,cha148,0.0,2.95,0.0,0.0,2.95,0.0,0.0,0.0,2019-02-04
25,153,cha153,0.0,7.36,0.0,0.0,7.36,0.0,0.0,0.0,2019-02-04
26,155,cha155,0.0,5.835,0.0,0.0,5.835,0.0,0.0,0.0,2019-02-04
27,158,cha158,0.0,3.619,0.0,0.0,3.619,0.0,0.0,0.0,2019-02-04
28,161,cha161,0.0,5.07,0.0,0.0,5.07,0.0,0.0,0.0,2019-02-04
29,162,cha162,0.0,0.2847,0.0,0.0,0.2847,0.0,0.0,0.0,2019-02-04
30,165,cha165,0.0,2.751,0.0,0.0,2.751,0.0,0.0,0.0,2019-02-04
31,166,cha166,0.0,0.415,0.0,0.0,0.415,0.0,0.0,0.0,2019-02-04
32,167,cha167,0.0,4.246,0.0,0.0,4.246,0.0,0.0,0.0,2019-02-04
33,168,cha168,0.0,0.1928,0.0,0.0,0.1928,0.0,0.0,0.0,2019-02-04
34,169,cha169,0.0,2.084,0.0,0.0,2.084,0.0,0.0,0.0,2019-02-04
35,170,cha170,0.0,1.052,0.0,0.0,1.052,0.0,0.0,0.0,2019-02-04
36,171,cha171,0.0,0.6914,0.0,0.0,0.6914,0.0,0.0,0.0,2019-02-04
37,173,cha173,0.0,1.621,0.0,0.0,1.621,0.0,0.0,0.0,2019-02-04
1,29,cha029,0.0,0.0,0.0,0.0,0.0,0.0,0.0,0.0,2019-02-05
2,35,cha035,0.0,0.0,0.0,0.0,0.0,0.0,0.0,0.0,2019-02-05
3,37,cha037,0.0,0.0,0.0,0.0,0.0,0.0,0.0,0.0,2019-02-05
4,38,cha038,0.0,0.01007,0.0,0.0,0.01007,0.0,0.0,0.0,2019-02-05
5,39,cha039,0.0,0.0,0.0,0.0,0.0,0.0,0.0,0.0,2019-02-05
6,41,cha041,0.0,0.0,0.0,0.0,0.0,0.0,0.0,0.0,2019-02-05
7,43,cha043,0.0,0.0,0.0,0.0,0.0,0.0,0.0,0.0,2019-02-05
8,44,cha044,0.0,0.0,0.0,0.0,0.0,0.0,0.0,0.0,2019-02-05
9,45,cha045,0.0,0.0,0.0,0.0,0.0,0.0,0.0,0.0,2019-02-05
10,50,cha050,0.0,0.0,0.0,0.0,0.0,0.0,0.0,0.0,2019-02-05
11,51,cha051,0.0,0.0,0.0,0.0,0.0,0.0,0.0,0.0,2019-02-05
12,54,cha054,0.0,0.0,0.0,0.0,0.0,0.0,0.0,0.0,2019-02-05
13,57,cha057,0.0,0.02141,0.0,0.0,0.02141,0.0,0.0,0.0,2019-02-05
14,59,cha059,0.0,0.0,0.0,0.0,0.0,0.0,0.0,0.0,2019-02-05
15,64,cha064,0.0,0.006005,0.0,0.0,0.006005,0.0,0.0,0.0,2019-02-05
16,66,cha066,0.0,0.0,0.0,0.0,0.0,0.0,0.0,0.0,2019-02-05
17,70,cha070,0.0,0.0,0.0,0.0,0.0,0.0,0.0,0.0,2019-02-05
18,71,cha071,0.0,0.0,0.0,0.0,0.0,0.0,0.0,0.0,2019-02-05
19,74,cha074,0.0,0.0,0.0,0.0,0.0,0.0,0.0,0.0,2019-02-05
20,138,cha138,0.0,1.927,0.0,0.0,1.927,0.0,0.0,0.0,2019-02-05
21,141,cha141,0.0,1.296,0.0,0.0,1.296,0.0,0.0,0.0,2019-02-05
22,142,cha142,0.0,0.1709,0.0,0.0,0.1709,0.0,0.0,0.0,2019-02-05
23,146,cha146,0.0,0.4775,0.0,0.0,0.4775,0.0,0.0,0.0,2019-02-05
24,148,cha148,0.0,1.672,0.0,0.0,1.672,0.0,0.0,0.0,2019-02-05
25,153,cha153,0.0,3.95,0.0,0.0,3.95,0.0,0.0,0.0,2019-02-05
26,155,cha155,0.0,3.024,0.0,0.0,3.024,0.0,0.0,0.0,2019-02-05
27,158,cha158,0.0,1.877,0.0,0.0,1.877,0.0,0.0,0.0,2019-02-05
28,161,cha161,0.0,2.64,0.0,0.0,2.64,0.0,0.0,0.0,2019-02-05
29,162,cha162,0.0,0.1488,0.0,0.0,0.1488,0.0,0.0,0.0,2019-02-05
30,165,cha165,0.0,1.42,0.0,0.0,1.42,0.0,0.0,0.0,2019-02-05
31,166,cha166,0.0,0.2321,0.0,0.0,0.2321,0.0,0.0,0.0,2019-02-05
32,167,cha167,0.0,2.206,0.0,0.0,2.206,0.0,0.0,0.0,2019-02-05
33,168,cha168,0.0,0.0912,0.0,0.0,0.0912,0.0,0.0,0.0,2019-02-05
34,169,cha169,0.0,1.091,0.0,0.0,1.091,0.0,0.0,0.0,2019-02-05
35,170,cha170,0.0,0.5446,0.0,0.0,0.5446,0.0,0.0,0.0,2019-02-05
36,171,cha171,0.0,0.3653,0.0,0.0,0.3653,0.0,0.0,0.0,2019-02-05
37,173,cha173,0.0,0.8434,0.0,0.0,0.8434,0.0,0.0,0.0,2019-02-05
1,29,cha029,0.0,0.0,0.0,0.0,0.0,0.0,0.0,0.0,2019-02-06
2,35,cha035,0.0,0.0,0.0,0.0,0.0,0.0,0.0,0.0,2019-02-06
3,37,cha037,0.0,0.0,0.0,0.0,0.0,0.0,0.0,0.0,2019-02-06
4,38,cha038,0.0,0.01066,0.0,0.0,0.01066,0.0,0.0,0.0,2019-02-06
5,39,cha039,0.0,0.0,0.0,0.0,0.0,0.0,0.0,0.0,2019-02-06
6,41,cha041,0.0,0.0,0.0,0.0,0.0,0.0,0.0,0.0,2019-02-06
7,43,cha043,0.0,0.0,0.0,0.0,0.0,0.0,0.0,0.0,2019-02-06
8,44,cha044,0.0,0.0,0.0,0.0,0.0,0.0,0.0,0.0,2019-02-06
9,45,cha045,0.0,0.0,0.0,0.0,0.0,0.0,0.0,0.0,2019-02-06
10,50,cha050,0.0,0.0,0.0,0.0,0.0,0.0,0.0,0.0,2019-02-06
11,51,cha051,0.0,0.0,0.0,0.0,0.0,0.0,0.0,0.0,2019-02-06
12,54,cha054,0.0,0.0,0.0,0.0,0.0,0.0,0.0,0.0,2019-02-06
13,57,cha057,0.0,0.02137,0.0,0.0,0.02137,0.0,0.0,0.0,2019-02-06
14,59,cha059,0.0,0.0,0.0,0.0,0.0,0.0,0.0,0.0,2019-02-06
15,64,cha064,0.0,0.006915,0.0,0.0,0.006915,0.0,0.0,0.0,2019-02-06
16,66,cha066,0.0,0.0,0.0,0.0,0.0,0.0,0.0,0.0,2019-02-06
17,70,cha070,0.0,0.0,0.0,0.0,0.0,0.0,0.0,0.0,2019-02-06
18,71,cha071,0.0,0.0,0.0,0.0,0.0,0.0,0.0,0.0,2019-02-06
19,74,cha074,0.0,0.0,0.0,0.0,0.0,0.0,0.0,0.0,2019-02-06
20,138,cha138,0.0,1.108,0.0,0.0,1.108,0.0,0.0,0.0,2019-02-06
21,141,cha141,0.0,0.7623,0.0,0.0,0.7623,0.0,0.0,0.0,2019-02-06
22,142,cha142,0.0,0.08981,0.0,0.0,0.08981,0.0,0.0,0.0,2019-02-06
23,146,cha146,0.0,0.2521,0.0,0.0,0.2521,0.0,0.0,0.0,2019-02-06
24,148,cha148,0.0,0.9617,0.0,0.0,0.9617,0.0,0.0,0.0,2019-02-06
25,153,cha153,0.0,2.169,0.0,0.0,2.169,0.0,0.0,0.0,2019-02-06
26,155,cha155,0.0,1.603,0.0,0.0,1.603,0.0,0.0,0.0,2019-02-06
27,158,cha158,0.0,0.9879,0.0,0.0,0.9879,0.0,0.0,0.0,2019-02-06
28,161,cha161,0.0,1.398,0.0,0.0,1.398,0.0,0.0,0.0,2019-02-06
29,162,cha162,0.0,0.07791,0.0,0.0,0.07791,0.0,0.0,0.0,2019-02-06
30,165,cha165,0.0,0.7425,0.0,0.0,0.7425,0.0,0.0,0.0,2019-02-06
31,166,cha166,0.0,0.13,0.0,0.0,0.13,0.0,0.0,0.0,2019-02-06
32,167,cha167,0.0,1.165,0.0,0.0,1.165,0.0,0.0,0.0,2019-02-06
33,168,cha168,0.0,0.04324,0.0,0.0,0.04324,0.0,0.0,0.0,2019-02-06
34,169,cha169,0.0,0.5785,0.0,0.0,0.5785,0.0,0.0,0.0,2019-02-06
35,170,cha170,0.0,0.2845,0.0,0.0,0.2845,0.0,0.0,0.0,2019-02-06
36,171,cha171,0.0,0.1949,0.0,0.0,0.1949,0.0,0.0,0.0,2019-02-06
37,173,cha173,0.0,0.4445,0.0,0.0,0.4445,0.0,0.0,0.0,2019-02-06
1,29,cha029,0.0,0.0,0.0,0.0,0.0,0.0,0.0,0.0,2019-02-07
2,35,cha035,0.0,0.0,0.0,0.0,0.0,0.0,0.0,0.0,2019-02-07
3,37,cha037,0.0,0.0,0.0,0.0,0.0,0.0,0.0,0.0,2019-02-07
4,38,cha038,0.0,0.01122,0.0,0.0,0.01122,0.0,0.0,0.0,2019-02-07
5,39,cha039,0.0,0.0,0.0,0.0,0.0,0.0,0.0,0.0,2019-02-07
6,41,cha041,0.0,0.0,0.0,0.0,0.0,0.0,0.0,0.0,2019-02-07
7,43,cha043,0.0,0.0,0.0,0.0,0.0,0.0,0.0,0.0,2019-02-07
8,44,cha044,0.0,0.0,0.0,0.0,0.0,0.0,0.0,0.0,2019-02-07
9,45,cha045,0.0,0.0,0.0,0.0,0.0,0.0,0.0,0.0,2019-02-07
10,50,cha050,0.0,0.0,0.0,0.0,0.0,0.0,0.0,0.0,2019-02-07
11,51,cha051,0.0,0.0,0.0,0.0,0.0,0.0,0.0,0.0,2019-02-07
12,54,cha054,0.0,0.0,0.0,0.0,0.0,0.0,0.0,0.0,2019-02-07
13,57,cha057,0.0,0.02131,0.0,0.0,0.02131,0.0,0.0,0.0,2019-02-07
14,59,cha059,0.0,0.0,0.0,0.0,0.0,0.0,0.0,0.0,2019-02-07
15,64,cha064,0.0,0.007742,0.0,0.0,0.007742,0.0,0.0,0.0,2019-02-07
16,66,cha066,0.0,0.0,0.0,0.0,0.0,0.0,0.0,0.0,2019-02-07
17,70,cha070,0.0,0.0,0.0,0.0,0.0,0.0,0.0,0.0,2019-02-07
18,71,cha071,0.0,0.0,0.0,0.0,0.0,0.0,0.0,0.0,2019-02-07
19,74,cha074,0.0,0.0,0.0,0.0,0.0,0.0,0.0,0.0,2019-02-07
20,138,cha138,0.0,0.6474,0.0,0.0,0.6474,0.0,0.0,0.0,2019-02-07
21,141,cha141,0.0,0.4528,0.0,0.0,0.4528,0.0,0.0,0.0,2019-02-07
22,142,cha142,0.0,0.04723,0.0,0.0,0.04723,0.0,0.0,0.0,2019-02-07
23,146,cha146,0.0,0.1344,0.0,0.0,0.1344,0.0,0.0,0.0,2019-02-07
24,148,cha148,0.0,0.5595,0.0,0.0,0.5595,0.0,0.0,0.0,2019-02-07
25,153,cha153,0.0,1.223,0.0,0.0,1.223,0.0,0.0,0.0,2019-02-07
26,155,cha155,0.0,0.8729,0.0,0.0,0.8729,0.0,0.0,0.0,2019-02-07
27,158,cha158,0.0,0.528,0.0,0.0,0.528,0.0,0.0,0.0,2019-02-07
28,161,cha161,0.0,0.755,0.0,0.0,0.755,0.0,0.0,0.0,2019-02-07
29,162,cha162,0.0,0.04087,0.0,0.0,0.04087,0.0,0.0,0.0,2019-02-07
30,165,cha165,0.0,0.3945,0.0,0.0,0.3945,0.0,0.0,0.0,2019-02-07
31,166,cha166,0.0,0.07299,0.0,0.0,0.07299,0.0,0.0,0.0,2019-02-07
32,167,cha167,0.0,0.6269,0.0,0.0,0.6269,0.0,0.0,0.0,2019-02-07
33,168,cha168,0.0,0.02061,0.0,0.0,0.02061,0.0,0.0,0.0,2019-02-07
34,169,cha169,0.0,0.3119,0.0,0.0,0.3119,0.0,0.0,0.0,2019-02-07
35,170,cha170,0.0,0.15,0.0,0.0,0.15,0.0,0.0,0.0,2019-02-07
36,171,cha171,0.0,0.105,0.0,0.0,0.105,0.0,0.0,0.0,2019-02-07
37,173,cha173,0.0,0.2389,0.0,0.0,0.2389,0.0,0.0,0.0,2019-02-07
1,29,cha029,0.0,0.0,0.0,0.0,0.0,0.0,0.0,0.0,2019-02-08
2,35,cha035,0.0,0.0,0.0,0.0,0.0,0.0,0.0,0.0,2019-02-08
3,37,cha037,0.0,0.0,0.0,0.0,0.0,0.0,0.0,0.0,2019-02-08
4,38,cha038,0.0,0.01175,0.0,0.0,0.01175,0.0,0.0,0.0,2019-02-08
5,39,cha039,0.0,0.0,0.0,0.0,0.0,0.0,0.0,0.0,2019-02-08
6,41,cha041,0.0,0.0,0.0,0.0,0.0,0.0,0.0,0.0,2019-02-08
7,43,cha043,0.0,0.0,0.0,0.0,0.0,0.0,0.0,0.0,2019-02-08
8,44,cha044,0.0,0.0,0.0,0.0,0.0,0.0,0.0,0.0,2019-02-08
9,45,cha045,0.0,0.0,0.0,0.0,0.0,0.0,0.0,0.0,2019-02-08
10,50,cha050,0.0,0.0,0.0,0.0,0.0,0.0,0.0,0.0,2019-02-08
11,51,cha051,0.0,0.0,0.0,0.0,0.0,0.0,0.0,0.0,2019-02-08
12,54,cha054,0.0,0.0,0.0,0.0,0.0,0.0,0.0,0.0,2019-02-08
13,57,cha057,0.0,0.02122,0.0,0.0,0.02122,0.0,0.0,0.0,2019-02-08
14,59,cha059,0.0,0.0,0.0,0.0,0.0,0.0,0.0,0.0,2019-02-08
15,64,cha064,0.0,0.00849,0.0,0.0,0.00849,0.0,0.0,0.0,2019-02-08
16,66,cha066,0.0,0.0,0.0,0.0,0.0,0.0,0.0,0.0,2019-02-08
17,70,cha070,0.0,0.0,0.0,0.0,0.0,0.0,0.0,0.0,2019-02-08
18,71,cha071,0.0,0.0,0.0,0.0,0.0,0.0,0.0,0.0,2019-02-08
19,74,cha074,0.0,0.0,0.0,0.0,0.0,0.0,0.0,0.0,2019-02-08
20,138,cha138,0.0,0.3847,0.0,0.0,0.3847,0.0,0.0,0.0,2019-02-08
21,141,cha141,0.0,0.2711,0.0,0.0,0.2711,0.0,0.0,0.0,2019-02-08
22,142,cha142,0.0,0.02488,0.0,0.0,0.02488,0.0,0.0,0.0,2019-02-08
23,146,cha146,0.0,0.07226,0.0,0.0,0.07226,0.0,0.0,0.0,2019-02-08
24,148,cha148,0.0,0.3288,0.0,0.0,0.3288,0.0,0.0,0.0,2019-02-08
25,153,cha153,0.0,0.7149,0.0,0.0,0.7149,0.0,0.0,0.0,2019-02-08
26,155,cha155,0.0,0.4944,0.0,0.0,0.4944,0.0,0.0,0.0,2019-02-08
27,158,cha158,0.0,0.2881,0.0,0.0,0.2881,0.0,0.0,0.0,2019-02-08
28,161,cha161,0.0,0.4183,0.0,0.0,0.4183,0.0,0.0,0.0,2019-02-08
29,162,cha162,0.0,0.02153,0.0,0.0,0.02153,0.0,0.0,0.0,2019-02-08
30,165,cha165,0.0,0.2147,0.0,0.0,0.2147,0.0,0.0,0.0,2019-02-08
31,166,cha166,0.0,0.04117,0.0,0.0,0.04117,0.0,0.0,0.0,2019-02-08
32,167,cha167,0.0,0.347,0.0,0.0,0.347,0.0,0.0,0.0,2019-02-08
33,168,cha168,0.0,0.009929,0.0,0.0,0.009929,0.0,0.0,0.0,2019-02-08
34,169,cha169,0.0,0.1725,0.0,0.0,0.1725,0.0,0.0,0.0,2019-02-08
35,170,cha170,0.0,0.08006,0.0,0.0,0.08006,0.0,0.0,0.0,2019-02-08
36,171,cha171,0.0,0.0572,0.0,0.0,0.0572,0.0,0.0,0.0,2019-02-08
37,173,cha173,0.0,0.1324,0.0,0.0,0.1324,0.0,0.0,0.0,2019-02-08
1,29,cha029,0.0,0.0,0.0,0.0,0.0,0.0,0.0,0.0,2019-02-09
2,35,cha035,0.0,0.0,0.0,0.0,0.0,0.0,0.0,0.0,2019-02-09
3,37,cha037,0.0,0.0,0.0,0.0,0.0,0.0,0.0,0.0,2019-02-09
4,38,cha038,0.0,0.01226,0.0,0.0,0.01226,0.0,0.0,0.0,2019-02-09
5,39,cha039,0.0,0.0,0.0,0.0,0.0,0.0,0.0,0.0,2019-02-09
6,41,cha041,0.0,0.0,0.0,0.0,0.0,0.0,0.0,0.0,2019-02-09
7,43,cha043,0.0,0.0,0.0,0.0,0.0,0.0,0.0,0.0,2019-02-09
8,44,cha044,0.0,0.0,0.0,0.0,0.0,0.0,0.0,0.0,2019-02-09
9,45,cha045,0.0,0.0,0.0,0.0,0.0,0.0,0.0,0.0,2019-02-09
10,50,cha050,0.0,0.0,0.0,0.0,0.0,0.0,0.0,0.0,2019-02-09
11,51,cha051,0.0,0.0,0.0,0.0,0.0,0.0,0.0,0.0,2019-02-09
12,54,cha054,0.0,0.0,0.0,0.0,0.0,0.0,0.0,0.0,2019-02-09
13,57,cha057,0.0,0.0211,0.0,0.0,0.0211,0.0,0.0,0.0,2019-02-09
14,59,cha059,0.0,0.0,0.0,0.0,0.0,0.0,0.0,0.0,2019-02-09
15,64,cha064,0.0,0.009166,0.0,0.0,0.009166,0.0,0.0,0.0,2019-02-09
16,66,cha066,0.0,0.0,0.0,0.0,0.0,0.0,0.0,0.0,2019-02-09
17,70,cha070,0.0,0.0,0.0,0.0,0.0,0.0,0.0,0.0,2019-02-09
18,71,cha071,0.0,0.0,0.0,0.0,0.0,0.0,0.0,0.0,2019-02-09
19,74,cha074,0.0,0.0,0.0,0.0,0.0,0.0,0.0,0.0,2019-02-09
20,138,cha138,0.0,0.2334,0.0,0.0,0.2334,0.0,0.0,0.0,2019-02-09
21,141,cha141,0.0,0.1637,0.0,0.0,0.1637,0.0,0.0,0.0,2019-02-09
22,142,cha142,0.0,0.01314,0.0,0.0,0.01314,0.0,0.0,0.0,2019-02-09
23,146,cha146,0.0,0.03922,0.0,0.0,0.03922,0.0,0.0,0.0,2019-02-09
24,148,cha148,0.0,0.1951,0.0,0.0,0.1951,0.0,0.0,0.0,2019-02-09
25,153,cha153,0.0,0.4383,0.0,0.0,0.4383,0.0,0.0,0.0,2019-02-09
26,155,cha155,0.0,0.2963,0.0,0.0,0.2963,0.0,0.0,0.0,2019-02-09
27,158,cha158,0.0,0.1622,0.0,0.0,0.1622,0.0,0.0,0.0,2019-02-09
28,161,cha161,0.0,0.2407,0.0,0.0,0.2407,0.0,0.0,0.0,2019-02-09
29,162,cha162,0.0,0.01143,0.0,0.0,0.01143,0.0,0.0,0.0,2019-02-09
30,165,cha165,0.0,0.1213,0.0,0.0,0.1213,0.0,0.0,0.0,2019-02-09
31,166,cha166,0.0,0.02341,0.0,0.0,0.02341,0.0,0.0,0.0,2019-02-09
32,167,cha167,0.0,0.2004,0.0,0.0,0.2004,0.0,0.0,0.0,2019-02-09
33,168,cha168,0.0,0.004888,0.0,0.0,0.004888,0.0,0.0,0.0,2019-02-09
34,169,cha169,0.0,0.09928,0.0,0.0,0.09928,0.0,0.0,0.0,2019-02-09
35,170,cha170,0.0,0.0434,0.0,0.0,0.0434,0.0,0.0,0.0,2019-02-09
36,171,cha171,0.0,0.03155,0.0,0.0,0.03155,0.0,0.0,0.0,2019-02-09
37,173,cha173,0.0,0.07718,0.0,0.0,0.07718,0.0,0.0,0.0,2019-02-09
1,29,cha029,0.0,0.0,0.0,0.0,0.0,0.0,0.0,0.0,2019-02-10
2,35,cha035,0.0,0.0,0.0,0.0,0.0,0.0,0.0,0.0,2019-02-10
3,37,cha037,0.0,0.0,0.0,0.0,0.0,0.0,0.0,0.0,2019-02-10
4,38,cha038,0.0,0.01274,0.0,0.0,0.01274,0.0,0.0,0.0,2019-02-10
5,39,cha039,0.0,0.0,0.0,0.0,0.0,0.0,0.0,0.0,2019-02-10
6,41,cha041,0.0,0.0,0.0,0.0,0.0,0.0,0.0,0.0,2019-02-10
7,43,cha043,0.0,0.0,0.0,0.0,0.0,0.0,0.0,0.0,2019-02-10
8,44,cha044,0.0,0.0,0.0,0.0,0.0,0.0,0.0,0.0,2019-02-10
9,45,cha045,0.0,0.0,0.0,0.0,0.0,0.0,0.0,0.0,2019-02-10
10,50,cha050,0.0,0.0,0.0,0.0,0.0,0.0,0.0,0.0,2019-02-10
11,51,cha051,0.0,0.0,0.0,0.0,0.0,0.0,0.0,0.0,2019-02-10
12,54,cha054,0.0,0.0,0.0,0.0,0.0,0.0,0.0,0.0,2019-02-10
13,57,cha057,0.0,0.02096,0.0,0.0,0.02096,0.0,0.0,0.0,2019-02-10
14,59,cha059,0.0,0.0,0.0,0.0,0.0,0.0,0.0,0.0,2019-02-10
15,64,cha064,0.0,0.009774,0.0,0.0,0.009774,0.0,0.0,0.0,2019-02-10
16,66,cha066,0.0,0.0,0.0,0.0,0.0,0.0,0.0,0.0,2019-02-10
17,70,cha070,0.0,0.0,0.0,0.0,0.0,0.0,0.0,0.0,2019-02-10
18,71,cha071,0.0,0.0,0.0,0.0,0.0,0.0,0.0,0.0,2019-02-10
19,74,cha074,0.0,0.0,0.0,0.0,0.0,0.0,0.0,0.0,2019-02-10
20,138,cha138,0.0,0.1456,0.0,0.0,0.1456,0.0,0.0,0.0,2019-02-10
21,141,cha141,0.0,0.0996,0.0,0.0,0.0996,0.0,0.0,0.0,2019-02-10
22,142,cha142,0.0,0.006974,0.0,0.0,0.006974,0.0,0.0,0.0,2019-02-10
23,146,cha146,0.0,0.02153,0.0,0.0,0.02153,0.0,0.0,0.0,2019-02-10
24,148,cha148,0.0,0.1169,0.0,0.0,0.1169,0.0,0.0,0.0,2019-02-10
25,153,cha153,0.0,0.2863,0.0,0.0,0.2863,0.0,0.0,0.0,2019-02-10
26,155,cha155,0.0,0.1918,0.0,0.0,0.1918,0.0,0.0,0.0,2019-02-10
27,158,cha158,0.0,0.09579,0.0,0.0,0.09579,0.0,0.0,0.0,2019-02-10
28,161,cha161,0.0,0.1465,0.0,0.0,0.1465,0.0,0.0,0.0,2019-02-10
29,162,cha162,0.0,0.006152,0.0,0.0,0.006152,0.0,0.0,0.0,2019-02-10
30,165,cha165,0.0,0.07263,0.0,0.0,0.07263,0.0,0.0,0.0,2019-02-10
31,166,cha166,0.0,0.01349,0.0,0.0,0.01349,0.0,0.0,0.0,2019-02-10
32,167,cha167,0.0,0.1233,0.0,0.0,0.1233,0.0,0.0,0.0,2019-02-10
33,168,cha168,0.0,0.002507,0.0,0.0,0.002507,0.0,0.0,0.0,2019-02-10
34,169,cha169,0.0,0.06078,0.0,0.0,0.06078,0.0,0.0,0.0,2019-02-10
35,170,cha170,0.0,0.02409,0.0,0.0,0.02409,0.0,0.0,0.0,2019-02-10
36,171,cha171,0.0,0.01774,0.0,0.0,0.01774,0.0,0.0,0.0,2019-02-10
37,173,cha173,0.0,0.04849,0.0,0.0,0.04849,0.0,0.0,0.0,2019-02-10
1,29,cha029,0.0,0.0,0.0,0.0,0.0,0.0,0.0,0.0,2019-02-11
2,35,cha035,0.0,0.0,0.0,0.0,0.0,0.0,0.0,0.0,2019-02-11
3,37,cha037,0.0,0.0,0.0,0.0,0.0,0.0,0.0,0.0,2019-02-11
4,38,cha038,0.0,0.01319,0.0,0.0,0.01319,0.0,0.0,0.0,2019-02-11
5,39,cha039,0.0,0.0,0.0,0.0,0.0,0.0,0.0,0.0,2019-02-11
6,41,cha041,0.0,0.0,0.0,0.0,0.0,0.0,0.0,0.0,2019-02-11
7,43,cha043,0.0,0.0,0.0,0.0,0.0,0.0,0.0,0.0,2019-02-11
8,44,cha044,0.0,0.0,0.0,0.0,0.0,0.0,0.0,0.0,2019-02-11
9,45,cha045,0.0,0.0,0.0,0.0,0.0,0.0,0.0,0.0,2019-02-11
10,50,cha050,0.0,0.0,0.0,0.0,0.0,0.0,0.0,0.0,2019-02-11
11,51,cha051,0.0,0.0,0.0,0.0,0.0,0.0,0.0,0.0,2019-02-11
12,54,cha054,0.0,0.0,0.0,0.0,0.0,0.0,0.0,0.0,2019-02-11
13,57,cha057,0.0,0.02079,0.0,0.0,0.02079,0.0,0.0,0.0,2019-02-11
14,59,cha059,0.0,0.0,0.0,0.0,0.0,0.0,0.0,0.0,2019-02-11
15,64,cha064,0.0,0.01032,0.0,0.0,0.01032,0.0,0.0,0.0,2019-02-11
16,66,cha066,0.0,0.0,0.0,0.0,0.0,0.0,0.0,0.0,2019-02-11
17,70,cha070,0.0,0.0,0.0,0.0,0.0,0.0,0.0,0.0,2019-02-11
18,71,cha071,0.0,0.0,0.0,0.0,0.0,0.0,0.0,0.0,2019-02-11
19,74,cha074,0.0,0.0,0.0,0.0,0.0,0.0,0.0,0.0,2019-02-11
20,138,cha138,0.0,0.09438,0.0,0.0,0.09438,0.0,0.0,0.0,2019-02-11
21,141,cha141,0.0,0.06119,0.0,0.0,0.06119,0.0,0.0,0.0,2019-02-11
22,142,cha142,0.0,0.003739,0.0,0.0,0.003739,0.0,0.0,0.0,2019-02-11
23,146,cha146,0.0,0.01201,0.0,0.0,0.01201,0.0,0.0,0.0,2019-02-11
24,148,cha148,0.0,0.07093,0.0,0.0,0.07093,0.0,0.0,0.0,2019-02-11
25,153,cha153,0.0,0.2026,0.0,0.0,0.2026,0.0,0.0,0.0,2019-02-11
26,155,cha155,0.0,0.137,0.0,0.0,0.137,0.0,0.0,0.0,2019-02-11
27,158,cha158,0.0,0.06071,0.0,0.0,0.06071,0.0,0.0,0.0,2019-02-11
28,161,cha161,0.0,0.09625,0.0,0.0,0.09625,0.0,0.0,0.0,2019-02-11
29,162,cha162,0.0,0.003397,0.0,0.0,0.003397,0.0,0.0,0.0,2019-02-11
30,165,cha165,0.0,0.04726,0.0,0.0,0.04726,0.0,0.0,0.0,2019-02-11
31,166,cha166,0.0,0.007945,0.0,0.0,0.007945,0.0,0.0,0.0,2019-02-11
32,167,cha167,0.0,0.08259,0.0,0.0,0.08259,0.0,0.0,0.0,2019-02-11
33,168,cha168,0.0,0.001382,0.0,0.0,0.001382,0.0,0.0,0.0,2019-02-11
34,169,cha169,0.0,0.04054,0.0,0.0,0.04054,0.0,0.0,0.0,2019-02-11
35,170,cha170,0.0,0.01386,0.0,0.0,0.01386,0.0,0.0,0.0,2019-02-11
36,171,cha171,0.0,0.01026,0.0,0.0,0.01026,0.0,0.0,0.0,2019-02-11
37,173,cha173,0.0,0.03362,0.0,0.0,0.03362,0.0,0.0,0.0,2019-02-11
1,29,cha029,0.0,0.0,0.0,0.0,0.0,0.0,0.0,0.0,2019-02-12
2,35,cha035,0.0,0.0,0.0,0.0,0.0,0.0,0.0,0.0,2019-02-12
3,37,cha037,0.0,0.0,0.0,0.0,0.0,0.0,0.0,0.0,2019-02-12
4,38,cha038,0.0,0.01362,0.0,0.0,0.01362,0.0,0.0,0.0,2019-02-12
5,39,cha039,0.0,0.0,0.0,0.0,0.0,0.0,0.0,0.0,2019-02-12
6,41,cha041,0.0,0.0,0.0,0.0,0.0,0.0,0.0,0.0,2019-02-12
7,43,cha043,0.0,0.0,0.0,0.0,0.0,0.0,0.0,0.0,2019-02-12
8,44,cha044,0.0,0.0,0.0,0.0,0.0,0.0,0.0,0.0,2019-02-12
9,45,cha045,0.0,0.0,0.0,0.0,0.0,0.0,0.0,0.0,2019-02-12
10,50,cha050,0.0,0.0,0.0,0.0,0.0,0.0,0.0,0.0,2019-02-12
11,51,cha051,0.0,0.0,0.0,0.0,0.0,0.0,0.0,0.0,2019-02-12
12,54,cha054,0.0,0.0,0.0,0.0,0.0,0.0,0.0,0.0,2019-02-12
13,57,cha057,0.0,0.02061,0.0,0.0,0.02061,0.0,0.0,0.0,2019-02-12
14,59,cha059,0.0,0.0,0.0,0.0,0.0,0.0,0.0,0.0,2019-02-12
15,64,cha064,0.0,0.0108,0.0,0.0,0.0108,0.0,0.0,0.0,2019-02-12
16,66,cha066,0.0,0.0,0.0,0.0,0.0,0.0,0.0,0.0,2019-02-12
17,70,cha070,0.0,0.0,0.0,0.0,0.0,0.0,0.0,0.0,2019-02-12
18,71,cha071,0.0,0.0,0.0,0.0,0.0,0.0,0.0,0.0,2019-02-12
19,74,cha074,0.0,0.0,0.0,0.0,0.0,0.0,0.0,0.0,2019-02-12
20,138,cha138,0.0,0.06434,0.0,0.0,0.06434,0.0,0.0,0.0,2019-02-12
21,141,cha141,0.0,0.03804,0.0,0.0,0.03804,0.0,0.0,0.0,2019-02-12
22,142,cha142,0.0,0.002039,0.0,0.0,0.002039,0.0,0.0,0.0,2019-02-12
23,146,cha146,0.0,0.006859,0.0,0.0,0.006859,0.0,0.0,0.0,2019-02-12
24,148,cha148,0.0,0.04367,0.0,0.0,0.04367,0.0,0.0,0.0,2019-02-12
25,153,cha153,0.0,0.1559,0.0,0.0,0.1559,0.0,0.0,0.0,2019-02-12
26,155,cha155,0.0,0.108,0.0,0.0,0.108,0.0,0.0,0.0,2019-02-12
27,158,cha158,0.0,0.04217,0.0,0.0,0.04217,0.0,0.0,0.0,2019-02-12
28,161,cha161,0.0,0.06936,0.0,0.0,0.06936,0.0,0.0,0.0,2019-02-12
29,162,cha162,0.0,0.001957,0.0,0.0,0.001957,0.0,0.0,0.0,2019-02-12
30,165,cha165,0.0,0.03406,0.0,0.0,0.03406,0.0,0.0,0.0,2019-02-12
31,166,cha166,0.0,0.004847,0.0,0.0,0.004847,0.0,0.0,0.0,2019-02-12
32,167,cha167,0.0,0.06102,0.0,0.0,0.06102,0.0,0.0,0.0,2019-02-12
33,168,cha168,0.0,0.0008495,0.0,0.0,0.0008495,0.0,0.0,0.0,2019-02-12
34,169,cha169,0.0,0.02993,0.0,0.0,0.02993,0.0,0.0,0.0,2019-02-12
35,170,cha170,0.0,0.008414,0.0,0.0,0.008414,0.0,0.0,0.0,2019-02-12
36,171,cha171,0.0,0.006189,0.0,0.0,0.006189,0.0,0.0,0.0,2019-02-12
37,173,cha173,0.0,0.02597,0.0,0.0,0.02597,0.0,0.0,0.0,2019-02-12
1,29,cha029,0.0,0.0,0.0,0.0,0.0,0.0,0.0,0.0,2019-02-13
2,35,cha035,0.0,0.0,0.0,0.0,0.0,0.0,0.0,0.0,2019-02-13
3,37,cha037,0.0,0.0,0.0,0.0,0.0,0.0,0.0,0.0,2019-02-13
4,38,cha038,0.0,0.01403,0.0,0.0,0.01403,0.0,0.0,0.0,2019-02-13
5,39,cha039,0.0,0.0,0.0,0.0,0.0,0.0,0.0,0.0,2019-02-13
6,41,cha041,0.0,0.0,0.0,0.0,0.0,0.0,0.0,0.0,2019-02-13
7,43,cha043,0.0,0.0,0.0,0.0,0.0,0.0,0.0,0.0,2019-02-13
8,44,cha044,0.0,0.0,0.0,0.0,0.0,0.0,0.0,0.0,2019-02-13
9,45,cha045,0.0,0.0,0.0,0.0,0.0,0.0,0.0,0.0,2019-02-13
10,50,cha050,0.0,0.0,0.0,0.0,0.0,0.0,0.0,0.0,2019-02-13
11,51,cha051,0.0,0.0,0.0,0.0,0.0,0.0,0.0,0.0,2019-02-13
12,54,cha054,0.0,0.0,0.0,0.0,0.0,0.0,0.0,0.0,2019-02-13
13,57,cha057,0.0,0.02041,0.0,0.0,0.02041,0.0,0.0,0.0,2019-02-13
14,59,cha059,0.0,0.0,0.0,0.0,0.0,0.0,0.0,0.0,2019-02-13
15,64,cha064,0.0,0.01123,0.0,0.0,0.01123,0.0,0.0,0.0,2019-02-13
16,66,cha066,0.0,0.0,0.0,0.0,0.0,0.0,0.0,0.0,2019-02-13
17,70,cha070,0.0,0.0,0.0,0.0,0.0,0.0,0.0,0.0,2019-02-13
18,71,cha071,0.0,0.0,0.0,0.0,0.0,0.0,0.0,0.0,2019-02-13
19,74,cha074,0.0,0.0,0.0,0.0,0.0,0.0,0.0,0.0,2019-02-13
20,138,cha138,0.0,0.0467,0.0,0.0,0.0467,0.0,0.0,0.0,2019-02-13
21,141,cha141,0.0,0.02404,0.0,0.0,0.02404,0.0,0.0,0.0,2019-02-13
22,142,cha142,0.0,0.001147,0.0,0.0,0.001147,0.0,0.0,0.0,2019-02-13
23,146,cha146,0.0,0.004067,0.0,0.0,0.004067,0.0,0.0,0.0,2019-02-13
24,148,cha148,0.0,0.02744,0.0,0.0,0.02744,0.0,0.0,0.0,2019-02-13
25,153,cha153,0.0,0.1297,0.0,0.0,0.1297,0.0,0.0,0.0,2019-02-13
26,155,cha155,0.0,0.09256,0.0,0.0,0.09256,0.0,0.0,0.0,2019-02-13
27,158,cha158,0.0,0.0324,0.0,0.0,0.0324,0.0,0.0,0.0,2019-02-13
28,161,cha161,0.0,0.05494,0.0,0.0,0.05494,0.0,0.0,0.0,2019-02-13
29,162,cha162,0.0,0.001205,0.0,0.0,0.001205,0.0,0.0,0.0,2019-02-13
30,165,cha165,0.0,0.02724,0.0,0.0,0.02724,0.0,0.0,0.0,2019-02-13
31,166,cha166,0.0,0.003114,0.0,0.0,0.003114,0.0,0.0,0.0,2019-02-13
32,167,cha167,0.0,0.04958,0.0,0.0,0.04958,0.0,0.0,0.0,2019-02-13
33,168,cha168,0.0,0.0005966,0.0,0.0,0.0005966,0.0,0.0,0.0,2019-02-13
34,169,cha169,0.0,0.02443,0.0,0.0,0.02443,0.0,0.0,0.0,2019-02-13
35,170,cha170,0.0,0.0055,0.0,0.0,0.0055,0.0,0.0,0.0,2019-02-13
36,171,cha171,0.0,0.003969,0.0,0.0,0.003969,0.0,0.0,0.0,2019-02-13
37,173,cha173,0.0,0.02209,0.0,0.0,0.02209,0.0,0.0,0.0,2019-02-13
1,29,cha029,0.0,0.0,0.0,0.0,0.0,0.0,0.0,0.0,2019-02-14
2,35,cha035,0.0,0.0,0.0,0.0,0.0,0.0,0.0,0.0,2019-02-14
3,37,cha037,0.0,0.0,0.0,0.0,0.0,0.0,0.0,0.0,2019-02-14
4,38,cha038,0.0,0.01442,0.0,0.0,0.01442,0.0,0.0,0.0,2019-02-14
5,39,cha039,0.0,0.0,0.0,0.0,0.0,0.0,0.0,0.0,2019-02-14
6,41,cha041,0.0,0.0,0.0,0.0,0.0,0.0,0.0,0.0,2019-02-14
7,43,cha043,0.0,0.0,0.0,0.0,0.0,0.0,0.0,0.0,2019-02-14
8,44,cha044,0.0,0.0,0.0,0.0,0.0,0.0,0.0,0.0,2019-02-14
9,45,cha045,0.0,0.0,0.0,0.0,0.0,0.0,0.0,0.0,2019-02-14
10,50,cha050,0.0,0.0,0.0,0.0,0.0,0.0,0.0,0.0,2019-02-14
11,51,cha051,0.0,0.0,0.0,0.0,0.0,0.0,0.0,0.0,2019-02-14
12,54,cha054,0.0,0.0,0.0,0.0,0.0,0.0,0.0,0.0,2019-02-14
13,57,cha057,0.0,0.02019,0.0,0.0,0.02019,0.0,0.0,0.0,2019-02-14
14,59,cha059,0.0,0.0,0.0,0.0,0.0,0.0,0.0,0.0,2019-02-14
15,64,cha064,0.0,0.01161,0.0,0.0,0.01161,0.0,0.0,0.0,2019-02-14
16,66,cha066,0.0,0.0,0.0,0.0,0.0,0.0,0.0,0.0,2019-02-14
17,70,cha070,0.0,0.0,0.0,0.0,0.0,0.0,0.0,0.0,2019-02-14
18,71,cha071,0.0,0.0,0.0,0.0,0.0,0.0,0.0,0.0,2019-02-14
19,74,cha074,0.0,0.0,0.0,0.0,0.0,0.0,0.0,0.0,2019-02-14
20,138,cha138,0.0,0.03632,0.0,0.0,0.03632,0.0,0.0,0.0,2019-02-14
21,141,cha141,0.0,0.01554,0.0,0.0,0.01554,0.0,0.0,0.0,2019-02-14
22,142,cha142,0.0,0.0006789,0.0,0.0,0.0006789,0.0,0.0,0.0,2019-02-14
23,146,cha146,0.0,0.002549,0.0,0.0,0.002549,0.0,0.0,0.0,2019-02-14
24,148,cha148,0.0,0.01773,0.0,0.0,0.01773,0.0,0.0,0.0,2019-02-14
25,153,cha153,0.0,0.1143,0.0,0.0,0.1143,0.0,0.0,0.0,2019-02-14
26,155,cha155,0.0,0.08377,0.0,0.0,0.08377,0.0,0.0,0.0,2019-02-14
27,158,cha158,0.0,0.0273,0.0,0.0,0.0273,0.0,0.0,0.0,2019-02-14
28,161,cha161,0.0,0.04719,0.0,0.0,0.04719,0.0,0.0,0.0,2019-02-14
29,162,cha162,0.0,0.0008112,0.0,0.0,0.0008112,0.0,0.0,0.0,2019-02-14
30,165,cha165,0.0,0.02377,0.0,0.0,0.02377,0.0,0.0,0.0,2019-02-14
31,166,cha166,0.0,0.002143,0.0,0.0,0.002143,0.0,0.0,0.0,2019-02-14
32,167,cha167,0.0,0.0435,0.0,0.0,0.0435,0.0,0.0,0.0,2019-02-14
33,168,cha168,0.0,0.0004756,0.0,0.0,0.0004756,0.0,0.0,0.0,2019-02-14
34,169,cha169,0.0,0.02165,0.0,0.0,0.02165,0.0,0.0,0.0,2019-02-14
35,170,cha170,0.0,0.003932,0.0,0.0,0.003932,0.0,0.0,0.0,2019-02-14
36,171,cha171,0.0,0.002753,0.0,0.0,0.002753,0.0,0.0,0.0,2019-02-14
37,173,cha173,0.0,0.0202,0.0,0.0,0.0202,0.0,0.0,0.0,2019-02-14
1,29,cha029,0.0,0.0,0.0,0.0,0.0,0.0,0.0,0.0,2019-02-15
2,35,cha035,0.0,0.0,0.0,0.0,0.0,0.0,0.0,0.0,2019-02-15
3,37,cha037,0.0,0.0,0.0,0.0,0.0,0.0,0.0,0.0,2019-02-15
4,38,cha038,0.0,0.01479,0.0,0.0,0.01479,0.0,0.0,0.0,2019-02-15
5,39,cha039,0.0,0.0,0.0,0.0,0.0,0.0,0.0,0.0,2019-02-15
6,41,cha041,0.0,0.0,0.0,0.0,0.0,0.0,0.0,0.0,2019-02-15
7,43,cha043,0.0,0.0,0.0,0.0,0.0,0.0,0.0,0.0,2019-02-15
8,44,cha044,0.0,0.0,0.0,0.0,0.0,0.0,0.0,0.0,2019-02-15
9,45,cha045,0.0,0.0,0.0,0.0,0.0,0.0,0.0,0.0,2019-02-15
10,50,cha050,0.0,0.0,0.0,0.0,0.0,0.0,0.0,0.0,2019-02-15
11,51,cha051,0.0,0.0,0.0,0.0,0.0,0.0,0.0,0.0,2019-02-15
12,54,cha054,0.0,0.0,0.0,0.0,0.0,0.0,0.0,0.0,2019-02-15
13,57,cha057,0.0,0.01996,0.0,0.0,0.01996,0.0,0.0,0.0,2019-02-15
14,59,cha059,0.0,0.0,0.0,0.0,0.0,0.0,0.0,0.0,2019-02-15
15,64,cha064,0.0,0.01194,0.0,0.0,0.01194,0.0,0.0,0.0,2019-02-15
16,66,cha066,0.0,0.0,0.0,0.0,0.0,0.0,0.0,0.0,2019-02-15
17,70,cha070,0.0,0.0,0.0,0.0,0.0,0.0,0.0,0.0,2019-02-15
18,71,cha071,0.0,0.0,0.0,0.0,0.0,0.0,0.0,0.0,2019-02-15
19,74,cha074,0.0,0.0,0.0,0.0,0.0,0.0,0.0,0.0,2019-02-15
20,138,cha138,0.0,0.03022,0.0,0.0,0.03022,0.0,0.0,0.0,2019-02-15
21,141,cha141,0.0,0.01036,0.0,0.0,0.01036,0.0,0.0,0.0,2019-02-15
22,142,cha142,0.0,0.0004329,0.0,0.0,0.0004329,0.0,0.0,0.0,2019-02-15
23,146,cha146,0.0,0.001722,0.0,0.0,0.001722,0.0,0.0,0.0,2019-02-15
24,148,cha148,0.0,0.01189,0.0,0.0,0.01189,0.0,0.0,0.0,2019-02-15
25,153,cha153,0.0,0.1052,0.0,0.0,0.1052,0.0,0.0,0.0,2019-02-15
26,155,cha155,0.0,0.07887,0.0,0.0,0.07887,0.0,0.0,0.0,2019-02-15
27,158,cha158,0.0,0.0247,0.0,0.0,0.0247,0.0,0.0,0.0,2019-02-15
28,161,cha161,0.0,0.04302,0.0,0.0,0.04302,0.0,0.0,0.0,2019-02-15
29,162,cha162,0.0,0.0006048,0.0,0.0,0.0006048,0.0,0.0,0.0,2019-02-15
30,165,cha165,0.0,0.02207,0.0,0.0,0.02207,0.0,0.0,0.0,2019-02-15
31,166,cha166,0.0,0.001598,0.0,0.0,0.001598,0.0,0.0,0.0,2019-02-15
32,167,cha167,0.0,0.04028,0.0,0.0,0.04028,0.0,0.0,0.0,2019-02-15
33,168,cha168,0.0,0.0004169,0.0,0.0,0.0004169,0.0,0.0,0.0,2019-02-15
34,169,cha169,0.0,0.0203,0.0,0.0,0.0203,0.0,0.0,0.0,2019-02-15
35,170,cha170,0.0,0.003081,0.0,0.0,0.003081,0.0,0.0,0.0,2019-02-15
36,171,cha171,0.0,0.002082,0.0,0.0,0.002082,0.0,0.0,0.0,2019-02-15
37,173,cha173,0.0,0.01934,0.0,0.0,0.01934,0.0,0.0,0.0,2019-02-15
1,29,cha029,0.0,0.0,0.0,0.0,0.0,0.0,0.0,0.0,2019-02-16
2,35,cha035,0.0,0.0,0.0,0.0,0.0,0.0,0.0,0.0,2019-02-16
3,37,cha037,0.0,0.0,0.0,0.0,0.0,0.0,0.0,0.0,2019-02-16
4,38,cha038,0.0,0.01513,0.0,0.0,0.01513,0.0,0.0,0.0,2019-02-16
5,39,cha039,0.0,0.0,0.0,0.0,0.0,0.0,0.0,0.0,2019-02-16
6,41,cha041,0.0,0.0,0.0,0.0,0.0,0.0,0.0,0.0,2019-02-16
7,43,cha043,0.0,0.0,0.0,0.0,0.0,0.0,0.0,0.0,2019-02-16
8,44,cha044,0.0,0.0,0.0,0.0,0.0,0.0,0.0,0.0,2019-02-16
9,45,cha045,0.0,0.0,0.0,0.0,0.0,0.0,0.0,0.0,2019-02-16
10,50,cha050,0.0,0.0,0.0,0.0,0.0,0.0,0.0,0.0,2019-02-16
11,51,cha051,0.0,0.0,0.0,0.0,0.0,0.0,0.0,0.0,2019-02-16
12,54,cha054,0.0,0.0,0.0,0.0,0.0,0.0,0.0,0.0,2019-02-16
13,57,cha057,0.0,0.01971,0.0,0.0,0.01971,0.0,0.0,0.0,2019-02-16
14,59,cha059,0.0,0.0,0.0,0.0,0.0,0.0,0.0,0.0,2019-02-16
15,64,cha064,0.0,0.01222,0.0,0.0,0.01222,0.0,0.0,0.0,2019-02-16
16,66,cha066,0.0,0.0,0.0,0.0,0.0,0.0,0.0,0.0,2019-02-16
17,70,cha070,0.0,0.0,0.0,0.0,0.0,0.0,0.0,0.0,2019-02-16
18,71,cha071,0.0,0.0,0.0,0.0,0.0,0.0,0.0,0.0,2019-02-16
19,74,cha074,0.0,0.0,0.0,0.0,0.0,0.0,0.0,0.0,2019-02-16
20,138,cha138,0.0,0.02665,0.0,0.0,0.02665,0.0,0.0,0.0,2019-02-16
21,141,cha141,0.0,0.0072,0.0,0.0,0.0072,0.0,0.0,0.0,2019-02-16
22,142,cha142,0.0,0.0003036,0.0,0.0,0.0003036,0.0,0.0,0.0,2019-02-16
23,146,cha146,0.0,0.00127,0.0,0.0,0.00127,0.0,0.0,0.0,2019-02-16
24,148,cha148,0.0,0.008372,0.0,0.0,0.008372,0.0,0.0,0.0,2019-02-16
25,153,cha153,0.0,0.09975,0.0,0.0,0.09975,0.0,0.0,0.0,2019-02-16
26,155,cha155,0.0,0.07606,0.0,0.0,0.07606,0.0,0.0,0.0,2019-02-16
27,158,cha158,0.0,0.02342,0.0,0.0,0.02342,0.0,0.0,0.0,2019-02-16
28,161,cha161,0.0,0.04077,0.0,0.0,0.04077,0.0,0.0,0.0,2019-02-16
29,162,cha162,0.0,0.0004963,0.0,0.0,0.0004963,0.0,0.0,0.0,2019-02-16
30,165,cha165,0.0,0.02129,0.0,0.0,0.02129,0.0,0.0,0.0,2019-02-16
31,166,cha166,0.0,0.00129,0.0,0.0,0.00129,0.0,0.0,0.0,2019-02-16
32,167,cha167,0.0,0.03856,0.0,0.0,0.03856,0.0,0.0,0.0,2019-02-16
33,168,cha168,0.0,0.0003877,0.0,0.0,0.0003877,0.0,0.0,0.0,2019-02-16
34,169,cha169,0.0,0.01971,0.0,0.0,0.01971,0.0,0.0,0.0,2019-02-16
35,170,cha170,0.0,0.002615,0.0,0.0,0.002615,0.0,0.0,0.0,2019-02-16
36,171,cha171,0.0,0.00171,0.0,0.0,0.00171,0.0,0.0,0.0,2019-02-16
37,173,cha173,0.0,0.01902,0.0,0.0,0.01902,0.0,0.0,0.0,2019-02-16
1,29,cha029,0.0,0.0,0.0,0.0,0.0,0.0,0.0,0.0,2019-02-17
2,35,cha035,0.0,0.0,0.0,0.0,0.0,0.0,0.0,0.0,2019-02-17
3,37,cha037,0.0,0.0,0.0,0.0,0.0,0.0,0.0,0.0,2019-02-17
4,38,cha038,0.0,0.01546,0.0,0.0,0.01546,0.0,0.0,0.0,2019-02-17
5,39,cha039,0.0,0.0,0.0,0.0,0.0,0.0,0.0,0.0,2019-02-17
6,41,cha041,0.0,0.0,0.0,0.0,0.0,0.0,0.0,0.0,2019-02-17
7,43,cha043,0.0,0.0,0.0,0.0,0.0,0.0,0.0,0.0,2019-02-17
8,44,cha044,0.0,0.0,0.0,0.0,0.0,0.0,0.0,0.0,2019-02-17
9,45,cha045,0.0,0.0,0.0,0.0,0.0,0.0,0.0,0.0,2019-02-17
10,50,cha050,0.0,0.0,0.0,0.0,0.0,0.0,0.0,0.0,2019-02-17
11,51,cha051,0.0,0.0,0.0,0.0,0.0,0.0,0.0,0.0,2019-02-17
12,54,cha054,0.0,0.0,0.0,0.0,0.0,0.0,0.0,0.0,2019-02-17
13,57,cha057,0.0,0.01946,0.0,0.0,0.01946,0.0,0.0,0.0,2019-02-17
14,59,cha059,0.0,0.0,0.0,0.0,0.0,0.0,0.0,0.0,2019-02-17
15,64,cha064,0.0,0.01246,0.0,0.0,0.01246,0.0,0.0,0.0,2019-02-17
16,66,cha066,0.0,0.0,0.0,0.0,0.0,0.0,0.0,0.0,2019-02-17
17,70,cha070,0.0,0.0,0.0,0.0,0.0,0.0,0.0,0.0,2019-02-17
18,71,cha071,0.0,0.0,0.0,0.0,0.0,0.0,0.0,0.0,2019-02-17
19,74,cha074,0.0,0.0,0.0,0.0,0.0,0.0,0.0,0.0,2019-02-17
20,138,cha138,0.0,0.02456,0.0,0.0,0.02456,0.0,0.0,0.0,2019-02-17
21,141,cha141,0.0,0.005264,0.0,0.0,0.005264,0.0,0.0,0.0,2019-02-17
22,142,cha142,0.0,0.0002357,0.0,0.0,0.0002357,0.0,0.0,0.0,2019-02-17
23,146,cha146,0.0,0.001023,0.0,0.0,0.001023,0.0,0.0,0.0,2019-02-17
24,148,cha148,0.0,0.006241,0.0,0.0,0.006241,0.0,0.0,0.0,2019-02-17
25,153,cha153,0.0,0.09634,0.0,0.0,0.09634,0.0,0.0,0.0,2019-02-17
26,155,cha155,0.0,0.07437,0.0,0.0,0.07437,0.0,0.0,0.0,2019-02-17
27,158,cha158,0.0,0.02284,0.0,0.0,0.02284,0.0,0.0,0.0,2019-02-17
28,161,cha161,0.0,0.03955,0.0,0.0,0.03955,0.0,0.0,0.0,2019-02-17
29,162,cha162,0.0,0.0004388,0.0,0.0,0.0004388,0.0,0.0,0.0,2019-02-17
30,165,cha165,0.0,0.021,0.0,0.0,0.021,0.0,0.0,0.0,2019-02-17
31,166,cha166,0.0,0.001115,0.0,0.0,0.001115,0.0,0.0,0.0,2019-02-17
32,167,cha167,0.0,0.03765,0.0,0.0,0.03765,0.0,0.0,0.0,2019-02-17
33,168,cha168,0.0,0.0003724,0.0,0.0,0.0003724,0.0,0.0,0.0,2019-02-17
34,169,cha169,0.0,0.01952,0.0,0.0,0.01952,0.0,0.0,0.0,2019-02-17
35,170,cha170,0.0,0.002355,0.0,0.0,0.002355,0.0,0.0,0.0,2019-02-17
36,171,cha171,0.0,0.001502,0.0,0.0,0.001502,0.0,0.0,0.0,2019-02-17
37,173,cha173,0.0,0.01898,0.0,0.0,0.01898,0.0,0.0,0.0,2019-02-17
1,29,cha029,0.0,0.0,0.0,0.0,0.0,0.0,0.0,0.0,2019-02-18
2,35,cha035,0.0,0.0,0.0,0.0,0.0,0.0,0.0,0.0,2019-02-18
3,37,cha037,0.0,0.0,0.0,0.0,0.0,0.0,0.0,0.0,2019-02-18
4,38,cha038,0.0,0.01578,0.0,0.0,0.01578,0.0,0.0,0.0,2019-02-18
5,39,cha039,0.0,0.0,0.0,0.0,0.0,0.0,0.0,0.0,2019-02-18
6,41,cha041,0.0,0.0,0.0,0.0,0.0,0.0,0.0,0.0,2019-02-18
7,43,cha043,0.0,0.0,0.0,0.0,0.0,0.0,0.0,0.0,2019-02-18
8,44,cha044,0.0,0.0,0.0,0.0,0.0,0.0,0.0,0.0,2019-02-18
9,45,cha045,0.0,0.0,0.0,0.0,0.0,0.0,0.0,0.0,2019-02-18
10,50,cha050,0.0,0.0,0.0,0.0,0.0,0.0,0.0,0.0,2019-02-18
11,51,cha051,0.0,0.0,0.0,0.0,0.0,0.0,0.0,0.0,2019-02-18
12,54,cha054,0.0,0.0,0.0,0.0,0.0,0.0,0.0,0.0,2019-02-18
13,57,cha057,0.0,0.01919,0.0,0.0,0.01919,0.0,0.0,0.0,2019-02-18
14,59,cha059,0.0,0.0,0.0,0.0,0.0,0.0,0.0,0.0,2019-02-18
15,64,cha064,0.0,0.01267,0.0,0.0,0.01267,0.0,0.0,0.0,2019-02-18
16,66,cha066,0.0,0.0,0.0,0.0,0.0,0.0,0.0,0.0,2019-02-18
17,70,cha070,0.0,0.0,0.0,0.0,0.0,0.0,0.0,0.0,2019-02-18
18,71,cha071,0.0,0.0,0.0,0.0,0.0,0.0,0.0,0.0,2019-02-18
19,74,cha074,0.0,0.0,0.0,0.0,0.0,0.0,0.0,0.0,2019-02-18
20,138,cha138,0.0,0.02335,0.0,0.0,0.02335,0.0,0.0,0.0,2019-02-18
21,141,cha141,0.0,0.004075,0.0,0.0,0.004075,0.0,0.0,0.0,2019-02-18
22,142,cha142,0.0,0.0002,0.0,0.0,0.0002,0.0,0.0,0.0,2019-02-18
23,146,cha146,0.0,0.0008874,0.0,0.0,0.0008874,0.0,0.0,0.0,2019-02-18
24,148,cha148,0.0,0.004947,0.0,0.0,0.004947,0.0,0.0,0.0,2019-02-18
25,153,cha153,0.0,0.09409,0.0,0.0,0.09409,0.0,0.0,0.0,2019-02-18
26,155,cha155,0.0,0.07328,0.0,0.0,0.07328,0.0,0.0,0.0,2019-02-18
27,158,cha158,0.0,0.02264,0.0,0.0,0.02264,0.0,0.0,0.0,2019-02-18
28,161,cha161,0.0,0.03889,0.0,0.0,0.03889,0.0,0.0,0.0,2019-02-18
29,162,cha162,0.0,0.0004081,0.0,0.0,0.0004081,0.0,0.0,0.0,2019-02-18
30,165,cha165,0.0,0.02097,0.0,0.0,0.02097,0.0,0.0,0.0,2019-02-18
31,166,cha166,0.0,0.001013,0.0,0.0,0.001013,0.0,0.0,0.0,2019-02-18
32,167,cha167,0.0,0.03715,0.0,0.0,0.03715,0.0,0.0,0.0,2019-02-18
33,168,cha168,0.0,0.0003638,0.0,0.0,0.0003638,0.0,0.0,0.0,2019-02-18
34,169,cha169,0.0,0.01954,0.0,0.0,0.01954,0.0,0.0,0.0,2019-02-18
35,170,cha170,0.0,0.002206,0.0,0.0,0.002206,0.0,0.0,0.0,2019-02-18
36,171,cha171,0.0,0.001382,0.0,0.0,0.001382,0.0,0.0,0.0,2019-02-18
37,173,cha173,0.0,0.01909,0.0,0.0,0.01909,0.0,0.0,0.0,2019-02-18
1,29,cha029,0.0,0.0,0.0,0.0,0.0,0.0,0.0,0.0,2019-02-19
2,35,cha035,0.0,0.0,0.0,0.0,0.0,0.0,0.0,0.0,2019-02-19
3,37,cha037,0.0,0.0,0.0,0.0,0.0,0.0,0.0,0.0,2019-02-19
4,38,cha038,0.0,0.01607,0.0,0.0,0.01607,0.0,0.0,0.0,2019-02-19
5,39,cha039,0.0,0.0,0.0,0.0,0.0,0.0,0.0,0.0,2019-02-19
6,41,cha041,0.0,0.0,0.0,0.0,0.0,0.0,0.0,0.0,2019-02-19
7,43,cha043,0.0,0.0,0.0,0.0,0.0,0.0,0.0,0.0,2019-02-19
8,44,cha044,0.0,0.0,0.0,0.0,0.0,0.0,0.0,0.0,2019-02-19
9,45,cha045,0.0,0.0,0.0,0.0,0.0,0.0,0.0,0.0,2019-02-19
10,50,cha050,0.0,0.0,0.0,0.0,0.0,0.0,0.0,0.0,2019-02-19
11,51,cha051,0.0,0.0,0.0,0.0,0.0,0.0,0.0,0.0,2019-02-19
12,54,cha054,0.0,0.0,0.0,0.0,0.0,0.0,0.0,0.0,2019-02-19
13,57,cha057,0.0,0.01891,0.0,0.0,0.01891,0.0,0.0,0.0,2019-02-19
14,59,cha059,0.0,0.0,0.0,0.0,0.0,0.0,0.0,0.0,2019-02-19
15,64,cha064,0.0,0.01284,0.0,0.0,0.01284,0.0,0.0,0.0,2019-02-19
16,66,cha066,0.0,0.0,0.0,0.0,0.0,0.0,0.0,0.0,2019-02-19
17,70,cha070,0.0,0.0,0.0,0.0,0.0,0.0,0.0,0.0,2019-02-19
18,71,cha071,0.0,0.0,0.0,0.0,0.0,0.0,0.0,0.0,2019-02-19
19,74,cha074,0.0,0.0,0.0,0.0,0.0,0.0,0.0,0.0,2019-02-19
20,138,cha138,0.0,0.02266,0.0,0.0,0.02266,0.0,0.0,0.0,2019-02-19
21,141,cha141,0.0,0.003344,0.0,0.0,0.003344,0.0,0.0,0.0,2019-02-19
22,142,cha142,0.0,0.0001812,0.0,0.0,0.0001812,0.0,0.0,0.0,2019-02-19
23,146,cha146,0.0,0.0008129,0.0,0.0,0.0008129,0.0,0.0,0.0,2019-02-19
24,148,cha148,0.0,0.004158,0.0,0.0,0.004158,0.0,0.0,0.0,2019-02-19
25,153,cha153,0.0,0.0925,0.0,0.0,0.0925,0.0,0.0,0.0,2019-02-19
26,155,cha155,0.0,0.07252,0.0,0.0,0.07252,0.0,0.0,0.0,2019-02-19
27,158,cha158,0.0,0.02264,0.0,0.0,0.02264,0.0,0.0,0.0,2019-02-19
28,161,cha161,0.0,0.03851,0.0,0.0,0.03851,0.0,0.0,0.0,2019-02-19
29,162,cha162,0.0,0.0003913,0.0,0.0,0.0003913,0.0,0.0,0.0,2019-02-19
30,165,cha165,0.0,0.02105,0.0,0.0,0.02105,0.0,0.0,0.0,2019-02-19
31,166,cha166,0.0,0.0009537,0.0,0.0,0.0009537,0.0,0.0,0.0,2019-02-19
32,167,cha167,0.0,0.03688,0.0,0.0,0.03688,0.0,0.0,0.0,2019-02-19
33,168,cha168,0.0,0.0003583,0.0,0.0,0.0003583,0.0,0.0,0.0,2019-02-19
34,169,cha169,0.0,0.01967,0.0,0.0,0.01967,0.0,0.0,0.0,2019-02-19
35,170,cha170,0.0,0.002118,0.0,0.0,0.002118,0.0,0.0,0.0,2019-02-19
36,171,cha171,0.0,0.001313,0.0,0.0,0.001313,0.0,0.0,0.0,2019-02-19
37,173,cha173,0.0,0.01926,0.0,0.0,0.01926,0.0,0.0,0.0,2019-02-19
1,29,cha029,0.0,0.0,0.0,0.0,0.0,0.0,0.0,0.0,2019-02-20
2,35,cha035,0.0,0.0,0.0,0.0,0.0,0.0,0.0,0.0,2019-02-20
3,37,cha037,0.0,0.0,0.0,0.0,0.0,0.0,0.0,0.0,2019-02-20
4,38,cha038,0.0,0.01635,0.0,0.0,0.01635,0.0,0.0,0.0,2019-02-20
5,39,cha039,0.0,0.0,0.0,0.0,0.0,0.0,0.0,0.0,2019-02-20
6,41,cha041,0.0,0.0,0.0,0.0,0.0,0.0,0.0,0.0,2019-02-20
7,43,cha043,0.0,0.0,0.0,0.0,0.0,0.0,0.0,0.0,2019-02-20
8,44,cha044,0.0,0.0,0.0,0.0,0.0,0.0,0.0,0.0,2019-02-20
9,45,cha045,0.0,0.0,0.0,0.0,0.0,0.0,0.0,0.0,2019-02-20
10,50,cha050,0.0,0.0,0.0,0.0,0.0,0.0,0.0,0.0,2019-02-20
11,51,cha051,0.0,0.0,0.0,0.0,0.0,0.0,0.0,0.0,2019-02-20
12,54,cha054,0.0,0.0,0.0,0.0,0.0,0.0,0.0,0.0,2019-02-20
13,57,cha057,0.0,0.01863,0.0,0.0,0.01863,0.0,0.0,0.0,2019-02-20
14,59,cha059,0.0,0.0,0.0,0.0,0.0,0.0,0.0,0.0,2019-02-20
15,64,cha064,0.0,0.01297,0.0,0.0,0.01297,0.0,0.0,0.0,2019-02-20
16,66,cha066,0.0,0.0,0.0,0.0,0.0,0.0,0.0,0.0,2019-02-20
17,70,cha070,0.0,0.0,0.0,0.0,0.0,0.0,0.0,0.0,2019-02-20
18,71,cha071,0.0,0.0,0.0,0.0,0.0,0.0,0.0,0.0,2019-02-20
19,74,cha074,0.0,0.0,0.0,0.0,0.0,0.0,0.0,0.0,2019-02-20
20,138,cha138,0.0,0.02225,0.0,0.0,0.02225,0.0,0.0,0.0,2019-02-20
21,141,cha141,0.0,0.002893,0.0,0.0,0.002893,0.0,0.0,0.0,2019-02-20
22,142,cha142,0.0,0.0001713,0.0,0.0,0.0001713,0.0,0.0,0.0,2019-02-20
23,146,cha146,0.0,0.0007717,0.0,0.0,0.0007717,0.0,0.0,0.0,2019-02-20
24,148,cha148,0.0,0.003676,0.0,0.0,0.003676,0.0,0.0,0.0,2019-02-20
25,153,cha153,0.0,0.09129,0.0,0.0,0.09129,0.0,0.0,0.0,2019-02-20
26,155,cha155,0.0,0.07193,0.0,0.0,0.07193,0.0,0.0,0.0,2019-02-20
27,158,cha158,0.0,0.02273,0.0,0.0,0.02273,0.0,0.0,0.0,2019-02-20
28,161,cha161,0.0,0.03828,0.0,0.0,0.03828,0.0,0.0,0.0,2019-02-20
29,162,cha162,0.0,0.0003818,0.0,0.0,0.0003818,0.0,0.0,0.0,2019-02-20
30,165,cha165,0.0,0.0212,0.0,0.0,0.0212,0.0,0.0,0.0,2019-02-20
31,166,cha166,0.0,0.0009173,0.0,0.0,0.0009173,0.0,0.0,0.0,2019-02-20
32,167,cha167,0.0,0.03671,0.0,0.0,0.03671,0.0,0.0,0.0,2019-02-20
33,168,cha168,0.0,0.0003544,0.0,0.0,0.0003544,0.0,0.0,0.0,2019-02-20
34,169,cha169,0.0,0.01984,0.0,0.0,0.01984,0.0,0.0,0.0,2019-02-20
35,170,cha170,0.0,0.002063,0.0,0.0,0.002063,0.0,0.0,0.0,2019-02-20
36,171,cha171,0.0,0.00127,0.0,0.0,0.00127,0.0,0.0,0.0,2019-02-20
37,173,cha173,0.0,0.01946,0.0,0.0,0.01946,0.0,0.0,0.0,2019-02-20
1,29,cha029,0.0,0.0,0.0,0.0,0.0,0.0,0.0,0.0,2019-02-21
2,35,cha035,0.0,0.0,0.0,0.0,0.0,0.0,0.0,0.0,2019-02-21
3,37,cha037,0.0,0.0,0.0,0.0,0.0,0.0,0.0,0.0,2019-02-21
4,38,cha038,0.0,0.01662,0.0,0.0,0.01662,0.0,0.0,0.0,2019-02-21
5,39,cha039,0.0,0.0,0.0,0.0,0.0,0.0,0.0,0.0,2019-02-21
6,41,cha041,0.0,0.0,0.0,0.0,0.0,0.0,0.0,0.0,2019-02-21
7,43,cha043,0.0,0.0,0.0,0.0,0.0,0.0,0.0,0.0,2019-02-21
8,44,cha044,0.0,0.0,0.0,0.0,0.0,0.0,0.0,0.0,2019-02-21
9,45,cha045,0.0,0.0,0.0,0.0,0.0,0.0,0.0,0.0,2019-02-21
10,50,cha050,0.0,0.0,0.0,0.0,0.0,0.0,0.0,0.0,2019-02-21
11,51,cha051,0.0,0.0,0.0,0.0,0.0,0.0,0.0,0.0,2019-02-21
12,54,cha054,0.0,0.0,0.0,0.0,0.0,0.0,0.0,0.0,2019-02-21
13,57,cha057,0.0,0.01834,0.0,0.0,0.01834,0.0,0.0,0.0,2019-02-21
14,59,cha059,0.0,0.0,0.0,0.0,0.0,0.0,0.0,0.0,2019-02-21
15,64,cha064,0.0,0.01307,0.0,0.0,0.01307,0.0,0.0,0.0,2019-02-21
16,66,cha066,0.0,0.0,0.0,0.0,0.0,0.0,0.0,0.0,2019-02-21
17,70,cha070,0.0,0.0,0.0,0.0,0.0,0.0,0.0,0.0,2019-02-21
18,71,cha071,0.0,0.0,0.0,0.0,0.0,0.0,0.0,0.0,2019-02-21
19,74,cha074,0.0,0.0,0.0,0.0,0.0,0.0,0.0,0.0,2019-02-21
20,138,cha138,0.0,0.02201,0.0,0.0,0.02201,0.0,0.0,0.0,2019-02-21
21,141,cha141,0.0,0.002615,0.0,0.0,0.002615,0.0,0.0,0.0,2019-02-21
22,142,cha142,0.0,0.000166,0.0,0.0,0.000166,0.0,0.0,0.0,2019-02-21
23,146,cha146,0.0,0.0007489,0.0,0.0,0.0007489,0.0,0.0,0.0,2019-02-21
24,148,cha148,0.0,0.00338,0.0,0.0,0.00338,0.0,0.0,0.0,2019-02-21
25,153,cha153,0.0,0.09031,0.0,0.0,0.09031,0.0,0.0,0.0,2019-02-21
26,155,cha155,0.0,0.07145,0.0,0.0,0.07145,0.0,0.0,0.0,2019-02-21
27,158,cha158,0.0,0.02287,0.0,0.0,0.02287,0.0,0.0,0.0,2019-02-21
28,161,cha161,0.0,0.03814,0.0,0.0,0.03814,0.0,0.0,0.0,2019-02-21
29,162,cha162,0.0,0.0003762,0.0,0.0,0.0003762,0.0,0.0,0.0,2019-02-21
30,165,cha165,0.0,0.02138,0.0,0.0,0.02138,0.0,0.0,0.0,2019-02-21
31,166,cha166,0.0,0.000894,0.0,0.0,0.000894,0.0,0.0,0.0,2019-02-21
32,167,cha167,0.0,0.03661,0.0,0.0,0.03661,0.0,0.0,0.0,2019-02-21
33,168,cha168,0.0,0.0003512,0.0,0.0,0.0003512,0.0,0.0,0.0,2019-02-21
34,169,cha169,0.0,0.02004,0.0,0.0,0.02004,0.0,0.0,0.0,2019-02-21
35,170,cha170,0.0,0.002026,0.0,0.0,0.002026,0.0,0.0,0.0,2019-02-21
36,171,cha171,0.0,0.001243,0.0,0.0,0.001243,0.0,0.0,0.0,2019-02-21
37,173,cha173,0.0,0.01968,0.0,0.0,0.01968,0.0,0.0,0.0,2019-02-21
1,29,cha029,0.0,0.0,0.0,0.0,0.0,0.0,0.0,0.0,2019-02-22
2,35,cha035,0.0,0.0,0.0,0.0,0.0,0.0,0.0,0.0,2019-02-22
3,37,cha037,0.0,0.0,0.0,0.0,0.0,0.0,0.0,0.0,2019-02-22
4,38,cha038,0.0,0.01687,0.0,0.0,0.01687,0.0,0.0,0.0,2019-02-22
5,39,cha039,0.0,0.0,0.0,0.0,0.0,0.0,0.0,0.0,2019-02-22
6,41,cha041,0.0,0.0,0.0,0.0,0.0,0.0,0.0,0.0,2019-02-22
7,43,cha043,0.0,0.0,0.0,0.0,0.0,0.0,0.0,0.0,2019-02-22
8,44,cha044,0.0,0.0,0.0,0.0,0.0,0.0,0.0,0.0,2019-02-22
9,45,cha045,0.0,0.0,0.0,0.0,0.0,0.0,0.0,0.0,2019-02-22
10,50,cha050,0.0,0.0,0.0,0.0,0.0,0.0,0.0,0.0,2019-02-22
11,51,cha051,0.0,0.0,0.0,0.0,0.0,0.0,0.0,0.0,2019-02-22
12,54,cha054,0.0,0.0,0.0,0.0,0.0,0.0,0.0,0.0,2019-02-22
13,57,cha057,0.0,0.01804,0.0,0.0,0.01804,0.0,0.0,0.0,2019-02-22
14,59,cha059,0.0,0.0,0.0,0.0,0.0,0.0,0.0,0.0,2019-02-22
15,64,cha064,0.0,0.01315,0.0,0.0,0.01315,0.0,0.0,0.0,2019-02-22
16,66,cha066,0.0,0.0,0.0,0.0,0.0,0.0,0.0,0.0,2019-02-22
17,70,cha070,0.0,0.0,0.0,0.0,0.0,0.0,0.0,0.0,2019-02-22
18,71,cha071,0.0,0.0,0.0,0.0,0.0,0.0,0.0,0.0,2019-02-22
19,74,cha074,0.0,0.0,0.0,0.0,0.0,0.0,0.0,0.0,2019-02-22
20,138,cha138,0.0,0.02186,0.0,0.0,0.02186,0.0,0.0,0.0,2019-02-22
21,141,cha141,0.0,0.002442,0.0,0.0,0.002442,0.0,0.0,0.0,2019-02-22
22,142,cha142,0.0,0.0001631,0.0,0.0,0.0001631,0.0,0.0,0.0,2019-02-22
23,146,cha146,0.0,0.000736,0.0,0.0,0.000736,0.0,0.0,0.0,2019-02-22
24,148,cha148,0.0,0.003197,0.0,0.0,0.003197,0.0,0.0,0.0,2019-02-22
25,153,cha153,0.0,0.08945,0.0,0.0,0.08945,0.0,0.0,0.0,2019-02-22
26,155,cha155,0.0,0.07102,0.0,0.0,0.07102,0.0,0.0,0.0,2019-02-22
27,158,cha158,0.0,0.02304,0.0,0.0,0.02304,0.0,0.0,0.0,2019-02-22
28,161,cha161,0.0,0.03804,0.0,0.0,0.03804,0.0,0.0,0.0,2019-02-22
29,162,cha162,0.0,0.0003726,0.0,0.0,0.0003726,0.0,0.0,0.0,2019-02-22
30,165,cha165,0.0,0.02157,0.0,0.0,0.02157,0.0,0.0,0.0,2019-02-22
31,166,cha166,0.0,0.0008781,0.0,0.0,0.0008781,0.0,0.0,0.0,2019-02-22
32,167,cha167,0.0,0.03652,0.0,0.0,0.03652,0.0,0.0,0.0,2019-02-22
33,168,cha168,0.0,0.0003485,0.0,0.0,0.0003485,0.0,0.0,0.0,2019-02-22
34,169,cha169,0.0,0.02024,0.0,0.0,0.02024,0.0,0.0,0.0,2019-02-22
35,170,cha170,0.0,0.001999,0.0,0.0,0.001999,0.0,0.0,0.0,2019-02-22
36,171,cha171,0.0,0.001224,0.0,0.0,0.001224,0.0,0.0,0.0,2019-02-22
37,173,cha173,0.0,0.01989,0.0,0.0,0.01989,0.0,0.0,0.0,2019-02-22
1,29,cha029,0.0,0.0,0.0,0.0,0.0,0.0,0.0,0.0,2019-02-23
2,35,cha035,0.0,0.0,0.0,0.0,0.0,0.0,0.0,0.0,2019-02-23
3,37,cha037,0.0,0.0,0.0,0.0,0.0,0.0,0.0,0.0,2019-02-23
4,38,cha038,0.0,0.01711,0.0,0.0,0.01711,0.0,0.0,0.0,2019-02-23
5,39,cha039,0.0,0.0,0.0,0.0,0.0,0.0,0.0,0.0,2019-02-23
6,41,cha041,0.0,0.0,0.0,0.0,0.0,0.0,0.0,0.0,2019-02-23
7,43,cha043,0.0,0.0,0.0,0.0,0.0,0.0,0.0,0.0,2019-02-23
8,44,cha044,0.0,0.0,0.0,0.0,0.0,0.0,0.0,0.0,2019-02-23
9,45,cha045,0.0,0.0,0.0,0.0,0.0,0.0,0.0,0.0,2019-02-23
10,50,cha050,0.0,0.0,0.0,0.0,0.0,0.0,0.0,0.0,2019-02-23
11,51,cha051,0.0,0.0,0.0,0.0,0.0,0.0,0.0,0.0,2019-02-23
12,54,cha054,0.0,0.0,0.0,0.0,0.0,0.0,0.0,0.0,2019-02-23
13,57,cha057,0.0,0.01774,0.0,0.0,0.01774,0.0,0.0,0.0,2019-02-23
14,59,cha059,0.0,0.0,0.0,0.0,0.0,0.0,0.0,0.0,2019-02-23
15,64,cha064,0.0,0.01319,0.0,0.0,0.01319,0.0,0.0,0.0,2019-02-23
16,66,cha066,0.0,0.0,0.0,0.0,0.0,0.0,0.0,0.0,2019-02-23
17,70,cha070,0.0,0.0,0.0,0.0,0.0,0.0,0.0,0.0,2019-02-23
18,71,cha071,0.0,0.0,0.0,0.0,0.0,0.0,0.0,0.0,2019-02-23
19,74,cha074,0.0,0.0,0.0,0.0,0.0,0.0,0.0,0.0,2019-02-23
20,138,cha138,0.0,0.02175,0.0,0.0,0.02175,0.0,0.0,0.0,2019-02-23
21,141,cha141,0.0,0.002334,0.0,0.0,0.002334,0.0,0.0,0.0,2019-02-23
22,142,cha142,0.0,0.0001616,0.0,0.0,0.0001616,0.0,0.0,0.0,2019-02-23
23,146,cha146,0.0,0.0007287,0.0,0.0,0.0007287,0.0,0.0,0.0,2019-02-23
24,148,cha148,0.0,0.003084,0.0,0.0,0.003084,0.0,0.0,0.0,2019-02-23
25,153,cha153,0.0,0.08867,0.0,0.0,0.08867,0.0,0.0,0.0,2019-02-23
26,155,cha155,0.0,0.07062,0.0,0.0,0.07062,0.0,0.0,0.0,2019-02-23
27,158,cha158,0.0,0.02321,0.0,0.0,0.02321,0.0,0.0,0.0,2019-02-23
28,161,cha161,0.0,0.03794,0.0,0.0,0.03794,0.0,0.0,0.0,2019-02-23
29,162,cha162,0.0,0.0003701,0.0,0.0,0.0003701,0.0,0.0,0.0,2019-02-23
30,165,cha165,0.0,0.02176,0.0,0.0,0.02176,0.0,0.0,0.0,2019-02-23
31,166,cha166,0.0,0.0008664,0.0,0.0,0.0008664,0.0,0.0,0.0,2019-02-23
32,167,cha167,0.0,0.03645,0.0,0.0,0.03645,0.0,0.0,0.0,2019-02-23
33,168,cha168,0.0,0.0003459,0.0,0.0,0.0003459,0.0,0.0,0.0,2019-02-23
34,169,cha169,0.0,0.02045,0.0,0.0,0.02045,0.0,0.0,0.0,2019-02-23
35,170,cha170,0.0,0.001977,0.0,0.0,0.001977,0.0,0.0,0.0,2019-02-23
36,171,cha171,0.0,0.001209,0.0,0.0,0.001209,0.0,0.0,0.0,2019-02-23
37,173,cha173,0.0,0.0201,0.0,0.0,0.0201,0.0,0.0,0.0,2019-02-23
1,29,cha029,0.0,0.0,0.0,0.0,0.0,0.0,0.0,0.0,2019-02-24
2,35,cha035,0.0,0.0,0.0,0.0,0.0,0.0,0.0,0.0,2019-02-24
3,37,cha037,0.0,0.0,0.0,0.0,0.0,0.0,0.0,0.0,2019-02-24
4,38,cha038,0.0,0.01733,0.0,0.0,0.01733,0.0,0.0,0.0,2019-02-24
5,39,cha039,0.0,0.0,0.0,0.0,0.0,0.0,0.0,0.0,2019-02-24
6,41,cha041,0.0,0.0,0.0,0.0,0.0,0.0,0.0,0.0,2019-02-24
7,43,cha043,0.0,0.0,0.0,0.0,0.0,0.0,0.0,0.0,2019-02-24
8,44,cha044,0.0,0.0,0.0,0.0,0.0,0.0,0.0,0.0,2019-02-24
9,45,cha045,0.0,0.0,0.0,0.0,0.0,0.0,0.0,0.0,2019-02-24
10,50,cha050,0.0,0.0,0.0,0.0,0.0,0.0,0.0,0.0,2019-02-24
11,51,cha051,0.0,0.0,0.0,0.0,0.0,0.0,0.0,0.0,2019-02-24
12,54,cha054,0.0,0.0,0.0,0.0,0.0,0.0,0.0,0.0,2019-02-24
13,57,cha057,0.0,0.01744,0.0,0.0,0.01744,0.0,0.0,0.0,2019-02-24
14,59,cha059,0.0,0.0,0.0,0.0,0.0,0.0,0.0,0.0,2019-02-24
15,64,cha064,0.0,0.01322,0.0,0.0,0.01322,0.0,0.0,0.0,2019-02-24
16,66,cha066,0.0,0.0,0.0,0.0,0.0,0.0,0.0,0.0,2019-02-24
17,70,cha070,0.0,0.0,0.0,0.0,0.0,0.0,0.0,0.0,2019-02-24
18,71,cha071,0.0,0.0,0.0,0.0,0.0,0.0,0.0,0.0,2019-02-24
19,74,cha074,0.0,0.0,0.0,0.0,0.0,0.0,0.0,0.0,2019-02-24
20,138,cha138,0.0,0.02165,0.0,0.0,0.02165,0.0,0.0,0.0,2019-02-24
21,141,cha141,0.0,0.002267,0.0,0.0,0.002267,0.0,0.0,0.0,2019-02-24
22,142,cha142,0.0,0.0001607,0.0,0.0,0.0001607,0.0,0.0,0.0,2019-02-24
23,146,cha146,0.0,0.0007244,0.0,0.0,0.0007244,0.0,0.0,0.0,2019-02-24
24,148,cha148,0.0,0.003013,0.0,0.0,0.003013,0.0,0.0,0.0,2019-02-24
25,153,cha153,0.0,0.08793,0.0,0.0,0.08793,0.0,0.0,0.0,2019-02-24
26,155,cha155,0.0,0.07024,0.0,0.0,0.07024,0.0,0.0,0.0,2019-02-24
27,158,cha158,0.0,0.02338,0.0,0.0,0.02338,0.0,0.0,0.0,2019-02-24
28,161,cha161,0.0,0.03786,0.0,0.0,0.03786,0.0,0.0,0.0,2019-02-24
29,162,cha162,0.0,0.0003681,0.0,0.0,0.0003681,0.0,0.0,0.0,2019-02-24
30,165,cha165,0.0,0.02194,0.0,0.0,0.02194,0.0,0.0,0.0,2019-02-24
31,166,cha166,0.0,0.0008571,0.0,0.0,0.0008571,0.0,0.0,0.0,2019-02-24
32,167,cha167,0.0,0.03637,0.0,0.0,0.03637,0.0,0.0,0.0,2019-02-24
33,168,cha168,0.0,0.0003435,0.0,0.0,0.0003435,0.0,0.0,0.0,2019-02-24
34,169,cha169,0.0,0.02064,0.0,0.0,0.02064,0.0,0.0,0.0,2019-02-24
35,170,cha170,0.0,0.001959,0.0,0.0,0.001959,0.0,0.0,0.0,2019-02-24
36,171,cha171,0.0,0.001198,0.0,0.0,0.001198,0.0,0.0,0.0,2019-02-24
37,173,cha173,0.0,0.02029,0.0,0.0,0.02029,0.0,0.0,0.0,2019-02-24
1,29,cha029,0.0,0.0,0.0,0.0,0.0,0.0,0.0,0.0,2019-02-25
2,35,cha035,0.0,0.0,0.0,0.0,0.0,0.0,0.0,0.0,2019-02-25
3,37,cha037,0.0,0.0,0.0,0.0,0.0,0.0,0.0,0.0,2019-02-25
4,38,cha038,0.0,0.01755,0.0,0.0,0.01755,0.0,0.0,0.0,2019-02-25
5,39,cha039,0.0,0.0,0.0,0.0,0.0,0.0,0.0,0.0,2019-02-25
6,41,cha041,0.0,0.0,0.0,0.0,0.0,0.0,0.0,0.0,2019-02-25
7,43,cha043,0.0,0.0,0.0,0.0,0.0,0.0,0.0,0.0,2019-02-25
8,44,cha044,0.0,0.0,0.0,0.0,0.0,0.0,0.0,0.0,2019-02-25
9,45,cha045,0.0,0.0,0.0,0.0,0.0,0.0,0.0,0.0,2019-02-25
10,50,cha050,0.0,0.0,0.0,0.0,0.0,0.0,0.0,0.0,2019-02-25
11,51,cha051,0.0,0.0,0.0,0.0,0.0,0.0,0.0,0.0,2019-02-25
12,54,cha054,0.0,0.0,0.0,0.0,0.0,0.0,0.0,0.0,2019-02-25
13,57,cha057,0.0,0.01713,0.0,0.0,0.01713,0.0,0.0,0.0,2019-02-25
14,59,cha059,0.0,0.0,0.0,0.0,0.0,0.0,0.0,0.0,2019-02-25
15,64,cha064,0.0,0.01322,0.0,0.0,0.01322,0.0,0.0,0.0,2019-02-25
16,66,cha066,0.0,0.0,0.0,0.0,0.0,0.0,0.0,0.0,2019-02-25
17,70,cha070,0.0,0.0,0.0,0.0,0.0,0.0,0.0,0.0,2019-02-25
18,71,cha071,0.0,0.0,0.0,0.0,0.0,0.0,0.0,0.0,2019-02-25
19,74,cha074,0.0,0.0,0.0,0.0,0.0,0.0,0.0,0.0,2019-02-25
20,138,cha138,0.0,0.02156,0.0,0.0,0.02156,0.0,0.0,0.0,2019-02-25
21,141,cha141,0.0,0.002224,0.0,0.0,0.002224,0.0,0.0,0.0,2019-02-25
22,142,cha142,0.0,0.0001602,0.0,0.0,0.0001602,0.0,0.0,0.0,2019-02-25
23,146,cha146,0.0,0.0007217,0.0,0.0,0.0007217,0.0,0.0,0.0,2019-02-25
24,148,cha148,0.0,0.002968,0.0,0.0,0.002968,0.0,0.0,0.0,2019-02-25
25,153,cha153,0.0,0.08721,0.0,0.0,0.08721,0.0,0.0,0.0,2019-02-25
26,155,cha155,0.0,0.06986,0.0,0.0,0.06986,0.0,0.0,0.0,2019-02-25
27,158,cha158,0.0,0.02355,0.0,0.0,0.02355,0.0,0.0,0.0,2019-02-25
28,161,cha161,0.0,0.03777,0.0,0.0,0.03777,0.0,0.0,0.0,2019-02-25
29,162,cha162,0.0,0.0003664,0.0,0.0,0.0003664,0.0,0.0,0.0,2019-02-25
30,165,cha165,0.0,0.02212,0.0,0.0,0.02212,0.0,0.0,0.0,2019-02-25
31,166,cha166,0.0,0.0008493,0.0,0.0,0.0008493,0.0,0.0,0.0,2019-02-25
32,167,cha167,0.0,0.03629,0.0,0.0,0.03629,0.0,0.0,0.0,2019-02-25
33,168,cha168,0.0,0.0003413,0.0,0.0,0.0003413,0.0,0.0,0.0,2019-02-25
34,169,cha169,0.0,0.02083,0.0,0.0,0.02083,0.0,0.0,0.0,2019-02-25
35,170,cha170,0.0,0.001943,0.0,0.0,0.001943,0.0,0.0,0.0,2019-02-25
36,171,cha171,0.0,0.001188,0.0,0.0,0.001188,0.0,0.0,0.0,2019-02-25
37,173,cha173,0.0,0.02048,0.0,0.0,0.02048,0.0,0.0,0.0,2019-02-25
1,29,cha029,0.0,0.0,0.0,0.0,0.0,0.0,0.0,0.0,2019-02-26
2,35,cha035,0.0,0.0,0.0,0.0,0.0,0.0,0.0,0.0,2019-02-26
3,37,cha037,0.0,0.0,0.0,0.0,0.0,0.0,0.0,0.0,2019-02-26
4,38,cha038,0.0,0.01775,0.0,0.0,0.01775,0.0,0.0,0.0,2019-02-26
5,39,cha039,0.0,0.0,0.0,0.0,0.0,0.0,0.0,0.0,2019-02-26
6,41,cha041,0.0,0.0,0.0,0.0,0.0,0.0,0.0,0.0,2019-02-26
7,43,cha043,0.0,0.0,0.0,0.0,0.0,0.0,0.0,0.0,2019-02-26
8,44,cha044,0.0,0.0,0.0,0.0,0.0,0.0,0.0,0.0,2019-02-26
9,45,cha045,0.0,0.0,0.0,0.0,0.0,0.0,0.0,0.0,2019-02-26
10,50,cha050,0.0,0.0,0.0,0.0,0.0,0.0,0.0,0.0,2019-02-26
11,51,cha051,0.0,0.0,0.0,0.0,0.0,0.0,0.0,0.0,2019-02-26
12,54,cha054,0.0,0.0,0.0,0.0,0.0,0.0,0.0,0.0,2019-02-26
13,57,cha057,0.0,0.01682,0.0,0.0,0.01682,0.0,0.0,0.0,2019-02-26
14,59,cha059,0.0,0.0,0.0,0.0,0.0,0.0,0.0,0.0,2019-02-26
15,64,cha064,0.0,0.0132,0.0,0.0,0.0132,0.0,0.0,0.0,2019-02-26
16,66,cha066,0.0,0.0,0.0,0.0,0.0,0.0,0.0,0.0,2019-02-26
17,70,cha070,0.0,0.0,0.0,0.0,0.0,0.0,0.0,0.0,2019-02-26
18,71,cha071,0.0,0.0,0.0,0.0,0.0,0.0,0.0,0.0,2019-02-26
19,74,cha074,0.0,0.0,0.0,0.0,0.0,0.0,0.0,0.0,2019-02-26
20,138,cha138,0.0,0.02145,0.0,0.0,0.02145,0.0,0.0,0.0,2019-02-26
21,141,cha141,0.0,0.002197,0.0,0.0,0.002197,0.0,0.0,0.0,2019-02-26
22,142,cha142,0.0,0.0001598,0.0,0.0,0.0001598,0.0,0.0,0.0,2019-02-26
23,146,cha146,0.0,0.00072,0.0,0.0,0.00072,0.0,0.0,0.0,2019-02-26
24,148,cha148,0.0,0.00294,0.0,0.0,0.00294,0.0,0.0,0.0,2019-02-26
25,153,cha153,0.0,0.08651,0.0,0.0,0.08651,0.0,0.0,0.0,2019-02-26
26,155,cha155,0.0,0.0695,0.0,0.0,0.0695,0.0,0.0,0.0,2019-02-26
27,158,cha158,0.0,0.02371,0.0,0.0,0.02371,0.0,0.0,0.0,2019-02-26
28,161,cha161,0.0,0.03767,0.0,0.0,0.03767,0.0,0.0,0.0,2019-02-26
29,162,cha162,0.0,0.000365,0.0,0.0,0.000365,0.0,0.0,0.0,2019-02-26
30,165,cha165,0.0,0.02228,0.0,0.0,0.02228,0.0,0.0,0.0,2019-02-26
31,166,cha166,0.0,0.0008424,0.0,0.0,0.0008424,0.0,0.0,0.0,2019-02-26
32,167,cha167,0.0,0.0362,0.0,0.0,0.0362,0.0,0.0,0.0,2019-02-26
33,168,cha168,0.0,0.0003391,0.0,0.0,0.0003391,0.0,0.0,0.0,2019-02-26
34,169,cha169,0.0,0.02101,0.0,0.0,0.02101,0.0,0.0,0.0,2019-02-26
35,170,cha170,0.0,0.001928,0.0,0.0,0.001928,0.0,0.0,0.0,2019-02-26
36,171,cha171,0.0,0.001179,0.0,0.0,0.001179,0.0,0.0,0.0,2019-02-26
37,173,cha173,0.0,0.02066,0.0,0.0,0.02066,0.0,0.0,0.0,2019-02-26
1,29,cha029,0.0,0.0,0.0,0.0,0.0,0.0,0.0,0.0,2019-02-27
2,35,cha035,0.0,0.0,0.0,0.0,0.0,0.0,0.0,0.0,2019-02-27
3,37,cha037,0.0,0.0,0.0,0.0,0.0,0.0,0.0,0.0,2019-02-27
4,38,cha038,0.0,0.01794,0.0,0.0,0.01794,0.0,0.0,0.0,2019-02-27
5,39,cha039,0.0,0.0,0.0,0.0,0.0,0.0,0.0,0.0,2019-02-27
6,41,cha041,0.0,0.0,0.0,0.0,0.0,0.0,0.0,0.0,2019-02-27
7,43,cha043,0.0,0.0,0.0,0.0,0.0,0.0,0.0,0.0,2019-02-27
8,44,cha044,0.0,0.0,0.0,0.0,0.0,0.0,0.0,0.0,2019-02-27
9,45,cha045,0.0,0.0,0.0,0.0,0.0,0.0,0.0,0.0,2019-02-27
10,50,cha050,0.0,0.0,0.0,0.0,0.0,0.0,0.0,0.0,2019-02-27
11,51,cha051,0.0,0.0,0.0,0.0,0.0,0.0,0.0,0.0,2019-02-27
12,54,cha054,0.0,0.0,0.0,0.0,0.0,0.0,0.0,0.0,2019-02-27
13,57,cha057,0.0,0.01651,0.0,0.0,0.01651,0.0,0.0,0.0,2019-02-27
14,59,cha059,0.0,0.0,0.0,0.0,0.0,0.0,0.0,0.0,2019-02-27
15,64,cha064,0.0,0.01316,0.0,0.0,0.01316,0.0,0.0,0.0,2019-02-27
16,66,cha066,0.0,0.0,0.0,0.0,0.0,0.0,0.0,0.0,2019-02-27
17,70,cha070,0.0,0.0,0.0,0.0,0.0,0.0,0.0,0.0,2019-02-27
18,71,cha071,0.0,0.0,0.0,0.0,0.0,0.0,0.0,0.0,2019-02-27
19,74,cha074,0.0,0.0,0.0,0.0,0.0,0.0,0.0,0.0,2019-02-27
20,138,cha138,0.0,0.02134,0.0,0.0,0.02134,0.0,0.0,0.0,2019-02-27
21,141,cha141,0.0,0.002179,0.0,0.0,0.002179,0.0,0.0,0.0,2019-02-27
22,142,cha142,0.0,0.0001596,0.0,0.0,0.0001596,0.0,0.0,0.0,2019-02-27
23,146,cha146,0.0,0.0007187,0.0,0.0,0.0007187,0.0,0.0,0.0,2019-02-27
24,148,cha148,0.0,0.002921,0.0,0.0,0.002921,0.0,0.0,0.0,2019-02-27
25,153,cha153,0.0,0.08582,0.0,0.0,0.08582,0.0,0.0,0.0,2019-02-27
26,155,cha155,0.0,0.06914,0.0,0.0,0.06914,0.0,0.0,0.0,2019-02-27
27,158,cha158,0.0,0.02386,0.0,0.0,0.02386,0.0,0.0,0.0,2019-02-27
28,161,cha161,0.0,0.03757,0.0,0.0,0.03757,0.0,0.0,0.0,2019-02-27
29,162,cha162,0.0,0.0003636,0.0,0.0,0.0003636,0.0,0.0,0.0,2019-02-27
30,165,cha165,0.0,0.02244,0.0,0.0,0.02244,0.0,0.0,0.0,2019-02-27
31,166,cha166,0.0,0.000836,0.0,0.0,0.000836,0.0,0.0,0.0,2019-02-27
32,167,cha167,0.0,0.0361,0.0,0.0,0.0361,0.0,0.0,0.0,2019-02-27
33,168,cha168,0.0,0.000337,0.0,0.0,0.000337,0.0,0.0,0.0,2019-02-27
34,169,cha169,0.0,0.02118,0.0,0.0,0.02118,0.0,0.0,0.0,2019-02-27
35,170,cha170,0.0,0.001914,0.0,0.0,0.001914,0.0,0.0,0.0,2019-02-27
36,171,cha171,0.0,0.001171,0.0,0.0,0.001171,0.0,0.0,0.0,2019-02-27
37,173,cha173,0.0,0.02083,0.0,0.0,0.02083,0.0,0.0,0.0,2019-02-27
1,29,cha029,0.0,0.0,0.0,0.0,0.0,0.0,0.0,0.0,2019-02-28
2,35,cha035,0.0,0.0,0.0,0.0,0.0,0.0,0.0,0.0,2019-02-28
3,37,cha037,0.0,0.0,0.0,0.0,0.0,0.0,0.0,0.0,2019-02-28
4,38,cha038,0.0,0.01812,0.0,0.0,0.01812,0.0,0.0,0.0,2019-02-28
5,39,cha039,0.0,0.0,0.0,0.0,0.0,0.0,0.0,0.0,2019-02-28
6,41,cha041,0.0,0.0,0.0,0.0,0.0,0.0,0.0,0.0,2019-02-28
7,43,cha043,0.0,0.0,0.0,0.0,0.0,0.0,0.0,0.0,2019-02-28
8,44,cha044,0.0,0.0,0.0,0.0,0.0,0.0,0.0,0.0,2019-02-28
9,45,cha045,0.0,0.0,0.0,0.0,0.0,0.0,0.0,0.0,2019-02-28
10,50,cha050,0.0,0.0,0.0,0.0,0.0,0.0,0.0,0.0,2019-02-28
11,51,cha051,0.0,0.0,0.0,0.0,0.0,0.0,0.0,0.0,2019-02-28
12,54,cha054,0.0,0.0,0.0,0.0,0.0,0.0,0.0,0.0,2019-02-28
13,57,cha057,0.0,0.01619,0.0,0.0,0.01619,0.0,0.0,0.0,2019-02-28
14,59,cha059,0.0,0.0,0.0,0.0,0.0,0.0,0.0,0.0,2019-02-28
15,64,cha064,0.0,0.0131,0.0,0.0,0.0131,0.0,0.0,0.0,2019-02-28
16,66,cha066,0.0,0.0,0.0,0.0,0.0,0.0,0.0,0.0,2019-02-28
17,70,cha070,0.0,0.0,0.0,0.0,0.0,0.0,0.0,0.0,2019-02-28
18,71,cha071,0.0,0.0,0.0,0.0,0.0,0.0,0.0,0.0,2019-02-28
19,74,cha074,0.0,0.0,0.0,0.0,0.0,0.0,0.0,0.0,2019-02-28
20,138,cha138,0.0,0.0212,0.0,0.0,0.0212,0.0,0.0,0.0,2019-02-28
21,141,cha141,0.0,0.002167,0.0,0.0,0.002167,0.0,0.0,0.0,2019-02-28
22,142,cha142,0.0,0.0001594,0.0,0.0,0.0001594,0.0,0.0,0.0,2019-02-28
23,146,cha146,0.0,0.0007178,0.0,0.0,0.0007178,0.0,0.0,0.0,2019-02-28
24,148,cha148,0.0,0.002908,0.0,0.0,0.002908,0.0,0.0,0.0,2019-02-28
25,153,cha153,0.0,0.08514,0.0,0.0,0.08514,0.0,0.0,0.0,2019-02-28
26,155,cha155,0.0,0.06878,0.0,0.0,0.06878,0.0,0.0,0.0,2019-02-28
27,158,cha158,0.0,0.024,0.0,0.0,0.024,0.0,0.0,0.0,2019-02-28
28,161,cha161,0.0,0.03746,0.0,0.0,0.03746,0.0,0.0,0.0,2019-02-28
29,162,cha162,0.0,0.0003624,0.0,0.0,0.0003624,0.0,0.0,0.0,2019-02-28
30,165,cha165,0.0,0.02259,0.0,0.0,0.02259,0.0,0.0,0.0,2019-02-28
31,166,cha166,0.0,0.0008301,0.0,0.0,0.0008301,0.0,0.0,0.0,2019-02-28
32,167,cha167,0.0,0.036,0.0,0.0,0.036,0.0,0.0,0.0,2019-02-28
33,168,cha168,0.0,0.0003349,0.0,0.0,0.0003349,0.0,0.0,0.0,2019-02-28
34,169,cha169,0.0,0.02133,0.0,0.0,0.02133,0.0,0.0,0.0,2019-02-28
35,170,cha170,0.0,0.001901,0.0,0.0,0.001901,0.0,0.0,0.0,2019-02-28
36,171,cha171,0.0,0.001163,0.0,0.0,0.001163,0.0,0.0,0.0,2019-02-28
37,173,cha173,0.0,0.02099,0.0,0.0,0.02099,0.0,0.0,0.0,2019-02-28
1,29,cha029,0.0,0.0,0.0,0.0,0.0,0.0,0.0,0.0,2019-03-01
2,35,cha035,0.0,0.0,0.0,0.0,0.0,0.0,0.0,0.0,2019-03-01
3,37,cha037,0.0,0.0,0.0,0.0,0.0,0.0,0.0,0.0,2019-03-01
4,38,cha038,0.0,0.01829,0.0,0.0,0.01829,0.0,0.0,0.0,2019-03-01
5,39,cha039,0.0,0.0,0.0,0.0,0.0,0.0,0.0,0.0,2019-03-01
6,41,cha041,0.0,0.0,0.0,0.0,0.0,0.0,0.0,0.0,2019-03-01
7,43,cha043,0.0,0.0,0.0,0.0,0.0,0.0,0.0,0.0,2019-03-01
8,44,cha044,0.0,0.0,0.0,0.0,0.0,0.0,0.0,0.0,2019-03-01
9,45,cha045,0.0,0.0,0.0,0.0,0.0,0.0,0.0,0.0,2019-03-01
10,50,cha050,0.0,0.0,0.0,0.0,0.0,0.0,0.0,0.0,2019-03-01
11,51,cha051,0.0,0.0,0.0,0.0,0.0,0.0,0.0,0.0,2019-03-01
12,54,cha054,0.0,0.0,0.0,0.0,0.0,0.0,0.0,0.0,2019-03-01
13,57,cha057,0.0,0.01588,0.0,0.0,0.01588,0.0,0.0,0.0,2019-03-01
14,59,cha059,0.0,0.0,0.0,0.0,0.0,0.0,0.0,0.0,2019-03-01
15,64,cha064,0.0,0.01303,0.0,0.0,0.01303,0.0,0.0,0.0,2019-03-01
16,66,cha066,0.0,0.0,0.0,0.0,0.0,0.0,0.0,0.0,2019-03-01
17,70,cha070,0.0,0.0,0.0,0.0,0.0,0.0,0.0,0.0,2019-03-01
18,71,cha071,0.0,0.0,0.0,0.0,0.0,0.0,0.0,0.0,2019-03-01
19,74,cha074,0.0,0.0,0.0,0.0,0.0,0.0,0.0,0.0,2019-03-01
20,138,cha138,0.0,0.02106,0.0,0.0,0.02106,0.0,0.0,0.0,2019-03-01
21,141,cha141,0.0,0.002159,0.0,0.0,0.002159,0.0,0.0,0.0,2019-03-01
22,142,cha142,0.0,0.0001593,0.0,0.0,0.0001593,0.0,0.0,0.0,2019-03-01
23,146,cha146,0.0,0.0007169,0.0,0.0,0.0007169,0.0,0.0,0.0,2019-03-01
24,148,cha148,0.0,0.002899,0.0,0.0,0.002899,0.0,0.0,0.0,2019-03-01
25,153,cha153,0.0,0.08447,0.0,0.0,0.08447,0.0,0.0,0.0,2019-03-01
26,155,cha155,0.0,0.06843,0.0,0.0,0.06843,0.0,0.0,0.0,2019-03-01
27,158,cha158,0.0,0.02413,0.0,0.0,0.02413,0.0,0.0,0.0,2019-03-01
28,161,cha161,0.0,0.03735,0.0,0.0,0.03735,0.0,0.0,0.0,2019-03-01
29,162,cha162,0.0,0.0003612,0.0,0.0,0.0003612,0.0,0.0,0.0,2019-03-01
30,165,cha165,0.0,0.02273,0.0,0.0,0.02273,0.0,0.0,0.0,2019-03-01
31,166,cha166,0.0,0.0008244,0.0,0.0,0.0008244,0.0,0.0,0.0,2019-03-01
32,167,cha167,0.0,0.03589,0.0,0.0,0.03589,0.0,0.0,0.0,2019-03-01
33,168,cha168,0.0,0.0003329,0.0,0.0,0.0003329,0.0,0.0,0.0,2019-03-01
34,169,cha169,0.0,0.02148,0.0,0.0,0.02148,0.0,0.0,0.0,2019-03-01
35,170,cha170,0.0,0.001888,0.0,0.0,0.001888,0.0,0.0,0.0,2019-03-01
36,171,cha171,0.0,0.001156,0.0,0.0,0.001156,0.0,0.0,0.0,2019-03-01
37,173,cha173,0.0,0.02114,0.0,0.0,0.02114,0.0,0.0,0.0,2019-03-01
1,29,cha029,0.0,0.0,0.0,0.0,0.0,0.0,0.0,0.0,2019-03-02
2,35,cha035,0.0,0.0,0.0,0.0,0.0,0.0,0.0,0.0,2019-03-02
3,37,cha037,0.0,0.0,0.0,0.0,0.0,0.0,0.0,0.0,2019-03-02
4,38,cha038,0.0,0.01845,0.0,0.0,0.01845,0.0,0.0,0.0,2019-03-02
5,39,cha039,0.0,0.0,0.0,0.0,0.0,0.0,0.0,0.0,2019-03-02
6,41,cha041,0.0,0.0,0.0,0.0,0.0,0.0,0.0,0.0,2019-03-02
7,43,cha043,0.0,0.0,0.0,0.0,0.0,0.0,0.0,0.0,2019-03-02
8,44,cha044,0.0,0.0,0.0,0.0,0.0,0.0,0.0,0.0,2019-03-02
9,45,cha045,0.0,0.0,0.0,0.0,0.0,0.0,0.0,0.0,2019-03-02
10,50,cha050,0.0,0.0,0.0,0.0,0.0,0.0,0.0,0.0,2019-03-02
11,51,cha051,0.0,0.0,0.0,0.0,0.0,0.0,0.0,0.0,2019-03-02
12,54,cha054,0.0,0.0,0.0,0.0,0.0,0.0,0.0,0.0,2019-03-02
13,57,cha057,0.0,0.01556,0.0,0.0,0.01556,0.0,0.0,0.0,2019-03-02
14,59,cha059,0.0,0.0,0.0,0.0,0.0,0.0,0.0,0.0,2019-03-02
15,64,cha064,0.0,0.01294,0.0,0.0,0.01294,0.0,0.0,0.0,2019-03-02
16,66,cha066,0.0,0.0,0.0,0.0,0.0,0.0,0.0,0.0,2019-03-02
17,70,cha070,0.0,0.0,0.0,0.0,0.0,0.0,0.0,0.0,2019-03-02
18,71,cha071,0.0,0.0,0.0,0.0,0.0,0.0,0.0,0.0,2019-03-02
19,74,cha074,0.0,0.0,0.0,0.0,0.0,0.0,0.0,0.0,2019-03-02
20,138,cha138,0.0,0.02089,0.0,0.0,0.02089,0.0,0.0,0.0,2019-03-02
21,141,cha141,0.0,0.002153,0.0,0.0,0.002153,0.0,0.0,0.0,2019-03-02
22,142,cha142,0.0,0.0001591,0.0,0.0,0.0001591,0.0,0.0,0.0,2019-03-02
23,146,cha146,0.0,0.0007162,0.0,0.0,0.0007162,0.0,0.0,0.0,2019-03-02
24,148,cha148,0.0,0.002892,0.0,0.0,0.002892,0.0,0.0,0.0,2019-03-02
25,153,cha153,0.0,0.0838,0.0,0.0,0.0838,0.0,0.0,0.0,2019-03-02
26,155,cha155,0.0,0.06808,0.0,0.0,0.06808,0.0,0.0,0.0,2019-03-02
27,158,cha158,0.0,0.02426,0.0,0.0,0.02426,0.0,0.0,0.0,2019-03-02
28,161,cha161,0.0,0.03723,0.0,0.0,0.03723,0.0,0.0,0.0,2019-03-02
29,162,cha162,0.0,0.00036,0.0,0.0,0.00036,0.0,0.0,0.0,2019-03-02
30,165,cha165,0.0,0.02286,0.0,0.0,0.02286,0.0,0.0,0.0,2019-03-02
31,166,cha166,0.0,0.0008189,0.0,0.0,0.0008189,0.0,0.0,0.0,2019-03-02
32,167,cha167,0.0,0.03577,0.0,0.0,0.03577,0.0,0.0,0.0,2019-03-02
33,168,cha168,0.0,0.000331,0.0,0.0,0.000331,0.0,0.0,0.0,2019-03-02
34,169,cha169,0.0,0.02163,0.0,0.0,0.02163,0.0,0.0,0.0,2019-03-02
35,170,cha170,0.0,0.001876,0.0,0.0,0.001876,0.0,0.0,0.0,2019-03-02
36,171,cha171,0.0,0.001148,0.0,0.0,0.001148,0.0,0.0,0.0,2019-03-02
37,173,cha173,0.0,0.02128,0.0,0.0,0.02128,0.0,0.0,0.0,2019-03-02
1,29,cha029,0.0,0.0,0.0,0.0,0.0,0.0,0.0,0.0,2019-03-03
2,35,cha035,0.0,0.0,0.0,0.0,0.0,0.0,0.0,0.0,2019-03-03
3,37,cha037,0.0,0.0,0.0,0.0,0.0,0.0,0.0,0.0,2019-03-03
4,38,cha038,0.0,0.0186,0.0,0.0,0.0186,0.0,0.0,0.0,2019-03-03
5,39,cha039,0.0,0.0,0.0,0.0,0.0,0.0,0.0,0.0,2019-03-03
6,41,cha041,0.0,0.0,0.0,0.0,0.0,0.0,0.0,0.0,2019-03-03
7,43,cha043,0.0,0.0,0.0,0.0,0.0,0.0,0.0,0.0,2019-03-03
8,44,cha044,0.0,0.0,0.0,0.0,0.0,0.0,0.0,0.0,2019-03-03
9,45,cha045,0.0,0.0,0.0,0.0,0.0,0.0,0.0,0.0,2019-03-03
10,50,cha050,0.0,0.0,0.0,0.0,0.0,0.0,0.0,0.0,2019-03-03
11,51,cha051,0.0,0.0,0.0,0.0,0.0,0.0,0.0,0.0,2019-03-03
12,54,cha054,0.0,0.0,0.0,0.0,0.0,0.0,0.0,0.0,2019-03-03
13,57,cha057,0.0,0.01525,0.0,0.0,0.01525,0.0,0.0,0.0,2019-03-03
14,59,cha059,0.0,0.0,0.0,0.0,0.0,0.0,0.0,0.0,2019-03-03
15,64,cha064,0.0,0.01284,0.0,0.0,0.01284,0.0,0.0,0.0,2019-03-03
16,66,cha066,0.0,0.0,0.0,0.0,0.0,0.0,0.0,0.0,2019-03-03
17,70,cha070,0.0,0.0,0.0,0.0,0.0,0.0,0.0,0.0,2019-03-03
18,71,cha071,0.0,0.0,0.0,0.0,0.0,0.0,0.0,0.0,2019-03-03
19,74,cha074,0.0,0.0,0.0,0.0,0.0,0.0,0.0,0.0,2019-03-03
20,138,cha138,0.0,0.02072,0.0,0.0,0.02072,0.0,0.0,0.0,2019-03-03
21,141,cha141,0.0,0.002148,0.0,0.0,0.002148,0.0,0.0,0.0,2019-03-03
22,142,cha142,0.0,0.000159,0.0,0.0,0.000159,0.0,0.0,0.0,2019-03-03
23,146,cha146,0.0,0.0007155,0.0,0.0,0.0007155,0.0,0.0,0.0,2019-03-03
24,148,cha148,0.0,0.002887,0.0,0.0,0.002887,0.0,0.0,0.0,2019-03-03
25,153,cha153,0.0,0.08313,0.0,0.0,0.08313,0.0,0.0,0.0,2019-03-03
26,155,cha155,0.0,0.06773,0.0,0.0,0.06773,0.0,0.0,0.0,2019-03-03
27,158,cha158,0.0,0.02437,0.0,0.0,0.02437,0.0,0.0,0.0,2019-03-03
28,161,cha161,0.0,0.03709,0.0,0.0,0.03709,0.0,0.0,0.0,2019-03-03
29,162,cha162,0.0,0.0003588,0.0,0.0,0.0003588,0.0,0.0,0.0,2019-03-03
30,165,cha165,0.0,0.02298,0.0,0.0,0.02298,0.0,0.0,0.0,2019-03-03
31,166,cha166,0.0,0.0008137,0.0,0.0,0.0008137,0.0,0.0,0.0,2019-03-03
32,167,cha167,0.0,0.03565,0.0,0.0,0.03565,0.0,0.0,0.0,2019-03-03
33,168,cha168,0.0,0.0003291,0.0,0.0,0.0003291,0.0,0.0,0.0,2019-03-03
34,169,cha169,0.0,0.02176,0.0,0.0,0.02176,0.0,0.0,0.0,2019-03-03
35,170,cha170,0.0,0.001864,0.0,0.0,0.001864,0.0,0.0,0.0,2019-03-03
36,171,cha171,0.0,0.001141,0.0,0.0,0.001141,0.0,0.0,0.0,2019-03-03
37,173,cha173,0.0,0.02142,0.0,0.0,0.02142,0.0,0.0,0.0,2019-03-03
1,29,cha029,0.0,0.0,0.0,0.0,0.0,0.0,0.0,0.0,2019-03-04
2,35,cha035,0.0,0.0,0.0,0.0,0.0,0.0,0.0,0.0,2019-03-04
3,37,cha037,0.0,0.0,0.0,0.0,0.0,0.0,0.0,0.0,2019-03-04
4,38,cha038,0.0,0.01874,0.0,0.0,0.01874,0.0,0.0,0.0,2019-03-04
5,39,cha039,0.0,0.0,0.0,0.0,0.0,0.0,0.0,0.0,2019-03-04
6,41,cha041,0.0,0.0,0.0,0.0,0.0,0.0,0.0,0.0,2019-03-04
7,43,cha043,0.0,0.0,0.0,0.0,0.0,0.0,0.0,0.0,2019-03-04
8,44,cha044,0.0,0.0,0.0,0.0,0.0,0.0,0.0,0.0,2019-03-04
9,45,cha045,0.0,0.0,0.0,0.0,0.0,0.0,0.0,0.0,2019-03-04
10,50,cha050,0.0,0.0,0.0,0.0,0.0,0.0,0.0,0.0,2019-03-04
11,51,cha051,0.0,0.0,0.0,0.0,0.0,0.0,0.0,0.0,2019-03-04
12,54,cha054,0.0,0.0,0.0,0.0,0.0,0.0,0.0,0.0,2019-03-04
13,57,cha057,0.0,0.01494,0.0,0.0,0.01494,0.0,0.0,0.0,2019-03-04
14,59,cha059,0.0,0.0,0.0,0.0,0.0,0.0,0.0,0.0,2019-03-04
15,64,cha064,0.0,0.01272,0.0,0.0,0.01272,0.0,0.0,0.0,2019-03-04
16,66,cha066,0.0,0.0,0.0,0.0,0.0,0.0,0.0,0.0,2019-03-04
17,70,cha070,0.0,0.0,0.0,0.0,0.0,0.0,0.0,0.0,2019-03-04
18,71,cha071,0.0,0.0,0.0,0.0,0.0,0.0,0.0,0.0,2019-03-04
19,74,cha074,0.0,0.0,0.0,0.0,0.0,0.0,0.0,0.0,2019-03-04
20,138,cha138,0.0,0.02053,0.0,0.0,0.02053,0.0,0.0,0.0,2019-03-04
21,141,cha141,0.0,0.002145,0.0,0.0,0.002145,0.0,0.0,0.0,2019-03-04
22,142,cha142,0.0,0.0001588,0.0,0.0,0.0001588,0.0,0.0,0.0,2019-03-04
23,146,cha146,0.0,0.0007149,0.0,0.0,0.0007149,0.0,0.0,0.0,2019-03-04
24,148,cha148,0.0,0.002883,0.0,0.0,0.002883,0.0,0.0,0.0,2019-03-04
25,153,cha153,0.0,0.08246,0.0,0.0,0.08246,0.0,0.0,0.0,2019-03-04
26,155,cha155,0.0,0.06738,0.0,0.0,0.06738,0.0,0.0,0.0,2019-03-04
27,158,cha158,0.0,0.02448,0.0,0.0,0.02448,0.0,0.0,0.0,2019-03-04
28,161,cha161,0.0,0.03696,0.0,0.0,0.03696,0.0,0.0,0.0,2019-03-04
29,162,cha162,0.0,0.0003577,0.0,0.0,0.0003577,0.0,0.0,0.0,2019-03-04
30,165,cha165,0.0,0.02309,0.0,0.0,0.02309,0.0,0.0,0.0,2019-03-04
31,166,cha166,0.0,0.0008087,0.0,0.0,0.0008087,0.0,0.0,0.0,2019-03-04
32,167,cha167,0.0,0.03551,0.0,0.0,0.03551,0.0,0.0,0.0,2019-03-04
33,168,cha168,0.0,0.0003272,0.0,0.0,0.0003272,0.0,0.0,0.0,2019-03-04
34,169,cha169,0.0,0.02188,0.0,0.0,0.02188,0.0,0.0,0.0,2019-03-04
35,170,cha170,0.0,0.001853,0.0,0.0,0.001853,0.0,0.0,0.0,2019-03-04
36,171,cha171,0.0,0.001135,0.0,0.0,0.001135,0.0,0.0,0.0,2019-03-04
37,173,cha173,0.0,0.02154,0.0,0.0,0.02154,0.0,0.0,0.0,2019-03-04
1,29,cha029,0.0,0.0,0.0,0.0,0.0,0.0,0.0,0.0,2019-03-05
2,35,cha035,0.0,0.0,0.0,0.0,0.0,0.0,0.0,0.0,2019-03-05
3,37,cha037,0.0,0.0,0.0,0.0,0.0,0.0,0.0,0.0,2019-03-05
4,38,cha038,0.0,0.01888,0.0,0.0,0.01888,0.0,0.0,0.0,2019-03-05
5,39,cha039,0.0,0.0,0.0,0.0,0.0,0.0,0.0,0.0,2019-03-05
6,41,cha041,0.0,0.0,0.0,0.0,0.0,0.0,0.0,0.0,2019-03-05
7,43,cha043,0.0,0.0,0.0,0.0,0.0,0.0,0.0,0.0,2019-03-05
8,44,cha044,0.0,0.0,0.0,0.0,0.0,0.0,0.0,0.0,2019-03-05
9,45,cha045,0.0,0.0,0.0,0.0,0.0,0.0,0.0,0.0,2019-03-05
10,50,cha050,0.0,0.0,0.0,0.0,0.0,0.0,0.0,0.0,2019-03-05
11,51,cha051,0.0,0.0,0.0,0.0,0.0,0.0,0.0,0.0,2019-03-05
12,54,cha054,0.0,0.0,0.0,0.0,0.0,0.0,0.0,0.0,2019-03-05
13,57,cha057,0.0,0.01463,0.0,0.0,0.01463,0.0,0.0,0.0,2019-03-05
14,59,cha059,0.0,0.0,0.0,0.0,0.0,0.0,0.0,0.0,2019-03-05
15,64,cha064,0.0,0.0126,0.0,0.0,0.0126,0.0,0.0,0.0,2019-03-05
16,66,cha066,0.0,0.0,0.0,0.0,0.0,0.0,0.0,0.0,2019-03-05
17,70,cha070,0.0,0.0,0.0,0.0,0.0,0.0,0.0,0.0,2019-03-05
18,71,cha071,0.0,0.0,0.0,0.0,0.0,0.0,0.0,0.0,2019-03-05
19,74,cha074,0.0,0.0,0.0,0.0,0.0,0.0,0.0,0.0,2019-03-05
20,138,cha138,0.0,0.02033,0.0,0.0,0.02033,0.0,0.0,0.0,2019-03-05
21,141,cha141,0.0,0.002141,0.0,0.0,0.002141,0.0,0.0,0.0,2019-03-05
22,142,cha142,0.0,0.0001587,0.0,0.0,0.0001587,0.0,0.0,0.0,2019-03-05
23,146,cha146,0.0,0.0007142,0.0,0.0,0.0007142,0.0,0.0,0.0,2019-03-05
24,148,cha148,0.0,0.002879,0.0,0.0,0.002879,0.0,0.0,0.0,2019-03-05
25,153,cha153,0.0,0.08181,0.0,0.0,0.08181,0.0,0.0,0.0,2019-03-05
26,155,cha155,0.0,0.06704,0.0,0.0,0.06704,0.0,0.0,0.0,2019-03-05
27,158,cha158,0.0,0.02458,0.0,0.0,0.02458,0.0,0.0,0.0,2019-03-05
28,161,cha161,0.0,0.03682,0.0,0.0,0.03682,0.0,0.0,0.0,2019-03-05
29,162,cha162,0.0,0.0003566,0.0,0.0,0.0003566,0.0,0.0,0.0,2019-03-05
30,165,cha165,0.0,0.0232,0.0,0.0,0.0232,0.0,0.0,0.0,2019-03-05
31,166,cha166,0.0,0.0008038,0.0,0.0,0.0008038,0.0,0.0,0.0,2019-03-05
32,167,cha167,0.0,0.03538,0.0,0.0,0.03538,0.0,0.0,0.0,2019-03-05
33,168,cha168,0.0,0.0003255,0.0,0.0,0.0003255,0.0,0.0,0.0,2019-03-05
34,169,cha169,0.0,0.02199,0.0,0.0,0.02199,0.0,0.0,0.0,2019-03-05
35,170,cha170,0.0,0.001842,0.0,0.0,0.001842,0.0,0.0,0.0,2019-03-05
36,171,cha171,0.0,0.001128,0.0,0.0,0.001128,0.0,0.0,0.0,2019-03-05
37,173,cha173,0.0,0.02166,0.0,0.0,0.02166,0.0,0.0,0.0,2019-03-05
1,29,cha029,0.0,0.0,0.0,0.0,0.0,0.0,0.0,0.0,2019-03-06
2,35,cha035,0.0,0.0,0.0,0.0,0.0,0.0,0.0,0.0,2019-03-06
3,37,cha037,0.0,0.0,0.0,0.0,0.0,0.0,0.0,0.0,2019-03-06
4,38,cha038,0.0,0.019,0.0,0.0,0.019,0.0,0.0,0.0,2019-03-06
5,39,cha039,0.0,0.0,0.0,0.0,0.0,0.0,0.0,0.0,2019-03-06
6,41,cha041,0.0,0.0,0.0,0.0,0.0,0.0,0.0,0.0,2019-03-06
7,43,cha043,0.0,0.0,0.0,0.0,0.0,0.0,0.0,0.0,2019-03-06
8,44,cha044,0.0,0.0,0.0,0.0,0.0,0.0,0.0,0.0,2019-03-06
9,45,cha045,0.0,0.0,0.0,0.0,0.0,0.0,0.0,0.0,2019-03-06
10,50,cha050,0.0,0.0,0.0,0.0,0.0,0.0,0.0,0.0,2019-03-06
11,51,cha051,0.0,0.0,0.0,0.0,0.0,0.0,0.0,0.0,2019-03-06
12,54,cha054,0.0,0.0,0.0,0.0,0.0,0.0,0.0,0.0,2019-03-06
13,57,cha057,0.0,0.01432,0.0,0.0,0.01432,0.0,0.0,0.0,2019-03-06
14,59,cha059,0.0,0.0,0.0,0.0,0.0,0.0,0.0,0.0,2019-03-06
15,64,cha064,0.0,0.01247,0.0,0.0,0.01247,0.0,0.0,0.0,2019-03-06
16,66,cha066,0.0,0.0,0.0,0.0,0.0,0.0,0.0,0.0,2019-03-06
17,70,cha070,0.0,0.0,0.0,0.0,0.0,0.0,0.0,0.0,2019-03-06
18,71,cha071,0.0,0.0,0.0,0.0,0.0,0.0,0.0,0.0,2019-03-06
19,74,cha074,0.0,0.0,0.0,0.0,0.0,0.0,0.0,0.0,2019-03-06
20,138,cha138,0.0,0.02011,0.0,0.0,0.02011,0.0,0.0,0.0,2019-03-06
21,141,cha141,0.0,0.002139,0.0,0.0,0.002139,0.0,0.0,0.0,2019-03-06
22,142,cha142,0.0,0.0001585,0.0,0.0,0.0001585,0.0,0.0,0.0,2019-03-06
23,146,cha146,0.0,0.0007135,0.0,0.0,0.0007135,0.0,0.0,0.0,2019-03-06
24,148,cha148,0.0,0.002875,0.0,0.0,0.002875,0.0,0.0,0.0,2019-03-06
25,153,cha153,0.0,0.08115,0.0,0.0,0.08115,0.0,0.0,0.0,2019-03-06
26,155,cha155,0.0,0.06671,0.0,0.0,0.06671,0.0,0.0,0.0,2019-03-06
27,158,cha158,0.0,0.02467,0.0,0.0,0.02467,0.0,0.0,0.0,2019-03-06
28,161,cha161,0.0,0.03667,0.0,0.0,0.03667,0.0,0.0,0.0,2019-03-06
29,162,cha162,0.0,0.0003555,0.0,0.0,0.0003555,0.0,0.0,0.0,2019-03-06
30,165,cha165,0.0,0.02329,0.0,0.0,0.02329,0.0,0.0,0.0,2019-03-06
31,166,cha166,0.0,0.0007991,0.0,0.0,0.0007991,0.0,0.0,0.0,2019-03-06
32,167,cha167,0.0,0.03524,0.0,0.0,0.03524,0.0,0.0,0.0,2019-03-06
33,168,cha168,0.0,0.0003237,0.0,0.0,0.0003237,0.0,0.0,0.0,2019-03-06
34,169,cha169,0.0,0.0221,0.0,0.0,0.0221,0.0,0.0,0.0,2019-03-06
35,170,cha170,0.0,0.001831,0.0,0.0,0.001831,0.0,0.0,0.0,2019-03-06
36,171,cha171,0.0,0.001122,0.0,0.0,0.001122,0.0,0.0,0.0,2019-03-06
37,173,cha173,0.0,0.02177,0.0,0.0,0.02177,0.0,0.0,0.0,2019-03-06
1,29,cha029,0.0,0.0,0.0,0.0,0.0,0.0,0.0,0.0,2019-03-07
2,35,cha035,0.0,0.0,0.0,0.0,0.0,0.0,0.0,0.0,2019-03-07
3,37,cha037,0.0,0.0,0.0,0.0,0.0,0.0,0.0,0.0,2019-03-07
4,38,cha038,0.0,0.01912,0.0,0.0,0.01912,0.0,0.0,0.0,2019-03-07
5,39,cha039,0.0,0.0,0.0,0.0,0.0,0.0,0.0,0.0,2019-03-07
6,41,cha041,0.0,0.0,0.0,0.0,0.0,0.0,0.0,0.0,2019-03-07
7,43,cha043,0.0,0.0,0.0,0.0,0.0,0.0,0.0,0.0,2019-03-07
8,44,cha044,0.0,0.0,0.0,0.0,0.0,0.0,0.0,0.0,2019-03-07
9,45,cha045,0.0,0.0,0.0,0.0,0.0,0.0,0.0,0.0,2019-03-07
10,50,cha050,0.0,0.0,0.0,0.0,0.0,0.0,0.0,0.0,2019-03-07
11,51,cha051,0.0,0.0,0.0,0.0,0.0,0.0,0.0,0.0,2019-03-07
12,54,cha054,0.0,0.0,0.0,0.0,0.0,0.0,0.0,0.0,2019-03-07
13,57,cha057,0.0,0.01401,0.0,0.0,0.01401,0.0,0.0,0.0,2019-03-07
14,59,cha059,0.0,0.0,0.0,0.0,0.0,0.0,0.0,0.0,2019-03-07
15,64,cha064,0.0,0.01232,0.0,0.0,0.01232,0.0,0.0,0.0,2019-03-07
16,66,cha066,0.0,0.0,0.0,0.0,0.0,0.0,0.0,0.0,2019-03-07
17,70,cha070,0.0,0.0,0.0,0.0,0.0,0.0,0.0,0.0,2019-03-07
18,71,cha071,0.0,0.0,0.0,0.0,0.0,0.0,0.0,0.0,2019-03-07
19,74,cha074,0.0,0.0,0.0,0.0,0.0,0.0,0.0,0.0,2019-03-07
20,138,cha138,0.0,0.01989,0.0,0.0,0.01989,0.0,0.0,0.0,2019-03-07
21,141,cha141,0.0,0.002136,0.0,0.0,0.002136,0.0,0.0,0.0,2019-03-07
22,142,cha142,0.0,0.0001584,0.0,0.0,0.0001584,0.0,0.0,0.0,2019-03-07
23,146,cha146,0.0,0.0007129,0.0,0.0,0.0007129,0.0,0.0,0.0,2019-03-07
24,148,cha148,0.0,0.002872,0.0,0.0,0.002872,0.0,0.0,0.0,2019-03-07
25,153,cha153,0.0,0.08051,0.0,0.0,0.08051,0.0,0.0,0.0,2019-03-07
26,155,cha155,0.0,0.06637,0.0,0.0,0.06637,0.0,0.0,0.0,2019-03-07
27,158,cha158,0.0,0.02475,0.0,0.0,0.02475,0.0,0.0,0.0,2019-03-07
28,161,cha161,0.0,0.03652,0.0,0.0,0.03652,0.0,0.0,0.0,2019-03-07
29,162,cha162,0.0,0.0003545,0.0,0.0,0.0003545,0.0,0.0,0.0,2019-03-07
30,165,cha165,0.0,0.02339,0.0,0.0,0.02339,0.0,0.0,0.0,2019-03-07
31,166,cha166,0.0,0.0007945,0.0,0.0,0.0007945,0.0,0.0,0.0,2019-03-07
32,167,cha167,0.0,0.03509,0.0,0.0,0.03509,0.0,0.0,0.0,2019-03-07
33,168,cha168,0.0,0.0003221,0.0,0.0,0.0003221,0.0,0.0,0.0,2019-03-07
34,169,cha169,0.0,0.0222,0.0,0.0,0.0222,0.0,0.0,0.0,2019-03-07
35,170,cha170,0.0,0.00182,0.0,0.0,0.00182,0.0,0.0,0.0,2019-03-07
36,171,cha171,0.0,0.001116,0.0,0.0,0.001116,0.0,0.0,0.0,2019-03-07
37,173,cha173,0.0,0.02187,0.0,0.0,0.02187,0.0,0.0,0.0,2019-03-07
1,29,cha029,0.0,0.0,0.0,0.0,0.0,0.0,0.0,0.0,2019-03-08
2,35,cha035,0.0,0.0,0.0,0.0,0.0,0.0,0.0,0.0,2019-03-08
3,37,cha037,0.0,0.0,0.0,0.0,0.0,0.0,0.0,0.0,2019-03-08
4,38,cha038,0.0,0.01923,0.0,0.0,0.01923,0.0,0.0,0.0,2019-03-08
5,39,cha039,0.0,0.0,0.0,0.0,0.0,0.0,0.0,0.0,2019-03-08
6,41,cha041,0.0,0.0,0.0,0.0,0.0,0.0,0.0,0.0,2019-03-08
7,43,cha043,0.0,0.0,0.0,0.0,0.0,0.0,0.0,0.0,2019-03-08
8,44,cha044,0.0,0.0,0.0,0.0,0.0,0.0,0.0,0.0,2019-03-08
9,45,cha045,0.0,0.0,0.0,0.0,0.0,0.0,0.0,0.0,2019-03-08
10,50,cha050,0.0,0.0,0.0,0.0,0.0,0.0,0.0,0.0,2019-03-08
11,51,cha051,0.0,0.0,0.0,0.0,0.0,0.0,0.0,0.0,2019-03-08
12,54,cha054,0.0,0.0,0.0,0.0,0.0,0.0,0.0,0.0,2019-03-08
13,57,cha057,0.0,0.0137,0.0,0.0,0.0137,0.0,0.0,0.0,2019-03-08
14,59,cha059,0.0,0.0,0.0,0.0,0.0,0.0,0.0,0.0,2019-03-08
15,64,cha064,0.0,0.01217,0.0,0.0,0.01217,0.0,0.0,0.0,2019-03-08
16,66,cha066,0.0,0.0,0.0,0.0,0.0,0.0,0.0,0.0,2019-03-08
17,70,cha070,0.0,0.0,0.0,0.0,0.0,0.0,0.0,0.0,2019-03-08
18,71,cha071,0.0,0.0,0.0,0.0,0.0,0.0,0.0,0.0,2019-03-08
19,74,cha074,0.0,0.0,0.0,0.0,0.0,0.0,0.0,0.0,2019-03-08
20,138,cha138,0.0,0.01965,0.0,0.0,0.01965,0.0,0.0,0.0,2019-03-08
21,141,cha141,0.0,0.002133,0.0,0.0,0.002133,0.0,0.0,0.0,2019-03-08
22,142,cha142,0.0,0.0001582,0.0,0.0,0.0001582,0.0,0.0,0.0,2019-03-08
23,146,cha146,0.0,0.0007122,0.0,0.0,0.0007122,0.0,0.0,0.0,2019-03-08
24,148,cha148,0.0,0.002869,0.0,0.0,0.002869,0.0,0.0,0.0,2019-03-08
25,153,cha153,0.0,0.07032,0.0,0.0,0.07032,0.0,0.0,0.0,2019-03-08
26,155,cha155,0.0,0.05649,0.0,0.0,0.05649,0.0,0.0,0.0,2019-03-08
27,158,cha158,0.0,0.02484,0.0,0.0,0.02484,0.0,0.0,0.0,2019-03-08
28,161,cha161,0.0,0.02682,0.0,0.0,0.02682,0.0,0.0,0.0,2019-03-08
29,162,cha162,0.0,0.0003534,0.0,0.0,0.0003534,0.0,0.0,0.0,2019-03-08
30,165,cha165,0.0,0.02347,0.0,0.0,0.02347,0.0,0.0,0.0,2019-03-08
31,166,cha166,0.0,0.00079,0.0,0.0,0.00079,0.0,0.0,0.0,2019-03-08
32,167,cha167,0.0,0.02539,0.0,0.0,0.02539,0.0,0.0,0.0,2019-03-08
33,168,cha168,0.0,0.0003204,0.0,0.0,0.0003204,0.0,0.0,0.0,2019-03-08
34,169,cha169,0.0,0.02229,0.0,0.0,0.02229,0.0,0.0,0.0,2019-03-08
35,170,cha170,0.0,0.00181,0.0,0.0,0.00181,0.0,0.0,0.0,2019-03-08
36,171,cha171,0.0,0.00111,0.0,0.0,0.00111,0.0,0.0,0.0,2019-03-08
37,173,cha173,0.0,0.02197,0.0,0.0,0.02197,0.0,0.0,0.0,2019-03-08
1,29,cha029,0.0,0.0,0.0,0.0,0.0,0.0,0.0,0.0,2019-03-09
2,35,cha035,0.0,0.0,0.0,0.0,0.0,0.0,0.0,0.0,2019-03-09
3,37,cha037,0.0,0.0,0.0,0.0,0.0,0.0,0.0,0.0,2019-03-09
4,38,cha038,0.0,0.01934,0.0,0.0,0.01934,0.0,0.0,0.0,2019-03-09
5,39,cha039,0.0,0.0,0.0,0.0,0.0,0.0,0.0,0.0,2019-03-09
6,41,cha041,0.0,0.0,0.0,0.0,0.0,0.0,0.0,0.0,2019-03-09
7,43,cha043,0.0,0.0,0.0,0.0,0.0,0.0,0.0,0.0,2019-03-09
8,44,cha044,0.0,0.0,0.0,0.0,0.0,0.0,0.0,0.0,2019-03-09
9,45,cha045,0.0,0.0,0.0,0.0,0.0,0.0,0.0,0.0,2019-03-09
10,50,cha050,0.0,0.0,0.0,0.0,0.0,0.0,0.0,0.0,2019-03-09
11,51,cha051,0.0,0.0,0.0,0.0,0.0,0.0,0.0,0.0,2019-03-09
12,54,cha054,0.0,0.0,0.0,0.0,0.0,0.0,0.0,0.0,2019-03-09
13,57,cha057,0.0,0.0134,0.0,0.0,0.0134,0.0,0.0,0.0,2019-03-09
14,59,cha059,0.0,0.0,0.0,0.0,0.0,0.0,0.0,0.0,2019-03-09
15,64,cha064,0.0,0.01201,0.0,0.0,0.01201,0.0,0.0,0.0,2019-03-09
16,66,cha066,0.0,0.0,0.0,0.0,0.0,0.0,0.0,0.0,2019-03-09
17,70,cha070,0.0,0.0,0.0,0.0,0.0,0.0,0.0,0.0,2019-03-09
18,71,cha071,0.0,0.0,0.0,0.0,0.0,0.0,0.0,0.0,2019-03-09
19,74,cha074,0.0,0.0,0.0,0.0,0.0,0.0,0.0,0.0,2019-03-09
20,138,cha138,0.0,0.01941,0.0,0.0,0.01941,0.0,0.0,0.0,2019-03-09
21,141,cha141,0.0,0.002131,0.0,0.0,0.002131,0.0,0.0,0.0,2019-03-09
22,142,cha142,0.0,0.0001581,0.0,0.0,0.0001581,0.0,0.0,0.0,2019-03-09
23,146,cha146,0.0,0.0007115,0.0,0.0,0.0007115,0.0,0.0,0.0,2019-03-09
24,148,cha148,0.0,0.002865,0.0,0.0,0.002865,0.0,0.0,0.0,2019-03-09
25,153,cha153,0.0,0.07055,0.0,0.0,0.07055,0.0,0.0,0.0,2019-03-09
26,155,cha155,0.0,0.05703,0.0,0.0,0.05703,0.0,0.0,0.0,2019-03-09
27,158,cha158,0.0,0.02492,0.0,0.0,0.02492,0.0,0.0,0.0,2019-03-09
28,161,cha161,0.0,0.0269,0.0,0.0,0.0269,0.0,0.0,0.0,2019-03-09
29,162,cha162,0.0,0.0003524,0.0,0.0,0.0003524,0.0,0.0,0.0,2019-03-09
30,165,cha165,0.0,0.02356,0.0,0.0,0.02356,0.0,0.0,0.0,2019-03-09
31,166,cha166,0.0,0.0007856,0.0,0.0,0.0007856,0.0,0.0,0.0,2019-03-09
32,167,cha167,0.0,0.02547,0.0,0.0,0.02547,0.0,0.0,0.0,2019-03-09
33,168,cha168,0.0,0.0003188,0.0,0.0,0.0003188,0.0,0.0,0.0,2019-03-09
34,169,cha169,0.0,0.02238,0.0,0.0,0.02238,0.0,0.0,0.0,2019-03-09
35,170,cha170,0.0,0.0018,0.0,0.0,0.0018,0.0,0.0,0.0,2019-03-09
36,171,cha171,0.0,0.001104,0.0,0.0,0.001104,0.0,0.0,0.0,2019-03-09
37,173,cha173,0.0,0.02206,0.0,0.0,0.02206,0.0,0.0,0.0,2019-03-09
1,29,cha029,0.0,0.0,0.0,0.0,0.0,0.0,0.0,0.0,2019-03-10
2,35,cha035,0.0,0.0,0.0,0.0,0.0,0.0,0.0,0.0,2019-03-10
3,37,cha037,0.0,0.0,0.0,0.0,0.0,0.0,0.0,0.0,2019-03-10
4,38,cha038,0.0,0.01944,0.0,0.0,0.01944,0.0,0.0,0.0,2019-03-10
5,39,cha039,0.0,0.0,0.0,0.0,0.0,0.0,0.0,0.0,2019-03-10
6,41,cha041,0.0,0.0,0.0,0.0,0.0,0.0,0.0,0.0,2019-03-10
7,43,cha043,0.0,0.0,0.0,0.0,0.0,0.0,0.0,0.0,2019-03-10
8,44,cha044,0.0,0.0,0.0,0.0,0.0,0.0,0.0,0.0,2019-03-10
9,45,cha045,0.0,0.0,0.0,0.0,0.0,0.0,0.0,0.0,2019-03-10
10,50,cha050,0.0,0.0,0.0,0.0,0.0,0.0,0.0,0.0,2019-03-10
11,51,cha051,0.0,0.0,0.0,0.0,0.0,0.0,0.0,0.0,2019-03-10
12,54,cha054,0.0,0.0,0.0,0.0,0.0,0.0,0.0,0.0,2019-03-10
13,57,cha057,0.0,0.0131,0.0,0.0,0.0131,0.0,0.0,0.0,2019-03-10
14,59,cha059,0.0,0.0,0.0,0.0,0.0,0.0,0.0,0.0,2019-03-10
15,64,cha064,0.0,0.01185,0.0,0.0,0.01185,0.0,0.0,0.0,2019-03-10
16,66,cha066,0.0,0.0,0.0,0.0,0.0,0.0,0.0,0.0,2019-03-10
17,70,cha070,0.0,0.0,0.0,0.0,0.0,0.0,0.0,0.0,2019-03-10
18,71,cha071,0.0,0.0,0.0,0.0,0.0,0.0,0.0,0.0,2019-03-10
19,74,cha074,0.0,0.0,0.0,0.0,0.0,0.0,0.0,0.0,2019-03-10
20,138,cha138,0.0,0.01916,0.0,0.0,0.01916,0.0,0.0,0.0,2019-03-10
21,141,cha141,0.0,0.002128,0.0,0.0,0.002128,0.0,0.0,0.0,2019-03-10
22,142,cha142,0.0,0.0001579,0.0,0.0,0.0001579,0.0,0.0,0.0,2019-03-10
23,146,cha146,0.0,0.0007108,0.0,0.0,0.0007108,0.0,0.0,0.0,2019-03-10
24,148,cha148,0.0,0.002862,0.0,0.0,0.002862,0.0,0.0,0.0,2019-03-10
25,153,cha153,0.0,0.07075,0.0,0.0,0.07075,0.0,0.0,0.0,2019-03-10
26,155,cha155,0.0,0.05754,0.0,0.0,0.05754,0.0,0.0,0.0,2019-03-10
27,158,cha158,0.0,0.02499,0.0,0.0,0.02499,0.0,0.0,0.0,2019-03-10
28,161,cha161,0.0,0.02696,0.0,0.0,0.02696,0.0,0.0,0.0,2019-03-10
29,162,cha162,0.0,0.0003514,0.0,0.0,0.0003514,0.0,0.0,0.0,2019-03-10
30,165,cha165,0.0,0.02363,0.0,0.0,0.02363,0.0,0.0,0.0,2019-03-10
31,166,cha166,0.0,0.0007814,0.0,0.0,0.0007814,0.0,0.0,0.0,2019-03-10
32,167,cha167,0.0,0.02554,0.0,0.0,0.02554,0.0,0.0,0.0,2019-03-10
33,168,cha168,0.0,0.0003173,0.0,0.0,0.0003173,0.0,0.0,0.0,2019-03-10
34,169,cha169,0.0,0.02247,0.0,0.0,0.02247,0.0,0.0,0.0,2019-03-10
35,170,cha170,0.0,0.00179,0.0,0.0,0.00179,0.0,0.0,0.0,2019-03-10
36,171,cha171,0.0,0.001098,0.0,0.0,0.001098,0.0,0.0,0.0,2019-03-10
37,173,cha173,0.0,0.02215,0.0,0.0,0.02215,0.0,0.0,0.0,2019-03-10
1,29,cha029,0.0,0.0,0.0,0.0,0.0,0.0,0.0,0.0,2019-03-11
2,35,cha035,0.0,0.0,0.0,0.0,0.0,0.0,0.0,0.0,2019-03-11
3,37,cha037,0.0,0.0,0.0,0.0,0.0,0.0,0.0,0.0,2019-03-11
4,38,cha038,0.0,0.01953,0.0,0.0,0.01953,0.0,0.0,0.0,2019-03-11
5,39,cha039,0.0,0.0,0.0,0.0,0.0,0.0,0.0,0.0,2019-03-11
6,41,cha041,0.0,0.0,0.0,0.0,0.0,0.0,0.0,0.0,2019-03-11
7,43,cha043,0.0,0.0,0.0,0.0,0.0,0.0,0.0,0.0,2019-03-11
8,44,cha044,0.0,0.0,0.0,0.0,0.0,0.0,0.0,0.0,2019-03-11
9,45,cha045,0.0,0.0,0.0,0.0,0.0,0.0,0.0,0.0,2019-03-11
10,50,cha050,0.0,0.0,0.0,0.0,0.0,0.0,0.0,0.0,2019-03-11
11,51,cha051,0.0,0.0,0.0,0.0,0.0,0.0,0.0,0.0,2019-03-11
12,54,cha054,0.0,0.0,0.0,0.0,0.0,0.0,0.0,0.0,2019-03-11
13,57,cha057,0.0,0.0128,0.0,0.0,0.0128,0.0,0.0,0.0,2019-03-11
14,59,cha059,0.0,0.0,0.0,0.0,0.0,0.0,0.0,0.0,2019-03-11
15,64,cha064,0.0,0.01168,0.0,0.0,0.01168,0.0,0.0,0.0,2019-03-11
16,66,cha066,0.0,0.0,0.0,0.0,0.0,0.0,0.0,0.0,2019-03-11
17,70,cha070,0.0,0.0,0.0,0.0,0.0,0.0,0.0,0.0,2019-03-11
18,71,cha071,0.0,0.0,0.0,0.0,0.0,0.0,0.0,0.0,2019-03-11
19,74,cha074,0.0,0.0,0.0,0.0,0.0,0.0,0.0,0.0,2019-03-11
20,138,cha138,0.0,0.01891,0.0,0.0,0.01891,0.0,0.0,0.0,2019-03-11
21,141,cha141,0.0,0.002126,0.0,0.0,0.002126,0.0,0.0,0.0,2019-03-11
22,142,cha142,0.0,0.0001578,0.0,0.0,0.0001578,0.0,0.0,0.0,2019-03-11
23,146,cha146,0.0,0.0007101,0.0,0.0,0.0007101,0.0,0.0,0.0,2019-03-11
24,148,cha148,0.0,0.002859,0.0,0.0,0.002859,0.0,0.0,0.0,2019-03-11
25,153,cha153,0.0,0.07122,0.0,0.0,0.07122,0.0,0.0,0.0,2019-03-11
26,155,cha155,0.0,0.0583,0.0,0.0,0.0583,0.0,0.0,0.0,2019-03-11
27,158,cha158,0.0,0.0251,0.0,0.0,0.0251,0.0,0.0,0.0,2019-03-11
28,161,cha161,0.0,0.0273,0.0,0.0,0.0273,0.0,0.0,0.0,2019-03-11
29,162,cha162,0.0,0.0003505,0.0,0.0,0.0003505,0.0,0.0,0.0,2019-03-11
30,165,cha165,0.0,0.02373,0.0,0.0,0.02373,0.0,0.0,0.0,2019-03-11
31,166,cha166,0.0,0.0007773,0.0,0.0,0.0007773,0.0,0.0,0.0,2019-03-11
32,167,cha167,0.0,0.02588,0.0,0.0,0.02588,0.0,0.0,0.0,2019-03-11
33,168,cha168,0.0,0.0003158,0.0,0.0,0.0003158,0.0,0.0,0.0,2019-03-11
34,169,cha169,0.0,0.02255,0.0,0.0,0.02255,0.0,0.0,0.0,2019-03-11
35,170,cha170,0.0,0.001781,0.0,0.0,0.001781,0.0,0.0,0.0,2019-03-11
36,171,cha171,0.0,0.001093,0.0,0.0,0.001093,0.0,0.0,0.0,2019-03-11
37,173,cha173,0.0,0.02223,0.0,0.0,0.02223,0.0,0.0,0.0,2019-03-11
1,29,cha029,0.0,0.0,0.0,0.0,0.0,0.0,0.0,0.0,2019-03-12
2,35,cha035,0.0,0.0,0.0,0.0,0.0,0.0,0.0,0.0,2019-03-12
3,37,cha037,0.0,0.0,0.0,0.0,0.0,0.0,0.0,0.0,2019-03-12
4,38,cha038,0.0,0.02023,0.0,0.0,0.02023,0.0,0.0,0.0,2019-03-12
5,39,cha039,0.0,0.0,0.0,0.0,0.0,0.0,0.0,0.0,2019-03-12
6,41,cha041,0.0,0.0,0.0,0.0,0.0,0.0,0.0,0.0,2019-03-12
7,43,cha043,0.0,0.0,0.0,0.0,0.0,0.0,0.0,0.0,2019-03-12
8,44,cha044,0.0,0.0,0.0,0.0,0.0,0.0,0.0,0.0,2019-03-12
9,45,cha045,0.0,0.0,0.0,0.0,0.0,0.0,0.0,0.0,2019-03-12
10,50,cha050,0.0,0.0,0.0,0.0,0.0,0.0,0.0,0.0,2019-03-12
11,51,cha051,0.0,0.0,0.0,0.0,0.0,0.0,0.0,0.0,2019-03-12
12,54,cha054,0.0,0.0,0.0,0.0,0.0,0.0,0.0,0.0,2019-03-12
13,57,cha057,0.0,0.0,0.0,0.0,0.0,0.0,0.0,0.0,2019-03-12
14,59,cha059,0.0,0.0,0.0,0.0,0.0,0.0,0.0,0.0,2019-03-12
15,64,cha064,0.0,0.0115,0.0,0.0,0.0115,0.0,0.0,0.0,2019-03-12
16,66,cha066,0.0,0.0,0.0,0.0,0.0,0.0,0.0,0.0,2019-03-12
17,70,cha070,0.0,0.0,0.0,0.0,0.0,0.0,0.0,0.0,2019-03-12
18,71,cha071,0.0,0.0,0.0,0.0,0.0,0.0,0.0,0.0,2019-03-12
19,74,cha074,0.0,0.0,0.0,0.0,0.0,0.0,0.0,0.0,2019-03-12
20,138,cha138,0.0,6.43,0.0,0.0,6.43,0.0,0.0,0.0,2019-03-12
21,141,cha141,0.0,4.506,0.0,0.0,4.506,0.0,0.0,0.0,2019-03-12
22,142,cha142,0.0,0.6428,0.0,0.0,0.6428,0.0,0.0,0.0,2019-03-12
23,146,cha146,0.0,2.198,0.0,0.0,2.198,0.0,0.0,0.0,2019-03-12
24,148,cha148,0.0,5.993,0.0,0.0,5.993,0.0,0.0,0.0,2019-03-12
25,153,cha153,0.0,18.46,0.0,0.0,18.46,0.0,0.0,0.0,2019-03-12
26,155,cha155,0.0,18.15,0.0,0.0,18.15,0.0,0.0,0.0,2019-03-12
27,158,cha158,0.0,15.65,0.0,0.0,15.65,0.0,0.0,0.0,2019-03-12
28,161,cha161,0.0,17.49,0.0,0.0,17.49,0.0,0.0,0.0,2019-03-12
29,162,cha162,0.0,1.052,0.0,0.0,1.052,0.0,0.0,0.0,2019-03-12
30,165,cha165,0.0,12.49,0.0,0.0,12.49,0.0,0.0,0.0,2019-03-12
31,166,cha166,0.0,1.801,0.0,0.0,1.801,0.0,0.0,0.0,2019-03-12
32,167,cha167,0.0,16.79,0.0,0.0,16.79,0.0,0.0,0.0,2019-03-12
33,168,cha168,0.0,0.9332,0.0,0.0,0.9332,0.0,0.0,0.0,2019-03-12
34,169,cha169,0.0,9.522,0.0,0.0,9.522,0.0,0.0,0.0,2019-03-12
35,170,cha170,0.0,5.477,0.0,0.0,5.477,0.0,0.0,0.0,2019-03-12
36,171,cha171,0.0,3.474,0.0,0.0,3.474,0.0,0.0,0.0,2019-03-12
37,173,cha173,0.0,7.973,0.0,0.0,7.973,0.0,0.0,0.0,2019-03-12
1,29,cha029,0.0,0.0,0.0,0.0,0.0,0.0,0.0,0.0,2019-03-13
2,35,cha035,0.0,0.0,0.0,0.0,0.0,0.0,0.0,0.0,2019-03-13
3,37,cha037,0.0,0.0,0.0,0.0,0.0,0.0,0.0,0.0,2019-03-13
4,38,cha038,0.0,0.0209,0.0,0.0,0.0209,0.0,0.0,0.0,2019-03-13
5,39,cha039,0.0,0.0,0.0,0.0,0.0,0.0,0.0,0.0,2019-03-13
6,41,cha041,0.0,0.0,0.0,0.0,0.0,0.0,0.0,0.0,2019-03-13
7,43,cha043,0.0,0.0,0.0,0.0,0.0,0.0,0.0,0.0,2019-03-13
8,44,cha044,0.0,0.0,0.0,0.0,0.0,0.0,0.0,0.0,2019-03-13
9,45,cha045,0.0,0.0,0.0,0.0,0.0,0.0,0.0,0.0,2019-03-13
10,50,cha050,0.0,0.0,0.0,0.0,0.0,0.0,0.0,0.0,2019-03-13
11,51,cha051,0.0,0.0,0.0,0.0,0.0,0.0,0.0,0.0,2019-03-13
12,54,cha054,0.0,0.0,0.0,0.0,0.0,0.0,0.0,0.0,2019-03-13
13,57,cha057,0.0,0.0,0.0,0.0,0.0,0.0,0.0,0.0,2019-03-13
14,59,cha059,0.0,0.0,0.0,0.0,0.0,0.0,0.0,0.0,2019-03-13
15,64,cha064,0.0,0.0,0.0,0.0,0.0,0.0,0.0,0.0,2019-03-13
16,66,cha066,0.0,0.0,0.0,0.0,0.0,0.0,0.0,0.0,2019-03-13
17,70,cha070,0.0,0.0,0.0,0.0,0.0,0.0,0.0,0.0,2019-03-13
18,71,cha071,0.0,0.0,0.0,0.0,0.0,0.0,0.0,0.0,2019-03-13
19,74,cha074,0.0,0.0,0.0,0.0,0.0,0.0,0.0,0.0,2019-03-13
20,138,cha138,0.0,18.84,0.0,0.0,18.84,0.0,0.0,0.0,2019-03-13
21,141,cha141,0.0,11.99,0.0,0.0,11.99,0.0,0.0,0.0,2019-03-13
22,142,cha142,0.0,1.926,0.0,0.0,1.926,0.0,0.0,0.0,2019-03-13
23,146,cha146,0.0,5.973,0.0,0.0,5.973,0.0,0.0,0.0,2019-03-13
24,148,cha148,0.0,16.3,0.0,0.0,16.3,0.0,0.0,0.0,2019-03-13
25,153,cha153,0.0,51.01,0.0,0.0,51.01,0.0,0.0,0.0,2019-03-13
26,155,cha155,0.0,44.48,0.0,0.0,44.48,0.0,0.0,0.0,2019-03-13
27,158,cha158,0.0,31.52,0.0,0.0,31.52,0.0,0.0,0.0,2019-03-13
28,161,cha161,0.0,39.94,0.0,0.0,39.94,0.0,0.0,0.0,2019-03-13
29,162,cha162,0.0,2.2,0.0,0.0,2.2,0.0,0.0,0.0,2019-03-13
30,165,cha165,0.0,24.5,0.0,0.0,24.5,0.0,0.0,0.0,2019-03-13
31,166,cha166,0.0,3.573,0.0,0.0,3.573,0.0,0.0,0.0,2019-03-13
32,167,cha167,0.0,35.37,0.0,0.0,35.37,0.0,0.0,0.0,2019-03-13
33,168,cha168,0.0,1.762,0.0,0.0,1.762,0.0,0.0,0.0,2019-03-13
34,169,cha169,0.0,18.77,0.0,0.0,18.77,0.0,0.0,0.0,2019-03-13
35,170,cha170,0.0,10.71,0.0,0.0,10.71,0.0,0.0,0.0,2019-03-13
36,171,cha171,0.0,6.778,0.0,0.0,6.778,0.0,0.0,0.0,2019-03-13
37,173,cha173,0.0,15.57,0.0,0.0,15.57,0.0,0.0,0.0,2019-03-13
1,29,cha029,0.0,0.0,0.0,0.0,0.0,0.0,0.0,0.0,2019-03-14
2,35,cha035,0.0,0.0,0.0,0.0,0.0,0.0,0.0,0.0,2019-03-14
3,37,cha037,0.0,0.0,0.0,0.0,0.0,0.0,0.0,0.0,2019-03-14
4,38,cha038,0.0,0.02153,0.0,0.0,0.02153,0.0,0.0,0.0,2019-03-14
5,39,cha039,0.0,0.0,0.0,0.0,0.0,0.0,0.0,0.0,2019-03-14
6,41,cha041,0.0,0.0,0.0,0.0,0.0,0.0,0.0,0.0,2019-03-14
7,43,cha043,0.0,0.0,0.0,0.0,0.0,0.0,0.0,0.0,2019-03-14
8,44,cha044,0.0,0.0,0.0,0.0,0.0,0.0,0.0,0.0,2019-03-14
9,45,cha045,0.0,0.0,0.0,0.0,0.0,0.0,0.0,0.0,2019-03-14
10,50,cha050,0.0,0.0,0.0,0.0,0.0,0.0,0.0,0.0,2019-03-14
11,51,cha051,0.0,0.0,0.0,0.0,0.0,0.0,0.0,0.0,2019-03-14
12,54,cha054,0.0,0.0,0.0,0.0,0.0,0.0,0.0,0.0,2019-03-14
13,57,cha057,0.0,0.0,0.0,0.0,0.0,0.0,0.0,0.0,2019-03-14
14,59,cha059,0.0,0.0,0.0,0.0,0.0,0.0,0.0,0.0,2019-03-14
15,64,cha064,0.0,0.0,0.0,0.0,0.0,0.0,0.0,0.0,2019-03-14
16,66,cha066,0.0,0.0,0.0,0.0,0.0,0.0,0.0,0.0,2019-03-14
17,70,cha070,0.0,0.0,0.0,0.0,0.0,0.0,0.0,0.0,2019-03-14
18,71,cha071,0.0,0.0,0.0,0.0,0.0,0.0,0.0,0.0,2019-03-14
19,74,cha074,0.0,0.0,0.0,0.0,0.0,0.0,0.0,0.0,2019-03-14
20,138,cha138,0.0,16.98,0.0,0.0,16.98,0.0,0.0,0.0,2019-03-14
21,141,cha141,0.0,11.1,0.0,0.0,11.1,0.0,0.0,0.0,2019-03-14
22,142,cha142,0.0,1.76,0.0,0.0,1.76,0.0,0.0,0.0,2019-03-14
23,146,cha146,0.0,5.315,0.0,0.0,5.315,0.0,0.0,0.0,2019-03-14
24,148,cha148,0.0,14.94,0.0,0.0,14.94,0.0,0.0,0.0,2019-03-14
25,153,cha153,0.0,43.31,0.0,0.0,43.31,0.0,0.0,0.0,2019-03-14
26,155,cha155,0.0,37.06,0.0,0.0,37.06,0.0,0.0,0.0,2019-03-14
27,158,cha158,0.0,25.7,0.0,0.0,25.7,0.0,0.0,0.0,2019-03-14
28,161,cha161,0.0,33.1,0.0,0.0,33.1,0.0,0.0,0.0,2019-03-14
29,162,cha162,0.0,1.879,0.0,0.0,1.879,0.0,0.0,0.0,2019-03-14
30,165,cha165,0.0,19.81,0.0,0.0,19.81,0.0,0.0,0.0,2019-03-14
31,166,cha166,0.0,2.994,0.0,0.0,2.994,0.0,0.0,0.0,2019-03-14
32,167,cha167,0.0,28.96,0.0,0.0,28.96,0.0,0.0,0.0,2019-03-14
33,168,cha168,0.0,1.408,0.0,0.0,1.408,0.0,0.0,0.0,2019-03-14
34,169,cha169,0.0,15.15,0.0,0.0,15.15,0.0,0.0,0.0,2019-03-14
35,170,cha170,0.0,8.485,0.0,0.0,8.485,0.0,0.0,0.0,2019-03-14
36,171,cha171,0.0,5.435,0.0,0.0,5.435,0.0,0.0,0.0,2019-03-14
37,173,cha173,0.0,12.48,0.0,0.0,12.48,0.0,0.0,0.0,2019-03-14
1,29,cha029,0.0,0.0,0.0,0.0,0.0,0.0,0.0,0.0,2019-03-15
2,35,cha035,0.0,0.0,0.0,0.0,0.0,0.0,0.0,0.0,2019-03-15
3,37,cha037,0.0,0.0,0.0,0.0,0.0,0.0,0.0,0.0,2019-03-15
4,38,cha038,0.0,0.02213,0.0,0.0,0.02213,0.0,0.0,0.0,2019-03-15
5,39,cha039,0.0,0.0,0.0,0.0,0.0,0.0,0.0,0.0,2019-03-15
6,41,cha041,0.0,0.0,0.0,0.0,0.0,0.0,0.0,0.0,2019-03-15
7,43,cha043,0.0,0.0,0.0,0.0,0.0,0.0,0.0,0.0,2019-03-15
8,44,cha044,0.0,0.0,0.0,0.0,0.0,0.0,0.0,0.0,2019-03-15
9,45,cha045,0.0,0.0,0.0,0.0,0.0,0.0,0.0,0.0,2019-03-15
10,50,cha050,0.0,0.0,0.0,0.0,0.0,0.0,0.0,0.0,2019-03-15
11,51,cha051,0.0,0.0,0.0,0.0,0.0,0.0,0.0,0.0,2019-03-15
12,54,cha054,0.0,0.0,0.0,0.0,0.0,0.0,0.0,0.0,2019-03-15
13,57,cha057,0.0,0.0,0.0,0.0,0.0,0.0,0.0,0.0,2019-03-15
14,59,cha059,0.0,0.0,0.0,0.0,0.0,0.0,0.0,0.0,2019-03-15
15,64,cha064,0.0,0.0,0.0,0.0,0.0,0.0,0.0,0.0,2019-03-15
16,66,cha066,0.0,0.0,0.0,0.0,0.0,0.0,0.0,0.0,2019-03-15
17,70,cha070,0.0,0.0,0.0,0.0,0.0,0.0,0.0,0.0,2019-03-15
18,71,cha071,0.0,0.0,0.0,0.0,0.0,0.0,0.0,0.0,2019-03-15
19,74,cha074,0.0,0.0,0.0,0.0,0.0,0.0,0.0,0.0,2019-03-15
20,138,cha138,0.0,11.05,0.0,0.0,11.05,0.0,0.0,0.0,2019-03-15
21,141,cha141,0.0,7.556,0.0,0.0,7.556,0.0,0.0,0.0,2019-03-15
22,142,cha142,0.0,1.153,0.0,0.0,1.153,0.0,0.0,0.0,2019-03-15
23,146,cha146,0.0,3.403,0.0,0.0,3.403,0.0,0.0,0.0,2019-03-15
24,148,cha148,0.0,9.943,0.0,0.0,9.943,0.0,0.0,0.0,2019-03-15
25,153,cha153,0.0,25.81,0.0,0.0,25.81,0.0,0.0,0.0,2019-03-15
26,155,cha155,0.0,21.91,0.0,0.0,21.91,0.0,0.0,0.0,2019-03-15
27,158,cha158,0.0,15.09,0.0,0.0,15.09,0.0,0.0,0.0,2019-03-15
28,161,cha161,0.0,19.53,0.0,0.0,19.53,0.0,0.0,0.0,2019-03-15
29,162,cha162,0.0,1.162,0.0,0.0,1.162,0.0,0.0,0.0,2019-03-15
30,165,cha165,0.0,11.53,0.0,0.0,11.53,0.0,0.0,0.0,2019-03-15
31,166,cha166,0.0,1.871,0.0,0.0,1.871,0.0,0.0,0.0,2019-03-15
32,167,cha167,0.0,17.03,0.0,0.0,17.03,0.0,0.0,0.0,2019-03-15
33,168,cha168,0.0,0.7831,0.0,0.0,0.7831,0.0,0.0,0.0,2019-03-15
34,169,cha169,0.0,8.879,0.0,0.0,8.879,0.0,0.0,0.0,2019-03-15
35,170,cha170,0.0,4.903,0.0,0.0,4.903,0.0,0.0,0.0,2019-03-15
36,171,cha171,0.0,3.212,0.0,0.0,3.212,0.0,0.0,0.0,2019-03-15
37,173,cha173,0.0,7.284,0.0,0.0,7.284,0.0,0.0,0.0,2019-03-15
1,29,cha029,0.0,0.0,0.0,0.0,0.0,0.0,0.0,0.0,2019-03-16
2,35,cha035,0.0,0.0,0.0,0.0,0.0,0.0,0.0,0.0,2019-03-16
3,37,cha037,0.0,0.0,0.0,0.0,0.0,0.0,0.0,0.0,2019-03-16
4,38,cha038,0.0,0.02269,0.0,0.0,0.02269,0.0,0.0,0.0,2019-03-16
5,39,cha039,0.0,0.0,0.0,0.0,0.0,0.0,0.0,0.0,2019-03-16
6,41,cha041,0.0,0.0,0.0,0.0,0.0,0.0,0.0,0.0,2019-03-16
7,43,cha043,0.0,0.0,0.0,0.0,0.0,0.0,0.0,0.0,2019-03-16
8,44,cha044,0.0,0.0,0.0,0.0,0.0,0.0,0.0,0.0,2019-03-16
9,45,cha045,0.0,0.0,0.0,0.0,0.0,0.0,0.0,0.0,2019-03-16
10,50,cha050,0.0,0.0,0.0,0.0,0.0,0.0,0.0,0.0,2019-03-16
11,51,cha051,0.0,0.0,0.0,0.0,0.0,0.0,0.0,0.0,2019-03-16
12,54,cha054,0.0,0.0,0.0,0.0,0.0,0.0,0.0,0.0,2019-03-16
13,57,cha057,0.0,0.0,0.0,0.0,0.0,0.0,0.0,0.0,2019-03-16
14,59,cha059,0.0,0.0,0.0,0.0,0.0,0.0,0.0,0.0,2019-03-16
15,64,cha064,0.0,0.0,0.0,0.0,0.0,0.0,0.0,0.0,2019-03-16
16,66,cha066,0.0,0.0,0.0,0.0,0.0,0.0,0.0,0.0,2019-03-16
17,70,cha070,0.0,0.0,0.0,0.0,0.0,0.0,0.0,0.0,2019-03-16
18,71,cha071,0.0,0.0,0.0,0.0,0.0,0.0,0.0,0.0,2019-03-16
19,74,cha074,0.0,0.0,0.0,0.0,0.0,0.0,0.0,0.0,2019-03-16
20,138,cha138,0.0,9.446,0.0,0.0,9.446,0.0,0.0,0.0,2019-03-16
21,141,cha141,0.0,6.356,0.0,0.0,6.356,0.0,0.0,0.0,2019-03-16
22,142,cha142,0.0,0.7377,0.0,0.0,0.7377,0.0,0.0,0.0,2019-03-16
23,146,cha146,0.0,2.525,0.0,0.0,2.525,0.0,0.0,0.0,2019-03-16
24,148,cha148,0.0,8.588,0.0,0.0,8.588,0.0,0.0,0.0,2019-03-16
25,153,cha153,0.0,22.64,0.0,0.0,22.64,0.0,0.0,0.0,2019-03-16
26,155,cha155,0.0,19.54,0.0,0.0,19.54,0.0,0.0,0.0,2019-03-16
27,158,cha158,0.0,13.28,0.0,0.0,13.28,0.0,0.0,0.0,2019-03-16
28,161,cha161,0.0,17.31,0.0,0.0,17.31,0.0,0.0,0.0,2019-03-16
29,162,cha162,0.0,1.068,0.0,0.0,1.068,0.0,0.0,0.0,2019-03-16
30,165,cha165,0.0,9.954,0.0,0.0,9.954,0.0,0.0,0.0,2019-03-16
31,166,cha166,0.0,1.608,0.0,0.0,1.608,0.0,0.0,0.0,2019-03-16
32,167,cha167,0.0,14.99,0.0,0.0,14.99,0.0,0.0,0.0,2019-03-16
33,168,cha168,0.0,0.7036,0.0,0.0,0.7036,0.0,0.0,0.0,2019-03-16
34,169,cha169,0.0,7.598,0.0,0.0,7.598,0.0,0.0,0.0,2019-03-16
35,170,cha170,0.0,4.102,0.0,0.0,4.102,0.0,0.0,0.0,2019-03-16
36,171,cha171,0.0,2.766,0.0,0.0,2.766,0.0,0.0,0.0,2019-03-16
37,173,cha173,0.0,6.21,0.0,0.0,6.21,0.0,0.0,0.0,2019-03-16
1,29,cha029,0.0,0.0,0.0,0.0,0.0,0.0,0.0,0.0,2019-03-17
2,35,cha035,0.0,0.0,0.0,0.0,0.0,0.0,0.0,0.0,2019-03-17
3,37,cha037,0.0,0.0,0.0,0.0,0.0,0.0,0.0,0.0,2019-03-17
4,38,cha038,0.0,0.02338,0.0,0.0,0.02338,0.0,0.0,0.0,2019-03-17
5,39,cha039,0.0,0.0,0.0,0.0,0.0,0.0,0.0,0.0,2019-03-17
6,41,cha041,0.0,0.0,0.0,0.0,0.0,0.0,0.0,0.0,2019-03-17
7,43,cha043,0.0,0.0,0.0,0.0,0.0,0.0,0.0,0.0,2019-03-17
8,44,cha044,0.0,0.0,0.0,0.0,0.0,0.0,0.0,0.0,2019-03-17
9,45,cha045,0.0,0.0,0.0,0.0,0.0,0.0,0.0,0.0,2019-03-17
10,50,cha050,0.0,0.0,0.0,0.0,0.0,0.0,0.0,0.0,2019-03-17
11,51,cha051,0.0,0.0,0.0,0.0,0.0,0.0,0.0,0.0,2019-03-17
12,54,cha054,0.0,0.0,0.0,0.0,0.0,0.0,0.0,0.0,2019-03-17
13,57,cha057,0.0,0.0,0.0,0.0,0.0,0.0,0.0,0.0,2019-03-17
14,59,cha059,0.0,0.0,0.0,0.0,0.0,0.0,0.0,0.0,2019-03-17
15,64,cha064,0.0,0.0,0.0,0.0,0.0,0.0,0.0,0.0,2019-03-17
16,66,cha066,0.0,0.0,0.0,0.0,0.0,0.0,0.0,0.0,2019-03-17
17,70,cha070,0.0,0.0,0.0,0.0,0.0,0.0,0.0,0.0,2019-03-17
18,71,cha071,0.0,0.0,0.0,0.0,0.0,0.0,0.0,0.0,2019-03-17
19,74,cha074,0.0,0.0,0.0,0.0,0.0,0.0,0.0,0.0,2019-03-17
20,138,cha138,0.0,5.29,0.0,0.0,5.29,0.0,0.0,0.0,2019-03-17
21,141,cha141,0.0,3.676,0.0,0.0,3.676,0.0,0.0,0.0,2019-03-17
22,142,cha142,0.0,0.3874,0.0,0.0,0.3874,0.0,0.0,0.0,2019-03-17
23,146,cha146,0.0,1.3,0.0,0.0,1.3,0.0,0.0,0.0,2019-03-17
24,148,cha148,0.0,4.82,0.0,0.0,4.82,0.0,0.0,0.0,2019-03-17
25,153,cha153,0.0,15.99,0.0,0.0,15.99,0.0,0.0,0.0,2019-03-17
26,155,cha155,0.0,14.05,0.0,0.0,14.05,0.0,0.0,0.0,2019-03-17
27,158,cha158,0.0,9.211,0.0,0.0,9.211,0.0,0.0,0.0,2019-03-17
28,161,cha161,0.0,12.15,0.0,0.0,12.15,0.0,0.0,0.0,2019-03-17
29,162,cha162,0.0,0.558,0.0,0.0,0.558,0.0,0.0,0.0,2019-03-17
30,165,cha165,0.0,7.386,0.0,0.0,7.386,0.0,0.0,0.0,2019-03-17
31,166,cha166,0.0,1.384,0.0,0.0,1.384,0.0,0.0,0.0,2019-03-17
32,167,cha167,0.0,10.16,0.0,0.0,10.16,0.0,0.0,0.0,2019-03-17
33,168,cha168,0.0,0.3944,0.0,0.0,0.3944,0.0,0.0,0.0,2019-03-17
34,169,cha169,0.0,5.886,0.0,0.0,5.886,0.0,0.0,0.0,2019-03-17
35,170,cha170,0.0,3.582,0.0,0.0,3.582,0.0,0.0,0.0,2019-03-17
36,171,cha171,0.0,2.412,0.0,0.0,2.412,0.0,0.0,0.0,2019-03-17
37,173,cha173,0.0,4.963,0.0,0.0,4.963,0.0,0.0,0.0,2019-03-17
1,29,cha029,0.0,0.0,0.0,0.0,0.0,0.0,0.0,0.0,2019-03-18
2,35,cha035,0.0,0.0,0.0,0.0,0.0,0.0,0.0,0.0,2019-03-18
3,37,cha037,0.0,0.0,0.0,0.0,0.0,0.0,0.0,0.0,2019-03-18
4,38,cha038,0.0,0.02404,0.0,0.0,0.02404,0.0,0.0,0.0,2019-03-18
5,39,cha039,0.0,0.0,0.0,0.0,0.0,0.0,0.0,0.0,2019-03-18
6,41,cha041,0.0,0.0,0.0,0.0,0.0,0.0,0.0,0.0,2019-03-18
7,43,cha043,0.0,0.0,0.0,0.0,0.0,0.0,0.0,0.0,2019-03-18
8,44,cha044,0.0,0.0,0.0,0.0,0.0,0.0,0.0,0.0,2019-03-18
9,45,cha045,0.0,0.0,0.0,0.0,0.0,0.0,0.0,0.0,2019-03-18
10,50,cha050,0.0,0.0,0.0,0.0,0.0,0.0,0.0,0.0,2019-03-18
11,51,cha051,0.0,0.0,0.0,0.0,0.0,0.0,0.0,0.0,2019-03-18
12,54,cha054,0.0,0.0,0.0,0.0,0.0,0.0,0.0,0.0,2019-03-18
13,57,cha057,0.0,0.0,0.0,0.0,0.0,0.0,0.0,0.0,2019-03-18
14,59,cha059,0.0,0.0,0.0,0.0,0.0,0.0,0.0,0.0,2019-03-18
15,64,cha064,0.0,0.0,0.0,0.0,0.0,0.0,0.0,0.0,2019-03-18
16,66,cha066,0.0,0.0,0.0,0.0,0.0,0.0,0.0,0.0,2019-03-18
17,70,cha070,0.0,0.0,0.0,0.0,0.0,0.0,0.0,0.0,2019-03-18
18,71,cha071,0.0,0.0,0.0,0.0,0.0,0.0,0.0,0.0,2019-03-18
19,74,cha074,0.0,0.0,0.0,0.0,0.0,0.0,0.0,0.0,2019-03-18
20,138,cha138,0.0,3.011,0.0,0.0,3.011,0.0,0.0,0.0,2019-03-18
21,141,cha141,0.0,2.158,0.0,0.0,2.158,0.0,0.0,0.0,2019-03-18
22,142,cha142,0.0,0.2035,0.0,0.0,0.2035,0.0,0.0,0.0,2019-03-18
23,146,cha146,0.0,0.6787,0.0,0.0,0.6787,0.0,0.0,0.0,2019-03-18
24,148,cha148,0.0,2.757,0.0,0.0,2.757,0.0,0.0,0.0,2019-03-18
25,153,cha153,0.0,9.402,0.0,0.0,9.402,0.0,0.0,0.0,2019-03-18
26,155,cha155,0.0,8.233,0.0,0.0,8.233,0.0,0.0,0.0,2019-03-18
27,158,cha158,0.0,4.815,0.0,0.0,4.815,0.0,0.0,0.0,2019-03-18
28,161,cha161,0.0,6.757,0.0,0.0,6.757,0.0,0.0,0.0,2019-03-18
29,162,cha162,0.0,0.2915,0.0,0.0,0.2915,0.0,0.0,0.0,2019-03-18
30,165,cha165,0.0,3.797,0.0,0.0,3.797,0.0,0.0,0.0,2019-03-18
31,166,cha166,0.0,0.7726,0.0,0.0,0.7726,0.0,0.0,0.0,2019-03-18
32,167,cha167,0.0,5.301,0.0,0.0,5.301,0.0,0.0,0.0,2019-03-18
33,168,cha168,0.0,0.1863,0.0,0.0,0.1863,0.0,0.0,0.0,2019-03-18
34,169,cha169,0.0,3.06,0.0,0.0,3.06,0.0,0.0,0.0,2019-03-18
35,170,cha170,0.0,1.846,0.0,0.0,1.846,0.0,0.0,0.0,2019-03-18
36,171,cha171,0.0,1.265,0.0,0.0,1.265,0.0,0.0,0.0,2019-03-18
37,173,cha173,0.0,2.573,0.0,0.0,2.573,0.0,0.0,0.0,2019-03-18
1,29,cha029,0.0,0.0,0.0,0.0,0.0,0.0,0.0,0.0,2019-03-19
2,35,cha035,0.0,0.0,0.0,0.0,0.0,0.0,0.0,0.0,2019-03-19
3,37,cha037,0.0,0.0,0.0,0.0,0.0,0.0,0.0,0.0,2019-03-19
4,38,cha038,0.0,0.02485,0.0,0.0,0.02485,0.0,0.0,0.0,2019-03-19
5,39,cha039,0.0,0.0,0.0,0.0,0.0,0.0,0.0,0.0,2019-03-19
6,41,cha041,0.0,0.0,0.0,0.0,0.0,0.0,0.0,0.0,2019-03-19
7,43,cha043,0.0,0.0,0.0,0.0,0.0,0.0,0.0,0.0,2019-03-19
8,44,cha044,0.0,0.0,0.0,0.0,0.0,0.0,0.0,0.0,2019-03-19
9,45,cha045,0.0,0.0,0.0,0.0,0.0,0.0,0.0,0.0,2019-03-19
10,50,cha050,0.0,0.0,0.0,0.0,0.0,0.0,0.0,0.0,2019-03-19
11,51,cha051,0.0,0.0,0.0,0.0,0.0,0.0,0.0,0.0,2019-03-19
12,54,cha054,0.0,0.0,0.0,0.0,0.0,0.0,0.0,0.0,2019-03-19
13,57,cha057,0.0,0.0,0.0,0.0,0.0,0.0,0.0,0.0,2019-03-19
14,59,cha059,0.0,0.0,0.0,0.0,0.0,0.0,0.0,0.0,2019-03-19
15,64,cha064,0.0,0.0,0.0,0.0,0.0,0.0,0.0,0.0,2019-03-19
16,66,cha066,0.0,0.0,0.0,0.0,0.0,0.0,0.0,0.0,2019-03-19
17,70,cha070,0.0,0.0,0.0,0.0,0.0,0.0,0.0,0.0,2019-03-19
18,71,cha071,0.0,0.0,0.0,0.0,0.0,0.0,0.0,0.0,2019-03-19
19,74,cha074,0.0,0.0,0.0,0.0,0.0,0.0,0.0,0.0,2019-03-19
20,138,cha138,0.0,1.738,0.0,0.0,1.738,0.0,0.0,0.0,2019-03-19
21,141,cha141,0.0,1.281,0.0,0.0,1.281,0.0,0.0,0.0,2019-03-19
22,142,cha142,0.0,0.1069,0.0,0.0,0.1069,0.0,0.0,0.0,2019-03-19
23,146,cha146,0.0,0.3585,0.0,0.0,0.3585,0.0,0.0,0.0,2019-03-19
24,148,cha148,0.0,1.598,0.0,0.0,1.598,0.0,0.0,0.0,2019-03-19
25,153,cha153,0.0,4.94,0.0,0.0,4.94,0.0,0.0,0.0,2019-03-19
26,155,cha155,0.0,4.235,0.0,0.0,4.235,0.0,0.0,0.0,2019-03-19
27,158,cha158,0.0,2.49,0.0,0.0,2.49,0.0,0.0,0.0,2019-03-19
28,161,cha161,0.0,3.517,0.0,0.0,3.517,0.0,0.0,0.0,2019-03-19
29,162,cha162,0.0,0.1524,0.0,0.0,0.1524,0.0,0.0,0.0,2019-03-19
30,165,cha165,0.0,1.975,0.0,0.0,1.975,0.0,0.0,0.0,2019-03-19
31,166,cha166,0.0,0.4317,0.0,0.0,0.4317,0.0,0.0,0.0,2019-03-19
32,167,cha167,0.0,2.741,0.0,0.0,2.741,0.0,0.0,0.0,2019-03-19
33,168,cha168,0.0,0.08808,0.0,0.0,0.08808,0.0,0.0,0.0,2019-03-19
34,169,cha169,0.0,1.609,0.0,0.0,1.609,0.0,0.0,0.0,2019-03-19
35,170,cha170,0.0,0.959,0.0,0.0,0.959,0.0,0.0,0.0,2019-03-19
36,171,cha171,0.0,0.6706,0.0,0.0,0.6706,0.0,0.0,0.0,2019-03-19
37,173,cha173,0.0,1.348,0.0,0.0,1.348,0.0,0.0,0.0,2019-03-19
1,29,cha029,0.0,0.0,0.0,0.0,0.0,0.0,0.0,0.0,2019-03-20
2,35,cha035,0.0,0.0,0.0,0.0,0.0,0.0,0.0,0.0,2019-03-20
3,37,cha037,0.0,0.0,0.0,0.0,0.0,0.0,0.0,0.0,2019-03-20
4,38,cha038,0.0,0.02593,0.0,0.0,0.02593,0.0,0.0,0.0,2019-03-20
5,39,cha039,0.0,0.0,0.0,0.0,0.0,0.0,0.0,0.0,2019-03-20
6,41,cha041,0.0,0.0,0.0,0.0,0.0,0.0,0.0,0.0,2019-03-20
7,43,cha043,0.0,0.0,0.0,0.0,0.0,0.0,0.0,0.0,2019-03-20
8,44,cha044,0.0,0.0,0.0,0.0,0.0,0.0,0.0,0.0,2019-03-20
9,45,cha045,0.0,0.0,0.0,0.0,0.0,0.0,0.0,0.0,2019-03-20
10,50,cha050,0.0,0.0,0.0,0.0,0.0,0.0,0.0,0.0,2019-03-20
11,51,cha051,0.0,0.0,0.0,0.0,0.0,0.0,0.0,0.0,2019-03-20
12,54,cha054,0.0,0.0,0.0,0.0,0.0,0.0,0.0,0.0,2019-03-20
13,57,cha057,0.0,0.007241,0.0,0.0,0.007241,0.0,0.0,0.0,2019-03-20
14,59,cha059,0.0,0.0,0.0,0.0,0.0,0.0,0.0,0.0,2019-03-20
15,64,cha064,0.0,0.007623,0.0,0.0,0.007623,0.0,0.0,0.0,2019-03-20
16,66,cha066,0.0,0.0,0.0,0.0,0.0,0.0,0.0,0.0,2019-03-20
17,70,cha070,0.0,0.0,0.0,0.0,0.0,0.0,0.0,0.0,2019-03-20
18,71,cha071,0.0,0.0,0.0,0.0,0.0,0.0,0.0,0.0,2019-03-20
19,74,cha074,0.0,0.0,0.0,0.0,0.0,0.0,0.0,0.0,2019-03-20
20,138,cha138,0.0,1.025,0.0,0.0,1.025,0.0,0.0,0.0,2019-03-20
21,141,cha141,0.0,0.7661,0.0,0.0,0.7661,0.0,0.0,0.0,2019-03-20
22,142,cha142,0.0,0.0562,0.0,0.0,0.0562,0.0,0.0,0.0,2019-03-20
23,146,cha146,0.0,0.1912,0.0,0.0,0.1912,0.0,0.0,0.0,2019-03-20
24,148,cha148,0.0,0.9359,0.0,0.0,0.9359,0.0,0.0,0.0,2019-03-20
25,153,cha153,0.0,2.666,0.0,0.0,2.666,0.0,0.0,0.0,2019-03-20
26,155,cha155,0.0,2.233,0.0,0.0,2.233,0.0,0.0,0.0,2019-03-20
27,158,cha158,0.0,1.314,0.0,0.0,1.314,0.0,0.0,0.0,2019-03-20
28,161,cha161,0.0,1.871,0.0,0.0,1.871,0.0,0.0,0.0,2019-03-20
29,162,cha162,0.0,0.07975,0.0,0.0,0.07975,0.0,0.0,0.0,2019-03-20
30,165,cha165,0.0,1.042,0.0,0.0,1.042,0.0,0.0,0.0,2019-03-20
31,166,cha166,0.0,0.2413,0.0,0.0,0.2413,0.0,0.0,0.0,2019-03-20
32,167,cha167,0.0,1.449,0.0,0.0,1.449,0.0,0.0,0.0,2019-03-20
33,168,cha168,0.0,0.04175,0.0,0.0,0.04175,0.0,0.0,0.0,2019-03-20
34,169,cha169,0.0,0.8584,0.0,0.0,0.8584,0.0,0.0,0.0,2019-03-20
35,170,cha170,0.0,0.5022,0.0,0.0,0.5022,0.0,0.0,0.0,2019-03-20
36,171,cha171,0.0,0.3584,0.0,0.0,0.3584,0.0,0.0,0.0,2019-03-20
37,173,cha173,0.0,0.7173,0.0,0.0,0.7173,0.0,0.0,0.0,2019-03-20
1,29,cha029,0.0,0.0,0.0,0.0,0.0,0.0,0.0,0.0,2019-03-21
2,35,cha035,0.0,0.0,0.0,0.0,0.0,0.0,0.0,0.0,2019-03-21
3,37,cha037,0.0,0.0,0.0,0.0,0.0,0.0,0.0,0.0,2019-03-21
4,38,cha038,0.0,0.02696,0.0,0.0,0.02696,0.0,0.0,0.0,2019-03-21
5,39,cha039,0.0,0.0,0.0,0.0,0.0,0.0,0.0,0.0,2019-03-21
6,41,cha041,0.0,0.0,0.0,0.0,0.0,0.0,0.0,0.0,2019-03-21
7,43,cha043,0.0,0.0,0.0,0.0,0.0,0.0,0.0,0.0,2019-03-21
8,44,cha044,0.0,0.0,0.0,0.0,0.0,0.0,0.0,0.0,2019-03-21
9,45,cha045,0.0,0.0,0.0,0.0,0.0,0.0,0.0,0.0,2019-03-21
10,50,cha050,0.0,0.0,0.0,0.0,0.0,0.0,0.0,0.0,2019-03-21
11,51,cha051,0.0,0.0,0.0,0.0,0.0,0.0,0.0,0.0,2019-03-21
12,54,cha054,0.0,0.0,0.0,0.0,0.0,0.0,0.0,0.0,2019-03-21
13,57,cha057,0.0,0.0139,0.0,0.0,0.0139,0.0,0.0,0.0,2019-03-21
14,59,cha059,0.0,0.0,0.0,0.0,0.0,0.0,0.0,0.0,2019-03-21
15,64,cha064,0.0,0.03552,0.0,0.0,0.03552,0.0,0.0,0.0,2019-03-21
16,66,cha066,0.0,0.0,0.0,0.0,0.0,0.0,0.0,0.0,2019-03-21
17,70,cha070,0.0,0.0,0.0,0.0,0.0,0.0,0.0,0.0,2019-03-21
18,71,cha071,0.0,0.0,0.0,0.0,0.0,0.0,0.0,0.0,2019-03-21
19,74,cha074,0.0,0.0,0.0,0.0,0.0,0.0,0.0,0.0,2019-03-21
20,138,cha138,0.0,0.6456,0.0,0.0,0.6456,0.0,0.0,0.0,2019-03-21
21,141,cha141,0.0,0.4615,0.0,0.0,0.4615,0.0,0.0,0.0,2019-03-21
22,142,cha142,0.0,0.02958,0.0,0.0,0.02958,0.0,0.0,0.0,2019-03-21
23,146,cha146,0.0,0.1029,0.0,0.0,0.1029,0.0,0.0,0.0,2019-03-21
24,148,cha148,0.0,0.5531,0.0,0.0,0.5531,0.0,0.0,0.0,2019-03-21
25,153,cha153,0.0,1.484,0.0,0.0,1.484,0.0,0.0,0.0,2019-03-21
26,155,cha155,0.0,1.211,0.0,0.0,1.211,0.0,0.0,0.0,2019-03-21
27,158,cha158,0.0,0.7073,0.0,0.0,0.7073,0.0,0.0,0.0,2019-03-21
28,161,cha161,0.0,1.018,0.0,0.0,1.018,0.0,0.0,0.0,2019-03-21
29,162,cha162,0.0,0.04182,0.0,0.0,0.04182,0.0,0.0,0.0,2019-03-21
30,165,cha165,0.0,0.56,0.0,0.0,0.56,0.0,0.0,0.0,2019-03-21
31,166,cha166,0.0,0.1351,0.0,0.0,0.1351,0.0,0.0,0.0,2019-03-21
32,167,cha167,0.0,0.7853,0.0,0.0,0.7853,0.0,0.0,0.0,2019-03-21
33,168,cha168,0.0,0.01989,0.0,0.0,0.01989,0.0,0.0,0.0,2019-03-21
34,169,cha169,0.0,0.4675,0.0,0.0,0.4675,0.0,0.0,0.0,2019-03-21
35,170,cha170,0.0,0.265,0.0,0.0,0.265,0.0,0.0,0.0,2019-03-21
36,171,cha171,0.0,0.193,0.0,0.0,0.193,0.0,0.0,0.0,2019-03-21
37,173,cha173,0.0,0.3905,0.0,0.0,0.3905,0.0,0.0,0.0,2019-03-21
1,29,cha029,0.0,0.0,0.0,0.0,0.0,0.0,0.0,0.0,2019-03-22
2,35,cha035,0.0,0.0,0.0,0.0,0.0,0.0,0.0,0.0,2019-03-22
3,37,cha037,0.0,0.0,0.0,0.0,0.0,0.0,0.0,0.0,2019-03-22
4,38,cha038,0.0,0.02792,0.0,0.0,0.02792,0.0,0.0,0.0,2019-03-22
5,39,cha039,0.0,0.0,0.0,0.0,0.0,0.0,0.0,0.0,2019-03-22
6,41,cha041,0.0,0.0,0.0,0.0,0.0,0.0,0.0,0.0,2019-03-22
7,43,cha043,0.0,0.0,0.0,0.0,0.0,0.0,0.0,0.0,2019-03-22
8,44,cha044,0.0,0.0,0.0,0.0,0.0,0.0,0.0,0.0,2019-03-22
9,45,cha045,0.0,0.0,0.0,0.0,0.0,0.0,0.0,0.0,2019-03-22
10,50,cha050,0.0,0.0,0.0,0.0,0.0,0.0,0.0,0.0,2019-03-22
11,51,cha051,0.0,0.0,0.0,0.0,0.0,0.0,0.0,0.0,2019-03-22
12,54,cha054,0.0,0.0,0.0,0.0,0.0,0.0,0.0,0.0,2019-03-22
13,57,cha057,0.0,0.03601,0.0,0.0,0.03601,0.0,0.0,0.0,2019-03-22
14,59,cha059,0.0,0.0,0.0,0.0,0.0,0.0,0.0,0.0,2019-03-22
15,64,cha064,0.0,0.06115,0.0,0.0,0.06115,0.0,0.0,0.0,2019-03-22
16,66,cha066,0.0,0.0,0.0,0.0,0.0,0.0,0.0,0.0,2019-03-22
17,70,cha070,0.0,0.0,0.0,0.0,0.0,0.0,0.0,0.0,2019-03-22
18,71,cha071,0.0,0.0,0.0,0.0,0.0,0.0,0.0,0.0,2019-03-22
19,74,cha074,0.0,0.0,0.0,0.0,0.0,0.0,0.0,0.0,2019-03-22
20,138,cha138,0.0,0.4374,0.0,0.0,0.4374,0.0,0.0,0.0,2019-03-22
21,141,cha141,0.0,0.2797,0.0,0.0,0.2797,0.0,0.0,0.0,2019-03-22
22,142,cha142,0.0,0.01561,0.0,0.0,0.01561,0.0,0.0,0.0,2019-03-22
23,146,cha146,0.0,0.05582,0.0,0.0,0.05582,0.0,0.0,0.0,2019-03-22
24,148,cha148,0.0,0.3295,0.0,0.0,0.3295,0.0,0.0,0.0,2019-03-22
25,153,cha153,0.0,0.8891,0.0,0.0,0.8891,0.0,0.0,0.0,2019-03-22
26,155,cha155,0.0,0.6957,0.0,0.0,0.6957,0.0,0.0,0.0,2019-03-22
27,158,cha158,0.0,0.3911,0.0,0.0,0.3911,0.0,0.0,0.0,2019-03-22
28,161,cha161,0.0,0.5824,0.0,0.0,0.5824,0.0,0.0,0.0,2019-03-22
29,162,cha162,0.0,0.02202,0.0,0.0,0.02202,0.0,0.0,0.0,2019-03-22
30,165,cha165,0.0,0.3101,0.0,0.0,0.3101,0.0,0.0,0.0,2019-03-22
31,166,cha166,0.0,0.07583,0.0,0.0,0.07583,0.0,0.0,0.0,2019-03-22
32,167,cha167,0.0,0.453,0.0,0.0,0.453,0.0,0.0,0.0,2019-03-22
33,168,cha168,0.0,0.009576,0.0,0.0,0.009576,0.0,0.0,0.0,2019-03-22
34,169,cha169,0.0,0.2628,0.0,0.0,0.2628,0.0,0.0,0.0,2019-03-22
35,170,cha170,0.0,0.141,0.0,0.0,0.141,0.0,0.0,0.0,2019-03-22
36,171,cha171,0.0,0.1047,0.0,0.0,0.1047,0.0,0.0,0.0,2019-03-22
37,173,cha173,0.0,0.2206,0.0,0.0,0.2206,0.0,0.0,0.0,2019-03-22
1,29,cha029,0.0,0.0,0.0,0.0,0.0,0.0,0.0,0.0,2019-03-23
2,35,cha035,0.0,0.0,0.0,0.0,0.0,0.0,0.0,0.0,2019-03-23
3,37,cha037,0.0,0.0,0.0,0.0,0.0,0.0,0.0,0.0,2019-03-23
4,38,cha038,0.0,0.02881,0.0,0.0,0.02881,0.0,0.0,0.0,2019-03-23
5,39,cha039,0.0,0.0,0.0,0.0,0.0,0.0,0.0,0.0,2019-03-23
6,41,cha041,0.0,0.0,0.0,0.0,0.0,0.0,0.0,0.0,2019-03-23
7,43,cha043,0.0,0.0,0.0,0.0,0.0,0.0,0.0,0.0,2019-03-23
8,44,cha044,0.0,0.0,0.0,0.0,0.0,0.0,0.0,0.0,2019-03-23
9,45,cha045,0.0,0.0,0.0,0.0,0.0,0.0,0.0,0.0,2019-03-23
10,50,cha050,0.0,0.0,0.0,0.0,0.0,0.0,0.0,0.0,2019-03-23
11,51,cha051,0.0,0.0,0.0,0.0,0.0,0.0,0.0,0.0,2019-03-23
12,54,cha054,0.0,0.0,0.0,0.0,0.0,0.0,0.0,0.0,2019-03-23
13,57,cha057,0.0,0.05631,0.0,0.0,0.05631,0.0,0.0,0.0,2019-03-23
14,59,cha059,0.0,0.0,0.0,0.0,0.0,0.0,0.0,0.0,2019-03-23
15,64,cha064,0.0,0.08464,0.0,0.0,0.08464,0.0,0.0,0.0,2019-03-23
16,66,cha066,0.0,0.0,0.0,0.0,0.0,0.0,0.0,0.0,2019-03-23
17,70,cha070,0.0,0.0,0.0,0.0,0.0,0.0,0.0,0.0,2019-03-23
18,71,cha071,0.0,0.0,0.0,0.0,0.0,0.0,0.0,0.0,2019-03-23
19,74,cha074,0.0,0.0,0.0,0.0,0.0,0.0,0.0,0.0,2019-03-23
20,138,cha138,0.0,0.3266,0.0,0.0,0.3266,0.0,0.0,0.0,2019-03-23
21,141,cha141,0.0,0.1706,0.0,0.0,0.1706,0.0,0.0,0.0,2019-03-23
22,142,cha142,0.0,0.008268,0.0,0.0,0.008268,0.0,0.0,0.0,2019-03-23
23,146,cha146,0.0,0.03056,0.0,0.0,0.03056,0.0,0.0,0.0,2019-03-23
24,148,cha148,0.0,0.1978,0.0,0.0,0.1978,0.0,0.0,0.0,2019-03-23
25,153,cha153,0.0,0.685,0.0,0.0,0.685,0.0,0.0,0.0,2019-03-23
26,155,cha155,0.0,0.4331,0.0,0.0,0.4331,0.0,0.0,0.0,2019-03-23
27,158,cha158,0.0,0.225,0.0,0.0,0.225,0.0,0.0,0.0,2019-03-23
28,161,cha161,0.0,0.3577,0.0,0.0,0.3577,0.0,0.0,0.0,2019-03-23
29,162,cha162,0.0,0.01167,0.0,0.0,0.01167,0.0,0.0,0.0,2019-03-23
30,165,cha165,0.0,0.18,0.0,0.0,0.18,0.0,0.0,0.0,2019-03-23
31,166,cha166,0.0,0.04274,0.0,0.0,0.04274,0.0,0.0,0.0,2019-03-23
32,167,cha167,0.0,0.285,0.0,0.0,0.285,0.0,0.0,0.0,2019-03-23
33,168,cha168,0.0,0.004712,0.0,0.0,0.004712,0.0,0.0,0.0,2019-03-23
34,169,cha169,0.0,0.1553,0.0,0.0,0.1553,0.0,0.0,0.0,2019-03-23
35,170,cha170,0.0,0.07585,0.0,0.0,0.07585,0.0,0.0,0.0,2019-03-23
36,171,cha171,0.0,0.05731,0.0,0.0,0.05731,0.0,0.0,0.0,2019-03-23
37,173,cha173,0.0,0.132,0.0,0.0,0.132,0.0,0.0,0.0,2019-03-23
1,29,cha029,0.0,0.0,0.0,0.0,0.0,0.0,0.0,0.0,2019-03-24
2,35,cha035,0.0,0.0,0.0,0.0,0.0,0.0,0.0,0.0,2019-03-24
3,37,cha037,0.0,0.0,0.0,0.0,0.0,0.0,0.0,0.0,2019-03-24
4,38,cha038,0.0,0.02966,0.0,0.0,0.02966,0.0,0.0,0.0,2019-03-24
5,39,cha039,0.0,0.0,0.0,0.0,0.0,0.0,0.0,0.0,2019-03-24
6,41,cha041,0.0,0.0,0.0,0.0,0.0,0.0,0.0,0.0,2019-03-24
7,43,cha043,0.0,0.0,0.0,0.0,0.0,0.0,0.0,0.0,2019-03-24
8,44,cha044,0.0,0.0,0.0,0.0,0.0,0.0,0.0,0.0,2019-03-24
9,45,cha045,0.0,0.0,0.0,0.0,0.0,0.0,0.0,0.0,2019-03-24
10,50,cha050,0.0,0.0,0.0,0.0,0.0,0.0,0.0,0.0,2019-03-24
11,51,cha051,0.0,0.0,0.0,0.0,0.0,0.0,0.0,0.0,2019-03-24
12,54,cha054,0.0,0.0,0.0,0.0,0.0,0.0,0.0,0.0,2019-03-24
13,57,cha057,0.0,0.07525,0.0,0.0,0.07525,0.0,0.0,0.0,2019-03-24
14,59,cha059,0.0,0.0,0.0,0.0,0.0,0.0,0.0,0.0,2019-03-24
15,64,cha064,0.0,0.1061,0.0,0.0,0.1061,0.0,0.0,0.0,2019-03-24
16,66,cha066,0.0,0.0,0.0,0.0,0.0,0.0,0.0,0.0,2019-03-24
17,70,cha070,0.0,0.0,0.0,0.0,0.0,0.0,0.0,0.0,2019-03-24
18,71,cha071,0.0,0.0,0.0,0.0,0.0,0.0,0.0,0.0,2019-03-24
19,74,cha074,0.0,0.0,0.0,0.0,0.0,0.0,0.0,0.0,2019-03-24
20,138,cha138,0.0,0.2713,0.0,0.0,0.2713,0.0,0.0,0.0,2019-03-24
21,141,cha141,0.0,0.1047,0.0,0.0,0.1047,0.0,0.0,0.0,2019-03-24
22,142,cha142,0.0,0.004415,0.0,0.0,0.004415,0.0,0.0,0.0,2019-03-24
23,146,cha146,0.0,0.01694,0.0,0.0,0.01694,0.0,0.0,0.0,2019-03-24
24,148,cha148,0.0,0.1198,0.0,0.0,0.1198,0.0,0.0,0.0,2019-03-24
25,153,cha153,0.0,0.6266,0.0,0.0,0.6266,0.0,0.0,0.0,2019-03-24
26,155,cha155,0.0,0.3012,0.0,0.0,0.3012,0.0,0.0,0.0,2019-03-24
27,158,cha158,0.0,0.1375,0.0,0.0,0.1375,0.0,0.0,0.0,2019-03-24
28,161,cha161,0.0,0.2439,0.0,0.0,0.2439,0.0,0.0,0.0,2019-03-24
29,162,cha162,0.0,0.006275,0.0,0.0,0.006275,0.0,0.0,0.0,2019-03-24
30,165,cha165,0.0,0.112,0.0,0.0,0.112,0.0,0.0,0.0,2019-03-24
31,166,cha166,0.0,0.02427,0.0,0.0,0.02427,0.0,0.0,0.0,2019-03-24
32,167,cha167,0.0,0.2025,0.0,0.0,0.2025,0.0,0.0,0.0,2019-03-24
33,168,cha168,0.0,0.002419,0.0,0.0,0.002419,0.0,0.0,0.0,2019-03-24
34,169,cha169,0.0,0.09882,0.0,0.0,0.09882,0.0,0.0,0.0,2019-03-24
35,170,cha170,0.0,0.04144,0.0,0.0,0.04144,0.0,0.0,0.0,2019-03-24
36,171,cha171,0.0,0.03174,0.0,0.0,0.03174,0.0,0.0,0.0,2019-03-24
37,173,cha173,0.0,0.08587,0.0,0.0,0.08587,0.0,0.0,0.0,2019-03-24
1,29,cha029,0.0,0.0,0.0,0.0,0.0,0.0,0.0,0.0,2019-03-25
2,35,cha035,0.0,0.0,0.0,0.0,0.0,0.0,0.0,0.0,2019-03-25
3,37,cha037,0.0,0.0,0.0,0.0,0.0,0.0,0.0,0.0,2019-03-25
4,38,cha038,0.0,0.03047,0.0,0.0,0.03047,0.0,0.0,0.0,2019-03-25
5,39,cha039,0.0,0.0,0.0,0.0,0.0,0.0,0.0,0.0,2019-03-25
6,41,cha041,0.0,0.0,0.0,0.0,0.0,0.0,0.0,0.0,2019-03-25
7,43,cha043,0.0,0.0,0.0,0.0,0.0,0.0,0.0,0.0,2019-03-25
8,44,cha044,0.0,0.0,0.0,0.0,0.0,0.0,0.0,0.0,2019-03-25
9,45,cha045,0.0,0.0,0.0,0.0,0.0,0.0,0.0,0.0,2019-03-25
10,50,cha050,0.0,0.0,0.0,0.0,0.0,0.0,0.0,0.0,2019-03-25
11,51,cha051,0.0,0.0,0.0,0.0,0.0,0.0,0.0,0.0,2019-03-25
12,54,cha054,0.0,0.0,0.0,0.0,0.0,0.0,0.0,0.0,2019-03-25
13,57,cha057,0.0,0.09256,0.0,0.0,0.09256,0.0,0.0,0.0,2019-03-25
14,59,cha059,0.0,0.0,0.0,0.0,0.0,0.0,0.0,0.0,2019-03-25
15,64,cha064,0.0,0.1258,0.0,0.0,0.1258,0.0,0.0,0.0,2019-03-25
16,66,cha066,0.0,0.0,0.0,0.0,0.0,0.0,0.0,0.0,2019-03-25
17,70,cha070,0.0,0.0,0.0,0.0,0.0,0.0,0.0,0.0,2019-03-25
18,71,cha071,0.0,0.0,0.0,0.0,0.0,0.0,0.0,0.0,2019-03-25
19,74,cha074,0.0,0.0,0.0,0.0,0.0,0.0,0.0,0.0,2019-03-25
20,138,cha138,0.0,0.2478,0.0,0.0,0.2478,0.0,0.0,0.0,2019-03-25
21,141,cha141,0.0,0.06474,0.0,0.0,0.06474,0.0,0.0,0.0,2019-03-25
22,142,cha142,0.0,0.002392,0.0,0.0,0.002392,0.0,0.0,0.0,2019-03-25
23,146,cha146,0.0,0.009553,0.0,0.0,0.009553,0.0,0.0,0.0,2019-03-25
24,148,cha148,0.0,0.07326,0.0,0.0,0.07326,0.0,0.0,0.0,2019-03-25
25,153,cha153,0.0,0.6414,0.0,0.0,0.6414,0.0,0.0,0.0,2019-03-25
26,155,cha155,0.0,0.2372,0.0,0.0,0.2372,0.0,0.0,0.0,2019-03-25
27,158,cha158,0.0,0.09139,0.0,0.0,0.09139,0.0,0.0,0.0,2019-03-25
28,161,cha161,0.0,0.1882,0.0,0.0,0.1882,0.0,0.0,0.0,2019-03-25
29,162,cha162,0.0,0.003457,0.0,0.0,0.003457,0.0,0.0,0.0,2019-03-25
30,165,cha165,0.0,0.07661,0.0,0.0,0.07661,0.0,0.0,0.0,2019-03-25
31,166,cha166,0.0,0.01397,0.0,0.0,0.01397,0.0,0.0,0.0,2019-03-25
32,167,cha167,0.0,0.1644,0.0,0.0,0.1644,0.0,0.0,0.0,2019-03-25
33,168,cha168,0.0,0.001339,0.0,0.0,0.001339,0.0,0.0,0.0,2019-03-25
34,169,cha169,0.0,0.06917,0.0,0.0,0.06917,0.0,0.0,0.0,2019-03-25
35,170,cha170,0.0,0.0232,0.0,0.0,0.0232,0.0,0.0,0.0,2019-03-25
36,171,cha171,0.0,0.0179,0.0,0.0,0.0179,0.0,0.0,0.0,2019-03-25
37,173,cha173,0.0,0.0619,0.0,0.0,0.0619,0.0,0.0,0.0,2019-03-25
1,29,cha029,0.0,0.0,0.0,0.0,0.0,0.0,0.0,0.0,2019-03-26
2,35,cha035,0.0,0.0,0.0,0.0,0.0,0.0,0.0,0.0,2019-03-26
3,37,cha037,0.0,0.0,0.0,0.0,0.0,0.0,0.0,0.0,2019-03-26
4,38,cha038,0.0,0.03122,0.0,0.0,0.03122,0.0,0.0,0.0,2019-03-26
5,39,cha039,0.0,0.0,0.0,0.0,0.0,0.0,0.0,0.0,2019-03-26
6,41,cha041,0.0,0.0,0.0,0.0,0.0,0.0,0.0,0.0,2019-03-26
7,43,cha043,0.0,0.0,0.0,0.0,0.0,0.0,0.0,0.0,2019-03-26
8,44,cha044,0.0,0.0,0.0,0.0,0.0,0.0,0.0,0.0,2019-03-26
9,45,cha045,0.0,0.0,0.0,0.0,0.0,0.0,0.0,0.0,2019-03-26
10,50,cha050,0.0,0.0,0.0,0.0,0.0,0.0,0.0,0.0,2019-03-26
11,51,cha051,0.0,0.0,0.0,0.0,0.0,0.0,0.0,0.0,2019-03-26
12,54,cha054,0.0,0.0,0.0,0.0,0.0,0.0,0.0,0.0,2019-03-26
13,57,cha057,0.0,0.1084,0.0,0.0,0.1084,0.0,0.0,0.0,2019-03-26
14,59,cha059,0.0,0.0,0.0,0.0,0.0,0.0,0.0,0.0,2019-03-26
15,64,cha064,0.0,0.1436,0.0,0.0,0.1436,0.0,0.0,0.0,2019-03-26
16,66,cha066,0.0,0.0,0.0,0.0,0.0,0.0,0.0,0.0,2019-03-26
17,70,cha070,0.0,0.0,0.0,0.0,0.0,0.0,0.0,0.0,2019-03-26
18,71,cha071,0.0,0.0,0.0,0.0,0.0,0.0,0.0,0.0,2019-03-26
19,74,cha074,0.0,0.0,0.0,0.0,0.0,0.0,0.0,0.0,2019-03-26
20,138,cha138,0.0,0.242,0.0,0.0,0.242,0.0,0.0,0.0,2019-03-26
21,141,cha141,0.0,0.04044,0.0,0.0,0.04044,0.0,0.0,0.0,2019-03-26
22,142,cha142,0.0,0.00133,0.0,0.0,0.00133,0.0,0.0,0.0,2019-03-26
23,146,cha146,0.0,0.005537,0.0,0.0,0.005537,0.0,0.0,0.0,2019-03-26
24,148,cha148,0.0,0.0454,0.0,0.0,0.0454,0.0,0.0,0.0,2019-03-26
25,153,cha153,0.0,0.6917,0.0,0.0,0.6917,0.0,0.0,0.0,2019-03-26
26,155,cha155,0.0,0.2085,0.0,0.0,0.2085,0.0,0.0,0.0,2019-03-26
27,158,cha158,0.0,0.0671,0.0,0.0,0.0671,0.0,0.0,0.0,2019-03-26
28,161,cha161,0.0,0.1633,0.0,0.0,0.1633,0.0,0.0,0.0,2019-03-26
29,162,cha162,0.0,0.001985,0.0,0.0,0.001985,0.0,0.0,0.0,2019-03-26
30,165,cha165,0.0,0.05823,0.0,0.0,0.05823,0.0,0.0,0.0,2019-03-26
31,166,cha166,0.0,0.008227,0.0,0.0,0.008227,0.0,0.0,0.0,2019-03-26
32,167,cha167,0.0,0.1492,0.0,0.0,0.1492,0.0,0.0,0.0,2019-03-26
33,168,cha168,0.0,0.0008307,0.0,0.0,0.0008307,0.0,0.0,0.0,2019-03-26
34,169,cha169,0.0,0.05371,0.0,0.0,0.05371,0.0,0.0,0.0,2019-03-26
35,170,cha170,0.0,0.01349,0.0,0.0,0.01349,0.0,0.0,0.0,2019-03-26
36,171,cha171,0.0,0.01039,0.0,0.0,0.01039,0.0,0.0,0.0,2019-03-26
37,173,cha173,0.0,0.04955,0.0,0.0,0.04955,0.0,0.0,0.0,2019-03-26
1,29,cha029,0.0,0.0,0.0,0.0,0.0,0.0,0.0,0.0,2019-03-27
2,35,cha035,0.0,0.0,0.0,0.0,0.0,0.0,0.0,0.0,2019-03-27
3,37,cha037,0.0,0.0,0.0,0.0,0.0,0.0,0.0,0.0,2019-03-27
4,38,cha038,0.0,0.0319,0.0,0.0,0.0319,0.0,0.0,0.0,2019-03-27
5,39,cha039,0.0,0.0,0.0,0.0,0.0,0.0,0.0,0.0,2019-03-27
6,41,cha041,0.0,0.0,0.0,0.0,0.0,0.0,0.0,0.0,2019-03-27
7,43,cha043,0.0,0.0,0.0,0.0,0.0,0.0,0.0,0.0,2019-03-27
8,44,cha044,0.0,0.0,0.0,0.0,0.0,0.0,0.0,0.0,2019-03-27
9,45,cha045,0.0,0.0,0.0,0.0,0.0,0.0,0.0,0.0,2019-03-27
10,50,cha050,0.0,0.0,0.0,0.0,0.0,0.0,0.0,0.0,2019-03-27
11,51,cha051,0.0,0.0,0.0,0.0,0.0,0.0,0.0,0.0,2019-03-27
12,54,cha054,0.0,0.0,0.0,0.0,0.0,0.0,0.0,0.0,2019-03-27
13,57,cha057,0.0,0.1227,0.0,0.0,0.1227,0.0,0.0,0.0,2019-03-27
14,59,cha059,0.0,0.0,0.0,0.0,0.0,0.0,0.0,0.0,2019-03-27
15,64,cha064,0.0,0.1598,0.0,0.0,0.1598,0.0,0.0,0.0,2019-03-27
16,66,cha066,0.0,0.0,0.0,0.0,0.0,0.0,0.0,0.0,2019-03-27
17,70,cha070,0.0,0.0,0.0,0.0,0.0,0.0,0.0,0.0,2019-03-27
18,71,cha071,0.0,0.0,0.0,0.0,0.0,0.0,0.0,0.0,2019-03-27
19,74,cha074,0.0,0.0,0.0,0.0,0.0,0.0,0.0,0.0,2019-03-27
20,138,cha138,0.0,0.246,0.0,0.0,0.246,0.0,0.0,0.0,2019-03-27
21,141,cha141,0.0,0.02562,0.0,0.0,0.02562,0.0,0.0,0.0,2019-03-27
22,142,cha142,0.0,0.0007717,0.0,0.0,0.0007717,0.0,0.0,0.0,2019-03-27
23,146,cha146,0.0,0.003347,0.0,0.0,0.003347,0.0,0.0,0.0,2019-03-27
24,148,cha148,0.0,0.02864,0.0,0.0,0.02864,0.0,0.0,0.0,2019-03-27
25,153,cha153,0.0,0.7575,0.0,0.0,0.7575,0.0,0.0,0.0,2019-03-27
26,155,cha155,0.0,0.198,0.0,0.0,0.198,0.0,0.0,0.0,2019-03-27
27,158,cha158,0.0,0.0544,0.0,0.0,0.0544,0.0,0.0,0.0,2019-03-27
28,161,cha161,0.0,0.1542,0.0,0.0,0.1542,0.0,0.0,0.0,2019-03-27
29,162,cha162,0.0,0.001218,0.0,0.0,0.001218,0.0,0.0,0.0,2019-03-27
30,165,cha165,0.0,0.04879,0.0,0.0,0.04879,0.0,0.0,0.0,2019-03-27
31,166,cha166,0.0,0.005025,0.0,0.0,0.005025,0.0,0.0,0.0,2019-03-27
32,167,cha167,0.0,0.1457,0.0,0.0,0.1457,0.0,0.0,0.0,2019-03-27
33,168,cha168,0.0,0.0005926,0.0,0.0,0.0005926,0.0,0.0,0.0,2019-03-27
34,169,cha169,0.0,0.04575,0.0,0.0,0.04575,0.0,0.0,0.0,2019-03-27
35,170,cha170,0.0,0.008306,0.0,0.0,0.008306,0.0,0.0,0.0,2019-03-27
36,171,cha171,0.0,0.0063,0.0,0.0,0.0063,0.0,0.0,0.0,2019-03-27
37,173,cha173,0.0,0.0433,0.0,0.0,0.0433,0.0,0.0,0.0,2019-03-27
1,29,cha029,0.0,0.0,0.0,0.0,0.0,0.0,0.0,0.0,2019-03-28
2,35,cha035,0.0,0.0,0.0,0.0,0.0,0.0,0.0,0.0,2019-03-28
3,37,cha037,0.0,0.0,0.0,0.0,0.0,0.0,0.0,0.0,2019-03-28
4,38,cha038,0.0,0.03255,0.0,0.0,0.03255,0.0,0.0,0.0,2019-03-28
5,39,cha039,0.0,0.0,0.0,0.0,0.0,0.0,0.0,0.0,2019-03-28
6,41,cha041,0.0,0.0,0.0,0.0,0.0,0.0,0.0,0.0,2019-03-28
7,43,cha043,0.0,0.0,0.0,0.0,0.0,0.0,0.0,0.0,2019-03-28
8,44,cha044,0.0,0.0,0.0,0.0,0.0,0.0,0.0,0.0,2019-03-28
9,45,cha045,0.0,0.0,0.0,0.0,0.0,0.0,0.0,0.0,2019-03-28
10,50,cha050,0.0,0.0,0.0,0.0,0.0,0.0,0.0,0.0,2019-03-28
11,51,cha051,0.0,0.0,0.0,0.0,0.0,0.0,0.0,0.0,2019-03-28
12,54,cha054,0.0,0.0,0.0,0.0,0.0,0.0,0.0,0.0,2019-03-28
13,57,cha057,0.0,0.1358,0.0,0.0,0.1358,0.0,0.0,0.0,2019-03-28
14,59,cha059,0.0,0.0,0.0,0.0,0.0,0.0,0.0,0.0,2019-03-28
15,64,cha064,0.0,0.1745,0.0,0.0,0.1745,0.0,0.0,0.0,2019-03-28
16,66,cha066,0.0,0.0,0.0,0.0,0.0,0.0,0.0,0.0,2019-03-28
17,70,cha070,0.0,0.0,0.0,0.0,0.0,0.0,0.0,0.0,2019-03-28
18,71,cha071,0.0,0.0,0.0,0.0,0.0,0.0,0.0,0.0,2019-03-28
19,74,cha074,0.0,0.0,0.0,0.0,0.0,0.0,0.0,0.0,2019-03-28
20,138,cha138,0.0,0.255,0.0,0.0,0.255,0.0,0.0,0.0,2019-03-28
21,141,cha141,0.0,0.01655,0.0,0.0,0.01655,0.0,0.0,0.0,2019-03-28
22,142,cha142,0.0,0.0004787,0.0,0.0,0.0004787,0.0,0.0,0.0,2019-03-28
23,146,cha146,0.0,0.00215,0.0,0.0,0.00215,0.0,0.0,0.0,2019-03-28
24,148,cha148,0.0,0.01852,0.0,0.0,0.01852,0.0,0.0,0.0,2019-03-28
25,153,cha153,0.0,0.8283,0.0,0.0,0.8283,0.0,0.0,0.0,2019-03-28
26,155,cha155,0.0,0.1968,0.0,0.0,0.1968,0.0,0.0,0.0,2019-03-28
27,158,cha158,0.0,0.04789,0.0,0.0,0.04789,0.0,0.0,0.0,2019-03-28
28,161,cha161,0.0,0.1534,0.0,0.0,0.1534,0.0,0.0,0.0,2019-03-28
29,162,cha162,0.0,0.0008177,0.0,0.0,0.0008177,0.0,0.0,0.0,2019-03-28
30,165,cha165,0.0,0.04408,0.0,0.0,0.04408,0.0,0.0,0.0,2019-03-28
31,166,cha166,0.0,0.003243,0.0,0.0,0.003243,0.0,0.0,0.0,2019-03-28
32,167,cha167,0.0,0.148,0.0,0.0,0.148,0.0,0.0,0.0,2019-03-28
33,168,cha168,0.0,0.0004818,0.0,0.0,0.0004818,0.0,0.0,0.0,2019-03-28
34,169,cha169,0.0,0.04178,0.0,0.0,0.04178,0.0,0.0,0.0,2019-03-28
35,170,cha170,0.0,0.005537,0.0,0.0,0.005537,0.0,0.0,0.0,2019-03-28
36,171,cha171,0.0,0.004074,0.0,0.0,0.004074,0.0,0.0,0.0,2019-03-28
37,173,cha173,0.0,0.04027,0.0,0.0,0.04027,0.0,0.0,0.0,2019-03-28
1,29,cha029,0.0,0.0,0.0,0.0,0.0,0.0,0.0,0.0,2019-03-29
2,35,cha035,0.0,0.0,0.0,0.0,0.0,0.0,0.0,0.0,2019-03-29
3,37,cha037,0.0,0.0,0.0,0.0,0.0,0.0,0.0,0.0,2019-03-29
4,38,cha038,0.0,0.03315,0.0,0.0,0.03315,0.0,0.0,0.0,2019-03-29
5,39,cha039,0.0,0.0,0.0,0.0,0.0,0.0,0.0,0.0,2019-03-29
6,41,cha041,0.0,0.0,0.0,0.0,0.0,0.0,0.0,0.0,2019-03-29
7,43,cha043,0.0,0.0,0.0,0.0,0.0,0.0,0.0,0.0,2019-03-29
8,44,cha044,0.0,0.0,0.0,0.0,0.0,0.0,0.0,0.0,2019-03-29
9,45,cha045,0.0,0.0,0.0,0.0,0.0,0.0,0.0,0.0,2019-03-29
10,50,cha050,0.0,0.0,0.0,0.0,0.0,0.0,0.0,0.0,2019-03-29
11,51,cha051,0.0,0.0,0.0,0.0,0.0,0.0,0.0,0.0,2019-03-29
12,54,cha054,0.0,0.0,0.0,0.0,0.0,0.0,0.0,0.0,2019-03-29
13,57,cha057,0.0,0.1475,0.0,0.0,0.1475,0.0,0.0,0.0,2019-03-29
14,59,cha059,0.0,0.0,0.0,0.0,0.0,0.0,0.0,0.0,2019-03-29
15,64,cha064,0.0,0.1878,0.0,0.0,0.1878,0.0,0.0,0.0,2019-03-29
16,66,cha066,0.0,0.0,0.0,0.0,0.0,0.0,0.0,0.0,2019-03-29
17,70,cha070,0.0,0.0,0.0,0.0,0.0,0.0,0.0,0.0,2019-03-29
18,71,cha071,0.0,0.0,0.0,0.0,0.0,0.0,0.0,0.0,2019-03-29
19,74,cha074,0.0,0.0,0.0,0.0,0.0,0.0,0.0,0.0,2019-03-29
20,138,cha138,0.0,0.2663,0.0,0.0,0.2663,0.0,0.0,0.0,2019-03-29
21,141,cha141,0.0,0.01099,0.0,0.0,0.01099,0.0,0.0,0.0,2019-03-29
22,142,cha142,0.0,0.0003248,0.0,0.0,0.0003248,0.0,0.0,0.0,2019-03-29
23,146,cha146,0.0,0.001494,0.0,0.0,0.001494,0.0,0.0,0.0,2019-03-29
24,148,cha148,0.0,0.01239,0.0,0.0,0.01239,0.0,0.0,0.0,2019-03-29
25,153,cha153,0.0,0.8985,0.0,0.0,0.8985,0.0,0.0,0.0,2019-03-29
26,155,cha155,0.0,0.2001,0.0,0.0,0.2001,0.0,0.0,0.0,2019-03-29
27,158,cha158,0.0,0.04467,0.0,0.0,0.04467,0.0,0.0,0.0,2019-03-29
28,161,cha161,0.0,0.1567,0.0,0.0,0.1567,0.0,0.0,0.0,2019-03-29
29,162,cha162,0.0,0.0006093,0.0,0.0,0.0006093,0.0,0.0,0.0,2019-03-29
30,165,cha165,0.0,0.04185,0.0,0.0,0.04185,0.0,0.0,0.0,2019-03-29
31,166,cha166,0.0,0.002252,0.0,0.0,0.002252,0.0,0.0,0.0,2019-03-29
32,167,cha167,0.0,0.1529,0.0,0.0,0.1529,0.0,0.0,0.0,2019-03-29
33,168,cha168,0.0,0.000431,0.0,0.0,0.000431,0.0,0.0,0.0,2019-03-29
34,169,cha169,0.0,0.03993,0.0,0.0,0.03993,0.0,0.0,0.0,2019-03-29
35,170,cha170,0.0,0.004059,0.0,0.0,0.004059,0.0,0.0,0.0,2019-03-29
36,171,cha171,0.0,0.002862,0.0,0.0,0.002862,0.0,0.0,0.0,2019-03-29
37,173,cha173,0.0,0.03894,0.0,0.0,0.03894,0.0,0.0,0.0,2019-03-29
1,29,cha029,0.0,0.0,0.0,0.0,0.0,0.0,0.0,0.0,2019-03-30
2,35,cha035,0.0,0.0,0.0,0.0,0.0,0.0,0.0,0.0,2019-03-30
3,37,cha037,0.0,0.0,0.0,0.0,0.0,0.0,0.0,0.0,2019-03-30
4,38,cha038,0.0,0.03372,0.0,0.0,0.03372,0.0,0.0,0.0,2019-03-30
5,39,cha039,0.0,0.0,0.0,0.0,0.0,0.0,0.0,0.0,2019-03-30
6,41,cha041,0.0,0.0,0.0,0.0,0.0,0.0,0.0,0.0,2019-03-30
7,43,cha043,0.0,0.0,0.0,0.0,0.0,0.0,0.0,0.0,2019-03-30
8,44,cha044,0.0,0.0,0.0,0.0,0.0,0.0,0.0,0.0,2019-03-30
9,45,cha045,0.0,0.0,0.0,0.0,0.0,0.0,0.0,0.0,2019-03-30
10,50,cha050,0.0,0.0,0.0,0.0,0.0,0.0,0.0,0.0,2019-03-30
11,51,cha051,0.0,0.0,0.0,0.0,0.0,0.0,0.0,0.0,2019-03-30
12,54,cha054,0.0,0.0,0.0,0.0,0.0,0.0,0.0,0.0,2019-03-30
13,57,cha057,0.0,0.1582,0.0,0.0,0.1582,0.0,0.0,0.0,2019-03-30
14,59,cha059,0.0,0.0,0.0,0.0,0.0,0.0,0.0,0.0,2019-03-30
15,64,cha064,0.0,0.1997,0.0,0.0,0.1997,0.0,0.0,0.0,2019-03-30
16,66,cha066,0.0,0.0,0.0,0.0,0.0,0.0,0.0,0.0,2019-03-30
17,70,cha070,0.0,0.0,0.0,0.0,0.0,0.0,0.0,0.0,2019-03-30
18,71,cha071,0.0,0.0,0.0,0.0,0.0,0.0,0.0,0.0,2019-03-30
19,74,cha074,0.0,0.0,0.0,0.0,0.0,0.0,0.0,0.0,2019-03-30
20,138,cha138,0.0,0.2784,0.0,0.0,0.2784,0.0,0.0,0.0,2019-03-30
21,141,cha141,0.0,0.007578,0.0,0.0,0.007578,0.0,0.0,0.0,2019-03-30
22,142,cha142,0.0,0.000244,0.0,0.0,0.000244,0.0,0.0,0.0,2019-03-30
23,146,cha146,0.0,0.001134,0.0,0.0,0.001134,0.0,0.0,0.0,2019-03-30
24,148,cha148,0.0,0.008665,0.0,0.0,0.008665,0.0,0.0,0.0,2019-03-30
25,153,cha153,0.0,0.9652,0.0,0.0,0.9652,0.0,0.0,0.0,2019-03-30
26,155,cha155,0.0,0.2055,0.0,0.0,0.2055,0.0,0.0,0.0,2019-03-30
27,158,cha158,0.0,0.0432,0.0,0.0,0.0432,0.0,0.0,0.0,2019-03-30
28,161,cha161,0.0,0.1618,0.0,0.0,0.1618,0.0,0.0,0.0,2019-03-30
29,162,cha162,0.0,0.000501,0.0,0.0,0.000501,0.0,0.0,0.0,2019-03-30
30,165,cha165,0.0,0.04093,0.0,0.0,0.04093,0.0,0.0,0.0,2019-03-30
31,166,cha166,0.0,0.001703,0.0,0.0,0.001703,0.0,0.0,0.0,2019-03-30
32,167,cha167,0.0,0.159,0.0,0.0,0.159,0.0,0.0,0.0,2019-03-30
33,168,cha168,0.0,0.0004085,0.0,0.0,0.0004085,0.0,0.0,0.0,2019-03-30
34,169,cha169,0.0,0.03919,0.0,0.0,0.03919,0.0,0.0,0.0,2019-03-30
35,170,cha170,0.0,0.003271,0.0,0.0,0.003271,0.0,0.0,0.0,2019-03-30
36,171,cha171,0.0,0.002204,0.0,0.0,0.002204,0.0,0.0,0.0,2019-03-30
37,173,cha173,0.0,0.03848,0.0,0.0,0.03848,0.0,0.0,0.0,2019-03-30
1,29,cha029,0.0,0.0,0.0,0.0,0.0,0.0,0.0,0.0,2019-03-31
2,35,cha035,0.0,0.0,0.0,0.0,0.0,0.0,0.0,0.0,2019-03-31
3,37,cha037,0.0,0.0,0.0,0.0,0.0,0.0,0.0,0.0,2019-03-31
4,38,cha038,0.0,0.03425,0.0,0.0,0.03425,0.0,0.0,0.0,2019-03-31
5,39,cha039,0.0,0.0,0.0,0.0,0.0,0.0,0.0,0.0,2019-03-31
6,41,cha041,0.0,0.0,0.0,0.0,0.0,0.0,0.0,0.0,2019-03-31
7,43,cha043,0.0,0.0,0.0,0.0,0.0,0.0,0.0,0.0,2019-03-31
8,44,cha044,0.0,0.0,0.0,0.0,0.0,0.0,0.0,0.0,2019-03-31
9,45,cha045,0.0,0.0,0.0,0.0,0.0,0.0,0.0,0.0,2019-03-31
10,50,cha050,0.0,0.0,0.0,0.0,0.0,0.0,0.0,0.0,2019-03-31
11,51,cha051,0.0,0.0,0.0,0.0,0.0,0.0,0.0,0.0,2019-03-31
12,54,cha054,0.0,0.0,0.0,0.0,0.0,0.0,0.0,0.0,2019-03-31
13,57,cha057,0.0,0.1677,0.0,0.0,0.1677,0.0,0.0,0.0,2019-03-31
14,59,cha059,0.0,0.0,0.0,0.0,0.0,0.0,0.0,0.0,2019-03-31
15,64,cha064,0.0,0.2103,0.0,0.0,0.2103,0.0,0.0,0.0,2019-03-31
16,66,cha066,0.0,0.0,0.0,0.0,0.0,0.0,0.0,0.0,2019-03-31
17,70,cha070,0.0,0.0,0.0,0.0,0.0,0.0,0.0,0.0,2019-03-31
18,71,cha071,0.0,0.0,0.0,0.0,0.0,0.0,0.0,0.0,2019-03-31
19,74,cha074,0.0,0.0,0.0,0.0,0.0,0.0,0.0,0.0,2019-03-31
20,138,cha138,0.0,0.2903,0.0,0.0,0.2903,0.0,0.0,0.0,2019-03-31
21,141,cha141,0.0,0.005477,0.0,0.0,0.005477,0.0,0.0,0.0,2019-03-31
22,142,cha142,0.0,0.0002014,0.0,0.0,0.0002014,0.0,0.0,0.0,2019-03-31
23,146,cha146,0.0,0.0009365,0.0,0.0,0.0009365,0.0,0.0,0.0,2019-03-31
24,148,cha148,0.0,0.006395,0.0,0.0,0.006395,0.0,0.0,0.0,2019-03-31
25,153,cha153,0.0,1.027,0.0,0.0,1.027,0.0,0.0,0.0,2019-03-31
26,155,cha155,0.0,0.2116,0.0,0.0,0.2116,0.0,0.0,0.0,2019-03-31
27,158,cha158,0.0,0.04265,0.0,0.0,0.04265,0.0,0.0,0.0,2019-03-31
28,161,cha161,0.0,0.1675,0.0,0.0,0.1675,0.0,0.0,0.0,2019-03-31
29,162,cha162,0.0,0.0004449,0.0,0.0,0.0004449,0.0,0.0,0.0,2019-03-31
30,165,cha165,0.0,0.04068,0.0,0.0,0.04068,0.0,0.0,0.0,2019-03-31
31,166,cha166,0.0,0.001401,0.0,0.0,0.001401,0.0,0.0,0.0,2019-03-31
32,167,cha167,0.0,0.1652,0.0,0.0,0.1652,0.0,0.0,0.0,2019-03-31
33,168,cha168,0.0,0.0003992,0.0,0.0,0.0003992,0.0,0.0,0.0,2019-03-31
34,169,cha169,0.0,0.03903,0.0,0.0,0.03903,0.0,0.0,0.0,2019-03-31
35,170,cha170,0.0,0.002854,0.0,0.0,0.002854,0.0,0.0,0.0,2019-03-31
36,171,cha171,0.0,0.001847,0.0,0.0,0.001847,0.0,0.0,0.0,2019-03-31
37,173,cha173,0.0,0.03848,0.0,0.0,0.03848,0.0,0.0,0.0,2019-03-31
1,29,cha029,0.0,0.0,0.0,0.0,0.0,0.0,0.0,0.0,2019-04-01
2,35,cha035,0.0,0.0,0.0,0.0,0.0,0.0,0.0,0.0,2019-04-01
3,37,cha037,0.0,0.0,0.0,0.0,0.0,0.0,0.0,0.0,2019-04-01
4,38,cha038,0.0,0.03474,0.0,0.0,0.03474,0.0,0.0,0.0,2019-04-01
5,39,cha039,0.0,0.0,0.0,0.0,0.0,0.0,0.0,0.0,2019-04-01
6,41,cha041,0.0,0.0,0.0,0.0,0.0,0.0,0.0,0.0,2019-04-01
7,43,cha043,0.0,0.0,0.0,0.0,0.0,0.0,0.0,0.0,2019-04-01
8,44,cha044,0.0,0.0,0.0,0.0,0.0,0.0,0.0,0.0,2019-04-01
9,45,cha045,0.0,0.0,0.0,0.0,0.0,0.0,0.0,0.0,2019-04-01
10,50,cha050,0.0,0.0,0.0,0.0,0.0,0.0,0.0,0.0,2019-04-01
11,51,cha051,0.0,0.0,0.0,0.0,0.0,0.0,0.0,0.0,2019-04-01
12,54,cha054,0.0,0.0,0.0,0.0,0.0,0.0,0.0,0.0,2019-04-01
13,57,cha057,0.0,0.1762,0.0,0.0,0.1762,0.0,0.0,0.0,2019-04-01
14,59,cha059,0.0,0.0,0.0,0.0,0.0,0.0,0.0,0.0,2019-04-01
15,64,cha064,0.0,0.2197,0.0,0.0,0.2197,0.0,0.0,0.0,2019-04-01
16,66,cha066,0.0,0.0,0.0,0.0,0.0,0.0,0.0,0.0,2019-04-01
17,70,cha070,0.0,0.0,0.0,0.0,0.0,0.0,0.0,0.0,2019-04-01
18,71,cha071,0.0,0.0,0.0,0.0,0.0,0.0,0.0,0.0,2019-04-01
19,74,cha074,0.0,0.0,0.0,0.0,0.0,0.0,0.0,0.0,2019-04-01
20,138,cha138,0.0,0.3016,0.0,0.0,0.3016,0.0,0.0,0.0,2019-04-01
21,141,cha141,0.0,0.004182,0.0,0.0,0.004182,0.0,0.0,0.0,2019-04-01
22,142,cha142,0.0,0.000179,0.0,0.0,0.000179,0.0,0.0,0.0,2019-04-01
23,146,cha146,0.0,0.0008274,0.0,0.0,0.0008274,0.0,0.0,0.0,2019-04-01
24,148,cha148,0.0,0.005008,0.0,0.0,0.005008,0.0,0.0,0.0,2019-04-01
25,153,cha153,0.0,1.084,0.0,0.0,1.084,0.0,0.0,0.0,2019-04-01
26,155,cha155,0.0,0.2178,0.0,0.0,0.2178,0.0,0.0,0.0,2019-04-01
27,158,cha158,0.0,0.04258,0.0,0.0,0.04258,0.0,0.0,0.0,2019-04-01
28,161,cha161,0.0,0.1732,0.0,0.0,0.1732,0.0,0.0,0.0,2019-04-01
29,162,cha162,0.0,0.0004161,0.0,0.0,0.0004161,0.0,0.0,0.0,2019-04-01
30,165,cha165,0.0,0.04077,0.0,0.0,0.04077,0.0,0.0,0.0,2019-04-01
31,166,cha166,0.0,0.001236,0.0,0.0,0.001236,0.0,0.0,0.0,2019-04-01
32,167,cha167,0.0,0.1713,0.0,0.0,0.1713,0.0,0.0,0.0,2019-04-01
33,168,cha168,0.0,0.0003962,0.0,0.0,0.0003962,0.0,0.0,0.0,2019-04-01
34,169,cha169,0.0,0.03916,0.0,0.0,0.03916,0.0,0.0,0.0,2019-04-01
35,170,cha170,0.0,0.002637,0.0,0.0,0.002637,0.0,0.0,0.0,2019-04-01
36,171,cha171,0.0,0.001657,0.0,0.0,0.001657,0.0,0.0,0.0,2019-04-01
37,173,cha173,0.0,0.03869,0.0,0.0,0.03869,0.0,0.0,0.0,2019-04-01
1,29,cha029,0.0,0.0,0.0,0.0,0.0,0.0,0.0,0.0,2019-04-02
2,35,cha035,0.0,0.0,0.0,0.0,0.0,0.0,0.0,0.0,2019-04-02
3,37,cha037,0.0,0.0,0.0,0.0,0.0,0.0,0.0,0.0,2019-04-02
4,38,cha038,0.0,0.0352,0.0,0.0,0.0352,0.0,0.0,0.0,2019-04-02
5,39,cha039,0.0,0.0,0.0,0.0,0.0,0.0,0.0,0.0,2019-04-02
6,41,cha041,0.0,0.0,0.0,0.0,0.0,0.0,0.0,0.0,2019-04-02
7,43,cha043,0.0,0.0,0.0,0.0,0.0,0.0,0.0,0.0,2019-04-02
8,44,cha044,0.0,0.0,0.0,0.0,0.0,0.0,0.0,0.0,2019-04-02
9,45,cha045,0.0,0.0,0.0,0.0,0.0,0.0,0.0,0.0,2019-04-02
10,50,cha050,0.0,0.0,0.0,0.0,0.0,0.0,0.0,0.0,2019-04-02
11,51,cha051,0.0,0.0,0.0,0.0,0.0,0.0,0.0,0.0,2019-04-02
12,54,cha054,0.0,0.0,0.0,0.0,0.0,0.0,0.0,0.0,2019-04-02
13,57,cha057,0.0,0.1837,0.0,0.0,0.1837,0.0,0.0,0.0,2019-04-02
14,59,cha059,0.0,0.0,0.0,0.0,0.0,0.0,0.0,0.0,2019-04-02
15,64,cha064,0.0,0.2281,0.0,0.0,0.2281,0.0,0.0,0.0,2019-04-02
16,66,cha066,0.0,0.0,0.0,0.0,0.0,0.0,0.0,0.0,2019-04-02
17,70,cha070,0.0,0.0,0.0,0.0,0.0,0.0,0.0,0.0,2019-04-02
18,71,cha071,0.0,0.0,0.0,0.0,0.0,0.0,0.0,0.0,2019-04-02
19,74,cha074,0.0,0.0,0.0,0.0,0.0,0.0,0.0,0.0,2019-04-02
20,138,cha138,0.0,0.3119,0.0,0.0,0.3119,0.0,0.0,0.0,2019-04-02
21,141,cha141,0.0,0.003383,0.0,0.0,0.003383,0.0,0.0,0.0,2019-04-02
22,142,cha142,0.0,0.0001672,0.0,0.0,0.0001672,0.0,0.0,0.0,2019-04-02
23,146,cha146,0.0,0.0007671,0.0,0.0,0.0007671,0.0,0.0,0.0,2019-04-02
24,148,cha148,0.0,0.004159,0.0,0.0,0.004159,0.0,0.0,0.0,2019-04-02
25,153,cha153,0.0,1.135,0.0,0.0,1.135,0.0,0.0,0.0,2019-04-02
26,155,cha155,0.0,0.2236,0.0,0.0,0.2236,0.0,0.0,0.0,2019-04-02
27,158,cha158,0.0,0.04275,0.0,0.0,0.04275,0.0,0.0,0.0,2019-04-02
28,161,cha161,0.0,0.1786,0.0,0.0,0.1786,0.0,0.0,0.0,2019-04-02
29,162,cha162,0.0,0.0004015,0.0,0.0,0.0004015,0.0,0.0,0.0,2019-04-02
30,165,cha165,0.0,0.04103,0.0,0.0,0.04103,0.0,0.0,0.0,2019-04-02
31,166,cha166,0.0,0.001148,0.0,0.0,0.001148,0.0,0.0,0.0,2019-04-02
32,167,cha167,0.0,0.1769,0.0,0.0,0.1769,0.0,0.0,0.0,2019-04-02
33,168,cha168,0.0,0.000396,0.0,0.0,0.000396,0.0,0.0,0.0,2019-04-02
34,169,cha169,0.0,0.03944,0.0,0.0,0.03944,0.0,0.0,0.0,2019-04-02
35,170,cha170,0.0,0.002528,0.0,0.0,0.002528,0.0,0.0,0.0,2019-04-02
36,171,cha171,0.0,0.001557,0.0,0.0,0.001557,0.0,0.0,0.0,2019-04-02
37,173,cha173,0.0,0.03902,0.0,0.0,0.03902,0.0,0.0,0.0,2019-04-02
1,29,cha029,0.0,0.0,0.0,0.0,0.0,0.0,0.0,0.0,2019-04-03
2,35,cha035,0.0,0.0,0.0,0.0,0.0,0.0,0.0,0.0,2019-04-03
3,37,cha037,0.0,0.0,0.0,0.0,0.0,0.0,0.0,0.0,2019-04-03
4,38,cha038,0.0,0.03566,0.0,0.0,0.03566,0.0,0.0,0.0,2019-04-03
5,39,cha039,0.0,0.0,0.0,0.0,0.0,0.0,0.0,0.0,2019-04-03
6,41,cha041,0.0,0.0,0.0,0.0,0.0,0.0,0.0,0.0,2019-04-03
7,43,cha043,0.0,0.0,0.0,0.0,0.0,0.0,0.0,0.0,2019-04-03
8,44,cha044,0.0,0.0,0.0,0.0,0.0,0.0,0.0,0.0,2019-04-03
9,45,cha045,0.0,0.0,0.0,0.0,0.0,0.0,0.0,0.0,2019-04-03
10,50,cha050,0.0,0.0,0.0,0.0,0.0,0.0,0.0,0.0,2019-04-03
11,51,cha051,0.0,0.0,0.0,0.0,0.0,0.0,0.0,0.0,2019-04-03
12,54,cha054,0.0,0.0,0.0,0.0,0.0,0.0,0.0,0.0,2019-04-03
13,57,cha057,0.0,0.1904,0.0,0.0,0.1904,0.0,0.0,0.0,2019-04-03
14,59,cha059,0.0,0.0,0.0,0.0,0.0,0.0,0.0,0.0,2019-04-03
15,64,cha064,0.0,0.2354,0.0,0.0,0.2354,0.0,0.0,0.0,2019-04-03
16,66,cha066,0.0,0.0,0.0,0.0,0.0,0.0,0.0,0.0,2019-04-03
17,70,cha070,0.0,0.0,0.0,0.0,0.0,0.0,0.0,0.0,2019-04-03
18,71,cha071,0.0,0.0,0.0,0.0,0.0,0.0,0.0,0.0,2019-04-03
19,74,cha074,0.0,0.0,0.0,0.0,0.0,0.0,0.0,0.0,2019-04-03
20,138,cha138,0.0,0.3213,0.0,0.0,0.3213,0.0,0.0,0.0,2019-04-03
21,141,cha141,0.0,0.002888,0.0,0.0,0.002888,0.0,0.0,0.0,2019-04-03
22,142,cha142,0.0,0.0001609,0.0,0.0,0.0001609,0.0,0.0,0.0,2019-04-03
23,146,cha146,0.0,0.0007337,0.0,0.0,0.0007337,0.0,0.0,0.0,2019-04-03
24,148,cha148,0.0,0.003637,0.0,0.0,0.003637,0.0,0.0,0.0,2019-04-03
25,153,cha153,0.0,1.181,0.0,0.0,1.181,0.0,0.0,0.0,2019-04-03
26,155,cha155,0.0,0.2291,0.0,0.0,0.2291,0.0,0.0,0.0,2019-04-03
27,158,cha158,0.0,0.04308,0.0,0.0,0.04308,0.0,0.0,0.0,2019-04-03
28,161,cha161,0.0,0.1836,0.0,0.0,0.1836,0.0,0.0,0.0,2019-04-03
29,162,cha162,0.0,0.0003943,0.0,0.0,0.0003943,0.0,0.0,0.0,2019-04-03
30,165,cha165,0.0,0.0414,0.0,0.0,0.0414,0.0,0.0,0.0,2019-04-03
31,166,cha166,0.0,0.001102,0.0,0.0,0.001102,0.0,0.0,0.0,2019-04-03
32,167,cha167,0.0,0.182,0.0,0.0,0.182,0.0,0.0,0.0,2019-04-03
33,168,cha168,0.0,0.0003971,0.0,0.0,0.0003971,0.0,0.0,0.0,2019-04-03
34,169,cha169,0.0,0.03981,0.0,0.0,0.03981,0.0,0.0,0.0,2019-04-03
35,170,cha170,0.0,0.002478,0.0,0.0,0.002478,0.0,0.0,0.0,2019-04-03
36,171,cha171,0.0,0.001506,0.0,0.0,0.001506,0.0,0.0,0.0,2019-04-03
37,173,cha173,0.0,0.03942,0.0,0.0,0.03942,0.0,0.0,0.0,2019-04-03
1,29,cha029,0.0,0.0,0.0,0.0,0.0,0.0,0.0,0.0,2019-04-04
2,35,cha035,0.0,0.0,0.0,0.0,0.0,0.0,0.0,0.0,2019-04-04
3,37,cha037,0.0,0.0,0.0,0.0,0.0,0.0,0.0,0.0,2019-04-04
4,38,cha038,0.0,0.0361,0.0,0.0,0.0361,0.0,0.0,0.0,2019-04-04
5,39,cha039,0.0,0.0,0.0,0.0,0.0,0.0,0.0,0.0,2019-04-04
6,41,cha041,0.0,0.0,0.0,0.0,0.0,0.0,0.0,0.0,2019-04-04
7,43,cha043,0.0,0.0,0.0,0.0,0.0,0.0,0.0,0.0,2019-04-04
8,44,cha044,0.0,0.0,0.0,0.0,0.0,0.0,0.0,0.0,2019-04-04
9,45,cha045,0.0,0.0,0.0,0.0,0.0,0.0,0.0,0.0,2019-04-04
10,50,cha050,0.0,0.0,0.0,0.0,0.0,0.0,0.0,0.0,2019-04-04
11,51,cha051,0.0,0.0,0.0,0.0,0.0,0.0,0.0,0.0,2019-04-04
12,54,cha054,0.0,0.0,0.0,0.0,0.0,0.0,0.0,0.0,2019-04-04
13,57,cha057,0.0,0.1962,0.0,0.0,0.1962,0.0,0.0,0.0,2019-04-04
14,59,cha059,0.0,0.0,0.0,0.0,0.0,0.0,0.0,0.0,2019-04-04
15,64,cha064,0.0,0.2418,0.0,0.0,0.2418,0.0,0.0,0.0,2019-04-04
16,66,cha066,0.0,0.0,0.0,0.0,0.0,0.0,0.0,0.0,2019-04-04
17,70,cha070,0.0,0.0,0.0,0.0,0.0,0.0,0.0,0.0,2019-04-04
18,71,cha071,0.0,0.0,0.0,0.0,0.0,0.0,0.0,0.0,2019-04-04
19,74,cha074,0.0,0.0,0.0,0.0,0.0,0.0,0.0,0.0,2019-04-04
20,138,cha138,0.0,0.3295,0.0,0.0,0.3295,0.0,0.0,0.0,2019-04-04
21,141,cha141,0.0,0.002582,0.0,0.0,0.002582,0.0,0.0,0.0,2019-04-04
22,142,cha142,0.0,0.0001575,0.0,0.0,0.0001575,0.0,0.0,0.0,2019-04-04
23,146,cha146,0.0,0.0007149,0.0,0.0,0.0007149,0.0,0.0,0.0,2019-04-04
24,148,cha148,0.0,0.003315,0.0,0.0,0.003315,0.0,0.0,0.0,2019-04-04
25,153,cha153,0.0,1.222,0.0,0.0,1.222,0.0,0.0,0.0,2019-04-04
26,155,cha155,0.0,0.2341,0.0,0.0,0.2341,0.0,0.0,0.0,2019-04-04
27,158,cha158,0.0,0.04347,0.0,0.0,0.04347,0.0,0.0,0.0,2019-04-04
28,161,cha161,0.0,0.1882,0.0,0.0,0.1882,0.0,0.0,0.0,2019-04-04
29,162,cha162,0.0,0.0003909,0.0,0.0,0.0003909,0.0,0.0,0.0,2019-04-04
30,165,cha165,0.0,0.04182,0.0,0.0,0.04182,0.0,0.0,0.0,2019-04-04
31,166,cha166,0.0,0.00108,0.0,0.0,0.00108,0.0,0.0,0.0,2019-04-04
32,167,cha167,0.0,0.1866,0.0,0.0,0.1866,0.0,0.0,0.0,2019-04-04
33,168,cha168,0.0,0.0003988,0.0,0.0,0.0003988,0.0,0.0,0.0,2019-04-04
34,169,cha169,0.0,0.04023,0.0,0.0,0.04023,0.0,0.0,0.0,2019-04-04
35,170,cha170,0.0,0.002459,0.0,0.0,0.002459,0.0,0.0,0.0,2019-04-04
36,171,cha171,0.0,0.001483,0.0,0.0,0.001483,0.0,0.0,0.0,2019-04-04
37,173,cha173,0.0,0.03985,0.0,0.0,0.03985,0.0,0.0,0.0,2019-04-04
1,29,cha029,0.0,0.0,0.0,0.0,0.0,0.0,0.0,0.0,2019-04-05
2,35,cha035,0.0,0.0,0.0,0.0,0.0,0.0,0.0,0.0,2019-04-05
3,37,cha037,0.0,0.0,0.0,0.0,0.0,0.0,0.0,0.0,2019-04-05
4,38,cha038,0.0,0.03653,0.0,0.0,0.03653,0.0,0.0,0.0,2019-04-05
5,39,cha039,0.0,0.0,0.0,0.0,0.0,0.0,0.0,0.0,2019-04-05
6,41,cha041,0.0,0.0,0.0,0.0,0.0,0.0,0.0,0.0,2019-04-05
7,43,cha043,0.0,0.0,0.0,0.0,0.0,0.0,0.0,0.0,2019-04-05
8,44,cha044,0.0,0.0,0.0,0.0,0.0,0.0,0.0,0.0,2019-04-05
9,45,cha045,0.0,0.0,0.0,0.0,0.0,0.0,0.0,0.0,2019-04-05
10,50,cha050,0.0,0.0,0.0,0.0,0.0,0.0,0.0,0.0,2019-04-05
11,51,cha051,0.0,0.0,0.0,0.0,0.0,0.0,0.0,0.0,2019-04-05
12,54,cha054,0.0,0.0,0.0,0.0,0.0,0.0,0.0,0.0,2019-04-05
13,57,cha057,0.0,0.2013,0.0,0.0,0.2013,0.0,0.0,0.0,2019-04-05
14,59,cha059,0.0,0.0,0.0,0.0,0.0,0.0,0.0,0.0,2019-04-05
15,64,cha064,0.0,0.2473,0.0,0.0,0.2473,0.0,0.0,0.0,2019-04-05
16,66,cha066,0.0,0.0,0.0,0.0,0.0,0.0,0.0,0.0,2019-04-05
17,70,cha070,0.0,0.0,0.0,0.0,0.0,0.0,0.0,0.0,2019-04-05
18,71,cha071,0.0,0.0,0.0,0.0,0.0,0.0,0.0,0.0,2019-04-05
19,74,cha074,0.0,0.0,0.0,0.0,0.0,0.0,0.0,0.0,2019-04-05
20,138,cha138,0.0,0.3367,0.0,0.0,0.3367,0.0,0.0,0.0,2019-04-05
21,141,cha141,0.0,0.002392,0.0,0.0,0.002392,0.0,0.0,0.0,2019-04-05
22,142,cha142,0.0,0.0001556,0.0,0.0,0.0001556,0.0,0.0,0.0,2019-04-05
23,146,cha146,0.0,0.0007042,0.0,0.0,0.0007042,0.0,0.0,0.0,2019-04-05
24,148,cha148,0.0,0.003116,0.0,0.0,0.003116,0.0,0.0,0.0,2019-04-05
25,153,cha153,0.0,1.258,0.0,0.0,1.258,0.0,0.0,0.0,2019-04-05
26,155,cha155,0.0,0.2385,0.0,0.0,0.2385,0.0,0.0,0.0,2019-04-05
27,158,cha158,0.0,0.04389,0.0,0.0,0.04389,0.0,0.0,0.0,2019-04-05
28,161,cha161,0.0,0.1922,0.0,0.0,0.1922,0.0,0.0,0.0,2019-04-05
29,162,cha162,0.0,0.0003895,0.0,0.0,0.0003895,0.0,0.0,0.0,2019-04-05
30,165,cha165,0.0,0.04225,0.0,0.0,0.04225,0.0,0.0,0.0,2019-04-05
31,166,cha166,0.0,0.001071,0.0,0.0,0.001071,0.0,0.0,0.0,2019-04-05
32,167,cha167,0.0,0.1907,0.0,0.0,0.1907,0.0,0.0,0.0,2019-04-05
33,168,cha168,0.0,0.0004007,0.0,0.0,0.0004007,0.0,0.0,0.0,2019-04-05
34,169,cha169,0.0,0.04065,0.0,0.0,0.04065,0.0,0.0,0.0,2019-04-05
35,170,cha170,0.0,0.002457,0.0,0.0,0.002457,0.0,0.0,0.0,2019-04-05
36,171,cha171,0.0,0.001475,0.0,0.0,0.001475,0.0,0.0,0.0,2019-04-05
37,173,cha173,0.0,0.04028,0.0,0.0,0.04028,0.0,0.0,0.0,2019-04-05
1,29,cha029,0.0,0.0,0.0,0.0,0.0,0.0,0.0,0.0,2019-04-06
2,35,cha035,0.0,0.0,0.0,0.0,0.0,0.0,0.0,0.0,2019-04-06
3,37,cha037,0.0,0.0,0.0,0.0,0.0,0.0,0.0,0.0,2019-04-06
4,38,cha038,0.0,0.03692,0.0,0.0,0.03692,0.0,0.0,0.0,2019-04-06
5,39,cha039,0.0,0.0,0.0,0.0,0.0,0.0,0.0,0.0,2019-04-06
6,41,cha041,0.0,0.0,0.0,0.0,0.0,0.0,0.0,0.0,2019-04-06
7,43,cha043,0.0,0.0,0.0,0.0,0.0,0.0,0.0,0.0,2019-04-06
8,44,cha044,0.0,0.0,0.0,0.0,0.0,0.0,0.0,0.0,2019-04-06
9,45,cha045,0.0,0.0,0.0,0.0,0.0,0.0,0.0,0.0,2019-04-06
10,50,cha050,0.0,0.0,0.0,0.0,0.0,0.0,0.0,0.0,2019-04-06
11,51,cha051,0.0,0.0,0.0,0.0,0.0,0.0,0.0,0.0,2019-04-06
12,54,cha054,0.0,0.0,0.0,0.0,0.0,0.0,0.0,0.0,2019-04-06
13,57,cha057,0.0,0.2056,0.0,0.0,0.2056,0.0,0.0,0.0,2019-04-06
14,59,cha059,0.0,0.0,0.0,0.0,0.0,0.0,0.0,0.0,2019-04-06
15,64,cha064,0.0,0.252,0.0,0.0,0.252,0.0,0.0,0.0,2019-04-06
16,66,cha066,0.0,0.0,0.0,0.0,0.0,0.0,0.0,0.0,2019-04-06
17,70,cha070,0.0,0.0,0.0,0.0,0.0,0.0,0.0,0.0,2019-04-06
18,71,cha071,0.0,0.0,0.0,0.0,0.0,0.0,0.0,0.0,2019-04-06
19,74,cha074,0.0,0.0,0.0,0.0,0.0,0.0,0.0,0.0,2019-04-06
20,138,cha138,0.0,0.3429,0.0,0.0,0.3429,0.0,0.0,0.0,2019-04-06
21,141,cha141,0.0,0.002273,0.0,0.0,0.002273,0.0,0.0,0.0,2019-04-06
22,142,cha142,0.0,0.0001546,0.0,0.0,0.0001546,0.0,0.0,0.0,2019-04-06
23,146,cha146,0.0,0.000698,0.0,0.0,0.000698,0.0,0.0,0.0,2019-04-06
24,148,cha148,0.0,0.002992,0.0,0.0,0.002992,0.0,0.0,0.0,2019-04-06
25,153,cha153,0.0,1.289,0.0,0.0,1.289,0.0,0.0,0.0,2019-04-06
26,155,cha155,0.0,0.2424,0.0,0.0,0.2424,0.0,0.0,0.0,2019-04-06
27,158,cha158,0.0,0.0443,0.0,0.0,0.0443,0.0,0.0,0.0,2019-04-06
28,161,cha161,0.0,0.1958,0.0,0.0,0.1958,0.0,0.0,0.0,2019-04-06
29,162,cha162,0.0,0.0003891,0.0,0.0,0.0003891,0.0,0.0,0.0,2019-04-06
30,165,cha165,0.0,0.04266,0.0,0.0,0.04266,0.0,0.0,0.0,2019-04-06
31,166,cha166,0.0,0.001069,0.0,0.0,0.001069,0.0,0.0,0.0,2019-04-06
32,167,cha167,0.0,0.1942,0.0,0.0,0.1942,0.0,0.0,0.0,2019-04-06
33,168,cha168,0.0,0.0004026,0.0,0.0,0.0004026,0.0,0.0,0.0,2019-04-06
34,169,cha169,0.0,0.04106,0.0,0.0,0.04106,0.0,0.0,0.0,2019-04-06
35,170,cha170,0.0,0.002463,0.0,0.0,0.002463,0.0,0.0,0.0,2019-04-06
36,171,cha171,0.0,0.001475,0.0,0.0,0.001475,0.0,0.0,0.0,2019-04-06
37,173,cha173,0.0,0.04069,0.0,0.0,0.04069,0.0,0.0,0.0,2019-04-06
1,29,cha029,0.0,0.0,0.0,0.0,0.0,0.0,0.0,0.0,2019-04-07
2,35,cha035,0.0,0.0,0.0,0.0,0.0,0.0,0.0,0.0,2019-04-07
3,37,cha037,0.0,0.0,0.0,0.0,0.0,0.0,0.0,0.0,2019-04-07
4,38,cha038,0.0,0.03729,0.0,0.0,0.03729,0.0,0.0,0.0,2019-04-07
5,39,cha039,0.0,0.0,0.0,0.0,0.0,0.0,0.0,0.0,2019-04-07
6,41,cha041,0.0,0.0,0.0,0.0,0.0,0.0,0.0,0.0,2019-04-07
7,43,cha043,0.0,0.0,0.0,0.0,0.0,0.0,0.0,0.0,2019-04-07
8,44,cha044,0.0,0.0,0.0,0.0,0.0,0.0,0.0,0.0,2019-04-07
9,45,cha045,0.0,0.0,0.0,0.0,0.0,0.0,0.0,0.0,2019-04-07
10,50,cha050,0.0,0.0,0.0,0.0,0.0,0.0,0.0,0.0,2019-04-07
11,51,cha051,0.0,0.0,0.0,0.0,0.0,0.0,0.0,0.0,2019-04-07
12,54,cha054,0.0,0.0,0.0,0.0,0.0,0.0,0.0,0.0,2019-04-07
13,57,cha057,0.0,0.2093,0.0,0.0,0.2093,0.0,0.0,0.0,2019-04-07
14,59,cha059,0.0,0.0,0.0,0.0,0.0,0.0,0.0,0.0,2019-04-07
15,64,cha064,0.0,0.2559,0.0,0.0,0.2559,0.0,0.0,0.0,2019-04-07
16,66,cha066,0.0,0.0,0.0,0.0,0.0,0.0,0.0,0.0,2019-04-07
17,70,cha070,0.0,0.0,0.0,0.0,0.0,0.0,0.0,0.0,2019-04-07
18,71,cha071,0.0,0.0,0.0,0.0,0.0,0.0,0.0,0.0,2019-04-07
19,74,cha074,0.0,0.0,0.0,0.0,0.0,0.0,0.0,0.0,2019-04-07
20,138,cha138,0.0,0.3481,0.0,0.0,0.3481,0.0,0.0,0.0,2019-04-07
21,141,cha141,0.0,0.002199,0.0,0.0,0.002199,0.0,0.0,0.0,2019-04-07
22,142,cha142,0.0,0.0001539,0.0,0.0,0.0001539,0.0,0.0,0.0,2019-04-07
23,146,cha146,0.0,0.0006942,0.0,0.0,0.0006942,0.0,0.0,0.0,2019-04-07
24,148,cha148,0.0,0.002915,0.0,0.0,0.002915,0.0,0.0,0.0,2019-04-07
25,153,cha153,0.0,1.316,0.0,0.0,1.316,0.0,0.0,0.0,2019-04-07
26,155,cha155,0.0,0.2458,0.0,0.0,0.2458,0.0,0.0,0.0,2019-04-07
27,158,cha158,0.0,0.0447,0.0,0.0,0.0447,0.0,0.0,0.0,2019-04-07
28,161,cha161,0.0,0.1988,0.0,0.0,0.1988,0.0,0.0,0.0,2019-04-07
29,162,cha162,0.0,0.0003892,0.0,0.0,0.0003892,0.0,0.0,0.0,2019-04-07
30,165,cha165,0.0,0.04306,0.0,0.0,0.04306,0.0,0.0,0.0,2019-04-07
31,166,cha166,0.0,0.00107,0.0,0.0,0.00107,0.0,0.0,0.0,2019-04-07
32,167,cha167,0.0,0.1973,0.0,0.0,0.1973,0.0,0.0,0.0,2019-04-07
33,168,cha168,0.0,0.0004045,0.0,0.0,0.0004045,0.0,0.0,0.0,2019-04-07
34,169,cha169,0.0,0.04145,0.0,0.0,0.04145,0.0,0.0,0.0,2019-04-07
35,170,cha170,0.0,0.002474,0.0,0.0,0.002474,0.0,0.0,0.0,2019-04-07
36,171,cha171,0.0,0.001479,0.0,0.0,0.001479,0.0,0.0,0.0,2019-04-07
37,173,cha173,0.0,0.04108,0.0,0.0,0.04108,0.0,0.0,0.0,2019-04-07
1,29,cha029,0.0,0.0,0.0,0.0,0.0,0.0,0.0,0.0,2019-04-08
2,35,cha035,0.0,0.0,0.0,0.0,0.0,0.0,0.0,0.0,2019-04-08
3,37,cha037,0.0,0.0,0.0,0.0,0.0,0.0,0.0,0.0,2019-04-08
4,38,cha038,0.0,0.03764,0.0,0.0,0.03764,0.0,0.0,0.0,2019-04-08
5,39,cha039,0.0,0.0,0.0,0.0,0.0,0.0,0.0,0.0,2019-04-08
6,41,cha041,0.0,0.0,0.0,0.0,0.0,0.0,0.0,0.0,2019-04-08
7,43,cha043,0.0,0.0,0.0,0.0,0.0,0.0,0.0,0.0,2019-04-08
8,44,cha044,0.0,0.0,0.0,0.0,0.0,0.0,0.0,0.0,2019-04-08
9,45,cha045,0.0,0.0,0.0,0.0,0.0,0.0,0.0,0.0,2019-04-08
10,50,cha050,0.0,0.0,0.0,0.0,0.0,0.0,0.0,0.0,2019-04-08
11,51,cha051,0.0,0.0,0.0,0.0,0.0,0.0,0.0,0.0,2019-04-08
12,54,cha054,0.0,0.0,0.0,0.0,0.0,0.0,0.0,0.0,2019-04-08
13,57,cha057,0.0,0.2124,0.0,0.0,0.2124,0.0,0.0,0.0,2019-04-08
14,59,cha059,0.0,0.0,0.0,0.0,0.0,0.0,0.0,0.0,2019-04-08
15,64,cha064,0.0,0.2591,0.0,0.0,0.2591,0.0,0.0,0.0,2019-04-08
16,66,cha066,0.0,0.0,0.0,0.0,0.0,0.0,0.0,0.0,2019-04-08
17,70,cha070,0.0,0.0,0.0,0.0,0.0,0.0,0.0,0.0,2019-04-08
18,71,cha071,0.0,0.0,0.0,0.0,0.0,0.0,0.0,0.0,2019-04-08
19,74,cha074,0.0,0.0,0.0,0.0,0.0,0.0,0.0,0.0,2019-04-08
20,138,cha138,0.0,0.3523,0.0,0.0,0.3523,0.0,0.0,0.0,2019-04-08
21,141,cha141,0.0,0.002153,0.0,0.0,0.002153,0.0,0.0,0.0,2019-04-08
22,142,cha142,0.0,0.0001535,0.0,0.0,0.0001535,0.0,0.0,0.0,2019-04-08
23,146,cha146,0.0,0.0006918,0.0,0.0,0.0006918,0.0,0.0,0.0,2019-04-08
24,148,cha148,0.0,0.002866,0.0,0.0,0.002866,0.0,0.0,0.0,2019-04-08
25,153,cha153,0.0,1.339,0.0,0.0,1.339,0.0,0.0,0.0,2019-04-08
26,155,cha155,0.0,0.2487,0.0,0.0,0.2487,0.0,0.0,0.0,2019-04-08
27,158,cha158,0.0,0.04507,0.0,0.0,0.04507,0.0,0.0,0.0,2019-04-08
28,161,cha161,0.0,0.2014,0.0,0.0,0.2014,0.0,0.0,0.0,2019-04-08
29,162,cha162,0.0,0.0003896,0.0,0.0,0.0003896,0.0,0.0,0.0,2019-04-08
30,165,cha165,0.0,0.04344,0.0,0.0,0.04344,0.0,0.0,0.0,2019-04-08
31,166,cha166,0.0,0.001074,0.0,0.0,0.001074,0.0,0.0,0.0,2019-04-08
32,167,cha167,0.0,0.1998,0.0,0.0,0.1998,0.0,0.0,0.0,2019-04-08
33,168,cha168,0.0,0.0004064,0.0,0.0,0.0004064,0.0,0.0,0.0,2019-04-08
34,169,cha169,0.0,0.04181,0.0,0.0,0.04181,0.0,0.0,0.0,2019-04-08
35,170,cha170,0.0,0.002487,0.0,0.0,0.002487,0.0,0.0,0.0,2019-04-08
36,171,cha171,0.0,0.001485,0.0,0.0,0.001485,0.0,0.0,0.0,2019-04-08
37,173,cha173,0.0,0.04145,0.0,0.0,0.04145,0.0,0.0,0.0,2019-04-08
1,29,cha029,0.0,0.0,0.0,0.0,0.0,0.0,0.0,0.0,2019-04-09
2,35,cha035,0.0,0.0,0.0,0.0,0.0,0.0,0.0,0.0,2019-04-09
3,37,cha037,0.0,0.0,0.0,0.0,0.0,0.0,0.0,0.0,2019-04-09
4,38,cha038,0.0,0.03804,0.0,0.0,0.03804,0.0,0.0,0.0,2019-04-09
5,39,cha039,0.0,0.0,0.0,0.0,0.0,0.0,0.0,0.0,2019-04-09
6,41,cha041,0.0,0.0,0.0,0.0,0.0,0.0,0.0,0.0,2019-04-09
7,43,cha043,0.0,0.0,0.0,0.0,0.0,0.0,0.0,0.0,2019-04-09
8,44,cha044,0.0,0.0,0.0,0.0,0.0,0.0,0.0,0.0,2019-04-09
9,45,cha045,0.0,0.0,0.0,0.0,0.0,0.0,0.0,0.0,2019-04-09
10,50,cha050,0.0,0.0,0.0,0.0,0.0,0.0,0.0,0.0,2019-04-09
11,51,cha051,0.0,0.0,0.0,0.0,0.0,0.0,0.0,0.0,2019-04-09
12,54,cha054,0.0,0.0,0.0,0.0,0.0,0.0,0.0,0.0,2019-04-09
13,57,cha057,0.0,0.2172,0.0,0.0,0.2172,0.0,0.0,0.0,2019-04-09
14,59,cha059,0.0,0.0,0.0,0.0,0.0,0.0,0.0,0.0,2019-04-09
15,64,cha064,0.0,0.263,0.0,0.0,0.263,0.0,0.0,0.0,2019-04-09
16,66,cha066,0.0,0.0,0.0,0.0,0.0,0.0,0.0,0.0,2019-04-09
17,70,cha070,0.0,0.0,0.0,0.0,0.0,0.0,0.0,0.0,2019-04-09
18,71,cha071,0.0,0.0,0.0,0.0,0.0,0.0,0.0,0.0,2019-04-09
19,74,cha074,0.0,0.0,0.0,0.0,0.0,0.0,0.0,0.0,2019-04-09
20,138,cha138,0.0,0.4441,0.0,0.0,0.4441,0.0,0.0,0.0,2019-04-09
21,141,cha141,0.0,0.06372,0.0,0.0,0.06372,0.0,0.0,0.0,2019-04-09
22,142,cha142,0.0,0.0005013,0.0,0.0,0.0005013,0.0,0.0,0.0,2019-04-09
23,146,cha146,0.0,0.01568,0.0,0.0,0.01568,0.0,0.0,0.0,2019-04-09
24,148,cha148,0.0,0.08908,0.0,0.0,0.08908,0.0,0.0,0.0,2019-04-09
25,153,cha153,0.0,1.985,0.0,0.0,1.985,0.0,0.0,0.0,2019-04-09
26,155,cha155,0.0,0.8739,0.0,0.0,0.8739,0.0,0.0,0.0,2019-04-09
27,158,cha158,0.0,0.4131,0.0,0.0,0.4131,0.0,0.0,0.0,2019-04-09
28,161,cha161,0.0,0.6952,0.0,0.0,0.6952,0.0,0.0,0.0,2019-04-09
29,162,cha162,0.0,0.02559,0.0,0.0,0.02559,0.0,0.0,0.0,2019-04-09
30,165,cha165,0.0,0.324,0.0,0.0,0.324,0.0,0.0,0.0,2019-04-09
31,166,cha166,0.0,0.02407,0.0,0.0,0.02407,0.0,0.0,0.0,2019-04-09
32,167,cha167,0.0,0.5934,0.0,0.0,0.5934,0.0,0.0,0.0,2019-04-09
33,168,cha168,0.0,0.02209,0.0,0.0,0.02209,0.0,0.0,0.0,2019-04-09
34,169,cha169,0.0,0.2376,0.0,0.0,0.2376,0.0,0.0,0.0,2019-04-09
35,170,cha170,0.0,0.0889,0.0,0.0,0.0889,0.0,0.0,0.0,2019-04-09
36,171,cha171,0.0,0.04977,0.0,0.0,0.04977,0.0,0.0,0.0,2019-04-09
37,173,cha173,0.0,0.1771,0.0,0.0,0.1771,0.0,0.0,0.0,2019-04-09
1,29,cha029,0.0,0.0,0.0,0.0,0.0,0.0,0.0,0.0,2019-04-10
2,35,cha035,0.0,0.0,0.0,0.0,0.0,0.0,0.0,0.0,2019-04-10
3,37,cha037,0.0,0.0,0.0,0.0,0.0,0.0,0.0,0.0,2019-04-10
4,38,cha038,0.0,0.03846,0.0,0.0,0.03846,0.0,0.0,0.0,2019-04-10
5,39,cha039,0.0,0.0,0.0,0.0,0.0,0.0,0.0,0.0,2019-04-10
6,41,cha041,0.0,0.0,0.0,0.0,0.0,0.0,0.0,0.0,2019-04-10
7,43,cha043,0.0,0.0,0.0,0.0,0.0,0.0,0.0,0.0,2019-04-10
8,44,cha044,0.0,0.0,0.0,0.0,0.0,0.0,0.0,0.0,2019-04-10
9,45,cha045,0.0,0.0,0.0,0.0,0.0,0.0,0.0,0.0,2019-04-10
10,50,cha050,0.0,0.0,0.0,0.0,0.0,0.0,0.0,0.0,2019-04-10
11,51,cha051,0.0,0.0,0.0,0.0,0.0,0.0,0.0,0.0,2019-04-10
12,54,cha054,0.0,0.0,0.0,0.0,0.0,0.0,0.0,0.0,2019-04-10
13,57,cha057,0.0,0.2227,0.0,0.0,0.2227,0.0,0.0,0.0,2019-04-10
14,59,cha059,0.0,0.0,0.0,0.0,0.0,0.0,0.0,0.0,2019-04-10
15,64,cha064,0.0,0.2679,0.0,0.0,0.2679,0.0,0.0,0.0,2019-04-10
16,66,cha066,0.0,0.0,0.0,0.0,0.0,0.0,0.0,0.0,2019-04-10
17,70,cha070,0.0,0.0,0.0,0.0,0.0,0.0,0.0,0.0,2019-04-10
18,71,cha071,0.0,0.0,0.0,0.0,0.0,0.0,0.0,0.0,2019-04-10
19,74,cha074,0.0,0.0,0.0,0.0,0.0,0.0,0.0,0.0,2019-04-10
20,138,cha138,0.0,0.4126,0.0,0.0,0.4126,0.0,0.0,0.0,2019-04-10
21,141,cha141,0.0,0.03823,0.0,0.0,0.03823,0.0,0.0,0.0,2019-04-10
22,142,cha142,0.0,0.0003358,0.0,0.0,0.0003358,0.0,0.0,0.0,2019-04-10
23,146,cha146,0.0,0.007989,0.0,0.0,0.007989,0.0,0.0,0.0,2019-04-10
24,148,cha148,0.0,0.05074,0.0,0.0,0.05074,0.0,0.0,0.0,2019-04-10
25,153,cha153,0.0,1.7,0.0,0.0,1.7,0.0,0.0,0.0,2019-04-10
26,155,cha155,0.0,0.5641,0.0,0.0,0.5641,0.0,0.0,0.0,2019-04-10
27,158,cha158,0.0,0.2283,0.0,0.0,0.2283,0.0,0.0,0.0,2019-04-10
28,161,cha161,0.0,0.4545,0.0,0.0,0.4545,0.0,0.0,0.0,2019-04-10
29,162,cha162,0.0,0.01355,0.0,0.0,0.01355,0.0,0.0,0.0,2019-04-10
30,165,cha165,0.0,0.1848,0.0,0.0,0.1848,0.0,0.0,0.0,2019-04-10
31,166,cha166,0.0,0.01392,0.0,0.0,0.01392,0.0,0.0,0.0,2019-04-10
32,167,cha167,0.0,0.4018,0.0,0.0,0.4018,0.0,0.0,0.0,2019-04-10
33,168,cha168,0.0,0.01064,0.0,0.0,0.01064,0.0,0.0,0.0,2019-04-10
34,169,cha169,0.0,0.1421,0.0,0.0,0.1421,0.0,0.0,0.0,2019-04-10
35,170,cha170,0.0,0.04577,0.0,0.0,0.04577,0.0,0.0,0.0,2019-04-10
36,171,cha171,0.0,0.02593,0.0,0.0,0.02593,0.0,0.0,0.0,2019-04-10
37,173,cha173,0.0,0.1106,0.0,0.0,0.1106,0.0,0.0,0.0,2019-04-10
1,29,cha029,0.0,0.0,0.0,0.0,0.0,0.0,0.0,0.0,2019-04-11
2,35,cha035,0.0,0.0,0.0,0.0,0.0,0.0,0.0,0.0,2019-04-11
3,37,cha037,0.0,0.0,0.0,0.0,0.0,0.0,0.0,0.0,2019-04-11
4,38,cha038,0.0,0.03886,0.0,0.0,0.03886,0.0,0.0,0.0,2019-04-11
5,39,cha039,0.0,0.0,0.0,0.0,0.0,0.0,0.0,0.0,2019-04-11
6,41,cha041,0.0,0.0,0.0,0.0,0.0,0.0,0.0,0.0,2019-04-11
7,43,cha043,0.0,0.0,0.0,0.0,0.0,0.0,0.0,0.0,2019-04-11
8,44,cha044,0.0,0.0,0.0,0.0,0.0,0.0,0.0,0.0,2019-04-11
9,45,cha045,0.0,0.0,0.0,0.0,0.0,0.0,0.0,0.0,2019-04-11
10,50,cha050,0.0,0.0,0.0,0.0,0.0,0.0,0.0,0.0,2019-04-11
11,51,cha051,0.0,0.0,0.0,0.0,0.0,0.0,0.0,0.0,2019-04-11
12,54,cha054,0.0,0.0,0.0,0.0,0.0,0.0,0.0,0.0,2019-04-11
13,57,cha057,0.0,0.2273,0.0,0.0,0.2273,0.0,0.0,0.0,2019-04-11
14,59,cha059,0.0,0.0,0.0,0.0,0.0,0.0,0.0,0.0,2019-04-11
15,64,cha064,0.0,0.2719,0.0,0.0,0.2719,0.0,0.0,0.0,2019-04-11
16,66,cha066,0.0,0.0,0.0,0.0,0.0,0.0,0.0,0.0,2019-04-11
17,70,cha070,0.0,0.0,0.0,0.0,0.0,0.0,0.0,0.0,2019-04-11
18,71,cha071,0.0,0.0,0.0,0.0,0.0,0.0,0.0,0.0,2019-04-11
19,74,cha074,0.0,0.0,0.0,0.0,0.0,0.0,0.0,0.0,2019-04-11
20,138,cha138,0.0,0.3977,0.0,0.0,0.3977,0.0,0.0,0.0,2019-04-11
21,141,cha141,0.0,0.02367,0.0,0.0,0.02367,0.0,0.0,0.0,2019-04-11
22,142,cha142,0.0,0.0002488,0.0,0.0,0.0002488,0.0,0.0,0.0,2019-04-11
23,146,cha146,0.0,0.004331,0.0,0.0,0.004331,0.0,0.0,0.0,2019-04-11
24,148,cha148,0.0,0.03024,0.0,0.0,0.03024,0.0,0.0,0.0,2019-04-11
25,153,cha153,0.0,1.573,0.0,0.0,1.573,0.0,0.0,0.0,2019-04-11
26,155,cha155,0.0,0.4161,0.0,0.0,0.4161,0.0,0.0,0.0,2019-04-11
27,158,cha158,0.0,0.1389,0.0,0.0,0.1389,0.0,0.0,0.0,2019-04-11
28,161,cha161,0.0,0.3385,0.0,0.0,0.3385,0.0,0.0,0.0,2019-04-11
29,162,cha162,0.0,0.007263,0.0,0.0,0.007263,0.0,0.0,0.0,2019-04-11
30,165,cha165,0.0,0.1161,0.0,0.0,0.1161,0.0,0.0,0.0,2019-04-11
31,166,cha166,0.0,0.008263,0.0,0.0,0.008263,0.0,0.0,0.0,2019-04-11
32,167,cha167,0.0,0.31,0.0,0.0,0.31,0.0,0.0,0.0,2019-04-11
33,168,cha168,0.0,0.005239,0.0,0.0,0.005239,0.0,0.0,0.0,2019-04-11
34,169,cha169,0.0,0.09432,0.0,0.0,0.09432,0.0,0.0,0.0,2019-04-11
35,170,cha170,0.0,0.02443,0.0,0.0,0.02443,0.0,0.0,0.0,2019-04-11
36,171,cha171,0.0,0.01409,0.0,0.0,0.01409,0.0,0.0,0.0,2019-04-11
37,173,cha173,0.0,0.07751,0.0,0.0,0.07751,0.0,0.0,0.0,2019-04-11
1,29,cha029,0.0,0.0,0.0,0.0,0.0,0.0,0.0,0.0,2019-04-12
2,35,cha035,0.0,0.0,0.0,0.0,0.0,0.0,0.0,0.0,2019-04-12
3,37,cha037,0.0,0.0,0.0,0.0,0.0,0.0,0.0,0.0,2019-04-12
4,38,cha038,0.0,0.03922,0.0,0.0,0.03922,0.0,0.0,0.0,2019-04-12
5,39,cha039,0.0,0.0,0.0,0.0,0.0,0.0,0.0,0.0,2019-04-12
6,41,cha041,0.0,0.0,0.0,0.0,0.0,0.0,0.0,0.0,2019-04-12
7,43,cha043,0.0,0.0,0.0,0.0,0.0,0.0,0.0,0.0,2019-04-12
8,44,cha044,0.0,0.0,0.0,0.0,0.0,0.0,0.0,0.0,2019-04-12
9,45,cha045,0.0,0.0,0.0,0.0,0.0,0.0,0.0,0.0,2019-04-12
10,50,cha050,0.0,0.0,0.0,0.0,0.0,0.0,0.0,0.0,2019-04-12
11,51,cha051,0.0,0.0,0.0,0.0,0.0,0.0,0.0,0.0,2019-04-12
12,54,cha054,0.0,0.0,0.0,0.0,0.0,0.0,0.0,0.0,2019-04-12
13,57,cha057,0.0,0.2312,0.0,0.0,0.2312,0.0,0.0,0.0,2019-04-12
14,59,cha059,0.0,0.0,0.0,0.0,0.0,0.0,0.0,0.0,2019-04-12
15,64,cha064,0.0,0.2752,0.0,0.0,0.2752,0.0,0.0,0.0,2019-04-12
16,66,cha066,0.0,0.0,0.0,0.0,0.0,0.0,0.0,0.0,2019-04-12
17,70,cha070,0.0,0.0,0.0,0.0,0.0,0.0,0.0,0.0,2019-04-12
18,71,cha071,0.0,0.0,0.0,0.0,0.0,0.0,0.0,0.0,2019-04-12
19,74,cha074,0.0,0.0,0.0,0.0,0.0,0.0,0.0,0.0,2019-04-12
20,138,cha138,0.0,0.3909,0.0,0.0,0.3909,0.0,0.0,0.0,2019-04-12
21,141,cha141,0.0,0.01511,0.0,0.0,0.01511,0.0,0.0,0.0,2019-04-12
22,142,cha142,0.0,0.0002031,0.0,0.0,0.0002031,0.0,0.0,0.0,2019-04-12
23,146,cha146,0.0,0.002546,0.0,0.0,0.002546,0.0,0.0,0.0,2019-04-12
24,148,cha148,0.0,0.01882,0.0,0.0,0.01882,0.0,0.0,0.0,2019-04-12
25,153,cha153,0.0,1.519,0.0,0.0,1.519,0.0,0.0,0.0,2019-04-12
26,155,cha155,0.0,0.3441,0.0,0.0,0.3441,0.0,0.0,0.0,2019-04-12
27,158,cha158,0.0,0.09447,0.0,0.0,0.09447,0.0,0.0,0.0,2019-04-12
28,161,cha161,0.0,0.2813,0.0,0.0,0.2813,0.0,0.0,0.0,2019-04-12
29,162,cha162,0.0,0.003981,0.0,0.0,0.003981,0.0,0.0,0.0,2019-04-12
30,165,cha165,0.0,0.08172,0.0,0.0,0.08172,0.0,0.0,0.0,2019-04-12
31,166,cha166,0.0,0.005107,0.0,0.0,0.005107,0.0,0.0,0.0,2019-04-12
32,167,cha167,0.0,0.2654,0.0,0.0,0.2654,0.0,0.0,0.0,2019-04-12
33,168,cha168,0.0,0.002693,0.0,0.0,0.002693,0.0,0.0,0.0,2019-04-12
34,169,cha169,0.0,0.07013,0.0,0.0,0.07013,0.0,0.0,0.0,2019-04-12
35,170,cha170,0.0,0.01375,0.0,0.0,0.01375,0.0,0.0,0.0,2019-04-12
36,171,cha171,0.0,0.00809,0.0,0.0,0.00809,0.0,0.0,0.0,2019-04-12
37,173,cha173,0.0,0.06094,0.0,0.0,0.06094,0.0,0.0,0.0,2019-04-12
1,29,cha029,0.0,0.0,0.0,0.0,0.0,0.0,0.0,0.0,2019-04-13
2,35,cha035,0.0,0.0,0.0,0.0,0.0,0.0,0.0,0.0,2019-04-13
3,37,cha037,0.0,0.0,0.0,0.0,0.0,0.0,0.0,0.0,2019-04-13
4,38,cha038,0.0,0.03955,0.0,0.0,0.03955,0.0,0.0,0.0,2019-04-13
5,39,cha039,0.0,0.0,0.0,0.0,0.0,0.0,0.0,0.0,2019-04-13
6,41,cha041,0.0,0.0,0.0,0.0,0.0,0.0,0.0,0.0,2019-04-13
7,43,cha043,0.0,0.0,0.0,0.0,0.0,0.0,0.0,0.0,2019-04-13
8,44,cha044,0.0,0.0,0.0,0.0,0.0,0.0,0.0,0.0,2019-04-13
9,45,cha045,0.0,0.0,0.0,0.0,0.0,0.0,0.0,0.0,2019-04-13
10,50,cha050,0.0,0.0,0.0,0.0,0.0,0.0,0.0,0.0,2019-04-13
11,51,cha051,0.0,0.0,0.0,0.0,0.0,0.0,0.0,0.0,2019-04-13
12,54,cha054,0.0,0.0,0.0,0.0,0.0,0.0,0.0,0.0,2019-04-13
13,57,cha057,0.0,0.2345,0.0,0.0,0.2345,0.0,0.0,0.0,2019-04-13
14,59,cha059,0.0,0.0,0.0,0.0,0.0,0.0,0.0,0.0,2019-04-13
15,64,cha064,0.0,0.2778,0.0,0.0,0.2778,0.0,0.0,0.0,2019-04-13
16,66,cha066,0.0,0.0,0.0,0.0,0.0,0.0,0.0,0.0,2019-04-13
17,70,cha070,0.0,0.0,0.0,0.0,0.0,0.0,0.0,0.0,2019-04-13
18,71,cha071,0.0,0.0,0.0,0.0,0.0,0.0,0.0,0.0,2019-04-13
19,74,cha074,0.0,0.0,0.0,0.0,0.0,0.0,0.0,0.0,2019-04-13
20,138,cha138,0.0,0.388,0.0,0.0,0.388,0.0,0.0,0.0,2019-04-13
21,141,cha141,0.0,0.01,0.0,0.0,0.01,0.0,0.0,0.0,2019-04-13
22,142,cha142,0.0,0.000179,0.0,0.0,0.000179,0.0,0.0,0.0,2019-04-13
23,146,cha146,0.0,0.001653,0.0,0.0,0.001653,0.0,0.0,0.0,2019-04-13
24,148,cha148,0.0,0.01227,0.0,0.0,0.01227,0.0,0.0,0.0,2019-04-13
25,153,cha153,0.0,1.498,0.0,0.0,1.498,0.0,0.0,0.0,2019-04-13
26,155,cha155,0.0,0.3089,0.0,0.0,0.3089,0.0,0.0,0.0,2019-04-13
27,158,cha158,0.0,0.07201,0.0,0.0,0.07201,0.0,0.0,0.0,2019-04-13
28,161,cha161,0.0,0.253,0.0,0.0,0.253,0.0,0.0,0.0,2019-04-13
29,162,cha162,0.0,0.002267,0.0,0.0,0.002267,0.0,0.0,0.0,2019-04-13
30,165,cha165,0.0,0.06443,0.0,0.0,0.06443,0.0,0.0,0.0,2019-04-13
31,166,cha166,0.0,0.003349,0.0,0.0,0.003349,0.0,0.0,0.0,2019-04-13
32,167,cha167,0.0,0.2436,0.0,0.0,0.2436,0.0,0.0,0.0,2019-04-13
33,168,cha168,0.0,0.001492,0.0,0.0,0.001492,0.0,0.0,0.0,2019-04-13
34,169,cha169,0.0,0.05782,0.0,0.0,0.05782,0.0,0.0,0.0,2019-04-13
35,170,cha170,0.0,0.00835,0.0,0.0,0.00835,0.0,0.0,0.0,2019-04-13
36,171,cha171,0.0,0.005005,0.0,0.0,0.005005,0.0,0.0,0.0,2019-04-13
37,173,cha173,0.0,0.05267,0.0,0.0,0.05267,0.0,0.0,0.0,2019-04-13
1,29,cha029,0.0,0.0,0.0,0.0,0.0,0.0,0.0,0.0,2019-04-14
2,35,cha035,0.0,0.0,0.0,0.0,0.0,0.0,0.0,0.0,2019-04-14
3,37,cha037,0.0,0.0,0.0,0.0,0.0,0.0,0.0,0.0,2019-04-14
4,38,cha038,0.0,0.03983,0.0,0.0,0.03983,0.0,0.0,0.0,2019-04-14
5,39,cha039,0.0,0.0,0.0,0.0,0.0,0.0,0.0,0.0,2019-04-14
6,41,cha041,0.0,0.0,0.0,0.0,0.0,0.0,0.0,0.0,2019-04-14
7,43,cha043,0.0,0.0,0.0,0.0,0.0,0.0,0.0,0.0,2019-04-14
8,44,cha044,0.0,0.0,0.0,0.0,0.0,0.0,0.0,0.0,2019-04-14
9,45,cha045,0.0,0.0,0.0,0.0,0.0,0.0,0.0,0.0,2019-04-14
10,50,cha050,0.0,0.0,0.0,0.0,0.0,0.0,0.0,0.0,2019-04-14
11,51,cha051,0.0,0.0,0.0,0.0,0.0,0.0,0.0,0.0,2019-04-14
12,54,cha054,0.0,0.0,0.0,0.0,0.0,0.0,0.0,0.0,2019-04-14
13,57,cha057,0.0,0.2371,0.0,0.0,0.2371,0.0,0.0,0.0,2019-04-14
14,59,cha059,0.0,0.0,0.0,0.0,0.0,0.0,0.0,0.0,2019-04-14
15,64,cha064,0.0,0.2798,0.0,0.0,0.2798,0.0,0.0,0.0,2019-04-14
16,66,cha066,0.0,0.0,0.0,0.0,0.0,0.0,0.0,0.0,2019-04-14
17,70,cha070,0.0,0.0,0.0,0.0,0.0,0.0,0.0,0.0,2019-04-14
18,71,cha071,0.0,0.0,0.0,0.0,0.0,0.0,0.0,0.0,2019-04-14
19,74,cha074,0.0,0.0,0.0,0.0,0.0,0.0,0.0,0.0,2019-04-14
20,138,cha138,0.0,0.387,0.0,0.0,0.387,0.0,0.0,0.0,2019-04-14
21,141,cha141,0.0,0.006918,0.0,0.0,0.006918,0.0,0.0,0.0,2019-04-14
22,142,cha142,0.0,0.0001662,0.0,0.0,0.0001662,0.0,0.0,0.0,2019-04-14
23,146,cha146,0.0,0.001197,0.0,0.0,0.001197,0.0,0.0,0.0,2019-04-14
24,148,cha148,0.0,0.008453,0.0,0.0,0.008453,0.0,0.0,0.0,2019-04-14
25,153,cha153,0.0,1.492,0.0,0.0,1.492,0.0,0.0,0.0,2019-04-14
26,155,cha155,0.0,0.2918,0.0,0.0,0.2918,0.0,0.0,0.0,2019-04-14
27,158,cha158,0.0,0.06057,0.0,0.0,0.06057,0.0,0.0,0.0,2019-04-14
28,161,cha161,0.0,0.239,0.0,0.0,0.239,0.0,0.0,0.0,2019-04-14
29,162,cha162,0.0,0.001372,0.0,0.0,0.001372,0.0,0.0,0.0,2019-04-14
30,165,cha165,0.0,0.05571,0.0,0.0,0.05571,0.0,0.0,0.0,2019-04-14
31,166,cha166,0.0,0.002371,0.0,0.0,0.002371,0.0,0.0,0.0,2019-04-14
32,167,cha167,0.0,0.2331,0.0,0.0,0.2331,0.0,0.0,0.0,2019-04-14
33,168,cha168,0.0,0.0009263,0.0,0.0,0.0009263,0.0,0.0,0.0,2019-04-14
34,169,cha169,0.0,0.05154,0.0,0.0,0.05154,0.0,0.0,0.0,2019-04-14
35,170,cha170,0.0,0.005601,0.0,0.0,0.005601,0.0,0.0,0.0,2019-04-14
36,171,cha171,0.0,0.003398,0.0,0.0,0.003398,0.0,0.0,0.0,2019-04-14
37,173,cha173,0.0,0.04857,0.0,0.0,0.04857,0.0,0.0,0.0,2019-04-14
1,29,cha029,0.0,0.0,0.0,0.0,0.0,0.0,0.0,0.0,2019-04-15
2,35,cha035,0.0,0.0,0.0,0.0,0.0,0.0,0.0,0.0,2019-04-15
3,37,cha037,0.0,0.0,0.0,0.0,0.0,0.0,0.0,0.0,2019-04-15
4,38,cha038,0.0,0.04009,0.0,0.0,0.04009,0.0,0.0,0.0,2019-04-15
5,39,cha039,0.0,0.0,0.0,0.0,0.0,0.0,0.0,0.0,2019-04-15
6,41,cha041,0.0,0.0,0.0,0.0,0.0,0.0,0.0,0.0,2019-04-15
7,43,cha043,0.0,0.0,0.0,0.0,0.0,0.0,0.0,0.0,2019-04-15
8,44,cha044,0.0,0.0,0.0,0.0,0.0,0.0,0.0,0.0,2019-04-15
9,45,cha045,0.0,0.0,0.0,0.0,0.0,0.0,0.0,0.0,2019-04-15
10,50,cha050,0.0,0.0,0.0,0.0,0.0,0.0,0.0,0.0,2019-04-15
11,51,cha051,0.0,0.0,0.0,0.0,0.0,0.0,0.0,0.0,2019-04-15
12,54,cha054,0.0,0.0,0.0,0.0,0.0,0.0,0.0,0.0,2019-04-15
13,57,cha057,0.0,0.2391,0.0,0.0,0.2391,0.0,0.0,0.0,2019-04-15
14,59,cha059,0.0,0.0,0.0,0.0,0.0,0.0,0.0,0.0,2019-04-15
15,64,cha064,0.0,0.2812,0.0,0.0,0.2812,0.0,0.0,0.0,2019-04-15
16,66,cha066,0.0,0.0,0.0,0.0,0.0,0.0,0.0,0.0,2019-04-15
17,70,cha070,0.0,0.0,0.0,0.0,0.0,0.0,0.0,0.0,2019-04-15
18,71,cha071,0.0,0.0,0.0,0.0,0.0,0.0,0.0,0.0,2019-04-15
19,74,cha074,0.0,0.0,0.0,0.0,0.0,0.0,0.0,0.0,2019-04-15
20,138,cha138,0.0,0.3867,0.0,0.0,0.3867,0.0,0.0,0.0,2019-04-15
21,141,cha141,0.0,0.005043,0.0,0.0,0.005043,0.0,0.0,0.0,2019-04-15
22,142,cha142,0.0,0.0001595,0.0,0.0,0.0001595,0.0,0.0,0.0,2019-04-15
23,146,cha146,0.0,0.0009582,0.0,0.0,0.0009582,0.0,0.0,0.0,2019-04-15
24,148,cha148,0.0,0.006192,0.0,0.0,0.006192,0.0,0.0,0.0,2019-04-15
25,153,cha153,0.0,1.492,0.0,0.0,1.492,0.0,0.0,0.0,2019-04-15
26,155,cha155,0.0,0.2836,0.0,0.0,0.2836,0.0,0.0,0.0,2019-04-15
27,158,cha158,0.0,0.05474,0.0,0.0,0.05474,0.0,0.0,0.0,2019-04-15
28,161,cha161,0.0,0.2322,0.0,0.0,0.2322,0.0,0.0,0.0,2019-04-15
29,162,cha162,0.0,0.0009057,0.0,0.0,0.0009057,0.0,0.0,0.0,2019-04-15
30,165,cha165,0.0,0.05132,0.0,0.0,0.05132,0.0,0.0,0.0,2019-04-15
31,166,cha166,0.0,0.001828,0.0,0.0,0.001828,0.0,0.0,0.0,2019-04-15
32,167,cha167,0.0,0.2282,0.0,0.0,0.2282,0.0,0.0,0.0,2019-04-15
33,168,cha168,0.0,0.0006604,0.0,0.0,0.0006604,0.0,0.0,0.0,2019-04-15
34,169,cha169,0.0,0.04838,0.0,0.0,0.04838,0.0,0.0,0.0,2019-04-15
35,170,cha170,0.0,0.004194,0.0,0.0,0.004194,0.0,0.0,0.0,2019-04-15
36,171,cha171,0.0,0.002554,0.0,0.0,0.002554,0.0,0.0,0.0,2019-04-15
37,173,cha173,0.0,0.04658,0.0,0.0,0.04658,0.0,0.0,0.0,2019-04-15
1,29,cha029,0.0,0.0,0.0,0.0,0.0,0.0,0.0,0.0,2019-04-16
2,35,cha035,0.0,0.0,0.0,0.0,0.0,0.0,0.0,0.0,2019-04-16
3,37,cha037,0.0,0.0,0.0,0.0,0.0,0.0,0.0,0.0,2019-04-16
4,38,cha038,0.0,0.04033,0.0,0.0,0.04033,0.0,0.0,0.0,2019-04-16
5,39,cha039,0.0,0.0,0.0,0.0,0.0,0.0,0.0,0.0,2019-04-16
6,41,cha041,0.0,0.0,0.0,0.0,0.0,0.0,0.0,0.0,2019-04-16
7,43,cha043,0.0,0.0,0.0,0.0,0.0,0.0,0.0,0.0,2019-04-16
8,44,cha044,0.0,0.0,0.0,0.0,0.0,0.0,0.0,0.0,2019-04-16
9,45,cha045,0.0,0.0,0.0,0.0,0.0,0.0,0.0,0.0,2019-04-16
10,50,cha050,0.0,0.0,0.0,0.0,0.0,0.0,0.0,0.0,2019-04-16
11,51,cha051,0.0,0.0,0.0,0.0,0.0,0.0,0.0,0.0,2019-04-16
12,54,cha054,0.0,0.0,0.0,0.0,0.0,0.0,0.0,0.0,2019-04-16
13,57,cha057,0.0,0.2406,0.0,0.0,0.2406,0.0,0.0,0.0,2019-04-16
14,59,cha059,0.0,0.0,0.0,0.0,0.0,0.0,0.0,0.0,2019-04-16
15,64,cha064,0.0,0.282,0.0,0.0,0.282,0.0,0.0,0.0,2019-04-16
16,66,cha066,0.0,0.0,0.0,0.0,0.0,0.0,0.0,0.0,2019-04-16
17,70,cha070,0.0,0.0,0.0,0.0,0.0,0.0,0.0,0.0,2019-04-16
18,71,cha071,0.0,0.0,0.0,0.0,0.0,0.0,0.0,0.0,2019-04-16
19,74,cha074,0.0,0.0,0.0,0.0,0.0,0.0,0.0,0.0,2019-04-16
20,138,cha138,0.0,0.3865,0.0,0.0,0.3865,0.0,0.0,0.0,2019-04-16
21,141,cha141,0.0,0.003896,0.0,0.0,0.003896,0.0,0.0,0.0,2019-04-16
22,142,cha142,0.0,0.0001558,0.0,0.0,0.0001558,0.0,0.0,0.0,2019-04-16
23,146,cha146,0.0,0.0008318,0.0,0.0,0.0008318,0.0,0.0,0.0,2019-04-16
24,148,cha148,0.0,0.004841,0.0,0.0,0.004841,0.0,0.0,0.0,2019-04-16
25,153,cha153,0.0,1.495,0.0,0.0,1.495,0.0,0.0,0.0,2019-04-16
26,155,cha155,0.0,0.2798,0.0,0.0,0.2798,0.0,0.0,0.0,2019-04-16
27,158,cha158,0.0,0.05179,0.0,0.0,0.05179,0.0,0.0,0.0,2019-04-16
28,161,cha161,0.0,0.2289,0.0,0.0,0.2289,0.0,0.0,0.0,2019-04-16
29,162,cha162,0.0,0.0006622,0.0,0.0,0.0006622,0.0,0.0,0.0,2019-04-16
30,165,cha165,0.0,0.04916,0.0,0.0,0.04916,0.0,0.0,0.0,2019-04-16
31,166,cha166,0.0,0.001527,0.0,0.0,0.001527,0.0,0.0,0.0,2019-04-16
32,167,cha167,0.0,0.226,0.0,0.0,0.226,0.0,0.0,0.0,2019-04-16
33,168,cha168,0.0,0.0005359,0.0,0.0,0.0005359,0.0,0.0,0.0,2019-04-16
34,169,cha169,0.0,0.04683,0.0,0.0,0.04683,0.0,0.0,0.0,2019-04-16
35,170,cha170,0.0,0.003472,0.0,0.0,0.003472,0.0,0.0,0.0,2019-04-16
36,171,cha171,0.0,0.002108,0.0,0.0,0.002108,0.0,0.0,0.0,2019-04-16
37,173,cha173,0.0,0.04566,0.0,0.0,0.04566,0.0,0.0,0.0,2019-04-16
1,29,cha029,0.0,0.0,0.0,0.0,0.0,0.0,0.0,0.0,2019-04-17
2,35,cha035,0.0,0.0,0.0,0.0,0.0,0.0,0.0,0.0,2019-04-17
3,37,cha037,0.0,0.0,0.0,0.0,0.0,0.0,0.0,0.0,2019-04-17
4,38,cha038,0.0,0.04054,0.0,0.0,0.04054,0.0,0.0,0.0,2019-04-17
5,39,cha039,0.0,0.0,0.0,0.0,0.0,0.0,0.0,0.0,2019-04-17
6,41,cha041,0.0,0.0,0.0,0.0,0.0,0.0,0.0,0.0,2019-04-17
7,43,cha043,0.0,0.0,0.0,0.0,0.0,0.0,0.0,0.0,2019-04-17
8,44,cha044,0.0,0.0,0.0,0.0,0.0,0.0,0.0,0.0,2019-04-17
9,45,cha045,0.0,0.0,0.0,0.0,0.0,0.0,0.0,0.0,2019-04-17
10,50,cha050,0.0,0.0,0.0,0.0,0.0,0.0,0.0,0.0,2019-04-17
11,51,cha051,0.0,0.0,0.0,0.0,0.0,0.0,0.0,0.0,2019-04-17
12,54,cha054,0.0,0.0,0.0,0.0,0.0,0.0,0.0,0.0,2019-04-17
13,57,cha057,0.0,0.2416,0.0,0.0,0.2416,0.0,0.0,0.0,2019-04-17
14,59,cha059,0.0,0.0,0.0,0.0,0.0,0.0,0.0,0.0,2019-04-17
15,64,cha064,0.0,0.2823,0.0,0.0,0.2823,0.0,0.0,0.0,2019-04-17
16,66,cha066,0.0,0.0,0.0,0.0,0.0,0.0,0.0,0.0,2019-04-17
17,70,cha070,0.0,0.0,0.0,0.0,0.0,0.0,0.0,0.0,2019-04-17
18,71,cha071,0.0,0.0,0.0,0.0,0.0,0.0,0.0,0.0,2019-04-17
19,74,cha074,0.0,0.0,0.0,0.0,0.0,0.0,0.0,0.0,2019-04-17
20,138,cha138,0.0,0.3862,0.0,0.0,0.3862,0.0,0.0,0.0,2019-04-17
21,141,cha141,0.0,0.003192,0.0,0.0,0.003192,0.0,0.0,0.0,2019-04-17
22,142,cha142,0.0,0.0001538,0.0,0.0,0.0001538,0.0,0.0,0.0,2019-04-17
23,146,cha146,0.0,0.0007637,0.0,0.0,0.0007637,0.0,0.0,0.0,2019-04-17
24,148,cha148,0.0,0.004027,0.0,0.0,0.004027,0.0,0.0,0.0,2019-04-17
25,153,cha153,0.0,1.496,0.0,0.0,1.496,0.0,0.0,0.0,2019-04-17
26,155,cha155,0.0,0.2781,0.0,0.0,0.2781,0.0,0.0,0.0,2019-04-17
27,158,cha158,0.0,0.05034,0.0,0.0,0.05034,0.0,0.0,0.0,2019-04-17
28,161,cha161,0.0,0.2274,0.0,0.0,0.2274,0.0,0.0,0.0,2019-04-17
29,162,cha162,0.0,0.0005353,0.0,0.0,0.0005353,0.0,0.0,0.0,2019-04-17
30,165,cha165,0.0,0.04813,0.0,0.0,0.04813,0.0,0.0,0.0,2019-04-17
31,166,cha166,0.0,0.001362,0.0,0.0,0.001362,0.0,0.0,0.0,2019-04-17
32,167,cha167,0.0,0.225,0.0,0.0,0.225,0.0,0.0,0.0,2019-04-17
33,168,cha168,0.0,0.0004779,0.0,0.0,0.0004779,0.0,0.0,0.0,2019-04-17
34,169,cha169,0.0,0.0461,0.0,0.0,0.0461,0.0,0.0,0.0,2019-04-17
35,170,cha170,0.0,0.003102,0.0,0.0,0.003102,0.0,0.0,0.0,2019-04-17
36,171,cha171,0.0,0.001873,0.0,0.0,0.001873,0.0,0.0,0.0,2019-04-17
37,173,cha173,0.0,0.04528,0.0,0.0,0.04528,0.0,0.0,0.0,2019-04-17
1,29,cha029,0.0,0.0,0.0,0.0,0.0,0.0,0.0,0.0,2019-04-18
2,35,cha035,0.0,0.0,0.0,0.0,0.0,0.0,0.0,0.0,2019-04-18
3,37,cha037,0.0,0.0,0.0,0.0,0.0,0.0,0.0,0.0,2019-04-18
4,38,cha038,0.0,0.04073,0.0,0.0,0.04073,0.0,0.0,0.0,2019-04-18
5,39,cha039,0.0,0.0,0.0,0.0,0.0,0.0,0.0,0.0,2019-04-18
6,41,cha041,0.0,0.0,0.0,0.0,0.0,0.0,0.0,0.0,2019-04-18
7,43,cha043,0.0,0.0,0.0,0.0,0.0,0.0,0.0,0.0,2019-04-18
8,44,cha044,0.0,0.0,0.0,0.0,0.0,0.0,0.0,0.0,2019-04-18
9,45,cha045,0.0,0.0,0.0,0.0,0.0,0.0,0.0,0.0,2019-04-18
10,50,cha050,0.0,0.0,0.0,0.0,0.0,0.0,0.0,0.0,2019-04-18
11,51,cha051,0.0,0.0,0.0,0.0,0.0,0.0,0.0,0.0,2019-04-18
12,54,cha054,0.0,0.0,0.0,0.0,0.0,0.0,0.0,0.0,2019-04-18
13,57,cha057,0.0,0.2421,0.0,0.0,0.2421,0.0,0.0,0.0,2019-04-18
14,59,cha059,0.0,0.0,0.0,0.0,0.0,0.0,0.0,0.0,2019-04-18
15,64,cha064,0.0,0.2821,0.0,0.0,0.2821,0.0,0.0,0.0,2019-04-18
16,66,cha066,0.0,0.0,0.0,0.0,0.0,0.0,0.0,0.0,2019-04-18
17,70,cha070,0.0,0.0,0.0,0.0,0.0,0.0,0.0,0.0,2019-04-18
18,71,cha071,0.0,0.0,0.0,0.0,0.0,0.0,0.0,0.0,2019-04-18
19,74,cha074,0.0,0.0,0.0,0.0,0.0,0.0,0.0,0.0,2019-04-18
20,138,cha138,0.0,0.3856,0.0,0.0,0.3856,0.0,0.0,0.0,2019-04-18
21,141,cha141,0.0,0.002758,0.0,0.0,0.002758,0.0,0.0,0.0,2019-04-18
22,142,cha142,0.0,0.0001527,0.0,0.0,0.0001527,0.0,0.0,0.0,2019-04-18
23,146,cha146,0.0,0.0007266,0.0,0.0,0.0007266,0.0,0.0,0.0,2019-04-18
24,148,cha148,0.0,0.003534,0.0,0.0,0.003534,0.0,0.0,0.0,2019-04-18
25,153,cha153,0.0,1.497,0.0,0.0,1.497,0.0,0.0,0.0,2019-04-18
26,155,cha155,0.0,0.2774,0.0,0.0,0.2774,0.0,0.0,0.0,2019-04-18
27,158,cha158,0.0,0.04967,0.0,0.0,0.04967,0.0,0.0,0.0,2019-04-18
28,161,cha161,0.0,0.2266,0.0,0.0,0.2266,0.0,0.0,0.0,2019-04-18
29,162,cha162,0.0,0.0004693,0.0,0.0,0.0004693,0.0,0.0,0.0,2019-04-18
30,165,cha165,0.0,0.0477,0.0,0.0,0.0477,0.0,0.0,0.0,2019-04-18
31,166,cha166,0.0,0.001272,0.0,0.0,0.001272,0.0,0.0,0.0,2019-04-18
32,167,cha167,0.0,0.2246,0.0,0.0,0.2246,0.0,0.0,0.0,2019-04-18
33,168,cha168,0.0,0.0004514,0.0,0.0,0.0004514,0.0,0.0,0.0,2019-04-18
34,169,cha169,0.0,0.04581,0.0,0.0,0.04581,0.0,0.0,0.0,2019-04-18
35,170,cha170,0.0,0.002916,0.0,0.0,0.002916,0.0,0.0,0.0,2019-04-18
36,171,cha171,0.0,0.001749,0.0,0.0,0.001749,0.0,0.0,0.0,2019-04-18
37,173,cha173,0.0,0.04519,0.0,0.0,0.04519,0.0,0.0,0.0,2019-04-18
1,29,cha029,0.0,0.0,0.0,0.0,0.0,0.0,0.0,0.0,2019-04-19
2,35,cha035,0.0,0.0,0.0,0.0,0.0,0.0,0.0,0.0,2019-04-19
3,37,cha037,0.0,0.0,0.0,0.0,0.0,0.0,0.0,0.0,2019-04-19
4,38,cha038,0.0,0.04091,0.0,0.0,0.04091,0.0,0.0,0.0,2019-04-19
5,39,cha039,0.0,0.0,0.0,0.0,0.0,0.0,0.0,0.0,2019-04-19
6,41,cha041,0.0,0.0,0.0,0.0,0.0,0.0,0.0,0.0,2019-04-19
7,43,cha043,0.0,0.0,0.0,0.0,0.0,0.0,0.0,0.0,2019-04-19
8,44,cha044,0.0,0.0,0.0,0.0,0.0,0.0,0.0,0.0,2019-04-19
9,45,cha045,0.0,0.0,0.0,0.0,0.0,0.0,0.0,0.0,2019-04-19
10,50,cha050,0.0,0.0,0.0,0.0,0.0,0.0,0.0,0.0,2019-04-19
11,51,cha051,0.0,0.0,0.0,0.0,0.0,0.0,0.0,0.0,2019-04-19
12,54,cha054,0.0,0.0,0.0,0.0,0.0,0.0,0.0,0.0,2019-04-19
13,57,cha057,0.0,0.2423,0.0,0.0,0.2423,0.0,0.0,0.0,2019-04-19
14,59,cha059,0.0,0.0,0.0,0.0,0.0,0.0,0.0,0.0,2019-04-19
15,64,cha064,0.0,0.2815,0.0,0.0,0.2815,0.0,0.0,0.0,2019-04-19
16,66,cha066,0.0,0.0,0.0,0.0,0.0,0.0,0.0,0.0,2019-04-19
17,70,cha070,0.0,0.0,0.0,0.0,0.0,0.0,0.0,0.0,2019-04-19
18,71,cha071,0.0,0.0,0.0,0.0,0.0,0.0,0.0,0.0,2019-04-19
19,74,cha074,0.0,0.0,0.0,0.0,0.0,0.0,0.0,0.0,2019-04-19
20,138,cha138,0.0,0.3846,0.0,0.0,0.3846,0.0,0.0,0.0,2019-04-19
21,141,cha141,0.0,0.00249,0.0,0.0,0.00249,0.0,0.0,0.0,2019-04-19
22,142,cha142,0.0,0.0001521,0.0,0.0,0.0001521,0.0,0.0,0.0,2019-04-19
23,146,cha146,0.0,0.000706,0.0,0.0,0.000706,0.0,0.0,0.0,2019-04-19
24,148,cha148,0.0,0.003233,0.0,0.0,0.003233,0.0,0.0,0.0,2019-04-19
25,153,cha153,0.0,1.496,0.0,0.0,1.496,0.0,0.0,0.0,2019-04-19
26,155,cha155,0.0,0.277,0.0,0.0,0.277,0.0,0.0,0.0,2019-04-19
27,158,cha158,0.0,0.0494,0.0,0.0,0.0494,0.0,0.0,0.0,2019-04-19
28,161,cha161,0.0,0.2261,0.0,0.0,0.2261,0.0,0.0,0.0,2019-04-19
29,162,cha162,0.0,0.0004351,0.0,0.0,0.0004351,0.0,0.0,0.0,2019-04-19
30,165,cha165,0.0,0.04755,0.0,0.0,0.04755,0.0,0.0,0.0,2019-04-19
31,166,cha166,0.0,0.001225,0.0,0.0,0.001225,0.0,0.0,0.0,2019-04-19
32,167,cha167,0.0,0.2243,0.0,0.0,0.2243,0.0,0.0,0.0,2019-04-19
33,168,cha168,0.0,0.0004397,0.0,0.0,0.0004397,0.0,0.0,0.0,2019-04-19
34,169,cha169,0.0,0.04574,0.0,0.0,0.04574,0.0,0.0,0.0,2019-04-19
35,170,cha170,0.0,0.002824,0.0,0.0,0.002824,0.0,0.0,0.0,2019-04-19
36,171,cha171,0.0,0.001686,0.0,0.0,0.001686,0.0,0.0,0.0,2019-04-19
37,173,cha173,0.0,0.04522,0.0,0.0,0.04522,0.0,0.0,0.0,2019-04-19
1,29,cha029,0.0,0.0,0.0,0.0,0.0,0.0,0.0,0.0,2019-04-20
2,35,cha035,0.0,0.0,0.0,0.0,0.0,0.0,0.0,0.0,2019-04-20
3,37,cha037,0.0,0.0,0.0,0.0,0.0,0.0,0.0,0.0,2019-04-20
4,38,cha038,0.0,0.04106,0.0,0.0,0.04106,0.0,0.0,0.0,2019-04-20
5,39,cha039,0.0,0.0,0.0,0.0,0.0,0.0,0.0,0.0,2019-04-20
6,41,cha041,0.0,0.0,0.0,0.0,0.0,0.0,0.0,0.0,2019-04-20
7,43,cha043,0.0,0.0,0.0,0.0,0.0,0.0,0.0,0.0,2019-04-20
8,44,cha044,0.0,0.0,0.0,0.0,0.0,0.0,0.0,0.0,2019-04-20
9,45,cha045,0.0,0.0,0.0,0.0,0.0,0.0,0.0,0.0,2019-04-20
10,50,cha050,0.0,0.0,0.0,0.0,0.0,0.0,0.0,0.0,2019-04-20
11,51,cha051,0.0,0.0,0.0,0.0,0.0,0.0,0.0,0.0,2019-04-20
12,54,cha054,0.0,0.0,0.0,0.0,0.0,0.0,0.0,0.0,2019-04-20
13,57,cha057,0.0,0.242,0.0,0.0,0.242,0.0,0.0,0.0,2019-04-20
14,59,cha059,0.0,0.0,0.0,0.0,0.0,0.0,0.0,0.0,2019-04-20
15,64,cha064,0.0,0.2805,0.0,0.0,0.2805,0.0,0.0,0.0,2019-04-20
16,66,cha066,0.0,0.0,0.0,0.0,0.0,0.0,0.0,0.0,2019-04-20
17,70,cha070,0.0,0.0,0.0,0.0,0.0,0.0,0.0,0.0,2019-04-20
18,71,cha071,0.0,0.0,0.0,0.0,0.0,0.0,0.0,0.0,2019-04-20
19,74,cha074,0.0,0.0,0.0,0.0,0.0,0.0,0.0,0.0,2019-04-20
20,138,cha138,0.0,0.3831,0.0,0.0,0.3831,0.0,0.0,0.0,2019-04-20
21,141,cha141,0.0,0.002324,0.0,0.0,0.002324,0.0,0.0,0.0,2019-04-20
22,142,cha142,0.0,0.0001516,0.0,0.0,0.0001516,0.0,0.0,0.0,2019-04-20
23,146,cha146,0.0,0.0006943,0.0,0.0,0.0006943,0.0,0.0,0.0,2019-04-20
24,148,cha148,0.0,0.003049,0.0,0.0,0.003049,0.0,0.0,0.0,2019-04-20
25,153,cha153,0.0,1.493,0.0,0.0,1.493,0.0,0.0,0.0,2019-04-20
26,155,cha155,0.0,0.2767,0.0,0.0,0.2767,0.0,0.0,0.0,2019-04-20
27,158,cha158,0.0,0.04933,0.0,0.0,0.04933,0.0,0.0,0.0,2019-04-20
28,161,cha161,0.0,0.2257,0.0,0.0,0.2257,0.0,0.0,0.0,2019-04-20
29,162,cha162,0.0,0.0004174,0.0,0.0,0.0004174,0.0,0.0,0.0,2019-04-20
30,165,cha165,0.0,0.04755,0.0,0.0,0.04755,0.0,0.0,0.0,2019-04-20
31,166,cha166,0.0,0.0012,0.0,0.0,0.0012,0.0,0.0,0.0,2019-04-20
32,167,cha167,0.0,0.2239,0.0,0.0,0.2239,0.0,0.0,0.0,2019-04-20
33,168,cha168,0.0,0.0004349,0.0,0.0,0.0004349,0.0,0.0,0.0,2019-04-20
34,169,cha169,0.0,0.04577,0.0,0.0,0.04577,0.0,0.0,0.0,2019-04-20
35,170,cha170,0.0,0.002781,0.0,0.0,0.002781,0.0,0.0,0.0,2019-04-20
36,171,cha171,0.0,0.001655,0.0,0.0,0.001655,0.0,0.0,0.0,2019-04-20
37,173,cha173,0.0,0.04531,0.0,0.0,0.04531,0.0,0.0,0.0,2019-04-20
1,29,cha029,0.0,0.0,0.0,0.0,0.0,0.0,0.0,0.0,2019-04-21
2,35,cha035,0.0,0.0,0.0,0.0,0.0,0.0,0.0,0.0,2019-04-21
3,37,cha037,0.0,0.0,0.0,0.0,0.0,0.0,0.0,0.0,2019-04-21
4,38,cha038,0.0,0.04117,0.0,0.0,0.04117,0.0,0.0,0.0,2019-04-21
5,39,cha039,0.0,0.0,0.0,0.0,0.0,0.0,0.0,0.0,2019-04-21
6,41,cha041,0.0,0.0,0.0,0.0,0.0,0.0,0.0,0.0,2019-04-21
7,43,cha043,0.0,0.0,0.0,0.0,0.0,0.0,0.0,0.0,2019-04-21
8,44,cha044,0.0,0.0,0.0,0.0,0.0,0.0,0.0,0.0,2019-04-21
9,45,cha045,0.0,0.0,0.0,0.0,0.0,0.0,0.0,0.0,2019-04-21
10,50,cha050,0.0,0.0,0.0,0.0,0.0,0.0,0.0,0.0,2019-04-21
11,51,cha051,0.0,0.0,0.0,0.0,0.0,0.0,0.0,0.0,2019-04-21
12,54,cha054,0.0,0.0,0.0,0.0,0.0,0.0,0.0,0.0,2019-04-21
13,57,cha057,0.0,0.2413,0.0,0.0,0.2413,0.0,0.0,0.0,2019-04-21
14,59,cha059,0.0,0.0,0.0,0.0,0.0,0.0,0.0,0.0,2019-04-21
15,64,cha064,0.0,0.2792,0.0,0.0,0.2792,0.0,0.0,0.0,2019-04-21
16,66,cha066,0.0,0.0,0.0,0.0,0.0,0.0,0.0,0.0,2019-04-21
17,70,cha070,0.0,0.0,0.0,0.0,0.0,0.0,0.0,0.0,2019-04-21
18,71,cha071,0.0,0.0,0.0,0.0,0.0,0.0,0.0,0.0,2019-04-21
19,74,cha074,0.0,0.0,0.0,0.0,0.0,0.0,0.0,0.0,2019-04-21
20,138,cha138,0.0,0.3813,0.0,0.0,0.3813,0.0,0.0,0.0,2019-04-21
21,141,cha141,0.0,0.00222,0.0,0.0,0.00222,0.0,0.0,0.0,2019-04-21
22,142,cha142,0.0,0.0001513,0.0,0.0,0.0001513,0.0,0.0,0.0,2019-04-21
23,146,cha146,0.0,0.0006876,0.0,0.0,0.0006876,0.0,0.0,0.0,2019-04-21
24,148,cha148,0.0,0.002936,0.0,0.0,0.002936,0.0,0.0,0.0,2019-04-21
25,153,cha153,0.0,1.488,0.0,0.0,1.488,0.0,0.0,0.0,2019-04-21
26,155,cha155,0.0,0.2761,0.0,0.0,0.2761,0.0,0.0,0.0,2019-04-21
27,158,cha158,0.0,0.04933,0.0,0.0,0.04933,0.0,0.0,0.0,2019-04-21
28,161,cha161,0.0,0.2251,0.0,0.0,0.2251,0.0,0.0,0.0,2019-04-21
29,162,cha162,0.0,0.0004084,0.0,0.0,0.0004084,0.0,0.0,0.0,2019-04-21
30,165,cha165,0.0,0.04758,0.0,0.0,0.04758,0.0,0.0,0.0,2019-04-21
31,166,cha166,0.0,0.001189,0.0,0.0,0.001189,0.0,0.0,0.0,2019-04-21
32,167,cha167,0.0,0.2234,0.0,0.0,0.2234,0.0,0.0,0.0,2019-04-21
33,168,cha168,0.0,0.0004334,0.0,0.0,0.0004334,0.0,0.0,0.0,2019-04-21
34,169,cha169,0.0,0.04582,0.0,0.0,0.04582,0.0,0.0,0.0,2019-04-21
35,170,cha170,0.0,0.002762,0.0,0.0,0.002762,0.0,0.0,0.0,2019-04-21
36,171,cha171,0.0,0.001641,0.0,0.0,0.001641,0.0,0.0,0.0,2019-04-21
37,173,cha173,0.0,0.04539,0.0,0.0,0.04539,0.0,0.0,0.0,2019-04-21
1,29,cha029,0.0,0.0,0.0,0.0,0.0,0.0,0.0,0.0,2019-04-22
2,35,cha035,0.0,0.0,0.0,0.0,0.0,0.0,0.0,0.0,2019-04-22
3,37,cha037,0.0,0.0,0.0,0.0,0.0,0.0,0.0,0.0,2019-04-22
4,38,cha038,0.0,0.04128,0.0,0.0,0.04128,0.0,0.0,0.0,2019-04-22
5,39,cha039,0.0,0.0,0.0,0.0,0.0,0.0,0.0,0.0,2019-04-22
6,41,cha041,0.0,0.0,0.0,0.0,0.0,0.0,0.0,0.0,2019-04-22
7,43,cha043,0.0,0.0,0.0,0.0,0.0,0.0,0.0,0.0,2019-04-22
8,44,cha044,0.0,0.0,0.0,0.0,0.0,0.0,0.0,0.0,2019-04-22
9,45,cha045,0.0,0.0,0.0,0.0,0.0,0.0,0.0,0.0,2019-04-22
10,50,cha050,0.0,0.0,0.0,0.0,0.0,0.0,0.0,0.0,2019-04-22
11,51,cha051,0.0,0.0,0.0,0.0,0.0,0.0,0.0,0.0,2019-04-22
12,54,cha054,0.0,0.0,0.0,0.0,0.0,0.0,0.0,0.0,2019-04-22
13,57,cha057,0.0,0.2404,0.0,0.0,0.2404,0.0,0.0,0.0,2019-04-22
14,59,cha059,0.0,0.0,0.0,0.0,0.0,0.0,0.0,0.0,2019-04-22
15,64,cha064,0.0,0.2775,0.0,0.0,0.2775,0.0,0.0,0.0,2019-04-22
16,66,cha066,0.0,0.0,0.0,0.0,0.0,0.0,0.0,0.0,2019-04-22
17,70,cha070,0.0,0.0,0.0,0.0,0.0,0.0,0.0,0.0,2019-04-22
18,71,cha071,0.0,0.0,0.0,0.0,0.0,0.0,0.0,0.0,2019-04-22
19,74,cha074,0.0,0.0,0.0,0.0,0.0,0.0,0.0,0.0,2019-04-22
20,138,cha138,0.0,0.379,0.0,0.0,0.379,0.0,0.0,0.0,2019-04-22
21,141,cha141,0.0,0.002156,0.0,0.0,0.002156,0.0,0.0,0.0,2019-04-22
22,142,cha142,0.0,0.0001511,0.0,0.0,0.0001511,0.0,0.0,0.0,2019-04-22
23,146,cha146,0.0,0.0006836,0.0,0.0,0.0006836,0.0,0.0,0.0,2019-04-22
24,148,cha148,0.0,0.002865,0.0,0.0,0.002865,0.0,0.0,0.0,2019-04-22
25,153,cha153,0.0,1.511,0.0,0.0,1.511,0.0,0.0,0.0,2019-04-22
26,155,cha155,0.0,0.3045,0.0,0.0,0.3045,0.0,0.0,0.0,2019-04-22
27,158,cha158,0.0,0.07843,0.0,0.0,0.07843,0.0,0.0,0.0,2019-04-22
28,161,cha161,0.0,0.2534,0.0,0.0,0.2534,0.0,0.0,0.0,2019-04-22
29,162,cha162,0.0,0.002448,0.0,0.0,0.002448,0.0,0.0,0.0,2019-04-22
30,165,cha165,0.0,0.07099,0.0,0.0,0.07099,0.0,0.0,0.0,2019-04-22
31,166,cha166,0.0,0.001184,0.0,0.0,0.001184,0.0,0.0,0.0,2019-04-22
32,167,cha167,0.0,0.2517,0.0,0.0,0.2517,0.0,0.0,0.0,2019-04-22
33,168,cha168,0.0,0.003268,0.0,0.0,0.003268,0.0,0.0,0.0,2019-04-22
34,169,cha169,0.0,0.05652,0.0,0.0,0.05652,0.0,0.0,0.0,2019-04-22
35,170,cha170,0.0,0.002758,0.0,0.0,0.002758,0.0,0.0,0.0,2019-04-22
36,171,cha171,0.0,0.001636,0.0,0.0,0.001636,0.0,0.0,0.0,2019-04-22
37,173,cha173,0.0,0.04917,0.0,0.0,0.04917,0.0,0.0,0.0,2019-04-22
1,29,cha029,0.0,0.0,0.0,0.0,0.0,0.0,0.0,0.0,2019-04-23
2,35,cha035,0.0,0.0,0.0,0.0,0.0,0.0,0.0,0.0,2019-04-23
3,37,cha037,0.0,0.0,0.0,0.0,0.0,0.0,0.0,0.0,2019-04-23
4,38,cha038,0.0,0.04138,0.0,0.0,0.04138,0.0,0.0,0.0,2019-04-23
5,39,cha039,0.0,0.0,0.0,0.0,0.0,0.0,0.0,0.0,2019-04-23
6,41,cha041,0.0,0.0,0.0,0.0,0.0,0.0,0.0,0.0,2019-04-23
7,43,cha043,0.0,0.0,0.0,0.0,0.0,0.0,0.0,0.0,2019-04-23
8,44,cha044,0.0,0.0,0.0,0.0,0.0,0.0,0.0,0.0,2019-04-23
9,45,cha045,0.0,0.0,0.0,0.0,0.0,0.0,0.0,0.0,2019-04-23
10,50,cha050,0.0,0.0,0.0,0.0,0.0,0.0,0.0,0.0,2019-04-23
11,51,cha051,0.0,0.0,0.0,0.0,0.0,0.0,0.0,0.0,2019-04-23
12,54,cha054,0.0,0.0,0.0,0.0,0.0,0.0,0.0,0.0,2019-04-23
13,57,cha057,0.0,0.2391,0.0,0.0,0.2391,0.0,0.0,0.0,2019-04-23
14,59,cha059,0.0,0.0,0.0,0.0,0.0,0.0,0.0,0.0,2019-04-23
15,64,cha064,0.0,0.2755,0.0,0.0,0.2755,0.0,0.0,0.0,2019-04-23
16,66,cha066,0.0,0.0,0.0,0.0,0.0,0.0,0.0,0.0,2019-04-23
17,70,cha070,0.0,0.0,0.0,0.0,0.0,0.0,0.0,0.0,2019-04-23
18,71,cha071,0.0,0.0,0.0,0.0,0.0,0.0,0.0,0.0,2019-04-23
19,74,cha074,0.0,0.0,0.0,0.0,0.0,0.0,0.0,0.0,2019-04-23
20,138,cha138,0.0,0.3763,0.0,0.0,0.3763,0.0,0.0,0.0,2019-04-23
21,141,cha141,0.0,0.002115,0.0,0.0,0.002115,0.0,0.0,0.0,2019-04-23
22,142,cha142,0.0,0.0001509,0.0,0.0,0.0001509,0.0,0.0,0.0,2019-04-23
23,146,cha146,0.0,0.000681,0.0,0.0,0.000681,0.0,0.0,0.0,2019-04-23
24,148,cha148,0.0,0.002821,0.0,0.0,0.002821,0.0,0.0,0.0,2019-04-23
25,153,cha153,0.0,1.44,0.0,0.0,1.44,0.0,0.0,0.0,2019-04-23
26,155,cha155,0.0,0.2408,0.0,0.0,0.2408,0.0,0.0,0.0,2019-04-23
27,158,cha158,0.0,0.06398,0.0,0.0,0.06398,0.0,0.0,0.0,2019-04-23
28,161,cha161,0.0,0.238,0.0,0.0,0.238,0.0,0.0,0.0,2019-04-23
29,162,cha162,0.0,0.001469,0.0,0.0,0.001469,0.0,0.0,0.0,2019-04-23
30,165,cha165,0.0,0.05927,0.0,0.0,0.05927,0.0,0.0,0.0,2019-04-23
31,166,cha166,0.0,0.001184,0.0,0.0,0.001184,0.0,0.0,0.0,2019-04-23
32,167,cha167,0.0,0.2363,0.0,0.0,0.2363,0.0,0.0,0.0,2019-04-23
33,168,cha168,0.0,0.001771,0.0,0.0,0.001771,0.0,0.0,0.0,2019-04-23
34,169,cha169,0.0,0.05135,0.0,0.0,0.05135,0.0,0.0,0.0,2019-04-23
35,170,cha170,0.0,0.00276,0.0,0.0,0.00276,0.0,0.0,0.0,2019-04-23
36,171,cha171,0.0,0.001636,0.0,0.0,0.001636,0.0,0.0,0.0,2019-04-23
37,173,cha173,0.0,0.04743,0.0,0.0,0.04743,0.0,0.0,0.0,2019-04-23
1,29,cha029,0.0,0.0,0.0,0.0,0.0,0.0,0.0,0.0,2019-04-24
2,35,cha035,0.0,0.0,0.0,0.0,0.0,0.0,0.0,0.0,2019-04-24
3,37,cha037,0.0,0.0,0.0,0.0,0.0,0.0,0.0,0.0,2019-04-24
4,38,cha038,0.0,0.04147,0.0,0.0,0.04147,0.0,0.0,0.0,2019-04-24
5,39,cha039,0.0,0.0,0.0,0.0,0.0,0.0,0.0,0.0,2019-04-24
6,41,cha041,0.0,0.0,0.0,0.0,0.0,0.0,0.0,0.0,2019-04-24
7,43,cha043,0.0,0.0,0.0,0.0,0.0,0.0,0.0,0.0,2019-04-24
8,44,cha044,0.0,0.0,0.0,0.0,0.0,0.0,0.0,0.0,2019-04-24
9,45,cha045,0.0,0.0,0.0,0.0,0.0,0.0,0.0,0.0,2019-04-24
10,50,cha050,0.0,0.0,0.0,0.0,0.0,0.0,0.0,0.0,2019-04-24
11,51,cha051,0.0,0.0,0.0,0.0,0.0,0.0,0.0,0.0,2019-04-24
12,54,cha054,0.0,0.0,0.0,0.0,0.0,0.0,0.0,0.0,2019-04-24
13,57,cha057,0.0,0.2376,0.0,0.0,0.2376,0.0,0.0,0.0,2019-04-24
14,59,cha059,0.0,0.0,0.0,0.0,0.0,0.0,0.0,0.0,2019-04-24
15,64,cha064,0.0,0.2732,0.0,0.0,0.2732,0.0,0.0,0.0,2019-04-24
16,66,cha066,0.0,0.0,0.0,0.0,0.0,0.0,0.0,0.0,2019-04-24
17,70,cha070,0.0,0.0,0.0,0.0,0.0,0.0,0.0,0.0,2019-04-24
18,71,cha071,0.0,0.0,0.0,0.0,0.0,0.0,0.0,0.0,2019-04-24
19,74,cha074,0.0,0.0,0.0,0.0,0.0,0.0,0.0,0.0,2019-04-24
20,138,cha138,0.0,0.3733,0.0,0.0,0.3733,0.0,0.0,0.0,2019-04-24
21,141,cha141,0.0,0.002089,0.0,0.0,0.002089,0.0,0.0,0.0,2019-04-24
22,142,cha142,0.0,0.0001507,0.0,0.0,0.0001507,0.0,0.0,0.0,2019-04-24
23,146,cha146,0.0,0.0006793,0.0,0.0,0.0006793,0.0,0.0,0.0,2019-04-24
24,148,cha148,0.0,0.002793,0.0,0.0,0.002793,0.0,0.0,0.0,2019-04-24
25,153,cha153,0.0,1.426,0.0,0.0,1.426,0.0,0.0,0.0,2019-04-24
26,155,cha155,0.0,0.235,0.0,0.0,0.235,0.0,0.0,0.0,2019-04-24
27,158,cha158,0.0,0.05692,0.0,0.0,0.05692,0.0,0.0,0.0,2019-04-24
28,161,cha161,0.0,0.2297,0.0,0.0,0.2297,0.0,0.0,0.0,2019-04-24
29,162,cha162,0.0,0.0009579,0.0,0.0,0.0009579,0.0,0.0,0.0,2019-04-24
30,165,cha165,0.0,0.05361,0.0,0.0,0.05361,0.0,0.0,0.0,2019-04-24
31,166,cha166,0.0,0.001185,0.0,0.0,0.001185,0.0,0.0,0.0,2019-04-24
32,167,cha167,0.0,0.2281,0.0,0.0,0.2281,0.0,0.0,0.0,2019-04-24
33,168,cha168,0.0,0.001066,0.0,0.0,0.001066,0.0,0.0,0.0,2019-04-24
34,169,cha169,0.0,0.04883,0.0,0.0,0.04883,0.0,0.0,0.0,2019-04-24
35,170,cha170,0.0,0.002765,0.0,0.0,0.002765,0.0,0.0,0.0,2019-04-24
36,171,cha171,0.0,0.001638,0.0,0.0,0.001638,0.0,0.0,0.0,2019-04-24
37,173,cha173,0.0,0.0466,0.0,0.0,0.0466,0.0,0.0,0.0,2019-04-24
1,29,cha029,0.0,0.0,0.0,0.0,0.0,0.0,0.0,0.0,2019-04-25
2,35,cha035,0.0,0.0,0.0,0.0,0.0,0.0,0.0,0.0,2019-04-25
3,37,cha037,0.0,0.0,0.0,0.0,0.0,0.0,0.0,0.0,2019-04-25
4,38,cha038,0.0,0.04153,0.0,0.0,0.04153,0.0,0.0,0.0,2019-04-25
5,39,cha039,0.0,0.0,0.0,0.0,0.0,0.0,0.0,0.0,2019-04-25
6,41,cha041,0.0,0.0,0.0,0.0,0.0,0.0,0.0,0.0,2019-04-25
7,43,cha043,0.0,0.0,0.0,0.0,0.0,0.0,0.0,0.0,2019-04-25
8,44,cha044,0.0,0.0,0.0,0.0,0.0,0.0,0.0,0.0,2019-04-25
9,45,cha045,0.0,0.0,0.0,0.0,0.0,0.0,0.0,0.0,2019-04-25
10,50,cha050,0.0,0.0,0.0,0.0,0.0,0.0,0.0,0.0,2019-04-25
11,51,cha051,0.0,0.0,0.0,0.0,0.0,0.0,0.0,0.0,2019-04-25
12,54,cha054,0.0,0.0,0.0,0.0,0.0,0.0,0.0,0.0,2019-04-25
13,57,cha057,0.0,0.2358,0.0,0.0,0.2358,0.0,0.0,0.0,2019-04-25
14,59,cha059,0.0,0.0,0.0,0.0,0.0,0.0,0.0,0.0,2019-04-25
15,64,cha064,0.0,0.2707,0.0,0.0,0.2707,0.0,0.0,0.0,2019-04-25
16,66,cha066,0.0,0.0,0.0,0.0,0.0,0.0,0.0,0.0,2019-04-25
17,70,cha070,0.0,0.0,0.0,0.0,0.0,0.0,0.0,0.0,2019-04-25
18,71,cha071,0.0,0.0,0.0,0.0,0.0,0.0,0.0,0.0,2019-04-25
19,74,cha074,0.0,0.0,0.0,0.0,0.0,0.0,0.0,0.0,2019-04-25
20,138,cha138,0.0,0.3699,0.0,0.0,0.3699,0.0,0.0,0.0,2019-04-25
21,141,cha141,0.0,0.002072,0.0,0.0,0.002072,0.0,0.0,0.0,2019-04-25
22,142,cha142,0.0,0.0001506,0.0,0.0,0.0001506,0.0,0.0,0.0,2019-04-25
23,146,cha146,0.0,0.000678,0.0,0.0,0.000678,0.0,0.0,0.0,2019-04-25
24,148,cha148,0.0,0.002774,0.0,0.0,0.002774,0.0,0.0,0.0,2019-04-25
25,153,cha153,0.0,1.413,0.0,0.0,1.413,0.0,0.0,0.0,2019-04-25
26,155,cha155,0.0,0.2324,0.0,0.0,0.2324,0.0,0.0,0.0,2019-04-25
27,158,cha158,0.0,0.05342,0.0,0.0,0.05342,0.0,0.0,0.0,2019-04-25
28,161,cha161,0.0,0.2249,0.0,0.0,0.2249,0.0,0.0,0.0,2019-04-25
29,162,cha162,0.0,0.0006912,0.0,0.0,0.0006912,0.0,0.0,0.0,2019-04-25
30,165,cha165,0.0,0.05085,0.0,0.0,0.05085,0.0,0.0,0.0,2019-04-25
31,166,cha166,0.0,0.001187,0.0,0.0,0.001187,0.0,0.0,0.0,2019-04-25
32,167,cha167,0.0,0.2232,0.0,0.0,0.2232,0.0,0.0,0.0,2019-04-25
33,168,cha168,0.0,0.0007336,0.0,0.0,0.0007336,0.0,0.0,0.0,2019-04-25
34,169,cha169,0.0,0.04758,0.0,0.0,0.04758,0.0,0.0,0.0,2019-04-25
35,170,cha170,0.0,0.002771,0.0,0.0,0.002771,0.0,0.0,0.0,2019-04-25
36,171,cha171,0.0,0.001642,0.0,0.0,0.001642,0.0,0.0,0.0,2019-04-25
37,173,cha173,0.0,0.04622,0.0,0.0,0.04622,0.0,0.0,0.0,2019-04-25
1,29,cha029,0.0,0.0,0.0,0.0,0.0,0.0,0.0,0.0,2019-04-26
2,35,cha035,0.0,0.0,0.0,0.0,0.0,0.0,0.0,0.0,2019-04-26
3,37,cha037,0.0,0.0,0.0,0.0,0.0,0.0,0.0,0.0,2019-04-26
4,38,cha038,0.0,0.04158,0.0,0.0,0.04158,0.0,0.0,0.0,2019-04-26
5,39,cha039,0.0,0.0,0.0,0.0,0.0,0.0,0.0,0.0,2019-04-26
6,41,cha041,0.0,0.0,0.0,0.0,0.0,0.0,0.0,0.0,2019-04-26
7,43,cha043,0.0,0.0,0.0,0.0,0.0,0.0,0.0,0.0,2019-04-26
8,44,cha044,0.0,0.0,0.0,0.0,0.0,0.0,0.0,0.0,2019-04-26
9,45,cha045,0.0,0.0,0.0,0.0,0.0,0.0,0.0,0.0,2019-04-26
10,50,cha050,0.0,0.0,0.0,0.0,0.0,0.0,0.0,0.0,2019-04-26
11,51,cha051,0.0,0.0,0.0,0.0,0.0,0.0,0.0,0.0,2019-04-26
12,54,cha054,0.0,0.0,0.0,0.0,0.0,0.0,0.0,0.0,2019-04-26
13,57,cha057,0.0,0.2338,0.0,0.0,0.2338,0.0,0.0,0.0,2019-04-26
14,59,cha059,0.0,0.0,0.0,0.0,0.0,0.0,0.0,0.0,2019-04-26
15,64,cha064,0.0,0.268,0.0,0.0,0.268,0.0,0.0,0.0,2019-04-26
16,66,cha066,0.0,0.0,0.0,0.0,0.0,0.0,0.0,0.0,2019-04-26
17,70,cha070,0.0,0.0,0.0,0.0,0.0,0.0,0.0,0.0,2019-04-26
18,71,cha071,0.0,0.0,0.0,0.0,0.0,0.0,0.0,0.0,2019-04-26
19,74,cha074,0.0,0.0,0.0,0.0,0.0,0.0,0.0,0.0,2019-04-26
20,138,cha138,0.0,0.3662,0.0,0.0,0.3662,0.0,0.0,0.0,2019-04-26
21,141,cha141,0.0,0.00206,0.0,0.0,0.00206,0.0,0.0,0.0,2019-04-26
22,142,cha142,0.0,0.0001504,0.0,0.0,0.0001504,0.0,0.0,0.0,2019-04-26
23,146,cha146,0.0,0.0006769,0.0,0.0,0.0006769,0.0,0.0,0.0,2019-04-26
24,148,cha148,0.0,0.002762,0.0,0.0,0.002762,0.0,0.0,0.0,2019-04-26
25,153,cha153,0.0,1.401,0.0,0.0,1.401,0.0,0.0,0.0,2019-04-26
26,155,cha155,0.0,0.2313,0.0,0.0,0.2313,0.0,0.0,0.0,2019-04-26
27,158,cha158,0.0,0.05166,0.0,0.0,0.05166,0.0,0.0,0.0,2019-04-26
28,161,cha161,0.0,0.2216,0.0,0.0,0.2216,0.0,0.0,0.0,2019-04-26
29,162,cha162,0.0,0.0005521,0.0,0.0,0.0005521,0.0,0.0,0.0,2019-04-26
30,165,cha165,0.0,0.04948,0.0,0.0,0.04948,0.0,0.0,0.0,2019-04-26
31,166,cha166,0.0,0.00119,0.0,0.0,0.00119,0.0,0.0,0.0,2019-04-26
32,167,cha167,0.0,0.22,0.0,0.0,0.22,0.0,0.0,0.0,2019-04-26
33,168,cha168,0.0,0.0005773,0.0,0.0,0.0005773,0.0,0.0,0.0,2019-04-26
34,169,cha169,0.0,0.04696,0.0,0.0,0.04696,0.0,0.0,0.0,2019-04-26
35,170,cha170,0.0,0.002778,0.0,0.0,0.002778,0.0,0.0,0.0,2019-04-26
36,171,cha171,0.0,0.001646,0.0,0.0,0.001646,0.0,0.0,0.0,2019-04-26
37,173,cha173,0.0,0.04605,0.0,0.0,0.04605,0.0,0.0,0.0,2019-04-26
1,29,cha029,0.0,0.0,0.0,0.0,0.0,0.0,0.0,0.0,2019-04-27
2,35,cha035,0.0,0.0,0.0,0.0,0.0,0.0,0.0,0.0,2019-04-27
3,37,cha037,0.0,0.0,0.0,0.0,0.0,0.0,0.0,0.0,2019-04-27
4,38,cha038,0.0,0.04169,0.0,0.0,0.04169,0.0,0.0,0.0,2019-04-27
5,39,cha039,0.0,0.0,0.0,0.0,0.0,0.0,0.0,0.0,2019-04-27
6,41,cha041,0.0,0.0,0.0,0.0,0.0,0.0,0.0,0.0,2019-04-27
7,43,cha043,0.0,0.0,0.0,0.0,0.0,0.0,0.0,0.0,2019-04-27
8,44,cha044,0.0,0.0,0.0,0.0,0.0,0.0,0.0,0.0,2019-04-27
9,45,cha045,0.0,0.0,0.0,0.0,0.0,0.0,0.0,0.0,2019-04-27
10,50,cha050,0.0,0.0,0.0,0.0,0.0,0.0,0.0,0.0,2019-04-27
11,51,cha051,0.0,0.0,0.0,0.0,0.0,0.0,0.0,0.0,2019-04-27
12,54,cha054,0.0,0.0,0.0,0.0,0.0,0.0,0.0,0.0,2019-04-27
13,57,cha057,0.0,0.2315,0.0,0.0,0.2315,0.0,0.0,0.0,2019-04-27
14,59,cha059,0.0,0.0,0.0,0.0,0.0,0.0,0.0,0.0,2019-04-27
15,64,cha064,0.0,0.2651,0.0,0.0,0.2651,0.0,0.0,0.0,2019-04-27
16,66,cha066,0.0,0.0,0.0,0.0,0.0,0.0,0.0,0.0,2019-04-27
17,70,cha070,0.0,0.0,0.0,0.0,0.0,0.0,0.0,0.0,2019-04-27
18,71,cha071,0.0,0.0,0.0,0.0,0.0,0.0,0.0,0.0,2019-04-27
19,74,cha074,0.0,0.0,0.0,0.0,0.0,0.0,0.0,0.0,2019-04-27
20,138,cha138,0.0,0.377,0.0,0.0,0.377,0.0,0.0,0.0,2019-04-27
21,141,cha141,0.0,0.01287,0.0,0.0,0.01287,0.0,0.0,0.0,2019-04-27
22,142,cha142,0.0,0.0001503,0.0,0.0,0.0001503,0.0,0.0,0.0,2019-04-27
23,146,cha146,0.0,0.002004,0.0,0.0,0.002004,0.0,0.0,0.0,2019-04-27
24,148,cha148,0.0,0.01745,0.0,0.0,0.01745,0.0,0.0,0.0,2019-04-27
25,153,cha153,0.0,1.414,0.0,0.0,1.414,0.0,0.0,0.0,2019-04-27
26,155,cha155,0.0,0.2554,0.0,0.0,0.2554,0.0,0.0,0.0,2019-04-27
27,158,cha158,0.0,0.05736,0.0,0.0,0.05736,0.0,0.0,0.0,2019-04-27
28,161,cha161,0.0,0.2359,0.0,0.0,0.2359,0.0,0.0,0.0,2019-04-27
29,162,cha162,0.0,0.00127,0.0,0.0,0.00127,0.0,0.0,0.0,2019-04-27
30,165,cha165,0.0,0.0524,0.0,0.0,0.0524,0.0,0.0,0.0,2019-04-27
31,166,cha166,0.0,0.001193,0.0,0.0,0.001193,0.0,0.0,0.0,2019-04-27
32,167,cha167,0.0,0.2286,0.0,0.0,0.2286,0.0,0.0,0.0,2019-04-27
33,168,cha168,0.0,0.0006568,0.0,0.0,0.0006568,0.0,0.0,0.0,2019-04-27
34,169,cha169,0.0,0.04833,0.0,0.0,0.04833,0.0,0.0,0.0,2019-04-27
35,170,cha170,0.0,0.002792,0.0,0.0,0.002792,0.0,0.0,0.0,2019-04-27
36,171,cha171,0.0,0.001651,0.0,0.0,0.001651,0.0,0.0,0.0,2019-04-27
37,173,cha173,0.0,0.04626,0.0,0.0,0.04626,0.0,0.0,0.0,2019-04-27
1,29,cha029,0.0,0.0,0.0,0.0,0.0,0.0,0.0,0.0,2019-04-28
2,35,cha035,0.0,0.0,0.0,0.0,0.0,0.0,0.0,0.0,2019-04-28
3,37,cha037,0.0,0.0,0.0,0.0,0.0,0.0,0.0,0.0,2019-04-28
4,38,cha038,0.0,0.04179,0.0,0.0,0.04179,0.0,0.0,0.0,2019-04-28
5,39,cha039,0.0,0.0,0.0,0.0,0.0,0.0,0.0,0.0,2019-04-28
6,41,cha041,0.0,0.0,0.0,0.0,0.0,0.0,0.0,0.0,2019-04-28
7,43,cha043,0.0,0.0,0.0,0.0,0.0,0.0,0.0,0.0,2019-04-28
8,44,cha044,0.0,0.0,0.0,0.0,0.0,0.0,0.0,0.0,2019-04-28
9,45,cha045,0.0,0.0,0.0,0.0,0.0,0.0,0.0,0.0,2019-04-28
10,50,cha050,0.0,0.0,0.0,0.0,0.0,0.0,0.0,0.0,2019-04-28
11,51,cha051,0.0,0.0,0.0,0.0,0.0,0.0,0.0,0.0,2019-04-28
12,54,cha054,0.0,0.0,0.0,0.0,0.0,0.0,0.0,0.0,2019-04-28
13,57,cha057,0.0,0.2291,0.0,0.0,0.2291,0.0,0.0,0.0,2019-04-28
14,59,cha059,0.0,0.0,0.0,0.0,0.0,0.0,0.0,0.0,2019-04-28
15,64,cha064,0.0,0.2619,0.0,0.0,0.2619,0.0,0.0,0.0,2019-04-28
16,66,cha066,0.0,0.0,0.0,0.0,0.0,0.0,0.0,0.0,2019-04-28
17,70,cha070,0.0,0.0,0.0,0.0,0.0,0.0,0.0,0.0,2019-04-28
18,71,cha071,0.0,0.0,0.0,0.0,0.0,0.0,0.0,0.0,2019-04-28
19,74,cha074,0.0,0.0,0.0,0.0,0.0,0.0,0.0,0.0,2019-04-28
20,138,cha138,0.0,0.3665,0.0,0.0,0.3665,0.0,0.0,0.0,2019-04-28
21,141,cha141,0.0,0.008447,0.0,0.0,0.008447,0.0,0.0,0.0,2019-04-28
22,142,cha142,0.0,0.0001501,0.0,0.0,0.0001501,0.0,0.0,0.0,2019-04-28
23,146,cha146,0.0,0.001208,0.0,0.0,0.001208,0.0,0.0,0.0,2019-04-28
24,148,cha148,0.0,0.01114,0.0,0.0,0.01114,0.0,0.0,0.0,2019-04-28
25,153,cha153,0.0,1.388,0.0,0.0,1.388,0.0,0.0,0.0,2019-04-28
26,155,cha155,0.0,0.2428,0.0,0.0,0.2428,0.0,0.0,0.0,2019-04-28
27,158,cha158,0.0,0.05362,0.0,0.0,0.05362,0.0,0.0,0.0,2019-04-28
28,161,cha161,0.0,0.2254,0.0,0.0,0.2254,0.0,0.0,0.0,2019-04-28
29,162,cha162,0.0,0.0008546,0.0,0.0,0.0008546,0.0,0.0,0.0,2019-04-28
30,165,cha165,0.0,0.05038,0.0,0.0,0.05038,0.0,0.0,0.0,2019-04-28
31,166,cha166,0.0,0.001197,0.0,0.0,0.001197,0.0,0.0,0.0,2019-04-28
32,167,cha167,0.0,0.2209,0.0,0.0,0.2209,0.0,0.0,0.0,2019-04-28
33,168,cha168,0.0,0.0005422,0.0,0.0,0.0005422,0.0,0.0,0.0,2019-04-28
34,169,cha169,0.0,0.04748,0.0,0.0,0.04748,0.0,0.0,0.0,2019-04-28
35,170,cha170,0.0,0.0028,0.0,0.0,0.0028,0.0,0.0,0.0,2019-04-28
36,171,cha171,0.0,0.001656,0.0,0.0,0.001656,0.0,0.0,0.0,2019-04-28
37,173,cha173,0.0,0.04621,0.0,0.0,0.04621,0.0,0.0,0.0,2019-04-28
1,29,cha029,0.0,0.0,0.0,0.0,0.0,0.0,0.0,0.0,2019-04-29
2,35,cha035,0.0,0.0,0.0,0.0,0.0,0.0,0.0,0.0,2019-04-29
3,37,cha037,0.0,0.0,0.0,0.0,0.0,0.0,0.0,0.0,2019-04-29
4,38,cha038,0.0,0.04188,0.0,0.0,0.04188,0.0,0.0,0.0,2019-04-29
5,39,cha039,0.0,0.0,0.0,0.0,0.0,0.0,0.0,0.0,2019-04-29
6,41,cha041,0.0,0.0,0.0,0.0,0.0,0.0,0.0,0.0,2019-04-29
7,43,cha043,0.0,0.0,0.0,0.0,0.0,0.0,0.0,0.0,2019-04-29
8,44,cha044,0.0,0.0,0.0,0.0,0.0,0.0,0.0,0.0,2019-04-29
9,45,cha045,0.0,0.0,0.0,0.0,0.0,0.0,0.0,0.0,2019-04-29
10,50,cha050,0.0,0.0,0.0,0.0,0.0,0.0,0.0,0.0,2019-04-29
11,51,cha051,0.0,0.0,0.0,0.0,0.0,0.0,0.0,0.0,2019-04-29
12,54,cha054,0.0,0.0,0.0,0.0,0.0,0.0,0.0,0.0,2019-04-29
13,57,cha057,0.0,0.2265,0.0,0.0,0.2265,0.0,0.0,0.0,2019-04-29
14,59,cha059,0.0,0.0,0.0,0.0,0.0,0.0,0.0,0.0,2019-04-29
15,64,cha064,0.0,0.2586,0.0,0.0,0.2586,0.0,0.0,0.0,2019-04-29
16,66,cha066,0.0,0.0,0.0,0.0,0.0,0.0,0.0,0.0,2019-04-29
17,70,cha070,0.0,0.0,0.0,0.0,0.0,0.0,0.0,0.0,2019-04-29
18,71,cha071,0.0,0.0,0.0,0.0,0.0,0.0,0.0,0.0,2019-04-29
19,74,cha074,0.0,0.0,0.0,0.0,0.0,0.0,0.0,0.0,2019-04-29
20,138,cha138,0.0,0.3585,0.0,0.0,0.3585,0.0,0.0,0.0,2019-04-29
21,141,cha141,0.0,0.005907,0.0,0.0,0.005907,0.0,0.0,0.0,2019-04-29
22,142,cha142,0.0,0.0001499,0.0,0.0,0.0001499,0.0,0.0,0.0,2019-04-29
23,146,cha146,0.0,0.000888,0.0,0.0,0.000888,0.0,0.0,0.0,2019-04-29
24,148,cha148,0.0,0.007652,0.0,0.0,0.007652,0.0,0.0,0.0,2019-04-29
25,153,cha153,0.0,1.369,0.0,0.0,1.369,0.0,0.0,0.0,2019-04-29
26,155,cha155,0.0,0.2367,0.0,0.0,0.2367,0.0,0.0,0.0,2019-04-29
27,158,cha158,0.0,0.05192,0.0,0.0,0.05192,0.0,0.0,0.0,2019-04-29
28,161,cha161,0.0,0.2193,0.0,0.0,0.2193,0.0,0.0,0.0,2019-04-29
29,162,cha162,0.0,0.0006377,0.0,0.0,0.0006377,0.0,0.0,0.0,2019-04-29
30,165,cha165,0.0,0.04944,0.0,0.0,0.04944,0.0,0.0,0.0,2019-04-29
31,166,cha166,0.0,0.0012,0.0,0.0,0.0012,0.0,0.0,0.0,2019-04-29
32,167,cha167,0.0,0.2162,0.0,0.0,0.2162,0.0,0.0,0.0,2019-04-29
33,168,cha168,0.0,0.0004885,0.0,0.0,0.0004885,0.0,0.0,0.0,2019-04-29
34,169,cha169,0.0,0.04709,0.0,0.0,0.04709,0.0,0.0,0.0,2019-04-29
35,170,cha170,0.0,0.002809,0.0,0.0,0.002809,0.0,0.0,0.0,2019-04-29
36,171,cha171,0.0,0.00166,0.0,0.0,0.00166,0.0,0.0,0.0,2019-04-29
37,173,cha173,0.0,0.04624,0.0,0.0,0.04624,0.0,0.0,0.0,2019-04-29
1,29,cha029,0.0,0.0,0.0,0.0,0.0,0.0,0.0,0.0,2019-04-30
2,35,cha035,0.0,0.0,0.0,0.0,0.0,0.0,0.0,0.0,2019-04-30
3,37,cha037,0.0,0.0,0.0,0.0,0.0,0.0,0.0,0.0,2019-04-30
4,38,cha038,0.0,0.04197,0.0,0.0,0.04197,0.0,0.0,0.0,2019-04-30
5,39,cha039,0.0,0.0,0.0,0.0,0.0,0.0,0.0,0.0,2019-04-30
6,41,cha041,0.0,0.0,0.0,0.0,0.0,0.0,0.0,0.0,2019-04-30
7,43,cha043,0.0,0.0,0.0,0.0,0.0,0.0,0.0,0.0,2019-04-30
8,44,cha044,0.0,0.0,0.0,0.0,0.0,0.0,0.0,0.0,2019-04-30
9,45,cha045,0.0,0.0,0.0,0.0,0.0,0.0,0.0,0.0,2019-04-30
10,50,cha050,0.0,0.0,0.0,0.0,0.0,0.0,0.0,0.0,2019-04-30
11,51,cha051,0.0,0.0,0.0,0.0,0.0,0.0,0.0,0.0,2019-04-30
12,54,cha054,0.0,0.0,0.0,0.0,0.0,0.0,0.0,0.0,2019-04-30
13,57,cha057,0.0,0.2238,0.0,0.0,0.2238,0.0,0.0,0.0,2019-04-30
14,59,cha059,0.0,0.0,0.0,0.0,0.0,0.0,0.0,0.0,2019-04-30
15,64,cha064,0.0,0.2552,0.0,0.0,0.2552,0.0,0.0,0.0,2019-04-30
16,66,cha066,0.0,0.0,0.0,0.0,0.0,0.0,0.0,0.0,2019-04-30
17,70,cha070,0.0,0.0,0.0,0.0,0.0,0.0,0.0,0.0,2019-04-30
18,71,cha071,0.0,0.0,0.0,0.0,0.0,0.0,0.0,0.0,2019-04-30
19,74,cha074,0.0,0.0,0.0,0.0,0.0,0.0,0.0,0.0,2019-04-30
20,138,cha138,0.0,0.3519,0.0,0.0,0.3519,0.0,0.0,0.0,2019-04-30
21,141,cha141,0.0,0.004399,0.0,0.0,0.004399,0.0,0.0,0.0,2019-04-30
22,142,cha142,0.0,0.0001498,0.0,0.0,0.0001498,0.0,0.0,0.0,2019-04-30
23,146,cha146,0.0,0.0007594,0.0,0.0,0.0007594,0.0,0.0,0.0,2019-04-30
24,148,cha148,0.0,0.005652,0.0,0.0,0.005652,0.0,0.0,0.0,2019-04-30
25,153,cha153,0.0,1.351,0.0,0.0,1.351,0.0,0.0,0.0,2019-04-30
26,155,cha155,0.0,0.2336,0.0,0.0,0.2336,0.0,0.0,0.0,2019-04-30
27,158,cha158,0.0,0.05112,0.0,0.0,0.05112,0.0,0.0,0.0,2019-04-30
28,161,cha161,0.0,0.2152,0.0,0.0,0.2152,0.0,0.0,0.0,2019-04-30
29,162,cha162,0.0,0.0005245,0.0,0.0,0.0005245,0.0,0.0,0.0,2019-04-30
30,165,cha165,0.0,0.04901,0.0,0.0,0.04901,0.0,0.0,0.0,2019-04-30
31,166,cha166,0.0,0.001203,0.0,0.0,0.001203,0.0,0.0,0.0,2019-04-30
32,167,cha167,0.0,0.2128,0.0,0.0,0.2128,0.0,0.0,0.0,2019-04-30
33,168,cha168,0.0,0.0004636,0.0,0.0,0.0004636,0.0,0.0,0.0,2019-04-30
34,169,cha169,0.0,0.04694,0.0,0.0,0.04694,0.0,0.0,0.0,2019-04-30
35,170,cha170,0.0,0.002818,0.0,0.0,0.002818,0.0,0.0,0.0,2019-04-30
36,171,cha171,0.0,0.001665,0.0,0.0,0.001665,0.0,0.0,0.0,2019-04-30
37,173,cha173,0.0,0.04629,0.0,0.0,0.04629,0.0,0.0,0.0,2019-04-30
1,29,cha029,0.0,0.0,0.0,0.0,0.0,0.0,0.0,0.0,2019-05-01
2,35,cha035,0.0,0.0,0.0,0.0,0.0,0.0,0.0,0.0,2019-05-01
3,37,cha037,0.0,0.0,0.0,0.0,0.0,0.0,0.0,0.0,2019-05-01
4,38,cha038,0.0,0.04204,0.0,0.0,0.04204,0.0,0.0,0.0,2019-05-01
5,39,cha039,0.0,0.0,0.0,0.0,0.0,0.0,0.0,0.0,2019-05-01
6,41,cha041,0.0,0.0,0.0,0.0,0.0,0.0,0.0,0.0,2019-05-01
7,43,cha043,0.0,0.0,0.0,0.0,0.0,0.0,0.0,0.0,2019-05-01
8,44,cha044,0.0,0.0,0.0,0.0,0.0,0.0,0.0,0.0,2019-05-01
9,45,cha045,0.0,0.0,0.0,0.0,0.0,0.0,0.0,0.0,2019-05-01
10,50,cha050,0.0,0.0,0.0,0.0,0.0,0.0,0.0,0.0,2019-05-01
11,51,cha051,0.0,0.0,0.0,0.0,0.0,0.0,0.0,0.0,2019-05-01
12,54,cha054,0.0,0.0,0.0,0.0,0.0,0.0,0.0,0.0,2019-05-01
13,57,cha057,0.0,0.2209,0.0,0.0,0.2209,0.0,0.0,0.0,2019-05-01
14,59,cha059,0.0,0.0,0.0,0.0,0.0,0.0,0.0,0.0,2019-05-01
15,64,cha064,0.0,0.2516,0.0,0.0,0.2516,0.0,0.0,0.0,2019-05-01
16,66,cha066,0.0,0.0,0.0,0.0,0.0,0.0,0.0,0.0,2019-05-01
17,70,cha070,0.0,0.0,0.0,0.0,0.0,0.0,0.0,0.0,2019-05-01
18,71,cha071,0.0,0.0,0.0,0.0,0.0,0.0,0.0,0.0,2019-05-01
19,74,cha074,0.0,0.0,0.0,0.0,0.0,0.0,0.0,0.0,2019-05-01
20,138,cha138,0.0,0.346,0.0,0.0,0.346,0.0,0.0,0.0,2019-05-01
21,141,cha141,0.0,0.003487,0.0,0.0,0.003487,0.0,0.0,0.0,2019-05-01
22,142,cha142,0.0,0.0001496,0.0,0.0,0.0001496,0.0,0.0,0.0,2019-05-01
23,146,cha146,0.0,0.0007074,0.0,0.0,0.0007074,0.0,0.0,0.0,2019-05-01
24,148,cha148,0.0,0.004481,0.0,0.0,0.004481,0.0,0.0,0.0,2019-05-01
25,153,cha153,0.0,1.335,0.0,0.0,1.335,0.0,0.0,0.0,2019-05-01
26,155,cha155,0.0,0.2318,0.0,0.0,0.2318,0.0,0.0,0.0,2019-05-01
27,158,cha158,0.0,0.05076,0.0,0.0,0.05076,0.0,0.0,0.0,2019-05-01
28,161,cha161,0.0,0.2121,0.0,0.0,0.2121,0.0,0.0,0.0,2019-05-01
29,162,cha162,0.0,0.0004655,0.0,0.0,0.0004655,0.0,0.0,0.0,2019-05-01
30,165,cha165,0.0,0.04883,0.0,0.0,0.04883,0.0,0.0,0.0,2019-05-01
31,166,cha166,0.0,0.001206,0.0,0.0,0.001206,0.0,0.0,0.0,2019-05-01
32,167,cha167,0.0,0.21,0.0,0.0,0.21,0.0,0.0,0.0,2019-05-01
33,168,cha168,0.0,0.0004523,0.0,0.0,0.0004523,0.0,0.0,0.0,2019-05-01
34,169,cha169,0.0,0.04689,0.0,0.0,0.04689,0.0,0.0,0.0,2019-05-01
35,170,cha170,0.0,0.002826,0.0,0.0,0.002826,0.0,0.0,0.0,2019-05-01
36,171,cha171,0.0,0.001669,0.0,0.0,0.001669,0.0,0.0,0.0,2019-05-01
37,173,cha173,0.0,0.04636,0.0,0.0,0.04636,0.0,0.0,0.0,2019-05-01
1,29,cha029,0.0,0.0,0.0,0.0,0.0,0.0,0.0,0.0,2019-05-02
2,35,cha035,0.0,0.0,0.0,0.0,0.0,0.0,0.0,0.0,2019-05-02
3,37,cha037,0.0,0.0,0.0,0.0,0.0,0.0,0.0,0.0,2019-05-02
4,38,cha038,0.0,0.04211,0.0,0.0,0.04211,0.0,0.0,0.0,2019-05-02
5,39,cha039,0.0,0.0,0.0,0.0,0.0,0.0,0.0,0.0,2019-05-02
6,41,cha041,0.0,0.0,0.0,0.0,0.0,0.0,0.0,0.0,2019-05-02
7,43,cha043,0.0,0.0,0.0,0.0,0.0,0.0,0.0,0.0,2019-05-02
8,44,cha044,0.0,0.0,0.0,0.0,0.0,0.0,0.0,0.0,2019-05-02
9,45,cha045,0.0,0.0,0.0,0.0,0.0,0.0,0.0,0.0,2019-05-02
10,50,cha050,0.0,0.0,0.0,0.0,0.0,0.0,0.0,0.0,2019-05-02
11,51,cha051,0.0,0.0,0.0,0.0,0.0,0.0,0.0,0.0,2019-05-02
12,54,cha054,0.0,0.0,0.0,0.0,0.0,0.0,0.0,0.0,2019-05-02
13,57,cha057,0.0,0.2179,0.0,0.0,0.2179,0.0,0.0,0.0,2019-05-02
14,59,cha059,0.0,0.0,0.0,0.0,0.0,0.0,0.0,0.0,2019-05-02
15,64,cha064,0.0,0.248,0.0,0.0,0.248,0.0,0.0,0.0,2019-05-02
16,66,cha066,0.0,0.0,0.0,0.0,0.0,0.0,0.0,0.0,2019-05-02
17,70,cha070,0.0,0.0,0.0,0.0,0.0,0.0,0.0,0.0,2019-05-02
18,71,cha071,0.0,0.0,0.0,0.0,0.0,0.0,0.0,0.0,2019-05-02
19,74,cha074,0.0,0.0,0.0,0.0,0.0,0.0,0.0,0.0,2019-05-02
20,138,cha138,0.0,0.3403,0.0,0.0,0.3403,0.0,0.0,0.0,2019-05-02
21,141,cha141,0.0,0.00293,0.0,0.0,0.00293,0.0,0.0,0.0,2019-05-02
22,142,cha142,0.0,0.0001495,0.0,0.0,0.0001495,0.0,0.0,0.0,2019-05-02
23,146,cha146,0.0,0.000686,0.0,0.0,0.000686,0.0,0.0,0.0,2019-05-02
24,148,cha148,0.0,0.003786,0.0,0.0,0.003786,0.0,0.0,0.0,2019-05-02
25,153,cha153,0.0,1.318,0.0,0.0,1.318,0.0,0.0,0.0,2019-05-02
26,155,cha155,0.0,0.2305,0.0,0.0,0.2305,0.0,0.0,0.0,2019-05-02
27,158,cha158,0.0,0.05061,0.0,0.0,0.05061,0.0,0.0,0.0,2019-05-02
28,161,cha161,0.0,0.2094,0.0,0.0,0.2094,0.0,0.0,0.0,2019-05-02
29,162,cha162,0.0,0.0004347,0.0,0.0,0.0004347,0.0,0.0,0.0,2019-05-02
30,165,cha165,0.0,0.04878,0.0,0.0,0.04878,0.0,0.0,0.0,2019-05-02
31,166,cha166,0.0,0.001208,0.0,0.0,0.001208,0.0,0.0,0.0,2019-05-02
32,167,cha167,0.0,0.2076,0.0,0.0,0.2076,0.0,0.0,0.0,2019-05-02
33,168,cha168,0.0,0.0004473,0.0,0.0,0.0004473,0.0,0.0,0.0,2019-05-02
34,169,cha169,0.0,0.04691,0.0,0.0,0.04691,0.0,0.0,0.0,2019-05-02
35,170,cha170,0.0,0.002835,0.0,0.0,0.002835,0.0,0.0,0.0,2019-05-02
36,171,cha171,0.0,0.001674,0.0,0.0,0.001674,0.0,0.0,0.0,2019-05-02
37,173,cha173,0.0,0.04643,0.0,0.0,0.04643,0.0,0.0,0.0,2019-05-02
1,29,cha029,0.0,0.0,0.0,0.0,0.0,0.0,0.0,0.0,2019-05-03
2,35,cha035,0.0,0.0,0.0,0.0,0.0,0.0,0.0,0.0,2019-05-03
3,37,cha037,0.0,0.0,0.0,0.0,0.0,0.0,0.0,0.0,2019-05-03
4,38,cha038,0.0,0.04217,0.0,0.0,0.04217,0.0,0.0,0.0,2019-05-03
5,39,cha039,0.0,0.0,0.0,0.0,0.0,0.0,0.0,0.0,2019-05-03
6,41,cha041,0.0,0.0,0.0,0.0,0.0,0.0,0.0,0.0,2019-05-03
7,43,cha043,0.0,0.0,0.0,0.0,0.0,0.0,0.0,0.0,2019-05-03
8,44,cha044,0.0,0.0,0.0,0.0,0.0,0.0,0.0,0.0,2019-05-03
9,45,cha045,0.0,0.0,0.0,0.0,0.0,0.0,0.0,0.0,2019-05-03
10,50,cha050,0.0,0.0,0.0,0.0,0.0,0.0,0.0,0.0,2019-05-03
11,51,cha051,0.0,0.0,0.0,0.0,0.0,0.0,0.0,0.0,2019-05-03
12,54,cha054,0.0,0.0,0.0,0.0,0.0,0.0,0.0,0.0,2019-05-03
13,57,cha057,0.0,0.2148,0.0,0.0,0.2148,0.0,0.0,0.0,2019-05-03
14,59,cha059,0.0,0.0,0.0,0.0,0.0,0.0,0.0,0.0,2019-05-03
15,64,cha064,0.0,0.2442,0.0,0.0,0.2442,0.0,0.0,0.0,2019-05-03
16,66,cha066,0.0,0.0,0.0,0.0,0.0,0.0,0.0,0.0,2019-05-03
17,70,cha070,0.0,0.0,0.0,0.0,0.0,0.0,0.0,0.0,2019-05-03
18,71,cha071,0.0,0.0,0.0,0.0,0.0,0.0,0.0,0.0,2019-05-03
19,74,cha074,0.0,0.0,0.0,0.0,0.0,0.0,0.0,0.0,2019-05-03
20,138,cha138,0.0,0.3348,0.0,0.0,0.3348,0.0,0.0,0.0,2019-05-03
21,141,cha141,0.0,0.002587,0.0,0.0,0.002587,0.0,0.0,0.0,2019-05-03
22,142,cha142,0.0,0.0001493,0.0,0.0,0.0001493,0.0,0.0,0.0,2019-05-03
23,146,cha146,0.0,0.000677,0.0,0.0,0.000677,0.0,0.0,0.0,2019-05-03
24,148,cha148,0.0,0.003369,0.0,0.0,0.003369,0.0,0.0,0.0,2019-05-03
25,153,cha153,0.0,1.301,0.0,0.0,1.301,0.0,0.0,0.0,2019-05-03
26,155,cha155,0.0,0.2295,0.0,0.0,0.2295,0.0,0.0,0.0,2019-05-03
27,158,cha158,0.0,0.05056,0.0,0.0,0.05056,0.0,0.0,0.0,2019-05-03
28,161,cha161,0.0,0.2069,0.0,0.0,0.2069,0.0,0.0,0.0,2019-05-03
29,162,cha162,0.0,0.0004187,0.0,0.0,0.0004187,0.0,0.0,0.0,2019-05-03
30,165,cha165,0.0,0.04878,0.0,0.0,0.04878,0.0,0.0,0.0,2019-05-03
31,166,cha166,0.0,0.001211,0.0,0.0,0.001211,0.0,0.0,0.0,2019-05-03
32,167,cha167,0.0,0.2052,0.0,0.0,0.2052,0.0,0.0,0.0,2019-05-03
33,168,cha168,0.0,0.0004453,0.0,0.0,0.0004453,0.0,0.0,0.0,2019-05-03
34,169,cha169,0.0,0.04694,0.0,0.0,0.04694,0.0,0.0,0.0,2019-05-03
35,170,cha170,0.0,0.002842,0.0,0.0,0.002842,0.0,0.0,0.0,2019-05-03
36,171,cha171,0.0,0.001678,0.0,0.0,0.001678,0.0,0.0,0.0,2019-05-03
37,173,cha173,0.0,0.0465,0.0,0.0,0.0465,0.0,0.0,0.0,2019-05-03
1,29,cha029,0.0,0.0,0.0,0.0,0.0,0.0,0.0,0.0,2019-05-04
2,35,cha035,0.0,0.0,0.0,0.0,0.0,0.0,0.0,0.0,2019-05-04
3,37,cha037,0.0,0.0,0.0,0.0,0.0,0.0,0.0,0.0,2019-05-04
4,38,cha038,0.0,0.04221,0.0,0.0,0.04221,0.0,0.0,0.0,2019-05-04
5,39,cha039,0.0,0.0,0.0,0.0,0.0,0.0,0.0,0.0,2019-05-04
6,41,cha041,0.0,0.0,0.0,0.0,0.0,0.0,0.0,0.0,2019-05-04
7,43,cha043,0.0,0.0,0.0,0.0,0.0,0.0,0.0,0.0,2019-05-04
8,44,cha044,0.0,0.0,0.0,0.0,0.0,0.0,0.0,0.0,2019-05-04
9,45,cha045,0.0,0.0,0.0,0.0,0.0,0.0,0.0,0.0,2019-05-04
10,50,cha050,0.0,0.0,0.0,0.0,0.0,0.0,0.0,0.0,2019-05-04
11,51,cha051,0.0,0.0,0.0,0.0,0.0,0.0,0.0,0.0,2019-05-04
12,54,cha054,0.0,0.0,0.0,0.0,0.0,0.0,0.0,0.0,2019-05-04
13,57,cha057,0.0,0.2117,0.0,0.0,0.2117,0.0,0.0,0.0,2019-05-04
14,59,cha059,0.0,0.0,0.0,0.0,0.0,0.0,0.0,0.0,2019-05-04
15,64,cha064,0.0,0.2403,0.0,0.0,0.2403,0.0,0.0,0.0,2019-05-04
16,66,cha066,0.0,0.0,0.0,0.0,0.0,0.0,0.0,0.0,2019-05-04
17,70,cha070,0.0,0.0,0.0,0.0,0.0,0.0,0.0,0.0,2019-05-04
18,71,cha071,0.0,0.0,0.0,0.0,0.0,0.0,0.0,0.0,2019-05-04
19,74,cha074,0.0,0.0,0.0,0.0,0.0,0.0,0.0,0.0,2019-05-04
20,138,cha138,0.0,0.3293,0.0,0.0,0.3293,0.0,0.0,0.0,2019-05-04
21,141,cha141,0.0,0.002374,0.0,0.0,0.002374,0.0,0.0,0.0,2019-05-04
22,142,cha142,0.0,0.0001491,0.0,0.0,0.0001491,0.0,0.0,0.0,2019-05-04
23,146,cha146,0.0,0.000673,0.0,0.0,0.000673,0.0,0.0,0.0,2019-05-04
24,148,cha148,0.0,0.003116,0.0,0.0,0.003116,0.0,0.0,0.0,2019-05-04
25,153,cha153,0.0,1.284,0.0,0.0,1.284,0.0,0.0,0.0,2019-05-04
26,155,cha155,0.0,0.2285,0.0,0.0,0.2285,0.0,0.0,0.0,2019-05-04
27,158,cha158,0.0,0.05055,0.0,0.0,0.05055,0.0,0.0,0.0,2019-05-04
28,161,cha161,0.0,0.2045,0.0,0.0,0.2045,0.0,0.0,0.0,2019-05-04
29,162,cha162,0.0,0.0004103,0.0,0.0,0.0004103,0.0,0.0,0.0,2019-05-04
30,165,cha165,0.0,0.04879,0.0,0.0,0.04879,0.0,0.0,0.0,2019-05-04
31,166,cha166,0.0,0.001213,0.0,0.0,0.001213,0.0,0.0,0.0,2019-05-04
32,167,cha167,0.0,0.2028,0.0,0.0,0.2028,0.0,0.0,0.0,2019-05-04
33,168,cha168,0.0,0.0004447,0.0,0.0,0.0004447,0.0,0.0,0.0,2019-05-04
34,169,cha169,0.0,0.04696,0.0,0.0,0.04696,0.0,0.0,0.0,2019-05-04
35,170,cha170,0.0,0.002849,0.0,0.0,0.002849,0.0,0.0,0.0,2019-05-04
36,171,cha171,0.0,0.001681,0.0,0.0,0.001681,0.0,0.0,0.0,2019-05-04
37,173,cha173,0.0,0.04654,0.0,0.0,0.04654,0.0,0.0,0.0,2019-05-04
1,29,cha029,0.0,0.0,0.0,0.0,0.0,0.0,0.0,0.0,2019-05-05
2,35,cha035,0.0,0.0,0.0,0.0,0.0,0.0,0.0,0.0,2019-05-05
3,37,cha037,0.0,0.0,0.0,0.0,0.0,0.0,0.0,0.0,2019-05-05
4,38,cha038,0.0,0.0423,0.0,0.0,0.0423,0.0,0.0,0.0,2019-05-05
5,39,cha039,0.0,0.0,0.0,0.0,0.0,0.0,0.0,0.0,2019-05-05
6,41,cha041,0.0,0.0,0.0,0.0,0.0,0.0,0.0,0.0,2019-05-05
7,43,cha043,0.0,0.0,0.0,0.0,0.0,0.0,0.0,0.0,2019-05-05
8,44,cha044,0.0,0.0,0.0,0.0,0.0,0.0,0.0,0.0,2019-05-05
9,45,cha045,0.0,0.0,0.0,0.0,0.0,0.0,0.0,0.0,2019-05-05
10,50,cha050,0.0,0.0,0.0,0.0,0.0,0.0,0.0,0.0,2019-05-05
11,51,cha051,0.0,0.0,0.0,0.0,0.0,0.0,0.0,0.0,2019-05-05
12,54,cha054,0.0,0.0,0.0,0.0,0.0,0.0,0.0,0.0,2019-05-05
13,57,cha057,0.0,0.2084,0.0,0.0,0.2084,0.0,0.0,0.0,2019-05-05
14,59,cha059,0.0,0.0,0.0,0.0,0.0,0.0,0.0,0.0,2019-05-05
15,64,cha064,0.0,0.2364,0.0,0.0,0.2364,0.0,0.0,0.0,2019-05-05
16,66,cha066,0.0,0.0,0.0,0.0,0.0,0.0,0.0,0.0,2019-05-05
17,70,cha070,0.0,0.0,0.0,0.0,0.0,0.0,0.0,0.0,2019-05-05
18,71,cha071,0.0,0.0,0.0,0.0,0.0,0.0,0.0,0.0,2019-05-05
19,74,cha074,0.0,0.0,0.0,0.0,0.0,0.0,0.0,0.0,2019-05-05
20,138,cha138,0.0,1.082,0.0,0.0,1.082,0.0,0.0,0.0,2019-05-05
21,141,cha141,0.0,0.6288,0.0,0.0,0.6288,0.0,0.0,0.0,2019-05-05
22,142,cha142,0.0,0.03825,0.0,0.0,0.03825,0.0,0.0,0.0,2019-05-05
23,146,cha146,0.0,0.2772,0.0,0.0,0.2772,0.0,0.0,0.0,2019-05-05
24,148,cha148,0.0,0.7608,0.0,0.0,0.7608,0.0,0.0,0.0,2019-05-05
25,153,cha153,0.0,2.218,0.0,0.0,2.218,0.0,0.0,0.0,2019-05-05
26,155,cha155,0.0,1.179,0.0,0.0,1.179,0.0,0.0,0.0,2019-05-05
27,158,cha158,0.0,0.6017,0.0,0.0,0.6017,0.0,0.0,0.0,2019-05-05
28,161,cha161,0.0,1.067,0.0,0.0,1.067,0.0,0.0,0.0,2019-05-05
29,162,cha162,0.0,0.1032,0.0,0.0,0.1032,0.0,0.0,0.0,2019-05-05
30,165,cha165,0.0,0.2669,0.0,0.0,0.2669,0.0,0.0,0.0,2019-05-05
31,166,cha166,0.0,0.02317,0.0,0.0,0.02317,0.0,0.0,0.0,2019-05-05
32,167,cha167,0.0,0.9202,0.0,0.0,0.9202,0.0,0.0,0.0,2019-05-05
33,168,cha168,0.0,0.02897,0.0,0.0,0.02897,0.0,0.0,0.0,2019-05-05
34,169,cha169,0.0,0.177,0.0,0.0,0.177,0.0,0.0,0.0,2019-05-05
35,170,cha170,0.0,0.03952,0.0,0.0,0.03952,0.0,0.0,0.0,2019-05-05
36,171,cha171,0.0,0.03834,0.0,0.0,0.03834,0.0,0.0,0.0,2019-05-05
37,173,cha173,0.0,0.1407,0.0,0.0,0.1407,0.0,0.0,0.0,2019-05-05
1,29,cha029,0.0,0.0,0.0,0.0,0.0,0.0,0.0,0.0,2019-05-06
2,35,cha035,0.0,0.0,0.0,0.0,0.0,0.0,0.0,0.0,2019-05-06
3,37,cha037,0.0,0.0,0.0,0.0,0.0,0.0,0.0,0.0,2019-05-06
4,38,cha038,0.0,0.04238,0.0,0.0,0.04238,0.0,0.0,0.0,2019-05-06
5,39,cha039,0.0,0.0,0.0,0.0,0.0,0.0,0.0,0.0,2019-05-06
6,41,cha041,0.0,0.0,0.0,0.0,0.0,0.0,0.0,0.0,2019-05-06
7,43,cha043,0.0,0.0,0.0,0.0,0.0,0.0,0.0,0.0,2019-05-06
8,44,cha044,0.0,0.0,0.0,0.0,0.0,0.0,0.0,0.0,2019-05-06
9,45,cha045,0.0,0.0,0.0,0.0,0.0,0.0,0.0,0.0,2019-05-06
10,50,cha050,0.0,0.0,0.0,0.0,0.0,0.0,0.0,0.0,2019-05-06
11,51,cha051,0.0,0.0,0.0,0.0,0.0,0.0,0.0,0.0,2019-05-06
12,54,cha054,0.0,0.0,0.0,0.0,0.0,0.0,0.0,0.0,2019-05-06
13,57,cha057,0.0,0.2051,0.0,0.0,0.2051,0.0,0.0,0.0,2019-05-06
14,59,cha059,0.0,0.0,0.0,0.0,0.0,0.0,0.0,0.0,2019-05-06
15,64,cha064,0.0,0.2324,0.0,0.0,0.2324,0.0,0.0,0.0,2019-05-06
16,66,cha066,0.0,0.0,0.0,0.0,0.0,0.0,0.0,0.0,2019-05-06
17,70,cha070,0.0,0.0,0.0,0.0,0.0,0.0,0.0,0.0,2019-05-06
18,71,cha071,0.0,0.0,0.0,0.0,0.0,0.0,0.0,0.0,2019-05-06
19,74,cha074,0.0,0.0,0.0,0.0,0.0,0.0,0.0,0.0,2019-05-06
20,138,cha138,0.0,0.7487,0.0,0.0,0.7487,0.0,0.0,0.0,2019-05-06
21,141,cha141,0.0,0.3643,0.0,0.0,0.3643,0.0,0.0,0.0,2019-05-06
22,142,cha142,0.0,0.02016,0.0,0.0,0.02016,0.0,0.0,0.0,2019-05-06
23,146,cha146,0.0,0.1463,0.0,0.0,0.1463,0.0,0.0,0.0,2019-05-06
24,148,cha148,0.0,0.4332,0.0,0.0,0.4332,0.0,0.0,0.0,2019-05-06
25,153,cha153,0.0,1.724,0.0,0.0,1.724,0.0,0.0,0.0,2019-05-06
26,155,cha155,0.0,0.7027,0.0,0.0,0.7027,0.0,0.0,0.0,2019-05-06
27,158,cha158,0.0,0.3239,0.0,0.0,0.3239,0.0,0.0,0.0,2019-05-06
28,161,cha161,0.0,0.6352,0.0,0.0,0.6352,0.0,0.0,0.0,2019-05-06
29,162,cha162,0.0,0.05408,0.0,0.0,0.05408,0.0,0.0,0.0,2019-05-06
30,165,cha165,0.0,0.1584,0.0,0.0,0.1584,0.0,0.0,0.0,2019-05-06
31,166,cha166,0.0,0.01347,0.0,0.0,0.01347,0.0,0.0,0.0,2019-05-06
32,167,cha167,0.0,0.5618,0.0,0.0,0.5618,0.0,0.0,0.0,2019-05-06
33,168,cha168,0.0,0.0139,0.0,0.0,0.0139,0.0,0.0,0.0,2019-05-06
34,169,cha169,0.0,0.1141,0.0,0.0,0.1141,0.0,0.0,0.0,2019-05-06
35,170,cha170,0.0,0.02256,0.0,0.0,0.02256,0.0,0.0,0.0,2019-05-06
36,171,cha171,0.0,0.02138,0.0,0.0,0.02138,0.0,0.0,0.0,2019-05-06
37,173,cha173,0.0,0.09575,0.0,0.0,0.09575,0.0,0.0,0.0,2019-05-06
1,29,cha029,0.0,0.0,0.0,0.0,0.0,0.0,0.0,0.0,2019-05-07
2,35,cha035,0.0,0.0,0.0,0.0,0.0,0.0,0.0,0.0,2019-05-07
3,37,cha037,0.0,0.0,0.0,0.0,0.0,0.0,0.0,0.0,2019-05-07
4,38,cha038,0.0,0.04246,0.0,0.0,0.04246,0.0,0.0,0.0,2019-05-07
5,39,cha039,0.0,0.0,0.0,0.0,0.0,0.0,0.0,0.0,2019-05-07
6,41,cha041,0.0,0.0,0.0,0.0,0.0,0.0,0.0,0.0,2019-05-07
7,43,cha043,0.0,0.0,0.0,0.0,0.0,0.0,0.0,0.0,2019-05-07
8,44,cha044,0.0,0.0,0.0,0.0,0.0,0.0,0.0,0.0,2019-05-07
9,45,cha045,0.0,0.0,0.0,0.0,0.0,0.0,0.0,0.0,2019-05-07
10,50,cha050,0.0,0.0,0.0,0.0,0.0,0.0,0.0,0.0,2019-05-07
11,51,cha051,0.0,0.0,0.0,0.0,0.0,0.0,0.0,0.0,2019-05-07
12,54,cha054,0.0,0.0,0.0,0.0,0.0,0.0,0.0,0.0,2019-05-07
13,57,cha057,0.0,0.2017,0.0,0.0,0.2017,0.0,0.0,0.0,2019-05-07
14,59,cha059,0.0,0.0,0.0,0.0,0.0,0.0,0.0,0.0,2019-05-07
15,64,cha064,0.0,0.2284,0.0,0.0,0.2284,0.0,0.0,0.0,2019-05-07
16,66,cha066,0.0,0.0,0.0,0.0,0.0,0.0,0.0,0.0,2019-05-07
17,70,cha070,0.0,0.0,0.0,0.0,0.0,0.0,0.0,0.0,2019-05-07
18,71,cha071,0.0,0.0,0.0,0.0,0.0,0.0,0.0,0.0,2019-05-07
19,74,cha074,0.0,0.0,0.0,0.0,0.0,0.0,0.0,0.0,2019-05-07
20,138,cha138,0.0,0.5612,0.0,0.0,0.5612,0.0,0.0,0.0,2019-05-07
21,141,cha141,0.0,0.2144,0.0,0.0,0.2144,0.0,0.0,0.0,2019-05-07
22,142,cha142,0.0,0.01065,0.0,0.0,0.01065,0.0,0.0,0.0,2019-05-07
23,146,cha146,0.0,0.07824,0.0,0.0,0.07824,0.0,0.0,0.0,2019-05-07
24,148,cha148,0.0,0.2511,0.0,0.0,0.2511,0.0,0.0,0.0,2019-05-07
25,153,cha153,0.0,1.476,0.0,0.0,1.476,0.0,0.0,0.0,2019-05-07
26,155,cha155,0.0,0.4714,0.0,0.0,0.4714,0.0,0.0,0.0,2019-05-07
27,158,cha158,0.0,0.1906,0.0,0.0,0.1906,0.0,0.0,0.0,2019-05-07
28,161,cha161,0.0,0.424,0.0,0.0,0.424,0.0,0.0,0.0,2019-05-07
29,162,cha162,0.0,0.02843,0.0,0.0,0.02843,0.0,0.0,0.0,2019-05-07
30,165,cha165,0.0,0.1046,0.0,0.0,0.1046,0.0,0.0,0.0,2019-05-07
31,166,cha166,0.0,0.008062,0.0,0.0,0.008062,0.0,0.0,0.0,2019-05-07
32,167,cha167,0.0,0.3856,0.0,0.0,0.3856,0.0,0.0,0.0,2019-05-07
33,168,cha168,0.0,0.006797,0.0,0.0,0.006797,0.0,0.0,0.0,2019-05-07
34,169,cha169,0.0,0.08203,0.0,0.0,0.08203,0.0,0.0,0.0,2019-05-07
35,170,cha170,0.0,0.01347,0.0,0.0,0.01347,0.0,0.0,0.0,2019-05-07
36,171,cha171,0.0,0.0123,0.0,0.0,0.0123,0.0,0.0,0.0,2019-05-07
37,173,cha173,0.0,0.07242,0.0,0.0,0.07242,0.0,0.0,0.0,2019-05-07
1,29,cha029,0.0,0.0,0.0,0.0,0.0,0.0,0.0,0.0,2019-05-08
2,35,cha035,0.0,0.0,0.0,0.0,0.0,0.0,0.0,0.0,2019-05-08
3,37,cha037,0.0,0.0,0.0,0.0,0.0,0.0,0.0,0.0,2019-05-08
4,38,cha038,0.0,0.04265,0.0,0.0,0.04265,0.0,0.0,0.0,2019-05-08
5,39,cha039,0.0,0.0,0.0,0.0,0.0,0.0,0.0,0.0,2019-05-08
6,41,cha041,0.0,0.0,0.0,0.0,0.0,0.0,0.0,0.0,2019-05-08
7,43,cha043,0.0,0.0,0.0,0.0,0.0,0.0,0.0,0.0,2019-05-08
8,44,cha044,0.0,0.0,0.0,0.0,0.0,0.0,0.0,0.0,2019-05-08
9,45,cha045,0.0,0.0,0.0,0.0,0.0,0.0,0.0,0.0,2019-05-08
10,50,cha050,0.0,0.0,0.0,0.0,0.0,0.0,0.0,0.0,2019-05-08
11,51,cha051,0.0,0.0,0.0,0.0,0.0,0.0,0.0,0.0,2019-05-08
12,54,cha054,0.0,0.0,0.0,0.0,0.0,0.0,0.0,0.0,2019-05-08
13,57,cha057,0.0,0.2036,0.0,0.0,0.2036,0.0,0.0,0.0,2019-05-08
14,59,cha059,0.0,0.0,0.0,0.0,0.0,0.0,0.0,0.0,2019-05-08
15,64,cha064,0.0,0.2297,0.0,0.0,0.2297,0.0,0.0,0.0,2019-05-08
16,66,cha066,0.0,0.0,0.0,0.0,0.0,0.0,0.0,0.0,2019-05-08
17,70,cha070,0.0,0.0,0.0,0.0,0.0,0.0,0.0,0.0,2019-05-08
18,71,cha071,0.0,0.0,0.0,0.0,0.0,0.0,0.0,0.0,2019-05-08
19,74,cha074,0.0,0.0,0.0,0.0,0.0,0.0,0.0,0.0,2019-05-08
20,138,cha138,0.0,0.5049,0.0,0.0,0.5049,0.0,0.0,0.0,2019-05-08
21,141,cha141,0.0,0.1568,0.0,0.0,0.1568,0.0,0.0,0.0,2019-05-08
22,142,cha142,0.0,0.005665,0.0,0.0,0.005665,0.0,0.0,0.0,2019-05-08
23,146,cha146,0.0,0.048,0.0,0.0,0.048,0.0,0.0,0.0,2019-05-08
24,148,cha148,0.0,0.1933,0.0,0.0,0.1933,0.0,0.0,0.0,2019-05-08
25,153,cha153,0.0,1.544,0.0,0.0,1.544,0.0,0.0,0.0,2019-05-08
26,155,cha155,0.0,0.5473,0.0,0.0,0.5473,0.0,0.0,0.0,2019-05-08
27,158,cha158,0.0,0.2289,0.0,0.0,0.2289,0.0,0.0,0.0,2019-05-08
28,161,cha161,0.0,0.4765,0.0,0.0,0.4765,0.0,0.0,0.0,2019-05-08
29,162,cha162,0.0,0.01793,0.0,0.0,0.01793,0.0,0.0,0.0,2019-05-08
30,165,cha165,0.0,0.163,0.0,0.0,0.163,0.0,0.0,0.0,2019-05-08
31,166,cha166,0.0,0.007191,0.0,0.0,0.007191,0.0,0.0,0.0,2019-05-08
32,167,cha167,0.0,0.4159,0.0,0.0,0.4159,0.0,0.0,0.0,2019-05-08
33,168,cha168,0.0,0.007786,0.0,0.0,0.007786,0.0,0.0,0.0,2019-05-08
34,169,cha169,0.0,0.1211,0.0,0.0,0.1211,0.0,0.0,0.0,2019-05-08
35,170,cha170,0.0,0.02917,0.0,0.0,0.02917,0.0,0.0,0.0,2019-05-08
36,171,cha171,0.0,0.01605,0.0,0.0,0.01605,0.0,0.0,0.0,2019-05-08
37,173,cha173,0.0,0.08898,0.0,0.0,0.08898,0.0,0.0,0.0,2019-05-08
1,29,cha029,0.0,0.0,0.0,0.0,0.0,0.0,0.0,0.0,2019-05-09
2,35,cha035,0.0,0.0,0.0,0.0,0.0,0.0,0.0,0.0,2019-05-09
3,37,cha037,0.0,0.0,0.0,0.0,0.0,0.0,0.0,0.0,2019-05-09
4,38,cha038,0.0,0.04283,0.0,0.0,0.04283,0.0,0.0,0.0,2019-05-09
5,39,cha039,0.0,0.0,0.0,0.0,0.0,0.0,0.0,0.0,2019-05-09
6,41,cha041,0.0,0.0,0.0,0.0,0.0,0.0,0.0,0.0,2019-05-09
7,43,cha043,0.0,0.0,0.0,0.0,0.0,0.0,0.0,0.0,2019-05-09
8,44,cha044,0.0,0.0,0.0,0.0,0.0,0.0,0.0,0.0,2019-05-09
9,45,cha045,0.0,0.0,0.0,0.0,0.0,0.0,0.0,0.0,2019-05-09
10,50,cha050,0.0,0.0,0.0,0.0,0.0,0.0,0.0,0.0,2019-05-09
11,51,cha051,0.0,0.0,0.0,0.0,0.0,0.0,0.0,0.0,2019-05-09
12,54,cha054,0.0,0.0,0.0,0.0,0.0,0.0,0.0,0.0,2019-05-09
13,57,cha057,0.0,0.205,0.0,0.0,0.205,0.0,0.0,0.0,2019-05-09
14,59,cha059,0.0,0.0,0.0,0.0,0.0,0.0,0.0,0.0,2019-05-09
15,64,cha064,0.0,0.2305,0.0,0.0,0.2305,0.0,0.0,0.0,2019-05-09
16,66,cha066,0.0,0.0,0.0,0.0,0.0,0.0,0.0,0.0,2019-05-09
17,70,cha070,0.0,0.0,0.0,0.0,0.0,0.0,0.0,0.0,2019-05-09
18,71,cha071,0.0,0.0,0.0,0.0,0.0,0.0,0.0,0.0,2019-05-09
19,74,cha074,0.0,0.0,0.0,0.0,0.0,0.0,0.0,0.0,2019-05-09
20,138,cha138,0.0,0.4255,0.0,0.0,0.4255,0.0,0.0,0.0,2019-05-09
21,141,cha141,0.0,0.09361,0.0,0.0,0.09361,0.0,0.0,0.0,2019-05-09
22,142,cha142,0.0,0.003045,0.0,0.0,0.003045,0.0,0.0,0.0,2019-05-09
23,146,cha146,0.0,0.02552,0.0,0.0,0.02552,0.0,0.0,0.0,2019-05-09
24,148,cha148,0.0,0.1131,0.0,0.0,0.1131,0.0,0.0,0.0,2019-05-09
25,153,cha153,0.0,1.384,0.0,0.0,1.384,0.0,0.0,0.0,2019-05-09
26,155,cha155,0.0,0.395,0.0,0.0,0.395,0.0,0.0,0.0,2019-05-09
27,158,cha158,0.0,0.1399,0.0,0.0,0.1399,0.0,0.0,0.0,2019-05-09
28,161,cha161,0.0,0.3448,0.0,0.0,0.3448,0.0,0.0,0.0,2019-05-09
29,162,cha162,0.0,0.009557,0.0,0.0,0.009557,0.0,0.0,0.0,2019-05-09
30,165,cha165,0.0,0.1067,0.0,0.0,0.1067,0.0,0.0,0.0,2019-05-09
31,166,cha166,0.0,0.004563,0.0,0.0,0.004563,0.0,0.0,0.0,2019-05-09
32,167,cha167,0.0,0.3124,0.0,0.0,0.3124,0.0,0.0,0.0,2019-05-09
33,168,cha168,0.0,0.003914,0.0,0.0,0.003914,0.0,0.0,0.0,2019-05-09
34,169,cha169,0.0,0.08534,0.0,0.0,0.08534,0.0,0.0,0.0,2019-05-09
35,170,cha170,0.0,0.01598,0.0,0.0,0.01598,0.0,0.0,0.0,2019-05-09
36,171,cha171,0.0,0.008882,0.0,0.0,0.008882,0.0,0.0,0.0,2019-05-09
37,173,cha173,0.0,0.06832,0.0,0.0,0.06832,0.0,0.0,0.0,2019-05-09
1,29,cha029,0.0,0.0,0.0,0.0,0.0,0.0,0.0,0.0,2019-05-10
2,35,cha035,0.0,0.0,0.0,0.0,0.0,0.0,0.0,0.0,2019-05-10
3,37,cha037,0.0,0.0,0.0,0.0,0.0,0.0,0.0,0.0,2019-05-10
4,38,cha038,0.0,0.04297,0.0,0.0,0.04297,0.0,0.0,0.0,2019-05-10
5,39,cha039,0.0,0.0,0.0,0.0,0.0,0.0,0.0,0.0,2019-05-10
6,41,cha041,0.0,0.0,0.0,0.0,0.0,0.0,0.0,0.0,2019-05-10
7,43,cha043,0.0,0.0,0.0,0.0,0.0,0.0,0.0,0.0,2019-05-10
8,44,cha044,0.0,0.0,0.0,0.0,0.0,0.0,0.0,0.0,2019-05-10
9,45,cha045,0.0,0.0,0.0,0.0,0.0,0.0,0.0,0.0,2019-05-10
10,50,cha050,0.0,0.0,0.0,0.0,0.0,0.0,0.0,0.0,2019-05-10
11,51,cha051,0.0,0.0,0.0,0.0,0.0,0.0,0.0,0.0,2019-05-10
12,54,cha054,0.0,0.0,0.0,0.0,0.0,0.0,0.0,0.0,2019-05-10
13,57,cha057,0.0,0.2061,0.0,0.0,0.2061,0.0,0.0,0.0,2019-05-10
14,59,cha059,0.0,0.0,0.0,0.0,0.0,0.0,0.0,0.0,2019-05-10
15,64,cha064,0.0,0.2309,0.0,0.0,0.2309,0.0,0.0,0.0,2019-05-10
16,66,cha066,0.0,0.0,0.0,0.0,0.0,0.0,0.0,0.0,2019-05-10
17,70,cha070,0.0,0.0,0.0,0.0,0.0,0.0,0.0,0.0,2019-05-10
18,71,cha071,0.0,0.0,0.0,0.0,0.0,0.0,0.0,0.0,2019-05-10
19,74,cha074,0.0,0.0,0.0,0.0,0.0,0.0,0.0,0.0,2019-05-10
20,138,cha138,0.0,0.3802,0.0,0.0,0.3802,0.0,0.0,0.0,2019-05-10
21,141,cha141,0.0,0.05681,0.0,0.0,0.05681,0.0,0.0,0.0,2019-05-10
22,142,cha142,0.0,0.00167,0.0,0.0,0.00167,0.0,0.0,0.0,2019-05-10
23,146,cha146,0.0,0.01389,0.0,0.0,0.01389,0.0,0.0,0.0,2019-05-10
24,148,cha148,0.0,0.06752,0.0,0.0,0.06752,0.0,0.0,0.0,2019-05-10
25,153,cha153,0.0,1.301,0.0,0.0,1.301,0.0,0.0,0.0,2019-05-10
26,155,cha155,0.0,0.3218,0.0,0.0,0.3218,0.0,0.0,0.0,2019-05-10
27,158,cha158,0.0,0.09678,0.0,0.0,0.09678,0.0,0.0,0.0,2019-05-10
28,161,cha161,0.0,0.2805,0.0,0.0,0.2805,0.0,0.0,0.0,2019-05-10
29,162,cha162,0.0,0.005188,0.0,0.0,0.005188,0.0,0.0,0.0,2019-05-10
30,165,cha165,0.0,0.07883,0.0,0.0,0.07883,0.0,0.0,0.0,2019-05-10
31,166,cha166,0.0,0.003099,0.0,0.0,0.003099,0.0,0.0,0.0,2019-05-10
32,167,cha167,0.0,0.2625,0.0,0.0,0.2625,0.0,0.0,0.0,2019-05-10
33,168,cha168,0.0,0.002088,0.0,0.0,0.002088,0.0,0.0,0.0,2019-05-10
34,169,cha169,0.0,0.06733,0.0,0.0,0.06733,0.0,0.0,0.0,2019-05-10
35,170,cha170,0.0,0.0095,0.0,0.0,0.0095,0.0,0.0,0.0,2019-05-10
36,171,cha171,0.0,0.005369,0.0,0.0,0.005369,0.0,0.0,0.0,2019-05-10
37,173,cha173,0.0,0.05807,0.0,0.0,0.05807,0.0,0.0,0.0,2019-05-10
1,29,cha029,0.0,0.0,0.0,0.0,0.0,0.0,0.0,0.0,2019-05-11
2,35,cha035,0.0,0.0,0.0,0.0,0.0,0.0,0.0,0.0,2019-05-11
3,37,cha037,0.0,0.0,0.0,0.0,0.0,0.0,0.0,0.0,2019-05-11
4,38,cha038,0.0,0.04309,0.0,0.0,0.04309,0.0,0.0,0.0,2019-05-11
5,39,cha039,0.0,0.0,0.0,0.0,0.0,0.0,0.0,0.0,2019-05-11
6,41,cha041,0.0,0.0,0.0,0.0,0.0,0.0,0.0,0.0,2019-05-11
7,43,cha043,0.0,0.0,0.0,0.0,0.0,0.0,0.0,0.0,2019-05-11
8,44,cha044,0.0,0.0,0.0,0.0,0.0,0.0,0.0,0.0,2019-05-11
9,45,cha045,0.0,0.0,0.0,0.0,0.0,0.0,0.0,0.0,2019-05-11
10,50,cha050,0.0,0.0,0.0,0.0,0.0,0.0,0.0,0.0,2019-05-11
11,51,cha051,0.0,0.0,0.0,0.0,0.0,0.0,0.0,0.0,2019-05-11
12,54,cha054,0.0,0.0,0.0,0.0,0.0,0.0,0.0,0.0,2019-05-11
13,57,cha057,0.0,0.2067,0.0,0.0,0.2067,0.0,0.0,0.0,2019-05-11
14,59,cha059,0.0,0.0,0.0,0.0,0.0,0.0,0.0,0.0,2019-05-11
15,64,cha064,0.0,0.2309,0.0,0.0,0.2309,0.0,0.0,0.0,2019-05-11
16,66,cha066,0.0,0.0,0.0,0.0,0.0,0.0,0.0,0.0,2019-05-11
17,70,cha070,0.0,0.0,0.0,0.0,0.0,0.0,0.0,0.0,2019-05-11
18,71,cha071,0.0,0.0,0.0,0.0,0.0,0.0,0.0,0.0,2019-05-11
19,74,cha074,0.0,0.0,0.0,0.0,0.0,0.0,0.0,0.0,2019-05-11
20,138,cha138,0.0,0.3536,0.0,0.0,0.3536,0.0,0.0,0.0,2019-05-11
21,141,cha141,0.0,0.03504,0.0,0.0,0.03504,0.0,0.0,0.0,2019-05-11
22,142,cha142,0.0,0.0009484,0.0,0.0,0.0009484,0.0,0.0,0.0,2019-05-11
23,146,cha146,0.0,0.007774,0.0,0.0,0.007774,0.0,0.0,0.0,2019-05-11
24,148,cha148,0.0,0.04111,0.0,0.0,0.04111,0.0,0.0,0.0,2019-05-11
25,153,cha153,0.0,1.255,0.0,0.0,1.255,0.0,0.0,0.0,2019-05-11
26,155,cha155,0.0,0.286,0.0,0.0,0.286,0.0,0.0,0.0,2019-05-11
27,158,cha158,0.0,0.0752,0.0,0.0,0.0752,0.0,0.0,0.0,2019-05-11
28,161,cha161,0.0,0.2484,0.0,0.0,0.2484,0.0,0.0,0.0,2019-05-11
29,162,cha162,0.0,0.002908,0.0,0.0,0.002908,0.0,0.0,0.0,2019-05-11
30,165,cha165,0.0,0.06483,0.0,0.0,0.06483,0.0,0.0,0.0,2019-05-11
31,166,cha166,0.0,0.002285,0.0,0.0,0.002285,0.0,0.0,0.0,2019-05-11
32,167,cha167,0.0,0.2378,0.0,0.0,0.2378,0.0,0.0,0.0,2019-05-11
33,168,cha168,0.0,0.001228,0.0,0.0,0.001228,0.0,0.0,0.0,2019-05-11
34,169,cha169,0.0,0.05816,0.0,0.0,0.05816,0.0,0.0,0.0,2019-05-11
35,170,cha170,0.0,0.006275,0.0,0.0,0.006275,0.0,0.0,0.0,2019-05-11
36,171,cha171,0.0,0.003613,0.0,0.0,0.003613,0.0,0.0,0.0,2019-05-11
37,173,cha173,0.0,0.05297,0.0,0.0,0.05297,0.0,0.0,0.0,2019-05-11
1,29,cha029,0.0,0.0,0.0,0.0,0.0,0.0,0.0,0.0,2019-05-12
2,35,cha035,0.0,0.0,0.0,0.0,0.0,0.0,0.0,0.0,2019-05-12
3,37,cha037,0.0,0.0,0.0,0.0,0.0,0.0,0.0,0.0,2019-05-12
4,38,cha038,0.0,0.04319,0.0,0.0,0.04319,0.0,0.0,0.0,2019-05-12
5,39,cha039,0.0,0.0,0.0,0.0,0.0,0.0,0.0,0.0,2019-05-12
6,41,cha041,0.0,0.0,0.0,0.0,0.0,0.0,0.0,0.0,2019-05-12
7,43,cha043,0.0,0.0,0.0,0.0,0.0,0.0,0.0,0.0,2019-05-12
8,44,cha044,0.0,0.0,0.0,0.0,0.0,0.0,0.0,0.0,2019-05-12
9,45,cha045,0.0,0.0,0.0,0.0,0.0,0.0,0.0,0.0,2019-05-12
10,50,cha050,0.0,0.0,0.0,0.0,0.0,0.0,0.0,0.0,2019-05-12
11,51,cha051,0.0,0.0,0.0,0.0,0.0,0.0,0.0,0.0,2019-05-12
12,54,cha054,0.0,0.0,0.0,0.0,0.0,0.0,0.0,0.0,2019-05-12
13,57,cha057,0.0,0.2069,0.0,0.0,0.2069,0.0,0.0,0.0,2019-05-12
14,59,cha059,0.0,0.0,0.0,0.0,0.0,0.0,0.0,0.0,2019-05-12
15,64,cha064,0.0,0.2305,0.0,0.0,0.2305,0.0,0.0,0.0,2019-05-12
16,66,cha066,0.0,0.0,0.0,0.0,0.0,0.0,0.0,0.0,2019-05-12
17,70,cha070,0.0,0.0,0.0,0.0,0.0,0.0,0.0,0.0,2019-05-12
18,71,cha071,0.0,0.0,0.0,0.0,0.0,0.0,0.0,0.0,2019-05-12
19,74,cha074,0.0,0.0,0.0,0.0,0.0,0.0,0.0,0.0,2019-05-12
20,138,cha138,0.0,0.3374,0.0,0.0,0.3374,0.0,0.0,0.0,2019-05-12
21,141,cha141,0.0,0.02204,0.0,0.0,0.02204,0.0,0.0,0.0,2019-05-12
22,142,cha142,0.0,0.0005694,0.0,0.0,0.0005694,0.0,0.0,0.0,2019-05-12
23,146,cha146,0.0,0.004522,0.0,0.0,0.004522,0.0,0.0,0.0,2019-05-12
24,148,cha148,0.0,0.02564,0.0,0.0,0.02564,0.0,0.0,0.0,2019-05-12
25,153,cha153,0.0,1.227,0.0,0.0,1.227,0.0,0.0,0.0,2019-05-12
26,155,cha155,0.0,0.2686,0.0,0.0,0.2686,0.0,0.0,0.0,2019-05-12
27,158,cha158,0.0,0.06417,0.0,0.0,0.06417,0.0,0.0,0.0,2019-05-12
28,161,cha161,0.0,0.2322,0.0,0.0,0.2322,0.0,0.0,0.0,2019-05-12
29,162,cha162,0.0,0.001718,0.0,0.0,0.001718,0.0,0.0,0.0,2019-05-12
30,165,cha165,0.0,0.05775,0.0,0.0,0.05775,0.0,0.0,0.0,2019-05-12
31,166,cha166,0.0,0.001832,0.0,0.0,0.001832,0.0,0.0,0.0,2019-05-12
32,167,cha167,0.0,0.2256,0.0,0.0,0.2256,0.0,0.0,0.0,2019-05-12
33,168,cha168,0.0,0.0008228,0.0,0.0,0.0008228,0.0,0.0,0.0,2019-05-12
34,169,cha169,0.0,0.05346,0.0,0.0,0.05346,0.0,0.0,0.0,2019-05-12
35,170,cha170,0.0,0.004656,0.0,0.0,0.004656,0.0,0.0,0.0,2019-05-12
36,171,cha171,0.0,0.002721,0.0,0.0,0.002721,0.0,0.0,0.0,2019-05-12
37,173,cha173,0.0,0.05045,0.0,0.0,0.05045,0.0,0.0,0.0,2019-05-12
1,29,cha029,0.0,0.0,0.0,0.0,0.0,0.0,0.0,0.0,2019-05-13
2,35,cha035,0.0,0.0,0.0,0.0,0.0,0.0,0.0,0.0,2019-05-13
3,37,cha037,0.0,0.0,0.0,0.0,0.0,0.0,0.0,0.0,2019-05-13
4,38,cha038,0.0,0.04329,0.0,0.0,0.04329,0.0,0.0,0.0,2019-05-13
5,39,cha039,0.0,0.0,0.0,0.0,0.0,0.0,0.0,0.0,2019-05-13
6,41,cha041,0.0,0.0,0.0,0.0,0.0,0.0,0.0,0.0,2019-05-13
7,43,cha043,0.0,0.0,0.0,0.0,0.0,0.0,0.0,0.0,2019-05-13
8,44,cha044,0.0,0.0,0.0,0.0,0.0,0.0,0.0,0.0,2019-05-13
9,45,cha045,0.0,0.0,0.0,0.0,0.0,0.0,0.0,0.0,2019-05-13
10,50,cha050,0.0,0.0,0.0,0.0,0.0,0.0,0.0,0.0,2019-05-13
11,51,cha051,0.0,0.0,0.0,0.0,0.0,0.0,0.0,0.0,2019-05-13
12,54,cha054,0.0,0.0,0.0,0.0,0.0,0.0,0.0,0.0,2019-05-13
13,57,cha057,0.0,0.2068,0.0,0.0,0.2068,0.0,0.0,0.0,2019-05-13
14,59,cha059,0.0,0.0,0.0,0.0,0.0,0.0,0.0,0.0,2019-05-13
15,64,cha064,0.0,0.2298,0.0,0.0,0.2298,0.0,0.0,0.0,2019-05-13
16,66,cha066,0.0,0.0,0.0,0.0,0.0,0.0,0.0,0.0,2019-05-13
17,70,cha070,0.0,0.0,0.0,0.0,0.0,0.0,0.0,0.0,2019-05-13
18,71,cha071,0.0,0.0,0.0,0.0,0.0,0.0,0.0,0.0,2019-05-13
19,74,cha074,0.0,0.0,0.0,0.0,0.0,0.0,0.0,0.0,2019-05-13
20,138,cha138,0.0,0.3271,0.0,0.0,0.3271,0.0,0.0,0.0,2019-05-13
21,141,cha141,0.0,0.01422,0.0,0.0,0.01422,0.0,0.0,0.0,2019-05-13
22,142,cha142,0.0,0.0003705,0.0,0.0,0.0003705,0.0,0.0,0.0,2019-05-13
23,146,cha146,0.0,0.002775,0.0,0.0,0.002775,0.0,0.0,0.0,2019-05-13
24,148,cha148,0.0,0.0165,0.0,0.0,0.0165,0.0,0.0,0.0,2019-05-13
25,153,cha153,0.0,1.207,0.0,0.0,1.207,0.0,0.0,0.0,2019-05-13
26,155,cha155,0.0,0.2603,0.0,0.0,0.2603,0.0,0.0,0.0,2019-05-13
27,158,cha158,0.0,0.05848,0.0,0.0,0.05848,0.0,0.0,0.0,2019-05-13
28,161,cha161,0.0,0.2239,0.0,0.0,0.2239,0.0,0.0,0.0,2019-05-13
29,162,cha162,0.0,0.001098,0.0,0.0,0.001098,0.0,0.0,0.0,2019-05-13
30,165,cha165,0.0,0.05416,0.0,0.0,0.05416,0.0,0.0,0.0,2019-05-13
31,166,cha166,0.0,0.001582,0.0,0.0,0.001582,0.0,0.0,0.0,2019-05-13
32,167,cha167,0.0,0.2195,0.0,0.0,0.2195,0.0,0.0,0.0,2019-05-13
33,168,cha168,0.0,0.0006329,0.0,0.0,0.0006329,0.0,0.0,0.0,2019-05-13
34,169,cha169,0.0,0.05105,0.0,0.0,0.05105,0.0,0.0,0.0,2019-05-13
35,170,cha170,0.0,0.003839,0.0,0.0,0.003839,0.0,0.0,0.0,2019-05-13
36,171,cha171,0.0,0.002263,0.0,0.0,0.002263,0.0,0.0,0.0,2019-05-13
37,173,cha173,0.0,0.04921,0.0,0.0,0.04921,0.0,0.0,0.0,2019-05-13
1,29,cha029,0.0,0.0,0.0,0.0,0.0,0.0,0.0,0.0,2019-05-14
2,35,cha035,0.0,0.0,0.0,0.0,0.0,0.0,0.0,0.0,2019-05-14
3,37,cha037,0.0,0.0,0.0,0.0,0.0,0.0,0.0,0.0,2019-05-14
4,38,cha038,0.0,0.0434,0.0,0.0,0.0434,0.0,0.0,0.0,2019-05-14
5,39,cha039,0.0,0.0,0.0,0.0,0.0,0.0,0.0,0.0,2019-05-14
6,41,cha041,0.0,0.0,0.0,0.0,0.0,0.0,0.0,0.0,2019-05-14
7,43,cha043,0.0,0.0,0.0,0.0,0.0,0.0,0.0,0.0,2019-05-14
8,44,cha044,0.0,0.0,0.0,0.0,0.0,0.0,0.0,0.0,2019-05-14
9,45,cha045,0.0,0.0,0.0,0.0,0.0,0.0,0.0,0.0,2019-05-14
10,50,cha050,0.0,0.0,0.0,0.0,0.0,0.0,0.0,0.0,2019-05-14
11,51,cha051,0.0,0.0,0.0,0.0,0.0,0.0,0.0,0.0,2019-05-14
12,54,cha054,0.0,0.0,0.0,0.0,0.0,0.0,0.0,0.0,2019-05-14
13,57,cha057,0.0,0.2064,0.0,0.0,0.2064,0.0,0.0,0.0,2019-05-14
14,59,cha059,0.0,0.0,0.0,0.0,0.0,0.0,0.0,0.0,2019-05-14
15,64,cha064,0.0,0.2288,0.0,0.0,0.2288,0.0,0.0,0.0,2019-05-14
16,66,cha066,0.0,0.0,0.0,0.0,0.0,0.0,0.0,0.0,2019-05-14
17,70,cha070,0.0,0.0,0.0,0.0,0.0,0.0,0.0,0.0,2019-05-14
18,71,cha071,0.0,0.0,0.0,0.0,0.0,0.0,0.0,0.0,2019-05-14
19,74,cha074,0.0,0.0,0.0,0.0,0.0,0.0,0.0,0.0,2019-05-14
20,138,cha138,0.0,0.3202,0.0,0.0,0.3202,0.0,0.0,0.0,2019-05-14
21,141,cha141,0.0,0.0095,0.0,0.0,0.0095,0.0,0.0,0.0,2019-05-14
22,142,cha142,0.0,0.0002662,0.0,0.0,0.0002662,0.0,0.0,0.0,2019-05-14
23,146,cha146,0.0,0.00183,0.0,0.0,0.00183,0.0,0.0,0.0,2019-05-14
24,148,cha148,0.0,0.01106,0.0,0.0,0.01106,0.0,0.0,0.0,2019-05-14
25,153,cha153,0.0,1.191,0.0,0.0,1.191,0.0,0.0,0.0,2019-05-14
26,155,cha155,0.0,0.2565,0.0,0.0,0.2565,0.0,0.0,0.0,2019-05-14
27,158,cha158,0.0,0.05556,0.0,0.0,0.05556,0.0,0.0,0.0,2019-05-14
28,161,cha161,0.0,0.2197,0.0,0.0,0.2197,0.0,0.0,0.0,2019-05-14
29,162,cha162,0.0,0.0007745,0.0,0.0,0.0007745,0.0,0.0,0.0,2019-05-14
30,165,cha165,0.0,0.05237,0.0,0.0,0.05237,0.0,0.0,0.0,2019-05-14
31,166,cha166,0.0,0.001444,0.0,0.0,0.001444,0.0,0.0,0.0,2019-05-14
32,167,cha167,0.0,0.2164,0.0,0.0,0.2164,0.0,0.0,0.0,2019-05-14
33,168,cha168,0.0,0.0005442,0.0,0.0,0.0005442,0.0,0.0,0.0,2019-05-14
34,169,cha169,0.0,0.04986,0.0,0.0,0.04986,0.0,0.0,0.0,2019-05-14
35,170,cha170,0.0,0.003426,0.0,0.0,0.003426,0.0,0.0,0.0,2019-05-14
36,171,cha171,0.0,0.002026,0.0,0.0,0.002026,0.0,0.0,0.0,2019-05-14
37,173,cha173,0.0,0.04865,0.0,0.0,0.04865,0.0,0.0,0.0,2019-05-14
1,29,cha029,0.0,0.0,0.0,0.0,0.0,0.0,0.0,0.0,2019-05-15
2,35,cha035,0.0,0.0,0.0,0.0,0.0,0.0,0.0,0.0,2019-05-15
3,37,cha037,0.0,0.0,0.0,0.0,0.0,0.0,0.0,0.0,2019-05-15
4,38,cha038,0.0,0.0,0.0,0.0,0.0,0.0,0.0,0.0,2019-05-15
5,39,cha039,0.0,0.0,0.0,0.0,0.0,0.0,0.0,0.0,2019-05-15
6,41,cha041,0.0,0.0,0.0,0.0,0.0,0.0,0.0,0.0,2019-05-15
7,43,cha043,0.0,0.0,0.0,0.0,0.0,0.0,0.0,0.0,2019-05-15
8,44,cha044,0.0,0.0,0.0,0.0,0.0,0.0,0.0,0.0,2019-05-15
9,45,cha045,0.0,0.0,0.0,0.0,0.0,0.0,0.0,0.0,2019-05-15
10,50,cha050,0.0,0.0,0.0,0.0,0.0,0.0,0.0,0.0,2019-05-15
11,51,cha051,0.0,0.0,0.0,0.0,0.0,0.0,0.0,0.0,2019-05-15
12,54,cha054,0.0,0.0,0.0,0.0,0.0,0.0,0.0,0.0,2019-05-15
13,57,cha057,0.0,0.2057,0.0,0.0,0.2057,0.0,0.0,0.0,2019-05-15
14,59,cha059,0.0,0.0,0.0,0.0,0.0,0.0,0.0,0.0,2019-05-15
15,64,cha064,0.0,0.2275,0.0,0.0,0.2275,0.0,0.0,0.0,2019-05-15
16,66,cha066,0.0,0.0,0.0,0.0,0.0,0.0,0.0,0.0,2019-05-15
17,70,cha070,0.0,0.0,0.0,0.0,0.0,0.0,0.0,0.0,2019-05-15
18,71,cha071,0.0,0.0,0.0,0.0,0.0,0.0,0.0,0.0,2019-05-15
19,74,cha074,0.0,0.0,0.0,0.0,0.0,0.0,0.0,0.0,2019-05-15
20,138,cha138,0.0,0.315,0.0,0.0,0.315,0.0,0.0,0.0,2019-05-15
21,141,cha141,0.0,0.006634,0.0,0.0,0.006634,0.0,0.0,0.0,2019-05-15
22,142,cha142,0.0,0.0002115,0.0,0.0,0.0002115,0.0,0.0,0.0,2019-05-15
23,146,cha146,0.0,0.001315,0.0,0.0,0.001315,0.0,0.0,0.0,2019-05-15
24,148,cha148,0.0,0.007812,0.0,0.0,0.007812,0.0,0.0,0.0,2019-05-15
25,153,cha153,0.0,1.134,0.0,0.0,1.134,0.0,0.0,0.0,2019-05-15
26,155,cha155,0.0,0.2115,0.0,0.0,0.2115,0.0,0.0,0.0,2019-05-15
27,158,cha158,0.0,0.01057,0.0,0.0,0.01057,0.0,0.0,0.0,2019-05-15
28,161,cha161,0.0,0.174,0.0,0.0,0.174,0.0,0.0,0.0,2019-05-15
29,162,cha162,0.0,0.0006066,0.0,0.0,0.0006066,0.0,0.0,0.0,2019-05-15
30,165,cha165,0.0,0.008,0.0,0.0,0.008,0.0,0.0,0.0,2019-05-15
31,166,cha166,0.0,0.001369,0.0,0.0,0.001369,0.0,0.0,0.0,2019-05-15
32,167,cha167,0.0,0.1714,0.0,0.0,0.1714,0.0,0.0,0.0,2019-05-15
33,168,cha168,0.0,0.0005033,0.0,0.0,0.0005033,0.0,0.0,0.0,2019-05-15
34,169,cha169,0.0,0.005776,0.0,0.0,0.005776,0.0,0.0,0.0,2019-05-15
35,170,cha170,0.0,0.003218,0.0,0.0,0.003218,0.0,0.0,0.0,2019-05-15
36,171,cha171,0.0,0.001904,0.0,0.0,0.001904,0.0,0.0,0.0,2019-05-15
37,173,cha173,0.0,0.004909,0.0,0.0,0.004909,0.0,0.0,0.0,2019-05-15
1,29,cha029,0.0,0.0,0.0,0.0,0.0,0.0,0.0,0.0,2019-05-16
2,35,cha035,0.0,0.0,0.0,0.0,0.0,0.0,0.0,0.0,2019-05-16
3,37,cha037,0.0,0.0,0.0,0.0,0.0,0.0,0.0,0.0,2019-05-16
4,38,cha038,0.0,0.00225,0.0,0.0,0.00225,0.0,0.0,0.0,2019-05-16
5,39,cha039,0.0,0.0,0.0,0.0,0.0,0.0,0.0,0.0,2019-05-16
6,41,cha041,0.0,0.0,0.0,0.0,0.0,0.0,0.0,0.0,2019-05-16
7,43,cha043,0.0,0.0,0.0,0.0,0.0,0.0,0.0,0.0,2019-05-16
8,44,cha044,0.0,0.0,0.0,0.0,0.0,0.0,0.0,0.0,2019-05-16
9,45,cha045,0.0,0.0,0.0,0.0,0.0,0.0,0.0,0.0,2019-05-16
10,50,cha050,0.0,0.0,0.0,0.0,0.0,0.0,0.0,0.0,2019-05-16
11,51,cha051,0.0,0.0,0.0,0.0,0.0,0.0,0.0,0.0,2019-05-16
12,54,cha054,0.0,0.0,0.0,0.0,0.0,0.0,0.0,0.0,2019-05-16
13,57,cha057,0.0,0.2047,0.0,0.0,0.2047,0.0,0.0,0.0,2019-05-16
14,59,cha059,0.0,0.0,0.0,0.0,0.0,0.0,0.0,0.0,2019-05-16
15,64,cha064,0.0,0.226,0.0,0.0,0.226,0.0,0.0,0.0,2019-05-16
16,66,cha066,0.0,0.0,0.0,0.0,0.0,0.0,0.0,0.0,2019-05-16
17,70,cha070,0.0,0.0,0.0,0.0,0.0,0.0,0.0,0.0,2019-05-16
18,71,cha071,0.0,0.0,0.0,0.0,0.0,0.0,0.0,0.0,2019-05-16
19,74,cha074,0.0,0.0,0.0,0.0,0.0,0.0,0.0,0.0,2019-05-16
20,138,cha138,0.0,0.3109,0.0,0.0,0.3109,0.0,0.0,0.0,2019-05-16
21,141,cha141,0.0,0.00489,0.0,0.0,0.00489,0.0,0.0,0.0,2019-05-16
22,142,cha142,0.0,0.0001828,0.0,0.0,0.0001828,0.0,0.0,0.0,2019-05-16
23,146,cha146,0.0,0.001035,0.0,0.0,0.001035,0.0,0.0,0.0,2019-05-16
24,148,cha148,0.0,0.005862,0.0,0.0,0.005862,0.0,0.0,0.0,2019-05-16
25,153,cha153,0.0,1.122,0.0,0.0,1.122,0.0,0.0,0.0,2019-05-16
26,155,cha155,0.0,0.2131,0.0,0.0,0.2131,0.0,0.0,0.0,2019-05-16
27,158,cha158,0.0,0.012,0.0,0.0,0.012,0.0,0.0,0.0,2019-05-16
28,161,cha161,0.0,0.1748,0.0,0.0,0.1748,0.0,0.0,0.0,2019-05-16
29,162,cha162,0.0,0.0005198,0.0,0.0,0.0005198,0.0,0.0,0.0,2019-05-16
30,165,cha165,0.0,0.009754,0.0,0.0,0.009754,0.0,0.0,0.0,2019-05-16
31,166,cha166,0.0,0.00133,0.0,0.0,0.00133,0.0,0.0,0.0,2019-05-16
32,167,cha167,0.0,0.1726,0.0,0.0,0.1726,0.0,0.0,0.0,2019-05-16
33,168,cha168,0.0,0.0004851,0.0,0.0,0.0004851,0.0,0.0,0.0,2019-05-16
34,169,cha169,0.0,0.007673,0.0,0.0,0.007673,0.0,0.0,0.0,2019-05-16
35,170,cha170,0.0,0.003117,0.0,0.0,0.003117,0.0,0.0,0.0,2019-05-16
36,171,cha171,0.0,0.001844,0.0,0.0,0.001844,0.0,0.0,0.0,2019-05-16
37,173,cha173,0.0,0.006994,0.0,0.0,0.006994,0.0,0.0,0.0,2019-05-16
1,29,cha029,0.0,0.0,0.0,0.0,0.0,0.0,0.0,0.0,2019-05-17
2,35,cha035,0.0,0.0,0.0,0.0,0.0,0.0,0.0,0.0,2019-05-17
3,37,cha037,0.0,0.0,0.0,0.0,0.0,0.0,0.0,0.0,2019-05-17
4,38,cha038,0.0,0.004401,0.0,0.0,0.004401,0.0,0.0,0.0,2019-05-17
5,39,cha039,0.0,0.0,0.0,0.0,0.0,0.0,0.0,0.0,2019-05-17
6,41,cha041,0.0,0.0,0.0,0.0,0.0,0.0,0.0,0.0,2019-05-17
7,43,cha043,0.0,0.0,0.0,0.0,0.0,0.0,0.0,0.0,2019-05-17
8,44,cha044,0.0,0.0,0.0,0.0,0.0,0.0,0.0,0.0,2019-05-17
9,45,cha045,0.0,0.0,0.0,0.0,0.0,0.0,0.0,0.0,2019-05-17
10,50,cha050,0.0,0.0,0.0,0.0,0.0,0.0,0.0,0.0,2019-05-17
11,51,cha051,0.0,0.0,0.0,0.0,0.0,0.0,0.0,0.0,2019-05-17
12,54,cha054,0.0,0.0,0.0,0.0,0.0,0.0,0.0,0.0,2019-05-17
13,57,cha057,0.0,0.2035,0.0,0.0,0.2035,0.0,0.0,0.0,2019-05-17
14,59,cha059,0.0,0.0,0.0,0.0,0.0,0.0,0.0,0.0,2019-05-17
15,64,cha064,0.0,0.2242,0.0,0.0,0.2242,0.0,0.0,0.0,2019-05-17
16,66,cha066,0.0,0.0,0.0,0.0,0.0,0.0,0.0,0.0,2019-05-17
17,70,cha070,0.0,0.0,0.0,0.0,0.0,0.0,0.0,0.0,2019-05-17
18,71,cha071,0.0,0.0,0.0,0.0,0.0,0.0,0.0,0.0,2019-05-17
19,74,cha074,0.0,0.0,0.0,0.0,0.0,0.0,0.0,0.0,2019-05-17
20,138,cha138,0.0,0.3072,0.0,0.0,0.3072,0.0,0.0,0.0,2019-05-17
21,141,cha141,0.0,0.003828,0.0,0.0,0.003828,0.0,0.0,0.0,2019-05-17
22,142,cha142,0.0,0.0001679,0.0,0.0,0.0001679,0.0,0.0,0.0,2019-05-17
23,146,cha146,0.0,0.0008814,0.0,0.0,0.0008814,0.0,0.0,0.0,2019-05-17
24,148,cha148,0.0,0.004689,0.0,0.0,0.004689,0.0,0.0,0.0,2019-05-17
25,153,cha153,0.0,1.113,0.0,0.0,1.113,0.0,0.0,0.0,2019-05-17
26,155,cha155,0.0,0.215,0.0,0.0,0.215,0.0,0.0,0.0,2019-05-17
27,158,cha158,0.0,0.01372,0.0,0.0,0.01372,0.0,0.0,0.0,2019-05-17
28,161,cha161,0.0,0.176,0.0,0.0,0.176,0.0,0.0,0.0,2019-05-17
29,162,cha162,0.0,0.0004754,0.0,0.0,0.0004754,0.0,0.0,0.0,2019-05-17
30,165,cha165,0.0,0.01166,0.0,0.0,0.01166,0.0,0.0,0.0,2019-05-17
31,166,cha166,0.0,0.001312,0.0,0.0,0.001312,0.0,0.0,0.0,2019-05-17
32,167,cha167,0.0,0.174,0.0,0.0,0.174,0.0,0.0,0.0,2019-05-17
33,168,cha168,0.0,0.0004776,0.0,0.0,0.0004776,0.0,0.0,0.0,2019-05-17
34,169,cha169,0.0,0.009648,0.0,0.0,0.009648,0.0,0.0,0.0,2019-05-17
35,170,cha170,0.0,0.003071,0.0,0.0,0.003071,0.0,0.0,0.0,2019-05-17
36,171,cha171,0.0,0.001815,0.0,0.0,0.001815,0.0,0.0,0.0,2019-05-17
37,173,cha173,0.0,0.009069,0.0,0.0,0.009069,0.0,0.0,0.0,2019-05-17
1,29,cha029,0.0,0.0,0.0,0.0,0.0,0.0,0.0,0.0,2019-05-18
2,35,cha035,0.0,0.0,0.0,0.0,0.0,0.0,0.0,0.0,2019-05-18
3,37,cha037,0.0,0.0,0.0,0.0,0.0,0.0,0.0,0.0,2019-05-18
4,38,cha038,0.0,0.006582,0.0,0.0,0.006582,0.0,0.0,0.0,2019-05-18
5,39,cha039,0.0,0.0,0.0,0.0,0.0,0.0,0.0,0.0,2019-05-18
6,41,cha041,0.0,0.0,0.0,0.0,0.0,0.0,0.0,0.0,2019-05-18
7,43,cha043,0.0,0.0,0.0,0.0,0.0,0.0,0.0,0.0,2019-05-18
8,44,cha044,0.0,0.0,0.0,0.0,0.0,0.0,0.0,0.0,2019-05-18
9,45,cha045,0.0,0.0,0.0,0.0,0.0,0.0,0.0,0.0,2019-05-18
10,50,cha050,0.0,0.0,0.0,0.0,0.0,0.0,0.0,0.0,2019-05-18
11,51,cha051,0.0,0.0,0.0,0.0,0.0,0.0,0.0,0.0,2019-05-18
12,54,cha054,0.0,0.0,0.0,0.0,0.0,0.0,0.0,0.0,2019-05-18
13,57,cha057,0.0,0.2074,0.0,0.0,0.2074,0.0,0.0,0.0,2019-05-18
14,59,cha059,0.0,0.0,0.0,0.0,0.0,0.0,0.0,0.0,2019-05-18
15,64,cha064,0.0,0.2296,0.0,0.0,0.2296,0.0,0.0,0.0,2019-05-18
16,66,cha066,0.0,0.0,0.0,0.0,0.0,0.0,0.0,0.0,2019-05-18
17,70,cha070,0.0,0.0,0.0,0.0,0.0,0.0,0.0,0.0,2019-05-18
18,71,cha071,0.0,0.0,0.0,0.0,0.0,0.0,0.0,0.0,2019-05-18
19,74,cha074,0.0,0.0,0.0,0.0,0.0,0.0,0.0,0.0,2019-05-18
20,138,cha138,0.0,0.621,0.0,0.0,0.621,0.0,0.0,0.0,2019-05-18
21,141,cha141,0.0,0.2245,0.0,0.0,0.2245,0.0,0.0,0.0,2019-05-18
22,142,cha142,0.0,0.03721,0.0,0.0,0.03721,0.0,0.0,0.0,2019-05-18
23,146,cha146,0.0,0.1094,0.0,0.0,0.1094,0.0,0.0,0.0,2019-05-18
24,148,cha148,0.0,0.3115,0.0,0.0,0.3115,0.0,0.0,0.0,2019-05-18
25,153,cha153,0.0,2.042,0.0,0.0,2.042,0.0,0.0,0.0,2019-05-18
26,155,cha155,0.0,1.123,0.0,0.0,1.123,0.0,0.0,0.0,2019-05-18
27,158,cha158,0.0,0.6212,0.0,0.0,0.6212,0.0,0.0,0.0,2019-05-18
28,161,cha161,0.0,0.9527,0.0,0.0,0.9527,0.0,0.0,0.0,2019-05-18
29,162,cha162,0.0,0.03995,0.0,0.0,0.03995,0.0,0.0,0.0,2019-05-18
30,165,cha165,0.0,0.4923,0.0,0.0,0.4923,0.0,0.0,0.0,2019-05-18
31,166,cha166,0.0,0.04704,0.0,0.0,0.04704,0.0,0.0,0.0,2019-05-18
32,167,cha167,0.0,0.8388,0.0,0.0,0.8388,0.0,0.0,0.0,2019-05-18
33,168,cha168,0.0,0.03316,0.0,0.0,0.03316,0.0,0.0,0.0,2019-05-18
34,169,cha169,0.0,0.3926,0.0,0.0,0.3926,0.0,0.0,0.0,2019-05-18
35,170,cha170,0.0,0.2477,0.0,0.0,0.2477,0.0,0.0,0.0,2019-05-18
36,171,cha171,0.0,0.1621,0.0,0.0,0.1621,0.0,0.0,0.0,2019-05-18
37,173,cha173,0.0,0.3404,0.0,0.0,0.3404,0.0,0.0,0.0,2019-05-18
1,29,cha029,0.0,0.0,0.0,0.0,0.0,0.0,0.0,0.0,2019-05-19
2,35,cha035,0.0,0.0,0.0,0.0,0.0,0.0,0.0,0.0,2019-05-19
3,37,cha037,0.0,0.0,0.0,0.0,0.0,0.0,0.0,0.0,2019-05-19
4,38,cha038,0.0,0.008656,0.0,0.0,0.008656,0.0,0.0,0.0,2019-05-19
5,39,cha039,0.0,0.0,0.0,0.0,0.0,0.0,0.0,0.0,2019-05-19
6,41,cha041,0.0,0.0,0.0,0.0,0.0,0.0,0.0,0.0,2019-05-19
7,43,cha043,0.0,0.0,0.0,0.0,0.0,0.0,0.0,0.0,2019-05-19
8,44,cha044,0.0,0.0,0.0,0.0,0.0,0.0,0.0,0.0,2019-05-19
9,45,cha045,0.0,0.0,0.0,0.0,0.0,0.0,0.0,0.0,2019-05-19
10,50,cha050,0.0,0.0,0.0,0.0,0.0,0.0,0.0,0.0,2019-05-19
11,51,cha051,0.0,0.0,0.0,0.0,0.0,0.0,0.0,0.0,2019-05-19
12,54,cha054,0.0,0.0,0.0,0.0,0.0,0.0,0.0,0.0,2019-05-19
13,57,cha057,0.0,0.2108,0.0,0.0,0.2108,0.0,0.0,0.0,2019-05-19
14,59,cha059,0.0,0.0,0.0,0.0,0.0,0.0,0.0,0.0,2019-05-19
15,64,cha064,0.0,0.2342,0.0,0.0,0.2342,0.0,0.0,0.0,2019-05-19
16,66,cha066,0.0,0.0,0.0,0.0,0.0,0.0,0.0,0.0,2019-05-19
17,70,cha070,0.0,0.0,0.0,0.0,0.0,0.0,0.0,0.0,2019-05-19
18,71,cha071,0.0,0.0,0.0,0.0,0.0,0.0,0.0,0.0,2019-05-19
19,74,cha074,0.0,0.0,0.0,0.0,0.0,0.0,0.0,0.0,2019-05-19
20,138,cha138,0.0,0.4864,0.0,0.0,0.4864,0.0,0.0,0.0,2019-05-19
21,141,cha141,0.0,0.1274,0.0,0.0,0.1274,0.0,0.0,0.0,2019-05-19
22,142,cha142,0.0,0.01961,0.0,0.0,0.01961,0.0,0.0,0.0,2019-05-19
23,146,cha146,0.0,0.05596,0.0,0.0,0.05596,0.0,0.0,0.0,2019-05-19
24,148,cha148,0.0,0.171,0.0,0.0,0.171,0.0,0.0,0.0,2019-05-19
25,153,cha153,0.0,1.611,0.0,0.0,1.611,0.0,0.0,0.0,2019-05-19
26,155,cha155,0.0,0.6744,0.0,0.0,0.6744,0.0,0.0,0.0,2019-05-19
27,158,cha158,0.0,0.3199,0.0,0.0,0.3199,0.0,0.0,0.0,2019-05-19
28,161,cha161,0.0,0.5725,0.0,0.0,0.5725,0.0,0.0,0.0,2019-05-19
29,162,cha162,0.0,0.02107,0.0,0.0,0.02107,0.0,0.0,0.0,2019-05-19
30,165,cha165,0.0,0.2554,0.0,0.0,0.2554,0.0,0.0,0.0,2019-05-19
31,166,cha166,0.0,0.02684,0.0,0.0,0.02684,0.0,0.0,0.0,2019-05-19
32,167,cha167,0.0,0.5153,0.0,0.0,0.5153,0.0,0.0,0.0,2019-05-19
33,168,cha168,0.0,0.0159,0.0,0.0,0.0159,0.0,0.0,0.0,2019-05-19
34,169,cha169,0.0,0.2062,0.0,0.0,0.2062,0.0,0.0,0.0,2019-05-19
35,170,cha170,0.0,0.1255,0.0,0.0,0.1255,0.0,0.0,0.0,2019-05-19
36,171,cha171,0.0,0.08267,0.0,0.0,0.08267,0.0,0.0,0.0,2019-05-19
37,173,cha173,0.0,0.1793,0.0,0.0,0.1793,0.0,0.0,0.0,2019-05-19
1,29,cha029,0.0,0.0,0.0,0.0,0.0,0.0,0.0,0.0,2019-05-20
2,35,cha035,0.0,0.0,0.0,0.0,0.0,0.0,0.0,0.0,2019-05-20
3,37,cha037,0.0,0.0,0.0,0.0,0.0,0.0,0.0,0.0,2019-05-20
4,38,cha038,0.0,0.01061,0.0,0.0,0.01061,0.0,0.0,0.0,2019-05-20
5,39,cha039,0.0,0.0,0.0,0.0,0.0,0.0,0.0,0.0,2019-05-20
6,41,cha041,0.0,0.0,0.0,0.0,0.0,0.0,0.0,0.0,2019-05-20
7,43,cha043,0.0,0.0,0.0,0.0,0.0,0.0,0.0,0.0,2019-05-20
8,44,cha044,0.0,0.0,0.0,0.0,0.0,0.0,0.0,0.0,2019-05-20
9,45,cha045,0.0,0.0,0.0,0.0,0.0,0.0,0.0,0.0,2019-05-20
10,50,cha050,0.0,0.0,0.0,0.0,0.0,0.0,0.0,0.0,2019-05-20
11,51,cha051,0.0,0.0,0.0,0.0,0.0,0.0,0.0,0.0,2019-05-20
12,54,cha054,0.0,0.0,0.0,0.0,0.0,0.0,0.0,0.0,2019-05-20
13,57,cha057,0.0,0.2135,0.0,0.0,0.2135,0.0,0.0,0.0,2019-05-20
14,59,cha059,0.0,0.0,0.0,0.0,0.0,0.0,0.0,0.0,2019-05-20
15,64,cha064,0.0,0.238,0.0,0.0,0.238,0.0,0.0,0.0,2019-05-20
16,66,cha066,0.0,0.0,0.0,0.0,0.0,0.0,0.0,0.0,2019-05-20
17,70,cha070,0.0,0.0,0.0,0.0,0.0,0.0,0.0,0.0,2019-05-20
18,71,cha071,0.0,0.0,0.0,0.0,0.0,0.0,0.0,0.0,2019-05-20
19,74,cha074,0.0,0.0,0.0,0.0,0.0,0.0,0.0,0.0,2019-05-20
20,138,cha138,0.0,0.4173,0.0,0.0,0.4173,0.0,0.0,0.0,2019-05-20
21,141,cha141,0.0,0.07421,0.0,0.0,0.07421,0.0,0.0,0.0,2019-05-20
22,142,cha142,0.0,0.01037,0.0,0.0,0.01037,0.0,0.0,0.0,2019-05-20
23,146,cha146,0.0,0.02922,0.0,0.0,0.02922,0.0,0.0,0.0,2019-05-20
24,148,cha148,0.0,0.09681,0.0,0.0,0.09681,0.0,0.0,0.0,2019-05-20
25,153,cha153,0.0,1.409,0.0,0.0,1.409,0.0,0.0,0.0,2019-05-20
26,155,cha155,0.0,0.4582,0.0,0.0,0.4582,0.0,0.0,0.0,2019-05-20
27,158,cha158,0.0,0.173,0.0,0.0,0.173,0.0,0.0,0.0,2019-05-20
28,161,cha161,0.0,0.3879,0.0,0.0,0.3879,0.0,0.0,0.0,2019-05-20
29,162,cha162,0.0,0.01121,0.0,0.0,0.01121,0.0,0.0,0.0,2019-05-20
30,165,cha165,0.0,0.1388,0.0,0.0,0.1388,0.0,0.0,0.0,2019-05-20
31,166,cha166,0.0,0.01557,0.0,0.0,0.01557,0.0,0.0,0.0,2019-05-20
32,167,cha167,0.0,0.3576,0.0,0.0,0.3576,0.0,0.0,0.0,2019-05-20
33,168,cha168,0.0,0.007759,0.0,0.0,0.007759,0.0,0.0,0.0,2019-05-20
34,169,cha169,0.0,0.1139,0.0,0.0,0.1139,0.0,0.0,0.0,2019-05-20
35,170,cha170,0.0,0.06489,0.0,0.0,0.06489,0.0,0.0,0.0,2019-05-20
36,171,cha171,0.0,0.04306,0.0,0.0,0.04306,0.0,0.0,0.0,2019-05-20
37,173,cha173,0.0,0.09953,0.0,0.0,0.09953,0.0,0.0,0.0,2019-05-20
1,29,cha029,0.0,0.0,0.0,0.0,0.0,0.0,0.0,0.0,2019-05-21
2,35,cha035,0.0,0.0,0.0,0.0,0.0,0.0,0.0,0.0,2019-05-21
3,37,cha037,0.0,0.0,0.0,0.0,0.0,0.0,0.0,0.0,2019-05-21
4,38,cha038,0.0,0.01257,0.0,0.0,0.01257,0.0,0.0,0.0,2019-05-21
5,39,cha039,0.0,0.0,0.0,0.0,0.0,0.0,0.0,0.0,2019-05-21
6,41,cha041,0.0,0.0,0.0,0.0,0.0,0.0,0.0,0.0,2019-05-21
7,43,cha043,0.0,0.0,0.0,0.0,0.0,0.0,0.0,0.0,2019-05-21
8,44,cha044,0.0,0.0,0.0,0.0,0.0,0.0,0.0,0.0,2019-05-21
9,45,cha045,0.0,0.0,0.0,0.0,0.0,0.0,0.0,0.0,2019-05-21
10,50,cha050,0.0,0.0,0.0,0.0,0.0,0.0,0.0,0.0,2019-05-21
11,51,cha051,0.0,0.0,0.0,0.0,0.0,0.0,0.0,0.0,2019-05-21
12,54,cha054,0.0,0.0,0.0,0.0,0.0,0.0,0.0,0.0,2019-05-21
13,57,cha057,0.0,0.2196,0.0,0.0,0.2196,0.0,0.0,0.0,2019-05-21
14,59,cha059,0.0,0.0,0.0,0.0,0.0,0.0,0.0,0.0,2019-05-21
15,64,cha064,0.0,0.2466,0.0,0.0,0.2466,0.0,0.0,0.0,2019-05-21
16,66,cha066,0.0,0.0,0.0,0.0,0.0,0.0,0.0,0.0,2019-05-21
17,70,cha070,0.0,0.0,0.0,0.0,0.0,0.0,0.0,0.0,2019-05-21
18,71,cha071,0.0,0.0,0.0,0.0,0.0,0.0,0.0,0.0,2019-05-21
19,74,cha074,0.0,0.0,0.0,0.0,0.0,0.0,0.0,0.0,2019-05-21
20,138,cha138,0.0,0.4747,0.0,0.0,0.4747,0.0,0.0,0.0,2019-05-21
21,141,cha141,0.0,0.09013,0.0,0.0,0.09013,0.0,0.0,0.0,2019-05-21
22,142,cha142,0.0,0.01157,0.0,0.0,0.01157,0.0,0.0,0.0,2019-05-21
23,146,cha146,0.0,0.03507,0.0,0.0,0.03507,0.0,0.0,0.0,2019-05-21
24,148,cha148,0.0,0.1431,0.0,0.0,0.1431,0.0,0.0,0.0,2019-05-21
25,153,cha153,0.0,1.846,0.0,0.0,1.846,0.0,0.0,0.0,2019-05-21
26,155,cha155,0.0,0.8571,0.0,0.0,0.8571,0.0,0.0,0.0,2019-05-21
27,158,cha158,0.0,0.4677,0.0,0.0,0.4677,0.0,0.0,0.0,2019-05-21
28,161,cha161,0.0,0.726,0.0,0.0,0.726,0.0,0.0,0.0,2019-05-21
29,162,cha162,0.0,0.01316,0.0,0.0,0.01316,0.0,0.0,0.0,2019-05-21
30,165,cha165,0.0,0.4228,0.0,0.0,0.4228,0.0,0.0,0.0,2019-05-21
31,166,cha166,0.0,0.01208,0.0,0.0,0.01208,0.0,0.0,0.0,2019-05-21
32,167,cha167,0.0,0.6627,0.0,0.0,0.6627,0.0,0.0,0.0,2019-05-21
33,168,cha168,0.0,0.01047,0.0,0.0,0.01047,0.0,0.0,0.0,2019-05-21
34,169,cha169,0.0,0.386,0.0,0.0,0.386,0.0,0.0,0.0,2019-05-21
35,170,cha170,0.0,0.3199,0.0,0.0,0.3199,0.0,0.0,0.0,2019-05-21
36,171,cha171,0.0,0.2901,0.0,0.0,0.2901,0.0,0.0,0.0,2019-05-21
37,173,cha173,0.0,0.366,0.0,0.0,0.366,0.0,0.0,0.0,2019-05-21
1,29,cha029,0.0,0.0,0.0,0.0,0.0,0.0,0.0,0.0,2019-05-22
2,35,cha035,0.0,0.0,0.0,0.0,0.0,0.0,0.0,0.0,2019-05-22
3,37,cha037,0.0,0.0,0.0,0.0,0.0,0.0,0.0,0.0,2019-05-22
4,38,cha038,0.0,0.01441,0.0,0.0,0.01441,0.0,0.0,0.0,2019-05-22
5,39,cha039,0.0,0.0,0.0,0.0,0.0,0.0,0.0,0.0,2019-05-22
6,41,cha041,0.0,0.0,0.0,0.0,0.0,0.0,0.0,0.0,2019-05-22
7,43,cha043,0.0,0.0,0.0,0.0,0.0,0.0,0.0,0.0,2019-05-22
8,44,cha044,0.0,0.0,0.0,0.0,0.0,0.0,0.0,0.0,2019-05-22
9,45,cha045,0.0,0.0,0.0,0.0,0.0,0.0,0.0,0.0,2019-05-22
10,50,cha050,0.0,0.0,0.0,0.0,0.0,0.0,0.0,0.0,2019-05-22
11,51,cha051,0.0,0.0,0.0,0.0,0.0,0.0,0.0,0.0,2019-05-22
12,54,cha054,0.0,0.0,0.0,0.0,0.0,0.0,0.0,0.0,2019-05-22
13,57,cha057,0.0,0.2248,0.0,0.0,0.2248,0.0,0.0,0.0,2019-05-22
14,59,cha059,0.0,0.0,0.0,0.0,0.0,0.0,0.0,0.0,2019-05-22
15,64,cha064,0.0,0.2541,0.0,0.0,0.2541,0.0,0.0,0.0,2019-05-22
16,66,cha066,0.0,0.0,0.0,0.0,0.0,0.0,0.0,0.0,2019-05-22
17,70,cha070,0.0,0.0,0.0,0.0,0.0,0.0,0.0,0.0,2019-05-22
18,71,cha071,0.0,0.0,0.0,0.0,0.0,0.0,0.0,0.0,2019-05-22
19,74,cha074,0.0,0.0,0.0,0.0,0.0,0.0,0.0,0.0,2019-05-22
20,138,cha138,0.0,0.4202,0.0,0.0,0.4202,0.0,0.0,0.0,2019-05-22
21,141,cha141,0.0,0.05175,0.0,0.0,0.05175,0.0,0.0,0.0,2019-05-22
22,142,cha142,0.0,0.006155,0.0,0.0,0.006155,0.0,0.0,0.0,2019-05-22
23,146,cha146,0.0,0.01727,0.0,0.0,0.01727,0.0,0.0,0.0,2019-05-22
24,148,cha148,0.0,0.07888,0.0,0.0,0.07888,0.0,0.0,0.0,2019-05-22
25,153,cha153,0.0,1.578,0.0,0.0,1.578,0.0,0.0,0.0,2019-05-22
26,155,cha155,0.0,0.5552,0.0,0.0,0.5552,0.0,0.0,0.0,2019-05-22
27,158,cha158,0.0,0.2483,0.0,0.0,0.2483,0.0,0.0,0.0,2019-05-22
28,161,cha161,0.0,0.471,0.0,0.0,0.471,0.0,0.0,0.0,2019-05-22
29,162,cha162,0.0,0.007087,0.0,0.0,0.007087,0.0,0.0,0.0,2019-05-22
30,165,cha165,0.0,0.225,0.0,0.0,0.225,0.0,0.0,0.0,2019-05-22
31,166,cha166,0.0,0.007338,0.0,0.0,0.007338,0.0,0.0,0.0,2019-05-22
32,167,cha167,0.0,0.438,0.0,0.0,0.438,0.0,0.0,0.0,2019-05-22
33,168,cha168,0.0,0.005201,0.0,0.0,0.005201,0.0,0.0,0.0,2019-05-22
34,169,cha169,0.0,0.206,0.0,0.0,0.206,0.0,0.0,0.0,2019-05-22
35,170,cha170,0.0,0.1629,0.0,0.0,0.1629,0.0,0.0,0.0,2019-05-22
36,171,cha171,0.0,0.1475,0.0,0.0,0.1475,0.0,0.0,0.0,2019-05-22
37,173,cha173,0.0,0.1954,0.0,0.0,0.1954,0.0,0.0,0.0,2019-05-22
1,29,cha029,0.0,0.0,0.0,0.0,0.0,0.0,0.0,0.0,2019-05-23
2,35,cha035,0.0,0.0,0.0,0.0,0.0,0.0,0.0,0.0,2019-05-23
3,37,cha037,0.0,0.0,0.0,0.0,0.0,0.0,0.0,0.0,2019-05-23
4,38,cha038,0.0,0.01633,0.0,0.0,0.01633,0.0,0.0,0.0,2019-05-23
5,39,cha039,0.0,0.0,0.0,0.0,0.0,0.0,0.0,0.0,2019-05-23
6,41,cha041,0.0,0.0,0.0,0.0,0.0,0.0,0.0,0.0,2019-05-23
7,43,cha043,0.0,0.0,0.0,0.0,0.0,0.0,0.0,0.0,2019-05-23
8,44,cha044,0.0,0.0,0.0,0.0,0.0,0.0,0.0,0.0,2019-05-23
9,45,cha045,0.0,0.0,0.0,0.0,0.0,0.0,0.0,0.0,2019-05-23
10,50,cha050,0.0,0.0,0.0,0.0,0.0,0.0,0.0,0.0,2019-05-23
11,51,cha051,0.0,0.0,0.0,0.0,0.0,0.0,0.0,0.0,2019-05-23
12,54,cha054,0.0,0.0,0.0,0.0,0.0,0.0,0.0,0.0,2019-05-23
13,57,cha057,0.0,0.2361,0.0,0.0,0.2361,0.0,0.0,0.0,2019-05-23
14,59,cha059,0.0,0.0,0.0,0.0,0.0,0.0,0.0,0.0,2019-05-23
15,64,cha064,0.0,0.2696,0.0,0.0,0.2696,0.0,0.0,0.0,2019-05-23
16,66,cha066,0.0,0.0,0.0,0.0,0.0,0.0,0.0,0.0,2019-05-23
17,70,cha070,0.0,0.0,0.0,0.0,0.0,0.0,0.0,0.0,2019-05-23
18,71,cha071,0.0,0.0,0.0,0.0,0.0,0.0,0.0,0.0,2019-05-23
19,74,cha074,0.0,0.0,0.0,0.0,0.0,0.0,0.0,0.0,2019-05-23
20,138,cha138,0.0,1.841,0.0,0.0,1.841,0.0,0.0,0.0,2019-05-23
21,141,cha141,0.0,1.08,0.0,0.0,1.08,0.0,0.0,0.0,2019-05-23
22,142,cha142,0.0,0.1545,0.0,0.0,0.1545,0.0,0.0,0.0,2019-05-23
23,146,cha146,0.0,0.5091,0.0,0.0,0.5091,0.0,0.0,0.0,2019-05-23
24,148,cha148,0.0,1.479,0.0,0.0,1.479,0.0,0.0,0.0,2019-05-23
25,153,cha153,0.0,6.581,0.0,0.0,6.581,0.0,0.0,0.0,2019-05-23
26,155,cha155,0.0,5.488,0.0,0.0,5.488,0.0,0.0,0.0,2019-05-23
27,158,cha158,0.0,3.902,0.0,0.0,3.902,0.0,0.0,0.0,2019-05-23
28,161,cha161,0.0,4.842,0.0,0.0,4.842,0.0,0.0,0.0,2019-05-23
29,162,cha162,0.0,0.1961,0.0,0.0,0.1961,0.0,0.0,0.0,2019-05-23
30,165,cha165,0.0,3.266,0.0,0.0,3.266,0.0,0.0,0.0,2019-05-23
31,166,cha166,0.0,0.3151,0.0,0.0,0.3151,0.0,0.0,0.0,2019-05-23
32,167,cha167,0.0,4.357,0.0,0.0,4.357,0.0,0.0,0.0,2019-05-23
33,168,cha168,0.0,0.1464,0.0,0.0,0.1464,0.0,0.0,0.0,2019-05-23
34,169,cha169,0.0,2.794,0.0,0.0,2.794,0.0,0.0,0.0,2019-05-23
35,170,cha170,0.0,2.015,0.0,0.0,2.015,0.0,0.0,0.0,2019-05-23
36,171,cha171,0.0,1.697,0.0,0.0,1.697,0.0,0.0,0.0,2019-05-23
37,173,cha173,0.0,2.537,0.0,0.0,2.537,0.0,0.0,0.0,2019-05-23
1,29,cha029,0.0,0.0,0.0,0.0,0.0,0.0,0.0,0.0,2019-05-24
2,35,cha035,0.0,0.0,0.0,0.0,0.0,0.0,0.0,0.0,2019-05-24
3,37,cha037,0.0,0.0,0.0,0.0,0.0,0.0,0.0,0.0,2019-05-24
4,38,cha038,0.0,0.01818,0.0,0.0,0.01818,0.0,0.0,0.0,2019-05-24
5,39,cha039,0.0,0.0,0.0,0.0,0.0,0.0,0.0,0.0,2019-05-24
6,41,cha041,0.0,0.0,0.0,0.0,0.0,0.0,0.0,0.0,2019-05-24
7,43,cha043,0.0,0.0,0.0,0.0,0.0,0.0,0.0,0.0,2019-05-24
8,44,cha044,0.0,0.0,0.0,0.0,0.0,0.0,0.0,0.0,2019-05-24
9,45,cha045,0.0,0.0,0.0,0.0,0.0,0.0,0.0,0.0,2019-05-24
10,50,cha050,0.0,0.0,0.0,0.0,0.0,0.0,0.0,0.0,2019-05-24
11,51,cha051,0.0,0.0,0.0,0.0,0.0,0.0,0.0,0.0,2019-05-24
12,54,cha054,0.0,0.0,0.0,0.0,0.0,0.0,0.0,0.0,2019-05-24
13,57,cha057,0.0,0.2467,0.0,0.0,0.2467,0.0,0.0,0.0,2019-05-24
14,59,cha059,0.0,0.0,0.0,0.0,0.0,0.0,0.0,0.0,2019-05-24
15,64,cha064,0.0,0.2846,0.0,0.0,0.2846,0.0,0.0,0.0,2019-05-24
16,66,cha066,0.0,0.0,0.0,0.0,0.0,0.0,0.0,0.0,2019-05-24
17,70,cha070,0.0,0.0,0.0,0.0,0.0,0.0,0.0,0.0,2019-05-24
18,71,cha071,0.0,0.0,0.0,0.0,0.0,0.0,0.0,0.0,2019-05-24
19,74,cha074,0.0,0.0,0.0,0.0,0.0,0.0,0.0,0.0,2019-05-24
20,138,cha138,0.0,1.194,0.0,0.0,1.194,0.0,0.0,0.0,2019-05-24
21,141,cha141,0.0,0.6123,0.0,0.0,0.6123,0.0,0.0,0.0,2019-05-24
22,142,cha142,0.0,0.08122,0.0,0.0,0.08122,0.0,0.0,0.0,2019-05-24
23,146,cha146,0.0,0.26,0.0,0.0,0.26,0.0,0.0,0.0,2019-05-24
24,148,cha148,0.0,0.8123,0.0,0.0,0.8123,0.0,0.0,0.0,2019-05-24
25,153,cha153,0.0,4.274,0.0,0.0,4.274,0.0,0.0,0.0,2019-05-24
26,155,cha155,0.0,3.116,0.0,0.0,3.116,0.0,0.0,0.0,2019-05-24
27,158,cha158,0.0,2.215,0.0,0.0,2.215,0.0,0.0,0.0,2019-05-24
28,161,cha161,0.0,2.792,0.0,0.0,2.792,0.0,0.0,0.0,2019-05-24
29,162,cha162,0.0,0.1026,0.0,0.0,0.1026,0.0,0.0,0.0,2019-05-24
30,165,cha165,0.0,1.9,0.0,0.0,1.9,0.0,0.0,0.0,2019-05-24
31,166,cha166,0.0,0.1765,0.0,0.0,0.1765,0.0,0.0,0.0,2019-05-24
32,167,cha167,0.0,2.552,0.0,0.0,2.552,0.0,0.0,0.0,2019-05-24
33,168,cha168,0.0,0.06933,0.0,0.0,0.06933,0.0,0.0,0.0,2019-05-24
34,169,cha169,0.0,1.671,0.0,0.0,1.671,0.0,0.0,0.0,2019-05-24
35,170,cha170,0.0,1.244,0.0,0.0,1.244,0.0,0.0,0.0,2019-05-24
36,171,cha171,0.0,1.085,0.0,0.0,1.085,0.0,0.0,0.0,2019-05-24
37,173,cha173,0.0,1.539,0.0,0.0,1.539,0.0,0.0,0.0,2019-05-24
1,29,cha029,0.0,0.0,0.0,0.0,0.0,0.0,0.0,0.0,2019-05-25
2,35,cha035,0.0,0.0,0.0,0.0,0.0,0.0,0.0,0.0,2019-05-25
3,37,cha037,0.0,0.0,0.0,0.0,0.0,0.0,0.0,0.0,2019-05-25
4,38,cha038,0.0,0.01992,0.0,0.0,0.01992,0.0,0.0,0.0,2019-05-25
5,39,cha039,0.0,0.0,0.0,0.0,0.0,0.0,0.0,0.0,2019-05-25
6,41,cha041,0.0,0.0,0.0,0.0,0.0,0.0,0.0,0.0,2019-05-25
7,43,cha043,0.0,0.0,0.0,0.0,0.0,0.0,0.0,0.0,2019-05-25
8,44,cha044,0.0,0.0,0.0,0.0,0.0,0.0,0.0,0.0,2019-05-25
9,45,cha045,0.0,0.0,0.0,0.0,0.0,0.0,0.0,0.0,2019-05-25
10,50,cha050,0.0,0.0,0.0,0.0,0.0,0.0,0.0,0.0,2019-05-25
11,51,cha051,0.0,0.0,0.0,0.0,0.0,0.0,0.0,0.0,2019-05-25
12,54,cha054,0.0,0.0,0.0,0.0,0.0,0.0,0.0,0.0,2019-05-25
13,57,cha057,0.0,0.2561,0.0,0.0,0.2561,0.0,0.0,0.0,2019-05-25
14,59,cha059,0.0,0.0,0.0,0.0,0.0,0.0,0.0,0.0,2019-05-25
15,64,cha064,0.0,0.2979,0.0,0.0,0.2979,0.0,0.0,0.0,2019-05-25
16,66,cha066,0.0,0.0,0.0,0.0,0.0,0.0,0.0,0.0,2019-05-25
17,70,cha070,0.0,0.0,0.0,0.0,0.0,0.0,0.0,0.0,2019-05-25
18,71,cha071,0.0,0.0,0.0,0.0,0.0,0.0,0.0,0.0,2019-05-25
19,74,cha074,0.0,0.0,0.0,0.0,0.0,0.0,0.0,0.0,2019-05-25
20,138,cha138,0.0,0.8564,0.0,0.0,0.8564,0.0,0.0,0.0,2019-05-25
21,141,cha141,0.0,0.3547,0.0,0.0,0.3547,0.0,0.0,0.0,2019-05-25
22,142,cha142,0.0,0.04273,0.0,0.0,0.04273,0.0,0.0,0.0,2019-05-25
23,146,cha146,0.0,0.135,0.0,0.0,0.135,0.0,0.0,0.0,2019-05-25
24,148,cha148,0.0,0.4576,0.0,0.0,0.4576,0.0,0.0,0.0,2019-05-25
25,153,cha153,0.0,2.938,0.0,0.0,2.938,0.0,0.0,0.0,2019-05-25
26,155,cha155,0.0,1.722,0.0,0.0,1.722,0.0,0.0,0.0,2019-05-25
27,158,cha158,0.0,1.144,0.0,0.0,1.144,0.0,0.0,0.0,2019-05-25
28,161,cha161,0.0,1.547,0.0,0.0,1.547,0.0,0.0,0.0,2019-05-25
29,162,cha162,0.0,0.05381,0.0,0.0,0.05381,0.0,0.0,0.0,2019-05-25
30,165,cha165,0.0,0.9815,0.0,0.0,0.9815,0.0,0.0,0.0,2019-05-25
31,166,cha166,0.0,0.09914,0.0,0.0,0.09914,0.0,0.0,0.0,2019-05-25
32,167,cha167,0.0,1.422,0.0,0.0,1.422,0.0,0.0,0.0,2019-05-25
33,168,cha168,0.0,0.03298,0.0,0.0,0.03298,0.0,0.0,0.0,2019-05-25
34,169,cha169,0.0,0.8685,0.0,0.0,0.8685,0.0,0.0,0.0,2019-05-25
35,170,cha170,0.0,0.6344,0.0,0.0,0.6344,0.0,0.0,0.0,2019-05-25
36,171,cha171,0.0,0.5548,0.0,0.0,0.5548,0.0,0.0,0.0,2019-05-25
37,173,cha173,0.0,0.7992,0.0,0.0,0.7992,0.0,0.0,0.0,2019-05-25
1,29,cha029,0.0,0.0,0.0,0.0,0.0,0.0,0.0,0.0,2019-05-26
2,35,cha035,0.0,0.0,0.0,0.0,0.0,0.0,0.0,0.0,2019-05-26
3,37,cha037,0.0,0.0,0.0,0.0,0.0,0.0,0.0,0.0,2019-05-26
4,38,cha038,0.0,0.02154,0.0,0.0,0.02154,0.0,0.0,0.0,2019-05-26
5,39,cha039,0.0,0.0,0.0,0.0,0.0,0.0,0.0,0.0,2019-05-26
6,41,cha041,0.0,0.0,0.0,0.0,0.0,0.0,0.0,0.0,2019-05-26
7,43,cha043,0.0,0.0,0.0,0.0,0.0,0.0,0.0,0.0,2019-05-26
8,44,cha044,0.0,0.0,0.0,0.0,0.0,0.0,0.0,0.0,2019-05-26
9,45,cha045,0.0,0.0,0.0,0.0,0.0,0.0,0.0,0.0,2019-05-26
10,50,cha050,0.0,0.0,0.0,0.0,0.0,0.0,0.0,0.0,2019-05-26
11,51,cha051,0.0,0.0,0.0,0.0,0.0,0.0,0.0,0.0,2019-05-26
12,54,cha054,0.0,0.0,0.0,0.0,0.0,0.0,0.0,0.0,2019-05-26
13,57,cha057,0.0,0.2644,0.0,0.0,0.2644,0.0,0.0,0.0,2019-05-26
14,59,cha059,0.0,0.0,0.0,0.0,0.0,0.0,0.0,0.0,2019-05-26
15,64,cha064,0.0,0.3098,0.0,0.0,0.3098,0.0,0.0,0.0,2019-05-26
16,66,cha066,0.0,0.0,0.0,0.0,0.0,0.0,0.0,0.0,2019-05-26
17,70,cha070,0.0,0.0,0.0,0.0,0.0,0.0,0.0,0.0,2019-05-26
18,71,cha071,0.0,0.0,0.0,0.0,0.0,0.0,0.0,0.0,2019-05-26
19,74,cha074,0.0,0.0,0.0,0.0,0.0,0.0,0.0,0.0,2019-05-26
20,138,cha138,0.0,0.677,0.0,0.0,0.677,0.0,0.0,0.0,2019-05-26
21,141,cha141,0.0,0.2086,0.0,0.0,0.2086,0.0,0.0,0.0,2019-05-26
22,142,cha142,0.0,0.02252,0.0,0.0,0.02252,0.0,0.0,0.0,2019-05-26
23,146,cha146,0.0,0.07113,0.0,0.0,0.07113,0.0,0.0,0.0,2019-05-26
24,148,cha148,0.0,0.2628,0.0,0.0,0.2628,0.0,0.0,0.0,2019-05-26
25,153,cha153,0.0,2.297,0.0,0.0,2.297,0.0,0.0,0.0,2019-05-26
26,155,cha155,0.0,1.03,0.0,0.0,1.03,0.0,0.0,0.0,2019-05-26
27,158,cha158,0.0,0.6065,0.0,0.0,0.6065,0.0,0.0,0.0,2019-05-26
28,161,cha161,0.0,0.9222,0.0,0.0,0.9222,0.0,0.0,0.0,2019-05-26
29,162,cha162,0.0,0.02832,0.0,0.0,0.02832,0.0,0.0,0.0,2019-05-26
30,165,cha165,0.0,0.5194,0.0,0.0,0.5194,0.0,0.0,0.0,2019-05-26
31,166,cha166,0.0,0.05597,0.0,0.0,0.05597,0.0,0.0,0.0,2019-05-26
32,167,cha167,0.0,0.8556,0.0,0.0,0.8556,0.0,0.0,0.0,2019-05-26
33,168,cha168,0.0,0.01584,0.0,0.0,0.01584,0.0,0.0,0.0,2019-05-26
34,169,cha169,0.0,0.4626,0.0,0.0,0.4626,0.0,0.0,0.0,2019-05-26
35,170,cha170,0.0,0.3278,0.0,0.0,0.3278,0.0,0.0,0.0,2019-05-26
36,171,cha171,0.0,0.2876,0.0,0.0,0.2876,0.0,0.0,0.0,2019-05-26
37,173,cha173,0.0,0.4255,0.0,0.0,0.4255,0.0,0.0,0.0,2019-05-26
1,29,cha029,0.0,0.0,0.0,0.0,0.0,0.0,0.0,0.0,2019-05-27
2,35,cha035,0.0,0.0,0.0,0.0,0.0,0.0,0.0,0.0,2019-05-27
3,37,cha037,0.0,0.0,0.0,0.0,0.0,0.0,0.0,0.0,2019-05-27
4,38,cha038,0.0,0.02311,0.0,0.0,0.02311,0.0,0.0,0.0,2019-05-27
5,39,cha039,0.0,0.0,0.0,0.0,0.0,0.0,0.0,0.0,2019-05-27
6,41,cha041,0.0,0.0,0.0,0.0,0.0,0.0,0.0,0.0,2019-05-27
7,43,cha043,0.0,0.0,0.0,0.0,0.0,0.0,0.0,0.0,2019-05-27
8,44,cha044,0.0,0.0,0.0,0.0,0.0,0.0,0.0,0.0,2019-05-27
9,45,cha045,0.0,0.0,0.0,0.0,0.0,0.0,0.0,0.0,2019-05-27
10,50,cha050,0.0,0.0,0.0,0.0,0.0,0.0,0.0,0.0,2019-05-27
11,51,cha051,0.0,0.0,0.0,0.0,0.0,0.0,0.0,0.0,2019-05-27
12,54,cha054,0.0,0.0,0.0,0.0,0.0,0.0,0.0,0.0,2019-05-27
13,57,cha057,0.0,0.2715,0.0,0.0,0.2715,0.0,0.0,0.0,2019-05-27
14,59,cha059,0.0,0.0,0.0,0.0,0.0,0.0,0.0,0.0,2019-05-27
15,64,cha064,0.0,0.3202,0.0,0.0,0.3202,0.0,0.0,0.0,2019-05-27
16,66,cha066,0.0,0.0,0.0,0.0,0.0,0.0,0.0,0.0,2019-05-27
17,70,cha070,0.0,0.0,0.0,0.0,0.0,0.0,0.0,0.0,2019-05-27
18,71,cha071,0.0,0.0,0.0,0.0,0.0,0.0,0.0,0.0,2019-05-27
19,74,cha074,0.0,0.0,0.0,0.0,0.0,0.0,0.0,0.0,2019-05-27
20,138,cha138,0.0,0.5812,0.0,0.0,0.5812,0.0,0.0,0.0,2019-05-27
21,141,cha141,0.0,0.1243,0.0,0.0,0.1243,0.0,0.0,0.0,2019-05-27
22,142,cha142,0.0,0.01191,0.0,0.0,0.01191,0.0,0.0,0.0,2019-05-27
23,146,cha146,0.0,0.03805,0.0,0.0,0.03805,0.0,0.0,0.0,2019-05-27
24,148,cha148,0.0,0.1534,0.0,0.0,0.1534,0.0,0.0,0.0,2019-05-27
25,153,cha153,0.0,2.09,0.0,0.0,2.09,0.0,0.0,0.0,2019-05-27
26,155,cha155,0.0,0.7778,0.0,0.0,0.7778,0.0,0.0,0.0,2019-05-27
27,158,cha158,0.0,0.4285,0.0,0.0,0.4285,0.0,0.0,0.0,2019-05-27
28,161,cha161,0.0,0.7016,0.0,0.0,0.7016,0.0,0.0,0.0,2019-05-27
29,162,cha162,0.0,0.01502,0.0,0.0,0.01502,0.0,0.0,0.0,2019-05-27
30,165,cha165,0.0,0.3808,0.0,0.0,0.3808,0.0,0.0,0.0,2019-05-27
31,166,cha166,0.0,0.03188,0.0,0.0,0.03188,0.0,0.0,0.0,2019-05-27
32,167,cha167,0.0,0.6647,0.0,0.0,0.6647,0.0,0.0,0.0,2019-05-27
33,168,cha168,0.0,0.007753,0.0,0.0,0.007753,0.0,0.0,0.0,2019-05-27
34,169,cha169,0.0,0.3515,0.0,0.0,0.3515,0.0,0.0,0.0,2019-05-27
35,170,cha170,0.0,0.2673,0.0,0.0,0.2673,0.0,0.0,0.0,2019-05-27
36,171,cha171,0.0,0.2466,0.0,0.0,0.2466,0.0,0.0,0.0,2019-05-27
37,173,cha173,0.0,0.3313,0.0,0.0,0.3313,0.0,0.0,0.0,2019-05-27
1,29,cha029,0.0,0.0,0.0,0.0,0.0,0.0,0.0,0.0,2019-05-28
2,35,cha035,0.0,0.0,0.0,0.0,0.0,0.0,0.0,0.0,2019-05-28
3,37,cha037,0.0,0.0,0.0,0.0,0.0,0.0,0.0,0.0,2019-05-28
4,38,cha038,0.0,0.02464,0.0,0.0,0.02464,0.0,0.0,0.0,2019-05-28
5,39,cha039,0.0,0.0,0.0,0.0,0.0,0.0,0.0,0.0,2019-05-28
6,41,cha041,0.0,0.0,0.0,0.0,0.0,0.0,0.0,0.0,2019-05-28
7,43,cha043,0.0,0.0,0.0,0.0,0.0,0.0,0.0,0.0,2019-05-28
8,44,cha044,0.0,0.0,0.0,0.0,0.0,0.0,0.0,0.0,2019-05-28
9,45,cha045,0.0,0.0,0.0,0.0,0.0,0.0,0.0,0.0,2019-05-28
10,50,cha050,0.0,0.0,0.0,0.0,0.0,0.0,0.0,0.0,2019-05-28
11,51,cha051,0.0,0.0,0.0,0.0,0.0,0.0,0.0,0.0,2019-05-28
12,54,cha054,0.0,0.0,0.0,0.0,0.0,0.0,0.0,0.0,2019-05-28
13,57,cha057,0.0,0.279,0.0,0.0,0.279,0.0,0.0,0.0,2019-05-28
14,59,cha059,0.0,0.0,0.0,0.0,0.0,0.0,0.0,0.0,2019-05-28
15,64,cha064,0.0,0.3311,0.0,0.0,0.3311,0.0,0.0,0.0,2019-05-28
16,66,cha066,0.0,0.0,0.0,0.0,0.0,0.0,0.0,0.0,2019-05-28
17,70,cha070,0.0,0.0,0.0,0.0,0.0,0.0,0.0,0.0,2019-05-28
18,71,cha071,0.0,0.0,0.0,0.0,0.0,0.0,0.0,0.0,2019-05-28
19,74,cha074,0.0,0.0,0.0,0.0,0.0,0.0,0.0,0.0,2019-05-28
20,138,cha138,0.0,0.533,0.0,0.0,0.533,0.0,0.0,0.0,2019-05-28
21,141,cha141,0.0,0.07506,0.0,0.0,0.07506,0.0,0.0,0.0,2019-05-28
22,142,cha142,0.0,0.006344,0.0,0.0,0.006344,0.0,0.0,0.0,2019-05-28
23,146,cha146,0.0,0.0207,0.0,0.0,0.0207,0.0,0.0,0.0,2019-05-28
24,148,cha148,0.0,0.09103,0.0,0.0,0.09103,0.0,0.0,0.0,2019-05-28
25,153,cha153,0.0,2.084,0.0,0.0,2.084,0.0,0.0,0.0,2019-05-28
26,155,cha155,0.0,0.7248,0.0,0.0,0.7248,0.0,0.0,0.0,2019-05-28
27,158,cha158,0.0,0.4034,0.0,0.0,0.4034,0.0,0.0,0.0,2019-05-28
28,161,cha161,0.0,0.6567,0.0,0.0,0.6567,0.0,0.0,0.0,2019-05-28
29,162,cha162,0.0,0.008078,0.0,0.0,0.008078,0.0,0.0,0.0,2019-05-28
30,165,cha165,0.0,0.3766,0.0,0.0,0.3766,0.0,0.0,0.0,2019-05-28
31,166,cha166,0.0,0.01844,0.0,0.0,0.01844,0.0,0.0,0.0,2019-05-28
32,167,cha167,0.0,0.6356,0.0,0.0,0.6356,0.0,0.0,0.0,2019-05-28
33,168,cha168,0.0,0.003942,0.0,0.0,0.003942,0.0,0.0,0.0,2019-05-28
34,169,cha169,0.0,0.3609,0.0,0.0,0.3609,0.0,0.0,0.0,2019-05-28
35,170,cha170,0.0,0.2937,0.0,0.0,0.2937,0.0,0.0,0.0,2019-05-28
36,171,cha171,0.0,0.2827,0.0,0.0,0.2827,0.0,0.0,0.0,2019-05-28
37,173,cha173,0.0,0.3496,0.0,0.0,0.3496,0.0,0.0,0.0,2019-05-28
1,29,cha029,0.0,0.0,0.0,0.0,0.0,0.0,0.0,0.0,2019-05-29
2,35,cha035,0.0,0.0,0.0,0.0,0.0,0.0,0.0,0.0,2019-05-29
3,37,cha037,0.0,0.0,0.0,0.0,0.0,0.0,0.0,0.0,2019-05-29
4,38,cha038,0.0,0.02607,0.0,0.0,0.02607,0.0,0.0,0.0,2019-05-29
5,39,cha039,0.0,0.0,0.0,0.0,0.0,0.0,0.0,0.0,2019-05-29
6,41,cha041,0.0,0.0,0.0,0.0,0.0,0.0,0.0,0.0,2019-05-29
7,43,cha043,0.0,0.0,0.0,0.0,0.0,0.0,0.0,0.0,2019-05-29
8,44,cha044,0.0,0.0,0.0,0.0,0.0,0.0,0.0,0.0,2019-05-29
9,45,cha045,0.0,0.0,0.0,0.0,0.0,0.0,0.0,0.0,2019-05-29
10,50,cha050,0.0,0.0,0.0,0.0,0.0,0.0,0.0,0.0,2019-05-29
11,51,cha051,0.0,0.0,0.0,0.0,0.0,0.0,0.0,0.0,2019-05-29
12,54,cha054,0.0,0.0,0.0,0.0,0.0,0.0,0.0,0.0,2019-05-29
13,57,cha057,0.0,0.2854,0.0,0.0,0.2854,0.0,0.0,0.0,2019-05-29
14,59,cha059,0.0,0.0,0.0,0.0,0.0,0.0,0.0,0.0,2019-05-29
15,64,cha064,0.0,0.3407,0.0,0.0,0.3407,0.0,0.0,0.0,2019-05-29
16,66,cha066,0.0,0.0,0.0,0.0,0.0,0.0,0.0,0.0,2019-05-29
17,70,cha070,0.0,0.0,0.0,0.0,0.0,0.0,0.0,0.0,2019-05-29
18,71,cha071,0.0,0.0,0.0,0.0,0.0,0.0,0.0,0.0,2019-05-29
19,74,cha074,0.0,0.0,0.0,0.0,0.0,0.0,0.0,0.0,2019-05-29
20,138,cha138,0.0,0.5095,0.0,0.0,0.5095,0.0,0.0,0.0,2019-05-29
21,141,cha141,0.0,0.04602,0.0,0.0,0.04602,0.0,0.0,0.0,2019-05-29
22,142,cha142,0.0,0.003422,0.0,0.0,0.003422,0.0,0.0,0.0,2019-05-29
23,146,cha146,0.0,0.01151,0.0,0.0,0.01151,0.0,0.0,0.0,2019-05-29
24,148,cha148,0.0,0.05502,0.0,0.0,0.05502,0.0,0.0,0.0,2019-05-29
25,153,cha153,0.0,1.928,0.0,0.0,1.928,0.0,0.0,0.0,2019-05-29
26,155,cha155,0.0,0.528,0.0,0.0,0.528,0.0,0.0,0.0,2019-05-29
27,158,cha158,0.0,0.2253,0.0,0.0,0.2253,0.0,0.0,0.0,2019-05-29
28,161,cha161,0.0,0.4699,0.0,0.0,0.4699,0.0,0.0,0.0,2019-05-29
29,162,cha162,0.0,0.004456,0.0,0.0,0.004456,0.0,0.0,0.0,2019-05-29
30,165,cha165,0.0,0.2096,0.0,0.0,0.2096,0.0,0.0,0.0,2019-05-29
31,166,cha166,0.0,0.01094,0.0,0.0,0.01094,0.0,0.0,0.0,2019-05-29
32,167,cha167,0.0,0.4573,0.0,0.0,0.4573,0.0,0.0,0.0,2019-05-29
33,168,cha168,0.0,0.002146,0.0,0.0,0.002146,0.0,0.0,0.0,2019-05-29
34,169,cha169,0.0,0.2007,0.0,0.0,0.2007,0.0,0.0,0.0,2019-05-29
35,170,cha170,0.0,0.151,0.0,0.0,0.151,0.0,0.0,0.0,2019-05-29
36,171,cha171,0.0,0.1448,0.0,0.0,0.1448,0.0,0.0,0.0,2019-05-29
37,173,cha173,0.0,0.1943,0.0,0.0,0.1943,0.0,0.0,0.0,2019-05-29
1,29,cha029,0.0,0.0,0.0,0.0,0.0,0.0,0.0,0.0,2019-05-30
2,35,cha035,0.0,0.0,0.0,0.0,0.0,0.0,0.0,0.0,2019-05-30
3,37,cha037,0.0,0.0,0.0,0.0,0.0,0.0,0.0,0.0,2019-05-30
4,38,cha038,0.0,0.02741,0.0,0.0,0.02741,0.0,0.0,0.0,2019-05-30
5,39,cha039,0.0,0.0,0.0,0.0,0.0,0.0,0.0,0.0,2019-05-30
6,41,cha041,0.0,0.0,0.0,0.0,0.0,0.0,0.0,0.0,2019-05-30
7,43,cha043,0.0,0.0,0.0,0.0,0.0,0.0,0.0,0.0,2019-05-30
8,44,cha044,0.0,0.0,0.0,0.0,0.0,0.0,0.0,0.0,2019-05-30
9,45,cha045,0.0,0.0,0.0,0.0,0.0,0.0,0.0,0.0,2019-05-30
10,50,cha050,0.0,0.0,0.0,0.0,0.0,0.0,0.0,0.0,2019-05-30
11,51,cha051,0.0,0.0,0.0,0.0,0.0,0.0,0.0,0.0,2019-05-30
12,54,cha054,0.0,0.0,0.0,0.0,0.0,0.0,0.0,0.0,2019-05-30
13,57,cha057,0.0,0.2908,0.0,0.0,0.2908,0.0,0.0,0.0,2019-05-30
14,59,cha059,0.0,0.0,0.0,0.0,0.0,0.0,0.0,0.0,2019-05-30
15,64,cha064,0.0,0.349,0.0,0.0,0.349,0.0,0.0,0.0,2019-05-30
16,66,cha066,0.0,0.0,0.0,0.0,0.0,0.0,0.0,0.0,2019-05-30
17,70,cha070,0.0,0.0,0.0,0.0,0.0,0.0,0.0,0.0,2019-05-30
18,71,cha071,0.0,0.0,0.0,0.0,0.0,0.0,0.0,0.0,2019-05-30
19,74,cha074,0.0,0.0,0.0,0.0,0.0,0.0,0.0,0.0,2019-05-30
20,138,cha138,0.0,0.4992,0.0,0.0,0.4992,0.0,0.0,0.0,2019-05-30
21,141,cha141,0.0,0.02877,0.0,0.0,0.02877,0.0,0.0,0.0,2019-05-30
22,142,cha142,0.0,0.001889,0.0,0.0,0.001889,0.0,0.0,0.0,2019-05-30
23,146,cha146,0.0,0.006612,0.0,0.0,0.006612,0.0,0.0,0.0,2019-05-30
24,148,cha148,0.0,0.03404,0.0,0.0,0.03404,0.0,0.0,0.0,2019-05-30
25,153,cha153,0.0,1.866,0.0,0.0,1.866,0.0,0.0,0.0,2019-05-30
26,155,cha155,0.0,0.4301,0.0,0.0,0.4301,0.0,0.0,0.0,2019-05-30
27,158,cha158,0.0,0.1347,0.0,0.0,0.1347,0.0,0.0,0.0,2019-05-30
28,161,cha161,0.0,0.3762,0.0,0.0,0.3762,0.0,0.0,0.0,2019-05-30
29,162,cha162,0.0,0.002567,0.0,0.0,0.002567,0.0,0.0,0.0,2019-05-30
30,165,cha165,0.0,0.1252,0.0,0.0,0.1252,0.0,0.0,0.0,2019-05-30
31,166,cha166,0.0,0.006761,0.0,0.0,0.006761,0.0,0.0,0.0,2019-05-30
32,167,cha167,0.0,0.3682,0.0,0.0,0.3682,0.0,0.0,0.0,2019-05-30
33,168,cha168,0.0,0.001302,0.0,0.0,0.001302,0.0,0.0,0.0,2019-05-30
34,169,cha169,0.0,0.1196,0.0,0.0,0.1196,0.0,0.0,0.0,2019-05-30
35,170,cha170,0.0,0.07851,0.0,0.0,0.07851,0.0,0.0,0.0,2019-05-30
36,171,cha171,0.0,0.0747,0.0,0.0,0.0747,0.0,0.0,0.0,2019-05-30
37,173,cha173,0.0,0.1158,0.0,0.0,0.1158,0.0,0.0,0.0,2019-05-30
1,29,cha029,0.0,0.0,0.0,0.0,0.0,0.0,0.0,0.0,2019-05-31
2,35,cha035,0.0,0.0,0.0,0.0,0.0,0.0,0.0,0.0,2019-05-31
3,37,cha037,0.0,0.0,0.0,0.0,0.0,0.0,0.0,0.0,2019-05-31
4,38,cha038,0.0,0.02863,0.0,0.0,0.02863,0.0,0.0,0.0,2019-05-31
5,39,cha039,0.0,0.0,0.0,0.0,0.0,0.0,0.0,0.0,2019-05-31
6,41,cha041,0.0,0.0,0.0,0.0,0.0,0.0,0.0,0.0,2019-05-31
7,43,cha043,0.0,0.0,0.0,0.0,0.0,0.0,0.0,0.0,2019-05-31
8,44,cha044,0.0,0.0,0.0,0.0,0.0,0.0,0.0,0.0,2019-05-31
9,45,cha045,0.0,0.0,0.0,0.0,0.0,0.0,0.0,0.0,2019-05-31
10,50,cha050,0.0,0.0,0.0,0.0,0.0,0.0,0.0,0.0,2019-05-31
11,51,cha051,0.0,0.0,0.0,0.0,0.0,0.0,0.0,0.0,2019-05-31
12,54,cha054,0.0,0.0,0.0,0.0,0.0,0.0,0.0,0.0,2019-05-31
13,57,cha057,0.0,0.2954,0.0,0.0,0.2954,0.0,0.0,0.0,2019-05-31
14,59,cha059,0.0,0.0,0.0,0.0,0.0,0.0,0.0,0.0,2019-05-31
15,64,cha064,0.0,0.356,0.0,0.0,0.356,0.0,0.0,0.0,2019-05-31
16,66,cha066,0.0,0.0,0.0,0.0,0.0,0.0,0.0,0.0,2019-05-31
17,70,cha070,0.0,0.0,0.0,0.0,0.0,0.0,0.0,0.0,2019-05-31
18,71,cha071,0.0,0.0,0.0,0.0,0.0,0.0,0.0,0.0,2019-05-31
19,74,cha074,0.0,0.0,0.0,0.0,0.0,0.0,0.0,0.0,2019-05-31
20,138,cha138,0.0,0.496,0.0,0.0,0.496,0.0,0.0,0.0,2019-05-31
21,141,cha141,0.0,0.01845,0.0,0.0,0.01845,0.0,0.0,0.0,2019-05-31
22,142,cha142,0.0,0.001086,0.0,0.0,0.001086,0.0,0.0,0.0,2019-05-31
23,146,cha146,0.0,0.003984,0.0,0.0,0.003984,0.0,0.0,0.0,2019-05-31
24,148,cha148,0.0,0.02173,0.0,0.0,0.02173,0.0,0.0,0.0,2019-05-31
25,153,cha153,0.0,1.848,0.0,0.0,1.848,0.0,0.0,0.0,2019-05-31
26,155,cha155,0.0,0.3821,0.0,0.0,0.3821,0.0,0.0,0.0,2019-05-31
27,158,cha158,0.0,0.08882,0.0,0.0,0.08882,0.0,0.0,0.0,2019-05-31
28,161,cha161,0.0,0.3299,0.0,0.0,0.3299,0.0,0.0,0.0,2019-05-31
29,162,cha162,0.0,0.001582,0.0,0.0,0.001582,0.0,0.0,0.0,2019-05-31
30,165,cha165,0.0,0.0826,0.0,0.0,0.0826,0.0,0.0,0.0,2019-05-31
31,166,cha166,0.0,0.004433,0.0,0.0,0.004433,0.0,0.0,0.0,2019-05-31
32,167,cha167,0.0,0.3244,0.0,0.0,0.3244,0.0,0.0,0.0,2019-05-31
33,168,cha168,0.0,0.000905,0.0,0.0,0.000905,0.0,0.0,0.0,2019-05-31
34,169,cha169,0.0,0.07866,0.0,0.0,0.07866,0.0,0.0,0.0,2019-05-31
35,170,cha170,0.0,0.04167,0.0,0.0,0.04167,0.0,0.0,0.0,2019-05-31
36,171,cha171,0.0,0.03905,0.0,0.0,0.03905,0.0,0.0,0.0,2019-05-31
37,173,cha173,0.0,0.07632,0.0,0.0,0.07632,0.0,0.0,0.0,2019-05-31
1,29,cha029,0.0,0.0,0.0,0.0,0.0,0.0,0.0,0.0,2019-06-01
2,35,cha035,0.0,0.0,0.0,0.0,0.0,0.0,0.0,0.0,2019-06-01
3,37,cha037,0.0,0.0,0.0,0.0,0.0,0.0,0.0,0.0,2019-06-01
4,38,cha038,0.0,0.02975,0.0,0.0,0.02975,0.0,0.0,0.0,2019-06-01
5,39,cha039,0.0,0.0,0.0,0.0,0.0,0.0,0.0,0.0,2019-06-01
6,41,cha041,0.0,0.0,0.0,0.0,0.0,0.0,0.0,0.0,2019-06-01
7,43,cha043,0.0,0.0,0.0,0.0,0.0,0.0,0.0,0.0,2019-06-01
8,44,cha044,0.0,0.0,0.0,0.0,0.0,0.0,0.0,0.0,2019-06-01
9,45,cha045,0.0,0.0,0.0,0.0,0.0,0.0,0.0,0.0,2019-06-01
10,50,cha050,0.0,0.0,0.0,0.0,0.0,0.0,0.0,0.0,2019-06-01
11,51,cha051,0.0,0.0,0.0,0.0,0.0,0.0,0.0,0.0,2019-06-01
12,54,cha054,0.0,0.0,0.0,0.0,0.0,0.0,0.0,0.0,2019-06-01
13,57,cha057,0.0,0.2991,0.0,0.0,0.2991,0.0,0.0,0.0,2019-06-01
14,59,cha059,0.0,0.0,0.0,0.0,0.0,0.0,0.0,0.0,2019-06-01
15,64,cha064,0.0,0.362,0.0,0.0,0.362,0.0,0.0,0.0,2019-06-01
16,66,cha066,0.0,0.0,0.0,0.0,0.0,0.0,0.0,0.0,2019-06-01
17,70,cha070,0.0,0.0,0.0,0.0,0.0,0.0,0.0,0.0,2019-06-01
18,71,cha071,0.0,0.0,0.0,0.0,0.0,0.0,0.0,0.0,2019-06-01
19,74,cha074,0.0,0.0,0.0,0.0,0.0,0.0,0.0,0.0,2019-06-01
20,138,cha138,0.0,0.4964,0.0,0.0,0.4964,0.0,0.0,0.0,2019-06-01
21,141,cha141,0.0,0.01226,0.0,0.0,0.01226,0.0,0.0,0.0,2019-06-01
22,142,cha142,0.0,0.0006653,0.0,0.0,0.0006653,0.0,0.0,0.0,2019-06-01
23,146,cha146,0.0,0.00257,0.0,0.0,0.00257,0.0,0.0,0.0,2019-06-01
24,148,cha148,0.0,0.01446,0.0,0.0,0.01446,0.0,0.0,0.0,2019-06-01
25,153,cha153,0.0,1.851,0.0,0.0,1.851,0.0,0.0,0.0,2019-06-01
26,155,cha155,0.0,0.3592,0.0,0.0,0.3592,0.0,0.0,0.0,2019-06-01
27,158,cha158,0.0,0.06578,0.0,0.0,0.06578,0.0,0.0,0.0,2019-06-01
28,161,cha161,0.0,0.3075,0.0,0.0,0.3075,0.0,0.0,0.0,2019-06-01
29,162,cha162,0.0,0.001071,0.0,0.0,0.001071,0.0,0.0,0.0,2019-06-01
30,165,cha165,0.0,0.06137,0.0,0.0,0.06137,0.0,0.0,0.0,2019-06-01
31,166,cha166,0.0,0.003136,0.0,0.0,0.003136,0.0,0.0,0.0,2019-06-01
32,167,cha167,0.0,0.3035,0.0,0.0,0.3035,0.0,0.0,0.0,2019-06-01
33,168,cha168,0.0,0.0007201,0.0,0.0,0.0007201,0.0,0.0,0.0,2019-06-01
34,169,cha169,0.0,0.05827,0.0,0.0,0.05827,0.0,0.0,0.0,2019-06-01
35,170,cha170,0.0,0.02294,0.0,0.0,0.02294,0.0,0.0,0.0,2019-06-01
36,171,cha171,0.0,0.02092,0.0,0.0,0.02092,0.0,0.0,0.0,2019-06-01
37,173,cha173,0.0,0.0567,0.0,0.0,0.0567,0.0,0.0,0.0,2019-06-01
1,29,cha029,0.0,0.0,0.0,0.0,0.0,0.0,0.0,0.0,2019-06-02
2,35,cha035,0.0,0.0,0.0,0.0,0.0,0.0,0.0,0.0,2019-06-02
3,37,cha037,0.0,0.0,0.0,0.0,0.0,0.0,0.0,0.0,2019-06-02
4,38,cha038,0.0,0.03077,0.0,0.0,0.03077,0.0,0.0,0.0,2019-06-02
5,39,cha039,0.0,0.0,0.0,0.0,0.0,0.0,0.0,0.0,2019-06-02
6,41,cha041,0.0,0.0,0.0,0.0,0.0,0.0,0.0,0.0,2019-06-02
7,43,cha043,0.0,0.0,0.0,0.0,0.0,0.0,0.0,0.0,2019-06-02
8,44,cha044,0.0,0.0,0.0,0.0,0.0,0.0,0.0,0.0,2019-06-02
9,45,cha045,0.0,0.0,0.0,0.0,0.0,0.0,0.0,0.0,2019-06-02
10,50,cha050,0.0,0.0,0.0,0.0,0.0,0.0,0.0,0.0,2019-06-02
11,51,cha051,0.0,0.0,0.0,0.0,0.0,0.0,0.0,0.0,2019-06-02
12,54,cha054,0.0,0.0,0.0,0.0,0.0,0.0,0.0,0.0,2019-06-02
13,57,cha057,0.0,0.3021,0.0,0.0,0.3021,0.0,0.0,0.0,2019-06-02
14,59,cha059,0.0,0.0,0.0,0.0,0.0,0.0,0.0,0.0,2019-06-02
15,64,cha064,0.0,0.3669,0.0,0.0,0.3669,0.0,0.0,0.0,2019-06-02
16,66,cha066,0.0,0.0,0.0,0.0,0.0,0.0,0.0,0.0,2019-06-02
17,70,cha070,0.0,0.0,0.0,0.0,0.0,0.0,0.0,0.0,2019-06-02
18,71,cha071,0.0,0.0,0.0,0.0,0.0,0.0,0.0,0.0,2019-06-02
19,74,cha074,0.0,0.0,0.0,0.0,0.0,0.0,0.0,0.0,2019-06-02
20,138,cha138,0.0,0.4984,0.0,0.0,0.4984,0.0,0.0,0.0,2019-06-02
21,141,cha141,0.0,0.008522,0.0,0.0,0.008522,0.0,0.0,0.0,2019-06-02
22,142,cha142,0.0,0.000446,0.0,0.0,0.000446,0.0,0.0,0.0,2019-06-02
23,146,cha146,0.0,0.001809,0.0,0.0,0.001809,0.0,0.0,0.0,2019-06-02
24,148,cha148,0.0,0.01015,0.0,0.0,0.01015,0.0,0.0,0.0,2019-06-02
25,153,cha153,0.0,1.861,0.0,0.0,1.861,0.0,0.0,0.0,2019-06-02
26,155,cha155,0.0,0.3488,0.0,0.0,0.3488,0.0,0.0,0.0,2019-06-02
27,158,cha158,0.0,0.05439,0.0,0.0,0.05439,0.0,0.0,0.0,2019-06-02
28,161,cha161,0.0,0.2972,0.0,0.0,0.2972,0.0,0.0,0.0,2019-06-02
29,162,cha162,0.0,0.0008058,0.0,0.0,0.0008058,0.0,0.0,0.0,2019-06-02
30,165,cha165,0.0,0.05097,0.0,0.0,0.05097,0.0,0.0,0.0,2019-06-02
31,166,cha166,0.0,0.002415,0.0,0.0,0.002415,0.0,0.0,0.0,2019-06-02
32,167,cha167,0.0,0.294,0.0,0.0,0.294,0.0,0.0,0.0,2019-06-02
33,168,cha168,0.0,0.0006348,0.0,0.0,0.0006348,0.0,0.0,0.0,2019-06-02
34,169,cha169,0.0,0.04828,0.0,0.0,0.04828,0.0,0.0,0.0,2019-06-02
35,170,cha170,0.0,0.01341,0.0,0.0,0.01341,0.0,0.0,0.0,2019-06-02
36,171,cha171,0.0,0.01168,0.0,0.0,0.01168,0.0,0.0,0.0,2019-06-02
37,173,cha173,0.0,0.04715,0.0,0.0,0.04715,0.0,0.0,0.0,2019-06-02
1,29,cha029,0.0,0.0,0.0,0.0,0.0,0.0,0.0,0.0,2019-06-03
2,35,cha035,0.0,0.0,0.0,0.0,0.0,0.0,0.0,0.0,2019-06-03
3,37,cha037,0.0,0.0,0.0,0.0,0.0,0.0,0.0,0.0,2019-06-03
4,38,cha038,0.0,0.03176,0.0,0.0,0.03176,0.0,0.0,0.0,2019-06-03
5,39,cha039,0.0,0.0,0.0,0.0,0.0,0.0,0.0,0.0,2019-06-03
6,41,cha041,0.0,0.0,0.0,0.0,0.0,0.0,0.0,0.0,2019-06-03
7,43,cha043,0.0,0.0,0.0,0.0,0.0,0.0,0.0,0.0,2019-06-03
8,44,cha044,0.0,0.0,0.0,0.0,0.0,0.0,0.0,0.0,2019-06-03
9,45,cha045,0.0,0.0,0.0,0.0,0.0,0.0,0.0,0.0,2019-06-03
10,50,cha050,0.0,0.0,0.0,0.0,0.0,0.0,0.0,0.0,2019-06-03
11,51,cha051,0.0,0.0,0.0,0.0,0.0,0.0,0.0,0.0,2019-06-03
12,54,cha054,0.0,0.0,0.0,0.0,0.0,0.0,0.0,0.0,2019-06-03
13,57,cha057,0.0,0.3043,0.0,0.0,0.3043,0.0,0.0,0.0,2019-06-03
14,59,cha059,0.0,0.0,0.0,0.0,0.0,0.0,0.0,0.0,2019-06-03
15,64,cha064,0.0,0.3708,0.0,0.0,0.3708,0.0,0.0,0.0,2019-06-03
16,66,cha066,0.0,0.0,0.0,0.0,0.0,0.0,0.0,0.0,2019-06-03
17,70,cha070,0.0,0.0,0.0,0.0,0.0,0.0,0.0,0.0,2019-06-03
18,71,cha071,0.0,0.0,0.0,0.0,0.0,0.0,0.0,0.0,2019-06-03
19,74,cha074,0.0,0.0,0.0,0.0,0.0,0.0,0.0,0.0,2019-06-03
20,138,cha138,0.0,0.5009,0.0,0.0,0.5009,0.0,0.0,0.0,2019-06-03
21,141,cha141,0.0,0.006268,0.0,0.0,0.006268,0.0,0.0,0.0,2019-06-03
22,142,cha142,0.0,0.0003322,0.0,0.0,0.0003322,0.0,0.0,0.0,2019-06-03
23,146,cha146,0.0,0.001399,0.0,0.0,0.001399,0.0,0.0,0.0,2019-06-03
24,148,cha148,0.0,0.007584,0.0,0.0,0.007584,0.0,0.0,0.0,2019-06-03
25,153,cha153,0.0,1.874,0.0,0.0,1.874,0.0,0.0,0.0,2019-06-03
26,155,cha155,0.0,0.3447,0.0,0.0,0.3447,0.0,0.0,0.0,2019-06-03
27,158,cha158,0.0,0.04902,0.0,0.0,0.04902,0.0,0.0,0.0,2019-06-03
28,161,cha161,0.0,0.293,0.0,0.0,0.293,0.0,0.0,0.0,2019-06-03
29,162,cha162,0.0,0.0006694,0.0,0.0,0.0006694,0.0,0.0,0.0,2019-06-03
30,165,cha165,0.0,0.04613,0.0,0.0,0.04613,0.0,0.0,0.0,2019-06-03
31,166,cha166,0.0,0.002016,0.0,0.0,0.002016,0.0,0.0,0.0,2019-06-03
32,167,cha167,0.0,0.2901,0.0,0.0,0.2901,0.0,0.0,0.0,2019-06-03
33,168,cha168,0.0,0.0005962,0.0,0.0,0.0005962,0.0,0.0,0.0,2019-06-03
34,169,cha169,0.0,0.04365,0.0,0.0,0.04365,0.0,0.0,0.0,2019-06-03
35,170,cha170,0.0,0.008563,0.0,0.0,0.008563,0.0,0.0,0.0,2019-06-03
36,171,cha171,0.0,0.006976,0.0,0.0,0.006976,0.0,0.0,0.0,2019-06-03
37,173,cha173,0.0,0.04275,0.0,0.0,0.04275,0.0,0.0,0.0,2019-06-03
1,29,cha029,0.0,0.0,0.0,0.0,0.0,0.0,0.0,0.0,2019-06-04
2,35,cha035,0.0,0.0,0.0,0.0,0.0,0.0,0.0,0.0,2019-06-04
3,37,cha037,0.0,0.0,0.0,0.0,0.0,0.0,0.0,0.0,2019-06-04
4,38,cha038,0.0,0.0327,0.0,0.0,0.0327,0.0,0.0,0.0,2019-06-04
5,39,cha039,0.0,0.0,0.0,0.0,0.0,0.0,0.0,0.0,2019-06-04
6,41,cha041,0.0,0.0,0.0,0.0,0.0,0.0,0.0,0.0,2019-06-04
7,43,cha043,0.0,0.0,0.0,0.0,0.0,0.0,0.0,0.0,2019-06-04
8,44,cha044,0.0,0.0,0.0,0.0,0.0,0.0,0.0,0.0,2019-06-04
9,45,cha045,0.0,0.0,0.0,0.0,0.0,0.0,0.0,0.0,2019-06-04
10,50,cha050,0.0,0.0,0.0,0.0,0.0,0.0,0.0,0.0,2019-06-04
11,51,cha051,0.0,0.0,0.0,0.0,0.0,0.0,0.0,0.0,2019-06-04
12,54,cha054,0.0,0.0,0.0,0.0,0.0,0.0,0.0,0.0,2019-06-04
13,57,cha057,0.0,0.3059,0.0,0.0,0.3059,0.0,0.0,0.0,2019-06-04
14,59,cha059,0.0,0.0,0.0,0.0,0.0,0.0,0.0,0.0,2019-06-04
15,64,cha064,0.0,0.3738,0.0,0.0,0.3738,0.0,0.0,0.0,2019-06-04
16,66,cha066,0.0,0.0,0.0,0.0,0.0,0.0,0.0,0.0,2019-06-04
17,70,cha070,0.0,0.0,0.0,0.0,0.0,0.0,0.0,0.0,2019-06-04
18,71,cha071,0.0,0.0,0.0,0.0,0.0,0.0,0.0,0.0,2019-06-04
19,74,cha074,0.0,0.0,0.0,0.0,0.0,0.0,0.0,0.0,2019-06-04
20,138,cha138,0.0,0.5032,0.0,0.0,0.5032,0.0,0.0,0.0,2019-06-04
21,141,cha141,0.0,0.004906,0.0,0.0,0.004906,0.0,0.0,0.0,2019-06-04
22,142,cha142,0.0,0.0002736,0.0,0.0,0.0002736,0.0,0.0,0.0,2019-06-04
23,146,cha146,0.0,0.001181,0.0,0.0,0.001181,0.0,0.0,0.0,2019-06-04
24,148,cha148,0.0,0.006061,0.0,0.0,0.006061,0.0,0.0,0.0,2019-06-04
25,153,cha153,0.0,1.887,0.0,0.0,1.887,0.0,0.0,0.0,2019-06-04
26,155,cha155,0.0,0.3435,0.0,0.0,0.3435,0.0,0.0,0.0,2019-06-04
27,158,cha158,0.0,0.04671,0.0,0.0,0.04671,0.0,0.0,0.0,2019-06-04
28,161,cha161,0.0,0.2915,0.0,0.0,0.2915,0.0,0.0,0.0,2019-06-04
29,162,cha162,0.0,0.0006,0.0,0.0,0.0006,0.0,0.0,0.0,2019-06-04
30,165,cha165,0.0,0.0441,0.0,0.0,0.0441,0.0,0.0,0.0,2019-06-04
31,166,cha166,0.0,0.001797,0.0,0.0,0.001797,0.0,0.0,0.0,2019-06-04
32,167,cha167,0.0,0.2889,0.0,0.0,0.2889,0.0,0.0,0.0,2019-06-04
33,168,cha168,0.0,0.0005795,0.0,0.0,0.0005795,0.0,0.0,0.0,2019-06-04
34,169,cha169,0.0,0.04173,0.0,0.0,0.04173,0.0,0.0,0.0,2019-06-04
35,170,cha170,0.0,0.006101,0.0,0.0,0.006101,0.0,0.0,0.0,2019-06-04
36,171,cha171,0.0,0.004581,0.0,0.0,0.004581,0.0,0.0,0.0,2019-06-04
37,173,cha173,0.0,0.04095,0.0,0.0,0.04095,0.0,0.0,0.0,2019-06-04
1,29,cha029,0.0,0.0,0.0,0.0,0.0,0.0,0.0,0.0,2019-06-05
2,35,cha035,0.0,0.0,0.0,0.0,0.0,0.0,0.0,0.0,2019-06-05
3,37,cha037,0.0,0.0,0.0,0.0,0.0,0.0,0.0,0.0,2019-06-05
4,38,cha038,0.0,0.03356,0.0,0.0,0.03356,0.0,0.0,0.0,2019-06-05
5,39,cha039,0.0,0.0,0.0,0.0,0.0,0.0,0.0,0.0,2019-06-05
6,41,cha041,0.0,0.0,0.0,0.0,0.0,0.0,0.0,0.0,2019-06-05
7,43,cha043,0.0,0.0,0.0,0.0,0.0,0.0,0.0,0.0,2019-06-05
8,44,cha044,0.0,0.0,0.0,0.0,0.0,0.0,0.0,0.0,2019-06-05
9,45,cha045,0.0,0.0,0.0,0.0,0.0,0.0,0.0,0.0,2019-06-05
10,50,cha050,0.0,0.0,0.0,0.0,0.0,0.0,0.0,0.0,2019-06-05
11,51,cha051,0.0,0.0,0.0,0.0,0.0,0.0,0.0,0.0,2019-06-05
12,54,cha054,0.0,0.0,0.0,0.0,0.0,0.0,0.0,0.0,2019-06-05
13,57,cha057,0.0,0.3069,0.0,0.0,0.3069,0.0,0.0,0.0,2019-06-05
14,59,cha059,0.0,0.0,0.0,0.0,0.0,0.0,0.0,0.0,2019-06-05
15,64,cha064,0.0,0.3761,0.0,0.0,0.3761,0.0,0.0,0.0,2019-06-05
16,66,cha066,0.0,0.0,0.0,0.0,0.0,0.0,0.0,0.0,2019-06-05
17,70,cha070,0.0,0.0,0.0,0.0,0.0,0.0,0.0,0.0,2019-06-05
18,71,cha071,0.0,0.0,0.0,0.0,0.0,0.0,0.0,0.0,2019-06-05
19,74,cha074,0.0,0.0,0.0,0.0,0.0,0.0,0.0,0.0,2019-06-05
20,138,cha138,0.0,0.5051,0.0,0.0,0.5051,0.0,0.0,0.0,2019-06-05
21,141,cha141,0.0,0.004086,0.0,0.0,0.004086,0.0,0.0,0.0,2019-06-05
22,142,cha142,0.0,0.0002441,0.0,0.0,0.0002441,0.0,0.0,0.0,2019-06-05
23,146,cha146,0.0,0.001066,0.0,0.0,0.001066,0.0,0.0,0.0,2019-06-05
24,148,cha148,0.0,0.005157,0.0,0.0,0.005157,0.0,0.0,0.0,2019-06-05
25,153,cha153,0.0,1.897,0.0,0.0,1.897,0.0,0.0,0.0,2019-06-05
26,155,cha155,0.0,0.3436,0.0,0.0,0.3436,0.0,0.0,0.0,2019-06-05
27,158,cha158,0.0,0.0459,0.0,0.0,0.0459,0.0,0.0,0.0,2019-06-05
28,161,cha161,0.0,0.2912,0.0,0.0,0.2912,0.0,0.0,0.0,2019-06-05
29,162,cha162,0.0,0.0005655,0.0,0.0,0.0005655,0.0,0.0,0.0,2019-06-05
30,165,cha165,0.0,0.04345,0.0,0.0,0.04345,0.0,0.0,0.0,2019-06-05
31,166,cha166,0.0,0.001676,0.0,0.0,0.001676,0.0,0.0,0.0,2019-06-05
32,167,cha167,0.0,0.2887,0.0,0.0,0.2887,0.0,0.0,0.0,2019-06-05
33,168,cha168,0.0,0.0005731,0.0,0.0,0.0005731,0.0,0.0,0.0,2019-06-05
34,169,cha169,0.0,0.04112,0.0,0.0,0.04112,0.0,0.0,0.0,2019-06-05
35,170,cha170,0.0,0.00485,0.0,0.0,0.00485,0.0,0.0,0.0,2019-06-05
36,171,cha171,0.0,0.003361,0.0,0.0,0.003361,0.0,0.0,0.0,2019-06-05
37,173,cha173,0.0,0.04041,0.0,0.0,0.04041,0.0,0.0,0.0,2019-06-05
1,29,cha029,0.0,0.0,0.0,0.0,0.0,0.0,0.0,0.0,2019-06-06
2,35,cha035,0.0,0.0,0.0,0.0,0.0,0.0,0.0,0.0,2019-06-06
3,37,cha037,0.0,0.0,0.0,0.0,0.0,0.0,0.0,0.0,2019-06-06
4,38,cha038,0.0,0.03433,0.0,0.0,0.03433,0.0,0.0,0.0,2019-06-06
5,39,cha039,0.0,0.0,0.0,0.0,0.0,0.0,0.0,0.0,2019-06-06
6,41,cha041,0.0,0.0,0.0,0.0,0.0,0.0,0.0,0.0,2019-06-06
7,43,cha043,0.0,0.0,0.0,0.0,0.0,0.0,0.0,0.0,2019-06-06
8,44,cha044,0.0,0.0,0.0,0.0,0.0,0.0,0.0,0.0,2019-06-06
9,45,cha045,0.0,0.0,0.0,0.0,0.0,0.0,0.0,0.0,2019-06-06
10,50,cha050,0.0,0.0,0.0,0.0,0.0,0.0,0.0,0.0,2019-06-06
11,51,cha051,0.0,0.0,0.0,0.0,0.0,0.0,0.0,0.0,2019-06-06
12,54,cha054,0.0,0.0,0.0,0.0,0.0,0.0,0.0,0.0,2019-06-06
13,57,cha057,0.0,0.3074,0.0,0.0,0.3074,0.0,0.0,0.0,2019-06-06
14,59,cha059,0.0,0.0,0.0,0.0,0.0,0.0,0.0,0.0,2019-06-06
15,64,cha064,0.0,0.3775,0.0,0.0,0.3775,0.0,0.0,0.0,2019-06-06
16,66,cha066,0.0,0.0,0.0,0.0,0.0,0.0,0.0,0.0,2019-06-06
17,70,cha070,0.0,0.0,0.0,0.0,0.0,0.0,0.0,0.0,2019-06-06
18,71,cha071,0.0,0.0,0.0,0.0,0.0,0.0,0.0,0.0,2019-06-06
19,74,cha074,0.0,0.0,0.0,0.0,0.0,0.0,0.0,0.0,2019-06-06
20,138,cha138,0.0,0.5063,0.0,0.0,0.5063,0.0,0.0,0.0,2019-06-06
21,141,cha141,0.0,0.003593,0.0,0.0,0.003593,0.0,0.0,0.0,2019-06-06
22,142,cha142,0.0,0.0002298,0.0,0.0,0.0002298,0.0,0.0,0.0,2019-06-06
23,146,cha146,0.0,0.001007,0.0,0.0,0.001007,0.0,0.0,0.0,2019-06-06
24,148,cha148,0.0,0.004623,0.0,0.0,0.004623,0.0,0.0,0.0,2019-06-06
25,153,cha153,0.0,1.904,0.0,0.0,1.904,0.0,0.0,0.0,2019-06-06
26,155,cha155,0.0,0.3439,0.0,0.0,0.3439,0.0,0.0,0.0,2019-06-06
27,158,cha158,0.0,0.04583,0.0,0.0,0.04583,0.0,0.0,0.0,2019-06-06
28,161,cha161,0.0,0.2914,0.0,0.0,0.2914,0.0,0.0,0.0,2019-06-06
29,162,cha162,0.0,0.000549,0.0,0.0,0.000549,0.0,0.0,0.0,2019-06-06
30,165,cha165,0.0,0.04346,0.0,0.0,0.04346,0.0,0.0,0.0,2019-06-06
31,166,cha166,0.0,0.00161,0.0,0.0,0.00161,0.0,0.0,0.0,2019-06-06
32,167,cha167,0.0,0.2889,0.0,0.0,0.2889,0.0,0.0,0.0,2019-06-06
33,168,cha168,0.0,0.0005712,0.0,0.0,0.0005712,0.0,0.0,0.0,2019-06-06
34,169,cha169,0.0,0.04115,0.0,0.0,0.04115,0.0,0.0,0.0,2019-06-06
35,170,cha170,0.0,0.004215,0.0,0.0,0.004215,0.0,0.0,0.0,2019-06-06
36,171,cha171,0.0,0.00274,0.0,0.0,0.00274,0.0,0.0,0.0,2019-06-06
37,173,cha173,0.0,0.04047,0.0,0.0,0.04047,0.0,0.0,0.0,2019-06-06
1,29,cha029,0.0,0.0,0.0,0.0,0.0,0.0,0.0,0.0,2019-06-07
2,35,cha035,0.0,0.0,0.0,0.0,0.0,0.0,0.0,0.0,2019-06-07
3,37,cha037,0.0,0.0,0.0,0.0,0.0,0.0,0.0,0.0,2019-06-07
4,38,cha038,0.0,0.03501,0.0,0.0,0.03501,0.0,0.0,0.0,2019-06-07
5,39,cha039,0.0,0.0,0.0,0.0,0.0,0.0,0.0,0.0,2019-06-07
6,41,cha041,0.0,0.0,0.0,0.0,0.0,0.0,0.0,0.0,2019-06-07
7,43,cha043,0.0,0.0,0.0,0.0,0.0,0.0,0.0,0.0,2019-06-07
8,44,cha044,0.0,0.0,0.0,0.0,0.0,0.0,0.0,0.0,2019-06-07
9,45,cha045,0.0,0.0,0.0,0.0,0.0,0.0,0.0,0.0,2019-06-07
10,50,cha050,0.0,0.0,0.0,0.0,0.0,0.0,0.0,0.0,2019-06-07
11,51,cha051,0.0,0.0,0.0,0.0,0.0,0.0,0.0,0.0,2019-06-07
12,54,cha054,0.0,0.0,0.0,0.0,0.0,0.0,0.0,0.0,2019-06-07
13,57,cha057,0.0,0.3073,0.0,0.0,0.3073,0.0,0.0,0.0,2019-06-07
14,59,cha059,0.0,0.0,0.0,0.0,0.0,0.0,0.0,0.0,2019-06-07
15,64,cha064,0.0,0.3782,0.0,0.0,0.3782,0.0,0.0,0.0,2019-06-07
16,66,cha066,0.0,0.0,0.0,0.0,0.0,0.0,0.0,0.0,2019-06-07
17,70,cha070,0.0,0.0,0.0,0.0,0.0,0.0,0.0,0.0,2019-06-07
18,71,cha071,0.0,0.0,0.0,0.0,0.0,0.0,0.0,0.0,2019-06-07
19,74,cha074,0.0,0.0,0.0,0.0,0.0,0.0,0.0,0.0,2019-06-07
20,138,cha138,0.0,0.5069,0.0,0.0,0.5069,0.0,0.0,0.0,2019-06-07
21,141,cha141,0.0,0.0033,0.0,0.0,0.0033,0.0,0.0,0.0,2019-06-07
22,142,cha142,0.0,0.0002234,0.0,0.0,0.0002234,0.0,0.0,0.0,2019-06-07
23,146,cha146,0.0,0.0009789,0.0,0.0,0.0009789,0.0,0.0,0.0,2019-06-07
24,148,cha148,0.0,0.004313,0.0,0.0,0.004313,0.0,0.0,0.0,2019-06-07
25,153,cha153,0.0,1.908,0.0,0.0,1.908,0.0,0.0,0.0,2019-06-07
26,155,cha155,0.0,0.3443,0.0,0.0,0.3443,0.0,0.0,0.0,2019-06-07
27,158,cha158,0.0,0.04608,0.0,0.0,0.04608,0.0,0.0,0.0,2019-06-07
28,161,cha161,0.0,0.2915,0.0,0.0,0.2915,0.0,0.0,0.0,2019-06-07
29,162,cha162,0.0,0.0005415,0.0,0.0,0.0005415,0.0,0.0,0.0,2019-06-07
30,165,cha165,0.0,0.04376,0.0,0.0,0.04376,0.0,0.0,0.0,2019-06-07
31,166,cha166,0.0,0.001574,0.0,0.0,0.001574,0.0,0.0,0.0,2019-06-07
32,167,cha167,0.0,0.289,0.0,0.0,0.289,0.0,0.0,0.0,2019-06-07
33,168,cha168,0.0,0.0005712,0.0,0.0,0.0005712,0.0,0.0,0.0,2019-06-07
34,169,cha169,0.0,0.04145,0.0,0.0,0.04145,0.0,0.0,0.0,2019-06-07
35,170,cha170,0.0,0.003892,0.0,0.0,0.003892,0.0,0.0,0.0,2019-06-07
36,171,cha171,0.0,0.002423,0.0,0.0,0.002423,0.0,0.0,0.0,2019-06-07
37,173,cha173,0.0,0.04079,0.0,0.0,0.04079,0.0,0.0,0.0,2019-06-07
1,29,cha029,0.0,0.0,0.0,0.0,0.0,0.0,0.0,0.0,2019-06-08
2,35,cha035,0.0,0.0,0.0,0.0,0.0,0.0,0.0,0.0,2019-06-08
3,37,cha037,0.0,0.0,0.0,0.0,0.0,0.0,0.0,0.0,2019-06-08
4,38,cha038,0.0,0.03561,0.0,0.0,0.03561,0.0,0.0,0.0,2019-06-08
5,39,cha039,0.0,0.0,0.0,0.0,0.0,0.0,0.0,0.0,2019-06-08
6,41,cha041,0.0,0.0,0.0,0.0,0.0,0.0,0.0,0.0,2019-06-08
7,43,cha043,0.0,0.0,0.0,0.0,0.0,0.0,0.0,0.0,2019-06-08
8,44,cha044,0.0,0.0,0.0,0.0,0.0,0.0,0.0,0.0,2019-06-08
9,45,cha045,0.0,0.0,0.0,0.0,0.0,0.0,0.0,0.0,2019-06-08
10,50,cha050,0.0,0.0,0.0,0.0,0.0,0.0,0.0,0.0,2019-06-08
11,51,cha051,0.0,0.0,0.0,0.0,0.0,0.0,0.0,0.0,2019-06-08
12,54,cha054,0.0,0.0,0.0,0.0,0.0,0.0,0.0,0.0,2019-06-08
13,57,cha057,0.0,0.3067,0.0,0.0,0.3067,0.0,0.0,0.0,2019-06-08
14,59,cha059,0.0,0.0,0.0,0.0,0.0,0.0,0.0,0.0,2019-06-08
15,64,cha064,0.0,0.3783,0.0,0.0,0.3783,0.0,0.0,0.0,2019-06-08
16,66,cha066,0.0,0.0,0.0,0.0,0.0,0.0,0.0,0.0,2019-06-08
17,70,cha070,0.0,0.0,0.0,0.0,0.0,0.0,0.0,0.0,2019-06-08
18,71,cha071,0.0,0.0,0.0,0.0,0.0,0.0,0.0,0.0,2019-06-08
19,74,cha074,0.0,0.0,0.0,0.0,0.0,0.0,0.0,0.0,2019-06-08
20,138,cha138,0.0,0.5067,0.0,0.0,0.5067,0.0,0.0,0.0,2019-06-08
21,141,cha141,0.0,0.003129,0.0,0.0,0.003129,0.0,0.0,0.0,2019-06-08
22,142,cha142,0.0,0.0002211,0.0,0.0,0.0002211,0.0,0.0,0.0,2019-06-08
23,146,cha146,0.0,0.0009674,0.0,0.0,0.0009674,0.0,0.0,0.0,2019-06-08
24,148,cha148,0.0,0.004136,0.0,0.0,0.004136,0.0,0.0,0.0,2019-06-08
25,153,cha153,0.0,1.909,0.0,0.0,1.909,0.0,0.0,0.0,2019-06-08
26,155,cha155,0.0,0.3443,0.0,0.0,0.3443,0.0,0.0,0.0,2019-06-08
27,158,cha158,0.0,0.04646,0.0,0.0,0.04646,0.0,0.0,0.0,2019-06-08
28,161,cha161,0.0,0.2913,0.0,0.0,0.2913,0.0,0.0,0.0,2019-06-08
29,162,cha162,0.0,0.0005386,0.0,0.0,0.0005386,0.0,0.0,0.0,2019-06-08
30,165,cha165,0.0,0.04416,0.0,0.0,0.04416,0.0,0.0,0.0,2019-06-08
31,166,cha166,0.0,0.001555,0.0,0.0,0.001555,0.0,0.0,0.0,2019-06-08
32,167,cha167,0.0,0.2889,0.0,0.0,0.2889,0.0,0.0,0.0,2019-06-08
33,168,cha168,0.0,0.0005717,0.0,0.0,0.0005717,0.0,0.0,0.0,2019-06-08
34,169,cha169,0.0,0.04186,0.0,0.0,0.04186,0.0,0.0,0.0,2019-06-08
35,170,cha170,0.0,0.003728,0.0,0.0,0.003728,0.0,0.0,0.0,2019-06-08
36,171,cha171,0.0,0.002263,0.0,0.0,0.002263,0.0,0.0,0.0,2019-06-08
37,173,cha173,0.0,0.0412,0.0,0.0,0.0412,0.0,0.0,0.0,2019-06-08
1,29,cha029,0.0,0.0,0.0,0.0,0.0,0.0,0.0,0.0,2019-06-09
2,35,cha035,0.0,0.0,0.0,0.0,0.0,0.0,0.0,0.0,2019-06-09
3,37,cha037,0.0,0.0,0.0,0.0,0.0,0.0,0.0,0.0,2019-06-09
4,38,cha038,0.0,0.03614,0.0,0.0,0.03614,0.0,0.0,0.0,2019-06-09
5,39,cha039,0.0,0.0,0.0,0.0,0.0,0.0,0.0,0.0,2019-06-09
6,41,cha041,0.0,0.0,0.0,0.0,0.0,0.0,0.0,0.0,2019-06-09
7,43,cha043,0.0,0.0,0.0,0.0,0.0,0.0,0.0,0.0,2019-06-09
8,44,cha044,0.0,0.0,0.0,0.0,0.0,0.0,0.0,0.0,2019-06-09
9,45,cha045,0.0,0.0,0.0,0.0,0.0,0.0,0.0,0.0,2019-06-09
10,50,cha050,0.0,0.0,0.0,0.0,0.0,0.0,0.0,0.0,2019-06-09
11,51,cha051,0.0,0.0,0.0,0.0,0.0,0.0,0.0,0.0,2019-06-09
12,54,cha054,0.0,0.0,0.0,0.0,0.0,0.0,0.0,0.0,2019-06-09
13,57,cha057,0.0,0.3057,0.0,0.0,0.3057,0.0,0.0,0.0,2019-06-09
14,59,cha059,0.0,0.0,0.0,0.0,0.0,0.0,0.0,0.0,2019-06-09
15,64,cha064,0.0,0.3778,0.0,0.0,0.3778,0.0,0.0,0.0,2019-06-09
16,66,cha066,0.0,0.0,0.0,0.0,0.0,0.0,0.0,0.0,2019-06-09
17,70,cha070,0.0,0.0,0.0,0.0,0.0,0.0,0.0,0.0,2019-06-09
18,71,cha071,0.0,0.0,0.0,0.0,0.0,0.0,0.0,0.0,2019-06-09
19,74,cha074,0.0,0.0,0.0,0.0,0.0,0.0,0.0,0.0,2019-06-09
20,138,cha138,0.0,0.5058,0.0,0.0,0.5058,0.0,0.0,0.0,2019-06-09
21,141,cha141,0.0,0.003032,0.0,0.0,0.003032,0.0,0.0,0.0,2019-06-09
22,142,cha142,0.0,0.0002209,0.0,0.0,0.0002209,0.0,0.0,0.0,2019-06-09
23,146,cha146,0.0,0.0009648,0.0,0.0,0.0009648,0.0,0.0,0.0,2019-06-09
24,148,cha148,0.0,0.00404,0.0,0.0,0.00404,0.0,0.0,0.0,2019-06-09
25,153,cha153,0.0,1.907,0.0,0.0,1.907,0.0,0.0,0.0,2019-06-09
26,155,cha155,0.0,0.3441,0.0,0.0,0.3441,0.0,0.0,0.0,2019-06-09
27,158,cha158,0.0,0.04689,0.0,0.0,0.04689,0.0,0.0,0.0,2019-06-09
28,161,cha161,0.0,0.2909,0.0,0.0,0.2909,0.0,0.0,0.0,2019-06-09
29,162,cha162,0.0,0.000538,0.0,0.0,0.000538,0.0,0.0,0.0,2019-06-09
30,165,cha165,0.0,0.04459,0.0,0.0,0.04459,0.0,0.0,0.0,2019-06-09
31,166,cha166,0.0,0.001545,0.0,0.0,0.001545,0.0,0.0,0.0,2019-06-09
32,167,cha167,0.0,0.2885,0.0,0.0,0.2885,0.0,0.0,0.0,2019-06-09
33,168,cha168,0.0,0.0005725,0.0,0.0,0.0005725,0.0,0.0,0.0,2019-06-09
34,169,cha169,0.0,0.04229,0.0,0.0,0.04229,0.0,0.0,0.0,2019-06-09
35,170,cha170,0.0,0.003644,0.0,0.0,0.003644,0.0,0.0,0.0,2019-06-09
36,171,cha171,0.0,0.002181,0.0,0.0,0.002181,0.0,0.0,0.0,2019-06-09
37,173,cha173,0.0,0.04164,0.0,0.0,0.04164,0.0,0.0,0.0,2019-06-09
1,29,cha029,0.0,0.0,0.0,0.0,0.0,0.0,0.0,0.0,2019-06-10
2,35,cha035,0.0,0.0,0.0,0.0,0.0,0.0,0.0,0.0,2019-06-10
3,37,cha037,0.0,0.0,0.0,0.0,0.0,0.0,0.0,0.0,2019-06-10
4,38,cha038,0.0,0.03659,0.0,0.0,0.03659,0.0,0.0,0.0,2019-06-10
5,39,cha039,0.0,0.0,0.0,0.0,0.0,0.0,0.0,0.0,2019-06-10
6,41,cha041,0.0,0.0,0.0,0.0,0.0,0.0,0.0,0.0,2019-06-10
7,43,cha043,0.0,0.0,0.0,0.0,0.0,0.0,0.0,0.0,2019-06-10
8,44,cha044,0.0,0.0,0.0,0.0,0.0,0.0,0.0,0.0,2019-06-10
9,45,cha045,0.0,0.0,0.0,0.0,0.0,0.0,0.0,0.0,2019-06-10
10,50,cha050,0.0,0.0,0.0,0.0,0.0,0.0,0.0,0.0,2019-06-10
11,51,cha051,0.0,0.0,0.0,0.0,0.0,0.0,0.0,0.0,2019-06-10
12,54,cha054,0.0,0.0,0.0,0.0,0.0,0.0,0.0,0.0,2019-06-10
13,57,cha057,0.0,0.3043,0.0,0.0,0.3043,0.0,0.0,0.0,2019-06-10
14,59,cha059,0.0,0.0,0.0,0.0,0.0,0.0,0.0,0.0,2019-06-10
15,64,cha064,0.0,0.3767,0.0,0.0,0.3767,0.0,0.0,0.0,2019-06-10
16,66,cha066,0.0,0.0,0.0,0.0,0.0,0.0,0.0,0.0,2019-06-10
17,70,cha070,0.0,0.0,0.0,0.0,0.0,0.0,0.0,0.0,2019-06-10
18,71,cha071,0.0,0.0,0.0,0.0,0.0,0.0,0.0,0.0,2019-06-10
19,74,cha074,0.0,0.0,0.0,0.0,0.0,0.0,0.0,0.0,2019-06-10
20,138,cha138,0.0,0.5042,0.0,0.0,0.5042,0.0,0.0,0.0,2019-06-10
21,141,cha141,0.0,0.002981,0.0,0.0,0.002981,0.0,0.0,0.0,2019-06-10
22,142,cha142,0.0,0.0002218,0.0,0.0,0.0002218,0.0,0.0,0.0,2019-06-10
23,146,cha146,0.0,0.0009669,0.0,0.0,0.0009669,0.0,0.0,0.0,2019-06-10
24,148,cha148,0.0,0.003992,0.0,0.0,0.003992,0.0,0.0,0.0,2019-06-10
25,153,cha153,0.0,1.902,0.0,0.0,1.902,0.0,0.0,0.0,2019-06-10
26,155,cha155,0.0,0.3435,0.0,0.0,0.3435,0.0,0.0,0.0,2019-06-10
27,158,cha158,0.0,0.04728,0.0,0.0,0.04728,0.0,0.0,0.0,2019-06-10
28,161,cha161,0.0,0.2902,0.0,0.0,0.2902,0.0,0.0,0.0,2019-06-10
29,162,cha162,0.0,0.0005383,0.0,0.0,0.0005383,0.0,0.0,0.0,2019-06-10
30,165,cha165,0.0,0.045,0.0,0.0,0.045,0.0,0.0,0.0,2019-06-10
31,166,cha166,0.0,0.00154,0.0,0.0,0.00154,0.0,0.0,0.0,2019-06-10
32,167,cha167,0.0,0.2878,0.0,0.0,0.2878,0.0,0.0,0.0,2019-06-10
33,168,cha168,0.0,0.000573,0.0,0.0,0.000573,0.0,0.0,0.0,2019-06-10
34,169,cha169,0.0,0.04269,0.0,0.0,0.04269,0.0,0.0,0.0,2019-06-10
35,170,cha170,0.0,0.0036,0.0,0.0,0.0036,0.0,0.0,0.0,2019-06-10
36,171,cha171,0.0,0.002139,0.0,0.0,0.002139,0.0,0.0,0.0,2019-06-10
37,173,cha173,0.0,0.04204,0.0,0.0,0.04204,0.0,0.0,0.0,2019-06-10
1,29,cha029,0.0,0.0,0.0,0.0,0.0,0.0,0.0,0.0,2019-06-11
2,35,cha035,0.0,0.0,0.0,0.0,0.0,0.0,0.0,0.0,2019-06-11
3,37,cha037,0.0,0.0,0.0,0.0,0.0,0.0,0.0,0.0,2019-06-11
4,38,cha038,0.0,0.03702,0.0,0.0,0.03702,0.0,0.0,0.0,2019-06-11
5,39,cha039,0.0,0.0,0.0,0.0,0.0,0.0,0.0,0.0,2019-06-11
6,41,cha041,0.0,0.0,0.0,0.0,0.0,0.0,0.0,0.0,2019-06-11
7,43,cha043,0.0,0.0,0.0,0.0,0.0,0.0,0.0,0.0,2019-06-11
8,44,cha044,0.0,0.0,0.0,0.0,0.0,0.0,0.0,0.0,2019-06-11
9,45,cha045,0.0,0.0,0.0,0.0,0.0,0.0,0.0,0.0,2019-06-11
10,50,cha050,0.0,0.0,0.0,0.0,0.0,0.0,0.0,0.0,2019-06-11
11,51,cha051,0.0,0.0,0.0,0.0,0.0,0.0,0.0,0.0,2019-06-11
12,54,cha054,0.0,0.0,0.0,0.0,0.0,0.0,0.0,0.0,2019-06-11
13,57,cha057,0.0,0.3025,0.0,0.0,0.3025,0.0,0.0,0.0,2019-06-11
14,59,cha059,0.0,0.0,0.0,0.0,0.0,0.0,0.0,0.0,2019-06-11
15,64,cha064,0.0,0.3751,0.0,0.0,0.3751,0.0,0.0,0.0,2019-06-11
16,66,cha066,0.0,0.0,0.0,0.0,0.0,0.0,0.0,0.0,2019-06-11
17,70,cha070,0.0,0.0,0.0,0.0,0.0,0.0,0.0,0.0,2019-06-11
18,71,cha071,0.0,0.0,0.0,0.0,0.0,0.0,0.0,0.0,2019-06-11
19,74,cha074,0.0,0.0,0.0,0.0,0.0,0.0,0.0,0.0,2019-06-11
20,138,cha138,0.0,0.502,0.0,0.0,0.502,0.0,0.0,0.0,2019-06-11
21,141,cha141,0.0,0.002956,0.0,0.0,0.002956,0.0,0.0,0.0,2019-06-11
22,142,cha142,0.0,0.0002232,0.0,0.0,0.0002232,0.0,0.0,0.0,2019-06-11
23,146,cha146,0.0,0.0009716,0.0,0.0,0.0009716,0.0,0.0,0.0,2019-06-11
24,148,cha148,0.0,0.003974,0.0,0.0,0.003974,0.0,0.0,0.0,2019-06-11
25,153,cha153,0.0,1.895,0.0,0.0,1.895,0.0,0.0,0.0,2019-06-11
26,155,cha155,0.0,0.3426,0.0,0.0,0.3426,0.0,0.0,0.0,2019-06-11
27,158,cha158,0.0,0.04768,0.0,0.0,0.04768,0.0,0.0,0.0,2019-06-11
28,161,cha161,0.0,0.2892,0.0,0.0,0.2892,0.0,0.0,0.0,2019-06-11
29,162,cha162,0.0,0.000539,0.0,0.0,0.000539,0.0,0.0,0.0,2019-06-11
30,165,cha165,0.0,0.04539,0.0,0.0,0.04539,0.0,0.0,0.0,2019-06-11
31,166,cha166,0.0,0.001536,0.0,0.0,0.001536,0.0,0.0,0.0,2019-06-11
32,167,cha167,0.0,0.2867,0.0,0.0,0.2867,0.0,0.0,0.0,2019-06-11
33,168,cha168,0.0,0.0005733,0.0,0.0,0.0005733,0.0,0.0,0.0,2019-06-11
34,169,cha169,0.0,0.04309,0.0,0.0,0.04309,0.0,0.0,0.0,2019-06-11
35,170,cha170,0.0,0.003577,0.0,0.0,0.003577,0.0,0.0,0.0,2019-06-11
36,171,cha171,0.0,0.002117,0.0,0.0,0.002117,0.0,0.0,0.0,2019-06-11
37,173,cha173,0.0,0.04244,0.0,0.0,0.04244,0.0,0.0,0.0,2019-06-11
1,29,cha029,0.0,0.0,0.0,0.0,0.0,0.0,0.0,0.0,2019-06-12
2,35,cha035,0.0,0.0,0.0,0.0,0.0,0.0,0.0,0.0,2019-06-12
3,37,cha037,0.0,0.0,0.0,0.0,0.0,0.0,0.0,0.0,2019-06-12
4,38,cha038,0.0,0.03741,0.0,0.0,0.03741,0.0,0.0,0.0,2019-06-12
5,39,cha039,0.0,0.0,0.0,0.0,0.0,0.0,0.0,0.0,2019-06-12
6,41,cha041,0.0,0.0,0.0,0.0,0.0,0.0,0.0,0.0,2019-06-12
7,43,cha043,0.0,0.0,0.0,0.0,0.0,0.0,0.0,0.0,2019-06-12
8,44,cha044,0.0,0.0,0.0,0.0,0.0,0.0,0.0,0.0,2019-06-12
9,45,cha045,0.0,0.0,0.0,0.0,0.0,0.0,0.0,0.0,2019-06-12
10,50,cha050,0.0,0.0,0.0,0.0,0.0,0.0,0.0,0.0,2019-06-12
11,51,cha051,0.0,0.0,0.0,0.0,0.0,0.0,0.0,0.0,2019-06-12
12,54,cha054,0.0,0.0,0.0,0.0,0.0,0.0,0.0,0.0,2019-06-12
13,57,cha057,0.0,0.3004,0.0,0.0,0.3004,0.0,0.0,0.0,2019-06-12
14,59,cha059,0.0,0.0,0.0,0.0,0.0,0.0,0.0,0.0,2019-06-12
15,64,cha064,0.0,0.3731,0.0,0.0,0.3731,0.0,0.0,0.0,2019-06-12
16,66,cha066,0.0,0.0,0.0,0.0,0.0,0.0,0.0,0.0,2019-06-12
17,70,cha070,0.0,0.0,0.0,0.0,0.0,0.0,0.0,0.0,2019-06-12
18,71,cha071,0.0,0.0,0.0,0.0,0.0,0.0,0.0,0.0,2019-06-12
19,74,cha074,0.0,0.0,0.0,0.0,0.0,0.0,0.0,0.0,2019-06-12
20,138,cha138,0.0,0.4991,0.0,0.0,0.4991,0.0,0.0,0.0,2019-06-12
21,141,cha141,0.0,0.002949,0.0,0.0,0.002949,0.0,0.0,0.0,2019-06-12
22,142,cha142,0.0,0.0002249,0.0,0.0,0.0002249,0.0,0.0,0.0,2019-06-12
23,146,cha146,0.0,0.0009774,0.0,0.0,0.0009774,0.0,0.0,0.0,2019-06-12
24,148,cha148,0.0,0.003973,0.0,0.0,0.003973,0.0,0.0,0.0,2019-06-12
25,153,cha153,0.0,1.886,0.0,0.0,1.886,0.0,0.0,0.0,2019-06-12
26,155,cha155,0.0,0.3413,0.0,0.0,0.3413,0.0,0.0,0.0,2019-06-12
27,158,cha158,0.0,0.04806,0.0,0.0,0.04806,0.0,0.0,0.0,2019-06-12
28,161,cha161,0.0,0.2879,0.0,0.0,0.2879,0.0,0.0,0.0,2019-06-12
29,162,cha162,0.0,0.0005398,0.0,0.0,0.0005398,0.0,0.0,0.0,2019-06-12
30,165,cha165,0.0,0.04578,0.0,0.0,0.04578,0.0,0.0,0.0,2019-06-12
31,166,cha166,0.0,0.001534,0.0,0.0,0.001534,0.0,0.0,0.0,2019-06-12
32,167,cha167,0.0,0.2854,0.0,0.0,0.2854,0.0,0.0,0.0,2019-06-12
33,168,cha168,0.0,0.0005735,0.0,0.0,0.0005735,0.0,0.0,0.0,2019-06-12
34,169,cha169,0.0,0.04347,0.0,0.0,0.04347,0.0,0.0,0.0,2019-06-12
35,170,cha170,0.0,0.003563,0.0,0.0,0.003563,0.0,0.0,0.0,2019-06-12
36,171,cha171,0.0,0.002106,0.0,0.0,0.002106,0.0,0.0,0.0,2019-06-12
37,173,cha173,0.0,0.04282,0.0,0.0,0.04282,0.0,0.0,0.0,2019-06-12
1,29,cha029,0.0,0.0,0.0,0.0,0.0,0.0,0.0,0.0,2019-06-13
2,35,cha035,0.0,0.0,0.0,0.0,0.0,0.0,0.0,0.0,2019-06-13
3,37,cha037,0.0,0.0,0.0,0.0,0.0,0.0,0.0,0.0,2019-06-13
4,38,cha038,0.0,0.03778,0.0,0.0,0.03778,0.0,0.0,0.0,2019-06-13
5,39,cha039,0.0,0.0,0.0,0.0,0.0,0.0,0.0,0.0,2019-06-13
6,41,cha041,0.0,0.0,0.0,0.0,0.0,0.0,0.0,0.0,2019-06-13
7,43,cha043,0.0,0.0,0.0,0.0,0.0,0.0,0.0,0.0,2019-06-13
8,44,cha044,0.0,0.0,0.0,0.0,0.0,0.0,0.0,0.0,2019-06-13
9,45,cha045,0.0,0.0,0.0,0.0,0.0,0.0,0.0,0.0,2019-06-13
10,50,cha050,0.0,0.0,0.0,0.0,0.0,0.0,0.0,0.0,2019-06-13
11,51,cha051,0.0,0.0,0.0,0.0,0.0,0.0,0.0,0.0,2019-06-13
12,54,cha054,0.0,0.0,0.0,0.0,0.0,0.0,0.0,0.0,2019-06-13
13,57,cha057,0.0,0.298,0.0,0.0,0.298,0.0,0.0,0.0,2019-06-13
14,59,cha059,0.0,0.0,0.0,0.0,0.0,0.0,0.0,0.0,2019-06-13
15,64,cha064,0.0,0.3706,0.0,0.0,0.3706,0.0,0.0,0.0,2019-06-13
16,66,cha066,0.0,0.0,0.0,0.0,0.0,0.0,0.0,0.0,2019-06-13
17,70,cha070,0.0,0.0,0.0,0.0,0.0,0.0,0.0,0.0,2019-06-13
18,71,cha071,0.0,0.0,0.0,0.0,0.0,0.0,0.0,0.0,2019-06-13
19,74,cha074,0.0,0.0,0.0,0.0,0.0,0.0,0.0,0.0,2019-06-13
20,138,cha138,0.0,0.4958,0.0,0.0,0.4958,0.0,0.0,0.0,2019-06-13
21,141,cha141,0.0,0.002951,0.0,0.0,0.002951,0.0,0.0,0.0,2019-06-13
22,142,cha142,0.0,0.0002266,0.0,0.0,0.0002266,0.0,0.0,0.0,2019-06-13
23,146,cha146,0.0,0.0009837,0.0,0.0,0.0009837,0.0,0.0,0.0,2019-06-13
24,148,cha148,0.0,0.003982,0.0,0.0,0.003982,0.0,0.0,0.0,2019-06-13
25,153,cha153,0.0,1.874,0.0,0.0,1.874,0.0,0.0,0.0,2019-06-13
26,155,cha155,0.0,0.3398,0.0,0.0,0.3398,0.0,0.0,0.0,2019-06-13
27,158,cha158,0.0,0.04842,0.0,0.0,0.04842,0.0,0.0,0.0,2019-06-13
28,161,cha161,0.0,0.2863,0.0,0.0,0.2863,0.0,0.0,0.0,2019-06-13
29,162,cha162,0.0,0.0005408,0.0,0.0,0.0005408,0.0,0.0,0.0,2019-06-13
30,165,cha165,0.0,0.04613,0.0,0.0,0.04613,0.0,0.0,0.0,2019-06-13
31,166,cha166,0.0,0.001533,0.0,0.0,0.001533,0.0,0.0,0.0,2019-06-13
32,167,cha167,0.0,0.2839,0.0,0.0,0.2839,0.0,0.0,0.0,2019-06-13
33,168,cha168,0.0,0.0005734,0.0,0.0,0.0005734,0.0,0.0,0.0,2019-06-13
34,169,cha169,0.0,0.04383,0.0,0.0,0.04383,0.0,0.0,0.0,2019-06-13
35,170,cha170,0.0,0.003555,0.0,0.0,0.003555,0.0,0.0,0.0,2019-06-13
36,171,cha171,0.0,0.002099,0.0,0.0,0.002099,0.0,0.0,0.0,2019-06-13
37,173,cha173,0.0,0.04317,0.0,0.0,0.04317,0.0,0.0,0.0,2019-06-13
1,29,cha029,0.0,0.0,0.0,0.0,0.0,0.0,0.0,0.0,2019-06-14
2,35,cha035,0.0,0.0,0.0,0.0,0.0,0.0,0.0,0.0,2019-06-14
3,37,cha037,0.0,0.0,0.0,0.0,0.0,0.0,0.0,0.0,2019-06-14
4,38,cha038,0.0,0.03811,0.0,0.0,0.03811,0.0,0.0,0.0,2019-06-14
5,39,cha039,0.0,0.0,0.0,0.0,0.0,0.0,0.0,0.0,2019-06-14
6,41,cha041,0.0,0.0,0.0,0.0,0.0,0.0,0.0,0.0,2019-06-14
7,43,cha043,0.0,0.0,0.0,0.0,0.0,0.0,0.0,0.0,2019-06-14
8,44,cha044,0.0,0.0,0.0,0.0,0.0,0.0,0.0,0.0,2019-06-14
9,45,cha045,0.0,0.0,0.0,0.0,0.0,0.0,0.0,0.0,2019-06-14
10,50,cha050,0.0,0.0,0.0,0.0,0.0,0.0,0.0,0.0,2019-06-14
11,51,cha051,0.0,0.0,0.0,0.0,0.0,0.0,0.0,0.0,2019-06-14
12,54,cha054,0.0,0.0,0.0,0.0,0.0,0.0,0.0,0.0,2019-06-14
13,57,cha057,0.0,0.2953,0.0,0.0,0.2953,0.0,0.0,0.0,2019-06-14
14,59,cha059,0.0,0.0,0.0,0.0,0.0,0.0,0.0,0.0,2019-06-14
15,64,cha064,0.0,0.3678,0.0,0.0,0.3678,0.0,0.0,0.0,2019-06-14
16,66,cha066,0.0,0.0,0.0,0.0,0.0,0.0,0.0,0.0,2019-06-14
17,70,cha070,0.0,0.0,0.0,0.0,0.0,0.0,0.0,0.0,2019-06-14
18,71,cha071,0.0,0.0,0.0,0.0,0.0,0.0,0.0,0.0,2019-06-14
19,74,cha074,0.0,0.0,0.0,0.0,0.0,0.0,0.0,0.0,2019-06-14
20,138,cha138,0.0,0.4919,0.0,0.0,0.4919,0.0,0.0,0.0,2019-06-14
21,141,cha141,0.0,0.002959,0.0,0.0,0.002959,0.0,0.0,0.0,2019-06-14
22,142,cha142,0.0,0.0002284,0.0,0.0,0.0002284,0.0,0.0,0.0,2019-06-14
23,146,cha146,0.0,0.00099,0.0,0.0,0.00099,0.0,0.0,0.0,2019-06-14
24,148,cha148,0.0,0.003996,0.0,0.0,0.003996,0.0,0.0,0.0,2019-06-14
25,153,cha153,0.0,1.861,0.0,0.0,1.861,0.0,0.0,0.0,2019-06-14
26,155,cha155,0.0,0.338,0.0,0.0,0.338,0.0,0.0,0.0,2019-06-14
27,158,cha158,0.0,0.04873,0.0,0.0,0.04873,0.0,0.0,0.0,2019-06-14
28,161,cha161,0.0,0.2845,0.0,0.0,0.2845,0.0,0.0,0.0,2019-06-14
29,162,cha162,0.0,0.0005418,0.0,0.0,0.0005418,0.0,0.0,0.0,2019-06-14
30,165,cha165,0.0,0.04645,0.0,0.0,0.04645,0.0,0.0,0.0,2019-06-14
31,166,cha166,0.0,0.001531,0.0,0.0,0.001531,0.0,0.0,0.0,2019-06-14
32,167,cha167,0.0,0.282,0.0,0.0,0.282,0.0,0.0,0.0,2019-06-14
33,168,cha168,0.0,0.000573,0.0,0.0,0.000573,0.0,0.0,0.0,2019-06-14
34,169,cha169,0.0,0.04414,0.0,0.0,0.04414,0.0,0.0,0.0,2019-06-14
35,170,cha170,0.0,0.003548,0.0,0.0,0.003548,0.0,0.0,0.0,2019-06-14
36,171,cha171,0.0,0.002095,0.0,0.0,0.002095,0.0,0.0,0.0,2019-06-14
37,173,cha173,0.0,0.04349,0.0,0.0,0.04349,0.0,0.0,0.0,2019-06-14
1,29,cha029,0.0,0.0,0.0,0.0,0.0,0.0,0.0,0.0,2019-06-15
2,35,cha035,0.0,0.0,0.0,0.0,0.0,0.0,0.0,0.0,2019-06-15
3,37,cha037,0.0,0.0,0.0,0.0,0.0,0.0,0.0,0.0,2019-06-15
4,38,cha038,0.0,0.03855,0.0,0.0,0.03855,0.0,0.0,0.0,2019-06-15
5,39,cha039,0.0,0.0,0.0,0.0,0.0,0.0,0.0,0.0,2019-06-15
6,41,cha041,0.0,0.0,0.0,0.0,0.0,0.0,0.0,0.0,2019-06-15
7,43,cha043,0.0,0.0,0.0,0.0,0.0,0.0,0.0,0.0,2019-06-15
8,44,cha044,0.0,0.0,0.0,0.0,0.0,0.0,0.0,0.0,2019-06-15
9,45,cha045,0.0,0.0,0.0,0.0,0.0,0.0,0.0,0.0,2019-06-15
10,50,cha050,0.0,0.0,0.0,0.0,0.0,0.0,0.0,0.0,2019-06-15
11,51,cha051,0.0,0.0,0.0,0.0,0.0,0.0,0.0,0.0,2019-06-15
12,54,cha054,0.0,0.0,0.0,0.0,0.0,0.0,0.0,0.0,2019-06-15
13,57,cha057,0.0,0.2924,0.0,0.0,0.2924,0.0,0.0,0.0,2019-06-15
14,59,cha059,0.0,0.0,0.0,0.0,0.0,0.0,0.0,0.0,2019-06-15
15,64,cha064,0.0,0.3646,0.0,0.0,0.3646,0.0,0.0,0.0,2019-06-15
16,66,cha066,0.0,0.0,0.0,0.0,0.0,0.0,0.0,0.0,2019-06-15
17,70,cha070,0.0,0.0,0.0,0.0,0.0,0.0,0.0,0.0,2019-06-15
18,71,cha071,0.0,0.0,0.0,0.0,0.0,0.0,0.0,0.0,2019-06-15
19,74,cha074,0.0,0.0,0.0,0.0,0.0,0.0,0.0,0.0,2019-06-15
20,138,cha138,0.0,6.538,0.0,0.0,6.538,0.0,0.0,0.0,2019-06-15
21,141,cha141,0.0,4.292,0.0,0.0,4.292,0.0,0.0,0.0,2019-06-15
22,142,cha142,0.0,0.4592,0.0,0.0,0.4592,0.0,0.0,0.0,2019-06-15
23,146,cha146,0.0,2.034,0.0,0.0,2.034,0.0,0.0,0.0,2019-06-15
24,148,cha148,0.0,5.822,0.0,0.0,5.822,0.0,0.0,0.0,2019-06-15
25,153,cha153,0.0,11.99,0.0,0.0,11.99,0.0,0.0,0.0,2019-06-15
26,155,cha155,0.0,9.92,0.0,0.0,9.92,0.0,0.0,0.0,2019-06-15
27,158,cha158,0.0,5.466,0.0,0.0,5.466,0.0,0.0,0.0,2019-06-15
28,161,cha161,0.0,8.51,0.0,0.0,8.51,0.0,0.0,0.0,2019-06-15
29,162,cha162,0.0,0.6238,0.0,0.0,0.6238,0.0,0.0,0.0,2019-06-15
30,165,cha165,0.0,3.407,0.0,0.0,3.407,0.0,0.0,0.0,2019-06-15
31,166,cha166,0.0,0.3663,0.0,0.0,0.3663,0.0,0.0,0.0,2019-06-15
32,167,cha167,0.0,6.917,0.0,0.0,6.917,0.0,0.0,0.0,2019-06-15
33,168,cha168,0.0,0.292,0.0,0.0,0.292,0.0,0.0,0.0,2019-06-15
34,169,cha169,0.0,2.376,0.0,0.0,2.376,0.0,0.0,0.0,2019-06-15
35,170,cha170,0.0,1.136,0.0,0.0,1.136,0.0,0.0,0.0,2019-06-15
36,171,cha171,0.0,0.727,0.0,0.0,0.727,0.0,0.0,0.0,2019-06-15
37,173,cha173,0.0,1.794,0.0,0.0,1.794,0.0,0.0,0.0,2019-06-15
1,29,cha029,0.0,0.0,0.0,0.0,0.0,0.0,0.0,0.0,2019-06-16
2,35,cha035,0.0,0.0,0.0,0.0,0.0,0.0,0.0,0.0,2019-06-16
3,37,cha037,0.0,0.0,0.0,0.0,0.0,0.0,0.0,0.0,2019-06-16
4,38,cha038,0.0,0.03895,0.0,0.0,0.03895,0.0,0.0,0.0,2019-06-16
5,39,cha039,0.0,0.0,0.0,0.0,0.0,0.0,0.0,0.0,2019-06-16
6,41,cha041,0.0,0.0,0.0,0.0,0.0,0.0,0.0,0.0,2019-06-16
7,43,cha043,0.0,0.0,0.0,0.0,0.0,0.0,0.0,0.0,2019-06-16
8,44,cha044,0.0,0.0,0.0,0.0,0.0,0.0,0.0,0.0,2019-06-16
9,45,cha045,0.0,0.0,0.0,0.0,0.0,0.0,0.0,0.0,2019-06-16
10,50,cha050,0.0,0.0,0.0,0.0,0.0,0.0,0.0,0.0,2019-06-16
11,51,cha051,0.0,0.0,0.0,0.0,0.0,0.0,0.0,0.0,2019-06-16
12,54,cha054,0.0,0.0,0.0,0.0,0.0,0.0,0.0,0.0,2019-06-16
13,57,cha057,0.0,0.2892,0.0,0.0,0.2892,0.0,0.0,0.0,2019-06-16
14,59,cha059,0.0,0.0,0.0,0.0,0.0,0.0,0.0,0.0,2019-06-16
15,64,cha064,0.0,0.361,0.0,0.0,0.361,0.0,0.0,0.0,2019-06-16
16,66,cha066,0.0,0.0,0.0,0.0,0.0,0.0,0.0,0.0,2019-06-16
17,70,cha070,0.0,0.0,0.0,0.0,0.0,0.0,0.0,0.0,2019-06-16
18,71,cha071,0.0,0.0,0.0,0.0,0.0,0.0,0.0,0.0,2019-06-16
19,74,cha074,0.0,0.0,0.0,0.0,0.0,0.0,0.0,0.0,2019-06-16
20,138,cha138,0.0,3.8,0.0,0.0,3.8,0.0,0.0,0.0,2019-06-16
21,141,cha141,0.0,2.436,0.0,0.0,2.436,0.0,0.0,0.0,2019-06-16
22,142,cha142,0.0,0.2412,0.0,0.0,0.2412,0.0,0.0,0.0,2019-06-16
23,146,cha146,0.0,1.044,0.0,0.0,1.044,0.0,0.0,0.0,2019-06-16
24,148,cha148,0.0,3.202,0.0,0.0,3.202,0.0,0.0,0.0,2019-06-16
25,153,cha153,0.0,6.873,0.0,0.0,6.873,0.0,0.0,0.0,2019-06-16
26,155,cha155,0.0,5.047,0.0,0.0,5.047,0.0,0.0,0.0,2019-06-16
27,158,cha158,0.0,2.74,0.0,0.0,2.74,0.0,0.0,0.0,2019-06-16
28,161,cha161,0.0,4.356,0.0,0.0,4.356,0.0,0.0,0.0,2019-06-16
29,162,cha162,0.0,0.326,0.0,0.0,0.326,0.0,0.0,0.0,2019-06-16
30,165,cha165,0.0,1.732,0.0,0.0,1.732,0.0,0.0,0.0,2019-06-16
31,166,cha166,0.0,0.2051,0.0,0.0,0.2051,0.0,0.0,0.0,2019-06-16
32,167,cha167,0.0,3.603,0.0,0.0,3.603,0.0,0.0,0.0,2019-06-16
33,168,cha168,0.0,0.1381,0.0,0.0,0.1381,0.0,0.0,0.0,2019-06-16
34,169,cha169,0.0,1.232,0.0,0.0,1.232,0.0,0.0,0.0,2019-06-16
35,170,cha170,0.0,0.5776,0.0,0.0,0.5776,0.0,0.0,0.0,2019-06-16
36,171,cha171,0.0,0.3728,0.0,0.0,0.3728,0.0,0.0,0.0,2019-06-16
37,173,cha173,0.0,0.9341,0.0,0.0,0.9341,0.0,0.0,0.0,2019-06-16
1,29,cha029,0.0,0.0,0.0,0.0,0.0,0.0,0.0,0.0,2019-06-17
2,35,cha035,0.0,0.0,0.0,0.0,0.0,0.0,0.0,0.0,2019-06-17
3,37,cha037,0.0,0.0,0.0,0.0,0.0,0.0,0.0,0.0,2019-06-17
4,38,cha038,0.0,0.03942,0.0,0.0,0.03942,0.0,0.0,0.0,2019-06-17
5,39,cha039,0.0,0.0,0.0,0.0,0.0,0.0,0.0,0.0,2019-06-17
6,41,cha041,0.0,0.0,0.0,0.0,0.0,0.0,0.0,0.0,2019-06-17
7,43,cha043,0.0,0.0,0.0,0.0,0.0,0.0,0.0,0.0,2019-06-17
8,44,cha044,0.0,0.0,0.0,0.0,0.0,0.0,0.0,0.0,2019-06-17
9,45,cha045,0.0,0.0,0.0,0.0,0.0,0.0,0.0,0.0,2019-06-17
10,50,cha050,0.0,0.0,0.0,0.0,0.0,0.0,0.0,0.0,2019-06-17
11,51,cha051,0.0,0.0,0.0,0.0,0.0,0.0,0.0,0.0,2019-06-17
12,54,cha054,0.0,0.0,0.0,0.0,0.0,0.0,0.0,0.0,2019-06-17
13,57,cha057,0.0,0.2858,0.0,0.0,0.2858,0.0,0.0,0.0,2019-06-17
14,59,cha059,0.0,0.0,0.0,0.0,0.0,0.0,0.0,0.0,2019-06-17
15,64,cha064,0.0,0.3572,0.0,0.0,0.3572,0.0,0.0,0.0,2019-06-17
16,66,cha066,0.0,0.0,0.0,0.0,0.0,0.0,0.0,0.0,2019-06-17
17,70,cha070,0.0,0.0,0.0,0.0,0.0,0.0,0.0,0.0,2019-06-17
18,71,cha071,0.0,0.0,0.0,0.0,0.0,0.0,0.0,0.0,2019-06-17
19,74,cha074,0.0,0.0,0.0,0.0,0.0,0.0,0.0,0.0,2019-06-17
20,138,cha138,0.0,2.341,0.0,0.0,2.341,0.0,0.0,0.0,2019-06-17
21,141,cha141,0.0,1.411,0.0,0.0,1.411,0.0,0.0,0.0,2019-06-17
22,142,cha142,0.0,0.1268,0.0,0.0,0.1268,0.0,0.0,0.0,2019-06-17
23,146,cha146,0.0,0.5442,0.0,0.0,0.5442,0.0,0.0,0.0,2019-06-17
24,148,cha148,0.0,1.805,0.0,0.0,1.805,0.0,0.0,0.0,2019-06-17
25,153,cha153,0.0,4.386,0.0,0.0,4.386,0.0,0.0,0.0,2019-06-17
26,155,cha155,0.0,2.711,0.0,0.0,2.711,0.0,0.0,0.0,2019-06-17
27,158,cha158,0.0,1.427,0.0,0.0,1.427,0.0,0.0,0.0,2019-06-17
28,161,cha161,0.0,2.355,0.0,0.0,2.355,0.0,0.0,0.0,2019-06-17
29,162,cha162,0.0,0.1726,0.0,0.0,0.1726,0.0,0.0,0.0,2019-06-17
30,165,cha165,0.0,0.9036,0.0,0.0,0.9036,0.0,0.0,0.0,2019-06-17
31,166,cha166,0.0,0.1152,0.0,0.0,0.1152,0.0,0.0,0.0,2019-06-17
32,167,cha167,0.0,1.983,0.0,0.0,1.983,0.0,0.0,0.0,2019-06-17
33,168,cha168,0.0,0.06545,0.0,0.0,0.06545,0.0,0.0,0.0,2019-06-17
34,169,cha169,0.0,0.6581,0.0,0.0,0.6581,0.0,0.0,0.0,2019-06-17
35,170,cha170,0.0,0.2977,0.0,0.0,0.2977,0.0,0.0,0.0,2019-06-17
36,171,cha171,0.0,0.1947,0.0,0.0,0.1947,0.0,0.0,0.0,2019-06-17
37,173,cha173,0.0,0.502,0.0,0.0,0.502,0.0,0.0,0.0,2019-06-17
1,29,cha029,0.0,0.0,0.0,0.0,0.0,0.0,0.0,0.0,2019-06-18
2,35,cha035,0.0,0.0,0.0,0.0,0.0,0.0,0.0,0.0,2019-06-18
3,37,cha037,0.0,0.0,0.0,0.0,0.0,0.0,0.0,0.0,2019-06-18
4,38,cha038,0.0,0.03987,0.0,0.0,0.03987,0.0,0.0,0.0,2019-06-18
5,39,cha039,0.0,0.0,0.0,0.0,0.0,0.0,0.0,0.0,2019-06-18
6,41,cha041,0.0,0.0,0.0,0.0,0.0,0.0,0.0,0.0,2019-06-18
7,43,cha043,0.0,0.0,0.0,0.0,0.0,0.0,0.0,0.0,2019-06-18
8,44,cha044,0.0,0.0,0.0,0.0,0.0,0.0,0.0,0.0,2019-06-18
9,45,cha045,0.0,0.0,0.0,0.0,0.0,0.0,0.0,0.0,2019-06-18
10,50,cha050,0.0,0.0,0.0,0.0,0.0,0.0,0.0,0.0,2019-06-18
11,51,cha051,0.0,0.0,0.0,0.0,0.0,0.0,0.0,0.0,2019-06-18
12,54,cha054,0.0,0.0,0.0,0.0,0.0,0.0,0.0,0.0,2019-06-18
13,57,cha057,0.0,0.2823,0.0,0.0,0.2823,0.0,0.0,0.0,2019-06-18
14,59,cha059,0.0,0.0,0.0,0.0,0.0,0.0,0.0,0.0,2019-06-18
15,64,cha064,0.0,0.3531,0.0,0.0,0.3531,0.0,0.0,0.0,2019-06-18
16,66,cha066,0.0,0.0,0.0,0.0,0.0,0.0,0.0,0.0,2019-06-18
17,70,cha070,0.0,0.0,0.0,0.0,0.0,0.0,0.0,0.0,2019-06-18
18,71,cha071,0.0,0.0,0.0,0.0,0.0,0.0,0.0,0.0,2019-06-18
19,74,cha074,0.0,0.0,0.0,0.0,0.0,0.0,0.0,0.0,2019-06-18
20,138,cha138,0.0,1.536,0.0,0.0,1.536,0.0,0.0,0.0,2019-06-18
21,141,cha141,0.0,0.8279,0.0,0.0,0.8279,0.0,0.0,0.0,2019-06-18
22,142,cha142,0.0,0.06667,0.0,0.0,0.06667,0.0,0.0,0.0,2019-06-18
23,146,cha146,0.0,0.2875,0.0,0.0,0.2875,0.0,0.0,0.0,2019-06-18
24,148,cha148,0.0,1.034,0.0,0.0,1.034,0.0,0.0,0.0,2019-06-18
25,153,cha153,0.0,3.128,0.0,0.0,3.128,0.0,0.0,0.0,2019-06-18
26,155,cha155,0.0,1.548,0.0,0.0,1.548,0.0,0.0,0.0,2019-06-18
27,158,cha158,0.0,0.7634,0.0,0.0,0.7634,0.0,0.0,0.0,2019-06-18
28,161,cha161,0.0,1.35,0.0,0.0,1.35,0.0,0.0,0.0,2019-06-18
29,162,cha162,0.0,0.09039,0.0,0.0,0.09039,0.0,0.0,0.0,2019-06-18
30,165,cha165,0.0,0.4865,0.0,0.0,0.4865,0.0,0.0,0.0,2019-06-18
31,166,cha166,0.0,0.06497,0.0,0.0,0.06497,0.0,0.0,0.0,2019-06-18
32,167,cha167,0.0,1.159,0.0,0.0,1.159,0.0,0.0,0.0,2019-06-18
33,168,cha168,0.0,0.03118,0.0,0.0,0.03118,0.0,0.0,0.0,2019-06-18
34,169,cha169,0.0,0.3643,0.0,0.0,0.3643,0.0,0.0,0.0,2019-06-18
35,170,cha170,0.0,0.1555,0.0,0.0,0.1555,0.0,0.0,0.0,2019-06-18
36,171,cha171,0.0,0.1033,0.0,0.0,0.1033,0.0,0.0,0.0,2019-06-18
37,173,cha173,0.0,0.2808,0.0,0.0,0.2808,0.0,0.0,0.0,2019-06-18
1,29,cha029,0.0,0.0,0.0,0.0,0.0,0.0,0.0,0.0,2019-06-19
2,35,cha035,0.0,0.0,0.0,0.0,0.0,0.0,0.0,0.0,2019-06-19
3,37,cha037,0.0,0.0,0.0,0.0,0.0,0.0,0.0,0.0,2019-06-19
4,38,cha038,0.0,0.04028,0.0,0.0,0.04028,0.0,0.0,0.0,2019-06-19
5,39,cha039,0.0,0.0,0.0,0.0,0.0,0.0,0.0,0.0,2019-06-19
6,41,cha041,0.0,0.0,0.0,0.0,0.0,0.0,0.0,0.0,2019-06-19
7,43,cha043,0.0,0.0,0.0,0.0,0.0,0.0,0.0,0.0,2019-06-19
8,44,cha044,0.0,0.0,0.0,0.0,0.0,0.0,0.0,0.0,2019-06-19
9,45,cha045,0.0,0.0,0.0,0.0,0.0,0.0,0.0,0.0,2019-06-19
10,50,cha050,0.0,0.0,0.0,0.0,0.0,0.0,0.0,0.0,2019-06-19
11,51,cha051,0.0,0.0,0.0,0.0,0.0,0.0,0.0,0.0,2019-06-19
12,54,cha054,0.0,0.0,0.0,0.0,0.0,0.0,0.0,0.0,2019-06-19
13,57,cha057,0.0,0.2786,0.0,0.0,0.2786,0.0,0.0,0.0,2019-06-19
14,59,cha059,0.0,0.0,0.0,0.0,0.0,0.0,0.0,0.0,2019-06-19
15,64,cha064,0.0,0.3488,0.0,0.0,0.3488,0.0,0.0,0.0,2019-06-19
16,66,cha066,0.0,0.0,0.0,0.0,0.0,0.0,0.0,0.0,2019-06-19
17,70,cha070,0.0,0.0,0.0,0.0,0.0,0.0,0.0,0.0,2019-06-19
18,71,cha071,0.0,0.0,0.0,0.0,0.0,0.0,0.0,0.0,2019-06-19
19,74,cha074,0.0,0.0,0.0,0.0,0.0,0.0,0.0,0.0,2019-06-19
20,138,cha138,0.0,1.082,0.0,0.0,1.082,0.0,0.0,0.0,2019-06-19
21,141,cha141,0.0,0.491,0.0,0.0,0.491,0.0,0.0,0.0,2019-06-19
22,142,cha142,0.0,0.03512,0.0,0.0,0.03512,0.0,0.0,0.0,2019-06-19
23,146,cha146,0.0,0.1537,0.0,0.0,0.1537,0.0,0.0,0.0,2019-06-19
24,148,cha148,0.0,0.601,0.0,0.0,0.601,0.0,0.0,0.0,2019-06-19
25,153,cha153,0.0,2.475,0.0,0.0,2.475,0.0,0.0,0.0,2019-06-19
26,155,cha155,0.0,0.9596,0.0,0.0,0.9596,0.0,0.0,0.0,2019-06-19
27,158,cha158,0.0,0.4242,0.0,0.0,0.4242,0.0,0.0,0.0,2019-06-19
28,161,cha161,0.0,0.8363,0.0,0.0,0.8363,0.0,0.0,0.0,2019-06-19
29,162,cha162,0.0,0.04746,0.0,0.0,0.04746,0.0,0.0,0.0,2019-06-19
30,165,cha165,0.0,0.2748,0.0,0.0,0.2748,0.0,0.0,0.0,2019-06-19
31,166,cha166,0.0,0.03695,0.0,0.0,0.03695,0.0,0.0,0.0,2019-06-19
32,167,cha167,0.0,0.7342,0.0,0.0,0.7342,0.0,0.0,0.0,2019-06-19
33,168,cha168,0.0,0.01502,0.0,0.0,0.01502,0.0,0.0,0.0,2019-06-19
34,169,cha169,0.0,0.2129,0.0,0.0,0.2129,0.0,0.0,0.0,2019-06-19
35,170,cha170,0.0,0.08264,0.0,0.0,0.08264,0.0,0.0,0.0,2019-06-19
36,171,cha171,0.0,0.05579,0.0,0.0,0.05579,0.0,0.0,0.0,2019-06-19
37,173,cha173,0.0,0.1677,0.0,0.0,0.1677,0.0,0.0,0.0,2019-06-19
1,29,cha029,0.0,0.0,0.0,0.0,0.0,0.0,0.0,0.0,2019-06-20
2,35,cha035,0.0,0.0,0.0,0.0,0.0,0.0,0.0,0.0,2019-06-20
3,37,cha037,0.0,0.0,0.0,0.0,0.0,0.0,0.0,0.0,2019-06-20
4,38,cha038,0.0,0.04063,0.0,0.0,0.04063,0.0,0.0,0.0,2019-06-20
5,39,cha039,0.0,0.0,0.0,0.0,0.0,0.0,0.0,0.0,2019-06-20
6,41,cha041,0.0,0.0,0.0,0.0,0.0,0.0,0.0,0.0,2019-06-20
7,43,cha043,0.0,0.0,0.0,0.0,0.0,0.0,0.0,0.0,2019-06-20
8,44,cha044,0.0,0.0,0.0,0.0,0.0,0.0,0.0,0.0,2019-06-20
9,45,cha045,0.0,0.0,0.0,0.0,0.0,0.0,0.0,0.0,2019-06-20
10,50,cha050,0.0,0.0,0.0,0.0,0.0,0.0,0.0,0.0,2019-06-20
11,51,cha051,0.0,0.0,0.0,0.0,0.0,0.0,0.0,0.0,2019-06-20
12,54,cha054,0.0,0.0,0.0,0.0,0.0,0.0,0.0,0.0,2019-06-20
13,57,cha057,0.0,0.2747,0.0,0.0,0.2747,0.0,0.0,0.0,2019-06-20
14,59,cha059,0.0,0.0,0.0,0.0,0.0,0.0,0.0,0.0,2019-06-20
15,64,cha064,0.0,0.3443,0.0,0.0,0.3443,0.0,0.0,0.0,2019-06-20
16,66,cha066,0.0,0.0,0.0,0.0,0.0,0.0,0.0,0.0,2019-06-20
17,70,cha070,0.0,0.0,0.0,0.0,0.0,0.0,0.0,0.0,2019-06-20
18,71,cha071,0.0,0.0,0.0,0.0,0.0,0.0,0.0,0.0,2019-06-20
19,74,cha074,0.0,0.0,0.0,0.0,0.0,0.0,0.0,0.0,2019-06-20
20,138,cha138,0.0,0.82,0.0,0.0,0.82,0.0,0.0,0.0,2019-06-20
21,141,cha141,0.0,0.2939,0.0,0.0,0.2939,0.0,0.0,0.0,2019-06-20
22,142,cha142,0.0,0.01855,0.0,0.0,0.01855,0.0,0.0,0.0,2019-06-20
23,146,cha146,0.0,0.08301,0.0,0.0,0.08301,0.0,0.0,0.0,2019-06-20
24,148,cha148,0.0,0.3532,0.0,0.0,0.3532,0.0,0.0,0.0,2019-06-20
25,153,cha153,0.0,2.125,0.0,0.0,2.125,0.0,0.0,0.0,2019-06-20
26,155,cha155,0.0,0.6562,0.0,0.0,0.6562,0.0,0.0,0.0,2019-06-20
27,158,cha158,0.0,0.2484,0.0,0.0,0.2484,0.0,0.0,0.0,2019-06-20
28,161,cha161,0.0,0.5685,0.0,0.0,0.5685,0.0,0.0,0.0,2019-06-20
29,162,cha162,0.0,0.02504,0.0,0.0,0.02504,0.0,0.0,0.0,2019-06-20
30,165,cha165,0.0,0.1664,0.0,0.0,0.1664,0.0,0.0,0.0,2019-06-20
31,166,cha166,0.0,0.02131,0.0,0.0,0.02131,0.0,0.0,0.0,2019-06-20
32,167,cha167,0.0,0.5124,0.0,0.0,0.5124,0.0,0.0,0.0,2019-06-20
33,168,cha168,0.0,0.00739,0.0,0.0,0.00739,0.0,0.0,0.0,2019-06-20
34,169,cha169,0.0,0.1344,0.0,0.0,0.1344,0.0,0.0,0.0,2019-06-20
35,170,cha170,0.0,0.04499,0.0,0.0,0.04499,0.0,0.0,0.0,2019-06-20
36,171,cha171,0.0,0.0308,0.0,0.0,0.0308,0.0,0.0,0.0,2019-06-20
37,173,cha173,0.0,0.1095,0.0,0.0,0.1095,0.0,0.0,0.0,2019-06-20
1,29,cha029,0.0,0.0,0.0,0.0,0.0,0.0,0.0,0.0,2019-06-21
2,35,cha035,0.0,0.0,0.0,0.0,0.0,0.0,0.0,0.0,2019-06-21
3,37,cha037,0.0,0.0,0.0,0.0,0.0,0.0,0.0,0.0,2019-06-21
4,38,cha038,0.0,0.04103,0.0,0.0,0.04103,0.0,0.0,0.0,2019-06-21
5,39,cha039,0.0,0.0,0.0,0.0,0.0,0.0,0.0,0.0,2019-06-21
6,41,cha041,0.0,0.0,0.0,0.0,0.0,0.0,0.0,0.0,2019-06-21
7,43,cha043,0.0,0.0,0.0,0.0,0.0,0.0,0.0,0.0,2019-06-21
8,44,cha044,0.0,0.0,0.0,0.0,0.0,0.0,0.0,0.0,2019-06-21
9,45,cha045,0.0,0.0,0.0,0.0,0.0,0.0,0.0,0.0,2019-06-21
10,50,cha050,0.0,0.0,0.0,0.0,0.0,0.0,0.0,0.0,2019-06-21
11,51,cha051,0.0,0.0,0.0,0.0,0.0,0.0,0.0,0.0,2019-06-21
12,54,cha054,0.0,0.0,0.0,0.0,0.0,0.0,0.0,0.0,2019-06-21
13,57,cha057,0.0,0.2707,0.0,0.0,0.2707,0.0,0.0,0.0,2019-06-21
14,59,cha059,0.0,0.0,0.0,0.0,0.0,0.0,0.0,0.0,2019-06-21
15,64,cha064,0.0,0.3396,0.0,0.0,0.3396,0.0,0.0,0.0,2019-06-21
16,66,cha066,0.0,0.0,0.0,0.0,0.0,0.0,0.0,0.0,2019-06-21
17,70,cha070,0.0,0.0,0.0,0.0,0.0,0.0,0.0,0.0,2019-06-21
18,71,cha071,0.0,0.0,0.0,0.0,0.0,0.0,0.0,0.0,2019-06-21
19,74,cha074,0.0,0.0,0.0,0.0,0.0,0.0,0.0,0.0,2019-06-21
20,138,cha138,0.0,0.6659,0.0,0.0,0.6659,0.0,0.0,0.0,2019-06-21
21,141,cha141,0.0,0.1775,0.0,0.0,0.1775,0.0,0.0,0.0,2019-06-21
22,142,cha142,0.0,0.009855,0.0,0.0,0.009855,0.0,0.0,0.0,2019-06-21
23,146,cha146,0.0,0.04534,0.0,0.0,0.04534,0.0,0.0,0.0,2019-06-21
24,148,cha148,0.0,0.2099,0.0,0.0,0.2099,0.0,0.0,0.0,2019-06-21
25,153,cha153,0.0,1.93,0.0,0.0,1.93,0.0,0.0,0.0,2019-06-21
26,155,cha155,0.0,0.4974,0.0,0.0,0.4974,0.0,0.0,0.0,2019-06-21
27,158,cha158,0.0,0.1564,0.0,0.0,0.1564,0.0,0.0,0.0,2019-06-21
28,161,cha161,0.0,0.4266,0.0,0.0,0.4266,0.0,0.0,0.0,2019-06-21
29,162,cha162,0.0,0.01334,0.0,0.0,0.01334,0.0,0.0,0.0,2019-06-21
30,165,cha165,0.0,0.1107,0.0,0.0,0.1107,0.0,0.0,0.0,2019-06-21
31,166,cha166,0.0,0.01258,0.0,0.0,0.01258,0.0,0.0,0.0,2019-06-21
32,167,cha167,0.0,0.3948,0.0,0.0,0.3948,0.0,0.0,0.0,2019-06-21
33,168,cha168,0.0,0.003792,0.0,0.0,0.003792,0.0,0.0,0.0,2019-06-21
34,169,cha169,0.0,0.09346,0.0,0.0,0.09346,0.0,0.0,0.0,2019-06-21
35,170,cha170,0.0,0.02539,0.0,0.0,0.02539,0.0,0.0,0.0,2019-06-21
36,171,cha171,0.0,0.01754,0.0,0.0,0.01754,0.0,0.0,0.0,2019-06-21
37,173,cha173,0.0,0.07959,0.0,0.0,0.07959,0.0,0.0,0.0,2019-06-21
1,29,cha029,0.0,0.0,0.0,0.0,0.0,0.0,0.0,0.0,2019-06-22
2,35,cha035,0.0,0.0,0.0,0.0,0.0,0.0,0.0,0.0,2019-06-22
3,37,cha037,0.0,0.0,0.0,0.0,0.0,0.0,0.0,0.0,2019-06-22
4,38,cha038,0.0,0.04148,0.0,0.0,0.04148,0.0,0.0,0.0,2019-06-22
5,39,cha039,0.0,0.0,0.0,0.0,0.0,0.0,0.0,0.0,2019-06-22
6,41,cha041,0.0,0.0,0.0,0.0,0.0,0.0,0.0,0.0,2019-06-22
7,43,cha043,0.0,0.0,0.0,0.0,0.0,0.0,0.0,0.0,2019-06-22
8,44,cha044,0.0,0.0,0.0,0.0,0.0,0.0,0.0,0.0,2019-06-22
9,45,cha045,0.0,0.0,0.0,0.0,0.0,0.0,0.0,0.0,2019-06-22
10,50,cha050,0.0,0.0,0.0,0.0,0.0,0.0,0.0,0.0,2019-06-22
11,51,cha051,0.0,0.0,0.0,0.0,0.0,0.0,0.0,0.0,2019-06-22
12,54,cha054,0.0,0.0,0.0,0.0,0.0,0.0,0.0,0.0,2019-06-22
13,57,cha057,0.0,0.2666,0.0,0.0,0.2666,0.0,0.0,0.0,2019-06-22
14,59,cha059,0.0,0.0,0.0,0.0,0.0,0.0,0.0,0.0,2019-06-22
15,64,cha064,0.0,0.3348,0.0,0.0,0.3348,0.0,0.0,0.0,2019-06-22
16,66,cha066,0.0,0.0,0.0,0.0,0.0,0.0,0.0,0.0,2019-06-22
17,70,cha070,0.0,0.0,0.0,0.0,0.0,0.0,0.0,0.0,2019-06-22
18,71,cha071,0.0,0.0,0.0,0.0,0.0,0.0,0.0,0.0,2019-06-22
19,74,cha074,0.0,0.0,0.0,0.0,0.0,0.0,0.0,0.0,2019-06-22
20,138,cha138,0.0,0.5732,0.0,0.0,0.5732,0.0,0.0,0.0,2019-06-22
21,141,cha141,0.0,0.1082,0.0,0.0,0.1082,0.0,0.0,0.0,2019-06-22
22,142,cha142,0.0,0.005289,0.0,0.0,0.005289,0.0,0.0,0.0,2019-06-22
23,146,cha146,0.0,0.0251,0.0,0.0,0.0251,0.0,0.0,0.0,2019-06-22
24,148,cha148,0.0,0.1262,0.0,0.0,0.1262,0.0,0.0,0.0,2019-06-22
25,153,cha153,0.0,1.882,0.0,0.0,1.882,0.0,0.0,0.0,2019-06-22
26,155,cha155,0.0,0.4792,0.0,0.0,0.4792,0.0,0.0,0.0,2019-06-22
27,158,cha158,0.0,0.1744,0.0,0.0,0.1744,0.0,0.0,0.0,2019-06-22
28,161,cha161,0.0,0.4165,0.0,0.0,0.4165,0.0,0.0,0.0,2019-06-22
29,162,cha162,0.0,0.007228,0.0,0.0,0.007228,0.0,0.0,0.0,2019-06-22
30,165,cha165,0.0,0.1483,0.0,0.0,0.1483,0.0,0.0,0.0,2019-06-22
31,166,cha166,0.0,0.02613,0.0,0.0,0.02613,0.0,0.0,0.0,2019-06-22
32,167,cha167,0.0,0.3978,0.0,0.0,0.3978,0.0,0.0,0.0,2019-06-22
33,168,cha168,0.0,0.002095,0.0,0.0,0.002095,0.0,0.0,0.0,2019-06-22
34,169,cha169,0.0,0.1384,0.0,0.0,0.1384,0.0,0.0,0.0,2019-06-22
35,170,cha170,0.0,0.08138,0.0,0.0,0.08138,0.0,0.0,0.0,2019-06-22
36,171,cha171,0.0,0.07542,0.0,0.0,0.07542,0.0,0.0,0.0,2019-06-22
37,173,cha173,0.0,0.1305,0.0,0.0,0.1305,0.0,0.0,0.0,2019-06-22
1,29,cha029,0.0,0.0,0.0,0.0,0.0,0.0,0.0,0.0,2019-06-23
2,35,cha035,0.0,0.0,0.0,0.0,0.0,0.0,0.0,0.0,2019-06-23
3,37,cha037,0.0,0.0,0.0,0.0,0.0,0.0,0.0,0.0,2019-06-23
4,38,cha038,0.0,0.0419,0.0,0.0,0.0419,0.0,0.0,0.0,2019-06-23
5,39,cha039,0.0,0.0,0.0,0.0,0.0,0.0,0.0,0.0,2019-06-23
6,41,cha041,0.0,0.0,0.0,0.0,0.0,0.0,0.0,0.0,2019-06-23
7,43,cha043,0.0,0.0,0.0,0.0,0.0,0.0,0.0,0.0,2019-06-23
8,44,cha044,0.0,0.0,0.0,0.0,0.0,0.0,0.0,0.0,2019-06-23
9,45,cha045,0.0,0.0,0.0,0.0,0.0,0.0,0.0,0.0,2019-06-23
10,50,cha050,0.0,0.0,0.0,0.0,0.0,0.0,0.0,0.0,2019-06-23
11,51,cha051,0.0,0.0,0.0,0.0,0.0,0.0,0.0,0.0,2019-06-23
12,54,cha054,0.0,0.0,0.0,0.0,0.0,0.0,0.0,0.0,2019-06-23
13,57,cha057,0.0,0.2625,0.0,0.0,0.2625,0.0,0.0,0.0,2019-06-23
14,59,cha059,0.0,0.0,0.0,0.0,0.0,0.0,0.0,0.0,2019-06-23
15,64,cha064,0.0,0.3298,0.0,0.0,0.3298,0.0,0.0,0.0,2019-06-23
16,66,cha066,0.0,0.0,0.0,0.0,0.0,0.0,0.0,0.0,2019-06-23
17,70,cha070,0.0,0.0,0.0,0.0,0.0,0.0,0.0,0.0,2019-06-23
18,71,cha071,0.0,0.0,0.0,0.0,0.0,0.0,0.0,0.0,2019-06-23
19,74,cha074,0.0,0.0,0.0,0.0,0.0,0.0,0.0,0.0,2019-06-23
20,138,cha138,0.0,0.5158,0.0,0.0,0.5158,0.0,0.0,0.0,2019-06-23
21,141,cha141,0.0,0.06668,0.0,0.0,0.06668,0.0,0.0,0.0,2019-06-23
22,142,cha142,0.0,0.002893,0.0,0.0,0.002893,0.0,0.0,0.0,2019-06-23
23,146,cha146,0.0,0.01416,0.0,0.0,0.01416,0.0,0.0,0.0,2019-06-23
24,148,cha148,0.0,0.07691,0.0,0.0,0.07691,0.0,0.0,0.0,2019-06-23
25,153,cha153,0.0,1.778,0.0,0.0,1.778,0.0,0.0,0.0,2019-06-23
26,155,cha155,0.0,0.4013,0.0,0.0,0.4013,0.0,0.0,0.0,2019-06-23
27,158,cha158,0.0,0.117,0.0,0.0,0.117,0.0,0.0,0.0,2019-06-23
28,161,cha161,0.0,0.3426,0.0,0.0,0.3426,0.0,0.0,0.0,2019-06-23
29,162,cha162,0.0,0.004038,0.0,0.0,0.004038,0.0,0.0,0.0,2019-06-23
30,165,cha165,0.0,0.1017,0.0,0.0,0.1017,0.0,0.0,0.0,2019-06-23
31,166,cha166,0.0,0.01528,0.0,0.0,0.01528,0.0,0.0,0.0,2019-06-23
32,167,cha167,0.0,0.3311,0.0,0.0,0.3311,0.0,0.0,0.0,2019-06-23
33,168,cha168,0.0,0.001295,0.0,0.0,0.001295,0.0,0.0,0.0,2019-06-23
34,169,cha169,0.0,0.09554,0.0,0.0,0.09554,0.0,0.0,0.0,2019-06-23
35,170,cha170,0.0,0.04416,0.0,0.0,0.04416,0.0,0.0,0.0,2019-06-23
36,171,cha171,0.0,0.04041,0.0,0.0,0.04041,0.0,0.0,0.0,2019-06-23
37,173,cha173,0.0,0.0909,0.0,0.0,0.0909,0.0,0.0,0.0,2019-06-23
1,29,cha029,0.0,0.0,0.0,0.0,0.0,0.0,0.0,0.0,2019-06-24
2,35,cha035,0.0,0.0,0.0,0.0,0.0,0.0,0.0,0.0,2019-06-24
3,37,cha037,0.0,0.0,0.0,0.0,0.0,0.0,0.0,0.0,2019-06-24
4,38,cha038,0.0,0.04228,0.0,0.0,0.04228,0.0,0.0,0.0,2019-06-24
5,39,cha039,0.0,0.0,0.0,0.0,0.0,0.0,0.0,0.0,2019-06-24
6,41,cha041,0.0,0.0,0.0,0.0,0.0,0.0,0.0,0.0,2019-06-24
7,43,cha043,0.0,0.0,0.0,0.0,0.0,0.0,0.0,0.0,2019-06-24
8,44,cha044,0.0,0.0,0.0,0.0,0.0,0.0,0.0,0.0,2019-06-24
9,45,cha045,0.0,0.0,0.0,0.0,0.0,0.0,0.0,0.0,2019-06-24
10,50,cha050,0.0,0.0,0.0,0.0,0.0,0.0,0.0,0.0,2019-06-24
11,51,cha051,0.0,0.0,0.0,0.0,0.0,0.0,0.0,0.0,2019-06-24
12,54,cha054,0.0,0.0,0.0,0.0,0.0,0.0,0.0,0.0,2019-06-24
13,57,cha057,0.0,0.2582,0.0,0.0,0.2582,0.0,0.0,0.0,2019-06-24
14,59,cha059,0.0,0.0,0.0,0.0,0.0,0.0,0.0,0.0,2019-06-24
15,64,cha064,0.0,0.3246,0.0,0.0,0.3246,0.0,0.0,0.0,2019-06-24
16,66,cha066,0.0,0.0,0.0,0.0,0.0,0.0,0.0,0.0,2019-06-24
17,70,cha070,0.0,0.0,0.0,0.0,0.0,0.0,0.0,0.0,2019-06-24
18,71,cha071,0.0,0.0,0.0,0.0,0.0,0.0,0.0,0.0,2019-06-24
19,74,cha074,0.0,0.0,0.0,0.0,0.0,0.0,0.0,0.0,2019-06-24
20,138,cha138,0.0,0.479,0.0,0.0,0.479,0.0,0.0,0.0,2019-06-24
21,141,cha141,0.0,0.04171,0.0,0.0,0.04171,0.0,0.0,0.0,2019-06-24
22,142,cha142,0.0,0.001635,0.0,0.0,0.001635,0.0,0.0,0.0,2019-06-24
23,146,cha146,0.0,0.008216,0.0,0.0,0.008216,0.0,0.0,0.0,2019-06-24
24,148,cha148,0.0,0.04775,0.0,0.0,0.04775,0.0,0.0,0.0,2019-06-24
25,153,cha153,0.0,1.711,0.0,0.0,1.711,0.0,0.0,0.0,2019-06-24
26,155,cha155,0.0,0.359,0.0,0.0,0.359,0.0,0.0,0.0,2019-06-24
27,158,cha158,0.0,0.0871,0.0,0.0,0.0871,0.0,0.0,0.0,2019-06-24
28,161,cha161,0.0,0.3021,0.0,0.0,0.3021,0.0,0.0,0.0,2019-06-24
29,162,cha162,0.0,0.002372,0.0,0.0,0.002372,0.0,0.0,0.0,2019-06-24
30,165,cha165,0.0,0.0776,0.0,0.0,0.0776,0.0,0.0,0.0,2019-06-24
31,166,cha166,0.0,0.009224,0.0,0.0,0.009224,0.0,0.0,0.0,2019-06-24
32,167,cha167,0.0,0.2945,0.0,0.0,0.2945,0.0,0.0,0.0,2019-06-24
33,168,cha168,0.0,0.0009184,0.0,0.0,0.0009184,0.0,0.0,0.0,2019-06-24
34,169,cha169,0.0,0.07334,0.0,0.0,0.07334,0.0,0.0,0.0,2019-06-24
35,170,cha170,0.0,0.02482,0.0,0.0,0.02482,0.0,0.0,0.0,2019-06-24
36,171,cha171,0.0,0.02219,0.0,0.0,0.02219,0.0,0.0,0.0,2019-06-24
37,173,cha173,0.0,0.07049,0.0,0.0,0.07049,0.0,0.0,0.0,2019-06-24
1,29,cha029,0.0,0.0,0.0,0.0,0.0,0.0,0.0,0.0,2019-06-25
2,35,cha035,0.0,0.0,0.0,0.0,0.0,0.0,0.0,0.0,2019-06-25
3,37,cha037,0.0,0.0,0.0,0.0,0.0,0.0,0.0,0.0,2019-06-25
4,38,cha038,0.0,0.0426,0.0,0.0,0.0426,0.0,0.0,0.0,2019-06-25
5,39,cha039,0.0,0.0,0.0,0.0,0.0,0.0,0.0,0.0,2019-06-25
6,41,cha041,0.0,0.0,0.0,0.0,0.0,0.0,0.0,0.0,2019-06-25
7,43,cha043,0.0,0.0,0.0,0.0,0.0,0.0,0.0,0.0,2019-06-25
8,44,cha044,0.0,0.0,0.0,0.0,0.0,0.0,0.0,0.0,2019-06-25
9,45,cha045,0.0,0.0,0.0,0.0,0.0,0.0,0.0,0.0,2019-06-25
10,50,cha050,0.0,0.0,0.0,0.0,0.0,0.0,0.0,0.0,2019-06-25
11,51,cha051,0.0,0.0,0.0,0.0,0.0,0.0,0.0,0.0,2019-06-25
12,54,cha054,0.0,0.0,0.0,0.0,0.0,0.0,0.0,0.0,2019-06-25
13,57,cha057,0.0,0.2539,0.0,0.0,0.2539,0.0,0.0,0.0,2019-06-25
14,59,cha059,0.0,0.0,0.0,0.0,0.0,0.0,0.0,0.0,2019-06-25
15,64,cha064,0.0,0.3194,0.0,0.0,0.3194,0.0,0.0,0.0,2019-06-25
16,66,cha066,0.0,0.0,0.0,0.0,0.0,0.0,0.0,0.0,2019-06-25
17,70,cha070,0.0,0.0,0.0,0.0,0.0,0.0,0.0,0.0,2019-06-25
18,71,cha071,0.0,0.0,0.0,0.0,0.0,0.0,0.0,0.0,2019-06-25
19,74,cha074,0.0,0.0,0.0,0.0,0.0,0.0,0.0,0.0,2019-06-25
20,138,cha138,0.0,0.4543,0.0,0.0,0.4543,0.0,0.0,0.0,2019-06-25
21,141,cha141,0.0,0.02662,0.0,0.0,0.02662,0.0,0.0,0.0,2019-06-25
22,142,cha142,0.0,0.0009752,0.0,0.0,0.0009752,0.0,0.0,0.0,2019-06-25
23,146,cha146,0.0,0.004978,0.0,0.0,0.004978,0.0,0.0,0.0,2019-06-25
24,148,cha148,0.0,0.0304,0.0,0.0,0.0304,0.0,0.0,0.0,2019-06-25
25,153,cha153,0.0,1.664,0.0,0.0,1.664,0.0,0.0,0.0,2019-06-25
26,155,cha155,0.0,0.3352,0.0,0.0,0.3352,0.0,0.0,0.0,2019-06-25
27,158,cha158,0.0,0.07146,0.0,0.0,0.07146,0.0,0.0,0.0,2019-06-25
28,161,cha161,0.0,0.2791,0.0,0.0,0.2791,0.0,0.0,0.0,2019-06-25
29,162,cha162,0.0,0.001503,0.0,0.0,0.001503,0.0,0.0,0.0,2019-06-25
30,165,cha165,0.0,0.06517,0.0,0.0,0.06517,0.0,0.0,0.0,2019-06-25
31,166,cha166,0.0,0.005845,0.0,0.0,0.005845,0.0,0.0,0.0,2019-06-25
32,167,cha167,0.0,0.2738,0.0,0.0,0.2738,0.0,0.0,0.0,2019-06-25
33,168,cha168,0.0,0.0007412,0.0,0.0,0.0007412,0.0,0.0,0.0,2019-06-25
34,169,cha169,0.0,0.06186,0.0,0.0,0.06186,0.0,0.0,0.0,2019-06-25
35,170,cha170,0.0,0.01474,0.0,0.0,0.01474,0.0,0.0,0.0,2019-06-25
36,171,cha171,0.0,0.01268,0.0,0.0,0.01268,0.0,0.0,0.0,2019-06-25
37,173,cha173,0.0,0.06,0.0,0.0,0.06,0.0,0.0,0.0,2019-06-25
1,29,cha029,0.0,0.0,0.0,0.0,0.0,0.0,0.0,0.0,2019-06-26
2,35,cha035,0.0,0.0,0.0,0.0,0.0,0.0,0.0,0.0,2019-06-26
3,37,cha037,0.0,0.0,0.0,0.0,0.0,0.0,0.0,0.0,2019-06-26
4,38,cha038,0.0,0.04287,0.0,0.0,0.04287,0.0,0.0,0.0,2019-06-26
5,39,cha039,0.0,0.0,0.0,0.0,0.0,0.0,0.0,0.0,2019-06-26
6,41,cha041,0.0,0.0,0.0,0.0,0.0,0.0,0.0,0.0,2019-06-26
7,43,cha043,0.0,0.0,0.0,0.0,0.0,0.0,0.0,0.0,2019-06-26
8,44,cha044,0.0,0.0,0.0,0.0,0.0,0.0,0.0,0.0,2019-06-26
9,45,cha045,0.0,0.0,0.0,0.0,0.0,0.0,0.0,0.0,2019-06-26
10,50,cha050,0.0,0.0,0.0,0.0,0.0,0.0,0.0,0.0,2019-06-26
11,51,cha051,0.0,0.0,0.0,0.0,0.0,0.0,0.0,0.0,2019-06-26
12,54,cha054,0.0,0.0,0.0,0.0,0.0,0.0,0.0,0.0,2019-06-26
13,57,cha057,0.0,0.2495,0.0,0.0,0.2495,0.0,0.0,0.0,2019-06-26
14,59,cha059,0.0,0.0,0.0,0.0,0.0,0.0,0.0,0.0,2019-06-26
15,64,cha064,0.0,0.3141,0.0,0.0,0.3141,0.0,0.0,0.0,2019-06-26
16,66,cha066,0.0,0.0,0.0,0.0,0.0,0.0,0.0,0.0,2019-06-26
17,70,cha070,0.0,0.0,0.0,0.0,0.0,0.0,0.0,0.0,2019-06-26
18,71,cha071,0.0,0.0,0.0,0.0,0.0,0.0,0.0,0.0,2019-06-26
19,74,cha074,0.0,0.0,0.0,0.0,0.0,0.0,0.0,0.0,2019-06-26
20,138,cha138,0.0,0.4366,0.0,0.0,0.4366,0.0,0.0,0.0,2019-06-26
21,141,cha141,0.0,0.01747,0.0,0.0,0.01747,0.0,0.0,0.0,2019-06-26
22,142,cha142,0.0,0.0006292,0.0,0.0,0.0006292,0.0,0.0,0.0,2019-06-26
23,146,cha146,0.0,0.00321,0.0,0.0,0.00321,0.0,0.0,0.0,2019-06-26
24,148,cha148,0.0,0.02002,0.0,0.0,0.02002,0.0,0.0,0.0,2019-06-26
25,153,cha153,0.0,1.626,0.0,0.0,1.626,0.0,0.0,0.0,2019-06-26
26,155,cha155,0.0,0.321,0.0,0.0,0.321,0.0,0.0,0.0,2019-06-26
27,158,cha158,0.0,0.06329,0.0,0.0,0.06329,0.0,0.0,0.0,2019-06-26
28,161,cha161,0.0,0.2654,0.0,0.0,0.2654,0.0,0.0,0.0,2019-06-26
29,162,cha162,0.0,0.001049,0.0,0.0,0.001049,0.0,0.0,0.0,2019-06-26
30,165,cha165,0.0,0.05877,0.0,0.0,0.05877,0.0,0.0,0.0,2019-06-26
31,166,cha166,0.0,0.003959,0.0,0.0,0.003959,0.0,0.0,0.0,2019-06-26
32,167,cha167,0.0,0.2613,0.0,0.0,0.2613,0.0,0.0,0.0,2019-06-26
33,168,cha168,0.0,0.0006581,0.0,0.0,0.0006581,0.0,0.0,0.0,2019-06-26
34,169,cha169,0.0,0.05594,0.0,0.0,0.05594,0.0,0.0,0.0,2019-06-26
35,170,cha170,0.0,0.009478,0.0,0.0,0.009478,0.0,0.0,0.0,2019-06-26
36,171,cha171,0.0,0.007696,0.0,0.0,0.007696,0.0,0.0,0.0,2019-06-26
37,173,cha173,0.0,0.05461,0.0,0.0,0.05461,0.0,0.0,0.0,2019-06-26
1,29,cha029,0.0,0.0,0.0,0.0,0.0,0.0,0.0,0.0,2019-06-27
2,35,cha035,0.0,0.0,0.0,0.0,0.0,0.0,0.0,0.0,2019-06-27
3,37,cha037,0.0,0.0,0.0,0.0,0.0,0.0,0.0,0.0,2019-06-27
4,38,cha038,0.0,0.04308,0.0,0.0,0.04308,0.0,0.0,0.0,2019-06-27
5,39,cha039,0.0,0.0,0.0,0.0,0.0,0.0,0.0,0.0,2019-06-27
6,41,cha041,0.0,0.0,0.0,0.0,0.0,0.0,0.0,0.0,2019-06-27
7,43,cha043,0.0,0.0,0.0,0.0,0.0,0.0,0.0,0.0,2019-06-27
8,44,cha044,0.0,0.0,0.0,0.0,0.0,0.0,0.0,0.0,2019-06-27
9,45,cha045,0.0,0.0,0.0,0.0,0.0,0.0,0.0,0.0,2019-06-27
10,50,cha050,0.0,0.0,0.0,0.0,0.0,0.0,0.0,0.0,2019-06-27
11,51,cha051,0.0,0.0,0.0,0.0,0.0,0.0,0.0,0.0,2019-06-27
12,54,cha054,0.0,0.0,0.0,0.0,0.0,0.0,0.0,0.0,2019-06-27
13,57,cha057,0.0,0.245,0.0,0.0,0.245,0.0,0.0,0.0,2019-06-27
14,59,cha059,0.0,0.0,0.0,0.0,0.0,0.0,0.0,0.0,2019-06-27
15,64,cha064,0.0,0.3087,0.0,0.0,0.3087,0.0,0.0,0.0,2019-06-27
16,66,cha066,0.0,0.0,0.0,0.0,0.0,0.0,0.0,0.0,2019-06-27
17,70,cha070,0.0,0.0,0.0,0.0,0.0,0.0,0.0,0.0,2019-06-27
18,71,cha071,0.0,0.0,0.0,0.0,0.0,0.0,0.0,0.0,2019-06-27
19,74,cha074,0.0,0.0,0.0,0.0,0.0,0.0,0.0,0.0,2019-06-27
20,138,cha138,0.0,0.423,0.0,0.0,0.423,0.0,0.0,0.0,2019-06-27
21,141,cha141,0.0,0.01191,0.0,0.0,0.01191,0.0,0.0,0.0,2019-06-27
22,142,cha142,0.0,0.0004481,0.0,0.0,0.0004481,0.0,0.0,0.0,2019-06-27
23,146,cha146,0.0,0.002242,0.0,0.0,0.002242,0.0,0.0,0.0,2019-06-27
24,148,cha148,0.0,0.0138,0.0,0.0,0.0138,0.0,0.0,0.0,2019-06-27
25,153,cha153,0.0,1.594,0.0,0.0,1.594,0.0,0.0,0.0,2019-06-27
26,155,cha155,0.0,0.3119,0.0,0.0,0.3119,0.0,0.0,0.0,2019-06-27
27,158,cha158,0.0,0.05903,0.0,0.0,0.05903,0.0,0.0,0.0,2019-06-27
28,161,cha161,0.0,0.2565,0.0,0.0,0.2565,0.0,0.0,0.0,2019-06-27
29,162,cha162,0.0,0.0008129,0.0,0.0,0.0008129,0.0,0.0,0.0,2019-06-27
30,165,cha165,0.0,0.05549,0.0,0.0,0.05549,0.0,0.0,0.0,2019-06-27
31,166,cha166,0.0,0.002907,0.0,0.0,0.002907,0.0,0.0,0.0,2019-06-27
32,167,cha167,0.0,0.2531,0.0,0.0,0.2531,0.0,0.0,0.0,2019-06-27
33,168,cha168,0.0,0.0006193,0.0,0.0,0.0006193,0.0,0.0,0.0,2019-06-27
34,169,cha169,0.0,0.0529,0.0,0.0,0.0529,0.0,0.0,0.0,2019-06-27
35,170,cha170,0.0,0.006719,0.0,0.0,0.006719,0.0,0.0,0.0,2019-06-27
36,171,cha171,0.0,0.005081,0.0,0.0,0.005081,0.0,0.0,0.0,2019-06-27
37,173,cha173,0.0,0.05187,0.0,0.0,0.05187,0.0,0.0,0.0,2019-06-27
1,29,cha029,0.0,0.0,0.0,0.0,0.0,0.0,0.0,0.0,2019-06-28
2,35,cha035,0.0,0.0,0.0,0.0,0.0,0.0,0.0,0.0,2019-06-28
3,37,cha037,0.0,0.0,0.0,0.0,0.0,0.0,0.0,0.0,2019-06-28
4,38,cha038,0.0,0.04327,0.0,0.0,0.04327,0.0,0.0,0.0,2019-06-28
5,39,cha039,0.0,0.0,0.0,0.0,0.0,0.0,0.0,0.0,2019-06-28
6,41,cha041,0.0,0.0,0.0,0.0,0.0,0.0,0.0,0.0,2019-06-28
7,43,cha043,0.0,0.0,0.0,0.0,0.0,0.0,0.0,0.0,2019-06-28
8,44,cha044,0.0,0.0,0.0,0.0,0.0,0.0,0.0,0.0,2019-06-28
9,45,cha045,0.0,0.0,0.0,0.0,0.0,0.0,0.0,0.0,2019-06-28
10,50,cha050,0.0,0.0,0.0,0.0,0.0,0.0,0.0,0.0,2019-06-28
11,51,cha051,0.0,0.0,0.0,0.0,0.0,0.0,0.0,0.0,2019-06-28
12,54,cha054,0.0,0.0,0.0,0.0,0.0,0.0,0.0,0.0,2019-06-28
13,57,cha057,0.0,0.2406,0.0,0.0,0.2406,0.0,0.0,0.0,2019-06-28
14,59,cha059,0.0,0.0,0.0,0.0,0.0,0.0,0.0,0.0,2019-06-28
15,64,cha064,0.0,0.3033,0.0,0.0,0.3033,0.0,0.0,0.0,2019-06-28
16,66,cha066,0.0,0.0,0.0,0.0,0.0,0.0,0.0,0.0,2019-06-28
17,70,cha070,0.0,0.0,0.0,0.0,0.0,0.0,0.0,0.0,2019-06-28
18,71,cha071,0.0,0.0,0.0,0.0,0.0,0.0,0.0,0.0,2019-06-28
19,74,cha074,0.0,0.0,0.0,0.0,0.0,0.0,0.0,0.0,2019-06-28
20,138,cha138,0.0,0.4119,0.0,0.0,0.4119,0.0,0.0,0.0,2019-06-28
21,141,cha141,0.0,0.008514,0.0,0.0,0.008514,0.0,0.0,0.0,2019-06-28
22,142,cha142,0.0,0.0003534,0.0,0.0,0.0003534,0.0,0.0,0.0,2019-06-28
23,146,cha146,0.0,0.001712,0.0,0.0,0.001712,0.0,0.0,0.0,2019-06-28
24,148,cha148,0.0,0.01005,0.0,0.0,0.01005,0.0,0.0,0.0,2019-06-28
25,153,cha153,0.0,1.565,0.0,0.0,1.565,0.0,0.0,0.0,2019-06-28
26,155,cha155,0.0,0.3055,0.0,0.0,0.3055,0.0,0.0,0.0,2019-06-28
27,158,cha158,0.0,0.05684,0.0,0.0,0.05684,0.0,0.0,0.0,2019-06-28
28,161,cha161,0.0,0.2502,0.0,0.0,0.2502,0.0,0.0,0.0,2019-06-28
29,162,cha162,0.0,0.0006897,0.0,0.0,0.0006897,0.0,0.0,0.0,2019-06-28
30,165,cha165,0.0,0.05385,0.0,0.0,0.05385,0.0,0.0,0.0,2019-06-28
31,166,cha166,0.0,0.002321,0.0,0.0,0.002321,0.0,0.0,0.0,2019-06-28
32,167,cha167,0.0,0.2471,0.0,0.0,0.2471,0.0,0.0,0.0,2019-06-28
33,168,cha168,0.0,0.0006013,0.0,0.0,0.0006013,0.0,0.0,0.0,2019-06-28
34,169,cha169,0.0,0.05138,0.0,0.0,0.05138,0.0,0.0,0.0,2019-06-28
35,170,cha170,0.0,0.005272,0.0,0.0,0.005272,0.0,0.0,0.0,2019-06-28
36,171,cha171,0.0,0.003705,0.0,0.0,0.003705,0.0,0.0,0.0,2019-06-28
37,173,cha173,0.0,0.05051,0.0,0.0,0.05051,0.0,0.0,0.0,2019-06-28
1,29,cha029,0.0,0.0,0.0,0.0,0.0,0.0,0.0,0.0,2019-06-29
2,35,cha035,0.0,0.0,0.0,0.0,0.0,0.0,0.0,0.0,2019-06-29
3,37,cha037,0.0,0.0,0.0,0.0,0.0,0.0,0.0,0.0,2019-06-29
4,38,cha038,0.0,0.04342,0.0,0.0,0.04342,0.0,0.0,0.0,2019-06-29
5,39,cha039,0.0,0.0,0.0,0.0,0.0,0.0,0.0,0.0,2019-06-29
6,41,cha041,0.0,0.0,0.0,0.0,0.0,0.0,0.0,0.0,2019-06-29
7,43,cha043,0.0,0.0,0.0,0.0,0.0,0.0,0.0,0.0,2019-06-29
8,44,cha044,0.0,0.0,0.0,0.0,0.0,0.0,0.0,0.0,2019-06-29
9,45,cha045,0.0,0.0,0.0,0.0,0.0,0.0,0.0,0.0,2019-06-29
10,50,cha050,0.0,0.0,0.0,0.0,0.0,0.0,0.0,0.0,2019-06-29
11,51,cha051,0.0,0.0,0.0,0.0,0.0,0.0,0.0,0.0,2019-06-29
12,54,cha054,0.0,0.0,0.0,0.0,0.0,0.0,0.0,0.0,2019-06-29
13,57,cha057,0.0,0.2361,0.0,0.0,0.2361,0.0,0.0,0.0,2019-06-29
14,59,cha059,0.0,0.0,0.0,0.0,0.0,0.0,0.0,0.0,2019-06-29
15,64,cha064,0.0,0.2978,0.0,0.0,0.2978,0.0,0.0,0.0,2019-06-29
16,66,cha066,0.0,0.0,0.0,0.0,0.0,0.0,0.0,0.0,2019-06-29
17,70,cha070,0.0,0.0,0.0,0.0,0.0,0.0,0.0,0.0,2019-06-29
18,71,cha071,0.0,0.0,0.0,0.0,0.0,0.0,0.0,0.0,2019-06-29
19,74,cha074,0.0,0.0,0.0,0.0,0.0,0.0,0.0,0.0,2019-06-29
20,138,cha138,0.0,0.4023,0.0,0.0,0.4023,0.0,0.0,0.0,2019-06-29
21,141,cha141,0.0,0.006444,0.0,0.0,0.006444,0.0,0.0,0.0,2019-06-29
22,142,cha142,0.0,0.0003041,0.0,0.0,0.0003041,0.0,0.0,0.0,2019-06-29
23,146,cha146,0.0,0.001423,0.0,0.0,0.001423,0.0,0.0,0.0,2019-06-29
24,148,cha148,0.0,0.007785,0.0,0.0,0.007785,0.0,0.0,0.0,2019-06-29
25,153,cha153,0.0,1.537,0.0,0.0,1.537,0.0,0.0,0.0,2019-06-29
26,155,cha155,0.0,0.3004,0.0,0.0,0.3004,0.0,0.0,0.0,2019-06-29
27,158,cha158,0.0,0.05573,0.0,0.0,0.05573,0.0,0.0,0.0,2019-06-29
28,161,cha161,0.0,0.2452,0.0,0.0,0.2452,0.0,0.0,0.0,2019-06-29
29,162,cha162,0.0,0.0006256,0.0,0.0,0.0006256,0.0,0.0,0.0,2019-06-29
30,165,cha165,0.0,0.05303,0.0,0.0,0.05303,0.0,0.0,0.0,2019-06-29
31,166,cha166,0.0,0.001994,0.0,0.0,0.001994,0.0,0.0,0.0,2019-06-29
32,167,cha167,0.0,0.2423,0.0,0.0,0.2423,0.0,0.0,0.0,2019-06-29
33,168,cha168,0.0,0.0005932,0.0,0.0,0.0005932,0.0,0.0,0.0,2019-06-29
34,169,cha169,0.0,0.05062,0.0,0.0,0.05062,0.0,0.0,0.0,2019-06-29
35,170,cha170,0.0,0.004511,0.0,0.0,0.004511,0.0,0.0,0.0,2019-06-29
36,171,cha171,0.0,0.00298,0.0,0.0,0.00298,0.0,0.0,0.0,2019-06-29
37,173,cha173,0.0,0.04984,0.0,0.0,0.04984,0.0,0.0,0.0,2019-06-29
1,29,cha029,0.0,0.0,0.0,0.0,0.0,0.0,0.0,0.0,2019-06-30
2,35,cha035,0.0,0.0,0.0,0.0,0.0,0.0,0.0,0.0,2019-06-30
3,37,cha037,0.0,0.0,0.0,0.0,0.0,0.0,0.0,0.0,2019-06-30
4,38,cha038,0.0,0.04351,0.0,0.0,0.04351,0.0,0.0,0.0,2019-06-30
5,39,cha039,0.0,0.0,0.0,0.0,0.0,0.0,0.0,0.0,2019-06-30
6,41,cha041,0.0,0.0,0.0,0.0,0.0,0.0,0.0,0.0,2019-06-30
7,43,cha043,0.0,0.0,0.0,0.0,0.0,0.0,0.0,0.0,2019-06-30
8,44,cha044,0.0,0.0,0.0,0.0,0.0,0.0,0.0,0.0,2019-06-30
9,45,cha045,0.0,0.0,0.0,0.0,0.0,0.0,0.0,0.0,2019-06-30
10,50,cha050,0.0,0.0,0.0,0.0,0.0,0.0,0.0,0.0,2019-06-30
11,51,cha051,0.0,0.0,0.0,0.0,0.0,0.0,0.0,0.0,2019-06-30
12,54,cha054,0.0,0.0,0.0,0.0,0.0,0.0,0.0,0.0,2019-06-30
13,57,cha057,0.0,0.2316,0.0,0.0,0.2316,0.0,0.0,0.0,2019-06-30
14,59,cha059,0.0,0.0,0.0,0.0,0.0,0.0,0.0,0.0,2019-06-30
15,64,cha064,0.0,0.2923,0.0,0.0,0.2923,0.0,0.0,0.0,2019-06-30
16,66,cha066,0.0,0.0,0.0,0.0,0.0,0.0,0.0,0.0,2019-06-30
17,70,cha070,0.0,0.0,0.0,0.0,0.0,0.0,0.0,0.0,2019-06-30
18,71,cha071,0.0,0.0,0.0,0.0,0.0,0.0,0.0,0.0,2019-06-30
19,74,cha074,0.0,0.0,0.0,0.0,0.0,0.0,0.0,0.0,2019-06-30
20,138,cha138,0.0,0.3936,0.0,0.0,0.3936,0.0,0.0,0.0,2019-06-30
21,141,cha141,0.0,0.005179,0.0,0.0,0.005179,0.0,0.0,0.0,2019-06-30
22,142,cha142,0.0,0.0002786,0.0,0.0,0.0002786,0.0,0.0,0.0,2019-06-30
23,146,cha146,0.0,0.001264,0.0,0.0,0.001264,0.0,0.0,0.0,2019-06-30
24,148,cha148,0.0,0.006416,0.0,0.0,0.006416,0.0,0.0,0.0,2019-06-30
25,153,cha153,0.0,1.509,0.0,0.0,1.509,0.0,0.0,0.0,2019-06-30
26,155,cha155,0.0,0.296,0.0,0.0,0.296,0.0,0.0,0.0,2019-06-30
27,158,cha158,0.0,0.05515,0.0,0.0,0.05515,0.0,0.0,0.0,2019-06-30
28,161,cha161,0.0,0.2409,0.0,0.0,0.2409,0.0,0.0,0.0,2019-06-30
29,162,cha162,0.0,0.0005925,0.0,0.0,0.0005925,0.0,0.0,0.0,2019-06-30
30,165,cha165,0.0,0.05261,0.0,0.0,0.05261,0.0,0.0,0.0,2019-06-30
31,166,cha166,0.0,0.001812,0.0,0.0,0.001812,0.0,0.0,0.0,2019-06-30
32,167,cha167,0.0,0.2381,0.0,0.0,0.2381,0.0,0.0,0.0,2019-06-30
33,168,cha168,0.0,0.0005896,0.0,0.0,0.0005896,0.0,0.0,0.0,2019-06-30
34,169,cha169,0.0,0.05024,0.0,0.0,0.05024,0.0,0.0,0.0,2019-06-30
35,170,cha170,0.0,0.004108,0.0,0.0,0.004108,0.0,0.0,0.0,2019-06-30
36,171,cha171,0.0,0.002597,0.0,0.0,0.002597,0.0,0.0,0.0,2019-06-30
37,173,cha173,0.0,0.04951,0.0,0.0,0.04951,0.0,0.0,0.0,2019-06-30
1,29,cha029,0.0,0.0,0.0,0.0,0.0,0.0,0.0,0.0,2019-07-01
2,35,cha035,0.0,0.0,0.0,0.0,0.0,0.0,0.0,0.0,2019-07-01
3,37,cha037,0.0,0.0,0.0,0.0,0.0,0.0,0.0,0.0,2019-07-01
4,38,cha038,0.0,0.04358,0.0,0.0,0.04358,0.0,0.0,0.0,2019-07-01
5,39,cha039,0.0,0.0,0.0,0.0,0.0,0.0,0.0,0.0,2019-07-01
6,41,cha041,0.0,0.0,0.0,0.0,0.0,0.0,0.0,0.0,2019-07-01
7,43,cha043,0.0,0.0,0.0,0.0,0.0,0.0,0.0,0.0,2019-07-01
8,44,cha044,0.0,0.0,0.0,0.0,0.0,0.0,0.0,0.0,2019-07-01
9,45,cha045,0.0,0.0,0.0,0.0,0.0,0.0,0.0,0.0,2019-07-01
10,50,cha050,0.0,0.0,0.0,0.0,0.0,0.0,0.0,0.0,2019-07-01
11,51,cha051,0.0,0.0,0.0,0.0,0.0,0.0,0.0,0.0,2019-07-01
12,54,cha054,0.0,0.0,0.0,0.0,0.0,0.0,0.0,0.0,2019-07-01
13,57,cha057,0.0,0.2271,0.0,0.0,0.2271,0.0,0.0,0.0,2019-07-01
14,59,cha059,0.0,0.0,0.0,0.0,0.0,0.0,0.0,0.0,2019-07-01
15,64,cha064,0.0,0.2867,0.0,0.0,0.2867,0.0,0.0,0.0,2019-07-01
16,66,cha066,0.0,0.0,0.0,0.0,0.0,0.0,0.0,0.0,2019-07-01
17,70,cha070,0.0,0.0,0.0,0.0,0.0,0.0,0.0,0.0,2019-07-01
18,71,cha071,0.0,0.0,0.0,0.0,0.0,0.0,0.0,0.0,2019-07-01
19,74,cha074,0.0,0.0,0.0,0.0,0.0,0.0,0.0,0.0,2019-07-01
20,138,cha138,0.0,0.3854,0.0,0.0,0.3854,0.0,0.0,0.0,2019-07-01
21,141,cha141,0.0,0.004405,0.0,0.0,0.004405,0.0,0.0,0.0,2019-07-01
22,142,cha142,0.0,0.0002656,0.0,0.0,0.0002656,0.0,0.0,0.0,2019-07-01
23,146,cha146,0.0,0.001179,0.0,0.0,0.001179,0.0,0.0,0.0,2019-07-01
24,148,cha148,0.0,0.005587,0.0,0.0,0.005587,0.0,0.0,0.0,2019-07-01
25,153,cha153,0.0,1.482,0.0,0.0,1.482,0.0,0.0,0.0,2019-07-01
26,155,cha155,0.0,0.2919,0.0,0.0,0.2919,0.0,0.0,0.0,2019-07-01
27,158,cha158,0.0,0.05485,0.0,0.0,0.05485,0.0,0.0,0.0,2019-07-01
28,161,cha161,0.0,0.2369,0.0,0.0,0.2369,0.0,0.0,0.0,2019-07-01
29,162,cha162,0.0,0.0005754,0.0,0.0,0.0005754,0.0,0.0,0.0,2019-07-01
30,165,cha165,0.0,0.05241,0.0,0.0,0.05241,0.0,0.0,0.0,2019-07-01
31,166,cha166,0.0,0.001711,0.0,0.0,0.001711,0.0,0.0,0.0,2019-07-01
32,167,cha167,0.0,0.2342,0.0,0.0,0.2342,0.0,0.0,0.0,2019-07-01
33,168,cha168,0.0,0.000588,0.0,0.0,0.000588,0.0,0.0,0.0,2019-07-01
34,169,cha169,0.0,0.05004,0.0,0.0,0.05004,0.0,0.0,0.0,2019-07-01
35,170,cha170,0.0,0.003893,0.0,0.0,0.003893,0.0,0.0,0.0,2019-07-01
36,171,cha171,0.0,0.002393,0.0,0.0,0.002393,0.0,0.0,0.0,2019-07-01
37,173,cha173,0.0,0.04935,0.0,0.0,0.04935,0.0,0.0,0.0,2019-07-01
1,29,cha029,0.0,0.0,0.0,0.0,0.0,0.0,0.0,0.0,2019-07-02
2,35,cha035,0.0,0.0,0.0,0.0,0.0,0.0,0.0,0.0,2019-07-02
3,37,cha037,0.0,0.0,0.0,0.0,0.0,0.0,0.0,0.0,2019-07-02
4,38,cha038,0.0,0.04362,0.0,0.0,0.04362,0.0,0.0,0.0,2019-07-02
5,39,cha039,0.0,0.0,0.0,0.0,0.0,0.0,0.0,0.0,2019-07-02
6,41,cha041,0.0,0.0,0.0,0.0,0.0,0.0,0.0,0.0,2019-07-02
7,43,cha043,0.0,0.0,0.0,0.0,0.0,0.0,0.0,0.0,2019-07-02
8,44,cha044,0.0,0.0,0.0,0.0,0.0,0.0,0.0,0.0,2019-07-02
9,45,cha045,0.0,0.0,0.0,0.0,0.0,0.0,0.0,0.0,2019-07-02
10,50,cha050,0.0,0.0,0.0,0.0,0.0,0.0,0.0,0.0,2019-07-02
11,51,cha051,0.0,0.0,0.0,0.0,0.0,0.0,0.0,0.0,2019-07-02
12,54,cha054,0.0,0.0,0.0,0.0,0.0,0.0,0.0,0.0,2019-07-02
13,57,cha057,0.0,0.2226,0.0,0.0,0.2226,0.0,0.0,0.0,2019-07-02
14,59,cha059,0.0,0.0,0.0,0.0,0.0,0.0,0.0,0.0,2019-07-02
15,64,cha064,0.0,0.2812,0.0,0.0,0.2812,0.0,0.0,0.0,2019-07-02
16,66,cha066,0.0,0.0,0.0,0.0,0.0,0.0,0.0,0.0,2019-07-02
17,70,cha070,0.0,0.0,0.0,0.0,0.0,0.0,0.0,0.0,2019-07-02
18,71,cha071,0.0,0.0,0.0,0.0,0.0,0.0,0.0,0.0,2019-07-02
19,74,cha074,0.0,0.0,0.0,0.0,0.0,0.0,0.0,0.0,2019-07-02
20,138,cha138,0.0,0.3775,0.0,0.0,0.3775,0.0,0.0,0.0,2019-07-02
21,141,cha141,0.0,0.003932,0.0,0.0,0.003932,0.0,0.0,0.0,2019-07-02
22,142,cha142,0.0,0.0002592,0.0,0.0,0.0002592,0.0,0.0,0.0,2019-07-02
23,146,cha146,0.0,0.001132,0.0,0.0,0.001132,0.0,0.0,0.0,2019-07-02
24,148,cha148,0.0,0.005085,0.0,0.0,0.005085,0.0,0.0,0.0,2019-07-02
25,153,cha153,0.0,1.455,0.0,0.0,1.455,0.0,0.0,0.0,2019-07-02
26,155,cha155,0.0,0.2881,0.0,0.0,0.2881,0.0,0.0,0.0,2019-07-02
27,158,cha158,0.0,0.05469,0.0,0.0,0.05469,0.0,0.0,0.0,2019-07-02
28,161,cha161,0.0,0.2331,0.0,0.0,0.2331,0.0,0.0,0.0,2019-07-02
29,162,cha162,0.0,0.0005667,0.0,0.0,0.0005667,0.0,0.0,0.0,2019-07-02
30,165,cha165,0.0,0.0523,0.0,0.0,0.0523,0.0,0.0,0.0,2019-07-02
31,166,cha166,0.0,0.001654,0.0,0.0,0.001654,0.0,0.0,0.0,2019-07-02
32,167,cha167,0.0,0.2305,0.0,0.0,0.2305,0.0,0.0,0.0,2019-07-02
33,168,cha168,0.0,0.0005867,0.0,0.0,0.0005867,0.0,0.0,0.0,2019-07-02
34,169,cha169,0.0,0.04995,0.0,0.0,0.04995,0.0,0.0,0.0,2019-07-02
35,170,cha170,0.0,0.00378,0.0,0.0,0.00378,0.0,0.0,0.0,2019-07-02
36,171,cha171,0.0,0.002285,0.0,0.0,0.002285,0.0,0.0,0.0,2019-07-02
37,173,cha173,0.0,0.04926,0.0,0.0,0.04926,0.0,0.0,0.0,2019-07-02
1,29,cha029,0.0,0.0,0.0,0.0,0.0,0.0,0.0,0.0,2019-07-03
2,35,cha035,0.0,0.0,0.0,0.0,0.0,0.0,0.0,0.0,2019-07-03
3,37,cha037,0.0,0.0,0.0,0.0,0.0,0.0,0.0,0.0,2019-07-03
4,38,cha038,0.0,0.04365,0.0,0.0,0.04365,0.0,0.0,0.0,2019-07-03
5,39,cha039,0.0,0.0,0.0,0.0,0.0,0.0,0.0,0.0,2019-07-03
6,41,cha041,0.0,0.0,0.0,0.0,0.0,0.0,0.0,0.0,2019-07-03
7,43,cha043,0.0,0.0,0.0,0.0,0.0,0.0,0.0,0.0,2019-07-03
8,44,cha044,0.0,0.0,0.0,0.0,0.0,0.0,0.0,0.0,2019-07-03
9,45,cha045,0.0,0.0,0.0,0.0,0.0,0.0,0.0,0.0,2019-07-03
10,50,cha050,0.0,0.0,0.0,0.0,0.0,0.0,0.0,0.0,2019-07-03
11,51,cha051,0.0,0.0,0.0,0.0,0.0,0.0,0.0,0.0,2019-07-03
12,54,cha054,0.0,0.0,0.0,0.0,0.0,0.0,0.0,0.0,2019-07-03
13,57,cha057,0.0,0.2181,0.0,0.0,0.2181,0.0,0.0,0.0,2019-07-03
14,59,cha059,0.0,0.0,0.0,0.0,0.0,0.0,0.0,0.0,2019-07-03
15,64,cha064,0.0,0.2756,0.0,0.0,0.2756,0.0,0.0,0.0,2019-07-03
16,66,cha066,0.0,0.0,0.0,0.0,0.0,0.0,0.0,0.0,2019-07-03
17,70,cha070,0.0,0.0,0.0,0.0,0.0,0.0,0.0,0.0,2019-07-03
18,71,cha071,0.0,0.0,0.0,0.0,0.0,0.0,0.0,0.0,2019-07-03
19,74,cha074,0.0,0.0,0.0,0.0,0.0,0.0,0.0,0.0,2019-07-03
20,138,cha138,0.0,0.3698,0.0,0.0,0.3698,0.0,0.0,0.0,2019-07-03
21,141,cha141,0.0,0.003643,0.0,0.0,0.003643,0.0,0.0,0.0,2019-07-03
22,142,cha142,0.0,0.0002562,0.0,0.0,0.0002562,0.0,0.0,0.0,2019-07-03
23,146,cha146,0.0,0.001108,0.0,0.0,0.001108,0.0,0.0,0.0,2019-07-03
24,148,cha148,0.0,0.004781,0.0,0.0,0.004781,0.0,0.0,0.0,2019-07-03
25,153,cha153,0.0,1.429,0.0,0.0,1.429,0.0,0.0,0.0,2019-07-03
26,155,cha155,0.0,0.2843,0.0,0.0,0.2843,0.0,0.0,0.0,2019-07-03
27,158,cha158,0.0,0.05461,0.0,0.0,0.05461,0.0,0.0,0.0,2019-07-03
28,161,cha161,0.0,0.2295,0.0,0.0,0.2295,0.0,0.0,0.0,2019-07-03
29,162,cha162,0.0,0.0005624,0.0,0.0,0.0005624,0.0,0.0,0.0,2019-07-03
30,165,cha165,0.0,0.05225,0.0,0.0,0.05225,0.0,0.0,0.0,2019-07-03
31,166,cha166,0.0,0.001622,0.0,0.0,0.001622,0.0,0.0,0.0,2019-07-03
32,167,cha167,0.0,0.2269,0.0,0.0,0.2269,0.0,0.0,0.0,2019-07-03
33,168,cha168,0.0,0.0005857,0.0,0.0,0.0005857,0.0,0.0,0.0,2019-07-03
34,169,cha169,0.0,0.0499,0.0,0.0,0.0499,0.0,0.0,0.0,2019-07-03
35,170,cha170,0.0,0.003718,0.0,0.0,0.003718,0.0,0.0,0.0,2019-07-03
36,171,cha171,0.0,0.002227,0.0,0.0,0.002227,0.0,0.0,0.0,2019-07-03
37,173,cha173,0.0,0.04922,0.0,0.0,0.04922,0.0,0.0,0.0,2019-07-03
1,29,cha029,0.0,0.0,0.0,0.0,0.0,0.0,0.0,0.0,2019-07-04
2,35,cha035,0.0,0.0,0.0,0.0,0.0,0.0,0.0,0.0,2019-07-04
3,37,cha037,0.0,0.0,0.0,0.0,0.0,0.0,0.0,0.0,2019-07-04
4,38,cha038,0.0,0.04372,0.0,0.0,0.04372,0.0,0.0,0.0,2019-07-04
5,39,cha039,0.0,0.0,0.0,0.0,0.0,0.0,0.0,0.0,2019-07-04
6,41,cha041,0.0,0.0,0.0,0.0,0.0,0.0,0.0,0.0,2019-07-04
7,43,cha043,0.0,0.0,0.0,0.0,0.0,0.0,0.0,0.0,2019-07-04
8,44,cha044,0.0,0.0,0.0,0.0,0.0,0.0,0.0,0.0,2019-07-04
9,45,cha045,0.0,0.0,0.0,0.0,0.0,0.0,0.0,0.0,2019-07-04
10,50,cha050,0.0,0.0,0.0,0.0,0.0,0.0,0.0,0.0,2019-07-04
11,51,cha051,0.0,0.0,0.0,0.0,0.0,0.0,0.0,0.0,2019-07-04
12,54,cha054,0.0,0.0,0.0,0.0,0.0,0.0,0.0,0.0,2019-07-04
13,57,cha057,0.0,0.2136,0.0,0.0,0.2136,0.0,0.0,0.0,2019-07-04
14,59,cha059,0.0,0.0,0.0,0.0,0.0,0.0,0.0,0.0,2019-07-04
15,64,cha064,0.0,0.2701,0.0,0.0,0.2701,0.0,0.0,0.0,2019-07-04
16,66,cha066,0.0,0.0,0.0,0.0,0.0,0.0,0.0,0.0,2019-07-04
17,70,cha070,0.0,0.0,0.0,0.0,0.0,0.0,0.0,0.0,2019-07-04
18,71,cha071,0.0,0.0,0.0,0.0,0.0,0.0,0.0,0.0,2019-07-04
19,74,cha074,0.0,0.0,0.0,0.0,0.0,0.0,0.0,0.0,2019-07-04
20,138,cha138,0.0,0.4547,0.0,0.0,0.4547,0.0,0.0,0.0,2019-07-04
21,141,cha141,0.0,0.08721,0.0,0.0,0.08721,0.0,0.0,0.0,2019-07-04
22,142,cha142,0.0,0.06168,0.0,0.0,0.06168,0.0,0.0,0.0,2019-07-04
23,146,cha146,0.0,0.08463,0.0,0.0,0.08463,0.0,0.0,0.0,2019-07-04
24,148,cha148,0.0,0.09706,0.0,0.0,0.09706,0.0,0.0,0.0,2019-07-04
25,153,cha153,0.0,1.402,0.0,0.0,1.402,0.0,0.0,0.0,2019-07-04
26,155,cha155,0.0,0.2806,0.0,0.0,0.2806,0.0,0.0,0.0,2019-07-04
27,158,cha158,0.0,0.05462,0.0,0.0,0.05462,0.0,0.0,0.0,2019-07-04
28,161,cha161,0.0,0.2259,0.0,0.0,0.2259,0.0,0.0,0.0,2019-07-04
29,162,cha162,0.0,0.0005603,0.0,0.0,0.0005603,0.0,0.0,0.0,2019-07-04
30,165,cha165,0.0,0.05227,0.0,0.0,0.05227,0.0,0.0,0.0,2019-07-04
31,166,cha166,0.0,0.001604,0.0,0.0,0.001604,0.0,0.0,0.0,2019-07-04
32,167,cha167,0.0,0.2233,0.0,0.0,0.2233,0.0,0.0,0.0,2019-07-04
33,168,cha168,0.0,0.0005849,0.0,0.0,0.0005849,0.0,0.0,0.0,2019-07-04
34,169,cha169,0.0,0.04992,0.0,0.0,0.04992,0.0,0.0,0.0,2019-07-04
35,170,cha170,0.0,0.003686,0.0,0.0,0.003686,0.0,0.0,0.0,2019-07-04
36,171,cha171,0.0,0.002196,0.0,0.0,0.002196,0.0,0.0,0.0,2019-07-04
37,173,cha173,0.0,0.04925,0.0,0.0,0.04925,0.0,0.0,0.0,2019-07-04
1,29,cha029,0.0,0.0,0.0,0.0,0.0,0.0,0.0,0.0,2019-07-05
2,35,cha035,0.0,0.0,0.0,0.0,0.0,0.0,0.0,0.0,2019-07-05
3,37,cha037,0.0,0.0,0.0,0.0,0.0,0.0,0.0,0.0,2019-07-05
4,38,cha038,0.0,0.04377,0.0,0.0,0.04377,0.0,0.0,0.0,2019-07-05
5,39,cha039,0.0,0.0,0.0,0.0,0.0,0.0,0.0,0.0,2019-07-05
6,41,cha041,0.0,0.0,0.0,0.0,0.0,0.0,0.0,0.0,2019-07-05
7,43,cha043,0.0,0.0,0.0,0.0,0.0,0.0,0.0,0.0,2019-07-05
8,44,cha044,0.0,0.0,0.0,0.0,0.0,0.0,0.0,0.0,2019-07-05
9,45,cha045,0.0,0.0,0.0,0.0,0.0,0.0,0.0,0.0,2019-07-05
10,50,cha050,0.0,0.0,0.0,0.0,0.0,0.0,0.0,0.0,2019-07-05
11,51,cha051,0.0,0.0,0.0,0.0,0.0,0.0,0.0,0.0,2019-07-05
12,54,cha054,0.0,0.0,0.0,0.0,0.0,0.0,0.0,0.0,2019-07-05
13,57,cha057,0.0,0.2091,0.0,0.0,0.2091,0.0,0.0,0.0,2019-07-05
14,59,cha059,0.0,0.0,0.0,0.0,0.0,0.0,0.0,0.0,2019-07-05
15,64,cha064,0.0,0.2646,0.0,0.0,0.2646,0.0,0.0,0.0,2019-07-05
16,66,cha066,0.0,0.0,0.0,0.0,0.0,0.0,0.0,0.0,2019-07-05
17,70,cha070,0.0,0.0,0.0,0.0,0.0,0.0,0.0,0.0,2019-07-05
18,71,cha071,0.0,0.0,0.0,0.0,0.0,0.0,0.0,0.0,2019-07-05
19,74,cha074,0.0,0.0,0.0,0.0,0.0,0.0,0.0,0.0,2019-07-05
20,138,cha138,0.0,0.4036,0.0,0.0,0.4036,0.0,0.0,0.0,2019-07-05
21,141,cha141,0.0,0.0474,0.0,0.0,0.0474,0.0,0.0,0.0,2019-07-05
22,142,cha142,0.0,0.03251,0.0,0.0,0.03251,0.0,0.0,0.0,2019-07-05
23,146,cha146,0.0,0.04511,0.0,0.0,0.04511,0.0,0.0,0.0,2019-07-05
24,148,cha148,0.0,0.05327,0.0,0.0,0.05327,0.0,0.0,0.0,2019-07-05
25,153,cha153,0.0,1.376,0.0,0.0,1.376,0.0,0.0,0.0,2019-07-05
26,155,cha155,0.0,0.277,0.0,0.0,0.277,0.0,0.0,0.0,2019-07-05
27,158,cha158,0.0,0.05463,0.0,0.0,0.05463,0.0,0.0,0.0,2019-07-05
28,161,cha161,0.0,0.2224,0.0,0.0,0.2224,0.0,0.0,0.0,2019-07-05
29,162,cha162,0.0,0.0005594,0.0,0.0,0.0005594,0.0,0.0,0.0,2019-07-05
30,165,cha165,0.0,0.05229,0.0,0.0,0.05229,0.0,0.0,0.0,2019-07-05
31,166,cha166,0.0,0.001594,0.0,0.0,0.001594,0.0,0.0,0.0,2019-07-05
32,167,cha167,0.0,0.2198,0.0,0.0,0.2198,0.0,0.0,0.0,2019-07-05
33,168,cha168,0.0,0.000584,0.0,0.0,0.000584,0.0,0.0,0.0,2019-07-05
34,169,cha169,0.0,0.04995,0.0,0.0,0.04995,0.0,0.0,0.0,2019-07-05
35,170,cha170,0.0,0.003669,0.0,0.0,0.003669,0.0,0.0,0.0,2019-07-05
36,171,cha171,0.0,0.00218,0.0,0.0,0.00218,0.0,0.0,0.0,2019-07-05
37,173,cha173,0.0,0.04929,0.0,0.0,0.04929,0.0,0.0,0.0,2019-07-05
1,29,cha029,0.0,0.0,0.0,0.0,0.0,0.0,0.0,0.0,2019-07-06
2,35,cha035,0.0,0.0,0.0,0.0,0.0,0.0,0.0,0.0,2019-07-06
3,37,cha037,0.0,0.0,0.0,0.0,0.0,0.0,0.0,0.0,2019-07-06
4,38,cha038,0.0,0.04382,0.0,0.0,0.04382,0.0,0.0,0.0,2019-07-06
5,39,cha039,0.0,0.0,0.0,0.0,0.0,0.0,0.0,0.0,2019-07-06
6,41,cha041,0.0,0.0,0.0,0.0,0.0,0.0,0.0,0.0,2019-07-06
7,43,cha043,0.0,0.0,0.0,0.0,0.0,0.0,0.0,0.0,2019-07-06
8,44,cha044,0.0,0.0,0.0,0.0,0.0,0.0,0.0,0.0,2019-07-06
9,45,cha045,0.0,0.0,0.0,0.0,0.0,0.0,0.0,0.0,2019-07-06
10,50,cha050,0.0,0.0,0.0,0.0,0.0,0.0,0.0,0.0,2019-07-06
11,51,cha051,0.0,0.0,0.0,0.0,0.0,0.0,0.0,0.0,2019-07-06
12,54,cha054,0.0,0.0,0.0,0.0,0.0,0.0,0.0,0.0,2019-07-06
13,57,cha057,0.0,0.2047,0.0,0.0,0.2047,0.0,0.0,0.0,2019-07-06
14,59,cha059,0.0,0.0,0.0,0.0,0.0,0.0,0.0,0.0,2019-07-06
15,64,cha064,0.0,0.2591,0.0,0.0,0.2591,0.0,0.0,0.0,2019-07-06
16,66,cha066,0.0,0.0,0.0,0.0,0.0,0.0,0.0,0.0,2019-07-06
17,70,cha070,0.0,0.0,0.0,0.0,0.0,0.0,0.0,0.0,2019-07-06
18,71,cha071,0.0,0.0,0.0,0.0,0.0,0.0,0.0,0.0,2019-07-06
19,74,cha074,0.0,0.0,0.0,0.0,0.0,0.0,0.0,0.0,2019-07-06
20,138,cha138,0.0,0.3733,0.0,0.0,0.3733,0.0,0.0,0.0,2019-07-06
21,141,cha141,0.0,0.02657,0.0,0.0,0.02657,0.0,0.0,0.0,2019-07-06
22,142,cha142,0.0,0.01719,0.0,0.0,0.01719,0.0,0.0,0.0,2019-07-06
23,146,cha146,0.0,0.02436,0.0,0.0,0.02436,0.0,0.0,0.0,2019-07-06
24,148,cha148,0.0,0.03027,0.0,0.0,0.03027,0.0,0.0,0.0,2019-07-06
25,153,cha153,0.0,1.349,0.0,0.0,1.349,0.0,0.0,0.0,2019-07-06
26,155,cha155,0.0,0.2734,0.0,0.0,0.2734,0.0,0.0,0.0,2019-07-06
27,158,cha158,0.0,0.05465,0.0,0.0,0.05465,0.0,0.0,0.0,2019-07-06
28,161,cha161,0.0,0.2189,0.0,0.0,0.2189,0.0,0.0,0.0,2019-07-06
29,162,cha162,0.0,0.000559,0.0,0.0,0.000559,0.0,0.0,0.0,2019-07-06
30,165,cha165,0.0,0.05232,0.0,0.0,0.05232,0.0,0.0,0.0,2019-07-06
31,166,cha166,0.0,0.001588,0.0,0.0,0.001588,0.0,0.0,0.0,2019-07-06
32,167,cha167,0.0,0.2163,0.0,0.0,0.2163,0.0,0.0,0.0,2019-07-06
33,168,cha168,0.0,0.0005831,0.0,0.0,0.0005831,0.0,0.0,0.0,2019-07-06
34,169,cha169,0.0,0.04998,0.0,0.0,0.04998,0.0,0.0,0.0,2019-07-06
35,170,cha170,0.0,0.003657,0.0,0.0,0.003657,0.0,0.0,0.0,2019-07-06
36,171,cha171,0.0,0.00217,0.0,0.0,0.00217,0.0,0.0,0.0,2019-07-06
37,173,cha173,0.0,0.04931,0.0,0.0,0.04931,0.0,0.0,0.0,2019-07-06
1,29,cha029,0.0,0.0,0.0,0.0,0.0,0.0,0.0,0.0,2019-07-07
2,35,cha035,0.0,0.0,0.0,0.0,0.0,0.0,0.0,0.0,2019-07-07
3,37,cha037,0.0,0.0,0.0,0.0,0.0,0.0,0.0,0.0,2019-07-07
4,38,cha038,0.0,0.04384,0.0,0.0,0.04384,0.0,0.0,0.0,2019-07-07
5,39,cha039,0.0,0.0,0.0,0.0,0.0,0.0,0.0,0.0,2019-07-07
6,41,cha041,0.0,0.0,0.0,0.0,0.0,0.0,0.0,0.0,2019-07-07
7,43,cha043,0.0,0.0,0.0,0.0,0.0,0.0,0.0,0.0,2019-07-07
8,44,cha044,0.0,0.0,0.0,0.0,0.0,0.0,0.0,0.0,2019-07-07
9,45,cha045,0.0,0.0,0.0,0.0,0.0,0.0,0.0,0.0,2019-07-07
10,50,cha050,0.0,0.0,0.0,0.0,0.0,0.0,0.0,0.0,2019-07-07
11,51,cha051,0.0,0.0,0.0,0.0,0.0,0.0,0.0,0.0,2019-07-07
12,54,cha054,0.0,0.0,0.0,0.0,0.0,0.0,0.0,0.0,2019-07-07
13,57,cha057,0.0,0.2003,0.0,0.0,0.2003,0.0,0.0,0.0,2019-07-07
14,59,cha059,0.0,0.0,0.0,0.0,0.0,0.0,0.0,0.0,2019-07-07
15,64,cha064,0.0,0.2536,0.0,0.0,0.2536,0.0,0.0,0.0,2019-07-07
16,66,cha066,0.0,0.0,0.0,0.0,0.0,0.0,0.0,0.0,2019-07-07
17,70,cha070,0.0,0.0,0.0,0.0,0.0,0.0,0.0,0.0,2019-07-07
18,71,cha071,0.0,0.0,0.0,0.0,0.0,0.0,0.0,0.0,2019-07-07
19,74,cha074,0.0,0.0,0.0,0.0,0.0,0.0,0.0,0.0,2019-07-07
20,138,cha138,0.0,0.3539,0.0,0.0,0.3539,0.0,0.0,0.0,2019-07-07
21,141,cha141,0.0,0.01559,0.0,0.0,0.01559,0.0,0.0,0.0,2019-07-07
22,142,cha142,0.0,0.009146,0.0,0.0,0.009146,0.0,0.0,0.0,2019-07-07
23,146,cha146,0.0,0.01342,0.0,0.0,0.01342,0.0,0.0,0.0,2019-07-07
24,148,cha148,0.0,0.01812,0.0,0.0,0.01812,0.0,0.0,0.0,2019-07-07
25,153,cha153,0.0,1.323,0.0,0.0,1.323,0.0,0.0,0.0,2019-07-07
26,155,cha155,0.0,0.2697,0.0,0.0,0.2697,0.0,0.0,0.0,2019-07-07
27,158,cha158,0.0,0.05465,0.0,0.0,0.05465,0.0,0.0,0.0,2019-07-07
28,161,cha161,0.0,0.2154,0.0,0.0,0.2154,0.0,0.0,0.0,2019-07-07
29,162,cha162,0.0,0.000559,0.0,0.0,0.000559,0.0,0.0,0.0,2019-07-07
30,165,cha165,0.0,0.05233,0.0,0.0,0.05233,0.0,0.0,0.0,2019-07-07
31,166,cha166,0.0,0.001584,0.0,0.0,0.001584,0.0,0.0,0.0,2019-07-07
32,167,cha167,0.0,0.2129,0.0,0.0,0.2129,0.0,0.0,0.0,2019-07-07
33,168,cha168,0.0,0.0005822,0.0,0.0,0.0005822,0.0,0.0,0.0,2019-07-07
34,169,cha169,0.0,0.04999,0.0,0.0,0.04999,0.0,0.0,0.0,2019-07-07
35,170,cha170,0.0,0.003649,0.0,0.0,0.003649,0.0,0.0,0.0,2019-07-07
36,171,cha171,0.0,0.002164,0.0,0.0,0.002164,0.0,0.0,0.0,2019-07-07
37,173,cha173,0.0,0.04933,0.0,0.0,0.04933,0.0,0.0,0.0,2019-07-07
1,29,cha029,0.0,0.0,0.0,0.0,0.0,0.0,0.0,0.0,2019-07-08
2,35,cha035,0.0,0.0,0.0,0.0,0.0,0.0,0.0,0.0,2019-07-08
3,37,cha037,0.0,0.0,0.0,0.0,0.0,0.0,0.0,0.0,2019-07-08
4,38,cha038,0.0,0.04385,0.0,0.0,0.04385,0.0,0.0,0.0,2019-07-08
5,39,cha039,0.0,0.0,0.0,0.0,0.0,0.0,0.0,0.0,2019-07-08
6,41,cha041,0.0,0.0,0.0,0.0,0.0,0.0,0.0,0.0,2019-07-08
7,43,cha043,0.0,0.0,0.0,0.0,0.0,0.0,0.0,0.0,2019-07-08
8,44,cha044,0.0,0.0,0.0,0.0,0.0,0.0,0.0,0.0,2019-07-08
9,45,cha045,0.0,0.0,0.0,0.0,0.0,0.0,0.0,0.0,2019-07-08
10,50,cha050,0.0,0.0,0.0,0.0,0.0,0.0,0.0,0.0,2019-07-08
11,51,cha051,0.0,0.0,0.0,0.0,0.0,0.0,0.0,0.0,2019-07-08
12,54,cha054,0.0,0.0,0.0,0.0,0.0,0.0,0.0,0.0,2019-07-08
13,57,cha057,0.0,0.1959,0.0,0.0,0.1959,0.0,0.0,0.0,2019-07-08
14,59,cha059,0.0,0.0,0.0,0.0,0.0,0.0,0.0,0.0,2019-07-08
15,64,cha064,0.0,0.2481,0.0,0.0,0.2481,0.0,0.0,0.0,2019-07-08
16,66,cha066,0.0,0.0,0.0,0.0,0.0,0.0,0.0,0.0,2019-07-08
17,70,cha070,0.0,0.0,0.0,0.0,0.0,0.0,0.0,0.0,2019-07-08
18,71,cha071,0.0,0.0,0.0,0.0,0.0,0.0,0.0,0.0,2019-07-08
19,74,cha074,0.0,0.0,0.0,0.0,0.0,0.0,0.0,0.0,2019-07-08
20,138,cha138,0.0,0.3401,0.0,0.0,0.3401,0.0,0.0,0.0,2019-07-08
21,141,cha141,0.0,0.009789,0.0,0.0,0.009789,0.0,0.0,0.0,2019-07-08
22,142,cha142,0.0,0.004924,0.0,0.0,0.004924,0.0,0.0,0.0,2019-07-08
23,146,cha146,0.0,0.007639,0.0,0.0,0.007639,0.0,0.0,0.0,2019-07-08
24,148,cha148,0.0,0.01168,0.0,0.0,0.01168,0.0,0.0,0.0,2019-07-08
25,153,cha153,0.0,1.246,0.0,0.0,1.246,0.0,0.0,0.0,2019-07-08
26,155,cha155,0.0,0.2154,0.0,0.0,0.2154,0.0,0.0,0.0,2019-07-08
27,158,cha158,0.0,0.05464,0.0,0.0,0.05464,0.0,0.0,0.0,2019-07-08
28,161,cha161,0.0,0.212,0.0,0.0,0.212,0.0,0.0,0.0,2019-07-08
29,162,cha162,0.0,0.0005591,0.0,0.0,0.0005591,0.0,0.0,0.0,2019-07-08
30,165,cha165,0.0,0.05232,0.0,0.0,0.05232,0.0,0.0,0.0,2019-07-08
31,166,cha166,0.0,0.001581,0.0,0.0,0.001581,0.0,0.0,0.0,2019-07-08
32,167,cha167,0.0,0.2094,0.0,0.0,0.2094,0.0,0.0,0.0,2019-07-08
33,168,cha168,0.0,0.0005809,0.0,0.0,0.0005809,0.0,0.0,0.0,2019-07-08
34,169,cha169,0.0,0.04999,0.0,0.0,0.04999,0.0,0.0,0.0,2019-07-08
35,170,cha170,0.0,0.003642,0.0,0.0,0.003642,0.0,0.0,0.0,2019-07-08
36,171,cha171,0.0,0.00216,0.0,0.0,0.00216,0.0,0.0,0.0,2019-07-08
37,173,cha173,0.0,0.04933,0.0,0.0,0.04933,0.0,0.0,0.0,2019-07-08
1,29,cha029,0.0,0.0,0.0,0.0,0.0,0.0,0.0,0.0,2019-07-09
2,35,cha035,0.0,0.0,0.0,0.0,0.0,0.0,0.0,0.0,2019-07-09
3,37,cha037,0.0,0.0,0.0,0.0,0.0,0.0,0.0,0.0,2019-07-09
4,38,cha038,0.0,0.04384,0.0,0.0,0.04384,0.0,0.0,0.0,2019-07-09
5,39,cha039,0.0,0.0,0.0,0.0,0.0,0.0,0.0,0.0,2019-07-09
6,41,cha041,0.0,0.0,0.0,0.0,0.0,0.0,0.0,0.0,2019-07-09
7,43,cha043,0.0,0.0,0.0,0.0,0.0,0.0,0.0,0.0,2019-07-09
8,44,cha044,0.0,0.0,0.0,0.0,0.0,0.0,0.0,0.0,2019-07-09
9,45,cha045,0.0,0.0,0.0,0.0,0.0,0.0,0.0,0.0,2019-07-09
10,50,cha050,0.0,0.0,0.0,0.0,0.0,0.0,0.0,0.0,2019-07-09
11,51,cha051,0.0,0.0,0.0,0.0,0.0,0.0,0.0,0.0,2019-07-09
12,54,cha054,0.0,0.0,0.0,0.0,0.0,0.0,0.0,0.0,2019-07-09
13,57,cha057,0.0,0.1909,0.0,0.0,0.1909,0.0,0.0,0.0,2019-07-09
14,59,cha059,0.0,0.0,0.0,0.0,0.0,0.0,0.0,0.0,2019-07-09
15,64,cha064,0.0,0.2419,0.0,0.0,0.2419,0.0,0.0,0.0,2019-07-09
16,66,cha066,0.0,0.0,0.0,0.0,0.0,0.0,0.0,0.0,2019-07-09
17,70,cha070,0.0,0.0,0.0,0.0,0.0,0.0,0.0,0.0,2019-07-09
18,71,cha071,0.0,0.0,0.0,0.0,0.0,0.0,0.0,0.0,2019-07-09
19,74,cha074,0.0,0.0,0.0,0.0,0.0,0.0,0.0,0.0,2019-07-09
20,138,cha138,0.0,0.3283,0.0,0.0,0.3283,0.0,0.0,0.0,2019-07-09
21,141,cha141,0.0,0.006712,0.0,0.0,0.006712,0.0,0.0,0.0,2019-07-09
22,142,cha142,0.0,0.002707,0.0,0.0,0.002707,0.0,0.0,0.0,2019-07-09
23,146,cha146,0.0,0.004575,0.0,0.0,0.004575,0.0,0.0,0.0,2019-07-09
24,148,cha148,0.0,0.008256,0.0,0.0,0.008256,0.0,0.0,0.0,2019-07-09
25,153,cha153,0.0,1.222,0.0,0.0,1.222,0.0,0.0,0.0,2019-07-09
26,155,cha155,0.0,0.2143,0.0,0.0,0.2143,0.0,0.0,0.0,2019-07-09
27,158,cha158,0.0,0.05461,0.0,0.0,0.05461,0.0,0.0,0.0,2019-07-09
28,161,cha161,0.0,0.2085,0.0,0.0,0.2085,0.0,0.0,0.0,2019-07-09
29,162,cha162,0.0,0.0005592,0.0,0.0,0.0005592,0.0,0.0,0.0,2019-07-09
30,165,cha165,0.0,0.05229,0.0,0.0,0.05229,0.0,0.0,0.0,2019-07-09
31,166,cha166,0.0,0.001578,0.0,0.0,0.001578,0.0,0.0,0.0,2019-07-09
32,167,cha167,0.0,0.206,0.0,0.0,0.206,0.0,0.0,0.0,2019-07-09
33,168,cha168,0.0,0.0005794,0.0,0.0,0.0005794,0.0,0.0,0.0,2019-07-09
34,169,cha169,0.0,0.04996,0.0,0.0,0.04996,0.0,0.0,0.0,2019-07-09
35,170,cha170,0.0,0.003635,0.0,0.0,0.003635,0.0,0.0,0.0,2019-07-09
36,171,cha171,0.0,0.002156,0.0,0.0,0.002156,0.0,0.0,0.0,2019-07-09
37,173,cha173,0.0,0.0493,0.0,0.0,0.0493,0.0,0.0,0.0,2019-07-09
1,29,cha029,0.0,0.0,0.0,0.0,0.0,0.0,0.0,0.0,2019-07-10
2,35,cha035,0.0,0.0,0.0,0.0,0.0,0.0,0.0,0.0,2019-07-10
3,37,cha037,0.0,0.0,0.0,0.0,0.0,0.0,0.0,0.0,2019-07-10
4,38,cha038,0.0,0.04382,0.0,0.0,0.04382,0.0,0.0,0.0,2019-07-10
5,39,cha039,0.0,0.0,0.0,0.0,0.0,0.0,0.0,0.0,2019-07-10
6,41,cha041,0.0,0.0,0.0,0.0,0.0,0.0,0.0,0.0,2019-07-10
7,43,cha043,0.0,0.0,0.0,0.0,0.0,0.0,0.0,0.0,2019-07-10
8,44,cha044,0.0,0.0,0.0,0.0,0.0,0.0,0.0,0.0,2019-07-10
9,45,cha045,0.0,0.0,0.0,0.0,0.0,0.0,0.0,0.0,2019-07-10
10,50,cha050,0.0,0.0,0.0,0.0,0.0,0.0,0.0,0.0,2019-07-10
11,51,cha051,0.0,0.0,0.0,0.0,0.0,0.0,0.0,0.0,2019-07-10
12,54,cha054,0.0,0.0,0.0,0.0,0.0,0.0,0.0,0.0,2019-07-10
13,57,cha057,0.0,0.186,0.0,0.0,0.186,0.0,0.0,0.0,2019-07-10
14,59,cha059,0.0,0.0,0.0,0.0,0.0,0.0,0.0,0.0,2019-07-10
15,64,cha064,0.0,0.2358,0.0,0.0,0.2358,0.0,0.0,0.0,2019-07-10
16,66,cha066,0.0,0.0,0.0,0.0,0.0,0.0,0.0,0.0,2019-07-10
17,70,cha070,0.0,0.0,0.0,0.0,0.0,0.0,0.0,0.0,2019-07-10
18,71,cha071,0.0,0.0,0.0,0.0,0.0,0.0,0.0,0.0,2019-07-10
19,74,cha074,0.0,0.0,0.0,0.0,0.0,0.0,0.0,0.0,2019-07-10
20,138,cha138,0.0,0.3182,0.0,0.0,0.3182,0.0,0.0,0.0,2019-07-10
21,141,cha141,0.0,0.005079,0.0,0.0,0.005079,0.0,0.0,0.0,2019-07-10
22,142,cha142,0.0,0.001543,0.0,0.0,0.001543,0.0,0.0,0.0,2019-07-10
23,146,cha146,0.0,0.002948,0.0,0.0,0.002948,0.0,0.0,0.0,2019-07-10
24,148,cha148,0.0,0.006435,0.0,0.0,0.006435,0.0,0.0,0.0,2019-07-10
25,153,cha153,0.0,1.196,0.0,0.0,1.196,0.0,0.0,0.0,2019-07-10
26,155,cha155,0.0,0.213,0.0,0.0,0.213,0.0,0.0,0.0,2019-07-10
27,158,cha158,0.0,0.05457,0.0,0.0,0.05457,0.0,0.0,0.0,2019-07-10
28,161,cha161,0.0,0.2051,0.0,0.0,0.2051,0.0,0.0,0.0,2019-07-10
29,162,cha162,0.0,0.0005593,0.0,0.0,0.0005593,0.0,0.0,0.0,2019-07-10
30,165,cha165,0.0,0.05225,0.0,0.0,0.05225,0.0,0.0,0.0,2019-07-10
31,166,cha166,0.0,0.001576,0.0,0.0,0.001576,0.0,0.0,0.0,2019-07-10
32,167,cha167,0.0,0.2026,0.0,0.0,0.2026,0.0,0.0,0.0,2019-07-10
33,168,cha168,0.0,0.0005779,0.0,0.0,0.0005779,0.0,0.0,0.0,2019-07-10
34,169,cha169,0.0,0.04993,0.0,0.0,0.04993,0.0,0.0,0.0,2019-07-10
35,170,cha170,0.0,0.003629,0.0,0.0,0.003629,0.0,0.0,0.0,2019-07-10
36,171,cha171,0.0,0.002153,0.0,0.0,0.002153,0.0,0.0,0.0,2019-07-10
37,173,cha173,0.0,0.04927,0.0,0.0,0.04927,0.0,0.0,0.0,2019-07-10
1,29,cha029,0.0,0.0,0.0,0.0,0.0,0.0,0.0,0.0,2019-07-11
2,35,cha035,0.0,0.0,0.0,0.0,0.0,0.0,0.0,0.0,2019-07-11
3,37,cha037,0.0,0.0,0.0,0.0,0.0,0.0,0.0,0.0,2019-07-11
4,38,cha038,0.0,0.04379,0.0,0.0,0.04379,0.0,0.0,0.0,2019-07-11
5,39,cha039,0.0,0.0,0.0,0.0,0.0,0.0,0.0,0.0,2019-07-11
6,41,cha041,0.0,0.0,0.0,0.0,0.0,0.0,0.0,0.0,2019-07-11
7,43,cha043,0.0,0.0,0.0,0.0,0.0,0.0,0.0,0.0,2019-07-11
8,44,cha044,0.0,0.0,0.0,0.0,0.0,0.0,0.0,0.0,2019-07-11
9,45,cha045,0.0,0.0,0.0,0.0,0.0,0.0,0.0,0.0,2019-07-11
10,50,cha050,0.0,0.0,0.0,0.0,0.0,0.0,0.0,0.0,2019-07-11
11,51,cha051,0.0,0.0,0.0,0.0,0.0,0.0,0.0,0.0,2019-07-11
12,54,cha054,0.0,0.0,0.0,0.0,0.0,0.0,0.0,0.0,2019-07-11
13,57,cha057,0.0,0.1812,0.0,0.0,0.1812,0.0,0.0,0.0,2019-07-11
14,59,cha059,0.0,0.0,0.0,0.0,0.0,0.0,0.0,0.0,2019-07-11
15,64,cha064,0.0,0.2298,0.0,0.0,0.2298,0.0,0.0,0.0,2019-07-11
16,66,cha066,0.0,0.0,0.0,0.0,0.0,0.0,0.0,0.0,2019-07-11
17,70,cha070,0.0,0.0,0.0,0.0,0.0,0.0,0.0,0.0,2019-07-11
18,71,cha071,0.0,0.0,0.0,0.0,0.0,0.0,0.0,0.0,2019-07-11
19,74,cha074,0.0,0.0,0.0,0.0,0.0,0.0,0.0,0.0,2019-07-11
20,138,cha138,0.0,0.3091,0.0,0.0,0.3091,0.0,0.0,0.0,2019-07-11
21,141,cha141,0.0,0.00421,0.0,0.0,0.00421,0.0,0.0,0.0,2019-07-11
22,142,cha142,0.0,0.0009327,0.0,0.0,0.0009327,0.0,0.0,0.0,2019-07-11
23,146,cha146,0.0,0.002084,0.0,0.0,0.002084,0.0,0.0,0.0,2019-07-11
24,148,cha148,0.0,0.005465,0.0,0.0,0.005465,0.0,0.0,0.0,2019-07-11
25,153,cha153,0.0,1.167,0.0,0.0,1.167,0.0,0.0,0.0,2019-07-11
26,155,cha155,0.0,0.2117,0.0,0.0,0.2117,0.0,0.0,0.0,2019-07-11
27,158,cha158,0.0,0.05451,0.0,0.0,0.05451,0.0,0.0,0.0,2019-07-11
28,161,cha161,0.0,0.2017,0.0,0.0,0.2017,0.0,0.0,0.0,2019-07-11
29,162,cha162,0.0,0.0005593,0.0,0.0,0.0005593,0.0,0.0,0.0,2019-07-11
30,165,cha165,0.0,0.05219,0.0,0.0,0.05219,0.0,0.0,0.0,2019-07-11
31,166,cha166,0.0,0.001573,0.0,0.0,0.001573,0.0,0.0,0.0,2019-07-11
32,167,cha167,0.0,0.1992,0.0,0.0,0.1992,0.0,0.0,0.0,2019-07-11
33,168,cha168,0.0,0.0005763,0.0,0.0,0.0005763,0.0,0.0,0.0,2019-07-11
34,169,cha169,0.0,0.04988,0.0,0.0,0.04988,0.0,0.0,0.0,2019-07-11
35,170,cha170,0.0,0.003622,0.0,0.0,0.003622,0.0,0.0,0.0,2019-07-11
36,171,cha171,0.0,0.002149,0.0,0.0,0.002149,0.0,0.0,0.0,2019-07-11
37,173,cha173,0.0,0.04922,0.0,0.0,0.04922,0.0,0.0,0.0,2019-07-11
1,29,cha029,0.0,0.0,0.0,0.0,0.0,0.0,0.0,0.0,2019-07-12
2,35,cha035,0.0,0.0,0.0,0.0,0.0,0.0,0.0,0.0,2019-07-12
3,37,cha037,0.0,0.0,0.0,0.0,0.0,0.0,0.0,0.0,2019-07-12
4,38,cha038,0.0,0.04374,0.0,0.0,0.04374,0.0,0.0,0.0,2019-07-12
5,39,cha039,0.0,0.0,0.0,0.0,0.0,0.0,0.0,0.0,2019-07-12
6,41,cha041,0.0,0.0,0.0,0.0,0.0,0.0,0.0,0.0,2019-07-12
7,43,cha043,0.0,0.0,0.0,0.0,0.0,0.0,0.0,0.0,2019-07-12
8,44,cha044,0.0,0.0,0.0,0.0,0.0,0.0,0.0,0.0,2019-07-12
9,45,cha045,0.0,0.0,0.0,0.0,0.0,0.0,0.0,0.0,2019-07-12
10,50,cha050,0.0,0.0,0.0,0.0,0.0,0.0,0.0,0.0,2019-07-12
11,51,cha051,0.0,0.0,0.0,0.0,0.0,0.0,0.0,0.0,2019-07-12
12,54,cha054,0.0,0.0,0.0,0.0,0.0,0.0,0.0,0.0,2019-07-12
13,57,cha057,0.0,0.1765,0.0,0.0,0.1765,0.0,0.0,0.0,2019-07-12
14,59,cha059,0.0,0.0,0.0,0.0,0.0,0.0,0.0,0.0,2019-07-12
15,64,cha064,0.0,0.2239,0.0,0.0,0.2239,0.0,0.0,0.0,2019-07-12
16,66,cha066,0.0,0.0,0.0,0.0,0.0,0.0,0.0,0.0,2019-07-12
17,70,cha070,0.0,0.0,0.0,0.0,0.0,0.0,0.0,0.0,2019-07-12
18,71,cha071,0.0,0.0,0.0,0.0,0.0,0.0,0.0,0.0,2019-07-12
19,74,cha074,0.0,0.0,0.0,0.0,0.0,0.0,0.0,0.0,2019-07-12
20,138,cha138,0.0,0.3007,0.0,0.0,0.3007,0.0,0.0,0.0,2019-07-12
21,141,cha141,0.0,0.003747,0.0,0.0,0.003747,0.0,0.0,0.0,2019-07-12
22,142,cha142,0.0,0.0006122,0.0,0.0,0.0006122,0.0,0.0,0.0,2019-07-12
23,146,cha146,0.0,0.001623,0.0,0.0,0.001623,0.0,0.0,0.0,2019-07-12
24,148,cha148,0.0,0.004947,0.0,0.0,0.004947,0.0,0.0,0.0,2019-07-12
25,153,cha153,0.0,1.136,0.0,0.0,1.136,0.0,0.0,0.0,2019-07-12
26,155,cha155,0.0,0.2098,0.0,0.0,0.2098,0.0,0.0,0.0,2019-07-12
27,158,cha158,0.0,0.05443,0.0,0.0,0.05443,0.0,0.0,0.0,2019-07-12
28,161,cha161,0.0,0.1979,0.0,0.0,0.1979,0.0,0.0,0.0,2019-07-12
29,162,cha162,0.0,0.0005588,0.0,0.0,0.0005588,0.0,0.0,0.0,2019-07-12
30,165,cha165,0.0,0.05212,0.0,0.0,0.05212,0.0,0.0,0.0,2019-07-12
31,166,cha166,0.0,0.001569,0.0,0.0,0.001569,0.0,0.0,0.0,2019-07-12
32,167,cha167,0.0,0.1953,0.0,0.0,0.1953,0.0,0.0,0.0,2019-07-12
33,168,cha168,0.0,0.0005745,0.0,0.0,0.0005745,0.0,0.0,0.0,2019-07-12
34,169,cha169,0.0,0.04982,0.0,0.0,0.04982,0.0,0.0,0.0,2019-07-12
35,170,cha170,0.0,0.003614,0.0,0.0,0.003614,0.0,0.0,0.0,2019-07-12
36,171,cha171,0.0,0.002144,0.0,0.0,0.002144,0.0,0.0,0.0,2019-07-12
37,173,cha173,0.0,0.04916,0.0,0.0,0.04916,0.0,0.0,0.0,2019-07-12
1,29,cha029,0.0,0.0,0.0,0.0,0.0,0.0,0.0,0.0,2019-07-13
2,35,cha035,0.0,0.0,0.0,0.0,0.0,0.0,0.0,0.0,2019-07-13
3,37,cha037,0.0,0.0,0.0,0.0,0.0,0.0,0.0,0.0,2019-07-13
4,38,cha038,0.0,0.04368,0.0,0.0,0.04368,0.0,0.0,0.0,2019-07-13
5,39,cha039,0.0,0.0,0.0,0.0,0.0,0.0,0.0,0.0,2019-07-13
6,41,cha041,0.0,0.0,0.0,0.0,0.0,0.0,0.0,0.0,2019-07-13
7,43,cha043,0.0,0.0,0.0,0.0,0.0,0.0,0.0,0.0,2019-07-13
8,44,cha044,0.0,0.0,0.0,0.0,0.0,0.0,0.0,0.0,2019-07-13
9,45,cha045,0.0,0.0,0.0,0.0,0.0,0.0,0.0,0.0,2019-07-13
10,50,cha050,0.0,0.0,0.0,0.0,0.0,0.0,0.0,0.0,2019-07-13
11,51,cha051,0.0,0.0,0.0,0.0,0.0,0.0,0.0,0.0,2019-07-13
12,54,cha054,0.0,0.0,0.0,0.0,0.0,0.0,0.0,0.0,2019-07-13
13,57,cha057,0.0,0.1713,0.0,0.0,0.1713,0.0,0.0,0.0,2019-07-13
14,59,cha059,0.0,0.0,0.0,0.0,0.0,0.0,0.0,0.0,2019-07-13
15,64,cha064,0.0,0.2181,0.0,0.0,0.2181,0.0,0.0,0.0,2019-07-13
16,66,cha066,0.0,0.0,0.0,0.0,0.0,0.0,0.0,0.0,2019-07-13
17,70,cha070,0.0,0.0,0.0,0.0,0.0,0.0,0.0,0.0,2019-07-13
18,71,cha071,0.0,0.0,0.0,0.0,0.0,0.0,0.0,0.0,2019-07-13
19,74,cha074,0.0,0.0,0.0,0.0,0.0,0.0,0.0,0.0,2019-07-13
20,138,cha138,0.0,0.2923,0.0,0.0,0.2923,0.0,0.0,0.0,2019-07-13
21,141,cha141,0.0,0.003498,0.0,0.0,0.003498,0.0,0.0,0.0,2019-07-13
22,142,cha142,0.0,0.0004442,0.0,0.0,0.0004442,0.0,0.0,0.0,2019-07-13
23,146,cha146,0.0,0.001378,0.0,0.0,0.001378,0.0,0.0,0.0,2019-07-13
24,148,cha148,0.0,0.004668,0.0,0.0,0.004668,0.0,0.0,0.0,2019-07-13
25,153,cha153,0.0,0.38,0.0,0.0,0.38,0.0,0.0,0.0,2019-07-13
26,155,cha155,0.0,0.2073,0.0,0.0,0.2073,0.0,0.0,0.0,2019-07-13
27,158,cha158,0.0,0.05433,0.0,0.0,0.05433,0.0,0.0,0.0,2019-07-13
28,161,cha161,0.0,0.1937,0.0,0.0,0.1937,0.0,0.0,0.0,2019-07-13
29,162,cha162,0.0,0.0005577,0.0,0.0,0.0005577,0.0,0.0,0.0,2019-07-13
30,165,cha165,0.0,0.05203,0.0,0.0,0.05203,0.0,0.0,0.0,2019-07-13
31,166,cha166,0.0,0.001564,0.0,0.0,0.001564,0.0,0.0,0.0,2019-07-13
32,167,cha167,0.0,0.1911,0.0,0.0,0.1911,0.0,0.0,0.0,2019-07-13
33,168,cha168,0.0,0.0005725,0.0,0.0,0.0005725,0.0,0.0,0.0,2019-07-13
34,169,cha169,0.0,0.04974,0.0,0.0,0.04974,0.0,0.0,0.0,2019-07-13
35,170,cha170,0.0,0.003603,0.0,0.0,0.003603,0.0,0.0,0.0,2019-07-13
36,171,cha171,0.0,0.002138,0.0,0.0,0.002138,0.0,0.0,0.0,2019-07-13
37,173,cha173,0.0,0.04909,0.0,0.0,0.04909,0.0,0.0,0.0,2019-07-13
1,29,cha029,0.0,0.0,0.0,0.0,0.0,0.0,0.0,0.0,2019-07-14
2,35,cha035,0.0,0.0,0.0,0.0,0.0,0.0,0.0,0.0,2019-07-14
3,37,cha037,0.0,0.0,0.0,0.0,0.0,0.0,0.0,0.0,2019-07-14
4,38,cha038,0.0,0.0,0.0,0.0,0.0,0.0,0.0,0.0,2019-07-14
5,39,cha039,0.0,0.0,0.0,0.0,0.0,0.0,0.0,0.0,2019-07-14
6,41,cha041,0.0,0.0,0.0,0.0,0.0,0.0,0.0,0.0,2019-07-14
7,43,cha043,0.0,0.0,0.0,0.0,0.0,0.0,0.0,0.0,2019-07-14
8,44,cha044,0.0,0.0,0.0,0.0,0.0,0.0,0.0,0.0,2019-07-14
9,45,cha045,0.0,0.0,0.0,0.0,0.0,0.0,0.0,0.0,2019-07-14
10,50,cha050,0.0,0.0,0.0,0.0,0.0,0.0,0.0,0.0,2019-07-14
11,51,cha051,0.0,0.0,0.0,0.0,0.0,0.0,0.0,0.0,2019-07-14
12,54,cha054,0.0,0.0,0.0,0.0,0.0,0.0,0.0,0.0,2019-07-14
13,57,cha057,0.0,0.1656,0.0,0.0,0.1656,0.0,0.0,0.0,2019-07-14
14,59,cha059,0.0,0.0,0.0,0.0,0.0,0.0,0.0,0.0,2019-07-14
15,64,cha064,0.0,0.2117,0.0,0.0,0.2117,0.0,0.0,0.0,2019-07-14
16,66,cha066,0.0,0.0,0.0,0.0,0.0,0.0,0.0,0.0,2019-07-14
17,70,cha070,0.0,0.0,0.0,0.0,0.0,0.0,0.0,0.0,2019-07-14
18,71,cha071,0.0,0.0,0.0,0.0,0.0,0.0,0.0,0.0,2019-07-14
19,74,cha074,0.0,0.0,0.0,0.0,0.0,0.0,0.0,0.0,2019-07-14
20,138,cha138,0.0,0.2833,0.0,0.0,0.2833,0.0,0.0,0.0,2019-07-14
21,141,cha141,0.0,0.003361,0.0,0.0,0.003361,0.0,0.0,0.0,2019-07-14
22,142,cha142,0.0,0.0003562,0.0,0.0,0.0003562,0.0,0.0,0.0,2019-07-14
23,146,cha146,0.0,0.001246,0.0,0.0,0.001246,0.0,0.0,0.0,2019-07-14
24,148,cha148,0.0,0.004513,0.0,0.0,0.004513,0.0,0.0,0.0,2019-07-14
25,153,cha153,0.0,0.3278,0.0,0.0,0.3278,0.0,0.0,0.0,2019-07-14
26,155,cha155,0.0,0.1609,0.0,0.0,0.1609,0.0,0.0,0.0,2019-07-14
27,158,cha158,0.0,0.01061,0.0,0.0,0.01061,0.0,0.0,0.0,2019-07-14
28,161,cha161,0.0,0.1455,0.0,0.0,0.1455,0.0,0.0,0.0,2019-07-14
29,162,cha162,0.0,0.0005561,0.0,0.0,0.0005561,0.0,0.0,0.0,2019-07-14
30,165,cha165,0.0,0.008311,0.0,0.0,0.008311,0.0,0.0,0.0,2019-07-14
31,166,cha166,0.0,0.001557,0.0,0.0,0.001557,0.0,0.0,0.0,2019-07-14
32,167,cha167,0.0,0.143,0.0,0.0,0.143,0.0,0.0,0.0,2019-07-14
33,168,cha168,0.0,0.0005703,0.0,0.0,0.0005703,0.0,0.0,0.0,2019-07-14
34,169,cha169,0.0,0.006032,0.0,0.0,0.006032,0.0,0.0,0.0,2019-07-14
35,170,cha170,0.0,0.003591,0.0,0.0,0.003591,0.0,0.0,0.0,2019-07-14
36,171,cha171,0.0,0.00213,0.0,0.0,0.00213,0.0,0.0,0.0,2019-07-14
37,173,cha173,0.0,0.005386,0.0,0.0,0.005386,0.0,0.0,0.0,2019-07-14
1,29,cha029,0.0,0.0,0.0,0.0,0.0,0.0,0.0,0.0,2019-07-15
2,35,cha035,0.0,0.0,0.0,0.0,0.0,0.0,0.0,0.0,2019-07-15
3,37,cha037,0.0,0.0,0.0,0.0,0.0,0.0,0.0,0.0,2019-07-15
4,38,cha038,0.0,0.001993,0.0,0.0,0.001993,0.0,0.0,0.0,2019-07-15
5,39,cha039,0.0,0.0,0.0,0.0,0.0,0.0,0.0,0.0,2019-07-15
6,41,cha041,0.0,0.0,0.0,0.0,0.0,0.0,0.0,0.0,2019-07-15
7,43,cha043,0.0,0.0,0.0,0.0,0.0,0.0,0.0,0.0,2019-07-15
8,44,cha044,0.0,0.0,0.0,0.0,0.0,0.0,0.0,0.0,2019-07-15
9,45,cha045,0.0,0.0,0.0,0.0,0.0,0.0,0.0,0.0,2019-07-15
10,50,cha050,0.0,0.0,0.0,0.0,0.0,0.0,0.0,0.0,2019-07-15
11,51,cha051,0.0,0.0,0.0,0.0,0.0,0.0,0.0,0.0,2019-07-15
12,54,cha054,0.0,0.0,0.0,0.0,0.0,0.0,0.0,0.0,2019-07-15
13,57,cha057,0.0,0.1593,0.0,0.0,0.1593,0.0,0.0,0.0,2019-07-15
14,59,cha059,0.0,0.0,0.0,0.0,0.0,0.0,0.0,0.0,2019-07-15
15,64,cha064,0.0,0.2044,0.0,0.0,0.2044,0.0,0.0,0.0,2019-07-15
16,66,cha066,0.0,0.0,0.0,0.0,0.0,0.0,0.0,0.0,2019-07-15
17,70,cha070,0.0,0.0,0.0,0.0,0.0,0.0,0.0,0.0,2019-07-15
18,71,cha071,0.0,0.0,0.0,0.0,0.0,0.0,0.0,0.0,2019-07-15
19,74,cha074,0.0,0.0,0.0,0.0,0.0,0.0,0.0,0.0,2019-07-15
20,138,cha138,0.0,0.209,0.0,0.0,0.209,0.0,0.0,0.0,2019-07-15
21,141,cha141,0.0,0.003281,0.0,0.0,0.003281,0.0,0.0,0.0,2019-07-15
22,142,cha142,0.0,0.0003101,0.0,0.0,0.0003101,0.0,0.0,0.0,2019-07-15
23,146,cha146,0.0,0.001174,0.0,0.0,0.001174,0.0,0.0,0.0,2019-07-15
24,148,cha148,0.0,0.004423,0.0,0.0,0.004423,0.0,0.0,0.0,2019-07-15
25,153,cha153,0.0,0.3201,0.0,0.0,0.3201,0.0,0.0,0.0,2019-07-15
26,155,cha155,0.0,0.1595,0.0,0.0,0.1595,0.0,0.0,0.0,2019-07-15
27,158,cha158,0.0,0.01255,0.0,0.0,0.01255,0.0,0.0,0.0,2019-07-15
28,161,cha161,0.0,0.1426,0.0,0.0,0.1426,0.0,0.0,0.0,2019-07-15
29,162,cha162,0.0,0.0005539,0.0,0.0,0.0005539,0.0,0.0,0.0,2019-07-15
30,165,cha165,0.0,0.01026,0.0,0.0,0.01026,0.0,0.0,0.0,2019-07-15
31,166,cha166,0.0,0.001549,0.0,0.0,0.001549,0.0,0.0,0.0,2019-07-15
32,167,cha167,0.0,0.1401,0.0,0.0,0.1401,0.0,0.0,0.0,2019-07-15
33,168,cha168,0.0,0.0005678,0.0,0.0,0.0005678,0.0,0.0,0.0,2019-07-15
34,169,cha169,0.0,0.007996,0.0,0.0,0.007996,0.0,0.0,0.0,2019-07-15
35,170,cha170,0.0,0.003576,0.0,0.0,0.003576,0.0,0.0,0.0,2019-07-15
36,171,cha171,0.0,0.00212,0.0,0.0,0.00212,0.0,0.0,0.0,2019-07-15
37,173,cha173,0.0,0.007356,0.0,0.0,0.007356,0.0,0.0,0.0,2019-07-15
1,29,cha029,0.0,0.0,0.0,0.0,0.0,0.0,0.0,0.0,2019-07-16
2,35,cha035,0.0,0.0,0.0,0.0,0.0,0.0,0.0,0.0,2019-07-16
3,37,cha037,0.0,0.0,0.0,0.0,0.0,0.0,0.0,0.0,2019-07-16
4,38,cha038,0.0,0.003877,0.0,0.0,0.003877,0.0,0.0,0.0,2019-07-16
5,39,cha039,0.0,0.0,0.0,0.0,0.0,0.0,0.0,0.0,2019-07-16
6,41,cha041,0.0,0.0,0.0,0.0,0.0,0.0,0.0,0.0,2019-07-16
7,43,cha043,0.0,0.0,0.0,0.0,0.0,0.0,0.0,0.0,2019-07-16
8,44,cha044,0.0,0.0,0.0,0.0,0.0,0.0,0.0,0.0,2019-07-16
9,45,cha045,0.0,0.0,0.0,0.0,0.0,0.0,0.0,0.0,2019-07-16
10,50,cha050,0.0,0.0,0.0,0.0,0.0,0.0,0.0,0.0,2019-07-16
11,51,cha051,0.0,0.0,0.0,0.0,0.0,0.0,0.0,0.0,2019-07-16
12,54,cha054,0.0,0.0,0.0,0.0,0.0,0.0,0.0,0.0,2019-07-16
13,57,cha057,0.0,0.0,0.0,0.0,0.0,0.0,0.0,0.0,2019-07-16
14,59,cha059,0.0,0.0,0.0,0.0,0.0,0.0,0.0,0.0,2019-07-16
15,64,cha064,0.0,0.1974,0.0,0.0,0.1974,0.0,0.0,0.0,2019-07-16
16,66,cha066,0.0,0.0,0.0,0.0,0.0,0.0,0.0,0.0,2019-07-16
17,70,cha070,0.0,0.0,0.0,0.0,0.0,0.0,0.0,0.0,2019-07-16
18,71,cha071,0.0,0.0,0.0,0.0,0.0,0.0,0.0,0.0,2019-07-16
19,74,cha074,0.0,0.0,0.0,0.0,0.0,0.0,0.0,0.0,2019-07-16
20,138,cha138,0.0,0.2019,0.0,0.0,0.2019,0.0,0.0,0.0,2019-07-16
21,141,cha141,0.0,0.003234,0.0,0.0,0.003234,0.0,0.0,0.0,2019-07-16
22,142,cha142,0.0,0.000286,0.0,0.0,0.000286,0.0,0.0,0.0,2019-07-16
23,146,cha146,0.0,0.001134,0.0,0.0,0.001134,0.0,0.0,0.0,2019-07-16
24,148,cha148,0.0,0.004368,0.0,0.0,0.004368,0.0,0.0,0.0,2019-07-16
25,153,cha153,0.0,0.1594,0.0,0.0,0.1594,0.0,0.0,0.0,2019-07-16
26,155,cha155,0.0,0.1582,0.0,0.0,0.1582,0.0,0.0,0.0,2019-07-16
27,158,cha158,0.0,0.01438,0.0,0.0,0.01438,0.0,0.0,0.0,2019-07-16
28,161,cha161,0.0,0.1397,0.0,0.0,0.1397,0.0,0.0,0.0,2019-07-16
29,162,cha162,0.0,0.0005517,0.0,0.0,0.0005517,0.0,0.0,0.0,2019-07-16
30,165,cha165,0.0,0.0121,0.0,0.0,0.0121,0.0,0.0,0.0,2019-07-16
31,166,cha166,0.0,0.001541,0.0,0.0,0.001541,0.0,0.0,0.0,2019-07-16
32,167,cha167,0.0,0.1372,0.0,0.0,0.1372,0.0,0.0,0.0,2019-07-16
33,168,cha168,0.0,0.0005653,0.0,0.0,0.0005653,0.0,0.0,0.0,2019-07-16
34,169,cha169,0.0,0.00985,0.0,0.0,0.00985,0.0,0.0,0.0,2019-07-16
35,170,cha170,0.0,0.003561,0.0,0.0,0.003561,0.0,0.0,0.0,2019-07-16
36,171,cha171,0.0,0.002111,0.0,0.0,0.002111,0.0,0.0,0.0,2019-07-16
37,173,cha173,0.0,0.009215,0.0,0.0,0.009215,0.0,0.0,0.0,2019-07-16
1,29,cha029,0.0,0.0,0.0,0.0,0.0,0.0,0.0,0.0,2019-07-17
2,35,cha035,0.0,0.0,0.0,0.0,0.0,0.0,0.0,0.0,2019-07-17
3,37,cha037,0.0,0.0,0.0,0.0,0.0,0.0,0.0,0.0,2019-07-17
4,38,cha038,0.0,0.00563,0.0,0.0,0.00563,0.0,0.0,0.0,2019-07-17
5,39,cha039,0.0,0.0,0.0,0.0,0.0,0.0,0.0,0.0,2019-07-17
6,41,cha041,0.0,0.0,0.0,0.0,0.0,0.0,0.0,0.0,2019-07-17
7,43,cha043,0.0,0.0,0.0,0.0,0.0,0.0,0.0,0.0,2019-07-17
8,44,cha044,0.0,0.0,0.0,0.0,0.0,0.0,0.0,0.0,2019-07-17
9,45,cha045,0.0,0.0,0.0,0.0,0.0,0.0,0.0,0.0,2019-07-17
10,50,cha050,0.0,0.0,0.0,0.0,0.0,0.0,0.0,0.0,2019-07-17
11,51,cha051,0.0,0.0,0.0,0.0,0.0,0.0,0.0,0.0,2019-07-17
12,54,cha054,0.0,0.0,0.0,0.0,0.0,0.0,0.0,0.0,2019-07-17
13,57,cha057,0.0,0.0,0.0,0.0,0.0,0.0,0.0,0.0,2019-07-17
14,59,cha059,0.0,0.0,0.0,0.0,0.0,0.0,0.0,0.0,2019-07-17
15,64,cha064,0.0,0.0,0.0,0.0,0.0,0.0,0.0,0.0,2019-07-17
16,66,cha066,0.0,0.0,0.0,0.0,0.0,0.0,0.0,0.0,2019-07-17
17,70,cha070,0.0,0.0,0.0,0.0,0.0,0.0,0.0,0.0,2019-07-17
18,71,cha071,0.0,0.0,0.0,0.0,0.0,0.0,0.0,0.0,2019-07-17
19,74,cha074,0.0,0.0,0.0,0.0,0.0,0.0,0.0,0.0,2019-07-17
20,138,cha138,0.0,0.01017,0.0,0.0,0.01017,0.0,0.0,0.0,2019-07-17
21,141,cha141,0.0,0.008738,0.0,0.0,0.008738,0.0,0.0,0.0,2019-07-17
22,142,cha142,0.0,0.001576,0.0,0.0,0.001576,0.0,0.0,0.0,2019-07-17
23,146,cha146,0.0,0.006646,0.0,0.0,0.006646,0.0,0.0,0.0,2019-07-17
24,148,cha148,0.0,0.009977,0.0,0.0,0.009977,0.0,0.0,0.0,2019-07-17
25,153,cha153,0.0,0.1578,0.0,0.0,0.1578,0.0,0.0,0.0,2019-07-17
26,155,cha155,0.0,0.1567,0.0,0.0,0.1567,0.0,0.0,0.0,2019-07-17
27,158,cha158,0.0,0.01608,0.0,0.0,0.01608,0.0,0.0,0.0,2019-07-17
28,161,cha161,0.0,0.1368,0.0,0.0,0.1368,0.0,0.0,0.0,2019-07-17
29,162,cha162,0.0,0.0005493,0.0,0.0,0.0005493,0.0,0.0,0.0,2019-07-17
30,165,cha165,0.0,0.01381,0.0,0.0,0.01381,0.0,0.0,0.0,2019-07-17
31,166,cha166,0.0,0.001532,0.0,0.0,0.001532,0.0,0.0,0.0,2019-07-17
32,167,cha167,0.0,0.1343,0.0,0.0,0.1343,0.0,0.0,0.0,2019-07-17
33,168,cha168,0.0,0.0005627,0.0,0.0,0.0005627,0.0,0.0,0.0,2019-07-17
34,169,cha169,0.0,0.01157,0.0,0.0,0.01157,0.0,0.0,0.0,2019-07-17
35,170,cha170,0.0,0.003544,0.0,0.0,0.003544,0.0,0.0,0.0,2019-07-17
36,171,cha171,0.0,0.0021,0.0,0.0,0.0021,0.0,0.0,0.0,2019-07-17
37,173,cha173,0.0,0.01094,0.0,0.0,0.01094,0.0,0.0,0.0,2019-07-17
1,29,cha029,0.0,0.0,0.0,0.0,0.0,0.0,0.0,0.0,2019-07-18
2,35,cha035,0.0,0.0,0.0,0.0,0.0,0.0,0.0,0.0,2019-07-18
3,37,cha037,0.0,0.0,0.0,0.0,0.0,0.0,0.0,0.0,2019-07-18
4,38,cha038,0.0,0.007298,0.0,0.0,0.007298,0.0,0.0,0.0,2019-07-18
5,39,cha039,0.0,0.0,0.0,0.0,0.0,0.0,0.0,0.0,2019-07-18
6,41,cha041,0.0,0.0,0.0,0.0,0.0,0.0,0.0,0.0,2019-07-18
7,43,cha043,0.0,0.0,0.0,0.0,0.0,0.0,0.0,0.0,2019-07-18
8,44,cha044,0.0,0.0,0.0,0.0,0.0,0.0,0.0,0.0,2019-07-18
9,45,cha045,0.0,0.0,0.0,0.0,0.0,0.0,0.0,0.0,2019-07-18
10,50,cha050,0.0,0.0,0.0,0.0,0.0,0.0,0.0,0.0,2019-07-18
11,51,cha051,0.0,0.0,0.0,0.0,0.0,0.0,0.0,0.0,2019-07-18
12,54,cha054,0.0,0.0,0.0,0.0,0.0,0.0,0.0,0.0,2019-07-18
13,57,cha057,0.0,0.0,0.0,0.0,0.0,0.0,0.0,0.0,2019-07-18
14,59,cha059,0.0,0.0,0.0,0.0,0.0,0.0,0.0,0.0,2019-07-18
15,64,cha064,0.0,0.0,0.0,0.0,0.0,0.0,0.0,0.0,2019-07-18
16,66,cha066,0.0,0.0,0.0,0.0,0.0,0.0,0.0,0.0,2019-07-18
17,70,cha070,0.0,0.0,0.0,0.0,0.0,0.0,0.0,0.0,2019-07-18
18,71,cha071,0.0,0.0,0.0,0.0,0.0,0.0,0.0,0.0,2019-07-18
19,74,cha074,0.0,0.0,0.0,0.0,0.0,0.0,0.0,0.0,2019-07-18
20,138,cha138,0.0,0.275,0.0,0.0,0.275,0.0,0.0,0.0,2019-07-18
21,141,cha141,0.0,0.2518,0.0,0.0,0.2518,0.0,0.0,0.0,2019-07-18
22,142,cha142,0.0,0.009502,0.0,0.0,0.009502,0.0,0.0,0.0,2019-07-18
23,146,cha146,0.0,0.09625,0.0,0.0,0.09625,0.0,0.0,0.0,2019-07-18
24,148,cha148,0.0,0.2748,0.0,0.0,0.2748,0.0,0.0,0.0,2019-07-18
25,153,cha153,0.0,0.5118,0.0,0.0,0.5118,0.0,0.0,0.0,2019-07-18
26,155,cha155,0.0,0.5107,0.0,0.0,0.5107,0.0,0.0,0.0,2019-07-18
27,158,cha158,0.0,0.116,0.0,0.0,0.116,0.0,0.0,0.0,2019-07-18
28,161,cha161,0.0,0.3251,0.0,0.0,0.3251,0.0,0.0,0.0,2019-07-18
29,162,cha162,0.0,0.02352,0.0,0.0,0.02352,0.0,0.0,0.0,2019-07-18
30,165,cha165,0.0,0.04116,0.0,0.0,0.04116,0.0,0.0,0.0,2019-07-18
31,166,cha166,0.0,0.01096,0.0,0.0,0.01096,0.0,0.0,0.0,2019-07-18
32,167,cha167,0.0,0.1907,0.0,0.0,0.1907,0.0,0.0,0.0,2019-07-18
33,168,cha168,0.0,0.0005601,0.0,0.0,0.0005601,0.0,0.0,0.0,2019-07-18
34,169,cha169,0.0,0.03893,0.0,0.0,0.03893,0.0,0.0,0.0,2019-07-18
35,170,cha170,0.0,0.01972,0.0,0.0,0.01972,0.0,0.0,0.0,2019-07-18
36,171,cha171,0.0,0.01828,0.0,0.0,0.01828,0.0,0.0,0.0,2019-07-18
37,173,cha173,0.0,0.0383,0.0,0.0,0.0383,0.0,0.0,0.0,2019-07-18
1,29,cha029,0.0,0.0,0.0,0.0,0.0,0.0,0.0,0.0,2019-07-19
2,35,cha035,0.0,0.0,0.0,0.0,0.0,0.0,0.0,0.0,2019-07-19
3,37,cha037,0.0,0.0,0.0,0.0,0.0,0.0,0.0,0.0,2019-07-19
4,38,cha038,0.0,0.008876,0.0,0.0,0.008876,0.0,0.0,0.0,2019-07-19
5,39,cha039,0.0,0.0,0.0,0.0,0.0,0.0,0.0,0.0,2019-07-19
6,41,cha041,0.0,0.0,0.0,0.0,0.0,0.0,0.0,0.0,2019-07-19
7,43,cha043,0.0,0.0,0.0,0.0,0.0,0.0,0.0,0.0,2019-07-19
8,44,cha044,0.0,0.0,0.0,0.0,0.0,0.0,0.0,0.0,2019-07-19
9,45,cha045,0.0,0.0,0.0,0.0,0.0,0.0,0.0,0.0,2019-07-19
10,50,cha050,0.0,0.0,0.0,0.0,0.0,0.0,0.0,0.0,2019-07-19
11,51,cha051,0.0,0.0,0.0,0.0,0.0,0.0,0.0,0.0,2019-07-19
12,54,cha054,0.0,0.0,0.0,0.0,0.0,0.0,0.0,0.0,2019-07-19
13,57,cha057,0.0,0.0,0.0,0.0,0.0,0.0,0.0,0.0,2019-07-19
14,59,cha059,0.0,0.0,0.0,0.0,0.0,0.0,0.0,0.0,2019-07-19
15,64,cha064,0.0,0.0,0.0,0.0,0.0,0.0,0.0,0.0,2019-07-19
16,66,cha066,0.0,0.0,0.0,0.0,0.0,0.0,0.0,0.0,2019-07-19
17,70,cha070,0.0,0.0,0.0,0.0,0.0,0.0,0.0,0.0,2019-07-19
18,71,cha071,0.0,0.0,0.0,0.0,0.0,0.0,0.0,0.0,2019-07-19
19,74,cha074,0.0,0.0,0.0,0.0,0.0,0.0,0.0,0.0,2019-07-19
20,138,cha138,0.0,0.163,0.0,0.0,0.163,0.0,0.0,0.0,2019-07-19
21,141,cha141,0.0,0.1498,0.0,0.0,0.1498,0.0,0.0,0.0,2019-07-19
22,142,cha142,0.0,0.005112,0.0,0.0,0.005112,0.0,0.0,0.0,2019-07-19
23,146,cha146,0.0,0.05243,0.0,0.0,0.05243,0.0,0.0,0.0,2019-07-19
24,148,cha148,0.0,0.1628,0.0,0.0,0.1628,0.0,0.0,0.0,2019-07-19
25,153,cha153,0.0,0.2747,0.0,0.0,0.2747,0.0,0.0,0.0,2019-07-19
26,155,cha155,0.0,0.2736,0.0,0.0,0.2736,0.0,0.0,0.0,2019-07-19
27,158,cha158,0.0,0.06881,0.0,0.0,0.06881,0.0,0.0,0.0,2019-07-19
28,161,cha161,0.0,0.1738,0.0,0.0,0.1738,0.0,0.0,0.0,2019-07-19
29,162,cha162,0.0,0.01254,0.0,0.0,0.01254,0.0,0.0,0.0,2019-07-19
30,165,cha165,0.0,0.0307,0.0,0.0,0.0307,0.0,0.0,0.0,2019-07-19
31,166,cha166,0.0,0.006782,0.0,0.0,0.006782,0.0,0.0,0.0,2019-07-19
32,167,cha167,0.0,0.1086,0.0,0.0,0.1086,0.0,0.0,0.0,2019-07-19
33,168,cha168,0.0,0.0005575,0.0,0.0,0.0005575,0.0,0.0,0.0,2019-07-19
34,169,cha169,0.0,0.02848,0.0,0.0,0.02848,0.0,0.0,0.0,2019-07-19
35,170,cha170,0.0,0.01219,0.0,0.0,0.01219,0.0,0.0,0.0,2019-07-19
36,171,cha171,0.0,0.01076,0.0,0.0,0.01076,0.0,0.0,0.0,2019-07-19
37,173,cha173,0.0,0.02787,0.0,0.0,0.02787,0.0,0.0,0.0,2019-07-19
1,29,cha029,0.0,0.0,0.0,0.0,0.0,0.0,0.0,0.0,2019-07-20
2,35,cha035,0.0,0.0,0.0,0.0,0.0,0.0,0.0,0.0,2019-07-20
3,37,cha037,0.0,0.0,0.0,0.0,0.0,0.0,0.0,0.0,2019-07-20
4,38,cha038,0.0,0.01036,0.0,0.0,0.01036,0.0,0.0,0.0,2019-07-20
5,39,cha039,0.0,0.0,0.0,0.0,0.0,0.0,0.0,0.0,2019-07-20
6,41,cha041,0.0,0.0,0.0,0.0,0.0,0.0,0.0,0.0,2019-07-20
7,43,cha043,0.0,0.0,0.0,0.0,0.0,0.0,0.0,0.0,2019-07-20
8,44,cha044,0.0,0.0,0.0,0.0,0.0,0.0,0.0,0.0,2019-07-20
9,45,cha045,0.0,0.0,0.0,0.0,0.0,0.0,0.0,0.0,2019-07-20
10,50,cha050,0.0,0.0,0.0,0.0,0.0,0.0,0.0,0.0,2019-07-20
11,51,cha051,0.0,0.0,0.0,0.0,0.0,0.0,0.0,0.0,2019-07-20
12,54,cha054,0.0,0.0,0.0,0.0,0.0,0.0,0.0,0.0,2019-07-20
13,57,cha057,0.0,0.0,0.0,0.0,0.0,0.0,0.0,0.0,2019-07-20
14,59,cha059,0.0,0.0,0.0,0.0,0.0,0.0,0.0,0.0,2019-07-20
15,64,cha064,0.0,0.0,0.0,0.0,0.0,0.0,0.0,0.0,2019-07-20
16,66,cha066,0.0,0.0,0.0,0.0,0.0,0.0,0.0,0.0,2019-07-20
17,70,cha070,0.0,0.0,0.0,0.0,0.0,0.0,0.0,0.0,2019-07-20
18,71,cha071,0.0,0.0,0.0,0.0,0.0,0.0,0.0,0.0,2019-07-20
19,74,cha074,0.0,0.0,0.0,0.0,0.0,0.0,0.0,0.0,2019-07-20
20,138,cha138,0.0,0.09813,0.0,0.0,0.09813,0.0,0.0,0.0,2019-07-20
21,141,cha141,0.0,0.0904,0.0,0.0,0.0904,0.0,0.0,0.0,2019-07-20
22,142,cha142,0.0,0.002808,0.0,0.0,0.002808,0.0,0.0,0.0,2019-07-20
23,146,cha146,0.0,0.02898,0.0,0.0,0.02898,0.0,0.0,0.0,2019-07-20
24,148,cha148,0.0,0.09796,0.0,0.0,0.09796,0.0,0.0,0.0,2019-07-20
25,153,cha153,0.0,0.1629,0.0,0.0,0.1629,0.0,0.0,0.0,2019-07-20
26,155,cha155,0.0,0.1619,0.0,0.0,0.1619,0.0,0.0,0.0,2019-07-20
27,158,cha158,0.0,0.04654,0.0,0.0,0.04654,0.0,0.0,0.0,2019-07-20
28,161,cha161,0.0,0.1015,0.0,0.0,0.1015,0.0,0.0,0.0,2019-07-20
29,162,cha162,0.0,0.006807,0.0,0.0,0.006807,0.0,0.0,0.0,2019-07-20
30,165,cha165,0.0,0.02575,0.0,0.0,0.02575,0.0,0.0,0.0,2019-07-20
31,166,cha166,0.0,0.004448,0.0,0.0,0.004448,0.0,0.0,0.0,2019-07-20
32,167,cha167,0.0,0.06795,0.0,0.0,0.06795,0.0,0.0,0.0,2019-07-20
33,168,cha168,0.0,0.000555,0.0,0.0,0.000555,0.0,0.0,0.0,2019-07-20
34,169,cha169,0.0,0.02354,0.0,0.0,0.02354,0.0,0.0,0.0,2019-07-20
35,170,cha170,0.0,0.008163,0.0,0.0,0.008163,0.0,0.0,0.0,2019-07-20
36,171,cha171,0.0,0.006738,0.0,0.0,0.006738,0.0,0.0,0.0,2019-07-20
37,173,cha173,0.0,0.02293,0.0,0.0,0.02293,0.0,0.0,0.0,2019-07-20
1,29,cha029,0.0,0.0,0.0,0.0,0.0,0.0,0.0,0.0,2019-07-21
2,35,cha035,0.0,0.0,0.0,0.0,0.0,0.0,0.0,0.0,2019-07-21
3,37,cha037,0.0,0.0,0.0,0.0,0.0,0.0,0.0,0.0,2019-07-21
4,38,cha038,0.0,0.01176,0.0,0.0,0.01176,0.0,0.0,0.0,2019-07-21
5,39,cha039,0.0,0.0,0.0,0.0,0.0,0.0,0.0,0.0,2019-07-21
6,41,cha041,0.0,0.0,0.0,0.0,0.0,0.0,0.0,0.0,2019-07-21
7,43,cha043,0.0,0.0,0.0,0.0,0.0,0.0,0.0,0.0,2019-07-21
8,44,cha044,0.0,0.0,0.0,0.0,0.0,0.0,0.0,0.0,2019-07-21
9,45,cha045,0.0,0.0,0.0,0.0,0.0,0.0,0.0,0.0,2019-07-21
10,50,cha050,0.0,0.0,0.0,0.0,0.0,0.0,0.0,0.0,2019-07-21
11,51,cha051,0.0,0.0,0.0,0.0,0.0,0.0,0.0,0.0,2019-07-21
12,54,cha054,0.0,0.0,0.0,0.0,0.0,0.0,0.0,0.0,2019-07-21
13,57,cha057,0.0,0.0,0.0,0.0,0.0,0.0,0.0,0.0,2019-07-21
14,59,cha059,0.0,0.0,0.0,0.0,0.0,0.0,0.0,0.0,2019-07-21
15,64,cha064,0.0,0.0,0.0,0.0,0.0,0.0,0.0,0.0,2019-07-21
16,66,cha066,0.0,0.0,0.0,0.0,0.0,0.0,0.0,0.0,2019-07-21
17,70,cha070,0.0,0.0,0.0,0.0,0.0,0.0,0.0,0.0,2019-07-21
18,71,cha071,0.0,0.0,0.0,0.0,0.0,0.0,0.0,0.0,2019-07-21
19,74,cha074,0.0,0.0,0.0,0.0,0.0,0.0,0.0,0.0,2019-07-21
20,138,cha138,0.0,0.06013,0.0,0.0,0.06013,0.0,0.0,0.0,2019-07-21
21,141,cha141,0.0,0.05535,0.0,0.0,0.05535,0.0,0.0,0.0,2019-07-21
22,142,cha142,0.0,0.001598,0.0,0.0,0.001598,0.0,0.0,0.0,2019-07-21
23,146,cha146,0.0,0.01632,0.0,0.0,0.01632,0.0,0.0,0.0,2019-07-21
24,148,cha148,0.0,0.05996,0.0,0.0,0.05996,0.0,0.0,0.0,2019-07-21
25,153,cha153,0.0,0.1093,0.0,0.0,0.1093,0.0,0.0,0.0,2019-07-21
26,155,cha155,0.0,0.1084,0.0,0.0,0.1084,0.0,0.0,0.0,2019-07-21
27,158,cha158,0.0,0.03577,0.0,0.0,0.03577,0.0,0.0,0.0,2019-07-21
28,161,cha161,0.0,0.06592,0.0,0.0,0.06592,0.0,0.0,0.0,2019-07-21
29,162,cha162,0.0,0.003811,0.0,0.0,0.003811,0.0,0.0,0.0,2019-07-21
30,165,cha165,0.0,0.0237,0.0,0.0,0.0237,0.0,0.0,0.0,2019-07-21
31,166,cha166,0.0,0.003141,0.0,0.0,0.003141,0.0,0.0,0.0,2019-07-21
32,167,cha167,0.0,0.04748,0.0,0.0,0.04748,0.0,0.0,0.0,2019-07-21
33,168,cha168,0.0,0.0005526,0.0,0.0,0.0005526,0.0,0.0,0.0,2019-07-21
34,169,cha169,0.0,0.0215,0.0,0.0,0.0215,0.0,0.0,0.0,2019-07-21
35,170,cha170,0.0,0.005994,0.0,0.0,0.005994,0.0,0.0,0.0,2019-07-21
36,171,cha171,0.0,0.004576,0.0,0.0,0.004576,0.0,0.0,0.0,2019-07-21
37,173,cha173,0.0,0.0209,0.0,0.0,0.0209,0.0,0.0,0.0,2019-07-21
1,29,cha029,0.0,0.0,0.0,0.0,0.0,0.0,0.0,0.0,2019-07-22
2,35,cha035,0.0,0.0,0.0,0.0,0.0,0.0,0.0,0.0,2019-07-22
3,37,cha037,0.0,0.0,0.0,0.0,0.0,0.0,0.0,0.0,2019-07-22
4,38,cha038,0.0,0.01307,0.0,0.0,0.01307,0.0,0.0,0.0,2019-07-22
5,39,cha039,0.0,0.0,0.0,0.0,0.0,0.0,0.0,0.0,2019-07-22
6,41,cha041,0.0,0.0,0.0,0.0,0.0,0.0,0.0,0.0,2019-07-22
7,43,cha043,0.0,0.0,0.0,0.0,0.0,0.0,0.0,0.0,2019-07-22
8,44,cha044,0.0,0.0,0.0,0.0,0.0,0.0,0.0,0.0,2019-07-22
9,45,cha045,0.0,0.0,0.0,0.0,0.0,0.0,0.0,0.0,2019-07-22
10,50,cha050,0.0,0.0,0.0,0.0,0.0,0.0,0.0,0.0,2019-07-22
11,51,cha051,0.0,0.0,0.0,0.0,0.0,0.0,0.0,0.0,2019-07-22
12,54,cha054,0.0,0.0,0.0,0.0,0.0,0.0,0.0,0.0,2019-07-22
13,57,cha057,0.0,0.0,0.0,0.0,0.0,0.0,0.0,0.0,2019-07-22
14,59,cha059,0.0,0.0,0.0,0.0,0.0,0.0,0.0,0.0,2019-07-22
15,64,cha064,0.0,0.0,0.0,0.0,0.0,0.0,0.0,0.0,2019-07-22
16,66,cha066,0.0,0.0,0.0,0.0,0.0,0.0,0.0,0.0,2019-07-22
17,70,cha070,0.0,0.0,0.0,0.0,0.0,0.0,0.0,0.0,2019-07-22
18,71,cha071,0.0,0.0,0.0,0.0,0.0,0.0,0.0,0.0,2019-07-22
19,74,cha074,0.0,0.0,0.0,0.0,0.0,0.0,0.0,0.0,2019-07-22
20,138,cha138,0.0,0.03769,0.0,0.0,0.03769,0.0,0.0,0.0,2019-07-22
21,141,cha141,0.0,0.03451,0.0,0.0,0.03451,0.0,0.0,0.0,2019-07-22
22,142,cha142,0.0,0.0009626,0.0,0.0,0.0009626,0.0,0.0,0.0,2019-07-22
23,146,cha146,0.0,0.009435,0.0,0.0,0.009435,0.0,0.0,0.0,2019-07-22
24,148,cha148,0.0,0.03752,0.0,0.0,0.03752,0.0,0.0,0.0,2019-07-22
25,153,cha153,0.0,0.08466,0.0,0.0,0.08466,0.0,0.0,0.0,2019-07-22
26,155,cha155,0.0,0.08376,0.0,0.0,0.08376,0.0,0.0,0.0,2019-07-22
27,158,cha158,0.0,0.03067,0.0,0.0,0.03067,0.0,0.0,0.0,2019-07-22
28,161,cha161,0.0,0.04931,0.0,0.0,0.04931,0.0,0.0,0.0,2019-07-22
29,162,cha162,0.0,0.002246,0.0,0.0,0.002246,0.0,0.0,0.0,2019-07-22
30,165,cha165,0.0,0.02315,0.0,0.0,0.02315,0.0,0.0,0.0,2019-07-22
31,166,cha166,0.0,0.002409,0.0,0.0,0.002409,0.0,0.0,0.0,2019-07-22
32,167,cha167,0.0,0.03842,0.0,0.0,0.03842,0.0,0.0,0.0,2019-07-22
33,168,cha168,0.0,0.0005502,0.0,0.0,0.0005502,0.0,0.0,0.0,2019-07-22
34,169,cha169,0.0,0.02096,0.0,0.0,0.02096,0.0,0.0,0.0,2019-07-22
35,170,cha170,0.0,0.004821,0.0,0.0,0.004821,0.0,0.0,0.0,2019-07-22
36,171,cha171,0.0,0.00341,0.0,0.0,0.00341,0.0,0.0,0.0,2019-07-22
37,173,cha173,0.0,0.02036,0.0,0.0,0.02036,0.0,0.0,0.0,2019-07-22
1,29,cha029,0.0,0.0,0.0,0.0,0.0,0.0,0.0,0.0,2019-07-23
2,35,cha035,0.0,0.0,0.0,0.0,0.0,0.0,0.0,0.0,2019-07-23
3,37,cha037,0.0,0.0,0.0,0.0,0.0,0.0,0.0,0.0,2019-07-23
4,38,cha038,0.0,0.01432,0.0,0.0,0.01432,0.0,0.0,0.0,2019-07-23
5,39,cha039,0.0,0.0,0.0,0.0,0.0,0.0,0.0,0.0,2019-07-23
6,41,cha041,0.0,0.0,0.0,0.0,0.0,0.0,0.0,0.0,2019-07-23
7,43,cha043,0.0,0.0,0.0,0.0,0.0,0.0,0.0,0.0,2019-07-23
8,44,cha044,0.0,0.0,0.0,0.0,0.0,0.0,0.0,0.0,2019-07-23
9,45,cha045,0.0,0.0,0.0,0.0,0.0,0.0,0.0,0.0,2019-07-23
10,50,cha050,0.0,0.0,0.0,0.0,0.0,0.0,0.0,0.0,2019-07-23
11,51,cha051,0.0,0.0,0.0,0.0,0.0,0.0,0.0,0.0,2019-07-23
12,54,cha054,0.0,0.0,0.0,0.0,0.0,0.0,0.0,0.0,2019-07-23
13,57,cha057,0.0,0.0009909,0.0,0.0,0.0009909,0.0,0.0,0.0,2019-07-23
14,59,cha059,0.0,0.0,0.0,0.0,0.0,0.0,0.0,0.0,2019-07-23
15,64,cha064,0.0,0.0,0.0,0.0,0.0,0.0,0.0,0.0,2019-07-23
16,66,cha066,0.0,0.0,0.0,0.0,0.0,0.0,0.0,0.0,2019-07-23
17,70,cha070,0.0,0.0,0.0,0.0,0.0,0.0,0.0,0.0,2019-07-23
18,71,cha071,0.0,0.0,0.0,0.0,0.0,0.0,0.0,0.0,2019-07-23
19,74,cha074,0.0,0.0,0.0,0.0,0.0,0.0,0.0,0.0,2019-07-23
20,138,cha138,0.0,0.02436,0.0,0.0,0.02436,0.0,0.0,0.0,2019-07-23
21,141,cha141,0.0,0.02206,0.0,0.0,0.02206,0.0,0.0,0.0,2019-07-23
22,142,cha142,0.0,0.0006292,0.0,0.0,0.0006292,0.0,0.0,0.0,2019-07-23
23,146,cha146,0.0,0.005672,0.0,0.0,0.005672,0.0,0.0,0.0,2019-07-23
24,148,cha148,0.0,0.0242,0.0,0.0,0.0242,0.0,0.0,0.0,2019-07-23
25,153,cha153,0.0,0.07456,0.0,0.0,0.07456,0.0,0.0,0.0,2019-07-23
26,155,cha155,0.0,0.07272,0.0,0.0,0.07272,0.0,0.0,0.0,2019-07-23
27,158,cha158,0.0,0.02847,0.0,0.0,0.02847,0.0,0.0,0.0,2019-07-23
28,161,cha161,0.0,0.04158,0.0,0.0,0.04158,0.0,0.0,0.0,2019-07-23
29,162,cha162,0.0,0.001428,0.0,0.0,0.001428,0.0,0.0,0.0,2019-07-23
30,165,cha165,0.0,0.02338,0.0,0.0,0.02338,0.0,0.0,0.0,2019-07-23
31,166,cha166,0.0,0.001997,0.0,0.0,0.001997,0.0,0.0,0.0,2019-07-23
32,167,cha167,0.0,0.03459,0.0,0.0,0.03459,0.0,0.0,0.0,2019-07-23
33,168,cha168,0.0,0.0005479,0.0,0.0,0.0005479,0.0,0.0,0.0,2019-07-23
34,169,cha169,0.0,0.0212,0.0,0.0,0.0212,0.0,0.0,0.0,2019-07-23
35,170,cha170,0.0,0.004182,0.0,0.0,0.004182,0.0,0.0,0.0,2019-07-23
36,171,cha171,0.0,0.002778,0.0,0.0,0.002778,0.0,0.0,0.0,2019-07-23
37,173,cha173,0.0,0.02061,0.0,0.0,0.02061,0.0,0.0,0.0,2019-07-23
1,29,cha029,0.0,0.0,0.0,0.0,0.0,0.0,0.0,0.0,2019-07-24
2,35,cha035,0.0,0.0,0.0,0.0,0.0,0.0,0.0,0.0,2019-07-24
3,37,cha037,0.0,0.0,0.0,0.0,0.0,0.0,0.0,0.0,2019-07-24
4,38,cha038,0.0,0.0155,0.0,0.0,0.0155,0.0,0.0,0.0,2019-07-24
5,39,cha039,0.0,0.0,0.0,0.0,0.0,0.0,0.0,0.0,2019-07-24
6,41,cha041,0.0,0.0,0.0,0.0,0.0,0.0,0.0,0.0,2019-07-24
7,43,cha043,0.0,0.0,0.0,0.0,0.0,0.0,0.0,0.0,2019-07-24
8,44,cha044,0.0,0.0,0.0,0.0,0.0,0.0,0.0,0.0,2019-07-24
9,45,cha045,0.0,0.0,0.0,0.0,0.0,0.0,0.0,0.0,2019-07-24
10,50,cha050,0.0,0.0,0.0,0.0,0.0,0.0,0.0,0.0,2019-07-24
11,51,cha051,0.0,0.0,0.0,0.0,0.0,0.0,0.0,0.0,2019-07-24
12,54,cha054,0.0,0.0,0.0,0.0,0.0,0.0,0.0,0.0,2019-07-24
13,57,cha057,0.0,0.001901,0.0,0.0,0.001901,0.0,0.0,0.0,2019-07-24
14,59,cha059,0.0,0.0,0.0,0.0,0.0,0.0,0.0,0.0,2019-07-24
15,64,cha064,0.0,0.0,0.0,0.0,0.0,0.0,0.0,0.0,2019-07-24
16,66,cha066,0.0,0.0,0.0,0.0,0.0,0.0,0.0,0.0,2019-07-24
17,70,cha070,0.0,0.0,0.0,0.0,0.0,0.0,0.0,0.0,2019-07-24
18,71,cha071,0.0,0.0,0.0,0.0,0.0,0.0,0.0,0.0,2019-07-24
19,74,cha074,0.0,0.0,0.0,0.0,0.0,0.0,0.0,0.0,2019-07-24
20,138,cha138,0.0,0.0164,0.0,0.0,0.0164,0.0,0.0,0.0,2019-07-24
21,141,cha141,0.0,0.01458,0.0,0.0,0.01458,0.0,0.0,0.0,2019-07-24
22,142,cha142,0.0,0.0004542,0.0,0.0,0.0004542,0.0,0.0,0.0,2019-07-24
23,146,cha146,0.0,0.003607,0.0,0.0,0.003607,0.0,0.0,0.0,2019-07-24
24,148,cha148,0.0,0.01624,0.0,0.0,0.01624,0.0,0.0,0.0,2019-07-24
25,153,cha153,0.0,0.07109,0.0,0.0,0.07109,0.0,0.0,0.0,2019-07-24
26,155,cha155,0.0,0.06838,0.0,0.0,0.06838,0.0,0.0,0.0,2019-07-24
27,158,cha158,0.0,0.02777,0.0,0.0,0.02777,0.0,0.0,0.0,2019-07-24
28,161,cha161,0.0,0.03837,0.0,0.0,0.03837,0.0,0.0,0.0,2019-07-24
29,162,cha162,0.0,0.0009996,0.0,0.0,0.0009996,0.0,0.0,0.0,2019-07-24
30,165,cha165,0.0,0.024,0.0,0.0,0.024,0.0,0.0,0.0,2019-07-24
31,166,cha166,0.0,0.001764,0.0,0.0,0.001764,0.0,0.0,0.0,2019-07-24
32,167,cha167,0.0,0.03346,0.0,0.0,0.03346,0.0,0.0,0.0,2019-07-24
33,168,cha168,0.0,0.0005456,0.0,0.0,0.0005456,0.0,0.0,0.0,2019-07-24
34,169,cha169,0.0,0.02183,0.0,0.0,0.02183,0.0,0.0,0.0,2019-07-24
35,170,cha170,0.0,0.003829,0.0,0.0,0.003829,0.0,0.0,0.0,2019-07-24
36,171,cha171,0.0,0.002433,0.0,0.0,0.002433,0.0,0.0,0.0,2019-07-24
37,173,cha173,0.0,0.02125,0.0,0.0,0.02125,0.0,0.0,0.0,2019-07-24
1,29,cha029,0.0,0.0,0.0,0.0,0.0,0.0,0.0,0.0,2019-07-25
2,35,cha035,0.0,0.0,0.0,0.0,0.0,0.0,0.0,0.0,2019-07-25
3,37,cha037,0.0,0.0,0.0,0.0,0.0,0.0,0.0,0.0,2019-07-25
4,38,cha038,0.0,0.01662,0.0,0.0,0.01662,0.0,0.0,0.0,2019-07-25
5,39,cha039,0.0,0.0,0.0,0.0,0.0,0.0,0.0,0.0,2019-07-25
6,41,cha041,0.0,0.0,0.0,0.0,0.0,0.0,0.0,0.0,2019-07-25
7,43,cha043,0.0,0.0,0.0,0.0,0.0,0.0,0.0,0.0,2019-07-25
8,44,cha044,0.0,0.0,0.0,0.0,0.0,0.0,0.0,0.0,2019-07-25
9,45,cha045,0.0,0.0,0.0,0.0,0.0,0.0,0.0,0.0,2019-07-25
10,50,cha050,0.0,0.0,0.0,0.0,0.0,0.0,0.0,0.0,2019-07-25
11,51,cha051,0.0,0.0,0.0,0.0,0.0,0.0,0.0,0.0,2019-07-25
12,54,cha054,0.0,0.0,0.0,0.0,0.0,0.0,0.0,0.0,2019-07-25
13,57,cha057,0.0,0.0,0.0,0.0,0.0,0.0,0.0,0.0,2019-07-25
14,59,cha059,0.0,0.0,0.0,0.0,0.0,0.0,0.0,0.0,2019-07-25
15,64,cha064,0.0,0.0,0.0,0.0,0.0,0.0,0.0,0.0,2019-07-25
16,66,cha066,0.0,0.0,0.0,0.0,0.0,0.0,0.0,0.0,2019-07-25
17,70,cha070,0.0,0.0,0.0,0.0,0.0,0.0,0.0,0.0,2019-07-25
18,71,cha071,0.0,0.0,0.0,0.0,0.0,0.0,0.0,0.0,2019-07-25
19,74,cha074,0.0,0.0,0.0,0.0,0.0,0.0,0.0,0.0,2019-07-25
20,138,cha138,0.0,0.01162,0.0,0.0,0.01162,0.0,0.0,0.0,2019-07-25
21,141,cha141,0.0,0.01007,0.0,0.0,0.01007,0.0,0.0,0.0,2019-07-25
22,142,cha142,0.0,0.0003623,0.0,0.0,0.0003623,0.0,0.0,0.0,2019-07-25
23,146,cha146,0.0,0.002469,0.0,0.0,0.002469,0.0,0.0,0.0,2019-07-25
24,148,cha148,0.0,0.01147,0.0,0.0,0.01147,0.0,0.0,0.0,2019-07-25
25,153,cha153,0.0,0.06813,0.0,0.0,0.06813,0.0,0.0,0.0,2019-07-25
26,155,cha155,0.0,0.06736,0.0,0.0,0.06736,0.0,0.0,0.0,2019-07-25
27,158,cha158,0.0,0.02784,0.0,0.0,0.02784,0.0,0.0,0.0,2019-07-25
28,161,cha161,0.0,0.03746,0.0,0.0,0.03746,0.0,0.0,0.0,2019-07-25
29,162,cha162,0.0,0.0007748,0.0,0.0,0.0007748,0.0,0.0,0.0,2019-07-25
30,165,cha165,0.0,0.02479,0.0,0.0,0.02479,0.0,0.0,0.0,2019-07-25
31,166,cha166,0.0,0.001631,0.0,0.0,0.001631,0.0,0.0,0.0,2019-07-25
32,167,cha167,0.0,0.03368,0.0,0.0,0.03368,0.0,0.0,0.0,2019-07-25
33,168,cha168,0.0,0.0005434,0.0,0.0,0.0005434,0.0,0.0,0.0,2019-07-25
34,169,cha169,0.0,0.02263,0.0,0.0,0.02263,0.0,0.0,0.0,2019-07-25
35,170,cha170,0.0,0.00363,0.0,0.0,0.00363,0.0,0.0,0.0,2019-07-25
36,171,cha171,0.0,0.002242,0.0,0.0,0.002242,0.0,0.0,0.0,2019-07-25
37,173,cha173,0.0,0.02206,0.0,0.0,0.02206,0.0,0.0,0.0,2019-07-25
1,29,cha029,0.0,0.0,0.0,0.0,0.0,0.0,0.0,0.0,2019-07-26
2,35,cha035,0.0,0.0,0.0,0.0,0.0,0.0,0.0,0.0,2019-07-26
3,37,cha037,0.0,0.0,0.0,0.0,0.0,0.0,0.0,0.0,2019-07-26
4,38,cha038,0.0,0.01768,0.0,0.0,0.01768,0.0,0.0,0.0,2019-07-26
5,39,cha039,0.0,0.0,0.0,0.0,0.0,0.0,0.0,0.0,2019-07-26
6,41,cha041,0.0,0.0,0.0,0.0,0.0,0.0,0.0,0.0,2019-07-26
7,43,cha043,0.0,0.0,0.0,0.0,0.0,0.0,0.0,0.0,2019-07-26
8,44,cha044,0.0,0.0,0.0,0.0,0.0,0.0,0.0,0.0,2019-07-26
9,45,cha045,0.0,0.0,0.0,0.0,0.0,0.0,0.0,0.0,2019-07-26
10,50,cha050,0.0,0.0,0.0,0.0,0.0,0.0,0.0,0.0,2019-07-26
11,51,cha051,0.0,0.0,0.0,0.0,0.0,0.0,0.0,0.0,2019-07-26
12,54,cha054,0.0,0.0,0.0,0.0,0.0,0.0,0.0,0.0,2019-07-26
13,57,cha057,0.0,0.000898,0.0,0.0,0.000898,0.0,0.0,0.0,2019-07-26
14,59,cha059,0.0,0.0,0.0,0.0,0.0,0.0,0.0,0.0,2019-07-26
15,64,cha064,0.0,0.0,0.0,0.0,0.0,0.0,0.0,0.0,2019-07-26
16,66,cha066,0.0,0.0,0.0,0.0,0.0,0.0,0.0,0.0,2019-07-26
17,70,cha070,0.0,0.0,0.0,0.0,0.0,0.0,0.0,0.0,2019-07-26
18,71,cha071,0.0,0.0,0.0,0.0,0.0,0.0,0.0,0.0,2019-07-26
19,74,cha074,0.0,0.0,0.0,0.0,0.0,0.0,0.0,0.0,2019-07-26
20,138,cha138,0.0,0.008739,0.0,0.0,0.008739,0.0,0.0,0.0,2019-07-26
21,141,cha141,0.0,0.007333,0.0,0.0,0.007333,0.0,0.0,0.0,2019-07-26
22,142,cha142,0.0,0.0003141,0.0,0.0,0.0003141,0.0,0.0,0.0,2019-07-26
23,146,cha146,0.0,0.001841,0.0,0.0,0.001841,0.0,0.0,0.0,2019-07-26
24,148,cha148,0.0,0.008592,0.0,0.0,0.008592,0.0,0.0,0.0,2019-07-26
25,153,cha153,0.0,0.06961,0.0,0.0,0.06961,0.0,0.0,0.0,2019-07-26
26,155,cha155,0.0,0.06798,0.0,0.0,0.06798,0.0,0.0,0.0,2019-07-26
27,158,cha158,0.0,0.02831,0.0,0.0,0.02831,0.0,0.0,0.0,2019-07-26
28,161,cha161,0.0,0.03773,0.0,0.0,0.03773,0.0,0.0,0.0,2019-07-26
29,162,cha162,0.0,0.0006563,0.0,0.0,0.0006563,0.0,0.0,0.0,2019-07-26
30,165,cha165,0.0,0.02566,0.0,0.0,0.02566,0.0,0.0,0.0,2019-07-26
31,166,cha166,0.0,0.001554,0.0,0.0,0.001554,0.0,0.0,0.0,2019-07-26
32,167,cha167,0.0,0.03457,0.0,0.0,0.03457,0.0,0.0,0.0,2019-07-26
33,168,cha168,0.0,0.0005413,0.0,0.0,0.0005413,0.0,0.0,0.0,2019-07-26
34,169,cha169,0.0,0.02351,0.0,0.0,0.02351,0.0,0.0,0.0,2019-07-26
35,170,cha170,0.0,0.003515,0.0,0.0,0.003515,0.0,0.0,0.0,2019-07-26
36,171,cha171,0.0,0.002134,0.0,0.0,0.002134,0.0,0.0,0.0,2019-07-26
37,173,cha173,0.0,0.02294,0.0,0.0,0.02294,0.0,0.0,0.0,2019-07-26
1,29,cha029,0.0,0.0,0.0,0.0,0.0,0.0,0.0,0.0,2019-07-27
2,35,cha035,0.0,0.0,0.0,0.0,0.0,0.0,0.0,0.0,2019-07-27
3,37,cha037,0.0,0.0,0.0,0.0,0.0,0.0,0.0,0.0,2019-07-27
4,38,cha038,0.0,0.01867,0.0,0.0,0.01867,0.0,0.0,0.0,2019-07-27
5,39,cha039,0.0,0.0,0.0,0.0,0.0,0.0,0.0,0.0,2019-07-27
6,41,cha041,0.0,0.0,0.0,0.0,0.0,0.0,0.0,0.0,2019-07-27
7,43,cha043,0.0,0.0,0.0,0.0,0.0,0.0,0.0,0.0,2019-07-27
8,44,cha044,0.0,0.0,0.0,0.0,0.0,0.0,0.0,0.0,2019-07-27
9,45,cha045,0.0,0.0,0.0,0.0,0.0,0.0,0.0,0.0,2019-07-27
10,50,cha050,0.0,0.0,0.0,0.0,0.0,0.0,0.0,0.0,2019-07-27
11,51,cha051,0.0,0.0,0.0,0.0,0.0,0.0,0.0,0.0,2019-07-27
12,54,cha054,0.0,0.0,0.0,0.0,0.0,0.0,0.0,0.0,2019-07-27
13,57,cha057,0.0,0.0,0.0,0.0,0.0,0.0,0.0,0.0,2019-07-27
14,59,cha059,0.0,0.0,0.0,0.0,0.0,0.0,0.0,0.0,2019-07-27
15,64,cha064,0.0,0.0,0.0,0.0,0.0,0.0,0.0,0.0,2019-07-27
16,66,cha066,0.0,0.0,0.0,0.0,0.0,0.0,0.0,0.0,2019-07-27
17,70,cha070,0.0,0.0,0.0,0.0,0.0,0.0,0.0,0.0,2019-07-27
18,71,cha071,0.0,0.0,0.0,0.0,0.0,0.0,0.0,0.0,2019-07-27
19,74,cha074,0.0,0.0,0.0,0.0,0.0,0.0,0.0,0.0,2019-07-27
20,138,cha138,0.0,0.006992,0.0,0.0,0.006992,0.0,0.0,0.0,2019-07-27
21,141,cha141,0.0,0.005669,0.0,0.0,0.005669,0.0,0.0,0.0,2019-07-27
22,142,cha142,0.0,0.0002889,0.0,0.0,0.0002889,0.0,0.0,0.0,2019-07-27
23,146,cha146,0.0,0.001493,0.0,0.0,0.001493,0.0,0.0,0.0,2019-07-27
24,148,cha148,0.0,0.006849,0.0,0.0,0.006849,0.0,0.0,0.0,2019-07-27
25,153,cha153,0.0,0.07003,0.0,0.0,0.07003,0.0,0.0,0.0,2019-07-27
26,155,cha155,0.0,0.06934,0.0,0.0,0.06934,0.0,0.0,0.0,2019-07-27
27,158,cha158,0.0,0.02896,0.0,0.0,0.02896,0.0,0.0,0.0,2019-07-27
28,161,cha161,0.0,0.03856,0.0,0.0,0.03856,0.0,0.0,0.0,2019-07-27
29,162,cha162,0.0,0.0005931,0.0,0.0,0.0005931,0.0,0.0,0.0,2019-07-27
30,165,cha165,0.0,0.02652,0.0,0.0,0.02652,0.0,0.0,0.0,2019-07-27
31,166,cha166,0.0,0.001508,0.0,0.0,0.001508,0.0,0.0,0.0,2019-07-27
32,167,cha167,0.0,0.03575,0.0,0.0,0.03575,0.0,0.0,0.0,2019-07-27
33,168,cha168,0.0,0.0005391,0.0,0.0,0.0005391,0.0,0.0,0.0,2019-07-27
34,169,cha169,0.0,0.02439,0.0,0.0,0.02439,0.0,0.0,0.0,2019-07-27
35,170,cha170,0.0,0.003443,0.0,0.0,0.003443,0.0,0.0,0.0,2019-07-27
36,171,cha171,0.0,0.002071,0.0,0.0,0.002071,0.0,0.0,0.0,2019-07-27
37,173,cha173,0.0,0.02382,0.0,0.0,0.02382,0.0,0.0,0.0,2019-07-27
1,29,cha029,0.0,0.0,0.0,0.0,0.0,0.0,0.0,0.0,2019-07-28
2,35,cha035,0.0,0.0,0.0,0.0,0.0,0.0,0.0,0.0,2019-07-28
3,37,cha037,0.0,0.0,0.0,0.0,0.0,0.0,0.0,0.0,2019-07-28
4,38,cha038,0.0,0.0196,0.0,0.0,0.0196,0.0,0.0,0.0,2019-07-28
5,39,cha039,0.0,0.0,0.0,0.0,0.0,0.0,0.0,0.0,2019-07-28
6,41,cha041,0.0,0.0,0.0,0.0,0.0,0.0,0.0,0.0,2019-07-28
7,43,cha043,0.0,0.0,0.0,0.0,0.0,0.0,0.0,0.0,2019-07-28
8,44,cha044,0.0,0.0,0.0,0.0,0.0,0.0,0.0,0.0,2019-07-28
9,45,cha045,0.0,0.0,0.0,0.0,0.0,0.0,0.0,0.0,2019-07-28
10,50,cha050,0.0,0.0,0.0,0.0,0.0,0.0,0.0,0.0,2019-07-28
11,51,cha051,0.0,0.0,0.0,0.0,0.0,0.0,0.0,0.0,2019-07-28
12,54,cha054,0.0,0.0,0.0,0.0,0.0,0.0,0.0,0.0,2019-07-28
13,57,cha057,0.0,0.0,0.0,0.0,0.0,0.0,0.0,0.0,2019-07-28
14,59,cha059,0.0,0.0,0.0,0.0,0.0,0.0,0.0,0.0,2019-07-28
15,64,cha064,0.0,0.0,0.0,0.0,0.0,0.0,0.0,0.0,2019-07-28
16,66,cha066,0.0,0.0,0.0,0.0,0.0,0.0,0.0,0.0,2019-07-28
17,70,cha070,0.0,0.0,0.0,0.0,0.0,0.0,0.0,0.0,2019-07-28
18,71,cha071,0.0,0.0,0.0,0.0,0.0,0.0,0.0,0.0,2019-07-28
19,74,cha074,0.0,0.0,0.0,0.0,0.0,0.0,0.0,0.0,2019-07-28
20,138,cha138,0.0,0.005924,0.0,0.0,0.005924,0.0,0.0,0.0,2019-07-28
21,141,cha141,0.0,0.004651,0.0,0.0,0.004651,0.0,0.0,0.0,2019-07-28
22,142,cha142,0.0,0.0002754,0.0,0.0,0.0002754,0.0,0.0,0.0,2019-07-28
23,146,cha146,0.0,0.001299,0.0,0.0,0.001299,0.0,0.0,0.0,2019-07-28
24,148,cha148,0.0,0.005786,0.0,0.0,0.005786,0.0,0.0,0.0,2019-07-28
25,153,cha153,0.0,0.1658,0.0,0.0,0.1658,0.0,0.0,0.0,2019-07-28
26,155,cha155,0.0,0.1651,0.0,0.0,0.1651,0.0,0.0,0.0,2019-07-28
27,158,cha158,0.0,0.03326,0.0,0.0,0.03326,0.0,0.0,0.0,2019-07-28
28,161,cha161,0.0,0.07865,0.0,0.0,0.07865,0.0,0.0,0.0,2019-07-28
29,162,cha162,0.0,0.0005585,0.0,0.0,0.0005585,0.0,0.0,0.0,2019-07-28
30,165,cha165,0.0,0.02935,0.0,0.0,0.02935,0.0,0.0,0.0,2019-07-28
31,166,cha166,0.0,0.001479,0.0,0.0,0.001479,0.0,0.0,0.0,2019-07-28
32,167,cha167,0.0,0.04063,0.0,0.0,0.04063,0.0,0.0,0.0,2019-07-28
33,168,cha168,0.0,0.0005365,0.0,0.0,0.0005365,0.0,0.0,0.0,2019-07-28
34,169,cha169,0.0,0.02723,0.0,0.0,0.02723,0.0,0.0,0.0,2019-07-28
35,170,cha170,0.0,0.003395,0.0,0.0,0.003395,0.0,0.0,0.0,2019-07-28
36,171,cha171,0.0,0.002032,0.0,0.0,0.002032,0.0,0.0,0.0,2019-07-28
37,173,cha173,0.0,0.02468,0.0,0.0,0.02468,0.0,0.0,0.0,2019-07-28
1,29,cha029,0.0,0.0,0.0,0.0,0.0,0.0,0.0,0.0,2019-07-29
2,35,cha035,0.0,0.0,0.0,0.0,0.0,0.0,0.0,0.0,2019-07-29
3,37,cha037,0.0,0.0,0.0,0.0,0.0,0.0,0.0,0.0,2019-07-29
4,38,cha038,0.0,0.02047,0.0,0.0,0.02047,0.0,0.0,0.0,2019-07-29
5,39,cha039,0.0,0.0,0.0,0.0,0.0,0.0,0.0,0.0,2019-07-29
6,41,cha041,0.0,0.0,0.0,0.0,0.0,0.0,0.0,0.0,2019-07-29
7,43,cha043,0.0,0.0,0.0,0.0,0.0,0.0,0.0,0.0,2019-07-29
8,44,cha044,0.0,0.0,0.0,0.0,0.0,0.0,0.0,0.0,2019-07-29
9,45,cha045,0.0,0.0,0.0,0.0,0.0,0.0,0.0,0.0,2019-07-29
10,50,cha050,0.0,0.0,0.0,0.0,0.0,0.0,0.0,0.0,2019-07-29
11,51,cha051,0.0,0.0,0.0,0.0,0.0,0.0,0.0,0.0,2019-07-29
12,54,cha054,0.0,0.0,0.0,0.0,0.0,0.0,0.0,0.0,2019-07-29
13,57,cha057,0.0,0.0,0.0,0.0,0.0,0.0,0.0,0.0,2019-07-29
14,59,cha059,0.0,0.0,0.0,0.0,0.0,0.0,0.0,0.0,2019-07-29
15,64,cha064,0.0,0.0,0.0,0.0,0.0,0.0,0.0,0.0,2019-07-29
16,66,cha066,0.0,0.0,0.0,0.0,0.0,0.0,0.0,0.0,2019-07-29
17,70,cha070,0.0,0.0,0.0,0.0,0.0,0.0,0.0,0.0,2019-07-29
18,71,cha071,0.0,0.0,0.0,0.0,0.0,0.0,0.0,0.0,2019-07-29
19,74,cha074,0.0,0.0,0.0,0.0,0.0,0.0,0.0,0.0,2019-07-29
20,138,cha138,0.0,0.005268,0.0,0.0,0.005268,0.0,0.0,0.0,2019-07-29
21,141,cha141,0.0,0.004025,0.0,0.0,0.004025,0.0,0.0,0.0,2019-07-29
22,142,cha142,0.0,0.0002683,0.0,0.0,0.0002683,0.0,0.0,0.0,2019-07-29
23,146,cha146,0.0,0.00119,0.0,0.0,0.00119,0.0,0.0,0.0,2019-07-29
24,148,cha148,0.0,0.005133,0.0,0.0,0.005133,0.0,0.0,0.0,2019-07-29
25,153,cha153,0.0,0.1207,0.0,0.0,0.1207,0.0,0.0,0.0,2019-07-29
26,155,cha155,0.0,0.1201,0.0,0.0,0.1201,0.0,0.0,0.0,2019-07-29
27,158,cha158,0.0,0.03187,0.0,0.0,0.03187,0.0,0.0,0.0,2019-07-29
28,161,cha161,0.0,0.06221,0.0,0.0,0.06221,0.0,0.0,0.0,2019-07-29
29,162,cha162,0.0,0.000539,0.0,0.0,0.000539,0.0,0.0,0.0,2019-07-29
30,165,cha165,0.0,0.02926,0.0,0.0,0.02926,0.0,0.0,0.0,2019-07-29
31,166,cha166,0.0,0.00146,0.0,0.0,0.00146,0.0,0.0,0.0,2019-07-29
32,167,cha167,0.0,0.03979,0.0,0.0,0.03979,0.0,0.0,0.0,2019-07-29
33,168,cha168,0.0,0.0005339,0.0,0.0,0.0005339,0.0,0.0,0.0,2019-07-29
34,169,cha169,0.0,0.02715,0.0,0.0,0.02715,0.0,0.0,0.0,2019-07-29
35,170,cha170,0.0,0.003361,0.0,0.0,0.003361,0.0,0.0,0.0,2019-07-29
36,171,cha171,0.0,0.002007,0.0,0.0,0.002007,0.0,0.0,0.0,2019-07-29
37,173,cha173,0.0,0.0255,0.0,0.0,0.0255,0.0,0.0,0.0,2019-07-29
1,29,cha029,0.0,0.0,0.0,0.0,0.0,0.0,0.0,0.0,2019-07-30
2,35,cha035,0.0,0.0,0.0,0.0,0.0,0.0,0.0,0.0,2019-07-30
3,37,cha037,0.0,0.0,0.0,0.0,0.0,0.0,0.0,0.0,2019-07-30
4,38,cha038,0.0,0.02129,0.0,0.0,0.02129,0.0,0.0,0.0,2019-07-30
5,39,cha039,0.0,0.0,0.0,0.0,0.0,0.0,0.0,0.0,2019-07-30
6,41,cha041,0.0,0.0,0.0,0.0,0.0,0.0,0.0,0.0,2019-07-30
7,43,cha043,0.0,0.0,0.0,0.0,0.0,0.0,0.0,0.0,2019-07-30
8,44,cha044,0.0,0.0,0.0,0.0,0.0,0.0,0.0,0.0,2019-07-30
9,45,cha045,0.0,0.0,0.0,0.0,0.0,0.0,0.0,0.0,2019-07-30
10,50,cha050,0.0,0.0,0.0,0.0,0.0,0.0,0.0,0.0,2019-07-30
11,51,cha051,0.0,0.0,0.0,0.0,0.0,0.0,0.0,0.0,2019-07-30
12,54,cha054,0.0,0.0,0.0,0.0,0.0,0.0,0.0,0.0,2019-07-30
13,57,cha057,0.0,0.0,0.0,0.0,0.0,0.0,0.0,0.0,2019-07-30
14,59,cha059,0.0,0.0,0.0,0.0,0.0,0.0,0.0,0.0,2019-07-30
15,64,cha064,0.0,0.001366,0.0,0.0,0.001366,0.0,0.0,0.0,2019-07-30
16,66,cha066,0.0,0.0,0.0,0.0,0.0,0.0,0.0,0.0,2019-07-30
17,70,cha070,0.0,0.0,0.0,0.0,0.0,0.0,0.0,0.0,2019-07-30
18,71,cha071,0.0,0.0,0.0,0.0,0.0,0.0,0.0,0.0,2019-07-30
19,74,cha074,0.0,0.0,0.0,0.0,0.0,0.0,0.0,0.0,2019-07-30
20,138,cha138,0.0,0.006226,0.0,0.0,0.006226,0.0,0.0,0.0,2019-07-30
21,141,cha141,0.0,0.003637,0.0,0.0,0.003637,0.0,0.0,0.0,2019-07-30
22,142,cha142,0.0,0.0002645,0.0,0.0,0.0002645,0.0,0.0,0.0,2019-07-30
23,146,cha146,0.0,0.001129,0.0,0.0,0.001129,0.0,0.0,0.0,2019-07-30
24,148,cha148,0.0,0.00473,0.0,0.0,0.00473,0.0,0.0,0.0,2019-07-30
25,153,cha153,0.0,0.09926,0.0,0.0,0.09926,0.0,0.0,0.0,2019-07-30
26,155,cha155,0.0,0.09866,0.0,0.0,0.09866,0.0,0.0,0.0,2019-07-30
27,158,cha158,0.0,0.0318,0.0,0.0,0.0318,0.0,0.0,0.0,2019-07-30
28,161,cha161,0.0,0.05387,0.0,0.0,0.05387,0.0,0.0,0.0,2019-07-30
29,162,cha162,0.0,0.0005274,0.0,0.0,0.0005274,0.0,0.0,0.0,2019-07-30
30,165,cha165,0.0,0.02953,0.0,0.0,0.02953,0.0,0.0,0.0,2019-07-30
31,166,cha166,0.0,0.001446,0.0,0.0,0.001446,0.0,0.0,0.0,2019-07-30
32,167,cha167,0.0,0.04024,0.0,0.0,0.04024,0.0,0.0,0.0,2019-07-30
33,168,cha168,0.0,0.0005312,0.0,0.0,0.0005312,0.0,0.0,0.0,2019-07-30
34,169,cha169,0.0,0.02743,0.0,0.0,0.02743,0.0,0.0,0.0,2019-07-30
35,170,cha170,0.0,0.003335,0.0,0.0,0.003335,0.0,0.0,0.0,2019-07-30
36,171,cha171,0.0,0.001989,0.0,0.0,0.001989,0.0,0.0,0.0,2019-07-30
37,173,cha173,0.0,0.02628,0.0,0.0,0.02628,0.0,0.0,0.0,2019-07-30
1,29,cha029,0.0,0.0,0.0,0.0,0.0,0.0,0.0,0.0,2019-07-31
2,35,cha035,0.0,0.0,0.0,0.0,0.0,0.0,0.0,0.0,2019-07-31
3,37,cha037,0.0,0.0,0.0,0.0,0.0,0.0,0.0,0.0,2019-07-31
4,38,cha038,0.0,0.02205,0.0,0.0,0.02205,0.0,0.0,0.0,2019-07-31
5,39,cha039,0.0,0.0,0.0,0.0,0.0,0.0,0.0,0.0,2019-07-31
6,41,cha041,0.0,0.0,0.0,0.0,0.0,0.0,0.0,0.0,2019-07-31
7,43,cha043,0.0,0.0,0.0,0.0,0.0,0.0,0.0,0.0,2019-07-31
8,44,cha044,0.0,0.0,0.0,0.0,0.0,0.0,0.0,0.0,2019-07-31
9,45,cha045,0.0,0.0,0.0,0.0,0.0,0.0,0.0,0.0,2019-07-31
10,50,cha050,0.0,0.0,0.0,0.0,0.0,0.0,0.0,0.0,2019-07-31
11,51,cha051,0.0,0.0,0.0,0.0,0.0,0.0,0.0,0.0,2019-07-31
12,54,cha054,0.0,0.0,0.0,0.0,0.0,0.0,0.0,0.0,2019-07-31
13,57,cha057,0.0,0.0,0.0,0.0,0.0,0.0,0.0,0.0,2019-07-31
14,59,cha059,0.0,0.0,0.0,0.0,0.0,0.0,0.0,0.0,2019-07-31
15,64,cha064,0.0,0.002622,0.0,0.0,0.002622,0.0,0.0,0.0,2019-07-31
16,66,cha066,0.0,0.0,0.0,0.0,0.0,0.0,0.0,0.0,2019-07-31
17,70,cha070,0.0,0.0,0.0,0.0,0.0,0.0,0.0,0.0,2019-07-31
18,71,cha071,0.0,0.0,0.0,0.0,0.0,0.0,0.0,0.0,2019-07-31
19,74,cha074,0.0,0.0,0.0,0.0,0.0,0.0,0.0,0.0,2019-07-31
20,138,cha138,0.0,0.007225,0.0,0.0,0.007225,0.0,0.0,0.0,2019-07-31
21,141,cha141,0.0,0.003395,0.0,0.0,0.003395,0.0,0.0,0.0,2019-07-31
22,142,cha142,0.0,0.0002625,0.0,0.0,0.0002625,0.0,0.0,0.0,2019-07-31
23,146,cha146,0.0,0.001093,0.0,0.0,0.001093,0.0,0.0,0.0,2019-07-31
24,148,cha148,0.0,0.004477,0.0,0.0,0.004477,0.0,0.0,0.0,2019-07-31
25,153,cha153,0.0,0.08919,0.0,0.0,0.08919,0.0,0.0,0.0,2019-07-31
26,155,cha155,0.0,0.08863,0.0,0.0,0.08863,0.0,0.0,0.0,2019-07-31
27,158,cha158,0.0,0.03214,0.0,0.0,0.03214,0.0,0.0,0.0,2019-07-31
28,161,cha161,0.0,0.04974,0.0,0.0,0.04974,0.0,0.0,0.0,2019-07-31
29,162,cha162,0.0,0.0005198,0.0,0.0,0.0005198,0.0,0.0,0.0,2019-07-31
30,165,cha165,0.0,0.02997,0.0,0.0,0.02997,0.0,0.0,0.0,2019-07-31
31,166,cha166,0.0,0.001436,0.0,0.0,0.001436,0.0,0.0,0.0,2019-07-31
32,167,cha167,0.0,0.04106,0.0,0.0,0.04106,0.0,0.0,0.0,2019-07-31
33,168,cha168,0.0,0.0005285,0.0,0.0,0.0005285,0.0,0.0,0.0,2019-07-31
34,169,cha169,0.0,0.02788,0.0,0.0,0.02788,0.0,0.0,0.0,2019-07-31
35,170,cha170,0.0,0.003313,0.0,0.0,0.003313,0.0,0.0,0.0,2019-07-31
36,171,cha171,0.0,0.001975,0.0,0.0,0.001975,0.0,0.0,0.0,2019-07-31
37,173,cha173,0.0,0.02701,0.0,0.0,0.02701,0.0,0.0,0.0,2019-07-31
1,29,cha029,0.0,0.0,0.0,0.0,0.0,0.0,0.0,0.0,2019-08-01
2,35,cha035,0.0,0.0,0.0,0.0,0.0,0.0,0.0,0.0,2019-08-01
3,37,cha037,0.0,0.0,0.0,0.0,0.0,0.0,0.0,0.0,2019-08-01
4,38,cha038,0.0,0.02276,0.0,0.0,0.02276,0.0,0.0,0.0,2019-08-01
5,39,cha039,0.0,0.0,0.0,0.0,0.0,0.0,0.0,0.0,2019-08-01
6,41,cha041,0.0,0.0,0.0,0.0,0.0,0.0,0.0,0.0,2019-08-01
7,43,cha043,0.0,0.0,0.0,0.0,0.0,0.0,0.0,0.0,2019-08-01
8,44,cha044,0.0,0.0,0.0,0.0,0.0,0.0,0.0,0.0,2019-08-01
9,45,cha045,0.0,0.0,0.0,0.0,0.0,0.0,0.0,0.0,2019-08-01
10,50,cha050,0.0,0.0,0.0,0.0,0.0,0.0,0.0,0.0,2019-08-01
11,51,cha051,0.0,0.0,0.0,0.0,0.0,0.0,0.0,0.0,2019-08-01
12,54,cha054,0.0,0.0,0.0,0.0,0.0,0.0,0.0,0.0,2019-08-01
13,57,cha057,0.0,0.0,0.0,0.0,0.0,0.0,0.0,0.0,2019-08-01
14,59,cha059,0.0,0.0,0.0,0.0,0.0,0.0,0.0,0.0,2019-08-01
15,64,cha064,0.0,0.003774,0.0,0.0,0.003774,0.0,0.0,0.0,2019-08-01
16,66,cha066,0.0,0.0,0.0,0.0,0.0,0.0,0.0,0.0,2019-08-01
17,70,cha070,0.0,0.0,0.0,0.0,0.0,0.0,0.0,0.0,2019-08-01
18,71,cha071,0.0,0.0,0.0,0.0,0.0,0.0,0.0,0.0,2019-08-01
19,74,cha074,0.0,0.0,0.0,0.0,0.0,0.0,0.0,0.0,2019-08-01
20,138,cha138,0.0,0.008211,0.0,0.0,0.008211,0.0,0.0,0.0,2019-08-01
21,141,cha141,0.0,0.00324,0.0,0.0,0.00324,0.0,0.0,0.0,2019-08-01
22,142,cha142,0.0,0.0002613,0.0,0.0,0.0002613,0.0,0.0,0.0,2019-08-01
23,146,cha146,0.0,0.001073,0.0,0.0,0.001073,0.0,0.0,0.0,2019-08-01
24,148,cha148,0.0,0.004315,0.0,0.0,0.004315,0.0,0.0,0.0,2019-08-01
25,153,cha153,0.0,0.08472,0.0,0.0,0.08472,0.0,0.0,0.0,2019-08-01
26,155,cha155,0.0,0.08418,0.0,0.0,0.08418,0.0,0.0,0.0,2019-08-01
27,158,cha158,0.0,0.03261,0.0,0.0,0.03261,0.0,0.0,0.0,2019-08-01
28,161,cha161,0.0,0.04784,0.0,0.0,0.04784,0.0,0.0,0.0,2019-08-01
29,162,cha162,0.0,0.0005144,0.0,0.0,0.0005144,0.0,0.0,0.0,2019-08-01
30,165,cha165,0.0,0.03048,0.0,0.0,0.03048,0.0,0.0,0.0,2019-08-01
31,166,cha166,0.0,0.001427,0.0,0.0,0.001427,0.0,0.0,0.0,2019-08-01
32,167,cha167,0.0,0.04197,0.0,0.0,0.04197,0.0,0.0,0.0,2019-08-01
33,168,cha168,0.0,0.0005258,0.0,0.0,0.0005258,0.0,0.0,0.0,2019-08-01
34,169,cha169,0.0,0.02839,0.0,0.0,0.02839,0.0,0.0,0.0,2019-08-01
35,170,cha170,0.0,0.003293,0.0,0.0,0.003293,0.0,0.0,0.0,2019-08-01
36,171,cha171,0.0,0.001963,0.0,0.0,0.001963,0.0,0.0,0.0,2019-08-01
37,173,cha173,0.0,0.02768,0.0,0.0,0.02768,0.0,0.0,0.0,2019-08-01
1,29,cha029,0.0,0.0,0.0,0.0,0.0,0.0,0.0,0.0,2019-08-02
2,35,cha035,0.0,0.0,0.0,0.0,0.0,0.0,0.0,0.0,2019-08-02
3,37,cha037,0.0,0.0,0.0,0.0,0.0,0.0,0.0,0.0,2019-08-02
4,38,cha038,0.0,0.02341,0.0,0.0,0.02341,0.0,0.0,0.0,2019-08-02
5,39,cha039,0.0,0.0,0.0,0.0,0.0,0.0,0.0,0.0,2019-08-02
6,41,cha041,0.0,0.0,0.0,0.0,0.0,0.0,0.0,0.0,2019-08-02
7,43,cha043,0.0,0.0,0.0,0.0,0.0,0.0,0.0,0.0,2019-08-02
8,44,cha044,0.0,0.0,0.0,0.0,0.0,0.0,0.0,0.0,2019-08-02
9,45,cha045,0.0,0.0,0.0,0.0,0.0,0.0,0.0,0.0,2019-08-02
10,50,cha050,0.0,0.0,0.0,0.0,0.0,0.0,0.0,0.0,2019-08-02
11,51,cha051,0.0,0.0,0.0,0.0,0.0,0.0,0.0,0.0,2019-08-02
12,54,cha054,0.0,0.0,0.0,0.0,0.0,0.0,0.0,0.0,2019-08-02
13,57,cha057,0.0,0.0,0.0,0.0,0.0,0.0,0.0,0.0,2019-08-02
14,59,cha059,0.0,0.0,0.0,0.0,0.0,0.0,0.0,0.0,2019-08-02
15,64,cha064,0.0,0.0,0.0,0.0,0.0,0.0,0.0,0.0,2019-08-02
16,66,cha066,0.0,0.0,0.0,0.0,0.0,0.0,0.0,0.0,2019-08-02
17,70,cha070,0.0,0.0,0.0,0.0,0.0,0.0,0.0,0.0,2019-08-02
18,71,cha071,0.0,0.0,0.0,0.0,0.0,0.0,0.0,0.0,2019-08-02
19,74,cha074,0.0,0.0,0.0,0.0,0.0,0.0,0.0,0.0,2019-08-02
20,138,cha138,0.0,0.004327,0.0,0.0,0.004327,0.0,0.0,0.0,2019-08-02
21,141,cha141,0.0,0.00314,0.0,0.0,0.00314,0.0,0.0,0.0,2019-08-02
22,142,cha142,0.0,0.0002605,0.0,0.0,0.0002605,0.0,0.0,0.0,2019-08-02
23,146,cha146,0.0,0.00106,0.0,0.0,0.00106,0.0,0.0,0.0,2019-08-02
24,148,cha148,0.0,0.004209,0.0,0.0,0.004209,0.0,0.0,0.0,2019-08-02
25,153,cha153,0.0,0.083,0.0,0.0,0.083,0.0,0.0,0.0,2019-08-02
26,155,cha155,0.0,0.08249,0.0,0.0,0.08249,0.0,0.0,0.0,2019-08-02
27,158,cha158,0.0,0.03311,0.0,0.0,0.03311,0.0,0.0,0.0,2019-08-02
28,161,cha161,0.0,0.04715,0.0,0.0,0.04715,0.0,0.0,0.0,2019-08-02
29,162,cha162,0.0,0.0005099,0.0,0.0,0.0005099,0.0,0.0,0.0,2019-08-02
30,165,cha165,0.0,0.031,0.0,0.0,0.031,0.0,0.0,0.0,2019-08-02
31,166,cha166,0.0,0.001418,0.0,0.0,0.001418,0.0,0.0,0.0,2019-08-02
32,167,cha167,0.0,0.04285,0.0,0.0,0.04285,0.0,0.0,0.0,2019-08-02
33,168,cha168,0.0,0.0005227,0.0,0.0,0.0005227,0.0,0.0,0.0,2019-08-02
34,169,cha169,0.0,0.02892,0.0,0.0,0.02892,0.0,0.0,0.0,2019-08-02
35,170,cha170,0.0,0.003273,0.0,0.0,0.003273,0.0,0.0,0.0,2019-08-02
36,171,cha171,0.0,0.001952,0.0,0.0,0.001952,0.0,0.0,0.0,2019-08-02
37,173,cha173,0.0,0.0283,0.0,0.0,0.0283,0.0,0.0,0.0,2019-08-02
1,29,cha029,0.0,0.0,0.0,0.0,0.0,0.0,0.0,0.0,2019-08-03
2,35,cha035,0.0,0.0,0.0,0.0,0.0,0.0,0.0,0.0,2019-08-03
3,37,cha037,0.0,0.0,0.0,0.0,0.0,0.0,0.0,0.0,2019-08-03
4,38,cha038,0.0,0.02401,0.0,0.0,0.02401,0.0,0.0,0.0,2019-08-03
5,39,cha039,0.0,0.0,0.0,0.0,0.0,0.0,0.0,0.0,2019-08-03
6,41,cha041,0.0,0.0,0.0,0.0,0.0,0.0,0.0,0.0,2019-08-03
7,43,cha043,0.0,0.0,0.0,0.0,0.0,0.0,0.0,0.0,2019-08-03
8,44,cha044,0.0,0.0,0.0,0.0,0.0,0.0,0.0,0.0,2019-08-03
9,45,cha045,0.0,0.0,0.0,0.0,0.0,0.0,0.0,0.0,2019-08-03
10,50,cha050,0.0,0.0,0.0,0.0,0.0,0.0,0.0,0.0,2019-08-03
11,51,cha051,0.0,0.0,0.0,0.0,0.0,0.0,0.0,0.0,2019-08-03
12,54,cha054,0.0,0.0,0.0,0.0,0.0,0.0,0.0,0.0,2019-08-03
13,57,cha057,0.0,0.0,0.0,0.0,0.0,0.0,0.0,0.0,2019-08-03
14,59,cha059,0.0,0.0,0.0,0.0,0.0,0.0,0.0,0.0,2019-08-03
15,64,cha064,0.0,0.0,0.0,0.0,0.0,0.0,0.0,0.0,2019-08-03
16,66,cha066,0.0,0.0,0.0,0.0,0.0,0.0,0.0,0.0,2019-08-03
17,70,cha070,0.0,0.0,0.0,0.0,0.0,0.0,0.0,0.0,2019-08-03
18,71,cha071,0.0,0.0,0.0,0.0,0.0,0.0,0.0,0.0,2019-08-03
19,74,cha074,0.0,0.0,0.0,0.0,0.0,0.0,0.0,0.0,2019-08-03
20,138,cha138,0.0,0.004249,0.0,0.0,0.004249,0.0,0.0,0.0,2019-08-03
21,141,cha141,0.0,0.003072,0.0,0.0,0.003072,0.0,0.0,0.0,2019-08-03
22,142,cha142,0.0,0.0002598,0.0,0.0,0.0002598,0.0,0.0,0.0,2019-08-03
23,146,cha146,0.0,0.001051,0.0,0.0,0.001051,0.0,0.0,0.0,2019-08-03
24,148,cha148,0.0,0.004135,0.0,0.0,0.004135,0.0,0.0,0.0,2019-08-03
25,153,cha153,0.0,0.08242,0.0,0.0,0.08242,0.0,0.0,0.0,2019-08-03
26,155,cha155,0.0,0.08193,0.0,0.0,0.08193,0.0,0.0,0.0,2019-08-03
27,158,cha158,0.0,0.03359,0.0,0.0,0.03359,0.0,0.0,0.0,2019-08-03
28,161,cha161,0.0,0.04687,0.0,0.0,0.04687,0.0,0.0,0.0,2019-08-03
29,162,cha162,0.0,0.0005058,0.0,0.0,0.0005058,0.0,0.0,0.0,2019-08-03
30,165,cha165,0.0,0.0315,0.0,0.0,0.0315,0.0,0.0,0.0,2019-08-03
31,166,cha166,0.0,0.001408,0.0,0.0,0.001408,0.0,0.0,0.0,2019-08-03
32,167,cha167,0.0,0.04347,0.0,0.0,0.04347,0.0,0.0,0.0,2019-08-03
33,168,cha168,0.0,0.0005194,0.0,0.0,0.0005194,0.0,0.0,0.0,2019-08-03
34,169,cha169,0.0,0.02944,0.0,0.0,0.02944,0.0,0.0,0.0,2019-08-03
35,170,cha170,0.0,0.003252,0.0,0.0,0.003252,0.0,0.0,0.0,2019-08-03
36,171,cha171,0.0,0.00194,0.0,0.0,0.00194,0.0,0.0,0.0,2019-08-03
37,173,cha173,0.0,0.02887,0.0,0.0,0.02887,0.0,0.0,0.0,2019-08-03
1,29,cha029,0.0,0.0,0.0,0.0,0.0,0.0,0.0,0.0,2019-08-04
2,35,cha035,0.0,0.0,0.0,0.0,0.0,0.0,0.0,0.0,2019-08-04
3,37,cha037,0.0,0.0,0.0,0.0,0.0,0.0,0.0,0.0,2019-08-04
4,38,cha038,0.0,0.02456,0.0,0.0,0.02456,0.0,0.0,0.0,2019-08-04
5,39,cha039,0.0,0.0,0.0,0.0,0.0,0.0,0.0,0.0,2019-08-04
6,41,cha041,0.0,0.0,0.0,0.0,0.0,0.0,0.0,0.0,2019-08-04
7,43,cha043,0.0,0.0,0.0,0.0,0.0,0.0,0.0,0.0,2019-08-04
8,44,cha044,0.0,0.0,0.0,0.0,0.0,0.0,0.0,0.0,2019-08-04
9,45,cha045,0.0,0.0,0.0,0.0,0.0,0.0,0.0,0.0,2019-08-04
10,50,cha050,0.0,0.0,0.0,0.0,0.0,0.0,0.0,0.0,2019-08-04
11,51,cha051,0.0,0.0,0.0,0.0,0.0,0.0,0.0,0.0,2019-08-04
12,54,cha054,0.0,0.0,0.0,0.0,0.0,0.0,0.0,0.0,2019-08-04
13,57,cha057,0.0,0.0,0.0,0.0,0.0,0.0,0.0,0.0,2019-08-04
14,59,cha059,0.0,0.0,0.0,0.0,0.0,0.0,0.0,0.0,2019-08-04
15,64,cha064,0.0,0.0,0.0,0.0,0.0,0.0,0.0,0.0,2019-08-04
16,66,cha066,0.0,0.0,0.0,0.0,0.0,0.0,0.0,0.0,2019-08-04
17,70,cha070,0.0,0.0,0.0,0.0,0.0,0.0,0.0,0.0,2019-08-04
18,71,cha071,0.0,0.0,0.0,0.0,0.0,0.0,0.0,0.0,2019-08-04
19,74,cha074,0.0,0.0,0.0,0.0,0.0,0.0,0.0,0.0,2019-08-04
20,138,cha138,0.0,0.004189,0.0,0.0,0.004189,0.0,0.0,0.0,2019-08-04
21,141,cha141,0.0,0.003021,0.0,0.0,0.003021,0.0,0.0,0.0,2019-08-04
22,142,cha142,0.0,0.000259,0.0,0.0,0.000259,0.0,0.0,0.0,2019-08-04
23,146,cha146,0.0,0.001044,0.0,0.0,0.001044,0.0,0.0,0.0,2019-08-04
24,148,cha148,0.0,0.004079,0.0,0.0,0.004079,0.0,0.0,0.0,2019-08-04
25,153,cha153,0.0,0.07329,0.0,0.0,0.07329,0.0,0.0,0.0,2019-08-04
26,155,cha155,0.0,0.07283,0.0,0.0,0.07283,0.0,0.0,0.0,2019-08-04
27,158,cha158,0.0,0.03404,0.0,0.0,0.03404,0.0,0.0,0.0,2019-08-04
28,161,cha161,0.0,0.03772,0.0,0.0,0.03772,0.0,0.0,0.0,2019-08-04
29,162,cha162,0.0,0.0005015,0.0,0.0,0.0005015,0.0,0.0,0.0,2019-08-04
30,165,cha165,0.0,0.03197,0.0,0.0,0.03197,0.0,0.0,0.0,2019-08-04
31,166,cha166,0.0,0.001399,0.0,0.0,0.001399,0.0,0.0,0.0,2019-08-04
32,167,cha167,0.0,0.03484,0.0,0.0,0.03484,0.0,0.0,0.0,2019-08-04
33,168,cha168,0.0,0.0005157,0.0,0.0,0.0005157,0.0,0.0,0.0,2019-08-04
34,169,cha169,0.0,0.02992,0.0,0.0,0.02992,0.0,0.0,0.0,2019-08-04
35,170,cha170,0.0,0.003232,0.0,0.0,0.003232,0.0,0.0,0.0,2019-08-04
36,171,cha171,0.0,0.001928,0.0,0.0,0.001928,0.0,0.0,0.0,2019-08-04
37,173,cha173,0.0,0.02939,0.0,0.0,0.02939,0.0,0.0,0.0,2019-08-04
1,29,cha029,0.0,0.0,0.0,0.0,0.0,0.0,0.0,0.0,2019-08-05
2,35,cha035,0.0,0.0,0.0,0.0,0.0,0.0,0.0,0.0,2019-08-05
3,37,cha037,0.0,0.0,0.0,0.0,0.0,0.0,0.0,0.0,2019-08-05
4,38,cha038,0.0,0.02508,0.0,0.0,0.02508,0.0,0.0,0.0,2019-08-05
5,39,cha039,0.0,0.0,0.0,0.0,0.0,0.0,0.0,0.0,2019-08-05
6,41,cha041,0.0,0.0,0.0,0.0,0.0,0.0,0.0,0.0,2019-08-05
7,43,cha043,0.0,0.0,0.0,0.0,0.0,0.0,0.0,0.0,2019-08-05
8,44,cha044,0.0,0.0,0.0,0.0,0.0,0.0,0.0,0.0,2019-08-05
9,45,cha045,0.0,0.0,0.0,0.0,0.0,0.0,0.0,0.0,2019-08-05
10,50,cha050,0.0,0.0,0.0,0.0,0.0,0.0,0.0,0.0,2019-08-05
11,51,cha051,0.0,0.0,0.0,0.0,0.0,0.0,0.0,0.0,2019-08-05
12,54,cha054,0.0,0.0,0.0,0.0,0.0,0.0,0.0,0.0,2019-08-05
13,57,cha057,0.0,0.0,0.0,0.0,0.0,0.0,0.0,0.0,2019-08-05
14,59,cha059,0.0,0.0,0.0,0.0,0.0,0.0,0.0,0.0,2019-08-05
15,64,cha064,0.0,0.0,0.0,0.0,0.0,0.0,0.0,0.0,2019-08-05
16,66,cha066,0.0,0.0,0.0,0.0,0.0,0.0,0.0,0.0,2019-08-05
17,70,cha070,0.0,0.0,0.0,0.0,0.0,0.0,0.0,0.0,2019-08-05
18,71,cha071,0.0,0.0,0.0,0.0,0.0,0.0,0.0,0.0,2019-08-05
19,74,cha074,0.0,0.0,0.0,0.0,0.0,0.0,0.0,0.0,2019-08-05
20,138,cha138,0.0,0.00414,0.0,0.0,0.00414,0.0,0.0,0.0,2019-08-05
21,141,cha141,0.0,0.002982,0.0,0.0,0.002982,0.0,0.0,0.0,2019-08-05
22,142,cha142,0.0,0.0002582,0.0,0.0,0.0002582,0.0,0.0,0.0,2019-08-05
23,146,cha146,0.0,0.001038,0.0,0.0,0.001038,0.0,0.0,0.0,2019-08-05
24,148,cha148,0.0,0.004034,0.0,0.0,0.004034,0.0,0.0,0.0,2019-08-05
25,153,cha153,0.0,0.07357,0.0,0.0,0.07357,0.0,0.0,0.0,2019-08-05
26,155,cha155,0.0,0.07313,0.0,0.0,0.07313,0.0,0.0,0.0,2019-08-05
27,158,cha158,0.0,0.03448,0.0,0.0,0.03448,0.0,0.0,0.0,2019-08-05
28,161,cha161,0.0,0.03785,0.0,0.0,0.03785,0.0,0.0,0.0,2019-08-05
29,162,cha162,0.0,0.0004972,0.0,0.0,0.0004972,0.0,0.0,0.0,2019-08-05
30,165,cha165,0.0,0.03242,0.0,0.0,0.03242,0.0,0.0,0.0,2019-08-05
31,166,cha166,0.0,0.00139,0.0,0.0,0.00139,0.0,0.0,0.0,2019-08-05
32,167,cha167,0.0,0.03527,0.0,0.0,0.03527,0.0,0.0,0.0,2019-08-05
33,168,cha168,0.0,0.0005119,0.0,0.0,0.0005119,0.0,0.0,0.0,2019-08-05
34,169,cha169,0.0,0.03039,0.0,0.0,0.03039,0.0,0.0,0.0,2019-08-05
35,170,cha170,0.0,0.003211,0.0,0.0,0.003211,0.0,0.0,0.0,2019-08-05
36,171,cha171,0.0,0.001916,0.0,0.0,0.001916,0.0,0.0,0.0,2019-08-05
37,173,cha173,0.0,0.02988,0.0,0.0,0.02988,0.0,0.0,0.0,2019-08-05
1,29,cha029,0.0,0.0,0.0,0.0,0.0,0.0,0.0,0.0,2019-08-06
2,35,cha035,0.0,0.0,0.0,0.0,0.0,0.0,0.0,0.0,2019-08-06
3,37,cha037,0.0,0.0,0.0,0.0,0.0,0.0,0.0,0.0,2019-08-06
4,38,cha038,0.0,0.02558,0.0,0.0,0.02558,0.0,0.0,0.0,2019-08-06
5,39,cha039,0.0,0.0,0.0,0.0,0.0,0.0,0.0,0.0,2019-08-06
6,41,cha041,0.0,0.0,0.0,0.0,0.0,0.0,0.0,0.0,2019-08-06
7,43,cha043,0.0,0.0,0.0,0.0,0.0,0.0,0.0,0.0,2019-08-06
8,44,cha044,0.0,0.0,0.0,0.0,0.0,0.0,0.0,0.0,2019-08-06
9,45,cha045,0.0,0.0,0.0,0.0,0.0,0.0,0.0,0.0,2019-08-06
10,50,cha050,0.0,0.0,0.0,0.0,0.0,0.0,0.0,0.0,2019-08-06
11,51,cha051,0.0,0.0,0.0,0.0,0.0,0.0,0.0,0.0,2019-08-06
12,54,cha054,0.0,0.0,0.0,0.0,0.0,0.0,0.0,0.0,2019-08-06
13,57,cha057,0.0,0.0,0.0,0.0,0.0,0.0,0.0,0.0,2019-08-06
14,59,cha059,0.0,0.0,0.0,0.0,0.0,0.0,0.0,0.0,2019-08-06
15,64,cha064,0.0,0.0,0.0,0.0,0.0,0.0,0.0,0.0,2019-08-06
16,66,cha066,0.0,0.0,0.0,0.0,0.0,0.0,0.0,0.0,2019-08-06
17,70,cha070,0.0,0.0,0.0,0.0,0.0,0.0,0.0,0.0,2019-08-06
18,71,cha071,0.0,0.0,0.0,0.0,0.0,0.0,0.0,0.0,2019-08-06
19,74,cha074,0.0,0.0,0.0,0.0,0.0,0.0,0.0,0.0,2019-08-06
20,138,cha138,0.0,0.004099,0.0,0.0,0.004099,0.0,0.0,0.0,2019-08-06
21,141,cha141,0.0,0.00295,0.0,0.0,0.00295,0.0,0.0,0.0,2019-08-06
22,142,cha142,0.0,0.0002574,0.0,0.0,0.0002574,0.0,0.0,0.0,2019-08-06
23,146,cha146,0.0,0.001033,0.0,0.0,0.001033,0.0,0.0,0.0,2019-08-06
24,148,cha148,0.0,0.003997,0.0,0.0,0.003997,0.0,0.0,0.0,2019-08-06
25,153,cha153,0.0,0.07401,0.0,0.0,0.07401,0.0,0.0,0.0,2019-08-06
26,155,cha155,0.0,0.07359,0.0,0.0,0.07359,0.0,0.0,0.0,2019-08-06
27,158,cha158,0.0,0.0349,0.0,0.0,0.0349,0.0,0.0,0.0,2019-08-06
28,161,cha161,0.0,0.03808,0.0,0.0,0.03808,0.0,0.0,0.0,2019-08-06
29,162,cha162,0.0,0.000493,0.0,0.0,0.000493,0.0,0.0,0.0,2019-08-06
30,165,cha165,0.0,0.03286,0.0,0.0,0.03286,0.0,0.0,0.0,2019-08-06
31,166,cha166,0.0,0.001382,0.0,0.0,0.001382,0.0,0.0,0.0,2019-08-06
32,167,cha167,0.0,0.03568,0.0,0.0,0.03568,0.0,0.0,0.0,2019-08-06
33,168,cha168,0.0,0.000508,0.0,0.0,0.000508,0.0,0.0,0.0,2019-08-06
34,169,cha169,0.0,0.03084,0.0,0.0,0.03084,0.0,0.0,0.0,2019-08-06
35,170,cha170,0.0,0.003191,0.0,0.0,0.003191,0.0,0.0,0.0,2019-08-06
36,171,cha171,0.0,0.001905,0.0,0.0,0.001905,0.0,0.0,0.0,2019-08-06
37,173,cha173,0.0,0.03034,0.0,0.0,0.03034,0.0,0.0,0.0,2019-08-06
1,29,cha029,0.0,0.0,0.0,0.0,0.0,0.0,0.0,0.0,2019-08-07
2,35,cha035,0.0,0.0,0.0,0.0,0.0,0.0,0.0,0.0,2019-08-07
3,37,cha037,0.0,0.0,0.0,0.0,0.0,0.0,0.0,0.0,2019-08-07
4,38,cha038,0.0,0.02604,0.0,0.0,0.02604,0.0,0.0,0.0,2019-08-07
5,39,cha039,0.0,0.0,0.0,0.0,0.0,0.0,0.0,0.0,2019-08-07
6,41,cha041,0.0,0.0,0.0,0.0,0.0,0.0,0.0,0.0,2019-08-07
7,43,cha043,0.0,0.0,0.0,0.0,0.0,0.0,0.0,0.0,2019-08-07
8,44,cha044,0.0,0.0,0.0,0.0,0.0,0.0,0.0,0.0,2019-08-07
9,45,cha045,0.0,0.0,0.0,0.0,0.0,0.0,0.0,0.0,2019-08-07
10,50,cha050,0.0,0.0,0.0,0.0,0.0,0.0,0.0,0.0,2019-08-07
11,51,cha051,0.0,0.0,0.0,0.0,0.0,0.0,0.0,0.0,2019-08-07
12,54,cha054,0.0,0.0,0.0,0.0,0.0,0.0,0.0,0.0,2019-08-07
13,57,cha057,0.0,0.0,0.0,0.0,0.0,0.0,0.0,0.0,2019-08-07
14,59,cha059,0.0,0.0,0.0,0.0,0.0,0.0,0.0,0.0,2019-08-07
15,64,cha064,0.0,0.0,0.0,0.0,0.0,0.0,0.0,0.0,2019-08-07
16,66,cha066,0.0,0.0,0.0,0.0,0.0,0.0,0.0,0.0,2019-08-07
17,70,cha070,0.0,0.0,0.0,0.0,0.0,0.0,0.0,0.0,2019-08-07
18,71,cha071,0.0,0.0,0.0,0.0,0.0,0.0,0.0,0.0,2019-08-07
19,74,cha074,0.0,0.0,0.0,0.0,0.0,0.0,0.0,0.0,2019-08-07
20,138,cha138,0.0,0.004063,0.0,0.0,0.004063,0.0,0.0,0.0,2019-08-07
21,141,cha141,0.0,0.002923,0.0,0.0,0.002923,0.0,0.0,0.0,2019-08-07
22,142,cha142,0.0,0.0002567,0.0,0.0,0.0002567,0.0,0.0,0.0,2019-08-07
23,146,cha146,0.0,0.001028,0.0,0.0,0.001028,0.0,0.0,0.0,2019-08-07
24,148,cha148,0.0,0.003963,0.0,0.0,0.003963,0.0,0.0,0.0,2019-08-07
25,153,cha153,0.0,0.07453,0.0,0.0,0.07453,0.0,0.0,0.0,2019-08-07
26,155,cha155,0.0,0.07413,0.0,0.0,0.07413,0.0,0.0,0.0,2019-08-07
27,158,cha158,0.0,0.03529,0.0,0.0,0.03529,0.0,0.0,0.0,2019-08-07
28,161,cha161,0.0,0.03835,0.0,0.0,0.03835,0.0,0.0,0.0,2019-08-07
29,162,cha162,0.0,0.0004888,0.0,0.0,0.0004888,0.0,0.0,0.0,2019-08-07
30,165,cha165,0.0,0.03327,0.0,0.0,0.03327,0.0,0.0,0.0,2019-08-07
31,166,cha166,0.0,0.001373,0.0,0.0,0.001373,0.0,0.0,0.0,2019-08-07
32,167,cha167,0.0,0.03606,0.0,0.0,0.03606,0.0,0.0,0.0,2019-08-07
33,168,cha168,0.0,0.0005042,0.0,0.0,0.0005042,0.0,0.0,0.0,2019-08-07
34,169,cha169,0.0,0.03126,0.0,0.0,0.03126,0.0,0.0,0.0,2019-08-07
35,170,cha170,0.0,0.003172,0.0,0.0,0.003172,0.0,0.0,0.0,2019-08-07
36,171,cha171,0.0,0.001894,0.0,0.0,0.001894,0.0,0.0,0.0,2019-08-07
37,173,cha173,0.0,0.03078,0.0,0.0,0.03078,0.0,0.0,0.0,2019-08-07
1,29,cha029,0.0,0.0,0.0,0.0,0.0,0.0,0.0,0.0,2019-08-08
2,35,cha035,0.0,0.0,0.0,0.0,0.0,0.0,0.0,0.0,2019-08-08
3,37,cha037,0.0,0.0,0.0,0.0,0.0,0.0,0.0,0.0,2019-08-08
4,38,cha038,0.0,0.02649,0.0,0.0,0.02649,0.0,0.0,0.0,2019-08-08
5,39,cha039,0.0,0.0,0.0,0.0,0.0,0.0,0.0,0.0,2019-08-08
6,41,cha041,0.0,0.0,0.0,0.0,0.0,0.0,0.0,0.0,2019-08-08
7,43,cha043,0.0,0.0,0.0,0.0,0.0,0.0,0.0,0.0,2019-08-08
8,44,cha044,0.0,0.0,0.0,0.0,0.0,0.0,0.0,0.0,2019-08-08
9,45,cha045,0.0,0.0,0.0,0.0,0.0,0.0,0.0,0.0,2019-08-08
10,50,cha050,0.0,0.0,0.0,0.0,0.0,0.0,0.0,0.0,2019-08-08
11,51,cha051,0.0,0.0,0.0,0.0,0.0,0.0,0.0,0.0,2019-08-08
12,54,cha054,0.0,0.0,0.0,0.0,0.0,0.0,0.0,0.0,2019-08-08
13,57,cha057,0.0,0.0,0.0,0.0,0.0,0.0,0.0,0.0,2019-08-08
14,59,cha059,0.0,0.0,0.0,0.0,0.0,0.0,0.0,0.0,2019-08-08
15,64,cha064,0.0,0.0,0.0,0.0,0.0,0.0,0.0,0.0,2019-08-08
16,66,cha066,0.0,0.0,0.0,0.0,0.0,0.0,0.0,0.0,2019-08-08
17,70,cha070,0.0,0.0,0.0,0.0,0.0,0.0,0.0,0.0,2019-08-08
18,71,cha071,0.0,0.0,0.0,0.0,0.0,0.0,0.0,0.0,2019-08-08
19,74,cha074,0.0,0.0,0.0,0.0,0.0,0.0,0.0,0.0,2019-08-08
20,138,cha138,0.0,0.004028,0.0,0.0,0.004028,0.0,0.0,0.0,2019-08-08
21,141,cha141,0.0,0.002898,0.0,0.0,0.002898,0.0,0.0,0.0,2019-08-08
22,142,cha142,0.0,0.000256,0.0,0.0,0.000256,0.0,0.0,0.0,2019-08-08
23,146,cha146,0.0,0.001024,0.0,0.0,0.001024,0.0,0.0,0.0,2019-08-08
24,148,cha148,0.0,0.003933,0.0,0.0,0.003933,0.0,0.0,0.0,2019-08-08
25,153,cha153,0.0,0.07506,0.0,0.0,0.07506,0.0,0.0,0.0,2019-08-08
26,155,cha155,0.0,0.07468,0.0,0.0,0.07468,0.0,0.0,0.0,2019-08-08
27,158,cha158,0.0,0.03566,0.0,0.0,0.03566,0.0,0.0,0.0,2019-08-08
28,161,cha161,0.0,0.03864,0.0,0.0,0.03864,0.0,0.0,0.0,2019-08-08
29,162,cha162,0.0,0.0004844,0.0,0.0,0.0004844,0.0,0.0,0.0,2019-08-08
30,165,cha165,0.0,0.03366,0.0,0.0,0.03366,0.0,0.0,0.0,2019-08-08
31,166,cha166,0.0,0.001366,0.0,0.0,0.001366,0.0,0.0,0.0,2019-08-08
32,167,cha167,0.0,0.03643,0.0,0.0,0.03643,0.0,0.0,0.0,2019-08-08
33,168,cha168,0.0,0.0005002,0.0,0.0,0.0005002,0.0,0.0,0.0,2019-08-08
34,169,cha169,0.0,0.03167,0.0,0.0,0.03167,0.0,0.0,0.0,2019-08-08
35,170,cha170,0.0,0.003153,0.0,0.0,0.003153,0.0,0.0,0.0,2019-08-08
36,171,cha171,0.0,0.001884,0.0,0.0,0.001884,0.0,0.0,0.0,2019-08-08
37,173,cha173,0.0,0.03119,0.0,0.0,0.03119,0.0,0.0,0.0,2019-08-08
1,29,cha029,0.0,0.0,0.0,0.0,0.0,0.0,0.0,0.0,2019-08-09
2,35,cha035,0.0,0.0,0.0,0.0,0.0,0.0,0.0,0.0,2019-08-09
3,37,cha037,0.0,0.0,0.0,0.0,0.0,0.0,0.0,0.0,2019-08-09
4,38,cha038,0.0,0.02691,0.0,0.0,0.02691,0.0,0.0,0.0,2019-08-09
5,39,cha039,0.0,0.0,0.0,0.0,0.0,0.0,0.0,0.0,2019-08-09
6,41,cha041,0.0,0.0,0.0,0.0,0.0,0.0,0.0,0.0,2019-08-09
7,43,cha043,0.0,0.0,0.0,0.0,0.0,0.0,0.0,0.0,2019-08-09
8,44,cha044,0.0,0.0,0.0,0.0,0.0,0.0,0.0,0.0,2019-08-09
9,45,cha045,0.0,0.0,0.0,0.0,0.0,0.0,0.0,0.0,2019-08-09
10,50,cha050,0.0,0.0,0.0,0.0,0.0,0.0,0.0,0.0,2019-08-09
11,51,cha051,0.0,0.0,0.0,0.0,0.0,0.0,0.0,0.0,2019-08-09
12,54,cha054,0.0,0.0,0.0,0.0,0.0,0.0,0.0,0.0,2019-08-09
13,57,cha057,0.0,0.0,0.0,0.0,0.0,0.0,0.0,0.0,2019-08-09
14,59,cha059,0.0,0.0,0.0,0.0,0.0,0.0,0.0,0.0,2019-08-09
15,64,cha064,0.0,0.0,0.0,0.0,0.0,0.0,0.0,0.0,2019-08-09
16,66,cha066,0.0,0.0,0.0,0.0,0.0,0.0,0.0,0.0,2019-08-09
17,70,cha070,0.0,0.0,0.0,0.0,0.0,0.0,0.0,0.0,2019-08-09
18,71,cha071,0.0,0.0,0.0,0.0,0.0,0.0,0.0,0.0,2019-08-09
19,74,cha074,0.0,0.0,0.0,0.0,0.0,0.0,0.0,0.0,2019-08-09
20,138,cha138,0.0,0.003996,0.0,0.0,0.003996,0.0,0.0,0.0,2019-08-09
21,141,cha141,0.0,0.002874,0.0,0.0,0.002874,0.0,0.0,0.0,2019-08-09
22,142,cha142,0.0,0.0002552,0.0,0.0,0.0002552,0.0,0.0,0.0,2019-08-09
23,146,cha146,0.0,0.001019,0.0,0.0,0.001019,0.0,0.0,0.0,2019-08-09
24,148,cha148,0.0,0.003903,0.0,0.0,0.003903,0.0,0.0,0.0,2019-08-09
25,153,cha153,0.0,0.07558,0.0,0.0,0.07558,0.0,0.0,0.0,2019-08-09
26,155,cha155,0.0,0.07522,0.0,0.0,0.07522,0.0,0.0,0.0,2019-08-09
27,158,cha158,0.0,0.03601,0.0,0.0,0.03601,0.0,0.0,0.0,2019-08-09
28,161,cha161,0.0,0.03892,0.0,0.0,0.03892,0.0,0.0,0.0,2019-08-09
29,162,cha162,0.0,0.0004797,0.0,0.0,0.0004797,0.0,0.0,0.0,2019-08-09
30,165,cha165,0.0,0.03402,0.0,0.0,0.03402,0.0,0.0,0.0,2019-08-09
31,166,cha166,0.0,0.001358,0.0,0.0,0.001358,0.0,0.0,0.0,2019-08-09
32,167,cha167,0.0,0.03676,0.0,0.0,0.03676,0.0,0.0,0.0,2019-08-09
33,168,cha168,0.0,0.0004959,0.0,0.0,0.0004959,0.0,0.0,0.0,2019-08-09
34,169,cha169,0.0,0.03205,0.0,0.0,0.03205,0.0,0.0,0.0,2019-08-09
35,170,cha170,0.0,0.003135,0.0,0.0,0.003135,0.0,0.0,0.0,2019-08-09
36,171,cha171,0.0,0.001874,0.0,0.0,0.001874,0.0,0.0,0.0,2019-08-09
37,173,cha173,0.0,0.03158,0.0,0.0,0.03158,0.0,0.0,0.0,2019-08-09
1,29,cha029,0.0,0.0,0.0,0.0,0.0,0.0,0.0,0.0,2019-08-10
2,35,cha035,0.0,0.0,0.0,0.0,0.0,0.0,0.0,0.0,2019-08-10
3,37,cha037,0.0,0.0,0.0,0.0,0.0,0.0,0.0,0.0,2019-08-10
4,38,cha038,0.0,0.02731,0.0,0.0,0.02731,0.0,0.0,0.0,2019-08-10
5,39,cha039,0.0,0.0,0.0,0.0,0.0,0.0,0.0,0.0,2019-08-10
6,41,cha041,0.0,0.0,0.0,0.0,0.0,0.0,0.0,0.0,2019-08-10
7,43,cha043,0.0,0.0,0.0,0.0,0.0,0.0,0.0,0.0,2019-08-10
8,44,cha044,0.0,0.0,0.0,0.0,0.0,0.0,0.0,0.0,2019-08-10
9,45,cha045,0.0,0.0,0.0,0.0,0.0,0.0,0.0,0.0,2019-08-10
10,50,cha050,0.0,0.0,0.0,0.0,0.0,0.0,0.0,0.0,2019-08-10
11,51,cha051,0.0,0.0,0.0,0.0,0.0,0.0,0.0,0.0,2019-08-10
12,54,cha054,0.0,0.0,0.0,0.0,0.0,0.0,0.0,0.0,2019-08-10
13,57,cha057,0.0,0.0,0.0,0.0,0.0,0.0,0.0,0.0,2019-08-10
14,59,cha059,0.0,0.0,0.0,0.0,0.0,0.0,0.0,0.0,2019-08-10
15,64,cha064,0.0,0.0,0.0,0.0,0.0,0.0,0.0,0.0,2019-08-10
16,66,cha066,0.0,0.0,0.0,0.0,0.0,0.0,0.0,0.0,2019-08-10
17,70,cha070,0.0,0.0,0.0,0.0,0.0,0.0,0.0,0.0,2019-08-10
18,71,cha071,0.0,0.0,0.0,0.0,0.0,0.0,0.0,0.0,2019-08-10
19,74,cha074,0.0,0.0,0.0,0.0,0.0,0.0,0.0,0.0,2019-08-10
20,138,cha138,0.0,0.003963,0.0,0.0,0.003963,0.0,0.0,0.0,2019-08-10
21,141,cha141,0.0,0.002852,0.0,0.0,0.002852,0.0,0.0,0.0,2019-08-10
22,142,cha142,0.0,0.0002543,0.0,0.0,0.0002543,0.0,0.0,0.0,2019-08-10
23,146,cha146,0.0,0.001014,0.0,0.0,0.001014,0.0,0.0,0.0,2019-08-10
24,148,cha148,0.0,0.003874,0.0,0.0,0.003874,0.0,0.0,0.0,2019-08-10
25,153,cha153,0.0,0.07607,0.0,0.0,0.07607,0.0,0.0,0.0,2019-08-10
26,155,cha155,0.0,0.07573,0.0,0.0,0.07573,0.0,0.0,0.0,2019-08-10
27,158,cha158,0.0,0.03633,0.0,0.0,0.03633,0.0,0.0,0.0,2019-08-10
28,161,cha161,0.0,0.0392,0.0,0.0,0.0392,0.0,0.0,0.0,2019-08-10
29,162,cha162,0.0,0.0004748,0.0,0.0,0.0004748,0.0,0.0,0.0,2019-08-10
30,165,cha165,0.0,0.03437,0.0,0.0,0.03437,0.0,0.0,0.0,2019-08-10
31,166,cha166,0.0,0.00135,0.0,0.0,0.00135,0.0,0.0,0.0,2019-08-10
32,167,cha167,0.0,0.03708,0.0,0.0,0.03708,0.0,0.0,0.0,2019-08-10
33,168,cha168,0.0,0.0004914,0.0,0.0,0.0004914,0.0,0.0,0.0,2019-08-10
34,169,cha169,0.0,0.03241,0.0,0.0,0.03241,0.0,0.0,0.0,2019-08-10
35,170,cha170,0.0,0.003116,0.0,0.0,0.003116,0.0,0.0,0.0,2019-08-10
36,171,cha171,0.0,0.001863,0.0,0.0,0.001863,0.0,0.0,0.0,2019-08-10
37,173,cha173,0.0,0.03195,0.0,0.0,0.03195,0.0,0.0,0.0,2019-08-10
1,29,cha029,0.0,0.0,0.0,0.0,0.0,0.0,0.0,0.0,2019-08-11
2,35,cha035,0.0,0.0,0.0,0.0,0.0,0.0,0.0,0.0,2019-08-11
3,37,cha037,0.0,0.0,0.0,0.0,0.0,0.0,0.0,0.0,2019-08-11
4,38,cha038,0.0,0.02768,0.0,0.0,0.02768,0.0,0.0,0.0,2019-08-11
5,39,cha039,0.0,0.0,0.0,0.0,0.0,0.0,0.0,0.0,2019-08-11
6,41,cha041,0.0,0.0,0.0,0.0,0.0,0.0,0.0,0.0,2019-08-11
7,43,cha043,0.0,0.0,0.0,0.0,0.0,0.0,0.0,0.0,2019-08-11
8,44,cha044,0.0,0.0,0.0,0.0,0.0,0.0,0.0,0.0,2019-08-11
9,45,cha045,0.0,0.0,0.0,0.0,0.0,0.0,0.0,0.0,2019-08-11
10,50,cha050,0.0,0.0,0.0,0.0,0.0,0.0,0.0,0.0,2019-08-11
11,51,cha051,0.0,0.0,0.0,0.0,0.0,0.0,0.0,0.0,2019-08-11
12,54,cha054,0.0,0.0,0.0,0.0,0.0,0.0,0.0,0.0,2019-08-11
13,57,cha057,0.0,0.0,0.0,0.0,0.0,0.0,0.0,0.0,2019-08-11
14,59,cha059,0.0,0.0,0.0,0.0,0.0,0.0,0.0,0.0,2019-08-11
15,64,cha064,0.0,0.0,0.0,0.0,0.0,0.0,0.0,0.0,2019-08-11
16,66,cha066,0.0,0.0,0.0,0.0,0.0,0.0,0.0,0.0,2019-08-11
17,70,cha070,0.0,0.0,0.0,0.0,0.0,0.0,0.0,0.0,2019-08-11
18,71,cha071,0.0,0.0,0.0,0.0,0.0,0.0,0.0,0.0,2019-08-11
19,74,cha074,0.0,0.0,0.0,0.0,0.0,0.0,0.0,0.0,2019-08-11
20,138,cha138,0.0,0.00393,0.0,0.0,0.00393,0.0,0.0,0.0,2019-08-11
21,141,cha141,0.0,0.002829,0.0,0.0,0.002829,0.0,0.0,0.0,2019-08-11
22,142,cha142,0.0,0.0002533,0.0,0.0,0.0002533,0.0,0.0,0.0,2019-08-11
23,146,cha146,0.0,0.001009,0.0,0.0,0.001009,0.0,0.0,0.0,2019-08-11
24,148,cha148,0.0,0.003844,0.0,0.0,0.003844,0.0,0.0,0.0,2019-08-11
25,153,cha153,0.0,0.07655,0.0,0.0,0.07655,0.0,0.0,0.0,2019-08-11
26,155,cha155,0.0,0.07622,0.0,0.0,0.07622,0.0,0.0,0.0,2019-08-11
27,158,cha158,0.0,0.03663,0.0,0.0,0.03663,0.0,0.0,0.0,2019-08-11
28,161,cha161,0.0,0.03945,0.0,0.0,0.03945,0.0,0.0,0.0,2019-08-11
29,162,cha162,0.0,0.0004699,0.0,0.0,0.0004699,0.0,0.0,0.0,2019-08-11
30,165,cha165,0.0,0.03469,0.0,0.0,0.03469,0.0,0.0,0.0,2019-08-11
31,166,cha166,0.0,0.001343,0.0,0.0,0.001343,0.0,0.0,0.0,2019-08-11
32,167,cha167,0.0,0.03737,0.0,0.0,0.03737,0.0,0.0,0.0,2019-08-11
33,168,cha168,0.0,0.0004868,0.0,0.0,0.0004868,0.0,0.0,0.0,2019-08-11
34,169,cha169,0.0,0.03274,0.0,0.0,0.03274,0.0,0.0,0.0,2019-08-11
35,170,cha170,0.0,0.003097,0.0,0.0,0.003097,0.0,0.0,0.0,2019-08-11
36,171,cha171,0.0,0.001853,0.0,0.0,0.001853,0.0,0.0,0.0,2019-08-11
37,173,cha173,0.0,0.0323,0.0,0.0,0.0323,0.0,0.0,0.0,2019-08-11
1,29,cha029,0.0,0.0,0.0,0.0,0.0,0.0,0.0,0.0,2019-08-12
2,35,cha035,0.0,0.0,0.0,0.0,0.0,0.0,0.0,0.0,2019-08-12
3,37,cha037,0.0,0.0,0.0,0.0,0.0,0.0,0.0,0.0,2019-08-12
4,38,cha038,0.0,0.02804,0.0,0.0,0.02804,0.0,0.0,0.0,2019-08-12
5,39,cha039,0.0,0.0,0.0,0.0,0.0,0.0,0.0,0.0,2019-08-12
6,41,cha041,0.0,0.0,0.0,0.0,0.0,0.0,0.0,0.0,2019-08-12
7,43,cha043,0.0,0.0,0.0,0.0,0.0,0.0,0.0,0.0,2019-08-12
8,44,cha044,0.0,0.0,0.0,0.0,0.0,0.0,0.0,0.0,2019-08-12
9,45,cha045,0.0,0.0,0.0,0.0,0.0,0.0,0.0,0.0,2019-08-12
10,50,cha050,0.0,0.0,0.0,0.0,0.0,0.0,0.0,0.0,2019-08-12
11,51,cha051,0.0,0.0,0.0,0.0,0.0,0.0,0.0,0.0,2019-08-12
12,54,cha054,0.0,0.0,0.0,0.0,0.0,0.0,0.0,0.0,2019-08-12
13,57,cha057,0.0,0.0,0.0,0.0,0.0,0.0,0.0,0.0,2019-08-12
14,59,cha059,0.0,0.0,0.0,0.0,0.0,0.0,0.0,0.0,2019-08-12
15,64,cha064,0.0,0.0,0.0,0.0,0.0,0.0,0.0,0.0,2019-08-12
16,66,cha066,0.0,0.0,0.0,0.0,0.0,0.0,0.0,0.0,2019-08-12
17,70,cha070,0.0,0.0,0.0,0.0,0.0,0.0,0.0,0.0,2019-08-12
18,71,cha071,0.0,0.0,0.0,0.0,0.0,0.0,0.0,0.0,2019-08-12
19,74,cha074,0.0,0.0,0.0,0.0,0.0,0.0,0.0,0.0,2019-08-12
20,138,cha138,0.0,0.003898,0.0,0.0,0.003898,0.0,0.0,0.0,2019-08-12
21,141,cha141,0.0,0.002807,0.0,0.0,0.002807,0.0,0.0,0.0,2019-08-12
22,142,cha142,0.0,0.0002523,0.0,0.0,0.0002523,0.0,0.0,0.0,2019-08-12
23,146,cha146,0.0,0.001004,0.0,0.0,0.001004,0.0,0.0,0.0,2019-08-12
24,148,cha148,0.0,0.003815,0.0,0.0,0.003815,0.0,0.0,0.0,2019-08-12
25,153,cha153,0.0,0.07699,0.0,0.0,0.07699,0.0,0.0,0.0,2019-08-12
26,155,cha155,0.0,0.07668,0.0,0.0,0.07668,0.0,0.0,0.0,2019-08-12
27,158,cha158,0.0,0.03692,0.0,0.0,0.03692,0.0,0.0,0.0,2019-08-12
28,161,cha161,0.0,0.0397,0.0,0.0,0.0397,0.0,0.0,0.0,2019-08-12
29,162,cha162,0.0,0.0004651,0.0,0.0,0.0004651,0.0,0.0,0.0,2019-08-12
30,165,cha165,0.0,0.03499,0.0,0.0,0.03499,0.0,0.0,0.0,2019-08-12
31,166,cha166,0.0,0.001336,0.0,0.0,0.001336,0.0,0.0,0.0,2019-08-12
32,167,cha167,0.0,0.03765,0.0,0.0,0.03765,0.0,0.0,0.0,2019-08-12
33,168,cha168,0.0,0.0004822,0.0,0.0,0.0004822,0.0,0.0,0.0,2019-08-12
34,169,cha169,0.0,0.03306,0.0,0.0,0.03306,0.0,0.0,0.0,2019-08-12
35,170,cha170,0.0,0.003079,0.0,0.0,0.003079,0.0,0.0,0.0,2019-08-12
36,171,cha171,0.0,0.001844,0.0,0.0,0.001844,0.0,0.0,0.0,2019-08-12
37,173,cha173,0.0,0.03262,0.0,0.0,0.03262,0.0,0.0,0.0,2019-08-12
1,29,cha029,0.0,0.0,0.0,0.0,0.0,0.0,0.0,0.0,2019-08-13
2,35,cha035,0.0,0.0,0.0,0.0,0.0,0.0,0.0,0.0,2019-08-13
3,37,cha037,0.0,0.0,0.0,0.0,0.0,0.0,0.0,0.0,2019-08-13
4,38,cha038,0.0,0.02838,0.0,0.0,0.02838,0.0,0.0,0.0,2019-08-13
5,39,cha039,0.0,0.0,0.0,0.0,0.0,0.0,0.0,0.0,2019-08-13
6,41,cha041,0.0,0.0,0.0,0.0,0.0,0.0,0.0,0.0,2019-08-13
7,43,cha043,0.0,0.0,0.0,0.0,0.0,0.0,0.0,0.0,2019-08-13
8,44,cha044,0.0,0.0,0.0,0.0,0.0,0.0,0.0,0.0,2019-08-13
9,45,cha045,0.0,0.0,0.0,0.0,0.0,0.0,0.0,0.0,2019-08-13
10,50,cha050,0.0,0.0,0.0,0.0,0.0,0.0,0.0,0.0,2019-08-13
11,51,cha051,0.0,0.0,0.0,0.0,0.0,0.0,0.0,0.0,2019-08-13
12,54,cha054,0.0,0.0,0.0,0.0,0.0,0.0,0.0,0.0,2019-08-13
13,57,cha057,0.0,0.0,0.0,0.0,0.0,0.0,0.0,0.0,2019-08-13
14,59,cha059,0.0,0.0,0.0,0.0,0.0,0.0,0.0,0.0,2019-08-13
15,64,cha064,0.0,0.0,0.0,0.0,0.0,0.0,0.0,0.0,2019-08-13
16,66,cha066,0.0,0.0,0.0,0.0,0.0,0.0,0.0,0.0,2019-08-13
17,70,cha070,0.0,0.0,0.0,0.0,0.0,0.0,0.0,0.0,2019-08-13
18,71,cha071,0.0,0.0,0.0,0.0,0.0,0.0,0.0,0.0,2019-08-13
19,74,cha074,0.0,0.0,0.0,0.0,0.0,0.0,0.0,0.0,2019-08-13
20,138,cha138,0.0,0.003867,0.0,0.0,0.003867,0.0,0.0,0.0,2019-08-13
21,141,cha141,0.0,0.002785,0.0,0.0,0.002785,0.0,0.0,0.0,2019-08-13
22,142,cha142,0.0,0.0002513,0.0,0.0,0.0002513,0.0,0.0,0.0,2019-08-13
23,146,cha146,0.0,0.000999,0.0,0.0,0.000999,0.0,0.0,0.0,2019-08-13
24,148,cha148,0.0,0.003787,0.0,0.0,0.003787,0.0,0.0,0.0,2019-08-13
25,153,cha153,0.0,0.07741,0.0,0.0,0.07741,0.0,0.0,0.0,2019-08-13
26,155,cha155,0.0,0.07711,0.0,0.0,0.07711,0.0,0.0,0.0,2019-08-13
27,158,cha158,0.0,0.03718,0.0,0.0,0.03718,0.0,0.0,0.0,2019-08-13
28,161,cha161,0.0,0.03992,0.0,0.0,0.03992,0.0,0.0,0.0,2019-08-13
29,162,cha162,0.0,0.0004604,0.0,0.0,0.0004604,0.0,0.0,0.0,2019-08-13
30,165,cha165,0.0,0.03527,0.0,0.0,0.03527,0.0,0.0,0.0,2019-08-13
31,166,cha166,0.0,0.001329,0.0,0.0,0.001329,0.0,0.0,0.0,2019-08-13
32,167,cha167,0.0,0.0379,0.0,0.0,0.0379,0.0,0.0,0.0,2019-08-13
33,168,cha168,0.0,0.0004777,0.0,0.0,0.0004777,0.0,0.0,0.0,2019-08-13
34,169,cha169,0.0,0.03336,0.0,0.0,0.03336,0.0,0.0,0.0,2019-08-13
35,170,cha170,0.0,0.003062,0.0,0.0,0.003062,0.0,0.0,0.0,2019-08-13
36,171,cha171,0.0,0.001834,0.0,0.0,0.001834,0.0,0.0,0.0,2019-08-13
37,173,cha173,0.0,0.03293,0.0,0.0,0.03293,0.0,0.0,0.0,2019-08-13
1,29,cha029,0.0,0.0,0.0,0.0,0.0,0.0,0.0,0.0,2019-08-14
2,35,cha035,0.0,0.0,0.0,0.0,0.0,0.0,0.0,0.0,2019-08-14
3,37,cha037,0.0,0.0,0.0,0.0,0.0,0.0,0.0,0.0,2019-08-14
4,38,cha038,0.0,0.0287,0.0,0.0,0.0287,0.0,0.0,0.0,2019-08-14
5,39,cha039,0.0,0.0,0.0,0.0,0.0,0.0,0.0,0.0,2019-08-14
6,41,cha041,0.0,0.0,0.0,0.0,0.0,0.0,0.0,0.0,2019-08-14
7,43,cha043,0.0,0.0,0.0,0.0,0.0,0.0,0.0,0.0,2019-08-14
8,44,cha044,0.0,0.0,0.0,0.0,0.0,0.0,0.0,0.0,2019-08-14
9,45,cha045,0.0,0.0,0.0,0.0,0.0,0.0,0.0,0.0,2019-08-14
10,50,cha050,0.0,0.0,0.0,0.0,0.0,0.0,0.0,0.0,2019-08-14
11,51,cha051,0.0,0.0,0.0,0.0,0.0,0.0,0.0,0.0,2019-08-14
12,54,cha054,0.0,0.0,0.0,0.0,0.0,0.0,0.0,0.0,2019-08-14
13,57,cha057,0.0,0.0,0.0,0.0,0.0,0.0,0.0,0.0,2019-08-14
14,59,cha059,0.0,0.0,0.0,0.0,0.0,0.0,0.0,0.0,2019-08-14
15,64,cha064,0.0,0.0,0.0,0.0,0.0,0.0,0.0,0.0,2019-08-14
16,66,cha066,0.0,0.0,0.0,0.0,0.0,0.0,0.0,0.0,2019-08-14
17,70,cha070,0.0,0.0,0.0,0.0,0.0,0.0,0.0,0.0,2019-08-14
18,71,cha071,0.0,0.0,0.0,0.0,0.0,0.0,0.0,0.0,2019-08-14
19,74,cha074,0.0,0.0,0.0,0.0,0.0,0.0,0.0,0.0,2019-08-14
20,138,cha138,0.0,0.003837,0.0,0.0,0.003837,0.0,0.0,0.0,2019-08-14
21,141,cha141,0.0,0.002765,0.0,0.0,0.002765,0.0,0.0,0.0,2019-08-14
22,142,cha142,0.0,0.0002503,0.0,0.0,0.0002503,0.0,0.0,0.0,2019-08-14
23,146,cha146,0.0,0.0009941,0.0,0.0,0.0009941,0.0,0.0,0.0,2019-08-14
24,148,cha148,0.0,0.00376,0.0,0.0,0.00376,0.0,0.0,0.0,2019-08-14
25,153,cha153,0.0,0.0778,0.0,0.0,0.0778,0.0,0.0,0.0,2019-08-14
26,155,cha155,0.0,0.07752,0.0,0.0,0.07752,0.0,0.0,0.0,2019-08-14
27,158,cha158,0.0,0.03743,0.0,0.0,0.03743,0.0,0.0,0.0,2019-08-14
28,161,cha161,0.0,0.04014,0.0,0.0,0.04014,0.0,0.0,0.0,2019-08-14
29,162,cha162,0.0,0.0004559,0.0,0.0,0.0004559,0.0,0.0,0.0,2019-08-14
30,165,cha165,0.0,0.03554,0.0,0.0,0.03554,0.0,0.0,0.0,2019-08-14
31,166,cha166,0.0,0.001322,0.0,0.0,0.001322,0.0,0.0,0.0,2019-08-14
32,167,cha167,0.0,0.03814,0.0,0.0,0.03814,0.0,0.0,0.0,2019-08-14
33,168,cha168,0.0,0.0004733,0.0,0.0,0.0004733,0.0,0.0,0.0,2019-08-14
34,169,cha169,0.0,0.03365,0.0,0.0,0.03365,0.0,0.0,0.0,2019-08-14
35,170,cha170,0.0,0.003044,0.0,0.0,0.003044,0.0,0.0,0.0,2019-08-14
36,171,cha171,0.0,0.001825,0.0,0.0,0.001825,0.0,0.0,0.0,2019-08-14
37,173,cha173,0.0,0.03322,0.0,0.0,0.03322,0.0,0.0,0.0,2019-08-14
1,29,cha029,0.0,0.0,0.0,0.0,0.0,0.0,0.0,0.0,2019-08-15
2,35,cha035,0.0,0.0,0.0,0.0,0.0,0.0,0.0,0.0,2019-08-15
3,37,cha037,0.0,0.0,0.0,0.0,0.0,0.0,0.0,0.0,2019-08-15
4,38,cha038,0.0,0.029,0.0,0.0,0.029,0.0,0.0,0.0,2019-08-15
5,39,cha039,0.0,0.0,0.0,0.0,0.0,0.0,0.0,0.0,2019-08-15
6,41,cha041,0.0,0.0,0.0,0.0,0.0,0.0,0.0,0.0,2019-08-15
7,43,cha043,0.0,0.0,0.0,0.0,0.0,0.0,0.0,0.0,2019-08-15
8,44,cha044,0.0,0.0,0.0,0.0,0.0,0.0,0.0,0.0,2019-08-15
9,45,cha045,0.0,0.0,0.0,0.0,0.0,0.0,0.0,0.0,2019-08-15
10,50,cha050,0.0,0.0,0.0,0.0,0.0,0.0,0.0,0.0,2019-08-15
11,51,cha051,0.0,0.0,0.0,0.0,0.0,0.0,0.0,0.0,2019-08-15
12,54,cha054,0.0,0.0,0.0,0.0,0.0,0.0,0.0,0.0,2019-08-15
13,57,cha057,0.0,0.0,0.0,0.0,0.0,0.0,0.0,0.0,2019-08-15
14,59,cha059,0.0,0.0,0.0,0.0,0.0,0.0,0.0,0.0,2019-08-15
15,64,cha064,0.0,0.0,0.0,0.0,0.0,0.0,0.0,0.0,2019-08-15
16,66,cha066,0.0,0.0,0.0,0.0,0.0,0.0,0.0,0.0,2019-08-15
17,70,cha070,0.0,0.0,0.0,0.0,0.0,0.0,0.0,0.0,2019-08-15
18,71,cha071,0.0,0.0,0.0,0.0,0.0,0.0,0.0,0.0,2019-08-15
19,74,cha074,0.0,0.0,0.0,0.0,0.0,0.0,0.0,0.0,2019-08-15
20,138,cha138,0.0,0.003808,0.0,0.0,0.003808,0.0,0.0,0.0,2019-08-15
21,141,cha141,0.0,0.002745,0.0,0.0,0.002745,0.0,0.0,0.0,2019-08-15
22,142,cha142,0.0,0.0002493,0.0,0.0,0.0002493,0.0,0.0,0.0,2019-08-15
23,146,cha146,0.0,0.0009893,0.0,0.0,0.0009893,0.0,0.0,0.0,2019-08-15
24,148,cha148,0.0,0.003733,0.0,0.0,0.003733,0.0,0.0,0.0,2019-08-15
25,153,cha153,0.0,0.07816,0.0,0.0,0.07816,0.0,0.0,0.0,2019-08-15
26,155,cha155,0.0,0.07789,0.0,0.0,0.07789,0.0,0.0,0.0,2019-08-15
27,158,cha158,0.0,0.03766,0.0,0.0,0.03766,0.0,0.0,0.0,2019-08-15
28,161,cha161,0.0,0.04034,0.0,0.0,0.04034,0.0,0.0,0.0,2019-08-15
29,162,cha162,0.0,0.0004515,0.0,0.0,0.0004515,0.0,0.0,0.0,2019-08-15
30,165,cha165,0.0,0.03579,0.0,0.0,0.03579,0.0,0.0,0.0,2019-08-15
31,166,cha166,0.0,0.001315,0.0,0.0,0.001315,0.0,0.0,0.0,2019-08-15
32,167,cha167,0.0,0.03837,0.0,0.0,0.03837,0.0,0.0,0.0,2019-08-15
33,168,cha168,0.0,0.0004688,0.0,0.0,0.0004688,0.0,0.0,0.0,2019-08-15
34,169,cha169,0.0,0.03391,0.0,0.0,0.03391,0.0,0.0,0.0,2019-08-15
35,170,cha170,0.0,0.003027,0.0,0.0,0.003027,0.0,0.0,0.0,2019-08-15
36,171,cha171,0.0,0.001815,0.0,0.0,0.001815,0.0,0.0,0.0,2019-08-15
37,173,cha173,0.0,0.0335,0.0,0.0,0.0335,0.0,0.0,0.0,2019-08-15
1,29,cha029,0.0,0.0,0.0,0.0,0.0,0.0,0.0,0.0,2019-08-16
2,35,cha035,0.0,0.0,0.0,0.0,0.0,0.0,0.0,0.0,2019-08-16
3,37,cha037,0.0,0.0,0.0,0.0,0.0,0.0,0.0,0.0,2019-08-16
4,38,cha038,0.0,0.02928,0.0,0.0,0.02928,0.0,0.0,0.0,2019-08-16
5,39,cha039,0.0,0.0,0.0,0.0,0.0,0.0,0.0,0.0,2019-08-16
6,41,cha041,0.0,0.0,0.0,0.0,0.0,0.0,0.0,0.0,2019-08-16
7,43,cha043,0.0,0.0,0.0,0.0,0.0,0.0,0.0,0.0,2019-08-16
8,44,cha044,0.0,0.0,0.0,0.0,0.0,0.0,0.0,0.0,2019-08-16
9,45,cha045,0.0,0.0,0.0,0.0,0.0,0.0,0.0,0.0,2019-08-16
10,50,cha050,0.0,0.0,0.0,0.0,0.0,0.0,0.0,0.0,2019-08-16
11,51,cha051,0.0,0.0,0.0,0.0,0.0,0.0,0.0,0.0,2019-08-16
12,54,cha054,0.0,0.0,0.0,0.0,0.0,0.0,0.0,0.0,2019-08-16
13,57,cha057,0.0,0.0,0.0,0.0,0.0,0.0,0.0,0.0,2019-08-16
14,59,cha059,0.0,0.0,0.0,0.0,0.0,0.0,0.0,0.0,2019-08-16
15,64,cha064,0.0,0.0,0.0,0.0,0.0,0.0,0.0,0.0,2019-08-16
16,66,cha066,0.0,0.0,0.0,0.0,0.0,0.0,0.0,0.0,2019-08-16
17,70,cha070,0.0,0.0,0.0,0.0,0.0,0.0,0.0,0.0,2019-08-16
18,71,cha071,0.0,0.0,0.0,0.0,0.0,0.0,0.0,0.0,2019-08-16
19,74,cha074,0.0,0.0,0.0,0.0,0.0,0.0,0.0,0.0,2019-08-16
20,138,cha138,0.0,0.003779,0.0,0.0,0.003779,0.0,0.0,0.0,2019-08-16
21,141,cha141,0.0,0.002725,0.0,0.0,0.002725,0.0,0.0,0.0,2019-08-16
22,142,cha142,0.0,0.0002482,0.0,0.0,0.0002482,0.0,0.0,0.0,2019-08-16
23,146,cha146,0.0,0.0009841,0.0,0.0,0.0009841,0.0,0.0,0.0,2019-08-16
24,148,cha148,0.0,0.003707,0.0,0.0,0.003707,0.0,0.0,0.0,2019-08-16
25,153,cha153,0.0,0.0785,0.0,0.0,0.0785,0.0,0.0,0.0,2019-08-16
26,155,cha155,0.0,0.07824,0.0,0.0,0.07824,0.0,0.0,0.0,2019-08-16
27,158,cha158,0.0,0.03787,0.0,0.0,0.03787,0.0,0.0,0.0,2019-08-16
28,161,cha161,0.0,0.04052,0.0,0.0,0.04052,0.0,0.0,0.0,2019-08-16
29,162,cha162,0.0,0.0004472,0.0,0.0,0.0004472,0.0,0.0,0.0,2019-08-16
30,165,cha165,0.0,0.03602,0.0,0.0,0.03602,0.0,0.0,0.0,2019-08-16
31,166,cha166,0.0,0.001308,0.0,0.0,0.001308,0.0,0.0,0.0,2019-08-16
32,167,cha167,0.0,0.03857,0.0,0.0,0.03857,0.0,0.0,0.0,2019-08-16
33,168,cha168,0.0,0.0004642,0.0,0.0,0.0004642,0.0,0.0,0.0,2019-08-16
34,169,cha169,0.0,0.03416,0.0,0.0,0.03416,0.0,0.0,0.0,2019-08-16
35,170,cha170,0.0,0.003009,0.0,0.0,0.003009,0.0,0.0,0.0,2019-08-16
36,171,cha171,0.0,0.001806,0.0,0.0,0.001806,0.0,0.0,0.0,2019-08-16
37,173,cha173,0.0,0.03375,0.0,0.0,0.03375,0.0,0.0,0.0,2019-08-16
1,29,cha029,0.0,0.0,0.0,0.0,0.0,0.0,0.0,0.0,2019-08-17
2,35,cha035,0.0,0.0,0.0,0.0,0.0,0.0,0.0,0.0,2019-08-17
3,37,cha037,0.0,0.0,0.0,0.0,0.0,0.0,0.0,0.0,2019-08-17
4,38,cha038,0.0,0.02955,0.0,0.0,0.02955,0.0,0.0,0.0,2019-08-17
5,39,cha039,0.0,0.0,0.0,0.0,0.0,0.0,0.0,0.0,2019-08-17
6,41,cha041,0.0,0.0,0.0,0.0,0.0,0.0,0.0,0.0,2019-08-17
7,43,cha043,0.0,0.0,0.0,0.0,0.0,0.0,0.0,0.0,2019-08-17
8,44,cha044,0.0,0.0,0.0,0.0,0.0,0.0,0.0,0.0,2019-08-17
9,45,cha045,0.0,0.0,0.0,0.0,0.0,0.0,0.0,0.0,2019-08-17
10,50,cha050,0.0,0.0,0.0,0.0,0.0,0.0,0.0,0.0,2019-08-17
11,51,cha051,0.0,0.0,0.0,0.0,0.0,0.0,0.0,0.0,2019-08-17
12,54,cha054,0.0,0.0,0.0,0.0,0.0,0.0,0.0,0.0,2019-08-17
13,57,cha057,0.0,0.0,0.0,0.0,0.0,0.0,0.0,0.0,2019-08-17
14,59,cha059,0.0,0.0,0.0,0.0,0.0,0.0,0.0,0.0,2019-08-17
15,64,cha064,0.0,0.0,0.0,0.0,0.0,0.0,0.0,0.0,2019-08-17
16,66,cha066,0.0,0.0,0.0,0.0,0.0,0.0,0.0,0.0,2019-08-17
17,70,cha070,0.0,0.0,0.0,0.0,0.0,0.0,0.0,0.0,2019-08-17
18,71,cha071,0.0,0.0,0.0,0.0,0.0,0.0,0.0,0.0,2019-08-17
19,74,cha074,0.0,0.0,0.0,0.0,0.0,0.0,0.0,0.0,2019-08-17
20,138,cha138,0.0,0.003749,0.0,0.0,0.003749,0.0,0.0,0.0,2019-08-17
21,141,cha141,0.0,0.002705,0.0,0.0,0.002705,0.0,0.0,0.0,2019-08-17
22,142,cha142,0.0,0.0002471,0.0,0.0,0.0002471,0.0,0.0,0.0,2019-08-17
23,146,cha146,0.0,0.0009787,0.0,0.0,0.0009787,0.0,0.0,0.0,2019-08-17
24,148,cha148,0.0,0.003679,0.0,0.0,0.003679,0.0,0.0,0.0,2019-08-17
25,153,cha153,0.0,0.0788,0.0,0.0,0.0788,0.0,0.0,0.0,2019-08-17
26,155,cha155,0.0,0.07856,0.0,0.0,0.07856,0.0,0.0,0.0,2019-08-17
27,158,cha158,0.0,0.03807,0.0,0.0,0.03807,0.0,0.0,0.0,2019-08-17
28,161,cha161,0.0,0.04068,0.0,0.0,0.04068,0.0,0.0,0.0,2019-08-17
29,162,cha162,0.0,0.0004428,0.0,0.0,0.0004428,0.0,0.0,0.0,2019-08-17
30,165,cha165,0.0,0.03624,0.0,0.0,0.03624,0.0,0.0,0.0,2019-08-17
31,166,cha166,0.0,0.001301,0.0,0.0,0.001301,0.0,0.0,0.0,2019-08-17
32,167,cha167,0.0,0.03876,0.0,0.0,0.03876,0.0,0.0,0.0,2019-08-17
33,168,cha168,0.0,0.0004594,0.0,0.0,0.0004594,0.0,0.0,0.0,2019-08-17
34,169,cha169,0.0,0.0344,0.0,0.0,0.0344,0.0,0.0,0.0,2019-08-17
35,170,cha170,0.0,0.00299,0.0,0.0,0.00299,0.0,0.0,0.0,2019-08-17
36,171,cha171,0.0,0.001795,0.0,0.0,0.001795,0.0,0.0,0.0,2019-08-17
37,173,cha173,0.0,0.03399,0.0,0.0,0.03399,0.0,0.0,0.0,2019-08-17
1,29,cha029,0.0,0.0,0.0,0.0,0.0,0.0,0.0,0.0,2019-08-18
2,35,cha035,0.0,0.0,0.0,0.0,0.0,0.0,0.0,0.0,2019-08-18
3,37,cha037,0.0,0.0,0.0,0.0,0.0,0.0,0.0,0.0,2019-08-18
4,38,cha038,0.0,0.02981,0.0,0.0,0.02981,0.0,0.0,0.0,2019-08-18
5,39,cha039,0.0,0.0,0.0,0.0,0.0,0.0,0.0,0.0,2019-08-18
6,41,cha041,0.0,0.0,0.0,0.0,0.0,0.0,0.0,0.0,2019-08-18
7,43,cha043,0.0,0.0,0.0,0.0,0.0,0.0,0.0,0.0,2019-08-18
8,44,cha044,0.0,0.0,0.0,0.0,0.0,0.0,0.0,0.0,2019-08-18
9,45,cha045,0.0,0.0,0.0,0.0,0.0,0.0,0.0,0.0,2019-08-18
10,50,cha050,0.0,0.0,0.0,0.0,0.0,0.0,0.0,0.0,2019-08-18
11,51,cha051,0.0,0.0,0.0,0.0,0.0,0.0,0.0,0.0,2019-08-18
12,54,cha054,0.0,0.0,0.0,0.0,0.0,0.0,0.0,0.0,2019-08-18
13,57,cha057,0.0,0.0,0.0,0.0,0.0,0.0,0.0,0.0,2019-08-18
14,59,cha059,0.0,0.0,0.0,0.0,0.0,0.0,0.0,0.0,2019-08-18
15,64,cha064,0.0,0.0,0.0,0.0,0.0,0.0,0.0,0.0,2019-08-18
16,66,cha066,0.0,0.0,0.0,0.0,0.0,0.0,0.0,0.0,2019-08-18
17,70,cha070,0.0,0.0,0.0,0.0,0.0,0.0,0.0,0.0,2019-08-18
18,71,cha071,0.0,0.0,0.0,0.0,0.0,0.0,0.0,0.0,2019-08-18
19,74,cha074,0.0,0.0,0.0,0.0,0.0,0.0,0.0,0.0,2019-08-18
20,138,cha138,0.0,0.00372,0.0,0.0,0.00372,0.0,0.0,0.0,2019-08-18
21,141,cha141,0.0,0.002685,0.0,0.0,0.002685,0.0,0.0,0.0,2019-08-18
22,142,cha142,0.0,0.0002459,0.0,0.0,0.0002459,0.0,0.0,0.0,2019-08-18
23,146,cha146,0.0,0.0009734,0.0,0.0,0.0009734,0.0,0.0,0.0,2019-08-18
24,148,cha148,0.0,0.003652,0.0,0.0,0.003652,0.0,0.0,0.0,2019-08-18
25,153,cha153,0.0,0.07909,0.0,0.0,0.07909,0.0,0.0,0.0,2019-08-18
26,155,cha155,0.0,0.07886,0.0,0.0,0.07886,0.0,0.0,0.0,2019-08-18
27,158,cha158,0.0,0.03825,0.0,0.0,0.03825,0.0,0.0,0.0,2019-08-18
28,161,cha161,0.0,0.04083,0.0,0.0,0.04083,0.0,0.0,0.0,2019-08-18
29,162,cha162,0.0,0.0004386,0.0,0.0,0.0004386,0.0,0.0,0.0,2019-08-18
30,165,cha165,0.0,0.03644,0.0,0.0,0.03644,0.0,0.0,0.0,2019-08-18
31,166,cha166,0.0,0.001293,0.0,0.0,0.001293,0.0,0.0,0.0,2019-08-18
32,167,cha167,0.0,0.03894,0.0,0.0,0.03894,0.0,0.0,0.0,2019-08-18
33,168,cha168,0.0,0.0004546,0.0,0.0,0.0004546,0.0,0.0,0.0,2019-08-18
34,169,cha169,0.0,0.03461,0.0,0.0,0.03461,0.0,0.0,0.0,2019-08-18
35,170,cha170,0.0,0.002972,0.0,0.0,0.002972,0.0,0.0,0.0,2019-08-18
36,171,cha171,0.0,0.001785,0.0,0.0,0.001785,0.0,0.0,0.0,2019-08-18
37,173,cha173,0.0,0.03422,0.0,0.0,0.03422,0.0,0.0,0.0,2019-08-18
1,29,cha029,0.0,0.0,0.0,0.0,0.0,0.0,0.0,0.0,2019-08-19
2,35,cha035,0.0,0.0,0.0,0.0,0.0,0.0,0.0,0.0,2019-08-19
3,37,cha037,0.0,0.0,0.0,0.0,0.0,0.0,0.0,0.0,2019-08-19
4,38,cha038,0.0,0.03005,0.0,0.0,0.03005,0.0,0.0,0.0,2019-08-19
5,39,cha039,0.0,0.0,0.0,0.0,0.0,0.0,0.0,0.0,2019-08-19
6,41,cha041,0.0,0.0,0.0,0.0,0.0,0.0,0.0,0.0,2019-08-19
7,43,cha043,0.0,0.0,0.0,0.0,0.0,0.0,0.0,0.0,2019-08-19
8,44,cha044,0.0,0.0,0.0,0.0,0.0,0.0,0.0,0.0,2019-08-19
9,45,cha045,0.0,0.0,0.0,0.0,0.0,0.0,0.0,0.0,2019-08-19
10,50,cha050,0.0,0.0,0.0,0.0,0.0,0.0,0.0,0.0,2019-08-19
11,51,cha051,0.0,0.0,0.0,0.0,0.0,0.0,0.0,0.0,2019-08-19
12,54,cha054,0.0,0.0,0.0,0.0,0.0,0.0,0.0,0.0,2019-08-19
13,57,cha057,0.0,0.0,0.0,0.0,0.0,0.0,0.0,0.0,2019-08-19
14,59,cha059,0.0,0.0,0.0,0.0,0.0,0.0,0.0,0.0,2019-08-19
15,64,cha064,0.0,0.0,0.0,0.0,0.0,0.0,0.0,0.0,2019-08-19
16,66,cha066,0.0,0.0,0.0,0.0,0.0,0.0,0.0,0.0,2019-08-19
17,70,cha070,0.0,0.0,0.0,0.0,0.0,0.0,0.0,0.0,2019-08-19
18,71,cha071,0.0,0.0,0.0,0.0,0.0,0.0,0.0,0.0,2019-08-19
19,74,cha074,0.0,0.0,0.0,0.0,0.0,0.0,0.0,0.0,2019-08-19
20,138,cha138,0.0,5.337,0.0,0.0,5.337,0.0,0.0,0.0,2019-08-19
21,141,cha141,0.0,3.422,0.0,0.0,3.422,0.0,0.0,0.0,2019-08-19
22,142,cha142,0.0,0.3441,0.0,0.0,0.3441,0.0,0.0,0.0,2019-08-19
23,146,cha146,0.0,1.322,0.0,0.0,1.322,0.0,0.0,0.0,2019-08-19
24,148,cha148,0.0,5.003,0.0,0.0,5.003,0.0,0.0,0.0,2019-08-19
25,153,cha153,0.0,25.25,0.0,0.0,25.25,0.0,0.0,0.0,2019-08-19
26,155,cha155,0.0,23.33,0.0,0.0,23.33,0.0,0.0,0.0,2019-08-19
27,158,cha158,0.0,15.1,0.0,0.0,15.1,0.0,0.0,0.0,2019-08-19
28,161,cha161,0.0,19.09,0.0,0.0,19.09,0.0,0.0,0.0,2019-08-19
29,162,cha162,0.0,1.005,0.0,0.0,1.005,0.0,0.0,0.0,2019-08-19
30,165,cha165,0.0,11.85,0.0,0.0,11.85,0.0,0.0,0.0,2019-08-19
31,166,cha166,0.0,1.534,0.0,0.0,1.534,0.0,0.0,0.0,2019-08-19
32,167,cha167,0.0,16.25,0.0,0.0,16.25,0.0,0.0,0.0,2019-08-19
33,168,cha168,0.0,0.811,0.0,0.0,0.811,0.0,0.0,0.0,2019-08-19
34,169,cha169,0.0,8.833,0.0,0.0,8.833,0.0,0.0,0.0,2019-08-19
35,170,cha170,0.0,4.852,0.0,0.0,4.852,0.0,0.0,0.0,2019-08-19
36,171,cha171,0.0,3.047,0.0,0.0,3.047,0.0,0.0,0.0,2019-08-19
37,173,cha173,0.0,6.903,0.0,0.0,6.903,0.0,0.0,0.0,2019-08-19
1,29,cha029,0.0,0.0,0.0,0.0,0.0,0.0,0.0,0.0,2019-08-20
2,35,cha035,0.0,0.0,0.0,0.0,0.0,0.0,0.0,0.0,2019-08-20
3,37,cha037,0.0,0.0,0.0,0.0,0.0,0.0,0.0,0.0,2019-08-20
4,38,cha038,0.0,0.03028,0.0,0.0,0.03028,0.0,0.0,0.0,2019-08-20
5,39,cha039,0.0,0.0,0.0,0.0,0.0,0.0,0.0,0.0,2019-08-20
6,41,cha041,0.0,0.0,0.0,0.0,0.0,0.0,0.0,0.0,2019-08-20
7,43,cha043,0.0,0.0,0.0,0.0,0.0,0.0,0.0,0.0,2019-08-20
8,44,cha044,0.0,0.0,0.0,0.0,0.0,0.0,0.0,0.0,2019-08-20
9,45,cha045,0.0,0.0,0.0,0.0,0.0,0.0,0.0,0.0,2019-08-20
10,50,cha050,0.0,0.0,0.0,0.0,0.0,0.0,0.0,0.0,2019-08-20
11,51,cha051,0.0,0.0,0.0,0.0,0.0,0.0,0.0,0.0,2019-08-20
12,54,cha054,0.0,0.0,0.0,0.0,0.0,0.0,0.0,0.0,2019-08-20
13,57,cha057,0.0,0.0,0.0,0.0,0.0,0.0,0.0,0.0,2019-08-20
14,59,cha059,0.0,0.0,0.0,0.0,0.0,0.0,0.0,0.0,2019-08-20
15,64,cha064,0.0,0.0,0.0,0.0,0.0,0.0,0.0,0.0,2019-08-20
16,66,cha066,0.0,0.0,0.0,0.0,0.0,0.0,0.0,0.0,2019-08-20
17,70,cha070,0.0,0.0,0.0,0.0,0.0,0.0,0.0,0.0,2019-08-20
18,71,cha071,0.0,0.0,0.0,0.0,0.0,0.0,0.0,0.0,2019-08-20
19,74,cha074,0.0,0.0,0.0,0.0,0.0,0.0,0.0,0.0,2019-08-20
20,138,cha138,0.0,2.896,0.0,0.0,2.896,0.0,0.0,0.0,2019-08-20
21,141,cha141,0.0,1.945,0.0,0.0,1.945,0.0,0.0,0.0,2019-08-20
22,142,cha142,0.0,0.1808,0.0,0.0,0.1808,0.0,0.0,0.0,2019-08-20
23,146,cha146,0.0,0.6511,0.0,0.0,0.6511,0.0,0.0,0.0,2019-08-20
24,148,cha148,0.0,2.728,0.0,0.0,2.728,0.0,0.0,0.0,2019-08-20
25,153,cha153,0.0,12.79,0.0,0.0,12.79,0.0,0.0,0.0,2019-08-20
26,155,cha155,0.0,11.63,0.0,0.0,11.63,0.0,0.0,0.0,2019-08-20
27,158,cha158,0.0,7.583,0.0,0.0,7.583,0.0,0.0,0.0,2019-08-20
28,161,cha161,0.0,9.613,0.0,0.0,9.613,0.0,0.0,0.0,2019-08-20
29,162,cha162,0.0,0.5249,0.0,0.0,0.5249,0.0,0.0,0.0,2019-08-20
30,165,cha165,0.0,5.982,0.0,0.0,5.982,0.0,0.0,0.0,2019-08-20
31,166,cha166,0.0,0.857,0.0,0.0,0.857,0.0,0.0,0.0,2019-08-20
32,167,cha167,0.0,8.18,0.0,0.0,8.18,0.0,0.0,0.0,2019-08-20
33,168,cha168,0.0,0.3829,0.0,0.0,0.3829,0.0,0.0,0.0,2019-08-20
34,169,cha169,0.0,4.521,0.0,0.0,4.521,0.0,0.0,0.0,2019-08-20
35,170,cha170,0.0,2.457,0.0,0.0,2.457,0.0,0.0,0.0,2019-08-20
36,171,cha171,0.0,1.56,0.0,0.0,1.56,0.0,0.0,0.0,2019-08-20
37,173,cha173,0.0,3.527,0.0,0.0,3.527,0.0,0.0,0.0,2019-08-20
1,29,cha029,0.0,0.0,0.0,0.0,0.0,0.0,0.0,0.0,2019-08-21
2,35,cha035,0.0,0.0,0.0,0.0,0.0,0.0,0.0,0.0,2019-08-21
3,37,cha037,0.0,0.0,0.0,0.0,0.0,0.0,0.0,0.0,2019-08-21
4,38,cha038,0.0,0.0305,0.0,0.0,0.0305,0.0,0.0,0.0,2019-08-21
5,39,cha039,0.0,0.0,0.0,0.0,0.0,0.0,0.0,0.0,2019-08-21
6,41,cha041,0.0,0.0,0.0,0.0,0.0,0.0,0.0,0.0,2019-08-21
7,43,cha043,0.0,0.0,0.0,0.0,0.0,0.0,0.0,0.0,2019-08-21
8,44,cha044,0.0,0.0,0.0,0.0,0.0,0.0,0.0,0.0,2019-08-21
9,45,cha045,0.0,0.0,0.0,0.0,0.0,0.0,0.0,0.0,2019-08-21
10,50,cha050,0.0,0.0,0.0,0.0,0.0,0.0,0.0,0.0,2019-08-21
11,51,cha051,0.0,0.0,0.0,0.0,0.0,0.0,0.0,0.0,2019-08-21
12,54,cha054,0.0,0.0,0.0,0.0,0.0,0.0,0.0,0.0,2019-08-21
13,57,cha057,0.0,0.0,0.0,0.0,0.0,0.0,0.0,0.0,2019-08-21
14,59,cha059,0.0,0.0,0.0,0.0,0.0,0.0,0.0,0.0,2019-08-21
15,64,cha064,0.0,0.0,0.0,0.0,0.0,0.0,0.0,0.0,2019-08-21
16,66,cha066,0.0,0.0,0.0,0.0,0.0,0.0,0.0,0.0,2019-08-21
17,70,cha070,0.0,0.0,0.0,0.0,0.0,0.0,0.0,0.0,2019-08-21
18,71,cha071,0.0,0.0,0.0,0.0,0.0,0.0,0.0,0.0,2019-08-21
19,74,cha074,0.0,0.0,0.0,0.0,0.0,0.0,0.0,0.0,2019-08-21
20,138,cha138,0.0,1.619,0.0,0.0,1.619,0.0,0.0,0.0,2019-08-21
21,141,cha141,0.0,1.132,0.0,0.0,1.132,0.0,0.0,0.0,2019-08-21
22,142,cha142,0.0,0.09504,0.0,0.0,0.09504,0.0,0.0,0.0,2019-08-21
23,146,cha146,0.0,0.3273,0.0,0.0,0.3273,0.0,0.0,0.0,2019-08-21
24,148,cha148,0.0,1.532,0.0,0.0,1.532,0.0,0.0,0.0,2019-08-21
25,153,cha153,0.0,6.623,0.0,0.0,6.623,0.0,0.0,0.0,2019-08-21
26,155,cha155,0.0,5.921,0.0,0.0,5.921,0.0,0.0,0.0,2019-08-21
27,158,cha158,0.0,3.888,0.0,0.0,3.888,0.0,0.0,0.0,2019-08-21
28,161,cha161,0.0,4.946,0.0,0.0,4.946,0.0,0.0,0.0,2019-08-21
29,162,cha162,0.0,0.2743,0.0,0.0,0.2743,0.0,0.0,0.0,2019-08-21
30,165,cha165,0.0,3.063,0.0,0.0,3.063,0.0,0.0,0.0,2019-08-21
31,166,cha166,0.0,0.4789,0.0,0.0,0.4789,0.0,0.0,0.0,2019-08-21
32,167,cha167,0.0,4.199,0.0,0.0,4.199,0.0,0.0,0.0,2019-08-21
33,168,cha168,0.0,0.1809,0.0,0.0,0.1809,0.0,0.0,0.0,2019-08-21
34,169,cha169,0.0,2.347,0.0,0.0,2.347,0.0,0.0,0.0,2019-08-21
35,170,cha170,0.0,1.257,0.0,0.0,1.257,0.0,0.0,0.0,2019-08-21
36,171,cha171,0.0,0.8109,0.0,0.0,0.8109,0.0,0.0,0.0,2019-08-21
37,173,cha173,0.0,1.824,0.0,0.0,1.824,0.0,0.0,0.0,2019-08-21
1,29,cha029,0.0,0.0,0.0,0.0,0.0,0.0,0.0,0.0,2019-08-22
2,35,cha035,0.0,0.0,0.0,0.0,0.0,0.0,0.0,0.0,2019-08-22
3,37,cha037,0.0,0.0,0.0,0.0,0.0,0.0,0.0,0.0,2019-08-22
4,38,cha038,0.0,0.03071,0.0,0.0,0.03071,0.0,0.0,0.0,2019-08-22
5,39,cha039,0.0,0.0,0.0,0.0,0.0,0.0,0.0,0.0,2019-08-22
6,41,cha041,0.0,0.0,0.0,0.0,0.0,0.0,0.0,0.0,2019-08-22
7,43,cha043,0.0,0.0,0.0,0.0,0.0,0.0,0.0,0.0,2019-08-22
8,44,cha044,0.0,0.0,0.0,0.0,0.0,0.0,0.0,0.0,2019-08-22
9,45,cha045,0.0,0.0,0.0,0.0,0.0,0.0,0.0,0.0,2019-08-22
10,50,cha050,0.0,0.0,0.0,0.0,0.0,0.0,0.0,0.0,2019-08-22
11,51,cha051,0.0,0.0,0.0,0.0,0.0,0.0,0.0,0.0,2019-08-22
12,54,cha054,0.0,0.0,0.0,0.0,0.0,0.0,0.0,0.0,2019-08-22
13,57,cha057,0.0,0.0,0.0,0.0,0.0,0.0,0.0,0.0,2019-08-22
14,59,cha059,0.0,0.0,0.0,0.0,0.0,0.0,0.0,0.0,2019-08-22
15,64,cha064,0.0,0.0,0.0,0.0,0.0,0.0,0.0,0.0,2019-08-22
16,66,cha066,0.0,0.0,0.0,0.0,0.0,0.0,0.0,0.0,2019-08-22
17,70,cha070,0.0,0.0,0.0,0.0,0.0,0.0,0.0,0.0,2019-08-22
18,71,cha071,0.0,0.0,0.0,0.0,0.0,0.0,0.0,0.0,2019-08-22
19,74,cha074,0.0,0.0,0.0,0.0,0.0,0.0,0.0,0.0,2019-08-22
20,138,cha138,0.0,0.9249,0.0,0.0,0.9249,0.0,0.0,0.0,2019-08-22
21,141,cha141,0.0,0.6694,0.0,0.0,0.6694,0.0,0.0,0.0,2019-08-22
22,142,cha142,0.0,0.05002,0.0,0.0,0.05002,0.0,0.0,0.0,2019-08-22
23,146,cha146,0.0,0.1676,0.0,0.0,0.1676,0.0,0.0,0.0,2019-08-22
24,148,cha148,0.0,0.8782,0.0,0.0,0.8782,0.0,0.0,0.0,2019-08-22
25,153,cha153,0.0,3.502,0.0,0.0,3.502,0.0,0.0,0.0,2019-08-22
26,155,cha155,0.0,3.076,0.0,0.0,3.076,0.0,0.0,0.0,2019-08-22
27,158,cha158,0.0,2.028,0.0,0.0,2.028,0.0,0.0,0.0,2019-08-22
28,161,cha161,0.0,2.59,0.0,0.0,2.59,0.0,0.0,0.0,2019-08-22
29,162,cha162,0.0,0.1434,0.0,0.0,0.1434,0.0,0.0,0.0,2019-08-22
30,165,cha165,0.0,1.591,0.0,0.0,1.591,0.0,0.0,0.0,2019-08-22
31,166,cha166,0.0,0.2679,0.0,0.0,0.2679,0.0,0.0,0.0,2019-08-22
32,167,cha167,0.0,2.191,0.0,0.0,2.191,0.0,0.0,0.0,2019-08-22
33,168,cha168,0.0,0.08559,0.0,0.0,0.08559,0.0,0.0,0.0,2019-08-22
34,169,cha169,0.0,1.237,0.0,0.0,1.237,0.0,0.0,0.0,2019-08-22
35,170,cha170,0.0,0.6499,0.0,0.0,0.6499,0.0,0.0,0.0,2019-08-22
36,171,cha171,0.0,0.427,0.0,0.0,0.427,0.0,0.0,0.0,2019-08-22
37,173,cha173,0.0,0.9576,0.0,0.0,0.9576,0.0,0.0,0.0,2019-08-22
1,29,cha029,0.0,0.0,0.0,0.0,0.0,0.0,0.0,0.0,2019-08-23
2,35,cha035,0.0,0.0,0.0,0.0,0.0,0.0,0.0,0.0,2019-08-23
3,37,cha037,0.0,0.0,0.0,0.0,0.0,0.0,0.0,0.0,2019-08-23
4,38,cha038,0.0,0.03091,0.0,0.0,0.03091,0.0,0.0,0.0,2019-08-23
5,39,cha039,0.0,0.0,0.0,0.0,0.0,0.0,0.0,0.0,2019-08-23
6,41,cha041,0.0,0.0,0.0,0.0,0.0,0.0,0.0,0.0,2019-08-23
7,43,cha043,0.0,0.0,0.0,0.0,0.0,0.0,0.0,0.0,2019-08-23
8,44,cha044,0.0,0.0,0.0,0.0,0.0,0.0,0.0,0.0,2019-08-23
9,45,cha045,0.0,0.0,0.0,0.0,0.0,0.0,0.0,0.0,2019-08-23
10,50,cha050,0.0,0.0,0.0,0.0,0.0,0.0,0.0,0.0,2019-08-23
11,51,cha051,0.0,0.0,0.0,0.0,0.0,0.0,0.0,0.0,2019-08-23
12,54,cha054,0.0,0.0,0.0,0.0,0.0,0.0,0.0,0.0,2019-08-23
13,57,cha057,0.0,0.0,0.0,0.0,0.0,0.0,0.0,0.0,2019-08-23
14,59,cha059,0.0,0.0,0.0,0.0,0.0,0.0,0.0,0.0,2019-08-23
15,64,cha064,0.0,0.0,0.0,0.0,0.0,0.0,0.0,0.0,2019-08-23
16,66,cha066,0.0,0.0,0.0,0.0,0.0,0.0,0.0,0.0,2019-08-23
17,70,cha070,0.0,0.0,0.0,0.0,0.0,0.0,0.0,0.0,2019-08-23
18,71,cha071,0.0,0.0,0.0,0.0,0.0,0.0,0.0,0.0,2019-08-23
19,74,cha074,0.0,0.0,0.0,0.0,0.0,0.0,0.0,0.0,2019-08-23
20,138,cha138,0.0,0.5368,0.0,0.0,0.5368,0.0,0.0,0.0,2019-08-23
21,141,cha141,0.0,0.4005,0.0,0.0,0.4005,0.0,0.0,0.0,2019-08-23
22,142,cha142,0.0,0.02637,0.0,0.0,0.02637,0.0,0.0,0.0,2019-08-23
23,146,cha146,0.0,0.08737,0.0,0.0,0.08737,0.0,0.0,0.0,2019-08-23
24,148,cha148,0.0,0.5113,0.0,0.0,0.5113,0.0,0.0,0.0,2019-08-23
25,153,cha153,0.0,1.892,0.0,0.0,1.892,0.0,0.0,0.0,2019-08-23
26,155,cha155,0.0,1.633,0.0,0.0,1.633,0.0,0.0,0.0,2019-08-23
27,158,cha158,0.0,1.077,0.0,0.0,1.077,0.0,0.0,0.0,2019-08-23
28,161,cha161,0.0,1.38,0.0,0.0,1.38,0.0,0.0,0.0,2019-08-23
29,162,cha162,0.0,0.07509,0.0,0.0,0.07509,0.0,0.0,0.0,2019-08-23
30,165,cha165,0.0,0.8417,0.0,0.0,0.8417,0.0,0.0,0.0,2019-08-23
31,166,cha166,0.0,0.1501,0.0,0.0,0.1501,0.0,0.0,0.0,2019-08-23
32,167,cha167,0.0,1.162,0.0,0.0,1.162,0.0,0.0,0.0,2019-08-23
33,168,cha168,0.0,0.04061,0.0,0.0,0.04061,0.0,0.0,0.0,2019-08-23
34,169,cha169,0.0,0.6648,0.0,0.0,0.6648,0.0,0.0,0.0,2019-08-23
35,170,cha170,0.0,0.3391,0.0,0.0,0.3391,0.0,0.0,0.0,2019-08-23
36,171,cha171,0.0,0.2274,0.0,0.0,0.2274,0.0,0.0,0.0,2019-08-23
37,173,cha173,0.0,0.5135,0.0,0.0,0.5135,0.0,0.0,0.0,2019-08-23
1,29,cha029,0.0,0.0,0.0,0.0,0.0,0.0,0.0,0.0,2019-08-24
2,35,cha035,0.0,0.0,0.0,0.0,0.0,0.0,0.0,0.0,2019-08-24
3,37,cha037,0.0,0.0,0.0,0.0,0.0,0.0,0.0,0.0,2019-08-24
4,38,cha038,0.0,0.0,0.0,0.0,0.0,0.0,0.0,0.0,2019-08-24
5,39,cha039,0.0,0.0,0.0,0.0,0.0,0.0,0.0,0.0,2019-08-24
6,41,cha041,0.0,0.0,0.0,0.0,0.0,0.0,0.0,0.0,2019-08-24
7,43,cha043,0.0,0.0,0.0,0.0,0.0,0.0,0.0,0.0,2019-08-24
8,44,cha044,0.0,0.0,0.0,0.0,0.0,0.0,0.0,0.0,2019-08-24
9,45,cha045,0.0,0.0,0.0,0.0,0.0,0.0,0.0,0.0,2019-08-24
10,50,cha050,0.0,0.0,0.0,0.0,0.0,0.0,0.0,0.0,2019-08-24
11,51,cha051,0.0,0.0,0.0,0.0,0.0,0.0,0.0,0.0,2019-08-24
12,54,cha054,0.0,0.0,0.0,0.0,0.0,0.0,0.0,0.0,2019-08-24
13,57,cha057,0.0,0.0,0.0,0.0,0.0,0.0,0.0,0.0,2019-08-24
14,59,cha059,0.0,0.0,0.0,0.0,0.0,0.0,0.0,0.0,2019-08-24
15,64,cha064,0.0,0.0,0.0,0.0,0.0,0.0,0.0,0.0,2019-08-24
16,66,cha066,0.0,0.0,0.0,0.0,0.0,0.0,0.0,0.0,2019-08-24
17,70,cha070,0.0,0.0,0.0,0.0,0.0,0.0,0.0,0.0,2019-08-24
18,71,cha071,0.0,0.0,0.0,0.0,0.0,0.0,0.0,0.0,2019-08-24
19,74,cha074,0.0,0.0,0.0,0.0,0.0,0.0,0.0,0.0,2019-08-24
20,138,cha138,0.0,0.3157,0.0,0.0,0.3157,0.0,0.0,0.0,2019-08-24
21,141,cha141,0.0,0.242,0.0,0.0,0.242,0.0,0.0,0.0,2019-08-24
22,142,cha142,0.0,0.01396,0.0,0.0,0.01396,0.0,0.0,0.0,2019-08-24
23,146,cha146,0.0,0.04631,0.0,0.0,0.04631,0.0,0.0,0.0,2019-08-24
24,148,cha148,0.0,0.3015,0.0,0.0,0.3015,0.0,0.0,0.0,2019-08-24
25,153,cha153,0.0,1.019,0.0,0.0,1.019,0.0,0.0,0.0,2019-08-24
26,155,cha155,0.0,0.8616,0.0,0.0,0.8616,0.0,0.0,0.0,2019-08-24
27,158,cha158,0.0,0.5535,0.0,0.0,0.5535,0.0,0.0,0.0,2019-08-24
28,161,cha161,0.0,0.7186,0.0,0.0,0.7186,0.0,0.0,0.0,2019-08-24
29,162,cha162,0.0,0.0394,0.0,0.0,0.0394,0.0,0.0,0.0,2019-08-24
30,165,cha165,0.0,0.4252,0.0,0.0,0.4252,0.0,0.0,0.0,2019-08-24
31,166,cha166,0.0,0.08432,0.0,0.0,0.08432,0.0,0.0,0.0,2019-08-24
32,167,cha167,0.0,0.5982,0.0,0.0,0.5982,0.0,0.0,0.0,2019-08-24
33,168,cha168,0.0,0.01939,0.0,0.0,0.01939,0.0,0.0,0.0,2019-08-24
34,169,cha169,0.0,0.3359,0.0,0.0,0.3359,0.0,0.0,0.0,2019-08-24
35,170,cha170,0.0,0.1787,0.0,0.0,0.1787,0.0,0.0,0.0,2019-08-24
36,171,cha171,0.0,0.1223,0.0,0.0,0.1223,0.0,0.0,0.0,2019-08-24
37,173,cha173,0.0,0.2534,0.0,0.0,0.2534,0.0,0.0,0.0,2019-08-24
1,29,cha029,0.0,0.0,0.0,0.0,0.0,0.0,0.0,0.0,2019-08-25
2,35,cha035,0.0,0.0,0.0,0.0,0.0,0.0,0.0,0.0,2019-08-25
3,37,cha037,0.0,0.0,0.0,0.0,0.0,0.0,0.0,0.0,2019-08-25
4,38,cha038,0.0,0.001689,0.0,0.0,0.001689,0.0,0.0,0.0,2019-08-25
5,39,cha039,0.0,0.0,0.0,0.0,0.0,0.0,0.0,0.0,2019-08-25
6,41,cha041,0.0,0.0,0.0,0.0,0.0,0.0,0.0,0.0,2019-08-25
7,43,cha043,0.0,0.0,0.0,0.0,0.0,0.0,0.0,0.0,2019-08-25
8,44,cha044,0.0,0.0,0.0,0.0,0.0,0.0,0.0,0.0,2019-08-25
9,45,cha045,0.0,0.0,0.0,0.0,0.0,0.0,0.0,0.0,2019-08-25
10,50,cha050,0.0,0.0,0.0,0.0,0.0,0.0,0.0,0.0,2019-08-25
11,51,cha051,0.0,0.0,0.0,0.0,0.0,0.0,0.0,0.0,2019-08-25
12,54,cha054,0.0,0.0,0.0,0.0,0.0,0.0,0.0,0.0,2019-08-25
13,57,cha057,0.0,0.0,0.0,0.0,0.0,0.0,0.0,0.0,2019-08-25
14,59,cha059,0.0,0.0,0.0,0.0,0.0,0.0,0.0,0.0,2019-08-25
15,64,cha064,0.0,0.0,0.0,0.0,0.0,0.0,0.0,0.0,2019-08-25
16,66,cha066,0.0,0.0,0.0,0.0,0.0,0.0,0.0,0.0,2019-08-25
17,70,cha070,0.0,0.0,0.0,0.0,0.0,0.0,0.0,0.0,2019-08-25
18,71,cha071,0.0,0.0,0.0,0.0,0.0,0.0,0.0,0.0,2019-08-25
19,74,cha074,0.0,0.0,0.0,0.0,0.0,0.0,0.0,0.0,2019-08-25
20,138,cha138,0.0,0.1878,0.0,0.0,0.1878,0.0,0.0,0.0,2019-08-25
21,141,cha141,0.0,0.1475,0.0,0.0,0.1475,0.0,0.0,0.0,2019-08-25
22,142,cha142,0.0,0.007443,0.0,0.0,0.007443,0.0,0.0,0.0,2019-08-25
23,146,cha146,0.0,0.02499,0.0,0.0,0.02499,0.0,0.0,0.0,2019-08-25
24,148,cha148,0.0,0.1799,0.0,0.0,0.1799,0.0,0.0,0.0,2019-08-25
25,153,cha153,0.0,0.5747,0.0,0.0,0.5747,0.0,0.0,0.0,2019-08-25
26,155,cha155,0.0,0.4789,0.0,0.0,0.4789,0.0,0.0,0.0,2019-08-25
27,158,cha158,0.0,0.298,0.0,0.0,0.298,0.0,0.0,0.0,2019-08-25
28,161,cha161,0.0,0.3892,0.0,0.0,0.3892,0.0,0.0,0.0,2019-08-25
29,162,cha162,0.0,0.02077,0.0,0.0,0.02077,0.0,0.0,0.0,2019-08-25
30,165,cha165,0.0,0.2272,0.0,0.0,0.2272,0.0,0.0,0.0,2019-08-25
31,166,cha166,0.0,0.04761,0.0,0.0,0.04761,0.0,0.0,0.0,2019-08-25
32,167,cha167,0.0,0.3216,0.0,0.0,0.3216,0.0,0.0,0.0,2019-08-25
33,168,cha168,0.0,0.00937,0.0,0.0,0.00937,0.0,0.0,0.0,2019-08-25
34,169,cha169,0.0,0.1815,0.0,0.0,0.1815,0.0,0.0,0.0,2019-08-25
35,170,cha170,0.0,0.09536,0.0,0.0,0.09536,0.0,0.0,0.0,2019-08-25
36,171,cha171,0.0,0.06658,0.0,0.0,0.06658,0.0,0.0,0.0,2019-08-25
37,173,cha173,0.0,0.1363,0.0,0.0,0.1363,0.0,0.0,0.0,2019-08-25
1,29,cha029,0.0,0.0,0.0,0.0,0.0,0.0,0.0,0.0,2019-08-26
2,35,cha035,0.0,0.0,0.0,0.0,0.0,0.0,0.0,0.0,2019-08-26
3,37,cha037,0.0,0.0,0.0,0.0,0.0,0.0,0.0,0.0,2019-08-26
4,38,cha038,0.0,0.003294,0.0,0.0,0.003294,0.0,0.0,0.0,2019-08-26
5,39,cha039,0.0,0.0,0.0,0.0,0.0,0.0,0.0,0.0,2019-08-26
6,41,cha041,0.0,0.0,0.0,0.0,0.0,0.0,0.0,0.0,2019-08-26
7,43,cha043,0.0,0.0,0.0,0.0,0.0,0.0,0.0,0.0,2019-08-26
8,44,cha044,0.0,0.0,0.0,0.0,0.0,0.0,0.0,0.0,2019-08-26
9,45,cha045,0.0,0.0,0.0,0.0,0.0,0.0,0.0,0.0,2019-08-26
10,50,cha050,0.0,0.0,0.0,0.0,0.0,0.0,0.0,0.0,2019-08-26
11,51,cha051,0.0,0.0,0.0,0.0,0.0,0.0,0.0,0.0,2019-08-26
12,54,cha054,0.0,0.0,0.0,0.0,0.0,0.0,0.0,0.0,2019-08-26
13,57,cha057,0.0,0.0,0.0,0.0,0.0,0.0,0.0,0.0,2019-08-26
14,59,cha059,0.0,0.0,0.0,0.0,0.0,0.0,0.0,0.0,2019-08-26
15,64,cha064,0.0,0.0,0.0,0.0,0.0,0.0,0.0,0.0,2019-08-26
16,66,cha066,0.0,0.0,0.0,0.0,0.0,0.0,0.0,0.0,2019-08-26
17,70,cha070,0.0,0.0,0.0,0.0,0.0,0.0,0.0,0.0,2019-08-26
18,71,cha071,0.0,0.0,0.0,0.0,0.0,0.0,0.0,0.0,2019-08-26
19,74,cha074,0.0,0.0,0.0,0.0,0.0,0.0,0.0,0.0,2019-08-26
20,138,cha138,0.0,0.1131,0.0,0.0,0.1131,0.0,0.0,0.0,2019-08-26
21,141,cha141,0.0,0.0907,0.0,0.0,0.0907,0.0,0.0,0.0,2019-08-26
22,142,cha142,0.0,0.00402,0.0,0.0,0.00402,0.0,0.0,0.0,2019-08-26
23,146,cha146,0.0,0.01379,0.0,0.0,0.01379,0.0,0.0,0.0,2019-08-26
24,148,cha148,0.0,0.1086,0.0,0.0,0.1086,0.0,0.0,0.0,2019-08-26
25,153,cha153,0.0,0.3379,0.0,0.0,0.3379,0.0,0.0,0.0,2019-08-26
26,155,cha155,0.0,0.2794,0.0,0.0,0.2794,0.0,0.0,0.0,2019-08-26
27,158,cha158,0.0,0.1643,0.0,0.0,0.1643,0.0,0.0,0.0,2019-08-26
28,161,cha161,0.0,0.2154,0.0,0.0,0.2154,0.0,0.0,0.0,2019-08-26
29,162,cha162,0.0,0.01104,0.0,0.0,0.01104,0.0,0.0,0.0,2019-08-26
30,165,cha165,0.0,0.1248,0.0,0.0,0.1248,0.0,0.0,0.0,2019-08-26
31,166,cha166,0.0,0.02712,0.0,0.0,0.02712,0.0,0.0,0.0,2019-08-26
32,167,cha167,0.0,0.177,0.0,0.0,0.177,0.0,0.0,0.0,2019-08-26
33,168,cha168,0.0,0.004642,0.0,0.0,0.004642,0.0,0.0,0.0,2019-08-26
34,169,cha169,0.0,0.1009,0.0,0.0,0.1009,0.0,0.0,0.0,2019-08-26
35,170,cha170,0.0,0.05174,0.0,0.0,0.05174,0.0,0.0,0.0,2019-08-26
36,171,cha171,0.0,0.03676,0.0,0.0,0.03676,0.0,0.0,0.0,2019-08-26
37,173,cha173,0.0,0.07596,0.0,0.0,0.07596,0.0,0.0,0.0,2019-08-26
1,29,cha029,0.0,0.0,0.0,0.0,0.0,0.0,0.0,0.0,2019-08-27
2,35,cha035,0.0,0.0,0.0,0.0,0.0,0.0,0.0,0.0,2019-08-27
3,37,cha037,0.0,0.0,0.0,0.0,0.0,0.0,0.0,0.0,2019-08-27
4,38,cha038,0.0,0.004819,0.0,0.0,0.004819,0.0,0.0,0.0,2019-08-27
5,39,cha039,0.0,0.0,0.0,0.0,0.0,0.0,0.0,0.0,2019-08-27
6,41,cha041,0.0,0.0,0.0,0.0,0.0,0.0,0.0,0.0,2019-08-27
7,43,cha043,0.0,0.0,0.0,0.0,0.0,0.0,0.0,0.0,2019-08-27
8,44,cha044,0.0,0.0,0.0,0.0,0.0,0.0,0.0,0.0,2019-08-27
9,45,cha045,0.0,0.0,0.0,0.0,0.0,0.0,0.0,0.0,2019-08-27
10,50,cha050,0.0,0.0,0.0,0.0,0.0,0.0,0.0,0.0,2019-08-27
11,51,cha051,0.0,0.0,0.0,0.0,0.0,0.0,0.0,0.0,2019-08-27
12,54,cha054,0.0,0.0,0.0,0.0,0.0,0.0,0.0,0.0,2019-08-27
13,57,cha057,0.0,0.0,0.0,0.0,0.0,0.0,0.0,0.0,2019-08-27
14,59,cha059,0.0,0.0,0.0,0.0,0.0,0.0,0.0,0.0,2019-08-27
15,64,cha064,0.0,0.0,0.0,0.0,0.0,0.0,0.0,0.0,2019-08-27
16,66,cha066,0.0,0.0,0.0,0.0,0.0,0.0,0.0,0.0,2019-08-27
17,70,cha070,0.0,0.0,0.0,0.0,0.0,0.0,0.0,0.0,2019-08-27
18,71,cha071,0.0,0.0,0.0,0.0,0.0,0.0,0.0,0.0,2019-08-27
19,74,cha074,0.0,0.0,0.0,0.0,0.0,0.0,0.0,0.0,2019-08-27
20,138,cha138,0.0,0.06902,0.0,0.0,0.06902,0.0,0.0,0.0,2019-08-27
21,141,cha141,0.0,0.05635,0.0,0.0,0.05635,0.0,0.0,0.0,2019-08-27
22,142,cha142,0.0,0.002222,0.0,0.0,0.002222,0.0,0.0,0.0,2019-08-27
23,146,cha146,0.0,0.007848,0.0,0.0,0.007848,0.0,0.0,0.0,2019-08-27
24,148,cha148,0.0,0.06643,0.0,0.0,0.06643,0.0,0.0,0.0,2019-08-27
25,153,cha153,0.0,0.2108,0.0,0.0,0.2108,0.0,0.0,0.0,2019-08-27
26,155,cha155,0.0,0.1751,0.0,0.0,0.1751,0.0,0.0,0.0,2019-08-27
27,158,cha158,0.0,0.09431,0.0,0.0,0.09431,0.0,0.0,0.0,2019-08-27
28,161,cha161,0.0,0.1235,0.0,0.0,0.1235,0.0,0.0,0.0,2019-08-27
29,162,cha162,0.0,0.005957,0.0,0.0,0.005957,0.0,0.0,0.0,2019-08-27
30,165,cha165,0.0,0.07185,0.0,0.0,0.07185,0.0,0.0,0.0,2019-08-27
31,166,cha166,0.0,0.01568,0.0,0.0,0.01568,0.0,0.0,0.0,2019-08-27
32,167,cha167,0.0,0.1012,0.0,0.0,0.1012,0.0,0.0,0.0,2019-08-27
33,168,cha168,0.0,0.002409,0.0,0.0,0.002409,0.0,0.0,0.0,2019-08-27
34,169,cha169,0.0,0.0589,0.0,0.0,0.0589,0.0,0.0,0.0,2019-08-27
35,170,cha170,0.0,0.02878,0.0,0.0,0.02878,0.0,0.0,0.0,2019-08-27
36,171,cha171,0.0,0.02071,0.0,0.0,0.02071,0.0,0.0,0.0,2019-08-27
37,173,cha173,0.0,0.04508,0.0,0.0,0.04508,0.0,0.0,0.0,2019-08-27
1,29,cha029,0.0,0.0,0.0,0.0,0.0,0.0,0.0,0.0,2019-08-28
2,35,cha035,0.0,0.0,0.0,0.0,0.0,0.0,0.0,0.0,2019-08-28
3,37,cha037,0.0,0.0,0.0,0.0,0.0,0.0,0.0,0.0,2019-08-28
4,38,cha038,0.0,0.006267,0.0,0.0,0.006267,0.0,0.0,0.0,2019-08-28
5,39,cha039,0.0,0.0,0.0,0.0,0.0,0.0,0.0,0.0,2019-08-28
6,41,cha041,0.0,0.0,0.0,0.0,0.0,0.0,0.0,0.0,2019-08-28
7,43,cha043,0.0,0.0,0.0,0.0,0.0,0.0,0.0,0.0,2019-08-28
8,44,cha044,0.0,0.0,0.0,0.0,0.0,0.0,0.0,0.0,2019-08-28
9,45,cha045,0.0,0.0,0.0,0.0,0.0,0.0,0.0,0.0,2019-08-28
10,50,cha050,0.0,0.0,0.0,0.0,0.0,0.0,0.0,0.0,2019-08-28
11,51,cha051,0.0,0.0,0.0,0.0,0.0,0.0,0.0,0.0,2019-08-28
12,54,cha054,0.0,0.0,0.0,0.0,0.0,0.0,0.0,0.0,2019-08-28
13,57,cha057,0.0,0.0,0.0,0.0,0.0,0.0,0.0,0.0,2019-08-28
14,59,cha059,0.0,0.0,0.0,0.0,0.0,0.0,0.0,0.0,2019-08-28
15,64,cha064,0.0,0.0,0.0,0.0,0.0,0.0,0.0,0.0,2019-08-28
16,66,cha066,0.0,0.0,0.0,0.0,0.0,0.0,0.0,0.0,2019-08-28
17,70,cha070,0.0,0.0,0.0,0.0,0.0,0.0,0.0,0.0,2019-08-28
18,71,cha071,0.0,0.0,0.0,0.0,0.0,0.0,0.0,0.0,2019-08-28
19,74,cha074,0.0,0.0,0.0,0.0,0.0,0.0,0.0,0.0,2019-08-28
20,138,cha138,0.0,0.04284,0.0,0.0,0.04284,0.0,0.0,0.0,2019-08-28
21,141,cha141,0.0,0.03547,0.0,0.0,0.03547,0.0,0.0,0.0,2019-08-28
22,142,cha142,0.0,0.001278,0.0,0.0,0.001278,0.0,0.0,0.0,2019-08-28
23,146,cha146,0.0,0.004666,0.0,0.0,0.004666,0.0,0.0,0.0,2019-08-28
24,148,cha148,0.0,0.04135,0.0,0.0,0.04135,0.0,0.0,0.0,2019-08-28
25,153,cha153,0.0,0.1053,0.0,0.0,0.1053,0.0,0.0,0.0,2019-08-28
26,155,cha155,0.0,0.08347,0.0,0.0,0.08347,0.0,0.0,0.0,2019-08-28
27,158,cha158,0.0,0.05775,0.0,0.0,0.05775,0.0,0.0,0.0,2019-08-28
28,161,cha161,0.0,0.07488,0.0,0.0,0.07488,0.0,0.0,0.0,2019-08-28
29,162,cha162,0.0,0.003301,0.0,0.0,0.003301,0.0,0.0,0.0,2019-08-28
30,165,cha165,0.0,0.04464,0.0,0.0,0.04464,0.0,0.0,0.0,2019-08-28
31,166,cha166,0.0,0.00929,0.0,0.0,0.00929,0.0,0.0,0.0,2019-08-28
32,167,cha167,0.0,0.06168,0.0,0.0,0.06168,0.0,0.0,0.0,2019-08-28
33,168,cha168,0.0,0.001353,0.0,0.0,0.001353,0.0,0.0,0.0,2019-08-28
34,169,cha169,0.0,0.03725,0.0,0.0,0.03725,0.0,0.0,0.0,2019-08-28
35,170,cha170,0.0,0.01665,0.0,0.0,0.01665,0.0,0.0,0.0,2019-08-28
36,171,cha171,0.0,0.01204,0.0,0.0,0.01204,0.0,0.0,0.0,2019-08-28
37,173,cha173,0.0,0.0295,0.0,0.0,0.0295,0.0,0.0,0.0,2019-08-28
1,29,cha029,0.0,0.0,0.0,0.0,0.0,0.0,0.0,0.0,2019-08-29
2,35,cha035,0.0,0.0,0.0,0.0,0.0,0.0,0.0,0.0,2019-08-29
3,37,cha037,0.0,0.0,0.0,0.0,0.0,0.0,0.0,0.0,2019-08-29
4,38,cha038,0.0,0.007643,0.0,0.0,0.007643,0.0,0.0,0.0,2019-08-29
5,39,cha039,0.0,0.0,0.0,0.0,0.0,0.0,0.0,0.0,2019-08-29
6,41,cha041,0.0,0.0,0.0,0.0,0.0,0.0,0.0,0.0,2019-08-29
7,43,cha043,0.0,0.0,0.0,0.0,0.0,0.0,0.0,0.0,2019-08-29
8,44,cha044,0.0,0.0,0.0,0.0,0.0,0.0,0.0,0.0,2019-08-29
9,45,cha045,0.0,0.0,0.0,0.0,0.0,0.0,0.0,0.0,2019-08-29
10,50,cha050,0.0,0.0,0.0,0.0,0.0,0.0,0.0,0.0,2019-08-29
11,51,cha051,0.0,0.0,0.0,0.0,0.0,0.0,0.0,0.0,2019-08-29
12,54,cha054,0.0,0.0,0.0,0.0,0.0,0.0,0.0,0.0,2019-08-29
13,57,cha057,0.0,0.0,0.0,0.0,0.0,0.0,0.0,0.0,2019-08-29
14,59,cha059,0.0,0.0,0.0,0.0,0.0,0.0,0.0,0.0,2019-08-29
15,64,cha064,0.0,0.0,0.0,0.0,0.0,0.0,0.0,0.0,2019-08-29
16,66,cha066,0.0,0.0,0.0,0.0,0.0,0.0,0.0,0.0,2019-08-29
17,70,cha070,0.0,0.0,0.0,0.0,0.0,0.0,0.0,0.0,2019-08-29
18,71,cha071,0.0,0.0,0.0,0.0,0.0,0.0,0.0,0.0,2019-08-29
19,74,cha074,0.0,0.0,0.0,0.0,0.0,0.0,0.0,0.0,2019-08-29
20,138,cha138,0.0,0.0272,0.0,0.0,0.0272,0.0,0.0,0.0,2019-08-29
21,141,cha141,0.0,0.02273,0.0,0.0,0.02273,0.0,0.0,0.0,2019-08-29
22,142,cha142,0.0,0.0007819,0.0,0.0,0.0007819,0.0,0.0,0.0,2019-08-29
23,146,cha146,0.0,0.002953,0.0,0.0,0.002953,0.0,0.0,0.0,2019-08-29
24,148,cha148,0.0,0.02633,0.0,0.0,0.02633,0.0,0.0,0.0,2019-08-29
25,153,cha153,0.0,0.07021,0.0,0.0,0.07021,0.0,0.0,0.0,2019-08-29
26,155,cha155,0.0,0.05679,0.0,0.0,0.05679,0.0,0.0,0.0,2019-08-29
27,158,cha158,0.0,0.03884,0.0,0.0,0.03884,0.0,0.0,0.0,2019-08-29
28,161,cha161,0.0,0.04934,0.0,0.0,0.04934,0.0,0.0,0.0,2019-08-29
29,162,cha162,0.0,0.001914,0.0,0.0,0.001914,0.0,0.0,0.0,2019-08-29
30,165,cha165,0.0,0.03087,0.0,0.0,0.03087,0.0,0.0,0.0,2019-08-29
31,166,cha166,0.0,0.005721,0.0,0.0,0.005721,0.0,0.0,0.0,2019-08-29
32,167,cha167,0.0,0.0412,0.0,0.0,0.0412,0.0,0.0,0.0,2019-08-29
33,168,cha168,0.0,0.0008536,0.0,0.0,0.0008536,0.0,0.0,0.0,2019-08-29
34,169,cha169,0.0,0.0263,0.0,0.0,0.0263,0.0,0.0,0.0,2019-08-29
35,170,cha170,0.0,0.0102,0.0,0.0,0.0102,0.0,0.0,0.0,2019-08-29
36,171,cha171,0.0,0.007333,0.0,0.0,0.007333,0.0,0.0,0.0,2019-08-29
37,173,cha173,0.0,0.02189,0.0,0.0,0.02189,0.0,0.0,0.0,2019-08-29
1,29,cha029,0.0,0.0,0.0,0.0,0.0,0.0,0.0,0.0,2019-08-30
2,35,cha035,0.0,0.0,0.0,0.0,0.0,0.0,0.0,0.0,2019-08-30
3,37,cha037,0.0,0.0,0.0,0.0,0.0,0.0,0.0,0.0,2019-08-30
4,38,cha038,0.0,0.00895,0.0,0.0,0.00895,0.0,0.0,0.0,2019-08-30
5,39,cha039,0.0,0.0,0.0,0.0,0.0,0.0,0.0,0.0,2019-08-30
6,41,cha041,0.0,0.0,0.0,0.0,0.0,0.0,0.0,0.0,2019-08-30
7,43,cha043,0.0,0.0,0.0,0.0,0.0,0.0,0.0,0.0,2019-08-30
8,44,cha044,0.0,0.0,0.0,0.0,0.0,0.0,0.0,0.0,2019-08-30
9,45,cha045,0.0,0.0,0.0,0.0,0.0,0.0,0.0,0.0,2019-08-30
10,50,cha050,0.0,0.0,0.0,0.0,0.0,0.0,0.0,0.0,2019-08-30
11,51,cha051,0.0,0.0,0.0,0.0,0.0,0.0,0.0,0.0,2019-08-30
12,54,cha054,0.0,0.0,0.0,0.0,0.0,0.0,0.0,0.0,2019-08-30
13,57,cha057,0.0,0.0,0.0,0.0,0.0,0.0,0.0,0.0,2019-08-30
14,59,cha059,0.0,0.0,0.0,0.0,0.0,0.0,0.0,0.0,2019-08-30
15,64,cha064,0.0,0.0,0.0,0.0,0.0,0.0,0.0,0.0,2019-08-30
16,66,cha066,0.0,0.0,0.0,0.0,0.0,0.0,0.0,0.0,2019-08-30
17,70,cha070,0.0,0.0,0.0,0.0,0.0,0.0,0.0,0.0,2019-08-30
18,71,cha071,0.0,0.0,0.0,0.0,0.0,0.0,0.0,0.0,2019-08-30
19,74,cha074,0.0,0.0,0.0,0.0,0.0,0.0,0.0,0.0,2019-08-30
20,138,cha138,0.0,0.01781,0.0,0.0,0.01781,0.0,0.0,0.0,2019-08-30
21,141,cha141,0.0,0.01493,0.0,0.0,0.01493,0.0,0.0,0.0,2019-08-30
22,142,cha142,0.0,0.000521,0.0,0.0,0.000521,0.0,0.0,0.0,2019-08-30
23,146,cha146,0.0,0.002024,0.0,0.0,0.002024,0.0,0.0,0.0,2019-08-30
24,148,cha148,0.0,0.01729,0.0,0.0,0.01729,0.0,0.0,0.0,2019-08-30
25,153,cha153,0.0,0.05212,0.0,0.0,0.05212,0.0,0.0,0.0,2019-08-30
26,155,cha155,0.0,0.04385,0.0,0.0,0.04385,0.0,0.0,0.0,2019-08-30
27,158,cha158,0.0,0.02928,0.0,0.0,0.02928,0.0,0.0,0.0,2019-08-30
28,161,cha161,0.0,0.03611,0.0,0.0,0.03611,0.0,0.0,0.0,2019-08-30
29,162,cha162,0.0,0.001188,0.0,0.0,0.001188,0.0,0.0,0.0,2019-08-30
30,165,cha165,0.0,0.02415,0.0,0.0,0.02415,0.0,0.0,0.0,2019-08-30
31,166,cha166,0.0,0.003727,0.0,0.0,0.003727,0.0,0.0,0.0,2019-08-30
32,167,cha167,0.0,0.03081,0.0,0.0,0.03081,0.0,0.0,0.0,2019-08-30
33,168,cha168,0.0,0.0006161,0.0,0.0,0.0006161,0.0,0.0,0.0,2019-08-30
34,169,cha169,0.0,0.02102,0.0,0.0,0.02102,0.0,0.0,0.0,2019-08-30
35,170,cha170,0.0,0.006755,0.0,0.0,0.006755,0.0,0.0,0.0,2019-08-30
36,171,cha171,0.0,0.004768,0.0,0.0,0.004768,0.0,0.0,0.0,2019-08-30
37,173,cha173,0.0,0.01844,0.0,0.0,0.01844,0.0,0.0,0.0,2019-08-30
1,29,cha029,0.0,0.0,0.0,0.0,0.0,0.0,0.0,0.0,2019-08-31
2,35,cha035,0.0,0.0,0.0,0.0,0.0,0.0,0.0,0.0,2019-08-31
3,37,cha037,0.0,0.0,0.0,0.0,0.0,0.0,0.0,0.0,2019-08-31
4,38,cha038,0.0,0.01019,0.0,0.0,0.01019,0.0,0.0,0.0,2019-08-31
5,39,cha039,0.0,0.0,0.0,0.0,0.0,0.0,0.0,0.0,2019-08-31
6,41,cha041,0.0,0.0,0.0,0.0,0.0,0.0,0.0,0.0,2019-08-31
7,43,cha043,0.0,0.0,0.0,0.0,0.0,0.0,0.0,0.0,2019-08-31
8,44,cha044,0.0,0.0,0.0,0.0,0.0,0.0,0.0,0.0,2019-08-31
9,45,cha045,0.0,0.0,0.0,0.0,0.0,0.0,0.0,0.0,2019-08-31
10,50,cha050,0.0,0.0,0.0,0.0,0.0,0.0,0.0,0.0,2019-08-31
11,51,cha051,0.0,0.0,0.0,0.0,0.0,0.0,0.0,0.0,2019-08-31
12,54,cha054,0.0,0.0,0.0,0.0,0.0,0.0,0.0,0.0,2019-08-31
13,57,cha057,0.0,0.0,0.0,0.0,0.0,0.0,0.0,0.0,2019-08-31
14,59,cha059,0.0,0.0,0.0,0.0,0.0,0.0,0.0,0.0,2019-08-31
15,64,cha064,0.0,0.0,0.0,0.0,0.0,0.0,0.0,0.0,2019-08-31
16,66,cha066,0.0,0.0,0.0,0.0,0.0,0.0,0.0,0.0,2019-08-31
17,70,cha070,0.0,0.0,0.0,0.0,0.0,0.0,0.0,0.0,2019-08-31
18,71,cha071,0.0,0.0,0.0,0.0,0.0,0.0,0.0,0.0,2019-08-31
19,74,cha074,0.0,0.0,0.0,0.0,0.0,0.0,0.0,0.0,2019-08-31
20,138,cha138,0.0,0.01214,0.0,0.0,0.01214,0.0,0.0,0.0,2019-08-31
21,141,cha141,0.0,0.01014,0.0,0.0,0.01014,0.0,0.0,0.0,2019-08-31
22,142,cha142,0.0,0.0003836,0.0,0.0,0.0003836,0.0,0.0,0.0,2019-08-31
23,146,cha146,0.0,0.001519,0.0,0.0,0.001519,0.0,0.0,0.0,2019-08-31
24,148,cha148,0.0,0.01183,0.0,0.0,0.01183,0.0,0.0,0.0,2019-08-31
25,153,cha153,0.0,0.04327,0.0,0.0,0.04327,0.0,0.0,0.0,2019-08-31
26,155,cha155,0.0,0.03816,0.0,0.0,0.03816,0.0,0.0,0.0,2019-08-31
27,158,cha158,0.0,0.02467,0.0,0.0,0.02467,0.0,0.0,0.0,2019-08-31
28,161,cha161,0.0,0.02946,0.0,0.0,0.02946,0.0,0.0,0.0,2019-08-31
29,162,cha162,0.0,0.0008072,0.0,0.0,0.0008072,0.0,0.0,0.0,2019-08-31
30,165,cha165,0.0,0.02111,0.0,0.0,0.02111,0.0,0.0,0.0,2019-08-31
31,166,cha166,0.0,0.002611,0.0,0.0,0.002611,0.0,0.0,0.0,2019-08-31
32,167,cha167,0.0,0.02576,0.0,0.0,0.02576,0.0,0.0,0.0,2019-08-31
33,168,cha168,0.0,0.0005024,0.0,0.0,0.0005024,0.0,0.0,0.0,2019-08-31
34,169,cha169,0.0,0.01872,0.0,0.0,0.01872,0.0,0.0,0.0,2019-08-31
35,170,cha170,0.0,0.004909,0.0,0.0,0.004909,0.0,0.0,0.0,2019-08-31
36,171,cha171,0.0,0.003366,0.0,0.0,0.003366,0.0,0.0,0.0,2019-08-31
37,173,cha173,0.0,0.01715,0.0,0.0,0.01715,0.0,0.0,0.0,2019-08-31
1,29,cha029,0.0,0.0,0.0,0.0,0.0,0.0,0.0,0.0,2019-09-01
2,35,cha035,0.0,0.0,0.0,0.0,0.0,0.0,0.0,0.0,2019-09-01
3,37,cha037,0.0,0.0,0.0,0.0,0.0,0.0,0.0,0.0,2019-09-01
4,38,cha038,0.0,0.01137,0.0,0.0,0.01137,0.0,0.0,0.0,2019-09-01
5,39,cha039,0.0,0.0,0.0,0.0,0.0,0.0,0.0,0.0,2019-09-01
6,41,cha041,0.0,0.0,0.0,0.0,0.0,0.0,0.0,0.0,2019-09-01
7,43,cha043,0.0,0.0,0.0,0.0,0.0,0.0,0.0,0.0,2019-09-01
8,44,cha044,0.0,0.0,0.0,0.0,0.0,0.0,0.0,0.0,2019-09-01
9,45,cha045,0.0,0.0,0.0,0.0,0.0,0.0,0.0,0.0,2019-09-01
10,50,cha050,0.0,0.0,0.0,0.0,0.0,0.0,0.0,0.0,2019-09-01
11,51,cha051,0.0,0.0,0.0,0.0,0.0,0.0,0.0,0.0,2019-09-01
12,54,cha054,0.0,0.0,0.0,0.0,0.0,0.0,0.0,0.0,2019-09-01
13,57,cha057,0.0,0.0,0.0,0.0,0.0,0.0,0.0,0.0,2019-09-01
14,59,cha059,0.0,0.0,0.0,0.0,0.0,0.0,0.0,0.0,2019-09-01
15,64,cha064,0.0,0.0,0.0,0.0,0.0,0.0,0.0,0.0,2019-09-01
16,66,cha066,0.0,0.0,0.0,0.0,0.0,0.0,0.0,0.0,2019-09-01
17,70,cha070,0.0,0.0,0.0,0.0,0.0,0.0,0.0,0.0,2019-09-01
18,71,cha071,0.0,0.0,0.0,0.0,0.0,0.0,0.0,0.0,2019-09-01
19,74,cha074,0.0,0.0,0.0,0.0,0.0,0.0,0.0,0.0,2019-09-01
20,138,cha138,0.0,0.008708,0.0,0.0,0.008708,0.0,0.0,0.0,2019-09-01
21,141,cha141,0.0,0.007189,0.0,0.0,0.007189,0.0,0.0,0.0,2019-09-01
22,142,cha142,0.0,0.000311,0.0,0.0,0.000311,0.0,0.0,0.0,2019-09-01
23,146,cha146,0.0,0.001242,0.0,0.0,0.001242,0.0,0.0,0.0,2019-09-01
24,148,cha148,0.0,0.00851,0.0,0.0,0.00851,0.0,0.0,0.0,2019-09-01
25,153,cha153,0.0,0.03946,0.0,0.0,0.03946,0.0,0.0,0.0,2019-09-01
26,155,cha155,0.0,0.03628,0.0,0.0,0.03628,0.0,0.0,0.0,2019-09-01
27,158,cha158,0.0,0.02268,0.0,0.0,0.02268,0.0,0.0,0.0,2019-09-01
28,161,cha161,0.0,0.02633,0.0,0.0,0.02633,0.0,0.0,0.0,2019-09-01
29,162,cha162,0.0,0.0006073,0.0,0.0,0.0006073,0.0,0.0,0.0,2019-09-01
30,165,cha165,0.0,0.01999,0.0,0.0,0.01999,0.0,0.0,0.0,2019-09-01
31,166,cha166,0.0,0.001987,0.0,0.0,0.001987,0.0,0.0,0.0,2019-09-01
32,167,cha167,0.0,0.02354,0.0,0.0,0.02354,0.0,0.0,0.0,2019-09-01
33,168,cha168,0.0,0.0004471,0.0,0.0,0.0004471,0.0,0.0,0.0,2019-09-01
34,169,cha169,0.0,0.01798,0.0,0.0,0.01798,0.0,0.0,0.0,2019-09-01
35,170,cha170,0.0,0.003913,0.0,0.0,0.003913,0.0,0.0,0.0,2019-09-01
36,171,cha171,0.0,0.002595,0.0,0.0,0.002595,0.0,0.0,0.0,2019-09-01
37,173,cha173,0.0,0.01698,0.0,0.0,0.01698,0.0,0.0,0.0,2019-09-01
1,29,cha029,0.0,0.0,0.0,0.0,0.0,0.0,0.0,0.0,2019-09-02
2,35,cha035,0.0,0.0,0.0,0.0,0.0,0.0,0.0,0.0,2019-09-02
3,37,cha037,0.0,0.0,0.0,0.0,0.0,0.0,0.0,0.0,2019-09-02
4,38,cha038,0.0,0.01249,0.0,0.0,0.01249,0.0,0.0,0.0,2019-09-02
5,39,cha039,0.0,0.0,0.0,0.0,0.0,0.0,0.0,0.0,2019-09-02
6,41,cha041,0.0,0.0,0.0,0.0,0.0,0.0,0.0,0.0,2019-09-02
7,43,cha043,0.0,0.0,0.0,0.0,0.0,0.0,0.0,0.0,2019-09-02
8,44,cha044,0.0,0.0,0.0,0.0,0.0,0.0,0.0,0.0,2019-09-02
9,45,cha045,0.0,0.0,0.0,0.0,0.0,0.0,0.0,0.0,2019-09-02
10,50,cha050,0.0,0.0,0.0,0.0,0.0,0.0,0.0,0.0,2019-09-02
11,51,cha051,0.0,0.0,0.0,0.0,0.0,0.0,0.0,0.0,2019-09-02
12,54,cha054,0.0,0.0,0.0,0.0,0.0,0.0,0.0,0.0,2019-09-02
13,57,cha057,0.0,0.0,0.0,0.0,0.0,0.0,0.0,0.0,2019-09-02
14,59,cha059,0.0,0.0,0.0,0.0,0.0,0.0,0.0,0.0,2019-09-02
15,64,cha064,0.0,0.0,0.0,0.0,0.0,0.0,0.0,0.0,2019-09-02
16,66,cha066,0.0,0.0,0.0,0.0,0.0,0.0,0.0,0.0,2019-09-02
17,70,cha070,0.0,0.0,0.0,0.0,0.0,0.0,0.0,0.0,2019-09-02
18,71,cha071,0.0,0.0,0.0,0.0,0.0,0.0,0.0,0.0,2019-09-02
19,74,cha074,0.0,0.0,0.0,0.0,0.0,0.0,0.0,0.0,2019-09-02
20,138,cha138,0.0,0.006619,0.0,0.0,0.006619,0.0,0.0,0.0,2019-09-02
21,141,cha141,0.0,0.005368,0.0,0.0,0.005368,0.0,0.0,0.0,2019-09-02
22,142,cha142,0.0,0.0002726,0.0,0.0,0.0002726,0.0,0.0,0.0,2019-09-02
23,146,cha146,0.0,0.001089,0.0,0.0,0.001089,0.0,0.0,0.0,2019-09-02
24,148,cha148,0.0,0.006488,0.0,0.0,0.006488,0.0,0.0,0.0,2019-09-02
25,153,cha153,0.0,0.03838,0.0,0.0,0.03838,0.0,0.0,0.0,2019-09-02
26,155,cha155,0.0,0.03638,0.0,0.0,0.03638,0.0,0.0,0.0,2019-09-02
27,158,cha158,0.0,0.02207,0.0,0.0,0.02207,0.0,0.0,0.0,2019-09-02
28,161,cha161,0.0,0.02509,0.0,0.0,0.02509,0.0,0.0,0.0,2019-09-02
29,162,cha162,0.0,0.0005017,0.0,0.0,0.0005017,0.0,0.0,0.0,2019-09-02
30,165,cha165,0.0,0.01987,0.0,0.0,0.01987,0.0,0.0,0.0,2019-09-02
31,166,cha166,0.0,0.001635,0.0,0.0,0.001635,0.0,0.0,0.0,2019-09-02
32,167,cha167,0.0,0.02281,0.0,0.0,0.02281,0.0,0.0,0.0,2019-09-02
33,168,cha168,0.0,0.0004195,0.0,0.0,0.0004195,0.0,0.0,0.0,2019-09-02
34,169,cha169,0.0,0.01806,0.0,0.0,0.01806,0.0,0.0,0.0,2019-09-02
35,170,cha170,0.0,0.003372,0.0,0.0,0.003372,0.0,0.0,0.0,2019-09-02
36,171,cha171,0.0,0.00217,0.0,0.0,0.00217,0.0,0.0,0.0,2019-09-02
37,173,cha173,0.0,0.01737,0.0,0.0,0.01737,0.0,0.0,0.0,2019-09-02
1,29,cha029,0.0,0.0,0.0,0.0,0.0,0.0,0.0,0.0,2019-09-03
2,35,cha035,0.0,0.0,0.0,0.0,0.0,0.0,0.0,0.0,2019-09-03
3,37,cha037,0.0,0.0,0.0,0.0,0.0,0.0,0.0,0.0,2019-09-03
4,38,cha038,0.0,0.01355,0.0,0.0,0.01355,0.0,0.0,0.0,2019-09-03
5,39,cha039,0.0,0.0,0.0,0.0,0.0,0.0,0.0,0.0,2019-09-03
6,41,cha041,0.0,0.0,0.0,0.0,0.0,0.0,0.0,0.0,2019-09-03
7,43,cha043,0.0,0.0,0.0,0.0,0.0,0.0,0.0,0.0,2019-09-03
8,44,cha044,0.0,0.0,0.0,0.0,0.0,0.0,0.0,0.0,2019-09-03
9,45,cha045,0.0,0.0,0.0,0.0,0.0,0.0,0.0,0.0,2019-09-03
10,50,cha050,0.0,0.0,0.0,0.0,0.0,0.0,0.0,0.0,2019-09-03
11,51,cha051,0.0,0.0,0.0,0.0,0.0,0.0,0.0,0.0,2019-09-03
12,54,cha054,0.0,0.0,0.0,0.0,0.0,0.0,0.0,0.0,2019-09-03
13,57,cha057,0.0,0.0,0.0,0.0,0.0,0.0,0.0,0.0,2019-09-03
14,59,cha059,0.0,0.0,0.0,0.0,0.0,0.0,0.0,0.0,2019-09-03
15,64,cha064,0.0,0.0,0.0,0.0,0.0,0.0,0.0,0.0,2019-09-03
16,66,cha066,0.0,0.0,0.0,0.0,0.0,0.0,0.0,0.0,2019-09-03
17,70,cha070,0.0,0.0,0.0,0.0,0.0,0.0,0.0,0.0,2019-09-03
18,71,cha071,0.0,0.0,0.0,0.0,0.0,0.0,0.0,0.0,2019-09-03
19,74,cha074,0.0,0.0,0.0,0.0,0.0,0.0,0.0,0.0,2019-09-03
20,138,cha138,0.0,0.005341,0.0,0.0,0.005341,0.0,0.0,0.0,2019-09-03
21,141,cha141,0.0,0.004241,0.0,0.0,0.004241,0.0,0.0,0.0,2019-09-03
22,142,cha142,0.0,0.000252,0.0,0.0,0.000252,0.0,0.0,0.0,2019-09-03
23,146,cha146,0.0,0.001004,0.0,0.0,0.001004,0.0,0.0,0.0,2019-09-03
24,148,cha148,0.0,0.005249,0.0,0.0,0.005249,0.0,0.0,0.0,2019-09-03
25,153,cha153,0.0,0.03876,0.0,0.0,0.03876,0.0,0.0,0.0,2019-09-03
26,155,cha155,0.0,0.03749,0.0,0.0,0.03749,0.0,0.0,0.0,2019-09-03
27,158,cha158,0.0,0.02218,0.0,0.0,0.02218,0.0,0.0,0.0,2019-09-03
28,161,cha161,0.0,0.02483,0.0,0.0,0.02483,0.0,0.0,0.0,2019-09-03
29,162,cha162,0.0,0.0004454,0.0,0.0,0.0004454,0.0,0.0,0.0,2019-09-03
30,165,cha165,0.0,0.02026,0.0,0.0,0.02026,0.0,0.0,0.0,2019-09-03
31,166,cha166,0.0,0.001437,0.0,0.0,0.001437,0.0,0.0,0.0,2019-09-03
32,167,cha167,0.0,0.02285,0.0,0.0,0.02285,0.0,0.0,0.0,2019-09-03
33,168,cha168,0.0,0.0004049,0.0,0.0,0.0004049,0.0,0.0,0.0,2019-09-03
34,169,cha169,0.0,0.01856,0.0,0.0,0.01856,0.0,0.0,0.0,2019-09-03
35,170,cha170,0.0,0.003074,0.0,0.0,0.003074,0.0,0.0,0.0,2019-09-03
36,171,cha171,0.0,0.001933,0.0,0.0,0.001933,0.0,0.0,0.0,2019-09-03
37,173,cha173,0.0,0.01803,0.0,0.0,0.01803,0.0,0.0,0.0,2019-09-03
1,29,cha029,0.0,0.0,0.0,0.0,0.0,0.0,0.0,0.0,2019-09-04
2,35,cha035,0.0,0.0,0.0,0.0,0.0,0.0,0.0,0.0,2019-09-04
3,37,cha037,0.0,0.0,0.0,0.0,0.0,0.0,0.0,0.0,2019-09-04
4,38,cha038,0.0,0.01456,0.0,0.0,0.01456,0.0,0.0,0.0,2019-09-04
5,39,cha039,0.0,0.0,0.0,0.0,0.0,0.0,0.0,0.0,2019-09-04
6,41,cha041,0.0,0.0,0.0,0.0,0.0,0.0,0.0,0.0,2019-09-04
7,43,cha043,0.0,0.0,0.0,0.0,0.0,0.0,0.0,0.0,2019-09-04
8,44,cha044,0.0,0.0,0.0,0.0,0.0,0.0,0.0,0.0,2019-09-04
9,45,cha045,0.0,0.0,0.0,0.0,0.0,0.0,0.0,0.0,2019-09-04
10,50,cha050,0.0,0.0,0.0,0.0,0.0,0.0,0.0,0.0,2019-09-04
11,51,cha051,0.0,0.0,0.0,0.0,0.0,0.0,0.0,0.0,2019-09-04
12,54,cha054,0.0,0.0,0.0,0.0,0.0,0.0,0.0,0.0,2019-09-04
13,57,cha057,0.0,0.0,0.0,0.0,0.0,0.0,0.0,0.0,2019-09-04
14,59,cha059,0.0,0.0,0.0,0.0,0.0,0.0,0.0,0.0,2019-09-04
15,64,cha064,0.0,0.0,0.0,0.0,0.0,0.0,0.0,0.0,2019-09-04
16,66,cha066,0.0,0.0,0.0,0.0,0.0,0.0,0.0,0.0,2019-09-04
17,70,cha070,0.0,0.0,0.0,0.0,0.0,0.0,0.0,0.0,2019-09-04
18,71,cha071,0.0,0.0,0.0,0.0,0.0,0.0,0.0,0.0,2019-09-04
19,74,cha074,0.0,0.0,0.0,0.0,0.0,0.0,0.0,0.0,2019-09-04
20,138,cha138,0.0,0.004555,0.0,0.0,0.004555,0.0,0.0,0.0,2019-09-04
21,141,cha141,0.0,0.003541,0.0,0.0,0.003541,0.0,0.0,0.0,2019-09-04
22,142,cha142,0.0,0.0002409,0.0,0.0,0.0002409,0.0,0.0,0.0,2019-09-04
23,146,cha146,0.0,0.0009559,0.0,0.0,0.0009559,0.0,0.0,0.0,2019-09-04
24,148,cha148,0.0,0.004486,0.0,0.0,0.004486,0.0,0.0,0.0,2019-09-04
25,153,cha153,0.0,0.03992,0.0,0.0,0.03992,0.0,0.0,0.0,2019-09-04
26,155,cha155,0.0,0.03909,0.0,0.0,0.03909,0.0,0.0,0.0,2019-09-04
27,158,cha158,0.0,0.02265,0.0,0.0,0.02265,0.0,0.0,0.0,2019-09-04
28,161,cha161,0.0,0.0251,0.0,0.0,0.0251,0.0,0.0,0.0,2019-09-04
29,162,cha162,0.0,0.0004149,0.0,0.0,0.0004149,0.0,0.0,0.0,2019-09-04
30,165,cha165,0.0,0.02089,0.0,0.0,0.02089,0.0,0.0,0.0,2019-09-04
31,166,cha166,0.0,0.001324,0.0,0.0,0.001324,0.0,0.0,0.0,2019-09-04
32,167,cha167,0.0,0.02329,0.0,0.0,0.02329,0.0,0.0,0.0,2019-09-04
33,168,cha168,0.0,0.0003966,0.0,0.0,0.0003966,0.0,0.0,0.0,2019-09-04
34,169,cha169,0.0,0.01925,0.0,0.0,0.01925,0.0,0.0,0.0,2019-09-04
35,170,cha170,0.0,0.002907,0.0,0.0,0.002907,0.0,0.0,0.0,2019-09-04
36,171,cha171,0.0,0.0018,0.0,0.0,0.0018,0.0,0.0,0.0,2019-09-04
37,173,cha173,0.0,0.01882,0.0,0.0,0.01882,0.0,0.0,0.0,2019-09-04
1,29,cha029,0.0,0.0,0.0,0.0,0.0,0.0,0.0,0.0,2019-09-05
2,35,cha035,0.0,0.0,0.0,0.0,0.0,0.0,0.0,0.0,2019-09-05
3,37,cha037,0.0,0.0,0.0,0.0,0.0,0.0,0.0,0.0,2019-09-05
4,38,cha038,0.0,0.01552,0.0,0.0,0.01552,0.0,0.0,0.0,2019-09-05
5,39,cha039,0.0,0.0,0.0,0.0,0.0,0.0,0.0,0.0,2019-09-05
6,41,cha041,0.0,0.0,0.0,0.0,0.0,0.0,0.0,0.0,2019-09-05
7,43,cha043,0.0,0.0,0.0,0.0,0.0,0.0,0.0,0.0,2019-09-05
8,44,cha044,0.0,0.0,0.0,0.0,0.0,0.0,0.0,0.0,2019-09-05
9,45,cha045,0.0,0.0,0.0,0.0,0.0,0.0,0.0,0.0,2019-09-05
10,50,cha050,0.0,0.0,0.0,0.0,0.0,0.0,0.0,0.0,2019-09-05
11,51,cha051,0.0,0.0,0.0,0.0,0.0,0.0,0.0,0.0,2019-09-05
12,54,cha054,0.0,0.0,0.0,0.0,0.0,0.0,0.0,0.0,2019-09-05
13,57,cha057,0.0,0.0,0.0,0.0,0.0,0.0,0.0,0.0,2019-09-05
14,59,cha059,0.0,0.0,0.0,0.0,0.0,0.0,0.0,0.0,2019-09-05
15,64,cha064,0.0,0.0,0.0,0.0,0.0,0.0,0.0,0.0,2019-09-05
16,66,cha066,0.0,0.0,0.0,0.0,0.0,0.0,0.0,0.0,2019-09-05
17,70,cha070,0.0,0.0,0.0,0.0,0.0,0.0,0.0,0.0,2019-09-05
18,71,cha071,0.0,0.0,0.0,0.0,0.0,0.0,0.0,0.0,2019-09-05
19,74,cha074,0.0,0.0,0.0,0.0,0.0,0.0,0.0,0.0,2019-09-05
20,138,cha138,0.0,0.004069,0.0,0.0,0.004069,0.0,0.0,0.0,2019-09-05
21,141,cha141,0.0,0.003104,0.0,0.0,0.003104,0.0,0.0,0.0,2019-09-05
22,142,cha142,0.0,0.0002346,0.0,0.0,0.0002346,0.0,0.0,0.0,2019-09-05
23,146,cha146,0.0,0.0009281,0.0,0.0,0.0009281,0.0,0.0,0.0,2019-09-05
24,148,cha148,0.0,0.004014,0.0,0.0,0.004014,0.0,0.0,0.0,2019-09-05
25,153,cha153,0.0,0.04146,0.0,0.0,0.04146,0.0,0.0,0.0,2019-09-05
26,155,cha155,0.0,0.0409,0.0,0.0,0.0409,0.0,0.0,0.0,2019-09-05
27,158,cha158,0.0,0.0233,0.0,0.0,0.0233,0.0,0.0,0.0,2019-09-05
28,161,cha161,0.0,0.02563,0.0,0.0,0.02563,0.0,0.0,0.0,2019-09-05
29,162,cha162,0.0,0.0003978,0.0,0.0,0.0003978,0.0,0.0,0.0,2019-09-05
30,165,cha165,0.0,0.02163,0.0,0.0,0.02163,0.0,0.0,0.0,2019-09-05
31,166,cha166,0.0,0.001258,0.0,0.0,0.001258,0.0,0.0,0.0,2019-09-05
32,167,cha167,0.0,0.02391,0.0,0.0,0.02391,0.0,0.0,0.0,2019-09-05
33,168,cha168,0.0,0.0003912,0.0,0.0,0.0003912,0.0,0.0,0.0,2019-09-05
34,169,cha169,0.0,0.02002,0.0,0.0,0.02002,0.0,0.0,0.0,2019-09-05
35,170,cha170,0.0,0.002811,0.0,0.0,0.002811,0.0,0.0,0.0,2019-09-05
36,171,cha171,0.0,0.001724,0.0,0.0,0.001724,0.0,0.0,0.0,2019-09-05
37,173,cha173,0.0,0.01965,0.0,0.0,0.01965,0.0,0.0,0.0,2019-09-05
1,29,cha029,0.0,0.0,0.0,0.0,0.0,0.0,0.0,0.0,2019-09-06
2,35,cha035,0.0,0.0,0.0,0.0,0.0,0.0,0.0,0.0,2019-09-06
3,37,cha037,0.0,0.0,0.0,0.0,0.0,0.0,0.0,0.0,2019-09-06
4,38,cha038,0.0,0.01643,0.0,0.0,0.01643,0.0,0.0,0.0,2019-09-06
5,39,cha039,0.0,0.0,0.0,0.0,0.0,0.0,0.0,0.0,2019-09-06
6,41,cha041,0.0,0.0,0.0,0.0,0.0,0.0,0.0,0.0,2019-09-06
7,43,cha043,0.0,0.0,0.0,0.0,0.0,0.0,0.0,0.0,2019-09-06
8,44,cha044,0.0,0.0,0.0,0.0,0.0,0.0,0.0,0.0,2019-09-06
9,45,cha045,0.0,0.0,0.0,0.0,0.0,0.0,0.0,0.0,2019-09-06
10,50,cha050,0.0,0.0,0.0,0.0,0.0,0.0,0.0,0.0,2019-09-06
11,51,cha051,0.0,0.0,0.0,0.0,0.0,0.0,0.0,0.0,2019-09-06
12,54,cha054,0.0,0.0,0.0,0.0,0.0,0.0,0.0,0.0,2019-09-06
13,57,cha057,0.0,0.0,0.0,0.0,0.0,0.0,0.0,0.0,2019-09-06
14,59,cha059,0.0,0.0,0.0,0.0,0.0,0.0,0.0,0.0,2019-09-06
15,64,cha064,0.0,0.0,0.0,0.0,0.0,0.0,0.0,0.0,2019-09-06
16,66,cha066,0.0,0.0,0.0,0.0,0.0,0.0,0.0,0.0,2019-09-06
17,70,cha070,0.0,0.0,0.0,0.0,0.0,0.0,0.0,0.0,2019-09-06
18,71,cha071,0.0,0.0,0.0,0.0,0.0,0.0,0.0,0.0,2019-09-06
19,74,cha074,0.0,0.0,0.0,0.0,0.0,0.0,0.0,0.0,2019-09-06
20,138,cha138,0.0,0.003765,0.0,0.0,0.003765,0.0,0.0,0.0,2019-09-06
21,141,cha141,0.0,0.002829,0.0,0.0,0.002829,0.0,0.0,0.0,2019-09-06
22,142,cha142,0.0,0.000231,0.0,0.0,0.000231,0.0,0.0,0.0,2019-09-06
23,146,cha146,0.0,0.0009115,0.0,0.0,0.0009115,0.0,0.0,0.0,2019-09-06
24,148,cha148,0.0,0.003718,0.0,0.0,0.003718,0.0,0.0,0.0,2019-09-06
25,153,cha153,0.0,0.04317,0.0,0.0,0.04317,0.0,0.0,0.0,2019-09-06
26,155,cha155,0.0,0.04278,0.0,0.0,0.04278,0.0,0.0,0.0,2019-09-06
27,158,cha158,0.0,0.02403,0.0,0.0,0.02403,0.0,0.0,0.0,2019-09-06
28,161,cha161,0.0,0.02628,0.0,0.0,0.02628,0.0,0.0,0.0,2019-09-06
29,162,cha162,0.0,0.0003878,0.0,0.0,0.0003878,0.0,0.0,0.0,2019-09-06
30,165,cha165,0.0,0.02241,0.0,0.0,0.02241,0.0,0.0,0.0,2019-09-06
31,166,cha166,0.0,0.00122,0.0,0.0,0.00122,0.0,0.0,0.0,2019-09-06
32,167,cha167,0.0,0.02463,0.0,0.0,0.02463,0.0,0.0,0.0,2019-09-06
33,168,cha168,0.0,0.0003873,0.0,0.0,0.0003873,0.0,0.0,0.0,2019-09-06
34,169,cha169,0.0,0.02082,0.0,0.0,0.02082,0.0,0.0,0.0,2019-09-06
35,170,cha170,0.0,0.002754,0.0,0.0,0.002754,0.0,0.0,0.0,2019-09-06
36,171,cha171,0.0,0.001678,0.0,0.0,0.001678,0.0,0.0,0.0,2019-09-06
37,173,cha173,0.0,0.02048,0.0,0.0,0.02048,0.0,0.0,0.0,2019-09-06
1,29,cha029,0.0,0.0,0.0,0.0,0.0,0.0,0.0,0.0,2019-09-07
2,35,cha035,0.0,0.0,0.0,0.0,0.0,0.0,0.0,0.0,2019-09-07
3,37,cha037,0.0,0.0,0.0,0.0,0.0,0.0,0.0,0.0,2019-09-07
4,38,cha038,0.0,0.0173,0.0,0.0,0.0173,0.0,0.0,0.0,2019-09-07
5,39,cha039,0.0,0.0,0.0,0.0,0.0,0.0,0.0,0.0,2019-09-07
6,41,cha041,0.0,0.0,0.0,0.0,0.0,0.0,0.0,0.0,2019-09-07
7,43,cha043,0.0,0.0,0.0,0.0,0.0,0.0,0.0,0.0,2019-09-07
8,44,cha044,0.0,0.0,0.0,0.0,0.0,0.0,0.0,0.0,2019-09-07
9,45,cha045,0.0,0.0,0.0,0.0,0.0,0.0,0.0,0.0,2019-09-07
10,50,cha050,0.0,0.0,0.0,0.0,0.0,0.0,0.0,0.0,2019-09-07
11,51,cha051,0.0,0.0,0.0,0.0,0.0,0.0,0.0,0.0,2019-09-07
12,54,cha054,0.0,0.0,0.0,0.0,0.0,0.0,0.0,0.0,2019-09-07
13,57,cha057,0.0,0.0,0.0,0.0,0.0,0.0,0.0,0.0,2019-09-07
14,59,cha059,0.0,0.0,0.0,0.0,0.0,0.0,0.0,0.0,2019-09-07
15,64,cha064,0.0,0.0,0.0,0.0,0.0,0.0,0.0,0.0,2019-09-07
16,66,cha066,0.0,0.0,0.0,0.0,0.0,0.0,0.0,0.0,2019-09-07
17,70,cha070,0.0,0.0,0.0,0.0,0.0,0.0,0.0,0.0,2019-09-07
18,71,cha071,0.0,0.0,0.0,0.0,0.0,0.0,0.0,0.0,2019-09-07
19,74,cha074,0.0,0.0,0.0,0.0,0.0,0.0,0.0,0.0,2019-09-07
20,138,cha138,0.0,0.003572,0.0,0.0,0.003572,0.0,0.0,0.0,2019-09-07
21,141,cha141,0.0,0.002655,0.0,0.0,0.002655,0.0,0.0,0.0,2019-09-07
22,142,cha142,0.0,0.0002288,0.0,0.0,0.0002288,0.0,0.0,0.0,2019-09-07
23,146,cha146,0.0,0.0009009,0.0,0.0,0.0009009,0.0,0.0,0.0,2019-09-07
24,148,cha148,0.0,0.003531,0.0,0.0,0.003531,0.0,0.0,0.0,2019-09-07
25,153,cha153,0.0,0.04493,0.0,0.0,0.04493,0.0,0.0,0.0,2019-09-07
26,155,cha155,0.0,0.04466,0.0,0.0,0.04466,0.0,0.0,0.0,2019-09-07
27,158,cha158,0.0,0.02477,0.0,0.0,0.02477,0.0,0.0,0.0,2019-09-07
28,161,cha161,0.0,0.02697,0.0,0.0,0.02697,0.0,0.0,0.0,2019-09-07
29,162,cha162,0.0,0.0003816,0.0,0.0,0.0003816,0.0,0.0,0.0,2019-09-07
30,165,cha165,0.0,0.02319,0.0,0.0,0.02319,0.0,0.0,0.0,2019-09-07
31,166,cha166,0.0,0.001196,0.0,0.0,0.001196,0.0,0.0,0.0,2019-09-07
32,167,cha167,0.0,0.02536,0.0,0.0,0.02536,0.0,0.0,0.0,2019-09-07
33,168,cha168,0.0,0.0003841,0.0,0.0,0.0003841,0.0,0.0,0.0,2019-09-07
34,169,cha169,0.0,0.02162,0.0,0.0,0.02162,0.0,0.0,0.0,2019-09-07
35,170,cha170,0.0,0.002718,0.0,0.0,0.002718,0.0,0.0,0.0,2019-09-07
36,171,cha171,0.0,0.00165,0.0,0.0,0.00165,0.0,0.0,0.0,2019-09-07
37,173,cha173,0.0,0.0213,0.0,0.0,0.0213,0.0,0.0,0.0,2019-09-07
1,29,cha029,0.0,0.0,0.0,0.0,0.0,0.0,0.0,0.0,2019-09-08
2,35,cha035,0.0,0.0,0.0,0.0,0.0,0.0,0.0,0.0,2019-09-08
3,37,cha037,0.0,0.0,0.0,0.0,0.0,0.0,0.0,0.0,2019-09-08
4,38,cha038,0.0,0.01811,0.0,0.0,0.01811,0.0,0.0,0.0,2019-09-08
5,39,cha039,0.0,0.0,0.0,0.0,0.0,0.0,0.0,0.0,2019-09-08
6,41,cha041,0.0,0.0,0.0,0.0,0.0,0.0,0.0,0.0,2019-09-08
7,43,cha043,0.0,0.0,0.0,0.0,0.0,0.0,0.0,0.0,2019-09-08
8,44,cha044,0.0,0.0,0.0,0.0,0.0,0.0,0.0,0.0,2019-09-08
9,45,cha045,0.0,0.0,0.0,0.0,0.0,0.0,0.0,0.0,2019-09-08
10,50,cha050,0.0,0.0,0.0,0.0,0.0,0.0,0.0,0.0,2019-09-08
11,51,cha051,0.0,0.0,0.0,0.0,0.0,0.0,0.0,0.0,2019-09-08
12,54,cha054,0.0,0.0,0.0,0.0,0.0,0.0,0.0,0.0,2019-09-08
13,57,cha057,0.0,0.0,0.0,0.0,0.0,0.0,0.0,0.0,2019-09-08
14,59,cha059,0.0,0.0,0.0,0.0,0.0,0.0,0.0,0.0,2019-09-08
15,64,cha064,0.0,0.0,0.0,0.0,0.0,0.0,0.0,0.0,2019-09-08
16,66,cha066,0.0,0.0,0.0,0.0,0.0,0.0,0.0,0.0,2019-09-08
17,70,cha070,0.0,0.0,0.0,0.0,0.0,0.0,0.0,0.0,2019-09-08
18,71,cha071,0.0,0.0,0.0,0.0,0.0,0.0,0.0,0.0,2019-09-08
19,74,cha074,0.0,0.0,0.0,0.0,0.0,0.0,0.0,0.0,2019-09-08
20,138,cha138,0.0,0.003448,0.0,0.0,0.003448,0.0,0.0,0.0,2019-09-08
21,141,cha141,0.0,0.002543,0.0,0.0,0.002543,0.0,0.0,0.0,2019-09-08
22,142,cha142,0.0,0.0002273,0.0,0.0,0.0002273,0.0,0.0,0.0,2019-09-08
23,146,cha146,0.0,0.0008938,0.0,0.0,0.0008938,0.0,0.0,0.0,2019-09-08
24,148,cha148,0.0,0.00341,0.0,0.0,0.00341,0.0,0.0,0.0,2019-09-08
25,153,cha153,0.0,0.04669,0.0,0.0,0.04669,0.0,0.0,0.0,2019-09-08
26,155,cha155,0.0,0.04648,0.0,0.0,0.04648,0.0,0.0,0.0,2019-09-08
27,158,cha158,0.0,0.02551,0.0,0.0,0.02551,0.0,0.0,0.0,2019-09-08
28,161,cha161,0.0,0.02768,0.0,0.0,0.02768,0.0,0.0,0.0,2019-09-08
29,162,cha162,0.0,0.0003773,0.0,0.0,0.0003773,0.0,0.0,0.0,2019-09-08
30,165,cha165,0.0,0.02395,0.0,0.0,0.02395,0.0,0.0,0.0,2019-09-08
31,166,cha166,0.0,0.001181,0.0,0.0,0.001181,0.0,0.0,0.0,2019-09-08
32,167,cha167,0.0,0.02609,0.0,0.0,0.02609,0.0,0.0,0.0,2019-09-08
33,168,cha168,0.0,0.0003813,0.0,0.0,0.0003813,0.0,0.0,0.0,2019-09-08
34,169,cha169,0.0,0.02239,0.0,0.0,0.02239,0.0,0.0,0.0,2019-09-08
35,170,cha170,0.0,0.002693,0.0,0.0,0.002693,0.0,0.0,0.0,2019-09-08
36,171,cha171,0.0,0.001632,0.0,0.0,0.001632,0.0,0.0,0.0,2019-09-08
37,173,cha173,0.0,0.02208,0.0,0.0,0.02208,0.0,0.0,0.0,2019-09-08
1,29,cha029,0.0,0.0,0.0,0.0,0.0,0.0,0.0,0.0,2019-09-09
2,35,cha035,0.0,0.0,0.0,0.0,0.0,0.0,0.0,0.0,2019-09-09
3,37,cha037,0.0,0.0,0.0,0.0,0.0,0.0,0.0,0.0,2019-09-09
4,38,cha038,0.0,0.01889,0.0,0.0,0.01889,0.0,0.0,0.0,2019-09-09
5,39,cha039,0.0,0.0,0.0,0.0,0.0,0.0,0.0,0.0,2019-09-09
6,41,cha041,0.0,0.0,0.0,0.0,0.0,0.0,0.0,0.0,2019-09-09
7,43,cha043,0.0,0.0,0.0,0.0,0.0,0.0,0.0,0.0,2019-09-09
8,44,cha044,0.0,0.0,0.0,0.0,0.0,0.0,0.0,0.0,2019-09-09
9,45,cha045,0.0,0.0,0.0,0.0,0.0,0.0,0.0,0.0,2019-09-09
10,50,cha050,0.0,0.0,0.0,0.0,0.0,0.0,0.0,0.0,2019-09-09
11,51,cha051,0.0,0.0,0.0,0.0,0.0,0.0,0.0,0.0,2019-09-09
12,54,cha054,0.0,0.0,0.0,0.0,0.0,0.0,0.0,0.0,2019-09-09
13,57,cha057,0.0,0.0,0.0,0.0,0.0,0.0,0.0,0.0,2019-09-09
14,59,cha059,0.0,0.0,0.0,0.0,0.0,0.0,0.0,0.0,2019-09-09
15,64,cha064,0.0,0.0,0.0,0.0,0.0,0.0,0.0,0.0,2019-09-09
16,66,cha066,0.0,0.0,0.0,0.0,0.0,0.0,0.0,0.0,2019-09-09
17,70,cha070,0.0,0.0,0.0,0.0,0.0,0.0,0.0,0.0,2019-09-09
18,71,cha071,0.0,0.0,0.0,0.0,0.0,0.0,0.0,0.0,2019-09-09
19,74,cha074,0.0,0.0,0.0,0.0,0.0,0.0,0.0,0.0,2019-09-09
20,138,cha138,0.0,0.5782,0.0,0.0,0.5782,0.0,0.0,0.0,2019-09-09
21,141,cha141,0.0,0.5402,0.0,0.0,0.5402,0.0,0.0,0.0,2019-09-09
22,142,cha142,0.0,0.02903,0.0,0.0,0.02903,0.0,0.0,0.0,2019-09-09
23,146,cha146,0.0,0.2188,0.0,0.0,0.2188,0.0,0.0,0.0,2019-09-09
24,148,cha148,0.0,0.5781,0.0,0.0,0.5781,0.0,0.0,0.0,2019-09-09
25,153,cha153,0.0,0.6206,0.0,0.0,0.6206,0.0,0.0,0.0,2019-09-09
26,155,cha155,0.0,0.6204,0.0,0.0,0.6204,0.0,0.0,0.0,2019-09-09
27,158,cha158,0.0,0.2135,0.0,0.0,0.2135,0.0,0.0,0.0,2019-09-09
28,161,cha161,0.0,0.502,0.0,0.0,0.502,0.0,0.0,0.0,2019-09-09
29,162,cha162,0.0,0.01697,0.0,0.0,0.01697,0.0,0.0,0.0,2019-09-09
30,165,cha165,0.0,0.1071,0.0,0.0,0.1071,0.0,0.0,0.0,2019-09-09
31,166,cha166,0.0,0.00117,0.0,0.0,0.00117,0.0,0.0,0.0,2019-09-09
32,167,cha167,0.0,0.3681,0.0,0.0,0.3681,0.0,0.0,0.0,2019-09-09
33,168,cha168,0.0,0.0003787,0.0,0.0,0.0003787,0.0,0.0,0.0,2019-09-09
34,169,cha169,0.0,0.07888,0.0,0.0,0.07888,0.0,0.0,0.0,2019-09-09
35,170,cha170,0.0,0.002674,0.0,0.0,0.002674,0.0,0.0,0.0,2019-09-09
36,171,cha171,0.0,0.001619,0.0,0.0,0.001619,0.0,0.0,0.0,2019-09-09
37,173,cha173,0.0,0.02283,0.0,0.0,0.02283,0.0,0.0,0.0,2019-09-09
1,29,cha029,0.0,0.0,0.0,0.0,0.0,0.0,0.0,0.0,2019-09-10
2,35,cha035,0.0,0.0,0.0,0.0,0.0,0.0,0.0,0.0,2019-09-10
3,37,cha037,0.0,0.0,0.0,0.0,0.0,0.0,0.0,0.0,2019-09-10
4,38,cha038,0.0,0.01963,0.0,0.0,0.01963,0.0,0.0,0.0,2019-09-10
5,39,cha039,0.0,0.0,0.0,0.0,0.0,0.0,0.0,0.0,2019-09-10
6,41,cha041,0.0,0.0,0.0,0.0,0.0,0.0,0.0,0.0,2019-09-10
7,43,cha043,0.0,0.0,0.0,0.0,0.0,0.0,0.0,0.0,2019-09-10
8,44,cha044,0.0,0.0,0.0,0.0,0.0,0.0,0.0,0.0,2019-09-10
9,45,cha045,0.0,0.0,0.0,0.0,0.0,0.0,0.0,0.0,2019-09-10
10,50,cha050,0.0,0.0,0.0,0.0,0.0,0.0,0.0,0.0,2019-09-10
11,51,cha051,0.0,0.0,0.0,0.0,0.0,0.0,0.0,0.0,2019-09-10
12,54,cha054,0.0,0.0,0.0,0.0,0.0,0.0,0.0,0.0,2019-09-10
13,57,cha057,0.0,0.0,0.0,0.0,0.0,0.0,0.0,0.0,2019-09-10
14,59,cha059,0.0,0.0,0.0,0.0,0.0,0.0,0.0,0.0,2019-09-10
15,64,cha064,0.0,0.0,0.0,0.0,0.0,0.0,0.0,0.0,2019-09-10
16,66,cha066,0.0,0.0,0.0,0.0,0.0,0.0,0.0,0.0,2019-09-10
17,70,cha070,0.0,0.0,0.0,0.0,0.0,0.0,0.0,0.0,2019-09-10
18,71,cha071,0.0,0.0,0.0,0.0,0.0,0.0,0.0,0.0,2019-09-10
19,74,cha074,0.0,0.0,0.0,0.0,0.0,0.0,0.0,0.0,2019-09-10
20,138,cha138,0.0,0.34,0.0,0.0,0.34,0.0,0.0,0.0,2019-09-10
21,141,cha141,0.0,0.3196,0.0,0.0,0.3196,0.0,0.0,0.0,2019-09-10
22,142,cha142,0.0,0.01535,0.0,0.0,0.01535,0.0,0.0,0.0,2019-09-10
23,146,cha146,0.0,0.1192,0.0,0.0,0.1192,0.0,0.0,0.0,2019-09-10
24,148,cha148,0.0,0.34,0.0,0.0,0.34,0.0,0.0,0.0,2019-09-10
25,153,cha153,0.0,0.3321,0.0,0.0,0.3321,0.0,0.0,0.0,2019-09-10
26,155,cha155,0.0,0.332,0.0,0.0,0.332,0.0,0.0,0.0,2019-09-10
27,158,cha158,0.0,0.1122,0.0,0.0,0.1122,0.0,0.0,0.0,2019-09-10
28,161,cha161,0.0,0.2647,0.0,0.0,0.2647,0.0,0.0,0.0,2019-09-10
29,162,cha162,0.0,0.009038,0.0,0.0,0.009038,0.0,0.0,0.0,2019-09-10
30,165,cha165,0.0,0.06824,0.0,0.0,0.06824,0.0,0.0,0.0,2019-09-10
31,166,cha166,0.0,0.001162,0.0,0.0,0.001162,0.0,0.0,0.0,2019-09-10
32,167,cha167,0.0,0.194,0.0,0.0,0.194,0.0,0.0,0.0,2019-09-10
33,168,cha168,0.0,0.0003763,0.0,0.0,0.0003763,0.0,0.0,0.0,2019-09-10
34,169,cha169,0.0,0.0537,0.0,0.0,0.0537,0.0,0.0,0.0,2019-09-10
35,170,cha170,0.0,0.00266,0.0,0.0,0.00266,0.0,0.0,0.0,2019-09-10
36,171,cha171,0.0,0.001609,0.0,0.0,0.001609,0.0,0.0,0.0,2019-09-10
37,173,cha173,0.0,0.02355,0.0,0.0,0.02355,0.0,0.0,0.0,2019-09-10
1,29,cha029,0.0,0.0,0.0,0.0,0.0,0.0,0.0,0.0,2019-09-11
2,35,cha035,0.0,0.0,0.0,0.0,0.0,0.0,0.0,0.0,2019-09-11
3,37,cha037,0.0,0.0,0.0,0.0,0.0,0.0,0.0,0.0,2019-09-11
4,38,cha038,0.0,0.02033,0.0,0.0,0.02033,0.0,0.0,0.0,2019-09-11
5,39,cha039,0.0,0.0,0.0,0.0,0.0,0.0,0.0,0.0,2019-09-11
6,41,cha041,0.0,0.0,0.0,0.0,0.0,0.0,0.0,0.0,2019-09-11
7,43,cha043,0.0,0.0,0.0,0.0,0.0,0.0,0.0,0.0,2019-09-11
8,44,cha044,0.0,0.0,0.0,0.0,0.0,0.0,0.0,0.0,2019-09-11
9,45,cha045,0.0,0.0,0.0,0.0,0.0,0.0,0.0,0.0,2019-09-11
10,50,cha050,0.0,0.0,0.0,0.0,0.0,0.0,0.0,0.0,2019-09-11
11,51,cha051,0.0,0.0,0.0,0.0,0.0,0.0,0.0,0.0,2019-09-11
12,54,cha054,0.0,0.0,0.0,0.0,0.0,0.0,0.0,0.0,2019-09-11
13,57,cha057,0.0,0.0,0.0,0.0,0.0,0.0,0.0,0.0,2019-09-11
14,59,cha059,0.0,0.0,0.0,0.0,0.0,0.0,0.0,0.0,2019-09-11
15,64,cha064,0.0,0.0,0.0,0.0,0.0,0.0,0.0,0.0,2019-09-11
16,66,cha066,0.0,0.0,0.0,0.0,0.0,0.0,0.0,0.0,2019-09-11
17,70,cha070,0.0,0.0,0.0,0.0,0.0,0.0,0.0,0.0,2019-09-11
18,71,cha071,0.0,0.0,0.0,0.0,0.0,0.0,0.0,0.0,2019-09-11
19,74,cha074,0.0,0.0,0.0,0.0,0.0,0.0,0.0,0.0,2019-09-11
20,138,cha138,0.0,0.2038,0.0,0.0,0.2038,0.0,0.0,0.0,2019-09-11
21,141,cha141,0.0,0.1925,0.0,0.0,0.1925,0.0,0.0,0.0,2019-09-11
22,142,cha142,0.0,0.008888,0.0,0.0,0.008888,0.0,0.0,0.0,2019-09-11
23,146,cha146,0.0,0.06642,0.0,0.0,0.06642,0.0,0.0,0.0,2019-09-11
24,148,cha148,0.0,0.2037,0.0,0.0,0.2037,0.0,0.0,0.0,2019-09-11
25,153,cha153,0.0,0.2366,0.0,0.0,0.2366,0.0,0.0,0.0,2019-09-11
26,155,cha155,0.0,0.2365,0.0,0.0,0.2365,0.0,0.0,0.0,2019-09-11
27,158,cha158,0.0,0.1103,0.0,0.0,0.1103,0.0,0.0,0.0,2019-09-11
28,161,cha161,0.0,0.1926,0.0,0.0,0.1926,0.0,0.0,0.0,2019-09-11
29,162,cha162,0.0,0.009492,0.0,0.0,0.009492,0.0,0.0,0.0,2019-09-11
30,165,cha165,0.0,0.07769,0.0,0.0,0.07769,0.0,0.0,0.0,2019-09-11
31,166,cha166,0.0,0.007829,0.0,0.0,0.007829,0.0,0.0,0.0,2019-09-11
32,167,cha167,0.0,0.1541,0.0,0.0,0.1541,0.0,0.0,0.0,2019-09-11
33,168,cha168,0.0,0.002945,0.0,0.0,0.002945,0.0,0.0,0.0,2019-09-11
34,169,cha169,0.0,0.06341,0.0,0.0,0.06341,0.0,0.0,0.0,2019-09-11
35,170,cha170,0.0,0.015,0.0,0.0,0.015,0.0,0.0,0.0,2019-09-11
36,171,cha171,0.0,0.01286,0.0,0.0,0.01286,0.0,0.0,0.0,2019-09-11
37,173,cha173,0.0,0.04504,0.0,0.0,0.04504,0.0,0.0,0.0,2019-09-11
1,29,cha029,0.0,0.0,0.0,0.0,0.0,0.0,0.0,0.0,2019-09-12
2,35,cha035,0.0,0.0,0.0,0.0,0.0,0.0,0.0,0.0,2019-09-12
3,37,cha037,0.0,0.0,0.0,0.0,0.0,0.0,0.0,0.0,2019-09-12
4,38,cha038,0.0,0.021,0.0,0.0,0.021,0.0,0.0,0.0,2019-09-12
5,39,cha039,0.0,0.0,0.0,0.0,0.0,0.0,0.0,0.0,2019-09-12
6,41,cha041,0.0,0.0,0.0,0.0,0.0,0.0,0.0,0.0,2019-09-12
7,43,cha043,0.0,0.0,0.0,0.0,0.0,0.0,0.0,0.0,2019-09-12
8,44,cha044,0.0,0.0,0.0,0.0,0.0,0.0,0.0,0.0,2019-09-12
9,45,cha045,0.0,0.0,0.0,0.0,0.0,0.0,0.0,0.0,2019-09-12
10,50,cha050,0.0,0.0,0.0,0.0,0.0,0.0,0.0,0.0,2019-09-12
11,51,cha051,0.0,0.0,0.0,0.0,0.0,0.0,0.0,0.0,2019-09-12
12,54,cha054,0.0,0.0,0.0,0.0,0.0,0.0,0.0,0.0,2019-09-12
13,57,cha057,0.0,0.0,0.0,0.0,0.0,0.0,0.0,0.0,2019-09-12
14,59,cha059,0.0,0.0,0.0,0.0,0.0,0.0,0.0,0.0,2019-09-12
15,64,cha064,0.0,0.0,0.0,0.0,0.0,0.0,0.0,0.0,2019-09-12
16,66,cha066,0.0,0.0,0.0,0.0,0.0,0.0,0.0,0.0,2019-09-12
17,70,cha070,0.0,0.0,0.0,0.0,0.0,0.0,0.0,0.0,2019-09-12
18,71,cha071,0.0,0.0,0.0,0.0,0.0,0.0,0.0,0.0,2019-09-12
19,74,cha074,0.0,0.0,0.0,0.0,0.0,0.0,0.0,0.0,2019-09-12
20,138,cha138,0.0,0.1223,0.0,0.0,0.1223,0.0,0.0,0.0,2019-09-12
21,141,cha141,0.0,0.1158,0.0,0.0,0.1158,0.0,0.0,0.0,2019-09-12
22,142,cha142,0.0,0.004773,0.0,0.0,0.004773,0.0,0.0,0.0,2019-09-12
23,146,cha146,0.0,0.03677,0.0,0.0,0.03677,0.0,0.0,0.0,2019-09-12
24,148,cha148,0.0,0.1223,0.0,0.0,0.1223,0.0,0.0,0.0,2019-09-12
25,153,cha153,0.0,0.149,0.0,0.0,0.149,0.0,0.0,0.0,2019-09-12
26,155,cha155,0.0,0.1489,0.0,0.0,0.1489,0.0,0.0,0.0,2019-09-12
27,158,cha158,0.0,0.07063,0.0,0.0,0.07063,0.0,0.0,0.0,2019-09-12
28,161,cha161,0.0,0.1156,0.0,0.0,0.1156,0.0,0.0,0.0,2019-09-12
29,162,cha162,0.0,0.005131,0.0,0.0,0.005131,0.0,0.0,0.0,2019-09-12
30,165,cha165,0.0,0.05361,0.0,0.0,0.05361,0.0,0.0,0.0,2019-09-12
31,166,cha166,0.0,0.004875,0.0,0.0,0.004875,0.0,0.0,0.0,2019-09-12
32,167,cha167,0.0,0.09398,0.0,0.0,0.09398,0.0,0.0,0.0,2019-09-12
33,168,cha168,0.0,0.001585,0.0,0.0,0.001585,0.0,0.0,0.0,2019-09-12
34,169,cha169,0.0,0.04583,0.0,0.0,0.04583,0.0,0.0,0.0,2019-09-12
35,170,cha170,0.0,0.009186,0.0,0.0,0.009186,0.0,0.0,0.0,2019-09-12
36,171,cha171,0.0,0.007604,0.0,0.0,0.007604,0.0,0.0,0.0,2019-09-12
37,173,cha173,0.0,0.03581,0.0,0.0,0.03581,0.0,0.0,0.0,2019-09-12
1,29,cha029,0.0,0.0,0.0,0.0,0.0,0.0,0.0,0.0,2019-09-13
2,35,cha035,0.0,0.0,0.0,0.0,0.0,0.0,0.0,0.0,2019-09-13
3,37,cha037,0.0,0.0,0.0,0.0,0.0,0.0,0.0,0.0,2019-09-13
4,38,cha038,0.0,0.02163,0.0,0.0,0.02163,0.0,0.0,0.0,2019-09-13
5,39,cha039,0.0,0.0,0.0,0.0,0.0,0.0,0.0,0.0,2019-09-13
6,41,cha041,0.0,0.0,0.0,0.0,0.0,0.0,0.0,0.0,2019-09-13
7,43,cha043,0.0,0.0,0.0,0.0,0.0,0.0,0.0,0.0,2019-09-13
8,44,cha044,0.0,0.0,0.0,0.0,0.0,0.0,0.0,0.0,2019-09-13
9,45,cha045,0.0,0.0,0.0,0.0,0.0,0.0,0.0,0.0,2019-09-13
10,50,cha050,0.0,0.0,0.0,0.0,0.0,0.0,0.0,0.0,2019-09-13
11,51,cha051,0.0,0.0,0.0,0.0,0.0,0.0,0.0,0.0,2019-09-13
12,54,cha054,0.0,0.0,0.0,0.0,0.0,0.0,0.0,0.0,2019-09-13
13,57,cha057,0.0,0.0,0.0,0.0,0.0,0.0,0.0,0.0,2019-09-13
14,59,cha059,0.0,0.0,0.0,0.0,0.0,0.0,0.0,0.0,2019-09-13
15,64,cha064,0.0,0.0,0.0,0.0,0.0,0.0,0.0,0.0,2019-09-13
16,66,cha066,0.0,0.0,0.0,0.0,0.0,0.0,0.0,0.0,2019-09-13
17,70,cha070,0.0,0.0,0.0,0.0,0.0,0.0,0.0,0.0,2019-09-13
18,71,cha071,0.0,0.0,0.0,0.0,0.0,0.0,0.0,0.0,2019-09-13
19,74,cha074,0.0,0.0,0.0,0.0,0.0,0.0,0.0,0.0,2019-09-13
20,138,cha138,0.0,0.07426,0.0,0.0,0.07426,0.0,0.0,0.0,2019-09-13
21,141,cha141,0.0,0.07037,0.0,0.0,0.07037,0.0,0.0,0.0,2019-09-13
22,142,cha142,0.0,0.002611,0.0,0.0,0.002611,0.0,0.0,0.0,2019-09-13
23,146,cha146,0.0,0.02058,0.0,0.0,0.02058,0.0,0.0,0.0,2019-09-13
24,148,cha148,0.0,0.07423,0.0,0.0,0.07423,0.0,0.0,0.0,2019-09-13
25,153,cha153,0.0,0.1049,0.0,0.0,0.1049,0.0,0.0,0.0,2019-09-13
26,155,cha155,0.0,0.1048,0.0,0.0,0.1048,0.0,0.0,0.0,2019-09-13
27,158,cha158,0.0,0.05094,0.0,0.0,0.05094,0.0,0.0,0.0,2019-09-13
28,161,cha161,0.0,0.07612,0.0,0.0,0.07612,0.0,0.0,0.0,2019-09-13
29,162,cha162,0.0,0.002852,0.0,0.0,0.002852,0.0,0.0,0.0,2019-09-13
30,165,cha165,0.0,0.04144,0.0,0.0,0.04144,0.0,0.0,0.0,2019-09-13
31,166,cha166,0.0,0.003225,0.0,0.0,0.003225,0.0,0.0,0.0,2019-09-13
32,167,cha167,0.0,0.06352,0.0,0.0,0.06352,0.0,0.0,0.0,2019-09-13
33,168,cha168,0.0,0.0009419,0.0,0.0,0.0009419,0.0,0.0,0.0,2019-09-13
34,169,cha169,0.0,0.03682,0.0,0.0,0.03682,0.0,0.0,0.0,2019-09-13
35,170,cha170,0.0,0.006114,0.0,0.0,0.006114,0.0,0.0,0.0,2019-09-13
36,171,cha171,0.0,0.004809,0.0,0.0,0.004809,0.0,0.0,0.0,2019-09-13
37,173,cha173,0.0,0.03125,0.0,0.0,0.03125,0.0,0.0,0.0,2019-09-13
1,29,cha029,0.0,0.0,0.0,0.0,0.0,0.0,0.0,0.0,2019-09-14
2,35,cha035,0.0,0.0,0.0,0.0,0.0,0.0,0.0,0.0,2019-09-14
3,37,cha037,0.0,0.0,0.0,0.0,0.0,0.0,0.0,0.0,2019-09-14
4,38,cha038,0.0,0.02222,0.0,0.0,0.02222,0.0,0.0,0.0,2019-09-14
5,39,cha039,0.0,0.0,0.0,0.0,0.0,0.0,0.0,0.0,2019-09-14
6,41,cha041,0.0,0.0,0.0,0.0,0.0,0.0,0.0,0.0,2019-09-14
7,43,cha043,0.0,0.0,0.0,0.0,0.0,0.0,0.0,0.0,2019-09-14
8,44,cha044,0.0,0.0,0.0,0.0,0.0,0.0,0.0,0.0,2019-09-14
9,45,cha045,0.0,0.0,0.0,0.0,0.0,0.0,0.0,0.0,2019-09-14
10,50,cha050,0.0,0.0,0.0,0.0,0.0,0.0,0.0,0.0,2019-09-14
11,51,cha051,0.0,0.0,0.0,0.0,0.0,0.0,0.0,0.0,2019-09-14
12,54,cha054,0.0,0.0,0.0,0.0,0.0,0.0,0.0,0.0,2019-09-14
13,57,cha057,0.0,0.0,0.0,0.0,0.0,0.0,0.0,0.0,2019-09-14
14,59,cha059,0.0,0.0,0.0,0.0,0.0,0.0,0.0,0.0,2019-09-14
15,64,cha064,0.0,0.0,0.0,0.0,0.0,0.0,0.0,0.0,2019-09-14
16,66,cha066,0.0,0.0,0.0,0.0,0.0,0.0,0.0,0.0,2019-09-14
17,70,cha070,0.0,0.0,0.0,0.0,0.0,0.0,0.0,0.0,2019-09-14
18,71,cha071,0.0,0.0,0.0,0.0,0.0,0.0,0.0,0.0,2019-09-14
19,74,cha074,0.0,0.0,0.0,0.0,0.0,0.0,0.0,0.0,2019-09-14
20,138,cha138,0.0,0.06576,0.0,0.0,0.06576,0.0,0.0,0.0,2019-09-14
21,141,cha141,0.0,0.06326,0.0,0.0,0.06326,0.0,0.0,0.0,2019-09-14
22,142,cha142,0.0,0.02146,0.0,0.0,0.02146,0.0,0.0,0.0,2019-09-14
23,146,cha146,0.0,0.0317,0.0,0.0,0.0317,0.0,0.0,0.0,2019-09-14
24,148,cha148,0.0,0.06573,0.0,0.0,0.06573,0.0,0.0,0.0,2019-09-14
25,153,cha153,0.0,0.08262,0.0,0.0,0.08262,0.0,0.0,0.0,2019-09-14
26,155,cha155,0.0,0.08248,0.0,0.0,0.08248,0.0,0.0,0.0,2019-09-14
27,158,cha158,0.0,0.04105,0.0,0.0,0.04105,0.0,0.0,0.0,2019-09-14
28,161,cha161,0.0,0.05561,0.0,0.0,0.05561,0.0,0.0,0.0,2019-09-14
29,162,cha162,0.0,0.001662,0.0,0.0,0.001662,0.0,0.0,0.0,2019-09-14
30,165,cha165,0.0,0.03534,0.0,0.0,0.03534,0.0,0.0,0.0,2019-09-14
31,166,cha166,0.0,0.002302,0.0,0.0,0.002302,0.0,0.0,0.0,2019-09-14
32,167,cha167,0.0,0.04795,0.0,0.0,0.04795,0.0,0.0,0.0,2019-09-14
33,168,cha168,0.0,0.0006375,0.0,0.0,0.0006375,0.0,0.0,0.0,2019-09-14
34,169,cha169,0.0,0.03229,0.0,0.0,0.03229,0.0,0.0,0.0,2019-09-14
35,170,cha170,0.0,0.004481,0.0,0.0,0.004481,0.0,0.0,0.0,2019-09-14
36,171,cha171,0.0,0.003314,0.0,0.0,0.003314,0.0,0.0,0.0,2019-09-14
37,173,cha173,0.0,0.02912,0.0,0.0,0.02912,0.0,0.0,0.0,2019-09-14
1,29,cha029,0.0,0.0,0.0,0.0,0.0,0.0,0.0,0.0,2019-09-15
2,35,cha035,0.0,0.0,0.0,0.0,0.0,0.0,0.0,0.0,2019-09-15
3,37,cha037,0.0,0.0,0.0,0.0,0.0,0.0,0.0,0.0,2019-09-15
4,38,cha038,0.0,0.02279,0.0,0.0,0.02279,0.0,0.0,0.0,2019-09-15
5,39,cha039,0.0,0.0,0.0,0.0,0.0,0.0,0.0,0.0,2019-09-15
6,41,cha041,0.0,0.0,0.0,0.0,0.0,0.0,0.0,0.0,2019-09-15
7,43,cha043,0.0,0.0,0.0,0.0,0.0,0.0,0.0,0.0,2019-09-15
8,44,cha044,0.0,0.0,0.0,0.0,0.0,0.0,0.0,0.0,2019-09-15
9,45,cha045,0.0,0.0,0.0,0.0,0.0,0.0,0.0,0.0,2019-09-15
10,50,cha050,0.0,0.0,0.0,0.0,0.0,0.0,0.0,0.0,2019-09-15
11,51,cha051,0.0,0.0,0.0,0.0,0.0,0.0,0.0,0.0,2019-09-15
12,54,cha054,0.0,0.0,0.0,0.0,0.0,0.0,0.0,0.0,2019-09-15
13,57,cha057,0.0,0.0,0.0,0.0,0.0,0.0,0.0,0.0,2019-09-15
14,59,cha059,0.0,0.0,0.0,0.0,0.0,0.0,0.0,0.0,2019-09-15
15,64,cha064,0.0,0.0,0.0,0.0,0.0,0.0,0.0,0.0,2019-09-15
16,66,cha066,0.0,0.0,0.0,0.0,0.0,0.0,0.0,0.0,2019-09-15
17,70,cha070,0.0,0.0,0.0,0.0,0.0,0.0,0.0,0.0,2019-09-15
18,71,cha071,0.0,0.0,0.0,0.0,0.0,0.0,0.0,0.0,2019-09-15
19,74,cha074,0.0,0.0,0.0,0.0,0.0,0.0,0.0,0.0,2019-09-15
20,138,cha138,0.0,0.03929,0.0,0.0,0.03929,0.0,0.0,0.0,2019-09-15
21,141,cha141,0.0,0.03754,0.0,0.0,0.03754,0.0,0.0,0.0,2019-09-15
22,142,cha142,0.0,0.01137,0.0,0.0,0.01137,0.0,0.0,0.0,2019-09-15
23,146,cha146,0.0,0.01734,0.0,0.0,0.01734,0.0,0.0,0.0,2019-09-15
24,148,cha148,0.0,0.03926,0.0,0.0,0.03926,0.0,0.0,0.0,2019-09-15
25,153,cha153,0.0,0.07147,0.0,0.0,0.07147,0.0,0.0,0.0,2019-09-15
26,155,cha155,0.0,0.07134,0.0,0.0,0.07134,0.0,0.0,0.0,2019-09-15
27,158,cha158,0.0,0.03612,0.0,0.0,0.03612,0.0,0.0,0.0,2019-09-15
28,161,cha161,0.0,0.04495,0.0,0.0,0.04495,0.0,0.0,0.0,2019-09-15
29,162,cha162,0.0,0.00104,0.0,0.0,0.00104,0.0,0.0,0.0,2019-09-15
30,165,cha165,0.0,0.03237,0.0,0.0,0.03237,0.0,0.0,0.0,2019-09-15
31,166,cha166,0.0,0.001785,0.0,0.0,0.001785,0.0,0.0,0.0,2019-09-15
32,167,cha167,0.0,0.04002,0.0,0.0,0.04002,0.0,0.0,0.0,2019-09-15
33,168,cha168,0.0,0.0004927,0.0,0.0,0.0004927,0.0,0.0,0.0,2019-09-15
34,169,cha169,0.0,0.0301,0.0,0.0,0.0301,0.0,0.0,0.0,2019-09-15
35,170,cha170,0.0,0.003607,0.0,0.0,0.003607,0.0,0.0,0.0,2019-09-15
36,171,cha171,0.0,0.00251,0.0,0.0,0.00251,0.0,0.0,0.0,2019-09-15
37,173,cha173,0.0,0.02824,0.0,0.0,0.02824,0.0,0.0,0.0,2019-09-15
1,29,cha029,0.0,0.0,0.0,0.0,0.0,0.0,0.0,0.0,2019-09-16
2,35,cha035,0.0,0.0,0.0,0.0,0.0,0.0,0.0,0.0,2019-09-16
3,37,cha037,0.0,0.0,0.0,0.0,0.0,0.0,0.0,0.0,2019-09-16
4,38,cha038,0.0,0.02333,0.0,0.0,0.02333,0.0,0.0,0.0,2019-09-16
5,39,cha039,0.0,0.0,0.0,0.0,0.0,0.0,0.0,0.0,2019-09-16
6,41,cha041,0.0,0.0,0.0,0.0,0.0,0.0,0.0,0.0,2019-09-16
7,43,cha043,0.0,0.0,0.0,0.0,0.0,0.0,0.0,0.0,2019-09-16
8,44,cha044,0.0,0.0,0.0,0.0,0.0,0.0,0.0,0.0,2019-09-16
9,45,cha045,0.0,0.0,0.0,0.0,0.0,0.0,0.0,0.0,2019-09-16
10,50,cha050,0.0,0.0,0.0,0.0,0.0,0.0,0.0,0.0,2019-09-16
11,51,cha051,0.0,0.0,0.0,0.0,0.0,0.0,0.0,0.0,2019-09-16
12,54,cha054,0.0,0.0,0.0,0.0,0.0,0.0,0.0,0.0,2019-09-16
13,57,cha057,0.0,0.0,0.0,0.0,0.0,0.0,0.0,0.0,2019-09-16
14,59,cha059,0.0,0.0,0.0,0.0,0.0,0.0,0.0,0.0,2019-09-16
15,64,cha064,0.0,0.0,0.0,0.0,0.0,0.0,0.0,0.0,2019-09-16
16,66,cha066,0.0,0.0,0.0,0.0,0.0,0.0,0.0,0.0,2019-09-16
17,70,cha070,0.0,0.0,0.0,0.0,0.0,0.0,0.0,0.0,2019-09-16
18,71,cha071,0.0,0.0,0.0,0.0,0.0,0.0,0.0,0.0,2019-09-16
19,74,cha074,0.0,0.0,0.0,0.0,0.0,0.0,0.0,0.0,2019-09-16
20,138,cha138,0.0,0.02414,0.0,0.0,0.02414,0.0,0.0,0.0,2019-09-16
21,141,cha141,0.0,0.0228,0.0,0.0,0.0228,0.0,0.0,0.0,2019-09-16
22,142,cha142,0.0,0.006076,0.0,0.0,0.006076,0.0,0.0,0.0,2019-09-16
23,146,cha146,0.0,0.009678,0.0,0.0,0.009678,0.0,0.0,0.0,2019-09-16
24,148,cha148,0.0,0.02411,0.0,0.0,0.02411,0.0,0.0,0.0,2019-09-16
25,153,cha153,0.0,0.0661,0.0,0.0,0.0661,0.0,0.0,0.0,2019-09-16
26,155,cha155,0.0,0.06598,0.0,0.0,0.06598,0.0,0.0,0.0,2019-09-16
27,158,cha158,0.0,0.03373,0.0,0.0,0.03373,0.0,0.0,0.0,2019-09-16
28,161,cha161,0.0,0.03946,0.0,0.0,0.03946,0.0,0.0,0.0,2019-09-16
29,162,cha162,0.0,0.0007137,0.0,0.0,0.0007137,0.0,0.0,0.0,2019-09-16
30,165,cha165,0.0,0.03103,0.0,0.0,0.03103,0.0,0.0,0.0,2019-09-16
31,166,cha166,0.0,0.001494,0.0,0.0,0.001494,0.0,0.0,0.0,2019-09-16
32,167,cha167,0.0,0.03605,0.0,0.0,0.03605,0.0,0.0,0.0,2019-09-16
33,168,cha168,0.0,0.0004234,0.0,0.0,0.0004234,0.0,0.0,0.0,2019-09-16
34,169,cha169,0.0,0.02915,0.0,0.0,0.02915,0.0,0.0,0.0,2019-09-16
35,170,cha170,0.0,0.003135,0.0,0.0,0.003135,0.0,0.0,0.0,2019-09-16
36,171,cha171,0.0,0.002075,0.0,0.0,0.002075,0.0,0.0,0.0,2019-09-16
37,173,cha173,0.0,0.02801,0.0,0.0,0.02801,0.0,0.0,0.0,2019-09-16
1,29,cha029,0.0,0.0,0.0,0.0,0.0,0.0,0.0,0.0,2019-09-17
2,35,cha035,0.0,0.0,0.0,0.0,0.0,0.0,0.0,0.0,2019-09-17
3,37,cha037,0.0,0.0,0.0,0.0,0.0,0.0,0.0,0.0,2019-09-17
4,38,cha038,0.0,0.02384,0.0,0.0,0.02384,0.0,0.0,0.0,2019-09-17
5,39,cha039,0.0,0.0,0.0,0.0,0.0,0.0,0.0,0.0,2019-09-17
6,41,cha041,0.0,0.0,0.0,0.0,0.0,0.0,0.0,0.0,2019-09-17
7,43,cha043,0.0,0.0,0.0,0.0,0.0,0.0,0.0,0.0,2019-09-17
8,44,cha044,0.0,0.0,0.0,0.0,0.0,0.0,0.0,0.0,2019-09-17
9,45,cha045,0.0,0.0,0.0,0.0,0.0,0.0,0.0,0.0,2019-09-17
10,50,cha050,0.0,0.0,0.0,0.0,0.0,0.0,0.0,0.0,2019-09-17
11,51,cha051,0.0,0.0,0.0,0.0,0.0,0.0,0.0,0.0,2019-09-17
12,54,cha054,0.0,0.0,0.0,0.0,0.0,0.0,0.0,0.0,2019-09-17
13,57,cha057,0.0,0.0,0.0,0.0,0.0,0.0,0.0,0.0,2019-09-17
14,59,cha059,0.0,0.0,0.0,0.0,0.0,0.0,0.0,0.0,2019-09-17
15,64,cha064,0.0,0.0,0.0,0.0,0.0,0.0,0.0,0.0,2019-09-17
16,66,cha066,0.0,0.0,0.0,0.0,0.0,0.0,0.0,0.0,2019-09-17
17,70,cha070,0.0,0.0,0.0,0.0,0.0,0.0,0.0,0.0,2019-09-17
18,71,cha071,0.0,0.0,0.0,0.0,0.0,0.0,0.0,0.0,2019-09-17
19,74,cha074,0.0,0.0,0.0,0.0,0.0,0.0,0.0,0.0,2019-09-17
20,138,cha138,0.0,0.01541,0.0,0.0,0.01541,0.0,0.0,0.0,2019-09-17
21,141,cha141,0.0,0.01429,0.0,0.0,0.01429,0.0,0.0,0.0,2019-09-17
22,142,cha142,0.0,0.003295,0.0,0.0,0.003295,0.0,0.0,0.0,2019-09-17
23,146,cha146,0.0,0.005582,0.0,0.0,0.005582,0.0,0.0,0.0,2019-09-17
24,148,cha148,0.0,0.01538,0.0,0.0,0.01538,0.0,0.0,0.0,2019-09-17
25,153,cha153,0.0,0.06375,0.0,0.0,0.06375,0.0,0.0,0.0,2019-09-17
26,155,cha155,0.0,0.06364,0.0,0.0,0.06364,0.0,0.0,0.0,2019-09-17
27,158,cha158,0.0,0.03267,0.0,0.0,0.03267,0.0,0.0,0.0,2019-09-17
28,161,cha161,0.0,0.03671,0.0,0.0,0.03671,0.0,0.0,0.0,2019-09-17
29,162,cha162,0.0,0.0005428,0.0,0.0,0.0005428,0.0,0.0,0.0,2019-09-17
30,165,cha165,0.0,0.03053,0.0,0.0,0.03053,0.0,0.0,0.0,2019-09-17
31,166,cha166,0.0,0.001331,0.0,0.0,0.001331,0.0,0.0,0.0,2019-09-17
32,167,cha167,0.0,0.03415,0.0,0.0,0.03415,0.0,0.0,0.0,2019-09-17
33,168,cha168,0.0,0.0003897,0.0,0.0,0.0003897,0.0,0.0,0.0,2019-09-17
34,169,cha169,0.0,0.02885,0.0,0.0,0.02885,0.0,0.0,0.0,2019-09-17
35,170,cha170,0.0,0.002877,0.0,0.0,0.002877,0.0,0.0,0.0,2019-09-17
36,171,cha171,0.0,0.001838,0.0,0.0,0.001838,0.0,0.0,0.0,2019-09-17
37,173,cha173,0.0,0.0281,0.0,0.0,0.0281,0.0,0.0,0.0,2019-09-17
1,29,cha029,0.0,0.0,0.0,0.0,0.0,0.0,0.0,0.0,2019-09-18
2,35,cha035,0.0,0.0,0.0,0.0,0.0,0.0,0.0,0.0,2019-09-18
3,37,cha037,0.0,0.0,0.0,0.0,0.0,0.0,0.0,0.0,2019-09-18
4,38,cha038,0.0,0.02432,0.0,0.0,0.02432,0.0,0.0,0.0,2019-09-18
5,39,cha039,0.0,0.0,0.0,0.0,0.0,0.0,0.0,0.0,2019-09-18
6,41,cha041,0.0,0.0,0.0,0.0,0.0,0.0,0.0,0.0,2019-09-18
7,43,cha043,0.0,0.0,0.0,0.0,0.0,0.0,0.0,0.0,2019-09-18
8,44,cha044,0.0,0.0,0.0,0.0,0.0,0.0,0.0,0.0,2019-09-18
9,45,cha045,0.0,0.0,0.0,0.0,0.0,0.0,0.0,0.0,2019-09-18
10,50,cha050,0.0,0.0,0.0,0.0,0.0,0.0,0.0,0.0,2019-09-18
11,51,cha051,0.0,0.0,0.0,0.0,0.0,0.0,0.0,0.0,2019-09-18
12,54,cha054,0.0,0.0,0.0,0.0,0.0,0.0,0.0,0.0,2019-09-18
13,57,cha057,0.0,0.0,0.0,0.0,0.0,0.0,0.0,0.0,2019-09-18
14,59,cha059,0.0,0.0,0.0,0.0,0.0,0.0,0.0,0.0,2019-09-18
15,64,cha064,0.0,0.0,0.0,0.0,0.0,0.0,0.0,0.0,2019-09-18
16,66,cha066,0.0,0.0,0.0,0.0,0.0,0.0,0.0,0.0,2019-09-18
17,70,cha070,0.0,0.0,0.0,0.0,0.0,0.0,0.0,0.0,2019-09-18
18,71,cha071,0.0,0.0,0.0,0.0,0.0,0.0,0.0,0.0,2019-09-18
19,74,cha074,0.0,0.0,0.0,0.0,0.0,0.0,0.0,0.0,2019-09-18
20,138,cha138,0.0,2.963,0.0,0.0,2.963,0.0,0.0,0.0,2019-09-18
21,141,cha141,0.0,2.432,0.0,0.0,2.432,0.0,0.0,0.0,2019-09-18
22,142,cha142,0.0,0.1719,0.0,0.0,0.1719,0.0,0.0,0.0,2019-09-18
23,146,cha146,0.0,1.139,0.0,0.0,1.139,0.0,0.0,0.0,2019-09-18
24,148,cha148,0.0,2.958,0.0,0.0,2.958,0.0,0.0,0.0,2019-09-18
25,153,cha153,0.0,9.456,0.0,0.0,9.456,0.0,0.0,0.0,2019-09-18
26,155,cha155,0.0,9.41,0.0,0.0,9.41,0.0,0.0,0.0,2019-09-18
27,158,cha158,0.0,5.645,0.0,0.0,5.645,0.0,0.0,0.0,2019-09-18
28,161,cha161,0.0,7.563,0.0,0.0,7.563,0.0,0.0,0.0,2019-09-18
29,162,cha162,0.0,0.7183,0.0,0.0,0.7183,0.0,0.0,0.0,2019-09-18
30,165,cha165,0.0,3.357,0.0,0.0,3.357,0.0,0.0,0.0,2019-09-18
31,166,cha166,0.0,0.003046,0.0,0.0,0.003046,0.0,0.0,0.0,2019-09-18
32,167,cha167,0.0,6.267,0.0,0.0,6.267,0.0,0.0,0.0,2019-09-18
33,168,cha168,0.0,0.383,0.0,0.0,0.383,0.0,0.0,0.0,2019-09-18
34,169,cha169,0.0,1.569,0.0,0.0,1.569,0.0,0.0,0.0,2019-09-18
35,170,cha170,0.0,0.009641,0.0,0.0,0.009641,0.0,0.0,0.0,2019-09-18
36,171,cha171,0.0,0.004683,0.0,0.0,0.004683,0.0,0.0,0.0,2019-09-18
37,173,cha173,0.0,0.5592,0.0,0.0,0.5592,0.0,0.0,0.0,2019-09-18
1,29,cha029,0.0,0.0,0.0,0.0,0.0,0.0,0.0,0.0,2019-09-19
2,35,cha035,0.0,0.0,0.0,0.0,0.0,0.0,0.0,0.0,2019-09-19
3,37,cha037,0.0,0.0,0.0,0.0,0.0,0.0,0.0,0.0,2019-09-19
4,38,cha038,0.0,0.02478,0.0,0.0,0.02478,0.0,0.0,0.0,2019-09-19
5,39,cha039,0.0,0.0,0.0,0.0,0.0,0.0,0.0,0.0,2019-09-19
6,41,cha041,0.0,0.0,0.0,0.0,0.0,0.0,0.0,0.0,2019-09-19
7,43,cha043,0.0,0.0,0.0,0.0,0.0,0.0,0.0,0.0,2019-09-19
8,44,cha044,0.0,0.0,0.0,0.0,0.0,0.0,0.0,0.0,2019-09-19
9,45,cha045,0.0,0.0,0.0,0.0,0.0,0.0,0.0,0.0,2019-09-19
10,50,cha050,0.0,0.0,0.0,0.0,0.0,0.0,0.0,0.0,2019-09-19
11,51,cha051,0.0,0.0,0.0,0.0,0.0,0.0,0.0,0.0,2019-09-19
12,54,cha054,0.0,0.0,0.0,0.0,0.0,0.0,0.0,0.0,2019-09-19
13,57,cha057,0.0,0.0,0.0,0.0,0.0,0.0,0.0,0.0,2019-09-19
14,59,cha059,0.0,0.0,0.0,0.0,0.0,0.0,0.0,0.0,2019-09-19
15,64,cha064,0.0,0.0,0.0,0.0,0.0,0.0,0.0,0.0,2019-09-19
16,66,cha066,0.0,0.0,0.0,0.0,0.0,0.0,0.0,0.0,2019-09-19
17,70,cha070,0.0,0.0,0.0,0.0,0.0,0.0,0.0,0.0,2019-09-19
18,71,cha071,0.0,0.0,0.0,0.0,0.0,0.0,0.0,0.0,2019-09-19
19,74,cha074,0.0,0.0,0.0,0.0,0.0,0.0,0.0,0.0,2019-09-19
20,138,cha138,0.0,1.668,0.0,0.0,1.668,0.0,0.0,0.0,2019-09-19
21,141,cha141,0.0,1.406,0.0,0.0,1.406,0.0,0.0,0.0,2019-09-19
22,142,cha142,0.0,0.09037,0.0,0.0,0.09037,0.0,0.0,0.0,2019-09-19
23,146,cha146,0.0,0.605,0.0,0.0,0.605,0.0,0.0,0.0,2019-09-19
24,148,cha148,0.0,1.666,0.0,0.0,1.666,0.0,0.0,0.0,2019-09-19
25,153,cha153,0.0,4.701,0.0,0.0,4.701,0.0,0.0,0.0,2019-09-19
26,155,cha155,0.0,4.676,0.0,0.0,4.676,0.0,0.0,0.0,2019-09-19
27,158,cha158,0.0,2.816,0.0,0.0,2.816,0.0,0.0,0.0,2019-09-19
28,161,cha161,0.0,3.791,0.0,0.0,3.791,0.0,0.0,0.0,2019-09-19
29,162,cha162,0.0,0.3752,0.0,0.0,0.3752,0.0,0.0,0.0,2019-09-19
30,165,cha165,0.0,1.675,0.0,0.0,1.675,0.0,0.0,0.0,2019-09-19
31,166,cha166,0.0,0.002193,0.0,0.0,0.002193,0.0,0.0,0.0,2019-09-19
32,167,cha167,0.0,3.144,0.0,0.0,3.144,0.0,0.0,0.0,2019-09-19
33,168,cha168,0.0,0.1809,0.0,0.0,0.1809,0.0,0.0,0.0,2019-09-19
34,169,cha169,0.0,0.8074,0.0,0.0,0.8074,0.0,0.0,0.0,2019-09-19
35,170,cha170,0.0,0.006088,0.0,0.0,0.006088,0.0,0.0,0.0,2019-09-19
36,171,cha171,0.0,0.003234,0.0,0.0,0.003234,0.0,0.0,0.0,2019-09-19
37,173,cha173,0.0,0.2953,0.0,0.0,0.2953,0.0,0.0,0.0,2019-09-19
1,29,cha029,0.0,0.0,0.0,0.0,0.0,0.0,0.0,0.0,2019-09-20
2,35,cha035,0.0,0.0,0.0,0.0,0.0,0.0,0.0,0.0,2019-09-20
3,37,cha037,0.0,0.0,0.0,0.0,0.0,0.0,0.0,0.0,2019-09-20
4,38,cha038,0.0,0.02521,0.0,0.0,0.02521,0.0,0.0,0.0,2019-09-20
5,39,cha039,0.0,0.0,0.0,0.0,0.0,0.0,0.0,0.0,2019-09-20
6,41,cha041,0.0,0.0,0.0,0.0,0.0,0.0,0.0,0.0,2019-09-20
7,43,cha043,0.0,0.0,0.0,0.0,0.0,0.0,0.0,0.0,2019-09-20
8,44,cha044,0.0,0.0,0.0,0.0,0.0,0.0,0.0,0.0,2019-09-20
9,45,cha045,0.0,0.0,0.0,0.0,0.0,0.0,0.0,0.0,2019-09-20
10,50,cha050,0.0,0.0,0.0,0.0,0.0,0.0,0.0,0.0,2019-09-20
11,51,cha051,0.0,0.0,0.0,0.0,0.0,0.0,0.0,0.0,2019-09-20
12,54,cha054,0.0,0.0,0.0,0.0,0.0,0.0,0.0,0.0,2019-09-20
13,57,cha057,0.0,0.0,0.0,0.0,0.0,0.0,0.0,0.0,2019-09-20
14,59,cha059,0.0,0.0,0.0,0.0,0.0,0.0,0.0,0.0,2019-09-20
15,64,cha064,0.0,0.0,0.0,0.0,0.0,0.0,0.0,0.0,2019-09-20
16,66,cha066,0.0,0.0,0.0,0.0,0.0,0.0,0.0,0.0,2019-09-20
17,70,cha070,0.0,0.0,0.0,0.0,0.0,0.0,0.0,0.0,2019-09-20
18,71,cha071,0.0,0.0,0.0,0.0,0.0,0.0,0.0,0.0,2019-09-20
19,74,cha074,0.0,0.0,0.0,0.0,0.0,0.0,0.0,0.0,2019-09-20
20,138,cha138,0.0,0.9574,0.0,0.0,0.9574,0.0,0.0,0.0,2019-09-20
21,141,cha141,0.0,0.8237,0.0,0.0,0.8237,0.0,0.0,0.0,2019-09-20
22,142,cha142,0.0,0.04755,0.0,0.0,0.04755,0.0,0.0,0.0,2019-09-20
23,146,cha146,0.0,0.3247,0.0,0.0,0.3247,0.0,0.0,0.0,2019-09-20
24,148,cha148,0.0,0.9559,0.0,0.0,0.9559,0.0,0.0,0.0,2019-09-20
25,153,cha153,0.0,2.403,0.0,0.0,2.403,0.0,0.0,0.0,2019-09-20
26,155,cha155,0.0,2.39,0.0,0.0,2.39,0.0,0.0,0.0,2019-09-20
27,158,cha158,0.0,1.447,0.0,0.0,1.447,0.0,0.0,0.0,2019-09-20
28,161,cha161,0.0,1.955,0.0,0.0,1.955,0.0,0.0,0.0,2019-09-20
29,162,cha162,0.0,0.1961,0.0,0.0,0.1961,0.0,0.0,0.0,2019-09-20
30,165,cha165,0.0,0.8557,0.0,0.0,0.8557,0.0,0.0,0.0,2019-09-20
31,166,cha166,0.0,0.001716,0.0,0.0,0.001716,0.0,0.0,0.0,2019-09-20
32,167,cha167,0.0,1.62,0.0,0.0,1.62,0.0,0.0,0.0,2019-09-20
33,168,cha168,0.0,0.08554,0.0,0.0,0.08554,0.0,0.0,0.0,2019-09-20
34,169,cha169,0.0,0.4297,0.0,0.0,0.4297,0.0,0.0,0.0,2019-09-20
35,170,cha170,0.0,0.004325,0.0,0.0,0.004325,0.0,0.0,0.0,2019-09-20
36,171,cha171,0.0,0.002454,0.0,0.0,0.002454,0.0,0.0,0.0,2019-09-20
37,173,cha173,0.0,0.1629,0.0,0.0,0.1629,0.0,0.0,0.0,2019-09-20
1,29,cha029,0.0,0.0,0.0,0.0,0.0,0.0,0.0,0.0,2019-09-21
2,35,cha035,0.0,0.0,0.0,0.0,0.0,0.0,0.0,0.0,2019-09-21
3,37,cha037,0.0,0.0,0.0,0.0,0.0,0.0,0.0,0.0,2019-09-21
4,38,cha038,0.0,0.02562,0.0,0.0,0.02562,0.0,0.0,0.0,2019-09-21
5,39,cha039,0.0,0.0,0.0,0.0,0.0,0.0,0.0,0.0,2019-09-21
6,41,cha041,0.0,0.0,0.0,0.0,0.0,0.0,0.0,0.0,2019-09-21
7,43,cha043,0.0,0.0,0.0,0.0,0.0,0.0,0.0,0.0,2019-09-21
8,44,cha044,0.0,0.0,0.0,0.0,0.0,0.0,0.0,0.0,2019-09-21
9,45,cha045,0.0,0.0,0.0,0.0,0.0,0.0,0.0,0.0,2019-09-21
10,50,cha050,0.0,0.0,0.0,0.0,0.0,0.0,0.0,0.0,2019-09-21
11,51,cha051,0.0,0.0,0.0,0.0,0.0,0.0,0.0,0.0,2019-09-21
12,54,cha054,0.0,0.0,0.0,0.0,0.0,0.0,0.0,0.0,2019-09-21
13,57,cha057,0.0,0.0,0.0,0.0,0.0,0.0,0.0,0.0,2019-09-21
14,59,cha059,0.0,0.0,0.0,0.0,0.0,0.0,0.0,0.0,2019-09-21
15,64,cha064,0.0,0.0,0.0,0.0,0.0,0.0,0.0,0.0,2019-09-21
16,66,cha066,0.0,0.0,0.0,0.0,0.0,0.0,0.0,0.0,2019-09-21
17,70,cha070,0.0,0.0,0.0,0.0,0.0,0.0,0.0,0.0,2019-09-21
18,71,cha071,0.0,0.0,0.0,0.0,0.0,0.0,0.0,0.0,2019-09-21
19,74,cha074,0.0,0.0,0.0,0.0,0.0,0.0,0.0,0.0,2019-09-21
20,138,cha138,0.0,0.5669,0.0,0.0,0.5669,0.0,0.0,0.0,2019-09-21
21,141,cha141,0.0,0.497,0.0,0.0,0.497,0.0,0.0,0.0,2019-09-21
22,142,cha142,0.0,0.03,0.0,0.0,0.03,0.0,0.0,0.0,2019-09-21
23,146,cha146,0.0,0.1857,0.0,0.0,0.1857,0.0,0.0,0.0,2019-09-21
24,148,cha148,0.0,0.566,0.0,0.0,0.566,0.0,0.0,0.0,2019-09-21
25,153,cha153,0.0,1.266,0.0,0.0,1.266,0.0,0.0,0.0,2019-09-21
26,155,cha155,0.0,1.259,0.0,0.0,1.259,0.0,0.0,0.0,2019-09-21
27,158,cha158,0.0,0.7657,0.0,0.0,0.7657,0.0,0.0,0.0,2019-09-21
28,161,cha161,0.0,1.035,0.0,0.0,1.035,0.0,0.0,0.0,2019-09-21
29,162,cha162,0.0,0.1026,0.0,0.0,0.1026,0.0,0.0,0.0,2019-09-21
30,165,cha165,0.0,0.4521,0.0,0.0,0.4521,0.0,0.0,0.0,2019-09-21
31,166,cha166,0.0,0.002697,0.0,0.0,0.002697,0.0,0.0,0.0,2019-09-21
32,167,cha167,0.0,0.8572,0.0,0.0,0.8572,0.0,0.0,0.0,2019-09-21
33,168,cha168,0.0,0.04055,0.0,0.0,0.04055,0.0,0.0,0.0,2019-09-21
34,169,cha169,0.0,0.2405,0.0,0.0,0.2405,0.0,0.0,0.0,2019-09-21
35,170,cha170,0.0,0.005498,0.0,0.0,0.005498,0.0,0.0,0.0,2019-09-21
36,171,cha171,0.0,0.004088,0.0,0.0,0.004088,0.0,0.0,0.0,2019-09-21
37,173,cha173,0.0,0.09886,0.0,0.0,0.09886,0.0,0.0,0.0,2019-09-21
1,29,cha029,0.0,0.0,0.0,0.0,0.0,0.0,0.0,0.0,2019-09-22
2,35,cha035,0.0,0.0,0.0,0.0,0.0,0.0,0.0,0.0,2019-09-22
3,37,cha037,0.0,0.0,0.0,0.0,0.0,0.0,0.0,0.0,2019-09-22
4,38,cha038,0.0,0.02603,0.0,0.0,0.02603,0.0,0.0,0.0,2019-09-22
5,39,cha039,0.0,0.0,0.0,0.0,0.0,0.0,0.0,0.0,2019-09-22
6,41,cha041,0.0,0.0,0.0,0.0,0.0,0.0,0.0,0.0,2019-09-22
7,43,cha043,0.0,0.0,0.0,0.0,0.0,0.0,0.0,0.0,2019-09-22
8,44,cha044,0.0,0.0,0.0,0.0,0.0,0.0,0.0,0.0,2019-09-22
9,45,cha045,0.0,0.0,0.0,0.0,0.0,0.0,0.0,0.0,2019-09-22
10,50,cha050,0.0,0.0,0.0,0.0,0.0,0.0,0.0,0.0,2019-09-22
11,51,cha051,0.0,0.0,0.0,0.0,0.0,0.0,0.0,0.0,2019-09-22
12,54,cha054,0.0,0.0,0.0,0.0,0.0,0.0,0.0,0.0,2019-09-22
13,57,cha057,0.0,0.0,0.0,0.0,0.0,0.0,0.0,0.0,2019-09-22
14,59,cha059,0.0,0.0,0.0,0.0,0.0,0.0,0.0,0.0,2019-09-22
15,64,cha064,0.0,0.0,0.0,0.0,0.0,0.0,0.0,0.0,2019-09-22
16,66,cha066,0.0,0.0,0.0,0.0,0.0,0.0,0.0,0.0,2019-09-22
17,70,cha070,0.0,0.0,0.0,0.0,0.0,0.0,0.0,0.0,2019-09-22
18,71,cha071,0.0,0.0,0.0,0.0,0.0,0.0,0.0,0.0,2019-09-22
19,74,cha074,0.0,0.0,0.0,0.0,0.0,0.0,0.0,0.0,2019-09-22
20,138,cha138,0.0,0.333,0.0,0.0,0.333,0.0,0.0,0.0,2019-09-22
21,141,cha141,0.0,0.2957,0.0,0.0,0.2957,0.0,0.0,0.0,2019-09-22
22,142,cha142,0.0,0.01585,0.0,0.0,0.01585,0.0,0.0,0.0,2019-09-22
23,146,cha146,0.0,0.1013,0.0,0.0,0.1013,0.0,0.0,0.0,2019-09-22
24,148,cha148,0.0,0.3325,0.0,0.0,0.3325,0.0,0.0,0.0,2019-09-22
25,153,cha153,0.0,0.7345,0.0,0.0,0.7345,0.0,0.0,0.0,2019-09-22
26,155,cha155,0.0,0.7304,0.0,0.0,0.7304,0.0,0.0,0.0,2019-09-22
27,158,cha158,0.0,0.4265,0.0,0.0,0.4265,0.0,0.0,0.0,2019-09-22
28,161,cha161,0.0,0.5822,0.0,0.0,0.5822,0.0,0.0,0.0,2019-09-22
29,162,cha162,0.0,0.05373,0.0,0.0,0.05373,0.0,0.0,0.0,2019-09-22
30,165,cha165,0.0,0.2564,0.0,0.0,0.2564,0.0,0.0,0.0,2019-09-22
31,166,cha166,0.0,0.001995,0.0,0.0,0.001995,0.0,0.0,0.0,2019-09-22
32,167,cha167,0.0,0.475,0.0,0.0,0.475,0.0,0.0,0.0,2019-09-22
33,168,cha168,0.0,0.01932,0.0,0.0,0.01932,0.0,0.0,0.0,2019-09-22
34,169,cha169,0.0,0.1487,0.0,0.0,0.1487,0.0,0.0,0.0,2019-09-22
35,170,cha170,0.0,0.0042,0.0,0.0,0.0042,0.0,0.0,0.0,2019-09-22
36,171,cha171,0.0,0.002937,0.0,0.0,0.002937,0.0,0.0,0.0,2019-09-22
37,173,cha173,0.0,0.06488,0.0,0.0,0.06488,0.0,0.0,0.0,2019-09-22
1,29,cha029,0.0,0.0,0.0,0.0,0.0,0.0,0.0,0.0,2019-09-23
2,35,cha035,0.0,0.0,0.0,0.0,0.0,0.0,0.0,0.0,2019-09-23
3,37,cha037,0.0,0.0,0.0,0.0,0.0,0.0,0.0,0.0,2019-09-23
4,38,cha038,0.0,0.02642,0.0,0.0,0.02642,0.0,0.0,0.0,2019-09-23
5,39,cha039,0.0,0.0,0.0,0.0,0.0,0.0,0.0,0.0,2019-09-23
6,41,cha041,0.0,0.0,0.0,0.0,0.0,0.0,0.0,0.0,2019-09-23
7,43,cha043,0.0,0.0,0.0,0.0,0.0,0.0,0.0,0.0,2019-09-23
8,44,cha044,0.0,0.0,0.0,0.0,0.0,0.0,0.0,0.0,2019-09-23
9,45,cha045,0.0,0.0,0.0,0.0,0.0,0.0,0.0,0.0,2019-09-23
10,50,cha050,0.0,0.0,0.0,0.0,0.0,0.0,0.0,0.0,2019-09-23
11,51,cha051,0.0,0.0,0.0,0.0,0.0,0.0,0.0,0.0,2019-09-23
12,54,cha054,0.0,0.0,0.0,0.0,0.0,0.0,0.0,0.0,2019-09-23
13,57,cha057,0.0,0.0,0.0,0.0,0.0,0.0,0.0,0.0,2019-09-23
14,59,cha059,0.0,0.0,0.0,0.0,0.0,0.0,0.0,0.0,2019-09-23
15,64,cha064,0.0,0.0,0.0,0.0,0.0,0.0,0.0,0.0,2019-09-23
16,66,cha066,0.0,0.0,0.0,0.0,0.0,0.0,0.0,0.0,2019-09-23
17,70,cha070,0.0,0.0,0.0,0.0,0.0,0.0,0.0,0.0,2019-09-23
18,71,cha071,0.0,0.0,0.0,0.0,0.0,0.0,0.0,0.0,2019-09-23
19,74,cha074,0.0,0.0,0.0,0.0,0.0,0.0,0.0,0.0,2019-09-23
20,138,cha138,0.0,0.1976,0.0,0.0,0.1976,0.0,0.0,0.0,2019-09-23
21,141,cha141,0.0,0.1773,0.0,0.0,0.1773,0.0,0.0,0.0,2019-09-23
22,142,cha142,0.0,0.008427,0.0,0.0,0.008427,0.0,0.0,0.0,2019-09-23
23,146,cha146,0.0,0.05567,0.0,0.0,0.05567,0.0,0.0,0.0,2019-09-23
24,148,cha148,0.0,0.1973,0.0,0.0,0.1973,0.0,0.0,0.0,2019-09-23
25,153,cha153,0.0,0.4161,0.0,0.0,0.4161,0.0,0.0,0.0,2019-09-23
26,155,cha155,0.0,0.4137,0.0,0.0,0.4137,0.0,0.0,0.0,2019-09-23
27,158,cha158,0.0,0.2407,0.0,0.0,0.2407,0.0,0.0,0.0,2019-09-23
28,161,cha161,0.0,0.3261,0.0,0.0,0.3261,0.0,0.0,0.0,2019-09-23
29,162,cha162,0.0,0.02822,0.0,0.0,0.02822,0.0,0.0,0.0,2019-09-23
30,165,cha165,0.0,0.1482,0.0,0.0,0.1482,0.0,0.0,0.0,2019-09-23
31,166,cha166,0.0,0.001601,0.0,0.0,0.001601,0.0,0.0,0.0,2019-09-23
32,167,cha167,0.0,0.2665,0.0,0.0,0.2665,0.0,0.0,0.0,2019-09-23
33,168,cha168,0.0,0.009305,0.0,0.0,0.009305,0.0,0.0,0.0,2019-09-23
34,169,cha169,0.0,0.09341,0.0,0.0,0.09341,0.0,0.0,0.0,2019-09-23
35,170,cha170,0.0,0.00341,0.0,0.0,0.00341,0.0,0.0,0.0,2019-09-23
36,171,cha171,0.0,0.002284,0.0,0.0,0.002284,0.0,0.0,0.0,2019-09-23
37,173,cha173,0.0,0.04784,0.0,0.0,0.04784,0.0,0.0,0.0,2019-09-23
1,29,cha029,0.0,0.0,0.0,0.0,0.0,0.0,0.0,0.0,2019-09-24
2,35,cha035,0.0,0.0,0.0,0.0,0.0,0.0,0.0,0.0,2019-09-24
3,37,cha037,0.0,0.0,0.0,0.0,0.0,0.0,0.0,0.0,2019-09-24
4,38,cha038,0.0,0.02681,0.0,0.0,0.02681,0.0,0.0,0.0,2019-09-24
5,39,cha039,0.0,0.0,0.0,0.0,0.0,0.0,0.0,0.0,2019-09-24
6,41,cha041,0.0,0.0,0.0,0.0,0.0,0.0,0.0,0.0,2019-09-24
7,43,cha043,0.0,0.0,0.0,0.0,0.0,0.0,0.0,0.0,2019-09-24
8,44,cha044,0.0,0.0,0.0,0.0,0.0,0.0,0.0,0.0,2019-09-24
9,45,cha045,0.0,0.0,0.0,0.0,0.0,0.0,0.0,0.0,2019-09-24
10,50,cha050,0.0,0.0,0.0,0.0,0.0,0.0,0.0,0.0,2019-09-24
11,51,cha051,0.0,0.0,0.0,0.0,0.0,0.0,0.0,0.0,2019-09-24
12,54,cha054,0.0,0.0,0.0,0.0,0.0,0.0,0.0,0.0,2019-09-24
13,57,cha057,0.0,0.0,0.0,0.0,0.0,0.0,0.0,0.0,2019-09-24
14,59,cha059,0.0,0.0,0.0,0.0,0.0,0.0,0.0,0.0,2019-09-24
15,64,cha064,0.0,0.0,0.0,0.0,0.0,0.0,0.0,0.0,2019-09-24
16,66,cha066,0.0,0.0,0.0,0.0,0.0,0.0,0.0,0.0,2019-09-24
17,70,cha070,0.0,0.0,0.0,0.0,0.0,0.0,0.0,0.0,2019-09-24
18,71,cha071,0.0,0.0,0.0,0.0,0.0,0.0,0.0,0.0,2019-09-24
19,74,cha074,0.0,0.0,0.0,0.0,0.0,0.0,0.0,0.0,2019-09-24
20,138,cha138,0.0,0.1188,0.0,0.0,0.1188,0.0,0.0,0.0,2019-09-24
21,141,cha141,0.0,0.1075,0.0,0.0,0.1075,0.0,0.0,0.0,2019-09-24
22,142,cha142,0.0,0.004528,0.0,0.0,0.004528,0.0,0.0,0.0,2019-09-24
23,146,cha146,0.0,0.03123,0.0,0.0,0.03123,0.0,0.0,0.0,2019-09-24
24,148,cha148,0.0,0.1186,0.0,0.0,0.1186,0.0,0.0,0.0,2019-09-24
25,153,cha153,0.0,0.2517,0.0,0.0,0.2517,0.0,0.0,0.0,2019-09-24
26,155,cha155,0.0,0.2504,0.0,0.0,0.2504,0.0,0.0,0.0,2019-09-24
27,158,cha158,0.0,0.1438,0.0,0.0,0.1438,0.0,0.0,0.0,2019-09-24
28,161,cha161,0.0,0.1913,0.0,0.0,0.1913,0.0,0.0,0.0,2019-09-24
29,162,cha162,0.0,0.01491,0.0,0.0,0.01491,0.0,0.0,0.0,2019-09-24
30,165,cha165,0.0,0.09279,0.0,0.0,0.09279,0.0,0.0,0.0,2019-09-24
31,166,cha166,0.0,0.001381,0.0,0.0,0.001381,0.0,0.0,0.0,2019-09-24
32,167,cha167,0.0,0.1577,0.0,0.0,0.1577,0.0,0.0,0.0,2019-09-24
33,168,cha168,0.0,0.004577,0.0,0.0,0.004577,0.0,0.0,0.0,2019-09-24
34,169,cha169,0.0,0.06442,0.0,0.0,0.06442,0.0,0.0,0.0,2019-09-24
35,170,cha170,0.0,0.002993,0.0,0.0,0.002993,0.0,0.0,0.0,2019-09-24
36,171,cha171,0.0,0.001934,0.0,0.0,0.001934,0.0,0.0,0.0,2019-09-24
37,173,cha173,0.0,0.03945,0.0,0.0,0.03945,0.0,0.0,0.0,2019-09-24
1,29,cha029,0.0,0.0,0.0,0.0,0.0,0.0,0.0,0.0,2019-09-25
2,35,cha035,0.0,0.0,0.0,0.0,0.0,0.0,0.0,0.0,2019-09-25
3,37,cha037,0.0,0.0,0.0,0.0,0.0,0.0,0.0,0.0,2019-09-25
4,38,cha038,0.0,0.02718,0.0,0.0,0.02718,0.0,0.0,0.0,2019-09-25
5,39,cha039,0.0,0.0,0.0,0.0,0.0,0.0,0.0,0.0,2019-09-25
6,41,cha041,0.0,0.0,0.0,0.0,0.0,0.0,0.0,0.0,2019-09-25
7,43,cha043,0.0,0.0,0.0,0.0,0.0,0.0,0.0,0.0,2019-09-25
8,44,cha044,0.0,0.0,0.0,0.0,0.0,0.0,0.0,0.0,2019-09-25
9,45,cha045,0.0,0.0,0.0,0.0,0.0,0.0,0.0,0.0,2019-09-25
10,50,cha050,0.0,0.0,0.0,0.0,0.0,0.0,0.0,0.0,2019-09-25
11,51,cha051,0.0,0.0,0.0,0.0,0.0,0.0,0.0,0.0,2019-09-25
12,54,cha054,0.0,0.0,0.0,0.0,0.0,0.0,0.0,0.0,2019-09-25
13,57,cha057,0.0,0.0,0.0,0.0,0.0,0.0,0.0,0.0,2019-09-25
14,59,cha059,0.0,0.0,0.0,0.0,0.0,0.0,0.0,0.0,2019-09-25
15,64,cha064,0.0,0.0,0.0,0.0,0.0,0.0,0.0,0.0,2019-09-25
16,66,cha066,0.0,0.0,0.0,0.0,0.0,0.0,0.0,0.0,2019-09-25
17,70,cha070,0.0,0.0,0.0,0.0,0.0,0.0,0.0,0.0,2019-09-25
18,71,cha071,0.0,0.0,0.0,0.0,0.0,0.0,0.0,0.0,2019-09-25
19,74,cha074,0.0,0.0,0.0,0.0,0.0,0.0,0.0,0.0,2019-09-25
20,138,cha138,0.0,0.07207,0.0,0.0,0.07207,0.0,0.0,0.0,2019-09-25
21,141,cha141,0.0,0.0656,0.0,0.0,0.0656,0.0,0.0,0.0,2019-09-25
22,142,cha142,0.0,0.002481,0.0,0.0,0.002481,0.0,0.0,0.0,2019-09-25
23,146,cha146,0.0,0.01753,0.0,0.0,0.01753,0.0,0.0,0.0,2019-09-25
24,148,cha148,0.0,0.07195,0.0,0.0,0.07195,0.0,0.0,0.0,2019-09-25
25,153,cha153,0.0,0.1663,0.0,0.0,0.1663,0.0,0.0,0.0,2019-09-25
26,155,cha155,0.0,0.1654,0.0,0.0,0.1654,0.0,0.0,0.0,2019-09-25
27,158,cha158,0.0,0.09284,0.0,0.0,0.09284,0.0,0.0,0.0,2019-09-25
28,161,cha161,0.0,0.1198,0.0,0.0,0.1198,0.0,0.0,0.0,2019-09-25
29,162,cha162,0.0,0.007952,0.0,0.0,0.007952,0.0,0.0,0.0,2019-09-25
30,165,cha165,0.0,0.06427,0.0,0.0,0.06427,0.0,0.0,0.0,2019-09-25
31,166,cha166,0.0,0.001256,0.0,0.0,0.001256,0.0,0.0,0.0,2019-09-25
32,167,cha167,0.0,0.1004,0.0,0.0,0.1004,0.0,0.0,0.0,2019-09-25
33,168,cha168,0.0,0.002347,0.0,0.0,0.002347,0.0,0.0,0.0,2019-09-25
34,169,cha169,0.0,0.04918,0.0,0.0,0.04918,0.0,0.0,0.0,2019-09-25
35,170,cha170,0.0,0.002769,0.0,0.0,0.002769,0.0,0.0,0.0,2019-09-25
36,171,cha171,0.0,0.001744,0.0,0.0,0.001744,0.0,0.0,0.0,2019-09-25
37,173,cha173,0.0,0.03539,0.0,0.0,0.03539,0.0,0.0,0.0,2019-09-25
1,29,cha029,0.0,0.0,0.0,0.0,0.0,0.0,0.0,0.0,2019-09-26
2,35,cha035,0.0,0.0,0.0,0.0,0.0,0.0,0.0,0.0,2019-09-26
3,37,cha037,0.0,0.0,0.0,0.0,0.0,0.0,0.0,0.0,2019-09-26
4,38,cha038,0.0,0.02752,0.0,0.0,0.02752,0.0,0.0,0.0,2019-09-26
5,39,cha039,0.0,0.0,0.0,0.0,0.0,0.0,0.0,0.0,2019-09-26
6,41,cha041,0.0,0.0,0.0,0.0,0.0,0.0,0.0,0.0,2019-09-26
7,43,cha043,0.0,0.0,0.0,0.0,0.0,0.0,0.0,0.0,2019-09-26
8,44,cha044,0.0,0.0,0.0,0.0,0.0,0.0,0.0,0.0,2019-09-26
9,45,cha045,0.0,0.0,0.0,0.0,0.0,0.0,0.0,0.0,2019-09-26
10,50,cha050,0.0,0.0,0.0,0.0,0.0,0.0,0.0,0.0,2019-09-26
11,51,cha051,0.0,0.0,0.0,0.0,0.0,0.0,0.0,0.0,2019-09-26
12,54,cha054,0.0,0.0,0.0,0.0,0.0,0.0,0.0,0.0,2019-09-26
13,57,cha057,0.0,0.0,0.0,0.0,0.0,0.0,0.0,0.0,2019-09-26
14,59,cha059,0.0,0.0,0.0,0.0,0.0,0.0,0.0,0.0,2019-09-26
15,64,cha064,0.0,0.0,0.0,0.0,0.0,0.0,0.0,0.0,2019-09-26
16,66,cha066,0.0,0.0,0.0,0.0,0.0,0.0,0.0,0.0,2019-09-26
17,70,cha070,0.0,0.0,0.0,0.0,0.0,0.0,0.0,0.0,2019-09-26
18,71,cha071,0.0,0.0,0.0,0.0,0.0,0.0,0.0,0.0,2019-09-26
19,74,cha074,0.0,0.0,0.0,0.0,0.0,0.0,0.0,0.0,2019-09-26
20,138,cha138,0.0,0.04439,0.0,0.0,0.04439,0.0,0.0,0.0,2019-09-26
21,141,cha141,0.0,0.0405,0.0,0.0,0.0405,0.0,0.0,0.0,2019-09-26
22,142,cha142,0.0,0.001405,0.0,0.0,0.001405,0.0,0.0,0.0,2019-09-26
23,146,cha146,0.0,0.01003,0.0,0.0,0.01003,0.0,0.0,0.0,2019-09-26
24,148,cha148,0.0,0.0443,0.0,0.0,0.0443,0.0,0.0,0.0,2019-09-26
25,153,cha153,0.0,0.1216,0.0,0.0,0.1216,0.0,0.0,0.0,2019-09-26
26,155,cha155,0.0,0.1211,0.0,0.0,0.1211,0.0,0.0,0.0,2019-09-26
27,158,cha158,0.0,0.06593,0.0,0.0,0.06593,0.0,0.0,0.0,2019-09-26
28,161,cha161,0.0,0.08169,0.0,0.0,0.08169,0.0,0.0,0.0,2019-09-26
29,162,cha162,0.0,0.004321,0.0,0.0,0.004321,0.0,0.0,0.0,2019-09-26
30,165,cha165,0.0,0.04957,0.0,0.0,0.04957,0.0,0.0,0.0,2019-09-26
31,166,cha166,0.0,0.001185,0.0,0.0,0.001185,0.0,0.0,0.0,2019-09-26
32,167,cha167,0.0,0.07018,0.0,0.0,0.07018,0.0,0.0,0.0,2019-09-26
33,168,cha168,0.0,0.001294,0.0,0.0,0.001294,0.0,0.0,0.0,2019-09-26
34,169,cha169,0.0,0.04118,0.0,0.0,0.04118,0.0,0.0,0.0,2019-09-26
35,170,cha170,0.0,0.002648,0.0,0.0,0.002648,0.0,0.0,0.0,2019-09-26
36,171,cha171,0.0,0.00164,0.0,0.0,0.00164,0.0,0.0,0.0,2019-09-26
37,173,cha173,0.0,0.0335,0.0,0.0,0.0335,0.0,0.0,0.0,2019-09-26
1,29,cha029,0.0,0.0,0.0,0.0,0.0,0.0,0.0,0.0,2019-09-27
2,35,cha035,0.0,0.0,0.0,0.0,0.0,0.0,0.0,0.0,2019-09-27
3,37,cha037,0.0,0.0,0.0,0.0,0.0,0.0,0.0,0.0,2019-09-27
4,38,cha038,0.0,0.02785,0.0,0.0,0.02785,0.0,0.0,0.0,2019-09-27
5,39,cha039,0.0,0.0,0.0,0.0,0.0,0.0,0.0,0.0,2019-09-27
6,41,cha041,0.0,0.0,0.0,0.0,0.0,0.0,0.0,0.0,2019-09-27
7,43,cha043,0.0,0.0,0.0,0.0,0.0,0.0,0.0,0.0,2019-09-27
8,44,cha044,0.0,0.0,0.0,0.0,0.0,0.0,0.0,0.0,2019-09-27
9,45,cha045,0.0,0.0,0.0,0.0,0.0,0.0,0.0,0.0,2019-09-27
10,50,cha050,0.0,0.0,0.0,0.0,0.0,0.0,0.0,0.0,2019-09-27
11,51,cha051,0.0,0.0,0.0,0.0,0.0,0.0,0.0,0.0,2019-09-27
12,54,cha054,0.0,0.0,0.0,0.0,0.0,0.0,0.0,0.0,2019-09-27
13,57,cha057,0.0,0.0,0.0,0.0,0.0,0.0,0.0,0.0,2019-09-27
14,59,cha059,0.0,0.0,0.0,0.0,0.0,0.0,0.0,0.0,2019-09-27
15,64,cha064,0.0,0.0,0.0,0.0,0.0,0.0,0.0,0.0,2019-09-27
16,66,cha066,0.0,0.0,0.0,0.0,0.0,0.0,0.0,0.0,2019-09-27
17,70,cha070,0.0,0.0,0.0,0.0,0.0,0.0,0.0,0.0,2019-09-27
18,71,cha071,0.0,0.0,0.0,0.0,0.0,0.0,0.0,0.0,2019-09-27
19,74,cha074,0.0,0.0,0.0,0.0,0.0,0.0,0.0,0.0,2019-09-27
20,138,cha138,0.0,0.02791,0.0,0.0,0.02791,0.0,0.0,0.0,2019-09-27
21,141,cha141,0.0,0.02542,0.0,0.0,0.02542,0.0,0.0,0.0,2019-09-27
22,142,cha142,0.0,0.0008405,0.0,0.0,0.0008405,0.0,0.0,0.0,2019-09-27
23,146,cha146,0.0,0.00591,0.0,0.0,0.00591,0.0,0.0,0.0,2019-09-27
24,148,cha148,0.0,0.02785,0.0,0.0,0.02785,0.0,0.0,0.0,2019-09-27
25,153,cha153,0.0,0.09833,0.0,0.0,0.09833,0.0,0.0,0.0,2019-09-27
26,155,cha155,0.0,0.09794,0.0,0.0,0.09794,0.0,0.0,0.0,2019-09-27
27,158,cha158,0.0,0.0517,0.0,0.0,0.0517,0.0,0.0,0.0,2019-09-27
28,161,cha161,0.0,0.06131,0.0,0.0,0.06131,0.0,0.0,0.0,2019-09-27
29,162,cha162,0.0,0.002425,0.0,0.0,0.002425,0.0,0.0,0.0,2019-09-27
30,165,cha165,0.0,0.04203,0.0,0.0,0.04203,0.0,0.0,0.0,2019-09-27
31,166,cha166,0.0,0.001145,0.0,0.0,0.001145,0.0,0.0,0.0,2019-09-27
32,167,cha167,0.0,0.0542,0.0,0.0,0.0542,0.0,0.0,0.0,2019-09-27
33,168,cha168,0.0,0.0007971,0.0,0.0,0.0007971,0.0,0.0,0.0,2019-09-27
34,169,cha169,0.0,0.03704,0.0,0.0,0.03704,0.0,0.0,0.0,2019-09-27
35,170,cha170,0.0,0.00258,0.0,0.0,0.00258,0.0,0.0,0.0,2019-09-27
36,171,cha171,0.0,0.001582,0.0,0.0,0.001582,0.0,0.0,0.0,2019-09-27
37,173,cha173,0.0,0.0327,0.0,0.0,0.0327,0.0,0.0,0.0,2019-09-27
1,29,cha029,0.0,0.0,0.0,0.0,0.0,0.0,0.0,0.0,2019-09-28
2,35,cha035,0.0,0.0,0.0,0.0,0.0,0.0,0.0,0.0,2019-09-28
3,37,cha037,0.0,0.0,0.0,0.0,0.0,0.0,0.0,0.0,2019-09-28
4,38,cha038,0.0,0.02816,0.0,0.0,0.02816,0.0,0.0,0.0,2019-09-28
5,39,cha039,0.0,0.0,0.0,0.0,0.0,0.0,0.0,0.0,2019-09-28
6,41,cha041,0.0,0.0,0.0,0.0,0.0,0.0,0.0,0.0,2019-09-28
7,43,cha043,0.0,0.0,0.0,0.0,0.0,0.0,0.0,0.0,2019-09-28
8,44,cha044,0.0,0.0,0.0,0.0,0.0,0.0,0.0,0.0,2019-09-28
9,45,cha045,0.0,0.0,0.0,0.0,0.0,0.0,0.0,0.0,2019-09-28
10,50,cha050,0.0,0.0,0.0,0.0,0.0,0.0,0.0,0.0,2019-09-28
11,51,cha051,0.0,0.0,0.0,0.0,0.0,0.0,0.0,0.0,2019-09-28
12,54,cha054,0.0,0.0,0.0,0.0,0.0,0.0,0.0,0.0,2019-09-28
13,57,cha057,0.0,0.0,0.0,0.0,0.0,0.0,0.0,0.0,2019-09-28
14,59,cha059,0.0,0.0,0.0,0.0,0.0,0.0,0.0,0.0,2019-09-28
15,64,cha064,0.0,0.0,0.0,0.0,0.0,0.0,0.0,0.0,2019-09-28
16,66,cha066,0.0,0.0,0.0,0.0,0.0,0.0,0.0,0.0,2019-09-28
17,70,cha070,0.0,0.0,0.0,0.0,0.0,0.0,0.0,0.0,2019-09-28
18,71,cha071,0.0,0.0,0.0,0.0,0.0,0.0,0.0,0.0,2019-09-28
19,74,cha074,0.0,0.0,0.0,0.0,0.0,0.0,0.0,0.0,2019-09-28
20,138,cha138,0.0,0.01806,0.0,0.0,0.01806,0.0,0.0,0.0,2019-09-28
21,141,cha141,0.0,0.01633,0.0,0.0,0.01633,0.0,0.0,0.0,2019-09-28
22,142,cha142,0.0,0.0005437,0.0,0.0,0.0005437,0.0,0.0,0.0,2019-09-28
23,146,cha146,0.0,0.003641,0.0,0.0,0.003641,0.0,0.0,0.0,2019-09-28
24,148,cha148,0.0,0.01801,0.0,0.0,0.01801,0.0,0.0,0.0,2019-09-28
25,153,cha153,0.0,0.08626,0.0,0.0,0.08626,0.0,0.0,0.0,2019-09-28
26,155,cha155,0.0,0.08596,0.0,0.0,0.08596,0.0,0.0,0.0,2019-09-28
27,158,cha158,0.0,0.04421,0.0,0.0,0.04421,0.0,0.0,0.0,2019-09-28
28,161,cha161,0.0,0.05043,0.0,0.0,0.05043,0.0,0.0,0.0,2019-09-28
29,162,cha162,0.0,0.001435,0.0,0.0,0.001435,0.0,0.0,0.0,2019-09-28
30,165,cha165,0.0,0.03821,0.0,0.0,0.03821,0.0,0.0,0.0,2019-09-28
31,166,cha166,0.0,0.001121,0.0,0.0,0.001121,0.0,0.0,0.0,2019-09-28
32,167,cha167,0.0,0.04578,0.0,0.0,0.04578,0.0,0.0,0.0,2019-09-28
33,168,cha168,0.0,0.0005625,0.0,0.0,0.0005625,0.0,0.0,0.0,2019-09-28
34,169,cha169,0.0,0.03494,0.0,0.0,0.03494,0.0,0.0,0.0,2019-09-28
35,170,cha170,0.0,0.00254,0.0,0.0,0.00254,0.0,0.0,0.0,2019-09-28
36,171,cha171,0.0,0.001549,0.0,0.0,0.001549,0.0,0.0,0.0,2019-09-28
37,173,cha173,0.0,0.03244,0.0,0.0,0.03244,0.0,0.0,0.0,2019-09-28
1,29,cha029,0.0,0.0,0.0,0.0,0.0,0.0,0.0,0.0,2019-09-29
2,35,cha035,0.0,0.0,0.0,0.0,0.0,0.0,0.0,0.0,2019-09-29
3,37,cha037,0.0,0.0,0.0,0.0,0.0,0.0,0.0,0.0,2019-09-29
4,38,cha038,0.0,0.02846,0.0,0.0,0.02846,0.0,0.0,0.0,2019-09-29
5,39,cha039,0.0,0.0,0.0,0.0,0.0,0.0,0.0,0.0,2019-09-29
6,41,cha041,0.0,0.0,0.0,0.0,0.0,0.0,0.0,0.0,2019-09-29
7,43,cha043,0.0,0.0,0.0,0.0,0.0,0.0,0.0,0.0,2019-09-29
8,44,cha044,0.0,0.0,0.0,0.0,0.0,0.0,0.0,0.0,2019-09-29
9,45,cha045,0.0,0.0,0.0,0.0,0.0,0.0,0.0,0.0,2019-09-29
10,50,cha050,0.0,0.0,0.0,0.0,0.0,0.0,0.0,0.0,2019-09-29
11,51,cha051,0.0,0.0,0.0,0.0,0.0,0.0,0.0,0.0,2019-09-29
12,54,cha054,0.0,0.0,0.0,0.0,0.0,0.0,0.0,0.0,2019-09-29
13,57,cha057,0.0,0.0,0.0,0.0,0.0,0.0,0.0,0.0,2019-09-29
14,59,cha059,0.0,0.0,0.0,0.0,0.0,0.0,0.0,0.0,2019-09-29
15,64,cha064,0.0,0.0,0.0,0.0,0.0,0.0,0.0,0.0,2019-09-29
16,66,cha066,0.0,0.0,0.0,0.0,0.0,0.0,0.0,0.0,2019-09-29
17,70,cha070,0.0,0.0,0.0,0.0,0.0,0.0,0.0,0.0,2019-09-29
18,71,cha071,0.0,0.0,0.0,0.0,0.0,0.0,0.0,0.0,2019-09-29
19,74,cha074,0.0,0.0,0.0,0.0,0.0,0.0,0.0,0.0,2019-09-29
20,138,cha138,0.0,0.01214,0.0,0.0,0.01214,0.0,0.0,0.0,2019-09-29
21,141,cha141,0.0,0.01082,0.0,0.0,0.01082,0.0,0.0,0.0,2019-09-29
22,142,cha142,0.0,0.0003876,0.0,0.0,0.0003876,0.0,0.0,0.0,2019-09-29
23,146,cha146,0.0,0.00239,0.0,0.0,0.00239,0.0,0.0,0.0,2019-09-29
24,148,cha148,0.0,0.0121,0.0,0.0,0.0121,0.0,0.0,0.0,2019-09-29
25,153,cha153,0.0,0.08014,0.0,0.0,0.08014,0.0,0.0,0.0,2019-09-29
26,155,cha155,0.0,0.07989,0.0,0.0,0.07989,0.0,0.0,0.0,2019-09-29
27,158,cha158,0.0,0.0403,0.0,0.0,0.0403,0.0,0.0,0.0,2019-09-29
28,161,cha161,0.0,0.04465,0.0,0.0,0.04465,0.0,0.0,0.0,2019-09-29
29,162,cha162,0.0,0.0009179,0.0,0.0,0.0009179,0.0,0.0,0.0,2019-09-29
30,165,cha165,0.0,0.03632,0.0,0.0,0.03632,0.0,0.0,0.0,2019-09-29
31,166,cha166,0.0,0.001106,0.0,0.0,0.001106,0.0,0.0,0.0,2019-09-29
32,167,cha167,0.0,0.04139,0.0,0.0,0.04139,0.0,0.0,0.0,2019-09-29
33,168,cha168,0.0,0.0004517,0.0,0.0,0.0004517,0.0,0.0,0.0,2019-09-29
34,169,cha169,0.0,0.03393,0.0,0.0,0.03393,0.0,0.0,0.0,2019-09-29
35,170,cha170,0.0,0.002516,0.0,0.0,0.002516,0.0,0.0,0.0,2019-09-29
36,171,cha171,0.0,0.001529,0.0,0.0,0.001529,0.0,0.0,0.0,2019-09-29
37,173,cha173,0.0,0.03244,0.0,0.0,0.03244,0.0,0.0,0.0,2019-09-29
1,29,cha029,0.0,0.0,0.0,0.0,0.0,0.0,0.0,0.0,2019-09-30
2,35,cha035,0.0,0.0,0.0,0.0,0.0,0.0,0.0,0.0,2019-09-30
3,37,cha037,0.0,0.0,0.0,0.0,0.0,0.0,0.0,0.0,2019-09-30
4,38,cha038,0.0,0.02873,0.0,0.0,0.02873,0.0,0.0,0.0,2019-09-30
5,39,cha039,0.0,0.0,0.0,0.0,0.0,0.0,0.0,0.0,2019-09-30
6,41,cha041,0.0,0.0,0.0,0.0,0.0,0.0,0.0,0.0,2019-09-30
7,43,cha043,0.0,0.0,0.0,0.0,0.0,0.0,0.0,0.0,2019-09-30
8,44,cha044,0.0,0.0,0.0,0.0,0.0,0.0,0.0,0.0,2019-09-30
9,45,cha045,0.0,0.0,0.0,0.0,0.0,0.0,0.0,0.0,2019-09-30
10,50,cha050,0.0,0.0,0.0,0.0,0.0,0.0,0.0,0.0,2019-09-30
11,51,cha051,0.0,0.0,0.0,0.0,0.0,0.0,0.0,0.0,2019-09-30
12,54,cha054,0.0,0.0,0.0,0.0,0.0,0.0,0.0,0.0,2019-09-30
13,57,cha057,0.0,0.0,0.0,0.0,0.0,0.0,0.0,0.0,2019-09-30
14,59,cha059,0.0,0.0,0.0,0.0,0.0,0.0,0.0,0.0,2019-09-30
15,64,cha064,0.0,0.0,0.0,0.0,0.0,0.0,0.0,0.0,2019-09-30
16,66,cha066,0.0,0.0,0.0,0.0,0.0,0.0,0.0,0.0,2019-09-30
17,70,cha070,0.0,0.0,0.0,0.0,0.0,0.0,0.0,0.0,2019-09-30
18,71,cha071,0.0,0.0,0.0,0.0,0.0,0.0,0.0,0.0,2019-09-30
19,74,cha074,0.0,0.0,0.0,0.0,0.0,0.0,0.0,0.0,2019-09-30
20,138,cha138,0.0,0.008575,0.0,0.0,0.008575,0.0,0.0,0.0,2019-09-30
21,141,cha141,0.0,0.007482,0.0,0.0,0.007482,0.0,0.0,0.0,2019-09-30
22,142,cha142,0.0,0.0003055,0.0,0.0,0.0003055,0.0,0.0,0.0,2019-09-30
23,146,cha146,0.0,0.0017,0.0,0.0,0.0017,0.0,0.0,0.0,2019-09-30
24,148,cha148,0.0,0.008542,0.0,0.0,0.008542,0.0,0.0,0.0,2019-09-30
25,153,cha153,0.0,0.07715,0.0,0.0,0.07715,0.0,0.0,0.0,2019-09-30
26,155,cha155,0.0,0.07694,0.0,0.0,0.07694,0.0,0.0,0.0,2019-09-30
27,158,cha158,0.0,0.03831,0.0,0.0,0.03831,0.0,0.0,0.0,2019-09-30
28,161,cha161,0.0,0.04163,0.0,0.0,0.04163,0.0,0.0,0.0,2019-09-30
29,162,cha162,0.0,0.000648,0.0,0.0,0.000648,0.0,0.0,0.0,2019-09-30
30,165,cha165,0.0,0.03545,0.0,0.0,0.03545,0.0,0.0,0.0,2019-09-30
31,166,cha166,0.0,0.001097,0.0,0.0,0.001097,0.0,0.0,0.0,2019-09-30
32,167,cha167,0.0,0.03914,0.0,0.0,0.03914,0.0,0.0,0.0,2019-09-30
33,168,cha168,0.0,0.0003992,0.0,0.0,0.0003992,0.0,0.0,0.0,2019-09-30
34,169,cha169,0.0,0.0335,0.0,0.0,0.0335,0.0,0.0,0.0,2019-09-30
35,170,cha170,0.0,0.0025,0.0,0.0,0.0025,0.0,0.0,0.0,2019-09-30
36,171,cha171,0.0,0.001516,0.0,0.0,0.001516,0.0,0.0,0.0,2019-09-30
37,173,cha173,0.0,0.03256,0.0,0.0,0.03256,0.0,0.0,0.0,2019-09-30
1,29,cha029,0.0,0.0,0.0,0.0,0.0,0.0,0.0,0.0,2019-10-01
2,35,cha035,0.0,0.0,0.0,0.0,0.0,0.0,0.0,0.0,2019-10-01
3,37,cha037,0.0,0.0,0.0,0.0,0.0,0.0,0.0,0.0,2019-10-01
4,38,cha038,0.0,0.02913,0.0,0.0,0.02913,0.0,0.0,0.0,2019-10-01
5,39,cha039,0.0,0.0,0.0,0.0,0.0,0.0,0.0,0.0,2019-10-01
6,41,cha041,0.0,0.0,0.0,0.0,0.0,0.0,0.0,0.0,2019-10-01
7,43,cha043,0.0,0.0,0.0,0.0,0.0,0.0,0.0,0.0,2019-10-01
8,44,cha044,0.0,0.0,0.0,0.0,0.0,0.0,0.0,0.0,2019-10-01
9,45,cha045,0.0,0.0,0.0,0.0,0.0,0.0,0.0,0.0,2019-10-01
10,50,cha050,0.0,0.0,0.0,0.0,0.0,0.0,0.0,0.0,2019-10-01
11,51,cha051,0.0,0.0,0.0,0.0,0.0,0.0,0.0,0.0,2019-10-01
12,54,cha054,0.0,0.0,0.0,0.0,0.0,0.0,0.0,0.0,2019-10-01
13,57,cha057,0.0,0.0,0.0,0.0,0.0,0.0,0.0,0.0,2019-10-01
14,59,cha059,0.0,0.0,0.0,0.0,0.0,0.0,0.0,0.0,2019-10-01
15,64,cha064,0.0,0.0,0.0,0.0,0.0,0.0,0.0,0.0,2019-10-01
16,66,cha066,0.0,0.0,0.0,0.0,0.0,0.0,0.0,0.0,2019-10-01
17,70,cha070,0.0,0.0,0.0,0.0,0.0,0.0,0.0,0.0,2019-10-01
18,71,cha071,0.0,0.0,0.0,0.0,0.0,0.0,0.0,0.0,2019-10-01
19,74,cha074,0.0,0.0,0.0,0.0,0.0,0.0,0.0,0.0,2019-10-01
20,138,cha138,0.0,2.102,0.0,0.0,2.102,0.0,0.0,0.0,2019-10-01
21,141,cha141,0.0,1.433,0.0,0.0,1.433,0.0,0.0,0.0,2019-10-01
22,142,cha142,0.0,0.3997,0.0,0.0,0.3997,0.0,0.0,0.0,2019-10-01
23,146,cha146,0.0,0.8816,0.0,0.0,0.8816,0.0,0.0,0.0,2019-10-01
24,148,cha148,0.0,2.059,0.0,0.0,2.059,0.0,0.0,0.0,2019-10-01
25,153,cha153,0.0,3.042,0.0,0.0,3.042,0.0,0.0,0.0,2019-10-01
26,155,cha155,0.0,2.603,0.0,0.0,2.603,0.0,0.0,0.0,2019-10-01
27,158,cha158,0.0,1.631,0.0,0.0,1.631,0.0,0.0,0.0,2019-10-01
28,161,cha161,0.0,2.239,0.0,0.0,2.239,0.0,0.0,0.0,2019-10-01
29,162,cha162,0.0,0.1471,0.0,0.0,0.1471,0.0,0.0,0.0,2019-10-01
30,165,cha165,0.0,1.147,0.0,0.0,1.147,0.0,0.0,0.0,2019-10-01
31,166,cha166,0.0,0.1485,0.0,0.0,0.1485,0.0,0.0,0.0,2019-10-01
32,167,cha167,0.0,1.891,0.0,0.0,1.891,0.0,0.0,0.0,2019-10-01
33,168,cha168,0.0,0.06456,0.0,0.0,0.06456,0.0,0.0,0.0,2019-10-01
34,169,cha169,0.0,0.8836,0.0,0.0,0.8836,0.0,0.0,0.0,2019-10-01
35,170,cha170,0.0,0.5005,0.0,0.0,0.5005,0.0,0.0,0.0,2019-10-01
36,171,cha171,0.0,0.3008,0.0,0.0,0.3008,0.0,0.0,0.0,2019-10-01
37,173,cha173,0.0,0.7016,0.0,0.0,0.7016,0.0,0.0,0.0,2019-10-01
1,29,cha029,0.0,0.0,0.0,0.0,0.0,0.0,0.0,0.0,2019-10-02
2,35,cha035,0.0,0.0,0.0,0.0,0.0,0.0,0.0,0.0,2019-10-02
3,37,cha037,0.0,0.0,0.0,0.0,0.0,0.0,0.0,0.0,2019-10-02
4,38,cha038,0.0,0.02963,0.0,0.0,0.02963,0.0,0.0,0.0,2019-10-02
5,39,cha039,0.0,0.0,0.0,0.0,0.0,0.0,0.0,0.0,2019-10-02
6,41,cha041,0.0,0.0,0.0,0.0,0.0,0.0,0.0,0.0,2019-10-02
7,43,cha043,0.0,0.0,0.0,0.0,0.0,0.0,0.0,0.0,2019-10-02
8,44,cha044,0.0,0.0,0.0,0.0,0.0,0.0,0.0,0.0,2019-10-02
9,45,cha045,0.0,0.0,0.0,0.0,0.0,0.0,0.0,0.0,2019-10-02
10,50,cha050,0.0,0.0,0.0,0.0,0.0,0.0,0.0,0.0,2019-10-02
11,51,cha051,0.0,0.0,0.0,0.0,0.0,0.0,0.0,0.0,2019-10-02
12,54,cha054,0.0,0.0,0.0,0.0,0.0,0.0,0.0,0.0,2019-10-02
13,57,cha057,0.0,0.0,0.0,0.0,0.0,0.0,0.0,0.0,2019-10-02
14,59,cha059,0.0,0.0,0.0,0.0,0.0,0.0,0.0,0.0,2019-10-02
15,64,cha064,0.0,0.0,0.0,0.0,0.0,0.0,0.0,0.0,2019-10-02
16,66,cha066,0.0,0.0,0.0,0.0,0.0,0.0,0.0,0.0,2019-10-02
17,70,cha070,0.0,0.0,0.0,0.0,0.0,0.0,0.0,0.0,2019-10-02
18,71,cha071,0.0,0.0,0.0,0.0,0.0,0.0,0.0,0.0,2019-10-02
19,74,cha074,0.0,0.0,0.0,0.0,0.0,0.0,0.0,0.0,2019-10-02
20,138,cha138,0.0,1.116,0.0,0.0,1.116,0.0,0.0,0.0,2019-10-02
21,141,cha141,0.0,0.7885,0.0,0.0,0.7885,0.0,0.0,0.0,2019-10-02
22,142,cha142,0.0,0.2099,0.0,0.0,0.2099,0.0,0.0,0.0,2019-10-02
23,146,cha146,0.0,0.4499,0.0,0.0,0.4499,0.0,0.0,0.0,2019-10-02
24,148,cha148,0.0,1.096,0.0,0.0,1.096,0.0,0.0,0.0,2019-10-02
25,153,cha153,0.0,1.595,0.0,0.0,1.595,0.0,0.0,0.0,2019-10-02
26,155,cha155,0.0,1.325,0.0,0.0,1.325,0.0,0.0,0.0,2019-10-02
27,158,cha158,0.0,0.8333,0.0,0.0,0.8333,0.0,0.0,0.0,2019-10-02
28,161,cha161,0.0,1.134,0.0,0.0,1.134,0.0,0.0,0.0,2019-10-02
29,162,cha162,0.0,0.07698,0.0,0.0,0.07698,0.0,0.0,0.0,2019-10-02
30,165,cha165,0.0,0.5945,0.0,0.0,0.5945,0.0,0.0,0.0,2019-10-02
31,166,cha166,0.0,0.08335,0.0,0.0,0.08335,0.0,0.0,0.0,2019-10-02
32,167,cha167,0.0,0.9705,0.0,0.0,0.9705,0.0,0.0,0.0,2019-10-02
33,168,cha168,0.0,0.03065,0.0,0.0,0.03065,0.0,0.0,0.0,2019-10-02
34,169,cha169,0.0,0.4663,0.0,0.0,0.4663,0.0,0.0,0.0,2019-10-02
35,170,cha170,0.0,0.2534,0.0,0.0,0.2534,0.0,0.0,0.0,2019-10-02
36,171,cha171,0.0,0.1535,0.0,0.0,0.1535,0.0,0.0,0.0,2019-10-02
37,173,cha173,0.0,0.3722,0.0,0.0,0.3722,0.0,0.0,0.0,2019-10-02
1,29,cha029,0.0,0.0,0.0,0.0,0.0,0.0,0.0,0.0,2019-10-03
2,35,cha035,0.0,0.0,0.0,0.0,0.0,0.0,0.0,0.0,2019-10-03
3,37,cha037,0.0,0.0,0.0,0.0,0.0,0.0,0.0,0.0,2019-10-03
4,38,cha038,0.0,0.0301,0.0,0.0,0.0301,0.0,0.0,0.0,2019-10-03
5,39,cha039,0.0,0.0,0.0,0.0,0.0,0.0,0.0,0.0,2019-10-03
6,41,cha041,0.0,0.0,0.0,0.0,0.0,0.0,0.0,0.0,2019-10-03
7,43,cha043,0.0,0.0,0.0,0.0,0.0,0.0,0.0,0.0,2019-10-03
8,44,cha044,0.0,0.0,0.0,0.0,0.0,0.0,0.0,0.0,2019-10-03
9,45,cha045,0.0,0.0,0.0,0.0,0.0,0.0,0.0,0.0,2019-10-03
10,50,cha050,0.0,0.0,0.0,0.0,0.0,0.0,0.0,0.0,2019-10-03
11,51,cha051,0.0,0.0,0.0,0.0,0.0,0.0,0.0,0.0,2019-10-03
12,54,cha054,0.0,0.0,0.0,0.0,0.0,0.0,0.0,0.0,2019-10-03
13,57,cha057,0.0,0.0,0.0,0.0,0.0,0.0,0.0,0.0,2019-10-03
14,59,cha059,0.0,0.0,0.0,0.0,0.0,0.0,0.0,0.0,2019-10-03
15,64,cha064,0.0,0.0,0.0,0.0,0.0,0.0,0.0,0.0,2019-10-03
16,66,cha066,0.0,0.0,0.0,0.0,0.0,0.0,0.0,0.0,2019-10-03
17,70,cha070,0.0,0.0,0.0,0.0,0.0,0.0,0.0,0.0,2019-10-03
18,71,cha071,0.0,0.0,0.0,0.0,0.0,0.0,0.0,0.0,2019-10-03
19,74,cha074,0.0,0.0,0.0,0.0,0.0,0.0,0.0,0.0,2019-10-03
20,138,cha138,0.0,0.609,0.0,0.0,0.609,0.0,0.0,0.0,2019-10-03
21,141,cha141,0.0,0.4436,0.0,0.0,0.4436,0.0,0.0,0.0,2019-10-03
22,142,cha142,0.0,0.1103,0.0,0.0,0.1103,0.0,0.0,0.0,2019-10-03
23,146,cha146,0.0,0.2327,0.0,0.0,0.2327,0.0,0.0,0.0,2019-10-03
24,148,cha148,0.0,0.5999,0.0,0.0,0.5999,0.0,0.0,0.0,2019-10-03
25,153,cha153,0.0,0.873,0.0,0.0,0.873,0.0,0.0,0.0,2019-10-03
26,155,cha155,0.0,0.7071,0.0,0.0,0.7071,0.0,0.0,0.0,2019-10-03
27,158,cha158,0.0,0.4436,0.0,0.0,0.4436,0.0,0.0,0.0,2019-10-03
28,161,cha161,0.0,0.597,0.0,0.0,0.597,0.0,0.0,0.0,2019-10-03
29,162,cha162,0.0,0.04037,0.0,0.0,0.04037,0.0,0.0,0.0,2019-10-03
30,165,cha165,0.0,0.3203,0.0,0.0,0.3203,0.0,0.0,0.0,2019-10-03
31,166,cha166,0.0,0.04702,0.0,0.0,0.04702,0.0,0.0,0.0,2019-10-03
32,167,cha167,0.0,0.5162,0.0,0.0,0.5162,0.0,0.0,0.0,2019-10-03
33,168,cha168,0.0,0.01465,0.0,0.0,0.01465,0.0,0.0,0.0,2019-10-03
34,169,cha169,0.0,0.2567,0.0,0.0,0.2567,0.0,0.0,0.0,2019-10-03
35,170,cha170,0.0,0.1302,0.0,0.0,0.1302,0.0,0.0,0.0,2019-10-03
36,171,cha171,0.0,0.07999,0.0,0.0,0.07999,0.0,0.0,0.0,2019-10-03
37,173,cha173,0.0,0.2069,0.0,0.0,0.2069,0.0,0.0,0.0,2019-10-03
1,29,cha029,0.0,0.0,0.0,0.0,0.0,0.0,0.0,0.0,2019-10-04
2,35,cha035,0.0,0.0,0.0,0.0,0.0,0.0,0.0,0.0,2019-10-04
3,37,cha037,0.0,0.0,0.0,0.0,0.0,0.0,0.0,0.0,2019-10-04
4,38,cha038,0.0,0.0306,0.0,0.0,0.0306,0.0,0.0,0.0,2019-10-04
5,39,cha039,0.0,0.0,0.0,0.0,0.0,0.0,0.0,0.0,2019-10-04
6,41,cha041,0.0,0.0,0.0,0.0,0.0,0.0,0.0,0.0,2019-10-04
7,43,cha043,0.0,0.0,0.0,0.0,0.0,0.0,0.0,0.0,2019-10-04
8,44,cha044,0.0,0.0,0.0,0.0,0.0,0.0,0.0,0.0,2019-10-04
9,45,cha045,0.0,0.0,0.0,0.0,0.0,0.0,0.0,0.0,2019-10-04
10,50,cha050,0.0,0.0,0.0,0.0,0.0,0.0,0.0,0.0,2019-10-04
11,51,cha051,0.0,0.0,0.0,0.0,0.0,0.0,0.0,0.0,2019-10-04
12,54,cha054,0.0,0.0,0.0,0.0,0.0,0.0,0.0,0.0,2019-10-04
13,57,cha057,0.0,0.0,0.0,0.0,0.0,0.0,0.0,0.0,2019-10-04
14,59,cha059,0.0,0.0,0.0,0.0,0.0,0.0,0.0,0.0,2019-10-04
15,64,cha064,0.0,0.0,0.0,0.0,0.0,0.0,0.0,0.0,2019-10-04
16,66,cha066,0.0,0.0,0.0,0.0,0.0,0.0,0.0,0.0,2019-10-04
17,70,cha070,0.0,0.0,0.0,0.0,0.0,0.0,0.0,0.0,2019-10-04
18,71,cha071,0.0,0.0,0.0,0.0,0.0,0.0,0.0,0.0,2019-10-04
19,74,cha074,0.0,0.0,0.0,0.0,0.0,0.0,0.0,0.0,2019-10-04
20,138,cha138,0.0,0.3396,0.0,0.0,0.3396,0.0,0.0,0.0,2019-10-04
21,141,cha141,0.0,0.2537,0.0,0.0,0.2537,0.0,0.0,0.0,2019-10-04
22,142,cha142,0.0,0.05803,0.0,0.0,0.05803,0.0,0.0,0.0,2019-10-04
23,146,cha146,0.0,0.1219,0.0,0.0,0.1219,0.0,0.0,0.0,2019-10-04
24,148,cha148,0.0,0.3351,0.0,0.0,0.3351,0.0,0.0,0.0,2019-10-04
25,153,cha153,0.0,0.5031,0.0,0.0,0.5031,0.0,0.0,0.0,2019-10-04
26,155,cha155,0.0,0.401,0.0,0.0,0.401,0.0,0.0,0.0,2019-10-04
27,158,cha158,0.0,0.2481,0.0,0.0,0.2481,0.0,0.0,0.0,2019-10-04
28,161,cha161,0.0,0.3286,0.0,0.0,0.3286,0.0,0.0,0.0,2019-10-04
29,162,cha162,0.0,0.02126,0.0,0.0,0.02126,0.0,0.0,0.0,2019-10-04
30,165,cha165,0.0,0.1824,0.0,0.0,0.1824,0.0,0.0,0.0,2019-10-04
31,166,cha166,0.0,0.02674,0.0,0.0,0.02674,0.0,0.0,0.0,2019-10-04
32,167,cha167,0.0,0.2867,0.0,0.0,0.2867,0.0,0.0,0.0,2019-10-04
33,168,cha168,0.0,0.007106,0.0,0.0,0.007106,0.0,0.0,0.0,2019-10-04
34,169,cha169,0.0,0.1502,0.0,0.0,0.1502,0.0,0.0,0.0,2019-10-04
35,170,cha170,0.0,0.06817,0.0,0.0,0.06817,0.0,0.0,0.0,2019-10-04
36,171,cha171,0.0,0.04259,0.0,0.0,0.04259,0.0,0.0,0.0,2019-10-04
37,173,cha173,0.0,0.1234,0.0,0.0,0.1234,0.0,0.0,0.0,2019-10-04
1,29,cha029,0.0,0.0,0.0,0.0,0.0,0.0,0.0,0.0,2019-10-05
2,35,cha035,0.0,0.0,0.0,0.0,0.0,0.0,0.0,0.0,2019-10-05
3,37,cha037,0.0,0.0,0.0,0.0,0.0,0.0,0.0,0.0,2019-10-05
4,38,cha038,0.0,0.03125,0.0,0.0,0.03125,0.0,0.0,0.0,2019-10-05
5,39,cha039,0.0,0.0,0.0,0.0,0.0,0.0,0.0,0.0,2019-10-05
6,41,cha041,0.0,0.0,0.0,0.0,0.0,0.0,0.0,0.0,2019-10-05
7,43,cha043,0.0,0.0,0.0,0.0,0.0,0.0,0.0,0.0,2019-10-05
8,44,cha044,0.0,0.0,0.0,0.0,0.0,0.0,0.0,0.0,2019-10-05
9,45,cha045,0.0,0.0,0.0,0.0,0.0,0.0,0.0,0.0,2019-10-05
10,50,cha050,0.0,0.0,0.0,0.0,0.0,0.0,0.0,0.0,2019-10-05
11,51,cha051,0.0,0.0,0.0,0.0,0.0,0.0,0.0,0.0,2019-10-05
12,54,cha054,0.0,0.0,0.0,0.0,0.0,0.0,0.0,0.0,2019-10-05
13,57,cha057,0.0,0.0,0.0,0.0,0.0,0.0,0.0,0.0,2019-10-05
14,59,cha059,0.0,0.0,0.0,0.0,0.0,0.0,0.0,0.0,2019-10-05
15,64,cha064,0.0,0.0,0.0,0.0,0.0,0.0,0.0,0.0,2019-10-05
16,66,cha066,0.0,0.0,0.0,0.0,0.0,0.0,0.0,0.0,2019-10-05
17,70,cha070,0.0,0.0,0.0,0.0,0.0,0.0,0.0,0.0,2019-10-05
18,71,cha071,0.0,0.0,0.0,0.0,0.0,0.0,0.0,0.0,2019-10-05
19,74,cha074,0.0,0.0,0.0,0.0,0.0,0.0,0.0,0.0,2019-10-05
20,138,cha138,0.0,0.2031,0.0,0.0,0.2031,0.0,0.0,0.0,2019-10-05
21,141,cha141,0.0,0.1551,0.0,0.0,0.1551,0.0,0.0,0.0,2019-10-05
22,142,cha142,0.0,0.03058,0.0,0.0,0.03058,0.0,0.0,0.0,2019-10-05
23,146,cha146,0.0,0.06546,0.0,0.0,0.06546,0.0,0.0,0.0,2019-10-05
24,148,cha148,0.0,0.2008,0.0,0.0,0.2008,0.0,0.0,0.0,2019-10-05
25,153,cha153,0.0,0.9433,0.0,0.0,0.9433,0.0,0.0,0.0,2019-10-05
26,155,cha155,0.0,0.8803,0.0,0.0,0.8803,0.0,0.0,0.0,2019-10-05
27,158,cha158,0.0,0.7405,0.0,0.0,0.7405,0.0,0.0,0.0,2019-10-05
28,161,cha161,0.0,0.8067,0.0,0.0,0.8067,0.0,0.0,0.0,2019-10-05
29,162,cha162,0.0,0.0265,0.0,0.0,0.0265,0.0,0.0,0.0,2019-10-05
30,165,cha165,0.0,0.6594,0.0,0.0,0.6594,0.0,0.0,0.0,2019-10-05
31,166,cha166,0.0,0.1532,0.0,0.0,0.1532,0.0,0.0,0.0,2019-10-05
32,167,cha167,0.0,0.7644,0.0,0.0,0.7644,0.0,0.0,0.0,2019-10-05
33,168,cha168,0.0,0.02667,0.0,0.0,0.02667,0.0,0.0,0.0,2019-10-05
34,169,cha169,0.0,0.5734,0.0,0.0,0.5734,0.0,0.0,0.0,2019-10-05
35,170,cha170,0.0,0.3881,0.0,0.0,0.3881,0.0,0.0,0.0,2019-10-05
36,171,cha171,0.0,0.2771,0.0,0.0,0.2771,0.0,0.0,0.0,2019-10-05
37,173,cha173,0.0,0.5277,0.0,0.0,0.5277,0.0,0.0,0.0,2019-10-05
1,29,cha029,0.0,0.0,0.0,0.0,0.0,0.0,0.0,0.0,2019-10-06
2,35,cha035,0.0,0.0,0.0,0.0,0.0,0.0,0.0,0.0,2019-10-06
3,37,cha037,0.0,0.0,0.0,0.0,0.0,0.0,0.0,0.0,2019-10-06
4,38,cha038,0.0,0.03186,0.0,0.0,0.03186,0.0,0.0,0.0,2019-10-06
5,39,cha039,0.0,0.0,0.0,0.0,0.0,0.0,0.0,0.0,2019-10-06
6,41,cha041,0.0,0.0,0.0,0.0,0.0,0.0,0.0,0.0,2019-10-06
7,43,cha043,0.0,0.0,0.0,0.0,0.0,0.0,0.0,0.0,2019-10-06
8,44,cha044,0.0,0.0,0.0,0.0,0.0,0.0,0.0,0.0,2019-10-06
9,45,cha045,0.0,0.0,0.0,0.0,0.0,0.0,0.0,0.0,2019-10-06
10,50,cha050,0.0,0.0,0.0,0.0,0.0,0.0,0.0,0.0,2019-10-06
11,51,cha051,0.0,0.0,0.0,0.0,0.0,0.0,0.0,0.0,2019-10-06
12,54,cha054,0.0,0.0,0.0,0.0,0.0,0.0,0.0,0.0,2019-10-06
13,57,cha057,0.0,0.0,0.0,0.0,0.0,0.0,0.0,0.0,2019-10-06
14,59,cha059,0.0,0.0,0.0,0.0,0.0,0.0,0.0,0.0,2019-10-06
15,64,cha064,0.0,0.0,0.0,0.0,0.0,0.0,0.0,0.0,2019-10-06
16,66,cha066,0.0,0.0,0.0,0.0,0.0,0.0,0.0,0.0,2019-10-06
17,70,cha070,0.0,0.0,0.0,0.0,0.0,0.0,0.0,0.0,2019-10-06
18,71,cha071,0.0,0.0,0.0,0.0,0.0,0.0,0.0,0.0,2019-10-06
19,74,cha074,0.0,0.0,0.0,0.0,0.0,0.0,0.0,0.0,2019-10-06
20,138,cha138,0.0,0.1173,0.0,0.0,0.1173,0.0,0.0,0.0,2019-10-06
21,141,cha141,0.0,0.0914,0.0,0.0,0.0914,0.0,0.0,0.0,2019-10-06
22,142,cha142,0.0,0.01616,0.0,0.0,0.01616,0.0,0.0,0.0,2019-10-06
23,146,cha146,0.0,0.03501,0.0,0.0,0.03501,0.0,0.0,0.0,2019-10-06
24,148,cha148,0.0,0.1161,0.0,0.0,0.1161,0.0,0.0,0.0,2019-10-06
25,153,cha153,0.0,0.5303,0.0,0.0,0.5303,0.0,0.0,0.0,2019-10-06
26,155,cha155,0.0,0.4913,0.0,0.0,0.4913,0.0,0.0,0.0,2019-10-06
27,158,cha158,0.0,0.3994,0.0,0.0,0.3994,0.0,0.0,0.0,2019-10-06
28,161,cha161,0.0,0.4355,0.0,0.0,0.4355,0.0,0.0,0.0,2019-10-06
29,162,cha162,0.0,0.01402,0.0,0.0,0.01402,0.0,0.0,0.0,2019-10-06
30,165,cha165,0.0,0.3562,0.0,0.0,0.3562,0.0,0.0,0.0,2019-10-06
31,166,cha166,0.0,0.08604,0.0,0.0,0.08604,0.0,0.0,0.0,2019-10-06
32,167,cha167,0.0,0.4123,0.0,0.0,0.4123,0.0,0.0,0.0,2019-10-06
33,168,cha168,0.0,0.01278,0.0,0.0,0.01278,0.0,0.0,0.0,2019-10-06
34,169,cha169,0.0,0.3136,0.0,0.0,0.3136,0.0,0.0,0.0,2019-10-06
35,170,cha170,0.0,0.201,0.0,0.0,0.201,0.0,0.0,0.0,2019-10-06
36,171,cha171,0.0,0.1453,0.0,0.0,0.1453,0.0,0.0,0.0,2019-10-06
37,173,cha173,0.0,0.2898,0.0,0.0,0.2898,0.0,0.0,0.0,2019-10-06
1,29,cha029,0.0,0.0,0.0,0.0,0.0,0.0,0.0,0.0,2019-10-07
2,35,cha035,0.0,0.0,0.0,0.0,0.0,0.0,0.0,0.0,2019-10-07
3,37,cha037,0.0,0.0,0.0,0.0,0.0,0.0,0.0,0.0,2019-10-07
4,38,cha038,0.0,0.03243,0.0,0.0,0.03243,0.0,0.0,0.0,2019-10-07
5,39,cha039,0.0,0.0,0.0,0.0,0.0,0.0,0.0,0.0,2019-10-07
6,41,cha041,0.0,0.0,0.0,0.0,0.0,0.0,0.0,0.0,2019-10-07
7,43,cha043,0.0,0.0,0.0,0.0,0.0,0.0,0.0,0.0,2019-10-07
8,44,cha044,0.0,0.0,0.0,0.0,0.0,0.0,0.0,0.0,2019-10-07
9,45,cha045,0.0,0.0,0.0,0.0,0.0,0.0,0.0,0.0,2019-10-07
10,50,cha050,0.0,0.0,0.0,0.0,0.0,0.0,0.0,0.0,2019-10-07
11,51,cha051,0.0,0.0,0.0,0.0,0.0,0.0,0.0,0.0,2019-10-07
12,54,cha054,0.0,0.0,0.0,0.0,0.0,0.0,0.0,0.0,2019-10-07
13,57,cha057,0.0,0.0,0.0,0.0,0.0,0.0,0.0,0.0,2019-10-07
14,59,cha059,0.0,0.0,0.0,0.0,0.0,0.0,0.0,0.0,2019-10-07
15,64,cha064,0.0,0.0,0.0,0.0,0.0,0.0,0.0,0.0,2019-10-07
16,66,cha066,0.0,0.0,0.0,0.0,0.0,0.0,0.0,0.0,2019-10-07
17,70,cha070,0.0,0.0,0.0,0.0,0.0,0.0,0.0,0.0,2019-10-07
18,71,cha071,0.0,0.0,0.0,0.0,0.0,0.0,0.0,0.0,2019-10-07
19,74,cha074,0.0,0.0,0.0,0.0,0.0,0.0,0.0,0.0,2019-10-07
20,138,cha138,0.0,0.06907,0.0,0.0,0.06907,0.0,0.0,0.0,2019-10-07
21,141,cha141,0.0,0.05475,0.0,0.0,0.05475,0.0,0.0,0.0,2019-10-07
22,142,cha142,0.0,0.008593,0.0,0.0,0.008593,0.0,0.0,0.0,2019-10-07
23,146,cha146,0.0,0.01904,0.0,0.0,0.01904,0.0,0.0,0.0,2019-10-07
24,148,cha148,0.0,0.06836,0.0,0.0,0.06836,0.0,0.0,0.0,2019-10-07
25,153,cha153,0.0,0.3189,0.0,0.0,0.3189,0.0,0.0,0.0,2019-10-07
26,155,cha155,0.0,0.2946,0.0,0.0,0.2946,0.0,0.0,0.0,2019-10-07
27,158,cha158,0.0,0.2265,0.0,0.0,0.2265,0.0,0.0,0.0,2019-10-07
28,161,cha161,0.0,0.247,0.0,0.0,0.247,0.0,0.0,0.0,2019-10-07
29,162,cha162,0.0,0.007505,0.0,0.0,0.007505,0.0,0.0,0.0,2019-10-07
30,165,cha165,0.0,0.2027,0.0,0.0,0.2027,0.0,0.0,0.0,2019-10-07
31,166,cha166,0.0,0.04854,0.0,0.0,0.04854,0.0,0.0,0.0,2019-10-07
32,167,cha167,0.0,0.2336,0.0,0.0,0.2336,0.0,0.0,0.0,2019-10-07
33,168,cha168,0.0,0.006231,0.0,0.0,0.006231,0.0,0.0,0.0,2019-10-07
34,169,cha169,0.0,0.181,0.0,0.0,0.181,0.0,0.0,0.0,2019-10-07
35,170,cha170,0.0,0.1056,0.0,0.0,0.1056,0.0,0.0,0.0,2019-10-07
36,171,cha171,0.0,0.0774,0.0,0.0,0.0774,0.0,0.0,0.0,2019-10-07
37,173,cha173,0.0,0.1683,0.0,0.0,0.1683,0.0,0.0,0.0,2019-10-07
1,29,cha029,0.0,0.0,0.0,0.0,0.0,0.0,0.0,0.0,2019-10-08
2,35,cha035,0.0,0.0,0.0,0.0,0.0,0.0,0.0,0.0,2019-10-08
3,37,cha037,0.0,0.0,0.0,0.0,0.0,0.0,0.0,0.0,2019-10-08
4,38,cha038,0.0,0.03296,0.0,0.0,0.03296,0.0,0.0,0.0,2019-10-08
5,39,cha039,0.0,0.0,0.0,0.0,0.0,0.0,0.0,0.0,2019-10-08
6,41,cha041,0.0,0.0,0.0,0.0,0.0,0.0,0.0,0.0,2019-10-08
7,43,cha043,0.0,0.0,0.0,0.0,0.0,0.0,0.0,0.0,2019-10-08
8,44,cha044,0.0,0.0,0.0,0.0,0.0,0.0,0.0,0.0,2019-10-08
9,45,cha045,0.0,0.0,0.0,0.0,0.0,0.0,0.0,0.0,2019-10-08
10,50,cha050,0.0,0.0,0.0,0.0,0.0,0.0,0.0,0.0,2019-10-08
11,51,cha051,0.0,0.0,0.0,0.0,0.0,0.0,0.0,0.0,2019-10-08
12,54,cha054,0.0,0.0,0.0,0.0,0.0,0.0,0.0,0.0,2019-10-08
13,57,cha057,0.0,0.0,0.0,0.0,0.0,0.0,0.0,0.0,2019-10-08
14,59,cha059,0.0,0.0,0.0,0.0,0.0,0.0,0.0,0.0,2019-10-08
15,64,cha064,0.0,0.0,0.0,0.0,0.0,0.0,0.0,0.0,2019-10-08
16,66,cha066,0.0,0.0,0.0,0.0,0.0,0.0,0.0,0.0,2019-10-08
17,70,cha070,0.0,0.0,0.0,0.0,0.0,0.0,0.0,0.0,2019-10-08
18,71,cha071,0.0,0.0,0.0,0.0,0.0,0.0,0.0,0.0,2019-10-08
19,74,cha074,0.0,0.0,0.0,0.0,0.0,0.0,0.0,0.0,2019-10-08
20,138,cha138,0.0,0.04157,0.0,0.0,0.04157,0.0,0.0,0.0,2019-10-08
21,141,cha141,0.0,0.03344,0.0,0.0,0.03344,0.0,0.0,0.0,2019-10-08
22,142,cha142,0.0,0.00462,0.0,0.0,0.00462,0.0,0.0,0.0,2019-10-08
23,146,cha146,0.0,0.01061,0.0,0.0,0.01061,0.0,0.0,0.0,2019-10-08
24,148,cha148,0.0,0.04116,0.0,0.0,0.04116,0.0,0.0,0.0,2019-10-08
25,153,cha153,0.0,0.2094,0.0,0.0,0.2094,0.0,0.0,0.0,2019-10-08
26,155,cha155,0.0,0.1941,0.0,0.0,0.1941,0.0,0.0,0.0,2019-10-08
27,158,cha158,0.0,0.1379,0.0,0.0,0.1379,0.0,0.0,0.0,2019-10-08
28,161,cha161,0.0,0.1501,0.0,0.0,0.1501,0.0,0.0,0.0,2019-10-08
29,162,cha162,0.0,0.004106,0.0,0.0,0.004106,0.0,0.0,0.0,2019-10-08
30,165,cha165,0.0,0.1243,0.0,0.0,0.1243,0.0,0.0,0.0,2019-10-08
31,166,cha166,0.0,0.02761,0.0,0.0,0.02761,0.0,0.0,0.0,2019-10-08
32,167,cha167,0.0,0.142,0.0,0.0,0.142,0.0,0.0,0.0,2019-10-08
33,168,cha168,0.0,0.003142,0.0,0.0,0.003142,0.0,0.0,0.0,2019-10-08
34,169,cha169,0.0,0.1128,0.0,0.0,0.1128,0.0,0.0,0.0,2019-10-08
35,170,cha170,0.0,0.0565,0.0,0.0,0.0565,0.0,0.0,0.0,2019-10-08
36,171,cha171,0.0,0.0419,0.0,0.0,0.0419,0.0,0.0,0.0,2019-10-08
37,173,cha173,0.0,0.1058,0.0,0.0,0.1058,0.0,0.0,0.0,2019-10-08
1,29,cha029,0.0,0.0,0.0,0.0,0.0,0.0,0.0,0.0,2019-10-09
2,35,cha035,0.0,0.0,0.0,0.0,0.0,0.0,0.0,0.0,2019-10-09
3,37,cha037,0.0,0.0,0.0,0.0,0.0,0.0,0.0,0.0,2019-10-09
4,38,cha038,0.0,0.03346,0.0,0.0,0.03346,0.0,0.0,0.0,2019-10-09
5,39,cha039,0.0,0.0,0.0,0.0,0.0,0.0,0.0,0.0,2019-10-09
6,41,cha041,0.0,0.0,0.0,0.0,0.0,0.0,0.0,0.0,2019-10-09
7,43,cha043,0.0,0.0,0.0,0.0,0.0,0.0,0.0,0.0,2019-10-09
8,44,cha044,0.0,0.0,0.0,0.0,0.0,0.0,0.0,0.0,2019-10-09
9,45,cha045,0.0,0.0,0.0,0.0,0.0,0.0,0.0,0.0,2019-10-09
10,50,cha050,0.0,0.0,0.0,0.0,0.0,0.0,0.0,0.0,2019-10-09
11,51,cha051,0.0,0.0,0.0,0.0,0.0,0.0,0.0,0.0,2019-10-09
12,54,cha054,0.0,0.0,0.0,0.0,0.0,0.0,0.0,0.0,2019-10-09
13,57,cha057,0.0,0.0,0.0,0.0,0.0,0.0,0.0,0.0,2019-10-09
14,59,cha059,0.0,0.0,0.0,0.0,0.0,0.0,0.0,0.0,2019-10-09
15,64,cha064,0.0,0.0,0.0,0.0,0.0,0.0,0.0,0.0,2019-10-09
16,66,cha066,0.0,0.0,0.0,0.0,0.0,0.0,0.0,0.0,2019-10-09
17,70,cha070,0.0,0.0,0.0,0.0,0.0,0.0,0.0,0.0,2019-10-09
18,71,cha071,0.0,0.0,0.0,0.0,0.0,0.0,0.0,0.0,2019-10-09
19,74,cha074,0.0,0.0,0.0,0.0,0.0,0.0,0.0,0.0,2019-10-09
20,138,cha138,0.0,0.02576,0.0,0.0,0.02576,0.0,0.0,0.0,2019-10-09
21,141,cha141,0.0,0.02094,0.0,0.0,0.02094,0.0,0.0,0.0,2019-10-09
22,142,cha142,0.0,0.002534,0.0,0.0,0.002534,0.0,0.0,0.0,2019-10-09
23,146,cha146,0.0,0.006121,0.0,0.0,0.006121,0.0,0.0,0.0,2019-10-09
24,148,cha148,0.0,0.0255,0.0,0.0,0.0255,0.0,0.0,0.0,2019-10-09
25,153,cha153,0.0,0.1522,0.0,0.0,0.1522,0.0,0.0,0.0,2019-10-09
26,155,cha155,0.0,0.1424,0.0,0.0,0.1424,0.0,0.0,0.0,2019-10-09
27,158,cha158,0.0,0.09223,0.0,0.0,0.09223,0.0,0.0,0.0,2019-10-09
28,161,cha161,0.0,0.09993,0.0,0.0,0.09993,0.0,0.0,0.0,2019-10-09
29,162,cha162,0.0,0.002334,0.0,0.0,0.002334,0.0,0.0,0.0,2019-10-09
30,165,cha165,0.0,0.08404,0.0,0.0,0.08404,0.0,0.0,0.0,2019-10-09
31,166,cha166,0.0,0.01593,0.0,0.0,0.01593,0.0,0.0,0.0,2019-10-09
32,167,cha167,0.0,0.09466,0.0,0.0,0.09466,0.0,0.0,0.0,2019-10-09
33,168,cha168,0.0,0.001685,0.0,0.0,0.001685,0.0,0.0,0.0,2019-10-09
34,169,cha169,0.0,0.07749,0.0,0.0,0.07749,0.0,0.0,0.0,2019-10-09
35,170,cha170,0.0,0.03099,0.0,0.0,0.03099,0.0,0.0,0.0,2019-10-09
36,171,cha171,0.0,0.02318,0.0,0.0,0.02318,0.0,0.0,0.0,2019-10-09
37,173,cha173,0.0,0.07358,0.0,0.0,0.07358,0.0,0.0,0.0,2019-10-09
1,29,cha029,0.0,0.0,0.0,0.0,0.0,0.0,0.0,0.0,2019-10-10
2,35,cha035,0.0,0.0,0.0,0.0,0.0,0.0,0.0,0.0,2019-10-10
3,37,cha037,0.0,0.0,0.0,0.0,0.0,0.0,0.0,0.0,2019-10-10
4,38,cha038,0.0,0.03408,0.0,0.0,0.03408,0.0,0.0,0.0,2019-10-10
5,39,cha039,0.0,0.0,0.0,0.0,0.0,0.0,0.0,0.0,2019-10-10
6,41,cha041,0.0,0.0,0.0,0.0,0.0,0.0,0.0,0.0,2019-10-10
7,43,cha043,0.0,0.0,0.0,0.0,0.0,0.0,0.0,0.0,2019-10-10
8,44,cha044,0.0,0.0,0.0,0.0,0.0,0.0,0.0,0.0,2019-10-10
9,45,cha045,0.0,0.0,0.0,0.0,0.0,0.0,0.0,0.0,2019-10-10
10,50,cha050,0.0,0.0,0.0,0.0,0.0,0.0,0.0,0.0,2019-10-10
11,51,cha051,0.0,0.0,0.0,0.0,0.0,0.0,0.0,0.0,2019-10-10
12,54,cha054,0.0,0.0,0.0,0.0,0.0,0.0,0.0,0.0,2019-10-10
13,57,cha057,0.0,0.01242,0.0,0.0,0.01242,0.0,0.0,0.0,2019-10-10
14,59,cha059,0.0,0.0,0.0,0.0,0.0,0.0,0.0,0.0,2019-10-10
15,64,cha064,0.0,0.0,0.0,0.0,0.0,0.0,0.0,0.0,2019-10-10
16,66,cha066,0.0,0.0,0.0,0.0,0.0,0.0,0.0,0.0,2019-10-10
17,70,cha070,0.0,0.0,0.0,0.0,0.0,0.0,0.0,0.0,2019-10-10
18,71,cha071,0.0,0.0,0.0,0.0,0.0,0.0,0.0,0.0,2019-10-10
19,74,cha074,0.0,0.0,0.0,0.0,0.0,0.0,0.0,0.0,2019-10-10
20,138,cha138,0.0,0.03168,0.0,0.0,0.03168,0.0,0.0,0.0,2019-10-10
21,141,cha141,0.0,0.02542,0.0,0.0,0.02542,0.0,0.0,0.0,2019-10-10
22,142,cha142,0.0,0.002487,0.0,0.0,0.002487,0.0,0.0,0.0,2019-10-10
23,146,cha146,0.0,0.01073,0.0,0.0,0.01073,0.0,0.0,0.0,2019-10-10
24,148,cha148,0.0,0.03149,0.0,0.0,0.03149,0.0,0.0,0.0,2019-10-10
25,153,cha153,0.0,0.6007,0.0,0.0,0.6007,0.0,0.0,0.0,2019-10-10
26,155,cha155,0.0,0.5148,0.0,0.0,0.5148,0.0,0.0,0.0,2019-10-10
27,158,cha158,0.0,0.4534,0.0,0.0,0.4534,0.0,0.0,0.0,2019-10-10
28,161,cha161,0.0,0.4715,0.0,0.0,0.4715,0.0,0.0,0.0,2019-10-10
29,162,cha162,0.0,0.005637,0.0,0.0,0.005637,0.0,0.0,0.0,2019-10-10
30,165,cha165,0.0,0.4367,0.0,0.0,0.4367,0.0,0.0,0.0,2019-10-10
31,166,cha166,0.0,0.1204,0.0,0.0,0.1204,0.0,0.0,0.0,2019-10-10
32,167,cha167,0.0,0.4657,0.0,0.0,0.4657,0.0,0.0,0.0,2019-10-10
33,168,cha168,0.0,0.007547,0.0,0.0,0.007547,0.0,0.0,0.0,2019-10-10
34,169,cha169,0.0,0.4196,0.0,0.0,0.4196,0.0,0.0,0.0,2019-10-10
35,170,cha170,0.0,0.3258,0.0,0.0,0.3258,0.0,0.0,0.0,2019-10-10
36,171,cha171,0.0,0.2264,0.0,0.0,0.2264,0.0,0.0,0.0,2019-10-10
37,173,cha173,0.0,0.4154,0.0,0.0,0.4154,0.0,0.0,0.0,2019-10-10
1,29,cha029,0.0,0.0,0.0,0.0,0.0,0.0,0.0,0.0,2019-10-11
2,35,cha035,0.0,0.0,0.0,0.0,0.0,0.0,0.0,0.0,2019-10-11
3,37,cha037,0.0,0.0,0.0,0.0,0.0,0.0,0.0,0.0,2019-10-11
4,38,cha038,0.0,0.03468,0.0,0.0,0.03468,0.0,0.0,0.0,2019-10-11
5,39,cha039,0.0,0.0,0.0,0.0,0.0,0.0,0.0,0.0,2019-10-11
6,41,cha041,0.0,0.0,0.0,0.0,0.0,0.0,0.0,0.0,2019-10-11
7,43,cha043,0.0,0.0,0.0,0.0,0.0,0.0,0.0,0.0,2019-10-11
8,44,cha044,0.0,0.0,0.0,0.0,0.0,0.0,0.0,0.0,2019-10-11
9,45,cha045,0.0,0.0,0.0,0.0,0.0,0.0,0.0,0.0,2019-10-11
10,50,cha050,0.0,0.0,0.0,0.0,0.0,0.0,0.0,0.0,2019-10-11
11,51,cha051,0.0,0.0,0.0,0.0,0.0,0.0,0.0,0.0,2019-10-11
12,54,cha054,0.0,0.0,0.0,0.0,0.0,0.0,0.0,0.0,2019-10-11
13,57,cha057,0.0,0.02384,0.0,0.0,0.02384,0.0,0.0,0.0,2019-10-11
14,59,cha059,0.0,0.0,0.0,0.0,0.0,0.0,0.0,0.0,2019-10-11
15,64,cha064,0.0,0.0,0.0,0.0,0.0,0.0,0.0,0.0,2019-10-11
16,66,cha066,0.0,0.0,0.0,0.0,0.0,0.0,0.0,0.0,2019-10-11
17,70,cha070,0.0,0.0,0.0,0.0,0.0,0.0,0.0,0.0,2019-10-11
18,71,cha071,0.0,0.0,0.0,0.0,0.0,0.0,0.0,0.0,2019-10-11
19,74,cha074,0.0,0.0,0.0,0.0,0.0,0.0,0.0,0.0,2019-10-11
20,138,cha138,0.0,0.0196,0.0,0.0,0.0196,0.0,0.0,0.0,2019-10-11
21,141,cha141,0.0,0.0159,0.0,0.0,0.0159,0.0,0.0,0.0,2019-10-11
22,142,cha142,0.0,0.001418,0.0,0.0,0.001418,0.0,0.0,0.0,2019-10-11
23,146,cha146,0.0,0.006162,0.0,0.0,0.006162,0.0,0.0,0.0,2019-10-11
24,148,cha148,0.0,0.01945,0.0,0.0,0.01945,0.0,0.0,0.0,2019-10-11
25,153,cha153,0.0,0.4756,0.0,0.0,0.4756,0.0,0.0,0.0,2019-10-11
26,155,cha155,0.0,0.3188,0.0,0.0,0.3188,0.0,0.0,0.0,2019-10-11
27,158,cha158,0.0,0.2536,0.0,0.0,0.2536,0.0,0.0,0.0,2019-10-11
28,161,cha161,0.0,0.2759,0.0,0.0,0.2759,0.0,0.0,0.0,2019-10-11
29,162,cha162,0.0,0.003139,0.0,0.0,0.003139,0.0,0.0,0.0,2019-10-11
30,165,cha165,0.0,0.2439,0.0,0.0,0.2439,0.0,0.0,0.0,2019-10-11
31,166,cha166,0.0,0.06776,0.0,0.0,0.06776,0.0,0.0,0.0,2019-10-11
32,167,cha167,0.0,0.2721,0.0,0.0,0.2721,0.0,0.0,0.0,2019-10-11
33,168,cha168,0.0,0.00377,0.0,0.0,0.00377,0.0,0.0,0.0,2019-10-11
34,169,cha169,0.0,0.2348,0.0,0.0,0.2348,0.0,0.0,0.0,2019-10-11
35,170,cha170,0.0,0.1681,0.0,0.0,0.1681,0.0,0.0,0.0,2019-10-11
36,171,cha171,0.0,0.1177,0.0,0.0,0.1177,0.0,0.0,0.0,2019-10-11
37,173,cha173,0.0,0.2325,0.0,0.0,0.2325,0.0,0.0,0.0,2019-10-11
1,29,cha029,0.0,0.0,0.0,0.0,0.0,0.0,0.0,0.0,2019-10-12
2,35,cha035,0.0,0.0,0.0,0.0,0.0,0.0,0.0,0.0,2019-10-12
3,37,cha037,0.0,0.0,0.0,0.0,0.0,0.0,0.0,0.0,2019-10-12
4,38,cha038,0.0,0.03522,0.0,0.0,0.03522,0.0,0.0,0.0,2019-10-12
5,39,cha039,0.0,0.0,0.0,0.0,0.0,0.0,0.0,0.0,2019-10-12
6,41,cha041,0.0,0.0,0.0,0.0,0.0,0.0,0.0,0.0,2019-10-12
7,43,cha043,0.0,0.0,0.0,0.0,0.0,0.0,0.0,0.0,2019-10-12
8,44,cha044,0.0,0.0,0.0,0.0,0.0,0.0,0.0,0.0,2019-10-12
9,45,cha045,0.0,0.0,0.0,0.0,0.0,0.0,0.0,0.0,2019-10-12
10,50,cha050,0.0,0.0,0.0,0.0,0.0,0.0,0.0,0.0,2019-10-12
11,51,cha051,0.0,0.0,0.0,0.0,0.0,0.0,0.0,0.0,2019-10-12
12,54,cha054,0.0,0.0,0.0,0.0,0.0,0.0,0.0,0.0,2019-10-12
13,57,cha057,0.0,0.03432,0.0,0.0,0.03432,0.0,0.0,0.0,2019-10-12
14,59,cha059,0.0,0.0,0.0,0.0,0.0,0.0,0.0,0.0,2019-10-12
15,64,cha064,0.0,0.0,0.0,0.0,0.0,0.0,0.0,0.0,2019-10-12
16,66,cha066,0.0,0.0,0.0,0.0,0.0,0.0,0.0,0.0,2019-10-12
17,70,cha070,0.0,0.0,0.0,0.0,0.0,0.0,0.0,0.0,2019-10-12
18,71,cha071,0.0,0.0,0.0,0.0,0.0,0.0,0.0,0.0,2019-10-12
19,74,cha074,0.0,0.0,0.0,0.0,0.0,0.0,0.0,0.0,2019-10-12
20,138,cha138,0.0,0.01284,0.0,0.0,0.01284,0.0,0.0,0.0,2019-10-12
21,141,cha141,0.0,0.01044,0.0,0.0,0.01044,0.0,0.0,0.0,2019-10-12
22,142,cha142,0.0,0.0008573,0.0,0.0,0.0008573,0.0,0.0,0.0,2019-10-12
23,146,cha146,0.0,0.003755,0.0,0.0,0.003755,0.0,0.0,0.0,2019-10-12
24,148,cha148,0.0,0.01272,0.0,0.0,0.01272,0.0,0.0,0.0,2019-10-12
25,153,cha153,0.0,0.4454,0.0,0.0,0.4454,0.0,0.0,0.0,2019-10-12
26,155,cha155,0.0,0.2229,0.0,0.0,0.2229,0.0,0.0,0.0,2019-10-12
27,158,cha158,0.0,0.1524,0.0,0.0,0.1524,0.0,0.0,0.0,2019-10-12
28,161,cha161,0.0,0.18,0.0,0.0,0.18,0.0,0.0,0.0,2019-10-12
29,162,cha162,0.0,0.001837,0.0,0.0,0.001837,0.0,0.0,0.0,2019-10-12
30,165,cha165,0.0,0.1463,0.0,0.0,0.1463,0.0,0.0,0.0,2019-10-12
31,166,cha166,0.0,0.03836,0.0,0.0,0.03836,0.0,0.0,0.0,2019-10-12
32,167,cha167,0.0,0.1771,0.0,0.0,0.1771,0.0,0.0,0.0,2019-10-12
33,168,cha168,0.0,0.00199,0.0,0.0,0.00199,0.0,0.0,0.0,2019-10-12
34,169,cha169,0.0,0.141,0.0,0.0,0.141,0.0,0.0,0.0,2019-10-12
35,170,cha170,0.0,0.08821,0.0,0.0,0.08821,0.0,0.0,0.0,2019-10-12
36,171,cha171,0.0,0.06237,0.0,0.0,0.06237,0.0,0.0,0.0,2019-10-12
37,173,cha173,0.0,0.1397,0.0,0.0,0.1397,0.0,0.0,0.0,2019-10-12
1,29,cha029,0.0,0.0,0.0,0.0,0.0,0.0,0.0,0.0,2019-10-13
2,35,cha035,0.0,0.0,0.0,0.0,0.0,0.0,0.0,0.0,2019-10-13
3,37,cha037,0.0,0.0,0.0,0.0,0.0,0.0,0.0,0.0,2019-10-13
4,38,cha038,0.0,0.03572,0.0,0.0,0.03572,0.0,0.0,0.0,2019-10-13
5,39,cha039,0.0,0.0,0.0,0.0,0.0,0.0,0.0,0.0,2019-10-13
6,41,cha041,0.0,0.0,0.0,0.0,0.0,0.0,0.0,0.0,2019-10-13
7,43,cha043,0.0,0.0,0.0,0.0,0.0,0.0,0.0,0.0,2019-10-13
8,44,cha044,0.0,0.0,0.0,0.0,0.0,0.0,0.0,0.0,2019-10-13
9,45,cha045,0.0,0.0,0.0,0.0,0.0,0.0,0.0,0.0,2019-10-13
10,50,cha050,0.0,0.0,0.0,0.0,0.0,0.0,0.0,0.0,2019-10-13
11,51,cha051,0.0,0.0,0.0,0.0,0.0,0.0,0.0,0.0,2019-10-13
12,54,cha054,0.0,0.0,0.0,0.0,0.0,0.0,0.0,0.0,2019-10-13
13,57,cha057,0.0,0.0439,0.0,0.0,0.0439,0.0,0.0,0.0,2019-10-13
14,59,cha059,0.0,0.0,0.0,0.0,0.0,0.0,0.0,0.0,2019-10-13
15,64,cha064,0.0,0.01057,0.0,0.0,0.01057,0.0,0.0,0.0,2019-10-13
16,66,cha066,0.0,0.0,0.0,0.0,0.0,0.0,0.0,0.0,2019-10-13
17,70,cha070,0.0,0.0,0.0,0.0,0.0,0.0,0.0,0.0,2019-10-13
18,71,cha071,0.0,0.0,0.0,0.0,0.0,0.0,0.0,0.0,2019-10-13
19,74,cha074,0.0,0.0,0.0,0.0,0.0,0.0,0.0,0.0,2019-10-13
20,138,cha138,0.0,0.01957,0.0,0.0,0.01957,0.0,0.0,0.0,2019-10-13
21,141,cha141,0.0,0.007268,0.0,0.0,0.007268,0.0,0.0,0.0,2019-10-13
22,142,cha142,0.0,0.000564,0.0,0.0,0.000564,0.0,0.0,0.0,2019-10-13
23,146,cha146,0.0,0.002477,0.0,0.0,0.002477,0.0,0.0,0.0,2019-10-13
24,148,cha148,0.0,0.008895,0.0,0.0,0.008895,0.0,0.0,0.0,2019-10-13
25,153,cha153,0.0,0.46,0.0,0.0,0.46,0.0,0.0,0.0,2019-10-13
26,155,cha155,0.0,0.177,0.0,0.0,0.177,0.0,0.0,0.0,2019-10-13
27,158,cha158,0.0,0.1006,0.0,0.0,0.1006,0.0,0.0,0.0,2019-10-13
28,161,cha161,0.0,0.1338,0.0,0.0,0.1338,0.0,0.0,0.0,2019-10-13
29,162,cha162,0.0,0.00116,0.0,0.0,0.00116,0.0,0.0,0.0,2019-10-13
30,165,cha165,0.0,0.0965,0.0,0.0,0.0965,0.0,0.0,0.0,2019-10-13
31,166,cha166,0.0,0.02196,0.0,0.0,0.02196,0.0,0.0,0.0,2019-10-13
32,167,cha167,0.0,0.1314,0.0,0.0,0.1314,0.0,0.0,0.0,2019-10-13
33,168,cha168,0.0,0.001152,0.0,0.0,0.001152,0.0,0.0,0.0,2019-10-13
34,169,cha169,0.0,0.09306,0.0,0.0,0.09306,0.0,0.0,0.0,2019-10-13
35,170,cha170,0.0,0.04729,0.0,0.0,0.04729,0.0,0.0,0.0,2019-10-13
36,171,cha171,0.0,0.03376,0.0,0.0,0.03376,0.0,0.0,0.0,2019-10-13
37,173,cha173,0.0,0.09217,0.0,0.0,0.09217,0.0,0.0,0.0,2019-10-13
1,29,cha029,0.0,0.0,0.0,0.0,0.0,0.0,0.0,0.0,2019-10-14
2,35,cha035,0.0,0.0,0.0,0.0,0.0,0.0,0.0,0.0,2019-10-14
3,37,cha037,0.0,0.0,0.0,0.0,0.0,0.0,0.0,0.0,2019-10-14
4,38,cha038,0.0,0.03618,0.0,0.0,0.03618,0.0,0.0,0.0,2019-10-14
5,39,cha039,0.0,0.0,0.0,0.0,0.0,0.0,0.0,0.0,2019-10-14
6,41,cha041,0.0,0.0,0.0,0.0,0.0,0.0,0.0,0.0,2019-10-14
7,43,cha043,0.0,0.0,0.0,0.0,0.0,0.0,0.0,0.0,2019-10-14
8,44,cha044,0.0,0.0,0.0,0.0,0.0,0.0,0.0,0.0,2019-10-14
9,45,cha045,0.0,0.0,0.0,0.0,0.0,0.0,0.0,0.0,2019-10-14
10,50,cha050,0.0,0.0,0.0,0.0,0.0,0.0,0.0,0.0,2019-10-14
11,51,cha051,0.0,0.0,0.0,0.0,0.0,0.0,0.0,0.0,2019-10-14
12,54,cha054,0.0,0.0,0.0,0.0,0.0,0.0,0.0,0.0,2019-10-14
13,57,cha057,0.0,0.05266,0.0,0.0,0.05266,0.0,0.0,0.0,2019-10-14
14,59,cha059,0.0,0.0,0.0,0.0,0.0,0.0,0.0,0.0,2019-10-14
15,64,cha064,0.0,0.02029,0.0,0.0,0.02029,0.0,0.0,0.0,2019-10-14
16,66,cha066,0.0,0.0,0.0,0.0,0.0,0.0,0.0,0.0,2019-10-14
17,70,cha070,0.0,0.0,0.0,0.0,0.0,0.0,0.0,0.0,2019-10-14
18,71,cha071,0.0,0.0,0.0,0.0,0.0,0.0,0.0,0.0,2019-10-14
19,74,cha074,0.0,0.0,0.0,0.0,0.0,0.0,0.0,0.0,2019-10-14
20,138,cha138,0.0,0.02709,0.0,0.0,0.02709,0.0,0.0,0.0,2019-10-14
21,141,cha141,0.0,0.005415,0.0,0.0,0.005415,0.0,0.0,0.0,2019-10-14
22,142,cha142,0.0,0.000411,0.0,0.0,0.000411,0.0,0.0,0.0,2019-10-14
23,146,cha146,0.0,0.001795,0.0,0.0,0.001795,0.0,0.0,0.0,2019-10-14
24,148,cha148,0.0,0.006698,0.0,0.0,0.006698,0.0,0.0,0.0,2019-10-14
25,153,cha153,0.0,0.4948,0.0,0.0,0.4948,0.0,0.0,0.0,2019-10-14
26,155,cha155,0.0,0.1562,0.0,0.0,0.1562,0.0,0.0,0.0,2019-10-14
27,158,cha158,0.0,0.07404,0.0,0.0,0.07404,0.0,0.0,0.0,2019-10-14
28,161,cha161,0.0,0.1127,0.0,0.0,0.1127,0.0,0.0,0.0,2019-10-14
29,162,cha162,0.0,0.0008081,0.0,0.0,0.0008081,0.0,0.0,0.0,2019-10-14
30,165,cha165,0.0,0.07098,0.0,0.0,0.07098,0.0,0.0,0.0,2019-10-14
31,166,cha166,0.0,0.01281,0.0,0.0,0.01281,0.0,0.0,0.0,2019-10-14
32,167,cha167,0.0,0.1105,0.0,0.0,0.1105,0.0,0.0,0.0,2019-10-14
33,168,cha168,0.0,0.0007585,0.0,0.0,0.0007585,0.0,0.0,0.0,2019-10-14
34,169,cha169,0.0,0.06843,0.0,0.0,0.06843,0.0,0.0,0.0,2019-10-14
35,170,cha170,0.0,0.02614,0.0,0.0,0.02614,0.0,0.0,0.0,2019-10-14
36,171,cha171,0.0,0.01879,0.0,0.0,0.01879,0.0,0.0,0.0,2019-10-14
37,173,cha173,0.0,0.06778,0.0,0.0,0.06778,0.0,0.0,0.0,2019-10-14
1,29,cha029,0.0,0.0,0.0,0.0,0.0,0.0,0.0,0.0,2019-10-15
2,35,cha035,0.0,0.0,0.0,0.0,0.0,0.0,0.0,0.0,2019-10-15
3,37,cha037,0.0,0.0,0.0,0.0,0.0,0.0,0.0,0.0,2019-10-15
4,38,cha038,0.0,0.03662,0.0,0.0,0.03662,0.0,0.0,0.0,2019-10-15
5,39,cha039,0.0,0.0,0.0,0.0,0.0,0.0,0.0,0.0,2019-10-15
6,41,cha041,0.0,0.0,0.0,0.0,0.0,0.0,0.0,0.0,2019-10-15
7,43,cha043,0.0,0.0,0.0,0.0,0.0,0.0,0.0,0.0,2019-10-15
8,44,cha044,0.0,0.0,0.0,0.0,0.0,0.0,0.0,0.0,2019-10-15
9,45,cha045,0.0,0.0,0.0,0.0,0.0,0.0,0.0,0.0,2019-10-15
10,50,cha050,0.0,0.0,0.0,0.0,0.0,0.0,0.0,0.0,2019-10-15
11,51,cha051,0.0,0.0,0.0,0.0,0.0,0.0,0.0,0.0,2019-10-15
12,54,cha054,0.0,0.0,0.0,0.0,0.0,0.0,0.0,0.0,2019-10-15
13,57,cha057,0.0,0.06064,0.0,0.0,0.06064,0.0,0.0,0.0,2019-10-15
14,59,cha059,0.0,0.0,0.0,0.0,0.0,0.0,0.0,0.0,2019-10-15
15,64,cha064,0.0,0.0292,0.0,0.0,0.0292,0.0,0.0,0.0,2019-10-15
16,66,cha066,0.0,0.0,0.0,0.0,0.0,0.0,0.0,0.0,2019-10-15
17,70,cha070,0.0,0.0,0.0,0.0,0.0,0.0,0.0,0.0,2019-10-15
18,71,cha071,0.0,0.0,0.0,0.0,0.0,0.0,0.0,0.0,2019-10-15
19,74,cha074,0.0,0.0,0.0,0.0,0.0,0.0,0.0,0.0,2019-10-15
20,138,cha138,0.0,0.03784,0.0,0.0,0.03784,0.0,0.0,0.0,2019-10-15
21,141,cha141,0.0,0.004327,0.0,0.0,0.004327,0.0,0.0,0.0,2019-10-15
22,142,cha142,0.0,0.0003316,0.0,0.0,0.0003316,0.0,0.0,0.0,2019-10-15
23,146,cha146,0.0,0.00143,0.0,0.0,0.00143,0.0,0.0,0.0,2019-10-15
24,148,cha148,0.0,0.00543,0.0,0.0,0.00543,0.0,0.0,0.0,2019-10-15
25,153,cha153,0.0,0.5374,0.0,0.0,0.5374,0.0,0.0,0.0,2019-10-15
26,155,cha155,0.0,0.1482,0.0,0.0,0.1482,0.0,0.0,0.0,2019-10-15
27,158,cha158,0.0,0.06041,0.0,0.0,0.06041,0.0,0.0,0.0,2019-10-15
28,161,cha161,0.0,0.1042,0.0,0.0,0.1042,0.0,0.0,0.0,2019-10-15
29,162,cha162,0.0,0.0006267,0.0,0.0,0.0006267,0.0,0.0,0.0,2019-10-15
30,165,cha165,0.0,0.05791,0.0,0.0,0.05791,0.0,0.0,0.0,2019-10-15
31,166,cha166,0.0,0.007706,0.0,0.0,0.007706,0.0,0.0,0.0,2019-10-15
32,167,cha167,0.0,0.1021,0.0,0.0,0.1021,0.0,0.0,0.0,2019-10-15
33,168,cha168,0.0,0.0005748,0.0,0.0,0.0005748,0.0,0.0,0.0,2019-10-15
34,169,cha169,0.0,0.05579,0.0,0.0,0.05579,0.0,0.0,0.0,2019-10-15
35,170,cha170,0.0,0.01512,0.0,0.0,0.01512,0.0,0.0,0.0,2019-10-15
36,171,cha171,0.0,0.01087,0.0,0.0,0.01087,0.0,0.0,0.0,2019-10-15
37,173,cha173,0.0,0.05526,0.0,0.0,0.05526,0.0,0.0,0.0,2019-10-15
1,29,cha029,0.0,0.0,0.0,0.0,0.0,0.0,0.0,0.0,2019-10-16
2,35,cha035,0.0,0.0,0.0,0.0,0.0,0.0,0.0,0.0,2019-10-16
3,37,cha037,0.0,0.0,0.0,0.0,0.0,0.0,0.0,0.0,2019-10-16
4,38,cha038,0.0,0.03702,0.0,0.0,0.03702,0.0,0.0,0.0,2019-10-16
5,39,cha039,0.0,0.0,0.0,0.0,0.0,0.0,0.0,0.0,2019-10-16
6,41,cha041,0.0,0.0,0.0,0.0,0.0,0.0,0.0,0.0,2019-10-16
7,43,cha043,0.0,0.0,0.0,0.0,0.0,0.0,0.0,0.0,2019-10-16
8,44,cha044,0.0,0.0,0.0,0.0,0.0,0.0,0.0,0.0,2019-10-16
9,45,cha045,0.0,0.0,0.0,0.0,0.0,0.0,0.0,0.0,2019-10-16
10,50,cha050,0.0,0.0,0.0,0.0,0.0,0.0,0.0,0.0,2019-10-16
11,51,cha051,0.0,0.0,0.0,0.0,0.0,0.0,0.0,0.0,2019-10-16
12,54,cha054,0.0,0.0,0.0,0.0,0.0,0.0,0.0,0.0,2019-10-16
13,57,cha057,0.0,0.06789,0.0,0.0,0.06789,0.0,0.0,0.0,2019-10-16
14,59,cha059,0.0,0.0,0.0,0.0,0.0,0.0,0.0,0.0,2019-10-16
15,64,cha064,0.0,0.03736,0.0,0.0,0.03736,0.0,0.0,0.0,2019-10-16
16,66,cha066,0.0,0.0,0.0,0.0,0.0,0.0,0.0,0.0,2019-10-16
17,70,cha070,0.0,0.0,0.0,0.0,0.0,0.0,0.0,0.0,2019-10-16
18,71,cha071,0.0,0.0,0.0,0.0,0.0,0.0,0.0,0.0,2019-10-16
19,74,cha074,0.0,0.0,0.0,0.0,0.0,0.0,0.0,0.0,2019-10-16
20,138,cha138,0.0,0.04812,0.0,0.0,0.04812,0.0,0.0,0.0,2019-10-16
21,141,cha141,0.0,0.003688,0.0,0.0,0.003688,0.0,0.0,0.0,2019-10-16
22,142,cha142,0.0,0.0002908,0.0,0.0,0.0002908,0.0,0.0,0.0,2019-10-16
23,146,cha146,0.0,0.001236,0.0,0.0,0.001236,0.0,0.0,0.0,2019-10-16
24,148,cha148,0.0,0.004697,0.0,0.0,0.004697,0.0,0.0,0.0,2019-10-16
25,153,cha153,0.0,0.5818,0.0,0.0,0.5818,0.0,0.0,0.0,2019-10-16
26,155,cha155,0.0,0.1464,0.0,0.0,0.1464,0.0,0.0,0.0,2019-10-16
27,158,cha158,0.0,0.05346,0.0,0.0,0.05346,0.0,0.0,0.0,2019-10-16
28,161,cha161,0.0,0.102,0.0,0.0,0.102,0.0,0.0,0.0,2019-10-16
29,162,cha162,0.0,0.0005341,0.0,0.0,0.0005341,0.0,0.0,0.0,2019-10-16
30,165,cha165,0.0,0.05127,0.0,0.0,0.05127,0.0,0.0,0.0,2019-10-16
31,166,cha166,0.0,0.004861,0.0,0.0,0.004861,0.0,0.0,0.0,2019-10-16
32,167,cha167,0.0,0.1,0.0,0.0,0.1,0.0,0.0,0.0,2019-10-16
33,168,cha168,0.0,0.00049,0.0,0.0,0.00049,0.0,0.0,0.0,2019-10-16
34,169,cha169,0.0,0.04935,0.0,0.0,0.04935,0.0,0.0,0.0,2019-10-16
35,170,cha170,0.0,0.009351,0.0,0.0,0.009351,0.0,0.0,0.0,2019-10-16
36,171,cha171,0.0,0.006656,0.0,0.0,0.006656,0.0,0.0,0.0,2019-10-16
37,173,cha173,0.0,0.04888,0.0,0.0,0.04888,0.0,0.0,0.0,2019-10-16
1,29,cha029,0.0,0.0,0.0,0.0,0.0,0.0,0.0,0.0,2019-10-17
2,35,cha035,0.0,0.0,0.0,0.0,0.0,0.0,0.0,0.0,2019-10-17
3,37,cha037,0.0,0.0,0.0,0.0,0.0,0.0,0.0,0.0,2019-10-17
4,38,cha038,0.0,0.0374,0.0,0.0,0.0374,0.0,0.0,0.0,2019-10-17
5,39,cha039,0.0,0.0,0.0,0.0,0.0,0.0,0.0,0.0,2019-10-17
6,41,cha041,0.0,0.0,0.0,0.0,0.0,0.0,0.0,0.0,2019-10-17
7,43,cha043,0.0,0.0,0.0,0.0,0.0,0.0,0.0,0.0,2019-10-17
8,44,cha044,0.0,0.0,0.0,0.0,0.0,0.0,0.0,0.0,2019-10-17
9,45,cha045,0.0,0.0,0.0,0.0,0.0,0.0,0.0,0.0,2019-10-17
10,50,cha050,0.0,0.0,0.0,0.0,0.0,0.0,0.0,0.0,2019-10-17
11,51,cha051,0.0,0.0,0.0,0.0,0.0,0.0,0.0,0.0,2019-10-17
12,54,cha054,0.0,0.0,0.0,0.0,0.0,0.0,0.0,0.0,2019-10-17
13,57,cha057,0.0,0.07445,0.0,0.0,0.07445,0.0,0.0,0.0,2019-10-17
14,59,cha059,0.0,0.0,0.0,0.0,0.0,0.0,0.0,0.0,2019-10-17
15,64,cha064,0.0,0.04481,0.0,0.0,0.04481,0.0,0.0,0.0,2019-10-17
16,66,cha066,0.0,0.0,0.0,0.0,0.0,0.0,0.0,0.0,2019-10-17
17,70,cha070,0.0,0.0,0.0,0.0,0.0,0.0,0.0,0.0,2019-10-17
18,71,cha071,0.0,0.0,0.0,0.0,0.0,0.0,0.0,0.0,2019-10-17
19,74,cha074,0.0,0.0,0.0,0.0,0.0,0.0,0.0,0.0,2019-10-17
20,138,cha138,0.0,0.05776,0.0,0.0,0.05776,0.0,0.0,0.0,2019-10-17
21,141,cha141,0.0,0.003315,0.0,0.0,0.003315,0.0,0.0,0.0,2019-10-17
22,142,cha142,0.0,0.0002702,0.0,0.0,0.0002702,0.0,0.0,0.0,2019-10-17
23,146,cha146,0.0,0.001134,0.0,0.0,0.001134,0.0,0.0,0.0,2019-10-17
24,148,cha148,0.0,0.004276,0.0,0.0,0.004276,0.0,0.0,0.0,2019-10-17
25,153,cha153,0.0,0.6249,0.0,0.0,0.6249,0.0,0.0,0.0,2019-10-17
26,155,cha155,0.0,0.1477,0.0,0.0,0.1477,0.0,0.0,0.0,2019-10-17
27,158,cha158,0.0,0.04999,0.0,0.0,0.04999,0.0,0.0,0.0,2019-10-17
28,161,cha161,0.0,0.1029,0.0,0.0,0.1029,0.0,0.0,0.0,2019-10-17
29,162,cha162,0.0,0.0004876,0.0,0.0,0.0004876,0.0,0.0,0.0,2019-10-17
30,165,cha165,0.0,0.04796,0.0,0.0,0.04796,0.0,0.0,0.0,2019-10-17
31,166,cha166,0.0,0.003278,0.0,0.0,0.003278,0.0,0.0,0.0,2019-10-17
32,167,cha167,0.0,0.1009,0.0,0.0,0.1009,0.0,0.0,0.0,2019-10-17
33,168,cha168,0.0,0.0004518,0.0,0.0,0.0004518,0.0,0.0,0.0,2019-10-17
34,169,cha169,0.0,0.04613,0.0,0.0,0.04613,0.0,0.0,0.0,2019-10-17
35,170,cha170,0.0,0.006313,0.0,0.0,0.006313,0.0,0.0,0.0,2019-10-17
36,171,cha171,0.0,0.004399,0.0,0.0,0.004399,0.0,0.0,0.0,2019-10-17
37,173,cha173,0.0,0.04569,0.0,0.0,0.04569,0.0,0.0,0.0,2019-10-17
1,29,cha029,0.0,0.0,0.0,0.0,0.0,0.0,0.0,0.0,2019-10-18
2,35,cha035,0.0,0.0,0.0,0.0,0.0,0.0,0.0,0.0,2019-10-18
3,37,cha037,0.0,0.0,0.0,0.0,0.0,0.0,0.0,0.0,2019-10-18
4,38,cha038,0.0,0.03773,0.0,0.0,0.03773,0.0,0.0,0.0,2019-10-18
5,39,cha039,0.0,0.0,0.0,0.0,0.0,0.0,0.0,0.0,2019-10-18
6,41,cha041,0.0,0.0,0.0,0.0,0.0,0.0,0.0,0.0,2019-10-18
7,43,cha043,0.0,0.0,0.0,0.0,0.0,0.0,0.0,0.0,2019-10-18
8,44,cha044,0.0,0.0,0.0,0.0,0.0,0.0,0.0,0.0,2019-10-18
9,45,cha045,0.0,0.0,0.0,0.0,0.0,0.0,0.0,0.0,2019-10-18
10,50,cha050,0.0,0.0,0.0,0.0,0.0,0.0,0.0,0.0,2019-10-18
11,51,cha051,0.0,0.0,0.0,0.0,0.0,0.0,0.0,0.0,2019-10-18
12,54,cha054,0.0,0.0,0.0,0.0,0.0,0.0,0.0,0.0,2019-10-18
13,57,cha057,0.0,0.08038,0.0,0.0,0.08038,0.0,0.0,0.0,2019-10-18
14,59,cha059,0.0,0.0,0.0,0.0,0.0,0.0,0.0,0.0,2019-10-18
15,64,cha064,0.0,0.0516,0.0,0.0,0.0516,0.0,0.0,0.0,2019-10-18
16,66,cha066,0.0,0.0,0.0,0.0,0.0,0.0,0.0,0.0,2019-10-18
17,70,cha070,0.0,0.0,0.0,0.0,0.0,0.0,0.0,0.0,2019-10-18
18,71,cha071,0.0,0.0,0.0,0.0,0.0,0.0,0.0,0.0,2019-10-18
19,74,cha074,0.0,0.0,0.0,0.0,0.0,0.0,0.0,0.0,2019-10-18
20,138,cha138,0.0,0.06671,0.0,0.0,0.06671,0.0,0.0,0.0,2019-10-18
21,141,cha141,0.0,0.003099,0.0,0.0,0.003099,0.0,0.0,0.0,2019-10-18
22,142,cha142,0.0,0.0002602,0.0,0.0,0.0002602,0.0,0.0,0.0,2019-10-18
23,146,cha146,0.0,0.001082,0.0,0.0,0.001082,0.0,0.0,0.0,2019-10-18
24,148,cha148,0.0,0.004037,0.0,0.0,0.004037,0.0,0.0,0.0,2019-10-18
25,153,cha153,0.0,0.6654,0.0,0.0,0.6654,0.0,0.0,0.0,2019-10-18
26,155,cha155,0.0,0.1503,0.0,0.0,0.1503,0.0,0.0,0.0,2019-10-18
27,158,cha158,0.0,0.04832,0.0,0.0,0.04832,0.0,0.0,0.0,2019-10-18
28,161,cha161,0.0,0.1052,0.0,0.0,0.1052,0.0,0.0,0.0,2019-10-18
29,162,cha162,0.0,0.0004653,0.0,0.0,0.0004653,0.0,0.0,0.0,2019-10-18
30,165,cha165,0.0,0.04636,0.0,0.0,0.04636,0.0,0.0,0.0,2019-10-18
31,166,cha166,0.0,0.002397,0.0,0.0,0.002397,0.0,0.0,0.0,2019-10-18
32,167,cha167,0.0,0.1032,0.0,0.0,0.1032,0.0,0.0,0.0,2019-10-18
33,168,cha168,0.0,0.0004354,0.0,0.0,0.0004354,0.0,0.0,0.0,2019-10-18
34,169,cha169,0.0,0.04458,0.0,0.0,0.04458,0.0,0.0,0.0,2019-10-18
35,170,cha170,0.0,0.004709,0.0,0.0,0.004709,0.0,0.0,0.0,2019-10-18
36,171,cha171,0.0,0.003186,0.0,0.0,0.003186,0.0,0.0,0.0,2019-10-18
37,173,cha173,0.0,0.04415,0.0,0.0,0.04415,0.0,0.0,0.0,2019-10-18
1,29,cha029,0.0,0.0,0.0,0.0,0.0,0.0,0.0,0.0,2019-10-19
2,35,cha035,0.0,0.0,0.0,0.0,0.0,0.0,0.0,0.0,2019-10-19
3,37,cha037,0.0,0.0,0.0,0.0,0.0,0.0,0.0,0.0,2019-10-19
4,38,cha038,0.0,0.0,0.0,0.0,0.0,0.0,0.0,0.0,2019-10-19
5,39,cha039,0.0,0.0,0.0,0.0,0.0,0.0,0.0,0.0,2019-10-19
6,41,cha041,0.0,0.0,0.0,0.0,0.0,0.0,0.0,0.0,2019-10-19
7,43,cha043,0.0,0.0,0.0,0.0,0.0,0.0,0.0,0.0,2019-10-19
8,44,cha044,0.0,0.0,0.0,0.0,0.0,0.0,0.0,0.0,2019-10-19
9,45,cha045,0.0,0.0,0.0,0.0,0.0,0.0,0.0,0.0,2019-10-19
10,50,cha050,0.0,0.0,0.0,0.0,0.0,0.0,0.0,0.0,2019-10-19
11,51,cha051,0.0,0.0,0.0,0.0,0.0,0.0,0.0,0.0,2019-10-19
12,54,cha054,0.0,0.0,0.0,0.0,0.0,0.0,0.0,0.0,2019-10-19
13,57,cha057,0.0,0.08571,0.0,0.0,0.08571,0.0,0.0,0.0,2019-10-19
14,59,cha059,0.0,0.0,0.0,0.0,0.0,0.0,0.0,0.0,2019-10-19
15,64,cha064,0.0,0.05777,0.0,0.0,0.05777,0.0,0.0,0.0,2019-10-19
16,66,cha066,0.0,0.0,0.0,0.0,0.0,0.0,0.0,0.0,2019-10-19
17,70,cha070,0.0,0.0,0.0,0.0,0.0,0.0,0.0,0.0,2019-10-19
18,71,cha071,0.0,0.0,0.0,0.0,0.0,0.0,0.0,0.0,2019-10-19
19,74,cha074,0.0,0.0,0.0,0.0,0.0,0.0,0.0,0.0,2019-10-19
20,138,cha138,0.0,0.07494,0.0,0.0,0.07494,0.0,0.0,0.0,2019-10-19
21,141,cha141,0.0,0.002977,0.0,0.0,0.002977,0.0,0.0,0.0,2019-10-19
22,142,cha142,0.0,0.0002557,0.0,0.0,0.0002557,0.0,0.0,0.0,2019-10-19
23,146,cha146,0.0,0.001057,0.0,0.0,0.001057,0.0,0.0,0.0,2019-10-19
24,148,cha148,0.0,0.003906,0.0,0.0,0.003906,0.0,0.0,0.0,2019-10-19
25,153,cha153,0.0,0.6646,0.0,0.0,0.6646,0.0,0.0,0.0,2019-10-19
26,155,cha155,0.0,0.1155,0.0,0.0,0.1155,0.0,0.0,0.0,2019-10-19
27,158,cha158,0.0,0.009537,0.0,0.0,0.009537,0.0,0.0,0.0,2019-10-19
28,161,cha161,0.0,0.07006,0.0,0.0,0.07006,0.0,0.0,0.0,2019-10-19
29,162,cha162,0.0,0.0004554,0.0,0.0,0.0004554,0.0,0.0,0.0,2019-10-19
30,165,cha165,0.0,0.007622,0.0,0.0,0.007622,0.0,0.0,0.0,2019-10-19
31,166,cha166,0.0,0.001909,0.0,0.0,0.001909,0.0,0.0,0.0,2019-10-19
32,167,cha167,0.0,0.06805,0.0,0.0,0.06805,0.0,0.0,0.0,2019-10-19
33,168,cha168,0.0,0.0004293,0.0,0.0,0.0004293,0.0,0.0,0.0,2019-10-19
34,169,cha169,0.0,0.005856,0.0,0.0,0.005856,0.0,0.0,0.0,2019-10-19
35,170,cha170,0.0,0.003862,0.0,0.0,0.003862,0.0,0.0,0.0,2019-10-19
36,171,cha171,0.0,0.002533,0.0,0.0,0.002533,0.0,0.0,0.0,2019-10-19
37,173,cha173,0.0,0.005428,0.0,0.0,0.005428,0.0,0.0,0.0,2019-10-19
1,29,cha029,0.0,0.0,0.0,0.0,0.0,0.0,0.0,0.0,2019-10-20
2,35,cha035,0.0,0.0,0.0,0.0,0.0,0.0,0.0,0.0,2019-10-20
3,37,cha037,0.0,0.0,0.0,0.0,0.0,0.0,0.0,0.0,2019-10-20
4,38,cha038,0.0,0.002214,0.0,0.0,0.002214,0.0,0.0,0.0,2019-10-20
5,39,cha039,0.0,0.0,0.0,0.0,0.0,0.0,0.0,0.0,2019-10-20
6,41,cha041,0.0,0.0,0.0,0.0,0.0,0.0,0.0,0.0,2019-10-20
7,43,cha043,0.0,0.0,0.0,0.0,0.0,0.0,0.0,0.0,2019-10-20
8,44,cha044,0.0,0.0,0.0,0.0,0.0,0.0,0.0,0.0,2019-10-20
9,45,cha045,0.0,0.0,0.0,0.0,0.0,0.0,0.0,0.0,2019-10-20
10,50,cha050,0.0,0.0,0.0,0.0,0.0,0.0,0.0,0.0,2019-10-20
11,51,cha051,0.0,0.0,0.0,0.0,0.0,0.0,0.0,0.0,2019-10-20
12,54,cha054,0.0,0.0,0.0,0.0,0.0,0.0,0.0,0.0,2019-10-20
13,57,cha057,0.0,0.09347,0.0,0.0,0.09347,0.0,0.0,0.0,2019-10-20
14,59,cha059,0.0,0.0,0.0,0.0,0.0,0.0,0.0,0.0,2019-10-20
15,64,cha064,0.0,0.06717,0.0,0.0,0.06717,0.0,0.0,0.0,2019-10-20
16,66,cha066,0.0,0.0,0.0,0.0,0.0,0.0,0.0,0.0,2019-10-20
17,70,cha070,0.0,0.0,0.0,0.0,0.0,0.0,0.0,0.0,2019-10-20
18,71,cha071,0.0,0.0,0.0,0.0,0.0,0.0,0.0,0.0,2019-10-20
19,74,cha074,0.0,0.0,0.0,0.0,0.0,0.0,0.0,0.0,2019-10-20
20,138,cha138,0.0,0.262,0.0,0.0,0.262,0.0,0.0,0.0,2019-10-20
21,141,cha141,0.0,0.118,0.0,0.0,0.118,0.0,0.0,0.0,2019-10-20
22,142,cha142,0.0,0.0174,0.0,0.0,0.0174,0.0,0.0,0.0,2019-10-20
23,146,cha146,0.0,0.04552,0.0,0.0,0.04552,0.0,0.0,0.0,2019-10-20
24,148,cha148,0.0,0.178,0.0,0.0,0.178,0.0,0.0,0.0,2019-10-20
25,153,cha153,0.0,1.259,0.0,0.0,1.259,0.0,0.0,0.0,2019-10-20
26,155,cha155,0.0,0.6554,0.0,0.0,0.6554,0.0,0.0,0.0,2019-10-20
27,158,cha158,0.0,0.221,0.0,0.0,0.221,0.0,0.0,0.0,2019-10-20
28,161,cha161,0.0,0.4428,0.0,0.0,0.4428,0.0,0.0,0.0,2019-10-20
29,162,cha162,0.0,0.015,0.0,0.0,0.015,0.0,0.0,0.0,2019-10-20
30,165,cha165,0.0,0.1612,0.0,0.0,0.1612,0.0,0.0,0.0,2019-10-20
31,166,cha166,0.0,0.0131,0.0,0.0,0.0131,0.0,0.0,0.0,2019-10-20
32,167,cha167,0.0,0.3181,0.0,0.0,0.3181,0.0,0.0,0.0,2019-10-20
33,168,cha168,0.0,0.01109,0.0,0.0,0.01109,0.0,0.0,0.0,2019-10-20
34,169,cha169,0.0,0.1158,0.0,0.0,0.1158,0.0,0.0,0.0,2019-10-20
35,170,cha170,0.0,0.04488,0.0,0.0,0.04488,0.0,0.0,0.0,2019-10-20
36,171,cha171,0.0,0.02553,0.0,0.0,0.02553,0.0,0.0,0.0,2019-10-20
37,173,cha173,0.0,0.07426,0.0,0.0,0.07426,0.0,0.0,0.0,2019-10-20
1,29,cha029,0.0,0.0,0.0,0.0,0.0,0.0,0.0,0.0,2019-10-21
2,35,cha035,0.0,0.0,0.0,0.0,0.0,0.0,0.0,0.0,2019-10-21
3,37,cha037,0.0,0.0,0.0,0.0,0.0,0.0,0.0,0.0,2019-10-21
4,38,cha038,0.0,0.004417,0.0,0.0,0.004417,0.0,0.0,0.0,2019-10-21
5,39,cha039,0.0,0.0,0.0,0.0,0.0,0.0,0.0,0.0,2019-10-21
6,41,cha041,0.0,0.0,0.0,0.0,0.0,0.0,0.0,0.0,2019-10-21
7,43,cha043,0.0,0.0,0.0,0.0,0.0,0.0,0.0,0.0,2019-10-21
8,44,cha044,0.0,0.0,0.0,0.0,0.0,0.0,0.0,0.0,2019-10-21
9,45,cha045,0.0,0.0,0.0,0.0,0.0,0.0,0.0,0.0,2019-10-21
10,50,cha050,0.0,0.0,0.0,0.0,0.0,0.0,0.0,0.0,2019-10-21
11,51,cha051,0.0,0.0,0.0,0.0,0.0,0.0,0.0,0.0,2019-10-21
12,54,cha054,0.0,0.0,0.0,0.0,0.0,0.0,0.0,0.0,2019-10-21
13,57,cha057,0.0,0.104,0.0,0.0,0.104,0.0,0.0,0.0,2019-10-21
14,59,cha059,0.0,0.0,0.0,0.0,0.0,0.0,0.0,0.0,2019-10-21
15,64,cha064,0.0,0.08002,0.0,0.0,0.08002,0.0,0.0,0.0,2019-10-21
16,66,cha066,0.0,0.0,0.0,0.0,0.0,0.0,0.0,0.0,2019-10-21
17,70,cha070,0.0,0.0,0.0,0.0,0.0,0.0,0.0,0.0,2019-10-21
18,71,cha071,0.0,0.0,0.0,0.0,0.0,0.0,0.0,0.0,2019-10-21
19,74,cha074,0.0,0.0,0.0,0.0,0.0,0.0,0.0,0.0,2019-10-21
20,138,cha138,0.0,0.1991,0.0,0.0,0.1991,0.0,0.0,0.0,2019-10-21
21,141,cha141,0.0,0.06793,0.0,0.0,0.06793,0.0,0.0,0.0,2019-10-21
22,142,cha142,0.0,0.009261,0.0,0.0,0.009261,0.0,0.0,0.0,2019-10-21
23,146,cha146,0.0,0.02263,0.0,0.0,0.02263,0.0,0.0,0.0,2019-10-21
24,148,cha148,0.0,0.09764,0.0,0.0,0.09764,0.0,0.0,0.0,2019-10-21
25,153,cha153,0.0,1.064,0.0,0.0,1.064,0.0,0.0,0.0,2019-10-21
26,155,cha155,0.0,0.3924,0.0,0.0,0.3924,0.0,0.0,0.0,2019-10-21
27,158,cha158,0.0,0.1162,0.0,0.0,0.1162,0.0,0.0,0.0,2019-10-21
28,161,cha161,0.0,0.2676,0.0,0.0,0.2676,0.0,0.0,0.0,2019-10-21
29,162,cha162,0.0,0.008049,0.0,0.0,0.008049,0.0,0.0,0.0,2019-10-21
30,165,cha165,0.0,0.08801,0.0,0.0,0.08801,0.0,0.0,0.0,2019-10-21
31,166,cha166,0.0,0.007895,0.0,0.0,0.007895,0.0,0.0,0.0,2019-10-21
32,167,cha167,0.0,0.2044,0.0,0.0,0.2044,0.0,0.0,0.0,2019-10-21
33,168,cha168,0.0,0.00546,0.0,0.0,0.00546,0.0,0.0,0.0,2019-10-21
34,169,cha169,0.0,0.06508,0.0,0.0,0.06508,0.0,0.0,0.0,2019-10-21
35,170,cha170,0.0,0.02398,0.0,0.0,0.02398,0.0,0.0,0.0,2019-10-21
36,171,cha171,0.0,0.01384,0.0,0.0,0.01384,0.0,0.0,0.0,2019-10-21
37,173,cha173,0.0,0.04306,0.0,0.0,0.04306,0.0,0.0,0.0,2019-10-21
1,29,cha029,0.0,0.0,0.0,0.0,0.0,0.0,0.0,0.0,2019-10-22
2,35,cha035,0.0,0.0,0.0,0.0,0.0,0.0,0.0,0.0,2019-10-22
3,37,cha037,0.0,0.0,0.0,0.0,0.0,0.0,0.0,0.0,2019-10-22
4,38,cha038,0.0,0.006498,0.0,0.0,0.006498,0.0,0.0,0.0,2019-10-22
5,39,cha039,0.0,0.0,0.0,0.0,0.0,0.0,0.0,0.0,2019-10-22
6,41,cha041,0.0,0.0,0.0,0.0,0.0,0.0,0.0,0.0,2019-10-22
7,43,cha043,0.0,0.0,0.0,0.0,0.0,0.0,0.0,0.0,2019-10-22
8,44,cha044,0.0,0.0,0.0,0.0,0.0,0.0,0.0,0.0,2019-10-22
9,45,cha045,0.0,0.0,0.0,0.0,0.0,0.0,0.0,0.0,2019-10-22
10,50,cha050,0.0,0.0,0.0,0.0,0.0,0.0,0.0,0.0,2019-10-22
11,51,cha051,0.0,0.0,0.0,0.0,0.0,0.0,0.0,0.0,2019-10-22
12,54,cha054,0.0,0.0,0.0,0.0,0.0,0.0,0.0,0.0,2019-10-22
13,57,cha057,0.0,0.1134,0.0,0.0,0.1134,0.0,0.0,0.0,2019-10-22
14,59,cha059,0.0,0.0,0.0,0.0,0.0,0.0,0.0,0.0,2019-10-22
15,64,cha064,0.0,0.09172,0.0,0.0,0.09172,0.0,0.0,0.0,2019-10-22
16,66,cha066,0.0,0.0,0.0,0.0,0.0,0.0,0.0,0.0,2019-10-22
17,70,cha070,0.0,0.0,0.0,0.0,0.0,0.0,0.0,0.0,2019-10-22
18,71,cha071,0.0,0.0,0.0,0.0,0.0,0.0,0.0,0.0,2019-10-22
19,74,cha074,0.0,0.0,0.0,0.0,0.0,0.0,0.0,0.0,2019-10-22
20,138,cha138,0.0,0.1734,0.0,0.0,0.1734,0.0,0.0,0.0,2019-10-22
21,141,cha141,0.0,0.04058,0.0,0.0,0.04058,0.0,0.0,0.0,2019-10-22
22,142,cha142,0.0,0.004985,0.0,0.0,0.004985,0.0,0.0,0.0,2019-10-22
23,146,cha146,0.0,0.01173,0.0,0.0,0.01173,0.0,0.0,0.0,2019-10-22
24,148,cha148,0.0,0.056,0.0,0.0,0.056,0.0,0.0,0.0,2019-10-22
25,153,cha153,0.0,1.004,0.0,0.0,1.004,0.0,0.0,0.0,2019-10-22
26,155,cha155,0.0,0.2711,0.0,0.0,0.2711,0.0,0.0,0.0,2019-10-22
27,158,cha158,0.0,0.06725,0.0,0.0,0.06725,0.0,0.0,0.0,2019-10-22
28,161,cha161,0.0,0.1872,0.0,0.0,0.1872,0.0,0.0,0.0,2019-10-22
29,162,cha162,0.0,0.004422,0.0,0.0,0.004422,0.0,0.0,0.0,2019-10-22
30,165,cha165,0.0,0.05248,0.0,0.0,0.05248,0.0,0.0,0.0,2019-10-22
31,166,cha166,0.0,0.004994,0.0,0.0,0.004994,0.0,0.0,0.0,2019-10-22
32,167,cha167,0.0,0.1535,0.0,0.0,0.1535,0.0,0.0,0.0,2019-10-22
33,168,cha168,0.0,0.002807,0.0,0.0,0.002807,0.0,0.0,0.0,2019-10-22
34,169,cha169,0.0,0.04033,0.0,0.0,0.04033,0.0,0.0,0.0,2019-10-22
35,170,cha170,0.0,0.01362,0.0,0.0,0.01362,0.0,0.0,0.0,2019-10-22
36,171,cha171,0.0,0.008016,0.0,0.0,0.008016,0.0,0.0,0.0,2019-10-22
37,173,cha173,0.0,0.02836,0.0,0.0,0.02836,0.0,0.0,0.0,2019-10-22
1,29,cha029,0.0,0.0,0.0,0.0,0.0,0.0,0.0,0.0,2019-10-23
2,35,cha035,0.0,0.0,0.0,0.0,0.0,0.0,0.0,0.0,2019-10-23
3,37,cha037,0.0,0.0,0.0,0.0,0.0,0.0,0.0,0.0,2019-10-23
4,38,cha038,0.0,0.008491,0.0,0.0,0.008491,0.0,0.0,0.0,2019-10-23
5,39,cha039,0.0,0.0,0.0,0.0,0.0,0.0,0.0,0.0,2019-10-23
6,41,cha041,0.0,0.0,0.0,0.0,0.0,0.0,0.0,0.0,2019-10-23
7,43,cha043,0.0,0.0,0.0,0.0,0.0,0.0,0.0,0.0,2019-10-23
8,44,cha044,0.0,0.0,0.0,0.0,0.0,0.0,0.0,0.0,2019-10-23
9,45,cha045,0.0,0.0,0.0,0.0,0.0,0.0,0.0,0.0,2019-10-23
10,50,cha050,0.0,0.0,0.0,0.0,0.0,0.0,0.0,0.0,2019-10-23
11,51,cha051,0.0,0.0,0.0,0.0,0.0,0.0,0.0,0.0,2019-10-23
12,54,cha054,0.0,0.0,0.0,0.0,0.0,0.0,0.0,0.0,2019-10-23
13,57,cha057,0.0,0.1229,0.0,0.0,0.1229,0.0,0.0,0.0,2019-10-23
14,59,cha059,0.0,0.0,0.0,0.0,0.0,0.0,0.0,0.0,2019-10-23
15,64,cha064,0.0,0.1038,0.0,0.0,0.1038,0.0,0.0,0.0,2019-10-23
16,66,cha066,0.0,0.0,0.0,0.0,0.0,0.0,0.0,0.0,2019-10-23
17,70,cha070,0.0,0.0,0.0,0.0,0.0,0.0,0.0,0.0,2019-10-23
18,71,cha071,0.0,0.0,0.0,0.0,0.0,0.0,0.0,0.0,2019-10-23
19,74,cha074,0.0,0.0,0.0,0.0,0.0,0.0,0.0,0.0,2019-10-23
20,138,cha138,0.0,0.1673,0.0,0.0,0.1673,0.0,0.0,0.0,2019-10-23
21,141,cha141,0.0,0.0251,0.0,0.0,0.0251,0.0,0.0,0.0,2019-10-23
22,142,cha142,0.0,0.002742,0.0,0.0,0.002742,0.0,0.0,0.0,2019-10-23
23,146,cha146,0.0,0.006436,0.0,0.0,0.006436,0.0,0.0,0.0,2019-10-23
24,148,cha148,0.0,0.03351,0.0,0.0,0.03351,0.0,0.0,0.0,2019-10-23
25,153,cha153,0.0,1.009,0.0,0.0,1.009,0.0,0.0,0.0,2019-10-23
26,155,cha155,0.0,0.2161,0.0,0.0,0.2161,0.0,0.0,0.0,2019-10-23
27,158,cha158,0.0,0.044,0.0,0.0,0.044,0.0,0.0,0.0,2019-10-23
28,161,cha161,0.0,0.1512,0.0,0.0,0.1512,0.0,0.0,0.0,2019-10-23
29,162,cha162,0.0,0.002531,0.0,0.0,0.002531,0.0,0.0,0.0,2019-10-23
30,165,cha165,0.0,0.03547,0.0,0.0,0.03547,0.0,0.0,0.0,2019-10-23
31,166,cha166,0.0,0.00338,0.0,0.0,0.00338,0.0,0.0,0.0,2019-10-23
32,167,cha167,0.0,0.1323,0.0,0.0,0.1323,0.0,0.0,0.0,2019-10-23
33,168,cha168,0.0,0.001557,0.0,0.0,0.001557,0.0,0.0,0.0,2019-10-23
34,169,cha169,0.0,0.02854,0.0,0.0,0.02854,0.0,0.0,0.0,2019-10-23
35,170,cha170,0.0,0.008425,0.0,0.0,0.008425,0.0,0.0,0.0,2019-10-23
36,171,cha171,0.0,0.005059,0.0,0.0,0.005059,0.0,0.0,0.0,2019-10-23
37,173,cha173,0.0,0.02187,0.0,0.0,0.02187,0.0,0.0,0.0,2019-10-23
1,29,cha029,0.0,0.0,0.0,0.0,0.0,0.0,0.0,0.0,2019-10-24
2,35,cha035,0.0,0.0,0.0,0.0,0.0,0.0,0.0,0.0,2019-10-24
3,37,cha037,0.0,0.0,0.0,0.0,0.0,0.0,0.0,0.0,2019-10-24
4,38,cha038,0.0,0.01038,0.0,0.0,0.01038,0.0,0.0,0.0,2019-10-24
5,39,cha039,0.0,0.0,0.0,0.0,0.0,0.0,0.0,0.0,2019-10-24
6,41,cha041,0.0,0.0,0.0,0.0,0.0,0.0,0.0,0.0,2019-10-24
7,43,cha043,0.0,0.0,0.0,0.0,0.0,0.0,0.0,0.0,2019-10-24
8,44,cha044,0.0,0.0,0.0,0.0,0.0,0.0,0.0,0.0,2019-10-24
9,45,cha045,0.0,0.0,0.0,0.0,0.0,0.0,0.0,0.0,2019-10-24
10,50,cha050,0.0,0.0,0.0,0.0,0.0,0.0,0.0,0.0,2019-10-24
11,51,cha051,0.0,0.0,0.0,0.0,0.0,0.0,0.0,0.0,2019-10-24
12,54,cha054,0.0,0.0,0.0,0.0,0.0,0.0,0.0,0.0,2019-10-24
13,57,cha057,0.0,0.1314,0.0,0.0,0.1314,0.0,0.0,0.0,2019-10-24
14,59,cha059,0.0,0.0,0.0,0.0,0.0,0.0,0.0,0.0,2019-10-24
15,64,cha064,0.0,0.1148,0.0,0.0,0.1148,0.0,0.0,0.0,2019-10-24
16,66,cha066,0.0,0.0,0.0,0.0,0.0,0.0,0.0,0.0,2019-10-24
17,70,cha070,0.0,0.0,0.0,0.0,0.0,0.0,0.0,0.0,2019-10-24
18,71,cha071,0.0,0.0,0.0,0.0,0.0,0.0,0.0,0.0,2019-10-24
19,74,cha074,0.0,0.0,0.0,0.0,0.0,0.0,0.0,0.0,2019-10-24
20,138,cha138,0.0,0.1697,0.0,0.0,0.1697,0.0,0.0,0.0,2019-10-24
21,141,cha141,0.0,0.01614,0.0,0.0,0.01614,0.0,0.0,0.0,2019-10-24
22,142,cha142,0.0,0.001566,0.0,0.0,0.001566,0.0,0.0,0.0,2019-10-24
23,146,cha146,0.0,0.003816,0.0,0.0,0.003816,0.0,0.0,0.0,2019-10-24
24,148,cha148,0.0,0.02102,0.0,0.0,0.02102,0.0,0.0,0.0,2019-10-24
25,153,cha153,0.0,1.04,0.0,0.0,1.04,0.0,0.0,0.0,2019-10-24
26,155,cha155,0.0,0.1923,0.0,0.0,0.1923,0.0,0.0,0.0,2019-10-24
27,158,cha158,0.0,0.03309,0.0,0.0,0.03309,0.0,0.0,0.0,2019-10-24
28,161,cha161,0.0,0.1361,0.0,0.0,0.1361,0.0,0.0,0.0,2019-10-24
29,162,cha162,0.0,0.001546,0.0,0.0,0.001546,0.0,0.0,0.0,2019-10-24
30,165,cha165,0.0,0.02766,0.0,0.0,0.02766,0.0,0.0,0.0,2019-10-24
31,166,cha166,0.0,0.002483,0.0,0.0,0.002483,0.0,0.0,0.0,2019-10-24
32,167,cha167,0.0,0.1249,0.0,0.0,0.1249,0.0,0.0,0.0,2019-10-24
33,168,cha168,0.0,0.000969,0.0,0.0,0.000969,0.0,0.0,0.0,2019-10-24
34,169,cha169,0.0,0.02329,0.0,0.0,0.02329,0.0,0.0,0.0,2019-10-24
35,170,cha170,0.0,0.0058,0.0,0.0,0.0058,0.0,0.0,0.0,2019-10-24
36,171,cha171,0.0,0.003535,0.0,0.0,0.003535,0.0,0.0,0.0,2019-10-24
37,173,cha173,0.0,0.01945,0.0,0.0,0.01945,0.0,0.0,0.0,2019-10-24
1,29,cha029,0.0,0.0,0.0,0.0,0.0,0.0,0.0,0.0,2019-10-25
2,35,cha035,0.0,0.0,0.0,0.0,0.0,0.0,0.0,0.0,2019-10-25
3,37,cha037,0.0,0.0,0.0,0.0,0.0,0.0,0.0,0.0,2019-10-25
4,38,cha038,0.0,0.01216,0.0,0.0,0.01216,0.0,0.0,0.0,2019-10-25
5,39,cha039,0.0,0.0,0.0,0.0,0.0,0.0,0.0,0.0,2019-10-25
6,41,cha041,0.0,0.0,0.0,0.0,0.0,0.0,0.0,0.0,2019-10-25
7,43,cha043,0.0,0.0,0.0,0.0,0.0,0.0,0.0,0.0,2019-10-25
8,44,cha044,0.0,0.0,0.0,0.0,0.0,0.0,0.0,0.0,2019-10-25
9,45,cha045,0.0,0.0,0.0,0.0,0.0,0.0,0.0,0.0,2019-10-25
10,50,cha050,0.0,0.0,0.0,0.0,0.0,0.0,0.0,0.0,2019-10-25
11,51,cha051,0.0,0.0,0.0,0.0,0.0,0.0,0.0,0.0,2019-10-25
12,54,cha054,0.0,0.0,0.0,0.0,0.0,0.0,0.0,0.0,2019-10-25
13,57,cha057,0.0,0.1391,0.0,0.0,0.1391,0.0,0.0,0.0,2019-10-25
14,59,cha059,0.0,0.0,0.0,0.0,0.0,0.0,0.0,0.0,2019-10-25
15,64,cha064,0.0,0.1247,0.0,0.0,0.1247,0.0,0.0,0.0,2019-10-25
16,66,cha066,0.0,0.0,0.0,0.0,0.0,0.0,0.0,0.0,2019-10-25
17,70,cha070,0.0,0.0,0.0,0.0,0.0,0.0,0.0,0.0,2019-10-25
18,71,cha071,0.0,0.0,0.0,0.0,0.0,0.0,0.0,0.0,2019-10-25
19,74,cha074,0.0,0.0,0.0,0.0,0.0,0.0,0.0,0.0,2019-10-25
20,138,cha138,0.0,0.1761,0.0,0.0,0.1761,0.0,0.0,0.0,2019-10-25
21,141,cha141,0.0,0.01089,0.0,0.0,0.01089,0.0,0.0,0.0,2019-10-25
22,142,cha142,0.0,0.0009492,0.0,0.0,0.0009492,0.0,0.0,0.0,2019-10-25
23,146,cha146,0.0,0.002502,0.0,0.0,0.002502,0.0,0.0,0.0,2019-10-25
24,148,cha148,0.0,0.01394,0.0,0.0,0.01394,0.0,0.0,0.0,2019-10-25
25,153,cha153,0.0,1.08,0.0,0.0,1.08,0.0,0.0,0.0,2019-10-25
26,155,cha155,0.0,0.1835,0.0,0.0,0.1835,0.0,0.0,0.0,2019-10-25
27,158,cha158,0.0,0.02829,0.0,0.0,0.02829,0.0,0.0,0.0,2019-10-25
28,161,cha161,0.0,0.1313,0.0,0.0,0.1313,0.0,0.0,0.0,2019-10-25
29,162,cha162,0.0,0.001033,0.0,0.0,0.001033,0.0,0.0,0.0,2019-10-25
30,165,cha165,0.0,0.02445,0.0,0.0,0.02445,0.0,0.0,0.0,2019-10-25
31,166,cha166,0.0,0.001987,0.0,0.0,0.001987,0.0,0.0,0.0,2019-10-25
32,167,cha167,0.0,0.1242,0.0,0.0,0.1242,0.0,0.0,0.0,2019-10-25
33,168,cha168,0.0,0.0006935,0.0,0.0,0.0006935,0.0,0.0,0.0,2019-10-25
34,169,cha169,0.0,0.02134,0.0,0.0,0.02134,0.0,0.0,0.0,2019-10-25
35,170,cha170,0.0,0.004465,0.0,0.0,0.004465,0.0,0.0,0.0,2019-10-25
36,171,cha171,0.0,0.002742,0.0,0.0,0.002742,0.0,0.0,0.0,2019-10-25
37,173,cha173,0.0,0.01903,0.0,0.0,0.01903,0.0,0.0,0.0,2019-10-25
1,29,cha029,0.0,0.0,0.0,0.0,0.0,0.0,0.0,0.0,2019-10-26
2,35,cha035,0.0,0.0,0.0,0.0,0.0,0.0,0.0,0.0,2019-10-26
3,37,cha037,0.0,0.0,0.0,0.0,0.0,0.0,0.0,0.0,2019-10-26
4,38,cha038,0.0,0.01383,0.0,0.0,0.01383,0.0,0.0,0.0,2019-10-26
5,39,cha039,0.0,0.0,0.0,0.0,0.0,0.0,0.0,0.0,2019-10-26
6,41,cha041,0.0,0.0,0.0,0.0,0.0,0.0,0.0,0.0,2019-10-26
7,43,cha043,0.0,0.0,0.0,0.0,0.0,0.0,0.0,0.0,2019-10-26
8,44,cha044,0.0,0.0,0.0,0.0,0.0,0.0,0.0,0.0,2019-10-26
9,45,cha045,0.0,0.0,0.0,0.0,0.0,0.0,0.0,0.0,2019-10-26
10,50,cha050,0.0,0.0,0.0,0.0,0.0,0.0,0.0,0.0,2019-10-26
11,51,cha051,0.0,0.0,0.0,0.0,0.0,0.0,0.0,0.0,2019-10-26
12,54,cha054,0.0,0.0,0.0,0.0,0.0,0.0,0.0,0.0,2019-10-26
13,57,cha057,0.0,0.1459,0.0,0.0,0.1459,0.0,0.0,0.0,2019-10-26
14,59,cha059,0.0,0.0,0.0,0.0,0.0,0.0,0.0,0.0,2019-10-26
15,64,cha064,0.0,0.1336,0.0,0.0,0.1336,0.0,0.0,0.0,2019-10-26
16,66,cha066,0.0,0.0,0.0,0.0,0.0,0.0,0.0,0.0,2019-10-26
17,70,cha070,0.0,0.0,0.0,0.0,0.0,0.0,0.0,0.0,2019-10-26
18,71,cha071,0.0,0.0,0.0,0.0,0.0,0.0,0.0,0.0,2019-10-26
19,74,cha074,0.0,0.0,0.0,0.0,0.0,0.0,0.0,0.0,2019-10-26
20,138,cha138,0.0,0.1842,0.0,0.0,0.1842,0.0,0.0,0.0,2019-10-26
21,141,cha141,0.0,0.007775,0.0,0.0,0.007775,0.0,0.0,0.0,2019-10-26
22,142,cha142,0.0,0.0006266,0.0,0.0,0.0006266,0.0,0.0,0.0,2019-10-26
23,146,cha146,0.0,0.001834,0.0,0.0,0.001834,0.0,0.0,0.0,2019-10-26
24,148,cha148,0.0,0.009867,0.0,0.0,0.009867,0.0,0.0,0.0,2019-10-26
25,153,cha153,0.0,1.122,0.0,0.0,1.122,0.0,0.0,0.0,2019-10-26
26,155,cha155,0.0,0.1818,0.0,0.0,0.1818,0.0,0.0,0.0,2019-10-26
27,158,cha158,0.0,0.02656,0.0,0.0,0.02656,0.0,0.0,0.0,2019-10-26
28,161,cha161,0.0,0.1314,0.0,0.0,0.1314,0.0,0.0,0.0,2019-10-26
29,162,cha162,0.0,0.0007678,0.0,0.0,0.0007678,0.0,0.0,0.0,2019-10-26
30,165,cha165,0.0,0.02356,0.0,0.0,0.02356,0.0,0.0,0.0,2019-10-26
31,166,cha166,0.0,0.001714,0.0,0.0,0.001714,0.0,0.0,0.0,2019-10-26
32,167,cha167,0.0,0.1265,0.0,0.0,0.1265,0.0,0.0,0.0,2019-10-26
33,168,cha168,0.0,0.0005653,0.0,0.0,0.0005653,0.0,0.0,0.0,2019-10-26
34,169,cha169,0.0,0.02107,0.0,0.0,0.02107,0.0,0.0,0.0,2019-10-26
35,170,cha170,0.0,0.003784,0.0,0.0,0.003784,0.0,0.0,0.0,2019-10-26
36,171,cha171,0.0,0.002328,0.0,0.0,0.002328,0.0,0.0,0.0,2019-10-26
37,173,cha173,0.0,0.01958,0.0,0.0,0.01958,0.0,0.0,0.0,2019-10-26
1,29,cha029,0.0,0.0,0.0,0.0,0.0,0.0,0.0,0.0,2019-10-27
2,35,cha035,0.0,0.0,0.0,0.0,0.0,0.0,0.0,0.0,2019-10-27
3,37,cha037,0.0,0.0,0.0,0.0,0.0,0.0,0.0,0.0,2019-10-27
4,38,cha038,0.0,0.01541,0.0,0.0,0.01541,0.0,0.0,0.0,2019-10-27
5,39,cha039,0.0,0.0,0.0,0.0,0.0,0.0,0.0,0.0,2019-10-27
6,41,cha041,0.0,0.0,0.0,0.0,0.0,0.0,0.0,0.0,2019-10-27
7,43,cha043,0.0,0.0,0.0,0.0,0.0,0.0,0.0,0.0,2019-10-27
8,44,cha044,0.0,0.0,0.0,0.0,0.0,0.0,0.0,0.0,2019-10-27
9,45,cha045,0.0,0.0,0.0,0.0,0.0,0.0,0.0,0.0,2019-10-27
10,50,cha050,0.0,0.0,0.0,0.0,0.0,0.0,0.0,0.0,2019-10-27
11,51,cha051,0.0,0.0,0.0,0.0,0.0,0.0,0.0,0.0,2019-10-27
12,54,cha054,0.0,0.0,0.0,0.0,0.0,0.0,0.0,0.0,2019-10-27
13,57,cha057,0.0,0.1519,0.0,0.0,0.1519,0.0,0.0,0.0,2019-10-27
14,59,cha059,0.0,0.0,0.0,0.0,0.0,0.0,0.0,0.0,2019-10-27
15,64,cha064,0.0,0.1416,0.0,0.0,0.1416,0.0,0.0,0.0,2019-10-27
16,66,cha066,0.0,0.0,0.0,0.0,0.0,0.0,0.0,0.0,2019-10-27
17,70,cha070,0.0,0.0,0.0,0.0,0.0,0.0,0.0,0.0,2019-10-27
18,71,cha071,0.0,0.0,0.0,0.0,0.0,0.0,0.0,0.0,2019-10-27
19,74,cha074,0.0,0.0,0.0,0.0,0.0,0.0,0.0,0.0,2019-10-27
20,138,cha138,0.0,0.1927,0.0,0.0,0.1927,0.0,0.0,0.0,2019-10-27
21,141,cha141,0.0,0.005915,0.0,0.0,0.005915,0.0,0.0,0.0,2019-10-27
22,142,cha142,0.0,0.0004582,0.0,0.0,0.0004582,0.0,0.0,0.0,2019-10-27
23,146,cha146,0.0,0.001494,0.0,0.0,0.001494,0.0,0.0,0.0,2019-10-27
24,148,cha148,0.0,0.007502,0.0,0.0,0.007502,0.0,0.0,0.0,2019-10-27
25,153,cha153,0.0,1.162,0.0,0.0,1.162,0.0,0.0,0.0,2019-10-27
26,155,cha155,0.0,0.1836,0.0,0.0,0.1836,0.0,0.0,0.0,2019-10-27
27,158,cha158,0.0,0.02638,0.0,0.0,0.02638,0.0,0.0,0.0,2019-10-27
28,161,cha161,0.0,0.1338,0.0,0.0,0.1338,0.0,0.0,0.0,2019-10-27
29,162,cha162,0.0,0.000631,0.0,0.0,0.000631,0.0,0.0,0.0,2019-10-27
30,165,cha165,0.0,0.02382,0.0,0.0,0.02382,0.0,0.0,0.0,2019-10-27
31,166,cha166,0.0,0.001565,0.0,0.0,0.001565,0.0,0.0,0.0,2019-10-27
32,167,cha167,0.0,0.1301,0.0,0.0,0.1301,0.0,0.0,0.0,2019-10-27
33,168,cha168,0.0,0.0005065,0.0,0.0,0.0005065,0.0,0.0,0.0,2019-10-27
34,169,cha169,0.0,0.02164,0.0,0.0,0.02164,0.0,0.0,0.0,2019-10-27
35,170,cha170,0.0,0.003439,0.0,0.0,0.003439,0.0,0.0,0.0,2019-10-27
36,171,cha171,0.0,0.002111,0.0,0.0,0.002111,0.0,0.0,0.0,2019-10-27
37,173,cha173,0.0,0.02059,0.0,0.0,0.02059,0.0,0.0,0.0,2019-10-27
1,29,cha029,0.0,0.0,0.0,0.0,0.0,0.0,0.0,0.0,2019-10-28
2,35,cha035,0.0,0.0,0.0,0.0,0.0,0.0,0.0,0.0,2019-10-28
3,37,cha037,0.0,0.0,0.0,0.0,0.0,0.0,0.0,0.0,2019-10-28
4,38,cha038,0.0,0.01691,0.0,0.0,0.01691,0.0,0.0,0.0,2019-10-28
5,39,cha039,0.0,0.0,0.0,0.0,0.0,0.0,0.0,0.0,2019-10-28
6,41,cha041,0.0,0.0,0.0,0.0,0.0,0.0,0.0,0.0,2019-10-28
7,43,cha043,0.0,0.0,0.0,0.0,0.0,0.0,0.0,0.0,2019-10-28
8,44,cha044,0.0,0.0,0.0,0.0,0.0,0.0,0.0,0.0,2019-10-28
9,45,cha045,0.0,0.0,0.0,0.0,0.0,0.0,0.0,0.0,2019-10-28
10,50,cha050,0.0,0.0,0.0,0.0,0.0,0.0,0.0,0.0,2019-10-28
11,51,cha051,0.0,0.0,0.0,0.0,0.0,0.0,0.0,0.0,2019-10-28
12,54,cha054,0.0,0.0,0.0,0.0,0.0,0.0,0.0,0.0,2019-10-28
13,57,cha057,0.0,0.1572,0.0,0.0,0.1572,0.0,0.0,0.0,2019-10-28
14,59,cha059,0.0,0.0,0.0,0.0,0.0,0.0,0.0,0.0,2019-10-28
15,64,cha064,0.0,0.1488,0.0,0.0,0.1488,0.0,0.0,0.0,2019-10-28
16,66,cha066,0.0,0.0,0.0,0.0,0.0,0.0,0.0,0.0,2019-10-28
17,70,cha070,0.0,0.0,0.0,0.0,0.0,0.0,0.0,0.0,2019-10-28
18,71,cha071,0.0,0.0,0.0,0.0,0.0,0.0,0.0,0.0,2019-10-28
19,74,cha074,0.0,0.0,0.0,0.0,0.0,0.0,0.0,0.0,2019-10-28
20,138,cha138,0.0,0.2011,0.0,0.0,0.2011,0.0,0.0,0.0,2019-10-28
21,141,cha141,0.0,0.004801,0.0,0.0,0.004801,0.0,0.0,0.0,2019-10-28
22,142,cha142,0.0,0.0003709,0.0,0.0,0.0003709,0.0,0.0,0.0,2019-10-28
23,146,cha146,0.0,0.00132,0.0,0.0,0.00132,0.0,0.0,0.0,2019-10-28
24,148,cha148,0.0,0.00612,0.0,0.0,0.00612,0.0,0.0,0.0,2019-10-28
25,153,cha153,0.0,1.199,0.0,0.0,1.199,0.0,0.0,0.0,2019-10-28
26,155,cha155,0.0,0.1868,0.0,0.0,0.1868,0.0,0.0,0.0,2019-10-28
27,158,cha158,0.0,0.02697,0.0,0.0,0.02697,0.0,0.0,0.0,2019-10-28
28,161,cha161,0.0,0.1372,0.0,0.0,0.1372,0.0,0.0,0.0,2019-10-28
29,162,cha162,0.0,0.0005613,0.0,0.0,0.0005613,0.0,0.0,0.0,2019-10-28
30,165,cha165,0.0,0.02464,0.0,0.0,0.02464,0.0,0.0,0.0,2019-10-28
31,166,cha166,0.0,0.001486,0.0,0.0,0.001486,0.0,0.0,0.0,2019-10-28
32,167,cha167,0.0,0.1341,0.0,0.0,0.1341,0.0,0.0,0.0,2019-10-28
33,168,cha168,0.0,0.0004804,0.0,0.0,0.0004804,0.0,0.0,0.0,2019-10-28
34,169,cha169,0.0,0.02261,0.0,0.0,0.02261,0.0,0.0,0.0,2019-10-28
35,170,cha170,0.0,0.003267,0.0,0.0,0.003267,0.0,0.0,0.0,2019-10-28
36,171,cha171,0.0,0.002,0.0,0.0,0.002,0.0,0.0,0.0,2019-10-28
37,173,cha173,0.0,0.02181,0.0,0.0,0.02181,0.0,0.0,0.0,2019-10-28
1,29,cha029,0.0,0.0,0.0,0.0,0.0,0.0,0.0,0.0,2019-10-29
2,35,cha035,0.0,0.0,0.0,0.0,0.0,0.0,0.0,0.0,2019-10-29
3,37,cha037,0.0,0.0,0.0,0.0,0.0,0.0,0.0,0.0,2019-10-29
4,38,cha038,0.0,0.01833,0.0,0.0,0.01833,0.0,0.0,0.0,2019-10-29
5,39,cha039,0.0,0.0,0.0,0.0,0.0,0.0,0.0,0.0,2019-10-29
6,41,cha041,0.0,0.0,0.0,0.0,0.0,0.0,0.0,0.0,2019-10-29
7,43,cha043,0.0,0.0,0.0,0.0,0.0,0.0,0.0,0.0,2019-10-29
8,44,cha044,0.0,0.0,0.0,0.0,0.0,0.0,0.0,0.0,2019-10-29
9,45,cha045,0.0,0.0,0.0,0.0,0.0,0.0,0.0,0.0,2019-10-29
10,50,cha050,0.0,0.0,0.0,0.0,0.0,0.0,0.0,0.0,2019-10-29
11,51,cha051,0.0,0.0,0.0,0.0,0.0,0.0,0.0,0.0,2019-10-29
12,54,cha054,0.0,0.0,0.0,0.0,0.0,0.0,0.0,0.0,2019-10-29
13,57,cha057,0.0,0.1619,0.0,0.0,0.1619,0.0,0.0,0.0,2019-10-29
14,59,cha059,0.0,0.0,0.0,0.0,0.0,0.0,0.0,0.0,2019-10-29
15,64,cha064,0.0,0.1551,0.0,0.0,0.1551,0.0,0.0,0.0,2019-10-29
16,66,cha066,0.0,0.0,0.0,0.0,0.0,0.0,0.0,0.0,2019-10-29
17,70,cha070,0.0,0.0,0.0,0.0,0.0,0.0,0.0,0.0,2019-10-29
18,71,cha071,0.0,0.0,0.0,0.0,0.0,0.0,0.0,0.0,2019-10-29
19,74,cha074,0.0,0.0,0.0,0.0,0.0,0.0,0.0,0.0,2019-10-29
20,138,cha138,0.0,0.2089,0.0,0.0,0.2089,0.0,0.0,0.0,2019-10-29
21,141,cha141,0.0,0.004134,0.0,0.0,0.004134,0.0,0.0,0.0,2019-10-29
22,142,cha142,0.0,0.000326,0.0,0.0,0.000326,0.0,0.0,0.0,2019-10-29
23,146,cha146,0.0,0.001232,0.0,0.0,0.001232,0.0,0.0,0.0,2019-10-29
24,148,cha148,0.0,0.005312,0.0,0.0,0.005312,0.0,0.0,0.0,2019-10-29
25,153,cha153,0.0,1.233,0.0,0.0,1.233,0.0,0.0,0.0,2019-10-29
26,155,cha155,0.0,0.1906,0.0,0.0,0.1906,0.0,0.0,0.0,2019-10-29
27,158,cha158,0.0,0.02793,0.0,0.0,0.02793,0.0,0.0,0.0,2019-10-29
28,161,cha161,0.0,0.1409,0.0,0.0,0.1409,0.0,0.0,0.0,2019-10-29
29,162,cha162,0.0,0.0005267,0.0,0.0,0.0005267,0.0,0.0,0.0,2019-10-29
30,165,cha165,0.0,0.02573,0.0,0.0,0.02573,0.0,0.0,0.0,2019-10-29
31,166,cha166,0.0,0.001445,0.0,0.0,0.001445,0.0,0.0,0.0,2019-10-29
32,167,cha167,0.0,0.1382,0.0,0.0,0.1382,0.0,0.0,0.0,2019-10-29
33,168,cha168,0.0,0.0004696,0.0,0.0,0.0004696,0.0,0.0,0.0,2019-10-29
34,169,cha169,0.0,0.02376,0.0,0.0,0.02376,0.0,0.0,0.0,2019-10-29
35,170,cha170,0.0,0.003184,0.0,0.0,0.003184,0.0,0.0,0.0,2019-10-29
36,171,cha171,0.0,0.001944,0.0,0.0,0.001944,0.0,0.0,0.0,2019-10-29
37,173,cha173,0.0,0.02309,0.0,0.0,0.02309,0.0,0.0,0.0,2019-10-29
1,29,cha029,0.0,0.0,0.0,0.0,0.0,0.0,0.0,0.0,2019-10-30
2,35,cha035,0.0,0.0,0.0,0.0,0.0,0.0,0.0,0.0,2019-10-30
3,37,cha037,0.0,0.0,0.0,0.0,0.0,0.0,0.0,0.0,2019-10-30
4,38,cha038,0.0,0.01966,0.0,0.0,0.01966,0.0,0.0,0.0,2019-10-30
5,39,cha039,0.0,0.0,0.0,0.0,0.0,0.0,0.0,0.0,2019-10-30
6,41,cha041,0.0,0.0,0.0,0.0,0.0,0.0,0.0,0.0,2019-10-30
7,43,cha043,0.0,0.0,0.0,0.0,0.0,0.0,0.0,0.0,2019-10-30
8,44,cha044,0.0,0.0,0.0,0.0,0.0,0.0,0.0,0.0,2019-10-30
9,45,cha045,0.0,0.0,0.0,0.0,0.0,0.0,0.0,0.0,2019-10-30
10,50,cha050,0.0,0.0,0.0,0.0,0.0,0.0,0.0,0.0,2019-10-30
11,51,cha051,0.0,0.0,0.0,0.0,0.0,0.0,0.0,0.0,2019-10-30
12,54,cha054,0.0,0.0,0.0,0.0,0.0,0.0,0.0,0.0,2019-10-30
13,57,cha057,0.0,0.1659,0.0,0.0,0.1659,0.0,0.0,0.0,2019-10-30
14,59,cha059,0.0,0.0,0.0,0.0,0.0,0.0,0.0,0.0,2019-10-30
15,64,cha064,0.0,0.1607,0.0,0.0,0.1607,0.0,0.0,0.0,2019-10-30
16,66,cha066,0.0,0.0,0.0,0.0,0.0,0.0,0.0,0.0,2019-10-30
17,70,cha070,0.0,0.0,0.0,0.0,0.0,0.0,0.0,0.0,2019-10-30
18,71,cha071,0.0,0.0,0.0,0.0,0.0,0.0,0.0,0.0,2019-10-30
19,74,cha074,0.0,0.0,0.0,0.0,0.0,0.0,0.0,0.0,2019-10-30
20,138,cha138,0.0,0.2161,0.0,0.0,0.2161,0.0,0.0,0.0,2019-10-30
21,141,cha141,0.0,0.003735,0.0,0.0,0.003735,0.0,0.0,0.0,2019-10-30
22,142,cha142,0.0,0.0003034,0.0,0.0,0.0003034,0.0,0.0,0.0,2019-10-30
23,146,cha146,0.0,0.00119,0.0,0.0,0.00119,0.0,0.0,0.0,2019-10-30
24,148,cha148,0.0,0.00484,0.0,0.0,0.00484,0.0,0.0,0.0,2019-10-30
25,153,cha153,0.0,1.262,0.0,0.0,1.262,0.0,0.0,0.0,2019-10-30
26,155,cha155,0.0,0.1944,0.0,0.0,0.1944,0.0,0.0,0.0,2019-10-30
27,158,cha158,0.0,0.02904,0.0,0.0,0.02904,0.0,0.0,0.0,2019-10-30
28,161,cha161,0.0,0.1446,0.0,0.0,0.1446,0.0,0.0,0.0,2019-10-30
29,162,cha162,0.0,0.0005102,0.0,0.0,0.0005102,0.0,0.0,0.0,2019-10-30
30,165,cha165,0.0,0.0269,0.0,0.0,0.0269,0.0,0.0,0.0,2019-10-30
31,166,cha166,0.0,0.001426,0.0,0.0,0.001426,0.0,0.0,0.0,2019-10-30
32,167,cha167,0.0,0.142,0.0,0.0,0.142,0.0,0.0,0.0,2019-10-30
33,168,cha168,0.0,0.0004661,0.0,0.0,0.0004661,0.0,0.0,0.0,2019-10-30
34,169,cha169,0.0,0.02497,0.0,0.0,0.02497,0.0,0.0,0.0,2019-10-30
35,170,cha170,0.0,0.003147,0.0,0.0,0.003147,0.0,0.0,0.0,2019-10-30
36,171,cha171,0.0,0.001918,0.0,0.0,0.001918,0.0,0.0,0.0,2019-10-30
37,173,cha173,0.0,0.02436,0.0,0.0,0.02436,0.0,0.0,0.0,2019-10-30
1,29,cha029,0.0,0.0,0.0,0.0,0.0,0.0,0.0,0.0,2019-10-31
2,35,cha035,0.0,0.0,0.0,0.0,0.0,0.0,0.0,0.0,2019-10-31
3,37,cha037,0.0,0.0,0.0,0.0,0.0,0.0,0.0,0.0,2019-10-31
4,38,cha038,0.0,0.02091,0.0,0.0,0.02091,0.0,0.0,0.0,2019-10-31
5,39,cha039,0.0,0.0,0.0,0.0,0.0,0.0,0.0,0.0,2019-10-31
6,41,cha041,0.0,0.0,0.0,0.0,0.0,0.0,0.0,0.0,2019-10-31
7,43,cha043,0.0,0.0,0.0,0.0,0.0,0.0,0.0,0.0,2019-10-31
8,44,cha044,0.0,0.0,0.0,0.0,0.0,0.0,0.0,0.0,2019-10-31
9,45,cha045,0.0,0.0,0.0,0.0,0.0,0.0,0.0,0.0,2019-10-31
10,50,cha050,0.0,0.0,0.0,0.0,0.0,0.0,0.0,0.0,2019-10-31
11,51,cha051,0.0,0.0,0.0,0.0,0.0,0.0,0.0,0.0,2019-10-31
12,54,cha054,0.0,0.0,0.0,0.0,0.0,0.0,0.0,0.0,2019-10-31
13,57,cha057,0.0,0.1693,0.0,0.0,0.1693,0.0,0.0,0.0,2019-10-31
14,59,cha059,0.0,0.0,0.0,0.0,0.0,0.0,0.0,0.0,2019-10-31
15,64,cha064,0.0,0.1656,0.0,0.0,0.1656,0.0,0.0,0.0,2019-10-31
16,66,cha066,0.0,0.0,0.0,0.0,0.0,0.0,0.0,0.0,2019-10-31
17,70,cha070,0.0,0.0,0.0,0.0,0.0,0.0,0.0,0.0,2019-10-31
18,71,cha071,0.0,0.0,0.0,0.0,0.0,0.0,0.0,0.0,2019-10-31
19,74,cha074,0.0,0.0,0.0,0.0,0.0,0.0,0.0,0.0,2019-10-31
20,138,cha138,0.0,0.2225,0.0,0.0,0.2225,0.0,0.0,0.0,2019-10-31
21,141,cha141,0.0,0.003499,0.0,0.0,0.003499,0.0,0.0,0.0,2019-10-31
22,142,cha142,0.0,0.0002924,0.0,0.0,0.0002924,0.0,0.0,0.0,2019-10-31
23,146,cha146,0.0,0.001171,0.0,0.0,0.001171,0.0,0.0,0.0,2019-10-31
24,148,cha148,0.0,0.004568,0.0,0.0,0.004568,0.0,0.0,0.0,2019-10-31
25,153,cha153,0.0,1.288,0.0,0.0,1.288,0.0,0.0,0.0,2019-10-31
26,155,cha155,0.0,0.198,0.0,0.0,0.198,0.0,0.0,0.0,2019-10-31
27,158,cha158,0.0,0.0302,0.0,0.0,0.0302,0.0,0.0,0.0,2019-10-31
28,161,cha161,0.0,0.148,0.0,0.0,0.148,0.0,0.0,0.0,2019-10-31
29,162,cha162,0.0,0.0005032,0.0,0.0,0.0005032,0.0,0.0,0.0,2019-10-31
30,165,cha165,0.0,0.02809,0.0,0.0,0.02809,0.0,0.0,0.0,2019-10-31
31,166,cha166,0.0,0.001418,0.0,0.0,0.001418,0.0,0.0,0.0,2019-10-31
32,167,cha167,0.0,0.1456,0.0,0.0,0.1456,0.0,0.0,0.0,2019-10-31
33,168,cha168,0.0,0.0004658,0.0,0.0,0.0004658,0.0,0.0,0.0,2019-10-31
34,169,cha169,0.0,0.02616,0.0,0.0,0.02616,0.0,0.0,0.0,2019-10-31
35,170,cha170,0.0,0.003133,0.0,0.0,0.003133,0.0,0.0,0.0,2019-10-31
36,171,cha171,0.0,0.001907,0.0,0.0,0.001907,0.0,0.0,0.0,2019-10-31
37,173,cha173,0.0,0.02559,0.0,0.0,0.02559,0.0,0.0,0.0,2019-10-31
1,29,cha029,0.0,0.0,0.0,0.0,0.0,0.0,0.0,0.0,2019-11-01
2,35,cha035,0.0,0.0,0.0,0.0,0.0,0.0,0.0,0.0,2019-11-01
3,37,cha037,0.0,0.0,0.0,0.0,0.0,0.0,0.0,0.0,2019-11-01
4,38,cha038,0.0,0.0221,0.0,0.0,0.0221,0.0,0.0,0.0,2019-11-01
5,39,cha039,0.0,0.0,0.0,0.0,0.0,0.0,0.0,0.0,2019-11-01
6,41,cha041,0.0,0.0,0.0,0.0,0.0,0.0,0.0,0.0,2019-11-01
7,43,cha043,0.0,0.0,0.0,0.0,0.0,0.0,0.0,0.0,2019-11-01
8,44,cha044,0.0,0.0,0.0,0.0,0.0,0.0,0.0,0.0,2019-11-01
9,45,cha045,0.0,0.0,0.0,0.0,0.0,0.0,0.0,0.0,2019-11-01
10,50,cha050,0.0,0.0,0.0,0.0,0.0,0.0,0.0,0.0,2019-11-01
11,51,cha051,0.0,0.0,0.0,0.0,0.0,0.0,0.0,0.0,2019-11-01
12,54,cha054,0.0,0.0,0.0,0.0,0.0,0.0,0.0,0.0,2019-11-01
13,57,cha057,0.0,0.1722,0.0,0.0,0.1722,0.0,0.0,0.0,2019-11-01
14,59,cha059,0.0,0.0,0.0,0.0,0.0,0.0,0.0,0.0,2019-11-01
15,64,cha064,0.0,0.1699,0.0,0.0,0.1699,0.0,0.0,0.0,2019-11-01
16,66,cha066,0.0,0.0,0.0,0.0,0.0,0.0,0.0,0.0,2019-11-01
17,70,cha070,0.0,0.0,0.0,0.0,0.0,0.0,0.0,0.0,2019-11-01
18,71,cha071,0.0,0.0,0.0,0.0,0.0,0.0,0.0,0.0,2019-11-01
19,74,cha074,0.0,0.0,0.0,0.0,0.0,0.0,0.0,0.0,2019-11-01
20,138,cha138,0.0,0.2282,0.0,0.0,0.2282,0.0,0.0,0.0,2019-11-01
21,141,cha141,0.0,0.003362,0.0,0.0,0.003362,0.0,0.0,0.0,2019-11-01
22,142,cha142,0.0,0.0002875,0.0,0.0,0.0002875,0.0,0.0,0.0,2019-11-01
23,146,cha146,0.0,0.001164,0.0,0.0,0.001164,0.0,0.0,0.0,2019-11-01
24,148,cha148,0.0,0.004414,0.0,0.0,0.004414,0.0,0.0,0.0,2019-11-01
25,153,cha153,0.0,1.31,0.0,0.0,1.31,0.0,0.0,0.0,2019-11-01
26,155,cha155,0.0,0.2013,0.0,0.0,0.2013,0.0,0.0,0.0,2019-11-01
27,158,cha158,0.0,0.03135,0.0,0.0,0.03135,0.0,0.0,0.0,2019-11-01
28,161,cha161,0.0,0.1511,0.0,0.0,0.1511,0.0,0.0,0.0,2019-11-01
29,162,cha162,0.0,0.0005011,0.0,0.0,0.0005011,0.0,0.0,0.0,2019-11-01
30,165,cha165,0.0,0.02925,0.0,0.0,0.02925,0.0,0.0,0.0,2019-11-01
31,166,cha166,0.0,0.001416,0.0,0.0,0.001416,0.0,0.0,0.0,2019-11-01
32,167,cha167,0.0,0.1487,0.0,0.0,0.1487,0.0,0.0,0.0,2019-11-01
33,168,cha168,0.0,0.000467,0.0,0.0,0.000467,0.0,0.0,0.0,2019-11-01
34,169,cha169,0.0,0.02732,0.0,0.0,0.02732,0.0,0.0,0.0,2019-11-01
35,170,cha170,0.0,0.003132,0.0,0.0,0.003132,0.0,0.0,0.0,2019-11-01
36,171,cha171,0.0,0.001905,0.0,0.0,0.001905,0.0,0.0,0.0,2019-11-01
37,173,cha173,0.0,0.02677,0.0,0.0,0.02677,0.0,0.0,0.0,2019-11-01
1,29,cha029,0.0,0.0,0.0,0.0,0.0,0.0,0.0,0.0,2019-11-02
2,35,cha035,0.0,0.0,0.0,0.0,0.0,0.0,0.0,0.0,2019-11-02
3,37,cha037,0.0,0.0,0.0,0.0,0.0,0.0,0.0,0.0,2019-11-02
4,38,cha038,0.0,0.02322,0.0,0.0,0.02322,0.0,0.0,0.0,2019-11-02
5,39,cha039,0.0,0.0,0.0,0.0,0.0,0.0,0.0,0.0,2019-11-02
6,41,cha041,0.0,0.0,0.0,0.0,0.0,0.0,0.0,0.0,2019-11-02
7,43,cha043,0.0,0.0,0.0,0.0,0.0,0.0,0.0,0.0,2019-11-02
8,44,cha044,0.0,0.0,0.0,0.0,0.0,0.0,0.0,0.0,2019-11-02
9,45,cha045,0.0,0.0,0.0,0.0,0.0,0.0,0.0,0.0,2019-11-02
10,50,cha050,0.0,0.0,0.0,0.0,0.0,0.0,0.0,0.0,2019-11-02
11,51,cha051,0.0,0.0,0.0,0.0,0.0,0.0,0.0,0.0,2019-11-02
12,54,cha054,0.0,0.0,0.0,0.0,0.0,0.0,0.0,0.0,2019-11-02
13,57,cha057,0.0,0.1747,0.0,0.0,0.1747,0.0,0.0,0.0,2019-11-02
14,59,cha059,0.0,0.0,0.0,0.0,0.0,0.0,0.0,0.0,2019-11-02
15,64,cha064,0.0,0.1735,0.0,0.0,0.1735,0.0,0.0,0.0,2019-11-02
16,66,cha066,0.0,0.0,0.0,0.0,0.0,0.0,0.0,0.0,2019-11-02
17,70,cha070,0.0,0.0,0.0,0.0,0.0,0.0,0.0,0.0,2019-11-02
18,71,cha071,0.0,0.0,0.0,0.0,0.0,0.0,0.0,0.0,2019-11-02
19,74,cha074,0.0,0.0,0.0,0.0,0.0,0.0,0.0,0.0,2019-11-02
20,138,cha138,0.0,0.2332,0.0,0.0,0.2332,0.0,0.0,0.0,2019-11-02
21,141,cha141,0.0,0.003285,0.0,0.0,0.003285,0.0,0.0,0.0,2019-11-02
22,142,cha142,0.0,0.0002857,0.0,0.0,0.0002857,0.0,0.0,0.0,2019-11-02
23,146,cha146,0.0,0.001164,0.0,0.0,0.001164,0.0,0.0,0.0,2019-11-02
24,148,cha148,0.0,0.004331,0.0,0.0,0.004331,0.0,0.0,0.0,2019-11-02
25,153,cha153,0.0,1.328,0.0,0.0,1.328,0.0,0.0,0.0,2019-11-02
26,155,cha155,0.0,0.2043,0.0,0.0,0.2043,0.0,0.0,0.0,2019-11-02
27,158,cha158,0.0,0.03248,0.0,0.0,0.03248,0.0,0.0,0.0,2019-11-02
28,161,cha161,0.0,0.1539,0.0,0.0,0.1539,0.0,0.0,0.0,2019-11-02
29,162,cha162,0.0,0.0005014,0.0,0.0,0.0005014,0.0,0.0,0.0,2019-11-02
30,165,cha165,0.0,0.03037,0.0,0.0,0.03037,0.0,0.0,0.0,2019-11-02
31,166,cha166,0.0,0.001417,0.0,0.0,0.001417,0.0,0.0,0.0,2019-11-02
32,167,cha167,0.0,0.1515,0.0,0.0,0.1515,0.0,0.0,0.0,2019-11-02
33,168,cha168,0.0,0.0004689,0.0,0.0,0.0004689,0.0,0.0,0.0,2019-11-02
34,169,cha169,0.0,0.02844,0.0,0.0,0.02844,0.0,0.0,0.0,2019-11-02
35,170,cha170,0.0,0.003137,0.0,0.0,0.003137,0.0,0.0,0.0,2019-11-02
36,171,cha171,0.0,0.001907,0.0,0.0,0.001907,0.0,0.0,0.0,2019-11-02
37,173,cha173,0.0,0.0279,0.0,0.0,0.0279,0.0,0.0,0.0,2019-11-02
1,29,cha029,0.0,0.0,0.0,0.0,0.0,0.0,0.0,0.0,2019-11-03
2,35,cha035,0.0,0.0,0.0,0.0,0.0,0.0,0.0,0.0,2019-11-03
3,37,cha037,0.0,0.0,0.0,0.0,0.0,0.0,0.0,0.0,2019-11-03
4,38,cha038,0.0,0.02428,0.0,0.0,0.02428,0.0,0.0,0.0,2019-11-03
5,39,cha039,0.0,0.0,0.0,0.0,0.0,0.0,0.0,0.0,2019-11-03
6,41,cha041,0.0,0.0,0.0,0.0,0.0,0.0,0.0,0.0,2019-11-03
7,43,cha043,0.0,0.0,0.0,0.0,0.0,0.0,0.0,0.0,2019-11-03
8,44,cha044,0.0,0.0,0.0,0.0,0.0,0.0,0.0,0.0,2019-11-03
9,45,cha045,0.0,0.0,0.0,0.0,0.0,0.0,0.0,0.0,2019-11-03
10,50,cha050,0.0,0.0,0.0,0.0,0.0,0.0,0.0,0.0,2019-11-03
11,51,cha051,0.0,0.0,0.0,0.0,0.0,0.0,0.0,0.0,2019-11-03
12,54,cha054,0.0,0.0,0.0,0.0,0.0,0.0,0.0,0.0,2019-11-03
13,57,cha057,0.0,0.1766,0.0,0.0,0.1766,0.0,0.0,0.0,2019-11-03
14,59,cha059,0.0,0.0,0.0,0.0,0.0,0.0,0.0,0.0,2019-11-03
15,64,cha064,0.0,0.1766,0.0,0.0,0.1766,0.0,0.0,0.0,2019-11-03
16,66,cha066,0.0,0.0,0.0,0.0,0.0,0.0,0.0,0.0,2019-11-03
17,70,cha070,0.0,0.0,0.0,0.0,0.0,0.0,0.0,0.0,2019-11-03
18,71,cha071,0.0,0.0,0.0,0.0,0.0,0.0,0.0,0.0,2019-11-03
19,74,cha074,0.0,0.0,0.0,0.0,0.0,0.0,0.0,0.0,2019-11-03
20,138,cha138,0.0,0.2374,0.0,0.0,0.2374,0.0,0.0,0.0,2019-11-03
21,141,cha141,0.0,0.003244,0.0,0.0,0.003244,0.0,0.0,0.0,2019-11-03
22,142,cha142,0.0,0.0002856,0.0,0.0,0.0002856,0.0,0.0,0.0,2019-11-03
23,146,cha146,0.0,0.001167,0.0,0.0,0.001167,0.0,0.0,0.0,2019-11-03
24,148,cha148,0.0,0.004291,0.0,0.0,0.004291,0.0,0.0,0.0,2019-11-03
25,153,cha153,0.0,1.343,0.0,0.0,1.343,0.0,0.0,0.0,2019-11-03
26,155,cha155,0.0,0.2069,0.0,0.0,0.2069,0.0,0.0,0.0,2019-11-03
27,158,cha158,0.0,0.03356,0.0,0.0,0.03356,0.0,0.0,0.0,2019-11-03
28,161,cha161,0.0,0.1563,0.0,0.0,0.1563,0.0,0.0,0.0,2019-11-03
29,162,cha162,0.0,0.0005029,0.0,0.0,0.0005029,0.0,0.0,0.0,2019-11-03
30,165,cha165,0.0,0.03145,0.0,0.0,0.03145,0.0,0.0,0.0,2019-11-03
31,166,cha166,0.0,0.00142,0.0,0.0,0.00142,0.0,0.0,0.0,2019-11-03
32,167,cha167,0.0,0.1539,0.0,0.0,0.1539,0.0,0.0,0.0,2019-11-03
33,168,cha168,0.0,0.0004711,0.0,0.0,0.0004711,0.0,0.0,0.0,2019-11-03
34,169,cha169,0.0,0.02951,0.0,0.0,0.02951,0.0,0.0,0.0,2019-11-03
35,170,cha170,0.0,0.003144,0.0,0.0,0.003144,0.0,0.0,0.0,2019-11-03
36,171,cha171,0.0,0.00191,0.0,0.0,0.00191,0.0,0.0,0.0,2019-11-03
37,173,cha173,0.0,0.02897,0.0,0.0,0.02897,0.0,0.0,0.0,2019-11-03
1,29,cha029,0.0,0.0,0.0,0.0,0.0,0.0,0.0,0.0,2019-11-04
2,35,cha035,0.0,0.0,0.0,0.0,0.0,0.0,0.0,0.0,2019-11-04
3,37,cha037,0.0,0.0,0.0,0.0,0.0,0.0,0.0,0.0,2019-11-04
4,38,cha038,0.0,0.02528,0.0,0.0,0.02528,0.0,0.0,0.0,2019-11-04
5,39,cha039,0.0,0.0,0.0,0.0,0.0,0.0,0.0,0.0,2019-11-04
6,41,cha041,0.0,0.0,0.0,0.0,0.0,0.0,0.0,0.0,2019-11-04
7,43,cha043,0.0,0.0,0.0,0.0,0.0,0.0,0.0,0.0,2019-11-04
8,44,cha044,0.0,0.0,0.0,0.0,0.0,0.0,0.0,0.0,2019-11-04
9,45,cha045,0.0,0.0,0.0,0.0,0.0,0.0,0.0,0.0,2019-11-04
10,50,cha050,0.0,0.0,0.0,0.0,0.0,0.0,0.0,0.0,2019-11-04
11,51,cha051,0.0,0.0,0.0,0.0,0.0,0.0,0.0,0.0,2019-11-04
12,54,cha054,0.0,0.0,0.0,0.0,0.0,0.0,0.0,0.0,2019-11-04
13,57,cha057,0.0,0.1781,0.0,0.0,0.1781,0.0,0.0,0.0,2019-11-04
14,59,cha059,0.0,0.0,0.0,0.0,0.0,0.0,0.0,0.0,2019-11-04
15,64,cha064,0.0,0.1791,0.0,0.0,0.1791,0.0,0.0,0.0,2019-11-04
16,66,cha066,0.0,0.0,0.0,0.0,0.0,0.0,0.0,0.0,2019-11-04
17,70,cha070,0.0,0.0,0.0,0.0,0.0,0.0,0.0,0.0,2019-11-04
18,71,cha071,0.0,0.0,0.0,0.0,0.0,0.0,0.0,0.0,2019-11-04
19,74,cha074,0.0,0.0,0.0,0.0,0.0,0.0,0.0,0.0,2019-11-04
20,138,cha138,0.0,0.2409,0.0,0.0,0.2409,0.0,0.0,0.0,2019-11-04
21,141,cha141,0.0,0.003226,0.0,0.0,0.003226,0.0,0.0,0.0,2019-11-04
22,142,cha142,0.0,0.0002862,0.0,0.0,0.0002862,0.0,0.0,0.0,2019-11-04
23,146,cha146,0.0,0.001171,0.0,0.0,0.001171,0.0,0.0,0.0,2019-11-04
24,148,cha148,0.0,0.004275,0.0,0.0,0.004275,0.0,0.0,0.0,2019-11-04
25,153,cha153,0.0,1.355,0.0,0.0,1.355,0.0,0.0,0.0,2019-11-04
26,155,cha155,0.0,0.2092,0.0,0.0,0.2092,0.0,0.0,0.0,2019-11-04
27,158,cha158,0.0,0.0346,0.0,0.0,0.0346,0.0,0.0,0.0,2019-11-04
28,161,cha161,0.0,0.1584,0.0,0.0,0.1584,0.0,0.0,0.0,2019-11-04
29,162,cha162,0.0,0.0005051,0.0,0.0,0.0005051,0.0,0.0,0.0,2019-11-04
30,165,cha165,0.0,0.03248,0.0,0.0,0.03248,0.0,0.0,0.0,2019-11-04
31,166,cha166,0.0,0.001424,0.0,0.0,0.001424,0.0,0.0,0.0,2019-11-04
32,167,cha167,0.0,0.156,0.0,0.0,0.156,0.0,0.0,0.0,2019-11-04
33,168,cha168,0.0,0.0004733,0.0,0.0,0.0004733,0.0,0.0,0.0,2019-11-04
34,169,cha169,0.0,0.03054,0.0,0.0,0.03054,0.0,0.0,0.0,2019-11-04
35,170,cha170,0.0,0.003152,0.0,0.0,0.003152,0.0,0.0,0.0,2019-11-04
36,171,cha171,0.0,0.001915,0.0,0.0,0.001915,0.0,0.0,0.0,2019-11-04
37,173,cha173,0.0,0.02999,0.0,0.0,0.02999,0.0,0.0,0.0,2019-11-04
1,29,cha029,0.0,0.0,0.0,0.0,0.0,0.0,0.0,0.0,2019-11-05
2,35,cha035,0.0,0.0,0.0,0.0,0.0,0.0,0.0,0.0,2019-11-05
3,37,cha037,0.0,0.0,0.0,0.0,0.0,0.0,0.0,0.0,2019-11-05
4,38,cha038,0.0,0.02624,0.0,0.0,0.02624,0.0,0.0,0.0,2019-11-05
5,39,cha039,0.0,0.0,0.0,0.0,0.0,0.0,0.0,0.0,2019-11-05
6,41,cha041,0.0,0.0,0.0,0.0,0.0,0.0,0.0,0.0,2019-11-05
7,43,cha043,0.0,0.0,0.0,0.0,0.0,0.0,0.0,0.0,2019-11-05
8,44,cha044,0.0,0.0,0.0,0.0,0.0,0.0,0.0,0.0,2019-11-05
9,45,cha045,0.0,0.0,0.0,0.0,0.0,0.0,0.0,0.0,2019-11-05
10,50,cha050,0.0,0.0,0.0,0.0,0.0,0.0,0.0,0.0,2019-11-05
11,51,cha051,0.0,0.0,0.0,0.0,0.0,0.0,0.0,0.0,2019-11-05
12,54,cha054,0.0,0.0,0.0,0.0,0.0,0.0,0.0,0.0,2019-11-05
13,57,cha057,0.0,0.1792,0.0,0.0,0.1792,0.0,0.0,0.0,2019-11-05
14,59,cha059,0.0,0.0,0.0,0.0,0.0,0.0,0.0,0.0,2019-11-05
15,64,cha064,0.0,0.1812,0.0,0.0,0.1812,0.0,0.0,0.0,2019-11-05
16,66,cha066,0.0,0.0,0.0,0.0,0.0,0.0,0.0,0.0,2019-11-05
17,70,cha070,0.0,0.0,0.0,0.0,0.0,0.0,0.0,0.0,2019-11-05
18,71,cha071,0.0,0.0,0.0,0.0,0.0,0.0,0.0,0.0,2019-11-05
19,74,cha074,0.0,0.0,0.0,0.0,0.0,0.0,0.0,0.0,2019-11-05
20,138,cha138,0.0,0.2438,0.0,0.0,0.2438,0.0,0.0,0.0,2019-11-05
21,141,cha141,0.0,0.003221,0.0,0.0,0.003221,0.0,0.0,0.0,2019-11-05
22,142,cha142,0.0,0.0002873,0.0,0.0,0.0002873,0.0,0.0,0.0,2019-11-05
23,146,cha146,0.0,0.001177,0.0,0.0,0.001177,0.0,0.0,0.0,2019-11-05
24,148,cha148,0.0,0.004274,0.0,0.0,0.004274,0.0,0.0,0.0,2019-11-05
25,153,cha153,0.0,1.364,0.0,0.0,1.364,0.0,0.0,0.0,2019-11-05
26,155,cha155,0.0,0.2111,0.0,0.0,0.2111,0.0,0.0,0.0,2019-11-05
27,158,cha158,0.0,0.03558,0.0,0.0,0.03558,0.0,0.0,0.0,2019-11-05
28,161,cha161,0.0,0.1601,0.0,0.0,0.1601,0.0,0.0,0.0,2019-11-05
29,162,cha162,0.0,0.0005074,0.0,0.0,0.0005074,0.0,0.0,0.0,2019-11-05
30,165,cha165,0.0,0.03346,0.0,0.0,0.03346,0.0,0.0,0.0,2019-11-05
31,166,cha166,0.0,0.001428,0.0,0.0,0.001428,0.0,0.0,0.0,2019-11-05
32,167,cha167,0.0,0.1578,0.0,0.0,0.1578,0.0,0.0,0.0,2019-11-05
33,168,cha168,0.0,0.0004755,0.0,0.0,0.0004755,0.0,0.0,0.0,2019-11-05
34,169,cha169,0.0,0.03151,0.0,0.0,0.03151,0.0,0.0,0.0,2019-11-05
35,170,cha170,0.0,0.003161,0.0,0.0,0.003161,0.0,0.0,0.0,2019-11-05
36,171,cha171,0.0,0.00192,0.0,0.0,0.00192,0.0,0.0,0.0,2019-11-05
37,173,cha173,0.0,0.03096,0.0,0.0,0.03096,0.0,0.0,0.0,2019-11-05
1,29,cha029,0.0,0.0,0.0,0.0,0.0,0.0,0.0,0.0,2019-11-06
2,35,cha035,0.0,0.0,0.0,0.0,0.0,0.0,0.0,0.0,2019-11-06
3,37,cha037,0.0,0.0,0.0,0.0,0.0,0.0,0.0,0.0,2019-11-06
4,38,cha038,0.0,0.02714,0.0,0.0,0.02714,0.0,0.0,0.0,2019-11-06
5,39,cha039,0.0,0.0,0.0,0.0,0.0,0.0,0.0,0.0,2019-11-06
6,41,cha041,0.0,0.0,0.0,0.0,0.0,0.0,0.0,0.0,2019-11-06
7,43,cha043,0.0,0.0,0.0,0.0,0.0,0.0,0.0,0.0,2019-11-06
8,44,cha044,0.0,0.0,0.0,0.0,0.0,0.0,0.0,0.0,2019-11-06
9,45,cha045,0.0,0.0,0.0,0.0,0.0,0.0,0.0,0.0,2019-11-06
10,50,cha050,0.0,0.0,0.0,0.0,0.0,0.0,0.0,0.0,2019-11-06
11,51,cha051,0.0,0.0,0.0,0.0,0.0,0.0,0.0,0.0,2019-11-06
12,54,cha054,0.0,0.0,0.0,0.0,0.0,0.0,0.0,0.0,2019-11-06
13,57,cha057,0.0,0.1799,0.0,0.0,0.1799,0.0,0.0,0.0,2019-11-06
14,59,cha059,0.0,0.0,0.0,0.0,0.0,0.0,0.0,0.0,2019-11-06
15,64,cha064,0.0,0.1828,0.0,0.0,0.1828,0.0,0.0,0.0,2019-11-06
16,66,cha066,0.0,0.0,0.0,0.0,0.0,0.0,0.0,0.0,2019-11-06
17,70,cha070,0.0,0.0,0.0,0.0,0.0,0.0,0.0,0.0,2019-11-06
18,71,cha071,0.0,0.0,0.0,0.0,0.0,0.0,0.0,0.0,2019-11-06
19,74,cha074,0.0,0.0,0.0,0.0,0.0,0.0,0.0,0.0,2019-11-06
20,138,cha138,0.0,0.2461,0.0,0.0,0.2461,0.0,0.0,0.0,2019-11-06
21,141,cha141,0.0,0.003225,0.0,0.0,0.003225,0.0,0.0,0.0,2019-11-06
22,142,cha142,0.0,0.0002886,0.0,0.0,0.0002886,0.0,0.0,0.0,2019-11-06
23,146,cha146,0.0,0.001183,0.0,0.0,0.001183,0.0,0.0,0.0,2019-11-06
24,148,cha148,0.0,0.004282,0.0,0.0,0.004282,0.0,0.0,0.0,2019-11-06
25,153,cha153,0.0,1.37,0.0,0.0,1.37,0.0,0.0,0.0,2019-11-06
26,155,cha155,0.0,0.2127,0.0,0.0,0.2127,0.0,0.0,0.0,2019-11-06
27,158,cha158,0.0,0.03652,0.0,0.0,0.03652,0.0,0.0,0.0,2019-11-06
28,161,cha161,0.0,0.1616,0.0,0.0,0.1616,0.0,0.0,0.0,2019-11-06
29,162,cha162,0.0,0.0005099,0.0,0.0,0.0005099,0.0,0.0,0.0,2019-11-06
30,165,cha165,0.0,0.03439,0.0,0.0,0.03439,0.0,0.0,0.0,2019-11-06
31,166,cha166,0.0,0.001432,0.0,0.0,0.001432,0.0,0.0,0.0,2019-11-06
32,167,cha167,0.0,0.1592,0.0,0.0,0.1592,0.0,0.0,0.0,2019-11-06
33,168,cha168,0.0,0.0004776,0.0,0.0,0.0004776,0.0,0.0,0.0,2019-11-06
34,169,cha169,0.0,0.03243,0.0,0.0,0.03243,0.0,0.0,0.0,2019-11-06
35,170,cha170,0.0,0.003169,0.0,0.0,0.003169,0.0,0.0,0.0,2019-11-06
36,171,cha171,0.0,0.001926,0.0,0.0,0.001926,0.0,0.0,0.0,2019-11-06
37,173,cha173,0.0,0.03187,0.0,0.0,0.03187,0.0,0.0,0.0,2019-11-06
1,29,cha029,0.0,0.0,0.0,0.0,0.0,0.0,0.0,0.0,2019-11-07
2,35,cha035,0.0,0.0,0.0,0.0,0.0,0.0,0.0,0.0,2019-11-07
3,37,cha037,0.0,0.0,0.0,0.0,0.0,0.0,0.0,0.0,2019-11-07
4,38,cha038,0.0,0.02771,0.0,0.0,0.02771,0.0,0.0,0.0,2019-11-07
5,39,cha039,0.0,0.0,0.0,0.0,0.0,0.0,0.0,0.0,2019-11-07
6,41,cha041,0.0,0.0,0.0,0.0,0.0,0.0,0.0,0.0,2019-11-07
7,43,cha043,0.0,0.0,0.0,0.0,0.0,0.0,0.0,0.0,2019-11-07
8,44,cha044,0.0,0.0,0.0,0.0,0.0,0.0,0.0,0.0,2019-11-07
9,45,cha045,0.0,0.0,0.0,0.0,0.0,0.0,0.0,0.0,2019-11-07
10,50,cha050,0.0,0.0,0.0,0.0,0.0,0.0,0.0,0.0,2019-11-07
11,51,cha051,0.0,0.0,0.0,0.0,0.0,0.0,0.0,0.0,2019-11-07
12,54,cha054,0.0,0.0,0.0,0.0,0.0,0.0,0.0,0.0,2019-11-07
13,57,cha057,0.0,0.1803,0.0,0.0,0.1803,0.0,0.0,0.0,2019-11-07
14,59,cha059,0.0,0.0,0.0,0.0,0.0,0.0,0.0,0.0,2019-11-07
15,64,cha064,0.0,0.184,0.0,0.0,0.184,0.0,0.0,0.0,2019-11-07
16,66,cha066,0.0,0.0,0.0,0.0,0.0,0.0,0.0,0.0,2019-11-07
17,70,cha070,0.0,0.0,0.0,0.0,0.0,0.0,0.0,0.0,2019-11-07
18,71,cha071,0.0,0.0,0.0,0.0,0.0,0.0,0.0,0.0,2019-11-07
19,74,cha074,0.0,0.0,0.0,0.0,0.0,0.0,0.0,0.0,2019-11-07
20,138,cha138,0.0,0.2479,0.0,0.0,0.2479,0.0,0.0,0.0,2019-11-07
21,141,cha141,0.0,0.003232,0.0,0.0,0.003232,0.0,0.0,0.0,2019-11-07
22,142,cha142,0.0,0.0002899,0.0,0.0,0.0002899,0.0,0.0,0.0,2019-11-07
23,146,cha146,0.0,0.001188,0.0,0.0,0.001188,0.0,0.0,0.0,2019-11-07
24,148,cha148,0.0,0.004294,0.0,0.0,0.004294,0.0,0.0,0.0,2019-11-07
25,153,cha153,0.0,1.373,0.0,0.0,1.373,0.0,0.0,0.0,2019-11-07
26,155,cha155,0.0,0.2138,0.0,0.0,0.2138,0.0,0.0,0.0,2019-11-07
27,158,cha158,0.0,0.03709,0.0,0.0,0.03709,0.0,0.0,0.0,2019-11-07
28,161,cha161,0.0,0.1625,0.0,0.0,0.1625,0.0,0.0,0.0,2019-11-07
29,162,cha162,0.0,0.0005123,0.0,0.0,0.0005123,0.0,0.0,0.0,2019-11-07
30,165,cha165,0.0,0.03495,0.0,0.0,0.03495,0.0,0.0,0.0,2019-11-07
31,166,cha166,0.0,0.001428,0.0,0.0,0.001428,0.0,0.0,0.0,2019-11-07
32,167,cha167,0.0,0.1601,0.0,0.0,0.1601,0.0,0.0,0.0,2019-11-07
33,168,cha168,0.0,0.0004796,0.0,0.0,0.0004796,0.0,0.0,0.0,2019-11-07
34,169,cha169,0.0,0.03299,0.0,0.0,0.03299,0.0,0.0,0.0,2019-11-07
35,170,cha170,0.0,0.003161,0.0,0.0,0.003161,0.0,0.0,0.0,2019-11-07
36,171,cha171,0.0,0.00192,0.0,0.0,0.00192,0.0,0.0,0.0,2019-11-07
37,173,cha173,0.0,0.03243,0.0,0.0,0.03243,0.0,0.0,0.0,2019-11-07
1,29,cha029,0.0,0.0,0.0,0.0,0.0,0.0,0.0,0.0,2019-11-08
2,35,cha035,0.0,0.0,0.0,0.0,0.0,0.0,0.0,0.0,2019-11-08
3,37,cha037,0.0,0.0,0.0,0.0,0.0,0.0,0.0,0.0,2019-11-08
4,38,cha038,0.0,0.02824,0.0,0.0,0.02824,0.0,0.0,0.0,2019-11-08
5,39,cha039,0.0,0.0,0.0,0.0,0.0,0.0,0.0,0.0,2019-11-08
6,41,cha041,0.0,0.0,0.0,0.0,0.0,0.0,0.0,0.0,2019-11-08
7,43,cha043,0.0,0.0,0.0,0.0,0.0,0.0,0.0,0.0,2019-11-08
8,44,cha044,0.0,0.0,0.0,0.0,0.0,0.0,0.0,0.0,2019-11-08
9,45,cha045,0.0,0.0,0.0,0.0,0.0,0.0,0.0,0.0,2019-11-08
10,50,cha050,0.0,0.0,0.0,0.0,0.0,0.0,0.0,0.0,2019-11-08
11,51,cha051,0.0,0.0,0.0,0.0,0.0,0.0,0.0,0.0,2019-11-08
12,54,cha054,0.0,0.0,0.0,0.0,0.0,0.0,0.0,0.0,2019-11-08
13,57,cha057,0.0,0.1804,0.0,0.0,0.1804,0.0,0.0,0.0,2019-11-08
14,59,cha059,0.0,0.0,0.0,0.0,0.0,0.0,0.0,0.0,2019-11-08
15,64,cha064,0.0,0.1849,0.0,0.0,0.1849,0.0,0.0,0.0,2019-11-08
16,66,cha066,0.0,0.0,0.0,0.0,0.0,0.0,0.0,0.0,2019-11-08
17,70,cha070,0.0,0.0,0.0,0.0,0.0,0.0,0.0,0.0,2019-11-08
18,71,cha071,0.0,0.0,0.0,0.0,0.0,0.0,0.0,0.0,2019-11-08
19,74,cha074,0.0,0.0,0.0,0.0,0.0,0.0,0.0,0.0,2019-11-08
20,138,cha138,0.0,0.2491,0.0,0.0,0.2491,0.0,0.0,0.0,2019-11-08
21,141,cha141,0.0,0.003243,0.0,0.0,0.003243,0.0,0.0,0.0,2019-11-08
22,142,cha142,0.0,0.0002912,0.0,0.0,0.0002912,0.0,0.0,0.0,2019-11-08
23,146,cha146,0.0,0.001194,0.0,0.0,0.001194,0.0,0.0,0.0,2019-11-08
24,148,cha148,0.0,0.004309,0.0,0.0,0.004309,0.0,0.0,0.0,2019-11-08
25,153,cha153,0.0,1.374,0.0,0.0,1.374,0.0,0.0,0.0,2019-11-08
26,155,cha155,0.0,0.2145,0.0,0.0,0.2145,0.0,0.0,0.0,2019-11-08
27,158,cha158,0.0,0.03764,0.0,0.0,0.03764,0.0,0.0,0.0,2019-11-08
28,161,cha161,0.0,0.1631,0.0,0.0,0.1631,0.0,0.0,0.0,2019-11-08
29,162,cha162,0.0,0.0005146,0.0,0.0,0.0005146,0.0,0.0,0.0,2019-11-08
30,165,cha165,0.0,0.03549,0.0,0.0,0.03549,0.0,0.0,0.0,2019-11-08
31,166,cha166,0.0,0.001424,0.0,0.0,0.001424,0.0,0.0,0.0,2019-11-08
32,167,cha167,0.0,0.1607,0.0,0.0,0.1607,0.0,0.0,0.0,2019-11-08
33,168,cha168,0.0,0.0004816,0.0,0.0,0.0004816,0.0,0.0,0.0,2019-11-08
34,169,cha169,0.0,0.03352,0.0,0.0,0.03352,0.0,0.0,0.0,2019-11-08
35,170,cha170,0.0,0.003153,0.0,0.0,0.003153,0.0,0.0,0.0,2019-11-08
36,171,cha171,0.0,0.001916,0.0,0.0,0.001916,0.0,0.0,0.0,2019-11-08
37,173,cha173,0.0,0.03295,0.0,0.0,0.03295,0.0,0.0,0.0,2019-11-08
1,29,cha029,0.0,0.0,0.0,0.0,0.0,0.0,0.0,0.0,2019-11-09
2,35,cha035,0.0,0.0,0.0,0.0,0.0,0.0,0.0,0.0,2019-11-09
3,37,cha037,0.0,0.0,0.0,0.0,0.0,0.0,0.0,0.0,2019-11-09
4,38,cha038,0.0,0.02875,0.0,0.0,0.02875,0.0,0.0,0.0,2019-11-09
5,39,cha039,0.0,0.0,0.0,0.0,0.0,0.0,0.0,0.0,2019-11-09
6,41,cha041,0.0,0.0,0.0,0.0,0.0,0.0,0.0,0.0,2019-11-09
7,43,cha043,0.0,0.0,0.0,0.0,0.0,0.0,0.0,0.0,2019-11-09
8,44,cha044,0.0,0.0,0.0,0.0,0.0,0.0,0.0,0.0,2019-11-09
9,45,cha045,0.0,0.0,0.0,0.0,0.0,0.0,0.0,0.0,2019-11-09
10,50,cha050,0.0,0.0,0.0,0.0,0.0,0.0,0.0,0.0,2019-11-09
11,51,cha051,0.0,0.0,0.0,0.0,0.0,0.0,0.0,0.0,2019-11-09
12,54,cha054,0.0,0.0,0.0,0.0,0.0,0.0,0.0,0.0,2019-11-09
13,57,cha057,0.0,0.1802,0.0,0.0,0.1802,0.0,0.0,0.0,2019-11-09
14,59,cha059,0.0,0.0,0.0,0.0,0.0,0.0,0.0,0.0,2019-11-09
15,64,cha064,0.0,0.1853,0.0,0.0,0.1853,0.0,0.0,0.0,2019-11-09
16,66,cha066,0.0,0.0,0.0,0.0,0.0,0.0,0.0,0.0,2019-11-09
17,70,cha070,0.0,0.0,0.0,0.0,0.0,0.0,0.0,0.0,2019-11-09
18,71,cha071,0.0,0.0,0.0,0.0,0.0,0.0,0.0,0.0,2019-11-09
19,74,cha074,0.0,0.0,0.0,0.0,0.0,0.0,0.0,0.0,2019-11-09
20,138,cha138,0.0,0.3017,0.0,0.0,0.3017,0.0,0.0,0.0,2019-11-09
21,141,cha141,0.0,0.04161,0.0,0.0,0.04161,0.0,0.0,0.0,2019-11-09
22,142,cha142,0.0,0.004743,0.0,0.0,0.004743,0.0,0.0,0.0,2019-11-09
23,146,cha146,0.0,0.01791,0.0,0.0,0.01791,0.0,0.0,0.0,2019-11-09
24,148,cha148,0.0,0.05619,0.0,0.0,0.05619,0.0,0.0,0.0,2019-11-09
25,153,cha153,0.0,1.542,0.0,0.0,1.542,0.0,0.0,0.0,2019-11-09
26,155,cha155,0.0,0.3833,0.0,0.0,0.3833,0.0,0.0,0.0,2019-11-09
27,158,cha158,0.0,0.1316,0.0,0.0,0.1316,0.0,0.0,0.0,2019-11-09
28,161,cha161,0.0,0.2957,0.0,0.0,0.2957,0.0,0.0,0.0,2019-11-09
29,162,cha162,0.0,0.008535,0.0,0.0,0.008535,0.0,0.0,0.0,2019-11-09
30,165,cha165,0.0,0.1027,0.0,0.0,0.1027,0.0,0.0,0.0,2019-11-09
31,166,cha166,0.0,0.0071,0.0,0.0,0.0071,0.0,0.0,0.0,2019-11-09
32,167,cha167,0.0,0.2649,0.0,0.0,0.2649,0.0,0.0,0.0,2019-11-09
33,168,cha168,0.0,0.005601,0.0,0.0,0.005601,0.0,0.0,0.0,2019-11-09
34,169,cha169,0.0,0.08089,0.0,0.0,0.08089,0.0,0.0,0.0,2019-11-09
35,170,cha170,0.0,0.02398,0.0,0.0,0.02398,0.0,0.0,0.0,2019-11-09
36,171,cha171,0.0,0.01339,0.0,0.0,0.01339,0.0,0.0,0.0,2019-11-09
37,173,cha173,0.0,0.06648,0.0,0.0,0.06648,0.0,0.0,0.0,2019-11-09
1,29,cha029,0.0,0.0,0.0,0.0,0.0,0.0,0.0,0.0,2019-11-10
2,35,cha035,0.0,0.0,0.0,0.0,0.0,0.0,0.0,0.0,2019-11-10
3,37,cha037,0.0,0.0,0.0,0.0,0.0,0.0,0.0,0.0,2019-11-10
4,38,cha038,0.0,0.02922,0.0,0.0,0.02922,0.0,0.0,0.0,2019-11-10
5,39,cha039,0.0,0.0,0.0,0.0,0.0,0.0,0.0,0.0,2019-11-10
6,41,cha041,0.0,0.0,0.0,0.0,0.0,0.0,0.0,0.0,2019-11-10
7,43,cha043,0.0,0.0,0.0,0.0,0.0,0.0,0.0,0.0,2019-11-10
8,44,cha044,0.0,0.0,0.0,0.0,0.0,0.0,0.0,0.0,2019-11-10
9,45,cha045,0.0,0.0,0.0,0.0,0.0,0.0,0.0,0.0,2019-11-10
10,50,cha050,0.0,0.0,0.0,0.0,0.0,0.0,0.0,0.0,2019-11-10
11,51,cha051,0.0,0.0,0.0,0.0,0.0,0.0,0.0,0.0,2019-11-10
12,54,cha054,0.0,0.0,0.0,0.0,0.0,0.0,0.0,0.0,2019-11-10
13,57,cha057,0.0,0.1797,0.0,0.0,0.1797,0.0,0.0,0.0,2019-11-10
14,59,cha059,0.0,0.0,0.0,0.0,0.0,0.0,0.0,0.0,2019-11-10
15,64,cha064,0.0,0.1855,0.0,0.0,0.1855,0.0,0.0,0.0,2019-11-10
16,66,cha066,0.0,0.0,0.0,0.0,0.0,0.0,0.0,0.0,2019-11-10
17,70,cha070,0.0,0.0,0.0,0.0,0.0,0.0,0.0,0.0,2019-11-10
18,71,cha071,0.0,0.0,0.0,0.0,0.0,0.0,0.0,0.0,2019-11-10
19,74,cha074,0.0,0.0,0.0,0.0,0.0,0.0,0.0,0.0,2019-11-10
20,138,cha138,0.0,0.2787,0.0,0.0,0.2787,0.0,0.0,0.0,2019-11-10
21,141,cha141,0.0,0.02514,0.0,0.0,0.02514,0.0,0.0,0.0,2019-11-10
22,142,cha142,0.0,0.00263,0.0,0.0,0.00263,0.0,0.0,0.0,2019-11-10
23,146,cha146,0.0,0.009724,0.0,0.0,0.009724,0.0,0.0,0.0,2019-11-10
24,148,cha148,0.0,0.03292,0.0,0.0,0.03292,0.0,0.0,0.0,2019-11-10
25,153,cha153,0.0,1.454,0.0,0.0,1.454,0.0,0.0,0.0,2019-11-10
26,155,cha155,0.0,0.2983,0.0,0.0,0.2983,0.0,0.0,0.0,2019-11-10
27,158,cha158,0.0,0.08508,0.0,0.0,0.08508,0.0,0.0,0.0,2019-11-10
28,161,cha161,0.0,0.2298,0.0,0.0,0.2298,0.0,0.0,0.0,2019-11-10
29,162,cha162,0.0,0.004705,0.0,0.0,0.004705,0.0,0.0,0.0,2019-11-10
30,165,cha165,0.0,0.06992,0.0,0.0,0.06992,0.0,0.0,0.0,2019-11-10
31,166,cha166,0.0,0.00459,0.0,0.0,0.00459,0.0,0.0,0.0,2019-11-10
32,167,cha167,0.0,0.2132,0.0,0.0,0.2132,0.0,0.0,0.0,2019-11-10
33,168,cha168,0.0,0.0029,0.0,0.0,0.0029,0.0,0.0,0.0,2019-11-10
34,169,cha169,0.0,0.05836,0.0,0.0,0.05836,0.0,0.0,0.0,2019-11-10
35,170,cha170,0.0,0.01358,0.0,0.0,0.01358,0.0,0.0,0.0,2019-11-10
36,171,cha171,0.0,0.007746,0.0,0.0,0.007746,0.0,0.0,0.0,2019-11-10
37,173,cha173,0.0,0.05063,0.0,0.0,0.05063,0.0,0.0,0.0,2019-11-10
1,29,cha029,0.0,0.0,0.0,0.0,0.0,0.0,0.0,0.0,2019-11-11
2,35,cha035,0.0,0.0,0.0,0.0,0.0,0.0,0.0,0.0,2019-11-11
3,37,cha037,0.0,0.0,0.0,0.0,0.0,0.0,0.0,0.0,2019-11-11
4,38,cha038,0.0,0.02952,0.0,0.0,0.02952,0.0,0.0,0.0,2019-11-11
5,39,cha039,0.0,0.0,0.0,0.0,0.0,0.0,0.0,0.0,2019-11-11
6,41,cha041,0.0,0.0,0.0,0.0,0.0,0.0,0.0,0.0,2019-11-11
7,43,cha043,0.0,0.0,0.0,0.0,0.0,0.0,0.0,0.0,2019-11-11
8,44,cha044,0.0,0.0,0.0,0.0,0.0,0.0,0.0,0.0,2019-11-11
9,45,cha045,0.0,0.0,0.0,0.0,0.0,0.0,0.0,0.0,2019-11-11
10,50,cha050,0.0,0.0,0.0,0.0,0.0,0.0,0.0,0.0,2019-11-11
11,51,cha051,0.0,0.0,0.0,0.0,0.0,0.0,0.0,0.0,2019-11-11
12,54,cha054,0.0,0.0,0.0,0.0,0.0,0.0,0.0,0.0,2019-11-11
13,57,cha057,0.0,0.179,0.0,0.0,0.179,0.0,0.0,0.0,2019-11-11
14,59,cha059,0.0,0.0,0.0,0.0,0.0,0.0,0.0,0.0,2019-11-11
15,64,cha064,0.0,0.1853,0.0,0.0,0.1853,0.0,0.0,0.0,2019-11-11
16,66,cha066,0.0,0.0,0.0,0.0,0.0,0.0,0.0,0.0,2019-11-11
17,70,cha070,0.0,0.0,0.0,0.0,0.0,0.0,0.0,0.0,2019-11-11
18,71,cha071,0.0,0.0,0.0,0.0,0.0,0.0,0.0,0.0,2019-11-11
19,74,cha074,0.0,0.0,0.0,0.0,0.0,0.0,0.0,0.0,2019-11-11
20,138,cha138,0.0,0.2662,0.0,0.0,0.2662,0.0,0.0,0.0,2019-11-11
21,141,cha141,0.0,0.016,0.0,0.0,0.016,0.0,0.0,0.0,2019-11-11
22,142,cha142,0.0,0.001522,0.0,0.0,0.001522,0.0,0.0,0.0,2019-11-11
23,146,cha146,0.0,0.005622,0.0,0.0,0.005622,0.0,0.0,0.0,2019-11-11
24,148,cha148,0.0,0.0205,0.0,0.0,0.0205,0.0,0.0,0.0,2019-11-11
25,153,cha153,0.0,1.407,0.0,0.0,1.407,0.0,0.0,0.0,2019-11-11
26,155,cha155,0.0,0.2565,0.0,0.0,0.2565,0.0,0.0,0.0,2019-11-11
27,158,cha158,0.0,0.06253,0.0,0.0,0.06253,0.0,0.0,0.0,2019-11-11
28,161,cha161,0.0,0.1973,0.0,0.0,0.1973,0.0,0.0,0.0,2019-11-11
29,162,cha162,0.0,0.002707,0.0,0.0,0.002707,0.0,0.0,0.0,2019-11-11
30,165,cha165,0.0,0.05373,0.0,0.0,0.05373,0.0,0.0,0.0,2019-11-11
31,166,cha166,0.0,0.003183,0.0,0.0,0.003183,0.0,0.0,0.0,2019-11-11
32,167,cha167,0.0,0.1876,0.0,0.0,0.1876,0.0,0.0,0.0,2019-11-11
33,168,cha168,0.0,0.001624,0.0,0.0,0.001624,0.0,0.0,0.0,2019-11-11
34,169,cha169,0.0,0.04706,0.0,0.0,0.04706,0.0,0.0,0.0,2019-11-11
35,170,cha170,0.0,0.008409,0.0,0.0,0.008409,0.0,0.0,0.0,2019-11-11
36,171,cha171,0.0,0.004917,0.0,0.0,0.004917,0.0,0.0,0.0,2019-11-11
37,173,cha173,0.0,0.04271,0.0,0.0,0.04271,0.0,0.0,0.0,2019-11-11
1,29,cha029,0.0,0.0,0.0,0.0,0.0,0.0,0.0,0.0,2019-11-12
2,35,cha035,0.0,0.0,0.0,0.0,0.0,0.0,0.0,0.0,2019-11-12
3,37,cha037,0.0,0.0,0.0,0.0,0.0,0.0,0.0,0.0,2019-11-12
4,38,cha038,0.0,0.0298,0.0,0.0,0.0298,0.0,0.0,0.0,2019-11-12
5,39,cha039,0.0,0.0,0.0,0.0,0.0,0.0,0.0,0.0,2019-11-12
6,41,cha041,0.0,0.0,0.0,0.0,0.0,0.0,0.0,0.0,2019-11-12
7,43,cha043,0.0,0.0,0.0,0.0,0.0,0.0,0.0,0.0,2019-11-12
8,44,cha044,0.0,0.0,0.0,0.0,0.0,0.0,0.0,0.0,2019-11-12
9,45,cha045,0.0,0.0,0.0,0.0,0.0,0.0,0.0,0.0,2019-11-12
10,50,cha050,0.0,0.0,0.0,0.0,0.0,0.0,0.0,0.0,2019-11-12
11,51,cha051,0.0,0.0,0.0,0.0,0.0,0.0,0.0,0.0,2019-11-12
12,54,cha054,0.0,0.0,0.0,0.0,0.0,0.0,0.0,0.0,2019-11-12
13,57,cha057,0.0,0.1781,0.0,0.0,0.1781,0.0,0.0,0.0,2019-11-12
14,59,cha059,0.0,0.0,0.0,0.0,0.0,0.0,0.0,0.0,2019-11-12
15,64,cha064,0.0,0.1849,0.0,0.0,0.1849,0.0,0.0,0.0,2019-11-12
16,66,cha066,0.0,0.0,0.0,0.0,0.0,0.0,0.0,0.0,2019-11-12
17,70,cha070,0.0,0.0,0.0,0.0,0.0,0.0,0.0,0.0,2019-11-12
18,71,cha071,0.0,0.0,0.0,0.0,0.0,0.0,0.0,0.0,2019-11-12
19,74,cha074,0.0,0.0,0.0,0.0,0.0,0.0,0.0,0.0,2019-11-12
20,138,cha138,0.0,0.2588,0.0,0.0,0.2588,0.0,0.0,0.0,2019-11-12
21,141,cha141,0.0,0.01078,0.0,0.0,0.01078,0.0,0.0,0.0,2019-11-12
22,142,cha142,0.0,0.0009402,0.0,0.0,0.0009402,0.0,0.0,0.0,2019-11-12
23,146,cha146,0.0,0.00353,0.0,0.0,0.00353,0.0,0.0,0.0,2019-11-12
24,148,cha148,0.0,0.01365,0.0,0.0,0.01365,0.0,0.0,0.0,2019-11-12
25,153,cha153,0.0,1.38,0.0,0.0,1.38,0.0,0.0,0.0,2019-11-12
26,155,cha155,0.0,0.2353,0.0,0.0,0.2353,0.0,0.0,0.0,2019-11-12
27,158,cha158,0.0,0.05138,0.0,0.0,0.05138,0.0,0.0,0.0,2019-11-12
28,161,cha161,0.0,0.1808,0.0,0.0,0.1808,0.0,0.0,0.0,2019-11-12
29,162,cha162,0.0,0.001664,0.0,0.0,0.001664,0.0,0.0,0.0,2019-11-12
30,165,cha165,0.0,0.04571,0.0,0.0,0.04571,0.0,0.0,0.0,2019-11-12
31,166,cha166,0.0,0.002393,0.0,0.0,0.002393,0.0,0.0,0.0,2019-11-12
32,167,cha167,0.0,0.1744,0.0,0.0,0.1744,0.0,0.0,0.0,2019-11-12
33,168,cha168,0.0,0.001023,0.0,0.0,0.001023,0.0,0.0,0.0,2019-11-12
34,169,cha169,0.0,0.04142,0.0,0.0,0.04142,0.0,0.0,0.0,2019-11-12
35,170,cha170,0.0,0.00581,0.0,0.0,0.00581,0.0,0.0,0.0,2019-11-12
36,171,cha171,0.0,0.003471,0.0,0.0,0.003471,0.0,0.0,0.0,2019-11-12
37,173,cha173,0.0,0.03882,0.0,0.0,0.03882,0.0,0.0,0.0,2019-11-12
1,29,cha029,0.0,0.0,0.0,0.0,0.0,0.0,0.0,0.0,2019-11-13
2,35,cha035,0.0,0.0,0.0,0.0,0.0,0.0,0.0,0.0,2019-11-13
3,37,cha037,0.0,0.0,0.0,0.0,0.0,0.0,0.0,0.0,2019-11-13
4,38,cha038,0.0,0.03007,0.0,0.0,0.03007,0.0,0.0,0.0,2019-11-13
5,39,cha039,0.0,0.0,0.0,0.0,0.0,0.0,0.0,0.0,2019-11-13
6,41,cha041,0.0,0.0,0.0,0.0,0.0,0.0,0.0,0.0,2019-11-13
7,43,cha043,0.0,0.0,0.0,0.0,0.0,0.0,0.0,0.0,2019-11-13
8,44,cha044,0.0,0.0,0.0,0.0,0.0,0.0,0.0,0.0,2019-11-13
9,45,cha045,0.0,0.0,0.0,0.0,0.0,0.0,0.0,0.0,2019-11-13
10,50,cha050,0.0,0.0,0.0,0.0,0.0,0.0,0.0,0.0,2019-11-13
11,51,cha051,0.0,0.0,0.0,0.0,0.0,0.0,0.0,0.0,2019-11-13
12,54,cha054,0.0,0.0,0.0,0.0,0.0,0.0,0.0,0.0,2019-11-13
13,57,cha057,0.0,0.1769,0.0,0.0,0.1769,0.0,0.0,0.0,2019-11-13
14,59,cha059,0.0,0.0,0.0,0.0,0.0,0.0,0.0,0.0,2019-11-13
15,64,cha064,0.0,0.1842,0.0,0.0,0.1842,0.0,0.0,0.0,2019-11-13
16,66,cha066,0.0,0.0,0.0,0.0,0.0,0.0,0.0,0.0,2019-11-13
17,70,cha070,0.0,0.0,0.0,0.0,0.0,0.0,0.0,0.0,2019-11-13
18,71,cha071,0.0,0.0,0.0,0.0,0.0,0.0,0.0,0.0,2019-11-13
19,74,cha074,0.0,0.0,0.0,0.0,0.0,0.0,0.0,0.0,2019-11-13
20,138,cha138,0.0,0.2541,0.0,0.0,0.2541,0.0,0.0,0.0,2019-11-13
21,141,cha141,0.0,0.007754,0.0,0.0,0.007754,0.0,0.0,0.0,2019-11-13
22,142,cha142,0.0,0.0006354,0.0,0.0,0.0006354,0.0,0.0,0.0,2019-11-13
23,146,cha146,0.0,0.002447,0.0,0.0,0.002447,0.0,0.0,0.0,2019-11-13
24,148,cha148,0.0,0.009785,0.0,0.0,0.009785,0.0,0.0,0.0,2019-11-13
25,153,cha153,0.0,1.361,0.0,0.0,1.361,0.0,0.0,0.0,2019-11-13
26,155,cha155,0.0,0.224,0.0,0.0,0.224,0.0,0.0,0.0,2019-11-13
27,158,cha158,0.0,0.0458,0.0,0.0,0.0458,0.0,0.0,0.0,2019-11-13
28,161,cha161,0.0,0.1719,0.0,0.0,0.1719,0.0,0.0,0.0,2019-11-13
29,162,cha162,0.0,0.00112,0.0,0.0,0.00112,0.0,0.0,0.0,2019-11-13
30,165,cha165,0.0,0.04175,0.0,0.0,0.04175,0.0,0.0,0.0,2019-11-13
31,166,cha166,0.0,0.001949,0.0,0.0,0.001949,0.0,0.0,0.0,2019-11-13
32,167,cha167,0.0,0.1674,0.0,0.0,0.1674,0.0,0.0,0.0,2019-11-13
33,168,cha168,0.0,0.0007387,0.0,0.0,0.0007387,0.0,0.0,0.0,2019-11-13
34,169,cha169,0.0,0.03862,0.0,0.0,0.03862,0.0,0.0,0.0,2019-11-13
35,170,cha170,0.0,0.004485,0.0,0.0,0.004485,0.0,0.0,0.0,2019-11-13
36,171,cha171,0.0,0.002717,0.0,0.0,0.002717,0.0,0.0,0.0,2019-11-13
37,173,cha173,0.0,0.03694,0.0,0.0,0.03694,0.0,0.0,0.0,2019-11-13
1,29,cha029,0.0,0.0,0.0,0.0,0.0,0.0,0.0,0.0,2019-11-14
2,35,cha035,0.0,0.0,0.0,0.0,0.0,0.0,0.0,0.0,2019-11-14
3,37,cha037,0.0,0.0,0.0,0.0,0.0,0.0,0.0,0.0,2019-11-14
4,38,cha038,0.0,0.03031,0.0,0.0,0.03031,0.0,0.0,0.0,2019-11-14
5,39,cha039,0.0,0.0,0.0,0.0,0.0,0.0,0.0,0.0,2019-11-14
6,41,cha041,0.0,0.0,0.0,0.0,0.0,0.0,0.0,0.0,2019-11-14
7,43,cha043,0.0,0.0,0.0,0.0,0.0,0.0,0.0,0.0,2019-11-14
8,44,cha044,0.0,0.0,0.0,0.0,0.0,0.0,0.0,0.0,2019-11-14
9,45,cha045,0.0,0.0,0.0,0.0,0.0,0.0,0.0,0.0,2019-11-14
10,50,cha050,0.0,0.0,0.0,0.0,0.0,0.0,0.0,0.0,2019-11-14
11,51,cha051,0.0,0.0,0.0,0.0,0.0,0.0,0.0,0.0,2019-11-14
12,54,cha054,0.0,0.0,0.0,0.0,0.0,0.0,0.0,0.0,2019-11-14
13,57,cha057,0.0,0.1756,0.0,0.0,0.1756,0.0,0.0,0.0,2019-11-14
14,59,cha059,0.0,0.0,0.0,0.0,0.0,0.0,0.0,0.0,2019-11-14
15,64,cha064,0.0,0.1832,0.0,0.0,0.1832,0.0,0.0,0.0,2019-11-14
16,66,cha066,0.0,0.0,0.0,0.0,0.0,0.0,0.0,0.0,2019-11-14
17,70,cha070,0.0,0.0,0.0,0.0,0.0,0.0,0.0,0.0,2019-11-14
18,71,cha071,0.0,0.0,0.0,0.0,0.0,0.0,0.0,0.0,2019-11-14
19,74,cha074,0.0,0.0,0.0,0.0,0.0,0.0,0.0,0.0,2019-11-14
20,138,cha138,0.0,0.2507,0.0,0.0,0.2507,0.0,0.0,0.0,2019-11-14
21,141,cha141,0.0,0.005979,0.0,0.0,0.005979,0.0,0.0,0.0,2019-11-14
22,142,cha142,0.0,0.0004758,0.0,0.0,0.0004758,0.0,0.0,0.0,2019-11-14
23,146,cha146,0.0,0.00188,0.0,0.0,0.00188,0.0,0.0,0.0,2019-11-14
24,148,cha148,0.0,0.007574,0.0,0.0,0.007574,0.0,0.0,0.0,2019-11-14
25,153,cha153,0.0,1.346,0.0,0.0,1.346,0.0,0.0,0.0,2019-11-14
26,155,cha155,0.0,0.2177,0.0,0.0,0.2177,0.0,0.0,0.0,2019-11-14
27,158,cha158,0.0,0.04302,0.0,0.0,0.04302,0.0,0.0,0.0,2019-11-14
28,161,cha161,0.0,0.1669,0.0,0.0,0.1669,0.0,0.0,0.0,2019-11-14
29,162,cha162,0.0,0.0008372,0.0,0.0,0.0008372,0.0,0.0,0.0,2019-11-14
30,165,cha165,0.0,0.03982,0.0,0.0,0.03982,0.0,0.0,0.0,2019-11-14
31,166,cha166,0.0,0.001698,0.0,0.0,0.001698,0.0,0.0,0.0,2019-11-14
32,167,cha167,0.0,0.1633,0.0,0.0,0.1633,0.0,0.0,0.0,2019-11-14
33,168,cha168,0.0,0.0006047,0.0,0.0,0.0006047,0.0,0.0,0.0,2019-11-14
34,169,cha169,0.0,0.03727,0.0,0.0,0.03727,0.0,0.0,0.0,2019-11-14
35,170,cha170,0.0,0.0038,0.0,0.0,0.0038,0.0,0.0,0.0,2019-11-14
36,171,cha171,0.0,0.002318,0.0,0.0,0.002318,0.0,0.0,0.0,2019-11-14
37,173,cha173,0.0,0.03609,0.0,0.0,0.03609,0.0,0.0,0.0,2019-11-14
1,29,cha029,0.0,0.0,0.0,0.0,0.0,0.0,0.0,0.0,2019-11-15
2,35,cha035,0.0,0.0,0.0,0.0,0.0,0.0,0.0,0.0,2019-11-15
3,37,cha037,0.0,0.0,0.0,0.0,0.0,0.0,0.0,0.0,2019-11-15
4,38,cha038,0.0,0.03055,0.0,0.0,0.03055,0.0,0.0,0.0,2019-11-15
5,39,cha039,0.0,0.0,0.0,0.0,0.0,0.0,0.0,0.0,2019-11-15
6,41,cha041,0.0,0.0,0.0,0.0,0.0,0.0,0.0,0.0,2019-11-15
7,43,cha043,0.0,0.0,0.0,0.0,0.0,0.0,0.0,0.0,2019-11-15
8,44,cha044,0.0,0.0,0.0,0.0,0.0,0.0,0.0,0.0,2019-11-15
9,45,cha045,0.0,0.0,0.0,0.0,0.0,0.0,0.0,0.0,2019-11-15
10,50,cha050,0.0,0.0,0.0,0.0,0.0,0.0,0.0,0.0,2019-11-15
11,51,cha051,0.0,0.0,0.0,0.0,0.0,0.0,0.0,0.0,2019-11-15
12,54,cha054,0.0,0.0,0.0,0.0,0.0,0.0,0.0,0.0,2019-11-15
13,57,cha057,0.0,0.1741,0.0,0.0,0.1741,0.0,0.0,0.0,2019-11-15
14,59,cha059,0.0,0.0,0.0,0.0,0.0,0.0,0.0,0.0,2019-11-15
15,64,cha064,0.0,0.1821,0.0,0.0,0.1821,0.0,0.0,0.0,2019-11-15
16,66,cha066,0.0,0.0,0.0,0.0,0.0,0.0,0.0,0.0,2019-11-15
17,70,cha070,0.0,0.0,0.0,0.0,0.0,0.0,0.0,0.0,2019-11-15
18,71,cha071,0.0,0.0,0.0,0.0,0.0,0.0,0.0,0.0,2019-11-15
19,74,cha074,0.0,0.0,0.0,0.0,0.0,0.0,0.0,0.0,2019-11-15
20,138,cha138,0.0,0.999,0.0,0.0,0.999,0.0,0.0,0.0,2019-11-15
21,141,cha141,0.0,0.5572,0.0,0.0,0.5572,0.0,0.0,0.0,2019-11-15
22,142,cha142,0.0,0.1038,0.0,0.0,0.1038,0.0,0.0,0.0,2019-11-15
23,146,cha146,0.0,0.3174,0.0,0.0,0.3174,0.0,0.0,0.0,2019-11-15
24,148,cha148,0.0,0.7573,0.0,0.0,0.7573,0.0,0.0,0.0,2019-11-15
25,153,cha153,0.0,2.822,0.0,0.0,2.822,0.0,0.0,0.0,2019-11-15
26,155,cha155,0.0,1.703,0.0,0.0,1.703,0.0,0.0,0.0,2019-11-15
27,158,cha158,0.0,1.133,0.0,0.0,1.133,0.0,0.0,0.0,2019-11-15
28,161,cha161,0.0,1.528,0.0,0.0,1.528,0.0,0.0,0.0,2019-11-15
29,162,cha162,0.0,0.07961,0.0,0.0,0.07961,0.0,0.0,0.0,2019-11-15
30,165,cha165,0.0,0.8832,0.0,0.0,0.8832,0.0,0.0,0.0,2019-11-15
31,166,cha166,0.0,0.1806,0.0,0.0,0.1806,0.0,0.0,0.0,2019-11-15
32,167,cha167,0.0,1.365,0.0,0.0,1.365,0.0,0.0,0.0,2019-11-15
33,168,cha168,0.0,0.05139,0.0,0.0,0.05139,0.0,0.0,0.0,2019-11-15
34,169,cha169,0.0,0.7346,0.0,0.0,0.7346,0.0,0.0,0.0,2019-11-15
35,170,cha170,0.0,0.4644,0.0,0.0,0.4644,0.0,0.0,0.0,2019-11-15
36,171,cha171,0.0,0.333,0.0,0.0,0.333,0.0,0.0,0.0,2019-11-15
37,173,cha173,0.0,0.6697,0.0,0.0,0.6697,0.0,0.0,0.0,2019-11-15
1,29,cha029,0.0,0.0,0.0,0.0,0.0,0.0,0.0,0.0,2019-11-16
2,35,cha035,0.0,0.0,0.0,0.0,0.0,0.0,0.0,0.0,2019-11-16
3,37,cha037,0.0,0.0,0.0,0.0,0.0,0.0,0.0,0.0,2019-11-16
4,38,cha038,0.0,0.03077,0.0,0.0,0.03077,0.0,0.0,0.0,2019-11-16
5,39,cha039,0.0,0.0,0.0,0.0,0.0,0.0,0.0,0.0,2019-11-16
6,41,cha041,0.0,0.0,0.0,0.0,0.0,0.0,0.0,0.0,2019-11-16
7,43,cha043,0.0,0.0,0.0,0.0,0.0,0.0,0.0,0.0,2019-11-16
8,44,cha044,0.0,0.0,0.0,0.0,0.0,0.0,0.0,0.0,2019-11-16
9,45,cha045,0.0,0.0,0.0,0.0,0.0,0.0,0.0,0.0,2019-11-16
10,50,cha050,0.0,0.0,0.0,0.0,0.0,0.0,0.0,0.0,2019-11-16
11,51,cha051,0.0,0.0,0.0,0.0,0.0,0.0,0.0,0.0,2019-11-16
12,54,cha054,0.0,0.0,0.0,0.0,0.0,0.0,0.0,0.0,2019-11-16
13,57,cha057,0.0,0.1724,0.0,0.0,0.1724,0.0,0.0,0.0,2019-11-16
14,59,cha059,0.0,0.0,0.0,0.0,0.0,0.0,0.0,0.0,2019-11-16
15,64,cha064,0.0,0.1807,0.0,0.0,0.1807,0.0,0.0,0.0,2019-11-16
16,66,cha066,0.0,0.0,0.0,0.0,0.0,0.0,0.0,0.0,2019-11-16
17,70,cha070,0.0,0.0,0.0,0.0,0.0,0.0,0.0,0.0,2019-11-16
18,71,cha071,0.0,0.0,0.0,0.0,0.0,0.0,0.0,0.0,2019-11-16
19,74,cha074,0.0,0.0,0.0,0.0,0.0,0.0,0.0,0.0,2019-11-16
20,138,cha138,0.0,0.6531,0.0,0.0,0.6531,0.0,0.0,0.0,2019-11-16
21,141,cha141,0.0,0.3126,0.0,0.0,0.3126,0.0,0.0,0.0,2019-11-16
22,142,cha142,0.0,0.05462,0.0,0.0,0.05462,0.0,0.0,0.0,2019-11-16
23,146,cha146,0.0,0.1644,0.0,0.0,0.1644,0.0,0.0,0.0,2019-11-16
24,148,cha148,0.0,0.4131,0.0,0.0,0.4131,0.0,0.0,0.0,2019-11-16
25,153,cha153,0.0,2.035,0.0,0.0,2.035,0.0,0.0,0.0,2019-11-16
26,155,cha155,0.0,0.9275,0.0,0.0,0.9275,0.0,0.0,0.0,2019-11-16
27,158,cha158,0.0,0.609,0.0,0.0,0.609,0.0,0.0,0.0,2019-11-16
28,161,cha161,0.0,0.8653,0.0,0.0,0.8653,0.0,0.0,0.0,2019-11-16
29,162,cha162,0.0,0.04182,0.0,0.0,0.04182,0.0,0.0,0.0,2019-11-16
30,165,cha165,0.0,0.4832,0.0,0.0,0.4832,0.0,0.0,0.0,2019-11-16
31,166,cha166,0.0,0.1071,0.0,0.0,0.1071,0.0,0.0,0.0,2019-11-16
32,167,cha167,0.0,0.7861,0.0,0.0,0.7861,0.0,0.0,0.0,2019-11-16
33,168,cha168,0.0,0.02451,0.0,0.0,0.02451,0.0,0.0,0.0,2019-11-16
34,169,cha169,0.0,0.4105,0.0,0.0,0.4105,0.0,0.0,0.0,2019-11-16
35,170,cha170,0.0,0.2536,0.0,0.0,0.2536,0.0,0.0,0.0,2019-11-16
36,171,cha171,0.0,0.1846,0.0,0.0,0.1846,0.0,0.0,0.0,2019-11-16
37,173,cha173,0.0,0.3775,0.0,0.0,0.3775,0.0,0.0,0.0,2019-11-16
1,29,cha029,0.0,0.0,0.0,0.0,0.0,0.0,0.0,0.0,2019-11-17
2,35,cha035,0.0,0.0,0.0,0.0,0.0,0.0,0.0,0.0,2019-11-17
3,37,cha037,0.0,0.0,0.0,0.0,0.0,0.0,0.0,0.0,2019-11-17
4,38,cha038,0.0,0.03114,0.0,0.0,0.03114,0.0,0.0,0.0,2019-11-17
5,39,cha039,0.0,0.0,0.0,0.0,0.0,0.0,0.0,0.0,2019-11-17
6,41,cha041,0.0,0.0,0.0,0.0,0.0,0.0,0.0,0.0,2019-11-17
7,43,cha043,0.0,0.0,0.0,0.0,0.0,0.0,0.0,0.0,2019-11-17
8,44,cha044,0.0,0.0,0.0,0.0,0.0,0.0,0.0,0.0,2019-11-17
9,45,cha045,0.0,0.0,0.0,0.0,0.0,0.0,0.0,0.0,2019-11-17
10,50,cha050,0.0,0.0,0.0,0.0,0.0,0.0,0.0,0.0,2019-11-17
11,51,cha051,0.0,0.0,0.0,0.0,0.0,0.0,0.0,0.0,2019-11-17
12,54,cha054,0.0,0.0,0.0,0.0,0.0,0.0,0.0,0.0,2019-11-17
13,57,cha057,0.0,0.1706,0.0,0.0,0.1706,0.0,0.0,0.0,2019-11-17
14,59,cha059,0.0,0.0,0.0,0.0,0.0,0.0,0.0,0.0,2019-11-17
15,64,cha064,0.0,0.1792,0.0,0.0,0.1792,0.0,0.0,0.0,2019-11-17
16,66,cha066,0.0,0.0,0.0,0.0,0.0,0.0,0.0,0.0,2019-11-17
17,70,cha070,0.0,0.0,0.0,0.0,0.0,0.0,0.0,0.0,2019-11-17
18,71,cha071,0.0,0.0,0.0,0.0,0.0,0.0,0.0,0.0,2019-11-17
19,74,cha074,0.0,0.0,0.0,0.0,0.0,0.0,0.0,0.0,2019-11-17
20,138,cha138,0.0,0.6664,0.0,0.0,0.6664,0.0,0.0,0.0,2019-11-17
21,141,cha141,0.0,0.3045,0.0,0.0,0.3045,0.0,0.0,0.0,2019-11-17
22,142,cha142,0.0,0.0505,0.0,0.0,0.0505,0.0,0.0,0.0,2019-11-17
23,146,cha146,0.0,0.1469,0.0,0.0,0.1469,0.0,0.0,0.0,2019-11-17
24,148,cha148,0.0,0.4284,0.0,0.0,0.4284,0.0,0.0,0.0,2019-11-17
25,153,cha153,0.0,2.046,0.0,0.0,2.046,0.0,0.0,0.0,2019-11-17
26,155,cha155,0.0,0.9503,0.0,0.0,0.9503,0.0,0.0,0.0,2019-11-17
27,158,cha158,0.0,0.5293,0.0,0.0,0.5293,0.0,0.0,0.0,2019-11-17
28,161,cha161,0.0,0.8262,0.0,0.0,0.8262,0.0,0.0,0.0,2019-11-17
29,162,cha162,0.0,0.03828,0.0,0.0,0.03828,0.0,0.0,0.0,2019-11-17
30,165,cha165,0.0,0.4056,0.0,0.0,0.4056,0.0,0.0,0.0,2019-11-17
31,166,cha166,0.0,0.07598,0.0,0.0,0.07598,0.0,0.0,0.0,2019-11-17
32,167,cha167,0.0,0.7077,0.0,0.0,0.7077,0.0,0.0,0.0,2019-11-17
33,168,cha168,0.0,0.02132,0.0,0.0,0.02132,0.0,0.0,0.0,2019-11-17
34,169,cha169,0.0,0.3256,0.0,0.0,0.3256,0.0,0.0,0.0,2019-11-17
35,170,cha170,0.0,0.1714,0.0,0.0,0.1714,0.0,0.0,0.0,2019-11-17
36,171,cha171,0.0,0.1264,0.0,0.0,0.1264,0.0,0.0,0.0,2019-11-17
37,173,cha173,0.0,0.275,0.0,0.0,0.275,0.0,0.0,0.0,2019-11-17
1,29,cha029,0.0,0.0,0.0,0.0,0.0,0.0,0.0,0.0,2019-11-18
2,35,cha035,0.0,0.0,0.0,0.0,0.0,0.0,0.0,0.0,2019-11-18
3,37,cha037,0.0,0.0,0.0,0.0,0.0,0.0,0.0,0.0,2019-11-18
4,38,cha038,0.0,0.03177,0.0,0.0,0.03177,0.0,0.0,0.0,2019-11-18
5,39,cha039,0.0,0.0,0.0,0.0,0.0,0.0,0.0,0.0,2019-11-18
6,41,cha041,0.0,0.0,0.0,0.0,0.0,0.0,0.0,0.0,2019-11-18
7,43,cha043,0.0,0.0,0.0,0.0,0.0,0.0,0.0,0.0,2019-11-18
8,44,cha044,0.0,0.0,0.0,0.0,0.0,0.0,0.0,0.0,2019-11-18
9,45,cha045,0.0,0.0,0.0,0.0,0.0,0.0,0.0,0.0,2019-11-18
10,50,cha050,0.0,0.0,0.0,0.0,0.0,0.0,0.0,0.0,2019-11-18
11,51,cha051,0.0,0.0,0.0,0.0,0.0,0.0,0.0,0.0,2019-11-18
12,54,cha054,0.0,0.0,0.0,0.0,0.0,0.0,0.0,0.0,2019-11-18
13,57,cha057,0.0,0.1687,0.0,0.0,0.1687,0.0,0.0,0.0,2019-11-18
14,59,cha059,0.0,0.0,0.0,0.0,0.0,0.0,0.0,0.0,2019-11-18
15,64,cha064,0.0,0.1775,0.0,0.0,0.1775,0.0,0.0,0.0,2019-11-18
16,66,cha066,0.0,0.0,0.0,0.0,0.0,0.0,0.0,0.0,2019-11-18
17,70,cha070,0.0,0.0,0.0,0.0,0.0,0.0,0.0,0.0,2019-11-18
18,71,cha071,0.0,0.0,0.0,0.0,0.0,0.0,0.0,0.0,2019-11-18
19,74,cha074,0.0,0.0,0.0,0.0,0.0,0.0,0.0,0.0,2019-11-18
20,138,cha138,0.0,0.9986,0.0,0.0,0.9986,0.0,0.0,0.0,2019-11-18
21,141,cha141,0.0,0.5712,0.0,0.0,0.5712,0.0,0.0,0.0,2019-11-18
22,142,cha142,0.0,0.09506,0.0,0.0,0.09506,0.0,0.0,0.0,2019-11-18
23,146,cha146,0.0,0.2915,0.0,0.0,0.2915,0.0,0.0,0.0,2019-11-18
24,148,cha148,0.0,0.7628,0.0,0.0,0.7628,0.0,0.0,0.0,2019-11-18
25,153,cha153,0.0,3.159,0.0,0.0,3.159,0.0,0.0,0.0,2019-11-18
26,155,cha155,0.0,2.075,0.0,0.0,2.075,0.0,0.0,0.0,2019-11-18
27,158,cha158,0.0,1.406,0.0,0.0,1.406,0.0,0.0,0.0,2019-11-18
28,161,cha161,0.0,1.859,0.0,0.0,1.859,0.0,0.0,0.0,2019-11-18
29,162,cha162,0.0,0.09117,0.0,0.0,0.09117,0.0,0.0,0.0,2019-11-18
30,165,cha165,0.0,1.117,0.0,0.0,1.117,0.0,0.0,0.0,2019-11-18
31,166,cha166,0.0,0.2364,0.0,0.0,0.2364,0.0,0.0,0.0,2019-11-18
32,167,cha167,0.0,1.64,0.0,0.0,1.64,0.0,0.0,0.0,2019-11-18
33,168,cha168,0.0,0.06117,0.0,0.0,0.06117,0.0,0.0,0.0,2019-11-18
34,169,cha169,0.0,0.9172,0.0,0.0,0.9172,0.0,0.0,0.0,2019-11-18
35,170,cha170,0.0,0.5606,0.0,0.0,0.5606,0.0,0.0,0.0,2019-11-18
36,171,cha171,0.0,0.4187,0.0,0.0,0.4187,0.0,0.0,0.0,2019-11-18
37,173,cha173,0.0,0.8037,0.0,0.0,0.8037,0.0,0.0,0.0,2019-11-18
1,29,cha029,0.0,0.0,0.0,0.0,0.0,0.0,0.0,0.0,2019-11-19
2,35,cha035,0.0,0.0,0.0,0.0,0.0,0.0,0.0,0.0,2019-11-19
3,37,cha037,0.0,0.0,0.0,0.0,0.0,0.0,0.0,0.0,2019-11-19
4,38,cha038,0.0,0.03236,0.0,0.0,0.03236,0.0,0.0,0.0,2019-11-19
5,39,cha039,0.0,0.0,0.0,0.0,0.0,0.0,0.0,0.0,2019-11-19
6,41,cha041,0.0,0.0,0.0,0.0,0.0,0.0,0.0,0.0,2019-11-19
7,43,cha043,0.0,0.0,0.0,0.0,0.0,0.0,0.0,0.0,2019-11-19
8,44,cha044,0.0,0.0,0.0,0.0,0.0,0.0,0.0,0.0,2019-11-19
9,45,cha045,0.0,0.0,0.0,0.0,0.0,0.0,0.0,0.0,2019-11-19
10,50,cha050,0.0,0.0,0.0,0.0,0.0,0.0,0.0,0.0,2019-11-19
11,51,cha051,0.0,0.0,0.0,0.0,0.0,0.0,0.0,0.0,2019-11-19
12,54,cha054,0.0,0.0,0.0,0.0,0.0,0.0,0.0,0.0,2019-11-19
13,57,cha057,0.0,0.1666,0.0,0.0,0.1666,0.0,0.0,0.0,2019-11-19
14,59,cha059,0.0,0.0,0.0,0.0,0.0,0.0,0.0,0.0,2019-11-19
15,64,cha064,0.0,0.1757,0.0,0.0,0.1757,0.0,0.0,0.0,2019-11-19
16,66,cha066,0.0,0.0,0.0,0.0,0.0,0.0,0.0,0.0,2019-11-19
17,70,cha070,0.0,0.0,0.0,0.0,0.0,0.0,0.0,0.0,2019-11-19
18,71,cha071,0.0,0.0,0.0,0.0,0.0,0.0,0.0,0.0,2019-11-19
19,74,cha074,0.0,0.0,0.0,0.0,0.0,0.0,0.0,0.0,2019-11-19
20,138,cha138,0.0,0.6564,0.0,0.0,0.6564,0.0,0.0,0.0,2019-11-19
21,141,cha141,0.0,0.3252,0.0,0.0,0.3252,0.0,0.0,0.0,2019-11-19
22,142,cha142,0.0,0.05006,0.0,0.0,0.05006,0.0,0.0,0.0,2019-11-19
23,146,cha146,0.0,0.1515,0.0,0.0,0.1515,0.0,0.0,0.0,2019-11-19
24,148,cha148,0.0,0.4229,0.0,0.0,0.4229,0.0,0.0,0.0,2019-11-19
25,153,cha153,0.0,2.202,0.0,0.0,2.202,0.0,0.0,0.0,2019-11-19
26,155,cha155,0.0,1.132,0.0,0.0,1.132,0.0,0.0,0.0,2019-11-19
27,158,cha158,0.0,0.7369,0.0,0.0,0.7369,0.0,0.0,0.0,2019-11-19
28,161,cha161,0.0,1.024,0.0,0.0,1.024,0.0,0.0,0.0,2019-11-19
29,162,cha162,0.0,0.04786,0.0,0.0,0.04786,0.0,0.0,0.0,2019-11-19
30,165,cha165,0.0,0.5909,0.0,0.0,0.5909,0.0,0.0,0.0,2019-11-19
31,166,cha166,0.0,0.1326,0.0,0.0,0.1326,0.0,0.0,0.0,2019-11-19
32,167,cha167,0.0,0.9136,0.0,0.0,0.9136,0.0,0.0,0.0,2019-11-19
33,168,cha168,0.0,0.02912,0.0,0.0,0.02912,0.0,0.0,0.0,2019-11-19
34,169,cha169,0.0,0.4931,0.0,0.0,0.4931,0.0,0.0,0.0,2019-11-19
35,170,cha170,0.0,0.2916,0.0,0.0,0.2916,0.0,0.0,0.0,2019-11-19
36,171,cha171,0.0,0.2205,0.0,0.0,0.2205,0.0,0.0,0.0,2019-11-19
37,173,cha173,0.0,0.4343,0.0,0.0,0.4343,0.0,0.0,0.0,2019-11-19
1,29,cha029,0.0,0.0,0.0,0.0,0.0,0.0,0.0,0.0,2019-11-20
2,35,cha035,0.0,0.0,0.0,0.0,0.0,0.0,0.0,0.0,2019-11-20
3,37,cha037,0.0,0.0,0.0,0.0,0.0,0.0,0.0,0.0,2019-11-20
4,38,cha038,0.0,0.03293,0.0,0.0,0.03293,0.0,0.0,0.0,2019-11-20
5,39,cha039,0.0,0.0,0.0,0.0,0.0,0.0,0.0,0.0,2019-11-20
6,41,cha041,0.0,0.0,0.0,0.0,0.0,0.0,0.0,0.0,2019-11-20
7,43,cha043,0.0,0.0,0.0,0.0,0.0,0.0,0.0,0.0,2019-11-20
8,44,cha044,0.0,0.0,0.0,0.0,0.0,0.0,0.0,0.0,2019-11-20
9,45,cha045,0.0,0.0,0.0,0.0,0.0,0.0,0.0,0.0,2019-11-20
10,50,cha050,0.0,0.0,0.0,0.0,0.0,0.0,0.0,0.0,2019-11-20
11,51,cha051,0.0,0.0,0.0,0.0,0.0,0.0,0.0,0.0,2019-11-20
12,54,cha054,0.0,0.0,0.0,0.0,0.0,0.0,0.0,0.0,2019-11-20
13,57,cha057,0.0,0.1645,0.0,0.0,0.1645,0.0,0.0,0.0,2019-11-20
14,59,cha059,0.0,0.0,0.0,0.0,0.0,0.0,0.0,0.0,2019-11-20
15,64,cha064,0.0,0.1738,0.0,0.0,0.1738,0.0,0.0,0.0,2019-11-20
16,66,cha066,0.0,0.0,0.0,0.0,0.0,0.0,0.0,0.0,2019-11-20
17,70,cha070,0.0,0.0,0.0,0.0,0.0,0.0,0.0,0.0,2019-11-20
18,71,cha071,0.0,0.0,0.0,0.0,0.0,0.0,0.0,0.0,2019-11-20
19,74,cha074,0.0,0.0,0.0,0.0,0.0,0.0,0.0,0.0,2019-11-20
20,138,cha138,0.0,3.757,0.0,0.0,3.757,0.0,0.0,0.0,2019-11-20
21,141,cha141,0.0,2.816,0.0,0.0,2.816,0.0,0.0,0.0,2019-11-20
22,142,cha142,0.0,0.5087,0.0,0.0,0.5087,0.0,0.0,0.0,2019-11-20
23,146,cha146,0.0,1.26,0.0,0.0,1.26,0.0,0.0,0.0,2019-11-20
24,148,cha148,0.0,3.143,0.0,0.0,3.143,0.0,0.0,0.0,2019-11-20
25,153,cha153,0.0,7.022,0.0,0.0,7.022,0.0,0.0,0.0,2019-11-20
26,155,cha155,0.0,4.823,0.0,0.0,4.823,0.0,0.0,0.0,2019-11-20
27,158,cha158,0.0,2.385,0.0,0.0,2.385,0.0,0.0,0.0,2019-11-20
28,161,cha161,0.0,4.764,0.0,0.0,4.764,0.0,0.0,0.0,2019-11-20
29,162,cha162,0.0,0.5832,0.0,0.0,0.5832,0.0,0.0,0.0,2019-11-20
30,165,cha165,0.0,0.9242,0.0,0.0,0.9242,0.0,0.0,0.0,2019-11-20
31,166,cha166,0.0,0.07462,0.0,0.0,0.07462,0.0,0.0,0.0,2019-11-20
32,167,cha167,0.0,3.384,0.0,0.0,3.384,0.0,0.0,0.0,2019-11-20
33,168,cha168,0.0,0.014,0.0,0.0,0.014,0.0,0.0,0.0,2019-11-20
34,169,cha169,0.0,0.8753,0.0,0.0,0.8753,0.0,0.0,0.0,2019-11-20
35,170,cha170,0.0,0.1536,0.0,0.0,0.1536,0.0,0.0,0.0,2019-11-20
36,171,cha171,0.0,0.1176,0.0,0.0,0.1176,0.0,0.0,0.0,2019-11-20
37,173,cha173,0.0,0.2445,0.0,0.0,0.2445,0.0,0.0,0.0,2019-11-20
1,29,cha029,0.0,0.0,0.0,0.0,0.0,0.0,0.0,0.0,2019-11-21
2,35,cha035,0.0,0.0,0.0,0.0,0.0,0.0,0.0,0.0,2019-11-21
3,37,cha037,0.0,0.0,0.0,0.0,0.0,0.0,0.0,0.0,2019-11-21
4,38,cha038,0.0,0.03346,0.0,0.0,0.03346,0.0,0.0,0.0,2019-11-21
5,39,cha039,0.0,0.0,0.0,0.0,0.0,0.0,0.0,0.0,2019-11-21
6,41,cha041,0.0,0.0,0.0,0.0,0.0,0.0,0.0,0.0,2019-11-21
7,43,cha043,0.0,0.0,0.0,0.0,0.0,0.0,0.0,0.0,2019-11-21
8,44,cha044,0.0,0.0,0.0,0.0,0.0,0.0,0.0,0.0,2019-11-21
9,45,cha045,0.0,0.0,0.0,0.0,0.0,0.0,0.0,0.0,2019-11-21
10,50,cha050,0.0,0.0,0.0,0.0,0.0,0.0,0.0,0.0,2019-11-21
11,51,cha051,0.0,0.0,0.0,0.0,0.0,0.0,0.0,0.0,2019-11-21
12,54,cha054,0.0,0.0,0.0,0.0,0.0,0.0,0.0,0.0,2019-11-21
13,57,cha057,0.0,0.1623,0.0,0.0,0.1623,0.0,0.0,0.0,2019-11-21
14,59,cha059,0.0,0.0,0.0,0.0,0.0,0.0,0.0,0.0,2019-11-21
15,64,cha064,0.0,0.1717,0.0,0.0,0.1717,0.0,0.0,0.0,2019-11-21
16,66,cha066,0.0,0.0,0.0,0.0,0.0,0.0,0.0,0.0,2019-11-21
17,70,cha070,0.0,0.0,0.0,0.0,0.0,0.0,0.0,0.0,2019-11-21
18,71,cha071,0.0,0.0,0.0,0.0,0.0,0.0,0.0,0.0,2019-11-21
19,74,cha074,0.0,0.0,0.0,0.0,0.0,0.0,0.0,0.0,2019-11-21
20,138,cha138,0.0,2.19,0.0,0.0,2.19,0.0,0.0,0.0,2019-11-21
21,141,cha141,0.0,1.644,0.0,0.0,1.644,0.0,0.0,0.0,2019-11-21
22,142,cha142,0.0,0.2672,0.0,0.0,0.2672,0.0,0.0,0.0,2019-11-21
23,146,cha146,0.0,0.6847,0.0,0.0,0.6847,0.0,0.0,0.0,2019-11-21
24,148,cha148,0.0,1.767,0.0,0.0,1.767,0.0,0.0,0.0,2019-11-21
25,153,cha153,0.0,4.329,0.0,0.0,4.329,0.0,0.0,0.0,2019-11-21
26,155,cha155,0.0,2.6,0.0,0.0,2.6,0.0,0.0,0.0,2019-11-21
27,158,cha158,0.0,1.317,0.0,0.0,1.317,0.0,0.0,0.0,2019-11-21
28,161,cha161,0.0,2.564,0.0,0.0,2.564,0.0,0.0,0.0,2019-11-21
29,162,cha162,0.0,0.3048,0.0,0.0,0.3048,0.0,0.0,0.0,2019-11-21
30,165,cha165,0.0,0.5187,0.0,0.0,0.5187,0.0,0.0,0.0,2019-11-21
31,166,cha166,0.0,0.04227,0.0,0.0,0.04227,0.0,0.0,0.0,2019-11-21
32,167,cha167,0.0,1.885,0.0,0.0,1.885,0.0,0.0,0.0,2019-11-21
33,168,cha168,0.0,0.006866,0.0,0.0,0.006866,0.0,0.0,0.0,2019-11-21
34,169,cha169,0.0,0.4936,0.0,0.0,0.4936,0.0,0.0,0.0,2019-11-21
35,170,cha170,0.0,0.08214,0.0,0.0,0.08214,0.0,0.0,0.0,2019-11-21
36,171,cha171,0.0,0.0636,0.0,0.0,0.0636,0.0,0.0,0.0,2019-11-21
37,173,cha173,0.0,0.1464,0.0,0.0,0.1464,0.0,0.0,0.0,2019-11-21
1,29,cha029,0.0,0.0,0.0,0.0,0.0,0.0,0.0,0.0,2019-11-22
2,35,cha035,0.0,0.0,0.0,0.0,0.0,0.0,0.0,0.0,2019-11-22
3,37,cha037,0.0,0.0,0.0,0.0,0.0,0.0,0.0,0.0,2019-11-22
4,38,cha038,0.0,0.03397,0.0,0.0,0.03397,0.0,0.0,0.0,2019-11-22
5,39,cha039,0.0,0.0,0.0,0.0,0.0,0.0,0.0,0.0,2019-11-22
6,41,cha041,0.0,0.0,0.0,0.0,0.0,0.0,0.0,0.0,2019-11-22
7,43,cha043,0.0,0.0,0.0,0.0,0.0,0.0,0.0,0.0,2019-11-22
8,44,cha044,0.0,0.0,0.0,0.0,0.0,0.0,0.0,0.0,2019-11-22
9,45,cha045,0.0,0.0,0.0,0.0,0.0,0.0,0.0,0.0,2019-11-22
10,50,cha050,0.0,0.0,0.0,0.0,0.0,0.0,0.0,0.0,2019-11-22
11,51,cha051,0.0,0.0,0.0,0.0,0.0,0.0,0.0,0.0,2019-11-22
12,54,cha054,0.0,0.0,0.0,0.0,0.0,0.0,0.0,0.0,2019-11-22
13,57,cha057,0.0,0.1599,0.0,0.0,0.1599,0.0,0.0,0.0,2019-11-22
14,59,cha059,0.0,0.0,0.0,0.0,0.0,0.0,0.0,0.0,2019-11-22
15,64,cha064,0.0,0.1695,0.0,0.0,0.1695,0.0,0.0,0.0,2019-11-22
16,66,cha066,0.0,0.0,0.0,0.0,0.0,0.0,0.0,0.0,2019-11-22
17,70,cha070,0.0,0.0,0.0,0.0,0.0,0.0,0.0,0.0,2019-11-22
18,71,cha071,0.0,0.0,0.0,0.0,0.0,0.0,0.0,0.0,2019-11-22
19,74,cha074,0.0,0.0,0.0,0.0,0.0,0.0,0.0,0.0,2019-11-22
20,138,cha138,0.0,1.346,0.0,0.0,1.346,0.0,0.0,0.0,2019-11-22
21,141,cha141,0.0,0.9697,0.0,0.0,0.9697,0.0,0.0,0.0,2019-11-22
22,142,cha142,0.0,0.1404,0.0,0.0,0.1404,0.0,0.0,0.0,2019-11-22
23,146,cha146,0.0,0.3729,0.0,0.0,0.3729,0.0,0.0,0.0,2019-11-22
24,148,cha148,0.0,1.018,0.0,0.0,1.018,0.0,0.0,0.0,2019-11-22
25,153,cha153,0.0,2.898,0.0,0.0,2.898,0.0,0.0,0.0,2019-11-22
26,155,cha155,0.0,1.457,0.0,0.0,1.457,0.0,0.0,0.0,2019-11-22
27,158,cha158,0.0,0.7382,0.0,0.0,0.7382,0.0,0.0,0.0,2019-11-22
28,161,cha161,0.0,1.431,0.0,0.0,1.431,0.0,0.0,0.0,2019-11-22
29,162,cha162,0.0,0.1594,0.0,0.0,0.1594,0.0,0.0,0.0,2019-11-22
30,165,cha165,0.0,0.3003,0.0,0.0,0.3003,0.0,0.0,0.0,2019-11-22
31,166,cha166,0.0,0.02421,0.0,0.0,0.02421,0.0,0.0,0.0,2019-11-22
32,167,cha167,0.0,1.084,0.0,0.0,1.084,0.0,0.0,0.0,2019-11-22
33,168,cha168,0.0,0.003501,0.0,0.0,0.003501,0.0,0.0,0.0,2019-11-22
34,169,cha169,0.0,0.2868,0.0,0.0,0.2868,0.0,0.0,0.0,2019-11-22
35,170,cha170,0.0,0.04485,0.0,0.0,0.04485,0.0,0.0,0.0,2019-11-22
36,171,cha171,0.0,0.03499,0.0,0.0,0.03499,0.0,0.0,0.0,2019-11-22
37,173,cha173,0.0,0.09559,0.0,0.0,0.09559,0.0,0.0,0.0,2019-11-22
1,29,cha029,0.0,0.0,0.0,0.0,0.0,0.0,0.0,0.0,2019-11-23
2,35,cha035,0.0,0.0,0.0,0.0,0.0,0.0,0.0,0.0,2019-11-23
3,37,cha037,0.0,0.0,0.0,0.0,0.0,0.0,0.0,0.0,2019-11-23
4,38,cha038,0.0,0.03445,0.0,0.0,0.03445,0.0,0.0,0.0,2019-11-23
5,39,cha039,0.0,0.0,0.0,0.0,0.0,0.0,0.0,0.0,2019-11-23
6,41,cha041,0.0,0.0,0.0,0.0,0.0,0.0,0.0,0.0,2019-11-23
7,43,cha043,0.0,0.0,0.0,0.0,0.0,0.0,0.0,0.0,2019-11-23
8,44,cha044,0.0,0.0,0.0,0.0,0.0,0.0,0.0,0.0,2019-11-23
9,45,cha045,0.0,0.0,0.0,0.0,0.0,0.0,0.0,0.0,2019-11-23
10,50,cha050,0.0,0.0,0.0,0.0,0.0,0.0,0.0,0.0,2019-11-23
11,51,cha051,0.0,0.0,0.0,0.0,0.0,0.0,0.0,0.0,2019-11-23
12,54,cha054,0.0,0.0,0.0,0.0,0.0,0.0,0.0,0.0,2019-11-23
13,57,cha057,0.0,0.1576,0.0,0.0,0.1576,0.0,0.0,0.0,2019-11-23
14,59,cha059,0.0,0.0,0.0,0.0,0.0,0.0,0.0,0.0,2019-11-23
15,64,cha064,0.0,0.1672,0.0,0.0,0.1672,0.0,0.0,0.0,2019-11-23
16,66,cha066,0.0,0.0,0.0,0.0,0.0,0.0,0.0,0.0,2019-11-23
17,70,cha070,0.0,0.0,0.0,0.0,0.0,0.0,0.0,0.0,2019-11-23
18,71,cha071,0.0,0.0,0.0,0.0,0.0,0.0,0.0,0.0,2019-11-23
19,74,cha074,0.0,0.0,0.0,0.0,0.0,0.0,0.0,0.0,2019-11-23
20,138,cha138,0.0,0.8738,0.0,0.0,0.8738,0.0,0.0,0.0,2019-11-23
21,141,cha141,0.0,0.576,0.0,0.0,0.576,0.0,0.0,0.0,2019-11-23
22,142,cha142,0.0,0.07388,0.0,0.0,0.07388,0.0,0.0,0.0,2019-11-23
23,146,cha146,0.0,0.2036,0.0,0.0,0.2036,0.0,0.0,0.0,2019-11-23
24,148,cha148,0.0,0.5961,0.0,0.0,0.5961,0.0,0.0,0.0,2019-11-23
25,153,cha153,0.0,2.121,0.0,0.0,2.121,0.0,0.0,0.0,2019-11-23
26,155,cha155,0.0,0.8596,0.0,0.0,0.8596,0.0,0.0,0.0,2019-11-23
27,158,cha158,0.0,0.4234,0.0,0.0,0.4234,0.0,0.0,0.0,2019-11-23
28,161,cha161,0.0,0.837,0.0,0.0,0.837,0.0,0.0,0.0,2019-11-23
29,162,cha162,0.0,0.0835,0.0,0.0,0.0835,0.0,0.0,0.0,2019-11-23
30,165,cha165,0.0,0.1824,0.0,0.0,0.1824,0.0,0.0,0.0,2019-11-23
31,166,cha166,0.0,0.01413,0.0,0.0,0.01413,0.0,0.0,0.0,2019-11-23
32,167,cha167,0.0,0.6536,0.0,0.0,0.6536,0.0,0.0,0.0,2019-11-23
33,168,cha168,0.0,0.001913,0.0,0.0,0.001913,0.0,0.0,0.0,2019-11-23
34,169,cha169,0.0,0.1747,0.0,0.0,0.1747,0.0,0.0,0.0,2019-11-23
35,170,cha170,0.0,0.02527,0.0,0.0,0.02527,0.0,0.0,0.0,2019-11-23
36,171,cha171,0.0,0.01973,0.0,0.0,0.01973,0.0,0.0,0.0,2019-11-23
37,173,cha173,0.0,0.06918,0.0,0.0,0.06918,0.0,0.0,0.0,2019-11-23
1,29,cha029,0.0,0.0,0.0,0.0,0.0,0.0,0.0,0.0,2019-11-24
2,35,cha035,0.0,0.0,0.0,0.0,0.0,0.0,0.0,0.0,2019-11-24
3,37,cha037,0.0,0.0,0.0,0.0,0.0,0.0,0.0,0.0,2019-11-24
4,38,cha038,0.0,0.0349,0.0,0.0,0.0349,0.0,0.0,0.0,2019-11-24
5,39,cha039,0.0,0.0,0.0,0.0,0.0,0.0,0.0,0.0,2019-11-24
6,41,cha041,0.0,0.0,0.0,0.0,0.0,0.0,0.0,0.0,2019-11-24
7,43,cha043,0.0,0.0,0.0,0.0,0.0,0.0,0.0,0.0,2019-11-24
8,44,cha044,0.0,0.0,0.0,0.0,0.0,0.0,0.0,0.0,2019-11-24
9,45,cha045,0.0,0.0,0.0,0.0,0.0,0.0,0.0,0.0,2019-11-24
10,50,cha050,0.0,0.0,0.0,0.0,0.0,0.0,0.0,0.0,2019-11-24
11,51,cha051,0.0,0.0,0.0,0.0,0.0,0.0,0.0,0.0,2019-11-24
12,54,cha054,0.0,0.0,0.0,0.0,0.0,0.0,0.0,0.0,2019-11-24
13,57,cha057,0.0,0.1551,0.0,0.0,0.1551,0.0,0.0,0.0,2019-11-24
14,59,cha059,0.0,0.0,0.0,0.0,0.0,0.0,0.0,0.0,2019-11-24
15,64,cha064,0.0,0.1649,0.0,0.0,0.1649,0.0,0.0,0.0,2019-11-24
16,66,cha066,0.0,0.0,0.0,0.0,0.0,0.0,0.0,0.0,2019-11-24
17,70,cha070,0.0,0.0,0.0,0.0,0.0,0.0,0.0,0.0,2019-11-24
18,71,cha071,0.0,0.0,0.0,0.0,0.0,0.0,0.0,0.0,2019-11-24
19,74,cha074,0.0,0.0,0.0,0.0,0.0,0.0,0.0,0.0,2019-11-24
20,138,cha138,0.0,0.6031,0.0,0.0,0.6031,0.0,0.0,0.0,2019-11-24
21,141,cha141,0.0,0.3443,0.0,0.0,0.3443,0.0,0.0,0.0,2019-11-24
22,142,cha142,0.0,0.03894,0.0,0.0,0.03894,0.0,0.0,0.0,2019-11-24
23,146,cha146,0.0,0.1115,0.0,0.0,0.1115,0.0,0.0,0.0,2019-11-24
24,148,cha148,0.0,0.3535,0.0,0.0,0.3535,0.0,0.0,0.0,2019-11-24
25,153,cha153,0.0,1.69,0.0,0.0,1.69,0.0,0.0,0.0,2019-11-24
26,155,cha155,0.0,0.5429,0.0,0.0,0.5429,0.0,0.0,0.0,2019-11-24
27,158,cha158,0.0,0.252,0.0,0.0,0.252,0.0,0.0,0.0,2019-11-24
28,161,cha161,0.0,0.5213,0.0,0.0,0.5213,0.0,0.0,0.0,2019-11-24
29,162,cha162,0.0,0.04386,0.0,0.0,0.04386,0.0,0.0,0.0,2019-11-24
30,165,cha165,0.0,0.1187,0.0,0.0,0.1187,0.0,0.0,0.0,2019-11-24
31,166,cha166,0.0,0.00851,0.0,0.0,0.00851,0.0,0.0,0.0,2019-11-24
32,167,cha167,0.0,0.4216,0.0,0.0,0.4216,0.0,0.0,0.0,2019-11-24
33,168,cha168,0.0,0.001164,0.0,0.0,0.001164,0.0,0.0,0.0,2019-11-24
34,169,cha169,0.0,0.1138,0.0,0.0,0.1138,0.0,0.0,0.0,2019-11-24
35,170,cha170,0.0,0.01493,0.0,0.0,0.01493,0.0,0.0,0.0,2019-11-24
36,171,cha171,0.0,0.01154,0.0,0.0,0.01154,0.0,0.0,0.0,2019-11-24
37,173,cha173,0.0,0.05549,0.0,0.0,0.05549,0.0,0.0,0.0,2019-11-24
1,29,cha029,0.0,0.0,0.0,0.0,0.0,0.0,0.0,0.0,2019-11-25
2,35,cha035,0.0,0.0,0.0,0.0,0.0,0.0,0.0,0.0,2019-11-25
3,37,cha037,0.0,0.0,0.0,0.0,0.0,0.0,0.0,0.0,2019-11-25
4,38,cha038,0.0,0.03533,0.0,0.0,0.03533,0.0,0.0,0.0,2019-11-25
5,39,cha039,0.0,0.0,0.0,0.0,0.0,0.0,0.0,0.0,2019-11-25
6,41,cha041,0.0,0.0,0.0,0.0,0.0,0.0,0.0,0.0,2019-11-25
7,43,cha043,0.0,0.0,0.0,0.0,0.0,0.0,0.0,0.0,2019-11-25
8,44,cha044,0.0,0.0,0.0,0.0,0.0,0.0,0.0,0.0,2019-11-25
9,45,cha045,0.0,0.0,0.0,0.0,0.0,0.0,0.0,0.0,2019-11-25
10,50,cha050,0.0,0.0,0.0,0.0,0.0,0.0,0.0,0.0,2019-11-25
11,51,cha051,0.0,0.0,0.0,0.0,0.0,0.0,0.0,0.0,2019-11-25
12,54,cha054,0.0,0.0,0.0,0.0,0.0,0.0,0.0,0.0,2019-11-25
13,57,cha057,0.0,0.1527,0.0,0.0,0.1527,0.0,0.0,0.0,2019-11-25
14,59,cha059,0.0,0.0,0.0,0.0,0.0,0.0,0.0,0.0,2019-11-25
15,64,cha064,0.0,0.1624,0.0,0.0,0.1624,0.0,0.0,0.0,2019-11-25
16,66,cha066,0.0,0.0,0.0,0.0,0.0,0.0,0.0,0.0,2019-11-25
17,70,cha070,0.0,0.0,0.0,0.0,0.0,0.0,0.0,0.0,2019-11-25
18,71,cha071,0.0,0.0,0.0,0.0,0.0,0.0,0.0,0.0,2019-11-25
19,74,cha074,0.0,0.0,0.0,0.0,0.0,0.0,0.0,0.0,2019-11-25
20,138,cha138,0.0,0.4449,0.0,0.0,0.4449,0.0,0.0,0.0,2019-11-25
21,141,cha141,0.0,0.2072,0.0,0.0,0.2072,0.0,0.0,0.0,2019-11-25
22,142,cha142,0.0,0.02059,0.0,0.0,0.02059,0.0,0.0,0.0,2019-11-25
23,146,cha146,0.0,0.06141,0.0,0.0,0.06141,0.0,0.0,0.0,2019-11-25
24,148,cha148,0.0,0.2119,0.0,0.0,0.2119,0.0,0.0,0.0,2019-11-25
25,153,cha153,0.0,1.445,0.0,0.0,1.445,0.0,0.0,0.0,2019-11-25
26,155,cha155,0.0,0.3735,0.0,0.0,0.3735,0.0,0.0,0.0,2019-11-25
27,158,cha158,0.0,0.1586,0.0,0.0,0.1586,0.0,0.0,0.0,2019-11-25
28,161,cha161,0.0,0.3515,0.0,0.0,0.3515,0.0,0.0,0.0,2019-11-25
29,162,cha162,0.0,0.02316,0.0,0.0,0.02316,0.0,0.0,0.0,2019-11-25
30,165,cha165,0.0,0.08432,0.0,0.0,0.08432,0.0,0.0,0.0,2019-11-25
31,166,cha166,0.0,0.005372,0.0,0.0,0.005372,0.0,0.0,0.0,2019-11-25
32,167,cha167,0.0,0.296,0.0,0.0,0.296,0.0,0.0,0.0,2019-11-25
33,168,cha168,0.0,0.0008117,0.0,0.0,0.0008117,0.0,0.0,0.0,2019-11-25
34,169,cha169,0.0,0.08086,0.0,0.0,0.08086,0.0,0.0,0.0,2019-11-25
35,170,cha170,0.0,0.009436,0.0,0.0,0.009436,0.0,0.0,0.0,2019-11-25
36,171,cha171,0.0,0.007133,0.0,0.0,0.007133,0.0,0.0,0.0,2019-11-25
37,173,cha173,0.0,0.04847,0.0,0.0,0.04847,0.0,0.0,0.0,2019-11-25
1,29,cha029,0.0,0.0,0.0,0.0,0.0,0.0,0.0,0.0,2019-11-26
2,35,cha035,0.0,0.0,0.0,0.0,0.0,0.0,0.0,0.0,2019-11-26
3,37,cha037,0.0,0.0,0.0,0.0,0.0,0.0,0.0,0.0,2019-11-26
4,38,cha038,0.0,0.03574,0.0,0.0,0.03574,0.0,0.0,0.0,2019-11-26
5,39,cha039,0.0,0.0,0.0,0.0,0.0,0.0,0.0,0.0,2019-11-26
6,41,cha041,0.0,0.0,0.0,0.0,0.0,0.0,0.0,0.0,2019-11-26
7,43,cha043,0.0,0.0,0.0,0.0,0.0,0.0,0.0,0.0,2019-11-26
8,44,cha044,0.0,0.0,0.0,0.0,0.0,0.0,0.0,0.0,2019-11-26
9,45,cha045,0.0,0.0,0.0,0.0,0.0,0.0,0.0,0.0,2019-11-26
10,50,cha050,0.0,0.0,0.0,0.0,0.0,0.0,0.0,0.0,2019-11-26
11,51,cha051,0.0,0.0,0.0,0.0,0.0,0.0,0.0,0.0,2019-11-26
12,54,cha054,0.0,0.0,0.0,0.0,0.0,0.0,0.0,0.0,2019-11-26
13,57,cha057,0.0,0.1501,0.0,0.0,0.1501,0.0,0.0,0.0,2019-11-26
14,59,cha059,0.0,0.0,0.0,0.0,0.0,0.0,0.0,0.0,2019-11-26
15,64,cha064,0.0,0.1599,0.0,0.0,0.1599,0.0,0.0,0.0,2019-11-26
16,66,cha066,0.0,0.0,0.0,0.0,0.0,0.0,0.0,0.0,2019-11-26
17,70,cha070,0.0,0.0,0.0,0.0,0.0,0.0,0.0,0.0,2019-11-26
18,71,cha071,0.0,0.0,0.0,0.0,0.0,0.0,0.0,0.0,2019-11-26
19,74,cha074,0.0,0.0,0.0,0.0,0.0,0.0,0.0,0.0,2019-11-26
20,138,cha138,0.0,0.3508,0.0,0.0,0.3508,0.0,0.0,0.0,2019-11-26
21,141,cha141,0.0,0.1258,0.0,0.0,0.1258,0.0,0.0,0.0,2019-11-26
22,142,cha142,0.0,0.01096,0.0,0.0,0.01096,0.0,0.0,0.0,2019-11-26
23,146,cha146,0.0,0.03411,0.0,0.0,0.03411,0.0,0.0,0.0,2019-11-26
24,148,cha148,0.0,0.1286,0.0,0.0,0.1286,0.0,0.0,0.0,2019-11-26
25,153,cha153,0.0,1.302,0.0,0.0,1.302,0.0,0.0,0.0,2019-11-26
26,155,cha155,0.0,0.2822,0.0,0.0,0.2822,0.0,0.0,0.0,2019-11-26
27,158,cha158,0.0,0.1076,0.0,0.0,0.1076,0.0,0.0,0.0,2019-11-26
28,161,cha161,0.0,0.2593,0.0,0.0,0.2593,0.0,0.0,0.0,2019-11-26
29,162,cha162,0.0,0.01235,0.0,0.0,0.01235,0.0,0.0,0.0,2019-11-26
30,165,cha165,0.0,0.06578,0.0,0.0,0.06578,0.0,0.0,0.0,2019-11-26
31,166,cha166,0.0,0.003621,0.0,0.0,0.003621,0.0,0.0,0.0,2019-11-26
32,167,cha167,0.0,0.2276,0.0,0.0,0.2276,0.0,0.0,0.0,2019-11-26
33,168,cha168,0.0,0.0006457,0.0,0.0,0.0006457,0.0,0.0,0.0,2019-11-26
34,169,cha169,0.0,0.06304,0.0,0.0,0.06304,0.0,0.0,0.0,2019-11-26
35,170,cha170,0.0,0.006513,0.0,0.0,0.006513,0.0,0.0,0.0,2019-11-26
36,171,cha171,0.0,0.004748,0.0,0.0,0.004748,0.0,0.0,0.0,2019-11-26
37,173,cha173,0.0,0.04493,0.0,0.0,0.04493,0.0,0.0,0.0,2019-11-26
1,29,cha029,0.0,0.0,0.0,0.0,0.0,0.0,0.0,0.0,2019-11-27
2,35,cha035,0.0,0.0,0.0,0.0,0.0,0.0,0.0,0.0,2019-11-27
3,37,cha037,0.0,0.0,0.0,0.0,0.0,0.0,0.0,0.0,2019-11-27
4,38,cha038,0.0,0.03615,0.0,0.0,0.03615,0.0,0.0,0.0,2019-11-27
5,39,cha039,0.0,0.0,0.0,0.0,0.0,0.0,0.0,0.0,2019-11-27
6,41,cha041,0.0,0.0,0.0,0.0,0.0,0.0,0.0,0.0,2019-11-27
7,43,cha043,0.0,0.0,0.0,0.0,0.0,0.0,0.0,0.0,2019-11-27
8,44,cha044,0.0,0.0,0.0,0.0,0.0,0.0,0.0,0.0,2019-11-27
9,45,cha045,0.0,0.0,0.0,0.0,0.0,0.0,0.0,0.0,2019-11-27
10,50,cha050,0.0,0.0,0.0,0.0,0.0,0.0,0.0,0.0,2019-11-27
11,51,cha051,0.0,0.0,0.0,0.0,0.0,0.0,0.0,0.0,2019-11-27
12,54,cha054,0.0,0.0,0.0,0.0,0.0,0.0,0.0,0.0,2019-11-27
13,57,cha057,0.0,0.1476,0.0,0.0,0.1476,0.0,0.0,0.0,2019-11-27
14,59,cha059,0.0,0.0,0.0,0.0,0.0,0.0,0.0,0.0,2019-11-27
15,64,cha064,0.0,0.1574,0.0,0.0,0.1574,0.0,0.0,0.0,2019-11-27
16,66,cha066,0.0,0.0,0.0,0.0,0.0,0.0,0.0,0.0,2019-11-27
17,70,cha070,0.0,0.0,0.0,0.0,0.0,0.0,0.0,0.0,2019-11-27
18,71,cha071,0.0,0.0,0.0,0.0,0.0,0.0,0.0,0.0,2019-11-27
19,74,cha074,0.0,0.0,0.0,0.0,0.0,0.0,0.0,0.0,2019-11-27
20,138,cha138,0.0,0.2939,0.0,0.0,0.2939,0.0,0.0,0.0,2019-11-27
21,141,cha141,0.0,0.07713,0.0,0.0,0.07713,0.0,0.0,0.0,2019-11-27
22,142,cha142,0.0,0.005899,0.0,0.0,0.005899,0.0,0.0,0.0,2019-11-27
23,146,cha146,0.0,0.01921,0.0,0.0,0.01921,0.0,0.0,0.0,2019-11-27
24,148,cha148,0.0,0.07906,0.0,0.0,0.07906,0.0,0.0,0.0,2019-11-27
25,153,cha153,0.0,1.216,0.0,0.0,1.216,0.0,0.0,0.0,2019-11-27
26,155,cha155,0.0,0.2327,0.0,0.0,0.2327,0.0,0.0,0.0,2019-11-27
27,158,cha158,0.0,0.07995,0.0,0.0,0.07995,0.0,0.0,0.0,2019-11-27
28,161,cha161,0.0,0.2087,0.0,0.0,0.2087,0.0,0.0,0.0,2019-11-27
29,162,cha162,0.0,0.006709,0.0,0.0,0.006709,0.0,0.0,0.0,2019-11-27
30,165,cha165,0.0,0.05588,0.0,0.0,0.05588,0.0,0.0,0.0,2019-11-27
31,166,cha166,0.0,0.002646,0.0,0.0,0.002646,0.0,0.0,0.0,2019-11-27
32,167,cha167,0.0,0.1899,0.0,0.0,0.1899,0.0,0.0,0.0,2019-11-27
33,168,cha168,0.0,0.0005678,0.0,0.0,0.0005678,0.0,0.0,0.0,2019-11-27
34,169,cha169,0.0,0.0535,0.0,0.0,0.0535,0.0,0.0,0.0,2019-11-27
35,170,cha170,0.0,0.004951,0.0,0.0,0.004951,0.0,0.0,0.0,2019-11-27
36,171,cha171,0.0,0.003455,0.0,0.0,0.003455,0.0,0.0,0.0,2019-11-27
37,173,cha173,0.0,0.04325,0.0,0.0,0.04325,0.0,0.0,0.0,2019-11-27
1,29,cha029,0.0,0.0,0.0,0.0,0.0,0.0,0.0,0.0,2019-11-28
2,35,cha035,0.0,0.0,0.0,0.0,0.0,0.0,0.0,0.0,2019-11-28
3,37,cha037,0.0,0.0,0.0,0.0,0.0,0.0,0.0,0.0,2019-11-28
4,38,cha038,0.0,0.03654,0.0,0.0,0.03654,0.0,0.0,0.0,2019-11-28
5,39,cha039,0.0,0.0,0.0,0.0,0.0,0.0,0.0,0.0,2019-11-28
6,41,cha041,0.0,0.0,0.0,0.0,0.0,0.0,0.0,0.0,2019-11-28
7,43,cha043,0.0,0.0,0.0,0.0,0.0,0.0,0.0,0.0,2019-11-28
8,44,cha044,0.0,0.0,0.0,0.0,0.0,0.0,0.0,0.0,2019-11-28
9,45,cha045,0.0,0.0,0.0,0.0,0.0,0.0,0.0,0.0,2019-11-28
10,50,cha050,0.0,0.0,0.0,0.0,0.0,0.0,0.0,0.0,2019-11-28
11,51,cha051,0.0,0.0,0.0,0.0,0.0,0.0,0.0,0.0,2019-11-28
12,54,cha054,0.0,0.0,0.0,0.0,0.0,0.0,0.0,0.0,2019-11-28
13,57,cha057,0.0,0.145,0.0,0.0,0.145,0.0,0.0,0.0,2019-11-28
14,59,cha059,0.0,0.0,0.0,0.0,0.0,0.0,0.0,0.0,2019-11-28
15,64,cha064,0.0,0.1548,0.0,0.0,0.1548,0.0,0.0,0.0,2019-11-28
16,66,cha066,0.0,0.0,0.0,0.0,0.0,0.0,0.0,0.0,2019-11-28
17,70,cha070,0.0,0.0,0.0,0.0,0.0,0.0,0.0,0.0,2019-11-28
18,71,cha071,0.0,0.0,0.0,0.0,0.0,0.0,0.0,0.0,2019-11-28
19,74,cha074,0.0,0.0,0.0,0.0,0.0,0.0,0.0,0.0,2019-11-28
20,138,cha138,0.0,0.2586,0.0,0.0,0.2586,0.0,0.0,0.0,2019-11-28
21,141,cha141,0.0,0.04798,0.0,0.0,0.04798,0.0,0.0,0.0,2019-11-28
22,142,cha142,0.0,0.003244,0.0,0.0,0.003244,0.0,0.0,0.0,2019-11-28
23,146,cha146,0.0,0.01108,0.0,0.0,0.01108,0.0,0.0,0.0,2019-11-28
24,148,cha148,0.0,0.04951,0.0,0.0,0.04951,0.0,0.0,0.0,2019-11-28
25,153,cha153,0.0,1.161,0.0,0.0,1.161,0.0,0.0,0.0,2019-11-28
26,155,cha155,0.0,0.2057,0.0,0.0,0.2057,0.0,0.0,0.0,2019-11-28
27,158,cha158,0.0,0.06493,0.0,0.0,0.06493,0.0,0.0,0.0,2019-11-28
28,161,cha161,0.0,0.1805,0.0,0.0,0.1805,0.0,0.0,0.0,2019-11-28
29,162,cha162,0.0,0.003763,0.0,0.0,0.003763,0.0,0.0,0.0,2019-11-28
30,165,cha165,0.0,0.05065,0.0,0.0,0.05065,0.0,0.0,0.0,2019-11-28
31,166,cha166,0.0,0.002102,0.0,0.0,0.002102,0.0,0.0,0.0,2019-11-28
32,167,cha167,0.0,0.1689,0.0,0.0,0.1689,0.0,0.0,0.0,2019-11-28
33,168,cha168,0.0,0.0005315,0.0,0.0,0.0005315,0.0,0.0,0.0,2019-11-28
34,169,cha169,0.0,0.04845,0.0,0.0,0.04845,0.0,0.0,0.0,2019-11-28
35,170,cha170,0.0,0.004115,0.0,0.0,0.004115,0.0,0.0,0.0,2019-11-28
36,171,cha171,0.0,0.002752,0.0,0.0,0.002752,0.0,0.0,0.0,2019-11-28
37,173,cha173,0.0,0.04252,0.0,0.0,0.04252,0.0,0.0,0.0,2019-11-28
1,29,cha029,0.0,0.0,0.0,0.0,0.0,0.0,0.0,0.0,2019-11-29
2,35,cha035,0.0,0.0,0.0,0.0,0.0,0.0,0.0,0.0,2019-11-29
3,37,cha037,0.0,0.0,0.0,0.0,0.0,0.0,0.0,0.0,2019-11-29
4,38,cha038,0.0,0.0369,0.0,0.0,0.0369,0.0,0.0,0.0,2019-11-29
5,39,cha039,0.0,0.0,0.0,0.0,0.0,0.0,0.0,0.0,2019-11-29
6,41,cha041,0.0,0.0,0.0,0.0,0.0,0.0,0.0,0.0,2019-11-29
7,43,cha043,0.0,0.0,0.0,0.0,0.0,0.0,0.0,0.0,2019-11-29
8,44,cha044,0.0,0.0,0.0,0.0,0.0,0.0,0.0,0.0,2019-11-29
9,45,cha045,0.0,0.0,0.0,0.0,0.0,0.0,0.0,0.0,2019-11-29
10,50,cha050,0.0,0.0,0.0,0.0,0.0,0.0,0.0,0.0,2019-11-29
11,51,cha051,0.0,0.0,0.0,0.0,0.0,0.0,0.0,0.0,2019-11-29
12,54,cha054,0.0,0.0,0.0,0.0,0.0,0.0,0.0,0.0,2019-11-29
13,57,cha057,0.0,0.1424,0.0,0.0,0.1424,0.0,0.0,0.0,2019-11-29
14,59,cha059,0.0,0.0,0.0,0.0,0.0,0.0,0.0,0.0,2019-11-29
15,64,cha064,0.0,0.1522,0.0,0.0,0.1522,0.0,0.0,0.0,2019-11-29
16,66,cha066,0.0,0.0,0.0,0.0,0.0,0.0,0.0,0.0,2019-11-29
17,70,cha070,0.0,0.0,0.0,0.0,0.0,0.0,0.0,0.0,2019-11-29
18,71,cha071,0.0,0.0,0.0,0.0,0.0,0.0,0.0,0.0,2019-11-29
19,74,cha074,0.0,0.0,0.0,0.0,0.0,0.0,0.0,0.0,2019-11-29
20,138,cha138,0.0,0.236,0.0,0.0,0.236,0.0,0.0,0.0,2019-11-29
21,141,cha141,0.0,0.03044,0.0,0.0,0.03044,0.0,0.0,0.0,2019-11-29
22,142,cha142,0.0,0.00185,0.0,0.0,0.00185,0.0,0.0,0.0,2019-11-29
23,146,cha146,0.0,0.006642,0.0,0.0,0.006642,0.0,0.0,0.0,2019-11-29
24,148,cha148,0.0,0.03178,0.0,0.0,0.03178,0.0,0.0,0.0,2019-11-29
25,153,cha153,0.0,1.129,0.0,0.0,1.129,0.0,0.0,0.0,2019-11-29
26,155,cha155,0.0,0.1972,0.0,0.0,0.1972,0.0,0.0,0.0,2019-11-29
27,158,cha158,0.0,0.06314,0.0,0.0,0.06314,0.0,0.0,0.0,2019-11-29
28,161,cha161,0.0,0.1707,0.0,0.0,0.1707,0.0,0.0,0.0,2019-11-29
29,162,cha162,0.0,0.002225,0.0,0.0,0.002225,0.0,0.0,0.0,2019-11-29
30,165,cha165,0.0,0.05425,0.0,0.0,0.05425,0.0,0.0,0.0,2019-11-29
31,166,cha166,0.0,0.0018,0.0,0.0,0.0018,0.0,0.0,0.0,2019-11-29
32,167,cha167,0.0,0.1631,0.0,0.0,0.1631,0.0,0.0,0.0,2019-11-29
33,168,cha168,0.0,0.0005147,0.0,0.0,0.0005147,0.0,0.0,0.0,2019-11-29
34,169,cha169,0.0,0.05214,0.0,0.0,0.05214,0.0,0.0,0.0,2019-11-29
35,170,cha170,0.0,0.007528,0.0,0.0,0.007528,0.0,0.0,0.0,2019-11-29
36,171,cha171,0.0,0.002886,0.0,0.0,0.002886,0.0,0.0,0.0,2019-11-29
37,173,cha173,0.0,0.04616,0.0,0.0,0.04616,0.0,0.0,0.0,2019-11-29
1,29,cha029,0.0,0.0,0.0,0.0,0.0,0.0,0.0,0.0,2019-11-30
2,35,cha035,0.0,0.0,0.0,0.0,0.0,0.0,0.0,0.0,2019-11-30
3,37,cha037,0.0,0.0,0.0,0.0,0.0,0.0,0.0,0.0,2019-11-30
4,38,cha038,0.0,0.03725,0.0,0.0,0.03725,0.0,0.0,0.0,2019-11-30
5,39,cha039,0.0,0.0,0.0,0.0,0.0,0.0,0.0,0.0,2019-11-30
6,41,cha041,0.0,0.0,0.0,0.0,0.0,0.0,0.0,0.0,2019-11-30
7,43,cha043,0.0,0.0,0.0,0.0,0.0,0.0,0.0,0.0,2019-11-30
8,44,cha044,0.0,0.0,0.0,0.0,0.0,0.0,0.0,0.0,2019-11-30
9,45,cha045,0.0,0.0,0.0,0.0,0.0,0.0,0.0,0.0,2019-11-30
10,50,cha050,0.0,0.0,0.0,0.0,0.0,0.0,0.0,0.0,2019-11-30
11,51,cha051,0.0,0.0,0.0,0.0,0.0,0.0,0.0,0.0,2019-11-30
12,54,cha054,0.0,0.0,0.0,0.0,0.0,0.0,0.0,0.0,2019-11-30
13,57,cha057,0.0,0.1397,0.0,0.0,0.1397,0.0,0.0,0.0,2019-11-30
14,59,cha059,0.0,0.0,0.0,0.0,0.0,0.0,0.0,0.0,2019-11-30
15,64,cha064,0.0,0.1495,0.0,0.0,0.1495,0.0,0.0,0.0,2019-11-30
16,66,cha066,0.0,0.0,0.0,0.0,0.0,0.0,0.0,0.0,2019-11-30
17,70,cha070,0.0,0.0,0.0,0.0,0.0,0.0,0.0,0.0,2019-11-30
18,71,cha071,0.0,0.0,0.0,0.0,0.0,0.0,0.0,0.0,2019-11-30
19,74,cha074,0.0,0.0,0.0,0.0,0.0,0.0,0.0,0.0,2019-11-30
20,138,cha138,0.0,0.2211,0.0,0.0,0.2211,0.0,0.0,0.0,2019-11-30
21,141,cha141,0.0,0.01986,0.0,0.0,0.01986,0.0,0.0,0.0,2019-11-30
22,142,cha142,0.0,0.001118,0.0,0.0,0.001118,0.0,0.0,0.0,2019-11-30
23,146,cha146,0.0,0.004214,0.0,0.0,0.004214,0.0,0.0,0.0,2019-11-30
24,148,cha148,0.0,0.0211,0.0,0.0,0.0211,0.0,0.0,0.0,2019-11-30
25,153,cha153,0.0,2.185,0.0,0.0,2.185,0.0,0.0,0.0,2019-11-30
26,155,cha155,0.0,1.271,0.0,0.0,1.271,0.0,0.0,0.0,2019-11-30
27,158,cha158,0.0,1.141,0.0,0.0,1.141,0.0,0.0,0.0,2019-11-30
28,161,cha161,0.0,1.244,0.0,0.0,1.244,0.0,0.0,0.0,2019-11-30
29,162,cha162,0.0,0.001422,0.0,0.0,0.001422,0.0,0.0,0.0,2019-11-30
30,165,cha165,0.0,1.135,0.0,0.0,1.135,0.0,0.0,0.0,2019-11-30
31,166,cha166,0.0,0.02604,0.0,0.0,0.02604,0.0,0.0,0.0,2019-11-30
32,167,cha167,0.0,1.238,0.0,0.0,1.238,0.0,0.0,0.0,2019-11-30
33,168,cha168,0.0,0.0005071,0.0,0.0,0.0005071,0.0,0.0,0.0,2019-11-30
34,169,cha169,0.0,1.133,0.0,0.0,1.133,0.0,0.0,0.0,2019-11-30
35,170,cha170,0.0,1.073,0.0,0.0,1.073,0.0,0.0,0.0,2019-11-30
36,171,cha171,0.0,1.051,0.0,0.0,1.051,0.0,0.0,0.0,2019-11-30
37,173,cha173,0.0,1.13,0.0,0.0,1.13,0.0,0.0,0.0,2019-11-30
1,29,cha029,0.0,0.0,0.0,0.0,0.0,0.0,0.0,0.0,2019-12-01
2,35,cha035,0.0,0.0,0.0,0.0,0.0,0.0,0.0,0.0,2019-12-01
3,37,cha037,0.0,0.0,0.0,0.0,0.0,0.0,0.0,0.0,2019-12-01
4,38,cha038,0.0,0.03758,0.0,0.0,0.03758,0.0,0.0,0.0,2019-12-01
5,39,cha039,0.0,0.0,0.0,0.0,0.0,0.0,0.0,0.0,2019-12-01
6,41,cha041,0.0,0.0,0.0,0.0,0.0,0.0,0.0,0.0,2019-12-01
7,43,cha043,0.0,0.0,0.0,0.0,0.0,0.0,0.0,0.0,2019-12-01
8,44,cha044,0.0,0.0,0.0,0.0,0.0,0.0,0.0,0.0,2019-12-01
9,45,cha045,0.0,0.0,0.0,0.0,0.0,0.0,0.0,0.0,2019-12-01
10,50,cha050,0.0,0.0,0.0,0.0,0.0,0.0,0.0,0.0,2019-12-01
11,51,cha051,0.0,0.0,0.0,0.0,0.0,0.0,0.0,0.0,2019-12-01
12,54,cha054,0.0,0.0,0.0,0.0,0.0,0.0,0.0,0.0,2019-12-01
13,57,cha057,0.0,0.1371,0.0,0.0,0.1371,0.0,0.0,0.0,2019-12-01
14,59,cha059,0.0,0.0,0.0,0.0,0.0,0.0,0.0,0.0,2019-12-01
15,64,cha064,0.0,0.1468,0.0,0.0,0.1468,0.0,0.0,0.0,2019-12-01
16,66,cha066,0.0,0.0,0.0,0.0,0.0,0.0,0.0,0.0,2019-12-01
17,70,cha070,0.0,0.0,0.0,0.0,0.0,0.0,0.0,0.0,2019-12-01
18,71,cha071,0.0,0.0,0.0,0.0,0.0,0.0,0.0,0.0,2019-12-01
19,74,cha074,0.0,0.0,0.0,0.0,0.0,0.0,0.0,0.0,2019-12-01
20,138,cha138,0.0,0.2108,0.0,0.0,0.2108,0.0,0.0,0.0,2019-12-01
21,141,cha141,0.0,0.01345,0.0,0.0,0.01345,0.0,0.0,0.0,2019-12-01
22,142,cha142,0.0,0.0007344,0.0,0.0,0.0007344,0.0,0.0,0.0,2019-12-01
23,146,cha146,0.0,0.002885,0.0,0.0,0.002885,0.0,0.0,0.0,2019-12-01
24,148,cha148,0.0,0.01464,0.0,0.0,0.01464,0.0,0.0,0.0,2019-12-01
25,153,cha153,0.0,1.626,0.0,0.0,1.626,0.0,0.0,0.0,2019-12-01
26,155,cha155,0.0,0.7294,0.0,0.0,0.7294,0.0,0.0,0.0,2019-12-01
27,158,cha158,0.0,0.6018,0.0,0.0,0.6018,0.0,0.0,0.0,2019-12-01
28,161,cha161,0.0,0.7005,0.0,0.0,0.7005,0.0,0.0,0.0,2019-12-01
29,162,cha162,0.0,0.001003,0.0,0.0,0.001003,0.0,0.0,0.0,2019-12-01
30,165,cha165,0.0,0.5975,0.0,0.0,0.5975,0.0,0.0,0.0,2019-12-01
31,166,cha166,0.0,0.01517,0.0,0.0,0.01517,0.0,0.0,0.0,2019-12-01
32,167,cha167,0.0,0.6964,0.0,0.0,0.6964,0.0,0.0,0.0,2019-12-01
33,168,cha168,0.0,0.0005038,0.0,0.0,0.0005038,0.0,0.0,0.0,2019-12-01
34,169,cha169,0.0,0.5955,0.0,0.0,0.5955,0.0,0.0,0.0,2019-12-01
35,170,cha170,0.0,0.5448,0.0,0.0,0.5448,0.0,0.0,0.0,2019-12-01
36,171,cha171,0.0,0.5329,0.0,0.0,0.5329,0.0,0.0,0.0,2019-12-01
37,173,cha173,0.0,0.5932,0.0,0.0,0.5932,0.0,0.0,0.0,2019-12-01
1,29,cha029,0.0,0.0,0.0,0.0,0.0,0.0,0.0,0.0,2019-12-02
2,35,cha035,0.0,0.0,0.0,0.0,0.0,0.0,0.0,0.0,2019-12-02
3,37,cha037,0.0,0.0,0.0,0.0,0.0,0.0,0.0,0.0,2019-12-02
4,38,cha038,0.0,0.03763,0.0,0.0,0.03763,0.0,0.0,0.0,2019-12-02
5,39,cha039,0.0,0.0,0.0,0.0,0.0,0.0,0.0,0.0,2019-12-02
6,41,cha041,0.0,0.0,0.0,0.0,0.0,0.0,0.0,0.0,2019-12-02
7,43,cha043,0.0,0.0,0.0,0.0,0.0,0.0,0.0,0.0,2019-12-02
8,44,cha044,0.0,0.0,0.0,0.0,0.0,0.0,0.0,0.0,2019-12-02
9,45,cha045,0.0,0.0,0.0,0.0,0.0,0.0,0.0,0.0,2019-12-02
10,50,cha050,0.0,0.0,0.0,0.0,0.0,0.0,0.0,0.0,2019-12-02
11,51,cha051,0.0,0.0,0.0,0.0,0.0,0.0,0.0,0.0,2019-12-02
12,54,cha054,0.0,0.0,0.0,0.0,0.0,0.0,0.0,0.0,2019-12-02
13,57,cha057,0.0,0.1344,0.0,0.0,0.1344,0.0,0.0,0.0,2019-12-02
14,59,cha059,0.0,0.0,0.0,0.0,0.0,0.0,0.0,0.0,2019-12-02
15,64,cha064,0.0,0.1441,0.0,0.0,0.1441,0.0,0.0,0.0,2019-12-02
16,66,cha066,0.0,0.0,0.0,0.0,0.0,0.0,0.0,0.0,2019-12-02
17,70,cha070,0.0,0.0,0.0,0.0,0.0,0.0,0.0,0.0,2019-12-02
18,71,cha071,0.0,0.0,0.0,0.0,0.0,0.0,0.0,0.0,2019-12-02
19,74,cha074,0.0,0.0,0.0,0.0,0.0,0.0,0.0,0.0,2019-12-02
20,138,cha138,0.0,0.2031,0.0,0.0,0.2031,0.0,0.0,0.0,2019-12-02
21,141,cha141,0.0,0.009564,0.0,0.0,0.009564,0.0,0.0,0.0,2019-12-02
22,142,cha142,0.0,0.000533,0.0,0.0,0.000533,0.0,0.0,0.0,2019-12-02
23,146,cha146,0.0,0.002158,0.0,0.0,0.002158,0.0,0.0,0.0,2019-12-02
24,148,cha148,0.0,0.01073,0.0,0.0,0.01073,0.0,0.0,0.0,2019-12-02
25,153,cha153,0.0,1.335,0.0,0.0,1.335,0.0,0.0,0.0,2019-12-02
26,155,cha155,0.0,0.4544,0.0,0.0,0.4544,0.0,0.0,0.0,2019-12-02
27,158,cha158,0.0,0.3285,0.0,0.0,0.3285,0.0,0.0,0.0,2019-12-02
28,161,cha161,0.0,0.4244,0.0,0.0,0.4244,0.0,0.0,0.0,2019-12-02
29,162,cha162,0.0,0.000785,0.0,0.0,0.000785,0.0,0.0,0.0,2019-12-02
30,165,cha165,0.0,0.3251,0.0,0.0,0.3251,0.0,0.0,0.0,2019-12-02
31,166,cha166,0.0,0.009095,0.0,0.0,0.009095,0.0,0.0,0.0,2019-12-02
32,167,cha167,0.0,0.421,0.0,0.0,0.421,0.0,0.0,0.0,2019-12-02
33,168,cha168,0.0,0.0005025,0.0,0.0,0.0005025,0.0,0.0,0.0,2019-12-02
34,169,cha169,0.0,0.3231,0.0,0.0,0.3231,0.0,0.0,0.0,2019-12-02
35,170,cha170,0.0,0.2775,0.0,0.0,0.2775,0.0,0.0,0.0,2019-12-02
36,171,cha171,0.0,0.2709,0.0,0.0,0.2709,0.0,0.0,0.0,2019-12-02
37,173,cha173,0.0,0.3216,0.0,0.0,0.3216,0.0,0.0,0.0,2019-12-02
1,29,cha029,0.0,0.0,0.0,0.0,0.0,0.0,0.0,0.0,2019-12-03
2,35,cha035,0.0,0.0,0.0,0.0,0.0,0.0,0.0,0.0,2019-12-03
3,37,cha037,0.0,0.0,0.0,0.0,0.0,0.0,0.0,0.0,2019-12-03
4,38,cha038,0.0,0.03794,0.0,0.0,0.03794,0.0,0.0,0.0,2019-12-03
5,39,cha039,0.0,0.0,0.0,0.0,0.0,0.0,0.0,0.0,2019-12-03
6,41,cha041,0.0,0.0,0.0,0.0,0.0,0.0,0.0,0.0,2019-12-03
7,43,cha043,0.0,0.0,0.0,0.0,0.0,0.0,0.0,0.0,2019-12-03
8,44,cha044,0.0,0.0,0.0,0.0,0.0,0.0,0.0,0.0,2019-12-03
9,45,cha045,0.0,0.0,0.0,0.0,0.0,0.0,0.0,0.0,2019-12-03
10,50,cha050,0.0,0.0,0.0,0.0,0.0,0.0,0.0,0.0,2019-12-03
11,51,cha051,0.0,0.0,0.0,0.0,0.0,0.0,0.0,0.0,2019-12-03
12,54,cha054,0.0,0.0,0.0,0.0,0.0,0.0,0.0,0.0,2019-12-03
13,57,cha057,0.0,0.1318,0.0,0.0,0.1318,0.0,0.0,0.0,2019-12-03
14,59,cha059,0.0,0.0,0.0,0.0,0.0,0.0,0.0,0.0,2019-12-03
15,64,cha064,0.0,0.1414,0.0,0.0,0.1414,0.0,0.0,0.0,2019-12-03
16,66,cha066,0.0,0.0,0.0,0.0,0.0,0.0,0.0,0.0,2019-12-03
17,70,cha070,0.0,0.0,0.0,0.0,0.0,0.0,0.0,0.0,2019-12-03
18,71,cha071,0.0,0.0,0.0,0.0,0.0,0.0,0.0,0.0,2019-12-03
19,74,cha074,0.0,0.0,0.0,0.0,0.0,0.0,0.0,0.0,2019-12-03
20,138,cha138,0.0,0.1974,0.0,0.0,0.1974,0.0,0.0,0.0,2019-12-03
21,141,cha141,0.0,0.007585,0.0,0.0,0.007585,0.0,0.0,0.0,2019-12-03
22,142,cha142,0.0,0.0004273,0.0,0.0,0.0004273,0.0,0.0,0.0,2019-12-03
23,146,cha146,0.0,0.002149,0.0,0.0,0.002149,0.0,0.0,0.0,2019-12-03
24,148,cha148,0.0,0.008736,0.0,0.0,0.008736,0.0,0.0,0.0,2019-12-03
25,153,cha153,0.0,1.222,0.0,0.0,1.222,0.0,0.0,0.0,2019-12-03
26,155,cha155,0.0,0.3575,0.0,0.0,0.3575,0.0,0.0,0.0,2019-12-03
27,158,cha158,0.0,0.2328,0.0,0.0,0.2328,0.0,0.0,0.0,2019-12-03
28,161,cha161,0.0,0.3264,0.0,0.0,0.3264,0.0,0.0,0.0,2019-12-03
29,162,cha162,0.0,0.003112,0.0,0.0,0.003112,0.0,0.0,0.0,2019-12-03
30,165,cha165,0.0,0.2237,0.0,0.0,0.2237,0.0,0.0,0.0,2019-12-03
31,166,cha166,0.0,0.009963,0.0,0.0,0.009963,0.0,0.0,0.0,2019-12-03
32,167,cha167,0.0,0.3233,0.0,0.0,0.3233,0.0,0.0,0.0,2019-12-03
33,168,cha168,0.0,0.003373,0.0,0.0,0.003373,0.0,0.0,0.0,2019-12-03
34,169,cha169,0.0,0.2143,0.0,0.0,0.2143,0.0,0.0,0.0,2019-12-03
35,170,cha170,0.0,0.1613,0.0,0.0,0.1613,0.0,0.0,0.0,2019-12-03
36,171,cha171,0.0,0.1474,0.0,0.0,0.1474,0.0,0.0,0.0,2019-12-03
37,173,cha173,0.0,0.2122,0.0,0.0,0.2122,0.0,0.0,0.0,2019-12-03
1,29,cha029,0.0,0.0,0.0,0.0,0.0,0.0,0.0,0.0,2019-12-04
2,35,cha035,0.0,0.0,0.0,0.0,0.0,0.0,0.0,0.0,2019-12-04
3,37,cha037,0.0,0.0,0.0,0.0,0.0,0.0,0.0,0.0,2019-12-04
4,38,cha038,0.0,0.03822,0.0,0.0,0.03822,0.0,0.0,0.0,2019-12-04
5,39,cha039,0.0,0.0,0.0,0.0,0.0,0.0,0.0,0.0,2019-12-04
6,41,cha041,0.0,0.0,0.0,0.0,0.0,0.0,0.0,0.0,2019-12-04
7,43,cha043,0.0,0.0,0.0,0.0,0.0,0.0,0.0,0.0,2019-12-04
8,44,cha044,0.0,0.0,0.0,0.0,0.0,0.0,0.0,0.0,2019-12-04
9,45,cha045,0.0,0.0,0.0,0.0,0.0,0.0,0.0,0.0,2019-12-04
10,50,cha050,0.0,0.0,0.0,0.0,0.0,0.0,0.0,0.0,2019-12-04
11,51,cha051,0.0,0.0,0.0,0.0,0.0,0.0,0.0,0.0,2019-12-04
12,54,cha054,0.0,0.0,0.0,0.0,0.0,0.0,0.0,0.0,2019-12-04
13,57,cha057,0.0,0.1292,0.0,0.0,0.1292,0.0,0.0,0.0,2019-12-04
14,59,cha059,0.0,0.0,0.0,0.0,0.0,0.0,0.0,0.0,2019-12-04
15,64,cha064,0.0,0.1387,0.0,0.0,0.1387,0.0,0.0,0.0,2019-12-04
16,66,cha066,0.0,0.0,0.0,0.0,0.0,0.0,0.0,0.0,2019-12-04
17,70,cha070,0.0,0.0,0.0,0.0,0.0,0.0,0.0,0.0,2019-12-04
18,71,cha071,0.0,0.0,0.0,0.0,0.0,0.0,0.0,0.0,2019-12-04
19,74,cha074,0.0,0.0,0.0,0.0,0.0,0.0,0.0,0.0,2019-12-04
20,138,cha138,0.0,0.1921,0.0,0.0,0.1921,0.0,0.0,0.0,2019-12-04
21,141,cha141,0.0,0.005969,0.0,0.0,0.005969,0.0,0.0,0.0,2019-12-04
22,142,cha142,0.0,0.000372,0.0,0.0,0.000372,0.0,0.0,0.0,2019-12-04
23,146,cha146,0.0,0.001759,0.0,0.0,0.001759,0.0,0.0,0.0,2019-12-04
24,148,cha148,0.0,0.007114,0.0,0.0,0.007114,0.0,0.0,0.0,2019-12-04
25,153,cha153,0.0,1.114,0.0,0.0,1.114,0.0,0.0,0.0,2019-12-04
26,155,cha155,0.0,0.2653,0.0,0.0,0.2653,0.0,0.0,0.0,2019-12-04
27,158,cha158,0.0,0.1417,0.0,0.0,0.1417,0.0,0.0,0.0,2019-12-04
28,161,cha161,0.0,0.2332,0.0,0.0,0.2332,0.0,0.0,0.0,2019-12-04
29,162,cha162,0.0,0.001886,0.0,0.0,0.001886,0.0,0.0,0.0,2019-12-04
30,165,cha165,0.0,0.1357,0.0,0.0,0.1357,0.0,0.0,0.0,2019-12-04
31,166,cha166,0.0,0.006192,0.0,0.0,0.006192,0.0,0.0,0.0,2019-12-04
32,167,cha167,0.0,0.2303,0.0,0.0,0.2303,0.0,0.0,0.0,2019-12-04
33,168,cha168,0.0,0.001857,0.0,0.0,0.001857,0.0,0.0,0.0,2019-12-04
34,169,cha169,0.0,0.1302,0.0,0.0,0.1302,0.0,0.0,0.0,2019-12-04
35,170,cha170,0.0,0.08313,0.0,0.0,0.08313,0.0,0.0,0.0,2019-12-04
36,171,cha171,0.0,0.07562,0.0,0.0,0.07562,0.0,0.0,0.0,2019-12-04
37,173,cha173,0.0,0.1288,0.0,0.0,0.1288,0.0,0.0,0.0,2019-12-04
1,29,cha029,0.0,0.0,0.0,0.0,0.0,0.0,0.0,0.0,2019-12-05
2,35,cha035,0.0,0.0,0.0,0.0,0.0,0.0,0.0,0.0,2019-12-05
3,37,cha037,0.0,0.0,0.0,0.0,0.0,0.0,0.0,0.0,2019-12-05
4,38,cha038,0.0,0.03849,0.0,0.0,0.03849,0.0,0.0,0.0,2019-12-05
5,39,cha039,0.0,0.0,0.0,0.0,0.0,0.0,0.0,0.0,2019-12-05
6,41,cha041,0.0,0.0,0.0,0.0,0.0,0.0,0.0,0.0,2019-12-05
7,43,cha043,0.0,0.0,0.0,0.0,0.0,0.0,0.0,0.0,2019-12-05
8,44,cha044,0.0,0.0,0.0,0.0,0.0,0.0,0.0,0.0,2019-12-05
9,45,cha045,0.0,0.0,0.0,0.0,0.0,0.0,0.0,0.0,2019-12-05
10,50,cha050,0.0,0.0,0.0,0.0,0.0,0.0,0.0,0.0,2019-12-05
11,51,cha051,0.0,0.0,0.0,0.0,0.0,0.0,0.0,0.0,2019-12-05
12,54,cha054,0.0,0.0,0.0,0.0,0.0,0.0,0.0,0.0,2019-12-05
13,57,cha057,0.0,0.1294,0.0,0.0,0.1294,0.0,0.0,0.0,2019-12-05
14,59,cha059,0.0,0.0,0.0,0.0,0.0,0.0,0.0,0.0,2019-12-05
15,64,cha064,0.0,0.1394,0.0,0.0,0.1394,0.0,0.0,0.0,2019-12-05
16,66,cha066,0.0,0.0,0.0,0.0,0.0,0.0,0.0,0.0,2019-12-05
17,70,cha070,0.0,0.0,0.0,0.0,0.0,0.0,0.0,0.0,2019-12-05
18,71,cha071,0.0,0.0,0.0,0.0,0.0,0.0,0.0,0.0,2019-12-05
19,74,cha074,0.0,0.0,0.0,0.0,0.0,0.0,0.0,0.0,2019-12-05
20,138,cha138,0.0,0.1922,0.0,0.0,0.1922,0.0,0.0,0.0,2019-12-05
21,141,cha141,0.0,0.004992,0.0,0.0,0.004992,0.0,0.0,0.0,2019-12-05
22,142,cha142,0.0,0.0003431,0.0,0.0,0.0003431,0.0,0.0,0.0,2019-12-05
23,146,cha146,0.0,0.001545,0.0,0.0,0.001545,0.0,0.0,0.0,2019-12-05
24,148,cha148,0.0,0.006135,0.0,0.0,0.006135,0.0,0.0,0.0,2019-12-05
25,153,cha153,0.0,1.069,0.0,0.0,1.069,0.0,0.0,0.0,2019-12-05
26,155,cha155,0.0,0.2185,0.0,0.0,0.2185,0.0,0.0,0.0,2019-12-05
27,158,cha158,0.0,0.09579,0.0,0.0,0.09579,0.0,0.0,0.0,2019-12-05
28,161,cha161,0.0,0.1853,0.0,0.0,0.1853,0.0,0.0,0.0,2019-12-05
29,162,cha162,0.0,0.001247,0.0,0.0,0.001247,0.0,0.0,0.0,2019-12-05
30,165,cha165,0.0,0.09152,0.0,0.0,0.09152,0.0,0.0,0.0,2019-12-05
31,166,cha166,0.0,0.004088,0.0,0.0,0.004088,0.0,0.0,0.0,2019-12-05
32,167,cha167,0.0,0.1826,0.0,0.0,0.1826,0.0,0.0,0.0,2019-12-05
33,168,cha168,0.0,0.001142,0.0,0.0,0.001142,0.0,0.0,0.0,2019-12-05
34,169,cha169,0.0,0.08777,0.0,0.0,0.08777,0.0,0.0,0.0,2019-12-05
35,170,cha170,0.0,0.04366,0.0,0.0,0.04366,0.0,0.0,0.0,2019-12-05
36,171,cha171,0.0,0.03931,0.0,0.0,0.03931,0.0,0.0,0.0,2019-12-05
37,173,cha173,0.0,0.0868,0.0,0.0,0.0868,0.0,0.0,0.0,2019-12-05
1,29,cha029,0.0,0.0,0.0,0.0,0.0,0.0,0.0,0.0,2019-12-06
2,35,cha035,0.0,0.0,0.0,0.0,0.0,0.0,0.0,0.0,2019-12-06
3,37,cha037,0.0,0.0,0.0,0.0,0.0,0.0,0.0,0.0,2019-12-06
4,38,cha038,0.0,0.03875,0.0,0.0,0.03875,0.0,0.0,0.0,2019-12-06
5,39,cha039,0.0,0.0,0.0,0.0,0.0,0.0,0.0,0.0,2019-12-06
6,41,cha041,0.0,0.0,0.0,0.0,0.0,0.0,0.0,0.0,2019-12-06
7,43,cha043,0.0,0.0,0.0,0.0,0.0,0.0,0.0,0.0,2019-12-06
8,44,cha044,0.0,0.0,0.0,0.0,0.0,0.0,0.0,0.0,2019-12-06
9,45,cha045,0.0,0.0,0.0,0.0,0.0,0.0,0.0,0.0,2019-12-06
10,50,cha050,0.0,0.0,0.0,0.0,0.0,0.0,0.0,0.0,2019-12-06
11,51,cha051,0.0,0.0,0.0,0.0,0.0,0.0,0.0,0.0,2019-12-06
12,54,cha054,0.0,0.0,0.0,0.0,0.0,0.0,0.0,0.0,2019-12-06
13,57,cha057,0.0,0.1295,0.0,0.0,0.1295,0.0,0.0,0.0,2019-12-06
14,59,cha059,0.0,0.0,0.0,0.0,0.0,0.0,0.0,0.0,2019-12-06
15,64,cha064,0.0,0.1399,0.0,0.0,0.1399,0.0,0.0,0.0,2019-12-06
16,66,cha066,0.0,0.0,0.0,0.0,0.0,0.0,0.0,0.0,2019-12-06
17,70,cha070,0.0,0.0,0.0,0.0,0.0,0.0,0.0,0.0,2019-12-06
18,71,cha071,0.0,0.0,0.0,0.0,0.0,0.0,0.0,0.0,2019-12-06
19,74,cha074,0.0,0.0,0.0,0.0,0.0,0.0,0.0,0.0,2019-12-06
20,138,cha138,0.0,0.1924,0.0,0.0,0.1924,0.0,0.0,0.0,2019-12-06
21,141,cha141,0.0,0.004399,0.0,0.0,0.004399,0.0,0.0,0.0,2019-12-06
22,142,cha142,0.0,0.000328,0.0,0.0,0.000328,0.0,0.0,0.0,2019-12-06
23,146,cha146,0.0,0.001427,0.0,0.0,0.001427,0.0,0.0,0.0,2019-12-06
24,148,cha148,0.0,0.005542,0.0,0.0,0.005542,0.0,0.0,0.0,2019-12-06
25,153,cha153,0.0,1.045,0.0,0.0,1.045,0.0,0.0,0.0,2019-12-06
26,155,cha155,0.0,0.1945,0.0,0.0,0.1945,0.0,0.0,0.0,2019-12-06
27,158,cha158,0.0,0.07266,0.0,0.0,0.07266,0.0,0.0,0.0,2019-12-06
28,161,cha161,0.0,0.1603,0.0,0.0,0.1603,0.0,0.0,0.0,2019-12-06
29,162,cha162,0.0,0.000913,0.0,0.0,0.000913,0.0,0.0,0.0,2019-12-06
30,165,cha165,0.0,0.06931,0.0,0.0,0.06931,0.0,0.0,0.0,2019-12-06
31,166,cha166,0.0,0.002914,0.0,0.0,0.002914,0.0,0.0,0.0,2019-12-06
32,167,cha167,0.0,0.1577,0.0,0.0,0.1577,0.0,0.0,0.0,2019-12-06
33,168,cha168,0.0,0.0008044,0.0,0.0,0.0008044,0.0,0.0,0.0,2019-12-06
34,169,cha169,0.0,0.06644,0.0,0.0,0.06644,0.0,0.0,0.0,2019-12-06
35,170,cha170,0.0,0.02371,0.0,0.0,0.02371,0.0,0.0,0.0,2019-12-06
36,171,cha171,0.0,0.02092,0.0,0.0,0.02092,0.0,0.0,0.0,2019-12-06
37,173,cha173,0.0,0.06563,0.0,0.0,0.06563,0.0,0.0,0.0,2019-12-06
1,29,cha029,0.0,0.0,0.0,0.0,0.0,0.0,0.0,0.0,2019-12-07
2,35,cha035,0.0,0.0,0.0,0.0,0.0,0.0,0.0,0.0,2019-12-07
3,37,cha037,0.0,0.0,0.0,0.0,0.0,0.0,0.0,0.0,2019-12-07
4,38,cha038,0.0,0.03899,0.0,0.0,0.03899,0.0,0.0,0.0,2019-12-07
5,39,cha039,0.0,0.0,0.0,0.0,0.0,0.0,0.0,0.0,2019-12-07
6,41,cha041,0.0,0.0,0.0,0.0,0.0,0.0,0.0,0.0,2019-12-07
7,43,cha043,0.0,0.0,0.0,0.0,0.0,0.0,0.0,0.0,2019-12-07
8,44,cha044,0.0,0.0,0.0,0.0,0.0,0.0,0.0,0.0,2019-12-07
9,45,cha045,0.0,0.0,0.0,0.0,0.0,0.0,0.0,0.0,2019-12-07
10,50,cha050,0.0,0.0,0.0,0.0,0.0,0.0,0.0,0.0,2019-12-07
11,51,cha051,0.0,0.0,0.0,0.0,0.0,0.0,0.0,0.0,2019-12-07
12,54,cha054,0.0,0.0,0.0,0.0,0.0,0.0,0.0,0.0,2019-12-07
13,57,cha057,0.0,0.1293,0.0,0.0,0.1293,0.0,0.0,0.0,2019-12-07
14,59,cha059,0.0,0.0,0.0,0.0,0.0,0.0,0.0,0.0,2019-12-07
15,64,cha064,0.0,0.1401,0.0,0.0,0.1401,0.0,0.0,0.0,2019-12-07
16,66,cha066,0.0,0.0,0.0,0.0,0.0,0.0,0.0,0.0,2019-12-07
17,70,cha070,0.0,0.0,0.0,0.0,0.0,0.0,0.0,0.0,2019-12-07
18,71,cha071,0.0,0.0,0.0,0.0,0.0,0.0,0.0,0.0,2019-12-07
19,74,cha074,0.0,0.0,0.0,0.0,0.0,0.0,0.0,0.0,2019-12-07
20,138,cha138,0.0,0.1924,0.0,0.0,0.1924,0.0,0.0,0.0,2019-12-07
21,141,cha141,0.0,0.004039,0.0,0.0,0.004039,0.0,0.0,0.0,2019-12-07
22,142,cha142,0.0,0.0003202,0.0,0.0,0.0003202,0.0,0.0,0.0,2019-12-07
23,146,cha146,0.0,0.001362,0.0,0.0,0.001362,0.0,0.0,0.0,2019-12-07
24,148,cha148,0.0,0.005183,0.0,0.0,0.005183,0.0,0.0,0.0,2019-12-07
25,153,cha153,0.0,1.032,0.0,0.0,1.032,0.0,0.0,0.0,2019-12-07
26,155,cha155,0.0,0.182,0.0,0.0,0.182,0.0,0.0,0.0,2019-12-07
27,158,cha158,0.0,0.06103,0.0,0.0,0.06103,0.0,0.0,0.0,2019-12-07
28,161,cha161,0.0,0.1469,0.0,0.0,0.1469,0.0,0.0,0.0,2019-12-07
29,162,cha162,0.0,0.0007388,0.0,0.0,0.0007388,0.0,0.0,0.0,2019-12-07
30,165,cha165,0.0,0.05817,0.0,0.0,0.05817,0.0,0.0,0.0,2019-12-07
31,166,cha166,0.0,0.00226,0.0,0.0,0.00226,0.0,0.0,0.0,2019-12-07
32,167,cha167,0.0,0.1442,0.0,0.0,0.1442,0.0,0.0,0.0,2019-12-07
33,168,cha168,0.0,0.0006454,0.0,0.0,0.0006454,0.0,0.0,0.0,2019-12-07
34,169,cha169,0.0,0.05573,0.0,0.0,0.05573,0.0,0.0,0.0,2019-12-07
35,170,cha170,0.0,0.0136,0.0,0.0,0.0136,0.0,0.0,0.0,2019-12-07
36,171,cha171,0.0,0.01159,0.0,0.0,0.01159,0.0,0.0,0.0,2019-12-07
37,173,cha173,0.0,0.05501,0.0,0.0,0.05501,0.0,0.0,0.0,2019-12-07
1,29,cha029,0.0,0.0,0.0,0.0,0.0,0.0,0.0,0.0,2019-12-08
2,35,cha035,0.0,0.0,0.0,0.0,0.0,0.0,0.0,0.0,2019-12-08
3,37,cha037,0.0,0.0,0.0,0.0,0.0,0.0,0.0,0.0,2019-12-08
4,38,cha038,0.0,0.03922,0.0,0.0,0.03922,0.0,0.0,0.0,2019-12-08
5,39,cha039,0.0,0.0,0.0,0.0,0.0,0.0,0.0,0.0,2019-12-08
6,41,cha041,0.0,0.0,0.0,0.0,0.0,0.0,0.0,0.0,2019-12-08
7,43,cha043,0.0,0.0,0.0,0.0,0.0,0.0,0.0,0.0,2019-12-08
8,44,cha044,0.0,0.0,0.0,0.0,0.0,0.0,0.0,0.0,2019-12-08
9,45,cha045,0.0,0.0,0.0,0.0,0.0,0.0,0.0,0.0,2019-12-08
10,50,cha050,0.0,0.0,0.0,0.0,0.0,0.0,0.0,0.0,2019-12-08
11,51,cha051,0.0,0.0,0.0,0.0,0.0,0.0,0.0,0.0,2019-12-08
12,54,cha054,0.0,0.0,0.0,0.0,0.0,0.0,0.0,0.0,2019-12-08
13,57,cha057,0.0,0.1289,0.0,0.0,0.1289,0.0,0.0,0.0,2019-12-08
14,59,cha059,0.0,0.0,0.0,0.0,0.0,0.0,0.0,0.0,2019-12-08
15,64,cha064,0.0,0.14,0.0,0.0,0.14,0.0,0.0,0.0,2019-12-08
16,66,cha066,0.0,0.0,0.0,0.0,0.0,0.0,0.0,0.0,2019-12-08
17,70,cha070,0.0,0.0,0.0,0.0,0.0,0.0,0.0,0.0,2019-12-08
18,71,cha071,0.0,0.0,0.0,0.0,0.0,0.0,0.0,0.0,2019-12-08
19,74,cha074,0.0,0.0,0.0,0.0,0.0,0.0,0.0,0.0,2019-12-08
20,138,cha138,0.0,0.1923,0.0,0.0,0.1923,0.0,0.0,0.0,2019-12-08
21,141,cha141,0.0,0.003821,0.0,0.0,0.003821,0.0,0.0,0.0,2019-12-08
22,142,cha142,0.0,0.0003162,0.0,0.0,0.0003162,0.0,0.0,0.0,2019-12-08
23,146,cha146,0.0,0.001327,0.0,0.0,0.001327,0.0,0.0,0.0,2019-12-08
24,148,cha148,0.0,0.004965,0.0,0.0,0.004965,0.0,0.0,0.0,2019-12-08
25,153,cha153,0.0,1.024,0.0,0.0,1.024,0.0,0.0,0.0,2019-12-08
26,155,cha155,0.0,0.1768,0.0,0.0,0.1768,0.0,0.0,0.0,2019-12-08
27,158,cha158,0.0,0.05522,0.0,0.0,0.05522,0.0,0.0,0.0,2019-12-08
28,161,cha161,0.0,0.1408,0.0,0.0,0.1408,0.0,0.0,0.0,2019-12-08
29,162,cha162,0.0,0.0006481,0.0,0.0,0.0006481,0.0,0.0,0.0,2019-12-08
30,165,cha165,0.0,0.05263,0.0,0.0,0.05263,0.0,0.0,0.0,2019-12-08
31,166,cha166,0.0,0.001895,0.0,0.0,0.001895,0.0,0.0,0.0,2019-12-08
32,167,cha167,0.0,0.1382,0.0,0.0,0.1382,0.0,0.0,0.0,2019-12-08
33,168,cha168,0.0,0.0005706,0.0,0.0,0.0005706,0.0,0.0,0.0,2019-12-08
34,169,cha169,0.0,0.0504,0.0,0.0,0.0504,0.0,0.0,0.0,2019-12-08
35,170,cha170,0.0,0.008473,0.0,0.0,0.008473,0.0,0.0,0.0,2019-12-08
36,171,cha171,0.0,0.006853,0.0,0.0,0.006853,0.0,0.0,0.0,2019-12-08
37,173,cha173,0.0,0.04971,0.0,0.0,0.04971,0.0,0.0,0.0,2019-12-08
1,29,cha029,0.0,0.0,0.0,0.0,0.0,0.0,0.0,0.0,2019-12-09
2,35,cha035,0.0,0.0,0.0,0.0,0.0,0.0,0.0,0.0,2019-12-09
3,37,cha037,0.0,0.0,0.0,0.0,0.0,0.0,0.0,0.0,2019-12-09
4,38,cha038,0.0,0.03919,0.0,0.0,0.03919,0.0,0.0,0.0,2019-12-09
5,39,cha039,0.0,0.0,0.0,0.0,0.0,0.0,0.0,0.0,2019-12-09
6,41,cha041,0.0,0.0,0.0,0.0,0.0,0.0,0.0,0.0,2019-12-09
7,43,cha043,0.0,0.0,0.0,0.0,0.0,0.0,0.0,0.0,2019-12-09
8,44,cha044,0.0,0.0,0.0,0.0,0.0,0.0,0.0,0.0,2019-12-09
9,45,cha045,0.0,0.0,0.0,0.0,0.0,0.0,0.0,0.0,2019-12-09
10,50,cha050,0.0,0.0,0.0,0.0,0.0,0.0,0.0,0.0,2019-12-09
11,51,cha051,0.0,0.0,0.0,0.0,0.0,0.0,0.0,0.0,2019-12-09
12,54,cha054,0.0,0.0,0.0,0.0,0.0,0.0,0.0,0.0,2019-12-09
13,57,cha057,0.0,0.1284,0.0,0.0,0.1284,0.0,0.0,0.0,2019-12-09
14,59,cha059,0.0,0.0,0.0,0.0,0.0,0.0,0.0,0.0,2019-12-09
15,64,cha064,0.0,0.1398,0.0,0.0,0.1398,0.0,0.0,0.0,2019-12-09
16,66,cha066,0.0,0.0,0.0,0.0,0.0,0.0,0.0,0.0,2019-12-09
17,70,cha070,0.0,0.0,0.0,0.0,0.0,0.0,0.0,0.0,2019-12-09
18,71,cha071,0.0,0.0,0.0,0.0,0.0,0.0,0.0,0.0,2019-12-09
19,74,cha074,0.0,0.0,0.0,0.0,0.0,0.0,0.0,0.0,2019-12-09
20,138,cha138,0.0,0.1919,0.0,0.0,0.1919,0.0,0.0,0.0,2019-12-09
21,141,cha141,0.0,0.003688,0.0,0.0,0.003688,0.0,0.0,0.0,2019-12-09
22,142,cha142,0.0,0.0003141,0.0,0.0,0.0003141,0.0,0.0,0.0,2019-12-09
23,146,cha146,0.0,0.001308,0.0,0.0,0.001308,0.0,0.0,0.0,2019-12-09
24,148,cha148,0.0,0.004833,0.0,0.0,0.004833,0.0,0.0,0.0,2019-12-09
25,153,cha153,0.0,1.018,0.0,0.0,1.018,0.0,0.0,0.0,2019-12-09
26,155,cha155,0.0,0.1741,0.0,0.0,0.1741,0.0,0.0,0.0,2019-12-09
27,158,cha158,0.0,0.05211,0.0,0.0,0.05211,0.0,0.0,0.0,2019-12-09
28,161,cha161,0.0,0.1373,0.0,0.0,0.1373,0.0,0.0,0.0,2019-12-09
29,162,cha162,0.0,0.0006008,0.0,0.0,0.0006008,0.0,0.0,0.0,2019-12-09
30,165,cha165,0.0,0.04967,0.0,0.0,0.04967,0.0,0.0,0.0,2019-12-09
31,166,cha166,0.0,0.001692,0.0,0.0,0.001692,0.0,0.0,0.0,2019-12-09
32,167,cha167,0.0,0.1347,0.0,0.0,0.1347,0.0,0.0,0.0,2019-12-09
33,168,cha168,0.0,0.0005354,0.0,0.0,0.0005354,0.0,0.0,0.0,2019-12-09
34,169,cha169,0.0,0.04754,0.0,0.0,0.04754,0.0,0.0,0.0,2019-12-09
35,170,cha170,0.0,0.00587,0.0,0.0,0.00587,0.0,0.0,0.0,2019-12-09
36,171,cha171,0.0,0.00444,0.0,0.0,0.00444,0.0,0.0,0.0,2019-12-09
37,173,cha173,0.0,0.04688,0.0,0.0,0.04688,0.0,0.0,0.0,2019-12-09
1,29,cha029,0.0,0.0,0.0,0.0,0.0,0.0,0.0,0.0,2019-12-10
2,35,cha035,0.0,0.0,0.0,0.0,0.0,0.0,0.0,0.0,2019-12-10
3,37,cha037,0.0,0.0,0.0,0.0,0.0,0.0,0.0,0.0,2019-12-10
4,38,cha038,0.0,0.039,0.0,0.0,0.039,0.0,0.0,0.0,2019-12-10
5,39,cha039,0.0,0.0,0.0,0.0,0.0,0.0,0.0,0.0,2019-12-10
6,41,cha041,0.0,0.0,0.0,0.0,0.0,0.0,0.0,0.0,2019-12-10
7,43,cha043,0.0,0.0,0.0,0.0,0.0,0.0,0.0,0.0,2019-12-10
8,44,cha044,0.0,0.0,0.0,0.0,0.0,0.0,0.0,0.0,2019-12-10
9,45,cha045,0.0,0.0,0.0,0.0,0.0,0.0,0.0,0.0,2019-12-10
10,50,cha050,0.0,0.0,0.0,0.0,0.0,0.0,0.0,0.0,2019-12-10
11,51,cha051,0.0,0.0,0.0,0.0,0.0,0.0,0.0,0.0,2019-12-10
12,54,cha054,0.0,0.0,0.0,0.0,0.0,0.0,0.0,0.0,2019-12-10
13,57,cha057,0.0,0.1277,0.0,0.0,0.1277,0.0,0.0,0.0,2019-12-10
14,59,cha059,0.0,0.0,0.0,0.0,0.0,0.0,0.0,0.0,2019-12-10
15,64,cha064,0.0,0.1393,0.0,0.0,0.1393,0.0,0.0,0.0,2019-12-10
16,66,cha066,0.0,0.0,0.0,0.0,0.0,0.0,0.0,0.0,2019-12-10
17,70,cha070,0.0,0.0,0.0,0.0,0.0,0.0,0.0,0.0,2019-12-10
18,71,cha071,0.0,0.0,0.0,0.0,0.0,0.0,0.0,0.0,2019-12-10
19,74,cha074,0.0,0.0,0.0,0.0,0.0,0.0,0.0,0.0,2019-12-10
20,138,cha138,0.0,0.1914,0.0,0.0,0.1914,0.0,0.0,0.0,2019-12-10
21,141,cha141,0.0,0.003607,0.0,0.0,0.003607,0.0,0.0,0.0,2019-12-10
22,142,cha142,0.0,0.0003131,0.0,0.0,0.0003131,0.0,0.0,0.0,2019-12-10
23,146,cha146,0.0,0.001297,0.0,0.0,0.001297,0.0,0.0,0.0,2019-12-10
24,148,cha148,0.0,0.004754,0.0,0.0,0.004754,0.0,0.0,0.0,2019-12-10
25,153,cha153,0.0,1.011,0.0,0.0,1.011,0.0,0.0,0.0,2019-12-10
26,155,cha155,0.0,0.1721,0.0,0.0,0.1721,0.0,0.0,0.0,2019-12-10
27,158,cha158,0.0,0.05032,0.0,0.0,0.05032,0.0,0.0,0.0,2019-12-10
28,161,cha161,0.0,0.135,0.0,0.0,0.135,0.0,0.0,0.0,2019-12-10
29,162,cha162,0.0,0.0005762,0.0,0.0,0.0005762,0.0,0.0,0.0,2019-12-10
30,165,cha165,0.0,0.04797,0.0,0.0,0.04797,0.0,0.0,0.0,2019-12-10
31,166,cha166,0.0,0.001574,0.0,0.0,0.001574,0.0,0.0,0.0,2019-12-10
32,167,cha167,0.0,0.1324,0.0,0.0,0.1324,0.0,0.0,0.0,2019-12-10
33,168,cha168,0.0,0.0005189,0.0,0.0,0.0005189,0.0,0.0,0.0,2019-12-10
34,169,cha169,0.0,0.04589,0.0,0.0,0.04589,0.0,0.0,0.0,2019-12-10
35,170,cha170,0.0,0.004532,0.0,0.0,0.004532,0.0,0.0,0.0,2019-12-10
36,171,cha171,0.0,0.003205,0.0,0.0,0.003205,0.0,0.0,0.0,2019-12-10
37,173,cha173,0.0,0.04523,0.0,0.0,0.04523,0.0,0.0,0.0,2019-12-10
1,29,cha029,0.0,0.0,0.0,0.0,0.0,0.0,0.0,0.0,2019-12-11
2,35,cha035,0.0,0.0,0.0,0.0,0.0,0.0,0.0,0.0,2019-12-11
3,37,cha037,0.0,0.0,0.0,0.0,0.0,0.0,0.0,0.0,2019-12-11
4,38,cha038,0.0,0.03882,0.0,0.0,0.03882,0.0,0.0,0.0,2019-12-11
5,39,cha039,0.0,0.0,0.0,0.0,0.0,0.0,0.0,0.0,2019-12-11
6,41,cha041,0.0,0.0,0.0,0.0,0.0,0.0,0.0,0.0,2019-12-11
7,43,cha043,0.0,0.0,0.0,0.0,0.0,0.0,0.0,0.0,2019-12-11
8,44,cha044,0.0,0.0,0.0,0.0,0.0,0.0,0.0,0.0,2019-12-11
9,45,cha045,0.0,0.0,0.0,0.0,0.0,0.0,0.0,0.0,2019-12-11
10,50,cha050,0.0,0.0,0.0,0.0,0.0,0.0,0.0,0.0,2019-12-11
11,51,cha051,0.0,0.0,0.0,0.0,0.0,0.0,0.0,0.0,2019-12-11
12,54,cha054,0.0,0.0,0.0,0.0,0.0,0.0,0.0,0.0,2019-12-11
13,57,cha057,0.0,0.1269,0.0,0.0,0.1269,0.0,0.0,0.0,2019-12-11
14,59,cha059,0.0,0.0,0.0,0.0,0.0,0.0,0.0,0.0,2019-12-11
15,64,cha064,0.0,0.1387,0.0,0.0,0.1387,0.0,0.0,0.0,2019-12-11
16,66,cha066,0.0,0.0,0.0,0.0,0.0,0.0,0.0,0.0,2019-12-11
17,70,cha070,0.0,0.0,0.0,0.0,0.0,0.0,0.0,0.0,2019-12-11
18,71,cha071,0.0,0.0,0.0,0.0,0.0,0.0,0.0,0.0,2019-12-11
19,74,cha074,0.0,0.0,0.0,0.0,0.0,0.0,0.0,0.0,2019-12-11
20,138,cha138,0.0,0.1906,0.0,0.0,0.1906,0.0,0.0,0.0,2019-12-11
21,141,cha141,0.0,0.003559,0.0,0.0,0.003559,0.0,0.0,0.0,2019-12-11
22,142,cha142,0.0,0.0003127,0.0,0.0,0.0003127,0.0,0.0,0.0,2019-12-11
23,146,cha146,0.0,0.001292,0.0,0.0,0.001292,0.0,0.0,0.0,2019-12-11
24,148,cha148,0.0,0.004706,0.0,0.0,0.004706,0.0,0.0,0.0,2019-12-11
25,153,cha153,0.0,1.005,0.0,0.0,1.005,0.0,0.0,0.0,2019-12-11
26,155,cha155,0.0,0.1707,0.0,0.0,0.1707,0.0,0.0,0.0,2019-12-11
27,158,cha158,0.0,0.0493,0.0,0.0,0.0493,0.0,0.0,0.0,2019-12-11
28,161,cha161,0.0,0.1334,0.0,0.0,0.1334,0.0,0.0,0.0,2019-12-11
29,162,cha162,0.0,0.0005635,0.0,0.0,0.0005635,0.0,0.0,0.0,2019-12-11
30,165,cha165,0.0,0.04699,0.0,0.0,0.04699,0.0,0.0,0.0,2019-12-11
31,166,cha166,0.0,0.001501,0.0,0.0,0.001501,0.0,0.0,0.0,2019-12-11
32,167,cha167,0.0,0.1308,0.0,0.0,0.1308,0.0,0.0,0.0,2019-12-11
33,168,cha168,0.0,0.0005104,0.0,0.0,0.0005104,0.0,0.0,0.0,2019-12-11
34,169,cha169,0.0,0.04494,0.0,0.0,0.04494,0.0,0.0,0.0,2019-12-11
35,170,cha170,0.0,0.003839,0.0,0.0,0.003839,0.0,0.0,0.0,2019-12-11
36,171,cha171,0.0,0.002566,0.0,0.0,0.002566,0.0,0.0,0.0,2019-12-11
37,173,cha173,0.0,0.04429,0.0,0.0,0.04429,0.0,0.0,0.0,2019-12-11
1,29,cha029,0.0,0.0,0.0,0.0,0.0,0.0,0.0,0.0,2019-12-12
2,35,cha035,0.0,0.0,0.0,0.0,0.0,0.0,0.0,0.0,2019-12-12
3,37,cha037,0.0,0.0,0.0,0.0,0.0,0.0,0.0,0.0,2019-12-12
4,38,cha038,0.0,0.03864,0.0,0.0,0.03864,0.0,0.0,0.0,2019-12-12
5,39,cha039,0.0,0.0,0.0,0.0,0.0,0.0,0.0,0.0,2019-12-12
6,41,cha041,0.0,0.0,0.0,0.0,0.0,0.0,0.0,0.0,2019-12-12
7,43,cha043,0.0,0.0,0.0,0.0,0.0,0.0,0.0,0.0,2019-12-12
8,44,cha044,0.0,0.0,0.0,0.0,0.0,0.0,0.0,0.0,2019-12-12
9,45,cha045,0.0,0.0,0.0,0.0,0.0,0.0,0.0,0.0,2019-12-12
10,50,cha050,0.0,0.0,0.0,0.0,0.0,0.0,0.0,0.0,2019-12-12
11,51,cha051,0.0,0.0,0.0,0.0,0.0,0.0,0.0,0.0,2019-12-12
12,54,cha054,0.0,0.0,0.0,0.0,0.0,0.0,0.0,0.0,2019-12-12
13,57,cha057,0.0,0.1259,0.0,0.0,0.1259,0.0,0.0,0.0,2019-12-12
14,59,cha059,0.0,0.0,0.0,0.0,0.0,0.0,0.0,0.0,2019-12-12
15,64,cha064,0.0,0.1379,0.0,0.0,0.1379,0.0,0.0,0.0,2019-12-12
16,66,cha066,0.0,0.0,0.0,0.0,0.0,0.0,0.0,0.0,2019-12-12
17,70,cha070,0.0,0.0,0.0,0.0,0.0,0.0,0.0,0.0,2019-12-12
18,71,cha071,0.0,0.0,0.0,0.0,0.0,0.0,0.0,0.0,2019-12-12
19,74,cha074,0.0,0.0,0.0,0.0,0.0,0.0,0.0,0.0,2019-12-12
20,138,cha138,0.0,0.1896,0.0,0.0,0.1896,0.0,0.0,0.0,2019-12-12
21,141,cha141,0.0,0.003529,0.0,0.0,0.003529,0.0,0.0,0.0,2019-12-12
22,142,cha142,0.0,0.0003125,0.0,0.0,0.0003125,0.0,0.0,0.0,2019-12-12
23,146,cha146,0.0,0.00129,0.0,0.0,0.00129,0.0,0.0,0.0,2019-12-12
24,148,cha148,0.0,0.004678,0.0,0.0,0.004678,0.0,0.0,0.0,2019-12-12
25,153,cha153,0.0,0.9972,0.0,0.0,0.9972,0.0,0.0,0.0,2019-12-12
26,155,cha155,0.0,0.1697,0.0,0.0,0.1697,0.0,0.0,0.0,2019-12-12
27,158,cha158,0.0,0.04868,0.0,0.0,0.04868,0.0,0.0,0.0,2019-12-12
28,161,cha161,0.0,0.1321,0.0,0.0,0.1321,0.0,0.0,0.0,2019-12-12
29,162,cha162,0.0,0.000557,0.0,0.0,0.000557,0.0,0.0,0.0,2019-12-12
30,165,cha165,0.0,0.0464,0.0,0.0,0.0464,0.0,0.0,0.0,2019-12-12
31,166,cha166,0.0,0.001457,0.0,0.0,0.001457,0.0,0.0,0.0,2019-12-12
32,167,cha167,0.0,0.1296,0.0,0.0,0.1296,0.0,0.0,0.0,2019-12-12
33,168,cha168,0.0,0.0005061,0.0,0.0,0.0005061,0.0,0.0,0.0,2019-12-12
34,169,cha169,0.0,0.04437,0.0,0.0,0.04437,0.0,0.0,0.0,2019-12-12
35,170,cha170,0.0,0.003477,0.0,0.0,0.003477,0.0,0.0,0.0,2019-12-12
36,171,cha171,0.0,0.002236,0.0,0.0,0.002236,0.0,0.0,0.0,2019-12-12
37,173,cha173,0.0,0.04372,0.0,0.0,0.04372,0.0,0.0,0.0,2019-12-12
1,29,cha029,0.0,0.0,0.0,0.0,0.0,0.0,0.0,0.0,2019-12-13
2,35,cha035,0.0,0.0,0.0,0.0,0.0,0.0,0.0,0.0,2019-12-13
3,37,cha037,0.0,0.0,0.0,0.0,0.0,0.0,0.0,0.0,2019-12-13
4,38,cha038,0.0,0.03848,0.0,0.0,0.03848,0.0,0.0,0.0,2019-12-13
5,39,cha039,0.0,0.0,0.0,0.0,0.0,0.0,0.0,0.0,2019-12-13
6,41,cha041,0.0,0.0,0.0,0.0,0.0,0.0,0.0,0.0,2019-12-13
7,43,cha043,0.0,0.0,0.0,0.0,0.0,0.0,0.0,0.0,2019-12-13
8,44,cha044,0.0,0.0,0.0,0.0,0.0,0.0,0.0,0.0,2019-12-13
9,45,cha045,0.0,0.0,0.0,0.0,0.0,0.0,0.0,0.0,2019-12-13
10,50,cha050,0.0,0.0,0.0,0.0,0.0,0.0,0.0,0.0,2019-12-13
11,51,cha051,0.0,0.0,0.0,0.0,0.0,0.0,0.0,0.0,2019-12-13
12,54,cha054,0.0,0.0,0.0,0.0,0.0,0.0,0.0,0.0,2019-12-13
13,57,cha057,0.0,0.1248,0.0,0.0,0.1248,0.0,0.0,0.0,2019-12-13
14,59,cha059,0.0,0.0,0.0,0.0,0.0,0.0,0.0,0.0,2019-12-13
15,64,cha064,0.0,0.1369,0.0,0.0,0.1369,0.0,0.0,0.0,2019-12-13
16,66,cha066,0.0,0.0,0.0,0.0,0.0,0.0,0.0,0.0,2019-12-13
17,70,cha070,0.0,0.0,0.0,0.0,0.0,0.0,0.0,0.0,2019-12-13
18,71,cha071,0.0,0.0,0.0,0.0,0.0,0.0,0.0,0.0,2019-12-13
19,74,cha074,0.0,0.0,0.0,0.0,0.0,0.0,0.0,0.0,2019-12-13
20,138,cha138,0.0,0.1884,0.0,0.0,0.1884,0.0,0.0,0.0,2019-12-13
21,141,cha141,0.0,0.003512,0.0,0.0,0.003512,0.0,0.0,0.0,2019-12-13
22,142,cha142,0.0,0.0003124,0.0,0.0,0.0003124,0.0,0.0,0.0,2019-12-13
23,146,cha146,0.0,0.001288,0.0,0.0,0.001288,0.0,0.0,0.0,2019-12-13
24,148,cha148,0.0,0.004662,0.0,0.0,0.004662,0.0,0.0,0.0,2019-12-13
25,153,cha153,0.0,0.9892,0.0,0.0,0.9892,0.0,0.0,0.0,2019-12-13
26,155,cha155,0.0,0.1688,0.0,0.0,0.1688,0.0,0.0,0.0,2019-12-13
27,158,cha158,0.0,0.04828,0.0,0.0,0.04828,0.0,0.0,0.0,2019-12-13
28,161,cha161,0.0,0.131,0.0,0.0,0.131,0.0,0.0,0.0,2019-12-13
29,162,cha162,0.0,0.0005536,0.0,0.0,0.0005536,0.0,0.0,0.0,2019-12-13
30,165,cha165,0.0,0.04601,0.0,0.0,0.04601,0.0,0.0,0.0,2019-12-13
31,166,cha166,0.0,0.001429,0.0,0.0,0.001429,0.0,0.0,0.0,2019-12-13
32,167,cha167,0.0,0.1285,0.0,0.0,0.1285,0.0,0.0,0.0,2019-12-13
33,168,cha168,0.0,0.0005037,0.0,0.0,0.0005037,0.0,0.0,0.0,2019-12-13
34,169,cha169,0.0,0.04398,0.0,0.0,0.04398,0.0,0.0,0.0,2019-12-13
35,170,cha170,0.0,0.003284,0.0,0.0,0.003284,0.0,0.0,0.0,2019-12-13
36,171,cha171,0.0,0.002062,0.0,0.0,0.002062,0.0,0.0,0.0,2019-12-13
37,173,cha173,0.0,0.04334,0.0,0.0,0.04334,0.0,0.0,0.0,2019-12-13
1,29,cha029,0.0,0.0,0.0,0.0,0.0,0.0,0.0,0.0,2019-12-14
2,35,cha035,0.0,0.0,0.0,0.0,0.0,0.0,0.0,0.0,2019-12-14
3,37,cha037,0.0,0.0,0.0,0.0,0.0,0.0,0.0,0.0,2019-12-14
4,38,cha038,0.0,0.03831,0.0,0.0,0.03831,0.0,0.0,0.0,2019-12-14
5,39,cha039,0.0,0.0,0.0,0.0,0.0,0.0,0.0,0.0,2019-12-14
6,41,cha041,0.0,0.0,0.0,0.0,0.0,0.0,0.0,0.0,2019-12-14
7,43,cha043,0.0,0.0,0.0,0.0,0.0,0.0,0.0,0.0,2019-12-14
8,44,cha044,0.0,0.0,0.0,0.0,0.0,0.0,0.0,0.0,2019-12-14
9,45,cha045,0.0,0.0,0.0,0.0,0.0,0.0,0.0,0.0,2019-12-14
10,50,cha050,0.0,0.0,0.0,0.0,0.0,0.0,0.0,0.0,2019-12-14
11,51,cha051,0.0,0.0,0.0,0.0,0.0,0.0,0.0,0.0,2019-12-14
12,54,cha054,0.0,0.0,0.0,0.0,0.0,0.0,0.0,0.0,2019-12-14
13,57,cha057,0.0,0.1236,0.0,0.0,0.1236,0.0,0.0,0.0,2019-12-14
14,59,cha059,0.0,0.0,0.0,0.0,0.0,0.0,0.0,0.0,2019-12-14
15,64,cha064,0.0,0.1358,0.0,0.0,0.1358,0.0,0.0,0.0,2019-12-14
16,66,cha066,0.0,0.0,0.0,0.0,0.0,0.0,0.0,0.0,2019-12-14
17,70,cha070,0.0,0.0,0.0,0.0,0.0,0.0,0.0,0.0,2019-12-14
18,71,cha071,0.0,0.0,0.0,0.0,0.0,0.0,0.0,0.0,2019-12-14
19,74,cha074,0.0,0.0,0.0,0.0,0.0,0.0,0.0,0.0,2019-12-14
20,138,cha138,0.0,0.187,0.0,0.0,0.187,0.0,0.0,0.0,2019-12-14
21,141,cha141,0.0,0.003501,0.0,0.0,0.003501,0.0,0.0,0.0,2019-12-14
22,142,cha142,0.0,0.0003124,0.0,0.0,0.0003124,0.0,0.0,0.0,2019-12-14
23,146,cha146,0.0,0.001288,0.0,0.0,0.001288,0.0,0.0,0.0,2019-12-14
24,148,cha148,0.0,0.004652,0.0,0.0,0.004652,0.0,0.0,0.0,2019-12-14
25,153,cha153,0.0,0.9804,0.0,0.0,0.9804,0.0,0.0,0.0,2019-12-14
26,155,cha155,0.0,0.1679,0.0,0.0,0.1679,0.0,0.0,0.0,2019-12-14
27,158,cha158,0.0,0.04798,0.0,0.0,0.04798,0.0,0.0,0.0,2019-12-14
28,161,cha161,0.0,0.1299,0.0,0.0,0.1299,0.0,0.0,0.0,2019-12-14
29,162,cha162,0.0,0.000552,0.0,0.0,0.000552,0.0,0.0,0.0,2019-12-14
30,165,cha165,0.0,0.04572,0.0,0.0,0.04572,0.0,0.0,0.0,2019-12-14
31,166,cha166,0.0,0.00141,0.0,0.0,0.00141,0.0,0.0,0.0,2019-12-14
32,167,cha167,0.0,0.1274,0.0,0.0,0.1274,0.0,0.0,0.0,2019-12-14
33,168,cha168,0.0,0.0005022,0.0,0.0,0.0005022,0.0,0.0,0.0,2019-12-14
34,169,cha169,0.0,0.0437,0.0,0.0,0.0437,0.0,0.0,0.0,2019-12-14
35,170,cha170,0.0,0.003177,0.0,0.0,0.003177,0.0,0.0,0.0,2019-12-14
36,171,cha171,0.0,0.001967,0.0,0.0,0.001967,0.0,0.0,0.0,2019-12-14
37,173,cha173,0.0,0.04305,0.0,0.0,0.04305,0.0,0.0,0.0,2019-12-14
1,29,cha029,0.0,0.0,0.0,0.0,0.0,0.0,0.0,0.0,2019-12-15
2,35,cha035,0.0,0.0,0.0,0.0,0.0,0.0,0.0,0.0,2019-12-15
3,37,cha037,0.0,0.0,0.0,0.0,0.0,0.0,0.0,0.0,2019-12-15
4,38,cha038,0.0,0.03755,0.0,0.0,0.03755,0.0,0.0,0.0,2019-12-15
5,39,cha039,0.0,0.0,0.0,0.0,0.0,0.0,0.0,0.0,2019-12-15
6,41,cha041,0.0,0.0,0.0,0.0,0.0,0.0,0.0,0.0,2019-12-15
7,43,cha043,0.0,0.0,0.0,0.0,0.0,0.0,0.0,0.0,2019-12-15
8,44,cha044,0.0,0.0,0.0,0.0,0.0,0.0,0.0,0.0,2019-12-15
9,45,cha045,0.0,0.0,0.0,0.0,0.0,0.0,0.0,0.0,2019-12-15
10,50,cha050,0.0,0.0,0.0,0.0,0.0,0.0,0.0,0.0,2019-12-15
11,51,cha051,0.0,0.0,0.0,0.0,0.0,0.0,0.0,0.0,2019-12-15
12,54,cha054,0.0,0.0,0.0,0.0,0.0,0.0,0.0,0.0,2019-12-15
13,57,cha057,0.0,0.1223,0.0,0.0,0.1223,0.0,0.0,0.0,2019-12-15
14,59,cha059,0.0,0.0,0.0,0.0,0.0,0.0,0.0,0.0,2019-12-15
15,64,cha064,0.0,0.1346,0.0,0.0,0.1346,0.0,0.0,0.0,2019-12-15
16,66,cha066,0.0,0.0,0.0,0.0,0.0,0.0,0.0,0.0,2019-12-15
17,70,cha070,0.0,0.0,0.0,0.0,0.0,0.0,0.0,0.0,2019-12-15
18,71,cha071,0.0,0.0,0.0,0.0,0.0,0.0,0.0,0.0,2019-12-15
19,74,cha074,0.0,0.0,0.0,0.0,0.0,0.0,0.0,0.0,2019-12-15
20,138,cha138,0.0,0.1854,0.0,0.0,0.1854,0.0,0.0,0.0,2019-12-15
21,141,cha141,0.0,0.003495,0.0,0.0,0.003495,0.0,0.0,0.0,2019-12-15
22,142,cha142,0.0,0.0003125,0.0,0.0,0.0003125,0.0,0.0,0.0,2019-12-15
23,146,cha146,0.0,0.001288,0.0,0.0,0.001288,0.0,0.0,0.0,2019-12-15
24,148,cha148,0.0,0.004647,0.0,0.0,0.004647,0.0,0.0,0.0,2019-12-15
25,153,cha153,0.0,0.9704,0.0,0.0,0.9704,0.0,0.0,0.0,2019-12-15
26,155,cha155,0.0,0.1663,0.0,0.0,0.1663,0.0,0.0,0.0,2019-12-15
27,158,cha158,0.0,0.04707,0.0,0.0,0.04707,0.0,0.0,0.0,2019-12-15
28,161,cha161,0.0,0.1282,0.0,0.0,0.1282,0.0,0.0,0.0,2019-12-15
29,162,cha162,0.0,0.0005511,0.0,0.0,0.0005511,0.0,0.0,0.0,2019-12-15
30,165,cha165,0.0,0.04481,0.0,0.0,0.04481,0.0,0.0,0.0,2019-12-15
31,166,cha166,0.0,0.00138,0.0,0.0,0.00138,0.0,0.0,0.0,2019-12-15
32,167,cha167,0.0,0.1256,0.0,0.0,0.1256,0.0,0.0,0.0,2019-12-15
33,168,cha168,0.0,0.0004945,0.0,0.0,0.0004945,0.0,0.0,0.0,2019-12-15
34,169,cha169,0.0,0.0428,0.0,0.0,0.0428,0.0,0.0,0.0,2019-12-15
35,170,cha170,0.0,0.003081,0.0,0.0,0.003081,0.0,0.0,0.0,2019-12-15
36,171,cha171,0.0,0.001894,0.0,0.0,0.001894,0.0,0.0,0.0,2019-12-15
37,173,cha173,0.0,0.04216,0.0,0.0,0.04216,0.0,0.0,0.0,2019-12-15
1,29,cha029,0.0,0.0,0.0,0.0,0.0,0.0,0.0,0.0,2019-12-16
2,35,cha035,0.0,0.0,0.0,0.0,0.0,0.0,0.0,0.0,2019-12-16
3,37,cha037,0.0,0.0,0.0,0.0,0.0,0.0,0.0,0.0,2019-12-16
4,38,cha038,0.0,0.03682,0.0,0.0,0.03682,0.0,0.0,0.0,2019-12-16
5,39,cha039,0.0,0.0,0.0,0.0,0.0,0.0,0.0,0.0,2019-12-16
6,41,cha041,0.0,0.0,0.0,0.0,0.0,0.0,0.0,0.0,2019-12-16
7,43,cha043,0.0,0.0,0.0,0.0,0.0,0.0,0.0,0.0,2019-12-16
8,44,cha044,0.0,0.0,0.0,0.0,0.0,0.0,0.0,0.0,2019-12-16
9,45,cha045,0.0,0.0,0.0,0.0,0.0,0.0,0.0,0.0,2019-12-16
10,50,cha050,0.0,0.0,0.0,0.0,0.0,0.0,0.0,0.0,2019-12-16
11,51,cha051,0.0,0.0,0.0,0.0,0.0,0.0,0.0,0.0,2019-12-16
12,54,cha054,0.0,0.0,0.0,0.0,0.0,0.0,0.0,0.0,2019-12-16
13,57,cha057,0.0,0.1209,0.0,0.0,0.1209,0.0,0.0,0.0,2019-12-16
14,59,cha059,0.0,0.0,0.0,0.0,0.0,0.0,0.0,0.0,2019-12-16
15,64,cha064,0.0,0.1333,0.0,0.0,0.1333,0.0,0.0,0.0,2019-12-16
16,66,cha066,0.0,0.0,0.0,0.0,0.0,0.0,0.0,0.0,2019-12-16
17,70,cha070,0.0,0.0,0.0,0.0,0.0,0.0,0.0,0.0,2019-12-16
18,71,cha071,0.0,0.0,0.0,0.0,0.0,0.0,0.0,0.0,2019-12-16
19,74,cha074,0.0,0.0,0.0,0.0,0.0,0.0,0.0,0.0,2019-12-16
20,138,cha138,0.0,0.1836,0.0,0.0,0.1836,0.0,0.0,0.0,2019-12-16
21,141,cha141,0.0,0.003466,0.0,0.0,0.003466,0.0,0.0,0.0,2019-12-16
22,142,cha142,0.0,0.0003125,0.0,0.0,0.0003125,0.0,0.0,0.0,2019-12-16
23,146,cha146,0.0,0.001288,0.0,0.0,0.001288,0.0,0.0,0.0,2019-12-16
24,148,cha148,0.0,0.004618,0.0,0.0,0.004618,0.0,0.0,0.0,2019-12-16
25,153,cha153,0.0,0.9597,0.0,0.0,0.9597,0.0,0.0,0.0,2019-12-16
26,155,cha155,0.0,0.1647,0.0,0.0,0.1647,0.0,0.0,0.0,2019-12-16
27,158,cha158,0.0,0.04621,0.0,0.0,0.04621,0.0,0.0,0.0,2019-12-16
28,161,cha161,0.0,0.1264,0.0,0.0,0.1264,0.0,0.0,0.0,2019-12-16
29,162,cha162,0.0,0.0005434,0.0,0.0,0.0005434,0.0,0.0,0.0,2019-12-16
30,165,cha165,0.0,0.04397,0.0,0.0,0.04397,0.0,0.0,0.0,2019-12-16
31,166,cha166,0.0,0.001353,0.0,0.0,0.001353,0.0,0.0,0.0,2019-12-16
32,167,cha167,0.0,0.1238,0.0,0.0,0.1238,0.0,0.0,0.0,2019-12-16
33,168,cha168,0.0,0.0004872,0.0,0.0,0.0004872,0.0,0.0,0.0,2019-12-16
34,169,cha169,0.0,0.04198,0.0,0.0,0.04198,0.0,0.0,0.0,2019-12-16
35,170,cha170,0.0,0.003008,0.0,0.0,0.003008,0.0,0.0,0.0,2019-12-16
36,171,cha171,0.0,0.001843,0.0,0.0,0.001843,0.0,0.0,0.0,2019-12-16
37,173,cha173,0.0,0.04133,0.0,0.0,0.04133,0.0,0.0,0.0,2019-12-16
1,29,cha029,0.0,0.0,0.0,0.0,0.0,0.0,0.0,0.0,2019-12-17
2,35,cha035,0.0,0.0,0.0,0.0,0.0,0.0,0.0,0.0,2019-12-17
3,37,cha037,0.0,0.0,0.0,0.0,0.0,0.0,0.0,0.0,2019-12-17
4,38,cha038,0.0,0.03612,0.0,0.0,0.03612,0.0,0.0,0.0,2019-12-17
5,39,cha039,0.0,0.0,0.0,0.0,0.0,0.0,0.0,0.0,2019-12-17
6,41,cha041,0.0,0.0,0.0,0.0,0.0,0.0,0.0,0.0,2019-12-17
7,43,cha043,0.0,0.0,0.0,0.0,0.0,0.0,0.0,0.0,2019-12-17
8,44,cha044,0.0,0.0,0.0,0.0,0.0,0.0,0.0,0.0,2019-12-17
9,45,cha045,0.0,0.0,0.0,0.0,0.0,0.0,0.0,0.0,2019-12-17
10,50,cha050,0.0,0.0,0.0,0.0,0.0,0.0,0.0,0.0,2019-12-17
11,51,cha051,0.0,0.0,0.0,0.0,0.0,0.0,0.0,0.0,2019-12-17
12,54,cha054,0.0,0.0,0.0,0.0,0.0,0.0,0.0,0.0,2019-12-17
13,57,cha057,0.0,0.1194,0.0,0.0,0.1194,0.0,0.0,0.0,2019-12-17
14,59,cha059,0.0,0.0,0.0,0.0,0.0,0.0,0.0,0.0,2019-12-17
15,64,cha064,0.0,0.1318,0.0,0.0,0.1318,0.0,0.0,0.0,2019-12-17
16,66,cha066,0.0,0.0,0.0,0.0,0.0,0.0,0.0,0.0,2019-12-17
17,70,cha070,0.0,0.0,0.0,0.0,0.0,0.0,0.0,0.0,2019-12-17
18,71,cha071,0.0,0.0,0.0,0.0,0.0,0.0,0.0,0.0,2019-12-17
19,74,cha074,0.0,0.0,0.0,0.0,0.0,0.0,0.0,0.0,2019-12-17
20,138,cha138,0.0,0.1817,0.0,0.0,0.1817,0.0,0.0,0.0,2019-12-17
21,141,cha141,0.0,0.003429,0.0,0.0,0.003429,0.0,0.0,0.0,2019-12-17
22,142,cha142,0.0,0.0003115,0.0,0.0,0.0003115,0.0,0.0,0.0,2019-12-17
23,146,cha146,0.0,0.001279,0.0,0.0,0.001279,0.0,0.0,0.0,2019-12-17
24,148,cha148,0.0,0.004577,0.0,0.0,0.004577,0.0,0.0,0.0,2019-12-17
25,153,cha153,0.0,0.9484,0.0,0.0,0.9484,0.0,0.0,0.0,2019-12-17
26,155,cha155,0.0,0.1631,0.0,0.0,0.1631,0.0,0.0,0.0,2019-12-17
27,158,cha158,0.0,0.0454,0.0,0.0,0.0454,0.0,0.0,0.0,2019-12-17
28,161,cha161,0.0,0.1246,0.0,0.0,0.1246,0.0,0.0,0.0,2019-12-17
29,162,cha162,0.0,0.0005362,0.0,0.0,0.0005362,0.0,0.0,0.0,2019-12-17
30,165,cha165,0.0,0.04318,0.0,0.0,0.04318,0.0,0.0,0.0,2019-12-17
31,166,cha166,0.0,0.001328,0.0,0.0,0.001328,0.0,0.0,0.0,2019-12-17
32,167,cha167,0.0,0.1221,0.0,0.0,0.1221,0.0,0.0,0.0,2019-12-17
33,168,cha168,0.0,0.0004803,0.0,0.0,0.0004803,0.0,0.0,0.0,2019-12-17
34,169,cha169,0.0,0.0412,0.0,0.0,0.0412,0.0,0.0,0.0,2019-12-17
35,170,cha170,0.0,0.002949,0.0,0.0,0.002949,0.0,0.0,0.0,2019-12-17
36,171,cha171,0.0,0.001804,0.0,0.0,0.001804,0.0,0.0,0.0,2019-12-17
37,173,cha173,0.0,0.04055,0.0,0.0,0.04055,0.0,0.0,0.0,2019-12-17
1,29,cha029,0.0,0.0,0.0,0.0,0.0,0.0,0.0,0.0,2019-12-18
2,35,cha035,0.0,0.0,0.0,0.0,0.0,0.0,0.0,0.0,2019-12-18
3,37,cha037,0.0,0.0,0.0,0.0,0.0,0.0,0.0,0.0,2019-12-18
4,38,cha038,0.0,0.03546,0.0,0.0,0.03546,0.0,0.0,0.0,2019-12-18
5,39,cha039,0.0,0.0,0.0,0.0,0.0,0.0,0.0,0.0,2019-12-18
6,41,cha041,0.0,0.0,0.0,0.0,0.0,0.0,0.0,0.0,2019-12-18
7,43,cha043,0.0,0.0,0.0,0.0,0.0,0.0,0.0,0.0,2019-12-18
8,44,cha044,0.0,0.0,0.0,0.0,0.0,0.0,0.0,0.0,2019-12-18
9,45,cha045,0.0,0.0,0.0,0.0,0.0,0.0,0.0,0.0,2019-12-18
10,50,cha050,0.0,0.0,0.0,0.0,0.0,0.0,0.0,0.0,2019-12-18
11,51,cha051,0.0,0.0,0.0,0.0,0.0,0.0,0.0,0.0,2019-12-18
12,54,cha054,0.0,0.0,0.0,0.0,0.0,0.0,0.0,0.0,2019-12-18
13,57,cha057,0.0,0.1179,0.0,0.0,0.1179,0.0,0.0,0.0,2019-12-18
14,59,cha059,0.0,0.0,0.0,0.0,0.0,0.0,0.0,0.0,2019-12-18
15,64,cha064,0.0,0.1303,0.0,0.0,0.1303,0.0,0.0,0.0,2019-12-18
16,66,cha066,0.0,0.0,0.0,0.0,0.0,0.0,0.0,0.0,2019-12-18
17,70,cha070,0.0,0.0,0.0,0.0,0.0,0.0,0.0,0.0,2019-12-18
18,71,cha071,0.0,0.0,0.0,0.0,0.0,0.0,0.0,0.0,2019-12-18
19,74,cha074,0.0,0.0,0.0,0.0,0.0,0.0,0.0,0.0,2019-12-18
20,138,cha138,0.0,0.1797,0.0,0.0,0.1797,0.0,0.0,0.0,2019-12-18
21,141,cha141,0.0,0.003394,0.0,0.0,0.003394,0.0,0.0,0.0,2019-12-18
22,142,cha142,0.0,0.0003105,0.0,0.0,0.0003105,0.0,0.0,0.0,2019-12-18
23,146,cha146,0.0,0.00127,0.0,0.0,0.00127,0.0,0.0,0.0,2019-12-18
24,148,cha148,0.0,0.004537,0.0,0.0,0.004537,0.0,0.0,0.0,2019-12-18
25,153,cha153,0.0,0.9367,0.0,0.0,0.9367,0.0,0.0,0.0,2019-12-18
26,155,cha155,0.0,0.1614,0.0,0.0,0.1614,0.0,0.0,0.0,2019-12-18
27,158,cha158,0.0,0.04463,0.0,0.0,0.04463,0.0,0.0,0.0,2019-12-18
28,161,cha161,0.0,0.1229,0.0,0.0,0.1229,0.0,0.0,0.0,2019-12-18
29,162,cha162,0.0,0.0005294,0.0,0.0,0.0005294,0.0,0.0,0.0,2019-12-18
30,165,cha165,0.0,0.04244,0.0,0.0,0.04244,0.0,0.0,0.0,2019-12-18
31,166,cha166,0.0,0.001306,0.0,0.0,0.001306,0.0,0.0,0.0,2019-12-18
32,167,cha167,0.0,0.1203,0.0,0.0,0.1203,0.0,0.0,0.0,2019-12-18
33,168,cha168,0.0,0.0004736,0.0,0.0,0.0004736,0.0,0.0,0.0,2019-12-18
34,169,cha169,0.0,0.04046,0.0,0.0,0.04046,0.0,0.0,0.0,2019-12-18
35,170,cha170,0.0,0.002897,0.0,0.0,0.002897,0.0,0.0,0.0,2019-12-18
36,171,cha171,0.0,0.001771,0.0,0.0,0.001771,0.0,0.0,0.0,2019-12-18
37,173,cha173,0.0,0.03982,0.0,0.0,0.03982,0.0,0.0,0.0,2019-12-18
1,29,cha029,0.0,0.0,0.0,0.0,0.0,0.0,0.0,0.0,2019-12-19
2,35,cha035,0.0,0.0,0.0,0.0,0.0,0.0,0.0,0.0,2019-12-19
3,37,cha037,0.0,0.0,0.0,0.0,0.0,0.0,0.0,0.0,2019-12-19
4,38,cha038,0.0,0.03483,0.0,0.0,0.03483,0.0,0.0,0.0,2019-12-19
5,39,cha039,0.0,0.0,0.0,0.0,0.0,0.0,0.0,0.0,2019-12-19
6,41,cha041,0.0,0.0,0.0,0.0,0.0,0.0,0.0,0.0,2019-12-19
7,43,cha043,0.0,0.0,0.0,0.0,0.0,0.0,0.0,0.0,2019-12-19
8,44,cha044,0.0,0.0,0.0,0.0,0.0,0.0,0.0,0.0,2019-12-19
9,45,cha045,0.0,0.0,0.0,0.0,0.0,0.0,0.0,0.0,2019-12-19
10,50,cha050,0.0,0.0,0.0,0.0,0.0,0.0,0.0,0.0,2019-12-19
11,51,cha051,0.0,0.0,0.0,0.0,0.0,0.0,0.0,0.0,2019-12-19
12,54,cha054,0.0,0.0,0.0,0.0,0.0,0.0,0.0,0.0,2019-12-19
13,57,cha057,0.0,0.1163,0.0,0.0,0.1163,0.0,0.0,0.0,2019-12-19
14,59,cha059,0.0,0.0,0.0,0.0,0.0,0.0,0.0,0.0,2019-12-19
15,64,cha064,0.0,0.1287,0.0,0.0,0.1287,0.0,0.0,0.0,2019-12-19
16,66,cha066,0.0,0.0,0.0,0.0,0.0,0.0,0.0,0.0,2019-12-19
17,70,cha070,0.0,0.0,0.0,0.0,0.0,0.0,0.0,0.0,2019-12-19
18,71,cha071,0.0,0.0,0.0,0.0,0.0,0.0,0.0,0.0,2019-12-19
19,74,cha074,0.0,0.0,0.0,0.0,0.0,0.0,0.0,0.0,2019-12-19
20,138,cha138,0.0,0.5043,0.0,0.0,0.5043,0.0,0.0,0.0,2019-12-19
21,141,cha141,0.0,0.2498,0.0,0.0,0.2498,0.0,0.0,0.0,2019-12-19
22,142,cha142,0.0,0.03264,0.0,0.0,0.03264,0.0,0.0,0.0,2019-12-19
23,146,cha146,0.0,0.1164,0.0,0.0,0.1164,0.0,0.0,0.0,2019-12-19
24,148,cha148,0.0,0.3313,0.0,0.0,0.3313,0.0,0.0,0.0,2019-12-19
25,153,cha153,0.0,2.123,0.0,0.0,2.123,0.0,0.0,0.0,2019-12-19
26,155,cha155,0.0,1.358,0.0,0.0,1.358,0.0,0.0,0.0,2019-12-19
27,158,cha158,0.0,0.9414,0.0,0.0,0.9414,0.0,0.0,0.0,2019-12-19
28,161,cha161,0.0,1.194,0.0,0.0,1.194,0.0,0.0,0.0,2019-12-19
29,162,cha162,0.0,0.05269,0.0,0.0,0.05269,0.0,0.0,0.0,2019-12-19
30,165,cha165,0.0,0.7754,0.0,0.0,0.7754,0.0,0.0,0.0,2019-12-19
31,166,cha166,0.0,0.1332,0.0,0.0,0.1332,0.0,0.0,0.0,2019-12-19
32,167,cha167,0.0,1.079,0.0,0.0,1.079,0.0,0.0,0.0,2019-12-19
33,168,cha168,0.0,0.0483,0.0,0.0,0.0483,0.0,0.0,0.0,2019-12-19
34,169,cha169,0.0,0.6235,0.0,0.0,0.6235,0.0,0.0,0.0,2019-12-19
35,170,cha170,0.0,0.3699,0.0,0.0,0.3699,0.0,0.0,0.0,2019-12-19
36,171,cha171,0.0,0.2515,0.0,0.0,0.2515,0.0,0.0,0.0,2019-12-19
37,173,cha173,0.0,0.5578,0.0,0.0,0.5578,0.0,0.0,0.0,2019-12-19
1,29,cha029,0.0,0.0,0.0,0.0,0.0,0.0,0.0,0.0,2019-12-20
2,35,cha035,0.0,0.0,0.0,0.0,0.0,0.0,0.0,0.0,2019-12-20
3,37,cha037,0.0,0.0,0.0,0.0,0.0,0.0,0.0,0.0,2019-12-20
4,38,cha038,0.0,0.03484,0.0,0.0,0.03484,0.0,0.0,0.0,2019-12-20
5,39,cha039,0.0,0.0,0.0,0.0,0.0,0.0,0.0,0.0,2019-12-20
6,41,cha041,0.0,0.0,0.0,0.0,0.0,0.0,0.0,0.0,2019-12-20
7,43,cha043,0.0,0.0,0.0,0.0,0.0,0.0,0.0,0.0,2019-12-20
8,44,cha044,0.0,0.0,0.0,0.0,0.0,0.0,0.0,0.0,2019-12-20
9,45,cha045,0.0,0.0,0.0,0.0,0.0,0.0,0.0,0.0,2019-12-20
10,50,cha050,0.0,0.0,0.0,0.0,0.0,0.0,0.0,0.0,2019-12-20
11,51,cha051,0.0,0.0,0.0,0.0,0.0,0.0,0.0,0.0,2019-12-20
12,54,cha054,0.0,0.0,0.0,0.0,0.0,0.0,0.0,0.0,2019-12-20
13,57,cha057,0.0,0.1146,0.0,0.0,0.1146,0.0,0.0,0.0,2019-12-20
14,59,cha059,0.0,0.0,0.0,0.0,0.0,0.0,0.0,0.0,2019-12-20
15,64,cha064,0.0,0.127,0.0,0.0,0.127,0.0,0.0,0.0,2019-12-20
16,66,cha066,0.0,0.0,0.0,0.0,0.0,0.0,0.0,0.0,2019-12-20
17,70,cha070,0.0,0.0,0.0,0.0,0.0,0.0,0.0,0.0,2019-12-20
18,71,cha071,0.0,0.0,0.0,0.0,0.0,0.0,0.0,0.0,2019-12-20
19,74,cha074,0.0,0.0,0.0,0.0,0.0,0.0,0.0,0.0,2019-12-20
20,138,cha138,0.0,0.3557,0.0,0.0,0.3557,0.0,0.0,0.0,2019-12-20
21,141,cha141,0.0,0.1436,0.0,0.0,0.1436,0.0,0.0,0.0,2019-12-20
22,142,cha142,0.0,0.01729,0.0,0.0,0.01729,0.0,0.0,0.0,2019-12-20
23,146,cha146,0.0,0.06045,0.0,0.0,0.06045,0.0,0.0,0.0,2019-12-20
24,148,cha148,0.0,0.1848,0.0,0.0,0.1848,0.0,0.0,0.0,2019-12-20
25,153,cha153,0.0,1.513,0.0,0.0,1.513,0.0,0.0,0.0,2019-12-20
26,155,cha155,0.0,0.759,0.0,0.0,0.759,0.0,0.0,0.0,2019-12-20
27,158,cha158,0.0,0.4964,0.0,0.0,0.4964,0.0,0.0,0.0,2019-12-20
28,161,cha161,0.0,0.6613,0.0,0.0,0.6613,0.0,0.0,0.0,2019-12-20
29,162,cha162,0.0,0.02776,0.0,0.0,0.02776,0.0,0.0,0.0,2019-12-20
30,165,cha165,0.0,0.4127,0.0,0.0,0.4127,0.0,0.0,0.0,2019-12-20
31,166,cha166,0.0,0.07494,0.0,0.0,0.07494,0.0,0.0,0.0,2019-12-20
32,167,cha167,0.0,0.6031,0.0,0.0,0.6031,0.0,0.0,0.0,2019-12-20
33,168,cha168,0.0,0.02304,0.0,0.0,0.02304,0.0,0.0,0.0,2019-12-20
34,169,cha169,0.0,0.3383,0.0,0.0,0.3383,0.0,0.0,0.0,2019-12-20
35,170,cha170,0.0,0.1902,0.0,0.0,0.1902,0.0,0.0,0.0,2019-12-20
36,171,cha171,0.0,0.1309,0.0,0.0,0.1309,0.0,0.0,0.0,2019-12-20
37,173,cha173,0.0,0.305,0.0,0.0,0.305,0.0,0.0,0.0,2019-12-20
1,29,cha029,0.0,0.0,0.0,0.0,0.0,0.0,0.0,0.0,2019-12-21
2,35,cha035,0.0,0.0,0.0,0.0,0.0,0.0,0.0,0.0,2019-12-21
3,37,cha037,0.0,0.0,0.0,0.0,0.0,0.0,0.0,0.0,2019-12-21
4,38,cha038,0.0,0.03484,0.0,0.0,0.03484,0.0,0.0,0.0,2019-12-21
5,39,cha039,0.0,0.0,0.0,0.0,0.0,0.0,0.0,0.0,2019-12-21
6,41,cha041,0.0,0.0,0.0,0.0,0.0,0.0,0.0,0.0,2019-12-21
7,43,cha043,0.0,0.0,0.0,0.0,0.0,0.0,0.0,0.0,2019-12-21
8,44,cha044,0.0,0.0,0.0,0.0,0.0,0.0,0.0,0.0,2019-12-21
9,45,cha045,0.0,0.0,0.0,0.0,0.0,0.0,0.0,0.0,2019-12-21
10,50,cha050,0.0,0.0,0.0,0.0,0.0,0.0,0.0,0.0,2019-12-21
11,51,cha051,0.0,0.0,0.0,0.0,0.0,0.0,0.0,0.0,2019-12-21
12,54,cha054,0.0,0.0,0.0,0.0,0.0,0.0,0.0,0.0,2019-12-21
13,57,cha057,0.0,0.1129,0.0,0.0,0.1129,0.0,0.0,0.0,2019-12-21
14,59,cha059,0.0,0.0,0.0,0.0,0.0,0.0,0.0,0.0,2019-12-21
15,64,cha064,0.0,0.1252,0.0,0.0,0.1252,0.0,0.0,0.0,2019-12-21
16,66,cha066,0.0,0.0,0.0,0.0,0.0,0.0,0.0,0.0,2019-12-21
17,70,cha070,0.0,0.0,0.0,0.0,0.0,0.0,0.0,0.0,2019-12-21
18,71,cha071,0.0,0.0,0.0,0.0,0.0,0.0,0.0,0.0,2019-12-21
19,74,cha074,0.0,0.0,0.0,0.0,0.0,0.0,0.0,0.0,2019-12-21
20,138,cha138,0.0,0.2748,0.0,0.0,0.2748,0.0,0.0,0.0,2019-12-21
21,141,cha141,0.0,0.08462,0.0,0.0,0.08462,0.0,0.0,0.0,2019-12-21
22,142,cha142,0.0,0.009223,0.0,0.0,0.009223,0.0,0.0,0.0,2019-12-21
23,146,cha146,0.0,0.03212,0.0,0.0,0.03212,0.0,0.0,0.0,2019-12-21
24,148,cha148,0.0,0.1063,0.0,0.0,0.1063,0.0,0.0,0.0,2019-12-21
25,153,cha153,0.0,1.206,0.0,0.0,1.206,0.0,0.0,0.0,2019-12-21
26,155,cha155,0.0,0.4635,0.0,0.0,0.4635,0.0,0.0,0.0,2019-12-21
27,158,cha158,0.0,0.2756,0.0,0.0,0.2756,0.0,0.0,0.0,2019-12-21
28,161,cha161,0.0,0.3966,0.0,0.0,0.3966,0.0,0.0,0.0,2019-12-21
29,162,cha162,0.0,0.01475,0.0,0.0,0.01475,0.0,0.0,0.0,2019-12-21
30,165,cha165,0.0,0.2312,0.0,0.0,0.2312,0.0,0.0,0.0,2019-12-21
31,166,cha166,0.0,0.04239,0.0,0.0,0.04239,0.0,0.0,0.0,2019-12-21
32,167,cha167,0.0,0.3655,0.0,0.0,0.3655,0.0,0.0,0.0,2019-12-21
33,168,cha168,0.0,0.01112,0.0,0.0,0.01112,0.0,0.0,0.0,2019-12-21
34,169,cha169,0.0,0.1939,0.0,0.0,0.1939,0.0,0.0,0.0,2019-12-21
35,170,cha170,0.0,0.09944,0.0,0.0,0.09944,0.0,0.0,0.0,2019-12-21
36,171,cha171,0.0,0.06932,0.0,0.0,0.06932,0.0,0.0,0.0,2019-12-21
37,173,cha173,0.0,0.1764,0.0,0.0,0.1764,0.0,0.0,0.0,2019-12-21
1,29,cha029,0.0,0.0,0.0,0.0,0.0,0.0,0.0,0.0,2019-12-22
2,35,cha035,0.0,0.0,0.0,0.0,0.0,0.0,0.0,0.0,2019-12-22
3,37,cha037,0.0,0.0,0.0,0.0,0.0,0.0,0.0,0.0,2019-12-22
4,38,cha038,0.0,0.03484,0.0,0.0,0.03484,0.0,0.0,0.0,2019-12-22
5,39,cha039,0.0,0.0,0.0,0.0,0.0,0.0,0.0,0.0,2019-12-22
6,41,cha041,0.0,0.0,0.0,0.0,0.0,0.0,0.0,0.0,2019-12-22
7,43,cha043,0.0,0.0,0.0,0.0,0.0,0.0,0.0,0.0,2019-12-22
8,44,cha044,0.0,0.0,0.0,0.0,0.0,0.0,0.0,0.0,2019-12-22
9,45,cha045,0.0,0.0,0.0,0.0,0.0,0.0,0.0,0.0,2019-12-22
10,50,cha050,0.0,0.0,0.0,0.0,0.0,0.0,0.0,0.0,2019-12-22
11,51,cha051,0.0,0.0,0.0,0.0,0.0,0.0,0.0,0.0,2019-12-22
12,54,cha054,0.0,0.0,0.0,0.0,0.0,0.0,0.0,0.0,2019-12-22
13,57,cha057,0.0,0.1112,0.0,0.0,0.1112,0.0,0.0,0.0,2019-12-22
14,59,cha059,0.0,0.0,0.0,0.0,0.0,0.0,0.0,0.0,2019-12-22
15,64,cha064,0.0,0.1234,0.0,0.0,0.1234,0.0,0.0,0.0,2019-12-22
16,66,cha066,0.0,0.0,0.0,0.0,0.0,0.0,0.0,0.0,2019-12-22
17,70,cha070,0.0,0.0,0.0,0.0,0.0,0.0,0.0,0.0,2019-12-22
18,71,cha071,0.0,0.0,0.0,0.0,0.0,0.0,0.0,0.0,2019-12-22
19,74,cha074,0.0,0.0,0.0,0.0,0.0,0.0,0.0,0.0,2019-12-22
20,138,cha138,0.0,0.2291,0.0,0.0,0.2291,0.0,0.0,0.0,2019-12-22
21,141,cha141,0.0,0.05103,0.0,0.0,0.05103,0.0,0.0,0.0,2019-12-22
22,142,cha142,0.0,0.00499,0.0,0.0,0.00499,0.0,0.0,0.0,2019-12-22
23,146,cha146,0.0,0.01754,0.0,0.0,0.01754,0.0,0.0,0.0,2019-12-22
24,148,cha148,0.0,0.06293,0.0,0.0,0.06293,0.0,0.0,0.0,2019-12-22
25,153,cha153,0.0,1.046,0.0,0.0,1.046,0.0,0.0,0.0,2019-12-22
26,155,cha155,0.0,0.3144,0.0,0.0,0.3144,0.0,0.0,0.0,2019-12-22
27,158,cha158,0.0,0.1639,0.0,0.0,0.1639,0.0,0.0,0.0,2019-12-22
28,161,cha161,0.0,0.262,0.0,0.0,0.262,0.0,0.0,0.0,2019-12-22
29,162,cha162,0.0,0.007952,0.0,0.0,0.007952,0.0,0.0,0.0,2019-12-22
30,165,cha165,0.0,0.1393,0.0,0.0,0.1393,0.0,0.0,0.0,2019-12-22
31,166,cha166,0.0,0.02422,0.0,0.0,0.02422,0.0,0.0,0.0,2019-12-22
32,167,cha167,0.0,0.2444,0.0,0.0,0.2444,0.0,0.0,0.0,2019-12-22
33,168,cha168,0.0,0.005494,0.0,0.0,0.005494,0.0,0.0,0.0,2019-12-22
34,169,cha169,0.0,0.1199,0.0,0.0,0.1199,0.0,0.0,0.0,2019-12-22
35,170,cha170,0.0,0.05303,0.0,0.0,0.05303,0.0,0.0,0.0,2019-12-22
36,171,cha171,0.0,0.03746,0.0,0.0,0.03746,0.0,0.0,0.0,2019-12-22
37,173,cha173,0.0,0.1104,0.0,0.0,0.1104,0.0,0.0,0.0,2019-12-22
1,29,cha029,0.0,0.0,0.0,0.0,0.0,0.0,0.0,0.0,2019-12-23
2,35,cha035,0.0,0.0,0.0,0.0,0.0,0.0,0.0,0.0,2019-12-23
3,37,cha037,0.0,0.0,0.0,0.0,0.0,0.0,0.0,0.0,2019-12-23
4,38,cha038,0.0,0.03501,0.0,0.0,0.03501,0.0,0.0,0.0,2019-12-23
5,39,cha039,0.0,0.0,0.0,0.0,0.0,0.0,0.0,0.0,2019-12-23
6,41,cha041,0.0,0.0,0.0,0.0,0.0,0.0,0.0,0.0,2019-12-23
7,43,cha043,0.0,0.0,0.0,0.0,0.0,0.0,0.0,0.0,2019-12-23
8,44,cha044,0.0,0.0,0.0,0.0,0.0,0.0,0.0,0.0,2019-12-23
9,45,cha045,0.0,0.0,0.0,0.0,0.0,0.0,0.0,0.0,2019-12-23
10,50,cha050,0.0,0.0,0.0,0.0,0.0,0.0,0.0,0.0,2019-12-23
11,51,cha051,0.0,0.0,0.0,0.0,0.0,0.0,0.0,0.0,2019-12-23
12,54,cha054,0.0,0.0,0.0,0.0,0.0,0.0,0.0,0.0,2019-12-23
13,57,cha057,0.0,0.1094,0.0,0.0,0.1094,0.0,0.0,0.0,2019-12-23
14,59,cha059,0.0,0.0,0.0,0.0,0.0,0.0,0.0,0.0,2019-12-23
15,64,cha064,0.0,0.1215,0.0,0.0,0.1215,0.0,0.0,0.0,2019-12-23
16,66,cha066,0.0,0.0,0.0,0.0,0.0,0.0,0.0,0.0,2019-12-23
17,70,cha070,0.0,0.0,0.0,0.0,0.0,0.0,0.0,0.0,2019-12-23
18,71,cha071,0.0,0.0,0.0,0.0,0.0,0.0,0.0,0.0,2019-12-23
19,74,cha074,0.0,0.0,0.0,0.0,0.0,0.0,0.0,0.0,2019-12-23
20,138,cha138,0.0,0.2021,0.0,0.0,0.2021,0.0,0.0,0.0,2019-12-23
21,141,cha141,0.0,0.03159,0.0,0.0,0.03159,0.0,0.0,0.0,2019-12-23
22,142,cha142,0.0,0.002767,0.0,0.0,0.002767,0.0,0.0,0.0,2019-12-23
23,146,cha146,0.0,0.009931,0.0,0.0,0.009931,0.0,0.0,0.0,2019-12-23
24,148,cha148,0.0,0.03843,0.0,0.0,0.03843,0.0,0.0,0.0,2019-12-23
25,153,cha153,0.0,0.958,0.0,0.0,0.958,0.0,0.0,0.0,2019-12-23
26,155,cha155,0.0,0.2385,0.0,0.0,0.2385,0.0,0.0,0.0,2019-12-23
27,158,cha158,0.0,0.1067,0.0,0.0,0.1067,0.0,0.0,0.0,2019-12-23
28,161,cha161,0.0,0.1924,0.0,0.0,0.1924,0.0,0.0,0.0,2019-12-23
29,162,cha162,0.0,0.004404,0.0,0.0,0.004404,0.0,0.0,0.0,2019-12-23
30,165,cha165,0.0,0.09246,0.0,0.0,0.09246,0.0,0.0,0.0,2019-12-23
31,166,cha166,0.0,0.01408,0.0,0.0,0.01408,0.0,0.0,0.0,2019-12-23
32,167,cha167,0.0,0.1818,0.0,0.0,0.1818,0.0,0.0,0.0,2019-12-23
33,168,cha168,0.0,0.002841,0.0,0.0,0.002841,0.0,0.0,0.0,2019-12-23
34,169,cha169,0.0,0.08187,0.0,0.0,0.08187,0.0,0.0,0.0,2019-12-23
35,170,cha170,0.0,0.0291,0.0,0.0,0.0291,0.0,0.0,0.0,2019-12-23
36,171,cha171,0.0,0.02078,0.0,0.0,0.02078,0.0,0.0,0.0,2019-12-23
37,173,cha173,0.0,0.07648,0.0,0.0,0.07648,0.0,0.0,0.0,2019-12-23
1,29,cha029,0.0,0.0,0.0,0.0,0.0,0.0,0.0,0.0,2019-12-24
2,35,cha035,0.0,0.0,0.0,0.0,0.0,0.0,0.0,0.0,2019-12-24
3,37,cha037,0.0,0.0,0.0,0.0,0.0,0.0,0.0,0.0,2019-12-24
4,38,cha038,0.0,0.0354,0.0,0.0,0.0354,0.0,0.0,0.0,2019-12-24
5,39,cha039,0.0,0.0,0.0,0.0,0.0,0.0,0.0,0.0,2019-12-24
6,41,cha041,0.0,0.0,0.0,0.0,0.0,0.0,0.0,0.0,2019-12-24
7,43,cha043,0.0,0.0,0.0,0.0,0.0,0.0,0.0,0.0,2019-12-24
8,44,cha044,0.0,0.0,0.0,0.0,0.0,0.0,0.0,0.0,2019-12-24
9,45,cha045,0.0,0.0,0.0,0.0,0.0,0.0,0.0,0.0,2019-12-24
10,50,cha050,0.0,0.0,0.0,0.0,0.0,0.0,0.0,0.0,2019-12-24
11,51,cha051,0.0,0.0,0.0,0.0,0.0,0.0,0.0,0.0,2019-12-24
12,54,cha054,0.0,0.0,0.0,0.0,0.0,0.0,0.0,0.0,2019-12-24
13,57,cha057,0.0,0.1076,0.0,0.0,0.1076,0.0,0.0,0.0,2019-12-24
14,59,cha059,0.0,0.0,0.0,0.0,0.0,0.0,0.0,0.0,2019-12-24
15,64,cha064,0.0,0.1196,0.0,0.0,0.1196,0.0,0.0,0.0,2019-12-24
16,66,cha066,0.0,0.0,0.0,0.0,0.0,0.0,0.0,0.0,2019-12-24
17,70,cha070,0.0,0.0,0.0,0.0,0.0,0.0,0.0,0.0,2019-12-24
18,71,cha071,0.0,0.0,0.0,0.0,0.0,0.0,0.0,0.0,2019-12-24
19,74,cha074,0.0,0.0,0.0,0.0,0.0,0.0,0.0,0.0,2019-12-24
20,138,cha138,0.0,0.1855,0.0,0.0,0.1855,0.0,0.0,0.0,2019-12-24
21,141,cha141,0.0,0.0202,0.0,0.0,0.0202,0.0,0.0,0.0,2019-12-24
22,142,cha142,0.0,0.0016,0.0,0.0,0.0016,0.0,0.0,0.0,2019-12-24
23,146,cha146,0.0,0.005914,0.0,0.0,0.005914,0.0,0.0,0.0,2019-12-24
24,148,cha148,0.0,0.02439,0.0,0.0,0.02439,0.0,0.0,0.0,2019-12-24
25,153,cha153,0.0,0.9069,0.0,0.0,0.9069,0.0,0.0,0.0,2019-12-24
26,155,cha155,0.0,0.1994,0.0,0.0,0.1994,0.0,0.0,0.0,2019-12-24
27,158,cha158,0.0,0.0774,0.0,0.0,0.0774,0.0,0.0,0.0,2019-12-24
28,161,cha161,0.0,0.156,0.0,0.0,0.156,0.0,0.0,0.0,2019-12-24
29,162,cha162,0.0,0.002552,0.0,0.0,0.002552,0.0,0.0,0.0,2019-12-24
30,165,cha165,0.0,0.06865,0.0,0.0,0.06865,0.0,0.0,0.0,2019-12-24
31,166,cha166,0.0,0.008424,0.0,0.0,0.008424,0.0,0.0,0.0,2019-12-24
32,167,cha167,0.0,0.149,0.0,0.0,0.149,0.0,0.0,0.0,2019-12-24
33,168,cha168,0.0,0.00159,0.0,0.0,0.00159,0.0,0.0,0.0,2019-12-24
34,169,cha169,0.0,0.06239,0.0,0.0,0.06239,0.0,0.0,0.0,2019-12-24
35,170,cha170,0.0,0.01666,0.0,0.0,0.01666,0.0,0.0,0.0,2019-12-24
36,171,cha171,0.0,0.01195,0.0,0.0,0.01195,0.0,0.0,0.0,2019-12-24
37,173,cha173,0.0,0.05918,0.0,0.0,0.05918,0.0,0.0,0.0,2019-12-24
1,29,cha029,0.0,0.0,0.0,0.0,0.0,0.0,0.0,0.0,2019-12-25
2,35,cha035,0.0,0.0,0.0,0.0,0.0,0.0,0.0,0.0,2019-12-25
3,37,cha037,0.0,0.0,0.0,0.0,0.0,0.0,0.0,0.0,2019-12-25
4,38,cha038,0.0,0.03577,0.0,0.0,0.03577,0.0,0.0,0.0,2019-12-25
5,39,cha039,0.0,0.0,0.0,0.0,0.0,0.0,0.0,0.0,2019-12-25
6,41,cha041,0.0,0.0,0.0,0.0,0.0,0.0,0.0,0.0,2019-12-25
7,43,cha043,0.0,0.0,0.0,0.0,0.0,0.0,0.0,0.0,2019-12-25
8,44,cha044,0.0,0.0,0.0,0.0,0.0,0.0,0.0,0.0,2019-12-25
9,45,cha045,0.0,0.0,0.0,0.0,0.0,0.0,0.0,0.0,2019-12-25
10,50,cha050,0.0,0.0,0.0,0.0,0.0,0.0,0.0,0.0,2019-12-25
11,51,cha051,0.0,0.0,0.0,0.0,0.0,0.0,0.0,0.0,2019-12-25
12,54,cha054,0.0,0.0,0.0,0.0,0.0,0.0,0.0,0.0,2019-12-25
13,57,cha057,0.0,0.1057,0.0,0.0,0.1057,0.0,0.0,0.0,2019-12-25
14,59,cha059,0.0,0.0,0.0,0.0,0.0,0.0,0.0,0.0,2019-12-25
15,64,cha064,0.0,0.1177,0.0,0.0,0.1177,0.0,0.0,0.0,2019-12-25
16,66,cha066,0.0,0.0,0.0,0.0,0.0,0.0,0.0,0.0,2019-12-25
17,70,cha070,0.0,0.0,0.0,0.0,0.0,0.0,0.0,0.0,2019-12-25
18,71,cha071,0.0,0.0,0.0,0.0,0.0,0.0,0.0,0.0,2019-12-25
19,74,cha074,0.0,0.0,0.0,0.0,0.0,0.0,0.0,0.0,2019-12-25
20,138,cha138,0.0,0.1748,0.0,0.0,0.1748,0.0,0.0,0.0,2019-12-25
21,141,cha141,0.0,0.01348,0.0,0.0,0.01348,0.0,0.0,0.0,2019-12-25
22,142,cha142,0.0,0.0009872,0.0,0.0,0.0009872,0.0,0.0,0.0,2019-12-25
23,146,cha146,0.0,0.003774,0.0,0.0,0.003774,0.0,0.0,0.0,2019-12-25
24,148,cha148,0.0,0.01626,0.0,0.0,0.01626,0.0,0.0,0.0,2019-12-25
25,153,cha153,0.0,0.8743,0.0,0.0,0.8743,0.0,0.0,0.0,2019-12-25
26,155,cha155,0.0,0.1789,0.0,0.0,0.1789,0.0,0.0,0.0,2019-12-25
27,158,cha158,0.0,0.06226,0.0,0.0,0.06226,0.0,0.0,0.0,2019-12-25
28,161,cha161,0.0,0.1365,0.0,0.0,0.1365,0.0,0.0,0.0,2019-12-25
29,162,cha162,0.0,0.001585,0.0,0.0,0.001585,0.0,0.0,0.0,2019-12-25
30,165,cha165,0.0,0.05649,0.0,0.0,0.05649,0.0,0.0,0.0,2019-12-25
31,166,cha166,0.0,0.005271,0.0,0.0,0.005271,0.0,0.0,0.0,2019-12-25
32,167,cha167,0.0,0.1315,0.0,0.0,0.1315,0.0,0.0,0.0,2019-12-25
33,168,cha168,0.0,0.0009999,0.0,0.0,0.0009999,0.0,0.0,0.0,2019-12-25
34,169,cha169,0.0,0.05237,0.0,0.0,0.05237,0.0,0.0,0.0,2019-12-25
35,170,cha170,0.0,0.01016,0.0,0.0,0.01016,0.0,0.0,0.0,2019-12-25
36,171,cha171,0.0,0.007243,0.0,0.0,0.007243,0.0,0.0,0.0,2019-12-25
37,173,cha173,0.0,0.05032,0.0,0.0,0.05032,0.0,0.0,0.0,2019-12-25
1,29,cha029,0.0,0.0,0.0,0.0,0.0,0.0,0.0,0.0,2019-12-26
2,35,cha035,0.0,0.0,0.0,0.0,0.0,0.0,0.0,0.0,2019-12-26
3,37,cha037,0.0,0.0,0.0,0.0,0.0,0.0,0.0,0.0,2019-12-26
4,38,cha038,0.0,0.03612,0.0,0.0,0.03612,0.0,0.0,0.0,2019-12-26
5,39,cha039,0.0,0.0,0.0,0.0,0.0,0.0,0.0,0.0,2019-12-26
6,41,cha041,0.0,0.0,0.0,0.0,0.0,0.0,0.0,0.0,2019-12-26
7,43,cha043,0.0,0.0,0.0,0.0,0.0,0.0,0.0,0.0,2019-12-26
8,44,cha044,0.0,0.0,0.0,0.0,0.0,0.0,0.0,0.0,2019-12-26
9,45,cha045,0.0,0.0,0.0,0.0,0.0,0.0,0.0,0.0,2019-12-26
10,50,cha050,0.0,0.0,0.0,0.0,0.0,0.0,0.0,0.0,2019-12-26
11,51,cha051,0.0,0.0,0.0,0.0,0.0,0.0,0.0,0.0,2019-12-26
12,54,cha054,0.0,0.0,0.0,0.0,0.0,0.0,0.0,0.0,2019-12-26
13,57,cha057,0.0,0.1039,0.0,0.0,0.1039,0.0,0.0,0.0,2019-12-26
14,59,cha059,0.0,0.0,0.0,0.0,0.0,0.0,0.0,0.0,2019-12-26
15,64,cha064,0.0,0.1157,0.0,0.0,0.1157,0.0,0.0,0.0,2019-12-26
16,66,cha066,0.0,0.0,0.0,0.0,0.0,0.0,0.0,0.0,2019-12-26
17,70,cha070,0.0,0.0,0.0,0.0,0.0,0.0,0.0,0.0,2019-12-26
18,71,cha071,0.0,0.0,0.0,0.0,0.0,0.0,0.0,0.0,2019-12-26
19,74,cha074,0.0,0.0,0.0,0.0,0.0,0.0,0.0,0.0,2019-12-26
20,138,cha138,0.0,0.1674,0.0,0.0,0.1674,0.0,0.0,0.0,2019-12-26
21,141,cha141,0.0,0.009471,0.0,0.0,0.009471,0.0,0.0,0.0,2019-12-26
22,142,cha142,0.0,0.0006655,0.0,0.0,0.0006655,0.0,0.0,0.0,2019-12-26
23,146,cha146,0.0,0.002626,0.0,0.0,0.002626,0.0,0.0,0.0,2019-12-26
24,148,cha148,0.0,0.0115,0.0,0.0,0.0115,0.0,0.0,0.0,2019-12-26
25,153,cha153,0.0,0.8511,0.0,0.0,0.8511,0.0,0.0,0.0,2019-12-26
26,155,cha155,0.0,0.1679,0.0,0.0,0.1679,0.0,0.0,0.0,2019-12-26
27,158,cha158,0.0,0.05446,0.0,0.0,0.05446,0.0,0.0,0.0,2019-12-26
28,161,cha161,0.0,0.1258,0.0,0.0,0.1258,0.0,0.0,0.0,2019-12-26
29,162,cha162,0.0,0.001081,0.0,0.0,0.001081,0.0,0.0,0.0,2019-12-26
30,165,cha165,0.0,0.05031,0.0,0.0,0.05031,0.0,0.0,0.0,2019-12-26
31,166,cha166,0.0,0.003513,0.0,0.0,0.003513,0.0,0.0,0.0,2019-12-26
32,167,cha167,0.0,0.1219,0.0,0.0,0.1219,0.0,0.0,0.0,2019-12-26
33,168,cha168,0.0,0.0007221,0.0,0.0,0.0007221,0.0,0.0,0.0,2019-12-26
34,169,cha169,0.0,0.04726,0.0,0.0,0.04726,0.0,0.0,0.0,2019-12-26
35,170,cha170,0.0,0.006741,0.0,0.0,0.006741,0.0,0.0,0.0,2019-12-26
36,171,cha171,0.0,0.004723,0.0,0.0,0.004723,0.0,0.0,0.0,2019-12-26
37,173,cha173,0.0,0.04585,0.0,0.0,0.04585,0.0,0.0,0.0,2019-12-26
1,29,cha029,0.0,0.0,0.0,0.0,0.0,0.0,0.0,0.0,2019-12-27
2,35,cha035,0.0,0.0,0.0,0.0,0.0,0.0,0.0,0.0,2019-12-27
3,37,cha037,0.0,0.0,0.0,0.0,0.0,0.0,0.0,0.0,2019-12-27
4,38,cha038,0.0,0.03646,0.0,0.0,0.03646,0.0,0.0,0.0,2019-12-27
5,39,cha039,0.0,0.0,0.0,0.0,0.0,0.0,0.0,0.0,2019-12-27
6,41,cha041,0.0,0.0,0.0,0.0,0.0,0.0,0.0,0.0,2019-12-27
7,43,cha043,0.0,0.0,0.0,0.0,0.0,0.0,0.0,0.0,2019-12-27
8,44,cha044,0.0,0.0,0.0,0.0,0.0,0.0,0.0,0.0,2019-12-27
9,45,cha045,0.0,0.0,0.0,0.0,0.0,0.0,0.0,0.0,2019-12-27
10,50,cha050,0.0,0.0,0.0,0.0,0.0,0.0,0.0,0.0,2019-12-27
11,51,cha051,0.0,0.0,0.0,0.0,0.0,0.0,0.0,0.0,2019-12-27
12,54,cha054,0.0,0.0,0.0,0.0,0.0,0.0,0.0,0.0,2019-12-27
13,57,cha057,0.0,0.102,0.0,0.0,0.102,0.0,0.0,0.0,2019-12-27
14,59,cha059,0.0,0.0,0.0,0.0,0.0,0.0,0.0,0.0,2019-12-27
15,64,cha064,0.0,0.1137,0.0,0.0,0.1137,0.0,0.0,0.0,2019-12-27
16,66,cha066,0.0,0.0,0.0,0.0,0.0,0.0,0.0,0.0,2019-12-27
17,70,cha070,0.0,0.0,0.0,0.0,0.0,0.0,0.0,0.0,2019-12-27
18,71,cha071,0.0,0.0,0.0,0.0,0.0,0.0,0.0,0.0,2019-12-27
19,74,cha074,0.0,0.0,0.0,0.0,0.0,0.0,0.0,0.0,2019-12-27
20,138,cha138,0.0,0.162,0.0,0.0,0.162,0.0,0.0,0.0,2019-12-27
21,141,cha141,0.0,0.007072,0.0,0.0,0.007072,0.0,0.0,0.0,2019-12-27
22,142,cha142,0.0,0.0004966,0.0,0.0,0.0004966,0.0,0.0,0.0,2019-12-27
23,146,cha146,0.0,0.002007,0.0,0.0,0.002007,0.0,0.0,0.0,2019-12-27
24,148,cha148,0.0,0.008695,0.0,0.0,0.008695,0.0,0.0,0.0,2019-12-27
25,153,cha153,0.0,0.966,0.0,0.0,0.966,0.0,0.0,0.0,2019-12-27
26,155,cha155,0.0,0.2951,0.0,0.0,0.2951,0.0,0.0,0.0,2019-12-27
27,158,cha158,0.0,0.1837,0.0,0.0,0.1837,0.0,0.0,0.0,2019-12-27
28,161,cha161,0.0,0.2528,0.0,0.0,0.2528,0.0,0.0,0.0,2019-12-27
29,162,cha162,0.0,0.0008581,0.0,0.0,0.0008581,0.0,0.0,0.0,2019-12-27
30,165,cha165,0.0,0.1803,0.0,0.0,0.1803,0.0,0.0,0.0,2019-12-27
31,166,cha166,0.0,0.05865,0.0,0.0,0.05865,0.0,0.0,0.0,2019-12-27
32,167,cha167,0.0,0.2495,0.0,0.0,0.2495,0.0,0.0,0.0,2019-12-27
33,168,cha168,0.0,0.001235,0.0,0.0,0.001235,0.0,0.0,0.0,2019-12-27
34,169,cha169,0.0,0.1772,0.0,0.0,0.1772,0.0,0.0,0.0,2019-12-27
35,170,cha170,0.0,0.1128,0.0,0.0,0.1128,0.0,0.0,0.0,2019-12-27
36,171,cha171,0.0,0.09996,0.0,0.0,0.09996,0.0,0.0,0.0,2019-12-27
37,173,cha173,0.0,0.1761,0.0,0.0,0.1761,0.0,0.0,0.0,2019-12-27
1,29,cha029,0.0,0.0,0.0,0.0,0.0,0.0,0.0,0.0,2019-12-28
2,35,cha035,0.0,0.0,0.0,0.0,0.0,0.0,0.0,0.0,2019-12-28
3,37,cha037,0.0,0.0,0.0,0.0,0.0,0.0,0.0,0.0,2019-12-28
4,38,cha038,0.0,0.03677,0.0,0.0,0.03677,0.0,0.0,0.0,2019-12-28
5,39,cha039,0.0,0.0,0.0,0.0,0.0,0.0,0.0,0.0,2019-12-28
6,41,cha041,0.0,0.0,0.0,0.0,0.0,0.0,0.0,0.0,2019-12-28
7,43,cha043,0.0,0.0,0.0,0.0,0.0,0.0,0.0,0.0,2019-12-28
8,44,cha044,0.0,0.0,0.0,0.0,0.0,0.0,0.0,0.0,2019-12-28
9,45,cha045,0.0,0.0,0.0,0.0,0.0,0.0,0.0,0.0,2019-12-28
10,50,cha050,0.0,0.0,0.0,0.0,0.0,0.0,0.0,0.0,2019-12-28
11,51,cha051,0.0,0.0,0.0,0.0,0.0,0.0,0.0,0.0,2019-12-28
12,54,cha054,0.0,0.0,0.0,0.0,0.0,0.0,0.0,0.0,2019-12-28
13,57,cha057,0.0,0.1001,0.0,0.0,0.1001,0.0,0.0,0.0,2019-12-28
14,59,cha059,0.0,0.0,0.0,0.0,0.0,0.0,0.0,0.0,2019-12-28
15,64,cha064,0.0,0.1117,0.0,0.0,0.1117,0.0,0.0,0.0,2019-12-28
16,66,cha066,0.0,0.0,0.0,0.0,0.0,0.0,0.0,0.0,2019-12-28
17,70,cha070,0.0,0.0,0.0,0.0,0.0,0.0,0.0,0.0,2019-12-28
18,71,cha071,0.0,0.0,0.0,0.0,0.0,0.0,0.0,0.0,2019-12-28
19,74,cha074,0.0,0.0,0.0,0.0,0.0,0.0,0.0,0.0,2019-12-28
20,138,cha138,0.0,10.75,0.0,0.0,10.75,0.0,0.0,0.0,2019-12-28
21,141,cha141,0.0,6.541,0.0,0.0,6.541,0.0,0.0,0.0,2019-12-28
22,142,cha142,0.0,1.017,0.0,0.0,1.017,0.0,0.0,0.0,2019-12-28
23,146,cha146,0.0,3.196,0.0,0.0,3.196,0.0,0.0,0.0,2019-12-28
24,148,cha148,0.0,9.125,0.0,0.0,9.125,0.0,0.0,0.0,2019-12-28
25,153,cha153,0.0,28.82,0.0,0.0,28.82,0.0,0.0,0.0,2019-12-28
26,155,cha155,0.0,24.54,0.0,0.0,24.54,0.0,0.0,0.0,2019-12-28
27,158,cha158,0.0,16.9,0.0,0.0,16.9,0.0,0.0,0.0,2019-12-28
28,161,cha161,0.0,22.66,0.0,0.0,22.66,0.0,0.0,0.0,2019-12-28
29,162,cha162,0.0,1.183,0.0,0.0,1.183,0.0,0.0,0.0,2019-12-28
30,165,cha165,0.0,13.39,0.0,0.0,13.39,0.0,0.0,0.0,2019-12-28
31,166,cha166,0.0,1.742,0.0,0.0,1.742,0.0,0.0,0.0,2019-12-28
32,167,cha167,0.0,19.27,0.0,0.0,19.27,0.0,0.0,0.0,2019-12-28
33,168,cha168,0.0,1.03,0.0,0.0,1.03,0.0,0.0,0.0,2019-12-28
34,169,cha169,0.0,9.908,0.0,0.0,9.908,0.0,0.0,0.0,2019-12-28
35,170,cha170,0.0,5.353,0.0,0.0,5.353,0.0,0.0,0.0,2019-12-28
36,171,cha171,0.0,3.362,0.0,0.0,3.362,0.0,0.0,0.0,2019-12-28
37,173,cha173,0.0,8.025,0.0,0.0,8.025,0.0,0.0,0.0,2019-12-28
1,29,cha029,0.0,0.0,0.0,0.0,0.0,0.0,0.0,0.0,2019-12-29
2,35,cha035,0.0,0.0,0.0,0.0,0.0,0.0,0.0,0.0,2019-12-29
3,37,cha037,0.0,0.0,0.0,0.0,0.0,0.0,0.0,0.0,2019-12-29
4,38,cha038,0.0,0.03707,0.0,0.0,0.03707,0.0,0.0,0.0,2019-12-29
5,39,cha039,0.0,0.0,0.0,0.0,0.0,0.0,0.0,0.0,2019-12-29
6,41,cha041,0.0,0.0,0.0,0.0,0.0,0.0,0.0,0.0,2019-12-29
7,43,cha043,0.0,0.0,0.0,0.0,0.0,0.0,0.0,0.0,2019-12-29
8,44,cha044,0.0,0.0,0.0,0.0,0.0,0.0,0.0,0.0,2019-12-29
9,45,cha045,0.0,0.0,0.0,0.0,0.0,0.0,0.0,0.0,2019-12-29
10,50,cha050,0.0,0.0,0.0,0.0,0.0,0.0,0.0,0.0,2019-12-29
11,51,cha051,0.0,0.0,0.0,0.0,0.0,0.0,0.0,0.0,2019-12-29
12,54,cha054,0.0,0.0,0.0,0.0,0.0,0.0,0.0,0.0,2019-12-29
13,57,cha057,0.0,0.09821,0.0,0.0,0.09821,0.0,0.0,0.0,2019-12-29
14,59,cha059,0.0,0.0,0.0,0.0,0.0,0.0,0.0,0.0,2019-12-29
15,64,cha064,0.0,0.1097,0.0,0.0,0.1097,0.0,0.0,0.0,2019-12-29
16,66,cha066,0.0,0.0,0.0,0.0,0.0,0.0,0.0,0.0,2019-12-29
17,70,cha070,0.0,0.0,0.0,0.0,0.0,0.0,0.0,0.0,2019-12-29
18,71,cha071,0.0,0.0,0.0,0.0,0.0,0.0,0.0,0.0,2019-12-29
19,74,cha074,0.0,0.0,0.0,0.0,0.0,0.0,0.0,0.0,2019-12-29
20,138,cha138,0.0,5.867,0.0,0.0,5.867,0.0,0.0,0.0,2019-12-29
21,141,cha141,0.0,3.685,0.0,0.0,3.685,0.0,0.0,0.0,2019-12-29
22,142,cha142,0.0,0.5339,0.0,0.0,0.5339,0.0,0.0,0.0,2019-12-29
23,146,cha146,0.0,1.625,0.0,0.0,1.625,0.0,0.0,0.0,2019-12-29
24,148,cha148,0.0,4.968,0.0,0.0,4.968,0.0,0.0,0.0,2019-12-29
25,153,cha153,0.0,15.25,0.0,0.0,15.25,0.0,0.0,0.0,2019-12-29
26,155,cha155,0.0,12.44,0.0,0.0,12.44,0.0,0.0,0.0,2019-12-29
27,158,cha158,0.0,8.568,0.0,0.0,8.568,0.0,0.0,0.0,2019-12-29
28,161,cha161,0.0,11.47,0.0,0.0,11.47,0.0,0.0,0.0,2019-12-29
29,162,cha162,0.0,0.6182,0.0,0.0,0.6182,0.0,0.0,0.0,2019-12-29
30,165,cha165,0.0,6.751,0.0,0.0,6.751,0.0,0.0,0.0,2019-12-29
31,166,cha166,0.0,0.9728,0.0,0.0,0.9728,0.0,0.0,0.0,2019-12-29
32,167,cha167,0.0,9.803,0.0,0.0,9.803,0.0,0.0,0.0,2019-12-29
33,168,cha168,0.0,0.486,0.0,0.0,0.486,0.0,0.0,0.0,2019-12-29
34,169,cha169,0.0,5.069,0.0,0.0,5.069,0.0,0.0,0.0,2019-12-29
35,170,cha170,0.0,2.713,0.0,0.0,2.713,0.0,0.0,0.0,2019-12-29
36,171,cha171,0.0,1.73,0.0,0.0,1.73,0.0,0.0,0.0,2019-12-29
37,173,cha173,0.0,4.108,0.0,0.0,4.108,0.0,0.0,0.0,2019-12-29
1,29,cha029,0.0,0.0,0.0,0.0,0.0,0.0,0.0,0.0,2019-12-30
2,35,cha035,0.0,0.0,0.0,0.0,0.0,0.0,0.0,0.0,2019-12-30
3,37,cha037,0.0,0.0,0.0,0.0,0.0,0.0,0.0,0.0,2019-12-30
4,38,cha038,0.0,0.03734,0.0,0.0,0.03734,0.0,0.0,0.0,2019-12-30
5,39,cha039,0.0,0.0,0.0,0.0,0.0,0.0,0.0,0.0,2019-12-30
6,41,cha041,0.0,0.0,0.0,0.0,0.0,0.0,0.0,0.0,2019-12-30
7,43,cha043,0.0,0.0,0.0,0.0,0.0,0.0,0.0,0.0,2019-12-30
8,44,cha044,0.0,0.0,0.0,0.0,0.0,0.0,0.0,0.0,2019-12-30
9,45,cha045,0.0,0.0,0.0,0.0,0.0,0.0,0.0,0.0,2019-12-30
10,50,cha050,0.0,0.0,0.0,0.0,0.0,0.0,0.0,0.0,2019-12-30
11,51,cha051,0.0,0.0,0.0,0.0,0.0,0.0,0.0,0.0,2019-12-30
12,54,cha054,0.0,0.0,0.0,0.0,0.0,0.0,0.0,0.0,2019-12-30
13,57,cha057,0.0,0.09631,0.0,0.0,0.09631,0.0,0.0,0.0,2019-12-30
14,59,cha059,0.0,0.0,0.0,0.0,0.0,0.0,0.0,0.0,2019-12-30
15,64,cha064,0.0,0.1076,0.0,0.0,0.1076,0.0,0.0,0.0,2019-12-30
16,66,cha066,0.0,0.0,0.0,0.0,0.0,0.0,0.0,0.0,2019-12-30
17,70,cha070,0.0,0.0,0.0,0.0,0.0,0.0,0.0,0.0,2019-12-30
18,71,cha071,0.0,0.0,0.0,0.0,0.0,0.0,0.0,0.0,2019-12-30
19,74,cha074,0.0,0.0,0.0,0.0,0.0,0.0,0.0,0.0,2019-12-30
20,138,cha138,0.0,3.316,0.0,0.0,3.316,0.0,0.0,0.0,2019-12-30
21,141,cha141,0.0,2.121,0.0,0.0,2.121,0.0,0.0,0.0,2019-12-30
22,142,cha142,0.0,0.2805,0.0,0.0,0.2805,0.0,0.0,0.0,2019-12-30
23,146,cha146,0.0,0.8394,0.0,0.0,0.8394,0.0,0.0,0.0,2019-12-30
24,148,cha148,0.0,2.776,0.0,0.0,2.776,0.0,0.0,0.0,2019-12-30
25,153,cha153,0.0,8.359,0.0,0.0,8.359,0.0,0.0,0.0,2019-12-30
26,155,cha155,0.0,6.437,0.0,0.0,6.437,0.0,0.0,0.0,2019-12-30
27,158,cha158,0.0,4.411,0.0,0.0,4.411,0.0,0.0,0.0,2019-12-30
28,161,cha161,0.0,5.923,0.0,0.0,5.923,0.0,0.0,0.0,2019-12-30
29,162,cha162,0.0,0.323,0.0,0.0,0.323,0.0,0.0,0.0,2019-12-30
30,165,cha165,0.0,3.453,0.0,0.0,3.453,0.0,0.0,0.0,2019-12-30
31,166,cha166,0.0,0.5436,0.0,0.0,0.5436,0.0,0.0,0.0,2019-12-30
32,167,cha167,0.0,5.069,0.0,0.0,5.069,0.0,0.0,0.0,2019-12-30
33,168,cha168,0.0,0.2296,0.0,0.0,0.2296,0.0,0.0,0.0,2019-12-30
34,169,cha169,0.0,2.63,0.0,0.0,2.63,0.0,0.0,0.0,2019-12-30
35,170,cha170,0.0,1.39,0.0,0.0,1.39,0.0,0.0,0.0,2019-12-30
36,171,cha171,0.0,0.9029,0.0,0.0,0.9029,0.0,0.0,0.0,2019-12-30
37,173,cha173,0.0,2.127,0.0,0.0,2.127,0.0,0.0,0.0,2019-12-30
1,29,cha029,0.0,0.0,0.0,0.0,0.0,0.0,0.0,0.0,2019-12-31
2,35,cha035,0.0,0.0,0.0,0.0,0.0,0.0,0.0,0.0,2019-12-31
3,37,cha037,0.0,0.0,0.0,0.0,0.0,0.0,0.0,0.0,2019-12-31
4,38,cha038,0.0,0.03741,0.0,0.0,0.03741,0.0,0.0,0.0,2019-12-31
5,39,cha039,0.0,0.0,0.0,0.0,0.0,0.0,0.0,0.0,2019-12-31
6,41,cha041,0.0,0.0,0.0,0.0,0.0,0.0,0.0,0.0,2019-12-31
7,43,cha043,0.0,0.0,0.0,0.0,0.0,0.0,0.0,0.0,2019-12-31
8,44,cha044,0.0,0.0,0.0,0.0,0.0,0.0,0.0,0.0,2019-12-31
9,45,cha045,0.0,0.0,0.0,0.0,0.0,0.0,0.0,0.0,2019-12-31
10,50,cha050,0.0,0.0,0.0,0.0,0.0,0.0,0.0,0.0,2019-12-31
11,51,cha051,0.0,0.0,0.0,0.0,0.0,0.0,0.0,0.0,2019-12-31
12,54,cha054,0.0,0.0,0.0,0.0,0.0,0.0,0.0,0.0,2019-12-31
13,57,cha057,0.0,0.09441,0.0,0.0,0.09441,0.0,0.0,0.0,2019-12-31
14,59,cha059,0.0,0.0,0.0,0.0,0.0,0.0,0.0,0.0,2019-12-31
15,64,cha064,0.0,0.1056,0.0,0.0,0.1056,0.0,0.0,0.0,2019-12-31
16,66,cha066,0.0,0.0,0.0,0.0,0.0,0.0,0.0,0.0,2019-12-31
17,70,cha070,0.0,0.0,0.0,0.0,0.0,0.0,0.0,0.0,2019-12-31
18,71,cha071,0.0,0.0,0.0,0.0,0.0,0.0,0.0,0.0,2019-12-31
19,74,cha074,0.0,0.0,0.0,0.0,0.0,0.0,0.0,0.0,2019-12-31
20,138,cha138,0.0,1.935,0.0,0.0,1.935,0.0,0.0,0.0,2019-12-31
21,141,cha141,0.0,1.238,0.0,0.0,1.238,0.0,0.0,0.0,2019-12-31
22,142,cha142,0.0,0.1474,0.0,0.0,0.1474,0.0,0.0,0.0,2019-12-31
23,146,cha146,0.0,0.4394,0.0,0.0,0.4394,0.0,0.0,0.0,2019-12-31
24,148,cha148,0.0,1.58,0.0,0.0,1.58,0.0,0.0,0.0,2019-12-31
25,153,cha153,0.0,4.795,0.0,0.0,4.795,0.0,0.0,0.0,2019-12-31
26,155,cha155,0.0,3.403,0.0,0.0,3.403,0.0,0.0,0.0,2019-12-31
27,158,cha158,0.0,2.304,0.0,0.0,2.304,0.0,0.0,0.0,2019-12-31
28,161,cha161,0.0,3.12,0.0,0.0,3.12,0.0,0.0,0.0,2019-12-31
29,162,cha162,0.0,0.1689,0.0,0.0,0.1689,0.0,0.0,0.0,2019-12-31
30,165,cha165,0.0,1.792,0.0,0.0,1.792,0.0,0.0,0.0,2019-12-31
31,166,cha166,0.0,0.304,0.0,0.0,0.304,0.0,0.0,0.0,2019-12-31
32,167,cha167,0.0,2.67,0.0,0.0,2.67,0.0,0.0,0.0,2019-12-31
33,168,cha168,0.0,0.1086,0.0,0.0,0.1086,0.0,0.0,0.0,2019-12-31
34,169,cha169,0.0,1.386,0.0,0.0,1.386,0.0,0.0,0.0,2019-12-31
35,170,cha170,0.0,0.7189,0.0,0.0,0.7189,0.0,0.0,0.0,2019-12-31
36,171,cha171,0.0,0.4769,0.0,0.0,0.4769,0.0,0.0,0.0,2019-12-31
37,173,cha173,0.0,1.118,0.0,0.0,1.118,0.0,0.0,0.0,2019-12-31
