hru_unit,hru_name,plant_heat_unit_fraction,temperature_stress_factor,yield_kg_ha,nitrogen_stress_factor,aeration_stress_factor,lai_m2_m2,salinity_stress_factor,phosphorus_stress_factor,water_stress_factor,biomass_kg_ha,date
1,hru01,0.0,0.0,0.0,0.0,0.0,0.0,0.0,0.0,0.0,0.0,2019-01-01
2,hru02,0.0,0.0,0.0,0.0,0.0,0.0,0.0,0.0,0.0,0.0,2019-01-01
3,hru03,0.0,0.0,0.0,0.0,0.0,0.0,0.0,0.0,0.0,0.0,2019-01-01
4,hru04,0.0,0.0,0.0,0.0,0.0,0.0,0.0,0.0,0.0,0.0,2019-01-01
5,hru05,0.0,0.0,0.0,0.0,0.0,0.0,0.0,0.0,0.0,0.0,2019-01-01
6,hru06,0.0,0.0,0.0,0.0,0.0,0.0,0.0,0.0,0.0,0.0,2019-01-01
7,hru07,0.0,0.0,0.0,0.0,0.0,0.0,0.0,0.0,0.0,0.0,2019-01-01
8,hru08,0.0,0.0,0.0,0.0,0.0,0.0,0.0,0.0,0.0,0.0,2019-01-01
9,hru09,0.0,0.0,0.0,0.0,0.0,0.0,0.0,0.0,0.0,0.0,2019-01-01
10,hru10,0.0,0.0,0.0,0.0,0.0,0.0,0.0,0.0,0.0,0.0,2019-01-01
11,hru11,0.0,0.0,0.0,0.0,0.0,0.0,0.0,0.0,0.0,0.0,2019-01-01
12,hru12,0.0,0.0,0.0,0.0,0.0,0.0,0.0,0.0,0.0,0.0,2019-01-01
13,hru13,0.0,0.0,0.0,0.0,0.0,0.0,0.0,0.0,0.0,0.0,2019-01-01
14,hru14,0.0,0.0,0.0,0.0,0.0,0.0,0.0,0.0,0.0,0.0,2019-01-01
15,hru15,0.0,0.0,0.0,0.0,0.0,0.0,0.0,0.0,0.0,0.0,2019-01-01
16,hru16,0.0,0.0,0.0,0.0,0.0,0.0,0.0,0.0,0.0,0.0,2019-01-01
17,hru17,0.0,0.0,0.0,0.0,0.0,0.0,0.0,0.0,0.0,0.0,2019-01-01
18,hru18,0.0,0.0,0.0,0.0,0.0,0.0,0.0,0.0,0.0,0.0,2019-01-01
19,hru19,0.0,0.0,0.0,0.0,0.0,0.0,0.0,0.0,0.0,0.0,2019-01-01
20,hru20,0.0,0.0,0.0,0.0,0.0,0.0,0.0,0.0,0.0,0.0,2019-01-01
21,hru21,0.0,0.0,0.0,0.0,0.0,0.0,0.0,0.0,0.0,0.0,2019-01-01
22,hru22,0.0,0.0,0.0,0.0,0.0,0.0,0.0,0.0,0.0,0.0,2019-01-01
23,hru23,0.0,0.0,0.0,0.0,0.0,0.0,0.0,0.0,0.0,0.0,2019-01-01
24,hru24,0.0,0.0,0.0,0.0,0.0,0.0,0.0,0.0,0.0,0.0,2019-01-01
25,hru25,0.0,0.0,0.0,0.0,0.0,0.0,0.0,0.0,0.0,0.0,2019-01-01
26,hru26,0.0,0.0,0.0,0.0,0.0,0.0,0.0,0.0,0.0,0.0,2019-01-01
27,hru27,0.0,0.0,0.0,0.0,0.0,0.0,0.0,0.0,0.0,0.0,2019-01-01
28,hru28,0.0,0.0,0.0,0.0,0.0,0.0,0.0,0.0,0.0,0.0,2019-01-01
29,hru29,0.0,0.0,0.0,0.0,0.0,0.0,0.0,0.0,0.0,0.0,2019-01-01
30,hru30,0.0,0.0,0.0,0.0,0.0,0.0,0.0,0.0,0.0,0.0,2019-01-01
31,hru31,0.0,0.0,0.0,0.0,0.0,0.0,0.0,0.0,0.0,0.0,2019-01-01
32,hru32,0.0,0.0,0.0,0.0,0.0,0.0,0.0,0.0,0.0,0.0,2019-01-01
33,hru33,0.0,0.0,0.0,0.0,0.0,0.0,0.0,0.0,0.0,0.0,2019-01-01
34,hru34,0.0,0.0,0.0,0.0,0.0,0.0,0.0,0.0,0.0,0.0,2019-01-01
35,hru35,0.0,0.0,0.0,0.0,0.0,0.0,0.0,0.0,0.0,0.0,2019-01-01
36,hru36,0.0,0.0,0.0,0.0,0.0,0.0,0.0,0.0,0.0,0.0,2019-01-01
1,hru01,0.0,0.0,0.0,0.0,0.0,0.0,0.0,0.0,0.0,0.0,2019-01-02
2,hru02,0.0,0.0,0.0,0.0,0.0,0.0,0.0,0.0,0.0,0.0,2019-01-02
3,hru03,0.0,0.0,0.0,0.0,0.0,0.0,0.0,0.0,0.0,0.0,2019-01-02
4,hru04,0.0,0.0,0.0,0.0,0.0,0.0,0.0,0.0,0.0,0.0,2019-01-02
5,hru05,0.0,0.0,0.0,0.0,0.0,0.0,0.0,0.0,0.0,0.0,2019-01-02
6,hru06,0.0,0.0,0.0,0.0,0.0,0.0,0.0,0.0,0.0,0.0,2019-01-02
7,hru07,0.0,0.0,0.0,0.0,0.0,0.0,0.0,0.0,0.0,0.0,2019-01-02
8,hru08,0.0,0.0,0.0,0.0,0.0,0.0,0.0,0.0,0.0,0.0,2019-01-02
9,hru09,0.0,0.0,0.0,0.0,0.0,0.0,0.0,0.0,0.0,0.0,2019-01-02
10,hru10,0.0,0.0,0.0,0.0,0.0,0.0,0.0,0.0,0.0,0.0,2019-01-02
11,hru11,0.0,0.0,0.0,0.0,0.0,0.0,0.0,0.0,0.0,0.0,2019-01-02
12,hru12,0.0,0.0,0.0,0.0,0.0,0.0,0.0,0.0,0.0,0.0,2019-01-02
13,hru13,0.0,0.0,0.0,0.0,0.0,0.0,0.0,0.0,0.0,0.0,2019-01-02
14,hru14,0.0,0.0,0.0,0.0,0.0,0.0,0.0,0.0,0.0,0.0,2019-01-02
15,hru15,0.0,0.0,0.0,0.0,0.0,0.0,0.0,0.0,0.0,0.0,2019-01-02
16,hru16,0.0,0.0,0.0,0.0,0.0,0.0,0.0,0.0,0.0,0.0,2019-01-02
17,hru17,0.0,0.0,0.0,0.0,0.0,0.0,0.0,0.0,0.0,0.0,2019-01-02
18,hru18,0.0,0.0,0.0,0.0,0.0,0.0,0.0,0.0,0.0,0.0,2019-01-02
19,hru19,0.0,0.0,0.0,0.0,0.0,0.0,0.0,0.0,0.0,0.0,2019-01-02
20,hru20,0.0,0.0,0.0,0.0,0.0,0.0,0.0,0.0,0.0,0.0,2019-01-02
21,hru21,0.0,0.0,0.0,0.0,0.0,0.0,0.0,0.0,0.0,0.0,2019-01-02
22,hru22,0.0,0.0,0.0,0.0,0.0,0.0,0.0,0.0,0.0,0.0,2019-01-02
23,hru23,0.0,0.0,0.0,0.0,0.0,0.0,0.0,0.0,0.0,0.0,2019-01-02
24,hru24,0.0,0.0,0.0,0.0,0.0,0.0,0.0,0.0,0.0,0.0,2019-01-02
25,hru25,0.0,0.0,0.0,0.0,0.0,0.0,0.0,0.0,0.0,0.0,2019-01-02
26,hru26,0.0,0.0,0.0,0.0,0.0,0.0,0.0,0.0,0.0,0.0,2019-01-02
27,hru27,0.0,0.0,0.0,0.0,0.0,0.0,0.0,0.0,0.0,0.0,2019-01-02
28,hru28,0.0,0.0,0.0,0.0,0.0,0.0,0.0,0.0,0.0,0.0,2019-01-02
29,hru29,0.0,0.0,0.0,0.0,0.0,0.0,0.0,0.0,0.0,0.0,2019-01-02
30,hru30,0.0,0.0,0.0,0.0,0.0,0.0,0.0,0.0,0.0,0.0,2019-01-02
31,hru31,0.0,0.0,0.0,0.0,0.0,0.0,0.0,0.0,0.0,0.0,2019-01-02
32,hru32,0.0,0.0,0.0,0.0,0.0,0.0,0.0,0.0,0.0,0.0,2019-01-02
33,hru33,0.0,0.0,0.0,0.0,0.0,0.0,0.0,0.0,0.0,0.0,2019-01-02
34,hru34,0.0,0.0,0.0,0.0,0.0,0.0,0.0,0.0,0.0,0.0,2019-01-02
35,hru35,0.0,0.0,0.0,0.0,0.0,0.0,0.0,0.0,0.0,0.0,2019-01-02
36,hru36,0.0,0.0,0.0,0.0,0.0,0.0,0.0,0.0,0.0,0.0,2019-01-02
1,hru01,0.0,0.0,0.0,0.0,0.0,0.0,0.0,0.0,0.0,0.0,2019-01-03
2,hru02,0.0,0.0,0.0,0.0,0.0,0.0,0.0,0.0,0.0,0.0,2019-01-03
3,hru03,0.0,0.0,0.0,0.0,0.0,0.0,0.0,0.0,0.0,0.0,2019-01-03
4,hru04,0.0,0.0,0.0,0.0,0.0,0.0,0.0,0.0,0.0,0.0,2019-01-03
5,hru05,0.0,0.0,0.0,0.0,0.0,0.0,0.0,0.0,0.0,0.0,2019-01-03
6,hru06,0.0,0.0,0.0,0.0,0.0,0.0,0.0,0.0,0.0,0.0,2019-01-03
7,hru07,0.0,0.0,0.0,0.0,0.0,0.0,0.0,0.0,0.0,0.0,2019-01-03
8,hru08,0.0,0.0,0.0,0.0,0.0,0.0,0.0,0.0,0.0,0.0,2019-01-03
9,hru09,0.0,0.0,0.0,0.0,0.0,0.0,0.0,0.0,0.0,0.0,2019-01-03
10,hru10,0.0,0.0,0.0,0.0,0.0,0.0,0.0,0.0,0.0,0.0,2019-01-03
11,hru11,0.0,0.0,0.0,0.0,0.0,0.0,0.0,0.0,0.0,0.0,2019-01-03
12,hru12,0.0,0.0,0.0,0.0,0.0,0.0,0.0,0.0,0.0,0.0,2019-01-03
13,hru13,0.0,0.0,0.0,0.0,0.0,0.0,0.0,0.0,0.0,0.0,2019-01-03
14,hru14,0.0,0.0,0.0,0.0,0.0,0.0,0.0,0.0,0.0,0.0,2019-01-03
15,hru15,0.0,0.0,0.0,0.0,0.0,0.0,0.0,0.0,0.0,0.0,2019-01-03
16,hru16,0.0,0.0,0.0,0.0,0.0,0.0,0.0,0.0,0.0,0.0,2019-01-03
17,hru17,0.0,0.0,0.0,0.0,0.0,0.0,0.0,0.0,0.0,0.0,2019-01-03
18,hru18,0.0,0.0,0.0,0.0,0.0,0.0,0.0,0.0,0.0,0.0,2019-01-03
19,hru19,0.0,0.0,0.0,0.0,0.0,0.0,0.0,0.0,0.0,0.0,2019-01-03
20,hru20,0.0,0.0,0.0,0.0,0.0,0.0,0.0,0.0,0.0,0.0,2019-01-03
21,hru21,0.0,0.0,0.0,0.0,0.0,0.0,0.0,0.0,0.0,0.0,2019-01-03
22,hru22,0.0,0.0,0.0,0.0,0.0,0.0,0.0,0.0,0.0,0.0,2019-01-03
23,hru23,0.0,0.0,0.0,0.0,0.0,0.0,0.0,0.0,0.0,0.0,2019-01-03
24,hru24,0.0,0.0,0.0,0.0,0.0,0.0,0.0,0.0,0.0,0.0,2019-01-03
25,hru25,0.0,0.0,0.0,0.0,0.0,0.0,0.0,0.0,0.0,0.0,2019-01-03
26,hru26,0.0,0.0,0.0,0.0,0.0,0.0,0.0,0.0,0.0,0.0,2019-01-03
27,hru27,0.0,0.0,0.0,0.0,0.0,0.0,0.0,0.0,0.0,0.0,2019-01-03
28,hru28,0.0,0.0,0.0,0.0,0.0,0.0,0.0,0.0,0.0,0.0,2019-01-03
29,hru29,0.0,0.0,0.0,0.0,0.0,0.0,0.0,0.0,0.0,0.0,2019-01-03
30,hru30,0.0,0.0,0.0,0.0,0.0,0.0,0.0,0.0,0.0,0.0,2019-01-03
31,hru31,0.0,0.0,0.0,0.0,0.0,0.0,0.0,0.0,0.0,0.0,2019-01-03
32,hru32,0.0,0.0,0.0,0.0,0.0,0.0,0.0,0.0,0.0,0.0,2019-01-03
33,hru33,0.0,0.0,0.0,0.0,0.0,0.0,0.0,0.0,0.0,0.0,2019-01-03
34,hru34,0.0,0.0,0.0,0.0,0.0,0.0,0.0,0.0,0.0,0.0,2019-01-03
35,hru35,0.0,0.0,0.0,0.0,0.0,0.0,0.0,0.0,0.0,0.0,2019-01-03
36,hru36,0.0,0.0,0.0,0.0,0.0,0.0,0.0,0.0,0.0,0.0,2019-01-03
1,hru01,0.001,0.0,0.0,0.0,0.0,0.0,0.0,0.0,0.0,0.0,2019-01-04
2,hru02,0.001,0.0,0.0,0.0,0.0,0.0,0.0,0.0,0.0,0.0,2019-01-04
3,hru03,0.001,0.0,0.0,0.0,0.0,0.0,0.0,0.0,0.0,0.0,2019-01-04
4,hru04,0.001,0.0,0.0,0.0,0.0,0.0,0.0,0.0,0.0,0.0,2019-01-04
5,hru05,0.001,0.0,0.0,0.0,0.0,0.0,0.0,0.0,0.0,0.0,2019-01-04
6,hru06,0.001,0.0,0.0,0.0,0.0,0.0,0.0,0.0,0.0,0.0,2019-01-04
7,hru07,0.001,0.0,0.0,0.0,0.0,0.0,0.0,0.0,0.0,0.0,2019-01-04
8,hru08,0.001,0.0,0.0,0.0,0.0,0.0,0.0,0.0,0.0,0.0,2019-01-04
9,hru09,0.001,0.0,0.0,0.0,0.0,0.0,0.0,0.0,0.0,0.0,2019-01-04
10,hru10,0.001,0.0,0.0,0.0,0.0,0.0,0.0,0.0,0.0,0.0,2019-01-04
11,hru11,0.001,0.0,0.0,0.0,0.0,0.0,0.0,0.0,0.0,0.0,2019-01-04
12,hru12,0.001,0.0,0.0,0.0,0.0,0.0,0.0,0.0,0.0,0.0,2019-01-04
13,hru13,0.001,0.0,0.0,0.0,0.0,0.0,0.0,0.0,0.0,0.0,2019-01-04
14,hru14,0.001,0.0,0.0,0.0,0.0,0.0,0.0,0.0,0.0,0.0,2019-01-04
15,hru15,0.001,0.0,0.0,0.0,0.0,0.0,0.0,0.0,0.0,0.0,2019-01-04
16,hru16,0.001,0.0,0.0,0.0,0.0,0.0,0.0,0.0,0.0,0.0,2019-01-04
17,hru17,0.001,0.0,0.0,0.0,0.0,0.0,0.0,0.0,0.0,0.0,2019-01-04
18,hru18,0.001,0.0,0.0,0.0,0.0,0.0,0.0,0.0,0.0,0.0,2019-01-04
19,hru19,0.001,0.0,0.0,0.0,0.0,0.0,0.0,0.0,0.0,0.0,2019-01-04
20,hru20,0.001,0.0,0.0,0.0,0.0,0.0,0.0,0.0,0.0,0.0,2019-01-04
21,hru21,0.001,0.0,0.0,0.0,0.0,0.0,0.0,0.0,0.0,0.0,2019-01-04
22,hru22,0.001,0.0,0.0,0.0,0.0,0.0,0.0,0.0,0.0,0.0,2019-01-04
23,hru23,0.001,0.0,0.0,0.0,0.0,0.0,0.0,0.0,0.0,0.0,2019-01-04
24,hru24,0.001,0.0,0.0,0.0,0.0,0.0,0.0,0.0,0.0,0.0,2019-01-04
25,hru25,0.001,0.0,0.0,0.0,0.0,0.0,0.0,0.0,0.0,0.0,2019-01-04
26,hru26,0.001,0.0,0.0,0.0,0.0,0.0,0.0,0.0,0.0,0.0,2019-01-04
27,hru27,0.001,0.0,0.0,0.0,0.0,0.0,0.0,0.0,0.0,0.0,2019-01-04
28,hru28,0.001,0.0,0.0,0.0,0.0,0.0,0.0,0.0,0.0,0.0,2019-01-04
29,hru29,0.001,0.0,0.0,0.0,0.0,0.0,0.0,0.0,0.0,0.0,2019-01-04
30,hru30,0.001,0.0,0.0,0.0,0.0,0.0,0.0,0.0,0.0,0.0,2019-01-04
31,hru31,0.001,0.0,0.0,0.0,0.0,0.0,0.0,0.0,0.0,0.0,2019-01-04
32,hru32,0.001,0.0,0.0,0.0,0.0,0.0,0.0,0.0,0.0,0.0,2019-01-04
33,hru33,0.001,0.0,0.0,0.0,0.0,0.0,0.0,0.0,0.0,0.0,2019-01-04
34,hru34,0.001,0.0,0.0,0.0,0.0,0.0,0.0,0.0,0.0,0.0,2019-01-04
35,hru35,0.001,0.0,0.0,0.0,0.0,0.0,0.0,0.0,0.0,0.0,2019-01-04
36,hru36,0.001,0.0,0.0,0.0,0.0,0.0,0.0,0.0,0.0,0.0,2019-01-04
1,hru01,0.002,0.0,0.0,0.0,0.0,0.0,0.0,0.0,0.0,0.0,2019-01-05
2,hru02,0.002,0.0,0.0,0.0,0.0,0.0,0.0,0.0,0.0,0.0,2019-01-05
3,hru03,0.002,0.0,0.0,0.0,0.0,0.0,0.0,0.0,0.0,0.0,2019-01-05
4,hru04,0.002,0.0,0.0,0.0,0.0,0.0,0.0,0.0,0.0,0.0,2019-01-05
5,hru05,0.002,0.0,0.0,0.0,0.0,0.0,0.0,0.0,0.0,0.0,2019-01-05
6,hru06,0.002,0.0,0.0,0.0,0.0,0.0,0.0,0.0,0.0,0.0,2019-01-05
7,hru07,0.002,0.0,0.0,0.0,0.0,0.0,0.0,0.0,0.0,0.0,2019-01-05
8,hru08,0.002,0.0,0.0,0.0,0.0,0.0,0.0,0.0,0.0,0.0,2019-01-05
9,hru09,0.002,0.0,0.0,0.0,0.0,0.0,0.0,0.0,0.0,0.0,2019-01-05
10,hru10,0.002,0.0,0.0,0.0,0.0,0.0,0.0,0.0,0.0,0.0,2019-01-05
11,hru11,0.002,0.0,0.0,0.0,0.0,0.0,0.0,0.0,0.0,0.0,2019-01-05
12,hru12,0.002,0.0,0.0,0.0,0.0,0.0,0.0,0.0,0.0,0.0,2019-01-05
13,hru13,0.002,0.0,0.0,0.0,0.0,0.0,0.0,0.0,0.0,0.0,2019-01-05
14,hru14,0.002,0.0,0.0,0.0,0.0,0.0,0.0,0.0,0.0,0.0,2019-01-05
15,hru15,0.003,0.0,0.0,0.0,0.0,0.0,0.0,0.0,0.0,0.0,2019-01-05
16,hru16,0.003,0.0,0.0,0.0,0.0,0.0,0.0,0.0,0.0,0.0,2019-01-05
17,hru17,0.003,0.0,0.0,0.0,0.0,0.0,0.0,0.0,0.0,0.0,2019-01-05
18,hru18,0.003,0.0,0.0,0.0,0.0,0.0,0.0,0.0,0.0,0.0,2019-01-05
19,hru19,0.003,0.0,0.0,0.0,0.0,0.0,0.0,0.0,0.0,0.0,2019-01-05
20,hru20,0.003,0.0,0.0,0.0,0.0,0.0,0.0,0.0,0.0,0.0,2019-01-05
21,hru21,0.003,0.0,0.0,0.0,0.0,0.0,0.0,0.0,0.0,0.0,2019-01-05
22,hru22,0.003,0.0,0.0,0.0,0.0,0.0,0.0,0.0,0.0,0.0,2019-01-05
23,hru23,0.003,0.0,0.0,0.0,0.0,0.0,0.0,0.0,0.0,0.0,2019-01-05
24,hru24,0.002,0.0,0.0,0.0,0.0,0.0,0.0,0.0,0.0,0.0,2019-01-05
25,hru25,0.003,0.0,0.0,0.0,0.0,0.0,0.0,0.0,0.0,0.0,2019-01-05
26,hru26,0.002,0.0,0.0,0.0,0.0,0.0,0.0,0.0,0.0,0.0,2019-01-05
27,hru27,0.002,0.0,0.0,0.0,0.0,0.0,0.0,0.0,0.0,0.0,2019-01-05
28,hru28,0.002,0.0,0.0,0.0,0.0,0.0,0.0,0.0,0.0,0.0,2019-01-05
29,hru29,0.002,0.0,0.0,0.0,0.0,0.0,0.0,0.0,0.0,0.0,2019-01-05
30,hru30,0.002,0.0,0.0,0.0,0.0,0.0,0.0,0.0,0.0,0.0,2019-01-05
31,hru31,0.002,0.0,0.0,0.0,0.0,0.0,0.0,0.0,0.0,0.0,2019-01-05
32,hru32,0.002,0.0,0.0,0.0,0.0,0.0,0.0,0.0,0.0,0.0,2019-01-05
33,hru33,0.002,0.0,0.0,0.0,0.0,0.0,0.0,0.0,0.0,0.0,2019-01-05
34,hru34,0.002,0.0,0.0,0.0,0.0,0.0,0.0,0.0,0.0,0.0,2019-01-05
35,hru35,0.002,0.0,0.0,0.0,0.0,0.0,0.0,0.0,0.0,0.0,2019-01-05
36,hru36,0.002,0.0,0.0,0.0,0.0,0.0,0.0,0.0,0.0,0.0,2019-01-05
1,hru01,0.003,0.0,0.0,0.0,0.0,0.0,0.0,0.0,0.0,0.0,2019-01-06
2,hru02,0.003,0.0,0.0,0.0,0.0,0.0,0.0,0.0,0.0,0.0,2019-01-06
3,hru03,0.003,0.0,0.0,0.0,0.0,0.0,0.0,0.0,0.0,0.0,2019-01-06
4,hru04,0.003,0.0,0.0,0.0,0.0,0.0,0.0,0.0,0.0,0.0,2019-01-06
5,hru05,0.003,0.0,0.0,0.0,0.0,0.0,0.0,0.0,0.0,0.0,2019-01-06
6,hru06,0.003,0.0,0.0,0.0,0.0,0.0,0.0,0.0,0.0,0.0,2019-01-06
7,hru07,0.003,0.0,0.0,0.0,0.0,0.0,0.0,0.0,0.0,0.0,2019-01-06
8,hru08,0.003,0.0,0.0,0.0,0.0,0.0,0.0,0.0,0.0,0.0,2019-01-06
9,hru09,0.004,0.0,0.0,0.0,0.0,0.0,0.0,0.0,0.0,0.0,2019-01-06
10,hru10,0.004,0.0,0.0,0.0,0.0,0.0,0.0,0.0,0.0,0.0,2019-01-06
11,hru11,0.003,0.0,0.0,0.0,0.0,0.0,0.0,0.0,0.0,0.0,2019-01-06
12,hru12,0.004,0.0,0.0,0.0,0.0,0.0,0.0,0.0,0.0,0.0,2019-01-06
13,hru13,0.004,0.0,0.0,0.0,0.0,0.0,0.0,0.0,0.0,0.0,2019-01-06
14,hru14,0.004,0.0,0.0,0.0,0.0,0.0,0.0,0.0,0.0,0.0,2019-01-06
15,hru15,0.004,0.0,0.0,0.0,0.0,0.0,0.0,0.0,0.0,0.0,2019-01-06
16,hru16,0.004,0.0,0.0,0.0,0.0,0.0,0.0,0.0,0.0,0.0,2019-01-06
17,hru17,0.004,0.0,0.0,0.0,0.0,0.0,0.0,0.0,0.0,0.0,2019-01-06
18,hru18,0.004,0.0,0.0,0.0,0.0,0.0,0.0,0.0,0.0,0.0,2019-01-06
19,hru19,0.004,0.0,0.0,0.0,0.0,0.0,0.0,0.0,0.0,0.0,2019-01-06
20,hru20,0.004,0.0,0.0,0.0,0.0,0.0,0.0,0.0,0.0,0.0,2019-01-06
21,hru21,0.004,0.0,0.0,0.0,0.0,0.0,0.0,0.0,0.0,0.0,2019-01-06
22,hru22,0.004,0.0,0.0,0.0,0.0,0.0,0.0,0.0,0.0,0.0,2019-01-06
23,hru23,0.004,0.0,0.0,0.0,0.0,0.0,0.0,0.0,0.0,0.0,2019-01-06
24,hru24,0.004,0.0,0.0,0.0,0.0,0.0,0.0,0.0,0.0,0.0,2019-01-06
25,hru25,0.004,0.0,0.0,0.0,0.0,0.0,0.0,0.0,0.0,0.0,2019-01-06
26,hru26,0.004,0.0,0.0,0.0,0.0,0.0,0.0,0.0,0.0,0.0,2019-01-06
27,hru27,0.003,0.0,0.0,0.0,0.0,0.0,0.0,0.0,0.0,0.0,2019-01-06
28,hru28,0.003,0.0,0.0,0.0,0.0,0.0,0.0,0.0,0.0,0.0,2019-01-06
29,hru29,0.004,0.0,0.0,0.0,0.0,0.0,0.0,0.0,0.0,0.0,2019-01-06
30,hru30,0.003,0.0,0.0,0.0,0.0,0.0,0.0,0.0,0.0,0.0,2019-01-06
31,hru31,0.003,0.0,0.0,0.0,0.0,0.0,0.0,0.0,0.0,0.0,2019-01-06
32,hru32,0.004,0.0,0.0,0.0,0.0,0.0,0.0,0.0,0.0,0.0,2019-01-06
33,hru33,0.003,0.0,0.0,0.0,0.0,0.0,0.0,0.0,0.0,0.0,2019-01-06
34,hru34,0.003,0.0,0.0,0.0,0.0,0.0,0.0,0.0,0.0,0.0,2019-01-06
35,hru35,0.003,0.0,0.0,0.0,0.0,0.0,0.0,0.0,0.0,0.0,2019-01-06
36,hru36,0.003,0.0,0.0,0.0,0.0,0.0,0.0,0.0,0.0,0.0,2019-01-06
1,hru01,0.004,0.0,0.0,0.0,0.0,0.0,0.0,0.0,0.0,0.0,2019-01-07
2,hru02,0.005,0.0,0.0,0.0,0.0,0.0,0.0,0.0,0.0,0.0,2019-01-07
3,hru03,0.004,0.0,0.0,0.0,0.0,0.0,0.0,0.0,0.0,0.0,2019-01-07
4,hru04,0.004,0.0,0.0,0.0,0.0,0.0,0.0,0.0,0.0,0.0,2019-01-07
5,hru05,0.004,0.0,0.0,0.0,0.0,0.0,0.0,0.0,0.0,0.0,2019-01-07
6,hru06,0.004,0.0,0.0,0.0,0.0,0.0,0.0,0.0,0.0,0.0,2019-01-07
7,hru07,0.005,0.0,0.0,0.0,0.0,0.0,0.0,0.0,0.0,0.0,2019-01-07
8,hru08,0.004,0.0,0.0,0.0,0.0,0.0,0.0,0.0,0.0,0.0,2019-01-07
9,hru09,0.005,0.0,0.0,0.0,0.0,0.0,0.0,0.0,0.0,0.0,2019-01-07
10,hru10,0.005,0.0,0.0,0.0,0.0,0.0,0.0,0.0,0.0,0.0,2019-01-07
11,hru11,0.005,0.0,0.0,0.0,0.0,0.0,0.0,0.0,0.0,0.0,2019-01-07
12,hru12,0.005,0.0,0.0,0.0,0.0,0.0,0.0,0.0,0.0,0.0,2019-01-07
13,hru13,0.005,0.0,0.0,0.0,0.0,0.0,0.0,0.0,0.0,0.0,2019-01-07
14,hru14,0.005,0.0,0.0,0.0,0.0,0.0,0.0,0.0,0.0,0.0,2019-01-07
15,hru15,0.005,0.0,0.0,0.0,0.0,0.0,0.0,0.0,0.0,0.0,2019-01-07
16,hru16,0.005,0.0,0.0,0.0,0.0,0.0,0.0,0.0,0.0,0.0,2019-01-07
17,hru17,0.005,0.0,0.0,0.0,0.0,0.0,0.0,0.0,0.0,0.0,2019-01-07
18,hru18,0.005,0.0,0.0,0.0,0.0,0.0,0.0,0.0,0.0,0.0,2019-01-07
19,hru19,0.005,0.0,0.0,0.0,0.0,0.0,0.0,0.0,0.0,0.0,2019-01-07
20,hru20,0.005,0.0,0.0,0.0,0.0,0.0,0.0,0.0,0.0,0.0,2019-01-07
21,hru21,0.005,0.0,0.0,0.0,0.0,0.0,0.0,0.0,0.0,0.0,2019-01-07
22,hru22,0.005,0.0,0.0,0.0,0.0,0.0,0.0,0.0,0.0,0.0,2019-01-07
23,hru23,0.005,0.0,0.0,0.0,0.0,0.0,0.0,0.0,0.0,0.0,2019-01-07
24,hru24,0.005,0.0,0.0,0.0,0.0,0.0,0.0,0.0,0.0,0.0,2019-01-07
25,hru25,0.005,0.0,0.0,0.0,0.0,0.0,0.0,0.0,0.0,0.0,2019-01-07
26,hru26,0.005,0.0,0.0,0.0,0.0,0.0,0.0,0.0,0.0,0.0,2019-01-07
27,hru27,0.005,0.0,0.0,0.0,0.0,0.0,0.0,0.0,0.0,0.0,2019-01-07
28,hru28,0.005,0.0,0.0,0.0,0.0,0.0,0.0,0.0,0.0,0.0,2019-01-07
29,hru29,0.005,0.0,0.0,0.0,0.0,0.0,0.0,0.0,0.0,0.0,2019-01-07
30,hru30,0.005,0.0,0.0,0.0,0.0,0.0,0.0,0.0,0.0,0.0,2019-01-07
31,hru31,0.004,0.0,0.0,0.0,0.0,0.0,0.0,0.0,0.0,0.0,2019-01-07
32,hru32,0.005,0.0,0.0,0.0,0.0,0.0,0.0,0.0,0.0,0.0,2019-01-07
33,hru33,0.005,0.0,0.0,0.0,0.0,0.0,0.0,0.0,0.0,0.0,2019-01-07
34,hru34,0.005,0.0,0.0,0.0,0.0,0.0,0.0,0.0,0.0,0.0,2019-01-07
35,hru35,0.004,0.0,0.0,0.0,0.0,0.0,0.0,0.0,0.0,0.0,2019-01-07
36,hru36,0.005,0.0,0.0,0.0,0.0,0.0,0.0,0.0,0.0,0.0,2019-01-07
1,hru01,0.004,0.0,0.0,0.0,0.0,0.0,0.0,0.0,0.0,0.0,2019-01-08
2,hru02,0.005,0.0,0.0,0.0,0.0,0.0,0.0,0.0,0.0,0.0,2019-01-08
3,hru03,0.004,0.0,0.0,0.0,0.0,0.0,0.0,0.0,0.0,0.0,2019-01-08
4,hru04,0.004,0.0,0.0,0.0,0.0,0.0,0.0,0.0,0.0,0.0,2019-01-08
5,hru05,0.004,0.0,0.0,0.0,0.0,0.0,0.0,0.0,0.0,0.0,2019-01-08
6,hru06,0.004,0.0,0.0,0.0,0.0,0.0,0.0,0.0,0.0,0.0,2019-01-08
7,hru07,0.005,0.0,0.0,0.0,0.0,0.0,0.0,0.0,0.0,0.0,2019-01-08
8,hru08,0.004,0.0,0.0,0.0,0.0,0.0,0.0,0.0,0.0,0.0,2019-01-08
9,hru09,0.005,0.0,0.0,0.0,0.0,0.0,0.0,0.0,0.0,0.0,2019-01-08
10,hru10,0.005,0.0,0.0,0.0,0.0,0.0,0.0,0.0,0.0,0.0,2019-01-08
11,hru11,0.005,0.0,0.0,0.0,0.0,0.0,0.0,0.0,0.0,0.0,2019-01-08
12,hru12,0.005,0.0,0.0,0.0,0.0,0.0,0.0,0.0,0.0,0.0,2019-01-08
13,hru13,0.005,0.0,0.0,0.0,0.0,0.0,0.0,0.0,0.0,0.0,2019-01-08
14,hru14,0.005,0.0,0.0,0.0,0.0,0.0,0.0,0.0,0.0,0.0,2019-01-08
15,hru15,0.005,0.0,0.0,0.0,0.0,0.0,0.0,0.0,0.0,0.0,2019-01-08
16,hru16,0.005,0.0,0.0,0.0,0.0,0.0,0.0,0.0,0.0,0.0,2019-01-08
17,hru17,0.005,0.0,0.0,0.0,0.0,0.0,0.0,0.0,0.0,0.0,2019-01-08
18,hru18,0.005,0.0,0.0,0.0,0.0,0.0,0.0,0.0,0.0,0.0,2019-01-08
19,hru19,0.005,0.0,0.0,0.0,0.0,0.0,0.0,0.0,0.0,0.0,2019-01-08
20,hru20,0.005,0.0,0.0,0.0,0.0,0.0,0.0,0.0,0.0,0.0,2019-01-08
21,hru21,0.005,0.0,0.0,0.0,0.0,0.0,0.0,0.0,0.0,0.0,2019-01-08
22,hru22,0.005,0.0,0.0,0.0,0.0,0.0,0.0,0.0,0.0,0.0,2019-01-08
23,hru23,0.005,0.0,0.0,0.0,0.0,0.0,0.0,0.0,0.0,0.0,2019-01-08
24,hru24,0.005,0.0,0.0,0.0,0.0,0.0,0.0,0.0,0.0,0.0,2019-01-08
25,hru25,0.005,0.0,0.0,0.0,0.0,0.0,0.0,0.0,0.0,0.0,2019-01-08
26,hru26,0.005,0.0,0.0,0.0,0.0,0.0,0.0,0.0,0.0,0.0,2019-01-08
27,hru27,0.005,0.0,0.0,0.0,0.0,0.0,0.0,0.0,0.0,0.0,2019-01-08
28,hru28,0.005,0.0,0.0,0.0,0.0,0.0,0.0,0.0,0.0,0.0,2019-01-08
29,hru29,0.005,0.0,0.0,0.0,0.0,0.0,0.0,0.0,0.0,0.0,2019-01-08
30,hru30,0.005,0.0,0.0,0.0,0.0,0.0,0.0,0.0,0.0,0.0,2019-01-08
31,hru31,0.004,0.0,0.0,0.0,0.0,0.0,0.0,0.0,0.0,0.0,2019-01-08
32,hru32,0.005,0.0,0.0,0.0,0.0,0.0,0.0,0.0,0.0,0.0,2019-01-08
33,hru33,0.005,0.0,0.0,0.0,0.0,0.0,0.0,0.0,0.0,0.0,2019-01-08
34,hru34,0.005,0.0,0.0,0.0,0.0,0.0,0.0,0.0,0.0,0.0,2019-01-08
35,hru35,0.004,0.0,0.0,0.0,0.0,0.0,0.0,0.0,0.0,0.0,2019-01-08
36,hru36,0.005,0.0,0.0,0.0,0.0,0.0,0.0,0.0,0.0,0.0,2019-01-08
1,hru01,0.004,0.0,0.0,0.0,0.0,0.0,0.0,0.0,0.0,0.0,2019-01-09
2,hru02,0.005,0.0,0.0,0.0,0.0,0.0,0.0,0.0,0.0,0.0,2019-01-09
3,hru03,0.004,0.0,0.0,0.0,0.0,0.0,0.0,0.0,0.0,0.0,2019-01-09
4,hru04,0.004,0.0,0.0,0.0,0.0,0.0,0.0,0.0,0.0,0.0,2019-01-09
5,hru05,0.004,0.0,0.0,0.0,0.0,0.0,0.0,0.0,0.0,0.0,2019-01-09
6,hru06,0.004,0.0,0.0,0.0,0.0,0.0,0.0,0.0,0.0,0.0,2019-01-09
7,hru07,0.005,0.0,0.0,0.0,0.0,0.0,0.0,0.0,0.0,0.0,2019-01-09
8,hru08,0.004,0.0,0.0,0.0,0.0,0.0,0.0,0.0,0.0,0.0,2019-01-09
9,hru09,0.005,0.0,0.0,0.0,0.0,0.0,0.0,0.0,0.0,0.0,2019-01-09
10,hru10,0.005,0.0,0.0,0.0,0.0,0.0,0.0,0.0,0.0,0.0,2019-01-09
11,hru11,0.005,0.0,0.0,0.0,0.0,0.0,0.0,0.0,0.0,0.0,2019-01-09
12,hru12,0.005,0.0,0.0,0.0,0.0,0.0,0.0,0.0,0.0,0.0,2019-01-09
13,hru13,0.005,0.0,0.0,0.0,0.0,0.0,0.0,0.0,0.0,0.0,2019-01-09
14,hru14,0.005,0.0,0.0,0.0,0.0,0.0,0.0,0.0,0.0,0.0,2019-01-09
15,hru15,0.005,0.0,0.0,0.0,0.0,0.0,0.0,0.0,0.0,0.0,2019-01-09
16,hru16,0.005,0.0,0.0,0.0,0.0,0.0,0.0,0.0,0.0,0.0,2019-01-09
17,hru17,0.005,0.0,0.0,0.0,0.0,0.0,0.0,0.0,0.0,0.0,2019-01-09
18,hru18,0.005,0.0,0.0,0.0,0.0,0.0,0.0,0.0,0.0,0.0,2019-01-09
19,hru19,0.005,0.0,0.0,0.0,0.0,0.0,0.0,0.0,0.0,0.0,2019-01-09
20,hru20,0.005,0.0,0.0,0.0,0.0,0.0,0.0,0.0,0.0,0.0,2019-01-09
21,hru21,0.005,0.0,0.0,0.0,0.0,0.0,0.0,0.0,0.0,0.0,2019-01-09
22,hru22,0.005,0.0,0.0,0.0,0.0,0.0,0.0,0.0,0.0,0.0,2019-01-09
23,hru23,0.005,0.0,0.0,0.0,0.0,0.0,0.0,0.0,0.0,0.0,2019-01-09
24,hru24,0.005,0.0,0.0,0.0,0.0,0.0,0.0,0.0,0.0,0.0,2019-01-09
25,hru25,0.005,0.0,0.0,0.0,0.0,0.0,0.0,0.0,0.0,0.0,2019-01-09
26,hru26,0.005,0.0,0.0,0.0,0.0,0.0,0.0,0.0,0.0,0.0,2019-01-09
27,hru27,0.005,0.0,0.0,0.0,0.0,0.0,0.0,0.0,0.0,0.0,2019-01-09
28,hru28,0.005,0.0,0.0,0.0,0.0,0.0,0.0,0.0,0.0,0.0,2019-01-09
29,hru29,0.005,0.0,0.0,0.0,0.0,0.0,0.0,0.0,0.0,0.0,2019-01-09
30,hru30,0.005,0.0,0.0,0.0,0.0,0.0,0.0,0.0,0.0,0.0,2019-01-09
31,hru31,0.004,0.0,0.0,0.0,0.0,0.0,0.0,0.0,0.0,0.0,2019-01-09
32,hru32,0.005,0.0,0.0,0.0,0.0,0.0,0.0,0.0,0.0,0.0,2019-01-09
33,hru33,0.005,0.0,0.0,0.0,0.0,0.0,0.0,0.0,0.0,0.0,2019-01-09
34,hru34,0.005,0.0,0.0,0.0,0.0,0.0,0.0,0.0,0.0,0.0,2019-01-09
35,hru35,0.004,0.0,0.0,0.0,0.0,0.0,0.0,0.0,0.0,0.0,2019-01-09
36,hru36,0.005,0.0,0.0,0.0,0.0,0.0,0.0,0.0,0.0,0.0,2019-01-09
1,hru01,0.004,0.0,0.0,0.0,0.0,0.0,0.0,0.0,0.0,0.0,2019-01-10
2,hru02,0.005,0.0,0.0,0.0,0.0,0.0,0.0,0.0,0.0,0.0,2019-01-10
3,hru03,0.004,0.0,0.0,0.0,0.0,0.0,0.0,0.0,0.0,0.0,2019-01-10
4,hru04,0.004,0.0,0.0,0.0,0.0,0.0,0.0,0.0,0.0,0.0,2019-01-10
5,hru05,0.004,0.0,0.0,0.0,0.0,0.0,0.0,0.0,0.0,0.0,2019-01-10
6,hru06,0.004,0.0,0.0,0.0,0.0,0.0,0.0,0.0,0.0,0.0,2019-01-10
7,hru07,0.005,0.0,0.0,0.0,0.0,0.0,0.0,0.0,0.0,0.0,2019-01-10
8,hru08,0.004,0.0,0.0,0.0,0.0,0.0,0.0,0.0,0.0,0.0,2019-01-10
9,hru09,0.005,0.0,0.0,0.0,0.0,0.0,0.0,0.0,0.0,0.0,2019-01-10
10,hru10,0.005,0.0,0.0,0.0,0.0,0.0,0.0,0.0,0.0,0.0,2019-01-10
11,hru11,0.005,0.0,0.0,0.0,0.0,0.0,0.0,0.0,0.0,0.0,2019-01-10
12,hru12,0.005,0.0,0.0,0.0,0.0,0.0,0.0,0.0,0.0,0.0,2019-01-10
13,hru13,0.005,0.0,0.0,0.0,0.0,0.0,0.0,0.0,0.0,0.0,2019-01-10
14,hru14,0.005,0.0,0.0,0.0,0.0,0.0,0.0,0.0,0.0,0.0,2019-01-10
15,hru15,0.005,0.0,0.0,0.0,0.0,0.0,0.0,0.0,0.0,0.0,2019-01-10
16,hru16,0.005,0.0,0.0,0.0,0.0,0.0,0.0,0.0,0.0,0.0,2019-01-10
17,hru17,0.005,0.0,0.0,0.0,0.0,0.0,0.0,0.0,0.0,0.0,2019-01-10
18,hru18,0.005,0.0,0.0,0.0,0.0,0.0,0.0,0.0,0.0,0.0,2019-01-10
19,hru19,0.005,0.0,0.0,0.0,0.0,0.0,0.0,0.0,0.0,0.0,2019-01-10
20,hru20,0.005,0.0,0.0,0.0,0.0,0.0,0.0,0.0,0.0,0.0,2019-01-10
21,hru21,0.005,0.0,0.0,0.0,0.0,0.0,0.0,0.0,0.0,0.0,2019-01-10
22,hru22,0.005,0.0,0.0,0.0,0.0,0.0,0.0,0.0,0.0,0.0,2019-01-10
23,hru23,0.005,0.0,0.0,0.0,0.0,0.0,0.0,0.0,0.0,0.0,2019-01-10
24,hru24,0.005,0.0,0.0,0.0,0.0,0.0,0.0,0.0,0.0,0.0,2019-01-10
25,hru25,0.005,0.0,0.0,0.0,0.0,0.0,0.0,0.0,0.0,0.0,2019-01-10
26,hru26,0.005,0.0,0.0,0.0,0.0,0.0,0.0,0.0,0.0,0.0,2019-01-10
27,hru27,0.005,0.0,0.0,0.0,0.0,0.0,0.0,0.0,0.0,0.0,2019-01-10
28,hru28,0.005,0.0,0.0,0.0,0.0,0.0,0.0,0.0,0.0,0.0,2019-01-10
29,hru29,0.005,0.0,0.0,0.0,0.0,0.0,0.0,0.0,0.0,0.0,2019-01-10
30,hru30,0.005,0.0,0.0,0.0,0.0,0.0,0.0,0.0,0.0,0.0,2019-01-10
31,hru31,0.004,0.0,0.0,0.0,0.0,0.0,0.0,0.0,0.0,0.0,2019-01-10
32,hru32,0.005,0.0,0.0,0.0,0.0,0.0,0.0,0.0,0.0,0.0,2019-01-10
33,hru33,0.005,0.0,0.0,0.0,0.0,0.0,0.0,0.0,0.0,0.0,2019-01-10
34,hru34,0.005,0.0,0.0,0.0,0.0,0.0,0.0,0.0,0.0,0.0,2019-01-10
35,hru35,0.004,0.0,0.0,0.0,0.0,0.0,0.0,0.0,0.0,0.0,2019-01-10
36,hru36,0.005,0.0,0.0,0.0,0.0,0.0,0.0,0.0,0.0,0.0,2019-01-10
1,hru01,0.004,0.0,0.0,0.0,0.0,0.0,0.0,0.0,0.0,0.0,2019-01-11
2,hru02,0.005,0.0,0.0,0.0,0.0,0.0,0.0,0.0,0.0,0.0,2019-01-11
3,hru03,0.004,0.0,0.0,0.0,0.0,0.0,0.0,0.0,0.0,0.0,2019-01-11
4,hru04,0.004,0.0,0.0,0.0,0.0,0.0,0.0,0.0,0.0,0.0,2019-01-11
5,hru05,0.004,0.0,0.0,0.0,0.0,0.0,0.0,0.0,0.0,0.0,2019-01-11
6,hru06,0.004,0.0,0.0,0.0,0.0,0.0,0.0,0.0,0.0,0.0,2019-01-11
7,hru07,0.005,0.0,0.0,0.0,0.0,0.0,0.0,0.0,0.0,0.0,2019-01-11
8,hru08,0.004,0.0,0.0,0.0,0.0,0.0,0.0,0.0,0.0,0.0,2019-01-11
9,hru09,0.005,0.0,0.0,0.0,0.0,0.0,0.0,0.0,0.0,0.0,2019-01-11
10,hru10,0.005,0.0,0.0,0.0,0.0,0.0,0.0,0.0,0.0,0.0,2019-01-11
11,hru11,0.005,0.0,0.0,0.0,0.0,0.0,0.0,0.0,0.0,0.0,2019-01-11
12,hru12,0.005,0.0,0.0,0.0,0.0,0.0,0.0,0.0,0.0,0.0,2019-01-11
13,hru13,0.005,0.0,0.0,0.0,0.0,0.0,0.0,0.0,0.0,0.0,2019-01-11
14,hru14,0.005,0.0,0.0,0.0,0.0,0.0,0.0,0.0,0.0,0.0,2019-01-11
15,hru15,0.005,0.0,0.0,0.0,0.0,0.0,0.0,0.0,0.0,0.0,2019-01-11
16,hru16,0.005,0.0,0.0,0.0,0.0,0.0,0.0,0.0,0.0,0.0,2019-01-11
17,hru17,0.005,0.0,0.0,0.0,0.0,0.0,0.0,0.0,0.0,0.0,2019-01-11
18,hru18,0.005,0.0,0.0,0.0,0.0,0.0,0.0,0.0,0.0,0.0,2019-01-11
19,hru19,0.005,0.0,0.0,0.0,0.0,0.0,0.0,0.0,0.0,0.0,2019-01-11
20,hru20,0.005,0.0,0.0,0.0,0.0,0.0,0.0,0.0,0.0,0.0,2019-01-11
21,hru21,0.005,0.0,0.0,0.0,0.0,0.0,0.0,0.0,0.0,0.0,2019-01-11
22,hru22,0.005,0.0,0.0,0.0,0.0,0.0,0.0,0.0,0.0,0.0,2019-01-11
23,hru23,0.005,0.0,0.0,0.0,0.0,0.0,0.0,0.0,0.0,0.0,2019-01-11
24,hru24,0.005,0.0,0.0,0.0,0.0,0.0,0.0,0.0,0.0,0.0,2019-01-11
25,hru25,0.005,0.0,0.0,0.0,0.0,0.0,0.0,0.0,0.0,0.0,2019-01-11
26,hru26,0.005,0.0,0.0,0.0,0.0,0.0,0.0,0.0,0.0,0.0,2019-01-11
27,hru27,0.005,0.0,0.0,0.0,0.0,0.0,0.0,0.0,0.0,0.0,2019-01-11
28,hru28,0.005,0.0,0.0,0.0,0.0,0.0,0.0,0.0,0.0,0.0,2019-01-11
29,hru29,0.005,0.0,0.0,0.0,0.0,0.0,0.0,0.0,0.0,0.0,2019-01-11
30,hru30,0.005,0.0,0.0,0.0,0.0,0.0,0.0,0.0,0.0,0.0,2019-01-11
31,hru31,0.004,0.0,0.0,0.0,0.0,0.0,0.0,0.0,0.0,0.0,2019-01-11
32,hru32,0.005,0.0,0.0,0.0,0.0,0.0,0.0,0.0,0.0,0.0,2019-01-11
33,hru33,0.005,0.0,0.0,0.0,0.0,0.0,0.0,0.0,0.0,0.0,2019-01-11
34,hru34,0.005,0.0,0.0,0.0,0.0,0.0,0.0,0.0,0.0,0.0,2019-01-11
35,hru35,0.004,0.0,0.0,0.0,0.0,0.0,0.0,0.0,0.0,0.0,2019-01-11
36,hru36,0.005,0.0,0.0,0.0,0.0,0.0,0.0,0.0,0.0,0.0,2019-01-11
1,hru01,0.004,0.0,0.0,0.0,0.0,0.0,0.0,0.0,0.0,0.0,2019-01-12
2,hru02,0.005,0.0,0.0,0.0,0.0,0.0,0.0,0.0,0.0,0.0,2019-01-12
3,hru03,0.004,0.0,0.0,0.0,0.0,0.0,0.0,0.0,0.0,0.0,2019-01-12
4,hru04,0.004,0.0,0.0,0.0,0.0,0.0,0.0,0.0,0.0,0.0,2019-01-12
5,hru05,0.004,0.0,0.0,0.0,0.0,0.0,0.0,0.0,0.0,0.0,2019-01-12
6,hru06,0.004,0.0,0.0,0.0,0.0,0.0,0.0,0.0,0.0,0.0,2019-01-12
7,hru07,0.005,0.0,0.0,0.0,0.0,0.0,0.0,0.0,0.0,0.0,2019-01-12
8,hru08,0.004,0.0,0.0,0.0,0.0,0.0,0.0,0.0,0.0,0.0,2019-01-12
9,hru09,0.005,0.0,0.0,0.0,0.0,0.0,0.0,0.0,0.0,0.0,2019-01-12
10,hru10,0.005,0.0,0.0,0.0,0.0,0.0,0.0,0.0,0.0,0.0,2019-01-12
11,hru11,0.005,0.0,0.0,0.0,0.0,0.0,0.0,0.0,0.0,0.0,2019-01-12
12,hru12,0.005,0.0,0.0,0.0,0.0,0.0,0.0,0.0,0.0,0.0,2019-01-12
13,hru13,0.005,0.0,0.0,0.0,0.0,0.0,0.0,0.0,0.0,0.0,2019-01-12
14,hru14,0.005,0.0,0.0,0.0,0.0,0.0,0.0,0.0,0.0,0.0,2019-01-12
15,hru15,0.005,0.0,0.0,0.0,0.0,0.0,0.0,0.0,0.0,0.0,2019-01-12
16,hru16,0.005,0.0,0.0,0.0,0.0,0.0,0.0,0.0,0.0,0.0,2019-01-12
17,hru17,0.005,0.0,0.0,0.0,0.0,0.0,0.0,0.0,0.0,0.0,2019-01-12
18,hru18,0.005,0.0,0.0,0.0,0.0,0.0,0.0,0.0,0.0,0.0,2019-01-12
19,hru19,0.005,0.0,0.0,0.0,0.0,0.0,0.0,0.0,0.0,0.0,2019-01-12
20,hru20,0.005,0.0,0.0,0.0,0.0,0.0,0.0,0.0,0.0,0.0,2019-01-12
21,hru21,0.005,0.0,0.0,0.0,0.0,0.0,0.0,0.0,0.0,0.0,2019-01-12
22,hru22,0.005,0.0,0.0,0.0,0.0,0.0,0.0,0.0,0.0,0.0,2019-01-12
23,hru23,0.005,0.0,0.0,0.0,0.0,0.0,0.0,0.0,0.0,0.0,2019-01-12
24,hru24,0.005,0.0,0.0,0.0,0.0,0.0,0.0,0.0,0.0,0.0,2019-01-12
25,hru25,0.005,0.0,0.0,0.0,0.0,0.0,0.0,0.0,0.0,0.0,2019-01-12
26,hru26,0.005,0.0,0.0,0.0,0.0,0.0,0.0,0.0,0.0,0.0,2019-01-12
27,hru27,0.005,0.0,0.0,0.0,0.0,0.0,0.0,0.0,0.0,0.0,2019-01-12
28,hru28,0.005,0.0,0.0,0.0,0.0,0.0,0.0,0.0,0.0,0.0,2019-01-12
29,hru29,0.005,0.0,0.0,0.0,0.0,0.0,0.0,0.0,0.0,0.0,2019-01-12
30,hru30,0.005,0.0,0.0,0.0,0.0,0.0,0.0,0.0,0.0,0.0,2019-01-12
31,hru31,0.004,0.0,0.0,0.0,0.0,0.0,0.0,0.0,0.0,0.0,2019-01-12
32,hru32,0.005,0.0,0.0,0.0,0.0,0.0,0.0,0.0,0.0,0.0,2019-01-12
33,hru33,0.005,0.0,0.0,0.0,0.0,0.0,0.0,0.0,0.0,0.0,2019-01-12
34,hru34,0.005,0.0,0.0,0.0,0.0,0.0,0.0,0.0,0.0,0.0,2019-01-12
35,hru35,0.004,0.0,0.0,0.0,0.0,0.0,0.0,0.0,0.0,0.0,2019-01-12
36,hru36,0.005,0.0,0.0,0.0,0.0,0.0,0.0,0.0,0.0,0.0,2019-01-12
1,hru01,0.004,0.0,0.0,0.0,0.0,0.0,0.0,0.0,0.0,0.0,2019-01-13
2,hru02,0.005,0.0,0.0,0.0,0.0,0.0,0.0,0.0,0.0,0.0,2019-01-13
3,hru03,0.004,0.0,0.0,0.0,0.0,0.0,0.0,0.0,0.0,0.0,2019-01-13
4,hru04,0.004,0.0,0.0,0.0,0.0,0.0,0.0,0.0,0.0,0.0,2019-01-13
5,hru05,0.004,0.0,0.0,0.0,0.0,0.0,0.0,0.0,0.0,0.0,2019-01-13
6,hru06,0.004,0.0,0.0,0.0,0.0,0.0,0.0,0.0,0.0,0.0,2019-01-13
7,hru07,0.005,0.0,0.0,0.0,0.0,0.0,0.0,0.0,0.0,0.0,2019-01-13
8,hru08,0.004,0.0,0.0,0.0,0.0,0.0,0.0,0.0,0.0,0.0,2019-01-13
9,hru09,0.005,0.0,0.0,0.0,0.0,0.0,0.0,0.0,0.0,0.0,2019-01-13
10,hru10,0.005,0.0,0.0,0.0,0.0,0.0,0.0,0.0,0.0,0.0,2019-01-13
11,hru11,0.005,0.0,0.0,0.0,0.0,0.0,0.0,0.0,0.0,0.0,2019-01-13
12,hru12,0.005,0.0,0.0,0.0,0.0,0.0,0.0,0.0,0.0,0.0,2019-01-13
13,hru13,0.005,0.0,0.0,0.0,0.0,0.0,0.0,0.0,0.0,0.0,2019-01-13
14,hru14,0.005,0.0,0.0,0.0,0.0,0.0,0.0,0.0,0.0,0.0,2019-01-13
15,hru15,0.005,0.0,0.0,0.0,0.0,0.0,0.0,0.0,0.0,0.0,2019-01-13
16,hru16,0.005,0.0,0.0,0.0,0.0,0.0,0.0,0.0,0.0,0.0,2019-01-13
17,hru17,0.005,0.0,0.0,0.0,0.0,0.0,0.0,0.0,0.0,0.0,2019-01-13
18,hru18,0.005,0.0,0.0,0.0,0.0,0.0,0.0,0.0,0.0,0.0,2019-01-13
19,hru19,0.005,0.0,0.0,0.0,0.0,0.0,0.0,0.0,0.0,0.0,2019-01-13
20,hru20,0.005,0.0,0.0,0.0,0.0,0.0,0.0,0.0,0.0,0.0,2019-01-13
21,hru21,0.005,0.0,0.0,0.0,0.0,0.0,0.0,0.0,0.0,0.0,2019-01-13
22,hru22,0.005,0.0,0.0,0.0,0.0,0.0,0.0,0.0,0.0,0.0,2019-01-13
23,hru23,0.005,0.0,0.0,0.0,0.0,0.0,0.0,0.0,0.0,0.0,2019-01-13
24,hru24,0.005,0.0,0.0,0.0,0.0,0.0,0.0,0.0,0.0,0.0,2019-01-13
25,hru25,0.005,0.0,0.0,0.0,0.0,0.0,0.0,0.0,0.0,0.0,2019-01-13
26,hru26,0.005,0.0,0.0,0.0,0.0,0.0,0.0,0.0,0.0,0.0,2019-01-13
27,hru27,0.005,0.0,0.0,0.0,0.0,0.0,0.0,0.0,0.0,0.0,2019-01-13
28,hru28,0.005,0.0,0.0,0.0,0.0,0.0,0.0,0.0,0.0,0.0,2019-01-13
29,hru29,0.005,0.0,0.0,0.0,0.0,0.0,0.0,0.0,0.0,0.0,2019-01-13
30,hru30,0.005,0.0,0.0,0.0,0.0,0.0,0.0,0.0,0.0,0.0,2019-01-13
31,hru31,0.004,0.0,0.0,0.0,0.0,0.0,0.0,0.0,0.0,0.0,2019-01-13
32,hru32,0.005,0.0,0.0,0.0,0.0,0.0,0.0,0.0,0.0,0.0,2019-01-13
33,hru33,0.005,0.0,0.0,0.0,0.0,0.0,0.0,0.0,0.0,0.0,2019-01-13
34,hru34,0.005,0.0,0.0,0.0,0.0,0.0,0.0,0.0,0.0,0.0,2019-01-13
35,hru35,0.004,0.0,0.0,0.0,0.0,0.0,0.0,0.0,0.0,0.0,2019-01-13
36,hru36,0.005,0.0,0.0,0.0,0.0,0.0,0.0,0.0,0.0,0.0,2019-01-13
1,hru01,0.004,0.0,0.0,0.0,0.0,0.0,0.0,0.0,0.0,0.0,2019-01-14
2,hru02,0.005,0.0,0.0,0.0,0.0,0.0,0.0,0.0,0.0,0.0,2019-01-14
3,hru03,0.004,0.0,0.0,0.0,0.0,0.0,0.0,0.0,0.0,0.0,2019-01-14
4,hru04,0.004,0.0,0.0,0.0,0.0,0.0,0.0,0.0,0.0,0.0,2019-01-14
5,hru05,0.004,0.0,0.0,0.0,0.0,0.0,0.0,0.0,0.0,0.0,2019-01-14
6,hru06,0.004,0.0,0.0,0.0,0.0,0.0,0.0,0.0,0.0,0.0,2019-01-14
7,hru07,0.005,0.0,0.0,0.0,0.0,0.0,0.0,0.0,0.0,0.0,2019-01-14
8,hru08,0.004,0.0,0.0,0.0,0.0,0.0,0.0,0.0,0.0,0.0,2019-01-14
9,hru09,0.005,0.0,0.0,0.0,0.0,0.0,0.0,0.0,0.0,0.0,2019-01-14
10,hru10,0.005,0.0,0.0,0.0,0.0,0.0,0.0,0.0,0.0,0.0,2019-01-14
11,hru11,0.005,0.0,0.0,0.0,0.0,0.0,0.0,0.0,0.0,0.0,2019-01-14
12,hru12,0.005,0.0,0.0,0.0,0.0,0.0,0.0,0.0,0.0,0.0,2019-01-14
13,hru13,0.005,0.0,0.0,0.0,0.0,0.0,0.0,0.0,0.0,0.0,2019-01-14
14,hru14,0.005,0.0,0.0,0.0,0.0,0.0,0.0,0.0,0.0,0.0,2019-01-14
15,hru15,0.005,0.0,0.0,0.0,0.0,0.0,0.0,0.0,0.0,0.0,2019-01-14
16,hru16,0.005,0.0,0.0,0.0,0.0,0.0,0.0,0.0,0.0,0.0,2019-01-14
17,hru17,0.005,0.0,0.0,0.0,0.0,0.0,0.0,0.0,0.0,0.0,2019-01-14
18,hru18,0.005,0.0,0.0,0.0,0.0,0.0,0.0,0.0,0.0,0.0,2019-01-14
19,hru19,0.005,0.0,0.0,0.0,0.0,0.0,0.0,0.0,0.0,0.0,2019-01-14
20,hru20,0.005,0.0,0.0,0.0,0.0,0.0,0.0,0.0,0.0,0.0,2019-01-14
21,hru21,0.005,0.0,0.0,0.0,0.0,0.0,0.0,0.0,0.0,0.0,2019-01-14
22,hru22,0.005,0.0,0.0,0.0,0.0,0.0,0.0,0.0,0.0,0.0,2019-01-14
23,hru23,0.005,0.0,0.0,0.0,0.0,0.0,0.0,0.0,0.0,0.0,2019-01-14
24,hru24,0.005,0.0,0.0,0.0,0.0,0.0,0.0,0.0,0.0,0.0,2019-01-14
25,hru25,0.005,0.0,0.0,0.0,0.0,0.0,0.0,0.0,0.0,0.0,2019-01-14
26,hru26,0.005,0.0,0.0,0.0,0.0,0.0,0.0,0.0,0.0,0.0,2019-01-14
27,hru27,0.005,0.0,0.0,0.0,0.0,0.0,0.0,0.0,0.0,0.0,2019-01-14
28,hru28,0.005,0.0,0.0,0.0,0.0,0.0,0.0,0.0,0.0,0.0,2019-01-14
29,hru29,0.005,0.0,0.0,0.0,0.0,0.0,0.0,0.0,0.0,0.0,2019-01-14
30,hru30,0.005,0.0,0.0,0.0,0.0,0.0,0.0,0.0,0.0,0.0,2019-01-14
31,hru31,0.004,0.0,0.0,0.0,0.0,0.0,0.0,0.0,0.0,0.0,2019-01-14
32,hru32,0.005,0.0,0.0,0.0,0.0,0.0,0.0,0.0,0.0,0.0,2019-01-14
33,hru33,0.005,0.0,0.0,0.0,0.0,0.0,0.0,0.0,0.0,0.0,2019-01-14
34,hru34,0.005,0.0,0.0,0.0,0.0,0.0,0.0,0.0,0.0,0.0,2019-01-14
35,hru35,0.004,0.0,0.0,0.0,0.0,0.0,0.0,0.0,0.0,0.0,2019-01-14
36,hru36,0.005,0.0,0.0,0.0,0.0,0.0,0.0,0.0,0.0,0.0,2019-01-14
1,hru01,0.004,0.0,0.0,0.0,0.0,0.0,0.0,0.0,0.0,0.0,2019-01-15
2,hru02,0.005,0.0,0.0,0.0,0.0,0.0,0.0,0.0,0.0,0.0,2019-01-15
3,hru03,0.004,0.0,0.0,0.0,0.0,0.0,0.0,0.0,0.0,0.0,2019-01-15
4,hru04,0.004,0.0,0.0,0.0,0.0,0.0,0.0,0.0,0.0,0.0,2019-01-15
5,hru05,0.004,0.0,0.0,0.0,0.0,0.0,0.0,0.0,0.0,0.0,2019-01-15
6,hru06,0.004,0.0,0.0,0.0,0.0,0.0,0.0,0.0,0.0,0.0,2019-01-15
7,hru07,0.005,0.0,0.0,0.0,0.0,0.0,0.0,0.0,0.0,0.0,2019-01-15
8,hru08,0.004,0.0,0.0,0.0,0.0,0.0,0.0,0.0,0.0,0.0,2019-01-15
9,hru09,0.005,0.0,0.0,0.0,0.0,0.0,0.0,0.0,0.0,0.0,2019-01-15
10,hru10,0.005,0.0,0.0,0.0,0.0,0.0,0.0,0.0,0.0,0.0,2019-01-15
11,hru11,0.005,0.0,0.0,0.0,0.0,0.0,0.0,0.0,0.0,0.0,2019-01-15
12,hru12,0.005,0.0,0.0,0.0,0.0,0.0,0.0,0.0,0.0,0.0,2019-01-15
13,hru13,0.005,0.0,0.0,0.0,0.0,0.0,0.0,0.0,0.0,0.0,2019-01-15
14,hru14,0.005,0.0,0.0,0.0,0.0,0.0,0.0,0.0,0.0,0.0,2019-01-15
15,hru15,0.005,0.0,0.0,0.0,0.0,0.0,0.0,0.0,0.0,0.0,2019-01-15
16,hru16,0.005,0.0,0.0,0.0,0.0,0.0,0.0,0.0,0.0,0.0,2019-01-15
17,hru17,0.005,0.0,0.0,0.0,0.0,0.0,0.0,0.0,0.0,0.0,2019-01-15
18,hru18,0.005,0.0,0.0,0.0,0.0,0.0,0.0,0.0,0.0,0.0,2019-01-15
19,hru19,0.005,0.0,0.0,0.0,0.0,0.0,0.0,0.0,0.0,0.0,2019-01-15
20,hru20,0.005,0.0,0.0,0.0,0.0,0.0,0.0,0.0,0.0,0.0,2019-01-15
21,hru21,0.005,0.0,0.0,0.0,0.0,0.0,0.0,0.0,0.0,0.0,2019-01-15
22,hru22,0.005,0.0,0.0,0.0,0.0,0.0,0.0,0.0,0.0,0.0,2019-01-15
23,hru23,0.005,0.0,0.0,0.0,0.0,0.0,0.0,0.0,0.0,0.0,2019-01-15
24,hru24,0.005,0.0,0.0,0.0,0.0,0.0,0.0,0.0,0.0,0.0,2019-01-15
25,hru25,0.005,0.0,0.0,0.0,0.0,0.0,0.0,0.0,0.0,0.0,2019-01-15
26,hru26,0.005,0.0,0.0,0.0,0.0,0.0,0.0,0.0,0.0,0.0,2019-01-15
27,hru27,0.005,0.0,0.0,0.0,0.0,0.0,0.0,0.0,0.0,0.0,2019-01-15
28,hru28,0.005,0.0,0.0,0.0,0.0,0.0,0.0,0.0,0.0,0.0,2019-01-15
29,hru29,0.005,0.0,0.0,0.0,0.0,0.0,0.0,0.0,0.0,0.0,2019-01-15
30,hru30,0.005,0.0,0.0,0.0,0.0,0.0,0.0,0.0,0.0,0.0,2019-01-15
31,hru31,0.004,0.0,0.0,0.0,0.0,0.0,0.0,0.0,0.0,0.0,2019-01-15
32,hru32,0.005,0.0,0.0,0.0,0.0,0.0,0.0,0.0,0.0,0.0,2019-01-15
33,hru33,0.005,0.0,0.0,0.0,0.0,0.0,0.0,0.0,0.0,0.0,2019-01-15
34,hru34,0.005,0.0,0.0,0.0,0.0,0.0,0.0,0.0,0.0,0.0,2019-01-15
35,hru35,0.004,0.0,0.0,0.0,0.0,0.0,0.0,0.0,0.0,0.0,2019-01-15
36,hru36,0.005,0.0,0.0,0.0,0.0,0.0,0.0,0.0,0.0,0.0,2019-01-15
1,hru01,0.004,0.0,0.0,0.0,0.0,0.0,0.0,0.0,0.0,0.0,2019-01-16
2,hru02,0.005,0.0,0.0,0.0,0.0,0.0,0.0,0.0,0.0,0.0,2019-01-16
3,hru03,0.004,0.0,0.0,0.0,0.0,0.0,0.0,0.0,0.0,0.0,2019-01-16
4,hru04,0.004,0.0,0.0,0.0,0.0,0.0,0.0,0.0,0.0,0.0,2019-01-16
5,hru05,0.004,0.0,0.0,0.0,0.0,0.0,0.0,0.0,0.0,0.0,2019-01-16
6,hru06,0.004,0.0,0.0,0.0,0.0,0.0,0.0,0.0,0.0,0.0,2019-01-16
7,hru07,0.005,0.0,0.0,0.0,0.0,0.0,0.0,0.0,0.0,0.0,2019-01-16
8,hru08,0.004,0.0,0.0,0.0,0.0,0.0,0.0,0.0,0.0,0.0,2019-01-16
9,hru09,0.005,0.0,0.0,0.0,0.0,0.0,0.0,0.0,0.0,0.0,2019-01-16
10,hru10,0.005,0.0,0.0,0.0,0.0,0.0,0.0,0.0,0.0,0.0,2019-01-16
11,hru11,0.005,0.0,0.0,0.0,0.0,0.0,0.0,0.0,0.0,0.0,2019-01-16
12,hru12,0.005,0.0,0.0,0.0,0.0,0.0,0.0,0.0,0.0,0.0,2019-01-16
13,hru13,0.005,0.0,0.0,0.0,0.0,0.0,0.0,0.0,0.0,0.0,2019-01-16
14,hru14,0.005,0.0,0.0,0.0,0.0,0.0,0.0,0.0,0.0,0.0,2019-01-16
15,hru15,0.005,0.0,0.0,0.0,0.0,0.0,0.0,0.0,0.0,0.0,2019-01-16
16,hru16,0.005,0.0,0.0,0.0,0.0,0.0,0.0,0.0,0.0,0.0,2019-01-16
17,hru17,0.005,0.0,0.0,0.0,0.0,0.0,0.0,0.0,0.0,0.0,2019-01-16
18,hru18,0.005,0.0,0.0,0.0,0.0,0.0,0.0,0.0,0.0,0.0,2019-01-16
19,hru19,0.005,0.0,0.0,0.0,0.0,0.0,0.0,0.0,0.0,0.0,2019-01-16
20,hru20,0.005,0.0,0.0,0.0,0.0,0.0,0.0,0.0,0.0,0.0,2019-01-16
21,hru21,0.005,0.0,0.0,0.0,0.0,0.0,0.0,0.0,0.0,0.0,2019-01-16
22,hru22,0.005,0.0,0.0,0.0,0.0,0.0,0.0,0.0,0.0,0.0,2019-01-16
23,hru23,0.005,0.0,0.0,0.0,0.0,0.0,0.0,0.0,0.0,0.0,2019-01-16
24,hru24,0.005,0.0,0.0,0.0,0.0,0.0,0.0,0.0,0.0,0.0,2019-01-16
25,hru25,0.005,0.0,0.0,0.0,0.0,0.0,0.0,0.0,0.0,0.0,2019-01-16
26,hru26,0.005,0.0,0.0,0.0,0.0,0.0,0.0,0.0,0.0,0.0,2019-01-16
27,hru27,0.005,0.0,0.0,0.0,0.0,0.0,0.0,0.0,0.0,0.0,2019-01-16
28,hru28,0.005,0.0,0.0,0.0,0.0,0.0,0.0,0.0,0.0,0.0,2019-01-16
29,hru29,0.005,0.0,0.0,0.0,0.0,0.0,0.0,0.0,0.0,0.0,2019-01-16
30,hru30,0.005,0.0,0.0,0.0,0.0,0.0,0.0,0.0,0.0,0.0,2019-01-16
31,hru31,0.004,0.0,0.0,0.0,0.0,0.0,0.0,0.0,0.0,0.0,2019-01-16
32,hru32,0.005,0.0,0.0,0.0,0.0,0.0,0.0,0.0,0.0,0.0,2019-01-16
33,hru33,0.005,0.0,0.0,0.0,0.0,0.0,0.0,0.0,0.0,0.0,2019-01-16
34,hru34,0.005,0.0,0.0,0.0,0.0,0.0,0.0,0.0,0.0,0.0,2019-01-16
35,hru35,0.004,0.0,0.0,0.0,0.0,0.0,0.0,0.0,0.0,0.0,2019-01-16
36,hru36,0.005,0.0,0.0,0.0,0.0,0.0,0.0,0.0,0.0,0.0,2019-01-16
1,hru01,0.004,0.0,0.0,0.0,0.0,0.0,0.0,0.0,0.0,0.0,2019-01-17
2,hru02,0.005,0.0,0.0,0.0,0.0,0.0,0.0,0.0,0.0,0.0,2019-01-17
3,hru03,0.004,0.0,0.0,0.0,0.0,0.0,0.0,0.0,0.0,0.0,2019-01-17
4,hru04,0.004,0.0,0.0,0.0,0.0,0.0,0.0,0.0,0.0,0.0,2019-01-17
5,hru05,0.004,0.0,0.0,0.0,0.0,0.0,0.0,0.0,0.0,0.0,2019-01-17
6,hru06,0.004,0.0,0.0,0.0,0.0,0.0,0.0,0.0,0.0,0.0,2019-01-17
7,hru07,0.005,0.0,0.0,0.0,0.0,0.0,0.0,0.0,0.0,0.0,2019-01-17
8,hru08,0.004,0.0,0.0,0.0,0.0,0.0,0.0,0.0,0.0,0.0,2019-01-17
9,hru09,0.005,0.0,0.0,0.0,0.0,0.0,0.0,0.0,0.0,0.0,2019-01-17
10,hru10,0.005,0.0,0.0,0.0,0.0,0.0,0.0,0.0,0.0,0.0,2019-01-17
11,hru11,0.005,0.0,0.0,0.0,0.0,0.0,0.0,0.0,0.0,0.0,2019-01-17
12,hru12,0.005,0.0,0.0,0.0,0.0,0.0,0.0,0.0,0.0,0.0,2019-01-17
13,hru13,0.005,0.0,0.0,0.0,0.0,0.0,0.0,0.0,0.0,0.0,2019-01-17
14,hru14,0.005,0.0,0.0,0.0,0.0,0.0,0.0,0.0,0.0,0.0,2019-01-17
15,hru15,0.005,0.0,0.0,0.0,0.0,0.0,0.0,0.0,0.0,0.0,2019-01-17
16,hru16,0.005,0.0,0.0,0.0,0.0,0.0,0.0,0.0,0.0,0.0,2019-01-17
17,hru17,0.005,0.0,0.0,0.0,0.0,0.0,0.0,0.0,0.0,0.0,2019-01-17
18,hru18,0.005,0.0,0.0,0.0,0.0,0.0,0.0,0.0,0.0,0.0,2019-01-17
19,hru19,0.005,0.0,0.0,0.0,0.0,0.0,0.0,0.0,0.0,0.0,2019-01-17
20,hru20,0.005,0.0,0.0,0.0,0.0,0.0,0.0,0.0,0.0,0.0,2019-01-17
21,hru21,0.005,0.0,0.0,0.0,0.0,0.0,0.0,0.0,0.0,0.0,2019-01-17
22,hru22,0.005,0.0,0.0,0.0,0.0,0.0,0.0,0.0,0.0,0.0,2019-01-17
23,hru23,0.005,0.0,0.0,0.0,0.0,0.0,0.0,0.0,0.0,0.0,2019-01-17
24,hru24,0.005,0.0,0.0,0.0,0.0,0.0,0.0,0.0,0.0,0.0,2019-01-17
25,hru25,0.005,0.0,0.0,0.0,0.0,0.0,0.0,0.0,0.0,0.0,2019-01-17
26,hru26,0.005,0.0,0.0,0.0,0.0,0.0,0.0,0.0,0.0,0.0,2019-01-17
27,hru27,0.005,0.0,0.0,0.0,0.0,0.0,0.0,0.0,0.0,0.0,2019-01-17
28,hru28,0.005,0.0,0.0,0.0,0.0,0.0,0.0,0.0,0.0,0.0,2019-01-17
29,hru29,0.005,0.0,0.0,0.0,0.0,0.0,0.0,0.0,0.0,0.0,2019-01-17
30,hru30,0.005,0.0,0.0,0.0,0.0,0.0,0.0,0.0,0.0,0.0,2019-01-17
31,hru31,0.004,0.0,0.0,0.0,0.0,0.0,0.0,0.0,0.0,0.0,2019-01-17
32,hru32,0.005,0.0,0.0,0.0,0.0,0.0,0.0,0.0,0.0,0.0,2019-01-17
33,hru33,0.005,0.0,0.0,0.0,0.0,0.0,0.0,0.0,0.0,0.0,2019-01-17
34,hru34,0.005,0.0,0.0,0.0,0.0,0.0,0.0,0.0,0.0,0.0,2019-01-17
35,hru35,0.004,0.0,0.0,0.0,0.0,0.0,0.0,0.0,0.0,0.0,2019-01-17
36,hru36,0.005,0.0,0.0,0.0,0.0,0.0,0.0,0.0,0.0,0.0,2019-01-17
1,hru01,0.004,0.0,0.0,0.0,0.0,0.0,0.0,0.0,0.0,0.0,2019-01-18
2,hru02,0.005,0.0,0.0,0.0,0.0,0.0,0.0,0.0,0.0,0.0,2019-01-18
3,hru03,0.004,0.0,0.0,0.0,0.0,0.0,0.0,0.0,0.0,0.0,2019-01-18
4,hru04,0.004,0.0,0.0,0.0,0.0,0.0,0.0,0.0,0.0,0.0,2019-01-18
5,hru05,0.004,0.0,0.0,0.0,0.0,0.0,0.0,0.0,0.0,0.0,2019-01-18
6,hru06,0.004,0.0,0.0,0.0,0.0,0.0,0.0,0.0,0.0,0.0,2019-01-18
7,hru07,0.005,0.0,0.0,0.0,0.0,0.0,0.0,0.0,0.0,0.0,2019-01-18
8,hru08,0.004,0.0,0.0,0.0,0.0,0.0,0.0,0.0,0.0,0.0,2019-01-18
9,hru09,0.005,0.0,0.0,0.0,0.0,0.0,0.0,0.0,0.0,0.0,2019-01-18
10,hru10,0.005,0.0,0.0,0.0,0.0,0.0,0.0,0.0,0.0,0.0,2019-01-18
11,hru11,0.005,0.0,0.0,0.0,0.0,0.0,0.0,0.0,0.0,0.0,2019-01-18
12,hru12,0.005,0.0,0.0,0.0,0.0,0.0,0.0,0.0,0.0,0.0,2019-01-18
13,hru13,0.005,0.0,0.0,0.0,0.0,0.0,0.0,0.0,0.0,0.0,2019-01-18
14,hru14,0.005,0.0,0.0,0.0,0.0,0.0,0.0,0.0,0.0,0.0,2019-01-18
15,hru15,0.005,0.0,0.0,0.0,0.0,0.0,0.0,0.0,0.0,0.0,2019-01-18
16,hru16,0.005,0.0,0.0,0.0,0.0,0.0,0.0,0.0,0.0,0.0,2019-01-18
17,hru17,0.005,0.0,0.0,0.0,0.0,0.0,0.0,0.0,0.0,0.0,2019-01-18
18,hru18,0.005,0.0,0.0,0.0,0.0,0.0,0.0,0.0,0.0,0.0,2019-01-18
19,hru19,0.005,0.0,0.0,0.0,0.0,0.0,0.0,0.0,0.0,0.0,2019-01-18
20,hru20,0.005,0.0,0.0,0.0,0.0,0.0,0.0,0.0,0.0,0.0,2019-01-18
21,hru21,0.005,0.0,0.0,0.0,0.0,0.0,0.0,0.0,0.0,0.0,2019-01-18
22,hru22,0.005,0.0,0.0,0.0,0.0,0.0,0.0,0.0,0.0,0.0,2019-01-18
23,hru23,0.005,0.0,0.0,0.0,0.0,0.0,0.0,0.0,0.0,0.0,2019-01-18
24,hru24,0.005,0.0,0.0,0.0,0.0,0.0,0.0,0.0,0.0,0.0,2019-01-18
25,hru25,0.005,0.0,0.0,0.0,0.0,0.0,0.0,0.0,0.0,0.0,2019-01-18
26,hru26,0.005,0.0,0.0,0.0,0.0,0.0,0.0,0.0,0.0,0.0,2019-01-18
27,hru27,0.005,0.0,0.0,0.0,0.0,0.0,0.0,0.0,0.0,0.0,2019-01-18
28,hru28,0.005,0.0,0.0,0.0,0.0,0.0,0.0,0.0,0.0,0.0,2019-01-18
29,hru29,0.005,0.0,0.0,0.0,0.0,0.0,0.0,0.0,0.0,0.0,2019-01-18
30,hru30,0.005,0.0,0.0,0.0,0.0,0.0,0.0,0.0,0.0,0.0,2019-01-18
31,hru31,0.004,0.0,0.0,0.0,0.0,0.0,0.0,0.0,0.0,0.0,2019-01-18
32,hru32,0.005,0.0,0.0,0.0,0.0,0.0,0.0,0.0,0.0,0.0,2019-01-18
33,hru33,0.005,0.0,0.0,0.0,0.0,0.0,0.0,0.0,0.0,0.0,2019-01-18
34,hru34,0.005,0.0,0.0,0.0,0.0,0.0,0.0,0.0,0.0,0.0,2019-01-18
35,hru35,0.004,0.0,0.0,0.0,0.0,0.0,0.0,0.0,0.0,0.0,2019-01-18
36,hru36,0.005,0.0,0.0,0.0,0.0,0.0,0.0,0.0,0.0,0.0,2019-01-18
1,hru01,0.004,0.0,0.0,0.0,0.0,0.0,0.0,0.0,0.0,0.0,2019-01-19
2,hru02,0.005,0.0,0.0,0.0,0.0,0.0,0.0,0.0,0.0,0.0,2019-01-19
3,hru03,0.004,0.0,0.0,0.0,0.0,0.0,0.0,0.0,0.0,0.0,2019-01-19
4,hru04,0.004,0.0,0.0,0.0,0.0,0.0,0.0,0.0,0.0,0.0,2019-01-19
5,hru05,0.004,0.0,0.0,0.0,0.0,0.0,0.0,0.0,0.0,0.0,2019-01-19
6,hru06,0.004,0.0,0.0,0.0,0.0,0.0,0.0,0.0,0.0,0.0,2019-01-19
7,hru07,0.005,0.0,0.0,0.0,0.0,0.0,0.0,0.0,0.0,0.0,2019-01-19
8,hru08,0.004,0.0,0.0,0.0,0.0,0.0,0.0,0.0,0.0,0.0,2019-01-19
9,hru09,0.005,0.0,0.0,0.0,0.0,0.0,0.0,0.0,0.0,0.0,2019-01-19
10,hru10,0.005,0.0,0.0,0.0,0.0,0.0,0.0,0.0,0.0,0.0,2019-01-19
11,hru11,0.005,0.0,0.0,0.0,0.0,0.0,0.0,0.0,0.0,0.0,2019-01-19
12,hru12,0.005,0.0,0.0,0.0,0.0,0.0,0.0,0.0,0.0,0.0,2019-01-19
13,hru13,0.005,0.0,0.0,0.0,0.0,0.0,0.0,0.0,0.0,0.0,2019-01-19
14,hru14,0.005,0.0,0.0,0.0,0.0,0.0,0.0,0.0,0.0,0.0,2019-01-19
15,hru15,0.005,0.0,0.0,0.0,0.0,0.0,0.0,0.0,0.0,0.0,2019-01-19
16,hru16,0.005,0.0,0.0,0.0,0.0,0.0,0.0,0.0,0.0,0.0,2019-01-19
17,hru17,0.005,0.0,0.0,0.0,0.0,0.0,0.0,0.0,0.0,0.0,2019-01-19
18,hru18,0.005,0.0,0.0,0.0,0.0,0.0,0.0,0.0,0.0,0.0,2019-01-19
19,hru19,0.005,0.0,0.0,0.0,0.0,0.0,0.0,0.0,0.0,0.0,2019-01-19
20,hru20,0.005,0.0,0.0,0.0,0.0,0.0,0.0,0.0,0.0,0.0,2019-01-19
21,hru21,0.005,0.0,0.0,0.0,0.0,0.0,0.0,0.0,0.0,0.0,2019-01-19
22,hru22,0.005,0.0,0.0,0.0,0.0,0.0,0.0,0.0,0.0,0.0,2019-01-19
23,hru23,0.005,0.0,0.0,0.0,0.0,0.0,0.0,0.0,0.0,0.0,2019-01-19
24,hru24,0.005,0.0,0.0,0.0,0.0,0.0,0.0,0.0,0.0,0.0,2019-01-19
25,hru25,0.005,0.0,0.0,0.0,0.0,0.0,0.0,0.0,0.0,0.0,2019-01-19
26,hru26,0.005,0.0,0.0,0.0,0.0,0.0,0.0,0.0,0.0,0.0,2019-01-19
27,hru27,0.005,0.0,0.0,0.0,0.0,0.0,0.0,0.0,0.0,0.0,2019-01-19
28,hru28,0.005,0.0,0.0,0.0,0.0,0.0,0.0,0.0,0.0,0.0,2019-01-19
29,hru29,0.005,0.0,0.0,0.0,0.0,0.0,0.0,0.0,0.0,0.0,2019-01-19
30,hru30,0.005,0.0,0.0,0.0,0.0,0.0,0.0,0.0,0.0,0.0,2019-01-19
31,hru31,0.004,0.0,0.0,0.0,0.0,0.0,0.0,0.0,0.0,0.0,2019-01-19
32,hru32,0.005,0.0,0.0,0.0,0.0,0.0,0.0,0.0,0.0,0.0,2019-01-19
33,hru33,0.005,0.0,0.0,0.0,0.0,0.0,0.0,0.0,0.0,0.0,2019-01-19
34,hru34,0.005,0.0,0.0,0.0,0.0,0.0,0.0,0.0,0.0,0.0,2019-01-19
35,hru35,0.004,0.0,0.0,0.0,0.0,0.0,0.0,0.0,0.0,0.0,2019-01-19
36,hru36,0.005,0.0,0.0,0.0,0.0,0.0,0.0,0.0,0.0,0.0,2019-01-19
1,hru01,0.004,0.0,0.0,0.0,0.0,0.0,0.0,0.0,0.0,0.0,2019-01-20
2,hru02,0.005,0.0,0.0,0.0,0.0,0.0,0.0,0.0,0.0,0.0,2019-01-20
3,hru03,0.004,0.0,0.0,0.0,0.0,0.0,0.0,0.0,0.0,0.0,2019-01-20
4,hru04,0.004,0.0,0.0,0.0,0.0,0.0,0.0,0.0,0.0,0.0,2019-01-20
5,hru05,0.004,0.0,0.0,0.0,0.0,0.0,0.0,0.0,0.0,0.0,2019-01-20
6,hru06,0.004,0.0,0.0,0.0,0.0,0.0,0.0,0.0,0.0,0.0,2019-01-20
7,hru07,0.005,0.0,0.0,0.0,0.0,0.0,0.0,0.0,0.0,0.0,2019-01-20
8,hru08,0.004,0.0,0.0,0.0,0.0,0.0,0.0,0.0,0.0,0.0,2019-01-20
9,hru09,0.005,0.0,0.0,0.0,0.0,0.0,0.0,0.0,0.0,0.0,2019-01-20
10,hru10,0.005,0.0,0.0,0.0,0.0,0.0,0.0,0.0,0.0,0.0,2019-01-20
11,hru11,0.005,0.0,0.0,0.0,0.0,0.0,0.0,0.0,0.0,0.0,2019-01-20
12,hru12,0.005,0.0,0.0,0.0,0.0,0.0,0.0,0.0,0.0,0.0,2019-01-20
13,hru13,0.005,0.0,0.0,0.0,0.0,0.0,0.0,0.0,0.0,0.0,2019-01-20
14,hru14,0.005,0.0,0.0,0.0,0.0,0.0,0.0,0.0,0.0,0.0,2019-01-20
15,hru15,0.005,0.0,0.0,0.0,0.0,0.0,0.0,0.0,0.0,0.0,2019-01-20
16,hru16,0.005,0.0,0.0,0.0,0.0,0.0,0.0,0.0,0.0,0.0,2019-01-20
17,hru17,0.005,0.0,0.0,0.0,0.0,0.0,0.0,0.0,0.0,0.0,2019-01-20
18,hru18,0.005,0.0,0.0,0.0,0.0,0.0,0.0,0.0,0.0,0.0,2019-01-20
19,hru19,0.005,0.0,0.0,0.0,0.0,0.0,0.0,0.0,0.0,0.0,2019-01-20
20,hru20,0.005,0.0,0.0,0.0,0.0,0.0,0.0,0.0,0.0,0.0,2019-01-20
21,hru21,0.005,0.0,0.0,0.0,0.0,0.0,0.0,0.0,0.0,0.0,2019-01-20
22,hru22,0.005,0.0,0.0,0.0,0.0,0.0,0.0,0.0,0.0,0.0,2019-01-20
23,hru23,0.005,0.0,0.0,0.0,0.0,0.0,0.0,0.0,0.0,0.0,2019-01-20
24,hru24,0.005,0.0,0.0,0.0,0.0,0.0,0.0,0.0,0.0,0.0,2019-01-20
25,hru25,0.005,0.0,0.0,0.0,0.0,0.0,0.0,0.0,0.0,0.0,2019-01-20
26,hru26,0.005,0.0,0.0,0.0,0.0,0.0,0.0,0.0,0.0,0.0,2019-01-20
27,hru27,0.005,0.0,0.0,0.0,0.0,0.0,0.0,0.0,0.0,0.0,2019-01-20
28,hru28,0.005,0.0,0.0,0.0,0.0,0.0,0.0,0.0,0.0,0.0,2019-01-20
29,hru29,0.005,0.0,0.0,0.0,0.0,0.0,0.0,0.0,0.0,0.0,2019-01-20
30,hru30,0.005,0.0,0.0,0.0,0.0,0.0,0.0,0.0,0.0,0.0,2019-01-20
31,hru31,0.004,0.0,0.0,0.0,0.0,0.0,0.0,0.0,0.0,0.0,2019-01-20
32,hru32,0.005,0.0,0.0,0.0,0.0,0.0,0.0,0.0,0.0,0.0,2019-01-20
33,hru33,0.005,0.0,0.0,0.0,0.0,0.0,0.0,0.0,0.0,0.0,2019-01-20
34,hru34,0.005,0.0,0.0,0.0,0.0,0.0,0.0,0.0,0.0,0.0,2019-01-20
35,hru35,0.004,0.0,0.0,0.0,0.0,0.0,0.0,0.0,0.0,0.0,2019-01-20
36,hru36,0.005,0.0,0.0,0.0,0.0,0.0,0.0,0.0,0.0,0.0,2019-01-20
1,hru01,0.004,0.0,0.0,0.0,0.0,0.0,0.0,0.0,0.0,0.0,2019-01-21
2,hru02,0.005,0.0,0.0,0.0,0.0,0.0,0.0,0.0,0.0,0.0,2019-01-21
3,hru03,0.004,0.0,0.0,0.0,0.0,0.0,0.0,0.0,0.0,0.0,2019-01-21
4,hru04,0.004,0.0,0.0,0.0,0.0,0.0,0.0,0.0,0.0,0.0,2019-01-21
5,hru05,0.004,0.0,0.0,0.0,0.0,0.0,0.0,0.0,0.0,0.0,2019-01-21
6,hru06,0.004,0.0,0.0,0.0,0.0,0.0,0.0,0.0,0.0,0.0,2019-01-21
7,hru07,0.005,0.0,0.0,0.0,0.0,0.0,0.0,0.0,0.0,0.0,2019-01-21
8,hru08,0.004,0.0,0.0,0.0,0.0,0.0,0.0,0.0,0.0,0.0,2019-01-21
9,hru09,0.005,0.0,0.0,0.0,0.0,0.0,0.0,0.0,0.0,0.0,2019-01-21
10,hru10,0.005,0.0,0.0,0.0,0.0,0.0,0.0,0.0,0.0,0.0,2019-01-21
11,hru11,0.005,0.0,0.0,0.0,0.0,0.0,0.0,0.0,0.0,0.0,2019-01-21
12,hru12,0.005,0.0,0.0,0.0,0.0,0.0,0.0,0.0,0.0,0.0,2019-01-21
13,hru13,0.005,0.0,0.0,0.0,0.0,0.0,0.0,0.0,0.0,0.0,2019-01-21
14,hru14,0.005,0.0,0.0,0.0,0.0,0.0,0.0,0.0,0.0,0.0,2019-01-21
15,hru15,0.005,0.0,0.0,0.0,0.0,0.0,0.0,0.0,0.0,0.0,2019-01-21
16,hru16,0.005,0.0,0.0,0.0,0.0,0.0,0.0,0.0,0.0,0.0,2019-01-21
17,hru17,0.005,0.0,0.0,0.0,0.0,0.0,0.0,0.0,0.0,0.0,2019-01-21
18,hru18,0.005,0.0,0.0,0.0,0.0,0.0,0.0,0.0,0.0,0.0,2019-01-21
19,hru19,0.005,0.0,0.0,0.0,0.0,0.0,0.0,0.0,0.0,0.0,2019-01-21
20,hru20,0.005,0.0,0.0,0.0,0.0,0.0,0.0,0.0,0.0,0.0,2019-01-21
21,hru21,0.005,0.0,0.0,0.0,0.0,0.0,0.0,0.0,0.0,0.0,2019-01-21
22,hru22,0.005,0.0,0.0,0.0,0.0,0.0,0.0,0.0,0.0,0.0,2019-01-21
23,hru23,0.005,0.0,0.0,0.0,0.0,0.0,0.0,0.0,0.0,0.0,2019-01-21
24,hru24,0.005,0.0,0.0,0.0,0.0,0.0,0.0,0.0,0.0,0.0,2019-01-21
25,hru25,0.005,0.0,0.0,0.0,0.0,0.0,0.0,0.0,0.0,0.0,2019-01-21
26,hru26,0.005,0.0,0.0,0.0,0.0,0.0,0.0,0.0,0.0,0.0,2019-01-21
27,hru27,0.005,0.0,0.0,0.0,0.0,0.0,0.0,0.0,0.0,0.0,2019-01-21
28,hru28,0.005,0.0,0.0,0.0,0.0,0.0,0.0,0.0,0.0,0.0,2019-01-21
29,hru29,0.005,0.0,0.0,0.0,0.0,0.0,0.0,0.0,0.0,0.0,2019-01-21
30,hru30,0.005,0.0,0.0,0.0,0.0,0.0,0.0,0.0,0.0,0.0,2019-01-21
31,hru31,0.004,0.0,0.0,0.0,0.0,0.0,0.0,0.0,0.0,0.0,2019-01-21
32,hru32,0.005,0.0,0.0,0.0,0.0,0.0,0.0,0.0,0.0,0.0,2019-01-21
33,hru33,0.005,0.0,0.0,0.0,0.0,0.0,0.0,0.0,0.0,0.0,2019-01-21
34,hru34,0.005,0.0,0.0,0.0,0.0,0.0,0.0,0.0,0.0,0.0,2019-01-21
35,hru35,0.004,0.0,0.0,0.0,0.0,0.0,0.0,0.0,0.0,0.0,2019-01-21
36,hru36,0.005,0.0,0.0,0.0,0.0,0.0,0.0,0.0,0.0,0.0,2019-01-21
1,hru01,0.004,0.0,0.0,0.0,0.0,0.0,0.0,0.0,0.0,0.0,2019-01-22
2,hru02,0.005,0.0,0.0,0.0,0.0,0.0,0.0,0.0,0.0,0.0,2019-01-22
3,hru03,0.004,0.0,0.0,0.0,0.0,0.0,0.0,0.0,0.0,0.0,2019-01-22
4,hru04,0.004,0.0,0.0,0.0,0.0,0.0,0.0,0.0,0.0,0.0,2019-01-22
5,hru05,0.004,0.0,0.0,0.0,0.0,0.0,0.0,0.0,0.0,0.0,2019-01-22
6,hru06,0.004,0.0,0.0,0.0,0.0,0.0,0.0,0.0,0.0,0.0,2019-01-22
7,hru07,0.005,0.0,0.0,0.0,0.0,0.0,0.0,0.0,0.0,0.0,2019-01-22
8,hru08,0.004,0.0,0.0,0.0,0.0,0.0,0.0,0.0,0.0,0.0,2019-01-22
9,hru09,0.005,0.0,0.0,0.0,0.0,0.0,0.0,0.0,0.0,0.0,2019-01-22
10,hru10,0.005,0.0,0.0,0.0,0.0,0.0,0.0,0.0,0.0,0.0,2019-01-22
11,hru11,0.005,0.0,0.0,0.0,0.0,0.0,0.0,0.0,0.0,0.0,2019-01-22
12,hru12,0.005,0.0,0.0,0.0,0.0,0.0,0.0,0.0,0.0,0.0,2019-01-22
13,hru13,0.005,0.0,0.0,0.0,0.0,0.0,0.0,0.0,0.0,0.0,2019-01-22
14,hru14,0.005,0.0,0.0,0.0,0.0,0.0,0.0,0.0,0.0,0.0,2019-01-22
15,hru15,0.005,0.0,0.0,0.0,0.0,0.0,0.0,0.0,0.0,0.0,2019-01-22
16,hru16,0.005,0.0,0.0,0.0,0.0,0.0,0.0,0.0,0.0,0.0,2019-01-22
17,hru17,0.005,0.0,0.0,0.0,0.0,0.0,0.0,0.0,0.0,0.0,2019-01-22
18,hru18,0.005,0.0,0.0,0.0,0.0,0.0,0.0,0.0,0.0,0.0,2019-01-22
19,hru19,0.005,0.0,0.0,0.0,0.0,0.0,0.0,0.0,0.0,0.0,2019-01-22
20,hru20,0.005,0.0,0.0,0.0,0.0,0.0,0.0,0.0,0.0,0.0,2019-01-22
21,hru21,0.005,0.0,0.0,0.0,0.0,0.0,0.0,0.0,0.0,0.0,2019-01-22
22,hru22,0.005,0.0,0.0,0.0,0.0,0.0,0.0,0.0,0.0,0.0,2019-01-22
23,hru23,0.005,0.0,0.0,0.0,0.0,0.0,0.0,0.0,0.0,0.0,2019-01-22
24,hru24,0.005,0.0,0.0,0.0,0.0,0.0,0.0,0.0,0.0,0.0,2019-01-22
25,hru25,0.005,0.0,0.0,0.0,0.0,0.0,0.0,0.0,0.0,0.0,2019-01-22
26,hru26,0.005,0.0,0.0,0.0,0.0,0.0,0.0,0.0,0.0,0.0,2019-01-22
27,hru27,0.005,0.0,0.0,0.0,0.0,0.0,0.0,0.0,0.0,0.0,2019-01-22
28,hru28,0.005,0.0,0.0,0.0,0.0,0.0,0.0,0.0,0.0,0.0,2019-01-22
29,hru29,0.005,0.0,0.0,0.0,0.0,0.0,0.0,0.0,0.0,0.0,2019-01-22
30,hru30,0.005,0.0,0.0,0.0,0.0,0.0,0.0,0.0,0.0,0.0,2019-01-22
31,hru31,0.004,0.0,0.0,0.0,0.0,0.0,0.0,0.0,0.0,0.0,2019-01-22
32,hru32,0.005,0.0,0.0,0.0,0.0,0.0,0.0,0.0,0.0,0.0,2019-01-22
33,hru33,0.005,0.0,0.0,0.0,0.0,0.0,0.0,0.0,0.0,0.0,2019-01-22
34,hru34,0.005,0.0,0.0,0.0,0.0,0.0,0.0,0.0,0.0,0.0,2019-01-22
35,hru35,0.004,0.0,0.0,0.0,0.0,0.0,0.0,0.0,0.0,0.0,2019-01-22
36,hru36,0.005,0.0,0.0,0.0,0.0,0.0,0.0,0.0,0.0,0.0,2019-01-22
1,hru01,0.004,0.0,0.0,0.0,0.0,0.0,0.0,0.0,0.0,0.0,2019-01-23
2,hru02,0.005,0.0,0.0,0.0,0.0,0.0,0.0,0.0,0.0,0.0,2019-01-23
3,hru03,0.004,0.0,0.0,0.0,0.0,0.0,0.0,0.0,0.0,0.0,2019-01-23
4,hru04,0.004,0.0,0.0,0.0,0.0,0.0,0.0,0.0,0.0,0.0,2019-01-23
5,hru05,0.004,0.0,0.0,0.0,0.0,0.0,0.0,0.0,0.0,0.0,2019-01-23
6,hru06,0.004,0.0,0.0,0.0,0.0,0.0,0.0,0.0,0.0,0.0,2019-01-23
7,hru07,0.005,0.0,0.0,0.0,0.0,0.0,0.0,0.0,0.0,0.0,2019-01-23
8,hru08,0.004,0.0,0.0,0.0,0.0,0.0,0.0,0.0,0.0,0.0,2019-01-23
9,hru09,0.005,0.0,0.0,0.0,0.0,0.0,0.0,0.0,0.0,0.0,2019-01-23
10,hru10,0.005,0.0,0.0,0.0,0.0,0.0,0.0,0.0,0.0,0.0,2019-01-23
11,hru11,0.005,0.0,0.0,0.0,0.0,0.0,0.0,0.0,0.0,0.0,2019-01-23
12,hru12,0.005,0.0,0.0,0.0,0.0,0.0,0.0,0.0,0.0,0.0,2019-01-23
13,hru13,0.005,0.0,0.0,0.0,0.0,0.0,0.0,0.0,0.0,0.0,2019-01-23
14,hru14,0.005,0.0,0.0,0.0,0.0,0.0,0.0,0.0,0.0,0.0,2019-01-23
15,hru15,0.005,0.0,0.0,0.0,0.0,0.0,0.0,0.0,0.0,0.0,2019-01-23
16,hru16,0.005,0.0,0.0,0.0,0.0,0.0,0.0,0.0,0.0,0.0,2019-01-23
17,hru17,0.005,0.0,0.0,0.0,0.0,0.0,0.0,0.0,0.0,0.0,2019-01-23
18,hru18,0.005,0.0,0.0,0.0,0.0,0.0,0.0,0.0,0.0,0.0,2019-01-23
19,hru19,0.005,0.0,0.0,0.0,0.0,0.0,0.0,0.0,0.0,0.0,2019-01-23
20,hru20,0.005,0.0,0.0,0.0,0.0,0.0,0.0,0.0,0.0,0.0,2019-01-23
21,hru21,0.005,0.0,0.0,0.0,0.0,0.0,0.0,0.0,0.0,0.0,2019-01-23
22,hru22,0.005,0.0,0.0,0.0,0.0,0.0,0.0,0.0,0.0,0.0,2019-01-23
23,hru23,0.005,0.0,0.0,0.0,0.0,0.0,0.0,0.0,0.0,0.0,2019-01-23
24,hru24,0.005,0.0,0.0,0.0,0.0,0.0,0.0,0.0,0.0,0.0,2019-01-23
25,hru25,0.005,0.0,0.0,0.0,0.0,0.0,0.0,0.0,0.0,0.0,2019-01-23
26,hru26,0.005,0.0,0.0,0.0,0.0,0.0,0.0,0.0,0.0,0.0,2019-01-23
27,hru27,0.005,0.0,0.0,0.0,0.0,0.0,0.0,0.0,0.0,0.0,2019-01-23
28,hru28,0.005,0.0,0.0,0.0,0.0,0.0,0.0,0.0,0.0,0.0,2019-01-23
29,hru29,0.005,0.0,0.0,0.0,0.0,0.0,0.0,0.0,0.0,0.0,2019-01-23
30,hru30,0.005,0.0,0.0,0.0,0.0,0.0,0.0,0.0,0.0,0.0,2019-01-23
31,hru31,0.004,0.0,0.0,0.0,0.0,0.0,0.0,0.0,0.0,0.0,2019-01-23
32,hru32,0.005,0.0,0.0,0.0,0.0,0.0,0.0,0.0,0.0,0.0,2019-01-23
33,hru33,0.005,0.0,0.0,0.0,0.0,0.0,0.0,0.0,0.0,0.0,2019-01-23
34,hru34,0.005,0.0,0.0,0.0,0.0,0.0,0.0,0.0,0.0,0.0,2019-01-23
35,hru35,0.004,0.0,0.0,0.0,0.0,0.0,0.0,0.0,0.0,0.0,2019-01-23
36,hru36,0.005,0.0,0.0,0.0,0.0,0.0,0.0,0.0,0.0,0.0,2019-01-23
1,hru01,0.004,0.0,0.0,0.0,0.0,0.0,0.0,0.0,0.0,0.0,2019-01-24
2,hru02,0.005,0.0,0.0,0.0,0.0,0.0,0.0,0.0,0.0,0.0,2019-01-24
3,hru03,0.004,0.0,0.0,0.0,0.0,0.0,0.0,0.0,0.0,0.0,2019-01-24
4,hru04,0.004,0.0,0.0,0.0,0.0,0.0,0.0,0.0,0.0,0.0,2019-01-24
5,hru05,0.004,0.0,0.0,0.0,0.0,0.0,0.0,0.0,0.0,0.0,2019-01-24
6,hru06,0.004,0.0,0.0,0.0,0.0,0.0,0.0,0.0,0.0,0.0,2019-01-24
7,hru07,0.005,0.0,0.0,0.0,0.0,0.0,0.0,0.0,0.0,0.0,2019-01-24
8,hru08,0.004,0.0,0.0,0.0,0.0,0.0,0.0,0.0,0.0,0.0,2019-01-24
9,hru09,0.005,0.0,0.0,0.0,0.0,0.0,0.0,0.0,0.0,0.0,2019-01-24
10,hru10,0.005,0.0,0.0,0.0,0.0,0.0,0.0,0.0,0.0,0.0,2019-01-24
11,hru11,0.005,0.0,0.0,0.0,0.0,0.0,0.0,0.0,0.0,0.0,2019-01-24
12,hru12,0.005,0.0,0.0,0.0,0.0,0.0,0.0,0.0,0.0,0.0,2019-01-24
13,hru13,0.005,0.0,0.0,0.0,0.0,0.0,0.0,0.0,0.0,0.0,2019-01-24
14,hru14,0.005,0.0,0.0,0.0,0.0,0.0,0.0,0.0,0.0,0.0,2019-01-24
15,hru15,0.005,0.0,0.0,0.0,0.0,0.0,0.0,0.0,0.0,0.0,2019-01-24
16,hru16,0.005,0.0,0.0,0.0,0.0,0.0,0.0,0.0,0.0,0.0,2019-01-24
17,hru17,0.005,0.0,0.0,0.0,0.0,0.0,0.0,0.0,0.0,0.0,2019-01-24
18,hru18,0.005,0.0,0.0,0.0,0.0,0.0,0.0,0.0,0.0,0.0,2019-01-24
19,hru19,0.005,0.0,0.0,0.0,0.0,0.0,0.0,0.0,0.0,0.0,2019-01-24
20,hru20,0.005,0.0,0.0,0.0,0.0,0.0,0.0,0.0,0.0,0.0,2019-01-24
21,hru21,0.005,0.0,0.0,0.0,0.0,0.0,0.0,0.0,0.0,0.0,2019-01-24
22,hru22,0.005,0.0,0.0,0.0,0.0,0.0,0.0,0.0,0.0,0.0,2019-01-24
23,hru23,0.005,0.0,0.0,0.0,0.0,0.0,0.0,0.0,0.0,0.0,2019-01-24
24,hru24,0.005,0.0,0.0,0.0,0.0,0.0,0.0,0.0,0.0,0.0,2019-01-24
25,hru25,0.005,0.0,0.0,0.0,0.0,0.0,0.0,0.0,0.0,0.0,2019-01-24
26,hru26,0.005,0.0,0.0,0.0,0.0,0.0,0.0,0.0,0.0,0.0,2019-01-24
27,hru27,0.005,0.0,0.0,0.0,0.0,0.0,0.0,0.0,0.0,0.0,2019-01-24
28,hru28,0.005,0.0,0.0,0.0,0.0,0.0,0.0,0.0,0.0,0.0,2019-01-24
29,hru29,0.005,0.0,0.0,0.0,0.0,0.0,0.0,0.0,0.0,0.0,2019-01-24
30,hru30,0.005,0.0,0.0,0.0,0.0,0.0,0.0,0.0,0.0,0.0,2019-01-24
31,hru31,0.004,0.0,0.0,0.0,0.0,0.0,0.0,0.0,0.0,0.0,2019-01-24
32,hru32,0.005,0.0,0.0,0.0,0.0,0.0,0.0,0.0,0.0,0.0,2019-01-24
33,hru33,0.005,0.0,0.0,0.0,0.0,0.0,0.0,0.0,0.0,0.0,2019-01-24
34,hru34,0.005,0.0,0.0,0.0,0.0,0.0,0.0,0.0,0.0,0.0,2019-01-24
35,hru35,0.004,0.0,0.0,0.0,0.0,0.0,0.0,0.0,0.0,0.0,2019-01-24
36,hru36,0.005,0.0,0.0,0.0,0.0,0.0,0.0,0.0,0.0,0.0,2019-01-24
1,hru01,0.004,0.0,0.0,0.0,0.0,0.0,0.0,0.0,0.0,0.0,2019-01-25
2,hru02,0.005,0.0,0.0,0.0,0.0,0.0,0.0,0.0,0.0,0.0,2019-01-25
3,hru03,0.004,0.0,0.0,0.0,0.0,0.0,0.0,0.0,0.0,0.0,2019-01-25
4,hru04,0.004,0.0,0.0,0.0,0.0,0.0,0.0,0.0,0.0,0.0,2019-01-25
5,hru05,0.004,0.0,0.0,0.0,0.0,0.0,0.0,0.0,0.0,0.0,2019-01-25
6,hru06,0.004,0.0,0.0,0.0,0.0,0.0,0.0,0.0,0.0,0.0,2019-01-25
7,hru07,0.005,0.0,0.0,0.0,0.0,0.0,0.0,0.0,0.0,0.0,2019-01-25
8,hru08,0.004,0.0,0.0,0.0,0.0,0.0,0.0,0.0,0.0,0.0,2019-01-25
9,hru09,0.005,0.0,0.0,0.0,0.0,0.0,0.0,0.0,0.0,0.0,2019-01-25
10,hru10,0.005,0.0,0.0,0.0,0.0,0.0,0.0,0.0,0.0,0.0,2019-01-25
11,hru11,0.005,0.0,0.0,0.0,0.0,0.0,0.0,0.0,0.0,0.0,2019-01-25
12,hru12,0.005,0.0,0.0,0.0,0.0,0.0,0.0,0.0,0.0,0.0,2019-01-25
13,hru13,0.005,0.0,0.0,0.0,0.0,0.0,0.0,0.0,0.0,0.0,2019-01-25
14,hru14,0.005,0.0,0.0,0.0,0.0,0.0,0.0,0.0,0.0,0.0,2019-01-25
15,hru15,0.005,0.0,0.0,0.0,0.0,0.0,0.0,0.0,0.0,0.0,2019-01-25
16,hru16,0.005,0.0,0.0,0.0,0.0,0.0,0.0,0.0,0.0,0.0,2019-01-25
17,hru17,0.005,0.0,0.0,0.0,0.0,0.0,0.0,0.0,0.0,0.0,2019-01-25
18,hru18,0.005,0.0,0.0,0.0,0.0,0.0,0.0,0.0,0.0,0.0,2019-01-25
19,hru19,0.005,0.0,0.0,0.0,0.0,0.0,0.0,0.0,0.0,0.0,2019-01-25
20,hru20,0.005,0.0,0.0,0.0,0.0,0.0,0.0,0.0,0.0,0.0,2019-01-25
21,hru21,0.005,0.0,0.0,0.0,0.0,0.0,0.0,0.0,0.0,0.0,2019-01-25
22,hru22,0.005,0.0,0.0,0.0,0.0,0.0,0.0,0.0,0.0,0.0,2019-01-25
23,hru23,0.005,0.0,0.0,0.0,0.0,0.0,0.0,0.0,0.0,0.0,2019-01-25
24,hru24,0.005,0.0,0.0,0.0,0.0,0.0,0.0,0.0,0.0,0.0,2019-01-25
25,hru25,0.005,0.0,0.0,0.0,0.0,0.0,0.0,0.0,0.0,0.0,2019-01-25
26,hru26,0.005,0.0,0.0,0.0,0.0,0.0,0.0,0.0,0.0,0.0,2019-01-25
27,hru27,0.005,0.0,0.0,0.0,0.0,0.0,0.0,0.0,0.0,0.0,2019-01-25
28,hru28,0.005,0.0,0.0,0.0,0.0,0.0,0.0,0.0,0.0,0.0,2019-01-25
29,hru29,0.005,0.0,0.0,0.0,0.0,0.0,0.0,0.0,0.0,0.0,2019-01-25
30,hru30,0.005,0.0,0.0,0.0,0.0,0.0,0.0,0.0,0.0,0.0,2019-01-25
31,hru31,0.004,0.0,0.0,0.0,0.0,0.0,0.0,0.0,0.0,0.0,2019-01-25
32,hru32,0.005,0.0,0.0,0.0,0.0,0.0,0.0,0.0,0.0,0.0,2019-01-25
33,hru33,0.005,0.0,0.0,0.0,0.0,0.0,0.0,0.0,0.0,0.0,2019-01-25
34,hru34,0.005,0.0,0.0,0.0,0.0,0.0,0.0,0.0,0.0,0.0,2019-01-25
35,hru35,0.004,0.0,0.0,0.0,0.0,0.0,0.0,0.0,0.0,0.0,2019-01-25
36,hru36,0.005,0.0,0.0,0.0,0.0,0.0,0.0,0.0,0.0,0.0,2019-01-25
1,hru01,0.004,0.0,0.0,0.0,0.0,0.0,0.0,0.0,0.0,0.0,2019-01-26
2,hru02,0.005,0.0,0.0,0.0,0.0,0.0,0.0,0.0,0.0,0.0,2019-01-26
3,hru03,0.004,0.0,0.0,0.0,0.0,0.0,0.0,0.0,0.0,0.0,2019-01-26
4,hru04,0.004,0.0,0.0,0.0,0.0,0.0,0.0,0.0,0.0,0.0,2019-01-26
5,hru05,0.004,0.0,0.0,0.0,0.0,0.0,0.0,0.0,0.0,0.0,2019-01-26
6,hru06,0.004,0.0,0.0,0.0,0.0,0.0,0.0,0.0,0.0,0.0,2019-01-26
7,hru07,0.005,0.0,0.0,0.0,0.0,0.0,0.0,0.0,0.0,0.0,2019-01-26
8,hru08,0.004,0.0,0.0,0.0,0.0,0.0,0.0,0.0,0.0,0.0,2019-01-26
9,hru09,0.005,0.0,0.0,0.0,0.0,0.0,0.0,0.0,0.0,0.0,2019-01-26
10,hru10,0.005,0.0,0.0,0.0,0.0,0.0,0.0,0.0,0.0,0.0,2019-01-26
11,hru11,0.005,0.0,0.0,0.0,0.0,0.0,0.0,0.0,0.0,0.0,2019-01-26
12,hru12,0.005,0.0,0.0,0.0,0.0,0.0,0.0,0.0,0.0,0.0,2019-01-26
13,hru13,0.005,0.0,0.0,0.0,0.0,0.0,0.0,0.0,0.0,0.0,2019-01-26
14,hru14,0.005,0.0,0.0,0.0,0.0,0.0,0.0,0.0,0.0,0.0,2019-01-26
15,hru15,0.005,0.0,0.0,0.0,0.0,0.0,0.0,0.0,0.0,0.0,2019-01-26
16,hru16,0.005,0.0,0.0,0.0,0.0,0.0,0.0,0.0,0.0,0.0,2019-01-26
17,hru17,0.005,0.0,0.0,0.0,0.0,0.0,0.0,0.0,0.0,0.0,2019-01-26
18,hru18,0.005,0.0,0.0,0.0,0.0,0.0,0.0,0.0,0.0,0.0,2019-01-26
19,hru19,0.005,0.0,0.0,0.0,0.0,0.0,0.0,0.0,0.0,0.0,2019-01-26
20,hru20,0.005,0.0,0.0,0.0,0.0,0.0,0.0,0.0,0.0,0.0,2019-01-26
21,hru21,0.005,0.0,0.0,0.0,0.0,0.0,0.0,0.0,0.0,0.0,2019-01-26
22,hru22,0.005,0.0,0.0,0.0,0.0,0.0,0.0,0.0,0.0,0.0,2019-01-26
23,hru23,0.005,0.0,0.0,0.0,0.0,0.0,0.0,0.0,0.0,0.0,2019-01-26
24,hru24,0.005,0.0,0.0,0.0,0.0,0.0,0.0,0.0,0.0,0.0,2019-01-26
25,hru25,0.005,0.0,0.0,0.0,0.0,0.0,0.0,0.0,0.0,0.0,2019-01-26
26,hru26,0.005,0.0,0.0,0.0,0.0,0.0,0.0,0.0,0.0,0.0,2019-01-26
27,hru27,0.005,0.0,0.0,0.0,0.0,0.0,0.0,0.0,0.0,0.0,2019-01-26
28,hru28,0.005,0.0,0.0,0.0,0.0,0.0,0.0,0.0,0.0,0.0,2019-01-26
29,hru29,0.005,0.0,0.0,0.0,0.0,0.0,0.0,0.0,0.0,0.0,2019-01-26
30,hru30,0.005,0.0,0.0,0.0,0.0,0.0,0.0,0.0,0.0,0.0,2019-01-26
31,hru31,0.004,0.0,0.0,0.0,0.0,0.0,0.0,0.0,0.0,0.0,2019-01-26
32,hru32,0.005,0.0,0.0,0.0,0.0,0.0,0.0,0.0,0.0,0.0,2019-01-26
33,hru33,0.005,0.0,0.0,0.0,0.0,0.0,0.0,0.0,0.0,0.0,2019-01-26
34,hru34,0.005,0.0,0.0,0.0,0.0,0.0,0.0,0.0,0.0,0.0,2019-01-26
35,hru35,0.004,0.0,0.0,0.0,0.0,0.0,0.0,0.0,0.0,0.0,2019-01-26
36,hru36,0.005,0.0,0.0,0.0,0.0,0.0,0.0,0.0,0.0,0.0,2019-01-26
1,hru01,0.004,0.0,0.0,0.0,0.0,0.0,0.0,0.0,0.0,0.0,2019-01-27
2,hru02,0.005,0.0,0.0,0.0,0.0,0.0,0.0,0.0,0.0,0.0,2019-01-27
3,hru03,0.004,0.0,0.0,0.0,0.0,0.0,0.0,0.0,0.0,0.0,2019-01-27
4,hru04,0.004,0.0,0.0,0.0,0.0,0.0,0.0,0.0,0.0,0.0,2019-01-27
5,hru05,0.004,0.0,0.0,0.0,0.0,0.0,0.0,0.0,0.0,0.0,2019-01-27
6,hru06,0.004,0.0,0.0,0.0,0.0,0.0,0.0,0.0,0.0,0.0,2019-01-27
7,hru07,0.005,0.0,0.0,0.0,0.0,0.0,0.0,0.0,0.0,0.0,2019-01-27
8,hru08,0.004,0.0,0.0,0.0,0.0,0.0,0.0,0.0,0.0,0.0,2019-01-27
9,hru09,0.005,0.0,0.0,0.0,0.0,0.0,0.0,0.0,0.0,0.0,2019-01-27
10,hru10,0.005,0.0,0.0,0.0,0.0,0.0,0.0,0.0,0.0,0.0,2019-01-27
11,hru11,0.005,0.0,0.0,0.0,0.0,0.0,0.0,0.0,0.0,0.0,2019-01-27
12,hru12,0.005,0.0,0.0,0.0,0.0,0.0,0.0,0.0,0.0,0.0,2019-01-27
13,hru13,0.005,0.0,0.0,0.0,0.0,0.0,0.0,0.0,0.0,0.0,2019-01-27
14,hru14,0.005,0.0,0.0,0.0,0.0,0.0,0.0,0.0,0.0,0.0,2019-01-27
15,hru15,0.005,0.0,0.0,0.0,0.0,0.0,0.0,0.0,0.0,0.0,2019-01-27
16,hru16,0.005,0.0,0.0,0.0,0.0,0.0,0.0,0.0,0.0,0.0,2019-01-27
17,hru17,0.005,0.0,0.0,0.0,0.0,0.0,0.0,0.0,0.0,0.0,2019-01-27
18,hru18,0.005,0.0,0.0,0.0,0.0,0.0,0.0,0.0,0.0,0.0,2019-01-27
19,hru19,0.005,0.0,0.0,0.0,0.0,0.0,0.0,0.0,0.0,0.0,2019-01-27
20,hru20,0.005,0.0,0.0,0.0,0.0,0.0,0.0,0.0,0.0,0.0,2019-01-27
21,hru21,0.005,0.0,0.0,0.0,0.0,0.0,0.0,0.0,0.0,0.0,2019-01-27
22,hru22,0.005,0.0,0.0,0.0,0.0,0.0,0.0,0.0,0.0,0.0,2019-01-27
23,hru23,0.005,0.0,0.0,0.0,0.0,0.0,0.0,0.0,0.0,0.0,2019-01-27
24,hru24,0.005,0.0,0.0,0.0,0.0,0.0,0.0,0.0,0.0,0.0,2019-01-27
25,hru25,0.005,0.0,0.0,0.0,0.0,0.0,0.0,0.0,0.0,0.0,2019-01-27
26,hru26,0.005,0.0,0.0,0.0,0.0,0.0,0.0,0.0,0.0,0.0,2019-01-27
27,hru27,0.005,0.0,0.0,0.0,0.0,0.0,0.0,0.0,0.0,0.0,2019-01-27
28,hru28,0.005,0.0,0.0,0.0,0.0,0.0,0.0,0.0,0.0,0.0,2019-01-27
29,hru29,0.005,0.0,0.0,0.0,0.0,0.0,0.0,0.0,0.0,0.0,2019-01-27
30,hru30,0.005,0.0,0.0,0.0,0.0,0.0,0.0,0.0,0.0,0.0,2019-01-27
31,hru31,0.004,0.0,0.0,0.0,0.0,0.0,0.0,0.0,0.0,0.0,2019-01-27
32,hru32,0.005,0.0,0.0,0.0,0.0,0.0,0.0,0.0,0.0,0.0,2019-01-27
33,hru33,0.005,0.0,0.0,0.0,0.0,0.0,0.0,0.0,0.0,0.0,2019-01-27
34,hru34,0.005,0.0,0.0,0.0,0.0,0.0,0.0,0.0,0.0,0.0,2019-01-27
35,hru35,0.004,0.0,0.0,0.0,0.0,0.0,0.0,0.0,0.0,0.0,2019-01-27
36,hru36,0.005,0.0,0.0,0.0,0.0,0.0,0.0,0.0,0.0,0.0,2019-01-27
1,hru01,0.004,0.0,0.0,0.0,0.0,0.0,0.0,0.0,0.0,0.0,2019-01-28
2,hru02,0.005,0.0,0.0,0.0,0.0,0.0,0.0,0.0,0.0,0.0,2019-01-28
3,hru03,0.004,0.0,0.0,0.0,0.0,0.0,0.0,0.0,0.0,0.0,2019-01-28
4,hru04,0.004,0.0,0.0,0.0,0.0,0.0,0.0,0.0,0.0,0.0,2019-01-28
5,hru05,0.004,0.0,0.0,0.0,0.0,0.0,0.0,0.0,0.0,0.0,2019-01-28
6,hru06,0.004,0.0,0.0,0.0,0.0,0.0,0.0,0.0,0.0,0.0,2019-01-28
7,hru07,0.005,0.0,0.0,0.0,0.0,0.0,0.0,0.0,0.0,0.0,2019-01-28
8,hru08,0.004,0.0,0.0,0.0,0.0,0.0,0.0,0.0,0.0,0.0,2019-01-28
9,hru09,0.005,0.0,0.0,0.0,0.0,0.0,0.0,0.0,0.0,0.0,2019-01-28
10,hru10,0.005,0.0,0.0,0.0,0.0,0.0,0.0,0.0,0.0,0.0,2019-01-28
11,hru11,0.005,0.0,0.0,0.0,0.0,0.0,0.0,0.0,0.0,0.0,2019-01-28
12,hru12,0.005,0.0,0.0,0.0,0.0,0.0,0.0,0.0,0.0,0.0,2019-01-28
13,hru13,0.005,0.0,0.0,0.0,0.0,0.0,0.0,0.0,0.0,0.0,2019-01-28
14,hru14,0.005,0.0,0.0,0.0,0.0,0.0,0.0,0.0,0.0,0.0,2019-01-28
15,hru15,0.005,0.0,0.0,0.0,0.0,0.0,0.0,0.0,0.0,0.0,2019-01-28
16,hru16,0.005,0.0,0.0,0.0,0.0,0.0,0.0,0.0,0.0,0.0,2019-01-28
17,hru17,0.005,0.0,0.0,0.0,0.0,0.0,0.0,0.0,0.0,0.0,2019-01-28
18,hru18,0.005,0.0,0.0,0.0,0.0,0.0,0.0,0.0,0.0,0.0,2019-01-28
19,hru19,0.005,0.0,0.0,0.0,0.0,0.0,0.0,0.0,0.0,0.0,2019-01-28
20,hru20,0.005,0.0,0.0,0.0,0.0,0.0,0.0,0.0,0.0,0.0,2019-01-28
21,hru21,0.005,0.0,0.0,0.0,0.0,0.0,0.0,0.0,0.0,0.0,2019-01-28
22,hru22,0.005,0.0,0.0,0.0,0.0,0.0,0.0,0.0,0.0,0.0,2019-01-28
23,hru23,0.005,0.0,0.0,0.0,0.0,0.0,0.0,0.0,0.0,0.0,2019-01-28
24,hru24,0.005,0.0,0.0,0.0,0.0,0.0,0.0,0.0,0.0,0.0,2019-01-28
25,hru25,0.005,0.0,0.0,0.0,0.0,0.0,0.0,0.0,0.0,0.0,2019-01-28
26,hru26,0.005,0.0,0.0,0.0,0.0,0.0,0.0,0.0,0.0,0.0,2019-01-28
27,hru27,0.005,0.0,0.0,0.0,0.0,0.0,0.0,0.0,0.0,0.0,2019-01-28
28,hru28,0.005,0.0,0.0,0.0,0.0,0.0,0.0,0.0,0.0,0.0,2019-01-28
29,hru29,0.005,0.0,0.0,0.0,0.0,0.0,0.0,0.0,0.0,0.0,2019-01-28
30,hru30,0.005,0.0,0.0,0.0,0.0,0.0,0.0,0.0,0.0,0.0,2019-01-28
31,hru31,0.004,0.0,0.0,0.0,0.0,0.0,0.0,0.0,0.0,0.0,2019-01-28
32,hru32,0.005,0.0,0.0,0.0,0.0,0.0,0.0,0.0,0.0,0.0,2019-01-28
33,hru33,0.005,0.0,0.0,0.0,0.0,0.0,0.0,0.0,0.0,0.0,2019-01-28
34,hru34,0.005,0.0,0.0,0.0,0.0,0.0,0.0,0.0,0.0,0.0,2019-01-28
35,hru35,0.004,0.0,0.0,0.0,0.0,0.0,0.0,0.0,0.0,0.0,2019-01-28
36,hru36,0.005,0.0,0.0,0.0,0.0,0.0,0.0,0.0,0.0,0.0,2019-01-28
1,hru01,0.004,0.0,0.0,0.0,0.0,0.0,0.0,0.0,0.0,0.0,2019-01-29
2,hru02,0.005,0.0,0.0,0.0,0.0,0.0,0.0,0.0,0.0,0.0,2019-01-29
3,hru03,0.004,0.0,0.0,0.0,0.0,0.0,0.0,0.0,0.0,0.0,2019-01-29
4,hru04,0.004,0.0,0.0,0.0,0.0,0.0,0.0,0.0,0.0,0.0,2019-01-29
5,hru05,0.004,0.0,0.0,0.0,0.0,0.0,0.0,0.0,0.0,0.0,2019-01-29
6,hru06,0.004,0.0,0.0,0.0,0.0,0.0,0.0,0.0,0.0,0.0,2019-01-29
7,hru07,0.005,0.0,0.0,0.0,0.0,0.0,0.0,0.0,0.0,0.0,2019-01-29
8,hru08,0.004,0.0,0.0,0.0,0.0,0.0,0.0,0.0,0.0,0.0,2019-01-29
9,hru09,0.005,0.0,0.0,0.0,0.0,0.0,0.0,0.0,0.0,0.0,2019-01-29
10,hru10,0.005,0.0,0.0,0.0,0.0,0.0,0.0,0.0,0.0,0.0,2019-01-29
11,hru11,0.005,0.0,0.0,0.0,0.0,0.0,0.0,0.0,0.0,0.0,2019-01-29
12,hru12,0.005,0.0,0.0,0.0,0.0,0.0,0.0,0.0,0.0,0.0,2019-01-29
13,hru13,0.005,0.0,0.0,0.0,0.0,0.0,0.0,0.0,0.0,0.0,2019-01-29
14,hru14,0.005,0.0,0.0,0.0,0.0,0.0,0.0,0.0,0.0,0.0,2019-01-29
15,hru15,0.005,0.0,0.0,0.0,0.0,0.0,0.0,0.0,0.0,0.0,2019-01-29
16,hru16,0.005,0.0,0.0,0.0,0.0,0.0,0.0,0.0,0.0,0.0,2019-01-29
17,hru17,0.005,0.0,0.0,0.0,0.0,0.0,0.0,0.0,0.0,0.0,2019-01-29
18,hru18,0.005,0.0,0.0,0.0,0.0,0.0,0.0,0.0,0.0,0.0,2019-01-29
19,hru19,0.005,0.0,0.0,0.0,0.0,0.0,0.0,0.0,0.0,0.0,2019-01-29
20,hru20,0.005,0.0,0.0,0.0,0.0,0.0,0.0,0.0,0.0,0.0,2019-01-29
21,hru21,0.005,0.0,0.0,0.0,0.0,0.0,0.0,0.0,0.0,0.0,2019-01-29
22,hru22,0.005,0.0,0.0,0.0,0.0,0.0,0.0,0.0,0.0,0.0,2019-01-29
23,hru23,0.005,0.0,0.0,0.0,0.0,0.0,0.0,0.0,0.0,0.0,2019-01-29
24,hru24,0.005,0.0,0.0,0.0,0.0,0.0,0.0,0.0,0.0,0.0,2019-01-29
25,hru25,0.005,0.0,0.0,0.0,0.0,0.0,0.0,0.0,0.0,0.0,2019-01-29
26,hru26,0.005,0.0,0.0,0.0,0.0,0.0,0.0,0.0,0.0,0.0,2019-01-29
27,hru27,0.005,0.0,0.0,0.0,0.0,0.0,0.0,0.0,0.0,0.0,2019-01-29
28,hru28,0.005,0.0,0.0,0.0,0.0,0.0,0.0,0.0,0.0,0.0,2019-01-29
29,hru29,0.005,0.0,0.0,0.0,0.0,0.0,0.0,0.0,0.0,0.0,2019-01-29
30,hru30,0.005,0.0,0.0,0.0,0.0,0.0,0.0,0.0,0.0,0.0,2019-01-29
31,hru31,0.004,0.0,0.0,0.0,0.0,0.0,0.0,0.0,0.0,0.0,2019-01-29
32,hru32,0.005,0.0,0.0,0.0,0.0,0.0,0.0,0.0,0.0,0.0,2019-01-29
33,hru33,0.005,0.0,0.0,0.0,0.0,0.0,0.0,0.0,0.0,0.0,2019-01-29
34,hru34,0.005,0.0,0.0,0.0,0.0,0.0,0.0,0.0,0.0,0.0,2019-01-29
35,hru35,0.004,0.0,0.0,0.0,0.0,0.0,0.0,0.0,0.0,0.0,2019-01-29
36,hru36,0.005,0.0,0.0,0.0,0.0,0.0,0.0,0.0,0.0,0.0,2019-01-29
1,hru01,0.004,0.0,0.0,0.0,0.0,0.0,0.0,0.0,0.0,0.0,2019-01-30
2,hru02,0.005,0.0,0.0,0.0,0.0,0.0,0.0,0.0,0.0,0.0,2019-01-30
3,hru03,0.004,0.0,0.0,0.0,0.0,0.0,0.0,0.0,0.0,0.0,2019-01-30
4,hru04,0.004,0.0,0.0,0.0,0.0,0.0,0.0,0.0,0.0,0.0,2019-01-30
5,hru05,0.004,0.0,0.0,0.0,0.0,0.0,0.0,0.0,0.0,0.0,2019-01-30
6,hru06,0.004,0.0,0.0,0.0,0.0,0.0,0.0,0.0,0.0,0.0,2019-01-30
7,hru07,0.005,0.0,0.0,0.0,0.0,0.0,0.0,0.0,0.0,0.0,2019-01-30
8,hru08,0.004,0.0,0.0,0.0,0.0,0.0,0.0,0.0,0.0,0.0,2019-01-30
9,hru09,0.005,0.0,0.0,0.0,0.0,0.0,0.0,0.0,0.0,0.0,2019-01-30
10,hru10,0.005,0.0,0.0,0.0,0.0,0.0,0.0,0.0,0.0,0.0,2019-01-30
11,hru11,0.005,0.0,0.0,0.0,0.0,0.0,0.0,0.0,0.0,0.0,2019-01-30
12,hru12,0.005,0.0,0.0,0.0,0.0,0.0,0.0,0.0,0.0,0.0,2019-01-30
13,hru13,0.005,0.0,0.0,0.0,0.0,0.0,0.0,0.0,0.0,0.0,2019-01-30
14,hru14,0.005,0.0,0.0,0.0,0.0,0.0,0.0,0.0,0.0,0.0,2019-01-30
15,hru15,0.005,0.0,0.0,0.0,0.0,0.0,0.0,0.0,0.0,0.0,2019-01-30
16,hru16,0.005,0.0,0.0,0.0,0.0,0.0,0.0,0.0,0.0,0.0,2019-01-30
17,hru17,0.005,0.0,0.0,0.0,0.0,0.0,0.0,0.0,0.0,0.0,2019-01-30
18,hru18,0.005,0.0,0.0,0.0,0.0,0.0,0.0,0.0,0.0,0.0,2019-01-30
19,hru19,0.005,0.0,0.0,0.0,0.0,0.0,0.0,0.0,0.0,0.0,2019-01-30
20,hru20,0.005,0.0,0.0,0.0,0.0,0.0,0.0,0.0,0.0,0.0,2019-01-30
21,hru21,0.005,0.0,0.0,0.0,0.0,0.0,0.0,0.0,0.0,0.0,2019-01-30
22,hru22,0.005,0.0,0.0,0.0,0.0,0.0,0.0,0.0,0.0,0.0,2019-01-30
23,hru23,0.005,0.0,0.0,0.0,0.0,0.0,0.0,0.0,0.0,0.0,2019-01-30
24,hru24,0.005,0.0,0.0,0.0,0.0,0.0,0.0,0.0,0.0,0.0,2019-01-30
25,hru25,0.005,0.0,0.0,0.0,0.0,0.0,0.0,0.0,0.0,0.0,2019-01-30
26,hru26,0.005,0.0,0.0,0.0,0.0,0.0,0.0,0.0,0.0,0.0,2019-01-30
27,hru27,0.005,0.0,0.0,0.0,0.0,0.0,0.0,0.0,0.0,0.0,2019-01-30
28,hru28,0.005,0.0,0.0,0.0,0.0,0.0,0.0,0.0,0.0,0.0,2019-01-30
29,hru29,0.005,0.0,0.0,0.0,0.0,0.0,0.0,0.0,0.0,0.0,2019-01-30
30,hru30,0.005,0.0,0.0,0.0,0.0,0.0,0.0,0.0,0.0,0.0,2019-01-30
31,hru31,0.004,0.0,0.0,0.0,0.0,0.0,0.0,0.0,0.0,0.0,2019-01-30
32,hru32,0.005,0.0,0.0,0.0,0.0,0.0,0.0,0.0,0.0,0.0,2019-01-30
33,hru33,0.005,0.0,0.0,0.0,0.0,0.0,0.0,0.0,0.0,0.0,2019-01-30
34,hru34,0.005,0.0,0.0,0.0,0.0,0.0,0.0,0.0,0.0,0.0,2019-01-30
35,hru35,0.004,0.0,0.0,0.0,0.0,0.0,0.0,0.0,0.0,0.0,2019-01-30
36,hru36,0.005,0.0,0.0,0.0,0.0,0.0,0.0,0.0,0.0,0.0,2019-01-30
1,hru01,0.004,0.0,0.0,0.0,0.0,0.0,0.0,0.0,0.0,0.0,2019-01-31
2,hru02,0.005,0.0,0.0,0.0,0.0,0.0,0.0,0.0,0.0,0.0,2019-01-31
3,hru03,0.004,0.0,0.0,0.0,0.0,0.0,0.0,0.0,0.0,0.0,2019-01-31
4,hru04,0.004,0.0,0.0,0.0,0.0,0.0,0.0,0.0,0.0,0.0,2019-01-31
5,hru05,0.004,0.0,0.0,0.0,0.0,0.0,0.0,0.0,0.0,0.0,2019-01-31
6,hru06,0.004,0.0,0.0,0.0,0.0,0.0,0.0,0.0,0.0,0.0,2019-01-31
7,hru07,0.005,0.0,0.0,0.0,0.0,0.0,0.0,0.0,0.0,0.0,2019-01-31
8,hru08,0.004,0.0,0.0,0.0,0.0,0.0,0.0,0.0,0.0,0.0,2019-01-31
9,hru09,0.005,0.0,0.0,0.0,0.0,0.0,0.0,0.0,0.0,0.0,2019-01-31
10,hru10,0.005,0.0,0.0,0.0,0.0,0.0,0.0,0.0,0.0,0.0,2019-01-31
11,hru11,0.005,0.0,0.0,0.0,0.0,0.0,0.0,0.0,0.0,0.0,2019-01-31
12,hru12,0.005,0.0,0.0,0.0,0.0,0.0,0.0,0.0,0.0,0.0,2019-01-31
13,hru13,0.005,0.0,0.0,0.0,0.0,0.0,0.0,0.0,0.0,0.0,2019-01-31
14,hru14,0.005,0.0,0.0,0.0,0.0,0.0,0.0,0.0,0.0,0.0,2019-01-31
15,hru15,0.005,0.0,0.0,0.0,0.0,0.0,0.0,0.0,0.0,0.0,2019-01-31
16,hru16,0.005,0.0,0.0,0.0,0.0,0.0,0.0,0.0,0.0,0.0,2019-01-31
17,hru17,0.005,0.0,0.0,0.0,0.0,0.0,0.0,0.0,0.0,0.0,2019-01-31
18,hru18,0.005,0.0,0.0,0.0,0.0,0.0,0.0,0.0,0.0,0.0,2019-01-31
19,hru19,0.005,0.0,0.0,0.0,0.0,0.0,0.0,0.0,0.0,0.0,2019-01-31
20,hru20,0.005,0.0,0.0,0.0,0.0,0.0,0.0,0.0,0.0,0.0,2019-01-31
21,hru21,0.005,0.0,0.0,0.0,0.0,0.0,0.0,0.0,0.0,0.0,2019-01-31
22,hru22,0.005,0.0,0.0,0.0,0.0,0.0,0.0,0.0,0.0,0.0,2019-01-31
23,hru23,0.005,0.0,0.0,0.0,0.0,0.0,0.0,0.0,0.0,0.0,2019-01-31
24,hru24,0.005,0.0,0.0,0.0,0.0,0.0,0.0,0.0,0.0,0.0,2019-01-31
25,hru25,0.005,0.0,0.0,0.0,0.0,0.0,0.0,0.0,0.0,0.0,2019-01-31
26,hru26,0.005,0.0,0.0,0.0,0.0,0.0,0.0,0.0,0.0,0.0,2019-01-31
27,hru27,0.005,0.0,0.0,0.0,0.0,0.0,0.0,0.0,0.0,0.0,2019-01-31
28,hru28,0.005,0.0,0.0,0.0,0.0,0.0,0.0,0.0,0.0,0.0,2019-01-31
29,hru29,0.005,0.0,0.0,0.0,0.0,0.0,0.0,0.0,0.0,0.0,2019-01-31
30,hru30,0.005,0.0,0.0,0.0,0.0,0.0,0.0,0.0,0.0,0.0,2019-01-31
31,hru31,0.004,0.0,0.0,0.0,0.0,0.0,0.0,0.0,0.0,0.0,2019-01-31
32,hru32,0.005,0.0,0.0,0.0,0.0,0.0,0.0,0.0,0.0,0.0,2019-01-31
33,hru33,0.005,0.0,0.0,0.0,0.0,0.0,0.0,0.0,0.0,0.0,2019-01-31
34,hru34,0.005,0.0,0.0,0.0,0.0,0.0,0.0,0.0,0.0,0.0,2019-01-31
35,hru35,0.004,0.0,0.0,0.0,0.0,0.0,0.0,0.0,0.0,0.0,2019-01-31
36,hru36,0.005,0.0,0.0,0.0,0.0,0.0,0.0,0.0,0.0,0.0,2019-01-31
1,hru01,0.004,0.0,0.0,0.0,0.0,0.0,0.0,0.0,0.0,0.0,2019-02-01
2,hru02,0.005,0.0,0.0,0.0,0.0,0.0,0.0,0.0,0.0,0.0,2019-02-01
3,hru03,0.004,0.0,0.0,0.0,0.0,0.0,0.0,0.0,0.0,0.0,2019-02-01
4,hru04,0.004,0.0,0.0,0.0,0.0,0.0,0.0,0.0,0.0,0.0,2019-02-01
5,hru05,0.004,0.0,0.0,0.0,0.0,0.0,0.0,0.0,0.0,0.0,2019-02-01
6,hru06,0.004,0.0,0.0,0.0,0.0,0.0,0.0,0.0,0.0,0.0,2019-02-01
7,hru07,0.005,0.0,0.0,0.0,0.0,0.0,0.0,0.0,0.0,0.0,2019-02-01
8,hru08,0.004,0.0,0.0,0.0,0.0,0.0,0.0,0.0,0.0,0.0,2019-02-01
9,hru09,0.005,0.0,0.0,0.0,0.0,0.0,0.0,0.0,0.0,0.0,2019-02-01
10,hru10,0.005,0.0,0.0,0.0,0.0,0.0,0.0,0.0,0.0,0.0,2019-02-01
11,hru11,0.005,0.0,0.0,0.0,0.0,0.0,0.0,0.0,0.0,0.0,2019-02-01
12,hru12,0.005,0.0,0.0,0.0,0.0,0.0,0.0,0.0,0.0,0.0,2019-02-01
13,hru13,0.005,0.0,0.0,0.0,0.0,0.0,0.0,0.0,0.0,0.0,2019-02-01
14,hru14,0.005,0.0,0.0,0.0,0.0,0.0,0.0,0.0,0.0,0.0,2019-02-01
15,hru15,0.005,0.0,0.0,0.0,0.0,0.0,0.0,0.0,0.0,0.0,2019-02-01
16,hru16,0.005,0.0,0.0,0.0,0.0,0.0,0.0,0.0,0.0,0.0,2019-02-01
17,hru17,0.005,0.0,0.0,0.0,0.0,0.0,0.0,0.0,0.0,0.0,2019-02-01
18,hru18,0.005,0.0,0.0,0.0,0.0,0.0,0.0,0.0,0.0,0.0,2019-02-01
19,hru19,0.005,0.0,0.0,0.0,0.0,0.0,0.0,0.0,0.0,0.0,2019-02-01
20,hru20,0.005,0.0,0.0,0.0,0.0,0.0,0.0,0.0,0.0,0.0,2019-02-01
21,hru21,0.005,0.0,0.0,0.0,0.0,0.0,0.0,0.0,0.0,0.0,2019-02-01
22,hru22,0.005,0.0,0.0,0.0,0.0,0.0,0.0,0.0,0.0,0.0,2019-02-01
23,hru23,0.005,0.0,0.0,0.0,0.0,0.0,0.0,0.0,0.0,0.0,2019-02-01
24,hru24,0.005,0.0,0.0,0.0,0.0,0.0,0.0,0.0,0.0,0.0,2019-02-01
25,hru25,0.005,0.0,0.0,0.0,0.0,0.0,0.0,0.0,0.0,0.0,2019-02-01
26,hru26,0.005,0.0,0.0,0.0,0.0,0.0,0.0,0.0,0.0,0.0,2019-02-01
27,hru27,0.005,0.0,0.0,0.0,0.0,0.0,0.0,0.0,0.0,0.0,2019-02-01
28,hru28,0.005,0.0,0.0,0.0,0.0,0.0,0.0,0.0,0.0,0.0,2019-02-01
29,hru29,0.005,0.0,0.0,0.0,0.0,0.0,0.0,0.0,0.0,0.0,2019-02-01
30,hru30,0.005,0.0,0.0,0.0,0.0,0.0,0.0,0.0,0.0,0.0,2019-02-01
31,hru31,0.004,0.0,0.0,0.0,0.0,0.0,0.0,0.0,0.0,0.0,2019-02-01
32,hru32,0.005,0.0,0.0,0.0,0.0,0.0,0.0,0.0,0.0,0.0,2019-02-01
33,hru33,0.005,0.0,0.0,0.0,0.0,0.0,0.0,0.0,0.0,0.0,2019-02-01
34,hru34,0.005,0.0,0.0,0.0,0.0,0.0,0.0,0.0,0.0,0.0,2019-02-01
35,hru35,0.004,0.0,0.0,0.0,0.0,0.0,0.0,0.0,0.0,0.0,2019-02-01
36,hru36,0.005,0.0,0.0,0.0,0.0,0.0,0.0,0.0,0.0,0.0,2019-02-01
1,hru01,0.006,0.0,0.0,0.0,0.0,0.0,0.0,0.0,0.0,0.0,2019-02-02
2,hru02,0.006,0.0,0.0,0.0,0.0,0.0,0.0,0.0,0.0,0.0,2019-02-02
3,hru03,0.006,0.0,0.0,0.0,0.0,0.0,0.0,0.0,0.0,0.0,2019-02-02
4,hru04,0.006,0.0,0.0,0.0,0.0,0.0,0.0,0.0,0.0,0.0,2019-02-02
5,hru05,0.006,0.0,0.0,0.0,0.0,0.0,0.0,0.0,0.0,0.0,2019-02-02
6,hru06,0.006,0.0,0.0,0.0,0.0,0.0,0.0,0.0,0.0,0.0,2019-02-02
7,hru07,0.006,0.0,0.0,0.0,0.0,0.0,0.0,0.0,0.0,0.0,2019-02-02
8,hru08,0.006,0.0,0.0,0.0,0.0,0.0,0.0,0.0,0.0,0.0,2019-02-02
9,hru09,0.006,0.0,0.0,0.0,0.0,0.0,0.0,0.0,0.0,0.0,2019-02-02
10,hru10,0.006,0.0,0.0,0.0,0.0,0.0,0.0,0.0,0.0,0.0,2019-02-02
11,hru11,0.006,0.0,0.0,0.0,0.0,0.0,0.0,0.0,0.0,0.0,2019-02-02
12,hru12,0.006,0.0,0.0,0.0,0.0,0.0,0.0,0.0,0.0,0.0,2019-02-02
13,hru13,0.006,0.0,0.0,0.0,0.0,0.0,0.0,0.0,0.0,0.0,2019-02-02
14,hru14,0.006,0.0,0.0,0.0,0.0,0.0,0.0,0.0,0.0,0.0,2019-02-02
15,hru15,0.006,0.0,0.0,0.0,0.0,0.0,0.0,0.0,0.0,0.0,2019-02-02
16,hru16,0.006,0.0,0.0,0.0,0.0,0.0,0.0,0.0,0.0,0.0,2019-02-02
17,hru17,0.006,0.0,0.0,0.0,0.0,0.0,0.0,0.0,0.0,0.0,2019-02-02
18,hru18,0.006,0.0,0.0,0.0,0.0,0.0,0.0,0.0,0.0,0.0,2019-02-02
19,hru19,0.006,0.0,0.0,0.0,0.0,0.0,0.0,0.0,0.0,0.0,2019-02-02
20,hru20,0.006,0.0,0.0,0.0,0.0,0.0,0.0,0.0,0.0,0.0,2019-02-02
21,hru21,0.006,0.0,0.0,0.0,0.0,0.0,0.0,0.0,0.0,0.0,2019-02-02
22,hru22,0.006,0.0,0.0,0.0,0.0,0.0,0.0,0.0,0.0,0.0,2019-02-02
23,hru23,0.006,0.0,0.0,0.0,0.0,0.0,0.0,0.0,0.0,0.0,2019-02-02
24,hru24,0.006,0.0,0.0,0.0,0.0,0.0,0.0,0.0,0.0,0.0,2019-02-02
25,hru25,0.006,0.0,0.0,0.0,0.0,0.0,0.0,0.0,0.0,0.0,2019-02-02
26,hru26,0.006,0.0,0.0,0.0,0.0,0.0,0.0,0.0,0.0,0.0,2019-02-02
27,hru27,0.006,0.0,0.0,0.0,0.0,0.0,0.0,0.0,0.0,0.0,2019-02-02
28,hru28,0.006,0.0,0.0,0.0,0.0,0.0,0.0,0.0,0.0,0.0,2019-02-02
29,hru29,0.006,0.0,0.0,0.0,0.0,0.0,0.0,0.0,0.0,0.0,2019-02-02
30,hru30,0.006,0.0,0.0,0.0,0.0,0.0,0.0,0.0,0.0,0.0,2019-02-02
31,hru31,0.006,0.0,0.0,0.0,0.0,0.0,0.0,0.0,0.0,0.0,2019-02-02
32,hru32,0.006,0.0,0.0,0.0,0.0,0.0,0.0,0.0,0.0,0.0,2019-02-02
33,hru33,0.006,0.0,0.0,0.0,0.0,0.0,0.0,0.0,0.0,0.0,2019-02-02
34,hru34,0.006,0.0,0.0,0.0,0.0,0.0,0.0,0.0,0.0,0.0,2019-02-02
35,hru35,0.006,0.0,0.0,0.0,0.0,0.0,0.0,0.0,0.0,0.0,2019-02-02
36,hru36,0.006,0.0,0.0,0.0,0.0,0.0,0.0,0.0,0.0,0.0,2019-02-02
1,hru01,0.006,0.0,0.0,0.0,0.0,0.0,0.0,0.0,0.0,0.0,2019-02-03
2,hru02,0.006,0.0,0.0,0.0,0.0,0.0,0.0,0.0,0.0,0.0,2019-02-03
3,hru03,0.006,0.0,0.0,0.0,0.0,0.0,0.0,0.0,0.0,0.0,2019-02-03
4,hru04,0.006,0.0,0.0,0.0,0.0,0.0,0.0,0.0,0.0,0.0,2019-02-03
5,hru05,0.006,0.0,0.0,0.0,0.0,0.0,0.0,0.0,0.0,0.0,2019-02-03
6,hru06,0.006,0.0,0.0,0.0,0.0,0.0,0.0,0.0,0.0,0.0,2019-02-03
7,hru07,0.007,0.0,0.0,0.0,0.0,0.0,0.0,0.0,0.0,0.0,2019-02-03
8,hru08,0.006,0.0,0.0,0.0,0.0,0.0,0.0,0.0,0.0,0.0,2019-02-03
9,hru09,0.006,0.0,0.0,0.0,0.0,0.0,0.0,0.0,0.0,0.0,2019-02-03
10,hru10,0.006,0.0,0.0,0.0,0.0,0.0,0.0,0.0,0.0,0.0,2019-02-03
11,hru11,0.006,0.0,0.0,0.0,0.0,0.0,0.0,0.0,0.0,0.0,2019-02-03
12,hru12,0.007,0.0,0.0,0.0,0.0,0.0,0.0,0.0,0.0,0.0,2019-02-03
13,hru13,0.007,0.0,0.0,0.0,0.0,0.0,0.0,0.0,0.0,0.0,2019-02-03
14,hru14,0.007,0.0,0.0,0.0,0.0,0.0,0.0,0.0,0.0,0.0,2019-02-03
15,hru15,0.007,0.0,0.0,0.0,0.0,0.0,0.0,0.0,0.0,0.0,2019-02-03
16,hru16,0.007,0.0,0.0,0.0,0.0,0.0,0.0,0.0,0.0,0.0,2019-02-03
17,hru17,0.007,0.0,0.0,0.0,0.0,0.0,0.0,0.0,0.0,0.0,2019-02-03
18,hru18,0.007,0.0,0.0,0.0,0.0,0.0,0.0,0.0,0.0,0.0,2019-02-03
19,hru19,0.007,0.0,0.0,0.0,0.0,0.0,0.0,0.0,0.0,0.0,2019-02-03
20,hru20,0.007,0.0,0.0,0.0,0.0,0.0,0.0,0.0,0.0,0.0,2019-02-03
21,hru21,0.007,0.0,0.0,0.0,0.0,0.0,0.0,0.0,0.0,0.0,2019-02-03
22,hru22,0.007,0.0,0.0,0.0,0.0,0.0,0.0,0.0,0.0,0.0,2019-02-03
23,hru23,0.007,0.0,0.0,0.0,0.0,0.0,0.0,0.0,0.0,0.0,2019-02-03
24,hru24,0.007,0.0,0.0,0.0,0.0,0.0,0.0,0.0,0.0,0.0,2019-02-03
25,hru25,0.007,0.0,0.0,0.0,0.0,0.0,0.0,0.0,0.0,0.0,2019-02-03
26,hru26,0.007,0.0,0.0,0.0,0.0,0.0,0.0,0.0,0.0,0.0,2019-02-03
27,hru27,0.007,0.0,0.0,0.0,0.0,0.0,0.0,0.0,0.0,0.0,2019-02-03
28,hru28,0.006,0.0,0.0,0.0,0.0,0.0,0.0,0.0,0.0,0.0,2019-02-03
29,hru29,0.007,0.0,0.0,0.0,0.0,0.0,0.0,0.0,0.0,0.0,2019-02-03
30,hru30,0.006,0.0,0.0,0.0,0.0,0.0,0.0,0.0,0.0,0.0,2019-02-03
31,hru31,0.006,0.0,0.0,0.0,0.0,0.0,0.0,0.0,0.0,0.0,2019-02-03
32,hru32,0.007,0.0,0.0,0.0,0.0,0.0,0.0,0.0,0.0,0.0,2019-02-03
33,hru33,0.006,0.0,0.0,0.0,0.0,0.0,0.0,0.0,0.0,0.0,2019-02-03
34,hru34,0.006,0.0,0.0,0.0,0.0,0.0,0.0,0.0,0.0,0.0,2019-02-03
35,hru35,0.006,0.0,0.0,0.0,0.0,0.0,0.0,0.0,0.0,0.0,2019-02-03
36,hru36,0.006,0.0,0.0,0.0,0.0,0.0,0.0,0.0,0.0,0.0,2019-02-03
1,hru01,0.006,0.0,0.0,0.0,0.0,0.0,0.0,0.0,0.0,0.0,2019-02-04
2,hru02,0.006,0.0,0.0,0.0,0.0,0.0,0.0,0.0,0.0,0.0,2019-02-04
3,hru03,0.006,0.0,0.0,0.0,0.0,0.0,0.0,0.0,0.0,0.0,2019-02-04
4,hru04,0.006,0.0,0.0,0.0,0.0,0.0,0.0,0.0,0.0,0.0,2019-02-04
5,hru05,0.006,0.0,0.0,0.0,0.0,0.0,0.0,0.0,0.0,0.0,2019-02-04
6,hru06,0.006,0.0,0.0,0.0,0.0,0.0,0.0,0.0,0.0,0.0,2019-02-04
7,hru07,0.007,0.0,0.0,0.0,0.0,0.0,0.0,0.0,0.0,0.0,2019-02-04
8,hru08,0.006,0.0,0.0,0.0,0.0,0.0,0.0,0.0,0.0,0.0,2019-02-04
9,hru09,0.006,0.0,0.0,0.0,0.0,0.0,0.0,0.0,0.0,0.0,2019-02-04
10,hru10,0.006,0.0,0.0,0.0,0.0,0.0,0.0,0.0,0.0,0.0,2019-02-04
11,hru11,0.006,0.0,0.0,0.0,0.0,0.0,0.0,0.0,0.0,0.0,2019-02-04
12,hru12,0.007,0.0,0.0,0.0,0.0,0.0,0.0,0.0,0.0,0.0,2019-02-04
13,hru13,0.007,0.0,0.0,0.0,0.0,0.0,0.0,0.0,0.0,0.0,2019-02-04
14,hru14,0.007,0.0,0.0,0.0,0.0,0.0,0.0,0.0,0.0,0.0,2019-02-04
15,hru15,0.007,0.0,0.0,0.0,0.0,0.0,0.0,0.0,0.0,0.0,2019-02-04
16,hru16,0.007,0.0,0.0,0.0,0.0,0.0,0.0,0.0,0.0,0.0,2019-02-04
17,hru17,0.007,0.0,0.0,0.0,0.0,0.0,0.0,0.0,0.0,0.0,2019-02-04
18,hru18,0.007,0.0,0.0,0.0,0.0,0.0,0.0,0.0,0.0,0.0,2019-02-04
19,hru19,0.007,0.0,0.0,0.0,0.0,0.0,0.0,0.0,0.0,0.0,2019-02-04
20,hru20,0.007,0.0,0.0,0.0,0.0,0.0,0.0,0.0,0.0,0.0,2019-02-04
21,hru21,0.007,0.0,0.0,0.0,0.0,0.0,0.0,0.0,0.0,0.0,2019-02-04
22,hru22,0.007,0.0,0.0,0.0,0.0,0.0,0.0,0.0,0.0,0.0,2019-02-04
23,hru23,0.007,0.0,0.0,0.0,0.0,0.0,0.0,0.0,0.0,0.0,2019-02-04
24,hru24,0.007,0.0,0.0,0.0,0.0,0.0,0.0,0.0,0.0,0.0,2019-02-04
25,hru25,0.007,0.0,0.0,0.0,0.0,0.0,0.0,0.0,0.0,0.0,2019-02-04
26,hru26,0.007,0.0,0.0,0.0,0.0,0.0,0.0,0.0,0.0,0.0,2019-02-04
27,hru27,0.007,0.0,0.0,0.0,0.0,0.0,0.0,0.0,0.0,0.0,2019-02-04
28,hru28,0.006,0.0,0.0,0.0,0.0,0.0,0.0,0.0,0.0,0.0,2019-02-04
29,hru29,0.007,0.0,0.0,0.0,0.0,0.0,0.0,0.0,0.0,0.0,2019-02-04
30,hru30,0.006,0.0,0.0,0.0,0.0,0.0,0.0,0.0,0.0,0.0,2019-02-04
31,hru31,0.006,0.0,0.0,0.0,0.0,0.0,0.0,0.0,0.0,0.0,2019-02-04
32,hru32,0.007,0.0,0.0,0.0,0.0,0.0,0.0,0.0,0.0,0.0,2019-02-04
33,hru33,0.006,0.0,0.0,0.0,0.0,0.0,0.0,0.0,0.0,0.0,2019-02-04
34,hru34,0.006,0.0,0.0,0.0,0.0,0.0,0.0,0.0,0.0,0.0,2019-02-04
35,hru35,0.006,0.0,0.0,0.0,0.0,0.0,0.0,0.0,0.0,0.0,2019-02-04
36,hru36,0.006,0.0,0.0,0.0,0.0,0.0,0.0,0.0,0.0,0.0,2019-02-04
1,hru01,0.006,0.0,0.0,0.0,0.0,0.0,0.0,0.0,0.0,0.0,2019-02-05
2,hru02,0.006,0.0,0.0,0.0,0.0,0.0,0.0,0.0,0.0,0.0,2019-02-05
3,hru03,0.006,0.0,0.0,0.0,0.0,0.0,0.0,0.0,0.0,0.0,2019-02-05
4,hru04,0.006,0.0,0.0,0.0,0.0,0.0,0.0,0.0,0.0,0.0,2019-02-05
5,hru05,0.006,0.0,0.0,0.0,0.0,0.0,0.0,0.0,0.0,0.0,2019-02-05
6,hru06,0.006,0.0,0.0,0.0,0.0,0.0,0.0,0.0,0.0,0.0,2019-02-05
7,hru07,0.007,0.0,0.0,0.0,0.0,0.0,0.0,0.0,0.0,0.0,2019-02-05
8,hru08,0.006,0.0,0.0,0.0,0.0,0.0,0.0,0.0,0.0,0.0,2019-02-05
9,hru09,0.006,0.0,0.0,0.0,0.0,0.0,0.0,0.0,0.0,0.0,2019-02-05
10,hru10,0.006,0.0,0.0,0.0,0.0,0.0,0.0,0.0,0.0,0.0,2019-02-05
11,hru11,0.006,0.0,0.0,0.0,0.0,0.0,0.0,0.0,0.0,0.0,2019-02-05
12,hru12,0.007,0.0,0.0,0.0,0.0,0.0,0.0,0.0,0.0,0.0,2019-02-05
13,hru13,0.007,0.0,0.0,0.0,0.0,0.0,0.0,0.0,0.0,0.0,2019-02-05
14,hru14,0.007,0.0,0.0,0.0,0.0,0.0,0.0,0.0,0.0,0.0,2019-02-05
15,hru15,0.007,0.0,0.0,0.0,0.0,0.0,0.0,0.0,0.0,0.0,2019-02-05
16,hru16,0.007,0.0,0.0,0.0,0.0,0.0,0.0,0.0,0.0,0.0,2019-02-05
17,hru17,0.007,0.0,0.0,0.0,0.0,0.0,0.0,0.0,0.0,0.0,2019-02-05
18,hru18,0.007,0.0,0.0,0.0,0.0,0.0,0.0,0.0,0.0,0.0,2019-02-05
19,hru19,0.007,0.0,0.0,0.0,0.0,0.0,0.0,0.0,0.0,0.0,2019-02-05
20,hru20,0.007,0.0,0.0,0.0,0.0,0.0,0.0,0.0,0.0,0.0,2019-02-05
21,hru21,0.007,0.0,0.0,0.0,0.0,0.0,0.0,0.0,0.0,0.0,2019-02-05
22,hru22,0.007,0.0,0.0,0.0,0.0,0.0,0.0,0.0,0.0,0.0,2019-02-05
23,hru23,0.007,0.0,0.0,0.0,0.0,0.0,0.0,0.0,0.0,0.0,2019-02-05
24,hru24,0.007,0.0,0.0,0.0,0.0,0.0,0.0,0.0,0.0,0.0,2019-02-05
25,hru25,0.007,0.0,0.0,0.0,0.0,0.0,0.0,0.0,0.0,0.0,2019-02-05
26,hru26,0.007,0.0,0.0,0.0,0.0,0.0,0.0,0.0,0.0,0.0,2019-02-05
27,hru27,0.007,0.0,0.0,0.0,0.0,0.0,0.0,0.0,0.0,0.0,2019-02-05
28,hru28,0.006,0.0,0.0,0.0,0.0,0.0,0.0,0.0,0.0,0.0,2019-02-05
29,hru29,0.007,0.0,0.0,0.0,0.0,0.0,0.0,0.0,0.0,0.0,2019-02-05
30,hru30,0.006,0.0,0.0,0.0,0.0,0.0,0.0,0.0,0.0,0.0,2019-02-05
31,hru31,0.006,0.0,0.0,0.0,0.0,0.0,0.0,0.0,0.0,0.0,2019-02-05
32,hru32,0.007,0.0,0.0,0.0,0.0,0.0,0.0,0.0,0.0,0.0,2019-02-05
33,hru33,0.006,0.0,0.0,0.0,0.0,0.0,0.0,0.0,0.0,0.0,2019-02-05
34,hru34,0.006,0.0,0.0,0.0,0.0,0.0,0.0,0.0,0.0,0.0,2019-02-05
35,hru35,0.006,0.0,0.0,0.0,0.0,0.0,0.0,0.0,0.0,0.0,2019-02-05
36,hru36,0.006,0.0,0.0,0.0,0.0,0.0,0.0,0.0,0.0,0.0,2019-02-05
1,hru01,0.006,0.0,0.0,0.0,0.0,0.0,0.0,0.0,0.0,0.0,2019-02-06
2,hru02,0.006,0.0,0.0,0.0,0.0,0.0,0.0,0.0,0.0,0.0,2019-02-06
3,hru03,0.006,0.0,0.0,0.0,0.0,0.0,0.0,0.0,0.0,0.0,2019-02-06
4,hru04,0.006,0.0,0.0,0.0,0.0,0.0,0.0,0.0,0.0,0.0,2019-02-06
5,hru05,0.006,0.0,0.0,0.0,0.0,0.0,0.0,0.0,0.0,0.0,2019-02-06
6,hru06,0.006,0.0,0.0,0.0,0.0,0.0,0.0,0.0,0.0,0.0,2019-02-06
7,hru07,0.007,0.0,0.0,0.0,0.0,0.0,0.0,0.0,0.0,0.0,2019-02-06
8,hru08,0.006,0.0,0.0,0.0,0.0,0.0,0.0,0.0,0.0,0.0,2019-02-06
9,hru09,0.006,0.0,0.0,0.0,0.0,0.0,0.0,0.0,0.0,0.0,2019-02-06
10,hru10,0.006,0.0,0.0,0.0,0.0,0.0,0.0,0.0,0.0,0.0,2019-02-06
11,hru11,0.006,0.0,0.0,0.0,0.0,0.0,0.0,0.0,0.0,0.0,2019-02-06
12,hru12,0.007,0.0,0.0,0.0,0.0,0.0,0.0,0.0,0.0,0.0,2019-02-06
13,hru13,0.007,0.0,0.0,0.0,0.0,0.0,0.0,0.0,0.0,0.0,2019-02-06
14,hru14,0.007,0.0,0.0,0.0,0.0,0.0,0.0,0.0,0.0,0.0,2019-02-06
15,hru15,0.007,0.0,0.0,0.0,0.0,0.0,0.0,0.0,0.0,0.0,2019-02-06
16,hru16,0.007,0.0,0.0,0.0,0.0,0.0,0.0,0.0,0.0,0.0,2019-02-06
17,hru17,0.007,0.0,0.0,0.0,0.0,0.0,0.0,0.0,0.0,0.0,2019-02-06
18,hru18,0.007,0.0,0.0,0.0,0.0,0.0,0.0,0.0,0.0,0.0,2019-02-06
19,hru19,0.007,0.0,0.0,0.0,0.0,0.0,0.0,0.0,0.0,0.0,2019-02-06
20,hru20,0.007,0.0,0.0,0.0,0.0,0.0,0.0,0.0,0.0,0.0,2019-02-06
21,hru21,0.007,0.0,0.0,0.0,0.0,0.0,0.0,0.0,0.0,0.0,2019-02-06
22,hru22,0.007,0.0,0.0,0.0,0.0,0.0,0.0,0.0,0.0,0.0,2019-02-06
23,hru23,0.007,0.0,0.0,0.0,0.0,0.0,0.0,0.0,0.0,0.0,2019-02-06
24,hru24,0.007,0.0,0.0,0.0,0.0,0.0,0.0,0.0,0.0,0.0,2019-02-06
25,hru25,0.007,0.0,0.0,0.0,0.0,0.0,0.0,0.0,0.0,0.0,2019-02-06
26,hru26,0.007,0.0,0.0,0.0,0.0,0.0,0.0,0.0,0.0,0.0,2019-02-06
27,hru27,0.007,0.0,0.0,0.0,0.0,0.0,0.0,0.0,0.0,0.0,2019-02-06
28,hru28,0.006,0.0,0.0,0.0,0.0,0.0,0.0,0.0,0.0,0.0,2019-02-06
29,hru29,0.007,0.0,0.0,0.0,0.0,0.0,0.0,0.0,0.0,0.0,2019-02-06
30,hru30,0.006,0.0,0.0,0.0,0.0,0.0,0.0,0.0,0.0,0.0,2019-02-06
31,hru31,0.006,0.0,0.0,0.0,0.0,0.0,0.0,0.0,0.0,0.0,2019-02-06
32,hru32,0.007,0.0,0.0,0.0,0.0,0.0,0.0,0.0,0.0,0.0,2019-02-06
33,hru33,0.006,0.0,0.0,0.0,0.0,0.0,0.0,0.0,0.0,0.0,2019-02-06
34,hru34,0.006,0.0,0.0,0.0,0.0,0.0,0.0,0.0,0.0,0.0,2019-02-06
35,hru35,0.006,0.0,0.0,0.0,0.0,0.0,0.0,0.0,0.0,0.0,2019-02-06
36,hru36,0.006,0.0,0.0,0.0,0.0,0.0,0.0,0.0,0.0,0.0,2019-02-06
1,hru01,0.006,0.0,0.0,0.0,0.0,0.0,0.0,0.0,0.0,0.0,2019-02-07
2,hru02,0.006,0.0,0.0,0.0,0.0,0.0,0.0,0.0,0.0,0.0,2019-02-07
3,hru03,0.006,0.0,0.0,0.0,0.0,0.0,0.0,0.0,0.0,0.0,2019-02-07
4,hru04,0.006,0.0,0.0,0.0,0.0,0.0,0.0,0.0,0.0,0.0,2019-02-07
5,hru05,0.006,0.0,0.0,0.0,0.0,0.0,0.0,0.0,0.0,0.0,2019-02-07
6,hru06,0.006,0.0,0.0,0.0,0.0,0.0,0.0,0.0,0.0,0.0,2019-02-07
7,hru07,0.007,0.0,0.0,0.0,0.0,0.0,0.0,0.0,0.0,0.0,2019-02-07
8,hru08,0.006,0.0,0.0,0.0,0.0,0.0,0.0,0.0,0.0,0.0,2019-02-07
9,hru09,0.006,0.0,0.0,0.0,0.0,0.0,0.0,0.0,0.0,0.0,2019-02-07
10,hru10,0.006,0.0,0.0,0.0,0.0,0.0,0.0,0.0,0.0,0.0,2019-02-07
11,hru11,0.006,0.0,0.0,0.0,0.0,0.0,0.0,0.0,0.0,0.0,2019-02-07
12,hru12,0.007,0.0,0.0,0.0,0.0,0.0,0.0,0.0,0.0,0.0,2019-02-07
13,hru13,0.007,0.0,0.0,0.0,0.0,0.0,0.0,0.0,0.0,0.0,2019-02-07
14,hru14,0.007,0.0,0.0,0.0,0.0,0.0,0.0,0.0,0.0,0.0,2019-02-07
15,hru15,0.007,0.0,0.0,0.0,0.0,0.0,0.0,0.0,0.0,0.0,2019-02-07
16,hru16,0.007,0.0,0.0,0.0,0.0,0.0,0.0,0.0,0.0,0.0,2019-02-07
17,hru17,0.007,0.0,0.0,0.0,0.0,0.0,0.0,0.0,0.0,0.0,2019-02-07
18,hru18,0.007,0.0,0.0,0.0,0.0,0.0,0.0,0.0,0.0,0.0,2019-02-07
19,hru19,0.007,0.0,0.0,0.0,0.0,0.0,0.0,0.0,0.0,0.0,2019-02-07
20,hru20,0.007,0.0,0.0,0.0,0.0,0.0,0.0,0.0,0.0,0.0,2019-02-07
21,hru21,0.007,0.0,0.0,0.0,0.0,0.0,0.0,0.0,0.0,0.0,2019-02-07
22,hru22,0.007,0.0,0.0,0.0,0.0,0.0,0.0,0.0,0.0,0.0,2019-02-07
23,hru23,0.007,0.0,0.0,0.0,0.0,0.0,0.0,0.0,0.0,0.0,2019-02-07
24,hru24,0.007,0.0,0.0,0.0,0.0,0.0,0.0,0.0,0.0,0.0,2019-02-07
25,hru25,0.007,0.0,0.0,0.0,0.0,0.0,0.0,0.0,0.0,0.0,2019-02-07
26,hru26,0.007,0.0,0.0,0.0,0.0,0.0,0.0,0.0,0.0,0.0,2019-02-07
27,hru27,0.007,0.0,0.0,0.0,0.0,0.0,0.0,0.0,0.0,0.0,2019-02-07
28,hru28,0.006,0.0,0.0,0.0,0.0,0.0,0.0,0.0,0.0,0.0,2019-02-07
29,hru29,0.007,0.0,0.0,0.0,0.0,0.0,0.0,0.0,0.0,0.0,2019-02-07
30,hru30,0.006,0.0,0.0,0.0,0.0,0.0,0.0,0.0,0.0,0.0,2019-02-07
31,hru31,0.006,0.0,0.0,0.0,0.0,0.0,0.0,0.0,0.0,0.0,2019-02-07
32,hru32,0.007,0.0,0.0,0.0,0.0,0.0,0.0,0.0,0.0,0.0,2019-02-07
33,hru33,0.006,0.0,0.0,0.0,0.0,0.0,0.0,0.0,0.0,0.0,2019-02-07
34,hru34,0.006,0.0,0.0,0.0,0.0,0.0,0.0,0.0,0.0,0.0,2019-02-07
35,hru35,0.006,0.0,0.0,0.0,0.0,0.0,0.0,0.0,0.0,0.0,2019-02-07
36,hru36,0.006,0.0,0.0,0.0,0.0,0.0,0.0,0.0,0.0,0.0,2019-02-07
1,hru01,0.006,0.0,0.0,0.0,0.0,0.0,0.0,0.0,0.0,0.0,2019-02-08
2,hru02,0.006,0.0,0.0,0.0,0.0,0.0,0.0,0.0,0.0,0.0,2019-02-08
3,hru03,0.006,0.0,0.0,0.0,0.0,0.0,0.0,0.0,0.0,0.0,2019-02-08
4,hru04,0.006,0.0,0.0,0.0,0.0,0.0,0.0,0.0,0.0,0.0,2019-02-08
5,hru05,0.006,0.0,0.0,0.0,0.0,0.0,0.0,0.0,0.0,0.0,2019-02-08
6,hru06,0.006,0.0,0.0,0.0,0.0,0.0,0.0,0.0,0.0,0.0,2019-02-08
7,hru07,0.007,0.0,0.0,0.0,0.0,0.0,0.0,0.0,0.0,0.0,2019-02-08
8,hru08,0.006,0.0,0.0,0.0,0.0,0.0,0.0,0.0,0.0,0.0,2019-02-08
9,hru09,0.006,0.0,0.0,0.0,0.0,0.0,0.0,0.0,0.0,0.0,2019-02-08
10,hru10,0.006,0.0,0.0,0.0,0.0,0.0,0.0,0.0,0.0,0.0,2019-02-08
11,hru11,0.006,0.0,0.0,0.0,0.0,0.0,0.0,0.0,0.0,0.0,2019-02-08
12,hru12,0.007,0.0,0.0,0.0,0.0,0.0,0.0,0.0,0.0,0.0,2019-02-08
13,hru13,0.007,0.0,0.0,0.0,0.0,0.0,0.0,0.0,0.0,0.0,2019-02-08
14,hru14,0.007,0.0,0.0,0.0,0.0,0.0,0.0,0.0,0.0,0.0,2019-02-08
15,hru15,0.007,0.0,0.0,0.0,0.0,0.0,0.0,0.0,0.0,0.0,2019-02-08
16,hru16,0.007,0.0,0.0,0.0,0.0,0.0,0.0,0.0,0.0,0.0,2019-02-08
17,hru17,0.007,0.0,0.0,0.0,0.0,0.0,0.0,0.0,0.0,0.0,2019-02-08
18,hru18,0.007,0.0,0.0,0.0,0.0,0.0,0.0,0.0,0.0,0.0,2019-02-08
19,hru19,0.007,0.0,0.0,0.0,0.0,0.0,0.0,0.0,0.0,0.0,2019-02-08
20,hru20,0.007,0.0,0.0,0.0,0.0,0.0,0.0,0.0,0.0,0.0,2019-02-08
21,hru21,0.007,0.0,0.0,0.0,0.0,0.0,0.0,0.0,0.0,0.0,2019-02-08
22,hru22,0.007,0.0,0.0,0.0,0.0,0.0,0.0,0.0,0.0,0.0,2019-02-08
23,hru23,0.007,0.0,0.0,0.0,0.0,0.0,0.0,0.0,0.0,0.0,2019-02-08
24,hru24,0.007,0.0,0.0,0.0,0.0,0.0,0.0,0.0,0.0,0.0,2019-02-08
25,hru25,0.007,0.0,0.0,0.0,0.0,0.0,0.0,0.0,0.0,0.0,2019-02-08
26,hru26,0.007,0.0,0.0,0.0,0.0,0.0,0.0,0.0,0.0,0.0,2019-02-08
27,hru27,0.007,0.0,0.0,0.0,0.0,0.0,0.0,0.0,0.0,0.0,2019-02-08
28,hru28,0.006,0.0,0.0,0.0,0.0,0.0,0.0,0.0,0.0,0.0,2019-02-08
29,hru29,0.007,0.0,0.0,0.0,0.0,0.0,0.0,0.0,0.0,0.0,2019-02-08
30,hru30,0.006,0.0,0.0,0.0,0.0,0.0,0.0,0.0,0.0,0.0,2019-02-08
31,hru31,0.006,0.0,0.0,0.0,0.0,0.0,0.0,0.0,0.0,0.0,2019-02-08
32,hru32,0.007,0.0,0.0,0.0,0.0,0.0,0.0,0.0,0.0,0.0,2019-02-08
33,hru33,0.006,0.0,0.0,0.0,0.0,0.0,0.0,0.0,0.0,0.0,2019-02-08
34,hru34,0.006,0.0,0.0,0.0,0.0,0.0,0.0,0.0,0.0,0.0,2019-02-08
35,hru35,0.006,0.0,0.0,0.0,0.0,0.0,0.0,0.0,0.0,0.0,2019-02-08
36,hru36,0.006,0.0,0.0,0.0,0.0,0.0,0.0,0.0,0.0,0.0,2019-02-08
1,hru01,0.006,0.0,0.0,0.0,0.0,0.0,0.0,0.0,0.0,0.0,2019-02-09
2,hru02,0.006,0.0,0.0,0.0,0.0,0.0,0.0,0.0,0.0,0.0,2019-02-09
3,hru03,0.006,0.0,0.0,0.0,0.0,0.0,0.0,0.0,0.0,0.0,2019-02-09
4,hru04,0.006,0.0,0.0,0.0,0.0,0.0,0.0,0.0,0.0,0.0,2019-02-09
5,hru05,0.006,0.0,0.0,0.0,0.0,0.0,0.0,0.0,0.0,0.0,2019-02-09
6,hru06,0.006,0.0,0.0,0.0,0.0,0.0,0.0,0.0,0.0,0.0,2019-02-09
7,hru07,0.007,0.0,0.0,0.0,0.0,0.0,0.0,0.0,0.0,0.0,2019-02-09
8,hru08,0.006,0.0,0.0,0.0,0.0,0.0,0.0,0.0,0.0,0.0,2019-02-09
9,hru09,0.006,0.0,0.0,0.0,0.0,0.0,0.0,0.0,0.0,0.0,2019-02-09
10,hru10,0.006,0.0,0.0,0.0,0.0,0.0,0.0,0.0,0.0,0.0,2019-02-09
11,hru11,0.006,0.0,0.0,0.0,0.0,0.0,0.0,0.0,0.0,0.0,2019-02-09
12,hru12,0.007,0.0,0.0,0.0,0.0,0.0,0.0,0.0,0.0,0.0,2019-02-09
13,hru13,0.007,0.0,0.0,0.0,0.0,0.0,0.0,0.0,0.0,0.0,2019-02-09
14,hru14,0.007,0.0,0.0,0.0,0.0,0.0,0.0,0.0,0.0,0.0,2019-02-09
15,hru15,0.007,0.0,0.0,0.0,0.0,0.0,0.0,0.0,0.0,0.0,2019-02-09
16,hru16,0.007,0.0,0.0,0.0,0.0,0.0,0.0,0.0,0.0,0.0,2019-02-09
17,hru17,0.007,0.0,0.0,0.0,0.0,0.0,0.0,0.0,0.0,0.0,2019-02-09
18,hru18,0.007,0.0,0.0,0.0,0.0,0.0,0.0,0.0,0.0,0.0,2019-02-09
19,hru19,0.007,0.0,0.0,0.0,0.0,0.0,0.0,0.0,0.0,0.0,2019-02-09
20,hru20,0.007,0.0,0.0,0.0,0.0,0.0,0.0,0.0,0.0,0.0,2019-02-09
21,hru21,0.007,0.0,0.0,0.0,0.0,0.0,0.0,0.0,0.0,0.0,2019-02-09
22,hru22,0.007,0.0,0.0,0.0,0.0,0.0,0.0,0.0,0.0,0.0,2019-02-09
23,hru23,0.007,0.0,0.0,0.0,0.0,0.0,0.0,0.0,0.0,0.0,2019-02-09
24,hru24,0.007,0.0,0.0,0.0,0.0,0.0,0.0,0.0,0.0,0.0,2019-02-09
25,hru25,0.007,0.0,0.0,0.0,0.0,0.0,0.0,0.0,0.0,0.0,2019-02-09
26,hru26,0.007,0.0,0.0,0.0,0.0,0.0,0.0,0.0,0.0,0.0,2019-02-09
27,hru27,0.007,0.0,0.0,0.0,0.0,0.0,0.0,0.0,0.0,0.0,2019-02-09
28,hru28,0.006,0.0,0.0,0.0,0.0,0.0,0.0,0.0,0.0,0.0,2019-02-09
29,hru29,0.007,0.0,0.0,0.0,0.0,0.0,0.0,0.0,0.0,0.0,2019-02-09
30,hru30,0.006,0.0,0.0,0.0,0.0,0.0,0.0,0.0,0.0,0.0,2019-02-09
31,hru31,0.006,0.0,0.0,0.0,0.0,0.0,0.0,0.0,0.0,0.0,2019-02-09
32,hru32,0.007,0.0,0.0,0.0,0.0,0.0,0.0,0.0,0.0,0.0,2019-02-09
33,hru33,0.006,0.0,0.0,0.0,0.0,0.0,0.0,0.0,0.0,0.0,2019-02-09
34,hru34,0.006,0.0,0.0,0.0,0.0,0.0,0.0,0.0,0.0,0.0,2019-02-09
35,hru35,0.006,0.0,0.0,0.0,0.0,0.0,0.0,0.0,0.0,0.0,2019-02-09
36,hru36,0.006,0.0,0.0,0.0,0.0,0.0,0.0,0.0,0.0,0.0,2019-02-09
1,hru01,0.006,0.0,0.0,0.0,0.0,0.0,0.0,0.0,0.0,0.0,2019-02-10
2,hru02,0.006,0.0,0.0,0.0,0.0,0.0,0.0,0.0,0.0,0.0,2019-02-10
3,hru03,0.006,0.0,0.0,0.0,0.0,0.0,0.0,0.0,0.0,0.0,2019-02-10
4,hru04,0.006,0.0,0.0,0.0,0.0,0.0,0.0,0.0,0.0,0.0,2019-02-10
5,hru05,0.006,0.0,0.0,0.0,0.0,0.0,0.0,0.0,0.0,0.0,2019-02-10
6,hru06,0.006,0.0,0.0,0.0,0.0,0.0,0.0,0.0,0.0,0.0,2019-02-10
7,hru07,0.007,0.0,0.0,0.0,0.0,0.0,0.0,0.0,0.0,0.0,2019-02-10
8,hru08,0.006,0.0,0.0,0.0,0.0,0.0,0.0,0.0,0.0,0.0,2019-02-10
9,hru09,0.006,0.0,0.0,0.0,0.0,0.0,0.0,0.0,0.0,0.0,2019-02-10
10,hru10,0.006,0.0,0.0,0.0,0.0,0.0,0.0,0.0,0.0,0.0,2019-02-10
11,hru11,0.006,0.0,0.0,0.0,0.0,0.0,0.0,0.0,0.0,0.0,2019-02-10
12,hru12,0.007,0.0,0.0,0.0,0.0,0.0,0.0,0.0,0.0,0.0,2019-02-10
13,hru13,0.007,0.0,0.0,0.0,0.0,0.0,0.0,0.0,0.0,0.0,2019-02-10
14,hru14,0.007,0.0,0.0,0.0,0.0,0.0,0.0,0.0,0.0,0.0,2019-02-10
15,hru15,0.007,0.0,0.0,0.0,0.0,0.0,0.0,0.0,0.0,0.0,2019-02-10
16,hru16,0.007,0.0,0.0,0.0,0.0,0.0,0.0,0.0,0.0,0.0,2019-02-10
17,hru17,0.007,0.0,0.0,0.0,0.0,0.0,0.0,0.0,0.0,0.0,2019-02-10
18,hru18,0.007,0.0,0.0,0.0,0.0,0.0,0.0,0.0,0.0,0.0,2019-02-10
19,hru19,0.007,0.0,0.0,0.0,0.0,0.0,0.0,0.0,0.0,0.0,2019-02-10
20,hru20,0.007,0.0,0.0,0.0,0.0,0.0,0.0,0.0,0.0,0.0,2019-02-10
21,hru21,0.007,0.0,0.0,0.0,0.0,0.0,0.0,0.0,0.0,0.0,2019-02-10
22,hru22,0.007,0.0,0.0,0.0,0.0,0.0,0.0,0.0,0.0,0.0,2019-02-10
23,hru23,0.007,0.0,0.0,0.0,0.0,0.0,0.0,0.0,0.0,0.0,2019-02-10
24,hru24,0.007,0.0,0.0,0.0,0.0,0.0,0.0,0.0,0.0,0.0,2019-02-10
25,hru25,0.007,0.0,0.0,0.0,0.0,0.0,0.0,0.0,0.0,0.0,2019-02-10
26,hru26,0.007,0.0,0.0,0.0,0.0,0.0,0.0,0.0,0.0,0.0,2019-02-10
27,hru27,0.007,0.0,0.0,0.0,0.0,0.0,0.0,0.0,0.0,0.0,2019-02-10
28,hru28,0.006,0.0,0.0,0.0,0.0,0.0,0.0,0.0,0.0,0.0,2019-02-10
29,hru29,0.007,0.0,0.0,0.0,0.0,0.0,0.0,0.0,0.0,0.0,2019-02-10
30,hru30,0.006,0.0,0.0,0.0,0.0,0.0,0.0,0.0,0.0,0.0,2019-02-10
31,hru31,0.006,0.0,0.0,0.0,0.0,0.0,0.0,0.0,0.0,0.0,2019-02-10
32,hru32,0.007,0.0,0.0,0.0,0.0,0.0,0.0,0.0,0.0,0.0,2019-02-10
33,hru33,0.006,0.0,0.0,0.0,0.0,0.0,0.0,0.0,0.0,0.0,2019-02-10
34,hru34,0.006,0.0,0.0,0.0,0.0,0.0,0.0,0.0,0.0,0.0,2019-02-10
35,hru35,0.006,0.0,0.0,0.0,0.0,0.0,0.0,0.0,0.0,0.0,2019-02-10
36,hru36,0.006,0.0,0.0,0.0,0.0,0.0,0.0,0.0,0.0,0.0,2019-02-10
1,hru01,0.006,0.0,0.0,0.0,0.0,0.0,0.0,0.0,0.0,0.0,2019-02-11
2,hru02,0.006,0.0,0.0,0.0,0.0,0.0,0.0,0.0,0.0,0.0,2019-02-11
3,hru03,0.006,0.0,0.0,0.0,0.0,0.0,0.0,0.0,0.0,0.0,2019-02-11
4,hru04,0.006,0.0,0.0,0.0,0.0,0.0,0.0,0.0,0.0,0.0,2019-02-11
5,hru05,0.006,0.0,0.0,0.0,0.0,0.0,0.0,0.0,0.0,0.0,2019-02-11
6,hru06,0.006,0.0,0.0,0.0,0.0,0.0,0.0,0.0,0.0,0.0,2019-02-11
7,hru07,0.007,0.0,0.0,0.0,0.0,0.0,0.0,0.0,0.0,0.0,2019-02-11
8,hru08,0.006,0.0,0.0,0.0,0.0,0.0,0.0,0.0,0.0,0.0,2019-02-11
9,hru09,0.006,0.0,0.0,0.0,0.0,0.0,0.0,0.0,0.0,0.0,2019-02-11
10,hru10,0.006,0.0,0.0,0.0,0.0,0.0,0.0,0.0,0.0,0.0,2019-02-11
11,hru11,0.006,0.0,0.0,0.0,0.0,0.0,0.0,0.0,0.0,0.0,2019-02-11
12,hru12,0.007,0.0,0.0,0.0,0.0,0.0,0.0,0.0,0.0,0.0,2019-02-11
13,hru13,0.007,0.0,0.0,0.0,0.0,0.0,0.0,0.0,0.0,0.0,2019-02-11
14,hru14,0.007,0.0,0.0,0.0,0.0,0.0,0.0,0.0,0.0,0.0,2019-02-11
15,hru15,0.007,0.0,0.0,0.0,0.0,0.0,0.0,0.0,0.0,0.0,2019-02-11
16,hru16,0.007,0.0,0.0,0.0,0.0,0.0,0.0,0.0,0.0,0.0,2019-02-11
17,hru17,0.007,0.0,0.0,0.0,0.0,0.0,0.0,0.0,0.0,0.0,2019-02-11
18,hru18,0.007,0.0,0.0,0.0,0.0,0.0,0.0,0.0,0.0,0.0,2019-02-11
19,hru19,0.007,0.0,0.0,0.0,0.0,0.0,0.0,0.0,0.0,0.0,2019-02-11
20,hru20,0.007,0.0,0.0,0.0,0.0,0.0,0.0,0.0,0.0,0.0,2019-02-11
21,hru21,0.007,0.0,0.0,0.0,0.0,0.0,0.0,0.0,0.0,0.0,2019-02-11
22,hru22,0.007,0.0,0.0,0.0,0.0,0.0,0.0,0.0,0.0,0.0,2019-02-11
23,hru23,0.007,0.0,0.0,0.0,0.0,0.0,0.0,0.0,0.0,0.0,2019-02-11
24,hru24,0.007,0.0,0.0,0.0,0.0,0.0,0.0,0.0,0.0,0.0,2019-02-11
25,hru25,0.007,0.0,0.0,0.0,0.0,0.0,0.0,0.0,0.0,0.0,2019-02-11
26,hru26,0.007,0.0,0.0,0.0,0.0,0.0,0.0,0.0,0.0,0.0,2019-02-11
27,hru27,0.007,0.0,0.0,0.0,0.0,0.0,0.0,0.0,0.0,0.0,2019-02-11
28,hru28,0.006,0.0,0.0,0.0,0.0,0.0,0.0,0.0,0.0,0.0,2019-02-11
29,hru29,0.007,0.0,0.0,0.0,0.0,0.0,0.0,0.0,0.0,0.0,2019-02-11
30,hru30,0.006,0.0,0.0,0.0,0.0,0.0,0.0,0.0,0.0,0.0,2019-02-11
31,hru31,0.006,0.0,0.0,0.0,0.0,0.0,0.0,0.0,0.0,0.0,2019-02-11
32,hru32,0.007,0.0,0.0,0.0,0.0,0.0,0.0,0.0,0.0,0.0,2019-02-11
33,hru33,0.006,0.0,0.0,0.0,0.0,0.0,0.0,0.0,0.0,0.0,2019-02-11
34,hru34,0.006,0.0,0.0,0.0,0.0,0.0,0.0,0.0,0.0,0.0,2019-02-11
35,hru35,0.006,0.0,0.0,0.0,0.0,0.0,0.0,0.0,0.0,0.0,2019-02-11
36,hru36,0.006,0.0,0.0,0.0,0.0,0.0,0.0,0.0,0.0,0.0,2019-02-11
1,hru01,0.006,0.0,0.0,0.0,0.0,0.0,0.0,0.0,0.0,0.0,2019-02-12
2,hru02,0.006,0.0,0.0,0.0,0.0,0.0,0.0,0.0,0.0,0.0,2019-02-12
3,hru03,0.006,0.0,0.0,0.0,0.0,0.0,0.0,0.0,0.0,0.0,2019-02-12
4,hru04,0.006,0.0,0.0,0.0,0.0,0.0,0.0,0.0,0.0,0.0,2019-02-12
5,hru05,0.006,0.0,0.0,0.0,0.0,0.0,0.0,0.0,0.0,0.0,2019-02-12
6,hru06,0.006,0.0,0.0,0.0,0.0,0.0,0.0,0.0,0.0,0.0,2019-02-12
7,hru07,0.007,0.0,0.0,0.0,0.0,0.0,0.0,0.0,0.0,0.0,2019-02-12
8,hru08,0.006,0.0,0.0,0.0,0.0,0.0,0.0,0.0,0.0,0.0,2019-02-12
9,hru09,0.006,0.0,0.0,0.0,0.0,0.0,0.0,0.0,0.0,0.0,2019-02-12
10,hru10,0.006,0.0,0.0,0.0,0.0,0.0,0.0,0.0,0.0,0.0,2019-02-12
11,hru11,0.006,0.0,0.0,0.0,0.0,0.0,0.0,0.0,0.0,0.0,2019-02-12
12,hru12,0.007,0.0,0.0,0.0,0.0,0.0,0.0,0.0,0.0,0.0,2019-02-12
13,hru13,0.007,0.0,0.0,0.0,0.0,0.0,0.0,0.0,0.0,0.0,2019-02-12
14,hru14,0.007,0.0,0.0,0.0,0.0,0.0,0.0,0.0,0.0,0.0,2019-02-12
15,hru15,0.007,0.0,0.0,0.0,0.0,0.0,0.0,0.0,0.0,0.0,2019-02-12
16,hru16,0.007,0.0,0.0,0.0,0.0,0.0,0.0,0.0,0.0,0.0,2019-02-12
17,hru17,0.007,0.0,0.0,0.0,0.0,0.0,0.0,0.0,0.0,0.0,2019-02-12
18,hru18,0.007,0.0,0.0,0.0,0.0,0.0,0.0,0.0,0.0,0.0,2019-02-12
19,hru19,0.007,0.0,0.0,0.0,0.0,0.0,0.0,0.0,0.0,0.0,2019-02-12
20,hru20,0.007,0.0,0.0,0.0,0.0,0.0,0.0,0.0,0.0,0.0,2019-02-12
21,hru21,0.007,0.0,0.0,0.0,0.0,0.0,0.0,0.0,0.0,0.0,2019-02-12
22,hru22,0.007,0.0,0.0,0.0,0.0,0.0,0.0,0.0,0.0,0.0,2019-02-12
23,hru23,0.007,0.0,0.0,0.0,0.0,0.0,0.0,0.0,0.0,0.0,2019-02-12
24,hru24,0.007,0.0,0.0,0.0,0.0,0.0,0.0,0.0,0.0,0.0,2019-02-12
25,hru25,0.007,0.0,0.0,0.0,0.0,0.0,0.0,0.0,0.0,0.0,2019-02-12
26,hru26,0.007,0.0,0.0,0.0,0.0,0.0,0.0,0.0,0.0,0.0,2019-02-12
27,hru27,0.007,0.0,0.0,0.0,0.0,0.0,0.0,0.0,0.0,0.0,2019-02-12
28,hru28,0.006,0.0,0.0,0.0,0.0,0.0,0.0,0.0,0.0,0.0,2019-02-12
29,hru29,0.007,0.0,0.0,0.0,0.0,0.0,0.0,0.0,0.0,0.0,2019-02-12
30,hru30,0.006,0.0,0.0,0.0,0.0,0.0,0.0,0.0,0.0,0.0,2019-02-12
31,hru31,0.006,0.0,0.0,0.0,0.0,0.0,0.0,0.0,0.0,0.0,2019-02-12
32,hru32,0.007,0.0,0.0,0.0,0.0,0.0,0.0,0.0,0.0,0.0,2019-02-12
33,hru33,0.006,0.0,0.0,0.0,0.0,0.0,0.0,0.0,0.0,0.0,2019-02-12
34,hru34,0.006,0.0,0.0,0.0,0.0,0.0,0.0,0.0,0.0,0.0,2019-02-12
35,hru35,0.006,0.0,0.0,0.0,0.0,0.0,0.0,0.0,0.0,0.0,2019-02-12
36,hru36,0.006,0.0,0.0,0.0,0.0,0.0,0.0,0.0,0.0,0.0,2019-02-12
1,hru01,0.006,0.0,0.0,0.0,0.0,0.0,0.0,0.0,0.0,0.0,2019-02-13
2,hru02,0.006,0.0,0.0,0.0,0.0,0.0,0.0,0.0,0.0,0.0,2019-02-13
3,hru03,0.006,0.0,0.0,0.0,0.0,0.0,0.0,0.0,0.0,0.0,2019-02-13
4,hru04,0.006,0.0,0.0,0.0,0.0,0.0,0.0,0.0,0.0,0.0,2019-02-13
5,hru05,0.006,0.0,0.0,0.0,0.0,0.0,0.0,0.0,0.0,0.0,2019-02-13
6,hru06,0.006,0.0,0.0,0.0,0.0,0.0,0.0,0.0,0.0,0.0,2019-02-13
7,hru07,0.007,0.0,0.0,0.0,0.0,0.0,0.0,0.0,0.0,0.0,2019-02-13
8,hru08,0.006,0.0,0.0,0.0,0.0,0.0,0.0,0.0,0.0,0.0,2019-02-13
9,hru09,0.006,0.0,0.0,0.0,0.0,0.0,0.0,0.0,0.0,0.0,2019-02-13
10,hru10,0.006,0.0,0.0,0.0,0.0,0.0,0.0,0.0,0.0,0.0,2019-02-13
11,hru11,0.006,0.0,0.0,0.0,0.0,0.0,0.0,0.0,0.0,0.0,2019-02-13
12,hru12,0.007,0.0,0.0,0.0,0.0,0.0,0.0,0.0,0.0,0.0,2019-02-13
13,hru13,0.007,0.0,0.0,0.0,0.0,0.0,0.0,0.0,0.0,0.0,2019-02-13
14,hru14,0.007,0.0,0.0,0.0,0.0,0.0,0.0,0.0,0.0,0.0,2019-02-13
15,hru15,0.007,0.0,0.0,0.0,0.0,0.0,0.0,0.0,0.0,0.0,2019-02-13
16,hru16,0.007,0.0,0.0,0.0,0.0,0.0,0.0,0.0,0.0,0.0,2019-02-13
17,hru17,0.007,0.0,0.0,0.0,0.0,0.0,0.0,0.0,0.0,0.0,2019-02-13
18,hru18,0.007,0.0,0.0,0.0,0.0,0.0,0.0,0.0,0.0,0.0,2019-02-13
19,hru19,0.007,0.0,0.0,0.0,0.0,0.0,0.0,0.0,0.0,0.0,2019-02-13
20,hru20,0.007,0.0,0.0,0.0,0.0,0.0,0.0,0.0,0.0,0.0,2019-02-13
21,hru21,0.007,0.0,0.0,0.0,0.0,0.0,0.0,0.0,0.0,0.0,2019-02-13
22,hru22,0.007,0.0,0.0,0.0,0.0,0.0,0.0,0.0,0.0,0.0,2019-02-13
23,hru23,0.007,0.0,0.0,0.0,0.0,0.0,0.0,0.0,0.0,0.0,2019-02-13
24,hru24,0.007,0.0,0.0,0.0,0.0,0.0,0.0,0.0,0.0,0.0,2019-02-13
25,hru25,0.007,0.0,0.0,0.0,0.0,0.0,0.0,0.0,0.0,0.0,2019-02-13
26,hru26,0.007,0.0,0.0,0.0,0.0,0.0,0.0,0.0,0.0,0.0,2019-02-13
27,hru27,0.007,0.0,0.0,0.0,0.0,0.0,0.0,0.0,0.0,0.0,2019-02-13
28,hru28,0.006,0.0,0.0,0.0,0.0,0.0,0.0,0.0,0.0,0.0,2019-02-13
29,hru29,0.007,0.0,0.0,0.0,0.0,0.0,0.0,0.0,0.0,0.0,2019-02-13
30,hru30,0.006,0.0,0.0,0.0,0.0,0.0,0.0,0.0,0.0,0.0,2019-02-13
31,hru31,0.006,0.0,0.0,0.0,0.0,0.0,0.0,0.0,0.0,0.0,2019-02-13
32,hru32,0.007,0.0,0.0,0.0,0.0,0.0,0.0,0.0,0.0,0.0,2019-02-13
33,hru33,0.006,0.0,0.0,0.0,0.0,0.0,0.0,0.0,0.0,0.0,2019-02-13
34,hru34,0.006,0.0,0.0,0.0,0.0,0.0,0.0,0.0,0.0,0.0,2019-02-13
35,hru35,0.006,0.0,0.0,0.0,0.0,0.0,0.0,0.0,0.0,0.0,2019-02-13
36,hru36,0.006,0.0,0.0,0.0,0.0,0.0,0.0,0.0,0.0,0.0,2019-02-13
1,hru01,0.006,0.0,0.0,0.0,0.0,0.0,0.0,0.0,0.0,0.0,2019-02-14
2,hru02,0.006,0.0,0.0,0.0,0.0,0.0,0.0,0.0,0.0,0.0,2019-02-14
3,hru03,0.006,0.0,0.0,0.0,0.0,0.0,0.0,0.0,0.0,0.0,2019-02-14
4,hru04,0.006,0.0,0.0,0.0,0.0,0.0,0.0,0.0,0.0,0.0,2019-02-14
5,hru05,0.006,0.0,0.0,0.0,0.0,0.0,0.0,0.0,0.0,0.0,2019-02-14
6,hru06,0.006,0.0,0.0,0.0,0.0,0.0,0.0,0.0,0.0,0.0,2019-02-14
7,hru07,0.007,0.0,0.0,0.0,0.0,0.0,0.0,0.0,0.0,0.0,2019-02-14
8,hru08,0.006,0.0,0.0,0.0,0.0,0.0,0.0,0.0,0.0,0.0,2019-02-14
9,hru09,0.006,0.0,0.0,0.0,0.0,0.0,0.0,0.0,0.0,0.0,2019-02-14
10,hru10,0.006,0.0,0.0,0.0,0.0,0.0,0.0,0.0,0.0,0.0,2019-02-14
11,hru11,0.006,0.0,0.0,0.0,0.0,0.0,0.0,0.0,0.0,0.0,2019-02-14
12,hru12,0.007,0.0,0.0,0.0,0.0,0.0,0.0,0.0,0.0,0.0,2019-02-14
13,hru13,0.007,0.0,0.0,0.0,0.0,0.0,0.0,0.0,0.0,0.0,2019-02-14
14,hru14,0.007,0.0,0.0,0.0,0.0,0.0,0.0,0.0,0.0,0.0,2019-02-14
15,hru15,0.007,0.0,0.0,0.0,0.0,0.0,0.0,0.0,0.0,0.0,2019-02-14
16,hru16,0.007,0.0,0.0,0.0,0.0,0.0,0.0,0.0,0.0,0.0,2019-02-14
17,hru17,0.007,0.0,0.0,0.0,0.0,0.0,0.0,0.0,0.0,0.0,2019-02-14
18,hru18,0.007,0.0,0.0,0.0,0.0,0.0,0.0,0.0,0.0,0.0,2019-02-14
19,hru19,0.007,0.0,0.0,0.0,0.0,0.0,0.0,0.0,0.0,0.0,2019-02-14
20,hru20,0.007,0.0,0.0,0.0,0.0,0.0,0.0,0.0,0.0,0.0,2019-02-14
21,hru21,0.007,0.0,0.0,0.0,0.0,0.0,0.0,0.0,0.0,0.0,2019-02-14
22,hru22,0.007,0.0,0.0,0.0,0.0,0.0,0.0,0.0,0.0,0.0,2019-02-14
23,hru23,0.007,0.0,0.0,0.0,0.0,0.0,0.0,0.0,0.0,0.0,2019-02-14
24,hru24,0.007,0.0,0.0,0.0,0.0,0.0,0.0,0.0,0.0,0.0,2019-02-14
25,hru25,0.007,0.0,0.0,0.0,0.0,0.0,0.0,0.0,0.0,0.0,2019-02-14
26,hru26,0.007,0.0,0.0,0.0,0.0,0.0,0.0,0.0,0.0,0.0,2019-02-14
27,hru27,0.007,0.0,0.0,0.0,0.0,0.0,0.0,0.0,0.0,0.0,2019-02-14
28,hru28,0.006,0.0,0.0,0.0,0.0,0.0,0.0,0.0,0.0,0.0,2019-02-14
29,hru29,0.007,0.0,0.0,0.0,0.0,0.0,0.0,0.0,0.0,0.0,2019-02-14
30,hru30,0.006,0.0,0.0,0.0,0.0,0.0,0.0,0.0,0.0,0.0,2019-02-14
31,hru31,0.006,0.0,0.0,0.0,0.0,0.0,0.0,0.0,0.0,0.0,2019-02-14
32,hru32,0.007,0.0,0.0,0.0,0.0,0.0,0.0,0.0,0.0,0.0,2019-02-14
33,hru33,0.006,0.0,0.0,0.0,0.0,0.0,0.0,0.0,0.0,0.0,2019-02-14
34,hru34,0.006,0.0,0.0,0.0,0.0,0.0,0.0,0.0,0.0,0.0,2019-02-14
35,hru35,0.006,0.0,0.0,0.0,0.0,0.0,0.0,0.0,0.0,0.0,2019-02-14
36,hru36,0.006,0.0,0.0,0.0,0.0,0.0,0.0,0.0,0.0,0.0,2019-02-14
1,hru01,0.006,0.0,0.0,0.0,0.0,0.0,0.0,0.0,0.0,0.0,2019-02-15
2,hru02,0.006,0.0,0.0,0.0,0.0,0.0,0.0,0.0,0.0,0.0,2019-02-15
3,hru03,0.006,0.0,0.0,0.0,0.0,0.0,0.0,0.0,0.0,0.0,2019-02-15
4,hru04,0.006,0.0,0.0,0.0,0.0,0.0,0.0,0.0,0.0,0.0,2019-02-15
5,hru05,0.006,0.0,0.0,0.0,0.0,0.0,0.0,0.0,0.0,0.0,2019-02-15
6,hru06,0.006,0.0,0.0,0.0,0.0,0.0,0.0,0.0,0.0,0.0,2019-02-15
7,hru07,0.007,0.0,0.0,0.0,0.0,0.0,0.0,0.0,0.0,0.0,2019-02-15
8,hru08,0.006,0.0,0.0,0.0,0.0,0.0,0.0,0.0,0.0,0.0,2019-02-15
9,hru09,0.006,0.0,0.0,0.0,0.0,0.0,0.0,0.0,0.0,0.0,2019-02-15
10,hru10,0.006,0.0,0.0,0.0,0.0,0.0,0.0,0.0,0.0,0.0,2019-02-15
11,hru11,0.006,0.0,0.0,0.0,0.0,0.0,0.0,0.0,0.0,0.0,2019-02-15
12,hru12,0.007,0.0,0.0,0.0,0.0,0.0,0.0,0.0,0.0,0.0,2019-02-15
13,hru13,0.007,0.0,0.0,0.0,0.0,0.0,0.0,0.0,0.0,0.0,2019-02-15
14,hru14,0.007,0.0,0.0,0.0,0.0,0.0,0.0,0.0,0.0,0.0,2019-02-15
15,hru15,0.007,0.0,0.0,0.0,0.0,0.0,0.0,0.0,0.0,0.0,2019-02-15
16,hru16,0.007,0.0,0.0,0.0,0.0,0.0,0.0,0.0,0.0,0.0,2019-02-15
17,hru17,0.007,0.0,0.0,0.0,0.0,0.0,0.0,0.0,0.0,0.0,2019-02-15
18,hru18,0.007,0.0,0.0,0.0,0.0,0.0,0.0,0.0,0.0,0.0,2019-02-15
19,hru19,0.007,0.0,0.0,0.0,0.0,0.0,0.0,0.0,0.0,0.0,2019-02-15
20,hru20,0.007,0.0,0.0,0.0,0.0,0.0,0.0,0.0,0.0,0.0,2019-02-15
21,hru21,0.007,0.0,0.0,0.0,0.0,0.0,0.0,0.0,0.0,0.0,2019-02-15
22,hru22,0.007,0.0,0.0,0.0,0.0,0.0,0.0,0.0,0.0,0.0,2019-02-15
23,hru23,0.007,0.0,0.0,0.0,0.0,0.0,0.0,0.0,0.0,0.0,2019-02-15
24,hru24,0.007,0.0,0.0,0.0,0.0,0.0,0.0,0.0,0.0,0.0,2019-02-15
25,hru25,0.007,0.0,0.0,0.0,0.0,0.0,0.0,0.0,0.0,0.0,2019-02-15
26,hru26,0.007,0.0,0.0,0.0,0.0,0.0,0.0,0.0,0.0,0.0,2019-02-15
27,hru27,0.007,0.0,0.0,0.0,0.0,0.0,0.0,0.0,0.0,0.0,2019-02-15
28,hru28,0.006,0.0,0.0,0.0,0.0,0.0,0.0,0.0,0.0,0.0,2019-02-15
29,hru29,0.007,0.0,0.0,0.0,0.0,0.0,0.0,0.0,0.0,0.0,2019-02-15
30,hru30,0.006,0.0,0.0,0.0,0.0,0.0,0.0,0.0,0.0,0.0,2019-02-15
31,hru31,0.006,0.0,0.0,0.0,0.0,0.0,0.0,0.0,0.0,0.0,2019-02-15
32,hru32,0.007,0.0,0.0,0.0,0.0,0.0,0.0,0.0,0.0,0.0,2019-02-15
33,hru33,0.006,0.0,0.0,0.0,0.0,0.0,0.0,0.0,0.0,0.0,2019-02-15
34,hru34,0.006,0.0,0.0,0.0,0.0,0.0,0.0,0.0,0.0,0.0,2019-02-15
35,hru35,0.006,0.0,0.0,0.0,0.0,0.0,0.0,0.0,0.0,0.0,2019-02-15
36,hru36,0.006,0.0,0.0,0.0,0.0,0.0,0.0,0.0,0.0,0.0,2019-02-15
1,hru01,0.006,0.0,0.0,0.0,0.0,0.0,0.0,0.0,0.0,0.0,2019-02-16
2,hru02,0.006,0.0,0.0,0.0,0.0,0.0,0.0,0.0,0.0,0.0,2019-02-16
3,hru03,0.006,0.0,0.0,0.0,0.0,0.0,0.0,0.0,0.0,0.0,2019-02-16
4,hru04,0.006,0.0,0.0,0.0,0.0,0.0,0.0,0.0,0.0,0.0,2019-02-16
5,hru05,0.006,0.0,0.0,0.0,0.0,0.0,0.0,0.0,0.0,0.0,2019-02-16
6,hru06,0.006,0.0,0.0,0.0,0.0,0.0,0.0,0.0,0.0,0.0,2019-02-16
7,hru07,0.007,0.0,0.0,0.0,0.0,0.0,0.0,0.0,0.0,0.0,2019-02-16
8,hru08,0.006,0.0,0.0,0.0,0.0,0.0,0.0,0.0,0.0,0.0,2019-02-16
9,hru09,0.006,0.0,0.0,0.0,0.0,0.0,0.0,0.0,0.0,0.0,2019-02-16
10,hru10,0.006,0.0,0.0,0.0,0.0,0.0,0.0,0.0,0.0,0.0,2019-02-16
11,hru11,0.006,0.0,0.0,0.0,0.0,0.0,0.0,0.0,0.0,0.0,2019-02-16
12,hru12,0.007,0.0,0.0,0.0,0.0,0.0,0.0,0.0,0.0,0.0,2019-02-16
13,hru13,0.007,0.0,0.0,0.0,0.0,0.0,0.0,0.0,0.0,0.0,2019-02-16
14,hru14,0.007,0.0,0.0,0.0,0.0,0.0,0.0,0.0,0.0,0.0,2019-02-16
15,hru15,0.007,0.0,0.0,0.0,0.0,0.0,0.0,0.0,0.0,0.0,2019-02-16
16,hru16,0.007,0.0,0.0,0.0,0.0,0.0,0.0,0.0,0.0,0.0,2019-02-16
17,hru17,0.007,0.0,0.0,0.0,0.0,0.0,0.0,0.0,0.0,0.0,2019-02-16
18,hru18,0.007,0.0,0.0,0.0,0.0,0.0,0.0,0.0,0.0,0.0,2019-02-16
19,hru19,0.007,0.0,0.0,0.0,0.0,0.0,0.0,0.0,0.0,0.0,2019-02-16
20,hru20,0.007,0.0,0.0,0.0,0.0,0.0,0.0,0.0,0.0,0.0,2019-02-16
21,hru21,0.007,0.0,0.0,0.0,0.0,0.0,0.0,0.0,0.0,0.0,2019-02-16
22,hru22,0.007,0.0,0.0,0.0,0.0,0.0,0.0,0.0,0.0,0.0,2019-02-16
23,hru23,0.007,0.0,0.0,0.0,0.0,0.0,0.0,0.0,0.0,0.0,2019-02-16
24,hru24,0.007,0.0,0.0,0.0,0.0,0.0,0.0,0.0,0.0,0.0,2019-02-16
25,hru25,0.007,0.0,0.0,0.0,0.0,0.0,0.0,0.0,0.0,0.0,2019-02-16
26,hru26,0.007,0.0,0.0,0.0,0.0,0.0,0.0,0.0,0.0,0.0,2019-02-16
27,hru27,0.007,0.0,0.0,0.0,0.0,0.0,0.0,0.0,0.0,0.0,2019-02-16
28,hru28,0.006,0.0,0.0,0.0,0.0,0.0,0.0,0.0,0.0,0.0,2019-02-16
29,hru29,0.007,0.0,0.0,0.0,0.0,0.0,0.0,0.0,0.0,0.0,2019-02-16
30,hru30,0.006,0.0,0.0,0.0,0.0,0.0,0.0,0.0,0.0,0.0,2019-02-16
31,hru31,0.006,0.0,0.0,0.0,0.0,0.0,0.0,0.0,0.0,0.0,2019-02-16
32,hru32,0.007,0.0,0.0,0.0,0.0,0.0,0.0,0.0,0.0,0.0,2019-02-16
33,hru33,0.006,0.0,0.0,0.0,0.0,0.0,0.0,0.0,0.0,0.0,2019-02-16
34,hru34,0.006,0.0,0.0,0.0,0.0,0.0,0.0,0.0,0.0,0.0,2019-02-16
35,hru35,0.006,0.0,0.0,0.0,0.0,0.0,0.0,0.0,0.0,0.0,2019-02-16
36,hru36,0.006,0.0,0.0,0.0,0.0,0.0,0.0,0.0,0.0,0.0,2019-02-16
1,hru01,0.006,0.0,0.0,0.0,0.0,0.0,0.0,0.0,0.0,0.0,2019-02-17
2,hru02,0.006,0.0,0.0,0.0,0.0,0.0,0.0,0.0,0.0,0.0,2019-02-17
3,hru03,0.006,0.0,0.0,0.0,0.0,0.0,0.0,0.0,0.0,0.0,2019-02-17
4,hru04,0.006,0.0,0.0,0.0,0.0,0.0,0.0,0.0,0.0,0.0,2019-02-17
5,hru05,0.006,0.0,0.0,0.0,0.0,0.0,0.0,0.0,0.0,0.0,2019-02-17
6,hru06,0.006,0.0,0.0,0.0,0.0,0.0,0.0,0.0,0.0,0.0,2019-02-17
7,hru07,0.007,0.0,0.0,0.0,0.0,0.0,0.0,0.0,0.0,0.0,2019-02-17
8,hru08,0.006,0.0,0.0,0.0,0.0,0.0,0.0,0.0,0.0,0.0,2019-02-17
9,hru09,0.006,0.0,0.0,0.0,0.0,0.0,0.0,0.0,0.0,0.0,2019-02-17
10,hru10,0.006,0.0,0.0,0.0,0.0,0.0,0.0,0.0,0.0,0.0,2019-02-17
11,hru11,0.006,0.0,0.0,0.0,0.0,0.0,0.0,0.0,0.0,0.0,2019-02-17
12,hru12,0.007,0.0,0.0,0.0,0.0,0.0,0.0,0.0,0.0,0.0,2019-02-17
13,hru13,0.007,0.0,0.0,0.0,0.0,0.0,0.0,0.0,0.0,0.0,2019-02-17
14,hru14,0.007,0.0,0.0,0.0,0.0,0.0,0.0,0.0,0.0,0.0,2019-02-17
15,hru15,0.007,0.0,0.0,0.0,0.0,0.0,0.0,0.0,0.0,0.0,2019-02-17
16,hru16,0.007,0.0,0.0,0.0,0.0,0.0,0.0,0.0,0.0,0.0,2019-02-17
17,hru17,0.007,0.0,0.0,0.0,0.0,0.0,0.0,0.0,0.0,0.0,2019-02-17
18,hru18,0.007,0.0,0.0,0.0,0.0,0.0,0.0,0.0,0.0,0.0,2019-02-17
19,hru19,0.007,0.0,0.0,0.0,0.0,0.0,0.0,0.0,0.0,0.0,2019-02-17
20,hru20,0.007,0.0,0.0,0.0,0.0,0.0,0.0,0.0,0.0,0.0,2019-02-17
21,hru21,0.007,0.0,0.0,0.0,0.0,0.0,0.0,0.0,0.0,0.0,2019-02-17
22,hru22,0.007,0.0,0.0,0.0,0.0,0.0,0.0,0.0,0.0,0.0,2019-02-17
23,hru23,0.007,0.0,0.0,0.0,0.0,0.0,0.0,0.0,0.0,0.0,2019-02-17
24,hru24,0.007,0.0,0.0,0.0,0.0,0.0,0.0,0.0,0.0,0.0,2019-02-17
25,hru25,0.007,0.0,0.0,0.0,0.0,0.0,0.0,0.0,0.0,0.0,2019-02-17
26,hru26,0.007,0.0,0.0,0.0,0.0,0.0,0.0,0.0,0.0,0.0,2019-02-17
27,hru27,0.007,0.0,0.0,0.0,0.0,0.0,0.0,0.0,0.0,0.0,2019-02-17
28,hru28,0.006,0.0,0.0,0.0,0.0,0.0,0.0,0.0,0.0,0.0,2019-02-17
29,hru29,0.007,0.0,0.0,0.0,0.0,0.0,0.0,0.0,0.0,0.0,2019-02-17
30,hru30,0.006,0.0,0.0,0.0,0.0,0.0,0.0,0.0,0.0,0.0,2019-02-17
31,hru31,0.006,0.0,0.0,0.0,0.0,0.0,0.0,0.0,0.0,0.0,2019-02-17
32,hru32,0.007,0.0,0.0,0.0,0.0,0.0,0.0,0.0,0.0,0.0,2019-02-17
33,hru33,0.006,0.0,0.0,0.0,0.0,0.0,0.0,0.0,0.0,0.0,2019-02-17
34,hru34,0.006,0.0,0.0,0.0,0.0,0.0,0.0,0.0,0.0,0.0,2019-02-17
35,hru35,0.006,0.0,0.0,0.0,0.0,0.0,0.0,0.0,0.0,0.0,2019-02-17
36,hru36,0.006,0.0,0.0,0.0,0.0,0.0,0.0,0.0,0.0,0.0,2019-02-17
1,hru01,0.006,0.0,0.0,0.0,0.0,0.0,0.0,0.0,0.0,0.0,2019-02-18
2,hru02,0.006,0.0,0.0,0.0,0.0,0.0,0.0,0.0,0.0,0.0,2019-02-18
3,hru03,0.006,0.0,0.0,0.0,0.0,0.0,0.0,0.0,0.0,0.0,2019-02-18
4,hru04,0.006,0.0,0.0,0.0,0.0,0.0,0.0,0.0,0.0,0.0,2019-02-18
5,hru05,0.006,0.0,0.0,0.0,0.0,0.0,0.0,0.0,0.0,0.0,2019-02-18
6,hru06,0.006,0.0,0.0,0.0,0.0,0.0,0.0,0.0,0.0,0.0,2019-02-18
7,hru07,0.007,0.0,0.0,0.0,0.0,0.0,0.0,0.0,0.0,0.0,2019-02-18
8,hru08,0.006,0.0,0.0,0.0,0.0,0.0,0.0,0.0,0.0,0.0,2019-02-18
9,hru09,0.006,0.0,0.0,0.0,0.0,0.0,0.0,0.0,0.0,0.0,2019-02-18
10,hru10,0.006,0.0,0.0,0.0,0.0,0.0,0.0,0.0,0.0,0.0,2019-02-18
11,hru11,0.006,0.0,0.0,0.0,0.0,0.0,0.0,0.0,0.0,0.0,2019-02-18
12,hru12,0.007,0.0,0.0,0.0,0.0,0.0,0.0,0.0,0.0,0.0,2019-02-18
13,hru13,0.007,0.0,0.0,0.0,0.0,0.0,0.0,0.0,0.0,0.0,2019-02-18
14,hru14,0.007,0.0,0.0,0.0,0.0,0.0,0.0,0.0,0.0,0.0,2019-02-18
15,hru15,0.007,0.0,0.0,0.0,0.0,0.0,0.0,0.0,0.0,0.0,2019-02-18
16,hru16,0.007,0.0,0.0,0.0,0.0,0.0,0.0,0.0,0.0,0.0,2019-02-18
17,hru17,0.007,0.0,0.0,0.0,0.0,0.0,0.0,0.0,0.0,0.0,2019-02-18
18,hru18,0.007,0.0,0.0,0.0,0.0,0.0,0.0,0.0,0.0,0.0,2019-02-18
19,hru19,0.007,0.0,0.0,0.0,0.0,0.0,0.0,0.0,0.0,0.0,2019-02-18
20,hru20,0.007,0.0,0.0,0.0,0.0,0.0,0.0,0.0,0.0,0.0,2019-02-18
21,hru21,0.007,0.0,0.0,0.0,0.0,0.0,0.0,0.0,0.0,0.0,2019-02-18
22,hru22,0.007,0.0,0.0,0.0,0.0,0.0,0.0,0.0,0.0,0.0,2019-02-18
23,hru23,0.007,0.0,0.0,0.0,0.0,0.0,0.0,0.0,0.0,0.0,2019-02-18
24,hru24,0.007,0.0,0.0,0.0,0.0,0.0,0.0,0.0,0.0,0.0,2019-02-18
25,hru25,0.007,0.0,0.0,0.0,0.0,0.0,0.0,0.0,0.0,0.0,2019-02-18
26,hru26,0.007,0.0,0.0,0.0,0.0,0.0,0.0,0.0,0.0,0.0,2019-02-18
27,hru27,0.007,0.0,0.0,0.0,0.0,0.0,0.0,0.0,0.0,0.0,2019-02-18
28,hru28,0.006,0.0,0.0,0.0,0.0,0.0,0.0,0.0,0.0,0.0,2019-02-18
29,hru29,0.007,0.0,0.0,0.0,0.0,0.0,0.0,0.0,0.0,0.0,2019-02-18
30,hru30,0.006,0.0,0.0,0.0,0.0,0.0,0.0,0.0,0.0,0.0,2019-02-18
31,hru31,0.006,0.0,0.0,0.0,0.0,0.0,0.0,0.0,0.0,0.0,2019-02-18
32,hru32,0.007,0.0,0.0,0.0,0.0,0.0,0.0,0.0,0.0,0.0,2019-02-18
33,hru33,0.006,0.0,0.0,0.0,0.0,0.0,0.0,0.0,0.0,0.0,2019-02-18
34,hru34,0.006,0.0,0.0,0.0,0.0,0.0,0.0,0.0,0.0,0.0,2019-02-18
35,hru35,0.006,0.0,0.0,0.0,0.0,0.0,0.0,0.0,0.0,0.0,2019-02-18
36,hru36,0.006,0.0,0.0,0.0,0.0,0.0,0.0,0.0,0.0,0.0,2019-02-18
1,hru01,0.006,0.0,0.0,0.0,0.0,0.0,0.0,0.0,0.0,0.0,2019-02-19
2,hru02,0.006,0.0,0.0,0.0,0.0,0.0,0.0,0.0,0.0,0.0,2019-02-19
3,hru03,0.006,0.0,0.0,0.0,0.0,0.0,0.0,0.0,0.0,0.0,2019-02-19
4,hru04,0.006,0.0,0.0,0.0,0.0,0.0,0.0,0.0,0.0,0.0,2019-02-19
5,hru05,0.006,0.0,0.0,0.0,0.0,0.0,0.0,0.0,0.0,0.0,2019-02-19
6,hru06,0.006,0.0,0.0,0.0,0.0,0.0,0.0,0.0,0.0,0.0,2019-02-19
7,hru07,0.007,0.0,0.0,0.0,0.0,0.0,0.0,0.0,0.0,0.0,2019-02-19
8,hru08,0.006,0.0,0.0,0.0,0.0,0.0,0.0,0.0,0.0,0.0,2019-02-19
9,hru09,0.006,0.0,0.0,0.0,0.0,0.0,0.0,0.0,0.0,0.0,2019-02-19
10,hru10,0.006,0.0,0.0,0.0,0.0,0.0,0.0,0.0,0.0,0.0,2019-02-19
11,hru11,0.006,0.0,0.0,0.0,0.0,0.0,0.0,0.0,0.0,0.0,2019-02-19
12,hru12,0.007,0.0,0.0,0.0,0.0,0.0,0.0,0.0,0.0,0.0,2019-02-19
13,hru13,0.007,0.0,0.0,0.0,0.0,0.0,0.0,0.0,0.0,0.0,2019-02-19
14,hru14,0.007,0.0,0.0,0.0,0.0,0.0,0.0,0.0,0.0,0.0,2019-02-19
15,hru15,0.007,0.0,0.0,0.0,0.0,0.0,0.0,0.0,0.0,0.0,2019-02-19
16,hru16,0.007,0.0,0.0,0.0,0.0,0.0,0.0,0.0,0.0,0.0,2019-02-19
17,hru17,0.007,0.0,0.0,0.0,0.0,0.0,0.0,0.0,0.0,0.0,2019-02-19
18,hru18,0.007,0.0,0.0,0.0,0.0,0.0,0.0,0.0,0.0,0.0,2019-02-19
19,hru19,0.007,0.0,0.0,0.0,0.0,0.0,0.0,0.0,0.0,0.0,2019-02-19
20,hru20,0.007,0.0,0.0,0.0,0.0,0.0,0.0,0.0,0.0,0.0,2019-02-19
21,hru21,0.007,0.0,0.0,0.0,0.0,0.0,0.0,0.0,0.0,0.0,2019-02-19
22,hru22,0.007,0.0,0.0,0.0,0.0,0.0,0.0,0.0,0.0,0.0,2019-02-19
23,hru23,0.007,0.0,0.0,0.0,0.0,0.0,0.0,0.0,0.0,0.0,2019-02-19
24,hru24,0.007,0.0,0.0,0.0,0.0,0.0,0.0,0.0,0.0,0.0,2019-02-19
25,hru25,0.007,0.0,0.0,0.0,0.0,0.0,0.0,0.0,0.0,0.0,2019-02-19
26,hru26,0.007,0.0,0.0,0.0,0.0,0.0,0.0,0.0,0.0,0.0,2019-02-19
27,hru27,0.007,0.0,0.0,0.0,0.0,0.0,0.0,0.0,0.0,0.0,2019-02-19
28,hru28,0.006,0.0,0.0,0.0,0.0,0.0,0.0,0.0,0.0,0.0,2019-02-19
29,hru29,0.007,0.0,0.0,0.0,0.0,0.0,0.0,0.0,0.0,0.0,2019-02-19
30,hru30,0.006,0.0,0.0,0.0,0.0,0.0,0.0,0.0,0.0,0.0,2019-02-19
31,hru31,0.006,0.0,0.0,0.0,0.0,0.0,0.0,0.0,0.0,0.0,2019-02-19
32,hru32,0.007,0.0,0.0,0.0,0.0,0.0,0.0,0.0,0.0,0.0,2019-02-19
33,hru33,0.006,0.0,0.0,0.0,0.0,0.0,0.0,0.0,0.0,0.0,2019-02-19
34,hru34,0.006,0.0,0.0,0.0,0.0,0.0,0.0,0.0,0.0,0.0,2019-02-19
35,hru35,0.006,0.0,0.0,0.0,0.0,0.0,0.0,0.0,0.0,0.0,2019-02-19
36,hru36,0.006,0.0,0.0,0.0,0.0,0.0,0.0,0.0,0.0,0.0,2019-02-19
1,hru01,0.006,0.0,0.0,0.0,0.0,0.0,0.0,0.0,0.0,0.0,2019-02-20
2,hru02,0.006,0.0,0.0,0.0,0.0,0.0,0.0,0.0,0.0,0.0,2019-02-20
3,hru03,0.006,0.0,0.0,0.0,0.0,0.0,0.0,0.0,0.0,0.0,2019-02-20
4,hru04,0.006,0.0,0.0,0.0,0.0,0.0,0.0,0.0,0.0,0.0,2019-02-20
5,hru05,0.006,0.0,0.0,0.0,0.0,0.0,0.0,0.0,0.0,0.0,2019-02-20
6,hru06,0.006,0.0,0.0,0.0,0.0,0.0,0.0,0.0,0.0,0.0,2019-02-20
7,hru07,0.007,0.0,0.0,0.0,0.0,0.0,0.0,0.0,0.0,0.0,2019-02-20
8,hru08,0.006,0.0,0.0,0.0,0.0,0.0,0.0,0.0,0.0,0.0,2019-02-20
9,hru09,0.006,0.0,0.0,0.0,0.0,0.0,0.0,0.0,0.0,0.0,2019-02-20
10,hru10,0.006,0.0,0.0,0.0,0.0,0.0,0.0,0.0,0.0,0.0,2019-02-20
11,hru11,0.006,0.0,0.0,0.0,0.0,0.0,0.0,0.0,0.0,0.0,2019-02-20
12,hru12,0.007,0.0,0.0,0.0,0.0,0.0,0.0,0.0,0.0,0.0,2019-02-20
13,hru13,0.007,0.0,0.0,0.0,0.0,0.0,0.0,0.0,0.0,0.0,2019-02-20
14,hru14,0.007,0.0,0.0,0.0,0.0,0.0,0.0,0.0,0.0,0.0,2019-02-20
15,hru15,0.007,0.0,0.0,0.0,0.0,0.0,0.0,0.0,0.0,0.0,2019-02-20
16,hru16,0.007,0.0,0.0,0.0,0.0,0.0,0.0,0.0,0.0,0.0,2019-02-20
17,hru17,0.007,0.0,0.0,0.0,0.0,0.0,0.0,0.0,0.0,0.0,2019-02-20
18,hru18,0.007,0.0,0.0,0.0,0.0,0.0,0.0,0.0,0.0,0.0,2019-02-20
19,hru19,0.007,0.0,0.0,0.0,0.0,0.0,0.0,0.0,0.0,0.0,2019-02-20
20,hru20,0.007,0.0,0.0,0.0,0.0,0.0,0.0,0.0,0.0,0.0,2019-02-20
21,hru21,0.007,0.0,0.0,0.0,0.0,0.0,0.0,0.0,0.0,0.0,2019-02-20
22,hru22,0.007,0.0,0.0,0.0,0.0,0.0,0.0,0.0,0.0,0.0,2019-02-20
23,hru23,0.007,0.0,0.0,0.0,0.0,0.0,0.0,0.0,0.0,0.0,2019-02-20
24,hru24,0.007,0.0,0.0,0.0,0.0,0.0,0.0,0.0,0.0,0.0,2019-02-20
25,hru25,0.007,0.0,0.0,0.0,0.0,0.0,0.0,0.0,0.0,0.0,2019-02-20
26,hru26,0.007,0.0,0.0,0.0,0.0,0.0,0.0,0.0,0.0,0.0,2019-02-20
27,hru27,0.007,0.0,0.0,0.0,0.0,0.0,0.0,0.0,0.0,0.0,2019-02-20
28,hru28,0.006,0.0,0.0,0.0,0.0,0.0,0.0,0.0,0.0,0.0,2019-02-20
29,hru29,0.007,0.0,0.0,0.0,0.0,0.0,0.0,0.0,0.0,0.0,2019-02-20
30,hru30,0.006,0.0,0.0,0.0,0.0,0.0,0.0,0.0,0.0,0.0,2019-02-20
31,hru31,0.006,0.0,0.0,0.0,0.0,0.0,0.0,0.0,0.0,0.0,2019-02-20
32,hru32,0.007,0.0,0.0,0.0,0.0,0.0,0.0,0.0,0.0,0.0,2019-02-20
33,hru33,0.006,0.0,0.0,0.0,0.0,0.0,0.0,0.0,0.0,0.0,2019-02-20
34,hru34,0.006,0.0,0.0,0.0,0.0,0.0,0.0,0.0,0.0,0.0,2019-02-20
35,hru35,0.006,0.0,0.0,0.0,0.0,0.0,0.0,0.0,0.0,0.0,2019-02-20
36,hru36,0.006,0.0,0.0,0.0,0.0,0.0,0.0,0.0,0.0,0.0,2019-02-20
1,hru01,0.006,0.0,0.0,0.0,0.0,0.0,0.0,0.0,0.0,0.0,2019-02-21
2,hru02,0.006,0.0,0.0,0.0,0.0,0.0,0.0,0.0,0.0,0.0,2019-02-21
3,hru03,0.006,0.0,0.0,0.0,0.0,0.0,0.0,0.0,0.0,0.0,2019-02-21
4,hru04,0.006,0.0,0.0,0.0,0.0,0.0,0.0,0.0,0.0,0.0,2019-02-21
5,hru05,0.006,0.0,0.0,0.0,0.0,0.0,0.0,0.0,0.0,0.0,2019-02-21
6,hru06,0.006,0.0,0.0,0.0,0.0,0.0,0.0,0.0,0.0,0.0,2019-02-21
7,hru07,0.007,0.0,0.0,0.0,0.0,0.0,0.0,0.0,0.0,0.0,2019-02-21
8,hru08,0.006,0.0,0.0,0.0,0.0,0.0,0.0,0.0,0.0,0.0,2019-02-21
9,hru09,0.006,0.0,0.0,0.0,0.0,0.0,0.0,0.0,0.0,0.0,2019-02-21
10,hru10,0.006,0.0,0.0,0.0,0.0,0.0,0.0,0.0,0.0,0.0,2019-02-21
11,hru11,0.006,0.0,0.0,0.0,0.0,0.0,0.0,0.0,0.0,0.0,2019-02-21
12,hru12,0.007,0.0,0.0,0.0,0.0,0.0,0.0,0.0,0.0,0.0,2019-02-21
13,hru13,0.007,0.0,0.0,0.0,0.0,0.0,0.0,0.0,0.0,0.0,2019-02-21
14,hru14,0.007,0.0,0.0,0.0,0.0,0.0,0.0,0.0,0.0,0.0,2019-02-21
15,hru15,0.007,0.0,0.0,0.0,0.0,0.0,0.0,0.0,0.0,0.0,2019-02-21
16,hru16,0.007,0.0,0.0,0.0,0.0,0.0,0.0,0.0,0.0,0.0,2019-02-21
17,hru17,0.007,0.0,0.0,0.0,0.0,0.0,0.0,0.0,0.0,0.0,2019-02-21
18,hru18,0.007,0.0,0.0,0.0,0.0,0.0,0.0,0.0,0.0,0.0,2019-02-21
19,hru19,0.007,0.0,0.0,0.0,0.0,0.0,0.0,0.0,0.0,0.0,2019-02-21
20,hru20,0.007,0.0,0.0,0.0,0.0,0.0,0.0,0.0,0.0,0.0,2019-02-21
21,hru21,0.007,0.0,0.0,0.0,0.0,0.0,0.0,0.0,0.0,0.0,2019-02-21
22,hru22,0.007,0.0,0.0,0.0,0.0,0.0,0.0,0.0,0.0,0.0,2019-02-21
23,hru23,0.007,0.0,0.0,0.0,0.0,0.0,0.0,0.0,0.0,0.0,2019-02-21
24,hru24,0.007,0.0,0.0,0.0,0.0,0.0,0.0,0.0,0.0,0.0,2019-02-21
25,hru25,0.007,0.0,0.0,0.0,0.0,0.0,0.0,0.0,0.0,0.0,2019-02-21
26,hru26,0.007,0.0,0.0,0.0,0.0,0.0,0.0,0.0,0.0,0.0,2019-02-21
27,hru27,0.007,0.0,0.0,0.0,0.0,0.0,0.0,0.0,0.0,0.0,2019-02-21
28,hru28,0.006,0.0,0.0,0.0,0.0,0.0,0.0,0.0,0.0,0.0,2019-02-21
29,hru29,0.007,0.0,0.0,0.0,0.0,0.0,0.0,0.0,0.0,0.0,2019-02-21
30,hru30,0.006,0.0,0.0,0.0,0.0,0.0,0.0,0.0,0.0,0.0,2019-02-21
31,hru31,0.006,0.0,0.0,0.0,0.0,0.0,0.0,0.0,0.0,0.0,2019-02-21
32,hru32,0.007,0.0,0.0,0.0,0.0,0.0,0.0,0.0,0.0,0.0,2019-02-21
33,hru33,0.006,0.0,0.0,0.0,0.0,0.0,0.0,0.0,0.0,0.0,2019-02-21
34,hru34,0.006,0.0,0.0,0.0,0.0,0.0,0.0,0.0,0.0,0.0,2019-02-21
35,hru35,0.006,0.0,0.0,0.0,0.0,0.0,0.0,0.0,0.0,0.0,2019-02-21
36,hru36,0.006,0.0,0.0,0.0,0.0,0.0,0.0,0.0,0.0,0.0,2019-02-21
1,hru01,0.006,0.0,0.0,0.0,0.0,0.0,0.0,0.0,0.0,0.0,2019-02-22
2,hru02,0.006,0.0,0.0,0.0,0.0,0.0,0.0,0.0,0.0,0.0,2019-02-22
3,hru03,0.006,0.0,0.0,0.0,0.0,0.0,0.0,0.0,0.0,0.0,2019-02-22
4,hru04,0.006,0.0,0.0,0.0,0.0,0.0,0.0,0.0,0.0,0.0,2019-02-22
5,hru05,0.006,0.0,0.0,0.0,0.0,0.0,0.0,0.0,0.0,0.0,2019-02-22
6,hru06,0.006,0.0,0.0,0.0,0.0,0.0,0.0,0.0,0.0,0.0,2019-02-22
7,hru07,0.007,0.0,0.0,0.0,0.0,0.0,0.0,0.0,0.0,0.0,2019-02-22
8,hru08,0.006,0.0,0.0,0.0,0.0,0.0,0.0,0.0,0.0,0.0,2019-02-22
9,hru09,0.006,0.0,0.0,0.0,0.0,0.0,0.0,0.0,0.0,0.0,2019-02-22
10,hru10,0.006,0.0,0.0,0.0,0.0,0.0,0.0,0.0,0.0,0.0,2019-02-22
11,hru11,0.006,0.0,0.0,0.0,0.0,0.0,0.0,0.0,0.0,0.0,2019-02-22
12,hru12,0.007,0.0,0.0,0.0,0.0,0.0,0.0,0.0,0.0,0.0,2019-02-22
13,hru13,0.007,0.0,0.0,0.0,0.0,0.0,0.0,0.0,0.0,0.0,2019-02-22
14,hru14,0.007,0.0,0.0,0.0,0.0,0.0,0.0,0.0,0.0,0.0,2019-02-22
15,hru15,0.007,0.0,0.0,0.0,0.0,0.0,0.0,0.0,0.0,0.0,2019-02-22
16,hru16,0.007,0.0,0.0,0.0,0.0,0.0,0.0,0.0,0.0,0.0,2019-02-22
17,hru17,0.007,0.0,0.0,0.0,0.0,0.0,0.0,0.0,0.0,0.0,2019-02-22
18,hru18,0.007,0.0,0.0,0.0,0.0,0.0,0.0,0.0,0.0,0.0,2019-02-22
19,hru19,0.007,0.0,0.0,0.0,0.0,0.0,0.0,0.0,0.0,0.0,2019-02-22
20,hru20,0.007,0.0,0.0,0.0,0.0,0.0,0.0,0.0,0.0,0.0,2019-02-22
21,hru21,0.007,0.0,0.0,0.0,0.0,0.0,0.0,0.0,0.0,0.0,2019-02-22
22,hru22,0.007,0.0,0.0,0.0,0.0,0.0,0.0,0.0,0.0,0.0,2019-02-22
23,hru23,0.007,0.0,0.0,0.0,0.0,0.0,0.0,0.0,0.0,0.0,2019-02-22
24,hru24,0.007,0.0,0.0,0.0,0.0,0.0,0.0,0.0,0.0,0.0,2019-02-22
25,hru25,0.007,0.0,0.0,0.0,0.0,0.0,0.0,0.0,0.0,0.0,2019-02-22
26,hru26,0.007,0.0,0.0,0.0,0.0,0.0,0.0,0.0,0.0,0.0,2019-02-22
27,hru27,0.007,0.0,0.0,0.0,0.0,0.0,0.0,0.0,0.0,0.0,2019-02-22
28,hru28,0.006,0.0,0.0,0.0,0.0,0.0,0.0,0.0,0.0,0.0,2019-02-22
29,hru29,0.007,0.0,0.0,0.0,0.0,0.0,0.0,0.0,0.0,0.0,2019-02-22
30,hru30,0.006,0.0,0.0,0.0,0.0,0.0,0.0,0.0,0.0,0.0,2019-02-22
31,hru31,0.006,0.0,0.0,0.0,0.0,0.0,0.0,0.0,0.0,0.0,2019-02-22
32,hru32,0.007,0.0,0.0,0.0,0.0,0.0,0.0,0.0,0.0,0.0,2019-02-22
33,hru33,0.006,0.0,0.0,0.0,0.0,0.0,0.0,0.0,0.0,0.0,2019-02-22
34,hru34,0.006,0.0,0.0,0.0,0.0,0.0,0.0,0.0,0.0,0.0,2019-02-22
35,hru35,0.006,0.0,0.0,0.0,0.0,0.0,0.0,0.0,0.0,0.0,2019-02-22
36,hru36,0.006,0.0,0.0,0.0,0.0,0.0,0.0,0.0,0.0,0.0,2019-02-22
1,hru01,0.006,0.0,0.0,0.0,0.0,0.0,0.0,0.0,0.0,0.0,2019-02-23
2,hru02,0.006,0.0,0.0,0.0,0.0,0.0,0.0,0.0,0.0,0.0,2019-02-23
3,hru03,0.006,0.0,0.0,0.0,0.0,0.0,0.0,0.0,0.0,0.0,2019-02-23
4,hru04,0.006,0.0,0.0,0.0,0.0,0.0,0.0,0.0,0.0,0.0,2019-02-23
5,hru05,0.006,0.0,0.0,0.0,0.0,0.0,0.0,0.0,0.0,0.0,2019-02-23
6,hru06,0.006,0.0,0.0,0.0,0.0,0.0,0.0,0.0,0.0,0.0,2019-02-23
7,hru07,0.007,0.0,0.0,0.0,0.0,0.0,0.0,0.0,0.0,0.0,2019-02-23
8,hru08,0.006,0.0,0.0,0.0,0.0,0.0,0.0,0.0,0.0,0.0,2019-02-23
9,hru09,0.006,0.0,0.0,0.0,0.0,0.0,0.0,0.0,0.0,0.0,2019-02-23
10,hru10,0.006,0.0,0.0,0.0,0.0,0.0,0.0,0.0,0.0,0.0,2019-02-23
11,hru11,0.006,0.0,0.0,0.0,0.0,0.0,0.0,0.0,0.0,0.0,2019-02-23
12,hru12,0.007,0.0,0.0,0.0,0.0,0.0,0.0,0.0,0.0,0.0,2019-02-23
13,hru13,0.007,0.0,0.0,0.0,0.0,0.0,0.0,0.0,0.0,0.0,2019-02-23
14,hru14,0.007,0.0,0.0,0.0,0.0,0.0,0.0,0.0,0.0,0.0,2019-02-23
15,hru15,0.007,0.0,0.0,0.0,0.0,0.0,0.0,0.0,0.0,0.0,2019-02-23
16,hru16,0.007,0.0,0.0,0.0,0.0,0.0,0.0,0.0,0.0,0.0,2019-02-23
17,hru17,0.007,0.0,0.0,0.0,0.0,0.0,0.0,0.0,0.0,0.0,2019-02-23
18,hru18,0.007,0.0,0.0,0.0,0.0,0.0,0.0,0.0,0.0,0.0,2019-02-23
19,hru19,0.007,0.0,0.0,0.0,0.0,0.0,0.0,0.0,0.0,0.0,2019-02-23
20,hru20,0.007,0.0,0.0,0.0,0.0,0.0,0.0,0.0,0.0,0.0,2019-02-23
21,hru21,0.007,0.0,0.0,0.0,0.0,0.0,0.0,0.0,0.0,0.0,2019-02-23
22,hru22,0.007,0.0,0.0,0.0,0.0,0.0,0.0,0.0,0.0,0.0,2019-02-23
23,hru23,0.007,0.0,0.0,0.0,0.0,0.0,0.0,0.0,0.0,0.0,2019-02-23
24,hru24,0.007,0.0,0.0,0.0,0.0,0.0,0.0,0.0,0.0,0.0,2019-02-23
25,hru25,0.007,0.0,0.0,0.0,0.0,0.0,0.0,0.0,0.0,0.0,2019-02-23
26,hru26,0.007,0.0,0.0,0.0,0.0,0.0,0.0,0.0,0.0,0.0,2019-02-23
27,hru27,0.007,0.0,0.0,0.0,0.0,0.0,0.0,0.0,0.0,0.0,2019-02-23
28,hru28,0.006,0.0,0.0,0.0,0.0,0.0,0.0,0.0,0.0,0.0,2019-02-23
29,hru29,0.007,0.0,0.0,0.0,0.0,0.0,0.0,0.0,0.0,0.0,2019-02-23
30,hru30,0.006,0.0,0.0,0.0,0.0,0.0,0.0,0.0,0.0,0.0,2019-02-23
31,hru31,0.006,0.0,0.0,0.0,0.0,0.0,0.0,0.0,0.0,0.0,2019-02-23
32,hru32,0.007,0.0,0.0,0.0,0.0,0.0,0.0,0.0,0.0,0.0,2019-02-23
33,hru33,0.006,0.0,0.0,0.0,0.0,0.0,0.0,0.0,0.0,0.0,2019-02-23
34,hru34,0.006,0.0,0.0,0.0,0.0,0.0,0.0,0.0,0.0,0.0,2019-02-23
35,hru35,0.006,0.0,0.0,0.0,0.0,0.0,0.0,0.0,0.0,0.0,2019-02-23
36,hru36,0.006,0.0,0.0,0.0,0.0,0.0,0.0,0.0,0.0,0.0,2019-02-23
1,hru01,0.006,0.0,0.0,0.0,0.0,0.0,0.0,0.0,0.0,0.0,2019-02-24
2,hru02,0.006,0.0,0.0,0.0,0.0,0.0,0.0,0.0,0.0,0.0,2019-02-24
3,hru03,0.006,0.0,0.0,0.0,0.0,0.0,0.0,0.0,0.0,0.0,2019-02-24
4,hru04,0.006,0.0,0.0,0.0,0.0,0.0,0.0,0.0,0.0,0.0,2019-02-24
5,hru05,0.006,0.0,0.0,0.0,0.0,0.0,0.0,0.0,0.0,0.0,2019-02-24
6,hru06,0.006,0.0,0.0,0.0,0.0,0.0,0.0,0.0,0.0,0.0,2019-02-24
7,hru07,0.007,0.0,0.0,0.0,0.0,0.0,0.0,0.0,0.0,0.0,2019-02-24
8,hru08,0.006,0.0,0.0,0.0,0.0,0.0,0.0,0.0,0.0,0.0,2019-02-24
9,hru09,0.006,0.0,0.0,0.0,0.0,0.0,0.0,0.0,0.0,0.0,2019-02-24
10,hru10,0.006,0.0,0.0,0.0,0.0,0.0,0.0,0.0,0.0,0.0,2019-02-24
11,hru11,0.006,0.0,0.0,0.0,0.0,0.0,0.0,0.0,0.0,0.0,2019-02-24
12,hru12,0.007,0.0,0.0,0.0,0.0,0.0,0.0,0.0,0.0,0.0,2019-02-24
13,hru13,0.007,0.0,0.0,0.0,0.0,0.0,0.0,0.0,0.0,0.0,2019-02-24
14,hru14,0.007,0.0,0.0,0.0,0.0,0.0,0.0,0.0,0.0,0.0,2019-02-24
15,hru15,0.007,0.0,0.0,0.0,0.0,0.0,0.0,0.0,0.0,0.0,2019-02-24
16,hru16,0.007,0.0,0.0,0.0,0.0,0.0,0.0,0.0,0.0,0.0,2019-02-24
17,hru17,0.007,0.0,0.0,0.0,0.0,0.0,0.0,0.0,0.0,0.0,2019-02-24
18,hru18,0.007,0.0,0.0,0.0,0.0,0.0,0.0,0.0,0.0,0.0,2019-02-24
19,hru19,0.007,0.0,0.0,0.0,0.0,0.0,0.0,0.0,0.0,0.0,2019-02-24
20,hru20,0.007,0.0,0.0,0.0,0.0,0.0,0.0,0.0,0.0,0.0,2019-02-24
21,hru21,0.007,0.0,0.0,0.0,0.0,0.0,0.0,0.0,0.0,0.0,2019-02-24
22,hru22,0.007,0.0,0.0,0.0,0.0,0.0,0.0,0.0,0.0,0.0,2019-02-24
23,hru23,0.007,0.0,0.0,0.0,0.0,0.0,0.0,0.0,0.0,0.0,2019-02-24
24,hru24,0.007,0.0,0.0,0.0,0.0,0.0,0.0,0.0,0.0,0.0,2019-02-24
25,hru25,0.007,0.0,0.0,0.0,0.0,0.0,0.0,0.0,0.0,0.0,2019-02-24
26,hru26,0.007,0.0,0.0,0.0,0.0,0.0,0.0,0.0,0.0,0.0,2019-02-24
27,hru27,0.007,0.0,0.0,0.0,0.0,0.0,0.0,0.0,0.0,0.0,2019-02-24
28,hru28,0.006,0.0,0.0,0.0,0.0,0.0,0.0,0.0,0.0,0.0,2019-02-24
29,hru29,0.007,0.0,0.0,0.0,0.0,0.0,0.0,0.0,0.0,0.0,2019-02-24
30,hru30,0.006,0.0,0.0,0.0,0.0,0.0,0.0,0.0,0.0,0.0,2019-02-24
31,hru31,0.006,0.0,0.0,0.0,0.0,0.0,0.0,0.0,0.0,0.0,2019-02-24
32,hru32,0.007,0.0,0.0,0.0,0.0,0.0,0.0,0.0,0.0,0.0,2019-02-24
33,hru33,0.006,0.0,0.0,0.0,0.0,0.0,0.0,0.0,0.0,0.0,2019-02-24
34,hru34,0.006,0.0,0.0,0.0,0.0,0.0,0.0,0.0,0.0,0.0,2019-02-24
35,hru35,0.006,0.0,0.0,0.0,0.0,0.0,0.0,0.0,0.0,0.0,2019-02-24
36,hru36,0.006,0.0,0.0,0.0,0.0,0.0,0.0,0.0,0.0,0.0,2019-02-24
1,hru01,0.006,0.0,0.0,0.0,0.0,0.0,0.0,0.0,0.0,0.0,2019-02-25
2,hru02,0.006,0.0,0.0,0.0,0.0,0.0,0.0,0.0,0.0,0.0,2019-02-25
3,hru03,0.006,0.0,0.0,0.0,0.0,0.0,0.0,0.0,0.0,0.0,2019-02-25
4,hru04,0.006,0.0,0.0,0.0,0.0,0.0,0.0,0.0,0.0,0.0,2019-02-25
5,hru05,0.006,0.0,0.0,0.0,0.0,0.0,0.0,0.0,0.0,0.0,2019-02-25
6,hru06,0.006,0.0,0.0,0.0,0.0,0.0,0.0,0.0,0.0,0.0,2019-02-25
7,hru07,0.007,0.0,0.0,0.0,0.0,0.0,0.0,0.0,0.0,0.0,2019-02-25
8,hru08,0.006,0.0,0.0,0.0,0.0,0.0,0.0,0.0,0.0,0.0,2019-02-25
9,hru09,0.006,0.0,0.0,0.0,0.0,0.0,0.0,0.0,0.0,0.0,2019-02-25
10,hru10,0.006,0.0,0.0,0.0,0.0,0.0,0.0,0.0,0.0,0.0,2019-02-25
11,hru11,0.006,0.0,0.0,0.0,0.0,0.0,0.0,0.0,0.0,0.0,2019-02-25
12,hru12,0.007,0.0,0.0,0.0,0.0,0.0,0.0,0.0,0.0,0.0,2019-02-25
13,hru13,0.007,0.0,0.0,0.0,0.0,0.0,0.0,0.0,0.0,0.0,2019-02-25
14,hru14,0.007,0.0,0.0,0.0,0.0,0.0,0.0,0.0,0.0,0.0,2019-02-25
15,hru15,0.007,0.0,0.0,0.0,0.0,0.0,0.0,0.0,0.0,0.0,2019-02-25
16,hru16,0.007,0.0,0.0,0.0,0.0,0.0,0.0,0.0,0.0,0.0,2019-02-25
17,hru17,0.007,0.0,0.0,0.0,0.0,0.0,0.0,0.0,0.0,0.0,2019-02-25
18,hru18,0.007,0.0,0.0,0.0,0.0,0.0,0.0,0.0,0.0,0.0,2019-02-25
19,hru19,0.007,0.0,0.0,0.0,0.0,0.0,0.0,0.0,0.0,0.0,2019-02-25
20,hru20,0.007,0.0,0.0,0.0,0.0,0.0,0.0,0.0,0.0,0.0,2019-02-25
21,hru21,0.007,0.0,0.0,0.0,0.0,0.0,0.0,0.0,0.0,0.0,2019-02-25
22,hru22,0.007,0.0,0.0,0.0,0.0,0.0,0.0,0.0,0.0,0.0,2019-02-25
23,hru23,0.007,0.0,0.0,0.0,0.0,0.0,0.0,0.0,0.0,0.0,2019-02-25
24,hru24,0.007,0.0,0.0,0.0,0.0,0.0,0.0,0.0,0.0,0.0,2019-02-25
25,hru25,0.007,0.0,0.0,0.0,0.0,0.0,0.0,0.0,0.0,0.0,2019-02-25
26,hru26,0.007,0.0,0.0,0.0,0.0,0.0,0.0,0.0,0.0,0.0,2019-02-25
27,hru27,0.007,0.0,0.0,0.0,0.0,0.0,0.0,0.0,0.0,0.0,2019-02-25
28,hru28,0.006,0.0,0.0,0.0,0.0,0.0,0.0,0.0,0.0,0.0,2019-02-25
29,hru29,0.007,0.0,0.0,0.0,0.0,0.0,0.0,0.0,0.0,0.0,2019-02-25
30,hru30,0.006,0.0,0.0,0.0,0.0,0.0,0.0,0.0,0.0,0.0,2019-02-25
31,hru31,0.006,0.0,0.0,0.0,0.0,0.0,0.0,0.0,0.0,0.0,2019-02-25
32,hru32,0.007,0.0,0.0,0.0,0.0,0.0,0.0,0.0,0.0,0.0,2019-02-25
33,hru33,0.006,0.0,0.0,0.0,0.0,0.0,0.0,0.0,0.0,0.0,2019-02-25
34,hru34,0.006,0.0,0.0,0.0,0.0,0.0,0.0,0.0,0.0,0.0,2019-02-25
35,hru35,0.006,0.0,0.0,0.0,0.0,0.0,0.0,0.0,0.0,0.0,2019-02-25
36,hru36,0.006,0.0,0.0,0.0,0.0,0.0,0.0,0.0,0.0,0.0,2019-02-25
1,hru01,0.006,0.0,0.0,0.0,0.0,0.0,0.0,0.0,0.0,0.0,2019-02-26
2,hru02,0.006,0.0,0.0,0.0,0.0,0.0,0.0,0.0,0.0,0.0,2019-02-26
3,hru03,0.006,0.0,0.0,0.0,0.0,0.0,0.0,0.0,0.0,0.0,2019-02-26
4,hru04,0.006,0.0,0.0,0.0,0.0,0.0,0.0,0.0,0.0,0.0,2019-02-26
5,hru05,0.006,0.0,0.0,0.0,0.0,0.0,0.0,0.0,0.0,0.0,2019-02-26
6,hru06,0.006,0.0,0.0,0.0,0.0,0.0,0.0,0.0,0.0,0.0,2019-02-26
7,hru07,0.007,0.0,0.0,0.0,0.0,0.0,0.0,0.0,0.0,0.0,2019-02-26
8,hru08,0.006,0.0,0.0,0.0,0.0,0.0,0.0,0.0,0.0,0.0,2019-02-26
9,hru09,0.006,0.0,0.0,0.0,0.0,0.0,0.0,0.0,0.0,0.0,2019-02-26
10,hru10,0.006,0.0,0.0,0.0,0.0,0.0,0.0,0.0,0.0,0.0,2019-02-26
11,hru11,0.006,0.0,0.0,0.0,0.0,0.0,0.0,0.0,0.0,0.0,2019-02-26
12,hru12,0.007,0.0,0.0,0.0,0.0,0.0,0.0,0.0,0.0,0.0,2019-02-26
13,hru13,0.007,0.0,0.0,0.0,0.0,0.0,0.0,0.0,0.0,0.0,2019-02-26
14,hru14,0.007,0.0,0.0,0.0,0.0,0.0,0.0,0.0,0.0,0.0,2019-02-26
15,hru15,0.007,0.0,0.0,0.0,0.0,0.0,0.0,0.0,0.0,0.0,2019-02-26
16,hru16,0.007,0.0,0.0,0.0,0.0,0.0,0.0,0.0,0.0,0.0,2019-02-26
17,hru17,0.007,0.0,0.0,0.0,0.0,0.0,0.0,0.0,0.0,0.0,2019-02-26
18,hru18,0.007,0.0,0.0,0.0,0.0,0.0,0.0,0.0,0.0,0.0,2019-02-26
19,hru19,0.007,0.0,0.0,0.0,0.0,0.0,0.0,0.0,0.0,0.0,2019-02-26
20,hru20,0.007,0.0,0.0,0.0,0.0,0.0,0.0,0.0,0.0,0.0,2019-02-26
21,hru21,0.007,0.0,0.0,0.0,0.0,0.0,0.0,0.0,0.0,0.0,2019-02-26
22,hru22,0.007,0.0,0.0,0.0,0.0,0.0,0.0,0.0,0.0,0.0,2019-02-26
23,hru23,0.007,0.0,0.0,0.0,0.0,0.0,0.0,0.0,0.0,0.0,2019-02-26
24,hru24,0.007,0.0,0.0,0.0,0.0,0.0,0.0,0.0,0.0,0.0,2019-02-26
25,hru25,0.007,0.0,0.0,0.0,0.0,0.0,0.0,0.0,0.0,0.0,2019-02-26
26,hru26,0.007,0.0,0.0,0.0,0.0,0.0,0.0,0.0,0.0,0.0,2019-02-26
27,hru27,0.007,0.0,0.0,0.0,0.0,0.0,0.0,0.0,0.0,0.0,2019-02-26
28,hru28,0.006,0.0,0.0,0.0,0.0,0.0,0.0,0.0,0.0,0.0,2019-02-26
29,hru29,0.007,0.0,0.0,0.0,0.0,0.0,0.0,0.0,0.0,0.0,2019-02-26
30,hru30,0.006,0.0,0.0,0.0,0.0,0.0,0.0,0.0,0.0,0.0,2019-02-26
31,hru31,0.006,0.0,0.0,0.0,0.0,0.0,0.0,0.0,0.0,0.0,2019-02-26
32,hru32,0.007,0.0,0.0,0.0,0.0,0.0,0.0,0.0,0.0,0.0,2019-02-26
33,hru33,0.006,0.0,0.0,0.0,0.0,0.0,0.0,0.0,0.0,0.0,2019-02-26
34,hru34,0.006,0.0,0.0,0.0,0.0,0.0,0.0,0.0,0.0,0.0,2019-02-26
35,hru35,0.006,0.0,0.0,0.0,0.0,0.0,0.0,0.0,0.0,0.0,2019-02-26
36,hru36,0.006,0.0,0.0,0.0,0.0,0.0,0.0,0.0,0.0,0.0,2019-02-26
1,hru01,0.006,0.0,0.0,0.0,0.0,0.0,0.0,0.0,0.0,0.0,2019-02-27
2,hru02,0.006,0.0,0.0,0.0,0.0,0.0,0.0,0.0,0.0,0.0,2019-02-27
3,hru03,0.006,0.0,0.0,0.0,0.0,0.0,0.0,0.0,0.0,0.0,2019-02-27
4,hru04,0.006,0.0,0.0,0.0,0.0,0.0,0.0,0.0,0.0,0.0,2019-02-27
5,hru05,0.006,0.0,0.0,0.0,0.0,0.0,0.0,0.0,0.0,0.0,2019-02-27
6,hru06,0.006,0.0,0.0,0.0,0.0,0.0,0.0,0.0,0.0,0.0,2019-02-27
7,hru07,0.007,0.0,0.0,0.0,0.0,0.0,0.0,0.0,0.0,0.0,2019-02-27
8,hru08,0.006,0.0,0.0,0.0,0.0,0.0,0.0,0.0,0.0,0.0,2019-02-27
9,hru09,0.006,0.0,0.0,0.0,0.0,0.0,0.0,0.0,0.0,0.0,2019-02-27
10,hru10,0.006,0.0,0.0,0.0,0.0,0.0,0.0,0.0,0.0,0.0,2019-02-27
11,hru11,0.006,0.0,0.0,0.0,0.0,0.0,0.0,0.0,0.0,0.0,2019-02-27
12,hru12,0.007,0.0,0.0,0.0,0.0,0.0,0.0,0.0,0.0,0.0,2019-02-27
13,hru13,0.007,0.0,0.0,0.0,0.0,0.0,0.0,0.0,0.0,0.0,2019-02-27
14,hru14,0.007,0.0,0.0,0.0,0.0,0.0,0.0,0.0,0.0,0.0,2019-02-27
15,hru15,0.007,0.0,0.0,0.0,0.0,0.0,0.0,0.0,0.0,0.0,2019-02-27
16,hru16,0.007,0.0,0.0,0.0,0.0,0.0,0.0,0.0,0.0,0.0,2019-02-27
17,hru17,0.007,0.0,0.0,0.0,0.0,0.0,0.0,0.0,0.0,0.0,2019-02-27
18,hru18,0.007,0.0,0.0,0.0,0.0,0.0,0.0,0.0,0.0,0.0,2019-02-27
19,hru19,0.007,0.0,0.0,0.0,0.0,0.0,0.0,0.0,0.0,0.0,2019-02-27
20,hru20,0.007,0.0,0.0,0.0,0.0,0.0,0.0,0.0,0.0,0.0,2019-02-27
21,hru21,0.007,0.0,0.0,0.0,0.0,0.0,0.0,0.0,0.0,0.0,2019-02-27
22,hru22,0.007,0.0,0.0,0.0,0.0,0.0,0.0,0.0,0.0,0.0,2019-02-27
23,hru23,0.007,0.0,0.0,0.0,0.0,0.0,0.0,0.0,0.0,0.0,2019-02-27
24,hru24,0.007,0.0,0.0,0.0,0.0,0.0,0.0,0.0,0.0,0.0,2019-02-27
25,hru25,0.007,0.0,0.0,0.0,0.0,0.0,0.0,0.0,0.0,0.0,2019-02-27
26,hru26,0.007,0.0,0.0,0.0,0.0,0.0,0.0,0.0,0.0,0.0,2019-02-27
27,hru27,0.007,0.0,0.0,0.0,0.0,0.0,0.0,0.0,0.0,0.0,2019-02-27
28,hru28,0.006,0.0,0.0,0.0,0.0,0.0,0.0,0.0,0.0,0.0,2019-02-27
29,hru29,0.007,0.0,0.0,0.0,0.0,0.0,0.0,0.0,0.0,0.0,2019-02-27
30,hru30,0.006,0.0,0.0,0.0,0.0,0.0,0.0,0.0,0.0,0.0,2019-02-27
31,hru31,0.006,0.0,0.0,0.0,0.0,0.0,0.0,0.0,0.0,0.0,2019-02-27
32,hru32,0.007,0.0,0.0,0.0,0.0,0.0,0.0,0.0,0.0,0.0,2019-02-27
33,hru33,0.006,0.0,0.0,0.0,0.0,0.0,0.0,0.0,0.0,0.0,2019-02-27
34,hru34,0.006,0.0,0.0,0.0,0.0,0.0,0.0,0.0,0.0,0.0,2019-02-27
35,hru35,0.006,0.0,0.0,0.0,0.0,0.0,0.0,0.0,0.0,0.0,2019-02-27
36,hru36,0.006,0.0,0.0,0.0,0.0,0.0,0.0,0.0,0.0,0.0,2019-02-27
1,hru01,0.006,0.0,0.0,0.0,0.0,0.0,0.0,0.0,0.0,0.0,2019-02-28
2,hru02,0.006,0.0,0.0,0.0,0.0,0.0,0.0,0.0,0.0,0.0,2019-02-28
3,hru03,0.006,0.0,0.0,0.0,0.0,0.0,0.0,0.0,0.0,0.0,2019-02-28
4,hru04,0.006,0.0,0.0,0.0,0.0,0.0,0.0,0.0,0.0,0.0,2019-02-28
5,hru05,0.006,0.0,0.0,0.0,0.0,0.0,0.0,0.0,0.0,0.0,2019-02-28
6,hru06,0.006,0.0,0.0,0.0,0.0,0.0,0.0,0.0,0.0,0.0,2019-02-28
7,hru07,0.007,0.0,0.0,0.0,0.0,0.0,0.0,0.0,0.0,0.0,2019-02-28
8,hru08,0.006,0.0,0.0,0.0,0.0,0.0,0.0,0.0,0.0,0.0,2019-02-28
9,hru09,0.006,0.0,0.0,0.0,0.0,0.0,0.0,0.0,0.0,0.0,2019-02-28
10,hru10,0.006,0.0,0.0,0.0,0.0,0.0,0.0,0.0,0.0,0.0,2019-02-28
11,hru11,0.006,0.0,0.0,0.0,0.0,0.0,0.0,0.0,0.0,0.0,2019-02-28
12,hru12,0.007,0.0,0.0,0.0,0.0,0.0,0.0,0.0,0.0,0.0,2019-02-28
13,hru13,0.007,0.0,0.0,0.0,0.0,0.0,0.0,0.0,0.0,0.0,2019-02-28
14,hru14,0.007,0.0,0.0,0.0,0.0,0.0,0.0,0.0,0.0,0.0,2019-02-28
15,hru15,0.007,0.0,0.0,0.0,0.0,0.0,0.0,0.0,0.0,0.0,2019-02-28
16,hru16,0.007,0.0,0.0,0.0,0.0,0.0,0.0,0.0,0.0,0.0,2019-02-28
17,hru17,0.007,0.0,0.0,0.0,0.0,0.0,0.0,0.0,0.0,0.0,2019-02-28
18,hru18,0.007,0.0,0.0,0.0,0.0,0.0,0.0,0.0,0.0,0.0,2019-02-28
19,hru19,0.007,0.0,0.0,0.0,0.0,0.0,0.0,0.0,0.0,0.0,2019-02-28
20,hru20,0.007,0.0,0.0,0.0,0.0,0.0,0.0,0.0,0.0,0.0,2019-02-28
21,hru21,0.007,0.0,0.0,0.0,0.0,0.0,0.0,0.0,0.0,0.0,2019-02-28
22,hru22,0.007,0.0,0.0,0.0,0.0,0.0,0.0,0.0,0.0,0.0,2019-02-28
23,hru23,0.007,0.0,0.0,0.0,0.0,0.0,0.0,0.0,0.0,0.0,2019-02-28
24,hru24,0.007,0.0,0.0,0.0,0.0,0.0,0.0,0.0,0.0,0.0,2019-02-28
25,hru25,0.007,0.0,0.0,0.0,0.0,0.0,0.0,0.0,0.0,0.0,2019-02-28
26,hru26,0.007,0.0,0.0,0.0,0.0,0.0,0.0,0.0,0.0,0.0,2019-02-28
27,hru27,0.007,0.0,0.0,0.0,0.0,0.0,0.0,0.0,0.0,0.0,2019-02-28
28,hru28,0.006,0.0,0.0,0.0,0.0,0.0,0.0,0.0,0.0,0.0,2019-02-28
29,hru29,0.007,0.0,0.0,0.0,0.0,0.0,0.0,0.0,0.0,0.0,2019-02-28
30,hru30,0.006,0.0,0.0,0.0,0.0,0.0,0.0,0.0,0.0,0.0,2019-02-28
31,hru31,0.006,0.0,0.0,0.0,0.0,0.0,0.0,0.0,0.0,0.0,2019-02-28
32,hru32,0.007,0.0,0.0,0.0,0.0,0.0,0.0,0.0,0.0,0.0,2019-02-28
33,hru33,0.006,0.0,0.0,0.0,0.0,0.0,0.0,0.0,0.0,0.0,2019-02-28
34,hru34,0.006,0.0,0.0,0.0,0.0,0.0,0.0,0.0,0.0,0.0,2019-02-28
35,hru35,0.006,0.0,0.0,0.0,0.0,0.0,0.0,0.0,0.0,0.0,2019-02-28
36,hru36,0.006,0.0,0.0,0.0,0.0,0.0,0.0,0.0,0.0,0.0,2019-02-28
1,hru01,0.006,0.0,0.0,0.0,0.0,0.0,0.0,0.0,0.0,0.0,2019-03-01
2,hru02,0.006,0.0,0.0,0.0,0.0,0.0,0.0,0.0,0.0,0.0,2019-03-01
3,hru03,0.006,0.0,0.0,0.0,0.0,0.0,0.0,0.0,0.0,0.0,2019-03-01
4,hru04,0.006,0.0,0.0,0.0,0.0,0.0,0.0,0.0,0.0,0.0,2019-03-01
5,hru05,0.006,0.0,0.0,0.0,0.0,0.0,0.0,0.0,0.0,0.0,2019-03-01
6,hru06,0.006,0.0,0.0,0.0,0.0,0.0,0.0,0.0,0.0,0.0,2019-03-01
7,hru07,0.007,0.0,0.0,0.0,0.0,0.0,0.0,0.0,0.0,0.0,2019-03-01
8,hru08,0.006,0.0,0.0,0.0,0.0,0.0,0.0,0.0,0.0,0.0,2019-03-01
9,hru09,0.006,0.0,0.0,0.0,0.0,0.0,0.0,0.0,0.0,0.0,2019-03-01
10,hru10,0.006,0.0,0.0,0.0,0.0,0.0,0.0,0.0,0.0,0.0,2019-03-01
11,hru11,0.006,0.0,0.0,0.0,0.0,0.0,0.0,0.0,0.0,0.0,2019-03-01
12,hru12,0.007,0.0,0.0,0.0,0.0,0.0,0.0,0.0,0.0,0.0,2019-03-01
13,hru13,0.007,0.0,0.0,0.0,0.0,0.0,0.0,0.0,0.0,0.0,2019-03-01
14,hru14,0.007,0.0,0.0,0.0,0.0,0.0,0.0,0.0,0.0,0.0,2019-03-01
15,hru15,0.007,0.0,0.0,0.0,0.0,0.0,0.0,0.0,0.0,0.0,2019-03-01
16,hru16,0.007,0.0,0.0,0.0,0.0,0.0,0.0,0.0,0.0,0.0,2019-03-01
17,hru17,0.007,0.0,0.0,0.0,0.0,0.0,0.0,0.0,0.0,0.0,2019-03-01
18,hru18,0.007,0.0,0.0,0.0,0.0,0.0,0.0,0.0,0.0,0.0,2019-03-01
19,hru19,0.007,0.0,0.0,0.0,0.0,0.0,0.0,0.0,0.0,0.0,2019-03-01
20,hru20,0.007,0.0,0.0,0.0,0.0,0.0,0.0,0.0,0.0,0.0,2019-03-01
21,hru21,0.007,0.0,0.0,0.0,0.0,0.0,0.0,0.0,0.0,0.0,2019-03-01
22,hru22,0.007,0.0,0.0,0.0,0.0,0.0,0.0,0.0,0.0,0.0,2019-03-01
23,hru23,0.007,0.0,0.0,0.0,0.0,0.0,0.0,0.0,0.0,0.0,2019-03-01
24,hru24,0.007,0.0,0.0,0.0,0.0,0.0,0.0,0.0,0.0,0.0,2019-03-01
25,hru25,0.007,0.0,0.0,0.0,0.0,0.0,0.0,0.0,0.0,0.0,2019-03-01
26,hru26,0.007,0.0,0.0,0.0,0.0,0.0,0.0,0.0,0.0,0.0,2019-03-01
27,hru27,0.007,0.0,0.0,0.0,0.0,0.0,0.0,0.0,0.0,0.0,2019-03-01
28,hru28,0.006,0.0,0.0,0.0,0.0,0.0,0.0,0.0,0.0,0.0,2019-03-01
29,hru29,0.007,0.0,0.0,0.0,0.0,0.0,0.0,0.0,0.0,0.0,2019-03-01
30,hru30,0.006,0.0,0.0,0.0,0.0,0.0,0.0,0.0,0.0,0.0,2019-03-01
31,hru31,0.006,0.0,0.0,0.0,0.0,0.0,0.0,0.0,0.0,0.0,2019-03-01
32,hru32,0.007,0.0,0.0,0.0,0.0,0.0,0.0,0.0,0.0,0.0,2019-03-01
33,hru33,0.006,0.0,0.0,0.0,0.0,0.0,0.0,0.0,0.0,0.0,2019-03-01
34,hru34,0.006,0.0,0.0,0.0,0.0,0.0,0.0,0.0,0.0,0.0,2019-03-01
35,hru35,0.006,0.0,0.0,0.0,0.0,0.0,0.0,0.0,0.0,0.0,2019-03-01
36,hru36,0.006,0.0,0.0,0.0,0.0,0.0,0.0,0.0,0.0,0.0,2019-03-01
1,hru01,0.006,0.0,0.0,0.0,0.0,0.0,0.0,0.0,0.0,0.0,2019-03-02
2,hru02,0.006,0.0,0.0,0.0,0.0,0.0,0.0,0.0,0.0,0.0,2019-03-02
3,hru03,0.006,0.0,0.0,0.0,0.0,0.0,0.0,0.0,0.0,0.0,2019-03-02
4,hru04,0.006,0.0,0.0,0.0,0.0,0.0,0.0,0.0,0.0,0.0,2019-03-02
5,hru05,0.006,0.0,0.0,0.0,0.0,0.0,0.0,0.0,0.0,0.0,2019-03-02
6,hru06,0.006,0.0,0.0,0.0,0.0,0.0,0.0,0.0,0.0,0.0,2019-03-02
7,hru07,0.007,0.0,0.0,0.0,0.0,0.0,0.0,0.0,0.0,0.0,2019-03-02
8,hru08,0.006,0.0,0.0,0.0,0.0,0.0,0.0,0.0,0.0,0.0,2019-03-02
9,hru09,0.006,0.0,0.0,0.0,0.0,0.0,0.0,0.0,0.0,0.0,2019-03-02
10,hru10,0.006,0.0,0.0,0.0,0.0,0.0,0.0,0.0,0.0,0.0,2019-03-02
11,hru11,0.006,0.0,0.0,0.0,0.0,0.0,0.0,0.0,0.0,0.0,2019-03-02
12,hru12,0.007,0.0,0.0,0.0,0.0,0.0,0.0,0.0,0.0,0.0,2019-03-02
13,hru13,0.007,0.0,0.0,0.0,0.0,0.0,0.0,0.0,0.0,0.0,2019-03-02
14,hru14,0.007,0.0,0.0,0.0,0.0,0.0,0.0,0.0,0.0,0.0,2019-03-02
15,hru15,0.007,0.0,0.0,0.0,0.0,0.0,0.0,0.0,0.0,0.0,2019-03-02
16,hru16,0.007,0.0,0.0,0.0,0.0,0.0,0.0,0.0,0.0,0.0,2019-03-02
17,hru17,0.007,0.0,0.0,0.0,0.0,0.0,0.0,0.0,0.0,0.0,2019-03-02
18,hru18,0.007,0.0,0.0,0.0,0.0,0.0,0.0,0.0,0.0,0.0,2019-03-02
19,hru19,0.007,0.0,0.0,0.0,0.0,0.0,0.0,0.0,0.0,0.0,2019-03-02
20,hru20,0.007,0.0,0.0,0.0,0.0,0.0,0.0,0.0,0.0,0.0,2019-03-02
21,hru21,0.007,0.0,0.0,0.0,0.0,0.0,0.0,0.0,0.0,0.0,2019-03-02
22,hru22,0.007,0.0,0.0,0.0,0.0,0.0,0.0,0.0,0.0,0.0,2019-03-02
23,hru23,0.007,0.0,0.0,0.0,0.0,0.0,0.0,0.0,0.0,0.0,2019-03-02
24,hru24,0.007,0.0,0.0,0.0,0.0,0.0,0.0,0.0,0.0,0.0,2019-03-02
25,hru25,0.007,0.0,0.0,0.0,0.0,0.0,0.0,0.0,0.0,0.0,2019-03-02
26,hru26,0.007,0.0,0.0,0.0,0.0,0.0,0.0,0.0,0.0,0.0,2019-03-02
27,hru27,0.007,0.0,0.0,0.0,0.0,0.0,0.0,0.0,0.0,0.0,2019-03-02
28,hru28,0.006,0.0,0.0,0.0,0.0,0.0,0.0,0.0,0.0,0.0,2019-03-02
29,hru29,0.007,0.0,0.0,0.0,0.0,0.0,0.0,0.0,0.0,0.0,2019-03-02
30,hru30,0.006,0.0,0.0,0.0,0.0,0.0,0.0,0.0,0.0,0.0,2019-03-02
31,hru31,0.006,0.0,0.0,0.0,0.0,0.0,0.0,0.0,0.0,0.0,2019-03-02
32,hru32,0.007,0.0,0.0,0.0,0.0,0.0,0.0,0.0,0.0,0.0,2019-03-02
33,hru33,0.006,0.0,0.0,0.0,0.0,0.0,0.0,0.0,0.0,0.0,2019-03-02
34,hru34,0.006,0.0,0.0,0.0,0.0,0.0,0.0,0.0,0.0,0.0,2019-03-02
35,hru35,0.006,0.0,0.0,0.0,0.0,0.0,0.0,0.0,0.0,0.0,2019-03-02
36,hru36,0.006,0.0,0.0,0.0,0.0,0.0,0.0,0.0,0.0,0.0,2019-03-02
1,hru01,0.006,0.0,0.0,0.0,0.0,0.0,0.0,0.0,0.0,0.0,2019-03-03
2,hru02,0.006,0.0,0.0,0.0,0.0,0.0,0.0,0.0,0.0,0.0,2019-03-03
3,hru03,0.006,0.0,0.0,0.0,0.0,0.0,0.0,0.0,0.0,0.0,2019-03-03
4,hru04,0.006,0.0,0.0,0.0,0.0,0.0,0.0,0.0,0.0,0.0,2019-03-03
5,hru05,0.006,0.0,0.0,0.0,0.0,0.0,0.0,0.0,0.0,0.0,2019-03-03
6,hru06,0.006,0.0,0.0,0.0,0.0,0.0,0.0,0.0,0.0,0.0,2019-03-03
7,hru07,0.007,0.0,0.0,0.0,0.0,0.0,0.0,0.0,0.0,0.0,2019-03-03
8,hru08,0.006,0.0,0.0,0.0,0.0,0.0,0.0,0.0,0.0,0.0,2019-03-03
9,hru09,0.006,0.0,0.0,0.0,0.0,0.0,0.0,0.0,0.0,0.0,2019-03-03
10,hru10,0.006,0.0,0.0,0.0,0.0,0.0,0.0,0.0,0.0,0.0,2019-03-03
11,hru11,0.006,0.0,0.0,0.0,0.0,0.0,0.0,0.0,0.0,0.0,2019-03-03
12,hru12,0.007,0.0,0.0,0.0,0.0,0.0,0.0,0.0,0.0,0.0,2019-03-03
13,hru13,0.007,0.0,0.0,0.0,0.0,0.0,0.0,0.0,0.0,0.0,2019-03-03
14,hru14,0.007,0.0,0.0,0.0,0.0,0.0,0.0,0.0,0.0,0.0,2019-03-03
15,hru15,0.007,0.0,0.0,0.0,0.0,0.0,0.0,0.0,0.0,0.0,2019-03-03
16,hru16,0.007,0.0,0.0,0.0,0.0,0.0,0.0,0.0,0.0,0.0,2019-03-03
17,hru17,0.007,0.0,0.0,0.0,0.0,0.0,0.0,0.0,0.0,0.0,2019-03-03
18,hru18,0.007,0.0,0.0,0.0,0.0,0.0,0.0,0.0,0.0,0.0,2019-03-03
19,hru19,0.007,0.0,0.0,0.0,0.0,0.0,0.0,0.0,0.0,0.0,2019-03-03
20,hru20,0.007,0.0,0.0,0.0,0.0,0.0,0.0,0.0,0.0,0.0,2019-03-03
21,hru21,0.007,0.0,0.0,0.0,0.0,0.0,0.0,0.0,0.0,0.0,2019-03-03
22,hru22,0.007,0.0,0.0,0.0,0.0,0.0,0.0,0.0,0.0,0.0,2019-03-03
23,hru23,0.007,0.0,0.0,0.0,0.0,0.0,0.0,0.0,0.0,0.0,2019-03-03
24,hru24,0.007,0.0,0.0,0.0,0.0,0.0,0.0,0.0,0.0,0.0,2019-03-03
25,hru25,0.007,0.0,0.0,0.0,0.0,0.0,0.0,0.0,0.0,0.0,2019-03-03
26,hru26,0.007,0.0,0.0,0.0,0.0,0.0,0.0,0.0,0.0,0.0,2019-03-03
27,hru27,0.007,0.0,0.0,0.0,0.0,0.0,0.0,0.0,0.0,0.0,2019-03-03
28,hru28,0.006,0.0,0.0,0.0,0.0,0.0,0.0,0.0,0.0,0.0,2019-03-03
29,hru29,0.007,0.0,0.0,0.0,0.0,0.0,0.0,0.0,0.0,0.0,2019-03-03
30,hru30,0.006,0.0,0.0,0.0,0.0,0.0,0.0,0.0,0.0,0.0,2019-03-03
31,hru31,0.006,0.0,0.0,0.0,0.0,0.0,0.0,0.0,0.0,0.0,2019-03-03
32,hru32,0.007,0.0,0.0,0.0,0.0,0.0,0.0,0.0,0.0,0.0,2019-03-03
33,hru33,0.006,0.0,0.0,0.0,0.0,0.0,0.0,0.0,0.0,0.0,2019-03-03
34,hru34,0.006,0.0,0.0,0.0,0.0,0.0,0.0,0.0,0.0,0.0,2019-03-03
35,hru35,0.006,0.0,0.0,0.0,0.0,0.0,0.0,0.0,0.0,0.0,2019-03-03
36,hru36,0.006,0.0,0.0,0.0,0.0,0.0,0.0,0.0,0.0,0.0,2019-03-03
1,hru01,0.006,0.0,0.0,0.0,0.0,0.0,0.0,0.0,0.0,0.0,2019-03-04
2,hru02,0.006,0.0,0.0,0.0,0.0,0.0,0.0,0.0,0.0,0.0,2019-03-04
3,hru03,0.006,0.0,0.0,0.0,0.0,0.0,0.0,0.0,0.0,0.0,2019-03-04
4,hru04,0.006,0.0,0.0,0.0,0.0,0.0,0.0,0.0,0.0,0.0,2019-03-04
5,hru05,0.006,0.0,0.0,0.0,0.0,0.0,0.0,0.0,0.0,0.0,2019-03-04
6,hru06,0.006,0.0,0.0,0.0,0.0,0.0,0.0,0.0,0.0,0.0,2019-03-04
7,hru07,0.007,0.0,0.0,0.0,0.0,0.0,0.0,0.0,0.0,0.0,2019-03-04
8,hru08,0.006,0.0,0.0,0.0,0.0,0.0,0.0,0.0,0.0,0.0,2019-03-04
9,hru09,0.006,0.0,0.0,0.0,0.0,0.0,0.0,0.0,0.0,0.0,2019-03-04
10,hru10,0.006,0.0,0.0,0.0,0.0,0.0,0.0,0.0,0.0,0.0,2019-03-04
11,hru11,0.006,0.0,0.0,0.0,0.0,0.0,0.0,0.0,0.0,0.0,2019-03-04
12,hru12,0.007,0.0,0.0,0.0,0.0,0.0,0.0,0.0,0.0,0.0,2019-03-04
13,hru13,0.007,0.0,0.0,0.0,0.0,0.0,0.0,0.0,0.0,0.0,2019-03-04
14,hru14,0.007,0.0,0.0,0.0,0.0,0.0,0.0,0.0,0.0,0.0,2019-03-04
15,hru15,0.007,0.0,0.0,0.0,0.0,0.0,0.0,0.0,0.0,0.0,2019-03-04
16,hru16,0.007,0.0,0.0,0.0,0.0,0.0,0.0,0.0,0.0,0.0,2019-03-04
17,hru17,0.007,0.0,0.0,0.0,0.0,0.0,0.0,0.0,0.0,0.0,2019-03-04
18,hru18,0.007,0.0,0.0,0.0,0.0,0.0,0.0,0.0,0.0,0.0,2019-03-04
19,hru19,0.007,0.0,0.0,0.0,0.0,0.0,0.0,0.0,0.0,0.0,2019-03-04
20,hru20,0.007,0.0,0.0,0.0,0.0,0.0,0.0,0.0,0.0,0.0,2019-03-04
21,hru21,0.007,0.0,0.0,0.0,0.0,0.0,0.0,0.0,0.0,0.0,2019-03-04
22,hru22,0.007,0.0,0.0,0.0,0.0,0.0,0.0,0.0,0.0,0.0,2019-03-04
23,hru23,0.007,0.0,0.0,0.0,0.0,0.0,0.0,0.0,0.0,0.0,2019-03-04
24,hru24,0.007,0.0,0.0,0.0,0.0,0.0,0.0,0.0,0.0,0.0,2019-03-04
25,hru25,0.007,0.0,0.0,0.0,0.0,0.0,0.0,0.0,0.0,0.0,2019-03-04
26,hru26,0.007,0.0,0.0,0.0,0.0,0.0,0.0,0.0,0.0,0.0,2019-03-04
27,hru27,0.007,0.0,0.0,0.0,0.0,0.0,0.0,0.0,0.0,0.0,2019-03-04
28,hru28,0.006,0.0,0.0,0.0,0.0,0.0,0.0,0.0,0.0,0.0,2019-03-04
29,hru29,0.007,0.0,0.0,0.0,0.0,0.0,0.0,0.0,0.0,0.0,2019-03-04
30,hru30,0.006,0.0,0.0,0.0,0.0,0.0,0.0,0.0,0.0,0.0,2019-03-04
31,hru31,0.006,0.0,0.0,0.0,0.0,0.0,0.0,0.0,0.0,0.0,2019-03-04
32,hru32,0.007,0.0,0.0,0.0,0.0,0.0,0.0,0.0,0.0,0.0,2019-03-04
33,hru33,0.006,0.0,0.0,0.0,0.0,0.0,0.0,0.0,0.0,0.0,2019-03-04
34,hru34,0.006,0.0,0.0,0.0,0.0,0.0,0.0,0.0,0.0,0.0,2019-03-04
35,hru35,0.006,0.0,0.0,0.0,0.0,0.0,0.0,0.0,0.0,0.0,2019-03-04
36,hru36,0.006,0.0,0.0,0.0,0.0,0.0,0.0,0.0,0.0,0.0,2019-03-04
1,hru01,0.006,0.0,0.0,0.0,0.0,0.0,0.0,0.0,0.0,0.0,2019-03-05
2,hru02,0.006,0.0,0.0,0.0,0.0,0.0,0.0,0.0,0.0,0.0,2019-03-05
3,hru03,0.006,0.0,0.0,0.0,0.0,0.0,0.0,0.0,0.0,0.0,2019-03-05
4,hru04,0.006,0.0,0.0,0.0,0.0,0.0,0.0,0.0,0.0,0.0,2019-03-05
5,hru05,0.006,0.0,0.0,0.0,0.0,0.0,0.0,0.0,0.0,0.0,2019-03-05
6,hru06,0.006,0.0,0.0,0.0,0.0,0.0,0.0,0.0,0.0,0.0,2019-03-05
7,hru07,0.007,0.0,0.0,0.0,0.0,0.0,0.0,0.0,0.0,0.0,2019-03-05
8,hru08,0.006,0.0,0.0,0.0,0.0,0.0,0.0,0.0,0.0,0.0,2019-03-05
9,hru09,0.006,0.0,0.0,0.0,0.0,0.0,0.0,0.0,0.0,0.0,2019-03-05
10,hru10,0.006,0.0,0.0,0.0,0.0,0.0,0.0,0.0,0.0,0.0,2019-03-05
11,hru11,0.006,0.0,0.0,0.0,0.0,0.0,0.0,0.0,0.0,0.0,2019-03-05
12,hru12,0.007,0.0,0.0,0.0,0.0,0.0,0.0,0.0,0.0,0.0,2019-03-05
13,hru13,0.007,0.0,0.0,0.0,0.0,0.0,0.0,0.0,0.0,0.0,2019-03-05
14,hru14,0.007,0.0,0.0,0.0,0.0,0.0,0.0,0.0,0.0,0.0,2019-03-05
15,hru15,0.007,0.0,0.0,0.0,0.0,0.0,0.0,0.0,0.0,0.0,2019-03-05
16,hru16,0.007,0.0,0.0,0.0,0.0,0.0,0.0,0.0,0.0,0.0,2019-03-05
17,hru17,0.007,0.0,0.0,0.0,0.0,0.0,0.0,0.0,0.0,0.0,2019-03-05
18,hru18,0.007,0.0,0.0,0.0,0.0,0.0,0.0,0.0,0.0,0.0,2019-03-05
19,hru19,0.007,0.0,0.0,0.0,0.0,0.0,0.0,0.0,0.0,0.0,2019-03-05
20,hru20,0.007,0.0,0.0,0.0,0.0,0.0,0.0,0.0,0.0,0.0,2019-03-05
21,hru21,0.007,0.0,0.0,0.0,0.0,0.0,0.0,0.0,0.0,0.0,2019-03-05
22,hru22,0.007,0.0,0.0,0.0,0.0,0.0,0.0,0.0,0.0,0.0,2019-03-05
23,hru23,0.007,0.0,0.0,0.0,0.0,0.0,0.0,0.0,0.0,0.0,2019-03-05
24,hru24,0.007,0.0,0.0,0.0,0.0,0.0,0.0,0.0,0.0,0.0,2019-03-05
25,hru25,0.007,0.0,0.0,0.0,0.0,0.0,0.0,0.0,0.0,0.0,2019-03-05
26,hru26,0.007,0.0,0.0,0.0,0.0,0.0,0.0,0.0,0.0,0.0,2019-03-05
27,hru27,0.007,0.0,0.0,0.0,0.0,0.0,0.0,0.0,0.0,0.0,2019-03-05
28,hru28,0.006,0.0,0.0,0.0,0.0,0.0,0.0,0.0,0.0,0.0,2019-03-05
29,hru29,0.007,0.0,0.0,0.0,0.0,0.0,0.0,0.0,0.0,0.0,2019-03-05
30,hru30,0.006,0.0,0.0,0.0,0.0,0.0,0.0,0.0,0.0,0.0,2019-03-05
31,hru31,0.006,0.0,0.0,0.0,0.0,0.0,0.0,0.0,0.0,0.0,2019-03-05
32,hru32,0.007,0.0,0.0,0.0,0.0,0.0,0.0,0.0,0.0,0.0,2019-03-05
33,hru33,0.006,0.0,0.0,0.0,0.0,0.0,0.0,0.0,0.0,0.0,2019-03-05
34,hru34,0.006,0.0,0.0,0.0,0.0,0.0,0.0,0.0,0.0,0.0,2019-03-05
35,hru35,0.006,0.0,0.0,0.0,0.0,0.0,0.0,0.0,0.0,0.0,2019-03-05
36,hru36,0.006,0.0,0.0,0.0,0.0,0.0,0.0,0.0,0.0,0.0,2019-03-05
1,hru01,0.006,0.0,0.0,0.0,0.0,0.0,0.0,0.0,0.0,0.0,2019-03-06
2,hru02,0.006,0.0,0.0,0.0,0.0,0.0,0.0,0.0,0.0,0.0,2019-03-06
3,hru03,0.006,0.0,0.0,0.0,0.0,0.0,0.0,0.0,0.0,0.0,2019-03-06
4,hru04,0.006,0.0,0.0,0.0,0.0,0.0,0.0,0.0,0.0,0.0,2019-03-06
5,hru05,0.006,0.0,0.0,0.0,0.0,0.0,0.0,0.0,0.0,0.0,2019-03-06
6,hru06,0.006,0.0,0.0,0.0,0.0,0.0,0.0,0.0,0.0,0.0,2019-03-06
7,hru07,0.007,0.0,0.0,0.0,0.0,0.0,0.0,0.0,0.0,0.0,2019-03-06
8,hru08,0.006,0.0,0.0,0.0,0.0,0.0,0.0,0.0,0.0,0.0,2019-03-06
9,hru09,0.006,0.0,0.0,0.0,0.0,0.0,0.0,0.0,0.0,0.0,2019-03-06
10,hru10,0.006,0.0,0.0,0.0,0.0,0.0,0.0,0.0,0.0,0.0,2019-03-06
11,hru11,0.006,0.0,0.0,0.0,0.0,0.0,0.0,0.0,0.0,0.0,2019-03-06
12,hru12,0.007,0.0,0.0,0.0,0.0,0.0,0.0,0.0,0.0,0.0,2019-03-06
13,hru13,0.007,0.0,0.0,0.0,0.0,0.0,0.0,0.0,0.0,0.0,2019-03-06
14,hru14,0.007,0.0,0.0,0.0,0.0,0.0,0.0,0.0,0.0,0.0,2019-03-06
15,hru15,0.007,0.0,0.0,0.0,0.0,0.0,0.0,0.0,0.0,0.0,2019-03-06
16,hru16,0.007,0.0,0.0,0.0,0.0,0.0,0.0,0.0,0.0,0.0,2019-03-06
17,hru17,0.007,0.0,0.0,0.0,0.0,0.0,0.0,0.0,0.0,0.0,2019-03-06
18,hru18,0.007,0.0,0.0,0.0,0.0,0.0,0.0,0.0,0.0,0.0,2019-03-06
19,hru19,0.007,0.0,0.0,0.0,0.0,0.0,0.0,0.0,0.0,0.0,2019-03-06
20,hru20,0.007,0.0,0.0,0.0,0.0,0.0,0.0,0.0,0.0,0.0,2019-03-06
21,hru21,0.007,0.0,0.0,0.0,0.0,0.0,0.0,0.0,0.0,0.0,2019-03-06
22,hru22,0.007,0.0,0.0,0.0,0.0,0.0,0.0,0.0,0.0,0.0,2019-03-06
23,hru23,0.007,0.0,0.0,0.0,0.0,0.0,0.0,0.0,0.0,0.0,2019-03-06
24,hru24,0.007,0.0,0.0,0.0,0.0,0.0,0.0,0.0,0.0,0.0,2019-03-06
25,hru25,0.007,0.0,0.0,0.0,0.0,0.0,0.0,0.0,0.0,0.0,2019-03-06
26,hru26,0.007,0.0,0.0,0.0,0.0,0.0,0.0,0.0,0.0,0.0,2019-03-06
27,hru27,0.007,0.0,0.0,0.0,0.0,0.0,0.0,0.0,0.0,0.0,2019-03-06
28,hru28,0.006,0.0,0.0,0.0,0.0,0.0,0.0,0.0,0.0,0.0,2019-03-06
29,hru29,0.007,0.0,0.0,0.0,0.0,0.0,0.0,0.0,0.0,0.0,2019-03-06
30,hru30,0.006,0.0,0.0,0.0,0.0,0.0,0.0,0.0,0.0,0.0,2019-03-06
31,hru31,0.006,0.0,0.0,0.0,0.0,0.0,0.0,0.0,0.0,0.0,2019-03-06
32,hru32,0.007,0.0,0.0,0.0,0.0,0.0,0.0,0.0,0.0,0.0,2019-03-06
33,hru33,0.006,0.0,0.0,0.0,0.0,0.0,0.0,0.0,0.0,0.0,2019-03-06
34,hru34,0.006,0.0,0.0,0.0,0.0,0.0,0.0,0.0,0.0,0.0,2019-03-06
35,hru35,0.006,0.0,0.0,0.0,0.0,0.0,0.0,0.0,0.0,0.0,2019-03-06
36,hru36,0.006,0.0,0.0,0.0,0.0,0.0,0.0,0.0,0.0,0.0,2019-03-06
1,hru01,0.006,0.0,0.0,0.0,0.0,0.0,0.0,0.0,0.0,0.0,2019-03-07
2,hru02,0.006,0.0,0.0,0.0,0.0,0.0,0.0,0.0,0.0,0.0,2019-03-07
3,hru03,0.006,0.0,0.0,0.0,0.0,0.0,0.0,0.0,0.0,0.0,2019-03-07
4,hru04,0.006,0.0,0.0,0.0,0.0,0.0,0.0,0.0,0.0,0.0,2019-03-07
5,hru05,0.006,0.0,0.0,0.0,0.0,0.0,0.0,0.0,0.0,0.0,2019-03-07
6,hru06,0.006,0.0,0.0,0.0,0.0,0.0,0.0,0.0,0.0,0.0,2019-03-07
7,hru07,0.007,0.0,0.0,0.0,0.0,0.0,0.0,0.0,0.0,0.0,2019-03-07
8,hru08,0.006,0.0,0.0,0.0,0.0,0.0,0.0,0.0,0.0,0.0,2019-03-07
9,hru09,0.006,0.0,0.0,0.0,0.0,0.0,0.0,0.0,0.0,0.0,2019-03-07
10,hru10,0.006,0.0,0.0,0.0,0.0,0.0,0.0,0.0,0.0,0.0,2019-03-07
11,hru11,0.006,0.0,0.0,0.0,0.0,0.0,0.0,0.0,0.0,0.0,2019-03-07
12,hru12,0.007,0.0,0.0,0.0,0.0,0.0,0.0,0.0,0.0,0.0,2019-03-07
13,hru13,0.007,0.0,0.0,0.0,0.0,0.0,0.0,0.0,0.0,0.0,2019-03-07
14,hru14,0.007,0.0,0.0,0.0,0.0,0.0,0.0,0.0,0.0,0.0,2019-03-07
15,hru15,0.007,0.0,0.0,0.0,0.0,0.0,0.0,0.0,0.0,0.0,2019-03-07
16,hru16,0.007,0.0,0.0,0.0,0.0,0.0,0.0,0.0,0.0,0.0,2019-03-07
17,hru17,0.007,0.0,0.0,0.0,0.0,0.0,0.0,0.0,0.0,0.0,2019-03-07
18,hru18,0.007,0.0,0.0,0.0,0.0,0.0,0.0,0.0,0.0,0.0,2019-03-07
19,hru19,0.007,0.0,0.0,0.0,0.0,0.0,0.0,0.0,0.0,0.0,2019-03-07
20,hru20,0.007,0.0,0.0,0.0,0.0,0.0,0.0,0.0,0.0,0.0,2019-03-07
21,hru21,0.007,0.0,0.0,0.0,0.0,0.0,0.0,0.0,0.0,0.0,2019-03-07
22,hru22,0.007,0.0,0.0,0.0,0.0,0.0,0.0,0.0,0.0,0.0,2019-03-07
23,hru23,0.007,0.0,0.0,0.0,0.0,0.0,0.0,0.0,0.0,0.0,2019-03-07
24,hru24,0.007,0.0,0.0,0.0,0.0,0.0,0.0,0.0,0.0,0.0,2019-03-07
25,hru25,0.007,0.0,0.0,0.0,0.0,0.0,0.0,0.0,0.0,0.0,2019-03-07
26,hru26,0.007,0.0,0.0,0.0,0.0,0.0,0.0,0.0,0.0,0.0,2019-03-07
27,hru27,0.007,0.0,0.0,0.0,0.0,0.0,0.0,0.0,0.0,0.0,2019-03-07
28,hru28,0.006,0.0,0.0,0.0,0.0,0.0,0.0,0.0,0.0,0.0,2019-03-07
29,hru29,0.007,0.0,0.0,0.0,0.0,0.0,0.0,0.0,0.0,0.0,2019-03-07
30,hru30,0.006,0.0,0.0,0.0,0.0,0.0,0.0,0.0,0.0,0.0,2019-03-07
31,hru31,0.006,0.0,0.0,0.0,0.0,0.0,0.0,0.0,0.0,0.0,2019-03-07
32,hru32,0.007,0.0,0.0,0.0,0.0,0.0,0.0,0.0,0.0,0.0,2019-03-07
33,hru33,0.006,0.0,0.0,0.0,0.0,0.0,0.0,0.0,0.0,0.0,2019-03-07
34,hru34,0.006,0.0,0.0,0.0,0.0,0.0,0.0,0.0,0.0,0.0,2019-03-07
35,hru35,0.006,0.0,0.0,0.0,0.0,0.0,0.0,0.0,0.0,0.0,2019-03-07
36,hru36,0.006,0.0,0.0,0.0,0.0,0.0,0.0,0.0,0.0,0.0,2019-03-07
1,hru01,0.006,0.0,0.0,0.0,0.0,0.0,0.0,0.0,0.0,0.0,2019-03-08
2,hru02,0.006,0.0,0.0,0.0,0.0,0.0,0.0,0.0,0.0,0.0,2019-03-08
3,hru03,0.006,0.0,0.0,0.0,0.0,0.0,0.0,0.0,0.0,0.0,2019-03-08
4,hru04,0.006,0.0,0.0,0.0,0.0,0.0,0.0,0.0,0.0,0.0,2019-03-08
5,hru05,0.006,0.0,0.0,0.0,0.0,0.0,0.0,0.0,0.0,0.0,2019-03-08
6,hru06,0.006,0.0,0.0,0.0,0.0,0.0,0.0,0.0,0.0,0.0,2019-03-08
7,hru07,0.007,0.0,0.0,0.0,0.0,0.0,0.0,0.0,0.0,0.0,2019-03-08
8,hru08,0.006,0.0,0.0,0.0,0.0,0.0,0.0,0.0,0.0,0.0,2019-03-08
9,hru09,0.006,0.0,0.0,0.0,0.0,0.0,0.0,0.0,0.0,0.0,2019-03-08
10,hru10,0.006,0.0,0.0,0.0,0.0,0.0,0.0,0.0,0.0,0.0,2019-03-08
11,hru11,0.006,0.0,0.0,0.0,0.0,0.0,0.0,0.0,0.0,0.0,2019-03-08
12,hru12,0.007,0.0,0.0,0.0,0.0,0.0,0.0,0.0,0.0,0.0,2019-03-08
13,hru13,0.007,0.0,0.0,0.0,0.0,0.0,0.0,0.0,0.0,0.0,2019-03-08
14,hru14,0.007,0.0,0.0,0.0,0.0,0.0,0.0,0.0,0.0,0.0,2019-03-08
15,hru15,0.007,0.0,0.0,0.0,0.0,0.0,0.0,0.0,0.0,0.0,2019-03-08
16,hru16,0.007,0.0,0.0,0.0,0.0,0.0,0.0,0.0,0.0,0.0,2019-03-08
17,hru17,0.007,0.0,0.0,0.0,0.0,0.0,0.0,0.0,0.0,0.0,2019-03-08
18,hru18,0.007,0.0,0.0,0.0,0.0,0.0,0.0,0.0,0.0,0.0,2019-03-08
19,hru19,0.007,0.0,0.0,0.0,0.0,0.0,0.0,0.0,0.0,0.0,2019-03-08
20,hru20,0.007,0.0,0.0,0.0,0.0,0.0,0.0,0.0,0.0,0.0,2019-03-08
21,hru21,0.007,0.0,0.0,0.0,0.0,0.0,0.0,0.0,0.0,0.0,2019-03-08
22,hru22,0.007,0.0,0.0,0.0,0.0,0.0,0.0,0.0,0.0,0.0,2019-03-08
23,hru23,0.007,0.0,0.0,0.0,0.0,0.0,0.0,0.0,0.0,0.0,2019-03-08
24,hru24,0.007,0.0,0.0,0.0,0.0,0.0,0.0,0.0,0.0,0.0,2019-03-08
25,hru25,0.007,0.0,0.0,0.0,0.0,0.0,0.0,0.0,0.0,0.0,2019-03-08
26,hru26,0.007,0.0,0.0,0.0,0.0,0.0,0.0,0.0,0.0,0.0,2019-03-08
27,hru27,0.007,0.0,0.0,0.0,0.0,0.0,0.0,0.0,0.0,0.0,2019-03-08
28,hru28,0.006,0.0,0.0,0.0,0.0,0.0,0.0,0.0,0.0,0.0,2019-03-08
29,hru29,0.007,0.0,0.0,0.0,0.0,0.0,0.0,0.0,0.0,0.0,2019-03-08
30,hru30,0.006,0.0,0.0,0.0,0.0,0.0,0.0,0.0,0.0,0.0,2019-03-08
31,hru31,0.006,0.0,0.0,0.0,0.0,0.0,0.0,0.0,0.0,0.0,2019-03-08
32,hru32,0.007,0.0,0.0,0.0,0.0,0.0,0.0,0.0,0.0,0.0,2019-03-08
33,hru33,0.006,0.0,0.0,0.0,0.0,0.0,0.0,0.0,0.0,0.0,2019-03-08
34,hru34,0.006,0.0,0.0,0.0,0.0,0.0,0.0,0.0,0.0,0.0,2019-03-08
35,hru35,0.006,0.0,0.0,0.0,0.0,0.0,0.0,0.0,0.0,0.0,2019-03-08
36,hru36,0.006,0.0,0.0,0.0,0.0,0.0,0.0,0.0,0.0,0.0,2019-03-08
1,hru01,0.006,0.0,0.0,0.0,0.0,0.0,0.0,0.0,0.0,0.0,2019-03-09
2,hru02,0.006,0.0,0.0,0.0,0.0,0.0,0.0,0.0,0.0,0.0,2019-03-09
3,hru03,0.006,0.0,0.0,0.0,0.0,0.0,0.0,0.0,0.0,0.0,2019-03-09
4,hru04,0.006,0.0,0.0,0.0,0.0,0.0,0.0,0.0,0.0,0.0,2019-03-09
5,hru05,0.006,0.0,0.0,0.0,0.0,0.0,0.0,0.0,0.0,0.0,2019-03-09
6,hru06,0.006,0.0,0.0,0.0,0.0,0.0,0.0,0.0,0.0,0.0,2019-03-09
7,hru07,0.007,0.0,0.0,0.0,0.0,0.0,0.0,0.0,0.0,0.0,2019-03-09
8,hru08,0.006,0.0,0.0,0.0,0.0,0.0,0.0,0.0,0.0,0.0,2019-03-09
9,hru09,0.006,0.0,0.0,0.0,0.0,0.0,0.0,0.0,0.0,0.0,2019-03-09
10,hru10,0.006,0.0,0.0,0.0,0.0,0.0,0.0,0.0,0.0,0.0,2019-03-09
11,hru11,0.006,0.0,0.0,0.0,0.0,0.0,0.0,0.0,0.0,0.0,2019-03-09
12,hru12,0.007,0.0,0.0,0.0,0.0,0.0,0.0,0.0,0.0,0.0,2019-03-09
13,hru13,0.007,0.0,0.0,0.0,0.0,0.0,0.0,0.0,0.0,0.0,2019-03-09
14,hru14,0.007,0.0,0.0,0.0,0.0,0.0,0.0,0.0,0.0,0.0,2019-03-09
15,hru15,0.007,0.0,0.0,0.0,0.0,0.0,0.0,0.0,0.0,0.0,2019-03-09
16,hru16,0.007,0.0,0.0,0.0,0.0,0.0,0.0,0.0,0.0,0.0,2019-03-09
17,hru17,0.007,0.0,0.0,0.0,0.0,0.0,0.0,0.0,0.0,0.0,2019-03-09
18,hru18,0.007,0.0,0.0,0.0,0.0,0.0,0.0,0.0,0.0,0.0,2019-03-09
19,hru19,0.007,0.0,0.0,0.0,0.0,0.0,0.0,0.0,0.0,0.0,2019-03-09
20,hru20,0.007,0.0,0.0,0.0,0.0,0.0,0.0,0.0,0.0,0.0,2019-03-09
21,hru21,0.007,0.0,0.0,0.0,0.0,0.0,0.0,0.0,0.0,0.0,2019-03-09
22,hru22,0.007,0.0,0.0,0.0,0.0,0.0,0.0,0.0,0.0,0.0,2019-03-09
23,hru23,0.007,0.0,0.0,0.0,0.0,0.0,0.0,0.0,0.0,0.0,2019-03-09
24,hru24,0.007,0.0,0.0,0.0,0.0,0.0,0.0,0.0,0.0,0.0,2019-03-09
25,hru25,0.007,0.0,0.0,0.0,0.0,0.0,0.0,0.0,0.0,0.0,2019-03-09
26,hru26,0.007,0.0,0.0,0.0,0.0,0.0,0.0,0.0,0.0,0.0,2019-03-09
27,hru27,0.007,0.0,0.0,0.0,0.0,0.0,0.0,0.0,0.0,0.0,2019-03-09
28,hru28,0.006,0.0,0.0,0.0,0.0,0.0,0.0,0.0,0.0,0.0,2019-03-09
29,hru29,0.007,0.0,0.0,0.0,0.0,0.0,0.0,0.0,0.0,0.0,2019-03-09
30,hru30,0.006,0.0,0.0,0.0,0.0,0.0,0.0,0.0,0.0,0.0,2019-03-09
31,hru31,0.006,0.0,0.0,0.0,0.0,0.0,0.0,0.0,0.0,0.0,2019-03-09
32,hru32,0.007,0.0,0.0,0.0,0.0,0.0,0.0,0.0,0.0,0.0,2019-03-09
33,hru33,0.006,0.0,0.0,0.0,0.0,0.0,0.0,0.0,0.0,0.0,2019-03-09
34,hru34,0.006,0.0,0.0,0.0,0.0,0.0,0.0,0.0,0.0,0.0,2019-03-09
35,hru35,0.006,0.0,0.0,0.0,0.0,0.0,0.0,0.0,0.0,0.0,2019-03-09
36,hru36,0.006,0.0,0.0,0.0,0.0,0.0,0.0,0.0,0.0,0.0,2019-03-09
1,hru01,0.006,0.0,0.0,0.0,0.0,0.0,0.0,0.0,0.0,0.0,2019-03-10
2,hru02,0.006,0.0,0.0,0.0,0.0,0.0,0.0,0.0,0.0,0.0,2019-03-10
3,hru03,0.006,0.0,0.0,0.0,0.0,0.0,0.0,0.0,0.0,0.0,2019-03-10
4,hru04,0.006,0.0,0.0,0.0,0.0,0.0,0.0,0.0,0.0,0.0,2019-03-10
5,hru05,0.006,0.0,0.0,0.0,0.0,0.0,0.0,0.0,0.0,0.0,2019-03-10
6,hru06,0.006,0.0,0.0,0.0,0.0,0.0,0.0,0.0,0.0,0.0,2019-03-10
7,hru07,0.007,0.0,0.0,0.0,0.0,0.0,0.0,0.0,0.0,0.0,2019-03-10
8,hru08,0.006,0.0,0.0,0.0,0.0,0.0,0.0,0.0,0.0,0.0,2019-03-10
9,hru09,0.006,0.0,0.0,0.0,0.0,0.0,0.0,0.0,0.0,0.0,2019-03-10
10,hru10,0.006,0.0,0.0,0.0,0.0,0.0,0.0,0.0,0.0,0.0,2019-03-10
11,hru11,0.006,0.0,0.0,0.0,0.0,0.0,0.0,0.0,0.0,0.0,2019-03-10
12,hru12,0.007,0.0,0.0,0.0,0.0,0.0,0.0,0.0,0.0,0.0,2019-03-10
13,hru13,0.007,0.0,0.0,0.0,0.0,0.0,0.0,0.0,0.0,0.0,2019-03-10
14,hru14,0.007,0.0,0.0,0.0,0.0,0.0,0.0,0.0,0.0,0.0,2019-03-10
15,hru15,0.007,0.0,0.0,0.0,0.0,0.0,0.0,0.0,0.0,0.0,2019-03-10
16,hru16,0.007,0.0,0.0,0.0,0.0,0.0,0.0,0.0,0.0,0.0,2019-03-10
17,hru17,0.007,0.0,0.0,0.0,0.0,0.0,0.0,0.0,0.0,0.0,2019-03-10
18,hru18,0.007,0.0,0.0,0.0,0.0,0.0,0.0,0.0,0.0,0.0,2019-03-10
19,hru19,0.007,0.0,0.0,0.0,0.0,0.0,0.0,0.0,0.0,0.0,2019-03-10
20,hru20,0.007,0.0,0.0,0.0,0.0,0.0,0.0,0.0,0.0,0.0,2019-03-10
21,hru21,0.007,0.0,0.0,0.0,0.0,0.0,0.0,0.0,0.0,0.0,2019-03-10
22,hru22,0.007,0.0,0.0,0.0,0.0,0.0,0.0,0.0,0.0,0.0,2019-03-10
23,hru23,0.007,0.0,0.0,0.0,0.0,0.0,0.0,0.0,0.0,0.0,2019-03-10
24,hru24,0.007,0.0,0.0,0.0,0.0,0.0,0.0,0.0,0.0,0.0,2019-03-10
25,hru25,0.007,0.0,0.0,0.0,0.0,0.0,0.0,0.0,0.0,0.0,2019-03-10
26,hru26,0.007,0.0,0.0,0.0,0.0,0.0,0.0,0.0,0.0,0.0,2019-03-10
27,hru27,0.007,0.0,0.0,0.0,0.0,0.0,0.0,0.0,0.0,0.0,2019-03-10
28,hru28,0.006,0.0,0.0,0.0,0.0,0.0,0.0,0.0,0.0,0.0,2019-03-10
29,hru29,0.007,0.0,0.0,0.0,0.0,0.0,0.0,0.0,0.0,0.0,2019-03-10
30,hru30,0.006,0.0,0.0,0.0,0.0,0.0,0.0,0.0,0.0,0.0,2019-03-10
31,hru31,0.006,0.0,0.0,0.0,0.0,0.0,0.0,0.0,0.0,0.0,2019-03-10
32,hru32,0.007,0.0,0.0,0.0,0.0,0.0,0.0,0.0,0.0,0.0,2019-03-10
33,hru33,0.006,0.0,0.0,0.0,0.0,0.0,0.0,0.0,0.0,0.0,2019-03-10
34,hru34,0.006,0.0,0.0,0.0,0.0,0.0,0.0,0.0,0.0,0.0,2019-03-10
35,hru35,0.006,0.0,0.0,0.0,0.0,0.0,0.0,0.0,0.0,0.0,2019-03-10
36,hru36,0.006,0.0,0.0,0.0,0.0,0.0,0.0,0.0,0.0,0.0,2019-03-10
1,hru01,0.006,0.0,0.0,0.0,0.0,0.0,0.0,0.0,0.0,0.0,2019-03-11
2,hru02,0.006,0.0,0.0,0.0,0.0,0.0,0.0,0.0,0.0,0.0,2019-03-11
3,hru03,0.006,0.0,0.0,0.0,0.0,0.0,0.0,0.0,0.0,0.0,2019-03-11
4,hru04,0.006,0.0,0.0,0.0,0.0,0.0,0.0,0.0,0.0,0.0,2019-03-11
5,hru05,0.006,0.0,0.0,0.0,0.0,0.0,0.0,0.0,0.0,0.0,2019-03-11
6,hru06,0.006,0.0,0.0,0.0,0.0,0.0,0.0,0.0,0.0,0.0,2019-03-11
7,hru07,0.007,0.0,0.0,0.0,0.0,0.0,0.0,0.0,0.0,0.0,2019-03-11
8,hru08,0.006,0.0,0.0,0.0,0.0,0.0,0.0,0.0,0.0,0.0,2019-03-11
9,hru09,0.006,0.0,0.0,0.0,0.0,0.0,0.0,0.0,0.0,0.0,2019-03-11
10,hru10,0.006,0.0,0.0,0.0,0.0,0.0,0.0,0.0,0.0,0.0,2019-03-11
11,hru11,0.006,0.0,0.0,0.0,0.0,0.0,0.0,0.0,0.0,0.0,2019-03-11
12,hru12,0.007,0.0,0.0,0.0,0.0,0.0,0.0,0.0,0.0,0.0,2019-03-11
13,hru13,0.007,0.0,0.0,0.0,0.0,0.0,0.0,0.0,0.0,0.0,2019-03-11
14,hru14,0.007,0.0,0.0,0.0,0.0,0.0,0.0,0.0,0.0,0.0,2019-03-11
15,hru15,0.007,0.0,0.0,0.0,0.0,0.0,0.0,0.0,0.0,0.0,2019-03-11
16,hru16,0.007,0.0,0.0,0.0,0.0,0.0,0.0,0.0,0.0,0.0,2019-03-11
17,hru17,0.007,0.0,0.0,0.0,0.0,0.0,0.0,0.0,0.0,0.0,2019-03-11
18,hru18,0.007,0.0,0.0,0.0,0.0,0.0,0.0,0.0,0.0,0.0,2019-03-11
19,hru19,0.007,0.0,0.0,0.0,0.0,0.0,0.0,0.0,0.0,0.0,2019-03-11
20,hru20,0.007,0.0,0.0,0.0,0.0,0.0,0.0,0.0,0.0,0.0,2019-03-11
21,hru21,0.007,0.0,0.0,0.0,0.0,0.0,0.0,0.0,0.0,0.0,2019-03-11
22,hru22,0.007,0.0,0.0,0.0,0.0,0.0,0.0,0.0,0.0,0.0,2019-03-11
23,hru23,0.007,0.0,0.0,0.0,0.0,0.0,0.0,0.0,0.0,0.0,2019-03-11
24,hru24,0.007,0.0,0.0,0.0,0.0,0.0,0.0,0.0,0.0,0.0,2019-03-11
25,hru25,0.007,0.0,0.0,0.0,0.0,0.0,0.0,0.0,0.0,0.0,2019-03-11
26,hru26,0.007,0.0,0.0,0.0,0.0,0.0,0.0,0.0,0.0,0.0,2019-03-11
27,hru27,0.007,0.0,0.0,0.0,0.0,0.0,0.0,0.0,0.0,0.0,2019-03-11
28,hru28,0.006,0.0,0.0,0.0,0.0,0.0,0.0,0.0,0.0,0.0,2019-03-11
29,hru29,0.007,0.0,0.0,0.0,0.0,0.0,0.0,0.0,0.0,0.0,2019-03-11
30,hru30,0.006,0.0,0.0,0.0,0.0,0.0,0.0,0.0,0.0,0.0,2019-03-11
31,hru31,0.006,0.0,0.0,0.0,0.0,0.0,0.0,0.0,0.0,0.0,2019-03-11
32,hru32,0.007,0.0,0.0,0.0,0.0,0.0,0.0,0.0,0.0,0.0,2019-03-11
33,hru33,0.006,0.0,0.0,0.0,0.0,0.0,0.0,0.0,0.0,0.0,2019-03-11
34,hru34,0.006,0.0,0.0,0.0,0.0,0.0,0.0,0.0,0.0,0.0,2019-03-11
35,hru35,0.006,0.0,0.0,0.0,0.0,0.0,0.0,0.0,0.0,0.0,2019-03-11
36,hru36,0.006,0.0,0.0,0.0,0.0,0.0,0.0,0.0,0.0,0.0,2019-03-11
1,hru01,0.006,0.0,0.0,0.0,0.0,0.0,0.0,0.0,0.0,0.0,2019-03-12
2,hru02,0.007,0.0,0.0,0.0,0.0,0.0,0.0,0.0,0.0,0.0,2019-03-12
3,hru03,0.006,0.0,0.0,0.0,0.0,0.0,0.0,0.0,0.0,0.0,2019-03-12
4,hru04,0.006,0.0,0.0,0.0,0.0,0.0,0.0,0.0,0.0,0.0,2019-03-12
5,hru05,0.007,0.0,0.0,0.0,0.0,0.0,0.0,0.0,0.0,0.0,2019-03-12
6,hru06,0.007,0.0,0.0,0.0,0.0,0.0,0.0,0.0,0.0,0.0,2019-03-12
7,hru07,0.007,0.0,0.0,0.0,0.0,0.0,0.0,0.0,0.0,0.0,2019-03-12
8,hru08,0.006,0.0,0.0,0.0,0.0,0.0,0.0,0.0,0.0,0.0,2019-03-12
9,hru09,0.007,0.0,0.0,0.0,0.0,0.0,0.0,0.0,0.0,0.0,2019-03-12
10,hru10,0.007,0.0,0.0,0.0,0.0,0.0,0.0,0.0,0.0,0.0,2019-03-12
11,hru11,0.007,0.0,0.0,0.0,0.0,0.0,0.0,0.0,0.0,0.0,2019-03-12
12,hru12,0.007,0.0,0.0,0.0,0.0,0.0,0.0,0.0,0.0,0.0,2019-03-12
13,hru13,0.007,0.0,0.0,0.0,0.0,0.0,0.0,0.0,0.0,0.0,2019-03-12
14,hru14,0.007,0.0,0.0,0.0,0.0,0.0,0.0,0.0,0.0,0.0,2019-03-12
15,hru15,0.007,0.0,0.0,0.0,0.0,0.0,0.0,0.0,0.0,0.0,2019-03-12
16,hru16,0.007,0.0,0.0,0.0,0.0,0.0,0.0,0.0,0.0,0.0,2019-03-12
17,hru17,0.007,0.0,0.0,0.0,0.0,0.0,0.0,0.0,0.0,0.0,2019-03-12
18,hru18,0.007,0.0,0.0,0.0,0.0,0.0,0.0,0.0,0.0,0.0,2019-03-12
19,hru19,0.007,0.0,0.0,0.0,0.0,0.0,0.0,0.0,0.0,0.0,2019-03-12
20,hru20,0.007,0.0,0.0,0.0,0.0,0.0,0.0,0.0,0.0,0.0,2019-03-12
21,hru21,0.007,0.0,0.0,0.0,0.0,0.0,0.0,0.0,0.0,0.0,2019-03-12
22,hru22,0.007,0.0,0.0,0.0,0.0,0.0,0.0,0.0,0.0,0.0,2019-03-12
23,hru23,0.007,0.0,0.0,0.0,0.0,0.0,0.0,0.0,0.0,0.0,2019-03-12
24,hru24,0.007,0.0,0.0,0.0,0.0,0.0,0.0,0.0,0.0,0.0,2019-03-12
25,hru25,0.007,0.0,0.0,0.0,0.0,0.0,0.0,0.0,0.0,0.0,2019-03-12
26,hru26,0.007,0.0,0.0,0.0,0.0,0.0,0.0,0.0,0.0,0.0,2019-03-12
27,hru27,0.007,0.0,0.0,0.0,0.0,0.0,0.0,0.0,0.0,0.0,2019-03-12
28,hru28,0.007,0.0,0.0,0.0,0.0,0.0,0.0,0.0,0.0,0.0,2019-03-12
29,hru29,0.007,0.0,0.0,0.0,0.0,0.0,0.0,0.0,0.0,0.0,2019-03-12
30,hru30,0.007,0.0,0.0,0.0,0.0,0.0,0.0,0.0,0.0,0.0,2019-03-12
31,hru31,0.006,0.0,0.0,0.0,0.0,0.0,0.0,0.0,0.0,0.0,2019-03-12
32,hru32,0.007,0.0,0.0,0.0,0.0,0.0,0.0,0.0,0.0,0.0,2019-03-12
33,hru33,0.007,0.0,0.0,0.0,0.0,0.0,0.0,0.0,0.0,0.0,2019-03-12
34,hru34,0.007,0.0,0.0,0.0,0.0,0.0,0.0,0.0,0.0,0.0,2019-03-12
35,hru35,0.007,0.0,0.0,0.0,0.0,0.0,0.0,0.0,0.0,0.0,2019-03-12
36,hru36,0.007,0.0,0.0,0.0,0.0,0.0,0.0,0.0,0.0,0.0,2019-03-12
1,hru01,0.008,0.0,0.0,0.0,0.0,0.0,0.0,0.0,0.0,0.0,2019-03-13
2,hru02,0.008,0.0,0.0,0.0,0.0,0.0,0.0,0.0,0.0,0.0,2019-03-13
3,hru03,0.008,0.0,0.0,0.0,0.0,0.0,0.0,0.0,0.0,0.0,2019-03-13
4,hru04,0.008,0.0,0.0,0.0,0.0,0.0,0.0,0.0,0.0,0.0,2019-03-13
5,hru05,0.008,0.0,0.0,0.0,0.0,0.0,0.0,0.0,0.0,0.0,2019-03-13
6,hru06,0.008,0.0,0.0,0.0,0.0,0.0,0.0,0.0,0.0,0.0,2019-03-13
7,hru07,0.008,0.0,0.0,0.0,0.0,0.0,0.0,0.0,0.0,0.0,2019-03-13
8,hru08,0.008,0.0,0.0,0.0,0.0,0.0,0.0,0.0,0.0,0.0,2019-03-13
9,hru09,0.008,0.0,0.0,0.0,0.0,0.0,0.0,0.0,0.0,0.0,2019-03-13
10,hru10,0.008,0.0,0.0,0.0,0.0,0.0,0.0,0.0,0.0,0.0,2019-03-13
11,hru11,0.008,0.0,0.0,0.0,0.0,0.0,0.0,0.0,0.0,0.0,2019-03-13
12,hru12,0.008,0.0,0.0,0.0,0.0,0.0,0.0,0.0,0.0,0.0,2019-03-13
13,hru13,0.008,0.0,0.0,0.0,0.0,0.0,0.0,0.0,0.0,0.0,2019-03-13
14,hru14,0.008,0.0,0.0,0.0,0.0,0.0,0.0,0.0,0.0,0.0,2019-03-13
15,hru15,0.008,0.0,0.0,0.0,0.0,0.0,0.0,0.0,0.0,0.0,2019-03-13
16,hru16,0.008,0.0,0.0,0.0,0.0,0.0,0.0,0.0,0.0,0.0,2019-03-13
17,hru17,0.008,0.0,0.0,0.0,0.0,0.0,0.0,0.0,0.0,0.0,2019-03-13
18,hru18,0.008,0.0,0.0,0.0,0.0,0.0,0.0,0.0,0.0,0.0,2019-03-13
19,hru19,0.009,0.0,0.0,0.0,0.0,0.0,0.0,0.0,0.0,0.0,2019-03-13
20,hru20,0.008,0.0,0.0,0.0,0.0,0.0,0.0,0.0,0.0,0.0,2019-03-13
21,hru21,0.008,0.0,0.0,0.0,0.0,0.0,0.0,0.0,0.0,0.0,2019-03-13
22,hru22,0.008,0.0,0.0,0.0,0.0,0.0,0.0,0.0,0.0,0.0,2019-03-13
23,hru23,0.008,0.0,0.0,0.0,0.0,0.0,0.0,0.0,0.0,0.0,2019-03-13
24,hru24,0.008,0.0,0.0,0.0,0.0,0.0,0.0,0.0,0.0,0.0,2019-03-13
25,hru25,0.008,0.0,0.0,0.0,0.0,0.0,0.0,0.0,0.0,0.0,2019-03-13
26,hru26,0.008,0.0,0.0,0.0,0.0,0.0,0.0,0.0,0.0,0.0,2019-03-13
27,hru27,0.008,0.0,0.0,0.0,0.0,0.0,0.0,0.0,0.0,0.0,2019-03-13
28,hru28,0.008,0.0,0.0,0.0,0.0,0.0,0.0,0.0,0.0,0.0,2019-03-13
29,hru29,0.008,0.0,0.0,0.0,0.0,0.0,0.0,0.0,0.0,0.0,2019-03-13
30,hru30,0.008,0.0,0.0,0.0,0.0,0.0,0.0,0.0,0.0,0.0,2019-03-13
31,hru31,0.008,0.0,0.0,0.0,0.0,0.0,0.0,0.0,0.0,0.0,2019-03-13
32,hru32,0.008,0.0,0.0,0.0,0.0,0.0,0.0,0.0,0.0,0.0,2019-03-13
33,hru33,0.008,0.0,0.0,0.0,0.0,0.0,0.0,0.0,0.0,0.0,2019-03-13
34,hru34,0.008,0.0,0.0,0.0,0.0,0.0,0.0,0.0,0.0,0.0,2019-03-13
35,hru35,0.008,0.0,0.0,0.0,0.0,0.0,0.0,0.0,0.0,0.0,2019-03-13
36,hru36,0.008,0.0,0.0,0.0,0.0,0.0,0.0,0.0,0.0,0.0,2019-03-13
1,hru01,0.008,0.0,0.0,0.0,0.0,0.0,0.0,0.0,0.0,0.0,2019-03-14
2,hru02,0.009,0.0,0.0,0.0,0.0,0.0,0.0,0.0,0.0,0.0,2019-03-14
3,hru03,0.008,0.0,0.0,0.0,0.0,0.0,0.0,0.0,0.0,0.0,2019-03-14
4,hru04,0.008,0.0,0.0,0.0,0.0,0.0,0.0,0.0,0.0,0.0,2019-03-14
5,hru05,0.008,0.0,0.0,0.0,0.0,0.0,0.0,0.0,0.0,0.0,2019-03-14
6,hru06,0.008,0.0,0.0,0.0,0.0,0.0,0.0,0.0,0.0,0.0,2019-03-14
7,hru07,0.009,0.0,0.0,0.0,0.0,0.0,0.0,0.0,0.0,0.0,2019-03-14
8,hru08,0.008,0.0,0.0,0.0,0.0,0.0,0.0,0.0,0.0,0.0,2019-03-14
9,hru09,0.009,0.0,0.0,0.0,0.0,0.0,0.0,0.0,0.0,0.0,2019-03-14
10,hru10,0.009,0.0,0.0,0.0,0.0,0.0,0.0,0.0,0.0,0.0,2019-03-14
11,hru11,0.008,0.0,0.0,0.0,0.0,0.0,0.0,0.0,0.0,0.0,2019-03-14
12,hru12,0.009,0.0,0.0,0.0,0.0,0.0,0.0,0.0,0.0,0.0,2019-03-14
13,hru13,0.009,0.0,0.0,0.0,0.0,0.0,0.0,0.0,0.0,0.0,2019-03-14
14,hru14,0.009,0.0,0.0,0.0,0.0,0.0,0.0,0.0,0.0,0.0,2019-03-14
15,hru15,0.009,0.0,0.0,0.0,0.0,0.0,0.0,0.0,0.0,0.0,2019-03-14
16,hru16,0.009,0.0,0.0,0.0,0.0,0.0,0.0,0.0,0.0,0.0,2019-03-14
17,hru17,0.009,0.0,0.0,0.0,0.0,0.0,0.0,0.0,0.0,0.0,2019-03-14
18,hru18,0.009,0.0,0.0,0.0,0.0,0.0,0.0,0.0,0.0,0.0,2019-03-14
19,hru19,0.009,0.0,0.0,0.0,0.0,0.0,0.0,0.0,0.0,0.0,2019-03-14
20,hru20,0.009,0.0,0.0,0.0,0.0,0.0,0.0,0.0,0.0,0.0,2019-03-14
21,hru21,0.009,0.0,0.0,0.0,0.0,0.0,0.0,0.0,0.0,0.0,2019-03-14
22,hru22,0.009,0.0,0.0,0.0,0.0,0.0,0.0,0.0,0.0,0.0,2019-03-14
23,hru23,0.009,0.0,0.0,0.0,0.0,0.0,0.0,0.0,0.0,0.0,2019-03-14
24,hru24,0.009,0.0,0.0,0.0,0.0,0.0,0.0,0.0,0.0,0.0,2019-03-14
25,hru25,0.009,0.0,0.0,0.0,0.0,0.0,0.0,0.0,0.0,0.0,2019-03-14
26,hru26,0.009,0.0,0.0,0.0,0.0,0.0,0.0,0.0,0.0,0.0,2019-03-14
27,hru27,0.009,0.0,0.0,0.0,0.0,0.0,0.0,0.0,0.0,0.0,2019-03-14
28,hru28,0.008,0.0,0.0,0.0,0.0,0.0,0.0,0.0,0.0,0.0,2019-03-14
29,hru29,0.009,0.0,0.0,0.0,0.0,0.0,0.0,0.0,0.0,0.0,2019-03-14
30,hru30,0.009,0.0,0.0,0.0,0.0,0.0,0.0,0.0,0.0,0.0,2019-03-14
31,hru31,0.008,0.0,0.0,0.0,0.0,0.0,0.0,0.0,0.0,0.0,2019-03-14
32,hru32,0.009,0.0,0.0,0.0,0.0,0.0,0.0,0.0,0.0,0.0,2019-03-14
33,hru33,0.009,0.0,0.0,0.0,0.0,0.0,0.0,0.0,0.0,0.0,2019-03-14
34,hru34,0.009,0.0,0.0,0.0,0.0,0.0,0.0,0.0,0.0,0.0,2019-03-14
35,hru35,0.008,0.0,0.0,0.0,0.0,0.0,0.0,0.0,0.0,0.0,2019-03-14
36,hru36,0.009,0.0,0.0,0.0,0.0,0.0,0.0,0.0,0.0,0.0,2019-03-14
1,hru01,0.008,0.0,0.0,0.0,0.0,0.0,0.0,0.0,0.0,0.0,2019-03-15
2,hru02,0.009,0.0,0.0,0.0,0.0,0.0,0.0,0.0,0.0,0.0,2019-03-15
3,hru03,0.008,0.0,0.0,0.0,0.0,0.0,0.0,0.0,0.0,0.0,2019-03-15
4,hru04,0.008,0.0,0.0,0.0,0.0,0.0,0.0,0.0,0.0,0.0,2019-03-15
5,hru05,0.008,0.0,0.0,0.0,0.0,0.0,0.0,0.0,0.0,0.0,2019-03-15
6,hru06,0.008,0.0,0.0,0.0,0.0,0.0,0.0,0.0,0.0,0.0,2019-03-15
7,hru07,0.009,0.0,0.0,0.0,0.0,0.0,0.0,0.0,0.0,0.0,2019-03-15
8,hru08,0.008,0.0,0.0,0.0,0.0,0.0,0.0,0.0,0.0,0.0,2019-03-15
9,hru09,0.009,0.0,0.0,0.0,0.0,0.0,0.0,0.0,0.0,0.0,2019-03-15
10,hru10,0.009,0.0,0.0,0.0,0.0,0.0,0.0,0.0,0.0,0.0,2019-03-15
11,hru11,0.008,0.0,0.0,0.0,0.0,0.0,0.0,0.0,0.0,0.0,2019-03-15
12,hru12,0.009,0.0,0.0,0.0,0.0,0.0,0.0,0.0,0.0,0.0,2019-03-15
13,hru13,0.009,0.0,0.0,0.0,0.0,0.0,0.0,0.0,0.0,0.0,2019-03-15
14,hru14,0.009,0.0,0.0,0.0,0.0,0.0,0.0,0.0,0.0,0.0,2019-03-15
15,hru15,0.009,0.0,0.0,0.0,0.0,0.0,0.0,0.0,0.0,0.0,2019-03-15
16,hru16,0.009,0.0,0.0,0.0,0.0,0.0,0.0,0.0,0.0,0.0,2019-03-15
17,hru17,0.009,0.0,0.0,0.0,0.0,0.0,0.0,0.0,0.0,0.0,2019-03-15
18,hru18,0.009,0.0,0.0,0.0,0.0,0.0,0.0,0.0,0.0,0.0,2019-03-15
19,hru19,0.009,0.0,0.0,0.0,0.0,0.0,0.0,0.0,0.0,0.0,2019-03-15
20,hru20,0.009,0.0,0.0,0.0,0.0,0.0,0.0,0.0,0.0,0.0,2019-03-15
21,hru21,0.009,0.0,0.0,0.0,0.0,0.0,0.0,0.0,0.0,0.0,2019-03-15
22,hru22,0.009,0.0,0.0,0.0,0.0,0.0,0.0,0.0,0.0,0.0,2019-03-15
23,hru23,0.009,0.0,0.0,0.0,0.0,0.0,0.0,0.0,0.0,0.0,2019-03-15
24,hru24,0.009,0.0,0.0,0.0,0.0,0.0,0.0,0.0,0.0,0.0,2019-03-15
25,hru25,0.009,0.0,0.0,0.0,0.0,0.0,0.0,0.0,0.0,0.0,2019-03-15
26,hru26,0.009,0.0,0.0,0.0,0.0,0.0,0.0,0.0,0.0,0.0,2019-03-15
27,hru27,0.009,0.0,0.0,0.0,0.0,0.0,0.0,0.0,0.0,0.0,2019-03-15
28,hru28,0.008,0.0,0.0,0.0,0.0,0.0,0.0,0.0,0.0,0.0,2019-03-15
29,hru29,0.009,0.0,0.0,0.0,0.0,0.0,0.0,0.0,0.0,0.0,2019-03-15
30,hru30,0.009,0.0,0.0,0.0,0.0,0.0,0.0,0.0,0.0,0.0,2019-03-15
31,hru31,0.008,0.0,0.0,0.0,0.0,0.0,0.0,0.0,0.0,0.0,2019-03-15
32,hru32,0.009,0.0,0.0,0.0,0.0,0.0,0.0,0.0,0.0,0.0,2019-03-15
33,hru33,0.009,0.0,0.0,0.0,0.0,0.0,0.0,0.0,0.0,0.0,2019-03-15
34,hru34,0.009,0.0,0.0,0.0,0.0,0.0,0.0,0.0,0.0,0.0,2019-03-15
35,hru35,0.008,0.0,0.0,0.0,0.0,0.0,0.0,0.0,0.0,0.0,2019-03-15
36,hru36,0.009,0.0,0.0,0.0,0.0,0.0,0.0,0.0,0.0,0.0,2019-03-15
1,hru01,0.008,0.0,0.0,0.0,0.0,0.0,0.0,0.0,0.0,0.0,2019-03-16
2,hru02,0.009,0.0,0.0,0.0,0.0,0.0,0.0,0.0,0.0,0.0,2019-03-16
3,hru03,0.008,0.0,0.0,0.0,0.0,0.0,0.0,0.0,0.0,0.0,2019-03-16
4,hru04,0.008,0.0,0.0,0.0,0.0,0.0,0.0,0.0,0.0,0.0,2019-03-16
5,hru05,0.009,0.0,0.0,0.0,0.0,0.0,0.0,0.0,0.0,0.0,2019-03-16
6,hru06,0.009,0.0,0.0,0.0,0.0,0.0,0.0,0.0,0.0,0.0,2019-03-16
7,hru07,0.009,0.0,0.0,0.0,0.0,0.0,0.0,0.0,0.0,0.0,2019-03-16
8,hru08,0.008,0.0,0.0,0.0,0.0,0.0,0.0,0.0,0.0,0.0,2019-03-16
9,hru09,0.009,0.0,0.0,0.0,0.0,0.0,0.0,0.0,0.0,0.0,2019-03-16
10,hru10,0.009,0.0,0.0,0.0,0.0,0.0,0.0,0.0,0.0,0.0,2019-03-16
11,hru11,0.009,0.0,0.0,0.0,0.0,0.0,0.0,0.0,0.0,0.0,2019-03-16
12,hru12,0.009,0.0,0.0,0.0,0.0,0.0,0.0,0.0,0.0,0.0,2019-03-16
13,hru13,0.009,0.0,0.0,0.0,0.0,0.0,0.0,0.0,0.0,0.0,2019-03-16
14,hru14,0.009,0.0,0.0,0.0,0.0,0.0,0.0,0.0,0.0,0.0,2019-03-16
15,hru15,0.009,0.0,0.0,0.0,0.0,0.0,0.0,0.0,0.0,0.0,2019-03-16
16,hru16,0.009,0.0,0.0,0.0,0.0,0.0,0.0,0.0,0.0,0.0,2019-03-16
17,hru17,0.009,0.0,0.0,0.0,0.0,0.0,0.0,0.0,0.0,0.0,2019-03-16
18,hru18,0.009,0.0,0.0,0.0,0.0,0.0,0.0,0.0,0.0,0.0,2019-03-16
19,hru19,0.01,0.0,0.0,0.0,0.0,0.0,0.0,0.0,0.0,0.0,2019-03-16
20,hru20,0.009,0.0,0.0,0.0,0.0,0.0,0.0,0.0,0.0,0.0,2019-03-16
21,hru21,0.009,0.0,0.0,0.0,0.0,0.0,0.0,0.0,0.0,0.0,2019-03-16
22,hru22,0.009,0.0,0.0,0.0,0.0,0.0,0.0,0.0,0.0,0.0,2019-03-16
23,hru23,0.009,0.0,0.0,0.0,0.0,0.0,0.0,0.0,0.0,0.0,2019-03-16
24,hru24,0.009,0.0,0.0,0.0,0.0,0.0,0.0,0.0,0.0,0.0,2019-03-16
25,hru25,0.009,0.0,0.0,0.0,0.0,0.0,0.0,0.0,0.0,0.0,2019-03-16
26,hru26,0.009,0.0,0.0,0.0,0.0,0.0,0.0,0.0,0.0,0.0,2019-03-16
27,hru27,0.009,0.0,0.0,0.0,0.0,0.0,0.0,0.0,0.0,0.0,2019-03-16
28,hru28,0.009,0.0,0.0,0.0,0.0,0.0,0.0,0.0,0.0,0.0,2019-03-16
29,hru29,0.009,0.0,0.0,0.0,0.0,0.0,0.0,0.0,0.0,0.0,2019-03-16
30,hru30,0.009,0.0,0.0,0.0,0.0,0.0,0.0,0.0,0.0,0.0,2019-03-16
31,hru31,0.008,0.0,0.0,0.0,0.0,0.0,0.0,0.0,0.0,0.0,2019-03-16
32,hru32,0.009,0.0,0.0,0.0,0.0,0.0,0.0,0.0,0.0,0.0,2019-03-16
33,hru33,0.009,0.0,0.0,0.0,0.0,0.0,0.0,0.0,0.0,0.0,2019-03-16
34,hru34,0.009,0.0,0.0,0.0,0.0,0.0,0.0,0.0,0.0,0.0,2019-03-16
35,hru35,0.008,0.0,0.0,0.0,0.0,0.0,0.0,0.0,0.0,0.0,2019-03-16
36,hru36,0.009,0.0,0.0,0.0,0.0,0.0,0.0,0.0,0.0,0.0,2019-03-16
1,hru01,0.008,0.0,0.0,0.0,0.0,0.0,0.0,0.0,0.0,0.0,2019-03-17
2,hru02,0.009,0.0,0.0,0.0,0.0,0.0,0.0,0.0,0.0,0.0,2019-03-17
3,hru03,0.008,0.0,0.0,0.0,0.0,0.0,0.0,0.0,0.0,0.0,2019-03-17
4,hru04,0.008,0.0,0.0,0.0,0.0,0.0,0.0,0.0,0.0,0.0,2019-03-17
5,hru05,0.009,0.0,0.0,0.0,0.0,0.0,0.0,0.0,0.0,0.0,2019-03-17
6,hru06,0.009,0.0,0.0,0.0,0.0,0.0,0.0,0.0,0.0,0.0,2019-03-17
7,hru07,0.009,0.0,0.0,0.0,0.0,0.0,0.0,0.0,0.0,0.0,2019-03-17
8,hru08,0.008,0.0,0.0,0.0,0.0,0.0,0.0,0.0,0.0,0.0,2019-03-17
9,hru09,0.009,0.0,0.0,0.0,0.0,0.0,0.0,0.0,0.0,0.0,2019-03-17
10,hru10,0.009,0.0,0.0,0.0,0.0,0.0,0.0,0.0,0.0,0.0,2019-03-17
11,hru11,0.009,0.0,0.0,0.0,0.0,0.0,0.0,0.0,0.0,0.0,2019-03-17
12,hru12,0.009,0.0,0.0,0.0,0.0,0.0,0.0,0.0,0.0,0.0,2019-03-17
13,hru13,0.009,0.0,0.0,0.0,0.0,0.0,0.0,0.0,0.0,0.0,2019-03-17
14,hru14,0.009,0.0,0.0,0.0,0.0,0.0,0.0,0.0,0.0,0.0,2019-03-17
15,hru15,0.01,0.0,0.0,0.0,0.0,0.0,0.0,0.0,0.0,0.0,2019-03-17
16,hru16,0.009,0.0,0.0,0.0,0.0,0.0,0.0,0.0,0.0,0.0,2019-03-17
17,hru17,0.01,0.0,0.0,0.0,0.0,0.0,0.0,0.0,0.0,0.0,2019-03-17
18,hru18,0.01,0.0,0.0,0.0,0.0,0.0,0.0,0.0,0.0,0.0,2019-03-17
19,hru19,0.01,0.0,0.0,0.0,0.0,0.0,0.0,0.0,0.0,0.0,2019-03-17
20,hru20,0.009,0.0,0.0,0.0,0.0,0.0,0.0,0.0,0.0,0.0,2019-03-17
21,hru21,0.01,0.0,0.0,0.0,0.0,0.0,0.0,0.0,0.0,0.0,2019-03-17
22,hru22,0.01,0.0,0.0,0.0,0.0,0.0,0.0,0.0,0.0,0.0,2019-03-17
23,hru23,0.01,0.0,0.0,0.0,0.0,0.0,0.0,0.0,0.0,0.0,2019-03-17
24,hru24,0.009,0.0,0.0,0.0,0.0,0.0,0.0,0.0,0.0,0.0,2019-03-17
25,hru25,0.009,0.0,0.0,0.0,0.0,0.0,0.0,0.0,0.0,0.0,2019-03-17
26,hru26,0.009,0.0,0.0,0.0,0.0,0.0,0.0,0.0,0.0,0.0,2019-03-17
27,hru27,0.009,0.0,0.0,0.0,0.0,0.0,0.0,0.0,0.0,0.0,2019-03-17
28,hru28,0.009,0.0,0.0,0.0,0.0,0.0,0.0,0.0,0.0,0.0,2019-03-17
29,hru29,0.009,0.0,0.0,0.0,0.0,0.0,0.0,0.0,0.0,0.0,2019-03-17
30,hru30,0.009,0.0,0.0,0.0,0.0,0.0,0.0,0.0,0.0,0.0,2019-03-17
31,hru31,0.008,0.0,0.0,0.0,0.0,0.0,0.0,0.0,0.0,0.0,2019-03-17
32,hru32,0.009,0.0,0.0,0.0,0.0,0.0,0.0,0.0,0.0,0.0,2019-03-17
33,hru33,0.009,0.0,0.0,0.0,0.0,0.0,0.0,0.0,0.0,0.0,2019-03-17
34,hru34,0.009,0.0,0.0,0.0,0.0,0.0,0.0,0.0,0.0,0.0,2019-03-17
35,hru35,0.008,0.0,0.0,0.0,0.0,0.0,0.0,0.0,0.0,0.0,2019-03-17
36,hru36,0.009,0.0,0.0,0.0,0.0,0.0,0.0,0.0,0.0,0.0,2019-03-17
1,hru01,0.009,0.0,0.0,0.0,0.0,0.0,0.0,0.0,0.0,0.0,2019-03-18
2,hru02,0.009,0.0,0.0,0.0,0.0,0.0,0.0,0.0,0.0,0.0,2019-03-18
3,hru03,0.009,0.0,0.0,0.0,0.0,0.0,0.0,0.0,0.0,0.0,2019-03-18
4,hru04,0.009,0.0,0.0,0.0,0.0,0.0,0.0,0.0,0.0,0.0,2019-03-18
5,hru05,0.009,0.0,0.0,0.0,0.0,0.0,0.0,0.0,0.0,0.0,2019-03-18
6,hru06,0.009,0.0,0.0,0.0,0.0,0.0,0.0,0.0,0.0,0.0,2019-03-18
7,hru07,0.009,0.0,0.0,0.0,0.0,0.0,0.0,0.0,0.0,0.0,2019-03-18
8,hru08,0.009,0.0,0.0,0.0,0.0,0.0,0.0,0.0,0.0,0.0,2019-03-18
9,hru09,0.01,0.0,0.0,0.0,0.0,0.0,0.0,0.0,0.0,0.0,2019-03-18
10,hru10,0.01,0.0,0.0,0.0,0.0,0.0,0.0,0.0,0.0,0.0,2019-03-18
11,hru11,0.009,0.0,0.0,0.0,0.0,0.0,0.0,0.0,0.0,0.0,2019-03-18
12,hru12,0.01,0.0,0.0,0.0,0.0,0.0,0.0,0.0,0.0,0.0,2019-03-18
13,hru13,0.01,0.0,0.0,0.0,0.0,0.0,0.0,0.0,0.0,0.0,2019-03-18
14,hru14,0.01,0.0,0.0,0.0,0.0,0.0,0.0,0.0,0.0,0.0,2019-03-18
15,hru15,0.01,0.0,0.0,0.0,0.0,0.0,0.0,0.0,0.0,0.0,2019-03-18
16,hru16,0.01,0.0,0.0,0.0,0.0,0.0,0.0,0.0,0.0,0.0,2019-03-18
17,hru17,0.01,0.0,0.0,0.0,0.0,0.0,0.0,0.0,0.0,0.0,2019-03-18
18,hru18,0.01,0.0,0.0,0.0,0.0,0.0,0.0,0.0,0.0,0.0,2019-03-18
19,hru19,0.01,0.0,0.0,0.0,0.0,0.0,0.0,0.0,0.0,0.0,2019-03-18
20,hru20,0.01,0.0,0.0,0.0,0.0,0.0,0.0,0.0,0.0,0.0,2019-03-18
21,hru21,0.01,0.0,0.0,0.0,0.0,0.0,0.0,0.0,0.0,0.0,2019-03-18
22,hru22,0.01,0.0,0.0,0.0,0.0,0.0,0.0,0.0,0.0,0.0,2019-03-18
23,hru23,0.01,0.0,0.0,0.0,0.0,0.0,0.0,0.0,0.0,0.0,2019-03-18
24,hru24,0.01,0.0,0.0,0.0,0.0,0.0,0.0,0.0,0.0,0.0,2019-03-18
25,hru25,0.01,0.0,0.0,0.0,0.0,0.0,0.0,0.0,0.0,0.0,2019-03-18
26,hru26,0.01,0.0,0.0,0.0,0.0,0.0,0.0,0.0,0.0,0.0,2019-03-18
27,hru27,0.009,0.0,0.0,0.0,0.0,0.0,0.0,0.0,0.0,0.0,2019-03-18
28,hru28,0.009,0.0,0.0,0.0,0.0,0.0,0.0,0.0,0.0,0.0,2019-03-18
29,hru29,0.009,0.0,0.0,0.0,0.0,0.0,0.0,0.0,0.0,0.0,2019-03-18
30,hru30,0.009,0.0,0.0,0.0,0.0,0.0,0.0,0.0,0.0,0.0,2019-03-18
31,hru31,0.009,0.0,0.0,0.0,0.0,0.0,0.0,0.0,0.0,0.0,2019-03-18
32,hru32,0.01,0.0,0.0,0.0,0.0,0.0,0.0,0.0,0.0,0.0,2019-03-18
33,hru33,0.009,0.0,0.0,0.0,0.0,0.0,0.0,0.0,0.0,0.0,2019-03-18
34,hru34,0.009,0.0,0.0,0.0,0.0,0.0,0.0,0.0,0.0,0.0,2019-03-18
35,hru35,0.009,0.0,0.0,0.0,0.0,0.0,0.0,0.0,0.0,0.0,2019-03-18
36,hru36,0.009,0.0,0.0,0.0,0.0,0.0,0.0,0.0,0.0,0.0,2019-03-18
1,hru01,0.01,0.0,0.0,0.0,0.0,0.0,0.0,0.0,0.0,0.0,2019-03-19
2,hru02,0.01,0.0,0.0,0.0,0.0,0.0,0.0,0.0,0.0,0.0,2019-03-19
3,hru03,0.01,0.0,0.0,0.0,0.0,0.0,0.0,0.0,0.0,0.0,2019-03-19
4,hru04,0.01,0.0,0.0,0.0,0.0,0.0,0.0,0.0,0.0,0.0,2019-03-19
5,hru05,0.01,0.0,0.0,0.0,0.0,0.0,0.0,0.0,0.0,0.0,2019-03-19
6,hru06,0.01,0.0,0.0,0.0,0.0,0.0,0.0,0.0,0.0,0.0,2019-03-19
7,hru07,0.01,0.0,0.0,0.0,0.0,0.0,0.0,0.0,0.0,0.0,2019-03-19
8,hru08,0.01,0.0,0.0,0.0,0.0,0.0,0.0,0.0,0.0,0.0,2019-03-19
9,hru09,0.011,0.0,0.0,0.0,0.0,0.0,0.0,0.0,0.0,0.0,2019-03-19
10,hru10,0.011,0.0,0.0,0.0,0.0,0.0,0.0,0.0,0.0,0.0,2019-03-19
11,hru11,0.01,0.0,0.0,0.0,0.0,0.0,0.0,0.0,0.0,0.0,2019-03-19
12,hru12,0.011,0.0,0.0,0.0,0.0,0.0,0.0,0.0,0.0,0.0,2019-03-19
13,hru13,0.011,0.0,0.0,0.0,0.0,0.0,0.0,0.0,0.0,0.0,2019-03-19
14,hru14,0.011,0.0,0.0,0.0,0.0,0.0,0.0,0.0,0.0,0.0,2019-03-19
15,hru15,0.011,0.0,0.0,0.0,0.0,0.0,0.0,0.0,0.0,0.0,2019-03-19
16,hru16,0.011,0.0,0.0,0.0,0.0,0.0,0.0,0.0,0.0,0.0,2019-03-19
17,hru17,0.011,0.0,0.0,0.0,0.0,0.0,0.0,0.0,0.0,0.0,2019-03-19
18,hru18,0.011,0.0,0.0,0.0,0.0,0.0,0.0,0.0,0.0,0.0,2019-03-19
19,hru19,0.012,0.0,0.0,0.0,0.0,0.0,0.0,0.0,0.0,0.0,2019-03-19
20,hru20,0.011,0.0,0.0,0.0,0.0,0.0,0.0,0.0,0.0,0.0,2019-03-19
21,hru21,0.011,0.0,0.0,0.0,0.0,0.0,0.0,0.0,0.0,0.0,2019-03-19
22,hru22,0.011,0.0,0.0,0.0,0.0,0.0,0.0,0.0,0.0,0.0,2019-03-19
23,hru23,0.011,0.0,0.0,0.0,0.0,0.0,0.0,0.0,0.0,0.0,2019-03-19
24,hru24,0.011,0.0,0.0,0.0,0.0,0.0,0.0,0.0,0.0,0.0,2019-03-19
25,hru25,0.011,0.0,0.0,0.0,0.0,0.0,0.0,0.0,0.0,0.0,2019-03-19
26,hru26,0.011,0.0,0.0,0.0,0.0,0.0,0.0,0.0,0.0,0.0,2019-03-19
27,hru27,0.01,0.0,0.0,0.0,0.0,0.0,0.0,0.0,0.0,0.0,2019-03-19
28,hru28,0.01,0.0,0.0,0.0,0.0,0.0,0.0,0.0,0.0,0.0,2019-03-19
29,hru29,0.011,0.0,0.0,0.0,0.0,0.0,0.0,0.0,0.0,0.0,2019-03-19
30,hru30,0.01,0.0,0.0,0.0,0.0,0.0,0.0,0.0,0.0,0.0,2019-03-19
31,hru31,0.01,0.0,0.0,0.0,0.0,0.0,0.0,0.0,0.0,0.0,2019-03-19
32,hru32,0.011,0.0,0.0,0.0,0.0,0.0,0.0,0.0,0.0,0.0,2019-03-19
33,hru33,0.01,0.0,0.0,0.0,0.0,0.0,0.0,0.0,0.0,0.0,2019-03-19
34,hru34,0.01,0.0,0.0,0.0,0.0,0.0,0.0,0.0,0.0,0.0,2019-03-19
35,hru35,0.01,0.0,0.0,0.0,0.0,0.0,0.0,0.0,0.0,0.0,2019-03-19
36,hru36,0.01,0.0,0.0,0.0,0.0,0.0,0.0,0.0,0.0,0.0,2019-03-19
1,hru01,0.011,0.0,0.0,0.0,0.0,0.0,0.0,0.0,0.0,0.0,2019-03-20
2,hru02,0.012,0.0,0.0,0.0,0.0,0.0,0.0,0.0,0.0,0.0,2019-03-20
3,hru03,0.011,0.0,0.0,0.0,0.0,0.0,0.0,0.0,0.0,0.0,2019-03-20
4,hru04,0.011,0.0,0.0,0.0,0.0,0.0,0.0,0.0,0.0,0.0,2019-03-20
5,hru05,0.012,0.0,0.0,0.0,0.0,0.0,0.0,0.0,0.0,0.0,2019-03-20
6,hru06,0.012,0.0,0.0,0.0,0.0,0.0,0.0,0.0,0.0,0.0,2019-03-20
7,hru07,0.012,0.0,0.0,0.0,0.0,0.0,0.0,0.0,0.0,0.0,2019-03-20
8,hru08,0.011,0.0,0.0,0.0,0.0,0.0,0.0,0.0,0.0,0.0,2019-03-20
9,hru09,0.012,0.0,0.0,0.0,0.0,0.0,0.0,0.0,0.0,0.0,2019-03-20
10,hru10,0.012,0.0,0.0,0.0,0.0,0.0,0.0,0.0,0.0,0.0,2019-03-20
11,hru11,0.012,0.0,0.0,0.0,0.0,0.0,0.0,0.0,0.0,0.0,2019-03-20
12,hru12,0.012,0.0,0.0,0.0,0.0,0.0,0.0,0.0,0.0,0.0,2019-03-20
13,hru13,0.012,0.0,0.0,0.0,0.0,0.0,0.0,0.0,0.0,0.0,2019-03-20
14,hru14,0.012,0.0,0.0,0.0,0.0,0.0,0.0,0.0,0.0,0.0,2019-03-20
15,hru15,0.012,0.0,0.0,0.0,0.0,0.0,0.0,0.0,0.0,0.0,2019-03-20
16,hru16,0.012,0.0,0.0,0.0,0.0,0.0,0.0,0.0,0.0,0.0,2019-03-20
17,hru17,0.012,0.0,0.0,0.0,0.0,0.0,0.0,0.0,0.0,0.0,2019-03-20
18,hru18,0.012,0.0,0.0,0.0,0.0,0.0,0.0,0.0,0.0,0.0,2019-03-20
19,hru19,0.013,0.0,0.0,0.0,0.0,0.0,0.0,0.0,0.0,0.0,2019-03-20
20,hru20,0.012,0.0,0.0,0.0,0.0,0.0,0.0,0.0,0.0,0.0,2019-03-20
21,hru21,0.012,0.0,0.0,0.0,0.0,0.0,0.0,0.0,0.0,0.0,2019-03-20
22,hru22,0.012,0.0,0.0,0.0,0.0,0.0,0.0,0.0,0.0,0.0,2019-03-20
23,hru23,0.012,0.0,0.0,0.0,0.0,0.0,0.0,0.0,0.0,0.0,2019-03-20
24,hru24,0.012,0.0,0.0,0.0,0.0,0.0,0.0,0.0,0.0,0.0,2019-03-20
25,hru25,0.012,0.0,0.0,0.0,0.0,0.0,0.0,0.0,0.0,0.0,2019-03-20
26,hru26,0.012,0.0,0.0,0.0,0.0,0.0,0.0,0.0,0.0,0.0,2019-03-20
27,hru27,0.012,0.0,0.0,0.0,0.0,0.0,0.0,0.0,0.0,0.0,2019-03-20
28,hru28,0.012,0.0,0.0,0.0,0.0,0.0,0.0,0.0,0.0,0.0,2019-03-20
29,hru29,0.012,0.0,0.0,0.0,0.0,0.0,0.0,0.0,0.0,0.0,2019-03-20
30,hru30,0.012,0.0,0.0,0.0,0.0,0.0,0.0,0.0,0.0,0.0,2019-03-20
31,hru31,0.011,0.0,0.0,0.0,0.0,0.0,0.0,0.0,0.0,0.0,2019-03-20
32,hru32,0.012,0.0,0.0,0.0,0.0,0.0,0.0,0.0,0.0,0.0,2019-03-20
33,hru33,0.012,0.0,0.0,0.0,0.0,0.0,0.0,0.0,0.0,0.0,2019-03-20
34,hru34,0.012,0.0,0.0,0.0,0.0,0.0,0.0,0.0,0.0,0.0,2019-03-20
35,hru35,0.011,0.0,0.0,0.0,0.0,0.0,0.0,0.0,0.0,0.0,2019-03-20
36,hru36,0.012,0.0,0.0,0.0,0.0,0.0,0.0,0.0,0.0,0.0,2019-03-20
1,hru01,0.013,0.0,0.0,0.0,0.0,0.0,0.0,0.0,0.0,0.0,2019-03-21
2,hru02,0.013,0.0,0.0,0.0,0.0,0.0,0.0,0.0,0.0,0.0,2019-03-21
3,hru03,0.013,0.0,0.0,0.0,0.0,0.0,0.0,0.0,0.0,0.0,2019-03-21
4,hru04,0.013,0.0,0.0,0.0,0.0,0.0,0.0,0.0,0.0,0.0,2019-03-21
5,hru05,0.013,0.0,0.0,0.0,0.0,0.0,0.0,0.0,0.0,0.0,2019-03-21
6,hru06,0.013,0.0,0.0,0.0,0.0,0.0,0.0,0.0,0.0,0.0,2019-03-21
7,hru07,0.013,0.0,0.0,0.0,0.0,0.0,0.0,0.0,0.0,0.0,2019-03-21
8,hru08,0.013,0.0,0.0,0.0,0.0,0.0,0.0,0.0,0.0,0.0,2019-03-21
9,hru09,0.013,0.0,0.0,0.0,0.0,0.0,0.0,0.0,0.0,0.0,2019-03-21
10,hru10,0.013,0.0,0.0,0.0,0.0,0.0,0.0,0.0,0.0,0.0,2019-03-21
11,hru11,0.013,0.0,0.0,0.0,0.0,0.0,0.0,0.0,0.0,0.0,2019-03-21
12,hru12,0.013,0.0,0.0,0.0,0.0,0.0,0.0,0.0,0.0,0.0,2019-03-21
13,hru13,0.013,0.0,0.0,0.0,0.0,0.0,0.0,0.0,0.0,0.0,2019-03-21
14,hru14,0.013,0.0,0.0,0.0,0.0,0.0,0.0,0.0,0.0,0.0,2019-03-21
15,hru15,0.014,0.0,0.0,0.0,0.0,0.0,0.0,0.0,0.0,0.0,2019-03-21
16,hru16,0.014,0.0,0.0,0.0,0.0,0.0,0.0,0.0,0.0,0.0,2019-03-21
17,hru17,0.014,0.0,0.0,0.0,0.0,0.0,0.0,0.0,0.0,0.0,2019-03-21
18,hru18,0.014,0.0,0.0,0.0,0.0,0.0,0.0,0.0,0.0,0.0,2019-03-21
19,hru19,0.014,0.0,0.0,0.0,0.0,0.0,0.0,0.0,0.0,0.0,2019-03-21
20,hru20,0.014,0.0,0.0,0.0,0.0,0.0,0.0,0.0,0.0,0.0,2019-03-21
21,hru21,0.014,0.0,0.0,0.0,0.0,0.0,0.0,0.0,0.0,0.0,2019-03-21
22,hru22,0.014,0.0,0.0,0.0,0.0,0.0,0.0,0.0,0.0,0.0,2019-03-21
23,hru23,0.014,0.0,0.0,0.0,0.0,0.0,0.0,0.0,0.0,0.0,2019-03-21
24,hru24,0.014,0.0,0.0,0.0,0.0,0.0,0.0,0.0,0.0,0.0,2019-03-21
25,hru25,0.014,0.0,0.0,0.0,0.0,0.0,0.0,0.0,0.0,0.0,2019-03-21
26,hru26,0.014,0.0,0.0,0.0,0.0,0.0,0.0,0.0,0.0,0.0,2019-03-21
27,hru27,0.013,0.0,0.0,0.0,0.0,0.0,0.0,0.0,0.0,0.0,2019-03-21
28,hru28,0.013,0.0,0.0,0.0,0.0,0.0,0.0,0.0,0.0,0.0,2019-03-21
29,hru29,0.013,0.0,0.0,0.0,0.0,0.0,0.0,0.0,0.0,0.0,2019-03-21
30,hru30,0.013,0.0,0.0,0.0,0.0,0.0,0.0,0.0,0.0,0.0,2019-03-21
31,hru31,0.013,0.0,0.0,0.0,0.0,0.0,0.0,0.0,0.0,0.0,2019-03-21
32,hru32,0.013,0.0,0.0,0.0,0.0,0.0,0.0,0.0,0.0,0.0,2019-03-21
33,hru33,0.013,0.0,0.0,0.0,0.0,0.0,0.0,0.0,0.0,0.0,2019-03-21
34,hru34,0.013,0.0,0.0,0.0,0.0,0.0,0.0,0.0,0.0,0.0,2019-03-21
35,hru35,0.013,0.0,0.0,0.0,0.0,0.0,0.0,0.0,0.0,0.0,2019-03-21
36,hru36,0.013,0.0,0.0,0.0,0.0,0.0,0.0,0.0,0.0,0.0,2019-03-21
1,hru01,0.014,0.0,0.0,0.0,0.0,0.0,0.0,0.0,0.0,0.0,2019-03-22
2,hru02,0.014,0.0,0.0,0.0,0.0,0.0,0.0,0.0,0.0,0.0,2019-03-22
3,hru03,0.014,0.0,0.0,0.0,0.0,0.0,0.0,0.0,0.0,0.0,2019-03-22
4,hru04,0.014,0.0,0.0,0.0,0.0,0.0,0.0,0.0,0.0,0.0,2019-03-22
5,hru05,0.014,0.0,0.0,0.0,0.0,0.0,0.0,0.0,0.0,0.0,2019-03-22
6,hru06,0.014,0.0,0.0,0.0,0.0,0.0,0.0,0.0,0.0,0.0,2019-03-22
7,hru07,0.014,0.0,0.0,0.0,0.0,0.0,0.0,0.0,0.0,0.0,2019-03-22
8,hru08,0.014,0.0,0.0,0.0,0.0,0.0,0.0,0.0,0.0,0.0,2019-03-22
9,hru09,0.015,0.0,0.0,0.0,0.0,0.0,0.0,0.0,0.0,0.0,2019-03-22
10,hru10,0.015,0.0,0.0,0.0,0.0,0.0,0.0,0.0,0.0,0.0,2019-03-22
11,hru11,0.014,0.0,0.0,0.0,0.0,0.0,0.0,0.0,0.0,0.0,2019-03-22
12,hru12,0.015,0.0,0.0,0.0,0.0,0.0,0.0,0.0,0.0,0.0,2019-03-22
13,hru13,0.015,0.0,0.0,0.0,0.0,0.0,0.0,0.0,0.0,0.0,2019-03-22
14,hru14,0.015,0.0,0.0,0.0,0.0,0.0,0.0,0.0,0.0,0.0,2019-03-22
15,hru15,0.015,0.0,0.0,0.0,0.0,0.0,0.0,0.0,0.0,0.0,2019-03-22
16,hru16,0.015,0.0,0.0,0.0,0.0,0.0,0.0,0.0,0.0,0.0,2019-03-22
17,hru17,0.015,0.0,0.0,0.0,0.0,0.0,0.0,0.0,0.0,0.0,2019-03-22
18,hru18,0.015,0.0,0.0,0.0,0.0,0.0,0.0,0.0,0.0,0.0,2019-03-22
19,hru19,0.016,0.0,0.0,0.0,0.0,0.0,0.0,0.0,0.0,0.0,2019-03-22
20,hru20,0.015,0.0,0.0,0.0,0.0,0.0,0.0,0.0,0.0,0.0,2019-03-22
21,hru21,0.015,0.0,0.0,0.0,0.0,0.0,0.0,0.0,0.0,0.0,2019-03-22
22,hru22,0.015,0.0,0.0,0.0,0.0,0.0,0.0,0.0,0.0,0.0,2019-03-22
23,hru23,0.015,0.0,0.0,0.0,0.0,0.0,0.0,0.0,0.0,0.0,2019-03-22
24,hru24,0.015,0.0,0.0,0.0,0.0,0.0,0.0,0.0,0.0,0.0,2019-03-22
25,hru25,0.015,0.0,0.0,0.0,0.0,0.0,0.0,0.0,0.0,0.0,2019-03-22
26,hru26,0.015,0.0,0.0,0.0,0.0,0.0,0.0,0.0,0.0,0.0,2019-03-22
27,hru27,0.014,0.0,0.0,0.0,0.0,0.0,0.0,0.0,0.0,0.0,2019-03-22
28,hru28,0.014,0.0,0.0,0.0,0.0,0.0,0.0,0.0,0.0,0.0,2019-03-22
29,hru29,0.014,0.0,0.0,0.0,0.0,0.0,0.0,0.0,0.0,0.0,2019-03-22
30,hru30,0.014,0.0,0.0,0.0,0.0,0.0,0.0,0.0,0.0,0.0,2019-03-22
31,hru31,0.014,0.0,0.0,0.0,0.0,0.0,0.0,0.0,0.0,0.0,2019-03-22
32,hru32,0.015,0.0,0.0,0.0,0.0,0.0,0.0,0.0,0.0,0.0,2019-03-22
33,hru33,0.014,0.0,0.0,0.0,0.0,0.0,0.0,0.0,0.0,0.0,2019-03-22
34,hru34,0.014,0.0,0.0,0.0,0.0,0.0,0.0,0.0,0.0,0.0,2019-03-22
35,hru35,0.014,0.0,0.0,0.0,0.0,0.0,0.0,0.0,0.0,0.0,2019-03-22
36,hru36,0.014,0.0,0.0,0.0,0.0,0.0,0.0,0.0,0.0,0.0,2019-03-22
1,hru01,0.015,0.0,0.0,0.0,0.0,0.0,0.0,0.0,0.0,0.0,2019-03-23
2,hru02,0.016,0.0,0.0,0.0,0.0,0.0,0.0,0.0,0.0,0.0,2019-03-23
3,hru03,0.015,0.0,0.0,0.0,0.0,0.0,0.0,0.0,0.0,0.0,2019-03-23
4,hru04,0.015,0.0,0.0,0.0,0.0,0.0,0.0,0.0,0.0,0.0,2019-03-23
5,hru05,0.016,0.0,0.0,0.0,0.0,0.0,0.0,0.0,0.0,0.0,2019-03-23
6,hru06,0.016,0.0,0.0,0.0,0.0,0.0,0.0,0.0,0.0,0.0,2019-03-23
7,hru07,0.016,0.0,0.0,0.0,0.0,0.0,0.0,0.0,0.0,0.0,2019-03-23
8,hru08,0.015,0.0,0.0,0.0,0.0,0.0,0.0,0.0,0.0,0.0,2019-03-23
9,hru09,0.016,0.0,0.0,0.0,0.0,0.0,0.0,0.0,0.0,0.0,2019-03-23
10,hru10,0.016,0.0,0.0,0.0,0.0,0.0,0.0,0.0,0.0,0.0,2019-03-23
11,hru11,0.016,0.0,0.0,0.0,0.0,0.0,0.0,0.0,0.0,0.0,2019-03-23
12,hru12,0.016,0.0,0.0,0.0,0.0,0.0,0.0,0.0,0.0,0.0,2019-03-23
13,hru13,0.016,0.0,0.0,0.0,0.0,0.0,0.0,0.0,0.0,0.0,2019-03-23
14,hru14,0.016,0.0,0.0,0.0,0.0,0.0,0.0,0.0,0.0,0.0,2019-03-23
15,hru15,0.017,0.0,0.0,0.0,0.0,0.0,0.0,0.0,0.0,0.0,2019-03-23
16,hru16,0.017,0.0,0.0,0.0,0.0,0.0,0.0,0.0,0.0,0.0,2019-03-23
17,hru17,0.017,0.0,0.0,0.0,0.0,0.0,0.0,0.0,0.0,0.0,2019-03-23
18,hru18,0.017,0.0,0.0,0.0,0.0,0.0,0.0,0.0,0.0,0.0,2019-03-23
19,hru19,0.017,0.0,0.0,0.0,0.0,0.0,0.0,0.0,0.0,0.0,2019-03-23
20,hru20,0.016,0.0,0.0,0.0,0.0,0.0,0.0,0.0,0.0,0.0,2019-03-23
21,hru21,0.017,0.0,0.0,0.0,0.0,0.0,0.0,0.0,0.0,0.0,2019-03-23
22,hru22,0.017,0.0,0.0,0.0,0.0,0.0,0.0,0.0,0.0,0.0,2019-03-23
23,hru23,0.017,0.0,0.0,0.0,0.0,0.0,0.0,0.0,0.0,0.0,2019-03-23
24,hru24,0.016,0.0,0.0,0.0,0.0,0.0,0.0,0.0,0.0,0.0,2019-03-23
25,hru25,0.016,0.0,0.0,0.0,0.0,0.0,0.0,0.0,0.0,0.0,2019-03-23
26,hru26,0.016,0.0,0.0,0.0,0.0,0.0,0.0,0.0,0.0,0.0,2019-03-23
27,hru27,0.016,0.0,0.0,0.0,0.0,0.0,0.0,0.0,0.0,0.0,2019-03-23
28,hru28,0.016,0.0,0.0,0.0,0.0,0.0,0.0,0.0,0.0,0.0,2019-03-23
29,hru29,0.016,0.0,0.0,0.0,0.0,0.0,0.0,0.0,0.0,0.0,2019-03-23
30,hru30,0.016,0.0,0.0,0.0,0.0,0.0,0.0,0.0,0.0,0.0,2019-03-23
31,hru31,0.015,0.0,0.0,0.0,0.0,0.0,0.0,0.0,0.0,0.0,2019-03-23
32,hru32,0.016,0.0,0.0,0.0,0.0,0.0,0.0,0.0,0.0,0.0,2019-03-23
33,hru33,0.016,0.0,0.0,0.0,0.0,0.0,0.0,0.0,0.0,0.0,2019-03-23
34,hru34,0.016,0.0,0.0,0.0,0.0,0.0,0.0,0.0,0.0,0.0,2019-03-23
35,hru35,0.016,0.0,0.0,0.0,0.0,0.0,0.0,0.0,0.0,0.0,2019-03-23
36,hru36,0.016,0.0,0.0,0.0,0.0,0.0,0.0,0.0,0.0,0.0,2019-03-23
1,hru01,0.017,0.0,0.0,0.0,0.0,0.0,0.0,0.0,0.0,0.0,2019-03-24
2,hru02,0.017,0.0,0.0,0.0,0.0,0.0,0.0,0.0,0.0,0.0,2019-03-24
3,hru03,0.017,0.0,0.0,0.0,0.0,0.0,0.0,0.0,0.0,0.0,2019-03-24
4,hru04,0.017,0.0,0.0,0.0,0.0,0.0,0.0,0.0,0.0,0.0,2019-03-24
5,hru05,0.017,0.0,0.0,0.0,0.0,0.0,0.0,0.0,0.0,0.0,2019-03-24
6,hru06,0.017,0.0,0.0,0.0,0.0,0.0,0.0,0.0,0.0,0.0,2019-03-24
7,hru07,0.017,0.0,0.0,0.0,0.0,0.0,0.0,0.0,0.0,0.0,2019-03-24
8,hru08,0.017,0.0,0.0,0.0,0.0,0.0,0.0,0.0,0.0,0.0,2019-03-24
9,hru09,0.017,0.0,0.0,0.0,0.0,0.0,0.0,0.0,0.0,0.0,2019-03-24
10,hru10,0.017,0.0,0.0,0.0,0.0,0.0,0.0,0.0,0.0,0.0,2019-03-24
11,hru11,0.017,0.0,0.0,0.0,0.0,0.0,0.0,0.0,0.0,0.0,2019-03-24
12,hru12,0.017,0.0,0.0,0.0,0.0,0.0,0.0,0.0,0.0,0.0,2019-03-24
13,hru13,0.017,0.0,0.0,0.0,0.0,0.0,0.0,0.0,0.0,0.0,2019-03-24
14,hru14,0.017,0.0,0.0,0.0,0.0,0.0,0.0,0.0,0.0,0.0,2019-03-24
15,hru15,0.018,0.0,0.0,0.0,0.0,0.0,0.0,0.0,0.0,0.0,2019-03-24
16,hru16,0.018,0.0,0.0,0.0,0.0,0.0,0.0,0.0,0.0,0.0,2019-03-24
17,hru17,0.018,0.0,0.0,0.0,0.0,0.0,0.0,0.0,0.0,0.0,2019-03-24
18,hru18,0.018,0.0,0.0,0.0,0.0,0.0,0.0,0.0,0.0,0.0,2019-03-24
19,hru19,0.018,0.0,0.0,0.0,0.0,0.0,0.0,0.0,0.0,0.0,2019-03-24
20,hru20,0.017,0.0,0.0,0.0,0.0,0.0,0.0,0.0,0.0,0.0,2019-03-24
21,hru21,0.018,0.0,0.0,0.0,0.0,0.0,0.0,0.0,0.0,0.0,2019-03-24
22,hru22,0.018,0.0,0.0,0.0,0.0,0.0,0.0,0.0,0.0,0.0,2019-03-24
23,hru23,0.018,0.0,0.0,0.0,0.0,0.0,0.0,0.0,0.0,0.0,2019-03-24
24,hru24,0.018,0.0,0.0,0.0,0.0,0.0,0.0,0.0,0.0,0.0,2019-03-24
25,hru25,0.017,0.0,0.0,0.0,0.0,0.0,0.0,0.0,0.0,0.0,2019-03-24
26,hru26,0.017,0.0,0.0,0.0,0.0,0.0,0.0,0.0,0.0,0.0,2019-03-24
27,hru27,0.017,0.0,0.0,0.0,0.0,0.0,0.0,0.0,0.0,0.0,2019-03-24
28,hru28,0.017,0.0,0.0,0.0,0.0,0.0,0.0,0.0,0.0,0.0,2019-03-24
29,hru29,0.017,0.0,0.0,0.0,0.0,0.0,0.0,0.0,0.0,0.0,2019-03-24
30,hru30,0.017,0.0,0.0,0.0,0.0,0.0,0.0,0.0,0.0,0.0,2019-03-24
31,hru31,0.017,0.0,0.0,0.0,0.0,0.0,0.0,0.0,0.0,0.0,2019-03-24
32,hru32,0.017,0.0,0.0,0.0,0.0,0.0,0.0,0.0,0.0,0.0,2019-03-24
33,hru33,0.017,0.0,0.0,0.0,0.0,0.0,0.0,0.0,0.0,0.0,2019-03-24
34,hru34,0.017,0.0,0.0,0.0,0.0,0.0,0.0,0.0,0.0,0.0,2019-03-24
35,hru35,0.017,0.0,0.0,0.0,0.0,0.0,0.0,0.0,0.0,0.0,2019-03-24
36,hru36,0.017,0.0,0.0,0.0,0.0,0.0,0.0,0.0,0.0,0.0,2019-03-24
1,hru01,0.018,0.0,0.0,0.0,0.0,0.0,0.0,0.0,0.0,0.0,2019-03-25
2,hru02,0.018,0.0,0.0,0.0,0.0,0.0,0.0,0.0,0.0,0.0,2019-03-25
3,hru03,0.017,0.0,0.0,0.0,0.0,0.0,0.0,0.0,0.0,0.0,2019-03-25
4,hru04,0.017,0.0,0.0,0.0,0.0,0.0,0.0,0.0,0.0,0.0,2019-03-25
5,hru05,0.018,0.0,0.0,0.0,0.0,0.0,0.0,0.0,0.0,0.0,2019-03-25
6,hru06,0.018,0.0,0.0,0.0,0.0,0.0,0.0,0.0,0.0,0.0,2019-03-25
7,hru07,0.018,0.0,0.0,0.0,0.0,0.0,0.0,0.0,0.0,0.0,2019-03-25
8,hru08,0.017,0.0,0.0,0.0,0.0,0.0,0.0,0.0,0.0,0.0,2019-03-25
9,hru09,0.018,0.0,0.0,0.0,0.0,0.0,0.0,0.0,0.0,0.0,2019-03-25
10,hru10,0.018,0.0,0.0,0.0,0.0,0.0,0.0,0.0,0.0,0.0,2019-03-25
11,hru11,0.018,0.0,0.0,0.0,0.0,0.0,0.0,0.0,0.0,0.0,2019-03-25
12,hru12,0.018,0.0,0.0,0.0,0.0,0.0,0.0,0.0,0.0,0.0,2019-03-25
13,hru13,0.018,0.0,0.0,0.0,0.0,0.0,0.0,0.0,0.0,0.0,2019-03-25
14,hru14,0.018,0.0,0.0,0.0,0.0,0.0,0.0,0.0,0.0,0.0,2019-03-25
15,hru15,0.019,0.0,0.0,0.0,0.0,0.0,0.0,0.0,0.0,0.0,2019-03-25
16,hru16,0.019,0.0,0.0,0.0,0.0,0.0,0.0,0.0,0.0,0.0,2019-03-25
17,hru17,0.019,0.0,0.0,0.0,0.0,0.0,0.0,0.0,0.0,0.0,2019-03-25
18,hru18,0.019,0.0,0.0,0.0,0.0,0.0,0.0,0.0,0.0,0.0,2019-03-25
19,hru19,0.019,0.0,0.0,0.0,0.0,0.0,0.0,0.0,0.0,0.0,2019-03-25
20,hru20,0.018,0.0,0.0,0.0,0.0,0.0,0.0,0.0,0.0,0.0,2019-03-25
21,hru21,0.019,0.0,0.0,0.0,0.0,0.0,0.0,0.0,0.0,0.0,2019-03-25
22,hru22,0.019,0.0,0.0,0.0,0.0,0.0,0.0,0.0,0.0,0.0,2019-03-25
23,hru23,0.019,0.0,0.0,0.0,0.0,0.0,0.0,0.0,0.0,0.0,2019-03-25
24,hru24,0.019,0.0,0.0,0.0,0.0,0.0,0.0,0.0,0.0,0.0,2019-03-25
25,hru25,0.018,0.0,0.0,0.0,0.0,0.0,0.0,0.0,0.0,0.0,2019-03-25
26,hru26,0.018,0.0,0.0,0.0,0.0,0.0,0.0,0.0,0.0,0.0,2019-03-25
27,hru27,0.018,0.0,0.0,0.0,0.0,0.0,0.0,0.0,0.0,0.0,2019-03-25
28,hru28,0.018,0.0,0.0,0.0,0.0,0.0,0.0,0.0,0.0,0.0,2019-03-25
29,hru29,0.018,0.0,0.0,0.0,0.0,0.0,0.0,0.0,0.0,0.0,2019-03-25
30,hru30,0.018,0.0,0.0,0.0,0.0,0.0,0.0,0.0,0.0,0.0,2019-03-25
31,hru31,0.018,0.0,0.0,0.0,0.0,0.0,0.0,0.0,0.0,0.0,2019-03-25
32,hru32,0.018,0.0,0.0,0.0,0.0,0.0,0.0,0.0,0.0,0.0,2019-03-25
33,hru33,0.018,0.0,0.0,0.0,0.0,0.0,0.0,0.0,0.0,0.0,2019-03-25
34,hru34,0.018,0.0,0.0,0.0,0.0,0.0,0.0,0.0,0.0,0.0,2019-03-25
35,hru35,0.018,0.0,0.0,0.0,0.0,0.0,0.0,0.0,0.0,0.0,2019-03-25
36,hru36,0.018,0.0,0.0,0.0,0.0,0.0,0.0,0.0,0.0,0.0,2019-03-25
1,hru01,0.019,0.0,0.0,0.0,0.0,0.0,0.0,0.0,0.0,0.0,2019-03-26
2,hru02,0.019,0.0,0.0,0.0,0.0,0.0,0.0,0.0,0.0,0.0,2019-03-26
3,hru03,0.019,0.0,0.0,0.0,0.0,0.0,0.0,0.0,0.0,0.0,2019-03-26
4,hru04,0.019,0.0,0.0,0.0,0.0,0.0,0.0,0.0,0.0,0.0,2019-03-26
5,hru05,0.019,0.0,0.0,0.0,0.0,0.0,0.0,0.0,0.0,0.0,2019-03-26
6,hru06,0.019,0.0,0.0,0.0,0.0,0.0,0.0,0.0,0.0,0.0,2019-03-26
7,hru07,0.019,0.0,0.0,0.0,0.0,0.0,0.0,0.0,0.0,0.0,2019-03-26
8,hru08,0.019,0.0,0.0,0.0,0.0,0.0,0.0,0.0,0.0,0.0,2019-03-26
9,hru09,0.02,0.0,0.0,0.0,0.0,0.0,0.0,0.0,0.0,0.0,2019-03-26
10,hru10,0.02,0.0,0.0,0.0,0.0,0.0,0.0,0.0,0.0,0.0,2019-03-26
11,hru11,0.019,0.0,0.0,0.0,0.0,0.0,0.0,0.0,0.0,0.0,2019-03-26
12,hru12,0.02,0.0,0.0,0.0,0.0,0.0,0.0,0.0,0.0,0.0,2019-03-26
13,hru13,0.02,0.0,0.0,0.0,0.0,0.0,0.0,0.0,0.0,0.0,2019-03-26
14,hru14,0.02,0.0,0.0,0.0,0.0,0.0,0.0,0.0,0.0,0.0,2019-03-26
15,hru15,0.02,0.0,0.0,0.0,0.0,0.0,0.0,0.0,0.0,0.0,2019-03-26
16,hru16,0.02,0.0,0.0,0.0,0.0,0.0,0.0,0.0,0.0,0.0,2019-03-26
17,hru17,0.02,0.0,0.0,0.0,0.0,0.0,0.0,0.0,0.0,0.0,2019-03-26
18,hru18,0.02,0.0,0.0,0.0,0.0,0.0,0.0,0.0,0.0,0.0,2019-03-26
19,hru19,0.021,0.0,0.0,0.0,0.0,0.0,0.0,0.0,0.0,0.0,2019-03-26
20,hru20,0.02,0.0,0.0,0.0,0.0,0.0,0.0,0.0,0.0,0.0,2019-03-26
21,hru21,0.02,0.0,0.0,0.0,0.0,0.0,0.0,0.0,0.0,0.0,2019-03-26
22,hru22,0.02,0.0,0.0,0.0,0.0,0.0,0.0,0.0,0.0,0.0,2019-03-26
23,hru23,0.02,0.0,0.0,0.0,0.0,0.0,0.0,0.0,0.0,0.0,2019-03-26
24,hru24,0.02,0.0,0.0,0.0,0.0,0.0,0.0,0.0,0.0,0.0,2019-03-26
25,hru25,0.02,0.0,0.0,0.0,0.0,0.0,0.0,0.0,0.0,0.0,2019-03-26
26,hru26,0.02,0.0,0.0,0.0,0.0,0.0,0.0,0.0,0.0,0.0,2019-03-26
27,hru27,0.019,0.0,0.0,0.0,0.0,0.0,0.0,0.0,0.0,0.0,2019-03-26
28,hru28,0.019,0.0,0.0,0.0,0.0,0.0,0.0,0.0,0.0,0.0,2019-03-26
29,hru29,0.019,0.0,0.0,0.0,0.0,0.0,0.0,0.0,0.0,0.0,2019-03-26
30,hru30,0.019,0.0,0.0,0.0,0.0,0.0,0.0,0.0,0.0,0.0,2019-03-26
31,hru31,0.019,0.0,0.0,0.0,0.0,0.0,0.0,0.0,0.0,0.0,2019-03-26
32,hru32,0.02,0.0,0.0,0.0,0.0,0.0,0.0,0.0,0.0,0.0,2019-03-26
33,hru33,0.019,0.0,0.0,0.0,0.0,0.0,0.0,0.0,0.0,0.0,2019-03-26
34,hru34,0.019,0.0,0.0,0.0,0.0,0.0,0.0,0.0,0.0,0.0,2019-03-26
35,hru35,0.019,0.0,0.0,0.0,0.0,0.0,0.0,0.0,0.0,0.0,2019-03-26
36,hru36,0.019,0.0,0.0,0.0,0.0,0.0,0.0,0.0,0.0,0.0,2019-03-26
1,hru01,0.022,0.0,0.0,0.0,0.0,0.0,0.0,0.0,0.0,0.0,2019-03-27
2,hru02,0.022,0.0,0.0,0.0,0.0,0.0,0.0,0.0,0.0,0.0,2019-03-27
3,hru03,0.022,0.0,0.0,0.0,0.0,0.0,0.0,0.0,0.0,0.0,2019-03-27
4,hru04,0.022,0.0,0.0,0.0,0.0,0.0,0.0,0.0,0.0,0.0,2019-03-27
5,hru05,0.022,0.0,0.0,0.0,0.0,0.0,0.0,0.0,0.0,0.0,2019-03-27
6,hru06,0.022,0.0,0.0,0.0,0.0,0.0,0.0,0.0,0.0,0.0,2019-03-27
7,hru07,0.022,0.0,0.0,0.0,0.0,0.0,0.0,0.0,0.0,0.0,2019-03-27
8,hru08,0.022,0.0,0.0,0.0,0.0,0.0,0.0,0.0,0.0,0.0,2019-03-27
9,hru09,0.023,0.0,0.0,0.0,0.0,0.0,0.0,0.0,0.0,0.0,2019-03-27
10,hru10,0.023,0.0,0.0,0.0,0.0,0.0,0.0,0.0,0.0,0.0,2019-03-27
11,hru11,0.022,0.0,0.0,0.0,0.0,0.0,0.0,0.0,0.0,0.0,2019-03-27
12,hru12,0.023,0.0,0.0,0.0,0.0,0.0,0.0,0.0,0.0,0.0,2019-03-27
13,hru13,0.023,0.0,0.0,0.0,0.0,0.0,0.0,0.0,0.0,0.0,2019-03-27
14,hru14,0.023,0.0,0.0,0.0,0.0,0.0,0.0,0.0,0.0,0.0,2019-03-27
15,hru15,0.024,0.0,0.0,0.0,0.0,0.0,0.0,0.0,0.0,0.0,2019-03-27
16,hru16,0.023,0.0,0.0,0.0,0.0,0.0,0.0,0.0,0.0,0.0,2019-03-27
17,hru17,0.023,0.0,0.0,0.0,0.0,0.0,0.0,0.0,0.0,0.0,2019-03-27
18,hru18,0.023,0.0,0.0,0.0,0.0,0.0,0.0,0.0,0.0,0.0,2019-03-27
19,hru19,0.024,0.0,0.0,0.0,0.0,0.0,0.0,0.0,0.0,0.0,2019-03-27
20,hru20,0.023,0.0,0.0,0.0,0.0,0.0,0.0,0.0,0.0,0.0,2019-03-27
21,hru21,0.024,0.0,0.0,0.0,0.0,0.0,0.0,0.0,0.0,0.0,2019-03-27
22,hru22,0.023,0.0,0.0,0.0,0.0,0.0,0.0,0.0,0.0,0.0,2019-03-27
23,hru23,0.023,0.0,0.0,0.0,0.0,0.0,0.0,0.0,0.0,0.0,2019-03-27
24,hru24,0.023,0.0,0.0,0.0,0.0,0.0,0.0,0.0,0.0,0.0,2019-03-27
25,hru25,0.023,0.0,0.0,0.0,0.0,0.0,0.0,0.0,0.0,0.0,2019-03-27
26,hru26,0.023,0.0,0.0,0.0,0.0,0.0,0.0,0.0,0.0,0.0,2019-03-27
27,hru27,0.022,0.0,0.0,0.0,0.0,0.0,0.0,0.0,0.0,0.0,2019-03-27
28,hru28,0.022,0.0,0.0,0.0,0.0,0.0,0.0,0.0,0.0,0.0,2019-03-27
29,hru29,0.023,0.0,0.0,0.0,0.0,0.0,0.0,0.0,0.0,0.0,2019-03-27
30,hru30,0.022,0.0,0.0,0.0,0.0,0.0,0.0,0.0,0.0,0.0,2019-03-27
31,hru31,0.022,0.0,0.0,0.0,0.0,0.0,0.0,0.0,0.0,0.0,2019-03-27
32,hru32,0.023,0.0,0.0,0.0,0.0,0.0,0.0,0.0,0.0,0.0,2019-03-27
33,hru33,0.022,0.0,0.0,0.0,0.0,0.0,0.0,0.0,0.0,0.0,2019-03-27
34,hru34,0.022,0.0,0.0,0.0,0.0,0.0,0.0,0.0,0.0,0.0,2019-03-27
35,hru35,0.022,0.0,0.0,0.0,0.0,0.0,0.0,0.0,0.0,0.0,2019-03-27
36,hru36,0.022,0.0,0.0,0.0,0.0,0.0,0.0,0.0,0.0,0.0,2019-03-27
1,hru01,0.024,0.0,0.0,0.0,0.0,0.0,0.0,0.0,0.0,0.0,2019-03-28
2,hru02,0.024,0.0,0.0,0.0,0.0,0.0,0.0,0.0,0.0,0.0,2019-03-28
3,hru03,0.024,0.0,0.0,0.0,0.0,0.0,0.0,0.0,0.0,0.0,2019-03-28
4,hru04,0.024,0.0,0.0,0.0,0.0,0.0,0.0,0.0,0.0,0.0,2019-03-28
5,hru05,0.024,0.0,0.0,0.0,0.0,0.0,0.0,0.0,0.0,0.0,2019-03-28
6,hru06,0.024,0.0,0.0,0.0,0.0,0.0,0.0,0.0,0.0,0.0,2019-03-28
7,hru07,0.024,0.0,0.0,0.0,0.0,0.0,0.0,0.0,0.0,0.0,2019-03-28
8,hru08,0.024,0.0,0.0,0.0,0.0,0.0,0.0,0.0,0.0,0.0,2019-03-28
9,hru09,0.024,0.0,0.0,0.0,0.0,0.0,0.0,0.0,0.0,0.0,2019-03-28
10,hru10,0.024,0.0,0.0,0.0,0.0,0.0,0.0,0.0,0.0,0.0,2019-03-28
11,hru11,0.024,0.0,0.0,0.0,0.0,0.0,0.0,0.0,0.0,0.0,2019-03-28
12,hru12,0.025,0.0,0.0,0.0,0.0,0.0,0.0,0.0,0.0,0.0,2019-03-28
13,hru13,0.025,0.0,0.0,0.0,0.0,0.0,0.0,0.0,0.0,0.0,2019-03-28
14,hru14,0.025,0.0,0.0,0.0,0.0,0.0,0.0,0.0,0.0,0.0,2019-03-28
15,hru15,0.025,0.0,0.0,0.0,0.0,0.0,0.0,0.0,0.0,0.0,2019-03-28
16,hru16,0.025,0.0,0.0,0.0,0.0,0.0,0.0,0.0,0.0,0.0,2019-03-28
17,hru17,0.025,0.0,0.0,0.0,0.0,0.0,0.0,0.0,0.0,0.0,2019-03-28
18,hru18,0.025,0.0,0.0,0.0,0.0,0.0,0.0,0.0,0.0,0.0,2019-03-28
19,hru19,0.026,0.0,0.0,0.0,0.0,0.0,0.0,0.0,0.0,0.0,2019-03-28
20,hru20,0.025,0.0,0.0,0.0,0.0,0.0,0.0,0.0,0.0,0.0,2019-03-28
21,hru21,0.025,0.0,0.0,0.0,0.0,0.0,0.0,0.0,0.0,0.0,2019-03-28
22,hru22,0.025,0.0,0.0,0.0,0.0,0.0,0.0,0.0,0.0,0.0,2019-03-28
23,hru23,0.025,0.0,0.0,0.0,0.0,0.0,0.0,0.0,0.0,0.0,2019-03-28
24,hru24,0.025,0.0,0.0,0.0,0.0,0.0,0.0,0.0,0.0,0.0,2019-03-28
25,hru25,0.025,0.0,0.0,0.0,0.0,0.0,0.0,0.0,0.0,0.0,2019-03-28
26,hru26,0.025,0.0,0.0,0.0,0.0,0.0,0.0,0.0,0.0,0.0,2019-03-28
27,hru27,0.024,0.0,0.0,0.0,0.0,0.0,0.0,0.0,0.0,0.0,2019-03-28
28,hru28,0.024,0.0,0.0,0.0,0.0,0.0,0.0,0.0,0.0,0.0,2019-03-28
29,hru29,0.024,0.0,0.0,0.0,0.0,0.0,0.0,0.0,0.0,0.0,2019-03-28
30,hru30,0.024,0.0,0.0,0.0,0.0,0.0,0.0,0.0,0.0,0.0,2019-03-28
31,hru31,0.024,0.0,0.0,0.0,0.0,0.0,0.0,0.0,0.0,0.0,2019-03-28
32,hru32,0.025,0.0,0.0,0.0,0.0,0.0,0.0,0.0,0.0,0.0,2019-03-28
33,hru33,0.024,0.0,0.0,0.0,0.0,0.0,0.0,0.0,0.0,0.0,2019-03-28
34,hru34,0.024,0.0,0.0,0.0,0.0,0.0,0.0,0.0,0.0,0.0,2019-03-28
35,hru35,0.024,0.0,0.0,0.0,0.0,0.0,0.0,0.0,0.0,0.0,2019-03-28
36,hru36,0.024,0.0,0.0,0.0,0.0,0.0,0.0,0.0,0.0,0.0,2019-03-28
1,hru01,0.025,0.0,0.0,0.0,0.0,0.0,0.0,0.0,0.0,0.0,2019-03-29
2,hru02,0.025,0.0,0.0,0.0,0.0,0.0,0.0,0.0,0.0,0.0,2019-03-29
3,hru03,0.025,0.0,0.0,0.0,0.0,0.0,0.0,0.0,0.0,0.0,2019-03-29
4,hru04,0.025,0.0,0.0,0.0,0.0,0.0,0.0,0.0,0.0,0.0,2019-03-29
5,hru05,0.025,0.0,0.0,0.0,0.0,0.0,0.0,0.0,0.0,0.0,2019-03-29
6,hru06,0.025,0.0,0.0,0.0,0.0,0.0,0.0,0.0,0.0,0.0,2019-03-29
7,hru07,0.026,0.0,0.0,0.0,0.0,0.0,0.0,0.0,0.0,0.0,2019-03-29
8,hru08,0.025,0.0,0.0,0.0,0.0,0.0,0.0,0.0,0.0,0.0,2019-03-29
9,hru09,0.026,0.0,0.0,0.0,0.0,0.0,0.0,0.0,0.0,0.0,2019-03-29
10,hru10,0.026,0.0,0.0,0.0,0.0,0.0,0.0,0.0,0.0,0.0,2019-03-29
11,hru11,0.026,0.0,0.0,0.0,0.0,0.0,0.0,0.0,0.0,0.0,2019-03-29
12,hru12,0.026,0.0,0.0,0.0,0.0,0.0,0.0,0.0,0.0,0.0,2019-03-29
13,hru13,0.026,0.0,0.0,0.0,0.0,0.0,0.0,0.0,0.0,0.0,2019-03-29
14,hru14,0.026,0.0,0.0,0.0,0.0,0.0,0.0,0.0,0.0,0.0,2019-03-29
15,hru15,0.027,0.0,0.0,0.0,0.0,0.0,0.0,0.0,0.0,0.0,2019-03-29
16,hru16,0.026,0.0,0.0,0.0,0.0,0.0,0.0,0.0,0.0,0.0,2019-03-29
17,hru17,0.027,0.0,0.0,0.0,0.0,0.0,0.0,0.0,0.0,0.0,2019-03-29
18,hru18,0.027,0.0,0.0,0.0,0.0,0.0,0.0,0.0,0.0,0.0,2019-03-29
19,hru19,0.027,0.0,0.0,0.0,0.0,0.0,0.0,0.0,0.0,0.0,2019-03-29
20,hru20,0.026,0.0,0.0,0.0,0.0,0.0,0.0,0.0,0.0,0.0,2019-03-29
21,hru21,0.027,0.0,0.0,0.0,0.0,0.0,0.0,0.0,0.0,0.0,2019-03-29
22,hru22,0.027,0.0,0.0,0.0,0.0,0.0,0.0,0.0,0.0,0.0,2019-03-29
23,hru23,0.027,0.0,0.0,0.0,0.0,0.0,0.0,0.0,0.0,0.0,2019-03-29
24,hru24,0.027,0.0,0.0,0.0,0.0,0.0,0.0,0.0,0.0,0.0,2019-03-29
25,hru25,0.026,0.0,0.0,0.0,0.0,0.0,0.0,0.0,0.0,0.0,2019-03-29
26,hru26,0.026,0.0,0.0,0.0,0.0,0.0,0.0,0.0,0.0,0.0,2019-03-29
27,hru27,0.026,0.0,0.0,0.0,0.0,0.0,0.0,0.0,0.0,0.0,2019-03-29
28,hru28,0.026,0.0,0.0,0.0,0.0,0.0,0.0,0.0,0.0,0.0,2019-03-29
29,hru29,0.026,0.0,0.0,0.0,0.0,0.0,0.0,0.0,0.0,0.0,2019-03-29
30,hru30,0.026,0.0,0.0,0.0,0.0,0.0,0.0,0.0,0.0,0.0,2019-03-29
31,hru31,0.025,0.0,0.0,0.0,0.0,0.0,0.0,0.0,0.0,0.0,2019-03-29
32,hru32,0.026,0.0,0.0,0.0,0.0,0.0,0.0,0.0,0.0,0.0,2019-03-29
33,hru33,0.026,0.0,0.0,0.0,0.0,0.0,0.0,0.0,0.0,0.0,2019-03-29
34,hru34,0.026,0.0,0.0,0.0,0.0,0.0,0.0,0.0,0.0,0.0,2019-03-29
35,hru35,0.025,0.0,0.0,0.0,0.0,0.0,0.0,0.0,0.0,0.0,2019-03-29
36,hru36,0.026,0.0,0.0,0.0,0.0,0.0,0.0,0.0,0.0,0.0,2019-03-29
1,hru01,0.025,0.0,0.0,0.0,0.0,0.0,0.0,0.0,0.0,0.0,2019-03-30
2,hru02,0.025,0.0,0.0,0.0,0.0,0.0,0.0,0.0,0.0,0.0,2019-03-30
3,hru03,0.025,0.0,0.0,0.0,0.0,0.0,0.0,0.0,0.0,0.0,2019-03-30
4,hru04,0.025,0.0,0.0,0.0,0.0,0.0,0.0,0.0,0.0,0.0,2019-03-30
5,hru05,0.025,0.0,0.0,0.0,0.0,0.0,0.0,0.0,0.0,0.0,2019-03-30
6,hru06,0.025,0.0,0.0,0.0,0.0,0.0,0.0,0.0,0.0,0.0,2019-03-30
7,hru07,0.026,0.0,0.0,0.0,0.0,0.0,0.0,0.0,0.0,0.0,2019-03-30
8,hru08,0.025,0.0,0.0,0.0,0.0,0.0,0.0,0.0,0.0,0.0,2019-03-30
9,hru09,0.026,0.0,0.0,0.0,0.0,0.0,0.0,0.0,0.0,0.0,2019-03-30
10,hru10,0.026,0.0,0.0,0.0,0.0,0.0,0.0,0.0,0.0,0.0,2019-03-30
11,hru11,0.026,0.0,0.0,0.0,0.0,0.0,0.0,0.0,0.0,0.0,2019-03-30
12,hru12,0.026,0.0,0.0,0.0,0.0,0.0,0.0,0.0,0.0,0.0,2019-03-30
13,hru13,0.026,0.0,0.0,0.0,0.0,0.0,0.0,0.0,0.0,0.0,2019-03-30
14,hru14,0.026,0.0,0.0,0.0,0.0,0.0,0.0,0.0,0.0,0.0,2019-03-30
15,hru15,0.027,0.0,0.0,0.0,0.0,0.0,0.0,0.0,0.0,0.0,2019-03-30
16,hru16,0.026,0.0,0.0,0.0,0.0,0.0,0.0,0.0,0.0,0.0,2019-03-30
17,hru17,0.027,0.0,0.0,0.0,0.0,0.0,0.0,0.0,0.0,0.0,2019-03-30
18,hru18,0.027,0.0,0.0,0.0,0.0,0.0,0.0,0.0,0.0,0.0,2019-03-30
19,hru19,0.027,0.0,0.0,0.0,0.0,0.0,0.0,0.0,0.0,0.0,2019-03-30
20,hru20,0.026,0.0,0.0,0.0,0.0,0.0,0.0,0.0,0.0,0.0,2019-03-30
21,hru21,0.027,0.0,0.0,0.0,0.0,0.0,0.0,0.0,0.0,0.0,2019-03-30
22,hru22,0.027,0.0,0.0,0.0,0.0,0.0,0.0,0.0,0.0,0.0,2019-03-30
23,hru23,0.027,0.0,0.0,0.0,0.0,0.0,0.0,0.0,0.0,0.0,2019-03-30
24,hru24,0.027,0.0,0.0,0.0,0.0,0.0,0.0,0.0,0.0,0.0,2019-03-30
25,hru25,0.026,0.0,0.0,0.0,0.0,0.0,0.0,0.0,0.0,0.0,2019-03-30
26,hru26,0.026,0.0,0.0,0.0,0.0,0.0,0.0,0.0,0.0,0.0,2019-03-30
27,hru27,0.026,0.0,0.0,0.0,0.0,0.0,0.0,0.0,0.0,0.0,2019-03-30
28,hru28,0.026,0.0,0.0,0.0,0.0,0.0,0.0,0.0,0.0,0.0,2019-03-30
29,hru29,0.026,0.0,0.0,0.0,0.0,0.0,0.0,0.0,0.0,0.0,2019-03-30
30,hru30,0.026,0.0,0.0,0.0,0.0,0.0,0.0,0.0,0.0,0.0,2019-03-30
31,hru31,0.025,0.0,0.0,0.0,0.0,0.0,0.0,0.0,0.0,0.0,2019-03-30
32,hru32,0.026,0.0,0.0,0.0,0.0,0.0,0.0,0.0,0.0,0.0,2019-03-30
33,hru33,0.026,0.0,0.0,0.0,0.0,0.0,0.0,0.0,0.0,0.0,2019-03-30
34,hru34,0.026,0.0,0.0,0.0,0.0,0.0,0.0,0.0,0.0,0.0,2019-03-30
35,hru35,0.025,0.0,0.0,0.0,0.0,0.0,0.0,0.0,0.0,0.0,2019-03-30
36,hru36,0.026,0.0,0.0,0.0,0.0,0.0,0.0,0.0,0.0,0.0,2019-03-30
1,hru01,0.025,0.0,0.0,0.0,0.0,0.0,0.0,0.0,0.0,0.0,2019-03-31
2,hru02,0.026,0.0,0.0,0.0,0.0,0.0,0.0,0.0,0.0,0.0,2019-03-31
3,hru03,0.025,0.0,0.0,0.0,0.0,0.0,0.0,0.0,0.0,0.0,2019-03-31
4,hru04,0.025,0.0,0.0,0.0,0.0,0.0,0.0,0.0,0.0,0.0,2019-03-31
5,hru05,0.025,0.0,0.0,0.0,0.0,0.0,0.0,0.0,0.0,0.0,2019-03-31
6,hru06,0.025,0.0,0.0,0.0,0.0,0.0,0.0,0.0,0.0,0.0,2019-03-31
7,hru07,0.026,0.0,0.0,0.0,0.0,0.0,0.0,0.0,0.0,0.0,2019-03-31
8,hru08,0.025,0.0,0.0,0.0,0.0,0.0,0.0,0.0,0.0,0.0,2019-03-31
9,hru09,0.026,0.0,0.0,0.0,0.0,0.0,0.0,0.0,0.0,0.0,2019-03-31
10,hru10,0.026,0.0,0.0,0.0,0.0,0.0,0.0,0.0,0.0,0.0,2019-03-31
11,hru11,0.026,0.0,0.0,0.0,0.0,0.0,0.0,0.0,0.0,0.0,2019-03-31
12,hru12,0.026,0.0,0.0,0.0,0.0,0.0,0.0,0.0,0.0,0.0,2019-03-31
13,hru13,0.026,0.0,0.0,0.0,0.0,0.0,0.0,0.0,0.0,0.0,2019-03-31
14,hru14,0.026,0.0,0.0,0.0,0.0,0.0,0.0,0.0,0.0,0.0,2019-03-31
15,hru15,0.027,0.0,0.0,0.0,0.0,0.0,0.0,0.0,0.0,0.0,2019-03-31
16,hru16,0.027,0.0,0.0,0.0,0.0,0.0,0.0,0.0,0.0,0.0,2019-03-31
17,hru17,0.027,0.0,0.0,0.0,0.0,0.0,0.0,0.0,0.0,0.0,2019-03-31
18,hru18,0.027,0.0,0.0,0.0,0.0,0.0,0.0,0.0,0.0,0.0,2019-03-31
19,hru19,0.028,0.0,0.0,0.0,0.0,0.0,0.0,0.0,0.0,0.0,2019-03-31
20,hru20,0.026,0.0,0.0,0.0,0.0,0.0,0.0,0.0,0.0,0.0,2019-03-31
21,hru21,0.027,0.0,0.0,0.0,0.0,0.0,0.0,0.0,0.0,0.0,2019-03-31
22,hru22,0.027,0.0,0.0,0.0,0.0,0.0,0.0,0.0,0.0,0.0,2019-03-31
23,hru23,0.027,0.0,0.0,0.0,0.0,0.0,0.0,0.0,0.0,0.0,2019-03-31
24,hru24,0.027,0.0,0.0,0.0,0.0,0.0,0.0,0.0,0.0,0.0,2019-03-31
25,hru25,0.026,0.0,0.0,0.0,0.0,0.0,0.0,0.0,0.0,0.0,2019-03-31
26,hru26,0.026,0.0,0.0,0.0,0.0,0.0,0.0,0.0,0.0,0.0,2019-03-31
27,hru27,0.026,0.0,0.0,0.0,0.0,0.0,0.0,0.0,0.0,0.0,2019-03-31
28,hru28,0.026,0.0,0.0,0.0,0.0,0.0,0.0,0.0,0.0,0.0,2019-03-31
29,hru29,0.026,0.0,0.0,0.0,0.0,0.0,0.0,0.0,0.0,0.0,2019-03-31
30,hru30,0.026,0.0,0.0,0.0,0.0,0.0,0.0,0.0,0.0,0.0,2019-03-31
31,hru31,0.025,0.0,0.0,0.0,0.0,0.0,0.0,0.0,0.0,0.0,2019-03-31
32,hru32,0.026,0.0,0.0,0.0,0.0,0.0,0.0,0.0,0.0,0.0,2019-03-31
33,hru33,0.026,0.0,0.0,0.0,0.0,0.0,0.0,0.0,0.0,0.0,2019-03-31
34,hru34,0.026,0.0,0.0,0.0,0.0,0.0,0.0,0.0,0.0,0.0,2019-03-31
35,hru35,0.025,0.0,0.0,0.0,0.0,0.0,0.0,0.0,0.0,0.0,2019-03-31
36,hru36,0.026,0.0,0.0,0.0,0.0,0.0,0.0,0.0,0.0,0.0,2019-03-31
1,hru01,0.027,0.0,0.0,0.0,0.0,0.0,0.0,0.0,0.0,0.0,2019-04-01
2,hru02,0.027,0.0,0.0,0.0,0.0,0.0,0.0,0.0,0.0,0.0,2019-04-01
3,hru03,0.026,0.0,0.0,0.0,0.0,0.0,0.0,0.0,0.0,0.0,2019-04-01
4,hru04,0.027,0.0,0.0,0.0,0.0,0.0,0.0,0.0,0.0,0.0,2019-04-01
5,hru05,0.027,0.0,0.0,0.0,0.0,0.0,0.0,0.0,0.0,0.0,2019-04-01
6,hru06,0.027,0.0,0.0,0.0,0.0,0.0,0.0,0.0,0.0,0.0,2019-04-01
7,hru07,0.028,0.0,0.0,0.0,0.0,0.0,0.0,0.0,0.0,0.0,2019-04-01
8,hru08,0.026,0.0,0.0,0.0,0.0,0.0,0.0,0.0,0.0,0.0,2019-04-01
9,hru09,0.028,0.0,0.0,0.0,0.0,0.0,0.0,0.0,0.0,0.0,2019-04-01
10,hru10,0.028,0.0,0.0,0.0,0.0,0.0,0.0,0.0,0.0,0.0,2019-04-01
11,hru11,0.028,0.0,0.0,0.0,0.0,0.0,0.0,0.0,0.0,0.0,2019-04-01
12,hru12,0.028,0.0,0.0,0.0,0.0,0.0,0.0,0.0,0.0,0.0,2019-04-01
13,hru13,0.028,0.0,0.0,0.0,0.0,0.0,0.0,0.0,0.0,0.0,2019-04-01
14,hru14,0.028,0.0,0.0,0.0,0.0,0.0,0.0,0.0,0.0,0.0,2019-04-01
15,hru15,0.029,0.0,0.0,0.0,0.0,0.0,0.0,0.0,0.0,0.0,2019-04-01
16,hru16,0.028,0.0,0.0,0.0,0.0,0.0,0.0,0.0,0.0,0.0,2019-04-01
17,hru17,0.029,0.0,0.0,0.0,0.0,0.0,0.0,0.0,0.0,0.0,2019-04-01
18,hru18,0.029,0.0,0.0,0.0,0.0,0.0,0.0,0.0,0.0,0.0,2019-04-01
19,hru19,0.03,0.0,0.0,0.0,0.0,0.0,0.0,0.0,0.0,0.0,2019-04-01
20,hru20,0.028,0.0,0.0,0.0,0.0,0.0,0.0,0.0,0.0,0.0,2019-04-01
21,hru21,0.029,0.0,0.0,0.0,0.0,0.0,0.0,0.0,0.0,0.0,2019-04-01
22,hru22,0.029,0.0,0.0,0.0,0.0,0.0,0.0,0.0,0.0,0.0,2019-04-01
23,hru23,0.029,0.0,0.0,0.0,0.0,0.0,0.0,0.0,0.0,0.0,2019-04-01
24,hru24,0.029,0.0,0.0,0.0,0.0,0.0,0.0,0.0,0.0,0.0,2019-04-01
25,hru25,0.028,0.0,0.0,0.0,0.0,0.0,0.0,0.0,0.0,0.0,2019-04-01
26,hru26,0.028,0.0,0.0,0.0,0.0,0.0,0.0,0.0,0.0,0.0,2019-04-01
27,hru27,0.028,0.0,0.0,0.0,0.0,0.0,0.0,0.0,0.0,0.0,2019-04-01
28,hru28,0.028,0.0,0.0,0.0,0.0,0.0,0.0,0.0,0.0,0.0,2019-04-01
29,hru29,0.028,0.0,0.0,0.0,0.0,0.0,0.0,0.0,0.0,0.0,2019-04-01
30,hru30,0.028,0.0,0.0,0.0,0.0,0.0,0.0,0.0,0.0,0.0,2019-04-01
31,hru31,0.027,0.0,0.0,0.0,0.0,0.0,0.0,0.0,0.0,0.0,2019-04-01
32,hru32,0.028,0.0,0.0,0.0,0.0,0.0,0.0,0.0,0.0,0.0,2019-04-01
33,hru33,0.028,0.0,0.0,0.0,0.0,0.0,0.0,0.0,0.0,0.0,2019-04-01
34,hru34,0.028,0.0,0.0,0.0,0.0,0.0,0.0,0.0,0.0,0.0,2019-04-01
35,hru35,0.027,0.0,0.0,0.0,0.0,0.0,0.0,0.0,0.0,0.0,2019-04-01
36,hru36,0.028,0.0,0.0,0.0,0.0,0.0,0.0,0.0,0.0,0.0,2019-04-01
1,hru01,0.028,0.0,0.0,0.0,0.0,0.0,0.0,0.0,0.0,0.0,2019-04-02
2,hru02,0.029,0.0,0.0,0.0,0.0,0.0,0.0,0.0,0.0,0.0,2019-04-02
3,hru03,0.028,0.0,0.0,0.0,0.0,0.0,0.0,0.0,0.0,0.0,2019-04-02
4,hru04,0.028,0.0,0.0,0.0,0.0,0.0,0.0,0.0,0.0,0.0,2019-04-02
5,hru05,0.029,0.0,0.0,0.0,0.0,0.0,0.0,0.0,0.0,0.0,2019-04-02
6,hru06,0.029,0.0,0.0,0.0,0.0,0.0,0.0,0.0,0.0,0.0,2019-04-02
7,hru07,0.029,0.0,0.0,0.0,0.0,0.0,0.0,0.0,0.0,0.0,2019-04-02
8,hru08,0.028,0.0,0.0,0.0,0.0,0.0,0.0,0.0,0.0,0.0,2019-04-02
9,hru09,0.029,0.0,0.0,0.0,0.0,0.0,0.0,0.0,0.0,0.0,2019-04-02
10,hru10,0.029,0.0,0.0,0.0,0.0,0.0,0.0,0.0,0.0,0.0,2019-04-02
11,hru11,0.029,0.0,0.0,0.0,0.0,0.0,0.0,0.0,0.0,0.0,2019-04-02
12,hru12,0.029,0.0,0.0,0.0,0.0,0.0,0.0,0.0,0.0,0.0,2019-04-02
13,hru13,0.03,0.0,0.0,0.0,0.0,0.0,0.0,0.0,0.0,0.0,2019-04-02
14,hru14,0.029,0.0,0.0,0.0,0.0,0.0,0.0,0.0,0.0,0.0,2019-04-02
15,hru15,0.03,0.0,0.0,0.0,0.0,0.0,0.0,0.0,0.0,0.0,2019-04-02
16,hru16,0.03,0.0,0.0,0.0,0.0,0.0,0.0,0.0,0.0,0.0,2019-04-02
17,hru17,0.03,0.0,0.0,0.0,0.0,0.0,0.0,0.0,0.0,0.0,2019-04-02
18,hru18,0.03,0.0,0.0,0.0,0.0,0.0,0.0,0.0,0.0,0.0,2019-04-02
19,hru19,0.031,0.0,0.0,0.0,0.0,0.0,0.0,0.0,0.0,0.0,2019-04-02
20,hru20,0.03,0.0,0.0,0.0,0.0,0.0,0.0,0.0,0.0,0.0,2019-04-02
21,hru21,0.03,0.0,0.0,0.0,0.0,0.0,0.0,0.0,0.0,0.0,2019-04-02
22,hru22,0.03,0.0,0.0,0.0,0.0,0.0,0.0,0.0,0.0,0.0,2019-04-02
23,hru23,0.03,0.0,0.0,0.0,0.0,0.0,0.0,0.0,0.0,0.0,2019-04-02
24,hru24,0.03,0.0,0.0,0.0,0.0,0.0,0.0,0.0,0.0,0.0,2019-04-02
25,hru25,0.03,0.0,0.0,0.0,0.0,0.0,0.0,0.0,0.0,0.0,2019-04-02
26,hru26,0.03,0.0,0.0,0.0,0.0,0.0,0.0,0.0,0.0,0.0,2019-04-02
27,hru27,0.029,0.0,0.0,0.0,0.0,0.0,0.0,0.0,0.0,0.0,2019-04-02
28,hru28,0.029,0.0,0.0,0.0,0.0,0.0,0.0,0.0,0.0,0.0,2019-04-02
29,hru29,0.029,0.0,0.0,0.0,0.0,0.0,0.0,0.0,0.0,0.0,2019-04-02
30,hru30,0.029,0.0,0.0,0.0,0.0,0.0,0.0,0.0,0.0,0.0,2019-04-02
31,hru31,0.028,0.0,0.0,0.0,0.0,0.0,0.0,0.0,0.0,0.0,2019-04-02
32,hru32,0.03,0.0,0.0,0.0,0.0,0.0,0.0,0.0,0.0,0.0,2019-04-02
33,hru33,0.029,0.0,0.0,0.0,0.0,0.0,0.0,0.0,0.0,0.0,2019-04-02
34,hru34,0.029,0.0,0.0,0.0,0.0,0.0,0.0,0.0,0.0,0.0,2019-04-02
35,hru35,0.028,0.0,0.0,0.0,0.0,0.0,0.0,0.0,0.0,0.0,2019-04-02
36,hru36,0.029,0.0,0.0,0.0,0.0,0.0,0.0,0.0,0.0,0.0,2019-04-02
1,hru01,0.03,0.0,0.0,0.0,0.0,0.0,0.0,0.0,0.0,0.0,2019-04-03
2,hru02,0.03,0.0,0.0,0.0,0.0,0.0,0.0,0.0,0.0,0.0,2019-04-03
3,hru03,0.029,0.0,0.0,0.0,0.0,0.0,0.0,0.0,0.0,0.0,2019-04-03
4,hru04,0.029,0.0,0.0,0.0,0.0,0.0,0.0,0.0,0.0,0.0,2019-04-03
5,hru05,0.03,0.0,0.0,0.0,0.0,0.0,0.0,0.0,0.0,0.0,2019-04-03
6,hru06,0.03,0.0,0.0,0.0,0.0,0.0,0.0,0.0,0.0,0.0,2019-04-03
7,hru07,0.031,0.0,0.0,0.0,0.0,0.0,0.0,0.0,0.0,0.0,2019-04-03
8,hru08,0.029,0.0,0.0,0.0,0.0,0.0,0.0,0.0,0.0,0.0,2019-04-03
9,hru09,0.03,0.0,0.0,0.0,0.0,0.0,0.0,0.0,0.0,0.0,2019-04-03
10,hru10,0.03,0.0,0.0,0.0,0.0,0.0,0.0,0.0,0.0,0.0,2019-04-03
11,hru11,0.031,0.0,0.0,0.0,0.0,0.0,0.0,0.0,0.0,0.0,2019-04-03
12,hru12,0.031,0.0,0.0,0.0,0.0,0.0,0.0,0.0,0.0,0.0,2019-04-03
13,hru13,0.031,0.0,0.0,0.0,0.0,0.0,0.0,0.0,0.0,0.0,2019-04-03
14,hru14,0.031,0.0,0.0,0.0,0.0,0.0,0.0,0.0,0.0,0.0,2019-04-03
15,hru15,0.032,0.0,0.0,0.0,0.0,0.0,0.0,0.0,0.0,0.0,2019-04-03
16,hru16,0.031,0.0,0.0,0.0,0.0,0.0,0.0,0.0,0.0,0.0,2019-04-03
17,hru17,0.032,0.0,0.0,0.0,0.0,0.0,0.0,0.0,0.0,0.0,2019-04-03
18,hru18,0.032,0.0,0.0,0.0,0.0,0.0,0.0,0.0,0.0,0.0,2019-04-03
19,hru19,0.033,0.0,0.0,0.0,0.0,0.0,0.0,0.0,0.0,0.0,2019-04-03
20,hru20,0.031,0.0,0.0,0.0,0.0,0.0,0.0,0.0,0.0,0.0,2019-04-03
21,hru21,0.032,0.0,0.0,0.0,0.0,0.0,0.0,0.0,0.0,0.0,2019-04-03
22,hru22,0.032,0.0,0.0,0.0,0.0,0.0,0.0,0.0,0.0,0.0,2019-04-03
23,hru23,0.032,0.0,0.0,0.0,0.0,0.0,0.0,0.0,0.0,0.0,2019-04-03
24,hru24,0.032,0.0,0.0,0.0,0.0,0.0,0.0,0.0,0.0,0.0,2019-04-03
25,hru25,0.031,0.0,0.0,0.0,0.0,0.0,0.0,0.0,0.0,0.0,2019-04-03
26,hru26,0.031,0.0,0.0,0.0,0.0,0.0,0.0,0.0,0.0,0.0,2019-04-03
27,hru27,0.031,0.0,0.0,0.0,0.0,0.0,0.0,0.0,0.0,0.0,2019-04-03
28,hru28,0.031,0.0,0.0,0.0,0.0,0.0,0.0,0.0,0.0,0.0,2019-04-03
29,hru29,0.031,0.0,0.0,0.0,0.0,0.0,0.0,0.0,0.0,0.0,2019-04-03
30,hru30,0.031,0.0,0.0,0.0,0.0,0.0,0.0,0.0,0.0,0.0,2019-04-03
31,hru31,0.03,0.0,0.0,0.0,0.0,0.0,0.0,0.0,0.0,0.0,2019-04-03
32,hru32,0.031,0.0,0.0,0.0,0.0,0.0,0.0,0.0,0.0,0.0,2019-04-03
33,hru33,0.03,0.0,0.0,0.0,0.0,0.0,0.0,0.0,0.0,0.0,2019-04-03
34,hru34,0.03,0.0,0.0,0.0,0.0,0.0,0.0,0.0,0.0,0.0,2019-04-03
35,hru35,0.03,0.0,0.0,0.0,0.0,0.0,0.0,0.0,0.0,0.0,2019-04-03
36,hru36,0.03,0.0,0.0,0.0,0.0,0.0,0.0,0.0,0.0,0.0,2019-04-03
1,hru01,0.032,0.0,0.0,0.0,0.0,0.0,0.0,0.0,0.0,0.0,2019-04-04
2,hru02,0.032,0.0,0.0,0.0,0.0,0.0,0.0,0.0,0.0,0.0,2019-04-04
3,hru03,0.031,0.0,0.0,0.0,0.0,0.0,0.0,0.0,0.0,0.0,2019-04-04
4,hru04,0.031,0.0,0.0,0.0,0.0,0.0,0.0,0.0,0.0,0.0,2019-04-04
5,hru05,0.032,0.0,0.0,0.0,0.0,0.0,0.0,0.0,0.0,0.0,2019-04-04
6,hru06,0.032,0.0,0.0,0.0,0.0,0.0,0.0,0.0,0.0,0.0,2019-04-04
7,hru07,0.033,0.0,0.0,0.0,0.0,0.0,0.0,0.0,0.0,0.0,2019-04-04
8,hru08,0.031,0.0,0.0,0.0,0.0,0.0,0.0,0.0,0.0,0.0,2019-04-04
9,hru09,0.033,0.0,0.0,0.0,0.0,0.0,0.0,0.0,0.0,0.0,2019-04-04
10,hru10,0.033,0.0,0.0,0.0,0.0,0.0,0.0,0.0,0.0,0.0,2019-04-04
11,hru11,0.033,0.0,0.0,0.0,0.0,0.0,0.0,0.0,0.0,0.0,2019-04-04
12,hru12,0.033,0.0,0.0,0.0,0.0,0.0,0.0,0.0,0.0,0.0,2019-04-04
13,hru13,0.034,0.0,0.0,0.0,0.0,0.0,0.0,0.0,0.0,0.0,2019-04-04
14,hru14,0.033,0.0,0.0,0.0,0.0,0.0,0.0,0.0,0.0,0.0,2019-04-04
15,hru15,0.034,0.0,0.0,0.0,0.0,0.0,0.0,0.0,0.0,0.0,2019-04-04
16,hru16,0.033,0.0,0.0,0.0,0.0,0.0,0.0,0.0,0.0,0.0,2019-04-04
17,hru17,0.034,0.0,0.0,0.0,0.0,0.0,0.0,0.0,0.0,0.0,2019-04-04
18,hru18,0.034,0.0,0.0,0.0,0.0,0.0,0.0,0.0,0.0,0.0,2019-04-04
19,hru19,0.035,0.0,0.0,0.0,0.0,0.0,0.0,0.0,0.0,0.0,2019-04-04
20,hru20,0.033,0.0,0.0,0.0,0.0,0.0,0.0,0.0,0.0,0.0,2019-04-04
21,hru21,0.034,0.0,0.0,0.0,0.0,0.0,0.0,0.0,0.0,0.0,2019-04-04
22,hru22,0.034,0.0,0.0,0.0,0.0,0.0,0.0,0.0,0.0,0.0,2019-04-04
23,hru23,0.034,0.0,0.0,0.0,0.0,0.0,0.0,0.0,0.0,0.0,2019-04-04
24,hru24,0.034,0.0,0.0,0.0,0.0,0.0,0.0,0.0,0.0,0.0,2019-04-04
25,hru25,0.033,0.0,0.0,0.0,0.0,0.0,0.0,0.0,0.0,0.0,2019-04-04
26,hru26,0.033,0.0,0.0,0.0,0.0,0.0,0.0,0.0,0.0,0.0,2019-04-04
27,hru27,0.033,0.0,0.0,0.0,0.0,0.0,0.0,0.0,0.0,0.0,2019-04-04
28,hru28,0.033,0.0,0.0,0.0,0.0,0.0,0.0,0.0,0.0,0.0,2019-04-04
29,hru29,0.033,0.0,0.0,0.0,0.0,0.0,0.0,0.0,0.0,0.0,2019-04-04
30,hru30,0.033,0.0,0.0,0.0,0.0,0.0,0.0,0.0,0.0,0.0,2019-04-04
31,hru31,0.032,0.0,0.0,0.0,0.0,0.0,0.0,0.0,0.0,0.0,2019-04-04
32,hru32,0.034,0.0,0.0,0.0,0.0,0.0,0.0,0.0,0.0,0.0,2019-04-04
33,hru33,0.033,0.0,0.0,0.0,0.0,0.0,0.0,0.0,0.0,0.0,2019-04-04
34,hru34,0.033,0.0,0.0,0.0,0.0,0.0,0.0,0.0,0.0,0.0,2019-04-04
35,hru35,0.032,0.0,0.0,0.0,0.0,0.0,0.0,0.0,0.0,0.0,2019-04-04
36,hru36,0.033,0.0,0.0,0.0,0.0,0.0,0.0,0.0,0.0,0.0,2019-04-04
1,hru01,0.035,0.0,0.0,0.0,0.0,0.0,0.0,0.0,0.0,0.0,2019-04-05
2,hru02,0.036,0.0,0.0,0.0,0.0,0.0,0.0,0.0,0.0,0.0,2019-04-05
3,hru03,0.034,0.0,0.0,0.0,0.0,0.0,0.0,0.0,0.0,0.0,2019-04-05
4,hru04,0.035,0.0,0.0,0.0,0.0,0.0,0.0,0.0,0.0,0.0,2019-04-05
5,hru05,0.035,0.0,0.0,0.0,0.0,0.0,0.0,0.0,0.0,0.0,2019-04-05
6,hru06,0.035,0.0,0.0,0.0,0.0,0.0,0.0,0.0,0.0,0.0,2019-04-05
7,hru07,0.036,0.0,0.0,0.0,0.0,0.0,0.0,0.0,0.0,0.0,2019-04-05
8,hru08,0.034,0.0,0.0,0.0,0.0,0.0,0.0,0.0,0.0,0.0,2019-04-05
9,hru09,0.036,0.0,0.0,0.0,0.0,0.0,0.0,0.0,0.0,0.0,2019-04-05
10,hru10,0.036,0.0,0.0,0.0,0.0,0.0,0.0,0.0,0.0,0.0,2019-04-05
11,hru11,0.036,0.0,0.0,0.0,0.0,0.0,0.0,0.0,0.0,0.0,2019-04-05
12,hru12,0.036,0.0,0.0,0.0,0.0,0.0,0.0,0.0,0.0,0.0,2019-04-05
13,hru13,0.037,0.0,0.0,0.0,0.0,0.0,0.0,0.0,0.0,0.0,2019-04-05
14,hru14,0.036,0.0,0.0,0.0,0.0,0.0,0.0,0.0,0.0,0.0,2019-04-05
15,hru15,0.037,0.0,0.0,0.0,0.0,0.0,0.0,0.0,0.0,0.0,2019-04-05
16,hru16,0.037,0.0,0.0,0.0,0.0,0.0,0.0,0.0,0.0,0.0,2019-04-05
17,hru17,0.037,0.0,0.0,0.0,0.0,0.0,0.0,0.0,0.0,0.0,2019-04-05
18,hru18,0.037,0.0,0.0,0.0,0.0,0.0,0.0,0.0,0.0,0.0,2019-04-05
19,hru19,0.038,0.0,0.0,0.0,0.0,0.0,0.0,0.0,0.0,0.0,2019-04-05
20,hru20,0.037,0.0,0.0,0.0,0.0,0.0,0.0,0.0,0.0,0.0,2019-04-05
21,hru21,0.037,0.0,0.0,0.0,0.0,0.0,0.0,0.0,0.0,0.0,2019-04-05
22,hru22,0.037,0.0,0.0,0.0,0.0,0.0,0.0,0.0,0.0,0.0,2019-04-05
23,hru23,0.037,0.0,0.0,0.0,0.0,0.0,0.0,0.0,0.0,0.0,2019-04-05
24,hru24,0.037,0.0,0.0,0.0,0.0,0.0,0.0,0.0,0.0,0.0,2019-04-05
25,hru25,0.037,0.0,0.0,0.0,0.0,0.0,0.0,0.0,0.0,0.0,2019-04-05
26,hru26,0.037,0.0,0.0,0.0,0.0,0.0,0.0,0.0,0.0,0.0,2019-04-05
27,hru27,0.036,0.0,0.0,0.0,0.0,0.0,0.0,0.0,0.0,0.0,2019-04-05
28,hru28,0.036,0.0,0.0,0.0,0.0,0.0,0.0,0.0,0.0,0.0,2019-04-05
29,hru29,0.036,0.0,0.0,0.0,0.0,0.0,0.0,0.0,0.0,0.0,2019-04-05
30,hru30,0.036,0.0,0.0,0.0,0.0,0.0,0.0,0.0,0.0,0.0,2019-04-05
31,hru31,0.035,0.0,0.0,0.0,0.0,0.0,0.0,0.0,0.0,0.0,2019-04-05
32,hru32,0.037,0.0,0.0,0.0,0.0,0.0,0.0,0.0,0.0,0.0,2019-04-05
33,hru33,0.036,0.0,0.0,0.0,0.0,0.0,0.0,0.0,0.0,0.0,2019-04-05
34,hru34,0.036,0.0,0.0,0.0,0.0,0.0,0.0,0.0,0.0,0.0,2019-04-05
35,hru35,0.035,0.0,0.0,0.0,0.0,0.0,0.0,0.0,0.0,0.0,2019-04-05
36,hru36,0.036,0.0,0.0,0.0,0.0,0.0,0.0,0.0,0.0,0.0,2019-04-05
1,hru01,0.039,0.0,0.0,0.0,0.0,0.0,0.0,0.0,0.0,0.0,2019-04-06
2,hru02,0.04,0.0,0.0,0.0,0.0,0.0,0.0,0.0,0.0,0.0,2019-04-06
3,hru03,0.039,0.0,0.0,0.0,0.0,0.0,0.0,0.0,0.0,0.0,2019-04-06
4,hru04,0.039,0.0,0.0,0.0,0.0,0.0,0.0,0.0,0.0,0.0,2019-04-06
5,hru05,0.04,0.0,0.0,0.0,0.0,0.0,0.0,0.0,0.0,0.0,2019-04-06
6,hru06,0.04,0.0,0.0,0.0,0.0,0.0,0.0,0.0,0.0,0.0,2019-04-06
7,hru07,0.041,0.0,0.0,0.0,0.0,0.0,0.0,0.0,0.0,0.0,2019-04-06
8,hru08,0.039,0.0,0.0,0.0,0.0,0.0,0.0,0.0,0.0,0.0,2019-04-06
9,hru09,0.04,0.0,0.0,0.0,0.0,0.0,0.0,0.0,0.0,0.0,2019-04-06
10,hru10,0.04,0.0,0.0,0.0,0.0,0.0,0.0,0.0,0.0,0.0,2019-04-06
11,hru11,0.041,0.0,0.0,0.0,0.0,0.0,0.0,0.0,0.0,0.0,2019-04-06
12,hru12,0.041,0.0,0.0,0.0,0.0,0.0,0.0,0.0,0.0,0.0,2019-04-06
13,hru13,0.041,0.0,0.0,0.0,0.0,0.0,0.0,0.0,0.0,0.0,2019-04-06
14,hru14,0.041,0.0,0.0,0.0,0.0,0.0,0.0,0.0,0.0,0.0,2019-04-06
15,hru15,0.042,0.0,0.0,0.0,0.0,0.0,0.0,0.0,0.0,0.0,2019-04-06
16,hru16,0.041,0.0,0.0,0.0,0.0,0.0,0.0,0.0,0.0,0.0,2019-04-06
17,hru17,0.042,0.0,0.0,0.0,0.0,0.0,0.0,0.0,0.0,0.0,2019-04-06
18,hru18,0.042,0.0,0.0,0.0,0.0,0.0,0.0,0.0,0.0,0.0,2019-04-06
19,hru19,0.043,0.0,0.0,0.0,0.0,0.0,0.0,0.0,0.0,0.0,2019-04-06
20,hru20,0.041,0.0,0.0,0.0,0.0,0.0,0.0,0.0,0.0,0.0,2019-04-06
21,hru21,0.042,0.0,0.0,0.0,0.0,0.0,0.0,0.0,0.0,0.0,2019-04-06
22,hru22,0.042,0.0,0.0,0.0,0.0,0.0,0.0,0.0,0.0,0.0,2019-04-06
23,hru23,0.042,0.0,0.0,0.0,0.0,0.0,0.0,0.0,0.0,0.0,2019-04-06
24,hru24,0.042,0.0,0.0,0.0,0.0,0.0,0.0,0.0,0.0,0.0,2019-04-06
25,hru25,0.041,0.0,0.0,0.0,0.0,0.0,0.0,0.0,0.0,0.0,2019-04-06
26,hru26,0.041,0.0,0.0,0.0,0.0,0.0,0.0,0.0,0.0,0.0,2019-04-06
27,hru27,0.041,0.0,0.0,0.0,0.0,0.0,0.0,0.0,0.0,0.0,2019-04-06
28,hru28,0.041,0.0,0.0,0.0,0.0,0.0,0.0,0.0,0.0,0.0,2019-04-06
29,hru29,0.041,0.0,0.0,0.0,0.0,0.0,0.0,0.0,0.0,0.0,2019-04-06
30,hru30,0.041,0.0,0.0,0.0,0.0,0.0,0.0,0.0,0.0,0.0,2019-04-06
31,hru31,0.039,0.0,0.0,0.0,0.0,0.0,0.0,0.0,0.0,0.0,2019-04-06
32,hru32,0.041,0.0,0.0,0.0,0.0,0.0,0.0,0.0,0.0,0.0,2019-04-06
33,hru33,0.04,0.0,0.0,0.0,0.0,0.0,0.0,0.0,0.0,0.0,2019-04-06
34,hru34,0.04,0.0,0.0,0.0,0.0,0.0,0.0,0.0,0.0,0.0,2019-04-06
35,hru35,0.04,0.0,0.0,0.0,0.0,0.0,0.0,0.0,0.0,0.0,2019-04-06
36,hru36,0.04,0.0,0.0,0.0,0.0,0.0,0.0,0.0,0.0,0.0,2019-04-06
1,hru01,0.043,0.0,0.0,0.0,0.0,0.0,0.0,0.0,0.0,0.0,2019-04-07
2,hru02,0.044,0.0,0.0,0.0,0.0,0.0,0.0,0.0,0.0,0.0,2019-04-07
3,hru03,0.043,0.0,0.0,0.0,0.0,0.0,0.0,0.0,0.0,0.0,2019-04-07
4,hru04,0.043,0.0,0.0,0.0,0.0,0.0,0.0,0.0,0.0,0.0,2019-04-07
5,hru05,0.044,0.0,0.0,0.0,0.0,0.0,0.0,0.0,0.0,0.0,2019-04-07
6,hru06,0.044,0.0,0.0,0.0,0.0,0.0,0.0,0.0,0.0,0.0,2019-04-07
7,hru07,0.044,0.0,0.0,0.0,0.0,0.0,0.0,0.0,0.0,0.0,2019-04-07
8,hru08,0.043,0.0,0.0,0.0,0.0,0.0,0.0,0.0,0.0,0.0,2019-04-07
9,hru09,0.044,0.0,0.0,0.0,0.0,0.0,0.0,0.0,0.0,0.0,2019-04-07
10,hru10,0.044,0.0,0.0,0.0,0.0,0.0,0.0,0.0,0.0,0.0,2019-04-07
11,hru11,0.044,0.0,0.0,0.0,0.0,0.0,0.0,0.0,0.0,0.0,2019-04-07
12,hru12,0.045,0.0,0.0,0.0,0.0,0.0,0.0,0.0,0.0,0.0,2019-04-07
13,hru13,0.045,0.0,0.0,0.0,0.0,0.0,0.0,0.0,0.0,0.0,2019-04-07
14,hru14,0.045,0.0,0.0,0.0,0.0,0.0,0.0,0.0,0.0,0.0,2019-04-07
15,hru15,0.046,0.0,0.0,0.0,0.0,0.0,0.0,0.0,0.0,0.0,2019-04-07
16,hru16,0.045,0.0,0.0,0.0,0.0,0.0,0.0,0.0,0.0,0.0,2019-04-07
17,hru17,0.045,0.0,0.0,0.0,0.0,0.0,0.0,0.0,0.0,0.0,2019-04-07
18,hru18,0.046,0.0,0.0,0.0,0.0,0.0,0.0,0.0,0.0,0.0,2019-04-07
19,hru19,0.046,0.0,0.0,0.0,0.0,0.0,0.0,0.0,0.0,0.0,2019-04-07
20,hru20,0.045,0.0,0.0,0.0,0.0,0.0,0.0,0.0,0.0,0.0,2019-04-07
21,hru21,0.046,0.0,0.0,0.0,0.0,0.0,0.0,0.0,0.0,0.0,2019-04-07
22,hru22,0.046,0.0,0.0,0.0,0.0,0.0,0.0,0.0,0.0,0.0,2019-04-07
23,hru23,0.046,0.0,0.0,0.0,0.0,0.0,0.0,0.0,0.0,0.0,2019-04-07
24,hru24,0.046,0.0,0.0,0.0,0.0,0.0,0.0,0.0,0.0,0.0,2019-04-07
25,hru25,0.045,0.0,0.0,0.0,0.0,0.0,0.0,0.0,0.0,0.0,2019-04-07
26,hru26,0.045,0.0,0.0,0.0,0.0,0.0,0.0,0.0,0.0,0.0,2019-04-07
27,hru27,0.044,0.0,0.0,0.0,0.0,0.0,0.0,0.0,0.0,0.0,2019-04-07
28,hru28,0.044,0.0,0.0,0.0,0.0,0.0,0.0,0.0,0.0,0.0,2019-04-07
29,hru29,0.044,0.0,0.0,0.0,0.0,0.0,0.0,0.0,0.0,0.0,2019-04-07
30,hru30,0.044,0.0,0.0,0.0,0.0,0.0,0.0,0.0,0.0,0.0,2019-04-07
31,hru31,0.043,0.0,0.0,0.0,0.0,0.0,0.0,0.0,0.0,0.0,2019-04-07
32,hru32,0.045,0.0,0.0,0.0,0.0,0.0,0.0,0.0,0.0,0.0,2019-04-07
33,hru33,0.044,0.0,0.0,0.0,0.0,0.0,0.0,0.0,0.0,0.0,2019-04-07
34,hru34,0.044,0.0,0.0,0.0,0.0,0.0,0.0,0.0,0.0,0.0,2019-04-07
35,hru35,0.043,0.0,0.0,0.0,0.0,0.0,0.0,0.0,0.0,0.0,2019-04-07
36,hru36,0.044,0.0,0.0,0.0,0.0,0.0,0.0,0.0,0.0,0.0,2019-04-07
1,hru01,0.047,0.0,0.0,0.0,0.0,0.0,0.0,0.0,0.0,0.0,2019-04-08
2,hru02,0.048,0.0,0.0,0.0,0.0,0.0,0.0,0.0,0.0,0.0,2019-04-08
3,hru03,0.047,0.0,0.0,0.0,0.0,0.0,0.0,0.0,0.0,0.0,2019-04-08
4,hru04,0.047,0.0,0.0,0.0,0.0,0.0,0.0,0.0,0.0,0.0,2019-04-08
5,hru05,0.048,0.0,0.0,0.0,0.0,0.0,0.0,0.0,0.0,0.0,2019-04-08
6,hru06,0.048,0.0,0.0,0.0,0.0,0.0,0.0,0.0,0.0,0.0,2019-04-08
7,hru07,0.049,0.0,0.0,0.0,0.0,0.0,0.0,0.0,0.0,0.0,2019-04-08
8,hru08,0.047,0.0,0.0,0.0,0.0,0.0,0.0,0.0,0.0,0.0,2019-04-08
9,hru09,0.048,0.0,0.0,0.0,0.0,0.0,0.0,0.0,0.0,0.0,2019-04-08
10,hru10,0.048,0.0,0.0,0.0,0.0,0.0,0.0,0.0,0.0,0.0,2019-04-08
11,hru11,0.049,0.0,0.0,0.0,0.0,0.0,0.0,0.0,0.0,0.0,2019-04-08
12,hru12,0.049,0.0,0.0,0.0,0.0,0.0,0.0,0.0,0.0,0.0,2019-04-08
13,hru13,0.049,0.0,0.0,0.0,0.0,0.0,0.0,0.0,0.0,0.0,2019-04-08
14,hru14,0.049,0.0,0.0,0.0,0.0,0.0,0.0,0.0,0.0,0.0,2019-04-08
15,hru15,0.05,0.0,0.0,0.0,0.0,0.0,0.0,0.0,0.0,0.0,2019-04-08
16,hru16,0.049,0.0,0.0,0.0,0.0,0.0,0.0,0.0,0.0,0.0,2019-04-08
17,hru17,0.049,0.0,0.0,0.0,0.0,0.0,0.0,0.0,0.0,0.0,2019-04-08
18,hru18,0.05,0.0,0.0,0.0,0.0,0.0,0.0,0.0,0.0,0.0,2019-04-08
19,hru19,0.051,0.0,0.0,0.0,0.0,0.0,0.0,0.0,0.0,0.0,2019-04-08
20,hru20,0.049,0.0,0.0,0.0,0.0,0.0,0.0,0.0,0.0,0.0,2019-04-08
21,hru21,0.05,0.0,0.0,0.0,0.0,0.0,0.0,0.0,0.0,0.0,2019-04-08
22,hru22,0.05,0.0,0.0,0.0,0.0,0.0,0.0,0.0,0.0,0.0,2019-04-08
23,hru23,0.05,0.0,0.0,0.0,0.0,0.0,0.0,0.0,0.0,0.0,2019-04-08
24,hru24,0.05,0.0,0.0,0.0,0.0,0.0,0.0,0.0,0.0,0.0,2019-04-08
25,hru25,0.049,0.0,0.0,0.0,0.0,0.0,0.0,0.0,0.0,0.0,2019-04-08
26,hru26,0.049,0.0,0.0,0.0,0.0,0.0,0.0,0.0,0.0,0.0,2019-04-08
27,hru27,0.048,0.0,0.0,0.0,0.0,0.0,0.0,0.0,0.0,0.0,2019-04-08
28,hru28,0.049,0.0,0.0,0.0,0.0,0.0,0.0,0.0,0.0,0.0,2019-04-08
29,hru29,0.048,0.0,0.0,0.0,0.0,0.0,0.0,0.0,0.0,0.0,2019-04-08
30,hru30,0.049,0.0,0.0,0.0,0.0,0.0,0.0,0.0,0.0,0.0,2019-04-08
31,hru31,0.047,0.0,0.0,0.0,0.0,0.0,0.0,0.0,0.0,0.0,2019-04-08
32,hru32,0.049,0.0,0.0,0.0,0.0,0.0,0.0,0.0,0.0,0.0,2019-04-08
33,hru33,0.048,0.0,0.0,0.0,0.0,0.0,0.0,0.0,0.0,0.0,2019-04-08
34,hru34,0.048,0.0,0.0,0.0,0.0,0.0,0.0,0.0,0.0,0.0,2019-04-08
35,hru35,0.047,0.0,0.0,0.0,0.0,0.0,0.0,0.0,0.0,0.0,2019-04-08
36,hru36,0.048,0.0,0.0,0.0,0.0,0.0,0.0,0.0,0.0,0.0,2019-04-08
1,hru01,0.05,0.0,0.0,0.0,0.0,0.0,0.0,0.0,0.0,0.0,2019-04-09
2,hru02,0.051,0.0,0.0,0.0,0.0,0.0,0.0,0.0,0.0,0.0,2019-04-09
3,hru03,0.049,0.0,0.0,0.0,0.0,0.0,0.0,0.0,0.0,0.0,2019-04-09
4,hru04,0.05,0.0,0.0,0.0,0.0,0.0,0.0,0.0,0.0,0.0,2019-04-09
5,hru05,0.051,0.0,0.0,0.0,0.0,0.0,0.0,0.0,0.0,0.0,2019-04-09
6,hru06,0.051,0.0,0.0,0.0,0.0,0.0,0.0,0.0,0.0,0.0,2019-04-09
7,hru07,0.052,0.0,0.0,0.0,0.0,0.0,0.0,0.0,0.0,0.0,2019-04-09
8,hru08,0.049,0.0,0.0,0.0,0.0,0.0,0.0,0.0,0.0,0.0,2019-04-09
9,hru09,0.051,0.0,0.0,0.0,0.0,0.0,0.0,0.0,0.0,0.0,2019-04-09
10,hru10,0.051,0.0,0.0,0.0,0.0,0.0,0.0,0.0,0.0,0.0,2019-04-09
11,hru11,0.052,0.0,0.0,0.0,0.0,0.0,0.0,0.0,0.0,0.0,2019-04-09
12,hru12,0.052,0.0,0.0,0.0,0.0,0.0,0.0,0.0,0.0,0.0,2019-04-09
13,hru13,0.052,0.0,0.0,0.0,0.0,0.0,0.0,0.0,0.0,0.0,2019-04-09
14,hru14,0.052,0.0,0.0,0.0,0.0,0.0,0.0,0.0,0.0,0.0,2019-04-09
15,hru15,0.053,0.0,0.0,0.0,0.0,0.0,0.0,0.0,0.0,0.0,2019-04-09
16,hru16,0.052,0.0,0.0,0.0,0.0,0.0,0.0,0.0,0.0,0.0,2019-04-09
17,hru17,0.052,0.0,0.0,0.0,0.0,0.0,0.0,0.0,0.0,0.0,2019-04-09
18,hru18,0.053,0.0,0.0,0.0,0.0,0.0,0.0,0.0,0.0,0.0,2019-04-09
19,hru19,0.054,0.0,0.0,0.0,0.0,0.0,0.0,0.0,0.0,0.0,2019-04-09
20,hru20,0.052,0.0,0.0,0.0,0.0,0.0,0.0,0.0,0.0,0.0,2019-04-09
21,hru21,0.053,0.0,0.0,0.0,0.0,0.0,0.0,0.0,0.0,0.0,2019-04-09
22,hru22,0.053,0.0,0.0,0.0,0.0,0.0,0.0,0.0,0.0,0.0,2019-04-09
23,hru23,0.053,0.0,0.0,0.0,0.0,0.0,0.0,0.0,0.0,0.0,2019-04-09
24,hru24,0.053,0.0,0.0,0.0,0.0,0.0,0.0,0.0,0.0,0.0,2019-04-09
25,hru25,0.052,0.0,0.0,0.0,0.0,0.0,0.0,0.0,0.0,0.0,2019-04-09
26,hru26,0.052,0.0,0.0,0.0,0.0,0.0,0.0,0.0,0.0,0.0,2019-04-09
27,hru27,0.051,0.0,0.0,0.0,0.0,0.0,0.0,0.0,0.0,0.0,2019-04-09
28,hru28,0.052,0.0,0.0,0.0,0.0,0.0,0.0,0.0,0.0,0.0,2019-04-09
29,hru29,0.051,0.0,0.0,0.0,0.0,0.0,0.0,0.0,0.0,0.0,2019-04-09
30,hru30,0.052,0.0,0.0,0.0,0.0,0.0,0.0,0.0,0.0,0.0,2019-04-09
31,hru31,0.05,0.0,0.0,0.0,0.0,0.0,0.0,0.0,0.0,0.0,2019-04-09
32,hru32,0.052,0.0,0.0,0.0,0.0,0.0,0.0,0.0,0.0,0.0,2019-04-09
33,hru33,0.051,0.0,0.0,0.0,0.0,0.0,0.0,0.0,0.0,0.0,2019-04-09
34,hru34,0.051,0.0,0.0,0.0,0.0,0.0,0.0,0.0,0.0,0.0,2019-04-09
35,hru35,0.05,0.0,0.0,0.0,0.0,0.0,0.0,0.0,0.0,0.0,2019-04-09
36,hru36,0.051,0.0,0.0,0.0,0.0,0.0,0.0,0.0,0.0,0.0,2019-04-09
1,hru01,0.051,0.0,0.0,0.0,0.0,0.0,0.0,0.0,0.0,0.0,2019-04-10
2,hru02,0.052,0.0,0.0,0.0,0.0,0.0,0.0,0.0,0.0,0.0,2019-04-10
3,hru03,0.05,0.0,0.0,0.0,0.0,0.0,0.0,0.0,0.0,0.0,2019-04-10
4,hru04,0.051,0.0,0.0,0.0,0.0,0.0,0.0,0.0,0.0,0.0,2019-04-10
5,hru05,0.051,0.0,0.0,0.0,0.0,0.0,0.0,0.0,0.0,0.0,2019-04-10
6,hru06,0.051,0.0,0.0,0.0,0.0,0.0,0.0,0.0,0.0,0.0,2019-04-10
7,hru07,0.052,0.0,0.0,0.0,0.0,0.0,0.0,0.0,0.0,0.0,2019-04-10
8,hru08,0.05,0.0,0.0,0.0,0.0,0.0,0.0,0.0,0.0,0.0,2019-04-10
9,hru09,0.052,0.0,0.0,0.0,0.0,0.0,0.0,0.0,0.0,0.0,2019-04-10
10,hru10,0.052,0.0,0.0,0.0,0.0,0.0,0.0,0.0,0.0,0.0,2019-04-10
11,hru11,0.052,0.0,0.0,0.0,0.0,0.0,0.0,0.0,0.0,0.0,2019-04-10
12,hru12,0.052,0.0,0.0,0.0,0.0,0.0,0.0,0.0,0.0,0.0,2019-04-10
13,hru13,0.053,0.0,0.0,0.0,0.0,0.0,0.0,0.0,0.0,0.0,2019-04-10
14,hru14,0.052,0.0,0.0,0.0,0.0,0.0,0.0,0.0,0.0,0.0,2019-04-10
15,hru15,0.054,0.0,0.0,0.0,0.0,0.0,0.0,0.0,0.0,0.0,2019-04-10
16,hru16,0.053,0.0,0.0,0.0,0.0,0.0,0.0,0.0,0.0,0.0,2019-04-10
17,hru17,0.053,0.0,0.0,0.0,0.0,0.0,0.0,0.0,0.0,0.0,2019-04-10
18,hru18,0.054,0.0,0.0,0.0,0.0,0.0,0.0,0.0,0.0,0.0,2019-04-10
19,hru19,0.055,0.0,0.0,0.0,0.0,0.0,0.0,0.0,0.0,0.0,2019-04-10
20,hru20,0.053,0.0,0.0,0.0,0.0,0.0,0.0,0.0,0.0,0.0,2019-04-10
21,hru21,0.054,0.0,0.0,0.0,0.0,0.0,0.0,0.0,0.0,0.0,2019-04-10
22,hru22,0.054,0.0,0.0,0.0,0.0,0.0,0.0,0.0,0.0,0.0,2019-04-10
23,hru23,0.054,0.0,0.0,0.0,0.0,0.0,0.0,0.0,0.0,0.0,2019-04-10
24,hru24,0.054,0.0,0.0,0.0,0.0,0.0,0.0,0.0,0.0,0.0,2019-04-10
25,hru25,0.053,0.0,0.0,0.0,0.0,0.0,0.0,0.0,0.0,0.0,2019-04-10
26,hru26,0.053,0.0,0.0,0.0,0.0,0.0,0.0,0.0,0.0,0.0,2019-04-10
27,hru27,0.052,0.0,0.0,0.0,0.0,0.0,0.0,0.0,0.0,0.0,2019-04-10
28,hru28,0.052,0.0,0.0,0.0,0.0,0.0,0.0,0.0,0.0,0.0,2019-04-10
29,hru29,0.052,0.0,0.0,0.0,0.0,0.0,0.0,0.0,0.0,0.0,2019-04-10
30,hru30,0.052,0.0,0.0,0.0,0.0,0.0,0.0,0.0,0.0,0.0,2019-04-10
31,hru31,0.051,0.0,0.0,0.0,0.0,0.0,0.0,0.0,0.0,0.0,2019-04-10
32,hru32,0.053,0.0,0.0,0.0,0.0,0.0,0.0,0.0,0.0,0.0,2019-04-10
33,hru33,0.052,0.0,0.0,0.0,0.0,0.0,0.0,0.0,0.0,0.0,2019-04-10
34,hru34,0.052,0.0,0.0,0.0,0.0,0.0,0.0,0.0,0.0,0.0,2019-04-10
35,hru35,0.051,0.0,0.0,0.0,0.0,0.0,0.0,0.0,0.0,0.0,2019-04-10
36,hru36,0.052,0.0,0.0,0.0,0.0,0.0,0.0,0.0,0.0,0.0,2019-04-10
1,hru01,0.052,0.0,0.0,0.0,0.0,0.0,0.0,0.0,0.0,0.0,2019-04-11
2,hru02,0.053,0.0,0.0,0.0,0.0,0.0,0.0,0.0,0.0,0.0,2019-04-11
3,hru03,0.051,0.0,0.0,0.0,0.0,0.0,0.0,0.0,0.0,0.0,2019-04-11
4,hru04,0.052,0.0,0.0,0.0,0.0,0.0,0.0,0.0,0.0,0.0,2019-04-11
5,hru05,0.053,0.0,0.0,0.0,0.0,0.0,0.0,0.0,0.0,0.0,2019-04-11
6,hru06,0.053,0.0,0.0,0.0,0.0,0.0,0.0,0.0,0.0,0.0,2019-04-11
7,hru07,0.054,0.0,0.0,0.0,0.0,0.0,0.0,0.0,0.0,0.0,2019-04-11
8,hru08,0.051,0.0,0.0,0.0,0.0,0.0,0.0,0.0,0.0,0.0,2019-04-11
9,hru09,0.053,0.0,0.0,0.0,0.0,0.0,0.0,0.0,0.0,0.0,2019-04-11
10,hru10,0.053,0.0,0.0,0.0,0.0,0.0,0.0,0.0,0.0,0.0,2019-04-11
11,hru11,0.054,0.0,0.0,0.0,0.0,0.0,0.0,0.0,0.0,0.0,2019-04-11
12,hru12,0.054,0.0,0.0,0.0,0.0,0.0,0.0,0.0,0.0,0.0,2019-04-11
13,hru13,0.054,0.0,0.0,0.0,0.0,0.0,0.0,0.0,0.0,0.0,2019-04-11
14,hru14,0.054,0.0,0.0,0.0,0.0,0.0,0.0,0.0,0.0,0.0,2019-04-11
15,hru15,0.055,0.0,0.0,0.0,0.0,0.0,0.0,0.0,0.0,0.0,2019-04-11
16,hru16,0.054,0.0,0.0,0.0,0.0,0.0,0.0,0.0,0.0,0.0,2019-04-11
17,hru17,0.055,0.0,0.0,0.0,0.0,0.0,0.0,0.0,0.0,0.0,2019-04-11
18,hru18,0.055,0.0,0.0,0.0,0.0,0.0,0.0,0.0,0.0,0.0,2019-04-11
19,hru19,0.056,0.0,0.0,0.0,0.0,0.0,0.0,0.0,0.0,0.0,2019-04-11
20,hru20,0.055,0.0,0.0,0.0,0.0,0.0,0.0,0.0,0.0,0.0,2019-04-11
21,hru21,0.055,0.0,0.0,0.0,0.0,0.0,0.0,0.0,0.0,0.0,2019-04-11
22,hru22,0.055,0.0,0.0,0.0,0.0,0.0,0.0,0.0,0.0,0.0,2019-04-11
23,hru23,0.055,0.0,0.0,0.0,0.0,0.0,0.0,0.0,0.0,0.0,2019-04-11
24,hru24,0.055,0.0,0.0,0.0,0.0,0.0,0.0,0.0,0.0,0.0,2019-04-11
25,hru25,0.055,0.0,0.0,0.0,0.0,0.0,0.0,0.0,0.0,0.0,2019-04-11
26,hru26,0.054,0.0,0.0,0.0,0.0,0.0,0.0,0.0,0.0,0.0,2019-04-11
27,hru27,0.054,0.0,0.0,0.0,0.0,0.0,0.0,0.0,0.0,0.0,2019-04-11
28,hru28,0.054,0.0,0.0,0.0,0.0,0.0,0.0,0.0,0.0,0.0,2019-04-11
29,hru29,0.054,0.0,0.0,0.0,0.0,0.0,0.0,0.0,0.0,0.0,2019-04-11
30,hru30,0.054,0.0,0.0,0.0,0.0,0.0,0.0,0.0,0.0,0.0,2019-04-11
31,hru31,0.052,0.0,0.0,0.0,0.0,0.0,0.0,0.0,0.0,0.0,2019-04-11
32,hru32,0.054,0.0,0.0,0.0,0.0,0.0,0.0,0.0,0.0,0.0,2019-04-11
33,hru33,0.053,0.0,0.0,0.0,0.0,0.0,0.0,0.0,0.0,0.0,2019-04-11
34,hru34,0.053,0.0,0.0,0.0,0.0,0.0,0.0,0.0,0.0,0.0,2019-04-11
35,hru35,0.052,0.0,0.0,0.0,0.0,0.0,0.0,0.0,0.0,0.0,2019-04-11
36,hru36,0.053,0.0,0.0,0.0,0.0,0.0,0.0,0.0,0.0,0.0,2019-04-11
1,hru01,0.052,0.0,0.0,0.0,0.0,0.0,0.0,0.0,0.0,0.0,2019-04-12
2,hru02,0.053,0.0,0.0,0.0,0.0,0.0,0.0,0.0,0.0,0.0,2019-04-12
3,hru03,0.051,0.0,0.0,0.0,0.0,0.0,0.0,0.0,0.0,0.0,2019-04-12
4,hru04,0.052,0.0,0.0,0.0,0.0,0.0,0.0,0.0,0.0,0.0,2019-04-12
5,hru05,0.053,0.0,0.0,0.0,0.0,0.0,0.0,0.0,0.0,0.0,2019-04-12
6,hru06,0.053,0.0,0.0,0.0,0.0,0.0,0.0,0.0,0.0,0.0,2019-04-12
7,hru07,0.054,0.0,0.0,0.0,0.0,0.0,0.0,0.0,0.0,0.0,2019-04-12
8,hru08,0.051,0.0,0.0,0.0,0.0,0.0,0.0,0.0,0.0,0.0,2019-04-12
9,hru09,0.053,0.0,0.0,0.0,0.0,0.0,0.0,0.0,0.0,0.0,2019-04-12
10,hru10,0.053,0.0,0.0,0.0,0.0,0.0,0.0,0.0,0.0,0.0,2019-04-12
11,hru11,0.054,0.0,0.0,0.0,0.0,0.0,0.0,0.0,0.0,0.0,2019-04-12
12,hru12,0.054,0.0,0.0,0.0,0.0,0.0,0.0,0.0,0.0,0.0,2019-04-12
13,hru13,0.055,0.0,0.0,0.0,0.0,0.0,0.0,0.0,0.0,0.0,2019-04-12
14,hru14,0.054,0.0,0.0,0.0,0.0,0.0,0.0,0.0,0.0,0.0,2019-04-12
15,hru15,0.055,0.0,0.0,0.0,0.0,0.0,0.0,0.0,0.0,0.0,2019-04-12
16,hru16,0.054,0.0,0.0,0.0,0.0,0.0,0.0,0.0,0.0,0.0,2019-04-12
17,hru17,0.055,0.0,0.0,0.0,0.0,0.0,0.0,0.0,0.0,0.0,2019-04-12
18,hru18,0.055,0.0,0.0,0.0,0.0,0.0,0.0,0.0,0.0,0.0,2019-04-12
19,hru19,0.056,0.0,0.0,0.0,0.0,0.0,0.0,0.0,0.0,0.0,2019-04-12
20,hru20,0.055,0.0,0.0,0.0,0.0,0.0,0.0,0.0,0.0,0.0,2019-04-12
21,hru21,0.055,0.0,0.0,0.0,0.0,0.0,0.0,0.0,0.0,0.0,2019-04-12
22,hru22,0.055,0.0,0.0,0.0,0.0,0.0,0.0,0.0,0.0,0.0,2019-04-12
23,hru23,0.055,0.0,0.0,0.0,0.0,0.0,0.0,0.0,0.0,0.0,2019-04-12
24,hru24,0.055,0.0,0.0,0.0,0.0,0.0,0.0,0.0,0.0,0.0,2019-04-12
25,hru25,0.055,0.0,0.0,0.0,0.0,0.0,0.0,0.0,0.0,0.0,2019-04-12
26,hru26,0.054,0.0,0.0,0.0,0.0,0.0,0.0,0.0,0.0,0.0,2019-04-12
27,hru27,0.054,0.0,0.0,0.0,0.0,0.0,0.0,0.0,0.0,0.0,2019-04-12
28,hru28,0.054,0.0,0.0,0.0,0.0,0.0,0.0,0.0,0.0,0.0,2019-04-12
29,hru29,0.054,0.0,0.0,0.0,0.0,0.0,0.0,0.0,0.0,0.0,2019-04-12
30,hru30,0.054,0.0,0.0,0.0,0.0,0.0,0.0,0.0,0.0,0.0,2019-04-12
31,hru31,0.052,0.0,0.0,0.0,0.0,0.0,0.0,0.0,0.0,0.0,2019-04-12
32,hru32,0.055,0.0,0.0,0.0,0.0,0.0,0.0,0.0,0.0,0.0,2019-04-12
33,hru33,0.053,0.0,0.0,0.0,0.0,0.0,0.0,0.0,0.0,0.0,2019-04-12
34,hru34,0.053,0.0,0.0,0.0,0.0,0.0,0.0,0.0,0.0,0.0,2019-04-12
35,hru35,0.052,0.0,0.0,0.0,0.0,0.0,0.0,0.0,0.0,0.0,2019-04-12
36,hru36,0.053,0.0,0.0,0.0,0.0,0.0,0.0,0.0,0.0,0.0,2019-04-12
1,hru01,0.053,0.0,0.0,0.0,0.0,0.0,0.0,0.0,0.0,0.0,2019-04-13
2,hru02,0.054,0.0,0.0,0.0,0.0,0.0,0.0,0.0,0.0,0.0,2019-04-13
3,hru03,0.052,0.0,0.0,0.0,0.0,0.0,0.0,0.0,0.0,0.0,2019-04-13
4,hru04,0.053,0.0,0.0,0.0,0.0,0.0,0.0,0.0,0.0,0.0,2019-04-13
5,hru05,0.054,0.0,0.0,0.0,0.0,0.0,0.0,0.0,0.0,0.0,2019-04-13
6,hru06,0.054,0.0,0.0,0.0,0.0,0.0,0.0,0.0,0.0,0.0,2019-04-13
7,hru07,0.055,0.0,0.0,0.0,0.0,0.0,0.0,0.0,0.0,0.0,2019-04-13
8,hru08,0.052,0.0,0.0,0.0,0.0,0.0,0.0,0.0,0.0,0.0,2019-04-13
9,hru09,0.054,0.0,0.0,0.0,0.0,0.0,0.0,0.0,0.0,0.0,2019-04-13
10,hru10,0.054,0.0,0.0,0.0,0.0,0.0,0.0,0.0,0.0,0.0,2019-04-13
11,hru11,0.055,0.0,0.0,0.0,0.0,0.0,0.0,0.0,0.0,0.0,2019-04-13
12,hru12,0.055,0.0,0.0,0.0,0.0,0.0,0.0,0.0,0.0,0.0,2019-04-13
13,hru13,0.055,0.0,0.0,0.0,0.0,0.0,0.0,0.0,0.0,0.0,2019-04-13
14,hru14,0.055,0.0,0.0,0.0,0.0,0.0,0.0,0.0,0.0,0.0,2019-04-13
15,hru15,0.056,0.0,0.0,0.0,0.0,0.0,0.0,0.0,0.0,0.0,2019-04-13
16,hru16,0.055,0.0,0.0,0.0,0.0,0.0,0.0,0.0,0.0,0.0,2019-04-13
17,hru17,0.056,0.0,0.0,0.0,0.0,0.0,0.0,0.0,0.0,0.0,2019-04-13
18,hru18,0.056,0.0,0.0,0.0,0.0,0.0,0.0,0.0,0.0,0.0,2019-04-13
19,hru19,0.057,0.0,0.0,0.0,0.0,0.0,0.0,0.0,0.0,0.0,2019-04-13
20,hru20,0.055,0.0,0.0,0.0,0.0,0.0,0.0,0.0,0.0,0.0,2019-04-13
21,hru21,0.056,0.0,0.0,0.0,0.0,0.0,0.0,0.0,0.0,0.0,2019-04-13
22,hru22,0.056,0.0,0.0,0.0,0.0,0.0,0.0,0.0,0.0,0.0,2019-04-13
23,hru23,0.056,0.0,0.0,0.0,0.0,0.0,0.0,0.0,0.0,0.0,2019-04-13
24,hru24,0.056,0.0,0.0,0.0,0.0,0.0,0.0,0.0,0.0,0.0,2019-04-13
25,hru25,0.055,0.0,0.0,0.0,0.0,0.0,0.0,0.0,0.0,0.0,2019-04-13
26,hru26,0.055,0.0,0.0,0.0,0.0,0.0,0.0,0.0,0.0,0.0,2019-04-13
27,hru27,0.055,0.0,0.0,0.0,0.0,0.0,0.0,0.0,0.0,0.0,2019-04-13
28,hru28,0.055,0.0,0.0,0.0,0.0,0.0,0.0,0.0,0.0,0.0,2019-04-13
29,hru29,0.055,0.0,0.0,0.0,0.0,0.0,0.0,0.0,0.0,0.0,2019-04-13
30,hru30,0.055,0.0,0.0,0.0,0.0,0.0,0.0,0.0,0.0,0.0,2019-04-13
31,hru31,0.053,0.0,0.0,0.0,0.0,0.0,0.0,0.0,0.0,0.0,2019-04-13
32,hru32,0.055,0.0,0.0,0.0,0.0,0.0,0.0,0.0,0.0,0.0,2019-04-13
33,hru33,0.054,0.0,0.0,0.0,0.0,0.0,0.0,0.0,0.0,0.0,2019-04-13
34,hru34,0.054,0.0,0.0,0.0,0.0,0.0,0.0,0.0,0.0,0.0,2019-04-13
35,hru35,0.053,0.0,0.0,0.0,0.0,0.0,0.0,0.0,0.0,0.0,2019-04-13
36,hru36,0.054,0.0,0.0,0.0,0.0,0.0,0.0,0.0,0.0,0.0,2019-04-13
1,hru01,0.054,0.0,0.0,0.0,0.0,0.0,0.0,0.0,0.0,0.0,2019-04-14
2,hru02,0.055,0.0,0.0,0.0,0.0,0.0,0.0,0.0,0.0,0.0,2019-04-14
3,hru03,0.053,0.0,0.0,0.0,0.0,0.0,0.0,0.0,0.0,0.0,2019-04-14
4,hru04,0.054,0.0,0.0,0.0,0.0,0.0,0.0,0.0,0.0,0.0,2019-04-14
5,hru05,0.055,0.0,0.0,0.0,0.0,0.0,0.0,0.0,0.0,0.0,2019-04-14
6,hru06,0.055,0.0,0.0,0.0,0.0,0.0,0.0,0.0,0.0,0.0,2019-04-14
7,hru07,0.056,0.0,0.0,0.0,0.0,0.0,0.0,0.0,0.0,0.0,2019-04-14
8,hru08,0.053,0.0,0.0,0.0,0.0,0.0,0.0,0.0,0.0,0.0,2019-04-14
9,hru09,0.055,0.0,0.0,0.0,0.0,0.0,0.0,0.0,0.0,0.0,2019-04-14
10,hru10,0.055,0.0,0.0,0.0,0.0,0.0,0.0,0.0,0.0,0.0,2019-04-14
11,hru11,0.056,0.0,0.0,0.0,0.0,0.0,0.0,0.0,0.0,0.0,2019-04-14
12,hru12,0.056,0.0,0.0,0.0,0.0,0.0,0.0,0.0,0.0,0.0,2019-04-14
13,hru13,0.056,0.0,0.0,0.0,0.0,0.0,0.0,0.0,0.0,0.0,2019-04-14
14,hru14,0.056,0.0,0.0,0.0,0.0,0.0,0.0,0.0,0.0,0.0,2019-04-14
15,hru15,0.057,0.0,0.0,0.0,0.0,0.0,0.0,0.0,0.0,0.0,2019-04-14
16,hru16,0.056,0.0,0.0,0.0,0.0,0.0,0.0,0.0,0.0,0.0,2019-04-14
17,hru17,0.057,0.0,0.0,0.0,0.0,0.0,0.0,0.0,0.0,0.0,2019-04-14
18,hru18,0.057,0.0,0.0,0.0,0.0,0.0,0.0,0.0,0.0,0.0,2019-04-14
19,hru19,0.058,0.0,0.0,0.0,0.0,0.0,0.0,0.0,0.0,0.0,2019-04-14
20,hru20,0.056,0.0,0.0,0.0,0.0,0.0,0.0,0.0,0.0,0.0,2019-04-14
21,hru21,0.057,0.0,0.0,0.0,0.0,0.0,0.0,0.0,0.0,0.0,2019-04-14
22,hru22,0.057,0.0,0.0,0.0,0.0,0.0,0.0,0.0,0.0,0.0,2019-04-14
23,hru23,0.057,0.0,0.0,0.0,0.0,0.0,0.0,0.0,0.0,0.0,2019-04-14
24,hru24,0.057,0.0,0.0,0.0,0.0,0.0,0.0,0.0,0.0,0.0,2019-04-14
25,hru25,0.056,0.0,0.0,0.0,0.0,0.0,0.0,0.0,0.0,0.0,2019-04-14
26,hru26,0.056,0.0,0.0,0.0,0.0,0.0,0.0,0.0,0.0,0.0,2019-04-14
27,hru27,0.056,0.0,0.0,0.0,0.0,0.0,0.0,0.0,0.0,0.0,2019-04-14
28,hru28,0.056,0.0,0.0,0.0,0.0,0.0,0.0,0.0,0.0,0.0,2019-04-14
29,hru29,0.056,0.0,0.0,0.0,0.0,0.0,0.0,0.0,0.0,0.0,2019-04-14
30,hru30,0.056,0.0,0.0,0.0,0.0,0.0,0.0,0.0,0.0,0.0,2019-04-14
31,hru31,0.054,0.0,0.0,0.0,0.0,0.0,0.0,0.0,0.0,0.0,2019-04-14
32,hru32,0.056,0.0,0.0,0.0,0.0,0.0,0.0,0.0,0.0,0.0,2019-04-14
33,hru33,0.055,0.0,0.0,0.0,0.0,0.0,0.0,0.0,0.0,0.0,2019-04-14
34,hru34,0.055,0.0,0.0,0.0,0.0,0.0,0.0,0.0,0.0,0.0,2019-04-14
35,hru35,0.054,0.0,0.0,0.0,0.0,0.0,0.0,0.0,0.0,0.0,2019-04-14
36,hru36,0.055,0.0,0.0,0.0,0.0,0.0,0.0,0.0,0.0,0.0,2019-04-14
1,hru01,0.056,0.0,0.0,0.0,0.0,0.0,0.0,0.0,0.0,0.0,2019-04-15
2,hru02,0.058,0.0,0.0,0.0,0.0,0.0,0.0,0.0,0.0,0.0,2019-04-15
3,hru03,0.056,0.0,0.0,0.0,0.0,0.0,0.0,0.0,0.0,0.0,2019-04-15
4,hru04,0.057,0.0,0.0,0.0,0.0,0.0,0.0,0.0,0.0,0.0,2019-04-15
5,hru05,0.057,0.0,0.0,0.0,0.0,0.0,0.0,0.0,0.0,0.0,2019-04-15
6,hru06,0.057,0.0,0.0,0.0,0.0,0.0,0.0,0.0,0.0,0.0,2019-04-15
7,hru07,0.058,0.0,0.0,0.0,0.0,0.0,0.0,0.0,0.0,0.0,2019-04-15
8,hru08,0.056,0.0,0.0,0.0,0.0,0.0,0.0,0.0,0.0,0.0,2019-04-15
9,hru09,0.058,0.0,0.0,0.0,0.0,0.0,0.0,0.0,0.0,0.0,2019-04-15
10,hru10,0.058,0.0,0.0,0.0,0.0,0.0,0.0,0.0,0.0,0.0,2019-04-15
11,hru11,0.058,0.0,0.0,0.0,0.0,0.0,0.0,0.0,0.0,0.0,2019-04-15
12,hru12,0.059,0.0,0.0,0.0,0.0,0.0,0.0,0.0,0.0,0.0,2019-04-15
13,hru13,0.059,0.0,0.0,0.0,0.0,0.0,0.0,0.0,0.0,0.0,2019-04-15
14,hru14,0.059,0.0,0.0,0.0,0.0,0.0,0.0,0.0,0.0,0.0,2019-04-15
15,hru15,0.06,0.0,0.0,0.0,0.0,0.0,0.0,0.0,0.0,0.0,2019-04-15
16,hru16,0.059,0.0,0.0,0.0,0.0,0.0,0.0,0.0,0.0,0.0,2019-04-15
17,hru17,0.06,0.0,0.0,0.0,0.0,0.0,0.0,0.0,0.0,0.0,2019-04-15
18,hru18,0.06,0.0,0.0,0.0,0.0,0.0,0.0,0.0,0.0,0.0,2019-04-15
19,hru19,0.061,0.0,0.0,0.0,0.0,0.0,0.0,0.0,0.0,0.0,2019-04-15
20,hru20,0.059,0.0,0.0,0.0,0.0,0.0,0.0,0.0,0.0,0.0,2019-04-15
21,hru21,0.06,0.0,0.0,0.0,0.0,0.0,0.0,0.0,0.0,0.0,2019-04-15
22,hru22,0.06,0.0,0.0,0.0,0.0,0.0,0.0,0.0,0.0,0.0,2019-04-15
23,hru23,0.06,0.0,0.0,0.0,0.0,0.0,0.0,0.0,0.0,0.0,2019-04-15
24,hru24,0.06,0.0,0.0,0.0,0.0,0.0,0.0,0.0,0.0,0.0,2019-04-15
25,hru25,0.059,0.0,0.0,0.0,0.0,0.0,0.0,0.0,0.0,0.0,2019-04-15
26,hru26,0.059,0.0,0.0,0.0,0.0,0.0,0.0,0.0,0.0,0.0,2019-04-15
27,hru27,0.058,0.0,0.0,0.0,0.0,0.0,0.0,0.0,0.0,0.0,2019-04-15
28,hru28,0.058,0.0,0.0,0.0,0.0,0.0,0.0,0.0,0.0,0.0,2019-04-15
29,hru29,0.058,0.0,0.0,0.0,0.0,0.0,0.0,0.0,0.0,0.0,2019-04-15
30,hru30,0.058,0.0,0.0,0.0,0.0,0.0,0.0,0.0,0.0,0.0,2019-04-15
31,hru31,0.056,0.0,0.0,0.0,0.0,0.0,0.0,0.0,0.0,0.0,2019-04-15
32,hru32,0.059,0.0,0.0,0.0,0.0,0.0,0.0,0.0,0.0,0.0,2019-04-15
33,hru33,0.058,0.0,0.0,0.0,0.0,0.0,0.0,0.0,0.0,0.0,2019-04-15
34,hru34,0.058,0.0,0.0,0.0,0.0,0.0,0.0,0.0,0.0,0.0,2019-04-15
35,hru35,0.056,0.0,0.0,0.0,0.0,0.0,0.0,0.0,0.0,0.0,2019-04-15
36,hru36,0.058,0.0,0.0,0.0,0.0,0.0,0.0,0.0,0.0,0.0,2019-04-15
1,hru01,0.06,0.0,0.0,0.0,0.0,0.0,0.0,0.0,0.0,0.0,2019-04-16
2,hru02,0.061,0.0,0.0,0.0,0.0,0.0,0.0,0.0,0.0,0.0,2019-04-16
3,hru03,0.06,0.0,0.0,0.0,0.0,0.0,0.0,0.0,0.0,0.0,2019-04-16
4,hru04,0.06,0.0,0.0,0.0,0.0,0.0,0.0,0.0,0.0,0.0,2019-04-16
5,hru05,0.061,0.0,0.0,0.0,0.0,0.0,0.0,0.0,0.0,0.0,2019-04-16
6,hru06,0.061,0.0,0.0,0.0,0.0,0.0,0.0,0.0,0.0,0.0,2019-04-16
7,hru07,0.062,0.0,0.0,0.0,0.0,0.0,0.0,0.0,0.0,0.0,2019-04-16
8,hru08,0.06,0.0,0.0,0.0,0.0,0.0,0.0,0.0,0.0,0.0,2019-04-16
9,hru09,0.062,0.0,0.0,0.0,0.0,0.0,0.0,0.0,0.0,0.0,2019-04-16
10,hru10,0.062,0.0,0.0,0.0,0.0,0.0,0.0,0.0,0.0,0.0,2019-04-16
11,hru11,0.062,0.0,0.0,0.0,0.0,0.0,0.0,0.0,0.0,0.0,2019-04-16
12,hru12,0.063,0.0,0.0,0.0,0.0,0.0,0.0,0.0,0.0,0.0,2019-04-16
13,hru13,0.063,0.0,0.0,0.0,0.0,0.0,0.0,0.0,0.0,0.0,2019-04-16
14,hru14,0.063,0.0,0.0,0.0,0.0,0.0,0.0,0.0,0.0,0.0,2019-04-16
15,hru15,0.064,0.0,0.0,0.0,0.0,0.0,0.0,0.0,0.0,0.0,2019-04-16
16,hru16,0.063,0.0,0.0,0.0,0.0,0.0,0.0,0.0,0.0,0.0,2019-04-16
17,hru17,0.064,0.0,0.0,0.0,0.0,0.0,0.0,0.0,0.0,0.0,2019-04-16
18,hru18,0.064,0.0,0.0,0.0,0.0,0.0,0.0,0.0,0.0,0.0,2019-04-16
19,hru19,0.065,0.0,0.0,0.0,0.0,0.0,0.0,0.0,0.0,0.0,2019-04-16
20,hru20,0.063,0.0,0.0,0.0,0.0,0.0,0.0,0.0,0.0,0.0,2019-04-16
21,hru21,0.064,0.0,0.0,0.0,0.0,0.0,0.0,0.0,0.0,0.0,2019-04-16
22,hru22,0.064,0.0,0.0,0.0,0.0,0.0,0.0,0.0,0.0,0.0,2019-04-16
23,hru23,0.064,0.0,0.0,0.0,0.0,0.0,0.0,0.0,0.0,0.0,2019-04-16
24,hru24,0.064,0.0,0.0,0.0,0.0,0.0,0.0,0.0,0.0,0.0,2019-04-16
25,hru25,0.063,0.0,0.0,0.0,0.0,0.0,0.0,0.0,0.0,0.0,2019-04-16
26,hru26,0.063,0.0,0.0,0.0,0.0,0.0,0.0,0.0,0.0,0.0,2019-04-16
27,hru27,0.062,0.0,0.0,0.0,0.0,0.0,0.0,0.0,0.0,0.0,2019-04-16
28,hru28,0.062,0.0,0.0,0.0,0.0,0.0,0.0,0.0,0.0,0.0,2019-04-16
29,hru29,0.062,0.0,0.0,0.0,0.0,0.0,0.0,0.0,0.0,0.0,2019-04-16
30,hru30,0.062,0.0,0.0,0.0,0.0,0.0,0.0,0.0,0.0,0.0,2019-04-16
31,hru31,0.06,0.0,0.0,0.0,0.0,0.0,0.0,0.0,0.0,0.0,2019-04-16
32,hru32,0.063,0.0,0.0,0.0,0.0,0.0,0.0,0.0,0.0,0.0,2019-04-16
33,hru33,0.062,0.0,0.0,0.0,0.0,0.0,0.0,0.0,0.0,0.0,2019-04-16
34,hru34,0.062,0.0,0.0,0.0,0.0,0.0,0.0,0.0,0.0,0.0,2019-04-16
35,hru35,0.06,0.0,0.0,0.0,0.0,0.0,0.0,0.0,0.0,0.0,2019-04-16
36,hru36,0.062,0.0,0.0,0.0,0.0,0.0,0.0,0.0,0.0,0.0,2019-04-16
1,hru01,0.064,0.0,0.0,0.0,0.0,0.0,0.0,0.0,0.0,0.0,2019-04-17
2,hru02,0.065,0.0,0.0,0.0,0.0,0.0,0.0,0.0,0.0,0.0,2019-04-17
3,hru03,0.064,0.0,0.0,0.0,0.0,0.0,0.0,0.0,0.0,0.0,2019-04-17
4,hru04,0.064,0.0,0.0,0.0,0.0,0.0,0.0,0.0,0.0,0.0,2019-04-17
5,hru05,0.065,0.0,0.0,0.0,0.0,0.0,0.0,0.0,0.0,0.0,2019-04-17
6,hru06,0.065,0.0,0.0,0.0,0.0,0.0,0.0,0.0,0.0,0.0,2019-04-17
7,hru07,0.066,0.0,0.0,0.0,0.0,0.0,0.0,0.0,0.0,0.0,2019-04-17
8,hru08,0.064,0.0,0.0,0.0,0.0,0.0,0.0,0.0,0.0,0.0,2019-04-17
9,hru09,0.066,0.0,0.0,0.0,0.0,0.0,0.0,0.0,0.0,0.0,2019-04-17
10,hru10,0.066,0.0,0.0,0.0,0.0,0.0,0.0,0.0,0.0,0.0,2019-04-17
11,hru11,0.066,0.0,0.0,0.0,0.0,0.0,0.0,0.0,0.0,0.0,2019-04-17
12,hru12,0.066,0.0,0.0,0.0,0.0,0.0,0.0,0.0,0.0,0.0,2019-04-17
13,hru13,0.067,0.0,0.0,0.0,0.0,0.0,0.0,0.0,0.0,0.0,2019-04-17
14,hru14,0.066,0.0,0.0,0.0,0.0,0.0,0.0,0.0,0.0,0.0,2019-04-17
15,hru15,0.068,0.0,0.0,0.0,0.0,0.0,0.0,0.0,0.0,0.0,2019-04-17
16,hru16,0.067,0.0,0.0,0.0,0.0,0.0,0.0,0.0,0.0,0.0,2019-04-17
17,hru17,0.068,0.0,0.0,0.0,0.0,0.0,0.0,0.0,0.0,0.0,2019-04-17
18,hru18,0.068,0.0,0.0,0.0,0.0,0.0,0.0,0.0,0.0,0.0,2019-04-17
19,hru19,0.069,0.0,0.0,0.0,0.0,0.0,0.0,0.0,0.0,0.0,2019-04-17
20,hru20,0.067,0.0,0.0,0.0,0.0,0.0,0.0,0.0,0.0,0.0,2019-04-17
21,hru21,0.068,0.0,0.0,0.0,0.0,0.0,0.0,0.0,0.0,0.0,2019-04-17
22,hru22,0.068,0.0,0.0,0.0,0.0,0.0,0.0,0.0,0.0,0.0,2019-04-17
23,hru23,0.068,0.0,0.0,0.0,0.0,0.0,0.0,0.0,0.0,0.0,2019-04-17
24,hru24,0.068,0.0,0.0,0.0,0.0,0.0,0.0,0.0,0.0,0.0,2019-04-17
25,hru25,0.067,0.0,0.0,0.0,0.0,0.0,0.0,0.0,0.0,0.0,2019-04-17
26,hru26,0.067,0.0,0.0,0.0,0.0,0.0,0.0,0.0,0.0,0.0,2019-04-17
27,hru27,0.066,0.0,0.0,0.0,0.0,0.0,0.0,0.0,0.0,0.0,2019-04-17
28,hru28,0.066,0.0,0.0,0.0,0.0,0.0,0.0,0.0,0.0,0.0,2019-04-17
29,hru29,0.066,0.0,0.0,0.0,0.0,0.0,0.0,0.0,0.0,0.0,2019-04-17
30,hru30,0.066,0.0,0.0,0.0,0.0,0.0,0.0,0.0,0.0,0.0,2019-04-17
31,hru31,0.064,0.0,0.0,0.0,0.0,0.0,0.0,0.0,0.0,0.0,2019-04-17
32,hru32,0.067,0.0,0.0,0.0,0.0,0.0,0.0,0.0,0.0,0.0,2019-04-17
33,hru33,0.066,0.0,0.0,0.0,0.0,0.0,0.0,0.0,0.0,0.0,2019-04-17
34,hru34,0.066,0.0,0.0,0.0,0.0,0.0,0.0,0.0,0.0,0.0,2019-04-17
35,hru35,0.064,0.0,0.0,0.0,0.0,0.0,0.0,0.0,0.0,0.0,2019-04-17
36,hru36,0.066,0.0,0.0,0.0,0.0,0.0,0.0,0.0,0.0,0.0,2019-04-17
1,hru01,0.066,0.0,0.0,0.0,0.0,0.0,0.0,0.0,0.0,0.0,2019-04-18
2,hru02,0.067,0.0,0.0,0.0,0.0,0.0,0.0,0.0,0.0,0.0,2019-04-18
3,hru03,0.065,0.0,0.0,0.0,0.0,0.0,0.0,0.0,0.0,0.0,2019-04-18
4,hru04,0.066,0.0,0.0,0.0,0.0,0.0,0.0,0.0,0.0,0.0,2019-04-18
5,hru05,0.067,0.0,0.0,0.0,0.0,0.0,0.0,0.0,0.0,0.0,2019-04-18
6,hru06,0.067,0.0,0.0,0.0,0.0,0.0,0.0,0.0,0.0,0.0,2019-04-18
7,hru07,0.068,0.0,0.0,0.0,0.0,0.0,0.0,0.0,0.0,0.0,2019-04-18
8,hru08,0.065,0.0,0.0,0.0,0.0,0.0,0.0,0.0,0.0,0.0,2019-04-18
9,hru09,0.068,0.0,0.0,0.0,0.0,0.0,0.0,0.0,0.0,0.0,2019-04-18
10,hru10,0.068,0.0,0.0,0.0,0.0,0.0,0.0,0.0,0.0,0.0,2019-04-18
11,hru11,0.068,0.0,0.0,0.0,0.0,0.0,0.0,0.0,0.0,0.0,2019-04-18
12,hru12,0.068,0.0,0.0,0.0,0.0,0.0,0.0,0.0,0.0,0.0,2019-04-18
13,hru13,0.069,0.0,0.0,0.0,0.0,0.0,0.0,0.0,0.0,0.0,2019-04-18
14,hru14,0.068,0.0,0.0,0.0,0.0,0.0,0.0,0.0,0.0,0.0,2019-04-18
15,hru15,0.07,0.0,0.0,0.0,0.0,0.0,0.0,0.0,0.0,0.0,2019-04-18
16,hru16,0.069,0.0,0.0,0.0,0.0,0.0,0.0,0.0,0.0,0.0,2019-04-18
17,hru17,0.069,0.0,0.0,0.0,0.0,0.0,0.0,0.0,0.0,0.0,2019-04-18
18,hru18,0.07,0.0,0.0,0.0,0.0,0.0,0.0,0.0,0.0,0.0,2019-04-18
19,hru19,0.071,0.0,0.0,0.0,0.0,0.0,0.0,0.0,0.0,0.0,2019-04-18
20,hru20,0.069,0.0,0.0,0.0,0.0,0.0,0.0,0.0,0.0,0.0,2019-04-18
21,hru21,0.07,0.0,0.0,0.0,0.0,0.0,0.0,0.0,0.0,0.0,2019-04-18
22,hru22,0.07,0.0,0.0,0.0,0.0,0.0,0.0,0.0,0.0,0.0,2019-04-18
23,hru23,0.07,0.0,0.0,0.0,0.0,0.0,0.0,0.0,0.0,0.0,2019-04-18
24,hru24,0.07,0.0,0.0,0.0,0.0,0.0,0.0,0.0,0.0,0.0,2019-04-18
25,hru25,0.069,0.0,0.0,0.0,0.0,0.0,0.0,0.0,0.0,0.0,2019-04-18
26,hru26,0.069,0.0,0.0,0.0,0.0,0.0,0.0,0.0,0.0,0.0,2019-04-18
27,hru27,0.068,0.0,0.0,0.0,0.0,0.0,0.0,0.0,0.0,0.0,2019-04-18
28,hru28,0.068,0.0,0.0,0.0,0.0,0.0,0.0,0.0,0.0,0.0,2019-04-18
29,hru29,0.068,0.0,0.0,0.0,0.0,0.0,0.0,0.0,0.0,0.0,2019-04-18
30,hru30,0.068,0.0,0.0,0.0,0.0,0.0,0.0,0.0,0.0,0.0,2019-04-18
31,hru31,0.066,0.0,0.0,0.0,0.0,0.0,0.0,0.0,0.0,0.0,2019-04-18
32,hru32,0.069,0.0,0.0,0.0,0.0,0.0,0.0,0.0,0.0,0.0,2019-04-18
33,hru33,0.068,0.0,0.0,0.0,0.0,0.0,0.0,0.0,0.0,0.0,2019-04-18
34,hru34,0.068,0.0,0.0,0.0,0.0,0.0,0.0,0.0,0.0,0.0,2019-04-18
35,hru35,0.066,0.0,0.0,0.0,0.0,0.0,0.0,0.0,0.0,0.0,2019-04-18
36,hru36,0.068,0.0,0.0,0.0,0.0,0.0,0.0,0.0,0.0,0.0,2019-04-18
1,hru01,0.069,0.0,0.0,0.0,0.0,0.0,0.0,0.0,0.0,0.0,2019-04-19
2,hru02,0.07,0.0,0.0,0.0,0.0,0.0,0.0,0.0,0.0,0.0,2019-04-19
3,hru03,0.068,0.0,0.0,0.0,0.0,0.0,0.0,0.0,0.0,0.0,2019-04-19
4,hru04,0.069,0.0,0.0,0.0,0.0,0.0,0.0,0.0,0.0,0.0,2019-04-19
5,hru05,0.07,0.0,0.0,0.0,0.0,0.0,0.0,0.0,0.0,0.0,2019-04-19
6,hru06,0.07,0.0,0.0,0.0,0.0,0.0,0.0,0.0,0.0,0.0,2019-04-19
7,hru07,0.071,0.0,0.0,0.0,0.0,0.0,0.0,0.0,0.0,0.0,2019-04-19
8,hru08,0.068,0.0,0.0,0.0,0.0,0.0,0.0,0.0,0.0,0.0,2019-04-19
9,hru09,0.07,0.0,0.0,0.0,0.0,0.0,0.0,0.0,0.0,0.0,2019-04-19
10,hru10,0.07,0.0,0.0,0.0,0.0,0.0,0.0,0.0,0.0,0.0,2019-04-19
11,hru11,0.071,0.0,0.0,0.0,0.0,0.0,0.0,0.0,0.0,0.0,2019-04-19
12,hru12,0.071,0.0,0.0,0.0,0.0,0.0,0.0,0.0,0.0,0.0,2019-04-19
13,hru13,0.071,0.0,0.0,0.0,0.0,0.0,0.0,0.0,0.0,0.0,2019-04-19
14,hru14,0.071,0.0,0.0,0.0,0.0,0.0,0.0,0.0,0.0,0.0,2019-04-19
15,hru15,0.072,0.0,0.0,0.0,0.0,0.0,0.0,0.0,0.0,0.0,2019-04-19
16,hru16,0.071,0.0,0.0,0.0,0.0,0.0,0.0,0.0,0.0,0.0,2019-04-19
17,hru17,0.072,0.0,0.0,0.0,0.0,0.0,0.0,0.0,0.0,0.0,2019-04-19
18,hru18,0.072,0.0,0.0,0.0,0.0,0.0,0.0,0.0,0.0,0.0,2019-04-19
19,hru19,0.073,0.0,0.0,0.0,0.0,0.0,0.0,0.0,0.0,0.0,2019-04-19
20,hru20,0.072,0.0,0.0,0.0,0.0,0.0,0.0,0.0,0.0,0.0,2019-04-19
21,hru21,0.072,0.0,0.0,0.0,0.0,0.0,0.0,0.0,0.0,0.0,2019-04-19
22,hru22,0.072,0.0,0.0,0.0,0.0,0.0,0.0,0.0,0.0,0.0,2019-04-19
23,hru23,0.072,0.0,0.0,0.0,0.0,0.0,0.0,0.0,0.0,0.0,2019-04-19
24,hru24,0.072,0.0,0.0,0.0,0.0,0.0,0.0,0.0,0.0,0.0,2019-04-19
25,hru25,0.072,0.0,0.0,0.0,0.0,0.0,0.0,0.0,0.0,0.0,2019-04-19
26,hru26,0.071,0.0,0.0,0.0,0.0,0.0,0.0,0.0,0.0,0.0,2019-04-19
27,hru27,0.071,0.0,0.0,0.0,0.0,0.0,0.0,0.0,0.0,0.0,2019-04-19
28,hru28,0.071,0.0,0.0,0.0,0.0,0.0,0.0,0.0,0.0,0.0,2019-04-19
29,hru29,0.071,0.0,0.0,0.0,0.0,0.0,0.0,0.0,0.0,0.0,2019-04-19
30,hru30,0.071,0.0,0.0,0.0,0.0,0.0,0.0,0.0,0.0,0.0,2019-04-19
31,hru31,0.069,0.0,0.0,0.0,0.0,0.0,0.0,0.0,0.0,0.0,2019-04-19
32,hru32,0.071,0.0,0.0,0.0,0.0,0.0,0.0,0.0,0.0,0.0,2019-04-19
33,hru33,0.07,0.0,0.0,0.0,0.0,0.0,0.0,0.0,0.0,0.0,2019-04-19
34,hru34,0.07,0.0,0.0,0.0,0.0,0.0,0.0,0.0,0.0,0.0,2019-04-19
35,hru35,0.069,0.0,0.0,0.0,0.0,0.0,0.0,0.0,0.0,0.0,2019-04-19
36,hru36,0.07,0.0,0.0,0.0,0.0,0.0,0.0,0.0,0.0,0.0,2019-04-19
1,hru01,0.073,0.0,0.0,0.0,0.0,0.0,0.0,0.0,0.0,0.0,2019-04-20
2,hru02,0.074,0.0,0.0,0.0,0.0,0.0,0.0,0.0,0.0,0.0,2019-04-20
3,hru03,0.072,0.0,0.0,0.0,0.0,0.0,0.0,0.0,0.0,0.0,2019-04-20
4,hru04,0.073,0.0,0.0,0.0,0.0,0.0,0.0,0.0,0.0,0.0,2019-04-20
5,hru05,0.074,0.0,0.0,0.0,0.0,0.0,0.0,0.0,0.0,0.0,2019-04-20
6,hru06,0.074,0.0,0.0,0.0,0.0,0.0,0.0,0.0,0.0,0.0,2019-04-20
7,hru07,0.075,0.0,0.0,0.0,0.0,0.0,0.0,0.0,0.0,0.0,2019-04-20
8,hru08,0.072,0.0,0.0,0.0,0.0,0.0,0.0,0.0,0.0,0.0,2019-04-20
9,hru09,0.074,0.0,0.0,0.0,0.0,0.0,0.0,0.0,0.0,0.0,2019-04-20
10,hru10,0.074,0.0,0.0,0.0,0.0,0.0,0.0,0.0,0.0,0.0,2019-04-20
11,hru11,0.075,0.0,0.0,0.0,0.0,0.0,0.0,0.0,0.0,0.0,2019-04-20
12,hru12,0.075,0.0,0.0,0.0,0.0,0.0,0.0,0.0,0.0,0.0,2019-04-20
13,hru13,0.075,0.0,0.0,0.0,0.0,0.0,0.0,0.0,0.0,0.0,2019-04-20
14,hru14,0.075,0.0,0.0,0.0,0.0,0.0,0.0,0.0,0.0,0.0,2019-04-20
15,hru15,0.076,0.0,0.0,0.0,0.0,0.0,0.0,0.0,0.0,0.0,2019-04-20
16,hru16,0.075,0.0,0.0,0.0,0.0,0.0,0.0,0.0,0.0,0.0,2019-04-20
17,hru17,0.076,0.0,0.0,0.0,0.0,0.0,0.0,0.0,0.0,0.0,2019-04-20
18,hru18,0.076,0.0,0.0,0.0,0.0,0.0,0.0,0.0,0.0,0.0,2019-04-20
19,hru19,0.077,0.0,0.0,0.0,0.0,0.0,0.0,0.0,0.0,0.0,2019-04-20
20,hru20,0.075,0.0,0.0,0.0,0.0,0.0,0.0,0.0,0.0,0.0,2019-04-20
21,hru21,0.076,0.0,0.0,0.0,0.0,0.0,0.0,0.0,0.0,0.0,2019-04-20
22,hru22,0.076,0.0,0.0,0.0,0.0,0.0,0.0,0.0,0.0,0.0,2019-04-20
23,hru23,0.076,0.0,0.0,0.0,0.0,0.0,0.0,0.0,0.0,0.0,2019-04-20
24,hru24,0.076,0.0,0.0,0.0,0.0,0.0,0.0,0.0,0.0,0.0,2019-04-20
25,hru25,0.075,0.0,0.0,0.0,0.0,0.0,0.0,0.0,0.0,0.0,2019-04-20
26,hru26,0.075,0.0,0.0,0.0,0.0,0.0,0.0,0.0,0.0,0.0,2019-04-20
27,hru27,0.074,0.0,0.0,0.0,0.0,0.0,0.0,0.0,0.0,0.0,2019-04-20
28,hru28,0.075,0.0,0.0,0.0,0.0,0.0,0.0,0.0,0.0,0.0,2019-04-20
29,hru29,0.075,0.0,0.0,0.0,0.0,0.0,0.0,0.0,0.0,0.0,2019-04-20
30,hru30,0.075,0.0,0.0,0.0,0.0,0.0,0.0,0.0,0.0,0.0,2019-04-20
31,hru31,0.073,0.0,0.0,0.0,0.0,0.0,0.0,0.0,0.0,0.0,2019-04-20
32,hru32,0.075,0.0,0.0,0.0,0.0,0.0,0.0,0.0,0.0,0.0,2019-04-20
33,hru33,0.074,0.0,0.0,0.0,0.0,0.0,0.0,0.0,0.0,0.0,2019-04-20
34,hru34,0.074,0.0,0.0,0.0,0.0,0.0,0.0,0.0,0.0,0.0,2019-04-20
35,hru35,0.073,0.0,0.0,0.0,0.0,0.0,0.0,0.0,0.0,0.0,2019-04-20
36,hru36,0.074,0.0,0.0,0.0,0.0,0.0,0.0,0.0,0.0,0.0,2019-04-20
1,hru01,0.079,0.0,0.0,0.0,0.0,0.0,0.0,0.0,0.0,0.0,2019-04-21
2,hru02,0.08,0.0,0.0,0.0,0.0,0.0,0.0,0.0,0.0,0.0,2019-04-21
3,hru03,0.078,0.0,0.0,0.0,0.0,0.0,0.0,0.0,0.0,0.0,2019-04-21
4,hru04,0.079,0.0,0.0,0.0,0.0,0.0,0.0,0.0,0.0,0.0,2019-04-21
5,hru05,0.08,0.0,0.0,0.0,0.0,0.0,0.0,0.0,0.0,0.0,2019-04-21
6,hru06,0.08,0.0,0.0,0.0,0.0,0.0,0.0,0.0,0.0,0.0,2019-04-21
7,hru07,0.08,0.0,0.0,0.0,0.0,0.0,0.0,0.0,0.0,0.0,2019-04-21
8,hru08,0.078,0.0,0.0,0.0,0.0,0.0,0.0,0.0,0.0,0.0,2019-04-21
9,hru09,0.08,0.0,0.0,0.0,0.0,0.0,0.0,0.0,0.0,0.0,2019-04-21
10,hru10,0.08,0.0,0.0,0.0,0.0,0.0,0.0,0.0,0.0,0.0,2019-04-21
11,hru11,0.081,0.0,0.0,0.0,0.0,0.0,0.0,0.0,0.0,0.0,2019-04-21
12,hru12,0.081,0.0,0.0,0.0,0.0,0.0,0.0,0.0,0.0,0.0,2019-04-21
13,hru13,0.081,0.0,0.0,0.0,0.0,0.0,0.0,0.0,0.0,0.0,2019-04-21
14,hru14,0.081,0.0,0.0,0.0,0.0,0.0,0.0,0.0,0.0,0.0,2019-04-21
15,hru15,0.082,0.0,0.0,0.0,0.0,0.0,0.0,0.0,0.0,0.0,2019-04-21
16,hru16,0.081,0.0,0.0,0.0,0.0,0.0,0.0,0.0,0.0,0.0,2019-04-21
17,hru17,0.082,0.0,0.0,0.0,0.0,0.0,0.0,0.0,0.0,0.0,2019-04-21
18,hru18,0.082,0.0,0.0,0.0,0.0,0.0,0.0,0.0,0.0,0.0,2019-04-21
19,hru19,0.083,0.0,0.0,0.0,0.0,0.0,0.0,0.0,0.0,0.0,2019-04-21
20,hru20,0.081,0.0,0.0,0.0,0.0,0.0,0.0,0.0,0.0,0.0,2019-04-21
21,hru21,0.082,0.0,0.0,0.0,0.0,0.0,0.0,0.0,0.0,0.0,2019-04-21
22,hru22,0.082,0.0,0.0,0.0,0.0,0.0,0.0,0.0,0.0,0.0,2019-04-21
23,hru23,0.082,0.0,0.0,0.0,0.0,0.0,0.0,0.0,0.0,0.0,2019-04-21
24,hru24,0.082,0.0,0.0,0.0,0.0,0.0,0.0,0.0,0.0,0.0,2019-04-21
25,hru25,0.081,0.0,0.0,0.0,0.0,0.0,0.0,0.0,0.0,0.0,2019-04-21
26,hru26,0.081,0.0,0.0,0.0,0.0,0.0,0.0,0.0,0.0,0.0,2019-04-21
27,hru27,0.08,0.0,0.0,0.0,0.0,0.0,0.0,0.0,0.0,0.0,2019-04-21
28,hru28,0.081,0.0,0.0,0.0,0.0,0.0,0.0,0.0,0.0,0.0,2019-04-21
29,hru29,0.08,0.0,0.0,0.0,0.0,0.0,0.0,0.0,0.0,0.0,2019-04-21
30,hru30,0.08,0.0,0.0,0.0,0.0,0.0,0.0,0.0,0.0,0.0,2019-04-21
31,hru31,0.079,0.0,0.0,0.0,0.0,0.0,0.0,0.0,0.0,0.0,2019-04-21
32,hru32,0.081,0.0,0.0,0.0,0.0,0.0,0.0,0.0,0.0,0.0,2019-04-21
33,hru33,0.08,0.0,0.0,0.0,0.0,0.0,0.0,0.0,0.0,0.0,2019-04-21
34,hru34,0.08,0.0,0.0,0.0,0.0,0.0,0.0,0.0,0.0,0.0,2019-04-21
35,hru35,0.079,0.0,0.0,0.0,0.0,0.0,0.0,0.0,0.0,0.0,2019-04-21
36,hru36,0.08,0.0,0.0,0.0,0.0,0.0,0.0,0.0,0.0,0.0,2019-04-21
1,hru01,0.082,0.0,0.0,0.0,0.0,0.0,0.0,0.0,0.0,0.0,2019-04-22
2,hru02,0.083,0.0,0.0,0.0,0.0,0.0,0.0,0.0,0.0,0.0,2019-04-22
3,hru03,0.081,0.0,0.0,0.0,0.0,0.0,0.0,0.0,0.0,0.0,2019-04-22
4,hru04,0.082,0.0,0.0,0.0,0.0,0.0,0.0,0.0,0.0,0.0,2019-04-22
5,hru05,0.083,0.0,0.0,0.0,0.0,0.0,0.0,0.0,0.0,0.0,2019-04-22
6,hru06,0.083,0.0,0.0,0.0,0.0,0.0,0.0,0.0,0.0,0.0,2019-04-22
7,hru07,0.084,0.0,0.0,0.0,0.0,0.0,0.0,0.0,0.0,0.0,2019-04-22
8,hru08,0.081,0.0,0.0,0.0,0.0,0.0,0.0,0.0,0.0,0.0,2019-04-22
9,hru09,0.083,0.0,0.0,0.0,0.0,0.0,0.0,0.0,0.0,0.0,2019-04-22
10,hru10,0.083,0.0,0.0,0.0,0.0,0.0,0.0,0.0,0.0,0.0,2019-04-22
11,hru11,0.084,0.0,0.0,0.0,0.0,0.0,0.0,0.0,0.0,0.0,2019-04-22
12,hru12,0.084,0.0,0.0,0.0,0.0,0.0,0.0,0.0,0.0,0.0,2019-04-22
13,hru13,0.085,0.0,0.0,0.0,0.0,0.0,0.0,0.0,0.0,0.0,2019-04-22
14,hru14,0.084,0.0,0.0,0.0,0.0,0.0,0.0,0.0,0.0,0.0,2019-04-22
15,hru15,0.085,0.0,0.0,0.0,0.0,0.0,0.0,0.0,0.0,0.0,2019-04-22
16,hru16,0.085,0.0,0.0,0.0,0.0,0.0,0.0,0.0,0.0,0.0,2019-04-22
17,hru17,0.085,0.0,0.0,0.0,0.0,0.0,0.0,0.0,0.0,0.0,2019-04-22
18,hru18,0.085,0.0,0.0,0.0,0.0,0.0,0.0,0.0,0.0,0.0,2019-04-22
19,hru19,0.087,0.0,0.0,0.0,0.0,0.0,0.0,0.0,0.0,0.0,2019-04-22
20,hru20,0.085,0.0,0.0,0.0,0.0,0.0,0.0,0.0,0.0,0.0,2019-04-22
21,hru21,0.085,0.0,0.0,0.0,0.0,0.0,0.0,0.0,0.0,0.0,2019-04-22
22,hru22,0.085,0.0,0.0,0.0,0.0,0.0,0.0,0.0,0.0,0.0,2019-04-22
23,hru23,0.085,0.0,0.0,0.0,0.0,0.0,0.0,0.0,0.0,0.0,2019-04-22
24,hru24,0.085,0.0,0.0,0.0,0.0,0.0,0.0,0.0,0.0,0.0,2019-04-22
25,hru25,0.085,0.0,0.0,0.0,0.0,0.0,0.0,0.0,0.0,0.0,2019-04-22
26,hru26,0.084,0.0,0.0,0.0,0.0,0.0,0.0,0.0,0.0,0.0,2019-04-22
27,hru27,0.084,0.0,0.0,0.0,0.0,0.0,0.0,0.0,0.0,0.0,2019-04-22
28,hru28,0.084,0.0,0.0,0.0,0.0,0.0,0.0,0.0,0.0,0.0,2019-04-22
29,hru29,0.084,0.0,0.0,0.0,0.0,0.0,0.0,0.0,0.0,0.0,2019-04-22
30,hru30,0.084,0.0,0.0,0.0,0.0,0.0,0.0,0.0,0.0,0.0,2019-04-22
31,hru31,0.082,0.0,0.0,0.0,0.0,0.0,0.0,0.0,0.0,0.0,2019-04-22
32,hru32,0.085,0.0,0.0,0.0,0.0,0.0,0.0,0.0,0.0,0.0,2019-04-22
33,hru33,0.083,0.0,0.0,0.0,0.0,0.0,0.0,0.0,0.0,0.0,2019-04-22
34,hru34,0.083,0.0,0.0,0.0,0.0,0.0,0.0,0.0,0.0,0.0,2019-04-22
35,hru35,0.082,0.0,0.0,0.0,0.0,0.0,0.0,0.0,0.0,0.0,2019-04-22
36,hru36,0.083,0.0,0.0,0.0,0.0,0.0,0.0,0.0,0.0,0.0,2019-04-22
1,hru01,0.085,0.0,0.0,0.0,0.0,0.0,0.0,0.0,0.0,0.0,2019-04-23
2,hru02,0.086,0.0,0.0,0.0,0.0,0.0,0.0,0.0,0.0,0.0,2019-04-23
3,hru03,0.084,0.0,0.0,0.0,0.0,0.0,0.0,0.0,0.0,0.0,2019-04-23
4,hru04,0.085,0.0,0.0,0.0,0.0,0.0,0.0,0.0,0.0,0.0,2019-04-23
5,hru05,0.086,0.0,0.0,0.0,0.0,0.0,0.0,0.0,0.0,0.0,2019-04-23
6,hru06,0.086,0.0,0.0,0.0,0.0,0.0,0.0,0.0,0.0,0.0,2019-04-23
7,hru07,0.087,0.0,0.0,0.0,0.0,0.0,0.0,0.0,0.0,0.0,2019-04-23
8,hru08,0.084,0.0,0.0,0.0,0.0,0.0,0.0,0.0,0.0,0.0,2019-04-23
9,hru09,0.086,0.0,0.0,0.0,0.0,0.0,0.0,0.0,0.0,0.0,2019-04-23
10,hru10,0.086,0.0,0.0,0.0,0.0,0.0,0.0,0.0,0.0,0.0,2019-04-23
11,hru11,0.087,0.0,0.0,0.0,0.0,0.0,0.0,0.0,0.0,0.0,2019-04-23
12,hru12,0.087,0.0,0.0,0.0,0.0,0.0,0.0,0.0,0.0,0.0,2019-04-23
13,hru13,0.088,0.0,0.0,0.0,0.0,0.0,0.0,0.0,0.0,0.0,2019-04-23
14,hru14,0.087,0.0,0.0,0.0,0.0,0.0,0.0,0.0,0.0,0.0,2019-04-23
15,hru15,0.089,0.0,0.0,0.0,0.0,0.0,0.0,0.0,0.0,0.0,2019-04-23
16,hru16,0.088,0.0,0.0,0.0,0.0,0.0,0.0,0.0,0.0,0.0,2019-04-23
17,hru17,0.088,0.0,0.0,0.0,0.0,0.0,0.0,0.0,0.0,0.0,2019-04-23
18,hru18,0.089,0.0,0.0,0.0,0.0,0.0,0.0,0.0,0.0,0.0,2019-04-23
19,hru19,0.09,0.0,0.0,0.0,0.0,0.0,0.0,0.0,0.0,0.0,2019-04-23
20,hru20,0.088,0.0,0.0,0.0,0.0,0.0,0.0,0.0,0.0,0.0,2019-04-23
21,hru21,0.089,0.0,0.0,0.0,0.0,0.0,0.0,0.0,0.0,0.0,2019-04-23
22,hru22,0.089,0.0,0.0,0.0,0.0,0.0,0.0,0.0,0.0,0.0,2019-04-23
23,hru23,0.089,0.0,0.0,0.0,0.0,0.0,0.0,0.0,0.0,0.0,2019-04-23
24,hru24,0.089,0.0,0.0,0.0,0.0,0.0,0.0,0.0,0.0,0.0,2019-04-23
25,hru25,0.088,0.0,0.0,0.0,0.0,0.0,0.0,0.0,0.0,0.0,2019-04-23
26,hru26,0.088,0.0,0.0,0.0,0.0,0.0,0.0,0.0,0.0,0.0,2019-04-23
27,hru27,0.087,0.0,0.0,0.0,0.0,0.0,0.0,0.0,0.0,0.0,2019-04-23
28,hru28,0.087,0.0,0.0,0.0,0.0,0.0,0.0,0.0,0.0,0.0,2019-04-23
29,hru29,0.087,0.0,0.0,0.0,0.0,0.0,0.0,0.0,0.0,0.0,2019-04-23
30,hru30,0.087,0.0,0.0,0.0,0.0,0.0,0.0,0.0,0.0,0.0,2019-04-23
31,hru31,0.085,0.0,0.0,0.0,0.0,0.0,0.0,0.0,0.0,0.0,2019-04-23
32,hru32,0.088,0.0,0.0,0.0,0.0,0.0,0.0,0.0,0.0,0.0,2019-04-23
33,hru33,0.087,0.0,0.0,0.0,0.0,0.0,0.0,0.0,0.0,0.0,2019-04-23
34,hru34,0.087,0.0,0.0,0.0,0.0,0.0,0.0,0.0,0.0,0.0,2019-04-23
35,hru35,0.085,0.0,0.0,0.0,0.0,0.0,0.0,0.0,0.0,0.0,2019-04-23
36,hru36,0.087,0.0,0.0,0.0,0.0,0.0,0.0,0.0,0.0,0.0,2019-04-23
1,hru01,0.089,0.0,0.0,0.0,0.0,0.0,0.0,0.0,0.0,0.0,2019-04-24
2,hru02,0.09,0.0,0.0,0.0,0.0,0.0,0.0,0.0,0.0,0.0,2019-04-24
3,hru03,0.088,0.0,0.0,0.0,0.0,0.0,0.0,0.0,0.0,0.0,2019-04-24
4,hru04,0.089,0.0,0.0,0.0,0.0,0.0,0.0,0.0,0.0,0.0,2019-04-24
5,hru05,0.09,0.0,0.0,0.0,0.0,0.0,0.0,0.0,0.0,0.0,2019-04-24
6,hru06,0.09,0.0,0.0,0.0,0.0,0.0,0.0,0.0,0.0,0.0,2019-04-24
7,hru07,0.091,0.0,0.0,0.0,0.0,0.0,0.0,0.0,0.0,0.0,2019-04-24
8,hru08,0.088,0.0,0.0,0.0,0.0,0.0,0.0,0.0,0.0,0.0,2019-04-24
9,hru09,0.09,0.0,0.0,0.0,0.0,0.0,0.0,0.0,0.0,0.0,2019-04-24
10,hru10,0.09,0.0,0.0,0.0,0.0,0.0,0.0,0.0,0.0,0.0,2019-04-24
11,hru11,0.091,0.0,0.0,0.0,0.0,0.0,0.0,0.0,0.0,0.0,2019-04-24
12,hru12,0.091,0.0,0.0,0.0,0.0,0.0,0.0,0.0,0.0,0.0,2019-04-24
13,hru13,0.091,0.0,0.0,0.0,0.0,0.0,0.0,0.0,0.0,0.0,2019-04-24
14,hru14,0.091,0.0,0.0,0.0,0.0,0.0,0.0,0.0,0.0,0.0,2019-04-24
15,hru15,0.092,0.0,0.0,0.0,0.0,0.0,0.0,0.0,0.0,0.0,2019-04-24
16,hru16,0.092,0.0,0.0,0.0,0.0,0.0,0.0,0.0,0.0,0.0,2019-04-24
17,hru17,0.092,0.0,0.0,0.0,0.0,0.0,0.0,0.0,0.0,0.0,2019-04-24
18,hru18,0.092,0.0,0.0,0.0,0.0,0.0,0.0,0.0,0.0,0.0,2019-04-24
19,hru19,0.094,0.0,0.0,0.0,0.0,0.0,0.0,0.0,0.0,0.0,2019-04-24
20,hru20,0.092,0.0,0.0,0.0,0.0,0.0,0.0,0.0,0.0,0.0,2019-04-24
21,hru21,0.092,0.0,0.0,0.0,0.0,0.0,0.0,0.0,0.0,0.0,2019-04-24
22,hru22,0.092,0.0,0.0,0.0,0.0,0.0,0.0,0.0,0.0,0.0,2019-04-24
23,hru23,0.092,0.0,0.0,0.0,0.0,0.0,0.0,0.0,0.0,0.0,2019-04-24
24,hru24,0.092,0.0,0.0,0.0,0.0,0.0,0.0,0.0,0.0,0.0,2019-04-24
25,hru25,0.092,0.0,0.0,0.0,0.0,0.0,0.0,0.0,0.0,0.0,2019-04-24
26,hru26,0.091,0.0,0.0,0.0,0.0,0.0,0.0,0.0,0.0,0.0,2019-04-24
27,hru27,0.09,0.0,0.0,0.0,0.0,0.0,0.0,0.0,0.0,0.0,2019-04-24
28,hru28,0.091,0.0,0.0,0.0,0.0,0.0,0.0,0.0,0.0,0.0,2019-04-24
29,hru29,0.091,0.0,0.0,0.0,0.0,0.0,0.0,0.0,0.0,0.0,2019-04-24
30,hru30,0.091,0.0,0.0,0.0,0.0,0.0,0.0,0.0,0.0,0.0,2019-04-24
31,hru31,0.089,0.0,0.0,0.0,0.0,0.0,0.0,0.0,0.0,0.0,2019-04-24
32,hru32,0.091,0.0,0.0,0.0,0.0,0.0,0.0,0.0,0.0,0.0,2019-04-24
33,hru33,0.09,0.0,0.0,0.0,0.0,0.0,0.0,0.0,0.0,0.0,2019-04-24
34,hru34,0.09,0.0,0.0,0.0,0.0,0.0,0.0,0.0,0.0,0.0,2019-04-24
35,hru35,0.089,0.0,0.0,0.0,0.0,0.0,0.0,0.0,0.0,0.0,2019-04-24
36,hru36,0.09,0.0,0.0,0.0,0.0,0.0,0.0,0.0,0.0,0.0,2019-04-24
1,hru01,0.092,0.0,0.0,0.0,0.0,0.0,0.0,0.0,0.0,0.0,2019-04-25
2,hru02,0.093,0.0,0.0,0.0,0.0,0.0,0.0,0.0,0.0,0.0,2019-04-25
3,hru03,0.091,0.0,0.0,0.0,0.0,0.0,0.0,0.0,0.0,0.0,2019-04-25
4,hru04,0.092,0.0,0.0,0.0,0.0,0.0,0.0,0.0,0.0,0.0,2019-04-25
5,hru05,0.093,0.0,0.0,0.0,0.0,0.0,0.0,0.0,0.0,0.0,2019-04-25
6,hru06,0.093,0.0,0.0,0.0,0.0,0.0,0.0,0.0,0.0,0.0,2019-04-25
7,hru07,0.094,0.0,0.0,0.0,0.0,0.0,0.0,0.0,0.0,0.0,2019-04-25
8,hru08,0.091,0.0,0.0,0.0,0.0,0.0,0.0,0.0,0.0,0.0,2019-04-25
9,hru09,0.094,0.0,0.0,0.0,0.0,0.0,0.0,0.0,0.0,0.0,2019-04-25
10,hru10,0.094,0.0,0.0,0.0,0.0,0.0,0.0,0.0,0.0,0.0,2019-04-25
11,hru11,0.094,0.0,0.0,0.0,0.0,0.0,0.0,0.0,0.0,0.0,2019-04-25
12,hru12,0.094,0.0,0.0,0.0,0.0,0.0,0.0,0.0,0.0,0.0,2019-04-25
13,hru13,0.095,0.0,0.0,0.0,0.0,0.0,0.0,0.0,0.0,0.0,2019-04-25
14,hru14,0.094,0.0,0.0,0.0,0.0,0.0,0.0,0.0,0.0,0.0,2019-04-25
15,hru15,0.096,0.0,0.0,0.0,0.0,0.0,0.0,0.0,0.0,0.0,2019-04-25
16,hru16,0.095,0.0,0.0,0.0,0.0,0.0,0.0,0.0,0.0,0.0,2019-04-25
17,hru17,0.095,0.0,0.0,0.0,0.0,0.0,0.0,0.0,0.0,0.0,2019-04-25
18,hru18,0.096,0.0,0.0,0.0,0.0,0.0,0.0,0.0,0.0,0.0,2019-04-25
19,hru19,0.097,0.0,0.0,0.0,0.0,0.0,0.0,0.0,0.0,0.0,2019-04-25
20,hru20,0.095,0.0,0.0,0.0,0.0,0.0,0.0,0.0,0.0,0.0,2019-04-25
21,hru21,0.096,0.0,0.0,0.0,0.0,0.0,0.0,0.0,0.0,0.0,2019-04-25
22,hru22,0.096,0.0,0.0,0.0,0.0,0.0,0.0,0.0,0.0,0.0,2019-04-25
23,hru23,0.096,0.0,0.0,0.0,0.0,0.0,0.0,0.0,0.0,0.0,2019-04-25
24,hru24,0.096,0.0,0.0,0.0,0.0,0.0,0.0,0.0,0.0,0.0,2019-04-25
25,hru25,0.095,0.0,0.0,0.0,0.0,0.0,0.0,0.0,0.0,0.0,2019-04-25
26,hru26,0.094,0.0,0.0,0.0,0.0,0.0,0.0,0.0,0.0,0.0,2019-04-25
27,hru27,0.094,0.0,0.0,0.0,0.0,0.0,0.0,0.0,0.0,0.0,2019-04-25
28,hru28,0.094,0.0,0.0,0.0,0.0,0.0,0.0,0.0,0.0,0.0,2019-04-25
29,hru29,0.094,0.0,0.0,0.0,0.0,0.0,0.0,0.0,0.0,0.0,2019-04-25
30,hru30,0.094,0.0,0.0,0.0,0.0,0.0,0.0,0.0,0.0,0.0,2019-04-25
31,hru31,0.092,0.0,0.0,0.0,0.0,0.0,0.0,0.0,0.0,0.0,2019-04-25
32,hru32,0.095,0.0,0.0,0.0,0.0,0.0,0.0,0.0,0.0,0.0,2019-04-25
33,hru33,0.094,0.0,0.0,0.0,0.0,0.0,0.0,0.0,0.0,0.0,2019-04-25
34,hru34,0.094,0.0,0.0,0.0,0.0,0.0,0.0,0.0,0.0,0.0,2019-04-25
35,hru35,0.092,0.0,0.0,0.0,0.0,0.0,0.0,0.0,0.0,0.0,2019-04-25
36,hru36,0.094,0.0,0.0,0.0,0.0,0.0,0.0,0.0,0.0,0.0,2019-04-25
1,hru01,0.095,0.0,0.0,0.0,0.0,0.0,0.0,0.0,0.0,0.0,2019-04-26
2,hru02,0.096,0.0,0.0,0.0,0.0,0.0,0.0,0.0,0.0,0.0,2019-04-26
3,hru03,0.094,0.0,0.0,0.0,0.0,0.0,0.0,0.0,0.0,0.0,2019-04-26
4,hru04,0.095,0.0,0.0,0.0,0.0,0.0,0.0,0.0,0.0,0.0,2019-04-26
5,hru05,0.096,0.0,0.0,0.0,0.0,0.0,0.0,0.0,0.0,0.0,2019-04-26
6,hru06,0.096,0.0,0.0,0.0,0.0,0.0,0.0,0.0,0.0,0.0,2019-04-26
7,hru07,0.097,0.0,0.0,0.0,0.0,0.0,0.0,0.0,0.0,0.0,2019-04-26
8,hru08,0.094,0.0,0.0,0.0,0.0,0.0,0.0,0.0,0.0,0.0,2019-04-26
9,hru09,0.097,0.0,0.0,0.0,0.0,0.0,0.0,0.0,0.0,0.0,2019-04-26
10,hru10,0.097,0.0,0.0,0.0,0.0,0.0,0.0,0.0,0.0,0.0,2019-04-26
11,hru11,0.097,0.0,0.0,0.0,0.0,0.0,0.0,0.0,0.0,0.0,2019-04-26
12,hru12,0.097,0.0,0.0,0.0,0.0,0.0,0.0,0.0,0.0,0.0,2019-04-26
13,hru13,0.098,0.0,0.0,0.0,0.0,0.0,0.0,0.0,0.0,0.0,2019-04-26
14,hru14,0.097,0.0,0.0,0.0,0.0,0.0,0.0,0.0,0.0,0.0,2019-04-26
15,hru15,0.099,0.0,0.0,0.0,0.0,0.0,0.0,0.0,0.0,0.0,2019-04-26
16,hru16,0.098,0.0,0.0,0.0,0.0,0.0,0.0,0.0,0.0,0.0,2019-04-26
17,hru17,0.099,0.0,0.0,0.0,0.0,0.0,0.0,0.0,0.0,0.0,2019-04-26
18,hru18,0.099,0.0,0.0,0.0,0.0,0.0,0.0,0.0,0.0,0.0,2019-04-26
19,hru19,0.1,0.0,0.0,0.0,0.0,0.0,0.0,0.0,0.0,0.0,2019-04-26
20,hru20,0.098,0.0,0.0,0.0,0.0,0.0,0.0,0.0,0.0,0.0,2019-04-26
21,hru21,0.099,0.0,0.0,0.0,0.0,0.0,0.0,0.0,0.0,0.0,2019-04-26
22,hru22,0.099,0.0,0.0,0.0,0.0,0.0,0.0,0.0,0.0,0.0,2019-04-26
23,hru23,0.099,0.0,0.0,0.0,0.0,0.0,0.0,0.0,0.0,0.0,2019-04-26
24,hru24,0.099,0.0,0.0,0.0,0.0,0.0,0.0,0.0,0.0,0.0,2019-04-26
25,hru25,0.098,0.0,0.0,0.0,0.0,0.0,0.0,0.0,0.0,0.0,2019-04-26
26,hru26,0.097,0.0,0.0,0.0,0.0,0.0,0.0,0.0,0.0,0.0,2019-04-26
27,hru27,0.097,0.0,0.0,0.0,0.0,0.0,0.0,0.0,0.0,0.0,2019-04-26
28,hru28,0.097,0.0,0.0,0.0,0.0,0.0,0.0,0.0,0.0,0.0,2019-04-26
29,hru29,0.097,0.0,0.0,0.0,0.0,0.0,0.0,0.0,0.0,0.0,2019-04-26
30,hru30,0.097,0.0,0.0,0.0,0.0,0.0,0.0,0.0,0.0,0.0,2019-04-26
31,hru31,0.095,0.0,0.0,0.0,0.0,0.0,0.0,0.0,0.0,0.0,2019-04-26
32,hru32,0.098,0.0,0.0,0.0,0.0,0.0,0.0,0.0,0.0,0.0,2019-04-26
33,hru33,0.097,0.0,0.0,0.0,0.0,0.0,0.0,0.0,0.0,0.0,2019-04-26
34,hru34,0.097,0.0,0.0,0.0,0.0,0.0,0.0,0.0,0.0,0.0,2019-04-26
35,hru35,0.095,0.0,0.0,0.0,0.0,0.0,0.0,0.0,0.0,0.0,2019-04-26
36,hru36,0.097,0.0,0.0,0.0,0.0,0.0,0.0,0.0,0.0,0.0,2019-04-26
1,hru01,0.096,0.0,0.0,0.0,0.0,0.0,0.0,0.0,0.0,0.0,2019-04-27
2,hru02,0.097,0.0,0.0,0.0,0.0,0.0,0.0,0.0,0.0,0.0,2019-04-27
3,hru03,0.095,0.0,0.0,0.0,0.0,0.0,0.0,0.0,0.0,0.0,2019-04-27
4,hru04,0.096,0.0,0.0,0.0,0.0,0.0,0.0,0.0,0.0,0.0,2019-04-27
5,hru05,0.097,0.0,0.0,0.0,0.0,0.0,0.0,0.0,0.0,0.0,2019-04-27
6,hru06,0.097,0.0,0.0,0.0,0.0,0.0,0.0,0.0,0.0,0.0,2019-04-27
7,hru07,0.098,0.0,0.0,0.0,0.0,0.0,0.0,0.0,0.0,0.0,2019-04-27
8,hru08,0.095,0.0,0.0,0.0,0.0,0.0,0.0,0.0,0.0,0.0,2019-04-27
9,hru09,0.097,0.0,0.0,0.0,0.0,0.0,0.0,0.0,0.0,0.0,2019-04-27
10,hru10,0.097,0.0,0.0,0.0,0.0,0.0,0.0,0.0,0.0,0.0,2019-04-27
11,hru11,0.098,0.0,0.0,0.0,0.0,0.0,0.0,0.0,0.0,0.0,2019-04-27
12,hru12,0.098,0.0,0.0,0.0,0.0,0.0,0.0,0.0,0.0,0.0,2019-04-27
13,hru13,0.099,0.0,0.0,0.0,0.0,0.0,0.0,0.0,0.0,0.0,2019-04-27
14,hru14,0.098,0.0,0.0,0.0,0.0,0.0,0.0,0.0,0.0,0.0,2019-04-27
15,hru15,0.099,0.0,0.0,0.0,0.0,0.0,0.0,0.0,0.0,0.0,2019-04-27
16,hru16,0.098,0.0,0.0,0.0,0.0,0.0,0.0,0.0,0.0,0.0,2019-04-27
17,hru17,0.099,0.0,0.0,0.0,0.0,0.0,0.0,0.0,0.0,0.0,2019-04-27
18,hru18,0.099,0.0,0.0,0.0,0.0,0.0,0.0,0.0,0.0,0.0,2019-04-27
19,hru19,0.101,0.0,0.0,0.0,0.0,0.0,0.0,0.0,0.0,0.0,2019-04-27
20,hru20,0.098,0.0,0.0,0.0,0.0,0.0,0.0,0.0,0.0,0.0,2019-04-27
21,hru21,0.099,0.0,0.0,0.0,0.0,0.0,0.0,0.0,0.0,0.0,2019-04-27
22,hru22,0.099,0.0,0.0,0.0,0.0,0.0,0.0,0.0,0.0,0.0,2019-04-27
23,hru23,0.099,0.0,0.0,0.0,0.0,0.0,0.0,0.0,0.0,0.0,2019-04-27
24,hru24,0.099,0.0,0.0,0.0,0.0,0.0,0.0,0.0,0.0,0.0,2019-04-27
25,hru25,0.098,0.0,0.0,0.0,0.0,0.0,0.0,0.0,0.0,0.0,2019-04-27
26,hru26,0.098,0.0,0.0,0.0,0.0,0.0,0.0,0.0,0.0,0.0,2019-04-27
27,hru27,0.097,0.0,0.0,0.0,0.0,0.0,0.0,0.0,0.0,0.0,2019-04-27
28,hru28,0.098,0.0,0.0,0.0,0.0,0.0,0.0,0.0,0.0,0.0,2019-04-27
29,hru29,0.098,0.0,0.0,0.0,0.0,0.0,0.0,0.0,0.0,0.0,2019-04-27
30,hru30,0.098,0.0,0.0,0.0,0.0,0.0,0.0,0.0,0.0,0.0,2019-04-27
31,hru31,0.096,0.0,0.0,0.0,0.0,0.0,0.0,0.0,0.0,0.0,2019-04-27
32,hru32,0.099,0.0,0.0,0.0,0.0,0.0,0.0,0.0,0.0,0.0,2019-04-27
33,hru33,0.097,0.0,0.0,0.0,0.0,0.0,0.0,0.0,0.0,0.0,2019-04-27
34,hru34,0.097,0.0,0.0,0.0,0.0,0.0,0.0,0.0,0.0,0.0,2019-04-27
35,hru35,0.096,0.0,0.0,0.0,0.0,0.0,0.0,0.0,0.0,0.0,2019-04-27
36,hru36,0.097,0.0,0.0,0.0,0.0,0.0,0.0,0.0,0.0,0.0,2019-04-27
1,hru01,0.097,0.0,0.0,0.0,0.0,0.0,0.0,0.0,0.0,0.0,2019-04-28
2,hru02,0.098,0.0,0.0,0.0,0.0,0.0,0.0,0.0,0.0,0.0,2019-04-28
3,hru03,0.096,0.0,0.0,0.0,0.0,0.0,0.0,0.0,0.0,0.0,2019-04-28
4,hru04,0.097,0.0,0.0,0.0,0.0,0.0,0.0,0.0,0.0,0.0,2019-04-28
5,hru05,0.098,0.0,0.0,0.0,0.0,0.0,0.0,0.0,0.0,0.0,2019-04-28
6,hru06,0.098,0.0,0.0,0.0,0.0,0.0,0.0,0.0,0.0,0.0,2019-04-28
7,hru07,0.099,0.0,0.0,0.0,0.0,0.0,0.0,0.0,0.0,0.0,2019-04-28
8,hru08,0.096,0.0,0.0,0.0,0.0,0.0,0.0,0.0,0.0,0.0,2019-04-28
9,hru09,0.099,0.0,0.0,0.0,0.0,0.0,0.0,0.0,0.0,0.0,2019-04-28
10,hru10,0.099,0.0,0.0,0.0,0.0,0.0,0.0,0.0,0.0,0.0,2019-04-28
11,hru11,0.099,0.0,0.0,0.0,0.0,0.0,0.0,0.0,0.0,0.0,2019-04-28
12,hru12,0.099,0.0,0.0,0.0,0.0,0.0,0.0,0.0,0.0,0.0,2019-04-28
13,hru13,0.1,0.0,0.0,0.0,0.0,0.0,0.0,0.0,0.0,0.0,2019-04-28
14,hru14,0.099,0.0,0.0,0.0,0.0,0.0,0.0,0.0,0.0,0.0,2019-04-28
15,hru15,0.101,0.0,0.0,0.0,0.0,0.0,0.0,0.0,0.0,0.0,2019-04-28
16,hru16,0.1,0.0,0.0,0.0,0.0,0.0,0.0,0.0,0.0,0.0,2019-04-28
17,hru17,0.101,0.0,0.0,0.0,0.0,0.0,0.0,0.0,0.0,0.0,2019-04-28
18,hru18,0.101,0.0,0.0,0.0,0.0,0.0,0.0,0.0,0.0,0.0,2019-04-28
19,hru19,0.102,0.0,0.0,0.0,0.0,0.0,0.0,0.0,0.0,0.0,2019-04-28
20,hru20,0.1,0.0,0.0,0.0,0.0,0.0,0.0,0.0,0.0,0.0,2019-04-28
21,hru21,0.101,0.0,0.0,0.0,0.0,0.0,0.0,0.0,0.0,0.0,2019-04-28
22,hru22,0.101,0.0,0.0,0.0,0.0,0.0,0.0,0.0,0.0,0.0,2019-04-28
23,hru23,0.101,0.0,0.0,0.0,0.0,0.0,0.0,0.0,0.0,0.0,2019-04-28
24,hru24,0.101,0.0,0.0,0.0,0.0,0.0,0.0,0.0,0.0,0.0,2019-04-28
25,hru25,0.1,0.0,0.0,0.0,0.0,0.0,0.0,0.0,0.0,0.0,2019-04-28
26,hru26,0.099,0.0,0.0,0.0,0.0,0.0,0.0,0.0,0.0,0.0,2019-04-28
27,hru27,0.099,0.0,0.0,0.0,0.0,0.0,0.0,0.0,0.0,0.0,2019-04-28
28,hru28,0.099,0.0,0.0,0.0,0.0,0.0,0.0,0.0,0.0,0.0,2019-04-28
29,hru29,0.099,0.0,0.0,0.0,0.0,0.0,0.0,0.0,0.0,0.0,2019-04-28
30,hru30,0.099,0.0,0.0,0.0,0.0,0.0,0.0,0.0,0.0,0.0,2019-04-28
31,hru31,0.097,0.0,0.0,0.0,0.0,0.0,0.0,0.0,0.0,0.0,2019-04-28
32,hru32,0.1,0.0,0.0,0.0,0.0,0.0,0.0,0.0,0.0,0.0,2019-04-28
33,hru33,0.099,0.0,0.0,0.0,0.0,0.0,0.0,0.0,0.0,0.0,2019-04-28
34,hru34,0.099,0.0,0.0,0.0,0.0,0.0,0.0,0.0,0.0,0.0,2019-04-28
35,hru35,0.097,0.0,0.0,0.0,0.0,0.0,0.0,0.0,0.0,0.0,2019-04-28
36,hru36,0.099,0.0,0.0,0.0,0.0,0.0,0.0,0.0,0.0,0.0,2019-04-28
1,hru01,0.101,0.0,0.0,0.0,0.0,0.0,0.0,0.0,0.0,0.0,2019-04-29
2,hru02,0.102,0.0,0.0,0.0,0.0,0.0,0.0,0.0,0.0,0.0,2019-04-29
3,hru03,0.099,0.0,0.0,0.0,0.0,0.0,0.0,0.0,0.0,0.0,2019-04-29
4,hru04,0.1,0.0,0.0,0.0,0.0,0.0,0.0,0.0,0.0,0.0,2019-04-29
5,hru05,0.102,0.0,0.0,0.0,0.0,0.0,0.0,0.0,0.0,0.0,2019-04-29
6,hru06,0.102,0.0,0.0,0.0,0.0,0.0,0.0,0.0,0.0,0.0,2019-04-29
7,hru07,0.103,0.0,0.0,0.0,0.0,0.0,0.0,0.0,0.0,0.0,2019-04-29
8,hru08,0.099,0.0,0.0,0.0,0.0,0.0,0.0,0.0,0.0,0.0,2019-04-29
9,hru09,0.102,0.0,0.0,0.0,0.0,0.0,0.0,0.0,0.0,0.0,2019-04-29
10,hru10,0.102,0.0,0.0,0.0,0.0,0.0,0.0,0.0,0.0,0.0,2019-04-29
11,hru11,0.103,0.0,0.0,0.0,0.0,0.0,0.0,0.0,0.0,0.0,2019-04-29
12,hru12,0.103,0.0,0.0,0.0,0.0,0.0,0.0,0.0,0.0,0.0,2019-04-29
13,hru13,0.104,0.0,0.0,0.0,0.0,0.0,0.0,0.0,0.0,0.0,2019-04-29
14,hru14,0.103,0.0,0.0,0.0,0.0,0.0,0.0,0.0,0.0,0.0,2019-04-29
15,hru15,0.104,0.0,0.0,0.0,0.0,0.0,0.0,0.0,0.0,0.0,2019-04-29
16,hru16,0.103,0.0,0.0,0.0,0.0,0.0,0.0,0.0,0.0,0.0,2019-04-29
17,hru17,0.104,0.0,0.0,0.0,0.0,0.0,0.0,0.0,0.0,0.0,2019-04-29
18,hru18,0.104,0.0,0.0,0.0,0.0,0.0,0.0,0.0,0.0,0.0,2019-04-29
19,hru19,0.106,0.0,0.0,0.0,0.0,0.0,0.0,0.0,0.0,0.0,2019-04-29
20,hru20,0.103,0.0,0.0,0.0,0.0,0.0,0.0,0.0,0.0,0.0,2019-04-29
21,hru21,0.104,0.0,0.0,0.0,0.0,0.0,0.0,0.0,0.0,0.0,2019-04-29
22,hru22,0.104,0.0,0.0,0.0,0.0,0.0,0.0,0.0,0.0,0.0,2019-04-29
23,hru23,0.104,0.0,0.0,0.0,0.0,0.0,0.0,0.0,0.0,0.0,2019-04-29
24,hru24,0.104,0.0,0.0,0.0,0.0,0.0,0.0,0.0,0.0,0.0,2019-04-29
25,hru25,0.103,0.0,0.0,0.0,0.0,0.0,0.0,0.0,0.0,0.0,2019-04-29
26,hru26,0.103,0.0,0.0,0.0,0.0,0.0,0.0,0.0,0.0,0.0,2019-04-29
27,hru27,0.102,0.0,0.0,0.0,0.0,0.0,0.0,0.0,0.0,0.0,2019-04-29
28,hru28,0.103,0.0,0.0,0.0,0.0,0.0,0.0,0.0,0.0,0.0,2019-04-29
29,hru29,0.103,0.0,0.0,0.0,0.0,0.0,0.0,0.0,0.0,0.0,2019-04-29
30,hru30,0.103,0.0,0.0,0.0,0.0,0.0,0.0,0.0,0.0,0.0,2019-04-29
31,hru31,0.101,0.0,0.0,0.0,0.0,0.0,0.0,0.0,0.0,0.0,2019-04-29
32,hru32,0.104,0.0,0.0,0.0,0.0,0.0,0.0,0.0,0.0,0.0,2019-04-29
33,hru33,0.102,0.0,0.0,0.0,0.0,0.0,0.0,0.0,0.0,0.0,2019-04-29
34,hru34,0.102,0.0,0.0,0.0,0.0,0.0,0.0,0.0,0.0,0.0,2019-04-29
35,hru35,0.1,0.0,0.0,0.0,0.0,0.0,0.0,0.0,0.0,0.0,2019-04-29
36,hru36,0.102,0.0,0.0,0.0,0.0,0.0,0.0,0.0,0.0,0.0,2019-04-29
1,hru01,0.103,0.0,0.0,0.0,0.0,0.0,0.0,0.0,0.0,0.0,2019-04-30
2,hru02,0.104,0.0,0.0,0.0,0.0,0.0,0.0,0.0,0.0,0.0,2019-04-30
3,hru03,0.102,0.0,0.0,0.0,0.0,0.0,0.0,0.0,0.0,0.0,2019-04-30
4,hru04,0.103,0.0,0.0,0.0,0.0,0.0,0.0,0.0,0.0,0.0,2019-04-30
5,hru05,0.104,0.0,0.0,0.0,0.0,0.0,0.0,0.0,0.0,0.0,2019-04-30
6,hru06,0.104,0.0,0.0,0.0,0.0,0.0,0.0,0.0,0.0,0.0,2019-04-30
7,hru07,0.105,0.0,0.0,0.0,0.0,0.0,0.0,0.0,0.0,0.0,2019-04-30
8,hru08,0.102,0.0,0.0,0.0,0.0,0.0,0.0,0.0,0.0,0.0,2019-04-30
9,hru09,0.104,0.0,0.0,0.0,0.0,0.0,0.0,0.0,0.0,0.0,2019-04-30
10,hru10,0.104,0.0,0.0,0.0,0.0,0.0,0.0,0.0,0.0,0.0,2019-04-30
11,hru11,0.105,0.0,0.0,0.0,0.0,0.0,0.0,0.0,0.0,0.0,2019-04-30
12,hru12,0.105,0.0,0.0,0.0,0.0,0.0,0.0,0.0,0.0,0.0,2019-04-30
13,hru13,0.106,0.0,0.0,0.0,0.0,0.0,0.0,0.0,0.0,0.0,2019-04-30
14,hru14,0.105,0.0,0.0,0.0,0.0,0.0,0.0,0.0,0.0,0.0,2019-04-30
15,hru15,0.107,0.0,0.0,0.0,0.0,0.0,0.0,0.0,0.0,0.0,2019-04-30
16,hru16,0.106,0.0,0.0,0.0,0.0,0.0,0.0,0.0,0.0,0.0,2019-04-30
17,hru17,0.106,0.0,0.0,0.0,0.0,0.0,0.0,0.0,0.0,0.0,2019-04-30
18,hru18,0.107,0.0,0.0,0.0,0.0,0.0,0.0,0.0,0.0,0.0,2019-04-30
19,hru19,0.108,0.0,0.0,0.0,0.0,0.0,0.0,0.0,0.0,0.0,2019-04-30
20,hru20,0.106,0.0,0.0,0.0,0.0,0.0,0.0,0.0,0.0,0.0,2019-04-30
21,hru21,0.107,0.0,0.0,0.0,0.0,0.0,0.0,0.0,0.0,0.0,2019-04-30
22,hru22,0.107,0.0,0.0,0.0,0.0,0.0,0.0,0.0,0.0,0.0,2019-04-30
23,hru23,0.107,0.0,0.0,0.0,0.0,0.0,0.0,0.0,0.0,0.0,2019-04-30
24,hru24,0.107,0.0,0.0,0.0,0.0,0.0,0.0,0.0,0.0,0.0,2019-04-30
25,hru25,0.106,0.0,0.0,0.0,0.0,0.0,0.0,0.0,0.0,0.0,2019-04-30
26,hru26,0.105,0.0,0.0,0.0,0.0,0.0,0.0,0.0,0.0,0.0,2019-04-30
27,hru27,0.105,0.0,0.0,0.0,0.0,0.0,0.0,0.0,0.0,0.0,2019-04-30
28,hru28,0.105,0.0,0.0,0.0,0.0,0.0,0.0,0.0,0.0,0.0,2019-04-30
29,hru29,0.105,0.0,0.0,0.0,0.0,0.0,0.0,0.0,0.0,0.0,2019-04-30
30,hru30,0.105,0.0,0.0,0.0,0.0,0.0,0.0,0.0,0.0,0.0,2019-04-30
31,hru31,0.103,0.0,0.0,0.0,0.0,0.0,0.0,0.0,0.0,0.0,2019-04-30
32,hru32,0.106,0.0,0.0,0.0,0.0,0.0,0.0,0.0,0.0,0.0,2019-04-30
33,hru33,0.105,0.0,0.0,0.0,0.0,0.0,0.0,0.0,0.0,0.0,2019-04-30
34,hru34,0.105,0.0,0.0,0.0,0.0,0.0,0.0,0.0,0.0,0.0,2019-04-30
35,hru35,0.103,0.0,0.0,0.0,0.0,0.0,0.0,0.0,0.0,0.0,2019-04-30
36,hru36,0.105,0.0,0.0,0.0,0.0,0.0,0.0,0.0,0.0,0.0,2019-04-30
1,hru01,0.105,0.0,0.0,0.0,0.0,0.0,0.0,0.0,0.0,0.0,2019-05-01
2,hru02,0.106,0.0,0.0,0.0,0.0,0.0,0.0,0.0,0.0,0.0,2019-05-01
3,hru03,0.104,0.0,0.0,0.0,0.0,0.0,0.0,0.0,0.0,0.0,2019-05-01
4,hru04,0.105,0.0,0.0,0.0,0.0,0.0,0.0,0.0,0.0,0.0,2019-05-01
5,hru05,0.106,0.0,0.0,0.0,0.0,0.0,0.0,0.0,0.0,0.0,2019-05-01
6,hru06,0.106,0.0,0.0,0.0,0.0,0.0,0.0,0.0,0.0,0.0,2019-05-01
7,hru07,0.107,0.0,0.0,0.0,0.0,0.0,0.0,0.0,0.0,0.0,2019-05-01
8,hru08,0.104,0.0,0.0,0.0,0.0,0.0,0.0,0.0,0.0,0.0,2019-05-01
9,hru09,0.107,0.0,0.0,0.0,0.0,0.0,0.0,0.0,0.0,0.0,2019-05-01
10,hru10,0.107,0.0,0.0,0.0,0.0,0.0,0.0,0.0,0.0,0.0,2019-05-01
11,hru11,0.108,0.0,0.0,0.0,0.0,0.0,0.0,0.0,0.0,0.0,2019-05-01
12,hru12,0.107,0.0,0.0,0.0,0.0,0.0,0.0,0.0,0.0,0.0,2019-05-01
13,hru13,0.108,0.0,0.0,0.0,0.0,0.0,0.0,0.0,0.0,0.0,2019-05-01
14,hru14,0.107,0.0,0.0,0.0,0.0,0.0,0.0,0.0,0.0,0.0,2019-05-01
15,hru15,0.109,0.0,0.0,0.0,0.0,0.0,0.0,0.0,0.0,0.0,2019-05-01
16,hru16,0.108,0.0,0.0,0.0,0.0,0.0,0.0,0.0,0.0,0.0,2019-05-01
17,hru17,0.109,0.0,0.0,0.0,0.0,0.0,0.0,0.0,0.0,0.0,2019-05-01
18,hru18,0.109,0.0,0.0,0.0,0.0,0.0,0.0,0.0,0.0,0.0,2019-05-01
19,hru19,0.11,0.0,0.0,0.0,0.0,0.0,0.0,0.0,0.0,0.0,2019-05-01
20,hru20,0.108,0.0,0.0,0.0,0.0,0.0,0.0,0.0,0.0,0.0,2019-05-01
21,hru21,0.109,0.0,0.0,0.0,0.0,0.0,0.0,0.0,0.0,0.0,2019-05-01
22,hru22,0.109,0.0,0.0,0.0,0.0,0.0,0.0,0.0,0.0,0.0,2019-05-01
23,hru23,0.109,0.0,0.0,0.0,0.0,0.0,0.0,0.0,0.0,0.0,2019-05-01
24,hru24,0.109,0.0,0.0,0.0,0.0,0.0,0.0,0.0,0.0,0.0,2019-05-01
25,hru25,0.108,0.0,0.0,0.0,0.0,0.0,0.0,0.0,0.0,0.0,2019-05-01
26,hru26,0.107,0.0,0.0,0.0,0.0,0.0,0.0,0.0,0.0,0.0,2019-05-01
27,hru27,0.107,0.0,0.0,0.0,0.0,0.0,0.0,0.0,0.0,0.0,2019-05-01
28,hru28,0.108,0.0,0.0,0.0,0.0,0.0,0.0,0.0,0.0,0.0,2019-05-01
29,hru29,0.107,0.0,0.0,0.0,0.0,0.0,0.0,0.0,0.0,0.0,2019-05-01
30,hru30,0.107,0.0,0.0,0.0,0.0,0.0,0.0,0.0,0.0,0.0,2019-05-01
31,hru31,0.105,0.0,0.0,0.0,0.0,0.0,0.0,0.0,0.0,0.0,2019-05-01
32,hru32,0.108,0.0,0.0,0.0,0.0,0.0,0.0,0.0,0.0,0.0,2019-05-01
33,hru33,0.107,0.0,0.0,0.0,0.0,0.0,0.0,0.0,0.0,0.0,2019-05-01
34,hru34,0.107,0.0,0.0,0.0,0.0,0.0,0.0,0.0,0.0,0.0,2019-05-01
35,hru35,0.105,0.0,0.0,0.0,0.0,0.0,0.0,0.0,0.0,0.0,2019-05-01
36,hru36,0.107,0.0,0.0,0.0,0.0,0.0,0.0,0.0,0.0,0.0,2019-05-01
1,hru01,0.107,0.0,0.0,0.0,0.0,0.0,0.0,0.0,0.0,0.0,2019-05-02
2,hru02,0.109,0.0,0.0,0.0,0.0,0.0,0.0,0.0,0.0,0.0,2019-05-02
3,hru03,0.106,0.0,0.0,0.0,0.0,0.0,0.0,0.0,0.0,0.0,2019-05-02
4,hru04,0.107,0.0,0.0,0.0,0.0,0.0,0.0,0.0,0.0,0.0,2019-05-02
5,hru05,0.108,0.0,0.0,0.0,0.0,0.0,0.0,0.0,0.0,0.0,2019-05-02
6,hru06,0.108,0.0,0.0,0.0,0.0,0.0,0.0,0.0,0.0,0.0,2019-05-02
7,hru07,0.11,0.0,0.0,0.0,0.0,0.0,0.0,0.0,0.0,0.0,2019-05-02
8,hru08,0.106,0.0,0.0,0.0,0.0,0.0,0.0,0.0,0.0,0.0,2019-05-02
9,hru09,0.109,0.0,0.0,0.0,0.0,0.0,0.0,0.0,0.0,0.0,2019-05-02
10,hru10,0.109,0.0,0.0,0.0,0.0,0.0,0.0,0.0,0.0,0.0,2019-05-02
11,hru11,0.11,0.0,0.0,0.0,0.0,0.0,0.0,0.0,0.0,0.0,2019-05-02
12,hru12,0.11,0.0,0.0,0.0,0.0,0.0,0.0,0.0,0.0,0.0,2019-05-02
13,hru13,0.11,0.0,0.0,0.0,0.0,0.0,0.0,0.0,0.0,0.0,2019-05-02
14,hru14,0.11,0.0,0.0,0.0,0.0,0.0,0.0,0.0,0.0,0.0,2019-05-02
15,hru15,0.111,0.0,0.0,0.0,0.0,0.0,0.0,0.0,0.0,0.0,2019-05-02
16,hru16,0.11,0.0,0.0,0.0,0.0,0.0,0.0,0.0,0.0,0.0,2019-05-02
17,hru17,0.111,0.0,0.0,0.0,0.0,0.0,0.0,0.0,0.0,0.0,2019-05-02
18,hru18,0.111,0.0,0.0,0.0,0.0,0.0,0.0,0.0,0.0,0.0,2019-05-02
19,hru19,0.113,0.0,0.0,0.0,0.0,0.0,0.0,0.0,0.0,0.0,2019-05-02
20,hru20,0.11,0.0,0.0,0.0,0.0,0.0,0.0,0.0,0.0,0.0,2019-05-02
21,hru21,0.111,0.0,0.0,0.0,0.0,0.0,0.0,0.0,0.0,0.0,2019-05-02
22,hru22,0.111,0.0,0.0,0.0,0.0,0.0,0.0,0.0,0.0,0.0,2019-05-02
23,hru23,0.111,0.0,0.0,0.0,0.0,0.0,0.0,0.0,0.0,0.0,2019-05-02
24,hru24,0.111,0.0,0.0,0.0,0.0,0.0,0.0,0.0,0.0,0.0,2019-05-02
25,hru25,0.11,0.0,0.0,0.0,0.0,0.0,0.0,0.0,0.0,0.0,2019-05-02
26,hru26,0.11,0.0,0.0,0.0,0.0,0.0,0.0,0.0,0.0,0.0,2019-05-02
27,hru27,0.109,0.0,0.0,0.0,0.0,0.0,0.0,0.0,0.0,0.0,2019-05-02
28,hru28,0.11,0.0,0.0,0.0,0.0,0.0,0.0,0.0,0.0,0.0,2019-05-02
29,hru29,0.109,0.0,0.0,0.0,0.0,0.0,0.0,0.0,0.0,0.0,2019-05-02
30,hru30,0.109,0.0,0.0,0.0,0.0,0.0,0.0,0.0,0.0,0.0,2019-05-02
31,hru31,0.107,0.0,0.0,0.0,0.0,0.0,0.0,0.0,0.0,0.0,2019-05-02
32,hru32,0.11,0.0,0.0,0.0,0.0,0.0,0.0,0.0,0.0,0.0,2019-05-02
33,hru33,0.109,0.0,0.0,0.0,0.0,0.0,0.0,0.0,0.0,0.0,2019-05-02
34,hru34,0.109,0.0,0.0,0.0,0.0,0.0,0.0,0.0,0.0,0.0,2019-05-02
35,hru35,0.107,0.0,0.0,0.0,0.0,0.0,0.0,0.0,0.0,0.0,2019-05-02
36,hru36,0.109,0.0,0.0,0.0,0.0,0.0,0.0,0.0,0.0,0.0,2019-05-02
1,hru01,0.11,0.0,0.0,0.0,0.0,0.0,0.0,0.0,0.0,0.0,2019-05-03
2,hru02,0.111,0.0,0.0,0.0,0.0,0.0,0.0,0.0,0.0,0.0,2019-05-03
3,hru03,0.109,0.0,0.0,0.0,0.0,0.0,0.0,0.0,0.0,0.0,2019-05-03
4,hru04,0.11,0.0,0.0,0.0,0.0,0.0,0.0,0.0,0.0,0.0,2019-05-03
5,hru05,0.111,0.0,0.0,0.0,0.0,0.0,0.0,0.0,0.0,0.0,2019-05-03
6,hru06,0.111,0.0,0.0,0.0,0.0,0.0,0.0,0.0,0.0,0.0,2019-05-03
7,hru07,0.112,0.0,0.0,0.0,0.0,0.0,0.0,0.0,0.0,0.0,2019-05-03
8,hru08,0.109,0.0,0.0,0.0,0.0,0.0,0.0,0.0,0.0,0.0,2019-05-03
9,hru09,0.112,0.0,0.0,0.0,0.0,0.0,0.0,0.0,0.0,0.0,2019-05-03
10,hru10,0.112,0.0,0.0,0.0,0.0,0.0,0.0,0.0,0.0,0.0,2019-05-03
11,hru11,0.112,0.0,0.0,0.0,0.0,0.0,0.0,0.0,0.0,0.0,2019-05-03
12,hru12,0.112,0.0,0.0,0.0,0.0,0.0,0.0,0.0,0.0,0.0,2019-05-03
13,hru13,0.113,0.0,0.0,0.0,0.0,0.0,0.0,0.0,0.0,0.0,2019-05-03
14,hru14,0.112,0.0,0.0,0.0,0.0,0.0,0.0,0.0,0.0,0.0,2019-05-03
15,hru15,0.114,0.0,0.0,0.0,0.0,0.0,0.0,0.0,0.0,0.0,2019-05-03
16,hru16,0.113,0.0,0.0,0.0,0.0,0.0,0.0,0.0,0.0,0.0,2019-05-03
17,hru17,0.114,0.0,0.0,0.0,0.0,0.0,0.0,0.0,0.0,0.0,2019-05-03
18,hru18,0.114,0.0,0.0,0.0,0.0,0.0,0.0,0.0,0.0,0.0,2019-05-03
19,hru19,0.115,0.0,0.0,0.0,0.0,0.0,0.0,0.0,0.0,0.0,2019-05-03
20,hru20,0.113,0.0,0.0,0.0,0.0,0.0,0.0,0.0,0.0,0.0,2019-05-03
21,hru21,0.114,0.0,0.0,0.0,0.0,0.0,0.0,0.0,0.0,0.0,2019-05-03
22,hru22,0.114,0.0,0.0,0.0,0.0,0.0,0.0,0.0,0.0,0.0,2019-05-03
23,hru23,0.114,0.0,0.0,0.0,0.0,0.0,0.0,0.0,0.0,0.0,2019-05-03
24,hru24,0.114,0.0,0.0,0.0,0.0,0.0,0.0,0.0,0.0,0.0,2019-05-03
25,hru25,0.113,0.0,0.0,0.0,0.0,0.0,0.0,0.0,0.0,0.0,2019-05-03
26,hru26,0.112,0.0,0.0,0.0,0.0,0.0,0.0,0.0,0.0,0.0,2019-05-03
27,hru27,0.112,0.0,0.0,0.0,0.0,0.0,0.0,0.0,0.0,0.0,2019-05-03
28,hru28,0.112,0.0,0.0,0.0,0.0,0.0,0.0,0.0,0.0,0.0,2019-05-03
29,hru29,0.112,0.0,0.0,0.0,0.0,0.0,0.0,0.0,0.0,0.0,2019-05-03
30,hru30,0.112,0.0,0.0,0.0,0.0,0.0,0.0,0.0,0.0,0.0,2019-05-03
31,hru31,0.11,0.0,0.0,0.0,0.0,0.0,0.0,0.0,0.0,0.0,2019-05-03
32,hru32,0.113,0.0,0.0,0.0,0.0,0.0,0.0,0.0,0.0,0.0,2019-05-03
33,hru33,0.112,0.0,0.0,0.0,0.0,0.0,0.0,0.0,0.0,0.0,2019-05-03
34,hru34,0.112,0.0,0.0,0.0,0.0,0.0,0.0,0.0,0.0,0.0,2019-05-03
35,hru35,0.11,0.0,0.0,0.0,0.0,0.0,0.0,0.0,0.0,0.0,2019-05-03
36,hru36,0.112,0.0,0.0,0.0,0.0,0.0,0.0,0.0,0.0,0.0,2019-05-03
1,hru01,0.114,0.0,0.0,0.0,0.0,0.0,0.0,0.0,0.0,0.0,2019-05-04
2,hru02,0.115,0.0,0.0,0.0,0.0,0.0,0.0,0.0,0.0,0.0,2019-05-04
3,hru03,0.113,0.0,0.0,0.0,0.0,0.0,0.0,0.0,0.0,0.0,2019-05-04
4,hru04,0.114,0.0,0.0,0.0,0.0,0.0,0.0,0.0,0.0,0.0,2019-05-04
5,hru05,0.115,0.0,0.0,0.0,0.0,0.0,0.0,0.0,0.0,0.0,2019-05-04
6,hru06,0.115,0.0,0.0,0.0,0.0,0.0,0.0,0.0,0.0,0.0,2019-05-04
7,hru07,0.116,0.0,0.0,0.0,0.0,0.0,0.0,0.0,0.0,0.0,2019-05-04
8,hru08,0.113,0.0,0.0,0.0,0.0,0.0,0.0,0.0,0.0,0.0,2019-05-04
9,hru09,0.116,0.0,0.0,0.0,0.0,0.0,0.0,0.0,0.0,0.0,2019-05-04
10,hru10,0.116,0.0,0.0,0.0,0.0,0.0,0.0,0.0,0.0,0.0,2019-05-04
11,hru11,0.116,0.0,0.0,0.0,0.0,0.0,0.0,0.0,0.0,0.0,2019-05-04
12,hru12,0.116,0.0,0.0,0.0,0.0,0.0,0.0,0.0,0.0,0.0,2019-05-04
13,hru13,0.117,0.0,0.0,0.0,0.0,0.0,0.0,0.0,0.0,0.0,2019-05-04
14,hru14,0.116,0.0,0.0,0.0,0.0,0.0,0.0,0.0,0.0,0.0,2019-05-04
15,hru15,0.118,0.0,0.0,0.0,0.0,0.0,0.0,0.0,0.0,0.0,2019-05-04
16,hru16,0.117,0.0,0.0,0.0,0.0,0.0,0.0,0.0,0.0,0.0,2019-05-04
17,hru17,0.118,0.0,0.0,0.0,0.0,0.0,0.0,0.0,0.0,0.0,2019-05-04
18,hru18,0.118,0.0,0.0,0.0,0.0,0.0,0.0,0.0,0.0,0.0,2019-05-04
19,hru19,0.119,0.0,0.0,0.0,0.0,0.0,0.0,0.0,0.0,0.0,2019-05-04
20,hru20,0.117,0.0,0.0,0.0,0.0,0.0,0.0,0.0,0.0,0.0,2019-05-04
21,hru21,0.118,0.0,0.0,0.0,0.0,0.0,0.0,0.0,0.0,0.0,2019-05-04
22,hru22,0.118,0.0,0.0,0.0,0.0,0.0,0.0,0.0,0.0,0.0,2019-05-04
23,hru23,0.118,0.0,0.0,0.0,0.0,0.0,0.0,0.0,0.0,0.0,2019-05-04
24,hru24,0.118,0.0,0.0,0.0,0.0,0.0,0.0,0.0,0.0,0.0,2019-05-04
25,hru25,0.117,0.0,0.0,0.0,0.0,0.0,0.0,0.0,0.0,0.0,2019-05-04
26,hru26,0.116,0.0,0.0,0.0,0.0,0.0,0.0,0.0,0.0,0.0,2019-05-04
27,hru27,0.116,0.0,0.0,0.0,0.0,0.0,0.0,0.0,0.0,0.0,2019-05-04
28,hru28,0.116,0.0,0.0,0.0,0.0,0.0,0.0,0.0,0.0,0.0,2019-05-04
29,hru29,0.116,0.0,0.0,0.0,0.0,0.0,0.0,0.0,0.0,0.0,2019-05-04
30,hru30,0.116,0.0,0.0,0.0,0.0,0.0,0.0,0.0,0.0,0.0,2019-05-04
31,hru31,0.114,0.0,0.0,0.0,0.0,0.0,0.0,0.0,0.0,0.0,2019-05-04
32,hru32,0.117,0.0,0.0,0.0,0.0,0.0,0.0,0.0,0.0,0.0,2019-05-04
33,hru33,0.116,0.0,0.0,0.0,0.0,0.0,0.0,0.0,0.0,0.0,2019-05-04
34,hru34,0.116,0.0,0.0,0.0,0.0,0.0,0.0,0.0,0.0,0.0,2019-05-04
35,hru35,0.114,0.0,0.0,0.0,0.0,0.0,0.0,0.0,0.0,0.0,2019-05-04
36,hru36,0.116,0.0,0.0,0.0,0.0,0.0,0.0,0.0,0.0,0.0,2019-05-04
1,hru01,0.119,0.0,0.0,0.0,0.0,0.0,0.0,0.0,0.0,0.0,2019-05-05
2,hru02,0.12,0.0,0.0,0.0,0.0,0.0,0.0,0.0,0.0,0.0,2019-05-05
3,hru03,0.117,0.0,0.0,0.0,0.0,0.0,0.0,0.0,0.0,0.0,2019-05-05
4,hru04,0.118,0.0,0.0,0.0,0.0,0.0,0.0,0.0,0.0,0.0,2019-05-05
5,hru05,0.12,0.0,0.0,0.0,0.0,0.0,0.0,0.0,0.0,0.0,2019-05-05
6,hru06,0.12,0.0,0.0,0.0,0.0,0.0,0.0,0.0,0.0,0.0,2019-05-05
7,hru07,0.121,0.0,0.0,0.0,0.0,0.0,0.0,0.0,0.0,0.0,2019-05-05
8,hru08,0.117,0.0,0.0,0.0,0.0,0.0,0.0,0.0,0.0,0.0,2019-05-05
9,hru09,0.12,0.0,0.0,0.0,0.0,0.0,0.0,0.0,0.0,0.0,2019-05-05
10,hru10,0.12,0.0,0.0,0.0,0.0,0.0,0.0,0.0,0.0,0.0,2019-05-05
11,hru11,0.121,0.0,0.0,0.0,0.0,0.0,0.0,0.0,0.0,0.0,2019-05-05
12,hru12,0.121,0.0,0.0,0.0,0.0,0.0,0.0,0.0,0.0,0.0,2019-05-05
13,hru13,0.122,0.0,0.0,0.0,0.0,0.0,0.0,0.0,0.0,0.0,2019-05-05
14,hru14,0.121,0.0,0.0,0.0,0.0,0.0,0.0,0.0,0.0,0.0,2019-05-05
15,hru15,0.122,0.0,0.0,0.0,0.0,0.0,0.0,0.0,0.0,0.0,2019-05-05
16,hru16,0.122,0.0,0.0,0.0,0.0,0.0,0.0,0.0,0.0,0.0,2019-05-05
17,hru17,0.122,0.0,0.0,0.0,0.0,0.0,0.0,0.0,0.0,0.0,2019-05-05
18,hru18,0.122,0.0,0.0,0.0,0.0,0.0,0.0,0.0,0.0,0.0,2019-05-05
19,hru19,0.124,0.0,0.0,0.0,0.0,0.0,0.0,0.0,0.0,0.0,2019-05-05
20,hru20,0.121,0.0,0.0,0.0,0.0,0.0,0.0,0.0,0.0,0.0,2019-05-05
21,hru21,0.122,0.0,0.0,0.0,0.0,0.0,0.0,0.0,0.0,0.0,2019-05-05
22,hru22,0.122,0.0,0.0,0.0,0.0,0.0,0.0,0.0,0.0,0.0,2019-05-05
23,hru23,0.122,0.0,0.0,0.0,0.0,0.0,0.0,0.0,0.0,0.0,2019-05-05
24,hru24,0.122,0.0,0.0,0.0,0.0,0.0,0.0,0.0,0.0,0.0,2019-05-05
25,hru25,0.121,0.0,0.0,0.0,0.0,0.0,0.0,0.0,0.0,0.0,2019-05-05
26,hru26,0.121,0.0,0.0,0.0,0.0,0.0,0.0,0.0,0.0,0.0,2019-05-05
27,hru27,0.12,0.0,0.0,0.0,0.0,0.0,0.0,0.0,0.0,0.0,2019-05-05
28,hru28,0.121,0.0,0.0,0.0,0.0,0.0,0.0,0.0,0.0,0.0,2019-05-05
29,hru29,0.121,0.0,0.0,0.0,0.0,0.0,0.0,0.0,0.0,0.0,2019-05-05
30,hru30,0.121,0.0,0.0,0.0,0.0,0.0,0.0,0.0,0.0,0.0,2019-05-05
31,hru31,0.119,0.0,0.0,0.0,0.0,0.0,0.0,0.0,0.0,0.0,2019-05-05
32,hru32,0.122,0.0,0.0,0.0,0.0,0.0,0.0,0.0,0.0,0.0,2019-05-05
33,hru33,0.12,0.0,0.0,0.0,0.0,0.0,0.0,0.0,0.0,0.0,2019-05-05
34,hru34,0.12,0.0,0.0,0.0,0.0,0.0,0.0,0.0,0.0,0.0,2019-05-05
35,hru35,0.118,0.0,0.0,0.0,0.0,0.0,0.0,0.0,0.0,0.0,2019-05-05
36,hru36,0.12,0.0,0.0,0.0,0.0,0.0,0.0,0.0,0.0,0.0,2019-05-05
1,hru01,0.122,0.0,0.0,0.0,0.0,0.0,0.0,0.0,0.0,0.0,2019-05-06
2,hru02,0.123,0.0,0.0,0.0,0.0,0.0,0.0,0.0,0.0,0.0,2019-05-06
3,hru03,0.121,0.0,0.0,0.0,0.0,0.0,0.0,0.0,0.0,0.0,2019-05-06
4,hru04,0.122,0.0,0.0,0.0,0.0,0.0,0.0,0.0,0.0,0.0,2019-05-06
5,hru05,0.123,0.0,0.0,0.0,0.0,0.0,0.0,0.0,0.0,0.0,2019-05-06
6,hru06,0.123,0.0,0.0,0.0,0.0,0.0,0.0,0.0,0.0,0.0,2019-05-06
7,hru07,0.124,0.0,0.0,0.0,0.0,0.0,0.0,0.0,0.0,0.0,2019-05-06
8,hru08,0.121,0.0,0.0,0.0,0.0,0.0,0.0,0.0,0.0,0.0,2019-05-06
9,hru09,0.124,0.0,0.0,0.0,0.0,0.0,0.0,0.0,0.0,0.0,2019-05-06
10,hru10,0.124,0.0,0.0,0.0,0.0,0.0,0.0,0.0,0.0,0.0,2019-05-06
11,hru11,0.124,0.0,0.0,0.0,0.0,0.0,0.0,0.0,0.0,0.0,2019-05-06
12,hru12,0.124,0.0,0.0,0.0,0.0,0.0,0.0,0.0,0.0,0.0,2019-05-06
13,hru13,0.125,0.0,0.0,0.0,0.0,0.0,0.0,0.0,0.0,0.0,2019-05-06
14,hru14,0.124,0.0,0.0,0.0,0.0,0.0,0.0,0.0,0.0,0.0,2019-05-06
15,hru15,0.126,0.0,0.0,0.0,0.0,0.0,0.0,0.0,0.0,0.0,2019-05-06
16,hru16,0.125,0.0,0.0,0.0,0.0,0.0,0.0,0.0,0.0,0.0,2019-05-06
17,hru17,0.126,0.0,0.0,0.0,0.0,0.0,0.0,0.0,0.0,0.0,2019-05-06
18,hru18,0.126,0.0,0.0,0.0,0.0,0.0,0.0,0.0,0.0,0.0,2019-05-06
19,hru19,0.127,0.0,0.0,0.0,0.0,0.0,0.0,0.0,0.0,0.0,2019-05-06
20,hru20,0.125,0.0,0.0,0.0,0.0,0.0,0.0,0.0,0.0,0.0,2019-05-06
21,hru21,0.126,0.0,0.0,0.0,0.0,0.0,0.0,0.0,0.0,0.0,2019-05-06
22,hru22,0.126,0.0,0.0,0.0,0.0,0.0,0.0,0.0,0.0,0.0,2019-05-06
23,hru23,0.126,0.0,0.0,0.0,0.0,0.0,0.0,0.0,0.0,0.0,2019-05-06
24,hru24,0.126,0.0,0.0,0.0,0.0,0.0,0.0,0.0,0.0,0.0,2019-05-06
25,hru25,0.125,0.0,0.0,0.0,0.0,0.0,0.0,0.0,0.0,0.0,2019-05-06
26,hru26,0.124,0.0,0.0,0.0,0.0,0.0,0.0,0.0,0.0,0.0,2019-05-06
27,hru27,0.124,0.0,0.0,0.0,0.0,0.0,0.0,0.0,0.0,0.0,2019-05-06
28,hru28,0.124,0.0,0.0,0.0,0.0,0.0,0.0,0.0,0.0,0.0,2019-05-06
29,hru29,0.124,0.0,0.0,0.0,0.0,0.0,0.0,0.0,0.0,0.0,2019-05-06
30,hru30,0.124,0.0,0.0,0.0,0.0,0.0,0.0,0.0,0.0,0.0,2019-05-06
31,hru31,0.122,0.0,0.0,0.0,0.0,0.0,0.0,0.0,0.0,0.0,2019-05-06
32,hru32,0.125,0.0,0.0,0.0,0.0,0.0,0.0,0.0,0.0,0.0,2019-05-06
33,hru33,0.124,0.0,0.0,0.0,0.0,0.0,0.0,0.0,0.0,0.0,2019-05-06
34,hru34,0.124,0.0,0.0,0.0,0.0,0.0,0.0,0.0,0.0,0.0,2019-05-06
35,hru35,0.122,0.0,0.0,0.0,0.0,0.0,0.0,0.0,0.0,0.0,2019-05-06
36,hru36,0.124,0.0,0.0,0.0,0.0,0.0,0.0,0.0,0.0,0.0,2019-05-06
1,hru01,0.125,0.0,0.0,0.0,0.0,0.0,0.0,0.0,0.0,0.0,2019-05-07
2,hru02,0.127,0.0,0.0,0.0,0.0,0.0,0.0,0.0,0.0,0.0,2019-05-07
3,hru03,0.124,0.0,0.0,0.0,0.0,0.0,0.0,0.0,0.0,0.0,2019-05-07
4,hru04,0.125,0.0,0.0,0.0,0.0,0.0,0.0,0.0,0.0,0.0,2019-05-07
5,hru05,0.126,0.0,0.0,0.0,0.0,0.0,0.0,0.0,0.0,0.0,2019-05-07
6,hru06,0.126,0.0,0.0,0.0,0.0,0.0,0.0,0.0,0.0,0.0,2019-05-07
7,hru07,0.128,0.0,0.0,0.0,0.0,0.0,0.0,0.0,0.0,0.0,2019-05-07
8,hru08,0.124,0.0,0.0,0.0,0.0,0.0,0.0,0.0,0.0,0.0,2019-05-07
9,hru09,0.127,0.0,0.0,0.0,0.0,0.0,0.0,0.0,0.0,0.0,2019-05-07
10,hru10,0.127,0.0,0.0,0.0,0.0,0.0,0.0,0.0,0.0,0.0,2019-05-07
11,hru11,0.128,0.0,0.0,0.0,0.0,0.0,0.0,0.0,0.0,0.0,2019-05-07
12,hru12,0.128,0.0,0.0,0.0,0.0,0.0,0.0,0.0,0.0,0.0,2019-05-07
13,hru13,0.128,0.0,0.0,0.0,0.0,0.0,0.0,0.0,0.0,0.0,2019-05-07
14,hru14,0.128,0.0,0.0,0.0,0.0,0.0,0.0,0.0,0.0,0.0,2019-05-07
15,hru15,0.129,0.0,0.0,0.0,0.0,0.0,0.0,0.0,0.0,0.0,2019-05-07
16,hru16,0.128,0.0,0.0,0.0,0.0,0.0,0.0,0.0,0.0,0.0,2019-05-07
17,hru17,0.129,0.0,0.0,0.0,0.0,0.0,0.0,0.0,0.0,0.0,2019-05-07
18,hru18,0.129,0.0,0.0,0.0,0.0,0.0,0.0,0.0,0.0,0.0,2019-05-07
19,hru19,0.131,0.0,0.0,0.0,0.0,0.0,0.0,0.0,0.0,0.0,2019-05-07
20,hru20,0.128,0.0,0.0,0.0,0.0,0.0,0.0,0.0,0.0,0.0,2019-05-07
21,hru21,0.129,0.0,0.0,0.0,0.0,0.0,0.0,0.0,0.0,0.0,2019-05-07
22,hru22,0.129,0.0,0.0,0.0,0.0,0.0,0.0,0.0,0.0,0.0,2019-05-07
23,hru23,0.129,0.0,0.0,0.0,0.0,0.0,0.0,0.0,0.0,0.0,2019-05-07
24,hru24,0.129,0.0,0.0,0.0,0.0,0.0,0.0,0.0,0.0,0.0,2019-05-07
25,hru25,0.128,0.0,0.0,0.0,0.0,0.0,0.0,0.0,0.0,0.0,2019-05-07
26,hru26,0.128,0.0,0.0,0.0,0.0,0.0,0.0,0.0,0.0,0.0,2019-05-07
27,hru27,0.127,0.0,0.0,0.0,0.0,0.0,0.0,0.0,0.0,0.0,2019-05-07
28,hru28,0.128,0.0,0.0,0.0,0.0,0.0,0.0,0.0,0.0,0.0,2019-05-07
29,hru29,0.127,0.0,0.0,0.0,0.0,0.0,0.0,0.0,0.0,0.0,2019-05-07
30,hru30,0.127,0.0,0.0,0.0,0.0,0.0,0.0,0.0,0.0,0.0,2019-05-07
31,hru31,0.125,0.0,0.0,0.0,0.0,0.0,0.0,0.0,0.0,0.0,2019-05-07
32,hru32,0.128,0.0,0.0,0.0,0.0,0.0,0.0,0.0,0.0,0.0,2019-05-07
33,hru33,0.127,0.0,0.0,0.0,0.0,0.0,0.0,0.0,0.0,0.0,2019-05-07
34,hru34,0.127,0.0,0.0,0.0,0.0,0.0,0.0,0.0,0.0,0.0,2019-05-07
35,hru35,0.125,0.0,0.0,0.0,0.0,0.0,0.0,0.0,0.0,0.0,2019-05-07
36,hru36,0.127,0.0,0.0,0.0,0.0,0.0,0.0,0.0,0.0,0.0,2019-05-07
1,hru01,0.128,0.0,0.0,0.0,0.0,0.0,0.0,0.0,0.0,0.0,2019-05-08
2,hru02,0.129,0.0,0.0,0.0,0.0,0.0,0.0,0.0,0.0,0.0,2019-05-08
3,hru03,0.126,0.0,0.0,0.0,0.0,0.0,0.0,0.0,0.0,0.0,2019-05-08
4,hru04,0.128,0.0,0.0,0.0,0.0,0.0,0.0,0.0,0.0,0.0,2019-05-08
5,hru05,0.129,0.0,0.0,0.0,0.0,0.0,0.0,0.0,0.0,0.0,2019-05-08
6,hru06,0.129,0.0,0.0,0.0,0.0,0.0,0.0,0.0,0.0,0.0,2019-05-08
7,hru07,0.13,0.0,0.0,0.0,0.0,0.0,0.0,0.0,0.0,0.0,2019-05-08
8,hru08,0.126,0.0,0.0,0.0,0.0,0.0,0.0,0.0,0.0,0.0,2019-05-08
9,hru09,0.13,0.0,0.0,0.0,0.0,0.0,0.0,0.0,0.0,0.0,2019-05-08
10,hru10,0.13,0.0,0.0,0.0,0.0,0.0,0.0,0.0,0.0,0.0,2019-05-08
11,hru11,0.131,0.0,0.0,0.0,0.0,0.0,0.0,0.0,0.0,0.0,2019-05-08
12,hru12,0.13,0.0,0.0,0.0,0.0,0.0,0.0,0.0,0.0,0.0,2019-05-08
13,hru13,0.131,0.0,0.0,0.0,0.0,0.0,0.0,0.0,0.0,0.0,2019-05-08
14,hru14,0.13,0.0,0.0,0.0,0.0,0.0,0.0,0.0,0.0,0.0,2019-05-08
15,hru15,0.132,0.0,0.0,0.0,0.0,0.0,0.0,0.0,0.0,0.0,2019-05-08
16,hru16,0.131,0.0,0.0,0.0,0.0,0.0,0.0,0.0,0.0,0.0,2019-05-08
17,hru17,0.132,0.0,0.0,0.0,0.0,0.0,0.0,0.0,0.0,0.0,2019-05-08
18,hru18,0.132,0.0,0.0,0.0,0.0,0.0,0.0,0.0,0.0,0.0,2019-05-08
19,hru19,0.133,0.0,0.0,0.0,0.0,0.0,0.0,0.0,0.0,0.0,2019-05-08
20,hru20,0.131,0.0,0.0,0.0,0.0,0.0,0.0,0.0,0.0,0.0,2019-05-08
21,hru21,0.132,0.0,0.0,0.0,0.0,0.0,0.0,0.0,0.0,0.0,2019-05-08
22,hru22,0.132,0.0,0.0,0.0,0.0,0.0,0.0,0.0,0.0,0.0,2019-05-08
23,hru23,0.132,0.0,0.0,0.0,0.0,0.0,0.0,0.0,0.0,0.0,2019-05-08
24,hru24,0.132,0.0,0.0,0.0,0.0,0.0,0.0,0.0,0.0,0.0,2019-05-08
25,hru25,0.131,0.0,0.0,0.0,0.0,0.0,0.0,0.0,0.0,0.0,2019-05-08
26,hru26,0.131,0.0,0.0,0.0,0.0,0.0,0.0,0.0,0.0,0.0,2019-05-08
27,hru27,0.13,0.0,0.0,0.0,0.0,0.0,0.0,0.0,0.0,0.0,2019-05-08
28,hru28,0.131,0.0,0.0,0.0,0.0,0.0,0.0,0.0,0.0,0.0,2019-05-08
29,hru29,0.13,0.0,0.0,0.0,0.0,0.0,0.0,0.0,0.0,0.0,2019-05-08
30,hru30,0.13,0.0,0.0,0.0,0.0,0.0,0.0,0.0,0.0,0.0,2019-05-08
31,hru31,0.128,0.0,0.0,0.0,0.0,0.0,0.0,0.0,0.0,0.0,2019-05-08
32,hru32,0.131,0.0,0.0,0.0,0.0,0.0,0.0,0.0,0.0,0.0,2019-05-08
33,hru33,0.13,0.0,0.0,0.0,0.0,0.0,0.0,0.0,0.0,0.0,2019-05-08
34,hru34,0.13,0.0,0.0,0.0,0.0,0.0,0.0,0.0,0.0,0.0,2019-05-08
35,hru35,0.127,0.0,0.0,0.0,0.0,0.0,0.0,0.0,0.0,0.0,2019-05-08
36,hru36,0.13,0.0,0.0,0.0,0.0,0.0,0.0,0.0,0.0,0.0,2019-05-08
1,hru01,0.129,0.0,0.0,0.0,0.0,0.0,0.0,0.0,0.0,0.0,2019-05-09
2,hru02,0.131,0.0,0.0,0.0,0.0,0.0,0.0,0.0,0.0,0.0,2019-05-09
3,hru03,0.128,0.0,0.0,0.0,0.0,0.0,0.0,0.0,0.0,0.0,2019-05-09
4,hru04,0.129,0.0,0.0,0.0,0.0,0.0,0.0,0.0,0.0,0.0,2019-05-09
5,hru05,0.13,0.0,0.0,0.0,0.0,0.0,0.0,0.0,0.0,0.0,2019-05-09
6,hru06,0.13,0.0,0.0,0.0,0.0,0.0,0.0,0.0,0.0,0.0,2019-05-09
7,hru07,0.132,0.0,0.0,0.0,0.0,0.0,0.0,0.0,0.0,0.0,2019-05-09
8,hru08,0.128,0.0,0.0,0.0,0.0,0.0,0.0,0.0,0.0,0.0,2019-05-09
9,hru09,0.131,0.0,0.0,0.0,0.0,0.0,0.0,0.0,0.0,0.0,2019-05-09
10,hru10,0.131,0.0,0.0,0.0,0.0,0.0,0.0,0.0,0.0,0.0,2019-05-09
11,hru11,0.132,0.0,0.0,0.0,0.0,0.0,0.0,0.0,0.0,0.0,2019-05-09
12,hru12,0.132,0.0,0.0,0.0,0.0,0.0,0.0,0.0,0.0,0.0,2019-05-09
13,hru13,0.133,0.0,0.0,0.0,0.0,0.0,0.0,0.0,0.0,0.0,2019-05-09
14,hru14,0.132,0.0,0.0,0.0,0.0,0.0,0.0,0.0,0.0,0.0,2019-05-09
15,hru15,0.133,0.0,0.0,0.0,0.0,0.0,0.0,0.0,0.0,0.0,2019-05-09
16,hru16,0.132,0.0,0.0,0.0,0.0,0.0,0.0,0.0,0.0,0.0,2019-05-09
17,hru17,0.134,0.0,0.0,0.0,0.0,0.0,0.0,0.0,0.0,0.0,2019-05-09
18,hru18,0.133,0.0,0.0,0.0,0.0,0.0,0.0,0.0,0.0,0.0,2019-05-09
19,hru19,0.135,0.0,0.0,0.0,0.0,0.0,0.0,0.0,0.0,0.0,2019-05-09
20,hru20,0.133,0.0,0.0,0.0,0.0,0.0,0.0,0.0,0.0,0.0,2019-05-09
21,hru21,0.133,0.0,0.0,0.0,0.0,0.0,0.0,0.0,0.0,0.0,2019-05-09
22,hru22,0.133,0.0,0.0,0.0,0.0,0.0,0.0,0.0,0.0,0.0,2019-05-09
23,hru23,0.133,0.0,0.0,0.0,0.0,0.0,0.0,0.0,0.0,0.0,2019-05-09
24,hru24,0.133,0.0,0.0,0.0,0.0,0.0,0.0,0.0,0.0,0.0,2019-05-09
25,hru25,0.133,0.0,0.0,0.0,0.0,0.0,0.0,0.0,0.0,0.0,2019-05-09
26,hru26,0.132,0.0,0.0,0.0,0.0,0.0,0.0,0.0,0.0,0.0,2019-05-09
27,hru27,0.131,0.0,0.0,0.0,0.0,0.0,0.0,0.0,0.0,0.0,2019-05-09
28,hru28,0.132,0.0,0.0,0.0,0.0,0.0,0.0,0.0,0.0,0.0,2019-05-09
29,hru29,0.132,0.0,0.0,0.0,0.0,0.0,0.0,0.0,0.0,0.0,2019-05-09
30,hru30,0.132,0.0,0.0,0.0,0.0,0.0,0.0,0.0,0.0,0.0,2019-05-09
31,hru31,0.129,0.0,0.0,0.0,0.0,0.0,0.0,0.0,0.0,0.0,2019-05-09
32,hru32,0.133,0.0,0.0,0.0,0.0,0.0,0.0,0.0,0.0,0.0,2019-05-09
33,hru33,0.131,0.0,0.0,0.0,0.0,0.0,0.0,0.0,0.0,0.0,2019-05-09
34,hru34,0.131,0.0,0.0,0.0,0.0,0.0,0.0,0.0,0.0,0.0,2019-05-09
35,hru35,0.129,0.0,0.0,0.0,0.0,0.0,0.0,0.0,0.0,0.0,2019-05-09
36,hru36,0.131,0.0,0.0,0.0,0.0,0.0,0.0,0.0,0.0,0.0,2019-05-09
1,hru01,0.132,0.0,0.0,0.0,0.0,0.0,0.0,0.0,0.0,0.0,2019-05-10
2,hru02,0.134,0.0,0.0,0.0,0.0,0.0,0.0,0.0,0.0,0.0,2019-05-10
3,hru03,0.131,0.0,0.0,0.0,0.0,0.0,0.0,0.0,0.0,0.0,2019-05-10
4,hru04,0.132,0.0,0.0,0.0,0.0,0.0,0.0,0.0,0.0,0.0,2019-05-10
5,hru05,0.133,0.0,0.0,0.0,0.0,0.0,0.0,0.0,0.0,0.0,2019-05-10
6,hru06,0.133,0.0,0.0,0.0,0.0,0.0,0.0,0.0,0.0,0.0,2019-05-10
7,hru07,0.135,0.0,0.0,0.0,0.0,0.0,0.0,0.0,0.0,0.0,2019-05-10
8,hru08,0.131,0.0,0.0,0.0,0.0,0.0,0.0,0.0,0.0,0.0,2019-05-10
9,hru09,0.134,0.0,0.0,0.0,0.0,0.0,0.0,0.0,0.0,0.0,2019-05-10
10,hru10,0.134,0.0,0.0,0.0,0.0,0.0,0.0,0.0,0.0,0.0,2019-05-10
11,hru11,0.135,0.0,0.0,0.0,0.0,0.0,0.0,0.0,0.0,0.0,2019-05-10
12,hru12,0.135,0.0,0.0,0.0,0.0,0.0,0.0,0.0,0.0,0.0,2019-05-10
13,hru13,0.136,0.0,0.0,0.0,0.0,0.0,0.0,0.0,0.0,0.0,2019-05-10
14,hru14,0.135,0.0,0.0,0.0,0.0,0.0,0.0,0.0,0.0,0.0,2019-05-10
15,hru15,0.136,0.0,0.0,0.0,0.0,0.0,0.0,0.0,0.0,0.0,2019-05-10
16,hru16,0.135,0.0,0.0,0.0,0.0,0.0,0.0,0.0,0.0,0.0,2019-05-10
17,hru17,0.136,0.0,0.0,0.0,0.0,0.0,0.0,0.0,0.0,0.0,2019-05-10
18,hru18,0.136,0.0,0.0,0.0,0.0,0.0,0.0,0.0,0.0,0.0,2019-05-10
19,hru19,0.138,0.0,0.0,0.0,0.0,0.0,0.0,0.0,0.0,0.0,2019-05-10
20,hru20,0.136,0.0,0.0,0.0,0.0,0.0,0.0,0.0,0.0,0.0,2019-05-10
21,hru21,0.136,0.0,0.0,0.0,0.0,0.0,0.0,0.0,0.0,0.0,2019-05-10
22,hru22,0.136,0.0,0.0,0.0,0.0,0.0,0.0,0.0,0.0,0.0,2019-05-10
23,hru23,0.136,0.0,0.0,0.0,0.0,0.0,0.0,0.0,0.0,0.0,2019-05-10
24,hru24,0.136,0.0,0.0,0.0,0.0,0.0,0.0,0.0,0.0,0.0,2019-05-10
25,hru25,0.136,0.0,0.0,0.0,0.0,0.0,0.0,0.0,0.0,0.0,2019-05-10
26,hru26,0.135,0.0,0.0,0.0,0.0,0.0,0.0,0.0,0.0,0.0,2019-05-10
27,hru27,0.134,0.0,0.0,0.0,0.0,0.0,0.0,0.0,0.0,0.0,2019-05-10
28,hru28,0.135,0.0,0.0,0.0,0.0,0.0,0.0,0.0,0.0,0.0,2019-05-10
29,hru29,0.135,0.0,0.0,0.0,0.0,0.0,0.0,0.0,0.0,0.0,2019-05-10
30,hru30,0.135,0.0,0.0,0.0,0.0,0.0,0.0,0.0,0.0,0.0,2019-05-10
31,hru31,0.132,0.0,0.0,0.0,0.0,0.0,0.0,0.0,0.0,0.0,2019-05-10
32,hru32,0.136,0.0,0.0,0.0,0.0,0.0,0.0,0.0,0.0,0.0,2019-05-10
33,hru33,0.134,0.0,0.0,0.0,0.0,0.0,0.0,0.0,0.0,0.0,2019-05-10
34,hru34,0.134,0.0,0.0,0.0,0.0,0.0,0.0,0.0,0.0,0.0,2019-05-10
35,hru35,0.132,0.0,0.0,0.0,0.0,0.0,0.0,0.0,0.0,0.0,2019-05-10
36,hru36,0.134,0.0,0.0,0.0,0.0,0.0,0.0,0.0,0.0,0.0,2019-05-10
1,hru01,0.135,0.0,0.0,0.0,0.0,0.0,0.0,0.0,0.0,0.0,2019-05-11
2,hru02,0.136,0.0,0.0,0.0,0.0,0.0,0.0,0.0,0.0,0.0,2019-05-11
3,hru03,0.133,0.0,0.0,0.0,0.0,0.0,0.0,0.0,0.0,0.0,2019-05-11
4,hru04,0.135,0.0,0.0,0.0,0.0,0.0,0.0,0.0,0.0,0.0,2019-05-11
5,hru05,0.136,0.0,0.0,0.0,0.0,0.0,0.0,0.0,0.0,0.0,2019-05-11
6,hru06,0.136,0.0,0.0,0.0,0.0,0.0,0.0,0.0,0.0,0.0,2019-05-11
7,hru07,0.137,0.0,0.0,0.0,0.0,0.0,0.0,0.0,0.0,0.0,2019-05-11
8,hru08,0.133,0.0,0.0,0.0,0.0,0.0,0.0,0.0,0.0,0.0,2019-05-11
9,hru09,0.137,0.0,0.0,0.0,0.0,0.0,0.0,0.0,0.0,0.0,2019-05-11
10,hru10,0.137,0.0,0.0,0.0,0.0,0.0,0.0,0.0,0.0,0.0,2019-05-11
11,hru11,0.138,0.0,0.0,0.0,0.0,0.0,0.0,0.0,0.0,0.0,2019-05-11
12,hru12,0.137,0.0,0.0,0.0,0.0,0.0,0.0,0.0,0.0,0.0,2019-05-11
13,hru13,0.138,0.0,0.0,0.0,0.0,0.0,0.0,0.0,0.0,0.0,2019-05-11
14,hru14,0.137,0.0,0.0,0.0,0.0,0.0,0.0,0.0,0.0,0.0,2019-05-11
15,hru15,0.139,0.0,0.0,0.0,0.0,0.0,0.0,0.0,0.0,0.0,2019-05-11
16,hru16,0.138,0.0,0.0,0.0,0.0,0.0,0.0,0.0,0.0,0.0,2019-05-11
17,hru17,0.139,0.0,0.0,0.0,0.0,0.0,0.0,0.0,0.0,0.0,2019-05-11
18,hru18,0.139,0.0,0.0,0.0,0.0,0.0,0.0,0.0,0.0,0.0,2019-05-11
19,hru19,0.141,0.0,0.0,0.0,0.0,0.0,0.0,0.0,0.0,0.0,2019-05-11
20,hru20,0.138,0.0,0.0,0.0,0.0,0.0,0.0,0.0,0.0,0.0,2019-05-11
21,hru21,0.139,0.0,0.0,0.0,0.0,0.0,0.0,0.0,0.0,0.0,2019-05-11
22,hru22,0.139,0.0,0.0,0.0,0.0,0.0,0.0,0.0,0.0,0.0,2019-05-11
23,hru23,0.139,0.0,0.0,0.0,0.0,0.0,0.0,0.0,0.0,0.0,2019-05-11
24,hru24,0.139,0.0,0.0,0.0,0.0,0.0,0.0,0.0,0.0,0.0,2019-05-11
25,hru25,0.138,0.0,0.0,0.0,0.0,0.0,0.0,0.0,0.0,0.0,2019-05-11
26,hru26,0.138,0.0,0.0,0.0,0.0,0.0,0.0,0.0,0.0,0.0,2019-05-11
27,hru27,0.137,0.0,0.0,0.0,0.0,0.0,0.0,0.0,0.0,0.0,2019-05-11
28,hru28,0.138,0.0,0.0,0.0,0.0,0.0,0.0,0.0,0.0,0.0,2019-05-11
29,hru29,0.137,0.0,0.0,0.0,0.0,0.0,0.0,0.0,0.0,0.0,2019-05-11
30,hru30,0.137,0.0,0.0,0.0,0.0,0.0,0.0,0.0,0.0,0.0,2019-05-11
31,hru31,0.135,0.0,0.0,0.0,0.0,0.0,0.0,0.0,0.0,0.0,2019-05-11
32,hru32,0.138,0.0,0.0,0.0,0.0,0.0,0.0,0.0,0.0,0.0,2019-05-11
33,hru33,0.137,0.0,0.0,0.0,0.0,0.0,0.0,0.0,0.0,0.0,2019-05-11
34,hru34,0.137,0.0,0.0,0.0,0.0,0.0,0.0,0.0,0.0,0.0,2019-05-11
35,hru35,0.134,0.0,0.0,0.0,0.0,0.0,0.0,0.0,0.0,0.0,2019-05-11
36,hru36,0.137,0.0,0.0,0.0,0.0,0.0,0.0,0.0,0.0,0.0,2019-05-11
1,hru01,0.137,0.0,0.0,0.0,0.0,0.0,0.0,0.0,0.0,0.0,2019-05-12
2,hru02,0.138,0.0,0.0,0.0,0.0,0.0,0.0,0.0,0.0,0.0,2019-05-12
3,hru03,0.135,0.0,0.0,0.0,0.0,0.0,0.0,0.0,0.0,0.0,2019-05-12
4,hru04,0.137,0.0,0.0,0.0,0.0,0.0,0.0,0.0,0.0,0.0,2019-05-12
5,hru05,0.138,0.0,0.0,0.0,0.0,0.0,0.0,0.0,0.0,0.0,2019-05-12
6,hru06,0.138,0.0,0.0,0.0,0.0,0.0,0.0,0.0,0.0,0.0,2019-05-12
7,hru07,0.14,0.0,0.0,0.0,0.0,0.0,0.0,0.0,0.0,0.0,2019-05-12
8,hru08,0.135,0.0,0.0,0.0,0.0,0.0,0.0,0.0,0.0,0.0,2019-05-12
9,hru09,0.139,0.0,0.0,0.0,0.0,0.0,0.0,0.0,0.0,0.0,2019-05-12
10,hru10,0.139,0.0,0.0,0.0,0.0,0.0,0.0,0.0,0.0,0.0,2019-05-12
11,hru11,0.14,0.0,0.0,0.0,0.0,0.0,0.0,0.0,0.0,0.0,2019-05-12
12,hru12,0.14,0.0,0.0,0.0,0.0,0.0,0.0,0.0,0.0,0.0,2019-05-12
13,hru13,0.14,0.0,0.0,0.0,0.0,0.0,0.0,0.0,0.0,0.0,2019-05-12
14,hru14,0.14,0.0,0.0,0.0,0.0,0.0,0.0,0.0,0.0,0.0,2019-05-12
15,hru15,0.141,0.0,0.0,0.0,0.0,0.0,0.0,0.0,0.0,0.0,2019-05-12
16,hru16,0.14,0.0,0.0,0.0,0.0,0.0,0.0,0.0,0.0,0.0,2019-05-12
17,hru17,0.141,0.0,0.0,0.0,0.0,0.0,0.0,0.0,0.0,0.0,2019-05-12
18,hru18,0.141,0.0,0.0,0.0,0.0,0.0,0.0,0.0,0.0,0.0,2019-05-12
19,hru19,0.143,0.0,0.0,0.0,0.0,0.0,0.0,0.0,0.0,0.0,2019-05-12
20,hru20,0.14,0.0,0.0,0.0,0.0,0.0,0.0,0.0,0.0,0.0,2019-05-12
21,hru21,0.141,0.0,0.0,0.0,0.0,0.0,0.0,0.0,0.0,0.0,2019-05-12
22,hru22,0.141,0.0,0.0,0.0,0.0,0.0,0.0,0.0,0.0,0.0,2019-05-12
23,hru23,0.141,0.0,0.0,0.0,0.0,0.0,0.0,0.0,0.0,0.0,2019-05-12
24,hru24,0.141,0.0,0.0,0.0,0.0,0.0,0.0,0.0,0.0,0.0,2019-05-12
25,hru25,0.14,0.0,0.0,0.0,0.0,0.0,0.0,0.0,0.0,0.0,2019-05-12
26,hru26,0.14,0.0,0.0,0.0,0.0,0.0,0.0,0.0,0.0,0.0,2019-05-12
27,hru27,0.139,0.0,0.0,0.0,0.0,0.0,0.0,0.0,0.0,0.0,2019-05-12
28,hru28,0.14,0.0,0.0,0.0,0.0,0.0,0.0,0.0,0.0,0.0,2019-05-12
29,hru29,0.139,0.0,0.0,0.0,0.0,0.0,0.0,0.0,0.0,0.0,2019-05-12
30,hru30,0.139,0.0,0.0,0.0,0.0,0.0,0.0,0.0,0.0,0.0,2019-05-12
31,hru31,0.137,0.0,0.0,0.0,0.0,0.0,0.0,0.0,0.0,0.0,2019-05-12
32,hru32,0.14,0.0,0.0,0.0,0.0,0.0,0.0,0.0,0.0,0.0,2019-05-12
33,hru33,0.139,0.0,0.0,0.0,0.0,0.0,0.0,0.0,0.0,0.0,2019-05-12
34,hru34,0.139,0.0,0.0,0.0,0.0,0.0,0.0,0.0,0.0,0.0,2019-05-12
35,hru35,0.137,0.0,0.0,0.0,0.0,0.0,0.0,0.0,0.0,0.0,2019-05-12
36,hru36,0.139,0.0,0.0,0.0,0.0,0.0,0.0,0.0,0.0,0.0,2019-05-12
1,hru01,0.14,0.0,0.0,0.0,0.0,0.0,0.0,0.0,0.0,0.0,2019-05-13
2,hru02,0.142,0.0,0.0,0.0,0.0,0.0,0.0,0.0,0.0,0.0,2019-05-13
3,hru03,0.138,0.0,0.0,0.0,0.0,0.0,0.0,0.0,0.0,0.0,2019-05-13
4,hru04,0.14,0.0,0.0,0.0,0.0,0.0,0.0,0.0,0.0,0.0,2019-05-13
5,hru05,0.141,0.0,0.0,0.0,0.0,0.0,0.0,0.0,0.0,0.0,2019-05-13
6,hru06,0.141,0.0,0.0,0.0,0.0,0.0,0.0,0.0,0.0,0.0,2019-05-13
7,hru07,0.143,0.0,0.0,0.0,0.0,0.0,0.0,0.0,0.0,0.0,2019-05-13
8,hru08,0.138,0.0,0.0,0.0,0.0,0.0,0.0,0.0,0.0,0.0,2019-05-13
9,hru09,0.142,0.0,0.0,0.0,0.0,0.0,0.0,0.0,0.0,0.0,2019-05-13
10,hru10,0.142,0.0,0.0,0.0,0.0,0.0,0.0,0.0,0.0,0.0,2019-05-13
11,hru11,0.143,0.0,0.0,0.0,0.0,0.0,0.0,0.0,0.0,0.0,2019-05-13
12,hru12,0.143,0.0,0.0,0.0,0.0,0.0,0.0,0.0,0.0,0.0,2019-05-13
13,hru13,0.144,0.0,0.0,0.0,0.0,0.0,0.0,0.0,0.0,0.0,2019-05-13
14,hru14,0.143,0.0,0.0,0.0,0.0,0.0,0.0,0.0,0.0,0.0,2019-05-13
15,hru15,0.145,0.0,0.0,0.0,0.0,0.0,0.0,0.0,0.0,0.0,2019-05-13
16,hru16,0.143,0.0,0.0,0.0,0.0,0.0,0.0,0.0,0.0,0.0,2019-05-13
17,hru17,0.145,0.0,0.0,0.0,0.0,0.0,0.0,0.0,0.0,0.0,2019-05-13
18,hru18,0.144,0.0,0.0,0.0,0.0,0.0,0.0,0.0,0.0,0.0,2019-05-13
19,hru19,0.146,0.0,0.0,0.0,0.0,0.0,0.0,0.0,0.0,0.0,2019-05-13
20,hru20,0.144,0.0,0.0,0.0,0.0,0.0,0.0,0.0,0.0,0.0,2019-05-13
21,hru21,0.145,0.0,0.0,0.0,0.0,0.0,0.0,0.0,0.0,0.0,2019-05-13
22,hru22,0.144,0.0,0.0,0.0,0.0,0.0,0.0,0.0,0.0,0.0,2019-05-13
23,hru23,0.144,0.0,0.0,0.0,0.0,0.0,0.0,0.0,0.0,0.0,2019-05-13
24,hru24,0.145,0.0,0.0,0.0,0.0,0.0,0.0,0.0,0.0,0.0,2019-05-13
25,hru25,0.144,0.0,0.0,0.0,0.0,0.0,0.0,0.0,0.0,0.0,2019-05-13
26,hru26,0.143,0.0,0.0,0.0,0.0,0.0,0.0,0.0,0.0,0.0,2019-05-13
27,hru27,0.142,0.0,0.0,0.0,0.0,0.0,0.0,0.0,0.0,0.0,2019-05-13
28,hru28,0.143,0.0,0.0,0.0,0.0,0.0,0.0,0.0,0.0,0.0,2019-05-13
29,hru29,0.143,0.0,0.0,0.0,0.0,0.0,0.0,0.0,0.0,0.0,2019-05-13
30,hru30,0.143,0.0,0.0,0.0,0.0,0.0,0.0,0.0,0.0,0.0,2019-05-13
31,hru31,0.14,0.0,0.0,0.0,0.0,0.0,0.0,0.0,0.0,0.0,2019-05-13
32,hru32,0.144,0.0,0.0,0.0,0.0,0.0,0.0,0.0,0.0,0.0,2019-05-13
33,hru33,0.142,0.0,0.0,0.0,0.0,0.0,0.0,0.0,0.0,0.0,2019-05-13
34,hru34,0.142,0.0,0.0,0.0,0.0,0.0,0.0,0.0,0.0,0.0,2019-05-13
35,hru35,0.14,0.0,0.0,0.0,0.0,0.0,0.0,0.0,0.0,0.0,2019-05-13
36,hru36,0.142,0.0,0.0,0.0,0.0,0.0,0.0,0.0,0.0,0.0,2019-05-13
1,hru01,0.144,0.0,0.0,0.0,0.0,0.0,0.0,0.0,0.0,0.0,2019-05-14
2,hru02,0.145,0.0,0.0,0.0,0.0,0.0,0.0,0.0,0.0,0.0,2019-05-14
3,hru03,0.142,0.0,0.0,0.0,0.0,0.0,0.0,0.0,0.0,0.0,2019-05-14
4,hru04,0.144,0.0,0.0,0.0,0.0,0.0,0.0,0.0,0.0,0.0,2019-05-14
5,hru05,0.145,0.0,0.0,0.0,0.0,0.0,0.0,0.0,0.0,0.0,2019-05-14
6,hru06,0.145,0.0,0.0,0.0,0.0,0.0,0.0,0.0,0.0,0.0,2019-05-14
7,hru07,0.147,0.0,0.0,0.0,0.0,0.0,0.0,0.0,0.0,0.0,2019-05-14
8,hru08,0.142,0.0,0.0,0.0,0.0,0.0,0.0,0.0,0.0,0.0,2019-05-14
9,hru09,0.146,0.0,0.0,0.0,0.0,0.0,0.0,0.0,0.0,0.0,2019-05-14
10,hru10,0.146,0.0,0.0,0.0,0.0,0.0,0.0,0.0,0.0,0.0,2019-05-14
11,hru11,0.147,0.0,0.0,0.0,0.0,0.0,0.0,0.0,0.0,0.0,2019-05-14
12,hru12,0.146,0.0,0.0,0.0,0.0,0.0,0.0,0.0,0.0,0.0,2019-05-14
13,hru13,0.147,0.0,0.0,0.0,0.0,0.0,0.0,0.0,0.0,0.0,2019-05-14
14,hru14,0.146,0.0,0.0,0.0,0.0,0.0,0.0,0.0,0.0,0.0,2019-05-14
15,hru15,0.148,0.0,0.0,0.0,0.0,0.0,0.0,0.0,0.0,0.0,2019-05-14
16,hru16,0.147,0.0,0.0,0.0,0.0,0.0,0.0,0.0,0.0,0.0,2019-05-14
17,hru17,0.148,0.0,0.0,0.0,0.0,0.0,0.0,0.0,0.0,0.0,2019-05-14
18,hru18,0.148,0.0,0.0,0.0,0.0,0.0,0.0,0.0,0.0,0.0,2019-05-14
19,hru19,0.15,0.0,0.0,0.0,0.0,0.0,0.0,0.0,0.0,0.0,2019-05-14
20,hru20,0.147,0.0,0.0,0.0,0.0,0.0,0.0,0.0,0.0,0.0,2019-05-14
21,hru21,0.148,0.0,0.0,0.0,0.0,0.0,0.0,0.0,0.0,0.0,2019-05-14
22,hru22,0.148,0.0,0.0,0.0,0.0,0.0,0.0,0.0,0.0,0.0,2019-05-14
23,hru23,0.148,0.0,0.0,0.0,0.0,0.0,0.0,0.0,0.0,0.0,2019-05-14
24,hru24,0.148,0.0,0.0,0.0,0.0,0.0,0.0,0.0,0.0,0.0,2019-05-14
25,hru25,0.147,0.0,0.0,0.0,0.0,0.0,0.0,0.0,0.0,0.0,2019-05-14
26,hru26,0.147,0.0,0.0,0.0,0.0,0.0,0.0,0.0,0.0,0.0,2019-05-14
27,hru27,0.146,0.0,0.0,0.0,0.0,0.0,0.0,0.0,0.0,0.0,2019-05-14
28,hru28,0.147,0.0,0.0,0.0,0.0,0.0,0.0,0.0,0.0,0.0,2019-05-14
29,hru29,0.146,0.0,0.0,0.0,0.0,0.0,0.0,0.0,0.0,0.0,2019-05-14
30,hru30,0.146,0.0,0.0,0.0,0.0,0.0,0.0,0.0,0.0,0.0,2019-05-14
31,hru31,0.144,0.0,0.0,0.0,0.0,0.0,0.0,0.0,0.0,0.0,2019-05-14
32,hru32,0.147,0.0,0.0,0.0,0.0,0.0,0.0,0.0,0.0,0.0,2019-05-14
33,hru33,0.146,0.0,0.0,0.0,0.0,0.0,0.0,0.0,0.0,0.0,2019-05-14
34,hru34,0.146,0.0,0.0,0.0,0.0,0.0,0.0,0.0,0.0,0.0,2019-05-14
35,hru35,0.144,0.0,0.0,0.0,0.0,0.0,0.0,0.0,0.0,0.0,2019-05-14
36,hru36,0.146,0.0,0.0,0.0,0.0,0.0,0.0,0.0,0.0,0.0,2019-05-14
1,hru01,0.149,0.0,0.0,0.0,0.0,0.0,0.0,0.0,0.0,0.0,2019-05-15
2,hru02,0.15,0.267,0.0,0.0,0.164,0.0,0.0,0.0,0.0,0.0,2019-05-15
3,hru03,0.147,0.0,0.0,0.0,0.0,0.0,0.0,0.0,0.0,0.0,2019-05-15
4,hru04,0.148,0.0,0.0,0.0,0.0,0.0,0.0,0.0,0.0,0.0,2019-05-15
5,hru05,0.15,0.0,0.0,0.0,0.0,0.0,0.0,0.0,0.0,0.0,2019-05-15
6,hru06,0.15,0.0,0.0,0.0,0.0,0.0,0.0,0.0,0.0,0.0,2019-05-15
7,hru07,0.151,0.267,0.0,0.0,0.786,0.0,0.0,0.0,0.0,0.0,2019-05-15
8,hru08,0.147,0.0,0.0,0.0,0.0,0.0,0.0,0.0,0.0,0.0,2019-05-15
9,hru09,0.151,0.264,0.0,0.0,0.878,0.0,0.0,0.0,0.0,0.0,2019-05-15
10,hru10,0.151,0.264,0.0,0.0,0.878,0.0,0.0,0.0,0.0,0.0,2019-05-15
11,hru11,0.151,0.27,0.0,0.0,0.934,0.0,0.0,0.0,0.0,0.0,2019-05-15
12,hru12,0.151,0.267,0.0,0.0,0.757,0.0,0.0,0.0,0.0,0.0,2019-05-15
13,hru13,0.152,0.267,0.0,0.0,0.0,0.0,0.0,0.0,0.0,0.0,2019-05-15
14,hru14,0.151,0.267,0.0,0.0,0.757,0.0,0.0,0.0,0.0,0.0,2019-05-15
15,hru15,0.153,0.267,0.0,0.0,0.0,0.0,0.0,0.0,0.0,0.0,2019-05-15
16,hru16,0.152,0.27,0.0,0.0,0.401,0.0,0.0,0.0,0.0,0.0,2019-05-15
17,hru17,0.153,0.261,0.0,0.0,0.0,0.0,0.0,0.0,0.0,0.0,2019-05-15
18,hru18,0.153,0.267,0.0,0.0,0.481,0.0,0.0,0.0,0.0,0.0,2019-05-15
19,hru19,0.155,0.261,0.0,0.0,0.0,0.0,0.0,0.0,0.0,0.0,2019-05-15
20,hru20,0.152,0.261,0.0,0.0,0.0,0.0,0.0,0.0,0.0,0.0,2019-05-15
21,hru21,0.153,0.267,0.0,0.0,0.193,0.0,0.0,0.0,0.0,0.0,2019-05-15
22,hru22,0.153,0.267,0.0,0.0,0.48,0.0,0.0,0.0,0.0,0.0,2019-05-15
23,hru23,0.153,0.267,0.0,0.0,0.144,0.0,0.0,0.0,0.0,0.0,2019-05-15
24,hru24,0.153,0.264,0.0,0.0,0.0,0.0,0.0,0.0,0.0,0.0,2019-05-15
25,hru25,0.152,0.524,0.0,0.0,0.0,0.0,0.0,0.0,0.0,0.0,2019-05-15
26,hru26,0.151,0.264,0.0,0.0,0.0,0.0,0.0,0.0,0.0,0.0,2019-05-15
27,hru27,0.151,0.27,0.0,0.0,0.0,0.0,0.0,0.0,0.0,0.0,2019-05-15
28,hru28,0.151,0.0,0.0,0.0,0.0,0.0,0.0,0.0,0.0,0.0,2019-05-15
29,hru29,0.151,0.267,0.0,0.0,0.935,0.0,0.0,0.0,0.0,0.0,2019-05-15
30,hru30,0.151,0.274,0.0,0.0,0.945,0.0,0.0,0.0,0.0,0.0,2019-05-15
31,hru31,0.149,0.0,0.0,0.0,0.0,0.0,0.0,0.0,0.0,0.0,2019-05-15
32,hru32,0.152,0.267,0.0,0.0,0.821,0.0,0.0,0.0,0.0,0.0,2019-05-15
33,hru33,0.151,0.27,0.0,0.0,0.964,0.0,0.0,0.0,0.0,0.0,2019-05-15
34,hru34,0.151,0.27,0.0,0.0,0.963,0.0,0.0,0.0,0.0,0.0,2019-05-15
35,hru35,0.148,0.0,0.0,0.0,0.0,0.0,0.0,0.0,0.0,0.0,2019-05-15
36,hru36,0.151,0.27,0.0,0.0,0.964,0.0,0.0,0.0,0.0,0.0,2019-05-15
1,hru01,0.155,0.028,0.0,0.0,0.981,0.0,0.0,0.0,0.0,0.0,2019-05-16
2,hru02,0.157,0.023,0.0,0.0,0.256,0.013,0.0,0.051,0.0,9.653,2019-05-16
3,hru03,0.153,0.179,0.0,0.0,0.991,0.0,0.0,0.0,0.0,0.0,2019-05-16
4,hru04,0.155,0.179,0.0,0.0,0.985,0.0,0.0,0.0,0.0,0.0,2019-05-16
5,hru05,0.156,0.022,0.0,0.0,0.959,0.0,0.0,0.0,0.0,0.0,2019-05-16
6,hru06,0.156,0.022,0.0,0.0,0.959,0.0,0.0,0.0,0.0,0.0,2019-05-16
7,hru07,0.158,0.021,0.0,0.0,0.807,0.013,0.0,0.053,0.0,2.833,2019-05-16
8,hru08,0.153,0.024,0.0,0.0,0.974,0.0,0.0,0.0,0.0,0.0,2019-05-16
9,hru09,0.157,0.02,0.0,0.0,0.896,0.013,0.0,0.056,0.0,1.607,2019-05-16
10,hru10,0.157,0.02,0.0,0.0,0.897,0.013,0.0,0.056,0.0,1.605,2019-05-16
11,hru11,0.158,0.019,0.0,0.0,0.939,0.013,0.0,0.061,0.0,0.874,2019-05-16
12,hru12,0.158,0.019,0.0,0.0,0.789,0.013,0.0,0.053,0.0,3.197,2019-05-16
13,hru13,0.159,0.018,0.0,0.0,0.0,0.013,0.0,0.051,0.0,9.702,2019-05-16
14,hru14,0.158,0.019,0.0,0.0,0.789,0.013,0.0,0.053,0.0,3.198,2019-05-16
15,hru15,0.159,0.017,0.0,0.0,0.0,0.013,0.0,0.051,0.0,9.717,2019-05-16
16,hru16,0.158,0.019,0.0,0.0,0.449,0.013,0.0,0.051,0.0,7.848,2019-05-16
17,hru17,0.159,0.016,0.0,0.0,0.013,0.013,0.0,0.051,0.0,9.762,2019-05-16
18,hru18,0.159,0.017,0.0,0.0,0.535,0.013,0.0,0.051,0.0,6.887,2019-05-16
19,hru19,0.161,0.016,0.0,0.0,0.0,0.013,0.0,0.051,0.0,9.812,2019-05-16
20,hru20,0.159,0.013,0.0,0.0,0.0,0.013,0.0,0.051,0.0,9.804,2019-05-16
21,hru21,0.159,0.017,0.0,0.0,0.27,0.013,0.0,0.051,0.0,9.717,2019-05-16
22,hru22,0.159,0.017,0.0,0.0,0.534,0.013,0.0,0.051,0.0,6.898,2019-05-16
23,hru23,0.159,0.017,0.0,0.0,0.223,0.013,0.0,0.051,0.0,9.721,2019-05-16
24,hru24,0.159,0.017,0.0,0.0,0.0,0.013,0.0,0.051,0.0,9.747,2019-05-16
25,hru25,0.159,0.152,0.0,0.0,0.0,0.001,0.0,0.052,0.0,6.798,2019-05-16
26,hru26,0.158,0.015,0.0,0.0,0.0,0.013,0.0,0.051,0.0,9.751,2019-05-16
27,hru27,0.157,0.019,0.0,0.0,0.0,0.013,0.0,0.051,0.0,9.66,2019-05-16
28,hru28,0.158,0.0,0.0,0.0,0.0,0.0,0.0,0.0,0.0,0.0,2019-05-16
29,hru29,0.158,0.019,0.0,0.0,0.943,0.013,0.0,0.061,0.0,0.854,2019-05-16
30,hru30,0.157,0.022,0.0,0.0,0.951,0.013,0.0,0.064,0.0,0.727,2019-05-16
31,hru31,0.155,0.028,0.0,0.0,0.981,0.0,0.0,0.0,0.0,0.0,2019-05-16
32,hru32,0.159,0.018,0.0,0.0,0.84,0.013,0.0,0.054,0.0,2.377,2019-05-16
33,hru33,0.157,0.023,0.0,0.0,0.968,0.013,0.0,0.071,0.0,0.48,2019-05-16
34,hru34,0.157,0.023,0.0,0.0,0.968,0.013,0.0,0.071,0.0,0.483,2019-05-16
35,hru35,0.155,0.027,0.0,0.0,0.979,0.0,0.0,0.0,0.0,0.0,2019-05-16
36,hru36,0.157,0.023,0.0,0.0,0.968,0.013,0.0,0.072,0.0,0.479,2019-05-16
1,hru01,0.159,0.466,0.0,0.0,0.982,0.021,0.0,0.099,0.0,0.237,2019-05-17
2,hru02,0.16,0.474,0.0,0.0,0.278,0.037,0.0,0.037,0.0,21.556,2019-05-17
3,hru03,0.157,0.668,0.0,0.0,0.992,0.002,0.0,0.183,0.0,0.118,2019-05-17
4,hru04,0.159,0.695,0.0,0.0,0.986,0.002,0.0,0.112,0.0,0.202,2019-05-17
5,hru05,0.16,0.439,0.0,0.0,0.96,0.022,0.0,0.068,0.0,0.528,2019-05-17
6,hru06,0.16,0.439,0.0,0.0,0.96,0.022,0.0,0.068,0.0,0.528,2019-05-17
7,hru07,0.162,0.497,0.0,0.0,0.813,0.037,0.0,0.037,0.0,5.93,2019-05-17
8,hru08,0.157,0.39,0.0,0.0,0.974,0.022,0.0,0.081,0.0,0.336,2019-05-17
9,hru09,0.161,0.435,0.0,0.0,0.899,0.038,0.0,0.038,0.0,3.26,2019-05-17
10,hru10,0.161,0.435,0.0,0.0,0.899,0.038,0.0,0.038,0.0,3.256,2019-05-17
11,hru11,0.162,0.497,0.0,0.0,0.941,0.038,0.0,0.04,0.0,1.845,2019-05-17
12,hru12,0.162,0.443,0.0,0.0,0.797,0.038,0.0,0.037,0.0,6.568,2019-05-17
13,hru13,0.162,0.481,0.0,0.0,0.0,0.038,0.0,0.039,0.0,24.914,2019-05-17
14,hru14,0.162,0.443,0.0,0.0,0.796,0.038,0.0,0.037,0.0,6.569,2019-05-17
15,hru15,0.163,0.481,0.0,0.0,0.0,0.038,0.0,0.039,0.0,24.941,2019-05-17
16,hru16,0.162,0.401,0.0,0.0,0.465,0.038,0.0,0.037,0.0,16.63,2019-05-17
17,hru17,0.164,0.397,0.0,0.0,0.055,0.038,0.0,0.039,0.0,25.022,2019-05-17
18,hru18,0.163,0.45,0.0,0.0,0.558,0.038,0.0,0.037,0.0,14.353,2019-05-17
19,hru19,0.165,0.454,0.0,0.0,0.0,0.038,0.0,0.039,0.0,25.085,2019-05-17
20,hru20,0.163,0.462,0.0,0.0,0.0,0.039,0.0,0.039,0.0,25.021,2019-05-17
21,hru21,0.163,0.481,0.0,0.0,0.299,0.038,0.0,0.037,0.0,21.425,2019-05-17
22,hru22,0.163,0.45,0.0,0.0,0.557,0.038,0.0,0.037,0.0,14.377,2019-05-17
23,hru23,0.163,0.45,0.0,0.0,0.256,0.038,0.0,0.038,0.0,22.203,2019-05-17
24,hru24,0.163,0.478,0.0,0.0,0.0,0.038,0.0,0.039,0.0,24.965,2019-05-17
25,hru25,0.163,0.743,0.0,0.0,0.0,0.004,0.0,0.039,0.0,18.751,2019-05-17
26,hru26,0.162,0.478,0.0,0.0,0.0,0.038,0.0,0.039,0.0,24.944,2019-05-17
27,hru27,0.161,0.458,0.0,0.0,0.0,0.038,0.0,0.039,0.0,24.872,2019-05-17
28,hru28,0.162,0.0,0.0,0.0,0.0,0.0,0.0,0.0,0.0,0.0,2019-05-17
29,hru29,0.162,0.443,0.0,0.0,0.945,0.038,0.0,0.04,0.0,1.763,2019-05-17
30,hru30,0.161,0.481,0.0,0.0,0.953,0.037,0.0,0.041,0.0,1.505,2019-05-17
31,hru31,0.159,0.466,0.0,0.0,0.982,0.021,0.0,0.098,0.0,0.237,2019-05-17
32,hru32,0.162,0.481,0.0,0.0,0.845,0.038,0.0,0.038,0.0,4.938,2019-05-17
33,hru33,0.161,0.458,0.0,0.0,0.969,0.037,0.0,0.043,0.0,0.989,2019-05-17
34,hru34,0.161,0.458,0.0,0.0,0.969,0.037,0.0,0.043,0.0,0.995,2019-05-17
35,hru35,0.159,0.47,0.0,0.0,0.979,0.021,0.0,0.09,0.0,0.274,2019-05-17
36,hru36,0.161,0.458,0.0,0.0,0.969,0.037,0.0,0.043,0.0,0.987,2019-05-17
1,hru01,0.164,0.205,0.0,0.0,0.987,0.032,0.0,0.052,0.0,0.492,2019-05-18
2,hru02,0.166,0.216,0.0,0.0,0.492,0.049,0.0,0.031,0.0,30.747,2019-05-18
3,hru03,0.163,0.416,0.0,0.0,0.994,0.003,0.0,0.079,0.0,0.208,2019-05-18
4,hru04,0.164,0.436,0.0,0.0,0.99,0.003,0.0,0.057,0.0,0.36,2019-05-18
5,hru05,0.165,0.205,0.0,0.0,0.972,0.033,0.0,0.043,0.0,1.096,2019-05-18
6,hru06,0.165,0.205,0.0,0.0,0.972,0.033,0.0,0.043,0.0,1.095,2019-05-18
7,hru07,0.167,0.216,0.0,0.0,0.865,0.048,0.0,0.033,0.0,9.155,2019-05-18
8,hru08,0.163,0.172,0.0,0.0,0.982,0.034,0.0,0.047,0.0,0.688,2019-05-18
9,hru09,0.166,0.202,0.0,0.0,0.931,0.05,0.0,0.033,0.0,4.963,2019-05-18
10,hru10,0.166,0.202,0.0,0.0,0.931,0.05,0.0,0.033,0.0,4.957,2019-05-18
11,hru11,0.167,0.208,0.0,0.0,0.957,0.049,0.0,0.034,0.0,2.857,2019-05-18
12,hru12,0.167,0.196,0.0,0.0,0.864,0.05,0.0,0.032,0.0,9.981,2019-05-18
13,hru13,0.168,0.202,0.0,0.0,0.0,0.049,0.0,0.031,0.0,33.718,2019-05-18
14,hru14,0.167,0.196,0.0,0.0,0.864,0.05,0.0,0.032,0.0,9.983,2019-05-18
15,hru15,0.168,0.199,0.0,0.0,0.0,0.049,0.0,0.03,0.0,33.581,2019-05-18
16,hru16,0.168,0.196,0.0,0.0,0.645,0.051,0.0,0.032,0.0,25.188,2019-05-18
17,hru17,0.169,0.178,0.0,0.0,0.363,0.052,0.0,0.031,0.0,34.689,2019-05-18
18,hru18,0.168,0.194,0.0,0.0,0.709,0.05,0.0,0.032,0.0,21.754,2019-05-18
19,hru19,0.17,0.191,0.0,0.0,0.205,0.05,0.0,0.031,0.0,34.035,2019-05-18
20,hru20,0.168,0.18,0.0,0.0,0.0,0.05,0.0,0.03,0.0,33.537,2019-05-18
21,hru21,0.168,0.199,0.0,0.0,0.506,0.049,0.0,0.031,0.0,30.065,2019-05-18
22,hru22,0.168,0.194,0.0,0.0,0.708,0.05,0.0,0.032,0.0,21.79,2019-05-18
23,hru23,0.168,0.194,0.0,0.0,0.492,0.05,0.0,0.031,0.0,31.399,2019-05-18
24,hru24,0.168,0.194,0.0,0.0,0.0,0.049,0.0,0.03,0.0,33.651,2019-05-18
25,hru25,0.168,0.426,0.0,0.0,0.0,0.005,0.0,0.028,0.0,21.458,2019-05-18
26,hru26,0.167,0.183,0.0,0.0,0.0,0.05,0.0,0.03,0.0,33.362,2019-05-18
27,hru27,0.166,0.205,0.0,0.0,0.0,0.05,0.0,0.031,0.0,34.081,2019-05-18
28,hru28,0.167,0.0,0.0,0.0,0.0,0.0,0.0,0.0,0.0,0.0,2019-05-18
29,hru29,0.167,0.199,0.0,0.0,0.961,0.05,0.0,0.034,0.0,2.71,2019-05-18
30,hru30,0.166,0.216,0.0,0.0,0.967,0.049,0.0,0.035,0.0,2.315,2019-05-18
31,hru31,0.164,0.205,0.0,0.0,0.987,0.032,0.0,0.052,0.0,0.494,2019-05-18
32,hru32,0.168,0.202,0.0,0.0,0.89,0.049,0.0,0.033,0.0,7.568,2019-05-18
33,hru33,0.166,0.213,0.0,0.0,0.978,0.049,0.0,0.036,0.0,1.526,2019-05-18
34,hru34,0.166,0.213,0.0,0.0,0.978,0.049,0.0,0.036,0.0,1.535,2019-05-18
35,hru35,0.164,0.21,0.0,0.0,0.985,0.032,0.0,0.05,0.0,0.572,2019-05-18
36,hru36,0.166,0.213,0.0,0.0,0.978,0.049,0.0,0.036,0.0,1.523,2019-05-18
1,hru01,0.166,1.0,0.0,0.0,0.987,0.051,0.0,0.04,0.0,0.732,2019-05-19
2,hru02,0.168,1.0,0.0,0.0,0.478,0.07,0.0,0.03,0.0,42.289,2019-05-19
3,hru03,0.165,1.0,0.0,0.0,0.995,0.006,0.0,0.057,0.0,0.282,2019-05-19
4,hru04,0.166,1.0,0.0,0.0,0.99,0.006,0.0,0.044,0.0,0.499,2019-05-19
5,hru05,0.167,1.0,0.0,0.0,0.972,0.052,0.0,0.035,0.0,1.63,2019-05-19
6,hru06,0.167,1.0,0.0,0.0,0.972,0.052,0.0,0.035,0.0,1.629,2019-05-19
7,hru07,0.169,0.995,0.0,0.0,0.86,0.069,0.0,0.03,0.0,12.204,2019-05-19
8,hru08,0.165,1.0,0.0,0.0,0.982,0.054,0.0,0.038,0.0,1.043,2019-05-19
9,hru09,0.168,0.995,0.0,0.0,0.93,0.072,0.0,0.03,0.0,6.546,2019-05-19
10,hru10,0.168,0.995,0.0,0.0,0.93,0.072,0.0,0.03,0.0,6.538,2019-05-19
11,hru11,0.169,0.991,0.0,0.0,0.956,0.07,0.0,0.031,0.0,3.82,2019-05-19
12,hru12,0.169,0.991,0.0,0.0,0.861,0.072,0.0,0.03,0.0,13.103,2019-05-19
13,hru13,0.17,0.991,0.0,0.0,0.0,0.07,0.0,0.032,0.0,51.915,2019-05-19
14,hru14,0.169,0.991,0.0,0.0,0.861,0.072,0.0,0.03,0.0,13.106,2019-05-19
15,hru15,0.171,0.991,0.0,0.0,0.0,0.071,0.0,0.032,0.0,51.794,2019-05-19
16,hru16,0.17,0.977,0.0,0.0,0.64,0.073,0.0,0.03,0.0,33.404,2019-05-19
17,hru17,0.171,0.968,0.0,0.0,0.351,0.074,0.0,0.031,0.0,49.539,2019-05-19
18,hru18,0.171,0.982,0.0,0.0,0.701,0.072,0.0,0.03,0.0,28.456,2019-05-19
19,hru19,0.173,0.991,0.0,0.0,0.189,0.072,0.0,0.032,0.0,52.241,2019-05-19
20,hru20,0.17,1.0,0.0,0.0,0.0,0.073,0.0,0.032,0.0,52.063,2019-05-19
21,hru21,0.171,0.991,0.0,0.0,0.492,0.071,0.0,0.03,0.0,41.31,2019-05-19
22,hru22,0.171,0.982,0.0,0.0,0.7,0.072,0.0,0.03,0.0,28.503,2019-05-19
23,hru23,0.171,0.982,0.0,0.0,0.479,0.072,0.0,0.03,0.0,43.094,2019-05-19
24,hru24,0.171,0.991,0.0,0.0,0.0,0.071,0.0,0.032,0.0,51.951,2019-05-19
25,hru25,0.17,1.0,0.0,0.0,0.0,0.008,0.0,0.03,0.0,29.216,2019-05-19
26,hru26,0.169,1.0,0.0,0.0,0.0,0.072,0.0,0.032,0.0,51.778,2019-05-19
27,hru27,0.168,0.991,0.0,0.0,0.0,0.071,0.0,0.032,0.0,52.343,2019-05-19
28,hru28,0.169,0.0,0.0,0.0,0.0,0.0,0.0,0.0,0.0,0.0,2019-05-19
29,hru29,0.169,0.986,0.0,0.0,0.96,0.072,0.0,0.031,0.0,3.608,2019-05-19
30,hru30,0.169,1.0,0.0,0.0,0.966,0.069,0.0,0.031,0.0,3.071,2019-05-19
31,hru31,0.166,1.0,0.0,0.0,0.987,0.051,0.0,0.04,0.0,0.734,2019-05-19
32,hru32,0.17,0.991,0.0,0.0,0.886,0.07,0.0,0.03,0.0,10.086,2019-05-19
33,hru33,0.168,1.0,0.0,0.0,0.977,0.07,0.0,0.032,0.0,2.031,2019-05-19
34,hru34,0.168,1.0,0.0,0.0,0.977,0.07,0.0,0.032,0.0,2.043,2019-05-19
35,hru35,0.166,1.0,0.0,0.0,0.985,0.05,0.0,0.039,0.0,0.846,2019-05-19
36,hru36,0.168,1.0,0.0,0.0,0.977,0.07,0.0,0.032,0.0,2.027,2019-05-19
1,hru01,0.169,0.88,0.0,0.0,0.986,0.051,0.0,0.033,0.0,0.732,2019-05-20
2,hru02,0.17,0.88,0.0,0.0,0.441,0.07,0.0,0.0,0.0,42.289,2019-05-20
3,hru03,0.168,1.0,0.0,0.0,0.994,0.006,0.0,0.048,0.0,0.282,2019-05-20
4,hru04,0.169,1.0,0.0,0.0,0.989,0.006,0.0,0.037,0.0,0.499,2019-05-20
5,hru05,0.17,0.88,0.0,0.0,0.97,0.052,0.0,0.029,0.0,1.63,2019-05-20
6,hru06,0.17,0.88,0.0,0.0,0.97,0.052,0.0,0.029,0.0,1.629,2019-05-20
7,hru07,0.172,0.871,0.0,0.0,0.851,0.069,0.0,0.026,0.0,12.305,2019-05-20
8,hru08,0.168,0.889,0.0,0.0,0.981,0.054,0.0,0.03,0.0,1.043,2019-05-20
9,hru09,0.171,0.876,0.0,0.0,0.925,0.072,0.0,0.026,0.0,6.65,2019-05-20
10,hru10,0.171,0.876,0.0,0.0,0.926,0.072,0.0,0.026,0.0,6.642,2019-05-20
11,hru11,0.172,0.871,0.0,0.0,0.953,0.07,0.0,0.027,0.0,4.022,2019-05-20
12,hru12,0.172,0.876,0.0,0.0,0.852,0.072,0.0,0.026,0.0,13.315,2019-05-20
13,hru13,0.173,0.871,0.0,0.0,0.0,0.071,0.0,0.0,0.0,52.124,2019-05-20
14,hru14,0.172,0.876,0.0,0.0,0.852,0.072,0.0,0.026,0.0,13.318,2019-05-20
15,hru15,0.173,0.866,0.0,0.0,0.0,0.071,0.0,0.0,0.0,52.005,2019-05-20
16,hru16,0.172,0.88,0.0,0.0,0.617,0.073,0.0,0.0,0.0,33.947,2019-05-20
17,hru17,0.174,0.866,0.0,0.0,0.316,0.075,0.0,0.0,0.0,50.312,2019-05-20
18,hru18,0.173,0.871,0.0,0.0,0.68,0.072,0.0,0.0,0.0,28.884,2019-05-20
19,hru19,0.175,0.866,0.0,0.0,0.149,0.072,0.0,0.0,0.0,52.457,2019-05-20
20,hru20,0.173,0.862,0.0,0.0,0.0,0.073,0.0,0.0,0.0,52.063,2019-05-20
21,hru21,0.173,0.866,0.0,0.0,0.456,0.071,0.0,0.0,0.0,41.521,2019-05-20
22,hru22,0.173,0.871,0.0,0.0,0.679,0.072,0.0,0.0,0.0,28.931,2019-05-20
23,hru23,0.173,0.871,0.0,0.0,0.445,0.072,0.0,0.0,0.0,43.522,2019-05-20
24,hru24,0.173,0.862,0.0,0.0,0.0,0.071,0.0,0.0,0.0,52.162,2019-05-20
25,hru25,0.173,1.0,0.0,0.0,0.0,0.008,0.0,0.0,0.0,29.216,2019-05-20
26,hru26,0.172,0.857,0.0,0.0,0.0,0.072,0.0,0.0,0.0,51.778,2019-05-20
27,hru27,0.171,0.876,0.0,0.0,0.0,0.071,0.0,0.0,0.0,52.553,2019-05-20
28,hru28,0.172,0.0,0.0,0.0,0.0,0.0,0.0,0.0,0.0,0.0,2019-05-20
29,hru29,0.172,0.876,0.0,0.0,0.957,0.072,0.0,0.028,0.0,3.92,2019-05-20
30,hru30,0.171,0.885,0.0,0.0,0.963,0.069,0.0,0.027,0.0,3.071,2019-05-20
31,hru31,0.169,0.88,0.0,0.0,0.986,0.051,0.0,0.033,0.0,0.734,2019-05-20
32,hru32,0.173,0.871,0.0,0.0,0.878,0.071,0.0,0.026,0.0,10.295,2019-05-20
33,hru33,0.171,0.88,0.0,0.0,0.976,0.07,0.0,0.028,0.0,2.031,2019-05-20
34,hru34,0.171,0.88,0.0,0.0,0.976,0.07,0.0,0.028,0.0,2.043,2019-05-20
35,hru35,0.168,0.885,0.0,0.0,0.984,0.05,0.0,0.032,0.0,0.846,2019-05-20
36,hru36,0.171,0.88,0.0,0.0,0.976,0.07,0.0,0.028,0.0,2.027,2019-05-20
1,hru01,0.172,0.74,0.0,0.0,0.99,0.053,0.0,0.036,0.0,1.063,2019-05-21
2,hru02,0.173,0.731,0.0,0.0,0.593,0.072,0.0,0.026,0.0,45.74,2019-05-21
3,hru03,0.171,1.0,0.0,0.0,0.995,0.006,0.0,0.048,0.0,0.282,2019-05-21
4,hru04,0.172,1.0,0.0,0.0,0.991,0.006,0.0,0.036,0.0,0.499,2019-05-21
5,hru05,0.173,0.744,0.0,0.0,0.978,0.055,0.0,0.033,0.0,2.381,2019-05-21
6,hru06,0.173,0.744,0.0,0.0,0.978,0.055,0.0,0.033,0.0,2.379,2019-05-21
7,hru07,0.175,0.722,0.0,0.0,0.89,0.072,0.0,0.029,0.0,16.023,2019-05-21
8,hru08,0.171,0.744,0.0,0.0,0.985,0.057,0.0,0.035,0.0,1.531,2019-05-21
9,hru09,0.174,0.735,0.0,0.0,0.946,0.075,0.0,0.03,0.0,8.848,2019-05-21
10,hru10,0.174,0.735,0.0,0.0,0.946,0.075,0.0,0.03,0.0,8.837,2019-05-21
11,hru11,0.175,0.717,0.0,0.0,0.965,0.073,0.0,0.03,0.0,5.383,2019-05-21
12,hru12,0.175,0.735,0.0,0.0,0.895,0.075,0.0,0.029,0.0,17.016,2019-05-21
13,hru13,0.176,0.722,0.0,0.0,0.0,0.074,0.0,0.026,0.0,55.912,2019-05-21
14,hru14,0.175,0.735,0.0,0.0,0.895,0.075,0.0,0.029,0.0,17.019,2019-05-21
15,hru15,0.177,0.722,0.0,0.0,0.0,0.074,0.0,0.026,0.0,55.935,2019-05-21
16,hru16,0.176,0.744,0.0,0.0,0.721,0.076,0.0,0.027,0.0,37.543,2019-05-21
17,hru17,0.177,0.735,0.0,0.0,0.52,0.079,0.0,0.026,0.0,54.397,2019-05-21
18,hru18,0.177,0.735,0.0,0.0,0.785,0.075,0.0,0.027,0.0,32.743,2019-05-21
19,hru19,0.178,0.722,0.0,0.0,0.393,0.076,0.0,0.026,0.0,56.433,2019-05-21
20,hru20,0.176,0.744,0.0,0.0,0.0,0.076,0.0,0.026,0.0,56.116,2019-05-21
21,hru21,0.177,0.722,0.0,0.0,0.612,0.074,0.0,0.026,0.0,45.45,2019-05-21
22,hru22,0.177,0.735,0.0,0.0,0.785,0.075,0.0,0.027,0.0,32.79,2019-05-21
23,hru23,0.177,0.735,0.0,0.0,0.618,0.075,0.0,0.026,0.0,47.381,2019-05-21
24,hru24,0.177,0.722,0.0,0.0,0.0,0.075,0.0,0.026,0.0,56.215,2019-05-21
25,hru25,0.176,1.0,0.0,0.0,0.0,0.008,0.0,0.0,0.0,29.216,2019-05-21
26,hru26,0.175,0.731,0.0,0.0,0.0,0.075,0.0,0.026,0.0,55.933,2019-05-21
27,hru27,0.174,0.735,0.0,0.0,0.0,0.074,0.0,0.026,0.0,56.237,2019-05-21
28,hru28,0.175,0.0,0.0,0.0,0.0,0.0,0.0,0.0,0.0,0.0,2019-05-21
29,hru29,0.175,0.731,0.0,0.0,0.969,0.075,0.0,0.03,0.0,5.186,2019-05-21
30,hru30,0.174,0.74,0.0,0.0,0.973,0.072,0.0,0.031,0.0,4.136,2019-05-21
31,hru31,0.172,0.74,0.0,0.0,0.99,0.053,0.0,0.036,0.0,1.065,2019-05-21
32,hru32,0.176,0.722,0.0,0.0,0.911,0.074,0.0,0.03,0.0,13.884,2019-05-21
33,hru33,0.174,0.731,0.0,0.0,0.982,0.073,0.0,0.031,0.0,2.732,2019-05-21
34,hru34,0.174,0.731,0.0,0.0,0.982,0.073,0.0,0.031,0.0,2.748,2019-05-21
35,hru35,0.172,0.735,0.0,0.0,0.988,0.053,0.0,0.035,0.0,1.225,2019-05-21
36,hru36,0.174,0.731,0.0,0.0,0.982,0.073,0.0,0.031,0.0,2.727,2019-05-21
1,hru01,0.176,0.45,0.0,0.0,0.989,0.059,0.0,0.031,0.0,1.151,2019-05-22
2,hru02,0.178,0.424,0.0,0.0,0.555,0.079,0.0,0.026,0.0,48.532,2019-05-22
3,hru03,0.175,0.767,0.0,0.0,0.995,0.006,0.0,0.0,0.0,0.282,2019-05-22
4,hru04,0.176,0.751,0.0,0.0,0.991,0.006,0.0,0.0,0.0,0.499,2019-05-22
5,hru05,0.177,0.45,0.0,0.0,0.976,0.061,0.0,0.029,0.0,2.577,2019-05-22
6,hru06,0.177,0.45,0.0,0.0,0.976,0.061,0.0,0.029,0.0,2.575,2019-05-22
7,hru07,0.179,0.409,0.0,0.0,0.88,0.08,0.0,0.027,0.0,17.158,2019-05-22
8,hru08,0.175,0.485,0.0,0.0,0.984,0.063,0.0,0.03,0.0,1.662,2019-05-22
9,hru09,0.178,0.446,0.0,0.0,0.941,0.082,0.0,0.027,0.0,9.407,2019-05-22
10,hru10,0.178,0.446,0.0,0.0,0.941,0.082,0.0,0.027,0.0,9.395,2019-05-22
11,hru11,0.179,0.401,0.0,0.0,0.962,0.08,0.0,0.027,0.0,5.745,2019-05-22
12,hru12,0.179,0.435,0.0,0.0,0.885,0.082,0.0,0.026,0.0,18.1,2019-05-22
13,hru13,0.18,0.405,0.0,0.0,0.0,0.081,0.0,0.0,0.0,58.788,2019-05-22
14,hru14,0.179,0.435,0.0,0.0,0.885,0.082,0.0,0.026,0.0,18.104,2019-05-22
15,hru15,0.181,0.401,0.0,0.0,0.0,0.081,0.0,0.0,0.0,58.798,2019-05-22
16,hru16,0.18,0.462,0.0,0.0,0.692,0.083,0.0,0.026,0.0,40.166,2019-05-22
17,hru17,0.181,0.443,0.0,0.0,0.47,0.086,0.0,0.026,0.0,57.168,2019-05-22
18,hru18,0.181,0.416,0.0,0.0,0.762,0.082,0.0,0.026,0.0,34.987,2019-05-22
19,hru19,0.183,0.397,0.0,0.0,0.338,0.083,0.0,0.0,0.0,59.305,2019-05-22
20,hru20,0.18,0.383,0.0,0.0,0.0,0.083,0.0,0.0,0.0,58.707,2019-05-22
21,hru21,0.181,0.401,0.0,0.0,0.576,0.081,0.0,0.026,0.0,48.314,2019-05-22
22,hru22,0.181,0.416,0.0,0.0,0.762,0.082,0.0,0.026,0.0,35.037,2019-05-22
23,hru23,0.181,0.416,0.0,0.0,0.58,0.082,0.0,0.026,0.0,50.144,2019-05-22
24,hru24,0.181,0.397,0.0,0.0,0.0,0.082,0.0,0.0,0.0,59.081,2019-05-22
25,hru25,0.18,0.66,0.0,0.0,0.0,0.008,0.0,0.0,0.0,29.216,2019-05-22
26,hru26,0.179,0.383,0.0,0.0,0.0,0.082,0.0,0.0,0.0,58.666,2019-05-22
27,hru27,0.178,0.424,0.0,0.0,0.0,0.081,0.0,0.0,0.0,58.99,2019-05-22
28,hru28,0.179,0.0,0.0,0.0,0.0,0.0,0.0,0.0,0.0,0.0,2019-05-22
29,hru29,0.179,0.435,0.0,0.0,0.966,0.082,0.0,0.027,0.0,5.515,2019-05-22
30,hru30,0.178,0.427,0.0,0.0,0.971,0.079,0.0,0.027,0.0,4.412,2019-05-22
31,hru31,0.176,0.45,0.0,0.0,0.989,0.059,0.0,0.031,0.0,1.154,2019-05-22
32,hru32,0.18,0.405,0.0,0.0,0.903,0.081,0.0,0.027,0.0,14.81,2019-05-22
33,hru33,0.178,0.431,0.0,0.0,0.98,0.08,0.0,0.028,0.0,2.919,2019-05-22
34,hru34,0.178,0.431,0.0,0.0,0.98,0.08,0.0,0.028,0.0,2.936,2019-05-22
35,hru35,0.176,0.45,0.0,0.0,0.987,0.059,0.0,0.031,0.0,1.327,2019-05-22
36,hru36,0.178,0.431,0.0,0.0,0.98,0.08,0.0,0.028,0.0,2.913,2019-05-22
1,hru01,0.18,0.39,0.0,0.0,0.993,0.073,0.0,0.032,0.0,1.466,2019-05-23
2,hru02,0.182,0.361,0.0,0.0,0.725,0.096,0.0,0.029,0.0,63.514,2019-05-23
3,hru03,0.179,0.707,0.0,0.0,0.996,0.007,0.0,0.048,0.0,0.363,2019-05-23
4,hru04,0.18,0.679,0.0,0.0,0.994,0.007,0.0,0.038,0.0,0.646,2019-05-23
5,hru05,0.181,0.383,0.0,0.0,0.985,0.075,0.0,0.03,0.0,3.279,2019-05-23
6,hru06,0.181,0.383,0.0,0.0,0.985,0.075,0.0,0.03,0.0,3.277,2019-05-23
7,hru07,0.183,0.351,0.0,0.0,0.921,0.096,0.0,0.028,0.0,21.209,2019-05-23
8,hru08,0.179,0.427,0.0,0.0,0.99,0.076,0.0,0.031,0.0,2.135,2019-05-23
9,hru09,0.183,0.376,0.0,0.0,0.964,0.098,0.0,0.028,0.0,11.436,2019-05-23
10,hru10,0.183,0.376,0.0,0.0,0.964,0.098,0.0,0.028,0.0,11.422,2019-05-23
11,hru11,0.184,0.351,0.0,0.0,0.975,0.098,0.0,0.029,0.0,7.039,2019-05-23
12,hru12,0.183,0.372,0.0,0.0,0.932,0.098,0.0,0.028,0.0,22.079,2019-05-23
13,hru13,0.184,0.351,0.0,0.0,0.0,0.098,0.0,0.029,0.0,79.274,2019-05-23
14,hru14,0.183,0.372,0.0,0.0,0.932,0.098,0.0,0.028,0.0,22.083,2019-05-23
15,hru15,0.185,0.347,0.0,0.0,0.0,0.099,0.0,0.029,0.0,79.53,2019-05-23
16,hru16,0.184,0.383,0.0,0.0,0.822,0.099,0.0,0.028,0.0,50.903,2019-05-23
17,hru17,0.186,0.365,0.0,0.0,0.693,0.102,0.0,0.029,0.0,76.114,2019-05-23
18,hru18,0.185,0.365,0.0,0.0,0.862,0.099,0.0,0.028,0.0,43.295,2019-05-23
19,hru19,0.187,0.347,0.0,0.0,0.583,0.101,0.0,0.029,0.0,80.471,2019-05-23
20,hru20,0.184,0.347,0.0,0.0,0.0,0.101,0.0,0.029,0.0,80.337,2019-05-23
21,hru21,0.185,0.347,0.0,0.0,0.734,0.099,0.0,0.029,0.0,62.991,2019-05-23
22,hru22,0.185,0.365,0.0,0.0,0.862,0.099,0.0,0.028,0.0,43.359,2019-05-23
23,hru23,0.185,0.365,0.0,0.0,0.75,0.099,0.0,0.029,0.0,64.808,2019-05-23
24,hru24,0.185,0.347,0.0,0.0,0.0,0.1,0.0,0.029,0.0,80.001,2019-05-23
25,hru25,0.184,0.621,0.0,0.0,0.0,0.01,0.0,0.028,0.0,34.899,2019-05-23
26,hru26,0.184,0.347,0.0,0.0,0.0,0.101,0.0,0.029,0.0,80.179,2019-05-23
27,hru27,0.183,0.365,0.0,0.0,0.085,0.098,0.0,0.029,0.0,78.83,2019-05-23
28,hru28,0.184,0.0,0.0,0.0,0.0,0.0,0.0,0.0,0.0,0.0,2019-05-23
29,hru29,0.183,0.372,0.0,0.0,0.978,0.098,0.0,0.029,0.0,6.696,2019-05-23
30,hru30,0.183,0.361,0.0,0.0,0.981,0.095,0.0,0.029,0.0,5.399,2019-05-23
31,hru31,0.18,0.39,0.0,0.0,0.993,0.073,0.0,0.032,0.0,1.469,2019-05-23
32,hru32,0.184,0.351,0.0,0.0,0.937,0.098,0.0,0.028,0.0,18.164,2019-05-23
33,hru33,0.183,0.368,0.0,0.0,0.987,0.096,0.0,0.029,0.0,3.581,2019-05-23
34,hru34,0.183,0.368,0.0,0.0,0.987,0.096,0.0,0.029,0.0,3.602,2019-05-23
35,hru35,0.18,0.383,0.0,0.0,0.992,0.073,0.0,0.032,0.0,1.686,2019-05-23
36,hru36,0.183,0.368,0.0,0.0,0.987,0.096,0.0,0.029,0.0,3.574,2019-05-23
1,hru01,0.186,0.178,0.0,0.0,0.993,0.09,0.0,0.03,0.0,1.698,2019-05-24
2,hru02,0.187,0.162,0.0,0.0,0.744,0.116,0.0,0.027,0.0,73.92,2019-05-24
3,hru03,0.184,0.443,0.0,0.0,0.996,0.008,0.0,0.043,0.0,0.427,2019-05-24
4,hru04,0.185,0.432,0.0,0.0,0.994,0.008,0.0,0.035,0.0,0.745,2019-05-24
5,hru05,0.187,0.167,0.0,0.0,0.986,0.092,0.0,0.029,0.0,3.773,2019-05-24
6,hru06,0.187,0.167,0.0,0.0,0.986,0.092,0.0,0.029,0.0,3.77,2019-05-24
7,hru07,0.189,0.15,0.0,0.0,0.923,0.117,0.0,0.027,0.0,24.201,2019-05-24
8,hru08,0.184,0.194,0.0,0.0,0.99,0.092,0.0,0.029,0.0,2.463,2019-05-24
9,hru09,0.188,0.167,0.0,0.0,0.966,0.117,0.0,0.027,0.0,12.799,2019-05-24
10,hru10,0.188,0.167,0.0,0.0,0.966,0.117,0.0,0.027,0.0,12.783,2019-05-24
11,hru11,0.189,0.145,0.0,0.0,0.975,0.118,0.0,0.028,0.0,8.013,2019-05-24
12,hru12,0.189,0.16,0.0,0.0,0.935,0.118,0.0,0.027,0.0,24.666,2019-05-24
13,hru13,0.19,0.147,0.0,0.0,0.0,0.119,0.0,0.029,0.0,104.274,2019-05-24
14,hru14,0.189,0.16,0.0,0.0,0.935,0.118,0.0,0.027,0.0,24.671,2019-05-24
15,hru15,0.191,0.143,0.0,0.0,0.0,0.12,0.0,0.029,0.0,104.73,2019-05-24
16,hru16,0.189,0.17,0.0,0.0,0.828,0.118,0.0,0.027,0.0,57.645,2019-05-24
17,hru17,0.191,0.157,0.0,0.0,0.706,0.123,0.0,0.027,0.0,88.097,2019-05-24
18,hru18,0.19,0.152,0.0,0.0,0.869,0.12,0.0,0.027,0.0,48.643,2019-05-24
19,hru19,0.192,0.147,0.0,0.0,0.607,0.122,0.0,0.028,0.0,96.731,2019-05-24
20,hru20,0.19,0.14,0.0,0.0,0.0,0.122,0.0,0.029,0.0,105.843,2019-05-24
21,hru21,0.191,0.143,0.0,0.0,0.747,0.12,0.0,0.027,0.0,73.255,2019-05-24
22,hru22,0.19,0.152,0.0,0.0,0.869,0.12,0.0,0.027,0.0,48.716,2019-05-24
23,hru23,0.19,0.152,0.0,0.0,0.763,0.12,0.0,0.027,0.0,74.484,2019-05-24
24,hru24,0.191,0.143,0.0,0.0,0.0,0.121,0.0,0.029,0.0,105.319,2019-05-24
25,hru25,0.19,0.373,0.0,0.0,0.0,0.012,0.0,0.028,0.0,41.316,2019-05-24
26,hru26,0.189,0.136,0.0,0.0,0.0,0.122,0.0,0.029,0.0,105.638,2019-05-24
27,hru27,0.188,0.157,0.0,0.0,0.078,0.118,0.0,0.029,0.0,103.16,2019-05-24
28,hru28,0.189,0.0,0.0,0.0,0.0,0.0,0.0,0.0,0.0,0.0,2019-05-24
29,hru29,0.189,0.16,0.0,0.0,0.979,0.118,0.0,0.027,0.0,7.521,2019-05-24
30,hru30,0.188,0.16,0.0,0.0,0.982,0.115,0.0,0.028,0.0,6.097,2019-05-24
31,hru31,0.186,0.178,0.0,0.0,0.993,0.09,0.0,0.03,0.0,1.702,2019-05-24
32,hru32,0.19,0.147,0.0,0.0,0.938,0.119,0.0,0.027,0.0,20.605,2019-05-24
33,hru33,0.188,0.162,0.0,0.0,0.988,0.116,0.0,0.028,0.0,4.059,2019-05-24
34,hru34,0.188,0.162,0.0,0.0,0.988,0.116,0.0,0.028,0.0,4.083,2019-05-24
35,hru35,0.185,0.175,0.0,0.0,0.993,0.09,0.0,0.03,0.0,1.95,2019-05-24
36,hru36,0.188,0.162,0.0,0.0,0.988,0.116,0.0,0.028,0.0,4.052,2019-05-24
1,hru01,0.191,0.208,0.0,0.0,0.993,0.118,0.0,0.029,0.0,1.909,2019-05-25
2,hru02,0.193,0.18,0.0,0.0,0.718,0.148,0.0,0.027,0.0,83.634,2019-05-25
3,hru03,0.189,0.436,0.0,0.0,0.995,0.011,0.0,0.04,0.0,0.485,2019-05-25
4,hru04,0.19,0.439,0.0,0.0,0.994,0.011,0.0,0.034,0.0,0.828,2019-05-25
5,hru05,0.192,0.183,0.0,0.0,0.985,0.121,0.0,0.028,0.0,4.217,2019-05-25
6,hru06,0.192,0.183,0.0,0.0,0.985,0.121,0.0,0.028,0.0,4.214,2019-05-25
7,hru07,0.194,0.172,0.0,0.0,0.916,0.15,0.0,0.027,0.0,27.136,2019-05-25
8,hru08,0.189,0.188,0.0,0.0,0.989,0.119,0.0,0.029,0.0,2.771,2019-05-25
9,hru09,0.193,0.18,0.0,0.0,0.962,0.149,0.0,0.027,0.0,14.089,2019-05-25
10,hru10,0.193,0.18,0.0,0.0,0.962,0.149,0.0,0.027,0.0,14.072,2019-05-25
11,hru11,0.194,0.167,0.0,0.0,0.973,0.152,0.0,0.027,0.0,8.966,2019-05-25
12,hru12,0.194,0.17,0.0,0.0,0.928,0.151,0.0,0.026,0.0,27.145,2019-05-25
13,hru13,0.195,0.17,0.0,0.0,0.0,0.153,0.0,0.029,0.0,137.013,2019-05-25
14,hru14,0.194,0.17,0.0,0.0,0.928,0.151,0.0,0.026,0.0,27.151,2019-05-25
15,hru15,0.196,0.165,0.0,0.0,0.0,0.154,0.0,0.029,0.0,137.669,2019-05-25
16,hru16,0.194,0.172,0.0,0.0,0.809,0.15,0.0,0.027,0.0,64.103,2019-05-25
17,hru17,0.196,0.162,0.0,0.0,0.673,0.156,0.0,0.027,0.0,99.451,2019-05-25
18,hru18,0.196,0.165,0.0,0.0,0.854,0.153,0.0,0.026,0.0,53.695,2019-05-25
19,hru19,0.198,0.157,0.0,0.0,0.569,0.156,0.0,0.027,0.0,111.937,2019-05-25
20,hru20,0.195,0.147,0.0,0.0,0.0,0.157,0.0,0.029,0.0,138.395,2019-05-25
21,hru21,0.196,0.165,0.0,0.0,0.722,0.154,0.0,0.027,0.0,82.982,2019-05-25
22,hru22,0.196,0.165,0.0,0.0,0.854,0.153,0.0,0.026,0.0,53.776,2019-05-25
23,hru23,0.196,0.165,0.0,0.0,0.737,0.153,0.0,0.027,0.0,83.639,2019-05-25
24,hru24,0.196,0.162,0.0,0.0,0.0,0.155,0.0,0.029,0.0,138.239,2019-05-25
25,hru25,0.195,0.383,0.0,0.0,0.0,0.016,0.0,0.028,0.0,50.723,2019-05-25
26,hru26,0.195,0.155,0.0,0.0,0.0,0.157,0.0,0.029,0.0,138.428,2019-05-25
27,hru27,0.193,0.17,0.0,0.0,0.0,0.15,0.0,0.029,0.0,135.406,2019-05-25
28,hru28,0.194,0.0,0.0,0.0,0.0,0.0,0.0,0.0,0.0,0.0,2019-05-25
29,hru29,0.194,0.175,0.0,0.0,0.977,0.151,0.0,0.027,0.0,8.321,2019-05-25
30,hru30,0.193,0.178,0.0,0.0,0.98,0.147,0.0,0.027,0.0,6.782,2019-05-25
31,hru31,0.191,0.208,0.0,0.0,0.993,0.118,0.0,0.029,0.0,1.914,2019-05-25
32,hru32,0.195,0.17,0.0,0.0,0.933,0.153,0.0,0.027,0.0,22.981,2019-05-25
33,hru33,0.193,0.18,0.0,0.0,0.987,0.148,0.0,0.028,0.0,4.498,2019-05-25
34,hru34,0.193,0.18,0.0,0.0,0.987,0.148,0.0,0.028,0.0,4.525,2019-05-25
35,hru35,0.19,0.202,0.0,0.0,0.992,0.118,0.0,0.029,0.0,2.182,2019-05-25
36,hru36,0.193,0.18,0.0,0.0,0.987,0.148,0.0,0.028,0.0,4.49,2019-05-25
1,hru01,0.196,0.147,0.0,0.0,0.993,0.148,0.0,0.03,0.0,2.231,2019-05-26
2,hru02,0.198,0.138,0.0,0.0,0.712,0.183,0.0,0.027,0.0,98.349,2019-05-26
3,hru03,0.194,0.383,0.0,0.0,0.995,0.015,0.0,0.038,0.0,0.567,2019-05-26
4,hru04,0.196,0.383,0.0,0.0,0.993,0.015,0.0,0.033,0.0,0.941,2019-05-26
5,hru05,0.197,0.14,0.0,0.0,0.984,0.152,0.0,0.028,0.0,4.896,2019-05-26
6,hru06,0.197,0.14,0.0,0.0,0.984,0.152,0.0,0.028,0.0,4.893,2019-05-26
7,hru07,0.199,0.131,0.0,0.0,0.915,0.186,0.0,0.027,0.0,31.56,2019-05-26
8,hru08,0.194,0.147,0.0,0.0,0.989,0.15,0.0,0.029,0.0,3.24,2019-05-26
9,hru09,0.199,0.136,0.0,0.0,0.961,0.185,0.0,0.027,0.0,16.057,2019-05-26
10,hru10,0.199,0.136,0.0,0.0,0.961,0.185,0.0,0.027,0.0,16.038,2019-05-26
11,hru11,0.2,0.126,0.0,0.0,0.973,0.188,0.0,0.027,0.0,10.407,2019-05-26
12,hru12,0.199,0.133,0.0,0.0,0.926,0.187,0.0,0.027,0.0,30.944,2019-05-26
13,hru13,0.2,0.133,0.0,0.0,0.0,0.189,0.0,0.029,0.0,181.305,2019-05-26
14,hru14,0.199,0.133,0.0,0.0,0.926,0.187,0.0,0.027,0.0,30.95,2019-05-26
15,hru15,0.201,0.131,0.0,0.0,0.0,0.191,0.0,0.029,0.0,182.47,2019-05-26
16,hru16,0.2,0.136,0.0,0.0,0.8,0.186,0.0,0.027,0.0,74.127,2019-05-26
17,hru17,0.202,0.129,0.0,0.0,0.66,0.193,0.0,0.027,0.0,117.154,2019-05-26
18,hru18,0.201,0.131,0.0,0.0,0.85,0.19,0.0,0.027,0.0,61.481,2019-05-26
19,hru19,0.203,0.126,0.0,0.0,0.553,0.193,0.0,0.027,0.0,135.279,2019-05-26
20,hru20,0.201,0.124,0.0,0.0,0.0,0.195,0.0,0.029,0.0,184.502,2019-05-26
21,hru21,0.201,0.131,0.0,0.0,0.714,0.191,0.0,0.027,0.0,97.886,2019-05-26
22,hru22,0.201,0.131,0.0,0.0,0.849,0.19,0.0,0.027,0.0,61.575,2019-05-26
23,hru23,0.201,0.131,0.0,0.0,0.729,0.19,0.0,0.027,0.0,97.685,2019-05-26
24,hru24,0.201,0.129,0.0,0.0,0.0,0.192,0.0,0.029,0.0,183.294,2019-05-26
25,hru25,0.201,0.351,0.0,0.0,0.0,0.022,0.0,0.028,0.0,62.646,2019-05-26
26,hru26,0.2,0.129,0.0,0.0,0.0,0.194,0.0,0.029,0.0,184.123,2019-05-26
27,hru27,0.199,0.133,0.0,0.027,0.0,0.186,0.0,0.029,0.0,179.263,2019-05-26
28,hru28,0.2,0.0,0.0,0.0,0.0,0.0,0.0,0.0,0.0,0.0,2019-05-26
29,hru29,0.199,0.133,0.0,0.0,0.976,0.187,0.0,0.027,0.0,9.533,2019-05-26
30,hru30,0.199,0.138,0.0,0.0,0.98,0.182,0.0,0.027,0.0,7.817,2019-05-26
31,hru31,0.196,0.147,0.0,0.0,0.993,0.148,0.0,0.03,0.0,2.236,2019-05-26
32,hru32,0.2,0.133,0.0,0.0,0.931,0.189,0.0,0.027,0.0,26.581,2019-05-26
33,hru33,0.199,0.136,0.0,0.0,0.987,0.183,0.0,0.028,0.0,5.16,2019-05-26
34,hru34,0.199,0.136,0.0,0.0,0.987,0.183,0.0,0.028,0.0,5.191,2019-05-26
35,hru35,0.196,0.145,0.0,0.0,0.992,0.148,0.0,0.029,0.0,2.535,2019-05-26
36,hru36,0.199,0.136,0.0,0.0,0.987,0.183,0.0,0.028,0.0,5.151,2019-05-26
1,hru01,0.201,0.246,0.0,0.0,0.993,0.185,0.0,0.029,0.0,2.623,2019-05-27
2,hru02,0.203,0.216,0.0,0.0,0.729,0.226,0.0,0.027,0.0,116.074,2019-05-27
3,hru03,0.199,0.502,0.0,0.0,0.995,0.021,0.0,0.036,0.0,0.66,2019-05-27
4,hru04,0.201,0.492,0.0,0.0,0.994,0.021,0.0,0.032,0.0,1.069,2019-05-27
5,hru05,0.202,0.219,0.0,0.0,0.985,0.191,0.0,0.028,0.0,5.731,2019-05-27
6,hru06,0.202,0.219,0.0,0.0,0.985,0.191,0.0,0.028,0.0,5.726,2019-05-27
7,hru07,0.205,0.202,0.0,0.0,0.918,0.23,0.0,0.027,0.0,36.846,2019-05-27
8,hru08,0.199,0.243,0.0,0.0,0.99,0.188,0.0,0.029,0.0,3.82,2019-05-27
9,hru09,0.204,0.219,0.0,0.0,0.963,0.228,0.0,0.027,0.0,18.471,2019-05-27
10,hru10,0.204,0.219,0.0,0.0,0.963,0.228,0.0,0.027,0.0,18.449,2019-05-27
11,hru11,0.205,0.202,0.0,0.0,0.974,0.232,0.0,0.027,0.0,12.125,2019-05-27
12,hru12,0.204,0.21,0.0,0.0,0.93,0.23,0.0,0.027,0.0,35.562,2019-05-27
13,hru13,0.206,0.199,0.0,0.0,0.0,0.233,0.0,0.028,0.0,236.062,2019-05-27
14,hru14,0.204,0.21,0.0,0.0,0.93,0.23,0.0,0.027,0.0,35.569,2019-05-27
15,hru15,0.207,0.196,0.0,0.0,0.0,0.235,0.0,0.028,0.0,237.642,2019-05-27
16,hru16,0.205,0.219,0.0,0.0,0.816,0.229,0.0,0.027,0.0,86.505,2019-05-27
17,hru17,0.207,0.205,0.0,0.0,0.681,0.238,0.0,0.027,0.0,138.873,2019-05-27
18,hru18,0.206,0.202,0.0,0.0,0.856,0.234,0.0,0.027,0.0,70.997,2019-05-27
19,hru19,0.208,0.196,0.0,0.0,0.564,0.238,0.0,0.027,0.0,163.929,2019-05-27
20,hru20,0.206,0.188,0.0,0.0,0.0,0.241,0.0,0.028,0.0,240.904,2019-05-27
21,hru21,0.207,0.196,0.0,0.0,0.723,0.235,0.0,0.027,0.0,116.033,2019-05-27
22,hru22,0.206,0.202,0.0,0.0,0.856,0.234,0.0,0.027,0.0,71.108,2019-05-27
23,hru23,0.206,0.202,0.0,0.0,0.74,0.234,0.0,0.027,0.0,114.825,2019-05-27
24,hru24,0.207,0.196,0.0,0.0,0.0,0.236,0.0,0.028,0.0,238.824,2019-05-27
25,hru25,0.206,0.436,0.0,0.0,0.0,0.029,0.0,0.028,0.0,76.39,2019-05-27
26,hru26,0.205,0.191,0.0,0.0,0.0,0.239,0.0,0.028,0.0,240.08,2019-05-27
27,hru27,0.204,0.205,0.0,0.0,0.0,0.23,0.0,0.028,0.0,233.516,2019-05-27
28,hru28,0.205,0.0,0.0,0.0,0.0,0.0,0.0,0.0,0.0,0.0,2019-05-27
29,hru29,0.204,0.213,0.0,0.0,0.978,0.23,0.0,0.027,0.0,11.003,2019-05-27
30,hru30,0.204,0.213,0.0,0.0,0.981,0.225,0.0,0.027,0.0,9.064,2019-05-27
31,hru31,0.201,0.246,0.0,0.0,0.993,0.185,0.0,0.029,0.0,2.629,2019-05-27
32,hru32,0.206,0.199,0.0,0.0,0.933,0.233,0.0,0.027,0.0,30.922,2019-05-27
33,hru33,0.204,0.213,0.0,0.0,0.988,0.226,0.0,0.028,0.0,5.963,2019-05-27
34,hru34,0.204,0.213,0.0,0.0,0.988,0.226,0.0,0.028,0.0,5.998,2019-05-27
35,hru35,0.201,0.237,0.0,0.0,0.992,0.186,0.0,0.029,0.0,2.965,2019-05-27
36,hru36,0.204,0.213,0.0,0.0,0.988,0.226,0.0,0.028,0.0,5.952,2019-05-27
1,hru01,0.205,0.563,0.0,0.0,0.994,0.22,0.0,0.028,0.0,2.905,2019-05-28
2,hru02,0.207,0.538,0.0,0.0,0.758,0.267,0.0,0.026,0.0,128.795,2019-05-28
3,hru03,0.203,0.852,0.0,0.0,0.996,0.025,0.0,0.034,0.0,0.723,2019-05-28
4,hru04,0.204,0.839,0.0,0.0,0.994,0.026,0.0,0.031,0.0,1.155,2019-05-28
5,hru05,0.206,0.546,0.0,0.0,0.987,0.228,0.0,0.027,0.0,6.338,2019-05-28
6,hru06,0.206,0.546,0.0,0.0,0.987,0.228,0.0,0.027,0.0,6.333,2019-05-28
7,hru07,0.208,0.534,0.0,0.0,0.927,0.272,0.0,0.026,0.0,40.793,2019-05-28
8,hru08,0.203,0.571,0.0,0.0,0.991,0.223,0.0,0.028,0.0,4.25,2019-05-28
9,hru09,0.207,0.542,0.0,0.0,0.967,0.269,0.0,0.026,0.0,20.243,2019-05-28
10,hru10,0.207,0.542,0.0,0.0,0.968,0.269,0.0,0.026,0.0,20.218,2019-05-28
11,hru11,0.209,0.53,0.0,0.0,0.976,0.275,0.0,0.027,0.0,13.412,2019-05-28
12,hru12,0.208,0.538,0.0,0.0,0.939,0.272,0.0,0.026,0.0,39.035,2019-05-28
13,hru13,0.209,0.53,0.0,0.0,0.0,0.276,0.0,0.027,0.0,275.769,2019-05-28
14,hru14,0.208,0.538,0.0,0.0,0.939,0.272,0.0,0.026,0.0,39.043,2019-05-28
15,hru15,0.21,0.526,0.0,0.0,0.0,0.278,0.0,0.027,0.0,278.113,2019-05-28
16,hru16,0.209,0.55,0.0,0.0,0.846,0.27,0.0,0.026,0.0,95.738,2019-05-28
17,hru17,0.21,0.534,0.0,0.0,0.747,0.281,0.0,0.026,0.0,155.429,2019-05-28
18,hru18,0.21,0.53,0.0,0.0,0.881,0.277,0.0,0.026,0.0,78.252,2019-05-28
19,hru19,0.212,0.517,0.0,0.0,0.645,0.282,0.0,0.027,0.0,186.349,2019-05-28
20,hru20,0.21,0.517,0.0,0.0,0.0,0.285,0.0,0.027,0.0,282.794,2019-05-28
21,hru21,0.21,0.526,0.0,0.0,0.765,0.278,0.0,0.026,0.0,130.001,2019-05-28
22,hru22,0.21,0.53,0.0,0.0,0.881,0.277,0.0,0.026,0.0,78.375,2019-05-28
23,hru23,0.21,0.53,0.0,0.0,0.784,0.277,0.0,0.026,0.0,127.908,2019-05-28
24,hru24,0.21,0.526,0.0,0.0,0.0,0.28,0.0,0.027,0.0,279.354,2019-05-28
25,hru25,0.21,0.799,0.0,0.0,0.0,0.036,0.0,0.027,0.0,85.348,2019-05-28
26,hru26,0.209,0.522,0.0,0.0,0.0,0.284,0.0,0.027,0.0,281.361,2019-05-28
27,hru27,0.208,0.538,0.0,0.026,0.0,0.272,0.0,0.027,0.0,272.73,2019-05-28
28,hru28,0.209,0.0,0.0,0.0,0.0,0.0,0.0,0.0,0.0,0.0,2019-05-28
29,hru29,0.208,0.538,0.0,0.0,0.98,0.272,0.0,0.027,0.0,12.095,2019-05-28
30,hru30,0.208,0.538,0.0,0.0,0.983,0.266,0.0,0.027,0.0,9.989,2019-05-28
31,hru31,0.205,0.563,0.0,0.0,0.994,0.22,0.0,0.028,0.0,2.911,2019-05-28
32,hru32,0.209,0.53,0.0,0.0,0.941,0.276,0.0,0.026,0.0,34.224,2019-05-28
33,hru33,0.207,0.538,0.0,0.0,0.989,0.267,0.0,0.027,0.0,6.546,2019-05-28
34,hru34,0.207,0.538,0.0,0.0,0.989,0.267,0.0,0.027,0.0,6.585,2019-05-28
35,hru35,0.204,0.558,0.0,0.0,0.993,0.221,0.0,0.028,0.0,3.272,2019-05-28
36,hru36,0.207,0.538,0.0,0.0,0.989,0.267,0.0,0.027,0.0,6.534,2019-05-28
1,hru01,0.209,0.286,0.0,0.0,0.993,0.24,0.0,0.028,0.0,3.151,2019-05-29
2,hru02,0.211,0.277,0.0,0.0,0.743,0.29,0.0,0.026,0.0,139.527,2019-05-29
3,hru03,0.208,0.553,0.0,0.0,0.996,0.027,0.0,0.033,0.0,0.775,2019-05-29
4,hru04,0.209,0.55,0.0,0.0,0.994,0.027,0.0,0.03,0.0,1.223,2019-05-29
5,hru05,0.211,0.274,0.0,0.0,0.986,0.249,0.0,0.027,0.0,6.857,2019-05-29
6,hru06,0.211,0.274,0.0,0.0,0.986,0.249,0.0,0.027,0.0,6.851,2019-05-29
7,hru07,0.213,0.277,0.0,0.0,0.924,0.296,0.0,0.026,0.0,44.044,2019-05-29
8,hru08,0.208,0.286,0.0,0.0,0.99,0.243,0.0,0.027,0.0,4.611,2019-05-29
9,hru09,0.212,0.274,0.0,0.0,0.966,0.292,0.0,0.026,0.0,21.675,2019-05-29
10,hru10,0.212,0.274,0.0,0.0,0.966,0.292,0.0,0.026,0.0,21.648,2019-05-29
11,hru11,0.213,0.274,0.0,0.0,0.976,0.3,0.0,0.026,0.0,14.472,2019-05-29
12,hru12,0.213,0.267,0.0,0.0,0.935,0.296,0.0,0.026,0.0,41.71,2019-05-29
13,hru13,0.214,0.27,0.0,0.0,0.0,0.3,0.0,0.026,0.0,296.662,2019-05-29
14,hru14,0.213,0.267,0.0,0.0,0.935,0.296,0.0,0.026,0.0,41.718,2019-05-29
15,hru15,0.215,0.267,0.0,0.0,0.0,0.303,0.0,0.026,0.0,299.078,2019-05-29
16,hru16,0.213,0.267,0.0,0.0,0.841,0.293,0.0,0.0,0.0,102.412,2019-05-29
17,hru17,0.215,0.261,0.0,0.0,0.733,0.305,0.0,0.0,0.0,166.67,2019-05-29
18,hru18,0.215,0.264,0.0,0.0,0.875,0.301,0.0,0.0,0.0,83.521,2019-05-29
19,hru19,0.217,0.264,0.0,0.0,0.632,0.308,0.0,0.026,0.0,202.002,2019-05-29
20,hru20,0.215,0.27,0.0,0.0,0.0,0.311,0.0,0.026,0.0,303.439,2019-05-29
21,hru21,0.215,0.267,0.0,0.0,0.758,0.303,0.0,0.026,0.0,140.375,2019-05-29
22,hru22,0.215,0.264,0.0,0.0,0.874,0.301,0.0,0.0,0.0,83.652,2019-05-29
23,hru23,0.215,0.264,0.0,0.0,0.773,0.301,0.0,0.026,0.0,137.471,2019-05-29
24,hru24,0.215,0.264,0.0,0.0,0.0,0.305,0.0,0.026,0.0,300.274,2019-05-29
25,hru25,0.215,0.535,0.0,0.0,0.0,0.039,0.0,0.0,0.0,87.875,2019-05-29
26,hru26,0.214,0.277,0.0,0.027,0.0,0.309,0.0,0.026,0.0,302.038,2019-05-29
27,hru27,0.212,0.27,0.0,0.032,0.0,0.296,0.0,0.026,0.0,293.168,2019-05-29
28,hru28,0.213,0.0,0.0,0.0,0.0,0.0,0.0,0.0,0.0,0.0,2019-05-29
29,hru29,0.213,0.267,0.0,0.0,0.979,0.295,0.0,0.026,0.0,12.988,2019-05-29
30,hru30,0.212,0.283,0.0,0.0,0.982,0.289,0.0,0.026,0.0,10.747,2019-05-29
31,hru31,0.209,0.286,0.0,0.0,0.993,0.24,0.0,0.028,0.0,3.158,2019-05-29
32,hru32,0.214,0.27,0.0,0.0,0.939,0.3,0.0,0.026,0.0,36.83,2019-05-29
33,hru33,0.212,0.274,0.0,0.0,0.988,0.291,0.0,0.027,0.0,7.044,2019-05-29
34,hru34,0.212,0.274,0.0,0.0,0.988,0.291,0.0,0.027,0.0,7.086,2019-05-29
35,hru35,0.209,0.286,0.0,0.0,0.993,0.241,0.0,0.027,0.0,3.543,2019-05-29
36,hru36,0.212,0.274,0.0,0.0,0.988,0.291,0.0,0.027,0.0,7.031,2019-05-29
1,hru01,0.214,0.186,0.0,0.0,0.993,0.277,0.0,0.028,0.0,3.564,2019-05-30
2,hru02,0.217,0.186,0.0,0.0,0.721,0.333,0.0,0.026,0.0,158.024,2019-05-30
3,hru03,0.212,0.499,0.0,0.0,0.995,0.032,0.0,0.033,0.0,0.857,2019-05-30
4,hru04,0.214,0.467,0.0,0.0,0.993,0.033,0.0,0.03,0.0,1.335,2019-05-30
5,hru05,0.216,0.196,0.0,0.0,0.985,0.288,0.0,0.027,0.0,7.742,2019-05-30
6,hru06,0.216,0.196,0.0,0.0,0.985,0.288,0.0,0.027,0.0,7.736,2019-05-30
7,hru07,0.218,0.18,0.0,0.0,0.92,0.339,0.0,0.026,0.0,49.667,2019-05-30
8,hru08,0.212,0.24,0.0,0.0,0.989,0.28,0.0,0.027,0.0,5.213,2019-05-30
9,hru09,0.217,0.199,0.0,0.0,0.963,0.335,0.0,0.026,0.0,24.143,2019-05-30
10,hru10,0.217,0.199,0.0,0.0,0.963,0.335,0.0,0.026,0.0,24.114,2019-05-30
11,hru11,0.219,0.18,0.0,0.0,0.974,0.343,0.0,0.027,0.0,16.279,2019-05-30
12,hru12,0.218,0.194,0.0,0.0,0.93,0.34,0.0,0.026,0.0,46.495,2019-05-30
13,hru13,0.219,0.18,0.0,0.06,0.0,0.344,0.0,0.027,0.0,351.836,2019-05-30
14,hru14,0.218,0.194,0.0,0.0,0.93,0.34,0.0,0.026,0.0,46.504,2019-05-30
15,hru15,0.22,0.178,0.0,0.055,0.0,0.347,0.0,0.027,0.0,355.054,2019-05-30
16,hru16,0.218,0.208,0.0,0.0,0.826,0.337,0.0,0.026,0.0,113.971,2019-05-30
17,hru17,0.22,0.194,0.0,0.0,0.711,0.351,0.0,0.026,0.0,186.98,2019-05-30
18,hru18,0.22,0.188,0.0,0.0,0.869,0.346,0.0,0.026,0.0,93.043,2019-05-30
19,hru19,0.222,0.175,0.0,0.0,0.606,0.353,0.0,0.026,0.0,230.501,2019-05-30
20,hru20,0.22,0.178,0.0,0.045,0.0,0.356,0.0,0.027,0.0,360.454,2019-05-30
21,hru21,0.22,0.178,0.0,0.0,0.749,0.347,0.0,0.026,0.0,158.901,2019-05-30
22,hru22,0.22,0.188,0.0,0.0,0.869,0.346,0.0,0.026,0.0,93.19,2019-05-30
23,hru23,0.22,0.188,0.0,0.0,0.764,0.346,0.0,0.026,0.0,154.719,2019-05-30
24,hru24,0.22,0.175,0.0,0.058,0.0,0.35,0.0,0.027,0.0,356.742,2019-05-30
25,hru25,0.22,0.422,0.0,0.0,0.0,0.046,0.0,0.026,0.0,98.158,2019-05-30
26,hru26,0.219,0.178,0.0,0.065,0.0,0.353,0.0,0.027,0.0,358.221,2019-05-30
27,hru27,0.217,0.188,0.0,0.073,0.0,0.339,0.0,0.027,0.0,347.679,2019-05-30
28,hru28,0.219,0.0,0.0,0.0,0.0,0.0,0.0,0.0,0.0,0.0,2019-05-30
29,hru29,0.218,0.194,0.0,0.0,0.977,0.339,0.0,0.027,0.0,14.555,2019-05-30
30,hru30,0.217,0.191,0.0,0.0,0.98,0.331,0.0,0.027,0.0,12.078,2019-05-30
31,hru31,0.214,0.186,0.0,0.0,0.993,0.277,0.0,0.028,0.0,3.572,2019-05-30
32,hru32,0.219,0.18,0.0,0.0,0.938,0.344,0.0,0.026,0.0,41.408,2019-05-30
33,hru33,0.217,0.188,0.0,0.0,0.987,0.334,0.0,0.027,0.0,7.897,2019-05-30
34,hru34,0.217,0.188,0.0,0.0,0.987,0.334,0.0,0.027,0.0,7.944,2019-05-30
35,hru35,0.214,0.188,0.0,0.0,0.992,0.279,0.0,0.028,0.0,3.997,2019-05-30
36,hru36,0.217,0.188,0.0,0.0,0.987,0.334,0.0,0.027,0.0,7.883,2019-05-30
1,hru01,0.221,0.021,0.0,0.0,0.992,0.326,0.0,0.028,0.0,4.102,2019-05-31
2,hru02,0.223,0.019,0.0,0.0,0.685,0.387,0.0,0.026,0.0,181.871,2019-05-31
3,hru03,0.219,0.229,0.0,0.0,0.994,0.039,0.0,0.032,0.0,0.96,2019-05-31
4,hru04,0.22,0.201,0.0,0.0,0.993,0.04,0.0,0.03,0.0,1.472,2019-05-31
5,hru05,0.222,0.024,0.0,0.0,0.983,0.337,0.0,0.027,0.0,8.885,2019-05-31
6,hru06,0.222,0.024,0.0,0.0,0.983,0.337,0.0,0.027,0.0,8.879,2019-05-31
7,hru07,0.225,0.015,0.0,0.0,0.911,0.395,0.0,0.026,0.0,56.589,2019-05-31
8,hru08,0.219,0.048,0.0,0.0,0.988,0.325,0.0,0.027,0.0,5.985,2019-05-31
9,hru09,0.224,0.024,0.0,0.0,0.958,0.388,0.0,0.026,0.0,27.285,2019-05-31
10,hru10,0.224,0.024,0.0,0.0,0.958,0.388,0.0,0.026,0.0,27.252,2019-05-31
11,hru11,0.225,0.016,0.0,0.0,0.972,0.4,0.0,0.027,0.0,18.517,2019-05-31
12,hru12,0.224,0.022,0.0,0.0,0.921,0.394,0.0,0.026,0.0,52.486,2019-05-31
13,hru13,0.226,0.016,0.0,0.146,0.0,0.4,0.0,0.027,0.0,423.383,2019-05-31
14,hru14,0.224,0.022,0.0,0.0,0.921,0.394,0.0,0.026,0.0,52.496,2019-05-31
15,hru15,0.227,0.015,0.0,0.135,0.0,0.404,0.0,0.027,0.0,427.198,2019-05-31
16,hru16,0.225,0.029,0.0,0.0,0.801,0.389,0.0,0.026,0.0,128.55,2019-05-31
17,hru17,0.227,0.028,0.0,0.0,0.669,0.406,0.0,0.026,0.0,212.087,2019-05-31
18,hru18,0.227,0.019,0.0,0.0,0.85,0.401,0.0,0.026,0.0,104.463,2019-05-31
19,hru19,0.229,0.016,0.0,0.0,0.555,0.41,0.0,0.026,0.0,265.396,2019-05-31
20,hru20,0.226,0.018,0.0,0.113,0.0,0.414,0.0,0.027,0.0,433.661,2019-05-31
21,hru21,0.227,0.015,0.0,0.0,0.716,0.404,0.0,0.026,0.0,180.956,2019-05-31
22,hru22,0.227,0.019,0.0,0.0,0.85,0.401,0.0,0.026,0.0,104.629,2019-05-31
23,hru23,0.227,0.019,0.0,0.0,0.731,0.401,0.0,0.026,0.0,175.364,2019-05-31
24,hru24,0.227,0.015,0.0,0.143,0.0,0.407,0.0,0.027,0.0,429.438,2019-05-31
25,hru25,0.226,0.165,0.0,0.0,0.0,0.057,0.0,0.026,0.0,112.277,2019-05-31
26,hru26,0.226,0.015,0.0,0.158,0.0,0.411,0.0,0.027,0.0,431.053,2019-05-31
27,hru27,0.224,0.02,0.0,0.17,0.0,0.394,0.0,0.027,0.0,417.803,2019-05-31
28,hru28,0.225,0.0,0.0,0.0,0.0,0.0,0.0,0.0,0.0,0.0,2019-05-31
29,hru29,0.224,0.021,0.0,0.0,0.974,0.394,0.0,0.027,0.0,16.544,2019-05-31
30,hru30,0.224,0.019,0.0,0.0,0.978,0.385,0.0,0.027,0.0,13.755,2019-05-31
31,hru31,0.221,0.021,0.0,0.0,0.992,0.326,0.0,0.028,0.0,4.112,2019-05-31
32,hru32,0.226,0.016,0.0,0.0,0.93,0.4,0.0,0.026,0.0,46.838,2019-05-31
33,hru33,0.224,0.02,0.0,0.0,0.986,0.388,0.0,0.027,0.0,8.991,2019-05-31
34,hru34,0.224,0.02,0.0,0.0,0.986,0.388,0.0,0.027,0.0,9.045,2019-05-31
35,hru35,0.221,0.021,0.0,0.0,0.991,0.328,0.0,0.028,0.0,4.589,2019-05-31
36,hru36,0.224,0.02,0.0,0.0,0.986,0.388,0.0,0.027,0.0,8.975,2019-05-31
1,hru01,0.226,0.277,0.0,0.0,0.991,0.405,0.0,0.028,0.0,4.849,2019-06-01
2,hru02,0.228,0.243,0.0,0.0,0.653,0.476,0.0,0.027,0.0,214.629,2019-06-01
3,hru03,0.223,0.565,0.0,0.0,0.994,0.053,0.0,0.032,0.0,1.105,2019-06-01
4,hru04,0.225,0.539,0.0,0.0,0.992,0.055,0.0,0.03,0.0,1.658,2019-06-01
5,hru05,0.227,0.255,0.0,0.0,0.981,0.417,0.0,0.027,0.0,10.477,2019-06-01
6,hru06,0.227,0.255,0.0,0.0,0.981,0.417,0.0,0.027,0.0,10.469,2019-06-01
7,hru07,0.23,0.231,0.0,0.0,0.903,0.486,0.0,0.027,0.0,65.929,2019-06-01
8,hru08,0.223,0.296,0.0,0.0,0.987,0.397,0.0,0.028,0.0,7.073,2019-06-01
9,hru09,0.228,0.258,0.0,0.0,0.954,0.475,0.0,0.027,0.0,31.666,2019-06-01
10,hru10,0.228,0.258,0.0,0.0,0.954,0.475,0.0,0.027,0.0,31.627,2019-06-01
11,hru11,0.23,0.231,0.0,0.0,0.969,0.491,0.0,0.027,0.0,21.533,2019-06-01
12,hru12,0.229,0.243,0.0,0.0,0.912,0.483,0.0,0.027,0.0,60.88,2019-06-01
13,hru13,0.231,0.231,0.0,0.0,0.0,0.492,0.0,0.027,0.0,514.138,2019-06-01
14,hru14,0.229,0.243,0.0,0.0,0.912,0.483,0.0,0.027,0.0,60.893,2019-06-01
15,hru15,0.232,0.225,0.0,0.0,0.0,0.497,0.0,0.027,0.0,519.882,2019-06-01
16,hru16,0.23,0.255,0.0,0.0,0.778,0.475,0.0,0.027,0.0,149.505,2019-06-01
17,hru17,0.232,0.243,0.0,0.0,0.63,0.494,0.0,0.027,0.0,248.358,2019-06-01
18,hru18,0.231,0.234,0.0,0.0,0.833,0.492,0.0,0.026,0.0,120.542,2019-06-01
19,hru19,0.234,0.225,0.0,0.0,0.511,0.503,0.0,0.027,0.0,313.853,2019-06-01
20,hru20,0.231,0.213,0.0,0.0,0.0,0.506,0.0,0.027,0.0,531.699,2019-06-01
21,hru21,0.232,0.225,0.0,0.0,0.688,0.497,0.0,0.027,0.0,211.36,2019-06-01
22,hru22,0.231,0.234,0.0,0.0,0.833,0.492,0.0,0.026,0.0,120.736,2019-06-01
23,hru23,0.231,0.234,0.0,0.0,0.702,0.492,0.0,0.027,0.0,204.276,2019-06-01
24,hru24,0.232,0.225,0.0,0.0,0.0,0.5,0.0,0.027,0.0,521.624,2019-06-01
25,hru25,0.231,0.467,0.0,0.0,0.0,0.078,0.0,0.027,0.0,136.953,2019-06-01
26,hru26,0.231,0.216,0.0,0.0,0.0,0.504,0.0,0.027,0.0,522.843,2019-06-01
27,hru27,0.229,0.237,0.0,0.0,0.0,0.484,0.0,0.027,0.0,505.488,2019-06-01
28,hru28,0.23,0.0,0.0,0.0,0.0,0.0,0.0,0.0,0.0,0.0,2019-06-01
29,hru29,0.229,0.246,0.0,0.0,0.971,0.482,0.0,0.027,0.0,19.281,2019-06-01
30,hru30,0.229,0.237,0.0,0.0,0.976,0.473,0.0,0.027,0.0,16.051,2019-06-01
31,hru31,0.226,0.277,0.0,0.0,0.991,0.405,0.0,0.028,0.0,4.86,2019-06-01
32,hru32,0.231,0.231,0.0,0.0,0.924,0.492,0.0,0.027,0.0,54.226,2019-06-01
33,hru33,0.229,0.249,0.0,0.0,0.984,0.476,0.0,0.027,0.0,10.488,2019-06-01
34,hru34,0.229,0.249,0.0,0.0,0.984,0.476,0.0,0.027,0.0,10.55,2019-06-01
35,hru35,0.225,0.267,0.0,0.0,0.99,0.407,0.0,0.028,0.0,5.408,2019-06-01
36,hru36,0.229,0.249,0.0,0.0,0.984,0.476,0.0,0.027,0.0,10.469,2019-06-01
1,hru01,0.231,0.208,0.0,0.0,0.99,0.457,0.0,0.028,0.0,5.792,2019-06-02
2,hru02,0.233,0.196,0.0,0.0,0.612,0.537,0.0,0.027,0.0,255.54,2019-06-02
3,hru03,0.228,0.502,0.0,0.0,0.993,0.062,0.0,0.031,0.0,1.283,2019-06-02
4,hru04,0.23,0.474,0.0,0.0,0.991,0.064,0.0,0.029,0.0,1.883,2019-06-02
5,hru05,0.232,0.205,0.0,0.0,0.979,0.472,0.0,0.027,0.0,12.465,2019-06-02
6,hru06,0.232,0.205,0.0,0.0,0.979,0.472,0.0,0.027,0.0,12.456,2019-06-02
7,hru07,0.235,0.186,0.0,0.0,0.893,0.549,0.0,0.027,0.0,77.455,2019-06-02
8,hru08,0.228,0.243,0.0,0.0,0.986,0.447,0.0,0.027,0.0,8.403,2019-06-02
9,hru09,0.233,0.205,0.0,0.0,0.948,0.535,0.0,0.027,0.0,37.117,2019-06-02
10,hru10,0.233,0.205,0.0,0.0,0.948,0.535,0.0,0.027,0.0,37.072,2019-06-02
11,hru11,0.235,0.183,0.0,0.0,0.966,0.554,0.0,0.027,0.0,25.235,2019-06-02
12,hru12,0.234,0.196,0.0,0.0,0.901,0.544,0.0,0.027,0.0,71.324,2019-06-02
13,hru13,0.236,0.186,0.0,0.0,0.0,0.555,0.0,0.027,0.0,605.944,2019-06-02
14,hru14,0.234,0.196,0.0,0.0,0.901,0.544,0.0,0.027,0.0,71.34,2019-06-02
15,hru15,0.237,0.183,0.0,0.0,0.0,0.562,0.0,0.027,0.0,613.002,2019-06-02
16,hru16,0.235,0.208,0.0,0.0,0.749,0.535,0.0,0.027,0.0,175.563,2019-06-02
17,hru17,0.237,0.202,0.0,0.0,0.581,0.557,0.0,0.027,0.0,293.025,2019-06-02
18,hru18,0.237,0.188,0.0,0.0,0.811,0.555,0.0,0.026,0.0,140.49,2019-06-02
19,hru19,0.239,0.186,0.0,0.0,0.455,0.568,0.0,0.027,0.0,373.086,2019-06-02
20,hru20,0.236,0.191,0.0,0.0,0.0,0.573,0.0,0.027,0.0,625.976,2019-06-02
21,hru21,0.237,0.183,0.0,0.0,0.652,0.562,0.0,0.027,0.0,248.877,2019-06-02
22,hru22,0.237,0.188,0.0,0.0,0.811,0.555,0.0,0.026,0.0,140.719,2019-06-02
23,hru23,0.237,0.188,0.0,0.0,0.664,0.555,0.0,0.027,0.0,239.972,2019-06-02
24,hru24,0.237,0.18,0.0,0.0,0.0,0.565,0.0,0.027,0.0,614.872,2019-06-02
25,hru25,0.236,0.439,0.0,0.0,0.0,0.093,0.0,0.026,0.0,154.448,2019-06-02
26,hru26,0.236,0.188,0.0,0.0,0.0,0.57,0.0,0.027,0.0,616.591,2019-06-02
27,hru27,0.234,0.194,0.0,0.0,0.0,0.546,0.0,0.027,0.0,595.784,2019-06-02
28,hru28,0.235,0.0,0.0,0.0,0.0,0.0,0.0,0.0,0.0,0.0,2019-06-02
29,hru29,0.234,0.196,0.0,0.0,0.968,0.544,0.0,0.027,0.0,22.67,2019-06-02
30,hru30,0.234,0.194,0.0,0.0,0.973,0.535,0.0,0.027,0.0,18.897,2019-06-02
31,hru31,0.231,0.208,0.0,0.0,0.99,0.457,0.0,0.028,0.0,5.805,2019-06-02
32,hru32,0.236,0.186,0.0,0.0,0.916,0.555,0.0,0.027,0.0,63.298,2019-06-02
33,hru33,0.234,0.202,0.0,0.0,0.983,0.537,0.0,0.027,0.0,12.345,2019-06-02
34,hru34,0.234,0.202,0.0,0.0,0.982,0.537,0.0,0.027,0.0,12.419,2019-06-02
35,hru35,0.23,0.205,0.0,0.0,0.989,0.46,0.0,0.028,0.0,6.439,2019-06-02
36,hru36,0.234,0.202,0.0,0.0,0.983,0.537,0.0,0.027,0.0,12.323,2019-06-02
1,hru01,0.236,0.175,0.0,0.0,0.991,0.521,0.0,0.028,0.0,7.079,2019-06-03
2,hru02,0.238,0.191,0.0,0.0,0.613,0.609,0.0,0.027,0.0,311.785,2019-06-03
3,hru03,0.233,0.422,0.0,0.0,0.993,0.073,0.0,0.031,0.0,1.528,2019-06-03
4,hru04,0.235,0.419,0.0,0.0,0.992,0.077,0.0,0.029,0.0,2.188,2019-06-03
5,hru05,0.237,0.178,0.0,0.0,0.98,0.537,0.0,0.027,0.0,15.2,2019-06-03
6,hru06,0.237,0.178,0.0,0.0,0.98,0.537,0.0,0.027,0.0,15.189,2019-06-03
7,hru07,0.24,0.196,0.0,0.0,0.89,0.623,0.0,0.027,0.0,93.114,2019-06-03
8,hru08,0.233,0.178,0.0,0.0,0.987,0.506,0.0,0.027,0.0,10.207,2019-06-03
9,hru09,0.239,0.18,0.0,0.0,0.948,0.605,0.0,0.027,0.0,44.619,2019-06-03
10,hru10,0.239,0.18,0.0,0.0,0.948,0.605,0.0,0.027,0.0,44.564,2019-06-03
11,hru11,0.24,0.194,0.0,0.0,0.965,0.629,0.0,0.027,0.0,30.266,2019-06-03
12,hru12,0.24,0.183,0.0,0.0,0.9,0.616,0.0,0.027,0.0,85.777,2019-06-03
13,hru13,0.241,0.191,0.0,0.0,0.0,0.63,0.0,0.027,0.0,725.674,2019-06-03
14,hru14,0.24,0.183,0.0,0.0,0.9,0.616,0.0,0.027,0.0,85.796,2019-06-03
15,hru15,0.242,0.186,0.0,0.0,0.0,0.637,0.0,0.027,0.0,734.526,2019-06-03
16,hru16,0.24,0.175,0.0,0.0,0.739,0.605,0.0,0.027,0.0,211.884,2019-06-03
17,hru17,0.242,0.18,0.0,0.0,0.554,0.629,0.0,0.027,0.0,355.705,2019-06-03
18,hru18,0.242,0.18,0.0,0.0,0.805,0.629,0.0,0.027,0.0,168.365,2019-06-03
19,hru19,0.244,0.186,0.0,0.0,0.44,0.644,0.0,0.027,0.0,455.253,2019-06-03
20,hru20,0.242,0.188,0.0,0.0,0.0,0.649,0.0,0.027,0.0,749.815,2019-06-03
21,hru21,0.242,0.186,0.0,0.0,0.646,0.637,0.0,0.027,0.0,300.681,2019-06-03
22,hru22,0.242,0.18,0.0,0.0,0.805,0.629,0.0,0.027,0.0,168.643,2019-06-03
23,hru23,0.242,0.18,0.0,0.0,0.654,0.629,0.0,0.027,0.0,289.56,2019-06-03
24,hru24,0.242,0.183,0.0,0.0,0.0,0.641,0.0,0.027,0.0,737.232,2019-06-03
25,hru25,0.242,0.436,0.0,0.0,0.0,0.111,0.0,0.026,0.0,178.046,2019-06-03
26,hru26,0.241,0.188,0.0,0.0,0.0,0.646,0.0,0.027,0.0,739.784,2019-06-03
27,hru27,0.239,0.188,0.0,0.0,0.0,0.619,0.0,0.027,0.0,713.196,2019-06-03
28,hru28,0.24,0.0,0.0,0.0,0.0,0.0,0.0,0.0,0.0,0.0,2019-06-03
29,hru29,0.24,0.183,0.0,0.0,0.968,0.616,0.0,0.027,0.0,27.306,2019-06-03
30,hru30,0.239,0.191,0.0,0.0,0.972,0.607,0.0,0.027,0.0,22.796,2019-06-03
31,hru31,0.236,0.175,0.0,0.0,0.991,0.521,0.0,0.028,0.0,7.095,2019-06-03
32,hru32,0.241,0.191,0.0,0.0,0.914,0.63,0.0,0.027,0.0,75.676,2019-06-03
33,hru33,0.239,0.186,0.0,0.0,0.983,0.608,0.0,0.027,0.0,14.88,2019-06-03
34,hru34,0.239,0.186,0.0,0.0,0.983,0.608,0.0,0.027,0.0,14.969,2019-06-03
35,hru35,0.236,0.178,0.0,0.0,0.991,0.524,0.0,0.028,0.0,7.849,2019-06-03
36,hru36,0.239,0.186,0.0,0.0,0.983,0.608,0.0,0.027,0.0,14.853,2019-06-03
1,hru01,0.242,0.016,0.0,0.0,0.991,0.594,0.0,0.027,0.0,8.049,2019-06-04
2,hru02,0.245,0.023,0.0,0.0,0.593,0.687,0.0,0.026,0.0,361.422,2019-06-04
3,hru03,0.24,0.177,0.0,0.0,0.993,0.088,0.0,0.029,0.0,1.716,2019-06-04
4,hru04,0.242,0.17,0.0,0.0,0.992,0.093,0.0,0.028,0.0,2.435,2019-06-04
5,hru05,0.244,0.02,0.0,0.0,0.979,0.611,0.0,0.027,0.0,17.512,2019-06-04
6,hru06,0.244,0.02,0.0,0.0,0.979,0.611,0.0,0.027,0.0,17.499,2019-06-04
7,hru07,0.246,0.023,0.0,0.0,0.89,0.702,0.0,0.026,0.0,107.39,2019-06-04
8,hru08,0.24,0.023,0.0,0.0,0.987,0.577,0.0,0.027,0.0,11.644,2019-06-04
9,hru09,0.245,0.022,0.0,0.0,0.946,0.685,0.0,0.026,0.0,51.203,2019-06-04
10,hru10,0.245,0.022,0.0,0.0,0.946,0.685,0.0,0.026,0.0,51.14,2019-06-04
11,hru11,0.247,0.024,0.0,0.0,0.966,0.709,0.0,0.026,0.0,34.928,2019-06-04
12,hru12,0.246,0.022,0.0,0.0,0.895,0.696,0.0,0.026,0.0,98.504,2019-06-04
13,hru13,0.247,0.022,0.0,0.0,0.0,0.71,0.0,0.026,0.0,831.332,2019-06-04
14,hru14,0.246,0.022,0.0,0.0,0.895,0.696,0.0,0.026,0.0,98.525,2019-06-04
15,hru15,0.249,0.021,0.0,0.0,0.0,0.718,0.0,0.026,0.0,841.382,2019-06-04
16,hru16,0.246,0.02,0.0,0.0,0.712,0.685,0.0,0.026,0.0,244.157,2019-06-04
17,hru17,0.248,0.02,0.0,0.0,0.501,0.711,0.0,0.026,0.0,412.629,2019-06-04
18,hru18,0.248,0.021,0.0,0.0,0.792,0.711,0.0,0.026,0.0,193.62,2019-06-04
19,hru19,0.251,0.021,0.0,0.0,0.427,0.726,0.0,0.026,0.0,529.052,2019-06-04
20,hru20,0.248,0.019,0.0,0.0,0.0,0.73,0.0,0.026,0.0,857.802,2019-06-04
21,hru21,0.249,0.021,0.0,0.0,0.629,0.718,0.0,0.026,0.0,347.117,2019-06-04
22,hru22,0.248,0.021,0.0,0.0,0.792,0.711,0.0,0.026,0.0,193.943,2019-06-04
23,hru23,0.248,0.021,0.0,0.0,0.631,0.711,0.0,0.026,0.0,334.399,2019-06-04
24,hru24,0.249,0.021,0.0,0.0,0.0,0.723,0.0,0.026,0.0,845.338,2019-06-04
25,hru25,0.248,0.167,0.0,0.0,0.0,0.132,0.0,0.026,0.0,199.069,2019-06-04
26,hru26,0.247,0.019,0.0,0.0,0.0,0.727,0.0,0.026,0.0,847.877,2019-06-04
27,hru27,0.246,0.022,0.0,0.0,0.0,0.698,0.0,0.026,0.0,817.342,2019-06-04
28,hru28,0.247,0.0,0.0,0.0,0.0,0.0,0.0,0.0,0.0,0.0,2019-06-04
29,hru29,0.246,0.021,0.0,0.0,0.967,0.696,0.0,0.026,0.0,31.375,2019-06-04
30,hru30,0.246,0.023,0.0,0.0,0.971,0.685,0.0,0.026,0.0,26.315,2019-06-04
31,hru31,0.242,0.016,0.0,0.0,0.991,0.594,0.0,0.027,0.0,8.067,2019-06-04
32,hru32,0.247,0.022,0.0,0.0,0.912,0.71,0.0,0.026,0.0,86.885,2019-06-04
33,hru33,0.245,0.021,0.0,0.0,0.982,0.687,0.0,0.026,0.0,17.067,2019-06-04
34,hru34,0.245,0.021,0.0,0.0,0.982,0.687,0.0,0.026,0.0,17.17,2019-06-04
35,hru35,0.242,0.017,0.0,0.0,0.991,0.598,0.0,0.027,0.0,8.904,2019-06-04
36,hru36,0.245,0.021,0.0,0.0,0.982,0.687,0.0,0.026,0.0,17.036,2019-06-04
1,hru01,0.249,0.013,0.0,0.0,0.99,0.71,0.0,0.027,0.0,9.327,2019-06-05
2,hru02,0.251,0.015,0.0,0.0,0.547,0.81,0.0,0.026,0.0,429.564,2019-06-05
3,hru03,0.246,0.143,0.0,0.0,0.992,0.117,0.0,0.029,0.0,1.97,2019-06-05
4,hru04,0.249,0.139,0.0,0.0,0.991,0.124,0.0,0.028,0.0,2.765,2019-06-05
5,hru05,0.251,0.011,0.0,0.0,0.977,0.727,0.0,0.027,0.0,20.677,2019-06-05
6,hru06,0.251,0.011,0.0,0.0,0.977,0.727,0.0,0.027,0.0,20.66,2019-06-05
7,hru07,0.253,0.015,0.0,0.0,0.88,0.826,0.0,0.026,0.0,125.893,2019-06-05
8,hru08,0.246,0.01,0.0,0.0,0.985,0.688,0.0,0.027,0.0,13.578,2019-06-05
9,hru09,0.252,0.01,0.0,0.0,0.939,0.808,0.0,0.026,0.0,60.167,2019-06-05
10,hru10,0.252,0.01,0.0,0.0,0.939,0.808,0.0,0.026,0.0,60.092,2019-06-05
11,hru11,0.253,0.015,0.0,0.0,0.963,0.833,0.0,0.026,0.0,40.719,2019-06-05
12,hru12,0.253,0.011,0.0,0.0,0.882,0.821,0.0,0.026,0.0,115.987,2019-06-05
13,hru13,0.254,0.013,0.0,0.0,0.0,0.836,0.0,0.026,0.0,996.145,2019-06-05
14,hru14,0.253,0.011,0.0,0.0,0.882,0.821,0.0,0.026,0.0,116.013,2019-06-05
15,hru15,0.255,0.012,0.0,0.0,0.0,0.846,0.0,0.026,0.0,1006.932,2019-06-05
16,hru16,0.253,0.008,0.0,0.0,0.674,0.809,0.0,0.026,0.0,290.773,2019-06-05
17,hru17,0.255,0.008,0.0,0.0,0.435,0.837,0.0,0.026,0.0,495.84,2019-06-05
18,hru18,0.255,0.01,0.0,0.0,0.765,0.837,0.0,0.026,0.0,228.739,2019-06-05
19,hru19,0.257,0.01,0.0,0.0,0.369,0.854,0.0,0.026,0.0,626.773,2019-06-05
20,hru20,0.255,0.01,0.0,0.0,0.0,0.86,0.0,0.026,0.0,1021.94,2019-06-05
21,hru21,0.255,0.012,0.0,0.0,0.59,0.846,0.0,0.026,0.0,410.21,2019-06-05
22,hru22,0.255,0.01,0.0,0.0,0.765,0.837,0.0,0.026,0.0,229.125,2019-06-05
23,hru23,0.255,0.01,0.0,0.0,0.587,0.837,0.0,0.026,0.0,396.663,2019-06-05
24,hru24,0.255,0.012,0.0,0.0,0.0,0.851,0.0,0.026,0.0,1011.426,2019-06-05
25,hru25,0.255,0.143,0.0,0.0,0.0,0.173,0.0,0.026,0.0,239.34,2019-06-05
26,hru26,0.254,0.012,0.0,0.0,0.0,0.856,0.0,0.026,0.0,1012.567,2019-06-05
27,hru27,0.252,0.011,0.0,0.0,0.0,0.823,0.0,0.026,0.0,980.186,2019-06-05
28,hru28,0.253,0.0,0.0,0.0,0.0,0.0,0.0,0.0,0.0,0.0,2019-06-05
29,hru29,0.253,0.011,0.0,0.0,0.963,0.821,0.0,0.026,0.0,36.939,2019-06-05
30,hru30,0.252,0.014,0.0,0.0,0.968,0.808,0.0,0.026,0.0,31.088,2019-06-05
31,hru31,0.249,0.013,0.0,0.0,0.99,0.71,0.0,0.027,0.0,9.348,2019-06-05
32,hru32,0.254,0.013,0.0,0.0,0.903,0.836,0.0,0.026,0.0,101.85,2019-06-05
33,hru33,0.252,0.012,0.0,0.0,0.98,0.81,0.0,0.026,0.0,20.087,2019-06-05
34,hru34,0.252,0.012,0.0,0.0,0.98,0.81,0.0,0.026,0.0,20.209,2019-06-05
35,hru35,0.249,0.012,0.0,0.0,0.99,0.713,0.0,0.027,0.0,10.297,2019-06-05
36,hru36,0.252,0.012,0.0,0.0,0.98,0.81,0.0,0.026,0.0,20.051,2019-06-05
1,hru01,0.256,0.007,0.0,0.0,0.989,0.84,0.0,0.027,0.0,11.01,2019-06-06
2,hru02,0.258,0.01,0.0,0.0,0.496,0.95,0.0,0.026,0.0,517.672,2019-06-06
3,hru03,0.253,0.147,0.0,0.0,0.991,0.157,0.0,0.029,0.0,2.339,2019-06-06
4,hru04,0.255,0.139,0.0,0.0,0.99,0.166,0.0,0.028,0.0,3.226,2019-06-06
5,hru05,0.257,0.008,0.0,0.0,0.974,0.861,0.0,0.027,0.0,24.838,2019-06-06
6,hru06,0.257,0.008,0.0,0.0,0.974,0.861,0.0,0.027,0.0,24.819,2019-06-06
7,hru07,0.26,0.01,0.0,0.0,0.871,0.967,0.0,0.026,0.0,149.568,2019-06-06
8,hru08,0.253,0.012,0.0,0.0,0.983,0.818,0.0,0.027,0.0,16.16,2019-06-06
9,hru09,0.258,0.009,0.0,0.0,0.932,0.951,0.0,0.026,0.0,72.005,2019-06-06
10,hru10,0.258,0.009,0.0,0.0,0.932,0.951,0.0,0.026,0.0,71.914,2019-06-06
11,hru11,0.26,0.01,0.0,0.0,0.959,0.975,0.0,0.026,0.0,48.119,2019-06-06
12,hru12,0.259,0.008,0.0,0.0,0.868,0.964,0.0,0.026,0.0,139.143,2019-06-06
13,hru13,0.261,0.009,0.0,0.0,0.0,0.979,0.0,0.026,0.0,1189.212,2019-06-06
14,hru14,0.259,0.008,0.0,0.0,0.868,0.964,0.0,0.026,0.0,139.174,2019-06-06
15,hru15,0.262,0.008,0.0,0.0,0.0,0.991,0.0,0.026,0.0,1202.157,2019-06-06
16,hru16,0.26,0.008,0.0,0.0,0.635,0.953,0.0,0.026,0.0,354.294,2019-06-06
17,hru17,0.262,0.009,0.0,0.0,0.375,0.985,0.0,0.026,0.0,608.901,2019-06-06
18,hru18,0.262,0.007,0.0,0.0,0.735,0.983,0.0,0.026,0.0,275.437,2019-06-06
19,hru19,0.264,0.007,0.0,0.0,0.321,1.0,0.0,0.026,0.0,754.417,2019-06-06
20,hru20,0.261,0.009,0.0,0.0,0.0,1.007,0.0,0.026,0.0,1220.344,2019-06-06
21,hru21,0.262,0.008,0.0,0.0,0.556,0.991,0.0,0.026,0.0,492.49,2019-06-06
22,hru22,0.262,0.007,0.0,0.0,0.735,0.983,0.0,0.026,0.0,275.908,2019-06-06
23,hru23,0.262,0.007,0.0,0.0,0.543,0.983,0.0,0.026,0.0,478.895,2019-06-06
24,hru24,0.262,0.007,0.0,0.0,0.0,0.996,0.0,0.026,0.0,1207.513,2019-06-06
25,hru25,0.261,0.139,0.0,0.0,0.0,0.228,0.0,0.026,0.0,293.021,2019-06-06
26,hru26,0.261,0.008,0.0,0.0,0.0,1.002,0.0,0.026,0.0,1209.966,2019-06-06
27,hru27,0.259,0.009,0.0,0.0,0.0,0.966,0.0,0.026,0.0,1171.002,2019-06-06
28,hru28,0.26,0.0,0.0,0.0,0.0,0.0,0.0,0.0,0.0,0.0,2019-06-06
29,hru29,0.259,0.008,0.0,0.0,0.959,0.964,0.0,0.026,0.0,44.192,2019-06-06
30,hru30,0.259,0.009,0.0,0.0,0.965,0.948,0.0,0.026,0.0,37.269,2019-06-06
31,hru31,0.256,0.007,0.0,0.0,0.989,0.84,0.0,0.027,0.0,11.035,2019-06-06
32,hru32,0.261,0.009,0.0,0.0,0.895,0.979,0.0,0.026,0.0,121.178,2019-06-06
33,hru33,0.259,0.009,0.0,0.0,0.978,0.952,0.0,0.026,0.0,23.992,2019-06-06
34,hru34,0.259,0.009,0.0,0.0,0.978,0.952,0.0,0.026,0.0,24.139,2019-06-06
35,hru35,0.255,0.008,0.0,0.0,0.989,0.845,0.0,0.027,0.0,12.123,2019-06-06
36,hru36,0.259,0.009,0.0,0.0,0.978,0.952,0.0,0.026,0.0,23.948,2019-06-06
1,hru01,0.262,0.01,0.0,0.0,0.988,0.988,0.0,0.027,0.0,13.125,2019-06-07
2,hru02,0.264,0.018,0.0,0.051,0.433,1.106,0.0,0.026,0.0,628.689,2019-06-07
3,hru03,0.26,0.156,0.0,0.0,0.989,0.207,0.0,0.029,0.0,2.862,2019-06-07
4,hru04,0.262,0.15,0.0,0.0,0.988,0.219,0.0,0.028,0.0,3.854,2019-06-07
5,hru05,0.264,0.013,0.0,0.0,0.971,1.01,0.0,0.026,0.0,30.108,2019-06-07
6,hru06,0.264,0.013,0.0,0.0,0.971,1.01,0.0,0.026,0.0,30.084,2019-06-07
7,hru07,0.266,0.018,0.0,0.0,0.861,1.124,0.0,0.026,0.0,178.276,2019-06-07
8,hru08,0.26,0.015,0.0,0.0,0.981,0.96,0.0,0.027,0.0,19.454,2019-06-07
9,hru09,0.265,0.014,0.0,0.0,0.922,1.107,0.0,0.026,0.0,87.017,2019-06-07
10,hru10,0.265,0.014,0.0,0.0,0.922,1.107,0.0,0.026,0.0,86.907,2019-06-07
11,hru11,0.267,0.017,0.0,0.0,0.954,1.133,0.0,0.026,0.0,57.298,2019-06-07
12,hru12,0.266,0.016,0.0,0.0,0.854,1.122,0.0,0.026,0.0,168.289,2019-06-07
13,hru13,0.267,0.016,0.0,0.027,0.0,1.138,0.0,0.026,0.0,1407.291,2019-06-07
14,hru14,0.266,0.016,0.0,0.0,0.854,1.122,0.0,0.026,0.0,168.328,2019-06-07
15,hru15,0.269,0.015,0.0,0.0,0.0,1.152,0.0,0.026,0.0,1422.578,2019-06-07
16,hru16,0.266,0.014,0.0,0.0,0.596,1.111,0.0,0.026,0.0,434.64,2019-06-07
17,hru17,0.268,0.015,0.0,0.0,0.312,1.144,0.0,0.026,0.0,750.48,2019-06-07
18,hru18,0.268,0.014,0.0,0.0,0.705,1.144,0.0,0.026,0.0,334.918,2019-06-07
19,hru19,0.27,0.015,0.0,0.0,0.268,1.163,0.0,0.026,0.0,909.783,2019-06-07
20,hru20,0.268,0.014,0.0,0.0,0.0,1.168,0.0,0.026,0.0,1445.019,2019-06-07
21,hru21,0.269,0.015,0.0,0.0,0.519,1.152,0.0,0.026,0.0,592.954,2019-06-07
22,hru22,0.268,0.014,0.0,0.0,0.704,1.144,0.0,0.026,0.0,335.498,2019-06-07
23,hru23,0.268,0.014,0.0,0.0,0.493,1.144,0.0,0.026,0.0,581.625,2019-06-07
24,hru24,0.269,0.015,0.0,0.0,0.0,1.159,0.0,0.026,0.0,1428.303,2019-06-07
25,hru25,0.268,0.154,0.0,0.0,0.0,0.296,0.0,0.026,0.0,359.485,2019-06-07
26,hru26,0.267,0.013,0.0,0.0,0.0,1.163,0.0,0.026,0.0,1433.666,2019-06-07
27,hru27,0.265,0.016,0.0,0.032,0.0,1.124,0.0,0.026,0.0,1386.955,2019-06-07
28,hru28,0.267,0.0,0.0,0.0,0.0,0.0,0.0,0.0,0.0,0.0,2019-06-07
29,hru29,0.266,0.015,0.0,0.0,0.954,1.122,0.0,0.026,0.0,53.294,2019-06-07
30,hru30,0.265,0.017,0.0,0.0,0.96,1.104,0.0,0.026,0.0,45.037,2019-06-07
31,hru31,0.262,0.01,0.0,0.0,0.988,0.988,0.0,0.027,0.0,13.155,2019-06-07
32,hru32,0.267,0.016,0.0,0.0,0.886,1.138,0.0,0.026,0.0,144.749,2019-06-07
33,hru33,0.265,0.015,0.0,0.0,0.975,1.108,0.0,0.026,0.0,28.886,2019-06-07
34,hru34,0.265,0.015,0.0,0.0,0.975,1.108,0.0,0.026,0.0,29.063,2019-06-07
35,hru35,0.262,0.011,0.0,0.0,0.987,0.993,0.0,0.027,0.0,14.424,2019-06-07
36,hru36,0.265,0.015,0.0,0.0,0.975,1.108,0.0,0.026,0.0,28.832,2019-06-07
1,hru01,0.269,0.021,0.0,0.0,0.986,1.147,0.0,0.026,0.0,15.845,2019-06-08
2,hru02,0.271,0.023,0.0,0.138,0.36,1.268,0.0,0.026,0.0,769.493,2019-06-08
3,hru03,0.266,0.191,0.0,0.0,0.988,0.268,0.0,0.028,0.0,3.624,2019-06-08
4,hru04,0.268,0.184,0.0,0.0,0.987,0.284,0.0,0.028,0.0,4.74,2019-06-08
5,hru05,0.27,0.022,0.0,0.0,0.967,1.169,0.0,0.026,0.0,36.905,2019-06-08
6,hru06,0.27,0.022,0.0,0.0,0.967,1.169,0.0,0.026,0.0,36.875,2019-06-08
7,hru07,0.273,0.023,0.0,0.0,0.851,1.288,0.0,0.026,0.0,213.1,2019-06-08
8,hru08,0.266,0.029,0.0,0.0,0.979,1.113,0.0,0.026,0.0,23.674,2019-06-08
9,hru09,0.271,0.023,0.0,0.0,0.911,1.272,0.0,0.026,0.0,106.301,2019-06-08
10,hru10,0.271,0.023,0.0,0.0,0.911,1.272,0.0,0.026,0.0,106.165,2019-06-08
11,hru11,0.273,0.02,0.0,0.0,0.949,1.298,0.0,0.026,0.0,68.787,2019-06-08
12,hru12,0.272,0.022,0.0,0.0,0.839,1.287,0.0,0.026,0.0,204.705,2019-06-08
13,hru13,0.274,0.02,0.0,0.065,0.0,1.303,0.0,0.026,0.0,1652.802,2019-06-08
14,hru14,0.272,0.022,0.0,0.0,0.839,1.287,0.0,0.026,0.0,204.753,2019-06-08
15,hru15,0.275,0.018,0.0,0.049,0.0,1.319,0.0,0.026,0.0,1671.034,2019-06-08
16,hru16,0.273,0.024,0.0,0.0,0.554,1.276,0.0,0.026,0.0,535.18,2019-06-08
17,hru17,0.275,0.024,0.0,0.0,0.246,1.311,0.0,0.026,0.0,925.538,2019-06-08
18,hru18,0.275,0.02,0.0,0.0,0.673,1.311,0.0,0.026,0.0,409.824,2019-06-08
19,hru19,0.277,0.02,0.0,0.0,0.21,1.331,0.0,0.026,0.0,1098.281,2019-06-08
20,hru20,0.274,0.019,0.0,0.028,0.0,1.338,0.0,0.026,0.0,1697.76,2019-06-08
21,hru21,0.275,0.018,0.0,0.0,0.479,1.319,0.0,0.026,0.0,715.528,2019-06-08
22,hru22,0.275,0.02,0.0,0.0,0.672,1.311,0.0,0.026,0.0,410.544,2019-06-08
23,hru23,0.275,0.02,0.0,0.0,0.438,1.311,0.0,0.026,0.0,710.228,2019-06-08
24,hru24,0.275,0.018,0.0,0.058,0.0,1.327,0.0,0.026,0.0,1677.998,2019-06-08
25,hru25,0.274,0.167,0.0,0.0,0.0,0.377,0.0,0.026,0.0,440.059,2019-06-08
26,hru26,0.274,0.018,0.0,0.057,0.0,1.333,0.0,0.026,0.0,1685.113,2019-06-08
27,hru27,0.272,0.022,0.0,0.076,0.0,1.289,0.0,0.026,0.0,1628.971,2019-06-08
28,hru28,0.273,0.0,0.0,0.0,0.0,0.0,0.0,0.0,0.0,0.0,2019-06-08
29,hru29,0.272,0.022,0.0,0.0,0.947,1.288,0.0,0.026,0.0,64.894,2019-06-08
30,hru30,0.272,0.023,0.0,0.0,0.955,1.267,0.0,0.026,0.0,54.901,2019-06-08
31,hru31,0.269,0.021,0.0,0.0,0.986,1.147,0.0,0.026,0.0,15.881,2019-06-08
32,hru32,0.274,0.02,0.0,0.0,0.877,1.303,0.0,0.026,0.0,173.454,2019-06-08
33,hru33,0.271,0.023,0.0,0.0,0.972,1.273,0.0,0.026,0.0,35.084,2019-06-08
34,hru34,0.271,0.023,0.0,0.0,0.972,1.273,0.0,0.026,0.0,35.301,2019-06-08
35,hru35,0.268,0.021,0.0,0.0,0.985,1.151,0.0,0.026,0.0,17.378,2019-06-08
36,hru36,0.271,0.023,0.0,0.0,0.972,1.273,0.0,0.026,0.0,35.018,2019-06-08
1,hru01,0.274,0.283,0.0,0.0,0.985,1.311,0.0,0.026,0.0,19.36,2019-06-09
2,hru02,0.276,0.228,0.0,0.353,0.296,1.438,0.0,0.026,0.0,947.579,2019-06-09
3,hru03,0.271,0.579,0.0,0.0,0.986,0.338,0.0,0.028,0.0,4.739,2019-06-09
4,hru04,0.273,0.557,0.0,0.0,0.986,0.358,0.0,0.027,0.0,5.982,2019-06-09
5,hru05,0.275,0.258,0.0,0.0,0.963,1.333,0.0,0.026,0.0,45.617,2019-06-09
6,hru06,0.275,0.258,0.0,0.0,0.964,1.333,0.0,0.026,0.0,45.581,2019-06-09
7,hru07,0.278,0.213,0.0,0.0,0.84,1.459,0.0,0.026,0.0,255.071,2019-06-09
8,hru08,0.271,0.309,0.0,0.0,0.977,1.27,0.0,0.026,0.0,29.082,2019-06-09
9,hru09,0.276,0.264,0.0,0.0,0.901,1.443,0.0,0.026,0.0,131.038,2019-06-09
10,hru10,0.276,0.264,0.0,0.0,0.901,1.443,0.0,0.026,0.0,130.869,2019-06-09
11,hru11,0.278,0.205,0.0,0.0,0.944,1.472,0.0,0.026,0.0,83.141,2019-06-09
12,hru12,0.277,0.24,0.0,0.0,0.826,1.459,0.0,0.026,0.0,249.659,2019-06-09
13,hru13,0.279,0.213,0.0,0.141,0.0,1.477,0.0,0.0,0.0,1916.658,2019-06-09
14,hru14,0.277,0.24,0.0,0.0,0.826,1.459,0.0,0.026,0.0,249.719,2019-06-09
15,hru15,0.28,0.208,0.0,0.11,0.0,1.495,0.0,0.0,0.0,1942.359,2019-06-09
16,hru16,0.277,0.27,0.0,0.0,0.517,1.446,0.0,0.026,0.0,659.527,2019-06-09
17,hru17,0.28,0.255,0.0,0.0,0.186,1.483,0.0,0.026,0.0,1140.125,2019-06-09
18,hru18,0.28,0.219,0.0,0.0,0.643,1.486,0.0,0.026,0.0,502.779,2019-06-09
19,hru19,0.282,0.205,0.0,0.0,0.157,1.507,0.0,0.026,0.0,1325.51,2019-06-09
20,hru20,0.28,0.188,0.0,0.067,0.0,1.514,0.0,0.0,0.0,1979.511,2019-06-09
21,hru21,0.28,0.208,0.0,0.0,0.441,1.495,0.0,0.026,0.0,864.164,2019-06-09
22,hru22,0.28,0.219,0.0,0.0,0.643,1.486,0.0,0.026,0.0,503.674,2019-06-09
23,hru23,0.28,0.219,0.0,0.0,0.389,1.486,0.0,0.026,0.0,869.664,2019-06-09
24,hru24,0.28,0.205,0.0,0.127,0.0,1.503,0.0,0.0,0.0,1947.628,2019-06-09
25,hru25,0.28,0.436,0.0,0.0,0.0,0.472,0.0,0.026,0.0,537.233,2019-06-09
26,hru26,0.279,0.196,0.0,0.125,0.0,1.51,0.0,0.0,0.0,1956.967,2019-06-09
27,hru27,0.277,0.225,0.0,0.162,0.0,1.46,0.0,0.0,0.0,1887.625,2019-06-09
28,hru28,0.278,0.0,0.0,0.0,0.0,0.0,0.0,0.0,0.0,0.0,2019-06-09
29,hru29,0.277,0.24,0.0,0.0,0.942,1.46,0.0,0.026,0.0,79.617,2019-06-09
30,hru30,0.277,0.222,0.0,0.0,0.95,1.437,0.0,0.026,0.0,67.396,2019-06-09
31,hru31,0.274,0.283,0.0,0.0,0.985,1.311,0.0,0.026,0.0,19.405,2019-06-09
32,hru32,0.279,0.213,0.0,0.0,0.868,1.477,0.0,0.026,0.0,208.227,2019-06-09
33,hru33,0.276,0.249,0.0,0.0,0.969,1.443,0.0,0.026,0.0,42.918,2019-06-09
34,hru34,0.276,0.249,0.0,0.0,0.969,1.443,0.0,0.026,0.0,43.187,2019-06-09
35,hru35,0.273,0.267,0.0,0.0,0.984,1.315,0.0,0.026,0.0,21.177,2019-06-09
36,hru36,0.276,0.249,0.0,0.0,0.969,1.443,0.0,0.026,0.0,42.837,2019-06-09
1,hru01,0.279,0.15,0.0,0.0,0.983,1.411,0.0,0.026,0.0,22.331,2019-06-10
2,hru02,0.281,0.152,0.0,0.564,0.217,1.553,0.0,0.0,0.0,1088.256,2019-06-10
3,hru03,0.276,0.426,0.0,0.0,0.983,0.374,0.0,0.027,0.0,5.783,2019-06-10
4,hru04,0.278,0.406,0.0,0.0,0.984,0.398,0.0,0.027,0.0,7.119,2019-06-10
5,hru05,0.28,0.15,0.0,0.0,0.959,1.439,0.0,0.026,0.0,53.115,2019-06-10
6,hru06,0.28,0.15,0.0,0.0,0.959,1.439,0.0,0.026,0.0,53.072,2019-06-10
7,hru07,0.283,0.145,0.0,0.0,0.83,1.578,0.0,0.0,0.0,290.632,2019-06-10
8,hru08,0.276,0.18,0.0,0.0,0.974,1.364,0.0,0.026,0.0,33.664,2019-06-10
9,hru09,0.282,0.155,0.0,0.0,0.889,1.551,0.0,0.0,0.0,152.557,2019-06-10
10,hru10,0.282,0.155,0.0,0.0,0.889,1.551,0.0,0.0,0.0,152.358,2019-06-10
11,hru11,0.283,0.145,0.0,0.0,0.938,1.593,0.0,0.0,0.0,95.685,2019-06-10
12,hru12,0.283,0.152,0.0,0.0,0.812,1.572,0.0,0.0,0.0,288.475,2019-06-10
13,hru13,0.284,0.145,0.0,0.204,0.0,1.597,0.0,0.0,0.0,2095.308,2019-06-10
14,hru14,0.283,0.152,0.0,0.0,0.812,1.572,0.0,0.0,0.0,288.545,2019-06-10
15,hru15,0.286,0.138,0.0,0.161,0.0,1.616,0.0,0.0,0.0,2125.461,2019-06-10
16,hru16,0.283,0.157,0.0,0.0,0.481,1.553,0.0,0.0,0.0,765.925,2019-06-10
17,hru17,0.285,0.157,0.0,0.0,0.134,1.594,0.0,0.0,0.0,1309.32,2019-06-10
18,hru18,0.285,0.145,0.0,0.0,0.614,1.604,0.0,0.0,0.0,584.423,2019-06-10
19,hru19,0.287,0.14,0.0,0.0,0.109,1.629,0.0,0.0,0.0,1511.938,2019-06-10
20,hru20,0.285,0.16,0.0,0.104,0.0,1.64,0.0,0.0,0.0,2175.223,2019-06-10
21,hru21,0.286,0.138,0.0,0.0,0.406,1.616,0.0,0.0,0.0,993.408,2019-06-10
22,hru22,0.285,0.145,0.0,0.0,0.613,1.604,0.0,0.0,0.0,585.473,2019-06-10
23,hru23,0.285,0.145,0.0,0.0,0.337,1.604,0.0,0.0,0.415,1009.432,2019-06-10
24,hru24,0.286,0.138,0.0,0.185,0.0,1.625,0.0,0.0,0.0,2132.952,2019-06-10
25,hru25,0.285,0.399,0.0,0.0,0.0,0.538,0.0,0.0,0.0,597.177,2019-06-10
26,hru26,0.284,0.152,0.0,0.187,0.0,1.634,0.0,0.0,0.0,2148.526,2019-06-10
27,hru27,0.282,0.15,0.0,0.229,0.0,1.577,0.0,0.0,0.0,2061.319,2019-06-10
28,hru28,0.283,0.0,0.0,0.0,0.0,0.0,0.0,0.0,0.0,0.0,2019-06-10
29,hru29,0.283,0.15,0.0,0.0,0.935,1.573,0.0,0.0,0.0,92.409,2019-06-10
30,hru30,0.282,0.15,0.0,0.0,0.944,1.553,0.0,0.0,0.0,78.313,2019-06-10
31,hru31,0.279,0.15,0.0,0.0,0.983,1.411,0.0,0.026,0.0,22.383,2019-06-10
32,hru32,0.284,0.145,0.0,0.0,0.86,1.597,0.0,0.0,0.0,238.206,2019-06-10
33,hru33,0.282,0.15,0.0,0.0,0.966,1.554,0.0,0.0,0.0,49.623,2019-06-10
34,hru34,0.282,0.15,0.0,0.0,0.965,1.554,0.0,0.0,0.0,49.936,2019-06-10
35,hru35,0.279,0.147,0.0,0.0,0.982,1.418,0.0,0.026,0.0,24.397,2019-06-10
36,hru36,0.282,0.15,0.0,0.0,0.966,1.554,0.0,0.0,0.0,49.528,2019-06-10
1,hru01,0.284,0.219,0.0,0.0,0.983,1.543,0.0,0.026,0.0,27.185,2019-06-11
2,hru02,0.286,0.21,0.0,0.774,0.205,1.689,0.0,0.0,0.0,1224.284,2019-06-11
3,hru03,0.281,0.502,0.0,0.0,0.984,0.431,0.0,0.027,0.0,7.67,2019-06-11
4,hru04,0.283,0.481,0.0,0.0,0.984,0.46,0.0,0.027,0.0,9.062,2019-06-11
5,hru05,0.285,0.213,0.0,0.0,0.959,1.572,0.0,0.026,0.0,65.28,2019-06-11
6,hru06,0.285,0.213,0.0,0.0,0.959,1.572,0.0,0.026,0.0,65.226,2019-06-11
7,hru07,0.288,0.202,0.0,0.0,0.833,1.717,0.0,0.0,0.0,343.733,2019-06-11
8,hru08,0.281,0.243,0.0,0.0,0.974,1.488,0.0,0.026,0.0,41.233,2019-06-11
9,hru09,0.287,0.21,0.0,0.0,0.888,1.686,0.0,0.026,0.0,187.153,2019-06-11
10,hru10,0.287,0.21,0.0,0.0,0.888,1.686,0.0,0.026,0.0,186.906,2019-06-11
11,hru11,0.289,0.199,0.0,0.0,0.937,1.732,0.0,0.0,0.0,115.104,2019-06-11
12,hru12,0.288,0.205,0.0,0.0,0.815,1.709,0.0,0.0,0.0,347.339,2019-06-11
13,hru13,0.289,0.202,0.0,0.327,0.0,1.736,0.0,0.0,0.0,2345.829,2019-06-11
14,hru14,0.288,0.205,0.0,0.0,0.815,1.709,0.0,0.0,0.0,347.424,2019-06-11
15,hru15,0.291,0.191,0.0,0.27,0.0,1.758,0.0,0.0,0.0,2391.351,2019-06-11
16,hru16,0.288,0.208,0.0,0.0,0.494,1.688,0.0,0.026,0.0,927.877,2019-06-11
17,hru17,0.29,0.202,0.0,0.0,0.148,1.73,0.0,0.0,0.0,1577.538,2019-06-11
18,hru18,0.29,0.194,0.0,0.0,0.615,1.744,0.0,0.0,0.0,706.847,2019-06-11
19,hru19,0.293,0.194,0.0,0.0,0.105,1.771,0.0,0.0,0.0,1787.107,2019-06-11
20,hru20,0.29,0.205,0.0,0.182,0.0,1.777,0.0,0.0,0.0,2449.662,2019-06-11
21,hru21,0.291,0.191,0.0,0.0,0.407,1.758,0.0,0.0,0.0,1181.622,2019-06-11
22,hru22,0.29,0.194,0.0,0.0,0.614,1.744,0.0,0.0,0.0,708.131,2019-06-11
23,hru23,0.29,0.194,0.0,0.0,0.354,1.711,0.0,0.0,0.0,1194.778,2019-06-11
24,hru24,0.291,0.194,0.0,0.301,0.0,1.768,0.0,0.0,0.0,2392.334,2019-06-11
25,hru25,0.29,0.457,0.0,0.0,0.0,0.616,0.0,0.0,0.0,687.052,2019-06-11
26,hru26,0.289,0.199,0.0,0.306,0.0,1.773,0.0,0.0,0.0,2411.895,2019-06-11
27,hru27,0.287,0.205,0.0,0.359,0.0,1.715,0.0,0.0,0.0,2302.536,2019-06-11
28,hru28,0.289,0.0,0.0,0.0,0.0,0.0,0.0,0.0,0.0,0.0,2019-06-11
29,hru29,0.288,0.208,0.0,0.0,0.934,1.711,0.0,0.026,0.0,112.726,2019-06-11
30,hru30,0.287,0.208,0.0,0.0,0.943,1.69,0.0,0.026,0.0,95.601,2019-06-11
31,hru31,0.284,0.219,0.0,0.0,0.983,1.543,0.0,0.026,0.0,27.248,2019-06-11
32,hru32,0.289,0.202,0.0,0.0,0.861,1.736,0.0,0.0,0.0,282.308,2019-06-11
33,hru33,0.287,0.208,0.0,0.0,0.965,1.691,0.0,0.026,0.0,60.34,2019-06-11
34,hru34,0.287,0.208,0.0,0.0,0.965,1.691,0.0,0.026,0.0,60.723,2019-06-11
35,hru35,0.284,0.219,0.0,0.0,0.982,1.551,0.0,0.026,0.0,29.648,2019-06-11
36,hru36,0.287,0.208,0.0,0.0,0.965,1.691,0.0,0.026,0.0,60.224,2019-06-11
1,hru01,0.288,0.458,0.0,0.0,0.982,1.664,0.0,0.0,0.0,30.899,2019-06-12
2,hru02,0.29,0.424,0.0,0.8,0.136,1.815,0.0,0.0,0.0,1277.739,2019-06-12
3,hru03,0.284,0.783,0.0,0.0,0.982,0.484,0.0,0.027,0.0,9.138,2019-06-12
4,hru04,0.287,0.759,0.0,0.0,0.982,0.519,0.0,0.026,0.0,10.609,2019-06-12
5,hru05,0.29,0.443,0.0,0.0,0.955,1.694,0.0,0.0,0.0,74.557,2019-06-12
6,hru06,0.29,0.443,0.0,0.0,0.955,1.694,0.0,0.0,0.0,74.495,2019-06-12
7,hru07,0.292,0.416,0.0,0.0,0.821,1.845,0.0,0.0,0.0,383.667,2019-06-12
8,hru08,0.284,0.501,0.0,0.0,0.972,1.601,0.0,0.0,0.0,46.917,2019-06-12
9,hru09,0.291,0.446,0.0,0.0,0.876,1.812,0.0,0.0,0.0,213.742,2019-06-12
10,hru10,0.291,0.446,0.0,0.0,0.876,1.812,0.0,0.0,0.0,213.457,2019-06-12
11,hru11,0.293,0.412,0.0,0.0,0.932,1.862,0.0,0.0,0.0,130.234,2019-06-12
12,hru12,0.292,0.431,0.0,0.0,0.799,1.836,0.0,0.0,0.0,391.25,2019-06-12
13,hru13,0.293,0.42,0.0,0.411,0.0,1.865,0.0,0.0,0.0,2507.693,2019-06-12
14,hru14,0.292,0.431,0.0,0.0,0.799,1.836,0.0,0.0,0.0,391.346,2019-06-12
15,hru15,0.295,0.412,0.0,0.353,0.0,1.89,0.0,0.0,0.0,2569.384,2019-06-12
16,hru16,0.292,0.446,0.0,0.046,0.45,1.814,0.0,0.0,0.0,1048.634,2019-06-12
17,hru17,0.294,0.435,0.0,0.0,0.08,1.858,0.0,0.0,0.0,1772.072,2019-06-12
18,hru18,0.294,0.416,0.0,0.0,0.58,1.875,0.0,0.0,0.0,800.118,2019-06-12
19,hru19,0.297,0.416,0.0,0.0,0.044,1.902,0.0,0.0,0.0,1986.326,2019-06-12
20,hru20,0.294,0.412,0.0,0.252,0.0,1.906,0.0,0.0,0.0,2649.784,2019-06-12
21,hru21,0.295,0.412,0.0,0.0,0.361,1.89,0.0,0.0,0.0,1326.434,2019-06-12
22,hru22,0.294,0.416,0.0,0.0,0.579,1.875,0.0,0.0,0.0,801.583,2019-06-12
23,hru23,0.294,0.416,0.0,0.0,0.296,1.842,0.0,0.0,0.0,1349.6,2019-06-12
24,hru24,0.295,0.412,0.0,0.386,0.0,1.899,0.0,0.0,0.0,2563.685,2019-06-12
25,hru25,0.294,0.691,0.0,0.0,0.0,0.691,0.0,0.0,0.0,753.679,2019-06-12
26,hru26,0.294,0.416,0.0,0.392,0.0,1.903,0.0,0.0,0.0,2585.017,2019-06-12
27,hru27,0.291,0.427,0.0,0.443,0.0,1.842,0.0,0.0,0.0,2455.176,2019-06-12
28,hru28,0.293,0.0,0.0,0.0,0.0,0.0,0.0,0.0,0.0,0.0,2019-06-12
29,hru29,0.292,0.431,0.0,0.0,0.928,1.838,0.0,0.0,0.0,128.38,2019-06-12
30,hru30,0.291,0.427,0.0,0.0,0.938,1.816,0.0,0.0,0.0,108.961,2019-06-12
31,hru31,0.288,0.458,0.0,0.0,0.982,1.664,0.0,0.0,0.0,30.971,2019-06-12
32,hru32,0.293,0.42,0.0,0.0,0.851,1.865,0.0,0.0,0.0,315.641,2019-06-12
33,hru33,0.291,0.431,0.0,0.0,0.962,1.818,0.0,0.0,0.0,68.579,2019-06-12
34,hru34,0.291,0.431,0.0,0.0,0.962,1.818,0.0,0.0,0.0,69.017,2019-06-12
35,hru35,0.288,0.446,0.0,0.0,0.981,1.672,0.0,0.0,0.0,33.654,2019-06-12
36,hru36,0.291,0.431,0.0,0.0,0.962,1.818,0.0,0.0,0.0,68.446,2019-06-12
1,hru01,0.293,0.252,0.0,0.0,0.98,1.742,0.0,0.026,0.0,36.43,2019-06-13
2,hru02,0.295,0.249,0.0,0.835,0.056,1.901,0.0,0.0,0.0,1341.766,2019-06-13
3,hru03,0.289,0.576,0.0,0.0,0.979,0.508,0.0,0.027,0.0,11.448,2019-06-13
4,hru04,0.292,0.542,0.0,0.0,0.98,0.547,0.0,0.026,0.0,12.986,2019-06-13
5,hru05,0.294,0.258,0.0,0.0,0.95,1.776,0.0,0.0,0.0,88.355,2019-06-13
6,hru06,0.294,0.258,0.0,0.0,0.95,1.776,0.0,0.0,0.0,88.281,2019-06-13
7,hru07,0.297,0.243,0.0,0.0,0.81,1.933,0.0,0.0,0.0,441.118,2019-06-13
8,hru08,0.289,0.306,0.0,0.0,0.969,1.672,0.0,0.026,0.0,55.274,2019-06-13
9,hru09,0.295,0.255,0.0,0.0,0.862,1.894,0.0,0.0,0.0,253.016,2019-06-13
10,hru10,0.295,0.255,0.0,0.0,0.862,1.894,0.0,0.0,0.0,252.676,2019-06-13
11,hru11,0.298,0.24,0.0,0.0,0.925,1.95,0.0,0.0,0.0,152.233,2019-06-13
12,hru12,0.297,0.246,0.0,0.0,0.784,1.921,0.0,0.0,0.0,454.846,2019-06-13
13,hru13,0.298,0.24,0.0,0.509,0.0,1.952,0.0,0.0,0.0,2693.066,2019-06-13
14,hru14,0.297,0.246,0.0,0.0,0.784,1.921,0.0,0.0,0.0,454.958,2019-06-13
15,hru15,0.3,0.231,0.0,0.44,0.0,1.978,0.0,0.0,0.0,2757.743,2019-06-13
16,hru16,0.297,0.255,0.0,0.097,0.411,1.897,0.0,0.0,0.0,1220.521,2019-06-13
17,hru17,0.299,0.252,0.0,0.0,0.021,1.943,0.0,0.0,0.27,1950.628,2019-06-13
18,hru18,0.299,0.24,0.0,0.056,0.548,1.963,0.0,0.0,0.0,934.107,2019-06-13
19,hru19,0.302,0.234,0.0,0.0,0.0,1.99,0.0,0.0,0.0,2173.347,2019-06-13
20,hru20,0.299,0.255,0.0,0.319,0.0,1.995,0.0,0.0,0.093,2837.762,2019-06-13
21,hru21,0.3,0.231,0.0,0.0,0.321,1.978,0.0,0.0,0.0,1514.794,2019-06-13
22,hru22,0.299,0.24,0.0,0.057,0.547,1.963,0.0,0.0,0.0,935.832,2019-06-13
23,hru23,0.299,0.24,0.0,0.0,0.244,1.93,0.0,0.0,0.473,1534.069,2019-06-13
24,hru24,0.3,0.234,0.0,0.479,0.0,1.988,0.0,0.0,0.075,2752.491,2019-06-13
25,hru25,0.299,0.517,0.0,0.0,0.0,0.734,0.0,0.0,0.0,803.967,2019-06-13
26,hru26,0.298,0.246,0.0,0.486,0.0,1.991,0.0,0.0,0.088,2772.075,2019-06-13
27,hru27,0.296,0.249,0.0,0.541,0.0,1.928,0.0,0.0,0.0,2631.981,2019-06-13
28,hru28,0.298,0.0,0.0,0.0,0.0,0.0,0.0,0.0,0.0,0.0,2019-06-13
29,hru29,0.297,0.249,0.0,0.0,0.92,1.923,0.0,0.0,0.0,151.43,2019-06-13
30,hru30,0.296,0.249,0.0,0.0,0.932,1.902,0.0,0.0,0.0,128.673,2019-06-13
31,hru31,0.293,0.252,0.0,0.0,0.98,1.742,0.0,0.026,0.0,36.516,2019-06-13
32,hru32,0.298,0.24,0.0,0.0,0.841,1.952,0.0,0.0,0.0,363.297,2019-06-13
33,hru33,0.296,0.255,0.0,0.0,0.958,1.903,0.0,0.0,0.0,80.781,2019-06-13
34,hru34,0.296,0.255,0.0,0.0,0.958,1.903,0.0,0.0,0.0,81.301,2019-06-13
35,hru35,0.293,0.252,0.0,0.0,0.979,1.752,0.0,0.0,0.0,39.634,2019-06-13
36,hru36,0.296,0.255,0.0,0.0,0.958,1.903,0.0,0.0,0.0,80.623,2019-06-13
1,hru01,0.298,0.143,0.0,0.0,0.978,1.86,0.0,0.0,0.0,43.341,2019-06-14
2,hru02,0.301,0.138,0.0,0.841,0.0,2.022,0.0,0.0,0.0,1402.05,2019-06-14
3,hru03,0.295,0.363,0.0,0.0,0.977,0.558,0.0,0.026,0.0,14.519,2019-06-14
4,hru04,0.297,0.37,0.0,0.0,0.979,0.604,0.0,0.026,0.0,16.043,2019-06-14
5,hru05,0.3,0.136,0.0,0.0,0.946,1.893,0.0,0.0,0.0,105.761,2019-06-14
6,hru06,0.3,0.136,0.0,0.0,0.946,1.893,0.0,0.0,0.0,105.671,2019-06-14
7,hru07,0.303,0.138,0.0,0.0,0.802,2.056,0.0,0.0,0.0,511.049,2019-06-14
8,hru08,0.295,0.133,0.0,0.0,0.967,1.777,0.0,0.0,0.0,65.77,2019-06-14
9,hru09,0.301,0.138,0.0,0.0,0.853,2.013,0.0,0.0,0.0,303.087,2019-06-14
10,hru10,0.301,0.138,0.0,0.0,0.853,2.013,0.0,0.0,0.0,302.675,2019-06-14
11,hru11,0.303,0.136,0.0,0.0,0.92,2.073,0.0,0.0,0.0,179.855,2019-06-14
12,hru12,0.302,0.136,0.0,0.0,0.778,2.043,0.0,0.0,0.0,533.692,2019-06-14
13,hru13,0.304,0.133,0.0,0.592,0.0,2.075,0.0,0.0,0.0,2873.988,2019-06-14
14,hru14,0.302,0.136,0.0,0.0,0.777,2.043,0.0,0.0,0.0,533.825,2019-06-14
15,hru15,0.305,0.131,0.0,0.534,0.0,2.104,0.0,0.0,0.208,2966.149,2019-06-14
16,hru16,0.302,0.133,0.0,0.201,0.402,2.016,0.0,0.0,0.0,1434.367,2019-06-14
17,hru17,0.304,0.131,0.0,0.0,0.013,2.046,0.0,0.0,0.0,2220.097,2019-06-14
18,hru18,0.305,0.126,0.0,0.12,0.531,2.086,0.0,0.0,0.044,1101.401,2019-06-14
19,hru19,0.307,0.129,0.0,0.0,0.0,2.115,0.0,0.0,0.0,2460.431,2019-06-14
20,hru20,0.305,0.12,0.0,0.422,0.0,2.109,0.0,0.0,0.373,3094.478,2019-06-14
21,hru21,0.305,0.131,0.0,0.0,0.29,2.104,0.0,0.0,0.0,1767.674,2019-06-14
22,hru22,0.305,0.126,0.0,0.123,0.53,2.086,0.0,0.0,0.044,1103.452,2019-06-14
23,hru23,0.305,0.126,0.0,0.0,0.236,2.019,0.0,0.0,0.002,1727.42,2019-06-14
24,hru24,0.305,0.126,0.0,0.566,0.0,2.108,0.0,0.0,0.278,2947.171,2019-06-14
25,hru25,0.305,0.344,0.0,0.0,0.0,0.808,0.0,0.0,0.0,898.355,2019-06-14
26,hru26,0.304,0.124,0.0,0.572,0.0,2.108,0.0,0.0,0.373,2965.369,2019-06-14
27,hru27,0.302,0.136,0.0,0.618,0.0,2.049,0.0,0.0,0.0,2799.657,2019-06-14
28,hru28,0.303,0.366,0.0,0.0,0.98,0.0,0.0,0.0,0.0,0.0,2019-06-14
29,hru29,0.302,0.133,0.0,0.0,0.914,2.044,0.0,0.0,0.0,180.578,2019-06-14
30,hru30,0.302,0.136,0.0,0.0,0.927,2.023,0.0,0.0,0.0,153.578,2019-06-14
31,hru31,0.298,0.143,0.0,0.0,0.978,1.86,0.0,0.0,0.0,43.444,2019-06-14
32,hru32,0.304,0.133,0.0,0.0,0.835,2.075,0.0,0.0,0.0,421.859,2019-06-14
33,hru33,0.301,0.136,0.0,0.0,0.954,2.022,0.0,0.0,0.0,96.056,2019-06-14
34,hru34,0.301,0.136,0.0,0.0,0.954,2.022,0.0,0.0,0.0,96.68,2019-06-14
35,hru35,0.298,0.143,0.0,0.0,0.977,1.87,0.0,0.0,0.0,47.105,2019-06-14
36,hru36,0.301,0.136,0.0,0.0,0.955,2.022,0.0,0.0,0.0,95.867,2019-06-14
1,hru01,0.304,0.045,0.0,0.0,0.987,2.005,0.0,0.0,0.0,48.939,2019-06-15
2,hru02,0.307,0.055,0.0,0.784,0.429,2.171,0.0,0.0,0.0,1444.361,2019-06-15
3,hru03,0.301,0.229,0.0,0.0,0.989,0.644,0.0,0.026,0.0,17.101,2019-06-15
4,hru04,0.303,0.229,0.0,0.0,0.987,0.693,0.0,0.026,0.0,18.549,2019-06-15
5,hru05,0.306,0.048,0.0,0.0,0.97,2.041,0.0,0.0,0.0,119.663,2019-06-15
6,hru06,0.306,0.048,0.0,0.0,0.97,2.041,0.0,0.0,0.0,119.561,2019-06-15
7,hru07,0.309,0.058,0.0,0.0,0.891,2.205,0.0,0.0,0.0,563.406,2019-06-15
8,hru08,0.301,0.048,0.0,0.0,0.98,1.924,0.0,0.0,0.0,74.152,2019-06-15
9,hru09,0.307,0.046,0.0,0.0,0.93,2.162,0.0,0.0,0.0,341.962,2019-06-15
10,hru10,0.307,0.046,0.0,0.0,0.931,2.162,0.0,0.0,0.0,341.495,2019-06-15
11,hru11,0.309,0.059,0.0,0.0,0.955,2.223,0.0,0.0,0.0,201.006,2019-06-15
12,hru12,0.308,0.049,0.0,0.0,0.904,2.193,0.0,0.0,0.0,592.221,2019-06-15
13,hru13,0.31,0.059,0.0,0.59,0.0,2.226,0.0,0.0,0.0,2981.161,2019-06-15
14,hru14,0.308,0.049,0.0,0.0,0.904,2.193,0.0,0.0,0.0,592.37,2019-06-15
15,hru15,0.311,0.055,0.0,0.54,0.0,2.239,0.0,0.0,0.0,3088.205,2019-06-15
16,hru16,0.308,0.042,0.0,0.274,0.752,2.166,0.0,0.0,0.0,1591.02,2019-06-15
17,hru17,0.311,0.042,0.0,0.0,0.525,2.197,0.0,0.0,0.0,2446.654,2019-06-15
18,hru18,0.311,0.049,0.0,0.168,0.799,2.235,0.0,0.0,0.0,1224.544,2019-06-15
19,hru19,0.313,0.052,0.0,0.0,0.366,2.267,0.0,0.0,0.0,2687.379,2019-06-15
20,hru20,0.311,0.058,0.0,0.441,0.0,2.232,0.0,0.0,0.0,3240.483,2019-06-15
21,hru21,0.311,0.055,0.0,0.0,0.644,2.255,0.0,0.0,0.0,1953.742,2019-06-15
22,hru22,0.311,0.049,0.0,0.171,0.798,2.235,0.0,0.0,0.0,1226.836,2019-06-15
23,hru23,0.311,0.049,0.0,0.0,0.646,2.172,0.0,0.0,0.0,1924.425,2019-06-15
24,hru24,0.312,0.058,0.0,0.566,0.0,2.238,0.0,0.0,0.0,3060.288,2019-06-15
25,hru25,0.311,0.248,0.0,0.0,0.0,0.918,0.0,0.0,0.0,987.422,2019-06-15
26,hru26,0.31,0.058,0.0,0.569,0.0,2.229,0.0,0.0,0.0,3074.555,2019-06-15
27,hru27,0.308,0.055,0.0,0.611,0.0,2.199,0.0,0.0,0.0,2899.913,2019-06-15
28,hru28,0.309,0.25,0.0,0.0,0.988,0.002,0.0,0.11,0.0,0.211,2019-06-15
29,hru29,0.308,0.05,0.0,0.0,0.957,2.194,0.0,0.0,0.0,203.374,2019-06-15
30,hru30,0.308,0.055,0.0,0.0,0.963,2.172,0.0,0.0,0.0,172.893,2019-06-15
31,hru31,0.304,0.045,0.0,0.0,0.987,2.005,0.0,0.0,0.0,49.056,2019-06-15
32,hru32,0.31,0.059,0.0,0.0,0.917,2.226,0.0,0.0,0.0,465.243,2019-06-15
33,hru33,0.307,0.049,0.0,0.0,0.975,2.172,0.0,0.0,0.0,108.213,2019-06-15
34,hru34,0.307,0.049,0.0,0.0,0.974,2.172,0.0,0.0,0.0,108.921,2019-06-15
35,hru35,0.304,0.046,0.0,0.0,0.985,2.016,0.0,0.0,0.0,53.127,2019-06-15
36,hru36,0.307,0.049,0.0,0.0,0.975,2.172,0.0,0.0,0.0,107.999,2019-06-15
1,hru01,0.31,0.124,0.0,0.0,0.986,2.188,0.0,0.0,0.0,52.44,2019-06-16
2,hru02,0.312,0.152,0.0,0.771,0.386,2.349,0.0,0.0,0.0,1505.377,2019-06-16
3,hru03,0.306,0.341,0.0,0.0,0.987,0.764,0.0,0.0,0.0,18.55,2019-06-16
4,hru04,0.309,0.344,0.0,0.0,0.986,0.819,0.0,0.0,0.0,20.282,2019-06-16
5,hru05,0.311,0.131,0.0,0.0,0.968,2.222,0.0,0.0,0.0,127.839,2019-06-16
6,hru06,0.311,0.131,0.0,0.0,0.968,2.222,0.0,0.0,0.0,127.73,2019-06-16
7,hru07,0.314,0.157,0.0,0.0,0.883,2.382,0.0,0.0,0.0,594.636,2019-06-16
8,hru08,0.306,0.118,0.0,0.0,0.978,2.104,0.0,0.0,0.0,79.52,2019-06-16
9,hru09,0.313,0.131,0.0,0.0,0.925,2.345,0.0,0.0,0.0,361.656,2019-06-16
10,hru10,0.313,0.131,0.0,0.0,0.925,2.345,0.0,0.0,0.0,361.162,2019-06-16
11,hru11,0.315,0.155,0.0,0.0,0.952,2.4,0.0,0.0,0.0,213.992,2019-06-16
12,hru12,0.314,0.138,0.0,0.0,0.896,2.374,0.0,0.0,0.0,619.6,2019-06-16
13,hru13,0.315,0.155,0.0,0.601,0.0,2.402,0.0,0.0,0.0,3099.057,2019-06-16
14,hru14,0.314,0.138,0.0,0.0,0.896,2.374,0.0,0.0,0.0,619.755,2019-06-16
15,hru15,0.317,0.15,0.0,0.559,0.0,2.417,0.0,0.0,0.0,3221.66,2019-06-16
16,hru16,0.314,0.122,0.0,0.274,0.729,2.351,0.0,0.0,0.0,1662.151,2019-06-16
17,hru17,0.316,0.126,0.0,0.0,0.482,2.382,0.0,0.0,0.0,2584.941,2019-06-16
18,hru18,0.316,0.138,0.0,0.168,0.781,2.416,0.0,0.0,0.0,1283.011,2019-06-16
19,hru19,0.319,0.145,0.0,0.0,0.321,2.447,0.0,0.0,0.0,2873.902,2019-06-16
20,hru20,0.316,0.152,0.0,0.475,0.0,2.409,0.0,0.0,0.0,3403.737,2019-06-16
21,hru21,0.317,0.15,0.0,0.0,0.617,2.434,0.0,0.0,0.0,2057.64,2019-06-16
22,hru22,0.316,0.138,0.0,0.171,0.781,2.416,0.0,0.0,0.0,1285.416,2019-06-16
23,hru23,0.316,0.138,0.0,0.0,0.616,2.353,0.0,0.0,0.0,2025.744,2019-06-16
24,hru24,0.317,0.152,0.0,0.58,0.0,2.414,0.0,0.0,0.0,3186.25,2019-06-16
25,hru25,0.316,0.389,0.0,0.0,0.0,1.058,0.0,0.0,0.0,1112.763,2019-06-16
26,hru26,0.315,0.152,0.0,0.583,0.0,2.406,0.0,0.0,0.0,3200.076,2019-06-16
27,hru27,0.313,0.15,0.0,0.618,0.0,2.377,0.0,0.0,0.0,3011.079,2019-06-16
28,hru28,0.315,0.392,0.0,0.0,0.988,0.004,0.0,0.056,0.0,0.345,2019-06-16
29,hru29,0.314,0.14,0.0,0.0,0.954,2.374,0.0,0.0,0.0,215.557,2019-06-16
30,hru30,0.313,0.155,0.0,0.0,0.96,2.351,0.0,0.0,0.0,183.433,2019-06-16
31,hru31,0.31,0.124,0.0,0.0,0.986,2.188,0.0,0.0,0.0,52.566,2019-06-16
32,hru32,0.315,0.155,0.0,0.0,0.911,2.402,0.0,0.0,0.0,489.137,2019-06-16
33,hru33,0.313,0.14,0.0,0.0,0.973,2.353,0.0,0.0,0.0,115.41,2019-06-16
34,hru34,0.313,0.14,0.0,0.0,0.972,2.353,0.0,0.0,0.0,116.166,2019-06-16
35,hru35,0.31,0.126,0.0,0.0,0.984,2.198,0.0,0.0,0.0,57.098,2019-06-16
36,hru36,0.313,0.14,0.0,0.0,0.973,2.353,0.0,0.0,0.0,115.182,2019-06-16
1,hru01,0.315,0.118,0.0,0.0,0.988,2.341,0.0,0.0,0.0,57.617,2019-06-17
2,hru02,0.318,0.124,0.0,0.793,0.478,2.494,0.0,0.0,0.0,1592.639,2019-06-17
3,hru03,0.312,0.351,0.0,0.0,0.991,0.872,0.0,0.0,0.0,20.956,2019-06-17
4,hru04,0.315,0.344,0.0,0.0,0.989,0.93,0.0,0.0,0.0,23.054,2019-06-17
5,hru05,0.317,0.12,0.0,0.0,0.974,2.374,0.0,0.0,0.0,139.863,2019-06-17
6,hru06,0.317,0.12,0.0,0.0,0.974,2.374,0.0,0.0,0.0,139.743,2019-06-17
7,hru07,0.32,0.124,0.0,0.0,0.896,2.526,0.0,0.0,0.0,639.32,2019-06-17
8,hru08,0.312,0.124,0.0,0.0,0.982,2.259,0.0,0.0,0.0,87.482,2019-06-17
9,hru09,0.318,0.118,0.0,0.0,0.942,2.496,0.0,0.0,0.0,390.497,2019-06-17
10,hru10,0.318,0.118,0.0,0.0,0.942,2.496,0.0,0.0,0.0,389.965,2019-06-17
11,hru11,0.32,0.126,0.0,0.0,0.957,2.544,0.0,0.0,0.0,232.531,2019-06-17
12,hru12,0.319,0.115,0.0,0.0,0.913,2.523,0.0,0.0,0.0,659.419,2019-06-17
13,hru13,0.321,0.124,0.0,0.0,0.0,2.547,0.0,0.0,0.0,3251.963,2019-06-17
14,hru14,0.319,0.115,0.0,0.0,0.913,2.523,0.0,0.0,0.0,659.585,2019-06-17
15,hru15,0.322,0.12,0.0,0.0,0.0,2.562,0.0,0.0,0.0,3390.995,2019-06-17
16,hru16,0.32,0.113,0.0,0.295,0.788,2.504,0.0,0.0,0.0,1765.886,2019-06-17
17,hru17,0.322,0.111,0.0,0.0,0.566,2.534,0.0,0.0,0.0,2783.695,2019-06-17
18,hru18,0.322,0.115,0.0,0.183,0.8,2.565,0.0,0.0,0.0,1367.119,2019-06-17
19,hru19,0.324,0.113,0.0,0.026,0.347,2.593,0.0,0.0,0.0,3135.974,2019-06-17
20,hru20,0.322,0.113,0.0,0.0,0.0,2.553,0.0,0.0,0.0,3605.611,2019-06-17
21,hru21,0.322,0.12,0.0,0.0,0.638,2.579,0.0,0.0,0.0,2205.19,2019-06-17
22,hru22,0.322,0.115,0.0,0.186,0.8,2.565,0.0,0.0,0.0,1369.688,2019-06-17
23,hru23,0.322,0.115,0.0,0.0,0.648,2.502,0.0,0.0,0.0,2171.196,2019-06-17
24,hru24,0.322,0.122,0.0,0.0,0.0,2.559,0.0,0.0,0.0,3347.453,2019-06-17
25,hru25,0.322,0.335,0.0,0.0,0.0,1.172,0.0,0.0,0.0,1254.375,2019-06-17
26,hru26,0.321,0.118,0.0,0.0,0.0,2.551,0.0,0.0,0.0,3360.22,2019-06-17
27,hru27,0.319,0.122,0.0,0.0,0.0,2.523,0.0,0.0,0.0,3156.99,2019-06-17
28,hru28,0.32,0.354,0.0,0.0,0.989,0.007,0.0,0.045,0.0,0.539,2019-06-17
29,hru29,0.319,0.115,0.0,0.0,0.962,2.523,0.0,0.0,0.0,233.228,2019-06-17
30,hru30,0.319,0.124,0.0,0.0,0.966,2.495,0.0,0.0,0.0,198.677,2019-06-17
31,hru31,0.315,0.118,0.0,0.0,0.988,2.341,0.0,0.0,0.0,57.755,2019-06-17
32,hru32,0.321,0.124,0.0,0.0,0.919,2.547,0.0,0.0,0.0,523.223,2019-06-17
33,hru33,0.318,0.124,0.0,0.0,0.977,2.501,0.0,0.0,0.0,125.885,2019-06-17
34,hru34,0.318,0.124,0.0,0.0,0.977,2.501,0.0,0.0,0.0,126.71,2019-06-17
35,hru35,0.315,0.12,0.0,0.0,0.987,2.351,0.0,0.0,0.0,62.957,2019-06-17
36,hru36,0.318,0.124,0.0,0.0,0.977,2.501,0.0,0.0,0.0,125.635,2019-06-17
1,hru01,0.321,0.194,0.0,0.0,0.988,2.496,0.0,0.0,0.0,61.245,2019-06-18
2,hru02,0.323,0.178,0.0,0.778,0.473,2.646,0.0,0.0,0.0,1660.412,2019-06-18
3,hru03,0.317,0.478,0.0,0.0,0.991,0.986,0.0,0.0,0.0,22.55,2019-06-18
4,hru04,0.32,0.46,0.0,0.0,0.989,1.048,0.0,0.0,0.0,25.022,2019-06-18
5,hru05,0.322,0.191,0.0,0.0,0.974,2.528,0.0,0.0,0.0,148.215,2019-06-18
6,hru06,0.322,0.191,0.0,0.0,0.974,2.528,0.0,0.0,0.0,148.088,2019-06-18
7,hru07,0.325,0.167,0.0,0.0,0.897,2.677,0.0,0.0,0.0,673.827,2019-06-18
8,hru08,0.317,0.222,0.0,0.0,0.982,2.413,0.0,0.0,0.0,92.959,2019-06-18
9,hru09,0.323,0.194,0.0,0.0,0.942,2.649,0.0,0.0,0.0,409.476,2019-06-18
10,hru10,0.323,0.194,0.0,0.0,0.942,2.649,0.0,0.0,0.0,408.918,2019-06-18
11,hru11,0.325,0.167,0.0,0.0,0.957,2.694,0.0,0.0,0.0,247.083,2019-06-18
12,hru12,0.325,0.18,0.0,0.0,0.916,2.677,0.0,0.0,0.0,688.327,2019-06-18
13,hru13,0.326,0.17,0.0,0.0,0.0,2.698,0.0,0.0,0.0,3546.849,2019-06-18
14,hru14,0.325,0.18,0.0,0.0,0.916,2.677,0.0,0.0,0.0,688.499,2019-06-18
15,hru15,0.328,0.17,0.0,0.0,0.0,2.714,0.0,0.0,0.0,3690.672,2019-06-18
16,hru16,0.325,0.196,0.0,0.289,0.795,2.659,0.0,0.0,0.0,1836.539,2019-06-18
17,hru17,0.327,0.188,0.0,0.0,0.608,2.688,0.0,0.0,0.0,2930.535,2019-06-18
18,hru18,0.327,0.175,0.0,0.185,0.816,2.718,0.0,0.0,0.0,1435.098,2019-06-18
19,hru19,0.329,0.167,0.0,0.034,0.426,2.747,0.0,0.0,0.0,3361.188,2019-06-18
20,hru20,0.327,0.165,0.0,0.0,0.0,2.707,0.0,0.0,0.0,3913.4,2019-06-18
21,hru21,0.328,0.17,0.0,0.0,0.667,2.731,0.0,0.0,0.0,2328.834,2019-06-18
22,hru22,0.327,0.175,0.0,0.188,0.816,2.718,0.0,0.0,0.0,1437.8,2019-06-18
23,hru23,0.327,0.175,0.0,0.0,0.676,2.655,0.0,0.0,0.0,2289.314,2019-06-18
24,hru24,0.328,0.167,0.0,0.0,0.0,2.71,0.0,0.0,0.0,3646.877,2019-06-18
25,hru25,0.327,0.406,0.0,0.0,0.0,1.302,0.0,0.0,0.0,1398.744,2019-06-18
26,hru26,0.326,0.162,0.0,0.0,0.0,2.703,0.0,0.0,0.0,3664.458,2019-06-18
27,hru27,0.324,0.178,0.0,0.0,0.0,2.675,0.0,0.0,0.0,3450.627,2019-06-18
28,hru28,0.325,0.409,0.0,0.0,0.989,0.01,0.0,0.038,0.0,0.694,2019-06-18
29,hru29,0.324,0.18,0.0,0.0,0.962,2.677,0.0,0.0,0.0,245.766,2019-06-18
30,hru30,0.324,0.172,0.0,0.0,0.966,2.647,0.0,0.0,0.0,209.975,2019-06-18
31,hru31,0.321,0.194,0.0,0.0,0.988,2.496,0.0,0.0,0.0,61.392,2019-06-18
32,hru32,0.326,0.17,0.0,0.0,0.922,2.698,0.0,0.0,0.0,550.49,2019-06-18
33,hru33,0.323,0.186,0.0,0.0,0.977,2.653,0.0,0.0,0.0,133.457,2019-06-18
34,hru34,0.323,0.186,0.0,0.0,0.976,2.653,0.0,0.0,0.0,134.333,2019-06-18
35,hru35,0.32,0.188,0.0,0.0,0.987,2.505,0.0,0.0,0.0,67.129,2019-06-18
36,hru36,0.323,0.186,0.0,0.0,0.977,2.653,0.0,0.0,0.0,133.192,2019-06-18
1,hru01,0.326,0.165,0.0,0.0,0.988,2.63,0.0,0.0,0.0,63.435,2019-06-19
2,hru02,0.328,0.188,0.0,0.717,0.447,2.781,0.0,0.0,0.0,1703.477,2019-06-19
3,hru03,0.322,0.436,0.0,0.0,0.99,1.078,0.0,0.0,0.0,23.511,2019-06-19
4,hru04,0.325,0.422,0.0,0.0,0.988,1.146,0.0,0.0,0.0,26.231,2019-06-19
5,hru05,0.327,0.175,0.0,0.0,0.972,2.662,0.0,0.0,0.0,153.2,2019-06-19
6,hru06,0.327,0.175,0.0,0.0,0.972,2.662,0.0,0.0,0.0,153.068,2019-06-19
7,hru07,0.33,0.186,0.0,0.0,0.893,2.814,0.0,0.0,0.0,693.651,2019-06-19
8,hru08,0.322,0.188,0.0,0.0,0.982,2.541,0.0,0.0,0.0,96.15,2019-06-19
9,hru09,0.328,0.178,0.0,0.0,0.939,2.781,0.0,0.0,0.0,420.487,2019-06-19
10,hru10,0.328,0.178,0.0,0.0,0.939,2.781,0.0,0.0,0.0,419.915,2019-06-19
11,hru11,0.33,0.186,0.0,0.0,0.955,2.831,0.0,0.0,0.0,255.461,2019-06-19
12,hru12,0.33,0.188,0.0,0.0,0.911,2.811,0.0,0.0,0.0,704.39,2019-06-19
13,hru13,0.331,0.186,0.0,0.0,0.0,2.834,0.0,0.0,0.0,3706.449,2019-06-19
14,hru14,0.33,0.188,0.0,0.0,0.911,2.811,0.0,0.0,0.0,704.567,2019-06-19
15,hru15,0.333,0.186,0.0,0.0,0.0,2.849,0.0,0.0,0.0,3850.844,2019-06-19
16,hru16,0.33,0.186,0.0,0.254,0.784,2.79,0.0,0.0,0.0,1875.087,2019-06-19
17,hru17,0.332,0.191,0.0,0.0,0.587,2.82,0.0,0.0,0.0,3004.867,2019-06-19
18,hru18,0.332,0.188,0.0,0.0,0.806,2.852,0.0,0.0,0.0,1470.486,2019-06-19
19,hru19,0.335,0.186,0.0,0.033,0.399,2.882,0.0,0.0,0.0,3472.568,2019-06-19
20,hru20,0.332,0.196,0.0,0.0,0.0,2.843,0.0,0.0,0.0,4074.628,2019-06-19
21,hru21,0.333,0.186,0.0,0.0,0.651,2.866,0.0,0.0,0.0,2393.199,2019-06-19
22,hru22,0.332,0.188,0.0,0.0,0.806,2.852,0.0,0.0,0.0,1473.258,2019-06-19
23,hru23,0.332,0.188,0.0,0.0,0.659,2.789,0.0,0.0,0.0,2351.092,2019-06-19
24,hru24,0.333,0.186,0.0,0.0,0.0,2.846,0.0,0.0,0.0,3807.699,2019-06-19
25,hru25,0.332,0.446,0.0,0.0,0.0,1.417,0.0,0.0,0.0,1473.23,2019-06-19
26,hru26,0.331,0.188,0.0,0.0,0.0,2.84,0.0,0.0,0.0,3826.066,2019-06-19
27,hru27,0.329,0.188,0.0,0.0,0.0,2.809,0.0,0.0,0.0,3607.854,2019-06-19
28,hru28,0.33,0.432,0.0,0.0,0.988,0.014,0.0,0.034,0.0,0.786,2019-06-19
29,hru29,0.33,0.183,0.0,0.0,0.96,2.811,0.0,0.0,0.0,253.025,2019-06-19
30,hru30,0.329,0.186,0.0,0.0,0.964,2.783,0.0,0.0,0.0,216.504,2019-06-19
31,hru31,0.326,0.165,0.0,0.0,0.988,2.63,0.0,0.0,0.0,63.588,2019-06-19
32,hru32,0.331,0.186,0.0,0.0,0.918,2.834,0.0,0.0,0.0,565.465,2019-06-19
33,hru33,0.329,0.183,0.0,0.0,0.976,2.786,0.0,0.0,0.0,137.976,2019-06-19
34,hru34,0.329,0.183,0.0,0.0,0.975,2.786,0.0,0.0,0.0,138.882,2019-06-19
35,hru35,0.326,0.165,0.0,0.0,0.986,2.64,0.0,0.0,0.0,69.669,2019-06-19
36,hru36,0.329,0.183,0.0,0.0,0.976,2.786,0.0,0.0,0.0,137.703,2019-06-19
1,hru01,0.332,0.109,0.0,0.0,0.987,2.769,0.0,0.0,0.0,67.438,2019-06-20
2,hru02,0.334,0.124,0.0,0.72,0.399,2.911,0.0,0.0,0.0,1796.307,2019-06-20
3,hru03,0.327,0.351,0.0,0.0,0.989,1.182,0.0,0.0,0.0,25.333,2019-06-20
4,hru04,0.33,0.341,0.0,0.0,0.987,1.255,0.0,0.0,0.0,28.479,2019-06-20
5,hru05,0.333,0.115,0.0,0.0,0.97,2.797,0.0,0.0,0.0,162.059,2019-06-20
6,hru06,0.333,0.115,0.0,0.0,0.97,2.797,0.0,0.0,0.0,161.92,2019-06-20
7,hru07,0.335,0.124,0.0,0.0,0.885,2.944,0.0,0.0,0.0,727.541,2019-06-20
8,hru08,0.327,0.124,0.0,0.0,0.98,2.675,0.0,0.0,0.0,101.78,2019-06-20
9,hru09,0.334,0.115,0.0,0.0,0.934,2.913,0.0,0.0,0.0,439.318,2019-06-20
10,hru10,0.334,0.115,0.0,0.0,0.934,2.913,0.0,0.0,0.0,438.72,2019-06-20
11,hru11,0.336,0.124,0.0,0.0,0.952,2.96,0.0,0.0,0.0,269.759,2019-06-20
12,hru12,0.335,0.118,0.0,0.0,0.904,2.94,0.0,0.0,0.0,730.974,2019-06-20
13,hru13,0.337,0.122,0.0,0.0,0.0,2.963,0.0,0.0,0.0,3952.973,2019-06-20
14,hru14,0.335,0.118,0.0,0.0,0.904,2.94,0.0,0.0,0.0,731.157,2019-06-20
15,hru15,0.338,0.115,0.0,0.0,0.0,2.978,0.0,0.0,0.0,4091.784,2019-06-20
16,hru16,0.335,0.115,0.0,0.0,0.769,2.92,0.0,0.0,0.0,1937.322,2019-06-20
17,hru17,0.338,0.115,0.0,0.0,0.557,2.948,0.0,0.0,0.0,3122.097,2019-06-20
18,hru18,0.338,0.115,0.0,0.0,0.791,2.981,0.0,0.0,0.0,1527.632,2019-06-20
19,hru19,0.34,0.113,0.0,0.035,0.356,3.01,0.0,0.0,0.0,3646.517,2019-06-20
20,hru20,0.338,0.115,0.0,0.0,0.0,2.969,0.0,0.0,0.0,4304.22,2019-06-20
21,hru21,0.338,0.115,0.0,0.0,0.626,2.994,0.0,0.0,0.0,2496.6,2019-06-20
22,hru22,0.338,0.115,0.0,0.0,0.79,2.981,0.0,0.0,0.0,1530.516,2019-06-20
23,hru23,0.338,0.115,0.0,0.0,0.633,2.917,0.0,0.0,0.0,2450.77,2019-06-20
24,hru24,0.338,0.115,0.0,0.0,0.0,2.974,0.0,0.0,0.0,4049.298,2019-06-20
25,hru25,0.338,0.338,0.0,0.0,0.0,1.524,0.0,0.0,0.0,1578.877,2019-06-20
26,hru26,0.337,0.115,0.0,0.0,0.0,2.967,0.0,0.0,0.0,4062.588,2019-06-20
27,hru27,0.335,0.122,0.0,0.0,0.0,2.939,0.0,0.0,0.0,3852.116,2019-06-20
28,hru28,0.336,0.351,0.0,0.0,0.987,0.019,0.0,0.034,0.0,0.951,2019-06-20
29,hru29,0.335,0.115,0.0,0.0,0.957,2.941,0.0,0.0,0.0,265.45,2019-06-20
30,hru30,0.334,0.126,0.0,0.0,0.961,2.914,0.0,0.0,0.0,227.738,2019-06-20
31,hru31,0.332,0.109,0.0,0.0,0.987,2.769,0.0,0.0,0.0,67.6,2019-06-20
32,hru32,0.337,0.122,0.0,0.0,0.912,2.963,0.0,0.0,0.0,590.151,2019-06-20
33,hru33,0.334,0.12,0.0,0.0,0.973,2.917,0.0,0.0,0.0,145.978,2019-06-20
34,hru34,0.334,0.12,0.0,0.0,0.973,2.917,0.0,0.0,0.0,146.938,2019-06-20
35,hru35,0.331,0.111,0.0,0.0,0.985,2.778,0.0,0.0,0.0,74.319,2019-06-20
36,hru36,0.334,0.12,0.0,0.0,0.973,2.917,0.0,0.0,0.0,145.688,2019-06-20
1,hru01,0.336,0.258,0.0,0.0,0.988,2.919,0.0,0.0,0.0,72.141,2019-06-21
2,hru02,0.338,0.27,0.0,0.748,0.502,3.054,0.0,0.0,0.0,1897.777,2019-06-21
3,hru03,0.332,0.542,0.0,0.0,0.991,1.309,0.0,0.0,0.0,27.694,2019-06-21
4,hru04,0.335,0.531,0.0,0.0,0.989,1.385,0.0,0.0,0.0,31.284,2019-06-21
5,hru05,0.338,0.264,0.0,0.0,0.975,2.946,0.0,0.0,0.0,172.796,2019-06-21
6,hru06,0.338,0.264,0.0,0.0,0.975,2.946,0.0,0.0,0.0,172.647,2019-06-21
7,hru07,0.34,0.267,0.0,0.0,0.902,3.085,0.0,0.0,0.0,769.348,2019-06-21
8,hru08,0.332,0.277,0.0,0.0,0.983,2.823,0.0,0.0,0.0,108.644,2019-06-21
9,hru09,0.339,0.261,0.0,0.0,0.945,3.058,0.0,0.0,0.0,462.944,2019-06-21
10,hru10,0.339,0.261,0.0,0.0,0.945,3.058,0.0,0.0,0.0,462.314,2019-06-21
11,hru11,0.341,0.267,0.0,0.0,0.958,3.101,0.0,0.0,0.0,287.441,2019-06-21
12,hru12,0.34,0.261,0.0,0.0,0.92,3.083,0.0,0.0,0.0,765.065,2019-06-21
13,hru13,0.341,0.264,0.0,0.0,0.0,3.104,0.0,0.0,0.0,4268.927,2019-06-21
14,hru14,0.34,0.261,0.0,0.0,0.92,3.083,0.0,0.0,0.0,765.257,2019-06-21
15,hru15,0.343,0.264,0.0,0.0,0.0,3.12,0.0,0.0,0.0,4410.475,2019-06-21
16,hru16,0.34,0.255,0.0,0.0,0.808,3.065,0.0,0.0,0.0,2018.246,2019-06-21
17,hru17,0.343,0.255,0.0,0.0,0.634,3.091,0.0,0.0,0.0,3278.78,2019-06-21
18,hru18,0.343,0.258,0.0,0.0,0.829,3.123,0.0,0.0,0.0,1602.733,2019-06-21
19,hru19,0.345,0.255,0.0,0.0,0.467,3.153,0.0,0.0,0.0,3879.737,2019-06-21
20,hru20,0.342,0.264,0.0,0.0,0.0,3.111,0.0,0.0,0.0,4625.702,2019-06-21
21,hru21,0.343,0.264,0.0,0.0,0.69,3.137,0.0,0.0,0.0,2631.793,2019-06-21
22,hru22,0.343,0.258,0.0,0.0,0.829,3.123,0.0,0.0,0.0,1605.766,2019-06-21
23,hru23,0.343,0.258,0.0,0.0,0.698,3.06,0.0,0.0,0.0,2581.255,2019-06-21
24,hru24,0.343,0.261,0.0,0.0,0.0,3.116,0.0,0.0,0.0,4369.131,2019-06-21
25,hru25,0.342,0.528,0.0,0.0,0.0,1.654,0.0,0.0,0.0,1743.124,2019-06-21
26,hru26,0.342,0.261,0.0,0.0,0.0,3.109,0.0,0.0,0.0,4384.444,2019-06-21
27,hru27,0.339,0.264,0.0,0.0,0.0,3.081,0.0,0.0,0.0,4165.678,2019-06-21
28,hru28,0.341,0.531,0.0,0.0,0.989,0.025,0.0,0.033,0.0,1.165,2019-06-21
29,hru29,0.34,0.258,0.0,0.0,0.964,3.085,0.0,0.0,0.0,280.879,2019-06-21
30,hru30,0.339,0.27,0.0,0.0,0.968,3.056,0.0,0.0,0.0,241.682,2019-06-21
31,hru31,0.336,0.258,0.0,0.0,0.988,2.919,0.0,0.0,0.0,72.315,2019-06-21
32,hru32,0.341,0.264,0.0,0.0,0.926,3.104,0.0,0.0,0.0,621.68,2019-06-21
33,hru33,0.339,0.267,0.0,0.0,0.978,3.06,0.0,0.0,0.0,155.599,2019-06-21
34,hru34,0.339,0.267,0.0,0.0,0.978,3.06,0.0,0.0,0.0,156.623,2019-06-21
35,hru35,0.336,0.261,0.0,0.0,0.987,2.928,0.0,0.0,0.0,79.781,2019-06-21
36,hru36,0.339,0.267,0.0,0.0,0.978,3.06,0.0,0.0,0.0,155.289,2019-06-21
1,hru01,0.342,0.157,0.0,0.0,0.991,3.031,0.0,0.0,0.0,75.694,2019-06-22
2,hru02,0.344,0.143,0.0,0.713,0.544,3.16,0.0,0.0,0.0,1974.875,2019-06-22
3,hru03,0.337,0.422,0.0,0.0,0.994,1.395,0.0,0.0,0.0,29.396,2019-06-22
4,hru04,0.341,0.406,0.0,0.0,0.991,1.473,0.0,0.0,0.0,33.41,2019-06-22
5,hru05,0.343,0.152,0.0,0.0,0.977,3.056,0.0,0.0,0.0,180.472,2019-06-22
6,hru06,0.343,0.152,0.0,0.0,0.977,3.056,0.0,0.0,0.0,180.316,2019-06-22
7,hru07,0.346,0.131,0.0,0.0,0.907,3.191,0.0,0.0,0.0,799.191,2019-06-22
8,hru08,0.337,0.178,0.0,0.0,0.988,2.934,0.0,0.0,0.0,113.781,2019-06-22
9,hru09,0.344,0.152,0.0,0.0,0.95,3.166,0.0,0.0,0.0,479.863,2019-06-22
10,hru10,0.344,0.152,0.0,0.0,0.95,3.166,0.0,0.0,0.0,479.211,2019-06-22
11,hru11,0.346,0.131,0.0,0.0,0.96,3.207,0.0,0.0,0.0,300.091,2019-06-22
12,hru12,0.345,0.143,0.0,0.0,0.928,3.19,0.0,0.0,0.0,789.169,2019-06-22
13,hru13,0.347,0.136,0.0,0.0,0.0,3.21,0.0,0.0,0.0,4490.945,2019-06-22
14,hru14,0.345,0.143,0.0,0.0,0.927,3.19,0.0,0.0,0.0,789.367,2019-06-22
15,hru15,0.349,0.131,0.0,0.0,0.0,3.225,0.0,0.0,0.0,4632.201,2019-06-22
16,hru16,0.346,0.147,0.0,0.0,0.832,3.173,0.0,0.0,0.0,2076.609,2019-06-22
17,hru17,0.348,0.14,0.0,0.0,0.684,3.198,0.0,0.0,0.0,3389.524,2019-06-22
18,hru18,0.348,0.136,0.0,0.0,0.845,3.229,0.0,0.0,0.0,1654.272,2019-06-22
19,hru19,0.351,0.129,0.0,0.0,0.514,3.259,0.0,0.0,0.0,4040.566,2019-06-22
20,hru20,0.348,0.129,0.0,0.0,0.0,3.215,0.0,0.0,0.0,4846.047,2019-06-22
21,hru21,0.349,0.131,0.0,0.0,0.715,3.241,0.0,0.0,0.0,2725.377,2019-06-22
22,hru22,0.348,0.136,0.0,0.0,0.845,3.229,0.0,0.0,0.0,1657.406,2019-06-22
23,hru23,0.348,0.136,0.0,0.0,0.725,3.166,0.0,0.0,0.0,2671.664,2019-06-22
24,hru24,0.349,0.133,0.0,0.0,0.0,3.221,0.0,0.0,0.0,4591.312,2019-06-22
25,hru25,0.348,0.357,0.0,0.0,0.0,1.741,0.0,0.0,0.0,1842.156,2019-06-22
26,hru26,0.347,0.129,0.0,0.0,0.0,3.214,0.0,0.0,0.0,4605.563,2019-06-22
27,hru27,0.345,0.138,0.0,0.0,0.0,3.187,0.0,0.0,0.0,4387.627,2019-06-22
28,hru28,0.346,0.36,0.0,0.0,0.99,0.031,0.0,0.031,0.0,1.325,2019-06-22
29,hru29,0.345,0.145,0.0,0.0,0.967,3.193,0.0,0.0,0.0,291.828,2019-06-22
30,hru30,0.345,0.138,0.0,0.0,0.97,3.162,0.0,0.0,0.0,251.522,2019-06-22
31,hru31,0.342,0.157,0.0,0.0,0.991,3.031,0.0,0.0,0.0,75.877,2019-06-22
32,hru32,0.347,0.136,0.0,0.0,0.931,3.21,0.0,0.0,0.0,643.957,2019-06-22
33,hru33,0.344,0.147,0.0,0.0,0.98,3.167,0.0,0.0,0.0,162.446,2019-06-22
34,hru34,0.344,0.147,0.0,0.0,0.979,3.167,0.0,0.0,0.0,163.516,2019-06-22
35,hru35,0.341,0.15,0.0,0.0,0.988,3.039,0.0,0.0,0.0,83.834,2019-06-22
36,hru36,0.344,0.147,0.0,0.0,0.98,3.167,0.0,0.0,0.0,162.123,2019-06-22
1,hru01,0.347,0.101,0.0,0.0,0.991,3.162,0.0,0.0,0.0,79.412,2019-06-23
2,hru02,0.349,0.091,0.0,0.715,0.512,3.289,0.0,0.0,0.0,2092.785,2019-06-23
3,hru03,0.343,0.354,0.0,0.0,0.994,1.506,0.0,0.0,0.0,30.946,2019-06-23
4,hru04,0.346,0.335,0.0,0.0,0.991,1.589,0.0,0.0,0.0,35.861,2019-06-23
5,hru05,0.349,0.101,0.0,0.0,0.976,3.186,0.0,0.0,0.0,189.631,2019-06-23
6,hru06,0.349,0.101,0.0,0.0,0.976,3.186,0.0,0.0,0.0,189.468,2019-06-23
7,hru07,0.352,0.083,0.0,0.0,0.901,3.322,0.0,0.0,0.0,836.929,2019-06-23
8,hru08,0.343,0.126,0.0,0.0,0.987,3.062,0.0,0.0,0.0,118.733,2019-06-23
9,hru09,0.35,0.105,0.0,0.0,0.947,3.292,0.0,0.0,0.0,500.178,2019-06-23
10,hru10,0.35,0.105,0.0,0.0,0.947,3.292,0.0,0.0,0.0,499.498,2019-06-23
11,hru11,0.352,0.083,0.0,0.0,0.958,3.337,0.0,0.0,0.0,316.258,2019-06-23
12,hru12,0.351,0.097,0.0,0.0,0.923,3.318,0.0,0.0,0.0,818.113,2019-06-23
13,hru13,0.353,0.087,0.0,0.0,0.0,3.339,0.0,0.0,0.0,4836.524,2019-06-23
14,hru14,0.351,0.097,0.0,0.0,0.923,3.318,0.0,0.0,0.0,818.318,2019-06-23
15,hru15,0.354,0.083,0.0,0.0,0.0,3.353,0.0,0.0,0.0,4976.842,2019-06-23
16,hru16,0.351,0.107,0.0,0.0,0.823,3.301,0.0,0.0,0.0,2143.039,2019-06-23
17,hru17,0.354,0.105,0.0,0.0,0.666,3.326,0.0,0.0,0.0,3513.592,2019-06-23
18,hru18,0.354,0.091,0.0,0.0,0.833,3.357,0.0,0.0,0.0,1715.991,2019-06-23
19,hru19,0.356,0.085,0.0,0.0,0.48,3.387,0.0,0.0,0.0,4232.307,2019-06-23
20,hru20,0.354,0.085,0.0,0.0,0.0,3.343,0.0,0.0,0.0,5181.119,2019-06-23
21,hru21,0.354,0.083,0.0,0.0,0.694,3.37,0.0,0.0,0.0,2838.8,2019-06-23
22,hru22,0.354,0.091,0.0,0.0,0.832,3.357,0.0,0.0,0.0,1719.246,2019-06-23
23,hru23,0.354,0.091,0.0,0.0,0.704,3.294,0.0,0.0,0.0,2780.321,2019-06-23
24,hru24,0.355,0.083,0.0,0.0,0.0,3.349,0.0,0.0,0.0,4934.157,2019-06-23
25,hru25,0.354,0.293,0.0,0.0,0.0,1.86,0.0,0.0,0.0,2017.705,2019-06-23
26,hru26,0.353,0.083,0.0,0.0,0.0,3.343,0.0,0.0,0.0,4944.308,2019-06-23
27,hru27,0.351,0.095,0.0,0.0,0.0,3.316,0.0,0.0,0.0,4731.896,2019-06-23
28,hru28,0.352,0.29,0.0,0.0,0.989,0.04,0.0,0.031,0.0,1.547,2019-06-23
29,hru29,0.351,0.095,0.0,0.0,0.965,3.32,0.0,0.0,0.0,305.217,2019-06-23
30,hru30,0.35,0.089,0.0,0.0,0.968,3.292,0.0,0.0,0.0,263.653,2019-06-23
31,hru31,0.347,0.101,0.0,0.0,0.991,3.162,0.0,0.0,0.0,79.603,2019-06-23
32,hru32,0.353,0.087,0.0,0.0,0.926,3.339,0.0,0.0,0.0,671.634,2019-06-23
33,hru33,0.35,0.099,0.0,0.0,0.979,3.294,0.0,0.0,0.0,170.808,2019-06-23
34,hru34,0.35,0.099,0.0,0.0,0.978,3.294,0.0,0.0,0.0,171.934,2019-06-23
35,hru35,0.347,0.097,0.0,0.0,0.988,3.171,0.0,0.0,0.0,88.539,2019-06-23
36,hru36,0.35,0.099,0.0,0.0,0.979,3.294,0.0,0.0,0.0,170.468,2019-06-23
1,hru01,0.353,0.136,0.0,0.0,0.99,3.301,0.0,0.0,0.0,82.173,2019-06-24
2,hru02,0.355,0.138,0.0,0.676,0.487,3.425,0.0,0.0,0.0,2178.203,2019-06-24
3,hru03,0.348,0.37,0.0,0.0,0.994,1.633,0.0,0.0,0.0,32.123,2019-06-24
4,hru04,0.352,0.366,0.0,0.0,0.99,1.718,0.0,0.0,0.0,37.744,2019-06-24
5,hru05,0.354,0.133,0.0,0.0,0.975,3.325,0.0,0.0,0.0,196.65,2019-06-24
6,hru06,0.354,0.133,0.0,0.0,0.975,3.325,0.0,0.0,0.0,196.481,2019-06-24
7,hru07,0.357,0.133,0.0,0.0,0.896,3.459,0.0,0.0,0.0,866.654,2019-06-24
8,hru08,0.348,0.138,0.0,0.0,0.987,3.199,0.0,0.0,0.0,122.406,2019-06-24
9,hru09,0.355,0.133,0.0,0.0,0.944,3.425,0.0,0.0,0.0,515.892,2019-06-24
10,hru10,0.355,0.133,0.0,0.0,0.944,3.425,0.0,0.0,0.0,515.191,2019-06-24
11,hru11,0.358,0.126,0.0,0.0,0.955,3.473,0.0,0.0,0.0,329.045,2019-06-24
12,hru12,0.357,0.126,0.0,0.0,0.919,3.452,0.0,0.0,0.0,840.937,2019-06-24
13,hru13,0.358,0.126,0.0,0.0,0.0,3.474,0.0,0.0,0.0,5108.264,2019-06-24
14,hru14,0.357,0.126,0.0,0.0,0.919,3.452,0.0,0.0,0.0,841.149,2019-06-24
15,hru15,0.36,0.122,0.0,0.0,0.0,3.488,0.0,0.0,0.0,5250.292,2019-06-24
16,hru16,0.357,0.124,0.0,0.0,0.814,3.432,0.0,0.0,0.0,2195.519,2019-06-24
17,hru17,0.359,0.122,0.0,0.0,0.649,3.456,0.0,0.0,0.0,3612.807,2019-06-24
18,hru18,0.36,0.12,0.0,0.0,0.824,3.49,0.0,0.0,0.0,1765.485,2019-06-24
19,hru19,0.362,0.12,0.0,0.0,0.455,3.52,0.0,0.0,0.0,4388.104,2019-06-24
20,hru20,0.359,0.115,0.0,0.0,0.0,3.477,0.0,0.0,0.0,5464.753,2019-06-24
21,hru21,0.36,0.122,0.0,0.0,0.68,3.505,0.0,0.0,0.0,2930.237,2019-06-24
22,hru22,0.36,0.12,0.0,0.0,0.824,3.49,0.0,0.0,0.0,1768.839,2019-06-24
23,hru23,0.36,0.12,0.0,0.0,0.69,3.427,0.0,0.0,0.0,2867.206,2019-06-24
24,hru24,0.36,0.118,0.0,0.0,0.0,3.483,0.0,0.0,0.0,5209.842,2019-06-24
25,hru25,0.359,0.338,0.0,0.0,0.0,1.988,0.0,0.0,0.0,2176.215,2019-06-24
26,hru26,0.359,0.118,0.0,0.0,0.0,3.477,0.0,0.0,0.0,5226.918,2019-06-24
27,hru27,0.356,0.126,0.0,0.0,0.0,3.451,0.0,0.0,0.0,4998.793,2019-06-24
28,hru28,0.358,0.354,0.0,0.0,0.988,0.052,0.0,0.03,0.0,1.737,2019-06-24
29,hru29,0.357,0.129,0.0,0.0,0.963,3.454,0.0,0.0,0.0,315.646,2019-06-24
30,hru30,0.356,0.133,0.0,0.0,0.966,3.429,0.0,0.0,0.0,273.174,2019-06-24
31,hru31,0.353,0.136,0.0,0.0,0.99,3.301,0.0,0.0,0.0,82.372,2019-06-24
32,hru32,0.358,0.126,0.0,0.0,0.923,3.474,0.0,0.0,0.0,693.638,2019-06-24
33,hru33,0.356,0.138,0.0,0.0,0.977,3.429,0.0,0.0,0.0,177.243,2019-06-24
34,hru34,0.356,0.138,0.0,0.0,0.977,3.429,0.0,0.0,0.0,178.412,2019-06-24
35,hru35,0.353,0.136,0.0,0.0,0.987,3.311,0.0,0.0,0.0,92.089,2019-06-24
36,hru36,0.356,0.138,0.0,0.0,0.977,3.429,0.0,0.0,0.0,176.89,2019-06-24
1,hru01,0.359,0.061,0.0,0.0,0.99,3.426,0.0,0.0,0.0,85.696,2019-06-25
2,hru02,0.361,0.052,0.0,0.654,0.437,3.544,0.0,0.0,0.0,2298.755,2019-06-25
3,hru03,0.354,0.253,0.0,0.0,0.993,1.754,0.0,0.0,0.0,33.742,2019-06-25
4,hru04,0.358,0.248,0.0,0.0,0.989,1.837,0.0,0.0,0.0,40.292,2019-06-25
5,hru05,0.36,0.055,0.0,0.0,0.973,3.449,0.0,0.0,0.0,205.876,2019-06-25
6,hru06,0.36,0.055,0.0,0.0,0.973,3.449,0.0,0.0,0.0,205.699,2019-06-25
7,hru07,0.363,0.049,0.0,0.0,0.887,3.576,0.0,0.0,0.0,906.313,2019-06-25
8,hru08,0.354,0.061,0.0,0.0,0.986,3.328,0.0,0.0,0.0,127.163,2019-06-25
9,hru09,0.361,0.056,0.0,0.0,0.938,3.544,0.0,0.0,0.0,536.891,2019-06-25
10,hru10,0.361,0.056,0.0,0.0,0.939,3.544,0.0,0.0,0.0,536.161,2019-06-25
11,hru11,0.364,0.046,0.0,0.0,0.951,3.591,0.0,0.0,0.0,346.251,2019-06-25
12,hru12,0.363,0.05,0.0,0.0,0.91,3.571,0.0,0.0,0.0,872.081,2019-06-25
13,hru13,0.364,0.046,0.0,0.0,0.0,3.592,0.0,0.0,0.0,5447.881,2019-06-25
14,hru14,0.363,0.05,0.0,0.0,0.91,3.571,0.0,0.0,0.0,872.302,2019-06-25
15,hru15,0.366,0.043,0.0,0.0,0.0,3.606,0.0,0.0,0.0,5597.665,2019-06-25
16,hru16,0.363,0.053,0.0,0.0,0.79,3.554,0.0,0.0,0.0,2267.548,2019-06-25
17,hru17,0.365,0.049,0.0,0.0,0.606,3.575,0.0,0.0,0.0,3751.475,2019-06-25
18,hru18,0.366,0.045,0.0,0.0,0.803,3.609,0.0,0.0,0.0,1834.507,2019-06-25
19,hru19,0.368,0.045,0.0,0.0,0.398,3.638,0.0,0.0,0.0,4608.08,2019-06-25
20,hru20,0.365,0.041,0.0,0.0,0.0,3.596,0.0,0.0,0.0,5835.047,2019-06-25
21,hru21,0.366,0.043,0.0,0.0,0.646,3.622,0.0,0.0,0.0,3057.19,2019-06-25
22,hru22,0.366,0.045,0.0,0.0,0.803,3.609,0.0,0.0,0.0,1837.999,2019-06-25
23,hru23,0.366,0.045,0.0,0.0,0.654,3.546,0.0,0.0,0.0,2988.183,2019-06-25
24,hru24,0.366,0.042,0.0,0.0,0.0,3.601,0.0,0.0,0.0,5561.554,2019-06-25
25,hru25,0.365,0.216,0.0,0.0,0.0,2.099,0.0,0.0,0.0,2380.078,2019-06-25
26,hru26,0.365,0.042,0.0,0.0,0.0,3.595,0.0,0.0,0.0,5590.906,2019-06-25
27,hru27,0.362,0.048,0.0,0.0,0.0,3.57,0.0,0.0,0.0,5334.992,2019-06-25
28,hru28,0.364,0.226,0.0,0.0,0.987,0.066,0.0,0.029,0.0,2.032,2019-06-25
29,hru29,0.363,0.05,0.0,0.0,0.96,3.573,0.0,0.0,0.0,329.585,2019-06-25
30,hru30,0.362,0.049,0.0,0.0,0.963,3.548,0.0,0.0,0.0,285.876,2019-06-25
31,hru31,0.359,0.061,0.0,0.0,0.99,3.426,0.0,0.0,0.0,85.903,2019-06-25
32,hru32,0.364,0.046,0.0,0.0,0.915,3.592,0.0,0.0,0.0,723.655,2019-06-25
33,hru33,0.362,0.056,0.0,0.0,0.975,3.547,0.0,0.0,0.0,185.645,2019-06-25
34,hru34,0.362,0.056,0.0,0.0,0.975,3.547,0.0,0.0,0.0,186.871,2019-06-25
35,hru35,0.359,0.059,0.0,0.0,0.986,3.436,0.0,0.0,0.0,96.631,2019-06-25
36,hru36,0.362,0.056,0.0,0.0,0.975,3.547,0.0,0.0,0.0,185.275,2019-06-25
1,hru01,0.365,0.024,0.0,0.0,0.988,3.564,0.0,0.0,0.0,90.483,2019-06-26
2,hru02,0.367,0.022,0.0,0.657,0.374,3.678,0.0,0.0,0.0,2460.469,2019-06-26
3,hru03,0.361,0.179,0.0,0.0,0.992,1.897,0.0,0.0,0.0,36.036,2019-06-26
4,hru04,0.364,0.177,0.0,0.0,0.988,1.976,0.0,0.0,0.0,43.805,2019-06-26
5,hru05,0.367,0.023,0.0,0.0,0.97,3.588,0.0,0.0,0.0,218.442,2019-06-26
6,hru06,0.367,0.023,0.0,0.0,0.97,3.588,0.0,0.0,0.0,218.254,2019-06-26
7,hru07,0.37,0.022,0.0,0.0,0.873,3.709,0.0,0.0,0.0,959.251,2019-06-26
8,hru08,0.361,0.024,0.0,0.0,0.984,3.471,0.0,0.0,0.0,133.519,2019-06-26
9,hru09,0.368,0.024,0.0,0.0,0.931,3.677,0.0,0.0,0.0,565.271,2019-06-26
10,hru10,0.368,0.024,0.0,0.0,0.931,3.677,0.0,0.0,0.0,564.502,2019-06-26
11,hru11,0.37,0.02,0.0,0.0,0.945,3.724,0.0,0.0,0.0,369.102,2019-06-26
12,hru12,0.369,0.021,0.0,0.0,0.897,3.704,0.0,0.0,0.0,913.817,2019-06-26
13,hru13,0.371,0.019,0.0,0.0,0.0,3.725,0.0,0.0,0.0,5892.471,2019-06-26
14,hru14,0.369,0.021,0.0,0.0,0.897,3.704,0.0,0.0,0.0,914.049,2019-06-26
15,hru15,0.373,0.018,0.0,0.0,0.0,3.737,0.0,0.0,0.0,6042.74,2019-06-26
16,hru16,0.369,0.021,0.0,0.0,0.763,3.686,0.0,0.0,0.0,2363.182,2019-06-26
17,hru17,0.372,0.02,0.0,0.0,0.545,3.707,0.0,0.0,0.0,3931.624,2019-06-26
18,hru18,0.372,0.019,0.0,0.0,0.772,3.741,0.0,0.0,0.0,1926.188,2019-06-26
19,hru19,0.375,0.017,0.0,0.0,0.321,3.767,0.0,0.0,0.0,4888.09,2019-06-26
20,hru20,0.372,0.017,0.0,0.0,0.0,3.727,0.0,0.0,0.0,6276.175,2019-06-26
21,hru21,0.373,0.018,0.0,0.0,0.599,3.754,0.0,0.0,0.0,3222.134,2019-06-26
22,hru22,0.372,0.019,0.0,0.0,0.772,3.741,0.0,0.0,0.0,1929.865,2019-06-26
23,hru23,0.372,0.019,0.0,0.0,0.604,3.677,0.0,0.0,0.0,3148.05,2019-06-26
24,hru24,0.373,0.017,0.0,0.0,0.0,3.733,0.0,0.0,0.0,6006.57,2019-06-26
25,hru25,0.372,0.163,0.0,0.0,0.0,2.225,0.0,0.0,0.0,2648.796,2019-06-26
26,hru26,0.371,0.017,0.0,0.0,0.0,3.726,0.0,0.0,0.0,6033.272,2019-06-26
27,hru27,0.369,0.021,0.0,0.0,0.0,3.704,0.0,0.0,0.0,5777.638,2019-06-26
28,hru28,0.37,0.17,0.0,0.0,0.986,0.087,0.0,0.029,0.0,2.474,2019-06-26
29,hru29,0.369,0.022,0.0,0.0,0.955,3.705,0.0,0.0,0.0,348.344,2019-06-26
30,hru30,0.368,0.022,0.0,0.0,0.958,3.682,0.0,0.0,0.0,303.112,2019-06-26
31,hru31,0.365,0.024,0.0,0.0,0.988,3.564,0.0,0.0,0.0,90.702,2019-06-26
32,hru32,0.371,0.019,0.0,0.0,0.905,3.725,0.0,0.0,0.0,763.129,2019-06-26
33,hru33,0.368,0.024,0.0,0.0,0.973,3.679,0.0,0.0,0.0,197.118,2019-06-26
34,hru34,0.368,0.024,0.0,0.0,0.973,3.679,0.0,0.0,0.0,198.422,2019-06-26
35,hru35,0.365,0.024,0.0,0.0,0.985,3.574,0.0,0.0,0.0,102.846,2019-06-26
36,hru36,0.368,0.024,0.0,0.0,0.973,3.679,0.0,0.0,0.0,196.724,2019-06-26
1,hru01,0.372,0.01,0.0,0.0,0.988,3.708,0.0,0.0,0.0,95.81,2019-06-27
2,hru02,0.374,0.006,0.0,0.639,0.296,3.814,0.0,0.0,0.0,2620.283,2019-06-27
3,hru03,0.368,0.125,0.0,0.0,0.991,2.05,0.0,0.0,0.0,38.786,2019-06-27
4,hru04,0.371,0.131,0.0,0.0,0.987,2.123,0.0,0.0,0.0,47.839,2019-06-27
5,hru05,0.374,0.006,0.0,0.0,0.966,3.73,0.0,0.0,0.0,232.451,2019-06-27
6,hru06,0.374,0.006,0.0,0.0,0.966,3.73,0.0,0.0,0.0,232.25,2019-06-27
7,hru07,0.376,0.006,0.0,0.0,0.86,3.842,0.0,0.0,0.0,1018.495,2019-06-27
8,hru08,0.368,0.005,0.0,0.0,0.982,3.621,0.0,0.0,0.0,140.692,2019-06-27
9,hru09,0.375,0.006,0.0,0.0,0.922,3.812,0.0,0.0,0.0,597.3,2019-06-27
10,hru10,0.375,0.006,0.0,0.0,0.922,3.812,0.0,0.0,0.0,596.487,2019-06-27
11,hru11,0.377,0.005,0.0,0.0,0.939,3.857,0.0,0.0,0.0,394.72,2019-06-27
12,hru12,0.376,0.004,0.0,0.0,0.882,3.838,0.0,0.0,0.0,961.983,2019-06-27
13,hru13,0.378,0.005,0.0,0.0,0.0,3.858,0.0,0.0,0.0,6350.57,2019-06-27
14,hru14,0.376,0.004,0.0,0.0,0.882,3.838,0.0,0.0,0.0,962.227,2019-06-27
15,hru15,0.379,0.003,0.0,0.0,0.0,3.869,0.0,0.0,0.0,6501.744,2019-06-27
16,hru16,0.376,0.003,0.0,0.0,0.729,3.822,0.0,0.0,0.0,2473.427,2019-06-27
17,hru17,0.379,0.002,0.0,0.0,0.479,3.84,0.0,0.0,0.0,4143.308,2019-06-27
18,hru18,0.379,0.002,0.0,0.0,0.739,3.873,0.0,0.0,0.0,2032.481,2019-06-27
19,hru19,0.382,0.002,0.0,0.0,0.246,3.898,0.0,0.0,0.0,5206.29,2019-06-27
20,hru20,0.379,0.001,0.0,0.0,0.0,3.858,0.0,0.0,0.0,6736.409,2019-06-27
21,hru21,0.379,0.003,0.0,0.0,0.552,3.885,0.0,0.0,0.0,3409.921,2019-06-27
22,hru22,0.379,0.002,0.0,0.0,0.739,3.873,0.0,0.0,0.0,2036.376,2019-06-27
23,hru23,0.379,0.002,0.0,0.0,0.55,3.809,0.0,0.0,0.0,3332.039,2019-06-27
24,hru24,0.38,0.003,0.0,0.0,0.0,3.864,0.0,0.0,0.0,6465.98,2019-06-27
25,hru25,0.379,0.096,0.0,0.0,0.0,2.347,0.0,0.0,0.0,2944.841,2019-06-27
26,hru26,0.378,0.002,0.0,0.0,0.0,3.857,0.0,0.0,0.0,6493.471,2019-06-27
27,hru27,0.376,0.003,0.0,0.0,0.0,3.838,0.0,0.0,0.0,6233.842,2019-06-27
28,hru28,0.377,0.123,0.0,0.0,0.984,0.116,0.0,0.029,0.0,3.038,2019-06-27
29,hru29,0.376,0.004,0.0,0.0,0.949,3.839,0.0,0.0,0.0,369.466,2019-06-27
30,hru30,0.375,0.005,0.0,0.0,0.953,3.818,0.0,0.0,0.0,322.659,2019-06-27
31,hru31,0.372,0.01,0.0,0.0,0.988,3.708,0.0,0.0,0.0,96.042,2019-06-27
32,hru32,0.378,0.005,0.0,0.0,0.894,3.858,0.0,0.0,0.0,807.617,2019-06-27
33,hru33,0.375,0.007,0.0,0.0,0.969,3.814,0.0,0.0,0.0,209.852,2019-06-27
34,hru34,0.375,0.007,0.0,0.0,0.969,3.814,0.0,0.0,0.0,211.244,2019-06-27
35,hru35,0.372,0.01,0.0,0.0,0.984,3.717,0.0,0.0,0.0,109.743,2019-06-27
36,hru36,0.375,0.007,0.0,0.0,0.969,3.814,0.0,0.0,0.0,209.432,2019-06-27
1,hru01,0.379,0.001,0.0,0.0,0.989,3.848,0.0,0.0,0.0,100.334,2019-06-28
2,hru02,0.381,0.006,0.0,0.588,0.343,3.947,0.0,0.0,0.0,2752.046,2019-06-28
3,hru03,0.375,0.093,0.0,0.0,0.99,2.203,0.0,0.0,0.0,41.383,2019-06-28
4,hru04,0.378,0.096,0.0,0.0,0.987,2.266,0.0,0.0,0.0,51.498,2019-06-28
5,hru05,0.38,0.002,0.0,0.0,0.968,3.871,0.0,0.0,0.0,245.034,2019-06-28
6,hru06,0.38,0.002,0.0,0.0,0.968,3.871,0.0,0.0,0.0,244.822,2019-06-28
7,hru07,0.383,0.007,0.0,0.0,0.861,3.973,0.0,0.0,0.0,1070.918,2019-06-28
8,hru08,0.375,0.0,0.0,0.0,0.982,3.772,0.0,0.0,0.0,147.273,2019-06-28
9,hru09,0.381,0.002,0.0,0.0,0.922,3.945,0.0,0.0,0.0,626.802,2019-06-28
10,hru10,0.381,0.002,0.0,0.0,0.922,3.945,0.0,0.0,0.0,625.948,2019-06-28
11,hru11,0.384,0.007,0.0,0.0,0.94,3.988,0.0,0.0,0.0,417.518,2019-06-28
12,hru12,0.383,0.003,0.0,0.0,0.873,3.971,0.0,0.0,0.0,1007.249,2019-06-28
13,hru13,0.384,0.006,0.0,0.0,0.0,3.989,0.0,0.0,0.0,6730.815,2019-06-28
14,hru14,0.383,0.003,0.0,0.0,0.873,3.971,0.0,0.0,0.0,1007.506,2019-06-28
15,hru15,0.386,0.006,0.0,0.0,0.0,3.998,0.0,0.0,0.0,6892.542,2019-06-28
16,hru16,0.383,0.001,0.0,0.0,0.698,3.957,0.0,0.0,0.0,2581.846,2019-06-28
17,hru17,0.385,0.002,0.0,0.0,0.453,3.973,0.0,0.0,0.0,4354.95,2019-06-28
18,hru18,0.386,0.003,0.0,0.0,0.718,4.004,0.0,0.0,0.0,2134.137,2019-06-28
19,hru19,0.388,0.005,0.0,0.0,0.287,4.027,0.0,0.0,0.0,5509.928,2019-06-28
20,hru20,0.386,0.007,0.0,0.0,0.0,3.99,0.0,0.0,0.0,7160.975,2019-06-28
21,hru21,0.386,0.006,0.0,0.0,0.519,4.014,0.0,0.0,0.0,3585.773,2019-06-28
22,hru22,0.386,0.003,0.0,0.0,0.717,4.004,0.0,0.0,0.0,2138.243,2019-06-28
23,hru23,0.386,0.003,0.0,0.0,0.517,3.941,0.0,0.0,0.0,3506.387,2019-06-28
24,hru24,0.386,0.006,0.0,0.0,0.0,3.993,0.0,0.0,0.0,6859.675,2019-06-28
25,hru25,0.386,0.133,0.0,0.0,0.0,2.465,0.0,0.0,0.0,3238.035,2019-06-28
26,hru26,0.385,0.007,0.0,0.0,0.0,3.988,0.0,0.0,0.0,6906.908,2019-06-28
27,hru27,0.382,0.005,0.0,0.0,0.0,3.972,0.0,0.0,0.0,6611.759,2019-06-28
28,hru28,0.384,0.133,0.0,0.0,0.985,0.157,0.0,0.028,0.0,3.621,2019-06-28
29,hru29,0.383,0.003,0.0,0.0,0.951,3.972,0.0,0.0,0.0,388.615,2019-06-28
30,hru30,0.382,0.006,0.0,0.0,0.954,3.952,0.0,0.0,0.0,340.104,2019-06-28
31,hru31,0.379,0.001,0.0,0.0,0.989,3.848,0.0,0.0,0.0,100.577,2019-06-28
32,hru32,0.384,0.006,0.0,0.0,0.887,3.989,0.0,0.0,0.0,848.02,2019-06-28
33,hru33,0.382,0.004,0.0,0.0,0.972,3.947,0.0,0.0,0.0,221.158,2019-06-28
34,hru34,0.382,0.004,0.0,0.0,0.972,3.947,0.0,0.0,0.0,222.628,2019-06-28
35,hru35,0.379,0.002,0.0,0.0,0.985,3.856,0.0,0.0,0.0,115.653,2019-06-28
36,hru36,0.382,0.004,0.0,0.0,0.972,3.947,0.0,0.0,0.0,220.713,2019-06-28
1,hru01,0.387,0.029,0.0,0.0,0.988,3.983,0.0,0.0,0.0,105.476,2019-06-29
2,hru02,0.389,0.029,0.0,0.551,0.296,4.068,0.0,0.0,0.0,2935.879,2019-06-29
3,hru03,0.382,0.022,0.0,0.0,0.989,2.346,0.0,0.0,0.0,44.76,2019-06-29
4,hru04,0.386,0.021,0.0,0.0,0.985,2.398,0.0,0.0,0.0,56.035,2019-06-29
5,hru05,0.388,0.028,0.0,0.0,0.965,4.003,0.0,0.0,0.0,259.35,2019-06-29
6,hru06,0.388,0.028,0.0,0.0,0.965,4.003,0.0,0.0,0.0,259.126,2019-06-29
7,hru07,0.391,0.03,0.0,0.0,0.852,4.091,0.0,0.0,0.0,1132.081,2019-06-29
8,hru08,0.382,0.025,0.0,0.0,0.98,3.917,0.0,0.0,0.0,155.544,2019-06-29
9,hru09,0.389,0.029,0.0,0.0,0.915,4.07,0.0,0.0,0.0,661.577,2019-06-29
10,hru10,0.389,0.029,0.0,0.0,0.915,4.07,0.0,0.0,0.0,660.674,2019-06-29
11,hru11,0.392,0.032,0.0,0.0,0.936,4.104,0.0,0.0,0.0,443.714,2019-06-29
12,hru12,0.391,0.03,0.0,0.0,0.863,4.092,0.0,0.0,0.0,1062.791,2019-06-29
13,hru13,0.392,0.029,0.0,0.0,0.0,4.105,0.0,0.0,0.0,7161.956,2019-06-29
14,hru14,0.391,0.03,0.0,0.0,0.863,4.092,0.0,0.0,0.0,1063.063,2019-06-29
15,hru15,0.394,0.032,0.0,0.0,0.0,4.112,0.0,0.0,0.0,7322.005,2019-06-29
16,hru16,0.391,0.03,0.0,0.0,0.671,4.082,0.0,0.0,0.0,2715.813,2019-06-29
17,hru17,0.393,0.03,0.0,0.0,0.406,4.093,0.0,0.0,0.0,4595.244,2019-06-29
18,hru18,0.394,0.031,0.0,0.0,0.694,4.121,0.0,0.0,0.0,2256.799,2019-06-29
19,hru19,0.396,0.029,0.0,0.0,0.24,4.141,0.0,0.0,0.0,5816.902,2019-06-29
20,hru20,0.393,0.027,0.0,0.0,0.0,4.103,0.0,0.0,0.0,7578.438,2019-06-29
21,hru21,0.394,0.032,0.0,0.0,0.486,4.129,0.0,0.0,0.0,3793.621,2019-06-29
22,hru22,0.394,0.031,0.0,0.0,0.693,4.121,0.0,0.0,0.0,2261.161,2019-06-29
23,hru23,0.394,0.031,0.0,0.0,0.479,4.058,0.0,0.0,0.0,3715.069,2019-06-29
24,hru24,0.394,0.031,0.0,0.0,0.0,4.107,0.0,0.0,0.0,7286.588,2019-06-29
25,hru25,0.393,0.021,0.0,0.0,0.0,2.555,0.0,0.0,0.0,3519.109,2019-06-29
26,hru26,0.393,0.028,0.0,0.0,0.0,4.1,0.0,0.0,0.0,7326.653,2019-06-29
27,hru27,0.39,0.029,0.0,0.0,0.0,4.091,0.0,0.0,0.0,7044.935,2019-06-29
28,hru28,0.392,0.017,0.0,0.0,0.983,0.209,0.0,0.028,0.0,4.423,2019-06-29
29,hru29,0.391,0.031,0.0,0.0,0.947,4.092,0.0,0.0,0.0,410.247,2019-06-29
30,hru30,0.39,0.03,0.0,0.0,0.95,4.072,0.0,0.0,0.0,360.498,2019-06-29
31,hru31,0.387,0.029,0.0,0.0,0.988,3.983,0.0,0.0,0.0,105.733,2019-06-29
32,hru32,0.392,0.029,0.0,0.0,0.879,4.105,0.0,0.0,0.0,897.078,2019-06-29
33,hru33,0.389,0.028,0.0,0.0,0.97,4.07,0.0,0.0,0.0,233.604,2019-06-29
34,hru34,0.389,0.028,0.0,0.0,0.97,4.07,0.0,0.0,0.0,235.161,2019-06-29
35,hru35,0.386,0.028,0.0,0.0,0.984,3.989,0.0,0.0,0.0,122.413,2019-06-29
36,hru36,0.389,0.028,0.0,0.0,0.97,4.07,0.0,0.0,0.0,233.133,2019-06-29
1,hru01,0.394,0.032,0.0,0.0,0.986,4.127,0.0,0.0,0.0,111.179,2019-06-30
2,hru02,0.397,0.024,0.0,0.537,0.213,4.201,0.0,0.0,0.0,3145.697,2019-06-30
3,hru03,0.39,0.017,0.0,0.0,0.987,2.486,0.0,0.0,0.0,48.719,2019-06-30
4,hru04,0.393,0.018,0.0,0.0,0.984,2.528,0.0,0.0,0.0,61.206,2019-06-30
5,hru05,0.396,0.03,0.0,0.0,0.961,4.144,0.0,0.0,0.0,275.456,2019-06-30
6,hru06,0.396,0.03,0.0,0.0,0.961,4.144,0.0,0.0,0.0,275.217,2019-06-30
7,hru07,0.399,0.024,0.0,0.0,0.835,4.221,0.0,0.0,0.0,1201.521,2019-06-30
8,hru08,0.39,0.032,0.0,0.0,0.978,4.067,0.0,0.0,0.0,164.759,2019-06-30
9,hru09,0.397,0.029,0.0,0.0,0.904,4.203,0.0,0.0,0.0,701.155,2019-06-30
10,hru10,0.397,0.029,0.0,0.0,0.904,4.203,0.0,0.0,0.0,700.195,2019-06-30
11,hru11,0.399,0.023,0.0,0.0,0.929,4.233,0.0,0.0,0.0,473.603,2019-06-30
12,hru12,0.398,0.025,0.0,0.0,0.843,4.222,0.0,0.0,0.0,1126.888,2019-06-30
13,hru13,0.4,0.024,0.0,0.0,0.0,4.234,0.0,0.0,0.0,7615.854,2019-06-30
14,hru14,0.398,0.025,0.0,0.0,0.843,4.222,0.0,0.0,0.0,1127.179,2019-06-30
15,hru15,0.402,0.023,0.0,0.0,0.0,4.238,0.0,0.0,0.0,7775.429,2019-06-30
16,hru16,0.399,0.028,0.0,0.0,0.622,4.213,0.0,0.0,0.0,2869.933,2019-06-30
17,hru17,0.401,0.03,0.0,0.0,0.321,4.221,0.0,0.0,0.0,4874.181,2019-06-30
18,hru18,0.401,0.027,0.0,0.0,0.649,4.247,0.0,0.0,0.0,2400.448,2019-06-30
19,hru19,0.404,0.029,0.0,0.0,0.153,4.264,0.0,0.0,0.0,6174.511,2019-06-30
20,hru20,0.401,0.025,0.0,0.0,0.0,4.226,0.0,0.0,0.0,8035.585,2019-06-30
21,hru21,0.402,0.023,0.0,0.0,0.423,4.255,0.0,0.0,0.0,4034.91,2019-06-30
22,hru22,0.401,0.027,0.0,0.0,0.648,4.247,0.0,0.0,0.0,2405.111,2019-06-30
23,hru23,0.401,0.027,0.0,0.0,0.41,4.185,0.0,0.0,0.0,3958.152,2019-06-30
24,hru24,0.402,0.025,0.0,0.0,0.0,4.232,0.0,0.0,0.0,7740.372,2019-06-30
25,hru25,0.401,0.022,0.0,0.0,0.0,2.647,0.0,0.0,0.0,3875.194,2019-06-30
26,hru26,0.401,0.029,0.0,0.0,0.0,4.224,0.0,0.0,0.0,7782.508,2019-06-30
27,hru27,0.398,0.025,0.0,0.0,0.0,4.221,0.0,0.0,0.0,7498.349,2019-06-30
28,hru28,0.399,0.024,0.0,0.0,0.981,0.297,0.0,0.027,0.0,5.574,2019-06-30
29,hru29,0.398,0.025,0.0,0.0,0.941,4.223,0.0,0.0,0.0,434.821,2019-06-30
30,hru30,0.398,0.024,0.0,0.0,0.944,4.205,0.0,0.0,0.0,383.739,2019-06-30
31,hru31,0.394,0.032,0.0,0.0,0.986,4.127,0.0,0.0,0.0,111.45,2019-06-30
32,hru32,0.4,0.024,0.0,0.0,0.865,4.234,0.0,0.0,0.0,953.55,2019-06-30
33,hru33,0.397,0.03,0.0,0.0,0.966,4.202,0.0,0.0,0.0,247.569,2019-06-30
34,hru34,0.397,0.03,0.0,0.0,0.966,4.202,0.0,0.0,0.0,249.224,2019-06-30
35,hru35,0.394,0.03,0.0,0.0,0.982,4.132,0.0,0.0,0.0,129.925,2019-06-30
36,hru36,0.397,0.03,0.0,0.0,0.967,4.202,0.0,0.0,0.0,247.07,2019-06-30
1,hru01,0.402,0.007,0.0,0.0,0.984,4.253,0.0,0.0,0.0,117.775,2019-07-01
2,hru02,0.404,0.008,0.0,0.541,0.112,4.315,0.0,0.0,0.0,3368.986,2019-07-01
3,hru03,0.398,0.052,0.0,0.0,0.985,2.597,0.0,0.0,0.0,53.554,2019-07-01
4,hru04,0.401,0.049,0.0,0.0,0.982,2.627,0.0,0.0,0.0,67.255,2019-07-01
5,hru05,0.403,0.008,0.0,0.0,0.955,4.267,0.0,0.0,0.0,294.219,2019-07-01
6,hru06,0.403,0.008,0.0,0.0,0.955,4.267,0.0,0.0,0.0,293.963,2019-07-01
7,hru07,0.406,0.009,0.0,0.0,0.814,4.332,0.0,0.0,0.0,1281.313,2019-07-01
8,hru08,0.398,0.005,0.0,0.0,0.974,4.201,0.0,0.0,0.0,175.496,2019-07-01
9,hru09,0.404,0.007,0.0,0.0,0.889,4.318,0.0,0.0,0.0,747.66,2019-07-01
10,hru10,0.404,0.007,0.0,0.0,0.889,4.318,0.0,0.0,0.0,746.633,2019-07-01
11,hru11,0.407,0.008,0.0,0.0,0.92,4.342,0.0,0.0,0.0,507.965,2019-07-01
12,hru12,0.406,0.008,0.0,0.0,0.819,4.333,0.0,0.0,0.0,1202.641,2019-07-01
13,hru13,0.407,0.008,0.0,0.0,0.0,4.343,0.0,0.0,0.0,8088.144,2019-07-01
14,hru14,0.406,0.008,0.0,0.0,0.819,4.333,0.0,0.0,0.0,1202.954,2019-07-01
15,hru15,0.409,0.009,0.0,0.0,0.0,4.345,0.0,0.0,0.0,8250.171,2019-07-01
16,hru16,0.406,0.007,0.0,0.0,0.56,4.327,0.0,0.0,0.0,3053.473,2019-07-01
17,hru17,0.409,0.01,0.0,0.0,0.214,4.332,0.0,0.0,0.0,5205.533,2019-07-01
18,hru18,0.409,0.01,0.0,0.0,0.592,4.355,0.0,0.0,0.0,2571.203,2019-07-01
19,hru19,0.411,0.012,0.0,0.0,0.048,4.37,0.0,0.0,0.0,6588.669,2019-07-01
20,hru20,0.409,0.01,0.0,0.0,0.0,4.332,0.0,0.0,0.0,8513.663,2019-07-01
21,hru21,0.409,0.009,0.0,0.0,0.346,4.361,0.0,0.0,0.0,4315.838,2019-07-01
22,hru22,0.409,0.01,0.0,0.0,0.591,4.355,0.0,0.0,0.0,2576.228,2019-07-01
23,hru23,0.409,0.01,0.0,0.0,0.324,4.293,0.0,0.0,0.0,4243.993,2019-07-01
24,hru24,0.409,0.01,0.0,0.0,0.0,4.338,0.0,0.0,0.0,8214.104,2019-07-01
25,hru25,0.409,0.04,0.0,0.0,0.0,2.712,0.0,0.0,0.0,4248.476,2019-07-01
26,hru26,0.408,0.012,0.0,0.0,0.0,4.331,0.0,0.0,0.0,8256.976,2019-07-01
27,hru27,0.405,0.008,0.0,0.0,0.0,4.332,0.0,0.0,0.0,7969.555,2019-07-01
28,hru28,0.407,0.045,0.0,0.0,0.979,0.41,0.0,0.027,0.0,7.282,2019-07-01
29,hru29,0.406,0.008,0.0,0.0,0.932,4.334,0.0,0.0,0.0,463.462,2019-07-01
30,hru30,0.405,0.008,0.0,0.0,0.936,4.319,0.0,0.0,0.0,410.806,2019-07-01
31,hru31,0.402,0.007,0.0,0.0,0.984,4.253,0.0,0.0,0.0,118.062,2019-07-01
32,hru32,0.407,0.008,0.0,0.0,0.847,4.343,0.0,0.0,0.0,1018.906,2019-07-01
33,hru33,0.405,0.009,0.0,0.0,0.962,4.317,0.0,0.0,0.0,263.74,2019-07-01
34,hru34,0.405,0.009,0.0,0.0,0.962,4.317,0.0,0.0,0.0,265.509,2019-07-01
35,hru35,0.402,0.007,0.0,0.0,0.979,4.257,0.0,0.0,0.0,138.621,2019-07-01
36,hru36,0.405,0.009,0.0,0.0,0.962,4.317,0.0,0.0,0.0,263.206,2019-07-01
1,hru01,0.409,0.0,0.0,0.0,0.986,4.354,0.0,0.0,0.0,125.368,2019-07-02
2,hru02,0.411,0.0,0.0,0.551,0.151,4.408,0.0,0.0,0.0,3592.579,2019-07-02
3,hru03,0.405,0.091,0.0,0.0,0.985,2.671,0.0,0.0,0.0,59.413,2019-07-02
4,hru04,0.408,0.089,0.0,0.0,0.981,2.694,0.0,0.0,0.0,74.25,2019-07-02
5,hru05,0.411,0.0,0.0,0.0,0.955,4.366,0.0,0.0,0.0,315.969,2019-07-02
6,hru06,0.411,0.0,0.0,0.0,0.955,4.366,0.0,0.0,0.0,315.694,2019-07-02
7,hru07,0.413,0.0,0.0,0.0,0.81,4.423,0.0,0.0,0.0,1372.405,2019-07-02
8,hru08,0.405,0.0,0.0,0.0,0.974,4.308,0.0,0.0,0.0,187.988,2019-07-02
9,hru09,0.412,0.0,0.0,0.0,0.876,4.41,0.0,0.0,0.0,802.186,2019-07-02
10,hru10,0.412,0.0,0.0,0.0,0.876,4.41,0.0,0.0,0.0,801.079,2019-07-02
11,hru11,0.414,0.0,0.0,0.0,0.924,4.431,0.0,0.0,0.0,547.191,2019-07-02
12,hru12,0.413,0.0,0.0,0.0,0.8,4.424,0.0,0.0,0.0,1291.979,2019-07-02
13,hru13,0.415,0.0,0.0,0.0,0.0,4.432,0.0,0.0,0.0,8576.86,2019-07-02
14,hru14,0.413,0.0,0.0,0.0,0.8,4.424,0.0,0.0,0.0,1292.318,2019-07-02
15,hru15,0.416,0.0,0.0,0.0,0.0,4.432,0.0,0.0,0.0,8741.613,2019-07-02
16,hru16,0.413,0.0,0.0,0.0,0.552,4.417,0.0,0.0,0.0,3272.497,2019-07-02
17,hru17,0.416,0.0,0.0,0.0,0.239,4.42,0.0,0.0,0.0,5598.489,2019-07-02
18,hru18,0.416,0.0,0.0,0.0,0.558,4.442,0.0,0.0,0.0,2773.51,2019-07-02
19,hru19,0.419,0.001,0.0,0.0,0.0,4.456,0.0,0.0,0.0,7064.363,2019-07-02
20,hru20,0.416,0.001,0.0,0.0,0.0,4.418,0.0,0.0,0.0,9014.094,2019-07-02
21,hru21,0.416,0.0,0.0,0.0,0.293,4.448,0.0,0.0,0.0,4640.46,2019-07-02
22,hru22,0.416,0.0,0.0,0.0,0.557,4.442,0.0,0.0,0.0,2778.966,2019-07-02
23,hru23,0.416,0.0,0.0,0.0,0.272,4.381,0.0,0.0,0.0,4577.926,2019-07-02
24,hru24,0.417,0.0,0.0,0.0,0.0,4.425,0.0,0.0,0.0,8705.778,2019-07-02
25,hru25,0.416,0.067,0.0,0.0,0.0,2.757,0.0,0.0,0.0,4626.701,2019-07-02
26,hru26,0.415,0.001,0.0,0.0,0.0,4.418,0.0,0.0,0.0,8753.182,2019-07-02
27,hru27,0.412,0.0,0.0,0.0,0.0,4.423,0.0,0.0,0.0,8457.568,2019-07-02
28,hru28,0.414,0.086,0.0,0.0,0.981,0.543,0.0,0.027,0.0,9.725,2019-07-02
29,hru29,0.413,0.0,0.0,0.0,0.924,4.424,0.0,0.0,0.0,496.645,2019-07-02
30,hru30,0.412,0.0,0.0,0.0,0.93,4.411,0.0,0.0,0.0,442.128,2019-07-02
31,hru31,0.409,0.0,0.0,0.0,0.986,4.354,0.0,0.0,0.0,125.675,2019-07-02
32,hru32,0.415,0.0,0.0,0.0,0.833,4.432,0.0,0.0,0.0,1094.191,2019-07-02
33,hru33,0.412,0.0,0.0,0.0,0.961,4.41,0.0,0.0,0.0,282.335,2019-07-02
34,hru34,0.412,0.0,0.0,0.0,0.961,4.41,0.0,0.0,0.0,284.237,2019-07-02
35,hru35,0.409,0.0,0.0,0.0,0.982,4.357,0.0,0.0,0.0,148.615,2019-07-02
36,hru36,0.412,0.0,0.0,0.0,0.961,4.41,0.0,0.0,0.0,281.76,2019-07-02
1,hru01,0.416,0.002,0.0,0.0,0.985,4.436,0.0,0.0,0.0,132.031,2019-07-03
2,hru02,0.418,0.001,0.0,0.558,0.19,4.482,0.0,0.0,0.0,3806.013,2019-07-03
3,hru03,0.411,0.113,0.0,0.0,0.985,2.722,0.0,0.0,0.0,64.961,2019-07-03
4,hru04,0.415,0.115,0.0,0.0,0.981,2.739,0.0,0.0,0.0,81.048,2019-07-03
5,hru05,0.417,0.002,0.0,0.0,0.954,4.446,0.0,0.0,0.0,337.332,2019-07-03
6,hru06,0.417,0.002,0.0,0.0,0.954,4.446,0.0,0.0,0.0,337.036,2019-07-03
7,hru07,0.42,0.001,0.0,0.0,0.808,4.495,0.0,0.0,0.0,1462.109,2019-07-03
8,hru08,0.411,0.003,0.0,0.0,0.974,4.395,0.0,0.0,0.0,199.987,2019-07-03
9,hru09,0.418,0.002,0.0,0.0,0.877,4.483,0.0,0.0,0.0,860.553,2019-07-03
10,hru10,0.418,0.002,0.0,0.0,0.877,4.483,0.0,0.0,0.0,859.363,2019-07-03
11,hru11,0.421,0.001,0.0,0.0,0.921,4.501,0.0,0.0,0.0,582.936,2019-07-03
12,hru12,0.42,0.002,0.0,0.0,0.81,4.496,0.0,0.0,0.0,1385.386,2019-07-03
13,hru13,0.421,0.001,0.0,0.0,0.0,4.503,0.0,0.0,0.0,9044.819,2019-07-03
14,hru14,0.42,0.002,0.0,0.0,0.81,4.496,0.0,0.0,0.0,1385.753,2019-07-03
15,hru15,0.423,0.001,0.0,0.0,0.0,4.501,0.0,0.0,0.0,9207.425,2019-07-03
16,hru16,0.42,0.002,0.0,0.0,0.56,4.49,0.0,0.0,0.0,3480.505,2019-07-03
17,hru17,0.423,0.001,0.0,0.0,0.232,4.491,0.0,0.0,0.0,5951.146,2019-07-03
18,hru18,0.423,0.001,0.0,0.0,0.538,4.512,0.0,0.0,0.0,2979.152,2019-07-03
19,hru19,0.426,0.001,0.0,0.0,0.0,4.525,0.0,0.0,0.0,7528.542,2019-07-03
20,hru20,0.423,0.001,0.0,0.0,0.0,4.488,0.0,0.0,0.0,9476.567,2019-07-03
21,hru21,0.423,0.001,0.0,0.0,0.265,4.516,0.0,0.0,0.0,4970.162,2019-07-03
22,hru22,0.423,0.001,0.0,0.0,0.537,4.512,0.0,0.0,0.0,2985.047,2019-07-03
23,hru23,0.423,0.001,0.0,0.0,0.241,4.452,0.0,0.0,0.0,4915.541,2019-07-03
24,hru24,0.424,0.001,0.0,0.0,0.0,4.494,0.0,0.0,0.0,9171.924,2019-07-03
25,hru25,0.423,0.098,0.0,0.0,0.0,2.787,0.0,0.0,0.0,4963.642,2019-07-03
26,hru26,0.422,0.0,0.0,0.0,0.0,4.488,0.0,0.0,0.0,9217.728,2019-07-03
27,hru27,0.419,0.001,0.0,0.0,0.0,4.495,0.0,0.0,0.0,8924.49,2019-07-03
28,hru28,0.421,0.103,0.0,0.0,0.981,0.687,0.0,0.026,0.0,12.378,2019-07-03
29,hru29,0.42,0.002,0.0,0.0,0.928,4.496,0.0,0.0,0.0,532.237,2019-07-03
30,hru30,0.419,0.001,0.0,0.0,0.934,4.485,0.0,0.0,0.0,475.046,2019-07-03
31,hru31,0.416,0.002,0.0,0.0,0.985,4.436,0.0,0.0,0.0,132.355,2019-07-03
32,hru32,0.421,0.001,0.0,0.0,0.825,4.503,0.0,0.0,0.0,1172.568,2019-07-03
33,hru33,0.419,0.001,0.0,0.0,0.961,4.484,0.0,0.0,0.0,300.82,2019-07-03
34,hru34,0.419,0.001,0.0,0.0,0.961,4.484,0.0,0.0,0.0,302.855,2019-07-03
35,hru35,0.416,0.002,0.0,0.0,0.981,4.438,0.0,0.0,0.0,157.161,2019-07-03
36,hru36,0.419,0.001,0.0,0.0,0.961,4.484,0.0,0.0,0.0,300.206,2019-07-03
1,hru01,0.423,0.002,0.0,0.0,0.987,4.503,0.0,0.0,0.0,138.142,2019-07-04
2,hru02,0.425,0.002,0.0,0.55,0.192,4.543,0.0,0.0,0.0,3989.301,2019-07-04
3,hru03,0.418,0.119,0.0,0.0,0.988,2.758,0.0,0.0,0.0,69.71,2019-07-04
4,hru04,0.421,0.117,0.0,0.0,0.983,2.771,0.0,0.0,0.0,87.085,2019-07-04
5,hru05,0.424,0.003,0.0,0.0,0.957,4.512,0.0,0.0,0.0,356.065,2019-07-04
6,hru06,0.424,0.003,0.0,0.0,0.957,4.512,0.0,0.0,0.0,355.753,2019-07-04
7,hru07,0.427,0.002,0.0,0.0,0.816,4.554,0.0,0.0,0.0,1541.512,2019-07-04
8,hru08,0.418,0.004,0.0,0.0,0.978,4.467,0.0,0.0,0.0,210.287,2019-07-04
9,hru09,0.425,0.003,0.0,0.0,0.888,4.543,0.0,0.0,0.0,910.677,2019-07-04
10,hru10,0.425,0.003,0.0,0.0,0.888,4.543,0.0,0.0,0.0,909.416,2019-07-04
11,hru11,0.428,0.002,0.0,0.0,0.922,4.56,0.0,0.0,0.0,615.605,2019-07-04
12,hru12,0.427,0.002,0.0,0.0,0.853,4.554,0.0,0.0,0.0,1462.315,2019-07-04
13,hru13,0.428,0.002,0.0,0.0,0.0,4.561,0.0,0.0,0.0,9454.445,2019-07-04
14,hru14,0.427,0.002,0.0,0.0,0.853,4.554,0.0,0.0,0.0,1462.704,2019-07-04
15,hru15,0.43,0.002,0.0,0.0,0.0,4.558,0.0,0.0,0.0,9613.492,2019-07-04
16,hru16,0.427,0.003,0.0,0.0,0.696,4.549,0.0,0.0,0.0,3654.73,2019-07-04
17,hru17,0.43,0.002,0.0,0.0,0.515,4.549,0.0,0.0,0.0,6255.082,2019-07-04
18,hru18,0.43,0.002,0.0,0.0,0.67,4.569,0.0,0.0,0.0,3166.529,2019-07-04
19,hru19,0.433,0.001,0.0,0.0,0.125,4.58,0.0,0.0,0.0,7931.698,2019-07-04
20,hru20,0.43,0.001,0.0,0.0,0.0,4.545,0.0,0.0,0.0,9875.794,2019-07-04
21,hru21,0.43,0.002,0.0,0.0,0.376,4.573,0.0,0.0,0.0,5268.948,2019-07-04
22,hru22,0.43,0.002,0.0,0.0,0.669,4.569,0.0,0.0,0.0,3172.826,2019-07-04
23,hru23,0.43,0.002,0.0,0.0,0.438,4.51,0.0,0.0,0.0,5222.605,2019-07-04
24,hru24,0.431,0.001,0.0,0.0,0.0,4.551,0.0,0.0,0.0,9578.661,2019-07-04
25,hru25,0.43,0.098,0.0,0.0,0.0,2.807,0.0,0.0,0.0,5244.518,2019-07-04
26,hru26,0.429,0.001,0.0,0.0,0.0,4.545,0.0,0.0,0.0,9621.05,2019-07-04
27,hru27,0.426,0.002,0.0,0.0,0.0,4.554,0.0,0.0,0.0,9332.897,2019-07-04
28,hru28,0.428,0.109,0.0,0.0,0.981,0.848,0.0,0.026,0.0,15.21,2019-07-04
29,hru29,0.427,0.002,0.0,0.0,0.933,4.555,0.0,0.0,0.0,561.726,2019-07-04
30,hru30,0.426,0.002,0.0,0.0,0.94,4.546,0.0,0.0,0.0,502.199,2019-07-04
31,hru31,0.423,0.002,0.0,0.0,0.987,4.503,0.0,0.0,0.0,138.481,2019-07-04
32,hru32,0.428,0.002,0.0,0.0,0.845,4.561,0.0,0.0,0.0,1244.47,2019-07-04
33,hru33,0.425,0.002,0.0,0.0,0.961,4.545,0.0,0.0,0.0,316.779,2019-07-04
34,hru34,0.425,0.002,0.0,0.0,0.961,4.545,0.0,0.0,0.0,318.929,2019-07-04
35,hru35,0.423,0.002,0.0,0.0,0.983,4.505,0.0,0.0,0.0,164.973,2019-07-04
36,hru36,0.425,0.002,0.0,0.0,0.961,4.545,0.0,0.0,0.0,316.13,2019-07-04
1,hru01,0.43,0.003,0.0,0.0,0.987,4.561,0.0,0.0,0.0,143.048,2019-07-05
2,hru02,0.432,0.001,0.0,0.54,0.164,4.595,0.0,0.0,0.0,4161.829,2019-07-05
3,hru03,0.425,0.121,0.0,0.0,0.987,2.785,0.0,0.0,0.0,73.346,2019-07-05
4,hru04,0.428,0.117,0.0,0.0,0.982,2.795,0.0,0.0,0.0,92.122,2019-07-05
5,hru05,0.431,0.002,0.0,0.0,0.954,4.568,0.0,0.0,0.0,372.759,2019-07-05
6,hru06,0.431,0.002,0.0,0.0,0.954,4.568,0.0,0.0,0.0,372.431,2019-07-05
7,hru07,0.434,0.001,0.0,0.0,0.808,4.605,0.0,0.0,0.0,1612.138,2019-07-05
8,hru08,0.425,0.004,0.0,0.0,0.977,4.529,0.0,0.0,0.0,218.696,2019-07-05
9,hru09,0.432,0.002,0.0,0.0,0.883,4.595,0.0,0.0,0.0,953.918,2019-07-05
10,hru10,0.432,0.002,0.0,0.0,0.883,4.595,0.0,0.0,0.0,952.598,2019-07-05
11,hru11,0.435,0.001,0.0,0.0,0.917,4.609,0.0,0.0,0.0,645.686,2019-07-05
12,hru12,0.434,0.001,0.0,0.0,0.844,4.604,0.0,0.0,0.0,1518.948,2019-07-05
13,hru13,0.435,0.001,0.0,0.0,0.0,4.61,0.0,0.0,0.0,9838.899,2019-07-05
14,hru14,0.434,0.001,0.0,0.0,0.844,4.604,0.0,0.0,0.0,1519.354,2019-07-05
15,hru15,0.437,0.001,0.0,0.0,0.0,4.606,0.0,0.0,0.0,10000.293,2019-07-05
16,hru16,0.434,0.002,0.0,0.0,0.674,4.599,0.0,0.0,0.0,3774.392,2019-07-05
17,hru17,0.436,0.001,0.0,0.0,0.481,4.598,0.0,0.0,0.0,6446.174,2019-07-05
18,hru18,0.437,0.0,0.0,0.0,0.643,4.616,0.0,0.0,0.0,3294.192,2019-07-05
19,hru19,0.44,0.0,0.0,0.0,0.077,4.627,0.0,0.0,0.0,8272.651,2019-07-05
20,hru20,0.437,0.0,0.0,0.0,0.0,4.593,0.0,0.0,0.0,10267.197,2019-07-05
21,hru21,0.437,0.001,0.0,0.0,0.333,4.62,0.0,0.0,0.0,5511.048,2019-07-05
22,hru22,0.437,0.0,0.0,0.0,0.642,4.616,0.0,0.0,0.0,3300.765,2019-07-05
23,hru23,0.437,0.0,0.0,0.0,0.395,4.56,0.0,0.0,0.0,5439.443,2019-07-05
24,hru24,0.438,0.0,0.0,0.0,0.0,4.599,0.0,0.0,0.0,9965.977,2019-07-05
25,hru25,0.437,0.091,0.0,0.0,0.0,2.822,0.0,0.0,0.0,5519.688,2019-07-05
26,hru26,0.436,0.0,0.0,0.0,0.0,4.593,0.0,0.0,0.0,10011.768,2019-07-05
27,hru27,0.433,0.001,0.0,0.0,0.0,4.605,0.0,0.0,0.0,9716.782,2019-07-05
28,hru28,0.435,0.098,0.0,0.0,0.98,1.025,0.0,0.0,0.0,18.214,2019-07-05
29,hru29,0.434,0.001,0.0,0.0,0.931,4.605,0.0,0.0,0.0,587.434,2019-07-05
30,hru30,0.433,0.001,0.0,0.0,0.937,4.597,0.0,0.0,0.0,525.263,2019-07-05
31,hru31,0.43,0.003,0.0,0.0,0.986,4.561,0.0,0.0,0.0,143.4,2019-07-05
32,hru32,0.435,0.001,0.0,0.0,0.836,4.61,0.0,0.0,0.0,1304.258,2019-07-05
33,hru33,0.432,0.001,0.0,0.0,0.959,4.596,0.0,0.0,0.0,331.738,2019-07-05
34,hru34,0.432,0.001,0.0,0.0,0.959,4.596,0.0,0.0,0.0,333.995,2019-07-05
35,hru35,0.429,0.002,0.0,0.0,0.982,4.563,0.0,0.0,0.0,171.441,2019-07-05
36,hru36,0.432,0.001,0.0,0.0,0.959,4.596,0.0,0.0,0.0,331.056,2019-07-05
1,hru01,0.436,0.064,0.0,0.0,0.985,4.61,0.0,0.0,0.0,149.772,2019-07-06
2,hru02,0.438,0.082,0.0,0.583,0.105,4.639,0.0,0.0,0.0,4391.008,2019-07-06
3,hru03,0.431,0.253,0.0,0.0,0.985,2.805,0.0,0.0,0.0,78.464,2019-07-06
4,hru04,0.434,0.256,0.0,0.0,0.981,2.812,0.0,0.0,0.0,99.1,2019-07-06
5,hru05,0.437,0.069,0.0,0.0,0.951,4.616,0.0,0.0,0.0,395.605,2019-07-06
6,hru06,0.437,0.069,0.0,0.0,0.951,4.616,0.0,0.0,0.0,395.256,2019-07-06
7,hru07,0.44,0.085,0.0,0.0,0.794,4.648,0.0,0.0,0.0,1708.203,2019-07-06
8,hru08,0.431,0.061,0.0,0.0,0.975,4.582,0.0,0.0,0.0,230.266,2019-07-06
9,hru09,0.438,0.068,0.0,0.0,0.873,4.638,0.0,0.0,0.0,1012.44,2019-07-06
10,hru10,0.438,0.068,0.0,0.0,0.873,4.638,0.0,0.0,0.0,1011.041,2019-07-06
11,hru11,0.44,0.091,0.0,0.0,0.911,4.651,0.0,0.0,0.0,687.036,2019-07-06
12,hru12,0.44,0.073,0.0,0.0,0.83,4.647,0.0,0.0,0.0,1597.031,2019-07-06
13,hru13,0.441,0.085,0.0,0.0,0.0,4.652,0.0,0.0,0.0,10338.612,2019-07-06
14,hru14,0.44,0.073,0.0,0.0,0.83,4.647,0.0,0.0,0.0,1597.461,2019-07-06
15,hru15,0.443,0.082,0.0,0.0,0.0,4.647,0.0,0.0,0.0,10501.521,2019-07-06
16,hru16,0.44,0.066,0.0,0.0,0.633,4.642,0.0,0.0,0.0,3938.617,2019-07-06
17,hru17,0.442,0.063,0.0,0.0,0.415,4.639,0.0,0.0,0.0,6708.389,2019-07-06
18,hru18,0.443,0.073,0.0,0.0,0.607,4.657,0.0,0.0,0.0,3473.081,2019-07-06
19,hru19,0.445,0.073,0.0,0.0,0.0,4.667,0.0,0.0,0.0,8737.872,2019-07-06
20,hru20,0.443,0.069,0.0,0.0,0.0,4.634,0.0,0.0,0.0,10776.324,2019-07-06
21,hru21,0.443,0.082,0.0,0.0,0.28,4.661,0.0,0.0,0.0,5845.913,2019-07-06
22,hru22,0.443,0.073,0.0,0.0,0.606,4.657,0.0,0.0,0.0,3480.041,2019-07-06
23,hru23,0.443,0.073,0.0,0.0,0.339,4.602,0.0,0.0,0.0,5741.685,2019-07-06
24,hru24,0.443,0.078,0.0,0.0,0.0,4.64,0.0,0.0,0.0,10468.115,2019-07-06
25,hru25,0.443,0.267,0.0,0.0,0.0,2.834,0.0,0.0,0.0,5879.92,2019-07-06
26,hru26,0.442,0.074,0.0,0.0,0.0,4.635,0.0,0.0,0.0,10518.708,2019-07-06
27,hru27,0.439,0.078,0.0,0.0,0.0,4.648,0.0,0.0,0.0,10215.7,2019-07-06
28,hru28,0.44,0.302,0.0,0.0,0.978,1.22,0.0,0.0,0.0,22.899,2019-07-06
29,hru29,0.44,0.071,0.0,0.0,0.925,4.647,0.0,0.0,0.0,622.09,2019-07-06
30,hru30,0.439,0.082,0.0,0.0,0.932,4.641,0.0,0.0,0.0,556.675,2019-07-06
31,hru31,0.436,0.064,0.0,0.0,0.985,4.61,0.0,0.0,0.0,150.142,2019-07-06
32,hru32,0.441,0.085,0.0,0.0,0.824,4.652,0.0,0.0,0.0,1386.09,2019-07-06
33,hru33,0.438,0.071,0.0,0.0,0.956,4.64,0.0,0.0,0.0,352.091,2019-07-06
34,hru34,0.438,0.071,0.0,0.0,0.956,4.64,0.0,0.0,0.0,354.496,2019-07-06
35,hru35,0.435,0.068,0.0,0.0,0.98,4.611,0.0,0.0,0.0,180.386,2019-07-06
36,hru36,0.438,0.071,0.0,0.0,0.956,4.64,0.0,0.0,0.0,351.365,2019-07-06
1,hru01,0.442,0.042,0.0,0.0,0.984,4.643,0.0,0.0,0.0,156.89,2019-07-07
2,hru02,0.444,0.043,0.0,0.606,0.028,4.668,0.0,0.0,0.0,4590.287,2019-07-07
3,hru03,0.437,0.226,0.0,0.0,0.983,2.817,0.0,0.0,0.0,84.056,2019-07-07
4,hru04,0.44,0.229,0.0,0.0,0.979,2.823,0.0,0.0,0.0,106.397,2019-07-07
5,hru05,0.443,0.046,0.0,0.0,0.945,4.648,0.0,0.0,0.0,419.38,2019-07-07
6,hru06,0.443,0.046,0.0,0.0,0.945,4.648,0.0,0.0,0.0,419.01,2019-07-07
7,hru07,0.446,0.042,0.0,0.0,0.775,4.675,0.0,0.0,0.0,1807.871,2019-07-07
8,hru08,0.437,0.046,0.0,0.0,0.972,4.619,0.0,0.0,0.0,242.556,2019-07-07
9,hru09,0.444,0.048,0.0,0.0,0.859,4.668,0.0,0.0,0.0,1074.311,2019-07-07
10,hru10,0.444,0.048,0.0,0.0,0.859,4.668,0.0,0.0,0.0,1072.828,2019-07-07
11,hru11,0.447,0.042,0.0,0.0,0.903,4.678,0.0,0.0,0.0,729.897,2019-07-07
12,hru12,0.446,0.046,0.0,0.0,0.811,4.675,0.0,0.0,0.0,1680.349,2019-07-07
13,hru13,0.447,0.043,0.0,0.0,0.0,4.679,0.0,0.0,0.0,10786.176,2019-07-07
14,hru14,0.446,0.046,0.0,0.0,0.811,4.675,0.0,0.0,0.0,1680.804,2019-07-07
15,hru15,0.449,0.043,0.0,0.0,0.0,4.673,0.0,0.0,0.0,10955.842,2019-07-07
16,hru16,0.446,0.049,0.0,0.0,0.589,4.672,0.0,0.0,0.0,4122.813,2019-07-07
17,hru17,0.449,0.043,0.0,0.0,0.347,4.668,0.0,0.0,0.0,7003.583,2019-07-07
18,hru18,0.449,0.042,0.0,0.0,0.561,4.684,0.0,0.0,0.0,3667.657,2019-07-07
19,hru19,0.452,0.041,0.0,0.0,0.0,4.693,0.0,0.0,0.0,9202.396,2019-07-07
20,hru20,0.449,0.045,0.0,0.0,0.0,4.661,0.0,0.0,0.0,11251.336,2019-07-07
21,hru21,0.449,0.043,0.0,0.0,0.215,4.687,0.0,0.0,0.0,6202.354,2019-07-07
22,hru22,0.449,0.042,0.0,0.0,0.56,4.684,0.0,0.0,0.0,3675.041,2019-07-07
23,hru23,0.449,0.042,0.0,0.0,0.272,4.63,0.0,0.0,0.0,6067.397,2019-07-07
24,hru24,0.45,0.042,0.0,0.0,0.0,4.666,0.0,0.0,0.0,10924.585,2019-07-07
25,hru25,0.449,0.224,0.0,0.0,0.0,2.84,0.0,0.0,0.0,6170.762,2019-07-07
26,hru26,0.449,0.041,0.0,0.0,0.0,4.661,0.0,0.0,0.0,10984.93,2019-07-07
27,hru27,0.445,0.045,0.0,0.0,0.0,4.676,0.0,0.0,0.0,10666.73,2019-07-07
28,hru28,0.447,0.219,0.0,0.0,0.976,1.359,0.0,0.0,0.0,28.35,2019-07-07
29,hru29,0.446,0.043,0.0,0.0,0.917,4.676,0.0,0.0,0.0,658.453,2019-07-07
30,hru30,0.445,0.045,0.0,0.0,0.925,4.67,0.0,0.0,0.0,589.538,2019-07-07
31,hru31,0.442,0.042,0.0,0.0,0.984,4.643,0.0,0.0,0.0,157.279,2019-07-07
32,hru32,0.447,0.043,0.0,0.0,0.808,4.679,0.0,0.0,0.0,1472.182,2019-07-07
33,hru33,0.445,0.043,0.0,0.0,0.952,4.67,0.0,0.0,0.0,373.167,2019-07-07
34,hru34,0.445,0.043,0.0,0.0,0.951,4.67,0.0,0.0,0.0,375.727,2019-07-07
35,hru35,0.442,0.045,0.0,0.0,0.978,4.645,0.0,0.0,0.0,189.711,2019-07-07
36,hru36,0.445,0.043,0.0,0.0,0.952,4.67,0.0,0.0,0.0,372.394,2019-07-07
1,hru01,0.448,0.022,0.0,0.0,0.982,4.674,0.0,0.0,0.0,165.578,2019-07-08
2,hru02,0.45,0.028,0.0,0.0,0.0,4.696,0.0,0.0,0.0,4799.894,2019-07-08
3,hru03,0.444,0.181,0.0,0.0,0.981,2.827,0.0,0.0,0.0,90.996,2019-07-08
4,hru04,0.447,0.184,0.0,0.0,0.976,2.832,0.0,0.0,0.0,115.187,2019-07-08
5,hru05,0.45,0.027,0.0,0.0,0.939,4.678,0.0,0.0,0.0,448.361,2019-07-08
6,hru06,0.45,0.027,0.0,0.0,0.939,4.678,0.0,0.0,0.0,447.963,2019-07-08
7,hru07,0.452,0.03,0.0,0.0,0.751,4.702,0.0,0.0,0.0,1927.358,2019-07-08
8,hru08,0.444,0.025,0.0,0.0,0.969,4.653,0.0,0.0,0.0,257.34,2019-07-08
9,hru09,0.451,0.027,0.0,0.0,0.84,4.695,0.0,0.0,0.0,1149.256,2019-07-08
10,hru10,0.451,0.027,0.0,0.0,0.841,4.695,0.0,0.0,0.0,1147.67,2019-07-08
11,hru11,0.453,0.032,0.0,0.0,0.893,4.704,0.0,0.0,0.0,781.323,2019-07-08
12,hru12,0.452,0.026,0.0,0.0,0.786,4.702,0.0,0.0,0.0,1780.534,2019-07-08
13,hru13,0.454,0.029,0.0,0.0,0.0,4.705,0.0,0.0,0.0,11294.56,2019-07-08
14,hru14,0.452,0.026,0.0,0.0,0.786,4.702,0.0,0.0,0.0,1781.02,2019-07-08
15,hru15,0.456,0.027,0.0,0.0,0.0,4.698,0.0,0.0,0.0,11464.612,2019-07-08
16,hru16,0.452,0.025,0.0,0.0,0.534,4.698,0.0,0.0,0.0,4341.325,2019-07-08
17,hru17,0.455,0.023,0.0,0.0,0.262,4.694,0.0,0.0,0.0,7351.321,2019-07-08
18,hru18,0.455,0.025,0.0,0.0,0.502,4.709,0.0,0.0,0.0,3900.872,2019-07-08
19,hru19,0.458,0.023,0.0,0.0,0.0,4.717,0.0,0.0,0.0,9713.828,2019-07-08
20,hru20,0.455,0.022,0.0,0.0,0.0,4.686,0.0,0.0,0.0,11761.976,2019-07-08
21,hru21,0.456,0.027,0.0,0.0,0.131,4.712,0.0,0.0,0.0,6620.308,2019-07-08
22,hru22,0.455,0.025,0.0,0.0,0.501,4.709,0.0,0.0,0.0,3908.763,2019-07-08
23,hru23,0.455,0.025,0.0,0.0,0.186,4.657,0.0,0.0,0.0,6453.302,2019-07-08
24,hru24,0.456,0.027,0.0,0.0,0.0,4.692,0.0,0.0,0.0,11434.435,2019-07-08
25,hru25,0.455,0.174,0.0,0.0,0.0,2.846,0.0,0.0,0.0,6493.22,2019-07-08
26,hru26,0.455,0.021,0.0,0.0,0.0,4.687,0.0,0.0,0.0,11496.994,2019-07-08
27,hru27,0.452,0.028,0.0,0.0,0.0,4.702,0.0,0.0,0.0,11173.934,2019-07-08
28,hru28,0.453,0.198,0.0,0.0,0.974,1.521,0.0,0.0,0.0,35.31,2019-07-08
29,hru29,0.452,0.027,0.0,0.0,0.907,4.702,0.0,0.0,0.0,702.325,2019-07-08
30,hru30,0.451,0.028,0.0,0.0,0.916,4.697,0.0,0.0,0.0,629.303,2019-07-08
31,hru31,0.448,0.022,0.0,0.0,0.982,4.674,0.0,0.0,0.0,165.989,2019-07-08
32,hru32,0.454,0.029,0.0,0.0,0.785,4.705,0.0,0.0,0.0,1574.485,2019-07-08
33,hru33,0.451,0.025,0.0,0.0,0.946,4.697,0.0,0.0,0.0,398.829,2019-07-08
34,hru34,0.451,0.025,0.0,0.0,0.946,4.697,0.0,0.0,0.0,401.578,2019-07-08
35,hru35,0.448,0.024,0.0,0.0,0.976,4.675,0.0,0.0,0.0,201.14,2019-07-08
36,hru36,0.451,0.025,0.0,0.0,0.946,4.697,0.0,0.0,0.0,397.999,2019-07-08
1,hru01,0.455,0.002,0.0,0.0,0.981,4.703,0.0,0.0,0.0,175.229,2019-07-09
2,hru02,0.457,0.001,0.0,0.0,0.0,4.72,0.0,0.0,0.0,5315.238,2019-07-09
3,hru03,0.45,0.113,0.0,0.0,0.98,2.836,0.0,0.0,0.0,99.013,2019-07-09
4,hru04,0.454,0.113,0.0,0.0,0.975,2.84,0.0,0.0,0.0,124.955,2019-07-09
5,hru05,0.456,0.002,0.0,0.0,0.936,4.706,0.0,0.0,0.0,480.799,2019-07-09
6,hru06,0.456,0.002,0.0,0.0,0.936,4.706,0.0,0.0,0.0,480.372,2019-07-09
7,hru07,0.459,0.001,0.0,0.0,0.746,4.726,0.0,0.0,0.0,2059.51,2019-07-09
8,hru08,0.45,0.003,0.0,0.0,0.968,4.684,0.0,0.0,0.0,273.823,2019-07-09
9,hru09,0.457,0.002,0.0,0.0,0.836,4.72,0.0,0.0,0.0,1233.776,2019-07-09
10,hru10,0.457,0.002,0.0,0.0,0.836,4.72,0.0,0.0,0.0,1232.073,2019-07-09
11,hru11,0.46,0.001,0.0,0.0,0.894,4.727,0.0,0.0,0.0,838.254,2019-07-09
12,hru12,0.459,0.001,0.0,0.0,0.784,4.726,0.0,0.0,0.0,1893.805,2019-07-09
13,hru13,0.461,0.001,0.0,0.0,0.0,4.728,0.0,0.0,0.0,11809.392,2019-07-09
14,hru14,0.459,0.001,0.0,0.0,0.784,4.726,0.0,0.0,0.0,1894.327,2019-07-09
15,hru15,0.463,0.001,0.0,0.0,0.0,4.721,0.0,0.0,0.0,11981.341,2019-07-09
16,hru16,0.459,0.002,0.0,0.0,0.538,4.723,0.0,0.0,0.0,4588.543,2019-07-09
17,hru17,0.462,0.001,0.0,0.0,0.344,4.718,0.0,0.0,0.0,7743.711,2019-07-09
18,hru18,0.462,0.001,0.0,0.0,0.6,4.732,0.0,0.0,0.0,4165.282,2019-07-09
19,hru19,0.465,0.0,0.0,0.0,0.0,4.739,0.0,0.0,0.0,10233.955,2019-07-09
20,hru20,0.462,0.0,0.0,0.0,0.0,4.709,0.0,0.0,0.0,12284.777,2019-07-09
21,hru21,0.463,0.001,0.0,0.0,0.259,4.734,0.0,0.0,0.0,7081.952,2019-07-09
22,hru22,0.462,0.001,0.0,0.0,0.599,4.732,0.0,0.0,0.0,4173.748,2019-07-09
23,hru23,0.462,0.001,0.0,0.0,0.326,4.681,0.0,0.0,0.0,6884.148,2019-07-09
24,hru24,0.463,0.0,0.0,0.0,0.0,4.714,0.0,0.0,0.0,11951.354,2019-07-09
25,hru25,0.462,0.088,0.0,0.0,0.0,2.851,0.0,0.0,0.0,6835.815,2019-07-09
26,hru26,0.462,0.0,0.0,0.0,0.0,4.71,0.0,0.0,0.0,12019.384,2019-07-09
27,hru27,0.459,0.001,0.0,0.0,0.0,4.726,0.0,0.0,0.0,11688.887,2019-07-09
28,hru28,0.46,0.1,0.0,0.0,0.975,1.688,0.0,0.0,0.0,43.41,2019-07-09
29,hru29,0.459,0.002,0.0,0.0,0.903,4.726,0.0,0.0,0.0,751.45,2019-07-09
30,hru30,0.458,0.001,0.0,0.0,0.911,4.721,0.0,0.0,0.0,673.78,2019-07-09
31,hru31,0.455,0.002,0.0,0.0,0.981,4.703,0.0,0.0,0.0,175.665,2019-07-09
32,hru32,0.461,0.001,0.0,0.0,0.802,4.728,0.0,0.0,0.0,1688.228,2019-07-09
33,hru33,0.458,0.001,0.0,0.0,0.943,4.722,0.0,0.0,0.0,427.423,2019-07-09
34,hru34,0.458,0.001,0.0,0.0,0.943,4.722,0.0,0.0,0.0,430.386,2019-07-09
35,hru35,0.455,0.003,0.0,0.0,0.975,4.703,0.0,0.0,0.0,213.85,2019-07-09
36,hru36,0.458,0.001,0.0,0.0,0.944,4.722,0.0,0.0,0.0,426.528,2019-07-09
1,hru01,0.461,0.043,0.0,0.0,0.98,4.729,0.0,0.0,0.0,182.665,2019-07-10
2,hru02,0.463,0.038,0.0,0.0,0.0,4.744,0.0,0.0,0.0,5702.245,2019-07-10
3,hru03,0.456,0.245,0.0,0.0,0.978,2.844,0.0,0.0,0.0,105.243,2019-07-10
4,hru04,0.46,0.237,0.0,0.0,0.974,2.847,0.0,0.0,0.0,132.449,2019-07-10
5,hru05,0.463,0.046,0.0,0.0,0.931,4.732,0.0,0.0,0.0,505.753,2019-07-10
6,hru06,0.463,0.046,0.0,0.0,0.931,4.732,0.0,0.0,0.0,505.303,2019-07-10
7,hru07,0.466,0.034,0.0,0.0,0.729,4.749,0.0,0.0,0.0,2158.646,2019-07-10
8,hru08,0.456,0.056,0.0,0.0,0.965,4.714,0.0,0.0,0.0,286.558,2019-07-10
9,hru09,0.464,0.049,0.0,0.0,0.823,4.744,0.0,0.0,0.0,1298.279,2019-07-10
10,hru10,0.464,0.049,0.0,0.0,0.823,4.744,0.0,0.0,0.0,1296.487,2019-07-10
11,hru11,0.466,0.037,0.0,0.0,0.887,4.75,0.0,0.0,0.0,879.774,2019-07-10
12,hru12,0.465,0.042,0.0,0.0,0.767,4.749,0.0,0.0,0.0,1978.695,2019-07-10
13,hru13,0.467,0.038,0.0,0.0,0.0,4.751,0.0,0.0,0.0,12201.894,2019-07-10
14,hru14,0.465,0.042,0.0,0.0,0.767,4.749,0.0,0.0,0.0,1979.244,2019-07-10
15,hru15,0.469,0.038,0.0,0.0,0.0,4.743,0.0,0.0,0.0,12377.028,2019-07-10
16,hru16,0.465,0.05,0.0,0.0,0.5,4.746,0.0,0.0,0.0,4773.717,2019-07-10
17,hru17,0.468,0.043,0.0,0.0,0.291,4.74,0.0,0.0,0.0,8007.245,2019-07-10
18,hru18,0.469,0.037,0.0,0.0,0.566,4.754,0.0,0.0,0.0,4323.458,2019-07-10
19,hru19,0.471,0.034,0.0,0.0,0.0,4.76,0.0,0.0,0.0,10633.65,2019-07-10
20,hru20,0.469,0.037,0.0,0.0,0.0,4.731,0.0,0.0,0.0,12694.257,2019-07-10
21,hru21,0.469,0.038,0.0,0.0,0.21,4.756,0.0,0.0,0.0,7375.534,2019-07-10
22,hru22,0.469,0.037,0.0,0.0,0.565,4.754,0.0,0.0,0.0,4332.271,2019-07-10
23,hru23,0.469,0.037,0.0,0.0,0.276,4.705,0.0,0.0,0.0,7149.73,2019-07-10
24,hru24,0.469,0.037,0.0,0.0,0.0,4.737,0.0,0.0,0.0,12348.555,2019-07-10
25,hru25,0.469,0.208,0.0,0.0,0.0,2.855,0.0,0.0,0.0,7125.785,2019-07-10
26,hru26,0.468,0.036,0.0,0.0,0.0,4.732,0.0,0.0,0.0,12424.684,2019-07-10
27,hru27,0.465,0.038,0.0,0.0,0.0,4.749,0.0,0.0,0.0,12080.188,2019-07-10
28,hru28,0.466,0.208,0.0,0.0,0.973,1.881,0.0,0.0,0.0,49.526,2019-07-10
29,hru29,0.465,0.042,0.0,0.0,0.896,4.749,0.0,0.0,0.0,789.229,2019-07-10
30,hru30,0.464,0.039,0.0,0.0,0.904,4.745,0.0,0.0,0.0,708.632,2019-07-10
31,hru31,0.461,0.043,0.0,0.0,0.98,4.729,0.0,0.0,0.0,183.121,2019-07-10
32,hru32,0.467,0.038,0.0,0.0,0.788,4.751,0.0,0.0,0.0,1765.958,2019-07-10
33,hru33,0.464,0.041,0.0,0.0,0.939,4.745,0.0,0.0,0.0,449.398,2019-07-10
34,hru34,0.464,0.041,0.0,0.0,0.939,4.745,0.0,0.0,0.0,452.527,2019-07-10
35,hru35,0.461,0.045,0.0,0.0,0.973,4.73,0.0,0.0,0.0,223.579,2019-07-10
36,hru36,0.464,0.041,0.0,0.0,0.94,4.745,0.0,0.0,0.0,448.453,2019-07-10
1,hru01,0.467,0.055,0.0,0.0,0.977,4.748,0.0,0.0,0.0,192.928,2019-07-11
2,hru02,0.469,0.061,0.0,0.0,0.0,4.761,0.0,0.0,0.0,6186.499,2019-07-11
3,hru03,0.462,0.259,0.0,0.0,0.974,2.849,0.0,0.0,0.0,114.015,2019-07-11
4,hru04,0.466,0.256,0.0,0.0,0.971,2.851,0.0,0.0,0.0,142.776,2019-07-11
5,hru05,0.469,0.063,0.0,0.0,0.923,4.75,0.0,0.0,0.0,540.401,2019-07-11
6,hru06,0.469,0.063,0.0,0.0,0.923,4.75,0.0,0.0,0.0,539.919,2019-07-11
7,hru07,0.472,0.058,0.0,0.0,0.7,4.765,0.0,0.0,0.0,2295.541,2019-07-11
8,hru08,0.462,0.064,0.0,0.0,0.962,4.734,0.0,0.0,0.0,304.066,2019-07-11
9,hru09,0.469,0.068,0.0,0.0,0.801,4.76,0.0,0.0,0.0,1387.996,2019-07-11
10,hru10,0.469,0.068,0.0,0.0,0.801,4.76,0.0,0.0,0.0,1386.079,2019-07-11
11,hru11,0.472,0.059,0.0,0.0,0.874,4.766,0.0,0.0,0.0,937.046,2019-07-11
12,hru12,0.471,0.064,0.0,0.0,0.737,4.765,0.0,0.0,0.0,2097.062,2019-07-11
13,hru13,0.473,0.063,0.0,0.0,0.0,4.767,0.0,0.0,0.0,12690.005,2019-07-11
14,hru14,0.471,0.064,0.0,0.0,0.737,4.765,0.0,0.0,0.0,2097.649,2019-07-11
15,hru15,0.475,0.061,0.0,0.0,0.0,4.759,0.0,0.0,0.0,12867.538,2019-07-11
16,hru16,0.471,0.063,0.0,0.0,0.438,4.762,0.0,0.0,0.0,5029.415,2019-07-11
17,hru17,0.474,0.059,0.0,0.0,0.205,4.756,0.0,0.0,0.0,8371.399,2019-07-11
18,hru18,0.475,0.059,0.0,0.0,0.509,4.769,0.0,0.0,0.0,4544.701,2019-07-11
19,hru19,0.477,0.059,0.0,0.0,0.0,4.775,0.0,0.0,0.0,11128.865,2019-07-11
20,hru20,0.475,0.064,0.0,0.0,0.0,4.747,0.0,0.0,0.0,13192.49,2019-07-11
21,hru21,0.475,0.061,0.0,0.0,0.129,4.771,0.0,0.0,0.0,7778.926,2019-07-11
22,hru22,0.475,0.059,0.0,0.0,0.508,4.769,0.0,0.0,0.0,4554.001,2019-07-11
23,hru23,0.475,0.059,0.0,0.0,0.193,4.721,0.0,0.0,0.0,7518.11,2019-07-11
24,hru24,0.475,0.059,0.0,0.0,0.0,4.753,0.0,0.0,0.0,12839.723,2019-07-11
25,hru25,0.475,0.259,0.0,0.0,0.0,2.858,0.0,0.0,0.0,7443.444,2019-07-11
26,hru26,0.474,0.061,0.0,0.0,0.0,4.748,0.0,0.0,0.0,12920.433,2019-07-11
27,hru27,0.471,0.061,0.0,0.0,0.0,4.765,0.0,0.0,0.0,12568.061,2019-07-11
28,hru28,0.472,0.25,0.0,0.0,0.97,2.028,0.0,0.0,0.0,58.55,2019-07-11
29,hru29,0.471,0.063,0.0,0.0,0.884,4.765,0.0,0.0,0.0,841.685,2019-07-11
30,hru30,0.47,0.059,0.0,0.0,0.892,4.762,0.0,0.0,0.0,757.221,2019-07-11
31,hru31,0.467,0.055,0.0,0.0,0.977,4.748,0.0,0.0,0.0,193.412,2019-07-11
32,hru32,0.473,0.063,0.0,0.0,0.765,4.767,0.0,0.0,0.0,1873.388,2019-07-11
33,hru33,0.47,0.061,0.0,0.0,0.932,4.762,0.0,0.0,0.0,479.906,2019-07-11
34,hru34,0.47,0.061,0.0,0.0,0.932,4.762,0.0,0.0,0.0,483.266,2019-07-11
35,hru35,0.467,0.056,0.0,0.0,0.97,4.748,0.0,0.0,0.0,237.047,2019-07-11
36,hru36,0.47,0.061,0.0,0.0,0.933,4.762,0.0,0.0,0.0,478.892,2019-07-11
1,hru01,0.474,0.003,0.0,0.0,0.975,4.764,0.0,0.0,0.0,205.062,2019-07-12
2,hru02,0.476,0.007,0.0,0.0,0.0,4.775,0.0,0.0,0.0,6689.407,2019-07-12
3,hru03,0.469,0.121,0.0,0.0,0.97,2.852,0.0,0.0,0.0,124.662,2019-07-12
4,hru04,0.472,0.125,0.0,0.0,0.967,2.854,0.0,0.0,0.0,154.888,2019-07-12
5,hru05,0.475,0.006,0.0,0.0,0.914,4.765,0.0,0.0,0.0,581.498,2019-07-12
6,hru06,0.475,0.006,0.0,0.0,0.914,4.765,0.0,0.0,0.0,580.976,2019-07-12
7,hru07,0.478,0.009,0.0,0.0,0.668,4.779,0.0,0.0,0.0,2456.243,2019-07-12
8,hru08,0.469,0.004,0.0,0.0,0.957,4.751,0.0,0.0,0.0,324.612,2019-07-12
9,hru09,0.476,0.006,0.0,0.0,0.775,4.774,0.0,0.0,0.0,1494.443,2019-07-12
10,hru10,0.476,0.006,0.0,0.0,0.776,4.774,0.0,0.0,0.0,1492.375,2019-07-12
11,hru11,0.479,0.01,0.0,0.0,0.861,4.78,0.0,0.0,0.0,1004.308,2019-07-12
12,hru12,0.478,0.006,0.0,0.0,0.703,4.778,0.0,0.0,0.0,2237.591,2019-07-12
13,hru13,0.479,0.008,0.0,0.0,0.0,4.78,0.0,0.0,0.0,13191.303,2019-07-12
14,hru14,0.478,0.006,0.0,0.0,0.703,4.778,0.0,0.0,0.0,2238.224,2019-07-12
15,hru15,0.481,0.007,0.0,0.0,0.0,4.772,0.0,0.0,0.0,13369.855,2019-07-12
16,hru16,0.478,0.006,0.0,0.0,0.367,4.776,0.0,0.0,0.0,5329.998,2019-07-12
17,hru17,0.481,0.005,0.0,0.0,0.11,4.769,0.0,0.0,0.0,8797.107,2019-07-12
18,hru18,0.481,0.006,0.0,0.0,0.446,4.782,0.0,0.0,0.0,4807.402,2019-07-12
19,hru19,0.484,0.005,0.0,0.0,0.0,4.787,0.0,0.0,0.0,11633.143,2019-07-12
20,hru20,0.481,0.005,0.0,0.0,0.0,4.76,0.0,0.0,0.0,13695.472,2019-07-12
21,hru21,0.481,0.007,0.0,0.0,0.043,4.784,0.0,0.0,0.0,8245.404,2019-07-12
22,hru22,0.481,0.006,0.0,0.0,0.445,4.782,0.0,0.0,0.0,4817.28,2019-07-12
23,hru23,0.481,0.006,0.0,0.0,0.104,4.735,0.0,0.0,0.0,7949.118,2019-07-12
24,hru24,0.482,0.007,0.0,0.0,0.0,4.765,0.0,0.0,0.0,13343.259,2019-07-12
25,hru25,0.481,0.125,0.0,0.0,0.0,2.86,0.0,0.0,0.0,7752.346,2019-07-12
26,hru26,0.481,0.004,0.0,0.0,0.0,4.76,0.0,0.0,0.0,13424.624,2019-07-12
27,hru27,0.477,0.008,0.0,0.0,0.0,4.779,0.0,0.0,0.0,13069.625,2019-07-12
28,hru28,0.479,0.143,0.0,0.0,0.967,2.153,0.0,0.0,0.0,69.358,2019-07-12
29,hru29,0.478,0.006,0.0,0.0,0.87,4.778,0.0,0.0,0.0,903.754,2019-07-12
30,hru30,0.477,0.008,0.0,0.0,0.879,4.776,0.0,0.0,0.0,814.832,2019-07-12
31,hru31,0.474,0.003,0.0,0.0,0.975,4.764,0.0,0.0,0.0,205.579,2019-07-12
32,hru32,0.479,0.008,0.0,0.0,0.739,4.78,0.0,0.0,0.0,1999.178,2019-07-12
33,hru33,0.477,0.006,0.0,0.0,0.925,4.776,0.0,0.0,0.0,516.044,2019-07-12
34,hru34,0.477,0.006,0.0,0.0,0.924,4.776,0.0,0.0,0.0,519.681,2019-07-12
35,hru35,0.474,0.004,0.0,0.0,0.967,4.764,0.0,0.0,0.0,253.008,2019-07-12
36,hru36,0.477,0.006,0.0,0.0,0.925,4.776,0.0,0.0,0.0,514.948,2019-07-12
1,hru01,0.481,0.0,0.0,0.0,0.972,4.78,0.0,0.0,0.0,218.221,2019-07-13
2,hru02,0.483,0.001,0.0,0.0,0.0,4.789,0.0,0.0,0.0,7207.961,2019-07-13
3,hru03,0.476,0.102,0.0,0.0,0.965,2.856,0.0,0.0,0.0,136.724,2019-07-13
4,hru04,0.479,0.1,0.0,0.0,0.963,2.858,0.0,0.0,0.0,168.075,2019-07-13
5,hru05,0.482,0.001,0.0,0.0,0.903,4.781,0.0,0.0,0.0,626.457,2019-07-13
6,hru06,0.482,0.001,0.0,0.0,0.903,4.781,0.0,0.0,0.0,625.893,2019-07-13
7,hru07,0.485,0.001,0.0,0.0,0.631,4.792,0.0,0.0,0.0,2629.934,2019-07-13
8,hru08,0.476,0.001,0.0,0.0,0.952,4.77,0.0,0.0,0.0,347.061,2019-07-13
9,hru09,0.483,0.001,0.0,0.0,0.744,4.789,0.0,0.0,0.0,1612.023,2019-07-13
10,hru10,0.483,0.001,0.0,0.0,0.745,4.789,0.0,0.0,0.0,1609.789,2019-07-13
11,hru11,0.486,0.001,0.0,0.0,0.845,4.793,0.0,0.0,0.0,1077.094,2019-07-13
12,hru12,0.485,0.001,0.0,0.0,0.662,4.792,0.0,0.0,0.0,2393.464,2019-07-13
13,hru13,0.486,0.001,0.0,0.0,0.0,4.793,0.0,0.0,0.0,13711.671,2019-07-13
14,hru14,0.485,0.001,0.0,0.0,0.661,4.792,0.0,0.0,0.0,2394.148,2019-07-13
15,hru15,0.488,0.001,0.0,0.0,0.0,4.785,0.0,0.0,0.0,13892.146,2019-07-13
16,hru16,0.485,0.001,0.0,0.0,0.281,4.79,0.0,0.0,0.0,5663.715,2019-07-13
17,hru17,0.488,0.001,0.0,0.0,0.0,4.783,0.0,0.0,0.0,9267.081,2019-07-13
18,hru18,0.488,0.0,0.0,0.0,0.37,4.795,0.0,0.0,0.0,5098.812,2019-07-13
19,hru19,0.491,0.0,0.0,0.0,0.0,4.799,0.0,0.0,0.0,12158.669,2019-07-13
20,hru20,0.488,0.0,0.0,0.0,0.0,4.773,0.0,0.0,0.0,14223.292,2019-07-13
21,hru21,0.488,0.001,0.0,0.0,0.0,4.797,0.0,0.0,0.0,8749.045,2019-07-13
22,hru22,0.488,0.0,0.0,0.0,0.369,4.795,0.0,0.0,0.0,5109.33,2019-07-13
23,hru23,0.488,0.0,0.0,0.0,0.002,4.749,0.0,0.0,0.0,8419.415,2019-07-13
24,hru24,0.489,0.001,0.0,0.0,0.0,4.779,0.0,0.0,0.0,13865.951,2019-07-13
25,hru25,0.488,0.091,0.0,0.0,0.0,2.739,0.0,0.0,0.0,8112.316,2019-07-13
26,hru26,0.488,0.0,0.0,0.0,0.0,4.774,0.0,0.0,0.0,13951.221,2019-07-13
27,hru27,0.484,0.001,0.0,0.0,0.0,4.792,0.0,0.0,0.0,13590.069,2019-07-13
28,hru28,0.486,0.1,0.0,0.0,0.964,2.289,0.0,0.0,0.0,81.231,2019-07-13
29,hru29,0.485,0.001,0.0,0.0,0.853,4.792,0.0,0.0,0.0,971.774,2019-07-13
30,hru30,0.484,0.001,0.0,0.0,0.864,4.79,0.0,0.0,0.0,877.935,2019-07-13
31,hru31,0.481,0.0,0.0,0.0,0.971,4.78,0.0,0.0,0.0,218.774,2019-07-13
32,hru32,0.486,0.001,0.0,0.0,0.709,4.793,0.0,0.0,0.0,2136.095,2019-07-13
33,hru33,0.484,0.001,0.0,0.0,0.915,4.79,0.0,0.0,0.0,555.383,2019-07-13
34,hru34,0.484,0.001,0.0,0.0,0.915,4.79,0.0,0.0,0.0,559.324,2019-07-13
35,hru35,0.481,0.001,0.0,0.0,0.963,4.78,0.0,0.0,0.0,270.332,2019-07-13
36,hru36,0.484,0.001,0.0,0.0,0.916,4.79,0.0,0.0,0.0,554.194,2019-07-13
1,hru01,0.489,0.015,0.0,0.0,0.969,4.794,0.0,0.0,0.0,231.315,2019-07-14
2,hru02,0.491,0.014,0.0,0.0,0.0,4.802,0.0,0.0,0.0,7663.712,2019-07-14
3,hru03,0.484,0.042,0.0,0.0,0.96,2.86,0.0,0.0,0.0,149.305,2019-07-14
4,hru04,0.487,0.039,0.0,0.0,0.959,2.861,0.0,0.0,0.0,181.189,2019-07-14
5,hru05,0.49,0.011,0.0,0.0,0.891,4.795,0.0,0.0,0.0,671.159,2019-07-14
6,hru06,0.49,0.011,0.0,0.0,0.892,4.795,0.0,0.0,0.0,670.553,2019-07-14
7,hru07,0.493,0.013,0.0,0.0,0.595,4.804,0.0,0.0,0.0,2798.854,2019-07-14
8,hru08,0.484,0.01,0.0,0.0,0.946,4.785,0.0,0.0,0.0,369.584,2019-07-14
9,hru09,0.491,0.011,0.0,0.0,0.713,4.801,0.0,0.0,0.0,1730.23,2019-07-14
10,hru10,0.491,0.011,0.0,0.0,0.713,4.801,0.0,0.0,0.0,1727.827,2019-07-14
11,hru11,0.493,0.012,0.0,0.0,0.83,4.805,0.0,0.0,0.0,1148.022,2019-07-14
12,hru12,0.492,0.014,0.0,0.0,0.62,4.804,0.0,0.0,0.0,2550.1,2019-07-14
13,hru13,0.494,0.014,0.0,0.0,0.0,4.805,0.0,0.0,0.0,14172.512,2019-07-14
14,hru14,0.492,0.014,0.0,0.0,0.619,4.804,0.0,0.0,0.0,2550.836,2019-07-14
15,hru15,0.496,0.015,0.0,0.0,0.0,4.797,0.0,0.0,0.0,14356.995,2019-07-14
16,hru16,0.492,0.012,0.0,0.0,0.196,4.802,0.0,0.0,0.0,6002.891,2019-07-14
17,hru17,0.495,0.014,0.0,0.0,0.0,4.795,0.0,0.0,0.0,9739.566,2019-07-14
18,hru18,0.496,0.015,0.0,0.0,0.294,4.806,0.0,0.0,0.0,5390.878,2019-07-14
19,hru19,0.499,0.017,0.0,0.0,0.0,4.81,0.0,0.0,0.0,12628.24,2019-07-14
20,hru20,0.496,0.018,0.0,0.0,0.0,4.785,0.0,0.0,0.0,14707.235,2019-07-14
21,hru21,0.496,0.015,0.0,0.0,0.0,4.808,0.0,0.0,0.0,9214.153,2019-07-14
22,hru22,0.496,0.015,0.0,0.0,0.293,4.806,0.0,0.0,0.0,5402.029,2019-07-14
23,hru23,0.496,0.015,0.0,0.0,0.0,4.762,0.0,0.0,0.0,8881.446,2019-07-14
24,hru24,0.496,0.015,0.0,0.0,0.0,4.79,0.0,0.0,0.0,14332.571,2019-07-14
25,hru25,0.496,0.03,0.0,0.0,0.0,2.609,0.0,0.0,0.0,8448.082,2019-07-14
26,hru26,0.496,0.02,0.0,0.0,0.0,4.785,0.0,0.0,0.0,14429.098,2019-07-14
27,hru27,0.492,0.013,0.0,0.0,0.0,4.804,0.0,0.0,0.0,14049.812,2019-07-14
28,hru28,0.493,0.038,0.0,0.0,0.961,2.416,0.0,0.0,0.0,92.912,2019-07-14
29,hru29,0.493,0.014,0.0,0.0,0.836,4.804,0.0,0.0,0.0,1039.264,2019-07-14
30,hru30,0.492,0.013,0.0,0.0,0.849,4.802,0.0,0.0,0.0,940.247,2019-07-14
31,hru31,0.489,0.015,0.0,0.0,0.969,4.794,0.0,0.0,0.0,231.904,2019-07-14
32,hru32,0.494,0.014,0.0,0.0,0.678,4.805,0.0,0.0,0.0,2270.508,2019-07-14
33,hru33,0.491,0.013,0.0,0.0,0.906,4.802,0.0,0.0,0.0,594.116,2019-07-14
34,hru34,0.491,0.013,0.0,0.0,0.905,4.802,0.0,0.0,0.0,598.36,2019-07-14
35,hru35,0.488,0.014,0.0,0.0,0.959,4.794,0.0,0.0,0.0,287.434,2019-07-14
36,hru36,0.491,0.013,0.0,0.0,0.906,4.802,0.0,0.0,0.0,592.837,2019-07-14
1,hru01,0.496,0.001,0.0,0.0,0.967,4.807,0.0,0.0,0.0,247.346,2019-07-15
2,hru02,0.498,0.0,0.0,0.0,0.0,4.813,0.0,0.0,0.0,8170.589,2019-07-15
3,hru03,0.491,0.078,0.0,0.0,0.956,2.716,0.0,0.0,0.0,165.334,2019-07-15
4,hru04,0.494,0.076,0.0,0.0,0.957,2.713,0.0,0.0,0.0,197.342,2019-07-15
5,hru05,0.497,0.0,0.0,0.0,0.892,4.808,0.0,0.0,0.0,726.916,2019-07-15
6,hru06,0.497,0.0,0.0,0.0,0.893,4.808,0.0,0.0,0.0,726.256,2019-07-15
7,hru07,0.5,0.001,0.0,0.0,0.583,4.815,0.0,0.0,0.0,3006.713,2019-07-15
8,hru08,0.491,0.0,0.0,0.0,0.943,4.8,0.0,0.0,0.0,397.24,2019-07-15
9,hru09,0.498,0.0,0.0,0.0,0.722,4.813,0.0,0.0,0.0,1877.698,2019-07-15
10,hru10,0.498,0.0,0.0,0.0,0.722,4.813,0.0,0.0,0.0,1875.082,2019-07-15
11,hru11,0.5,0.0,0.0,0.0,0.823,4.816,0.0,0.0,0.0,1235.288,2019-07-15
12,hru12,0.5,0.0,0.0,0.0,0.611,4.815,0.0,0.0,0.0,2745.728,2019-07-15
13,hru13,0.501,0.0,0.0,0.0,0.0,4.816,0.0,0.0,0.0,14679.284,2019-07-15
14,hru14,0.5,0.0,0.0,0.0,0.611,4.815,0.0,0.0,0.0,2746.531,2019-07-15
15,hru15,0.503,0.0,0.0,0.0,0.0,4.808,0.0,0.0,0.0,14864.112,2019-07-15
16,hru16,0.5,0.0,0.0,0.0,0.24,4.814,0.0,0.0,0.0,6418.132,2019-07-15
17,hru17,0.503,0.0,0.0,0.0,0.0,4.806,0.0,0.0,0.0,10249.882,2019-07-15
18,hru18,0.503,0.001,0.0,0.0,0.265,4.817,0.0,0.0,0.0,5754.619,2019-07-15
19,hru19,0.506,0.001,0.0,0.0,0.0,4.821,0.0,0.0,0.0,13135.377,2019-07-15
20,hru20,0.503,0.0,0.0,0.0,0.0,4.796,0.0,0.0,0.0,15212.914,2019-07-15
21,hru21,0.503,0.0,0.0,0.0,0.0,4.819,0.0,0.0,0.0,9721.543,2019-07-15
22,hru22,0.503,0.001,0.0,0.0,0.263,4.817,0.0,0.0,0.0,5766.549,2019-07-15
23,hru23,0.503,0.001,0.0,0.0,0.0,4.774,0.0,0.0,0.0,9387.856,2019-07-15
24,hru24,0.504,0.0,0.0,0.0,0.0,4.801,0.0,0.0,0.0,14838.55,2019-07-15
25,hru25,0.503,0.079,0.0,0.0,0.0,2.458,0.0,0.0,0.0,8822.605,2019-07-15
26,hru26,0.503,0.0,0.0,0.0,0.0,4.797,0.0,0.0,0.0,14932.749,2019-07-15
27,hru27,0.499,0.0,0.0,0.0,0.0,4.815,0.0,0.0,0.0,14557.136,2019-07-15
28,hru28,0.5,0.078,0.0,0.0,0.96,2.536,0.0,0.0,0.0,107.498,2019-07-15
29,hru29,0.5,0.0,0.0,0.0,0.838,4.815,0.0,0.0,0.0,1123.349,2019-07-15
30,hru30,0.499,0.0,0.0,0.0,0.848,4.814,0.0,0.0,0.0,1018.059,2019-07-15
31,hru31,0.496,0.001,0.0,0.0,0.967,4.807,0.0,0.0,0.0,247.98,2019-07-15
32,hru32,0.501,0.0,0.0,0.0,0.663,4.816,0.0,0.0,0.0,2435.835,2019-07-15
33,hru33,0.498,0.0,0.0,0.0,0.908,4.814,0.0,0.0,0.0,642.389,2019-07-15
34,hru34,0.498,0.0,0.0,0.0,0.908,4.814,0.0,0.0,0.0,647.014,2019-07-15
35,hru35,0.495,0.0,0.0,0.0,0.957,4.807,0.0,0.0,0.0,308.691,2019-07-15
36,hru36,0.498,0.0,0.0,0.0,0.909,4.814,0.0,0.0,0.0,640.995,2019-07-15
1,hru01,0.503,0.001,0.0,0.0,0.964,4.817,0.0,0.0,0.0,262.643,2019-07-16
2,hru02,0.505,0.0,0.0,0.0,0.0,4.822,0.0,0.0,0.0,8633.451,2019-07-16
3,hru03,0.498,0.103,0.0,0.0,0.951,2.584,0.0,0.0,0.0,180.726,2019-07-16
4,hru04,0.501,0.103,0.0,0.0,0.953,2.578,0.0,0.0,0.0,212.398,2019-07-16
5,hru05,0.504,0.001,0.0,0.0,0.883,4.818,0.0,0.0,0.0,776.568,2019-07-16
6,hru06,0.504,0.001,0.0,0.0,0.883,4.818,0.0,0.0,0.0,775.86,2019-07-16
7,hru07,0.507,0.0,0.0,0.0,0.551,4.824,0.0,0.0,0.0,3198.964,2019-07-16
8,hru08,0.498,0.001,0.0,0.0,0.938,4.811,0.0,0.0,0.0,423.795,2019-07-16
9,hru09,0.505,0.001,0.0,0.0,0.696,4.822,0.0,0.0,0.0,2005.687,2019-07-16
10,hru10,0.505,0.001,0.0,0.0,0.697,4.822,0.0,0.0,0.0,2002.886,2019-07-16
11,hru11,0.507,0.0,0.0,0.0,0.808,4.824,0.0,0.0,0.0,1317.112,2019-07-16
12,hru12,0.507,0.0,0.0,0.0,0.575,4.824,0.0,0.0,0.0,2924.173,2019-07-16
13,hru13,0.508,0.0,0.0,0.0,0.0,4.825,0.0,0.0,0.0,15138.36,2019-07-16
14,hru14,0.507,0.0,0.0,0.0,0.575,4.824,0.0,0.0,0.0,2925.036,2019-07-16
15,hru15,0.51,0.0,0.0,0.0,0.0,4.816,0.0,0.0,0.0,15323.002,2019-07-16
16,hru16,0.507,0.0,0.0,0.0,0.175,4.823,0.0,0.0,0.0,6767.044,2019-07-16
17,hru17,0.51,0.0,0.0,0.0,0.0,4.815,0.0,0.0,0.0,10709.119,2019-07-16
18,hru18,0.51,0.0,0.0,0.0,0.201,4.825,0.0,0.0,0.0,6092.093,2019-07-16
19,hru19,0.513,0.0,0.0,0.0,0.0,4.828,0.0,0.0,0.0,13594.223,2019-07-16
20,hru20,0.51,0.0,0.0,0.0,0.0,4.804,0.0,0.0,0.0,15670.896,2019-07-16
21,hru21,0.51,0.0,0.0,0.0,0.0,4.827,0.0,0.0,0.0,10180.67,2019-07-16
22,hru22,0.51,0.0,0.0,0.0,0.2,4.825,0.0,0.0,0.0,6104.744,2019-07-16
23,hru23,0.51,0.0,0.0,0.0,0.0,4.783,0.0,0.0,0.0,9845.66,2019-07-16
24,hru24,0.511,0.0,0.0,0.0,0.0,4.81,0.0,0.0,0.0,15297.35,2019-07-16
25,hru25,0.51,0.083,0.0,0.0,0.0,2.324,0.0,0.0,0.0,9131.484,2019-07-16
26,hru26,0.51,0.0,0.0,0.0,0.0,4.805,0.0,0.0,0.0,15391.194,2019-07-16
27,hru27,0.506,0.0,0.0,0.0,0.0,4.824,0.0,0.0,0.0,15015.861,2019-07-16
28,hru28,0.507,0.084,0.0,0.0,0.956,2.62,0.0,0.0,0.0,121.286,2019-07-16
29,hru29,0.507,0.0,0.0,0.0,0.824,4.824,0.0,0.0,0.0,1198.017,2019-07-16
30,hru30,0.506,0.0,0.0,0.0,0.835,4.823,0.0,0.0,0.0,1088.228,2019-07-16
31,hru31,0.503,0.001,0.0,0.0,0.964,4.817,0.0,0.0,0.0,263.321,2019-07-16
32,hru32,0.508,0.0,0.0,0.0,0.636,4.825,0.0,0.0,0.0,2590.408,2019-07-16
33,hru33,0.505,0.0,0.0,0.0,0.901,4.823,0.0,0.0,0.0,684.735,2019-07-16
34,hru34,0.505,0.0,0.0,0.0,0.9,4.823,0.0,0.0,0.0,689.689,2019-07-16
35,hru35,0.502,0.001,0.0,0.0,0.953,4.817,0.0,0.0,0.0,328.759,2019-07-16
36,hru36,0.505,0.0,0.0,0.0,0.901,4.823,0.0,0.0,0.0,683.24,2019-07-16
1,hru01,0.509,0.015,0.0,0.0,0.969,4.825,0.0,0.0,0.0,279.233,2019-07-17
2,hru02,0.511,0.024,0.0,0.0,0.0,4.83,0.0,0.0,0.0,9097.766,2019-07-17
3,hru03,0.504,0.189,0.0,0.0,0.96,2.459,0.0,0.0,0.0,197.787,2019-07-17
4,hru04,0.507,0.193,0.0,0.0,0.959,2.45,0.0,0.0,0.0,228.561,2019-07-17
5,hru05,0.51,0.028,0.0,0.0,0.897,4.826,0.0,0.0,0.0,830.728,2019-07-17
6,hru06,0.51,0.028,0.0,0.0,0.897,4.826,0.0,0.0,0.0,829.969,2019-07-17
7,hru07,0.513,0.022,0.0,0.0,0.618,4.831,0.0,0.0,0.0,3406.767,2019-07-17
8,hru08,0.504,0.028,0.0,0.0,0.946,4.82,0.0,0.0,0.0,452.702,2019-07-17
9,hru09,0.511,0.031,0.0,0.0,0.749,4.829,0.0,0.0,0.0,2145.96,2019-07-17
10,hru10,0.511,0.031,0.0,0.0,0.749,4.829,0.0,0.0,0.0,2142.955,2019-07-17
11,hru11,0.514,0.024,0.0,0.0,0.837,4.831,0.0,0.0,0.0,1405.895,2019-07-17
12,hru12,0.513,0.028,0.0,0.0,0.66,4.831,0.0,0.0,0.0,3119.946,2019-07-17
13,hru13,0.515,0.025,0.0,0.0,0.0,4.832,0.0,0.0,0.0,15599.705,2019-07-17
14,hru14,0.513,0.028,0.0,0.0,0.66,4.831,0.0,0.0,0.0,3120.876,2019-07-17
15,hru15,0.517,0.024,0.0,0.0,0.0,4.823,0.0,0.0,0.0,15783.58,2019-07-17
16,hru16,0.513,0.028,0.0,0.0,0.372,4.83,0.0,0.0,0.0,7146.671,2019-07-17
17,hru17,0.516,0.025,0.0,0.0,0.03,4.822,0.0,0.0,0.0,11168.484,2019-07-17
18,hru18,0.517,0.023,0.0,0.0,0.366,4.832,0.0,0.0,0.0,6459.759,2019-07-17
19,hru19,0.519,0.023,0.0,0.0,0.0,4.835,0.0,0.0,0.0,14054.708,2019-07-17
20,hru20,0.517,0.026,0.0,0.0,0.0,4.811,0.0,0.0,0.0,16133.913,2019-07-17
21,hru21,0.517,0.024,0.0,0.0,0.0,4.833,0.0,0.0,0.0,10641.479,2019-07-17
22,hru22,0.517,0.023,0.0,0.0,0.365,4.832,0.0,0.0,0.0,6473.185,2019-07-17
23,hru23,0.517,0.023,0.0,0.0,0.0,4.791,0.0,0.0,0.0,10305.13,2019-07-17
24,hru24,0.517,0.024,0.0,0.0,0.0,4.817,0.0,0.0,0.0,15758.574,2019-07-17
25,hru25,0.517,0.184,0.0,0.0,0.0,2.192,0.0,0.0,0.0,9435.644,2019-07-17
26,hru26,0.516,0.025,0.0,0.0,0.0,4.812,0.0,0.0,0.0,15853.844,2019-07-17
27,hru27,0.513,0.024,0.0,0.0,0.0,4.831,0.0,0.0,0.0,15476.972,2019-07-17
28,hru28,0.514,0.179,0.0,0.0,0.962,2.684,0.0,0.0,0.0,136.424,2019-07-17
29,hru29,0.513,0.025,0.0,0.0,0.855,4.831,0.0,0.0,0.0,1279.466,2019-07-17
30,hru30,0.512,0.023,0.0,0.0,0.861,4.83,0.0,0.0,0.0,1164.73,2019-07-17
31,hru31,0.509,0.015,0.0,0.0,0.969,4.825,0.0,0.0,0.0,279.957,2019-07-17
32,hru32,0.515,0.025,0.0,0.0,0.701,4.832,0.0,0.0,0.0,2758.281,2019-07-17
33,hru33,0.512,0.025,0.0,0.0,0.914,4.83,0.0,0.0,0.0,730.743,2019-07-17
34,hru34,0.512,0.025,0.0,0.0,0.914,4.83,0.0,0.0,0.0,736.057,2019-07-17
35,hru35,0.509,0.019,0.0,0.0,0.959,4.825,0.0,0.0,0.0,350.528,2019-07-17
36,hru36,0.512,0.025,0.0,0.0,0.914,4.83,0.0,0.0,0.0,729.138,2019-07-17
1,hru01,0.517,0.027,0.0,0.0,0.972,4.831,0.0,0.0,0.0,289.749,2019-07-18
2,hru02,0.519,0.019,0.0,0.0,0.0,4.835,0.0,0.0,0.0,9437.195,2019-07-18
3,hru03,0.512,0.022,0.0,0.0,0.974,2.352,0.0,0.0,0.0,207.544,2019-07-18
4,hru04,0.515,0.024,0.0,0.0,0.97,2.343,0.0,0.0,0.0,238.728,2019-07-18
5,hru05,0.518,0.022,0.0,0.0,0.921,4.831,0.0,0.0,0.0,866.093,2019-07-18
6,hru06,0.518,0.022,0.0,0.0,0.921,4.831,0.0,0.0,0.0,865.3,2019-07-18
7,hru07,0.521,0.015,0.0,0.0,0.738,4.836,0.0,0.0,0.0,3539.895,2019-07-18
8,hru08,0.512,0.025,0.0,0.0,0.961,4.826,0.0,0.0,0.0,470.621,2019-07-18
9,hru09,0.519,0.022,0.0,0.0,0.833,4.834,0.0,0.0,0.0,2231.834,2019-07-18
10,hru10,0.519,0.022,0.0,0.0,0.833,4.834,0.0,0.0,0.0,2228.705,2019-07-18
11,hru11,0.521,0.014,0.0,0.0,0.891,4.836,0.0,0.0,0.0,1462.506,2019-07-18
12,hru12,0.521,0.022,0.0,0.0,0.789,4.836,0.0,0.0,0.0,3237.294,2019-07-18
13,hru13,0.522,0.017,0.0,0.0,0.0,4.837,0.0,0.0,0.0,15940.134,2019-07-18
14,hru14,0.521,0.022,0.0,0.0,0.789,4.836,0.0,0.0,0.0,3238.264,2019-07-18
15,hru15,0.524,0.018,0.0,0.0,0.0,4.828,0.0,0.0,0.0,16123.844,2019-07-18
16,hru16,0.521,0.025,0.0,0.0,0.611,4.835,0.0,0.0,0.0,7359.237,2019-07-18
17,hru17,0.524,0.028,0.0,0.0,0.316,4.827,0.0,0.0,0.0,11500.406,2019-07-18
18,hru18,0.525,0.023,0.0,0.0,0.568,4.836,0.0,0.0,0.0,6680.489,2019-07-18
19,hru19,0.527,0.025,0.0,0.0,0.0,4.84,0.0,0.0,0.0,14395.131,2019-07-18
20,hru20,0.524,0.028,0.0,0.0,0.0,4.816,0.0,0.0,0.0,16471.77,2019-07-18
21,hru21,0.524,0.018,0.0,0.0,0.166,4.838,0.0,0.0,0.0,10981.909,2019-07-18
22,hru22,0.525,0.023,0.0,0.0,0.568,4.836,0.0,0.0,0.0,6694.398,2019-07-18
23,hru23,0.525,0.023,0.0,0.0,0.272,4.796,0.0,0.0,0.0,10645.015,2019-07-18
24,hru24,0.525,0.021,0.0,0.0,0.0,4.822,0.0,0.0,0.0,16098.733,2019-07-18
25,hru25,0.524,0.02,0.0,0.0,0.0,2.083,0.0,0.0,0.0,9633.265,2019-07-18
26,hru26,0.524,0.027,0.0,0.0,0.0,4.817,0.0,0.0,0.0,16192.068,2019-07-18
27,hru27,0.52,0.02,0.0,0.0,0.0,4.836,0.0,0.0,0.0,15817.364,2019-07-18
28,hru28,0.521,0.035,0.0,0.0,0.974,2.724,0.0,0.0,0.0,146.317,2019-07-18
29,hru29,0.521,0.022,0.0,0.0,0.9,4.836,0.0,0.0,0.0,1329.622,2019-07-18
30,hru30,0.52,0.017,0.0,0.0,0.906,4.835,0.0,0.0,0.0,1213.052,2019-07-18
31,hru31,0.517,0.027,0.0,0.0,0.972,4.831,0.0,0.0,0.0,290.503,2019-07-18
32,hru32,0.522,0.017,0.0,0.0,0.803,4.837,0.0,0.0,0.0,2862.658,2019-07-18
33,hru33,0.52,0.022,0.0,0.0,0.93,4.835,0.0,0.0,0.0,760.334,2019-07-18
34,hru34,0.52,0.022,0.0,0.0,0.93,4.835,0.0,0.0,0.0,765.875,2019-07-18
35,hru35,0.517,0.023,0.0,0.0,0.963,4.831,0.0,0.0,0.0,364.398,2019-07-18
36,hru36,0.52,0.022,0.0,0.0,0.93,4.835,0.0,0.0,0.0,758.659,2019-07-18
1,hru01,0.525,0.069,0.0,0.0,0.97,4.838,0.0,0.0,0.0,302.239,2019-07-19
2,hru02,0.527,0.069,0.0,0.0,0.0,4.841,0.0,0.0,0.0,9870.088,2019-07-19
3,hru03,0.52,0.006,0.0,0.0,0.97,2.199,0.0,0.0,0.0,215.9,2019-07-19
4,hru04,0.523,0.007,0.0,0.0,0.967,2.188,0.0,0.0,0.0,248.349,2019-07-19
5,hru05,0.526,0.063,0.0,0.0,0.914,4.838,0.0,0.0,0.0,900.927,2019-07-19
6,hru06,0.526,0.063,0.0,0.0,0.914,4.838,0.0,0.0,0.0,900.102,2019-07-19
7,hru07,0.529,0.073,0.0,0.0,0.718,4.842,0.0,0.0,0.0,3655.403,2019-07-19
8,hru08,0.52,0.056,0.0,0.0,0.958,4.834,0.0,0.0,0.0,487.847,2019-07-19
9,hru09,0.527,0.061,0.0,0.0,0.818,4.841,0.0,0.0,0.0,2305.352,2019-07-19
10,hru10,0.527,0.061,0.0,0.0,0.818,4.841,0.0,0.0,0.0,2302.119,2019-07-19
11,hru11,0.53,0.069,0.0,0.0,0.883,4.842,0.0,0.0,0.0,1510.443,2019-07-19
12,hru12,0.529,0.067,0.0,0.0,0.769,4.842,0.0,0.0,0.0,3330.102,2019-07-19
13,hru13,0.53,0.071,0.0,0.0,0.0,4.842,0.0,0.0,0.0,16371.745,2019-07-19
14,hru14,0.529,0.067,0.0,0.0,0.769,4.842,0.0,0.0,0.0,3331.104,2019-07-19
15,hru15,0.533,0.069,0.0,0.0,0.0,4.834,0.0,0.0,0.0,16554.521,2019-07-19
16,hru16,0.529,0.063,0.0,0.0,0.574,4.841,0.0,0.0,0.0,7530.918,2019-07-19
17,hru17,0.532,0.069,0.0,0.0,0.254,4.833,0.0,0.0,0.0,11801.308,2019-07-19
18,hru18,0.533,0.074,0.0,0.0,0.529,4.842,0.0,0.0,0.0,6869.377,2019-07-19
19,hru19,0.536,0.074,0.0,0.0,0.0,4.845,0.0,0.0,0.0,14822.136,2019-07-19
20,hru20,0.533,0.076,0.0,0.0,0.0,4.822,0.0,0.0,0.0,16904.109,2019-07-19
21,hru21,0.533,0.069,0.0,0.0,0.107,4.844,0.0,0.0,0.0,11347.923,2019-07-19
22,hru22,0.533,0.074,0.0,0.0,0.527,4.842,0.0,0.0,0.0,6883.712,2019-07-19
23,hru23,0.533,0.074,0.0,0.0,0.213,4.802,0.0,0.0,0.0,10962.946,2019-07-19
24,hru24,0.533,0.073,0.0,0.0,0.0,4.827,0.0,0.0,0.0,16529.229,2019-07-19
25,hru25,0.533,0.002,0.0,0.0,0.0,1.927,0.0,0.0,0.0,9930.566,2019-07-19
26,hru26,0.533,0.078,0.0,0.0,0.0,4.822,0.0,0.0,0.0,16623.584,2019-07-19
27,hru27,0.529,0.069,0.0,0.0,0.0,4.842,0.0,0.0,0.0,16247.428,2019-07-19
28,hru28,0.53,0.003,0.0,0.0,0.972,2.766,0.0,0.0,0.0,155.128,2019-07-19
29,hru29,0.529,0.066,0.0,0.0,0.891,4.842,0.0,0.0,0.0,1373.677,2019-07-19
30,hru30,0.528,0.071,0.0,0.0,0.898,4.841,0.0,0.0,0.0,1254.501,2019-07-19
31,hru31,0.525,0.069,0.0,0.0,0.969,4.838,0.0,0.0,0.0,303.028,2019-07-19
32,hru32,0.53,0.071,0.0,0.0,0.787,4.842,0.0,0.0,0.0,2949.354,2019-07-19
33,hru33,0.528,0.066,0.0,0.0,0.924,4.841,0.0,0.0,0.0,791.144,2019-07-19
34,hru34,0.528,0.066,0.0,0.0,0.924,4.841,0.0,0.0,0.0,796.918,2019-07-19
35,hru35,0.525,0.066,0.0,0.0,0.96,4.838,0.0,0.0,0.0,380.635,2019-07-19
36,hru36,0.528,0.066,0.0,0.0,0.925,4.841,0.0,0.0,0.0,789.397,2019-07-19
1,hru01,0.532,0.015,0.0,0.0,0.965,4.844,0.0,0.0,0.0,317.874,2019-07-20
2,hru02,0.534,0.007,0.0,0.0,0.0,4.846,0.0,0.0,0.0,10347.252,2019-07-20
3,hru03,0.527,0.15,0.0,0.0,0.965,2.036,0.0,0.0,0.0,226.622,2019-07-20
4,hru04,0.53,0.147,0.0,0.0,0.962,2.021,0.0,0.0,0.0,260.265,2019-07-20
5,hru05,0.533,0.008,0.0,0.0,0.901,4.844,0.0,0.0,0.0,944.808,2019-07-20
6,hru06,0.533,0.008,0.0,0.0,0.901,4.844,0.0,0.0,0.0,943.941,2019-07-20
7,hru07,0.536,0.004,0.0,0.0,0.682,4.847,0.0,0.0,0.0,3799.774,2019-07-20
8,hru08,0.527,0.012,0.0,0.0,0.951,4.841,0.0,0.0,0.0,509.454,2019-07-20
9,hru09,0.534,0.008,0.0,0.0,0.787,4.846,0.0,0.0,0.0,2398.481,2019-07-20
10,hru10,0.534,0.008,0.0,0.0,0.788,4.846,0.0,0.0,0.0,2395.115,2019-07-20
11,hru11,0.536,0.004,0.0,0.0,0.868,4.847,0.0,0.0,0.0,1570.402,2019-07-20
12,hru12,0.536,0.006,0.0,0.0,0.73,4.847,0.0,0.0,0.0,3448.061,2019-07-20
13,hru13,0.537,0.004,0.0,0.0,0.0,4.847,0.0,0.0,0.0,16847.354,2019-07-20
14,hru14,0.536,0.006,0.0,0.0,0.73,4.847,0.0,0.0,0.0,3449.104,2019-07-20
15,hru15,0.539,0.004,0.0,0.0,0.0,4.839,0.0,0.0,0.0,17031.342,2019-07-20
16,hru16,0.536,0.007,0.0,0.0,0.5,4.846,0.0,0.0,0.0,7749.385,2019-07-20
17,hru17,0.539,0.005,0.0,0.0,0.131,4.838,0.0,0.0,0.0,12184.635,2019-07-20
18,hru18,0.54,0.003,0.0,0.0,0.45,4.847,0.0,0.0,0.0,7110.79,2019-07-20
19,hru19,0.542,0.003,0.0,0.0,0.0,4.85,0.0,0.0,0.0,15297.103,2019-07-20
20,hru20,0.54,0.002,0.0,0.0,0.0,4.827,0.0,0.0,0.0,17379.434,2019-07-20
21,hru21,0.539,0.004,0.0,0.0,0.0,4.848,0.0,0.0,0.0,11805.816,2019-07-20
22,hru22,0.54,0.003,0.0,0.0,0.448,4.847,0.0,0.0,0.0,7125.668,2019-07-20
23,hru23,0.54,0.003,0.0,0.0,0.098,4.808,0.0,0.0,0.0,11365.238,2019-07-20
24,hru24,0.54,0.003,0.0,0.0,0.0,4.833,0.0,0.0,0.0,17004.336,2019-07-20
25,hru25,0.54,0.109,0.0,0.0,0.0,1.756,0.0,0.0,0.0,10268.536,2019-07-20
26,hru26,0.539,0.002,0.0,0.0,0.0,4.828,0.0,0.0,0.0,17097.475,2019-07-20
27,hru27,0.535,0.004,0.0,0.0,0.0,4.847,0.0,0.0,0.0,16723.537,2019-07-20
28,hru28,0.536,0.119,0.0,0.0,0.969,2.799,0.0,0.0,0.0,166.202,2019-07-20
29,hru29,0.536,0.006,0.0,0.0,0.874,4.847,0.0,0.0,0.0,1429.24,2019-07-20
30,hru30,0.535,0.005,0.0,0.0,0.882,4.846,0.0,0.0,0.0,1306.786,2019-07-20
31,hru31,0.532,0.015,0.0,0.0,0.965,4.844,0.0,0.0,0.0,318.707,2019-07-20
32,hru32,0.537,0.004,0.0,0.0,0.758,4.847,0.0,0.0,0.0,3058.208,2019-07-20
33,hru33,0.534,0.007,0.0,0.0,0.913,4.846,0.0,0.0,0.0,829.875,2019-07-20
34,hru34,0.534,0.007,0.0,0.0,0.912,4.846,0.0,0.0,0.0,835.945,2019-07-20
35,hru35,0.531,0.014,0.0,0.0,0.955,4.844,0.0,0.0,0.0,400.977,2019-07-20
36,hru36,0.534,0.007,0.0,0.0,0.913,4.846,0.0,0.0,0.0,828.037,2019-07-20
1,hru01,0.538,0.085,0.0,0.0,0.963,4.848,0.0,0.0,0.0,332.824,2019-07-21
2,hru02,0.54,0.08,0.0,0.0,0.0,4.85,0.0,0.0,0.0,10772.873,2019-07-21
3,hru03,0.532,0.305,0.0,0.0,0.961,1.921,0.0,0.0,0.0,237.018,2019-07-21
4,hru04,0.535,0.305,0.0,0.0,0.959,1.904,0.0,0.0,0.0,271.229,2019-07-21
5,hru05,0.539,0.087,0.0,0.0,0.895,4.848,0.0,0.0,0.0,987.447,2019-07-21
6,hru06,0.539,0.087,0.0,0.0,0.895,4.848,0.0,0.0,0.0,986.54,2019-07-21
7,hru07,0.542,0.076,0.0,0.0,0.664,4.823,0.0,0.0,0.0,3938.264,2019-07-21
8,hru08,0.532,0.093,0.0,0.0,0.948,4.845,0.0,0.0,0.0,530.582,2019-07-21
9,hru09,0.539,0.091,0.0,0.0,0.773,4.849,0.0,0.0,0.0,2491.406,2019-07-21
10,hru10,0.539,0.091,0.0,0.0,0.773,4.849,0.0,0.0,0.0,2487.906,2019-07-21
11,hru11,0.542,0.078,0.0,0.0,0.86,4.823,0.0,0.0,0.0,1627.855,2019-07-21
12,hru12,0.541,0.087,0.0,0.0,0.711,4.823,0.0,0.0,0.0,3567.671,2019-07-21
13,hru13,0.543,0.08,0.0,0.0,0.0,4.823,0.0,0.0,0.0,17287.467,2019-07-21
14,hru14,0.541,0.087,0.0,0.0,0.711,4.823,0.0,0.0,0.0,3568.756,2019-07-21
15,hru15,0.545,0.08,0.0,0.0,0.0,4.814,0.0,0.0,0.0,17476.834,2019-07-21
16,hru16,0.541,0.093,0.0,0.0,0.462,4.85,0.0,0.0,0.0,7974.248,2019-07-21
17,hru17,0.545,0.083,0.0,0.0,0.072,4.814,0.0,0.0,0.0,12577.959,2019-07-21
18,hru18,0.545,0.078,0.0,0.0,0.41,4.822,0.0,0.0,0.0,7356.328,2019-07-21
19,hru19,0.548,0.073,0.0,0.0,0.0,4.824,0.0,0.0,0.0,15748.188,2019-07-21
20,hru20,0.546,0.074,0.0,0.0,0.0,4.802,0.0,0.0,0.0,17842.381,2019-07-21
21,hru21,0.545,0.08,0.0,0.0,0.0,4.824,0.0,0.0,0.0,12251.514,2019-07-21
22,hru22,0.545,0.078,0.0,0.0,0.409,4.822,0.0,0.0,0.0,7371.756,2019-07-21
23,hru23,0.545,0.078,0.0,0.0,0.044,4.783,0.0,0.0,0.0,11766.626,2019-07-21
24,hru24,0.546,0.078,0.0,0.0,0.0,4.808,0.0,0.0,0.0,17451.387,2019-07-21
25,hru25,0.546,0.276,0.0,0.0,0.0,1.63,0.0,0.0,0.0,10528.242,2019-07-21
26,hru26,0.545,0.068,0.0,0.0,0.0,4.802,0.0,0.0,0.0,17554.332,2019-07-21
27,hru27,0.541,0.082,0.0,0.0,0.0,4.823,0.0,0.0,0.0,17163.059,2019-07-21
28,hru28,0.542,0.281,0.0,0.0,0.967,2.815,0.0,0.0,0.0,176.686,2019-07-21
29,hru29,0.542,0.083,0.0,0.0,0.866,4.823,0.0,0.0,0.0,1483.976,2019-07-21
30,hru30,0.541,0.082,0.0,0.0,0.875,4.85,0.0,0.0,0.0,1357.911,2019-07-21
31,hru31,0.538,0.085,0.0,0.0,0.963,4.848,0.0,0.0,0.0,333.7,2019-07-21
32,hru32,0.543,0.08,0.0,0.0,0.744,4.823,0.0,0.0,0.0,3164.993,2019-07-21
33,hru33,0.54,0.082,0.0,0.0,0.908,4.85,0.0,0.0,0.0,867.226,2019-07-21
34,hru34,0.54,0.082,0.0,0.0,0.907,4.85,0.0,0.0,0.0,873.582,2019-07-21
35,hru35,0.537,0.089,0.0,0.0,0.952,4.847,0.0,0.0,0.0,420.229,2019-07-21
36,hru36,0.54,0.082,0.0,0.0,0.908,4.85,0.0,0.0,0.0,865.298,2019-07-21
1,hru01,0.543,0.18,0.0,0.0,0.959,4.829,0.0,0.0,0.0,351.237,2019-07-22
2,hru02,0.545,0.172,0.0,0.0,0.0,4.83,0.0,0.0,0.0,11230.442,2019-07-22
3,hru03,0.537,0.439,0.0,0.0,0.955,1.835,0.0,0.0,0.0,249.878,2019-07-22
4,hru04,0.541,0.439,0.0,0.0,0.955,1.816,0.0,0.0,0.0,284.452,2019-07-22
5,hru05,0.544,0.183,0.0,0.0,0.884,4.829,0.0,0.0,0.0,1039.798,2019-07-22
6,hru06,0.544,0.183,0.0,0.0,0.884,4.829,0.0,0.0,0.0,1038.841,2019-07-22
7,hru07,0.547,0.165,0.0,0.0,0.633,4.803,0.0,0.0,0.0,4105.05,2019-07-22
8,hru08,0.537,0.191,0.0,0.0,0.943,4.847,0.0,0.0,0.0,556.237,2019-07-22
9,hru09,0.545,0.188,0.0,0.0,0.749,4.83,0.0,0.0,0.0,2604.06,2019-07-22
10,hru10,0.545,0.188,0.0,0.0,0.749,4.83,0.0,0.0,0.0,2600.397,2019-07-22
11,hru11,0.547,0.167,0.0,0.0,0.848,4.803,0.0,0.0,0.0,1696.989,2019-07-22
12,hru12,0.547,0.178,0.0,0.0,0.679,4.804,0.0,0.0,0.0,3710.926,2019-07-22
13,hru13,0.548,0.17,0.0,0.0,0.0,4.803,0.0,0.0,0.0,17743.219,2019-07-22
14,hru14,0.547,0.178,0.0,0.0,0.679,4.804,0.0,0.0,0.0,3712.062,2019-07-22
15,hru15,0.55,0.17,0.0,0.0,0.0,4.794,0.0,0.0,0.0,17930.971,2019-07-22
16,hru16,0.546,0.188,0.0,0.0,0.405,4.831,0.0,0.0,0.0,8240.101,2019-07-22
17,hru17,0.55,0.175,0.0,0.0,0.0,4.794,0.0,0.0,0.0,13028.514,2019-07-22
18,hru18,0.551,0.17,0.0,0.0,0.347,4.802,0.0,0.0,0.0,7647.394,2019-07-22
19,hru19,0.554,0.162,0.0,0.0,0.0,4.803,0.0,0.0,0.0,16204.432,2019-07-22
20,hru20,0.551,0.17,0.0,0.0,0.0,4.781,0.0,0.0,0.0,18296.201,2019-07-22
21,hru21,0.55,0.17,0.0,0.0,0.0,4.804,0.0,0.0,0.0,12705.859,2019-07-22
22,hru22,0.551,0.17,0.0,0.0,0.346,4.802,0.0,0.0,0.0,7663.472,2019-07-22
23,hru23,0.551,0.17,0.0,0.0,0.0,4.763,0.0,0.0,0.0,12220.969,2019-07-22
24,hru24,0.551,0.167,0.0,0.0,0.0,4.787,0.0,0.0,0.0,17906.268,2019-07-22
25,hru25,0.551,0.412,0.0,0.0,0.0,1.538,0.0,0.0,0.0,10743.183,2019-07-22
26,hru26,0.551,0.162,0.0,0.0,0.0,4.781,0.0,0.0,0.0,18012.592,2019-07-22
27,hru27,0.546,0.172,0.0,0.0,0.0,4.803,0.0,0.0,0.0,17618.258,2019-07-22
28,hru28,0.547,0.409,0.0,0.0,0.964,2.825,0.0,0.0,0.0,189.32,2019-07-22
29,hru29,0.547,0.175,0.0,0.0,0.852,4.804,0.0,0.0,0.0,1550.313,2019-07-22
30,hru30,0.546,0.172,0.0,0.0,0.862,4.83,0.0,0.0,0.0,1420.136,2019-07-22
31,hru31,0.543,0.18,0.0,0.0,0.959,4.829,0.0,0.0,0.0,352.165,2019-07-22
32,hru32,0.548,0.17,0.0,0.0,0.72,4.803,0.0,0.0,0.0,3291.984,2019-07-22
33,hru33,0.546,0.175,0.0,0.0,0.898,4.83,0.0,0.0,0.0,913.114,2019-07-22
34,hru34,0.546,0.175,0.0,0.0,0.898,4.83,0.0,0.0,0.0,919.824,2019-07-22
35,hru35,0.542,0.178,0.0,0.0,0.947,4.829,0.0,0.0,0.0,444.041,2019-07-22
36,hru36,0.546,0.175,0.0,0.0,0.899,4.83,0.0,0.0,0.0,911.076,2019-07-22
1,hru01,0.548,0.131,0.0,0.0,0.955,4.812,0.0,0.0,0.0,372.792,2019-07-23
2,hru02,0.55,0.122,0.0,0.0,0.0,4.813,0.0,0.0,0.0,11668.637,2019-07-23
3,hru03,0.543,0.376,0.0,0.0,0.948,1.768,0.0,0.0,0.0,265.257,2019-07-23
4,hru04,0.546,0.373,0.0,0.0,0.95,1.747,0.0,0.0,0.0,299.665,2019-07-23
5,hru05,0.549,0.133,0.0,0.0,0.87,4.813,0.0,0.0,0.0,1101.362,2019-07-23
6,hru06,0.549,0.133,0.0,0.0,0.87,4.813,0.0,0.0,0.0,1100.347,2019-07-23
7,hru07,0.553,0.118,0.0,0.0,0.597,4.786,0.0,0.0,0.0,4298.597,2019-07-23
8,hru08,0.543,0.143,0.0,0.0,0.937,4.85,0.0,0.0,0.0,586.34,2019-07-23
9,hru09,0.55,0.136,0.0,0.0,0.719,4.814,0.0,0.0,0.0,2736.958,2019-07-23
10,hru10,0.55,0.136,0.0,0.0,0.719,4.814,0.0,0.0,0.0,2733.101,2019-07-23
11,hru11,0.553,0.115,0.0,0.0,0.832,4.786,0.0,0.0,0.0,1777.419,2019-07-23
12,hru12,0.552,0.129,0.0,0.0,0.641,4.787,0.0,0.0,0.0,3880.054,2019-07-23
13,hru13,0.554,0.122,0.0,0.028,0.0,4.786,0.0,0.0,0.0,18181.258,2019-07-23
14,hru14,0.552,0.129,0.0,0.0,0.64,4.787,0.0,0.0,0.0,3881.251,2019-07-23
15,hru15,0.556,0.122,0.0,0.0,0.0,4.776,0.0,0.0,0.0,18369.291,2019-07-23
16,hru16,0.552,0.136,0.0,0.0,0.336,4.814,0.0,0.0,0.0,8555.064,2019-07-23
17,hru17,0.555,0.124,0.0,0.0,0.0,4.776,0.0,0.0,0.0,13465.2,2019-07-23
18,hru18,0.556,0.12,0.0,0.0,0.271,4.784,0.0,0.0,0.0,7991.955,2019-07-23
19,hru19,0.559,0.113,0.0,0.0,0.0,4.785,0.0,0.0,0.0,16647.477,2019-07-23
20,hru20,0.556,0.12,0.0,0.0,0.0,4.763,0.0,0.0,0.0,18736.477,2019-07-23
21,hru21,0.556,0.122,0.0,0.0,0.0,4.786,0.0,0.0,0.0,13144.384,2019-07-23
22,hru22,0.556,0.12,0.0,0.0,0.269,4.784,0.0,0.0,0.0,8008.793,2019-07-23
23,hru23,0.556,0.12,0.0,0.0,0.0,4.746,0.0,0.0,0.0,12658.307,2019-07-23
24,hru24,0.557,0.12,0.0,0.0,0.0,4.77,0.0,0.0,0.0,18346.121,2019-07-23
25,hru25,0.556,0.344,0.0,0.0,0.0,1.466,0.0,0.0,0.0,10926.128,2019-07-23
26,hru26,0.556,0.115,0.0,0.0,0.0,4.763,0.0,0.0,0.0,18456.281,2019-07-23
27,hru27,0.552,0.126,0.0,0.0,0.0,4.786,0.0,0.0,0.0,18054.771,2019-07-23
28,hru28,0.553,0.338,0.0,0.0,0.961,2.831,0.0,0.0,0.0,203.944,2019-07-23
29,hru29,0.552,0.129,0.0,0.0,0.836,4.786,0.0,0.0,0.0,1628.175,2019-07-23
30,hru30,0.551,0.124,0.0,0.0,0.846,4.813,0.0,0.0,0.0,1493.172,2019-07-23
31,hru31,0.548,0.131,0.0,0.0,0.955,4.812,0.0,0.0,0.0,373.783,2019-07-23
32,hru32,0.554,0.122,0.0,0.0,0.69,4.786,0.0,0.0,0.0,3439.952,2019-07-23
33,hru33,0.551,0.126,0.0,0.0,0.887,4.813,0.0,0.0,0.0,966.899,2019-07-23
34,hru34,0.551,0.126,0.0,0.0,0.886,4.813,0.0,0.0,0.0,974.029,2019-07-23
35,hru35,0.548,0.129,0.0,0.0,0.941,4.812,0.0,0.0,0.0,471.933,2019-07-23
36,hru36,0.551,0.126,0.0,0.0,0.887,4.813,0.0,0.0,0.0,964.731,2019-07-23
1,hru01,0.554,0.085,0.0,0.0,0.95,4.794,0.0,0.0,0.0,396.527,2019-07-24
2,hru02,0.556,0.082,0.0,0.0,0.0,4.794,0.0,0.0,0.0,12130.308,2019-07-24
3,hru03,0.549,0.314,0.0,0.0,0.94,1.692,0.0,0.0,0.0,282.615,2019-07-24
4,hru04,0.552,0.308,0.0,0.0,0.944,1.67,0.0,0.0,0.0,316.16,2019-07-24
5,hru05,0.555,0.089,0.0,0.0,0.855,4.794,0.0,0.0,0.0,1169.581,2019-07-24
6,hru06,0.555,0.089,0.0,0.0,0.855,4.794,0.0,0.0,0.0,1168.502,2019-07-24
7,hru07,0.559,0.073,0.0,0.0,0.556,4.766,0.0,0.0,0.0,4510.03,2019-07-24
8,hru08,0.549,0.099,0.0,0.0,0.93,4.832,0.0,0.0,0.0,619.573,2019-07-24
9,hru09,0.556,0.095,0.0,0.0,0.684,4.795,0.0,0.0,0.0,2884.771,2019-07-24
10,hru10,0.556,0.095,0.0,0.0,0.685,4.795,0.0,0.0,0.0,2880.697,2019-07-24
11,hru11,0.559,0.076,0.0,0.0,0.814,4.766,0.0,0.0,0.0,1865.445,2019-07-24
12,hru12,0.558,0.087,0.0,0.0,0.596,4.768,0.0,0.0,0.0,4068.451,2019-07-24
13,hru13,0.56,0.076,0.0,0.032,0.0,4.766,0.0,0.0,0.0,18641.648,2019-07-24
14,hru14,0.558,0.087,0.0,0.0,0.596,4.768,0.0,0.0,0.0,4069.717,2019-07-24
15,hru15,0.562,0.074,0.0,0.0,0.0,4.757,0.0,0.0,0.0,18829.973,2019-07-24
16,hru16,0.558,0.093,0.0,0.0,0.258,4.795,0.0,0.0,0.0,8904.936,2019-07-24
17,hru17,0.561,0.083,0.0,0.0,0.0,4.757,0.0,0.0,0.0,13926.062,2019-07-24
18,hru18,0.562,0.074,0.0,0.0,0.186,4.764,0.0,0.0,0.0,8374.515,2019-07-24
19,hru19,0.565,0.071,0.0,0.0,0.0,4.765,0.0,0.0,0.0,17113.604,2019-07-24
20,hru20,0.562,0.068,0.0,0.0,0.0,4.743,0.0,0.0,0.0,19200.715,2019-07-24
21,hru21,0.562,0.074,0.0,0.0,0.0,4.766,0.0,0.0,0.0,13605.28,2019-07-24
22,hru22,0.562,0.074,0.0,0.0,0.184,4.764,0.0,0.0,0.0,8392.186,2019-07-24
23,hru23,0.562,0.074,0.0,0.0,0.0,4.726,0.0,0.0,0.0,13119.269,2019-07-24
24,hru24,0.562,0.073,0.0,0.0,0.0,4.75,0.0,0.0,0.0,18808.141,2019-07-24
25,hru25,0.562,0.264,0.0,0.0,0.0,1.385,0.0,0.0,0.0,11123.901,2019-07-24
26,hru26,0.562,0.066,0.0,0.0,0.0,4.742,0.0,0.0,0.0,18921.959,2019-07-24
27,hru27,0.558,0.078,0.0,0.026,0.0,4.767,0.0,0.0,0.0,18512.488,2019-07-24
28,hru28,0.559,0.278,0.0,0.0,0.957,2.838,0.0,0.0,0.0,219.84,2019-07-24
29,hru29,0.558,0.085,0.0,0.0,0.816,4.767,0.0,0.0,0.0,1714.367,2019-07-24
30,hru30,0.557,0.078,0.0,0.0,0.828,4.794,0.0,0.0,0.0,1574.041,2019-07-24
31,hru31,0.554,0.085,0.0,0.0,0.95,4.794,0.0,0.0,0.0,397.587,2019-07-24
32,hru32,0.56,0.076,0.0,0.0,0.658,4.766,0.0,0.0,0.0,3602.25,2019-07-24
33,hru33,0.557,0.082,0.0,0.0,0.874,4.794,0.0,0.0,0.0,1026.27,2019-07-24
34,hru34,0.557,0.082,0.0,0.0,0.873,4.794,0.0,0.0,0.0,1033.867,2019-07-24
35,hru35,0.554,0.087,0.0,0.0,0.935,4.794,0.0,0.0,0.0,502.683,2019-07-24
36,hru36,0.557,0.082,0.0,0.0,0.874,4.794,0.0,0.0,0.0,1023.957,2019-07-24
1,hru01,0.56,0.078,0.0,0.0,0.947,4.773,0.0,0.0,0.0,422.679,2019-07-25
2,hru02,0.562,0.071,0.0,0.0,0.0,4.772,0.0,0.0,0.0,12609.062,2019-07-25
3,hru03,0.554,0.29,0.0,0.0,0.937,1.607,0.0,0.0,0.0,302.119,2019-07-25
4,hru04,0.558,0.287,0.0,0.0,0.942,1.582,0.0,0.0,0.0,333.948,2019-07-25
5,hru05,0.561,0.076,0.0,0.0,0.843,4.774,0.0,0.0,0.0,1245.281,2019-07-25
6,hru06,0.561,0.076,0.0,0.0,0.843,4.774,0.0,0.0,0.0,1244.129,2019-07-25
7,hru07,0.565,0.071,0.0,0.0,0.522,4.743,0.0,0.0,0.0,4740.605,2019-07-25
8,hru08,0.554,0.083,0.0,0.0,0.925,4.813,0.0,0.0,0.0,656.231,2019-07-25
9,hru09,0.562,0.078,0.0,0.0,0.657,4.774,0.0,0.0,0.0,3049.184,2019-07-25
10,hru10,0.562,0.078,0.0,0.0,0.658,4.774,0.0,0.0,0.0,3044.868,2019-07-25
11,hru11,0.565,0.078,0.0,0.0,0.799,4.743,0.0,0.0,0.0,1961.741,2019-07-25
12,hru12,0.564,0.068,0.0,0.0,0.561,4.746,0.0,0.0,0.0,4278.086,2019-07-25
13,hru13,0.566,0.069,0.0,0.037,0.0,4.744,0.0,0.0,0.0,19120.973,2019-07-25
14,hru14,0.564,0.068,0.0,0.0,0.56,4.746,0.0,0.0,0.0,4279.43,2019-07-25
15,hru15,0.568,0.064,0.0,0.0,0.0,4.734,0.0,0.0,0.0,19308.375,2019-07-25
16,hru16,0.564,0.073,0.0,0.0,0.198,4.774,0.0,0.0,0.0,9290.471,2019-07-25
17,hru17,0.567,0.066,0.0,0.0,0.0,4.734,0.0,0.0,0.0,14400.0,2019-07-25
18,hru18,0.568,0.063,0.0,0.0,0.117,4.741,0.0,0.0,0.0,8795.633,2019-07-25
19,hru19,0.571,0.058,0.0,0.0,0.0,4.741,0.0,0.0,0.0,17592.559,2019-07-25
20,hru20,0.568,0.058,0.0,0.0,0.0,4.719,0.0,0.0,0.0,19679.639,2019-07-25
21,hru21,0.568,0.064,0.0,0.0,0.0,4.743,0.0,0.0,0.0,14083.908,2019-07-25
22,hru22,0.568,0.063,0.0,0.0,0.115,4.741,0.0,0.0,0.0,8814.201,2019-07-25
23,hru23,0.568,0.063,0.0,0.0,0.0,4.703,0.0,0.0,0.0,13597.285,2019-07-25
24,hru24,0.568,0.066,0.0,0.0,0.0,4.726,0.0,0.0,0.0,19287.096,2019-07-25
25,hru25,0.568,0.248,0.0,0.0,0.0,1.291,0.0,0.0,0.0,11333.228,2019-07-25
26,hru26,0.568,0.056,0.0,0.0,0.0,4.719,0.0,0.0,0.0,19402.799,2019-07-25
27,hru27,0.564,0.069,0.0,0.031,0.0,4.744,0.0,0.0,0.0,18991.252,2019-07-25
28,hru28,0.565,0.281,0.0,0.0,0.953,2.843,0.0,0.0,0.0,237.101,2019-07-25
29,hru29,0.564,0.071,0.0,0.0,0.801,4.745,0.0,0.0,0.0,1809.788,2019-07-25
30,hru30,0.563,0.069,0.0,0.0,0.813,4.772,0.0,0.0,0.0,1663.592,2019-07-25
31,hru31,0.56,0.078,0.0,0.0,0.946,4.773,0.0,0.0,0.0,423.817,2019-07-25
32,hru32,0.566,0.069,0.0,0.0,0.63,4.744,0.0,0.0,0.0,3779.897,2019-07-25
33,hru33,0.563,0.073,0.0,0.0,0.863,4.772,0.0,0.0,0.0,1091.88,2019-07-25
34,hru34,0.563,0.073,0.0,0.0,0.862,4.772,0.0,0.0,0.0,1099.999,2019-07-25
35,hru35,0.56,0.076,0.0,0.0,0.93,4.773,0.0,0.0,0.0,536.637,2019-07-25
36,hru36,0.563,0.073,0.0,0.0,0.863,4.772,0.0,0.0,0.0,1089.405,2019-07-25
1,hru01,0.567,0.001,0.0,0.0,0.944,4.751,0.0,0.0,0.0,443.621,2019-07-26
2,hru02,0.569,0.001,0.0,0.0,0.0,4.748,0.0,0.0,0.0,12974.115,2019-07-26
3,hru03,0.561,0.109,0.0,0.0,0.928,1.518,0.0,0.0,0.0,317.2,2019-07-26
4,hru04,0.565,0.107,0.0,0.0,0.936,1.491,0.0,0.0,0.0,347.619,2019-07-26
5,hru05,0.568,0.001,0.0,0.0,0.833,4.751,0.0,0.0,0.0,1307.283,2019-07-26
6,hru06,0.568,0.001,0.0,0.0,0.834,4.751,0.0,0.0,0.0,1306.073,2019-07-26
7,hru07,0.572,0.001,0.0,0.0,0.498,4.72,0.0,0.0,0.0,4930.673,2019-07-26
8,hru08,0.561,0.002,0.0,0.0,0.921,4.792,0.0,0.0,0.0,685.917,2019-07-26
9,hru09,0.569,0.001,0.0,0.0,0.637,4.751,0.0,0.0,0.0,3185.527,2019-07-26
10,hru10,0.569,0.001,0.0,0.0,0.637,4.751,0.0,0.0,0.0,3181.009,2019-07-26
11,hru11,0.572,0.001,0.0,0.0,0.789,4.72,0.0,0.0,0.0,2041.868,2019-07-26
12,hru12,0.571,0.001,0.0,0.0,0.533,4.722,0.0,0.0,0.0,4454.089,2019-07-26
13,hru13,0.573,0.001,0.0,0.041,0.0,4.72,0.0,0.0,0.0,19494.582,2019-07-26
14,hru14,0.571,0.001,0.0,0.0,0.533,4.722,0.0,0.0,0.0,4455.497,2019-07-26
15,hru15,0.575,0.001,0.0,0.0,0.0,4.709,0.0,0.0,0.0,19687.559,2019-07-26
16,hru16,0.571,0.001,0.0,0.0,0.152,4.751,0.0,0.0,0.0,9616.288,2019-07-26
17,hru17,0.574,0.0,0.0,0.0,0.0,4.71,0.0,0.0,0.0,14781.58,2019-07-26
18,hru18,0.575,0.0,0.0,0.0,0.067,4.716,0.0,0.0,0.0,9151.671,2019-07-26
19,hru19,0.578,0.0,0.0,0.0,0.0,4.716,0.0,0.0,0.0,17978.254,2019-07-26
20,hru20,0.575,0.0,0.0,0.0,0.0,4.694,0.0,0.0,0.0,20076.465,2019-07-26
21,hru21,0.575,0.001,0.0,0.0,0.0,4.719,0.0,0.0,0.0,14463.271,2019-07-26
22,hru22,0.575,0.0,0.0,0.0,0.065,4.716,0.0,0.0,0.0,9170.983,2019-07-26
23,hru23,0.575,0.0,0.0,0.0,0.0,4.678,0.0,0.0,0.0,13974.555,2019-07-26
24,hru24,0.575,0.0,0.0,0.0,0.0,4.702,0.0,0.0,0.0,19667.625,2019-07-26
25,hru25,0.575,0.086,0.0,0.0,0.0,1.194,0.0,0.0,0.0,11501.772,2019-07-26
26,hru26,0.575,0.0,0.0,0.0,0.0,4.693,0.0,0.0,0.0,19796.463,2019-07-26
27,hru27,0.571,0.001,0.0,0.034,0.0,4.721,0.0,0.0,0.0,19362.908,2019-07-26
28,hru28,0.572,0.1,0.0,0.0,0.951,2.848,0.0,0.0,0.0,251.479,2019-07-26
29,hru29,0.571,0.001,0.0,0.0,0.79,4.722,0.0,0.0,0.0,1888.661,2019-07-26
30,hru30,0.57,0.001,0.0,0.0,0.802,4.748,0.0,0.0,0.0,1737.784,2019-07-26
31,hru31,0.567,0.001,0.0,0.0,0.944,4.751,0.0,0.0,0.0,444.821,2019-07-26
32,hru32,0.573,0.001,0.0,0.0,0.61,4.72,0.0,0.0,0.0,3928.545,2019-07-26
33,hru33,0.57,0.001,0.0,0.0,0.855,4.749,0.0,0.0,0.0,1145.771,2019-07-26
34,hru34,0.57,0.001,0.0,0.0,0.854,4.749,0.0,0.0,0.0,1154.32,2019-07-26
35,hru35,0.566,0.002,0.0,0.0,0.926,4.751,0.0,0.0,0.0,564.022,2019-07-26
36,hru36,0.57,0.001,0.0,0.0,0.856,4.749,0.0,0.0,0.0,1143.161,2019-07-26
1,hru01,0.574,0.0,0.0,0.0,0.936,4.721,0.0,0.0,0.0,470.815,2019-07-27
2,hru02,0.576,0.0,0.0,0.0,0.0,4.717,0.0,0.0,0.0,13455.023,2019-07-27
3,hru03,0.568,0.093,0.0,0.0,0.914,1.395,0.0,0.0,0.0,337.631,2019-07-27
4,hru04,0.572,0.094,0.0,0.0,0.928,1.364,0.0,0.0,0.0,365.464,2019-07-27
5,hru05,0.575,0.0,0.0,0.0,0.809,4.721,0.0,0.0,0.0,1387.663,2019-07-27
6,hru06,0.575,0.0,0.0,0.0,0.809,4.721,0.0,0.0,0.0,1386.377,2019-07-27
7,hru07,0.579,0.0,0.0,0.0,0.439,4.688,0.0,0.0,0.0,5171.972,2019-07-27
8,hru08,0.568,0.0,0.0,0.0,0.911,4.763,0.0,0.0,0.0,724.225,2019-07-27
9,hru09,0.576,0.0,0.0,0.0,0.583,4.72,0.0,0.0,0.0,3361.096,2019-07-27
10,hru10,0.576,0.0,0.0,0.0,0.584,4.72,0.0,0.0,0.0,3356.317,2019-07-27
11,hru11,0.579,0.0,0.0,0.0,0.763,4.688,0.0,0.0,0.0,2143.297,2019-07-27
12,hru12,0.578,0.0,0.0,0.0,0.464,4.69,0.0,0.0,0.0,4679.365,2019-07-27
13,hru13,0.58,0.0,0.0,0.047,0.0,4.688,0.0,0.0,0.0,19956.223,2019-07-27
14,hru14,0.578,0.0,0.0,0.0,0.464,4.69,0.0,0.0,0.0,4680.857,2019-07-27
15,hru15,0.582,0.0,0.0,0.0,0.0,4.676,0.0,0.0,0.0,20170.092,2019-07-27
16,hru16,0.578,0.0,0.0,0.0,0.037,4.719,0.0,0.0,0.0,10029.512,2019-07-27
17,hru17,0.581,0.0,0.0,0.0,0.0,4.678,0.0,0.0,0.0,15268.307,2019-07-27
18,hru18,0.582,0.0,0.0,0.0,0.0,4.683,0.0,0.0,0.0,9602.217,2019-07-27
19,hru19,0.585,0.0,0.0,0.0,0.0,4.681,0.0,0.0,0.0,18462.951,2019-07-27
20,hru20,0.583,0.0,0.0,0.0,0.0,4.66,0.0,0.0,0.0,20564.115,2019-07-27
21,hru21,0.582,0.0,0.0,0.0,0.0,4.686,0.0,0.0,0.0,14946.035,2019-07-27
22,hru22,0.582,0.0,0.0,0.0,0.0,4.683,0.0,0.0,0.0,9622.457,2019-07-27
23,hru23,0.582,0.0,0.0,0.0,0.0,4.645,0.0,0.0,0.0,14456.329,2019-07-27
24,hru24,0.582,0.0,0.0,0.0,0.0,4.669,0.0,0.0,0.0,20150.369,2019-07-27
25,hru25,0.583,0.076,0.0,0.0,0.0,1.062,0.0,0.0,0.0,11728.071,2019-07-27
26,hru26,0.582,0.0,0.0,0.0,0.0,4.659,0.0,0.0,0.0,20281.984,2019-07-27
27,hru27,0.578,0.0,0.0,0.039,0.0,4.689,0.0,0.0,0.0,19828.035,2019-07-27
28,hru28,0.579,0.093,0.0,0.0,0.946,2.853,0.0,0.0,0.0,269.707,2019-07-27
29,hru29,0.578,0.0,0.0,0.0,0.76,4.69,0.0,0.0,0.0,1990.078,2019-07-27
30,hru30,0.577,0.0,0.0,0.0,0.774,4.716,0.0,0.0,0.0,1833.306,2019-07-27
31,hru31,0.574,0.0,0.0,0.0,0.936,4.721,0.0,0.0,0.0,472.096,2019-07-27
32,hru32,0.58,0.0,0.0,0.0,0.561,4.688,0.0,0.0,0.0,4116.444,2019-07-27
33,hru33,0.577,0.0,0.0,0.0,0.835,4.717,0.0,0.0,0.0,1215.489,2019-07-27
34,hru34,0.577,0.0,0.0,0.0,0.834,4.717,0.0,0.0,0.0,1224.598,2019-07-27
35,hru35,0.573,0.0,0.0,0.0,0.916,4.721,0.0,0.0,0.0,599.642,2019-07-27
36,hru36,0.577,0.0,0.0,0.0,0.836,4.717,0.0,0.0,0.0,1212.705,2019-07-27
1,hru01,0.581,0.017,0.0,0.0,0.943,4.688,0.0,0.0,0.0,501.389,2019-07-28
2,hru02,0.583,0.012,0.0,0.0,0.0,4.683,0.0,0.0,0.0,13931.32,2019-07-28
3,hru03,0.575,0.179,0.0,0.0,0.927,1.267,0.0,0.0,0.0,360.433,2019-07-28
4,hru04,0.578,0.174,0.0,0.0,0.936,1.235,0.0,0.0,0.0,384.39,2019-07-28
5,hru05,0.581,0.017,0.0,0.0,0.83,4.689,0.0,0.0,0.0,1478.3,2019-07-28
6,hru06,0.581,0.017,0.0,0.0,0.83,4.689,0.0,0.0,0.0,1476.929,2019-07-28
7,hru07,0.585,0.01,0.0,0.0,0.572,4.653,0.0,0.0,0.0,5436.08,2019-07-28
8,hru08,0.575,0.024,0.0,0.0,0.917,4.732,0.0,0.0,0.0,766.863,2019-07-28
9,hru09,0.582,0.018,0.0,0.0,0.652,4.687,0.0,0.0,0.0,3557.407,2019-07-28
10,hru10,0.582,0.018,0.0,0.0,0.652,4.687,0.0,0.0,0.0,3552.337,2019-07-28
11,hru11,0.585,0.011,0.0,0.0,0.821,4.654,0.0,0.0,0.0,2254.94,2019-07-28
12,hru12,0.584,0.014,0.0,0.0,0.572,4.656,0.0,0.0,0.0,4929.184,2019-07-28
13,hru13,0.586,0.011,0.0,0.054,0.0,4.653,0.0,0.0,0.0,20400.574,2019-07-28
14,hru14,0.584,0.014,0.0,0.0,0.572,4.656,0.0,0.0,0.0,4930.769,2019-07-28
15,hru15,0.588,0.01,0.0,0.0,0.0,4.641,0.0,0.0,0.0,20634.338,2019-07-28
16,hru16,0.584,0.018,0.0,0.0,0.174,4.685,0.0,0.0,0.0,10477.19,2019-07-28
17,hru17,0.588,0.014,0.0,0.0,0.0,4.642,0.0,0.0,0.0,15730.479,2019-07-28
18,hru18,0.589,0.01,0.0,0.0,0.058,4.646,0.0,0.0,0.0,10065.863,2019-07-28
19,hru19,0.592,0.009,0.0,0.0,0.0,4.644,0.0,0.0,0.0,18925.188,2019-07-28
20,hru20,0.589,0.008,0.0,0.0,0.0,4.623,0.0,0.0,0.0,21028.43,2019-07-28
21,hru21,0.588,0.01,0.0,0.0,0.0,4.65,0.0,0.0,0.0,15410.505,2019-07-28
22,hru22,0.589,0.01,0.0,0.0,0.056,4.646,0.0,0.0,0.0,10086.104,2019-07-28
23,hru23,0.589,0.01,0.0,0.0,0.0,4.609,0.0,0.0,0.0,14919.066,2019-07-28
24,hru24,0.589,0.009,0.0,0.0,0.0,4.632,0.0,0.0,0.0,20615.018,2019-07-28
25,hru25,0.589,0.137,0.0,0.0,0.0,0.928,0.0,0.0,0.0,11930.654,2019-07-28
26,hru26,0.589,0.008,0.0,0.0,0.0,4.621,0.0,0.0,0.0,20747.08,2019-07-28
27,hru27,0.584,0.011,0.0,0.045,0.0,4.654,0.0,0.0,0.0,20275.99,2019-07-28
28,hru28,0.585,0.145,0.0,0.0,0.957,2.857,0.0,0.0,0.0,289.604,2019-07-28
29,hru29,0.584,0.015,0.0,0.0,0.802,4.656,0.0,0.0,0.0,2103.207,2019-07-28
30,hru30,0.584,0.01,0.0,0.0,0.826,4.682,0.0,0.0,0.0,1940.073,2019-07-28
31,hru31,0.581,0.017,0.0,0.0,0.943,4.688,0.0,0.0,0.0,502.763,2019-07-28
32,hru32,0.586,0.011,0.0,0.0,0.636,4.653,0.0,0.0,0.0,4321.401,2019-07-28
33,hru33,0.583,0.014,0.0,0.0,0.856,4.683,0.0,0.0,0.0,1293.861,2019-07-28
34,hru34,0.583,0.014,0.0,0.0,0.855,4.683,0.0,0.0,0.0,1303.605,2019-07-28
35,hru35,0.58,0.018,0.0,0.0,0.924,4.689,0.0,0.0,0.0,639.818,2019-07-28
36,hru36,0.583,0.014,0.0,0.0,0.857,4.683,0.0,0.0,0.0,1290.878,2019-07-28
1,hru01,0.586,0.15,0.0,0.0,0.939,4.657,0.0,0.0,0.0,525.425,2019-07-29
2,hru02,0.588,0.129,0.0,0.0,0.0,4.649,0.0,0.0,0.0,14354.608,2019-07-29
3,hru03,0.58,0.386,0.0,0.0,0.916,1.159,0.0,0.0,0.0,376.865,2019-07-29
4,hru04,0.583,0.386,0.0,0.0,0.929,1.123,0.0,0.0,0.0,398.559,2019-07-29
5,hru05,0.587,0.143,0.0,0.0,0.817,4.658,0.0,0.0,0.0,1550.782,2019-07-29
6,hru06,0.587,0.143,0.0,0.0,0.818,4.658,0.0,0.0,0.0,1549.343,2019-07-29
7,hru07,0.591,0.122,0.0,0.0,0.544,4.619,0.0,0.0,0.0,5620.396,2019-07-29
8,hru08,0.58,0.15,0.0,0.0,0.912,4.703,0.0,0.0,0.0,802.138,2019-07-29
9,hru09,0.587,0.14,0.0,0.0,0.625,4.655,0.0,0.0,0.0,3706.725,2019-07-29
10,hru10,0.587,0.14,0.0,0.0,0.625,4.655,0.0,0.0,0.0,3701.432,2019-07-29
11,hru11,0.591,0.122,0.0,0.0,0.809,4.62,0.0,0.0,0.0,2332.296,2019-07-29
12,hru12,0.59,0.133,0.0,0.0,0.538,4.623,0.0,0.0,0.0,5113.474,2019-07-29
13,hru13,0.592,0.126,0.0,0.06,0.0,4.619,0.0,0.0,0.0,20810.102,2019-07-29
14,hru14,0.59,0.133,0.0,0.0,0.538,4.623,0.0,0.0,0.0,5115.127,2019-07-29
15,hru15,0.594,0.129,0.0,0.0,0.0,4.606,0.0,0.0,0.0,21064.461,2019-07-29
16,hru16,0.589,0.138,0.0,0.0,0.116,4.653,0.0,0.0,0.0,10832.852,2019-07-29
17,hru17,0.593,0.126,0.0,0.0,0.0,4.608,0.0,0.0,0.0,16157.206,2019-07-29
18,hru18,0.594,0.126,0.0,0.0,0.0,4.611,0.0,0.0,0.0,10474.046,2019-07-29
19,hru19,0.597,0.124,0.0,0.0,0.0,4.608,0.0,0.0,0.0,19358.021,2019-07-29
20,hru20,0.595,0.124,0.0,0.0,0.0,4.587,0.0,0.0,0.0,21468.408,2019-07-29
21,hru21,0.594,0.129,0.0,0.0,0.0,4.615,0.0,0.0,0.0,15840.838,2019-07-29
22,hru22,0.594,0.126,0.0,0.0,0.0,4.611,0.0,0.0,0.0,10495.133,2019-07-29
23,hru23,0.594,0.126,0.0,0.0,0.0,4.574,0.0,0.0,0.0,15347.234,2019-07-29
24,hru24,0.595,0.122,0.0,0.0,0.0,4.597,0.0,0.0,0.0,21047.016,2019-07-29
25,hru25,0.595,0.351,0.0,0.0,0.0,0.81,0.0,0.0,0.0,12096.273,2019-07-29
26,hru26,0.595,0.122,0.0,0.0,0.0,4.585,0.0,0.0,0.0,21185.207,2019-07-29
27,hru27,0.59,0.129,0.0,0.05,0.0,4.62,0.0,0.0,0.0,20687.963,2019-07-29
28,hru28,0.591,0.347,0.0,0.0,0.955,2.86,0.0,0.0,0.0,303.926,2019-07-29
29,hru29,0.59,0.136,0.0,0.0,0.787,4.623,0.0,0.0,0.0,2188.124,2019-07-29
30,hru30,0.589,0.131,0.0,0.0,0.813,4.648,0.0,0.0,0.0,2014.757,2019-07-29
31,hru31,0.586,0.15,0.0,0.0,0.939,4.657,0.0,0.0,0.0,526.871,2019-07-29
32,hru32,0.592,0.126,0.0,0.0,0.611,4.619,0.0,0.0,0.0,4478.789,2019-07-29
33,hru33,0.589,0.133,0.0,0.0,0.846,4.65,0.0,0.0,0.0,1355.257,2019-07-29
34,hru34,0.589,0.133,0.0,0.0,0.845,4.65,0.0,0.0,0.0,1365.495,2019-07-29
35,hru35,0.585,0.15,0.0,0.0,0.919,4.658,0.0,0.0,0.0,672.105,2019-07-29
36,hru36,0.589,0.133,0.0,0.0,0.846,4.65,0.0,0.0,0.0,1352.12,2019-07-29
1,hru01,0.591,0.188,0.0,0.0,0.933,4.633,0.0,0.0,0.0,555.671,2019-07-30
2,hru02,0.593,0.194,0.0,0.0,0.0,4.623,0.0,0.0,0.0,14787.178,2019-07-30
3,hru03,0.585,0.439,0.0,0.0,0.903,1.085,0.0,0.0,0.0,397.708,2019-07-30
4,hru04,0.588,0.443,0.0,0.0,0.921,1.047,0.0,0.0,0.0,415.776,2019-07-30
5,hru05,0.592,0.191,0.0,0.0,0.797,4.634,0.0,0.0,0.0,1641.408,2019-07-30
6,hru06,0.592,0.191,0.0,0.0,0.797,4.634,0.0,0.0,0.0,1639.883,2019-07-30
7,hru07,0.596,0.188,0.0,0.0,0.502,4.592,0.0,0.0,0.0,5844.697,2019-07-30
8,hru08,0.585,0.191,0.0,0.0,0.902,4.681,0.0,0.0,0.0,846.309,2019-07-30
9,hru09,0.593,0.196,0.0,0.0,0.581,4.63,0.0,0.0,0.0,3891.958,2019-07-30
10,hru10,0.593,0.196,0.0,0.0,0.582,4.63,0.0,0.0,0.0,3886.388,2019-07-30
11,hru11,0.596,0.186,0.0,0.0,0.79,4.593,0.0,0.0,0.0,2426.337,2019-07-30
12,hru12,0.595,0.191,0.0,0.0,0.485,4.597,0.0,0.0,0.0,5339.718,2019-07-30
13,hru13,0.597,0.191,0.0,0.067,0.0,4.592,0.0,0.0,0.0,21237.764,2019-07-30
14,hru14,0.595,0.191,0.0,0.0,0.485,4.597,0.0,0.0,0.0,5341.458,2019-07-30
15,hru15,0.599,0.194,0.0,0.0,0.0,4.578,0.0,0.0,0.0,21489.555,2019-07-30
16,hru16,0.595,0.194,0.0,0.0,0.025,4.627,0.0,0.0,0.0,11255.992,2019-07-30
17,hru17,0.599,0.186,0.0,0.0,0.0,4.581,0.0,0.0,0.0,16583.793,2019-07-30
18,hru18,0.6,0.188,0.0,0.0,0.0,4.583,0.0,0.0,0.0,10900.193,2019-07-30
19,hru19,0.603,0.183,0.0,0.0,0.0,4.579,0.0,0.0,0.0,19784.354,2019-07-30
20,hru20,0.6,0.191,0.0,0.0,0.0,4.558,0.0,0.0,0.01,21893.746,2019-07-30
21,hru21,0.599,0.194,0.0,0.0,0.0,4.588,0.0,0.0,0.0,16266.143,2019-07-30
22,hru22,0.6,0.188,0.0,0.0,0.0,4.583,0.0,0.0,0.0,10921.28,2019-07-30
23,hru23,0.6,0.188,0.0,0.0,0.0,4.547,0.0,0.0,0.0,15772.526,2019-07-30
24,hru24,0.6,0.188,0.0,0.0,0.0,4.569,0.0,0.0,0.0,21475.346,2019-07-30
25,hru25,0.6,0.439,0.0,0.0,0.0,0.729,0.0,0.0,0.0,12220.587,2019-07-30
26,hru26,0.6,0.186,0.0,0.0,0.0,4.556,0.0,0.0,0.0,21612.588,2019-07-30
27,hru27,0.595,0.191,0.0,0.056,0.0,4.594,0.0,0.0,0.0,21114.387,2019-07-30
28,hru28,0.596,0.432,0.0,0.0,0.951,2.779,0.0,0.0,0.0,321.304,2019-07-30
29,hru29,0.595,0.194,0.0,0.0,0.764,4.596,0.0,0.0,0.0,2293.003,2019-07-30
30,hru30,0.594,0.191,0.0,0.0,0.792,4.622,0.0,0.0,0.0,2106.924,2019-07-30
31,hru31,0.591,0.188,0.0,0.0,0.933,4.633,0.0,0.0,0.0,557.208,2019-07-30
32,hru32,0.597,0.191,0.0,0.0,0.573,4.592,0.0,0.0,0.0,4669.025,2019-07-30
33,hru33,0.594,0.191,0.0,0.0,0.829,4.624,0.0,0.0,0.0,1431.745,2019-07-30
34,hru34,0.594,0.191,0.0,0.0,0.828,4.624,0.0,0.0,0.0,1442.603,2019-07-30
35,hru35,0.59,0.191,0.0,0.0,0.91,4.634,0.0,0.0,0.0,712.703,2019-07-30
36,hru36,0.594,0.191,0.0,0.0,0.829,4.624,0.0,0.0,0.0,1428.415,2019-07-30
1,hru01,0.597,0.16,0.0,0.0,0.926,4.609,0.0,0.0,0.0,589.832,2019-07-31
2,hru02,0.599,0.15,0.0,0.0,0.0,4.598,0.0,0.0,0.0,15198.718,2019-07-31
3,hru03,0.59,0.409,0.0,0.0,0.889,1.018,0.0,0.0,0.0,421.538,2019-07-31
4,hru04,0.594,0.402,0.0,0.0,0.914,0.98,0.0,0.0,0.0,434.612,2019-07-31
5,hru05,0.597,0.157,0.0,0.0,0.772,4.61,0.0,0.0,0.0,1745.062,2019-07-31
6,hru06,0.597,0.157,0.0,0.0,0.772,4.61,0.0,0.0,0.0,1743.439,2019-07-31
7,hru07,0.601,0.145,0.0,0.0,0.453,4.566,0.0,0.0,0.0,6098.51,2019-07-31
8,hru08,0.59,0.167,0.0,0.0,0.891,4.659,0.0,0.0,0.0,896.535,2019-07-31
9,hru09,0.598,0.155,0.0,0.0,0.531,4.606,0.0,0.0,0.0,4105.221,2019-07-31
10,hru10,0.598,0.155,0.0,0.0,0.532,4.606,0.0,0.0,0.0,4099.333,2019-07-31
11,hru11,0.602,0.145,0.0,0.0,0.768,4.567,0.0,0.0,0.0,2533.332,2019-07-31
12,hru12,0.6,0.15,0.0,0.0,0.423,4.572,0.0,0.0,0.0,5601.682,2019-07-31
13,hru13,0.602,0.143,0.0,0.075,0.0,4.567,0.0,0.0,0.0,21649.389,2019-07-31
14,hru14,0.6,0.15,0.0,0.0,0.423,4.572,0.0,0.0,0.0,5603.521,2019-07-31
15,hru15,0.605,0.143,0.0,0.0,0.0,4.553,0.0,0.0,0.0,21900.102,2019-07-31
16,hru16,0.6,0.16,0.0,0.0,0.0,4.603,0.0,0.0,0.0,11667.477,2019-07-31
17,hru17,0.604,0.16,0.0,0.0,0.0,4.555,0.0,0.0,0.0,16999.002,2019-07-31
18,hru18,0.605,0.145,0.0,0.0,0.0,4.557,0.0,0.0,0.0,11313.15,2019-07-31
19,hru19,0.608,0.14,0.0,0.0,0.0,4.552,0.0,0.0,0.0,20200.879,2019-07-31
20,hru20,0.605,0.143,0.0,0.0,0.0,4.532,0.0,0.0,0.444,22307.676,2019-07-31
21,hru21,0.605,0.143,0.0,0.0,0.0,4.562,0.0,0.0,0.0,16676.895,2019-07-31
22,hru22,0.605,0.145,0.0,0.0,0.0,4.557,0.0,0.0,0.0,11334.237,2019-07-31
23,hru23,0.605,0.145,0.0,0.0,0.0,4.521,0.0,0.0,0.0,16184.646,2019-07-31
24,hru24,0.605,0.143,0.0,0.0,0.0,4.543,0.0,0.0,0.0,21888.748,2019-07-31
25,hru25,0.605,0.376,0.0,0.0,0.0,0.661,0.0,0.0,0.0,12325.713,2019-07-31
26,hru26,0.605,0.14,0.0,0.0,0.0,4.529,0.0,0.0,0.0,22028.768,2019-07-31
27,hru27,0.6,0.147,0.0,0.063,0.0,4.569,0.0,0.0,0.0,21525.742,2019-07-31
28,hru28,0.602,0.379,0.0,0.0,0.946,2.711,0.0,0.0,0.0,340.756,2019-07-31
29,hru29,0.6,0.15,0.0,0.0,0.736,4.572,0.0,0.0,0.0,2413.358,2019-07-31
30,hru30,0.6,0.152,0.0,0.0,0.768,4.597,0.0,0.0,0.0,2212.808,2019-07-31
31,hru31,0.597,0.16,0.0,0.0,0.925,4.609,0.0,0.0,0.0,591.474,2019-07-31
32,hru32,0.602,0.143,0.0,0.0,0.529,4.567,0.0,0.0,0.0,4886.398,2019-07-31
33,hru33,0.599,0.15,0.0,0.0,0.809,4.599,0.0,0.0,0.0,1518.983,2019-07-31
34,hru34,0.599,0.15,0.0,0.0,0.808,4.599,0.0,0.0,0.0,1530.553,2019-07-31
35,hru35,0.596,0.157,0.0,0.0,0.9,4.611,0.0,0.0,0.0,758.656,2019-07-31
36,hru36,0.599,0.15,0.0,0.0,0.81,4.599,0.0,0.0,0.0,1515.43,2019-07-31
1,hru01,0.602,0.087,0.0,0.0,0.919,4.583,0.0,0.0,0.0,616.245,2019-08-01
2,hru02,0.605,0.083,0.0,0.0,0.0,4.571,0.0,0.0,0.0,15508.581,2019-08-01
3,hru03,0.596,0.305,0.0,0.0,0.873,0.947,0.0,0.0,0.0,439.433,2019-08-01
4,hru04,0.6,0.299,0.0,0.0,0.905,0.906,0.0,0.0,0.0,448.333,2019-08-01
5,hru05,0.603,0.085,0.0,0.0,0.752,4.585,0.0,0.0,0.0,1826.918,2019-08-01
6,hru06,0.603,0.085,0.0,0.0,0.752,4.585,0.0,0.0,0.0,1825.218,2019-08-01
7,hru07,0.607,0.08,0.0,0.0,0.413,4.538,0.0,0.0,0.0,6299.393,2019-08-01
8,hru08,0.596,0.093,0.0,0.0,0.881,4.635,0.0,0.0,0.0,935.04,2019-08-01
9,hru09,0.604,0.087,0.0,0.0,0.489,4.579,0.0,0.0,0.0,4273.679,2019-08-01
10,hru10,0.604,0.087,0.0,0.0,0.49,4.579,0.0,0.0,0.0,4267.539,2019-08-01
11,hru11,0.607,0.078,0.0,0.0,0.75,4.539,0.0,0.0,0.0,2619.0,2019-08-01
12,hru12,0.606,0.085,0.0,0.0,0.372,4.544,0.0,0.0,0.0,5810.526,2019-08-01
13,hru13,0.608,0.078,0.0,0.081,0.0,4.538,0.0,0.0,0.0,21965.414,2019-08-01
14,hru14,0.606,0.085,0.0,0.0,0.371,4.544,0.0,0.0,0.0,5812.444,2019-08-01
15,hru15,0.61,0.076,0.0,0.0,0.0,4.523,0.0,0.0,0.0,22215.557,2019-08-01
16,hru16,0.606,0.085,0.0,0.0,0.0,4.576,0.0,0.0,0.0,11963.734,2019-08-01
17,hru17,0.61,0.083,0.0,0.0,0.0,4.527,0.0,0.0,0.0,17296.562,2019-08-01
18,hru18,0.611,0.078,0.0,0.0,0.0,4.527,0.0,0.0,0.0,11625.038,2019-08-01
19,hru19,0.614,0.076,0.0,0.0,0.0,4.521,0.0,0.0,0.0,20517.027,2019-08-01
20,hru20,0.611,0.076,0.0,0.0,0.0,4.501,0.0,0.0,0.444,22518.734,2019-08-01
21,hru21,0.61,0.076,0.0,0.0,0.0,4.532,0.0,0.0,0.0,16992.508,2019-08-01
22,hru22,0.611,0.078,0.0,0.0,0.0,4.527,0.0,0.0,0.0,11646.125,2019-08-01
23,hru23,0.611,0.078,0.0,0.0,0.0,4.491,0.0,0.0,0.0,16495.896,2019-08-01
24,hru24,0.611,0.078,0.0,0.0,0.0,4.512,0.0,0.0,0.0,22206.789,2019-08-01
25,hru25,0.611,0.278,0.0,0.0,0.0,0.584,0.0,0.0,0.0,12406.652,2019-08-01
26,hru26,0.611,0.076,0.0,0.0,0.0,4.498,0.0,0.0,0.0,22353.967,2019-08-01
27,hru27,0.606,0.082,0.0,0.068,0.0,4.54,0.0,0.0,0.0,21837.604,2019-08-01
28,hru28,0.607,0.281,0.0,0.0,0.942,2.636,0.0,0.0,0.0,356.099,2019-08-01
29,hru29,0.606,0.083,0.0,0.0,0.713,4.544,0.0,0.0,0.0,2508.853,2019-08-01
30,hru30,0.606,0.083,0.0,0.0,0.748,4.57,0.0,0.0,0.0,2297.501,2019-08-01
31,hru31,0.602,0.087,0.0,0.0,0.919,4.583,0.0,0.0,0.0,617.969,2019-08-01
32,hru32,0.608,0.078,0.0,0.0,0.492,4.538,0.0,0.0,0.0,5060.07,2019-08-01
33,hru33,0.605,0.083,0.0,0.0,0.793,4.571,0.0,0.0,0.0,1587.986,2019-08-01
34,hru34,0.605,0.083,0.0,0.0,0.791,4.571,0.0,0.0,0.0,1600.126,2019-08-01
35,hru35,0.602,0.085,0.0,0.0,0.891,4.585,0.0,0.0,0.0,794.568,2019-08-01
36,hru36,0.605,0.083,0.0,0.0,0.793,4.571,0.0,0.0,0.0,1584.256,2019-08-01
1,hru01,0.608,0.066,0.0,0.0,0.911,4.552,0.0,0.0,0.0,652.48,2019-08-02
2,hru02,0.611,0.055,0.0,0.0,0.0,4.537,0.0,0.0,0.0,15922.664,2019-08-02
3,hru03,0.602,0.267,0.0,0.0,0.855,0.86,0.0,0.0,0.0,464.404,2019-08-02
4,hru04,0.605,0.264,0.0,0.0,0.895,0.817,0.0,0.0,0.0,466.551,2019-08-02
5,hru05,0.609,0.059,0.0,0.0,0.724,4.553,0.0,0.0,0.0,1938.671,2019-08-02
6,hru06,0.609,0.059,0.0,0.0,0.724,4.553,0.0,0.0,0.0,1936.865,2019-08-02
7,hru07,0.613,0.05,0.0,0.0,0.361,4.503,0.0,0.0,0.0,6563.428,2019-08-02
8,hru08,0.602,0.069,0.0,0.0,0.868,4.606,0.0,0.0,0.0,988.546,2019-08-02
9,hru09,0.61,0.059,0.0,0.0,0.432,4.546,0.0,0.0,0.0,4503.672,2019-08-02
10,hru10,0.61,0.059,0.0,0.0,0.432,4.546,0.0,0.0,0.0,4497.189,2019-08-02
11,hru11,0.613,0.052,0.0,0.0,0.726,4.503,0.0,0.0,0.0,2731.385,2019-08-02
12,hru12,0.612,0.055,0.0,0.0,0.303,4.51,0.0,0.0,0.0,6092.747,2019-08-02
13,hru13,0.614,0.049,0.0,0.09,0.0,4.502,0.0,0.0,0.0,22378.451,2019-08-02
14,hru14,0.612,0.055,0.0,0.0,0.302,4.51,0.0,0.0,0.0,6094.771,2019-08-02
15,hru15,0.617,0.05,0.0,0.0,0.0,4.487,0.0,0.0,0.0,22630.396,2019-08-02
16,hru16,0.612,0.056,0.0,0.0,0.0,4.542,0.0,0.0,0.0,12374.663,2019-08-02
17,hru17,0.616,0.053,0.0,0.0,0.0,4.492,0.0,0.0,0.0,17707.9,2019-08-02
18,hru18,0.617,0.049,0.0,0.0,0.0,4.49,0.0,0.0,0.0,12039.347,2019-08-02
19,hru19,0.62,0.05,0.0,0.0,0.0,4.483,0.0,0.0,0.0,20931.992,2019-08-02
20,hru20,0.617,0.049,0.0,0.0,0.0,4.463,0.0,0.0,0.444,22769.033,2019-08-02
21,hru21,0.617,0.05,0.0,0.0,0.0,4.496,0.0,0.0,0.0,17407.559,2019-08-02
22,hru22,0.617,0.049,0.0,0.0,0.0,4.49,0.0,0.0,0.0,12060.434,2019-08-02
23,hru23,0.617,0.049,0.0,0.0,0.0,4.454,0.0,0.0,0.0,16909.35,2019-08-02
24,hru24,0.617,0.05,0.0,0.0,0.0,4.476,0.0,0.0,0.0,22620.58,2019-08-02
25,hru25,0.617,0.232,0.0,0.0,0.0,0.493,0.0,0.0,0.0,12508.172,2019-08-02
26,hru26,0.617,0.049,0.0,0.0,0.0,4.46,0.0,0.0,0.037,22769.434,2019-08-02
27,hru27,0.612,0.053,0.0,0.075,0.0,4.506,0.0,0.0,0.0,22250.598,2019-08-02
28,hru28,0.613,0.237,0.0,0.0,0.937,2.545,0.0,0.0,0.0,375.992,2019-08-02
29,hru29,0.612,0.055,0.0,0.0,0.681,4.509,0.0,0.0,0.0,2638.061,2019-08-02
30,hru30,0.612,0.055,0.0,0.0,0.72,4.535,0.0,0.0,0.0,2411.193,2019-08-02
31,hru31,0.608,0.066,0.0,0.0,0.911,4.552,0.0,0.0,0.0,654.316,2019-08-02
32,hru32,0.614,0.049,0.0,0.0,0.443,4.502,0.0,0.0,0.0,5288.5,2019-08-02
33,hru33,0.611,0.056,0.0,0.0,0.77,4.537,0.0,0.0,0.0,1681.422,2019-08-02
34,hru34,0.611,0.056,0.0,0.0,0.768,4.537,0.0,0.0,0.0,1694.338,2019-08-02
35,hru35,0.608,0.063,0.0,0.0,0.879,4.553,0.0,0.0,0.0,843.613,2019-08-02
36,hru36,0.611,0.056,0.0,0.0,0.771,4.537,0.0,0.0,0.0,1677.45,2019-08-02
1,hru01,0.614,0.046,0.0,0.0,0.902,4.517,0.0,0.0,0.0,685.732,2019-08-03
2,hru02,0.617,0.042,0.0,0.0,0.0,4.498,0.0,0.0,0.0,16284.979,2019-08-03
3,hru03,0.608,0.234,0.0,0.0,0.833,0.768,0.0,0.0,0.0,486.411,2019-08-03
4,hru04,0.612,0.229,0.0,0.0,0.884,0.722,0.0,0.0,0.0,482.026,2019-08-03
5,hru05,0.615,0.045,0.0,0.0,0.695,4.517,0.0,0.0,0.0,2042.995,2019-08-03
6,hru06,0.615,0.045,0.0,0.0,0.696,4.517,0.0,0.0,0.0,2041.089,2019-08-03
7,hru07,0.62,0.041,0.0,0.0,0.308,4.462,0.0,0.0,0.0,6809.882,2019-08-03
8,hru08,0.608,0.05,0.0,0.0,0.855,4.573,0.0,0.0,0.0,1037.275,2019-08-03
9,hru09,0.616,0.043,0.0,0.0,0.374,4.508,0.0,0.0,0.0,4718.135,2019-08-03
10,hru10,0.616,0.043,0.0,0.0,0.375,4.508,0.0,0.0,0.0,4711.334,2019-08-03
11,hru11,0.62,0.041,0.0,0.0,0.701,4.463,0.0,0.0,0.0,2837.724,2019-08-03
12,hru12,0.618,0.042,0.0,0.0,0.233,4.471,0.0,0.0,0.0,6357.939,2019-08-03
13,hru13,0.621,0.039,0.0,0.097,0.0,4.462,0.0,0.0,0.0,22730.541,2019-08-03
14,hru14,0.618,0.042,0.0,0.0,0.233,4.471,0.0,0.0,0.0,6360.063,2019-08-03
15,hru15,0.623,0.039,0.0,0.0,0.0,4.445,0.0,0.0,0.0,22997.15,2019-08-03
16,hru16,0.618,0.041,0.0,0.0,0.0,4.504,0.0,0.0,0.0,12725.585,2019-08-03
17,hru17,0.622,0.042,0.0,0.0,0.0,4.451,0.0,0.0,0.0,18062.16,2019-08-03
18,hru18,0.623,0.038,0.0,0.0,0.0,4.448,0.0,0.0,0.0,12404.031,2019-08-03
19,hru19,0.626,0.037,0.0,0.0,0.0,4.439,0.0,0.0,0.0,21298.484,2019-08-03
20,hru20,0.623,0.039,0.0,0.0,0.0,4.42,0.0,0.0,0.46,22989.145,2019-08-03
21,hru21,0.623,0.039,0.0,0.0,0.0,4.454,0.0,0.0,0.0,17774.5,2019-08-03
22,hru22,0.623,0.038,0.0,0.0,0.0,4.448,0.0,0.0,0.0,12425.118,2019-08-03
23,hru23,0.623,0.038,0.0,0.0,0.0,4.412,0.0,0.0,0.0,17273.271,2019-08-03
24,hru24,0.623,0.039,0.0,0.0,0.0,4.433,0.0,0.0,0.0,22989.613,2019-08-03
25,hru25,0.623,0.213,0.0,0.0,0.0,0.393,0.0,0.0,0.0,12591.968,2019-08-03
26,hru26,0.623,0.038,0.0,0.0,0.0,4.416,0.0,0.0,0.461,23145.33,2019-08-03
27,hru27,0.618,0.042,0.0,0.082,0.0,4.466,0.0,0.0,0.0,22605.963,2019-08-03
28,hru28,0.62,0.216,0.0,0.0,0.931,2.447,0.0,0.0,0.0,394.495,2019-08-03
29,hru29,0.619,0.042,0.0,0.0,0.649,4.47,0.0,0.0,0.0,2759.242,2019-08-03
30,hru30,0.618,0.042,0.0,0.0,0.692,4.496,0.0,0.0,0.0,2518.554,2019-08-03
31,hru31,0.614,0.046,0.0,0.0,0.902,4.517,0.0,0.0,0.0,687.673,2019-08-03
32,hru32,0.621,0.039,0.0,0.0,0.392,4.462,0.0,0.0,0.0,5504.032,2019-08-03
33,hru33,0.617,0.042,0.0,0.0,0.747,4.498,0.0,0.0,0.0,1768.769,2019-08-03
34,hru34,0.617,0.042,0.0,0.0,0.745,4.498,0.0,0.0,0.0,1782.417,2019-08-03
35,hru35,0.614,0.045,0.0,0.0,0.867,4.518,0.0,0.0,0.0,888.966,2019-08-03
36,hru36,0.617,0.042,0.0,0.0,0.748,4.498,0.0,0.0,0.0,1764.57,2019-08-03
1,hru01,0.621,0.011,0.0,0.0,0.895,4.477,0.0,0.0,0.0,729.071,2019-08-04
2,hru02,0.623,0.01,0.0,0.0,0.0,4.454,0.0,0.0,0.0,16711.957,2019-08-04
3,hru03,0.615,0.152,0.0,0.0,0.852,0.67,0.0,0.0,0.0,514.651,2019-08-04
4,hru04,0.618,0.152,0.0,0.0,0.88,0.621,0.0,0.0,0.0,500.799,2019-08-04
5,hru05,0.622,0.011,0.0,0.0,0.66,4.477,0.0,0.0,0.0,2178.409,2019-08-04
6,hru06,0.622,0.011,0.0,0.0,0.66,4.477,0.0,0.0,0.0,2176.374,2019-08-04
7,hru07,0.626,0.01,0.0,0.0,0.247,4.417,0.0,0.0,0.0,7117.012,2019-08-04
8,hru08,0.615,0.013,0.0,0.0,0.865,4.537,0.0,0.0,0.0,1101.568,2019-08-04
9,hru09,0.623,0.011,0.0,0.0,0.304,4.466,0.0,0.0,0.0,4995.904,2019-08-04
10,hru10,0.623,0.011,0.0,0.0,0.305,4.466,0.0,0.0,0.0,4988.693,2019-08-04
11,hru11,0.626,0.012,0.0,0.0,0.671,4.418,0.0,0.0,0.0,2970.379,2019-08-04
12,hru12,0.625,0.012,0.0,0.0,0.15,4.426,0.0,0.0,0.0,6697.892,2019-08-04
13,hru13,0.627,0.01,0.0,0.107,0.0,4.416,0.0,0.0,0.0,23130.805,2019-08-04
14,hru14,0.625,0.012,0.0,0.0,0.15,4.426,0.0,0.0,0.0,6700.142,2019-08-04
15,hru15,0.629,0.01,0.0,0.0,0.0,4.398,0.0,0.0,0.0,23422.342,2019-08-04
16,hru16,0.625,0.012,0.0,0.0,0.0,4.461,0.0,0.0,0.0,13150.031,2019-08-04
17,hru17,0.629,0.012,0.0,0.0,0.0,4.405,0.0,0.0,0.0,18485.266,2019-08-04
18,hru18,0.63,0.009,0.0,0.0,0.0,4.4,0.0,0.0,0.0,12829.857,2019-08-04
19,hru19,0.633,0.008,0.0,0.0,0.0,4.389,0.0,0.0,0.24,21724.283,2019-08-04
20,hru20,0.63,0.01,0.0,0.0,0.0,4.37,0.0,0.0,0.493,23228.307,2019-08-04
21,hru21,0.629,0.01,0.0,0.0,0.0,4.407,0.0,0.0,0.0,18199.914,2019-08-04
22,hru22,0.63,0.009,0.0,0.0,0.0,4.4,0.0,0.0,0.0,12850.944,2019-08-04
23,hru23,0.63,0.009,0.0,0.0,0.0,4.365,0.0,0.0,0.0,17698.195,2019-08-04
24,hru24,0.63,0.01,0.0,0.0,0.0,4.385,0.0,0.0,0.493,23414.508,2019-08-04
25,hru25,0.63,0.141,0.0,0.0,0.0,0.29,0.0,0.0,0.0,12673.007,2019-08-04
26,hru26,0.63,0.008,0.0,0.0,0.0,4.366,0.0,0.0,0.493,23384.297,2019-08-04
27,hru27,0.625,0.011,0.0,0.091,0.0,4.421,0.0,0.0,0.0,23013.062,2019-08-04
28,hru28,0.626,0.147,0.0,0.0,0.925,2.345,0.0,0.0,0.0,417.201,2019-08-04
29,hru29,0.625,0.012,0.0,0.0,0.609,4.426,0.0,0.0,0.0,2915.057,2019-08-04
30,hru30,0.625,0.01,0.0,0.0,0.657,4.453,0.0,0.0,0.0,2655.611,2019-08-04
31,hru31,0.621,0.011,0.0,0.0,0.894,4.477,0.0,0.0,0.0,731.15,2019-08-04
32,hru32,0.627,0.01,0.0,0.0,0.334,4.416,0.0,0.0,0.0,5773.491,2019-08-04
33,hru33,0.624,0.01,0.0,0.0,0.719,4.455,0.0,0.0,0.0,1881.151,2019-08-04
34,hru34,0.624,0.01,0.0,0.0,0.717,4.455,0.0,0.0,0.0,1895.745,2019-08-04
35,hru35,0.62,0.01,0.0,0.0,0.851,4.478,0.0,0.0,0.0,947.825,2019-08-04
36,hru36,0.624,0.01,0.0,0.0,0.72,4.455,0.0,0.0,0.0,1876.656,2019-08-04
1,hru01,0.627,0.022,0.0,0.0,0.913,4.428,0.0,0.0,0.0,775.791,2019-08-05
2,hru02,0.63,0.02,0.0,0.0,0.0,4.401,0.0,0.0,0.0,17152.377,2019-08-05
3,hru03,0.621,0.177,0.0,0.0,0.893,0.556,0.0,0.0,0.0,537.326,2019-08-05
4,hru04,0.625,0.172,0.0,0.0,0.9,0.505,0.0,0.0,0.0,518.186,2019-08-05
5,hru05,0.628,0.019,0.0,0.0,0.685,4.428,0.0,0.0,0.0,2329.384,2019-08-05
6,hru06,0.628,0.019,0.0,0.0,0.685,4.428,0.0,0.0,0.0,2327.205,2019-08-05
7,hru07,0.633,0.019,0.0,0.0,0.304,4.361,0.0,0.0,0.0,7450.715,2019-08-05
8,hru08,0.621,0.023,0.0,0.0,0.893,4.492,0.0,0.0,0.0,1161.503,2019-08-05
9,hru09,0.629,0.017,0.0,0.0,0.356,4.414,0.0,0.0,0.0,5304.673,2019-08-05
10,hru10,0.629,0.017,0.0,0.0,0.356,4.414,0.0,0.0,0.0,5297.015,2019-08-05
11,hru11,0.633,0.019,0.0,0.0,0.724,4.363,0.0,0.0,0.0,3115.818,2019-08-05
12,hru12,0.632,0.016,0.0,0.0,0.169,4.372,0.0,0.0,0.0,7074.062,2019-08-05
13,hru13,0.634,0.017,0.0,0.117,0.0,4.36,0.0,0.0,0.0,23525.729,2019-08-05
14,hru14,0.632,0.016,0.0,0.0,0.169,4.372,0.0,0.0,0.0,7076.449,2019-08-05
15,hru15,0.636,0.015,0.0,0.0,0.0,4.34,0.0,0.0,0.0,23860.078,2019-08-05
16,hru16,0.631,0.017,0.0,0.0,0.0,4.408,0.0,0.0,0.0,13588.334,2019-08-05
17,hru17,0.635,0.015,0.0,0.0,0.0,4.349,0.0,0.0,0.0,18922.684,2019-08-05
18,hru18,0.636,0.015,0.0,0.0,0.0,4.34,0.0,0.0,0.0,13268.108,2019-08-05
19,hru19,0.64,0.014,0.0,0.0,0.0,4.327,0.0,0.0,0.0,22060.336,2019-08-05
20,hru20,0.637,0.01,0.0,0.0,0.0,4.309,0.0,0.0,0.0,23452.795,2019-08-05
21,hru21,0.636,0.015,0.0,0.0,0.0,4.348,0.0,0.0,0.0,18637.883,2019-08-05
22,hru22,0.636,0.015,0.0,0.0,0.0,4.34,0.0,0.0,0.0,13289.195,2019-08-05
23,hru23,0.636,0.015,0.0,0.0,0.0,4.306,0.0,0.0,0.0,18135.502,2019-08-05
24,hru24,0.637,0.015,0.0,0.0,0.0,4.326,0.0,0.0,0.0,23638.535,2019-08-05
25,hru25,0.637,0.141,0.0,0.0,0.0,0.172,0.0,0.0,0.0,12743.199,2019-08-05
26,hru26,0.637,0.011,0.0,0.0,0.0,4.303,0.0,0.0,0.0,23608.625,2019-08-05
27,hru27,0.632,0.017,0.0,0.1,0.0,4.366,0.0,0.0,0.0,23415.852,2019-08-05
28,hru28,0.633,0.167,0.0,0.0,0.935,2.23,0.0,0.0,0.0,441.639,2019-08-05
29,hru29,0.632,0.016,0.0,0.0,0.624,4.372,0.0,0.0,0.0,3088.144,2019-08-05
30,hru30,0.631,0.02,0.0,0.0,0.673,4.399,0.0,0.0,0.0,2807.906,2019-08-05
31,hru31,0.627,0.022,0.0,0.0,0.912,4.428,0.0,0.0,0.0,778.019,2019-08-05
32,hru32,0.634,0.017,0.0,0.0,0.334,4.36,0.0,0.0,0.0,6068.245,2019-08-05
33,hru33,0.63,0.02,0.0,0.0,0.734,4.401,0.0,0.0,0.0,2005.904,2019-08-05
34,hru34,0.63,0.02,0.0,0.0,0.732,4.401,0.0,0.0,0.0,2021.556,2019-08-05
35,hru35,0.627,0.02,0.0,0.0,0.873,4.429,0.0,0.0,0.0,1014.074,2019-08-05
36,hru36,0.63,0.02,0.0,0.0,0.735,4.401,0.0,0.0,0.0,2001.081,2019-08-05
1,hru01,0.634,0.046,0.0,0.0,0.906,4.375,0.0,0.0,0.0,810.774,2019-08-06
2,hru02,0.636,0.037,0.0,0.0,0.0,4.343,0.0,0.0,0.0,17544.014,2019-08-06
3,hru03,0.627,0.237,0.0,0.0,0.877,0.447,0.0,0.0,0.0,550.226,2019-08-06
4,hru04,0.631,0.232,0.0,0.0,0.888,0.393,0.0,0.0,0.0,529.468,2019-08-06
5,hru05,0.635,0.042,0.0,0.0,0.662,4.375,0.0,0.0,0.0,2455.184,2019-08-06
6,hru06,0.635,0.042,0.0,0.0,0.662,4.375,0.0,0.0,0.0,2452.886,2019-08-06
7,hru07,0.639,0.034,0.0,0.0,0.264,4.301,0.0,0.0,0.0,7726.879,2019-08-06
8,hru08,0.627,0.052,0.0,0.0,0.885,4.445,0.0,0.0,0.0,1204.512,2019-08-06
9,hru09,0.635,0.045,0.0,0.0,0.309,4.358,0.0,0.0,0.0,5561.26,2019-08-06
10,hru10,0.635,0.045,0.0,0.0,0.31,4.358,0.0,0.0,0.0,5553.225,2019-08-06
11,hru11,0.639,0.036,0.0,0.0,0.706,4.303,0.0,0.0,0.0,3225.268,2019-08-06
12,hru12,0.638,0.041,0.0,0.0,0.112,4.313,0.0,0.0,0.0,7403.237,2019-08-06
13,hru13,0.64,0.036,0.0,0.126,0.0,4.299,0.0,0.0,0.0,23874.906,2019-08-06
14,hru14,0.638,0.041,0.0,0.0,0.111,4.313,0.0,0.0,0.0,7405.746,2019-08-06
15,hru15,0.642,0.034,0.0,0.0,0.0,4.275,0.0,0.0,0.0,24249.004,2019-08-06
16,hru16,0.637,0.045,0.0,0.0,0.0,4.35,0.0,0.0,0.0,13980.279,2019-08-06
17,hru17,0.641,0.043,0.0,0.0,0.0,4.286,0.0,0.0,0.0,19314.557,2019-08-06
18,hru18,0.643,0.037,0.0,0.0,0.0,4.274,0.0,0.0,0.0,13657.919,2019-08-06
19,hru19,0.646,0.034,0.0,0.0,0.0,4.258,0.0,0.0,0.263,22449.756,2019-08-06
20,hru20,0.643,0.037,0.0,0.0,0.0,4.239,0.0,0.0,0.0,23842.881,2019-08-06
21,hru21,0.642,0.034,0.0,0.0,0.0,4.284,0.0,0.0,0.0,19027.02,2019-08-06
22,hru22,0.643,0.037,0.0,0.0,0.0,4.274,0.0,0.0,0.0,13679.006,2019-08-06
23,hru23,0.643,0.037,0.0,0.0,0.0,4.24,0.0,0.0,0.0,18524.457,2019-08-06
24,hru24,0.643,0.037,0.0,0.0,0.0,4.26,0.0,0.0,0.0,24026.756,2019-08-06
25,hru25,0.643,0.0,0.0,0.0,0.0,0.054,0.0,0.0,0.0,12785.738,2019-08-06
26,hru26,0.643,0.036,0.0,0.0,0.0,4.232,0.0,0.0,0.0,23998.227,2019-08-06
27,hru27,0.638,0.038,0.0,0.108,0.0,4.306,0.0,0.0,0.0,23772.412,2019-08-06
28,hru28,0.639,0.206,0.0,0.0,0.931,2.119,0.0,0.0,0.0,460.083,2019-08-06
29,hru29,0.638,0.039,0.0,0.0,0.597,4.312,0.0,0.0,0.0,3237.463,2019-08-06
30,hru30,0.637,0.037,0.0,0.0,0.649,4.34,0.0,0.0,0.0,2938.132,2019-08-06
31,hru31,0.634,0.046,0.0,0.0,0.906,4.375,0.0,0.0,0.0,813.113,2019-08-06
32,hru32,0.64,0.036,0.0,0.0,0.293,4.299,0.0,0.0,0.0,6331.487,2019-08-06
33,hru33,0.637,0.038,0.0,0.0,0.715,4.343,0.0,0.0,0.0,2111.918,2019-08-06
34,hru34,0.637,0.038,0.0,0.0,0.713,4.343,0.0,0.0,0.0,2128.468,2019-08-06
35,hru35,0.633,0.041,0.0,0.0,0.864,4.377,0.0,0.0,0.0,1064.71,2019-08-06
36,hru36,0.637,0.038,0.0,0.0,0.716,4.343,0.0,0.0,0.0,2106.815,2019-08-06
1,hru01,0.64,0.016,0.0,0.0,0.896,4.321,0.0,0.0,0.0,851.963,2019-08-07
2,hru02,0.643,0.009,0.0,0.0,0.0,4.281,0.0,0.0,0.0,17968.396,2019-08-07
3,hru03,0.634,0.163,0.0,0.0,0.856,0.35,0.0,0.0,0.0,564.241,2019-08-07
4,hru04,0.637,0.156,0.0,0.0,0.877,0.293,0.0,0.0,0.0,540.942,2019-08-07
5,hru05,0.641,0.011,0.0,0.0,0.621,4.321,0.0,0.0,0.0,2604.188,2019-08-07
6,hru06,0.641,0.011,0.0,0.0,0.622,4.321,0.0,0.0,0.0,2601.749,2019-08-07
7,hru07,0.646,0.007,0.0,0.0,0.197,4.235,0.0,0.0,0.0,8049.419,2019-08-07
8,hru08,0.634,0.017,0.0,0.0,0.872,4.398,0.0,0.0,0.0,1255.268,2019-08-07
9,hru09,0.642,0.01,0.0,0.0,0.231,4.3,0.0,0.0,0.0,5865.041,2019-08-07
10,hru10,0.642,0.01,0.0,0.0,0.232,4.3,0.0,0.0,0.0,5856.562,2019-08-07
11,hru11,0.646,0.008,0.0,0.0,0.676,4.237,0.0,0.0,0.0,3353.744,2019-08-07
12,hru12,0.644,0.009,0.0,0.0,0.018,4.25,0.0,0.0,0.0,7792.451,2019-08-07
13,hru13,0.647,0.007,0.0,0.137,0.0,4.233,0.0,0.0,0.0,24256.812,2019-08-07
14,hru14,0.644,0.009,0.0,0.0,0.018,4.25,0.0,0.0,0.0,7795.103,2019-08-07
15,hru15,0.649,0.007,0.0,0.0,0.0,4.206,0.0,0.0,0.246,24669.391,2019-08-07
16,hru16,0.644,0.01,0.0,0.0,0.0,4.291,0.0,0.0,0.0,14399.261,2019-08-07
17,hru17,0.648,0.009,0.0,0.0,0.0,4.221,0.0,0.0,0.0,19731.535,2019-08-07
18,hru18,0.649,0.006,0.0,0.0,0.0,4.204,0.0,0.0,0.0,14077.576,2019-08-07
19,hru19,0.653,0.006,0.0,0.0,0.0,4.182,0.0,0.0,0.447,22769.346,2019-08-07
20,hru20,0.65,0.004,0.0,0.0,0.0,4.165,0.0,0.0,0.0,24260.129,2019-08-07
21,hru21,0.649,0.007,0.0,0.0,0.0,4.214,0.0,0.0,0.0,19447.639,2019-08-07
22,hru22,0.649,0.006,0.0,0.0,0.0,4.204,0.0,0.0,0.0,14098.663,2019-08-07
23,hru23,0.649,0.006,0.0,0.0,0.0,4.17,0.0,0.0,0.0,18943.172,2019-08-07
24,hru24,0.65,0.006,0.0,0.026,0.0,4.189,0.0,0.0,0.341,24445.301,2019-08-07
25,hru25,0.65,0.0,0.0,0.0,0.0,0.054,0.0,0.0,0.0,12785.738,2019-08-07
26,hru26,0.65,0.004,0.0,0.0,0.0,4.156,0.0,0.0,0.0,24416.359,2019-08-07
27,hru27,0.644,0.008,0.0,0.118,0.0,4.242,0.0,0.0,0.0,24163.229,2019-08-07
28,hru28,0.646,0.135,0.0,0.0,0.924,2.015,0.0,0.0,0.0,481.531,2019-08-07
29,hru29,0.645,0.01,0.0,0.0,0.55,4.249,0.0,0.0,0.0,3414.419,2019-08-07
30,hru30,0.644,0.008,0.0,0.0,0.608,4.278,0.0,0.0,0.0,3092.46,2019-08-07
31,hru31,0.64,0.016,0.0,0.0,0.896,4.321,0.0,0.0,0.0,854.434,2019-08-07
32,hru32,0.647,0.007,0.0,0.0,0.225,4.233,0.0,0.0,0.0,6640.462,2019-08-07
33,hru33,0.643,0.009,0.0,0.0,0.682,4.281,0.0,0.0,0.0,2237.257,2019-08-07
34,hru34,0.643,0.009,0.0,0.0,0.68,4.281,0.0,0.0,0.0,2254.873,2019-08-07
35,hru35,0.64,0.014,0.0,0.0,0.849,4.322,0.0,0.0,0.0,1124.483,2019-08-07
36,hru36,0.643,0.009,0.0,0.0,0.683,4.281,0.0,0.0,0.0,2231.822,2019-08-07
1,hru01,0.645,0.196,0.0,0.0,0.884,4.254,0.0,0.0,0.0,896.999,2019-08-08
2,hru02,0.648,0.165,0.0,0.0,0.0,4.201,0.0,0.0,0.0,18398.566,2019-08-08
3,hru03,0.639,0.45,0.0,0.0,0.835,0.238,0.0,0.0,0.0,577.635,2019-08-08
4,hru04,0.642,0.436,0.0,0.0,0.87,0.178,0.0,0.0,0.0,550.886,2019-08-08
5,hru05,0.646,0.175,0.0,0.0,0.575,4.252,0.0,0.0,0.0,2768.46,2019-08-08
6,hru06,0.646,0.175,0.0,0.0,0.575,4.252,0.0,0.0,0.0,2765.865,2019-08-08
7,hru07,0.651,0.162,0.0,0.0,0.124,4.15,0.0,0.0,0.0,8396.298,2019-08-08
8,hru08,0.639,0.199,0.0,0.0,0.858,4.339,0.0,0.0,0.0,1310.847,2019-08-08
9,hru09,0.647,0.172,0.0,0.0,0.144,4.225,0.0,0.0,0.0,6197.935,2019-08-08
10,hru10,0.647,0.172,0.0,0.0,0.146,4.225,0.0,0.0,0.0,6188.979,2019-08-08
11,hru11,0.651,0.165,0.0,0.0,0.642,4.153,0.0,0.0,0.0,3493.544,2019-08-08
12,hru12,0.65,0.167,0.0,0.0,0.0,4.169,0.0,0.0,0.0,8216.497,2019-08-08
13,hru13,0.652,0.162,0.0,0.149,0.0,4.146,0.0,0.0,0.0,24628.924,2019-08-08
14,hru14,0.65,0.167,0.0,0.0,0.0,4.169,0.0,0.0,0.0,8219.3,2019-08-08
15,hru15,0.654,0.162,0.0,0.0,0.0,4.114,0.0,0.0,0.444,24994.277,2019-08-08
16,hru16,0.649,0.172,0.0,0.0,0.0,4.213,0.0,0.0,0.0,14827.857,2019-08-08
17,hru17,0.653,0.162,0.0,0.0,0.0,4.134,0.0,0.0,0.0,20159.453,2019-08-08
18,hru18,0.655,0.16,0.0,0.0,0.0,4.109,0.0,0.0,0.0,14505.85,2019-08-08
19,hru19,0.658,0.155,0.0,0.0,0.0,4.08,0.0,0.0,0.447,23007.254,2019-08-08
20,hru20,0.655,0.145,0.0,0.0,0.0,4.063,0.0,0.0,0.182,24689.551,2019-08-08
21,hru21,0.654,0.162,0.0,0.0,0.0,4.122,0.0,0.0,0.0,19875.99,2019-08-08
22,hru22,0.655,0.16,0.0,0.0,0.0,4.109,0.0,0.0,0.0,14526.937,2019-08-08
23,hru23,0.655,0.16,0.0,0.0,0.0,4.076,0.0,0.0,0.0,19370.461,2019-08-08
24,hru24,0.655,0.16,0.0,0.028,0.0,4.094,0.0,0.0,0.444,24728.68,2019-08-08
25,hru25,0.655,0.0,0.0,0.0,0.0,0.054,0.0,0.0,0.0,12785.738,2019-08-08
26,hru26,0.655,0.147,0.0,0.0,0.0,4.052,0.0,0.0,0.0,24844.971,2019-08-08
27,hru27,0.65,0.165,0.0,0.128,0.0,4.159,0.0,0.0,0.0,24544.344,2019-08-08
28,hru28,0.651,0.406,0.0,0.0,0.917,1.897,0.0,0.0,0.0,504.356,2019-08-08
29,hru29,0.65,0.17,0.0,0.0,0.497,4.168,0.0,0.0,0.0,3608.943,2019-08-08
30,hru30,0.649,0.167,0.0,0.0,0.562,4.197,0.0,0.0,0.0,3262.27,2019-08-08
31,hru31,0.645,0.196,0.0,0.0,0.884,4.254,0.0,0.0,0.0,899.614,2019-08-08
32,hru32,0.652,0.162,0.0,0.0,0.151,4.146,0.0,0.0,0.0,6974.64,2019-08-08
33,hru33,0.649,0.167,0.0,0.0,0.645,4.201,0.0,0.0,0.0,2374.997,2019-08-08
34,hru34,0.649,0.167,0.0,0.0,0.641,4.201,0.0,0.0,0.0,2393.791,2019-08-08
35,hru35,0.645,0.183,0.0,0.0,0.831,4.254,0.0,0.0,0.0,1190.088,2019-08-08
36,hru36,0.649,0.167,0.0,0.0,0.645,4.201,0.0,0.0,0.0,2369.195,2019-08-08
1,hru01,0.651,0.122,0.0,0.0,0.873,4.203,0.0,0.0,0.0,946.811,2019-08-09
2,hru02,0.654,0.097,0.0,0.0,0.0,4.137,0.0,0.0,0.0,18759.217,2019-08-09
3,hru03,0.644,0.347,0.0,0.0,0.811,0.173,0.0,0.0,0.0,588.979,2019-08-09
4,hru04,0.648,0.344,0.0,0.0,0.863,0.109,0.0,0.0,0.0,558.112,2019-08-09
5,hru05,0.652,0.109,0.0,0.0,0.531,4.198,0.0,0.0,0.0,2951.516,2019-08-09
6,hru06,0.652,0.109,0.0,0.0,0.532,4.198,0.0,0.0,0.0,2948.747,2019-08-09
7,hru07,0.657,0.087,0.0,0.0,0.058,4.081,0.0,0.0,0.0,8755.521,2019-08-09
8,hru08,0.644,0.122,0.0,0.0,0.844,4.295,0.0,0.0,0.0,1372.225,2019-08-09
9,hru09,0.653,0.105,0.0,0.0,0.065,4.165,0.0,0.0,0.0,6553.052,2019-08-09
10,hru10,0.653,0.105,0.0,0.0,0.067,4.165,0.0,0.0,0.0,6544.097,2019-08-09
11,hru11,0.657,0.083,0.0,0.0,0.61,4.084,0.0,0.0,0.0,3646.574,2019-08-09
12,hru12,0.655,0.099,0.0,0.0,0.0,4.104,0.0,0.0,0.0,8572.786,2019-08-09
13,hru13,0.658,0.089,0.0,0.16,0.0,4.076,0.0,0.0,0.0,24987.131,2019-08-09
14,hru14,0.655,0.099,0.0,0.0,0.0,4.104,0.0,0.0,0.0,8575.589,2019-08-09
15,hru15,0.66,0.089,0.0,0.0,0.0,4.039,0.0,0.0,0.444,25230.328,2019-08-09
16,hru16,0.655,0.103,0.0,0.0,0.0,4.152,0.0,0.0,0.0,15179.316,2019-08-09
17,hru17,0.659,0.095,0.0,0.0,0.0,4.063,0.0,0.0,0.0,20512.389,2019-08-09
18,hru18,0.66,0.089,0.0,0.0,0.0,4.031,0.0,0.0,0.0,14862.783,2019-08-09
19,hru19,0.664,0.089,0.0,0.0,0.0,3.993,0.0,0.0,0.447,23239.885,2019-08-09
20,hru20,0.661,0.093,0.0,0.0,0.0,3.976,0.0,0.0,0.444,25030.594,2019-08-09
21,hru21,0.66,0.089,0.0,0.0,0.0,4.047,0.0,0.0,0.243,20231.727,2019-08-09
22,hru22,0.66,0.089,0.0,0.0,0.0,4.031,0.0,0.0,0.0,14883.87,2019-08-09
23,hru23,0.66,0.089,0.0,0.0,0.0,3.999,0.0,0.0,0.0,19726.549,2019-08-09
24,hru24,0.661,0.087,0.0,0.03,0.0,4.015,0.0,0.0,0.444,24963.879,2019-08-09
25,hru25,0.661,0.0,0.0,0.0,0.0,0.054,0.0,0.0,0.0,12785.738,2019-08-09
26,hru26,0.661,0.089,0.0,0.0,0.0,3.962,0.0,0.0,0.0,25201.703,2019-08-09
27,hru27,0.655,0.095,0.0,0.138,0.0,4.092,0.0,0.0,0.0,24902.555,2019-08-09
28,hru28,0.657,0.29,0.0,0.0,0.91,1.825,0.0,0.0,0.0,528.543,2019-08-09
29,hru29,0.655,0.099,0.0,0.0,0.447,4.102,0.0,0.0,0.0,3824.615,2019-08-09
30,hru30,0.655,0.095,0.0,0.0,0.518,4.133,0.0,0.0,0.0,3451.029,2019-08-09
31,hru31,0.651,0.122,0.0,0.0,0.873,4.203,0.0,0.0,0.0,949.587,2019-08-09
32,hru32,0.658,0.089,0.0,0.0,0.082,4.076,0.0,0.0,0.0,7332.847,2019-08-09
33,hru33,0.654,0.103,0.0,0.0,0.609,4.137,0.0,0.0,0.0,2528.019,2019-08-09
34,hru34,0.654,0.103,0.0,0.0,0.605,4.137,0.0,0.0,0.0,2548.126,2019-08-09
35,hru35,0.65,0.113,0.0,0.0,0.814,4.202,0.0,0.0,0.0,1262.991,2019-08-09
36,hru36,0.654,0.103,0.0,0.0,0.61,4.137,0.0,0.0,0.0,2521.809,2019-08-09
1,hru01,0.657,0.024,0.0,0.0,0.868,4.136,0.0,0.0,0.0,1001.989,2019-08-10
2,hru02,0.66,0.015,0.0,0.0,0.0,4.052,0.0,0.0,0.0,19151.668,2019-08-10
3,hru03,0.651,0.0,0.0,0.0,0.0,0.093,0.0,0.0,0.0,599.427,2019-08-10
4,hru04,0.654,0.0,0.0,0.0,0.0,0.027,0.0,0.0,0.0,563.623,2019-08-10
5,hru05,0.659,0.017,0.0,0.0,0.508,4.128,0.0,0.0,0.0,3155.368,2019-08-10
6,hru06,0.659,0.017,0.0,0.0,0.508,4.128,0.0,0.0,0.0,3152.407,2019-08-10
7,hru07,0.663,0.014,0.0,0.0,0.0,3.985,0.0,0.0,0.0,9149.559,2019-08-10
8,hru08,0.651,0.021,0.0,0.0,0.839,4.239,0.0,0.0,0.0,1440.475,2019-08-10
9,hru09,0.659,0.015,0.0,0.0,0.0,4.087,0.0,0.0,0.0,6940.928,2019-08-10
10,hru10,0.659,0.015,0.0,0.0,0.0,4.087,0.0,0.0,0.0,6931.973,2019-08-10
11,hru11,0.663,0.014,0.0,0.0,0.573,3.988,0.0,0.0,0.0,3814.604,2019-08-10
12,hru12,0.662,0.015,0.0,0.0,0.0,4.016,0.0,0.0,0.0,8961.776,2019-08-10
13,hru13,0.664,0.012,0.0,0.172,0.0,3.979,0.0,0.0,0.0,25349.043,2019-08-10
14,hru14,0.662,0.015,0.0,0.0,0.0,4.016,0.0,0.0,0.0,8964.579,2019-08-10
15,hru15,0.667,0.012,0.0,0.026,0.0,3.933,0.0,0.0,0.444,25469.379,2019-08-10
16,hru16,0.661,0.015,0.0,0.0,0.0,4.07,0.0,0.0,0.0,15567.384,2019-08-10
17,hru17,0.666,0.012,0.0,0.0,0.0,3.965,0.0,0.0,0.0,20901.928,2019-08-10
18,hru18,0.667,0.011,0.0,0.0,0.0,3.92,0.0,0.0,0.0,15254.219,2019-08-10
19,hru19,0.67,0.01,0.0,0.0,0.0,3.869,0.0,0.0,0.459,23476.482,2019-08-10
20,hru20,0.668,0.007,0.0,0.0,0.0,3.854,0.0,0.0,0.444,25268.812,2019-08-10
21,hru21,0.667,0.012,0.0,0.0,0.0,3.94,0.0,0.0,0.458,20557.113,2019-08-10
22,hru22,0.667,0.011,0.0,0.0,0.0,3.92,0.0,0.0,0.0,15275.306,2019-08-10
23,hru23,0.667,0.011,0.0,0.0,0.0,3.888,0.0,0.0,0.0,20117.033,2019-08-10
24,hru24,0.667,0.012,0.0,0.032,0.0,3.903,0.0,0.0,0.444,25202.406,2019-08-10
25,hru25,0.668,0.0,0.0,0.0,0.0,0.054,0.0,0.0,0.0,12785.738,2019-08-10
26,hru26,0.668,0.007,0.0,0.0,0.0,3.833,0.0,0.0,0.356,25591.262,2019-08-10
27,hru27,0.662,0.013,0.0,0.149,0.0,4.0,0.0,0.0,0.0,25274.703,2019-08-10
28,hru28,0.663,0.154,0.0,0.0,0.903,1.736,0.0,0.0,0.0,554.558,2019-08-10
29,hru29,0.662,0.015,0.0,0.0,0.396,4.014,0.0,0.0,0.0,4063.589,2019-08-10
30,hru30,0.661,0.015,0.0,0.0,0.472,4.046,0.0,0.0,0.0,3660.181,2019-08-10
31,hru31,0.657,0.024,0.0,0.0,0.867,4.136,0.0,0.0,0.0,1004.947,2019-08-10
32,hru32,0.664,0.012,0.0,0.0,0.005,3.979,0.0,0.0,0.0,7725.44,2019-08-10
33,hru33,0.661,0.015,0.0,0.0,0.589,4.053,0.0,0.0,0.0,2697.792,2019-08-10
34,hru34,0.661,0.015,0.0,0.0,0.585,4.053,0.0,0.0,0.0,2719.361,2019-08-10
35,hru35,0.657,0.02,0.0,0.0,0.807,4.134,0.0,0.0,0.0,1343.935,2019-08-10
36,hru36,0.661,0.015,0.0,0.0,0.59,4.053,0.0,0.0,0.0,2691.128,2019-08-10
1,hru01,0.663,0.039,0.0,0.0,0.856,4.035,0.0,0.0,0.0,1047.396,2019-08-11
2,hru02,0.667,0.026,0.0,0.0,0.0,3.917,0.0,0.0,0.0,19482.326,2019-08-11
3,hru03,0.657,0.0,0.0,0.0,0.0,0.093,0.0,0.0,0.0,599.427,2019-08-11
4,hru04,0.661,0.0,0.0,0.0,0.0,0.027,0.0,0.0,0.0,563.623,2019-08-11
5,hru05,0.665,0.03,0.0,0.0,0.468,4.023,0.0,0.0,0.0,3324.016,2019-08-11
6,hru06,0.665,0.03,0.0,0.0,0.468,4.023,0.0,0.0,0.0,3320.897,2019-08-11
7,hru07,0.67,0.022,0.0,0.0,0.0,3.83,0.0,0.0,0.0,9479.615,2019-08-11
8,hru08,0.657,0.037,0.0,0.0,0.826,4.156,0.0,0.0,0.0,1497.577,2019-08-11
9,hru09,0.666,0.028,0.0,0.0,0.0,3.965,0.0,0.0,0.0,7280.982,2019-08-11
10,hru10,0.666,0.028,0.0,0.0,0.0,3.965,0.0,0.0,0.0,7272.027,2019-08-11
11,hru11,0.67,0.021,0.0,0.0,0.542,3.834,0.0,0.0,0.0,3956.825,2019-08-11
12,hru12,0.668,0.024,0.0,0.0,0.0,3.874,0.0,0.0,0.0,9300.671,2019-08-11
13,hru13,0.671,0.021,0.0,0.182,0.0,3.82,0.0,0.0,0.312,25628.049,2019-08-11
14,hru14,0.668,0.024,0.0,0.0,0.0,3.874,0.0,0.0,0.0,9303.474,2019-08-11
15,hru15,0.673,0.02,0.0,0.027,0.0,3.75,0.0,0.0,0.444,25658.029,2019-08-11
16,hru16,0.668,0.03,0.0,0.0,0.0,3.941,0.0,0.0,0.0,15919.162,2019-08-11
17,hru17,0.672,0.025,0.0,0.0,0.0,3.801,0.0,0.0,0.0,21252.012,2019-08-11
18,hru18,0.674,0.021,0.0,0.0,0.0,3.725,0.0,0.0,0.0,15591.304,2019-08-11
19,hru19,0.677,0.019,0.0,0.0,0.0,3.633,0.0,0.0,0.447,23660.783,2019-08-11
20,hru20,0.674,0.017,0.0,0.0,0.0,3.617,0.0,0.0,0.462,25457.77,2019-08-11
21,hru21,0.673,0.02,0.0,0.0,0.0,3.758,0.0,0.0,0.447,20740.977,2019-08-11
22,hru22,0.674,0.021,0.0,0.0,0.0,3.725,0.0,0.0,0.0,15612.391,2019-08-11
23,hru23,0.674,0.021,0.0,0.0,0.0,3.695,0.0,0.0,0.0,20453.27,2019-08-11
24,hru24,0.674,0.018,0.0,0.033,0.0,3.705,0.0,0.0,0.448,25389.6,2019-08-11
25,hru25,0.674,0.0,0.0,0.0,0.0,0.054,0.0,0.0,0.0,12785.738,2019-08-11
26,hru26,0.674,0.017,0.0,0.0,0.0,3.579,0.0,0.0,0.459,25807.434,2019-08-11
27,hru27,0.669,0.022,0.0,0.158,0.0,3.851,0.0,0.0,0.0,25563.684,2019-08-11
28,hru28,0.67,0.172,0.0,0.0,0.896,1.622,0.0,0.0,0.0,575.82,2019-08-11
29,hru29,0.668,0.025,0.0,0.0,0.354,3.871,0.0,0.0,0.0,4269.292,2019-08-11
30,hru30,0.668,0.024,0.0,0.0,0.432,3.908,0.0,0.0,0.0,3838.781,2019-08-11
31,hru31,0.663,0.039,0.0,0.0,0.856,4.035,0.0,0.0,0.0,1050.503,2019-08-11
32,hru32,0.671,0.021,0.0,0.0,0.0,3.82,0.0,0.0,0.0,8058.386,2019-08-11
33,hru33,0.667,0.025,0.0,0.0,0.556,3.917,0.0,0.0,0.0,2836.814,2019-08-11
34,hru34,0.667,0.025,0.0,0.0,0.552,3.917,0.0,0.0,0.0,2859.58,2019-08-11
35,hru35,0.663,0.036,0.0,0.0,0.791,4.031,0.0,0.0,0.0,1409.637,2019-08-11
36,hru36,0.667,0.025,0.0,0.0,0.557,3.917,0.0,0.0,0.0,2829.777,2019-08-11
1,hru01,0.669,0.061,0.0,0.0,0.866,3.911,0.0,0.0,0.0,1101.04,2019-08-12
2,hru02,0.673,0.071,0.0,0.0,0.0,3.728,0.0,0.0,0.0,19850.002,2019-08-12
3,hru03,0.663,0.0,0.0,0.0,0.0,0.093,0.0,0.0,0.0,599.427,2019-08-12
4,hru04,0.667,0.0,0.0,0.0,0.0,0.027,0.0,0.0,0.0,563.623,2019-08-12
5,hru05,0.671,0.063,0.0,0.0,0.521,3.891,0.0,0.0,0.0,3523.576,2019-08-12
6,hru06,0.671,0.063,0.0,0.0,0.521,3.891,0.0,0.0,0.0,3520.271,2019-08-12
7,hru07,0.676,0.08,0.0,0.0,0.023,3.592,0.0,0.0,0.0,9845.986,2019-08-12
8,hru08,0.663,0.053,0.0,0.0,0.84,4.06,0.0,0.0,0.0,1562.19,2019-08-12
9,hru09,0.672,0.061,0.0,0.0,0.029,3.804,0.0,0.0,0.0,7642.69,2019-08-12
10,hru10,0.672,0.061,0.0,0.0,0.03,3.804,0.0,0.0,0.0,7633.735,2019-08-12
11,hru11,0.676,0.083,0.0,0.0,0.589,3.599,0.0,0.0,0.0,4128.389,2019-08-12
12,hru12,0.674,0.068,0.0,0.0,0.0,3.67,0.0,0.0,0.0,9663.42,2019-08-12
13,hru13,0.677,0.076,0.0,0.19,0.0,3.571,0.0,0.0,0.0,25884.832,2019-08-12
14,hru14,0.674,0.068,0.0,0.0,0.0,3.67,0.0,0.0,0.0,9666.223,2019-08-12
15,hru15,0.679,0.0,0.0,0.0,0.0,3.432,0.0,0.0,0.0,25863.893,2019-08-12
16,hru16,0.674,0.055,0.0,0.0,0.0,3.768,0.0,0.0,0.0,16274.244,2019-08-12
17,hru17,0.678,0.058,0.0,0.0,0.0,3.545,0.0,0.0,0.0,21607.25,2019-08-12
18,hru18,0.679,0.0,0.0,0.0,0.0,3.362,0.0,0.0,0.0,15952.598,2019-08-12
19,hru19,0.683,0.0,0.0,0.0,0.0,3.021,0.0,0.0,0.0,23862.459,2019-08-12
20,hru20,0.68,0.0,0.0,0.0,0.0,3.007,0.0,0.0,0.0,25653.572,2019-08-12
21,hru21,0.679,0.0,0.0,0.0,0.0,3.439,0.0,0.0,0.0,20945.648,2019-08-12
22,hru22,0.679,0.0,0.0,0.0,0.0,3.362,0.0,0.0,0.0,15973.685,2019-08-12
23,hru23,0.679,0.0,0.0,0.0,0.0,3.335,0.0,0.0,0.0,20813.594,2019-08-12
24,hru24,0.68,0.0,0.0,0.0,0.0,3.323,0.0,0.0,0.0,25593.201,2019-08-12
25,hru25,0.68,0.0,0.0,0.0,0.0,0.054,0.0,0.0,0.0,12785.738,2019-08-12
26,hru26,0.68,0.0,0.0,0.0,0.0,2.7,0.0,0.0,0.0,26004.395,2019-08-12
27,hru27,0.674,0.073,0.0,0.168,0.0,3.629,0.0,0.0,0.0,25878.668,2019-08-12
28,hru28,0.676,0.29,0.0,0.0,0.908,1.512,0.0,0.0,0.0,600.821,2019-08-12
29,hru29,0.674,0.066,0.0,0.0,0.422,3.666,0.0,0.0,0.0,4509.707,2019-08-12
30,hru30,0.674,0.074,0.0,0.0,0.495,3.713,0.0,0.0,0.0,4052.654,2019-08-12
31,hru31,0.669,0.061,0.0,0.0,0.866,3.911,0.0,0.0,0.0,1104.325,2019-08-12
32,hru32,0.677,0.076,0.0,0.0,0.025,3.571,0.0,0.0,0.0,8424.095,2019-08-12
33,hru33,0.673,0.066,0.0,0.0,0.598,3.728,0.0,0.0,0.0,3003.252,2019-08-12
34,hru34,0.673,0.066,0.0,0.0,0.595,3.728,0.0,0.0,0.0,3027.452,2019-08-12
35,hru35,0.669,0.064,0.0,0.0,0.809,3.905,0.0,0.0,0.0,1487.822,2019-08-12
36,hru36,0.673,0.066,0.0,0.0,0.599,3.728,0.0,0.0,0.0,2995.77,2019-08-12
1,hru01,0.675,0.055,0.0,0.0,0.861,3.749,0.0,0.0,0.0,1131.878,2019-08-13
2,hru02,0.679,0.0,0.0,0.0,0.0,3.431,0.0,0.0,0.0,20058.041,2019-08-13
3,hru03,0.669,0.0,0.0,0.0,0.0,0.093,0.0,0.0,0.0,599.427,2019-08-13
4,hru04,0.673,0.0,0.0,0.0,0.0,0.027,0.0,0.0,0.0,563.623,2019-08-13
5,hru05,0.677,0.055,0.0,0.0,0.501,3.719,0.0,0.0,0.0,3632.955,2019-08-13
6,hru06,0.677,0.055,0.0,0.0,0.501,3.719,0.0,0.0,0.0,3629.548,2019-08-13
7,hru07,0.682,0.0,0.0,0.0,0.0,3.099,0.0,0.0,0.0,10047.336,2019-08-13
8,hru08,0.669,0.059,0.0,0.0,0.833,3.945,0.0,0.0,0.0,1599.747,2019-08-13
9,hru09,0.678,0.052,0.0,0.0,0.0,3.57,0.0,0.0,0.0,7854.845,2019-08-13
10,hru10,0.678,0.052,0.0,0.0,0.0,3.57,0.0,0.0,0.0,7845.89,2019-08-13
11,hru11,0.682,0.0,0.0,0.0,0.0,3.131,0.0,0.0,0.0,4218.069,2019-08-13
12,hru12,0.68,0.0,0.0,0.0,0.0,3.316,0.0,0.0,0.0,9869.617,2019-08-13
13,hru13,0.683,0.0,0.0,0.0,0.0,2.995,0.0,0.0,0.0,26060.459,2019-08-13
14,hru14,0.68,0.0,0.0,0.0,0.0,3.316,0.0,0.0,0.0,9872.42,2019-08-13
15,hru15,0.685,0.0,0.0,0.0,0.0,3.432,0.0,0.0,0.0,25863.893,2019-08-13
16,hru16,0.68,0.0,0.0,0.0,0.0,3.495,0.0,0.0,0.0,16490.029,2019-08-13
17,hru17,0.684,0.0,0.0,0.0,0.0,2.763,0.0,0.0,0.0,21818.412,2019-08-13
18,hru18,0.686,0.0,0.0,0.0,0.0,3.362,0.0,0.0,0.0,15952.598,2019-08-13
19,hru19,0.689,0.0,0.0,0.0,0.0,3.021,0.0,0.0,0.0,23862.459,2019-08-13
20,hru20,0.686,0.0,0.0,0.0,0.0,3.007,0.0,0.0,0.0,25653.572,2019-08-13
21,hru21,0.685,0.0,0.0,0.0,0.0,3.439,0.0,0.0,0.0,20945.648,2019-08-13
22,hru22,0.686,0.0,0.0,0.0,0.0,3.362,0.0,0.0,0.0,15973.685,2019-08-13
23,hru23,0.686,0.0,0.0,0.0,0.0,3.335,0.0,0.0,0.0,20813.594,2019-08-13
24,hru24,0.686,0.0,0.0,0.0,0.0,3.323,0.0,0.0,0.0,25593.201,2019-08-13
25,hru25,0.686,0.0,0.0,0.0,0.0,0.054,0.0,0.0,0.0,12785.738,2019-08-13
26,hru26,0.686,0.0,0.0,0.0,0.0,2.7,0.0,0.0,0.0,26004.395,2019-08-13
27,hru27,0.681,0.0,0.0,0.0,0.0,3.211,0.0,0.0,0.0,26060.83,2019-08-13
28,hru28,0.682,0.232,0.0,0.0,0.901,1.423,0.0,0.0,0.0,613.573,2019-08-13
29,hru29,0.68,0.0,0.0,0.0,0.0,3.303,0.0,0.0,0.0,4638.155,2019-08-13
30,hru30,0.68,0.0,0.0,0.0,0.0,3.399,0.0,0.0,0.0,4164.814,2019-08-13
31,hru31,0.675,0.055,0.0,0.0,0.86,3.749,0.0,0.0,0.0,1135.255,2019-08-13
32,hru32,0.683,0.0,0.0,0.0,0.0,2.995,0.0,0.0,0.0,8624.514,2019-08-13
33,hru33,0.679,0.0,0.0,0.0,0.0,3.423,0.0,0.0,0.0,3093.512,2019-08-13
34,hru34,0.679,0.0,0.0,0.0,0.0,3.423,0.0,0.0,0.0,3118.492,2019-08-13
35,hru35,0.675,0.052,0.0,0.0,0.8,3.741,0.0,0.0,0.0,1531.789,2019-08-13
36,hru36,0.679,0.0,0.0,0.0,0.0,3.423,0.0,0.0,0.0,3085.788,2019-08-13
1,hru01,0.681,0.205,0.0,0.0,0.845,3.472,0.0,0.0,0.0,1185.825,2019-08-14
2,hru02,0.684,0.0,0.0,0.0,0.0,3.431,0.0,0.0,0.0,20058.041,2019-08-14
3,hru03,0.674,0.0,0.0,0.0,0.0,0.093,0.0,0.0,0.0,599.427,2019-08-14
4,hru04,0.678,0.0,0.0,0.0,0.0,0.027,0.0,0.0,0.0,563.623,2019-08-14
5,hru05,0.682,0.0,0.0,0.0,0.0,3.41,0.0,0.0,0.0,3826.515,2019-08-14
6,hru06,0.682,0.0,0.0,0.0,0.0,3.41,0.0,0.0,0.0,3822.929,2019-08-14
7,hru07,0.687,0.0,0.0,0.0,0.0,3.099,0.0,0.0,0.0,10047.336,2019-08-14
8,hru08,0.674,0.208,0.0,0.0,0.814,3.79,0.0,0.0,0.0,1665.583,2019-08-14
9,hru09,0.683,0.0,0.0,0.0,0.0,2.818,0.0,0.0,0.0,8217.663,2019-08-14
10,hru10,0.683,0.0,0.0,0.0,0.0,2.818,0.0,0.0,0.0,8208.708,2019-08-14
11,hru11,0.687,0.0,0.0,0.0,0.0,3.131,0.0,0.0,0.0,4218.069,2019-08-14
12,hru12,0.686,0.0,0.0,0.0,0.0,3.316,0.0,0.0,0.0,9869.617,2019-08-14
13,hru13,0.688,0.0,0.0,0.0,0.0,2.995,0.0,0.0,0.0,26060.459,2019-08-14
14,hru14,0.686,0.0,0.0,0.0,0.0,3.316,0.0,0.0,0.0,9872.42,2019-08-14
15,hru15,0.69,0.0,0.0,0.0,0.0,3.432,0.0,0.0,0.0,25863.893,2019-08-14
16,hru16,0.685,0.0,0.0,0.0,0.0,3.495,0.0,0.0,0.0,16490.029,2019-08-14
17,hru17,0.689,0.0,0.0,0.0,0.0,2.763,0.0,0.0,0.0,21818.412,2019-08-14
18,hru18,0.691,0.0,0.0,0.0,0.0,3.362,0.0,0.0,0.0,15952.598,2019-08-14
19,hru19,0.694,0.0,0.0,0.0,0.0,3.021,0.0,0.0,0.0,23862.459,2019-08-14
20,hru20,0.691,0.0,0.0,0.0,0.0,3.007,0.0,0.0,0.0,25653.572,2019-08-14
21,hru21,0.69,0.0,0.0,0.0,0.0,3.439,0.0,0.0,0.0,20945.648,2019-08-14
22,hru22,0.691,0.0,0.0,0.0,0.0,3.362,0.0,0.0,0.0,15973.685,2019-08-14
23,hru23,0.691,0.0,0.0,0.0,0.0,3.335,0.0,0.0,0.0,20813.594,2019-08-14
24,hru24,0.691,0.0,0.0,0.0,0.0,3.323,0.0,0.0,0.0,25593.201,2019-08-14
25,hru25,0.691,0.0,0.0,0.0,0.0,0.054,0.0,0.0,0.0,12785.738,2019-08-14
26,hru26,0.691,0.0,0.0,0.0,0.0,2.7,0.0,0.0,0.0,26004.395,2019-08-14
27,hru27,0.686,0.0,0.0,0.0,0.0,3.211,0.0,0.0,0.0,26060.83,2019-08-14
28,hru28,0.687,0.464,0.0,0.0,0.894,1.324,0.0,0.0,0.0,636.73,2019-08-14
29,hru29,0.686,0.0,0.0,0.0,0.0,3.303,0.0,0.0,0.0,4638.155,2019-08-14
30,hru30,0.685,0.0,0.0,0.0,0.0,3.399,0.0,0.0,0.0,4164.814,2019-08-14
31,hru31,0.681,0.205,0.0,0.0,0.844,3.472,0.0,0.0,0.0,1189.364,2019-08-14
32,hru32,0.688,0.0,0.0,0.0,0.0,2.995,0.0,0.0,0.0,8624.514,2019-08-14
33,hru33,0.684,0.0,0.0,0.0,0.0,3.423,0.0,0.0,0.0,3093.512,2019-08-14
34,hru34,0.684,0.0,0.0,0.0,0.0,3.423,0.0,0.0,0.0,3118.492,2019-08-14
35,hru35,0.68,0.202,0.0,0.0,0.777,3.454,0.0,0.0,0.0,1609.08,2019-08-14
36,hru36,0.684,0.0,0.0,0.0,0.0,3.423,0.0,0.0,0.0,3085.788,2019-08-14
1,hru01,0.686,0.0,0.0,0.0,0.0,2.857,0.0,0.0,0.0,1244.281,2019-08-15
2,hru02,0.689,0.0,0.0,0.0,0.0,3.431,0.0,0.0,0.0,20058.041,2019-08-15
3,hru03,0.68,0.0,0.0,0.0,0.0,0.093,0.0,0.0,0.0,599.427,2019-08-15
4,hru04,0.683,0.0,0.0,0.0,0.0,0.027,0.0,0.0,0.0,563.623,2019-08-15
5,hru05,0.687,0.0,0.0,0.0,0.0,3.41,0.0,0.0,0.0,3826.515,2019-08-15
6,hru06,0.687,0.0,0.0,0.0,0.0,3.41,0.0,0.0,0.0,3822.929,2019-08-15
7,hru07,0.692,0.0,0.0,0.0,0.0,3.099,0.0,0.0,0.0,10047.336,2019-08-15
8,hru08,0.68,0.145,0.0,0.0,0.795,3.621,0.0,0.0,0.0,1738.624,2019-08-15
9,hru09,0.688,0.0,0.0,0.0,0.0,2.818,0.0,0.0,0.0,8217.663,2019-08-15
10,hru10,0.688,0.0,0.0,0.0,0.0,2.818,0.0,0.0,0.0,8208.708,2019-08-15
11,hru11,0.692,0.0,0.0,0.0,0.0,3.131,0.0,0.0,0.0,4218.069,2019-08-15
12,hru12,0.691,0.0,0.0,0.0,0.0,3.316,0.0,0.0,0.0,9869.617,2019-08-15
13,hru13,0.693,0.0,0.0,0.0,0.0,2.995,0.0,0.0,0.0,26060.459,2019-08-15
14,hru14,0.691,0.0,0.0,0.0,0.0,3.316,0.0,0.0,0.0,9872.42,2019-08-15
15,hru15,0.696,0.0,0.0,0.0,0.0,3.432,0.0,0.0,0.0,25863.893,2019-08-15
16,hru16,0.69,0.0,0.0,0.0,0.0,3.495,0.0,0.0,0.0,16490.029,2019-08-15
17,hru17,0.695,0.0,0.0,0.0,0.0,2.763,0.0,0.0,0.0,21818.412,2019-08-15
18,hru18,0.696,0.0,0.0,0.0,0.0,3.362,0.0,0.0,0.0,15952.598,2019-08-15
19,hru19,0.7,0.0,0.0,0.0,0.0,3.021,0.0,0.0,0.0,23862.459,2019-08-15
20,hru20,0.697,0.0,0.0,0.0,0.0,3.007,0.0,0.0,0.0,25653.572,2019-08-15
21,hru21,0.696,0.0,0.0,0.0,0.0,3.439,0.0,0.0,0.0,20945.648,2019-08-15
22,hru22,0.696,0.0,0.0,0.0,0.0,3.362,0.0,0.0,0.0,15973.685,2019-08-15
23,hru23,0.696,0.0,0.0,0.0,0.0,3.335,0.0,0.0,0.0,20813.594,2019-08-15
24,hru24,0.696,0.0,0.0,0.0,0.0,3.323,0.0,0.0,0.0,25593.201,2019-08-15
25,hru25,0.697,0.0,0.0,0.0,0.0,0.054,0.0,0.0,0.0,12785.738,2019-08-15
26,hru26,0.697,0.0,0.0,0.0,0.0,2.7,0.0,0.0,0.0,26004.395,2019-08-15
27,hru27,0.691,0.0,0.0,0.0,0.0,3.211,0.0,0.0,0.0,26060.83,2019-08-15
28,hru28,0.692,0.373,0.0,0.0,0.888,1.26,0.0,0.0,0.0,659.887,2019-08-15
29,hru29,0.691,0.0,0.0,0.0,0.0,3.303,0.0,0.0,0.0,4638.155,2019-08-15
30,hru30,0.69,0.0,0.0,0.0,0.0,3.399,0.0,0.0,0.0,4164.814,2019-08-15
31,hru31,0.686,0.0,0.0,0.0,0.0,2.857,0.0,0.0,0.0,1247.997,2019-08-15
32,hru32,0.693,0.0,0.0,0.0,0.0,2.995,0.0,0.0,0.0,8624.514,2019-08-15
33,hru33,0.69,0.0,0.0,0.0,0.0,3.423,0.0,0.0,0.0,3093.512,2019-08-15
34,hru34,0.69,0.0,0.0,0.0,0.0,3.423,0.0,0.0,0.0,3118.492,2019-08-15
35,hru35,0.686,0.0,0.0,0.0,0.0,2.73,0.0,0.0,0.0,1692.556,2019-08-15
36,hru36,0.69,0.0,0.0,0.0,0.0,3.423,0.0,0.0,0.0,3085.788,2019-08-15
1,hru01,0.691,0.0,0.0,0.0,0.0,2.857,0.0,0.0,0.0,1244.281,2019-08-16
2,hru02,0.695,0.0,0.0,0.0,0.0,3.431,0.0,0.0,0.0,20058.041,2019-08-16
3,hru03,0.685,0.0,0.0,0.0,0.0,0.093,0.0,0.0,0.0,599.427,2019-08-16
4,hru04,0.689,0.0,0.0,0.0,0.0,0.027,0.0,0.0,0.0,563.623,2019-08-16
5,hru05,0.693,0.0,0.0,0.0,0.0,3.41,0.0,0.0,0.0,3826.515,2019-08-16
6,hru06,0.693,0.0,0.0,0.0,0.0,3.41,0.0,0.0,0.0,3822.929,2019-08-16
7,hru07,0.698,0.0,0.0,0.0,0.0,3.099,0.0,0.0,0.0,10047.336,2019-08-16
8,hru08,0.685,0.0,0.0,0.0,0.0,3.259,0.0,0.0,0.0,1818.689,2019-08-16
9,hru09,0.694,0.0,0.0,0.0,0.0,2.818,0.0,0.0,0.0,8217.663,2019-08-16
10,hru10,0.694,0.0,0.0,0.0,0.0,2.818,0.0,0.0,0.0,8208.708,2019-08-16
11,hru11,0.698,0.0,0.0,0.0,0.0,3.131,0.0,0.0,0.0,4218.069,2019-08-16
12,hru12,0.696,0.0,0.0,0.0,0.0,3.316,0.0,0.0,0.0,9869.617,2019-08-16
13,hru13,0.699,0.0,0.0,0.0,0.0,2.995,0.0,0.0,0.0,26060.459,2019-08-16
14,hru14,0.696,0.0,0.0,0.0,0.0,3.316,0.0,0.0,0.0,9872.42,2019-08-16
15,hru15,0.701,0.0,0.0,0.0,0.0,3.432,0.0,0.0,0.0,25863.893,2019-08-16
16,hru16,0.696,0.0,0.0,0.0,0.0,3.495,0.0,0.0,0.0,16490.029,2019-08-16
17,hru17,0.7,0.0,0.0,0.0,0.0,2.763,0.0,0.0,0.0,21818.412,2019-08-16
18,hru18,0.702,0.0,0.0,0.0,0.0,3.362,0.0,0.0,0.0,15952.598,2019-08-16
19,hru19,0.705,0.0,0.0,0.0,0.0,3.021,0.0,0.0,0.0,23862.459,2019-08-16
20,hru20,0.702,0.0,0.0,0.0,0.0,3.007,0.0,0.0,0.0,25653.572,2019-08-16
21,hru21,0.701,0.0,0.0,0.0,0.0,3.439,0.0,0.0,0.0,20945.648,2019-08-16
22,hru22,0.702,0.0,0.0,0.0,0.0,3.362,0.0,0.0,0.0,15973.685,2019-08-16
23,hru23,0.702,0.0,0.0,0.0,0.0,3.335,0.0,0.0,0.0,20813.594,2019-08-16
24,hru24,0.702,0.0,0.0,0.0,0.0,3.323,0.0,0.0,0.0,25593.201,2019-08-16
25,hru25,0.702,0.0,0.0,0.0,0.0,0.054,0.0,0.0,0.0,12785.738,2019-08-16
26,hru26,0.702,0.0,0.0,0.0,0.0,2.7,0.0,0.0,0.0,26004.395,2019-08-16
27,hru27,0.697,0.0,0.0,0.0,0.0,3.211,0.0,0.0,0.0,26060.83,2019-08-16
28,hru28,0.698,0.351,0.0,0.0,0.882,1.183,0.0,0.0,0.0,684.62,2019-08-16
29,hru29,0.697,0.0,0.0,0.0,0.0,3.303,0.0,0.0,0.0,4638.155,2019-08-16
30,hru30,0.696,0.0,0.0,0.0,0.0,3.399,0.0,0.0,0.0,4164.814,2019-08-16
31,hru31,0.691,0.0,0.0,0.0,0.0,2.857,0.0,0.0,0.0,1247.997,2019-08-16
32,hru32,0.699,0.0,0.0,0.0,0.0,2.995,0.0,0.0,0.0,8624.514,2019-08-16
33,hru33,0.695,0.0,0.0,0.0,0.0,3.423,0.0,0.0,0.0,3093.512,2019-08-16
34,hru34,0.695,0.0,0.0,0.0,0.0,3.423,0.0,0.0,0.0,3118.492,2019-08-16
35,hru35,0.691,0.0,0.0,0.0,0.0,2.73,0.0,0.0,0.0,1692.556,2019-08-16
36,hru36,0.695,0.0,0.0,0.0,0.0,3.423,0.0,0.0,0.0,3085.788,2019-08-16
1,hru01,0.697,0.0,0.0,0.0,0.0,2.857,0.0,0.0,0.0,1244.281,2019-08-17
2,hru02,0.701,0.0,0.0,0.0,0.0,3.431,0.0,0.0,0.0,20058.041,2019-08-17
3,hru03,0.691,0.0,0.0,0.0,0.0,0.093,0.0,0.0,0.0,599.427,2019-08-17
4,hru04,0.695,0.0,0.0,0.0,0.0,0.027,0.0,0.0,0.0,563.623,2019-08-17
5,hru05,0.699,0.0,0.0,0.0,0.0,3.41,0.0,0.0,0.0,3826.515,2019-08-17
6,hru06,0.699,0.0,0.0,0.0,0.0,3.41,0.0,0.0,0.0,3822.929,2019-08-17
7,hru07,0.704,0.0,0.0,0.0,0.0,3.099,0.0,0.0,0.0,10047.336,2019-08-17
8,hru08,0.691,0.0,0.0,0.0,0.0,3.259,0.0,0.0,0.0,1818.689,2019-08-17
9,hru09,0.7,0.0,0.0,0.0,0.0,2.818,0.0,0.0,0.0,8217.663,2019-08-17
10,hru10,0.7,0.0,0.0,0.0,0.0,2.818,0.0,0.0,0.0,8208.708,2019-08-17
11,hru11,0.704,0.0,0.0,0.0,0.0,3.131,0.0,0.0,0.0,4218.069,2019-08-17
12,hru12,0.702,0.0,0.0,0.0,0.0,3.316,0.0,0.0,0.0,9869.617,2019-08-17
13,hru13,0.705,0.0,0.0,0.0,0.0,2.995,0.0,0.0,0.0,26060.459,2019-08-17
14,hru14,0.702,0.0,0.0,0.0,0.0,3.316,0.0,0.0,0.0,9872.42,2019-08-17
15,hru15,0.707,0.0,0.0,0.0,0.0,3.432,0.0,0.0,0.0,25863.893,2019-08-17
16,hru16,0.702,0.0,0.0,0.0,0.0,3.495,0.0,0.0,0.0,16490.029,2019-08-17
17,hru17,0.706,0.0,0.0,0.0,0.0,2.763,0.0,0.0,0.0,21818.412,2019-08-17
18,hru18,0.708,0.0,0.0,0.0,0.0,3.362,0.0,0.0,0.0,15952.598,2019-08-17
19,hru19,0.711,0.0,0.0,0.0,0.0,3.021,0.0,0.0,0.0,23862.459,2019-08-17
20,hru20,0.708,0.0,0.0,0.0,0.0,3.007,0.0,0.0,0.0,25653.572,2019-08-17
21,hru21,0.707,0.0,0.0,0.0,0.0,3.439,0.0,0.0,0.0,20945.648,2019-08-17
22,hru22,0.708,0.0,0.0,0.0,0.0,3.362,0.0,0.0,0.0,15973.685,2019-08-17
23,hru23,0.708,0.0,0.0,0.0,0.0,3.335,0.0,0.0,0.0,20813.594,2019-08-17
24,hru24,0.708,0.0,0.0,0.0,0.0,3.323,0.0,0.0,0.0,25593.201,2019-08-17
25,hru25,0.708,0.0,0.0,0.0,0.0,0.054,0.0,0.0,0.0,12785.738,2019-08-17
26,hru26,0.708,0.0,0.0,0.0,0.0,2.7,0.0,0.0,0.0,26004.395,2019-08-17
27,hru27,0.703,0.0,0.0,0.0,0.0,3.211,0.0,0.0,0.0,26060.83,2019-08-17
28,hru28,0.704,0.259,0.0,0.0,0.903,1.104,0.0,0.0,0.0,709.01,2019-08-17
29,hru29,0.703,0.0,0.0,0.0,0.0,3.303,0.0,0.0,0.0,4638.155,2019-08-17
30,hru30,0.702,0.0,0.0,0.0,0.0,3.399,0.0,0.0,0.0,4164.814,2019-08-17
31,hru31,0.697,0.0,0.0,0.0,0.0,2.857,0.0,0.0,0.0,1247.997,2019-08-17
32,hru32,0.705,0.0,0.0,0.0,0.0,2.995,0.0,0.0,0.0,8624.514,2019-08-17
33,hru33,0.701,0.0,0.0,0.0,0.0,3.423,0.0,0.0,0.0,3093.512,2019-08-17
34,hru34,0.701,0.0,0.0,0.0,0.0,3.423,0.0,0.0,0.0,3118.492,2019-08-17
35,hru35,0.697,0.0,0.0,0.0,0.0,2.73,0.0,0.0,0.0,1692.556,2019-08-17
36,hru36,0.701,0.0,0.0,0.0,0.0,3.423,0.0,0.0,0.0,3085.788,2019-08-17
1,hru01,0.703,0.0,0.0,0.0,0.0,2.857,0.0,0.0,0.0,1244.281,2019-08-18
2,hru02,0.706,0.0,0.0,0.0,0.0,3.431,0.0,0.0,0.0,20058.041,2019-08-18
3,hru03,0.696,0.0,0.0,0.0,0.0,0.093,0.0,0.0,0.0,599.427,2019-08-18
4,hru04,0.7,0.0,0.0,0.0,0.0,0.027,0.0,0.0,0.0,563.623,2019-08-18
5,hru05,0.704,0.0,0.0,0.0,0.0,3.41,0.0,0.0,0.0,3826.515,2019-08-18
6,hru06,0.704,0.0,0.0,0.0,0.0,3.41,0.0,0.0,0.0,3822.929,2019-08-18
7,hru07,0.709,0.0,0.0,0.0,0.0,3.099,0.0,0.0,0.0,10047.336,2019-08-18
8,hru08,0.696,0.0,0.0,0.0,0.0,3.259,0.0,0.0,0.0,1818.689,2019-08-18
9,hru09,0.705,0.0,0.0,0.0,0.0,2.818,0.0,0.0,0.0,8217.663,2019-08-18
10,hru10,0.705,0.0,0.0,0.0,0.0,2.818,0.0,0.0,0.0,8208.708,2019-08-18
11,hru11,0.709,0.0,0.0,0.0,0.0,3.131,0.0,0.0,0.0,4218.069,2019-08-18
12,hru12,0.708,0.0,0.0,0.0,0.0,3.316,0.0,0.0,0.0,9869.617,2019-08-18
13,hru13,0.71,0.0,0.0,0.0,0.0,2.995,0.0,0.0,0.0,26060.459,2019-08-18
14,hru14,0.708,0.0,0.0,0.0,0.0,3.316,0.0,0.0,0.0,9872.42,2019-08-18
15,hru15,0.713,0.0,0.0,0.0,0.0,3.432,0.0,0.0,0.0,25863.893,2019-08-18
16,hru16,0.707,0.0,0.0,0.0,0.0,3.495,0.0,0.0,0.0,16490.029,2019-08-18
17,hru17,0.712,0.0,0.0,0.0,0.0,2.763,0.0,0.0,0.0,21818.412,2019-08-18
18,hru18,0.713,0.0,0.0,0.0,0.0,3.362,0.0,0.0,0.0,15952.598,2019-08-18
19,hru19,0.717,0.0,0.0,0.0,0.0,3.021,0.0,0.0,0.0,23862.459,2019-08-18
20,hru20,0.714,0.0,0.0,0.0,0.0,3.007,0.0,0.0,0.0,25653.572,2019-08-18
21,hru21,0.713,0.0,0.0,0.0,0.0,3.439,0.0,0.0,0.0,20945.648,2019-08-18
22,hru22,0.713,0.0,0.0,0.0,0.0,3.362,0.0,0.0,0.0,15973.685,2019-08-18
23,hru23,0.713,0.0,0.0,0.0,0.0,3.335,0.0,0.0,0.0,20813.594,2019-08-18
24,hru24,0.714,0.0,0.0,0.0,0.0,3.323,0.0,0.0,0.0,25593.201,2019-08-18
25,hru25,0.714,0.0,0.0,0.0,0.0,0.054,0.0,0.0,0.0,12785.738,2019-08-18
26,hru26,0.714,0.0,0.0,0.0,0.0,2.7,0.0,0.0,0.0,26004.395,2019-08-18
27,hru27,0.708,0.0,0.0,0.0,0.0,3.211,0.0,0.0,0.0,26060.83,2019-08-18
28,hru28,0.709,0.329,0.0,0.0,0.895,1.009,0.0,0.0,0.0,728.325,2019-08-18
29,hru29,0.708,0.0,0.0,0.0,0.0,3.303,0.0,0.0,0.0,4638.155,2019-08-18
30,hru30,0.707,0.0,0.0,0.0,0.0,3.399,0.0,0.0,0.0,4164.814,2019-08-18
31,hru31,0.703,0.0,0.0,0.0,0.0,2.857,0.0,0.0,0.0,1247.997,2019-08-18
32,hru32,0.71,0.0,0.0,0.0,0.0,2.995,0.0,0.0,0.0,8624.514,2019-08-18
33,hru33,0.707,0.0,0.0,0.0,0.0,3.423,0.0,0.0,0.0,3093.512,2019-08-18
34,hru34,0.707,0.0,0.0,0.0,0.0,3.423,0.0,0.0,0.0,3118.492,2019-08-18
35,hru35,0.703,0.0,0.0,0.0,0.0,2.73,0.0,0.0,0.0,1692.556,2019-08-18
36,hru36,0.707,0.0,0.0,0.0,0.0,3.423,0.0,0.0,0.0,3085.788,2019-08-18
1,hru01,0.708,0.0,0.0,0.0,0.0,2.857,0.0,0.0,0.0,1244.281,2019-08-19
2,hru02,0.712,0.0,0.0,0.0,0.0,3.431,0.0,0.0,0.0,20058.041,2019-08-19
3,hru03,0.702,0.0,0.0,0.0,0.0,0.093,0.0,0.0,0.0,599.427,2019-08-19
4,hru04,0.706,0.0,0.0,0.0,0.0,0.027,0.0,0.0,0.0,563.623,2019-08-19
5,hru05,0.71,0.0,0.0,0.0,0.0,3.41,0.0,0.0,0.0,3826.515,2019-08-19
6,hru06,0.71,0.0,0.0,0.0,0.0,3.41,0.0,0.0,0.0,3822.929,2019-08-19
7,hru07,0.715,0.0,0.0,0.0,0.0,3.099,0.0,0.0,0.0,10047.336,2019-08-19
8,hru08,0.702,0.0,0.0,0.0,0.0,3.259,0.0,0.0,0.0,1818.689,2019-08-19
9,hru09,0.711,0.0,0.0,0.0,0.0,2.818,0.0,0.0,0.0,8217.663,2019-08-19
10,hru10,0.711,0.0,0.0,0.0,0.0,2.818,0.0,0.0,0.0,8208.708,2019-08-19
11,hru11,0.715,0.0,0.0,0.0,0.0,3.131,0.0,0.0,0.0,4218.069,2019-08-19
12,hru12,0.714,0.0,0.0,0.0,0.0,3.316,0.0,0.0,0.0,9869.617,2019-08-19
13,hru13,0.716,0.0,0.0,0.0,0.0,2.995,0.0,0.0,0.0,26060.459,2019-08-19
14,hru14,0.714,0.0,0.0,0.0,0.0,3.316,0.0,0.0,0.0,9872.42,2019-08-19
15,hru15,0.719,0.0,0.0,0.0,0.0,3.432,0.0,0.0,0.0,25863.893,2019-08-19
16,hru16,0.713,0.0,0.0,0.0,0.0,3.495,0.0,0.0,0.0,16490.029,2019-08-19
17,hru17,0.718,0.0,0.0,0.0,0.0,2.763,0.0,0.0,0.0,21818.412,2019-08-19
18,hru18,0.719,0.0,0.0,0.0,0.0,3.362,0.0,0.0,0.0,15952.598,2019-08-19
19,hru19,0.723,0.0,0.0,0.0,0.0,3.021,0.0,0.0,0.0,23862.459,2019-08-19
20,hru20,0.72,0.0,0.0,0.0,0.0,3.007,0.0,0.0,0.0,25653.572,2019-08-19
21,hru21,0.719,0.0,0.0,0.0,0.0,3.439,0.0,0.0,0.0,20945.648,2019-08-19
22,hru22,0.719,0.0,0.0,0.0,0.0,3.362,0.0,0.0,0.0,15973.685,2019-08-19
23,hru23,0.719,0.0,0.0,0.0,0.0,3.335,0.0,0.0,0.0,20813.594,2019-08-19
24,hru24,0.719,0.0,0.0,0.0,0.0,3.323,0.0,0.0,0.0,25593.201,2019-08-19
25,hru25,0.72,0.0,5184.533,0.0,0.0,0.0,0.0,0.0,0.0,0.0,2019-08-19
26,hru26,0.72,0.0,0.0,0.0,0.0,2.7,0.0,0.0,0.0,26004.395,2019-08-19
27,hru27,0.714,0.0,0.0,0.0,0.0,3.211,0.0,0.0,0.0,26060.83,2019-08-19
28,hru28,0.715,0.284,0.0,0.0,0.954,0.926,0.0,0.0,0.0,747.47,2019-08-19
29,hru29,0.714,0.0,0.0,0.0,0.0,3.303,0.0,0.0,0.0,4638.155,2019-08-19
30,hru30,0.713,0.0,0.0,0.0,0.0,3.399,0.0,0.0,0.0,4164.814,2019-08-19
31,hru31,0.708,0.0,0.0,0.0,0.0,2.857,0.0,0.0,0.0,1247.997,2019-08-19
32,hru32,0.716,0.0,0.0,0.0,0.0,2.995,0.0,0.0,0.0,8624.514,2019-08-19
33,hru33,0.713,0.0,0.0,0.0,0.0,3.423,0.0,0.0,0.0,3093.512,2019-08-19
34,hru34,0.713,0.0,0.0,0.0,0.0,3.423,0.0,0.0,0.0,3118.492,2019-08-19
35,hru35,0.708,0.0,0.0,0.0,0.0,2.73,0.0,0.0,0.0,1692.556,2019-08-19
36,hru36,0.713,0.0,0.0,0.0,0.0,3.423,0.0,0.0,0.0,3085.788,2019-08-19
1,hru01,0.715,0.0,0.0,0.0,0.0,2.857,0.0,0.0,0.0,1244.281,2019-08-20
2,hru02,0.719,0.0,0.0,0.0,0.0,3.431,0.0,0.0,0.0,20058.041,2019-08-20
3,hru03,0.709,0.0,0.0,0.0,0.0,0.093,0.0,0.0,0.0,599.427,2019-08-20
4,hru04,0.713,0.0,0.0,0.0,0.0,0.027,0.0,0.0,0.0,563.623,2019-08-20
5,hru05,0.717,0.0,0.0,0.0,0.0,3.41,0.0,0.0,0.0,3826.515,2019-08-20
6,hru06,0.717,0.0,0.0,0.0,0.0,3.41,0.0,0.0,0.0,3822.929,2019-08-20
7,hru07,0.722,0.0,0.0,0.0,0.0,3.099,0.0,0.0,0.0,10047.336,2019-08-20
8,hru08,0.709,0.0,0.0,0.0,0.0,3.259,0.0,0.0,0.0,1818.689,2019-08-20
9,hru09,0.718,0.0,0.0,0.0,0.0,2.818,0.0,0.0,0.0,8217.663,2019-08-20
10,hru10,0.718,0.0,0.0,0.0,0.0,2.818,0.0,0.0,0.0,8208.708,2019-08-20
11,hru11,0.722,0.0,0.0,0.0,0.0,3.131,0.0,0.0,0.0,4218.069,2019-08-20
12,hru12,0.721,0.0,0.0,0.0,0.0,3.316,0.0,0.0,0.0,9869.617,2019-08-20
13,hru13,0.723,0.0,0.0,0.0,0.0,2.995,0.0,0.0,0.0,26060.459,2019-08-20
14,hru14,0.721,0.0,0.0,0.0,0.0,3.316,0.0,0.0,0.0,9872.42,2019-08-20
15,hru15,0.726,0.0,0.0,0.0,0.0,3.432,0.0,0.0,0.0,25863.893,2019-08-20
16,hru16,0.72,0.0,0.0,0.0,0.0,3.495,0.0,0.0,0.0,16490.029,2019-08-20
17,hru17,0.725,0.0,0.0,0.0,0.0,2.763,0.0,0.0,0.0,21818.412,2019-08-20
18,hru18,0.726,0.0,0.0,0.0,0.0,3.362,0.0,0.0,0.0,15952.598,2019-08-20
19,hru19,0.73,0.0,0.0,0.0,0.0,3.021,0.0,0.0,0.0,23862.459,2019-08-20
20,hru20,0.727,0.0,0.0,0.0,0.0,3.007,0.0,0.0,0.0,25653.572,2019-08-20
21,hru21,0.726,0.0,0.0,0.0,0.0,3.439,0.0,0.0,0.0,20945.648,2019-08-20
22,hru22,0.726,0.0,0.0,0.0,0.0,3.362,0.0,0.0,0.0,15973.685,2019-08-20
23,hru23,0.726,0.0,0.0,0.0,0.0,3.335,0.0,0.0,0.0,20813.594,2019-08-20
24,hru24,0.726,0.0,0.0,0.0,0.0,3.323,0.0,0.0,0.0,25593.201,2019-08-20
25,hru25,0.727,0.0,0.0,0.0,0.0,0.0,0.0,0.0,0.0,0.0,2019-08-20
26,hru26,0.727,0.0,0.0,0.0,0.0,2.7,0.0,0.0,0.0,26004.395,2019-08-20
27,hru27,0.721,0.0,0.0,0.0,0.0,3.211,0.0,0.0,0.0,26060.83,2019-08-20
28,hru28,0.722,0.121,0.0,0.0,0.951,0.836,0.0,0.0,0.0,755.689,2019-08-20
29,hru29,0.721,0.0,0.0,0.0,0.0,3.303,0.0,0.0,0.0,4638.155,2019-08-20
30,hru30,0.72,0.0,0.0,0.0,0.0,3.399,0.0,0.0,0.0,4164.814,2019-08-20
31,hru31,0.715,0.0,0.0,0.0,0.0,2.857,0.0,0.0,0.0,1247.997,2019-08-20
32,hru32,0.723,0.0,0.0,0.0,0.0,2.995,0.0,0.0,0.0,8624.514,2019-08-20
33,hru33,0.719,0.0,0.0,0.0,0.0,3.423,0.0,0.0,0.0,3093.512,2019-08-20
34,hru34,0.719,0.0,0.0,0.0,0.0,3.423,0.0,0.0,0.0,3118.492,2019-08-20
35,hru35,0.715,0.0,0.0,0.0,0.0,2.73,0.0,0.0,0.0,1692.556,2019-08-20
36,hru36,0.719,0.0,0.0,0.0,0.0,3.423,0.0,0.0,0.0,3085.788,2019-08-20
1,hru01,0.72,0.0,0.0,0.0,0.0,2.857,0.0,0.0,0.0,1244.281,2019-08-21
2,hru02,0.724,0.0,0.0,0.0,0.0,3.431,0.0,0.0,0.0,20058.041,2019-08-21
3,hru03,0.714,0.0,0.0,0.0,0.0,0.093,0.0,0.0,0.0,599.427,2019-08-21
4,hru04,0.717,0.0,0.0,0.0,0.0,0.027,0.0,0.0,0.0,563.623,2019-08-21
5,hru05,0.722,0.0,0.0,0.0,0.0,3.41,0.0,0.0,0.0,3826.515,2019-08-21
6,hru06,0.722,0.0,0.0,0.0,0.0,3.41,0.0,0.0,0.0,3822.929,2019-08-21
7,hru07,0.727,0.0,0.0,0.0,0.0,3.099,0.0,0.0,0.0,10047.336,2019-08-21
8,hru08,0.714,0.0,0.0,0.0,0.0,3.259,0.0,0.0,0.0,1818.689,2019-08-21
9,hru09,0.723,0.0,0.0,0.0,0.0,2.818,0.0,0.0,0.0,8217.663,2019-08-21
10,hru10,0.723,0.0,0.0,0.0,0.0,2.818,0.0,0.0,0.0,8208.708,2019-08-21
11,hru11,0.727,0.0,0.0,0.0,0.0,3.131,0.0,0.0,0.0,4218.069,2019-08-21
12,hru12,0.726,0.0,0.0,0.0,0.0,3.316,0.0,0.0,0.0,9869.617,2019-08-21
13,hru13,0.728,0.0,0.0,0.0,0.0,2.995,0.0,0.0,0.0,26060.459,2019-08-21
14,hru14,0.726,0.0,0.0,0.0,0.0,3.316,0.0,0.0,0.0,9872.42,2019-08-21
15,hru15,0.731,0.0,0.0,0.0,0.0,3.432,0.0,0.0,0.0,25863.893,2019-08-21
16,hru16,0.725,0.0,0.0,0.0,0.0,3.495,0.0,0.0,0.0,16490.029,2019-08-21
17,hru17,0.729,0.0,0.0,0.0,0.0,2.763,0.0,0.0,0.0,21818.412,2019-08-21
18,hru18,0.731,0.0,0.0,0.0,0.0,3.362,0.0,0.0,0.0,15952.598,2019-08-21
19,hru19,0.735,0.0,0.0,0.0,0.0,3.021,0.0,0.0,0.0,23862.459,2019-08-21
20,hru20,0.732,0.0,0.0,0.0,0.0,3.007,0.0,0.0,0.0,25653.572,2019-08-21
21,hru21,0.731,0.0,0.0,0.0,0.0,3.439,0.0,0.0,0.0,20945.648,2019-08-21
22,hru22,0.731,0.0,0.0,0.0,0.0,3.362,0.0,0.0,0.0,15973.685,2019-08-21
23,hru23,0.731,0.0,0.0,0.0,0.0,3.335,0.0,0.0,0.0,20813.594,2019-08-21
24,hru24,0.731,0.0,0.0,0.0,0.0,3.323,0.0,0.0,0.0,25593.201,2019-08-21
25,hru25,0.732,0.0,0.0,0.0,0.0,0.0,0.0,0.0,0.0,0.0,2019-08-21
26,hru26,0.732,0.0,0.0,0.0,0.0,2.7,0.0,0.0,0.0,26004.395,2019-08-21
27,hru27,0.726,0.0,0.0,0.0,0.0,3.211,0.0,0.0,0.0,26060.83,2019-08-21
28,hru28,0.727,0.513,0.0,0.0,0.948,0.715,0.0,0.0,0.0,763.201,2019-08-21
29,hru29,0.726,0.0,0.0,0.0,0.0,3.303,0.0,0.0,0.0,4638.155,2019-08-21
30,hru30,0.725,0.0,0.0,0.0,0.0,3.399,0.0,0.0,0.0,4164.814,2019-08-21
31,hru31,0.72,0.0,0.0,0.0,0.0,2.857,0.0,0.0,0.0,1247.997,2019-08-21
32,hru32,0.728,0.0,0.0,0.0,0.0,2.995,0.0,0.0,0.0,8624.514,2019-08-21
33,hru33,0.724,0.0,0.0,0.0,0.0,3.423,0.0,0.0,0.0,3093.512,2019-08-21
34,hru34,0.724,0.0,0.0,0.0,0.0,3.423,0.0,0.0,0.0,3118.492,2019-08-21
35,hru35,0.72,0.0,0.0,0.0,0.0,2.73,0.0,0.0,0.0,1692.556,2019-08-21
36,hru36,0.724,0.0,0.0,0.0,0.0,3.423,0.0,0.0,0.0,3085.788,2019-08-21
1,hru01,0.725,0.0,0.0,0.0,0.0,2.857,0.0,0.0,0.0,1244.281,2019-08-22
2,hru02,0.729,0.0,0.0,0.0,0.0,3.431,0.0,0.0,0.0,20058.041,2019-08-22
3,hru03,0.719,0.0,0.0,0.0,0.0,0.093,0.0,0.0,0.0,599.427,2019-08-22
4,hru04,0.722,0.0,0.0,0.0,0.0,0.027,0.0,0.0,0.0,563.623,2019-08-22
5,hru05,0.727,0.0,0.0,0.0,0.0,3.41,0.0,0.0,0.0,3826.515,2019-08-22
6,hru06,0.727,0.0,0.0,0.0,0.0,3.41,0.0,0.0,0.0,3822.929,2019-08-22
7,hru07,0.732,0.0,0.0,0.0,0.0,3.099,0.0,0.0,0.0,10047.336,2019-08-22
8,hru08,0.719,0.0,0.0,0.0,0.0,3.259,0.0,0.0,0.0,1818.689,2019-08-22
9,hru09,0.728,0.0,0.0,0.0,0.0,2.818,0.0,0.0,0.0,8217.663,2019-08-22
10,hru10,0.728,0.0,0.0,0.0,0.0,2.818,0.0,0.0,0.0,8208.708,2019-08-22
11,hru11,0.732,0.0,0.0,0.0,0.0,3.131,0.0,0.0,0.0,4218.069,2019-08-22
12,hru12,0.731,0.0,0.0,0.0,0.0,3.316,0.0,0.0,0.0,9869.617,2019-08-22
13,hru13,0.733,0.0,0.0,0.0,0.0,2.995,0.0,0.0,0.0,26060.459,2019-08-22
14,hru14,0.731,0.0,0.0,0.0,0.0,3.316,0.0,0.0,0.0,9872.42,2019-08-22
15,hru15,0.736,0.0,0.0,0.0,0.0,3.432,0.0,0.0,0.0,25863.893,2019-08-22
16,hru16,0.73,0.0,0.0,0.0,0.0,3.495,0.0,0.0,0.0,16490.029,2019-08-22
17,hru17,0.735,0.0,0.0,0.0,0.0,2.763,0.0,0.0,0.0,21818.412,2019-08-22
18,hru18,0.736,0.0,0.0,0.0,0.0,3.362,0.0,0.0,0.0,15952.598,2019-08-22
19,hru19,0.74,0.0,0.0,0.0,0.0,3.021,0.0,0.0,0.0,23862.459,2019-08-22
20,hru20,0.737,0.0,0.0,0.0,0.0,3.007,0.0,0.0,0.0,25653.572,2019-08-22
21,hru21,0.736,0.0,0.0,0.0,0.0,3.439,0.0,0.0,0.0,20945.648,2019-08-22
22,hru22,0.736,0.0,0.0,0.0,0.0,3.362,0.0,0.0,0.0,15973.685,2019-08-22
23,hru23,0.736,0.0,0.0,0.0,0.0,3.335,0.0,0.0,0.0,20813.594,2019-08-22
24,hru24,0.736,0.0,0.0,0.0,0.0,3.323,0.0,0.0,0.0,25593.201,2019-08-22
25,hru25,0.737,0.0,0.0,0.0,0.0,0.0,0.0,0.0,0.0,0.0,2019-08-22
26,hru26,0.737,0.0,0.0,0.0,0.0,2.7,0.0,0.0,0.0,26004.395,2019-08-22
27,hru27,0.731,0.0,0.0,0.0,0.0,3.211,0.0,0.0,0.0,26060.83,2019-08-22
28,hru28,0.732,0.436,0.0,0.0,0.944,0.657,0.0,0.0,0.0,768.129,2019-08-22
29,hru29,0.731,0.0,0.0,0.0,0.0,3.303,0.0,0.0,0.0,4638.155,2019-08-22
30,hru30,0.73,0.0,0.0,0.0,0.0,3.399,0.0,0.0,0.0,4164.814,2019-08-22
31,hru31,0.725,0.0,0.0,0.0,0.0,2.857,0.0,0.0,0.0,1247.997,2019-08-22
32,hru32,0.733,0.0,0.0,0.0,0.0,2.995,0.0,0.0,0.0,8624.514,2019-08-22
33,hru33,0.729,0.0,0.0,0.0,0.0,3.423,0.0,0.0,0.0,3093.512,2019-08-22
34,hru34,0.729,0.0,0.0,0.0,0.0,3.423,0.0,0.0,0.0,3118.492,2019-08-22
35,hru35,0.725,0.0,0.0,0.0,0.0,2.73,0.0,0.0,0.0,1692.556,2019-08-22
36,hru36,0.729,0.0,0.0,0.0,0.0,3.423,0.0,0.0,0.0,3085.788,2019-08-22
1,hru01,0.73,0.0,0.0,0.0,0.0,2.857,0.0,0.0,0.0,1244.281,2019-08-23
2,hru02,0.734,0.0,0.0,0.0,0.0,3.431,0.0,0.0,0.0,20058.041,2019-08-23
3,hru03,0.724,0.0,0.0,0.0,0.0,0.093,0.0,0.0,0.0,599.427,2019-08-23
4,hru04,0.728,0.0,0.0,0.0,0.0,0.027,0.0,0.0,0.0,563.623,2019-08-23
5,hru05,0.732,0.0,0.0,0.0,0.0,3.41,0.0,0.0,0.0,3826.515,2019-08-23
6,hru06,0.732,0.0,0.0,0.0,0.0,3.41,0.0,0.0,0.0,3822.929,2019-08-23
7,hru07,0.737,0.0,0.0,0.0,0.0,3.099,0.0,0.0,0.0,10047.336,2019-08-23
8,hru08,0.724,0.0,0.0,0.0,0.0,3.259,0.0,0.0,0.0,1818.689,2019-08-23
9,hru09,0.733,0.0,0.0,0.0,0.0,2.818,0.0,0.0,0.0,8217.663,2019-08-23
10,hru10,0.733,0.0,0.0,0.0,0.0,2.818,0.0,0.0,0.0,8208.708,2019-08-23
11,hru11,0.737,0.0,0.0,0.0,0.0,3.131,0.0,0.0,0.0,4218.069,2019-08-23
12,hru12,0.736,0.0,0.0,0.0,0.0,3.316,0.0,0.0,0.0,9869.617,2019-08-23
13,hru13,0.739,0.0,0.0,0.0,0.0,2.995,0.0,0.0,0.0,26060.459,2019-08-23
14,hru14,0.736,0.0,0.0,0.0,0.0,3.316,0.0,0.0,0.0,9872.42,2019-08-23
15,hru15,0.741,0.0,0.0,0.0,0.0,3.432,0.0,0.0,0.0,25863.893,2019-08-23
16,hru16,0.735,0.0,0.0,0.0,0.0,3.495,0.0,0.0,0.0,16490.029,2019-08-23
17,hru17,0.74,0.0,0.0,0.0,0.0,2.763,0.0,0.0,0.0,21818.412,2019-08-23
18,hru18,0.742,0.0,0.0,0.0,0.0,3.362,0.0,0.0,0.0,15952.598,2019-08-23
19,hru19,0.745,0.0,0.0,0.0,0.0,3.021,0.0,0.0,0.0,23862.459,2019-08-23
20,hru20,0.743,0.0,0.0,0.0,0.0,3.007,0.0,0.0,0.0,25653.572,2019-08-23
21,hru21,0.741,0.0,0.0,0.0,0.0,3.439,0.0,0.0,0.0,20945.648,2019-08-23
22,hru22,0.742,0.0,0.0,0.0,0.0,3.362,0.0,0.0,0.0,15973.685,2019-08-23
23,hru23,0.742,0.0,0.0,0.0,0.0,3.335,0.0,0.0,0.0,20813.594,2019-08-23
24,hru24,0.742,0.0,0.0,0.0,0.0,3.323,0.0,0.0,0.0,25593.201,2019-08-23
25,hru25,0.743,0.0,0.0,0.0,0.0,0.0,0.0,0.0,0.0,0.0,2019-08-23
26,hru26,0.743,0.0,0.0,0.0,0.0,2.7,0.0,0.0,0.0,26004.395,2019-08-23
27,hru27,0.736,0.0,0.0,0.0,0.0,3.211,0.0,0.0,0.0,26060.83,2019-08-23
28,hru28,0.737,0.392,0.0,0.0,0.94,0.59,0.0,0.0,0.0,775.895,2019-08-23
29,hru29,0.736,0.0,0.0,0.0,0.0,3.303,0.0,0.0,0.0,4638.155,2019-08-23
30,hru30,0.735,0.0,0.0,0.0,0.0,3.399,0.0,0.0,0.0,4164.814,2019-08-23
31,hru31,0.73,0.0,0.0,0.0,0.0,2.857,0.0,0.0,0.0,1247.997,2019-08-23
32,hru32,0.739,0.0,0.0,0.0,0.0,2.995,0.0,0.0,0.0,8624.514,2019-08-23
33,hru33,0.735,0.0,0.0,0.0,0.0,3.423,0.0,0.0,0.0,3093.512,2019-08-23
34,hru34,0.735,0.0,0.0,0.0,0.0,3.423,0.0,0.0,0.0,3118.492,2019-08-23
35,hru35,0.73,0.0,0.0,0.0,0.0,2.73,0.0,0.0,0.0,1692.556,2019-08-23
36,hru36,0.735,0.0,0.0,0.0,0.0,3.423,0.0,0.0,0.0,3085.788,2019-08-23
1,hru01,0.735,0.0,0.0,0.0,0.0,2.857,0.0,0.0,0.0,1244.281,2019-08-24
2,hru02,0.739,0.0,0.0,0.0,0.0,3.431,0.0,0.0,0.0,20058.041,2019-08-24
3,hru03,0.729,0.0,0.0,0.0,0.0,0.093,0.0,0.0,0.0,599.427,2019-08-24
4,hru04,0.733,0.0,228.524,0.0,0.0,0.0,0.0,0.0,0.0,0.0,2019-08-24
5,hru05,0.737,0.0,0.0,0.0,0.0,3.41,0.0,0.0,0.0,3826.515,2019-08-24
6,hru06,0.737,0.0,0.0,0.0,0.0,3.41,0.0,0.0,0.0,3822.929,2019-08-24
7,hru07,0.742,0.0,0.0,0.0,0.0,3.099,0.0,0.0,0.0,10047.336,2019-08-24
8,hru08,0.729,0.0,0.0,0.0,0.0,3.259,0.0,0.0,0.0,1818.689,2019-08-24
9,hru09,0.738,0.0,0.0,0.0,0.0,2.818,0.0,0.0,0.0,8217.663,2019-08-24
10,hru10,0.738,0.0,0.0,0.0,0.0,2.818,0.0,0.0,0.0,8208.708,2019-08-24
11,hru11,0.742,0.0,0.0,0.0,0.0,3.131,0.0,0.0,0.0,4218.069,2019-08-24
12,hru12,0.741,0.0,0.0,0.0,0.0,3.316,0.0,0.0,0.0,9869.617,2019-08-24
13,hru13,0.744,0.0,0.0,0.0,0.0,2.995,0.0,0.0,0.0,26060.459,2019-08-24
14,hru14,0.741,0.0,0.0,0.0,0.0,3.316,0.0,0.0,0.0,9872.42,2019-08-24
15,hru15,0.746,0.0,0.0,0.0,0.0,3.432,0.0,0.0,0.0,25863.893,2019-08-24
16,hru16,0.74,0.0,0.0,0.0,0.0,3.495,0.0,0.0,0.0,16490.029,2019-08-24
17,hru17,0.745,0.0,0.0,0.0,0.0,2.763,0.0,0.0,0.0,21818.412,2019-08-24
18,hru18,0.747,0.0,0.0,0.0,0.0,3.362,0.0,0.0,0.0,15952.598,2019-08-24
19,hru19,0.75,0.0,0.0,0.0,0.0,3.021,0.0,0.0,0.0,23862.459,2019-08-24
20,hru20,0.748,0.0,0.0,0.0,0.0,3.007,0.0,0.0,0.0,25653.572,2019-08-24
21,hru21,0.746,0.0,0.0,0.0,0.0,3.439,0.0,0.0,0.0,20945.648,2019-08-24
22,hru22,0.747,0.0,0.0,0.0,0.0,3.362,0.0,0.0,0.0,15973.685,2019-08-24
23,hru23,0.747,0.0,0.0,0.0,0.0,3.335,0.0,0.0,0.0,20813.594,2019-08-24
24,hru24,0.747,0.0,0.0,0.0,0.0,3.323,0.0,0.0,0.0,25593.201,2019-08-24
25,hru25,0.748,0.0,0.0,0.0,0.0,0.0,0.0,0.0,0.0,0.0,2019-08-24
26,hru26,0.748,0.0,0.0,0.0,0.0,2.7,0.0,0.0,0.0,26004.395,2019-08-24
27,hru27,0.741,0.0,0.0,0.0,0.0,3.211,0.0,0.0,0.0,26060.83,2019-08-24
28,hru28,0.742,0.443,0.0,0.0,0.934,0.516,0.0,0.0,0.0,783.648,2019-08-24
29,hru29,0.741,0.0,0.0,0.0,0.0,3.303,0.0,0.0,0.0,4638.155,2019-08-24
30,hru30,0.74,0.0,0.0,0.0,0.0,3.399,0.0,0.0,0.0,4164.814,2019-08-24
31,hru31,0.735,0.0,0.0,0.0,0.0,2.857,0.0,0.0,0.0,1247.997,2019-08-24
32,hru32,0.744,0.0,0.0,0.0,0.0,2.995,0.0,0.0,0.0,8624.514,2019-08-24
33,hru33,0.74,0.0,0.0,0.0,0.0,3.423,0.0,0.0,0.0,3093.512,2019-08-24
34,hru34,0.74,0.0,0.0,0.0,0.0,3.423,0.0,0.0,0.0,3118.492,2019-08-24
35,hru35,0.735,0.0,0.0,0.0,0.0,2.73,0.0,0.0,0.0,1692.556,2019-08-24
36,hru36,0.74,0.0,0.0,0.0,0.0,3.423,0.0,0.0,0.0,3085.788,2019-08-24
1,hru01,0.74,0.0,0.0,0.0,0.0,2.857,0.0,0.0,0.0,1244.281,2019-08-25
2,hru02,0.744,0.0,0.0,0.0,0.0,3.431,0.0,0.0,0.0,20058.041,2019-08-25
3,hru03,0.734,0.0,0.0,0.0,0.0,0.093,0.0,0.0,0.0,599.427,2019-08-25
4,hru04,0.738,0.0,0.0,0.0,0.0,0.0,0.0,0.0,0.0,0.0,2019-08-25
5,hru05,0.742,0.0,0.0,0.0,0.0,3.41,0.0,0.0,0.0,3826.515,2019-08-25
6,hru06,0.742,0.0,0.0,0.0,0.0,3.41,0.0,0.0,0.0,3822.929,2019-08-25
7,hru07,0.748,0.0,0.0,0.0,0.0,3.099,0.0,0.0,0.0,10047.336,2019-08-25
8,hru08,0.734,0.0,0.0,0.0,0.0,3.259,0.0,0.0,0.0,1818.689,2019-08-25
9,hru09,0.743,0.0,0.0,0.0,0.0,2.818,0.0,0.0,0.0,8217.663,2019-08-25
10,hru10,0.743,0.0,0.0,0.0,0.0,2.818,0.0,0.0,0.0,8208.708,2019-08-25
11,hru11,0.748,0.0,0.0,0.0,0.0,3.131,0.0,0.0,0.0,4218.069,2019-08-25
12,hru12,0.746,0.0,0.0,0.0,0.0,3.316,0.0,0.0,0.0,9869.617,2019-08-25
13,hru13,0.749,0.0,0.0,0.0,0.0,2.995,0.0,0.0,0.0,26060.459,2019-08-25
14,hru14,0.746,0.0,0.0,0.0,0.0,3.316,0.0,0.0,0.0,9872.42,2019-08-25
15,hru15,0.751,0.0,0.0,0.0,0.0,3.432,0.0,0.0,0.0,25863.893,2019-08-25
16,hru16,0.746,0.0,0.0,0.0,0.0,3.495,0.0,0.0,0.0,16490.029,2019-08-25
17,hru17,0.75,0.0,0.0,0.0,0.0,2.763,0.0,0.0,0.0,21818.412,2019-08-25
18,hru18,0.752,0.0,0.0,0.0,0.0,3.362,0.0,0.0,0.0,15952.598,2019-08-25
19,hru19,0.756,0.0,0.0,0.0,0.0,3.021,0.0,0.0,0.0,23862.459,2019-08-25
20,hru20,0.753,0.0,0.0,0.0,0.0,3.007,0.0,0.0,0.0,25653.572,2019-08-25
21,hru21,0.751,0.0,0.0,0.0,0.0,3.439,0.0,0.0,0.0,20945.648,2019-08-25
22,hru22,0.752,0.0,0.0,0.0,0.0,3.362,0.0,0.0,0.0,15973.685,2019-08-25
23,hru23,0.752,0.0,0.0,0.0,0.0,3.335,0.0,0.0,0.0,20813.594,2019-08-25
24,hru24,0.752,0.0,0.0,0.0,0.0,3.323,0.0,0.0,0.0,25593.201,2019-08-25
25,hru25,0.753,0.0,0.0,0.0,0.0,0.0,0.0,0.0,0.0,0.0,2019-08-25
26,hru26,0.753,0.0,0.0,0.0,0.0,2.7,0.0,0.0,0.0,26004.395,2019-08-25
27,hru27,0.746,0.0,0.0,0.0,0.0,3.211,0.0,0.0,0.0,26060.83,2019-08-25
28,hru28,0.748,0.45,0.0,0.0,0.93,0.449,0.0,0.0,0.0,790.766,2019-08-25
29,hru29,0.746,0.0,0.0,0.0,0.0,3.303,0.0,0.0,0.0,4638.155,2019-08-25
30,hru30,0.746,0.0,0.0,0.0,0.0,3.399,0.0,0.0,0.0,4164.814,2019-08-25
31,hru31,0.74,0.0,0.0,0.0,0.0,2.857,0.0,0.0,0.0,1247.997,2019-08-25
32,hru32,0.749,0.0,0.0,0.0,0.0,2.995,0.0,0.0,0.0,8624.514,2019-08-25
33,hru33,0.745,0.0,0.0,0.0,0.0,3.423,0.0,0.0,0.0,3093.512,2019-08-25
34,hru34,0.745,0.0,0.0,0.0,0.0,3.423,0.0,0.0,0.0,3118.492,2019-08-25
35,hru35,0.74,0.0,0.0,0.0,0.0,2.73,0.0,0.0,0.0,1692.556,2019-08-25
36,hru36,0.745,0.0,0.0,0.0,0.0,3.423,0.0,0.0,0.0,3085.788,2019-08-25
1,hru01,0.745,0.0,0.0,0.0,0.0,2.857,0.0,0.0,0.0,1244.281,2019-08-26
2,hru02,0.749,0.0,0.0,0.0,0.0,3.431,0.0,0.0,0.0,20058.041,2019-08-26
3,hru03,0.739,0.0,242.816,0.0,0.0,0.0,0.0,0.0,0.0,0.0,2019-08-26
4,hru04,0.743,0.0,0.0,0.0,0.0,0.0,0.0,0.0,0.0,0.0,2019-08-26
5,hru05,0.747,0.0,0.0,0.0,0.0,3.41,0.0,0.0,0.0,3826.515,2019-08-26
6,hru06,0.747,0.0,0.0,0.0,0.0,3.41,0.0,0.0,0.0,3822.929,2019-08-26
7,hru07,0.753,0.0,0.0,0.0,0.0,3.099,0.0,0.0,0.0,10047.336,2019-08-26
8,hru08,0.739,0.0,0.0,0.0,0.0,3.259,0.0,0.0,0.0,1818.689,2019-08-26
9,hru09,0.748,0.0,0.0,0.0,0.0,2.818,0.0,0.0,0.0,8217.663,2019-08-26
10,hru10,0.748,0.0,0.0,0.0,0.0,2.818,0.0,0.0,0.0,8208.708,2019-08-26
11,hru11,0.753,0.0,0.0,0.0,0.0,3.131,0.0,0.0,0.0,4218.069,2019-08-26
12,hru12,0.751,0.0,0.0,0.0,0.0,3.316,0.0,0.0,0.0,9869.617,2019-08-26
13,hru13,0.754,0.0,0.0,0.0,0.0,2.995,0.0,0.0,0.0,26060.459,2019-08-26
14,hru14,0.751,0.0,0.0,0.0,0.0,3.316,0.0,0.0,0.0,9872.42,2019-08-26
15,hru15,0.756,0.0,0.0,0.0,0.0,3.432,0.0,0.0,0.0,25863.893,2019-08-26
16,hru16,0.751,0.0,0.0,0.0,0.0,3.495,0.0,0.0,0.0,16490.029,2019-08-26
17,hru17,0.755,0.0,0.0,0.0,0.0,2.763,0.0,0.0,0.0,21818.412,2019-08-26
18,hru18,0.757,0.0,0.0,0.0,0.0,3.362,0.0,0.0,0.0,15952.598,2019-08-26
19,hru19,0.761,0.0,0.0,0.0,0.0,3.021,0.0,0.0,0.0,23862.459,2019-08-26
20,hru20,0.758,0.0,0.0,0.0,0.0,3.007,0.0,0.0,0.0,25653.572,2019-08-26
21,hru21,0.756,0.0,0.0,0.0,0.0,3.439,0.0,0.0,0.0,20945.648,2019-08-26
22,hru22,0.757,0.0,0.0,0.0,0.0,3.362,0.0,0.0,0.0,15973.685,2019-08-26
23,hru23,0.757,0.0,0.0,0.0,0.0,3.335,0.0,0.0,0.0,20813.594,2019-08-26
24,hru24,0.757,0.0,0.0,0.0,0.0,3.323,0.0,0.0,0.0,25593.201,2019-08-26
25,hru25,0.758,0.0,0.0,0.0,0.0,0.0,0.0,0.0,0.0,0.0,2019-08-26
26,hru26,0.758,0.0,0.0,0.0,0.0,2.7,0.0,0.0,0.0,26004.395,2019-08-26
27,hru27,0.751,0.0,0.0,0.0,0.0,3.211,0.0,0.0,0.0,26060.83,2019-08-26
28,hru28,0.753,0.47,0.0,0.0,0.926,0.383,0.0,0.0,0.0,796.941,2019-08-26
29,hru29,0.751,0.0,0.0,0.0,0.0,3.303,0.0,0.0,0.0,4638.155,2019-08-26
30,hru30,0.751,0.0,0.0,0.0,0.0,3.399,0.0,0.0,0.0,4164.814,2019-08-26
31,hru31,0.745,0.0,0.0,0.0,0.0,2.857,0.0,0.0,0.0,1247.997,2019-08-26
32,hru32,0.754,0.0,0.0,0.0,0.0,2.995,0.0,0.0,0.0,8624.514,2019-08-26
33,hru33,0.75,0.0,0.0,0.0,0.0,3.423,0.0,0.0,0.0,3093.512,2019-08-26
34,hru34,0.75,0.0,0.0,0.0,0.0,3.423,0.0,0.0,0.0,3118.492,2019-08-26
35,hru35,0.745,0.0,0.0,0.0,0.0,2.73,0.0,0.0,0.0,1692.556,2019-08-26
36,hru36,0.75,0.0,0.0,0.0,0.0,3.423,0.0,0.0,0.0,3085.788,2019-08-26
1,hru01,0.75,0.0,0.0,0.0,0.0,2.857,0.0,0.0,0.0,1244.281,2019-08-27
2,hru02,0.754,0.0,0.0,0.0,0.0,3.431,0.0,0.0,0.0,20058.041,2019-08-27
3,hru03,0.744,0.0,0.0,0.0,0.0,0.0,0.0,0.0,0.0,0.0,2019-08-27
4,hru04,0.748,0.0,0.0,0.0,0.0,0.0,0.0,0.0,0.0,0.0,2019-08-27
5,hru05,0.752,0.0,0.0,0.0,0.0,3.41,0.0,0.0,0.0,3826.515,2019-08-27
6,hru06,0.752,0.0,0.0,0.0,0.0,3.41,0.0,0.0,0.0,3822.929,2019-08-27
7,hru07,0.758,0.0,0.0,0.0,0.0,3.099,0.0,0.0,0.0,10047.336,2019-08-27
8,hru08,0.744,0.0,0.0,0.0,0.0,3.259,0.0,0.0,0.0,1818.689,2019-08-27
9,hru09,0.753,0.0,0.0,0.0,0.0,2.818,0.0,0.0,0.0,8217.663,2019-08-27
10,hru10,0.753,0.0,0.0,0.0,0.0,2.818,0.0,0.0,0.0,8208.708,2019-08-27
11,hru11,0.758,0.0,0.0,0.0,0.0,3.131,0.0,0.0,0.0,4218.069,2019-08-27
12,hru12,0.756,0.0,0.0,0.0,0.0,3.316,0.0,0.0,0.0,9869.617,2019-08-27
13,hru13,0.759,0.0,0.0,0.0,0.0,2.995,0.0,0.0,0.0,26060.459,2019-08-27
14,hru14,0.756,0.0,0.0,0.0,0.0,3.316,0.0,0.0,0.0,9872.42,2019-08-27
15,hru15,0.761,0.0,0.0,0.0,0.0,3.432,0.0,0.0,0.0,25863.893,2019-08-27
16,hru16,0.756,0.0,0.0,0.0,0.0,3.495,0.0,0.0,0.0,16490.029,2019-08-27
17,hru17,0.76,0.0,0.0,0.0,0.0,2.763,0.0,0.0,0.0,21818.412,2019-08-27
18,hru18,0.762,0.0,0.0,0.0,0.0,3.362,0.0,0.0,0.0,15952.598,2019-08-27
19,hru19,0.766,0.0,11614.258,0.0,0.0,0.0,0.0,0.0,0.0,0.0,2019-08-27
20,hru20,0.763,0.0,0.0,0.0,0.0,3.007,0.0,0.0,0.0,25653.572,2019-08-27
21,hru21,0.761,0.0,0.0,0.0,0.0,3.439,0.0,0.0,0.0,20945.648,2019-08-27
22,hru22,0.762,0.0,0.0,0.0,0.0,3.362,0.0,0.0,0.0,15973.685,2019-08-27
23,hru23,0.762,0.0,0.0,0.0,0.0,3.335,0.0,0.0,0.0,20813.594,2019-08-27
24,hru24,0.762,0.0,0.0,0.0,0.0,3.323,0.0,0.0,0.0,25593.201,2019-08-27
25,hru25,0.763,0.0,0.0,0.0,0.0,0.0,0.0,0.0,0.0,0.0,2019-08-27
26,hru26,0.763,0.0,12333.652,0.0,0.0,0.0,0.0,0.0,0.0,0.0,2019-08-27
27,hru27,0.756,0.0,0.0,0.0,0.0,3.211,0.0,0.0,0.0,26060.83,2019-08-27
28,hru28,0.758,0.492,0.0,0.0,0.919,0.32,0.0,0.0,0.0,801.31,2019-08-27
29,hru29,0.756,0.0,0.0,0.0,0.0,3.303,0.0,0.0,0.0,4638.155,2019-08-27
30,hru30,0.755,0.0,0.0,0.0,0.0,3.399,0.0,0.0,0.0,4164.814,2019-08-27
31,hru31,0.75,0.0,0.0,0.0,0.0,2.857,0.0,0.0,0.0,1247.997,2019-08-27
32,hru32,0.759,0.0,0.0,0.0,0.0,2.995,0.0,0.0,0.0,8624.514,2019-08-27
33,hru33,0.755,0.0,0.0,0.0,0.0,3.423,0.0,0.0,0.0,3093.512,2019-08-27
34,hru34,0.755,0.0,0.0,0.0,0.0,3.423,0.0,0.0,0.0,3118.492,2019-08-27
35,hru35,0.75,0.0,0.0,0.0,0.0,2.73,0.0,0.0,0.0,1692.556,2019-08-27
36,hru36,0.755,0.0,0.0,0.0,0.0,3.423,0.0,0.0,0.0,3085.788,2019-08-27
1,hru01,0.755,0.0,0.0,0.0,0.0,2.857,0.0,0.0,0.0,1244.281,2019-08-28
2,hru02,0.759,0.0,0.0,0.0,0.0,3.431,0.0,0.0,0.0,20058.041,2019-08-28
3,hru03,0.749,0.0,0.0,0.0,0.0,0.0,0.0,0.0,0.0,0.0,2019-08-28
4,hru04,0.753,0.0,0.0,0.0,0.0,0.0,0.0,0.0,0.0,0.0,2019-08-28
5,hru05,0.757,0.0,0.0,0.0,0.0,3.41,0.0,0.0,0.0,3826.515,2019-08-28
6,hru06,0.757,0.0,0.0,0.0,0.0,3.41,0.0,0.0,0.0,3822.929,2019-08-28
7,hru07,0.763,0.0,0.0,0.0,0.0,3.099,0.0,0.0,0.0,10047.336,2019-08-28
8,hru08,0.749,0.0,0.0,0.0,0.0,3.259,0.0,0.0,0.0,1818.689,2019-08-28
9,hru09,0.759,0.0,0.0,0.0,0.0,2.818,0.0,0.0,0.0,8217.663,2019-08-28
10,hru10,0.759,0.0,0.0,0.0,0.0,2.818,0.0,0.0,0.0,8208.708,2019-08-28
11,hru11,0.763,0.0,0.0,0.0,0.0,3.131,0.0,0.0,0.0,4218.069,2019-08-28
12,hru12,0.761,0.0,0.0,0.0,0.0,3.316,0.0,0.0,0.0,9869.617,2019-08-28
13,hru13,0.764,0.0,0.0,0.0,0.0,2.995,0.0,0.0,0.0,26060.459,2019-08-28
14,hru14,0.761,0.0,0.0,0.0,0.0,3.316,0.0,0.0,0.0,9872.42,2019-08-28
15,hru15,0.767,0.0,12156.093,0.0,0.0,0.0,0.0,0.0,0.0,0.0,2019-08-28
16,hru16,0.761,0.0,0.0,0.0,0.0,3.495,0.0,0.0,0.0,16490.029,2019-08-28
17,hru17,0.765,0.0,0.0,0.0,0.0,2.763,0.0,0.0,0.0,21818.412,2019-08-28
18,hru18,0.767,0.0,8066.34,0.0,0.0,0.0,0.0,0.0,0.0,0.0,2019-08-28
19,hru19,0.771,0.0,0.0,0.0,0.0,0.0,0.0,0.0,0.0,0.0,2019-08-28
20,hru20,0.768,0.0,11899.071,0.0,0.0,0.0,0.0,0.0,0.0,0.0,2019-08-28
21,hru21,0.767,0.0,10582.148,0.0,0.0,0.0,0.0,0.0,0.0,0.0,2019-08-28
22,hru22,0.767,0.0,8077.003,0.0,0.0,0.0,0.0,0.0,0.0,0.0,2019-08-28
23,hru23,0.767,0.0,10524.325,0.0,0.0,0.0,0.0,0.0,0.0,0.0,2019-08-28
24,hru24,0.767,0.0,11992.899,0.0,0.0,0.0,0.0,0.0,0.0,0.0,2019-08-28
25,hru25,0.768,0.0,0.0,0.0,0.0,0.0,0.0,0.0,0.0,0.0,2019-08-28
26,hru26,0.768,0.0,0.0,0.0,0.0,0.0,0.0,0.0,0.0,0.0,2019-08-28
27,hru27,0.762,0.0,0.0,0.0,0.0,3.211,0.0,0.0,0.0,26060.83,2019-08-28
28,hru28,0.763,0.47,0.0,0.0,0.912,0.26,0.0,0.0,0.0,807.744,2019-08-28
29,hru29,0.761,0.0,0.0,0.0,0.0,3.303,0.0,0.0,0.0,4638.155,2019-08-28
30,hru30,0.76,0.0,0.0,0.0,0.0,3.399,0.0,0.0,0.0,4164.814,2019-08-28
31,hru31,0.755,0.0,0.0,0.0,0.0,2.857,0.0,0.0,0.0,1247.997,2019-08-28
32,hru32,0.764,0.0,0.0,0.0,0.0,2.995,0.0,0.0,0.0,8624.514,2019-08-28
33,hru33,0.76,0.0,0.0,0.0,0.0,3.423,0.0,0.0,0.0,3093.512,2019-08-28
34,hru34,0.76,0.0,0.0,0.0,0.0,3.423,0.0,0.0,0.0,3118.492,2019-08-28
35,hru35,0.755,0.0,0.0,0.0,0.0,2.73,0.0,0.0,0.0,1692.556,2019-08-28
36,hru36,0.76,0.0,0.0,0.0,0.0,3.423,0.0,0.0,0.0,3085.788,2019-08-28
1,hru01,0.76,0.0,0.0,0.0,0.0,2.857,0.0,0.0,0.0,1244.281,2019-08-29
2,hru02,0.765,0.0,0.0,0.0,0.0,3.431,0.0,0.0,0.0,20058.041,2019-08-29
3,hru03,0.754,0.0,0.0,0.0,0.0,0.0,0.0,0.0,0.0,0.0,2019-08-29
4,hru04,0.758,0.0,0.0,0.0,0.0,0.0,0.0,0.0,0.0,0.0,2019-08-29
5,hru05,0.763,0.0,0.0,0.0,0.0,3.41,0.0,0.0,0.0,3826.515,2019-08-29
6,hru06,0.763,0.0,0.0,0.0,0.0,3.41,0.0,0.0,0.0,3822.929,2019-08-29
7,hru07,0.768,0.0,5086.546,0.0,0.0,0.0,0.0,0.0,0.0,0.0,2019-08-29
8,hru08,0.754,0.0,0.0,0.0,0.0,3.259,0.0,0.0,0.0,1818.689,2019-08-29
9,hru09,0.764,0.0,0.0,0.0,0.0,2.818,0.0,0.0,0.0,8217.663,2019-08-29
10,hru10,0.764,0.0,0.0,0.0,0.0,2.818,0.0,0.0,0.0,8208.708,2019-08-29
11,hru11,0.768,0.0,2135.175,0.0,0.0,0.0,0.0,0.0,0.0,0.0,2019-08-29
12,hru12,0.767,0.0,0.0,0.0,0.0,3.316,0.0,0.0,0.0,9869.617,2019-08-29
13,hru13,0.769,0.0,12385.762,0.0,0.0,0.0,0.0,0.0,0.0,0.0,2019-08-29
14,hru14,0.767,0.0,0.0,0.0,0.0,3.316,0.0,0.0,0.0,9872.42,2019-08-29
15,hru15,0.772,0.0,0.0,0.0,0.0,0.0,0.0,0.0,0.0,0.0,2019-08-29
16,hru16,0.766,0.0,0.0,0.0,0.0,3.495,0.0,0.0,0.0,16490.029,2019-08-29
17,hru17,0.771,0.0,11055.363,0.0,0.0,0.0,0.0,0.0,0.0,0.0,2019-08-29
18,hru18,0.773,0.0,0.0,0.0,0.0,0.0,0.0,0.0,0.0,0.0,2019-08-29
19,hru19,0.776,0.0,0.0,0.0,0.0,0.0,0.0,0.0,0.0,0.0,2019-08-29
20,hru20,0.773,0.0,0.0,0.0,0.0,0.0,0.0,0.0,0.0,0.0,2019-08-29
21,hru21,0.772,0.0,0.0,0.0,0.0,0.0,0.0,0.0,0.0,0.0,2019-08-29
22,hru22,0.773,0.0,0.0,0.0,0.0,0.0,0.0,0.0,0.0,0.0,2019-08-29
23,hru23,0.773,0.0,0.0,0.0,0.0,0.0,0.0,0.0,0.0,0.0,2019-08-29
24,hru24,0.772,0.0,0.0,0.0,0.0,0.0,0.0,0.0,0.0,0.0,2019-08-29
25,hru25,0.773,0.0,0.0,0.0,0.0,0.0,0.0,0.0,0.0,0.0,2019-08-29
26,hru26,0.773,0.0,0.0,0.0,0.0,0.0,0.0,0.0,0.0,0.0,2019-08-29
27,hru27,0.767,0.0,12431.281,0.0,0.0,0.0,0.0,0.0,0.0,0.0,2019-08-29
28,hru28,0.768,0.392,0.0,0.0,0.906,0.197,0.0,0.0,0.0,813.699,2019-08-29
29,hru29,0.767,0.0,0.0,0.0,0.0,3.303,0.0,0.0,0.0,4638.155,2019-08-29
30,hru30,0.766,0.0,0.0,0.0,0.0,3.399,0.0,0.0,0.0,4164.814,2019-08-29
31,hru31,0.76,0.0,0.0,0.0,0.0,2.857,0.0,0.0,0.0,1247.997,2019-08-29
32,hru32,0.769,0.0,4367.735,0.0,0.0,0.0,0.0,0.0,0.0,0.0,2019-08-29
33,hru33,0.765,0.0,0.0,0.0,0.0,3.423,0.0,0.0,0.0,3093.512,2019-08-29
34,hru34,0.765,0.0,0.0,0.0,0.0,3.423,0.0,0.0,0.0,3118.492,2019-08-29
35,hru35,0.76,0.0,0.0,0.0,0.0,2.73,0.0,0.0,0.0,1692.556,2019-08-29
36,hru36,0.765,0.0,0.0,0.0,0.0,3.423,0.0,0.0,0.0,3085.788,2019-08-29
1,hru01,0.765,0.0,0.0,0.0,0.0,2.857,0.0,0.0,0.0,1244.281,2019-08-30
2,hru02,0.769,0.0,10135.97,0.0,0.0,0.0,0.0,0.0,0.0,0.0,2019-08-30
3,hru03,0.759,0.0,0.0,0.0,0.0,0.0,0.0,0.0,0.0,0.0,2019-08-30
4,hru04,0.763,0.0,0.0,0.0,0.0,0.0,0.0,0.0,0.0,0.0,2019-08-30
5,hru05,0.767,0.0,0.0,0.0,0.0,3.41,0.0,0.0,0.0,3826.515,2019-08-30
6,hru06,0.767,0.0,0.0,0.0,0.0,3.41,0.0,0.0,0.0,3822.929,2019-08-30
7,hru07,0.773,0.0,0.0,0.0,0.0,0.0,0.0,0.0,0.0,0.0,2019-08-30
8,hru08,0.759,0.0,0.0,0.0,0.0,3.259,0.0,0.0,0.0,1818.689,2019-08-30
9,hru09,0.769,0.0,4162.96,0.0,0.0,0.0,0.0,0.0,0.0,0.0,2019-08-30
10,hru10,0.769,0.0,4158.423,0.0,0.0,0.0,0.0,0.0,0.0,0.0,2019-08-30
11,hru11,0.773,0.0,0.0,0.0,0.0,0.0,0.0,0.0,0.0,0.0,2019-08-30
12,hru12,0.772,0.0,4991.323,0.0,0.0,0.0,0.0,0.0,0.0,0.0,2019-08-30
13,hru13,0.774,0.0,0.0,0.0,0.0,0.0,0.0,0.0,0.0,0.0,2019-08-30
14,hru14,0.772,0.0,4992.74,0.0,0.0,0.0,0.0,0.0,0.0,0.0,2019-08-30
15,hru15,0.777,0.0,0.0,0.0,0.0,0.0,0.0,0.0,0.0,0.0,2019-08-30
16,hru16,0.771,0.0,8328.6,0.0,0.0,0.0,0.0,0.0,0.0,0.0,2019-08-30
17,hru17,0.776,0.0,0.0,0.0,0.0,0.0,0.0,0.0,0.0,0.0,2019-08-30
18,hru18,0.777,0.0,0.0,0.0,0.0,0.0,0.0,0.0,0.0,0.0,2019-08-30
19,hru19,0.781,0.0,0.0,0.0,0.0,0.0,0.0,0.0,0.0,0.0,2019-08-30
20,hru20,0.778,0.0,0.0,0.0,0.0,0.0,0.0,0.0,0.0,0.0,2019-08-30
21,hru21,0.777,0.0,0.0,0.0,0.0,0.0,0.0,0.0,0.0,0.0,2019-08-30
22,hru22,0.777,0.0,0.0,0.0,0.0,0.0,0.0,0.0,0.0,0.0,2019-08-30
23,hru23,0.777,0.0,0.0,0.0,0.0,0.0,0.0,0.0,0.0,0.0,2019-08-30
24,hru24,0.777,0.0,0.0,0.0,0.0,0.0,0.0,0.0,0.0,0.0,2019-08-30
25,hru25,0.778,0.0,0.0,0.0,0.0,0.0,0.0,0.0,0.0,0.0,2019-08-30
26,hru26,0.778,0.0,0.0,0.0,0.0,0.0,0.0,0.0,0.0,0.0,2019-08-30
27,hru27,0.772,0.0,0.0,0.0,0.0,0.0,0.0,0.0,0.0,0.0,2019-08-30
28,hru28,0.773,0.52,0.0,0.0,0.9,0.123,0.0,0.0,0.0,818.601,2019-08-30
29,hru29,0.772,0.0,2345.715,0.0,0.0,0.0,0.0,0.0,0.0,0.0,2019-08-30
30,hru30,0.771,0.0,2105.124,0.0,0.0,0.0,0.0,0.0,0.0,0.0,2019-08-30
31,hru31,0.765,0.0,0.0,0.0,0.0,2.857,0.0,0.0,0.0,1247.997,2019-08-30
32,hru32,0.774,0.0,0.0,0.0,0.0,0.0,0.0,0.0,0.0,0.0,2019-08-30
33,hru33,0.77,0.0,1563.306,0.0,0.0,0.0,0.0,0.0,0.0,0.0,2019-08-30
34,hru34,0.77,0.0,1575.93,0.0,0.0,0.0,0.0,0.0,0.0,0.0,2019-08-30
35,hru35,0.765,0.0,0.0,0.0,0.0,2.73,0.0,0.0,0.0,1692.556,2019-08-30
36,hru36,0.77,0.0,1559.403,0.0,0.0,0.0,0.0,0.0,0.0,0.0,2019-08-30
1,hru01,0.769,0.0,0.0,0.0,0.0,2.857,0.0,0.0,0.0,1244.281,2019-08-31
2,hru02,0.774,0.0,0.0,0.0,0.0,0.0,0.0,0.0,0.0,0.0,2019-08-31
3,hru03,0.763,0.0,0.0,0.0,0.0,0.0,0.0,0.0,0.0,0.0,2019-08-31
4,hru04,0.767,0.0,0.0,0.0,0.0,0.0,0.0,0.0,0.0,0.0,2019-08-31
5,hru05,0.771,0.0,1933.83,0.0,0.0,0.0,0.0,0.0,0.0,0.0,2019-08-31
6,hru06,0.771,0.0,1932.018,0.0,0.0,0.0,0.0,0.0,0.0,0.0,2019-08-31
7,hru07,0.777,0.0,0.0,0.0,0.0,0.0,0.0,0.0,0.0,0.0,2019-08-31
8,hru08,0.763,0.0,0.0,0.0,0.0,3.259,0.0,0.0,0.0,1818.689,2019-08-31
9,hru09,0.773,0.0,0.0,0.0,0.0,0.0,0.0,0.0,0.0,0.0,2019-08-31
10,hru10,0.773,0.0,0.0,0.0,0.0,0.0,0.0,0.0,0.0,0.0,2019-08-31
11,hru11,0.777,0.0,0.0,0.0,0.0,0.0,0.0,0.0,0.0,0.0,2019-08-31
12,hru12,0.776,0.0,0.0,0.0,0.0,0.0,0.0,0.0,0.0,0.0,2019-08-31
13,hru13,0.778,0.0,0.0,0.0,0.0,0.0,0.0,0.0,0.0,0.0,2019-08-31
14,hru14,0.776,0.0,0.0,0.0,0.0,0.0,0.0,0.0,0.0,0.0,2019-08-31
15,hru15,0.781,0.0,0.0,0.0,0.0,0.0,0.0,0.0,0.0,0.0,2019-08-31
16,hru16,0.775,0.0,0.0,0.0,0.0,0.0,0.0,0.0,0.0,0.0,2019-08-31
17,hru17,0.78,0.0,0.0,0.0,0.0,0.0,0.0,0.0,0.0,0.0,2019-08-31
18,hru18,0.782,0.0,0.0,0.0,0.0,0.0,0.0,0.0,0.0,0.0,2019-08-31
19,hru19,0.785,0.0,0.0,0.0,0.0,0.0,0.0,0.0,0.0,0.0,2019-08-31
20,hru20,0.783,0.0,0.0,0.0,0.0,0.0,0.0,0.0,0.0,0.0,2019-08-31
21,hru21,0.781,0.0,0.0,0.0,0.0,0.0,0.0,0.0,0.0,0.0,2019-08-31
22,hru22,0.782,0.0,0.0,0.0,0.0,0.0,0.0,0.0,0.0,0.0,2019-08-31
23,hru23,0.782,0.0,0.0,0.0,0.0,0.0,0.0,0.0,0.0,0.0,2019-08-31
24,hru24,0.781,0.0,0.0,0.0,0.0,0.0,0.0,0.0,0.0,0.0,2019-08-31
25,hru25,0.783,0.0,0.0,0.0,0.0,0.0,0.0,0.0,0.0,0.0,2019-08-31
26,hru26,0.782,0.0,0.0,0.0,0.0,0.0,0.0,0.0,0.0,0.0,2019-08-31
27,hru27,0.776,0.0,0.0,0.0,0.0,0.0,0.0,0.0,0.0,0.0,2019-08-31
28,hru28,0.777,0.703,0.0,0.0,0.897,0.067,0.0,0.0,0.0,822.43,2019-08-31
29,hru29,0.776,0.0,0.0,0.0,0.0,0.0,0.0,0.0,0.0,0.0,2019-08-31
30,hru30,0.775,0.0,0.0,0.0,0.0,0.0,0.0,0.0,0.0,0.0,2019-08-31
31,hru31,0.769,0.0,0.0,0.0,0.0,2.857,0.0,0.0,0.0,1247.997,2019-08-31
32,hru32,0.778,0.0,0.0,0.0,0.0,0.0,0.0,0.0,0.0,0.0,2019-08-31
33,hru33,0.774,0.0,0.0,0.0,0.0,0.0,0.0,0.0,0.0,0.0,2019-08-31
34,hru34,0.774,0.0,0.0,0.0,0.0,0.0,0.0,0.0,0.0,0.0,2019-08-31
35,hru35,0.769,0.0,0.0,0.0,0.0,2.73,0.0,0.0,0.0,1692.556,2019-08-31
36,hru36,0.774,0.0,0.0,0.0,0.0,0.0,0.0,0.0,0.0,0.0,2019-08-31
1,hru01,0.774,0.0,630.35,0.0,0.0,0.0,0.0,0.0,0.0,0.0,2019-09-01
2,hru02,0.779,0.0,0.0,0.0,0.0,0.0,0.0,0.0,0.0,0.0,2019-09-01
3,hru03,0.768,0.0,0.0,0.0,0.0,0.0,0.0,0.0,0.0,0.0,2019-09-01
4,hru04,0.772,0.0,0.0,0.0,0.0,0.0,0.0,0.0,0.0,0.0,2019-09-01
5,hru05,0.777,0.0,0.0,0.0,0.0,0.0,0.0,0.0,0.0,0.0,2019-09-01
6,hru06,0.777,0.0,0.0,0.0,0.0,0.0,0.0,0.0,0.0,0.0,2019-09-01
7,hru07,0.782,0.0,0.0,0.0,0.0,0.0,0.0,0.0,0.0,0.0,2019-09-01
8,hru08,0.768,0.0,0.0,0.0,0.0,3.259,0.0,0.0,0.0,1818.689,2019-09-01
9,hru09,0.778,0.0,0.0,0.0,0.0,0.0,0.0,0.0,0.0,0.0,2019-09-01
10,hru10,0.778,0.0,0.0,0.0,0.0,0.0,0.0,0.0,0.0,0.0,2019-09-01
11,hru11,0.782,0.0,0.0,0.0,0.0,0.0,0.0,0.0,0.0,0.0,2019-09-01
12,hru12,0.781,0.0,0.0,0.0,0.0,0.0,0.0,0.0,0.0,0.0,2019-09-01
13,hru13,0.784,0.0,0.0,0.0,0.0,0.0,0.0,0.0,0.0,0.0,2019-09-01
14,hru14,0.781,0.0,0.0,0.0,0.0,0.0,0.0,0.0,0.0,0.0,2019-09-01
15,hru15,0.786,0.0,0.0,0.0,0.0,0.0,0.0,0.0,0.0,0.0,2019-09-01
16,hru16,0.78,0.0,0.0,0.0,0.0,0.0,0.0,0.0,0.0,0.0,2019-09-01
17,hru17,0.785,0.0,0.0,0.0,0.0,0.0,0.0,0.0,0.0,0.0,2019-09-01
18,hru18,0.787,0.0,0.0,0.0,0.0,0.0,0.0,0.0,0.0,0.0,2019-09-01
19,hru19,0.79,0.0,0.0,0.0,0.0,0.0,0.0,0.0,0.0,0.0,2019-09-01
20,hru20,0.788,0.0,0.0,0.0,0.0,0.0,0.0,0.0,0.0,0.0,2019-09-01
21,hru21,0.786,0.0,0.0,0.0,0.0,0.0,0.0,0.0,0.0,0.0,2019-09-01
22,hru22,0.787,0.0,0.0,0.0,0.0,0.0,0.0,0.0,0.0,0.0,2019-09-01
23,hru23,0.787,0.0,0.0,0.0,0.0,0.0,0.0,0.0,0.0,0.0,2019-09-01
24,hru24,0.787,0.0,0.0,0.0,0.0,0.0,0.0,0.0,0.0,0.0,2019-09-01
25,hru25,0.788,0.0,0.0,0.0,0.0,0.0,0.0,0.0,0.0,0.0,2019-09-01
26,hru26,0.788,0.0,0.0,0.0,0.0,0.0,0.0,0.0,0.0,0.0,2019-09-01
27,hru27,0.781,0.0,0.0,0.0,0.0,0.0,0.0,0.0,0.0,0.0,2019-09-01
28,hru28,0.782,0.0,0.0,0.0,0.0,0.033,0.0,0.0,0.0,823.267,2019-09-01
29,hru29,0.781,0.0,0.0,0.0,0.0,0.0,0.0,0.0,0.0,0.0,2019-09-01
30,hru30,0.78,0.0,0.0,0.0,0.0,0.0,0.0,0.0,0.0,0.0,2019-09-01
31,hru31,0.774,0.0,632.233,0.0,0.0,0.0,0.0,0.0,0.0,0.0,2019-09-01
32,hru32,0.784,0.0,0.0,0.0,0.0,0.0,0.0,0.0,0.0,0.0,2019-09-01
33,hru33,0.779,0.0,0.0,0.0,0.0,0.0,0.0,0.0,0.0,0.0,2019-09-01
34,hru34,0.779,0.0,0.0,0.0,0.0,0.0,0.0,0.0,0.0,0.0,2019-09-01
35,hru35,0.774,0.0,857.587,0.0,0.0,0.0,0.0,0.0,0.0,0.0,2019-09-01
36,hru36,0.779,0.0,0.0,0.0,0.0,0.0,0.0,0.0,0.0,0.0,2019-09-01
1,hru01,0.781,0.0,0.0,0.0,0.0,0.0,0.0,0.0,0.0,0.0,2019-09-02
2,hru02,0.785,0.0,0.0,0.0,0.0,0.0,0.0,0.0,0.0,0.0,2019-09-02
3,hru03,0.775,0.0,0.0,0.0,0.0,0.0,0.0,0.0,0.0,0.0,2019-09-02
4,hru04,0.778,0.0,0.0,0.0,0.0,0.0,0.0,0.0,0.0,0.0,2019-09-02
5,hru05,0.783,0.0,0.0,0.0,0.0,0.0,0.0,0.0,0.0,0.0,2019-09-02
6,hru06,0.783,0.0,0.0,0.0,0.0,0.0,0.0,0.0,0.0,0.0,2019-09-02
7,hru07,0.789,0.0,0.0,0.0,0.0,0.0,0.0,0.0,0.0,0.0,2019-09-02
8,hru08,0.775,0.0,0.0,0.0,0.0,3.259,0.0,0.0,0.0,1818.689,2019-09-02
9,hru09,0.785,0.0,0.0,0.0,0.0,0.0,0.0,0.0,0.0,0.0,2019-09-02
10,hru10,0.785,0.0,0.0,0.0,0.0,0.0,0.0,0.0,0.0,0.0,2019-09-02
11,hru11,0.789,0.0,0.0,0.0,0.0,0.0,0.0,0.0,0.0,0.0,2019-09-02
12,hru12,0.787,0.0,0.0,0.0,0.0,0.0,0.0,0.0,0.0,0.0,2019-09-02
13,hru13,0.79,0.0,0.0,0.0,0.0,0.0,0.0,0.0,0.0,0.0,2019-09-02
14,hru14,0.787,0.0,0.0,0.0,0.0,0.0,0.0,0.0,0.0,0.0,2019-09-02
15,hru15,0.793,0.0,0.0,0.0,0.0,0.0,0.0,0.0,0.0,0.0,2019-09-02
16,hru16,0.787,0.0,0.0,0.0,0.0,0.0,0.0,0.0,0.0,0.0,2019-09-02
17,hru17,0.792,0.0,0.0,0.0,0.0,0.0,0.0,0.0,0.0,0.0,2019-09-02
18,hru18,0.793,0.0,0.0,0.0,0.0,0.0,0.0,0.0,0.0,0.0,2019-09-02
19,hru19,0.797,0.0,0.0,0.0,0.0,0.0,0.0,0.0,0.0,0.0,2019-09-02
20,hru20,0.794,0.0,0.0,0.0,0.0,0.0,0.0,0.0,0.0,0.0,2019-09-02
21,hru21,0.793,0.0,0.0,0.0,0.0,0.0,0.0,0.0,0.0,0.0,2019-09-02
22,hru22,0.793,0.0,0.0,0.0,0.0,0.0,0.0,0.0,0.0,0.0,2019-09-02
23,hru23,0.793,0.0,0.0,0.0,0.0,0.0,0.0,0.0,0.0,0.0,2019-09-02
24,hru24,0.793,0.0,0.0,0.0,0.0,0.0,0.0,0.0,0.0,0.0,2019-09-02
25,hru25,0.794,0.0,0.0,0.0,0.0,0.0,0.0,0.0,0.0,0.0,2019-09-02
26,hru26,0.794,0.0,0.0,0.0,0.0,0.0,0.0,0.0,0.0,0.0,2019-09-02
27,hru27,0.788,0.0,0.0,0.0,0.0,0.0,0.0,0.0,0.0,0.0,2019-09-02
28,hru28,0.789,0.0,0.0,0.0,0.0,0.033,0.0,0.0,0.0,823.267,2019-09-02
29,hru29,0.788,0.0,0.0,0.0,0.0,0.0,0.0,0.0,0.0,0.0,2019-09-02
30,hru30,0.787,0.0,0.0,0.0,0.0,0.0,0.0,0.0,0.0,0.0,2019-09-02
31,hru31,0.781,0.0,0.0,0.0,0.0,0.0,0.0,0.0,0.0,0.0,2019-09-02
32,hru32,0.79,0.0,0.0,0.0,0.0,0.0,0.0,0.0,0.0,0.0,2019-09-02
33,hru33,0.786,0.0,0.0,0.0,0.0,0.0,0.0,0.0,0.0,0.0,2019-09-02
34,hru34,0.786,0.0,0.0,0.0,0.0,0.0,0.0,0.0,0.0,0.0,2019-09-02
35,hru35,0.781,0.0,0.0,0.0,0.0,0.0,0.0,0.0,0.0,0.0,2019-09-02
36,hru36,0.786,0.0,0.0,0.0,0.0,0.0,0.0,0.0,0.0,0.0,2019-09-02
1,hru01,0.786,0.0,0.0,0.0,0.0,0.0,0.0,0.0,0.0,0.0,2019-09-03
2,hru02,0.79,0.0,0.0,0.0,0.0,0.0,0.0,0.0,0.0,0.0,2019-09-03
3,hru03,0.78,0.0,0.0,0.0,0.0,0.0,0.0,0.0,0.0,0.0,2019-09-03
4,hru04,0.784,0.0,0.0,0.0,0.0,0.0,0.0,0.0,0.0,0.0,2019-09-03
5,hru05,0.788,0.0,0.0,0.0,0.0,0.0,0.0,0.0,0.0,0.0,2019-09-03
6,hru06,0.788,0.0,0.0,0.0,0.0,0.0,0.0,0.0,0.0,0.0,2019-09-03
7,hru07,0.794,0.0,0.0,0.0,0.0,0.0,0.0,0.0,0.0,0.0,2019-09-03
8,hru08,0.78,0.0,920.217,0.0,0.0,0.0,0.0,0.0,0.0,0.0,2019-09-03
9,hru09,0.79,0.0,0.0,0.0,0.0,0.0,0.0,0.0,0.0,0.0,2019-09-03
10,hru10,0.79,0.0,0.0,0.0,0.0,0.0,0.0,0.0,0.0,0.0,2019-09-03
11,hru11,0.794,0.0,0.0,0.0,0.0,0.0,0.0,0.0,0.0,0.0,2019-09-03
12,hru12,0.793,0.0,0.0,0.0,0.0,0.0,0.0,0.0,0.0,0.0,2019-09-03
13,hru13,0.795,0.0,0.0,0.0,0.0,0.0,0.0,0.0,0.0,0.0,2019-09-03
14,hru14,0.793,0.0,0.0,0.0,0.0,0.0,0.0,0.0,0.0,0.0,2019-09-03
15,hru15,0.798,0.0,0.0,0.0,0.0,0.0,0.0,0.0,0.0,0.0,2019-09-03
16,hru16,0.792,0.0,0.0,0.0,0.0,0.0,0.0,0.0,0.0,0.0,2019-09-03
17,hru17,0.797,0.0,0.0,0.0,0.0,0.0,0.0,0.0,0.0,0.0,2019-09-03
18,hru18,0.799,0.0,0.0,0.0,0.0,0.0,0.0,0.0,0.0,0.0,2019-09-03
19,hru19,0.802,0.0,0.0,0.0,0.0,0.0,0.0,0.0,0.0,0.0,2019-09-03
20,hru20,0.799,0.0,0.0,0.0,0.0,0.0,0.0,0.0,0.0,0.0,2019-09-03
21,hru21,0.798,0.0,0.0,0.0,0.0,0.0,0.0,0.0,0.0,0.0,2019-09-03
22,hru22,0.799,0.0,0.0,0.0,0.0,0.0,0.0,0.0,0.0,0.0,2019-09-03
23,hru23,0.799,0.0,0.0,0.0,0.0,0.0,0.0,0.0,0.0,0.0,2019-09-03
24,hru24,0.798,0.0,0.0,0.0,0.0,0.0,0.0,0.0,0.0,0.0,2019-09-03
25,hru25,0.799,0.0,0.0,0.0,0.0,0.0,0.0,0.0,0.0,0.0,2019-09-03
26,hru26,0.799,0.0,0.0,0.0,0.0,0.0,0.0,0.0,0.0,0.0,2019-09-03
27,hru27,0.793,0.0,0.0,0.0,0.0,0.0,0.0,0.0,0.0,0.0,2019-09-03
28,hru28,0.794,0.0,0.0,0.0,0.0,0.033,0.0,0.0,0.0,823.267,2019-09-03
29,hru29,0.793,0.0,0.0,0.0,0.0,0.0,0.0,0.0,0.0,0.0,2019-09-03
30,hru30,0.792,0.0,0.0,0.0,0.0,0.0,0.0,0.0,0.0,0.0,2019-09-03
31,hru31,0.786,0.0,0.0,0.0,0.0,0.0,0.0,0.0,0.0,0.0,2019-09-03
32,hru32,0.795,0.0,0.0,0.0,0.0,0.0,0.0,0.0,0.0,0.0,2019-09-03
33,hru33,0.791,0.0,0.0,0.0,0.0,0.0,0.0,0.0,0.0,0.0,2019-09-03
34,hru34,0.791,0.0,0.0,0.0,0.0,0.0,0.0,0.0,0.0,0.0,2019-09-03
35,hru35,0.786,0.0,0.0,0.0,0.0,0.0,0.0,0.0,0.0,0.0,2019-09-03
36,hru36,0.791,0.0,0.0,0.0,0.0,0.0,0.0,0.0,0.0,0.0,2019-09-03
1,hru01,0.791,0.0,0.0,0.0,0.0,0.0,0.0,0.0,0.0,0.0,2019-09-04
2,hru02,0.795,0.0,0.0,0.0,0.0,0.0,0.0,0.0,0.0,0.0,2019-09-04
3,hru03,0.784,0.0,0.0,0.0,0.0,0.0,0.0,0.0,0.0,0.0,2019-09-04
4,hru04,0.788,0.0,0.0,0.0,0.0,0.0,0.0,0.0,0.0,0.0,2019-09-04
5,hru05,0.793,0.0,0.0,0.0,0.0,0.0,0.0,0.0,0.0,0.0,2019-09-04
6,hru06,0.793,0.0,0.0,0.0,0.0,0.0,0.0,0.0,0.0,0.0,2019-09-04
7,hru07,0.799,0.0,0.0,0.0,0.0,0.0,0.0,0.0,0.0,0.0,2019-09-04
8,hru08,0.784,0.0,0.0,0.0,0.0,0.0,0.0,0.0,0.0,0.0,2019-09-04
9,hru09,0.794,0.0,0.0,0.0,0.0,0.0,0.0,0.0,0.0,0.0,2019-09-04
10,hru10,0.794,0.0,0.0,0.0,0.0,0.0,0.0,0.0,0.0,0.0,2019-09-04
11,hru11,0.799,0.0,0.0,0.0,0.0,0.0,0.0,0.0,0.0,0.0,2019-09-04
12,hru12,0.797,0.0,0.0,0.0,0.0,0.0,0.0,0.0,0.0,0.0,2019-09-04
13,hru13,0.8,0.0,0.0,0.0,0.0,0.0,0.0,0.0,0.0,0.0,2019-09-04
14,hru14,0.797,0.0,0.0,0.0,0.0,0.0,0.0,0.0,0.0,0.0,2019-09-04
15,hru15,0.803,0.0,0.0,0.0,0.0,0.0,0.0,0.0,0.0,0.0,2019-09-04
16,hru16,0.797,0.0,0.0,0.0,0.0,0.0,0.0,0.0,0.0,0.0,2019-09-04
17,hru17,0.802,0.0,0.0,0.0,0.0,0.0,0.0,0.0,0.0,0.0,2019-09-04
18,hru18,0.803,0.0,0.0,0.0,0.0,0.0,0.0,0.0,0.0,0.0,2019-09-04
19,hru19,0.807,0.0,0.0,0.0,0.0,0.0,0.0,0.0,0.0,0.0,2019-09-04
20,hru20,0.804,0.0,0.0,0.0,0.0,0.0,0.0,0.0,0.0,0.0,2019-09-04
21,hru21,0.803,0.0,0.0,0.0,0.0,0.0,0.0,0.0,0.0,0.0,2019-09-04
22,hru22,0.803,0.0,0.0,0.0,0.0,0.0,0.0,0.0,0.0,0.0,2019-09-04
23,hru23,0.803,0.0,0.0,0.0,0.0,0.0,0.0,0.0,0.0,0.0,2019-09-04
24,hru24,0.803,0.0,0.0,0.0,0.0,0.0,0.0,0.0,0.0,0.0,2019-09-04
25,hru25,0.804,0.0,0.0,0.0,0.0,0.0,0.0,0.0,0.0,0.0,2019-09-04
26,hru26,0.804,0.0,0.0,0.0,0.0,0.0,0.0,0.0,0.0,0.0,2019-09-04
27,hru27,0.797,0.0,0.0,0.0,0.0,0.0,0.0,0.0,0.0,0.0,2019-09-04
28,hru28,0.799,0.0,0.0,0.0,0.0,0.033,0.0,0.0,0.0,823.267,2019-09-04
29,hru29,0.797,0.0,0.0,0.0,0.0,0.0,0.0,0.0,0.0,0.0,2019-09-04
30,hru30,0.796,0.0,0.0,0.0,0.0,0.0,0.0,0.0,0.0,0.0,2019-09-04
31,hru31,0.791,0.0,0.0,0.0,0.0,0.0,0.0,0.0,0.0,0.0,2019-09-04
32,hru32,0.8,0.0,0.0,0.0,0.0,0.0,0.0,0.0,0.0,0.0,2019-09-04
33,hru33,0.796,0.0,0.0,0.0,0.0,0.0,0.0,0.0,0.0,0.0,2019-09-04
34,hru34,0.796,0.0,0.0,0.0,0.0,0.0,0.0,0.0,0.0,0.0,2019-09-04
35,hru35,0.791,0.0,0.0,0.0,0.0,0.0,0.0,0.0,0.0,0.0,2019-09-04
36,hru36,0.796,0.0,0.0,0.0,0.0,0.0,0.0,0.0,0.0,0.0,2019-09-04
1,hru01,0.797,0.0,0.0,0.0,0.0,0.0,0.0,0.0,0.0,0.0,2019-09-05
2,hru02,0.801,0.0,0.0,0.0,0.0,0.0,0.0,0.0,0.0,0.0,2019-09-05
3,hru03,0.79,0.0,0.0,0.0,0.0,0.0,0.0,0.0,0.0,0.0,2019-09-05
4,hru04,0.794,0.0,0.0,0.0,0.0,0.0,0.0,0.0,0.0,0.0,2019-09-05
5,hru05,0.799,0.0,0.0,0.0,0.0,0.0,0.0,0.0,0.0,0.0,2019-09-05
6,hru06,0.799,0.0,0.0,0.0,0.0,0.0,0.0,0.0,0.0,0.0,2019-09-05
7,hru07,0.804,0.0,0.0,0.0,0.0,0.0,0.0,0.0,0.0,0.0,2019-09-05
8,hru08,0.79,0.0,0.0,0.0,0.0,0.0,0.0,0.0,0.0,0.0,2019-09-05
9,hru09,0.8,0.0,0.0,0.0,0.0,0.0,0.0,0.0,0.0,0.0,2019-09-05
10,hru10,0.8,0.0,0.0,0.0,0.0,0.0,0.0,0.0,0.0,0.0,2019-09-05
11,hru11,0.804,0.0,0.0,0.0,0.0,0.0,0.0,0.0,0.0,0.0,2019-09-05
12,hru12,0.803,0.0,0.0,0.0,0.0,0.0,0.0,0.0,0.0,0.0,2019-09-05
13,hru13,0.806,0.0,0.0,0.0,0.0,0.0,0.0,0.0,0.0,0.0,2019-09-05
14,hru14,0.803,0.0,0.0,0.0,0.0,0.0,0.0,0.0,0.0,0.0,2019-09-05
15,hru15,0.809,0.0,0.0,0.0,0.0,0.0,0.0,0.0,0.0,0.0,2019-09-05
16,hru16,0.803,0.0,0.0,0.0,0.0,0.0,0.0,0.0,0.0,0.0,2019-09-05
17,hru17,0.808,0.0,0.0,0.0,0.0,0.0,0.0,0.0,0.0,0.0,2019-09-05
18,hru18,0.809,0.0,0.0,0.0,0.0,0.0,0.0,0.0,0.0,0.0,2019-09-05
19,hru19,0.813,0.0,0.0,0.0,0.0,0.0,0.0,0.0,0.0,0.0,2019-09-05
20,hru20,0.81,0.0,0.0,0.0,0.0,0.0,0.0,0.0,0.0,0.0,2019-09-05
21,hru21,0.809,0.0,0.0,0.0,0.0,0.0,0.0,0.0,0.0,0.0,2019-09-05
22,hru22,0.809,0.0,0.0,0.0,0.0,0.0,0.0,0.0,0.0,0.0,2019-09-05
23,hru23,0.809,0.0,0.0,0.0,0.0,0.0,0.0,0.0,0.0,0.0,2019-09-05
24,hru24,0.809,0.0,0.0,0.0,0.0,0.0,0.0,0.0,0.0,0.0,2019-09-05
25,hru25,0.81,0.0,0.0,0.0,0.0,0.0,0.0,0.0,0.0,0.0,2019-09-05
26,hru26,0.81,0.0,0.0,0.0,0.0,0.0,0.0,0.0,0.0,0.0,2019-09-05
27,hru27,0.803,0.0,0.0,0.0,0.0,0.0,0.0,0.0,0.0,0.0,2019-09-05
28,hru28,0.804,0.0,0.0,0.0,0.0,0.033,0.0,0.0,0.0,823.267,2019-09-05
29,hru29,0.803,0.0,0.0,0.0,0.0,0.0,0.0,0.0,0.0,0.0,2019-09-05
30,hru30,0.802,0.0,0.0,0.0,0.0,0.0,0.0,0.0,0.0,0.0,2019-09-05
31,hru31,0.797,0.0,0.0,0.0,0.0,0.0,0.0,0.0,0.0,0.0,2019-09-05
32,hru32,0.806,0.0,0.0,0.0,0.0,0.0,0.0,0.0,0.0,0.0,2019-09-05
33,hru33,0.802,0.0,0.0,0.0,0.0,0.0,0.0,0.0,0.0,0.0,2019-09-05
34,hru34,0.802,0.0,0.0,0.0,0.0,0.0,0.0,0.0,0.0,0.0,2019-09-05
35,hru35,0.797,0.0,0.0,0.0,0.0,0.0,0.0,0.0,0.0,0.0,2019-09-05
36,hru36,0.802,0.0,0.0,0.0,0.0,0.0,0.0,0.0,0.0,0.0,2019-09-05
1,hru01,0.802,0.0,0.0,0.0,0.0,0.0,0.0,0.0,0.0,0.0,2019-09-06
2,hru02,0.806,0.0,0.0,0.0,0.0,0.0,0.0,0.0,0.0,0.0,2019-09-06
3,hru03,0.796,0.0,0.0,0.0,0.0,0.0,0.0,0.0,0.0,0.0,2019-09-06
4,hru04,0.8,0.0,0.0,0.0,0.0,0.0,0.0,0.0,0.0,0.0,2019-09-06
5,hru05,0.804,0.0,0.0,0.0,0.0,0.0,0.0,0.0,0.0,0.0,2019-09-06
6,hru06,0.804,0.0,0.0,0.0,0.0,0.0,0.0,0.0,0.0,0.0,2019-09-06
7,hru07,0.81,0.0,0.0,0.0,0.0,0.0,0.0,0.0,0.0,0.0,2019-09-06
8,hru08,0.796,0.0,0.0,0.0,0.0,0.0,0.0,0.0,0.0,0.0,2019-09-06
9,hru09,0.806,0.0,0.0,0.0,0.0,0.0,0.0,0.0,0.0,0.0,2019-09-06
10,hru10,0.806,0.0,0.0,0.0,0.0,0.0,0.0,0.0,0.0,0.0,2019-09-06
11,hru11,0.81,0.0,0.0,0.0,0.0,0.0,0.0,0.0,0.0,0.0,2019-09-06
12,hru12,0.809,0.0,0.0,0.0,0.0,0.0,0.0,0.0,0.0,0.0,2019-09-06
13,hru13,0.811,0.0,0.0,0.0,0.0,0.0,0.0,0.0,0.0,0.0,2019-09-06
14,hru14,0.809,0.0,0.0,0.0,0.0,0.0,0.0,0.0,0.0,0.0,2019-09-06
15,hru15,0.814,0.0,0.0,0.0,0.0,0.0,0.0,0.0,0.0,0.0,2019-09-06
16,hru16,0.808,0.0,0.0,0.0,0.0,0.0,0.0,0.0,0.0,0.0,2019-09-06
17,hru17,0.813,0.0,0.0,0.0,0.0,0.0,0.0,0.0,0.0,0.0,2019-09-06
18,hru18,0.815,0.0,0.0,0.0,0.0,0.0,0.0,0.0,0.0,0.0,2019-09-06
19,hru19,0.818,0.0,0.0,0.0,0.0,0.0,0.0,0.0,0.0,0.0,2019-09-06
20,hru20,0.815,0.0,0.0,0.0,0.0,0.0,0.0,0.0,0.0,0.0,2019-09-06
21,hru21,0.814,0.0,0.0,0.0,0.0,0.0,0.0,0.0,0.0,0.0,2019-09-06
22,hru22,0.815,0.0,0.0,0.0,0.0,0.0,0.0,0.0,0.0,0.0,2019-09-06
23,hru23,0.815,0.0,0.0,0.0,0.0,0.0,0.0,0.0,0.0,0.0,2019-09-06
24,hru24,0.814,0.0,0.0,0.0,0.0,0.0,0.0,0.0,0.0,0.0,2019-09-06
25,hru25,0.815,0.0,0.0,0.0,0.0,0.0,0.0,0.0,0.0,0.0,2019-09-06
26,hru26,0.815,0.0,0.0,0.0,0.0,0.0,0.0,0.0,0.0,0.0,2019-09-06
27,hru27,0.809,0.0,0.0,0.0,0.0,0.0,0.0,0.0,0.0,0.0,2019-09-06
28,hru28,0.81,0.0,0.0,0.0,0.0,0.033,0.0,0.0,0.0,823.267,2019-09-06
29,hru29,0.809,0.0,0.0,0.0,0.0,0.0,0.0,0.0,0.0,0.0,2019-09-06
30,hru30,0.808,0.0,0.0,0.0,0.0,0.0,0.0,0.0,0.0,0.0,2019-09-06
31,hru31,0.802,0.0,0.0,0.0,0.0,0.0,0.0,0.0,0.0,0.0,2019-09-06
32,hru32,0.811,0.0,0.0,0.0,0.0,0.0,0.0,0.0,0.0,0.0,2019-09-06
33,hru33,0.807,0.0,0.0,0.0,0.0,0.0,0.0,0.0,0.0,0.0,2019-09-06
34,hru34,0.807,0.0,0.0,0.0,0.0,0.0,0.0,0.0,0.0,0.0,2019-09-06
35,hru35,0.802,0.0,0.0,0.0,0.0,0.0,0.0,0.0,0.0,0.0,2019-09-06
36,hru36,0.807,0.0,0.0,0.0,0.0,0.0,0.0,0.0,0.0,0.0,2019-09-06
1,hru01,0.807,0.0,0.0,0.0,0.0,0.0,0.0,0.0,0.0,0.0,2019-09-07
2,hru02,0.812,0.0,0.0,0.0,0.0,0.0,0.0,0.0,0.0,0.0,2019-09-07
3,hru03,0.801,0.0,0.0,0.0,0.0,0.0,0.0,0.0,0.0,0.0,2019-09-07
4,hru04,0.805,0.0,0.0,0.0,0.0,0.0,0.0,0.0,0.0,0.0,2019-09-07
5,hru05,0.81,0.0,0.0,0.0,0.0,0.0,0.0,0.0,0.0,0.0,2019-09-07
6,hru06,0.81,0.0,0.0,0.0,0.0,0.0,0.0,0.0,0.0,0.0,2019-09-07
7,hru07,0.815,0.0,0.0,0.0,0.0,0.0,0.0,0.0,0.0,0.0,2019-09-07
8,hru08,0.801,0.0,0.0,0.0,0.0,0.0,0.0,0.0,0.0,0.0,2019-09-07
9,hru09,0.811,0.0,0.0,0.0,0.0,0.0,0.0,0.0,0.0,0.0,2019-09-07
10,hru10,0.811,0.0,0.0,0.0,0.0,0.0,0.0,0.0,0.0,0.0,2019-09-07
11,hru11,0.815,0.0,0.0,0.0,0.0,0.0,0.0,0.0,0.0,0.0,2019-09-07
12,hru12,0.814,0.0,0.0,0.0,0.0,0.0,0.0,0.0,0.0,0.0,2019-09-07
13,hru13,0.817,0.0,0.0,0.0,0.0,0.0,0.0,0.0,0.0,0.0,2019-09-07
14,hru14,0.814,0.0,0.0,0.0,0.0,0.0,0.0,0.0,0.0,0.0,2019-09-07
15,hru15,0.819,0.0,0.0,0.0,0.0,0.0,0.0,0.0,0.0,0.0,2019-09-07
16,hru16,0.814,0.0,0.0,0.0,0.0,0.0,0.0,0.0,0.0,0.0,2019-09-07
17,hru17,0.818,0.0,0.0,0.0,0.0,0.0,0.0,0.0,0.0,0.0,2019-09-07
18,hru18,0.82,0.0,0.0,0.0,0.0,0.0,0.0,0.0,0.0,0.0,2019-09-07
19,hru19,0.824,0.0,0.0,0.0,0.0,0.0,0.0,0.0,0.0,0.0,2019-09-07
20,hru20,0.821,0.0,0.0,0.0,0.0,0.0,0.0,0.0,0.0,0.0,2019-09-07
21,hru21,0.819,0.0,0.0,0.0,0.0,0.0,0.0,0.0,0.0,0.0,2019-09-07
22,hru22,0.82,0.0,0.0,0.0,0.0,0.0,0.0,0.0,0.0,0.0,2019-09-07
23,hru23,0.82,0.0,0.0,0.0,0.0,0.0,0.0,0.0,0.0,0.0,2019-09-07
24,hru24,0.82,0.0,0.0,0.0,0.0,0.0,0.0,0.0,0.0,0.0,2019-09-07
25,hru25,0.821,0.0,0.0,0.0,0.0,0.0,0.0,0.0,0.0,0.0,2019-09-07
26,hru26,0.821,0.0,0.0,0.0,0.0,0.0,0.0,0.0,0.0,0.0,2019-09-07
27,hru27,0.814,0.0,0.0,0.0,0.0,0.0,0.0,0.0,0.0,0.0,2019-09-07
28,hru28,0.815,0.0,0.0,0.0,0.0,0.033,0.0,0.0,0.0,823.267,2019-09-07
29,hru29,0.814,0.0,0.0,0.0,0.0,0.0,0.0,0.0,0.0,0.0,2019-09-07
30,hru30,0.813,0.0,0.0,0.0,0.0,0.0,0.0,0.0,0.0,0.0,2019-09-07
31,hru31,0.807,0.0,0.0,0.0,0.0,0.0,0.0,0.0,0.0,0.0,2019-09-07
32,hru32,0.817,0.0,0.0,0.0,0.0,0.0,0.0,0.0,0.0,0.0,2019-09-07
33,hru33,0.813,0.0,0.0,0.0,0.0,0.0,0.0,0.0,0.0,0.0,2019-09-07
34,hru34,0.813,0.0,0.0,0.0,0.0,0.0,0.0,0.0,0.0,0.0,2019-09-07
35,hru35,0.807,0.0,0.0,0.0,0.0,0.0,0.0,0.0,0.0,0.0,2019-09-07
36,hru36,0.813,0.0,0.0,0.0,0.0,0.0,0.0,0.0,0.0,0.0,2019-09-07
1,hru01,0.812,0.0,0.0,0.0,0.0,0.0,0.0,0.0,0.0,0.0,2019-09-08
2,hru02,0.816,0.0,0.0,0.0,0.0,0.0,0.0,0.0,0.0,0.0,2019-09-08
3,hru03,0.806,0.0,0.0,0.0,0.0,0.0,0.0,0.0,0.0,0.0,2019-09-08
4,hru04,0.81,0.0,0.0,0.0,0.0,0.0,0.0,0.0,0.0,0.0,2019-09-08
5,hru05,0.815,0.0,0.0,0.0,0.0,0.0,0.0,0.0,0.0,0.0,2019-09-08
6,hru06,0.815,0.0,0.0,0.0,0.0,0.0,0.0,0.0,0.0,0.0,2019-09-08
7,hru07,0.82,0.0,0.0,0.0,0.0,0.0,0.0,0.0,0.0,0.0,2019-09-08
8,hru08,0.806,0.0,0.0,0.0,0.0,0.0,0.0,0.0,0.0,0.0,2019-09-08
9,hru09,0.816,0.0,0.0,0.0,0.0,0.0,0.0,0.0,0.0,0.0,2019-09-08
10,hru10,0.816,0.0,0.0,0.0,0.0,0.0,0.0,0.0,0.0,0.0,2019-09-08
11,hru11,0.82,0.0,0.0,0.0,0.0,0.0,0.0,0.0,0.0,0.0,2019-09-08
12,hru12,0.819,0.0,0.0,0.0,0.0,0.0,0.0,0.0,0.0,0.0,2019-09-08
13,hru13,0.822,0.0,0.0,0.0,0.0,0.0,0.0,0.0,0.0,0.0,2019-09-08
14,hru14,0.819,0.0,0.0,0.0,0.0,0.0,0.0,0.0,0.0,0.0,2019-09-08
15,hru15,0.824,0.0,0.0,0.0,0.0,0.0,0.0,0.0,0.0,0.0,2019-09-08
16,hru16,0.818,0.0,0.0,0.0,0.0,0.0,0.0,0.0,0.0,0.0,2019-09-08
17,hru17,0.823,0.0,0.0,0.0,0.0,0.0,0.0,0.0,0.0,0.0,2019-09-08
18,hru18,0.825,0.0,0.0,0.0,0.0,0.0,0.0,0.0,0.0,0.0,2019-09-08
19,hru19,0.829,0.0,0.0,0.0,0.0,0.0,0.0,0.0,0.0,0.0,2019-09-08
20,hru20,0.826,0.0,0.0,0.0,0.0,0.0,0.0,0.0,0.0,0.0,2019-09-08
21,hru21,0.824,0.0,0.0,0.0,0.0,0.0,0.0,0.0,0.0,0.0,2019-09-08
22,hru22,0.825,0.0,0.0,0.0,0.0,0.0,0.0,0.0,0.0,0.0,2019-09-08
23,hru23,0.825,0.0,0.0,0.0,0.0,0.0,0.0,0.0,0.0,0.0,2019-09-08
24,hru24,0.825,0.0,0.0,0.0,0.0,0.0,0.0,0.0,0.0,0.0,2019-09-08
25,hru25,0.826,0.0,0.0,0.0,0.0,0.0,0.0,0.0,0.0,0.0,2019-09-08
26,hru26,0.826,0.0,0.0,0.0,0.0,0.0,0.0,0.0,0.0,0.0,2019-09-08
27,hru27,0.819,0.0,0.0,0.0,0.0,0.0,0.0,0.0,0.0,0.0,2019-09-08
28,hru28,0.82,0.0,0.0,0.0,0.0,0.033,0.0,0.0,0.0,823.267,2019-09-08
29,hru29,0.819,0.0,0.0,0.0,0.0,0.0,0.0,0.0,0.0,0.0,2019-09-08
30,hru30,0.818,0.0,0.0,0.0,0.0,0.0,0.0,0.0,0.0,0.0,2019-09-08
31,hru31,0.812,0.0,0.0,0.0,0.0,0.0,0.0,0.0,0.0,0.0,2019-09-08
32,hru32,0.822,0.0,0.0,0.0,0.0,0.0,0.0,0.0,0.0,0.0,2019-09-08
33,hru33,0.817,0.0,0.0,0.0,0.0,0.0,0.0,0.0,0.0,0.0,2019-09-08
34,hru34,0.817,0.0,0.0,0.0,0.0,0.0,0.0,0.0,0.0,0.0,2019-09-08
35,hru35,0.812,0.0,0.0,0.0,0.0,0.0,0.0,0.0,0.0,0.0,2019-09-08
36,hru36,0.817,0.0,0.0,0.0,0.0,0.0,0.0,0.0,0.0,0.0,2019-09-08
1,hru01,0.818,0.0,0.0,0.0,0.0,0.0,0.0,0.0,0.0,0.0,2019-09-09
2,hru02,0.822,0.0,0.0,0.0,0.0,0.0,0.0,0.0,0.0,0.0,2019-09-09
3,hru03,0.811,0.0,0.0,0.0,0.0,0.0,0.0,0.0,0.0,0.0,2019-09-09
4,hru04,0.815,0.0,0.0,0.0,0.0,0.0,0.0,0.0,0.0,0.0,2019-09-09
5,hru05,0.82,0.0,0.0,0.0,0.0,0.0,0.0,0.0,0.0,0.0,2019-09-09
6,hru06,0.82,0.0,0.0,0.0,0.0,0.0,0.0,0.0,0.0,0.0,2019-09-09
7,hru07,0.826,0.0,0.0,0.0,0.0,0.0,0.0,0.0,0.0,0.0,2019-09-09
8,hru08,0.811,0.0,0.0,0.0,0.0,0.0,0.0,0.0,0.0,0.0,2019-09-09
9,hru09,0.822,0.0,0.0,0.0,0.0,0.0,0.0,0.0,0.0,0.0,2019-09-09
10,hru10,0.822,0.0,0.0,0.0,0.0,0.0,0.0,0.0,0.0,0.0,2019-09-09
11,hru11,0.825,0.0,0.0,0.0,0.0,0.0,0.0,0.0,0.0,0.0,2019-09-09
12,hru12,0.825,0.0,0.0,0.0,0.0,0.0,0.0,0.0,0.0,0.0,2019-09-09
13,hru13,0.827,0.0,0.0,0.0,0.0,0.0,0.0,0.0,0.0,0.0,2019-09-09
14,hru14,0.825,0.0,0.0,0.0,0.0,0.0,0.0,0.0,0.0,0.0,2019-09-09
15,hru15,0.83,0.0,0.0,0.0,0.0,0.0,0.0,0.0,0.0,0.0,2019-09-09
16,hru16,0.824,0.0,0.0,0.0,0.0,0.0,0.0,0.0,0.0,0.0,2019-09-09
17,hru17,0.829,0.0,0.0,0.0,0.0,0.0,0.0,0.0,0.0,0.0,2019-09-09
18,hru18,0.831,0.0,0.0,0.0,0.0,0.0,0.0,0.0,0.0,0.0,2019-09-09
19,hru19,0.834,0.0,0.0,0.0,0.0,0.0,0.0,0.0,0.0,0.0,2019-09-09
20,hru20,0.831,0.0,0.0,0.0,0.0,0.0,0.0,0.0,0.0,0.0,2019-09-09
21,hru21,0.83,0.0,0.0,0.0,0.0,0.0,0.0,0.0,0.0,0.0,2019-09-09
22,hru22,0.831,0.0,0.0,0.0,0.0,0.0,0.0,0.0,0.0,0.0,2019-09-09
23,hru23,0.831,0.0,0.0,0.0,0.0,0.0,0.0,0.0,0.0,0.0,2019-09-09
24,hru24,0.83,0.0,0.0,0.0,0.0,0.0,0.0,0.0,0.0,0.0,2019-09-09
25,hru25,0.831,0.0,0.0,0.0,0.0,0.0,0.0,0.0,0.0,0.0,2019-09-09
26,hru26,0.831,0.0,0.0,0.0,0.0,0.0,0.0,0.0,0.0,0.0,2019-09-09
27,hru27,0.825,0.0,0.0,0.0,0.0,0.0,0.0,0.0,0.0,0.0,2019-09-09
28,hru28,0.825,0.0,0.0,0.0,0.0,0.033,0.0,0.0,0.0,823.267,2019-09-09
29,hru29,0.825,0.0,0.0,0.0,0.0,0.0,0.0,0.0,0.0,0.0,2019-09-09
30,hru30,0.823,0.0,0.0,0.0,0.0,0.0,0.0,0.0,0.0,0.0,2019-09-09
31,hru31,0.818,0.0,0.0,0.0,0.0,0.0,0.0,0.0,0.0,0.0,2019-09-09
32,hru32,0.827,0.0,0.0,0.0,0.0,0.0,0.0,0.0,0.0,0.0,2019-09-09
33,hru33,0.823,0.0,0.0,0.0,0.0,0.0,0.0,0.0,0.0,0.0,2019-09-09
34,hru34,0.823,0.0,0.0,0.0,0.0,0.0,0.0,0.0,0.0,0.0,2019-09-09
35,hru35,0.818,0.0,0.0,0.0,0.0,0.0,0.0,0.0,0.0,0.0,2019-09-09
36,hru36,0.823,0.0,0.0,0.0,0.0,0.0,0.0,0.0,0.0,0.0,2019-09-09
1,hru01,0.824,0.0,0.0,0.0,0.0,0.0,0.0,0.0,0.0,0.0,2019-09-10
2,hru02,0.829,0.0,0.0,0.0,0.0,0.0,0.0,0.0,0.0,0.0,2019-09-10
3,hru03,0.818,0.0,0.0,0.0,0.0,0.0,0.0,0.0,0.0,0.0,2019-09-10
4,hru04,0.822,0.0,0.0,0.0,0.0,0.0,0.0,0.0,0.0,0.0,2019-09-10
5,hru05,0.827,0.0,0.0,0.0,0.0,0.0,0.0,0.0,0.0,0.0,2019-09-10
6,hru06,0.827,0.0,0.0,0.0,0.0,0.0,0.0,0.0,0.0,0.0,2019-09-10
7,hru07,0.832,0.0,0.0,0.0,0.0,0.0,0.0,0.0,0.0,0.0,2019-09-10
8,hru08,0.818,0.0,0.0,0.0,0.0,0.0,0.0,0.0,0.0,0.0,2019-09-10
9,hru09,0.829,0.0,0.0,0.0,0.0,0.0,0.0,0.0,0.0,0.0,2019-09-10
10,hru10,0.829,0.0,0.0,0.0,0.0,0.0,0.0,0.0,0.0,0.0,2019-09-10
11,hru11,0.832,0.0,0.0,0.0,0.0,0.0,0.0,0.0,0.0,0.0,2019-09-10
12,hru12,0.831,0.0,0.0,0.0,0.0,0.0,0.0,0.0,0.0,0.0,2019-09-10
13,hru13,0.834,0.0,0.0,0.0,0.0,0.0,0.0,0.0,0.0,0.0,2019-09-10
14,hru14,0.831,0.0,0.0,0.0,0.0,0.0,0.0,0.0,0.0,0.0,2019-09-10
15,hru15,0.837,0.0,0.0,0.0,0.0,0.0,0.0,0.0,0.0,0.0,2019-09-10
16,hru16,0.831,0.0,0.0,0.0,0.0,0.0,0.0,0.0,0.0,0.0,2019-09-10
17,hru17,0.836,0.0,0.0,0.0,0.0,0.0,0.0,0.0,0.0,0.0,2019-09-10
18,hru18,0.837,0.0,0.0,0.0,0.0,0.0,0.0,0.0,0.0,0.0,2019-09-10
19,hru19,0.841,0.0,0.0,0.0,0.0,0.0,0.0,0.0,0.0,0.0,2019-09-10
20,hru20,0.838,0.0,0.0,0.0,0.0,0.0,0.0,0.0,0.0,0.0,2019-09-10
21,hru21,0.837,0.0,0.0,0.0,0.0,0.0,0.0,0.0,0.0,0.0,2019-09-10
22,hru22,0.837,0.0,0.0,0.0,0.0,0.0,0.0,0.0,0.0,0.0,2019-09-10
23,hru23,0.837,0.0,0.0,0.0,0.0,0.0,0.0,0.0,0.0,0.0,2019-09-10
24,hru24,0.837,0.0,0.0,0.0,0.0,0.0,0.0,0.0,0.0,0.0,2019-09-10
25,hru25,0.838,0.0,0.0,0.0,0.0,0.0,0.0,0.0,0.0,0.0,2019-09-10
26,hru26,0.838,0.0,0.0,0.0,0.0,0.0,0.0,0.0,0.0,0.0,2019-09-10
27,hru27,0.831,0.0,0.0,0.0,0.0,0.0,0.0,0.0,0.0,0.0,2019-09-10
28,hru28,0.832,0.0,0.0,0.0,0.0,0.033,0.0,0.0,0.0,823.267,2019-09-10
29,hru29,0.831,0.0,0.0,0.0,0.0,0.0,0.0,0.0,0.0,0.0,2019-09-10
30,hru30,0.83,0.0,0.0,0.0,0.0,0.0,0.0,0.0,0.0,0.0,2019-09-10
31,hru31,0.824,0.0,0.0,0.0,0.0,0.0,0.0,0.0,0.0,0.0,2019-09-10
32,hru32,0.834,0.0,0.0,0.0,0.0,0.0,0.0,0.0,0.0,0.0,2019-09-10
33,hru33,0.83,0.0,0.0,0.0,0.0,0.0,0.0,0.0,0.0,0.0,2019-09-10
34,hru34,0.83,0.0,0.0,0.0,0.0,0.0,0.0,0.0,0.0,0.0,2019-09-10
35,hru35,0.825,0.0,0.0,0.0,0.0,0.0,0.0,0.0,0.0,0.0,2019-09-10
36,hru36,0.83,0.0,0.0,0.0,0.0,0.0,0.0,0.0,0.0,0.0,2019-09-10
1,hru01,0.831,0.0,0.0,0.0,0.0,0.0,0.0,0.0,0.0,0.0,2019-09-11
2,hru02,0.835,0.0,0.0,0.0,0.0,0.0,0.0,0.0,0.0,0.0,2019-09-11
3,hru03,0.824,0.0,0.0,0.0,0.0,0.0,0.0,0.0,0.0,0.0,2019-09-11
4,hru04,0.829,0.0,0.0,0.0,0.0,0.0,0.0,0.0,0.0,0.0,2019-09-11
5,hru05,0.833,0.0,0.0,0.0,0.0,0.0,0.0,0.0,0.0,0.0,2019-09-11
6,hru06,0.833,0.0,0.0,0.0,0.0,0.0,0.0,0.0,0.0,0.0,2019-09-11
7,hru07,0.839,0.0,0.0,0.0,0.0,0.0,0.0,0.0,0.0,0.0,2019-09-11
8,hru08,0.824,0.0,0.0,0.0,0.0,0.0,0.0,0.0,0.0,0.0,2019-09-11
9,hru09,0.835,0.0,0.0,0.0,0.0,0.0,0.0,0.0,0.0,0.0,2019-09-11
10,hru10,0.835,0.0,0.0,0.0,0.0,0.0,0.0,0.0,0.0,0.0,2019-09-11
11,hru11,0.839,0.0,0.0,0.0,0.0,0.0,0.0,0.0,0.0,0.0,2019-09-11
12,hru12,0.838,0.0,0.0,0.0,0.0,0.0,0.0,0.0,0.0,0.0,2019-09-11
13,hru13,0.841,0.0,0.0,0.0,0.0,0.0,0.0,0.0,0.0,0.0,2019-09-11
14,hru14,0.838,0.0,0.0,0.0,0.0,0.0,0.0,0.0,0.0,0.0,2019-09-11
15,hru15,0.844,0.0,0.0,0.0,0.0,0.0,0.0,0.0,0.0,0.0,2019-09-11
16,hru16,0.838,0.0,0.0,0.0,0.0,0.0,0.0,0.0,0.0,0.0,2019-09-11
17,hru17,0.843,0.0,0.0,0.0,0.0,0.0,0.0,0.0,0.0,0.0,2019-09-11
18,hru18,0.844,0.0,0.0,0.0,0.0,0.0,0.0,0.0,0.0,0.0,2019-09-11
19,hru19,0.848,0.0,0.0,0.0,0.0,0.0,0.0,0.0,0.0,0.0,2019-09-11
20,hru20,0.845,0.0,0.0,0.0,0.0,0.0,0.0,0.0,0.0,0.0,2019-09-11
21,hru21,0.844,0.0,0.0,0.0,0.0,0.0,0.0,0.0,0.0,0.0,2019-09-11
22,hru22,0.844,0.0,0.0,0.0,0.0,0.0,0.0,0.0,0.0,0.0,2019-09-11
23,hru23,0.844,0.0,0.0,0.0,0.0,0.0,0.0,0.0,0.0,0.0,2019-09-11
24,hru24,0.844,0.0,0.0,0.0,0.0,0.0,0.0,0.0,0.0,0.0,2019-09-11
25,hru25,0.845,0.0,0.0,0.0,0.0,0.0,0.0,0.0,0.0,0.0,2019-09-11
26,hru26,0.845,0.0,0.0,0.0,0.0,0.0,0.0,0.0,0.0,0.0,2019-09-11
27,hru27,0.838,0.0,0.0,0.0,0.0,0.0,0.0,0.0,0.0,0.0,2019-09-11
28,hru28,0.839,0.0,0.0,0.0,0.0,0.033,0.0,0.0,0.0,823.267,2019-09-11
29,hru29,0.838,0.0,0.0,0.0,0.0,0.0,0.0,0.0,0.0,0.0,2019-09-11
30,hru30,0.837,0.0,0.0,0.0,0.0,0.0,0.0,0.0,0.0,0.0,2019-09-11
31,hru31,0.831,0.0,0.0,0.0,0.0,0.0,0.0,0.0,0.0,0.0,2019-09-11
32,hru32,0.841,0.0,0.0,0.0,0.0,0.0,0.0,0.0,0.0,0.0,2019-09-11
33,hru33,0.836,0.0,0.0,0.0,0.0,0.0,0.0,0.0,0.0,0.0,2019-09-11
34,hru34,0.836,0.0,0.0,0.0,0.0,0.0,0.0,0.0,0.0,0.0,2019-09-11
35,hru35,0.831,0.0,0.0,0.0,0.0,0.0,0.0,0.0,0.0,0.0,2019-09-11
36,hru36,0.836,0.0,0.0,0.0,0.0,0.0,0.0,0.0,0.0,0.0,2019-09-11
1,hru01,0.836,0.0,0.0,0.0,0.0,0.0,0.0,0.0,0.0,0.0,2019-09-12
2,hru02,0.841,0.0,0.0,0.0,0.0,0.0,0.0,0.0,0.0,0.0,2019-09-12
3,hru03,0.83,0.0,0.0,0.0,0.0,0.0,0.0,0.0,0.0,0.0,2019-09-12
4,hru04,0.834,0.0,0.0,0.0,0.0,0.0,0.0,0.0,0.0,0.0,2019-09-12
5,hru05,0.839,0.0,0.0,0.0,0.0,0.0,0.0,0.0,0.0,0.0,2019-09-12
6,hru06,0.839,0.0,0.0,0.0,0.0,0.0,0.0,0.0,0.0,0.0,2019-09-12
7,hru07,0.845,0.0,0.0,0.0,0.0,0.0,0.0,0.0,0.0,0.0,2019-09-12
8,hru08,0.83,0.0,0.0,0.0,0.0,0.0,0.0,0.0,0.0,0.0,2019-09-12
9,hru09,0.841,0.0,0.0,0.0,0.0,0.0,0.0,0.0,0.0,0.0,2019-09-12
10,hru10,0.841,0.0,0.0,0.0,0.0,0.0,0.0,0.0,0.0,0.0,2019-09-12
11,hru11,0.845,0.0,0.0,0.0,0.0,0.0,0.0,0.0,0.0,0.0,2019-09-12
12,hru12,0.844,0.0,0.0,0.0,0.0,0.0,0.0,0.0,0.0,0.0,2019-09-12
13,hru13,0.846,0.0,0.0,0.0,0.0,0.0,0.0,0.0,0.0,0.0,2019-09-12
14,hru14,0.844,0.0,0.0,0.0,0.0,0.0,0.0,0.0,0.0,0.0,2019-09-12
15,hru15,0.849,0.0,0.0,0.0,0.0,0.0,0.0,0.0,0.0,0.0,2019-09-12
16,hru16,0.843,0.0,0.0,0.0,0.0,0.0,0.0,0.0,0.0,0.0,2019-09-12
17,hru17,0.848,0.0,0.0,0.0,0.0,0.0,0.0,0.0,0.0,0.0,2019-09-12
18,hru18,0.85,0.0,0.0,0.0,0.0,0.0,0.0,0.0,0.0,0.0,2019-09-12
19,hru19,0.854,0.0,0.0,0.0,0.0,0.0,0.0,0.0,0.0,0.0,2019-09-12
20,hru20,0.851,0.0,0.0,0.0,0.0,0.0,0.0,0.0,0.0,0.0,2019-09-12
21,hru21,0.849,0.0,0.0,0.0,0.0,0.0,0.0,0.0,0.0,0.0,2019-09-12
22,hru22,0.85,0.0,0.0,0.0,0.0,0.0,0.0,0.0,0.0,0.0,2019-09-12
23,hru23,0.85,0.0,0.0,0.0,0.0,0.0,0.0,0.0,0.0,0.0,2019-09-12
24,hru24,0.85,0.0,0.0,0.0,0.0,0.0,0.0,0.0,0.0,0.0,2019-09-12
25,hru25,0.851,0.0,0.0,0.0,0.0,0.0,0.0,0.0,0.0,0.0,2019-09-12
26,hru26,0.851,0.0,0.0,0.0,0.0,0.0,0.0,0.0,0.0,0.0,2019-09-12
27,hru27,0.844,0.0,0.0,0.0,0.0,0.0,0.0,0.0,0.0,0.0,2019-09-12
28,hru28,0.845,0.0,0.0,0.0,0.0,0.033,0.0,0.0,0.0,823.267,2019-09-12
29,hru29,0.844,0.0,0.0,0.0,0.0,0.0,0.0,0.0,0.0,0.0,2019-09-12
30,hru30,0.843,0.0,0.0,0.0,0.0,0.0,0.0,0.0,0.0,0.0,2019-09-12
31,hru31,0.836,0.0,0.0,0.0,0.0,0.0,0.0,0.0,0.0,0.0,2019-09-12
32,hru32,0.846,0.0,0.0,0.0,0.0,0.0,0.0,0.0,0.0,0.0,2019-09-12
33,hru33,0.842,0.0,0.0,0.0,0.0,0.0,0.0,0.0,0.0,0.0,2019-09-12
34,hru34,0.842,0.0,0.0,0.0,0.0,0.0,0.0,0.0,0.0,0.0,2019-09-12
35,hru35,0.836,0.0,0.0,0.0,0.0,0.0,0.0,0.0,0.0,0.0,2019-09-12
36,hru36,0.842,0.0,0.0,0.0,0.0,0.0,0.0,0.0,0.0,0.0,2019-09-12
1,hru01,0.841,0.0,0.0,0.0,0.0,0.0,0.0,0.0,0.0,0.0,2019-09-13
2,hru02,0.846,0.0,0.0,0.0,0.0,0.0,0.0,0.0,0.0,0.0,2019-09-13
3,hru03,0.834,0.0,0.0,0.0,0.0,0.0,0.0,0.0,0.0,0.0,2019-09-13
4,hru04,0.839,0.0,0.0,0.0,0.0,0.0,0.0,0.0,0.0,0.0,2019-09-13
5,hru05,0.844,0.0,0.0,0.0,0.0,0.0,0.0,0.0,0.0,0.0,2019-09-13
6,hru06,0.844,0.0,0.0,0.0,0.0,0.0,0.0,0.0,0.0,0.0,2019-09-13
7,hru07,0.849,0.0,0.0,0.0,0.0,0.0,0.0,0.0,0.0,0.0,2019-09-13
8,hru08,0.834,0.0,0.0,0.0,0.0,0.0,0.0,0.0,0.0,0.0,2019-09-13
9,hru09,0.845,0.0,0.0,0.0,0.0,0.0,0.0,0.0,0.0,0.0,2019-09-13
10,hru10,0.845,0.0,0.0,0.0,0.0,0.0,0.0,0.0,0.0,0.0,2019-09-13
11,hru11,0.849,0.0,0.0,0.0,0.0,0.0,0.0,0.0,0.0,0.0,2019-09-13
12,hru12,0.848,0.0,0.0,0.0,0.0,0.0,0.0,0.0,0.0,0.0,2019-09-13
13,hru13,0.851,0.0,0.0,0.0,0.0,0.0,0.0,0.0,0.0,0.0,2019-09-13
14,hru14,0.848,0.0,0.0,0.0,0.0,0.0,0.0,0.0,0.0,0.0,2019-09-13
15,hru15,0.854,0.0,0.0,0.0,0.0,0.0,0.0,0.0,0.0,0.0,2019-09-13
16,hru16,0.848,0.0,0.0,0.0,0.0,0.0,0.0,0.0,0.0,0.0,2019-09-13
17,hru17,0.853,0.0,0.0,0.0,0.0,0.0,0.0,0.0,0.0,0.0,2019-09-13
18,hru18,0.854,0.0,0.0,0.0,0.0,0.0,0.0,0.0,0.0,0.0,2019-09-13
19,hru19,0.858,0.0,0.0,0.0,0.0,0.0,0.0,0.0,0.0,0.0,2019-09-13
20,hru20,0.855,0.0,0.0,0.0,0.0,0.0,0.0,0.0,0.0,0.0,2019-09-13
21,hru21,0.854,0.0,0.0,0.0,0.0,0.0,0.0,0.0,0.0,0.0,2019-09-13
22,hru22,0.854,0.0,0.0,0.0,0.0,0.0,0.0,0.0,0.0,0.0,2019-09-13
23,hru23,0.854,0.0,0.0,0.0,0.0,0.0,0.0,0.0,0.0,0.0,2019-09-13
24,hru24,0.854,0.0,0.0,0.0,0.0,0.0,0.0,0.0,0.0,0.0,2019-09-13
25,hru25,0.855,0.0,0.0,0.0,0.0,0.0,0.0,0.0,0.0,0.0,2019-09-13
26,hru26,0.855,0.0,0.0,0.0,0.0,0.0,0.0,0.0,0.0,0.0,2019-09-13
27,hru27,0.848,0.0,0.0,0.0,0.0,0.0,0.0,0.0,0.0,0.0,2019-09-13
28,hru28,0.849,0.0,0.0,0.0,0.0,0.033,0.0,0.0,0.0,823.267,2019-09-13
29,hru29,0.848,0.0,0.0,0.0,0.0,0.0,0.0,0.0,0.0,0.0,2019-09-13
30,hru30,0.847,0.0,0.0,0.0,0.0,0.0,0.0,0.0,0.0,0.0,2019-09-13
31,hru31,0.841,0.0,0.0,0.0,0.0,0.0,0.0,0.0,0.0,0.0,2019-09-13
32,hru32,0.851,0.0,0.0,0.0,0.0,0.0,0.0,0.0,0.0,0.0,2019-09-13
33,hru33,0.846,0.0,0.0,0.0,0.0,0.0,0.0,0.0,0.0,0.0,2019-09-13
34,hru34,0.846,0.0,0.0,0.0,0.0,0.0,0.0,0.0,0.0,0.0,2019-09-13
35,hru35,0.841,0.0,0.0,0.0,0.0,0.0,0.0,0.0,0.0,0.0,2019-09-13
36,hru36,0.846,0.0,0.0,0.0,0.0,0.0,0.0,0.0,0.0,0.0,2019-09-13
1,hru01,0.846,0.0,0.0,0.0,0.0,0.0,0.0,0.0,0.0,0.0,2019-09-14
2,hru02,0.85,0.0,0.0,0.0,0.0,0.0,0.0,0.0,0.0,0.0,2019-09-14
3,hru03,0.839,0.0,0.0,0.0,0.0,0.0,0.0,0.0,0.0,0.0,2019-09-14
4,hru04,0.843,0.0,0.0,0.0,0.0,0.0,0.0,0.0,0.0,0.0,2019-09-14
5,hru05,0.848,0.0,0.0,0.0,0.0,0.0,0.0,0.0,0.0,0.0,2019-09-14
6,hru06,0.848,0.0,0.0,0.0,0.0,0.0,0.0,0.0,0.0,0.0,2019-09-14
7,hru07,0.854,0.0,0.0,0.0,0.0,0.0,0.0,0.0,0.0,0.0,2019-09-14
8,hru08,0.839,0.0,0.0,0.0,0.0,0.0,0.0,0.0,0.0,0.0,2019-09-14
9,hru09,0.85,0.0,0.0,0.0,0.0,0.0,0.0,0.0,0.0,0.0,2019-09-14
10,hru10,0.85,0.0,0.0,0.0,0.0,0.0,0.0,0.0,0.0,0.0,2019-09-14
11,hru11,0.854,0.0,0.0,0.0,0.0,0.0,0.0,0.0,0.0,0.0,2019-09-14
12,hru12,0.853,0.0,0.0,0.0,0.0,0.0,0.0,0.0,0.0,0.0,2019-09-14
13,hru13,0.856,0.0,0.0,0.0,0.0,0.0,0.0,0.0,0.0,0.0,2019-09-14
14,hru14,0.853,0.0,0.0,0.0,0.0,0.0,0.0,0.0,0.0,0.0,2019-09-14
15,hru15,0.859,0.0,0.0,0.0,0.0,0.0,0.0,0.0,0.0,0.0,2019-09-14
16,hru16,0.853,0.0,0.0,0.0,0.0,0.0,0.0,0.0,0.0,0.0,2019-09-14
17,hru17,0.858,0.0,0.0,0.0,0.0,0.0,0.0,0.0,0.0,0.0,2019-09-14
18,hru18,0.859,0.0,0.0,0.0,0.0,0.0,0.0,0.0,0.0,0.0,2019-09-14
19,hru19,0.863,0.0,0.0,0.0,0.0,0.0,0.0,0.0,0.0,0.0,2019-09-14
20,hru20,0.86,0.0,0.0,0.0,0.0,0.0,0.0,0.0,0.0,0.0,2019-09-14
21,hru21,0.859,0.0,0.0,0.0,0.0,0.0,0.0,0.0,0.0,0.0,2019-09-14
22,hru22,0.859,0.0,0.0,0.0,0.0,0.0,0.0,0.0,0.0,0.0,2019-09-14
23,hru23,0.859,0.0,0.0,0.0,0.0,0.0,0.0,0.0,0.0,0.0,2019-09-14
24,hru24,0.859,0.0,0.0,0.0,0.0,0.0,0.0,0.0,0.0,0.0,2019-09-14
25,hru25,0.86,0.0,0.0,0.0,0.0,0.0,0.0,0.0,0.0,0.0,2019-09-14
26,hru26,0.86,0.0,0.0,0.0,0.0,0.0,0.0,0.0,0.0,0.0,2019-09-14
27,hru27,0.853,0.0,0.0,0.0,0.0,0.0,0.0,0.0,0.0,0.0,2019-09-14
28,hru28,0.854,0.0,0.0,0.0,0.0,0.033,0.0,0.0,0.0,823.267,2019-09-14
29,hru29,0.853,0.0,0.0,0.0,0.0,0.0,0.0,0.0,0.0,0.0,2019-09-14
30,hru30,0.852,0.0,0.0,0.0,0.0,0.0,0.0,0.0,0.0,0.0,2019-09-14
31,hru31,0.846,0.0,0.0,0.0,0.0,0.0,0.0,0.0,0.0,0.0,2019-09-14
32,hru32,0.856,0.0,0.0,0.0,0.0,0.0,0.0,0.0,0.0,0.0,2019-09-14
33,hru33,0.851,0.0,0.0,0.0,0.0,0.0,0.0,0.0,0.0,0.0,2019-09-14
34,hru34,0.851,0.0,0.0,0.0,0.0,0.0,0.0,0.0,0.0,0.0,2019-09-14
35,hru35,0.846,0.0,0.0,0.0,0.0,0.0,0.0,0.0,0.0,0.0,2019-09-14
36,hru36,0.851,0.0,0.0,0.0,0.0,0.0,0.0,0.0,0.0,0.0,2019-09-14
1,hru01,0.852,0.0,0.0,0.0,0.0,0.0,0.0,0.0,0.0,0.0,2019-09-15
2,hru02,0.857,0.0,0.0,0.0,0.0,0.0,0.0,0.0,0.0,0.0,2019-09-15
3,hru03,0.845,0.0,0.0,0.0,0.0,0.0,0.0,0.0,0.0,0.0,2019-09-15
4,hru04,0.85,0.0,0.0,0.0,0.0,0.0,0.0,0.0,0.0,0.0,2019-09-15
5,hru05,0.855,0.0,0.0,0.0,0.0,0.0,0.0,0.0,0.0,0.0,2019-09-15
6,hru06,0.855,0.0,0.0,0.0,0.0,0.0,0.0,0.0,0.0,0.0,2019-09-15
7,hru07,0.86,0.0,0.0,0.0,0.0,0.0,0.0,0.0,0.0,0.0,2019-09-15
8,hru08,0.845,0.0,0.0,0.0,0.0,0.0,0.0,0.0,0.0,0.0,2019-09-15
9,hru09,0.856,0.0,0.0,0.0,0.0,0.0,0.0,0.0,0.0,0.0,2019-09-15
10,hru10,0.856,0.0,0.0,0.0,0.0,0.0,0.0,0.0,0.0,0.0,2019-09-15
11,hru11,0.86,0.0,0.0,0.0,0.0,0.0,0.0,0.0,0.0,0.0,2019-09-15
12,hru12,0.859,0.0,0.0,0.0,0.0,0.0,0.0,0.0,0.0,0.0,2019-09-15
13,hru13,0.862,0.0,0.0,0.0,0.0,0.0,0.0,0.0,0.0,0.0,2019-09-15
14,hru14,0.859,0.0,0.0,0.0,0.0,0.0,0.0,0.0,0.0,0.0,2019-09-15
15,hru15,0.865,0.0,0.0,0.0,0.0,0.0,0.0,0.0,0.0,0.0,2019-09-15
16,hru16,0.859,0.0,0.0,0.0,0.0,0.0,0.0,0.0,0.0,0.0,2019-09-15
17,hru17,0.864,0.0,0.0,0.0,0.0,0.0,0.0,0.0,0.0,0.0,2019-09-15
18,hru18,0.866,0.0,0.0,0.0,0.0,0.0,0.0,0.0,0.0,0.0,2019-09-15
19,hru19,0.87,0.0,0.0,0.0,0.0,0.0,0.0,0.0,0.0,0.0,2019-09-15
20,hru20,0.867,0.0,0.0,0.0,0.0,0.0,0.0,0.0,0.0,0.0,2019-09-15
21,hru21,0.865,0.0,0.0,0.0,0.0,0.0,0.0,0.0,0.0,0.0,2019-09-15
22,hru22,0.866,0.0,0.0,0.0,0.0,0.0,0.0,0.0,0.0,0.0,2019-09-15
23,hru23,0.866,0.0,0.0,0.0,0.0,0.0,0.0,0.0,0.0,0.0,2019-09-15
24,hru24,0.865,0.0,0.0,0.0,0.0,0.0,0.0,0.0,0.0,0.0,2019-09-15
25,hru25,0.867,0.0,0.0,0.0,0.0,0.0,0.0,0.0,0.0,0.0,2019-09-15
26,hru26,0.867,0.0,0.0,0.0,0.0,0.0,0.0,0.0,0.0,0.0,2019-09-15
27,hru27,0.859,0.0,0.0,0.0,0.0,0.0,0.0,0.0,0.0,0.0,2019-09-15
28,hru28,0.86,0.0,0.0,0.0,0.0,0.033,0.0,0.0,0.0,823.267,2019-09-15
29,hru29,0.859,0.0,0.0,0.0,0.0,0.0,0.0,0.0,0.0,0.0,2019-09-15
30,hru30,0.858,0.0,0.0,0.0,0.0,0.0,0.0,0.0,0.0,0.0,2019-09-15
31,hru31,0.852,0.0,0.0,0.0,0.0,0.0,0.0,0.0,0.0,0.0,2019-09-15
32,hru32,0.862,0.0,0.0,0.0,0.0,0.0,0.0,0.0,0.0,0.0,2019-09-15
33,hru33,0.858,0.0,0.0,0.0,0.0,0.0,0.0,0.0,0.0,0.0,2019-09-15
34,hru34,0.858,0.0,0.0,0.0,0.0,0.0,0.0,0.0,0.0,0.0,2019-09-15
35,hru35,0.852,0.0,0.0,0.0,0.0,0.0,0.0,0.0,0.0,0.0,2019-09-15
36,hru36,0.858,0.0,0.0,0.0,0.0,0.0,0.0,0.0,0.0,0.0,2019-09-15
1,hru01,0.859,0.0,0.0,0.0,0.0,0.0,0.0,0.0,0.0,0.0,2019-09-16
2,hru02,0.863,0.0,0.0,0.0,0.0,0.0,0.0,0.0,0.0,0.0,2019-09-16
3,hru03,0.852,0.0,0.0,0.0,0.0,0.0,0.0,0.0,0.0,0.0,2019-09-16
4,hru04,0.857,0.0,0.0,0.0,0.0,0.0,0.0,0.0,0.0,0.0,2019-09-16
5,hru05,0.862,0.0,0.0,0.0,0.0,0.0,0.0,0.0,0.0,0.0,2019-09-16
6,hru06,0.862,0.0,0.0,0.0,0.0,0.0,0.0,0.0,0.0,0.0,2019-09-16
7,hru07,0.867,0.0,0.0,0.0,0.0,0.0,0.0,0.0,0.0,0.0,2019-09-16
8,hru08,0.852,0.0,0.0,0.0,0.0,0.0,0.0,0.0,0.0,0.0,2019-09-16
9,hru09,0.863,0.0,0.0,0.0,0.0,0.0,0.0,0.0,0.0,0.0,2019-09-16
10,hru10,0.863,0.0,0.0,0.0,0.0,0.0,0.0,0.0,0.0,0.0,2019-09-16
11,hru11,0.867,0.0,0.0,0.0,0.0,0.0,0.0,0.0,0.0,0.0,2019-09-16
12,hru12,0.866,0.0,0.0,0.0,0.0,0.0,0.0,0.0,0.0,0.0,2019-09-16
13,hru13,0.869,0.0,0.0,0.0,0.0,0.0,0.0,0.0,0.0,0.0,2019-09-16
14,hru14,0.866,0.0,0.0,0.0,0.0,0.0,0.0,0.0,0.0,0.0,2019-09-16
15,hru15,0.872,0.0,0.0,0.0,0.0,0.0,0.0,0.0,0.0,0.0,2019-09-16
16,hru16,0.866,0.0,0.0,0.0,0.0,0.0,0.0,0.0,0.0,0.0,2019-09-16
17,hru17,0.871,0.0,0.0,0.0,0.0,0.0,0.0,0.0,0.0,0.0,2019-09-16
18,hru18,0.872,0.0,0.0,0.0,0.0,0.0,0.0,0.0,0.0,0.0,2019-09-16
19,hru19,0.876,0.0,0.0,0.0,0.0,0.0,0.0,0.0,0.0,0.0,2019-09-16
20,hru20,0.874,0.0,0.0,0.0,0.0,0.0,0.0,0.0,0.0,0.0,2019-09-16
21,hru21,0.872,0.0,0.0,0.0,0.0,0.0,0.0,0.0,0.0,0.0,2019-09-16
22,hru22,0.872,0.0,0.0,0.0,0.0,0.0,0.0,0.0,0.0,0.0,2019-09-16
23,hru23,0.872,0.0,0.0,0.0,0.0,0.0,0.0,0.0,0.0,0.0,2019-09-16
24,hru24,0.872,0.0,0.0,0.0,0.0,0.0,0.0,0.0,0.0,0.0,2019-09-16
25,hru25,0.874,0.0,0.0,0.0,0.0,0.0,0.0,0.0,0.0,0.0,2019-09-16
26,hru26,0.874,0.0,0.0,0.0,0.0,0.0,0.0,0.0,0.0,0.0,2019-09-16
27,hru27,0.866,0.0,0.0,0.0,0.0,0.0,0.0,0.0,0.0,0.0,2019-09-16
28,hru28,0.867,0.0,333.405,0.0,0.0,0.0,0.0,0.0,0.0,0.0,2019-09-16
29,hru29,0.866,0.0,0.0,0.0,0.0,0.0,0.0,0.0,0.0,0.0,2019-09-16
30,hru30,0.865,0.0,0.0,0.0,0.0,0.0,0.0,0.0,0.0,0.0,2019-09-16
31,hru31,0.859,0.0,0.0,0.0,0.0,0.0,0.0,0.0,0.0,0.0,2019-09-16
32,hru32,0.869,0.0,0.0,0.0,0.0,0.0,0.0,0.0,0.0,0.0,2019-09-16
33,hru33,0.864,0.0,0.0,0.0,0.0,0.0,0.0,0.0,0.0,0.0,2019-09-16
34,hru34,0.864,0.0,0.0,0.0,0.0,0.0,0.0,0.0,0.0,0.0,2019-09-16
35,hru35,0.859,0.0,0.0,0.0,0.0,0.0,0.0,0.0,0.0,0.0,2019-09-16
36,hru36,0.864,0.0,0.0,0.0,0.0,0.0,0.0,0.0,0.0,0.0,2019-09-16
1,hru01,0.866,0.0,0.0,0.0,0.0,0.0,0.0,0.0,0.0,0.0,2019-09-17
2,hru02,0.87,0.0,0.0,0.0,0.0,0.0,0.0,0.0,0.0,0.0,2019-09-17
3,hru03,0.859,0.0,0.0,0.0,0.0,0.0,0.0,0.0,0.0,0.0,2019-09-17
4,hru04,0.864,0.0,0.0,0.0,0.0,0.0,0.0,0.0,0.0,0.0,2019-09-17
5,hru05,0.869,0.0,0.0,0.0,0.0,0.0,0.0,0.0,0.0,0.0,2019-09-17
6,hru06,0.869,0.0,0.0,0.0,0.0,0.0,0.0,0.0,0.0,0.0,2019-09-17
7,hru07,0.874,0.0,0.0,0.0,0.0,0.0,0.0,0.0,0.0,0.0,2019-09-17
8,hru08,0.859,0.0,0.0,0.0,0.0,0.0,0.0,0.0,0.0,0.0,2019-09-17
9,hru09,0.87,0.0,0.0,0.0,0.0,0.0,0.0,0.0,0.0,0.0,2019-09-17
10,hru10,0.87,0.0,0.0,0.0,0.0,0.0,0.0,0.0,0.0,0.0,2019-09-17
11,hru11,0.874,0.0,0.0,0.0,0.0,0.0,0.0,0.0,0.0,0.0,2019-09-17
12,hru12,0.873,0.0,0.0,0.0,0.0,0.0,0.0,0.0,0.0,0.0,2019-09-17
13,hru13,0.876,0.0,0.0,0.0,0.0,0.0,0.0,0.0,0.0,0.0,2019-09-17
14,hru14,0.873,0.0,0.0,0.0,0.0,0.0,0.0,0.0,0.0,0.0,2019-09-17
15,hru15,0.879,0.0,0.0,0.0,0.0,0.0,0.0,0.0,0.0,0.0,2019-09-17
16,hru16,0.873,0.0,0.0,0.0,0.0,0.0,0.0,0.0,0.0,0.0,2019-09-17
17,hru17,0.878,0.0,0.0,0.0,0.0,0.0,0.0,0.0,0.0,0.0,2019-09-17
18,hru18,0.879,0.0,0.0,0.0,0.0,0.0,0.0,0.0,0.0,0.0,2019-09-17
19,hru19,0.883,0.0,0.0,0.0,0.0,0.0,0.0,0.0,0.0,0.0,2019-09-17
20,hru20,0.881,0.0,0.0,0.0,0.0,0.0,0.0,0.0,0.0,0.0,2019-09-17
21,hru21,0.879,0.0,0.0,0.0,0.0,0.0,0.0,0.0,0.0,0.0,2019-09-17
22,hru22,0.879,0.0,0.0,0.0,0.0,0.0,0.0,0.0,0.0,0.0,2019-09-17
23,hru23,0.879,0.0,0.0,0.0,0.0,0.0,0.0,0.0,0.0,0.0,2019-09-17
24,hru24,0.879,0.0,0.0,0.0,0.0,0.0,0.0,0.0,0.0,0.0,2019-09-17
25,hru25,0.881,0.0,0.0,0.0,0.0,0.0,0.0,0.0,0.0,0.0,2019-09-17
26,hru26,0.881,0.0,0.0,0.0,0.0,0.0,0.0,0.0,0.0,0.0,2019-09-17
27,hru27,0.873,0.0,0.0,0.0,0.0,0.0,0.0,0.0,0.0,0.0,2019-09-17
28,hru28,0.874,0.0,0.0,0.0,0.0,0.0,0.0,0.0,0.0,0.0,2019-09-17
29,hru29,0.873,0.0,0.0,0.0,0.0,0.0,0.0,0.0,0.0,0.0,2019-09-17
30,hru30,0.872,0.0,0.0,0.0,0.0,0.0,0.0,0.0,0.0,0.0,2019-09-17
31,hru31,0.866,0.0,0.0,0.0,0.0,0.0,0.0,0.0,0.0,0.0,2019-09-17
32,hru32,0.876,0.0,0.0,0.0,0.0,0.0,0.0,0.0,0.0,0.0,2019-09-17
33,hru33,0.871,0.0,0.0,0.0,0.0,0.0,0.0,0.0,0.0,0.0,2019-09-17
34,hru34,0.871,0.0,0.0,0.0,0.0,0.0,0.0,0.0,0.0,0.0,2019-09-17
35,hru35,0.866,0.0,0.0,0.0,0.0,0.0,0.0,0.0,0.0,0.0,2019-09-17
36,hru36,0.871,0.0,0.0,0.0,0.0,0.0,0.0,0.0,0.0,0.0,2019-09-17
1,hru01,0.873,0.0,0.0,0.0,0.0,0.0,0.0,0.0,0.0,0.0,2019-09-18
2,hru02,0.877,0.0,0.0,0.0,0.0,0.0,0.0,0.0,0.0,0.0,2019-09-18
3,hru03,0.866,0.0,0.0,0.0,0.0,0.0,0.0,0.0,0.0,0.0,2019-09-18
4,hru04,0.87,0.0,0.0,0.0,0.0,0.0,0.0,0.0,0.0,0.0,2019-09-18
5,hru05,0.875,0.0,0.0,0.0,0.0,0.0,0.0,0.0,0.0,0.0,2019-09-18
6,hru06,0.875,0.0,0.0,0.0,0.0,0.0,0.0,0.0,0.0,0.0,2019-09-18
7,hru07,0.881,0.0,0.0,0.0,0.0,0.0,0.0,0.0,0.0,0.0,2019-09-18
8,hru08,0.866,0.0,0.0,0.0,0.0,0.0,0.0,0.0,0.0,0.0,2019-09-18
9,hru09,0.877,0.0,0.0,0.0,0.0,0.0,0.0,0.0,0.0,0.0,2019-09-18
10,hru10,0.877,0.0,0.0,0.0,0.0,0.0,0.0,0.0,0.0,0.0,2019-09-18
11,hru11,0.88,0.0,0.0,0.0,0.0,0.0,0.0,0.0,0.0,0.0,2019-09-18
12,hru12,0.88,0.0,0.0,0.0,0.0,0.0,0.0,0.0,0.0,0.0,2019-09-18
13,hru13,0.882,0.0,0.0,0.0,0.0,0.0,0.0,0.0,0.0,0.0,2019-09-18
14,hru14,0.88,0.0,0.0,0.0,0.0,0.0,0.0,0.0,0.0,0.0,2019-09-18
15,hru15,0.886,0.0,0.0,0.0,0.0,0.0,0.0,0.0,0.0,0.0,2019-09-18
16,hru16,0.88,0.0,0.0,0.0,0.0,0.0,0.0,0.0,0.0,0.0,2019-09-18
17,hru17,0.885,0.0,0.0,0.0,0.0,0.0,0.0,0.0,0.0,0.0,2019-09-18
18,hru18,0.886,0.0,0.0,0.0,0.0,0.0,0.0,0.0,0.0,0.0,2019-09-18
19,hru19,0.89,0.0,0.0,0.0,0.0,0.0,0.0,0.0,0.0,0.0,2019-09-18
20,hru20,0.887,0.0,0.0,0.0,0.0,0.0,0.0,0.0,0.0,0.0,2019-09-18
21,hru21,0.886,0.0,0.0,0.0,0.0,0.0,0.0,0.0,0.0,0.0,2019-09-18
22,hru22,0.886,0.0,0.0,0.0,0.0,0.0,0.0,0.0,0.0,0.0,2019-09-18
23,hru23,0.886,0.0,0.0,0.0,0.0,0.0,0.0,0.0,0.0,0.0,2019-09-18
24,hru24,0.886,0.0,0.0,0.0,0.0,0.0,0.0,0.0,0.0,0.0,2019-09-18
25,hru25,0.887,0.0,0.0,0.0,0.0,0.0,0.0,0.0,0.0,0.0,2019-09-18
26,hru26,0.887,0.0,0.0,0.0,0.0,0.0,0.0,0.0,0.0,0.0,2019-09-18
27,hru27,0.88,0.0,0.0,0.0,0.0,0.0,0.0,0.0,0.0,0.0,2019-09-18
28,hru28,0.88,0.0,0.0,0.0,0.0,0.0,0.0,0.0,0.0,0.0,2019-09-18
29,hru29,0.88,0.0,0.0,0.0,0.0,0.0,0.0,0.0,0.0,0.0,2019-09-18
30,hru30,0.878,0.0,0.0,0.0,0.0,0.0,0.0,0.0,0.0,0.0,2019-09-18
31,hru31,0.873,0.0,0.0,0.0,0.0,0.0,0.0,0.0,0.0,0.0,2019-09-18
32,hru32,0.882,0.0,0.0,0.0,0.0,0.0,0.0,0.0,0.0,0.0,2019-09-18
33,hru33,0.878,0.0,0.0,0.0,0.0,0.0,0.0,0.0,0.0,0.0,2019-09-18
34,hru34,0.878,0.0,0.0,0.0,0.0,0.0,0.0,0.0,0.0,0.0,2019-09-18
35,hru35,0.873,0.0,0.0,0.0,0.0,0.0,0.0,0.0,0.0,0.0,2019-09-18
36,hru36,0.878,0.0,0.0,0.0,0.0,0.0,0.0,0.0,0.0,0.0,2019-09-18
1,hru01,0.879,0.0,0.0,0.0,0.0,0.0,0.0,0.0,0.0,0.0,2019-09-19
2,hru02,0.883,0.0,0.0,0.0,0.0,0.0,0.0,0.0,0.0,0.0,2019-09-19
3,hru03,0.872,0.0,0.0,0.0,0.0,0.0,0.0,0.0,0.0,0.0,2019-09-19
4,hru04,0.877,0.0,0.0,0.0,0.0,0.0,0.0,0.0,0.0,0.0,2019-09-19
5,hru05,0.882,0.0,0.0,0.0,0.0,0.0,0.0,0.0,0.0,0.0,2019-09-19
6,hru06,0.882,0.0,0.0,0.0,0.0,0.0,0.0,0.0,0.0,0.0,2019-09-19
7,hru07,0.887,0.0,0.0,0.0,0.0,0.0,0.0,0.0,0.0,0.0,2019-09-19
8,hru08,0.872,0.0,0.0,0.0,0.0,0.0,0.0,0.0,0.0,0.0,2019-09-19
9,hru09,0.883,0.0,0.0,0.0,0.0,0.0,0.0,0.0,0.0,0.0,2019-09-19
10,hru10,0.883,0.0,0.0,0.0,0.0,0.0,0.0,0.0,0.0,0.0,2019-09-19
11,hru11,0.887,0.0,0.0,0.0,0.0,0.0,0.0,0.0,0.0,0.0,2019-09-19
12,hru12,0.886,0.0,0.0,0.0,0.0,0.0,0.0,0.0,0.0,0.0,2019-09-19
13,hru13,0.889,0.0,0.0,0.0,0.0,0.0,0.0,0.0,0.0,0.0,2019-09-19
14,hru14,0.886,0.0,0.0,0.0,0.0,0.0,0.0,0.0,0.0,0.0,2019-09-19
15,hru15,0.892,0.0,0.0,0.0,0.0,0.0,0.0,0.0,0.0,0.0,2019-09-19
16,hru16,0.886,0.0,0.0,0.0,0.0,0.0,0.0,0.0,0.0,0.0,2019-09-19
17,hru17,0.891,0.0,0.0,0.0,0.0,0.0,0.0,0.0,0.0,0.0,2019-09-19
18,hru18,0.892,0.0,0.0,0.0,0.0,0.0,0.0,0.0,0.0,0.0,2019-09-19
19,hru19,0.896,0.0,0.0,0.0,0.0,0.0,0.0,0.0,0.0,0.0,2019-09-19
20,hru20,0.893,0.0,0.0,0.0,0.0,0.0,0.0,0.0,0.0,0.0,2019-09-19
21,hru21,0.892,0.0,0.0,0.0,0.0,0.0,0.0,0.0,0.0,0.0,2019-09-19
22,hru22,0.892,0.0,0.0,0.0,0.0,0.0,0.0,0.0,0.0,0.0,2019-09-19
23,hru23,0.892,0.0,0.0,0.0,0.0,0.0,0.0,0.0,0.0,0.0,2019-09-19
24,hru24,0.892,0.0,0.0,0.0,0.0,0.0,0.0,0.0,0.0,0.0,2019-09-19
25,hru25,0.893,0.0,0.0,0.0,0.0,0.0,0.0,0.0,0.0,0.0,2019-09-19
26,hru26,0.894,0.0,0.0,0.0,0.0,0.0,0.0,0.0,0.0,0.0,2019-09-19
27,hru27,0.886,0.0,0.0,0.0,0.0,0.0,0.0,0.0,0.0,0.0,2019-09-19
28,hru28,0.887,0.0,0.0,0.0,0.0,0.0,0.0,0.0,0.0,0.0,2019-09-19
29,hru29,0.886,0.0,0.0,0.0,0.0,0.0,0.0,0.0,0.0,0.0,2019-09-19
30,hru30,0.885,0.0,0.0,0.0,0.0,0.0,0.0,0.0,0.0,0.0,2019-09-19
31,hru31,0.879,0.0,0.0,0.0,0.0,0.0,0.0,0.0,0.0,0.0,2019-09-19
32,hru32,0.889,0.0,0.0,0.0,0.0,0.0,0.0,0.0,0.0,0.0,2019-09-19
33,hru33,0.884,0.0,0.0,0.0,0.0,0.0,0.0,0.0,0.0,0.0,2019-09-19
34,hru34,0.884,0.0,0.0,0.0,0.0,0.0,0.0,0.0,0.0,0.0,2019-09-19
35,hru35,0.879,0.0,0.0,0.0,0.0,0.0,0.0,0.0,0.0,0.0,2019-09-19
36,hru36,0.884,0.0,0.0,0.0,0.0,0.0,0.0,0.0,0.0,0.0,2019-09-19
1,hru01,0.886,0.0,0.0,0.0,0.0,0.0,0.0,0.0,0.0,0.0,2019-09-20
2,hru02,0.89,0.0,0.0,0.0,0.0,0.0,0.0,0.0,0.0,0.0,2019-09-20
3,hru03,0.879,0.0,0.0,0.0,0.0,0.0,0.0,0.0,0.0,0.0,2019-09-20
4,hru04,0.883,0.0,0.0,0.0,0.0,0.0,0.0,0.0,0.0,0.0,2019-09-20
5,hru05,0.889,0.0,0.0,0.0,0.0,0.0,0.0,0.0,0.0,0.0,2019-09-20
6,hru06,0.889,0.0,0.0,0.0,0.0,0.0,0.0,0.0,0.0,0.0,2019-09-20
7,hru07,0.894,0.0,0.0,0.0,0.0,0.0,0.0,0.0,0.0,0.0,2019-09-20
8,hru08,0.879,0.0,0.0,0.0,0.0,0.0,0.0,0.0,0.0,0.0,2019-09-20
9,hru09,0.89,0.0,0.0,0.0,0.0,0.0,0.0,0.0,0.0,0.0,2019-09-20
10,hru10,0.89,0.0,0.0,0.0,0.0,0.0,0.0,0.0,0.0,0.0,2019-09-20
11,hru11,0.894,0.0,0.0,0.0,0.0,0.0,0.0,0.0,0.0,0.0,2019-09-20
12,hru12,0.893,0.0,0.0,0.0,0.0,0.0,0.0,0.0,0.0,0.0,2019-09-20
13,hru13,0.896,0.0,0.0,0.0,0.0,0.0,0.0,0.0,0.0,0.0,2019-09-20
14,hru14,0.893,0.0,0.0,0.0,0.0,0.0,0.0,0.0,0.0,0.0,2019-09-20
15,hru15,0.899,0.0,0.0,0.0,0.0,0.0,0.0,0.0,0.0,0.0,2019-09-20
16,hru16,0.893,0.0,0.0,0.0,0.0,0.0,0.0,0.0,0.0,0.0,2019-09-20
17,hru17,0.898,0.0,0.0,0.0,0.0,0.0,0.0,0.0,0.0,0.0,2019-09-20
18,hru18,0.899,0.0,0.0,0.0,0.0,0.0,0.0,0.0,0.0,0.0,2019-09-20
19,hru19,0.903,0.0,0.0,0.0,0.0,0.0,0.0,0.0,0.0,0.0,2019-09-20
20,hru20,0.9,0.0,0.0,0.0,0.0,0.0,0.0,0.0,0.0,0.0,2019-09-20
21,hru21,0.899,0.0,0.0,0.0,0.0,0.0,0.0,0.0,0.0,0.0,2019-09-20
22,hru22,0.899,0.0,0.0,0.0,0.0,0.0,0.0,0.0,0.0,0.0,2019-09-20
23,hru23,0.899,0.0,0.0,0.0,0.0,0.0,0.0,0.0,0.0,0.0,2019-09-20
24,hru24,0.899,0.0,0.0,0.0,0.0,0.0,0.0,0.0,0.0,0.0,2019-09-20
25,hru25,0.9,0.0,0.0,0.0,0.0,0.0,0.0,0.0,0.0,0.0,2019-09-20
26,hru26,0.9,0.0,0.0,0.0,0.0,0.0,0.0,0.0,0.0,0.0,2019-09-20
27,hru27,0.893,0.0,0.0,0.0,0.0,0.0,0.0,0.0,0.0,0.0,2019-09-20
28,hru28,0.894,0.0,0.0,0.0,0.0,0.0,0.0,0.0,0.0,0.0,2019-09-20
29,hru29,0.893,0.0,0.0,0.0,0.0,0.0,0.0,0.0,0.0,0.0,2019-09-20
30,hru30,0.891,0.0,0.0,0.0,0.0,0.0,0.0,0.0,0.0,0.0,2019-09-20
31,hru31,0.886,0.0,0.0,0.0,0.0,0.0,0.0,0.0,0.0,0.0,2019-09-20
32,hru32,0.896,0.0,0.0,0.0,0.0,0.0,0.0,0.0,0.0,0.0,2019-09-20
33,hru33,0.891,0.0,0.0,0.0,0.0,0.0,0.0,0.0,0.0,0.0,2019-09-20
34,hru34,0.891,0.0,0.0,0.0,0.0,0.0,0.0,0.0,0.0,0.0,2019-09-20
35,hru35,0.886,0.0,0.0,0.0,0.0,0.0,0.0,0.0,0.0,0.0,2019-09-20
36,hru36,0.891,0.0,0.0,0.0,0.0,0.0,0.0,0.0,0.0,0.0,2019-09-20
1,hru01,0.892,0.0,0.0,0.0,0.0,0.0,0.0,0.0,0.0,0.0,2019-09-21
2,hru02,0.896,0.0,0.0,0.0,0.0,0.0,0.0,0.0,0.0,0.0,2019-09-21
3,hru03,0.885,0.0,0.0,0.0,0.0,0.0,0.0,0.0,0.0,0.0,2019-09-21
4,hru04,0.889,0.0,0.0,0.0,0.0,0.0,0.0,0.0,0.0,0.0,2019-09-21
5,hru05,0.894,0.0,0.0,0.0,0.0,0.0,0.0,0.0,0.0,0.0,2019-09-21
6,hru06,0.894,0.0,0.0,0.0,0.0,0.0,0.0,0.0,0.0,0.0,2019-09-21
7,hru07,0.9,0.0,0.0,0.0,0.0,0.0,0.0,0.0,0.0,0.0,2019-09-21
8,hru08,0.885,0.0,0.0,0.0,0.0,0.0,0.0,0.0,0.0,0.0,2019-09-21
9,hru09,0.896,0.0,0.0,0.0,0.0,0.0,0.0,0.0,0.0,0.0,2019-09-21
10,hru10,0.896,0.0,0.0,0.0,0.0,0.0,0.0,0.0,0.0,0.0,2019-09-21
11,hru11,0.9,0.0,0.0,0.0,0.0,0.0,0.0,0.0,0.0,0.0,2019-09-21
12,hru12,0.899,0.0,0.0,0.0,0.0,0.0,0.0,0.0,0.0,0.0,2019-09-21
13,hru13,0.902,0.0,0.0,0.0,0.0,0.0,0.0,0.0,0.0,0.0,2019-09-21
14,hru14,0.899,0.0,0.0,0.0,0.0,0.0,0.0,0.0,0.0,0.0,2019-09-21
15,hru15,0.905,0.0,0.0,0.0,0.0,0.0,0.0,0.0,0.0,0.0,2019-09-21
16,hru16,0.899,0.0,0.0,0.0,0.0,0.0,0.0,0.0,0.0,0.0,2019-09-21
17,hru17,0.904,0.0,0.0,0.0,0.0,0.0,0.0,0.0,0.0,0.0,2019-09-21
18,hru18,0.905,0.0,0.0,0.0,0.0,0.0,0.0,0.0,0.0,0.0,2019-09-21
19,hru19,0.909,0.0,0.0,0.0,0.0,0.0,0.0,0.0,0.0,0.0,2019-09-21
20,hru20,0.906,0.0,0.0,0.0,0.0,0.0,0.0,0.0,0.0,0.0,2019-09-21
21,hru21,0.905,0.0,0.0,0.0,0.0,0.0,0.0,0.0,0.0,0.0,2019-09-21
22,hru22,0.905,0.0,0.0,0.0,0.0,0.0,0.0,0.0,0.0,0.0,2019-09-21
23,hru23,0.905,0.0,0.0,0.0,0.0,0.0,0.0,0.0,0.0,0.0,2019-09-21
24,hru24,0.905,0.0,0.0,0.0,0.0,0.0,0.0,0.0,0.0,0.0,2019-09-21
25,hru25,0.906,0.0,0.0,0.0,0.0,0.0,0.0,0.0,0.0,0.0,2019-09-21
26,hru26,0.906,0.0,0.0,0.0,0.0,0.0,0.0,0.0,0.0,0.0,2019-09-21
27,hru27,0.899,0.0,0.0,0.0,0.0,0.0,0.0,0.0,0.0,0.0,2019-09-21
28,hru28,0.9,0.0,0.0,0.0,0.0,0.0,0.0,0.0,0.0,0.0,2019-09-21
29,hru29,0.899,0.0,0.0,0.0,0.0,0.0,0.0,0.0,0.0,0.0,2019-09-21
30,hru30,0.897,0.0,0.0,0.0,0.0,0.0,0.0,0.0,0.0,0.0,2019-09-21
31,hru31,0.892,0.0,0.0,0.0,0.0,0.0,0.0,0.0,0.0,0.0,2019-09-21
32,hru32,0.902,0.0,0.0,0.0,0.0,0.0,0.0,0.0,0.0,0.0,2019-09-21
33,hru33,0.897,0.0,0.0,0.0,0.0,0.0,0.0,0.0,0.0,0.0,2019-09-21
34,hru34,0.897,0.0,0.0,0.0,0.0,0.0,0.0,0.0,0.0,0.0,2019-09-21
35,hru35,0.892,0.0,0.0,0.0,0.0,0.0,0.0,0.0,0.0,0.0,2019-09-21
36,hru36,0.897,0.0,0.0,0.0,0.0,0.0,0.0,0.0,0.0,0.0,2019-09-21
1,hru01,0.896,0.0,0.0,0.0,0.0,0.0,0.0,0.0,0.0,0.0,2019-09-22
2,hru02,0.9,0.0,0.0,0.0,0.0,0.0,0.0,0.0,0.0,0.0,2019-09-22
3,hru03,0.889,0.0,0.0,0.0,0.0,0.0,0.0,0.0,0.0,0.0,2019-09-22
4,hru04,0.894,0.0,0.0,0.0,0.0,0.0,0.0,0.0,0.0,0.0,2019-09-22
5,hru05,0.899,0.0,0.0,0.0,0.0,0.0,0.0,0.0,0.0,0.0,2019-09-22
6,hru06,0.899,0.0,0.0,0.0,0.0,0.0,0.0,0.0,0.0,0.0,2019-09-22
7,hru07,0.904,0.0,0.0,0.0,0.0,0.0,0.0,0.0,0.0,0.0,2019-09-22
8,hru08,0.889,0.0,0.0,0.0,0.0,0.0,0.0,0.0,0.0,0.0,2019-09-22
9,hru09,0.9,0.0,0.0,0.0,0.0,0.0,0.0,0.0,0.0,0.0,2019-09-22
10,hru10,0.9,0.0,0.0,0.0,0.0,0.0,0.0,0.0,0.0,0.0,2019-09-22
11,hru11,0.904,0.0,0.0,0.0,0.0,0.0,0.0,0.0,0.0,0.0,2019-09-22
12,hru12,0.903,0.0,0.0,0.0,0.0,0.0,0.0,0.0,0.0,0.0,2019-09-22
13,hru13,0.906,0.0,0.0,0.0,0.0,0.0,0.0,0.0,0.0,0.0,2019-09-22
14,hru14,0.903,0.0,0.0,0.0,0.0,0.0,0.0,0.0,0.0,0.0,2019-09-22
15,hru15,0.909,0.0,0.0,0.0,0.0,0.0,0.0,0.0,0.0,0.0,2019-09-22
16,hru16,0.903,0.0,0.0,0.0,0.0,0.0,0.0,0.0,0.0,0.0,2019-09-22
17,hru17,0.908,0.0,0.0,0.0,0.0,0.0,0.0,0.0,0.0,0.0,2019-09-22
18,hru18,0.909,0.0,0.0,0.0,0.0,0.0,0.0,0.0,0.0,0.0,2019-09-22
19,hru19,0.913,0.0,0.0,0.0,0.0,0.0,0.0,0.0,0.0,0.0,2019-09-22
20,hru20,0.91,0.0,0.0,0.0,0.0,0.0,0.0,0.0,0.0,0.0,2019-09-22
21,hru21,0.909,0.0,0.0,0.0,0.0,0.0,0.0,0.0,0.0,0.0,2019-09-22
22,hru22,0.909,0.0,0.0,0.0,0.0,0.0,0.0,0.0,0.0,0.0,2019-09-22
23,hru23,0.909,0.0,0.0,0.0,0.0,0.0,0.0,0.0,0.0,0.0,2019-09-22
24,hru24,0.909,0.0,0.0,0.0,0.0,0.0,0.0,0.0,0.0,0.0,2019-09-22
25,hru25,0.91,0.0,0.0,0.0,0.0,0.0,0.0,0.0,0.0,0.0,2019-09-22
26,hru26,0.911,0.0,0.0,0.0,0.0,0.0,0.0,0.0,0.0,0.0,2019-09-22
27,hru27,0.903,0.0,0.0,0.0,0.0,0.0,0.0,0.0,0.0,0.0,2019-09-22
28,hru28,0.904,0.0,0.0,0.0,0.0,0.0,0.0,0.0,0.0,0.0,2019-09-22
29,hru29,0.903,0.0,0.0,0.0,0.0,0.0,0.0,0.0,0.0,0.0,2019-09-22
30,hru30,0.902,0.0,0.0,0.0,0.0,0.0,0.0,0.0,0.0,0.0,2019-09-22
31,hru31,0.896,0.0,0.0,0.0,0.0,0.0,0.0,0.0,0.0,0.0,2019-09-22
32,hru32,0.906,0.0,0.0,0.0,0.0,0.0,0.0,0.0,0.0,0.0,2019-09-22
33,hru33,0.901,0.0,0.0,0.0,0.0,0.0,0.0,0.0,0.0,0.0,2019-09-22
34,hru34,0.901,0.0,0.0,0.0,0.0,0.0,0.0,0.0,0.0,0.0,2019-09-22
35,hru35,0.896,0.0,0.0,0.0,0.0,0.0,0.0,0.0,0.0,0.0,2019-09-22
36,hru36,0.901,0.0,0.0,0.0,0.0,0.0,0.0,0.0,0.0,0.0,2019-09-22
1,hru01,0.901,0.0,0.0,0.0,0.0,0.0,0.0,0.0,0.0,0.0,2019-09-23
2,hru02,0.905,0.0,0.0,0.0,0.0,0.0,0.0,0.0,0.0,0.0,2019-09-23
3,hru03,0.894,0.0,0.0,0.0,0.0,0.0,0.0,0.0,0.0,0.0,2019-09-23
4,hru04,0.898,0.0,0.0,0.0,0.0,0.0,0.0,0.0,0.0,0.0,2019-09-23
5,hru05,0.904,0.0,0.0,0.0,0.0,0.0,0.0,0.0,0.0,0.0,2019-09-23
6,hru06,0.904,0.0,0.0,0.0,0.0,0.0,0.0,0.0,0.0,0.0,2019-09-23
7,hru07,0.909,0.0,0.0,0.0,0.0,0.0,0.0,0.0,0.0,0.0,2019-09-23
8,hru08,0.894,0.0,0.0,0.0,0.0,0.0,0.0,0.0,0.0,0.0,2019-09-23
9,hru09,0.905,0.0,0.0,0.0,0.0,0.0,0.0,0.0,0.0,0.0,2019-09-23
10,hru10,0.905,0.0,0.0,0.0,0.0,0.0,0.0,0.0,0.0,0.0,2019-09-23
11,hru11,0.909,0.0,0.0,0.0,0.0,0.0,0.0,0.0,0.0,0.0,2019-09-23
12,hru12,0.908,0.0,0.0,0.0,0.0,0.0,0.0,0.0,0.0,0.0,2019-09-23
13,hru13,0.911,0.0,0.0,0.0,0.0,0.0,0.0,0.0,0.0,0.0,2019-09-23
14,hru14,0.908,0.0,0.0,0.0,0.0,0.0,0.0,0.0,0.0,0.0,2019-09-23
15,hru15,0.914,0.0,0.0,0.0,0.0,0.0,0.0,0.0,0.0,0.0,2019-09-23
16,hru16,0.908,0.0,0.0,0.0,0.0,0.0,0.0,0.0,0.0,0.0,2019-09-23
17,hru17,0.913,0.0,0.0,0.0,0.0,0.0,0.0,0.0,0.0,0.0,2019-09-23
18,hru18,0.914,0.0,0.0,0.0,0.0,0.0,0.0,0.0,0.0,0.0,2019-09-23
19,hru19,0.918,0.0,0.0,0.0,0.0,0.0,0.0,0.0,0.0,0.0,2019-09-23
20,hru20,0.915,0.0,0.0,0.0,0.0,0.0,0.0,0.0,0.0,0.0,2019-09-23
21,hru21,0.914,0.0,0.0,0.0,0.0,0.0,0.0,0.0,0.0,0.0,2019-09-23
22,hru22,0.914,0.0,0.0,0.0,0.0,0.0,0.0,0.0,0.0,0.0,2019-09-23
23,hru23,0.914,0.0,0.0,0.0,0.0,0.0,0.0,0.0,0.0,0.0,2019-09-23
24,hru24,0.914,0.0,0.0,0.0,0.0,0.0,0.0,0.0,0.0,0.0,2019-09-23
25,hru25,0.915,0.0,0.0,0.0,0.0,0.0,0.0,0.0,0.0,0.0,2019-09-23
26,hru26,0.916,0.0,0.0,0.0,0.0,0.0,0.0,0.0,0.0,0.0,2019-09-23
27,hru27,0.908,0.0,0.0,0.0,0.0,0.0,0.0,0.0,0.0,0.0,2019-09-23
28,hru28,0.909,0.0,0.0,0.0,0.0,0.0,0.0,0.0,0.0,0.0,2019-09-23
29,hru29,0.908,0.0,0.0,0.0,0.0,0.0,0.0,0.0,0.0,0.0,2019-09-23
30,hru30,0.907,0.0,0.0,0.0,0.0,0.0,0.0,0.0,0.0,0.0,2019-09-23
31,hru31,0.901,0.0,0.0,0.0,0.0,0.0,0.0,0.0,0.0,0.0,2019-09-23
32,hru32,0.911,0.0,0.0,0.0,0.0,0.0,0.0,0.0,0.0,0.0,2019-09-23
33,hru33,0.906,0.0,0.0,0.0,0.0,0.0,0.0,0.0,0.0,0.0,2019-09-23
34,hru34,0.906,0.0,0.0,0.0,0.0,0.0,0.0,0.0,0.0,0.0,2019-09-23
35,hru35,0.901,0.0,0.0,0.0,0.0,0.0,0.0,0.0,0.0,0.0,2019-09-23
36,hru36,0.906,0.0,0.0,0.0,0.0,0.0,0.0,0.0,0.0,0.0,2019-09-23
1,hru01,0.907,0.0,0.0,0.0,0.0,0.0,0.0,0.0,0.0,0.0,2019-09-24
2,hru02,0.911,0.0,0.0,0.0,0.0,0.0,0.0,0.0,0.0,0.0,2019-09-24
3,hru03,0.9,0.0,0.0,0.0,0.0,0.0,0.0,0.0,0.0,0.0,2019-09-24
4,hru04,0.905,0.0,0.0,0.0,0.0,0.0,0.0,0.0,0.0,0.0,2019-09-24
5,hru05,0.91,0.0,0.0,0.0,0.0,0.0,0.0,0.0,0.0,0.0,2019-09-24
6,hru06,0.91,0.0,0.0,0.0,0.0,0.0,0.0,0.0,0.0,0.0,2019-09-24
7,hru07,0.915,0.0,0.0,0.0,0.0,0.0,0.0,0.0,0.0,0.0,2019-09-24
8,hru08,0.9,0.0,0.0,0.0,0.0,0.0,0.0,0.0,0.0,0.0,2019-09-24
9,hru09,0.912,0.0,0.0,0.0,0.0,0.0,0.0,0.0,0.0,0.0,2019-09-24
10,hru10,0.912,0.0,0.0,0.0,0.0,0.0,0.0,0.0,0.0,0.0,2019-09-24
11,hru11,0.915,0.0,0.0,0.0,0.0,0.0,0.0,0.0,0.0,0.0,2019-09-24
12,hru12,0.914,0.0,0.0,0.0,0.0,0.0,0.0,0.0,0.0,0.0,2019-09-24
13,hru13,0.917,0.0,0.0,0.0,0.0,0.0,0.0,0.0,0.0,0.0,2019-09-24
14,hru14,0.914,0.0,0.0,0.0,0.0,0.0,0.0,0.0,0.0,0.0,2019-09-24
15,hru15,0.92,0.0,0.0,0.0,0.0,0.0,0.0,0.0,0.0,0.0,2019-09-24
16,hru16,0.914,0.0,0.0,0.0,0.0,0.0,0.0,0.0,0.0,0.0,2019-09-24
17,hru17,0.919,0.0,0.0,0.0,0.0,0.0,0.0,0.0,0.0,0.0,2019-09-24
18,hru18,0.921,0.0,0.0,0.0,0.0,0.0,0.0,0.0,0.0,0.0,2019-09-24
19,hru19,0.925,0.0,0.0,0.0,0.0,0.0,0.0,0.0,0.0,0.0,2019-09-24
20,hru20,0.922,0.0,0.0,0.0,0.0,0.0,0.0,0.0,0.0,0.0,2019-09-24
21,hru21,0.92,0.0,0.0,0.0,0.0,0.0,0.0,0.0,0.0,0.0,2019-09-24
22,hru22,0.921,0.0,0.0,0.0,0.0,0.0,0.0,0.0,0.0,0.0,2019-09-24
23,hru23,0.921,0.0,0.0,0.0,0.0,0.0,0.0,0.0,0.0,0.0,2019-09-24
24,hru24,0.921,0.0,0.0,0.0,0.0,0.0,0.0,0.0,0.0,0.0,2019-09-24
25,hru25,0.922,0.0,0.0,0.0,0.0,0.0,0.0,0.0,0.0,0.0,2019-09-24
26,hru26,0.922,0.0,0.0,0.0,0.0,0.0,0.0,0.0,0.0,0.0,2019-09-24
27,hru27,0.914,0.0,0.0,0.0,0.0,0.0,0.0,0.0,0.0,0.0,2019-09-24
28,hru28,0.915,0.0,0.0,0.0,0.0,0.0,0.0,0.0,0.0,0.0,2019-09-24
29,hru29,0.914,0.0,0.0,0.0,0.0,0.0,0.0,0.0,0.0,0.0,2019-09-24
30,hru30,0.913,0.0,0.0,0.0,0.0,0.0,0.0,0.0,0.0,0.0,2019-09-24
31,hru31,0.907,0.0,0.0,0.0,0.0,0.0,0.0,0.0,0.0,0.0,2019-09-24
32,hru32,0.917,0.0,0.0,0.0,0.0,0.0,0.0,0.0,0.0,0.0,2019-09-24
33,hru33,0.912,0.0,0.0,0.0,0.0,0.0,0.0,0.0,0.0,0.0,2019-09-24
34,hru34,0.912,0.0,0.0,0.0,0.0,0.0,0.0,0.0,0.0,0.0,2019-09-24
35,hru35,0.907,0.0,0.0,0.0,0.0,0.0,0.0,0.0,0.0,0.0,2019-09-24
36,hru36,0.912,0.0,0.0,0.0,0.0,0.0,0.0,0.0,0.0,0.0,2019-09-24
1,hru01,0.911,0.0,0.0,0.0,0.0,0.0,0.0,0.0,0.0,0.0,2019-09-25
2,hru02,0.915,0.0,0.0,0.0,0.0,0.0,0.0,0.0,0.0,0.0,2019-09-25
3,hru03,0.904,0.0,0.0,0.0,0.0,0.0,0.0,0.0,0.0,0.0,2019-09-25
4,hru04,0.908,0.0,0.0,0.0,0.0,0.0,0.0,0.0,0.0,0.0,2019-09-25
5,hru05,0.914,0.0,0.0,0.0,0.0,0.0,0.0,0.0,0.0,0.0,2019-09-25
6,hru06,0.914,0.0,0.0,0.0,0.0,0.0,0.0,0.0,0.0,0.0,2019-09-25
7,hru07,0.919,0.0,0.0,0.0,0.0,0.0,0.0,0.0,0.0,0.0,2019-09-25
8,hru08,0.904,0.0,0.0,0.0,0.0,0.0,0.0,0.0,0.0,0.0,2019-09-25
9,hru09,0.915,0.0,0.0,0.0,0.0,0.0,0.0,0.0,0.0,0.0,2019-09-25
10,hru10,0.915,0.0,0.0,0.0,0.0,0.0,0.0,0.0,0.0,0.0,2019-09-25
11,hru11,0.919,0.0,0.0,0.0,0.0,0.0,0.0,0.0,0.0,0.0,2019-09-25
12,hru12,0.918,0.0,0.0,0.0,0.0,0.0,0.0,0.0,0.0,0.0,2019-09-25
13,hru13,0.921,0.0,0.0,0.0,0.0,0.0,0.0,0.0,0.0,0.0,2019-09-25
14,hru14,0.918,0.0,0.0,0.0,0.0,0.0,0.0,0.0,0.0,0.0,2019-09-25
15,hru15,0.924,0.0,0.0,0.0,0.0,0.0,0.0,0.0,0.0,0.0,2019-09-25
16,hru16,0.918,0.0,0.0,0.0,0.0,0.0,0.0,0.0,0.0,0.0,2019-09-25
17,hru17,0.923,0.0,0.0,0.0,0.0,0.0,0.0,0.0,0.0,0.0,2019-09-25
18,hru18,0.924,0.0,0.0,0.0,0.0,0.0,0.0,0.0,0.0,0.0,2019-09-25
19,hru19,0.929,0.0,0.0,0.0,0.0,0.0,0.0,0.0,0.0,0.0,2019-09-25
20,hru20,0.926,0.0,0.0,0.0,0.0,0.0,0.0,0.0,0.0,0.0,2019-09-25
21,hru21,0.924,0.0,0.0,0.0,0.0,0.0,0.0,0.0,0.0,0.0,2019-09-25
22,hru22,0.924,0.0,0.0,0.0,0.0,0.0,0.0,0.0,0.0,0.0,2019-09-25
23,hru23,0.924,0.0,0.0,0.0,0.0,0.0,0.0,0.0,0.0,0.0,2019-09-25
24,hru24,0.924,0.0,0.0,0.0,0.0,0.0,0.0,0.0,0.0,0.0,2019-09-25
25,hru25,0.926,0.0,0.0,0.0,0.0,0.0,0.0,0.0,0.0,0.0,2019-09-25
26,hru26,0.926,0.0,0.0,0.0,0.0,0.0,0.0,0.0,0.0,0.0,2019-09-25
27,hru27,0.918,0.0,0.0,0.0,0.0,0.0,0.0,0.0,0.0,0.0,2019-09-25
28,hru28,0.919,0.0,0.0,0.0,0.0,0.0,0.0,0.0,0.0,0.0,2019-09-25
29,hru29,0.918,0.0,0.0,0.0,0.0,0.0,0.0,0.0,0.0,0.0,2019-09-25
30,hru30,0.917,0.0,0.0,0.0,0.0,0.0,0.0,0.0,0.0,0.0,2019-09-25
31,hru31,0.911,0.0,0.0,0.0,0.0,0.0,0.0,0.0,0.0,0.0,2019-09-25
32,hru32,0.921,0.0,0.0,0.0,0.0,0.0,0.0,0.0,0.0,0.0,2019-09-25
33,hru33,0.916,0.0,0.0,0.0,0.0,0.0,0.0,0.0,0.0,0.0,2019-09-25
34,hru34,0.916,0.0,0.0,0.0,0.0,0.0,0.0,0.0,0.0,0.0,2019-09-25
35,hru35,0.911,0.0,0.0,0.0,0.0,0.0,0.0,0.0,0.0,0.0,2019-09-25
36,hru36,0.916,0.0,0.0,0.0,0.0,0.0,0.0,0.0,0.0,0.0,2019-09-25
1,hru01,0.915,0.0,0.0,0.0,0.0,0.0,0.0,0.0,0.0,0.0,2019-09-26
2,hru02,0.919,0.0,0.0,0.0,0.0,0.0,0.0,0.0,0.0,0.0,2019-09-26
3,hru03,0.908,0.0,0.0,0.0,0.0,0.0,0.0,0.0,0.0,0.0,2019-09-26
4,hru04,0.912,0.0,0.0,0.0,0.0,0.0,0.0,0.0,0.0,0.0,2019-09-26
5,hru05,0.918,0.0,0.0,0.0,0.0,0.0,0.0,0.0,0.0,0.0,2019-09-26
6,hru06,0.918,0.0,0.0,0.0,0.0,0.0,0.0,0.0,0.0,0.0,2019-09-26
7,hru07,0.923,0.0,0.0,0.0,0.0,0.0,0.0,0.0,0.0,0.0,2019-09-26
8,hru08,0.908,0.0,0.0,0.0,0.0,0.0,0.0,0.0,0.0,0.0,2019-09-26
9,hru09,0.92,0.0,0.0,0.0,0.0,0.0,0.0,0.0,0.0,0.0,2019-09-26
10,hru10,0.92,0.0,0.0,0.0,0.0,0.0,0.0,0.0,0.0,0.0,2019-09-26
11,hru11,0.923,0.0,0.0,0.0,0.0,0.0,0.0,0.0,0.0,0.0,2019-09-26
12,hru12,0.922,0.0,0.0,0.0,0.0,0.0,0.0,0.0,0.0,0.0,2019-09-26
13,hru13,0.925,0.0,0.0,0.0,0.0,0.0,0.0,0.0,0.0,0.0,2019-09-26
14,hru14,0.922,0.0,0.0,0.0,0.0,0.0,0.0,0.0,0.0,0.0,2019-09-26
15,hru15,0.928,0.0,0.0,0.0,0.0,0.0,0.0,0.0,0.0,0.0,2019-09-26
16,hru16,0.922,0.0,0.0,0.0,0.0,0.0,0.0,0.0,0.0,0.0,2019-09-26
17,hru17,0.927,0.0,0.0,0.0,0.0,0.0,0.0,0.0,0.0,0.0,2019-09-26
18,hru18,0.929,0.0,0.0,0.0,0.0,0.0,0.0,0.0,0.0,0.0,2019-09-26
19,hru19,0.933,0.0,0.0,0.0,0.0,0.0,0.0,0.0,0.0,0.0,2019-09-26
20,hru20,0.93,0.0,0.0,0.0,0.0,0.0,0.0,0.0,0.0,0.0,2019-09-26
21,hru21,0.928,0.0,0.0,0.0,0.0,0.0,0.0,0.0,0.0,0.0,2019-09-26
22,hru22,0.929,0.0,0.0,0.0,0.0,0.0,0.0,0.0,0.0,0.0,2019-09-26
23,hru23,0.929,0.0,0.0,0.0,0.0,0.0,0.0,0.0,0.0,0.0,2019-09-26
24,hru24,0.929,0.0,0.0,0.0,0.0,0.0,0.0,0.0,0.0,0.0,2019-09-26
25,hru25,0.93,0.0,0.0,0.0,0.0,0.0,0.0,0.0,0.0,0.0,2019-09-26
26,hru26,0.93,0.0,0.0,0.0,0.0,0.0,0.0,0.0,0.0,0.0,2019-09-26
27,hru27,0.922,0.0,0.0,0.0,0.0,0.0,0.0,0.0,0.0,0.0,2019-09-26
28,hru28,0.923,0.0,0.0,0.0,0.0,0.0,0.0,0.0,0.0,0.0,2019-09-26
29,hru29,0.922,0.0,0.0,0.0,0.0,0.0,0.0,0.0,0.0,0.0,2019-09-26
30,hru30,0.921,0.0,0.0,0.0,0.0,0.0,0.0,0.0,0.0,0.0,2019-09-26
31,hru31,0.915,0.0,0.0,0.0,0.0,0.0,0.0,0.0,0.0,0.0,2019-09-26
32,hru32,0.925,0.0,0.0,0.0,0.0,0.0,0.0,0.0,0.0,0.0,2019-09-26
33,hru33,0.92,0.0,0.0,0.0,0.0,0.0,0.0,0.0,0.0,0.0,2019-09-26
34,hru34,0.92,0.0,0.0,0.0,0.0,0.0,0.0,0.0,0.0,0.0,2019-09-26
35,hru35,0.915,0.0,0.0,0.0,0.0,0.0,0.0,0.0,0.0,0.0,2019-09-26
36,hru36,0.92,0.0,0.0,0.0,0.0,0.0,0.0,0.0,0.0,0.0,2019-09-26
1,hru01,0.92,0.0,0.0,0.0,0.0,0.0,0.0,0.0,0.0,0.0,2019-09-27
2,hru02,0.924,0.0,0.0,0.0,0.0,0.0,0.0,0.0,0.0,0.0,2019-09-27
3,hru03,0.912,0.0,0.0,0.0,0.0,0.0,0.0,0.0,0.0,0.0,2019-09-27
4,hru04,0.917,0.0,0.0,0.0,0.0,0.0,0.0,0.0,0.0,0.0,2019-09-27
5,hru05,0.922,0.0,0.0,0.0,0.0,0.0,0.0,0.0,0.0,0.0,2019-09-27
6,hru06,0.922,0.0,0.0,0.0,0.0,0.0,0.0,0.0,0.0,0.0,2019-09-27
7,hru07,0.927,0.0,0.0,0.0,0.0,0.0,0.0,0.0,0.0,0.0,2019-09-27
8,hru08,0.912,0.0,0.0,0.0,0.0,0.0,0.0,0.0,0.0,0.0,2019-09-27
9,hru09,0.924,0.0,0.0,0.0,0.0,0.0,0.0,0.0,0.0,0.0,2019-09-27
10,hru10,0.924,0.0,0.0,0.0,0.0,0.0,0.0,0.0,0.0,0.0,2019-09-27
11,hru11,0.927,0.0,0.0,0.0,0.0,0.0,0.0,0.0,0.0,0.0,2019-09-27
12,hru12,0.927,0.0,0.0,0.0,0.0,0.0,0.0,0.0,0.0,0.0,2019-09-27
13,hru13,0.929,0.0,0.0,0.0,0.0,0.0,0.0,0.0,0.0,0.0,2019-09-27
14,hru14,0.927,0.0,0.0,0.0,0.0,0.0,0.0,0.0,0.0,0.0,2019-09-27
15,hru15,0.933,0.0,0.0,0.0,0.0,0.0,0.0,0.0,0.0,0.0,2019-09-27
16,hru16,0.926,0.0,0.0,0.0,0.0,0.0,0.0,0.0,0.0,0.0,2019-09-27
17,hru17,0.932,0.0,0.0,0.0,0.0,0.0,0.0,0.0,0.0,0.0,2019-09-27
18,hru18,0.933,0.0,0.0,0.0,0.0,0.0,0.0,0.0,0.0,0.0,2019-09-27
19,hru19,0.937,0.0,0.0,0.0,0.0,0.0,0.0,0.0,0.0,0.0,2019-09-27
20,hru20,0.934,0.0,0.0,0.0,0.0,0.0,0.0,0.0,0.0,0.0,2019-09-27
21,hru21,0.933,0.0,0.0,0.0,0.0,0.0,0.0,0.0,0.0,0.0,2019-09-27
22,hru22,0.933,0.0,0.0,0.0,0.0,0.0,0.0,0.0,0.0,0.0,2019-09-27
23,hru23,0.933,0.0,0.0,0.0,0.0,0.0,0.0,0.0,0.0,0.0,2019-09-27
24,hru24,0.933,0.0,0.0,0.0,0.0,0.0,0.0,0.0,0.0,0.0,2019-09-27
25,hru25,0.934,0.0,0.0,0.0,0.0,0.0,0.0,0.0,0.0,0.0,2019-09-27
26,hru26,0.934,0.0,0.0,0.0,0.0,0.0,0.0,0.0,0.0,0.0,2019-09-27
27,hru27,0.927,0.0,0.0,0.0,0.0,0.0,0.0,0.0,0.0,0.0,2019-09-27
28,hru28,0.927,0.0,0.0,0.0,0.0,0.0,0.0,0.0,0.0,0.0,2019-09-27
29,hru29,0.926,0.0,0.0,0.0,0.0,0.0,0.0,0.0,0.0,0.0,2019-09-27
30,hru30,0.925,0.0,0.0,0.0,0.0,0.0,0.0,0.0,0.0,0.0,2019-09-27
31,hru31,0.92,0.0,0.0,0.0,0.0,0.0,0.0,0.0,0.0,0.0,2019-09-27
32,hru32,0.929,0.0,0.0,0.0,0.0,0.0,0.0,0.0,0.0,0.0,2019-09-27
33,hru33,0.925,0.0,0.0,0.0,0.0,0.0,0.0,0.0,0.0,0.0,2019-09-27
34,hru34,0.925,0.0,0.0,0.0,0.0,0.0,0.0,0.0,0.0,0.0,2019-09-27
35,hru35,0.92,0.0,0.0,0.0,0.0,0.0,0.0,0.0,0.0,0.0,2019-09-27
36,hru36,0.925,0.0,0.0,0.0,0.0,0.0,0.0,0.0,0.0,0.0,2019-09-27
1,hru01,0.924,0.0,0.0,0.0,0.0,0.0,0.0,0.0,0.0,0.0,2019-09-28
2,hru02,0.928,0.0,0.0,0.0,0.0,0.0,0.0,0.0,0.0,0.0,2019-09-28
3,hru03,0.916,0.0,0.0,0.0,0.0,0.0,0.0,0.0,0.0,0.0,2019-09-28
4,hru04,0.921,0.0,0.0,0.0,0.0,0.0,0.0,0.0,0.0,0.0,2019-09-28
5,hru05,0.926,0.0,0.0,0.0,0.0,0.0,0.0,0.0,0.0,0.0,2019-09-28
6,hru06,0.926,0.0,0.0,0.0,0.0,0.0,0.0,0.0,0.0,0.0,2019-09-28
7,hru07,0.932,0.0,0.0,0.0,0.0,0.0,0.0,0.0,0.0,0.0,2019-09-28
8,hru08,0.916,0.0,0.0,0.0,0.0,0.0,0.0,0.0,0.0,0.0,2019-09-28
9,hru09,0.928,0.0,0.0,0.0,0.0,0.0,0.0,0.0,0.0,0.0,2019-09-28
10,hru10,0.928,0.0,0.0,0.0,0.0,0.0,0.0,0.0,0.0,0.0,2019-09-28
11,hru11,0.932,0.0,0.0,0.0,0.0,0.0,0.0,0.0,0.0,0.0,2019-09-28
12,hru12,0.931,0.0,0.0,0.0,0.0,0.0,0.0,0.0,0.0,0.0,2019-09-28
13,hru13,0.934,0.0,0.0,0.0,0.0,0.0,0.0,0.0,0.0,0.0,2019-09-28
14,hru14,0.931,0.0,0.0,0.0,0.0,0.0,0.0,0.0,0.0,0.0,2019-09-28
15,hru15,0.937,0.0,0.0,0.0,0.0,0.0,0.0,0.0,0.0,0.0,2019-09-28
16,hru16,0.931,0.0,0.0,0.0,0.0,0.0,0.0,0.0,0.0,0.0,2019-09-28
17,hru17,0.936,0.0,0.0,0.0,0.0,0.0,0.0,0.0,0.0,0.0,2019-09-28
18,hru18,0.937,0.0,0.0,0.0,0.0,0.0,0.0,0.0,0.0,0.0,2019-09-28
19,hru19,0.942,0.0,0.0,0.0,0.0,0.0,0.0,0.0,0.0,0.0,2019-09-28
20,hru20,0.938,0.0,0.0,0.0,0.0,0.0,0.0,0.0,0.0,0.0,2019-09-28
21,hru21,0.937,0.0,0.0,0.0,0.0,0.0,0.0,0.0,0.0,0.0,2019-09-28
22,hru22,0.937,0.0,0.0,0.0,0.0,0.0,0.0,0.0,0.0,0.0,2019-09-28
23,hru23,0.937,0.0,0.0,0.0,0.0,0.0,0.0,0.0,0.0,0.0,2019-09-28
24,hru24,0.937,0.0,0.0,0.0,0.0,0.0,0.0,0.0,0.0,0.0,2019-09-28
25,hru25,0.938,0.0,0.0,0.0,0.0,0.0,0.0,0.0,0.0,0.0,2019-09-28
26,hru26,0.939,0.0,0.0,0.0,0.0,0.0,0.0,0.0,0.0,0.0,2019-09-28
27,hru27,0.931,0.0,0.0,0.0,0.0,0.0,0.0,0.0,0.0,0.0,2019-09-28
28,hru28,0.932,0.0,0.0,0.0,0.0,0.0,0.0,0.0,0.0,0.0,2019-09-28
29,hru29,0.931,0.0,0.0,0.0,0.0,0.0,0.0,0.0,0.0,0.0,2019-09-28
30,hru30,0.929,0.0,0.0,0.0,0.0,0.0,0.0,0.0,0.0,0.0,2019-09-28
31,hru31,0.924,0.0,0.0,0.0,0.0,0.0,0.0,0.0,0.0,0.0,2019-09-28
32,hru32,0.934,0.0,0.0,0.0,0.0,0.0,0.0,0.0,0.0,0.0,2019-09-28
33,hru33,0.929,0.0,0.0,0.0,0.0,0.0,0.0,0.0,0.0,0.0,2019-09-28
34,hru34,0.929,0.0,0.0,0.0,0.0,0.0,0.0,0.0,0.0,0.0,2019-09-28
35,hru35,0.924,0.0,0.0,0.0,0.0,0.0,0.0,0.0,0.0,0.0,2019-09-28
36,hru36,0.929,0.0,0.0,0.0,0.0,0.0,0.0,0.0,0.0,0.0,2019-09-28
1,hru01,0.928,0.0,0.0,0.0,0.0,0.0,0.0,0.0,0.0,0.0,2019-09-29
2,hru02,0.933,0.0,0.0,0.0,0.0,0.0,0.0,0.0,0.0,0.0,2019-09-29
3,hru03,0.921,0.0,0.0,0.0,0.0,0.0,0.0,0.0,0.0,0.0,2019-09-29
4,hru04,0.926,0.0,0.0,0.0,0.0,0.0,0.0,0.0,0.0,0.0,2019-09-29
5,hru05,0.931,0.0,0.0,0.0,0.0,0.0,0.0,0.0,0.0,0.0,2019-09-29
6,hru06,0.931,0.0,0.0,0.0,0.0,0.0,0.0,0.0,0.0,0.0,2019-09-29
7,hru07,0.936,0.0,0.0,0.0,0.0,0.0,0.0,0.0,0.0,0.0,2019-09-29
8,hru08,0.921,0.0,0.0,0.0,0.0,0.0,0.0,0.0,0.0,0.0,2019-09-29
9,hru09,0.933,0.0,0.0,0.0,0.0,0.0,0.0,0.0,0.0,0.0,2019-09-29
10,hru10,0.933,0.0,0.0,0.0,0.0,0.0,0.0,0.0,0.0,0.0,2019-09-29
11,hru11,0.936,0.0,0.0,0.0,0.0,0.0,0.0,0.0,0.0,0.0,2019-09-29
12,hru12,0.935,0.0,0.0,0.0,0.0,0.0,0.0,0.0,0.0,0.0,2019-09-29
13,hru13,0.938,0.0,0.0,0.0,0.0,0.0,0.0,0.0,0.0,0.0,2019-09-29
14,hru14,0.935,0.0,0.0,0.0,0.0,0.0,0.0,0.0,0.0,0.0,2019-09-29
15,hru15,0.942,0.0,0.0,0.0,0.0,0.0,0.0,0.0,0.0,0.0,2019-09-29
16,hru16,0.935,0.0,0.0,0.0,0.0,0.0,0.0,0.0,0.0,0.0,2019-09-29
17,hru17,0.941,0.0,0.0,0.0,0.0,0.0,0.0,0.0,0.0,0.0,2019-09-29
18,hru18,0.942,0.0,0.0,0.0,0.0,0.0,0.0,0.0,0.0,0.0,2019-09-29
19,hru19,0.946,0.0,0.0,0.0,0.0,0.0,0.0,0.0,0.0,0.0,2019-09-29
20,hru20,0.943,0.0,0.0,0.0,0.0,0.0,0.0,0.0,0.0,0.0,2019-09-29
21,hru21,0.942,0.0,0.0,0.0,0.0,0.0,0.0,0.0,0.0,0.0,2019-09-29
22,hru22,0.942,0.0,0.0,0.0,0.0,0.0,0.0,0.0,0.0,0.0,2019-09-29
23,hru23,0.942,0.0,0.0,0.0,0.0,0.0,0.0,0.0,0.0,0.0,2019-09-29
24,hru24,0.942,0.0,0.0,0.0,0.0,0.0,0.0,0.0,0.0,0.0,2019-09-29
25,hru25,0.943,0.0,0.0,0.0,0.0,0.0,0.0,0.0,0.0,0.0,2019-09-29
26,hru26,0.943,0.0,0.0,0.0,0.0,0.0,0.0,0.0,0.0,0.0,2019-09-29
27,hru27,0.936,0.0,0.0,0.0,0.0,0.0,0.0,0.0,0.0,0.0,2019-09-29
28,hru28,0.936,0.0,0.0,0.0,0.0,0.0,0.0,0.0,0.0,0.0,2019-09-29
29,hru29,0.935,0.0,0.0,0.0,0.0,0.0,0.0,0.0,0.0,0.0,2019-09-29
30,hru30,0.934,0.0,0.0,0.0,0.0,0.0,0.0,0.0,0.0,0.0,2019-09-29
31,hru31,0.928,0.0,0.0,0.0,0.0,0.0,0.0,0.0,0.0,0.0,2019-09-29
32,hru32,0.938,0.0,0.0,0.0,0.0,0.0,0.0,0.0,0.0,0.0,2019-09-29
33,hru33,0.934,0.0,0.0,0.0,0.0,0.0,0.0,0.0,0.0,0.0,2019-09-29
34,hru34,0.934,0.0,0.0,0.0,0.0,0.0,0.0,0.0,0.0,0.0,2019-09-29
35,hru35,0.928,0.0,0.0,0.0,0.0,0.0,0.0,0.0,0.0,0.0,2019-09-29
36,hru36,0.934,0.0,0.0,0.0,0.0,0.0,0.0,0.0,0.0,0.0,2019-09-29
1,hru01,0.935,0.0,0.0,0.0,0.0,0.0,0.0,0.0,0.0,0.0,2019-09-30
2,hru02,0.939,0.0,0.0,0.0,0.0,0.0,0.0,0.0,0.0,0.0,2019-09-30
3,hru03,0.928,0.0,0.0,0.0,0.0,0.0,0.0,0.0,0.0,0.0,2019-09-30
4,hru04,0.932,0.0,0.0,0.0,0.0,0.0,0.0,0.0,0.0,0.0,2019-09-30
5,hru05,0.938,0.0,0.0,0.0,0.0,0.0,0.0,0.0,0.0,0.0,2019-09-30
6,hru06,0.938,0.0,0.0,0.0,0.0,0.0,0.0,0.0,0.0,0.0,2019-09-30
7,hru07,0.943,0.0,0.0,0.0,0.0,0.0,0.0,0.0,0.0,0.0,2019-09-30
8,hru08,0.928,0.0,0.0,0.0,0.0,0.0,0.0,0.0,0.0,0.0,2019-09-30
9,hru09,0.94,0.0,0.0,0.0,0.0,0.0,0.0,0.0,0.0,0.0,2019-09-30
10,hru10,0.94,0.0,0.0,0.0,0.0,0.0,0.0,0.0,0.0,0.0,2019-09-30
11,hru11,0.943,0.0,0.0,0.0,0.0,0.0,0.0,0.0,0.0,0.0,2019-09-30
12,hru12,0.942,0.0,0.0,0.0,0.0,0.0,0.0,0.0,0.0,0.0,2019-09-30
13,hru13,0.945,0.0,0.0,0.0,0.0,0.0,0.0,0.0,0.0,0.0,2019-09-30
14,hru14,0.942,0.0,0.0,0.0,0.0,0.0,0.0,0.0,0.0,0.0,2019-09-30
15,hru15,0.949,0.0,0.0,0.0,0.0,0.0,0.0,0.0,0.0,0.0,2019-09-30
16,hru16,0.942,0.0,0.0,0.0,0.0,0.0,0.0,0.0,0.0,0.0,2019-09-30
17,hru17,0.948,0.0,0.0,0.0,0.0,0.0,0.0,0.0,0.0,0.0,2019-09-30
18,hru18,0.949,0.0,0.0,0.0,0.0,0.0,0.0,0.0,0.0,0.0,2019-09-30
19,hru19,0.953,0.0,0.0,0.0,0.0,0.0,0.0,0.0,0.0,0.0,2019-09-30
20,hru20,0.95,0.0,0.0,0.0,0.0,0.0,0.0,0.0,0.0,0.0,2019-09-30
21,hru21,0.949,0.0,0.0,0.0,0.0,0.0,0.0,0.0,0.0,0.0,2019-09-30
22,hru22,0.949,0.0,0.0,0.0,0.0,0.0,0.0,0.0,0.0,0.0,2019-09-30
23,hru23,0.949,0.0,0.0,0.0,0.0,0.0,0.0,0.0,0.0,0.0,2019-09-30
24,hru24,0.949,0.0,0.0,0.0,0.0,0.0,0.0,0.0,0.0,0.0,2019-09-30
25,hru25,0.95,0.0,0.0,0.0,0.0,0.0,0.0,0.0,0.0,0.0,2019-09-30
26,hru26,0.95,0.0,0.0,0.0,0.0,0.0,0.0,0.0,0.0,0.0,2019-09-30
27,hru27,0.943,0.0,0.0,0.0,0.0,0.0,0.0,0.0,0.0,0.0,2019-09-30
28,hru28,0.943,0.0,0.0,0.0,0.0,0.0,0.0,0.0,0.0,0.0,2019-09-30
29,hru29,0.942,0.0,0.0,0.0,0.0,0.0,0.0,0.0,0.0,0.0,2019-09-30
30,hru30,0.941,0.0,0.0,0.0,0.0,0.0,0.0,0.0,0.0,0.0,2019-09-30
31,hru31,0.935,0.0,0.0,0.0,0.0,0.0,0.0,0.0,0.0,0.0,2019-09-30
32,hru32,0.945,0.0,0.0,0.0,0.0,0.0,0.0,0.0,0.0,0.0,2019-09-30
33,hru33,0.94,0.0,0.0,0.0,0.0,0.0,0.0,0.0,0.0,0.0,2019-09-30
34,hru34,0.94,0.0,0.0,0.0,0.0,0.0,0.0,0.0,0.0,0.0,2019-09-30
35,hru35,0.935,0.0,0.0,0.0,0.0,0.0,0.0,0.0,0.0,0.0,2019-09-30
36,hru36,0.94,0.0,0.0,0.0,0.0,0.0,0.0,0.0,0.0,0.0,2019-09-30
1,hru01,0.939,0.0,0.0,0.0,0.0,0.0,0.0,0.0,0.0,0.0,2019-10-01
2,hru02,0.944,0.0,0.0,0.0,0.0,0.0,0.0,0.0,0.0,0.0,2019-10-01
3,hru03,0.932,0.0,0.0,0.0,0.0,0.0,0.0,0.0,0.0,0.0,2019-10-01
4,hru04,0.936,0.0,0.0,0.0,0.0,0.0,0.0,0.0,0.0,0.0,2019-10-01
5,hru05,0.942,0.0,0.0,0.0,0.0,0.0,0.0,0.0,0.0,0.0,2019-10-01
6,hru06,0.942,0.0,0.0,0.0,0.0,0.0,0.0,0.0,0.0,0.0,2019-10-01
7,hru07,0.948,0.0,0.0,0.0,0.0,0.0,0.0,0.0,0.0,0.0,2019-10-01
8,hru08,0.932,0.0,0.0,0.0,0.0,0.0,0.0,0.0,0.0,0.0,2019-10-01
9,hru09,0.944,0.0,0.0,0.0,0.0,0.0,0.0,0.0,0.0,0.0,2019-10-01
10,hru10,0.944,0.0,0.0,0.0,0.0,0.0,0.0,0.0,0.0,0.0,2019-10-01
11,hru11,0.948,0.0,0.0,0.0,0.0,0.0,0.0,0.0,0.0,0.0,2019-10-01
12,hru12,0.947,0.0,0.0,0.0,0.0,0.0,0.0,0.0,0.0,0.0,2019-10-01
13,hru13,0.95,0.0,0.0,0.0,0.0,0.0,0.0,0.0,0.0,0.0,2019-10-01
14,hru14,0.947,0.0,0.0,0.0,0.0,0.0,0.0,0.0,0.0,0.0,2019-10-01
15,hru15,0.953,0.0,0.0,0.0,0.0,0.0,0.0,0.0,0.0,0.0,2019-10-01
16,hru16,0.946,0.0,0.0,0.0,0.0,0.0,0.0,0.0,0.0,0.0,2019-10-01
17,hru17,0.952,0.0,0.0,0.0,0.0,0.0,0.0,0.0,0.0,0.0,2019-10-01
18,hru18,0.953,0.0,0.0,0.0,0.0,0.0,0.0,0.0,0.0,0.0,2019-10-01
19,hru19,0.958,0.0,0.0,0.0,0.0,0.0,0.0,0.0,0.0,0.0,2019-10-01
20,hru20,0.955,0.0,0.0,0.0,0.0,0.0,0.0,0.0,0.0,0.0,2019-10-01
21,hru21,0.953,0.0,0.0,0.0,0.0,0.0,0.0,0.0,0.0,0.0,2019-10-01
22,hru22,0.953,0.0,0.0,0.0,0.0,0.0,0.0,0.0,0.0,0.0,2019-10-01
23,hru23,0.953,0.0,0.0,0.0,0.0,0.0,0.0,0.0,0.0,0.0,2019-10-01
24,hru24,0.953,0.0,0.0,0.0,0.0,0.0,0.0,0.0,0.0,0.0,2019-10-01
25,hru25,0.955,0.0,0.0,0.0,0.0,0.0,0.0,0.0,0.0,0.0,2019-10-01
26,hru26,0.955,0.0,0.0,0.0,0.0,0.0,0.0,0.0,0.0,0.0,2019-10-01
27,hru27,0.947,0.0,0.0,0.0,0.0,0.0,0.0,0.0,0.0,0.0,2019-10-01
28,hru28,0.948,0.0,0.0,0.0,0.0,0.0,0.0,0.0,0.0,0.0,2019-10-01
29,hru29,0.946,0.0,0.0,0.0,0.0,0.0,0.0,0.0,0.0,0.0,2019-10-01
30,hru30,0.945,0.0,0.0,0.0,0.0,0.0,0.0,0.0,0.0,0.0,2019-10-01
31,hru31,0.939,0.0,0.0,0.0,0.0,0.0,0.0,0.0,0.0,0.0,2019-10-01
32,hru32,0.95,0.0,0.0,0.0,0.0,0.0,0.0,0.0,0.0,0.0,2019-10-01
33,hru33,0.945,0.0,0.0,0.0,0.0,0.0,0.0,0.0,0.0,0.0,2019-10-01
34,hru34,0.945,0.0,0.0,0.0,0.0,0.0,0.0,0.0,0.0,0.0,2019-10-01
35,hru35,0.939,0.0,0.0,0.0,0.0,0.0,0.0,0.0,0.0,0.0,2019-10-01
36,hru36,0.945,0.0,0.0,0.0,0.0,0.0,0.0,0.0,0.0,0.0,2019-10-01
1,hru01,0.942,0.0,0.0,0.0,0.0,0.0,0.0,0.0,0.0,0.0,2019-10-02
2,hru02,0.947,0.0,0.0,0.0,0.0,0.0,0.0,0.0,0.0,0.0,2019-10-02
3,hru03,0.935,0.0,0.0,0.0,0.0,0.0,0.0,0.0,0.0,0.0,2019-10-02
4,hru04,0.939,0.0,0.0,0.0,0.0,0.0,0.0,0.0,0.0,0.0,2019-10-02
5,hru05,0.945,0.0,0.0,0.0,0.0,0.0,0.0,0.0,0.0,0.0,2019-10-02
6,hru06,0.945,0.0,0.0,0.0,0.0,0.0,0.0,0.0,0.0,0.0,2019-10-02
7,hru07,0.951,0.0,0.0,0.0,0.0,0.0,0.0,0.0,0.0,0.0,2019-10-02
8,hru08,0.935,0.0,0.0,0.0,0.0,0.0,0.0,0.0,0.0,0.0,2019-10-02
9,hru09,0.947,0.0,0.0,0.0,0.0,0.0,0.0,0.0,0.0,0.0,2019-10-02
10,hru10,0.947,0.0,0.0,0.0,0.0,0.0,0.0,0.0,0.0,0.0,2019-10-02
11,hru11,0.951,0.0,0.0,0.0,0.0,0.0,0.0,0.0,0.0,0.0,2019-10-02
12,hru12,0.95,0.0,0.0,0.0,0.0,0.0,0.0,0.0,0.0,0.0,2019-10-02
13,hru13,0.953,0.0,0.0,0.0,0.0,0.0,0.0,0.0,0.0,0.0,2019-10-02
14,hru14,0.95,0.0,0.0,0.0,0.0,0.0,0.0,0.0,0.0,0.0,2019-10-02
15,hru15,0.956,0.0,0.0,0.0,0.0,0.0,0.0,0.0,0.0,0.0,2019-10-02
16,hru16,0.95,0.0,0.0,0.0,0.0,0.0,0.0,0.0,0.0,0.0,2019-10-02
17,hru17,0.955,0.0,0.0,0.0,0.0,0.0,0.0,0.0,0.0,0.0,2019-10-02
18,hru18,0.956,0.0,0.0,0.0,0.0,0.0,0.0,0.0,0.0,0.0,2019-10-02
19,hru19,0.961,0.0,0.0,0.0,0.0,0.0,0.0,0.0,0.0,0.0,2019-10-02
20,hru20,0.958,0.0,0.0,0.0,0.0,0.0,0.0,0.0,0.0,0.0,2019-10-02
21,hru21,0.956,0.0,0.0,0.0,0.0,0.0,0.0,0.0,0.0,0.0,2019-10-02
22,hru22,0.956,0.0,0.0,0.0,0.0,0.0,0.0,0.0,0.0,0.0,2019-10-02
23,hru23,0.956,0.0,0.0,0.0,0.0,0.0,0.0,0.0,0.0,0.0,2019-10-02
24,hru24,0.957,0.0,0.0,0.0,0.0,0.0,0.0,0.0,0.0,0.0,2019-10-02
25,hru25,0.958,0.0,0.0,0.0,0.0,0.0,0.0,0.0,0.0,0.0,2019-10-02
26,hru26,0.958,0.0,0.0,0.0,0.0,0.0,0.0,0.0,0.0,0.0,2019-10-02
27,hru27,0.95,0.0,0.0,0.0,0.0,0.0,0.0,0.0,0.0,0.0,2019-10-02
28,hru28,0.951,0.0,0.0,0.0,0.0,0.0,0.0,0.0,0.0,0.0,2019-10-02
29,hru29,0.95,0.0,0.0,0.0,0.0,0.0,0.0,0.0,0.0,0.0,2019-10-02
30,hru30,0.948,0.0,0.0,0.0,0.0,0.0,0.0,0.0,0.0,0.0,2019-10-02
31,hru31,0.942,0.0,0.0,0.0,0.0,0.0,0.0,0.0,0.0,0.0,2019-10-02
32,hru32,0.953,0.0,0.0,0.0,0.0,0.0,0.0,0.0,0.0,0.0,2019-10-02
33,hru33,0.948,0.0,0.0,0.0,0.0,0.0,0.0,0.0,0.0,0.0,2019-10-02
34,hru34,0.948,0.0,0.0,0.0,0.0,0.0,0.0,0.0,0.0,0.0,2019-10-02
35,hru35,0.942,0.0,0.0,0.0,0.0,0.0,0.0,0.0,0.0,0.0,2019-10-02
36,hru36,0.948,0.0,0.0,0.0,0.0,0.0,0.0,0.0,0.0,0.0,2019-10-02
1,hru01,0.944,0.0,0.0,0.0,0.0,0.0,0.0,0.0,0.0,0.0,2019-10-03
2,hru02,0.949,0.0,0.0,0.0,0.0,0.0,0.0,0.0,0.0,0.0,2019-10-03
3,hru03,0.937,0.0,0.0,0.0,0.0,0.0,0.0,0.0,0.0,0.0,2019-10-03
4,hru04,0.941,0.0,0.0,0.0,0.0,0.0,0.0,0.0,0.0,0.0,2019-10-03
5,hru05,0.947,0.0,0.0,0.0,0.0,0.0,0.0,0.0,0.0,0.0,2019-10-03
6,hru06,0.947,0.0,0.0,0.0,0.0,0.0,0.0,0.0,0.0,0.0,2019-10-03
7,hru07,0.953,0.0,0.0,0.0,0.0,0.0,0.0,0.0,0.0,0.0,2019-10-03
8,hru08,0.937,0.0,0.0,0.0,0.0,0.0,0.0,0.0,0.0,0.0,2019-10-03
9,hru09,0.949,0.0,0.0,0.0,0.0,0.0,0.0,0.0,0.0,0.0,2019-10-03
10,hru10,0.949,0.0,0.0,0.0,0.0,0.0,0.0,0.0,0.0,0.0,2019-10-03
11,hru11,0.953,0.0,0.0,0.0,0.0,0.0,0.0,0.0,0.0,0.0,2019-10-03
12,hru12,0.952,0.0,0.0,0.0,0.0,0.0,0.0,0.0,0.0,0.0,2019-10-03
13,hru13,0.955,0.0,0.0,0.0,0.0,0.0,0.0,0.0,0.0,0.0,2019-10-03
14,hru14,0.952,0.0,0.0,0.0,0.0,0.0,0.0,0.0,0.0,0.0,2019-10-03
15,hru15,0.959,0.0,0.0,0.0,0.0,0.0,0.0,0.0,0.0,0.0,2019-10-03
16,hru16,0.952,0.0,0.0,0.0,0.0,0.0,0.0,0.0,0.0,0.0,2019-10-03
17,hru17,0.958,0.0,0.0,0.0,0.0,0.0,0.0,0.0,0.0,0.0,2019-10-03
18,hru18,0.959,0.0,0.0,0.0,0.0,0.0,0.0,0.0,0.0,0.0,2019-10-03
19,hru19,0.963,0.0,0.0,0.0,0.0,0.0,0.0,0.0,0.0,0.0,2019-10-03
20,hru20,0.96,0.0,0.0,0.0,0.0,0.0,0.0,0.0,0.0,0.0,2019-10-03
21,hru21,0.959,0.0,0.0,0.0,0.0,0.0,0.0,0.0,0.0,0.0,2019-10-03
22,hru22,0.959,0.0,0.0,0.0,0.0,0.0,0.0,0.0,0.0,0.0,2019-10-03
23,hru23,0.959,0.0,0.0,0.0,0.0,0.0,0.0,0.0,0.0,0.0,2019-10-03
24,hru24,0.959,0.0,0.0,0.0,0.0,0.0,0.0,0.0,0.0,0.0,2019-10-03
25,hru25,0.96,0.0,0.0,0.0,0.0,0.0,0.0,0.0,0.0,0.0,2019-10-03
26,hru26,0.96,0.0,0.0,0.0,0.0,0.0,0.0,0.0,0.0,0.0,2019-10-03
27,hru27,0.952,0.0,0.0,0.0,0.0,0.0,0.0,0.0,0.0,0.0,2019-10-03
28,hru28,0.953,0.0,0.0,0.0,0.0,0.0,0.0,0.0,0.0,0.0,2019-10-03
29,hru29,0.952,0.0,0.0,0.0,0.0,0.0,0.0,0.0,0.0,0.0,2019-10-03
30,hru30,0.951,0.0,0.0,0.0,0.0,0.0,0.0,0.0,0.0,0.0,2019-10-03
31,hru31,0.944,0.0,0.0,0.0,0.0,0.0,0.0,0.0,0.0,0.0,2019-10-03
32,hru32,0.955,0.0,0.0,0.0,0.0,0.0,0.0,0.0,0.0,0.0,2019-10-03
33,hru33,0.95,0.0,0.0,0.0,0.0,0.0,0.0,0.0,0.0,0.0,2019-10-03
34,hru34,0.95,0.0,0.0,0.0,0.0,0.0,0.0,0.0,0.0,0.0,2019-10-03
35,hru35,0.944,0.0,0.0,0.0,0.0,0.0,0.0,0.0,0.0,0.0,2019-10-03
36,hru36,0.95,0.0,0.0,0.0,0.0,0.0,0.0,0.0,0.0,0.0,2019-10-03
1,hru01,0.947,0.0,0.0,0.0,0.0,0.0,0.0,0.0,0.0,0.0,2019-10-04
2,hru02,0.952,0.0,0.0,0.0,0.0,0.0,0.0,0.0,0.0,0.0,2019-10-04
3,hru03,0.939,0.0,0.0,0.0,0.0,0.0,0.0,0.0,0.0,0.0,2019-10-04
4,hru04,0.944,0.0,0.0,0.0,0.0,0.0,0.0,0.0,0.0,0.0,2019-10-04
5,hru05,0.95,0.0,0.0,0.0,0.0,0.0,0.0,0.0,0.0,0.0,2019-10-04
6,hru06,0.95,0.0,0.0,0.0,0.0,0.0,0.0,0.0,0.0,0.0,2019-10-04
7,hru07,0.956,0.0,0.0,0.0,0.0,0.0,0.0,0.0,0.0,0.0,2019-10-04
8,hru08,0.939,0.0,0.0,0.0,0.0,0.0,0.0,0.0,0.0,0.0,2019-10-04
9,hru09,0.952,0.0,0.0,0.0,0.0,0.0,0.0,0.0,0.0,0.0,2019-10-04
10,hru10,0.952,0.0,0.0,0.0,0.0,0.0,0.0,0.0,0.0,0.0,2019-10-04
11,hru11,0.956,0.0,0.0,0.0,0.0,0.0,0.0,0.0,0.0,0.0,2019-10-04
12,hru12,0.955,0.0,0.0,0.0,0.0,0.0,0.0,0.0,0.0,0.0,2019-10-04
13,hru13,0.958,0.0,0.0,0.0,0.0,0.0,0.0,0.0,0.0,0.0,2019-10-04
14,hru14,0.955,0.0,0.0,0.0,0.0,0.0,0.0,0.0,0.0,0.0,2019-10-04
15,hru15,0.962,0.0,0.0,0.0,0.0,0.0,0.0,0.0,0.0,0.0,2019-10-04
16,hru16,0.955,0.0,0.0,0.0,0.0,0.0,0.0,0.0,0.0,0.0,2019-10-04
17,hru17,0.96,0.0,0.0,0.0,0.0,0.0,0.0,0.0,0.0,0.0,2019-10-04
18,hru18,0.962,0.0,0.0,0.0,0.0,0.0,0.0,0.0,0.0,0.0,2019-10-04
19,hru19,0.966,0.0,0.0,0.0,0.0,0.0,0.0,0.0,0.0,0.0,2019-10-04
20,hru20,0.963,0.0,0.0,0.0,0.0,0.0,0.0,0.0,0.0,0.0,2019-10-04
21,hru21,0.962,0.0,0.0,0.0,0.0,0.0,0.0,0.0,0.0,0.0,2019-10-04
22,hru22,0.962,0.0,0.0,0.0,0.0,0.0,0.0,0.0,0.0,0.0,2019-10-04
23,hru23,0.962,0.0,0.0,0.0,0.0,0.0,0.0,0.0,0.0,0.0,2019-10-04
24,hru24,0.962,0.0,0.0,0.0,0.0,0.0,0.0,0.0,0.0,0.0,2019-10-04
25,hru25,0.963,0.0,0.0,0.0,0.0,0.0,0.0,0.0,0.0,0.0,2019-10-04
26,hru26,0.963,0.0,0.0,0.0,0.0,0.0,0.0,0.0,0.0,0.0,2019-10-04
27,hru27,0.955,0.0,0.0,0.0,0.0,0.0,0.0,0.0,0.0,0.0,2019-10-04
28,hru28,0.956,0.0,0.0,0.0,0.0,0.0,0.0,0.0,0.0,0.0,2019-10-04
29,hru29,0.955,0.0,0.0,0.0,0.0,0.0,0.0,0.0,0.0,0.0,2019-10-04
30,hru30,0.953,0.0,0.0,0.0,0.0,0.0,0.0,0.0,0.0,0.0,2019-10-04
31,hru31,0.947,0.0,0.0,0.0,0.0,0.0,0.0,0.0,0.0,0.0,2019-10-04
32,hru32,0.958,0.0,0.0,0.0,0.0,0.0,0.0,0.0,0.0,0.0,2019-10-04
33,hru33,0.953,0.0,0.0,0.0,0.0,0.0,0.0,0.0,0.0,0.0,2019-10-04
34,hru34,0.953,0.0,0.0,0.0,0.0,0.0,0.0,0.0,0.0,0.0,2019-10-04
35,hru35,0.947,0.0,0.0,0.0,0.0,0.0,0.0,0.0,0.0,0.0,2019-10-04
36,hru36,0.953,0.0,0.0,0.0,0.0,0.0,0.0,0.0,0.0,0.0,2019-10-04
1,hru01,0.95,0.0,0.0,0.0,0.0,0.0,0.0,0.0,0.0,0.0,2019-10-05
2,hru02,0.955,0.0,0.0,0.0,0.0,0.0,0.0,0.0,0.0,0.0,2019-10-05
3,hru03,0.942,0.0,0.0,0.0,0.0,0.0,0.0,0.0,0.0,0.0,2019-10-05
4,hru04,0.947,0.0,0.0,0.0,0.0,0.0,0.0,0.0,0.0,0.0,2019-10-05
5,hru05,0.953,0.0,0.0,0.0,0.0,0.0,0.0,0.0,0.0,0.0,2019-10-05
6,hru06,0.953,0.0,0.0,0.0,0.0,0.0,0.0,0.0,0.0,0.0,2019-10-05
7,hru07,0.959,0.0,0.0,0.0,0.0,0.0,0.0,0.0,0.0,0.0,2019-10-05
8,hru08,0.942,0.0,0.0,0.0,0.0,0.0,0.0,0.0,0.0,0.0,2019-10-05
9,hru09,0.955,0.0,0.0,0.0,0.0,0.0,0.0,0.0,0.0,0.0,2019-10-05
10,hru10,0.955,0.0,0.0,0.0,0.0,0.0,0.0,0.0,0.0,0.0,2019-10-05
11,hru11,0.959,0.0,0.0,0.0,0.0,0.0,0.0,0.0,0.0,0.0,2019-10-05
12,hru12,0.958,0.0,0.0,0.0,0.0,0.0,0.0,0.0,0.0,0.0,2019-10-05
13,hru13,0.961,0.0,0.0,0.0,0.0,0.0,0.0,0.0,0.0,0.0,2019-10-05
14,hru14,0.958,0.0,0.0,0.0,0.0,0.0,0.0,0.0,0.0,0.0,2019-10-05
15,hru15,0.965,0.0,0.0,0.0,0.0,0.0,0.0,0.0,0.0,0.0,2019-10-05
16,hru16,0.958,0.0,0.0,0.0,0.0,0.0,0.0,0.0,0.0,0.0,2019-10-05
17,hru17,0.964,0.0,0.0,0.0,0.0,0.0,0.0,0.0,0.0,0.0,2019-10-05
18,hru18,0.965,0.0,0.0,0.0,0.0,0.0,0.0,0.0,0.0,0.0,2019-10-05
19,hru19,0.969,0.0,0.0,0.0,0.0,0.0,0.0,0.0,0.0,0.0,2019-10-05
20,hru20,0.966,0.0,0.0,0.0,0.0,0.0,0.0,0.0,0.0,0.0,2019-10-05
21,hru21,0.965,0.0,0.0,0.0,0.0,0.0,0.0,0.0,0.0,0.0,2019-10-05
22,hru22,0.965,0.0,0.0,0.0,0.0,0.0,0.0,0.0,0.0,0.0,2019-10-05
23,hru23,0.965,0.0,0.0,0.0,0.0,0.0,0.0,0.0,0.0,0.0,2019-10-05
24,hru24,0.965,0.0,0.0,0.0,0.0,0.0,0.0,0.0,0.0,0.0,2019-10-05
25,hru25,0.966,0.0,0.0,0.0,0.0,0.0,0.0,0.0,0.0,0.0,2019-10-05
26,hru26,0.966,0.0,0.0,0.0,0.0,0.0,0.0,0.0,0.0,0.0,2019-10-05
27,hru27,0.958,0.0,0.0,0.0,0.0,0.0,0.0,0.0,0.0,0.0,2019-10-05
28,hru28,0.959,0.0,0.0,0.0,0.0,0.0,0.0,0.0,0.0,0.0,2019-10-05
29,hru29,0.958,0.0,0.0,0.0,0.0,0.0,0.0,0.0,0.0,0.0,2019-10-05
30,hru30,0.957,0.0,0.0,0.0,0.0,0.0,0.0,0.0,0.0,0.0,2019-10-05
31,hru31,0.95,0.0,0.0,0.0,0.0,0.0,0.0,0.0,0.0,0.0,2019-10-05
32,hru32,0.961,0.0,0.0,0.0,0.0,0.0,0.0,0.0,0.0,0.0,2019-10-05
33,hru33,0.956,0.0,0.0,0.0,0.0,0.0,0.0,0.0,0.0,0.0,2019-10-05
34,hru34,0.956,0.0,0.0,0.0,0.0,0.0,0.0,0.0,0.0,0.0,2019-10-05
35,hru35,0.95,0.0,0.0,0.0,0.0,0.0,0.0,0.0,0.0,0.0,2019-10-05
36,hru36,0.956,0.0,0.0,0.0,0.0,0.0,0.0,0.0,0.0,0.0,2019-10-05
1,hru01,0.953,0.0,0.0,0.0,0.0,0.0,0.0,0.0,0.0,0.0,2019-10-06
2,hru02,0.958,0.0,0.0,0.0,0.0,0.0,0.0,0.0,0.0,0.0,2019-10-06
3,hru03,0.946,0.0,0.0,0.0,0.0,0.0,0.0,0.0,0.0,0.0,2019-10-06
4,hru04,0.95,0.0,0.0,0.0,0.0,0.0,0.0,0.0,0.0,0.0,2019-10-06
5,hru05,0.957,0.0,0.0,0.0,0.0,0.0,0.0,0.0,0.0,0.0,2019-10-06
6,hru06,0.957,0.0,0.0,0.0,0.0,0.0,0.0,0.0,0.0,0.0,2019-10-06
7,hru07,0.962,0.0,0.0,0.0,0.0,0.0,0.0,0.0,0.0,0.0,2019-10-06
8,hru08,0.946,0.0,0.0,0.0,0.0,0.0,0.0,0.0,0.0,0.0,2019-10-06
9,hru09,0.958,0.0,0.0,0.0,0.0,0.0,0.0,0.0,0.0,0.0,2019-10-06
10,hru10,0.958,0.0,0.0,0.0,0.0,0.0,0.0,0.0,0.0,0.0,2019-10-06
11,hru11,0.962,0.0,0.0,0.0,0.0,0.0,0.0,0.0,0.0,0.0,2019-10-06
12,hru12,0.961,0.0,0.0,0.0,0.0,0.0,0.0,0.0,0.0,0.0,2019-10-06
13,hru13,0.964,0.0,0.0,0.0,0.0,0.0,0.0,0.0,0.0,0.0,2019-10-06
14,hru14,0.961,0.0,0.0,0.0,0.0,0.0,0.0,0.0,0.0,0.0,2019-10-06
15,hru15,0.968,0.0,0.0,0.0,0.0,0.0,0.0,0.0,0.0,0.0,2019-10-06
16,hru16,0.961,0.0,0.0,0.0,0.0,0.0,0.0,0.0,0.0,0.0,2019-10-06
17,hru17,0.967,0.0,0.0,0.0,0.0,0.0,0.0,0.0,0.0,0.0,2019-10-06
18,hru18,0.968,0.0,0.0,0.0,0.0,0.0,0.0,0.0,0.0,0.0,2019-10-06
19,hru19,0.972,0.0,0.0,0.0,0.0,0.0,0.0,0.0,0.0,0.0,2019-10-06
20,hru20,0.969,0.0,0.0,0.0,0.0,0.0,0.0,0.0,0.0,0.0,2019-10-06
21,hru21,0.968,0.0,0.0,0.0,0.0,0.0,0.0,0.0,0.0,0.0,2019-10-06
22,hru22,0.968,0.0,0.0,0.0,0.0,0.0,0.0,0.0,0.0,0.0,2019-10-06
23,hru23,0.968,0.0,0.0,0.0,0.0,0.0,0.0,0.0,0.0,0.0,2019-10-06
24,hru24,0.968,0.0,0.0,0.0,0.0,0.0,0.0,0.0,0.0,0.0,2019-10-06
25,hru25,0.969,0.0,0.0,0.0,0.0,0.0,0.0,0.0,0.0,0.0,2019-10-06
26,hru26,0.97,0.0,0.0,0.0,0.0,0.0,0.0,0.0,0.0,0.0,2019-10-06
27,hru27,0.962,0.0,0.0,0.0,0.0,0.0,0.0,0.0,0.0,0.0,2019-10-06
28,hru28,0.962,0.0,0.0,0.0,0.0,0.0,0.0,0.0,0.0,0.0,2019-10-06
29,hru29,0.961,0.0,0.0,0.0,0.0,0.0,0.0,0.0,0.0,0.0,2019-10-06
30,hru30,0.96,0.0,0.0,0.0,0.0,0.0,0.0,0.0,0.0,0.0,2019-10-06
31,hru31,0.953,0.0,0.0,0.0,0.0,0.0,0.0,0.0,0.0,0.0,2019-10-06
32,hru32,0.964,0.0,0.0,0.0,0.0,0.0,0.0,0.0,0.0,0.0,2019-10-06
33,hru33,0.959,0.0,0.0,0.0,0.0,0.0,0.0,0.0,0.0,0.0,2019-10-06
34,hru34,0.959,0.0,0.0,0.0,0.0,0.0,0.0,0.0,0.0,0.0,2019-10-06
35,hru35,0.954,0.0,0.0,0.0,0.0,0.0,0.0,0.0,0.0,0.0,2019-10-06
36,hru36,0.959,0.0,0.0,0.0,0.0,0.0,0.0,0.0,0.0,0.0,2019-10-06
1,hru01,0.957,0.0,0.0,0.0,0.0,0.0,0.0,0.0,0.0,0.0,2019-10-07
2,hru02,0.962,0.0,0.0,0.0,0.0,0.0,0.0,0.0,0.0,0.0,2019-10-07
3,hru03,0.949,0.0,0.0,0.0,0.0,0.0,0.0,0.0,0.0,0.0,2019-10-07
4,hru04,0.954,0.0,0.0,0.0,0.0,0.0,0.0,0.0,0.0,0.0,2019-10-07
5,hru05,0.96,0.0,0.0,0.0,0.0,0.0,0.0,0.0,0.0,0.0,2019-10-07
6,hru06,0.96,0.0,0.0,0.0,0.0,0.0,0.0,0.0,0.0,0.0,2019-10-07
7,hru07,0.966,0.0,0.0,0.0,0.0,0.0,0.0,0.0,0.0,0.0,2019-10-07
8,hru08,0.949,0.0,0.0,0.0,0.0,0.0,0.0,0.0,0.0,0.0,2019-10-07
9,hru09,0.962,0.0,0.0,0.0,0.0,0.0,0.0,0.0,0.0,0.0,2019-10-07
10,hru10,0.962,0.0,0.0,0.0,0.0,0.0,0.0,0.0,0.0,0.0,2019-10-07
11,hru11,0.966,0.0,0.0,0.0,0.0,0.0,0.0,0.0,0.0,0.0,2019-10-07
12,hru12,0.965,0.0,0.0,0.0,0.0,0.0,0.0,0.0,0.0,0.0,2019-10-07
13,hru13,0.968,0.0,0.0,0.0,0.0,0.0,0.0,0.0,0.0,0.0,2019-10-07
14,hru14,0.965,0.0,0.0,0.0,0.0,0.0,0.0,0.0,0.0,0.0,2019-10-07
15,hru15,0.972,0.0,0.0,0.0,0.0,0.0,0.0,0.0,0.0,0.0,2019-10-07
16,hru16,0.964,0.0,0.0,0.0,0.0,0.0,0.0,0.0,0.0,0.0,2019-10-07
17,hru17,0.97,0.0,0.0,0.0,0.0,0.0,0.0,0.0,0.0,0.0,2019-10-07
18,hru18,0.972,0.0,0.0,0.0,0.0,0.0,0.0,0.0,0.0,0.0,2019-10-07
19,hru19,0.976,0.0,0.0,0.0,0.0,0.0,0.0,0.0,0.0,0.0,2019-10-07
20,hru20,0.973,0.0,0.0,0.0,0.0,0.0,0.0,0.0,0.0,0.0,2019-10-07
21,hru21,0.972,0.0,0.0,0.0,0.0,0.0,0.0,0.0,0.0,0.0,2019-10-07
22,hru22,0.972,0.0,0.0,0.0,0.0,0.0,0.0,0.0,0.0,0.0,2019-10-07
23,hru23,0.972,0.0,0.0,0.0,0.0,0.0,0.0,0.0,0.0,0.0,2019-10-07
24,hru24,0.972,0.0,0.0,0.0,0.0,0.0,0.0,0.0,0.0,0.0,2019-10-07
25,hru25,0.973,0.0,0.0,0.0,0.0,0.0,0.0,0.0,0.0,0.0,2019-10-07
26,hru26,0.973,0.0,0.0,0.0,0.0,0.0,0.0,0.0,0.0,0.0,2019-10-07
27,hru27,0.965,0.0,0.0,0.0,0.0,0.0,0.0,0.0,0.0,0.0,2019-10-07
28,hru28,0.966,0.0,0.0,0.0,0.0,0.0,0.0,0.0,0.0,0.0,2019-10-07
29,hru29,0.965,0.0,0.0,0.0,0.0,0.0,0.0,0.0,0.0,0.0,2019-10-07
30,hru30,0.963,0.0,0.0,0.0,0.0,0.0,0.0,0.0,0.0,0.0,2019-10-07
31,hru31,0.957,0.0,0.0,0.0,0.0,0.0,0.0,0.0,0.0,0.0,2019-10-07
32,hru32,0.968,0.0,0.0,0.0,0.0,0.0,0.0,0.0,0.0,0.0,2019-10-07
33,hru33,0.963,0.0,0.0,0.0,0.0,0.0,0.0,0.0,0.0,0.0,2019-10-07
34,hru34,0.963,0.0,0.0,0.0,0.0,0.0,0.0,0.0,0.0,0.0,2019-10-07
35,hru35,0.957,0.0,0.0,0.0,0.0,0.0,0.0,0.0,0.0,0.0,2019-10-07
36,hru36,0.963,0.0,0.0,0.0,0.0,0.0,0.0,0.0,0.0,0.0,2019-10-07
1,hru01,0.961,0.0,0.0,0.0,0.0,0.0,0.0,0.0,0.0,0.0,2019-10-08
2,hru02,0.966,0.0,0.0,0.0,0.0,0.0,0.0,0.0,0.0,0.0,2019-10-08
3,hru03,0.953,0.0,0.0,0.0,0.0,0.0,0.0,0.0,0.0,0.0,2019-10-08
4,hru04,0.958,0.0,0.0,0.0,0.0,0.0,0.0,0.0,0.0,0.0,2019-10-08
5,hru05,0.964,0.0,0.0,0.0,0.0,0.0,0.0,0.0,0.0,0.0,2019-10-08
6,hru06,0.964,0.0,0.0,0.0,0.0,0.0,0.0,0.0,0.0,0.0,2019-10-08
7,hru07,0.97,0.0,0.0,0.0,0.0,0.0,0.0,0.0,0.0,0.0,2019-10-08
8,hru08,0.953,0.0,0.0,0.0,0.0,0.0,0.0,0.0,0.0,0.0,2019-10-08
9,hru09,0.966,0.0,0.0,0.0,0.0,0.0,0.0,0.0,0.0,0.0,2019-10-08
10,hru10,0.966,0.0,0.0,0.0,0.0,0.0,0.0,0.0,0.0,0.0,2019-10-08
11,hru11,0.97,0.0,0.0,0.0,0.0,0.0,0.0,0.0,0.0,0.0,2019-10-08
12,hru12,0.969,0.0,0.0,0.0,0.0,0.0,0.0,0.0,0.0,0.0,2019-10-08
13,hru13,0.972,0.0,0.0,0.0,0.0,0.0,0.0,0.0,0.0,0.0,2019-10-08
14,hru14,0.969,0.0,0.0,0.0,0.0,0.0,0.0,0.0,0.0,0.0,2019-10-08
15,hru15,0.975,0.0,0.0,0.0,0.0,0.0,0.0,0.0,0.0,0.0,2019-10-08
16,hru16,0.968,0.0,0.0,0.0,0.0,0.0,0.0,0.0,0.0,0.0,2019-10-08
17,hru17,0.974,0.0,0.0,0.0,0.0,0.0,0.0,0.0,0.0,0.0,2019-10-08
18,hru18,0.975,0.0,0.0,0.0,0.0,0.0,0.0,0.0,0.0,0.0,2019-10-08
19,hru19,0.98,0.0,0.0,0.0,0.0,0.0,0.0,0.0,0.0,0.0,2019-10-08
20,hru20,0.977,0.0,0.0,0.0,0.0,0.0,0.0,0.0,0.0,0.0,2019-10-08
21,hru21,0.975,0.0,0.0,0.0,0.0,0.0,0.0,0.0,0.0,0.0,2019-10-08
22,hru22,0.975,0.0,0.0,0.0,0.0,0.0,0.0,0.0,0.0,0.0,2019-10-08
23,hru23,0.975,0.0,0.0,0.0,0.0,0.0,0.0,0.0,0.0,0.0,2019-10-08
24,hru24,0.975,0.0,0.0,0.0,0.0,0.0,0.0,0.0,0.0,0.0,2019-10-08
25,hru25,0.977,0.0,0.0,0.0,0.0,0.0,0.0,0.0,0.0,0.0,2019-10-08
26,hru26,0.977,0.0,0.0,0.0,0.0,0.0,0.0,0.0,0.0,0.0,2019-10-08
27,hru27,0.969,0.0,0.0,0.0,0.0,0.0,0.0,0.0,0.0,0.0,2019-10-08
28,hru28,0.97,0.0,0.0,0.0,0.0,0.0,0.0,0.0,0.0,0.0,2019-10-08
29,hru29,0.968,0.0,0.0,0.0,0.0,0.0,0.0,0.0,0.0,0.0,2019-10-08
30,hru30,0.967,0.0,0.0,0.0,0.0,0.0,0.0,0.0,0.0,0.0,2019-10-08
31,hru31,0.961,0.0,0.0,0.0,0.0,0.0,0.0,0.0,0.0,0.0,2019-10-08
32,hru32,0.972,0.0,0.0,0.0,0.0,0.0,0.0,0.0,0.0,0.0,2019-10-08
33,hru33,0.967,0.0,0.0,0.0,0.0,0.0,0.0,0.0,0.0,0.0,2019-10-08
34,hru34,0.967,0.0,0.0,0.0,0.0,0.0,0.0,0.0,0.0,0.0,2019-10-08
35,hru35,0.961,0.0,0.0,0.0,0.0,0.0,0.0,0.0,0.0,0.0,2019-10-08
36,hru36,0.967,0.0,0.0,0.0,0.0,0.0,0.0,0.0,0.0,0.0,2019-10-08
1,hru01,0.965,0.0,0.0,0.0,0.0,0.0,0.0,0.0,0.0,0.0,2019-10-09
2,hru02,0.97,0.0,0.0,0.0,0.0,0.0,0.0,0.0,0.0,0.0,2019-10-09
3,hru03,0.957,0.0,0.0,0.0,0.0,0.0,0.0,0.0,0.0,0.0,2019-10-09
4,hru04,0.962,0.0,0.0,0.0,0.0,0.0,0.0,0.0,0.0,0.0,2019-10-09
5,hru05,0.968,0.0,0.0,0.0,0.0,0.0,0.0,0.0,0.0,0.0,2019-10-09
6,hru06,0.968,0.0,0.0,0.0,0.0,0.0,0.0,0.0,0.0,0.0,2019-10-09
7,hru07,0.974,0.0,0.0,0.0,0.0,0.0,0.0,0.0,0.0,0.0,2019-10-09
8,hru08,0.957,0.0,0.0,0.0,0.0,0.0,0.0,0.0,0.0,0.0,2019-10-09
9,hru09,0.97,0.0,0.0,0.0,0.0,0.0,0.0,0.0,0.0,0.0,2019-10-09
10,hru10,0.97,0.0,0.0,0.0,0.0,0.0,0.0,0.0,0.0,0.0,2019-10-09
11,hru11,0.974,0.0,0.0,0.0,0.0,0.0,0.0,0.0,0.0,0.0,2019-10-09
12,hru12,0.973,0.0,0.0,0.0,0.0,0.0,0.0,0.0,0.0,0.0,2019-10-09
13,hru13,0.976,0.0,0.0,0.0,0.0,0.0,0.0,0.0,0.0,0.0,2019-10-09
14,hru14,0.973,0.0,0.0,0.0,0.0,0.0,0.0,0.0,0.0,0.0,2019-10-09
15,hru15,0.979,0.0,0.0,0.0,0.0,0.0,0.0,0.0,0.0,0.0,2019-10-09
16,hru16,0.972,0.0,0.0,0.0,0.0,0.0,0.0,0.0,0.0,0.0,2019-10-09
17,hru17,0.978,0.0,0.0,0.0,0.0,0.0,0.0,0.0,0.0,0.0,2019-10-09
18,hru18,0.979,0.0,0.0,0.0,0.0,0.0,0.0,0.0,0.0,0.0,2019-10-09
19,hru19,0.984,0.0,0.0,0.0,0.0,0.0,0.0,0.0,0.0,0.0,2019-10-09
20,hru20,0.981,0.0,0.0,0.0,0.0,0.0,0.0,0.0,0.0,0.0,2019-10-09
21,hru21,0.979,0.0,0.0,0.0,0.0,0.0,0.0,0.0,0.0,0.0,2019-10-09
22,hru22,0.979,0.0,0.0,0.0,0.0,0.0,0.0,0.0,0.0,0.0,2019-10-09
23,hru23,0.979,0.0,0.0,0.0,0.0,0.0,0.0,0.0,0.0,0.0,2019-10-09
24,hru24,0.979,0.0,0.0,0.0,0.0,0.0,0.0,0.0,0.0,0.0,2019-10-09
25,hru25,0.981,0.0,0.0,0.0,0.0,0.0,0.0,0.0,0.0,0.0,2019-10-09
26,hru26,0.981,0.0,0.0,0.0,0.0,0.0,0.0,0.0,0.0,0.0,2019-10-09
27,hru27,0.973,0.0,0.0,0.0,0.0,0.0,0.0,0.0,0.0,0.0,2019-10-09
28,hru28,0.974,0.0,0.0,0.0,0.0,0.0,0.0,0.0,0.0,0.0,2019-10-09
29,hru29,0.972,0.0,0.0,0.0,0.0,0.0,0.0,0.0,0.0,0.0,2019-10-09
30,hru30,0.971,0.0,0.0,0.0,0.0,0.0,0.0,0.0,0.0,0.0,2019-10-09
31,hru31,0.965,0.0,0.0,0.0,0.0,0.0,0.0,0.0,0.0,0.0,2019-10-09
32,hru32,0.976,0.0,0.0,0.0,0.0,0.0,0.0,0.0,0.0,0.0,2019-10-09
33,hru33,0.971,0.0,0.0,0.0,0.0,0.0,0.0,0.0,0.0,0.0,2019-10-09
34,hru34,0.971,0.0,0.0,0.0,0.0,0.0,0.0,0.0,0.0,0.0,2019-10-09
35,hru35,0.965,0.0,0.0,0.0,0.0,0.0,0.0,0.0,0.0,0.0,2019-10-09
36,hru36,0.971,0.0,0.0,0.0,0.0,0.0,0.0,0.0,0.0,0.0,2019-10-09
1,hru01,0.967,0.0,0.0,0.0,0.0,0.0,0.0,0.0,0.0,0.0,2019-10-10
2,hru02,0.972,0.0,0.0,0.0,0.0,0.0,0.0,0.0,0.0,0.0,2019-10-10
3,hru03,0.96,0.0,0.0,0.0,0.0,0.0,0.0,0.0,0.0,0.0,2019-10-10
4,hru04,0.964,0.0,0.0,0.0,0.0,0.0,0.0,0.0,0.0,0.0,2019-10-10
5,hru05,0.97,0.0,0.0,0.0,0.0,0.0,0.0,0.0,0.0,0.0,2019-10-10
6,hru06,0.97,0.0,0.0,0.0,0.0,0.0,0.0,0.0,0.0,0.0,2019-10-10
7,hru07,0.976,0.0,0.0,0.0,0.0,0.0,0.0,0.0,0.0,0.0,2019-10-10
8,hru08,0.96,0.0,0.0,0.0,0.0,0.0,0.0,0.0,0.0,0.0,2019-10-10
9,hru09,0.972,0.0,0.0,0.0,0.0,0.0,0.0,0.0,0.0,0.0,2019-10-10
10,hru10,0.972,0.0,0.0,0.0,0.0,0.0,0.0,0.0,0.0,0.0,2019-10-10
11,hru11,0.976,0.0,0.0,0.0,0.0,0.0,0.0,0.0,0.0,0.0,2019-10-10
12,hru12,0.975,0.0,0.0,0.0,0.0,0.0,0.0,0.0,0.0,0.0,2019-10-10
13,hru13,0.978,0.0,0.0,0.0,0.0,0.0,0.0,0.0,0.0,0.0,2019-10-10
14,hru14,0.975,0.0,0.0,0.0,0.0,0.0,0.0,0.0,0.0,0.0,2019-10-10
15,hru15,0.982,0.0,0.0,0.0,0.0,0.0,0.0,0.0,0.0,0.0,2019-10-10
16,hru16,0.975,0.0,0.0,0.0,0.0,0.0,0.0,0.0,0.0,0.0,2019-10-10
17,hru17,0.981,0.0,0.0,0.0,0.0,0.0,0.0,0.0,0.0,0.0,2019-10-10
18,hru18,0.982,0.0,0.0,0.0,0.0,0.0,0.0,0.0,0.0,0.0,2019-10-10
19,hru19,0.986,0.0,0.0,0.0,0.0,0.0,0.0,0.0,0.0,0.0,2019-10-10
20,hru20,0.983,0.0,0.0,0.0,0.0,0.0,0.0,0.0,0.0,0.0,2019-10-10
21,hru21,0.982,0.0,0.0,0.0,0.0,0.0,0.0,0.0,0.0,0.0,2019-10-10
22,hru22,0.982,0.0,0.0,0.0,0.0,0.0,0.0,0.0,0.0,0.0,2019-10-10
23,hru23,0.982,0.0,0.0,0.0,0.0,0.0,0.0,0.0,0.0,0.0,2019-10-10
24,hru24,0.982,0.0,0.0,0.0,0.0,0.0,0.0,0.0,0.0,0.0,2019-10-10
25,hru25,0.983,0.0,0.0,0.0,0.0,0.0,0.0,0.0,0.0,0.0,2019-10-10
26,hru26,0.983,0.0,0.0,0.0,0.0,0.0,0.0,0.0,0.0,0.0,2019-10-10
27,hru27,0.975,0.0,0.0,0.0,0.0,0.0,0.0,0.0,0.0,0.0,2019-10-10
28,hru28,0.976,0.0,0.0,0.0,0.0,0.0,0.0,0.0,0.0,0.0,2019-10-10
29,hru29,0.975,0.0,0.0,0.0,0.0,0.0,0.0,0.0,0.0,0.0,2019-10-10
30,hru30,0.974,0.0,0.0,0.0,0.0,0.0,0.0,0.0,0.0,0.0,2019-10-10
31,hru31,0.967,0.0,0.0,0.0,0.0,0.0,0.0,0.0,0.0,0.0,2019-10-10
32,hru32,0.978,0.0,0.0,0.0,0.0,0.0,0.0,0.0,0.0,0.0,2019-10-10
33,hru33,0.973,0.0,0.0,0.0,0.0,0.0,0.0,0.0,0.0,0.0,2019-10-10
34,hru34,0.973,0.0,0.0,0.0,0.0,0.0,0.0,0.0,0.0,0.0,2019-10-10
35,hru35,0.968,0.0,0.0,0.0,0.0,0.0,0.0,0.0,0.0,0.0,2019-10-10
36,hru36,0.973,0.0,0.0,0.0,0.0,0.0,0.0,0.0,0.0,0.0,2019-10-10
1,hru01,0.968,0.0,0.0,0.0,0.0,0.0,0.0,0.0,0.0,0.0,2019-10-11
2,hru02,0.972,0.0,0.0,0.0,0.0,0.0,0.0,0.0,0.0,0.0,2019-10-11
3,hru03,0.96,0.0,0.0,0.0,0.0,0.0,0.0,0.0,0.0,0.0,2019-10-11
4,hru04,0.964,0.0,0.0,0.0,0.0,0.0,0.0,0.0,0.0,0.0,2019-10-11
5,hru05,0.971,0.0,0.0,0.0,0.0,0.0,0.0,0.0,0.0,0.0,2019-10-11
6,hru06,0.971,0.0,0.0,0.0,0.0,0.0,0.0,0.0,0.0,0.0,2019-10-11
7,hru07,0.976,0.0,0.0,0.0,0.0,0.0,0.0,0.0,0.0,0.0,2019-10-11
8,hru08,0.96,0.0,0.0,0.0,0.0,0.0,0.0,0.0,0.0,0.0,2019-10-11
9,hru09,0.972,0.0,0.0,0.0,0.0,0.0,0.0,0.0,0.0,0.0,2019-10-11
10,hru10,0.972,0.0,0.0,0.0,0.0,0.0,0.0,0.0,0.0,0.0,2019-10-11
11,hru11,0.976,0.0,0.0,0.0,0.0,0.0,0.0,0.0,0.0,0.0,2019-10-11
12,hru12,0.975,0.0,0.0,0.0,0.0,0.0,0.0,0.0,0.0,0.0,2019-10-11
13,hru13,0.979,0.0,0.0,0.0,0.0,0.0,0.0,0.0,0.0,0.0,2019-10-11
14,hru14,0.975,0.0,0.0,0.0,0.0,0.0,0.0,0.0,0.0,0.0,2019-10-11
15,hru15,0.982,0.0,0.0,0.0,0.0,0.0,0.0,0.0,0.0,0.0,2019-10-11
16,hru16,0.975,0.0,0.0,0.0,0.0,0.0,0.0,0.0,0.0,0.0,2019-10-11
17,hru17,0.981,0.0,0.0,0.0,0.0,0.0,0.0,0.0,0.0,0.0,2019-10-11
18,hru18,0.982,0.0,0.0,0.0,0.0,0.0,0.0,0.0,0.0,0.0,2019-10-11
19,hru19,0.987,0.0,0.0,0.0,0.0,0.0,0.0,0.0,0.0,0.0,2019-10-11
20,hru20,0.983,0.0,0.0,0.0,0.0,0.0,0.0,0.0,0.0,0.0,2019-10-11
21,hru21,0.982,0.0,0.0,0.0,0.0,0.0,0.0,0.0,0.0,0.0,2019-10-11
22,hru22,0.982,0.0,0.0,0.0,0.0,0.0,0.0,0.0,0.0,0.0,2019-10-11
23,hru23,0.982,0.0,0.0,0.0,0.0,0.0,0.0,0.0,0.0,0.0,2019-10-11
24,hru24,0.982,0.0,0.0,0.0,0.0,0.0,0.0,0.0,0.0,0.0,2019-10-11
25,hru25,0.983,0.0,0.0,0.0,0.0,0.0,0.0,0.0,0.0,0.0,2019-10-11
26,hru26,0.984,0.0,0.0,0.0,0.0,0.0,0.0,0.0,0.0,0.0,2019-10-11
27,hru27,0.976,0.0,0.0,0.0,0.0,0.0,0.0,0.0,0.0,0.0,2019-10-11
28,hru28,0.976,0.0,0.0,0.0,0.0,0.0,0.0,0.0,0.0,0.0,2019-10-11
29,hru29,0.975,0.0,0.0,0.0,0.0,0.0,0.0,0.0,0.0,0.0,2019-10-11
30,hru30,0.974,0.0,0.0,0.0,0.0,0.0,0.0,0.0,0.0,0.0,2019-10-11
31,hru31,0.968,0.0,0.0,0.0,0.0,0.0,0.0,0.0,0.0,0.0,2019-10-11
32,hru32,0.979,0.0,0.0,0.0,0.0,0.0,0.0,0.0,0.0,0.0,2019-10-11
33,hru33,0.973,0.0,0.0,0.0,0.0,0.0,0.0,0.0,0.0,0.0,2019-10-11
34,hru34,0.973,0.0,0.0,0.0,0.0,0.0,0.0,0.0,0.0,0.0,2019-10-11
35,hru35,0.968,0.0,0.0,0.0,0.0,0.0,0.0,0.0,0.0,0.0,2019-10-11
36,hru36,0.973,0.0,0.0,0.0,0.0,0.0,0.0,0.0,0.0,0.0,2019-10-11
1,hru01,0.968,0.0,0.0,0.0,0.0,0.0,0.0,0.0,0.0,0.0,2019-10-12
2,hru02,0.973,0.0,0.0,0.0,0.0,0.0,0.0,0.0,0.0,0.0,2019-10-12
3,hru03,0.96,0.0,0.0,0.0,0.0,0.0,0.0,0.0,0.0,0.0,2019-10-12
4,hru04,0.965,0.0,0.0,0.0,0.0,0.0,0.0,0.0,0.0,0.0,2019-10-12
5,hru05,0.971,0.0,0.0,0.0,0.0,0.0,0.0,0.0,0.0,0.0,2019-10-12
6,hru06,0.971,0.0,0.0,0.0,0.0,0.0,0.0,0.0,0.0,0.0,2019-10-12
7,hru07,0.977,0.0,0.0,0.0,0.0,0.0,0.0,0.0,0.0,0.0,2019-10-12
8,hru08,0.96,0.0,0.0,0.0,0.0,0.0,0.0,0.0,0.0,0.0,2019-10-12
9,hru09,0.973,0.0,0.0,0.0,0.0,0.0,0.0,0.0,0.0,0.0,2019-10-12
10,hru10,0.973,0.0,0.0,0.0,0.0,0.0,0.0,0.0,0.0,0.0,2019-10-12
11,hru11,0.977,0.0,0.0,0.0,0.0,0.0,0.0,0.0,0.0,0.0,2019-10-12
12,hru12,0.976,0.0,0.0,0.0,0.0,0.0,0.0,0.0,0.0,0.0,2019-10-12
13,hru13,0.979,0.0,0.0,0.0,0.0,0.0,0.0,0.0,0.0,0.0,2019-10-12
14,hru14,0.976,0.0,0.0,0.0,0.0,0.0,0.0,0.0,0.0,0.0,2019-10-12
15,hru15,0.983,0.0,0.0,0.0,0.0,0.0,0.0,0.0,0.0,0.0,2019-10-12
16,hru16,0.976,0.0,0.0,0.0,0.0,0.0,0.0,0.0,0.0,0.0,2019-10-12
17,hru17,0.982,0.0,0.0,0.0,0.0,0.0,0.0,0.0,0.0,0.0,2019-10-12
18,hru18,0.983,0.0,0.0,0.0,0.0,0.0,0.0,0.0,0.0,0.0,2019-10-12
19,hru19,0.987,0.0,0.0,0.0,0.0,0.0,0.0,0.0,0.0,0.0,2019-10-12
20,hru20,0.984,0.0,0.0,0.0,0.0,0.0,0.0,0.0,0.0,0.0,2019-10-12
21,hru21,0.983,0.0,0.0,0.0,0.0,0.0,0.0,0.0,0.0,0.0,2019-10-12
22,hru22,0.983,0.0,0.0,0.0,0.0,0.0,0.0,0.0,0.0,0.0,2019-10-12
23,hru23,0.983,0.0,0.0,0.0,0.0,0.0,0.0,0.0,0.0,0.0,2019-10-12
24,hru24,0.983,0.0,0.0,0.0,0.0,0.0,0.0,0.0,0.0,0.0,2019-10-12
25,hru25,0.984,0.0,0.0,0.0,0.0,0.0,0.0,0.0,0.0,0.0,2019-10-12
26,hru26,0.985,0.0,0.0,0.0,0.0,0.0,0.0,0.0,0.0,0.0,2019-10-12
27,hru27,0.977,0.0,0.0,0.0,0.0,0.0,0.0,0.0,0.0,0.0,2019-10-12
28,hru28,0.977,0.0,0.0,0.0,0.0,0.0,0.0,0.0,0.0,0.0,2019-10-12
29,hru29,0.976,0.0,0.0,0.0,0.0,0.0,0.0,0.0,0.0,0.0,2019-10-12
30,hru30,0.975,0.0,0.0,0.0,0.0,0.0,0.0,0.0,0.0,0.0,2019-10-12
31,hru31,0.968,0.0,0.0,0.0,0.0,0.0,0.0,0.0,0.0,0.0,2019-10-12
32,hru32,0.979,0.0,0.0,0.0,0.0,0.0,0.0,0.0,0.0,0.0,2019-10-12
33,hru33,0.974,0.0,0.0,0.0,0.0,0.0,0.0,0.0,0.0,0.0,2019-10-12
34,hru34,0.974,0.0,0.0,0.0,0.0,0.0,0.0,0.0,0.0,0.0,2019-10-12
35,hru35,0.968,0.0,0.0,0.0,0.0,0.0,0.0,0.0,0.0,0.0,2019-10-12
36,hru36,0.974,0.0,0.0,0.0,0.0,0.0,0.0,0.0,0.0,0.0,2019-10-12
1,hru01,0.969,0.0,0.0,0.0,0.0,0.0,0.0,0.0,0.0,0.0,2019-10-13
2,hru02,0.974,0.0,0.0,0.0,0.0,0.0,0.0,0.0,0.0,0.0,2019-10-13
3,hru03,0.961,0.0,0.0,0.0,0.0,0.0,0.0,0.0,0.0,0.0,2019-10-13
4,hru04,0.966,0.0,0.0,0.0,0.0,0.0,0.0,0.0,0.0,0.0,2019-10-13
5,hru05,0.972,0.0,0.0,0.0,0.0,0.0,0.0,0.0,0.0,0.0,2019-10-13
6,hru06,0.972,0.0,0.0,0.0,0.0,0.0,0.0,0.0,0.0,0.0,2019-10-13
7,hru07,0.978,0.0,0.0,0.0,0.0,0.0,0.0,0.0,0.0,0.0,2019-10-13
8,hru08,0.961,0.0,0.0,0.0,0.0,0.0,0.0,0.0,0.0,0.0,2019-10-13
9,hru09,0.974,0.0,0.0,0.0,0.0,0.0,0.0,0.0,0.0,0.0,2019-10-13
10,hru10,0.974,0.0,0.0,0.0,0.0,0.0,0.0,0.0,0.0,0.0,2019-10-13
11,hru11,0.978,0.0,0.0,0.0,0.0,0.0,0.0,0.0,0.0,0.0,2019-10-13
12,hru12,0.977,0.0,0.0,0.0,0.0,0.0,0.0,0.0,0.0,0.0,2019-10-13
13,hru13,0.98,0.0,0.0,0.0,0.0,0.0,0.0,0.0,0.0,0.0,2019-10-13
14,hru14,0.977,0.0,0.0,0.0,0.0,0.0,0.0,0.0,0.0,0.0,2019-10-13
15,hru15,0.984,0.0,0.0,0.0,0.0,0.0,0.0,0.0,0.0,0.0,2019-10-13
16,hru16,0.976,0.0,0.0,0.0,0.0,0.0,0.0,0.0,0.0,0.0,2019-10-13
17,hru17,0.982,0.0,0.0,0.0,0.0,0.0,0.0,0.0,0.0,0.0,2019-10-13
18,hru18,0.984,0.0,0.0,0.0,0.0,0.0,0.0,0.0,0.0,0.0,2019-10-13
19,hru19,0.988,0.0,0.0,0.0,0.0,0.0,0.0,0.0,0.0,0.0,2019-10-13
20,hru20,0.985,0.0,0.0,0.0,0.0,0.0,0.0,0.0,0.0,0.0,2019-10-13
21,hru21,0.984,0.0,0.0,0.0,0.0,0.0,0.0,0.0,0.0,0.0,2019-10-13
22,hru22,0.984,0.0,0.0,0.0,0.0,0.0,0.0,0.0,0.0,0.0,2019-10-13
23,hru23,0.984,0.0,0.0,0.0,0.0,0.0,0.0,0.0,0.0,0.0,2019-10-13
24,hru24,0.984,0.0,0.0,0.0,0.0,0.0,0.0,0.0,0.0,0.0,2019-10-13
25,hru25,0.985,0.0,0.0,0.0,0.0,0.0,0.0,0.0,0.0,0.0,2019-10-13
26,hru26,0.985,0.0,0.0,0.0,0.0,0.0,0.0,0.0,0.0,0.0,2019-10-13
27,hru27,0.977,0.0,0.0,0.0,0.0,0.0,0.0,0.0,0.0,0.0,2019-10-13
28,hru28,0.978,0.0,0.0,0.0,0.0,0.0,0.0,0.0,0.0,0.0,2019-10-13
29,hru29,0.977,0.0,0.0,0.0,0.0,0.0,0.0,0.0,0.0,0.0,2019-10-13
30,hru30,0.976,0.0,0.0,0.0,0.0,0.0,0.0,0.0,0.0,0.0,2019-10-13
31,hru31,0.969,0.0,0.0,0.0,0.0,0.0,0.0,0.0,0.0,0.0,2019-10-13
32,hru32,0.98,0.0,0.0,0.0,0.0,0.0,0.0,0.0,0.0,0.0,2019-10-13
33,hru33,0.975,0.0,0.0,0.0,0.0,0.0,0.0,0.0,0.0,0.0,2019-10-13
34,hru34,0.975,0.0,0.0,0.0,0.0,0.0,0.0,0.0,0.0,0.0,2019-10-13
35,hru35,0.969,0.0,0.0,0.0,0.0,0.0,0.0,0.0,0.0,0.0,2019-10-13
36,hru36,0.975,0.0,0.0,0.0,0.0,0.0,0.0,0.0,0.0,0.0,2019-10-13
1,hru01,0.971,0.0,0.0,0.0,0.0,0.0,0.0,0.0,0.0,0.0,2019-10-14
2,hru02,0.976,0.0,0.0,0.0,0.0,0.0,0.0,0.0,0.0,0.0,2019-10-14
3,hru03,0.963,0.0,0.0,0.0,0.0,0.0,0.0,0.0,0.0,0.0,2019-10-14
4,hru04,0.968,0.0,0.0,0.0,0.0,0.0,0.0,0.0,0.0,0.0,2019-10-14
5,hru05,0.974,0.0,0.0,0.0,0.0,0.0,0.0,0.0,0.0,0.0,2019-10-14
6,hru06,0.974,0.0,0.0,0.0,0.0,0.0,0.0,0.0,0.0,0.0,2019-10-14
7,hru07,0.98,0.0,0.0,0.0,0.0,0.0,0.0,0.0,0.0,0.0,2019-10-14
8,hru08,0.963,0.0,0.0,0.0,0.0,0.0,0.0,0.0,0.0,0.0,2019-10-14
9,hru09,0.976,0.0,0.0,0.0,0.0,0.0,0.0,0.0,0.0,0.0,2019-10-14
10,hru10,0.976,0.0,0.0,0.0,0.0,0.0,0.0,0.0,0.0,0.0,2019-10-14
11,hru11,0.98,0.0,0.0,0.0,0.0,0.0,0.0,0.0,0.0,0.0,2019-10-14
12,hru12,0.979,0.0,0.0,0.0,0.0,0.0,0.0,0.0,0.0,0.0,2019-10-14
13,hru13,0.982,0.0,0.0,0.0,0.0,0.0,0.0,0.0,0.0,0.0,2019-10-14
14,hru14,0.979,0.0,0.0,0.0,0.0,0.0,0.0,0.0,0.0,0.0,2019-10-14
15,hru15,0.986,0.0,0.0,0.0,0.0,0.0,0.0,0.0,0.0,0.0,2019-10-14
16,hru16,0.978,0.0,0.0,0.0,0.0,0.0,0.0,0.0,0.0,0.0,2019-10-14
17,hru17,0.984,0.0,0.0,0.0,0.0,0.0,0.0,0.0,0.0,0.0,2019-10-14
18,hru18,0.986,0.0,0.0,0.0,0.0,0.0,0.0,0.0,0.0,0.0,2019-10-14
19,hru19,0.99,0.0,0.0,0.0,0.0,0.0,0.0,0.0,0.0,0.0,2019-10-14
20,hru20,0.987,0.0,0.0,0.0,0.0,0.0,0.0,0.0,0.0,0.0,2019-10-14
21,hru21,0.986,0.0,0.0,0.0,0.0,0.0,0.0,0.0,0.0,0.0,2019-10-14
22,hru22,0.986,0.0,0.0,0.0,0.0,0.0,0.0,0.0,0.0,0.0,2019-10-14
23,hru23,0.986,0.0,0.0,0.0,0.0,0.0,0.0,0.0,0.0,0.0,2019-10-14
24,hru24,0.986,0.0,0.0,0.0,0.0,0.0,0.0,0.0,0.0,0.0,2019-10-14
25,hru25,0.987,0.0,0.0,0.0,0.0,0.0,0.0,0.0,0.0,0.0,2019-10-14
26,hru26,0.987,0.0,0.0,0.0,0.0,0.0,0.0,0.0,0.0,0.0,2019-10-14
27,hru27,0.979,0.0,0.0,0.0,0.0,0.0,0.0,0.0,0.0,0.0,2019-10-14
28,hru28,0.98,0.0,0.0,0.0,0.0,0.0,0.0,0.0,0.0,0.0,2019-10-14
29,hru29,0.978,0.0,0.0,0.0,0.0,0.0,0.0,0.0,0.0,0.0,2019-10-14
30,hru30,0.977,0.0,0.0,0.0,0.0,0.0,0.0,0.0,0.0,0.0,2019-10-14
31,hru31,0.971,0.0,0.0,0.0,0.0,0.0,0.0,0.0,0.0,0.0,2019-10-14
32,hru32,0.982,0.0,0.0,0.0,0.0,0.0,0.0,0.0,0.0,0.0,2019-10-14
33,hru33,0.977,0.0,0.0,0.0,0.0,0.0,0.0,0.0,0.0,0.0,2019-10-14
34,hru34,0.977,0.0,0.0,0.0,0.0,0.0,0.0,0.0,0.0,0.0,2019-10-14
35,hru35,0.971,0.0,0.0,0.0,0.0,0.0,0.0,0.0,0.0,0.0,2019-10-14
36,hru36,0.977,0.0,0.0,0.0,0.0,0.0,0.0,0.0,0.0,0.0,2019-10-14
1,hru01,0.973,0.0,0.0,0.0,0.0,0.0,0.0,0.0,0.0,0.0,2019-10-15
2,hru02,0.978,0.0,0.0,0.0,0.0,0.0,0.0,0.0,0.0,0.0,2019-10-15
3,hru03,0.965,0.0,0.0,0.0,0.0,0.0,0.0,0.0,0.0,0.0,2019-10-15
4,hru04,0.97,0.0,0.0,0.0,0.0,0.0,0.0,0.0,0.0,0.0,2019-10-15
5,hru05,0.976,0.0,0.0,0.0,0.0,0.0,0.0,0.0,0.0,0.0,2019-10-15
6,hru06,0.976,0.0,0.0,0.0,0.0,0.0,0.0,0.0,0.0,0.0,2019-10-15
7,hru07,0.982,0.0,0.0,0.0,0.0,0.0,0.0,0.0,0.0,0.0,2019-10-15
8,hru08,0.965,0.0,0.0,0.0,0.0,0.0,0.0,0.0,0.0,0.0,2019-10-15
9,hru09,0.978,0.0,0.0,0.0,0.0,0.0,0.0,0.0,0.0,0.0,2019-10-15
10,hru10,0.978,0.0,0.0,0.0,0.0,0.0,0.0,0.0,0.0,0.0,2019-10-15
11,hru11,0.983,0.0,0.0,0.0,0.0,0.0,0.0,0.0,0.0,0.0,2019-10-15
12,hru12,0.981,0.0,0.0,0.0,0.0,0.0,0.0,0.0,0.0,0.0,2019-10-15
13,hru13,0.985,0.0,0.0,0.0,0.0,0.0,0.0,0.0,0.0,0.0,2019-10-15
14,hru14,0.981,0.0,0.0,0.0,0.0,0.0,0.0,0.0,0.0,0.0,2019-10-15
15,hru15,0.988,0.0,0.0,0.0,0.0,0.0,0.0,0.0,0.0,0.0,2019-10-15
16,hru16,0.981,0.0,0.0,0.0,0.0,0.0,0.0,0.0,0.0,0.0,2019-10-15
17,hru17,0.987,0.0,0.0,0.0,0.0,0.0,0.0,0.0,0.0,0.0,2019-10-15
18,hru18,0.988,0.0,0.0,0.0,0.0,0.0,0.0,0.0,0.0,0.0,2019-10-15
19,hru19,0.993,0.0,0.0,0.0,0.0,0.0,0.0,0.0,0.0,0.0,2019-10-15
20,hru20,0.989,0.0,0.0,0.0,0.0,0.0,0.0,0.0,0.0,0.0,2019-10-15
21,hru21,0.988,0.0,0.0,0.0,0.0,0.0,0.0,0.0,0.0,0.0,2019-10-15
22,hru22,0.988,0.0,0.0,0.0,0.0,0.0,0.0,0.0,0.0,0.0,2019-10-15
23,hru23,0.988,0.0,0.0,0.0,0.0,0.0,0.0,0.0,0.0,0.0,2019-10-15
24,hru24,0.988,0.0,0.0,0.0,0.0,0.0,0.0,0.0,0.0,0.0,2019-10-15
25,hru25,0.989,0.0,0.0,0.0,0.0,0.0,0.0,0.0,0.0,0.0,2019-10-15
26,hru26,0.99,0.0,0.0,0.0,0.0,0.0,0.0,0.0,0.0,0.0,2019-10-15
27,hru27,0.982,0.0,0.0,0.0,0.0,0.0,0.0,0.0,0.0,0.0,2019-10-15
28,hru28,0.983,0.0,0.0,0.0,0.0,0.0,0.0,0.0,0.0,0.0,2019-10-15
29,hru29,0.981,0.0,0.0,0.0,0.0,0.0,0.0,0.0,0.0,0.0,2019-10-15
30,hru30,0.98,0.0,0.0,0.0,0.0,0.0,0.0,0.0,0.0,0.0,2019-10-15
31,hru31,0.973,0.0,0.0,0.0,0.0,0.0,0.0,0.0,0.0,0.0,2019-10-15
32,hru32,0.985,0.0,0.0,0.0,0.0,0.0,0.0,0.0,0.0,0.0,2019-10-15
33,hru33,0.979,0.0,0.0,0.0,0.0,0.0,0.0,0.0,0.0,0.0,2019-10-15
34,hru34,0.979,0.0,0.0,0.0,0.0,0.0,0.0,0.0,0.0,0.0,2019-10-15
35,hru35,0.973,0.0,0.0,0.0,0.0,0.0,0.0,0.0,0.0,0.0,2019-10-15
36,hru36,0.979,0.0,0.0,0.0,0.0,0.0,0.0,0.0,0.0,0.0,2019-10-15
1,hru01,0.974,0.0,0.0,0.0,0.0,0.0,0.0,0.0,0.0,0.0,2019-10-16
2,hru02,0.98,0.0,0.0,0.0,0.0,0.0,0.0,0.0,0.0,0.0,2019-10-16
3,hru03,0.966,0.0,0.0,0.0,0.0,0.0,0.0,0.0,0.0,0.0,2019-10-16
4,hru04,0.971,0.0,0.0,0.0,0.0,0.0,0.0,0.0,0.0,0.0,2019-10-16
5,hru05,0.978,0.0,0.0,0.0,0.0,0.0,0.0,0.0,0.0,0.0,2019-10-16
6,hru06,0.978,0.0,0.0,0.0,0.0,0.0,0.0,0.0,0.0,0.0,2019-10-16
7,hru07,0.984,0.0,0.0,0.0,0.0,0.0,0.0,0.0,0.0,0.0,2019-10-16
8,hru08,0.966,0.0,0.0,0.0,0.0,0.0,0.0,0.0,0.0,0.0,2019-10-16
9,hru09,0.979,0.0,0.0,0.0,0.0,0.0,0.0,0.0,0.0,0.0,2019-10-16
10,hru10,0.979,0.0,0.0,0.0,0.0,0.0,0.0,0.0,0.0,0.0,2019-10-16
11,hru11,0.984,0.0,0.0,0.0,0.0,0.0,0.0,0.0,0.0,0.0,2019-10-16
12,hru12,0.983,0.0,0.0,0.0,0.0,0.0,0.0,0.0,0.0,0.0,2019-10-16
13,hru13,0.986,0.0,0.0,0.0,0.0,0.0,0.0,0.0,0.0,0.0,2019-10-16
14,hru14,0.983,0.0,0.0,0.0,0.0,0.0,0.0,0.0,0.0,0.0,2019-10-16
15,hru15,0.99,0.0,0.0,0.0,0.0,0.0,0.0,0.0,0.0,0.0,2019-10-16
16,hru16,0.982,0.0,0.0,0.0,0.0,0.0,0.0,0.0,0.0,0.0,2019-10-16
17,hru17,0.988,0.0,0.0,0.0,0.0,0.0,0.0,0.0,0.0,0.0,2019-10-16
18,hru18,0.99,0.0,0.0,0.0,0.0,0.0,0.0,0.0,0.0,0.0,2019-10-16
19,hru19,0.994,0.0,0.0,0.0,0.0,0.0,0.0,0.0,0.0,0.0,2019-10-16
20,hru20,0.991,0.0,0.0,0.0,0.0,0.0,0.0,0.0,0.0,0.0,2019-10-16
21,hru21,0.99,0.0,0.0,0.0,0.0,0.0,0.0,0.0,0.0,0.0,2019-10-16
22,hru22,0.99,0.0,0.0,0.0,0.0,0.0,0.0,0.0,0.0,0.0,2019-10-16
23,hru23,0.99,0.0,0.0,0.0,0.0,0.0,0.0,0.0,0.0,0.0,2019-10-16
24,hru24,0.99,0.0,0.0,0.0,0.0,0.0,0.0,0.0,0.0,0.0,2019-10-16
25,hru25,0.991,0.0,0.0,0.0,0.0,0.0,0.0,0.0,0.0,0.0,2019-10-16
26,hru26,0.991,0.0,0.0,0.0,0.0,0.0,0.0,0.0,0.0,0.0,2019-10-16
27,hru27,0.983,0.0,0.0,0.0,0.0,0.0,0.0,0.0,0.0,0.0,2019-10-16
28,hru28,0.984,0.0,0.0,0.0,0.0,0.0,0.0,0.0,0.0,0.0,2019-10-16
29,hru29,0.982,0.0,0.0,0.0,0.0,0.0,0.0,0.0,0.0,0.0,2019-10-16
30,hru30,0.981,0.0,0.0,0.0,0.0,0.0,0.0,0.0,0.0,0.0,2019-10-16
31,hru31,0.974,0.0,0.0,0.0,0.0,0.0,0.0,0.0,0.0,0.0,2019-10-16
32,hru32,0.986,0.0,0.0,0.0,0.0,0.0,0.0,0.0,0.0,0.0,2019-10-16
33,hru33,0.98,0.0,0.0,0.0,0.0,0.0,0.0,0.0,0.0,0.0,2019-10-16
34,hru34,0.98,0.0,0.0,0.0,0.0,0.0,0.0,0.0,0.0,0.0,2019-10-16
35,hru35,0.975,0.0,0.0,0.0,0.0,0.0,0.0,0.0,0.0,0.0,2019-10-16
36,hru36,0.98,0.0,0.0,0.0,0.0,0.0,0.0,0.0,0.0,0.0,2019-10-16
1,hru01,0.977,0.0,0.0,0.0,0.0,0.0,0.0,0.0,0.0,0.0,2019-10-17
2,hru02,0.982,0.0,0.0,0.0,0.0,0.0,0.0,0.0,0.0,0.0,2019-10-17
3,hru03,0.969,0.0,0.0,0.0,0.0,0.0,0.0,0.0,0.0,0.0,2019-10-17
4,hru04,0.973,0.0,0.0,0.0,0.0,0.0,0.0,0.0,0.0,0.0,2019-10-17
5,hru05,0.98,0.0,0.0,0.0,0.0,0.0,0.0,0.0,0.0,0.0,2019-10-17
6,hru06,0.98,0.0,0.0,0.0,0.0,0.0,0.0,0.0,0.0,0.0,2019-10-17
7,hru07,0.986,0.0,0.0,0.0,0.0,0.0,0.0,0.0,0.0,0.0,2019-10-17
8,hru08,0.969,0.0,0.0,0.0,0.0,0.0,0.0,0.0,0.0,0.0,2019-10-17
9,hru09,0.982,0.0,0.0,0.0,0.0,0.0,0.0,0.0,0.0,0.0,2019-10-17
10,hru10,0.982,0.0,0.0,0.0,0.0,0.0,0.0,0.0,0.0,0.0,2019-10-17
11,hru11,0.986,0.0,0.0,0.0,0.0,0.0,0.0,0.0,0.0,0.0,2019-10-17
12,hru12,0.985,0.0,0.0,0.0,0.0,0.0,0.0,0.0,0.0,0.0,2019-10-17
13,hru13,0.988,0.0,0.0,0.0,0.0,0.0,0.0,0.0,0.0,0.0,2019-10-17
14,hru14,0.985,0.0,0.0,0.0,0.0,0.0,0.0,0.0,0.0,0.0,2019-10-17
15,hru15,0.992,0.0,0.0,0.0,0.0,0.0,0.0,0.0,0.0,0.0,2019-10-17
16,hru16,0.984,0.0,0.0,0.0,0.0,0.0,0.0,0.0,0.0,0.0,2019-10-17
17,hru17,0.99,0.0,0.0,0.0,0.0,0.0,0.0,0.0,0.0,0.0,2019-10-17
18,hru18,0.992,0.0,0.0,0.0,0.0,0.0,0.0,0.0,0.0,0.0,2019-10-17
19,hru19,0.996,0.0,0.0,0.0,0.0,0.0,0.0,0.0,0.0,0.0,2019-10-17
20,hru20,0.993,0.0,0.0,0.0,0.0,0.0,0.0,0.0,0.0,0.0,2019-10-17
21,hru21,0.992,0.0,0.0,0.0,0.0,0.0,0.0,0.0,0.0,0.0,2019-10-17
22,hru22,0.992,0.0,0.0,0.0,0.0,0.0,0.0,0.0,0.0,0.0,2019-10-17
23,hru23,0.992,0.0,0.0,0.0,0.0,0.0,0.0,0.0,0.0,0.0,2019-10-17
24,hru24,0.992,0.0,0.0,0.0,0.0,0.0,0.0,0.0,0.0,0.0,2019-10-17
25,hru25,0.993,0.0,0.0,0.0,0.0,0.0,0.0,0.0,0.0,0.0,2019-10-17
26,hru26,0.993,0.0,0.0,0.0,0.0,0.0,0.0,0.0,0.0,0.0,2019-10-17
27,hru27,0.985,0.0,0.0,0.0,0.0,0.0,0.0,0.0,0.0,0.0,2019-10-17
28,hru28,0.986,0.0,0.0,0.0,0.0,0.0,0.0,0.0,0.0,0.0,2019-10-17
29,hru29,0.984,0.0,0.0,0.0,0.0,0.0,0.0,0.0,0.0,0.0,2019-10-17
30,hru30,0.983,0.0,0.0,0.0,0.0,0.0,0.0,0.0,0.0,0.0,2019-10-17
31,hru31,0.977,0.0,0.0,0.0,0.0,0.0,0.0,0.0,0.0,0.0,2019-10-17
32,hru32,0.988,0.0,0.0,0.0,0.0,0.0,0.0,0.0,0.0,0.0,2019-10-17
33,hru33,0.983,0.0,0.0,0.0,0.0,0.0,0.0,0.0,0.0,0.0,2019-10-17
34,hru34,0.983,0.0,0.0,0.0,0.0,0.0,0.0,0.0,0.0,0.0,2019-10-17
35,hru35,0.977,0.0,0.0,0.0,0.0,0.0,0.0,0.0,0.0,0.0,2019-10-17
36,hru36,0.983,0.0,0.0,0.0,0.0,0.0,0.0,0.0,0.0,0.0,2019-10-17
1,hru01,0.981,0.0,0.0,0.0,0.0,0.0,0.0,0.0,0.0,0.0,2019-10-18
2,hru02,0.986,0.0,0.0,0.0,0.0,0.0,0.0,0.0,0.0,0.0,2019-10-18
3,hru03,0.973,0.0,0.0,0.0,0.0,0.0,0.0,0.0,0.0,0.0,2019-10-18
4,hru04,0.977,0.0,0.0,0.0,0.0,0.0,0.0,0.0,0.0,0.0,2019-10-18
5,hru05,0.984,0.0,0.0,0.0,0.0,0.0,0.0,0.0,0.0,0.0,2019-10-18
6,hru06,0.984,0.0,0.0,0.0,0.0,0.0,0.0,0.0,0.0,0.0,2019-10-18
7,hru07,0.99,0.0,0.0,0.0,0.0,0.0,0.0,0.0,0.0,0.0,2019-10-18
8,hru08,0.973,0.0,0.0,0.0,0.0,0.0,0.0,0.0,0.0,0.0,2019-10-18
9,hru09,0.986,0.0,0.0,0.0,0.0,0.0,0.0,0.0,0.0,0.0,2019-10-18
10,hru10,0.986,0.0,0.0,0.0,0.0,0.0,0.0,0.0,0.0,0.0,2019-10-18
11,hru11,0.99,0.0,0.0,0.0,0.0,0.0,0.0,0.0,0.0,0.0,2019-10-18
12,hru12,0.989,0.0,0.0,0.0,0.0,0.0,0.0,0.0,0.0,0.0,2019-10-18
13,hru13,0.992,0.0,0.0,0.0,0.0,0.0,0.0,0.0,0.0,0.0,2019-10-18
14,hru14,0.989,0.0,0.0,0.0,0.0,0.0,0.0,0.0,0.0,0.0,2019-10-18
15,hru15,0.996,0.0,0.0,0.0,0.0,0.0,0.0,0.0,0.0,0.0,2019-10-18
16,hru16,0.988,0.0,0.0,0.0,0.0,0.0,0.0,0.0,0.0,0.0,2019-10-18
17,hru17,0.994,0.0,0.0,0.0,0.0,0.0,0.0,0.0,0.0,0.0,2019-10-18
18,hru18,0.996,0.0,0.0,0.0,0.0,0.0,0.0,0.0,0.0,0.0,2019-10-18
19,hru19,1.0,0.0,0.0,0.0,0.0,0.0,0.0,0.0,0.0,0.0,2019-10-18
20,hru20,0.997,0.0,0.0,0.0,0.0,0.0,0.0,0.0,0.0,0.0,2019-10-18
21,hru21,0.996,0.0,0.0,0.0,0.0,0.0,0.0,0.0,0.0,0.0,2019-10-18
22,hru22,0.996,0.0,0.0,0.0,0.0,0.0,0.0,0.0,0.0,0.0,2019-10-18
23,hru23,0.996,0.0,0.0,0.0,0.0,0.0,0.0,0.0,0.0,0.0,2019-10-18
24,hru24,0.996,0.0,0.0,0.0,0.0,0.0,0.0,0.0,0.0,0.0,2019-10-18
25,hru25,0.997,0.0,0.0,0.0,0.0,0.0,0.0,0.0,0.0,0.0,2019-10-18
26,hru26,0.997,0.0,0.0,0.0,0.0,0.0,0.0,0.0,0.0,0.0,2019-10-18
27,hru27,0.989,0.0,0.0,0.0,0.0,0.0,0.0,0.0,0.0,0.0,2019-10-18
28,hru28,0.99,0.0,0.0,0.0,0.0,0.0,0.0,0.0,0.0,0.0,2019-10-18
29,hru29,0.988,0.0,0.0,0.0,0.0,0.0,0.0,0.0,0.0,0.0,2019-10-18
30,hru30,0.987,0.0,0.0,0.0,0.0,0.0,0.0,0.0,0.0,0.0,2019-10-18
31,hru31,0.981,0.0,0.0,0.0,0.0,0.0,0.0,0.0,0.0,0.0,2019-10-18
32,hru32,0.992,0.0,0.0,0.0,0.0,0.0,0.0,0.0,0.0,0.0,2019-10-18
33,hru33,0.986,0.0,0.0,0.0,0.0,0.0,0.0,0.0,0.0,0.0,2019-10-18
34,hru34,0.986,0.0,0.0,0.0,0.0,0.0,0.0,0.0,0.0,0.0,2019-10-18
35,hru35,0.981,0.0,0.0,0.0,0.0,0.0,0.0,0.0,0.0,0.0,2019-10-18
36,hru36,0.986,0.0,0.0,0.0,0.0,0.0,0.0,0.0,0.0,0.0,2019-10-18
1,hru01,0.984,0.0,0.0,0.0,0.0,0.0,0.0,0.0,0.0,0.0,2019-10-19
2,hru02,0.989,0.0,0.0,0.0,0.0,0.0,0.0,0.0,0.0,0.0,2019-10-19
3,hru03,0.976,0.0,0.0,0.0,0.0,0.0,0.0,0.0,0.0,0.0,2019-10-19
4,hru04,0.98,0.0,0.0,0.0,0.0,0.0,0.0,0.0,0.0,0.0,2019-10-19
5,hru05,0.987,0.0,0.0,0.0,0.0,0.0,0.0,0.0,0.0,0.0,2019-10-19
6,hru06,0.987,0.0,0.0,0.0,0.0,0.0,0.0,0.0,0.0,0.0,2019-10-19
7,hru07,0.993,0.0,0.0,0.0,0.0,0.0,0.0,0.0,0.0,0.0,2019-10-19
8,hru08,0.976,0.0,0.0,0.0,0.0,0.0,0.0,0.0,0.0,0.0,2019-10-19
9,hru09,0.988,0.0,0.0,0.0,0.0,0.0,0.0,0.0,0.0,0.0,2019-10-19
10,hru10,0.988,0.0,0.0,0.0,0.0,0.0,0.0,0.0,0.0,0.0,2019-10-19
11,hru11,0.993,0.0,0.0,0.0,0.0,0.0,0.0,0.0,0.0,0.0,2019-10-19
12,hru12,0.992,0.0,0.0,0.0,0.0,0.0,0.0,0.0,0.0,0.0,2019-10-19
13,hru13,0.995,0.0,0.0,0.0,0.0,0.0,0.0,0.0,0.0,0.0,2019-10-19
14,hru14,0.992,0.0,0.0,0.0,0.0,0.0,0.0,0.0,0.0,0.0,2019-10-19
15,hru15,0.999,0.0,0.0,0.0,0.0,0.0,0.0,0.0,0.0,0.0,2019-10-19
16,hru16,0.991,0.0,0.0,0.0,0.0,0.0,0.0,0.0,0.0,0.0,2019-10-19
17,hru17,0.997,0.0,0.0,0.0,0.0,0.0,0.0,0.0,0.0,0.0,2019-10-19
18,hru18,0.999,0.0,0.0,0.0,0.0,0.0,0.0,0.0,0.0,0.0,2019-10-19
19,hru19,1.003,0.0,0.0,0.0,0.0,0.0,0.0,0.0,0.0,0.0,2019-10-19
20,hru20,0.999,0.0,0.0,0.0,0.0,0.0,0.0,0.0,0.0,0.0,2019-10-19
21,hru21,0.999,0.0,0.0,0.0,0.0,0.0,0.0,0.0,0.0,0.0,2019-10-19
22,hru22,0.999,0.0,0.0,0.0,0.0,0.0,0.0,0.0,0.0,0.0,2019-10-19
23,hru23,0.999,0.0,0.0,0.0,0.0,0.0,0.0,0.0,0.0,0.0,2019-10-19
24,hru24,0.999,0.0,0.0,0.0,0.0,0.0,0.0,0.0,0.0,0.0,2019-10-19
25,hru25,0.999,0.0,0.0,0.0,0.0,0.0,0.0,0.0,0.0,0.0,2019-10-19
26,hru26,1.0,0.0,0.0,0.0,0.0,0.0,0.0,0.0,0.0,0.0,2019-10-19
27,hru27,0.992,0.0,0.0,0.0,0.0,0.0,0.0,0.0,0.0,0.0,2019-10-19
28,hru28,0.993,0.0,0.0,0.0,0.0,0.0,0.0,0.0,0.0,0.0,2019-10-19
29,hru29,0.991,0.0,0.0,0.0,0.0,0.0,0.0,0.0,0.0,0.0,2019-10-19
30,hru30,0.99,0.0,0.0,0.0,0.0,0.0,0.0,0.0,0.0,0.0,2019-10-19
31,hru31,0.984,0.0,0.0,0.0,0.0,0.0,0.0,0.0,0.0,0.0,2019-10-19
32,hru32,0.995,0.0,0.0,0.0,0.0,0.0,0.0,0.0,0.0,0.0,2019-10-19
33,hru33,0.989,0.0,0.0,0.0,0.0,0.0,0.0,0.0,0.0,0.0,2019-10-19
34,hru34,0.989,0.0,0.0,0.0,0.0,0.0,0.0,0.0,0.0,0.0,2019-10-19
35,hru35,0.984,0.0,0.0,0.0,0.0,0.0,0.0,0.0,0.0,0.0,2019-10-19
36,hru36,0.989,0.0,0.0,0.0,0.0,0.0,0.0,0.0,0.0,0.0,2019-10-19
1,hru01,0.986,0.0,0.0,0.0,0.0,0.0,0.0,0.0,0.0,0.0,2019-10-20
2,hru02,0.991,0.0,0.0,0.0,0.0,0.0,0.0,0.0,0.0,0.0,2019-10-20
3,hru03,0.978,0.0,0.0,0.0,0.0,0.0,0.0,0.0,0.0,0.0,2019-10-20
4,hru04,0.983,0.0,0.0,0.0,0.0,0.0,0.0,0.0,0.0,0.0,2019-10-20
5,hru05,0.989,0.0,0.0,0.0,0.0,0.0,0.0,0.0,0.0,0.0,2019-10-20
6,hru06,0.989,0.0,0.0,0.0,0.0,0.0,0.0,0.0,0.0,0.0,2019-10-20
7,hru07,0.995,0.0,0.0,0.0,0.0,0.0,0.0,0.0,0.0,0.0,2019-10-20
8,hru08,0.978,0.0,0.0,0.0,0.0,0.0,0.0,0.0,0.0,0.0,2019-10-20
9,hru09,0.991,0.0,0.0,0.0,0.0,0.0,0.0,0.0,0.0,0.0,2019-10-20
10,hru10,0.991,0.0,0.0,0.0,0.0,0.0,0.0,0.0,0.0,0.0,2019-10-20
11,hru11,0.995,0.0,0.0,0.0,0.0,0.0,0.0,0.0,0.0,0.0,2019-10-20
12,hru12,0.994,0.0,0.0,0.0,0.0,0.0,0.0,0.0,0.0,0.0,2019-10-20
13,hru13,0.998,0.0,0.0,0.0,0.0,0.0,0.0,0.0,0.0,0.0,2019-10-20
14,hru14,0.994,0.0,0.0,0.0,0.0,0.0,0.0,0.0,0.0,0.0,2019-10-20
15,hru15,1.001,0.0,0.0,0.0,0.0,0.0,0.0,0.0,0.0,0.0,2019-10-20
16,hru16,0.993,0.0,0.0,0.0,0.0,0.0,0.0,0.0,0.0,0.0,2019-10-20
17,hru17,1.0,0.0,0.0,0.0,0.0,0.0,0.0,0.0,0.0,0.0,2019-10-20
18,hru18,1.001,0.0,0.0,0.0,0.0,0.0,0.0,0.0,0.0,0.0,2019-10-20
19,hru19,1.006,0.0,0.0,0.0,0.0,0.0,0.0,0.0,0.0,0.0,2019-10-20
20,hru20,1.002,0.0,0.0,0.0,0.0,0.0,0.0,0.0,0.0,0.0,2019-10-20
21,hru21,1.001,0.0,0.0,0.0,0.0,0.0,0.0,0.0,0.0,0.0,2019-10-20
22,hru22,1.001,0.0,0.0,0.0,0.0,0.0,0.0,0.0,0.0,0.0,2019-10-20
23,hru23,1.001,0.0,0.0,0.0,0.0,0.0,0.0,0.0,0.0,0.0,2019-10-20
24,hru24,1.001,0.0,0.0,0.0,0.0,0.0,0.0,0.0,0.0,0.0,2019-10-20
25,hru25,1.002,0.0,0.0,0.0,0.0,0.0,0.0,0.0,0.0,0.0,2019-10-20
26,hru26,1.002,0.0,0.0,0.0,0.0,0.0,0.0,0.0,0.0,0.0,2019-10-20
27,hru27,0.995,0.0,0.0,0.0,0.0,0.0,0.0,0.0,0.0,0.0,2019-10-20
28,hru28,0.995,0.0,0.0,0.0,0.0,0.0,0.0,0.0,0.0,0.0,2019-10-20
29,hru29,0.994,0.0,0.0,0.0,0.0,0.0,0.0,0.0,0.0,0.0,2019-10-20
30,hru30,0.993,0.0,0.0,0.0,0.0,0.0,0.0,0.0,0.0,0.0,2019-10-20
31,hru31,0.986,0.0,0.0,0.0,0.0,0.0,0.0,0.0,0.0,0.0,2019-10-20
32,hru32,0.998,0.0,0.0,0.0,0.0,0.0,0.0,0.0,0.0,0.0,2019-10-20
33,hru33,0.992,0.0,0.0,0.0,0.0,0.0,0.0,0.0,0.0,0.0,2019-10-20
34,hru34,0.992,0.0,0.0,0.0,0.0,0.0,0.0,0.0,0.0,0.0,2019-10-20
35,hru35,0.986,0.0,0.0,0.0,0.0,0.0,0.0,0.0,0.0,0.0,2019-10-20
36,hru36,0.992,0.0,0.0,0.0,0.0,0.0,0.0,0.0,0.0,0.0,2019-10-20
1,hru01,0.989,0.0,0.0,0.0,0.0,0.0,0.0,0.0,0.0,0.0,2019-10-21
2,hru02,0.994,0.0,0.0,0.0,0.0,0.0,0.0,0.0,0.0,0.0,2019-10-21
3,hru03,0.981,0.0,0.0,0.0,0.0,0.0,0.0,0.0,0.0,0.0,2019-10-21
4,hru04,0.985,0.0,0.0,0.0,0.0,0.0,0.0,0.0,0.0,0.0,2019-10-21
5,hru05,0.992,0.0,0.0,0.0,0.0,0.0,0.0,0.0,0.0,0.0,2019-10-21
6,hru06,0.992,0.0,0.0,0.0,0.0,0.0,0.0,0.0,0.0,0.0,2019-10-21
7,hru07,0.998,0.0,0.0,0.0,0.0,0.0,0.0,0.0,0.0,0.0,2019-10-21
8,hru08,0.981,0.0,0.0,0.0,0.0,0.0,0.0,0.0,0.0,0.0,2019-10-21
9,hru09,0.994,0.0,0.0,0.0,0.0,0.0,0.0,0.0,0.0,0.0,2019-10-21
10,hru10,0.994,0.0,0.0,0.0,0.0,0.0,0.0,0.0,0.0,0.0,2019-10-21
11,hru11,0.998,0.0,0.0,0.0,0.0,0.0,0.0,0.0,0.0,0.0,2019-10-21
12,hru12,0.997,0.0,0.0,0.0,0.0,0.0,0.0,0.0,0.0,0.0,2019-10-21
13,hru13,1.0,0.0,0.0,0.0,0.0,0.0,0.0,0.0,0.0,0.0,2019-10-21
14,hru14,0.997,0.0,0.0,0.0,0.0,0.0,0.0,0.0,0.0,0.0,2019-10-21
15,hru15,1.004,0.0,0.0,0.0,0.0,0.0,0.0,0.0,0.0,0.0,2019-10-21
16,hru16,0.996,0.0,0.0,0.0,0.0,0.0,0.0,0.0,0.0,0.0,2019-10-21
17,hru17,1.002,0.0,0.0,0.0,0.0,0.0,0.0,0.0,0.0,0.0,2019-10-21
18,hru18,1.004,0.0,0.0,0.0,0.0,0.0,0.0,0.0,0.0,0.0,2019-10-21
19,hru19,1.008,0.0,0.0,0.0,0.0,0.0,0.0,0.0,0.0,0.0,2019-10-21
20,hru20,1.005,0.0,0.0,0.0,0.0,0.0,0.0,0.0,0.0,0.0,2019-10-21
21,hru21,1.004,0.0,0.0,0.0,0.0,0.0,0.0,0.0,0.0,0.0,2019-10-21
22,hru22,1.004,0.0,0.0,0.0,0.0,0.0,0.0,0.0,0.0,0.0,2019-10-21
23,hru23,1.004,0.0,0.0,0.0,0.0,0.0,0.0,0.0,0.0,0.0,2019-10-21
24,hru24,1.004,0.0,0.0,0.0,0.0,0.0,0.0,0.0,0.0,0.0,2019-10-21
25,hru25,1.005,0.0,0.0,0.0,0.0,0.0,0.0,0.0,0.0,0.0,2019-10-21
26,hru26,1.005,0.0,0.0,0.0,0.0,0.0,0.0,0.0,0.0,0.0,2019-10-21
27,hru27,0.997,0.0,0.0,0.0,0.0,0.0,0.0,0.0,0.0,0.0,2019-10-21
28,hru28,0.998,0.0,0.0,0.0,0.0,0.0,0.0,0.0,0.0,0.0,2019-10-21
29,hru29,0.996,0.0,0.0,0.0,0.0,0.0,0.0,0.0,0.0,0.0,2019-10-21
30,hru30,0.995,0.0,0.0,0.0,0.0,0.0,0.0,0.0,0.0,0.0,2019-10-21
31,hru31,0.989,0.0,0.0,0.0,0.0,0.0,0.0,0.0,0.0,0.0,2019-10-21
32,hru32,1.0,0.0,0.0,0.0,0.0,0.0,0.0,0.0,0.0,0.0,2019-10-21
33,hru33,0.994,0.0,0.0,0.0,0.0,0.0,0.0,0.0,0.0,0.0,2019-10-21
34,hru34,0.994,0.0,0.0,0.0,0.0,0.0,0.0,0.0,0.0,0.0,2019-10-21
35,hru35,0.989,0.0,0.0,0.0,0.0,0.0,0.0,0.0,0.0,0.0,2019-10-21
36,hru36,0.994,0.0,0.0,0.0,0.0,0.0,0.0,0.0,0.0,0.0,2019-10-21
1,hru01,0.99,0.0,0.0,0.0,0.0,0.0,0.0,0.0,0.0,0.0,2019-10-22
2,hru02,0.995,0.0,0.0,0.0,0.0,0.0,0.0,0.0,0.0,0.0,2019-10-22
3,hru03,0.982,0.0,0.0,0.0,0.0,0.0,0.0,0.0,0.0,0.0,2019-10-22
4,hru04,0.987,0.0,0.0,0.0,0.0,0.0,0.0,0.0,0.0,0.0,2019-10-22
5,hru05,0.993,0.0,0.0,0.0,0.0,0.0,0.0,0.0,0.0,0.0,2019-10-22
6,hru06,0.993,0.0,0.0,0.0,0.0,0.0,0.0,0.0,0.0,0.0,2019-10-22
7,hru07,0.999,0.0,0.0,0.0,0.0,0.0,0.0,0.0,0.0,0.0,2019-10-22
8,hru08,0.982,0.0,0.0,0.0,0.0,0.0,0.0,0.0,0.0,0.0,2019-10-22
9,hru09,0.995,0.0,0.0,0.0,0.0,0.0,0.0,0.0,0.0,0.0,2019-10-22
10,hru10,0.995,0.0,0.0,0.0,0.0,0.0,0.0,0.0,0.0,0.0,2019-10-22
11,hru11,0.999,0.0,0.0,0.0,0.0,0.0,0.0,0.0,0.0,0.0,2019-10-22
12,hru12,0.998,0.0,0.0,0.0,0.0,0.0,0.0,0.0,0.0,0.0,2019-10-22
13,hru13,1.002,0.0,0.0,0.0,0.0,0.0,0.0,0.0,0.0,0.0,2019-10-22
14,hru14,0.998,0.0,0.0,0.0,0.0,0.0,0.0,0.0,0.0,0.0,2019-10-22
15,hru15,1.005,0.0,0.0,0.0,0.0,0.0,0.0,0.0,0.0,0.0,2019-10-22
16,hru16,0.997,0.0,0.0,0.0,0.0,0.0,0.0,0.0,0.0,0.0,2019-10-22
17,hru17,1.004,0.0,0.0,0.0,0.0,0.0,0.0,0.0,0.0,0.0,2019-10-22
18,hru18,1.005,0.0,0.0,0.0,0.0,0.0,0.0,0.0,0.0,0.0,2019-10-22
19,hru19,1.01,0.0,0.0,0.0,0.0,0.0,0.0,0.0,0.0,0.0,2019-10-22
20,hru20,1.006,0.0,0.0,0.0,0.0,0.0,0.0,0.0,0.0,0.0,2019-10-22
21,hru21,1.005,0.0,0.0,0.0,0.0,0.0,0.0,0.0,0.0,0.0,2019-10-22
22,hru22,1.005,0.0,0.0,0.0,0.0,0.0,0.0,0.0,0.0,0.0,2019-10-22
23,hru23,1.005,0.0,0.0,0.0,0.0,0.0,0.0,0.0,0.0,0.0,2019-10-22
24,hru24,1.005,0.0,0.0,0.0,0.0,0.0,0.0,0.0,0.0,0.0,2019-10-22
25,hru25,1.006,0.0,0.0,0.0,0.0,0.0,0.0,0.0,0.0,0.0,2019-10-22
26,hru26,1.006,0.0,0.0,0.0,0.0,0.0,0.0,0.0,0.0,0.0,2019-10-22
27,hru27,0.998,0.0,0.0,0.0,0.0,0.0,0.0,0.0,0.0,0.0,2019-10-22
28,hru28,0.999,0.0,0.0,0.0,0.0,0.0,0.0,0.0,0.0,0.0,2019-10-22
29,hru29,0.998,0.0,0.0,0.0,0.0,0.0,0.0,0.0,0.0,0.0,2019-10-22
30,hru30,0.997,0.0,0.0,0.0,0.0,0.0,0.0,0.0,0.0,0.0,2019-10-22
31,hru31,0.99,0.0,0.0,0.0,0.0,0.0,0.0,0.0,0.0,0.0,2019-10-22
32,hru32,1.002,0.0,0.0,0.0,0.0,0.0,0.0,0.0,0.0,0.0,2019-10-22
33,hru33,0.996,0.0,0.0,0.0,0.0,0.0,0.0,0.0,0.0,0.0,2019-10-22
34,hru34,0.996,0.0,0.0,0.0,0.0,0.0,0.0,0.0,0.0,0.0,2019-10-22
35,hru35,0.99,0.0,0.0,0.0,0.0,0.0,0.0,0.0,0.0,0.0,2019-10-22
36,hru36,0.996,0.0,0.0,0.0,0.0,0.0,0.0,0.0,0.0,0.0,2019-10-22
1,hru01,0.992,0.0,0.0,0.0,0.0,0.0,0.0,0.0,0.0,0.0,2019-10-23
2,hru02,0.997,0.0,0.0,0.0,0.0,0.0,0.0,0.0,0.0,0.0,2019-10-23
3,hru03,0.984,0.0,0.0,0.0,0.0,0.0,0.0,0.0,0.0,0.0,2019-10-23
4,hru04,0.988,0.0,0.0,0.0,0.0,0.0,0.0,0.0,0.0,0.0,2019-10-23
5,hru05,0.995,0.0,0.0,0.0,0.0,0.0,0.0,0.0,0.0,0.0,2019-10-23
6,hru06,0.995,0.0,0.0,0.0,0.0,0.0,0.0,0.0,0.0,0.0,2019-10-23
7,hru07,1.001,0.0,0.0,0.0,0.0,0.0,0.0,0.0,0.0,0.0,2019-10-23
8,hru08,0.984,0.0,0.0,0.0,0.0,0.0,0.0,0.0,0.0,0.0,2019-10-23
9,hru09,0.997,0.0,0.0,0.0,0.0,0.0,0.0,0.0,0.0,0.0,2019-10-23
10,hru10,0.997,0.0,0.0,0.0,0.0,0.0,0.0,0.0,0.0,0.0,2019-10-23
11,hru11,1.001,0.0,0.0,0.0,0.0,0.0,0.0,0.0,0.0,0.0,2019-10-23
12,hru12,1.0,0.0,0.0,0.0,0.0,0.0,0.0,0.0,0.0,0.0,2019-10-23
13,hru13,1.003,0.0,0.0,0.0,0.0,0.0,0.0,0.0,0.0,0.0,2019-10-23
14,hru14,1.0,0.0,0.0,0.0,0.0,0.0,0.0,0.0,0.0,0.0,2019-10-23
15,hru15,1.007,0.0,0.0,0.0,0.0,0.0,0.0,0.0,0.0,0.0,2019-10-23
16,hru16,0.999,0.0,0.0,0.0,0.0,0.0,0.0,0.0,0.0,0.0,2019-10-23
17,hru17,1.005,0.0,0.0,0.0,0.0,0.0,0.0,0.0,0.0,0.0,2019-10-23
18,hru18,1.007,0.0,0.0,0.0,0.0,0.0,0.0,0.0,0.0,0.0,2019-10-23
19,hru19,1.011,0.0,0.0,0.0,0.0,0.0,0.0,0.0,0.0,0.0,2019-10-23
20,hru20,1.008,0.0,0.0,0.0,0.0,0.0,0.0,0.0,0.0,0.0,2019-10-23
21,hru21,1.007,0.0,0.0,0.0,0.0,0.0,0.0,0.0,0.0,0.0,2019-10-23
22,hru22,1.007,0.0,0.0,0.0,0.0,0.0,0.0,0.0,0.0,0.0,2019-10-23
23,hru23,1.007,0.0,0.0,0.0,0.0,0.0,0.0,0.0,0.0,0.0,2019-10-23
24,hru24,1.007,0.0,0.0,0.0,0.0,0.0,0.0,0.0,0.0,0.0,2019-10-23
25,hru25,1.008,0.0,0.0,0.0,0.0,0.0,0.0,0.0,0.0,0.0,2019-10-23
26,hru26,1.008,0.0,0.0,0.0,0.0,0.0,0.0,0.0,0.0,0.0,2019-10-23
27,hru27,1.0,0.0,0.0,0.0,0.0,0.0,0.0,0.0,0.0,0.0,2019-10-23
28,hru28,1.001,0.0,0.0,0.0,0.0,0.0,0.0,0.0,0.0,0.0,2019-10-23
29,hru29,0.999,0.0,0.0,0.0,0.0,0.0,0.0,0.0,0.0,0.0,2019-10-23
30,hru30,0.998,0.0,0.0,0.0,0.0,0.0,0.0,0.0,0.0,0.0,2019-10-23
31,hru31,0.992,0.0,0.0,0.0,0.0,0.0,0.0,0.0,0.0,0.0,2019-10-23
32,hru32,1.003,0.0,0.0,0.0,0.0,0.0,0.0,0.0,0.0,0.0,2019-10-23
33,hru33,0.997,0.0,0.0,0.0,0.0,0.0,0.0,0.0,0.0,0.0,2019-10-23
34,hru34,0.997,0.0,0.0,0.0,0.0,0.0,0.0,0.0,0.0,0.0,2019-10-23
35,hru35,0.992,0.0,0.0,0.0,0.0,0.0,0.0,0.0,0.0,0.0,2019-10-23
36,hru36,0.997,0.0,0.0,0.0,0.0,0.0,0.0,0.0,0.0,0.0,2019-10-23
1,hru01,0.992,0.0,0.0,0.0,0.0,0.0,0.0,0.0,0.0,0.0,2019-10-24
2,hru02,0.997,0.0,0.0,0.0,0.0,0.0,0.0,0.0,0.0,0.0,2019-10-24
3,hru03,0.984,0.0,0.0,0.0,0.0,0.0,0.0,0.0,0.0,0.0,2019-10-24
4,hru04,0.989,0.0,0.0,0.0,0.0,0.0,0.0,0.0,0.0,0.0,2019-10-24
5,hru05,0.995,0.0,0.0,0.0,0.0,0.0,0.0,0.0,0.0,0.0,2019-10-24
6,hru06,0.995,0.0,0.0,0.0,0.0,0.0,0.0,0.0,0.0,0.0,2019-10-24
7,hru07,1.001,0.0,0.0,0.0,0.0,0.0,0.0,0.0,0.0,0.0,2019-10-24
8,hru08,0.984,0.0,0.0,0.0,0.0,0.0,0.0,0.0,0.0,0.0,2019-10-24
9,hru09,0.997,0.0,0.0,0.0,0.0,0.0,0.0,0.0,0.0,0.0,2019-10-24
10,hru10,0.997,0.0,0.0,0.0,0.0,0.0,0.0,0.0,0.0,0.0,2019-10-24
11,hru11,1.002,0.0,0.0,0.0,0.0,0.0,0.0,0.0,0.0,0.0,2019-10-24
12,hru12,1.0,0.0,0.0,0.0,0.0,0.0,0.0,0.0,0.0,0.0,2019-10-24
13,hru13,1.004,0.0,0.0,0.0,0.0,0.0,0.0,0.0,0.0,0.0,2019-10-24
14,hru14,1.0,0.0,0.0,0.0,0.0,0.0,0.0,0.0,0.0,0.0,2019-10-24
15,hru15,1.008,0.0,0.0,0.0,0.0,0.0,0.0,0.0,0.0,0.0,2019-10-24
16,hru16,0.999,0.0,0.0,0.0,0.0,0.0,0.0,0.0,0.0,0.0,2019-10-24
17,hru17,1.006,0.0,0.0,0.0,0.0,0.0,0.0,0.0,0.0,0.0,2019-10-24
18,hru18,1.008,0.0,0.0,0.0,0.0,0.0,0.0,0.0,0.0,0.0,2019-10-24
19,hru19,1.012,0.0,0.0,0.0,0.0,0.0,0.0,0.0,0.0,0.0,2019-10-24
20,hru20,1.008,0.0,0.0,0.0,0.0,0.0,0.0,0.0,0.0,0.0,2019-10-24
21,hru21,1.008,0.0,0.0,0.0,0.0,0.0,0.0,0.0,0.0,0.0,2019-10-24
22,hru22,1.008,0.0,0.0,0.0,0.0,0.0,0.0,0.0,0.0,0.0,2019-10-24
23,hru23,1.008,0.0,0.0,0.0,0.0,0.0,0.0,0.0,0.0,0.0,2019-10-24
24,hru24,1.008,0.0,0.0,0.0,0.0,0.0,0.0,0.0,0.0,0.0,2019-10-24
25,hru25,1.008,0.0,0.0,0.0,0.0,0.0,0.0,0.0,0.0,0.0,2019-10-24
26,hru26,1.009,0.0,0.0,0.0,0.0,0.0,0.0,0.0,0.0,0.0,2019-10-24
27,hru27,1.001,0.0,0.0,0.0,0.0,0.0,0.0,0.0,0.0,0.0,2019-10-24
28,hru28,1.002,0.0,0.0,0.0,0.0,0.0,0.0,0.0,0.0,0.0,2019-10-24
29,hru29,1.0,0.0,0.0,0.0,0.0,0.0,0.0,0.0,0.0,0.0,2019-10-24
30,hru30,0.999,0.0,0.0,0.0,0.0,0.0,0.0,0.0,0.0,0.0,2019-10-24
31,hru31,0.992,0.0,0.0,0.0,0.0,0.0,0.0,0.0,0.0,0.0,2019-10-24
32,hru32,1.004,0.0,0.0,0.0,0.0,0.0,0.0,0.0,0.0,0.0,2019-10-24
33,hru33,0.998,0.0,0.0,0.0,0.0,0.0,0.0,0.0,0.0,0.0,2019-10-24
34,hru34,0.998,0.0,0.0,0.0,0.0,0.0,0.0,0.0,0.0,0.0,2019-10-24
35,hru35,0.992,0.0,0.0,0.0,0.0,0.0,0.0,0.0,0.0,0.0,2019-10-24
36,hru36,0.998,0.0,0.0,0.0,0.0,0.0,0.0,0.0,0.0,0.0,2019-10-24
1,hru01,0.993,0.0,0.0,0.0,0.0,0.0,0.0,0.0,0.0,0.0,2019-10-25
2,hru02,0.999,0.0,0.0,0.0,0.0,0.0,0.0,0.0,0.0,0.0,2019-10-25
3,hru03,0.985,0.0,0.0,0.0,0.0,0.0,0.0,0.0,0.0,0.0,2019-10-25
4,hru04,0.99,0.0,0.0,0.0,0.0,0.0,0.0,0.0,0.0,0.0,2019-10-25
5,hru05,0.997,0.0,0.0,0.0,0.0,0.0,0.0,0.0,0.0,0.0,2019-10-25
6,hru06,0.997,0.0,0.0,0.0,0.0,0.0,0.0,0.0,0.0,0.0,2019-10-25
7,hru07,1.002,0.0,0.0,0.0,0.0,0.0,0.0,0.0,0.0,0.0,2019-10-25
8,hru08,0.985,0.0,0.0,0.0,0.0,0.0,0.0,0.0,0.0,0.0,2019-10-25
9,hru09,0.998,0.0,0.0,0.0,0.0,0.0,0.0,0.0,0.0,0.0,2019-10-25
10,hru10,0.998,0.0,0.0,0.0,0.0,0.0,0.0,0.0,0.0,0.0,2019-10-25
11,hru11,1.003,0.0,0.0,0.0,0.0,0.0,0.0,0.0,0.0,0.0,2019-10-25
12,hru12,1.002,0.0,0.0,0.0,0.0,0.0,0.0,0.0,0.0,0.0,2019-10-25
13,hru13,1.005,0.0,0.0,0.0,0.0,0.0,0.0,0.0,0.0,0.0,2019-10-25
14,hru14,1.002,0.0,0.0,0.0,0.0,0.0,0.0,0.0,0.0,0.0,2019-10-25
15,hru15,1.009,0.0,0.0,0.0,0.0,0.0,0.0,0.0,0.0,0.0,2019-10-25
16,hru16,1.0,0.0,0.0,0.0,0.0,0.0,0.0,0.0,0.0,0.0,2019-10-25
17,hru17,1.007,0.0,0.0,0.0,0.0,0.0,0.0,0.0,0.0,0.0,2019-10-25
18,hru18,1.009,0.0,0.0,0.0,0.0,0.0,0.0,0.0,0.0,0.0,2019-10-25
19,hru19,1.013,0.0,0.0,0.0,0.0,0.0,0.0,0.0,0.0,0.0,2019-10-25
20,hru20,1.009,0.0,0.0,0.0,0.0,0.0,0.0,0.0,0.0,0.0,2019-10-25
21,hru21,1.009,0.0,0.0,0.0,0.0,0.0,0.0,0.0,0.0,0.0,2019-10-25
22,hru22,1.009,0.0,0.0,0.0,0.0,0.0,0.0,0.0,0.0,0.0,2019-10-25
23,hru23,1.009,0.0,0.0,0.0,0.0,0.0,0.0,0.0,0.0,0.0,2019-10-25
24,hru24,1.009,0.0,0.0,0.0,0.0,0.0,0.0,0.0,0.0,0.0,2019-10-25
25,hru25,1.009,0.0,0.0,0.0,0.0,0.0,0.0,0.0,0.0,0.0,2019-10-25
26,hru26,1.01,0.0,0.0,0.0,0.0,0.0,0.0,0.0,0.0,0.0,2019-10-25
27,hru27,1.002,0.0,0.0,0.0,0.0,0.0,0.0,0.0,0.0,0.0,2019-10-25
28,hru28,1.003,0.0,0.0,0.0,0.0,0.0,0.0,0.0,0.0,0.0,2019-10-25
29,hru29,1.001,0.0,0.0,0.0,0.0,0.0,0.0,0.0,0.0,0.0,2019-10-25
30,hru30,1.0,0.0,0.0,0.0,0.0,0.0,0.0,0.0,0.0,0.0,2019-10-25
31,hru31,0.993,0.0,0.0,0.0,0.0,0.0,0.0,0.0,0.0,0.0,2019-10-25
32,hru32,1.005,0.0,0.0,0.0,0.0,0.0,0.0,0.0,0.0,0.0,2019-10-25
33,hru33,0.999,0.0,0.0,0.0,0.0,0.0,0.0,0.0,0.0,0.0,2019-10-25
34,hru34,0.999,0.0,0.0,0.0,0.0,0.0,0.0,0.0,0.0,0.0,2019-10-25
35,hru35,0.993,0.0,0.0,0.0,0.0,0.0,0.0,0.0,0.0,0.0,2019-10-25
36,hru36,0.999,0.0,0.0,0.0,0.0,0.0,0.0,0.0,0.0,0.0,2019-10-25
1,hru01,0.995,0.0,0.0,0.0,0.0,0.0,0.0,0.0,0.0,0.0,2019-10-26
2,hru02,1.0,0.0,0.0,0.0,0.0,0.0,0.0,0.0,0.0,0.0,2019-10-26
3,hru03,0.986,0.0,0.0,0.0,0.0,0.0,0.0,0.0,0.0,0.0,2019-10-26
4,hru04,0.991,0.0,0.0,0.0,0.0,0.0,0.0,0.0,0.0,0.0,2019-10-26
5,hru05,0.998,0.0,0.0,0.0,0.0,0.0,0.0,0.0,0.0,0.0,2019-10-26
6,hru06,0.998,0.0,0.0,0.0,0.0,0.0,0.0,0.0,0.0,0.0,2019-10-26
7,hru07,1.004,0.0,0.0,0.0,0.0,0.0,0.0,0.0,0.0,0.0,2019-10-26
8,hru08,0.986,0.0,0.0,0.0,0.0,0.0,0.0,0.0,0.0,0.0,2019-10-26
9,hru09,0.999,0.0,0.0,0.0,0.0,0.0,0.0,0.0,0.0,0.0,2019-10-26
10,hru10,0.999,0.0,0.0,0.0,0.0,0.0,0.0,0.0,0.0,0.0,2019-10-26
11,hru11,1.004,0.0,0.0,0.0,0.0,0.0,0.0,0.0,0.0,0.0,2019-10-26
12,hru12,1.003,0.0,0.0,0.0,0.0,0.0,0.0,0.0,0.0,0.0,2019-10-26
13,hru13,1.006,0.0,0.0,0.0,0.0,0.0,0.0,0.0,0.0,0.0,2019-10-26
14,hru14,1.003,0.0,0.0,0.0,0.0,0.0,0.0,0.0,0.0,0.0,2019-10-26
15,hru15,1.01,0.0,0.0,0.0,0.0,0.0,0.0,0.0,0.0,0.0,2019-10-26
16,hru16,1.002,0.0,0.0,0.0,0.0,0.0,0.0,0.0,0.0,0.0,2019-10-26
17,hru17,1.008,0.0,0.0,0.0,0.0,0.0,0.0,0.0,0.0,0.0,2019-10-26
18,hru18,1.01,0.0,0.0,0.0,0.0,0.0,0.0,0.0,0.0,0.0,2019-10-26
19,hru19,1.014,0.0,0.0,0.0,0.0,0.0,0.0,0.0,0.0,0.0,2019-10-26
20,hru20,1.011,0.0,0.0,0.0,0.0,0.0,0.0,0.0,0.0,0.0,2019-10-26
21,hru21,1.01,0.0,0.0,0.0,0.0,0.0,0.0,0.0,0.0,0.0,2019-10-26
22,hru22,1.01,0.0,0.0,0.0,0.0,0.0,0.0,0.0,0.0,0.0,2019-10-26
23,hru23,1.01,0.0,0.0,0.0,0.0,0.0,0.0,0.0,0.0,0.0,2019-10-26
24,hru24,1.01,0.0,0.0,0.0,0.0,0.0,0.0,0.0,0.0,0.0,2019-10-26
25,hru25,1.011,0.0,0.0,0.0,0.0,0.0,0.0,0.0,0.0,0.0,2019-10-26
26,hru26,1.011,0.0,0.0,0.0,0.0,0.0,0.0,0.0,0.0,0.0,2019-10-26
27,hru27,1.003,0.0,0.0,0.0,0.0,0.0,0.0,0.0,0.0,0.0,2019-10-26
28,hru28,1.004,0.0,0.0,0.0,0.0,0.0,0.0,0.0,0.0,0.0,2019-10-26
29,hru29,1.002,0.0,0.0,0.0,0.0,0.0,0.0,0.0,0.0,0.0,2019-10-26
30,hru30,1.001,0.0,0.0,0.0,0.0,0.0,0.0,0.0,0.0,0.0,2019-10-26
31,hru31,0.995,0.0,0.0,0.0,0.0,0.0,0.0,0.0,0.0,0.0,2019-10-26
32,hru32,1.006,0.0,0.0,0.0,0.0,0.0,0.0,0.0,0.0,0.0,2019-10-26
33,hru33,1.0,0.0,0.0,0.0,0.0,0.0,0.0,0.0,0.0,0.0,2019-10-26
34,hru34,1.0,0.0,0.0,0.0,0.0,0.0,0.0,0.0,0.0,0.0,2019-10-26
35,hru35,0.995,0.0,0.0,0.0,0.0,0.0,0.0,0.0,0.0,0.0,2019-10-26
36,hru36,1.0,0.0,0.0,0.0,0.0,0.0,0.0,0.0,0.0,0.0,2019-10-26
1,hru01,0.996,0.0,0.0,0.0,0.0,0.0,0.0,0.0,0.0,0.0,2019-10-27
2,hru02,1.001,0.0,0.0,0.0,0.0,0.0,0.0,0.0,0.0,0.0,2019-10-27
3,hru03,0.987,0.0,0.0,0.0,0.0,0.0,0.0,0.0,0.0,0.0,2019-10-27
4,hru04,0.992,0.0,0.0,0.0,0.0,0.0,0.0,0.0,0.0,0.0,2019-10-27
5,hru05,0.999,0.0,0.0,0.0,0.0,0.0,0.0,0.0,0.0,0.0,2019-10-27
6,hru06,0.999,0.0,0.0,0.0,0.0,0.0,0.0,0.0,0.0,0.0,2019-10-27
7,hru07,1.005,0.0,0.0,0.0,0.0,0.0,0.0,0.0,0.0,0.0,2019-10-27
8,hru08,0.987,0.0,0.0,0.0,0.0,0.0,0.0,0.0,0.0,0.0,2019-10-27
9,hru09,1.0,0.0,0.0,0.0,0.0,0.0,0.0,0.0,0.0,0.0,2019-10-27
10,hru10,1.0,0.0,0.0,0.0,0.0,0.0,0.0,0.0,0.0,0.0,2019-10-27
11,hru11,1.005,0.0,0.0,0.0,0.0,0.0,0.0,0.0,0.0,0.0,2019-10-27
12,hru12,1.004,0.0,0.0,0.0,0.0,0.0,0.0,0.0,0.0,0.0,2019-10-27
13,hru13,1.007,0.0,0.0,0.0,0.0,0.0,0.0,0.0,0.0,0.0,2019-10-27
14,hru14,1.004,0.0,0.0,0.0,0.0,0.0,0.0,0.0,0.0,0.0,2019-10-27
15,hru15,1.011,0.0,0.0,0.0,0.0,0.0,0.0,0.0,0.0,0.0,2019-10-27
16,hru16,1.003,0.0,0.0,0.0,0.0,0.0,0.0,0.0,0.0,0.0,2019-10-27
17,hru17,1.009,0.0,0.0,0.0,0.0,0.0,0.0,0.0,0.0,0.0,2019-10-27
18,hru18,1.011,0.0,0.0,0.0,0.0,0.0,0.0,0.0,0.0,0.0,2019-10-27
19,hru19,1.015,0.0,0.0,0.0,0.0,0.0,0.0,0.0,0.0,0.0,2019-10-27
20,hru20,1.012,0.0,0.0,0.0,0.0,0.0,0.0,0.0,0.0,0.0,2019-10-27
21,hru21,1.011,0.0,0.0,0.0,0.0,0.0,0.0,0.0,0.0,0.0,2019-10-27
22,hru22,1.011,0.0,0.0,0.0,0.0,0.0,0.0,0.0,0.0,0.0,2019-10-27
23,hru23,1.011,0.0,0.0,0.0,0.0,0.0,0.0,0.0,0.0,0.0,2019-10-27
24,hru24,1.011,0.0,0.0,0.0,0.0,0.0,0.0,0.0,0.0,0.0,2019-10-27
25,hru25,1.012,0.0,0.0,0.0,0.0,0.0,0.0,0.0,0.0,0.0,2019-10-27
26,hru26,1.012,0.0,0.0,0.0,0.0,0.0,0.0,0.0,0.0,0.0,2019-10-27
27,hru27,1.004,0.0,0.0,0.0,0.0,0.0,0.0,0.0,0.0,0.0,2019-10-27
28,hru28,1.005,0.0,0.0,0.0,0.0,0.0,0.0,0.0,0.0,0.0,2019-10-27
29,hru29,1.003,0.0,0.0,0.0,0.0,0.0,0.0,0.0,0.0,0.0,2019-10-27
30,hru30,1.002,0.0,0.0,0.0,0.0,0.0,0.0,0.0,0.0,0.0,2019-10-27
31,hru31,0.996,0.0,0.0,0.0,0.0,0.0,0.0,0.0,0.0,0.0,2019-10-27
32,hru32,1.007,0.0,0.0,0.0,0.0,0.0,0.0,0.0,0.0,0.0,2019-10-27
33,hru33,1.001,0.0,0.0,0.0,0.0,0.0,0.0,0.0,0.0,0.0,2019-10-27
34,hru34,1.001,0.0,0.0,0.0,0.0,0.0,0.0,0.0,0.0,0.0,2019-10-27
35,hru35,0.996,0.0,0.0,0.0,0.0,0.0,0.0,0.0,0.0,0.0,2019-10-27
36,hru36,1.001,0.0,0.0,0.0,0.0,0.0,0.0,0.0,0.0,0.0,2019-10-27
1,hru01,0.996,0.0,0.0,0.0,0.0,0.0,0.0,0.0,0.0,0.0,2019-10-28
2,hru02,1.001,0.0,0.0,0.0,0.0,0.0,0.0,0.0,0.0,0.0,2019-10-28
3,hru03,0.987,0.0,0.0,0.0,0.0,0.0,0.0,0.0,0.0,0.0,2019-10-28
4,hru04,0.992,0.0,0.0,0.0,0.0,0.0,0.0,0.0,0.0,0.0,2019-10-28
5,hru05,0.999,0.0,0.0,0.0,0.0,0.0,0.0,0.0,0.0,0.0,2019-10-28
6,hru06,0.999,0.0,0.0,0.0,0.0,0.0,0.0,0.0,0.0,0.0,2019-10-28
7,hru07,1.005,0.0,0.0,0.0,0.0,0.0,0.0,0.0,0.0,0.0,2019-10-28
8,hru08,0.987,0.0,0.0,0.0,0.0,0.0,0.0,0.0,0.0,0.0,2019-10-28
9,hru09,1.0,0.0,0.0,0.0,0.0,0.0,0.0,0.0,0.0,0.0,2019-10-28
10,hru10,1.0,0.0,0.0,0.0,0.0,0.0,0.0,0.0,0.0,0.0,2019-10-28
11,hru11,1.005,0.0,0.0,0.0,0.0,0.0,0.0,0.0,0.0,0.0,2019-10-28
12,hru12,1.004,0.0,0.0,0.0,0.0,0.0,0.0,0.0,0.0,0.0,2019-10-28
13,hru13,1.007,0.0,0.0,0.0,0.0,0.0,0.0,0.0,0.0,0.0,2019-10-28
14,hru14,1.004,0.0,0.0,0.0,0.0,0.0,0.0,0.0,0.0,0.0,2019-10-28
15,hru15,1.011,0.0,0.0,0.0,0.0,0.0,0.0,0.0,0.0,0.0,2019-10-28
16,hru16,1.003,0.0,0.0,0.0,0.0,0.0,0.0,0.0,0.0,0.0,2019-10-28
17,hru17,1.009,0.0,0.0,0.0,0.0,0.0,0.0,0.0,0.0,0.0,2019-10-28
18,hru18,1.011,0.0,0.0,0.0,0.0,0.0,0.0,0.0,0.0,0.0,2019-10-28
19,hru19,1.015,0.0,0.0,0.0,0.0,0.0,0.0,0.0,0.0,0.0,2019-10-28
20,hru20,1.012,0.0,0.0,0.0,0.0,0.0,0.0,0.0,0.0,0.0,2019-10-28
21,hru21,1.011,0.0,0.0,0.0,0.0,0.0,0.0,0.0,0.0,0.0,2019-10-28
22,hru22,1.011,0.0,0.0,0.0,0.0,0.0,0.0,0.0,0.0,0.0,2019-10-28
23,hru23,1.011,0.0,0.0,0.0,0.0,0.0,0.0,0.0,0.0,0.0,2019-10-28
24,hru24,1.011,0.0,0.0,0.0,0.0,0.0,0.0,0.0,0.0,0.0,2019-10-28
25,hru25,1.012,0.0,0.0,0.0,0.0,0.0,0.0,0.0,0.0,0.0,2019-10-28
26,hru26,1.012,0.0,0.0,0.0,0.0,0.0,0.0,0.0,0.0,0.0,2019-10-28
27,hru27,1.004,0.0,0.0,0.0,0.0,0.0,0.0,0.0,0.0,0.0,2019-10-28
28,hru28,1.005,0.0,0.0,0.0,0.0,0.0,0.0,0.0,0.0,0.0,2019-10-28
29,hru29,1.003,0.0,0.0,0.0,0.0,0.0,0.0,0.0,0.0,0.0,2019-10-28
30,hru30,1.002,0.0,0.0,0.0,0.0,0.0,0.0,0.0,0.0,0.0,2019-10-28
31,hru31,0.996,0.0,0.0,0.0,0.0,0.0,0.0,0.0,0.0,0.0,2019-10-28
32,hru32,1.007,0.0,0.0,0.0,0.0,0.0,0.0,0.0,0.0,0.0,2019-10-28
33,hru33,1.001,0.0,0.0,0.0,0.0,0.0,0.0,0.0,0.0,0.0,2019-10-28
34,hru34,1.001,0.0,0.0,0.0,0.0,0.0,0.0,0.0,0.0,0.0,2019-10-28
35,hru35,0.996,0.0,0.0,0.0,0.0,0.0,0.0,0.0,0.0,0.0,2019-10-28
36,hru36,1.001,0.0,0.0,0.0,0.0,0.0,0.0,0.0,0.0,0.0,2019-10-28
1,hru01,0.996,0.0,0.0,0.0,0.0,0.0,0.0,0.0,0.0,0.0,2019-10-29
2,hru02,1.001,0.0,0.0,0.0,0.0,0.0,0.0,0.0,0.0,0.0,2019-10-29
3,hru03,0.987,0.0,0.0,0.0,0.0,0.0,0.0,0.0,0.0,0.0,2019-10-29
4,hru04,0.992,0.0,0.0,0.0,0.0,0.0,0.0,0.0,0.0,0.0,2019-10-29
5,hru05,0.999,0.0,0.0,0.0,0.0,0.0,0.0,0.0,0.0,0.0,2019-10-29
6,hru06,0.999,0.0,0.0,0.0,0.0,0.0,0.0,0.0,0.0,0.0,2019-10-29
7,hru07,1.005,0.0,0.0,0.0,0.0,0.0,0.0,0.0,0.0,0.0,2019-10-29
8,hru08,0.987,0.0,0.0,0.0,0.0,0.0,0.0,0.0,0.0,0.0,2019-10-29
9,hru09,1.001,0.0,0.0,0.0,0.0,0.0,0.0,0.0,0.0,0.0,2019-10-29
10,hru10,1.001,0.0,0.0,0.0,0.0,0.0,0.0,0.0,0.0,0.0,2019-10-29
11,hru11,1.005,0.0,0.0,0.0,0.0,0.0,0.0,0.0,0.0,0.0,2019-10-29
12,hru12,1.004,0.0,0.0,0.0,0.0,0.0,0.0,0.0,0.0,0.0,2019-10-29
13,hru13,1.007,0.0,0.0,0.0,0.0,0.0,0.0,0.0,0.0,0.0,2019-10-29
14,hru14,1.004,0.0,0.0,0.0,0.0,0.0,0.0,0.0,0.0,0.0,2019-10-29
15,hru15,1.011,0.0,0.0,0.0,0.0,0.0,0.0,0.0,0.0,0.0,2019-10-29
16,hru16,1.003,0.0,0.0,0.0,0.0,0.0,0.0,0.0,0.0,0.0,2019-10-29
17,hru17,1.009,0.0,0.0,0.0,0.0,0.0,0.0,0.0,0.0,0.0,2019-10-29
18,hru18,1.011,0.0,0.0,0.0,0.0,0.0,0.0,0.0,0.0,0.0,2019-10-29
19,hru19,1.015,0.0,0.0,0.0,0.0,0.0,0.0,0.0,0.0,0.0,2019-10-29
20,hru20,1.012,0.0,0.0,0.0,0.0,0.0,0.0,0.0,0.0,0.0,2019-10-29
21,hru21,1.011,0.0,0.0,0.0,0.0,0.0,0.0,0.0,0.0,0.0,2019-10-29
22,hru22,1.011,0.0,0.0,0.0,0.0,0.0,0.0,0.0,0.0,0.0,2019-10-29
23,hru23,1.011,0.0,0.0,0.0,0.0,0.0,0.0,0.0,0.0,0.0,2019-10-29
24,hru24,1.011,0.0,0.0,0.0,0.0,0.0,0.0,0.0,0.0,0.0,2019-10-29
25,hru25,1.012,0.0,0.0,0.0,0.0,0.0,0.0,0.0,0.0,0.0,2019-10-29
26,hru26,1.012,0.0,0.0,0.0,0.0,0.0,0.0,0.0,0.0,0.0,2019-10-29
27,hru27,1.004,0.0,0.0,0.0,0.0,0.0,0.0,0.0,0.0,0.0,2019-10-29
28,hru28,1.005,0.0,0.0,0.0,0.0,0.0,0.0,0.0,0.0,0.0,2019-10-29
29,hru29,1.003,0.0,0.0,0.0,0.0,0.0,0.0,0.0,0.0,0.0,2019-10-29
30,hru30,1.002,0.0,0.0,0.0,0.0,0.0,0.0,0.0,0.0,0.0,2019-10-29
31,hru31,0.996,0.0,0.0,0.0,0.0,0.0,0.0,0.0,0.0,0.0,2019-10-29
32,hru32,1.007,0.0,0.0,0.0,0.0,0.0,0.0,0.0,0.0,0.0,2019-10-29
33,hru33,1.001,0.0,0.0,0.0,0.0,0.0,0.0,0.0,0.0,0.0,2019-10-29
34,hru34,1.001,0.0,0.0,0.0,0.0,0.0,0.0,0.0,0.0,0.0,2019-10-29
35,hru35,0.996,0.0,0.0,0.0,0.0,0.0,0.0,0.0,0.0,0.0,2019-10-29
36,hru36,1.001,0.0,0.0,0.0,0.0,0.0,0.0,0.0,0.0,0.0,2019-10-29
1,hru01,0.996,0.0,0.0,0.0,0.0,0.0,0.0,0.0,0.0,0.0,2019-10-30
2,hru02,1.001,0.0,0.0,0.0,0.0,0.0,0.0,0.0,0.0,0.0,2019-10-30
3,hru03,0.987,0.0,0.0,0.0,0.0,0.0,0.0,0.0,0.0,0.0,2019-10-30
4,hru04,0.992,0.0,0.0,0.0,0.0,0.0,0.0,0.0,0.0,0.0,2019-10-30
5,hru05,0.999,0.0,0.0,0.0,0.0,0.0,0.0,0.0,0.0,0.0,2019-10-30
6,hru06,0.999,0.0,0.0,0.0,0.0,0.0,0.0,0.0,0.0,0.0,2019-10-30
7,hru07,1.005,0.0,0.0,0.0,0.0,0.0,0.0,0.0,0.0,0.0,2019-10-30
8,hru08,0.987,0.0,0.0,0.0,0.0,0.0,0.0,0.0,0.0,0.0,2019-10-30
9,hru09,1.001,0.0,0.0,0.0,0.0,0.0,0.0,0.0,0.0,0.0,2019-10-30
10,hru10,1.001,0.0,0.0,0.0,0.0,0.0,0.0,0.0,0.0,0.0,2019-10-30
11,hru11,1.005,0.0,0.0,0.0,0.0,0.0,0.0,0.0,0.0,0.0,2019-10-30
12,hru12,1.004,0.0,0.0,0.0,0.0,0.0,0.0,0.0,0.0,0.0,2019-10-30
13,hru13,1.007,0.0,0.0,0.0,0.0,0.0,0.0,0.0,0.0,0.0,2019-10-30
14,hru14,1.004,0.0,0.0,0.0,0.0,0.0,0.0,0.0,0.0,0.0,2019-10-30
15,hru15,1.011,0.0,0.0,0.0,0.0,0.0,0.0,0.0,0.0,0.0,2019-10-30
16,hru16,1.003,0.0,0.0,0.0,0.0,0.0,0.0,0.0,0.0,0.0,2019-10-30
17,hru17,1.009,0.0,0.0,0.0,0.0,0.0,0.0,0.0,0.0,0.0,2019-10-30
18,hru18,1.011,0.0,0.0,0.0,0.0,0.0,0.0,0.0,0.0,0.0,2019-10-30
19,hru19,1.015,0.0,0.0,0.0,0.0,0.0,0.0,0.0,0.0,0.0,2019-10-30
20,hru20,1.012,0.0,0.0,0.0,0.0,0.0,0.0,0.0,0.0,0.0,2019-10-30
21,hru21,1.011,0.0,0.0,0.0,0.0,0.0,0.0,0.0,0.0,0.0,2019-10-30
22,hru22,1.011,0.0,0.0,0.0,0.0,0.0,0.0,0.0,0.0,0.0,2019-10-30
23,hru23,1.011,0.0,0.0,0.0,0.0,0.0,0.0,0.0,0.0,0.0,2019-10-30
24,hru24,1.011,0.0,0.0,0.0,0.0,0.0,0.0,0.0,0.0,0.0,2019-10-30
25,hru25,1.012,0.0,0.0,0.0,0.0,0.0,0.0,0.0,0.0,0.0,2019-10-30
26,hru26,1.012,0.0,0.0,0.0,0.0,0.0,0.0,0.0,0.0,0.0,2019-10-30
27,hru27,1.004,0.0,0.0,0.0,0.0,0.0,0.0,0.0,0.0,0.0,2019-10-30
28,hru28,1.005,0.0,0.0,0.0,0.0,0.0,0.0,0.0,0.0,0.0,2019-10-30
29,hru29,1.003,0.0,0.0,0.0,0.0,0.0,0.0,0.0,0.0,0.0,2019-10-30
30,hru30,1.002,0.0,0.0,0.0,0.0,0.0,0.0,0.0,0.0,0.0,2019-10-30
31,hru31,0.996,0.0,0.0,0.0,0.0,0.0,0.0,0.0,0.0,0.0,2019-10-30
32,hru32,1.007,0.0,0.0,0.0,0.0,0.0,0.0,0.0,0.0,0.0,2019-10-30
33,hru33,1.001,0.0,0.0,0.0,0.0,0.0,0.0,0.0,0.0,0.0,2019-10-30
34,hru34,1.001,0.0,0.0,0.0,0.0,0.0,0.0,0.0,0.0,0.0,2019-10-30
35,hru35,0.996,0.0,0.0,0.0,0.0,0.0,0.0,0.0,0.0,0.0,2019-10-30
36,hru36,1.001,0.0,0.0,0.0,0.0,0.0,0.0,0.0,0.0,0.0,2019-10-30
1,hru01,0.996,0.0,0.0,0.0,0.0,0.0,0.0,0.0,0.0,0.0,2019-10-31
2,hru02,1.001,0.0,0.0,0.0,0.0,0.0,0.0,0.0,0.0,0.0,2019-10-31
3,hru03,0.987,0.0,0.0,0.0,0.0,0.0,0.0,0.0,0.0,0.0,2019-10-31
4,hru04,0.992,0.0,0.0,0.0,0.0,0.0,0.0,0.0,0.0,0.0,2019-10-31
5,hru05,0.999,0.0,0.0,0.0,0.0,0.0,0.0,0.0,0.0,0.0,2019-10-31
6,hru06,0.999,0.0,0.0,0.0,0.0,0.0,0.0,0.0,0.0,0.0,2019-10-31
7,hru07,1.005,0.0,0.0,0.0,0.0,0.0,0.0,0.0,0.0,0.0,2019-10-31
8,hru08,0.987,0.0,0.0,0.0,0.0,0.0,0.0,0.0,0.0,0.0,2019-10-31
9,hru09,1.001,0.0,0.0,0.0,0.0,0.0,0.0,0.0,0.0,0.0,2019-10-31
10,hru10,1.001,0.0,0.0,0.0,0.0,0.0,0.0,0.0,0.0,0.0,2019-10-31
11,hru11,1.005,0.0,0.0,0.0,0.0,0.0,0.0,0.0,0.0,0.0,2019-10-31
12,hru12,1.004,0.0,0.0,0.0,0.0,0.0,0.0,0.0,0.0,0.0,2019-10-31
13,hru13,1.007,0.0,0.0,0.0,0.0,0.0,0.0,0.0,0.0,0.0,2019-10-31
14,hru14,1.004,0.0,0.0,0.0,0.0,0.0,0.0,0.0,0.0,0.0,2019-10-31
15,hru15,1.011,0.0,0.0,0.0,0.0,0.0,0.0,0.0,0.0,0.0,2019-10-31
16,hru16,1.003,0.0,0.0,0.0,0.0,0.0,0.0,0.0,0.0,0.0,2019-10-31
17,hru17,1.009,0.0,0.0,0.0,0.0,0.0,0.0,0.0,0.0,0.0,2019-10-31
18,hru18,1.011,0.0,0.0,0.0,0.0,0.0,0.0,0.0,0.0,0.0,2019-10-31
19,hru19,1.015,0.0,0.0,0.0,0.0,0.0,0.0,0.0,0.0,0.0,2019-10-31
20,hru20,1.012,0.0,0.0,0.0,0.0,0.0,0.0,0.0,0.0,0.0,2019-10-31
21,hru21,1.011,0.0,0.0,0.0,0.0,0.0,0.0,0.0,0.0,0.0,2019-10-31
22,hru22,1.011,0.0,0.0,0.0,0.0,0.0,0.0,0.0,0.0,0.0,2019-10-31
23,hru23,1.011,0.0,0.0,0.0,0.0,0.0,0.0,0.0,0.0,0.0,2019-10-31
24,hru24,1.011,0.0,0.0,0.0,0.0,0.0,0.0,0.0,0.0,0.0,2019-10-31
25,hru25,1.012,0.0,0.0,0.0,0.0,0.0,0.0,0.0,0.0,0.0,2019-10-31
26,hru26,1.012,0.0,0.0,0.0,0.0,0.0,0.0,0.0,0.0,0.0,2019-10-31
27,hru27,1.004,0.0,0.0,0.0,0.0,0.0,0.0,0.0,0.0,0.0,2019-10-31
28,hru28,1.005,0.0,0.0,0.0,0.0,0.0,0.0,0.0,0.0,0.0,2019-10-31
29,hru29,1.003,0.0,0.0,0.0,0.0,0.0,0.0,0.0,0.0,0.0,2019-10-31
30,hru30,1.002,0.0,0.0,0.0,0.0,0.0,0.0,0.0,0.0,0.0,2019-10-31
31,hru31,0.996,0.0,0.0,0.0,0.0,0.0,0.0,0.0,0.0,0.0,2019-10-31
32,hru32,1.007,0.0,0.0,0.0,0.0,0.0,0.0,0.0,0.0,0.0,2019-10-31
33,hru33,1.001,0.0,0.0,0.0,0.0,0.0,0.0,0.0,0.0,0.0,2019-10-31
34,hru34,1.001,0.0,0.0,0.0,0.0,0.0,0.0,0.0,0.0,0.0,2019-10-31
35,hru35,0.996,0.0,0.0,0.0,0.0,0.0,0.0,0.0,0.0,0.0,2019-10-31
36,hru36,1.001,0.0,0.0,0.0,0.0,0.0,0.0,0.0,0.0,0.0,2019-10-31
1,hru01,0.996,0.0,0.0,0.0,0.0,0.0,0.0,0.0,0.0,0.0,2019-11-01
2,hru02,1.002,0.0,0.0,0.0,0.0,0.0,0.0,0.0,0.0,0.0,2019-11-01
3,hru03,0.988,0.0,0.0,0.0,0.0,0.0,0.0,0.0,0.0,0.0,2019-11-01
4,hru04,0.993,0.0,0.0,0.0,0.0,0.0,0.0,0.0,0.0,0.0,2019-11-01
5,hru05,1.0,0.0,0.0,0.0,0.0,0.0,0.0,0.0,0.0,0.0,2019-11-01
6,hru06,1.0,0.0,0.0,0.0,0.0,0.0,0.0,0.0,0.0,0.0,2019-11-01
7,hru07,1.005,0.0,0.0,0.0,0.0,0.0,0.0,0.0,0.0,0.0,2019-11-01
8,hru08,0.988,0.0,0.0,0.0,0.0,0.0,0.0,0.0,0.0,0.0,2019-11-01
9,hru09,1.001,0.0,0.0,0.0,0.0,0.0,0.0,0.0,0.0,0.0,2019-11-01
10,hru10,1.001,0.0,0.0,0.0,0.0,0.0,0.0,0.0,0.0,0.0,2019-11-01
11,hru11,1.006,0.0,0.0,0.0,0.0,0.0,0.0,0.0,0.0,0.0,2019-11-01
12,hru12,1.005,0.0,0.0,0.0,0.0,0.0,0.0,0.0,0.0,0.0,2019-11-01
13,hru13,1.008,0.0,0.0,0.0,0.0,0.0,0.0,0.0,0.0,0.0,2019-11-01
14,hru14,1.005,0.0,0.0,0.0,0.0,0.0,0.0,0.0,0.0,0.0,2019-11-01
15,hru15,1.012,0.0,0.0,0.0,0.0,0.0,0.0,0.0,0.0,0.0,2019-11-01
16,hru16,1.003,0.0,0.0,0.0,0.0,0.0,0.0,0.0,0.0,0.0,2019-11-01
17,hru17,1.01,0.0,0.0,0.0,0.0,0.0,0.0,0.0,0.0,0.0,2019-11-01
18,hru18,1.012,0.0,0.0,0.0,0.0,0.0,0.0,0.0,0.0,0.0,2019-11-01
19,hru19,1.016,0.0,0.0,0.0,0.0,0.0,0.0,0.0,0.0,0.0,2019-11-01
20,hru20,1.012,0.0,0.0,0.0,0.0,0.0,0.0,0.0,0.0,0.0,2019-11-01
21,hru21,1.012,0.0,0.0,0.0,0.0,0.0,0.0,0.0,0.0,0.0,2019-11-01
22,hru22,1.012,0.0,0.0,0.0,0.0,0.0,0.0,0.0,0.0,0.0,2019-11-01
23,hru23,1.012,0.0,0.0,0.0,0.0,0.0,0.0,0.0,0.0,0.0,2019-11-01
24,hru24,1.012,0.0,0.0,0.0,0.0,0.0,0.0,0.0,0.0,0.0,2019-11-01
25,hru25,1.012,0.0,0.0,0.0,0.0,0.0,0.0,0.0,0.0,0.0,2019-11-01
26,hru26,1.013,0.0,0.0,0.0,0.0,0.0,0.0,0.0,0.0,0.0,2019-11-01
27,hru27,1.005,0.0,0.0,0.0,0.0,0.0,0.0,0.0,0.0,0.0,2019-11-01
28,hru28,1.006,0.0,0.0,0.0,0.0,0.0,0.0,0.0,0.0,0.0,2019-11-01
29,hru29,1.004,0.0,0.0,0.0,0.0,0.0,0.0,0.0,0.0,0.0,2019-11-01
30,hru30,1.003,0.0,0.0,0.0,0.0,0.0,0.0,0.0,0.0,0.0,2019-11-01
31,hru31,0.996,0.0,0.0,0.0,0.0,0.0,0.0,0.0,0.0,0.0,2019-11-01
32,hru32,1.008,0.0,0.0,0.0,0.0,0.0,0.0,0.0,0.0,0.0,2019-11-01
33,hru33,1.002,0.0,0.0,0.0,0.0,0.0,0.0,0.0,0.0,0.0,2019-11-01
34,hru34,1.002,0.0,0.0,0.0,0.0,0.0,0.0,0.0,0.0,0.0,2019-11-01
35,hru35,0.997,0.0,0.0,0.0,0.0,0.0,0.0,0.0,0.0,0.0,2019-11-01
36,hru36,1.002,0.0,0.0,0.0,0.0,0.0,0.0,0.0,0.0,0.0,2019-11-01
1,hru01,0.997,0.0,0.0,0.0,0.0,0.0,0.0,0.0,0.0,0.0,2019-11-02
2,hru02,1.002,0.0,0.0,0.0,0.0,0.0,0.0,0.0,0.0,0.0,2019-11-02
3,hru03,0.989,0.0,0.0,0.0,0.0,0.0,0.0,0.0,0.0,0.0,2019-11-02
4,hru04,0.994,0.0,0.0,0.0,0.0,0.0,0.0,0.0,0.0,0.0,2019-11-02
5,hru05,1.0,0.0,0.0,0.0,0.0,0.0,0.0,0.0,0.0,0.0,2019-11-02
6,hru06,1.0,0.0,0.0,0.0,0.0,0.0,0.0,0.0,0.0,0.0,2019-11-02
7,hru07,1.006,0.0,0.0,0.0,0.0,0.0,0.0,0.0,0.0,0.0,2019-11-02
8,hru08,0.989,0.0,0.0,0.0,0.0,0.0,0.0,0.0,0.0,0.0,2019-11-02
9,hru09,1.002,0.0,0.0,0.0,0.0,0.0,0.0,0.0,0.0,0.0,2019-11-02
10,hru10,1.002,0.0,0.0,0.0,0.0,0.0,0.0,0.0,0.0,0.0,2019-11-02
11,hru11,1.007,0.0,0.0,0.0,0.0,0.0,0.0,0.0,0.0,0.0,2019-11-02
12,hru12,1.005,0.0,0.0,0.0,0.0,0.0,0.0,0.0,0.0,0.0,2019-11-02
13,hru13,1.009,0.0,0.0,0.0,0.0,0.0,0.0,0.0,0.0,0.0,2019-11-02
14,hru14,1.005,0.0,0.0,0.0,0.0,0.0,0.0,0.0,0.0,0.0,2019-11-02
15,hru15,1.013,0.0,0.0,0.0,0.0,0.0,0.0,0.0,0.0,0.0,2019-11-02
16,hru16,1.004,0.0,0.0,0.0,0.0,0.0,0.0,0.0,0.0,0.0,2019-11-02
17,hru17,1.011,0.0,0.0,0.0,0.0,0.0,0.0,0.0,0.0,0.0,2019-11-02
18,hru18,1.013,0.0,0.0,0.0,0.0,0.0,0.0,0.0,0.0,0.0,2019-11-02
19,hru19,1.017,0.0,0.0,0.0,0.0,0.0,0.0,0.0,0.0,0.0,2019-11-02
20,hru20,1.013,0.0,0.0,0.0,0.0,0.0,0.0,0.0,0.0,0.0,2019-11-02
21,hru21,1.013,0.0,0.0,0.0,0.0,0.0,0.0,0.0,0.0,0.0,2019-11-02
22,hru22,1.013,0.0,0.0,0.0,0.0,0.0,0.0,0.0,0.0,0.0,2019-11-02
23,hru23,1.013,0.0,0.0,0.0,0.0,0.0,0.0,0.0,0.0,0.0,2019-11-02
24,hru24,1.013,0.0,0.0,0.0,0.0,0.0,0.0,0.0,0.0,0.0,2019-11-02
25,hru25,1.013,0.0,0.0,0.0,0.0,0.0,0.0,0.0,0.0,0.0,2019-11-02
26,hru26,1.013,0.0,0.0,0.0,0.0,0.0,0.0,0.0,0.0,0.0,2019-11-02
27,hru27,1.006,0.0,0.0,0.0,0.0,0.0,0.0,0.0,0.0,0.0,2019-11-02
28,hru28,1.007,0.0,0.0,0.0,0.0,0.0,0.0,0.0,0.0,0.0,2019-11-02
29,hru29,1.005,0.0,0.0,0.0,0.0,0.0,0.0,0.0,0.0,0.0,2019-11-02
30,hru30,1.004,0.0,0.0,0.0,0.0,0.0,0.0,0.0,0.0,0.0,2019-11-02
31,hru31,0.997,0.0,0.0,0.0,0.0,0.0,0.0,0.0,0.0,0.0,2019-11-02
32,hru32,1.009,0.0,0.0,0.0,0.0,0.0,0.0,0.0,0.0,0.0,2019-11-02
33,hru33,1.003,0.0,0.0,0.0,0.0,0.0,0.0,0.0,0.0,0.0,2019-11-02
34,hru34,1.003,0.0,0.0,0.0,0.0,0.0,0.0,0.0,0.0,0.0,2019-11-02
35,hru35,0.997,0.0,0.0,0.0,0.0,0.0,0.0,0.0,0.0,0.0,2019-11-02
36,hru36,1.003,0.0,0.0,0.0,0.0,0.0,0.0,0.0,0.0,0.0,2019-11-02
1,hru01,0.998,0.0,0.0,0.0,0.0,0.0,0.0,0.0,0.0,0.0,2019-11-03
2,hru02,1.004,0.0,0.0,0.0,0.0,0.0,0.0,0.0,0.0,0.0,2019-11-03
3,hru03,0.99,0.0,0.0,0.0,0.0,0.0,0.0,0.0,0.0,0.0,2019-11-03
4,hru04,0.995,0.0,0.0,0.0,0.0,0.0,0.0,0.0,0.0,0.0,2019-11-03
5,hru05,1.001,0.0,0.0,0.0,0.0,0.0,0.0,0.0,0.0,0.0,2019-11-03
6,hru06,1.001,0.0,0.0,0.0,0.0,0.0,0.0,0.0,0.0,0.0,2019-11-03
7,hru07,1.007,0.0,0.0,0.0,0.0,0.0,0.0,0.0,0.0,0.0,2019-11-03
8,hru08,0.99,0.0,0.0,0.0,0.0,0.0,0.0,0.0,0.0,0.0,2019-11-03
9,hru09,1.003,0.0,0.0,0.0,0.0,0.0,0.0,0.0,0.0,0.0,2019-11-03
10,hru10,1.003,0.0,0.0,0.0,0.0,0.0,0.0,0.0,0.0,0.0,2019-11-03
11,hru11,1.008,0.0,0.0,0.0,0.0,0.0,0.0,0.0,0.0,0.0,2019-11-03
12,hru12,1.006,0.0,0.0,0.0,0.0,0.0,0.0,0.0,0.0,0.0,2019-11-03
13,hru13,1.01,0.0,0.0,0.0,0.0,0.0,0.0,0.0,0.0,0.0,2019-11-03
14,hru14,1.006,0.0,0.0,0.0,0.0,0.0,0.0,0.0,0.0,0.0,2019-11-03
15,hru15,1.014,0.0,0.0,0.0,0.0,0.0,0.0,0.0,0.0,0.0,2019-11-03
16,hru16,1.005,0.0,0.0,0.0,0.0,0.0,0.0,0.0,0.0,0.0,2019-11-03
17,hru17,1.012,0.0,0.0,0.0,0.0,0.0,0.0,0.0,0.0,0.0,2019-11-03
18,hru18,1.014,0.0,0.0,0.0,0.0,0.0,0.0,0.0,0.0,0.0,2019-11-03
19,hru19,1.018,0.0,0.0,0.0,0.0,0.0,0.0,0.0,0.0,0.0,2019-11-03
20,hru20,1.014,0.0,0.0,0.0,0.0,0.0,0.0,0.0,0.0,0.0,2019-11-03
21,hru21,1.014,0.0,0.0,0.0,0.0,0.0,0.0,0.0,0.0,0.0,2019-11-03
22,hru22,1.014,0.0,0.0,0.0,0.0,0.0,0.0,0.0,0.0,0.0,2019-11-03
23,hru23,1.014,0.0,0.0,0.0,0.0,0.0,0.0,0.0,0.0,0.0,2019-11-03
24,hru24,1.014,0.0,0.0,0.0,0.0,0.0,0.0,0.0,0.0,0.0,2019-11-03
25,hru25,1.014,0.0,0.0,0.0,0.0,0.0,0.0,0.0,0.0,0.0,2019-11-03
26,hru26,1.014,0.0,0.0,0.0,0.0,0.0,0.0,0.0,0.0,0.0,2019-11-03
27,hru27,1.007,0.0,0.0,0.0,0.0,0.0,0.0,0.0,0.0,0.0,2019-11-03
28,hru28,1.008,0.0,0.0,0.0,0.0,0.0,0.0,0.0,0.0,0.0,2019-11-03
29,hru29,1.006,0.0,0.0,0.0,0.0,0.0,0.0,0.0,0.0,0.0,2019-11-03
30,hru30,1.005,0.0,0.0,0.0,0.0,0.0,0.0,0.0,0.0,0.0,2019-11-03
31,hru31,0.998,0.0,0.0,0.0,0.0,0.0,0.0,0.0,0.0,0.0,2019-11-03
32,hru32,1.01,0.0,0.0,0.0,0.0,0.0,0.0,0.0,0.0,0.0,2019-11-03
33,hru33,1.004,0.0,0.0,0.0,0.0,0.0,0.0,0.0,0.0,0.0,2019-11-03
34,hru34,1.004,0.0,0.0,0.0,0.0,0.0,0.0,0.0,0.0,0.0,2019-11-03
35,hru35,0.998,0.0,0.0,0.0,0.0,0.0,0.0,0.0,0.0,0.0,2019-11-03
36,hru36,1.004,0.0,0.0,0.0,0.0,0.0,0.0,0.0,0.0,0.0,2019-11-03
1,hru01,0.998,0.0,0.0,0.0,0.0,0.0,0.0,0.0,0.0,0.0,2019-11-04
2,hru02,1.004,0.0,0.0,0.0,0.0,0.0,0.0,0.0,0.0,0.0,2019-11-04
3,hru03,0.99,0.0,0.0,0.0,0.0,0.0,0.0,0.0,0.0,0.0,2019-11-04
4,hru04,0.995,0.0,0.0,0.0,0.0,0.0,0.0,0.0,0.0,0.0,2019-11-04
5,hru05,1.002,0.0,0.0,0.0,0.0,0.0,0.0,0.0,0.0,0.0,2019-11-04
6,hru06,1.002,0.0,0.0,0.0,0.0,0.0,0.0,0.0,0.0,0.0,2019-11-04
7,hru07,1.008,0.0,0.0,0.0,0.0,0.0,0.0,0.0,0.0,0.0,2019-11-04
8,hru08,0.99,0.0,0.0,0.0,0.0,0.0,0.0,0.0,0.0,0.0,2019-11-04
9,hru09,1.003,0.0,0.0,0.0,0.0,0.0,0.0,0.0,0.0,0.0,2019-11-04
10,hru10,1.003,0.0,0.0,0.0,0.0,0.0,0.0,0.0,0.0,0.0,2019-11-04
11,hru11,1.008,0.0,0.0,0.0,0.0,0.0,0.0,0.0,0.0,0.0,2019-11-04
12,hru12,1.007,0.0,0.0,0.0,0.0,0.0,0.0,0.0,0.0,0.0,2019-11-04
13,hru13,1.01,0.0,0.0,0.0,0.0,0.0,0.0,0.0,0.0,0.0,2019-11-04
14,hru14,1.007,0.0,0.0,0.0,0.0,0.0,0.0,0.0,0.0,0.0,2019-11-04
15,hru15,1.014,0.0,0.0,0.0,0.0,0.0,0.0,0.0,0.0,0.0,2019-11-04
16,hru16,1.005,0.0,0.0,0.0,0.0,0.0,0.0,0.0,0.0,0.0,2019-11-04
17,hru17,1.012,0.0,0.0,0.0,0.0,0.0,0.0,0.0,0.0,0.0,2019-11-04
18,hru18,1.014,0.0,0.0,0.0,0.0,0.0,0.0,0.0,0.0,0.0,2019-11-04
19,hru19,1.018,0.0,0.0,0.0,0.0,0.0,0.0,0.0,0.0,0.0,2019-11-04
20,hru20,1.015,0.0,0.0,0.0,0.0,0.0,0.0,0.0,0.0,0.0,2019-11-04
21,hru21,1.014,0.0,0.0,0.0,0.0,0.0,0.0,0.0,0.0,0.0,2019-11-04
22,hru22,1.014,0.0,0.0,0.0,0.0,0.0,0.0,0.0,0.0,0.0,2019-11-04
23,hru23,1.014,0.0,0.0,0.0,0.0,0.0,0.0,0.0,0.0,0.0,2019-11-04
24,hru24,1.014,0.0,0.0,0.0,0.0,0.0,0.0,0.0,0.0,0.0,2019-11-04
25,hru25,1.015,0.0,0.0,0.0,0.0,0.0,0.0,0.0,0.0,0.0,2019-11-04
26,hru26,1.015,0.0,0.0,0.0,0.0,0.0,0.0,0.0,0.0,0.0,2019-11-04
27,hru27,1.007,0.0,0.0,0.0,0.0,0.0,0.0,0.0,0.0,0.0,2019-11-04
28,hru28,1.008,0.0,0.0,0.0,0.0,0.0,0.0,0.0,0.0,0.0,2019-11-04
29,hru29,1.006,0.0,0.0,0.0,0.0,0.0,0.0,0.0,0.0,0.0,2019-11-04
30,hru30,1.005,0.0,0.0,0.0,0.0,0.0,0.0,0.0,0.0,0.0,2019-11-04
31,hru31,0.998,0.0,0.0,0.0,0.0,0.0,0.0,0.0,0.0,0.0,2019-11-04
32,hru32,1.01,0.0,0.0,0.0,0.0,0.0,0.0,0.0,0.0,0.0,2019-11-04
33,hru33,1.004,0.0,0.0,0.0,0.0,0.0,0.0,0.0,0.0,0.0,2019-11-04
34,hru34,1.004,0.0,0.0,0.0,0.0,0.0,0.0,0.0,0.0,0.0,2019-11-04
35,hru35,0.999,0.0,0.0,0.0,0.0,0.0,0.0,0.0,0.0,0.0,2019-11-04
36,hru36,1.004,0.0,0.0,0.0,0.0,0.0,0.0,0.0,0.0,0.0,2019-11-04
1,hru01,0.998,0.0,0.0,0.0,0.0,0.0,0.0,0.0,0.0,0.0,2019-11-05
2,hru02,1.004,0.0,0.0,0.0,0.0,0.0,0.0,0.0,0.0,0.0,2019-11-05
3,hru03,0.99,0.0,0.0,0.0,0.0,0.0,0.0,0.0,0.0,0.0,2019-11-05
4,hru04,0.995,0.0,0.0,0.0,0.0,0.0,0.0,0.0,0.0,0.0,2019-11-05
5,hru05,1.002,0.0,0.0,0.0,0.0,0.0,0.0,0.0,0.0,0.0,2019-11-05
6,hru06,1.002,0.0,0.0,0.0,0.0,0.0,0.0,0.0,0.0,0.0,2019-11-05
7,hru07,1.008,0.0,0.0,0.0,0.0,0.0,0.0,0.0,0.0,0.0,2019-11-05
8,hru08,0.99,0.0,0.0,0.0,0.0,0.0,0.0,0.0,0.0,0.0,2019-11-05
9,hru09,1.003,0.0,0.0,0.0,0.0,0.0,0.0,0.0,0.0,0.0,2019-11-05
10,hru10,1.003,0.0,0.0,0.0,0.0,0.0,0.0,0.0,0.0,0.0,2019-11-05
11,hru11,1.008,0.0,0.0,0.0,0.0,0.0,0.0,0.0,0.0,0.0,2019-11-05
12,hru12,1.007,0.0,0.0,0.0,0.0,0.0,0.0,0.0,0.0,0.0,2019-11-05
13,hru13,1.01,0.0,0.0,0.0,0.0,0.0,0.0,0.0,0.0,0.0,2019-11-05
14,hru14,1.007,0.0,0.0,0.0,0.0,0.0,0.0,0.0,0.0,0.0,2019-11-05
15,hru15,1.014,0.0,0.0,0.0,0.0,0.0,0.0,0.0,0.0,0.0,2019-11-05
16,hru16,1.005,0.0,0.0,0.0,0.0,0.0,0.0,0.0,0.0,0.0,2019-11-05
17,hru17,1.012,0.0,0.0,0.0,0.0,0.0,0.0,0.0,0.0,0.0,2019-11-05
18,hru18,1.014,0.0,0.0,0.0,0.0,0.0,0.0,0.0,0.0,0.0,2019-11-05
19,hru19,1.018,0.0,0.0,0.0,0.0,0.0,0.0,0.0,0.0,0.0,2019-11-05
20,hru20,1.015,0.0,0.0,0.0,0.0,0.0,0.0,0.0,0.0,0.0,2019-11-05
21,hru21,1.014,0.0,0.0,0.0,0.0,0.0,0.0,0.0,0.0,0.0,2019-11-05
22,hru22,1.014,0.0,0.0,0.0,0.0,0.0,0.0,0.0,0.0,0.0,2019-11-05
23,hru23,1.014,0.0,0.0,0.0,0.0,0.0,0.0,0.0,0.0,0.0,2019-11-05
24,hru24,1.014,0.0,0.0,0.0,0.0,0.0,0.0,0.0,0.0,0.0,2019-11-05
25,hru25,1.015,0.0,0.0,0.0,0.0,0.0,0.0,0.0,0.0,0.0,2019-11-05
26,hru26,1.015,0.0,0.0,0.0,0.0,0.0,0.0,0.0,0.0,0.0,2019-11-05
27,hru27,1.007,0.0,0.0,0.0,0.0,0.0,0.0,0.0,0.0,0.0,2019-11-05
28,hru28,1.008,0.0,0.0,0.0,0.0,0.0,0.0,0.0,0.0,0.0,2019-11-05
29,hru29,1.006,0.0,0.0,0.0,0.0,0.0,0.0,0.0,0.0,0.0,2019-11-05
30,hru30,1.005,0.0,0.0,0.0,0.0,0.0,0.0,0.0,0.0,0.0,2019-11-05
31,hru31,0.998,0.0,0.0,0.0,0.0,0.0,0.0,0.0,0.0,0.0,2019-11-05
32,hru32,1.01,0.0,0.0,0.0,0.0,0.0,0.0,0.0,0.0,0.0,2019-11-05
33,hru33,1.004,0.0,0.0,0.0,0.0,0.0,0.0,0.0,0.0,0.0,2019-11-05
34,hru34,1.004,0.0,0.0,0.0,0.0,0.0,0.0,0.0,0.0,0.0,2019-11-05
35,hru35,0.999,0.0,0.0,0.0,0.0,0.0,0.0,0.0,0.0,0.0,2019-11-05
36,hru36,1.004,0.0,0.0,0.0,0.0,0.0,0.0,0.0,0.0,0.0,2019-11-05
1,hru01,0.998,0.0,0.0,0.0,0.0,0.0,0.0,0.0,0.0,0.0,2019-11-06
2,hru02,1.004,0.0,0.0,0.0,0.0,0.0,0.0,0.0,0.0,0.0,2019-11-06
3,hru03,0.99,0.0,0.0,0.0,0.0,0.0,0.0,0.0,0.0,0.0,2019-11-06
4,hru04,0.995,0.0,0.0,0.0,0.0,0.0,0.0,0.0,0.0,0.0,2019-11-06
5,hru05,1.002,0.0,0.0,0.0,0.0,0.0,0.0,0.0,0.0,0.0,2019-11-06
6,hru06,1.002,0.0,0.0,0.0,0.0,0.0,0.0,0.0,0.0,0.0,2019-11-06
7,hru07,1.008,0.0,0.0,0.0,0.0,0.0,0.0,0.0,0.0,0.0,2019-11-06
8,hru08,0.99,0.0,0.0,0.0,0.0,0.0,0.0,0.0,0.0,0.0,2019-11-06
9,hru09,1.003,0.0,0.0,0.0,0.0,0.0,0.0,0.0,0.0,0.0,2019-11-06
10,hru10,1.003,0.0,0.0,0.0,0.0,0.0,0.0,0.0,0.0,0.0,2019-11-06
11,hru11,1.008,0.0,0.0,0.0,0.0,0.0,0.0,0.0,0.0,0.0,2019-11-06
12,hru12,1.007,0.0,0.0,0.0,0.0,0.0,0.0,0.0,0.0,0.0,2019-11-06
13,hru13,1.01,0.0,0.0,0.0,0.0,0.0,0.0,0.0,0.0,0.0,2019-11-06
14,hru14,1.007,0.0,0.0,0.0,0.0,0.0,0.0,0.0,0.0,0.0,2019-11-06
15,hru15,1.014,0.0,0.0,0.0,0.0,0.0,0.0,0.0,0.0,0.0,2019-11-06
16,hru16,1.005,0.0,0.0,0.0,0.0,0.0,0.0,0.0,0.0,0.0,2019-11-06
17,hru17,1.012,0.0,0.0,0.0,0.0,0.0,0.0,0.0,0.0,0.0,2019-11-06
18,hru18,1.014,0.0,0.0,0.0,0.0,0.0,0.0,0.0,0.0,0.0,2019-11-06
19,hru19,1.018,0.0,0.0,0.0,0.0,0.0,0.0,0.0,0.0,0.0,2019-11-06
20,hru20,1.015,0.0,0.0,0.0,0.0,0.0,0.0,0.0,0.0,0.0,2019-11-06
21,hru21,1.014,0.0,0.0,0.0,0.0,0.0,0.0,0.0,0.0,0.0,2019-11-06
22,hru22,1.014,0.0,0.0,0.0,0.0,0.0,0.0,0.0,0.0,0.0,2019-11-06
23,hru23,1.014,0.0,0.0,0.0,0.0,0.0,0.0,0.0,0.0,0.0,2019-11-06
24,hru24,1.014,0.0,0.0,0.0,0.0,0.0,0.0,0.0,0.0,0.0,2019-11-06
25,hru25,1.015,0.0,0.0,0.0,0.0,0.0,0.0,0.0,0.0,0.0,2019-11-06
26,hru26,1.015,0.0,0.0,0.0,0.0,0.0,0.0,0.0,0.0,0.0,2019-11-06
27,hru27,1.007,0.0,0.0,0.0,0.0,0.0,0.0,0.0,0.0,0.0,2019-11-06
28,hru28,1.008,0.0,0.0,0.0,0.0,0.0,0.0,0.0,0.0,0.0,2019-11-06
29,hru29,1.006,0.0,0.0,0.0,0.0,0.0,0.0,0.0,0.0,0.0,2019-11-06
30,hru30,1.005,0.0,0.0,0.0,0.0,0.0,0.0,0.0,0.0,0.0,2019-11-06
31,hru31,0.998,0.0,0.0,0.0,0.0,0.0,0.0,0.0,0.0,0.0,2019-11-06
32,hru32,1.01,0.0,0.0,0.0,0.0,0.0,0.0,0.0,0.0,0.0,2019-11-06
33,hru33,1.004,0.0,0.0,0.0,0.0,0.0,0.0,0.0,0.0,0.0,2019-11-06
34,hru34,1.004,0.0,0.0,0.0,0.0,0.0,0.0,0.0,0.0,0.0,2019-11-06
35,hru35,0.999,0.0,0.0,0.0,0.0,0.0,0.0,0.0,0.0,0.0,2019-11-06
36,hru36,1.004,0.0,0.0,0.0,0.0,0.0,0.0,0.0,0.0,0.0,2019-11-06
1,hru01,0.998,0.0,0.0,0.0,0.0,0.0,0.0,0.0,0.0,0.0,2019-11-07
2,hru02,1.004,0.0,0.0,0.0,0.0,0.0,0.0,0.0,0.0,0.0,2019-11-07
3,hru03,0.99,0.0,0.0,0.0,0.0,0.0,0.0,0.0,0.0,0.0,2019-11-07
4,hru04,0.995,0.0,0.0,0.0,0.0,0.0,0.0,0.0,0.0,0.0,2019-11-07
5,hru05,1.002,0.0,0.0,0.0,0.0,0.0,0.0,0.0,0.0,0.0,2019-11-07
6,hru06,1.002,0.0,0.0,0.0,0.0,0.0,0.0,0.0,0.0,0.0,2019-11-07
7,hru07,1.008,0.0,0.0,0.0,0.0,0.0,0.0,0.0,0.0,0.0,2019-11-07
8,hru08,0.99,0.0,0.0,0.0,0.0,0.0,0.0,0.0,0.0,0.0,2019-11-07
9,hru09,1.003,0.0,0.0,0.0,0.0,0.0,0.0,0.0,0.0,0.0,2019-11-07
10,hru10,1.003,0.0,0.0,0.0,0.0,0.0,0.0,0.0,0.0,0.0,2019-11-07
11,hru11,1.008,0.0,0.0,0.0,0.0,0.0,0.0,0.0,0.0,0.0,2019-11-07
12,hru12,1.007,0.0,0.0,0.0,0.0,0.0,0.0,0.0,0.0,0.0,2019-11-07
13,hru13,1.01,0.0,0.0,0.0,0.0,0.0,0.0,0.0,0.0,0.0,2019-11-07
14,hru14,1.007,0.0,0.0,0.0,0.0,0.0,0.0,0.0,0.0,0.0,2019-11-07
15,hru15,1.014,0.0,0.0,0.0,0.0,0.0,0.0,0.0,0.0,0.0,2019-11-07
16,hru16,1.005,0.0,0.0,0.0,0.0,0.0,0.0,0.0,0.0,0.0,2019-11-07
17,hru17,1.012,0.0,0.0,0.0,0.0,0.0,0.0,0.0,0.0,0.0,2019-11-07
18,hru18,1.014,0.0,0.0,0.0,0.0,0.0,0.0,0.0,0.0,0.0,2019-11-07
19,hru19,1.018,0.0,0.0,0.0,0.0,0.0,0.0,0.0,0.0,0.0,2019-11-07
20,hru20,1.015,0.0,0.0,0.0,0.0,0.0,0.0,0.0,0.0,0.0,2019-11-07
21,hru21,1.014,0.0,0.0,0.0,0.0,0.0,0.0,0.0,0.0,0.0,2019-11-07
22,hru22,1.014,0.0,0.0,0.0,0.0,0.0,0.0,0.0,0.0,0.0,2019-11-07
23,hru23,1.014,0.0,0.0,0.0,0.0,0.0,0.0,0.0,0.0,0.0,2019-11-07
24,hru24,1.014,0.0,0.0,0.0,0.0,0.0,0.0,0.0,0.0,0.0,2019-11-07
25,hru25,1.015,0.0,0.0,0.0,0.0,0.0,0.0,0.0,0.0,0.0,2019-11-07
26,hru26,1.015,0.0,0.0,0.0,0.0,0.0,0.0,0.0,0.0,0.0,2019-11-07
27,hru27,1.007,0.0,0.0,0.0,0.0,0.0,0.0,0.0,0.0,0.0,2019-11-07
28,hru28,1.008,0.0,0.0,0.0,0.0,0.0,0.0,0.0,0.0,0.0,2019-11-07
29,hru29,1.006,0.0,0.0,0.0,0.0,0.0,0.0,0.0,0.0,0.0,2019-11-07
30,hru30,1.005,0.0,0.0,0.0,0.0,0.0,0.0,0.0,0.0,0.0,2019-11-07
31,hru31,0.998,0.0,0.0,0.0,0.0,0.0,0.0,0.0,0.0,0.0,2019-11-07
32,hru32,1.01,0.0,0.0,0.0,0.0,0.0,0.0,0.0,0.0,0.0,2019-11-07
33,hru33,1.004,0.0,0.0,0.0,0.0,0.0,0.0,0.0,0.0,0.0,2019-11-07
34,hru34,1.004,0.0,0.0,0.0,0.0,0.0,0.0,0.0,0.0,0.0,2019-11-07
35,hru35,0.999,0.0,0.0,0.0,0.0,0.0,0.0,0.0,0.0,0.0,2019-11-07
36,hru36,1.004,0.0,0.0,0.0,0.0,0.0,0.0,0.0,0.0,0.0,2019-11-07
1,hru01,0.998,0.0,0.0,0.0,0.0,0.0,0.0,0.0,0.0,0.0,2019-11-08
2,hru02,1.004,0.0,0.0,0.0,0.0,0.0,0.0,0.0,0.0,0.0,2019-11-08
3,hru03,0.99,0.0,0.0,0.0,0.0,0.0,0.0,0.0,0.0,0.0,2019-11-08
4,hru04,0.995,0.0,0.0,0.0,0.0,0.0,0.0,0.0,0.0,0.0,2019-11-08
5,hru05,1.002,0.0,0.0,0.0,0.0,0.0,0.0,0.0,0.0,0.0,2019-11-08
6,hru06,1.002,0.0,0.0,0.0,0.0,0.0,0.0,0.0,0.0,0.0,2019-11-08
7,hru07,1.008,0.0,0.0,0.0,0.0,0.0,0.0,0.0,0.0,0.0,2019-11-08
8,hru08,0.99,0.0,0.0,0.0,0.0,0.0,0.0,0.0,0.0,0.0,2019-11-08
9,hru09,1.003,0.0,0.0,0.0,0.0,0.0,0.0,0.0,0.0,0.0,2019-11-08
10,hru10,1.003,0.0,0.0,0.0,0.0,0.0,0.0,0.0,0.0,0.0,2019-11-08
11,hru11,1.008,0.0,0.0,0.0,0.0,0.0,0.0,0.0,0.0,0.0,2019-11-08
12,hru12,1.007,0.0,0.0,0.0,0.0,0.0,0.0,0.0,0.0,0.0,2019-11-08
13,hru13,1.01,0.0,0.0,0.0,0.0,0.0,0.0,0.0,0.0,0.0,2019-11-08
14,hru14,1.007,0.0,0.0,0.0,0.0,0.0,0.0,0.0,0.0,0.0,2019-11-08
15,hru15,1.014,0.0,0.0,0.0,0.0,0.0,0.0,0.0,0.0,0.0,2019-11-08
16,hru16,1.005,0.0,0.0,0.0,0.0,0.0,0.0,0.0,0.0,0.0,2019-11-08
17,hru17,1.012,0.0,0.0,0.0,0.0,0.0,0.0,0.0,0.0,0.0,2019-11-08
18,hru18,1.014,0.0,0.0,0.0,0.0,0.0,0.0,0.0,0.0,0.0,2019-11-08
19,hru19,1.018,0.0,0.0,0.0,0.0,0.0,0.0,0.0,0.0,0.0,2019-11-08
20,hru20,1.015,0.0,0.0,0.0,0.0,0.0,0.0,0.0,0.0,0.0,2019-11-08
21,hru21,1.014,0.0,0.0,0.0,0.0,0.0,0.0,0.0,0.0,0.0,2019-11-08
22,hru22,1.014,0.0,0.0,0.0,0.0,0.0,0.0,0.0,0.0,0.0,2019-11-08
23,hru23,1.014,0.0,0.0,0.0,0.0,0.0,0.0,0.0,0.0,0.0,2019-11-08
24,hru24,1.014,0.0,0.0,0.0,0.0,0.0,0.0,0.0,0.0,0.0,2019-11-08
25,hru25,1.015,0.0,0.0,0.0,0.0,0.0,0.0,0.0,0.0,0.0,2019-11-08
26,hru26,1.015,0.0,0.0,0.0,0.0,0.0,0.0,0.0,0.0,0.0,2019-11-08
27,hru27,1.007,0.0,0.0,0.0,0.0,0.0,0.0,0.0,0.0,0.0,2019-11-08
28,hru28,1.008,0.0,0.0,0.0,0.0,0.0,0.0,0.0,0.0,0.0,2019-11-08
29,hru29,1.006,0.0,0.0,0.0,0.0,0.0,0.0,0.0,0.0,0.0,2019-11-08
30,hru30,1.005,0.0,0.0,0.0,0.0,0.0,0.0,0.0,0.0,0.0,2019-11-08
31,hru31,0.998,0.0,0.0,0.0,0.0,0.0,0.0,0.0,0.0,0.0,2019-11-08
32,hru32,1.01,0.0,0.0,0.0,0.0,0.0,0.0,0.0,0.0,0.0,2019-11-08
33,hru33,1.004,0.0,0.0,0.0,0.0,0.0,0.0,0.0,0.0,0.0,2019-11-08
34,hru34,1.004,0.0,0.0,0.0,0.0,0.0,0.0,0.0,0.0,0.0,2019-11-08
35,hru35,0.999,0.0,0.0,0.0,0.0,0.0,0.0,0.0,0.0,0.0,2019-11-08
36,hru36,1.004,0.0,0.0,0.0,0.0,0.0,0.0,0.0,0.0,0.0,2019-11-08
1,hru01,1.0,0.0,0.0,0.0,0.0,0.0,0.0,0.0,0.0,0.0,2019-11-09
2,hru02,1.005,0.0,0.0,0.0,0.0,0.0,0.0,0.0,0.0,0.0,2019-11-09
3,hru03,0.992,0.0,0.0,0.0,0.0,0.0,0.0,0.0,0.0,0.0,2019-11-09
4,hru04,0.997,0.0,0.0,0.0,0.0,0.0,0.0,0.0,0.0,0.0,2019-11-09
5,hru05,1.003,0.0,0.0,0.0,0.0,0.0,0.0,0.0,0.0,0.0,2019-11-09
6,hru06,1.003,0.0,0.0,0.0,0.0,0.0,0.0,0.0,0.0,0.0,2019-11-09
7,hru07,1.009,0.0,0.0,0.0,0.0,0.0,0.0,0.0,0.0,0.0,2019-11-09
8,hru08,0.992,0.0,0.0,0.0,0.0,0.0,0.0,0.0,0.0,0.0,2019-11-09
9,hru09,1.005,0.0,0.0,0.0,0.0,0.0,0.0,0.0,0.0,0.0,2019-11-09
10,hru10,1.005,0.0,0.0,0.0,0.0,0.0,0.0,0.0,0.0,0.0,2019-11-09
11,hru11,1.01,0.0,0.0,0.0,0.0,0.0,0.0,0.0,0.0,0.0,2019-11-09
12,hru12,1.008,0.0,0.0,0.0,0.0,0.0,0.0,0.0,0.0,0.0,2019-11-09
13,hru13,1.012,0.0,0.0,0.0,0.0,0.0,0.0,0.0,0.0,0.0,2019-11-09
14,hru14,1.008,0.0,0.0,0.0,0.0,0.0,0.0,0.0,0.0,0.0,2019-11-09
15,hru15,1.016,0.0,0.0,0.0,0.0,0.0,0.0,0.0,0.0,0.0,2019-11-09
16,hru16,1.007,0.0,0.0,0.0,0.0,0.0,0.0,0.0,0.0,0.0,2019-11-09
17,hru17,1.014,0.0,0.0,0.0,0.0,0.0,0.0,0.0,0.0,0.0,2019-11-09
18,hru18,1.016,0.0,0.0,0.0,0.0,0.0,0.0,0.0,0.0,0.0,2019-11-09
19,hru19,1.02,0.0,0.0,0.0,0.0,0.0,0.0,0.0,0.0,0.0,2019-11-09
20,hru20,1.016,0.0,0.0,0.0,0.0,0.0,0.0,0.0,0.0,0.0,2019-11-09
21,hru21,1.016,0.0,0.0,0.0,0.0,0.0,0.0,0.0,0.0,0.0,2019-11-09
22,hru22,1.016,0.0,0.0,0.0,0.0,0.0,0.0,0.0,0.0,0.0,2019-11-09
23,hru23,1.016,0.0,0.0,0.0,0.0,0.0,0.0,0.0,0.0,0.0,2019-11-09
24,hru24,1.016,0.0,0.0,0.0,0.0,0.0,0.0,0.0,0.0,0.0,2019-11-09
25,hru25,1.016,0.0,0.0,0.0,0.0,0.0,0.0,0.0,0.0,0.0,2019-11-09
26,hru26,1.016,0.0,0.0,0.0,0.0,0.0,0.0,0.0,0.0,0.0,2019-11-09
27,hru27,1.008,0.0,0.0,0.0,0.0,0.0,0.0,0.0,0.0,0.0,2019-11-09
28,hru28,1.01,0.0,0.0,0.0,0.0,0.0,0.0,0.0,0.0,0.0,2019-11-09
29,hru29,1.008,0.0,0.0,0.0,0.0,0.0,0.0,0.0,0.0,0.0,2019-11-09
30,hru30,1.006,0.0,0.0,0.0,0.0,0.0,0.0,0.0,0.0,0.0,2019-11-09
31,hru31,1.0,0.0,0.0,0.0,0.0,0.0,0.0,0.0,0.0,0.0,2019-11-09
32,hru32,1.012,0.0,0.0,0.0,0.0,0.0,0.0,0.0,0.0,0.0,2019-11-09
33,hru33,1.006,0.0,0.0,0.0,0.0,0.0,0.0,0.0,0.0,0.0,2019-11-09
34,hru34,1.006,0.0,0.0,0.0,0.0,0.0,0.0,0.0,0.0,0.0,2019-11-09
35,hru35,1.0,0.0,0.0,0.0,0.0,0.0,0.0,0.0,0.0,0.0,2019-11-09
36,hru36,1.006,0.0,0.0,0.0,0.0,0.0,0.0,0.0,0.0,0.0,2019-11-09
1,hru01,1.0,0.0,0.0,0.0,0.0,0.0,0.0,0.0,0.0,0.0,2019-11-10
2,hru02,1.005,0.0,0.0,0.0,0.0,0.0,0.0,0.0,0.0,0.0,2019-11-10
3,hru03,0.992,0.0,0.0,0.0,0.0,0.0,0.0,0.0,0.0,0.0,2019-11-10
4,hru04,0.997,0.0,0.0,0.0,0.0,0.0,0.0,0.0,0.0,0.0,2019-11-10
5,hru05,1.003,0.0,0.0,0.0,0.0,0.0,0.0,0.0,0.0,0.0,2019-11-10
6,hru06,1.003,0.0,0.0,0.0,0.0,0.0,0.0,0.0,0.0,0.0,2019-11-10
7,hru07,1.009,0.0,0.0,0.0,0.0,0.0,0.0,0.0,0.0,0.0,2019-11-10
8,hru08,0.992,0.0,0.0,0.0,0.0,0.0,0.0,0.0,0.0,0.0,2019-11-10
9,hru09,1.005,0.0,0.0,0.0,0.0,0.0,0.0,0.0,0.0,0.0,2019-11-10
10,hru10,1.005,0.0,0.0,0.0,0.0,0.0,0.0,0.0,0.0,0.0,2019-11-10
11,hru11,1.01,0.0,0.0,0.0,0.0,0.0,0.0,0.0,0.0,0.0,2019-11-10
12,hru12,1.008,0.0,0.0,0.0,0.0,0.0,0.0,0.0,0.0,0.0,2019-11-10
13,hru13,1.012,0.0,0.0,0.0,0.0,0.0,0.0,0.0,0.0,0.0,2019-11-10
14,hru14,1.008,0.0,0.0,0.0,0.0,0.0,0.0,0.0,0.0,0.0,2019-11-10
15,hru15,1.016,0.0,0.0,0.0,0.0,0.0,0.0,0.0,0.0,0.0,2019-11-10
16,hru16,1.007,0.0,0.0,0.0,0.0,0.0,0.0,0.0,0.0,0.0,2019-11-10
17,hru17,1.014,0.0,0.0,0.0,0.0,0.0,0.0,0.0,0.0,0.0,2019-11-10
18,hru18,1.016,0.0,0.0,0.0,0.0,0.0,0.0,0.0,0.0,0.0,2019-11-10
19,hru19,1.02,0.0,0.0,0.0,0.0,0.0,0.0,0.0,0.0,0.0,2019-11-10
20,hru20,1.016,0.0,0.0,0.0,0.0,0.0,0.0,0.0,0.0,0.0,2019-11-10
21,hru21,1.016,0.0,0.0,0.0,0.0,0.0,0.0,0.0,0.0,0.0,2019-11-10
22,hru22,1.016,0.0,0.0,0.0,0.0,0.0,0.0,0.0,0.0,0.0,2019-11-10
23,hru23,1.016,0.0,0.0,0.0,0.0,0.0,0.0,0.0,0.0,0.0,2019-11-10
24,hru24,1.016,0.0,0.0,0.0,0.0,0.0,0.0,0.0,0.0,0.0,2019-11-10
25,hru25,1.016,0.0,0.0,0.0,0.0,0.0,0.0,0.0,0.0,0.0,2019-11-10
26,hru26,1.016,0.0,0.0,0.0,0.0,0.0,0.0,0.0,0.0,0.0,2019-11-10
27,hru27,1.008,0.0,0.0,0.0,0.0,0.0,0.0,0.0,0.0,0.0,2019-11-10
28,hru28,1.01,0.0,0.0,0.0,0.0,0.0,0.0,0.0,0.0,0.0,2019-11-10
29,hru29,1.008,0.0,0.0,0.0,0.0,0.0,0.0,0.0,0.0,0.0,2019-11-10
30,hru30,1.006,0.0,0.0,0.0,0.0,0.0,0.0,0.0,0.0,0.0,2019-11-10
31,hru31,1.0,0.0,0.0,0.0,0.0,0.0,0.0,0.0,0.0,0.0,2019-11-10
32,hru32,1.012,0.0,0.0,0.0,0.0,0.0,0.0,0.0,0.0,0.0,2019-11-10
33,hru33,1.006,0.0,0.0,0.0,0.0,0.0,0.0,0.0,0.0,0.0,2019-11-10
34,hru34,1.006,0.0,0.0,0.0,0.0,0.0,0.0,0.0,0.0,0.0,2019-11-10
35,hru35,1.0,0.0,0.0,0.0,0.0,0.0,0.0,0.0,0.0,0.0,2019-11-10
36,hru36,1.006,0.0,0.0,0.0,0.0,0.0,0.0,0.0,0.0,0.0,2019-11-10
1,hru01,1.0,0.0,0.0,0.0,0.0,0.0,0.0,0.0,0.0,0.0,2019-11-11
2,hru02,1.005,0.0,0.0,0.0,0.0,0.0,0.0,0.0,0.0,0.0,2019-11-11
3,hru03,0.992,0.0,0.0,0.0,0.0,0.0,0.0,0.0,0.0,0.0,2019-11-11
4,hru04,0.997,0.0,0.0,0.0,0.0,0.0,0.0,0.0,0.0,0.0,2019-11-11
5,hru05,1.003,0.0,0.0,0.0,0.0,0.0,0.0,0.0,0.0,0.0,2019-11-11
6,hru06,1.003,0.0,0.0,0.0,0.0,0.0,0.0,0.0,0.0,0.0,2019-11-11
7,hru07,1.009,0.0,0.0,0.0,0.0,0.0,0.0,0.0,0.0,0.0,2019-11-11
8,hru08,0.992,0.0,0.0,0.0,0.0,0.0,0.0,0.0,0.0,0.0,2019-11-11
9,hru09,1.005,0.0,0.0,0.0,0.0,0.0,0.0,0.0,0.0,0.0,2019-11-11
10,hru10,1.005,0.0,0.0,0.0,0.0,0.0,0.0,0.0,0.0,0.0,2019-11-11
11,hru11,1.01,0.0,0.0,0.0,0.0,0.0,0.0,0.0,0.0,0.0,2019-11-11
12,hru12,1.008,0.0,0.0,0.0,0.0,0.0,0.0,0.0,0.0,0.0,2019-11-11
13,hru13,1.012,0.0,0.0,0.0,0.0,0.0,0.0,0.0,0.0,0.0,2019-11-11
14,hru14,1.008,0.0,0.0,0.0,0.0,0.0,0.0,0.0,0.0,0.0,2019-11-11
15,hru15,1.016,0.0,0.0,0.0,0.0,0.0,0.0,0.0,0.0,0.0,2019-11-11
16,hru16,1.007,0.0,0.0,0.0,0.0,0.0,0.0,0.0,0.0,0.0,2019-11-11
17,hru17,1.014,0.0,0.0,0.0,0.0,0.0,0.0,0.0,0.0,0.0,2019-11-11
18,hru18,1.016,0.0,0.0,0.0,0.0,0.0,0.0,0.0,0.0,0.0,2019-11-11
19,hru19,1.02,0.0,0.0,0.0,0.0,0.0,0.0,0.0,0.0,0.0,2019-11-11
20,hru20,1.016,0.0,0.0,0.0,0.0,0.0,0.0,0.0,0.0,0.0,2019-11-11
21,hru21,1.016,0.0,0.0,0.0,0.0,0.0,0.0,0.0,0.0,0.0,2019-11-11
22,hru22,1.016,0.0,0.0,0.0,0.0,0.0,0.0,0.0,0.0,0.0,2019-11-11
23,hru23,1.016,0.0,0.0,0.0,0.0,0.0,0.0,0.0,0.0,0.0,2019-11-11
24,hru24,1.016,0.0,0.0,0.0,0.0,0.0,0.0,0.0,0.0,0.0,2019-11-11
25,hru25,1.016,0.0,0.0,0.0,0.0,0.0,0.0,0.0,0.0,0.0,2019-11-11
26,hru26,1.016,0.0,0.0,0.0,0.0,0.0,0.0,0.0,0.0,0.0,2019-11-11
27,hru27,1.008,0.0,0.0,0.0,0.0,0.0,0.0,0.0,0.0,0.0,2019-11-11
28,hru28,1.01,0.0,0.0,0.0,0.0,0.0,0.0,0.0,0.0,0.0,2019-11-11
29,hru29,1.008,0.0,0.0,0.0,0.0,0.0,0.0,0.0,0.0,0.0,2019-11-11
30,hru30,1.006,0.0,0.0,0.0,0.0,0.0,0.0,0.0,0.0,0.0,2019-11-11
31,hru31,1.0,0.0,0.0,0.0,0.0,0.0,0.0,0.0,0.0,0.0,2019-11-11
32,hru32,1.012,0.0,0.0,0.0,0.0,0.0,0.0,0.0,0.0,0.0,2019-11-11
33,hru33,1.006,0.0,0.0,0.0,0.0,0.0,0.0,0.0,0.0,0.0,2019-11-11
34,hru34,1.006,0.0,0.0,0.0,0.0,0.0,0.0,0.0,0.0,0.0,2019-11-11
35,hru35,1.0,0.0,0.0,0.0,0.0,0.0,0.0,0.0,0.0,0.0,2019-11-11
36,hru36,1.006,0.0,0.0,0.0,0.0,0.0,0.0,0.0,0.0,0.0,2019-11-11
1,hru01,1.0,0.0,0.0,0.0,0.0,0.0,0.0,0.0,0.0,0.0,2019-11-12
2,hru02,1.005,0.0,0.0,0.0,0.0,0.0,0.0,0.0,0.0,0.0,2019-11-12
3,hru03,0.992,0.0,0.0,0.0,0.0,0.0,0.0,0.0,0.0,0.0,2019-11-12
4,hru04,0.997,0.0,0.0,0.0,0.0,0.0,0.0,0.0,0.0,0.0,2019-11-12
5,hru05,1.003,0.0,0.0,0.0,0.0,0.0,0.0,0.0,0.0,0.0,2019-11-12
6,hru06,1.003,0.0,0.0,0.0,0.0,0.0,0.0,0.0,0.0,0.0,2019-11-12
7,hru07,1.009,0.0,0.0,0.0,0.0,0.0,0.0,0.0,0.0,0.0,2019-11-12
8,hru08,0.992,0.0,0.0,0.0,0.0,0.0,0.0,0.0,0.0,0.0,2019-11-12
9,hru09,1.005,0.0,0.0,0.0,0.0,0.0,0.0,0.0,0.0,0.0,2019-11-12
10,hru10,1.005,0.0,0.0,0.0,0.0,0.0,0.0,0.0,0.0,0.0,2019-11-12
11,hru11,1.01,0.0,0.0,0.0,0.0,0.0,0.0,0.0,0.0,0.0,2019-11-12
12,hru12,1.008,0.0,0.0,0.0,0.0,0.0,0.0,0.0,0.0,0.0,2019-11-12
13,hru13,1.012,0.0,0.0,0.0,0.0,0.0,0.0,0.0,0.0,0.0,2019-11-12
14,hru14,1.008,0.0,0.0,0.0,0.0,0.0,0.0,0.0,0.0,0.0,2019-11-12
15,hru15,1.016,0.0,0.0,0.0,0.0,0.0,0.0,0.0,0.0,0.0,2019-11-12
16,hru16,1.007,0.0,0.0,0.0,0.0,0.0,0.0,0.0,0.0,0.0,2019-11-12
17,hru17,1.014,0.0,0.0,0.0,0.0,0.0,0.0,0.0,0.0,0.0,2019-11-12
18,hru18,1.016,0.0,0.0,0.0,0.0,0.0,0.0,0.0,0.0,0.0,2019-11-12
19,hru19,1.02,0.0,0.0,0.0,0.0,0.0,0.0,0.0,0.0,0.0,2019-11-12
20,hru20,1.016,0.0,0.0,0.0,0.0,0.0,0.0,0.0,0.0,0.0,2019-11-12
21,hru21,1.016,0.0,0.0,0.0,0.0,0.0,0.0,0.0,0.0,0.0,2019-11-12
22,hru22,1.016,0.0,0.0,0.0,0.0,0.0,0.0,0.0,0.0,0.0,2019-11-12
23,hru23,1.016,0.0,0.0,0.0,0.0,0.0,0.0,0.0,0.0,0.0,2019-11-12
24,hru24,1.016,0.0,0.0,0.0,0.0,0.0,0.0,0.0,0.0,0.0,2019-11-12
25,hru25,1.016,0.0,0.0,0.0,0.0,0.0,0.0,0.0,0.0,0.0,2019-11-12
26,hru26,1.016,0.0,0.0,0.0,0.0,0.0,0.0,0.0,0.0,0.0,2019-11-12
27,hru27,1.008,0.0,0.0,0.0,0.0,0.0,0.0,0.0,0.0,0.0,2019-11-12
28,hru28,1.01,0.0,0.0,0.0,0.0,0.0,0.0,0.0,0.0,0.0,2019-11-12
29,hru29,1.008,0.0,0.0,0.0,0.0,0.0,0.0,0.0,0.0,0.0,2019-11-12
30,hru30,1.006,0.0,0.0,0.0,0.0,0.0,0.0,0.0,0.0,0.0,2019-11-12
31,hru31,1.0,0.0,0.0,0.0,0.0,0.0,0.0,0.0,0.0,0.0,2019-11-12
32,hru32,1.012,0.0,0.0,0.0,0.0,0.0,0.0,0.0,0.0,0.0,2019-11-12
33,hru33,1.006,0.0,0.0,0.0,0.0,0.0,0.0,0.0,0.0,0.0,2019-11-12
34,hru34,1.006,0.0,0.0,0.0,0.0,0.0,0.0,0.0,0.0,0.0,2019-11-12
35,hru35,1.0,0.0,0.0,0.0,0.0,0.0,0.0,0.0,0.0,0.0,2019-11-12
36,hru36,1.006,0.0,0.0,0.0,0.0,0.0,0.0,0.0,0.0,0.0,2019-11-12
1,hru01,1.0,0.0,0.0,0.0,0.0,0.0,0.0,0.0,0.0,0.0,2019-11-13
2,hru02,1.005,0.0,0.0,0.0,0.0,0.0,0.0,0.0,0.0,0.0,2019-11-13
3,hru03,0.992,0.0,0.0,0.0,0.0,0.0,0.0,0.0,0.0,0.0,2019-11-13
4,hru04,0.997,0.0,0.0,0.0,0.0,0.0,0.0,0.0,0.0,0.0,2019-11-13
5,hru05,1.003,0.0,0.0,0.0,0.0,0.0,0.0,0.0,0.0,0.0,2019-11-13
6,hru06,1.003,0.0,0.0,0.0,0.0,0.0,0.0,0.0,0.0,0.0,2019-11-13
7,hru07,1.009,0.0,0.0,0.0,0.0,0.0,0.0,0.0,0.0,0.0,2019-11-13
8,hru08,0.992,0.0,0.0,0.0,0.0,0.0,0.0,0.0,0.0,0.0,2019-11-13
9,hru09,1.005,0.0,0.0,0.0,0.0,0.0,0.0,0.0,0.0,0.0,2019-11-13
10,hru10,1.005,0.0,0.0,0.0,0.0,0.0,0.0,0.0,0.0,0.0,2019-11-13
11,hru11,1.01,0.0,0.0,0.0,0.0,0.0,0.0,0.0,0.0,0.0,2019-11-13
12,hru12,1.008,0.0,0.0,0.0,0.0,0.0,0.0,0.0,0.0,0.0,2019-11-13
13,hru13,1.012,0.0,0.0,0.0,0.0,0.0,0.0,0.0,0.0,0.0,2019-11-13
14,hru14,1.008,0.0,0.0,0.0,0.0,0.0,0.0,0.0,0.0,0.0,2019-11-13
15,hru15,1.016,0.0,0.0,0.0,0.0,0.0,0.0,0.0,0.0,0.0,2019-11-13
16,hru16,1.007,0.0,0.0,0.0,0.0,0.0,0.0,0.0,0.0,0.0,2019-11-13
17,hru17,1.014,0.0,0.0,0.0,0.0,0.0,0.0,0.0,0.0,0.0,2019-11-13
18,hru18,1.016,0.0,0.0,0.0,0.0,0.0,0.0,0.0,0.0,0.0,2019-11-13
19,hru19,1.02,0.0,0.0,0.0,0.0,0.0,0.0,0.0,0.0,0.0,2019-11-13
20,hru20,1.016,0.0,0.0,0.0,0.0,0.0,0.0,0.0,0.0,0.0,2019-11-13
21,hru21,1.016,0.0,0.0,0.0,0.0,0.0,0.0,0.0,0.0,0.0,2019-11-13
22,hru22,1.016,0.0,0.0,0.0,0.0,0.0,0.0,0.0,0.0,0.0,2019-11-13
23,hru23,1.016,0.0,0.0,0.0,0.0,0.0,0.0,0.0,0.0,0.0,2019-11-13
24,hru24,1.016,0.0,0.0,0.0,0.0,0.0,0.0,0.0,0.0,0.0,2019-11-13
25,hru25,1.016,0.0,0.0,0.0,0.0,0.0,0.0,0.0,0.0,0.0,2019-11-13
26,hru26,1.016,0.0,0.0,0.0,0.0,0.0,0.0,0.0,0.0,0.0,2019-11-13
27,hru27,1.008,0.0,0.0,0.0,0.0,0.0,0.0,0.0,0.0,0.0,2019-11-13
28,hru28,1.01,0.0,0.0,0.0,0.0,0.0,0.0,0.0,0.0,0.0,2019-11-13
29,hru29,1.008,0.0,0.0,0.0,0.0,0.0,0.0,0.0,0.0,0.0,2019-11-13
30,hru30,1.006,0.0,0.0,0.0,0.0,0.0,0.0,0.0,0.0,0.0,2019-11-13
31,hru31,1.0,0.0,0.0,0.0,0.0,0.0,0.0,0.0,0.0,0.0,2019-11-13
32,hru32,1.012,0.0,0.0,0.0,0.0,0.0,0.0,0.0,0.0,0.0,2019-11-13
33,hru33,1.006,0.0,0.0,0.0,0.0,0.0,0.0,0.0,0.0,0.0,2019-11-13
34,hru34,1.006,0.0,0.0,0.0,0.0,0.0,0.0,0.0,0.0,0.0,2019-11-13
35,hru35,1.0,0.0,0.0,0.0,0.0,0.0,0.0,0.0,0.0,0.0,2019-11-13
36,hru36,1.006,0.0,0.0,0.0,0.0,0.0,0.0,0.0,0.0,0.0,2019-11-13
1,hru01,1.0,0.0,0.0,0.0,0.0,0.0,0.0,0.0,0.0,0.0,2019-11-14
2,hru02,1.005,0.0,0.0,0.0,0.0,0.0,0.0,0.0,0.0,0.0,2019-11-14
3,hru03,0.992,0.0,0.0,0.0,0.0,0.0,0.0,0.0,0.0,0.0,2019-11-14
4,hru04,0.997,0.0,0.0,0.0,0.0,0.0,0.0,0.0,0.0,0.0,2019-11-14
5,hru05,1.003,0.0,0.0,0.0,0.0,0.0,0.0,0.0,0.0,0.0,2019-11-14
6,hru06,1.003,0.0,0.0,0.0,0.0,0.0,0.0,0.0,0.0,0.0,2019-11-14
7,hru07,1.009,0.0,0.0,0.0,0.0,0.0,0.0,0.0,0.0,0.0,2019-11-14
8,hru08,0.992,0.0,0.0,0.0,0.0,0.0,0.0,0.0,0.0,0.0,2019-11-14
9,hru09,1.005,0.0,0.0,0.0,0.0,0.0,0.0,0.0,0.0,0.0,2019-11-14
10,hru10,1.005,0.0,0.0,0.0,0.0,0.0,0.0,0.0,0.0,0.0,2019-11-14
11,hru11,1.01,0.0,0.0,0.0,0.0,0.0,0.0,0.0,0.0,0.0,2019-11-14
12,hru12,1.008,0.0,0.0,0.0,0.0,0.0,0.0,0.0,0.0,0.0,2019-11-14
13,hru13,1.012,0.0,0.0,0.0,0.0,0.0,0.0,0.0,0.0,0.0,2019-11-14
14,hru14,1.008,0.0,0.0,0.0,0.0,0.0,0.0,0.0,0.0,0.0,2019-11-14
15,hru15,1.016,0.0,0.0,0.0,0.0,0.0,0.0,0.0,0.0,0.0,2019-11-14
16,hru16,1.007,0.0,0.0,0.0,0.0,0.0,0.0,0.0,0.0,0.0,2019-11-14
17,hru17,1.014,0.0,0.0,0.0,0.0,0.0,0.0,0.0,0.0,0.0,2019-11-14
18,hru18,1.016,0.0,0.0,0.0,0.0,0.0,0.0,0.0,0.0,0.0,2019-11-14
19,hru19,1.02,0.0,0.0,0.0,0.0,0.0,0.0,0.0,0.0,0.0,2019-11-14
20,hru20,1.016,0.0,0.0,0.0,0.0,0.0,0.0,0.0,0.0,0.0,2019-11-14
21,hru21,1.016,0.0,0.0,0.0,0.0,0.0,0.0,0.0,0.0,0.0,2019-11-14
22,hru22,1.016,0.0,0.0,0.0,0.0,0.0,0.0,0.0,0.0,0.0,2019-11-14
23,hru23,1.016,0.0,0.0,0.0,0.0,0.0,0.0,0.0,0.0,0.0,2019-11-14
24,hru24,1.016,0.0,0.0,0.0,0.0,0.0,0.0,0.0,0.0,0.0,2019-11-14
25,hru25,1.016,0.0,0.0,0.0,0.0,0.0,0.0,0.0,0.0,0.0,2019-11-14
26,hru26,1.016,0.0,0.0,0.0,0.0,0.0,0.0,0.0,0.0,0.0,2019-11-14
27,hru27,1.008,0.0,0.0,0.0,0.0,0.0,0.0,0.0,0.0,0.0,2019-11-14
28,hru28,1.01,0.0,0.0,0.0,0.0,0.0,0.0,0.0,0.0,0.0,2019-11-14
29,hru29,1.008,0.0,0.0,0.0,0.0,0.0,0.0,0.0,0.0,0.0,2019-11-14
30,hru30,1.006,0.0,0.0,0.0,0.0,0.0,0.0,0.0,0.0,0.0,2019-11-14
31,hru31,1.0,0.0,0.0,0.0,0.0,0.0,0.0,0.0,0.0,0.0,2019-11-14
32,hru32,1.012,0.0,0.0,0.0,0.0,0.0,0.0,0.0,0.0,0.0,2019-11-14
33,hru33,1.006,0.0,0.0,0.0,0.0,0.0,0.0,0.0,0.0,0.0,2019-11-14
34,hru34,1.006,0.0,0.0,0.0,0.0,0.0,0.0,0.0,0.0,0.0,2019-11-14
35,hru35,1.0,0.0,0.0,0.0,0.0,0.0,0.0,0.0,0.0,0.0,2019-11-14
36,hru36,1.006,0.0,0.0,0.0,0.0,0.0,0.0,0.0,0.0,0.0,2019-11-14
1,hru01,1.0,0.0,0.0,0.0,0.0,0.0,0.0,0.0,0.0,0.0,2019-11-15
2,hru02,1.006,0.0,0.0,0.0,0.0,0.0,0.0,0.0,0.0,0.0,2019-11-15
3,hru03,0.992,0.0,0.0,0.0,0.0,0.0,0.0,0.0,0.0,0.0,2019-11-15
4,hru04,0.997,0.0,0.0,0.0,0.0,0.0,0.0,0.0,0.0,0.0,2019-11-15
5,hru05,1.004,0.0,0.0,0.0,0.0,0.0,0.0,0.0,0.0,0.0,2019-11-15
6,hru06,1.004,0.0,0.0,0.0,0.0,0.0,0.0,0.0,0.0,0.0,2019-11-15
7,hru07,1.009,0.0,0.0,0.0,0.0,0.0,0.0,0.0,0.0,0.0,2019-11-15
8,hru08,0.992,0.0,0.0,0.0,0.0,0.0,0.0,0.0,0.0,0.0,2019-11-15
9,hru09,1.005,0.0,0.0,0.0,0.0,0.0,0.0,0.0,0.0,0.0,2019-11-15
10,hru10,1.005,0.0,0.0,0.0,0.0,0.0,0.0,0.0,0.0,0.0,2019-11-15
11,hru11,1.01,0.0,0.0,0.0,0.0,0.0,0.0,0.0,0.0,0.0,2019-11-15
12,hru12,1.008,0.0,0.0,0.0,0.0,0.0,0.0,0.0,0.0,0.0,2019-11-15
13,hru13,1.012,0.0,0.0,0.0,0.0,0.0,0.0,0.0,0.0,0.0,2019-11-15
14,hru14,1.008,0.0,0.0,0.0,0.0,0.0,0.0,0.0,0.0,0.0,2019-11-15
15,hru15,1.016,0.0,0.0,0.0,0.0,0.0,0.0,0.0,0.0,0.0,2019-11-15
16,hru16,1.007,0.0,0.0,0.0,0.0,0.0,0.0,0.0,0.0,0.0,2019-11-15
17,hru17,1.014,0.0,0.0,0.0,0.0,0.0,0.0,0.0,0.0,0.0,2019-11-15
18,hru18,1.016,0.0,0.0,0.0,0.0,0.0,0.0,0.0,0.0,0.0,2019-11-15
19,hru19,1.02,0.0,0.0,0.0,0.0,0.0,0.0,0.0,0.0,0.0,2019-11-15
20,hru20,1.016,0.0,0.0,0.0,0.0,0.0,0.0,0.0,0.0,0.0,2019-11-15
21,hru21,1.016,0.0,0.0,0.0,0.0,0.0,0.0,0.0,0.0,0.0,2019-11-15
22,hru22,1.016,0.0,0.0,0.0,0.0,0.0,0.0,0.0,0.0,0.0,2019-11-15
23,hru23,1.016,0.0,0.0,0.0,0.0,0.0,0.0,0.0,0.0,0.0,2019-11-15
24,hru24,1.016,0.0,0.0,0.0,0.0,0.0,0.0,0.0,0.0,0.0,2019-11-15
25,hru25,1.016,0.0,0.0,0.0,0.0,0.0,0.0,0.0,0.0,0.0,2019-11-15
26,hru26,1.016,0.0,0.0,0.0,0.0,0.0,0.0,0.0,0.0,0.0,2019-11-15
27,hru27,1.009,0.0,0.0,0.0,0.0,0.0,0.0,0.0,0.0,0.0,2019-11-15
28,hru28,1.01,0.0,0.0,0.0,0.0,0.0,0.0,0.0,0.0,0.0,2019-11-15
29,hru29,1.008,0.0,0.0,0.0,0.0,0.0,0.0,0.0,0.0,0.0,2019-11-15
30,hru30,1.007,0.0,0.0,0.0,0.0,0.0,0.0,0.0,0.0,0.0,2019-11-15
31,hru31,1.0,0.0,0.0,0.0,0.0,0.0,0.0,0.0,0.0,0.0,2019-11-15
32,hru32,1.012,0.0,0.0,0.0,0.0,0.0,0.0,0.0,0.0,0.0,2019-11-15
33,hru33,1.006,0.0,0.0,0.0,0.0,0.0,0.0,0.0,0.0,0.0,2019-11-15
34,hru34,1.006,0.0,0.0,0.0,0.0,0.0,0.0,0.0,0.0,0.0,2019-11-15
35,hru35,1.0,0.0,0.0,0.0,0.0,0.0,0.0,0.0,0.0,0.0,2019-11-15
36,hru36,1.006,0.0,0.0,0.0,0.0,0.0,0.0,0.0,0.0,0.0,2019-11-15
1,hru01,1.001,0.0,0.0,0.0,0.0,0.0,0.0,0.0,0.0,0.0,2019-11-16
2,hru02,1.006,0.0,0.0,0.0,0.0,0.0,0.0,0.0,0.0,0.0,2019-11-16
3,hru03,0.993,0.0,0.0,0.0,0.0,0.0,0.0,0.0,0.0,0.0,2019-11-16
4,hru04,0.998,0.0,0.0,0.0,0.0,0.0,0.0,0.0,0.0,0.0,2019-11-16
5,hru05,1.004,0.0,0.0,0.0,0.0,0.0,0.0,0.0,0.0,0.0,2019-11-16
6,hru06,1.004,0.0,0.0,0.0,0.0,0.0,0.0,0.0,0.0,0.0,2019-11-16
7,hru07,1.01,0.0,0.0,0.0,0.0,0.0,0.0,0.0,0.0,0.0,2019-11-16
8,hru08,0.993,0.0,0.0,0.0,0.0,0.0,0.0,0.0,0.0,0.0,2019-11-16
9,hru09,1.006,0.0,0.0,0.0,0.0,0.0,0.0,0.0,0.0,0.0,2019-11-16
10,hru10,1.006,0.0,0.0,0.0,0.0,0.0,0.0,0.0,0.0,0.0,2019-11-16
11,hru11,1.01,0.0,0.0,0.0,0.0,0.0,0.0,0.0,0.0,0.0,2019-11-16
12,hru12,1.009,0.0,0.0,0.0,0.0,0.0,0.0,0.0,0.0,0.0,2019-11-16
13,hru13,1.013,0.0,0.0,0.0,0.0,0.0,0.0,0.0,0.0,0.0,2019-11-16
14,hru14,1.009,0.0,0.0,0.0,0.0,0.0,0.0,0.0,0.0,0.0,2019-11-16
15,hru15,1.017,0.0,0.0,0.0,0.0,0.0,0.0,0.0,0.0,0.0,2019-11-16
16,hru16,1.008,0.0,0.0,0.0,0.0,0.0,0.0,0.0,0.0,0.0,2019-11-16
17,hru17,1.015,0.0,0.0,0.0,0.0,0.0,0.0,0.0,0.0,0.0,2019-11-16
18,hru18,1.017,0.0,0.0,0.0,0.0,0.0,0.0,0.0,0.0,0.0,2019-11-16
19,hru19,1.021,0.0,0.0,0.0,0.0,0.0,0.0,0.0,0.0,0.0,2019-11-16
20,hru20,1.017,0.0,0.0,0.0,0.0,0.0,0.0,0.0,0.0,0.0,2019-11-16
21,hru21,1.017,0.0,0.0,0.0,0.0,0.0,0.0,0.0,0.0,0.0,2019-11-16
22,hru22,1.017,0.0,0.0,0.0,0.0,0.0,0.0,0.0,0.0,0.0,2019-11-16
23,hru23,1.017,0.0,0.0,0.0,0.0,0.0,0.0,0.0,0.0,0.0,2019-11-16
24,hru24,1.017,0.0,0.0,0.0,0.0,0.0,0.0,0.0,0.0,0.0,2019-11-16
25,hru25,1.017,0.0,0.0,0.0,0.0,0.0,0.0,0.0,0.0,0.0,2019-11-16
26,hru26,1.017,0.0,0.0,0.0,0.0,0.0,0.0,0.0,0.0,0.0,2019-11-16
27,hru27,1.009,0.0,0.0,0.0,0.0,0.0,0.0,0.0,0.0,0.0,2019-11-16
28,hru28,1.01,0.0,0.0,0.0,0.0,0.0,0.0,0.0,0.0,0.0,2019-11-16
29,hru29,1.009,0.0,0.0,0.0,0.0,0.0,0.0,0.0,0.0,0.0,2019-11-16
30,hru30,1.007,0.0,0.0,0.0,0.0,0.0,0.0,0.0,0.0,0.0,2019-11-16
31,hru31,1.001,0.0,0.0,0.0,0.0,0.0,0.0,0.0,0.0,0.0,2019-11-16
32,hru32,1.013,0.0,0.0,0.0,0.0,0.0,0.0,0.0,0.0,0.0,2019-11-16
33,hru33,1.007,0.0,0.0,0.0,0.0,0.0,0.0,0.0,0.0,0.0,2019-11-16
34,hru34,1.007,0.0,0.0,0.0,0.0,0.0,0.0,0.0,0.0,0.0,2019-11-16
35,hru35,1.001,0.0,0.0,0.0,0.0,0.0,0.0,0.0,0.0,0.0,2019-11-16
36,hru36,1.007,0.0,0.0,0.0,0.0,0.0,0.0,0.0,0.0,0.0,2019-11-16
1,hru01,1.002,0.0,0.0,0.0,0.0,0.0,0.0,0.0,0.0,0.0,2019-11-17
2,hru02,1.007,0.0,0.0,0.0,0.0,0.0,0.0,0.0,0.0,0.0,2019-11-17
3,hru03,0.994,0.0,0.0,0.0,0.0,0.0,0.0,0.0,0.0,0.0,2019-11-17
4,hru04,0.998,0.0,0.0,0.0,0.0,0.0,0.0,0.0,0.0,0.0,2019-11-17
5,hru05,1.005,0.0,0.0,0.0,0.0,0.0,0.0,0.0,0.0,0.0,2019-11-17
6,hru06,1.005,0.0,0.0,0.0,0.0,0.0,0.0,0.0,0.0,0.0,2019-11-17
7,hru07,1.011,0.0,0.0,0.0,0.0,0.0,0.0,0.0,0.0,0.0,2019-11-17
8,hru08,0.994,0.0,0.0,0.0,0.0,0.0,0.0,0.0,0.0,0.0,2019-11-17
9,hru09,1.007,0.0,0.0,0.0,0.0,0.0,0.0,0.0,0.0,0.0,2019-11-17
10,hru10,1.007,0.0,0.0,0.0,0.0,0.0,0.0,0.0,0.0,0.0,2019-11-17
11,hru11,1.011,0.0,0.0,0.0,0.0,0.0,0.0,0.0,0.0,0.0,2019-11-17
12,hru12,1.01,0.0,0.0,0.0,0.0,0.0,0.0,0.0,0.0,0.0,2019-11-17
13,hru13,1.013,0.0,0.0,0.0,0.0,0.0,0.0,0.0,0.0,0.0,2019-11-17
14,hru14,1.01,0.0,0.0,0.0,0.0,0.0,0.0,0.0,0.0,0.0,2019-11-17
15,hru15,1.018,0.0,0.0,0.0,0.0,0.0,0.0,0.0,0.0,0.0,2019-11-17
16,hru16,1.009,0.0,0.0,0.0,0.0,0.0,0.0,0.0,0.0,0.0,2019-11-17
17,hru17,1.016,0.0,0.0,0.0,0.0,0.0,0.0,0.0,0.0,0.0,2019-11-17
18,hru18,1.017,0.0,0.0,0.0,0.0,0.0,0.0,0.0,0.0,0.0,2019-11-17
19,hru19,1.022,0.0,0.0,0.0,0.0,0.0,0.0,0.0,0.0,0.0,2019-11-17
20,hru20,1.018,0.0,0.0,0.0,0.0,0.0,0.0,0.0,0.0,0.0,2019-11-17
21,hru21,1.018,0.0,0.0,0.0,0.0,0.0,0.0,0.0,0.0,0.0,2019-11-17
22,hru22,1.017,0.0,0.0,0.0,0.0,0.0,0.0,0.0,0.0,0.0,2019-11-17
23,hru23,1.017,0.0,0.0,0.0,0.0,0.0,0.0,0.0,0.0,0.0,2019-11-17
24,hru24,1.017,0.0,0.0,0.0,0.0,0.0,0.0,0.0,0.0,0.0,2019-11-17
25,hru25,1.018,0.0,0.0,0.0,0.0,0.0,0.0,0.0,0.0,0.0,2019-11-17
26,hru26,1.018,0.0,0.0,0.0,0.0,0.0,0.0,0.0,0.0,0.0,2019-11-17
27,hru27,1.01,0.0,0.0,0.0,0.0,0.0,0.0,0.0,0.0,0.0,2019-11-17
28,hru28,1.011,0.0,0.0,0.0,0.0,0.0,0.0,0.0,0.0,0.0,2019-11-17
29,hru29,1.009,0.0,0.0,0.0,0.0,0.0,0.0,0.0,0.0,0.0,2019-11-17
30,hru30,1.008,0.0,0.0,0.0,0.0,0.0,0.0,0.0,0.0,0.0,2019-11-17
31,hru31,1.002,0.0,0.0,0.0,0.0,0.0,0.0,0.0,0.0,0.0,2019-11-17
32,hru32,1.013,0.0,0.0,0.0,0.0,0.0,0.0,0.0,0.0,0.0,2019-11-17
33,hru33,1.008,0.0,0.0,0.0,0.0,0.0,0.0,0.0,0.0,0.0,2019-11-17
34,hru34,1.008,0.0,0.0,0.0,0.0,0.0,0.0,0.0,0.0,0.0,2019-11-17
35,hru35,1.002,0.0,0.0,0.0,0.0,0.0,0.0,0.0,0.0,0.0,2019-11-17
36,hru36,1.008,0.0,0.0,0.0,0.0,0.0,0.0,0.0,0.0,0.0,2019-11-17
1,hru01,1.003,0.0,0.0,0.0,0.0,0.0,0.0,0.0,0.0,0.0,2019-11-18
2,hru02,1.008,0.0,0.0,0.0,0.0,0.0,0.0,0.0,0.0,0.0,2019-11-18
3,hru03,0.995,0.0,0.0,0.0,0.0,0.0,0.0,0.0,0.0,0.0,2019-11-18
4,hru04,1.0,0.0,0.0,0.0,0.0,0.0,0.0,0.0,0.0,0.0,2019-11-18
5,hru05,1.006,0.0,0.0,0.0,0.0,0.0,0.0,0.0,0.0,0.0,2019-11-18
6,hru06,1.006,0.0,0.0,0.0,0.0,0.0,0.0,0.0,0.0,0.0,2019-11-18
7,hru07,1.012,0.0,0.0,0.0,0.0,0.0,0.0,0.0,0.0,0.0,2019-11-18
8,hru08,0.995,0.0,0.0,0.0,0.0,0.0,0.0,0.0,0.0,0.0,2019-11-18
9,hru09,1.008,0.0,0.0,0.0,0.0,0.0,0.0,0.0,0.0,0.0,2019-11-18
10,hru10,1.008,0.0,0.0,0.0,0.0,0.0,0.0,0.0,0.0,0.0,2019-11-18
11,hru11,1.012,0.0,0.0,0.0,0.0,0.0,0.0,0.0,0.0,0.0,2019-11-18
12,hru12,1.011,0.0,0.0,0.0,0.0,0.0,0.0,0.0,0.0,0.0,2019-11-18
13,hru13,1.014,0.0,0.0,0.0,0.0,0.0,0.0,0.0,0.0,0.0,2019-11-18
14,hru14,1.011,0.0,0.0,0.0,0.0,0.0,0.0,0.0,0.0,0.0,2019-11-18
15,hru15,1.019,0.0,0.0,0.0,0.0,0.0,0.0,0.0,0.0,0.0,2019-11-18
16,hru16,1.01,0.0,0.0,0.0,0.0,0.0,0.0,0.0,0.0,0.0,2019-11-18
17,hru17,1.017,0.0,0.0,0.0,0.0,0.0,0.0,0.0,0.0,0.0,2019-11-18
18,hru18,1.018,0.0,0.0,0.0,0.0,0.0,0.0,0.0,0.0,0.0,2019-11-18
19,hru19,1.023,0.0,0.0,0.0,0.0,0.0,0.0,0.0,0.0,0.0,2019-11-18
20,hru20,1.018,0.0,0.0,0.0,0.0,0.0,0.0,0.0,0.0,0.0,2019-11-18
21,hru21,1.019,0.0,0.0,0.0,0.0,0.0,0.0,0.0,0.0,0.0,2019-11-18
22,hru22,1.018,0.0,0.0,0.0,0.0,0.0,0.0,0.0,0.0,0.0,2019-11-18
23,hru23,1.018,0.0,0.0,0.0,0.0,0.0,0.0,0.0,0.0,0.0,2019-11-18
24,hru24,1.018,0.0,0.0,0.0,0.0,0.0,0.0,0.0,0.0,0.0,2019-11-18
25,hru25,1.018,0.0,0.0,0.0,0.0,0.0,0.0,0.0,0.0,0.0,2019-11-18
26,hru26,1.019,0.0,0.0,0.0,0.0,0.0,0.0,0.0,0.0,0.0,2019-11-18
27,hru27,1.011,0.0,0.0,0.0,0.0,0.0,0.0,0.0,0.0,0.0,2019-11-18
28,hru28,1.012,0.0,0.0,0.0,0.0,0.0,0.0,0.0,0.0,0.0,2019-11-18
29,hru29,1.01,0.0,0.0,0.0,0.0,0.0,0.0,0.0,0.0,0.0,2019-11-18
30,hru30,1.009,0.0,0.0,0.0,0.0,0.0,0.0,0.0,0.0,0.0,2019-11-18
31,hru31,1.003,0.0,0.0,0.0,0.0,0.0,0.0,0.0,0.0,0.0,2019-11-18
32,hru32,1.014,0.0,0.0,0.0,0.0,0.0,0.0,0.0,0.0,0.0,2019-11-18
33,hru33,1.009,0.0,0.0,0.0,0.0,0.0,0.0,0.0,0.0,0.0,2019-11-18
34,hru34,1.009,0.0,0.0,0.0,0.0,0.0,0.0,0.0,0.0,0.0,2019-11-18
35,hru35,1.003,0.0,0.0,0.0,0.0,0.0,0.0,0.0,0.0,0.0,2019-11-18
36,hru36,1.009,0.0,0.0,0.0,0.0,0.0,0.0,0.0,0.0,0.0,2019-11-18
1,hru01,1.004,0.0,0.0,0.0,0.0,0.0,0.0,0.0,0.0,0.0,2019-11-19
2,hru02,1.009,0.0,0.0,0.0,0.0,0.0,0.0,0.0,0.0,0.0,2019-11-19
3,hru03,0.996,0.0,0.0,0.0,0.0,0.0,0.0,0.0,0.0,0.0,2019-11-19
4,hru04,1.001,0.0,0.0,0.0,0.0,0.0,0.0,0.0,0.0,0.0,2019-11-19
5,hru05,1.007,0.0,0.0,0.0,0.0,0.0,0.0,0.0,0.0,0.0,2019-11-19
6,hru06,1.007,0.0,0.0,0.0,0.0,0.0,0.0,0.0,0.0,0.0,2019-11-19
7,hru07,1.013,0.0,0.0,0.0,0.0,0.0,0.0,0.0,0.0,0.0,2019-11-19
8,hru08,0.996,0.0,0.0,0.0,0.0,0.0,0.0,0.0,0.0,0.0,2019-11-19
9,hru09,1.009,0.0,0.0,0.0,0.0,0.0,0.0,0.0,0.0,0.0,2019-11-19
10,hru10,1.009,0.0,0.0,0.0,0.0,0.0,0.0,0.0,0.0,0.0,2019-11-19
11,hru11,1.013,0.0,0.0,0.0,0.0,0.0,0.0,0.0,0.0,0.0,2019-11-19
12,hru12,1.012,0.0,0.0,0.0,0.0,0.0,0.0,0.0,0.0,0.0,2019-11-19
13,hru13,1.016,0.0,0.0,0.0,0.0,0.0,0.0,0.0,0.0,0.0,2019-11-19
14,hru14,1.012,0.0,0.0,0.0,0.0,0.0,0.0,0.0,0.0,0.0,2019-11-19
15,hru15,1.02,0.0,0.0,0.0,0.0,0.0,0.0,0.0,0.0,0.0,2019-11-19
16,hru16,1.011,0.0,0.0,0.0,0.0,0.0,0.0,0.0,0.0,0.0,2019-11-19
17,hru17,1.018,0.0,0.0,0.0,0.0,0.0,0.0,0.0,0.0,0.0,2019-11-19
18,hru18,1.02,0.0,0.0,0.0,0.0,0.0,0.0,0.0,0.0,0.0,2019-11-19
19,hru19,1.024,0.0,0.0,0.0,0.0,0.0,0.0,0.0,0.0,0.0,2019-11-19
20,hru20,1.02,0.0,0.0,0.0,0.0,0.0,0.0,0.0,0.0,0.0,2019-11-19
21,hru21,1.02,0.0,0.0,0.0,0.0,0.0,0.0,0.0,0.0,0.0,2019-11-19
22,hru22,1.02,0.0,0.0,0.0,0.0,0.0,0.0,0.0,0.0,0.0,2019-11-19
23,hru23,1.02,0.0,0.0,0.0,0.0,0.0,0.0,0.0,0.0,0.0,2019-11-19
24,hru24,1.02,0.0,0.0,0.0,0.0,0.0,0.0,0.0,0.0,0.0,2019-11-19
25,hru25,1.02,0.0,0.0,0.0,0.0,0.0,0.0,0.0,0.0,0.0,2019-11-19
26,hru26,1.02,0.0,0.0,0.0,0.0,0.0,0.0,0.0,0.0,0.0,2019-11-19
27,hru27,1.012,0.0,0.0,0.0,0.0,0.0,0.0,0.0,0.0,0.0,2019-11-19
28,hru28,1.013,0.0,0.0,0.0,0.0,0.0,0.0,0.0,0.0,0.0,2019-11-19
29,hru29,1.012,0.0,0.0,0.0,0.0,0.0,0.0,0.0,0.0,0.0,2019-11-19
30,hru30,1.01,0.0,0.0,0.0,0.0,0.0,0.0,0.0,0.0,0.0,2019-11-19
31,hru31,1.004,0.0,0.0,0.0,0.0,0.0,0.0,0.0,0.0,0.0,2019-11-19
32,hru32,1.016,0.0,0.0,0.0,0.0,0.0,0.0,0.0,0.0,0.0,2019-11-19
33,hru33,1.01,0.0,0.0,0.0,0.0,0.0,0.0,0.0,0.0,0.0,2019-11-19
34,hru34,1.01,0.0,0.0,0.0,0.0,0.0,0.0,0.0,0.0,0.0,2019-11-19
35,hru35,1.004,0.0,0.0,0.0,0.0,0.0,0.0,0.0,0.0,0.0,2019-11-19
36,hru36,1.01,0.0,0.0,0.0,0.0,0.0,0.0,0.0,0.0,0.0,2019-11-19
1,hru01,1.006,0.0,0.0,0.0,0.0,0.0,0.0,0.0,0.0,0.0,2019-11-20
2,hru02,1.011,0.0,0.0,0.0,0.0,0.0,0.0,0.0,0.0,0.0,2019-11-20
3,hru03,0.998,0.0,0.0,0.0,0.0,0.0,0.0,0.0,0.0,0.0,2019-11-20
4,hru04,1.003,0.0,0.0,0.0,0.0,0.0,0.0,0.0,0.0,0.0,2019-11-20
5,hru05,1.009,0.0,0.0,0.0,0.0,0.0,0.0,0.0,0.0,0.0,2019-11-20
6,hru06,1.009,0.0,0.0,0.0,0.0,0.0,0.0,0.0,0.0,0.0,2019-11-20
7,hru07,1.015,0.0,0.0,0.0,0.0,0.0,0.0,0.0,0.0,0.0,2019-11-20
8,hru08,0.998,0.0,0.0,0.0,0.0,0.0,0.0,0.0,0.0,0.0,2019-11-20
9,hru09,1.011,0.0,0.0,0.0,0.0,0.0,0.0,0.0,0.0,0.0,2019-11-20
10,hru10,1.011,0.0,0.0,0.0,0.0,0.0,0.0,0.0,0.0,0.0,2019-11-20
11,hru11,1.015,0.0,0.0,0.0,0.0,0.0,0.0,0.0,0.0,0.0,2019-11-20
12,hru12,1.014,0.0,0.0,0.0,0.0,0.0,0.0,0.0,0.0,0.0,2019-11-20
13,hru13,1.018,0.0,0.0,0.0,0.0,0.0,0.0,0.0,0.0,0.0,2019-11-20
14,hru14,1.014,0.0,0.0,0.0,0.0,0.0,0.0,0.0,0.0,0.0,2019-11-20
15,hru15,1.022,0.0,0.0,0.0,0.0,0.0,0.0,0.0,0.0,0.0,2019-11-20
16,hru16,1.013,0.0,0.0,0.0,0.0,0.0,0.0,0.0,0.0,0.0,2019-11-20
17,hru17,1.02,0.0,0.0,0.0,0.0,0.0,0.0,0.0,0.0,0.0,2019-11-20
18,hru18,1.022,0.0,0.0,0.0,0.0,0.0,0.0,0.0,0.0,0.0,2019-11-20
19,hru19,1.026,0.0,0.0,0.0,0.0,0.0,0.0,0.0,0.0,0.0,2019-11-20
20,hru20,1.022,0.0,0.0,0.0,0.0,0.0,0.0,0.0,0.0,0.0,2019-11-20
21,hru21,1.022,0.0,0.0,0.0,0.0,0.0,0.0,0.0,0.0,0.0,2019-11-20
22,hru22,1.022,0.0,0.0,0.0,0.0,0.0,0.0,0.0,0.0,0.0,2019-11-20
23,hru23,1.022,0.0,0.0,0.0,0.0,0.0,0.0,0.0,0.0,0.0,2019-11-20
24,hru24,1.022,0.0,0.0,0.0,0.0,0.0,0.0,0.0,0.0,0.0,2019-11-20
25,hru25,1.022,0.0,0.0,0.0,0.0,0.0,0.0,0.0,0.0,0.0,2019-11-20
26,hru26,1.022,0.0,0.0,0.0,0.0,0.0,0.0,0.0,0.0,0.0,2019-11-20
27,hru27,1.014,0.0,0.0,0.0,0.0,0.0,0.0,0.0,0.0,0.0,2019-11-20
28,hru28,1.015,0.0,0.0,0.0,0.0,0.0,0.0,0.0,0.0,0.0,2019-11-20
29,hru29,1.014,0.0,0.0,0.0,0.0,0.0,0.0,0.0,0.0,0.0,2019-11-20
30,hru30,1.013,0.0,0.0,0.0,0.0,0.0,0.0,0.0,0.0,0.0,2019-11-20
31,hru31,1.006,0.0,0.0,0.0,0.0,0.0,0.0,0.0,0.0,0.0,2019-11-20
32,hru32,1.018,0.0,0.0,0.0,0.0,0.0,0.0,0.0,0.0,0.0,2019-11-20
33,hru33,1.012,0.0,0.0,0.0,0.0,0.0,0.0,0.0,0.0,0.0,2019-11-20
34,hru34,1.012,0.0,0.0,0.0,0.0,0.0,0.0,0.0,0.0,0.0,2019-11-20
35,hru35,1.006,0.0,0.0,0.0,0.0,0.0,0.0,0.0,0.0,0.0,2019-11-20
36,hru36,1.012,0.0,0.0,0.0,0.0,0.0,0.0,0.0,0.0,0.0,2019-11-20
1,hru01,1.006,0.0,0.0,0.0,0.0,0.0,0.0,0.0,0.0,0.0,2019-11-21
2,hru02,1.011,0.0,0.0,0.0,0.0,0.0,0.0,0.0,0.0,0.0,2019-11-21
3,hru03,0.998,0.0,0.0,0.0,0.0,0.0,0.0,0.0,0.0,0.0,2019-11-21
4,hru04,1.003,0.0,0.0,0.0,0.0,0.0,0.0,0.0,0.0,0.0,2019-11-21
5,hru05,1.009,0.0,0.0,0.0,0.0,0.0,0.0,0.0,0.0,0.0,2019-11-21
6,hru06,1.009,0.0,0.0,0.0,0.0,0.0,0.0,0.0,0.0,0.0,2019-11-21
7,hru07,1.015,0.0,0.0,0.0,0.0,0.0,0.0,0.0,0.0,0.0,2019-11-21
8,hru08,0.998,0.0,0.0,0.0,0.0,0.0,0.0,0.0,0.0,0.0,2019-11-21
9,hru09,1.011,0.0,0.0,0.0,0.0,0.0,0.0,0.0,0.0,0.0,2019-11-21
10,hru10,1.011,0.0,0.0,0.0,0.0,0.0,0.0,0.0,0.0,0.0,2019-11-21
11,hru11,1.015,0.0,0.0,0.0,0.0,0.0,0.0,0.0,0.0,0.0,2019-11-21
12,hru12,1.014,0.0,0.0,0.0,0.0,0.0,0.0,0.0,0.0,0.0,2019-11-21
13,hru13,1.018,0.0,0.0,0.0,0.0,0.0,0.0,0.0,0.0,0.0,2019-11-21
14,hru14,1.014,0.0,0.0,0.0,0.0,0.0,0.0,0.0,0.0,0.0,2019-11-21
15,hru15,1.022,0.0,0.0,0.0,0.0,0.0,0.0,0.0,0.0,0.0,2019-11-21
16,hru16,1.013,0.0,0.0,0.0,0.0,0.0,0.0,0.0,0.0,0.0,2019-11-21
17,hru17,1.02,0.0,0.0,0.0,0.0,0.0,0.0,0.0,0.0,0.0,2019-11-21
18,hru18,1.022,0.0,0.0,0.0,0.0,0.0,0.0,0.0,0.0,0.0,2019-11-21
19,hru19,1.026,0.0,0.0,0.0,0.0,0.0,0.0,0.0,0.0,0.0,2019-11-21
20,hru20,1.022,0.0,0.0,0.0,0.0,0.0,0.0,0.0,0.0,0.0,2019-11-21
21,hru21,1.022,0.0,0.0,0.0,0.0,0.0,0.0,0.0,0.0,0.0,2019-11-21
22,hru22,1.022,0.0,0.0,0.0,0.0,0.0,0.0,0.0,0.0,0.0,2019-11-21
23,hru23,1.022,0.0,0.0,0.0,0.0,0.0,0.0,0.0,0.0,0.0,2019-11-21
24,hru24,1.022,0.0,0.0,0.0,0.0,0.0,0.0,0.0,0.0,0.0,2019-11-21
25,hru25,1.022,0.0,0.0,0.0,0.0,0.0,0.0,0.0,0.0,0.0,2019-11-21
26,hru26,1.022,0.0,0.0,0.0,0.0,0.0,0.0,0.0,0.0,0.0,2019-11-21
27,hru27,1.014,0.0,0.0,0.0,0.0,0.0,0.0,0.0,0.0,0.0,2019-11-21
28,hru28,1.015,0.0,0.0,0.0,0.0,0.0,0.0,0.0,0.0,0.0,2019-11-21
29,hru29,1.014,0.0,0.0,0.0,0.0,0.0,0.0,0.0,0.0,0.0,2019-11-21
30,hru30,1.013,0.0,0.0,0.0,0.0,0.0,0.0,0.0,0.0,0.0,2019-11-21
31,hru31,1.006,0.0,0.0,0.0,0.0,0.0,0.0,0.0,0.0,0.0,2019-11-21
32,hru32,1.018,0.0,0.0,0.0,0.0,0.0,0.0,0.0,0.0,0.0,2019-11-21
33,hru33,1.012,0.0,0.0,0.0,0.0,0.0,0.0,0.0,0.0,0.0,2019-11-21
34,hru34,1.012,0.0,0.0,0.0,0.0,0.0,0.0,0.0,0.0,0.0,2019-11-21
35,hru35,1.006,0.0,0.0,0.0,0.0,0.0,0.0,0.0,0.0,0.0,2019-11-21
36,hru36,1.012,0.0,0.0,0.0,0.0,0.0,0.0,0.0,0.0,0.0,2019-11-21
1,hru01,1.006,0.0,0.0,0.0,0.0,0.0,0.0,0.0,0.0,0.0,2019-11-22
2,hru02,1.011,0.0,0.0,0.0,0.0,0.0,0.0,0.0,0.0,0.0,2019-11-22
3,hru03,0.998,0.0,0.0,0.0,0.0,0.0,0.0,0.0,0.0,0.0,2019-11-22
4,hru04,1.003,0.0,0.0,0.0,0.0,0.0,0.0,0.0,0.0,0.0,2019-11-22
5,hru05,1.009,0.0,0.0,0.0,0.0,0.0,0.0,0.0,0.0,0.0,2019-11-22
6,hru06,1.009,0.0,0.0,0.0,0.0,0.0,0.0,0.0,0.0,0.0,2019-11-22
7,hru07,1.015,0.0,0.0,0.0,0.0,0.0,0.0,0.0,0.0,0.0,2019-11-22
8,hru08,0.998,0.0,0.0,0.0,0.0,0.0,0.0,0.0,0.0,0.0,2019-11-22
9,hru09,1.011,0.0,0.0,0.0,0.0,0.0,0.0,0.0,0.0,0.0,2019-11-22
10,hru10,1.011,0.0,0.0,0.0,0.0,0.0,0.0,0.0,0.0,0.0,2019-11-22
11,hru11,1.015,0.0,0.0,0.0,0.0,0.0,0.0,0.0,0.0,0.0,2019-11-22
12,hru12,1.014,0.0,0.0,0.0,0.0,0.0,0.0,0.0,0.0,0.0,2019-11-22
13,hru13,1.018,0.0,0.0,0.0,0.0,0.0,0.0,0.0,0.0,0.0,2019-11-22
14,hru14,1.014,0.0,0.0,0.0,0.0,0.0,0.0,0.0,0.0,0.0,2019-11-22
15,hru15,1.022,0.0,0.0,0.0,0.0,0.0,0.0,0.0,0.0,0.0,2019-11-22
16,hru16,1.013,0.0,0.0,0.0,0.0,0.0,0.0,0.0,0.0,0.0,2019-11-22
17,hru17,1.02,0.0,0.0,0.0,0.0,0.0,0.0,0.0,0.0,0.0,2019-11-22
18,hru18,1.022,0.0,0.0,0.0,0.0,0.0,0.0,0.0,0.0,0.0,2019-11-22
19,hru19,1.026,0.0,0.0,0.0,0.0,0.0,0.0,0.0,0.0,0.0,2019-11-22
20,hru20,1.022,0.0,0.0,0.0,0.0,0.0,0.0,0.0,0.0,0.0,2019-11-22
21,hru21,1.022,0.0,0.0,0.0,0.0,0.0,0.0,0.0,0.0,0.0,2019-11-22
22,hru22,1.022,0.0,0.0,0.0,0.0,0.0,0.0,0.0,0.0,0.0,2019-11-22
23,hru23,1.022,0.0,0.0,0.0,0.0,0.0,0.0,0.0,0.0,0.0,2019-11-22
24,hru24,1.022,0.0,0.0,0.0,0.0,0.0,0.0,0.0,0.0,0.0,2019-11-22
25,hru25,1.022,0.0,0.0,0.0,0.0,0.0,0.0,0.0,0.0,0.0,2019-11-22
26,hru26,1.022,0.0,0.0,0.0,0.0,0.0,0.0,0.0,0.0,0.0,2019-11-22
27,hru27,1.014,0.0,0.0,0.0,0.0,0.0,0.0,0.0,0.0,0.0,2019-11-22
28,hru28,1.015,0.0,0.0,0.0,0.0,0.0,0.0,0.0,0.0,0.0,2019-11-22
29,hru29,1.014,0.0,0.0,0.0,0.0,0.0,0.0,0.0,0.0,0.0,2019-11-22
30,hru30,1.013,0.0,0.0,0.0,0.0,0.0,0.0,0.0,0.0,0.0,2019-11-22
31,hru31,1.006,0.0,0.0,0.0,0.0,0.0,0.0,0.0,0.0,0.0,2019-11-22
32,hru32,1.018,0.0,0.0,0.0,0.0,0.0,0.0,0.0,0.0,0.0,2019-11-22
33,hru33,1.012,0.0,0.0,0.0,0.0,0.0,0.0,0.0,0.0,0.0,2019-11-22
34,hru34,1.012,0.0,0.0,0.0,0.0,0.0,0.0,0.0,0.0,0.0,2019-11-22
35,hru35,1.006,0.0,0.0,0.0,0.0,0.0,0.0,0.0,0.0,0.0,2019-11-22
36,hru36,1.012,0.0,0.0,0.0,0.0,0.0,0.0,0.0,0.0,0.0,2019-11-22
1,hru01,1.006,0.0,0.0,0.0,0.0,0.0,0.0,0.0,0.0,0.0,2019-11-23
2,hru02,1.011,0.0,0.0,0.0,0.0,0.0,0.0,0.0,0.0,0.0,2019-11-23
3,hru03,0.998,0.0,0.0,0.0,0.0,0.0,0.0,0.0,0.0,0.0,2019-11-23
4,hru04,1.003,0.0,0.0,0.0,0.0,0.0,0.0,0.0,0.0,0.0,2019-11-23
5,hru05,1.01,0.0,0.0,0.0,0.0,0.0,0.0,0.0,0.0,0.0,2019-11-23
6,hru06,1.01,0.0,0.0,0.0,0.0,0.0,0.0,0.0,0.0,0.0,2019-11-23
7,hru07,1.015,0.0,0.0,0.0,0.0,0.0,0.0,0.0,0.0,0.0,2019-11-23
8,hru08,0.998,0.0,0.0,0.0,0.0,0.0,0.0,0.0,0.0,0.0,2019-11-23
9,hru09,1.011,0.0,0.0,0.0,0.0,0.0,0.0,0.0,0.0,0.0,2019-11-23
10,hru10,1.011,0.0,0.0,0.0,0.0,0.0,0.0,0.0,0.0,0.0,2019-11-23
11,hru11,1.016,0.0,0.0,0.0,0.0,0.0,0.0,0.0,0.0,0.0,2019-11-23
12,hru12,1.014,0.0,0.0,0.0,0.0,0.0,0.0,0.0,0.0,0.0,2019-11-23
13,hru13,1.018,0.0,0.0,0.0,0.0,0.0,0.0,0.0,0.0,0.0,2019-11-23
14,hru14,1.014,0.0,0.0,0.0,0.0,0.0,0.0,0.0,0.0,0.0,2019-11-23
15,hru15,1.023,0.0,0.0,0.0,0.0,0.0,0.0,0.0,0.0,0.0,2019-11-23
16,hru16,1.013,0.0,0.0,0.0,0.0,0.0,0.0,0.0,0.0,0.0,2019-11-23
17,hru17,1.02,0.0,0.0,0.0,0.0,0.0,0.0,0.0,0.0,0.0,2019-11-23
18,hru18,1.022,0.0,0.0,0.0,0.0,0.0,0.0,0.0,0.0,0.0,2019-11-23
19,hru19,1.027,0.0,0.0,0.0,0.0,0.0,0.0,0.0,0.0,0.0,2019-11-23
20,hru20,1.022,0.0,0.0,0.0,0.0,0.0,0.0,0.0,0.0,0.0,2019-11-23
21,hru21,1.023,0.0,0.0,0.0,0.0,0.0,0.0,0.0,0.0,0.0,2019-11-23
22,hru22,1.022,0.0,0.0,0.0,0.0,0.0,0.0,0.0,0.0,0.0,2019-11-23
23,hru23,1.022,0.0,0.0,0.0,0.0,0.0,0.0,0.0,0.0,0.0,2019-11-23
24,hru24,1.022,0.0,0.0,0.0,0.0,0.0,0.0,0.0,0.0,0.0,2019-11-23
25,hru25,1.022,0.0,0.0,0.0,0.0,0.0,0.0,0.0,0.0,0.0,2019-11-23
26,hru26,1.022,0.0,0.0,0.0,0.0,0.0,0.0,0.0,0.0,0.0,2019-11-23
27,hru27,1.015,0.0,0.0,0.0,0.0,0.0,0.0,0.0,0.0,0.0,2019-11-23
28,hru28,1.016,0.0,0.0,0.0,0.0,0.0,0.0,0.0,0.0,0.0,2019-11-23
29,hru29,1.014,0.0,0.0,0.0,0.0,0.0,0.0,0.0,0.0,0.0,2019-11-23
30,hru30,1.013,0.0,0.0,0.0,0.0,0.0,0.0,0.0,0.0,0.0,2019-11-23
31,hru31,1.006,0.0,0.0,0.0,0.0,0.0,0.0,0.0,0.0,0.0,2019-11-23
32,hru32,1.018,0.0,0.0,0.0,0.0,0.0,0.0,0.0,0.0,0.0,2019-11-23
33,hru33,1.012,0.0,0.0,0.0,0.0,0.0,0.0,0.0,0.0,0.0,2019-11-23
34,hru34,1.012,0.0,0.0,0.0,0.0,0.0,0.0,0.0,0.0,0.0,2019-11-23
35,hru35,1.006,0.0,0.0,0.0,0.0,0.0,0.0,0.0,0.0,0.0,2019-11-23
36,hru36,1.012,0.0,0.0,0.0,0.0,0.0,0.0,0.0,0.0,0.0,2019-11-23
1,hru01,1.007,0.0,0.0,0.0,0.0,0.0,0.0,0.0,0.0,0.0,2019-11-24
2,hru02,1.013,0.0,0.0,0.0,0.0,0.0,0.0,0.0,0.0,0.0,2019-11-24
3,hru03,0.999,0.0,0.0,0.0,0.0,0.0,0.0,0.0,0.0,0.0,2019-11-24
4,hru04,1.004,0.0,0.0,0.0,0.0,0.0,0.0,0.0,0.0,0.0,2019-11-24
5,hru05,1.011,0.0,0.0,0.0,0.0,0.0,0.0,0.0,0.0,0.0,2019-11-24
6,hru06,1.011,0.0,0.0,0.0,0.0,0.0,0.0,0.0,0.0,0.0,2019-11-24
7,hru07,1.017,0.0,0.0,0.0,0.0,0.0,0.0,0.0,0.0,0.0,2019-11-24
8,hru08,0.999,0.0,0.0,0.0,0.0,0.0,0.0,0.0,0.0,0.0,2019-11-24
9,hru09,1.012,0.0,0.0,0.0,0.0,0.0,0.0,0.0,0.0,0.0,2019-11-24
10,hru10,1.012,0.0,0.0,0.0,0.0,0.0,0.0,0.0,0.0,0.0,2019-11-24
11,hru11,1.017,0.0,0.0,0.0,0.0,0.0,0.0,0.0,0.0,0.0,2019-11-24
12,hru12,1.016,0.0,0.0,0.0,0.0,0.0,0.0,0.0,0.0,0.0,2019-11-24
13,hru13,1.019,0.0,0.0,0.0,0.0,0.0,0.0,0.0,0.0,0.0,2019-11-24
14,hru14,1.016,0.0,0.0,0.0,0.0,0.0,0.0,0.0,0.0,0.0,2019-11-24
15,hru15,1.024,0.0,0.0,0.0,0.0,0.0,0.0,0.0,0.0,0.0,2019-11-24
16,hru16,1.015,0.0,0.0,0.0,0.0,0.0,0.0,0.0,0.0,0.0,2019-11-24
17,hru17,1.022,0.0,0.0,0.0,0.0,0.0,0.0,0.0,0.0,0.0,2019-11-24
18,hru18,1.023,0.0,0.0,0.0,0.0,0.0,0.0,0.0,0.0,0.0,2019-11-24
19,hru19,1.028,0.0,0.0,0.0,0.0,0.0,0.0,0.0,0.0,0.0,2019-11-24
20,hru20,1.023,0.0,0.0,0.0,0.0,0.0,0.0,0.0,0.0,0.0,2019-11-24
21,hru21,1.024,0.0,0.0,0.0,0.0,0.0,0.0,0.0,0.0,0.0,2019-11-24
22,hru22,1.023,0.0,0.0,0.0,0.0,0.0,0.0,0.0,0.0,0.0,2019-11-24
23,hru23,1.023,0.0,0.0,0.0,0.0,0.0,0.0,0.0,0.0,0.0,2019-11-24
24,hru24,1.023,0.0,0.0,0.0,0.0,0.0,0.0,0.0,0.0,0.0,2019-11-24
25,hru25,1.023,0.0,0.0,0.0,0.0,0.0,0.0,0.0,0.0,0.0,2019-11-24
26,hru26,1.024,0.0,0.0,0.0,0.0,0.0,0.0,0.0,0.0,0.0,2019-11-24
27,hru27,1.016,0.0,0.0,0.0,0.0,0.0,0.0,0.0,0.0,0.0,2019-11-24
28,hru28,1.017,0.0,0.0,0.0,0.0,0.0,0.0,0.0,0.0,0.0,2019-11-24
29,hru29,1.015,0.0,0.0,0.0,0.0,0.0,0.0,0.0,0.0,0.0,2019-11-24
30,hru30,1.014,0.0,0.0,0.0,0.0,0.0,0.0,0.0,0.0,0.0,2019-11-24
31,hru31,1.007,0.0,0.0,0.0,0.0,0.0,0.0,0.0,0.0,0.0,2019-11-24
32,hru32,1.019,0.0,0.0,0.0,0.0,0.0,0.0,0.0,0.0,0.0,2019-11-24
33,hru33,1.013,0.0,0.0,0.0,0.0,0.0,0.0,0.0,0.0,0.0,2019-11-24
34,hru34,1.013,0.0,0.0,0.0,0.0,0.0,0.0,0.0,0.0,0.0,2019-11-24
35,hru35,1.008,0.0,0.0,0.0,0.0,0.0,0.0,0.0,0.0,0.0,2019-11-24
36,hru36,1.013,0.0,0.0,0.0,0.0,0.0,0.0,0.0,0.0,0.0,2019-11-24
1,hru01,1.009,0.0,0.0,0.0,0.0,0.0,0.0,0.0,0.0,0.0,2019-11-25
2,hru02,1.014,0.0,0.0,0.0,0.0,0.0,0.0,0.0,0.0,0.0,2019-11-25
3,hru03,1.0,0.0,0.0,0.0,0.0,0.0,0.0,0.0,0.0,0.0,2019-11-25
4,hru04,1.005,0.0,0.0,0.0,0.0,0.0,0.0,0.0,0.0,0.0,2019-11-25
5,hru05,1.012,0.0,0.0,0.0,0.0,0.0,0.0,0.0,0.0,0.0,2019-11-25
6,hru06,1.012,0.0,0.0,0.0,0.0,0.0,0.0,0.0,0.0,0.0,2019-11-25
7,hru07,1.018,0.0,0.0,0.0,0.0,0.0,0.0,0.0,0.0,0.0,2019-11-25
8,hru08,1.0,0.0,0.0,0.0,0.0,0.0,0.0,0.0,0.0,0.0,2019-11-25
9,hru09,1.014,0.0,0.0,0.0,0.0,0.0,0.0,0.0,0.0,0.0,2019-11-25
10,hru10,1.014,0.0,0.0,0.0,0.0,0.0,0.0,0.0,0.0,0.0,2019-11-25
11,hru11,1.018,0.0,0.0,0.0,0.0,0.0,0.0,0.0,0.0,0.0,2019-11-25
12,hru12,1.017,0.0,0.0,0.0,0.0,0.0,0.0,0.0,0.0,0.0,2019-11-25
13,hru13,1.021,0.0,0.0,0.0,0.0,0.0,0.0,0.0,0.0,0.0,2019-11-25
14,hru14,1.017,0.0,0.0,0.0,0.0,0.0,0.0,0.0,0.0,0.0,2019-11-25
15,hru15,1.025,0.0,0.0,0.0,0.0,0.0,0.0,0.0,0.0,0.0,2019-11-25
16,hru16,1.016,0.0,0.0,0.0,0.0,0.0,0.0,0.0,0.0,0.0,2019-11-25
17,hru17,1.023,0.0,0.0,0.0,0.0,0.0,0.0,0.0,0.0,0.0,2019-11-25
18,hru18,1.025,0.0,0.0,0.0,0.0,0.0,0.0,0.0,0.0,0.0,2019-11-25
19,hru19,1.029,0.0,0.0,0.0,0.0,0.0,0.0,0.0,0.0,0.0,2019-11-25
20,hru20,1.025,0.0,0.0,0.0,0.0,0.0,0.0,0.0,0.0,0.0,2019-11-25
21,hru21,1.025,0.0,0.0,0.0,0.0,0.0,0.0,0.0,0.0,0.0,2019-11-25
22,hru22,1.025,0.0,0.0,0.0,0.0,0.0,0.0,0.0,0.0,0.0,2019-11-25
23,hru23,1.025,0.0,0.0,0.0,0.0,0.0,0.0,0.0,0.0,0.0,2019-11-25
24,hru24,1.025,0.0,0.0,0.0,0.0,0.0,0.0,0.0,0.0,0.0,2019-11-25
25,hru25,1.025,0.0,0.0,0.0,0.0,0.0,0.0,0.0,0.0,0.0,2019-11-25
26,hru26,1.025,0.0,0.0,0.0,0.0,0.0,0.0,0.0,0.0,0.0,2019-11-25
27,hru27,1.017,0.0,0.0,0.0,0.0,0.0,0.0,0.0,0.0,0.0,2019-11-25
28,hru28,1.018,0.0,0.0,0.0,0.0,0.0,0.0,0.0,0.0,0.0,2019-11-25
29,hru29,1.016,0.0,0.0,0.0,0.0,0.0,0.0,0.0,0.0,0.0,2019-11-25
30,hru30,1.015,0.0,0.0,0.0,0.0,0.0,0.0,0.0,0.0,0.0,2019-11-25
31,hru31,1.009,0.0,0.0,0.0,0.0,0.0,0.0,0.0,0.0,0.0,2019-11-25
32,hru32,1.021,0.0,0.0,0.0,0.0,0.0,0.0,0.0,0.0,0.0,2019-11-25
33,hru33,1.015,0.0,0.0,0.0,0.0,0.0,0.0,0.0,0.0,0.0,2019-11-25
34,hru34,1.015,0.0,0.0,0.0,0.0,0.0,0.0,0.0,0.0,0.0,2019-11-25
35,hru35,1.009,0.0,0.0,0.0,0.0,0.0,0.0,0.0,0.0,0.0,2019-11-25
36,hru36,1.015,0.0,0.0,0.0,0.0,0.0,0.0,0.0,0.0,0.0,2019-11-25
1,hru01,1.009,0.0,0.0,0.0,0.0,0.0,0.0,0.0,0.0,0.0,2019-11-26
2,hru02,1.014,0.0,0.0,0.0,0.0,0.0,0.0,0.0,0.0,0.0,2019-11-26
3,hru03,1.001,0.0,0.0,0.0,0.0,0.0,0.0,0.0,0.0,0.0,2019-11-26
4,hru04,1.006,0.0,0.0,0.0,0.0,0.0,0.0,0.0,0.0,0.0,2019-11-26
5,hru05,1.012,0.0,0.0,0.0,0.0,0.0,0.0,0.0,0.0,0.0,2019-11-26
6,hru06,1.012,0.0,0.0,0.0,0.0,0.0,0.0,0.0,0.0,0.0,2019-11-26
7,hru07,1.018,0.0,0.0,0.0,0.0,0.0,0.0,0.0,0.0,0.0,2019-11-26
8,hru08,1.001,0.0,0.0,0.0,0.0,0.0,0.0,0.0,0.0,0.0,2019-11-26
9,hru09,1.014,0.0,0.0,0.0,0.0,0.0,0.0,0.0,0.0,0.0,2019-11-26
10,hru10,1.014,0.0,0.0,0.0,0.0,0.0,0.0,0.0,0.0,0.0,2019-11-26
11,hru11,1.019,0.0,0.0,0.0,0.0,0.0,0.0,0.0,0.0,0.0,2019-11-26
12,hru12,1.017,0.0,0.0,0.0,0.0,0.0,0.0,0.0,0.0,0.0,2019-11-26
13,hru13,1.021,0.0,0.0,0.0,0.0,0.0,0.0,0.0,0.0,0.0,2019-11-26
14,hru14,1.017,0.0,0.0,0.0,0.0,0.0,0.0,0.0,0.0,0.0,2019-11-26
15,hru15,1.026,0.0,0.0,0.0,0.0,0.0,0.0,0.0,0.0,0.0,2019-11-26
16,hru16,1.016,0.0,0.0,0.0,0.0,0.0,0.0,0.0,0.0,0.0,2019-11-26
17,hru17,1.023,0.0,0.0,0.0,0.0,0.0,0.0,0.0,0.0,0.0,2019-11-26
18,hru18,1.025,0.0,0.0,0.0,0.0,0.0,0.0,0.0,0.0,0.0,2019-11-26
19,hru19,1.03,0.0,0.0,0.0,0.0,0.0,0.0,0.0,0.0,0.0,2019-11-26
20,hru20,1.025,0.0,0.0,0.0,0.0,0.0,0.0,0.0,0.0,0.0,2019-11-26
21,hru21,1.026,0.0,0.0,0.0,0.0,0.0,0.0,0.0,0.0,0.0,2019-11-26
22,hru22,1.025,0.0,0.0,0.0,0.0,0.0,0.0,0.0,0.0,0.0,2019-11-26
23,hru23,1.025,0.0,0.0,0.0,0.0,0.0,0.0,0.0,0.0,0.0,2019-11-26
24,hru24,1.025,0.0,0.0,0.0,0.0,0.0,0.0,0.0,0.0,0.0,2019-11-26
25,hru25,1.025,0.0,0.0,0.0,0.0,0.0,0.0,0.0,0.0,0.0,2019-11-26
26,hru26,1.025,0.0,0.0,0.0,0.0,0.0,0.0,0.0,0.0,0.0,2019-11-26
27,hru27,1.018,0.0,0.0,0.0,0.0,0.0,0.0,0.0,0.0,0.0,2019-11-26
28,hru28,1.019,0.0,0.0,0.0,0.0,0.0,0.0,0.0,0.0,0.0,2019-11-26
29,hru29,1.017,0.0,0.0,0.0,0.0,0.0,0.0,0.0,0.0,0.0,2019-11-26
30,hru30,1.016,0.0,0.0,0.0,0.0,0.0,0.0,0.0,0.0,0.0,2019-11-26
31,hru31,1.009,0.0,0.0,0.0,0.0,0.0,0.0,0.0,0.0,0.0,2019-11-26
32,hru32,1.021,0.0,0.0,0.0,0.0,0.0,0.0,0.0,0.0,0.0,2019-11-26
33,hru33,1.015,0.0,0.0,0.0,0.0,0.0,0.0,0.0,0.0,0.0,2019-11-26
34,hru34,1.015,0.0,0.0,0.0,0.0,0.0,0.0,0.0,0.0,0.0,2019-11-26
35,hru35,1.009,0.0,0.0,0.0,0.0,0.0,0.0,0.0,0.0,0.0,2019-11-26
36,hru36,1.015,0.0,0.0,0.0,0.0,0.0,0.0,0.0,0.0,0.0,2019-11-26
1,hru01,1.009,0.0,0.0,0.0,0.0,0.0,0.0,0.0,0.0,0.0,2019-11-27
2,hru02,1.014,0.0,0.0,0.0,0.0,0.0,0.0,0.0,0.0,0.0,2019-11-27
3,hru03,1.001,0.0,0.0,0.0,0.0,0.0,0.0,0.0,0.0,0.0,2019-11-27
4,hru04,1.006,0.0,0.0,0.0,0.0,0.0,0.0,0.0,0.0,0.0,2019-11-27
5,hru05,1.012,0.0,0.0,0.0,0.0,0.0,0.0,0.0,0.0,0.0,2019-11-27
6,hru06,1.012,0.0,0.0,0.0,0.0,0.0,0.0,0.0,0.0,0.0,2019-11-27
7,hru07,1.018,0.0,0.0,0.0,0.0,0.0,0.0,0.0,0.0,0.0,2019-11-27
8,hru08,1.001,0.0,0.0,0.0,0.0,0.0,0.0,0.0,0.0,0.0,2019-11-27
9,hru09,1.014,0.0,0.0,0.0,0.0,0.0,0.0,0.0,0.0,0.0,2019-11-27
10,hru10,1.014,0.0,0.0,0.0,0.0,0.0,0.0,0.0,0.0,0.0,2019-11-27
11,hru11,1.019,0.0,0.0,0.0,0.0,0.0,0.0,0.0,0.0,0.0,2019-11-27
12,hru12,1.017,0.0,0.0,0.0,0.0,0.0,0.0,0.0,0.0,0.0,2019-11-27
13,hru13,1.021,0.0,0.0,0.0,0.0,0.0,0.0,0.0,0.0,0.0,2019-11-27
14,hru14,1.017,0.0,0.0,0.0,0.0,0.0,0.0,0.0,0.0,0.0,2019-11-27
15,hru15,1.026,0.0,0.0,0.0,0.0,0.0,0.0,0.0,0.0,0.0,2019-11-27
16,hru16,1.016,0.0,0.0,0.0,0.0,0.0,0.0,0.0,0.0,0.0,2019-11-27
17,hru17,1.023,0.0,0.0,0.0,0.0,0.0,0.0,0.0,0.0,0.0,2019-11-27
18,hru18,1.025,0.0,0.0,0.0,0.0,0.0,0.0,0.0,0.0,0.0,2019-11-27
19,hru19,1.03,0.0,0.0,0.0,0.0,0.0,0.0,0.0,0.0,0.0,2019-11-27
20,hru20,1.025,0.0,0.0,0.0,0.0,0.0,0.0,0.0,0.0,0.0,2019-11-27
21,hru21,1.026,0.0,0.0,0.0,0.0,0.0,0.0,0.0,0.0,0.0,2019-11-27
22,hru22,1.025,0.0,0.0,0.0,0.0,0.0,0.0,0.0,0.0,0.0,2019-11-27
23,hru23,1.025,0.0,0.0,0.0,0.0,0.0,0.0,0.0,0.0,0.0,2019-11-27
24,hru24,1.025,0.0,0.0,0.0,0.0,0.0,0.0,0.0,0.0,0.0,2019-11-27
25,hru25,1.025,0.0,0.0,0.0,0.0,0.0,0.0,0.0,0.0,0.0,2019-11-27
26,hru26,1.025,0.0,0.0,0.0,0.0,0.0,0.0,0.0,0.0,0.0,2019-11-27
27,hru27,1.018,0.0,0.0,0.0,0.0,0.0,0.0,0.0,0.0,0.0,2019-11-27
28,hru28,1.019,0.0,0.0,0.0,0.0,0.0,0.0,0.0,0.0,0.0,2019-11-27
29,hru29,1.017,0.0,0.0,0.0,0.0,0.0,0.0,0.0,0.0,0.0,2019-11-27
30,hru30,1.016,0.0,0.0,0.0,0.0,0.0,0.0,0.0,0.0,0.0,2019-11-27
31,hru31,1.009,0.0,0.0,0.0,0.0,0.0,0.0,0.0,0.0,0.0,2019-11-27
32,hru32,1.021,0.0,0.0,0.0,0.0,0.0,0.0,0.0,0.0,0.0,2019-11-27
33,hru33,1.015,0.0,0.0,0.0,0.0,0.0,0.0,0.0,0.0,0.0,2019-11-27
34,hru34,1.015,0.0,0.0,0.0,0.0,0.0,0.0,0.0,0.0,0.0,2019-11-27
35,hru35,1.009,0.0,0.0,0.0,0.0,0.0,0.0,0.0,0.0,0.0,2019-11-27
36,hru36,1.015,0.0,0.0,0.0,0.0,0.0,0.0,0.0,0.0,0.0,2019-11-27
1,hru01,1.009,0.0,0.0,0.0,0.0,0.0,0.0,0.0,0.0,0.0,2019-11-28
2,hru02,1.014,0.0,0.0,0.0,0.0,0.0,0.0,0.0,0.0,0.0,2019-11-28
3,hru03,1.001,0.0,0.0,0.0,0.0,0.0,0.0,0.0,0.0,0.0,2019-11-28
4,hru04,1.006,0.0,0.0,0.0,0.0,0.0,0.0,0.0,0.0,0.0,2019-11-28
5,hru05,1.012,0.0,0.0,0.0,0.0,0.0,0.0,0.0,0.0,0.0,2019-11-28
6,hru06,1.012,0.0,0.0,0.0,0.0,0.0,0.0,0.0,0.0,0.0,2019-11-28
7,hru07,1.018,0.0,0.0,0.0,0.0,0.0,0.0,0.0,0.0,0.0,2019-11-28
8,hru08,1.001,0.0,0.0,0.0,0.0,0.0,0.0,0.0,0.0,0.0,2019-11-28
9,hru09,1.014,0.0,0.0,0.0,0.0,0.0,0.0,0.0,0.0,0.0,2019-11-28
10,hru10,1.014,0.0,0.0,0.0,0.0,0.0,0.0,0.0,0.0,0.0,2019-11-28
11,hru11,1.019,0.0,0.0,0.0,0.0,0.0,0.0,0.0,0.0,0.0,2019-11-28
12,hru12,1.017,0.0,0.0,0.0,0.0,0.0,0.0,0.0,0.0,0.0,2019-11-28
13,hru13,1.021,0.0,0.0,0.0,0.0,0.0,0.0,0.0,0.0,0.0,2019-11-28
14,hru14,1.017,0.0,0.0,0.0,0.0,0.0,0.0,0.0,0.0,0.0,2019-11-28
15,hru15,1.026,0.0,0.0,0.0,0.0,0.0,0.0,0.0,0.0,0.0,2019-11-28
16,hru16,1.016,0.0,0.0,0.0,0.0,0.0,0.0,0.0,0.0,0.0,2019-11-28
17,hru17,1.023,0.0,0.0,0.0,0.0,0.0,0.0,0.0,0.0,0.0,2019-11-28
18,hru18,1.025,0.0,0.0,0.0,0.0,0.0,0.0,0.0,0.0,0.0,2019-11-28
19,hru19,1.03,0.0,0.0,0.0,0.0,0.0,0.0,0.0,0.0,0.0,2019-11-28
20,hru20,1.025,0.0,0.0,0.0,0.0,0.0,0.0,0.0,0.0,0.0,2019-11-28
21,hru21,1.026,0.0,0.0,0.0,0.0,0.0,0.0,0.0,0.0,0.0,2019-11-28
22,hru22,1.025,0.0,0.0,0.0,0.0,0.0,0.0,0.0,0.0,0.0,2019-11-28
23,hru23,1.025,0.0,0.0,0.0,0.0,0.0,0.0,0.0,0.0,0.0,2019-11-28
24,hru24,1.025,0.0,0.0,0.0,0.0,0.0,0.0,0.0,0.0,0.0,2019-11-28
25,hru25,1.025,0.0,0.0,0.0,0.0,0.0,0.0,0.0,0.0,0.0,2019-11-28
26,hru26,1.025,0.0,0.0,0.0,0.0,0.0,0.0,0.0,0.0,0.0,2019-11-28
27,hru27,1.018,0.0,0.0,0.0,0.0,0.0,0.0,0.0,0.0,0.0,2019-11-28
28,hru28,1.019,0.0,0.0,0.0,0.0,0.0,0.0,0.0,0.0,0.0,2019-11-28
29,hru29,1.017,0.0,0.0,0.0,0.0,0.0,0.0,0.0,0.0,0.0,2019-11-28
30,hru30,1.016,0.0,0.0,0.0,0.0,0.0,0.0,0.0,0.0,0.0,2019-11-28
31,hru31,1.009,0.0,0.0,0.0,0.0,0.0,0.0,0.0,0.0,0.0,2019-11-28
32,hru32,1.021,0.0,0.0,0.0,0.0,0.0,0.0,0.0,0.0,0.0,2019-11-28
33,hru33,1.015,0.0,0.0,0.0,0.0,0.0,0.0,0.0,0.0,0.0,2019-11-28
34,hru34,1.015,0.0,0.0,0.0,0.0,0.0,0.0,0.0,0.0,0.0,2019-11-28
35,hru35,1.009,0.0,0.0,0.0,0.0,0.0,0.0,0.0,0.0,0.0,2019-11-28
36,hru36,1.015,0.0,0.0,0.0,0.0,0.0,0.0,0.0,0.0,0.0,2019-11-28
1,hru01,1.009,0.0,0.0,0.0,0.0,0.0,0.0,0.0,0.0,0.0,2019-11-29
2,hru02,1.014,0.0,0.0,0.0,0.0,0.0,0.0,0.0,0.0,0.0,2019-11-29
3,hru03,1.001,0.0,0.0,0.0,0.0,0.0,0.0,0.0,0.0,0.0,2019-11-29
4,hru04,1.006,0.0,0.0,0.0,0.0,0.0,0.0,0.0,0.0,0.0,2019-11-29
5,hru05,1.012,0.0,0.0,0.0,0.0,0.0,0.0,0.0,0.0,0.0,2019-11-29
6,hru06,1.012,0.0,0.0,0.0,0.0,0.0,0.0,0.0,0.0,0.0,2019-11-29
7,hru07,1.018,0.0,0.0,0.0,0.0,0.0,0.0,0.0,0.0,0.0,2019-11-29
8,hru08,1.001,0.0,0.0,0.0,0.0,0.0,0.0,0.0,0.0,0.0,2019-11-29
9,hru09,1.014,0.0,0.0,0.0,0.0,0.0,0.0,0.0,0.0,0.0,2019-11-29
10,hru10,1.014,0.0,0.0,0.0,0.0,0.0,0.0,0.0,0.0,0.0,2019-11-29
11,hru11,1.019,0.0,0.0,0.0,0.0,0.0,0.0,0.0,0.0,0.0,2019-11-29
12,hru12,1.017,0.0,0.0,0.0,0.0,0.0,0.0,0.0,0.0,0.0,2019-11-29
13,hru13,1.021,0.0,0.0,0.0,0.0,0.0,0.0,0.0,0.0,0.0,2019-11-29
14,hru14,1.017,0.0,0.0,0.0,0.0,0.0,0.0,0.0,0.0,0.0,2019-11-29
15,hru15,1.026,0.0,0.0,0.0,0.0,0.0,0.0,0.0,0.0,0.0,2019-11-29
16,hru16,1.016,0.0,0.0,0.0,0.0,0.0,0.0,0.0,0.0,0.0,2019-11-29
17,hru17,1.023,0.0,0.0,0.0,0.0,0.0,0.0,0.0,0.0,0.0,2019-11-29
18,hru18,1.025,0.0,0.0,0.0,0.0,0.0,0.0,0.0,0.0,0.0,2019-11-29
19,hru19,1.03,0.0,0.0,0.0,0.0,0.0,0.0,0.0,0.0,0.0,2019-11-29
20,hru20,1.025,0.0,0.0,0.0,0.0,0.0,0.0,0.0,0.0,0.0,2019-11-29
21,hru21,1.026,0.0,0.0,0.0,0.0,0.0,0.0,0.0,0.0,0.0,2019-11-29
22,hru22,1.025,0.0,0.0,0.0,0.0,0.0,0.0,0.0,0.0,0.0,2019-11-29
23,hru23,1.025,0.0,0.0,0.0,0.0,0.0,0.0,0.0,0.0,0.0,2019-11-29
24,hru24,1.025,0.0,0.0,0.0,0.0,0.0,0.0,0.0,0.0,0.0,2019-11-29
25,hru25,1.025,0.0,0.0,0.0,0.0,0.0,0.0,0.0,0.0,0.0,2019-11-29
26,hru26,1.025,0.0,0.0,0.0,0.0,0.0,0.0,0.0,0.0,0.0,2019-11-29
27,hru27,1.018,0.0,0.0,0.0,0.0,0.0,0.0,0.0,0.0,0.0,2019-11-29
28,hru28,1.019,0.0,0.0,0.0,0.0,0.0,0.0,0.0,0.0,0.0,2019-11-29
29,hru29,1.017,0.0,0.0,0.0,0.0,0.0,0.0,0.0,0.0,0.0,2019-11-29
30,hru30,1.016,0.0,0.0,0.0,0.0,0.0,0.0,0.0,0.0,0.0,2019-11-29
31,hru31,1.009,0.0,0.0,0.0,0.0,0.0,0.0,0.0,0.0,0.0,2019-11-29
32,hru32,1.021,0.0,0.0,0.0,0.0,0.0,0.0,0.0,0.0,0.0,2019-11-29
33,hru33,1.015,0.0,0.0,0.0,0.0,0.0,0.0,0.0,0.0,0.0,2019-11-29
34,hru34,1.015,0.0,0.0,0.0,0.0,0.0,0.0,0.0,0.0,0.0,2019-11-29
35,hru35,1.009,0.0,0.0,0.0,0.0,0.0,0.0,0.0,0.0,0.0,2019-11-29
36,hru36,1.015,0.0,0.0,0.0,0.0,0.0,0.0,0.0,0.0,0.0,2019-11-29
1,hru01,1.01,0.0,0.0,0.0,0.0,0.0,0.0,0.0,0.0,0.0,2019-11-30
2,hru02,1.015,0.0,0.0,0.0,0.0,0.0,0.0,0.0,0.0,0.0,2019-11-30
3,hru03,1.001,0.0,0.0,0.0,0.0,0.0,0.0,0.0,0.0,0.0,2019-11-30
4,hru04,1.006,0.0,0.0,0.0,0.0,0.0,0.0,0.0,0.0,0.0,2019-11-30
5,hru05,1.013,0.0,0.0,0.0,0.0,0.0,0.0,0.0,0.0,0.0,2019-11-30
6,hru06,1.013,0.0,0.0,0.0,0.0,0.0,0.0,0.0,0.0,0.0,2019-11-30
7,hru07,1.019,0.0,0.0,0.0,0.0,0.0,0.0,0.0,0.0,0.0,2019-11-30
8,hru08,1.001,0.0,0.0,0.0,0.0,0.0,0.0,0.0,0.0,0.0,2019-11-30
9,hru09,1.015,0.0,0.0,0.0,0.0,0.0,0.0,0.0,0.0,0.0,2019-11-30
10,hru10,1.015,0.0,0.0,0.0,0.0,0.0,0.0,0.0,0.0,0.0,2019-11-30
11,hru11,1.02,0.0,0.0,0.0,0.0,0.0,0.0,0.0,0.0,0.0,2019-11-30
12,hru12,1.018,0.0,0.0,0.0,0.0,0.0,0.0,0.0,0.0,0.0,2019-11-30
13,hru13,1.022,0.0,0.0,0.0,0.0,0.0,0.0,0.0,0.0,0.0,2019-11-30
14,hru14,1.018,0.0,0.0,0.0,0.0,0.0,0.0,0.0,0.0,0.0,2019-11-30
15,hru15,1.026,0.0,0.0,0.0,0.0,0.0,0.0,0.0,0.0,0.0,2019-11-30
16,hru16,1.017,0.0,0.0,0.0,0.0,0.0,0.0,0.0,0.0,0.0,2019-11-30
17,hru17,1.024,0.0,0.0,0.0,0.0,0.0,0.0,0.0,0.0,0.0,2019-11-30
18,hru18,1.026,0.0,0.0,0.0,0.0,0.0,0.0,0.0,0.0,0.0,2019-11-30
19,hru19,1.031,0.0,0.0,0.0,0.0,0.0,0.0,0.0,0.0,0.0,2019-11-30
20,hru20,1.026,0.0,0.0,0.0,0.0,0.0,0.0,0.0,0.0,0.0,2019-11-30
21,hru21,1.026,0.0,0.0,0.0,0.0,0.0,0.0,0.0,0.0,0.0,2019-11-30
22,hru22,1.026,0.0,0.0,0.0,0.0,0.0,0.0,0.0,0.0,0.0,2019-11-30
23,hru23,1.026,0.0,0.0,0.0,0.0,0.0,0.0,0.0,0.0,0.0,2019-11-30
24,hru24,1.026,0.0,0.0,0.0,0.0,0.0,0.0,0.0,0.0,0.0,2019-11-30
25,hru25,1.026,0.0,0.0,0.0,0.0,0.0,0.0,0.0,0.0,0.0,2019-11-30
26,hru26,1.026,0.0,0.0,0.0,0.0,0.0,0.0,0.0,0.0,0.0,2019-11-30
27,hru27,1.018,0.0,0.0,0.0,0.0,0.0,0.0,0.0,0.0,0.0,2019-11-30
28,hru28,1.02,0.0,0.0,0.0,0.0,0.0,0.0,0.0,0.0,0.0,2019-11-30
29,hru29,1.017,0.0,0.0,0.0,0.0,0.0,0.0,0.0,0.0,0.0,2019-11-30
30,hru30,1.016,0.0,0.0,0.0,0.0,0.0,0.0,0.0,0.0,0.0,2019-11-30
31,hru31,1.01,0.0,0.0,0.0,0.0,0.0,0.0,0.0,0.0,0.0,2019-11-30
32,hru32,1.022,0.0,0.0,0.0,0.0,0.0,0.0,0.0,0.0,0.0,2019-11-30
33,hru33,1.016,0.0,0.0,0.0,0.0,0.0,0.0,0.0,0.0,0.0,2019-11-30
34,hru34,1.016,0.0,0.0,0.0,0.0,0.0,0.0,0.0,0.0,0.0,2019-11-30
35,hru35,1.01,0.0,0.0,0.0,0.0,0.0,0.0,0.0,0.0,0.0,2019-11-30
36,hru36,1.016,0.0,0.0,0.0,0.0,0.0,0.0,0.0,0.0,0.0,2019-11-30
1,hru01,1.01,0.0,0.0,0.0,0.0,0.0,0.0,0.0,0.0,0.0,2019-12-01
2,hru02,1.015,0.0,0.0,0.0,0.0,0.0,0.0,0.0,0.0,0.0,2019-12-01
3,hru03,1.001,0.0,0.0,0.0,0.0,0.0,0.0,0.0,0.0,0.0,2019-12-01
4,hru04,1.006,0.0,0.0,0.0,0.0,0.0,0.0,0.0,0.0,0.0,2019-12-01
5,hru05,1.013,0.0,0.0,0.0,0.0,0.0,0.0,0.0,0.0,0.0,2019-12-01
6,hru06,1.013,0.0,0.0,0.0,0.0,0.0,0.0,0.0,0.0,0.0,2019-12-01
7,hru07,1.019,0.0,0.0,0.0,0.0,0.0,0.0,0.0,0.0,0.0,2019-12-01
8,hru08,1.001,0.0,0.0,0.0,0.0,0.0,0.0,0.0,0.0,0.0,2019-12-01
9,hru09,1.015,0.0,0.0,0.0,0.0,0.0,0.0,0.0,0.0,0.0,2019-12-01
10,hru10,1.015,0.0,0.0,0.0,0.0,0.0,0.0,0.0,0.0,0.0,2019-12-01
11,hru11,1.02,0.0,0.0,0.0,0.0,0.0,0.0,0.0,0.0,0.0,2019-12-01
12,hru12,1.018,0.0,0.0,0.0,0.0,0.0,0.0,0.0,0.0,0.0,2019-12-01
13,hru13,1.022,0.0,0.0,0.0,0.0,0.0,0.0,0.0,0.0,0.0,2019-12-01
14,hru14,1.018,0.0,0.0,0.0,0.0,0.0,0.0,0.0,0.0,0.0,2019-12-01
15,hru15,1.026,0.0,0.0,0.0,0.0,0.0,0.0,0.0,0.0,0.0,2019-12-01
16,hru16,1.017,0.0,0.0,0.0,0.0,0.0,0.0,0.0,0.0,0.0,2019-12-01
17,hru17,1.024,0.0,0.0,0.0,0.0,0.0,0.0,0.0,0.0,0.0,2019-12-01
18,hru18,1.026,0.0,0.0,0.0,0.0,0.0,0.0,0.0,0.0,0.0,2019-12-01
19,hru19,1.031,0.0,0.0,0.0,0.0,0.0,0.0,0.0,0.0,0.0,2019-12-01
20,hru20,1.026,0.0,0.0,0.0,0.0,0.0,0.0,0.0,0.0,0.0,2019-12-01
21,hru21,1.026,0.0,0.0,0.0,0.0,0.0,0.0,0.0,0.0,0.0,2019-12-01
22,hru22,1.026,0.0,0.0,0.0,0.0,0.0,0.0,0.0,0.0,0.0,2019-12-01
23,hru23,1.026,0.0,0.0,0.0,0.0,0.0,0.0,0.0,0.0,0.0,2019-12-01
24,hru24,1.026,0.0,0.0,0.0,0.0,0.0,0.0,0.0,0.0,0.0,2019-12-01
25,hru25,1.026,0.0,0.0,0.0,0.0,0.0,0.0,0.0,0.0,0.0,2019-12-01
26,hru26,1.026,0.0,0.0,0.0,0.0,0.0,0.0,0.0,0.0,0.0,2019-12-01
27,hru27,1.018,0.0,0.0,0.0,0.0,0.0,0.0,0.0,0.0,0.0,2019-12-01
28,hru28,1.02,0.0,0.0,0.0,0.0,0.0,0.0,0.0,0.0,0.0,2019-12-01
29,hru29,1.017,0.0,0.0,0.0,0.0,0.0,0.0,0.0,0.0,0.0,2019-12-01
30,hru30,1.016,0.0,0.0,0.0,0.0,0.0,0.0,0.0,0.0,0.0,2019-12-01
31,hru31,1.01,0.0,0.0,0.0,0.0,0.0,0.0,0.0,0.0,0.0,2019-12-01
32,hru32,1.022,0.0,0.0,0.0,0.0,0.0,0.0,0.0,0.0,0.0,2019-12-01
33,hru33,1.016,0.0,0.0,0.0,0.0,0.0,0.0,0.0,0.0,0.0,2019-12-01
34,hru34,1.016,0.0,0.0,0.0,0.0,0.0,0.0,0.0,0.0,0.0,2019-12-01
35,hru35,1.01,0.0,0.0,0.0,0.0,0.0,0.0,0.0,0.0,0.0,2019-12-01
36,hru36,1.016,0.0,0.0,0.0,0.0,0.0,0.0,0.0,0.0,0.0,2019-12-01
1,hru01,1.01,0.0,0.0,0.0,0.0,0.0,0.0,0.0,0.0,0.0,2019-12-02
2,hru02,1.015,0.0,0.0,0.0,0.0,0.0,0.0,0.0,0.0,0.0,2019-12-02
3,hru03,1.001,0.0,0.0,0.0,0.0,0.0,0.0,0.0,0.0,0.0,2019-12-02
4,hru04,1.006,0.0,0.0,0.0,0.0,0.0,0.0,0.0,0.0,0.0,2019-12-02
5,hru05,1.013,0.0,0.0,0.0,0.0,0.0,0.0,0.0,0.0,0.0,2019-12-02
6,hru06,1.013,0.0,0.0,0.0,0.0,0.0,0.0,0.0,0.0,0.0,2019-12-02
7,hru07,1.019,0.0,0.0,0.0,0.0,0.0,0.0,0.0,0.0,0.0,2019-12-02
8,hru08,1.001,0.0,0.0,0.0,0.0,0.0,0.0,0.0,0.0,0.0,2019-12-02
9,hru09,1.015,0.0,0.0,0.0,0.0,0.0,0.0,0.0,0.0,0.0,2019-12-02
10,hru10,1.015,0.0,0.0,0.0,0.0,0.0,0.0,0.0,0.0,0.0,2019-12-02
11,hru11,1.02,0.0,0.0,0.0,0.0,0.0,0.0,0.0,0.0,0.0,2019-12-02
12,hru12,1.018,0.0,0.0,0.0,0.0,0.0,0.0,0.0,0.0,0.0,2019-12-02
13,hru13,1.022,0.0,0.0,0.0,0.0,0.0,0.0,0.0,0.0,0.0,2019-12-02
14,hru14,1.018,0.0,0.0,0.0,0.0,0.0,0.0,0.0,0.0,0.0,2019-12-02
15,hru15,1.026,0.0,0.0,0.0,0.0,0.0,0.0,0.0,0.0,0.0,2019-12-02
16,hru16,1.017,0.0,0.0,0.0,0.0,0.0,0.0,0.0,0.0,0.0,2019-12-02
17,hru17,1.024,0.0,0.0,0.0,0.0,0.0,0.0,0.0,0.0,0.0,2019-12-02
18,hru18,1.026,0.0,0.0,0.0,0.0,0.0,0.0,0.0,0.0,0.0,2019-12-02
19,hru19,1.031,0.0,0.0,0.0,0.0,0.0,0.0,0.0,0.0,0.0,2019-12-02
20,hru20,1.026,0.0,0.0,0.0,0.0,0.0,0.0,0.0,0.0,0.0,2019-12-02
21,hru21,1.026,0.0,0.0,0.0,0.0,0.0,0.0,0.0,0.0,0.0,2019-12-02
22,hru22,1.026,0.0,0.0,0.0,0.0,0.0,0.0,0.0,0.0,0.0,2019-12-02
23,hru23,1.026,0.0,0.0,0.0,0.0,0.0,0.0,0.0,0.0,0.0,2019-12-02
24,hru24,1.026,0.0,0.0,0.0,0.0,0.0,0.0,0.0,0.0,0.0,2019-12-02
25,hru25,1.026,0.0,0.0,0.0,0.0,0.0,0.0,0.0,0.0,0.0,2019-12-02
26,hru26,1.026,0.0,0.0,0.0,0.0,0.0,0.0,0.0,0.0,0.0,2019-12-02
27,hru27,1.018,0.0,0.0,0.0,0.0,0.0,0.0,0.0,0.0,0.0,2019-12-02
28,hru28,1.02,0.0,0.0,0.0,0.0,0.0,0.0,0.0,0.0,0.0,2019-12-02
29,hru29,1.017,0.0,0.0,0.0,0.0,0.0,0.0,0.0,0.0,0.0,2019-12-02
30,hru30,1.016,0.0,0.0,0.0,0.0,0.0,0.0,0.0,0.0,0.0,2019-12-02
31,hru31,1.01,0.0,0.0,0.0,0.0,0.0,0.0,0.0,0.0,0.0,2019-12-02
32,hru32,1.022,0.0,0.0,0.0,0.0,0.0,0.0,0.0,0.0,0.0,2019-12-02
33,hru33,1.016,0.0,0.0,0.0,0.0,0.0,0.0,0.0,0.0,0.0,2019-12-02
34,hru34,1.016,0.0,0.0,0.0,0.0,0.0,0.0,0.0,0.0,0.0,2019-12-02
35,hru35,1.01,0.0,0.0,0.0,0.0,0.0,0.0,0.0,0.0,0.0,2019-12-02
36,hru36,1.016,0.0,0.0,0.0,0.0,0.0,0.0,0.0,0.0,0.0,2019-12-02
1,hru01,1.01,0.0,0.0,0.0,0.0,0.0,0.0,0.0,0.0,0.0,2019-12-03
2,hru02,1.015,0.0,0.0,0.0,0.0,0.0,0.0,0.0,0.0,0.0,2019-12-03
3,hru03,1.001,0.0,0.0,0.0,0.0,0.0,0.0,0.0,0.0,0.0,2019-12-03
4,hru04,1.006,0.0,0.0,0.0,0.0,0.0,0.0,0.0,0.0,0.0,2019-12-03
5,hru05,1.013,0.0,0.0,0.0,0.0,0.0,0.0,0.0,0.0,0.0,2019-12-03
6,hru06,1.013,0.0,0.0,0.0,0.0,0.0,0.0,0.0,0.0,0.0,2019-12-03
7,hru07,1.02,0.0,0.0,0.0,0.0,0.0,0.0,0.0,0.0,0.0,2019-12-03
8,hru08,1.001,0.0,0.0,0.0,0.0,0.0,0.0,0.0,0.0,0.0,2019-12-03
9,hru09,1.015,0.0,0.0,0.0,0.0,0.0,0.0,0.0,0.0,0.0,2019-12-03
10,hru10,1.015,0.0,0.0,0.0,0.0,0.0,0.0,0.0,0.0,0.0,2019-12-03
11,hru11,1.02,0.0,0.0,0.0,0.0,0.0,0.0,0.0,0.0,0.0,2019-12-03
12,hru12,1.018,0.0,0.0,0.0,0.0,0.0,0.0,0.0,0.0,0.0,2019-12-03
13,hru13,1.022,0.0,0.0,0.0,0.0,0.0,0.0,0.0,0.0,0.0,2019-12-03
14,hru14,1.018,0.0,0.0,0.0,0.0,0.0,0.0,0.0,0.0,0.0,2019-12-03
15,hru15,1.027,0.0,0.0,0.0,0.0,0.0,0.0,0.0,0.0,0.0,2019-12-03
16,hru16,1.017,0.0,0.0,0.0,0.0,0.0,0.0,0.0,0.0,0.0,2019-12-03
17,hru17,1.024,0.0,0.0,0.0,0.0,0.0,0.0,0.0,0.0,0.0,2019-12-03
18,hru18,1.026,0.0,0.0,0.0,0.0,0.0,0.0,0.0,0.0,0.0,2019-12-03
19,hru19,1.031,0.0,0.0,0.0,0.0,0.0,0.0,0.0,0.0,0.0,2019-12-03
20,hru20,1.027,0.0,0.0,0.0,0.0,0.0,0.0,0.0,0.0,0.0,2019-12-03
21,hru21,1.027,0.0,0.0,0.0,0.0,0.0,0.0,0.0,0.0,0.0,2019-12-03
22,hru22,1.026,0.0,0.0,0.0,0.0,0.0,0.0,0.0,0.0,0.0,2019-12-03
23,hru23,1.026,0.0,0.0,0.0,0.0,0.0,0.0,0.0,0.0,0.0,2019-12-03
24,hru24,1.027,0.0,0.0,0.0,0.0,0.0,0.0,0.0,0.0,0.0,2019-12-03
25,hru25,1.027,0.0,0.0,0.0,0.0,0.0,0.0,0.0,0.0,0.0,2019-12-03
26,hru26,1.027,0.0,0.0,0.0,0.0,0.0,0.0,0.0,0.0,0.0,2019-12-03
27,hru27,1.019,0.0,0.0,0.0,0.0,0.0,0.0,0.0,0.0,0.0,2019-12-03
28,hru28,1.02,0.0,0.0,0.0,0.0,0.0,0.0,0.0,0.0,0.0,2019-12-03
29,hru29,1.018,0.0,0.0,0.0,0.0,0.0,0.0,0.0,0.0,0.0,2019-12-03
30,hru30,1.017,0.0,0.0,0.0,0.0,0.0,0.0,0.0,0.0,0.0,2019-12-03
31,hru31,1.01,0.0,0.0,0.0,0.0,0.0,0.0,0.0,0.0,0.0,2019-12-03
32,hru32,1.022,0.0,0.0,0.0,0.0,0.0,0.0,0.0,0.0,0.0,2019-12-03
33,hru33,1.016,0.0,0.0,0.0,0.0,0.0,0.0,0.0,0.0,0.0,2019-12-03
34,hru34,1.016,0.0,0.0,0.0,0.0,0.0,0.0,0.0,0.0,0.0,2019-12-03
35,hru35,1.01,0.0,0.0,0.0,0.0,0.0,0.0,0.0,0.0,0.0,2019-12-03
36,hru36,1.016,0.0,0.0,0.0,0.0,0.0,0.0,0.0,0.0,0.0,2019-12-03
1,hru01,1.01,0.0,0.0,0.0,0.0,0.0,0.0,0.0,0.0,0.0,2019-12-04
2,hru02,1.016,0.0,0.0,0.0,0.0,0.0,0.0,0.0,0.0,0.0,2019-12-04
3,hru03,1.002,0.0,0.0,0.0,0.0,0.0,0.0,0.0,0.0,0.0,2019-12-04
4,hru04,1.007,0.0,0.0,0.0,0.0,0.0,0.0,0.0,0.0,0.0,2019-12-04
5,hru05,1.014,0.0,0.0,0.0,0.0,0.0,0.0,0.0,0.0,0.0,2019-12-04
6,hru06,1.014,0.0,0.0,0.0,0.0,0.0,0.0,0.0,0.0,0.0,2019-12-04
7,hru07,1.02,0.0,0.0,0.0,0.0,0.0,0.0,0.0,0.0,0.0,2019-12-04
8,hru08,1.002,0.0,0.0,0.0,0.0,0.0,0.0,0.0,0.0,0.0,2019-12-04
9,hru09,1.016,0.0,0.0,0.0,0.0,0.0,0.0,0.0,0.0,0.0,2019-12-04
10,hru10,1.016,0.0,0.0,0.0,0.0,0.0,0.0,0.0,0.0,0.0,2019-12-04
11,hru11,1.021,0.0,0.0,0.0,0.0,0.0,0.0,0.0,0.0,0.0,2019-12-04
12,hru12,1.019,0.0,0.0,0.0,0.0,0.0,0.0,0.0,0.0,0.0,2019-12-04
13,hru13,1.023,0.0,0.0,0.0,0.0,0.0,0.0,0.0,0.0,0.0,2019-12-04
14,hru14,1.019,0.0,0.0,0.0,0.0,0.0,0.0,0.0,0.0,0.0,2019-12-04
15,hru15,1.028,0.0,0.0,0.0,0.0,0.0,0.0,0.0,0.0,0.0,2019-12-04
16,hru16,1.018,0.0,0.0,0.0,0.0,0.0,0.0,0.0,0.0,0.0,2019-12-04
17,hru17,1.025,0.0,0.0,0.0,0.0,0.0,0.0,0.0,0.0,0.0,2019-12-04
18,hru18,1.027,0.0,0.0,0.0,0.0,0.0,0.0,0.0,0.0,0.0,2019-12-04
19,hru19,1.032,0.0,0.0,0.0,0.0,0.0,0.0,0.0,0.0,0.0,2019-12-04
20,hru20,1.027,0.0,0.0,0.0,0.0,0.0,0.0,0.0,0.0,0.0,2019-12-04
21,hru21,1.028,0.0,0.0,0.0,0.0,0.0,0.0,0.0,0.0,0.0,2019-12-04
22,hru22,1.027,0.0,0.0,0.0,0.0,0.0,0.0,0.0,0.0,0.0,2019-12-04
23,hru23,1.027,0.0,0.0,0.0,0.0,0.0,0.0,0.0,0.0,0.0,2019-12-04
24,hru24,1.027,0.0,0.0,0.0,0.0,0.0,0.0,0.0,0.0,0.0,2019-12-04
25,hru25,1.027,0.0,0.0,0.0,0.0,0.0,0.0,0.0,0.0,0.0,2019-12-04
26,hru26,1.027,0.0,0.0,0.0,0.0,0.0,0.0,0.0,0.0,0.0,2019-12-04
27,hru27,1.019,0.0,0.0,0.0,0.0,0.0,0.0,0.0,0.0,0.0,2019-12-04
28,hru28,1.021,0.0,0.0,0.0,0.0,0.0,0.0,0.0,0.0,0.0,2019-12-04
29,hru29,1.018,0.0,0.0,0.0,0.0,0.0,0.0,0.0,0.0,0.0,2019-12-04
30,hru30,1.017,0.0,0.0,0.0,0.0,0.0,0.0,0.0,0.0,0.0,2019-12-04
31,hru31,1.01,0.0,0.0,0.0,0.0,0.0,0.0,0.0,0.0,0.0,2019-12-04
32,hru32,1.023,0.0,0.0,0.0,0.0,0.0,0.0,0.0,0.0,0.0,2019-12-04
33,hru33,1.017,0.0,0.0,0.0,0.0,0.0,0.0,0.0,0.0,0.0,2019-12-04
34,hru34,1.017,0.0,0.0,0.0,0.0,0.0,0.0,0.0,0.0,0.0,2019-12-04
35,hru35,1.01,0.0,0.0,0.0,0.0,0.0,0.0,0.0,0.0,0.0,2019-12-04
36,hru36,1.017,0.0,0.0,0.0,0.0,0.0,0.0,0.0,0.0,0.0,2019-12-04
1,hru01,1.011,0.0,0.0,0.0,0.0,0.0,0.0,0.0,0.0,0.0,2019-12-05
2,hru02,1.017,0.0,0.0,0.0,0.0,0.0,0.0,0.0,0.0,0.0,2019-12-05
3,hru03,1.003,0.0,0.0,0.0,0.0,0.0,0.0,0.0,0.0,0.0,2019-12-05
4,hru04,1.008,0.0,0.0,0.0,0.0,0.0,0.0,0.0,0.0,0.0,2019-12-05
5,hru05,1.015,0.0,0.0,0.0,0.0,0.0,0.0,0.0,0.0,0.0,2019-12-05
6,hru06,1.015,0.0,0.0,0.0,0.0,0.0,0.0,0.0,0.0,0.0,2019-12-05
7,hru07,1.021,0.0,0.0,0.0,0.0,0.0,0.0,0.0,0.0,0.0,2019-12-05
8,hru08,1.003,0.0,0.0,0.0,0.0,0.0,0.0,0.0,0.0,0.0,2019-12-05
9,hru09,1.016,0.0,0.0,0.0,0.0,0.0,0.0,0.0,0.0,0.0,2019-12-05
10,hru10,1.016,0.0,0.0,0.0,0.0,0.0,0.0,0.0,0.0,0.0,2019-12-05
11,hru11,1.022,0.0,0.0,0.0,0.0,0.0,0.0,0.0,0.0,0.0,2019-12-05
12,hru12,1.02,0.0,0.0,0.0,0.0,0.0,0.0,0.0,0.0,0.0,2019-12-05
13,hru13,1.024,0.0,0.0,0.0,0.0,0.0,0.0,0.0,0.0,0.0,2019-12-05
14,hru14,1.02,0.0,0.0,0.0,0.0,0.0,0.0,0.0,0.0,0.0,2019-12-05
15,hru15,1.029,0.0,0.0,0.0,0.0,0.0,0.0,0.0,0.0,0.0,2019-12-05
16,hru16,1.019,0.0,0.0,0.0,0.0,0.0,0.0,0.0,0.0,0.0,2019-12-05
17,hru17,1.026,0.0,0.0,0.0,0.0,0.0,0.0,0.0,0.0,0.0,2019-12-05
18,hru18,1.028,0.0,0.0,0.0,0.0,0.0,0.0,0.0,0.0,0.0,2019-12-05
19,hru19,1.033,0.0,0.0,0.0,0.0,0.0,0.0,0.0,0.0,0.0,2019-12-05
20,hru20,1.028,0.0,0.0,0.0,0.0,0.0,0.0,0.0,0.0,0.0,2019-12-05
21,hru21,1.029,0.0,0.0,0.0,0.0,0.0,0.0,0.0,0.0,0.0,2019-12-05
22,hru22,1.028,0.0,0.0,0.0,0.0,0.0,0.0,0.0,0.0,0.0,2019-12-05
23,hru23,1.028,0.0,0.0,0.0,0.0,0.0,0.0,0.0,0.0,0.0,2019-12-05
24,hru24,1.028,0.0,0.0,0.0,0.0,0.0,0.0,0.0,0.0,0.0,2019-12-05
25,hru25,1.028,0.0,0.0,0.0,0.0,0.0,0.0,0.0,0.0,0.0,2019-12-05
26,hru26,1.028,0.0,0.0,0.0,0.0,0.0,0.0,0.0,0.0,0.0,2019-12-05
27,hru27,1.02,0.0,0.0,0.0,0.0,0.0,0.0,0.0,0.0,0.0,2019-12-05
28,hru28,1.022,0.0,0.0,0.0,0.0,0.0,0.0,0.0,0.0,0.0,2019-12-05
29,hru29,1.019,0.0,0.0,0.0,0.0,0.0,0.0,0.0,0.0,0.0,2019-12-05
30,hru30,1.018,0.0,0.0,0.0,0.0,0.0,0.0,0.0,0.0,0.0,2019-12-05
31,hru31,1.011,0.0,0.0,0.0,0.0,0.0,0.0,0.0,0.0,0.0,2019-12-05
32,hru32,1.024,0.0,0.0,0.0,0.0,0.0,0.0,0.0,0.0,0.0,2019-12-05
33,hru33,1.018,0.0,0.0,0.0,0.0,0.0,0.0,0.0,0.0,0.0,2019-12-05
34,hru34,1.018,0.0,0.0,0.0,0.0,0.0,0.0,0.0,0.0,0.0,2019-12-05
35,hru35,1.011,0.0,0.0,0.0,0.0,0.0,0.0,0.0,0.0,0.0,2019-12-05
36,hru36,1.018,0.0,0.0,0.0,0.0,0.0,0.0,0.0,0.0,0.0,2019-12-05
1,hru01,1.011,0.0,0.0,0.0,0.0,0.0,0.0,0.0,0.0,0.0,2019-12-06
2,hru02,1.017,0.0,0.0,0.0,0.0,0.0,0.0,0.0,0.0,0.0,2019-12-06
3,hru03,1.003,0.0,0.0,0.0,0.0,0.0,0.0,0.0,0.0,0.0,2019-12-06
4,hru04,1.008,0.0,0.0,0.0,0.0,0.0,0.0,0.0,0.0,0.0,2019-12-06
5,hru05,1.015,0.0,0.0,0.0,0.0,0.0,0.0,0.0,0.0,0.0,2019-12-06
6,hru06,1.015,0.0,0.0,0.0,0.0,0.0,0.0,0.0,0.0,0.0,2019-12-06
7,hru07,1.021,0.0,0.0,0.0,0.0,0.0,0.0,0.0,0.0,0.0,2019-12-06
8,hru08,1.003,0.0,0.0,0.0,0.0,0.0,0.0,0.0,0.0,0.0,2019-12-06
9,hru09,1.016,0.0,0.0,0.0,0.0,0.0,0.0,0.0,0.0,0.0,2019-12-06
10,hru10,1.016,0.0,0.0,0.0,0.0,0.0,0.0,0.0,0.0,0.0,2019-12-06
11,hru11,1.022,0.0,0.0,0.0,0.0,0.0,0.0,0.0,0.0,0.0,2019-12-06
12,hru12,1.02,0.0,0.0,0.0,0.0,0.0,0.0,0.0,0.0,0.0,2019-12-06
13,hru13,1.024,0.0,0.0,0.0,0.0,0.0,0.0,0.0,0.0,0.0,2019-12-06
14,hru14,1.02,0.0,0.0,0.0,0.0,0.0,0.0,0.0,0.0,0.0,2019-12-06
15,hru15,1.029,0.0,0.0,0.0,0.0,0.0,0.0,0.0,0.0,0.0,2019-12-06
16,hru16,1.019,0.0,0.0,0.0,0.0,0.0,0.0,0.0,0.0,0.0,2019-12-06
17,hru17,1.026,0.0,0.0,0.0,0.0,0.0,0.0,0.0,0.0,0.0,2019-12-06
18,hru18,1.028,0.0,0.0,0.0,0.0,0.0,0.0,0.0,0.0,0.0,2019-12-06
19,hru19,1.033,0.0,0.0,0.0,0.0,0.0,0.0,0.0,0.0,0.0,2019-12-06
20,hru20,1.028,0.0,0.0,0.0,0.0,0.0,0.0,0.0,0.0,0.0,2019-12-06
21,hru21,1.029,0.0,0.0,0.0,0.0,0.0,0.0,0.0,0.0,0.0,2019-12-06
22,hru22,1.028,0.0,0.0,0.0,0.0,0.0,0.0,0.0,0.0,0.0,2019-12-06
23,hru23,1.028,0.0,0.0,0.0,0.0,0.0,0.0,0.0,0.0,0.0,2019-12-06
24,hru24,1.028,0.0,0.0,0.0,0.0,0.0,0.0,0.0,0.0,0.0,2019-12-06
25,hru25,1.028,0.0,0.0,0.0,0.0,0.0,0.0,0.0,0.0,0.0,2019-12-06
26,hru26,1.028,0.0,0.0,0.0,0.0,0.0,0.0,0.0,0.0,0.0,2019-12-06
27,hru27,1.02,0.0,0.0,0.0,0.0,0.0,0.0,0.0,0.0,0.0,2019-12-06
28,hru28,1.022,0.0,0.0,0.0,0.0,0.0,0.0,0.0,0.0,0.0,2019-12-06
29,hru29,1.019,0.0,0.0,0.0,0.0,0.0,0.0,0.0,0.0,0.0,2019-12-06
30,hru30,1.018,0.0,0.0,0.0,0.0,0.0,0.0,0.0,0.0,0.0,2019-12-06
31,hru31,1.011,0.0,0.0,0.0,0.0,0.0,0.0,0.0,0.0,0.0,2019-12-06
32,hru32,1.024,0.0,0.0,0.0,0.0,0.0,0.0,0.0,0.0,0.0,2019-12-06
33,hru33,1.018,0.0,0.0,0.0,0.0,0.0,0.0,0.0,0.0,0.0,2019-12-06
34,hru34,1.018,0.0,0.0,0.0,0.0,0.0,0.0,0.0,0.0,0.0,2019-12-06
35,hru35,1.011,0.0,0.0,0.0,0.0,0.0,0.0,0.0,0.0,0.0,2019-12-06
36,hru36,1.018,0.0,0.0,0.0,0.0,0.0,0.0,0.0,0.0,0.0,2019-12-06
1,hru01,1.011,0.0,0.0,0.0,0.0,0.0,0.0,0.0,0.0,0.0,2019-12-07
2,hru02,1.017,0.0,0.0,0.0,0.0,0.0,0.0,0.0,0.0,0.0,2019-12-07
3,hru03,1.003,0.0,0.0,0.0,0.0,0.0,0.0,0.0,0.0,0.0,2019-12-07
4,hru04,1.008,0.0,0.0,0.0,0.0,0.0,0.0,0.0,0.0,0.0,2019-12-07
5,hru05,1.015,0.0,0.0,0.0,0.0,0.0,0.0,0.0,0.0,0.0,2019-12-07
6,hru06,1.015,0.0,0.0,0.0,0.0,0.0,0.0,0.0,0.0,0.0,2019-12-07
7,hru07,1.022,0.0,0.0,0.0,0.0,0.0,0.0,0.0,0.0,0.0,2019-12-07
8,hru08,1.003,0.0,0.0,0.0,0.0,0.0,0.0,0.0,0.0,0.0,2019-12-07
9,hru09,1.017,0.0,0.0,0.0,0.0,0.0,0.0,0.0,0.0,0.0,2019-12-07
10,hru10,1.017,0.0,0.0,0.0,0.0,0.0,0.0,0.0,0.0,0.0,2019-12-07
11,hru11,1.022,0.0,0.0,0.0,0.0,0.0,0.0,0.0,0.0,0.0,2019-12-07
12,hru12,1.02,0.0,0.0,0.0,0.0,0.0,0.0,0.0,0.0,0.0,2019-12-07
13,hru13,1.025,0.0,0.0,0.0,0.0,0.0,0.0,0.0,0.0,0.0,2019-12-07
14,hru14,1.02,0.0,0.0,0.0,0.0,0.0,0.0,0.0,0.0,0.0,2019-12-07
15,hru15,1.029,0.0,0.0,0.0,0.0,0.0,0.0,0.0,0.0,0.0,2019-12-07
16,hru16,1.019,0.0,0.0,0.0,0.0,0.0,0.0,0.0,0.0,0.0,2019-12-07
17,hru17,1.027,0.0,0.0,0.0,0.0,0.0,0.0,0.0,0.0,0.0,2019-12-07
18,hru18,1.029,0.0,0.0,0.0,0.0,0.0,0.0,0.0,0.0,0.0,2019-12-07
19,hru19,1.033,0.0,0.0,0.0,0.0,0.0,0.0,0.0,0.0,0.0,2019-12-07
20,hru20,1.029,0.0,0.0,0.0,0.0,0.0,0.0,0.0,0.0,0.0,2019-12-07
21,hru21,1.029,0.0,0.0,0.0,0.0,0.0,0.0,0.0,0.0,0.0,2019-12-07
22,hru22,1.029,0.0,0.0,0.0,0.0,0.0,0.0,0.0,0.0,0.0,2019-12-07
23,hru23,1.029,0.0,0.0,0.0,0.0,0.0,0.0,0.0,0.0,0.0,2019-12-07
24,hru24,1.029,0.0,0.0,0.0,0.0,0.0,0.0,0.0,0.0,0.0,2019-12-07
25,hru25,1.029,0.0,0.0,0.0,0.0,0.0,0.0,0.0,0.0,0.0,2019-12-07
26,hru26,1.029,0.0,0.0,0.0,0.0,0.0,0.0,0.0,0.0,0.0,2019-12-07
27,hru27,1.021,0.0,0.0,0.0,0.0,0.0,0.0,0.0,0.0,0.0,2019-12-07
28,hru28,1.022,0.0,0.0,0.0,0.0,0.0,0.0,0.0,0.0,0.0,2019-12-07
29,hru29,1.02,0.0,0.0,0.0,0.0,0.0,0.0,0.0,0.0,0.0,2019-12-07
30,hru30,1.019,0.0,0.0,0.0,0.0,0.0,0.0,0.0,0.0,0.0,2019-12-07
31,hru31,1.011,0.0,0.0,0.0,0.0,0.0,0.0,0.0,0.0,0.0,2019-12-07
32,hru32,1.025,0.0,0.0,0.0,0.0,0.0,0.0,0.0,0.0,0.0,2019-12-07
33,hru33,1.018,0.0,0.0,0.0,0.0,0.0,0.0,0.0,0.0,0.0,2019-12-07
34,hru34,1.018,0.0,0.0,0.0,0.0,0.0,0.0,0.0,0.0,0.0,2019-12-07
35,hru35,1.012,0.0,0.0,0.0,0.0,0.0,0.0,0.0,0.0,0.0,2019-12-07
36,hru36,1.018,0.0,0.0,0.0,0.0,0.0,0.0,0.0,0.0,0.0,2019-12-07
1,hru01,1.012,0.0,0.0,0.0,0.0,0.0,0.0,0.0,0.0,0.0,2019-12-08
2,hru02,1.018,0.0,0.0,0.0,0.0,0.0,0.0,0.0,0.0,0.0,2019-12-08
3,hru03,1.004,0.0,0.0,0.0,0.0,0.0,0.0,0.0,0.0,0.0,2019-12-08
4,hru04,1.009,0.0,0.0,0.0,0.0,0.0,0.0,0.0,0.0,0.0,2019-12-08
5,hru05,1.016,0.0,0.0,0.0,0.0,0.0,0.0,0.0,0.0,0.0,2019-12-08
6,hru06,1.016,0.0,0.0,0.0,0.0,0.0,0.0,0.0,0.0,0.0,2019-12-08
7,hru07,1.023,0.0,0.0,0.0,0.0,0.0,0.0,0.0,0.0,0.0,2019-12-08
8,hru08,1.004,0.0,0.0,0.0,0.0,0.0,0.0,0.0,0.0,0.0,2019-12-08
9,hru09,1.018,0.0,0.0,0.0,0.0,0.0,0.0,0.0,0.0,0.0,2019-12-08
10,hru10,1.018,0.0,0.0,0.0,0.0,0.0,0.0,0.0,0.0,0.0,2019-12-08
11,hru11,1.023,0.0,0.0,0.0,0.0,0.0,0.0,0.0,0.0,0.0,2019-12-08
12,hru12,1.021,0.0,0.0,0.0,0.0,0.0,0.0,0.0,0.0,0.0,2019-12-08
13,hru13,1.026,0.0,0.0,0.0,0.0,0.0,0.0,0.0,0.0,0.0,2019-12-08
14,hru14,1.021,0.0,0.0,0.0,0.0,0.0,0.0,0.0,0.0,0.0,2019-12-08
15,hru15,1.03,0.0,0.0,0.0,0.0,0.0,0.0,0.0,0.0,0.0,2019-12-08
16,hru16,1.02,0.0,0.0,0.0,0.0,0.0,0.0,0.0,0.0,0.0,2019-12-08
17,hru17,1.027,0.0,0.0,0.0,0.0,0.0,0.0,0.0,0.0,0.0,2019-12-08
18,hru18,1.03,0.0,0.0,0.0,0.0,0.0,0.0,0.0,0.0,0.0,2019-12-08
19,hru19,1.034,0.0,0.0,0.0,0.0,0.0,0.0,0.0,0.0,0.0,2019-12-08
20,hru20,1.03,0.0,0.0,0.0,0.0,0.0,0.0,0.0,0.0,0.0,2019-12-08
21,hru21,1.03,0.0,0.0,0.0,0.0,0.0,0.0,0.0,0.0,0.0,2019-12-08
22,hru22,1.03,0.0,0.0,0.0,0.0,0.0,0.0,0.0,0.0,0.0,2019-12-08
23,hru23,1.03,0.0,0.0,0.0,0.0,0.0,0.0,0.0,0.0,0.0,2019-12-08
24,hru24,1.03,0.0,0.0,0.0,0.0,0.0,0.0,0.0,0.0,0.0,2019-12-08
25,hru25,1.03,0.0,0.0,0.0,0.0,0.0,0.0,0.0,0.0,0.0,2019-12-08
26,hru26,1.03,0.0,0.0,0.0,0.0,0.0,0.0,0.0,0.0,0.0,2019-12-08
27,hru27,1.022,0.0,0.0,0.0,0.0,0.0,0.0,0.0,0.0,0.0,2019-12-08
28,hru28,1.023,0.0,0.0,0.0,0.0,0.0,0.0,0.0,0.0,0.0,2019-12-08
29,hru29,1.021,0.0,0.0,0.0,0.0,0.0,0.0,0.0,0.0,0.0,2019-12-08
30,hru30,1.02,0.0,0.0,0.0,0.0,0.0,0.0,0.0,0.0,0.0,2019-12-08
31,hru31,1.012,0.0,0.0,0.0,0.0,0.0,0.0,0.0,0.0,0.0,2019-12-08
32,hru32,1.026,0.0,0.0,0.0,0.0,0.0,0.0,0.0,0.0,0.0,2019-12-08
33,hru33,1.019,0.0,0.0,0.0,0.0,0.0,0.0,0.0,0.0,0.0,2019-12-08
34,hru34,1.019,0.0,0.0,0.0,0.0,0.0,0.0,0.0,0.0,0.0,2019-12-08
35,hru35,1.012,0.0,0.0,0.0,0.0,0.0,0.0,0.0,0.0,0.0,2019-12-08
36,hru36,1.019,0.0,0.0,0.0,0.0,0.0,0.0,0.0,0.0,0.0,2019-12-08
1,hru01,1.012,0.0,0.0,0.0,0.0,0.0,0.0,0.0,0.0,0.0,2019-12-09
2,hru02,1.018,0.0,0.0,0.0,0.0,0.0,0.0,0.0,0.0,0.0,2019-12-09
3,hru03,1.004,0.0,0.0,0.0,0.0,0.0,0.0,0.0,0.0,0.0,2019-12-09
4,hru04,1.009,0.0,0.0,0.0,0.0,0.0,0.0,0.0,0.0,0.0,2019-12-09
5,hru05,1.016,0.0,0.0,0.0,0.0,0.0,0.0,0.0,0.0,0.0,2019-12-09
6,hru06,1.016,0.0,0.0,0.0,0.0,0.0,0.0,0.0,0.0,0.0,2019-12-09
7,hru07,1.023,0.0,0.0,0.0,0.0,0.0,0.0,0.0,0.0,0.0,2019-12-09
8,hru08,1.004,0.0,0.0,0.0,0.0,0.0,0.0,0.0,0.0,0.0,2019-12-09
9,hru09,1.018,0.0,0.0,0.0,0.0,0.0,0.0,0.0,0.0,0.0,2019-12-09
10,hru10,1.018,0.0,0.0,0.0,0.0,0.0,0.0,0.0,0.0,0.0,2019-12-09
11,hru11,1.023,0.0,0.0,0.0,0.0,0.0,0.0,0.0,0.0,0.0,2019-12-09
12,hru12,1.021,0.0,0.0,0.0,0.0,0.0,0.0,0.0,0.0,0.0,2019-12-09
13,hru13,1.026,0.0,0.0,0.0,0.0,0.0,0.0,0.0,0.0,0.0,2019-12-09
14,hru14,1.021,0.0,0.0,0.0,0.0,0.0,0.0,0.0,0.0,0.0,2019-12-09
15,hru15,1.03,0.0,0.0,0.0,0.0,0.0,0.0,0.0,0.0,0.0,2019-12-09
16,hru16,1.02,0.0,0.0,0.0,0.0,0.0,0.0,0.0,0.0,0.0,2019-12-09
17,hru17,1.027,0.0,0.0,0.0,0.0,0.0,0.0,0.0,0.0,0.0,2019-12-09
18,hru18,1.03,0.0,0.0,0.0,0.0,0.0,0.0,0.0,0.0,0.0,2019-12-09
19,hru19,1.034,0.0,0.0,0.0,0.0,0.0,0.0,0.0,0.0,0.0,2019-12-09
20,hru20,1.03,0.0,0.0,0.0,0.0,0.0,0.0,0.0,0.0,0.0,2019-12-09
21,hru21,1.03,0.0,0.0,0.0,0.0,0.0,0.0,0.0,0.0,0.0,2019-12-09
22,hru22,1.03,0.0,0.0,0.0,0.0,0.0,0.0,0.0,0.0,0.0,2019-12-09
23,hru23,1.03,0.0,0.0,0.0,0.0,0.0,0.0,0.0,0.0,0.0,2019-12-09
24,hru24,1.03,0.0,0.0,0.0,0.0,0.0,0.0,0.0,0.0,0.0,2019-12-09
25,hru25,1.03,0.0,0.0,0.0,0.0,0.0,0.0,0.0,0.0,0.0,2019-12-09
26,hru26,1.03,0.0,0.0,0.0,0.0,0.0,0.0,0.0,0.0,0.0,2019-12-09
27,hru27,1.022,0.0,0.0,0.0,0.0,0.0,0.0,0.0,0.0,0.0,2019-12-09
28,hru28,1.023,0.0,0.0,0.0,0.0,0.0,0.0,0.0,0.0,0.0,2019-12-09
29,hru29,1.021,0.0,0.0,0.0,0.0,0.0,0.0,0.0,0.0,0.0,2019-12-09
30,hru30,1.02,0.0,0.0,0.0,0.0,0.0,0.0,0.0,0.0,0.0,2019-12-09
31,hru31,1.012,0.0,0.0,0.0,0.0,0.0,0.0,0.0,0.0,0.0,2019-12-09
32,hru32,1.026,0.0,0.0,0.0,0.0,0.0,0.0,0.0,0.0,0.0,2019-12-09
33,hru33,1.019,0.0,0.0,0.0,0.0,0.0,0.0,0.0,0.0,0.0,2019-12-09
34,hru34,1.019,0.0,0.0,0.0,0.0,0.0,0.0,0.0,0.0,0.0,2019-12-09
35,hru35,1.012,0.0,0.0,0.0,0.0,0.0,0.0,0.0,0.0,0.0,2019-12-09
36,hru36,1.019,0.0,0.0,0.0,0.0,0.0,0.0,0.0,0.0,0.0,2019-12-09
1,hru01,1.012,0.0,0.0,0.0,0.0,0.0,0.0,0.0,0.0,0.0,2019-12-10
2,hru02,1.018,0.0,0.0,0.0,0.0,0.0,0.0,0.0,0.0,0.0,2019-12-10
3,hru03,1.004,0.0,0.0,0.0,0.0,0.0,0.0,0.0,0.0,0.0,2019-12-10
4,hru04,1.009,0.0,0.0,0.0,0.0,0.0,0.0,0.0,0.0,0.0,2019-12-10
5,hru05,1.016,0.0,0.0,0.0,0.0,0.0,0.0,0.0,0.0,0.0,2019-12-10
6,hru06,1.016,0.0,0.0,0.0,0.0,0.0,0.0,0.0,0.0,0.0,2019-12-10
7,hru07,1.023,0.0,0.0,0.0,0.0,0.0,0.0,0.0,0.0,0.0,2019-12-10
8,hru08,1.004,0.0,0.0,0.0,0.0,0.0,0.0,0.0,0.0,0.0,2019-12-10
9,hru09,1.018,0.0,0.0,0.0,0.0,0.0,0.0,0.0,0.0,0.0,2019-12-10
10,hru10,1.018,0.0,0.0,0.0,0.0,0.0,0.0,0.0,0.0,0.0,2019-12-10
11,hru11,1.023,0.0,0.0,0.0,0.0,0.0,0.0,0.0,0.0,0.0,2019-12-10
12,hru12,1.021,0.0,0.0,0.0,0.0,0.0,0.0,0.0,0.0,0.0,2019-12-10
13,hru13,1.026,0.0,0.0,0.0,0.0,0.0,0.0,0.0,0.0,0.0,2019-12-10
14,hru14,1.021,0.0,0.0,0.0,0.0,0.0,0.0,0.0,0.0,0.0,2019-12-10
15,hru15,1.03,0.0,0.0,0.0,0.0,0.0,0.0,0.0,0.0,0.0,2019-12-10
16,hru16,1.02,0.0,0.0,0.0,0.0,0.0,0.0,0.0,0.0,0.0,2019-12-10
17,hru17,1.027,0.0,0.0,0.0,0.0,0.0,0.0,0.0,0.0,0.0,2019-12-10
18,hru18,1.03,0.0,0.0,0.0,0.0,0.0,0.0,0.0,0.0,0.0,2019-12-10
19,hru19,1.034,0.0,0.0,0.0,0.0,0.0,0.0,0.0,0.0,0.0,2019-12-10
20,hru20,1.03,0.0,0.0,0.0,0.0,0.0,0.0,0.0,0.0,0.0,2019-12-10
21,hru21,1.03,0.0,0.0,0.0,0.0,0.0,0.0,0.0,0.0,0.0,2019-12-10
22,hru22,1.03,0.0,0.0,0.0,0.0,0.0,0.0,0.0,0.0,0.0,2019-12-10
23,hru23,1.03,0.0,0.0,0.0,0.0,0.0,0.0,0.0,0.0,0.0,2019-12-10
24,hru24,1.03,0.0,0.0,0.0,0.0,0.0,0.0,0.0,0.0,0.0,2019-12-10
25,hru25,1.03,0.0,0.0,0.0,0.0,0.0,0.0,0.0,0.0,0.0,2019-12-10
26,hru26,1.03,0.0,0.0,0.0,0.0,0.0,0.0,0.0,0.0,0.0,2019-12-10
27,hru27,1.022,0.0,0.0,0.0,0.0,0.0,0.0,0.0,0.0,0.0,2019-12-10
28,hru28,1.023,0.0,0.0,0.0,0.0,0.0,0.0,0.0,0.0,0.0,2019-12-10
29,hru29,1.021,0.0,0.0,0.0,0.0,0.0,0.0,0.0,0.0,0.0,2019-12-10
30,hru30,1.02,0.0,0.0,0.0,0.0,0.0,0.0,0.0,0.0,0.0,2019-12-10
31,hru31,1.012,0.0,0.0,0.0,0.0,0.0,0.0,0.0,0.0,0.0,2019-12-10
32,hru32,1.026,0.0,0.0,0.0,0.0,0.0,0.0,0.0,0.0,0.0,2019-12-10
33,hru33,1.019,0.0,0.0,0.0,0.0,0.0,0.0,0.0,0.0,0.0,2019-12-10
34,hru34,1.019,0.0,0.0,0.0,0.0,0.0,0.0,0.0,0.0,0.0,2019-12-10
35,hru35,1.012,0.0,0.0,0.0,0.0,0.0,0.0,0.0,0.0,0.0,2019-12-10
36,hru36,1.019,0.0,0.0,0.0,0.0,0.0,0.0,0.0,0.0,0.0,2019-12-10
1,hru01,1.012,0.0,0.0,0.0,0.0,0.0,0.0,0.0,0.0,0.0,2019-12-11
2,hru02,1.018,0.0,0.0,0.0,0.0,0.0,0.0,0.0,0.0,0.0,2019-12-11
3,hru03,1.004,0.0,0.0,0.0,0.0,0.0,0.0,0.0,0.0,0.0,2019-12-11
4,hru04,1.009,0.0,0.0,0.0,0.0,0.0,0.0,0.0,0.0,0.0,2019-12-11
5,hru05,1.016,0.0,0.0,0.0,0.0,0.0,0.0,0.0,0.0,0.0,2019-12-11
6,hru06,1.016,0.0,0.0,0.0,0.0,0.0,0.0,0.0,0.0,0.0,2019-12-11
7,hru07,1.023,0.0,0.0,0.0,0.0,0.0,0.0,0.0,0.0,0.0,2019-12-11
8,hru08,1.004,0.0,0.0,0.0,0.0,0.0,0.0,0.0,0.0,0.0,2019-12-11
9,hru09,1.018,0.0,0.0,0.0,0.0,0.0,0.0,0.0,0.0,0.0,2019-12-11
10,hru10,1.018,0.0,0.0,0.0,0.0,0.0,0.0,0.0,0.0,0.0,2019-12-11
11,hru11,1.023,0.0,0.0,0.0,0.0,0.0,0.0,0.0,0.0,0.0,2019-12-11
12,hru12,1.021,0.0,0.0,0.0,0.0,0.0,0.0,0.0,0.0,0.0,2019-12-11
13,hru13,1.026,0.0,0.0,0.0,0.0,0.0,0.0,0.0,0.0,0.0,2019-12-11
14,hru14,1.021,0.0,0.0,0.0,0.0,0.0,0.0,0.0,0.0,0.0,2019-12-11
15,hru15,1.03,0.0,0.0,0.0,0.0,0.0,0.0,0.0,0.0,0.0,2019-12-11
16,hru16,1.02,0.0,0.0,0.0,0.0,0.0,0.0,0.0,0.0,0.0,2019-12-11
17,hru17,1.027,0.0,0.0,0.0,0.0,0.0,0.0,0.0,0.0,0.0,2019-12-11
18,hru18,1.03,0.0,0.0,0.0,0.0,0.0,0.0,0.0,0.0,0.0,2019-12-11
19,hru19,1.034,0.0,0.0,0.0,0.0,0.0,0.0,0.0,0.0,0.0,2019-12-11
20,hru20,1.03,0.0,0.0,0.0,0.0,0.0,0.0,0.0,0.0,0.0,2019-12-11
21,hru21,1.03,0.0,0.0,0.0,0.0,0.0,0.0,0.0,0.0,0.0,2019-12-11
22,hru22,1.03,0.0,0.0,0.0,0.0,0.0,0.0,0.0,0.0,0.0,2019-12-11
23,hru23,1.03,0.0,0.0,0.0,0.0,0.0,0.0,0.0,0.0,0.0,2019-12-11
24,hru24,1.03,0.0,0.0,0.0,0.0,0.0,0.0,0.0,0.0,0.0,2019-12-11
25,hru25,1.03,0.0,0.0,0.0,0.0,0.0,0.0,0.0,0.0,0.0,2019-12-11
26,hru26,1.03,0.0,0.0,0.0,0.0,0.0,0.0,0.0,0.0,0.0,2019-12-11
27,hru27,1.022,0.0,0.0,0.0,0.0,0.0,0.0,0.0,0.0,0.0,2019-12-11
28,hru28,1.023,0.0,0.0,0.0,0.0,0.0,0.0,0.0,0.0,0.0,2019-12-11
29,hru29,1.021,0.0,0.0,0.0,0.0,0.0,0.0,0.0,0.0,0.0,2019-12-11
30,hru30,1.02,0.0,0.0,0.0,0.0,0.0,0.0,0.0,0.0,0.0,2019-12-11
31,hru31,1.012,0.0,0.0,0.0,0.0,0.0,0.0,0.0,0.0,0.0,2019-12-11
32,hru32,1.026,0.0,0.0,0.0,0.0,0.0,0.0,0.0,0.0,0.0,2019-12-11
33,hru33,1.019,0.0,0.0,0.0,0.0,0.0,0.0,0.0,0.0,0.0,2019-12-11
34,hru34,1.019,0.0,0.0,0.0,0.0,0.0,0.0,0.0,0.0,0.0,2019-12-11
35,hru35,1.012,0.0,0.0,0.0,0.0,0.0,0.0,0.0,0.0,0.0,2019-12-11
36,hru36,1.019,0.0,0.0,0.0,0.0,0.0,0.0,0.0,0.0,0.0,2019-12-11
1,hru01,1.012,0.0,0.0,0.0,0.0,0.0,0.0,0.0,0.0,0.0,2019-12-12
2,hru02,1.018,0.0,0.0,0.0,0.0,0.0,0.0,0.0,0.0,0.0,2019-12-12
3,hru03,1.004,0.0,0.0,0.0,0.0,0.0,0.0,0.0,0.0,0.0,2019-12-12
4,hru04,1.009,0.0,0.0,0.0,0.0,0.0,0.0,0.0,0.0,0.0,2019-12-12
5,hru05,1.016,0.0,0.0,0.0,0.0,0.0,0.0,0.0,0.0,0.0,2019-12-12
6,hru06,1.016,0.0,0.0,0.0,0.0,0.0,0.0,0.0,0.0,0.0,2019-12-12
7,hru07,1.023,0.0,0.0,0.0,0.0,0.0,0.0,0.0,0.0,0.0,2019-12-12
8,hru08,1.004,0.0,0.0,0.0,0.0,0.0,0.0,0.0,0.0,0.0,2019-12-12
9,hru09,1.018,0.0,0.0,0.0,0.0,0.0,0.0,0.0,0.0,0.0,2019-12-12
10,hru10,1.018,0.0,0.0,0.0,0.0,0.0,0.0,0.0,0.0,0.0,2019-12-12
11,hru11,1.023,0.0,0.0,0.0,0.0,0.0,0.0,0.0,0.0,0.0,2019-12-12
12,hru12,1.021,0.0,0.0,0.0,0.0,0.0,0.0,0.0,0.0,0.0,2019-12-12
13,hru13,1.026,0.0,0.0,0.0,0.0,0.0,0.0,0.0,0.0,0.0,2019-12-12
14,hru14,1.021,0.0,0.0,0.0,0.0,0.0,0.0,0.0,0.0,0.0,2019-12-12
15,hru15,1.03,0.0,0.0,0.0,0.0,0.0,0.0,0.0,0.0,0.0,2019-12-12
16,hru16,1.02,0.0,0.0,0.0,0.0,0.0,0.0,0.0,0.0,0.0,2019-12-12
17,hru17,1.027,0.0,0.0,0.0,0.0,0.0,0.0,0.0,0.0,0.0,2019-12-12
18,hru18,1.03,0.0,0.0,0.0,0.0,0.0,0.0,0.0,0.0,0.0,2019-12-12
19,hru19,1.034,0.0,0.0,0.0,0.0,0.0,0.0,0.0,0.0,0.0,2019-12-12
20,hru20,1.03,0.0,0.0,0.0,0.0,0.0,0.0,0.0,0.0,0.0,2019-12-12
21,hru21,1.03,0.0,0.0,0.0,0.0,0.0,0.0,0.0,0.0,0.0,2019-12-12
22,hru22,1.03,0.0,0.0,0.0,0.0,0.0,0.0,0.0,0.0,0.0,2019-12-12
23,hru23,1.03,0.0,0.0,0.0,0.0,0.0,0.0,0.0,0.0,0.0,2019-12-12
24,hru24,1.03,0.0,0.0,0.0,0.0,0.0,0.0,0.0,0.0,0.0,2019-12-12
25,hru25,1.03,0.0,0.0,0.0,0.0,0.0,0.0,0.0,0.0,0.0,2019-12-12
26,hru26,1.03,0.0,0.0,0.0,0.0,0.0,0.0,0.0,0.0,0.0,2019-12-12
27,hru27,1.022,0.0,0.0,0.0,0.0,0.0,0.0,0.0,0.0,0.0,2019-12-12
28,hru28,1.023,0.0,0.0,0.0,0.0,0.0,0.0,0.0,0.0,0.0,2019-12-12
29,hru29,1.021,0.0,0.0,0.0,0.0,0.0,0.0,0.0,0.0,0.0,2019-12-12
30,hru30,1.02,0.0,0.0,0.0,0.0,0.0,0.0,0.0,0.0,0.0,2019-12-12
31,hru31,1.012,0.0,0.0,0.0,0.0,0.0,0.0,0.0,0.0,0.0,2019-12-12
32,hru32,1.026,0.0,0.0,0.0,0.0,0.0,0.0,0.0,0.0,0.0,2019-12-12
33,hru33,1.019,0.0,0.0,0.0,0.0,0.0,0.0,0.0,0.0,0.0,2019-12-12
34,hru34,1.019,0.0,0.0,0.0,0.0,0.0,0.0,0.0,0.0,0.0,2019-12-12
35,hru35,1.012,0.0,0.0,0.0,0.0,0.0,0.0,0.0,0.0,0.0,2019-12-12
36,hru36,1.019,0.0,0.0,0.0,0.0,0.0,0.0,0.0,0.0,0.0,2019-12-12
1,hru01,1.012,0.0,0.0,0.0,0.0,0.0,0.0,0.0,0.0,0.0,2019-12-13
2,hru02,1.018,0.0,0.0,0.0,0.0,0.0,0.0,0.0,0.0,0.0,2019-12-13
3,hru03,1.004,0.0,0.0,0.0,0.0,0.0,0.0,0.0,0.0,0.0,2019-12-13
4,hru04,1.009,0.0,0.0,0.0,0.0,0.0,0.0,0.0,0.0,0.0,2019-12-13
5,hru05,1.016,0.0,0.0,0.0,0.0,0.0,0.0,0.0,0.0,0.0,2019-12-13
6,hru06,1.016,0.0,0.0,0.0,0.0,0.0,0.0,0.0,0.0,0.0,2019-12-13
7,hru07,1.023,0.0,0.0,0.0,0.0,0.0,0.0,0.0,0.0,0.0,2019-12-13
8,hru08,1.004,0.0,0.0,0.0,0.0,0.0,0.0,0.0,0.0,0.0,2019-12-13
9,hru09,1.018,0.0,0.0,0.0,0.0,0.0,0.0,0.0,0.0,0.0,2019-12-13
10,hru10,1.018,0.0,0.0,0.0,0.0,0.0,0.0,0.0,0.0,0.0,2019-12-13
11,hru11,1.023,0.0,0.0,0.0,0.0,0.0,0.0,0.0,0.0,0.0,2019-12-13
12,hru12,1.021,0.0,0.0,0.0,0.0,0.0,0.0,0.0,0.0,0.0,2019-12-13
13,hru13,1.026,0.0,0.0,0.0,0.0,0.0,0.0,0.0,0.0,0.0,2019-12-13
14,hru14,1.021,0.0,0.0,0.0,0.0,0.0,0.0,0.0,0.0,0.0,2019-12-13
15,hru15,1.03,0.0,0.0,0.0,0.0,0.0,0.0,0.0,0.0,0.0,2019-12-13
16,hru16,1.02,0.0,0.0,0.0,0.0,0.0,0.0,0.0,0.0,0.0,2019-12-13
17,hru17,1.027,0.0,0.0,0.0,0.0,0.0,0.0,0.0,0.0,0.0,2019-12-13
18,hru18,1.03,0.0,0.0,0.0,0.0,0.0,0.0,0.0,0.0,0.0,2019-12-13
19,hru19,1.034,0.0,0.0,0.0,0.0,0.0,0.0,0.0,0.0,0.0,2019-12-13
20,hru20,1.03,0.0,0.0,0.0,0.0,0.0,0.0,0.0,0.0,0.0,2019-12-13
21,hru21,1.03,0.0,0.0,0.0,0.0,0.0,0.0,0.0,0.0,0.0,2019-12-13
22,hru22,1.03,0.0,0.0,0.0,0.0,0.0,0.0,0.0,0.0,0.0,2019-12-13
23,hru23,1.03,0.0,0.0,0.0,0.0,0.0,0.0,0.0,0.0,0.0,2019-12-13
24,hru24,1.03,0.0,0.0,0.0,0.0,0.0,0.0,0.0,0.0,0.0,2019-12-13
25,hru25,1.03,0.0,0.0,0.0,0.0,0.0,0.0,0.0,0.0,0.0,2019-12-13
26,hru26,1.03,0.0,0.0,0.0,0.0,0.0,0.0,0.0,0.0,0.0,2019-12-13
27,hru27,1.022,0.0,0.0,0.0,0.0,0.0,0.0,0.0,0.0,0.0,2019-12-13
28,hru28,1.023,0.0,0.0,0.0,0.0,0.0,0.0,0.0,0.0,0.0,2019-12-13
29,hru29,1.021,0.0,0.0,0.0,0.0,0.0,0.0,0.0,0.0,0.0,2019-12-13
30,hru30,1.02,0.0,0.0,0.0,0.0,0.0,0.0,0.0,0.0,0.0,2019-12-13
31,hru31,1.012,0.0,0.0,0.0,0.0,0.0,0.0,0.0,0.0,0.0,2019-12-13
32,hru32,1.026,0.0,0.0,0.0,0.0,0.0,0.0,0.0,0.0,0.0,2019-12-13
33,hru33,1.019,0.0,0.0,0.0,0.0,0.0,0.0,0.0,0.0,0.0,2019-12-13
34,hru34,1.019,0.0,0.0,0.0,0.0,0.0,0.0,0.0,0.0,0.0,2019-12-13
35,hru35,1.012,0.0,0.0,0.0,0.0,0.0,0.0,0.0,0.0,0.0,2019-12-13
36,hru36,1.019,0.0,0.0,0.0,0.0,0.0,0.0,0.0,0.0,0.0,2019-12-13
1,hru01,1.012,0.0,0.0,0.0,0.0,0.0,0.0,0.0,0.0,0.0,2019-12-14
2,hru02,1.018,0.0,0.0,0.0,0.0,0.0,0.0,0.0,0.0,0.0,2019-12-14
3,hru03,1.004,0.0,0.0,0.0,0.0,0.0,0.0,0.0,0.0,0.0,2019-12-14
4,hru04,1.009,0.0,0.0,0.0,0.0,0.0,0.0,0.0,0.0,0.0,2019-12-14
5,hru05,1.016,0.0,0.0,0.0,0.0,0.0,0.0,0.0,0.0,0.0,2019-12-14
6,hru06,1.016,0.0,0.0,0.0,0.0,0.0,0.0,0.0,0.0,0.0,2019-12-14
7,hru07,1.023,0.0,0.0,0.0,0.0,0.0,0.0,0.0,0.0,0.0,2019-12-14
8,hru08,1.004,0.0,0.0,0.0,0.0,0.0,0.0,0.0,0.0,0.0,2019-12-14
9,hru09,1.018,0.0,0.0,0.0,0.0,0.0,0.0,0.0,0.0,0.0,2019-12-14
10,hru10,1.018,0.0,0.0,0.0,0.0,0.0,0.0,0.0,0.0,0.0,2019-12-14
11,hru11,1.023,0.0,0.0,0.0,0.0,0.0,0.0,0.0,0.0,0.0,2019-12-14
12,hru12,1.021,0.0,0.0,0.0,0.0,0.0,0.0,0.0,0.0,0.0,2019-12-14
13,hru13,1.026,0.0,0.0,0.0,0.0,0.0,0.0,0.0,0.0,0.0,2019-12-14
14,hru14,1.021,0.0,0.0,0.0,0.0,0.0,0.0,0.0,0.0,0.0,2019-12-14
15,hru15,1.03,0.0,0.0,0.0,0.0,0.0,0.0,0.0,0.0,0.0,2019-12-14
16,hru16,1.02,0.0,0.0,0.0,0.0,0.0,0.0,0.0,0.0,0.0,2019-12-14
17,hru17,1.027,0.0,0.0,0.0,0.0,0.0,0.0,0.0,0.0,0.0,2019-12-14
18,hru18,1.03,0.0,0.0,0.0,0.0,0.0,0.0,0.0,0.0,0.0,2019-12-14
19,hru19,1.034,0.0,0.0,0.0,0.0,0.0,0.0,0.0,0.0,0.0,2019-12-14
20,hru20,1.03,0.0,0.0,0.0,0.0,0.0,0.0,0.0,0.0,0.0,2019-12-14
21,hru21,1.03,0.0,0.0,0.0,0.0,0.0,0.0,0.0,0.0,0.0,2019-12-14
22,hru22,1.03,0.0,0.0,0.0,0.0,0.0,0.0,0.0,0.0,0.0,2019-12-14
23,hru23,1.03,0.0,0.0,0.0,0.0,0.0,0.0,0.0,0.0,0.0,2019-12-14
24,hru24,1.03,0.0,0.0,0.0,0.0,0.0,0.0,0.0,0.0,0.0,2019-12-14
25,hru25,1.03,0.0,0.0,0.0,0.0,0.0,0.0,0.0,0.0,0.0,2019-12-14
26,hru26,1.03,0.0,0.0,0.0,0.0,0.0,0.0,0.0,0.0,0.0,2019-12-14
27,hru27,1.022,0.0,0.0,0.0,0.0,0.0,0.0,0.0,0.0,0.0,2019-12-14
28,hru28,1.023,0.0,0.0,0.0,0.0,0.0,0.0,0.0,0.0,0.0,2019-12-14
29,hru29,1.021,0.0,0.0,0.0,0.0,0.0,0.0,0.0,0.0,0.0,2019-12-14
30,hru30,1.02,0.0,0.0,0.0,0.0,0.0,0.0,0.0,0.0,0.0,2019-12-14
31,hru31,1.012,0.0,0.0,0.0,0.0,0.0,0.0,0.0,0.0,0.0,2019-12-14
32,hru32,1.026,0.0,0.0,0.0,0.0,0.0,0.0,0.0,0.0,0.0,2019-12-14
33,hru33,1.019,0.0,0.0,0.0,0.0,0.0,0.0,0.0,0.0,0.0,2019-12-14
34,hru34,1.019,0.0,0.0,0.0,0.0,0.0,0.0,0.0,0.0,0.0,2019-12-14
35,hru35,1.012,0.0,0.0,0.0,0.0,0.0,0.0,0.0,0.0,0.0,2019-12-14
36,hru36,1.019,0.0,0.0,0.0,0.0,0.0,0.0,0.0,0.0,0.0,2019-12-14
1,hru01,1.012,0.0,0.0,0.0,0.0,0.0,0.0,0.0,0.0,0.0,2019-12-15
2,hru02,1.018,0.0,0.0,0.0,0.0,0.0,0.0,0.0,0.0,0.0,2019-12-15
3,hru03,1.004,0.0,0.0,0.0,0.0,0.0,0.0,0.0,0.0,0.0,2019-12-15
4,hru04,1.009,0.0,0.0,0.0,0.0,0.0,0.0,0.0,0.0,0.0,2019-12-15
5,hru05,1.016,0.0,0.0,0.0,0.0,0.0,0.0,0.0,0.0,0.0,2019-12-15
6,hru06,1.016,0.0,0.0,0.0,0.0,0.0,0.0,0.0,0.0,0.0,2019-12-15
7,hru07,1.023,0.0,0.0,0.0,0.0,0.0,0.0,0.0,0.0,0.0,2019-12-15
8,hru08,1.004,0.0,0.0,0.0,0.0,0.0,0.0,0.0,0.0,0.0,2019-12-15
9,hru09,1.018,0.0,0.0,0.0,0.0,0.0,0.0,0.0,0.0,0.0,2019-12-15
10,hru10,1.018,0.0,0.0,0.0,0.0,0.0,0.0,0.0,0.0,0.0,2019-12-15
11,hru11,1.023,0.0,0.0,0.0,0.0,0.0,0.0,0.0,0.0,0.0,2019-12-15
12,hru12,1.021,0.0,0.0,0.0,0.0,0.0,0.0,0.0,0.0,0.0,2019-12-15
13,hru13,1.026,0.0,0.0,0.0,0.0,0.0,0.0,0.0,0.0,0.0,2019-12-15
14,hru14,1.021,0.0,0.0,0.0,0.0,0.0,0.0,0.0,0.0,0.0,2019-12-15
15,hru15,1.03,0.0,0.0,0.0,0.0,0.0,0.0,0.0,0.0,0.0,2019-12-15
16,hru16,1.02,0.0,0.0,0.0,0.0,0.0,0.0,0.0,0.0,0.0,2019-12-15
17,hru17,1.027,0.0,0.0,0.0,0.0,0.0,0.0,0.0,0.0,0.0,2019-12-15
18,hru18,1.03,0.0,0.0,0.0,0.0,0.0,0.0,0.0,0.0,0.0,2019-12-15
19,hru19,1.034,0.0,0.0,0.0,0.0,0.0,0.0,0.0,0.0,0.0,2019-12-15
20,hru20,1.03,0.0,0.0,0.0,0.0,0.0,0.0,0.0,0.0,0.0,2019-12-15
21,hru21,1.03,0.0,0.0,0.0,0.0,0.0,0.0,0.0,0.0,0.0,2019-12-15
22,hru22,1.03,0.0,0.0,0.0,0.0,0.0,0.0,0.0,0.0,0.0,2019-12-15
23,hru23,1.03,0.0,0.0,0.0,0.0,0.0,0.0,0.0,0.0,0.0,2019-12-15
24,hru24,1.03,0.0,0.0,0.0,0.0,0.0,0.0,0.0,0.0,0.0,2019-12-15
25,hru25,1.03,0.0,0.0,0.0,0.0,0.0,0.0,0.0,0.0,0.0,2019-12-15
26,hru26,1.03,0.0,0.0,0.0,0.0,0.0,0.0,0.0,0.0,0.0,2019-12-15
27,hru27,1.022,0.0,0.0,0.0,0.0,0.0,0.0,0.0,0.0,0.0,2019-12-15
28,hru28,1.023,0.0,0.0,0.0,0.0,0.0,0.0,0.0,0.0,0.0,2019-12-15
29,hru29,1.021,0.0,0.0,0.0,0.0,0.0,0.0,0.0,0.0,0.0,2019-12-15
30,hru30,1.02,0.0,0.0,0.0,0.0,0.0,0.0,0.0,0.0,0.0,2019-12-15
31,hru31,1.012,0.0,0.0,0.0,0.0,0.0,0.0,0.0,0.0,0.0,2019-12-15
32,hru32,1.026,0.0,0.0,0.0,0.0,0.0,0.0,0.0,0.0,0.0,2019-12-15
33,hru33,1.019,0.0,0.0,0.0,0.0,0.0,0.0,0.0,0.0,0.0,2019-12-15
34,hru34,1.019,0.0,0.0,0.0,0.0,0.0,0.0,0.0,0.0,0.0,2019-12-15
35,hru35,1.012,0.0,0.0,0.0,0.0,0.0,0.0,0.0,0.0,0.0,2019-12-15
36,hru36,1.019,0.0,0.0,0.0,0.0,0.0,0.0,0.0,0.0,0.0,2019-12-15
1,hru01,1.012,0.0,0.0,0.0,0.0,0.0,0.0,0.0,0.0,0.0,2019-12-16
2,hru02,1.018,0.0,0.0,0.0,0.0,0.0,0.0,0.0,0.0,0.0,2019-12-16
3,hru03,1.004,0.0,0.0,0.0,0.0,0.0,0.0,0.0,0.0,0.0,2019-12-16
4,hru04,1.009,0.0,0.0,0.0,0.0,0.0,0.0,0.0,0.0,0.0,2019-12-16
5,hru05,1.016,0.0,0.0,0.0,0.0,0.0,0.0,0.0,0.0,0.0,2019-12-16
6,hru06,1.016,0.0,0.0,0.0,0.0,0.0,0.0,0.0,0.0,0.0,2019-12-16
7,hru07,1.023,0.0,0.0,0.0,0.0,0.0,0.0,0.0,0.0,0.0,2019-12-16
8,hru08,1.004,0.0,0.0,0.0,0.0,0.0,0.0,0.0,0.0,0.0,2019-12-16
9,hru09,1.018,0.0,0.0,0.0,0.0,0.0,0.0,0.0,0.0,0.0,2019-12-16
10,hru10,1.018,0.0,0.0,0.0,0.0,0.0,0.0,0.0,0.0,0.0,2019-12-16
11,hru11,1.023,0.0,0.0,0.0,0.0,0.0,0.0,0.0,0.0,0.0,2019-12-16
12,hru12,1.021,0.0,0.0,0.0,0.0,0.0,0.0,0.0,0.0,0.0,2019-12-16
13,hru13,1.026,0.0,0.0,0.0,0.0,0.0,0.0,0.0,0.0,0.0,2019-12-16
14,hru14,1.021,0.0,0.0,0.0,0.0,0.0,0.0,0.0,0.0,0.0,2019-12-16
15,hru15,1.03,0.0,0.0,0.0,0.0,0.0,0.0,0.0,0.0,0.0,2019-12-16
16,hru16,1.02,0.0,0.0,0.0,0.0,0.0,0.0,0.0,0.0,0.0,2019-12-16
17,hru17,1.027,0.0,0.0,0.0,0.0,0.0,0.0,0.0,0.0,0.0,2019-12-16
18,hru18,1.03,0.0,0.0,0.0,0.0,0.0,0.0,0.0,0.0,0.0,2019-12-16
19,hru19,1.034,0.0,0.0,0.0,0.0,0.0,0.0,0.0,0.0,0.0,2019-12-16
20,hru20,1.03,0.0,0.0,0.0,0.0,0.0,0.0,0.0,0.0,0.0,2019-12-16
21,hru21,1.03,0.0,0.0,0.0,0.0,0.0,0.0,0.0,0.0,0.0,2019-12-16
22,hru22,1.03,0.0,0.0,0.0,0.0,0.0,0.0,0.0,0.0,0.0,2019-12-16
23,hru23,1.03,0.0,0.0,0.0,0.0,0.0,0.0,0.0,0.0,0.0,2019-12-16
24,hru24,1.03,0.0,0.0,0.0,0.0,0.0,0.0,0.0,0.0,0.0,2019-12-16
25,hru25,1.03,0.0,0.0,0.0,0.0,0.0,0.0,0.0,0.0,0.0,2019-12-16
26,hru26,1.03,0.0,0.0,0.0,0.0,0.0,0.0,0.0,0.0,0.0,2019-12-16
27,hru27,1.022,0.0,0.0,0.0,0.0,0.0,0.0,0.0,0.0,0.0,2019-12-16
28,hru28,1.023,0.0,0.0,0.0,0.0,0.0,0.0,0.0,0.0,0.0,2019-12-16
29,hru29,1.021,0.0,0.0,0.0,0.0,0.0,0.0,0.0,0.0,0.0,2019-12-16
30,hru30,1.02,0.0,0.0,0.0,0.0,0.0,0.0,0.0,0.0,0.0,2019-12-16
31,hru31,1.012,0.0,0.0,0.0,0.0,0.0,0.0,0.0,0.0,0.0,2019-12-16
32,hru32,1.026,0.0,0.0,0.0,0.0,0.0,0.0,0.0,0.0,0.0,2019-12-16
33,hru33,1.019,0.0,0.0,0.0,0.0,0.0,0.0,0.0,0.0,0.0,2019-12-16
34,hru34,1.019,0.0,0.0,0.0,0.0,0.0,0.0,0.0,0.0,0.0,2019-12-16
35,hru35,1.012,0.0,0.0,0.0,0.0,0.0,0.0,0.0,0.0,0.0,2019-12-16
36,hru36,1.019,0.0,0.0,0.0,0.0,0.0,0.0,0.0,0.0,0.0,2019-12-16
1,hru01,1.012,0.0,0.0,0.0,0.0,0.0,0.0,0.0,0.0,0.0,2019-12-17
2,hru02,1.018,0.0,0.0,0.0,0.0,0.0,0.0,0.0,0.0,0.0,2019-12-17
3,hru03,1.004,0.0,0.0,0.0,0.0,0.0,0.0,0.0,0.0,0.0,2019-12-17
4,hru04,1.009,0.0,0.0,0.0,0.0,0.0,0.0,0.0,0.0,0.0,2019-12-17
5,hru05,1.016,0.0,0.0,0.0,0.0,0.0,0.0,0.0,0.0,0.0,2019-12-17
6,hru06,1.016,0.0,0.0,0.0,0.0,0.0,0.0,0.0,0.0,0.0,2019-12-17
7,hru07,1.023,0.0,0.0,0.0,0.0,0.0,0.0,0.0,0.0,0.0,2019-12-17
8,hru08,1.004,0.0,0.0,0.0,0.0,0.0,0.0,0.0,0.0,0.0,2019-12-17
9,hru09,1.018,0.0,0.0,0.0,0.0,0.0,0.0,0.0,0.0,0.0,2019-12-17
10,hru10,1.018,0.0,0.0,0.0,0.0,0.0,0.0,0.0,0.0,0.0,2019-12-17
11,hru11,1.023,0.0,0.0,0.0,0.0,0.0,0.0,0.0,0.0,0.0,2019-12-17
12,hru12,1.021,0.0,0.0,0.0,0.0,0.0,0.0,0.0,0.0,0.0,2019-12-17
13,hru13,1.026,0.0,0.0,0.0,0.0,0.0,0.0,0.0,0.0,0.0,2019-12-17
14,hru14,1.021,0.0,0.0,0.0,0.0,0.0,0.0,0.0,0.0,0.0,2019-12-17
15,hru15,1.03,0.0,0.0,0.0,0.0,0.0,0.0,0.0,0.0,0.0,2019-12-17
16,hru16,1.02,0.0,0.0,0.0,0.0,0.0,0.0,0.0,0.0,0.0,2019-12-17
17,hru17,1.027,0.0,0.0,0.0,0.0,0.0,0.0,0.0,0.0,0.0,2019-12-17
18,hru18,1.03,0.0,0.0,0.0,0.0,0.0,0.0,0.0,0.0,0.0,2019-12-17
19,hru19,1.034,0.0,0.0,0.0,0.0,0.0,0.0,0.0,0.0,0.0,2019-12-17
20,hru20,1.03,0.0,0.0,0.0,0.0,0.0,0.0,0.0,0.0,0.0,2019-12-17
21,hru21,1.03,0.0,0.0,0.0,0.0,0.0,0.0,0.0,0.0,0.0,2019-12-17
22,hru22,1.03,0.0,0.0,0.0,0.0,0.0,0.0,0.0,0.0,0.0,2019-12-17
23,hru23,1.03,0.0,0.0,0.0,0.0,0.0,0.0,0.0,0.0,0.0,2019-12-17
24,hru24,1.03,0.0,0.0,0.0,0.0,0.0,0.0,0.0,0.0,0.0,2019-12-17
25,hru25,1.03,0.0,0.0,0.0,0.0,0.0,0.0,0.0,0.0,0.0,2019-12-17
26,hru26,1.03,0.0,0.0,0.0,0.0,0.0,0.0,0.0,0.0,0.0,2019-12-17
27,hru27,1.022,0.0,0.0,0.0,0.0,0.0,0.0,0.0,0.0,0.0,2019-12-17
28,hru28,1.023,0.0,0.0,0.0,0.0,0.0,0.0,0.0,0.0,0.0,2019-12-17
29,hru29,1.021,0.0,0.0,0.0,0.0,0.0,0.0,0.0,0.0,0.0,2019-12-17
30,hru30,1.02,0.0,0.0,0.0,0.0,0.0,0.0,0.0,0.0,0.0,2019-12-17
31,hru31,1.012,0.0,0.0,0.0,0.0,0.0,0.0,0.0,0.0,0.0,2019-12-17
32,hru32,1.026,0.0,0.0,0.0,0.0,0.0,0.0,0.0,0.0,0.0,2019-12-17
33,hru33,1.019,0.0,0.0,0.0,0.0,0.0,0.0,0.0,0.0,0.0,2019-12-17
34,hru34,1.019,0.0,0.0,0.0,0.0,0.0,0.0,0.0,0.0,0.0,2019-12-17
35,hru35,1.012,0.0,0.0,0.0,0.0,0.0,0.0,0.0,0.0,0.0,2019-12-17
36,hru36,1.019,0.0,0.0,0.0,0.0,0.0,0.0,0.0,0.0,0.0,2019-12-17
1,hru01,1.012,0.0,0.0,0.0,0.0,0.0,0.0,0.0,0.0,0.0,2019-12-18
2,hru02,1.018,0.0,0.0,0.0,0.0,0.0,0.0,0.0,0.0,0.0,2019-12-18
3,hru03,1.004,0.0,0.0,0.0,0.0,0.0,0.0,0.0,0.0,0.0,2019-12-18
4,hru04,1.009,0.0,0.0,0.0,0.0,0.0,0.0,0.0,0.0,0.0,2019-12-18
5,hru05,1.016,0.0,0.0,0.0,0.0,0.0,0.0,0.0,0.0,0.0,2019-12-18
6,hru06,1.016,0.0,0.0,0.0,0.0,0.0,0.0,0.0,0.0,0.0,2019-12-18
7,hru07,1.023,0.0,0.0,0.0,0.0,0.0,0.0,0.0,0.0,0.0,2019-12-18
8,hru08,1.004,0.0,0.0,0.0,0.0,0.0,0.0,0.0,0.0,0.0,2019-12-18
9,hru09,1.018,0.0,0.0,0.0,0.0,0.0,0.0,0.0,0.0,0.0,2019-12-18
10,hru10,1.018,0.0,0.0,0.0,0.0,0.0,0.0,0.0,0.0,0.0,2019-12-18
11,hru11,1.023,0.0,0.0,0.0,0.0,0.0,0.0,0.0,0.0,0.0,2019-12-18
12,hru12,1.021,0.0,0.0,0.0,0.0,0.0,0.0,0.0,0.0,0.0,2019-12-18
13,hru13,1.026,0.0,0.0,0.0,0.0,0.0,0.0,0.0,0.0,0.0,2019-12-18
14,hru14,1.021,0.0,0.0,0.0,0.0,0.0,0.0,0.0,0.0,0.0,2019-12-18
15,hru15,1.03,0.0,0.0,0.0,0.0,0.0,0.0,0.0,0.0,0.0,2019-12-18
16,hru16,1.02,0.0,0.0,0.0,0.0,0.0,0.0,0.0,0.0,0.0,2019-12-18
17,hru17,1.027,0.0,0.0,0.0,0.0,0.0,0.0,0.0,0.0,0.0,2019-12-18
18,hru18,1.03,0.0,0.0,0.0,0.0,0.0,0.0,0.0,0.0,0.0,2019-12-18
19,hru19,1.034,0.0,0.0,0.0,0.0,0.0,0.0,0.0,0.0,0.0,2019-12-18
20,hru20,1.03,0.0,0.0,0.0,0.0,0.0,0.0,0.0,0.0,0.0,2019-12-18
21,hru21,1.03,0.0,0.0,0.0,0.0,0.0,0.0,0.0,0.0,0.0,2019-12-18
22,hru22,1.03,0.0,0.0,0.0,0.0,0.0,0.0,0.0,0.0,0.0,2019-12-18
23,hru23,1.03,0.0,0.0,0.0,0.0,0.0,0.0,0.0,0.0,0.0,2019-12-18
24,hru24,1.03,0.0,0.0,0.0,0.0,0.0,0.0,0.0,0.0,0.0,2019-12-18
25,hru25,1.03,0.0,0.0,0.0,0.0,0.0,0.0,0.0,0.0,0.0,2019-12-18
26,hru26,1.03,0.0,0.0,0.0,0.0,0.0,0.0,0.0,0.0,0.0,2019-12-18
27,hru27,1.022,0.0,0.0,0.0,0.0,0.0,0.0,0.0,0.0,0.0,2019-12-18
28,hru28,1.023,0.0,0.0,0.0,0.0,0.0,0.0,0.0,0.0,0.0,2019-12-18
29,hru29,1.021,0.0,0.0,0.0,0.0,0.0,0.0,0.0,0.0,0.0,2019-12-18
30,hru30,1.02,0.0,0.0,0.0,0.0,0.0,0.0,0.0,0.0,0.0,2019-12-18
31,hru31,1.012,0.0,0.0,0.0,0.0,0.0,0.0,0.0,0.0,0.0,2019-12-18
32,hru32,1.026,0.0,0.0,0.0,0.0,0.0,0.0,0.0,0.0,0.0,2019-12-18
33,hru33,1.019,0.0,0.0,0.0,0.0,0.0,0.0,0.0,0.0,0.0,2019-12-18
34,hru34,1.019,0.0,0.0,0.0,0.0,0.0,0.0,0.0,0.0,0.0,2019-12-18
35,hru35,1.012,0.0,0.0,0.0,0.0,0.0,0.0,0.0,0.0,0.0,2019-12-18
36,hru36,1.019,0.0,0.0,0.0,0.0,0.0,0.0,0.0,0.0,0.0,2019-12-18
1,hru01,1.012,0.0,0.0,0.0,0.0,0.0,0.0,0.0,0.0,0.0,2019-12-19
2,hru02,1.018,0.0,0.0,0.0,0.0,0.0,0.0,0.0,0.0,0.0,2019-12-19
3,hru03,1.004,0.0,0.0,0.0,0.0,0.0,0.0,0.0,0.0,0.0,2019-12-19
4,hru04,1.009,0.0,0.0,0.0,0.0,0.0,0.0,0.0,0.0,0.0,2019-12-19
5,hru05,1.016,0.0,0.0,0.0,0.0,0.0,0.0,0.0,0.0,0.0,2019-12-19
6,hru06,1.016,0.0,0.0,0.0,0.0,0.0,0.0,0.0,0.0,0.0,2019-12-19
7,hru07,1.023,0.0,0.0,0.0,0.0,0.0,0.0,0.0,0.0,0.0,2019-12-19
8,hru08,1.004,0.0,0.0,0.0,0.0,0.0,0.0,0.0,0.0,0.0,2019-12-19
9,hru09,1.018,0.0,0.0,0.0,0.0,0.0,0.0,0.0,0.0,0.0,2019-12-19
10,hru10,1.018,0.0,0.0,0.0,0.0,0.0,0.0,0.0,0.0,0.0,2019-12-19
11,hru11,1.023,0.0,0.0,0.0,0.0,0.0,0.0,0.0,0.0,0.0,2019-12-19
12,hru12,1.021,0.0,0.0,0.0,0.0,0.0,0.0,0.0,0.0,0.0,2019-12-19
13,hru13,1.026,0.0,0.0,0.0,0.0,0.0,0.0,0.0,0.0,0.0,2019-12-19
14,hru14,1.021,0.0,0.0,0.0,0.0,0.0,0.0,0.0,0.0,0.0,2019-12-19
15,hru15,1.03,0.0,0.0,0.0,0.0,0.0,0.0,0.0,0.0,0.0,2019-12-19
16,hru16,1.02,0.0,0.0,0.0,0.0,0.0,0.0,0.0,0.0,0.0,2019-12-19
17,hru17,1.027,0.0,0.0,0.0,0.0,0.0,0.0,0.0,0.0,0.0,2019-12-19
18,hru18,1.03,0.0,0.0,0.0,0.0,0.0,0.0,0.0,0.0,0.0,2019-12-19
19,hru19,1.034,0.0,0.0,0.0,0.0,0.0,0.0,0.0,0.0,0.0,2019-12-19
20,hru20,1.03,0.0,0.0,0.0,0.0,0.0,0.0,0.0,0.0,0.0,2019-12-19
21,hru21,1.03,0.0,0.0,0.0,0.0,0.0,0.0,0.0,0.0,0.0,2019-12-19
22,hru22,1.03,0.0,0.0,0.0,0.0,0.0,0.0,0.0,0.0,0.0,2019-12-19
23,hru23,1.03,0.0,0.0,0.0,0.0,0.0,0.0,0.0,0.0,0.0,2019-12-19
24,hru24,1.03,0.0,0.0,0.0,0.0,0.0,0.0,0.0,0.0,0.0,2019-12-19
25,hru25,1.03,0.0,0.0,0.0,0.0,0.0,0.0,0.0,0.0,0.0,2019-12-19
26,hru26,1.03,0.0,0.0,0.0,0.0,0.0,0.0,0.0,0.0,0.0,2019-12-19
27,hru27,1.022,0.0,0.0,0.0,0.0,0.0,0.0,0.0,0.0,0.0,2019-12-19
28,hru28,1.023,0.0,0.0,0.0,0.0,0.0,0.0,0.0,0.0,0.0,2019-12-19
29,hru29,1.021,0.0,0.0,0.0,0.0,0.0,0.0,0.0,0.0,0.0,2019-12-19
30,hru30,1.02,0.0,0.0,0.0,0.0,0.0,0.0,0.0,0.0,0.0,2019-12-19
31,hru31,1.012,0.0,0.0,0.0,0.0,0.0,0.0,0.0,0.0,0.0,2019-12-19
32,hru32,1.026,0.0,0.0,0.0,0.0,0.0,0.0,0.0,0.0,0.0,2019-12-19
33,hru33,1.019,0.0,0.0,0.0,0.0,0.0,0.0,0.0,0.0,0.0,2019-12-19
34,hru34,1.019,0.0,0.0,0.0,0.0,0.0,0.0,0.0,0.0,0.0,2019-12-19
35,hru35,1.012,0.0,0.0,0.0,0.0,0.0,0.0,0.0,0.0,0.0,2019-12-19
36,hru36,1.019,0.0,0.0,0.0,0.0,0.0,0.0,0.0,0.0,0.0,2019-12-19
1,hru01,1.012,0.0,0.0,0.0,0.0,0.0,0.0,0.0,0.0,0.0,2019-12-20
2,hru02,1.018,0.0,0.0,0.0,0.0,0.0,0.0,0.0,0.0,0.0,2019-12-20
3,hru03,1.004,0.0,0.0,0.0,0.0,0.0,0.0,0.0,0.0,0.0,2019-12-20
4,hru04,1.009,0.0,0.0,0.0,0.0,0.0,0.0,0.0,0.0,0.0,2019-12-20
5,hru05,1.016,0.0,0.0,0.0,0.0,0.0,0.0,0.0,0.0,0.0,2019-12-20
6,hru06,1.016,0.0,0.0,0.0,0.0,0.0,0.0,0.0,0.0,0.0,2019-12-20
7,hru07,1.023,0.0,0.0,0.0,0.0,0.0,0.0,0.0,0.0,0.0,2019-12-20
8,hru08,1.004,0.0,0.0,0.0,0.0,0.0,0.0,0.0,0.0,0.0,2019-12-20
9,hru09,1.018,0.0,0.0,0.0,0.0,0.0,0.0,0.0,0.0,0.0,2019-12-20
10,hru10,1.018,0.0,0.0,0.0,0.0,0.0,0.0,0.0,0.0,0.0,2019-12-20
11,hru11,1.023,0.0,0.0,0.0,0.0,0.0,0.0,0.0,0.0,0.0,2019-12-20
12,hru12,1.021,0.0,0.0,0.0,0.0,0.0,0.0,0.0,0.0,0.0,2019-12-20
13,hru13,1.026,0.0,0.0,0.0,0.0,0.0,0.0,0.0,0.0,0.0,2019-12-20
14,hru14,1.021,0.0,0.0,0.0,0.0,0.0,0.0,0.0,0.0,0.0,2019-12-20
15,hru15,1.03,0.0,0.0,0.0,0.0,0.0,0.0,0.0,0.0,0.0,2019-12-20
16,hru16,1.02,0.0,0.0,0.0,0.0,0.0,0.0,0.0,0.0,0.0,2019-12-20
17,hru17,1.027,0.0,0.0,0.0,0.0,0.0,0.0,0.0,0.0,0.0,2019-12-20
18,hru18,1.03,0.0,0.0,0.0,0.0,0.0,0.0,0.0,0.0,0.0,2019-12-20
19,hru19,1.035,0.0,0.0,0.0,0.0,0.0,0.0,0.0,0.0,0.0,2019-12-20
20,hru20,1.03,0.0,0.0,0.0,0.0,0.0,0.0,0.0,0.0,0.0,2019-12-20
21,hru21,1.03,0.0,0.0,0.0,0.0,0.0,0.0,0.0,0.0,0.0,2019-12-20
22,hru22,1.03,0.0,0.0,0.0,0.0,0.0,0.0,0.0,0.0,0.0,2019-12-20
23,hru23,1.03,0.0,0.0,0.0,0.0,0.0,0.0,0.0,0.0,0.0,2019-12-20
24,hru24,1.03,0.0,0.0,0.0,0.0,0.0,0.0,0.0,0.0,0.0,2019-12-20
25,hru25,1.03,0.0,0.0,0.0,0.0,0.0,0.0,0.0,0.0,0.0,2019-12-20
26,hru26,1.03,0.0,0.0,0.0,0.0,0.0,0.0,0.0,0.0,0.0,2019-12-20
27,hru27,1.022,0.0,0.0,0.0,0.0,0.0,0.0,0.0,0.0,0.0,2019-12-20
28,hru28,1.023,0.0,0.0,0.0,0.0,0.0,0.0,0.0,0.0,0.0,2019-12-20
29,hru29,1.021,0.0,0.0,0.0,0.0,0.0,0.0,0.0,0.0,0.0,2019-12-20
30,hru30,1.02,0.0,0.0,0.0,0.0,0.0,0.0,0.0,0.0,0.0,2019-12-20
31,hru31,1.012,0.0,0.0,0.0,0.0,0.0,0.0,0.0,0.0,0.0,2019-12-20
32,hru32,1.026,0.0,0.0,0.0,0.0,0.0,0.0,0.0,0.0,0.0,2019-12-20
33,hru33,1.019,0.0,0.0,0.0,0.0,0.0,0.0,0.0,0.0,0.0,2019-12-20
34,hru34,1.019,0.0,0.0,0.0,0.0,0.0,0.0,0.0,0.0,0.0,2019-12-20
35,hru35,1.012,0.0,0.0,0.0,0.0,0.0,0.0,0.0,0.0,0.0,2019-12-20
36,hru36,1.019,0.0,0.0,0.0,0.0,0.0,0.0,0.0,0.0,0.0,2019-12-20
1,hru01,1.012,0.0,0.0,0.0,0.0,0.0,0.0,0.0,0.0,0.0,2019-12-21
2,hru02,1.019,0.0,0.0,0.0,0.0,0.0,0.0,0.0,0.0,0.0,2019-12-21
3,hru03,1.004,0.0,0.0,0.0,0.0,0.0,0.0,0.0,0.0,0.0,2019-12-21
4,hru04,1.009,0.0,0.0,0.0,0.0,0.0,0.0,0.0,0.0,0.0,2019-12-21
5,hru05,1.016,0.0,0.0,0.0,0.0,0.0,0.0,0.0,0.0,0.0,2019-12-21
6,hru06,1.016,0.0,0.0,0.0,0.0,0.0,0.0,0.0,0.0,0.0,2019-12-21
7,hru07,1.023,0.0,0.0,0.0,0.0,0.0,0.0,0.0,0.0,0.0,2019-12-21
8,hru08,1.004,0.0,0.0,0.0,0.0,0.0,0.0,0.0,0.0,0.0,2019-12-21
9,hru09,1.018,0.0,0.0,0.0,0.0,0.0,0.0,0.0,0.0,0.0,2019-12-21
10,hru10,1.018,0.0,0.0,0.0,0.0,0.0,0.0,0.0,0.0,0.0,2019-12-21
11,hru11,1.024,0.0,0.0,0.0,0.0,0.0,0.0,0.0,0.0,0.0,2019-12-21
12,hru12,1.022,0.0,0.0,0.0,0.0,0.0,0.0,0.0,0.0,0.0,2019-12-21
13,hru13,1.026,0.0,0.0,0.0,0.0,0.0,0.0,0.0,0.0,0.0,2019-12-21
14,hru14,1.022,0.0,0.0,0.0,0.0,0.0,0.0,0.0,0.0,0.0,2019-12-21
15,hru15,1.031,0.0,0.0,0.0,0.0,0.0,0.0,0.0,0.0,0.0,2019-12-21
16,hru16,1.021,0.0,0.0,0.0,0.0,0.0,0.0,0.0,0.0,0.0,2019-12-21
17,hru17,1.028,0.0,0.0,0.0,0.0,0.0,0.0,0.0,0.0,0.0,2019-12-21
18,hru18,1.03,0.0,0.0,0.0,0.0,0.0,0.0,0.0,0.0,0.0,2019-12-21
19,hru19,1.035,0.0,0.0,0.0,0.0,0.0,0.0,0.0,0.0,0.0,2019-12-21
20,hru20,1.031,0.0,0.0,0.0,0.0,0.0,0.0,0.0,0.0,0.0,2019-12-21
21,hru21,1.031,0.0,0.0,0.0,0.0,0.0,0.0,0.0,0.0,0.0,2019-12-21
22,hru22,1.03,0.0,0.0,0.0,0.0,0.0,0.0,0.0,0.0,0.0,2019-12-21
23,hru23,1.03,0.0,0.0,0.0,0.0,0.0,0.0,0.0,0.0,0.0,2019-12-21
24,hru24,1.031,0.0,0.0,0.0,0.0,0.0,0.0,0.0,0.0,0.0,2019-12-21
25,hru25,1.031,0.0,0.0,0.0,0.0,0.0,0.0,0.0,0.0,0.0,2019-12-21
26,hru26,1.031,0.0,0.0,0.0,0.0,0.0,0.0,0.0,0.0,0.0,2019-12-21
27,hru27,1.022,0.0,0.0,0.0,0.0,0.0,0.0,0.0,0.0,0.0,2019-12-21
28,hru28,1.024,0.0,0.0,0.0,0.0,0.0,0.0,0.0,0.0,0.0,2019-12-21
29,hru29,1.021,0.0,0.0,0.0,0.0,0.0,0.0,0.0,0.0,0.0,2019-12-21
30,hru30,1.02,0.0,0.0,0.0,0.0,0.0,0.0,0.0,0.0,0.0,2019-12-21
31,hru31,1.012,0.0,0.0,0.0,0.0,0.0,0.0,0.0,0.0,0.0,2019-12-21
32,hru32,1.026,0.0,0.0,0.0,0.0,0.0,0.0,0.0,0.0,0.0,2019-12-21
33,hru33,1.019,0.0,0.0,0.0,0.0,0.0,0.0,0.0,0.0,0.0,2019-12-21
34,hru34,1.019,0.0,0.0,0.0,0.0,0.0,0.0,0.0,0.0,0.0,2019-12-21
35,hru35,1.013,0.0,0.0,0.0,0.0,0.0,0.0,0.0,0.0,0.0,2019-12-21
36,hru36,1.019,0.0,0.0,0.0,0.0,0.0,0.0,0.0,0.0,0.0,2019-12-21
1,hru01,1.013,0.0,0.0,0.0,0.0,0.0,0.0,0.0,0.0,0.0,2019-12-22
2,hru02,1.02,0.0,0.0,0.0,0.0,0.0,0.0,0.0,0.0,0.0,2019-12-22
3,hru03,1.005,0.0,0.0,0.0,0.0,0.0,0.0,0.0,0.0,0.0,2019-12-22
4,hru04,1.01,0.0,0.0,0.0,0.0,0.0,0.0,0.0,0.0,0.0,2019-12-22
5,hru05,1.018,0.0,0.0,0.0,0.0,0.0,0.0,0.0,0.0,0.0,2019-12-22
6,hru06,1.018,0.0,0.0,0.0,0.0,0.0,0.0,0.0,0.0,0.0,2019-12-22
7,hru07,1.025,0.0,0.0,0.0,0.0,0.0,0.0,0.0,0.0,0.0,2019-12-22
8,hru08,1.005,0.0,0.0,0.0,0.0,0.0,0.0,0.0,0.0,0.0,2019-12-22
9,hru09,1.02,0.0,0.0,0.0,0.0,0.0,0.0,0.0,0.0,0.0,2019-12-22
10,hru10,1.02,0.0,0.0,0.0,0.0,0.0,0.0,0.0,0.0,0.0,2019-12-22
11,hru11,1.025,0.0,0.0,0.0,0.0,0.0,0.0,0.0,0.0,0.0,2019-12-22
12,hru12,1.023,0.0,0.0,0.0,0.0,0.0,0.0,0.0,0.0,0.0,2019-12-22
13,hru13,1.028,0.0,0.0,0.0,0.0,0.0,0.0,0.0,0.0,0.0,2019-12-22
14,hru14,1.023,0.0,0.0,0.0,0.0,0.0,0.0,0.0,0.0,0.0,2019-12-22
15,hru15,1.032,0.0,0.0,0.0,0.0,0.0,0.0,0.0,0.0,0.0,2019-12-22
16,hru16,1.022,0.0,0.0,0.0,0.0,0.0,0.0,0.0,0.0,0.0,2019-12-22
17,hru17,1.029,0.0,0.0,0.0,0.0,0.0,0.0,0.0,0.0,0.0,2019-12-22
18,hru18,1.032,0.0,0.0,0.0,0.0,0.0,0.0,0.0,0.0,0.0,2019-12-22
19,hru19,1.037,0.0,0.0,0.0,0.0,0.0,0.0,0.0,0.0,0.0,2019-12-22
20,hru20,1.032,0.0,0.0,0.0,0.0,0.0,0.0,0.0,0.0,0.0,2019-12-22
21,hru21,1.032,0.0,0.0,0.0,0.0,0.0,0.0,0.0,0.0,0.0,2019-12-22
22,hru22,1.032,0.0,0.0,0.0,0.0,0.0,0.0,0.0,0.0,0.0,2019-12-22
23,hru23,1.032,0.0,0.0,0.0,0.0,0.0,0.0,0.0,0.0,0.0,2019-12-22
24,hru24,1.032,0.0,0.0,0.0,0.0,0.0,0.0,0.0,0.0,0.0,2019-12-22
25,hru25,1.032,0.0,0.0,0.0,0.0,0.0,0.0,0.0,0.0,0.0,2019-12-22
26,hru26,1.032,0.0,0.0,0.0,0.0,0.0,0.0,0.0,0.0,0.0,2019-12-22
27,hru27,1.024,0.0,0.0,0.0,0.0,0.0,0.0,0.0,0.0,0.0,2019-12-22
28,hru28,1.025,0.0,0.0,0.0,0.0,0.0,0.0,0.0,0.0,0.0,2019-12-22
29,hru29,1.023,0.0,0.0,0.0,0.0,0.0,0.0,0.0,0.0,0.0,2019-12-22
30,hru30,1.022,0.0,0.0,0.0,0.0,0.0,0.0,0.0,0.0,0.0,2019-12-22
31,hru31,1.013,0.0,0.0,0.0,0.0,0.0,0.0,0.0,0.0,0.0,2019-12-22
32,hru32,1.028,0.0,0.0,0.0,0.0,0.0,0.0,0.0,0.0,0.0,2019-12-22
33,hru33,1.021,0.0,0.0,0.0,0.0,0.0,0.0,0.0,0.0,0.0,2019-12-22
34,hru34,1.021,0.0,0.0,0.0,0.0,0.0,0.0,0.0,0.0,0.0,2019-12-22
35,hru35,1.014,0.0,0.0,0.0,0.0,0.0,0.0,0.0,0.0,0.0,2019-12-22
36,hru36,1.021,0.0,0.0,0.0,0.0,0.0,0.0,0.0,0.0,0.0,2019-12-22
1,hru01,1.014,0.0,0.0,0.0,0.0,0.0,0.0,0.0,0.0,0.0,2019-12-23
2,hru02,1.021,0.0,0.0,0.0,0.0,0.0,0.0,0.0,0.0,0.0,2019-12-23
3,hru03,1.006,0.0,0.0,0.0,0.0,0.0,0.0,0.0,0.0,0.0,2019-12-23
4,hru04,1.011,0.0,0.0,0.0,0.0,0.0,0.0,0.0,0.0,0.0,2019-12-23
5,hru05,1.019,0.0,0.0,0.0,0.0,0.0,0.0,0.0,0.0,0.0,2019-12-23
6,hru06,1.019,0.0,0.0,0.0,0.0,0.0,0.0,0.0,0.0,0.0,2019-12-23
7,hru07,1.026,0.0,0.0,0.0,0.0,0.0,0.0,0.0,0.0,0.0,2019-12-23
8,hru08,1.006,0.0,0.0,0.0,0.0,0.0,0.0,0.0,0.0,0.0,2019-12-23
9,hru09,1.02,0.0,0.0,0.0,0.0,0.0,0.0,0.0,0.0,0.0,2019-12-23
10,hru10,1.02,0.0,0.0,0.0,0.0,0.0,0.0,0.0,0.0,0.0,2019-12-23
11,hru11,1.026,0.0,0.0,0.0,0.0,0.0,0.0,0.0,0.0,0.0,2019-12-23
12,hru12,1.024,0.0,0.0,0.0,0.0,0.0,0.0,0.0,0.0,0.0,2019-12-23
13,hru13,1.029,0.0,0.0,0.0,0.0,0.0,0.0,0.0,0.0,0.0,2019-12-23
14,hru14,1.024,0.0,0.0,0.0,0.0,0.0,0.0,0.0,0.0,0.0,2019-12-23
15,hru15,1.033,0.0,0.0,0.0,0.0,0.0,0.0,0.0,0.0,0.0,2019-12-23
16,hru16,1.023,0.0,0.0,0.0,0.0,0.0,0.0,0.0,0.0,0.0,2019-12-23
17,hru17,1.03,0.0,0.0,0.0,0.0,0.0,0.0,0.0,0.0,0.0,2019-12-23
18,hru18,1.033,0.0,0.0,0.0,0.0,0.0,0.0,0.0,0.0,0.0,2019-12-23
19,hru19,1.038,0.0,0.0,0.0,0.0,0.0,0.0,0.0,0.0,0.0,2019-12-23
20,hru20,1.033,0.0,0.0,0.0,0.0,0.0,0.0,0.0,0.0,0.0,2019-12-23
21,hru21,1.033,0.0,0.0,0.0,0.0,0.0,0.0,0.0,0.0,0.0,2019-12-23
22,hru22,1.033,0.0,0.0,0.0,0.0,0.0,0.0,0.0,0.0,0.0,2019-12-23
23,hru23,1.033,0.0,0.0,0.0,0.0,0.0,0.0,0.0,0.0,0.0,2019-12-23
24,hru24,1.033,0.0,0.0,0.0,0.0,0.0,0.0,0.0,0.0,0.0,2019-12-23
25,hru25,1.033,0.0,0.0,0.0,0.0,0.0,0.0,0.0,0.0,0.0,2019-12-23
26,hru26,1.033,0.0,0.0,0.0,0.0,0.0,0.0,0.0,0.0,0.0,2019-12-23
27,hru27,1.025,0.0,0.0,0.0,0.0,0.0,0.0,0.0,0.0,0.0,2019-12-23
28,hru28,1.026,0.0,0.0,0.0,0.0,0.0,0.0,0.0,0.0,0.0,2019-12-23
29,hru29,1.024,0.0,0.0,0.0,0.0,0.0,0.0,0.0,0.0,0.0,2019-12-23
30,hru30,1.023,0.0,0.0,0.0,0.0,0.0,0.0,0.0,0.0,0.0,2019-12-23
31,hru31,1.014,0.0,0.0,0.0,0.0,0.0,0.0,0.0,0.0,0.0,2019-12-23
32,hru32,1.029,0.0,0.0,0.0,0.0,0.0,0.0,0.0,0.0,0.0,2019-12-23
33,hru33,1.022,0.0,0.0,0.0,0.0,0.0,0.0,0.0,0.0,0.0,2019-12-23
34,hru34,1.022,0.0,0.0,0.0,0.0,0.0,0.0,0.0,0.0,0.0,2019-12-23
35,hru35,1.015,0.0,0.0,0.0,0.0,0.0,0.0,0.0,0.0,0.0,2019-12-23
36,hru36,1.022,0.0,0.0,0.0,0.0,0.0,0.0,0.0,0.0,0.0,2019-12-23
1,hru01,1.015,0.0,0.0,0.0,0.0,0.0,0.0,0.0,0.0,0.0,2019-12-24
2,hru02,1.022,0.0,0.0,0.0,0.0,0.0,0.0,0.0,0.0,0.0,2019-12-24
3,hru03,1.007,0.0,0.0,0.0,0.0,0.0,0.0,0.0,0.0,0.0,2019-12-24
4,hru04,1.012,0.0,0.0,0.0,0.0,0.0,0.0,0.0,0.0,0.0,2019-12-24
5,hru05,1.02,0.0,0.0,0.0,0.0,0.0,0.0,0.0,0.0,0.0,2019-12-24
6,hru06,1.02,0.0,0.0,0.0,0.0,0.0,0.0,0.0,0.0,0.0,2019-12-24
7,hru07,1.027,0.0,0.0,0.0,0.0,0.0,0.0,0.0,0.0,0.0,2019-12-24
8,hru08,1.007,0.0,0.0,0.0,0.0,0.0,0.0,0.0,0.0,0.0,2019-12-24
9,hru09,1.021,0.0,0.0,0.0,0.0,0.0,0.0,0.0,0.0,0.0,2019-12-24
10,hru10,1.021,0.0,0.0,0.0,0.0,0.0,0.0,0.0,0.0,0.0,2019-12-24
11,hru11,1.027,0.0,0.0,0.0,0.0,0.0,0.0,0.0,0.0,0.0,2019-12-24
12,hru12,1.025,0.0,0.0,0.0,0.0,0.0,0.0,0.0,0.0,0.0,2019-12-24
13,hru13,1.03,0.0,0.0,0.0,0.0,0.0,0.0,0.0,0.0,0.0,2019-12-24
14,hru14,1.025,0.0,0.0,0.0,0.0,0.0,0.0,0.0,0.0,0.0,2019-12-24
15,hru15,1.035,0.0,0.0,0.0,0.0,0.0,0.0,0.0,0.0,0.0,2019-12-24
16,hru16,1.024,0.0,0.0,0.0,0.0,0.0,0.0,0.0,0.0,0.0,2019-12-24
17,hru17,1.031,0.0,0.0,0.0,0.0,0.0,0.0,0.0,0.0,0.0,2019-12-24
18,hru18,1.034,0.0,0.0,0.0,0.0,0.0,0.0,0.0,0.0,0.0,2019-12-24
19,hru19,1.039,0.0,0.0,0.0,0.0,0.0,0.0,0.0,0.0,0.0,2019-12-24
20,hru20,1.034,0.0,0.0,0.0,0.0,0.0,0.0,0.0,0.0,0.0,2019-12-24
21,hru21,1.035,0.0,0.0,0.0,0.0,0.0,0.0,0.0,0.0,0.0,2019-12-24
22,hru22,1.034,0.0,0.0,0.0,0.0,0.0,0.0,0.0,0.0,0.0,2019-12-24
23,hru23,1.034,0.0,0.0,0.0,0.0,0.0,0.0,0.0,0.0,0.0,2019-12-24
24,hru24,1.034,0.0,0.0,0.0,0.0,0.0,0.0,0.0,0.0,0.0,2019-12-24
25,hru25,1.034,0.0,0.0,0.0,0.0,0.0,0.0,0.0,0.0,0.0,2019-12-24
26,hru26,1.034,0.0,0.0,0.0,0.0,0.0,0.0,0.0,0.0,0.0,2019-12-24
27,hru27,1.026,0.0,0.0,0.0,0.0,0.0,0.0,0.0,0.0,0.0,2019-12-24
28,hru28,1.027,0.0,0.0,0.0,0.0,0.0,0.0,0.0,0.0,0.0,2019-12-24
29,hru29,1.025,0.0,0.0,0.0,0.0,0.0,0.0,0.0,0.0,0.0,2019-12-24
30,hru30,1.024,0.0,0.0,0.0,0.0,0.0,0.0,0.0,0.0,0.0,2019-12-24
31,hru31,1.015,0.0,0.0,0.0,0.0,0.0,0.0,0.0,0.0,0.0,2019-12-24
32,hru32,1.03,0.0,0.0,0.0,0.0,0.0,0.0,0.0,0.0,0.0,2019-12-24
33,hru33,1.023,0.0,0.0,0.0,0.0,0.0,0.0,0.0,0.0,0.0,2019-12-24
34,hru34,1.023,0.0,0.0,0.0,0.0,0.0,0.0,0.0,0.0,0.0,2019-12-24
35,hru35,1.016,0.0,0.0,0.0,0.0,0.0,0.0,0.0,0.0,0.0,2019-12-24
36,hru36,1.023,0.0,0.0,0.0,0.0,0.0,0.0,0.0,0.0,0.0,2019-12-24
1,hru01,1.017,0.0,0.0,0.0,0.0,0.0,0.0,0.0,0.0,0.0,2019-12-25
2,hru02,1.024,0.0,0.0,0.0,0.0,0.0,0.0,0.0,0.0,0.0,2019-12-25
3,hru03,1.009,0.0,0.0,0.0,0.0,0.0,0.0,0.0,0.0,0.0,2019-12-25
4,hru04,1.014,0.0,0.0,0.0,0.0,0.0,0.0,0.0,0.0,0.0,2019-12-25
5,hru05,1.021,0.0,0.0,0.0,0.0,0.0,0.0,0.0,0.0,0.0,2019-12-25
6,hru06,1.021,0.0,0.0,0.0,0.0,0.0,0.0,0.0,0.0,0.0,2019-12-25
7,hru07,1.029,0.0,0.0,0.0,0.0,0.0,0.0,0.0,0.0,0.0,2019-12-25
8,hru08,1.009,0.0,0.0,0.0,0.0,0.0,0.0,0.0,0.0,0.0,2019-12-25
9,hru09,1.023,0.0,0.0,0.0,0.0,0.0,0.0,0.0,0.0,0.0,2019-12-25
10,hru10,1.023,0.0,0.0,0.0,0.0,0.0,0.0,0.0,0.0,0.0,2019-12-25
11,hru11,1.029,0.0,0.0,0.0,0.0,0.0,0.0,0.0,0.0,0.0,2019-12-25
12,hru12,1.027,0.0,0.0,0.0,0.0,0.0,0.0,0.0,0.0,0.0,2019-12-25
13,hru13,1.032,0.0,0.0,0.0,0.0,0.0,0.0,0.0,0.0,0.0,2019-12-25
14,hru14,1.027,0.0,0.0,0.0,0.0,0.0,0.0,0.0,0.0,0.0,2019-12-25
15,hru15,1.037,0.0,0.0,0.0,0.0,0.0,0.0,0.0,0.0,0.0,2019-12-25
16,hru16,1.026,0.0,0.0,0.0,0.0,0.0,0.0,0.0,0.0,0.0,2019-12-25
17,hru17,1.033,0.0,0.0,0.0,0.0,0.0,0.0,0.0,0.0,0.0,2019-12-25
18,hru18,1.036,0.0,0.0,0.0,0.0,0.0,0.0,0.0,0.0,0.0,2019-12-25
19,hru19,1.041,0.0,0.0,0.0,0.0,0.0,0.0,0.0,0.0,0.0,2019-12-25
20,hru20,1.036,0.0,0.0,0.0,0.0,0.0,0.0,0.0,0.0,0.0,2019-12-25
21,hru21,1.037,0.0,0.0,0.0,0.0,0.0,0.0,0.0,0.0,0.0,2019-12-25
22,hru22,1.036,0.0,0.0,0.0,0.0,0.0,0.0,0.0,0.0,0.0,2019-12-25
23,hru23,1.036,0.0,0.0,0.0,0.0,0.0,0.0,0.0,0.0,0.0,2019-12-25
24,hru24,1.036,0.0,0.0,0.0,0.0,0.0,0.0,0.0,0.0,0.0,2019-12-25
25,hru25,1.036,0.0,0.0,0.0,0.0,0.0,0.0,0.0,0.0,0.0,2019-12-25
26,hru26,1.036,0.0,0.0,0.0,0.0,0.0,0.0,0.0,0.0,0.0,2019-12-25
27,hru27,1.028,0.0,0.0,0.0,0.0,0.0,0.0,0.0,0.0,0.0,2019-12-25
28,hru28,1.029,0.0,0.0,0.0,0.0,0.0,0.0,0.0,0.0,0.0,2019-12-25
29,hru29,1.027,0.0,0.0,0.0,0.0,0.0,0.0,0.0,0.0,0.0,2019-12-25
30,hru30,1.026,0.0,0.0,0.0,0.0,0.0,0.0,0.0,0.0,0.0,2019-12-25
31,hru31,1.017,0.0,0.0,0.0,0.0,0.0,0.0,0.0,0.0,0.0,2019-12-25
32,hru32,1.032,0.0,0.0,0.0,0.0,0.0,0.0,0.0,0.0,0.0,2019-12-25
33,hru33,1.025,0.0,0.0,0.0,0.0,0.0,0.0,0.0,0.0,0.0,2019-12-25
34,hru34,1.025,0.0,0.0,0.0,0.0,0.0,0.0,0.0,0.0,0.0,2019-12-25
35,hru35,1.017,0.0,0.0,0.0,0.0,0.0,0.0,0.0,0.0,0.0,2019-12-25
36,hru36,1.025,0.0,0.0,0.0,0.0,0.0,0.0,0.0,0.0,0.0,2019-12-25
1,hru01,1.017,0.0,0.0,0.0,0.0,0.0,0.0,0.0,0.0,0.0,2019-12-26
2,hru02,1.024,0.0,0.0,0.0,0.0,0.0,0.0,0.0,0.0,0.0,2019-12-26
3,hru03,1.009,0.0,0.0,0.0,0.0,0.0,0.0,0.0,0.0,0.0,2019-12-26
4,hru04,1.014,0.0,0.0,0.0,0.0,0.0,0.0,0.0,0.0,0.0,2019-12-26
5,hru05,1.021,0.0,0.0,0.0,0.0,0.0,0.0,0.0,0.0,0.0,2019-12-26
6,hru06,1.021,0.0,0.0,0.0,0.0,0.0,0.0,0.0,0.0,0.0,2019-12-26
7,hru07,1.029,0.0,0.0,0.0,0.0,0.0,0.0,0.0,0.0,0.0,2019-12-26
8,hru08,1.009,0.0,0.0,0.0,0.0,0.0,0.0,0.0,0.0,0.0,2019-12-26
9,hru09,1.023,0.0,0.0,0.0,0.0,0.0,0.0,0.0,0.0,0.0,2019-12-26
10,hru10,1.023,0.0,0.0,0.0,0.0,0.0,0.0,0.0,0.0,0.0,2019-12-26
11,hru11,1.029,0.0,0.0,0.0,0.0,0.0,0.0,0.0,0.0,0.0,2019-12-26
12,hru12,1.027,0.0,0.0,0.0,0.0,0.0,0.0,0.0,0.0,0.0,2019-12-26
13,hru13,1.032,0.0,0.0,0.0,0.0,0.0,0.0,0.0,0.0,0.0,2019-12-26
14,hru14,1.027,0.0,0.0,0.0,0.0,0.0,0.0,0.0,0.0,0.0,2019-12-26
15,hru15,1.037,0.0,0.0,0.0,0.0,0.0,0.0,0.0,0.0,0.0,2019-12-26
16,hru16,1.026,0.0,0.0,0.0,0.0,0.0,0.0,0.0,0.0,0.0,2019-12-26
17,hru17,1.033,0.0,0.0,0.0,0.0,0.0,0.0,0.0,0.0,0.0,2019-12-26
18,hru18,1.036,0.0,0.0,0.0,0.0,0.0,0.0,0.0,0.0,0.0,2019-12-26
19,hru19,1.041,0.0,0.0,0.0,0.0,0.0,0.0,0.0,0.0,0.0,2019-12-26
20,hru20,1.036,0.0,0.0,0.0,0.0,0.0,0.0,0.0,0.0,0.0,2019-12-26
21,hru21,1.037,0.0,0.0,0.0,0.0,0.0,0.0,0.0,0.0,0.0,2019-12-26
22,hru22,1.036,0.0,0.0,0.0,0.0,0.0,0.0,0.0,0.0,0.0,2019-12-26
23,hru23,1.036,0.0,0.0,0.0,0.0,0.0,0.0,0.0,0.0,0.0,2019-12-26
24,hru24,1.036,0.0,0.0,0.0,0.0,0.0,0.0,0.0,0.0,0.0,2019-12-26
25,hru25,1.036,0.0,0.0,0.0,0.0,0.0,0.0,0.0,0.0,0.0,2019-12-26
26,hru26,1.036,0.0,0.0,0.0,0.0,0.0,0.0,0.0,0.0,0.0,2019-12-26
27,hru27,1.028,0.0,0.0,0.0,0.0,0.0,0.0,0.0,0.0,0.0,2019-12-26
28,hru28,1.029,0.0,0.0,0.0,0.0,0.0,0.0,0.0,0.0,0.0,2019-12-26
29,hru29,1.027,0.0,0.0,0.0,0.0,0.0,0.0,0.0,0.0,0.0,2019-12-26
30,hru30,1.026,0.0,0.0,0.0,0.0,0.0,0.0,0.0,0.0,0.0,2019-12-26
31,hru31,1.017,0.0,0.0,0.0,0.0,0.0,0.0,0.0,0.0,0.0,2019-12-26
32,hru32,1.032,0.0,0.0,0.0,0.0,0.0,0.0,0.0,0.0,0.0,2019-12-26
33,hru33,1.025,0.0,0.0,0.0,0.0,0.0,0.0,0.0,0.0,0.0,2019-12-26
34,hru34,1.025,0.0,0.0,0.0,0.0,0.0,0.0,0.0,0.0,0.0,2019-12-26
35,hru35,1.017,0.0,0.0,0.0,0.0,0.0,0.0,0.0,0.0,0.0,2019-12-26
36,hru36,1.025,0.0,0.0,0.0,0.0,0.0,0.0,0.0,0.0,0.0,2019-12-26
1,hru01,1.017,0.0,0.0,0.0,0.0,0.0,0.0,0.0,0.0,0.0,2019-12-27
2,hru02,1.024,0.0,0.0,0.0,0.0,0.0,0.0,0.0,0.0,0.0,2019-12-27
3,hru03,1.009,0.0,0.0,0.0,0.0,0.0,0.0,0.0,0.0,0.0,2019-12-27
4,hru04,1.014,0.0,0.0,0.0,0.0,0.0,0.0,0.0,0.0,0.0,2019-12-27
5,hru05,1.021,0.0,0.0,0.0,0.0,0.0,0.0,0.0,0.0,0.0,2019-12-27
6,hru06,1.021,0.0,0.0,0.0,0.0,0.0,0.0,0.0,0.0,0.0,2019-12-27
7,hru07,1.029,0.0,0.0,0.0,0.0,0.0,0.0,0.0,0.0,0.0,2019-12-27
8,hru08,1.009,0.0,0.0,0.0,0.0,0.0,0.0,0.0,0.0,0.0,2019-12-27
9,hru09,1.023,0.0,0.0,0.0,0.0,0.0,0.0,0.0,0.0,0.0,2019-12-27
10,hru10,1.023,0.0,0.0,0.0,0.0,0.0,0.0,0.0,0.0,0.0,2019-12-27
11,hru11,1.029,0.0,0.0,0.0,0.0,0.0,0.0,0.0,0.0,0.0,2019-12-27
12,hru12,1.027,0.0,0.0,0.0,0.0,0.0,0.0,0.0,0.0,0.0,2019-12-27
13,hru13,1.032,0.0,0.0,0.0,0.0,0.0,0.0,0.0,0.0,0.0,2019-12-27
14,hru14,1.027,0.0,0.0,0.0,0.0,0.0,0.0,0.0,0.0,0.0,2019-12-27
15,hru15,1.037,0.0,0.0,0.0,0.0,0.0,0.0,0.0,0.0,0.0,2019-12-27
16,hru16,1.026,0.0,0.0,0.0,0.0,0.0,0.0,0.0,0.0,0.0,2019-12-27
17,hru17,1.033,0.0,0.0,0.0,0.0,0.0,0.0,0.0,0.0,0.0,2019-12-27
18,hru18,1.036,0.0,0.0,0.0,0.0,0.0,0.0,0.0,0.0,0.0,2019-12-27
19,hru19,1.041,0.0,0.0,0.0,0.0,0.0,0.0,0.0,0.0,0.0,2019-12-27
20,hru20,1.037,0.0,0.0,0.0,0.0,0.0,0.0,0.0,0.0,0.0,2019-12-27
21,hru21,1.037,0.0,0.0,0.0,0.0,0.0,0.0,0.0,0.0,0.0,2019-12-27
22,hru22,1.036,0.0,0.0,0.0,0.0,0.0,0.0,0.0,0.0,0.0,2019-12-27
23,hru23,1.036,0.0,0.0,0.0,0.0,0.0,0.0,0.0,0.0,0.0,2019-12-27
24,hru24,1.036,0.0,0.0,0.0,0.0,0.0,0.0,0.0,0.0,0.0,2019-12-27
25,hru25,1.037,0.0,0.0,0.0,0.0,0.0,0.0,0.0,0.0,0.0,2019-12-27
26,hru26,1.036,0.0,0.0,0.0,0.0,0.0,0.0,0.0,0.0,0.0,2019-12-27
27,hru27,1.028,0.0,0.0,0.0,0.0,0.0,0.0,0.0,0.0,0.0,2019-12-27
28,hru28,1.029,0.0,0.0,0.0,0.0,0.0,0.0,0.0,0.0,0.0,2019-12-27
29,hru29,1.027,0.0,0.0,0.0,0.0,0.0,0.0,0.0,0.0,0.0,2019-12-27
30,hru30,1.026,0.0,0.0,0.0,0.0,0.0,0.0,0.0,0.0,0.0,2019-12-27
31,hru31,1.017,0.0,0.0,0.0,0.0,0.0,0.0,0.0,0.0,0.0,2019-12-27
32,hru32,1.032,0.0,0.0,0.0,0.0,0.0,0.0,0.0,0.0,0.0,2019-12-27
33,hru33,1.025,0.0,0.0,0.0,0.0,0.0,0.0,0.0,0.0,0.0,2019-12-27
34,hru34,1.025,0.0,0.0,0.0,0.0,0.0,0.0,0.0,0.0,0.0,2019-12-27
35,hru35,1.017,0.0,0.0,0.0,0.0,0.0,0.0,0.0,0.0,0.0,2019-12-27
36,hru36,1.025,0.0,0.0,0.0,0.0,0.0,0.0,0.0,0.0,0.0,2019-12-27
1,hru01,1.018,0.0,0.0,0.0,0.0,0.0,0.0,0.0,0.0,0.0,2019-12-28
2,hru02,1.025,0.0,0.0,0.0,0.0,0.0,0.0,0.0,0.0,0.0,2019-12-28
3,hru03,1.009,0.0,0.0,0.0,0.0,0.0,0.0,0.0,0.0,0.0,2019-12-28
4,hru04,1.015,0.0,0.0,0.0,0.0,0.0,0.0,0.0,0.0,0.0,2019-12-28
5,hru05,1.022,0.0,0.0,0.0,0.0,0.0,0.0,0.0,0.0,0.0,2019-12-28
6,hru06,1.022,0.0,0.0,0.0,0.0,0.0,0.0,0.0,0.0,0.0,2019-12-28
7,hru07,1.03,0.0,0.0,0.0,0.0,0.0,0.0,0.0,0.0,0.0,2019-12-28
8,hru08,1.009,0.0,0.0,0.0,0.0,0.0,0.0,0.0,0.0,0.0,2019-12-28
9,hru09,1.024,0.0,0.0,0.0,0.0,0.0,0.0,0.0,0.0,0.0,2019-12-28
10,hru10,1.024,0.0,0.0,0.0,0.0,0.0,0.0,0.0,0.0,0.0,2019-12-28
11,hru11,1.031,0.0,0.0,0.0,0.0,0.0,0.0,0.0,0.0,0.0,2019-12-28
12,hru12,1.028,0.0,0.0,0.0,0.0,0.0,0.0,0.0,0.0,0.0,2019-12-28
13,hru13,1.033,0.0,0.0,0.0,0.0,0.0,0.0,0.0,0.0,0.0,2019-12-28
14,hru14,1.028,0.0,0.0,0.0,0.0,0.0,0.0,0.0,0.0,0.0,2019-12-28
15,hru15,1.038,0.0,0.0,0.0,0.0,0.0,0.0,0.0,0.0,0.0,2019-12-28
16,hru16,1.027,0.0,0.0,0.0,0.0,0.0,0.0,0.0,0.0,0.0,2019-12-28
17,hru17,1.034,0.0,0.0,0.0,0.0,0.0,0.0,0.0,0.0,0.0,2019-12-28
18,hru18,1.037,0.0,0.0,0.0,0.0,0.0,0.0,0.0,0.0,0.0,2019-12-28
19,hru19,1.042,0.0,0.0,0.0,0.0,0.0,0.0,0.0,0.0,0.0,2019-12-28
20,hru20,1.038,0.0,0.0,0.0,0.0,0.0,0.0,0.0,0.0,0.0,2019-12-28
21,hru21,1.038,0.0,0.0,0.0,0.0,0.0,0.0,0.0,0.0,0.0,2019-12-28
22,hru22,1.037,0.0,0.0,0.0,0.0,0.0,0.0,0.0,0.0,0.0,2019-12-28
23,hru23,1.037,0.0,0.0,0.0,0.0,0.0,0.0,0.0,0.0,0.0,2019-12-28
24,hru24,1.038,0.0,0.0,0.0,0.0,0.0,0.0,0.0,0.0,0.0,2019-12-28
25,hru25,1.038,0.0,0.0,0.0,0.0,0.0,0.0,0.0,0.0,0.0,2019-12-28
26,hru26,1.038,0.0,0.0,0.0,0.0,0.0,0.0,0.0,0.0,0.0,2019-12-28
27,hru27,1.029,0.0,0.0,0.0,0.0,0.0,0.0,0.0,0.0,0.0,2019-12-28
28,hru28,1.031,0.0,0.0,0.0,0.0,0.0,0.0,0.0,0.0,0.0,2019-12-28
29,hru29,1.028,0.0,0.0,0.0,0.0,0.0,0.0,0.0,0.0,0.0,2019-12-28
30,hru30,1.027,0.0,0.0,0.0,0.0,0.0,0.0,0.0,0.0,0.0,2019-12-28
31,hru31,1.018,0.0,0.0,0.0,0.0,0.0,0.0,0.0,0.0,0.0,2019-12-28
32,hru32,1.033,0.0,0.0,0.0,0.0,0.0,0.0,0.0,0.0,0.0,2019-12-28
33,hru33,1.026,0.0,0.0,0.0,0.0,0.0,0.0,0.0,0.0,0.0,2019-12-28
34,hru34,1.026,0.0,0.0,0.0,0.0,0.0,0.0,0.0,0.0,0.0,2019-12-28
35,hru35,1.018,0.0,0.0,0.0,0.0,0.0,0.0,0.0,0.0,0.0,2019-12-28
36,hru36,1.026,0.0,0.0,0.0,0.0,0.0,0.0,0.0,0.0,0.0,2019-12-28
1,hru01,1.018,0.0,0.0,0.0,0.0,0.0,0.0,0.0,0.0,0.0,2019-12-29
2,hru02,1.026,0.0,0.0,0.0,0.0,0.0,0.0,0.0,0.0,0.0,2019-12-29
3,hru03,1.01,0.0,0.0,0.0,0.0,0.0,0.0,0.0,0.0,0.0,2019-12-29
4,hru04,1.015,0.0,0.0,0.0,0.0,0.0,0.0,0.0,0.0,0.0,2019-12-29
5,hru05,1.023,0.0,0.0,0.0,0.0,0.0,0.0,0.0,0.0,0.0,2019-12-29
6,hru06,1.023,0.0,0.0,0.0,0.0,0.0,0.0,0.0,0.0,0.0,2019-12-29
7,hru07,1.031,0.0,0.0,0.0,0.0,0.0,0.0,0.0,0.0,0.0,2019-12-29
8,hru08,1.01,0.0,0.0,0.0,0.0,0.0,0.0,0.0,0.0,0.0,2019-12-29
9,hru09,1.025,0.0,0.0,0.0,0.0,0.0,0.0,0.0,0.0,0.0,2019-12-29
10,hru10,1.025,0.0,0.0,0.0,0.0,0.0,0.0,0.0,0.0,0.0,2019-12-29
11,hru11,1.031,0.0,0.0,0.0,0.0,0.0,0.0,0.0,0.0,0.0,2019-12-29
12,hru12,1.029,0.0,0.0,0.0,0.0,0.0,0.0,0.0,0.0,0.0,2019-12-29
13,hru13,1.034,0.0,0.0,0.0,0.0,0.0,0.0,0.0,0.0,0.0,2019-12-29
14,hru14,1.029,0.0,0.0,0.0,0.0,0.0,0.0,0.0,0.0,0.0,2019-12-29
15,hru15,1.039,0.0,0.0,0.0,0.0,0.0,0.0,0.0,0.0,0.0,2019-12-29
16,hru16,1.027,0.0,0.0,0.0,0.0,0.0,0.0,0.0,0.0,0.0,2019-12-29
17,hru17,1.035,0.0,0.0,0.0,0.0,0.0,0.0,0.0,0.0,0.0,2019-12-29
18,hru18,1.038,0.0,0.0,0.0,0.0,0.0,0.0,0.0,0.0,0.0,2019-12-29
19,hru19,1.043,0.0,0.0,0.0,0.0,0.0,0.0,0.0,0.0,0.0,2019-12-29
20,hru20,1.039,0.0,0.0,0.0,0.0,0.0,0.0,0.0,0.0,0.0,2019-12-29
21,hru21,1.039,0.0,0.0,0.0,0.0,0.0,0.0,0.0,0.0,0.0,2019-12-29
22,hru22,1.038,0.0,0.0,0.0,0.0,0.0,0.0,0.0,0.0,0.0,2019-12-29
23,hru23,1.038,0.0,0.0,0.0,0.0,0.0,0.0,0.0,0.0,0.0,2019-12-29
24,hru24,1.038,0.0,0.0,0.0,0.0,0.0,0.0,0.0,0.0,0.0,2019-12-29
25,hru25,1.039,0.0,0.0,0.0,0.0,0.0,0.0,0.0,0.0,0.0,2019-12-29
26,hru26,1.038,0.0,0.0,0.0,0.0,0.0,0.0,0.0,0.0,0.0,2019-12-29
27,hru27,1.03,0.0,0.0,0.0,0.0,0.0,0.0,0.0,0.0,0.0,2019-12-29
28,hru28,1.031,0.0,0.0,0.0,0.0,0.0,0.0,0.0,0.0,0.0,2019-12-29
29,hru29,1.028,0.0,0.0,0.0,0.0,0.0,0.0,0.0,0.0,0.0,2019-12-29
30,hru30,1.028,0.0,0.0,0.0,0.0,0.0,0.0,0.0,0.0,0.0,2019-12-29
31,hru31,1.018,0.0,0.0,0.0,0.0,0.0,0.0,0.0,0.0,0.0,2019-12-29
32,hru32,1.034,0.0,0.0,0.0,0.0,0.0,0.0,0.0,0.0,0.0,2019-12-29
33,hru33,1.026,0.0,0.0,0.0,0.0,0.0,0.0,0.0,0.0,0.0,2019-12-29
34,hru34,1.026,0.0,0.0,0.0,0.0,0.0,0.0,0.0,0.0,0.0,2019-12-29
35,hru35,1.019,0.0,0.0,0.0,0.0,0.0,0.0,0.0,0.0,0.0,2019-12-29
36,hru36,1.026,0.0,0.0,0.0,0.0,0.0,0.0,0.0,0.0,0.0,2019-12-29
1,hru01,1.018,0.0,0.0,0.0,0.0,0.0,0.0,0.0,0.0,0.0,2019-12-30
2,hru02,1.026,0.0,0.0,0.0,0.0,0.0,0.0,0.0,0.0,0.0,2019-12-30
3,hru03,1.01,0.0,0.0,0.0,0.0,0.0,0.0,0.0,0.0,0.0,2019-12-30
4,hru04,1.015,0.0,0.0,0.0,0.0,0.0,0.0,0.0,0.0,0.0,2019-12-30
5,hru05,1.023,0.0,0.0,0.0,0.0,0.0,0.0,0.0,0.0,0.0,2019-12-30
6,hru06,1.023,0.0,0.0,0.0,0.0,0.0,0.0,0.0,0.0,0.0,2019-12-30
7,hru07,1.031,0.0,0.0,0.0,0.0,0.0,0.0,0.0,0.0,0.0,2019-12-30
8,hru08,1.01,0.0,0.0,0.0,0.0,0.0,0.0,0.0,0.0,0.0,2019-12-30
9,hru09,1.025,0.0,0.0,0.0,0.0,0.0,0.0,0.0,0.0,0.0,2019-12-30
10,hru10,1.025,0.0,0.0,0.0,0.0,0.0,0.0,0.0,0.0,0.0,2019-12-30
11,hru11,1.031,0.0,0.0,0.0,0.0,0.0,0.0,0.0,0.0,0.0,2019-12-30
12,hru12,1.029,0.0,0.0,0.0,0.0,0.0,0.0,0.0,0.0,0.0,2019-12-30
13,hru13,1.034,0.0,0.0,0.0,0.0,0.0,0.0,0.0,0.0,0.0,2019-12-30
14,hru14,1.029,0.0,0.0,0.0,0.0,0.0,0.0,0.0,0.0,0.0,2019-12-30
15,hru15,1.039,0.0,0.0,0.0,0.0,0.0,0.0,0.0,0.0,0.0,2019-12-30
16,hru16,1.027,0.0,0.0,0.0,0.0,0.0,0.0,0.0,0.0,0.0,2019-12-30
17,hru17,1.035,0.0,0.0,0.0,0.0,0.0,0.0,0.0,0.0,0.0,2019-12-30
18,hru18,1.038,0.0,0.0,0.0,0.0,0.0,0.0,0.0,0.0,0.0,2019-12-30
19,hru19,1.043,0.0,0.0,0.0,0.0,0.0,0.0,0.0,0.0,0.0,2019-12-30
20,hru20,1.039,0.0,0.0,0.0,0.0,0.0,0.0,0.0,0.0,0.0,2019-12-30
21,hru21,1.039,0.0,0.0,0.0,0.0,0.0,0.0,0.0,0.0,0.0,2019-12-30
22,hru22,1.038,0.0,0.0,0.0,0.0,0.0,0.0,0.0,0.0,0.0,2019-12-30
23,hru23,1.038,0.0,0.0,0.0,0.0,0.0,0.0,0.0,0.0,0.0,2019-12-30
24,hru24,1.038,0.0,0.0,0.0,0.0,0.0,0.0,0.0,0.0,0.0,2019-12-30
25,hru25,1.039,0.0,0.0,0.0,0.0,0.0,0.0,0.0,0.0,0.0,2019-12-30
26,hru26,1.038,0.0,0.0,0.0,0.0,0.0,0.0,0.0,0.0,0.0,2019-12-30
27,hru27,1.03,0.0,0.0,0.0,0.0,0.0,0.0,0.0,0.0,0.0,2019-12-30
28,hru28,1.031,0.0,0.0,0.0,0.0,0.0,0.0,0.0,0.0,0.0,2019-12-30
29,hru29,1.028,0.0,0.0,0.0,0.0,0.0,0.0,0.0,0.0,0.0,2019-12-30
30,hru30,1.028,0.0,0.0,0.0,0.0,0.0,0.0,0.0,0.0,0.0,2019-12-30
31,hru31,1.018,0.0,0.0,0.0,0.0,0.0,0.0,0.0,0.0,0.0,2019-12-30
32,hru32,1.034,0.0,0.0,0.0,0.0,0.0,0.0,0.0,0.0,0.0,2019-12-30
33,hru33,1.026,0.0,0.0,0.0,0.0,0.0,0.0,0.0,0.0,0.0,2019-12-30
34,hru34,1.026,0.0,0.0,0.0,0.0,0.0,0.0,0.0,0.0,0.0,2019-12-30
35,hru35,1.019,0.0,0.0,0.0,0.0,0.0,0.0,0.0,0.0,0.0,2019-12-30
36,hru36,1.026,0.0,0.0,0.0,0.0,0.0,0.0,0.0,0.0,0.0,2019-12-30
1,hru01,1.018,0.0,0.0,0.0,0.0,0.0,0.0,0.0,0.0,0.0,2019-12-31
2,hru02,1.026,0.0,0.0,0.0,0.0,0.0,0.0,0.0,0.0,0.0,2019-12-31
3,hru03,1.01,0.0,0.0,0.0,0.0,0.0,0.0,0.0,0.0,0.0,2019-12-31
4,hru04,1.015,0.0,0.0,0.0,0.0,0.0,0.0,0.0,0.0,0.0,2019-12-31
5,hru05,1.023,0.0,0.0,0.0,0.0,0.0,0.0,0.0,0.0,0.0,2019-12-31
6,hru06,1.023,0.0,0.0,0.0,0.0,0.0,0.0,0.0,0.0,0.0,2019-12-31
7,hru07,1.031,0.0,0.0,0.0,0.0,0.0,0.0,0.0,0.0,0.0,2019-12-31
8,hru08,1.01,0.0,0.0,0.0,0.0,0.0,0.0,0.0,0.0,0.0,2019-12-31
9,hru09,1.025,0.0,0.0,0.0,0.0,0.0,0.0,0.0,0.0,0.0,2019-12-31
10,hru10,1.025,0.0,0.0,0.0,0.0,0.0,0.0,0.0,0.0,0.0,2019-12-31
11,hru11,1.031,0.0,0.0,0.0,0.0,0.0,0.0,0.0,0.0,0.0,2019-12-31
12,hru12,1.029,0.0,0.0,0.0,0.0,0.0,0.0,0.0,0.0,0.0,2019-12-31
13,hru13,1.034,0.0,0.0,0.0,0.0,0.0,0.0,0.0,0.0,0.0,2019-12-31
14,hru14,1.029,0.0,0.0,0.0,0.0,0.0,0.0,0.0,0.0,0.0,2019-12-31
15,hru15,1.039,0.0,0.0,0.0,0.0,0.0,0.0,0.0,0.0,0.0,2019-12-31
16,hru16,1.027,0.0,0.0,0.0,0.0,0.0,0.0,0.0,0.0,0.0,2019-12-31
17,hru17,1.035,0.0,0.0,0.0,0.0,0.0,0.0,0.0,0.0,0.0,2019-12-31
18,hru18,1.038,0.0,0.0,0.0,0.0,0.0,0.0,0.0,0.0,0.0,2019-12-31
19,hru19,1.043,0.0,0.0,0.0,0.0,0.0,0.0,0.0,0.0,0.0,2019-12-31
20,hru20,1.039,0.0,0.0,0.0,0.0,0.0,0.0,0.0,0.0,0.0,2019-12-31
21,hru21,1.039,0.0,0.0,0.0,0.0,0.0,0.0,0.0,0.0,0.0,2019-12-31
22,hru22,1.038,0.0,0.0,0.0,0.0,0.0,0.0,0.0,0.0,0.0,2019-12-31
23,hru23,1.038,0.0,0.0,0.0,0.0,0.0,0.0,0.0,0.0,0.0,2019-12-31
24,hru24,1.038,0.0,0.0,0.0,0.0,0.0,0.0,0.0,0.0,0.0,2019-12-31
25,hru25,1.039,0.0,0.0,0.0,0.0,0.0,0.0,0.0,0.0,0.0,2019-12-31
26,hru26,1.038,0.0,0.0,0.0,0.0,0.0,0.0,0.0,0.0,0.0,2019-12-31
27,hru27,1.03,0.0,0.0,0.0,0.0,0.0,0.0,0.0,0.0,0.0,2019-12-31
28,hru28,1.031,0.0,0.0,0.0,0.0,0.0,0.0,0.0,0.0,0.0,2019-12-31
29,hru29,1.028,0.0,0.0,0.0,0.0,0.0,0.0,0.0,0.0,0.0,2019-12-31
30,hru30,1.028,0.0,0.0,0.0,0.0,0.0,0.0,0.0,0.0,0.0,2019-12-31
31,hru31,1.018,0.0,0.0,0.0,0.0,0.0,0.0,0.0,0.0,0.0,2019-12-31
32,hru32,1.034,0.0,0.0,0.0,0.0,0.0,0.0,0.0,0.0,0.0,2019-12-31
33,hru33,1.026,0.0,0.0,0.0,0.0,0.0,0.0,0.0,0.0,0.0,2019-12-31
34,hru34,1.026,0.0,0.0,0.0,0.0,0.0,0.0,0.0,0.0,0.0,2019-12-31
35,hru35,1.019,0.0,0.0,0.0,0.0,0.0,0.0,0.0,0.0,0.0,2019-12-31
36,hru36,1.026,0.0,0.0,0.0,0.0,0.0,0.0,0.0,0.0,0.0,2019-12-31
