date,active,crop.active,crop.source,crop.window_status,crop.limitation,crop.crop,crop.season_id,crop.phenological_stage,field.units.soil_moisture_vol,field.units.mean_LAI,field.units.canopy_cover,field.units.root_depth_mean_m,field.units.actual_ET_mm_day,field.units.potential_ET_mm_day,field.units.transpiration_mm_day,field.units.soil_water_uptake_mm_day,field.units.water_stress,field.units.biomass_g_plant,field.units.yield_estimate_g_plant,field.units.mean_growing_degree_days_c_day,field.units.mean_thermal_maturity_gdd,field.units.phenology_fraction,field.units.canopy_extinction_coefficient,field.units.biomass_energy_ratio_kg_ha_per_mj_m2,field.coupling_parameter_provenance.ext_co.source_type,field.coupling_parameter_provenance.ext_co.source_value,field.coupling_parameter_provenance.ext_co.population_mean,field.coupling_parameter_provenance.ext_co.population_std,field.coupling_parameter_provenance.ext_co.assumption_status,field.coupling_parameter_provenance.ext_co.calibrated,field.coupling_parameter_provenance.ext_co.intra_population_variation,field.coupling_parameter_provenance.ext_co.model_clamp.minimum,field.coupling_parameter_provenance.ext_co.model_clamp.maximum,field.coupling_parameter_provenance.ext_co.swat_documented_range.minimum,field.coupling_parameter_provenance.ext_co.swat_documented_range.maximum,field.coupling_parameter_provenance.bm_e.source_type,field.coupling_parameter_provenance.bm_e.source_value,field.coupling_parameter_provenance.bm_e.population_mean,field.coupling_parameter_provenance.bm_e.population_std,field.coupling_parameter_provenance.bm_e.assumption_status,field.coupling_parameter_provenance.bm_e.calibrated,field.coupling_parameter_provenance.bm_e.intra_population_variation,field.coupling_parameter_provenance.bm_e.model_clamp.minimum,field.coupling_parameter_provenance.bm_e.model_clamp.maximum,field.coupling_parameter_provenance.bm_e.swat_documented_range.minimum,field.coupling_parameter_provenance.bm_e.swat_documented_range.maximum,field.evidence_type,field.provenance.source,field.provenance.version,field.provenance.aggregation,field.provenance.units_explicit,field.provenance.classification,field.soil_moisture_vol,field.field_capacity_vol_percent,field.mean_stress,field.biomass_energy_ratio_kg_ha_per_mj_m2,field.plant_height_mean_m,field.root_depth_mean_m,field.yield_estimate_g_plant,field.soil_water_uptake_mm_day,field.mean_thermal_maturity_gdd,field.mean_transpiration_mm,field.biomass_g_plant,field.actual_ET_mm_day,field.potential_ET_mm_day,field.canopy_extinction_coefficient,field.estimated_root_zone_depth_mm,field.estimated_plant_available_fraction,field.phenology_fraction,field.mean_LAI,field.mean_lai,field.mean_growing_degree_days_c_day,field.wilting_point_vol_percent,field.canopy_cover,field.transpiration_mm_day,field.n_plants,field.active_crop_area_fraction,field.active_calendar_group_count,field.calendar_group_count,field.soil_moisture_source,field.calendar_aggregation,field.summary_semantics
2019-01-01,False,False,SWAT+ mgt_out.txt executed crop calendar,NO_ACTIVE_EXECUTED_CROP_CALENDAR,No maize cohort is within its executed SWAT+ plant-to-harvest interval; no plant state is emitted,,,,,,,,,,,,,,,,,,,,,,,,,,,,,,,,,,,,,,,,,,,,,,,,,,,,,,,,,,,,,,,,,,,,,,,,,,,,,
2019-01-02,False,False,SWAT+ mgt_out.txt executed crop calendar,NO_ACTIVE_EXECUTED_CROP_CALENDAR,No maize cohort is within its executed SWAT+ plant-to-harvest interval; no plant state is emitted,,,,,,,,,,,,,,,,,,,,,,,,,,,,,,,,,,,,,,,,,,,,,,,,,,,,,,,,,,,,,,,,,,,,,,,,,,,,,
2019-01-03,False,False,SWAT+ mgt_out.txt executed crop calendar,NO_ACTIVE_EXECUTED_CROP_CALENDAR,No maize cohort is within its executed SWAT+ plant-to-harvest interval; no plant state is emitted,,,,,,,,,,,,,,,,,,,,,,,,,,,,,,,,,,,,,,,,,,,,,,,,,,,,,,,,,,,,,,,,,,,,,,,,,,,,,
2019-01-04,False,False,SWAT+ mgt_out.txt executed crop calendar,NO_ACTIVE_EXECUTED_CROP_CALENDAR,No maize cohort is within its executed SWAT+ plant-to-harvest interval; no plant state is emitted,,,,,,,,,,,,,,,,,,,,,,,,,,,,,,,,,,,,,,,,,,,,,,,,,,,,,,,,,,,,,,,,,,,,,,,,,,,,,
2019-01-05,False,False,SWAT+ mgt_out.txt executed crop calendar,NO_ACTIVE_EXECUTED_CROP_CALENDAR,No maize cohort is within its executed SWAT+ plant-to-harvest interval; no plant state is emitted,,,,,,,,,,,,,,,,,,,,,,,,,,,,,,,,,,,,,,,,,,,,,,,,,,,,,,,,,,,,,,,,,,,,,,,,,,,,,
2019-01-06,False,False,SWAT+ mgt_out.txt executed crop calendar,NO_ACTIVE_EXECUTED_CROP_CALENDAR,No maize cohort is within its executed SWAT+ plant-to-harvest interval; no plant state is emitted,,,,,,,,,,,,,,,,,,,,,,,,,,,,,,,,,,,,,,,,,,,,,,,,,,,,,,,,,,,,,,,,,,,,,,,,,,,,,
2019-01-07,False,False,SWAT+ mgt_out.txt executed crop calendar,NO_ACTIVE_EXECUTED_CROP_CALENDAR,No maize cohort is within its executed SWAT+ plant-to-harvest interval; no plant state is emitted,,,,,,,,,,,,,,,,,,,,,,,,,,,,,,,,,,,,,,,,,,,,,,,,,,,,,,,,,,,,,,,,,,,,,,,,,,,,,
2019-01-08,False,False,SWAT+ mgt_out.txt executed crop calendar,NO_ACTIVE_EXECUTED_CROP_CALENDAR,No maize cohort is within its executed SWAT+ plant-to-harvest interval; no plant state is emitted,,,,,,,,,,,,,,,,,,,,,,,,,,,,,,,,,,,,,,,,,,,,,,,,,,,,,,,,,,,,,,,,,,,,,,,,,,,,,
2019-01-09,False,False,SWAT+ mgt_out.txt executed crop calendar,NO_ACTIVE_EXECUTED_CROP_CALENDAR,No maize cohort is within its executed SWAT+ plant-to-harvest interval; no plant state is emitted,,,,,,,,,,,,,,,,,,,,,,,,,,,,,,,,,,,,,,,,,,,,,,,,,,,,,,,,,,,,,,,,,,,,,,,,,,,,,
2019-01-10,False,False,SWAT+ mgt_out.txt executed crop calendar,NO_ACTIVE_EXECUTED_CROP_CALENDAR,No maize cohort is within its executed SWAT+ plant-to-harvest interval; no plant state is emitted,,,,,,,,,,,,,,,,,,,,,,,,,,,,,,,,,,,,,,,,,,,,,,,,,,,,,,,,,,,,,,,,,,,,,,,,,,,,,
2019-01-11,False,False,SWAT+ mgt_out.txt executed crop calendar,NO_ACTIVE_EXECUTED_CROP_CALENDAR,No maize cohort is within its executed SWAT+ plant-to-harvest interval; no plant state is emitted,,,,,,,,,,,,,,,,,,,,,,,,,,,,,,,,,,,,,,,,,,,,,,,,,,,,,,,,,,,,,,,,,,,,,,,,,,,,,
2019-01-12,False,False,SWAT+ mgt_out.txt executed crop calendar,NO_ACTIVE_EXECUTED_CROP_CALENDAR,No maize cohort is within its executed SWAT+ plant-to-harvest interval; no plant state is emitted,,,,,,,,,,,,,,,,,,,,,,,,,,,,,,,,,,,,,,,,,,,,,,,,,,,,,,,,,,,,,,,,,,,,,,,,,,,,,
2019-01-13,False,False,SWAT+ mgt_out.txt executed crop calendar,NO_ACTIVE_EXECUTED_CROP_CALENDAR,No maize cohort is within its executed SWAT+ plant-to-harvest interval; no plant state is emitted,,,,,,,,,,,,,,,,,,,,,,,,,,,,,,,,,,,,,,,,,,,,,,,,,,,,,,,,,,,,,,,,,,,,,,,,,,,,,
2019-01-14,False,False,SWAT+ mgt_out.txt executed crop calendar,NO_ACTIVE_EXECUTED_CROP_CALENDAR,No maize cohort is within its executed SWAT+ plant-to-harvest interval; no plant state is emitted,,,,,,,,,,,,,,,,,,,,,,,,,,,,,,,,,,,,,,,,,,,,,,,,,,,,,,,,,,,,,,,,,,,,,,,,,,,,,
2019-01-15,False,False,SWAT+ mgt_out.txt executed crop calendar,NO_ACTIVE_EXECUTED_CROP_CALENDAR,No maize cohort is within its executed SWAT+ plant-to-harvest interval; no plant state is emitted,,,,,,,,,,,,,,,,,,,,,,,,,,,,,,,,,,,,,,,,,,,,,,,,,,,,,,,,,,,,,,,,,,,,,,,,,,,,,
2019-01-16,False,False,SWAT+ mgt_out.txt executed crop calendar,NO_ACTIVE_EXECUTED_CROP_CALENDAR,No maize cohort is within its executed SWAT+ plant-to-harvest interval; no plant state is emitted,,,,,,,,,,,,,,,,,,,,,,,,,,,,,,,,,,,,,,,,,,,,,,,,,,,,,,,,,,,,,,,,,,,,,,,,,,,,,
2019-01-17,False,False,SWAT+ mgt_out.txt executed crop calendar,NO_ACTIVE_EXECUTED_CROP_CALENDAR,No maize cohort is within its executed SWAT+ plant-to-harvest interval; no plant state is emitted,,,,,,,,,,,,,,,,,,,,,,,,,,,,,,,,,,,,,,,,,,,,,,,,,,,,,,,,,,,,,,,,,,,,,,,,,,,,,
2019-01-18,False,False,SWAT+ mgt_out.txt executed crop calendar,NO_ACTIVE_EXECUTED_CROP_CALENDAR,No maize cohort is within its executed SWAT+ plant-to-harvest interval; no plant state is emitted,,,,,,,,,,,,,,,,,,,,,,,,,,,,,,,,,,,,,,,,,,,,,,,,,,,,,,,,,,,,,,,,,,,,,,,,,,,,,
2019-01-19,False,False,SWAT+ mgt_out.txt executed crop calendar,NO_ACTIVE_EXECUTED_CROP_CALENDAR,No maize cohort is within its executed SWAT+ plant-to-harvest interval; no plant state is emitted,,,,,,,,,,,,,,,,,,,,,,,,,,,,,,,,,,,,,,,,,,,,,,,,,,,,,,,,,,,,,,,,,,,,,,,,,,,,,
2019-01-20,False,False,SWAT+ mgt_out.txt executed crop calendar,NO_ACTIVE_EXECUTED_CROP_CALENDAR,No maize cohort is within its executed SWAT+ plant-to-harvest interval; no plant state is emitted,,,,,,,,,,,,,,,,,,,,,,,,,,,,,,,,,,,,,,,,,,,,,,,,,,,,,,,,,,,,,,,,,,,,,,,,,,,,,
2019-01-21,False,False,SWAT+ mgt_out.txt executed crop calendar,NO_ACTIVE_EXECUTED_CROP_CALENDAR,No maize cohort is within its executed SWAT+ plant-to-harvest interval; no plant state is emitted,,,,,,,,,,,,,,,,,,,,,,,,,,,,,,,,,,,,,,,,,,,,,,,,,,,,,,,,,,,,,,,,,,,,,,,,,,,,,
2019-01-22,False,False,SWAT+ mgt_out.txt executed crop calendar,NO_ACTIVE_EXECUTED_CROP_CALENDAR,No maize cohort is within its executed SWAT+ plant-to-harvest interval; no plant state is emitted,,,,,,,,,,,,,,,,,,,,,,,,,,,,,,,,,,,,,,,,,,,,,,,,,,,,,,,,,,,,,,,,,,,,,,,,,,,,,
2019-01-23,False,False,SWAT+ mgt_out.txt executed crop calendar,NO_ACTIVE_EXECUTED_CROP_CALENDAR,No maize cohort is within its executed SWAT+ plant-to-harvest interval; no plant state is emitted,,,,,,,,,,,,,,,,,,,,,,,,,,,,,,,,,,,,,,,,,,,,,,,,,,,,,,,,,,,,,,,,,,,,,,,,,,,,,
2019-01-24,False,False,SWAT+ mgt_out.txt executed crop calendar,NO_ACTIVE_EXECUTED_CROP_CALENDAR,No maize cohort is within its executed SWAT+ plant-to-harvest interval; no plant state is emitted,,,,,,,,,,,,,,,,,,,,,,,,,,,,,,,,,,,,,,,,,,,,,,,,,,,,,,,,,,,,,,,,,,,,,,,,,,,,,
2019-01-25,False,False,SWAT+ mgt_out.txt executed crop calendar,NO_ACTIVE_EXECUTED_CROP_CALENDAR,No maize cohort is within its executed SWAT+ plant-to-harvest interval; no plant state is emitted,,,,,,,,,,,,,,,,,,,,,,,,,,,,,,,,,,,,,,,,,,,,,,,,,,,,,,,,,,,,,,,,,,,,,,,,,,,,,
2019-01-26,False,False,SWAT+ mgt_out.txt executed crop calendar,NO_ACTIVE_EXECUTED_CROP_CALENDAR,No maize cohort is within its executed SWAT+ plant-to-harvest interval; no plant state is emitted,,,,,,,,,,,,,,,,,,,,,,,,,,,,,,,,,,,,,,,,,,,,,,,,,,,,,,,,,,,,,,,,,,,,,,,,,,,,,
2019-01-27,False,False,SWAT+ mgt_out.txt executed crop calendar,NO_ACTIVE_EXECUTED_CROP_CALENDAR,No maize cohort is within its executed SWAT+ plant-to-harvest interval; no plant state is emitted,,,,,,,,,,,,,,,,,,,,,,,,,,,,,,,,,,,,,,,,,,,,,,,,,,,,,,,,,,,,,,,,,,,,,,,,,,,,,
2019-01-28,False,False,SWAT+ mgt_out.txt executed crop calendar,NO_ACTIVE_EXECUTED_CROP_CALENDAR,No maize cohort is within its executed SWAT+ plant-to-harvest interval; no plant state is emitted,,,,,,,,,,,,,,,,,,,,,,,,,,,,,,,,,,,,,,,,,,,,,,,,,,,,,,,,,,,,,,,,,,,,,,,,,,,,,
2019-01-29,False,False,SWAT+ mgt_out.txt executed crop calendar,NO_ACTIVE_EXECUTED_CROP_CALENDAR,No maize cohort is within its executed SWAT+ plant-to-harvest interval; no plant state is emitted,,,,,,,,,,,,,,,,,,,,,,,,,,,,,,,,,,,,,,,,,,,,,,,,,,,,,,,,,,,,,,,,,,,,,,,,,,,,,
2019-01-30,False,False,SWAT+ mgt_out.txt executed crop calendar,NO_ACTIVE_EXECUTED_CROP_CALENDAR,No maize cohort is within its executed SWAT+ plant-to-harvest interval; no plant state is emitted,,,,,,,,,,,,,,,,,,,,,,,,,,,,,,,,,,,,,,,,,,,,,,,,,,,,,,,,,,,,,,,,,,,,,,,,,,,,,
2019-01-31,False,False,SWAT+ mgt_out.txt executed crop calendar,NO_ACTIVE_EXECUTED_CROP_CALENDAR,No maize cohort is within its executed SWAT+ plant-to-harvest interval; no plant state is emitted,,,,,,,,,,,,,,,,,,,,,,,,,,,,,,,,,,,,,,,,,,,,,,,,,,,,,,,,,,,,,,,,,,,,,,,,,,,,,
2019-02-01,False,False,SWAT+ mgt_out.txt executed crop calendar,NO_ACTIVE_EXECUTED_CROP_CALENDAR,No maize cohort is within its executed SWAT+ plant-to-harvest interval; no plant state is emitted,,,,,,,,,,,,,,,,,,,,,,,,,,,,,,,,,,,,,,,,,,,,,,,,,,,,,,,,,,,,,,,,,,,,,,,,,,,,,
2019-02-02,False,False,SWAT+ mgt_out.txt executed crop calendar,NO_ACTIVE_EXECUTED_CROP_CALENDAR,No maize cohort is within its executed SWAT+ plant-to-harvest interval; no plant state is emitted,,,,,,,,,,,,,,,,,,,,,,,,,,,,,,,,,,,,,,,,,,,,,,,,,,,,,,,,,,,,,,,,,,,,,,,,,,,,,
2019-02-03,False,False,SWAT+ mgt_out.txt executed crop calendar,NO_ACTIVE_EXECUTED_CROP_CALENDAR,No maize cohort is within its executed SWAT+ plant-to-harvest interval; no plant state is emitted,,,,,,,,,,,,,,,,,,,,,,,,,,,,,,,,,,,,,,,,,,,,,,,,,,,,,,,,,,,,,,,,,,,,,,,,,,,,,
2019-02-04,False,False,SWAT+ mgt_out.txt executed crop calendar,NO_ACTIVE_EXECUTED_CROP_CALENDAR,No maize cohort is within its executed SWAT+ plant-to-harvest interval; no plant state is emitted,,,,,,,,,,,,,,,,,,,,,,,,,,,,,,,,,,,,,,,,,,,,,,,,,,,,,,,,,,,,,,,,,,,,,,,,,,,,,
2019-02-05,False,False,SWAT+ mgt_out.txt executed crop calendar,NO_ACTIVE_EXECUTED_CROP_CALENDAR,No maize cohort is within its executed SWAT+ plant-to-harvest interval; no plant state is emitted,,,,,,,,,,,,,,,,,,,,,,,,,,,,,,,,,,,,,,,,,,,,,,,,,,,,,,,,,,,,,,,,,,,,,,,,,,,,,
2019-02-06,False,False,SWAT+ mgt_out.txt executed crop calendar,NO_ACTIVE_EXECUTED_CROP_CALENDAR,No maize cohort is within its executed SWAT+ plant-to-harvest interval; no plant state is emitted,,,,,,,,,,,,,,,,,,,,,,,,,,,,,,,,,,,,,,,,,,,,,,,,,,,,,,,,,,,,,,,,,,,,,,,,,,,,,
2019-02-07,False,False,SWAT+ mgt_out.txt executed crop calendar,NO_ACTIVE_EXECUTED_CROP_CALENDAR,No maize cohort is within its executed SWAT+ plant-to-harvest interval; no plant state is emitted,,,,,,,,,,,,,,,,,,,,,,,,,,,,,,,,,,,,,,,,,,,,,,,,,,,,,,,,,,,,,,,,,,,,,,,,,,,,,
2019-02-08,False,False,SWAT+ mgt_out.txt executed crop calendar,NO_ACTIVE_EXECUTED_CROP_CALENDAR,No maize cohort is within its executed SWAT+ plant-to-harvest interval; no plant state is emitted,,,,,,,,,,,,,,,,,,,,,,,,,,,,,,,,,,,,,,,,,,,,,,,,,,,,,,,,,,,,,,,,,,,,,,,,,,,,,
2019-02-09,False,False,SWAT+ mgt_out.txt executed crop calendar,NO_ACTIVE_EXECUTED_CROP_CALENDAR,No maize cohort is within its executed SWAT+ plant-to-harvest interval; no plant state is emitted,,,,,,,,,,,,,,,,,,,,,,,,,,,,,,,,,,,,,,,,,,,,,,,,,,,,,,,,,,,,,,,,,,,,,,,,,,,,,
2019-02-10,False,False,SWAT+ mgt_out.txt executed crop calendar,NO_ACTIVE_EXECUTED_CROP_CALENDAR,No maize cohort is within its executed SWAT+ plant-to-harvest interval; no plant state is emitted,,,,,,,,,,,,,,,,,,,,,,,,,,,,,,,,,,,,,,,,,,,,,,,,,,,,,,,,,,,,,,,,,,,,,,,,,,,,,
2019-02-11,False,False,SWAT+ mgt_out.txt executed crop calendar,NO_ACTIVE_EXECUTED_CROP_CALENDAR,No maize cohort is within its executed SWAT+ plant-to-harvest interval; no plant state is emitted,,,,,,,,,,,,,,,,,,,,,,,,,,,,,,,,,,,,,,,,,,,,,,,,,,,,,,,,,,,,,,,,,,,,,,,,,,,,,
2019-02-12,False,False,SWAT+ mgt_out.txt executed crop calendar,NO_ACTIVE_EXECUTED_CROP_CALENDAR,No maize cohort is within its executed SWAT+ plant-to-harvest interval; no plant state is emitted,,,,,,,,,,,,,,,,,,,,,,,,,,,,,,,,,,,,,,,,,,,,,,,,,,,,,,,,,,,,,,,,,,,,,,,,,,,,,
2019-02-13,False,False,SWAT+ mgt_out.txt executed crop calendar,NO_ACTIVE_EXECUTED_CROP_CALENDAR,No maize cohort is within its executed SWAT+ plant-to-harvest interval; no plant state is emitted,,,,,,,,,,,,,,,,,,,,,,,,,,,,,,,,,,,,,,,,,,,,,,,,,,,,,,,,,,,,,,,,,,,,,,,,,,,,,
2019-02-14,False,False,SWAT+ mgt_out.txt executed crop calendar,NO_ACTIVE_EXECUTED_CROP_CALENDAR,No maize cohort is within its executed SWAT+ plant-to-harvest interval; no plant state is emitted,,,,,,,,,,,,,,,,,,,,,,,,,,,,,,,,,,,,,,,,,,,,,,,,,,,,,,,,,,,,,,,,,,,,,,,,,,,,,
2019-02-15,False,False,SWAT+ mgt_out.txt executed crop calendar,NO_ACTIVE_EXECUTED_CROP_CALENDAR,No maize cohort is within its executed SWAT+ plant-to-harvest interval; no plant state is emitted,,,,,,,,,,,,,,,,,,,,,,,,,,,,,,,,,,,,,,,,,,,,,,,,,,,,,,,,,,,,,,,,,,,,,,,,,,,,,
2019-02-16,False,False,SWAT+ mgt_out.txt executed crop calendar,NO_ACTIVE_EXECUTED_CROP_CALENDAR,No maize cohort is within its executed SWAT+ plant-to-harvest interval; no plant state is emitted,,,,,,,,,,,,,,,,,,,,,,,,,,,,,,,,,,,,,,,,,,,,,,,,,,,,,,,,,,,,,,,,,,,,,,,,,,,,,
2019-02-17,False,False,SWAT+ mgt_out.txt executed crop calendar,NO_ACTIVE_EXECUTED_CROP_CALENDAR,No maize cohort is within its executed SWAT+ plant-to-harvest interval; no plant state is emitted,,,,,,,,,,,,,,,,,,,,,,,,,,,,,,,,,,,,,,,,,,,,,,,,,,,,,,,,,,,,,,,,,,,,,,,,,,,,,
2019-02-18,False,False,SWAT+ mgt_out.txt executed crop calendar,NO_ACTIVE_EXECUTED_CROP_CALENDAR,No maize cohort is within its executed SWAT+ plant-to-harvest interval; no plant state is emitted,,,,,,,,,,,,,,,,,,,,,,,,,,,,,,,,,,,,,,,,,,,,,,,,,,,,,,,,,,,,,,,,,,,,,,,,,,,,,
2019-02-19,False,False,SWAT+ mgt_out.txt executed crop calendar,NO_ACTIVE_EXECUTED_CROP_CALENDAR,No maize cohort is within its executed SWAT+ plant-to-harvest interval; no plant state is emitted,,,,,,,,,,,,,,,,,,,,,,,,,,,,,,,,,,,,,,,,,,,,,,,,,,,,,,,,,,,,,,,,,,,,,,,,,,,,,
2019-02-20,False,False,SWAT+ mgt_out.txt executed crop calendar,NO_ACTIVE_EXECUTED_CROP_CALENDAR,No maize cohort is within its executed SWAT+ plant-to-harvest interval; no plant state is emitted,,,,,,,,,,,,,,,,,,,,,,,,,,,,,,,,,,,,,,,,,,,,,,,,,,,,,,,,,,,,,,,,,,,,,,,,,,,,,
2019-02-21,False,False,SWAT+ mgt_out.txt executed crop calendar,NO_ACTIVE_EXECUTED_CROP_CALENDAR,No maize cohort is within its executed SWAT+ plant-to-harvest interval; no plant state is emitted,,,,,,,,,,,,,,,,,,,,,,,,,,,,,,,,,,,,,,,,,,,,,,,,,,,,,,,,,,,,,,,,,,,,,,,,,,,,,
2019-02-22,False,False,SWAT+ mgt_out.txt executed crop calendar,NO_ACTIVE_EXECUTED_CROP_CALENDAR,No maize cohort is within its executed SWAT+ plant-to-harvest interval; no plant state is emitted,,,,,,,,,,,,,,,,,,,,,,,,,,,,,,,,,,,,,,,,,,,,,,,,,,,,,,,,,,,,,,,,,,,,,,,,,,,,,
2019-02-23,False,False,SWAT+ mgt_out.txt executed crop calendar,NO_ACTIVE_EXECUTED_CROP_CALENDAR,No maize cohort is within its executed SWAT+ plant-to-harvest interval; no plant state is emitted,,,,,,,,,,,,,,,,,,,,,,,,,,,,,,,,,,,,,,,,,,,,,,,,,,,,,,,,,,,,,,,,,,,,,,,,,,,,,
2019-02-24,False,False,SWAT+ mgt_out.txt executed crop calendar,NO_ACTIVE_EXECUTED_CROP_CALENDAR,No maize cohort is within its executed SWAT+ plant-to-harvest interval; no plant state is emitted,,,,,,,,,,,,,,,,,,,,,,,,,,,,,,,,,,,,,,,,,,,,,,,,,,,,,,,,,,,,,,,,,,,,,,,,,,,,,
2019-02-25,False,False,SWAT+ mgt_out.txt executed crop calendar,NO_ACTIVE_EXECUTED_CROP_CALENDAR,No maize cohort is within its executed SWAT+ plant-to-harvest interval; no plant state is emitted,,,,,,,,,,,,,,,,,,,,,,,,,,,,,,,,,,,,,,,,,,,,,,,,,,,,,,,,,,,,,,,,,,,,,,,,,,,,,
2019-02-26,False,False,SWAT+ mgt_out.txt executed crop calendar,NO_ACTIVE_EXECUTED_CROP_CALENDAR,No maize cohort is within its executed SWAT+ plant-to-harvest interval; no plant state is emitted,,,,,,,,,,,,,,,,,,,,,,,,,,,,,,,,,,,,,,,,,,,,,,,,,,,,,,,,,,,,,,,,,,,,,,,,,,,,,
2019-02-27,False,False,SWAT+ mgt_out.txt executed crop calendar,NO_ACTIVE_EXECUTED_CROP_CALENDAR,No maize cohort is within its executed SWAT+ plant-to-harvest interval; no plant state is emitted,,,,,,,,,,,,,,,,,,,,,,,,,,,,,,,,,,,,,,,,,,,,,,,,,,,,,,,,,,,,,,,,,,,,,,,,,,,,,
2019-02-28,False,False,SWAT+ mgt_out.txt executed crop calendar,NO_ACTIVE_EXECUTED_CROP_CALENDAR,No maize cohort is within its executed SWAT+ plant-to-harvest interval; no plant state is emitted,,,,,,,,,,,,,,,,,,,,,,,,,,,,,,,,,,,,,,,,,,,,,,,,,,,,,,,,,,,,,,,,,,,,,,,,,,,,,
2019-03-01,False,False,SWAT+ mgt_out.txt executed crop calendar,NO_ACTIVE_EXECUTED_CROP_CALENDAR,No maize cohort is within its executed SWAT+ plant-to-harvest interval; no plant state is emitted,,,,,,,,,,,,,,,,,,,,,,,,,,,,,,,,,,,,,,,,,,,,,,,,,,,,,,,,,,,,,,,,,,,,,,,,,,,,,
2019-03-02,False,False,SWAT+ mgt_out.txt executed crop calendar,NO_ACTIVE_EXECUTED_CROP_CALENDAR,No maize cohort is within its executed SWAT+ plant-to-harvest interval; no plant state is emitted,,,,,,,,,,,,,,,,,,,,,,,,,,,,,,,,,,,,,,,,,,,,,,,,,,,,,,,,,,,,,,,,,,,,,,,,,,,,,
2019-03-03,False,False,SWAT+ mgt_out.txt executed crop calendar,NO_ACTIVE_EXECUTED_CROP_CALENDAR,No maize cohort is within its executed SWAT+ plant-to-harvest interval; no plant state is emitted,,,,,,,,,,,,,,,,,,,,,,,,,,,,,,,,,,,,,,,,,,,,,,,,,,,,,,,,,,,,,,,,,,,,,,,,,,,,,
2019-03-04,False,False,SWAT+ mgt_out.txt executed crop calendar,NO_ACTIVE_EXECUTED_CROP_CALENDAR,No maize cohort is within its executed SWAT+ plant-to-harvest interval; no plant state is emitted,,,,,,,,,,,,,,,,,,,,,,,,,,,,,,,,,,,,,,,,,,,,,,,,,,,,,,,,,,,,,,,,,,,,,,,,,,,,,
2019-03-05,False,False,SWAT+ mgt_out.txt executed crop calendar,NO_ACTIVE_EXECUTED_CROP_CALENDAR,No maize cohort is within its executed SWAT+ plant-to-harvest interval; no plant state is emitted,,,,,,,,,,,,,,,,,,,,,,,,,,,,,,,,,,,,,,,,,,,,,,,,,,,,,,,,,,,,,,,,,,,,,,,,,,,,,
2019-03-06,False,False,SWAT+ mgt_out.txt executed crop calendar,NO_ACTIVE_EXECUTED_CROP_CALENDAR,No maize cohort is within its executed SWAT+ plant-to-harvest interval; no plant state is emitted,,,,,,,,,,,,,,,,,,,,,,,,,,,,,,,,,,,,,,,,,,,,,,,,,,,,,,,,,,,,,,,,,,,,,,,,,,,,,
2019-03-07,False,False,SWAT+ mgt_out.txt executed crop calendar,NO_ACTIVE_EXECUTED_CROP_CALENDAR,No maize cohort is within its executed SWAT+ plant-to-harvest interval; no plant state is emitted,,,,,,,,,,,,,,,,,,,,,,,,,,,,,,,,,,,,,,,,,,,,,,,,,,,,,,,,,,,,,,,,,,,,,,,,,,,,,
2019-03-08,False,False,SWAT+ mgt_out.txt executed crop calendar,NO_ACTIVE_EXECUTED_CROP_CALENDAR,No maize cohort is within its executed SWAT+ plant-to-harvest interval; no plant state is emitted,,,,,,,,,,,,,,,,,,,,,,,,,,,,,,,,,,,,,,,,,,,,,,,,,,,,,,,,,,,,,,,,,,,,,,,,,,,,,
2019-03-09,False,False,SWAT+ mgt_out.txt executed crop calendar,NO_ACTIVE_EXECUTED_CROP_CALENDAR,No maize cohort is within its executed SWAT+ plant-to-harvest interval; no plant state is emitted,,,,,,,,,,,,,,,,,,,,,,,,,,,,,,,,,,,,,,,,,,,,,,,,,,,,,,,,,,,,,,,,,,,,,,,,,,,,,
2019-03-10,False,False,SWAT+ mgt_out.txt executed crop calendar,NO_ACTIVE_EXECUTED_CROP_CALENDAR,No maize cohort is within its executed SWAT+ plant-to-harvest interval; no plant state is emitted,,,,,,,,,,,,,,,,,,,,,,,,,,,,,,,,,,,,,,,,,,,,,,,,,,,,,,,,,,,,,,,,,,,,,,,,,,,,,
2019-03-11,False,False,SWAT+ mgt_out.txt executed crop calendar,NO_ACTIVE_EXECUTED_CROP_CALENDAR,No maize cohort is within its executed SWAT+ plant-to-harvest interval; no plant state is emitted,,,,,,,,,,,,,,,,,,,,,,,,,,,,,,,,,,,,,,,,,,,,,,,,,,,,,,,,,,,,,,,,,,,,,,,,,,,,,
2019-03-12,False,False,SWAT+ mgt_out.txt executed crop calendar,NO_ACTIVE_EXECUTED_CROP_CALENDAR,No maize cohort is within its executed SWAT+ plant-to-harvest interval; no plant state is emitted,,,,,,,,,,,,,,,,,,,,,,,,,,,,,,,,,,,,,,,,,,,,,,,,,,,,,,,,,,,,,,,,,,,,,,,,,,,,,
2019-03-13,False,False,SWAT+ mgt_out.txt executed crop calendar,NO_ACTIVE_EXECUTED_CROP_CALENDAR,No maize cohort is within its executed SWAT+ plant-to-harvest interval; no plant state is emitted,,,,,,,,,,,,,,,,,,,,,,,,,,,,,,,,,,,,,,,,,,,,,,,,,,,,,,,,,,,,,,,,,,,,,,,,,,,,,
2019-03-14,False,False,SWAT+ mgt_out.txt executed crop calendar,NO_ACTIVE_EXECUTED_CROP_CALENDAR,No maize cohort is within its executed SWAT+ plant-to-harvest interval; no plant state is emitted,,,,,,,,,,,,,,,,,,,,,,,,,,,,,,,,,,,,,,,,,,,,,,,,,,,,,,,,,,,,,,,,,,,,,,,,,,,,,
2019-03-15,False,False,SWAT+ mgt_out.txt executed crop calendar,NO_ACTIVE_EXECUTED_CROP_CALENDAR,No maize cohort is within its executed SWAT+ plant-to-harvest interval; no plant state is emitted,,,,,,,,,,,,,,,,,,,,,,,,,,,,,,,,,,,,,,,,,,,,,,,,,,,,,,,,,,,,,,,,,,,,,,,,,,,,,
2019-03-16,False,False,SWAT+ mgt_out.txt executed crop calendar,NO_ACTIVE_EXECUTED_CROP_CALENDAR,No maize cohort is within its executed SWAT+ plant-to-harvest interval; no plant state is emitted,,,,,,,,,,,,,,,,,,,,,,,,,,,,,,,,,,,,,,,,,,,,,,,,,,,,,,,,,,,,,,,,,,,,,,,,,,,,,
2019-03-17,False,False,SWAT+ mgt_out.txt executed crop calendar,NO_ACTIVE_EXECUTED_CROP_CALENDAR,No maize cohort is within its executed SWAT+ plant-to-harvest interval; no plant state is emitted,,,,,,,,,,,,,,,,,,,,,,,,,,,,,,,,,,,,,,,,,,,,,,,,,,,,,,,,,,,,,,,,,,,,,,,,,,,,,
2019-03-18,False,False,SWAT+ mgt_out.txt executed crop calendar,NO_ACTIVE_EXECUTED_CROP_CALENDAR,No maize cohort is within its executed SWAT+ plant-to-harvest interval; no plant state is emitted,,,,,,,,,,,,,,,,,,,,,,,,,,,,,,,,,,,,,,,,,,,,,,,,,,,,,,,,,,,,,,,,,,,,,,,,,,,,,
2019-03-19,False,False,SWAT+ mgt_out.txt executed crop calendar,NO_ACTIVE_EXECUTED_CROP_CALENDAR,No maize cohort is within its executed SWAT+ plant-to-harvest interval; no plant state is emitted,,,,,,,,,,,,,,,,,,,,,,,,,,,,,,,,,,,,,,,,,,,,,,,,,,,,,,,,,,,,,,,,,,,,,,,,,,,,,
2019-03-20,False,False,SWAT+ mgt_out.txt executed crop calendar,NO_ACTIVE_EXECUTED_CROP_CALENDAR,No maize cohort is within its executed SWAT+ plant-to-harvest interval; no plant state is emitted,,,,,,,,,,,,,,,,,,,,,,,,,,,,,,,,,,,,,,,,,,,,,,,,,,,,,,,,,,,,,,,,,,,,,,,,,,,,,
2019-03-21,False,False,SWAT+ mgt_out.txt executed crop calendar,NO_ACTIVE_EXECUTED_CROP_CALENDAR,No maize cohort is within its executed SWAT+ plant-to-harvest interval; no plant state is emitted,,,,,,,,,,,,,,,,,,,,,,,,,,,,,,,,,,,,,,,,,,,,,,,,,,,,,,,,,,,,,,,,,,,,,,,,,,,,,
2019-03-22,False,False,SWAT+ mgt_out.txt executed crop calendar,NO_ACTIVE_EXECUTED_CROP_CALENDAR,No maize cohort is within its executed SWAT+ plant-to-harvest interval; no plant state is emitted,,,,,,,,,,,,,,,,,,,,,,,,,,,,,,,,,,,,,,,,,,,,,,,,,,,,,,,,,,,,,,,,,,,,,,,,,,,,,
2019-03-23,False,False,SWAT+ mgt_out.txt executed crop calendar,NO_ACTIVE_EXECUTED_CROP_CALENDAR,No maize cohort is within its executed SWAT+ plant-to-harvest interval; no plant state is emitted,,,,,,,,,,,,,,,,,,,,,,,,,,,,,,,,,,,,,,,,,,,,,,,,,,,,,,,,,,,,,,,,,,,,,,,,,,,,,
2019-03-24,False,False,SWAT+ mgt_out.txt executed crop calendar,NO_ACTIVE_EXECUTED_CROP_CALENDAR,No maize cohort is within its executed SWAT+ plant-to-harvest interval; no plant state is emitted,,,,,,,,,,,,,,,,,,,,,,,,,,,,,,,,,,,,,,,,,,,,,,,,,,,,,,,,,,,,,,,,,,,,,,,,,,,,,
2019-03-25,False,False,SWAT+ mgt_out.txt executed crop calendar,NO_ACTIVE_EXECUTED_CROP_CALENDAR,No maize cohort is within its executed SWAT+ plant-to-harvest interval; no plant state is emitted,,,,,,,,,,,,,,,,,,,,,,,,,,,,,,,,,,,,,,,,,,,,,,,,,,,,,,,,,,,,,,,,,,,,,,,,,,,,,
2019-03-26,False,False,SWAT+ mgt_out.txt executed crop calendar,NO_ACTIVE_EXECUTED_CROP_CALENDAR,No maize cohort is within its executed SWAT+ plant-to-harvest interval; no plant state is emitted,,,,,,,,,,,,,,,,,,,,,,,,,,,,,,,,,,,,,,,,,,,,,,,,,,,,,,,,,,,,,,,,,,,,,,,,,,,,,
2019-03-27,False,False,SWAT+ mgt_out.txt executed crop calendar,NO_ACTIVE_EXECUTED_CROP_CALENDAR,No maize cohort is within its executed SWAT+ plant-to-harvest interval; no plant state is emitted,,,,,,,,,,,,,,,,,,,,,,,,,,,,,,,,,,,,,,,,,,,,,,,,,,,,,,,,,,,,,,,,,,,,,,,,,,,,,
2019-03-28,False,False,SWAT+ mgt_out.txt executed crop calendar,NO_ACTIVE_EXECUTED_CROP_CALENDAR,No maize cohort is within its executed SWAT+ plant-to-harvest interval; no plant state is emitted,,,,,,,,,,,,,,,,,,,,,,,,,,,,,,,,,,,,,,,,,,,,,,,,,,,,,,,,,,,,,,,,,,,,,,,,,,,,,
2019-03-29,False,False,SWAT+ mgt_out.txt executed crop calendar,NO_ACTIVE_EXECUTED_CROP_CALENDAR,No maize cohort is within its executed SWAT+ plant-to-harvest interval; no plant state is emitted,,,,,,,,,,,,,,,,,,,,,,,,,,,,,,,,,,,,,,,,,,,,,,,,,,,,,,,,,,,,,,,,,,,,,,,,,,,,,
2019-03-30,False,False,SWAT+ mgt_out.txt executed crop calendar,NO_ACTIVE_EXECUTED_CROP_CALENDAR,No maize cohort is within its executed SWAT+ plant-to-harvest interval; no plant state is emitted,,,,,,,,,,,,,,,,,,,,,,,,,,,,,,,,,,,,,,,,,,,,,,,,,,,,,,,,,,,,,,,,,,,,,,,,,,,,,
2019-03-31,False,False,SWAT+ mgt_out.txt executed crop calendar,NO_ACTIVE_EXECUTED_CROP_CALENDAR,No maize cohort is within its executed SWAT+ plant-to-harvest interval; no plant state is emitted,,,,,,,,,,,,,,,,,,,,,,,,,,,,,,,,,,,,,,,,,,,,,,,,,,,,,,,,,,,,,,,,,,,,,,,,,,,,,
2019-04-01,False,False,SWAT+ mgt_out.txt executed crop calendar,NO_ACTIVE_EXECUTED_CROP_CALENDAR,No maize cohort is within its executed SWAT+ plant-to-harvest interval; no plant state is emitted,,,,,,,,,,,,,,,,,,,,,,,,,,,,,,,,,,,,,,,,,,,,,,,,,,,,,,,,,,,,,,,,,,,,,,,,,,,,,
2019-04-02,False,False,SWAT+ mgt_out.txt executed crop calendar,NO_ACTIVE_EXECUTED_CROP_CALENDAR,No maize cohort is within its executed SWAT+ plant-to-harvest interval; no plant state is emitted,,,,,,,,,,,,,,,,,,,,,,,,,,,,,,,,,,,,,,,,,,,,,,,,,,,,,,,,,,,,,,,,,,,,,,,,,,,,,
2019-04-03,False,False,SWAT+ mgt_out.txt executed crop calendar,NO_ACTIVE_EXECUTED_CROP_CALENDAR,No maize cohort is within its executed SWAT+ plant-to-harvest interval; no plant state is emitted,,,,,,,,,,,,,,,,,,,,,,,,,,,,,,,,,,,,,,,,,,,,,,,,,,,,,,,,,,,,,,,,,,,,,,,,,,,,,
2019-04-04,False,False,SWAT+ mgt_out.txt executed crop calendar,NO_ACTIVE_EXECUTED_CROP_CALENDAR,No maize cohort is within its executed SWAT+ plant-to-harvest interval; no plant state is emitted,,,,,,,,,,,,,,,,,,,,,,,,,,,,,,,,,,,,,,,,,,,,,,,,,,,,,,,,,,,,,,,,,,,,,,,,,,,,,
2019-04-05,False,False,SWAT+ mgt_out.txt executed crop calendar,NO_ACTIVE_EXECUTED_CROP_CALENDAR,No maize cohort is within its executed SWAT+ plant-to-harvest interval; no plant state is emitted,,,,,,,,,,,,,,,,,,,,,,,,,,,,,,,,,,,,,,,,,,,,,,,,,,,,,,,,,,,,,,,,,,,,,,,,,,,,,
2019-04-06,False,False,SWAT+ mgt_out.txt executed crop calendar,NO_ACTIVE_EXECUTED_CROP_CALENDAR,No maize cohort is within its executed SWAT+ plant-to-harvest interval; no plant state is emitted,,,,,,,,,,,,,,,,,,,,,,,,,,,,,,,,,,,,,,,,,,,,,,,,,,,,,,,,,,,,,,,,,,,,,,,,,,,,,
2019-04-07,False,False,SWAT+ mgt_out.txt executed crop calendar,NO_ACTIVE_EXECUTED_CROP_CALENDAR,No maize cohort is within its executed SWAT+ plant-to-harvest interval; no plant state is emitted,,,,,,,,,,,,,,,,,,,,,,,,,,,,,,,,,,,,,,,,,,,,,,,,,,,,,,,,,,,,,,,,,,,,,,,,,,,,,
2019-04-08,False,False,SWAT+ mgt_out.txt executed crop calendar,NO_ACTIVE_EXECUTED_CROP_CALENDAR,No maize cohort is within its executed SWAT+ plant-to-harvest interval; no plant state is emitted,,,,,,,,,,,,,,,,,,,,,,,,,,,,,,,,,,,,,,,,,,,,,,,,,,,,,,,,,,,,,,,,,,,,,,,,,,,,,
2019-04-09,False,False,SWAT+ mgt_out.txt executed crop calendar,NO_ACTIVE_EXECUTED_CROP_CALENDAR,No maize cohort is within its executed SWAT+ plant-to-harvest interval; no plant state is emitted,,,,,,,,,,,,,,,,,,,,,,,,,,,,,,,,,,,,,,,,,,,,,,,,,,,,,,,,,,,,,,,,,,,,,,,,,,,,,
2019-04-10,False,False,SWAT+ mgt_out.txt executed crop calendar,NO_ACTIVE_EXECUTED_CROP_CALENDAR,No maize cohort is within its executed SWAT+ plant-to-harvest interval; no plant state is emitted,,,,,,,,,,,,,,,,,,,,,,,,,,,,,,,,,,,,,,,,,,,,,,,,,,,,,,,,,,,,,,,,,,,,,,,,,,,,,
2019-04-11,False,False,SWAT+ mgt_out.txt executed crop calendar,NO_ACTIVE_EXECUTED_CROP_CALENDAR,No maize cohort is within its executed SWAT+ plant-to-harvest interval; no plant state is emitted,,,,,,,,,,,,,,,,,,,,,,,,,,,,,,,,,,,,,,,,,,,,,,,,,,,,,,,,,,,,,,,,,,,,,,,,,,,,,
2019-04-12,False,False,SWAT+ mgt_out.txt executed crop calendar,NO_ACTIVE_EXECUTED_CROP_CALENDAR,No maize cohort is within its executed SWAT+ plant-to-harvest interval; no plant state is emitted,,,,,,,,,,,,,,,,,,,,,,,,,,,,,,,,,,,,,,,,,,,,,,,,,,,,,,,,,,,,,,,,,,,,,,,,,,,,,
2019-04-13,False,False,SWAT+ mgt_out.txt executed crop calendar,NO_ACTIVE_EXECUTED_CROP_CALENDAR,No maize cohort is within its executed SWAT+ plant-to-harvest interval; no plant state is emitted,,,,,,,,,,,,,,,,,,,,,,,,,,,,,,,,,,,,,,,,,,,,,,,,,,,,,,,,,,,,,,,,,,,,,,,,,,,,,
2019-04-14,False,False,SWAT+ mgt_out.txt executed crop calendar,NO_ACTIVE_EXECUTED_CROP_CALENDAR,No maize cohort is within its executed SWAT+ plant-to-harvest interval; no plant state is emitted,,,,,,,,,,,,,,,,,,,,,,,,,,,,,,,,,,,,,,,,,,,,,,,,,,,,,,,,,,,,,,,,,,,,,,,,,,,,,
2019-04-15,False,False,SWAT+ mgt_out.txt executed crop calendar,NO_ACTIVE_EXECUTED_CROP_CALENDAR,No maize cohort is within its executed SWAT+ plant-to-harvest interval; no plant state is emitted,,,,,,,,,,,,,,,,,,,,,,,,,,,,,,,,,,,,,,,,,,,,,,,,,,,,,,,,,,,,,,,,,,,,,,,,,,,,,
2019-04-16,False,False,SWAT+ mgt_out.txt executed crop calendar,NO_ACTIVE_EXECUTED_CROP_CALENDAR,No maize cohort is within its executed SWAT+ plant-to-harvest interval; no plant state is emitted,,,,,,,,,,,,,,,,,,,,,,,,,,,,,,,,,,,,,,,,,,,,,,,,,,,,,,,,,,,,,,,,,,,,,,,,,,,,,
2019-04-17,False,False,SWAT+ mgt_out.txt executed crop calendar,NO_ACTIVE_EXECUTED_CROP_CALENDAR,No maize cohort is within its executed SWAT+ plant-to-harvest interval; no plant state is emitted,,,,,,,,,,,,,,,,,,,,,,,,,,,,,,,,,,,,,,,,,,,,,,,,,,,,,,,,,,,,,,,,,,,,,,,,,,,,,
2019-04-18,False,False,SWAT+ mgt_out.txt executed crop calendar,NO_ACTIVE_EXECUTED_CROP_CALENDAR,No maize cohort is within its executed SWAT+ plant-to-harvest interval; no plant state is emitted,,,,,,,,,,,,,,,,,,,,,,,,,,,,,,,,,,,,,,,,,,,,,,,,,,,,,,,,,,,,,,,,,,,,,,,,,,,,,
2019-04-19,False,False,SWAT+ mgt_out.txt executed crop calendar,NO_ACTIVE_EXECUTED_CROP_CALENDAR,No maize cohort is within its executed SWAT+ plant-to-harvest interval; no plant state is emitted,,,,,,,,,,,,,,,,,,,,,,,,,,,,,,,,,,,,,,,,,,,,,,,,,,,,,,,,,,,,,,,,,,,,,,,,,,,,,
2019-04-20,False,False,SWAT+ mgt_out.txt executed crop calendar,NO_ACTIVE_EXECUTED_CROP_CALENDAR,No maize cohort is within its executed SWAT+ plant-to-harvest interval; no plant state is emitted,,,,,,,,,,,,,,,,,,,,,,,,,,,,,,,,,,,,,,,,,,,,,,,,,,,,,,,,,,,,,,,,,,,,,,,,,,,,,
2019-04-21,False,False,SWAT+ mgt_out.txt executed crop calendar,NO_ACTIVE_EXECUTED_CROP_CALENDAR,No maize cohort is within its executed SWAT+ plant-to-harvest interval; no plant state is emitted,,,,,,,,,,,,,,,,,,,,,,,,,,,,,,,,,,,,,,,,,,,,,,,,,,,,,,,,,,,,,,,,,,,,,,,,,,,,,
2019-04-22,False,False,SWAT+ mgt_out.txt executed crop calendar,NO_ACTIVE_EXECUTED_CROP_CALENDAR,No maize cohort is within its executed SWAT+ plant-to-harvest interval; no plant state is emitted,,,,,,,,,,,,,,,,,,,,,,,,,,,,,,,,,,,,,,,,,,,,,,,,,,,,,,,,,,,,,,,,,,,,,,,,,,,,,
2019-04-23,False,False,SWAT+ mgt_out.txt executed crop calendar,NO_ACTIVE_EXECUTED_CROP_CALENDAR,No maize cohort is within its executed SWAT+ plant-to-harvest interval; no plant state is emitted,,,,,,,,,,,,,,,,,,,,,,,,,,,,,,,,,,,,,,,,,,,,,,,,,,,,,,,,,,,,,,,,,,,,,,,,,,,,,
2019-04-24,False,False,SWAT+ mgt_out.txt executed crop calendar,NO_ACTIVE_EXECUTED_CROP_CALENDAR,No maize cohort is within its executed SWAT+ plant-to-harvest interval; no plant state is emitted,,,,,,,,,,,,,,,,,,,,,,,,,,,,,,,,,,,,,,,,,,,,,,,,,,,,,,,,,,,,,,,,,,,,,,,,,,,,,
2019-04-25,False,False,SWAT+ mgt_out.txt executed crop calendar,NO_ACTIVE_EXECUTED_CROP_CALENDAR,No maize cohort is within its executed SWAT+ plant-to-harvest interval; no plant state is emitted,,,,,,,,,,,,,,,,,,,,,,,,,,,,,,,,,,,,,,,,,,,,,,,,,,,,,,,,,,,,,,,,,,,,,,,,,,,,,
2019-04-26,False,False,SWAT+ mgt_out.txt executed crop calendar,NO_ACTIVE_EXECUTED_CROP_CALENDAR,No maize cohort is within its executed SWAT+ plant-to-harvest interval; no plant state is emitted,,,,,,,,,,,,,,,,,,,,,,,,,,,,,,,,,,,,,,,,,,,,,,,,,,,,,,,,,,,,,,,,,,,,,,,,,,,,,
2019-04-27,False,False,SWAT+ mgt_out.txt executed crop calendar,NO_ACTIVE_EXECUTED_CROP_CALENDAR,No maize cohort is within its executed SWAT+ plant-to-harvest interval; no plant state is emitted,,,,,,,,,,,,,,,,,,,,,,,,,,,,,,,,,,,,,,,,,,,,,,,,,,,,,,,,,,,,,,,,,,,,,,,,,,,,,
2019-04-28,False,False,SWAT+ mgt_out.txt executed crop calendar,NO_ACTIVE_EXECUTED_CROP_CALENDAR,No maize cohort is within its executed SWAT+ plant-to-harvest interval; no plant state is emitted,,,,,,,,,,,,,,,,,,,,,,,,,,,,,,,,,,,,,,,,,,,,,,,,,,,,,,,,,,,,,,,,,,,,,,,,,,,,,
2019-04-29,False,False,SWAT+ mgt_out.txt executed crop calendar,NO_ACTIVE_EXECUTED_CROP_CALENDAR,No maize cohort is within its executed SWAT+ plant-to-harvest interval; no plant state is emitted,,,,,,,,,,,,,,,,,,,,,,,,,,,,,,,,,,,,,,,,,,,,,,,,,,,,,,,,,,,,,,,,,,,,,,,,,,,,,
2019-04-30,False,False,SWAT+ mgt_out.txt executed crop calendar,NO_ACTIVE_EXECUTED_CROP_CALENDAR,No maize cohort is within its executed SWAT+ plant-to-harvest interval; no plant state is emitted,,,,,,,,,,,,,,,,,,,,,,,,,,,,,,,,,,,,,,,,,,,,,,,,,,,,,,,,,,,,,,,,,,,,,,,,,,,,,
2019-05-01,False,False,SWAT+ mgt_out.txt executed crop calendar,NO_ACTIVE_EXECUTED_CROP_CALENDAR,No maize cohort is within its executed SWAT+ plant-to-harvest interval; no plant state is emitted,,,,,,,,,,,,,,,,,,,,,,,,,,,,,,,,,,,,,,,,,,,,,,,,,,,,,,,,,,,,,,,,,,,,,,,,,,,,,
2019-05-02,False,False,SWAT+ mgt_out.txt executed crop calendar,NO_ACTIVE_EXECUTED_CROP_CALENDAR,No maize cohort is within its executed SWAT+ plant-to-harvest interval; no plant state is emitted,,,,,,,,,,,,,,,,,,,,,,,,,,,,,,,,,,,,,,,,,,,,,,,,,,,,,,,,,,,,,,,,,,,,,,,,,,,,,
2019-05-03,False,False,SWAT+ mgt_out.txt executed crop calendar,NO_ACTIVE_EXECUTED_CROP_CALENDAR,No maize cohort is within its executed SWAT+ plant-to-harvest interval; no plant state is emitted,,,,,,,,,,,,,,,,,,,,,,,,,,,,,,,,,,,,,,,,,,,,,,,,,,,,,,,,,,,,,,,,,,,,,,,,,,,,,
2019-05-04,False,False,SWAT+ mgt_out.txt executed crop calendar,NO_ACTIVE_EXECUTED_CROP_CALENDAR,No maize cohort is within its executed SWAT+ plant-to-harvest interval; no plant state is emitted,,,,,,,,,,,,,,,,,,,,,,,,,,,,,,,,,,,,,,,,,,,,,,,,,,,,,,,,,,,,,,,,,,,,,,,,,,,,,
2019-05-05,False,False,SWAT+ mgt_out.txt executed crop calendar,NO_ACTIVE_EXECUTED_CROP_CALENDAR,No maize cohort is within its executed SWAT+ plant-to-harvest interval; no plant state is emitted,,,,,,,,,,,,,,,,,,,,,,,,,,,,,,,,,,,,,,,,,,,,,,,,,,,,,,,,,,,,,,,,,,,,,,,,,,,,,
2019-05-06,False,False,SWAT+ mgt_out.txt executed crop calendar,NO_ACTIVE_EXECUTED_CROP_CALENDAR,No maize cohort is within its executed SWAT+ plant-to-harvest interval; no plant state is emitted,,,,,,,,,,,,,,,,,,,,,,,,,,,,,,,,,,,,,,,,,,,,,,,,,,,,,,,,,,,,,,,,,,,,,,,,,,,,,
2019-05-07,False,False,SWAT+ mgt_out.txt executed crop calendar,NO_ACTIVE_EXECUTED_CROP_CALENDAR,No maize cohort is within its executed SWAT+ plant-to-harvest interval; no plant state is emitted,,,,,,,,,,,,,,,,,,,,,,,,,,,,,,,,,,,,,,,,,,,,,,,,,,,,,,,,,,,,,,,,,,,,,,,,,,,,,
2019-05-08,False,False,SWAT+ mgt_out.txt executed crop calendar,NO_ACTIVE_EXECUTED_CROP_CALENDAR,No maize cohort is within its executed SWAT+ plant-to-harvest interval; no plant state is emitted,,,,,,,,,,,,,,,,,,,,,,,,,,,,,,,,,,,,,,,,,,,,,,,,,,,,,,,,,,,,,,,,,,,,,,,,,,,,,
2019-05-09,False,False,SWAT+ mgt_out.txt executed crop calendar,NO_ACTIVE_EXECUTED_CROP_CALENDAR,No maize cohort is within its executed SWAT+ plant-to-harvest interval; no plant state is emitted,,,,,,,,,,,,,,,,,,,,,,,,,,,,,,,,,,,,,,,,,,,,,,,,,,,,,,,,,,,,,,,,,,,,,,,,,,,,,
2019-05-10,False,False,SWAT+ mgt_out.txt executed crop calendar,NO_ACTIVE_EXECUTED_CROP_CALENDAR,No maize cohort is within its executed SWAT+ plant-to-harvest interval; no plant state is emitted,,,,,,,,,,,,,,,,,,,,,,,,,,,,,,,,,,,,,,,,,,,,,,,,,,,,,,,,,,,,,,,,,,,,,,,,,,,,,
2019-05-11,False,False,SWAT+ mgt_out.txt executed crop calendar,NO_ACTIVE_EXECUTED_CROP_CALENDAR,No maize cohort is within its executed SWAT+ plant-to-harvest interval; no plant state is emitted,,,,,,,,,,,,,,,,,,,,,,,,,,,,,,,,,,,,,,,,,,,,,,,,,,,,,,,,,,,,,,,,,,,,,,,,,,,,,
2019-05-12,False,False,SWAT+ mgt_out.txt executed crop calendar,NO_ACTIVE_EXECUTED_CROP_CALENDAR,No maize cohort is within its executed SWAT+ plant-to-harvest interval; no plant state is emitted,,,,,,,,,,,,,,,,,,,,,,,,,,,,,,,,,,,,,,,,,,,,,,,,,,,,,,,,,,,,,,,,,,,,,,,,,,,,,
2019-05-13,False,False,SWAT+ mgt_out.txt executed crop calendar,NO_ACTIVE_EXECUTED_CROP_CALENDAR,No maize cohort is within its executed SWAT+ plant-to-harvest interval; no plant state is emitted,,,,,,,,,,,,,,,,,,,,,,,,,,,,,,,,,,,,,,,,,,,,,,,,,,,,,,,,,,,,,,,,,,,,,,,,,,,,,
2019-05-14,False,False,SWAT+ mgt_out.txt executed crop calendar,NO_ACTIVE_EXECUTED_CROP_CALENDAR,No maize cohort is within its executed SWAT+ plant-to-harvest interval; no plant state is emitted,,,,,,,,,,,,,,,,,,,,,,,,,,,,,,,,,,,,,,,,,,,,,,,,,,,,,,,,,,,,,,,,,,,,,,,,,,,,,
2019-05-15,True,True,SWAT+ mgt_out.txt PLANT and HARV/KILL events by HRU,EXECUTED_SWAT_MANAGEMENT_EVENTS,FSPM grows each distinct HRU calendar separately; field playback is weighted over the mapped maize HRU area. Daily event timing is applied to the complete day.,maize,MULTIPLE_EXECUTED_SWAT_HRU_CALENDARS,EMERGENCE,"volumetric percent [0, 100]",m2_leaf/m2_ground,fraction,m,mm/day,mm/day,mm/day,mm/day,"fraction [0, 1]",g/plant,g/plant,degC_day,degC_day,fraction,dimensionless,kg/ha/(MJ/m2),MODEL_BASE_PARAMETER,0.5,0.4991389845512067,0.023981698140073986,ASSUMED_PARAMETER_NOT_CALIBRATED,False,seeded truncated normal; sigma=0.025,0.05,2.0,0.0,2.0,MODEL_BASE_PARAMETER,40.0,40.10657730611137,1.982589383884093,ASSUMED_PARAMETER_NOT_CALIBRATED,False,seeded truncated normal; sigma=2.0 kg/ha/(MJ/m2),10.0,90.0,10.0,90.0,DERIVED_FSPM,SIMPLIFIED_FSPM maize population,3.0-simplified-fspm,unweighted population statistics,True,SIMPLIFIED_FSPM,18.64838086308553,25.305325658163706,0.22444382888667383,40.106577306111376,0.05170640671343386,0.09386777646273595,0.0,1.6681343217397802,1450.0,1.6681343217397802,0.0,1.6681343217397802,2.152732822840807,0.49913898455120675,80.0,0.49332884426108714,0.006170312108002645,0.11987132197126514,0.11987132197126514,8.946952556603835,12.41223376566858,0.05781041169911999,1.6681343217397802,4000,0.8836126031330339,4,7,DERIVED_SWAT_PROFILE_UNIFORM_ROOT_ZONE_APPROXIMATION,SWAT_HRU_AREA_X_2019_CDL_CORN_FRACTION_WEIGHTED; inactive calendar groups contribute zero living-crop structure,DATED_FSPM_MAIZE_AREA_STATE_ACROSS_EXECUTED_SWAT_CALENDARS
2019-05-16,True,True,SWAT+ mgt_out.txt PLANT and HARV/KILL events by HRU,EXECUTED_SWAT_MANAGEMENT_EVENTS,FSPM grows each distinct HRU calendar separately; field playback is weighted over the mapped maize HRU area. Daily event timing is applied to the complete day.,maize,MULTIPLE_EXECUTED_SWAT_HRU_CALENDARS,EMERGENCE,"volumetric percent [0, 100]",m2_leaf/m2_ground,fraction,m,mm/day,mm/day,mm/day,mm/day,"fraction [0, 1]",g/plant,g/plant,degC_day,degC_day,fraction,dimensionless,kg/ha/(MJ/m2),MODEL_BASE_PARAMETER,0.5,0.4991389845512067,0.023981698140073986,ASSUMED_PARAMETER_NOT_CALIBRATED,False,seeded truncated normal; sigma=0.025,0.05,2.0,0.0,2.0,MODEL_BASE_PARAMETER,40.0,40.10657730611137,1.982589383884093,ASSUMED_PARAMETER_NOT_CALIBRATED,False,seeded truncated normal; sigma=2.0 kg/ha/(MJ/m2),10.0,90.0,10.0,90.0,DERIVED_FSPM,SIMPLIFIED_FSPM maize population,3.0-simplified-fspm,unweighted population statistics,True,SIMPLIFIED_FSPM,19.419325825813534,25.332638793921497,0.20154178528413821,40.10657730611136,0.13027692476959732,0.11546343839239788,0.0,1.9081057078072725,1449.9999999999998,1.9081057078072725,0.3281583851984649,1.9081057078072725,2.391835624159418,0.4991389845512067,92.25374205990514,0.5485302070328636,0.015779060463803278,0.15349388248414894,0.15349388248414894,22.879637672514757,12.531852802270176,0.0736977176959094,1.9081057078072725,7000,1.0,7,7,DERIVED_SWAT_PROFILE_UNIFORM_ROOT_ZONE_APPROXIMATION,SWAT_HRU_AREA_X_2019_CDL_CORN_FRACTION_WEIGHTED; inactive calendar groups contribute zero living-crop structure,DATED_FSPM_MAIZE_AREA_STATE_ACROSS_EXECUTED_SWAT_CALENDARS
2019-05-17,True,True,SWAT+ mgt_out.txt PLANT and HARV/KILL events by HRU,EXECUTED_SWAT_MANAGEMENT_EVENTS,FSPM grows each distinct HRU calendar separately; field playback is weighted over the mapped maize HRU area. Daily event timing is applied to the complete day.,maize,MULTIPLE_EXECUTED_SWAT_HRU_CALENDARS,EMERGENCE,"volumetric percent [0, 100]",m2_leaf/m2_ground,fraction,m,mm/day,mm/day,mm/day,mm/day,"fraction [0, 1]",g/plant,g/plant,degC_day,degC_day,fraction,dimensionless,kg/ha/(MJ/m2),MODEL_BASE_PARAMETER,0.5,0.4991389845512067,0.023981698140073986,ASSUMED_PARAMETER_NOT_CALIBRATED,False,seeded truncated normal; sigma=0.025,0.05,2.0,0.0,2.0,MODEL_BASE_PARAMETER,40.0,40.10657730611137,1.982589383884093,ASSUMED_PARAMETER_NOT_CALIBRATED,False,seeded truncated normal; sigma=2.0 kg/ha/(MJ/m2),10.0,90.0,10.0,90.0,DERIVED_FSPM,SIMPLIFIED_FSPM maize population,3.0-simplified-fspm,unweighted population statistics,True,SIMPLIFIED_FSPM,19.61556218464907,25.332638793921497,0.18887797241515136,40.10657730611136,0.164721580136109,0.1251247179062624,0.0,1.2430167235328593,1449.9999999999998,1.2430167235328593,0.7400772453518379,1.2430167235328593,1.5259210664066558,0.4991389845512067,115.46343839239785,0.563173903899412,0.020077738779204622,0.16243164031439458,0.16243164031439458,29.112721229846702,12.531852802270176,0.0778166242327707,1.2430167235328593,7000,1.0,7,7,DERIVED_SWAT_PROFILE_UNIFORM_ROOT_ZONE_APPROXIMATION,SWAT_HRU_AREA_X_2019_CDL_CORN_FRACTION_WEIGHTED; inactive calendar groups contribute zero living-crop structure,DATED_FSPM_MAIZE_AREA_STATE_ACROSS_EXECUTED_SWAT_CALENDARS
2019-05-18,True,True,SWAT+ mgt_out.txt PLANT and HARV/KILL events by HRU,EXECUTED_SWAT_MANAGEMENT_EVENTS,FSPM grows each distinct HRU calendar separately; field playback is weighted over the mapped maize HRU area. Daily event timing is applied to the complete day.,maize,MULTIPLE_EXECUTED_SWAT_HRU_CALENDARS,EMERGENCE,"volumetric percent [0, 100]",m2_leaf/m2_ground,fraction,m,mm/day,mm/day,mm/day,mm/day,"fraction [0, 1]",g/plant,g/plant,degC_day,degC_day,fraction,dimensionless,kg/ha/(MJ/m2),MODEL_BASE_PARAMETER,0.5,0.4991389845512067,0.023981698140073986,ASSUMED_PARAMETER_NOT_CALIBRATED,False,seeded truncated normal; sigma=0.025,0.05,2.0,0.0,2.0,MODEL_BASE_PARAMETER,40.0,40.10657730611137,1.982589383884093,ASSUMED_PARAMETER_NOT_CALIBRATED,False,seeded truncated normal; sigma=2.0 kg/ha/(MJ/m2),10.0,90.0,10.0,90.0,DERIVED_FSPM,SIMPLIFIED_FSPM maize population,3.0-simplified-fspm,unweighted population statistics,True,SIMPLIFIED_FSPM,20.10824218182483,25.332638793921497,0.15950832116164507,40.10657730611136,0.21977983680565327,0.14083540181771567,0.0,1.6752401015117893,1449.9999999999998,1.6752401015117893,1.076887161130548,1.6752401015117893,1.9930366994837454,0.4991389845512067,125.1247179062624,0.5976542145990413,0.027068031954489737,0.17878145166294987,0.17878145166294987,39.24864633401013,12.531852802270176,0.08530693991128406,1.6752401015117893,7000,1.0,7,7,DERIVED_SWAT_PROFILE_UNIFORM_ROOT_ZONE_APPROXIMATION,SWAT_HRU_AREA_X_2019_CDL_CORN_FRACTION_WEIGHTED; inactive calendar groups contribute zero living-crop structure,DATED_FSPM_MAIZE_AREA_STATE_ACROSS_EXECUTED_SWAT_CALENDARS
2019-05-19,True,True,SWAT+ mgt_out.txt PLANT and HARV/KILL events by HRU,EXECUTED_SWAT_MANAGEMENT_EVENTS,FSPM grows each distinct HRU calendar separately; field playback is weighted over the mapped maize HRU area. Daily event timing is applied to the complete day.,maize,MULTIPLE_EXECUTED_SWAT_HRU_CALENDARS,EMERGENCE,"volumetric percent [0, 100]",m2_leaf/m2_ground,fraction,m,mm/day,mm/day,mm/day,mm/day,"fraction [0, 1]",g/plant,g/plant,degC_day,degC_day,fraction,dimensionless,kg/ha/(MJ/m2),MODEL_BASE_PARAMETER,0.5,0.4991389845512067,0.023981698140073986,ASSUMED_PARAMETER_NOT_CALIBRATED,False,seeded truncated normal; sigma=0.025,0.05,2.0,0.0,2.0,MODEL_BASE_PARAMETER,40.0,40.10657730611137,1.982589383884093,ASSUMED_PARAMETER_NOT_CALIBRATED,False,seeded truncated normal; sigma=2.0 kg/ha/(MJ/m2),10.0,90.0,10.0,90.0,DERIVED_FSPM,SIMPLIFIED_FSPM maize population,3.0-simplified-fspm,unweighted population statistics,True,SIMPLIFIED_FSPM,20.51640479729856,25.332638793921504,0.13889205816771022,40.10657730611136,0.22009238470236475,0.14092572042361357,0.0,0.9352088095516343,1449.9999999999998,0.9352088095516343,1.5216445258966658,0.9352088095516343,1.0878435680370422,0.4991389845512067,140.8354018177157,0.6251759489922959,0.027108218208504356,0.18067614353731953,0.18067614353731953,39.30691640233132,12.531852802270176,0.08617444772049629,0.9352088095516343,7000,1.0,7,7,DERIVED_SWAT_PROFILE_UNIFORM_ROOT_ZONE_APPROXIMATION,SWAT_HRU_AREA_X_2019_CDL_CORN_FRACTION_WEIGHTED; inactive calendar groups contribute zero living-crop structure,DATED_FSPM_MAIZE_AREA_STATE_ACROSS_EXECUTED_SWAT_CALENDARS
2019-05-20,True,True,SWAT+ mgt_out.txt PLANT and HARV/KILL events by HRU,EXECUTED_SWAT_MANAGEMENT_EVENTS,FSPM grows each distinct HRU calendar separately; field playback is weighted over the mapped maize HRU area. Daily event timing is applied to the complete day.,maize,MULTIPLE_EXECUTED_SWAT_HRU_CALENDARS,EMERGENCE,"volumetric percent [0, 100]",m2_leaf/m2_ground,fraction,m,mm/day,mm/day,mm/day,mm/day,"fraction [0, 1]",g/plant,g/plant,degC_day,degC_day,fraction,dimensionless,kg/ha/(MJ/m2),MODEL_BASE_PARAMETER,0.5,0.4991389845512067,0.023981698140073986,ASSUMED_PARAMETER_NOT_CALIBRATED,False,seeded truncated normal; sigma=0.025,0.05,2.0,0.0,2.0,MODEL_BASE_PARAMETER,40.0,40.10657730611137,1.982589383884093,ASSUMED_PARAMETER_NOT_CALIBRATED,False,seeded truncated normal; sigma=2.0 kg/ha/(MJ/m2),10.0,90.0,10.0,90.0,DERIVED_FSPM,SIMPLIFIED_FSPM maize population,3.0-simplified-fspm,unweighted population statistics,True,SIMPLIFIED_FSPM,20.38631606427055,25.332638793921497,0.14636606754101228,40.10657730611136,0.22760202394406454,0.1430952870456498,0.0,1.2576687310950712,1449.9999999999998,1.2576687310950712,1.8795449313807286,1.2576687310950712,1.474189369121269,0.4991389845512067,140.92572042361354,0.616616436448102,0.028073542623203468,0.18204907359713063,0.18204907359713063,40.706636803645026,12.531852802270176,0.08679807039671568,1.2576687310950712,7000,1.0,7,7,DERIVED_SWAT_PROFILE_UNIFORM_ROOT_ZONE_APPROXIMATION,SWAT_HRU_AREA_X_2019_CDL_CORN_FRACTION_WEIGHTED; inactive calendar groups contribute zero living-crop structure,DATED_FSPM_MAIZE_AREA_STATE_ACROSS_EXECUTED_SWAT_CALENDARS
2019-05-21,True,True,SWAT+ mgt_out.txt PLANT and HARV/KILL events by HRU,EXECUTED_SWAT_MANAGEMENT_EVENTS,FSPM grows each distinct HRU calendar separately; field playback is weighted over the mapped maize HRU area. Daily event timing is applied to the complete day.,maize,MULTIPLE_EXECUTED_SWAT_HRU_CALENDARS,EMERGENCE,"volumetric percent [0, 100]",m2_leaf/m2_ground,fraction,m,mm/day,mm/day,mm/day,mm/day,"fraction [0, 1]",g/plant,g/plant,degC_day,degC_day,fraction,dimensionless,kg/ha/(MJ/m2),MODEL_BASE_PARAMETER,0.5,0.4991389845512067,0.023981698140073986,ASSUMED_PARAMETER_NOT_CALIBRATED,False,seeded truncated normal; sigma=0.025,0.05,2.0,0.0,2.0,MODEL_BASE_PARAMETER,40.0,40.10657730611137,1.982589383884093,ASSUMED_PARAMETER_NOT_CALIBRATED,False,seeded truncated normal; sigma=2.0 kg/ha/(MJ/m2),10.0,90.0,10.0,90.0,DERIVED_FSPM,SIMPLIFIED_FSPM maize population,3.0-simplified-fspm,unweighted population statistics,True,SIMPLIFIED_FSPM,20.713312499591062,25.332638793921504,0.1287261299983337,40.10657730611136,0.24329560583294865,0.14764914386134348,0.0,0.646177911332274,1449.9999999999998,0.646177911332274,2.364560621530804,0.646177911332274,0.7412962274477432,0.4991389845512067,143.09528704564977,0.6381711828372556,0.03009973030538087,0.18799406819252018,0.18799406819252018,43.64460894280225,12.531852802270176,0.08950359235235109,0.646177911332274,7000,1.0,7,7,DERIVED_SWAT_PROFILE_UNIFORM_ROOT_ZONE_APPROXIMATION,SWAT_HRU_AREA_X_2019_CDL_CORN_FRACTION_WEIGHTED; inactive calendar groups contribute zero living-crop structure,DATED_FSPM_MAIZE_AREA_STATE_ACROSS_EXECUTED_SWAT_CALENDARS
2019-05-22,True,True,SWAT+ mgt_out.txt PLANT and HARV/KILL events by HRU,EXECUTED_SWAT_MANAGEMENT_EVENTS,FSPM grows each distinct HRU calendar separately; field playback is weighted over the mapped maize HRU area. Daily event timing is applied to the complete day.,maize,MULTIPLE_EXECUTED_SWAT_HRU_CALENDARS,EMERGENCE,"volumetric percent [0, 100]",m2_leaf/m2_ground,fraction,m,mm/day,mm/day,mm/day,mm/day,"fraction [0, 1]",g/plant,g/plant,degC_day,degC_day,fraction,dimensionless,kg/ha/(MJ/m2),MODEL_BASE_PARAMETER,0.5,0.4991389845512067,0.023981698140073986,ASSUMED_PARAMETER_NOT_CALIBRATED,False,seeded truncated normal; sigma=0.025,0.05,2.0,0.0,2.0,MODEL_BASE_PARAMETER,40.0,40.10657730611137,1.982589383884093,ASSUMED_PARAMETER_NOT_CALIBRATED,False,seeded truncated normal; sigma=2.0 kg/ha/(MJ/m2),10.0,90.0,10.0,90.0,DERIVED_FSPM,SIMPLIFIED_FSPM maize population,3.0-simplified-fspm,unweighted population statistics,True,SIMPLIFIED_FSPM,21.004870221789346,25.332638793921497,0.11414785715690887,40.10657730611136,0.27891154266932905,0.15809008933147914,0.0,1.7955272590754159,1449.9999999999998,1.7955272590754159,2.544314152571391,1.7955272590754159,2.030014307189714,0.4991389845512067,147.6491438613435,0.656230982132612,0.03474531227207082,0.19980232583633104,0.19980232583633104,50.38070279450269,12.531852802270176,0.09484995440477555,1.7955272590754159,7000,1.0,7,7,DERIVED_SWAT_PROFILE_UNIFORM_ROOT_ZONE_APPROXIMATION,SWAT_HRU_AREA_X_2019_CDL_CORN_FRACTION_WEIGHTED; inactive calendar groups contribute zero living-crop structure,DATED_FSPM_MAIZE_AREA_STATE_ACROSS_EXECUTED_SWAT_CALENDARS
2019-05-23,True,True,SWAT+ mgt_out.txt PLANT and HARV/KILL events by HRU,EXECUTED_SWAT_MANAGEMENT_EVENTS,FSPM grows each distinct HRU calendar separately; field playback is weighted over the mapped maize HRU area. Daily event timing is applied to the complete day.,maize,MULTIPLE_EXECUTED_SWAT_HRU_CALENDARS,EMERGENCE,"volumetric percent [0, 100]",m2_leaf/m2_ground,fraction,m,mm/day,mm/day,mm/day,mm/day,"fraction [0, 1]",g/plant,g/plant,degC_day,degC_day,fraction,dimensionless,kg/ha/(MJ/m2),MODEL_BASE_PARAMETER,0.5,0.4991389845512067,0.023981698140073986,ASSUMED_PARAMETER_NOT_CALIBRATED,False,seeded truncated normal; sigma=0.025,0.05,2.0,0.0,2.0,MODEL_BASE_PARAMETER,40.0,40.10657730611137,1.982589383884093,ASSUMED_PARAMETER_NOT_CALIBRATED,False,seeded truncated normal; sigma=2.0 kg/ha/(MJ/m2),10.0,90.0,10.0,90.0,DERIVED_FSPM,SIMPLIFIED_FSPM maize population,3.0-simplified-fspm,unweighted population statistics,True,SIMPLIFIED_FSPM,21.49467243076695,25.332638793921497,0.09374352680479922,40.10657730611136,0.3179612793594059,0.1697083787579403,0.0,1.8702026753673469,1449.9999999999998,1.8702026753673469,3.130345995966401,1.8702026753673469,2.0650746385313,0.4991389845512067,158.0900893314791,0.6848616693075154,0.03991474027049624,0.21421705746191674,0.21421705746191674,57.87637339221955,12.531852802270176,0.10133371466532395,1.8702026753673469,7000,1.0,7,7,DERIVED_SWAT_PROFILE_UNIFORM_ROOT_ZONE_APPROXIMATION,SWAT_HRU_AREA_X_2019_CDL_CORN_FRACTION_WEIGHTED; inactive calendar groups contribute zero living-crop structure,DATED_FSPM_MAIZE_AREA_STATE_ACROSS_EXECUTED_SWAT_CALENDARS
2019-05-24,True,True,SWAT+ mgt_out.txt PLANT and HARV/KILL events by HRU,EXECUTED_SWAT_MANAGEMENT_EVENTS,FSPM grows each distinct HRU calendar separately; field playback is weighted over the mapped maize HRU area. Daily event timing is applied to the complete day.,maize,MULTIPLE_EXECUTED_SWAT_HRU_CALENDARS,EMERGENCE,"volumetric percent [0, 100]",m2_leaf/m2_ground,fraction,m,mm/day,mm/day,mm/day,mm/day,"fraction [0, 1]",g/plant,g/plant,degC_day,degC_day,fraction,dimensionless,kg/ha/(MJ/m2),MODEL_BASE_PARAMETER,0.5,0.4991389845512067,0.023981698140073986,ASSUMED_PARAMETER_NOT_CALIBRATED,False,seeded truncated normal; sigma=0.025,0.05,2.0,0.0,2.0,MODEL_BASE_PARAMETER,40.0,40.10657730611137,1.982589383884093,ASSUMED_PARAMETER_NOT_CALIBRATED,False,seeded truncated normal; sigma=2.0 kg/ha/(MJ/m2),10.0,90.0,10.0,90.0,DERIVED_FSPM,SIMPLIFIED_FSPM maize population,3.0-simplified-fspm,unweighted population statistics,True,SIMPLIFIED_FSPM,22.149296312165717,25.332638793921504,0.07249525650091763,40.10657730611136,0.37390681742960247,0.18667604039083002,0.0,1.8847339735094193,1449.9999999999998,1.8847339735094193,3.7587875155006616,1.8847339735094193,2.0324869553146447,0.4991389845512067,169.70837875794032,0.7218044900289495,0.047464311631070094,0.23610593274219957,0.23610593274219957,68.82325186505162,12.531852802270178,0.1110872150484951,1.8847339735094193,7000,1.0,7,7,DERIVED_SWAT_PROFILE_UNIFORM_ROOT_ZONE_APPROXIMATION,SWAT_HRU_AREA_X_2019_CDL_CORN_FRACTION_WEIGHTED; inactive calendar groups contribute zero living-crop structure,DATED_FSPM_MAIZE_AREA_STATE_ACROSS_EXECUTED_SWAT_CALENDARS
2019-05-25,True,True,SWAT+ mgt_out.txt PLANT and HARV/KILL events by HRU,EXECUTED_SWAT_MANAGEMENT_EVENTS,FSPM grows each distinct HRU calendar separately; field playback is weighted over the mapped maize HRU area. Daily event timing is applied to the complete day.,maize,MULTIPLE_EXECUTED_SWAT_HRU_CALENDARS,EMERGENCE,"volumetric percent [0, 100]",m2_leaf/m2_ground,fraction,m,mm/day,mm/day,mm/day,mm/day,"fraction [0, 1]",g/plant,g/plant,degC_day,degC_day,fraction,dimensionless,kg/ha/(MJ/m2),MODEL_BASE_PARAMETER,0.5,0.4991389845512067,0.023981698140073986,ASSUMED_PARAMETER_NOT_CALIBRATED,False,seeded truncated normal; sigma=0.025,0.05,2.0,0.0,2.0,MODEL_BASE_PARAMETER,40.0,40.10657730611137,1.982589383884093,ASSUMED_PARAMETER_NOT_CALIBRATED,False,seeded truncated normal; sigma=2.0 kg/ha/(MJ/m2),10.0,90.0,10.0,90.0,DERIVED_FSPM,SIMPLIFIED_FSPM maize population,3.0-simplified-fspm,unweighted population statistics,True,SIMPLIFIED_FSPM,22.049223143831814,25.332638793921497,0.07705507204066213,40.10657730611136,0.42713002490269436,0.20318583865166084,0.0,2.1294776184038966,1449.9999999999998,2.1294776184038966,4.333300904857747,2.1294776184038966,2.3082897450163165,0.4991389845512067,186.67604039083005,0.7150964456735885,0.0548101618027412,0.25636472335352684,0.25636472335352684,79.47473461397472,12.531852802270176,0.12001474048358665,2.1294776184038966,7000,1.0,7,7,DERIVED_SWAT_PROFILE_UNIFORM_ROOT_ZONE_APPROXIMATION,SWAT_HRU_AREA_X_2019_CDL_CORN_FRACTION_WEIGHTED; inactive calendar groups contribute zero living-crop structure,DATED_FSPM_MAIZE_AREA_STATE_ACROSS_EXECUTED_SWAT_CALENDARS
2019-05-26,True,True,SWAT+ mgt_out.txt PLANT and HARV/KILL events by HRU,EXECUTED_SWAT_MANAGEMENT_EVENTS,FSPM grows each distinct HRU calendar separately; field playback is weighted over the mapped maize HRU area. Daily event timing is applied to the complete day.,maize,MULTIPLE_EXECUTED_SWAT_HRU_CALENDARS,EMERGENCE,"volumetric percent [0, 100]",m2_leaf/m2_ground,fraction,m,mm/day,mm/day,mm/day,mm/day,"fraction [0, 1]",g/plant,g/plant,degC_day,degC_day,fraction,dimensionless,kg/ha/(MJ/m2),MODEL_BASE_PARAMETER,0.5,0.4991389845512067,0.023981698140073986,ASSUMED_PARAMETER_NOT_CALIBRATED,False,seeded truncated normal; sigma=0.025,0.05,2.0,0.0,2.0,MODEL_BASE_PARAMETER,40.0,40.10657730611137,1.982589383884093,ASSUMED_PARAMETER_NOT_CALIBRATED,False,seeded truncated normal; sigma=2.0 kg/ha/(MJ/m2),10.0,90.0,10.0,90.0,DERIVED_FSPM,SIMPLIFIED_FSPM maize population,3.0-simplified-fspm,unweighted population statistics,True,SIMPLIFIED_FSPM,21.852148017377306,25.34145183696241,0.0853713619980305,40.10657730611136,0.4827908443577668,0.22085217762782713,0.0,2.1690316745473743,1449.9999999999998,2.1690316745473743,5.056465386084628,2.1690316745473743,2.3723212532510773,0.4991389845512067,203.18583865166084,0.7028011680183853,0.06267060183663054,0.2793926698960824,0.2793926698960824,90.87237266311428,12.543949332837833,0.1300506085868581,2.1690316745473743,7000,1.0,7,7,DERIVED_SWAT_PROFILE_UNIFORM_ROOT_ZONE_APPROXIMATION,SWAT_HRU_AREA_X_2019_CDL_CORN_FRACTION_WEIGHTED; inactive calendar groups contribute zero living-crop structure,DATED_FSPM_MAIZE_AREA_STATE_ACROSS_EXECUTED_SWAT_CALENDARS
2019-05-27,True,True,SWAT+ mgt_out.txt PLANT and HARV/KILL events by HRU,EXECUTED_SWAT_MANAGEMENT_EVENTS,FSPM grows each distinct HRU calendar separately; field playback is weighted over the mapped maize HRU area. Daily event timing is applied to the complete day.,maize,MULTIPLE_EXECUTED_SWAT_HRU_CALENDARS,VEGETATIVE,"volumetric percent [0, 100]",m2_leaf/m2_ground,fraction,m,mm/day,mm/day,mm/day,mm/day,"fraction [0, 1]",g/plant,g/plant,degC_day,degC_day,fraction,dimensionless,kg/ha/(MJ/m2),MODEL_BASE_PARAMETER,0.5,0.4991389845512067,0.023981698140073986,ASSUMED_PARAMETER_NOT_CALIBRATED,False,seeded truncated normal; sigma=0.025,0.05,2.0,0.0,2.0,MODEL_BASE_PARAMETER,40.0,40.10657730611137,1.982589383884093,ASSUMED_PARAMETER_NOT_CALIBRATED,False,seeded truncated normal; sigma=2.0 kg/ha/(MJ/m2),10.0,90.0,10.0,90.0,DERIVED_FSPM,SIMPLIFIED_FSPM maize population,3.0-simplified-fspm,unweighted population statistics,True,SIMPLIFIED_FSPM,21.828173361626476,25.36887945212694,0.08983728119869124,40.10657730611136,0.530320485151749,0.23627913348522842,0.0,1.5134123811225901,1449.9999999999998,1.5134123811225901,5.854058781202118,1.5134123811225901,1.6643913073340322,0.4991389845512067,220.85217762782713,0.6989075544969308,0.06953465338608607,0.3014724977485955,0.3014724977485955,100.82524740982478,12.58202863021365,0.13956390753786885,1.5134123811225901,7000,1.0,7,7,DERIVED_SWAT_PROFILE_UNIFORM_ROOT_ZONE_APPROXIMATION,SWAT_HRU_AREA_X_2019_CDL_CORN_FRACTION_WEIGHTED; inactive calendar groups contribute zero living-crop structure,DATED_FSPM_MAIZE_AREA_STATE_ACROSS_EXECUTED_SWAT_CALENDARS
2019-05-28,True,True,SWAT+ mgt_out.txt PLANT and HARV/KILL events by HRU,EXECUTED_SWAT_MANAGEMENT_EVENTS,FSPM grows each distinct HRU calendar separately; field playback is weighted over the mapped maize HRU area. Daily event timing is applied to the complete day.,maize,MULTIPLE_EXECUTED_SWAT_HRU_CALENDARS,VEGETATIVE,"volumetric percent [0, 100]",m2_leaf/m2_ground,fraction,m,mm/day,mm/day,mm/day,mm/day,"fraction [0, 1]",g/plant,g/plant,degC_day,degC_day,fraction,dimensionless,kg/ha/(MJ/m2),MODEL_BASE_PARAMETER,0.5,0.4991389845512067,0.023981698140073986,ASSUMED_PARAMETER_NOT_CALIBRATED,False,seeded truncated normal; sigma=0.025,0.05,2.0,0.0,2.0,MODEL_BASE_PARAMETER,40.0,40.10657730611137,1.982589383884093,ASSUMED_PARAMETER_NOT_CALIBRATED,False,seeded truncated normal; sigma=2.0 kg/ha/(MJ/m2),10.0,90.0,10.0,90.0,DERIVED_FSPM,SIMPLIFIED_FSPM maize population,3.0-simplified-fspm,unweighted population statistics,True,SIMPLIFIED_FSPM,22.04324673795778,25.420055912813933,0.08460858359064533,40.10657730611136,0.5550528857274595,0.2444354860988587,0.0,1.0885971173230458,1449.9999999999998,1.0885971173230458,6.4475410868108,1.0885971173230458,1.1886769152618715,0.4991389845512067,236.2791334852284,0.7075662051662549,0.07316373130093824,0.31493850927157246,0.31493850927157246,106.08741038636045,12.652226217376587,0.14531627987697238,1.0885971173230458,7000,1.0,7,7,DERIVED_SWAT_PROFILE_UNIFORM_ROOT_ZONE_APPROXIMATION,SWAT_HRU_AREA_X_2019_CDL_CORN_FRACTION_WEIGHTED; inactive calendar groups contribute zero living-crop structure,DATED_FSPM_MAIZE_AREA_STATE_ACROSS_EXECUTED_SWAT_CALENDARS
2019-05-29,True,True,SWAT+ mgt_out.txt PLANT and HARV/KILL events by HRU,EXECUTED_SWAT_MANAGEMENT_EVENTS,FSPM grows each distinct HRU calendar separately; field playback is weighted over the mapped maize HRU area. Daily event timing is applied to the complete day.,maize,MULTIPLE_EXECUTED_SWAT_HRU_CALENDARS,VEGETATIVE,"volumetric percent [0, 100]",m2_leaf/m2_ground,fraction,m,mm/day,mm/day,mm/day,mm/day,"fraction [0, 1]",g/plant,g/plant,degC_day,degC_day,fraction,dimensionless,kg/ha/(MJ/m2),MODEL_BASE_PARAMETER,0.5,0.4991389845512067,0.023981698140073986,ASSUMED_PARAMETER_NOT_CALIBRATED,False,seeded truncated normal; sigma=0.025,0.05,2.0,0.0,2.0,MODEL_BASE_PARAMETER,40.0,40.10657730611137,1.982589383884093,ASSUMED_PARAMETER_NOT_CALIBRATED,False,seeded truncated normal; sigma=2.0 kg/ha/(MJ/m2),10.0,90.0,10.0,90.0,DERIVED_FSPM,SIMPLIFIED_FSPM maize population,3.0-simplified-fspm,unweighted population statistics,True,SIMPLIFIED_FSPM,22.148983351849083,25.459512211743423,0.0811559384375599,40.10657730611136,0.5960608327278306,0.2581573874801808,0.0,1.7607560310945543,1449.9999999999998,1.7607560310945543,6.929449055202809,1.7607560310945543,1.9176013080452272,0.4991389845512067,244.4354860988587,0.711095241707081,0.07926913792221615,0.3380087859827254,0.3380087859827254,114.94024998721339,12.707938685422224,0.15507915552093288,1.7607560310945543,7000,1.0,7,7,DERIVED_SWAT_PROFILE_UNIFORM_ROOT_ZONE_APPROXIMATION,SWAT_HRU_AREA_X_2019_CDL_CORN_FRACTION_WEIGHTED; inactive calendar groups contribute zero living-crop structure,DATED_FSPM_MAIZE_AREA_STATE_ACROSS_EXECUTED_SWAT_CALENDARS
2019-05-30,True,True,SWAT+ mgt_out.txt PLANT and HARV/KILL events by HRU,EXECUTED_SWAT_MANAGEMENT_EVENTS,FSPM grows each distinct HRU calendar separately; field playback is weighted over the mapped maize HRU area. Daily event timing is applied to the complete day.,maize,MULTIPLE_EXECUTED_SWAT_HRU_CALENDARS,VEGETATIVE,"volumetric percent [0, 100]",m2_leaf/m2_ground,fraction,m,mm/day,mm/day,mm/day,mm/day,"fraction [0, 1]",g/plant,g/plant,degC_day,degC_day,fraction,dimensionless,kg/ha/(MJ/m2),MODEL_BASE_PARAMETER,0.5,0.4991389845512067,0.023981698140073986,ASSUMED_PARAMETER_NOT_CALIBRATED,False,seeded truncated normal; sigma=0.025,0.05,2.0,0.0,2.0,MODEL_BASE_PARAMETER,40.0,40.10657730611137,1.982589383884093,ASSUMED_PARAMETER_NOT_CALIBRATED,False,seeded truncated normal; sigma=2.0 kg/ha/(MJ/m2),10.0,90.0,10.0,90.0,DERIVED_FSPM,SIMPLIFIED_FSPM maize population,3.0-simplified-fspm,unweighted population statistics,True,SIMPLIFIED_FSPM,21.96814828032262,25.536799008625096,0.0899466740071838,40.10657730611136,0.6427920837819584,0.27411090692075146,0.0,1.8717179689550085,1449.9999999999998,1.8717179689550085,7.70975913206725,1.8717179689550085,2.057630657566988,0.4991389845512067,258.1573874801808,0.6956121295560739,0.08636747805150231,0.36456178982120563,0.36456178982120563,125.23284317467834,12.82125465308266,0.16617062400400143,1.8717179689550085,7000,1.0,7,7,DERIVED_SWAT_PROFILE_UNIFORM_ROOT_ZONE_APPROXIMATION,SWAT_HRU_AREA_X_2019_CDL_CORN_FRACTION_WEIGHTED; inactive calendar groups contribute zero living-crop structure,DATED_FSPM_MAIZE_AREA_STATE_ACROSS_EXECUTED_SWAT_CALENDARS
2019-05-31,True,True,SWAT+ mgt_out.txt PLANT and HARV/KILL events by HRU,EXECUTED_SWAT_MANAGEMENT_EVENTS,FSPM grows each distinct HRU calendar separately; field playback is weighted over the mapped maize HRU area. Daily event timing is applied to the complete day.,maize,MULTIPLE_EXECUTED_SWAT_HRU_CALENDARS,VEGETATIVE,"volumetric percent [0, 100]",m2_leaf/m2_ground,fraction,m,mm/day,mm/day,mm/day,mm/day,"fraction [0, 1]",g/plant,g/plant,degC_day,degC_day,fraction,dimensionless,kg/ha/(MJ/m2),MODEL_BASE_PARAMETER,0.5,0.4991389845512067,0.023981698140073986,ASSUMED_PARAMETER_NOT_CALIBRATED,False,seeded truncated normal; sigma=0.025,0.05,2.0,0.0,2.0,MODEL_BASE_PARAMETER,40.0,40.10657730611137,1.982589383884093,ASSUMED_PARAMETER_NOT_CALIBRATED,False,seeded truncated normal; sigma=2.0 kg/ha/(MJ/m2),10.0,90.0,10.0,90.0,DERIVED_FSPM,SIMPLIFIED_FSPM maize population,3.0-simplified-fspm,unweighted population statistics,True,SIMPLIFIED_FSPM,21.68549714905979,25.62356467847866,0.10436869848101772,40.10657730611136,0.7086675387135782,0.29719798450163765,0.0,2.224280358830439,1449.9999999999998,2.224280358830439,8.560394149250083,2.224280358830439,2.485021676326896,0.4991389845512067,274.1109069207514,0.673820645551387,0.09663981512864857,0.40601419845447273,0.40601419845447273,140.12773193654047,12.94958179395304,0.1831861951371498,2.224280358830439,7000,1.0,7,7,DERIVED_SWAT_PROFILE_UNIFORM_ROOT_ZONE_APPROXIMATION,SWAT_HRU_AREA_X_2019_CDL_CORN_FRACTION_WEIGHTED; inactive calendar groups contribute zero living-crop structure,DATED_FSPM_MAIZE_AREA_STATE_ACROSS_EXECUTED_SWAT_CALENDARS
2019-06-01,True,True,SWAT+ mgt_out.txt PLANT and HARV/KILL events by HRU,EXECUTED_SWAT_MANAGEMENT_EVENTS,FSPM grows each distinct HRU calendar separately; field playback is weighted over the mapped maize HRU area. Daily event timing is applied to the complete day.,maize,MULTIPLE_EXECUTED_SWAT_HRU_CALENDARS,VEGETATIVE,"volumetric percent [0, 100]",m2_leaf/m2_ground,fraction,m,mm/day,mm/day,mm/day,mm/day,"fraction [0, 1]",g/plant,g/plant,degC_day,degC_day,fraction,dimensionless,kg/ha/(MJ/m2),MODEL_BASE_PARAMETER,0.5,0.4991389845512067,0.023981698140073986,ASSUMED_PARAMETER_NOT_CALIBRATED,False,seeded truncated normal; sigma=0.025,0.05,2.0,0.0,2.0,MODEL_BASE_PARAMETER,40.0,40.10657730611137,1.982589383884093,ASSUMED_PARAMETER_NOT_CALIBRATED,False,seeded truncated normal; sigma=2.0 kg/ha/(MJ/m2),10.0,90.0,10.0,90.0,DERIVED_FSPM,SIMPLIFIED_FSPM maize population,3.0-simplified-fspm,unweighted population statistics,True,SIMPLIFIED_FSPM,21.37534099400437,25.73272245851524,0.12265535072249294,40.10657730611136,0.7492461291870797,0.31178710180228264,0.0,1.820009713625119,1449.9999999999998,1.820009713625119,9.596571179828306,1.820009713625119,2.074398550156918,0.4991389845512067,297.1979845016377,0.6483520071083719,0.10313107977854624,0.4323929531282667,0.4323929531282667,149.54006567889203,13.111082888310474,0.19382025985622367,1.820009713625119,7000,1.0,7,7,DERIVED_SWAT_PROFILE_UNIFORM_ROOT_ZONE_APPROXIMATION,SWAT_HRU_AREA_X_2019_CDL_CORN_FRACTION_WEIGHTED; inactive calendar groups contribute zero living-crop structure,DATED_FSPM_MAIZE_AREA_STATE_ACROSS_EXECUTED_SWAT_CALENDARS
2019-06-02,True,True,SWAT+ mgt_out.txt PLANT and HARV/KILL events by HRU,EXECUTED_SWAT_MANAGEMENT_EVENTS,FSPM grows each distinct HRU calendar separately; field playback is weighted over the mapped maize HRU area. Daily event timing is applied to the complete day.,maize,MULTIPLE_EXECUTED_SWAT_HRU_CALENDARS,VEGETATIVE,"volumetric percent [0, 100]",m2_leaf/m2_ground,fraction,m,mm/day,mm/day,mm/day,mm/day,"fraction [0, 1]",g/plant,g/plant,degC_day,degC_day,fraction,dimensionless,kg/ha/(MJ/m2),MODEL_BASE_PARAMETER,0.5,0.4991389845512067,0.023981698140073986,ASSUMED_PARAMETER_NOT_CALIBRATED,False,seeded truncated normal; sigma=0.025,0.05,2.0,0.0,2.0,MODEL_BASE_PARAMETER,40.0,40.10657730611137,1.982589383884093,ASSUMED_PARAMETER_NOT_CALIBRATED,False,seeded truncated normal; sigma=2.0 kg/ha/(MJ/m2),10.0,90.0,10.0,90.0,DERIVED_FSPM,SIMPLIFIED_FSPM maize population,3.0-simplified-fspm,unweighted population statistics,True,SIMPLIFIED_FSPM,21.080402943329215,25.7929821635674,0.1404456117281718,40.10657730611136,0.7921611233969242,0.3275324563278957,0.0,2.0145790271678448,1449.9999999999998,2.0145790271678448,10.600079305056939,2.0145790271678448,2.3455831278539345,0.4991389845512067,311.7871018022827,0.6266146579616044,0.1101367992560159,0.46293183472795885,0.46293183472795885,159.69835892122302,13.200057498219625,0.20595182219386113,2.0145790271678448,7000,1.0,7,7,DERIVED_SWAT_PROFILE_UNIFORM_ROOT_ZONE_APPROXIMATION,SWAT_HRU_AREA_X_2019_CDL_CORN_FRACTION_WEIGHTED; inactive calendar groups contribute zero living-crop structure,DATED_FSPM_MAIZE_AREA_STATE_ACROSS_EXECUTED_SWAT_CALENDARS
2019-06-03,True,True,SWAT+ mgt_out.txt PLANT and HARV/KILL events by HRU,EXECUTED_SWAT_MANAGEMENT_EVENTS,FSPM grows each distinct HRU calendar separately; field playback is weighted over the mapped maize HRU area. Daily event timing is applied to the complete day.,maize,MULTIPLE_EXECUTED_SWAT_HRU_CALENDARS,VEGETATIVE,"volumetric percent [0, 100]",m2_leaf/m2_ground,fraction,m,mm/day,mm/day,mm/day,mm/day,"fraction [0, 1]",g/plant,g/plant,degC_day,degC_day,fraction,dimensionless,kg/ha/(MJ/m2),MODEL_BASE_PARAMETER,0.5,0.4991389845512067,0.023981698140073986,ASSUMED_PARAMETER_NOT_CALIBRATED,False,seeded truncated normal; sigma=0.025,0.05,2.0,0.0,2.0,MODEL_BASE_PARAMETER,40.0,40.10657730611137,1.982589383884093,ASSUMED_PARAMETER_NOT_CALIBRATED,False,seeded truncated normal; sigma=2.0 kg/ha/(MJ/m2),10.0,90.0,10.0,90.0,DERIVED_FSPM,SIMPLIFIED_FSPM maize population,3.0-simplified-fspm,unweighted population statistics,True,SIMPLIFIED_FSPM,20.89156679120021,25.852324848146605,0.15572022309533748,40.10657730611136,0.8349469827767825,0.34356567575172026,0.0,1.6399554976116268,1449.9999999999998,1.6399554976116268,11.815501388255836,1.6399554976116268,1.9425746488192643,0.4991389845512067,327.5324563278958,0.6086970893566976,0.11727060100187772,0.496591745409316,0.496591745409316,170.0423714527227,13.287835054904269,0.21910464877020946,1.6399554976116268,7000,1.0,7,7,DERIVED_SWAT_PROFILE_UNIFORM_ROOT_ZONE_APPROXIMATION,SWAT_HRU_AREA_X_2019_CDL_CORN_FRACTION_WEIGHTED; inactive calendar groups contribute zero living-crop structure,DATED_FSPM_MAIZE_AREA_STATE_ACROSS_EXECUTED_SWAT_CALENDARS
2019-06-04,True,True,SWAT+ mgt_out.txt PLANT and HARV/KILL events by HRU,EXECUTED_SWAT_MANAGEMENT_EVENTS,FSPM grows each distinct HRU calendar separately; field playback is weighted over the mapped maize HRU area. Daily event timing is applied to the complete day.,maize,MULTIPLE_EXECUTED_SWAT_HRU_CALENDARS,VEGETATIVE,"volumetric percent [0, 100]",m2_leaf/m2_ground,fraction,m,mm/day,mm/day,mm/day,mm/day,"fraction [0, 1]",g/plant,g/plant,degC_day,degC_day,fraction,dimensionless,kg/ha/(MJ/m2),MODEL_BASE_PARAMETER,0.5,0.4991389845512067,0.023981698140073986,ASSUMED_PARAMETER_NOT_CALIBRATED,False,seeded truncated normal; sigma=0.025,0.05,2.0,0.0,2.0,MODEL_BASE_PARAMETER,40.0,40.10657730611137,1.982589383884093,ASSUMED_PARAMETER_NOT_CALIBRATED,False,seeded truncated normal; sigma=2.0 kg/ha/(MJ/m2),10.0,90.0,10.0,90.0,DERIVED_FSPM,SIMPLIFIED_FSPM maize population,3.0-simplified-fspm,unweighted population statistics,True,SIMPLIFIED_FSPM,20.806327407204932,25.90761079293679,0.16540293428189135,40.10657730611136,0.8947789715227141,0.36658434226667574,0.0,2.0387126074724025,1449.9999999999998,2.0387126074724025,12.842978265438822,2.0387126074724025,2.4407329123535506,0.4991389845512067,343.5656757517203,0.5973716029644941,0.12751249934001146,0.5518962195082723,0.5518962195082723,184.89312404301666,13.36984273244661,0.24024435995298077,2.0387126074724025,7000,1.0,7,7,DERIVED_SWAT_PROFILE_UNIFORM_ROOT_ZONE_APPROXIMATION,SWAT_HRU_AREA_X_2019_CDL_CORN_FRACTION_WEIGHTED; inactive calendar groups contribute zero living-crop structure,DATED_FSPM_MAIZE_AREA_STATE_ACROSS_EXECUTED_SWAT_CALENDARS
2019-06-05,True,True,SWAT+ mgt_out.txt PLANT and HARV/KILL events by HRU,EXECUTED_SWAT_MANAGEMENT_EVENTS,FSPM grows each distinct HRU calendar separately; field playback is weighted over the mapped maize HRU area. Daily event timing is applied to the complete day.,maize,MULTIPLE_EXECUTED_SWAT_HRU_CALENDARS,VEGETATIVE,"volumetric percent [0, 100]",m2_leaf/m2_ground,fraction,m,mm/day,mm/day,mm/day,mm/day,"fraction [0, 1]",g/plant,g/plant,degC_day,degC_day,fraction,dimensionless,kg/ha/(MJ/m2),MODEL_BASE_PARAMETER,0.5,0.4991389845512067,0.023981698140073986,ASSUMED_PARAMETER_NOT_CALIBRATED,False,seeded truncated normal; sigma=0.025,0.05,2.0,0.0,2.0,MODEL_BASE_PARAMETER,40.0,40.10657730611137,1.982589383884093,ASSUMED_PARAMETER_NOT_CALIBRATED,False,seeded truncated normal; sigma=2.0 kg/ha/(MJ/m2),10.0,90.0,10.0,90.0,DERIVED_FSPM,SIMPLIFIED_FSPM maize population,3.0-simplified-fspm,unweighted population statistics,True,SIMPLIFIED_FSPM,20.599094199366508,25.99651856751161,0.18281604597989914,40.10657730611136,0.954978179603242,0.39048697568808044,0.0,2.0867918489808117,1449.9999999999998,2.0867918489808117,14.136864560490304,2.0867918489808117,2.5542758702132495,0.4991389845512067,366.5843422666757,0.575961185034269,0.13814770887122602,0.6125647159883022,0.6125647159883022,200.3141778632777,13.482852570323278,0.2627393986460705,2.0867918489808117,7000,1.0,7,7,DERIVED_SWAT_PROFILE_UNIFORM_ROOT_ZONE_APPROXIMATION,SWAT_HRU_AREA_X_2019_CDL_CORN_FRACTION_WEIGHTED; inactive calendar groups contribute zero living-crop structure,DATED_FSPM_MAIZE_AREA_STATE_ACROSS_EXECUTED_SWAT_CALENDARS
2019-06-06,True,True,SWAT+ mgt_out.txt PLANT and HARV/KILL events by HRU,EXECUTED_SWAT_MANAGEMENT_EVENTS,FSPM grows each distinct HRU calendar separately; field playback is weighted over the mapped maize HRU area. Daily event timing is applied to the complete day.,maize,MULTIPLE_EXECUTED_SWAT_HRU_CALENDARS,VEGETATIVE,"volumetric percent [0, 100]",m2_leaf/m2_ground,fraction,m,mm/day,mm/day,mm/day,mm/day,"fraction [0, 1]",g/plant,g/plant,degC_day,degC_day,fraction,dimensionless,kg/ha/(MJ/m2),MODEL_BASE_PARAMETER,0.5,0.4991389845512067,0.023981698140073986,ASSUMED_PARAMETER_NOT_CALIBRATED,False,seeded truncated normal; sigma=0.025,0.05,2.0,0.0,2.0,MODEL_BASE_PARAMETER,40.0,40.10657730611137,1.982589383884093,ASSUMED_PARAMETER_NOT_CALIBRATED,False,seeded truncated normal; sigma=2.0 kg/ha/(MJ/m2),10.0,90.0,10.0,90.0,DERIVED_FSPM,SIMPLIFIED_FSPM maize population,3.0-simplified-fspm,unweighted population statistics,True,SIMPLIFIED_FSPM,20.300123698356035,26.078827096591986,0.20796042904236242,40.10657730611136,1.0140548464117698,0.4147160286807472,0.0,2.0421728169546443,1449.9999999999998,2.0421728169546443,15.56152817557955,2.0421728169546443,2.5793232123786933,0.4991389845512067,390.48697568808035,0.548747981757013,0.14892815514160052,0.6769555203472692,0.6769555203472692,215.94582495532075,13.586579764706283,0.2858336004727481,2.0421728169546443,7000,1.0,7,7,DERIVED_SWAT_PROFILE_UNIFORM_ROOT_ZONE_APPROXIMATION,SWAT_HRU_AREA_X_2019_CDL_CORN_FRACTION_WEIGHTED; inactive calendar groups contribute zero living-crop structure,DATED_FSPM_MAIZE_AREA_STATE_ACROSS_EXECUTED_SWAT_CALENDARS
2019-06-07,True,True,SWAT+ mgt_out.txt PLANT and HARV/KILL events by HRU,EXECUTED_SWAT_MANAGEMENT_EVENTS,FSPM grows each distinct HRU calendar separately; field playback is weighted over the mapped maize HRU area. Daily event timing is applied to the complete day.,maize,MULTIPLE_EXECUTED_SWAT_HRU_CALENDARS,VEGETATIVE,"volumetric percent [0, 100]",m2_leaf/m2_ground,fraction,m,mm/day,mm/day,mm/day,mm/day,"fraction [0, 1]",g/plant,g/plant,degC_day,degC_day,fraction,dimensionless,kg/ha/(MJ/m2),MODEL_BASE_PARAMETER,0.5,0.4991389845512067,0.023981698140073986,ASSUMED_PARAMETER_NOT_CALIBRATED,False,seeded truncated normal; sigma=0.025,0.05,2.0,0.0,2.0,MODEL_BASE_PARAMETER,40.0,40.10657730611137,1.982589383884093,ASSUMED_PARAMETER_NOT_CALIBRATED,False,seeded truncated normal; sigma=2.0 kg/ha/(MJ/m2),10.0,90.0,10.0,90.0,DERIVED_FSPM,SIMPLIFIED_FSPM maize population,3.0-simplified-fspm,unweighted population statistics,True,SIMPLIFIED_FSPM,19.989104418273158,26.15685220353962,0.2367250839733112,40.10657730611136,1.069653454213812,0.43826250945098777,0.0,1.967068064255999,1449.9999999999998,1.967068064255999,17.082466161453965,1.967068064255999,2.5787441363806436,0.4991389845512067,414.7160286807472,0.5197435679230753,0.15940489853214135,0.7427467469853783,0.7427467469853783,231.13710287160498,13.678145126956425,0.3086302049561783,1.967068064255999,7000,1.0,7,7,DERIVED_SWAT_PROFILE_UNIFORM_ROOT_ZONE_APPROXIMATION,SWAT_HRU_AREA_X_2019_CDL_CORN_FRACTION_WEIGHTED; inactive calendar groups contribute zero living-crop structure,DATED_FSPM_MAIZE_AREA_STATE_ACROSS_EXECUTED_SWAT_CALENDARS
2019-06-08,True,True,SWAT+ mgt_out.txt PLANT and HARV/KILL events by HRU,EXECUTED_SWAT_MANAGEMENT_EVENTS,FSPM grows each distinct HRU calendar separately; field playback is weighted over the mapped maize HRU area. Daily event timing is applied to the complete day.,maize,MULTIPLE_EXECUTED_SWAT_HRU_CALENDARS,VEGETATIVE,"volumetric percent [0, 100]",m2_leaf/m2_ground,fraction,m,mm/day,mm/day,mm/day,mm/day,"fraction [0, 1]",g/plant,g/plant,degC_day,degC_day,fraction,dimensionless,kg/ha/(MJ/m2),MODEL_BASE_PARAMETER,0.5,0.4991389845512067,0.023981698140073986,ASSUMED_PARAMETER_NOT_CALIBRATED,False,seeded truncated normal; sigma=0.025,0.05,2.0,0.0,2.0,MODEL_BASE_PARAMETER,40.0,40.10657730611137,1.982589383884093,ASSUMED_PARAMETER_NOT_CALIBRATED,False,seeded truncated normal; sigma=2.0 kg/ha/(MJ/m2),10.0,90.0,10.0,90.0,DERIVED_FSPM,SIMPLIFIED_FSPM maize population,3.0-simplified-fspm,unweighted population statistics,True,SIMPLIFIED_FSPM,19.66564414965505,26.240926382701858,0.26952430873880545,40.10657730611136,1.1222887746013108,0.46126492171192557,0.0,1.8999516394070988,1449.9999999999998,1.8999516394070988,18.687032912385856,1.8999516394070988,2.6034049551222136,0.4991389845512067,438.26250945098775,0.4894400415230671,0.16963956472165767,0.8093569354345512,0.8093569354345512,245.9773688464036,13.751517537978707,0.3309070505348949,1.8999516394070988,7000,1.0,7,7,DERIVED_SWAT_PROFILE_UNIFORM_ROOT_ZONE_APPROXIMATION,SWAT_HRU_AREA_X_2019_CDL_CORN_FRACTION_WEIGHTED; inactive calendar groups contribute zero living-crop structure,DATED_FSPM_MAIZE_AREA_STATE_ACROSS_EXECUTED_SWAT_CALENDARS
2019-06-09,True,True,SWAT+ mgt_out.txt PLANT and HARV/KILL events by HRU,EXECUTED_SWAT_MANAGEMENT_EVENTS,FSPM grows each distinct HRU calendar separately; field playback is weighted over the mapped maize HRU area. Daily event timing is applied to the complete day.,maize,MULTIPLE_EXECUTED_SWAT_HRU_CALENDARS,VEGETATIVE,"volumetric percent [0, 100]",m2_leaf/m2_ground,fraction,m,mm/day,mm/day,mm/day,mm/day,"fraction [0, 1]",g/plant,g/plant,degC_day,degC_day,fraction,dimensionless,kg/ha/(MJ/m2),MODEL_BASE_PARAMETER,0.5,0.4991389845512067,0.023981698140073986,ASSUMED_PARAMETER_NOT_CALIBRATED,False,seeded truncated normal; sigma=0.025,0.05,2.0,0.0,2.0,MODEL_BASE_PARAMETER,40.0,40.10657730611137,1.982589383884093,ASSUMED_PARAMETER_NOT_CALIBRATED,False,seeded truncated normal; sigma=2.0 kg/ha/(MJ/m2),10.0,90.0,10.0,90.0,DERIVED_FSPM,SIMPLIFIED_FSPM maize population,3.0-simplified-fspm,unweighted population statistics,True,SIMPLIFIED_FSPM,19.3976415339247,26.31893695913299,0.3000120834531212,40.10657730611136,1.1553991787668156,0.4761146261713112,0.0,1.2569284658078337,1449.9999999999998,1.2569284658078337,20.43088563497756,1.2569284658078337,1.812143795671512,0.4991389845512067,461.26492171192575,0.46375078879817516,0.1762467747147102,0.8500138748464824,0.8500138748464824,255.5578233363298,13.815749458346602,0.34410503281104143,1.2569284658078337,7000,1.0,7,7,DERIVED_SWAT_PROFILE_UNIFORM_ROOT_ZONE_APPROXIMATION,SWAT_HRU_AREA_X_2019_CDL_CORN_FRACTION_WEIGHTED; inactive calendar groups contribute zero living-crop structure,DATED_FSPM_MAIZE_AREA_STATE_ACROSS_EXECUTED_SWAT_CALENDARS
2019-06-10,True,True,SWAT+ mgt_out.txt PLANT and HARV/KILL events by HRU,EXECUTED_SWAT_MANAGEMENT_EVENTS,FSPM grows each distinct HRU calendar separately; field playback is weighted over the mapped maize HRU area. Daily event timing is applied to the complete day.,maize,MULTIPLE_EXECUTED_SWAT_HRU_CALENDARS,VEGETATIVE,"volumetric percent [0, 100]",m2_leaf/m2_ground,fraction,m,mm/day,mm/day,mm/day,mm/day,"fraction [0, 1]",g/plant,g/plant,degC_day,degC_day,fraction,dimensionless,kg/ha/(MJ/m2),MODEL_BASE_PARAMETER,0.5,0.4991389845512067,0.023981698140073986,ASSUMED_PARAMETER_NOT_CALIBRATED,False,seeded truncated normal; sigma=0.025,0.05,2.0,0.0,2.0,MODEL_BASE_PARAMETER,40.0,40.10657730611137,1.982589383884093,ASSUMED_PARAMETER_NOT_CALIBRATED,False,seeded truncated normal; sigma=2.0 kg/ha/(MJ/m2),10.0,90.0,10.0,90.0,DERIVED_FSPM,SIMPLIFIED_FSPM maize population,3.0-simplified-fspm,unweighted population statistics,True,SIMPLIFIED_FSPM,19.122038417765598,26.364726046834296,0.3309878460392741,40.10657730611136,1.1926638967617957,0.49318275581507404,0.0,1.7034100765336033,1449.9999999999998,1.7034100765336033,21.66677125305902,1.7034100765336033,2.547554336238765,0.4991389845512067,476.11462617131116,0.43861909328779486,0.18384104819358132,0.9000673985984818,0.9000673985984818,266.5695198806929,13.853334547982115,0.35996602954541157,1.7034100765336033,7000,1.0,7,7,DERIVED_SWAT_PROFILE_UNIFORM_ROOT_ZONE_APPROXIMATION,SWAT_HRU_AREA_X_2019_CDL_CORN_FRACTION_WEIGHTED; inactive calendar groups contribute zero living-crop structure,DATED_FSPM_MAIZE_AREA_STATE_ACROSS_EXECUTED_SWAT_CALENDARS
2019-06-11,True,True,SWAT+ mgt_out.txt PLANT and HARV/KILL events by HRU,EXECUTED_SWAT_MANAGEMENT_EVENTS,FSPM grows each distinct HRU calendar separately; field playback is weighted over the mapped maize HRU area. Daily event timing is applied to the complete day.,maize,MULTIPLE_EXECUTED_SWAT_HRU_CALENDARS,VEGETATIVE,"volumetric percent [0, 100]",m2_leaf/m2_ground,fraction,m,mm/day,mm/day,mm/day,mm/day,"fraction [0, 1]",g/plant,g/plant,degC_day,degC_day,fraction,dimensionless,kg/ha/(MJ/m2),MODEL_BASE_PARAMETER,0.5,0.4991389845512067,0.023981698140073986,ASSUMED_PARAMETER_NOT_CALIBRATED,False,seeded truncated normal; sigma=0.025,0.05,2.0,0.0,2.0,MODEL_BASE_PARAMETER,40.0,40.10657730611137,1.982589383884093,ASSUMED_PARAMETER_NOT_CALIBRATED,False,seeded truncated normal; sigma=2.0 kg/ha/(MJ/m2),10.0,90.0,10.0,90.0,DERIVED_FSPM,SIMPLIFIED_FSPM maize population,3.0-simplified-fspm,unweighted population statistics,True,SIMPLIFIED_FSPM,18.95697126947055,26.41456455611775,0.35248121397519494,40.10657730611136,1.2257224032295384,0.5086609970028789,0.0,1.1501881529876876,1449.9999999999998,1.1501881529876876,23.60008971385778,1.1501881529876876,1.7825127112874017,0.4991389845512067,493.182755815074,0.42210479733344547,0.19072791857747676,0.9500182925704882,0.9500182925704882,276.55548193734126,13.894382575751102,0.3754103871939958,1.1501881529876876,7000,1.0,7,7,DERIVED_SWAT_PROFILE_UNIFORM_ROOT_ZONE_APPROXIMATION,SWAT_HRU_AREA_X_2019_CDL_CORN_FRACTION_WEIGHTED; inactive calendar groups contribute zero living-crop structure,DATED_FSPM_MAIZE_AREA_STATE_ACROSS_EXECUTED_SWAT_CALENDARS
2019-06-12,True,True,SWAT+ mgt_out.txt PLANT and HARV/KILL events by HRU,EXECUTED_SWAT_MANAGEMENT_EVENTS,FSPM grows each distinct HRU calendar separately; field playback is weighted over the mapped maize HRU area. Daily event timing is applied to the complete day.,maize,MULTIPLE_EXECUTED_SWAT_HRU_CALENDARS,VEGETATIVE,"volumetric percent [0, 100]",m2_leaf/m2_ground,fraction,m,mm/day,mm/day,mm/day,mm/day,"fraction [0, 1]",g/plant,g/plant,degC_day,degC_day,fraction,dimensionless,kg/ha/(MJ/m2),MODEL_BASE_PARAMETER,0.5,0.4991389845512067,0.023981698140073986,ASSUMED_PARAMETER_NOT_CALIBRATED,False,seeded truncated normal; sigma=0.025,0.05,2.0,0.0,2.0,MODEL_BASE_PARAMETER,40.0,40.10657730611137,1.982589383884093,ASSUMED_PARAMETER_NOT_CALIBRATED,False,seeded truncated normal; sigma=2.0 kg/ha/(MJ/m2),10.0,90.0,10.0,90.0,DERIVED_FSPM,SIMPLIFIED_FSPM maize population,3.0-simplified-fspm,unweighted population statistics,True,SIMPLIFIED_FSPM,18.84801733443092,26.456454472237773,0.3679771188107185,40.10657730611136,1.2472375529582085,0.5189127956975838,0.0,1.2345301879966768,1449.9999999999998,1.2345301879966768,25.000525017305286,1.2345301879966768,1.952307700286324,0.4991389845512067,508.66099700287907,0.4107502568241752,0.1952893418009271,0.9831716321964202,0.9831716321964202,283.1695456113443,13.927605901194655,0.38543360184303443,1.2345301879966768,7000,1.0,7,7,DERIVED_SWAT_PROFILE_UNIFORM_ROOT_ZONE_APPROXIMATION,SWAT_HRU_AREA_X_2019_CDL_CORN_FRACTION_WEIGHTED; inactive calendar groups contribute zero living-crop structure,DATED_FSPM_MAIZE_AREA_STATE_ACROSS_EXECUTED_SWAT_CALENDARS
2019-06-13,True,True,SWAT+ mgt_out.txt PLANT and HARV/KILL events by HRU,EXECUTED_SWAT_MANAGEMENT_EVENTS,FSPM grows each distinct HRU calendar separately; field playback is weighted over the mapped maize HRU area. Daily event timing is applied to the complete day.,maize,MULTIPLE_EXECUTED_SWAT_HRU_CALENDARS,VEGETATIVE,"volumetric percent [0, 100]",m2_leaf/m2_ground,fraction,m,mm/day,mm/day,mm/day,mm/day,"fraction [0, 1]",g/plant,g/plant,degC_day,degC_day,fraction,dimensionless,kg/ha/(MJ/m2),MODEL_BASE_PARAMETER,0.5,0.4991389845512067,0.023981698140073986,ASSUMED_PARAMETER_NOT_CALIBRATED,False,seeded truncated normal; sigma=0.025,0.05,2.0,0.0,2.0,MODEL_BASE_PARAMETER,40.0,40.10657730611137,1.982589383884093,ASSUMED_PARAMETER_NOT_CALIBRATED,False,seeded truncated normal; sigma=2.0 kg/ha/(MJ/m2),10.0,90.0,10.0,90.0,DERIVED_FSPM,SIMPLIFIED_FSPM maize population,3.0-simplified-fspm,unweighted population statistics,True,SIMPLIFIED_FSPM,18.598396450374672,26.481275110974444,0.39651459065254685,40.10657730611136,1.2767874473403569,0.5332246187916001,0.0,1.407027312158049,1449.9999999999998,1.407027312158049,26.70623660229721,1.407027312158049,2.3354320853036254,0.4991389845512067,518.9127956975836,0.38961655378663557,0.2016572274934817,1.0265088589484335,1.0265088589484335,292.4029798655485,13.936309588923848,0.3982508801396232,1.407027312158049,7000,1.0,7,7,DERIVED_SWAT_PROFILE_UNIFORM_ROOT_ZONE_APPROXIMATION,SWAT_HRU_AREA_X_2019_CDL_CORN_FRACTION_WEIGHTED; inactive calendar groups contribute zero living-crop structure,DATED_FSPM_MAIZE_AREA_STATE_ACROSS_EXECUTED_SWAT_CALENDARS
2019-06-14,True,True,SWAT+ mgt_out.txt PLANT and HARV/KILL events by HRU,EXECUTED_SWAT_MANAGEMENT_EVENTS,FSPM grows each distinct HRU calendar separately; field playback is weighted over the mapped maize HRU area. Daily event timing is applied to the complete day.,maize,MULTIPLE_EXECUTED_SWAT_HRU_CALENDARS,VEGETATIVE,"volumetric percent [0, 100]",m2_leaf/m2_ground,fraction,m,mm/day,mm/day,mm/day,mm/day,"fraction [0, 1]",g/plant,g/plant,degC_day,degC_day,fraction,dimensionless,kg/ha/(MJ/m2),MODEL_BASE_PARAMETER,0.5,0.4991389845512067,0.023981698140073986,ASSUMED_PARAMETER_NOT_CALIBRATED,False,seeded truncated normal; sigma=0.025,0.05,2.0,0.0,2.0,MODEL_BASE_PARAMETER,40.0,40.10657730611137,1.982589383884093,ASSUMED_PARAMETER_NOT_CALIBRATED,False,seeded truncated normal; sigma=2.0 kg/ha/(MJ/m2),10.0,90.0,10.0,90.0,DERIVED_FSPM,SIMPLIFIED_FSPM maize population,3.0-simplified-fspm,unweighted population statistics,True,SIMPLIFIED_FSPM,18.404900963265955,26.513504684503513,0.41885188954086267,40.10657730611136,1.312556766480311,0.550923042268912,0.0,1.0616944826656625,1449.9999999999998,1.0616944826656625,28.75727626344159,1.0616944826656625,1.813786317712661,0.4991389845512067,533.2246187916002,0.37287785221312414,0.2095319431674803,1.0886578772572397,1.0886578772572397,303.82131759284636,13.942071174206442,0.4162090068411344,1.0616944826656625,7000,1.0,7,7,DERIVED_SWAT_PROFILE_UNIFORM_ROOT_ZONE_APPROXIMATION,SWAT_HRU_AREA_X_2019_CDL_CORN_FRACTION_WEIGHTED; inactive calendar groups contribute zero living-crop structure,DATED_FSPM_MAIZE_AREA_STATE_ACROSS_EXECUTED_SWAT_CALENDARS
2019-06-15,True,True,SWAT+ mgt_out.txt PLANT and HARV/KILL events by HRU,EXECUTED_SWAT_MANAGEMENT_EVENTS,FSPM grows each distinct HRU calendar separately; field playback is weighted over the mapped maize HRU area. Daily event timing is applied to the complete day.,maize,MULTIPLE_EXECUTED_SWAT_HRU_CALENDARS,VEGETATIVE,"volumetric percent [0, 100]",m2_leaf/m2_ground,fraction,m,mm/day,mm/day,mm/day,mm/day,"fraction [0, 1]",g/plant,g/plant,degC_day,degC_day,fraction,dimensionless,kg/ha/(MJ/m2),MODEL_BASE_PARAMETER,0.5,0.4991389845512067,0.023981698140073986,ASSUMED_PARAMETER_NOT_CALIBRATED,False,seeded truncated normal; sigma=0.025,0.05,2.0,0.0,2.0,MODEL_BASE_PARAMETER,40.0,40.10657730611137,1.982589383884093,ASSUMED_PARAMETER_NOT_CALIBRATED,False,seeded truncated normal; sigma=2.0 kg/ha/(MJ/m2),10.0,90.0,10.0,90.0,DERIVED_FSPM,SIMPLIFIED_FSPM maize population,3.0-simplified-fspm,unweighted population statistics,True,SIMPLIFIED_FSPM,19.24922224307512,26.54968102795706,0.32659050241528853,40.10657730611136,1.3538646892109103,0.5718963011923691,0.0,1.3330984453942738,1449.9999999999998,1.3330984453942738,31.554112872892897,1.3330984453942738,1.9810744077788485,0.4991389845512067,550.9230422689119,0.4387075090813709,0.2188637602635681,1.2435664811309077,1.2435664811309077,317.3524523821737,13.943356770007965,0.4592185465288249,1.3330984453942738,7000,1.0,7,7,DERIVED_SWAT_PROFILE_UNIFORM_ROOT_ZONE_APPROXIMATION,SWAT_HRU_AREA_X_2019_CDL_CORN_FRACTION_WEIGHTED; inactive calendar groups contribute zero living-crop structure,DATED_FSPM_MAIZE_AREA_STATE_ACROSS_EXECUTED_SWAT_CALENDARS
2019-06-16,True,True,SWAT+ mgt_out.txt PLANT and HARV/KILL events by HRU,EXECUTED_SWAT_MANAGEMENT_EVENTS,FSPM grows each distinct HRU calendar separately; field playback is weighted over the mapped maize HRU area. Daily event timing is applied to the complete day.,maize,MULTIPLE_EXECUTED_SWAT_HRU_CALENDARS,VEGETATIVE,"volumetric percent [0, 100]",m2_leaf/m2_ground,fraction,m,mm/day,mm/day,mm/day,mm/day,"fraction [0, 1]",g/plant,g/plant,degC_day,degC_day,fraction,dimensionless,kg/ha/(MJ/m2),MODEL_BASE_PARAMETER,0.5,0.4991389845512067,0.023981698140073986,ASSUMED_PARAMETER_NOT_CALIBRATED,False,seeded truncated normal; sigma=0.025,0.05,2.0,0.0,2.0,MODEL_BASE_PARAMETER,40.0,40.10657730611137,1.982589383884093,ASSUMED_PARAMETER_NOT_CALIBRATED,False,seeded truncated normal; sigma=2.0 kg/ha/(MJ/m2),10.0,90.0,10.0,90.0,DERIVED_FSPM,SIMPLIFIED_FSPM maize population,3.0-simplified-fspm,unweighted population statistics,True,SIMPLIFIED_FSPM,20.029510013466158,26.589396861156125,0.2557448585063568,40.10657730611136,1.3871521671489346,0.5892368815711224,0.0,1.722753242017584,1449.9999999999998,1.722753242017584,34.463689715170936,1.722753242017584,2.311078330768808,0.4991389845512067,571.8963011923692,0.4988750906039195,0.22657925765122244,1.379142087599229,1.379142087599229,328.5399235942724,13.94303683126613,0.4944000526160225,1.722753242017584,7000,1.0,7,7,DERIVED_SWAT_PROFILE_UNIFORM_ROOT_ZONE_APPROXIMATION,SWAT_HRU_AREA_X_2019_CDL_CORN_FRACTION_WEIGHTED; inactive calendar groups contribute zero living-crop structure,DATED_FSPM_MAIZE_AREA_STATE_ACROSS_EXECUTED_SWAT_CALENDARS
2019-06-17,True,True,SWAT+ mgt_out.txt PLANT and HARV/KILL events by HRU,EXECUTED_SWAT_MANAGEMENT_EVENTS,FSPM grows each distinct HRU calendar separately; field playback is weighted over the mapped maize HRU area. Daily event timing is applied to the complete day.,maize,MULTIPLE_EXECUTED_SWAT_HRU_CALENDARS,VEGETATIVE,"volumetric percent [0, 100]",m2_leaf/m2_ground,fraction,m,mm/day,mm/day,mm/day,mm/day,"fraction [0, 1]",g/plant,g/plant,degC_day,degC_day,fraction,dimensionless,kg/ha/(MJ/m2),MODEL_BASE_PARAMETER,0.5,0.4991389845512067,0.023981698140073986,ASSUMED_PARAMETER_NOT_CALIBRATED,False,seeded truncated normal; sigma=0.025,0.05,2.0,0.0,2.0,MODEL_BASE_PARAMETER,40.0,40.10657730611137,1.982589383884093,ASSUMED_PARAMETER_NOT_CALIBRATED,False,seeded truncated normal; sigma=2.0 kg/ha/(MJ/m2),10.0,90.0,10.0,90.0,DERIVED_FSPM,SIMPLIFIED_FSPM maize population,3.0-simplified-fspm,unweighted population statistics,True,SIMPLIFIED_FSPM,20.073779260429152,26.620417896985234,0.25674529264312945,40.10657730611136,1.4211757265068172,0.6073931725882187,0.0,1.5155392481450662,1449.9999999999998,1.5155392481450662,37.27730703305122,1.5155392481450662,2.04663044747282,0.4991389845512067,589.2368815711222,0.501830289542644,0.23465769636850667,1.4741108695752443,1.4741108695752443,340.25365973433475,13.937567329073662,0.5172731732419417,1.5155392481450662,7000,1.0,7,7,DERIVED_SWAT_PROFILE_UNIFORM_ROOT_ZONE_APPROXIMATION,SWAT_HRU_AREA_X_2019_CDL_CORN_FRACTION_WEIGHTED; inactive calendar groups contribute zero living-crop structure,DATED_FSPM_MAIZE_AREA_STATE_ACROSS_EXECUTED_SWAT_CALENDARS
2019-06-18,True,True,SWAT+ mgt_out.txt PLANT and HARV/KILL events by HRU,EXECUTED_SWAT_MANAGEMENT_EVENTS,FSPM grows each distinct HRU calendar separately; field playback is weighted over the mapped maize HRU area. Daily event timing is applied to the complete day.,maize,MULTIPLE_EXECUTED_SWAT_HRU_CALENDARS,VEGETATIVE,"volumetric percent [0, 100]",m2_leaf/m2_ground,fraction,m,mm/day,mm/day,mm/day,mm/day,"fraction [0, 1]",g/plant,g/plant,degC_day,degC_day,fraction,dimensionless,kg/ha/(MJ/m2),MODEL_BASE_PARAMETER,0.5,0.4991389845512067,0.023981698140073986,ASSUMED_PARAMETER_NOT_CALIBRATED,False,seeded truncated normal; sigma=0.025,0.05,2.0,0.0,2.0,MODEL_BASE_PARAMETER,40.0,40.10657730611137,1.982589383884093,ASSUMED_PARAMETER_NOT_CALIBRATED,False,seeded truncated normal; sigma=2.0 kg/ha/(MJ/m2),10.0,90.0,10.0,90.0,DERIVED_FSPM,SIMPLIFIED_FSPM maize population,3.0-simplified-fspm,unweighted population statistics,True,SIMPLIFIED_FSPM,20.340790140828684,26.6509716169926,0.23765592303893646,40.10657730611136,1.4509349411454708,0.6236494695412208,0.0,0.9698779731209871,1449.9999999999998,0.9698779731209871,40.06333367717621,0.9698779731209871,1.2737566719636977,0.4991389845512067,607.3931725882187,0.5216321476590704,0.24189075396717283,1.5781131769082586,1.5781131769082586,350.74159325240055,13.930980220668006,0.5414026706716168,0.9698779731209871,7000,1.0,7,7,DERIVED_SWAT_PROFILE_UNIFORM_ROOT_ZONE_APPROXIMATION,SWAT_HRU_AREA_X_2019_CDL_CORN_FRACTION_WEIGHTED; inactive calendar groups contribute zero living-crop structure,DATED_FSPM_MAIZE_AREA_STATE_ACROSS_EXECUTED_SWAT_CALENDARS
2019-06-19,True,True,SWAT+ mgt_out.txt PLANT and HARV/KILL events by HRU,EXECUTED_SWAT_MANAGEMENT_EVENTS,FSPM grows each distinct HRU calendar separately; field playback is weighted over the mapped maize HRU area. Daily event timing is applied to the complete day.,maize,MULTIPLE_EXECUTED_SWAT_HRU_CALENDARS,VEGETATIVE,"volumetric percent [0, 100]",m2_leaf/m2_ground,fraction,m,mm/day,mm/day,mm/day,mm/day,"fraction [0, 1]",g/plant,g/plant,degC_day,degC_day,fraction,dimensionless,kg/ha/(MJ/m2),MODEL_BASE_PARAMETER,0.5,0.4991389845512067,0.023981698140073986,ASSUMED_PARAMETER_NOT_CALIBRATED,False,seeded truncated normal; sigma=0.025,0.05,2.0,0.0,2.0,MODEL_BASE_PARAMETER,40.0,40.10657730611137,1.982589383884093,ASSUMED_PARAMETER_NOT_CALIBRATED,False,seeded truncated normal; sigma=2.0 kg/ha/(MJ/m2),10.0,90.0,10.0,90.0,DERIVED_FSPM,SIMPLIFIED_FSPM maize population,3.0-simplified-fspm,unweighted population statistics,True,SIMPLIFIED_FSPM,20.33943937653773,26.676725818365366,0.23433950291612893,40.10657730611136,1.4796237255864724,0.6396590703224648,0.0,1.3557489961944174,1449.9999999999998,1.3557489961944174,41.57783713065862,1.3557489961944174,1.7570147548163326,0.4991389845512067,623.649469541221,0.5200811936772645,0.24901404686205336,1.6716298266872884,1.6716298266872884,361.07036794997737,13.925480003469847,0.5619895594465742,1.3557489961944174,7000,1.0,7,7,DERIVED_SWAT_PROFILE_UNIFORM_ROOT_ZONE_APPROXIMATION,SWAT_HRU_AREA_X_2019_CDL_CORN_FRACTION_WEIGHTED; inactive calendar groups contribute zero living-crop structure,DATED_FSPM_MAIZE_AREA_STATE_ACROSS_EXECUTED_SWAT_CALENDARS
2019-06-20,True,True,SWAT+ mgt_out.txt PLANT and HARV/KILL events by HRU,EXECUTED_SWAT_MANAGEMENT_EVENTS,FSPM grows each distinct HRU calendar separately; field playback is weighted over the mapped maize HRU area. Daily event timing is applied to the complete day.,maize,MULTIPLE_EXECUTED_SWAT_HRU_CALENDARS,VEGETATIVE,"volumetric percent [0, 100]",m2_leaf/m2_ground,fraction,m,mm/day,mm/day,mm/day,mm/day,"fraction [0, 1]",g/plant,g/plant,degC_day,degC_day,fraction,dimensionless,kg/ha/(MJ/m2),MODEL_BASE_PARAMETER,0.5,0.4991389845512067,0.023981698140073986,ASSUMED_PARAMETER_NOT_CALIBRATED,False,seeded truncated normal; sigma=0.025,0.05,2.0,0.0,2.0,MODEL_BASE_PARAMETER,40.0,40.10657730611137,1.982589383884093,ASSUMED_PARAMETER_NOT_CALIBRATED,False,seeded truncated normal; sigma=2.0 kg/ha/(MJ/m2),10.0,90.0,10.0,90.0,DERIVED_FSPM,SIMPLIFIED_FSPM maize population,3.0-simplified-fspm,unweighted population statistics,True,SIMPLIFIED_FSPM,20.135684374186173,26.700924780101488,0.25025949578963674,40.10657730611136,1.5114828653648253,0.6578530979464544,0.0,1.5337861220322089,1449.9999999999998,1.5337861220322089,43.69124273126872,1.5337861220322089,2.0471488705820358,0.4991389845512067,639.6590703224648,0.5030735309279339,0.25710927606071377,1.7627927313073524,1.7627927313073524,372.8084502880351,13.920222640516377,0.5808859966065751,1.5337861220322089,7000,1.0,7,7,DERIVED_SWAT_PROFILE_UNIFORM_ROOT_ZONE_APPROXIMATION,SWAT_HRU_AREA_X_2019_CDL_CORN_FRACTION_WEIGHTED; inactive calendar groups contribute zero living-crop structure,DATED_FSPM_MAIZE_AREA_STATE_ACROSS_EXECUTED_SWAT_CALENDARS
2019-06-21,True,True,SWAT+ mgt_out.txt PLANT and HARV/KILL events by HRU,EXECUTED_SWAT_MANAGEMENT_EVENTS,FSPM grows each distinct HRU calendar separately; field playback is weighted over the mapped maize HRU area. Daily event timing is applied to the complete day.,maize,MULTIPLE_EXECUTED_SWAT_HRU_CALENDARS,VEGETATIVE,"volumetric percent [0, 100]",m2_leaf/m2_ground,fraction,m,mm/day,mm/day,mm/day,mm/day,"fraction [0, 1]",g/plant,g/plant,degC_day,degC_day,fraction,dimensionless,kg/ha/(MJ/m2),MODEL_BASE_PARAMETER,0.5,0.4991389845512067,0.023981698140073986,ASSUMED_PARAMETER_NOT_CALIBRATED,False,seeded truncated normal; sigma=0.025,0.05,2.0,0.0,2.0,MODEL_BASE_PARAMETER,40.0,40.10657730611137,1.982589383884093,ASSUMED_PARAMETER_NOT_CALIBRATED,False,seeded truncated normal; sigma=2.0 kg/ha/(MJ/m2),10.0,90.0,10.0,90.0,DERIVED_FSPM,SIMPLIFIED_FSPM maize population,3.0-simplified-fspm,unweighted population statistics,True,SIMPLIFIED_FSPM,20.305338402619867,26.72696060995396,0.23732763016462358,40.10657730611136,1.5353882297875274,0.6718037050442339,0.0,1.2562309642823761,1449.9999999999998,1.2562309642823761,46.733610951792606,1.2562309642823761,1.6439531082026742,0.4991389845512067,657.8530979464543,0.5153162130545742,0.2633164427338082,1.8571517580996937,1.8571517580996937,381.808841964022,13.914615355926781,0.5998883414593694,1.2562309642823761,7000,1.0,7,7,DERIVED_SWAT_PROFILE_UNIFORM_ROOT_ZONE_APPROXIMATION,SWAT_HRU_AREA_X_2019_CDL_CORN_FRACTION_WEIGHTED; inactive calendar groups contribute zero living-crop structure,DATED_FSPM_MAIZE_AREA_STATE_ACROSS_EXECUTED_SWAT_CALENDARS
2019-06-22,True,True,SWAT+ mgt_out.txt PLANT and HARV/KILL events by HRU,EXECUTED_SWAT_MANAGEMENT_EVENTS,FSPM grows each distinct HRU calendar separately; field playback is weighted over the mapped maize HRU area. Daily event timing is applied to the complete day.,maize,MULTIPLE_EXECUTED_SWAT_HRU_CALENDARS,VEGETATIVE,"volumetric percent [0, 100]",m2_leaf/m2_ground,fraction,m,mm/day,mm/day,mm/day,mm/day,"fraction [0, 1]",g/plant,g/plant,degC_day,degC_day,fraction,dimensionless,kg/ha/(MJ/m2),MODEL_BASE_PARAMETER,0.5,0.4991389845512067,0.023981698140073986,ASSUMED_PARAMETER_NOT_CALIBRATED,False,seeded truncated normal; sigma=0.025,0.05,2.0,0.0,2.0,MODEL_BASE_PARAMETER,40.0,40.10657730611137,1.982589383884093,ASSUMED_PARAMETER_NOT_CALIBRATED,False,seeded truncated normal; sigma=2.0 kg/ha/(MJ/m2),10.0,90.0,10.0,90.0,DERIVED_FSPM,SIMPLIFIED_FSPM maize population,3.0-simplified-fspm,unweighted population statistics,True,SIMPLIFIED_FSPM,20.666787369458355,26.745962751827175,0.21314557132685163,40.10657730611136,1.5646468450252828,0.6892368550798631,0.0,1.691909715530047,1449.9999999999998,1.691909715530047,49.58845936554063,1.691909715530047,2.144622713692565,0.4991389845512067,671.8037050442339,0.5423918162127506,0.2710771902795994,1.986339125342696,1.986339125342696,393.06192590541923,13.910515733106067,0.6246246459778566,1.691909715530047,7000,1.0,7,7,DERIVED_SWAT_PROFILE_UNIFORM_ROOT_ZONE_APPROXIMATION,SWAT_HRU_AREA_X_2019_CDL_CORN_FRACTION_WEIGHTED; inactive calendar groups contribute zero living-crop structure,DATED_FSPM_MAIZE_AREA_STATE_ACROSS_EXECUTED_SWAT_CALENDARS
2019-06-23,True,True,SWAT+ mgt_out.txt PLANT and HARV/KILL events by HRU,EXECUTED_SWAT_MANAGEMENT_EVENTS,FSPM grows each distinct HRU calendar separately; field playback is weighted over the mapped maize HRU area. Daily event timing is applied to the complete day.,maize,MULTIPLE_EXECUTED_SWAT_HRU_CALENDARS,VEGETATIVE,"volumetric percent [0, 100]",m2_leaf/m2_ground,fraction,m,mm/day,mm/day,mm/day,mm/day,"fraction [0, 1]",g/plant,g/plant,degC_day,degC_day,fraction,dimensionless,kg/ha/(MJ/m2),MODEL_BASE_PARAMETER,0.5,0.4991389845512067,0.023981698140073986,ASSUMED_PARAMETER_NOT_CALIBRATED,False,seeded truncated normal; sigma=0.025,0.05,2.0,0.0,2.0,MODEL_BASE_PARAMETER,40.0,40.10657730611137,1.982589383884093,ASSUMED_PARAMETER_NOT_CALIBRATED,False,seeded truncated normal; sigma=2.0 kg/ha/(MJ/m2),10.0,90.0,10.0,90.0,DERIVED_FSPM,SIMPLIFIED_FSPM maize population,3.0-simplified-fspm,unweighted population statistics,True,SIMPLIFIED_FSPM,20.6934383696619,26.7685610030145,0.21423682405047736,40.10657730611136,1.5959599636017834,0.7083496006728505,0.0,1.3566901163435063,1449.9999999999998,1.3566901163435063,52.87137559259455,1.3566901163435063,1.7303936995764175,0.4991389845512067,689.2368550798631,0.5431636317911661,0.2795893153890998,2.10318886891743,2.10318886891743,405.4045073141947,13.905685340999632,0.6454010671529884,1.3566901163435063,7000,1.0,7,7,DERIVED_SWAT_PROFILE_UNIFORM_ROOT_ZONE_APPROXIMATION,SWAT_HRU_AREA_X_2019_CDL_CORN_FRACTION_WEIGHTED; inactive calendar groups contribute zero living-crop structure,DATED_FSPM_MAIZE_AREA_STATE_ACROSS_EXECUTED_SWAT_CALENDARS
2019-06-24,True,True,SWAT+ mgt_out.txt PLANT and HARV/KILL events by HRU,EXECUTED_SWAT_MANAGEMENT_EVENTS,FSPM grows each distinct HRU calendar separately; field playback is weighted over the mapped maize HRU area. Daily event timing is applied to the complete day.,maize,MULTIPLE_EXECUTED_SWAT_HRU_CALENDARS,VEGETATIVE,"volumetric percent [0, 100]",m2_leaf/m2_ground,fraction,m,mm/day,mm/day,mm/day,mm/day,"fraction [0, 1]",g/plant,g/plant,degC_day,degC_day,fraction,dimensionless,kg/ha/(MJ/m2),MODEL_BASE_PARAMETER,0.5,0.4991389845512067,0.023981698140073986,ASSUMED_PARAMETER_NOT_CALIBRATED,False,seeded truncated normal; sigma=0.025,0.05,2.0,0.0,2.0,MODEL_BASE_PARAMETER,40.0,40.10657730611137,1.982589383884093,ASSUMED_PARAMETER_NOT_CALIBRATED,False,seeded truncated normal; sigma=2.0 kg/ha/(MJ/m2),10.0,90.0,10.0,90.0,DERIVED_FSPM,SIMPLIFIED_FSPM maize population,3.0-simplified-fspm,unweighted population statistics,True,SIMPLIFIED_FSPM,20.49992767982946,26.79206622972482,0.22928246276506067,40.10657730611136,1.62453686431643,0.7262290759398446,0.0,1.5816279439096248,1449.9999999999998,1.5816279439096248,55.09296353508579,1.5816279439096248,2.067922467167837,0.4991389845512067,708.3496006728506,0.5275383287631024,0.28755274839055134,2.1976769985410964,2.1976769985410964,416.95148516629934,13.900657734603453,0.6611393503412246,1.5816279439096248,7000,1.0,7,7,DERIVED_SWAT_PROFILE_UNIFORM_ROOT_ZONE_APPROXIMATION,SWAT_HRU_AREA_X_2019_CDL_CORN_FRACTION_WEIGHTED; inactive calendar groups contribute zero living-crop structure,DATED_FSPM_MAIZE_AREA_STATE_ACROSS_EXECUTED_SWAT_CALENDARS
2019-06-25,True,True,SWAT+ mgt_out.txt PLANT and HARV/KILL events by HRU,EXECUTED_SWAT_MANAGEMENT_EVENTS,FSPM grows each distinct HRU calendar separately; field playback is weighted over the mapped maize HRU area. Daily event timing is applied to the complete day.,maize,MULTIPLE_EXECUTED_SWAT_HRU_CALENDARS,VEGETATIVE,"volumetric percent [0, 100]",m2_leaf/m2_ground,fraction,m,mm/day,mm/day,mm/day,mm/day,"fraction [0, 1]",g/plant,g/plant,degC_day,degC_day,fraction,dimensionless,kg/ha/(MJ/m2),MODEL_BASE_PARAMETER,0.5,0.4991389845512067,0.023981698140073986,ASSUMED_PARAMETER_NOT_CALIBRATED,False,seeded truncated normal; sigma=0.025,0.05,2.0,0.0,2.0,MODEL_BASE_PARAMETER,40.0,40.10657730611137,1.982589383884093,ASSUMED_PARAMETER_NOT_CALIBRATED,False,seeded truncated normal; sigma=2.0 kg/ha/(MJ/m2),10.0,90.0,10.0,90.0,DERIVED_FSPM,SIMPLIFIED_FSPM maize population,3.0-simplified-fspm,unweighted population statistics,True,SIMPLIFIED_FSPM,20.210319399114933,26.812955279876526,0.25187617530203943,40.10657730611136,1.657461169069257,0.747375625123769,0.0,1.842146237868656,1449.9999999999998,1.842146237868656,57.88616533320813,1.842146237868656,2.46340342629306,0.4991389845512067,726.2290759398446,0.5048279370832653,0.2969720481580347,2.302210592703377,2.302210592703377,430.6094698291504,13.896189843052424,0.6776006510309747,1.842146237868656,7000,1.0,7,7,DERIVED_SWAT_PROFILE_UNIFORM_ROOT_ZONE_APPROXIMATION,SWAT_HRU_AREA_X_2019_CDL_CORN_FRACTION_WEIGHTED; inactive calendar groups contribute zero living-crop structure,DATED_FSPM_MAIZE_AREA_STATE_ACROSS_EXECUTED_SWAT_CALENDARS
2019-06-26,True,True,SWAT+ mgt_out.txt PLANT and HARV/KILL events by HRU,EXECUTED_SWAT_MANAGEMENT_EVENTS,FSPM grows each distinct HRU calendar separately; field playback is weighted over the mapped maize HRU area. Daily event timing is applied to the complete day.,maize,MULTIPLE_EXECUTED_SWAT_HRU_CALENDARS,VEGETATIVE,"volumetric percent [0, 100]",m2_leaf/m2_ground,fraction,m,mm/day,mm/day,mm/day,mm/day,"fraction [0, 1]",g/plant,g/plant,degC_day,degC_day,fraction,dimensionless,kg/ha/(MJ/m2),MODEL_BASE_PARAMETER,0.5,0.4991389845512067,0.023981698140073986,ASSUMED_PARAMETER_NOT_CALIBRATED,False,seeded truncated normal; sigma=0.025,0.05,2.0,0.0,2.0,MODEL_BASE_PARAMETER,40.0,40.10657730611137,1.982589383884093,ASSUMED_PARAMETER_NOT_CALIBRATED,False,seeded truncated normal; sigma=2.0 kg/ha/(MJ/m2),10.0,90.0,10.0,90.0,DERIVED_FSPM,SIMPLIFIED_FSPM maize population,3.0-simplified-fspm,unweighted population statistics,True,SIMPLIFIED_FSPM,19.903805738081704,26.836360420896565,0.27759187395219,40.10657730611136,1.6922947628152536,0.7704051256578609,0.0,1.8117552353644053,1449.9999999999998,1.8117552353644053,61.218388307381694,1.8117552353644053,2.5093706216485914,0.4991389845512067,747.375625123769,0.48044131523510475,0.30723732521370944,2.411398018462705,2.411398018462705,445.4941215598787,13.891183211116196,0.6938268182088104,1.8117552353644053,7000,1.0,7,7,DERIVED_SWAT_PROFILE_UNIFORM_ROOT_ZONE_APPROXIMATION,SWAT_HRU_AREA_X_2019_CDL_CORN_FRACTION_WEIGHTED; inactive calendar groups contribute zero living-crop structure,DATED_FSPM_MAIZE_AREA_STATE_ACROSS_EXECUTED_SWAT_CALENDARS
2019-06-27,True,True,SWAT+ mgt_out.txt PLANT and HARV/KILL events by HRU,EXECUTED_SWAT_MANAGEMENT_EVENTS,FSPM grows each distinct HRU calendar separately; field playback is weighted over the mapped maize HRU area. Daily event timing is applied to the complete day.,maize,MULTIPLE_EXECUTED_SWAT_HRU_CALENDARS,VEGETATIVE,"volumetric percent [0, 100]",m2_leaf/m2_ground,fraction,m,mm/day,mm/day,mm/day,mm/day,"fraction [0, 1]",g/plant,g/plant,degC_day,degC_day,fraction,dimensionless,kg/ha/(MJ/m2),MODEL_BASE_PARAMETER,0.5,0.4991389845512067,0.023981698140073986,ASSUMED_PARAMETER_NOT_CALIBRATED,False,seeded truncated normal; sigma=0.025,0.05,2.0,0.0,2.0,MODEL_BASE_PARAMETER,40.0,40.10657730611137,1.982589383884093,ASSUMED_PARAMETER_NOT_CALIBRATED,False,seeded truncated normal; sigma=2.0 kg/ha/(MJ/m2),10.0,90.0,10.0,90.0,DERIVED_FSPM,SIMPLIFIED_FSPM maize population,3.0-simplified-fspm,unweighted population statistics,True,SIMPLIFIED_FSPM,19.6409262903438,26.860416122589648,0.30189406979892336,40.10657730611136,1.7288458895490866,0.7953535602985482,0.0,1.51009672134606,1449.9999999999998,1.51009672134606,64.58249581421536,1.51009672134606,2.186753012312454,0.4991389845512067,770.4051256578609,0.45927168043177863,0.31836323510601733,2.5288828016128573,2.5288828016128573,461.6266909037251,13.886013974382015,0.7103611342061149,1.51009672134606,7000,1.0,7,7,DERIVED_SWAT_PROFILE_UNIFORM_ROOT_ZONE_APPROXIMATION,SWAT_HRU_AREA_X_2019_CDL_CORN_FRACTION_WEIGHTED; inactive calendar groups contribute zero living-crop structure,DATED_FSPM_MAIZE_AREA_STATE_ACROSS_EXECUTED_SWAT_CALENDARS
2019-06-28,True,True,SWAT+ mgt_out.txt PLANT and HARV/KILL events by HRU,EXECUTED_SWAT_MANAGEMENT_EVENTS,FSPM grows each distinct HRU calendar separately; field playback is weighted over the mapped maize HRU area. Daily event timing is applied to the complete day.,maize,MULTIPLE_EXECUTED_SWAT_HRU_CALENDARS,VEGETATIVE,"volumetric percent [0, 100]",m2_leaf/m2_ground,fraction,m,mm/day,mm/day,mm/day,mm/day,"fraction [0, 1]",g/plant,g/plant,degC_day,degC_day,fraction,dimensionless,kg/ha/(MJ/m2),MODEL_BASE_PARAMETER,0.5,0.4991389845512067,0.023981698140073986,ASSUMED_PARAMETER_NOT_CALIBRATED,False,seeded truncated normal; sigma=0.025,0.05,2.0,0.0,2.0,MODEL_BASE_PARAMETER,40.0,40.10657730611137,1.982589383884093,ASSUMED_PARAMETER_NOT_CALIBRATED,False,seeded truncated normal; sigma=2.0 kg/ha/(MJ/m2),10.0,90.0,10.0,90.0,DERIVED_FSPM,SIMPLIFIED_FSPM maize population,3.0-simplified-fspm,unweighted population statistics,True,SIMPLIFIED_FSPM,19.51366904600251,26.884882347095374,0.3154114139007898,40.10657730611136,1.7640287394701684,0.8201479361882588,0.0,1.6382849589464747,1449.9999999999998,1.6382849589464747,67.53163109235649,1.6382849589464747,2.376420761068946,0.4991389845512067,795.3535602985479,0.4487333362015263,0.32943346565942105,2.655046142887678,2.655046142887678,477.67852520616054,13.880790266111314,0.7271654192876564,1.6382849589464747,7000,1.0,7,7,DERIVED_SWAT_PROFILE_UNIFORM_ROOT_ZONE_APPROXIMATION,SWAT_HRU_AREA_X_2019_CDL_CORN_FRACTION_WEIGHTED; inactive calendar groups contribute zero living-crop structure,DATED_FSPM_MAIZE_AREA_STATE_ACROSS_EXECUTED_SWAT_CALENDARS
2019-06-29,True,True,SWAT+ mgt_out.txt PLANT and HARV/KILL events by HRU,EXECUTED_SWAT_MANAGEMENT_EVENTS,FSPM grows each distinct HRU calendar separately; field playback is weighted over the mapped maize HRU area. Daily event timing is applied to the complete day.,maize,MULTIPLE_EXECUTED_SWAT_HRU_CALENDARS,VEGETATIVE,"volumetric percent [0, 100]",m2_leaf/m2_ground,fraction,m,mm/day,mm/day,mm/day,mm/day,"fraction [0, 1]",g/plant,g/plant,degC_day,degC_day,fraction,dimensionless,kg/ha/(MJ/m2),MODEL_BASE_PARAMETER,0.5,0.4991389845512067,0.023981698140073986,ASSUMED_PARAMETER_NOT_CALIBRATED,False,seeded truncated normal; sigma=0.025,0.05,2.0,0.0,2.0,MODEL_BASE_PARAMETER,40.0,40.10657730611137,1.982589383884093,ASSUMED_PARAMETER_NOT_CALIBRATED,False,seeded truncated normal; sigma=2.0 kg/ha/(MJ/m2),10.0,90.0,10.0,90.0,DERIVED_FSPM,SIMPLIFIED_FSPM maize population,3.0-simplified-fspm,unweighted population statistics,True,SIMPLIFIED_FSPM,19.34945633221909,26.907828565324028,0.3323151759029708,40.10657730611136,1.8055610005532672,0.8504733979267043,0.0,1.7561419807070395,1449.9999999999998,1.7561419807070395,70.82391687634959,1.7561419807070395,2.6306145567943853,0.4991389845512067,820.1479361882589,0.43535484127572327,0.3429998565580584,2.8010397579653628,2.8010397579653628,497.3497920091846,13.875791074744043,0.7453491216862463,1.7561419807070395,7000,1.0,7,7,DERIVED_SWAT_PROFILE_UNIFORM_ROOT_ZONE_APPROXIMATION,SWAT_HRU_AREA_X_2019_CDL_CORN_FRACTION_WEIGHTED; inactive calendar groups contribute zero living-crop structure,DATED_FSPM_MAIZE_AREA_STATE_ACROSS_EXECUTED_SWAT_CALENDARS
2019-06-30,True,True,SWAT+ mgt_out.txt PLANT and HARV/KILL events by HRU,EXECUTED_SWAT_MANAGEMENT_EVENTS,FSPM grows each distinct HRU calendar separately; field playback is weighted over the mapped maize HRU area. Daily event timing is applied to the complete day.,maize,MULTIPLE_EXECUTED_SWAT_HRU_CALENDARS,VEGETATIVE,"volumetric percent [0, 100]",m2_leaf/m2_ground,fraction,m,mm/day,mm/day,mm/day,mm/day,"fraction [0, 1]",g/plant,g/plant,degC_day,degC_day,fraction,dimensionless,kg/ha/(MJ/m2),MODEL_BASE_PARAMETER,0.5,0.4991389845512067,0.023981698140073986,ASSUMED_PARAMETER_NOT_CALIBRATED,False,seeded truncated normal; sigma=0.025,0.05,2.0,0.0,2.0,MODEL_BASE_PARAMETER,40.0,40.10657730611137,1.982589383884093,ASSUMED_PARAMETER_NOT_CALIBRATED,False,seeded truncated normal; sigma=2.0 kg/ha/(MJ/m2),10.0,90.0,10.0,90.0,DERIVED_FSPM,SIMPLIFIED_FSPM maize population,3.0-simplified-fspm,unweighted population statistics,True,SIMPLIFIED_FSPM,19.025602159503116,26.92044814588429,0.36367474488425244,40.10657730611136,1.8452441285095798,0.8805684453178675,0.0,1.7082355296963165,1449.9999999999998,1.7082355296963165,73.95727406673448,1.7082355296963165,2.6876720819915128,0.4991389845512067,850.4733979267043,0.4106482537228536,0.35650232165126305,2.9132060370051063,2.9132060370051063,516.9283663943314,13.854391454383727,0.7582124488089167,1.7082355296963165,7000,1.0,7,7,DERIVED_SWAT_PROFILE_UNIFORM_ROOT_ZONE_APPROXIMATION,SWAT_HRU_AREA_X_2019_CDL_CORN_FRACTION_WEIGHTED; inactive calendar groups contribute zero living-crop structure,DATED_FSPM_MAIZE_AREA_STATE_ACROSS_EXECUTED_SWAT_CALENDARS
2019-07-01,True,True,SWAT+ mgt_out.txt PLANT and HARV/KILL events by HRU,EXECUTED_SWAT_MANAGEMENT_EVENTS,FSPM grows each distinct HRU calendar separately; field playback is weighted over the mapped maize HRU area. Daily event timing is applied to the complete day.,maize,MULTIPLE_EXECUTED_SWAT_HRU_CALENDARS,VEGETATIVE,"volumetric percent [0, 100]",m2_leaf/m2_ground,fraction,m,mm/day,mm/day,mm/day,mm/day,"fraction [0, 1]",g/plant,g/plant,degC_day,degC_day,fraction,dimensionless,kg/ha/(MJ/m2),MODEL_BASE_PARAMETER,0.5,0.4991389845512067,0.023981698140073986,ASSUMED_PARAMETER_NOT_CALIBRATED,False,seeded truncated normal; sigma=0.025,0.05,2.0,0.0,2.0,MODEL_BASE_PARAMETER,40.0,40.10657730611137,1.982589383884093,ASSUMED_PARAMETER_NOT_CALIBRATED,False,seeded truncated normal; sigma=2.0 kg/ha/(MJ/m2),10.0,90.0,10.0,90.0,DERIVED_FSPM,SIMPLIFIED_FSPM maize population,3.0-simplified-fspm,unweighted population statistics,True,SIMPLIFIED_FSPM,18.6896890293964,26.92375963486923,0.39694588532298064,40.10657730611136,1.8812745054701359,0.9088181168245005,0.0,1.6082968963047015,1449.9999999999998,1.6082968963047015,77.10520248348952,1.6082968963047015,2.676677153879303,0.4991389845512067,880.5684453178674,0.3857886695934138,0.369259691424445,3.0003731466976333,3.0003731466976333,535.4265525654453,13.82490542336508,0.7676472679473093,1.6082968963047015,7000,1.0,7,7,DERIVED_SWAT_PROFILE_UNIFORM_ROOT_ZONE_APPROXIMATION,SWAT_HRU_AREA_X_2019_CDL_CORN_FRACTION_WEIGHTED; inactive calendar groups contribute zero living-crop structure,DATED_FSPM_MAIZE_AREA_STATE_ACROSS_EXECUTED_SWAT_CALENDARS
2019-07-02,True,True,SWAT+ mgt_out.txt PLANT and HARV/KILL events by HRU,EXECUTED_SWAT_MANAGEMENT_EVENTS,FSPM grows each distinct HRU calendar separately; field playback is weighted over the mapped maize HRU area. Daily event timing is applied to the complete day.,maize,MULTIPLE_EXECUTED_SWAT_HRU_CALENDARS,VEGETATIVE,"volumetric percent [0, 100]",m2_leaf/m2_ground,fraction,m,mm/day,mm/day,mm/day,mm/day,"fraction [0, 1]",g/plant,g/plant,degC_day,degC_day,fraction,dimensionless,kg/ha/(MJ/m2),MODEL_BASE_PARAMETER,0.5,0.4991389845512067,0.023981698140073986,ASSUMED_PARAMETER_NOT_CALIBRATED,False,seeded truncated normal; sigma=0.025,0.05,2.0,0.0,2.0,MODEL_BASE_PARAMETER,40.0,40.10657730611137,1.982589383884093,ASSUMED_PARAMETER_NOT_CALIBRATED,False,seeded truncated normal; sigma=2.0 kg/ha/(MJ/m2),10.0,90.0,10.0,90.0,DERIVED_FSPM,SIMPLIFIED_FSPM maize population,3.0-simplified-fspm,unweighted population statistics,True,SIMPLIFIED_FSPM,18.509519126239066,26.926253949116063,0.41615535296128175,40.10657730611136,1.913619774514744,0.9349207132227118,0.0,1.4610194446253046,1449.9999999999998,1.4610194446253046,80.70676835358675,1.4610194446253046,2.4991380207004843,0.4991389845512067,908.8181168245005,0.3731960871504512,0.3811471189475088,3.0897459034415022,3.0897459034415022,552.6633224738878,13.798068616886287,0.7769949293263521,1.4610194446253046,7000,1.0,7,7,DERIVED_SWAT_PROFILE_UNIFORM_ROOT_ZONE_APPROXIMATION,SWAT_HRU_AREA_X_2019_CDL_CORN_FRACTION_WEIGHTED; inactive calendar groups contribute zero living-crop structure,DATED_FSPM_MAIZE_AREA_STATE_ACROSS_EXECUTED_SWAT_CALENDARS
2019-07-03,True,True,SWAT+ mgt_out.txt PLANT and HARV/KILL events by HRU,EXECUTED_SWAT_MANAGEMENT_EVENTS,FSPM grows each distinct HRU calendar separately; field playback is weighted over the mapped maize HRU area. Daily event timing is applied to the complete day.,maize,MULTIPLE_EXECUTED_SWAT_HRU_CALENDARS,VEGETATIVE,"volumetric percent [0, 100]",m2_leaf/m2_ground,fraction,m,mm/day,mm/day,mm/day,mm/day,"fraction [0, 1]",g/plant,g/plant,degC_day,degC_day,fraction,dimensionless,kg/ha/(MJ/m2),MODEL_BASE_PARAMETER,0.5,0.4991389845512067,0.023981698140073986,ASSUMED_PARAMETER_NOT_CALIBRATED,False,seeded truncated normal; sigma=0.025,0.05,2.0,0.0,2.0,MODEL_BASE_PARAMETER,40.0,40.10657730611137,1.982589383884093,ASSUMED_PARAMETER_NOT_CALIBRATED,False,seeded truncated normal; sigma=2.0 kg/ha/(MJ/m2),10.0,90.0,10.0,90.0,DERIVED_FSPM,SIMPLIFIED_FSPM maize population,3.0-simplified-fspm,unweighted population statistics,True,SIMPLIFIED_FSPM,18.517763976887487,26.92400406205473,0.413307434169572,40.10657730611136,1.9435506585380928,0.9597440935159463,0.0,1.2889742771307704,1449.9999999999998,1.2889742771307704,84.81543515399767,1.2889742771307704,2.194222414422293,0.4991389845512067,934.9207132227118,0.3756525559500125,0.3925404940143468,3.2037183013700794,3.2037183013700794,569.1837163208029,13.762120886343423,0.7886513104746249,1.2889742771307704,7000,1.0,7,7,DERIVED_SWAT_PROFILE_UNIFORM_ROOT_ZONE_APPROXIMATION,SWAT_HRU_AREA_X_2019_CDL_CORN_FRACTION_WEIGHTED; inactive calendar groups contribute zero living-crop structure,DATED_FSPM_MAIZE_AREA_STATE_ACROSS_EXECUTED_SWAT_CALENDARS
2019-07-04,True,True,SWAT+ mgt_out.txt PLANT and HARV/KILL events by HRU,EXECUTED_SWAT_MANAGEMENT_EVENTS,FSPM grows each distinct HRU calendar separately; field playback is weighted over the mapped maize HRU area. Daily event timing is applied to the complete day.,maize,MULTIPLE_EXECUTED_SWAT_HRU_CALENDARS,VEGETATIVE,"volumetric percent [0, 100]",m2_leaf/m2_ground,fraction,m,mm/day,mm/day,mm/day,mm/day,"fraction [0, 1]",g/plant,g/plant,degC_day,degC_day,fraction,dimensionless,kg/ha/(MJ/m2),MODEL_BASE_PARAMETER,0.5,0.4991389845512067,0.023981698140073986,ASSUMED_PARAMETER_NOT_CALIBRATED,False,seeded truncated normal; sigma=0.025,0.05,2.0,0.0,2.0,MODEL_BASE_PARAMETER,40.0,40.10657730611137,1.982589383884093,ASSUMED_PARAMETER_NOT_CALIBRATED,False,seeded truncated normal; sigma=2.0 kg/ha/(MJ/m2),10.0,90.0,10.0,90.0,DERIVED_FSPM,SIMPLIFIED_FSPM maize population,3.0-simplified-fspm,unweighted population statistics,True,SIMPLIFIED_FSPM,18.731878639353194,26.92015412478098,0.38664528840323764,40.10657730611136,1.972286990092284,0.9839116388698246,0.0,1.2888390230751066,1449.9999999999998,1.2888390230751066,89.28345954771544,1.2888390230751066,2.1051779757895814,0.4991389845512067,959.7440935159461,0.3937061316478512,0.40386084450533655,3.3537544798546977,3.3537544798546977,585.5982245327378,13.724381865277566,0.8035459123545199,1.2888390230751066,7000,1.0,7,7,DERIVED_SWAT_PROFILE_UNIFORM_ROOT_ZONE_APPROXIMATION,SWAT_HRU_AREA_X_2019_CDL_CORN_FRACTION_WEIGHTED; inactive calendar groups contribute zero living-crop structure,DATED_FSPM_MAIZE_AREA_STATE_ACROSS_EXECUTED_SWAT_CALENDARS
2019-07-05,True,True,SWAT+ mgt_out.txt PLANT and HARV/KILL events by HRU,EXECUTED_SWAT_MANAGEMENT_EVENTS,FSPM grows each distinct HRU calendar separately; field playback is weighted over the mapped maize HRU area. Daily event timing is applied to the complete day.,maize,MULTIPLE_EXECUTED_SWAT_HRU_CALENDARS,VEGETATIVE,"volumetric percent [0, 100]",m2_leaf/m2_ground,fraction,m,mm/day,mm/day,mm/day,mm/day,"fraction [0, 1]",g/plant,g/plant,degC_day,degC_day,fraction,dimensionless,kg/ha/(MJ/m2),MODEL_BASE_PARAMETER,0.5,0.4991389845512067,0.023981698140073986,ASSUMED_PARAMETER_NOT_CALIBRATED,False,seeded truncated normal; sigma=0.025,0.05,2.0,0.0,2.0,MODEL_BASE_PARAMETER,40.0,40.10657730611137,1.982589383884093,ASSUMED_PARAMETER_NOT_CALIBRATED,False,seeded truncated normal; sigma=2.0 kg/ha/(MJ/m2),10.0,90.0,10.0,90.0,DERIVED_FSPM,SIMPLIFIED_FSPM maize population,3.0-simplified-fspm,unweighted population statistics,True,SIMPLIFIED_FSPM,18.812279941478334,26.910898202784733,0.374566056105313,40.10657730611136,2.0004014487469695,1.0078001365806657,0.0,1.623298349572722,1449.9999999999998,1.623298349572722,93.17304355635665,1.623298349572722,2.6026243450021287,0.4991389845512067,983.9116388698246,0.40203813722593656,0.415324764936266,3.4726388466829126,3.4726388466829126,602.2209091575858,13.681009801009687,0.8144516131761602,1.623298349572722,7000,1.0,7,7,DERIVED_SWAT_PROFILE_UNIFORM_ROOT_ZONE_APPROXIMATION,SWAT_HRU_AREA_X_2019_CDL_CORN_FRACTION_WEIGHTED; inactive calendar groups contribute zero living-crop structure,DATED_FSPM_MAIZE_AREA_STATE_ACROSS_EXECUTED_SWAT_CALENDARS
2019-07-06,True,True,SWAT+ mgt_out.txt PLANT and HARV/KILL events by HRU,EXECUTED_SWAT_MANAGEMENT_EVENTS,FSPM grows each distinct HRU calendar separately; field playback is weighted over the mapped maize HRU area. Daily event timing is applied to the complete day.,maize,MULTIPLE_EXECUTED_SWAT_HRU_CALENDARS,VEGETATIVE,"volumetric percent [0, 100]",m2_leaf/m2_ground,fraction,m,mm/day,mm/day,mm/day,mm/day,"fraction [0, 1]",g/plant,g/plant,degC_day,degC_day,fraction,dimensionless,kg/ha/(MJ/m2),MODEL_BASE_PARAMETER,0.5,0.4991389845512067,0.023981698140073986,ASSUMED_PARAMETER_NOT_CALIBRATED,False,seeded truncated normal; sigma=0.025,0.05,2.0,0.0,2.0,MODEL_BASE_PARAMETER,40.0,40.10657730611137,1.982589383884093,ASSUMED_PARAMETER_NOT_CALIBRATED,False,seeded truncated normal; sigma=2.0 kg/ha/(MJ/m2),10.0,90.0,10.0,90.0,DERIVED_FSPM,SIMPLIFIED_FSPM maize population,3.0-simplified-fspm,unweighted population statistics,True,SIMPLIFIED_FSPM,18.579079725037023,26.900742742598037,0.39574841187348847,40.10657730611136,2.0214995333487544,1.0256931051759264,0.0,1.4385666232426402,1449.9999999999998,1.4385666232426402,96.87231649837176,1.4385666232426402,2.392917667942963,0.4991389845512067,1007.8001365806655,0.3864597212603385,0.42419329237234543,3.5014888851229493,3.5014888851229493,615.0802739399008,13.638178078846236,0.8165722385038134,1.4385666232426402,7000,1.0,7,7,DERIVED_SWAT_PROFILE_UNIFORM_ROOT_ZONE_APPROXIMATION,SWAT_HRU_AREA_X_2019_CDL_CORN_FRACTION_WEIGHTED; inactive calendar groups contribute zero living-crop structure,DATED_FSPM_MAIZE_AREA_STATE_ACROSS_EXECUTED_SWAT_CALENDARS
2019-07-07,True,True,SWAT+ mgt_out.txt PLANT and HARV/KILL events by HRU,EXECUTED_SWAT_MANAGEMENT_EVENTS,FSPM grows each distinct HRU calendar separately; field playback is weighted over the mapped maize HRU area. Daily event timing is applied to the complete day.,maize,MULTIPLE_EXECUTED_SWAT_HRU_CALENDARS,VEGETATIVE,"volumetric percent [0, 100]",m2_leaf/m2_ground,fraction,m,mm/day,mm/day,mm/day,mm/day,"fraction [0, 1]",g/plant,g/plant,degC_day,degC_day,fraction,dimensionless,kg/ha/(MJ/m2),MODEL_BASE_PARAMETER,0.5,0.4991389845512067,0.023981698140073986,ASSUMED_PARAMETER_NOT_CALIBRATED,False,seeded truncated normal; sigma=0.025,0.05,2.0,0.0,2.0,MODEL_BASE_PARAMETER,40.0,40.10657730611137,1.982589383884093,ASSUMED_PARAMETER_NOT_CALIBRATED,False,seeded truncated normal; sigma=2.0 kg/ha/(MJ/m2),10.0,90.0,10.0,90.0,DERIVED_FSPM,SIMPLIFIED_FSPM maize population,3.0-simplified-fspm,unweighted population statistics,True,SIMPLIFIED_FSPM,18.313747099212915,26.8937055803631,0.42188506551090027,40.10657730611136,2.043559098344026,1.0442434501843656,0.0,1.5007838610726578,1449.9999999999998,1.5007838610726578,100.1979244074839,1.5007838610726578,2.598193071796973,0.4991389845512067,1025.6931051759261,0.3678640940646067,0.43372871762240167,3.5190981248912205,3.5190981248912205,628.9066405524825,13.607502697523842,0.8177246649833432,1.5007838610726578,7000,1.0,7,7,DERIVED_SWAT_PROFILE_UNIFORM_ROOT_ZONE_APPROXIMATION,SWAT_HRU_AREA_X_2019_CDL_CORN_FRACTION_WEIGHTED; inactive calendar groups contribute zero living-crop structure,DATED_FSPM_MAIZE_AREA_STATE_ACROSS_EXECUTED_SWAT_CALENDARS
2019-07-08,True,True,SWAT+ mgt_out.txt PLANT and HARV/KILL events by HRU,EXECUTED_SWAT_MANAGEMENT_EVENTS,FSPM grows each distinct HRU calendar separately; field playback is weighted over the mapped maize HRU area. Daily event timing is applied to the complete day.,maize,MULTIPLE_EXECUTED_SWAT_HRU_CALENDARS,VEGETATIVE,"volumetric percent [0, 100]",m2_leaf/m2_ground,fraction,m,mm/day,mm/day,mm/day,mm/day,"fraction [0, 1]",g/plant,g/plant,degC_day,degC_day,fraction,dimensionless,kg/ha/(MJ/m2),MODEL_BASE_PARAMETER,0.5,0.4991389845512067,0.023981698140073986,ASSUMED_PARAMETER_NOT_CALIBRATED,False,seeded truncated normal; sigma=0.025,0.05,2.0,0.0,2.0,MODEL_BASE_PARAMETER,40.0,40.10657730611137,1.982589383884093,ASSUMED_PARAMETER_NOT_CALIBRATED,False,seeded truncated normal; sigma=2.0 kg/ha/(MJ/m2),10.0,90.0,10.0,90.0,DERIVED_FSPM,SIMPLIFIED_FSPM maize population,3.0-simplified-fspm,unweighted population statistics,True,SIMPLIFIED_FSPM,18.02452336102462,26.88653452727231,0.45086356725401816,40.10657730611136,2.066210667491873,1.0629716856925153,0.0,1.441116907554885,1449.9999999999998,1.441116907554885,103.66446415520667,1.441116907554885,2.6280618068658312,0.4991389845512067,1044.2434501843657,0.3475496546618051,0.4438142402067561,3.5275430059306583,3.5275430059306583,643.5306482997966,13.576740135308047,0.8180535918624374,1.441116907554885,7000,1.0,7,7,DERIVED_SWAT_PROFILE_UNIFORM_ROOT_ZONE_APPROXIMATION,SWAT_HRU_AREA_X_2019_CDL_CORN_FRACTION_WEIGHTED; inactive calendar groups contribute zero living-crop structure,DATED_FSPM_MAIZE_AREA_STATE_ACROSS_EXECUTED_SWAT_CALENDARS
2019-07-09,True,True,SWAT+ mgt_out.txt PLANT and HARV/KILL events by HRU,EXECUTED_SWAT_MANAGEMENT_EVENTS,FSPM grows each distinct HRU calendar separately; field playback is weighted over the mapped maize HRU area. Daily event timing is applied to the complete day.,maize,MULTIPLE_EXECUTED_SWAT_HRU_CALENDARS,REPRODUCTIVE,"volumetric percent [0, 100]",m2_leaf/m2_ground,fraction,m,mm/day,mm/day,mm/day,mm/day,"fraction [0, 1]",g/plant,g/plant,degC_day,degC_day,fraction,dimensionless,kg/ha/(MJ/m2),MODEL_BASE_PARAMETER,0.5,0.4991389845512067,0.023981698140073986,ASSUMED_PARAMETER_NOT_CALIBRATED,False,seeded truncated normal; sigma=0.025,0.05,2.0,0.0,2.0,MODEL_BASE_PARAMETER,40.0,40.10657730611137,1.982589383884093,ASSUMED_PARAMETER_NOT_CALIBRATED,False,seeded truncated normal; sigma=2.0 kg/ha/(MJ/m2),10.0,90.0,10.0,90.0,DERIVED_FSPM,SIMPLIFIED_FSPM maize population,3.0-simplified-fspm,unweighted population statistics,True,SIMPLIFIED_FSPM,17.92644613903935,26.87962911170799,0.458668047226239,40.10657730611136,2.0911356142958235,1.0829607615838788,0.0,1.1469712011693969,1449.9999999999998,1.1469712011693969,107.95172719562315,1.1469712011693969,2.132216986635125,0.4991389845512067,1062.9716856925154,0.34182287061347233,0.45528059778965424,3.5793968379894805,3.5793968379894805,660.1568667949988,13.546813852306737,0.8223165173994684,1.1469712011693969,7000,1.0,7,7,DERIVED_SWAT_PROFILE_UNIFORM_ROOT_ZONE_APPROXIMATION,SWAT_HRU_AREA_X_2019_CDL_CORN_FRACTION_WEIGHTED; inactive calendar groups contribute zero living-crop structure,DATED_FSPM_MAIZE_AREA_STATE_ACROSS_EXECUTED_SWAT_CALENDARS
2019-07-10,True,True,SWAT+ mgt_out.txt PLANT and HARV/KILL events by HRU,EXECUTED_SWAT_MANAGEMENT_EVENTS,FSPM grows each distinct HRU calendar separately; field playback is weighted over the mapped maize HRU area. Daily event timing is applied to the complete day.,maize,MULTIPLE_EXECUTED_SWAT_HRU_CALENDARS,REPRODUCTIVE,"volumetric percent [0, 100]",m2_leaf/m2_ground,fraction,m,mm/day,mm/day,mm/day,mm/day,"fraction [0, 1]",g/plant,g/plant,degC_day,degC_day,fraction,dimensionless,kg/ha/(MJ/m2),MODEL_BASE_PARAMETER,0.5,0.4991389845512067,0.023981698140073986,ASSUMED_PARAMETER_NOT_CALIBRATED,False,seeded truncated normal; sigma=0.025,0.05,2.0,0.0,2.0,MODEL_BASE_PARAMETER,40.0,40.10657730611137,1.982589383884093,ASSUMED_PARAMETER_NOT_CALIBRATED,False,seeded truncated normal; sigma=2.0 kg/ha/(MJ/m2),10.0,90.0,10.0,90.0,DERIVED_FSPM,SIMPLIFIED_FSPM maize population,3.0-simplified-fspm,unweighted population statistics,True,SIMPLIFIED_FSPM,17.83775201354099,26.871891256311415,0.46527565651986097,40.10657730611136,2.111411369437533,1.0987757826685292,0.0,1.3319827954971606,1449.9999999999998,1.3319827954971606,111.10230370141076,1.3319827954971606,2.501004899329466,0.4991389845512067,1082.9607615838788,0.33692877204263716,0.46491003689036037,3.617408786494742,3.617408786494742,674.1195534910224,13.51469443625692,0.8253629956983588,1.3319827954971606,7000,1.0,7,7,DERIVED_SWAT_PROFILE_UNIFORM_ROOT_ZONE_APPROXIMATION,SWAT_HRU_AREA_X_2019_CDL_CORN_FRACTION_WEIGHTED; inactive calendar groups contribute zero living-crop structure,DATED_FSPM_MAIZE_AREA_STATE_ACROSS_EXECUTED_SWAT_CALENDARS
2019-07-11,True,True,SWAT+ mgt_out.txt PLANT and HARV/KILL events by HRU,EXECUTED_SWAT_MANAGEMENT_EVENTS,FSPM grows each distinct HRU calendar separately; field playback is weighted over the mapped maize HRU area. Daily event timing is applied to the complete day.,maize,MULTIPLE_EXECUTED_SWAT_HRU_CALENDARS,REPRODUCTIVE,"volumetric percent [0, 100]",m2_leaf/m2_ground,fraction,m,mm/day,mm/day,mm/day,mm/day,"fraction [0, 1]",g/plant,g/plant,degC_day,degC_day,fraction,dimensionless,kg/ha/(MJ/m2),MODEL_BASE_PARAMETER,0.5,0.4991389845512067,0.023981698140073986,ASSUMED_PARAMETER_NOT_CALIBRATED,False,seeded truncated normal; sigma=0.025,0.05,2.0,0.0,2.0,MODEL_BASE_PARAMETER,40.0,40.10657730611137,1.982589383884093,ASSUMED_PARAMETER_NOT_CALIBRATED,False,seeded truncated normal; sigma=2.0 kg/ha/(MJ/m2),10.0,90.0,10.0,90.0,DERIVED_FSPM,SIMPLIFIED_FSPM maize population,3.0-simplified-fspm,unweighted population statistics,True,SIMPLIFIED_FSPM,17.566280518122046,26.86556604890294,0.4928618102775116,40.10657730611136,2.130075492419805,1.112692639550842,0.0,1.303185389582211,1449.9999999999998,1.303185389582211,114.21963680774984,1.303185389582211,2.571047410854298,0.4991389845512067,1098.7757826685292,0.3178388005434947,0.47402683299719756,3.6045712760944437,3.6045712760944437,687.3389078459364,13.489108957306813,0.823976826128361,1.303185389582211,7000,1.0,7,7,DERIVED_SWAT_PROFILE_UNIFORM_ROOT_ZONE_APPROXIMATION,SWAT_HRU_AREA_X_2019_CDL_CORN_FRACTION_WEIGHTED; inactive calendar groups contribute zero living-crop structure,DATED_FSPM_MAIZE_AREA_STATE_ACROSS_EXECUTED_SWAT_CALENDARS
2019-07-12,True,True,SWAT+ mgt_out.txt PLANT and HARV/KILL events by HRU,EXECUTED_SWAT_MANAGEMENT_EVENTS,FSPM grows each distinct HRU calendar separately; field playback is weighted over the mapped maize HRU area. Daily event timing is applied to the complete day.,maize,MULTIPLE_EXECUTED_SWAT_HRU_CALENDARS,REPRODUCTIVE,"volumetric percent [0, 100]",m2_leaf/m2_ground,fraction,m,mm/day,mm/day,mm/day,mm/day,"fraction [0, 1]",g/plant,g/plant,degC_day,degC_day,fraction,dimensionless,kg/ha/(MJ/m2),MODEL_BASE_PARAMETER,0.5,0.4991389845512067,0.023981698140073986,ASSUMED_PARAMETER_NOT_CALIBRATED,False,seeded truncated normal; sigma=0.025,0.05,2.0,0.0,2.0,MODEL_BASE_PARAMETER,40.0,40.10657730611137,1.982589383884093,ASSUMED_PARAMETER_NOT_CALIBRATED,False,seeded truncated normal; sigma=2.0 kg/ha/(MJ/m2),10.0,90.0,10.0,90.0,DERIVED_FSPM,SIMPLIFIED_FSPM maize population,3.0-simplified-fspm,unweighted population statistics,True,SIMPLIFIED_FSPM,17.286574177313515,26.86003570380917,0.5212618637916236,40.10657730611136,2.151809579709856,1.1278304501178218,0.0,1.2670832895151694,1449.9999999999998,1.2670832895151694,117.41073302355719,1.2670832895151694,2.6521047999245466,0.4991389845512067,1112.6926395508422,0.29872770367589935,0.48496908398997485,3.5926700916277925,3.5926700916277925,703.2051717854636,13.466873291038596,0.8226782406797694,1.2670832895151694,7000,1.0,7,7,DERIVED_SWAT_PROFILE_UNIFORM_ROOT_ZONE_APPROXIMATION,SWAT_HRU_AREA_X_2019_CDL_CORN_FRACTION_WEIGHTED; inactive calendar groups contribute zero living-crop structure,DATED_FSPM_MAIZE_AREA_STATE_ACROSS_EXECUTED_SWAT_CALENDARS
2019-07-13,True,True,SWAT+ mgt_out.txt PLANT and HARV/KILL events by HRU,EXECUTED_SWAT_MANAGEMENT_EVENTS,FSPM grows each distinct HRU calendar separately; field playback is weighted over the mapped maize HRU area. Daily event timing is applied to the complete day.,maize,MULTIPLE_EXECUTED_SWAT_HRU_CALENDARS,REPRODUCTIVE,"volumetric percent [0, 100]",m2_leaf/m2_ground,fraction,m,mm/day,mm/day,mm/day,mm/day,"fraction [0, 1]",g/plant,g/plant,degC_day,degC_day,fraction,dimensionless,kg/ha/(MJ/m2),MODEL_BASE_PARAMETER,0.5,0.4991389845512067,0.023981698140073986,ASSUMED_PARAMETER_NOT_CALIBRATED,False,seeded truncated normal; sigma=0.025,0.05,2.0,0.0,2.0,MODEL_BASE_PARAMETER,40.0,40.10657730611137,1.982589383884093,ASSUMED_PARAMETER_NOT_CALIBRATED,False,seeded truncated normal; sigma=2.0 kg/ha/(MJ/m2),10.0,90.0,10.0,90.0,DERIVED_FSPM,SIMPLIFIED_FSPM maize population,3.0-simplified-fspm,unweighted population statistics,True,SIMPLIFIED_FSPM,17.013177142848217,26.853439813886666,0.5483135925280149,40.10657730611136,2.173934648292389,1.1419689124867216,0.0,1.090545276727817,1449.9999999999998,1.090545276727817,120.46690739331869,1.090545276727817,2.431063463876311,0.4991389845512067,1127.830450117822,0.2810086291758975,0.49649358990488945,3.579516361858818,3.579516361858818,719.9157053620896,13.442266957881282,0.8213241119250575,1.090545276727817,7000,1.0,7,7,DERIVED_SWAT_PROFILE_UNIFORM_ROOT_ZONE_APPROXIMATION,SWAT_HRU_AREA_X_2019_CDL_CORN_FRACTION_WEIGHTED; inactive calendar groups contribute zero living-crop structure,DATED_FSPM_MAIZE_AREA_STATE_ACROSS_EXECUTED_SWAT_CALENDARS
2019-07-14,True,True,SWAT+ mgt_out.txt PLANT and HARV/KILL events by HRU,EXECUTED_SWAT_MANAGEMENT_EVENTS,FSPM grows each distinct HRU calendar separately; field playback is weighted over the mapped maize HRU area. Daily event timing is applied to the complete day.,maize,MULTIPLE_EXECUTED_SWAT_HRU_CALENDARS,REPRODUCTIVE,"volumetric percent [0, 100]",m2_leaf/m2_ground,fraction,m,mm/day,mm/day,mm/day,mm/day,"fraction [0, 1]",g/plant,g/plant,degC_day,degC_day,fraction,dimensionless,kg/ha/(MJ/m2),MODEL_BASE_PARAMETER,0.5,0.4991389845512067,0.023981698140073986,ASSUMED_PARAMETER_NOT_CALIBRATED,False,seeded truncated normal; sigma=0.025,0.05,2.0,0.0,2.0,MODEL_BASE_PARAMETER,40.0,40.10657730611137,1.982589383884093,ASSUMED_PARAMETER_NOT_CALIBRATED,False,seeded truncated normal; sigma=2.0 kg/ha/(MJ/m2),10.0,90.0,10.0,90.0,DERIVED_FSPM,SIMPLIFIED_FSPM maize population,3.0-simplified-fspm,unweighted population statistics,True,SIMPLIFIED_FSPM,16.723265348826015,26.84743402265379,0.5765846277096052,40.10657730611136,2.1980419459052203,1.1554566233532682,0.0,1.1503706199481525,1449.9999999999998,1.1503706199481525,122.8452068559116,1.1503706199481525,2.7202043466703745,0.4991389845512067,1141.9689124867218,0.26278608026045364,0.5095248130050264,3.562392104924876,3.562392104924876,738.8109788572882,13.419855314411745,0.8196862760531768,1.1503706199481525,7000,1.0,7,7,DERIVED_SWAT_PROFILE_UNIFORM_ROOT_ZONE_APPROXIMATION,SWAT_HRU_AREA_X_2019_CDL_CORN_FRACTION_WEIGHTED; inactive calendar groups contribute zero living-crop structure,DATED_FSPM_MAIZE_AREA_STATE_ACROSS_EXECUTED_SWAT_CALENDARS
2019-07-15,True,True,SWAT+ mgt_out.txt PLANT and HARV/KILL events by HRU,EXECUTED_SWAT_MANAGEMENT_EVENTS,FSPM grows each distinct HRU calendar separately; field playback is weighted over the mapped maize HRU area. Daily event timing is applied to the complete day.,maize,MULTIPLE_EXECUTED_SWAT_HRU_CALENDARS,REPRODUCTIVE,"volumetric percent [0, 100]",m2_leaf/m2_ground,fraction,m,mm/day,mm/day,mm/day,mm/day,"fraction [0, 1]",g/plant,g/plant,degC_day,degC_day,fraction,dimensionless,kg/ha/(MJ/m2),MODEL_BASE_PARAMETER,0.5,0.4991389845512067,0.023981698140073986,ASSUMED_PARAMETER_NOT_CALIBRATED,False,seeded truncated normal; sigma=0.025,0.05,2.0,0.0,2.0,MODEL_BASE_PARAMETER,40.0,40.10657730611137,1.982589383884093,ASSUMED_PARAMETER_NOT_CALIBRATED,False,seeded truncated normal; sigma=2.0 kg/ha/(MJ/m2),10.0,90.0,10.0,90.0,DERIVED_FSPM,SIMPLIFIED_FSPM maize population,3.0-simplified-fspm,unweighted population statistics,True,SIMPLIFIED_FSPM,16.58668142573565,26.84191286430886,0.5877422157443057,40.10657730611136,2.2193375104988773,1.1658891464979948,0.0,1.00051940228861,1449.9999999999998,1.00051940228861,126.48037898950501,1.00051940228861,2.4235303348451223,0.4991389845512067,1155.456623353268,0.25656107992975896,0.5214773199844147,3.573083008590242,3.573083008590242,756.1421139774014,13.39900770558921,0.8203840744011797,1.00051940228861,7000,1.0,7,7,DERIVED_SWAT_PROFILE_UNIFORM_ROOT_ZONE_APPROXIMATION,SWAT_HRU_AREA_X_2019_CDL_CORN_FRACTION_WEIGHTED; inactive calendar groups contribute zero living-crop structure,DATED_FSPM_MAIZE_AREA_STATE_ACROSS_EXECUTED_SWAT_CALENDARS
2019-07-16,True,True,SWAT+ mgt_out.txt PLANT and HARV/KILL events by HRU,EXECUTED_SWAT_MANAGEMENT_EVENTS,FSPM grows each distinct HRU calendar separately; field playback is weighted over the mapped maize HRU area. Daily event timing is applied to the complete day.,maize,MULTIPLE_EXECUTED_SWAT_HRU_CALENDARS,REPRODUCTIVE,"volumetric percent [0, 100]",m2_leaf/m2_ground,fraction,m,mm/day,mm/day,mm/day,mm/day,"fraction [0, 1]",g/plant,g/plant,degC_day,degC_day,fraction,dimensionless,kg/ha/(MJ/m2),MODEL_BASE_PARAMETER,0.5,0.4991389845512067,0.023981698140073986,ASSUMED_PARAMETER_NOT_CALIBRATED,False,seeded truncated normal; sigma=0.025,0.05,2.0,0.0,2.0,MODEL_BASE_PARAMETER,40.0,40.10657730611137,1.982589383884093,ASSUMED_PARAMETER_NOT_CALIBRATED,False,seeded truncated normal; sigma=2.0 kg/ha/(MJ/m2),10.0,90.0,10.0,90.0,DERIVED_FSPM,SIMPLIFIED_FSPM maize population,3.0-simplified-fspm,unweighted population statistics,True,SIMPLIFIED_FSPM,16.490239693986343,26.837735074262138,0.5951482397763398,40.10657730611136,2.2393851188962,1.174242615908866,0.0,0.9777241454212096,1449.9999999999998,0.9777241454212096,129.8449492453001,0.9777241454212096,2.416952749097388,0.4991389845512067,1165.8891464979952,0.2522785636429272,0.5331391922768741,3.5867861747026026,3.5867861747026026,773.0518288014674,13.383207462639458,0.8213884560517466,0.9777241454212096,7000,1.0,7,7,DERIVED_SWAT_PROFILE_UNIFORM_ROOT_ZONE_APPROXIMATION,SWAT_HRU_AREA_X_2019_CDL_CORN_FRACTION_WEIGHTED; inactive calendar groups contribute zero living-crop structure,DATED_FSPM_MAIZE_AREA_STATE_ACROSS_EXECUTED_SWAT_CALENDARS
2019-07-17,True,True,SWAT+ mgt_out.txt PLANT and HARV/KILL events by HRU,EXECUTED_SWAT_MANAGEMENT_EVENTS,FSPM grows each distinct HRU calendar separately; field playback is weighted over the mapped maize HRU area. Daily event timing is applied to the complete day.,maize,MULTIPLE_EXECUTED_SWAT_HRU_CALENDARS,REPRODUCTIVE,"volumetric percent [0, 100]",m2_leaf/m2_ground,fraction,m,mm/day,mm/day,mm/day,mm/day,"fraction [0, 1]",g/plant,g/plant,degC_day,degC_day,fraction,dimensionless,kg/ha/(MJ/m2),MODEL_BASE_PARAMETER,0.5,0.4991389845512067,0.023981698140073986,ASSUMED_PARAMETER_NOT_CALIBRATED,False,seeded truncated normal; sigma=0.025,0.05,2.0,0.0,2.0,MODEL_BASE_PARAMETER,40.0,40.10657730611137,1.982589383884093,ASSUMED_PARAMETER_NOT_CALIBRATED,False,seeded truncated normal; sigma=2.0 kg/ha/(MJ/m2),10.0,90.0,10.0,90.0,DERIVED_FSPM,SIMPLIFIED_FSPM maize population,3.0-simplified-fspm,unweighted population statistics,True,SIMPLIFIED_FSPM,16.658656702446056,26.83448556565995,0.5767181078427904,40.10657730611136,2.2561740044228245,1.1800957693327634,0.0,0.7780178919833628,1449.9999999999998,0.7780178919833628,134.73125545206696,0.7780178919833628,1.8441486206112236,0.4991389845512067,1174.242615908866,0.26329881216377576,0.5432300926077631,3.6508108014241256,3.6508108014241256,787.6836342812566,13.370767310366919,0.8266165245581794,0.7780178919833628,7000,1.0,7,7,DERIVED_SWAT_PROFILE_UNIFORM_ROOT_ZONE_APPROXIMATION,SWAT_HRU_AREA_X_2019_CDL_CORN_FRACTION_WEIGHTED; inactive calendar groups contribute zero living-crop structure,DATED_FSPM_MAIZE_AREA_STATE_ACROSS_EXECUTED_SWAT_CALENDARS
2019-07-18,True,True,SWAT+ mgt_out.txt PLANT and HARV/KILL events by HRU,EXECUTED_SWAT_MANAGEMENT_EVENTS,FSPM grows each distinct HRU calendar separately; field playback is weighted over the mapped maize HRU area. Daily event timing is applied to the complete day.,maize,MULTIPLE_EXECUTED_SWAT_HRU_CALENDARS,REPRODUCTIVE,"volumetric percent [0, 100]",m2_leaf/m2_ground,fraction,m,mm/day,mm/day,mm/day,mm/day,"fraction [0, 1]",g/plant,g/plant,degC_day,degC_day,fraction,dimensionless,kg/ha/(MJ/m2),MODEL_BASE_PARAMETER,0.5,0.4991389845512067,0.023981698140073986,ASSUMED_PARAMETER_NOT_CALIBRATED,False,seeded truncated normal; sigma=0.025,0.05,2.0,0.0,2.0,MODEL_BASE_PARAMETER,40.0,40.10657730611137,1.982589383884093,ASSUMED_PARAMETER_NOT_CALIBRATED,False,seeded truncated normal; sigma=2.0 kg/ha/(MJ/m2),10.0,90.0,10.0,90.0,DERIVED_FSPM,SIMPLIFIED_FSPM maize population,3.0-simplified-fspm,unweighted population statistics,True,SIMPLIFIED_FSPM,17.211377193891916,26.83228451600751,0.5145546228355186,40.10657730611136,2.277611126468133,1.1860642261390284,0.0,1.1667343415035316,1449.9999999999998,1.1667343415035316,141.40853019240123,1.1667343415035316,2.405010473003667,0.4991389845512067,1180.0957693327634,0.3034077950833529,0.5565780569240166,3.81708809465188,3.81708809465188,807.0381825398243,13.362167402156157,0.8389747591574516,1.1667343415035316,7000,1.0,7,7,DERIVED_SWAT_PROFILE_UNIFORM_ROOT_ZONE_APPROXIMATION,SWAT_HRU_AREA_X_2019_CDL_CORN_FRACTION_WEIGHTED; inactive calendar groups contribute zero living-crop structure,DATED_FSPM_MAIZE_AREA_STATE_ACROSS_EXECUTED_SWAT_CALENDARS
2019-07-19,True,True,SWAT+ mgt_out.txt PLANT and HARV/KILL events by HRU,EXECUTED_SWAT_MANAGEMENT_EVENTS,FSPM grows each distinct HRU calendar separately; field playback is weighted over the mapped maize HRU area. Daily event timing is applied to the complete day.,maize,MULTIPLE_EXECUTED_SWAT_HRU_CALENDARS,REPRODUCTIVE,"volumetric percent [0, 100]",m2_leaf/m2_ground,fraction,m,mm/day,mm/day,mm/day,mm/day,"fraction [0, 1]",g/plant,g/plant,degC_day,degC_day,fraction,dimensionless,kg/ha/(MJ/m2),MODEL_BASE_PARAMETER,0.5,0.4991389845512067,0.023981698140073986,ASSUMED_PARAMETER_NOT_CALIBRATED,False,seeded truncated normal; sigma=0.025,0.05,2.0,0.0,2.0,MODEL_BASE_PARAMETER,40.0,40.10657730611137,1.982589383884093,ASSUMED_PARAMETER_NOT_CALIBRATED,False,seeded truncated normal; sigma=2.0 kg/ha/(MJ/m2),10.0,90.0,10.0,90.0,DERIVED_FSPM,SIMPLIFIED_FSPM maize population,3.0-simplified-fspm,unweighted population statistics,True,SIMPLIFIED_FSPM,17.313158474353937,26.830104697824197,0.4996923073842952,40.10657730611136,2.3000463123931434,1.1907581216803205,0.0,1.391454340008147,1449.9999999999998,1.391454340008147,146.20550420059777,1.391454340008147,2.7849245214759346,0.4991389845512067,1186.0642261390285,0.3155028670599787,0.571149854712607,3.877064371720261,3.877064371720261,828.1672893332801,13.353508182351224,0.8426301263517462,1.391454340008147,7000,1.0,7,7,DERIVED_SWAT_PROFILE_UNIFORM_ROOT_ZONE_APPROXIMATION,SWAT_HRU_AREA_X_2019_CDL_CORN_FRACTION_WEIGHTED; inactive calendar groups contribute zero living-crop structure,DATED_FSPM_MAIZE_AREA_STATE_ACROSS_EXECUTED_SWAT_CALENDARS
2019-07-20,True,True,SWAT+ mgt_out.txt PLANT and HARV/KILL events by HRU,EXECUTED_SWAT_MANAGEMENT_EVENTS,FSPM grows each distinct HRU calendar separately; field playback is weighted over the mapped maize HRU area. Daily event timing is applied to the complete day.,maize,MULTIPLE_EXECUTED_SWAT_HRU_CALENDARS,REPRODUCTIVE,"volumetric percent [0, 100]",m2_leaf/m2_ground,fraction,m,mm/day,mm/day,mm/day,mm/day,"fraction [0, 1]",g/plant,g/plant,degC_day,degC_day,fraction,dimensionless,kg/ha/(MJ/m2),MODEL_BASE_PARAMETER,0.5,0.4991389845512067,0.023981698140073986,ASSUMED_PARAMETER_NOT_CALIBRATED,False,seeded truncated normal; sigma=0.025,0.05,2.0,0.0,2.0,MODEL_BASE_PARAMETER,40.0,40.10657730611137,1.982589383884093,ASSUMED_PARAMETER_NOT_CALIBRATED,False,seeded truncated normal; sigma=2.0 kg/ha/(MJ/m2),10.0,90.0,10.0,90.0,DERIVED_FSPM,SIMPLIFIED_FSPM maize population,3.0-simplified-fspm,unweighted population statistics,True,SIMPLIFIED_FSPM,17.070414635148705,26.828385020242745,0.5235913913428683,40.10657730611136,2.3163539170697396,1.1934667379674324,0.0,1.0828485750000127,1449.9999999999998,1.0828485750000127,149.1756475334797,1.0828485750000127,2.3032129413075433,0.4991389845512067,1190.7581216803205,0.3010179120928708,0.5821609398172062,3.8404630603278265,3.8404630603278265,844.133362734949,13.346751380941859,0.8398401220778593,1.0828485750000127,7000,1.0,7,7,DERIVED_SWAT_PROFILE_UNIFORM_ROOT_ZONE_APPROXIMATION,SWAT_HRU_AREA_X_2019_CDL_CORN_FRACTION_WEIGHTED; inactive calendar groups contribute zero living-crop structure,DATED_FSPM_MAIZE_AREA_STATE_ACROSS_EXECUTED_SWAT_CALENDARS
2019-07-21,True,True,SWAT+ mgt_out.txt PLANT and HARV/KILL events by HRU,EXECUTED_SWAT_MANAGEMENT_EVENTS,FSPM grows each distinct HRU calendar separately; field playback is weighted over the mapped maize HRU area. Daily event timing is applied to the complete day.,maize,MULTIPLE_EXECUTED_SWAT_HRU_CALENDARS,REPRODUCTIVE,"volumetric percent [0, 100]",m2_leaf/m2_ground,fraction,m,mm/day,mm/day,mm/day,mm/day,"fraction [0, 1]",g/plant,g/plant,degC_day,degC_day,fraction,dimensionless,kg/ha/(MJ/m2),MODEL_BASE_PARAMETER,0.5,0.4991389845512067,0.023981698140073986,ASSUMED_PARAMETER_NOT_CALIBRATED,False,seeded truncated normal; sigma=0.025,0.05,2.0,0.0,2.0,MODEL_BASE_PARAMETER,40.0,40.10657730611137,1.982589383884093,ASSUMED_PARAMETER_NOT_CALIBRATED,False,seeded truncated normal; sigma=2.0 kg/ha/(MJ/m2),10.0,90.0,10.0,90.0,DERIVED_FSPM,SIMPLIFIED_FSPM maize population,3.0-simplified-fspm,unweighted population statistics,True,SIMPLIFIED_FSPM,16.87563589608071,26.827378948299295,0.5425510654567228,40.10657730611136,2.328918465756771,1.1951508006651488,0.0,1.0853008107131923,1449.9999999999998,1.0853008107131923,151.75761091853792,1.0853008107131923,2.3727853706659023,0.4991389845512067,1193.4667379674327,0.2893301352087123,0.5909007445785401,3.8097042160656605,3.8097042160656605,856.8060796388833,13.342869274152312,0.837527016919942,1.0853008107131923,7000,1.0,7,7,DERIVED_SWAT_PROFILE_UNIFORM_ROOT_ZONE_APPROXIMATION,SWAT_HRU_AREA_X_2019_CDL_CORN_FRACTION_WEIGHTED; inactive calendar groups contribute zero living-crop structure,DATED_FSPM_MAIZE_AREA_STATE_ACROSS_EXECUTED_SWAT_CALENDARS
2019-07-22,True,True,SWAT+ mgt_out.txt PLANT and HARV/KILL events by HRU,EXECUTED_SWAT_MANAGEMENT_EVENTS,FSPM grows each distinct HRU calendar separately; field playback is weighted over the mapped maize HRU area. Daily event timing is applied to the complete day.,maize,MULTIPLE_EXECUTED_SWAT_HRU_CALENDARS,REPRODUCTIVE,"volumetric percent [0, 100]",m2_leaf/m2_ground,fraction,m,mm/day,mm/day,mm/day,mm/day,"fraction [0, 1]",g/plant,g/plant,degC_day,degC_day,fraction,dimensionless,kg/ha/(MJ/m2),MODEL_BASE_PARAMETER,0.5,0.4991389845512067,0.023981698140073986,ASSUMED_PARAMETER_NOT_CALIBRATED,False,seeded truncated normal; sigma=0.025,0.05,2.0,0.0,2.0,MODEL_BASE_PARAMETER,40.0,40.10657730611137,1.982589383884093,ASSUMED_PARAMETER_NOT_CALIBRATED,False,seeded truncated normal; sigma=2.0 kg/ha/(MJ/m2),10.0,90.0,10.0,90.0,DERIVED_FSPM,SIMPLIFIED_FSPM maize population,3.0-simplified-fspm,unweighted population statistics,True,SIMPLIFIED_FSPM,16.63751800521802,26.826784503427866,0.5652987474781836,40.10657730611136,2.33914617423112,1.1962790346437218,0.0,1.0401167604885695,1449.9999999999998,1.0401167604885695,154.456075525171,1.0401167604885695,2.39805002588393,0.4991389845512067,1195.1508006651488,0.2752472868219153,0.5981891390412313,3.7672295121420603,3.7672295121420603,867.3742516097855,13.340470170799867,0.834344363501419,1.0401167604885695,7000,1.0,7,7,DERIVED_SWAT_PROFILE_UNIFORM_ROOT_ZONE_APPROXIMATION,SWAT_HRU_AREA_X_2019_CDL_CORN_FRACTION_WEIGHTED; inactive calendar groups contribute zero living-crop structure,DATED_FSPM_MAIZE_AREA_STATE_ACROSS_EXECUTED_SWAT_CALENDARS
2019-07-23,True,True,SWAT+ mgt_out.txt PLANT and HARV/KILL events by HRU,EXECUTED_SWAT_MANAGEMENT_EVENTS,FSPM grows each distinct HRU calendar separately; field playback is weighted over the mapped maize HRU area. Daily event timing is applied to the complete day.,maize,MULTIPLE_EXECUTED_SWAT_HRU_CALENDARS,REPRODUCTIVE,"volumetric percent [0, 100]",m2_leaf/m2_ground,fraction,m,mm/day,mm/day,mm/day,mm/day,"fraction [0, 1]",g/plant,g/plant,degC_day,degC_day,fraction,dimensionless,kg/ha/(MJ/m2),MODEL_BASE_PARAMETER,0.5,0.4991389845512067,0.023981698140073986,ASSUMED_PARAMETER_NOT_CALIBRATED,False,seeded truncated normal; sigma=0.025,0.05,2.0,0.0,2.0,MODEL_BASE_PARAMETER,40.0,40.10657730611137,1.982589383884093,ASSUMED_PARAMETER_NOT_CALIBRATED,False,seeded truncated normal; sigma=2.0 kg/ha/(MJ/m2),10.0,90.0,10.0,90.0,DERIVED_FSPM,SIMPLIFIED_FSPM maize population,3.0-simplified-fspm,unweighted population statistics,True,SIMPLIFIED_FSPM,16.385781050709465,26.82638580384778,0.5888220629620561,40.10657730611136,2.35010612667258,1.19729076844503,0.0,1.0024717246015986,1449.9999999999998,1.0024717246015986,157.28456961070793,1.0024717246015986,2.4440289153016086,0.4991389845512067,1196.2790346437218,0.2603280132024502,0.6061813998513004,3.722797561639057,3.722797561639057,878.9630297843853,13.338869295745022,0.8310206657522812,1.0024717246015986,7000,1.0,7,7,DERIVED_SWAT_PROFILE_UNIFORM_ROOT_ZONE_APPROXIMATION,SWAT_HRU_AREA_X_2019_CDL_CORN_FRACTION_WEIGHTED; inactive calendar groups contribute zero living-crop structure,DATED_FSPM_MAIZE_AREA_STATE_ACROSS_EXECUTED_SWAT_CALENDARS
2019-07-24,True,True,SWAT+ mgt_out.txt PLANT and HARV/KILL events by HRU,EXECUTED_SWAT_MANAGEMENT_EVENTS,FSPM grows each distinct HRU calendar separately; field playback is weighted over the mapped maize HRU area. Daily event timing is applied to the complete day.,maize,MULTIPLE_EXECUTED_SWAT_HRU_CALENDARS,REPRODUCTIVE,"volumetric percent [0, 100]",m2_leaf/m2_ground,fraction,m,mm/day,mm/day,mm/day,mm/day,"fraction [0, 1]",g/plant,g/plant,degC_day,degC_day,fraction,dimensionless,kg/ha/(MJ/m2),MODEL_BASE_PARAMETER,0.5,0.4991389845512067,0.023981698140073986,ASSUMED_PARAMETER_NOT_CALIBRATED,False,seeded truncated normal; sigma=0.025,0.05,2.0,0.0,2.0,MODEL_BASE_PARAMETER,40.0,40.10657730611137,1.982589383884093,ASSUMED_PARAMETER_NOT_CALIBRATED,False,seeded truncated normal; sigma=2.0 kg/ha/(MJ/m2),10.0,90.0,10.0,90.0,DERIVED_FSPM,SIMPLIFIED_FSPM maize population,3.0-simplified-fspm,unweighted population statistics,True,SIMPLIFIED_FSPM,16.13362683320253,26.82603314803721,0.6116837638650051,40.10657730611136,2.361828926993184,1.1981550824845597,0.0,0.9608510836824916,1449.9999999999998,0.9608510836824916,160.02043602952116,0.9608510836824916,2.4760576495739506,0.4991389845512067,1197.2907684450302,0.2458560618385586,0.6149497424748279,3.679577206606606,3.679577206606606,891.6771265885006,13.337434766485822,0.8278105033131804,0.9608510836824916,7000,1.0,7,7,DERIVED_SWAT_PROFILE_UNIFORM_ROOT_ZONE_APPROXIMATION,SWAT_HRU_AREA_X_2019_CDL_CORN_FRACTION_WEIGHTED; inactive calendar groups contribute zero living-crop structure,DATED_FSPM_MAIZE_AREA_STATE_ACROSS_EXECUTED_SWAT_CALENDARS
2019-07-25,True,True,SWAT+ mgt_out.txt PLANT and HARV/KILL events by HRU,EXECUTED_SWAT_MANAGEMENT_EVENTS,FSPM grows each distinct HRU calendar separately; field playback is weighted over the mapped maize HRU area. Daily event timing is applied to the complete day.,maize,MULTIPLE_EXECUTED_SWAT_HRU_CALENDARS,REPRODUCTIVE,"volumetric percent [0, 100]",m2_leaf/m2_ground,fraction,m,mm/day,mm/day,mm/day,mm/day,"fraction [0, 1]",g/plant,g/plant,degC_day,degC_day,fraction,dimensionless,kg/ha/(MJ/m2),MODEL_BASE_PARAMETER,0.5,0.4991389845512067,0.023981698140073986,ASSUMED_PARAMETER_NOT_CALIBRATED,False,seeded truncated normal; sigma=0.025,0.05,2.0,0.0,2.0,MODEL_BASE_PARAMETER,40.0,40.10657730611137,1.982589383884093,ASSUMED_PARAMETER_NOT_CALIBRATED,False,seeded truncated normal; sigma=2.0 kg/ha/(MJ/m2),10.0,90.0,10.0,90.0,DERIVED_FSPM,SIMPLIFIED_FSPM maize population,3.0-simplified-fspm,unweighted population statistics,True,SIMPLIFIED_FSPM,15.969509479127613,26.825736562113725,0.6260334267441422,40.10657730611136,2.3735374963769824,1.198817917224656,0.0,0.7489113105915675,1449.9999999999998,0.7489113105915675,163.22832802331217,0.7489113105915675,2.032162786973486,0.4991389845512067,1198.1550824845601,0.23703046753482498,0.6239448000380315,3.6549855474602158,3.6549855474602158,904.7199600551456,13.336213965988359,0.8259757887132685,0.7489113105915675,7000,1.0,7,7,DERIVED_SWAT_PROFILE_UNIFORM_ROOT_ZONE_APPROXIMATION,SWAT_HRU_AREA_X_2019_CDL_CORN_FRACTION_WEIGHTED; inactive calendar groups contribute zero living-crop structure,DATED_FSPM_MAIZE_AREA_STATE_ACROSS_EXECUTED_SWAT_CALENDARS
2019-07-26,True,True,SWAT+ mgt_out.txt PLANT and HARV/KILL events by HRU,EXECUTED_SWAT_MANAGEMENT_EVENTS,FSPM grows each distinct HRU calendar separately; field playback is weighted over the mapped maize HRU area. Daily event timing is applied to the complete day.,maize,MULTIPLE_EXECUTED_SWAT_HRU_CALENDARS,REPRODUCTIVE,"volumetric percent [0, 100]",m2_leaf/m2_ground,fraction,m,mm/day,mm/day,mm/day,mm/day,"fraction [0, 1]",g/plant,g/plant,degC_day,degC_day,fraction,dimensionless,kg/ha/(MJ/m2),MODEL_BASE_PARAMETER,0.5,0.4991389845512067,0.023981698140073986,ASSUMED_PARAMETER_NOT_CALIBRATED,False,seeded truncated normal; sigma=0.025,0.05,2.0,0.0,2.0,MODEL_BASE_PARAMETER,40.0,40.10657730611137,1.982589383884093,ASSUMED_PARAMETER_NOT_CALIBRATED,False,seeded truncated normal; sigma=2.0 kg/ha/(MJ/m2),10.0,90.0,10.0,90.0,DERIVED_FSPM,SIMPLIFIED_FSPM maize population,3.0-simplified-fspm,unweighted population statistics,True,SIMPLIFIED_FSPM,15.778674471677649,26.82552160719251,0.6423042211961542,40.10657730611136,2.3880768393967706,1.1993810597986334,0.0,0.8953699523443213,1449.9999999999998,0.8953699523443213,165.28269333777988,0.8953699523443213,2.5118952928382927,0.4991389845512067,1198.8179172246562,0.22758537370855175,0.635463964738994,3.626978261673087,3.626978261673087,921.4227488715414,13.33528308491536,0.8238956995504566,0.8953699523443213,7000,1.0,7,7,DERIVED_SWAT_PROFILE_UNIFORM_ROOT_ZONE_APPROXIMATION,SWAT_HRU_AREA_X_2019_CDL_CORN_FRACTION_WEIGHTED; inactive calendar groups contribute zero living-crop structure,DATED_FSPM_MAIZE_AREA_STATE_ACROSS_EXECUTED_SWAT_CALENDARS
2019-07-27,True,True,SWAT+ mgt_out.txt PLANT and HARV/KILL events by HRU,EXECUTED_SWAT_MANAGEMENT_EVENTS,FSPM grows each distinct HRU calendar separately; field playback is weighted over the mapped maize HRU area. Daily event timing is applied to the complete day.,maize,MULTIPLE_EXECUTED_SWAT_HRU_CALENDARS,REPRODUCTIVE,"volumetric percent [0, 100]",m2_leaf/m2_ground,fraction,m,mm/day,mm/day,mm/day,mm/day,"fraction [0, 1]",g/plant,g/plant,degC_day,degC_day,fraction,dimensionless,kg/ha/(MJ/m2),MODEL_BASE_PARAMETER,0.5,0.4991389845512067,0.023981698140073986,ASSUMED_PARAMETER_NOT_CALIBRATED,False,seeded truncated normal; sigma=0.025,0.05,2.0,0.0,2.0,MODEL_BASE_PARAMETER,40.0,40.10657730611137,1.982589383884093,ASSUMED_PARAMETER_NOT_CALIBRATED,False,seeded truncated normal; sigma=2.0 kg/ha/(MJ/m2),10.0,90.0,10.0,90.0,DERIVED_FSPM,SIMPLIFIED_FSPM maize population,3.0-simplified-fspm,unweighted population statistics,True,SIMPLIFIED_FSPM,15.479524543051134,26.82535290800392,0.6673823821377536,40.10657730611136,2.4023498644017223,1.199711948815239,0.0,0.8206459356633776,1449.9999999999998,0.8206459356633776,167.24094995944418,0.8206459356633776,2.4587709546232537,0.4991389845512067,1199.3810597986333,0.21305262184434412,0.6471747765678685,3.5773928374128285,3.5773928374128285,938.4034260234093,13.334495234039823,0.8202091843481463,0.8206459356633776,7000,1.0,7,7,DERIVED_SWAT_PROFILE_UNIFORM_ROOT_ZONE_APPROXIMATION,SWAT_HRU_AREA_X_2019_CDL_CORN_FRACTION_WEIGHTED; inactive calendar groups contribute zero living-crop structure,DATED_FSPM_MAIZE_AREA_STATE_ACROSS_EXECUTED_SWAT_CALENDARS
2019-07-28,True,True,SWAT+ mgt_out.txt PLANT and HARV/KILL events by HRU,EXECUTED_SWAT_MANAGEMENT_EVENTS,FSPM grows each distinct HRU calendar separately; field playback is weighted over the mapped maize HRU area. Daily event timing is applied to the complete day.,maize,MULTIPLE_EXECUTED_SWAT_HRU_CALENDARS,REPRODUCTIVE,"volumetric percent [0, 100]",m2_leaf/m2_ground,fraction,m,mm/day,mm/day,mm/day,mm/day,"fraction [0, 1]",g/plant,g/plant,degC_day,degC_day,fraction,dimensionless,kg/ha/(MJ/m2),MODEL_BASE_PARAMETER,0.5,0.4991389845512067,0.023981698140073986,ASSUMED_PARAMETER_NOT_CALIBRATED,False,seeded truncated normal; sigma=0.025,0.05,2.0,0.0,2.0,MODEL_BASE_PARAMETER,40.0,40.10657730611137,1.982589383884093,ASSUMED_PARAMETER_NOT_CALIBRATED,False,seeded truncated normal; sigma=2.0 kg/ha/(MJ/m2),10.0,90.0,10.0,90.0,DERIVED_FSPM,SIMPLIFIED_FSPM maize population,3.0-simplified-fspm,unweighted population statistics,True,SIMPLIFIED_FSPM,15.57054037577874,26.825258899060884,0.656225954632193,40.10657730611136,2.4148394732633247,1.1998952452312415,0.0,0.7657490680594461,1449.9999999999998,0.7657490680594461,171.886144911643,0.7657490680594461,2.251692994748816,0.4991389845512067,1199.711948815239,0.21853848604704568,0.6577749381888631,3.608877332706996,3.608877332706996,953.7736603738516,13.334035054857285,0.8225281765059581,0.7657490680594461,7000,1.0,7,7,DERIVED_SWAT_PROFILE_UNIFORM_ROOT_ZONE_APPROXIMATION,SWAT_HRU_AREA_X_2019_CDL_CORN_FRACTION_WEIGHTED; inactive calendar groups contribute zero living-crop structure,DATED_FSPM_MAIZE_AREA_STATE_ACROSS_EXECUTED_SWAT_CALENDARS
2019-07-29,True,True,SWAT+ mgt_out.txt PLANT and HARV/KILL events by HRU,EXECUTED_SWAT_MANAGEMENT_EVENTS,FSPM grows each distinct HRU calendar separately; field playback is weighted over the mapped maize HRU area. Daily event timing is applied to the complete day.,maize,MULTIPLE_EXECUTED_SWAT_HRU_CALENDARS,REPRODUCTIVE,"volumetric percent [0, 100]",m2_leaf/m2_ground,fraction,m,mm/day,mm/day,mm/day,mm/day,"fraction [0, 1]",g/plant,g/plant,degC_day,degC_day,fraction,dimensionless,kg/ha/(MJ/m2),MODEL_BASE_PARAMETER,0.5,0.4991389845512067,0.023981698140073986,ASSUMED_PARAMETER_NOT_CALIBRATED,False,seeded truncated normal; sigma=0.025,0.05,2.0,0.0,2.0,MODEL_BASE_PARAMETER,40.0,40.10657730611137,1.982589383884093,ASSUMED_PARAMETER_NOT_CALIBRATED,False,seeded truncated normal; sigma=2.0 kg/ha/(MJ/m2),10.0,90.0,10.0,90.0,DERIVED_FSPM,SIMPLIFIED_FSPM maize population,3.0-simplified-fspm,unweighted population statistics,True,SIMPLIFIED_FSPM,15.68979521040011,26.825202116389093,0.6428658805037311,40.10657730611136,2.4238886543025377,1.2000025986432203,0.0,0.8290906191307515,1449.9999999999998,0.8290906191307515,176.47033072492027,0.8290906191307515,2.317331335829507,0.4991389845512067,1199.8952452312412,0.22548934588559685,0.6656721963151864,3.642770590678232,3.642770590678232,965.2246846570204,13.333779922726603,0.8249431644050413,0.8290906191307515,7000,1.0,7,7,DERIVED_SWAT_PROFILE_UNIFORM_ROOT_ZONE_APPROXIMATION,SWAT_HRU_AREA_X_2019_CDL_CORN_FRACTION_WEIGHTED; inactive calendar groups contribute zero living-crop structure,DATED_FSPM_MAIZE_AREA_STATE_ACROSS_EXECUTED_SWAT_CALENDARS
2019-07-30,True,True,SWAT+ mgt_out.txt PLANT and HARV/KILL events by HRU,EXECUTED_SWAT_MANAGEMENT_EVENTS,FSPM grows each distinct HRU calendar separately; field playback is weighted over the mapped maize HRU area. Daily event timing is applied to the complete day.,maize,MULTIPLE_EXECUTED_SWAT_HRU_CALENDARS,REPRODUCTIVE,"volumetric percent [0, 100]",m2_leaf/m2_ground,fraction,m,mm/day,mm/day,mm/day,mm/day,"fraction [0, 1]",g/plant,g/plant,degC_day,degC_day,fraction,dimensionless,kg/ha/(MJ/m2),MODEL_BASE_PARAMETER,0.5,0.4991389845512067,0.023981698140073986,ASSUMED_PARAMETER_NOT_CALIBRATED,False,seeded truncated normal; sigma=0.025,0.05,2.0,0.0,2.0,MODEL_BASE_PARAMETER,40.0,40.10657730611137,1.982589383884093,ASSUMED_PARAMETER_NOT_CALIBRATED,False,seeded truncated normal; sigma=2.0 kg/ha/(MJ/m2),10.0,90.0,10.0,90.0,DERIVED_FSPM,SIMPLIFIED_FSPM maize population,3.0-simplified-fspm,unweighted population statistics,True,SIMPLIFIED_FSPM,15.447048200606817,26.825162869494463,0.66318965647116,40.10657730611136,2.431809849229783,1.2000832844765632,0.0,0.7834777747693902,1449.9999999999998,0.7834777747693902,178.77978249306642,0.7834777747693902,2.328985145537662,0.4991389845512067,1200.0025986432204,0.2134774154590676,0.6727411324203548,3.597506620349399,3.597506620349399,975.4746420095147,13.333628493540983,0.8216165070238366,0.7834777747693902,7000,1.0,7,7,DERIVED_SWAT_PROFILE_UNIFORM_ROOT_ZONE_APPROXIMATION,SWAT_HRU_AREA_X_2019_CDL_CORN_FRACTION_WEIGHTED; inactive calendar groups contribute zero living-crop structure,DATED_FSPM_MAIZE_AREA_STATE_ACROSS_EXECUTED_SWAT_CALENDARS
2019-07-31,True,True,SWAT+ mgt_out.txt PLANT and HARV/KILL events by HRU,EXECUTED_SWAT_MANAGEMENT_EVENTS,FSPM grows each distinct HRU calendar separately; field playback is weighted over the mapped maize HRU area. Daily event timing is applied to the complete day.,maize,MULTIPLE_EXECUTED_SWAT_HRU_CALENDARS,REPRODUCTIVE,"volumetric percent [0, 100]",m2_leaf/m2_ground,fraction,m,mm/day,mm/day,mm/day,mm/day,"fraction [0, 1]",g/plant,g/plant,degC_day,degC_day,fraction,dimensionless,kg/ha/(MJ/m2),MODEL_BASE_PARAMETER,0.5,0.4991389845512067,0.023981698140073986,ASSUMED_PARAMETER_NOT_CALIBRATED,False,seeded truncated normal; sigma=0.025,0.05,2.0,0.0,2.0,MODEL_BASE_PARAMETER,40.0,40.10657730611137,1.982589383884093,ASSUMED_PARAMETER_NOT_CALIBRATED,False,seeded truncated normal; sigma=2.0 kg/ha/(MJ/m2),10.0,90.0,10.0,90.0,DERIVED_FSPM,SIMPLIFIED_FSPM maize population,3.0-simplified-fspm,unweighted population statistics,True,SIMPLIFIED_FSPM,15.231502545059419,26.825136304863033,0.6811347853547024,40.10657730611136,2.4401739820907093,1.200141348723065,0.0,0.5702923131784035,1449.9999999999998,0.5702923131784035,181.34878263859022,0.5702923131784035,1.8144215117645093,0.4991389845512067,1200.0832844765632,0.202837416770799,0.6803742190257682,3.5561668497533967,3.5561668497533967,986.5426175873637,13.333514663654277,0.8185051255573922,0.5702923131784035,7000,1.0,7,7,DERIVED_SWAT_PROFILE_UNIFORM_ROOT_ZONE_APPROXIMATION,SWAT_HRU_AREA_X_2019_CDL_CORN_FRACTION_WEIGHTED; inactive calendar groups contribute zero living-crop structure,DATED_FSPM_MAIZE_AREA_STATE_ACROSS_EXECUTED_SWAT_CALENDARS
2019-08-01,True,True,SWAT+ mgt_out.txt PLANT and HARV/KILL events by HRU,EXECUTED_SWAT_MANAGEMENT_EVENTS,FSPM grows each distinct HRU calendar separately; field playback is weighted over the mapped maize HRU area. Daily event timing is applied to the complete day.,maize,MULTIPLE_EXECUTED_SWAT_HRU_CALENDARS,REPRODUCTIVE,"volumetric percent [0, 100]",m2_leaf/m2_ground,fraction,m,mm/day,mm/day,mm/day,mm/day,"fraction [0, 1]",g/plant,g/plant,degC_day,degC_day,fraction,dimensionless,kg/ha/(MJ/m2),MODEL_BASE_PARAMETER,0.5,0.4991389845512067,0.023981698140073986,ASSUMED_PARAMETER_NOT_CALIBRATED,False,seeded truncated normal; sigma=0.025,0.05,2.0,0.0,2.0,MODEL_BASE_PARAMETER,40.0,40.10657730611137,1.982589383884093,ASSUMED_PARAMETER_NOT_CALIBRATED,False,seeded truncated normal; sigma=2.0 kg/ha/(MJ/m2),10.0,90.0,10.0,90.0,DERIVED_FSPM,SIMPLIFIED_FSPM maize population,3.0-simplified-fspm,unweighted population statistics,True,SIMPLIFIED_FSPM,15.026769951851728,26.825121805735886,0.6982158030851151,40.10657730611136,2.449503072351352,1.2001791205775232,0.0,0.6683256263945222,1449.9999999999998,0.6683256263945222,182.76447988402091,0.6683256263945222,2.2199571993585137,0.4991389845512067,1200.1413487230652,0.19254658473072642,0.6890999459895472,3.513884799586689,3.513884799586689,999.1949216848435,13.333433378624418,0.8152162840115634,0.6683256263945222,7000,1.0,7,7,DERIVED_SWAT_PROFILE_UNIFORM_ROOT_ZONE_APPROXIMATION,SWAT_HRU_AREA_X_2019_CDL_CORN_FRACTION_WEIGHTED; inactive calendar groups contribute zero living-crop structure,DATED_FSPM_MAIZE_AREA_STATE_ACROSS_EXECUTED_SWAT_CALENDARS
2019-08-02,True,True,SWAT+ mgt_out.txt PLANT and HARV/KILL events by HRU,EXECUTED_SWAT_MANAGEMENT_EVENTS,FSPM grows each distinct HRU calendar separately; field playback is weighted over the mapped maize HRU area. Daily event timing is applied to the complete day.,maize,MULTIPLE_EXECUTED_SWAT_HRU_CALENDARS,REPRODUCTIVE,"volumetric percent [0, 100]",m2_leaf/m2_ground,fraction,m,mm/day,mm/day,mm/day,mm/day,"fraction [0, 1]",g/plant,g/plant,degC_day,degC_day,fraction,dimensionless,kg/ha/(MJ/m2),MODEL_BASE_PARAMETER,0.5,0.4991389845512067,0.023981698140073986,ASSUMED_PARAMETER_NOT_CALIBRATED,False,seeded truncated normal; sigma=0.025,0.05,2.0,0.0,2.0,MODEL_BASE_PARAMETER,40.0,40.10657730611137,1.982589383884093,ASSUMED_PARAMETER_NOT_CALIBRATED,False,seeded truncated normal; sigma=2.0 kg/ha/(MJ/m2),10.0,90.0,10.0,90.0,DERIVED_FSPM,SIMPLIFIED_FSPM maize population,3.0-simplified-fspm,unweighted population statistics,True,SIMPLIFIED_FSPM,14.811237119945995,26.82511513647386,0.7163847148433067,40.10657730611136,2.4591808521316283,1.2002032114260073,0.0,0.5562665553360856,1449.9999999999998,0.5562665553360856,184.69140049838487,0.5562665553360856,1.9890768860462247,0.4991389845512067,1200.1791205775232,0.18162556163234697,0.6984017066562365,3.463922310899286,3.463922310899286,1012.6824746515429,13.333382819973423,0.8111378468943709,0.5562665553360856,7000,1.0,7,7,DERIVED_SWAT_PROFILE_UNIFORM_ROOT_ZONE_APPROXIMATION,SWAT_HRU_AREA_X_2019_CDL_CORN_FRACTION_WEIGHTED; inactive calendar groups contribute zero living-crop structure,DATED_FSPM_MAIZE_AREA_STATE_ACROSS_EXECUTED_SWAT_CALENDARS
2019-08-03,True,True,SWAT+ mgt_out.txt PLANT and HARV/KILL events by HRU,EXECUTED_SWAT_MANAGEMENT_EVENTS,FSPM grows each distinct HRU calendar separately; field playback is weighted over the mapped maize HRU area. Daily event timing is applied to the complete day.,maize,MULTIPLE_EXECUTED_SWAT_HRU_CALENDARS,REPRODUCTIVE,"volumetric percent [0, 100]",m2_leaf/m2_ground,fraction,m,mm/day,mm/day,mm/day,mm/day,"fraction [0, 1]",g/plant,g/plant,degC_day,degC_day,fraction,dimensionless,kg/ha/(MJ/m2),MODEL_BASE_PARAMETER,0.5,0.4991389845512067,0.023981698140073986,ASSUMED_PARAMETER_NOT_CALIBRATED,False,seeded truncated normal; sigma=0.025,0.05,2.0,0.0,2.0,MODEL_BASE_PARAMETER,40.0,40.10657730611137,1.982589383884093,ASSUMED_PARAMETER_NOT_CALIBRATED,False,seeded truncated normal; sigma=2.0 kg/ha/(MJ/m2),10.0,90.0,10.0,90.0,DERIVED_FSPM,SIMPLIFIED_FSPM maize population,3.0-simplified-fspm,unweighted population statistics,True,SIMPLIFIED_FSPM,14.601135336112943,26.825108522166296,0.7346680157216742,40.10657730611136,2.468897326702206,1.200215807778756,0.0,0.5978232826858583,1449.9999999999998,0.5978232826858583,186.01836052477645,0.5978232826858583,2.2574831763961325,0.4991389845512067,1200.203211426007,0.17109587210570099,0.7080097322409995,3.4061256717721182,3.4061256717721182,1026.614111749449,13.333349701138964,0.8061875726012224,0.5978232826858583,7000,1.0,7,7,DERIVED_SWAT_PROFILE_UNIFORM_ROOT_ZONE_APPROXIMATION,SWAT_HRU_AREA_X_2019_CDL_CORN_FRACTION_WEIGHTED; inactive calendar groups contribute zero living-crop structure,DATED_FSPM_MAIZE_AREA_STATE_ACROSS_EXECUTED_SWAT_CALENDARS
2019-08-04,True,True,SWAT+ mgt_out.txt PLANT and HARV/KILL events by HRU,EXECUTED_SWAT_MANAGEMENT_EVENTS,FSPM grows each distinct HRU calendar separately; field playback is weighted over the mapped maize HRU area. Daily event timing is applied to the complete day.,maize,MULTIPLE_EXECUTED_SWAT_HRU_CALENDARS,REPRODUCTIVE,"volumetric percent [0, 100]",m2_leaf/m2_ground,fraction,m,mm/day,mm/day,mm/day,mm/day,"fraction [0, 1]",g/plant,g/plant,degC_day,degC_day,fraction,dimensionless,kg/ha/(MJ/m2),MODEL_BASE_PARAMETER,0.5,0.4991389845512067,0.023981698140073986,ASSUMED_PARAMETER_NOT_CALIBRATED,False,seeded truncated normal; sigma=0.025,0.05,2.0,0.0,2.0,MODEL_BASE_PARAMETER,40.0,40.10657730611137,1.982589383884093,ASSUMED_PARAMETER_NOT_CALIBRATED,False,seeded truncated normal; sigma=2.0 kg/ha/(MJ/m2),10.0,90.0,10.0,90.0,DERIVED_FSPM,SIMPLIFIED_FSPM maize population,3.0-simplified-fspm,unweighted population statistics,True,SIMPLIFIED_FSPM,14.405557196623622,26.825107575060564,0.7516160818824792,40.10657730611136,2.4793849633397627,1.2002181524912712,0.0,0.5764829008024882,1449.9999999999998,0.5764829008024882,187.86529444795556,0.5764829008024882,2.323563130160487,0.4991389845512067,1200.2158077787556,0.16179164735058585,0.7187019100701848,3.3397120605941386,3.3397120605941386,1042.1177696017678,13.333332654001117,0.8000842374051794,0.5764829008024882,7000,1.0,7,7,DERIVED_SWAT_PROFILE_UNIFORM_ROOT_ZONE_APPROXIMATION,SWAT_HRU_AREA_X_2019_CDL_CORN_FRACTION_WEIGHTED; inactive calendar groups contribute zero living-crop structure,DATED_FSPM_MAIZE_AREA_STATE_ACROSS_EXECUTED_SWAT_CALENDARS
2019-08-05,True,True,SWAT+ mgt_out.txt PLANT and HARV/KILL events by HRU,EXECUTED_SWAT_MANAGEMENT_EVENTS,FSPM grows each distinct HRU calendar separately; field playback is weighted over the mapped maize HRU area. Daily event timing is applied to the complete day.,maize,MULTIPLE_EXECUTED_SWAT_HRU_CALENDARS,REPRODUCTIVE,"volumetric percent [0, 100]",m2_leaf/m2_ground,fraction,m,mm/day,mm/day,mm/day,mm/day,"fraction [0, 1]",g/plant,g/plant,degC_day,degC_day,fraction,dimensionless,kg/ha/(MJ/m2),MODEL_BASE_PARAMETER,0.5,0.4991389845512067,0.023981698140073986,ASSUMED_PARAMETER_NOT_CALIBRATED,False,seeded truncated normal; sigma=0.025,0.05,2.0,0.0,2.0,MODEL_BASE_PARAMETER,40.0,40.10657730611137,1.982589383884093,ASSUMED_PARAMETER_NOT_CALIBRATED,False,seeded truncated normal; sigma=2.0 kg/ha/(MJ/m2),10.0,90.0,10.0,90.0,DERIVED_FSPM,SIMPLIFIED_FSPM maize population,3.0-simplified-fspm,unweighted population statistics,True,SIMPLIFIED_FSPM,14.456680291390922,26.825107861214562,0.7494982447530371,40.10657730611136,2.489295178366315,1.2002188215154959,0.04128789975243338,0.5296563034395065,1449.9999999999998,0.5296563034395065,191.43088411325175,0.5296563034395065,2.1162563738653297,0.4991389845512067,1200.2181524912712,0.1629297113573074,0.7291339753413516,3.306018003256421,3.306018003256421,1057.2442642449598,13.333329810040613,0.7962657694168996,0.5296563034395065,7000,1.0,7,7,DERIVED_SWAT_PROFILE_UNIFORM_ROOT_ZONE_APPROXIMATION,SWAT_HRU_AREA_X_2019_CDL_CORN_FRACTION_WEIGHTED; inactive calendar groups contribute zero living-crop structure,DATED_FSPM_MAIZE_AREA_STATE_ACROSS_EXECUTED_SWAT_CALENDARS
2019-08-06,True,True,SWAT+ mgt_out.txt PLANT and HARV/KILL events by HRU,EXECUTED_SWAT_MANAGEMENT_EVENTS,FSPM grows each distinct HRU calendar separately; field playback is weighted over the mapped maize HRU area. Daily event timing is applied to the complete day.,maize,MULTIPLE_EXECUTED_SWAT_HRU_CALENDARS,REPRODUCTIVE,"volumetric percent [0, 100]",m2_leaf/m2_ground,fraction,m,mm/day,mm/day,mm/day,mm/day,"fraction [0, 1]",g/plant,g/plant,degC_day,degC_day,fraction,dimensionless,kg/ha/(MJ/m2),MODEL_BASE_PARAMETER,0.5,0.4991389845512067,0.023981698140073986,ASSUMED_PARAMETER_NOT_CALIBRATED,False,seeded truncated normal; sigma=0.025,0.05,2.0,0.0,2.0,MODEL_BASE_PARAMETER,40.0,40.10657730611137,1.982589383884093,ASSUMED_PARAMETER_NOT_CALIBRATED,False,seeded truncated normal; sigma=2.0 kg/ha/(MJ/m2),10.0,90.0,10.0,90.0,DERIVED_FSPM,SIMPLIFIED_FSPM maize population,3.0-simplified-fspm,unweighted population statistics,True,SIMPLIFIED_FSPM,14.476091430415849,26.825107942862733,0.7496716100086431,40.10657730611136,2.498206892906688,1.2002188215154959,0.2432510137264287,0.5641384739385996,1449.9999999999998,0.5641384739385996,194.42930264865532,0.5641384739385996,2.253473505913209,0.4991389845512067,1200.218821515496,0.16259609080168896,0.7388031382906466,3.2589452341921863,3.2589452341921863,1071.2645505214373,13.333328998574816,0.7912043858866813,0.5641384739385996,7000,1.0,7,7,DERIVED_SWAT_PROFILE_UNIFORM_ROOT_ZONE_APPROXIMATION,SWAT_HRU_AREA_X_2019_CDL_CORN_FRACTION_WEIGHTED; inactive calendar groups contribute zero living-crop structure,DATED_FSPM_MAIZE_AREA_STATE_ACROSS_EXECUTED_SWAT_CALENDARS
2019-08-07,True,True,SWAT+ mgt_out.txt PLANT and HARV/KILL events by HRU,EXECUTED_SWAT_MANAGEMENT_EVENTS,FSPM grows each distinct HRU calendar separately; field playback is weighted over the mapped maize HRU area. Daily event timing is applied to the complete day.,maize,MULTIPLE_EXECUTED_SWAT_HRU_CALENDARS,REPRODUCTIVE,"volumetric percent [0, 100]",m2_leaf/m2_ground,fraction,m,mm/day,mm/day,mm/day,mm/day,"fraction [0, 1]",g/plant,g/plant,degC_day,degC_day,fraction,dimensionless,kg/ha/(MJ/m2),MODEL_BASE_PARAMETER,0.5,0.4991389845512067,0.023981698140073986,ASSUMED_PARAMETER_NOT_CALIBRATED,False,seeded truncated normal; sigma=0.025,0.05,2.0,0.0,2.0,MODEL_BASE_PARAMETER,40.0,40.10657730611137,1.982589383884093,ASSUMED_PARAMETER_NOT_CALIBRATED,False,seeded truncated normal; sigma=2.0 kg/ha/(MJ/m2),10.0,90.0,10.0,90.0,DERIVED_FSPM,SIMPLIFIED_FSPM maize population,3.0-simplified-fspm,unweighted population statistics,True,SIMPLIFIED_FSPM,14.236095962071463,26.825107942862733,0.7688957571162871,40.10657730611136,2.5078809676546525,1.2002188215154959,0.8811877578700114,0.5305643068930869,1449.9999999999998,0.5305643068930869,195.87626948381558,0.5305643068930869,2.3057561842786587,0.4991389845512067,1200.218821515496,0.1517883348031093,0.749630262922707,3.1528988765106916,3.1528988765106916,1086.963881237925,13.333328998574816,0.780561590211564,0.5305643068930869,7000,1.0,7,7,DERIVED_SWAT_PROFILE_UNIFORM_ROOT_ZONE_APPROXIMATION,SWAT_HRU_AREA_X_2019_CDL_CORN_FRACTION_WEIGHTED; inactive calendar groups contribute zero living-crop structure,DATED_FSPM_MAIZE_AREA_STATE_ACROSS_EXECUTED_SWAT_CALENDARS
2019-08-08,True,True,SWAT+ mgt_out.txt PLANT and HARV/KILL events by HRU,EXECUTED_SWAT_MANAGEMENT_EVENTS,FSPM grows each distinct HRU calendar separately; field playback is weighted over the mapped maize HRU area. Daily event timing is applied to the complete day.,maize,MULTIPLE_EXECUTED_SWAT_HRU_CALENDARS,REPRODUCTIVE,"volumetric percent [0, 100]",m2_leaf/m2_ground,fraction,m,mm/day,mm/day,mm/day,mm/day,"fraction [0, 1]",g/plant,g/plant,degC_day,degC_day,fraction,dimensionless,kg/ha/(MJ/m2),MODEL_BASE_PARAMETER,0.5,0.4991389845512067,0.023981698140073986,ASSUMED_PARAMETER_NOT_CALIBRATED,False,seeded truncated normal; sigma=0.025,0.05,2.0,0.0,2.0,MODEL_BASE_PARAMETER,40.0,40.10657730611137,1.982589383884093,ASSUMED_PARAMETER_NOT_CALIBRATED,False,seeded truncated normal; sigma=2.0 kg/ha/(MJ/m2),10.0,90.0,10.0,90.0,DERIVED_FSPM,SIMPLIFIED_FSPM maize population,3.0-simplified-fspm,unweighted population statistics,True,SIMPLIFIED_FSPM,14.016487485734112,26.825107942862733,0.7868505170015759,40.10657730611136,2.5143288538946718,1.2002188215154959,1.714011537017094,0.441569090301298,1449.9999999999998,0.441569090301298,197.31548727559183,0.441569090301298,2.076157315460736,0.4991389845512067,1200.218821515496,0.14257796952358562,0.7570491058004891,3.065295631538198,3.065295631538198,1097.7212034107094,13.333328998574816,0.7715044679350203,0.441569090301298,7000,1.0,7,7,DERIVED_SWAT_PROFILE_UNIFORM_ROOT_ZONE_APPROXIMATION,SWAT_HRU_AREA_X_2019_CDL_CORN_FRACTION_WEIGHTED; inactive calendar groups contribute zero living-crop structure,DATED_FSPM_MAIZE_AREA_STATE_ACROSS_EXECUTED_SWAT_CALENDARS
2019-08-09,True,True,SWAT+ mgt_out.txt PLANT and HARV/KILL events by HRU,EXECUTED_SWAT_MANAGEMENT_EVENTS,FSPM grows each distinct HRU calendar separately; field playback is weighted over the mapped maize HRU area. Daily event timing is applied to the complete day.,maize,MULTIPLE_EXECUTED_SWAT_HRU_CALENDARS,REPRODUCTIVE,"volumetric percent [0, 100]",m2_leaf/m2_ground,fraction,m,mm/day,mm/day,mm/day,mm/day,"fraction [0, 1]",g/plant,g/plant,degC_day,degC_day,fraction,dimensionless,kg/ha/(MJ/m2),MODEL_BASE_PARAMETER,0.5,0.4991389845512067,0.023981698140073986,ASSUMED_PARAMETER_NOT_CALIBRATED,False,seeded truncated normal; sigma=0.025,0.05,2.0,0.0,2.0,MODEL_BASE_PARAMETER,40.0,40.10657730611137,1.982589383884093,ASSUMED_PARAMETER_NOT_CALIBRATED,False,seeded truncated normal; sigma=2.0 kg/ha/(MJ/m2),10.0,90.0,10.0,90.0,DERIVED_FSPM,SIMPLIFIED_FSPM maize population,3.0-simplified-fspm,unweighted population statistics,True,SIMPLIFIED_FSPM,13.81342060967108,26.825107942862733,0.803612255686601,40.10657730611136,2.521503239067558,1.2002188215154959,2.996689686840267,0.426255959194369,1449.9999999999998,0.426255959194369,198.75314571626748,0.426255959194369,2.1794147500658476,0.4991389845512067,1200.218821515496,0.13401615700696995,0.7655027343564447,2.970731513125875,2.970731513125875,1109.9789648168448,13.333328998574816,0.761247128174275,0.426255959194369,7000,1.0,7,7,DERIVED_SWAT_PROFILE_UNIFORM_ROOT_ZONE_APPROXIMATION,SWAT_HRU_AREA_X_2019_CDL_CORN_FRACTION_WEIGHTED; inactive calendar groups contribute zero living-crop structure,DATED_FSPM_MAIZE_AREA_STATE_ACROSS_EXECUTED_SWAT_CALENDARS
2019-08-10,True,True,SWAT+ mgt_out.txt PLANT and HARV/KILL events by HRU,EXECUTED_SWAT_MANAGEMENT_EVENTS,FSPM grows each distinct HRU calendar separately; field playback is weighted over the mapped maize HRU area. Daily event timing is applied to the complete day.,maize,MULTIPLE_EXECUTED_SWAT_HRU_CALENDARS,REPRODUCTIVE,"volumetric percent [0, 100]",m2_leaf/m2_ground,fraction,m,mm/day,mm/day,mm/day,mm/day,"fraction [0, 1]",g/plant,g/plant,degC_day,degC_day,fraction,dimensionless,kg/ha/(MJ/m2),MODEL_BASE_PARAMETER,0.5,0.4991389845512067,0.023981698140073986,ASSUMED_PARAMETER_NOT_CALIBRATED,False,seeded truncated normal; sigma=0.025,0.05,2.0,0.0,2.0,MODEL_BASE_PARAMETER,40.0,40.10657730611137,1.982589383884093,ASSUMED_PARAMETER_NOT_CALIBRATED,False,seeded truncated normal; sigma=2.0 kg/ha/(MJ/m2),10.0,90.0,10.0,90.0,DERIVED_FSPM,SIMPLIFIED_FSPM maize population,3.0-simplified-fspm,unweighted population statistics,True,SIMPLIFIED_FSPM,13.640353439303755,26.825107942862733,0.8172040149159108,40.10657730611136,2.530222344975456,1.2002188215154959,5.656555004548185,0.35033776150883483,1449.9999999999998,0.35033776150883483,200.47652395833393,0.35033776150883483,1.9239923080601298,0.4991389845512067,1200.218821515496,0.12715302005282747,0.7760749356694359,2.8654117456571235,2.8654117456571235,1125.308656720682,13.333328998574816,0.7490697928182171,0.35033776150883483,7000,1.0,7,7,DERIVED_SWAT_PROFILE_UNIFORM_ROOT_ZONE_APPROXIMATION,SWAT_HRU_AREA_X_2019_CDL_CORN_FRACTION_WEIGHTED; inactive calendar groups contribute zero living-crop structure,DATED_FSPM_MAIZE_AREA_STATE_ACROSS_EXECUTED_SWAT_CALENDARS
2019-08-11,True,True,SWAT+ mgt_out.txt PLANT and HARV/KILL events by HRU,EXECUTED_SWAT_MANAGEMENT_EVENTS,FSPM grows each distinct HRU calendar separately; field playback is weighted over the mapped maize HRU area. Daily event timing is applied to the complete day.,maize,MULTIPLE_EXECUTED_SWAT_HRU_CALENDARS,REPRODUCTIVE,"volumetric percent [0, 100]",m2_leaf/m2_ground,fraction,m,mm/day,mm/day,mm/day,mm/day,"fraction [0, 1]",g/plant,g/plant,degC_day,degC_day,fraction,dimensionless,kg/ha/(MJ/m2),MODEL_BASE_PARAMETER,0.5,0.4991389845512067,0.023981698140073986,ASSUMED_PARAMETER_NOT_CALIBRATED,False,seeded truncated normal; sigma=0.025,0.05,2.0,0.0,2.0,MODEL_BASE_PARAMETER,40.0,40.10657730611137,1.982589383884093,ASSUMED_PARAMETER_NOT_CALIBRATED,False,seeded truncated normal; sigma=2.0 kg/ha/(MJ/m2),10.0,90.0,10.0,90.0,DERIVED_FSPM,SIMPLIFIED_FSPM maize population,3.0-simplified-fspm,unweighted population statistics,True,SIMPLIFIED_FSPM,13.519868377807484,26.825107942862733,0.8264418134483978,40.10657730611136,2.538343348452167,1.2002188215154959,9.815650696256832,0.35345596814573577,1449.9999999999998,0.35345596814573577,201.9449484007554,0.35345596814573577,2.0543628424543705,0.4991389845512067,1200.218821515496,0.12241753128707993,0.7862348164245656,2.7704761960408053,2.7704761960408053,1140.0404838156203,13.333328998574816,0.7374997763406005,0.35345596814573577,7000,1.0,7,7,DERIVED_SWAT_PROFILE_UNIFORM_ROOT_ZONE_APPROXIMATION,SWAT_HRU_AREA_X_2019_CDL_CORN_FRACTION_WEIGHTED; inactive calendar groups contribute zero living-crop structure,DATED_FSPM_MAIZE_AREA_STATE_ACROSS_EXECUTED_SWAT_CALENDARS
2019-08-12,True,True,SWAT+ mgt_out.txt PLANT and HARV/KILL events by HRU,EXECUTED_SWAT_MANAGEMENT_EVENTS,FSPM grows each distinct HRU calendar separately; field playback is weighted over the mapped maize HRU area. Daily event timing is applied to the complete day.,maize,MULTIPLE_EXECUTED_SWAT_HRU_CALENDARS,REPRODUCTIVE,"volumetric percent [0, 100]",m2_leaf/m2_ground,fraction,m,mm/day,mm/day,mm/day,mm/day,"fraction [0, 1]",g/plant,g/plant,degC_day,degC_day,fraction,dimensionless,kg/ha/(MJ/m2),MODEL_BASE_PARAMETER,0.5,0.4991389845512067,0.023981698140073986,ASSUMED_PARAMETER_NOT_CALIBRATED,False,seeded truncated normal; sigma=0.025,0.05,2.0,0.0,2.0,MODEL_BASE_PARAMETER,40.0,40.10657730611137,1.982589383884093,ASSUMED_PARAMETER_NOT_CALIBRATED,False,seeded truncated normal; sigma=2.0 kg/ha/(MJ/m2),10.0,90.0,10.0,90.0,DERIVED_FSPM,SIMPLIFIED_FSPM maize population,3.0-simplified-fspm,unweighted population statistics,True,SIMPLIFIED_FSPM,13.615049875990326,26.825107942862733,0.8202063792875366,40.10657730611136,2.5453205454064234,1.2002188215154959,15.393909345912837,0.2472519761227058,1449.9999999999998,0.2472519761227058,205.2057251005188,0.2472519761227058,1.3644569738474868,0.4991389845512067,1200.218821515496,0.12558727772746728,0.7952130180763333,2.7140278270075395,2.7140278270075395,1153.058876210683,13.333328998574816,0.7301153118548454,0.2472519761227058,7000,1.0,7,7,DERIVED_SWAT_PROFILE_UNIFORM_ROOT_ZONE_APPROXIMATION,SWAT_HRU_AREA_X_2019_CDL_CORN_FRACTION_WEIGHTED; inactive calendar groups contribute zero living-crop structure,DATED_FSPM_MAIZE_AREA_STATE_ACROSS_EXECUTED_SWAT_CALENDARS
2019-08-13,True,True,SWAT+ mgt_out.txt PLANT and HARV/KILL events by HRU,EXECUTED_SWAT_MANAGEMENT_EVENTS,FSPM grows each distinct HRU calendar separately; field playback is weighted over the mapped maize HRU area. Daily event timing is applied to the complete day.,maize,MULTIPLE_EXECUTED_SWAT_HRU_CALENDARS,REPRODUCTIVE,"volumetric percent [0, 100]",m2_leaf/m2_ground,fraction,m,mm/day,mm/day,mm/day,mm/day,"fraction [0, 1]",g/plant,g/plant,degC_day,degC_day,fraction,dimensionless,kg/ha/(MJ/m2),MODEL_BASE_PARAMETER,0.5,0.4991389845512067,0.023981698140073986,ASSUMED_PARAMETER_NOT_CALIBRATED,False,seeded truncated normal; sigma=0.025,0.05,2.0,0.0,2.0,MODEL_BASE_PARAMETER,40.0,40.10657730611137,1.982589383884093,ASSUMED_PARAMETER_NOT_CALIBRATED,False,seeded truncated normal; sigma=2.0 kg/ha/(MJ/m2),10.0,90.0,10.0,90.0,DERIVED_FSPM,SIMPLIFIED_FSPM maize population,3.0-simplified-fspm,unweighted population statistics,True,SIMPLIFIED_FSPM,13.64845153259089,26.825107942862733,0.8182186837713774,40.10657730611136,2.552436351272272,1.2002188215154959,23.623684079441016,0.38229008989638025,1449.9999999999998,0.38229008989638025,206.99121376531946,0.38229008989638025,2.1159859475467147,0.4991389845512067,1200.218821515496,0.12654603254815894,0.8046314462901069,2.6447900110332054,2.6447900110332054,1166.715597120655,13.333328998574816,0.7209405304958922,0.38229008989638025,7000,1.0,7,7,DERIVED_SWAT_PROFILE_UNIFORM_ROOT_ZONE_APPROXIMATION,SWAT_HRU_AREA_X_2019_CDL_CORN_FRACTION_WEIGHTED; inactive calendar groups contribute zero living-crop structure,DATED_FSPM_MAIZE_AREA_STATE_ACROSS_EXECUTED_SWAT_CALENDARS
2019-08-14,True,True,SWAT+ mgt_out.txt PLANT and HARV/KILL events by HRU,EXECUTED_SWAT_MANAGEMENT_EVENTS,FSPM grows each distinct HRU calendar separately; field playback is weighted over the mapped maize HRU area. Daily event timing is applied to the complete day.,maize,MULTIPLE_EXECUTED_SWAT_HRU_CALENDARS,REPRODUCTIVE,"volumetric percent [0, 100]",m2_leaf/m2_ground,fraction,m,mm/day,mm/day,mm/day,mm/day,"fraction [0, 1]",g/plant,g/plant,degC_day,degC_day,fraction,dimensionless,kg/ha/(MJ/m2),MODEL_BASE_PARAMETER,0.5,0.4991389845512067,0.023981698140073986,ASSUMED_PARAMETER_NOT_CALIBRATED,False,seeded truncated normal; sigma=0.025,0.05,2.0,0.0,2.0,MODEL_BASE_PARAMETER,40.0,40.10657730611137,1.982589383884093,ASSUMED_PARAMETER_NOT_CALIBRATED,False,seeded truncated normal; sigma=2.0 kg/ha/(MJ/m2),10.0,90.0,10.0,90.0,DERIVED_FSPM,SIMPLIFIED_FSPM maize population,3.0-simplified-fspm,unweighted population statistics,True,SIMPLIFIED_FSPM,13.455560244642683,26.825107942862733,0.8328119363931735,40.10657730611136,2.557496116560087,1.2002188215154959,30.19586689515018,0.3231811220350951,1449.9999999999998,0.3231811220350951,208.1551052217969,0.3231811220350951,1.9227155751548999,0.4991389845512067,1200.218821515496,0.11887686696005884,0.8114931041975043,2.5638569331935335,2.5638569331935335,1176.6650010863814,13.333328998574816,0.7103751996647674,0.3231811220350951,7000,1.0,7,7,DERIVED_SWAT_PROFILE_UNIFORM_ROOT_ZONE_APPROXIMATION,SWAT_HRU_AREA_X_2019_CDL_CORN_FRACTION_WEIGHTED; inactive calendar groups contribute zero living-crop structure,DATED_FSPM_MAIZE_AREA_STATE_ACROSS_EXECUTED_SWAT_CALENDARS
2019-08-15,True,True,SWAT+ mgt_out.txt PLANT and HARV/KILL events by HRU,EXECUTED_SWAT_MANAGEMENT_EVENTS,FSPM grows each distinct HRU calendar separately; field playback is weighted over the mapped maize HRU area. Daily event timing is applied to the complete day.,maize,MULTIPLE_EXECUTED_SWAT_HRU_CALENDARS,REPRODUCTIVE,"volumetric percent [0, 100]",m2_leaf/m2_ground,fraction,m,mm/day,mm/day,mm/day,mm/day,"fraction [0, 1]",g/plant,g/plant,degC_day,degC_day,fraction,dimensionless,kg/ha/(MJ/m2),MODEL_BASE_PARAMETER,0.5,0.4991389845512067,0.023981698140073986,ASSUMED_PARAMETER_NOT_CALIBRATED,False,seeded truncated normal; sigma=0.025,0.05,2.0,0.0,2.0,MODEL_BASE_PARAMETER,40.0,40.10657730611137,1.982589383884093,ASSUMED_PARAMETER_NOT_CALIBRATED,False,seeded truncated normal; sigma=2.0 kg/ha/(MJ/m2),10.0,90.0,10.0,90.0,DERIVED_FSPM,SIMPLIFIED_FSPM maize population,3.0-simplified-fspm,unweighted population statistics,True,SIMPLIFIED_FSPM,13.296474494898302,26.825107942862733,0.8448721601678232,40.10657730611136,2.5631053485861086,1.2002188215154959,38.80216462505379,0.3155331211258216,1449.9999999999998,0.3155331211258216,209.46910555790825,0.3155331211258216,2.034350849965623,0.4991389845512067,1200.218821515496,0.1127827018334043,0.8192708421987775,2.481474634894883,2.481474634894883,1187.9427211882276,13.333328998574816,0.6990874996338792,0.3155331211258216,7000,1.0,7,7,DERIVED_SWAT_PROFILE_UNIFORM_ROOT_ZONE_APPROXIMATION,SWAT_HRU_AREA_X_2019_CDL_CORN_FRACTION_WEIGHTED; inactive calendar groups contribute zero living-crop structure,DATED_FSPM_MAIZE_AREA_STATE_ACROSS_EXECUTED_SWAT_CALENDARS
2019-08-16,True,True,SWAT+ mgt_out.txt PLANT and HARV/KILL events by HRU,EXECUTED_SWAT_MANAGEMENT_EVENTS,FSPM grows each distinct HRU calendar separately; field playback is weighted over the mapped maize HRU area. Daily event timing is applied to the complete day.,maize,MULTIPLE_EXECUTED_SWAT_HRU_CALENDARS,REPRODUCTIVE,"volumetric percent [0, 100]",m2_leaf/m2_ground,fraction,m,mm/day,mm/day,mm/day,mm/day,"fraction [0, 1]",g/plant,g/plant,degC_day,degC_day,fraction,dimensionless,kg/ha/(MJ/m2),MODEL_BASE_PARAMETER,0.5,0.4991389845512067,0.023981698140073986,ASSUMED_PARAMETER_NOT_CALIBRATED,False,seeded truncated normal; sigma=0.025,0.05,2.0,0.0,2.0,MODEL_BASE_PARAMETER,40.0,40.10657730611137,1.982589383884093,ASSUMED_PARAMETER_NOT_CALIBRATED,False,seeded truncated normal; sigma=2.0 kg/ha/(MJ/m2),10.0,90.0,10.0,90.0,DERIVED_FSPM,SIMPLIFIED_FSPM maize population,3.0-simplified-fspm,unweighted population statistics,True,SIMPLIFIED_FSPM,13.147901173823158,26.825107942862733,0.8564307662502225,40.10657730611136,2.568764810231913,1.2002188215154959,48.378650010885565,0.28500775314527665,1449.9999999999998,0.28500775314527665,210.84120495877747,0.28500775314527665,1.9826433537341641,0.4991389845512067,1200.218821515496,0.10662543970157223,0.8273099644883294,2.3990241376021486,2.3990241376021486,1199.5994485080778,13.333328998574816,0.6872552359409569,0.28500775314527665,7000,1.0,7,7,DERIVED_SWAT_PROFILE_UNIFORM_ROOT_ZONE_APPROXIMATION,SWAT_HRU_AREA_X_2019_CDL_CORN_FRACTION_WEIGHTED; inactive calendar groups contribute zero living-crop structure,DATED_FSPM_MAIZE_AREA_STATE_ACROSS_EXECUTED_SWAT_CALENDARS
2019-08-17,True,True,SWAT+ mgt_out.txt PLANT and HARV/KILL events by HRU,EXECUTED_SWAT_MANAGEMENT_EVENTS,FSPM grows each distinct HRU calendar separately; field playback is weighted over the mapped maize HRU area. Daily event timing is applied to the complete day.,maize,MULTIPLE_EXECUTED_SWAT_HRU_CALENDARS,MATURITY,"volumetric percent [0, 100]",m2_leaf/m2_ground,fraction,m,mm/day,mm/day,mm/day,mm/day,"fraction [0, 1]",g/plant,g/plant,degC_day,degC_day,fraction,dimensionless,kg/ha/(MJ/m2),MODEL_BASE_PARAMETER,0.5,0.4991389845512067,0.023981698140073986,ASSUMED_PARAMETER_NOT_CALIBRATED,False,seeded truncated normal; sigma=0.025,0.05,2.0,0.0,2.0,MODEL_BASE_PARAMETER,40.0,40.10657730611137,1.982589383884093,ASSUMED_PARAMETER_NOT_CALIBRATED,False,seeded truncated normal; sigma=2.0 kg/ha/(MJ/m2),10.0,90.0,10.0,90.0,DERIVED_FSPM,SIMPLIFIED_FSPM maize population,3.0-simplified-fspm,unweighted population statistics,True,SIMPLIFIED_FSPM,13.347993923105554,26.825107942862733,0.8433886758489941,40.10657730611136,2.5750075356059354,1.2002188215154959,60.54240493877305,0.32461326877818464,1449.9999999999998,0.32461326877818464,214.7641007422978,0.32461326877818464,2.0677938067451196,0.4991389845512067,1200.218821515496,0.11321031955327608,0.8364090805515202,2.3521914838688813,2.3521914838688813,1212.7931667997045,13.333328998574816,0.679629558082654,0.32461326877818464,7000,1.0,7,7,DERIVED_SWAT_PROFILE_UNIFORM_ROOT_ZONE_APPROXIMATION,SWAT_HRU_AREA_X_2019_CDL_CORN_FRACTION_WEIGHTED; inactive calendar groups contribute zero living-crop structure,DATED_FSPM_MAIZE_AREA_STATE_ACROSS_EXECUTED_SWAT_CALENDARS
2019-08-18,True,True,SWAT+ mgt_out.txt PLANT and HARV/KILL events by HRU,EXECUTED_SWAT_MANAGEMENT_EVENTS,FSPM grows each distinct HRU calendar separately; field playback is weighted over the mapped maize HRU area. Daily event timing is applied to the complete day.,maize,MULTIPLE_EXECUTED_SWAT_HRU_CALENDARS,MATURITY,"volumetric percent [0, 100]",m2_leaf/m2_ground,fraction,m,mm/day,mm/day,mm/day,mm/day,"fraction [0, 1]",g/plant,g/plant,degC_day,degC_day,fraction,dimensionless,kg/ha/(MJ/m2),MODEL_BASE_PARAMETER,0.5,0.4991389845512067,0.023981698140073986,ASSUMED_PARAMETER_NOT_CALIBRATED,False,seeded truncated normal; sigma=0.025,0.05,2.0,0.0,2.0,MODEL_BASE_PARAMETER,40.0,40.10657730611137,1.982589383884093,ASSUMED_PARAMETER_NOT_CALIBRATED,False,seeded truncated normal; sigma=2.0 kg/ha/(MJ/m2),10.0,90.0,10.0,90.0,DERIVED_FSPM,SIMPLIFIED_FSPM maize population,3.0-simplified-fspm,unweighted population statistics,True,SIMPLIFIED_FSPM,13.529949694958109,26.825107942862733,0.8303825029339398,40.10657730611136,2.580534874283015,1.2002188215154959,72.75019081804913,0.33387777533902513,1449.9999999999998,0.33387777533902513,218.72129150489914,0.33387777533902513,1.9765968952046753,0.4991389845512067,1200.218821515496,0.11969360600858513,0.8446810014531072,2.3104333544660602,2.3104333544660602,1224.7874521070057,13.333328998574816,0.6726302200523815,0.33387777533902513,7000,1.0,7,7,DERIVED_SWAT_PROFILE_UNIFORM_ROOT_ZONE_APPROXIMATION,SWAT_HRU_AREA_X_2019_CDL_CORN_FRACTION_WEIGHTED; inactive calendar groups contribute zero living-crop structure,DATED_FSPM_MAIZE_AREA_STATE_ACROSS_EXECUTED_SWAT_CALENDARS
2019-08-19,True,True,SWAT+ mgt_out.txt PLANT and HARV/KILL events by HRU,EXECUTED_SWAT_MANAGEMENT_EVENTS,FSPM grows each distinct HRU calendar separately; field playback is weighted over the mapped maize HRU area. Daily event timing is applied to the complete day.,maize,MULTIPLE_EXECUTED_SWAT_HRU_CALENDARS,MATURITY,"volumetric percent [0, 100]",m2_leaf/m2_ground,fraction,m,mm/day,mm/day,mm/day,mm/day,"fraction [0, 1]",g/plant,g/plant,degC_day,degC_day,fraction,dimensionless,kg/ha/(MJ/m2),MODEL_BASE_PARAMETER,0.5,0.4991389845512067,0.023981698140073986,ASSUMED_PARAMETER_NOT_CALIBRATED,False,seeded truncated normal; sigma=0.025,0.05,2.0,0.0,2.0,MODEL_BASE_PARAMETER,40.0,40.10657730611137,1.982589383884093,ASSUMED_PARAMETER_NOT_CALIBRATED,False,seeded truncated normal; sigma=2.0 kg/ha/(MJ/m2),10.0,90.0,10.0,90.0,DERIVED_FSPM,SIMPLIFIED_FSPM maize population,3.0-simplified-fspm,unweighted population statistics,True,SIMPLIFIED_FSPM,14.53340612157041,26.825107942862733,0.7587959392008555,40.10657730611136,2.5862711822339826,1.2002188215154959,86.31931353020978,0.4971082289300817,1449.9999999999998,0.4971082289300817,229.24331485708822,0.4971082289300817,2.067311375245189,0.4991389845512067,1200.218821515496,0.15544170235525928,0.8534871595622543,2.3587466074527224,2.3587466074527224,1237.5563813652686,13.333328998574816,0.678090725342176,0.4971082289300817,7000,1.0,7,7,DERIVED_SWAT_PROFILE_UNIFORM_ROOT_ZONE_APPROXIMATION,SWAT_HRU_AREA_X_2019_CDL_CORN_FRACTION_WEIGHTED; inactive calendar groups contribute zero living-crop structure,DATED_FSPM_MAIZE_AREA_STATE_ACROSS_EXECUTED_SWAT_CALENDARS
2019-08-20,True,True,SWAT+ mgt_out.txt PLANT and HARV/KILL events by HRU,EXECUTED_SWAT_MANAGEMENT_EVENTS,FSPM grows each distinct HRU calendar separately; field playback is weighted over the mapped maize HRU area. Daily event timing is applied to the complete day.,maize,MULTIPLE_EXECUTED_SWAT_HRU_CALENDARS,MATURITY,"volumetric percent [0, 100]",m2_leaf/m2_ground,fraction,m,mm/day,mm/day,mm/day,mm/day,"fraction [0, 1]",g/plant,g/plant,degC_day,degC_day,fraction,dimensionless,kg/ha/(MJ/m2),MODEL_BASE_PARAMETER,0.5,0.4991389845512067,0.023981698140073986,ASSUMED_PARAMETER_NOT_CALIBRATED,False,seeded truncated normal; sigma=0.025,0.05,2.0,0.0,2.0,MODEL_BASE_PARAMETER,40.0,40.10657730611137,1.982589383884093,ASSUMED_PARAMETER_NOT_CALIBRATED,False,seeded truncated normal; sigma=2.0 kg/ha/(MJ/m2),10.0,90.0,10.0,90.0,DERIVED_FSPM,SIMPLIFIED_FSPM maize population,3.0-simplified-fspm,unweighted population statistics,True,SIMPLIFIED_FSPM,15.534440315426433,26.825107942862733,0.6799198523348654,40.10657730611136,2.593314675150851,1.2002188215154959,101.71064083069989,0.659867937240551,1449.9999999999998,0.659867937240551,240.79806117744215,0.659867937240551,2.062966728036501,0.4991389845512067,1200.218821515496,0.19709420011941284,0.8646293203098657,2.3902720859987467,2.3902720859987467,1253.7125144493054,13.333328998574816,0.6812849123587963,0.659867937240551,7000,1.0,7,7,DERIVED_SWAT_PROFILE_UNIFORM_ROOT_ZONE_APPROXIMATION,SWAT_HRU_AREA_X_2019_CDL_CORN_FRACTION_WEIGHTED; inactive calendar groups contribute zero living-crop structure,DATED_FSPM_MAIZE_AREA_STATE_ACROSS_EXECUTED_SWAT_CALENDARS
2019-08-21,True,True,SWAT+ mgt_out.txt PLANT and HARV/KILL events by HRU,EXECUTED_SWAT_MANAGEMENT_EVENTS,FSPM grows each distinct HRU calendar separately; field playback is weighted over the mapped maize HRU area. Daily event timing is applied to the complete day.,maize,MULTIPLE_EXECUTED_SWAT_HRU_CALENDARS,MATURITY,"volumetric percent [0, 100]",m2_leaf/m2_ground,fraction,m,mm/day,mm/day,mm/day,mm/day,"fraction [0, 1]",g/plant,g/plant,degC_day,degC_day,fraction,dimensionless,kg/ha/(MJ/m2),MODEL_BASE_PARAMETER,0.5,0.4991389845512067,0.023981698140073986,ASSUMED_PARAMETER_NOT_CALIBRATED,False,seeded truncated normal; sigma=0.025,0.05,2.0,0.0,2.0,MODEL_BASE_PARAMETER,40.0,40.10657730611137,1.982589383884093,ASSUMED_PARAMETER_NOT_CALIBRATED,False,seeded truncated normal; sigma=2.0 kg/ha/(MJ/m2),10.0,90.0,10.0,90.0,DERIVED_FSPM,SIMPLIFIED_FSPM maize population,3.0-simplified-fspm,unweighted population statistics,True,SIMPLIFIED_FSPM,15.378601363486649,26.825107942862733,0.6935643767134826,40.10657730611136,2.597198178372404,1.2002188215154959,106.63995052974373,0.4010380805447761,1449.9999999999998,0.4010380805447761,241.7862500523982,0.4010380805447761,1.30105098680776,0.4991389845512067,1200.218821515496,0.18994141058291542,0.8709379787478578,2.315075809435628,2.315075809435628,1262.8601396040767,13.333328998574816,0.6698631006402351,0.4010380805447761,7000,1.0,7,7,DERIVED_SWAT_PROFILE_UNIFORM_ROOT_ZONE_APPROXIMATION,SWAT_HRU_AREA_X_2019_CDL_CORN_FRACTION_WEIGHTED; inactive calendar groups contribute zero living-crop structure,DATED_FSPM_MAIZE_AREA_STATE_ACROSS_EXECUTED_SWAT_CALENDARS
2019-08-22,True,True,SWAT+ mgt_out.txt PLANT and HARV/KILL events by HRU,EXECUTED_SWAT_MANAGEMENT_EVENTS,FSPM grows each distinct HRU calendar separately; field playback is weighted over the mapped maize HRU area. Daily event timing is applied to the complete day.,maize,MULTIPLE_EXECUTED_SWAT_HRU_CALENDARS,MATURITY,"volumetric percent [0, 100]",m2_leaf/m2_ground,fraction,m,mm/day,mm/day,mm/day,mm/day,"fraction [0, 1]",g/plant,g/plant,degC_day,degC_day,fraction,dimensionless,kg/ha/(MJ/m2),MODEL_BASE_PARAMETER,0.5,0.4991389845512067,0.023981698140073986,ASSUMED_PARAMETER_NOT_CALIBRATED,False,seeded truncated normal; sigma=0.025,0.05,2.0,0.0,2.0,MODEL_BASE_PARAMETER,40.0,40.10657730611137,1.982589383884093,ASSUMED_PARAMETER_NOT_CALIBRATED,False,seeded truncated normal; sigma=2.0 kg/ha/(MJ/m2),10.0,90.0,10.0,90.0,DERIVED_FSPM,SIMPLIFIED_FSPM maize population,3.0-simplified-fspm,unweighted population statistics,True,SIMPLIFIED_FSPM,15.217108810800102,26.825107942862733,0.7075764953213743,40.10657730611136,2.6014684597168314,1.2002188215154959,110.95949299376727,0.5690368515897322,1449.9999999999998,0.5690368515897322,241.82049353670206,0.5690368515897322,1.9529749155286182,0.4991389845512067,1200.218821515496,0.18240548146238425,0.8780129645917221,2.2336495348985084,2.2336495348985084,1273.1219106220244,13.333328998574816,0.6570251635539962,0.5690368515897322,7000,1.0,7,7,DERIVED_SWAT_PROFILE_UNIFORM_ROOT_ZONE_APPROXIMATION,SWAT_HRU_AREA_X_2019_CDL_CORN_FRACTION_WEIGHTED; inactive calendar groups contribute zero living-crop structure,DATED_FSPM_MAIZE_AREA_STATE_ACROSS_EXECUTED_SWAT_CALENDARS
2019-08-23,True,True,SWAT+ mgt_out.txt PLANT and HARV/KILL events by HRU,EXECUTED_SWAT_MANAGEMENT_EVENTS,FSPM grows each distinct HRU calendar separately; field playback is weighted over the mapped maize HRU area. Daily event timing is applied to the complete day.,maize,MULTIPLE_EXECUTED_SWAT_HRU_CALENDARS,MATURITY,"volumetric percent [0, 100]",m2_leaf/m2_ground,fraction,m,mm/day,mm/day,mm/day,mm/day,"fraction [0, 1]",g/plant,g/plant,degC_day,degC_day,fraction,dimensionless,kg/ha/(MJ/m2),MODEL_BASE_PARAMETER,0.5,0.4991389845512067,0.023981698140073986,ASSUMED_PARAMETER_NOT_CALIBRATED,False,seeded truncated normal; sigma=0.025,0.05,2.0,0.0,2.0,MODEL_BASE_PARAMETER,40.0,40.10657730611137,1.982589383884093,ASSUMED_PARAMETER_NOT_CALIBRATED,False,seeded truncated normal; sigma=2.0 kg/ha/(MJ/m2),10.0,90.0,10.0,90.0,DERIVED_FSPM,SIMPLIFIED_FSPM maize population,3.0-simplified-fspm,unweighted population statistics,True,SIMPLIFIED_FSPM,15.01031023717894,26.825107942862733,0.7250328481169505,40.10657730611136,2.605890017420868,1.2002188215154959,114.54603035248833,0.5422960842508457,1449.9999999999998,0.5422960842508457,242.39842721208393,0.5422960842508457,1.9776922040407086,0.4991389845512067,1200.218821515496,0.17282208677412259,0.8854967343828736,2.1448001182529848,2.1448001182529848,1283.9817912837232,13.333328998574816,0.6424801255243262,0.5422960842508457,7000,1.0,7,7,DERIVED_SWAT_PROFILE_UNIFORM_ROOT_ZONE_APPROXIMATION,SWAT_HRU_AREA_X_2019_CDL_CORN_FRACTION_WEIGHTED; inactive calendar groups contribute zero living-crop structure,DATED_FSPM_MAIZE_AREA_STATE_ACROSS_EXECUTED_SWAT_CALENDARS
2019-08-24,True,True,SWAT+ mgt_out.txt PLANT and HARV/KILL events by HRU,EXECUTED_SWAT_MANAGEMENT_EVENTS,FSPM grows each distinct HRU calendar separately; field playback is weighted over the mapped maize HRU area. Daily event timing is applied to the complete day.,maize,MULTIPLE_EXECUTED_SWAT_HRU_CALENDARS,MATURITY,"volumetric percent [0, 100]",m2_leaf/m2_ground,fraction,m,mm/day,mm/day,mm/day,mm/day,"fraction [0, 1]",g/plant,g/plant,degC_day,degC_day,fraction,dimensionless,kg/ha/(MJ/m2),MODEL_BASE_PARAMETER,0.5,0.4991389845512067,0.023981698140073986,ASSUMED_PARAMETER_NOT_CALIBRATED,False,seeded truncated normal; sigma=0.025,0.05,2.0,0.0,2.0,MODEL_BASE_PARAMETER,40.0,40.10657730611137,1.982589383884093,ASSUMED_PARAMETER_NOT_CALIBRATED,False,seeded truncated normal; sigma=2.0 kg/ha/(MJ/m2),10.0,90.0,10.0,90.0,DERIVED_FSPM,SIMPLIFIED_FSPM maize population,3.0-simplified-fspm,unweighted population statistics,True,SIMPLIFIED_FSPM,14.781568504403202,26.825107942862733,0.7437447074628623,40.10657730611136,2.6099925280004244,1.2002188215154959,116.89556708723138,0.4730544334084974,1449.9999999999998,0.4730544334084974,242.71652388525345,0.4730544334084974,1.8462734474407705,0.4991389845512067,1200.218821515496,0.16224479329790525,0.8925834918639688,2.058755212829968,2.058755212829968,1294.2812600238553,13.333328998574816,0.6278424780449818,0.4730544334084974,7000,1.0,7,7,DERIVED_SWAT_PROFILE_UNIFORM_ROOT_ZONE_APPROXIMATION,SWAT_HRU_AREA_X_2019_CDL_CORN_FRACTION_WEIGHTED; inactive calendar groups contribute zero living-crop structure,DATED_FSPM_MAIZE_AREA_STATE_ACROSS_EXECUTED_SWAT_CALENDARS
2019-08-25,True,True,SWAT+ mgt_out.txt PLANT and HARV/KILL events by HRU,EXECUTED_SWAT_MANAGEMENT_EVENTS,FSPM grows each distinct HRU calendar separately; field playback is weighted over the mapped maize HRU area. Daily event timing is applied to the complete day.,maize,MULTIPLE_EXECUTED_SWAT_HRU_CALENDARS,MATURITY,"volumetric percent [0, 100]",m2_leaf/m2_ground,fraction,m,mm/day,mm/day,mm/day,mm/day,"fraction [0, 1]",g/plant,g/plant,degC_day,degC_day,fraction,dimensionless,kg/ha/(MJ/m2),MODEL_BASE_PARAMETER,0.5,0.4991389845512067,0.023981698140073986,ASSUMED_PARAMETER_NOT_CALIBRATED,False,seeded truncated normal; sigma=0.025,0.05,2.0,0.0,2.0,MODEL_BASE_PARAMETER,40.0,40.10657730611137,1.982589383884093,ASSUMED_PARAMETER_NOT_CALIBRATED,False,seeded truncated normal; sigma=2.0 kg/ha/(MJ/m2),10.0,90.0,10.0,90.0,DERIVED_FSPM,SIMPLIFIED_FSPM maize population,3.0-simplified-fspm,unweighted population statistics,True,SIMPLIFIED_FSPM,14.582619268582574,26.825107942862733,0.759840990946577,40.10657730611136,2.6139602857758564,1.2002188215154959,118.69877588471431,0.40440026512294724,1449.9999999999998,0.40440026512294724,243.07960771992504,0.40440026512294724,1.6891104508677426,0.4991389845512067,1200.218821515496,0.15361674551312313,0.8995636144983402,1.978291831434618,1.978291831434618,1304.4518378645053,13.333328998574816,0.6135847649927578,0.40440026512294724,7000,1.0,7,7,DERIVED_SWAT_PROFILE_UNIFORM_ROOT_ZONE_APPROXIMATION,SWAT_HRU_AREA_X_2019_CDL_CORN_FRACTION_WEIGHTED; inactive calendar groups contribute zero living-crop structure,DATED_FSPM_MAIZE_AREA_STATE_ACROSS_EXECUTED_SWAT_CALENDARS
2019-08-26,True,True,SWAT+ mgt_out.txt PLANT and HARV/KILL events by HRU,EXECUTED_SWAT_MANAGEMENT_EVENTS,FSPM grows each distinct HRU calendar separately; field playback is weighted over the mapped maize HRU area. Daily event timing is applied to the complete day.,maize,MULTIPLE_EXECUTED_SWAT_HRU_CALENDARS,MATURITY,"volumetric percent [0, 100]",m2_leaf/m2_ground,fraction,m,mm/day,mm/day,mm/day,mm/day,"fraction [0, 1]",g/plant,g/plant,degC_day,degC_day,fraction,dimensionless,kg/ha/(MJ/m2),MODEL_BASE_PARAMETER,0.5,0.4991389845512067,0.023981698140073986,ASSUMED_PARAMETER_NOT_CALIBRATED,False,seeded truncated normal; sigma=0.025,0.05,2.0,0.0,2.0,MODEL_BASE_PARAMETER,40.0,40.10657730611137,1.982589383884093,ASSUMED_PARAMETER_NOT_CALIBRATED,False,seeded truncated normal; sigma=2.0 kg/ha/(MJ/m2),10.0,90.0,10.0,90.0,DERIVED_FSPM,SIMPLIFIED_FSPM maize population,3.0-simplified-fspm,unweighted population statistics,True,SIMPLIFIED_FSPM,14.445986028862489,26.825107942862733,0.770608810956791,40.10657730611136,2.6176799180290007,1.2002188215154959,120.14382123018694,0.3057018479128977,1449.9999999999998,0.3057018479128977,243.76549462116327,0.3057018479128977,1.34437747791364,0.4991389845512067,1200.218821515496,0.14838550085300795,0.9062176007958422,1.9087003983197723,1.9087003983197723,1314.1886298051895,13.333328998574816,0.6006687019367691,0.3057018479128977,7000,1.0,7,7,DERIVED_SWAT_PROFILE_UNIFORM_ROOT_ZONE_APPROXIMATION,SWAT_HRU_AREA_X_2019_CDL_CORN_FRACTION_WEIGHTED; inactive calendar groups contribute zero living-crop structure,DATED_FSPM_MAIZE_AREA_STATE_ACROSS_EXECUTED_SWAT_CALENDARS
2019-08-27,True,True,SWAT+ mgt_out.txt PLANT and HARV/KILL events by HRU,EXECUTED_SWAT_MANAGEMENT_EVENTS,FSPM grows each distinct HRU calendar separately; field playback is weighted over the mapped maize HRU area. Daily event timing is applied to the complete day.,maize,MULTIPLE_EXECUTED_SWAT_HRU_CALENDARS,MATURITY,"volumetric percent [0, 100]",m2_leaf/m2_ground,fraction,m,mm/day,mm/day,mm/day,mm/day,"fraction [0, 1]",g/plant,g/plant,degC_day,degC_day,fraction,dimensionless,kg/ha/(MJ/m2),MODEL_BASE_PARAMETER,0.5,0.4991389845512067,0.023981698140073986,ASSUMED_PARAMETER_NOT_CALIBRATED,False,seeded truncated normal; sigma=0.025,0.05,2.0,0.0,2.0,MODEL_BASE_PARAMETER,40.0,40.10657730611137,1.982589383884093,ASSUMED_PARAMETER_NOT_CALIBRATED,False,seeded truncated normal; sigma=2.0 kg/ha/(MJ/m2),10.0,90.0,10.0,90.0,DERIVED_FSPM,SIMPLIFIED_FSPM maize population,3.0-simplified-fspm,unweighted population statistics,True,SIMPLIFIED_FSPM,14.282895454486068,26.825107942862733,0.7844136143675204,40.10657730611136,2.621260616154628,1.2002188215154959,120.75784522120121,0.40666978601081344,1449.9999999999998,0.40666978601081344,243.5324866100791,0.40666978601081344,1.8925983642058972,0.4991389845512067,1200.218821515496,0.1415122880317683,0.912714534671511,1.8369476451903932,1.8369476451903932,1323.7539522510815,13.333328998574816,0.5869323903719025,0.40666978601081344,7000,1.0,7,7,DERIVED_SWAT_PROFILE_UNIFORM_ROOT_ZONE_APPROXIMATION,SWAT_HRU_AREA_X_2019_CDL_CORN_FRACTION_WEIGHTED; inactive calendar groups contribute zero living-crop structure,DATED_FSPM_MAIZE_AREA_STATE_ACROSS_EXECUTED_SWAT_CALENDARS
2019-08-28,True,True,SWAT+ mgt_out.txt PLANT and HARV/KILL events by HRU,EXECUTED_SWAT_MANAGEMENT_EVENTS,FSPM grows each distinct HRU calendar separately; field playback is weighted over the mapped maize HRU area. Daily event timing is applied to the complete day.,maize,MULTIPLE_EXECUTED_SWAT_HRU_CALENDARS,MATURITY,"volumetric percent [0, 100]",m2_leaf/m2_ground,fraction,m,mm/day,mm/day,mm/day,mm/day,"fraction [0, 1]",g/plant,g/plant,degC_day,degC_day,fraction,dimensionless,kg/ha/(MJ/m2),MODEL_BASE_PARAMETER,0.5,0.4991389845512067,0.023981698140073986,ASSUMED_PARAMETER_NOT_CALIBRATED,False,seeded truncated normal; sigma=0.025,0.05,2.0,0.0,2.0,MODEL_BASE_PARAMETER,40.0,40.10657730611137,1.982589383884093,ASSUMED_PARAMETER_NOT_CALIBRATED,False,seeded truncated normal; sigma=2.0 kg/ha/(MJ/m2),10.0,90.0,10.0,90.0,DERIVED_FSPM,SIMPLIFIED_FSPM maize population,3.0-simplified-fspm,unweighted population statistics,True,SIMPLIFIED_FSPM,14.906797022585886,27.007275607215153,0.766983441368904,40.10657730611137,2.623684995298542,1.2002188215154963,124.90369184687073,0.44157498342830603,1449.9999999999998,0.44157498342830603,251.1443913274775,0.44157498342830603,1.8994292666893886,0.49913898455120675,1200.218821515496,0.15687458469131801,0.9171464230488188,1.5333948809619495,1.5333948809619495,1330.3045461667095,13.677259405381648,0.4919704325477492,0.44157498342830603,6000,0.8423154056236705,6,7,DERIVED_SWAT_PROFILE_UNIFORM_ROOT_ZONE_APPROXIMATION,SWAT_HRU_AREA_X_2019_CDL_CORN_FRACTION_WEIGHTED; inactive calendar groups contribute zero living-crop structure,DATED_FSPM_MAIZE_AREA_STATE_ACROSS_EXECUTED_SWAT_CALENDARS
2019-08-29,True,True,SWAT+ mgt_out.txt PLANT and HARV/KILL events by HRU,EXECUTED_SWAT_MANAGEMENT_EVENTS,FSPM grows each distinct HRU calendar separately; field playback is weighted over the mapped maize HRU area. Daily event timing is applied to the complete day.,maize,MULTIPLE_EXECUTED_SWAT_HRU_CALENDARS,MATURITY,"volumetric percent [0, 100]",m2_leaf/m2_ground,fraction,m,mm/day,mm/day,mm/day,mm/day,"fraction [0, 1]",g/plant,g/plant,degC_day,degC_day,fraction,dimensionless,kg/ha/(MJ/m2),MODEL_BASE_PARAMETER,0.5,0.4991389845512067,0.023981698140073986,ASSUMED_PARAMETER_NOT_CALIBRATED,False,seeded truncated normal; sigma=0.025,0.05,2.0,0.0,2.0,MODEL_BASE_PARAMETER,40.0,40.10657730611137,1.982589383884093,ASSUMED_PARAMETER_NOT_CALIBRATED,False,seeded truncated normal; sigma=2.0 kg/ha/(MJ/m2),10.0,90.0,10.0,90.0,DERIVED_FSPM,SIMPLIFIED_FSPM maize population,3.0-simplified-fspm,unweighted population statistics,True,SIMPLIFIED_FSPM,16.41464967884242,27.282850248581873,0.7087078762409561,40.10657730611137,2.625631743337311,1.200218821515496,133.38041781531456,0.5392760910910939,1450.0,0.5392760910910939,267.70563236486,0.5392760910910939,1.8575607697899392,0.4991389845512067,1200.2188215154958,0.20013588499926924,0.9207236622497024,1.1568121101532738,1.1568121101532738,1335.6081048330627,14.229359674844947,0.3687427149977047,0.5392760910910939,5000,0.6224300421714204,5,7,DERIVED_SWAT_PROFILE_UNIFORM_ROOT_ZONE_APPROXIMATION,SWAT_HRU_AREA_X_2019_CDL_CORN_FRACTION_WEIGHTED; inactive calendar groups contribute zero living-crop structure,DATED_FSPM_MAIZE_AREA_STATE_ACROSS_EXECUTED_SWAT_CALENDARS
2019-08-30,True,True,SWAT+ mgt_out.txt PLANT and HARV/KILL events by HRU,EXECUTED_SWAT_MANAGEMENT_EVENTS,FSPM grows each distinct HRU calendar separately; field playback is weighted over the mapped maize HRU area. Daily event timing is applied to the complete day.,maize,MULTIPLE_EXECUTED_SWAT_HRU_CALENDARS,MATURITY,"volumetric percent [0, 100]",m2_leaf/m2_ground,fraction,m,mm/day,mm/day,mm/day,mm/day,"fraction [0, 1]",g/plant,g/plant,degC_day,degC_day,fraction,dimensionless,kg/ha/(MJ/m2),MODEL_BASE_PARAMETER,0.5,0.4991389845512067,0.023981698140073986,ASSUMED_PARAMETER_NOT_CALIBRATED,False,seeded truncated normal; sigma=0.025,0.05,2.0,0.0,2.0,MODEL_BASE_PARAMETER,40.0,40.10657730611137,1.982589383884093,ASSUMED_PARAMETER_NOT_CALIBRATED,False,seeded truncated normal; sigma=2.0 kg/ha/(MJ/m2),10.0,90.0,10.0,90.0,DERIVED_FSPM,SIMPLIFIED_FSPM maize population,3.0-simplified-fspm,unweighted population statistics,True,SIMPLIFIED_FSPM,16.900139543624622,27.712351189689294,0.7279247475856401,40.10657730611136,2.6273136740437844,1.2002188215154959,133.41670941817367,0.4916629012898212,1449.9999999999998,0.4916629012898212,267.54272512363127,0.4916629012898212,1.8113062496069536,0.4991389845512067,1200.218821515496,0.17286108058540062,0.9238467919899173,0.7846510982947174,0.7846510982947174,1340.2781363193762,14.9467088328115,0.251933076892131,0.4916629012898212,4000,0.4333028235026349,4,7,DERIVED_SWAT_PROFILE_UNIFORM_ROOT_ZONE_APPROXIMATION,SWAT_HRU_AREA_X_2019_CDL_CORN_FRACTION_WEIGHTED; inactive calendar groups contribute zero living-crop structure,DATED_FSPM_MAIZE_AREA_STATE_ACROSS_EXECUTED_SWAT_CALENDARS
2019-08-31,True,True,SWAT+ mgt_out.txt PLANT and HARV/KILL events by HRU,EXECUTED_SWAT_MANAGEMENT_EVENTS,FSPM grows each distinct HRU calendar separately; field playback is weighted over the mapped maize HRU area. Daily event timing is applied to the complete day.,maize,MULTIPLE_EXECUTED_SWAT_HRU_CALENDARS,MATURITY,"volumetric percent [0, 100]",m2_leaf/m2_ground,fraction,m,mm/day,mm/day,mm/day,mm/day,"fraction [0, 1]",g/plant,g/plant,degC_day,degC_day,fraction,dimensionless,kg/ha/(MJ/m2),MODEL_BASE_PARAMETER,0.5,0.4991389845512067,0.023981698140073986,ASSUMED_PARAMETER_NOT_CALIBRATED,False,seeded truncated normal; sigma=0.025,0.05,2.0,0.0,2.0,MODEL_BASE_PARAMETER,40.0,40.10657730611137,1.982589383884093,ASSUMED_PARAMETER_NOT_CALIBRATED,False,seeded truncated normal; sigma=2.0 kg/ha/(MJ/m2),10.0,90.0,10.0,90.0,DERIVED_FSPM,SIMPLIFIED_FSPM maize population,3.0-simplified-fspm,unweighted population statistics,True,SIMPLIFIED_FSPM,19.584216283412623,27.693526709589488,0.3729146073712383,40.10657730611137,2.623620916450988,1.200218821515496,162.96098949633486,0.46635987953817065,1450.0,0.46635987953817065,327.13034624979963,0.46635987953817065,0.7441391397743583,0.4991389845512067,1200.218821515496,0.3663508266219571,0.9169849554164655,0.2684262831669084,0.2684262831669084,1330.0242489108532,14.895734544967258,0.07826292630401495,0.46635987953817065,3000,0.11638739686696599,3,7,DERIVED_SWAT_PROFILE_UNIFORM_ROOT_ZONE_APPROXIMATION,SWAT_HRU_AREA_X_2019_CDL_CORN_FRACTION_WEIGHTED; inactive calendar groups contribute zero living-crop structure,DATED_FSPM_MAIZE_AREA_STATE_ACROSS_EXECUTED_SWAT_CALENDARS
2019-09-01,True,True,SWAT+ mgt_out.txt PLANT and HARV/KILL events by HRU,EXECUTED_SWAT_MANAGEMENT_EVENTS,FSPM grows each distinct HRU calendar separately; field playback is weighted over the mapped maize HRU area. Daily event timing is applied to the complete day.,maize,MULTIPLE_EXECUTED_SWAT_HRU_CALENDARS,MATURITY,"volumetric percent [0, 100]",m2_leaf/m2_ground,fraction,m,mm/day,mm/day,mm/day,mm/day,"fraction [0, 1]",g/plant,g/plant,degC_day,degC_day,fraction,dimensionless,kg/ha/(MJ/m2),MODEL_BASE_PARAMETER,0.5,0.4991389845512067,0.023981698140073986,ASSUMED_PARAMETER_NOT_CALIBRATED,False,seeded truncated normal; sigma=0.025,0.05,2.0,0.0,2.0,MODEL_BASE_PARAMETER,40.0,40.10657730611137,1.982589383884093,ASSUMED_PARAMETER_NOT_CALIBRATED,False,seeded truncated normal; sigma=2.0 kg/ha/(MJ/m2),10.0,90.0,10.0,90.0,DERIVED_FSPM,SIMPLIFIED_FSPM maize population,3.0-simplified-fspm,unweighted population statistics,True,SIMPLIFIED_FSPM,20.358364905370447,27.693526709589484,0.26884045010943103,40.10657730611136,2.625935647148617,1.2002188215154959,171.5977550159438,1.1097787726968893,1449.9999999999998,1.1097787726968893,344.0209736923986,1.1097787726968893,1.5181998690637815,0.4991389845512067,1200.218821515496,0.4268416215965664,0.9212580892044792,0.18284538206254053,0.18284538206254053,1336.3797453826414,14.89573454496726,0.052634352909923486,1.1097787726968893,2000,0.07670247937581215,2,7,DERIVED_SWAT_PROFILE_UNIFORM_ROOT_ZONE_APPROXIMATION,SWAT_HRU_AREA_X_2019_CDL_CORN_FRACTION_WEIGHTED; inactive calendar groups contribute zero living-crop structure,DATED_FSPM_MAIZE_AREA_STATE_ACROSS_EXECUTED_SWAT_CALENDARS
2019-09-02,True,True,SWAT+ mgt_out.txt PLANT and HARV/KILL events by HRU,EXECUTED_SWAT_MANAGEMENT_EVENTS,FSPM grows each distinct HRU calendar separately; field playback is weighted over the mapped maize HRU area. Daily event timing is applied to the complete day.,maize,corn-2019-05-16-to-2019-09-03-07,MATURITY,"volumetric percent [0, 100]",m2_leaf/m2_ground,fraction,m,mm/day,mm/day,mm/day,mm/day,"fraction [0, 1]",g/plant,g/plant,degC_day,degC_day,fraction,dimensionless,kg/ha/(MJ/m2),MODEL_BASE_PARAMETER,0.5,0.4991389845512067,0.023981698140073986,ASSUMED_PARAMETER_NOT_CALIBRATED,False,seeded truncated normal; sigma=0.025,0.05,2.0,0.0,2.0,MODEL_BASE_PARAMETER,40.0,40.10657730611137,1.982589383884093,ASSUMED_PARAMETER_NOT_CALIBRATED,False,seeded truncated normal; sigma=2.0 kg/ha/(MJ/m2),10.0,90.0,10.0,90.0,DERIVED_FSPM,SIMPLIFIED_FSPM maize population,3.0-simplified-fspm,unweighted population statistics,True,SIMPLIFIED_FSPM,19.986,27.693526709589488,0.316675407,40.10657730611137,2.628346733277581,1.200218821515496,169.54526857349262,1.3583459624585672,1450.0,1.3583459624585672,339.38463447503534,1.3583459624585672,1.9875305284379294,0.49913898455120675,1200.218821515496,0.3977455946740636,0.9257259476383842,0.08324181894086818,0.08324181894086818,1343.0399377037827,14.895734544967262,0.024479090366703034,1.3583459624585672,1000,0.036563335807554186,1,7,DERIVED_SWAT_PROFILE_UNIFORM_ROOT_ZONE_APPROXIMATION,SWAT_HRU_AREA_X_2019_CDL_CORN_FRACTION_WEIGHTED; inactive calendar groups contribute zero living-crop structure,DATED_FSPM_MAIZE_AREA_STATE_ACROSS_EXECUTED_SWAT_CALENDARS
2019-09-03,True,True,SWAT+ mgt_out.txt PLANT and HARV/KILL events by HRU,EXECUTED_SWAT_MANAGEMENT_EVENTS,FSPM grows each distinct HRU calendar separately; field playback is weighted over the mapped maize HRU area. Daily event timing is applied to the complete day.,maize,corn-2019-05-16-to-2019-09-03-07,MATURITY,"volumetric percent [0, 100]",m2_leaf/m2_ground,fraction,m,mm/day,mm/day,mm/day,mm/day,"fraction [0, 1]",g/plant,g/plant,degC_day,degC_day,fraction,dimensionless,kg/ha/(MJ/m2),MODEL_BASE_PARAMETER,0.5,0.4991389845512067,0.023981698140073986,ASSUMED_PARAMETER_NOT_CALIBRATED,False,seeded truncated normal; sigma=0.025,0.05,2.0,0.0,2.0,MODEL_BASE_PARAMETER,40.0,40.10657730611137,1.982589383884093,ASSUMED_PARAMETER_NOT_CALIBRATED,False,seeded truncated normal; sigma=2.0 kg/ha/(MJ/m2),10.0,90.0,10.0,90.0,DERIVED_FSPM,SIMPLIFIED_FSPM maize population,3.0-simplified-fspm,unweighted population statistics,True,SIMPLIFIED_FSPM,19.88055,27.693526709589488,0.330620307,40.10657730611137,2.6319339646701754,1.200218821515496,170.1605597175399,1.113636745407499,1450.0,1.113636745407499,340.3211194350798,1.113636745407499,1.6633895252724071,0.49913898455120675,1200.218821515496,0.38950589218135523,0.9324620708139949,0.07989529495054074,0.07989529495054074,1353.2217021790366,14.895734544967262,0.023922746945743503,1.113636745407499,1000,0.036563335807554186,1,7,DERIVED_SWAT_PROFILE_UNIFORM_ROOT_ZONE_APPROXIMATION,SWAT_HRU_AREA_X_2019_CDL_CORN_FRACTION_WEIGHTED; inactive calendar groups contribute zero living-crop structure,DATED_FSPM_MAIZE_AREA_STATE_ACROSS_EXECUTED_SWAT_CALENDARS
2019-09-04,False,False,SWAT+ mgt_out.txt executed crop calendar,NO_ACTIVE_EXECUTED_CROP_CALENDAR,No maize cohort is within its executed SWAT+ plant-to-harvest interval; no plant state is emitted,,,,,,,,,,,,,,,,,,,,,,,,,,,,,,,,,,,,,,,,,,,,,,,,,,,,,,,,,,,,,,,,,,,,,,,,,,,,,
2019-09-05,False,False,SWAT+ mgt_out.txt executed crop calendar,NO_ACTIVE_EXECUTED_CROP_CALENDAR,No maize cohort is within its executed SWAT+ plant-to-harvest interval; no plant state is emitted,,,,,,,,,,,,,,,,,,,,,,,,,,,,,,,,,,,,,,,,,,,,,,,,,,,,,,,,,,,,,,,,,,,,,,,,,,,,,
2019-09-06,False,False,SWAT+ mgt_out.txt executed crop calendar,NO_ACTIVE_EXECUTED_CROP_CALENDAR,No maize cohort is within its executed SWAT+ plant-to-harvest interval; no plant state is emitted,,,,,,,,,,,,,,,,,,,,,,,,,,,,,,,,,,,,,,,,,,,,,,,,,,,,,,,,,,,,,,,,,,,,,,,,,,,,,
2019-09-07,False,False,SWAT+ mgt_out.txt executed crop calendar,NO_ACTIVE_EXECUTED_CROP_CALENDAR,No maize cohort is within its executed SWAT+ plant-to-harvest interval; no plant state is emitted,,,,,,,,,,,,,,,,,,,,,,,,,,,,,,,,,,,,,,,,,,,,,,,,,,,,,,,,,,,,,,,,,,,,,,,,,,,,,
2019-09-08,False,False,SWAT+ mgt_out.txt executed crop calendar,NO_ACTIVE_EXECUTED_CROP_CALENDAR,No maize cohort is within its executed SWAT+ plant-to-harvest interval; no plant state is emitted,,,,,,,,,,,,,,,,,,,,,,,,,,,,,,,,,,,,,,,,,,,,,,,,,,,,,,,,,,,,,,,,,,,,,,,,,,,,,
2019-09-09,False,False,SWAT+ mgt_out.txt executed crop calendar,NO_ACTIVE_EXECUTED_CROP_CALENDAR,No maize cohort is within its executed SWAT+ plant-to-harvest interval; no plant state is emitted,,,,,,,,,,,,,,,,,,,,,,,,,,,,,,,,,,,,,,,,,,,,,,,,,,,,,,,,,,,,,,,,,,,,,,,,,,,,,
2019-09-10,False,False,SWAT+ mgt_out.txt executed crop calendar,NO_ACTIVE_EXECUTED_CROP_CALENDAR,No maize cohort is within its executed SWAT+ plant-to-harvest interval; no plant state is emitted,,,,,,,,,,,,,,,,,,,,,,,,,,,,,,,,,,,,,,,,,,,,,,,,,,,,,,,,,,,,,,,,,,,,,,,,,,,,,
2019-09-11,False,False,SWAT+ mgt_out.txt executed crop calendar,NO_ACTIVE_EXECUTED_CROP_CALENDAR,No maize cohort is within its executed SWAT+ plant-to-harvest interval; no plant state is emitted,,,,,,,,,,,,,,,,,,,,,,,,,,,,,,,,,,,,,,,,,,,,,,,,,,,,,,,,,,,,,,,,,,,,,,,,,,,,,
2019-09-12,False,False,SWAT+ mgt_out.txt executed crop calendar,NO_ACTIVE_EXECUTED_CROP_CALENDAR,No maize cohort is within its executed SWAT+ plant-to-harvest interval; no plant state is emitted,,,,,,,,,,,,,,,,,,,,,,,,,,,,,,,,,,,,,,,,,,,,,,,,,,,,,,,,,,,,,,,,,,,,,,,,,,,,,
2019-09-13,False,False,SWAT+ mgt_out.txt executed crop calendar,NO_ACTIVE_EXECUTED_CROP_CALENDAR,No maize cohort is within its executed SWAT+ plant-to-harvest interval; no plant state is emitted,,,,,,,,,,,,,,,,,,,,,,,,,,,,,,,,,,,,,,,,,,,,,,,,,,,,,,,,,,,,,,,,,,,,,,,,,,,,,
2019-09-14,False,False,SWAT+ mgt_out.txt executed crop calendar,NO_ACTIVE_EXECUTED_CROP_CALENDAR,No maize cohort is within its executed SWAT+ plant-to-harvest interval; no plant state is emitted,,,,,,,,,,,,,,,,,,,,,,,,,,,,,,,,,,,,,,,,,,,,,,,,,,,,,,,,,,,,,,,,,,,,,,,,,,,,,
2019-09-15,False,False,SWAT+ mgt_out.txt executed crop calendar,NO_ACTIVE_EXECUTED_CROP_CALENDAR,No maize cohort is within its executed SWAT+ plant-to-harvest interval; no plant state is emitted,,,,,,,,,,,,,,,,,,,,,,,,,,,,,,,,,,,,,,,,,,,,,,,,,,,,,,,,,,,,,,,,,,,,,,,,,,,,,
2019-09-16,False,False,SWAT+ mgt_out.txt executed crop calendar,NO_ACTIVE_EXECUTED_CROP_CALENDAR,No maize cohort is within its executed SWAT+ plant-to-harvest interval; no plant state is emitted,,,,,,,,,,,,,,,,,,,,,,,,,,,,,,,,,,,,,,,,,,,,,,,,,,,,,,,,,,,,,,,,,,,,,,,,,,,,,
2019-09-17,False,False,SWAT+ mgt_out.txt executed crop calendar,NO_ACTIVE_EXECUTED_CROP_CALENDAR,No maize cohort is within its executed SWAT+ plant-to-harvest interval; no plant state is emitted,,,,,,,,,,,,,,,,,,,,,,,,,,,,,,,,,,,,,,,,,,,,,,,,,,,,,,,,,,,,,,,,,,,,,,,,,,,,,
2019-09-18,False,False,SWAT+ mgt_out.txt executed crop calendar,NO_ACTIVE_EXECUTED_CROP_CALENDAR,No maize cohort is within its executed SWAT+ plant-to-harvest interval; no plant state is emitted,,,,,,,,,,,,,,,,,,,,,,,,,,,,,,,,,,,,,,,,,,,,,,,,,,,,,,,,,,,,,,,,,,,,,,,,,,,,,
2019-09-19,False,False,SWAT+ mgt_out.txt executed crop calendar,NO_ACTIVE_EXECUTED_CROP_CALENDAR,No maize cohort is within its executed SWAT+ plant-to-harvest interval; no plant state is emitted,,,,,,,,,,,,,,,,,,,,,,,,,,,,,,,,,,,,,,,,,,,,,,,,,,,,,,,,,,,,,,,,,,,,,,,,,,,,,
2019-09-20,False,False,SWAT+ mgt_out.txt executed crop calendar,NO_ACTIVE_EXECUTED_CROP_CALENDAR,No maize cohort is within its executed SWAT+ plant-to-harvest interval; no plant state is emitted,,,,,,,,,,,,,,,,,,,,,,,,,,,,,,,,,,,,,,,,,,,,,,,,,,,,,,,,,,,,,,,,,,,,,,,,,,,,,
2019-09-21,False,False,SWAT+ mgt_out.txt executed crop calendar,NO_ACTIVE_EXECUTED_CROP_CALENDAR,No maize cohort is within its executed SWAT+ plant-to-harvest interval; no plant state is emitted,,,,,,,,,,,,,,,,,,,,,,,,,,,,,,,,,,,,,,,,,,,,,,,,,,,,,,,,,,,,,,,,,,,,,,,,,,,,,
2019-09-22,False,False,SWAT+ mgt_out.txt executed crop calendar,NO_ACTIVE_EXECUTED_CROP_CALENDAR,No maize cohort is within its executed SWAT+ plant-to-harvest interval; no plant state is emitted,,,,,,,,,,,,,,,,,,,,,,,,,,,,,,,,,,,,,,,,,,,,,,,,,,,,,,,,,,,,,,,,,,,,,,,,,,,,,
2019-09-23,False,False,SWAT+ mgt_out.txt executed crop calendar,NO_ACTIVE_EXECUTED_CROP_CALENDAR,No maize cohort is within its executed SWAT+ plant-to-harvest interval; no plant state is emitted,,,,,,,,,,,,,,,,,,,,,,,,,,,,,,,,,,,,,,,,,,,,,,,,,,,,,,,,,,,,,,,,,,,,,,,,,,,,,
2019-09-24,False,False,SWAT+ mgt_out.txt executed crop calendar,NO_ACTIVE_EXECUTED_CROP_CALENDAR,No maize cohort is within its executed SWAT+ plant-to-harvest interval; no plant state is emitted,,,,,,,,,,,,,,,,,,,,,,,,,,,,,,,,,,,,,,,,,,,,,,,,,,,,,,,,,,,,,,,,,,,,,,,,,,,,,
2019-09-25,False,False,SWAT+ mgt_out.txt executed crop calendar,NO_ACTIVE_EXECUTED_CROP_CALENDAR,No maize cohort is within its executed SWAT+ plant-to-harvest interval; no plant state is emitted,,,,,,,,,,,,,,,,,,,,,,,,,,,,,,,,,,,,,,,,,,,,,,,,,,,,,,,,,,,,,,,,,,,,,,,,,,,,,
2019-09-26,False,False,SWAT+ mgt_out.txt executed crop calendar,NO_ACTIVE_EXECUTED_CROP_CALENDAR,No maize cohort is within its executed SWAT+ plant-to-harvest interval; no plant state is emitted,,,,,,,,,,,,,,,,,,,,,,,,,,,,,,,,,,,,,,,,,,,,,,,,,,,,,,,,,,,,,,,,,,,,,,,,,,,,,
2019-09-27,False,False,SWAT+ mgt_out.txt executed crop calendar,NO_ACTIVE_EXECUTED_CROP_CALENDAR,No maize cohort is within its executed SWAT+ plant-to-harvest interval; no plant state is emitted,,,,,,,,,,,,,,,,,,,,,,,,,,,,,,,,,,,,,,,,,,,,,,,,,,,,,,,,,,,,,,,,,,,,,,,,,,,,,
2019-09-28,False,False,SWAT+ mgt_out.txt executed crop calendar,NO_ACTIVE_EXECUTED_CROP_CALENDAR,No maize cohort is within its executed SWAT+ plant-to-harvest interval; no plant state is emitted,,,,,,,,,,,,,,,,,,,,,,,,,,,,,,,,,,,,,,,,,,,,,,,,,,,,,,,,,,,,,,,,,,,,,,,,,,,,,
2019-09-29,False,False,SWAT+ mgt_out.txt executed crop calendar,NO_ACTIVE_EXECUTED_CROP_CALENDAR,No maize cohort is within its executed SWAT+ plant-to-harvest interval; no plant state is emitted,,,,,,,,,,,,,,,,,,,,,,,,,,,,,,,,,,,,,,,,,,,,,,,,,,,,,,,,,,,,,,,,,,,,,,,,,,,,,
2019-09-30,False,False,SWAT+ mgt_out.txt executed crop calendar,NO_ACTIVE_EXECUTED_CROP_CALENDAR,No maize cohort is within its executed SWAT+ plant-to-harvest interval; no plant state is emitted,,,,,,,,,,,,,,,,,,,,,,,,,,,,,,,,,,,,,,,,,,,,,,,,,,,,,,,,,,,,,,,,,,,,,,,,,,,,,
2019-10-01,False,False,SWAT+ mgt_out.txt executed crop calendar,NO_ACTIVE_EXECUTED_CROP_CALENDAR,No maize cohort is within its executed SWAT+ plant-to-harvest interval; no plant state is emitted,,,,,,,,,,,,,,,,,,,,,,,,,,,,,,,,,,,,,,,,,,,,,,,,,,,,,,,,,,,,,,,,,,,,,,,,,,,,,
2019-10-02,False,False,SWAT+ mgt_out.txt executed crop calendar,NO_ACTIVE_EXECUTED_CROP_CALENDAR,No maize cohort is within its executed SWAT+ plant-to-harvest interval; no plant state is emitted,,,,,,,,,,,,,,,,,,,,,,,,,,,,,,,,,,,,,,,,,,,,,,,,,,,,,,,,,,,,,,,,,,,,,,,,,,,,,
2019-10-03,False,False,SWAT+ mgt_out.txt executed crop calendar,NO_ACTIVE_EXECUTED_CROP_CALENDAR,No maize cohort is within its executed SWAT+ plant-to-harvest interval; no plant state is emitted,,,,,,,,,,,,,,,,,,,,,,,,,,,,,,,,,,,,,,,,,,,,,,,,,,,,,,,,,,,,,,,,,,,,,,,,,,,,,
2019-10-04,False,False,SWAT+ mgt_out.txt executed crop calendar,NO_ACTIVE_EXECUTED_CROP_CALENDAR,No maize cohort is within its executed SWAT+ plant-to-harvest interval; no plant state is emitted,,,,,,,,,,,,,,,,,,,,,,,,,,,,,,,,,,,,,,,,,,,,,,,,,,,,,,,,,,,,,,,,,,,,,,,,,,,,,
2019-10-05,False,False,SWAT+ mgt_out.txt executed crop calendar,NO_ACTIVE_EXECUTED_CROP_CALENDAR,No maize cohort is within its executed SWAT+ plant-to-harvest interval; no plant state is emitted,,,,,,,,,,,,,,,,,,,,,,,,,,,,,,,,,,,,,,,,,,,,,,,,,,,,,,,,,,,,,,,,,,,,,,,,,,,,,
2019-10-06,False,False,SWAT+ mgt_out.txt executed crop calendar,NO_ACTIVE_EXECUTED_CROP_CALENDAR,No maize cohort is within its executed SWAT+ plant-to-harvest interval; no plant state is emitted,,,,,,,,,,,,,,,,,,,,,,,,,,,,,,,,,,,,,,,,,,,,,,,,,,,,,,,,,,,,,,,,,,,,,,,,,,,,,
2019-10-07,False,False,SWAT+ mgt_out.txt executed crop calendar,NO_ACTIVE_EXECUTED_CROP_CALENDAR,No maize cohort is within its executed SWAT+ plant-to-harvest interval; no plant state is emitted,,,,,,,,,,,,,,,,,,,,,,,,,,,,,,,,,,,,,,,,,,,,,,,,,,,,,,,,,,,,,,,,,,,,,,,,,,,,,
2019-10-08,False,False,SWAT+ mgt_out.txt executed crop calendar,NO_ACTIVE_EXECUTED_CROP_CALENDAR,No maize cohort is within its executed SWAT+ plant-to-harvest interval; no plant state is emitted,,,,,,,,,,,,,,,,,,,,,,,,,,,,,,,,,,,,,,,,,,,,,,,,,,,,,,,,,,,,,,,,,,,,,,,,,,,,,
2019-10-09,False,False,SWAT+ mgt_out.txt executed crop calendar,NO_ACTIVE_EXECUTED_CROP_CALENDAR,No maize cohort is within its executed SWAT+ plant-to-harvest interval; no plant state is emitted,,,,,,,,,,,,,,,,,,,,,,,,,,,,,,,,,,,,,,,,,,,,,,,,,,,,,,,,,,,,,,,,,,,,,,,,,,,,,
2019-10-10,False,False,SWAT+ mgt_out.txt executed crop calendar,NO_ACTIVE_EXECUTED_CROP_CALENDAR,No maize cohort is within its executed SWAT+ plant-to-harvest interval; no plant state is emitted,,,,,,,,,,,,,,,,,,,,,,,,,,,,,,,,,,,,,,,,,,,,,,,,,,,,,,,,,,,,,,,,,,,,,,,,,,,,,
2019-10-11,False,False,SWAT+ mgt_out.txt executed crop calendar,NO_ACTIVE_EXECUTED_CROP_CALENDAR,No maize cohort is within its executed SWAT+ plant-to-harvest interval; no plant state is emitted,,,,,,,,,,,,,,,,,,,,,,,,,,,,,,,,,,,,,,,,,,,,,,,,,,,,,,,,,,,,,,,,,,,,,,,,,,,,,
2019-10-12,False,False,SWAT+ mgt_out.txt executed crop calendar,NO_ACTIVE_EXECUTED_CROP_CALENDAR,No maize cohort is within its executed SWAT+ plant-to-harvest interval; no plant state is emitted,,,,,,,,,,,,,,,,,,,,,,,,,,,,,,,,,,,,,,,,,,,,,,,,,,,,,,,,,,,,,,,,,,,,,,,,,,,,,
2019-10-13,False,False,SWAT+ mgt_out.txt executed crop calendar,NO_ACTIVE_EXECUTED_CROP_CALENDAR,No maize cohort is within its executed SWAT+ plant-to-harvest interval; no plant state is emitted,,,,,,,,,,,,,,,,,,,,,,,,,,,,,,,,,,,,,,,,,,,,,,,,,,,,,,,,,,,,,,,,,,,,,,,,,,,,,
2019-10-14,False,False,SWAT+ mgt_out.txt executed crop calendar,NO_ACTIVE_EXECUTED_CROP_CALENDAR,No maize cohort is within its executed SWAT+ plant-to-harvest interval; no plant state is emitted,,,,,,,,,,,,,,,,,,,,,,,,,,,,,,,,,,,,,,,,,,,,,,,,,,,,,,,,,,,,,,,,,,,,,,,,,,,,,
2019-10-15,False,False,SWAT+ mgt_out.txt executed crop calendar,NO_ACTIVE_EXECUTED_CROP_CALENDAR,No maize cohort is within its executed SWAT+ plant-to-harvest interval; no plant state is emitted,,,,,,,,,,,,,,,,,,,,,,,,,,,,,,,,,,,,,,,,,,,,,,,,,,,,,,,,,,,,,,,,,,,,,,,,,,,,,
2019-10-16,False,False,SWAT+ mgt_out.txt executed crop calendar,NO_ACTIVE_EXECUTED_CROP_CALENDAR,No maize cohort is within its executed SWAT+ plant-to-harvest interval; no plant state is emitted,,,,,,,,,,,,,,,,,,,,,,,,,,,,,,,,,,,,,,,,,,,,,,,,,,,,,,,,,,,,,,,,,,,,,,,,,,,,,
2019-10-17,False,False,SWAT+ mgt_out.txt executed crop calendar,NO_ACTIVE_EXECUTED_CROP_CALENDAR,No maize cohort is within its executed SWAT+ plant-to-harvest interval; no plant state is emitted,,,,,,,,,,,,,,,,,,,,,,,,,,,,,,,,,,,,,,,,,,,,,,,,,,,,,,,,,,,,,,,,,,,,,,,,,,,,,
2019-10-18,False,False,SWAT+ mgt_out.txt executed crop calendar,NO_ACTIVE_EXECUTED_CROP_CALENDAR,No maize cohort is within its executed SWAT+ plant-to-harvest interval; no plant state is emitted,,,,,,,,,,,,,,,,,,,,,,,,,,,,,,,,,,,,,,,,,,,,,,,,,,,,,,,,,,,,,,,,,,,,,,,,,,,,,
2019-10-19,False,False,SWAT+ mgt_out.txt executed crop calendar,NO_ACTIVE_EXECUTED_CROP_CALENDAR,No maize cohort is within its executed SWAT+ plant-to-harvest interval; no plant state is emitted,,,,,,,,,,,,,,,,,,,,,,,,,,,,,,,,,,,,,,,,,,,,,,,,,,,,,,,,,,,,,,,,,,,,,,,,,,,,,
2019-10-20,False,False,SWAT+ mgt_out.txt executed crop calendar,NO_ACTIVE_EXECUTED_CROP_CALENDAR,No maize cohort is within its executed SWAT+ plant-to-harvest interval; no plant state is emitted,,,,,,,,,,,,,,,,,,,,,,,,,,,,,,,,,,,,,,,,,,,,,,,,,,,,,,,,,,,,,,,,,,,,,,,,,,,,,
2019-10-21,False,False,SWAT+ mgt_out.txt executed crop calendar,NO_ACTIVE_EXECUTED_CROP_CALENDAR,No maize cohort is within its executed SWAT+ plant-to-harvest interval; no plant state is emitted,,,,,,,,,,,,,,,,,,,,,,,,,,,,,,,,,,,,,,,,,,,,,,,,,,,,,,,,,,,,,,,,,,,,,,,,,,,,,
2019-10-22,False,False,SWAT+ mgt_out.txt executed crop calendar,NO_ACTIVE_EXECUTED_CROP_CALENDAR,No maize cohort is within its executed SWAT+ plant-to-harvest interval; no plant state is emitted,,,,,,,,,,,,,,,,,,,,,,,,,,,,,,,,,,,,,,,,,,,,,,,,,,,,,,,,,,,,,,,,,,,,,,,,,,,,,
2019-10-23,False,False,SWAT+ mgt_out.txt executed crop calendar,NO_ACTIVE_EXECUTED_CROP_CALENDAR,No maize cohort is within its executed SWAT+ plant-to-harvest interval; no plant state is emitted,,,,,,,,,,,,,,,,,,,,,,,,,,,,,,,,,,,,,,,,,,,,,,,,,,,,,,,,,,,,,,,,,,,,,,,,,,,,,
2019-10-24,False,False,SWAT+ mgt_out.txt executed crop calendar,NO_ACTIVE_EXECUTED_CROP_CALENDAR,No maize cohort is within its executed SWAT+ plant-to-harvest interval; no plant state is emitted,,,,,,,,,,,,,,,,,,,,,,,,,,,,,,,,,,,,,,,,,,,,,,,,,,,,,,,,,,,,,,,,,,,,,,,,,,,,,
2019-10-25,False,False,SWAT+ mgt_out.txt executed crop calendar,NO_ACTIVE_EXECUTED_CROP_CALENDAR,No maize cohort is within its executed SWAT+ plant-to-harvest interval; no plant state is emitted,,,,,,,,,,,,,,,,,,,,,,,,,,,,,,,,,,,,,,,,,,,,,,,,,,,,,,,,,,,,,,,,,,,,,,,,,,,,,
2019-10-26,False,False,SWAT+ mgt_out.txt executed crop calendar,NO_ACTIVE_EXECUTED_CROP_CALENDAR,No maize cohort is within its executed SWAT+ plant-to-harvest interval; no plant state is emitted,,,,,,,,,,,,,,,,,,,,,,,,,,,,,,,,,,,,,,,,,,,,,,,,,,,,,,,,,,,,,,,,,,,,,,,,,,,,,
2019-10-27,False,False,SWAT+ mgt_out.txt executed crop calendar,NO_ACTIVE_EXECUTED_CROP_CALENDAR,No maize cohort is within its executed SWAT+ plant-to-harvest interval; no plant state is emitted,,,,,,,,,,,,,,,,,,,,,,,,,,,,,,,,,,,,,,,,,,,,,,,,,,,,,,,,,,,,,,,,,,,,,,,,,,,,,
2019-10-28,False,False,SWAT+ mgt_out.txt executed crop calendar,NO_ACTIVE_EXECUTED_CROP_CALENDAR,No maize cohort is within its executed SWAT+ plant-to-harvest interval; no plant state is emitted,,,,,,,,,,,,,,,,,,,,,,,,,,,,,,,,,,,,,,,,,,,,,,,,,,,,,,,,,,,,,,,,,,,,,,,,,,,,,
2019-10-29,False,False,SWAT+ mgt_out.txt executed crop calendar,NO_ACTIVE_EXECUTED_CROP_CALENDAR,No maize cohort is within its executed SWAT+ plant-to-harvest interval; no plant state is emitted,,,,,,,,,,,,,,,,,,,,,,,,,,,,,,,,,,,,,,,,,,,,,,,,,,,,,,,,,,,,,,,,,,,,,,,,,,,,,
2019-10-30,False,False,SWAT+ mgt_out.txt executed crop calendar,NO_ACTIVE_EXECUTED_CROP_CALENDAR,No maize cohort is within its executed SWAT+ plant-to-harvest interval; no plant state is emitted,,,,,,,,,,,,,,,,,,,,,,,,,,,,,,,,,,,,,,,,,,,,,,,,,,,,,,,,,,,,,,,,,,,,,,,,,,,,,
2019-10-31,False,False,SWAT+ mgt_out.txt executed crop calendar,NO_ACTIVE_EXECUTED_CROP_CALENDAR,No maize cohort is within its executed SWAT+ plant-to-harvest interval; no plant state is emitted,,,,,,,,,,,,,,,,,,,,,,,,,,,,,,,,,,,,,,,,,,,,,,,,,,,,,,,,,,,,,,,,,,,,,,,,,,,,,
2019-11-01,False,False,SWAT+ mgt_out.txt executed crop calendar,NO_ACTIVE_EXECUTED_CROP_CALENDAR,No maize cohort is within its executed SWAT+ plant-to-harvest interval; no plant state is emitted,,,,,,,,,,,,,,,,,,,,,,,,,,,,,,,,,,,,,,,,,,,,,,,,,,,,,,,,,,,,,,,,,,,,,,,,,,,,,
2019-11-02,False,False,SWAT+ mgt_out.txt executed crop calendar,NO_ACTIVE_EXECUTED_CROP_CALENDAR,No maize cohort is within its executed SWAT+ plant-to-harvest interval; no plant state is emitted,,,,,,,,,,,,,,,,,,,,,,,,,,,,,,,,,,,,,,,,,,,,,,,,,,,,,,,,,,,,,,,,,,,,,,,,,,,,,
2019-11-03,False,False,SWAT+ mgt_out.txt executed crop calendar,NO_ACTIVE_EXECUTED_CROP_CALENDAR,No maize cohort is within its executed SWAT+ plant-to-harvest interval; no plant state is emitted,,,,,,,,,,,,,,,,,,,,,,,,,,,,,,,,,,,,,,,,,,,,,,,,,,,,,,,,,,,,,,,,,,,,,,,,,,,,,
2019-11-04,False,False,SWAT+ mgt_out.txt executed crop calendar,NO_ACTIVE_EXECUTED_CROP_CALENDAR,No maize cohort is within its executed SWAT+ plant-to-harvest interval; no plant state is emitted,,,,,,,,,,,,,,,,,,,,,,,,,,,,,,,,,,,,,,,,,,,,,,,,,,,,,,,,,,,,,,,,,,,,,,,,,,,,,
2019-11-05,False,False,SWAT+ mgt_out.txt executed crop calendar,NO_ACTIVE_EXECUTED_CROP_CALENDAR,No maize cohort is within its executed SWAT+ plant-to-harvest interval; no plant state is emitted,,,,,,,,,,,,,,,,,,,,,,,,,,,,,,,,,,,,,,,,,,,,,,,,,,,,,,,,,,,,,,,,,,,,,,,,,,,,,
2019-11-06,False,False,SWAT+ mgt_out.txt executed crop calendar,NO_ACTIVE_EXECUTED_CROP_CALENDAR,No maize cohort is within its executed SWAT+ plant-to-harvest interval; no plant state is emitted,,,,,,,,,,,,,,,,,,,,,,,,,,,,,,,,,,,,,,,,,,,,,,,,,,,,,,,,,,,,,,,,,,,,,,,,,,,,,
2019-11-07,False,False,SWAT+ mgt_out.txt executed crop calendar,NO_ACTIVE_EXECUTED_CROP_CALENDAR,No maize cohort is within its executed SWAT+ plant-to-harvest interval; no plant state is emitted,,,,,,,,,,,,,,,,,,,,,,,,,,,,,,,,,,,,,,,,,,,,,,,,,,,,,,,,,,,,,,,,,,,,,,,,,,,,,
2019-11-08,False,False,SWAT+ mgt_out.txt executed crop calendar,NO_ACTIVE_EXECUTED_CROP_CALENDAR,No maize cohort is within its executed SWAT+ plant-to-harvest interval; no plant state is emitted,,,,,,,,,,,,,,,,,,,,,,,,,,,,,,,,,,,,,,,,,,,,,,,,,,,,,,,,,,,,,,,,,,,,,,,,,,,,,
2019-11-09,False,False,SWAT+ mgt_out.txt executed crop calendar,NO_ACTIVE_EXECUTED_CROP_CALENDAR,No maize cohort is within its executed SWAT+ plant-to-harvest interval; no plant state is emitted,,,,,,,,,,,,,,,,,,,,,,,,,,,,,,,,,,,,,,,,,,,,,,,,,,,,,,,,,,,,,,,,,,,,,,,,,,,,,
2019-11-10,False,False,SWAT+ mgt_out.txt executed crop calendar,NO_ACTIVE_EXECUTED_CROP_CALENDAR,No maize cohort is within its executed SWAT+ plant-to-harvest interval; no plant state is emitted,,,,,,,,,,,,,,,,,,,,,,,,,,,,,,,,,,,,,,,,,,,,,,,,,,,,,,,,,,,,,,,,,,,,,,,,,,,,,
2019-11-11,False,False,SWAT+ mgt_out.txt executed crop calendar,NO_ACTIVE_EXECUTED_CROP_CALENDAR,No maize cohort is within its executed SWAT+ plant-to-harvest interval; no plant state is emitted,,,,,,,,,,,,,,,,,,,,,,,,,,,,,,,,,,,,,,,,,,,,,,,,,,,,,,,,,,,,,,,,,,,,,,,,,,,,,
2019-11-12,False,False,SWAT+ mgt_out.txt executed crop calendar,NO_ACTIVE_EXECUTED_CROP_CALENDAR,No maize cohort is within its executed SWAT+ plant-to-harvest interval; no plant state is emitted,,,,,,,,,,,,,,,,,,,,,,,,,,,,,,,,,,,,,,,,,,,,,,,,,,,,,,,,,,,,,,,,,,,,,,,,,,,,,
2019-11-13,False,False,SWAT+ mgt_out.txt executed crop calendar,NO_ACTIVE_EXECUTED_CROP_CALENDAR,No maize cohort is within its executed SWAT+ plant-to-harvest interval; no plant state is emitted,,,,,,,,,,,,,,,,,,,,,,,,,,,,,,,,,,,,,,,,,,,,,,,,,,,,,,,,,,,,,,,,,,,,,,,,,,,,,
2019-11-14,False,False,SWAT+ mgt_out.txt executed crop calendar,NO_ACTIVE_EXECUTED_CROP_CALENDAR,No maize cohort is within its executed SWAT+ plant-to-harvest interval; no plant state is emitted,,,,,,,,,,,,,,,,,,,,,,,,,,,,,,,,,,,,,,,,,,,,,,,,,,,,,,,,,,,,,,,,,,,,,,,,,,,,,
2019-11-15,False,False,SWAT+ mgt_out.txt executed crop calendar,NO_ACTIVE_EXECUTED_CROP_CALENDAR,No maize cohort is within its executed SWAT+ plant-to-harvest interval; no plant state is emitted,,,,,,,,,,,,,,,,,,,,,,,,,,,,,,,,,,,,,,,,,,,,,,,,,,,,,,,,,,,,,,,,,,,,,,,,,,,,,
2019-11-16,False,False,SWAT+ mgt_out.txt executed crop calendar,NO_ACTIVE_EXECUTED_CROP_CALENDAR,No maize cohort is within its executed SWAT+ plant-to-harvest interval; no plant state is emitted,,,,,,,,,,,,,,,,,,,,,,,,,,,,,,,,,,,,,,,,,,,,,,,,,,,,,,,,,,,,,,,,,,,,,,,,,,,,,
2019-11-17,False,False,SWAT+ mgt_out.txt executed crop calendar,NO_ACTIVE_EXECUTED_CROP_CALENDAR,No maize cohort is within its executed SWAT+ plant-to-harvest interval; no plant state is emitted,,,,,,,,,,,,,,,,,,,,,,,,,,,,,,,,,,,,,,,,,,,,,,,,,,,,,,,,,,,,,,,,,,,,,,,,,,,,,
2019-11-18,False,False,SWAT+ mgt_out.txt executed crop calendar,NO_ACTIVE_EXECUTED_CROP_CALENDAR,No maize cohort is within its executed SWAT+ plant-to-harvest interval; no plant state is emitted,,,,,,,,,,,,,,,,,,,,,,,,,,,,,,,,,,,,,,,,,,,,,,,,,,,,,,,,,,,,,,,,,,,,,,,,,,,,,
2019-11-19,False,False,SWAT+ mgt_out.txt executed crop calendar,NO_ACTIVE_EXECUTED_CROP_CALENDAR,No maize cohort is within its executed SWAT+ plant-to-harvest interval; no plant state is emitted,,,,,,,,,,,,,,,,,,,,,,,,,,,,,,,,,,,,,,,,,,,,,,,,,,,,,,,,,,,,,,,,,,,,,,,,,,,,,
2019-11-20,False,False,SWAT+ mgt_out.txt executed crop calendar,NO_ACTIVE_EXECUTED_CROP_CALENDAR,No maize cohort is within its executed SWAT+ plant-to-harvest interval; no plant state is emitted,,,,,,,,,,,,,,,,,,,,,,,,,,,,,,,,,,,,,,,,,,,,,,,,,,,,,,,,,,,,,,,,,,,,,,,,,,,,,
2019-11-21,False,False,SWAT+ mgt_out.txt executed crop calendar,NO_ACTIVE_EXECUTED_CROP_CALENDAR,No maize cohort is within its executed SWAT+ plant-to-harvest interval; no plant state is emitted,,,,,,,,,,,,,,,,,,,,,,,,,,,,,,,,,,,,,,,,,,,,,,,,,,,,,,,,,,,,,,,,,,,,,,,,,,,,,
2019-11-22,False,False,SWAT+ mgt_out.txt executed crop calendar,NO_ACTIVE_EXECUTED_CROP_CALENDAR,No maize cohort is within its executed SWAT+ plant-to-harvest interval; no plant state is emitted,,,,,,,,,,,,,,,,,,,,,,,,,,,,,,,,,,,,,,,,,,,,,,,,,,,,,,,,,,,,,,,,,,,,,,,,,,,,,
2019-11-23,False,False,SWAT+ mgt_out.txt executed crop calendar,NO_ACTIVE_EXECUTED_CROP_CALENDAR,No maize cohort is within its executed SWAT+ plant-to-harvest interval; no plant state is emitted,,,,,,,,,,,,,,,,,,,,,,,,,,,,,,,,,,,,,,,,,,,,,,,,,,,,,,,,,,,,,,,,,,,,,,,,,,,,,
2019-11-24,False,False,SWAT+ mgt_out.txt executed crop calendar,NO_ACTIVE_EXECUTED_CROP_CALENDAR,No maize cohort is within its executed SWAT+ plant-to-harvest interval; no plant state is emitted,,,,,,,,,,,,,,,,,,,,,,,,,,,,,,,,,,,,,,,,,,,,,,,,,,,,,,,,,,,,,,,,,,,,,,,,,,,,,
2019-11-25,False,False,SWAT+ mgt_out.txt executed crop calendar,NO_ACTIVE_EXECUTED_CROP_CALENDAR,No maize cohort is within its executed SWAT+ plant-to-harvest interval; no plant state is emitted,,,,,,,,,,,,,,,,,,,,,,,,,,,,,,,,,,,,,,,,,,,,,,,,,,,,,,,,,,,,,,,,,,,,,,,,,,,,,
2019-11-26,False,False,SWAT+ mgt_out.txt executed crop calendar,NO_ACTIVE_EXECUTED_CROP_CALENDAR,No maize cohort is within its executed SWAT+ plant-to-harvest interval; no plant state is emitted,,,,,,,,,,,,,,,,,,,,,,,,,,,,,,,,,,,,,,,,,,,,,,,,,,,,,,,,,,,,,,,,,,,,,,,,,,,,,
2019-11-27,False,False,SWAT+ mgt_out.txt executed crop calendar,NO_ACTIVE_EXECUTED_CROP_CALENDAR,No maize cohort is within its executed SWAT+ plant-to-harvest interval; no plant state is emitted,,,,,,,,,,,,,,,,,,,,,,,,,,,,,,,,,,,,,,,,,,,,,,,,,,,,,,,,,,,,,,,,,,,,,,,,,,,,,
2019-11-28,False,False,SWAT+ mgt_out.txt executed crop calendar,NO_ACTIVE_EXECUTED_CROP_CALENDAR,No maize cohort is within its executed SWAT+ plant-to-harvest interval; no plant state is emitted,,,,,,,,,,,,,,,,,,,,,,,,,,,,,,,,,,,,,,,,,,,,,,,,,,,,,,,,,,,,,,,,,,,,,,,,,,,,,
2019-11-29,False,False,SWAT+ mgt_out.txt executed crop calendar,NO_ACTIVE_EXECUTED_CROP_CALENDAR,No maize cohort is within its executed SWAT+ plant-to-harvest interval; no plant state is emitted,,,,,,,,,,,,,,,,,,,,,,,,,,,,,,,,,,,,,,,,,,,,,,,,,,,,,,,,,,,,,,,,,,,,,,,,,,,,,
2019-11-30,False,False,SWAT+ mgt_out.txt executed crop calendar,NO_ACTIVE_EXECUTED_CROP_CALENDAR,No maize cohort is within its executed SWAT+ plant-to-harvest interval; no plant state is emitted,,,,,,,,,,,,,,,,,,,,,,,,,,,,,,,,,,,,,,,,,,,,,,,,,,,,,,,,,,,,,,,,,,,,,,,,,,,,,
2019-12-01,False,False,SWAT+ mgt_out.txt executed crop calendar,NO_ACTIVE_EXECUTED_CROP_CALENDAR,No maize cohort is within its executed SWAT+ plant-to-harvest interval; no plant state is emitted,,,,,,,,,,,,,,,,,,,,,,,,,,,,,,,,,,,,,,,,,,,,,,,,,,,,,,,,,,,,,,,,,,,,,,,,,,,,,
2019-12-02,False,False,SWAT+ mgt_out.txt executed crop calendar,NO_ACTIVE_EXECUTED_CROP_CALENDAR,No maize cohort is within its executed SWAT+ plant-to-harvest interval; no plant state is emitted,,,,,,,,,,,,,,,,,,,,,,,,,,,,,,,,,,,,,,,,,,,,,,,,,,,,,,,,,,,,,,,,,,,,,,,,,,,,,
2019-12-03,False,False,SWAT+ mgt_out.txt executed crop calendar,NO_ACTIVE_EXECUTED_CROP_CALENDAR,No maize cohort is within its executed SWAT+ plant-to-harvest interval; no plant state is emitted,,,,,,,,,,,,,,,,,,,,,,,,,,,,,,,,,,,,,,,,,,,,,,,,,,,,,,,,,,,,,,,,,,,,,,,,,,,,,
2019-12-04,False,False,SWAT+ mgt_out.txt executed crop calendar,NO_ACTIVE_EXECUTED_CROP_CALENDAR,No maize cohort is within its executed SWAT+ plant-to-harvest interval; no plant state is emitted,,,,,,,,,,,,,,,,,,,,,,,,,,,,,,,,,,,,,,,,,,,,,,,,,,,,,,,,,,,,,,,,,,,,,,,,,,,,,
2019-12-05,False,False,SWAT+ mgt_out.txt executed crop calendar,NO_ACTIVE_EXECUTED_CROP_CALENDAR,No maize cohort is within its executed SWAT+ plant-to-harvest interval; no plant state is emitted,,,,,,,,,,,,,,,,,,,,,,,,,,,,,,,,,,,,,,,,,,,,,,,,,,,,,,,,,,,,,,,,,,,,,,,,,,,,,
2019-12-06,False,False,SWAT+ mgt_out.txt executed crop calendar,NO_ACTIVE_EXECUTED_CROP_CALENDAR,No maize cohort is within its executed SWAT+ plant-to-harvest interval; no plant state is emitted,,,,,,,,,,,,,,,,,,,,,,,,,,,,,,,,,,,,,,,,,,,,,,,,,,,,,,,,,,,,,,,,,,,,,,,,,,,,,
2019-12-07,False,False,SWAT+ mgt_out.txt executed crop calendar,NO_ACTIVE_EXECUTED_CROP_CALENDAR,No maize cohort is within its executed SWAT+ plant-to-harvest interval; no plant state is emitted,,,,,,,,,,,,,,,,,,,,,,,,,,,,,,,,,,,,,,,,,,,,,,,,,,,,,,,,,,,,,,,,,,,,,,,,,,,,,
2019-12-08,False,False,SWAT+ mgt_out.txt executed crop calendar,NO_ACTIVE_EXECUTED_CROP_CALENDAR,No maize cohort is within its executed SWAT+ plant-to-harvest interval; no plant state is emitted,,,,,,,,,,,,,,,,,,,,,,,,,,,,,,,,,,,,,,,,,,,,,,,,,,,,,,,,,,,,,,,,,,,,,,,,,,,,,
2019-12-09,False,False,SWAT+ mgt_out.txt executed crop calendar,NO_ACTIVE_EXECUTED_CROP_CALENDAR,No maize cohort is within its executed SWAT+ plant-to-harvest interval; no plant state is emitted,,,,,,,,,,,,,,,,,,,,,,,,,,,,,,,,,,,,,,,,,,,,,,,,,,,,,,,,,,,,,,,,,,,,,,,,,,,,,
2019-12-10,False,False,SWAT+ mgt_out.txt executed crop calendar,NO_ACTIVE_EXECUTED_CROP_CALENDAR,No maize cohort is within its executed SWAT+ plant-to-harvest interval; no plant state is emitted,,,,,,,,,,,,,,,,,,,,,,,,,,,,,,,,,,,,,,,,,,,,,,,,,,,,,,,,,,,,,,,,,,,,,,,,,,,,,
2019-12-11,False,False,SWAT+ mgt_out.txt executed crop calendar,NO_ACTIVE_EXECUTED_CROP_CALENDAR,No maize cohort is within its executed SWAT+ plant-to-harvest interval; no plant state is emitted,,,,,,,,,,,,,,,,,,,,,,,,,,,,,,,,,,,,,,,,,,,,,,,,,,,,,,,,,,,,,,,,,,,,,,,,,,,,,
2019-12-12,False,False,SWAT+ mgt_out.txt executed crop calendar,NO_ACTIVE_EXECUTED_CROP_CALENDAR,No maize cohort is within its executed SWAT+ plant-to-harvest interval; no plant state is emitted,,,,,,,,,,,,,,,,,,,,,,,,,,,,,,,,,,,,,,,,,,,,,,,,,,,,,,,,,,,,,,,,,,,,,,,,,,,,,
2019-12-13,False,False,SWAT+ mgt_out.txt executed crop calendar,NO_ACTIVE_EXECUTED_CROP_CALENDAR,No maize cohort is within its executed SWAT+ plant-to-harvest interval; no plant state is emitted,,,,,,,,,,,,,,,,,,,,,,,,,,,,,,,,,,,,,,,,,,,,,,,,,,,,,,,,,,,,,,,,,,,,,,,,,,,,,
2019-12-14,False,False,SWAT+ mgt_out.txt executed crop calendar,NO_ACTIVE_EXECUTED_CROP_CALENDAR,No maize cohort is within its executed SWAT+ plant-to-harvest interval; no plant state is emitted,,,,,,,,,,,,,,,,,,,,,,,,,,,,,,,,,,,,,,,,,,,,,,,,,,,,,,,,,,,,,,,,,,,,,,,,,,,,,
2019-12-15,False,False,SWAT+ mgt_out.txt executed crop calendar,NO_ACTIVE_EXECUTED_CROP_CALENDAR,No maize cohort is within its executed SWAT+ plant-to-harvest interval; no plant state is emitted,,,,,,,,,,,,,,,,,,,,,,,,,,,,,,,,,,,,,,,,,,,,,,,,,,,,,,,,,,,,,,,,,,,,,,,,,,,,,
2019-12-16,False,False,SWAT+ mgt_out.txt executed crop calendar,NO_ACTIVE_EXECUTED_CROP_CALENDAR,No maize cohort is within its executed SWAT+ plant-to-harvest interval; no plant state is emitted,,,,,,,,,,,,,,,,,,,,,,,,,,,,,,,,,,,,,,,,,,,,,,,,,,,,,,,,,,,,,,,,,,,,,,,,,,,,,
2019-12-17,False,False,SWAT+ mgt_out.txt executed crop calendar,NO_ACTIVE_EXECUTED_CROP_CALENDAR,No maize cohort is within its executed SWAT+ plant-to-harvest interval; no plant state is emitted,,,,,,,,,,,,,,,,,,,,,,,,,,,,,,,,,,,,,,,,,,,,,,,,,,,,,,,,,,,,,,,,,,,,,,,,,,,,,
2019-12-18,False,False,SWAT+ mgt_out.txt executed crop calendar,NO_ACTIVE_EXECUTED_CROP_CALENDAR,No maize cohort is within its executed SWAT+ plant-to-harvest interval; no plant state is emitted,,,,,,,,,,,,,,,,,,,,,,,,,,,,,,,,,,,,,,,,,,,,,,,,,,,,,,,,,,,,,,,,,,,,,,,,,,,,,
2019-12-19,False,False,SWAT+ mgt_out.txt executed crop calendar,NO_ACTIVE_EXECUTED_CROP_CALENDAR,No maize cohort is within its executed SWAT+ plant-to-harvest interval; no plant state is emitted,,,,,,,,,,,,,,,,,,,,,,,,,,,,,,,,,,,,,,,,,,,,,,,,,,,,,,,,,,,,,,,,,,,,,,,,,,,,,
2019-12-20,False,False,SWAT+ mgt_out.txt executed crop calendar,NO_ACTIVE_EXECUTED_CROP_CALENDAR,No maize cohort is within its executed SWAT+ plant-to-harvest interval; no plant state is emitted,,,,,,,,,,,,,,,,,,,,,,,,,,,,,,,,,,,,,,,,,,,,,,,,,,,,,,,,,,,,,,,,,,,,,,,,,,,,,
2019-12-21,False,False,SWAT+ mgt_out.txt executed crop calendar,NO_ACTIVE_EXECUTED_CROP_CALENDAR,No maize cohort is within its executed SWAT+ plant-to-harvest interval; no plant state is emitted,,,,,,,,,,,,,,,,,,,,,,,,,,,,,,,,,,,,,,,,,,,,,,,,,,,,,,,,,,,,,,,,,,,,,,,,,,,,,
2019-12-22,False,False,SWAT+ mgt_out.txt executed crop calendar,NO_ACTIVE_EXECUTED_CROP_CALENDAR,No maize cohort is within its executed SWAT+ plant-to-harvest interval; no plant state is emitted,,,,,,,,,,,,,,,,,,,,,,,,,,,,,,,,,,,,,,,,,,,,,,,,,,,,,,,,,,,,,,,,,,,,,,,,,,,,,
2019-12-23,False,False,SWAT+ mgt_out.txt executed crop calendar,NO_ACTIVE_EXECUTED_CROP_CALENDAR,No maize cohort is within its executed SWAT+ plant-to-harvest interval; no plant state is emitted,,,,,,,,,,,,,,,,,,,,,,,,,,,,,,,,,,,,,,,,,,,,,,,,,,,,,,,,,,,,,,,,,,,,,,,,,,,,,
2019-12-24,False,False,SWAT+ mgt_out.txt executed crop calendar,NO_ACTIVE_EXECUTED_CROP_CALENDAR,No maize cohort is within its executed SWAT+ plant-to-harvest interval; no plant state is emitted,,,,,,,,,,,,,,,,,,,,,,,,,,,,,,,,,,,,,,,,,,,,,,,,,,,,,,,,,,,,,,,,,,,,,,,,,,,,,
2019-12-25,False,False,SWAT+ mgt_out.txt executed crop calendar,NO_ACTIVE_EXECUTED_CROP_CALENDAR,No maize cohort is within its executed SWAT+ plant-to-harvest interval; no plant state is emitted,,,,,,,,,,,,,,,,,,,,,,,,,,,,,,,,,,,,,,,,,,,,,,,,,,,,,,,,,,,,,,,,,,,,,,,,,,,,,
2019-12-26,False,False,SWAT+ mgt_out.txt executed crop calendar,NO_ACTIVE_EXECUTED_CROP_CALENDAR,No maize cohort is within its executed SWAT+ plant-to-harvest interval; no plant state is emitted,,,,,,,,,,,,,,,,,,,,,,,,,,,,,,,,,,,,,,,,,,,,,,,,,,,,,,,,,,,,,,,,,,,,,,,,,,,,,
2019-12-27,False,False,SWAT+ mgt_out.txt executed crop calendar,NO_ACTIVE_EXECUTED_CROP_CALENDAR,No maize cohort is within its executed SWAT+ plant-to-harvest interval; no plant state is emitted,,,,,,,,,,,,,,,,,,,,,,,,,,,,,,,,,,,,,,,,,,,,,,,,,,,,,,,,,,,,,,,,,,,,,,,,,,,,,
2019-12-28,False,False,SWAT+ mgt_out.txt executed crop calendar,NO_ACTIVE_EXECUTED_CROP_CALENDAR,No maize cohort is within its executed SWAT+ plant-to-harvest interval; no plant state is emitted,,,,,,,,,,,,,,,,,,,,,,,,,,,,,,,,,,,,,,,,,,,,,,,,,,,,,,,,,,,,,,,,,,,,,,,,,,,,,
2019-12-29,False,False,SWAT+ mgt_out.txt executed crop calendar,NO_ACTIVE_EXECUTED_CROP_CALENDAR,No maize cohort is within its executed SWAT+ plant-to-harvest interval; no plant state is emitted,,,,,,,,,,,,,,,,,,,,,,,,,,,,,,,,,,,,,,,,,,,,,,,,,,,,,,,,,,,,,,,,,,,,,,,,,,,,,
2019-12-30,False,False,SWAT+ mgt_out.txt executed crop calendar,NO_ACTIVE_EXECUTED_CROP_CALENDAR,No maize cohort is within its executed SWAT+ plant-to-harvest interval; no plant state is emitted,,,,,,,,,,,,,,,,,,,,,,,,,,,,,,,,,,,,,,,,,,,,,,,,,,,,,,,,,,,,,,,,,,,,,,,,,,,,,
2019-12-31,False,False,SWAT+ mgt_out.txt executed crop calendar,NO_ACTIVE_EXECUTED_CROP_CALENDAR,No maize cohort is within its executed SWAT+ plant-to-harvest interval; no plant state is emitted,,,,,,,,,,,,,,,,,,,,,,,,,,,,,,,,,,,,,,,,,,,,,,,,,,,,,,,,,,,,,,,,,,,,,,,,,,,,,
