hru_unit,hru_name,nitrogen_stress_factor,salinity_stress_factor,plant_heat_unit_fraction,aeration_stress_factor,yield_kg_ha,water_stress_factor,phosphorus_stress_factor,temperature_stress_factor,biomass_kg_ha,lai_m2_m2,date
1,hru01,0.0,0.0,0.0,0.0,0.0,0.0,0.0,0.0,0.0,0.0,2019-01-01
2,hru02,0.0,0.0,0.0,0.0,0.0,0.0,0.0,0.0,0.0,0.0,2019-01-01
3,hru03,0.0,0.0,0.0,0.0,0.0,0.0,0.0,0.0,0.0,0.0,2019-01-01
4,hru04,0.0,0.0,0.0,0.0,0.0,0.0,0.0,0.0,0.0,0.0,2019-01-01
5,hru05,0.0,0.0,0.0,0.0,0.0,0.0,0.0,0.0,0.0,0.0,2019-01-01
6,hru06,0.0,0.0,0.0,0.0,0.0,0.0,0.0,0.0,0.0,0.0,2019-01-01
7,hru07,0.0,0.0,0.0,0.0,0.0,0.0,0.0,0.0,0.0,0.0,2019-01-01
8,hru08,0.0,0.0,0.0,0.0,0.0,0.0,0.0,0.0,0.0,0.0,2019-01-01
9,hru09,0.0,0.0,0.0,0.0,0.0,0.0,0.0,0.0,0.0,0.0,2019-01-01
10,hru10,0.0,0.0,0.0,0.0,0.0,0.0,0.0,0.0,0.0,0.0,2019-01-01
11,hru11,0.0,0.0,0.0,0.0,0.0,0.0,0.0,0.0,0.0,0.0,2019-01-01
12,hru12,0.0,0.0,0.0,0.0,0.0,0.0,0.0,0.0,0.0,0.0,2019-01-01
13,hru13,0.0,0.0,0.0,0.0,0.0,0.0,0.0,0.0,0.0,0.0,2019-01-01
14,hru14,0.0,0.0,0.0,0.0,0.0,0.0,0.0,0.0,0.0,0.0,2019-01-01
15,hru15,0.0,0.0,0.0,0.0,0.0,0.0,0.0,0.0,0.0,0.0,2019-01-01
16,hru16,0.0,0.0,0.0,0.0,0.0,0.0,0.0,0.0,0.0,0.0,2019-01-01
17,hru17,0.0,0.0,0.0,0.0,0.0,0.0,0.0,0.0,0.0,0.0,2019-01-01
18,hru18,0.0,0.0,0.0,0.0,0.0,0.0,0.0,0.0,0.0,0.0,2019-01-01
19,hru19,0.0,0.0,0.0,0.0,0.0,0.0,0.0,0.0,0.0,0.0,2019-01-01
20,hru20,0.0,0.0,0.0,0.0,0.0,0.0,0.0,0.0,0.0,0.0,2019-01-01
21,hru21,0.0,0.0,0.0,0.0,0.0,0.0,0.0,0.0,0.0,0.0,2019-01-01
22,hru22,0.0,0.0,0.0,0.0,0.0,0.0,0.0,0.0,0.0,0.0,2019-01-01
23,hru23,0.0,0.0,0.0,0.0,0.0,0.0,0.0,0.0,0.0,0.0,2019-01-01
24,hru24,0.0,0.0,0.0,0.0,0.0,0.0,0.0,0.0,0.0,0.0,2019-01-01
25,hru25,0.0,0.0,0.0,0.0,0.0,0.0,0.0,0.0,0.0,0.0,2019-01-01
26,hru26,0.0,0.0,0.0,0.0,0.0,0.0,0.0,0.0,0.0,0.0,2019-01-01
27,hru27,0.0,0.0,0.0,0.0,0.0,0.0,0.0,0.0,0.0,0.0,2019-01-01
28,hru28,0.0,0.0,0.0,0.0,0.0,0.0,0.0,0.0,0.0,0.0,2019-01-01
29,hru29,0.0,0.0,0.0,0.0,0.0,0.0,0.0,0.0,0.0,0.0,2019-01-01
30,hru30,0.0,0.0,0.0,0.0,0.0,0.0,0.0,0.0,0.0,0.0,2019-01-01
31,hru31,0.0,0.0,0.0,0.0,0.0,0.0,0.0,0.0,0.0,0.0,2019-01-01
32,hru32,0.0,0.0,0.0,0.0,0.0,0.0,0.0,0.0,0.0,0.0,2019-01-01
33,hru33,0.0,0.0,0.0,0.0,0.0,0.0,0.0,0.0,0.0,0.0,2019-01-01
34,hru34,0.0,0.0,0.0,0.0,0.0,0.0,0.0,0.0,0.0,0.0,2019-01-01
35,hru35,0.0,0.0,0.0,0.0,0.0,0.0,0.0,0.0,0.0,0.0,2019-01-01
36,hru36,0.0,0.0,0.0,0.0,0.0,0.0,0.0,0.0,0.0,0.0,2019-01-01
1,hru01,0.0,0.0,0.0,0.0,0.0,0.0,0.0,0.0,0.0,0.0,2019-01-02
2,hru02,0.0,0.0,0.0,0.0,0.0,0.0,0.0,0.0,0.0,0.0,2019-01-02
3,hru03,0.0,0.0,0.0,0.0,0.0,0.0,0.0,0.0,0.0,0.0,2019-01-02
4,hru04,0.0,0.0,0.0,0.0,0.0,0.0,0.0,0.0,0.0,0.0,2019-01-02
5,hru05,0.0,0.0,0.0,0.0,0.0,0.0,0.0,0.0,0.0,0.0,2019-01-02
6,hru06,0.0,0.0,0.0,0.0,0.0,0.0,0.0,0.0,0.0,0.0,2019-01-02
7,hru07,0.0,0.0,0.0,0.0,0.0,0.0,0.0,0.0,0.0,0.0,2019-01-02
8,hru08,0.0,0.0,0.0,0.0,0.0,0.0,0.0,0.0,0.0,0.0,2019-01-02
9,hru09,0.0,0.0,0.0,0.0,0.0,0.0,0.0,0.0,0.0,0.0,2019-01-02
10,hru10,0.0,0.0,0.0,0.0,0.0,0.0,0.0,0.0,0.0,0.0,2019-01-02
11,hru11,0.0,0.0,0.0,0.0,0.0,0.0,0.0,0.0,0.0,0.0,2019-01-02
12,hru12,0.0,0.0,0.0,0.0,0.0,0.0,0.0,0.0,0.0,0.0,2019-01-02
13,hru13,0.0,0.0,0.0,0.0,0.0,0.0,0.0,0.0,0.0,0.0,2019-01-02
14,hru14,0.0,0.0,0.0,0.0,0.0,0.0,0.0,0.0,0.0,0.0,2019-01-02
15,hru15,0.0,0.0,0.0,0.0,0.0,0.0,0.0,0.0,0.0,0.0,2019-01-02
16,hru16,0.0,0.0,0.0,0.0,0.0,0.0,0.0,0.0,0.0,0.0,2019-01-02
17,hru17,0.0,0.0,0.0,0.0,0.0,0.0,0.0,0.0,0.0,0.0,2019-01-02
18,hru18,0.0,0.0,0.0,0.0,0.0,0.0,0.0,0.0,0.0,0.0,2019-01-02
19,hru19,0.0,0.0,0.0,0.0,0.0,0.0,0.0,0.0,0.0,0.0,2019-01-02
20,hru20,0.0,0.0,0.0,0.0,0.0,0.0,0.0,0.0,0.0,0.0,2019-01-02
21,hru21,0.0,0.0,0.0,0.0,0.0,0.0,0.0,0.0,0.0,0.0,2019-01-02
22,hru22,0.0,0.0,0.0,0.0,0.0,0.0,0.0,0.0,0.0,0.0,2019-01-02
23,hru23,0.0,0.0,0.0,0.0,0.0,0.0,0.0,0.0,0.0,0.0,2019-01-02
24,hru24,0.0,0.0,0.0,0.0,0.0,0.0,0.0,0.0,0.0,0.0,2019-01-02
25,hru25,0.0,0.0,0.0,0.0,0.0,0.0,0.0,0.0,0.0,0.0,2019-01-02
26,hru26,0.0,0.0,0.0,0.0,0.0,0.0,0.0,0.0,0.0,0.0,2019-01-02
27,hru27,0.0,0.0,0.0,0.0,0.0,0.0,0.0,0.0,0.0,0.0,2019-01-02
28,hru28,0.0,0.0,0.0,0.0,0.0,0.0,0.0,0.0,0.0,0.0,2019-01-02
29,hru29,0.0,0.0,0.0,0.0,0.0,0.0,0.0,0.0,0.0,0.0,2019-01-02
30,hru30,0.0,0.0,0.0,0.0,0.0,0.0,0.0,0.0,0.0,0.0,2019-01-02
31,hru31,0.0,0.0,0.0,0.0,0.0,0.0,0.0,0.0,0.0,0.0,2019-01-02
32,hru32,0.0,0.0,0.0,0.0,0.0,0.0,0.0,0.0,0.0,0.0,2019-01-02
33,hru33,0.0,0.0,0.0,0.0,0.0,0.0,0.0,0.0,0.0,0.0,2019-01-02
34,hru34,0.0,0.0,0.0,0.0,0.0,0.0,0.0,0.0,0.0,0.0,2019-01-02
35,hru35,0.0,0.0,0.0,0.0,0.0,0.0,0.0,0.0,0.0,0.0,2019-01-02
36,hru36,0.0,0.0,0.0,0.0,0.0,0.0,0.0,0.0,0.0,0.0,2019-01-02
1,hru01,0.0,0.0,0.0,0.0,0.0,0.0,0.0,0.0,0.0,0.0,2019-01-03
2,hru02,0.0,0.0,0.0,0.0,0.0,0.0,0.0,0.0,0.0,0.0,2019-01-03
3,hru03,0.0,0.0,0.0,0.0,0.0,0.0,0.0,0.0,0.0,0.0,2019-01-03
4,hru04,0.0,0.0,0.0,0.0,0.0,0.0,0.0,0.0,0.0,0.0,2019-01-03
5,hru05,0.0,0.0,0.0,0.0,0.0,0.0,0.0,0.0,0.0,0.0,2019-01-03
6,hru06,0.0,0.0,0.0,0.0,0.0,0.0,0.0,0.0,0.0,0.0,2019-01-03
7,hru07,0.0,0.0,0.0,0.0,0.0,0.0,0.0,0.0,0.0,0.0,2019-01-03
8,hru08,0.0,0.0,0.0,0.0,0.0,0.0,0.0,0.0,0.0,0.0,2019-01-03
9,hru09,0.0,0.0,0.0,0.0,0.0,0.0,0.0,0.0,0.0,0.0,2019-01-03
10,hru10,0.0,0.0,0.0,0.0,0.0,0.0,0.0,0.0,0.0,0.0,2019-01-03
11,hru11,0.0,0.0,0.0,0.0,0.0,0.0,0.0,0.0,0.0,0.0,2019-01-03
12,hru12,0.0,0.0,0.0,0.0,0.0,0.0,0.0,0.0,0.0,0.0,2019-01-03
13,hru13,0.0,0.0,0.0,0.0,0.0,0.0,0.0,0.0,0.0,0.0,2019-01-03
14,hru14,0.0,0.0,0.0,0.0,0.0,0.0,0.0,0.0,0.0,0.0,2019-01-03
15,hru15,0.0,0.0,0.0,0.0,0.0,0.0,0.0,0.0,0.0,0.0,2019-01-03
16,hru16,0.0,0.0,0.0,0.0,0.0,0.0,0.0,0.0,0.0,0.0,2019-01-03
17,hru17,0.0,0.0,0.0,0.0,0.0,0.0,0.0,0.0,0.0,0.0,2019-01-03
18,hru18,0.0,0.0,0.0,0.0,0.0,0.0,0.0,0.0,0.0,0.0,2019-01-03
19,hru19,0.0,0.0,0.0,0.0,0.0,0.0,0.0,0.0,0.0,0.0,2019-01-03
20,hru20,0.0,0.0,0.0,0.0,0.0,0.0,0.0,0.0,0.0,0.0,2019-01-03
21,hru21,0.0,0.0,0.0,0.0,0.0,0.0,0.0,0.0,0.0,0.0,2019-01-03
22,hru22,0.0,0.0,0.0,0.0,0.0,0.0,0.0,0.0,0.0,0.0,2019-01-03
23,hru23,0.0,0.0,0.0,0.0,0.0,0.0,0.0,0.0,0.0,0.0,2019-01-03
24,hru24,0.0,0.0,0.0,0.0,0.0,0.0,0.0,0.0,0.0,0.0,2019-01-03
25,hru25,0.0,0.0,0.0,0.0,0.0,0.0,0.0,0.0,0.0,0.0,2019-01-03
26,hru26,0.0,0.0,0.0,0.0,0.0,0.0,0.0,0.0,0.0,0.0,2019-01-03
27,hru27,0.0,0.0,0.0,0.0,0.0,0.0,0.0,0.0,0.0,0.0,2019-01-03
28,hru28,0.0,0.0,0.0,0.0,0.0,0.0,0.0,0.0,0.0,0.0,2019-01-03
29,hru29,0.0,0.0,0.0,0.0,0.0,0.0,0.0,0.0,0.0,0.0,2019-01-03
30,hru30,0.0,0.0,0.0,0.0,0.0,0.0,0.0,0.0,0.0,0.0,2019-01-03
31,hru31,0.0,0.0,0.0,0.0,0.0,0.0,0.0,0.0,0.0,0.0,2019-01-03
32,hru32,0.0,0.0,0.0,0.0,0.0,0.0,0.0,0.0,0.0,0.0,2019-01-03
33,hru33,0.0,0.0,0.0,0.0,0.0,0.0,0.0,0.0,0.0,0.0,2019-01-03
34,hru34,0.0,0.0,0.0,0.0,0.0,0.0,0.0,0.0,0.0,0.0,2019-01-03
35,hru35,0.0,0.0,0.0,0.0,0.0,0.0,0.0,0.0,0.0,0.0,2019-01-03
36,hru36,0.0,0.0,0.0,0.0,0.0,0.0,0.0,0.0,0.0,0.0,2019-01-03
1,hru01,0.0,0.0,0.001,0.0,0.0,0.0,0.0,0.0,0.0,0.0,2019-01-04
2,hru02,0.0,0.0,0.001,0.0,0.0,0.0,0.0,0.0,0.0,0.0,2019-01-04
3,hru03,0.0,0.0,0.001,0.0,0.0,0.0,0.0,0.0,0.0,0.0,2019-01-04
4,hru04,0.0,0.0,0.001,0.0,0.0,0.0,0.0,0.0,0.0,0.0,2019-01-04
5,hru05,0.0,0.0,0.001,0.0,0.0,0.0,0.0,0.0,0.0,0.0,2019-01-04
6,hru06,0.0,0.0,0.001,0.0,0.0,0.0,0.0,0.0,0.0,0.0,2019-01-04
7,hru07,0.0,0.0,0.001,0.0,0.0,0.0,0.0,0.0,0.0,0.0,2019-01-04
8,hru08,0.0,0.0,0.001,0.0,0.0,0.0,0.0,0.0,0.0,0.0,2019-01-04
9,hru09,0.0,0.0,0.001,0.0,0.0,0.0,0.0,0.0,0.0,0.0,2019-01-04
10,hru10,0.0,0.0,0.001,0.0,0.0,0.0,0.0,0.0,0.0,0.0,2019-01-04
11,hru11,0.0,0.0,0.001,0.0,0.0,0.0,0.0,0.0,0.0,0.0,2019-01-04
12,hru12,0.0,0.0,0.001,0.0,0.0,0.0,0.0,0.0,0.0,0.0,2019-01-04
13,hru13,0.0,0.0,0.001,0.0,0.0,0.0,0.0,0.0,0.0,0.0,2019-01-04
14,hru14,0.0,0.0,0.001,0.0,0.0,0.0,0.0,0.0,0.0,0.0,2019-01-04
15,hru15,0.0,0.0,0.001,0.0,0.0,0.0,0.0,0.0,0.0,0.0,2019-01-04
16,hru16,0.0,0.0,0.001,0.0,0.0,0.0,0.0,0.0,0.0,0.0,2019-01-04
17,hru17,0.0,0.0,0.001,0.0,0.0,0.0,0.0,0.0,0.0,0.0,2019-01-04
18,hru18,0.0,0.0,0.001,0.0,0.0,0.0,0.0,0.0,0.0,0.0,2019-01-04
19,hru19,0.0,0.0,0.001,0.0,0.0,0.0,0.0,0.0,0.0,0.0,2019-01-04
20,hru20,0.0,0.0,0.001,0.0,0.0,0.0,0.0,0.0,0.0,0.0,2019-01-04
21,hru21,0.0,0.0,0.001,0.0,0.0,0.0,0.0,0.0,0.0,0.0,2019-01-04
22,hru22,0.0,0.0,0.001,0.0,0.0,0.0,0.0,0.0,0.0,0.0,2019-01-04
23,hru23,0.0,0.0,0.001,0.0,0.0,0.0,0.0,0.0,0.0,0.0,2019-01-04
24,hru24,0.0,0.0,0.001,0.0,0.0,0.0,0.0,0.0,0.0,0.0,2019-01-04
25,hru25,0.0,0.0,0.001,0.0,0.0,0.0,0.0,0.0,0.0,0.0,2019-01-04
26,hru26,0.0,0.0,0.001,0.0,0.0,0.0,0.0,0.0,0.0,0.0,2019-01-04
27,hru27,0.0,0.0,0.001,0.0,0.0,0.0,0.0,0.0,0.0,0.0,2019-01-04
28,hru28,0.0,0.0,0.001,0.0,0.0,0.0,0.0,0.0,0.0,0.0,2019-01-04
29,hru29,0.0,0.0,0.001,0.0,0.0,0.0,0.0,0.0,0.0,0.0,2019-01-04
30,hru30,0.0,0.0,0.001,0.0,0.0,0.0,0.0,0.0,0.0,0.0,2019-01-04
31,hru31,0.0,0.0,0.001,0.0,0.0,0.0,0.0,0.0,0.0,0.0,2019-01-04
32,hru32,0.0,0.0,0.001,0.0,0.0,0.0,0.0,0.0,0.0,0.0,2019-01-04
33,hru33,0.0,0.0,0.001,0.0,0.0,0.0,0.0,0.0,0.0,0.0,2019-01-04
34,hru34,0.0,0.0,0.001,0.0,0.0,0.0,0.0,0.0,0.0,0.0,2019-01-04
35,hru35,0.0,0.0,0.001,0.0,0.0,0.0,0.0,0.0,0.0,0.0,2019-01-04
36,hru36,0.0,0.0,0.001,0.0,0.0,0.0,0.0,0.0,0.0,0.0,2019-01-04
1,hru01,0.0,0.0,0.002,0.0,0.0,0.0,0.0,0.0,0.0,0.0,2019-01-05
2,hru02,0.0,0.0,0.002,0.0,0.0,0.0,0.0,0.0,0.0,0.0,2019-01-05
3,hru03,0.0,0.0,0.002,0.0,0.0,0.0,0.0,0.0,0.0,0.0,2019-01-05
4,hru04,0.0,0.0,0.002,0.0,0.0,0.0,0.0,0.0,0.0,0.0,2019-01-05
5,hru05,0.0,0.0,0.002,0.0,0.0,0.0,0.0,0.0,0.0,0.0,2019-01-05
6,hru06,0.0,0.0,0.002,0.0,0.0,0.0,0.0,0.0,0.0,0.0,2019-01-05
7,hru07,0.0,0.0,0.002,0.0,0.0,0.0,0.0,0.0,0.0,0.0,2019-01-05
8,hru08,0.0,0.0,0.002,0.0,0.0,0.0,0.0,0.0,0.0,0.0,2019-01-05
9,hru09,0.0,0.0,0.002,0.0,0.0,0.0,0.0,0.0,0.0,0.0,2019-01-05
10,hru10,0.0,0.0,0.002,0.0,0.0,0.0,0.0,0.0,0.0,0.0,2019-01-05
11,hru11,0.0,0.0,0.002,0.0,0.0,0.0,0.0,0.0,0.0,0.0,2019-01-05
12,hru12,0.0,0.0,0.002,0.0,0.0,0.0,0.0,0.0,0.0,0.0,2019-01-05
13,hru13,0.0,0.0,0.002,0.0,0.0,0.0,0.0,0.0,0.0,0.0,2019-01-05
14,hru14,0.0,0.0,0.002,0.0,0.0,0.0,0.0,0.0,0.0,0.0,2019-01-05
15,hru15,0.0,0.0,0.003,0.0,0.0,0.0,0.0,0.0,0.0,0.0,2019-01-05
16,hru16,0.0,0.0,0.003,0.0,0.0,0.0,0.0,0.0,0.0,0.0,2019-01-05
17,hru17,0.0,0.0,0.003,0.0,0.0,0.0,0.0,0.0,0.0,0.0,2019-01-05
18,hru18,0.0,0.0,0.003,0.0,0.0,0.0,0.0,0.0,0.0,0.0,2019-01-05
19,hru19,0.0,0.0,0.003,0.0,0.0,0.0,0.0,0.0,0.0,0.0,2019-01-05
20,hru20,0.0,0.0,0.003,0.0,0.0,0.0,0.0,0.0,0.0,0.0,2019-01-05
21,hru21,0.0,0.0,0.003,0.0,0.0,0.0,0.0,0.0,0.0,0.0,2019-01-05
22,hru22,0.0,0.0,0.003,0.0,0.0,0.0,0.0,0.0,0.0,0.0,2019-01-05
23,hru23,0.0,0.0,0.003,0.0,0.0,0.0,0.0,0.0,0.0,0.0,2019-01-05
24,hru24,0.0,0.0,0.002,0.0,0.0,0.0,0.0,0.0,0.0,0.0,2019-01-05
25,hru25,0.0,0.0,0.003,0.0,0.0,0.0,0.0,0.0,0.0,0.0,2019-01-05
26,hru26,0.0,0.0,0.002,0.0,0.0,0.0,0.0,0.0,0.0,0.0,2019-01-05
27,hru27,0.0,0.0,0.002,0.0,0.0,0.0,0.0,0.0,0.0,0.0,2019-01-05
28,hru28,0.0,0.0,0.002,0.0,0.0,0.0,0.0,0.0,0.0,0.0,2019-01-05
29,hru29,0.0,0.0,0.002,0.0,0.0,0.0,0.0,0.0,0.0,0.0,2019-01-05
30,hru30,0.0,0.0,0.002,0.0,0.0,0.0,0.0,0.0,0.0,0.0,2019-01-05
31,hru31,0.0,0.0,0.002,0.0,0.0,0.0,0.0,0.0,0.0,0.0,2019-01-05
32,hru32,0.0,0.0,0.002,0.0,0.0,0.0,0.0,0.0,0.0,0.0,2019-01-05
33,hru33,0.0,0.0,0.002,0.0,0.0,0.0,0.0,0.0,0.0,0.0,2019-01-05
34,hru34,0.0,0.0,0.002,0.0,0.0,0.0,0.0,0.0,0.0,0.0,2019-01-05
35,hru35,0.0,0.0,0.002,0.0,0.0,0.0,0.0,0.0,0.0,0.0,2019-01-05
36,hru36,0.0,0.0,0.002,0.0,0.0,0.0,0.0,0.0,0.0,0.0,2019-01-05
1,hru01,0.0,0.0,0.003,0.0,0.0,0.0,0.0,0.0,0.0,0.0,2019-01-06
2,hru02,0.0,0.0,0.003,0.0,0.0,0.0,0.0,0.0,0.0,0.0,2019-01-06
3,hru03,0.0,0.0,0.003,0.0,0.0,0.0,0.0,0.0,0.0,0.0,2019-01-06
4,hru04,0.0,0.0,0.003,0.0,0.0,0.0,0.0,0.0,0.0,0.0,2019-01-06
5,hru05,0.0,0.0,0.003,0.0,0.0,0.0,0.0,0.0,0.0,0.0,2019-01-06
6,hru06,0.0,0.0,0.003,0.0,0.0,0.0,0.0,0.0,0.0,0.0,2019-01-06
7,hru07,0.0,0.0,0.003,0.0,0.0,0.0,0.0,0.0,0.0,0.0,2019-01-06
8,hru08,0.0,0.0,0.003,0.0,0.0,0.0,0.0,0.0,0.0,0.0,2019-01-06
9,hru09,0.0,0.0,0.004,0.0,0.0,0.0,0.0,0.0,0.0,0.0,2019-01-06
10,hru10,0.0,0.0,0.004,0.0,0.0,0.0,0.0,0.0,0.0,0.0,2019-01-06
11,hru11,0.0,0.0,0.003,0.0,0.0,0.0,0.0,0.0,0.0,0.0,2019-01-06
12,hru12,0.0,0.0,0.004,0.0,0.0,0.0,0.0,0.0,0.0,0.0,2019-01-06
13,hru13,0.0,0.0,0.004,0.0,0.0,0.0,0.0,0.0,0.0,0.0,2019-01-06
14,hru14,0.0,0.0,0.004,0.0,0.0,0.0,0.0,0.0,0.0,0.0,2019-01-06
15,hru15,0.0,0.0,0.004,0.0,0.0,0.0,0.0,0.0,0.0,0.0,2019-01-06
16,hru16,0.0,0.0,0.004,0.0,0.0,0.0,0.0,0.0,0.0,0.0,2019-01-06
17,hru17,0.0,0.0,0.004,0.0,0.0,0.0,0.0,0.0,0.0,0.0,2019-01-06
18,hru18,0.0,0.0,0.004,0.0,0.0,0.0,0.0,0.0,0.0,0.0,2019-01-06
19,hru19,0.0,0.0,0.004,0.0,0.0,0.0,0.0,0.0,0.0,0.0,2019-01-06
20,hru20,0.0,0.0,0.004,0.0,0.0,0.0,0.0,0.0,0.0,0.0,2019-01-06
21,hru21,0.0,0.0,0.004,0.0,0.0,0.0,0.0,0.0,0.0,0.0,2019-01-06
22,hru22,0.0,0.0,0.004,0.0,0.0,0.0,0.0,0.0,0.0,0.0,2019-01-06
23,hru23,0.0,0.0,0.004,0.0,0.0,0.0,0.0,0.0,0.0,0.0,2019-01-06
24,hru24,0.0,0.0,0.004,0.0,0.0,0.0,0.0,0.0,0.0,0.0,2019-01-06
25,hru25,0.0,0.0,0.004,0.0,0.0,0.0,0.0,0.0,0.0,0.0,2019-01-06
26,hru26,0.0,0.0,0.004,0.0,0.0,0.0,0.0,0.0,0.0,0.0,2019-01-06
27,hru27,0.0,0.0,0.003,0.0,0.0,0.0,0.0,0.0,0.0,0.0,2019-01-06
28,hru28,0.0,0.0,0.003,0.0,0.0,0.0,0.0,0.0,0.0,0.0,2019-01-06
29,hru29,0.0,0.0,0.004,0.0,0.0,0.0,0.0,0.0,0.0,0.0,2019-01-06
30,hru30,0.0,0.0,0.003,0.0,0.0,0.0,0.0,0.0,0.0,0.0,2019-01-06
31,hru31,0.0,0.0,0.003,0.0,0.0,0.0,0.0,0.0,0.0,0.0,2019-01-06
32,hru32,0.0,0.0,0.004,0.0,0.0,0.0,0.0,0.0,0.0,0.0,2019-01-06
33,hru33,0.0,0.0,0.003,0.0,0.0,0.0,0.0,0.0,0.0,0.0,2019-01-06
34,hru34,0.0,0.0,0.003,0.0,0.0,0.0,0.0,0.0,0.0,0.0,2019-01-06
35,hru35,0.0,0.0,0.003,0.0,0.0,0.0,0.0,0.0,0.0,0.0,2019-01-06
36,hru36,0.0,0.0,0.003,0.0,0.0,0.0,0.0,0.0,0.0,0.0,2019-01-06
1,hru01,0.0,0.0,0.004,0.0,0.0,0.0,0.0,0.0,0.0,0.0,2019-01-07
2,hru02,0.0,0.0,0.005,0.0,0.0,0.0,0.0,0.0,0.0,0.0,2019-01-07
3,hru03,0.0,0.0,0.004,0.0,0.0,0.0,0.0,0.0,0.0,0.0,2019-01-07
4,hru04,0.0,0.0,0.004,0.0,0.0,0.0,0.0,0.0,0.0,0.0,2019-01-07
5,hru05,0.0,0.0,0.004,0.0,0.0,0.0,0.0,0.0,0.0,0.0,2019-01-07
6,hru06,0.0,0.0,0.004,0.0,0.0,0.0,0.0,0.0,0.0,0.0,2019-01-07
7,hru07,0.0,0.0,0.005,0.0,0.0,0.0,0.0,0.0,0.0,0.0,2019-01-07
8,hru08,0.0,0.0,0.004,0.0,0.0,0.0,0.0,0.0,0.0,0.0,2019-01-07
9,hru09,0.0,0.0,0.005,0.0,0.0,0.0,0.0,0.0,0.0,0.0,2019-01-07
10,hru10,0.0,0.0,0.005,0.0,0.0,0.0,0.0,0.0,0.0,0.0,2019-01-07
11,hru11,0.0,0.0,0.005,0.0,0.0,0.0,0.0,0.0,0.0,0.0,2019-01-07
12,hru12,0.0,0.0,0.005,0.0,0.0,0.0,0.0,0.0,0.0,0.0,2019-01-07
13,hru13,0.0,0.0,0.005,0.0,0.0,0.0,0.0,0.0,0.0,0.0,2019-01-07
14,hru14,0.0,0.0,0.005,0.0,0.0,0.0,0.0,0.0,0.0,0.0,2019-01-07
15,hru15,0.0,0.0,0.005,0.0,0.0,0.0,0.0,0.0,0.0,0.0,2019-01-07
16,hru16,0.0,0.0,0.005,0.0,0.0,0.0,0.0,0.0,0.0,0.0,2019-01-07
17,hru17,0.0,0.0,0.005,0.0,0.0,0.0,0.0,0.0,0.0,0.0,2019-01-07
18,hru18,0.0,0.0,0.005,0.0,0.0,0.0,0.0,0.0,0.0,0.0,2019-01-07
19,hru19,0.0,0.0,0.005,0.0,0.0,0.0,0.0,0.0,0.0,0.0,2019-01-07
20,hru20,0.0,0.0,0.005,0.0,0.0,0.0,0.0,0.0,0.0,0.0,2019-01-07
21,hru21,0.0,0.0,0.005,0.0,0.0,0.0,0.0,0.0,0.0,0.0,2019-01-07
22,hru22,0.0,0.0,0.005,0.0,0.0,0.0,0.0,0.0,0.0,0.0,2019-01-07
23,hru23,0.0,0.0,0.005,0.0,0.0,0.0,0.0,0.0,0.0,0.0,2019-01-07
24,hru24,0.0,0.0,0.005,0.0,0.0,0.0,0.0,0.0,0.0,0.0,2019-01-07
25,hru25,0.0,0.0,0.005,0.0,0.0,0.0,0.0,0.0,0.0,0.0,2019-01-07
26,hru26,0.0,0.0,0.005,0.0,0.0,0.0,0.0,0.0,0.0,0.0,2019-01-07
27,hru27,0.0,0.0,0.005,0.0,0.0,0.0,0.0,0.0,0.0,0.0,2019-01-07
28,hru28,0.0,0.0,0.005,0.0,0.0,0.0,0.0,0.0,0.0,0.0,2019-01-07
29,hru29,0.0,0.0,0.005,0.0,0.0,0.0,0.0,0.0,0.0,0.0,2019-01-07
30,hru30,0.0,0.0,0.005,0.0,0.0,0.0,0.0,0.0,0.0,0.0,2019-01-07
31,hru31,0.0,0.0,0.004,0.0,0.0,0.0,0.0,0.0,0.0,0.0,2019-01-07
32,hru32,0.0,0.0,0.005,0.0,0.0,0.0,0.0,0.0,0.0,0.0,2019-01-07
33,hru33,0.0,0.0,0.005,0.0,0.0,0.0,0.0,0.0,0.0,0.0,2019-01-07
34,hru34,0.0,0.0,0.005,0.0,0.0,0.0,0.0,0.0,0.0,0.0,2019-01-07
35,hru35,0.0,0.0,0.004,0.0,0.0,0.0,0.0,0.0,0.0,0.0,2019-01-07
36,hru36,0.0,0.0,0.005,0.0,0.0,0.0,0.0,0.0,0.0,0.0,2019-01-07
1,hru01,0.0,0.0,0.004,0.0,0.0,0.0,0.0,0.0,0.0,0.0,2019-01-08
2,hru02,0.0,0.0,0.005,0.0,0.0,0.0,0.0,0.0,0.0,0.0,2019-01-08
3,hru03,0.0,0.0,0.004,0.0,0.0,0.0,0.0,0.0,0.0,0.0,2019-01-08
4,hru04,0.0,0.0,0.004,0.0,0.0,0.0,0.0,0.0,0.0,0.0,2019-01-08
5,hru05,0.0,0.0,0.004,0.0,0.0,0.0,0.0,0.0,0.0,0.0,2019-01-08
6,hru06,0.0,0.0,0.004,0.0,0.0,0.0,0.0,0.0,0.0,0.0,2019-01-08
7,hru07,0.0,0.0,0.005,0.0,0.0,0.0,0.0,0.0,0.0,0.0,2019-01-08
8,hru08,0.0,0.0,0.004,0.0,0.0,0.0,0.0,0.0,0.0,0.0,2019-01-08
9,hru09,0.0,0.0,0.005,0.0,0.0,0.0,0.0,0.0,0.0,0.0,2019-01-08
10,hru10,0.0,0.0,0.005,0.0,0.0,0.0,0.0,0.0,0.0,0.0,2019-01-08
11,hru11,0.0,0.0,0.005,0.0,0.0,0.0,0.0,0.0,0.0,0.0,2019-01-08
12,hru12,0.0,0.0,0.005,0.0,0.0,0.0,0.0,0.0,0.0,0.0,2019-01-08
13,hru13,0.0,0.0,0.005,0.0,0.0,0.0,0.0,0.0,0.0,0.0,2019-01-08
14,hru14,0.0,0.0,0.005,0.0,0.0,0.0,0.0,0.0,0.0,0.0,2019-01-08
15,hru15,0.0,0.0,0.005,0.0,0.0,0.0,0.0,0.0,0.0,0.0,2019-01-08
16,hru16,0.0,0.0,0.005,0.0,0.0,0.0,0.0,0.0,0.0,0.0,2019-01-08
17,hru17,0.0,0.0,0.005,0.0,0.0,0.0,0.0,0.0,0.0,0.0,2019-01-08
18,hru18,0.0,0.0,0.005,0.0,0.0,0.0,0.0,0.0,0.0,0.0,2019-01-08
19,hru19,0.0,0.0,0.005,0.0,0.0,0.0,0.0,0.0,0.0,0.0,2019-01-08
20,hru20,0.0,0.0,0.005,0.0,0.0,0.0,0.0,0.0,0.0,0.0,2019-01-08
21,hru21,0.0,0.0,0.005,0.0,0.0,0.0,0.0,0.0,0.0,0.0,2019-01-08
22,hru22,0.0,0.0,0.005,0.0,0.0,0.0,0.0,0.0,0.0,0.0,2019-01-08
23,hru23,0.0,0.0,0.005,0.0,0.0,0.0,0.0,0.0,0.0,0.0,2019-01-08
24,hru24,0.0,0.0,0.005,0.0,0.0,0.0,0.0,0.0,0.0,0.0,2019-01-08
25,hru25,0.0,0.0,0.005,0.0,0.0,0.0,0.0,0.0,0.0,0.0,2019-01-08
26,hru26,0.0,0.0,0.005,0.0,0.0,0.0,0.0,0.0,0.0,0.0,2019-01-08
27,hru27,0.0,0.0,0.005,0.0,0.0,0.0,0.0,0.0,0.0,0.0,2019-01-08
28,hru28,0.0,0.0,0.005,0.0,0.0,0.0,0.0,0.0,0.0,0.0,2019-01-08
29,hru29,0.0,0.0,0.005,0.0,0.0,0.0,0.0,0.0,0.0,0.0,2019-01-08
30,hru30,0.0,0.0,0.005,0.0,0.0,0.0,0.0,0.0,0.0,0.0,2019-01-08
31,hru31,0.0,0.0,0.004,0.0,0.0,0.0,0.0,0.0,0.0,0.0,2019-01-08
32,hru32,0.0,0.0,0.005,0.0,0.0,0.0,0.0,0.0,0.0,0.0,2019-01-08
33,hru33,0.0,0.0,0.005,0.0,0.0,0.0,0.0,0.0,0.0,0.0,2019-01-08
34,hru34,0.0,0.0,0.005,0.0,0.0,0.0,0.0,0.0,0.0,0.0,2019-01-08
35,hru35,0.0,0.0,0.004,0.0,0.0,0.0,0.0,0.0,0.0,0.0,2019-01-08
36,hru36,0.0,0.0,0.005,0.0,0.0,0.0,0.0,0.0,0.0,0.0,2019-01-08
1,hru01,0.0,0.0,0.004,0.0,0.0,0.0,0.0,0.0,0.0,0.0,2019-01-09
2,hru02,0.0,0.0,0.005,0.0,0.0,0.0,0.0,0.0,0.0,0.0,2019-01-09
3,hru03,0.0,0.0,0.004,0.0,0.0,0.0,0.0,0.0,0.0,0.0,2019-01-09
4,hru04,0.0,0.0,0.004,0.0,0.0,0.0,0.0,0.0,0.0,0.0,2019-01-09
5,hru05,0.0,0.0,0.004,0.0,0.0,0.0,0.0,0.0,0.0,0.0,2019-01-09
6,hru06,0.0,0.0,0.004,0.0,0.0,0.0,0.0,0.0,0.0,0.0,2019-01-09
7,hru07,0.0,0.0,0.005,0.0,0.0,0.0,0.0,0.0,0.0,0.0,2019-01-09
8,hru08,0.0,0.0,0.004,0.0,0.0,0.0,0.0,0.0,0.0,0.0,2019-01-09
9,hru09,0.0,0.0,0.005,0.0,0.0,0.0,0.0,0.0,0.0,0.0,2019-01-09
10,hru10,0.0,0.0,0.005,0.0,0.0,0.0,0.0,0.0,0.0,0.0,2019-01-09
11,hru11,0.0,0.0,0.005,0.0,0.0,0.0,0.0,0.0,0.0,0.0,2019-01-09
12,hru12,0.0,0.0,0.005,0.0,0.0,0.0,0.0,0.0,0.0,0.0,2019-01-09
13,hru13,0.0,0.0,0.005,0.0,0.0,0.0,0.0,0.0,0.0,0.0,2019-01-09
14,hru14,0.0,0.0,0.005,0.0,0.0,0.0,0.0,0.0,0.0,0.0,2019-01-09
15,hru15,0.0,0.0,0.005,0.0,0.0,0.0,0.0,0.0,0.0,0.0,2019-01-09
16,hru16,0.0,0.0,0.005,0.0,0.0,0.0,0.0,0.0,0.0,0.0,2019-01-09
17,hru17,0.0,0.0,0.005,0.0,0.0,0.0,0.0,0.0,0.0,0.0,2019-01-09
18,hru18,0.0,0.0,0.005,0.0,0.0,0.0,0.0,0.0,0.0,0.0,2019-01-09
19,hru19,0.0,0.0,0.005,0.0,0.0,0.0,0.0,0.0,0.0,0.0,2019-01-09
20,hru20,0.0,0.0,0.005,0.0,0.0,0.0,0.0,0.0,0.0,0.0,2019-01-09
21,hru21,0.0,0.0,0.005,0.0,0.0,0.0,0.0,0.0,0.0,0.0,2019-01-09
22,hru22,0.0,0.0,0.005,0.0,0.0,0.0,0.0,0.0,0.0,0.0,2019-01-09
23,hru23,0.0,0.0,0.005,0.0,0.0,0.0,0.0,0.0,0.0,0.0,2019-01-09
24,hru24,0.0,0.0,0.005,0.0,0.0,0.0,0.0,0.0,0.0,0.0,2019-01-09
25,hru25,0.0,0.0,0.005,0.0,0.0,0.0,0.0,0.0,0.0,0.0,2019-01-09
26,hru26,0.0,0.0,0.005,0.0,0.0,0.0,0.0,0.0,0.0,0.0,2019-01-09
27,hru27,0.0,0.0,0.005,0.0,0.0,0.0,0.0,0.0,0.0,0.0,2019-01-09
28,hru28,0.0,0.0,0.005,0.0,0.0,0.0,0.0,0.0,0.0,0.0,2019-01-09
29,hru29,0.0,0.0,0.005,0.0,0.0,0.0,0.0,0.0,0.0,0.0,2019-01-09
30,hru30,0.0,0.0,0.005,0.0,0.0,0.0,0.0,0.0,0.0,0.0,2019-01-09
31,hru31,0.0,0.0,0.004,0.0,0.0,0.0,0.0,0.0,0.0,0.0,2019-01-09
32,hru32,0.0,0.0,0.005,0.0,0.0,0.0,0.0,0.0,0.0,0.0,2019-01-09
33,hru33,0.0,0.0,0.005,0.0,0.0,0.0,0.0,0.0,0.0,0.0,2019-01-09
34,hru34,0.0,0.0,0.005,0.0,0.0,0.0,0.0,0.0,0.0,0.0,2019-01-09
35,hru35,0.0,0.0,0.004,0.0,0.0,0.0,0.0,0.0,0.0,0.0,2019-01-09
36,hru36,0.0,0.0,0.005,0.0,0.0,0.0,0.0,0.0,0.0,0.0,2019-01-09
1,hru01,0.0,0.0,0.004,0.0,0.0,0.0,0.0,0.0,0.0,0.0,2019-01-10
2,hru02,0.0,0.0,0.005,0.0,0.0,0.0,0.0,0.0,0.0,0.0,2019-01-10
3,hru03,0.0,0.0,0.004,0.0,0.0,0.0,0.0,0.0,0.0,0.0,2019-01-10
4,hru04,0.0,0.0,0.004,0.0,0.0,0.0,0.0,0.0,0.0,0.0,2019-01-10
5,hru05,0.0,0.0,0.004,0.0,0.0,0.0,0.0,0.0,0.0,0.0,2019-01-10
6,hru06,0.0,0.0,0.004,0.0,0.0,0.0,0.0,0.0,0.0,0.0,2019-01-10
7,hru07,0.0,0.0,0.005,0.0,0.0,0.0,0.0,0.0,0.0,0.0,2019-01-10
8,hru08,0.0,0.0,0.004,0.0,0.0,0.0,0.0,0.0,0.0,0.0,2019-01-10
9,hru09,0.0,0.0,0.005,0.0,0.0,0.0,0.0,0.0,0.0,0.0,2019-01-10
10,hru10,0.0,0.0,0.005,0.0,0.0,0.0,0.0,0.0,0.0,0.0,2019-01-10
11,hru11,0.0,0.0,0.005,0.0,0.0,0.0,0.0,0.0,0.0,0.0,2019-01-10
12,hru12,0.0,0.0,0.005,0.0,0.0,0.0,0.0,0.0,0.0,0.0,2019-01-10
13,hru13,0.0,0.0,0.005,0.0,0.0,0.0,0.0,0.0,0.0,0.0,2019-01-10
14,hru14,0.0,0.0,0.005,0.0,0.0,0.0,0.0,0.0,0.0,0.0,2019-01-10
15,hru15,0.0,0.0,0.005,0.0,0.0,0.0,0.0,0.0,0.0,0.0,2019-01-10
16,hru16,0.0,0.0,0.005,0.0,0.0,0.0,0.0,0.0,0.0,0.0,2019-01-10
17,hru17,0.0,0.0,0.005,0.0,0.0,0.0,0.0,0.0,0.0,0.0,2019-01-10
18,hru18,0.0,0.0,0.005,0.0,0.0,0.0,0.0,0.0,0.0,0.0,2019-01-10
19,hru19,0.0,0.0,0.005,0.0,0.0,0.0,0.0,0.0,0.0,0.0,2019-01-10
20,hru20,0.0,0.0,0.005,0.0,0.0,0.0,0.0,0.0,0.0,0.0,2019-01-10
21,hru21,0.0,0.0,0.005,0.0,0.0,0.0,0.0,0.0,0.0,0.0,2019-01-10
22,hru22,0.0,0.0,0.005,0.0,0.0,0.0,0.0,0.0,0.0,0.0,2019-01-10
23,hru23,0.0,0.0,0.005,0.0,0.0,0.0,0.0,0.0,0.0,0.0,2019-01-10
24,hru24,0.0,0.0,0.005,0.0,0.0,0.0,0.0,0.0,0.0,0.0,2019-01-10
25,hru25,0.0,0.0,0.005,0.0,0.0,0.0,0.0,0.0,0.0,0.0,2019-01-10
26,hru26,0.0,0.0,0.005,0.0,0.0,0.0,0.0,0.0,0.0,0.0,2019-01-10
27,hru27,0.0,0.0,0.005,0.0,0.0,0.0,0.0,0.0,0.0,0.0,2019-01-10
28,hru28,0.0,0.0,0.005,0.0,0.0,0.0,0.0,0.0,0.0,0.0,2019-01-10
29,hru29,0.0,0.0,0.005,0.0,0.0,0.0,0.0,0.0,0.0,0.0,2019-01-10
30,hru30,0.0,0.0,0.005,0.0,0.0,0.0,0.0,0.0,0.0,0.0,2019-01-10
31,hru31,0.0,0.0,0.004,0.0,0.0,0.0,0.0,0.0,0.0,0.0,2019-01-10
32,hru32,0.0,0.0,0.005,0.0,0.0,0.0,0.0,0.0,0.0,0.0,2019-01-10
33,hru33,0.0,0.0,0.005,0.0,0.0,0.0,0.0,0.0,0.0,0.0,2019-01-10
34,hru34,0.0,0.0,0.005,0.0,0.0,0.0,0.0,0.0,0.0,0.0,2019-01-10
35,hru35,0.0,0.0,0.004,0.0,0.0,0.0,0.0,0.0,0.0,0.0,2019-01-10
36,hru36,0.0,0.0,0.005,0.0,0.0,0.0,0.0,0.0,0.0,0.0,2019-01-10
1,hru01,0.0,0.0,0.004,0.0,0.0,0.0,0.0,0.0,0.0,0.0,2019-01-11
2,hru02,0.0,0.0,0.005,0.0,0.0,0.0,0.0,0.0,0.0,0.0,2019-01-11
3,hru03,0.0,0.0,0.004,0.0,0.0,0.0,0.0,0.0,0.0,0.0,2019-01-11
4,hru04,0.0,0.0,0.004,0.0,0.0,0.0,0.0,0.0,0.0,0.0,2019-01-11
5,hru05,0.0,0.0,0.004,0.0,0.0,0.0,0.0,0.0,0.0,0.0,2019-01-11
6,hru06,0.0,0.0,0.004,0.0,0.0,0.0,0.0,0.0,0.0,0.0,2019-01-11
7,hru07,0.0,0.0,0.005,0.0,0.0,0.0,0.0,0.0,0.0,0.0,2019-01-11
8,hru08,0.0,0.0,0.004,0.0,0.0,0.0,0.0,0.0,0.0,0.0,2019-01-11
9,hru09,0.0,0.0,0.005,0.0,0.0,0.0,0.0,0.0,0.0,0.0,2019-01-11
10,hru10,0.0,0.0,0.005,0.0,0.0,0.0,0.0,0.0,0.0,0.0,2019-01-11
11,hru11,0.0,0.0,0.005,0.0,0.0,0.0,0.0,0.0,0.0,0.0,2019-01-11
12,hru12,0.0,0.0,0.005,0.0,0.0,0.0,0.0,0.0,0.0,0.0,2019-01-11
13,hru13,0.0,0.0,0.005,0.0,0.0,0.0,0.0,0.0,0.0,0.0,2019-01-11
14,hru14,0.0,0.0,0.005,0.0,0.0,0.0,0.0,0.0,0.0,0.0,2019-01-11
15,hru15,0.0,0.0,0.005,0.0,0.0,0.0,0.0,0.0,0.0,0.0,2019-01-11
16,hru16,0.0,0.0,0.005,0.0,0.0,0.0,0.0,0.0,0.0,0.0,2019-01-11
17,hru17,0.0,0.0,0.005,0.0,0.0,0.0,0.0,0.0,0.0,0.0,2019-01-11
18,hru18,0.0,0.0,0.005,0.0,0.0,0.0,0.0,0.0,0.0,0.0,2019-01-11
19,hru19,0.0,0.0,0.005,0.0,0.0,0.0,0.0,0.0,0.0,0.0,2019-01-11
20,hru20,0.0,0.0,0.005,0.0,0.0,0.0,0.0,0.0,0.0,0.0,2019-01-11
21,hru21,0.0,0.0,0.005,0.0,0.0,0.0,0.0,0.0,0.0,0.0,2019-01-11
22,hru22,0.0,0.0,0.005,0.0,0.0,0.0,0.0,0.0,0.0,0.0,2019-01-11
23,hru23,0.0,0.0,0.005,0.0,0.0,0.0,0.0,0.0,0.0,0.0,2019-01-11
24,hru24,0.0,0.0,0.005,0.0,0.0,0.0,0.0,0.0,0.0,0.0,2019-01-11
25,hru25,0.0,0.0,0.005,0.0,0.0,0.0,0.0,0.0,0.0,0.0,2019-01-11
26,hru26,0.0,0.0,0.005,0.0,0.0,0.0,0.0,0.0,0.0,0.0,2019-01-11
27,hru27,0.0,0.0,0.005,0.0,0.0,0.0,0.0,0.0,0.0,0.0,2019-01-11
28,hru28,0.0,0.0,0.005,0.0,0.0,0.0,0.0,0.0,0.0,0.0,2019-01-11
29,hru29,0.0,0.0,0.005,0.0,0.0,0.0,0.0,0.0,0.0,0.0,2019-01-11
30,hru30,0.0,0.0,0.005,0.0,0.0,0.0,0.0,0.0,0.0,0.0,2019-01-11
31,hru31,0.0,0.0,0.004,0.0,0.0,0.0,0.0,0.0,0.0,0.0,2019-01-11
32,hru32,0.0,0.0,0.005,0.0,0.0,0.0,0.0,0.0,0.0,0.0,2019-01-11
33,hru33,0.0,0.0,0.005,0.0,0.0,0.0,0.0,0.0,0.0,0.0,2019-01-11
34,hru34,0.0,0.0,0.005,0.0,0.0,0.0,0.0,0.0,0.0,0.0,2019-01-11
35,hru35,0.0,0.0,0.004,0.0,0.0,0.0,0.0,0.0,0.0,0.0,2019-01-11
36,hru36,0.0,0.0,0.005,0.0,0.0,0.0,0.0,0.0,0.0,0.0,2019-01-11
1,hru01,0.0,0.0,0.004,0.0,0.0,0.0,0.0,0.0,0.0,0.0,2019-01-12
2,hru02,0.0,0.0,0.005,0.0,0.0,0.0,0.0,0.0,0.0,0.0,2019-01-12
3,hru03,0.0,0.0,0.004,0.0,0.0,0.0,0.0,0.0,0.0,0.0,2019-01-12
4,hru04,0.0,0.0,0.004,0.0,0.0,0.0,0.0,0.0,0.0,0.0,2019-01-12
5,hru05,0.0,0.0,0.004,0.0,0.0,0.0,0.0,0.0,0.0,0.0,2019-01-12
6,hru06,0.0,0.0,0.004,0.0,0.0,0.0,0.0,0.0,0.0,0.0,2019-01-12
7,hru07,0.0,0.0,0.005,0.0,0.0,0.0,0.0,0.0,0.0,0.0,2019-01-12
8,hru08,0.0,0.0,0.004,0.0,0.0,0.0,0.0,0.0,0.0,0.0,2019-01-12
9,hru09,0.0,0.0,0.005,0.0,0.0,0.0,0.0,0.0,0.0,0.0,2019-01-12
10,hru10,0.0,0.0,0.005,0.0,0.0,0.0,0.0,0.0,0.0,0.0,2019-01-12
11,hru11,0.0,0.0,0.005,0.0,0.0,0.0,0.0,0.0,0.0,0.0,2019-01-12
12,hru12,0.0,0.0,0.005,0.0,0.0,0.0,0.0,0.0,0.0,0.0,2019-01-12
13,hru13,0.0,0.0,0.005,0.0,0.0,0.0,0.0,0.0,0.0,0.0,2019-01-12
14,hru14,0.0,0.0,0.005,0.0,0.0,0.0,0.0,0.0,0.0,0.0,2019-01-12
15,hru15,0.0,0.0,0.005,0.0,0.0,0.0,0.0,0.0,0.0,0.0,2019-01-12
16,hru16,0.0,0.0,0.005,0.0,0.0,0.0,0.0,0.0,0.0,0.0,2019-01-12
17,hru17,0.0,0.0,0.005,0.0,0.0,0.0,0.0,0.0,0.0,0.0,2019-01-12
18,hru18,0.0,0.0,0.005,0.0,0.0,0.0,0.0,0.0,0.0,0.0,2019-01-12
19,hru19,0.0,0.0,0.005,0.0,0.0,0.0,0.0,0.0,0.0,0.0,2019-01-12
20,hru20,0.0,0.0,0.005,0.0,0.0,0.0,0.0,0.0,0.0,0.0,2019-01-12
21,hru21,0.0,0.0,0.005,0.0,0.0,0.0,0.0,0.0,0.0,0.0,2019-01-12
22,hru22,0.0,0.0,0.005,0.0,0.0,0.0,0.0,0.0,0.0,0.0,2019-01-12
23,hru23,0.0,0.0,0.005,0.0,0.0,0.0,0.0,0.0,0.0,0.0,2019-01-12
24,hru24,0.0,0.0,0.005,0.0,0.0,0.0,0.0,0.0,0.0,0.0,2019-01-12
25,hru25,0.0,0.0,0.005,0.0,0.0,0.0,0.0,0.0,0.0,0.0,2019-01-12
26,hru26,0.0,0.0,0.005,0.0,0.0,0.0,0.0,0.0,0.0,0.0,2019-01-12
27,hru27,0.0,0.0,0.005,0.0,0.0,0.0,0.0,0.0,0.0,0.0,2019-01-12
28,hru28,0.0,0.0,0.005,0.0,0.0,0.0,0.0,0.0,0.0,0.0,2019-01-12
29,hru29,0.0,0.0,0.005,0.0,0.0,0.0,0.0,0.0,0.0,0.0,2019-01-12
30,hru30,0.0,0.0,0.005,0.0,0.0,0.0,0.0,0.0,0.0,0.0,2019-01-12
31,hru31,0.0,0.0,0.004,0.0,0.0,0.0,0.0,0.0,0.0,0.0,2019-01-12
32,hru32,0.0,0.0,0.005,0.0,0.0,0.0,0.0,0.0,0.0,0.0,2019-01-12
33,hru33,0.0,0.0,0.005,0.0,0.0,0.0,0.0,0.0,0.0,0.0,2019-01-12
34,hru34,0.0,0.0,0.005,0.0,0.0,0.0,0.0,0.0,0.0,0.0,2019-01-12
35,hru35,0.0,0.0,0.004,0.0,0.0,0.0,0.0,0.0,0.0,0.0,2019-01-12
36,hru36,0.0,0.0,0.005,0.0,0.0,0.0,0.0,0.0,0.0,0.0,2019-01-12
1,hru01,0.0,0.0,0.004,0.0,0.0,0.0,0.0,0.0,0.0,0.0,2019-01-13
2,hru02,0.0,0.0,0.005,0.0,0.0,0.0,0.0,0.0,0.0,0.0,2019-01-13
3,hru03,0.0,0.0,0.004,0.0,0.0,0.0,0.0,0.0,0.0,0.0,2019-01-13
4,hru04,0.0,0.0,0.004,0.0,0.0,0.0,0.0,0.0,0.0,0.0,2019-01-13
5,hru05,0.0,0.0,0.004,0.0,0.0,0.0,0.0,0.0,0.0,0.0,2019-01-13
6,hru06,0.0,0.0,0.004,0.0,0.0,0.0,0.0,0.0,0.0,0.0,2019-01-13
7,hru07,0.0,0.0,0.005,0.0,0.0,0.0,0.0,0.0,0.0,0.0,2019-01-13
8,hru08,0.0,0.0,0.004,0.0,0.0,0.0,0.0,0.0,0.0,0.0,2019-01-13
9,hru09,0.0,0.0,0.005,0.0,0.0,0.0,0.0,0.0,0.0,0.0,2019-01-13
10,hru10,0.0,0.0,0.005,0.0,0.0,0.0,0.0,0.0,0.0,0.0,2019-01-13
11,hru11,0.0,0.0,0.005,0.0,0.0,0.0,0.0,0.0,0.0,0.0,2019-01-13
12,hru12,0.0,0.0,0.005,0.0,0.0,0.0,0.0,0.0,0.0,0.0,2019-01-13
13,hru13,0.0,0.0,0.005,0.0,0.0,0.0,0.0,0.0,0.0,0.0,2019-01-13
14,hru14,0.0,0.0,0.005,0.0,0.0,0.0,0.0,0.0,0.0,0.0,2019-01-13
15,hru15,0.0,0.0,0.005,0.0,0.0,0.0,0.0,0.0,0.0,0.0,2019-01-13
16,hru16,0.0,0.0,0.005,0.0,0.0,0.0,0.0,0.0,0.0,0.0,2019-01-13
17,hru17,0.0,0.0,0.005,0.0,0.0,0.0,0.0,0.0,0.0,0.0,2019-01-13
18,hru18,0.0,0.0,0.005,0.0,0.0,0.0,0.0,0.0,0.0,0.0,2019-01-13
19,hru19,0.0,0.0,0.005,0.0,0.0,0.0,0.0,0.0,0.0,0.0,2019-01-13
20,hru20,0.0,0.0,0.005,0.0,0.0,0.0,0.0,0.0,0.0,0.0,2019-01-13
21,hru21,0.0,0.0,0.005,0.0,0.0,0.0,0.0,0.0,0.0,0.0,2019-01-13
22,hru22,0.0,0.0,0.005,0.0,0.0,0.0,0.0,0.0,0.0,0.0,2019-01-13
23,hru23,0.0,0.0,0.005,0.0,0.0,0.0,0.0,0.0,0.0,0.0,2019-01-13
24,hru24,0.0,0.0,0.005,0.0,0.0,0.0,0.0,0.0,0.0,0.0,2019-01-13
25,hru25,0.0,0.0,0.005,0.0,0.0,0.0,0.0,0.0,0.0,0.0,2019-01-13
26,hru26,0.0,0.0,0.005,0.0,0.0,0.0,0.0,0.0,0.0,0.0,2019-01-13
27,hru27,0.0,0.0,0.005,0.0,0.0,0.0,0.0,0.0,0.0,0.0,2019-01-13
28,hru28,0.0,0.0,0.005,0.0,0.0,0.0,0.0,0.0,0.0,0.0,2019-01-13
29,hru29,0.0,0.0,0.005,0.0,0.0,0.0,0.0,0.0,0.0,0.0,2019-01-13
30,hru30,0.0,0.0,0.005,0.0,0.0,0.0,0.0,0.0,0.0,0.0,2019-01-13
31,hru31,0.0,0.0,0.004,0.0,0.0,0.0,0.0,0.0,0.0,0.0,2019-01-13
32,hru32,0.0,0.0,0.005,0.0,0.0,0.0,0.0,0.0,0.0,0.0,2019-01-13
33,hru33,0.0,0.0,0.005,0.0,0.0,0.0,0.0,0.0,0.0,0.0,2019-01-13
34,hru34,0.0,0.0,0.005,0.0,0.0,0.0,0.0,0.0,0.0,0.0,2019-01-13
35,hru35,0.0,0.0,0.004,0.0,0.0,0.0,0.0,0.0,0.0,0.0,2019-01-13
36,hru36,0.0,0.0,0.005,0.0,0.0,0.0,0.0,0.0,0.0,0.0,2019-01-13
1,hru01,0.0,0.0,0.004,0.0,0.0,0.0,0.0,0.0,0.0,0.0,2019-01-14
2,hru02,0.0,0.0,0.005,0.0,0.0,0.0,0.0,0.0,0.0,0.0,2019-01-14
3,hru03,0.0,0.0,0.004,0.0,0.0,0.0,0.0,0.0,0.0,0.0,2019-01-14
4,hru04,0.0,0.0,0.004,0.0,0.0,0.0,0.0,0.0,0.0,0.0,2019-01-14
5,hru05,0.0,0.0,0.004,0.0,0.0,0.0,0.0,0.0,0.0,0.0,2019-01-14
6,hru06,0.0,0.0,0.004,0.0,0.0,0.0,0.0,0.0,0.0,0.0,2019-01-14
7,hru07,0.0,0.0,0.005,0.0,0.0,0.0,0.0,0.0,0.0,0.0,2019-01-14
8,hru08,0.0,0.0,0.004,0.0,0.0,0.0,0.0,0.0,0.0,0.0,2019-01-14
9,hru09,0.0,0.0,0.005,0.0,0.0,0.0,0.0,0.0,0.0,0.0,2019-01-14
10,hru10,0.0,0.0,0.005,0.0,0.0,0.0,0.0,0.0,0.0,0.0,2019-01-14
11,hru11,0.0,0.0,0.005,0.0,0.0,0.0,0.0,0.0,0.0,0.0,2019-01-14
12,hru12,0.0,0.0,0.005,0.0,0.0,0.0,0.0,0.0,0.0,0.0,2019-01-14
13,hru13,0.0,0.0,0.005,0.0,0.0,0.0,0.0,0.0,0.0,0.0,2019-01-14
14,hru14,0.0,0.0,0.005,0.0,0.0,0.0,0.0,0.0,0.0,0.0,2019-01-14
15,hru15,0.0,0.0,0.005,0.0,0.0,0.0,0.0,0.0,0.0,0.0,2019-01-14
16,hru16,0.0,0.0,0.005,0.0,0.0,0.0,0.0,0.0,0.0,0.0,2019-01-14
17,hru17,0.0,0.0,0.005,0.0,0.0,0.0,0.0,0.0,0.0,0.0,2019-01-14
18,hru18,0.0,0.0,0.005,0.0,0.0,0.0,0.0,0.0,0.0,0.0,2019-01-14
19,hru19,0.0,0.0,0.005,0.0,0.0,0.0,0.0,0.0,0.0,0.0,2019-01-14
20,hru20,0.0,0.0,0.005,0.0,0.0,0.0,0.0,0.0,0.0,0.0,2019-01-14
21,hru21,0.0,0.0,0.005,0.0,0.0,0.0,0.0,0.0,0.0,0.0,2019-01-14
22,hru22,0.0,0.0,0.005,0.0,0.0,0.0,0.0,0.0,0.0,0.0,2019-01-14
23,hru23,0.0,0.0,0.005,0.0,0.0,0.0,0.0,0.0,0.0,0.0,2019-01-14
24,hru24,0.0,0.0,0.005,0.0,0.0,0.0,0.0,0.0,0.0,0.0,2019-01-14
25,hru25,0.0,0.0,0.005,0.0,0.0,0.0,0.0,0.0,0.0,0.0,2019-01-14
26,hru26,0.0,0.0,0.005,0.0,0.0,0.0,0.0,0.0,0.0,0.0,2019-01-14
27,hru27,0.0,0.0,0.005,0.0,0.0,0.0,0.0,0.0,0.0,0.0,2019-01-14
28,hru28,0.0,0.0,0.005,0.0,0.0,0.0,0.0,0.0,0.0,0.0,2019-01-14
29,hru29,0.0,0.0,0.005,0.0,0.0,0.0,0.0,0.0,0.0,0.0,2019-01-14
30,hru30,0.0,0.0,0.005,0.0,0.0,0.0,0.0,0.0,0.0,0.0,2019-01-14
31,hru31,0.0,0.0,0.004,0.0,0.0,0.0,0.0,0.0,0.0,0.0,2019-01-14
32,hru32,0.0,0.0,0.005,0.0,0.0,0.0,0.0,0.0,0.0,0.0,2019-01-14
33,hru33,0.0,0.0,0.005,0.0,0.0,0.0,0.0,0.0,0.0,0.0,2019-01-14
34,hru34,0.0,0.0,0.005,0.0,0.0,0.0,0.0,0.0,0.0,0.0,2019-01-14
35,hru35,0.0,0.0,0.004,0.0,0.0,0.0,0.0,0.0,0.0,0.0,2019-01-14
36,hru36,0.0,0.0,0.005,0.0,0.0,0.0,0.0,0.0,0.0,0.0,2019-01-14
1,hru01,0.0,0.0,0.004,0.0,0.0,0.0,0.0,0.0,0.0,0.0,2019-01-15
2,hru02,0.0,0.0,0.005,0.0,0.0,0.0,0.0,0.0,0.0,0.0,2019-01-15
3,hru03,0.0,0.0,0.004,0.0,0.0,0.0,0.0,0.0,0.0,0.0,2019-01-15
4,hru04,0.0,0.0,0.004,0.0,0.0,0.0,0.0,0.0,0.0,0.0,2019-01-15
5,hru05,0.0,0.0,0.004,0.0,0.0,0.0,0.0,0.0,0.0,0.0,2019-01-15
6,hru06,0.0,0.0,0.004,0.0,0.0,0.0,0.0,0.0,0.0,0.0,2019-01-15
7,hru07,0.0,0.0,0.005,0.0,0.0,0.0,0.0,0.0,0.0,0.0,2019-01-15
8,hru08,0.0,0.0,0.004,0.0,0.0,0.0,0.0,0.0,0.0,0.0,2019-01-15
9,hru09,0.0,0.0,0.005,0.0,0.0,0.0,0.0,0.0,0.0,0.0,2019-01-15
10,hru10,0.0,0.0,0.005,0.0,0.0,0.0,0.0,0.0,0.0,0.0,2019-01-15
11,hru11,0.0,0.0,0.005,0.0,0.0,0.0,0.0,0.0,0.0,0.0,2019-01-15
12,hru12,0.0,0.0,0.005,0.0,0.0,0.0,0.0,0.0,0.0,0.0,2019-01-15
13,hru13,0.0,0.0,0.005,0.0,0.0,0.0,0.0,0.0,0.0,0.0,2019-01-15
14,hru14,0.0,0.0,0.005,0.0,0.0,0.0,0.0,0.0,0.0,0.0,2019-01-15
15,hru15,0.0,0.0,0.005,0.0,0.0,0.0,0.0,0.0,0.0,0.0,2019-01-15
16,hru16,0.0,0.0,0.005,0.0,0.0,0.0,0.0,0.0,0.0,0.0,2019-01-15
17,hru17,0.0,0.0,0.005,0.0,0.0,0.0,0.0,0.0,0.0,0.0,2019-01-15
18,hru18,0.0,0.0,0.005,0.0,0.0,0.0,0.0,0.0,0.0,0.0,2019-01-15
19,hru19,0.0,0.0,0.005,0.0,0.0,0.0,0.0,0.0,0.0,0.0,2019-01-15
20,hru20,0.0,0.0,0.005,0.0,0.0,0.0,0.0,0.0,0.0,0.0,2019-01-15
21,hru21,0.0,0.0,0.005,0.0,0.0,0.0,0.0,0.0,0.0,0.0,2019-01-15
22,hru22,0.0,0.0,0.005,0.0,0.0,0.0,0.0,0.0,0.0,0.0,2019-01-15
23,hru23,0.0,0.0,0.005,0.0,0.0,0.0,0.0,0.0,0.0,0.0,2019-01-15
24,hru24,0.0,0.0,0.005,0.0,0.0,0.0,0.0,0.0,0.0,0.0,2019-01-15
25,hru25,0.0,0.0,0.005,0.0,0.0,0.0,0.0,0.0,0.0,0.0,2019-01-15
26,hru26,0.0,0.0,0.005,0.0,0.0,0.0,0.0,0.0,0.0,0.0,2019-01-15
27,hru27,0.0,0.0,0.005,0.0,0.0,0.0,0.0,0.0,0.0,0.0,2019-01-15
28,hru28,0.0,0.0,0.005,0.0,0.0,0.0,0.0,0.0,0.0,0.0,2019-01-15
29,hru29,0.0,0.0,0.005,0.0,0.0,0.0,0.0,0.0,0.0,0.0,2019-01-15
30,hru30,0.0,0.0,0.005,0.0,0.0,0.0,0.0,0.0,0.0,0.0,2019-01-15
31,hru31,0.0,0.0,0.004,0.0,0.0,0.0,0.0,0.0,0.0,0.0,2019-01-15
32,hru32,0.0,0.0,0.005,0.0,0.0,0.0,0.0,0.0,0.0,0.0,2019-01-15
33,hru33,0.0,0.0,0.005,0.0,0.0,0.0,0.0,0.0,0.0,0.0,2019-01-15
34,hru34,0.0,0.0,0.005,0.0,0.0,0.0,0.0,0.0,0.0,0.0,2019-01-15
35,hru35,0.0,0.0,0.004,0.0,0.0,0.0,0.0,0.0,0.0,0.0,2019-01-15
36,hru36,0.0,0.0,0.005,0.0,0.0,0.0,0.0,0.0,0.0,0.0,2019-01-15
1,hru01,0.0,0.0,0.004,0.0,0.0,0.0,0.0,0.0,0.0,0.0,2019-01-16
2,hru02,0.0,0.0,0.005,0.0,0.0,0.0,0.0,0.0,0.0,0.0,2019-01-16
3,hru03,0.0,0.0,0.004,0.0,0.0,0.0,0.0,0.0,0.0,0.0,2019-01-16
4,hru04,0.0,0.0,0.004,0.0,0.0,0.0,0.0,0.0,0.0,0.0,2019-01-16
5,hru05,0.0,0.0,0.004,0.0,0.0,0.0,0.0,0.0,0.0,0.0,2019-01-16
6,hru06,0.0,0.0,0.004,0.0,0.0,0.0,0.0,0.0,0.0,0.0,2019-01-16
7,hru07,0.0,0.0,0.005,0.0,0.0,0.0,0.0,0.0,0.0,0.0,2019-01-16
8,hru08,0.0,0.0,0.004,0.0,0.0,0.0,0.0,0.0,0.0,0.0,2019-01-16
9,hru09,0.0,0.0,0.005,0.0,0.0,0.0,0.0,0.0,0.0,0.0,2019-01-16
10,hru10,0.0,0.0,0.005,0.0,0.0,0.0,0.0,0.0,0.0,0.0,2019-01-16
11,hru11,0.0,0.0,0.005,0.0,0.0,0.0,0.0,0.0,0.0,0.0,2019-01-16
12,hru12,0.0,0.0,0.005,0.0,0.0,0.0,0.0,0.0,0.0,0.0,2019-01-16
13,hru13,0.0,0.0,0.005,0.0,0.0,0.0,0.0,0.0,0.0,0.0,2019-01-16
14,hru14,0.0,0.0,0.005,0.0,0.0,0.0,0.0,0.0,0.0,0.0,2019-01-16
15,hru15,0.0,0.0,0.005,0.0,0.0,0.0,0.0,0.0,0.0,0.0,2019-01-16
16,hru16,0.0,0.0,0.005,0.0,0.0,0.0,0.0,0.0,0.0,0.0,2019-01-16
17,hru17,0.0,0.0,0.005,0.0,0.0,0.0,0.0,0.0,0.0,0.0,2019-01-16
18,hru18,0.0,0.0,0.005,0.0,0.0,0.0,0.0,0.0,0.0,0.0,2019-01-16
19,hru19,0.0,0.0,0.005,0.0,0.0,0.0,0.0,0.0,0.0,0.0,2019-01-16
20,hru20,0.0,0.0,0.005,0.0,0.0,0.0,0.0,0.0,0.0,0.0,2019-01-16
21,hru21,0.0,0.0,0.005,0.0,0.0,0.0,0.0,0.0,0.0,0.0,2019-01-16
22,hru22,0.0,0.0,0.005,0.0,0.0,0.0,0.0,0.0,0.0,0.0,2019-01-16
23,hru23,0.0,0.0,0.005,0.0,0.0,0.0,0.0,0.0,0.0,0.0,2019-01-16
24,hru24,0.0,0.0,0.005,0.0,0.0,0.0,0.0,0.0,0.0,0.0,2019-01-16
25,hru25,0.0,0.0,0.005,0.0,0.0,0.0,0.0,0.0,0.0,0.0,2019-01-16
26,hru26,0.0,0.0,0.005,0.0,0.0,0.0,0.0,0.0,0.0,0.0,2019-01-16
27,hru27,0.0,0.0,0.005,0.0,0.0,0.0,0.0,0.0,0.0,0.0,2019-01-16
28,hru28,0.0,0.0,0.005,0.0,0.0,0.0,0.0,0.0,0.0,0.0,2019-01-16
29,hru29,0.0,0.0,0.005,0.0,0.0,0.0,0.0,0.0,0.0,0.0,2019-01-16
30,hru30,0.0,0.0,0.005,0.0,0.0,0.0,0.0,0.0,0.0,0.0,2019-01-16
31,hru31,0.0,0.0,0.004,0.0,0.0,0.0,0.0,0.0,0.0,0.0,2019-01-16
32,hru32,0.0,0.0,0.005,0.0,0.0,0.0,0.0,0.0,0.0,0.0,2019-01-16
33,hru33,0.0,0.0,0.005,0.0,0.0,0.0,0.0,0.0,0.0,0.0,2019-01-16
34,hru34,0.0,0.0,0.005,0.0,0.0,0.0,0.0,0.0,0.0,0.0,2019-01-16
35,hru35,0.0,0.0,0.004,0.0,0.0,0.0,0.0,0.0,0.0,0.0,2019-01-16
36,hru36,0.0,0.0,0.005,0.0,0.0,0.0,0.0,0.0,0.0,0.0,2019-01-16
1,hru01,0.0,0.0,0.004,0.0,0.0,0.0,0.0,0.0,0.0,0.0,2019-01-17
2,hru02,0.0,0.0,0.005,0.0,0.0,0.0,0.0,0.0,0.0,0.0,2019-01-17
3,hru03,0.0,0.0,0.004,0.0,0.0,0.0,0.0,0.0,0.0,0.0,2019-01-17
4,hru04,0.0,0.0,0.004,0.0,0.0,0.0,0.0,0.0,0.0,0.0,2019-01-17
5,hru05,0.0,0.0,0.004,0.0,0.0,0.0,0.0,0.0,0.0,0.0,2019-01-17
6,hru06,0.0,0.0,0.004,0.0,0.0,0.0,0.0,0.0,0.0,0.0,2019-01-17
7,hru07,0.0,0.0,0.005,0.0,0.0,0.0,0.0,0.0,0.0,0.0,2019-01-17
8,hru08,0.0,0.0,0.004,0.0,0.0,0.0,0.0,0.0,0.0,0.0,2019-01-17
9,hru09,0.0,0.0,0.005,0.0,0.0,0.0,0.0,0.0,0.0,0.0,2019-01-17
10,hru10,0.0,0.0,0.005,0.0,0.0,0.0,0.0,0.0,0.0,0.0,2019-01-17
11,hru11,0.0,0.0,0.005,0.0,0.0,0.0,0.0,0.0,0.0,0.0,2019-01-17
12,hru12,0.0,0.0,0.005,0.0,0.0,0.0,0.0,0.0,0.0,0.0,2019-01-17
13,hru13,0.0,0.0,0.005,0.0,0.0,0.0,0.0,0.0,0.0,0.0,2019-01-17
14,hru14,0.0,0.0,0.005,0.0,0.0,0.0,0.0,0.0,0.0,0.0,2019-01-17
15,hru15,0.0,0.0,0.005,0.0,0.0,0.0,0.0,0.0,0.0,0.0,2019-01-17
16,hru16,0.0,0.0,0.005,0.0,0.0,0.0,0.0,0.0,0.0,0.0,2019-01-17
17,hru17,0.0,0.0,0.005,0.0,0.0,0.0,0.0,0.0,0.0,0.0,2019-01-17
18,hru18,0.0,0.0,0.005,0.0,0.0,0.0,0.0,0.0,0.0,0.0,2019-01-17
19,hru19,0.0,0.0,0.005,0.0,0.0,0.0,0.0,0.0,0.0,0.0,2019-01-17
20,hru20,0.0,0.0,0.005,0.0,0.0,0.0,0.0,0.0,0.0,0.0,2019-01-17
21,hru21,0.0,0.0,0.005,0.0,0.0,0.0,0.0,0.0,0.0,0.0,2019-01-17
22,hru22,0.0,0.0,0.005,0.0,0.0,0.0,0.0,0.0,0.0,0.0,2019-01-17
23,hru23,0.0,0.0,0.005,0.0,0.0,0.0,0.0,0.0,0.0,0.0,2019-01-17
24,hru24,0.0,0.0,0.005,0.0,0.0,0.0,0.0,0.0,0.0,0.0,2019-01-17
25,hru25,0.0,0.0,0.005,0.0,0.0,0.0,0.0,0.0,0.0,0.0,2019-01-17
26,hru26,0.0,0.0,0.005,0.0,0.0,0.0,0.0,0.0,0.0,0.0,2019-01-17
27,hru27,0.0,0.0,0.005,0.0,0.0,0.0,0.0,0.0,0.0,0.0,2019-01-17
28,hru28,0.0,0.0,0.005,0.0,0.0,0.0,0.0,0.0,0.0,0.0,2019-01-17
29,hru29,0.0,0.0,0.005,0.0,0.0,0.0,0.0,0.0,0.0,0.0,2019-01-17
30,hru30,0.0,0.0,0.005,0.0,0.0,0.0,0.0,0.0,0.0,0.0,2019-01-17
31,hru31,0.0,0.0,0.004,0.0,0.0,0.0,0.0,0.0,0.0,0.0,2019-01-17
32,hru32,0.0,0.0,0.005,0.0,0.0,0.0,0.0,0.0,0.0,0.0,2019-01-17
33,hru33,0.0,0.0,0.005,0.0,0.0,0.0,0.0,0.0,0.0,0.0,2019-01-17
34,hru34,0.0,0.0,0.005,0.0,0.0,0.0,0.0,0.0,0.0,0.0,2019-01-17
35,hru35,0.0,0.0,0.004,0.0,0.0,0.0,0.0,0.0,0.0,0.0,2019-01-17
36,hru36,0.0,0.0,0.005,0.0,0.0,0.0,0.0,0.0,0.0,0.0,2019-01-17
1,hru01,0.0,0.0,0.004,0.0,0.0,0.0,0.0,0.0,0.0,0.0,2019-01-18
2,hru02,0.0,0.0,0.005,0.0,0.0,0.0,0.0,0.0,0.0,0.0,2019-01-18
3,hru03,0.0,0.0,0.004,0.0,0.0,0.0,0.0,0.0,0.0,0.0,2019-01-18
4,hru04,0.0,0.0,0.004,0.0,0.0,0.0,0.0,0.0,0.0,0.0,2019-01-18
5,hru05,0.0,0.0,0.004,0.0,0.0,0.0,0.0,0.0,0.0,0.0,2019-01-18
6,hru06,0.0,0.0,0.004,0.0,0.0,0.0,0.0,0.0,0.0,0.0,2019-01-18
7,hru07,0.0,0.0,0.005,0.0,0.0,0.0,0.0,0.0,0.0,0.0,2019-01-18
8,hru08,0.0,0.0,0.004,0.0,0.0,0.0,0.0,0.0,0.0,0.0,2019-01-18
9,hru09,0.0,0.0,0.005,0.0,0.0,0.0,0.0,0.0,0.0,0.0,2019-01-18
10,hru10,0.0,0.0,0.005,0.0,0.0,0.0,0.0,0.0,0.0,0.0,2019-01-18
11,hru11,0.0,0.0,0.005,0.0,0.0,0.0,0.0,0.0,0.0,0.0,2019-01-18
12,hru12,0.0,0.0,0.005,0.0,0.0,0.0,0.0,0.0,0.0,0.0,2019-01-18
13,hru13,0.0,0.0,0.005,0.0,0.0,0.0,0.0,0.0,0.0,0.0,2019-01-18
14,hru14,0.0,0.0,0.005,0.0,0.0,0.0,0.0,0.0,0.0,0.0,2019-01-18
15,hru15,0.0,0.0,0.005,0.0,0.0,0.0,0.0,0.0,0.0,0.0,2019-01-18
16,hru16,0.0,0.0,0.005,0.0,0.0,0.0,0.0,0.0,0.0,0.0,2019-01-18
17,hru17,0.0,0.0,0.005,0.0,0.0,0.0,0.0,0.0,0.0,0.0,2019-01-18
18,hru18,0.0,0.0,0.005,0.0,0.0,0.0,0.0,0.0,0.0,0.0,2019-01-18
19,hru19,0.0,0.0,0.005,0.0,0.0,0.0,0.0,0.0,0.0,0.0,2019-01-18
20,hru20,0.0,0.0,0.005,0.0,0.0,0.0,0.0,0.0,0.0,0.0,2019-01-18
21,hru21,0.0,0.0,0.005,0.0,0.0,0.0,0.0,0.0,0.0,0.0,2019-01-18
22,hru22,0.0,0.0,0.005,0.0,0.0,0.0,0.0,0.0,0.0,0.0,2019-01-18
23,hru23,0.0,0.0,0.005,0.0,0.0,0.0,0.0,0.0,0.0,0.0,2019-01-18
24,hru24,0.0,0.0,0.005,0.0,0.0,0.0,0.0,0.0,0.0,0.0,2019-01-18
25,hru25,0.0,0.0,0.005,0.0,0.0,0.0,0.0,0.0,0.0,0.0,2019-01-18
26,hru26,0.0,0.0,0.005,0.0,0.0,0.0,0.0,0.0,0.0,0.0,2019-01-18
27,hru27,0.0,0.0,0.005,0.0,0.0,0.0,0.0,0.0,0.0,0.0,2019-01-18
28,hru28,0.0,0.0,0.005,0.0,0.0,0.0,0.0,0.0,0.0,0.0,2019-01-18
29,hru29,0.0,0.0,0.005,0.0,0.0,0.0,0.0,0.0,0.0,0.0,2019-01-18
30,hru30,0.0,0.0,0.005,0.0,0.0,0.0,0.0,0.0,0.0,0.0,2019-01-18
31,hru31,0.0,0.0,0.004,0.0,0.0,0.0,0.0,0.0,0.0,0.0,2019-01-18
32,hru32,0.0,0.0,0.005,0.0,0.0,0.0,0.0,0.0,0.0,0.0,2019-01-18
33,hru33,0.0,0.0,0.005,0.0,0.0,0.0,0.0,0.0,0.0,0.0,2019-01-18
34,hru34,0.0,0.0,0.005,0.0,0.0,0.0,0.0,0.0,0.0,0.0,2019-01-18
35,hru35,0.0,0.0,0.004,0.0,0.0,0.0,0.0,0.0,0.0,0.0,2019-01-18
36,hru36,0.0,0.0,0.005,0.0,0.0,0.0,0.0,0.0,0.0,0.0,2019-01-18
1,hru01,0.0,0.0,0.004,0.0,0.0,0.0,0.0,0.0,0.0,0.0,2019-01-19
2,hru02,0.0,0.0,0.005,0.0,0.0,0.0,0.0,0.0,0.0,0.0,2019-01-19
3,hru03,0.0,0.0,0.004,0.0,0.0,0.0,0.0,0.0,0.0,0.0,2019-01-19
4,hru04,0.0,0.0,0.004,0.0,0.0,0.0,0.0,0.0,0.0,0.0,2019-01-19
5,hru05,0.0,0.0,0.004,0.0,0.0,0.0,0.0,0.0,0.0,0.0,2019-01-19
6,hru06,0.0,0.0,0.004,0.0,0.0,0.0,0.0,0.0,0.0,0.0,2019-01-19
7,hru07,0.0,0.0,0.005,0.0,0.0,0.0,0.0,0.0,0.0,0.0,2019-01-19
8,hru08,0.0,0.0,0.004,0.0,0.0,0.0,0.0,0.0,0.0,0.0,2019-01-19
9,hru09,0.0,0.0,0.005,0.0,0.0,0.0,0.0,0.0,0.0,0.0,2019-01-19
10,hru10,0.0,0.0,0.005,0.0,0.0,0.0,0.0,0.0,0.0,0.0,2019-01-19
11,hru11,0.0,0.0,0.005,0.0,0.0,0.0,0.0,0.0,0.0,0.0,2019-01-19
12,hru12,0.0,0.0,0.005,0.0,0.0,0.0,0.0,0.0,0.0,0.0,2019-01-19
13,hru13,0.0,0.0,0.005,0.0,0.0,0.0,0.0,0.0,0.0,0.0,2019-01-19
14,hru14,0.0,0.0,0.005,0.0,0.0,0.0,0.0,0.0,0.0,0.0,2019-01-19
15,hru15,0.0,0.0,0.005,0.0,0.0,0.0,0.0,0.0,0.0,0.0,2019-01-19
16,hru16,0.0,0.0,0.005,0.0,0.0,0.0,0.0,0.0,0.0,0.0,2019-01-19
17,hru17,0.0,0.0,0.005,0.0,0.0,0.0,0.0,0.0,0.0,0.0,2019-01-19
18,hru18,0.0,0.0,0.005,0.0,0.0,0.0,0.0,0.0,0.0,0.0,2019-01-19
19,hru19,0.0,0.0,0.005,0.0,0.0,0.0,0.0,0.0,0.0,0.0,2019-01-19
20,hru20,0.0,0.0,0.005,0.0,0.0,0.0,0.0,0.0,0.0,0.0,2019-01-19
21,hru21,0.0,0.0,0.005,0.0,0.0,0.0,0.0,0.0,0.0,0.0,2019-01-19
22,hru22,0.0,0.0,0.005,0.0,0.0,0.0,0.0,0.0,0.0,0.0,2019-01-19
23,hru23,0.0,0.0,0.005,0.0,0.0,0.0,0.0,0.0,0.0,0.0,2019-01-19
24,hru24,0.0,0.0,0.005,0.0,0.0,0.0,0.0,0.0,0.0,0.0,2019-01-19
25,hru25,0.0,0.0,0.005,0.0,0.0,0.0,0.0,0.0,0.0,0.0,2019-01-19
26,hru26,0.0,0.0,0.005,0.0,0.0,0.0,0.0,0.0,0.0,0.0,2019-01-19
27,hru27,0.0,0.0,0.005,0.0,0.0,0.0,0.0,0.0,0.0,0.0,2019-01-19
28,hru28,0.0,0.0,0.005,0.0,0.0,0.0,0.0,0.0,0.0,0.0,2019-01-19
29,hru29,0.0,0.0,0.005,0.0,0.0,0.0,0.0,0.0,0.0,0.0,2019-01-19
30,hru30,0.0,0.0,0.005,0.0,0.0,0.0,0.0,0.0,0.0,0.0,2019-01-19
31,hru31,0.0,0.0,0.004,0.0,0.0,0.0,0.0,0.0,0.0,0.0,2019-01-19
32,hru32,0.0,0.0,0.005,0.0,0.0,0.0,0.0,0.0,0.0,0.0,2019-01-19
33,hru33,0.0,0.0,0.005,0.0,0.0,0.0,0.0,0.0,0.0,0.0,2019-01-19
34,hru34,0.0,0.0,0.005,0.0,0.0,0.0,0.0,0.0,0.0,0.0,2019-01-19
35,hru35,0.0,0.0,0.004,0.0,0.0,0.0,0.0,0.0,0.0,0.0,2019-01-19
36,hru36,0.0,0.0,0.005,0.0,0.0,0.0,0.0,0.0,0.0,0.0,2019-01-19
1,hru01,0.0,0.0,0.004,0.0,0.0,0.0,0.0,0.0,0.0,0.0,2019-01-20
2,hru02,0.0,0.0,0.005,0.0,0.0,0.0,0.0,0.0,0.0,0.0,2019-01-20
3,hru03,0.0,0.0,0.004,0.0,0.0,0.0,0.0,0.0,0.0,0.0,2019-01-20
4,hru04,0.0,0.0,0.004,0.0,0.0,0.0,0.0,0.0,0.0,0.0,2019-01-20
5,hru05,0.0,0.0,0.004,0.0,0.0,0.0,0.0,0.0,0.0,0.0,2019-01-20
6,hru06,0.0,0.0,0.004,0.0,0.0,0.0,0.0,0.0,0.0,0.0,2019-01-20
7,hru07,0.0,0.0,0.005,0.0,0.0,0.0,0.0,0.0,0.0,0.0,2019-01-20
8,hru08,0.0,0.0,0.004,0.0,0.0,0.0,0.0,0.0,0.0,0.0,2019-01-20
9,hru09,0.0,0.0,0.005,0.0,0.0,0.0,0.0,0.0,0.0,0.0,2019-01-20
10,hru10,0.0,0.0,0.005,0.0,0.0,0.0,0.0,0.0,0.0,0.0,2019-01-20
11,hru11,0.0,0.0,0.005,0.0,0.0,0.0,0.0,0.0,0.0,0.0,2019-01-20
12,hru12,0.0,0.0,0.005,0.0,0.0,0.0,0.0,0.0,0.0,0.0,2019-01-20
13,hru13,0.0,0.0,0.005,0.0,0.0,0.0,0.0,0.0,0.0,0.0,2019-01-20
14,hru14,0.0,0.0,0.005,0.0,0.0,0.0,0.0,0.0,0.0,0.0,2019-01-20
15,hru15,0.0,0.0,0.005,0.0,0.0,0.0,0.0,0.0,0.0,0.0,2019-01-20
16,hru16,0.0,0.0,0.005,0.0,0.0,0.0,0.0,0.0,0.0,0.0,2019-01-20
17,hru17,0.0,0.0,0.005,0.0,0.0,0.0,0.0,0.0,0.0,0.0,2019-01-20
18,hru18,0.0,0.0,0.005,0.0,0.0,0.0,0.0,0.0,0.0,0.0,2019-01-20
19,hru19,0.0,0.0,0.005,0.0,0.0,0.0,0.0,0.0,0.0,0.0,2019-01-20
20,hru20,0.0,0.0,0.005,0.0,0.0,0.0,0.0,0.0,0.0,0.0,2019-01-20
21,hru21,0.0,0.0,0.005,0.0,0.0,0.0,0.0,0.0,0.0,0.0,2019-01-20
22,hru22,0.0,0.0,0.005,0.0,0.0,0.0,0.0,0.0,0.0,0.0,2019-01-20
23,hru23,0.0,0.0,0.005,0.0,0.0,0.0,0.0,0.0,0.0,0.0,2019-01-20
24,hru24,0.0,0.0,0.005,0.0,0.0,0.0,0.0,0.0,0.0,0.0,2019-01-20
25,hru25,0.0,0.0,0.005,0.0,0.0,0.0,0.0,0.0,0.0,0.0,2019-01-20
26,hru26,0.0,0.0,0.005,0.0,0.0,0.0,0.0,0.0,0.0,0.0,2019-01-20
27,hru27,0.0,0.0,0.005,0.0,0.0,0.0,0.0,0.0,0.0,0.0,2019-01-20
28,hru28,0.0,0.0,0.005,0.0,0.0,0.0,0.0,0.0,0.0,0.0,2019-01-20
29,hru29,0.0,0.0,0.005,0.0,0.0,0.0,0.0,0.0,0.0,0.0,2019-01-20
30,hru30,0.0,0.0,0.005,0.0,0.0,0.0,0.0,0.0,0.0,0.0,2019-01-20
31,hru31,0.0,0.0,0.004,0.0,0.0,0.0,0.0,0.0,0.0,0.0,2019-01-20
32,hru32,0.0,0.0,0.005,0.0,0.0,0.0,0.0,0.0,0.0,0.0,2019-01-20
33,hru33,0.0,0.0,0.005,0.0,0.0,0.0,0.0,0.0,0.0,0.0,2019-01-20
34,hru34,0.0,0.0,0.005,0.0,0.0,0.0,0.0,0.0,0.0,0.0,2019-01-20
35,hru35,0.0,0.0,0.004,0.0,0.0,0.0,0.0,0.0,0.0,0.0,2019-01-20
36,hru36,0.0,0.0,0.005,0.0,0.0,0.0,0.0,0.0,0.0,0.0,2019-01-20
1,hru01,0.0,0.0,0.004,0.0,0.0,0.0,0.0,0.0,0.0,0.0,2019-01-21
2,hru02,0.0,0.0,0.005,0.0,0.0,0.0,0.0,0.0,0.0,0.0,2019-01-21
3,hru03,0.0,0.0,0.004,0.0,0.0,0.0,0.0,0.0,0.0,0.0,2019-01-21
4,hru04,0.0,0.0,0.004,0.0,0.0,0.0,0.0,0.0,0.0,0.0,2019-01-21
5,hru05,0.0,0.0,0.004,0.0,0.0,0.0,0.0,0.0,0.0,0.0,2019-01-21
6,hru06,0.0,0.0,0.004,0.0,0.0,0.0,0.0,0.0,0.0,0.0,2019-01-21
7,hru07,0.0,0.0,0.005,0.0,0.0,0.0,0.0,0.0,0.0,0.0,2019-01-21
8,hru08,0.0,0.0,0.004,0.0,0.0,0.0,0.0,0.0,0.0,0.0,2019-01-21
9,hru09,0.0,0.0,0.005,0.0,0.0,0.0,0.0,0.0,0.0,0.0,2019-01-21
10,hru10,0.0,0.0,0.005,0.0,0.0,0.0,0.0,0.0,0.0,0.0,2019-01-21
11,hru11,0.0,0.0,0.005,0.0,0.0,0.0,0.0,0.0,0.0,0.0,2019-01-21
12,hru12,0.0,0.0,0.005,0.0,0.0,0.0,0.0,0.0,0.0,0.0,2019-01-21
13,hru13,0.0,0.0,0.005,0.0,0.0,0.0,0.0,0.0,0.0,0.0,2019-01-21
14,hru14,0.0,0.0,0.005,0.0,0.0,0.0,0.0,0.0,0.0,0.0,2019-01-21
15,hru15,0.0,0.0,0.005,0.0,0.0,0.0,0.0,0.0,0.0,0.0,2019-01-21
16,hru16,0.0,0.0,0.005,0.0,0.0,0.0,0.0,0.0,0.0,0.0,2019-01-21
17,hru17,0.0,0.0,0.005,0.0,0.0,0.0,0.0,0.0,0.0,0.0,2019-01-21
18,hru18,0.0,0.0,0.005,0.0,0.0,0.0,0.0,0.0,0.0,0.0,2019-01-21
19,hru19,0.0,0.0,0.005,0.0,0.0,0.0,0.0,0.0,0.0,0.0,2019-01-21
20,hru20,0.0,0.0,0.005,0.0,0.0,0.0,0.0,0.0,0.0,0.0,2019-01-21
21,hru21,0.0,0.0,0.005,0.0,0.0,0.0,0.0,0.0,0.0,0.0,2019-01-21
22,hru22,0.0,0.0,0.005,0.0,0.0,0.0,0.0,0.0,0.0,0.0,2019-01-21
23,hru23,0.0,0.0,0.005,0.0,0.0,0.0,0.0,0.0,0.0,0.0,2019-01-21
24,hru24,0.0,0.0,0.005,0.0,0.0,0.0,0.0,0.0,0.0,0.0,2019-01-21
25,hru25,0.0,0.0,0.005,0.0,0.0,0.0,0.0,0.0,0.0,0.0,2019-01-21
26,hru26,0.0,0.0,0.005,0.0,0.0,0.0,0.0,0.0,0.0,0.0,2019-01-21
27,hru27,0.0,0.0,0.005,0.0,0.0,0.0,0.0,0.0,0.0,0.0,2019-01-21
28,hru28,0.0,0.0,0.005,0.0,0.0,0.0,0.0,0.0,0.0,0.0,2019-01-21
29,hru29,0.0,0.0,0.005,0.0,0.0,0.0,0.0,0.0,0.0,0.0,2019-01-21
30,hru30,0.0,0.0,0.005,0.0,0.0,0.0,0.0,0.0,0.0,0.0,2019-01-21
31,hru31,0.0,0.0,0.004,0.0,0.0,0.0,0.0,0.0,0.0,0.0,2019-01-21
32,hru32,0.0,0.0,0.005,0.0,0.0,0.0,0.0,0.0,0.0,0.0,2019-01-21
33,hru33,0.0,0.0,0.005,0.0,0.0,0.0,0.0,0.0,0.0,0.0,2019-01-21
34,hru34,0.0,0.0,0.005,0.0,0.0,0.0,0.0,0.0,0.0,0.0,2019-01-21
35,hru35,0.0,0.0,0.004,0.0,0.0,0.0,0.0,0.0,0.0,0.0,2019-01-21
36,hru36,0.0,0.0,0.005,0.0,0.0,0.0,0.0,0.0,0.0,0.0,2019-01-21
1,hru01,0.0,0.0,0.004,0.0,0.0,0.0,0.0,0.0,0.0,0.0,2019-01-22
2,hru02,0.0,0.0,0.005,0.0,0.0,0.0,0.0,0.0,0.0,0.0,2019-01-22
3,hru03,0.0,0.0,0.004,0.0,0.0,0.0,0.0,0.0,0.0,0.0,2019-01-22
4,hru04,0.0,0.0,0.004,0.0,0.0,0.0,0.0,0.0,0.0,0.0,2019-01-22
5,hru05,0.0,0.0,0.004,0.0,0.0,0.0,0.0,0.0,0.0,0.0,2019-01-22
6,hru06,0.0,0.0,0.004,0.0,0.0,0.0,0.0,0.0,0.0,0.0,2019-01-22
7,hru07,0.0,0.0,0.005,0.0,0.0,0.0,0.0,0.0,0.0,0.0,2019-01-22
8,hru08,0.0,0.0,0.004,0.0,0.0,0.0,0.0,0.0,0.0,0.0,2019-01-22
9,hru09,0.0,0.0,0.005,0.0,0.0,0.0,0.0,0.0,0.0,0.0,2019-01-22
10,hru10,0.0,0.0,0.005,0.0,0.0,0.0,0.0,0.0,0.0,0.0,2019-01-22
11,hru11,0.0,0.0,0.005,0.0,0.0,0.0,0.0,0.0,0.0,0.0,2019-01-22
12,hru12,0.0,0.0,0.005,0.0,0.0,0.0,0.0,0.0,0.0,0.0,2019-01-22
13,hru13,0.0,0.0,0.005,0.0,0.0,0.0,0.0,0.0,0.0,0.0,2019-01-22
14,hru14,0.0,0.0,0.005,0.0,0.0,0.0,0.0,0.0,0.0,0.0,2019-01-22
15,hru15,0.0,0.0,0.005,0.0,0.0,0.0,0.0,0.0,0.0,0.0,2019-01-22
16,hru16,0.0,0.0,0.005,0.0,0.0,0.0,0.0,0.0,0.0,0.0,2019-01-22
17,hru17,0.0,0.0,0.005,0.0,0.0,0.0,0.0,0.0,0.0,0.0,2019-01-22
18,hru18,0.0,0.0,0.005,0.0,0.0,0.0,0.0,0.0,0.0,0.0,2019-01-22
19,hru19,0.0,0.0,0.005,0.0,0.0,0.0,0.0,0.0,0.0,0.0,2019-01-22
20,hru20,0.0,0.0,0.005,0.0,0.0,0.0,0.0,0.0,0.0,0.0,2019-01-22
21,hru21,0.0,0.0,0.005,0.0,0.0,0.0,0.0,0.0,0.0,0.0,2019-01-22
22,hru22,0.0,0.0,0.005,0.0,0.0,0.0,0.0,0.0,0.0,0.0,2019-01-22
23,hru23,0.0,0.0,0.005,0.0,0.0,0.0,0.0,0.0,0.0,0.0,2019-01-22
24,hru24,0.0,0.0,0.005,0.0,0.0,0.0,0.0,0.0,0.0,0.0,2019-01-22
25,hru25,0.0,0.0,0.005,0.0,0.0,0.0,0.0,0.0,0.0,0.0,2019-01-22
26,hru26,0.0,0.0,0.005,0.0,0.0,0.0,0.0,0.0,0.0,0.0,2019-01-22
27,hru27,0.0,0.0,0.005,0.0,0.0,0.0,0.0,0.0,0.0,0.0,2019-01-22
28,hru28,0.0,0.0,0.005,0.0,0.0,0.0,0.0,0.0,0.0,0.0,2019-01-22
29,hru29,0.0,0.0,0.005,0.0,0.0,0.0,0.0,0.0,0.0,0.0,2019-01-22
30,hru30,0.0,0.0,0.005,0.0,0.0,0.0,0.0,0.0,0.0,0.0,2019-01-22
31,hru31,0.0,0.0,0.004,0.0,0.0,0.0,0.0,0.0,0.0,0.0,2019-01-22
32,hru32,0.0,0.0,0.005,0.0,0.0,0.0,0.0,0.0,0.0,0.0,2019-01-22
33,hru33,0.0,0.0,0.005,0.0,0.0,0.0,0.0,0.0,0.0,0.0,2019-01-22
34,hru34,0.0,0.0,0.005,0.0,0.0,0.0,0.0,0.0,0.0,0.0,2019-01-22
35,hru35,0.0,0.0,0.004,0.0,0.0,0.0,0.0,0.0,0.0,0.0,2019-01-22
36,hru36,0.0,0.0,0.005,0.0,0.0,0.0,0.0,0.0,0.0,0.0,2019-01-22
1,hru01,0.0,0.0,0.004,0.0,0.0,0.0,0.0,0.0,0.0,0.0,2019-01-23
2,hru02,0.0,0.0,0.005,0.0,0.0,0.0,0.0,0.0,0.0,0.0,2019-01-23
3,hru03,0.0,0.0,0.004,0.0,0.0,0.0,0.0,0.0,0.0,0.0,2019-01-23
4,hru04,0.0,0.0,0.004,0.0,0.0,0.0,0.0,0.0,0.0,0.0,2019-01-23
5,hru05,0.0,0.0,0.004,0.0,0.0,0.0,0.0,0.0,0.0,0.0,2019-01-23
6,hru06,0.0,0.0,0.004,0.0,0.0,0.0,0.0,0.0,0.0,0.0,2019-01-23
7,hru07,0.0,0.0,0.005,0.0,0.0,0.0,0.0,0.0,0.0,0.0,2019-01-23
8,hru08,0.0,0.0,0.004,0.0,0.0,0.0,0.0,0.0,0.0,0.0,2019-01-23
9,hru09,0.0,0.0,0.005,0.0,0.0,0.0,0.0,0.0,0.0,0.0,2019-01-23
10,hru10,0.0,0.0,0.005,0.0,0.0,0.0,0.0,0.0,0.0,0.0,2019-01-23
11,hru11,0.0,0.0,0.005,0.0,0.0,0.0,0.0,0.0,0.0,0.0,2019-01-23
12,hru12,0.0,0.0,0.005,0.0,0.0,0.0,0.0,0.0,0.0,0.0,2019-01-23
13,hru13,0.0,0.0,0.005,0.0,0.0,0.0,0.0,0.0,0.0,0.0,2019-01-23
14,hru14,0.0,0.0,0.005,0.0,0.0,0.0,0.0,0.0,0.0,0.0,2019-01-23
15,hru15,0.0,0.0,0.005,0.0,0.0,0.0,0.0,0.0,0.0,0.0,2019-01-23
16,hru16,0.0,0.0,0.005,0.0,0.0,0.0,0.0,0.0,0.0,0.0,2019-01-23
17,hru17,0.0,0.0,0.005,0.0,0.0,0.0,0.0,0.0,0.0,0.0,2019-01-23
18,hru18,0.0,0.0,0.005,0.0,0.0,0.0,0.0,0.0,0.0,0.0,2019-01-23
19,hru19,0.0,0.0,0.005,0.0,0.0,0.0,0.0,0.0,0.0,0.0,2019-01-23
20,hru20,0.0,0.0,0.005,0.0,0.0,0.0,0.0,0.0,0.0,0.0,2019-01-23
21,hru21,0.0,0.0,0.005,0.0,0.0,0.0,0.0,0.0,0.0,0.0,2019-01-23
22,hru22,0.0,0.0,0.005,0.0,0.0,0.0,0.0,0.0,0.0,0.0,2019-01-23
23,hru23,0.0,0.0,0.005,0.0,0.0,0.0,0.0,0.0,0.0,0.0,2019-01-23
24,hru24,0.0,0.0,0.005,0.0,0.0,0.0,0.0,0.0,0.0,0.0,2019-01-23
25,hru25,0.0,0.0,0.005,0.0,0.0,0.0,0.0,0.0,0.0,0.0,2019-01-23
26,hru26,0.0,0.0,0.005,0.0,0.0,0.0,0.0,0.0,0.0,0.0,2019-01-23
27,hru27,0.0,0.0,0.005,0.0,0.0,0.0,0.0,0.0,0.0,0.0,2019-01-23
28,hru28,0.0,0.0,0.005,0.0,0.0,0.0,0.0,0.0,0.0,0.0,2019-01-23
29,hru29,0.0,0.0,0.005,0.0,0.0,0.0,0.0,0.0,0.0,0.0,2019-01-23
30,hru30,0.0,0.0,0.005,0.0,0.0,0.0,0.0,0.0,0.0,0.0,2019-01-23
31,hru31,0.0,0.0,0.004,0.0,0.0,0.0,0.0,0.0,0.0,0.0,2019-01-23
32,hru32,0.0,0.0,0.005,0.0,0.0,0.0,0.0,0.0,0.0,0.0,2019-01-23
33,hru33,0.0,0.0,0.005,0.0,0.0,0.0,0.0,0.0,0.0,0.0,2019-01-23
34,hru34,0.0,0.0,0.005,0.0,0.0,0.0,0.0,0.0,0.0,0.0,2019-01-23
35,hru35,0.0,0.0,0.004,0.0,0.0,0.0,0.0,0.0,0.0,0.0,2019-01-23
36,hru36,0.0,0.0,0.005,0.0,0.0,0.0,0.0,0.0,0.0,0.0,2019-01-23
1,hru01,0.0,0.0,0.004,0.0,0.0,0.0,0.0,0.0,0.0,0.0,2019-01-24
2,hru02,0.0,0.0,0.005,0.0,0.0,0.0,0.0,0.0,0.0,0.0,2019-01-24
3,hru03,0.0,0.0,0.004,0.0,0.0,0.0,0.0,0.0,0.0,0.0,2019-01-24
4,hru04,0.0,0.0,0.004,0.0,0.0,0.0,0.0,0.0,0.0,0.0,2019-01-24
5,hru05,0.0,0.0,0.004,0.0,0.0,0.0,0.0,0.0,0.0,0.0,2019-01-24
6,hru06,0.0,0.0,0.004,0.0,0.0,0.0,0.0,0.0,0.0,0.0,2019-01-24
7,hru07,0.0,0.0,0.005,0.0,0.0,0.0,0.0,0.0,0.0,0.0,2019-01-24
8,hru08,0.0,0.0,0.004,0.0,0.0,0.0,0.0,0.0,0.0,0.0,2019-01-24
9,hru09,0.0,0.0,0.005,0.0,0.0,0.0,0.0,0.0,0.0,0.0,2019-01-24
10,hru10,0.0,0.0,0.005,0.0,0.0,0.0,0.0,0.0,0.0,0.0,2019-01-24
11,hru11,0.0,0.0,0.005,0.0,0.0,0.0,0.0,0.0,0.0,0.0,2019-01-24
12,hru12,0.0,0.0,0.005,0.0,0.0,0.0,0.0,0.0,0.0,0.0,2019-01-24
13,hru13,0.0,0.0,0.005,0.0,0.0,0.0,0.0,0.0,0.0,0.0,2019-01-24
14,hru14,0.0,0.0,0.005,0.0,0.0,0.0,0.0,0.0,0.0,0.0,2019-01-24
15,hru15,0.0,0.0,0.005,0.0,0.0,0.0,0.0,0.0,0.0,0.0,2019-01-24
16,hru16,0.0,0.0,0.005,0.0,0.0,0.0,0.0,0.0,0.0,0.0,2019-01-24
17,hru17,0.0,0.0,0.005,0.0,0.0,0.0,0.0,0.0,0.0,0.0,2019-01-24
18,hru18,0.0,0.0,0.005,0.0,0.0,0.0,0.0,0.0,0.0,0.0,2019-01-24
19,hru19,0.0,0.0,0.005,0.0,0.0,0.0,0.0,0.0,0.0,0.0,2019-01-24
20,hru20,0.0,0.0,0.005,0.0,0.0,0.0,0.0,0.0,0.0,0.0,2019-01-24
21,hru21,0.0,0.0,0.005,0.0,0.0,0.0,0.0,0.0,0.0,0.0,2019-01-24
22,hru22,0.0,0.0,0.005,0.0,0.0,0.0,0.0,0.0,0.0,0.0,2019-01-24
23,hru23,0.0,0.0,0.005,0.0,0.0,0.0,0.0,0.0,0.0,0.0,2019-01-24
24,hru24,0.0,0.0,0.005,0.0,0.0,0.0,0.0,0.0,0.0,0.0,2019-01-24
25,hru25,0.0,0.0,0.005,0.0,0.0,0.0,0.0,0.0,0.0,0.0,2019-01-24
26,hru26,0.0,0.0,0.005,0.0,0.0,0.0,0.0,0.0,0.0,0.0,2019-01-24
27,hru27,0.0,0.0,0.005,0.0,0.0,0.0,0.0,0.0,0.0,0.0,2019-01-24
28,hru28,0.0,0.0,0.005,0.0,0.0,0.0,0.0,0.0,0.0,0.0,2019-01-24
29,hru29,0.0,0.0,0.005,0.0,0.0,0.0,0.0,0.0,0.0,0.0,2019-01-24
30,hru30,0.0,0.0,0.005,0.0,0.0,0.0,0.0,0.0,0.0,0.0,2019-01-24
31,hru31,0.0,0.0,0.004,0.0,0.0,0.0,0.0,0.0,0.0,0.0,2019-01-24
32,hru32,0.0,0.0,0.005,0.0,0.0,0.0,0.0,0.0,0.0,0.0,2019-01-24
33,hru33,0.0,0.0,0.005,0.0,0.0,0.0,0.0,0.0,0.0,0.0,2019-01-24
34,hru34,0.0,0.0,0.005,0.0,0.0,0.0,0.0,0.0,0.0,0.0,2019-01-24
35,hru35,0.0,0.0,0.004,0.0,0.0,0.0,0.0,0.0,0.0,0.0,2019-01-24
36,hru36,0.0,0.0,0.005,0.0,0.0,0.0,0.0,0.0,0.0,0.0,2019-01-24
1,hru01,0.0,0.0,0.004,0.0,0.0,0.0,0.0,0.0,0.0,0.0,2019-01-25
2,hru02,0.0,0.0,0.005,0.0,0.0,0.0,0.0,0.0,0.0,0.0,2019-01-25
3,hru03,0.0,0.0,0.004,0.0,0.0,0.0,0.0,0.0,0.0,0.0,2019-01-25
4,hru04,0.0,0.0,0.004,0.0,0.0,0.0,0.0,0.0,0.0,0.0,2019-01-25
5,hru05,0.0,0.0,0.004,0.0,0.0,0.0,0.0,0.0,0.0,0.0,2019-01-25
6,hru06,0.0,0.0,0.004,0.0,0.0,0.0,0.0,0.0,0.0,0.0,2019-01-25
7,hru07,0.0,0.0,0.005,0.0,0.0,0.0,0.0,0.0,0.0,0.0,2019-01-25
8,hru08,0.0,0.0,0.004,0.0,0.0,0.0,0.0,0.0,0.0,0.0,2019-01-25
9,hru09,0.0,0.0,0.005,0.0,0.0,0.0,0.0,0.0,0.0,0.0,2019-01-25
10,hru10,0.0,0.0,0.005,0.0,0.0,0.0,0.0,0.0,0.0,0.0,2019-01-25
11,hru11,0.0,0.0,0.005,0.0,0.0,0.0,0.0,0.0,0.0,0.0,2019-01-25
12,hru12,0.0,0.0,0.005,0.0,0.0,0.0,0.0,0.0,0.0,0.0,2019-01-25
13,hru13,0.0,0.0,0.005,0.0,0.0,0.0,0.0,0.0,0.0,0.0,2019-01-25
14,hru14,0.0,0.0,0.005,0.0,0.0,0.0,0.0,0.0,0.0,0.0,2019-01-25
15,hru15,0.0,0.0,0.005,0.0,0.0,0.0,0.0,0.0,0.0,0.0,2019-01-25
16,hru16,0.0,0.0,0.005,0.0,0.0,0.0,0.0,0.0,0.0,0.0,2019-01-25
17,hru17,0.0,0.0,0.005,0.0,0.0,0.0,0.0,0.0,0.0,0.0,2019-01-25
18,hru18,0.0,0.0,0.005,0.0,0.0,0.0,0.0,0.0,0.0,0.0,2019-01-25
19,hru19,0.0,0.0,0.005,0.0,0.0,0.0,0.0,0.0,0.0,0.0,2019-01-25
20,hru20,0.0,0.0,0.005,0.0,0.0,0.0,0.0,0.0,0.0,0.0,2019-01-25
21,hru21,0.0,0.0,0.005,0.0,0.0,0.0,0.0,0.0,0.0,0.0,2019-01-25
22,hru22,0.0,0.0,0.005,0.0,0.0,0.0,0.0,0.0,0.0,0.0,2019-01-25
23,hru23,0.0,0.0,0.005,0.0,0.0,0.0,0.0,0.0,0.0,0.0,2019-01-25
24,hru24,0.0,0.0,0.005,0.0,0.0,0.0,0.0,0.0,0.0,0.0,2019-01-25
25,hru25,0.0,0.0,0.005,0.0,0.0,0.0,0.0,0.0,0.0,0.0,2019-01-25
26,hru26,0.0,0.0,0.005,0.0,0.0,0.0,0.0,0.0,0.0,0.0,2019-01-25
27,hru27,0.0,0.0,0.005,0.0,0.0,0.0,0.0,0.0,0.0,0.0,2019-01-25
28,hru28,0.0,0.0,0.005,0.0,0.0,0.0,0.0,0.0,0.0,0.0,2019-01-25
29,hru29,0.0,0.0,0.005,0.0,0.0,0.0,0.0,0.0,0.0,0.0,2019-01-25
30,hru30,0.0,0.0,0.005,0.0,0.0,0.0,0.0,0.0,0.0,0.0,2019-01-25
31,hru31,0.0,0.0,0.004,0.0,0.0,0.0,0.0,0.0,0.0,0.0,2019-01-25
32,hru32,0.0,0.0,0.005,0.0,0.0,0.0,0.0,0.0,0.0,0.0,2019-01-25
33,hru33,0.0,0.0,0.005,0.0,0.0,0.0,0.0,0.0,0.0,0.0,2019-01-25
34,hru34,0.0,0.0,0.005,0.0,0.0,0.0,0.0,0.0,0.0,0.0,2019-01-25
35,hru35,0.0,0.0,0.004,0.0,0.0,0.0,0.0,0.0,0.0,0.0,2019-01-25
36,hru36,0.0,0.0,0.005,0.0,0.0,0.0,0.0,0.0,0.0,0.0,2019-01-25
1,hru01,0.0,0.0,0.004,0.0,0.0,0.0,0.0,0.0,0.0,0.0,2019-01-26
2,hru02,0.0,0.0,0.005,0.0,0.0,0.0,0.0,0.0,0.0,0.0,2019-01-26
3,hru03,0.0,0.0,0.004,0.0,0.0,0.0,0.0,0.0,0.0,0.0,2019-01-26
4,hru04,0.0,0.0,0.004,0.0,0.0,0.0,0.0,0.0,0.0,0.0,2019-01-26
5,hru05,0.0,0.0,0.004,0.0,0.0,0.0,0.0,0.0,0.0,0.0,2019-01-26
6,hru06,0.0,0.0,0.004,0.0,0.0,0.0,0.0,0.0,0.0,0.0,2019-01-26
7,hru07,0.0,0.0,0.005,0.0,0.0,0.0,0.0,0.0,0.0,0.0,2019-01-26
8,hru08,0.0,0.0,0.004,0.0,0.0,0.0,0.0,0.0,0.0,0.0,2019-01-26
9,hru09,0.0,0.0,0.005,0.0,0.0,0.0,0.0,0.0,0.0,0.0,2019-01-26
10,hru10,0.0,0.0,0.005,0.0,0.0,0.0,0.0,0.0,0.0,0.0,2019-01-26
11,hru11,0.0,0.0,0.005,0.0,0.0,0.0,0.0,0.0,0.0,0.0,2019-01-26
12,hru12,0.0,0.0,0.005,0.0,0.0,0.0,0.0,0.0,0.0,0.0,2019-01-26
13,hru13,0.0,0.0,0.005,0.0,0.0,0.0,0.0,0.0,0.0,0.0,2019-01-26
14,hru14,0.0,0.0,0.005,0.0,0.0,0.0,0.0,0.0,0.0,0.0,2019-01-26
15,hru15,0.0,0.0,0.005,0.0,0.0,0.0,0.0,0.0,0.0,0.0,2019-01-26
16,hru16,0.0,0.0,0.005,0.0,0.0,0.0,0.0,0.0,0.0,0.0,2019-01-26
17,hru17,0.0,0.0,0.005,0.0,0.0,0.0,0.0,0.0,0.0,0.0,2019-01-26
18,hru18,0.0,0.0,0.005,0.0,0.0,0.0,0.0,0.0,0.0,0.0,2019-01-26
19,hru19,0.0,0.0,0.005,0.0,0.0,0.0,0.0,0.0,0.0,0.0,2019-01-26
20,hru20,0.0,0.0,0.005,0.0,0.0,0.0,0.0,0.0,0.0,0.0,2019-01-26
21,hru21,0.0,0.0,0.005,0.0,0.0,0.0,0.0,0.0,0.0,0.0,2019-01-26
22,hru22,0.0,0.0,0.005,0.0,0.0,0.0,0.0,0.0,0.0,0.0,2019-01-26
23,hru23,0.0,0.0,0.005,0.0,0.0,0.0,0.0,0.0,0.0,0.0,2019-01-26
24,hru24,0.0,0.0,0.005,0.0,0.0,0.0,0.0,0.0,0.0,0.0,2019-01-26
25,hru25,0.0,0.0,0.005,0.0,0.0,0.0,0.0,0.0,0.0,0.0,2019-01-26
26,hru26,0.0,0.0,0.005,0.0,0.0,0.0,0.0,0.0,0.0,0.0,2019-01-26
27,hru27,0.0,0.0,0.005,0.0,0.0,0.0,0.0,0.0,0.0,0.0,2019-01-26
28,hru28,0.0,0.0,0.005,0.0,0.0,0.0,0.0,0.0,0.0,0.0,2019-01-26
29,hru29,0.0,0.0,0.005,0.0,0.0,0.0,0.0,0.0,0.0,0.0,2019-01-26
30,hru30,0.0,0.0,0.005,0.0,0.0,0.0,0.0,0.0,0.0,0.0,2019-01-26
31,hru31,0.0,0.0,0.004,0.0,0.0,0.0,0.0,0.0,0.0,0.0,2019-01-26
32,hru32,0.0,0.0,0.005,0.0,0.0,0.0,0.0,0.0,0.0,0.0,2019-01-26
33,hru33,0.0,0.0,0.005,0.0,0.0,0.0,0.0,0.0,0.0,0.0,2019-01-26
34,hru34,0.0,0.0,0.005,0.0,0.0,0.0,0.0,0.0,0.0,0.0,2019-01-26
35,hru35,0.0,0.0,0.004,0.0,0.0,0.0,0.0,0.0,0.0,0.0,2019-01-26
36,hru36,0.0,0.0,0.005,0.0,0.0,0.0,0.0,0.0,0.0,0.0,2019-01-26
1,hru01,0.0,0.0,0.004,0.0,0.0,0.0,0.0,0.0,0.0,0.0,2019-01-27
2,hru02,0.0,0.0,0.005,0.0,0.0,0.0,0.0,0.0,0.0,0.0,2019-01-27
3,hru03,0.0,0.0,0.004,0.0,0.0,0.0,0.0,0.0,0.0,0.0,2019-01-27
4,hru04,0.0,0.0,0.004,0.0,0.0,0.0,0.0,0.0,0.0,0.0,2019-01-27
5,hru05,0.0,0.0,0.004,0.0,0.0,0.0,0.0,0.0,0.0,0.0,2019-01-27
6,hru06,0.0,0.0,0.004,0.0,0.0,0.0,0.0,0.0,0.0,0.0,2019-01-27
7,hru07,0.0,0.0,0.005,0.0,0.0,0.0,0.0,0.0,0.0,0.0,2019-01-27
8,hru08,0.0,0.0,0.004,0.0,0.0,0.0,0.0,0.0,0.0,0.0,2019-01-27
9,hru09,0.0,0.0,0.005,0.0,0.0,0.0,0.0,0.0,0.0,0.0,2019-01-27
10,hru10,0.0,0.0,0.005,0.0,0.0,0.0,0.0,0.0,0.0,0.0,2019-01-27
11,hru11,0.0,0.0,0.005,0.0,0.0,0.0,0.0,0.0,0.0,0.0,2019-01-27
12,hru12,0.0,0.0,0.005,0.0,0.0,0.0,0.0,0.0,0.0,0.0,2019-01-27
13,hru13,0.0,0.0,0.005,0.0,0.0,0.0,0.0,0.0,0.0,0.0,2019-01-27
14,hru14,0.0,0.0,0.005,0.0,0.0,0.0,0.0,0.0,0.0,0.0,2019-01-27
15,hru15,0.0,0.0,0.005,0.0,0.0,0.0,0.0,0.0,0.0,0.0,2019-01-27
16,hru16,0.0,0.0,0.005,0.0,0.0,0.0,0.0,0.0,0.0,0.0,2019-01-27
17,hru17,0.0,0.0,0.005,0.0,0.0,0.0,0.0,0.0,0.0,0.0,2019-01-27
18,hru18,0.0,0.0,0.005,0.0,0.0,0.0,0.0,0.0,0.0,0.0,2019-01-27
19,hru19,0.0,0.0,0.005,0.0,0.0,0.0,0.0,0.0,0.0,0.0,2019-01-27
20,hru20,0.0,0.0,0.005,0.0,0.0,0.0,0.0,0.0,0.0,0.0,2019-01-27
21,hru21,0.0,0.0,0.005,0.0,0.0,0.0,0.0,0.0,0.0,0.0,2019-01-27
22,hru22,0.0,0.0,0.005,0.0,0.0,0.0,0.0,0.0,0.0,0.0,2019-01-27
23,hru23,0.0,0.0,0.005,0.0,0.0,0.0,0.0,0.0,0.0,0.0,2019-01-27
24,hru24,0.0,0.0,0.005,0.0,0.0,0.0,0.0,0.0,0.0,0.0,2019-01-27
25,hru25,0.0,0.0,0.005,0.0,0.0,0.0,0.0,0.0,0.0,0.0,2019-01-27
26,hru26,0.0,0.0,0.005,0.0,0.0,0.0,0.0,0.0,0.0,0.0,2019-01-27
27,hru27,0.0,0.0,0.005,0.0,0.0,0.0,0.0,0.0,0.0,0.0,2019-01-27
28,hru28,0.0,0.0,0.005,0.0,0.0,0.0,0.0,0.0,0.0,0.0,2019-01-27
29,hru29,0.0,0.0,0.005,0.0,0.0,0.0,0.0,0.0,0.0,0.0,2019-01-27
30,hru30,0.0,0.0,0.005,0.0,0.0,0.0,0.0,0.0,0.0,0.0,2019-01-27
31,hru31,0.0,0.0,0.004,0.0,0.0,0.0,0.0,0.0,0.0,0.0,2019-01-27
32,hru32,0.0,0.0,0.005,0.0,0.0,0.0,0.0,0.0,0.0,0.0,2019-01-27
33,hru33,0.0,0.0,0.005,0.0,0.0,0.0,0.0,0.0,0.0,0.0,2019-01-27
34,hru34,0.0,0.0,0.005,0.0,0.0,0.0,0.0,0.0,0.0,0.0,2019-01-27
35,hru35,0.0,0.0,0.004,0.0,0.0,0.0,0.0,0.0,0.0,0.0,2019-01-27
36,hru36,0.0,0.0,0.005,0.0,0.0,0.0,0.0,0.0,0.0,0.0,2019-01-27
1,hru01,0.0,0.0,0.004,0.0,0.0,0.0,0.0,0.0,0.0,0.0,2019-01-28
2,hru02,0.0,0.0,0.005,0.0,0.0,0.0,0.0,0.0,0.0,0.0,2019-01-28
3,hru03,0.0,0.0,0.004,0.0,0.0,0.0,0.0,0.0,0.0,0.0,2019-01-28
4,hru04,0.0,0.0,0.004,0.0,0.0,0.0,0.0,0.0,0.0,0.0,2019-01-28
5,hru05,0.0,0.0,0.004,0.0,0.0,0.0,0.0,0.0,0.0,0.0,2019-01-28
6,hru06,0.0,0.0,0.004,0.0,0.0,0.0,0.0,0.0,0.0,0.0,2019-01-28
7,hru07,0.0,0.0,0.005,0.0,0.0,0.0,0.0,0.0,0.0,0.0,2019-01-28
8,hru08,0.0,0.0,0.004,0.0,0.0,0.0,0.0,0.0,0.0,0.0,2019-01-28
9,hru09,0.0,0.0,0.005,0.0,0.0,0.0,0.0,0.0,0.0,0.0,2019-01-28
10,hru10,0.0,0.0,0.005,0.0,0.0,0.0,0.0,0.0,0.0,0.0,2019-01-28
11,hru11,0.0,0.0,0.005,0.0,0.0,0.0,0.0,0.0,0.0,0.0,2019-01-28
12,hru12,0.0,0.0,0.005,0.0,0.0,0.0,0.0,0.0,0.0,0.0,2019-01-28
13,hru13,0.0,0.0,0.005,0.0,0.0,0.0,0.0,0.0,0.0,0.0,2019-01-28
14,hru14,0.0,0.0,0.005,0.0,0.0,0.0,0.0,0.0,0.0,0.0,2019-01-28
15,hru15,0.0,0.0,0.005,0.0,0.0,0.0,0.0,0.0,0.0,0.0,2019-01-28
16,hru16,0.0,0.0,0.005,0.0,0.0,0.0,0.0,0.0,0.0,0.0,2019-01-28
17,hru17,0.0,0.0,0.005,0.0,0.0,0.0,0.0,0.0,0.0,0.0,2019-01-28
18,hru18,0.0,0.0,0.005,0.0,0.0,0.0,0.0,0.0,0.0,0.0,2019-01-28
19,hru19,0.0,0.0,0.005,0.0,0.0,0.0,0.0,0.0,0.0,0.0,2019-01-28
20,hru20,0.0,0.0,0.005,0.0,0.0,0.0,0.0,0.0,0.0,0.0,2019-01-28
21,hru21,0.0,0.0,0.005,0.0,0.0,0.0,0.0,0.0,0.0,0.0,2019-01-28
22,hru22,0.0,0.0,0.005,0.0,0.0,0.0,0.0,0.0,0.0,0.0,2019-01-28
23,hru23,0.0,0.0,0.005,0.0,0.0,0.0,0.0,0.0,0.0,0.0,2019-01-28
24,hru24,0.0,0.0,0.005,0.0,0.0,0.0,0.0,0.0,0.0,0.0,2019-01-28
25,hru25,0.0,0.0,0.005,0.0,0.0,0.0,0.0,0.0,0.0,0.0,2019-01-28
26,hru26,0.0,0.0,0.005,0.0,0.0,0.0,0.0,0.0,0.0,0.0,2019-01-28
27,hru27,0.0,0.0,0.005,0.0,0.0,0.0,0.0,0.0,0.0,0.0,2019-01-28
28,hru28,0.0,0.0,0.005,0.0,0.0,0.0,0.0,0.0,0.0,0.0,2019-01-28
29,hru29,0.0,0.0,0.005,0.0,0.0,0.0,0.0,0.0,0.0,0.0,2019-01-28
30,hru30,0.0,0.0,0.005,0.0,0.0,0.0,0.0,0.0,0.0,0.0,2019-01-28
31,hru31,0.0,0.0,0.004,0.0,0.0,0.0,0.0,0.0,0.0,0.0,2019-01-28
32,hru32,0.0,0.0,0.005,0.0,0.0,0.0,0.0,0.0,0.0,0.0,2019-01-28
33,hru33,0.0,0.0,0.005,0.0,0.0,0.0,0.0,0.0,0.0,0.0,2019-01-28
34,hru34,0.0,0.0,0.005,0.0,0.0,0.0,0.0,0.0,0.0,0.0,2019-01-28
35,hru35,0.0,0.0,0.004,0.0,0.0,0.0,0.0,0.0,0.0,0.0,2019-01-28
36,hru36,0.0,0.0,0.005,0.0,0.0,0.0,0.0,0.0,0.0,0.0,2019-01-28
1,hru01,0.0,0.0,0.004,0.0,0.0,0.0,0.0,0.0,0.0,0.0,2019-01-29
2,hru02,0.0,0.0,0.005,0.0,0.0,0.0,0.0,0.0,0.0,0.0,2019-01-29
3,hru03,0.0,0.0,0.004,0.0,0.0,0.0,0.0,0.0,0.0,0.0,2019-01-29
4,hru04,0.0,0.0,0.004,0.0,0.0,0.0,0.0,0.0,0.0,0.0,2019-01-29
5,hru05,0.0,0.0,0.004,0.0,0.0,0.0,0.0,0.0,0.0,0.0,2019-01-29
6,hru06,0.0,0.0,0.004,0.0,0.0,0.0,0.0,0.0,0.0,0.0,2019-01-29
7,hru07,0.0,0.0,0.005,0.0,0.0,0.0,0.0,0.0,0.0,0.0,2019-01-29
8,hru08,0.0,0.0,0.004,0.0,0.0,0.0,0.0,0.0,0.0,0.0,2019-01-29
9,hru09,0.0,0.0,0.005,0.0,0.0,0.0,0.0,0.0,0.0,0.0,2019-01-29
10,hru10,0.0,0.0,0.005,0.0,0.0,0.0,0.0,0.0,0.0,0.0,2019-01-29
11,hru11,0.0,0.0,0.005,0.0,0.0,0.0,0.0,0.0,0.0,0.0,2019-01-29
12,hru12,0.0,0.0,0.005,0.0,0.0,0.0,0.0,0.0,0.0,0.0,2019-01-29
13,hru13,0.0,0.0,0.005,0.0,0.0,0.0,0.0,0.0,0.0,0.0,2019-01-29
14,hru14,0.0,0.0,0.005,0.0,0.0,0.0,0.0,0.0,0.0,0.0,2019-01-29
15,hru15,0.0,0.0,0.005,0.0,0.0,0.0,0.0,0.0,0.0,0.0,2019-01-29
16,hru16,0.0,0.0,0.005,0.0,0.0,0.0,0.0,0.0,0.0,0.0,2019-01-29
17,hru17,0.0,0.0,0.005,0.0,0.0,0.0,0.0,0.0,0.0,0.0,2019-01-29
18,hru18,0.0,0.0,0.005,0.0,0.0,0.0,0.0,0.0,0.0,0.0,2019-01-29
19,hru19,0.0,0.0,0.005,0.0,0.0,0.0,0.0,0.0,0.0,0.0,2019-01-29
20,hru20,0.0,0.0,0.005,0.0,0.0,0.0,0.0,0.0,0.0,0.0,2019-01-29
21,hru21,0.0,0.0,0.005,0.0,0.0,0.0,0.0,0.0,0.0,0.0,2019-01-29
22,hru22,0.0,0.0,0.005,0.0,0.0,0.0,0.0,0.0,0.0,0.0,2019-01-29
23,hru23,0.0,0.0,0.005,0.0,0.0,0.0,0.0,0.0,0.0,0.0,2019-01-29
24,hru24,0.0,0.0,0.005,0.0,0.0,0.0,0.0,0.0,0.0,0.0,2019-01-29
25,hru25,0.0,0.0,0.005,0.0,0.0,0.0,0.0,0.0,0.0,0.0,2019-01-29
26,hru26,0.0,0.0,0.005,0.0,0.0,0.0,0.0,0.0,0.0,0.0,2019-01-29
27,hru27,0.0,0.0,0.005,0.0,0.0,0.0,0.0,0.0,0.0,0.0,2019-01-29
28,hru28,0.0,0.0,0.005,0.0,0.0,0.0,0.0,0.0,0.0,0.0,2019-01-29
29,hru29,0.0,0.0,0.005,0.0,0.0,0.0,0.0,0.0,0.0,0.0,2019-01-29
30,hru30,0.0,0.0,0.005,0.0,0.0,0.0,0.0,0.0,0.0,0.0,2019-01-29
31,hru31,0.0,0.0,0.004,0.0,0.0,0.0,0.0,0.0,0.0,0.0,2019-01-29
32,hru32,0.0,0.0,0.005,0.0,0.0,0.0,0.0,0.0,0.0,0.0,2019-01-29
33,hru33,0.0,0.0,0.005,0.0,0.0,0.0,0.0,0.0,0.0,0.0,2019-01-29
34,hru34,0.0,0.0,0.005,0.0,0.0,0.0,0.0,0.0,0.0,0.0,2019-01-29
35,hru35,0.0,0.0,0.004,0.0,0.0,0.0,0.0,0.0,0.0,0.0,2019-01-29
36,hru36,0.0,0.0,0.005,0.0,0.0,0.0,0.0,0.0,0.0,0.0,2019-01-29
1,hru01,0.0,0.0,0.004,0.0,0.0,0.0,0.0,0.0,0.0,0.0,2019-01-30
2,hru02,0.0,0.0,0.005,0.0,0.0,0.0,0.0,0.0,0.0,0.0,2019-01-30
3,hru03,0.0,0.0,0.004,0.0,0.0,0.0,0.0,0.0,0.0,0.0,2019-01-30
4,hru04,0.0,0.0,0.004,0.0,0.0,0.0,0.0,0.0,0.0,0.0,2019-01-30
5,hru05,0.0,0.0,0.004,0.0,0.0,0.0,0.0,0.0,0.0,0.0,2019-01-30
6,hru06,0.0,0.0,0.004,0.0,0.0,0.0,0.0,0.0,0.0,0.0,2019-01-30
7,hru07,0.0,0.0,0.005,0.0,0.0,0.0,0.0,0.0,0.0,0.0,2019-01-30
8,hru08,0.0,0.0,0.004,0.0,0.0,0.0,0.0,0.0,0.0,0.0,2019-01-30
9,hru09,0.0,0.0,0.005,0.0,0.0,0.0,0.0,0.0,0.0,0.0,2019-01-30
10,hru10,0.0,0.0,0.005,0.0,0.0,0.0,0.0,0.0,0.0,0.0,2019-01-30
11,hru11,0.0,0.0,0.005,0.0,0.0,0.0,0.0,0.0,0.0,0.0,2019-01-30
12,hru12,0.0,0.0,0.005,0.0,0.0,0.0,0.0,0.0,0.0,0.0,2019-01-30
13,hru13,0.0,0.0,0.005,0.0,0.0,0.0,0.0,0.0,0.0,0.0,2019-01-30
14,hru14,0.0,0.0,0.005,0.0,0.0,0.0,0.0,0.0,0.0,0.0,2019-01-30
15,hru15,0.0,0.0,0.005,0.0,0.0,0.0,0.0,0.0,0.0,0.0,2019-01-30
16,hru16,0.0,0.0,0.005,0.0,0.0,0.0,0.0,0.0,0.0,0.0,2019-01-30
17,hru17,0.0,0.0,0.005,0.0,0.0,0.0,0.0,0.0,0.0,0.0,2019-01-30
18,hru18,0.0,0.0,0.005,0.0,0.0,0.0,0.0,0.0,0.0,0.0,2019-01-30
19,hru19,0.0,0.0,0.005,0.0,0.0,0.0,0.0,0.0,0.0,0.0,2019-01-30
20,hru20,0.0,0.0,0.005,0.0,0.0,0.0,0.0,0.0,0.0,0.0,2019-01-30
21,hru21,0.0,0.0,0.005,0.0,0.0,0.0,0.0,0.0,0.0,0.0,2019-01-30
22,hru22,0.0,0.0,0.005,0.0,0.0,0.0,0.0,0.0,0.0,0.0,2019-01-30
23,hru23,0.0,0.0,0.005,0.0,0.0,0.0,0.0,0.0,0.0,0.0,2019-01-30
24,hru24,0.0,0.0,0.005,0.0,0.0,0.0,0.0,0.0,0.0,0.0,2019-01-30
25,hru25,0.0,0.0,0.005,0.0,0.0,0.0,0.0,0.0,0.0,0.0,2019-01-30
26,hru26,0.0,0.0,0.005,0.0,0.0,0.0,0.0,0.0,0.0,0.0,2019-01-30
27,hru27,0.0,0.0,0.005,0.0,0.0,0.0,0.0,0.0,0.0,0.0,2019-01-30
28,hru28,0.0,0.0,0.005,0.0,0.0,0.0,0.0,0.0,0.0,0.0,2019-01-30
29,hru29,0.0,0.0,0.005,0.0,0.0,0.0,0.0,0.0,0.0,0.0,2019-01-30
30,hru30,0.0,0.0,0.005,0.0,0.0,0.0,0.0,0.0,0.0,0.0,2019-01-30
31,hru31,0.0,0.0,0.004,0.0,0.0,0.0,0.0,0.0,0.0,0.0,2019-01-30
32,hru32,0.0,0.0,0.005,0.0,0.0,0.0,0.0,0.0,0.0,0.0,2019-01-30
33,hru33,0.0,0.0,0.005,0.0,0.0,0.0,0.0,0.0,0.0,0.0,2019-01-30
34,hru34,0.0,0.0,0.005,0.0,0.0,0.0,0.0,0.0,0.0,0.0,2019-01-30
35,hru35,0.0,0.0,0.004,0.0,0.0,0.0,0.0,0.0,0.0,0.0,2019-01-30
36,hru36,0.0,0.0,0.005,0.0,0.0,0.0,0.0,0.0,0.0,0.0,2019-01-30
1,hru01,0.0,0.0,0.004,0.0,0.0,0.0,0.0,0.0,0.0,0.0,2019-01-31
2,hru02,0.0,0.0,0.005,0.0,0.0,0.0,0.0,0.0,0.0,0.0,2019-01-31
3,hru03,0.0,0.0,0.004,0.0,0.0,0.0,0.0,0.0,0.0,0.0,2019-01-31
4,hru04,0.0,0.0,0.004,0.0,0.0,0.0,0.0,0.0,0.0,0.0,2019-01-31
5,hru05,0.0,0.0,0.004,0.0,0.0,0.0,0.0,0.0,0.0,0.0,2019-01-31
6,hru06,0.0,0.0,0.004,0.0,0.0,0.0,0.0,0.0,0.0,0.0,2019-01-31
7,hru07,0.0,0.0,0.005,0.0,0.0,0.0,0.0,0.0,0.0,0.0,2019-01-31
8,hru08,0.0,0.0,0.004,0.0,0.0,0.0,0.0,0.0,0.0,0.0,2019-01-31
9,hru09,0.0,0.0,0.005,0.0,0.0,0.0,0.0,0.0,0.0,0.0,2019-01-31
10,hru10,0.0,0.0,0.005,0.0,0.0,0.0,0.0,0.0,0.0,0.0,2019-01-31
11,hru11,0.0,0.0,0.005,0.0,0.0,0.0,0.0,0.0,0.0,0.0,2019-01-31
12,hru12,0.0,0.0,0.005,0.0,0.0,0.0,0.0,0.0,0.0,0.0,2019-01-31
13,hru13,0.0,0.0,0.005,0.0,0.0,0.0,0.0,0.0,0.0,0.0,2019-01-31
14,hru14,0.0,0.0,0.005,0.0,0.0,0.0,0.0,0.0,0.0,0.0,2019-01-31
15,hru15,0.0,0.0,0.005,0.0,0.0,0.0,0.0,0.0,0.0,0.0,2019-01-31
16,hru16,0.0,0.0,0.005,0.0,0.0,0.0,0.0,0.0,0.0,0.0,2019-01-31
17,hru17,0.0,0.0,0.005,0.0,0.0,0.0,0.0,0.0,0.0,0.0,2019-01-31
18,hru18,0.0,0.0,0.005,0.0,0.0,0.0,0.0,0.0,0.0,0.0,2019-01-31
19,hru19,0.0,0.0,0.005,0.0,0.0,0.0,0.0,0.0,0.0,0.0,2019-01-31
20,hru20,0.0,0.0,0.005,0.0,0.0,0.0,0.0,0.0,0.0,0.0,2019-01-31
21,hru21,0.0,0.0,0.005,0.0,0.0,0.0,0.0,0.0,0.0,0.0,2019-01-31
22,hru22,0.0,0.0,0.005,0.0,0.0,0.0,0.0,0.0,0.0,0.0,2019-01-31
23,hru23,0.0,0.0,0.005,0.0,0.0,0.0,0.0,0.0,0.0,0.0,2019-01-31
24,hru24,0.0,0.0,0.005,0.0,0.0,0.0,0.0,0.0,0.0,0.0,2019-01-31
25,hru25,0.0,0.0,0.005,0.0,0.0,0.0,0.0,0.0,0.0,0.0,2019-01-31
26,hru26,0.0,0.0,0.005,0.0,0.0,0.0,0.0,0.0,0.0,0.0,2019-01-31
27,hru27,0.0,0.0,0.005,0.0,0.0,0.0,0.0,0.0,0.0,0.0,2019-01-31
28,hru28,0.0,0.0,0.005,0.0,0.0,0.0,0.0,0.0,0.0,0.0,2019-01-31
29,hru29,0.0,0.0,0.005,0.0,0.0,0.0,0.0,0.0,0.0,0.0,2019-01-31
30,hru30,0.0,0.0,0.005,0.0,0.0,0.0,0.0,0.0,0.0,0.0,2019-01-31
31,hru31,0.0,0.0,0.004,0.0,0.0,0.0,0.0,0.0,0.0,0.0,2019-01-31
32,hru32,0.0,0.0,0.005,0.0,0.0,0.0,0.0,0.0,0.0,0.0,2019-01-31
33,hru33,0.0,0.0,0.005,0.0,0.0,0.0,0.0,0.0,0.0,0.0,2019-01-31
34,hru34,0.0,0.0,0.005,0.0,0.0,0.0,0.0,0.0,0.0,0.0,2019-01-31
35,hru35,0.0,0.0,0.004,0.0,0.0,0.0,0.0,0.0,0.0,0.0,2019-01-31
36,hru36,0.0,0.0,0.005,0.0,0.0,0.0,0.0,0.0,0.0,0.0,2019-01-31
1,hru01,0.0,0.0,0.004,0.0,0.0,0.0,0.0,0.0,0.0,0.0,2019-02-01
2,hru02,0.0,0.0,0.005,0.0,0.0,0.0,0.0,0.0,0.0,0.0,2019-02-01
3,hru03,0.0,0.0,0.004,0.0,0.0,0.0,0.0,0.0,0.0,0.0,2019-02-01
4,hru04,0.0,0.0,0.004,0.0,0.0,0.0,0.0,0.0,0.0,0.0,2019-02-01
5,hru05,0.0,0.0,0.004,0.0,0.0,0.0,0.0,0.0,0.0,0.0,2019-02-01
6,hru06,0.0,0.0,0.004,0.0,0.0,0.0,0.0,0.0,0.0,0.0,2019-02-01
7,hru07,0.0,0.0,0.005,0.0,0.0,0.0,0.0,0.0,0.0,0.0,2019-02-01
8,hru08,0.0,0.0,0.004,0.0,0.0,0.0,0.0,0.0,0.0,0.0,2019-02-01
9,hru09,0.0,0.0,0.005,0.0,0.0,0.0,0.0,0.0,0.0,0.0,2019-02-01
10,hru10,0.0,0.0,0.005,0.0,0.0,0.0,0.0,0.0,0.0,0.0,2019-02-01
11,hru11,0.0,0.0,0.005,0.0,0.0,0.0,0.0,0.0,0.0,0.0,2019-02-01
12,hru12,0.0,0.0,0.005,0.0,0.0,0.0,0.0,0.0,0.0,0.0,2019-02-01
13,hru13,0.0,0.0,0.005,0.0,0.0,0.0,0.0,0.0,0.0,0.0,2019-02-01
14,hru14,0.0,0.0,0.005,0.0,0.0,0.0,0.0,0.0,0.0,0.0,2019-02-01
15,hru15,0.0,0.0,0.005,0.0,0.0,0.0,0.0,0.0,0.0,0.0,2019-02-01
16,hru16,0.0,0.0,0.005,0.0,0.0,0.0,0.0,0.0,0.0,0.0,2019-02-01
17,hru17,0.0,0.0,0.005,0.0,0.0,0.0,0.0,0.0,0.0,0.0,2019-02-01
18,hru18,0.0,0.0,0.005,0.0,0.0,0.0,0.0,0.0,0.0,0.0,2019-02-01
19,hru19,0.0,0.0,0.005,0.0,0.0,0.0,0.0,0.0,0.0,0.0,2019-02-01
20,hru20,0.0,0.0,0.005,0.0,0.0,0.0,0.0,0.0,0.0,0.0,2019-02-01
21,hru21,0.0,0.0,0.005,0.0,0.0,0.0,0.0,0.0,0.0,0.0,2019-02-01
22,hru22,0.0,0.0,0.005,0.0,0.0,0.0,0.0,0.0,0.0,0.0,2019-02-01
23,hru23,0.0,0.0,0.005,0.0,0.0,0.0,0.0,0.0,0.0,0.0,2019-02-01
24,hru24,0.0,0.0,0.005,0.0,0.0,0.0,0.0,0.0,0.0,0.0,2019-02-01
25,hru25,0.0,0.0,0.005,0.0,0.0,0.0,0.0,0.0,0.0,0.0,2019-02-01
26,hru26,0.0,0.0,0.005,0.0,0.0,0.0,0.0,0.0,0.0,0.0,2019-02-01
27,hru27,0.0,0.0,0.005,0.0,0.0,0.0,0.0,0.0,0.0,0.0,2019-02-01
28,hru28,0.0,0.0,0.005,0.0,0.0,0.0,0.0,0.0,0.0,0.0,2019-02-01
29,hru29,0.0,0.0,0.005,0.0,0.0,0.0,0.0,0.0,0.0,0.0,2019-02-01
30,hru30,0.0,0.0,0.005,0.0,0.0,0.0,0.0,0.0,0.0,0.0,2019-02-01
31,hru31,0.0,0.0,0.004,0.0,0.0,0.0,0.0,0.0,0.0,0.0,2019-02-01
32,hru32,0.0,0.0,0.005,0.0,0.0,0.0,0.0,0.0,0.0,0.0,2019-02-01
33,hru33,0.0,0.0,0.005,0.0,0.0,0.0,0.0,0.0,0.0,0.0,2019-02-01
34,hru34,0.0,0.0,0.005,0.0,0.0,0.0,0.0,0.0,0.0,0.0,2019-02-01
35,hru35,0.0,0.0,0.004,0.0,0.0,0.0,0.0,0.0,0.0,0.0,2019-02-01
36,hru36,0.0,0.0,0.005,0.0,0.0,0.0,0.0,0.0,0.0,0.0,2019-02-01
1,hru01,0.0,0.0,0.006,0.0,0.0,0.0,0.0,0.0,0.0,0.0,2019-02-02
2,hru02,0.0,0.0,0.006,0.0,0.0,0.0,0.0,0.0,0.0,0.0,2019-02-02
3,hru03,0.0,0.0,0.006,0.0,0.0,0.0,0.0,0.0,0.0,0.0,2019-02-02
4,hru04,0.0,0.0,0.006,0.0,0.0,0.0,0.0,0.0,0.0,0.0,2019-02-02
5,hru05,0.0,0.0,0.006,0.0,0.0,0.0,0.0,0.0,0.0,0.0,2019-02-02
6,hru06,0.0,0.0,0.006,0.0,0.0,0.0,0.0,0.0,0.0,0.0,2019-02-02
7,hru07,0.0,0.0,0.006,0.0,0.0,0.0,0.0,0.0,0.0,0.0,2019-02-02
8,hru08,0.0,0.0,0.006,0.0,0.0,0.0,0.0,0.0,0.0,0.0,2019-02-02
9,hru09,0.0,0.0,0.006,0.0,0.0,0.0,0.0,0.0,0.0,0.0,2019-02-02
10,hru10,0.0,0.0,0.006,0.0,0.0,0.0,0.0,0.0,0.0,0.0,2019-02-02
11,hru11,0.0,0.0,0.006,0.0,0.0,0.0,0.0,0.0,0.0,0.0,2019-02-02
12,hru12,0.0,0.0,0.006,0.0,0.0,0.0,0.0,0.0,0.0,0.0,2019-02-02
13,hru13,0.0,0.0,0.006,0.0,0.0,0.0,0.0,0.0,0.0,0.0,2019-02-02
14,hru14,0.0,0.0,0.006,0.0,0.0,0.0,0.0,0.0,0.0,0.0,2019-02-02
15,hru15,0.0,0.0,0.006,0.0,0.0,0.0,0.0,0.0,0.0,0.0,2019-02-02
16,hru16,0.0,0.0,0.006,0.0,0.0,0.0,0.0,0.0,0.0,0.0,2019-02-02
17,hru17,0.0,0.0,0.006,0.0,0.0,0.0,0.0,0.0,0.0,0.0,2019-02-02
18,hru18,0.0,0.0,0.006,0.0,0.0,0.0,0.0,0.0,0.0,0.0,2019-02-02
19,hru19,0.0,0.0,0.006,0.0,0.0,0.0,0.0,0.0,0.0,0.0,2019-02-02
20,hru20,0.0,0.0,0.006,0.0,0.0,0.0,0.0,0.0,0.0,0.0,2019-02-02
21,hru21,0.0,0.0,0.006,0.0,0.0,0.0,0.0,0.0,0.0,0.0,2019-02-02
22,hru22,0.0,0.0,0.006,0.0,0.0,0.0,0.0,0.0,0.0,0.0,2019-02-02
23,hru23,0.0,0.0,0.006,0.0,0.0,0.0,0.0,0.0,0.0,0.0,2019-02-02
24,hru24,0.0,0.0,0.006,0.0,0.0,0.0,0.0,0.0,0.0,0.0,2019-02-02
25,hru25,0.0,0.0,0.006,0.0,0.0,0.0,0.0,0.0,0.0,0.0,2019-02-02
26,hru26,0.0,0.0,0.006,0.0,0.0,0.0,0.0,0.0,0.0,0.0,2019-02-02
27,hru27,0.0,0.0,0.006,0.0,0.0,0.0,0.0,0.0,0.0,0.0,2019-02-02
28,hru28,0.0,0.0,0.006,0.0,0.0,0.0,0.0,0.0,0.0,0.0,2019-02-02
29,hru29,0.0,0.0,0.006,0.0,0.0,0.0,0.0,0.0,0.0,0.0,2019-02-02
30,hru30,0.0,0.0,0.006,0.0,0.0,0.0,0.0,0.0,0.0,0.0,2019-02-02
31,hru31,0.0,0.0,0.006,0.0,0.0,0.0,0.0,0.0,0.0,0.0,2019-02-02
32,hru32,0.0,0.0,0.006,0.0,0.0,0.0,0.0,0.0,0.0,0.0,2019-02-02
33,hru33,0.0,0.0,0.006,0.0,0.0,0.0,0.0,0.0,0.0,0.0,2019-02-02
34,hru34,0.0,0.0,0.006,0.0,0.0,0.0,0.0,0.0,0.0,0.0,2019-02-02
35,hru35,0.0,0.0,0.006,0.0,0.0,0.0,0.0,0.0,0.0,0.0,2019-02-02
36,hru36,0.0,0.0,0.006,0.0,0.0,0.0,0.0,0.0,0.0,0.0,2019-02-02
1,hru01,0.0,0.0,0.006,0.0,0.0,0.0,0.0,0.0,0.0,0.0,2019-02-03
2,hru02,0.0,0.0,0.006,0.0,0.0,0.0,0.0,0.0,0.0,0.0,2019-02-03
3,hru03,0.0,0.0,0.006,0.0,0.0,0.0,0.0,0.0,0.0,0.0,2019-02-03
4,hru04,0.0,0.0,0.006,0.0,0.0,0.0,0.0,0.0,0.0,0.0,2019-02-03
5,hru05,0.0,0.0,0.006,0.0,0.0,0.0,0.0,0.0,0.0,0.0,2019-02-03
6,hru06,0.0,0.0,0.006,0.0,0.0,0.0,0.0,0.0,0.0,0.0,2019-02-03
7,hru07,0.0,0.0,0.007,0.0,0.0,0.0,0.0,0.0,0.0,0.0,2019-02-03
8,hru08,0.0,0.0,0.006,0.0,0.0,0.0,0.0,0.0,0.0,0.0,2019-02-03
9,hru09,0.0,0.0,0.006,0.0,0.0,0.0,0.0,0.0,0.0,0.0,2019-02-03
10,hru10,0.0,0.0,0.006,0.0,0.0,0.0,0.0,0.0,0.0,0.0,2019-02-03
11,hru11,0.0,0.0,0.006,0.0,0.0,0.0,0.0,0.0,0.0,0.0,2019-02-03
12,hru12,0.0,0.0,0.007,0.0,0.0,0.0,0.0,0.0,0.0,0.0,2019-02-03
13,hru13,0.0,0.0,0.007,0.0,0.0,0.0,0.0,0.0,0.0,0.0,2019-02-03
14,hru14,0.0,0.0,0.007,0.0,0.0,0.0,0.0,0.0,0.0,0.0,2019-02-03
15,hru15,0.0,0.0,0.007,0.0,0.0,0.0,0.0,0.0,0.0,0.0,2019-02-03
16,hru16,0.0,0.0,0.007,0.0,0.0,0.0,0.0,0.0,0.0,0.0,2019-02-03
17,hru17,0.0,0.0,0.007,0.0,0.0,0.0,0.0,0.0,0.0,0.0,2019-02-03
18,hru18,0.0,0.0,0.007,0.0,0.0,0.0,0.0,0.0,0.0,0.0,2019-02-03
19,hru19,0.0,0.0,0.007,0.0,0.0,0.0,0.0,0.0,0.0,0.0,2019-02-03
20,hru20,0.0,0.0,0.007,0.0,0.0,0.0,0.0,0.0,0.0,0.0,2019-02-03
21,hru21,0.0,0.0,0.007,0.0,0.0,0.0,0.0,0.0,0.0,0.0,2019-02-03
22,hru22,0.0,0.0,0.007,0.0,0.0,0.0,0.0,0.0,0.0,0.0,2019-02-03
23,hru23,0.0,0.0,0.007,0.0,0.0,0.0,0.0,0.0,0.0,0.0,2019-02-03
24,hru24,0.0,0.0,0.007,0.0,0.0,0.0,0.0,0.0,0.0,0.0,2019-02-03
25,hru25,0.0,0.0,0.007,0.0,0.0,0.0,0.0,0.0,0.0,0.0,2019-02-03
26,hru26,0.0,0.0,0.007,0.0,0.0,0.0,0.0,0.0,0.0,0.0,2019-02-03
27,hru27,0.0,0.0,0.007,0.0,0.0,0.0,0.0,0.0,0.0,0.0,2019-02-03
28,hru28,0.0,0.0,0.006,0.0,0.0,0.0,0.0,0.0,0.0,0.0,2019-02-03
29,hru29,0.0,0.0,0.007,0.0,0.0,0.0,0.0,0.0,0.0,0.0,2019-02-03
30,hru30,0.0,0.0,0.006,0.0,0.0,0.0,0.0,0.0,0.0,0.0,2019-02-03
31,hru31,0.0,0.0,0.006,0.0,0.0,0.0,0.0,0.0,0.0,0.0,2019-02-03
32,hru32,0.0,0.0,0.007,0.0,0.0,0.0,0.0,0.0,0.0,0.0,2019-02-03
33,hru33,0.0,0.0,0.006,0.0,0.0,0.0,0.0,0.0,0.0,0.0,2019-02-03
34,hru34,0.0,0.0,0.006,0.0,0.0,0.0,0.0,0.0,0.0,0.0,2019-02-03
35,hru35,0.0,0.0,0.006,0.0,0.0,0.0,0.0,0.0,0.0,0.0,2019-02-03
36,hru36,0.0,0.0,0.006,0.0,0.0,0.0,0.0,0.0,0.0,0.0,2019-02-03
1,hru01,0.0,0.0,0.006,0.0,0.0,0.0,0.0,0.0,0.0,0.0,2019-02-04
2,hru02,0.0,0.0,0.006,0.0,0.0,0.0,0.0,0.0,0.0,0.0,2019-02-04
3,hru03,0.0,0.0,0.006,0.0,0.0,0.0,0.0,0.0,0.0,0.0,2019-02-04
4,hru04,0.0,0.0,0.006,0.0,0.0,0.0,0.0,0.0,0.0,0.0,2019-02-04
5,hru05,0.0,0.0,0.006,0.0,0.0,0.0,0.0,0.0,0.0,0.0,2019-02-04
6,hru06,0.0,0.0,0.006,0.0,0.0,0.0,0.0,0.0,0.0,0.0,2019-02-04
7,hru07,0.0,0.0,0.007,0.0,0.0,0.0,0.0,0.0,0.0,0.0,2019-02-04
8,hru08,0.0,0.0,0.006,0.0,0.0,0.0,0.0,0.0,0.0,0.0,2019-02-04
9,hru09,0.0,0.0,0.006,0.0,0.0,0.0,0.0,0.0,0.0,0.0,2019-02-04
10,hru10,0.0,0.0,0.006,0.0,0.0,0.0,0.0,0.0,0.0,0.0,2019-02-04
11,hru11,0.0,0.0,0.006,0.0,0.0,0.0,0.0,0.0,0.0,0.0,2019-02-04
12,hru12,0.0,0.0,0.007,0.0,0.0,0.0,0.0,0.0,0.0,0.0,2019-02-04
13,hru13,0.0,0.0,0.007,0.0,0.0,0.0,0.0,0.0,0.0,0.0,2019-02-04
14,hru14,0.0,0.0,0.007,0.0,0.0,0.0,0.0,0.0,0.0,0.0,2019-02-04
15,hru15,0.0,0.0,0.007,0.0,0.0,0.0,0.0,0.0,0.0,0.0,2019-02-04
16,hru16,0.0,0.0,0.007,0.0,0.0,0.0,0.0,0.0,0.0,0.0,2019-02-04
17,hru17,0.0,0.0,0.007,0.0,0.0,0.0,0.0,0.0,0.0,0.0,2019-02-04
18,hru18,0.0,0.0,0.007,0.0,0.0,0.0,0.0,0.0,0.0,0.0,2019-02-04
19,hru19,0.0,0.0,0.007,0.0,0.0,0.0,0.0,0.0,0.0,0.0,2019-02-04
20,hru20,0.0,0.0,0.007,0.0,0.0,0.0,0.0,0.0,0.0,0.0,2019-02-04
21,hru21,0.0,0.0,0.007,0.0,0.0,0.0,0.0,0.0,0.0,0.0,2019-02-04
22,hru22,0.0,0.0,0.007,0.0,0.0,0.0,0.0,0.0,0.0,0.0,2019-02-04
23,hru23,0.0,0.0,0.007,0.0,0.0,0.0,0.0,0.0,0.0,0.0,2019-02-04
24,hru24,0.0,0.0,0.007,0.0,0.0,0.0,0.0,0.0,0.0,0.0,2019-02-04
25,hru25,0.0,0.0,0.007,0.0,0.0,0.0,0.0,0.0,0.0,0.0,2019-02-04
26,hru26,0.0,0.0,0.007,0.0,0.0,0.0,0.0,0.0,0.0,0.0,2019-02-04
27,hru27,0.0,0.0,0.007,0.0,0.0,0.0,0.0,0.0,0.0,0.0,2019-02-04
28,hru28,0.0,0.0,0.006,0.0,0.0,0.0,0.0,0.0,0.0,0.0,2019-02-04
29,hru29,0.0,0.0,0.007,0.0,0.0,0.0,0.0,0.0,0.0,0.0,2019-02-04
30,hru30,0.0,0.0,0.006,0.0,0.0,0.0,0.0,0.0,0.0,0.0,2019-02-04
31,hru31,0.0,0.0,0.006,0.0,0.0,0.0,0.0,0.0,0.0,0.0,2019-02-04
32,hru32,0.0,0.0,0.007,0.0,0.0,0.0,0.0,0.0,0.0,0.0,2019-02-04
33,hru33,0.0,0.0,0.006,0.0,0.0,0.0,0.0,0.0,0.0,0.0,2019-02-04
34,hru34,0.0,0.0,0.006,0.0,0.0,0.0,0.0,0.0,0.0,0.0,2019-02-04
35,hru35,0.0,0.0,0.006,0.0,0.0,0.0,0.0,0.0,0.0,0.0,2019-02-04
36,hru36,0.0,0.0,0.006,0.0,0.0,0.0,0.0,0.0,0.0,0.0,2019-02-04
1,hru01,0.0,0.0,0.006,0.0,0.0,0.0,0.0,0.0,0.0,0.0,2019-02-05
2,hru02,0.0,0.0,0.006,0.0,0.0,0.0,0.0,0.0,0.0,0.0,2019-02-05
3,hru03,0.0,0.0,0.006,0.0,0.0,0.0,0.0,0.0,0.0,0.0,2019-02-05
4,hru04,0.0,0.0,0.006,0.0,0.0,0.0,0.0,0.0,0.0,0.0,2019-02-05
5,hru05,0.0,0.0,0.006,0.0,0.0,0.0,0.0,0.0,0.0,0.0,2019-02-05
6,hru06,0.0,0.0,0.006,0.0,0.0,0.0,0.0,0.0,0.0,0.0,2019-02-05
7,hru07,0.0,0.0,0.007,0.0,0.0,0.0,0.0,0.0,0.0,0.0,2019-02-05
8,hru08,0.0,0.0,0.006,0.0,0.0,0.0,0.0,0.0,0.0,0.0,2019-02-05
9,hru09,0.0,0.0,0.006,0.0,0.0,0.0,0.0,0.0,0.0,0.0,2019-02-05
10,hru10,0.0,0.0,0.006,0.0,0.0,0.0,0.0,0.0,0.0,0.0,2019-02-05
11,hru11,0.0,0.0,0.006,0.0,0.0,0.0,0.0,0.0,0.0,0.0,2019-02-05
12,hru12,0.0,0.0,0.007,0.0,0.0,0.0,0.0,0.0,0.0,0.0,2019-02-05
13,hru13,0.0,0.0,0.007,0.0,0.0,0.0,0.0,0.0,0.0,0.0,2019-02-05
14,hru14,0.0,0.0,0.007,0.0,0.0,0.0,0.0,0.0,0.0,0.0,2019-02-05
15,hru15,0.0,0.0,0.007,0.0,0.0,0.0,0.0,0.0,0.0,0.0,2019-02-05
16,hru16,0.0,0.0,0.007,0.0,0.0,0.0,0.0,0.0,0.0,0.0,2019-02-05
17,hru17,0.0,0.0,0.007,0.0,0.0,0.0,0.0,0.0,0.0,0.0,2019-02-05
18,hru18,0.0,0.0,0.007,0.0,0.0,0.0,0.0,0.0,0.0,0.0,2019-02-05
19,hru19,0.0,0.0,0.007,0.0,0.0,0.0,0.0,0.0,0.0,0.0,2019-02-05
20,hru20,0.0,0.0,0.007,0.0,0.0,0.0,0.0,0.0,0.0,0.0,2019-02-05
21,hru21,0.0,0.0,0.007,0.0,0.0,0.0,0.0,0.0,0.0,0.0,2019-02-05
22,hru22,0.0,0.0,0.007,0.0,0.0,0.0,0.0,0.0,0.0,0.0,2019-02-05
23,hru23,0.0,0.0,0.007,0.0,0.0,0.0,0.0,0.0,0.0,0.0,2019-02-05
24,hru24,0.0,0.0,0.007,0.0,0.0,0.0,0.0,0.0,0.0,0.0,2019-02-05
25,hru25,0.0,0.0,0.007,0.0,0.0,0.0,0.0,0.0,0.0,0.0,2019-02-05
26,hru26,0.0,0.0,0.007,0.0,0.0,0.0,0.0,0.0,0.0,0.0,2019-02-05
27,hru27,0.0,0.0,0.007,0.0,0.0,0.0,0.0,0.0,0.0,0.0,2019-02-05
28,hru28,0.0,0.0,0.006,0.0,0.0,0.0,0.0,0.0,0.0,0.0,2019-02-05
29,hru29,0.0,0.0,0.007,0.0,0.0,0.0,0.0,0.0,0.0,0.0,2019-02-05
30,hru30,0.0,0.0,0.006,0.0,0.0,0.0,0.0,0.0,0.0,0.0,2019-02-05
31,hru31,0.0,0.0,0.006,0.0,0.0,0.0,0.0,0.0,0.0,0.0,2019-02-05
32,hru32,0.0,0.0,0.007,0.0,0.0,0.0,0.0,0.0,0.0,0.0,2019-02-05
33,hru33,0.0,0.0,0.006,0.0,0.0,0.0,0.0,0.0,0.0,0.0,2019-02-05
34,hru34,0.0,0.0,0.006,0.0,0.0,0.0,0.0,0.0,0.0,0.0,2019-02-05
35,hru35,0.0,0.0,0.006,0.0,0.0,0.0,0.0,0.0,0.0,0.0,2019-02-05
36,hru36,0.0,0.0,0.006,0.0,0.0,0.0,0.0,0.0,0.0,0.0,2019-02-05
1,hru01,0.0,0.0,0.006,0.0,0.0,0.0,0.0,0.0,0.0,0.0,2019-02-06
2,hru02,0.0,0.0,0.006,0.0,0.0,0.0,0.0,0.0,0.0,0.0,2019-02-06
3,hru03,0.0,0.0,0.006,0.0,0.0,0.0,0.0,0.0,0.0,0.0,2019-02-06
4,hru04,0.0,0.0,0.006,0.0,0.0,0.0,0.0,0.0,0.0,0.0,2019-02-06
5,hru05,0.0,0.0,0.006,0.0,0.0,0.0,0.0,0.0,0.0,0.0,2019-02-06
6,hru06,0.0,0.0,0.006,0.0,0.0,0.0,0.0,0.0,0.0,0.0,2019-02-06
7,hru07,0.0,0.0,0.007,0.0,0.0,0.0,0.0,0.0,0.0,0.0,2019-02-06
8,hru08,0.0,0.0,0.006,0.0,0.0,0.0,0.0,0.0,0.0,0.0,2019-02-06
9,hru09,0.0,0.0,0.006,0.0,0.0,0.0,0.0,0.0,0.0,0.0,2019-02-06
10,hru10,0.0,0.0,0.006,0.0,0.0,0.0,0.0,0.0,0.0,0.0,2019-02-06
11,hru11,0.0,0.0,0.006,0.0,0.0,0.0,0.0,0.0,0.0,0.0,2019-02-06
12,hru12,0.0,0.0,0.007,0.0,0.0,0.0,0.0,0.0,0.0,0.0,2019-02-06
13,hru13,0.0,0.0,0.007,0.0,0.0,0.0,0.0,0.0,0.0,0.0,2019-02-06
14,hru14,0.0,0.0,0.007,0.0,0.0,0.0,0.0,0.0,0.0,0.0,2019-02-06
15,hru15,0.0,0.0,0.007,0.0,0.0,0.0,0.0,0.0,0.0,0.0,2019-02-06
16,hru16,0.0,0.0,0.007,0.0,0.0,0.0,0.0,0.0,0.0,0.0,2019-02-06
17,hru17,0.0,0.0,0.007,0.0,0.0,0.0,0.0,0.0,0.0,0.0,2019-02-06
18,hru18,0.0,0.0,0.007,0.0,0.0,0.0,0.0,0.0,0.0,0.0,2019-02-06
19,hru19,0.0,0.0,0.007,0.0,0.0,0.0,0.0,0.0,0.0,0.0,2019-02-06
20,hru20,0.0,0.0,0.007,0.0,0.0,0.0,0.0,0.0,0.0,0.0,2019-02-06
21,hru21,0.0,0.0,0.007,0.0,0.0,0.0,0.0,0.0,0.0,0.0,2019-02-06
22,hru22,0.0,0.0,0.007,0.0,0.0,0.0,0.0,0.0,0.0,0.0,2019-02-06
23,hru23,0.0,0.0,0.007,0.0,0.0,0.0,0.0,0.0,0.0,0.0,2019-02-06
24,hru24,0.0,0.0,0.007,0.0,0.0,0.0,0.0,0.0,0.0,0.0,2019-02-06
25,hru25,0.0,0.0,0.007,0.0,0.0,0.0,0.0,0.0,0.0,0.0,2019-02-06
26,hru26,0.0,0.0,0.007,0.0,0.0,0.0,0.0,0.0,0.0,0.0,2019-02-06
27,hru27,0.0,0.0,0.007,0.0,0.0,0.0,0.0,0.0,0.0,0.0,2019-02-06
28,hru28,0.0,0.0,0.006,0.0,0.0,0.0,0.0,0.0,0.0,0.0,2019-02-06
29,hru29,0.0,0.0,0.007,0.0,0.0,0.0,0.0,0.0,0.0,0.0,2019-02-06
30,hru30,0.0,0.0,0.006,0.0,0.0,0.0,0.0,0.0,0.0,0.0,2019-02-06
31,hru31,0.0,0.0,0.006,0.0,0.0,0.0,0.0,0.0,0.0,0.0,2019-02-06
32,hru32,0.0,0.0,0.007,0.0,0.0,0.0,0.0,0.0,0.0,0.0,2019-02-06
33,hru33,0.0,0.0,0.006,0.0,0.0,0.0,0.0,0.0,0.0,0.0,2019-02-06
34,hru34,0.0,0.0,0.006,0.0,0.0,0.0,0.0,0.0,0.0,0.0,2019-02-06
35,hru35,0.0,0.0,0.006,0.0,0.0,0.0,0.0,0.0,0.0,0.0,2019-02-06
36,hru36,0.0,0.0,0.006,0.0,0.0,0.0,0.0,0.0,0.0,0.0,2019-02-06
1,hru01,0.0,0.0,0.006,0.0,0.0,0.0,0.0,0.0,0.0,0.0,2019-02-07
2,hru02,0.0,0.0,0.006,0.0,0.0,0.0,0.0,0.0,0.0,0.0,2019-02-07
3,hru03,0.0,0.0,0.006,0.0,0.0,0.0,0.0,0.0,0.0,0.0,2019-02-07
4,hru04,0.0,0.0,0.006,0.0,0.0,0.0,0.0,0.0,0.0,0.0,2019-02-07
5,hru05,0.0,0.0,0.006,0.0,0.0,0.0,0.0,0.0,0.0,0.0,2019-02-07
6,hru06,0.0,0.0,0.006,0.0,0.0,0.0,0.0,0.0,0.0,0.0,2019-02-07
7,hru07,0.0,0.0,0.007,0.0,0.0,0.0,0.0,0.0,0.0,0.0,2019-02-07
8,hru08,0.0,0.0,0.006,0.0,0.0,0.0,0.0,0.0,0.0,0.0,2019-02-07
9,hru09,0.0,0.0,0.006,0.0,0.0,0.0,0.0,0.0,0.0,0.0,2019-02-07
10,hru10,0.0,0.0,0.006,0.0,0.0,0.0,0.0,0.0,0.0,0.0,2019-02-07
11,hru11,0.0,0.0,0.006,0.0,0.0,0.0,0.0,0.0,0.0,0.0,2019-02-07
12,hru12,0.0,0.0,0.007,0.0,0.0,0.0,0.0,0.0,0.0,0.0,2019-02-07
13,hru13,0.0,0.0,0.007,0.0,0.0,0.0,0.0,0.0,0.0,0.0,2019-02-07
14,hru14,0.0,0.0,0.007,0.0,0.0,0.0,0.0,0.0,0.0,0.0,2019-02-07
15,hru15,0.0,0.0,0.007,0.0,0.0,0.0,0.0,0.0,0.0,0.0,2019-02-07
16,hru16,0.0,0.0,0.007,0.0,0.0,0.0,0.0,0.0,0.0,0.0,2019-02-07
17,hru17,0.0,0.0,0.007,0.0,0.0,0.0,0.0,0.0,0.0,0.0,2019-02-07
18,hru18,0.0,0.0,0.007,0.0,0.0,0.0,0.0,0.0,0.0,0.0,2019-02-07
19,hru19,0.0,0.0,0.007,0.0,0.0,0.0,0.0,0.0,0.0,0.0,2019-02-07
20,hru20,0.0,0.0,0.007,0.0,0.0,0.0,0.0,0.0,0.0,0.0,2019-02-07
21,hru21,0.0,0.0,0.007,0.0,0.0,0.0,0.0,0.0,0.0,0.0,2019-02-07
22,hru22,0.0,0.0,0.007,0.0,0.0,0.0,0.0,0.0,0.0,0.0,2019-02-07
23,hru23,0.0,0.0,0.007,0.0,0.0,0.0,0.0,0.0,0.0,0.0,2019-02-07
24,hru24,0.0,0.0,0.007,0.0,0.0,0.0,0.0,0.0,0.0,0.0,2019-02-07
25,hru25,0.0,0.0,0.007,0.0,0.0,0.0,0.0,0.0,0.0,0.0,2019-02-07
26,hru26,0.0,0.0,0.007,0.0,0.0,0.0,0.0,0.0,0.0,0.0,2019-02-07
27,hru27,0.0,0.0,0.007,0.0,0.0,0.0,0.0,0.0,0.0,0.0,2019-02-07
28,hru28,0.0,0.0,0.006,0.0,0.0,0.0,0.0,0.0,0.0,0.0,2019-02-07
29,hru29,0.0,0.0,0.007,0.0,0.0,0.0,0.0,0.0,0.0,0.0,2019-02-07
30,hru30,0.0,0.0,0.006,0.0,0.0,0.0,0.0,0.0,0.0,0.0,2019-02-07
31,hru31,0.0,0.0,0.006,0.0,0.0,0.0,0.0,0.0,0.0,0.0,2019-02-07
32,hru32,0.0,0.0,0.007,0.0,0.0,0.0,0.0,0.0,0.0,0.0,2019-02-07
33,hru33,0.0,0.0,0.006,0.0,0.0,0.0,0.0,0.0,0.0,0.0,2019-02-07
34,hru34,0.0,0.0,0.006,0.0,0.0,0.0,0.0,0.0,0.0,0.0,2019-02-07
35,hru35,0.0,0.0,0.006,0.0,0.0,0.0,0.0,0.0,0.0,0.0,2019-02-07
36,hru36,0.0,0.0,0.006,0.0,0.0,0.0,0.0,0.0,0.0,0.0,2019-02-07
1,hru01,0.0,0.0,0.006,0.0,0.0,0.0,0.0,0.0,0.0,0.0,2019-02-08
2,hru02,0.0,0.0,0.006,0.0,0.0,0.0,0.0,0.0,0.0,0.0,2019-02-08
3,hru03,0.0,0.0,0.006,0.0,0.0,0.0,0.0,0.0,0.0,0.0,2019-02-08
4,hru04,0.0,0.0,0.006,0.0,0.0,0.0,0.0,0.0,0.0,0.0,2019-02-08
5,hru05,0.0,0.0,0.006,0.0,0.0,0.0,0.0,0.0,0.0,0.0,2019-02-08
6,hru06,0.0,0.0,0.006,0.0,0.0,0.0,0.0,0.0,0.0,0.0,2019-02-08
7,hru07,0.0,0.0,0.007,0.0,0.0,0.0,0.0,0.0,0.0,0.0,2019-02-08
8,hru08,0.0,0.0,0.006,0.0,0.0,0.0,0.0,0.0,0.0,0.0,2019-02-08
9,hru09,0.0,0.0,0.006,0.0,0.0,0.0,0.0,0.0,0.0,0.0,2019-02-08
10,hru10,0.0,0.0,0.006,0.0,0.0,0.0,0.0,0.0,0.0,0.0,2019-02-08
11,hru11,0.0,0.0,0.006,0.0,0.0,0.0,0.0,0.0,0.0,0.0,2019-02-08
12,hru12,0.0,0.0,0.007,0.0,0.0,0.0,0.0,0.0,0.0,0.0,2019-02-08
13,hru13,0.0,0.0,0.007,0.0,0.0,0.0,0.0,0.0,0.0,0.0,2019-02-08
14,hru14,0.0,0.0,0.007,0.0,0.0,0.0,0.0,0.0,0.0,0.0,2019-02-08
15,hru15,0.0,0.0,0.007,0.0,0.0,0.0,0.0,0.0,0.0,0.0,2019-02-08
16,hru16,0.0,0.0,0.007,0.0,0.0,0.0,0.0,0.0,0.0,0.0,2019-02-08
17,hru17,0.0,0.0,0.007,0.0,0.0,0.0,0.0,0.0,0.0,0.0,2019-02-08
18,hru18,0.0,0.0,0.007,0.0,0.0,0.0,0.0,0.0,0.0,0.0,2019-02-08
19,hru19,0.0,0.0,0.007,0.0,0.0,0.0,0.0,0.0,0.0,0.0,2019-02-08
20,hru20,0.0,0.0,0.007,0.0,0.0,0.0,0.0,0.0,0.0,0.0,2019-02-08
21,hru21,0.0,0.0,0.007,0.0,0.0,0.0,0.0,0.0,0.0,0.0,2019-02-08
22,hru22,0.0,0.0,0.007,0.0,0.0,0.0,0.0,0.0,0.0,0.0,2019-02-08
23,hru23,0.0,0.0,0.007,0.0,0.0,0.0,0.0,0.0,0.0,0.0,2019-02-08
24,hru24,0.0,0.0,0.007,0.0,0.0,0.0,0.0,0.0,0.0,0.0,2019-02-08
25,hru25,0.0,0.0,0.007,0.0,0.0,0.0,0.0,0.0,0.0,0.0,2019-02-08
26,hru26,0.0,0.0,0.007,0.0,0.0,0.0,0.0,0.0,0.0,0.0,2019-02-08
27,hru27,0.0,0.0,0.007,0.0,0.0,0.0,0.0,0.0,0.0,0.0,2019-02-08
28,hru28,0.0,0.0,0.006,0.0,0.0,0.0,0.0,0.0,0.0,0.0,2019-02-08
29,hru29,0.0,0.0,0.007,0.0,0.0,0.0,0.0,0.0,0.0,0.0,2019-02-08
30,hru30,0.0,0.0,0.006,0.0,0.0,0.0,0.0,0.0,0.0,0.0,2019-02-08
31,hru31,0.0,0.0,0.006,0.0,0.0,0.0,0.0,0.0,0.0,0.0,2019-02-08
32,hru32,0.0,0.0,0.007,0.0,0.0,0.0,0.0,0.0,0.0,0.0,2019-02-08
33,hru33,0.0,0.0,0.006,0.0,0.0,0.0,0.0,0.0,0.0,0.0,2019-02-08
34,hru34,0.0,0.0,0.006,0.0,0.0,0.0,0.0,0.0,0.0,0.0,2019-02-08
35,hru35,0.0,0.0,0.006,0.0,0.0,0.0,0.0,0.0,0.0,0.0,2019-02-08
36,hru36,0.0,0.0,0.006,0.0,0.0,0.0,0.0,0.0,0.0,0.0,2019-02-08
1,hru01,0.0,0.0,0.006,0.0,0.0,0.0,0.0,0.0,0.0,0.0,2019-02-09
2,hru02,0.0,0.0,0.006,0.0,0.0,0.0,0.0,0.0,0.0,0.0,2019-02-09
3,hru03,0.0,0.0,0.006,0.0,0.0,0.0,0.0,0.0,0.0,0.0,2019-02-09
4,hru04,0.0,0.0,0.006,0.0,0.0,0.0,0.0,0.0,0.0,0.0,2019-02-09
5,hru05,0.0,0.0,0.006,0.0,0.0,0.0,0.0,0.0,0.0,0.0,2019-02-09
6,hru06,0.0,0.0,0.006,0.0,0.0,0.0,0.0,0.0,0.0,0.0,2019-02-09
7,hru07,0.0,0.0,0.007,0.0,0.0,0.0,0.0,0.0,0.0,0.0,2019-02-09
8,hru08,0.0,0.0,0.006,0.0,0.0,0.0,0.0,0.0,0.0,0.0,2019-02-09
9,hru09,0.0,0.0,0.006,0.0,0.0,0.0,0.0,0.0,0.0,0.0,2019-02-09
10,hru10,0.0,0.0,0.006,0.0,0.0,0.0,0.0,0.0,0.0,0.0,2019-02-09
11,hru11,0.0,0.0,0.006,0.0,0.0,0.0,0.0,0.0,0.0,0.0,2019-02-09
12,hru12,0.0,0.0,0.007,0.0,0.0,0.0,0.0,0.0,0.0,0.0,2019-02-09
13,hru13,0.0,0.0,0.007,0.0,0.0,0.0,0.0,0.0,0.0,0.0,2019-02-09
14,hru14,0.0,0.0,0.007,0.0,0.0,0.0,0.0,0.0,0.0,0.0,2019-02-09
15,hru15,0.0,0.0,0.007,0.0,0.0,0.0,0.0,0.0,0.0,0.0,2019-02-09
16,hru16,0.0,0.0,0.007,0.0,0.0,0.0,0.0,0.0,0.0,0.0,2019-02-09
17,hru17,0.0,0.0,0.007,0.0,0.0,0.0,0.0,0.0,0.0,0.0,2019-02-09
18,hru18,0.0,0.0,0.007,0.0,0.0,0.0,0.0,0.0,0.0,0.0,2019-02-09
19,hru19,0.0,0.0,0.007,0.0,0.0,0.0,0.0,0.0,0.0,0.0,2019-02-09
20,hru20,0.0,0.0,0.007,0.0,0.0,0.0,0.0,0.0,0.0,0.0,2019-02-09
21,hru21,0.0,0.0,0.007,0.0,0.0,0.0,0.0,0.0,0.0,0.0,2019-02-09
22,hru22,0.0,0.0,0.007,0.0,0.0,0.0,0.0,0.0,0.0,0.0,2019-02-09
23,hru23,0.0,0.0,0.007,0.0,0.0,0.0,0.0,0.0,0.0,0.0,2019-02-09
24,hru24,0.0,0.0,0.007,0.0,0.0,0.0,0.0,0.0,0.0,0.0,2019-02-09
25,hru25,0.0,0.0,0.007,0.0,0.0,0.0,0.0,0.0,0.0,0.0,2019-02-09
26,hru26,0.0,0.0,0.007,0.0,0.0,0.0,0.0,0.0,0.0,0.0,2019-02-09
27,hru27,0.0,0.0,0.007,0.0,0.0,0.0,0.0,0.0,0.0,0.0,2019-02-09
28,hru28,0.0,0.0,0.006,0.0,0.0,0.0,0.0,0.0,0.0,0.0,2019-02-09
29,hru29,0.0,0.0,0.007,0.0,0.0,0.0,0.0,0.0,0.0,0.0,2019-02-09
30,hru30,0.0,0.0,0.006,0.0,0.0,0.0,0.0,0.0,0.0,0.0,2019-02-09
31,hru31,0.0,0.0,0.006,0.0,0.0,0.0,0.0,0.0,0.0,0.0,2019-02-09
32,hru32,0.0,0.0,0.007,0.0,0.0,0.0,0.0,0.0,0.0,0.0,2019-02-09
33,hru33,0.0,0.0,0.006,0.0,0.0,0.0,0.0,0.0,0.0,0.0,2019-02-09
34,hru34,0.0,0.0,0.006,0.0,0.0,0.0,0.0,0.0,0.0,0.0,2019-02-09
35,hru35,0.0,0.0,0.006,0.0,0.0,0.0,0.0,0.0,0.0,0.0,2019-02-09
36,hru36,0.0,0.0,0.006,0.0,0.0,0.0,0.0,0.0,0.0,0.0,2019-02-09
1,hru01,0.0,0.0,0.006,0.0,0.0,0.0,0.0,0.0,0.0,0.0,2019-02-10
2,hru02,0.0,0.0,0.006,0.0,0.0,0.0,0.0,0.0,0.0,0.0,2019-02-10
3,hru03,0.0,0.0,0.006,0.0,0.0,0.0,0.0,0.0,0.0,0.0,2019-02-10
4,hru04,0.0,0.0,0.006,0.0,0.0,0.0,0.0,0.0,0.0,0.0,2019-02-10
5,hru05,0.0,0.0,0.006,0.0,0.0,0.0,0.0,0.0,0.0,0.0,2019-02-10
6,hru06,0.0,0.0,0.006,0.0,0.0,0.0,0.0,0.0,0.0,0.0,2019-02-10
7,hru07,0.0,0.0,0.007,0.0,0.0,0.0,0.0,0.0,0.0,0.0,2019-02-10
8,hru08,0.0,0.0,0.006,0.0,0.0,0.0,0.0,0.0,0.0,0.0,2019-02-10
9,hru09,0.0,0.0,0.006,0.0,0.0,0.0,0.0,0.0,0.0,0.0,2019-02-10
10,hru10,0.0,0.0,0.006,0.0,0.0,0.0,0.0,0.0,0.0,0.0,2019-02-10
11,hru11,0.0,0.0,0.006,0.0,0.0,0.0,0.0,0.0,0.0,0.0,2019-02-10
12,hru12,0.0,0.0,0.007,0.0,0.0,0.0,0.0,0.0,0.0,0.0,2019-02-10
13,hru13,0.0,0.0,0.007,0.0,0.0,0.0,0.0,0.0,0.0,0.0,2019-02-10
14,hru14,0.0,0.0,0.007,0.0,0.0,0.0,0.0,0.0,0.0,0.0,2019-02-10
15,hru15,0.0,0.0,0.007,0.0,0.0,0.0,0.0,0.0,0.0,0.0,2019-02-10
16,hru16,0.0,0.0,0.007,0.0,0.0,0.0,0.0,0.0,0.0,0.0,2019-02-10
17,hru17,0.0,0.0,0.007,0.0,0.0,0.0,0.0,0.0,0.0,0.0,2019-02-10
18,hru18,0.0,0.0,0.007,0.0,0.0,0.0,0.0,0.0,0.0,0.0,2019-02-10
19,hru19,0.0,0.0,0.007,0.0,0.0,0.0,0.0,0.0,0.0,0.0,2019-02-10
20,hru20,0.0,0.0,0.007,0.0,0.0,0.0,0.0,0.0,0.0,0.0,2019-02-10
21,hru21,0.0,0.0,0.007,0.0,0.0,0.0,0.0,0.0,0.0,0.0,2019-02-10
22,hru22,0.0,0.0,0.007,0.0,0.0,0.0,0.0,0.0,0.0,0.0,2019-02-10
23,hru23,0.0,0.0,0.007,0.0,0.0,0.0,0.0,0.0,0.0,0.0,2019-02-10
24,hru24,0.0,0.0,0.007,0.0,0.0,0.0,0.0,0.0,0.0,0.0,2019-02-10
25,hru25,0.0,0.0,0.007,0.0,0.0,0.0,0.0,0.0,0.0,0.0,2019-02-10
26,hru26,0.0,0.0,0.007,0.0,0.0,0.0,0.0,0.0,0.0,0.0,2019-02-10
27,hru27,0.0,0.0,0.007,0.0,0.0,0.0,0.0,0.0,0.0,0.0,2019-02-10
28,hru28,0.0,0.0,0.006,0.0,0.0,0.0,0.0,0.0,0.0,0.0,2019-02-10
29,hru29,0.0,0.0,0.007,0.0,0.0,0.0,0.0,0.0,0.0,0.0,2019-02-10
30,hru30,0.0,0.0,0.006,0.0,0.0,0.0,0.0,0.0,0.0,0.0,2019-02-10
31,hru31,0.0,0.0,0.006,0.0,0.0,0.0,0.0,0.0,0.0,0.0,2019-02-10
32,hru32,0.0,0.0,0.007,0.0,0.0,0.0,0.0,0.0,0.0,0.0,2019-02-10
33,hru33,0.0,0.0,0.006,0.0,0.0,0.0,0.0,0.0,0.0,0.0,2019-02-10
34,hru34,0.0,0.0,0.006,0.0,0.0,0.0,0.0,0.0,0.0,0.0,2019-02-10
35,hru35,0.0,0.0,0.006,0.0,0.0,0.0,0.0,0.0,0.0,0.0,2019-02-10
36,hru36,0.0,0.0,0.006,0.0,0.0,0.0,0.0,0.0,0.0,0.0,2019-02-10
1,hru01,0.0,0.0,0.006,0.0,0.0,0.0,0.0,0.0,0.0,0.0,2019-02-11
2,hru02,0.0,0.0,0.006,0.0,0.0,0.0,0.0,0.0,0.0,0.0,2019-02-11
3,hru03,0.0,0.0,0.006,0.0,0.0,0.0,0.0,0.0,0.0,0.0,2019-02-11
4,hru04,0.0,0.0,0.006,0.0,0.0,0.0,0.0,0.0,0.0,0.0,2019-02-11
5,hru05,0.0,0.0,0.006,0.0,0.0,0.0,0.0,0.0,0.0,0.0,2019-02-11
6,hru06,0.0,0.0,0.006,0.0,0.0,0.0,0.0,0.0,0.0,0.0,2019-02-11
7,hru07,0.0,0.0,0.007,0.0,0.0,0.0,0.0,0.0,0.0,0.0,2019-02-11
8,hru08,0.0,0.0,0.006,0.0,0.0,0.0,0.0,0.0,0.0,0.0,2019-02-11
9,hru09,0.0,0.0,0.006,0.0,0.0,0.0,0.0,0.0,0.0,0.0,2019-02-11
10,hru10,0.0,0.0,0.006,0.0,0.0,0.0,0.0,0.0,0.0,0.0,2019-02-11
11,hru11,0.0,0.0,0.006,0.0,0.0,0.0,0.0,0.0,0.0,0.0,2019-02-11
12,hru12,0.0,0.0,0.007,0.0,0.0,0.0,0.0,0.0,0.0,0.0,2019-02-11
13,hru13,0.0,0.0,0.007,0.0,0.0,0.0,0.0,0.0,0.0,0.0,2019-02-11
14,hru14,0.0,0.0,0.007,0.0,0.0,0.0,0.0,0.0,0.0,0.0,2019-02-11
15,hru15,0.0,0.0,0.007,0.0,0.0,0.0,0.0,0.0,0.0,0.0,2019-02-11
16,hru16,0.0,0.0,0.007,0.0,0.0,0.0,0.0,0.0,0.0,0.0,2019-02-11
17,hru17,0.0,0.0,0.007,0.0,0.0,0.0,0.0,0.0,0.0,0.0,2019-02-11
18,hru18,0.0,0.0,0.007,0.0,0.0,0.0,0.0,0.0,0.0,0.0,2019-02-11
19,hru19,0.0,0.0,0.007,0.0,0.0,0.0,0.0,0.0,0.0,0.0,2019-02-11
20,hru20,0.0,0.0,0.007,0.0,0.0,0.0,0.0,0.0,0.0,0.0,2019-02-11
21,hru21,0.0,0.0,0.007,0.0,0.0,0.0,0.0,0.0,0.0,0.0,2019-02-11
22,hru22,0.0,0.0,0.007,0.0,0.0,0.0,0.0,0.0,0.0,0.0,2019-02-11
23,hru23,0.0,0.0,0.007,0.0,0.0,0.0,0.0,0.0,0.0,0.0,2019-02-11
24,hru24,0.0,0.0,0.007,0.0,0.0,0.0,0.0,0.0,0.0,0.0,2019-02-11
25,hru25,0.0,0.0,0.007,0.0,0.0,0.0,0.0,0.0,0.0,0.0,2019-02-11
26,hru26,0.0,0.0,0.007,0.0,0.0,0.0,0.0,0.0,0.0,0.0,2019-02-11
27,hru27,0.0,0.0,0.007,0.0,0.0,0.0,0.0,0.0,0.0,0.0,2019-02-11
28,hru28,0.0,0.0,0.006,0.0,0.0,0.0,0.0,0.0,0.0,0.0,2019-02-11
29,hru29,0.0,0.0,0.007,0.0,0.0,0.0,0.0,0.0,0.0,0.0,2019-02-11
30,hru30,0.0,0.0,0.006,0.0,0.0,0.0,0.0,0.0,0.0,0.0,2019-02-11
31,hru31,0.0,0.0,0.006,0.0,0.0,0.0,0.0,0.0,0.0,0.0,2019-02-11
32,hru32,0.0,0.0,0.007,0.0,0.0,0.0,0.0,0.0,0.0,0.0,2019-02-11
33,hru33,0.0,0.0,0.006,0.0,0.0,0.0,0.0,0.0,0.0,0.0,2019-02-11
34,hru34,0.0,0.0,0.006,0.0,0.0,0.0,0.0,0.0,0.0,0.0,2019-02-11
35,hru35,0.0,0.0,0.006,0.0,0.0,0.0,0.0,0.0,0.0,0.0,2019-02-11
36,hru36,0.0,0.0,0.006,0.0,0.0,0.0,0.0,0.0,0.0,0.0,2019-02-11
1,hru01,0.0,0.0,0.006,0.0,0.0,0.0,0.0,0.0,0.0,0.0,2019-02-12
2,hru02,0.0,0.0,0.006,0.0,0.0,0.0,0.0,0.0,0.0,0.0,2019-02-12
3,hru03,0.0,0.0,0.006,0.0,0.0,0.0,0.0,0.0,0.0,0.0,2019-02-12
4,hru04,0.0,0.0,0.006,0.0,0.0,0.0,0.0,0.0,0.0,0.0,2019-02-12
5,hru05,0.0,0.0,0.006,0.0,0.0,0.0,0.0,0.0,0.0,0.0,2019-02-12
6,hru06,0.0,0.0,0.006,0.0,0.0,0.0,0.0,0.0,0.0,0.0,2019-02-12
7,hru07,0.0,0.0,0.007,0.0,0.0,0.0,0.0,0.0,0.0,0.0,2019-02-12
8,hru08,0.0,0.0,0.006,0.0,0.0,0.0,0.0,0.0,0.0,0.0,2019-02-12
9,hru09,0.0,0.0,0.006,0.0,0.0,0.0,0.0,0.0,0.0,0.0,2019-02-12
10,hru10,0.0,0.0,0.006,0.0,0.0,0.0,0.0,0.0,0.0,0.0,2019-02-12
11,hru11,0.0,0.0,0.006,0.0,0.0,0.0,0.0,0.0,0.0,0.0,2019-02-12
12,hru12,0.0,0.0,0.007,0.0,0.0,0.0,0.0,0.0,0.0,0.0,2019-02-12
13,hru13,0.0,0.0,0.007,0.0,0.0,0.0,0.0,0.0,0.0,0.0,2019-02-12
14,hru14,0.0,0.0,0.007,0.0,0.0,0.0,0.0,0.0,0.0,0.0,2019-02-12
15,hru15,0.0,0.0,0.007,0.0,0.0,0.0,0.0,0.0,0.0,0.0,2019-02-12
16,hru16,0.0,0.0,0.007,0.0,0.0,0.0,0.0,0.0,0.0,0.0,2019-02-12
17,hru17,0.0,0.0,0.007,0.0,0.0,0.0,0.0,0.0,0.0,0.0,2019-02-12
18,hru18,0.0,0.0,0.007,0.0,0.0,0.0,0.0,0.0,0.0,0.0,2019-02-12
19,hru19,0.0,0.0,0.007,0.0,0.0,0.0,0.0,0.0,0.0,0.0,2019-02-12
20,hru20,0.0,0.0,0.007,0.0,0.0,0.0,0.0,0.0,0.0,0.0,2019-02-12
21,hru21,0.0,0.0,0.007,0.0,0.0,0.0,0.0,0.0,0.0,0.0,2019-02-12
22,hru22,0.0,0.0,0.007,0.0,0.0,0.0,0.0,0.0,0.0,0.0,2019-02-12
23,hru23,0.0,0.0,0.007,0.0,0.0,0.0,0.0,0.0,0.0,0.0,2019-02-12
24,hru24,0.0,0.0,0.007,0.0,0.0,0.0,0.0,0.0,0.0,0.0,2019-02-12
25,hru25,0.0,0.0,0.007,0.0,0.0,0.0,0.0,0.0,0.0,0.0,2019-02-12
26,hru26,0.0,0.0,0.007,0.0,0.0,0.0,0.0,0.0,0.0,0.0,2019-02-12
27,hru27,0.0,0.0,0.007,0.0,0.0,0.0,0.0,0.0,0.0,0.0,2019-02-12
28,hru28,0.0,0.0,0.006,0.0,0.0,0.0,0.0,0.0,0.0,0.0,2019-02-12
29,hru29,0.0,0.0,0.007,0.0,0.0,0.0,0.0,0.0,0.0,0.0,2019-02-12
30,hru30,0.0,0.0,0.006,0.0,0.0,0.0,0.0,0.0,0.0,0.0,2019-02-12
31,hru31,0.0,0.0,0.006,0.0,0.0,0.0,0.0,0.0,0.0,0.0,2019-02-12
32,hru32,0.0,0.0,0.007,0.0,0.0,0.0,0.0,0.0,0.0,0.0,2019-02-12
33,hru33,0.0,0.0,0.006,0.0,0.0,0.0,0.0,0.0,0.0,0.0,2019-02-12
34,hru34,0.0,0.0,0.006,0.0,0.0,0.0,0.0,0.0,0.0,0.0,2019-02-12
35,hru35,0.0,0.0,0.006,0.0,0.0,0.0,0.0,0.0,0.0,0.0,2019-02-12
36,hru36,0.0,0.0,0.006,0.0,0.0,0.0,0.0,0.0,0.0,0.0,2019-02-12
1,hru01,0.0,0.0,0.006,0.0,0.0,0.0,0.0,0.0,0.0,0.0,2019-02-13
2,hru02,0.0,0.0,0.006,0.0,0.0,0.0,0.0,0.0,0.0,0.0,2019-02-13
3,hru03,0.0,0.0,0.006,0.0,0.0,0.0,0.0,0.0,0.0,0.0,2019-02-13
4,hru04,0.0,0.0,0.006,0.0,0.0,0.0,0.0,0.0,0.0,0.0,2019-02-13
5,hru05,0.0,0.0,0.006,0.0,0.0,0.0,0.0,0.0,0.0,0.0,2019-02-13
6,hru06,0.0,0.0,0.006,0.0,0.0,0.0,0.0,0.0,0.0,0.0,2019-02-13
7,hru07,0.0,0.0,0.007,0.0,0.0,0.0,0.0,0.0,0.0,0.0,2019-02-13
8,hru08,0.0,0.0,0.006,0.0,0.0,0.0,0.0,0.0,0.0,0.0,2019-02-13
9,hru09,0.0,0.0,0.006,0.0,0.0,0.0,0.0,0.0,0.0,0.0,2019-02-13
10,hru10,0.0,0.0,0.006,0.0,0.0,0.0,0.0,0.0,0.0,0.0,2019-02-13
11,hru11,0.0,0.0,0.006,0.0,0.0,0.0,0.0,0.0,0.0,0.0,2019-02-13
12,hru12,0.0,0.0,0.007,0.0,0.0,0.0,0.0,0.0,0.0,0.0,2019-02-13
13,hru13,0.0,0.0,0.007,0.0,0.0,0.0,0.0,0.0,0.0,0.0,2019-02-13
14,hru14,0.0,0.0,0.007,0.0,0.0,0.0,0.0,0.0,0.0,0.0,2019-02-13
15,hru15,0.0,0.0,0.007,0.0,0.0,0.0,0.0,0.0,0.0,0.0,2019-02-13
16,hru16,0.0,0.0,0.007,0.0,0.0,0.0,0.0,0.0,0.0,0.0,2019-02-13
17,hru17,0.0,0.0,0.007,0.0,0.0,0.0,0.0,0.0,0.0,0.0,2019-02-13
18,hru18,0.0,0.0,0.007,0.0,0.0,0.0,0.0,0.0,0.0,0.0,2019-02-13
19,hru19,0.0,0.0,0.007,0.0,0.0,0.0,0.0,0.0,0.0,0.0,2019-02-13
20,hru20,0.0,0.0,0.007,0.0,0.0,0.0,0.0,0.0,0.0,0.0,2019-02-13
21,hru21,0.0,0.0,0.007,0.0,0.0,0.0,0.0,0.0,0.0,0.0,2019-02-13
22,hru22,0.0,0.0,0.007,0.0,0.0,0.0,0.0,0.0,0.0,0.0,2019-02-13
23,hru23,0.0,0.0,0.007,0.0,0.0,0.0,0.0,0.0,0.0,0.0,2019-02-13
24,hru24,0.0,0.0,0.007,0.0,0.0,0.0,0.0,0.0,0.0,0.0,2019-02-13
25,hru25,0.0,0.0,0.007,0.0,0.0,0.0,0.0,0.0,0.0,0.0,2019-02-13
26,hru26,0.0,0.0,0.007,0.0,0.0,0.0,0.0,0.0,0.0,0.0,2019-02-13
27,hru27,0.0,0.0,0.007,0.0,0.0,0.0,0.0,0.0,0.0,0.0,2019-02-13
28,hru28,0.0,0.0,0.006,0.0,0.0,0.0,0.0,0.0,0.0,0.0,2019-02-13
29,hru29,0.0,0.0,0.007,0.0,0.0,0.0,0.0,0.0,0.0,0.0,2019-02-13
30,hru30,0.0,0.0,0.006,0.0,0.0,0.0,0.0,0.0,0.0,0.0,2019-02-13
31,hru31,0.0,0.0,0.006,0.0,0.0,0.0,0.0,0.0,0.0,0.0,2019-02-13
32,hru32,0.0,0.0,0.007,0.0,0.0,0.0,0.0,0.0,0.0,0.0,2019-02-13
33,hru33,0.0,0.0,0.006,0.0,0.0,0.0,0.0,0.0,0.0,0.0,2019-02-13
34,hru34,0.0,0.0,0.006,0.0,0.0,0.0,0.0,0.0,0.0,0.0,2019-02-13
35,hru35,0.0,0.0,0.006,0.0,0.0,0.0,0.0,0.0,0.0,0.0,2019-02-13
36,hru36,0.0,0.0,0.006,0.0,0.0,0.0,0.0,0.0,0.0,0.0,2019-02-13
1,hru01,0.0,0.0,0.006,0.0,0.0,0.0,0.0,0.0,0.0,0.0,2019-02-14
2,hru02,0.0,0.0,0.006,0.0,0.0,0.0,0.0,0.0,0.0,0.0,2019-02-14
3,hru03,0.0,0.0,0.006,0.0,0.0,0.0,0.0,0.0,0.0,0.0,2019-02-14
4,hru04,0.0,0.0,0.006,0.0,0.0,0.0,0.0,0.0,0.0,0.0,2019-02-14
5,hru05,0.0,0.0,0.006,0.0,0.0,0.0,0.0,0.0,0.0,0.0,2019-02-14
6,hru06,0.0,0.0,0.006,0.0,0.0,0.0,0.0,0.0,0.0,0.0,2019-02-14
7,hru07,0.0,0.0,0.007,0.0,0.0,0.0,0.0,0.0,0.0,0.0,2019-02-14
8,hru08,0.0,0.0,0.006,0.0,0.0,0.0,0.0,0.0,0.0,0.0,2019-02-14
9,hru09,0.0,0.0,0.006,0.0,0.0,0.0,0.0,0.0,0.0,0.0,2019-02-14
10,hru10,0.0,0.0,0.006,0.0,0.0,0.0,0.0,0.0,0.0,0.0,2019-02-14
11,hru11,0.0,0.0,0.006,0.0,0.0,0.0,0.0,0.0,0.0,0.0,2019-02-14
12,hru12,0.0,0.0,0.007,0.0,0.0,0.0,0.0,0.0,0.0,0.0,2019-02-14
13,hru13,0.0,0.0,0.007,0.0,0.0,0.0,0.0,0.0,0.0,0.0,2019-02-14
14,hru14,0.0,0.0,0.007,0.0,0.0,0.0,0.0,0.0,0.0,0.0,2019-02-14
15,hru15,0.0,0.0,0.007,0.0,0.0,0.0,0.0,0.0,0.0,0.0,2019-02-14
16,hru16,0.0,0.0,0.007,0.0,0.0,0.0,0.0,0.0,0.0,0.0,2019-02-14
17,hru17,0.0,0.0,0.007,0.0,0.0,0.0,0.0,0.0,0.0,0.0,2019-02-14
18,hru18,0.0,0.0,0.007,0.0,0.0,0.0,0.0,0.0,0.0,0.0,2019-02-14
19,hru19,0.0,0.0,0.007,0.0,0.0,0.0,0.0,0.0,0.0,0.0,2019-02-14
20,hru20,0.0,0.0,0.007,0.0,0.0,0.0,0.0,0.0,0.0,0.0,2019-02-14
21,hru21,0.0,0.0,0.007,0.0,0.0,0.0,0.0,0.0,0.0,0.0,2019-02-14
22,hru22,0.0,0.0,0.007,0.0,0.0,0.0,0.0,0.0,0.0,0.0,2019-02-14
23,hru23,0.0,0.0,0.007,0.0,0.0,0.0,0.0,0.0,0.0,0.0,2019-02-14
24,hru24,0.0,0.0,0.007,0.0,0.0,0.0,0.0,0.0,0.0,0.0,2019-02-14
25,hru25,0.0,0.0,0.007,0.0,0.0,0.0,0.0,0.0,0.0,0.0,2019-02-14
26,hru26,0.0,0.0,0.007,0.0,0.0,0.0,0.0,0.0,0.0,0.0,2019-02-14
27,hru27,0.0,0.0,0.007,0.0,0.0,0.0,0.0,0.0,0.0,0.0,2019-02-14
28,hru28,0.0,0.0,0.006,0.0,0.0,0.0,0.0,0.0,0.0,0.0,2019-02-14
29,hru29,0.0,0.0,0.007,0.0,0.0,0.0,0.0,0.0,0.0,0.0,2019-02-14
30,hru30,0.0,0.0,0.006,0.0,0.0,0.0,0.0,0.0,0.0,0.0,2019-02-14
31,hru31,0.0,0.0,0.006,0.0,0.0,0.0,0.0,0.0,0.0,0.0,2019-02-14
32,hru32,0.0,0.0,0.007,0.0,0.0,0.0,0.0,0.0,0.0,0.0,2019-02-14
33,hru33,0.0,0.0,0.006,0.0,0.0,0.0,0.0,0.0,0.0,0.0,2019-02-14
34,hru34,0.0,0.0,0.006,0.0,0.0,0.0,0.0,0.0,0.0,0.0,2019-02-14
35,hru35,0.0,0.0,0.006,0.0,0.0,0.0,0.0,0.0,0.0,0.0,2019-02-14
36,hru36,0.0,0.0,0.006,0.0,0.0,0.0,0.0,0.0,0.0,0.0,2019-02-14
1,hru01,0.0,0.0,0.006,0.0,0.0,0.0,0.0,0.0,0.0,0.0,2019-02-15
2,hru02,0.0,0.0,0.006,0.0,0.0,0.0,0.0,0.0,0.0,0.0,2019-02-15
3,hru03,0.0,0.0,0.006,0.0,0.0,0.0,0.0,0.0,0.0,0.0,2019-02-15
4,hru04,0.0,0.0,0.006,0.0,0.0,0.0,0.0,0.0,0.0,0.0,2019-02-15
5,hru05,0.0,0.0,0.006,0.0,0.0,0.0,0.0,0.0,0.0,0.0,2019-02-15
6,hru06,0.0,0.0,0.006,0.0,0.0,0.0,0.0,0.0,0.0,0.0,2019-02-15
7,hru07,0.0,0.0,0.007,0.0,0.0,0.0,0.0,0.0,0.0,0.0,2019-02-15
8,hru08,0.0,0.0,0.006,0.0,0.0,0.0,0.0,0.0,0.0,0.0,2019-02-15
9,hru09,0.0,0.0,0.006,0.0,0.0,0.0,0.0,0.0,0.0,0.0,2019-02-15
10,hru10,0.0,0.0,0.006,0.0,0.0,0.0,0.0,0.0,0.0,0.0,2019-02-15
11,hru11,0.0,0.0,0.006,0.0,0.0,0.0,0.0,0.0,0.0,0.0,2019-02-15
12,hru12,0.0,0.0,0.007,0.0,0.0,0.0,0.0,0.0,0.0,0.0,2019-02-15
13,hru13,0.0,0.0,0.007,0.0,0.0,0.0,0.0,0.0,0.0,0.0,2019-02-15
14,hru14,0.0,0.0,0.007,0.0,0.0,0.0,0.0,0.0,0.0,0.0,2019-02-15
15,hru15,0.0,0.0,0.007,0.0,0.0,0.0,0.0,0.0,0.0,0.0,2019-02-15
16,hru16,0.0,0.0,0.007,0.0,0.0,0.0,0.0,0.0,0.0,0.0,2019-02-15
17,hru17,0.0,0.0,0.007,0.0,0.0,0.0,0.0,0.0,0.0,0.0,2019-02-15
18,hru18,0.0,0.0,0.007,0.0,0.0,0.0,0.0,0.0,0.0,0.0,2019-02-15
19,hru19,0.0,0.0,0.007,0.0,0.0,0.0,0.0,0.0,0.0,0.0,2019-02-15
20,hru20,0.0,0.0,0.007,0.0,0.0,0.0,0.0,0.0,0.0,0.0,2019-02-15
21,hru21,0.0,0.0,0.007,0.0,0.0,0.0,0.0,0.0,0.0,0.0,2019-02-15
22,hru22,0.0,0.0,0.007,0.0,0.0,0.0,0.0,0.0,0.0,0.0,2019-02-15
23,hru23,0.0,0.0,0.007,0.0,0.0,0.0,0.0,0.0,0.0,0.0,2019-02-15
24,hru24,0.0,0.0,0.007,0.0,0.0,0.0,0.0,0.0,0.0,0.0,2019-02-15
25,hru25,0.0,0.0,0.007,0.0,0.0,0.0,0.0,0.0,0.0,0.0,2019-02-15
26,hru26,0.0,0.0,0.007,0.0,0.0,0.0,0.0,0.0,0.0,0.0,2019-02-15
27,hru27,0.0,0.0,0.007,0.0,0.0,0.0,0.0,0.0,0.0,0.0,2019-02-15
28,hru28,0.0,0.0,0.006,0.0,0.0,0.0,0.0,0.0,0.0,0.0,2019-02-15
29,hru29,0.0,0.0,0.007,0.0,0.0,0.0,0.0,0.0,0.0,0.0,2019-02-15
30,hru30,0.0,0.0,0.006,0.0,0.0,0.0,0.0,0.0,0.0,0.0,2019-02-15
31,hru31,0.0,0.0,0.006,0.0,0.0,0.0,0.0,0.0,0.0,0.0,2019-02-15
32,hru32,0.0,0.0,0.007,0.0,0.0,0.0,0.0,0.0,0.0,0.0,2019-02-15
33,hru33,0.0,0.0,0.006,0.0,0.0,0.0,0.0,0.0,0.0,0.0,2019-02-15
34,hru34,0.0,0.0,0.006,0.0,0.0,0.0,0.0,0.0,0.0,0.0,2019-02-15
35,hru35,0.0,0.0,0.006,0.0,0.0,0.0,0.0,0.0,0.0,0.0,2019-02-15
36,hru36,0.0,0.0,0.006,0.0,0.0,0.0,0.0,0.0,0.0,0.0,2019-02-15
1,hru01,0.0,0.0,0.006,0.0,0.0,0.0,0.0,0.0,0.0,0.0,2019-02-16
2,hru02,0.0,0.0,0.006,0.0,0.0,0.0,0.0,0.0,0.0,0.0,2019-02-16
3,hru03,0.0,0.0,0.006,0.0,0.0,0.0,0.0,0.0,0.0,0.0,2019-02-16
4,hru04,0.0,0.0,0.006,0.0,0.0,0.0,0.0,0.0,0.0,0.0,2019-02-16
5,hru05,0.0,0.0,0.006,0.0,0.0,0.0,0.0,0.0,0.0,0.0,2019-02-16
6,hru06,0.0,0.0,0.006,0.0,0.0,0.0,0.0,0.0,0.0,0.0,2019-02-16
7,hru07,0.0,0.0,0.007,0.0,0.0,0.0,0.0,0.0,0.0,0.0,2019-02-16
8,hru08,0.0,0.0,0.006,0.0,0.0,0.0,0.0,0.0,0.0,0.0,2019-02-16
9,hru09,0.0,0.0,0.006,0.0,0.0,0.0,0.0,0.0,0.0,0.0,2019-02-16
10,hru10,0.0,0.0,0.006,0.0,0.0,0.0,0.0,0.0,0.0,0.0,2019-02-16
11,hru11,0.0,0.0,0.006,0.0,0.0,0.0,0.0,0.0,0.0,0.0,2019-02-16
12,hru12,0.0,0.0,0.007,0.0,0.0,0.0,0.0,0.0,0.0,0.0,2019-02-16
13,hru13,0.0,0.0,0.007,0.0,0.0,0.0,0.0,0.0,0.0,0.0,2019-02-16
14,hru14,0.0,0.0,0.007,0.0,0.0,0.0,0.0,0.0,0.0,0.0,2019-02-16
15,hru15,0.0,0.0,0.007,0.0,0.0,0.0,0.0,0.0,0.0,0.0,2019-02-16
16,hru16,0.0,0.0,0.007,0.0,0.0,0.0,0.0,0.0,0.0,0.0,2019-02-16
17,hru17,0.0,0.0,0.007,0.0,0.0,0.0,0.0,0.0,0.0,0.0,2019-02-16
18,hru18,0.0,0.0,0.007,0.0,0.0,0.0,0.0,0.0,0.0,0.0,2019-02-16
19,hru19,0.0,0.0,0.007,0.0,0.0,0.0,0.0,0.0,0.0,0.0,2019-02-16
20,hru20,0.0,0.0,0.007,0.0,0.0,0.0,0.0,0.0,0.0,0.0,2019-02-16
21,hru21,0.0,0.0,0.007,0.0,0.0,0.0,0.0,0.0,0.0,0.0,2019-02-16
22,hru22,0.0,0.0,0.007,0.0,0.0,0.0,0.0,0.0,0.0,0.0,2019-02-16
23,hru23,0.0,0.0,0.007,0.0,0.0,0.0,0.0,0.0,0.0,0.0,2019-02-16
24,hru24,0.0,0.0,0.007,0.0,0.0,0.0,0.0,0.0,0.0,0.0,2019-02-16
25,hru25,0.0,0.0,0.007,0.0,0.0,0.0,0.0,0.0,0.0,0.0,2019-02-16
26,hru26,0.0,0.0,0.007,0.0,0.0,0.0,0.0,0.0,0.0,0.0,2019-02-16
27,hru27,0.0,0.0,0.007,0.0,0.0,0.0,0.0,0.0,0.0,0.0,2019-02-16
28,hru28,0.0,0.0,0.006,0.0,0.0,0.0,0.0,0.0,0.0,0.0,2019-02-16
29,hru29,0.0,0.0,0.007,0.0,0.0,0.0,0.0,0.0,0.0,0.0,2019-02-16
30,hru30,0.0,0.0,0.006,0.0,0.0,0.0,0.0,0.0,0.0,0.0,2019-02-16
31,hru31,0.0,0.0,0.006,0.0,0.0,0.0,0.0,0.0,0.0,0.0,2019-02-16
32,hru32,0.0,0.0,0.007,0.0,0.0,0.0,0.0,0.0,0.0,0.0,2019-02-16
33,hru33,0.0,0.0,0.006,0.0,0.0,0.0,0.0,0.0,0.0,0.0,2019-02-16
34,hru34,0.0,0.0,0.006,0.0,0.0,0.0,0.0,0.0,0.0,0.0,2019-02-16
35,hru35,0.0,0.0,0.006,0.0,0.0,0.0,0.0,0.0,0.0,0.0,2019-02-16
36,hru36,0.0,0.0,0.006,0.0,0.0,0.0,0.0,0.0,0.0,0.0,2019-02-16
1,hru01,0.0,0.0,0.006,0.0,0.0,0.0,0.0,0.0,0.0,0.0,2019-02-17
2,hru02,0.0,0.0,0.006,0.0,0.0,0.0,0.0,0.0,0.0,0.0,2019-02-17
3,hru03,0.0,0.0,0.006,0.0,0.0,0.0,0.0,0.0,0.0,0.0,2019-02-17
4,hru04,0.0,0.0,0.006,0.0,0.0,0.0,0.0,0.0,0.0,0.0,2019-02-17
5,hru05,0.0,0.0,0.006,0.0,0.0,0.0,0.0,0.0,0.0,0.0,2019-02-17
6,hru06,0.0,0.0,0.006,0.0,0.0,0.0,0.0,0.0,0.0,0.0,2019-02-17
7,hru07,0.0,0.0,0.007,0.0,0.0,0.0,0.0,0.0,0.0,0.0,2019-02-17
8,hru08,0.0,0.0,0.006,0.0,0.0,0.0,0.0,0.0,0.0,0.0,2019-02-17
9,hru09,0.0,0.0,0.006,0.0,0.0,0.0,0.0,0.0,0.0,0.0,2019-02-17
10,hru10,0.0,0.0,0.006,0.0,0.0,0.0,0.0,0.0,0.0,0.0,2019-02-17
11,hru11,0.0,0.0,0.006,0.0,0.0,0.0,0.0,0.0,0.0,0.0,2019-02-17
12,hru12,0.0,0.0,0.007,0.0,0.0,0.0,0.0,0.0,0.0,0.0,2019-02-17
13,hru13,0.0,0.0,0.007,0.0,0.0,0.0,0.0,0.0,0.0,0.0,2019-02-17
14,hru14,0.0,0.0,0.007,0.0,0.0,0.0,0.0,0.0,0.0,0.0,2019-02-17
15,hru15,0.0,0.0,0.007,0.0,0.0,0.0,0.0,0.0,0.0,0.0,2019-02-17
16,hru16,0.0,0.0,0.007,0.0,0.0,0.0,0.0,0.0,0.0,0.0,2019-02-17
17,hru17,0.0,0.0,0.007,0.0,0.0,0.0,0.0,0.0,0.0,0.0,2019-02-17
18,hru18,0.0,0.0,0.007,0.0,0.0,0.0,0.0,0.0,0.0,0.0,2019-02-17
19,hru19,0.0,0.0,0.007,0.0,0.0,0.0,0.0,0.0,0.0,0.0,2019-02-17
20,hru20,0.0,0.0,0.007,0.0,0.0,0.0,0.0,0.0,0.0,0.0,2019-02-17
21,hru21,0.0,0.0,0.007,0.0,0.0,0.0,0.0,0.0,0.0,0.0,2019-02-17
22,hru22,0.0,0.0,0.007,0.0,0.0,0.0,0.0,0.0,0.0,0.0,2019-02-17
23,hru23,0.0,0.0,0.007,0.0,0.0,0.0,0.0,0.0,0.0,0.0,2019-02-17
24,hru24,0.0,0.0,0.007,0.0,0.0,0.0,0.0,0.0,0.0,0.0,2019-02-17
25,hru25,0.0,0.0,0.007,0.0,0.0,0.0,0.0,0.0,0.0,0.0,2019-02-17
26,hru26,0.0,0.0,0.007,0.0,0.0,0.0,0.0,0.0,0.0,0.0,2019-02-17
27,hru27,0.0,0.0,0.007,0.0,0.0,0.0,0.0,0.0,0.0,0.0,2019-02-17
28,hru28,0.0,0.0,0.006,0.0,0.0,0.0,0.0,0.0,0.0,0.0,2019-02-17
29,hru29,0.0,0.0,0.007,0.0,0.0,0.0,0.0,0.0,0.0,0.0,2019-02-17
30,hru30,0.0,0.0,0.006,0.0,0.0,0.0,0.0,0.0,0.0,0.0,2019-02-17
31,hru31,0.0,0.0,0.006,0.0,0.0,0.0,0.0,0.0,0.0,0.0,2019-02-17
32,hru32,0.0,0.0,0.007,0.0,0.0,0.0,0.0,0.0,0.0,0.0,2019-02-17
33,hru33,0.0,0.0,0.006,0.0,0.0,0.0,0.0,0.0,0.0,0.0,2019-02-17
34,hru34,0.0,0.0,0.006,0.0,0.0,0.0,0.0,0.0,0.0,0.0,2019-02-17
35,hru35,0.0,0.0,0.006,0.0,0.0,0.0,0.0,0.0,0.0,0.0,2019-02-17
36,hru36,0.0,0.0,0.006,0.0,0.0,0.0,0.0,0.0,0.0,0.0,2019-02-17
1,hru01,0.0,0.0,0.006,0.0,0.0,0.0,0.0,0.0,0.0,0.0,2019-02-18
2,hru02,0.0,0.0,0.006,0.0,0.0,0.0,0.0,0.0,0.0,0.0,2019-02-18
3,hru03,0.0,0.0,0.006,0.0,0.0,0.0,0.0,0.0,0.0,0.0,2019-02-18
4,hru04,0.0,0.0,0.006,0.0,0.0,0.0,0.0,0.0,0.0,0.0,2019-02-18
5,hru05,0.0,0.0,0.006,0.0,0.0,0.0,0.0,0.0,0.0,0.0,2019-02-18
6,hru06,0.0,0.0,0.006,0.0,0.0,0.0,0.0,0.0,0.0,0.0,2019-02-18
7,hru07,0.0,0.0,0.007,0.0,0.0,0.0,0.0,0.0,0.0,0.0,2019-02-18
8,hru08,0.0,0.0,0.006,0.0,0.0,0.0,0.0,0.0,0.0,0.0,2019-02-18
9,hru09,0.0,0.0,0.006,0.0,0.0,0.0,0.0,0.0,0.0,0.0,2019-02-18
10,hru10,0.0,0.0,0.006,0.0,0.0,0.0,0.0,0.0,0.0,0.0,2019-02-18
11,hru11,0.0,0.0,0.006,0.0,0.0,0.0,0.0,0.0,0.0,0.0,2019-02-18
12,hru12,0.0,0.0,0.007,0.0,0.0,0.0,0.0,0.0,0.0,0.0,2019-02-18
13,hru13,0.0,0.0,0.007,0.0,0.0,0.0,0.0,0.0,0.0,0.0,2019-02-18
14,hru14,0.0,0.0,0.007,0.0,0.0,0.0,0.0,0.0,0.0,0.0,2019-02-18
15,hru15,0.0,0.0,0.007,0.0,0.0,0.0,0.0,0.0,0.0,0.0,2019-02-18
16,hru16,0.0,0.0,0.007,0.0,0.0,0.0,0.0,0.0,0.0,0.0,2019-02-18
17,hru17,0.0,0.0,0.007,0.0,0.0,0.0,0.0,0.0,0.0,0.0,2019-02-18
18,hru18,0.0,0.0,0.007,0.0,0.0,0.0,0.0,0.0,0.0,0.0,2019-02-18
19,hru19,0.0,0.0,0.007,0.0,0.0,0.0,0.0,0.0,0.0,0.0,2019-02-18
20,hru20,0.0,0.0,0.007,0.0,0.0,0.0,0.0,0.0,0.0,0.0,2019-02-18
21,hru21,0.0,0.0,0.007,0.0,0.0,0.0,0.0,0.0,0.0,0.0,2019-02-18
22,hru22,0.0,0.0,0.007,0.0,0.0,0.0,0.0,0.0,0.0,0.0,2019-02-18
23,hru23,0.0,0.0,0.007,0.0,0.0,0.0,0.0,0.0,0.0,0.0,2019-02-18
24,hru24,0.0,0.0,0.007,0.0,0.0,0.0,0.0,0.0,0.0,0.0,2019-02-18
25,hru25,0.0,0.0,0.007,0.0,0.0,0.0,0.0,0.0,0.0,0.0,2019-02-18
26,hru26,0.0,0.0,0.007,0.0,0.0,0.0,0.0,0.0,0.0,0.0,2019-02-18
27,hru27,0.0,0.0,0.007,0.0,0.0,0.0,0.0,0.0,0.0,0.0,2019-02-18
28,hru28,0.0,0.0,0.006,0.0,0.0,0.0,0.0,0.0,0.0,0.0,2019-02-18
29,hru29,0.0,0.0,0.007,0.0,0.0,0.0,0.0,0.0,0.0,0.0,2019-02-18
30,hru30,0.0,0.0,0.006,0.0,0.0,0.0,0.0,0.0,0.0,0.0,2019-02-18
31,hru31,0.0,0.0,0.006,0.0,0.0,0.0,0.0,0.0,0.0,0.0,2019-02-18
32,hru32,0.0,0.0,0.007,0.0,0.0,0.0,0.0,0.0,0.0,0.0,2019-02-18
33,hru33,0.0,0.0,0.006,0.0,0.0,0.0,0.0,0.0,0.0,0.0,2019-02-18
34,hru34,0.0,0.0,0.006,0.0,0.0,0.0,0.0,0.0,0.0,0.0,2019-02-18
35,hru35,0.0,0.0,0.006,0.0,0.0,0.0,0.0,0.0,0.0,0.0,2019-02-18
36,hru36,0.0,0.0,0.006,0.0,0.0,0.0,0.0,0.0,0.0,0.0,2019-02-18
1,hru01,0.0,0.0,0.006,0.0,0.0,0.0,0.0,0.0,0.0,0.0,2019-02-19
2,hru02,0.0,0.0,0.006,0.0,0.0,0.0,0.0,0.0,0.0,0.0,2019-02-19
3,hru03,0.0,0.0,0.006,0.0,0.0,0.0,0.0,0.0,0.0,0.0,2019-02-19
4,hru04,0.0,0.0,0.006,0.0,0.0,0.0,0.0,0.0,0.0,0.0,2019-02-19
5,hru05,0.0,0.0,0.006,0.0,0.0,0.0,0.0,0.0,0.0,0.0,2019-02-19
6,hru06,0.0,0.0,0.006,0.0,0.0,0.0,0.0,0.0,0.0,0.0,2019-02-19
7,hru07,0.0,0.0,0.007,0.0,0.0,0.0,0.0,0.0,0.0,0.0,2019-02-19
8,hru08,0.0,0.0,0.006,0.0,0.0,0.0,0.0,0.0,0.0,0.0,2019-02-19
9,hru09,0.0,0.0,0.006,0.0,0.0,0.0,0.0,0.0,0.0,0.0,2019-02-19
10,hru10,0.0,0.0,0.006,0.0,0.0,0.0,0.0,0.0,0.0,0.0,2019-02-19
11,hru11,0.0,0.0,0.006,0.0,0.0,0.0,0.0,0.0,0.0,0.0,2019-02-19
12,hru12,0.0,0.0,0.007,0.0,0.0,0.0,0.0,0.0,0.0,0.0,2019-02-19
13,hru13,0.0,0.0,0.007,0.0,0.0,0.0,0.0,0.0,0.0,0.0,2019-02-19
14,hru14,0.0,0.0,0.007,0.0,0.0,0.0,0.0,0.0,0.0,0.0,2019-02-19
15,hru15,0.0,0.0,0.007,0.0,0.0,0.0,0.0,0.0,0.0,0.0,2019-02-19
16,hru16,0.0,0.0,0.007,0.0,0.0,0.0,0.0,0.0,0.0,0.0,2019-02-19
17,hru17,0.0,0.0,0.007,0.0,0.0,0.0,0.0,0.0,0.0,0.0,2019-02-19
18,hru18,0.0,0.0,0.007,0.0,0.0,0.0,0.0,0.0,0.0,0.0,2019-02-19
19,hru19,0.0,0.0,0.007,0.0,0.0,0.0,0.0,0.0,0.0,0.0,2019-02-19
20,hru20,0.0,0.0,0.007,0.0,0.0,0.0,0.0,0.0,0.0,0.0,2019-02-19
21,hru21,0.0,0.0,0.007,0.0,0.0,0.0,0.0,0.0,0.0,0.0,2019-02-19
22,hru22,0.0,0.0,0.007,0.0,0.0,0.0,0.0,0.0,0.0,0.0,2019-02-19
23,hru23,0.0,0.0,0.007,0.0,0.0,0.0,0.0,0.0,0.0,0.0,2019-02-19
24,hru24,0.0,0.0,0.007,0.0,0.0,0.0,0.0,0.0,0.0,0.0,2019-02-19
25,hru25,0.0,0.0,0.007,0.0,0.0,0.0,0.0,0.0,0.0,0.0,2019-02-19
26,hru26,0.0,0.0,0.007,0.0,0.0,0.0,0.0,0.0,0.0,0.0,2019-02-19
27,hru27,0.0,0.0,0.007,0.0,0.0,0.0,0.0,0.0,0.0,0.0,2019-02-19
28,hru28,0.0,0.0,0.006,0.0,0.0,0.0,0.0,0.0,0.0,0.0,2019-02-19
29,hru29,0.0,0.0,0.007,0.0,0.0,0.0,0.0,0.0,0.0,0.0,2019-02-19
30,hru30,0.0,0.0,0.006,0.0,0.0,0.0,0.0,0.0,0.0,0.0,2019-02-19
31,hru31,0.0,0.0,0.006,0.0,0.0,0.0,0.0,0.0,0.0,0.0,2019-02-19
32,hru32,0.0,0.0,0.007,0.0,0.0,0.0,0.0,0.0,0.0,0.0,2019-02-19
33,hru33,0.0,0.0,0.006,0.0,0.0,0.0,0.0,0.0,0.0,0.0,2019-02-19
34,hru34,0.0,0.0,0.006,0.0,0.0,0.0,0.0,0.0,0.0,0.0,2019-02-19
35,hru35,0.0,0.0,0.006,0.0,0.0,0.0,0.0,0.0,0.0,0.0,2019-02-19
36,hru36,0.0,0.0,0.006,0.0,0.0,0.0,0.0,0.0,0.0,0.0,2019-02-19
1,hru01,0.0,0.0,0.006,0.0,0.0,0.0,0.0,0.0,0.0,0.0,2019-02-20
2,hru02,0.0,0.0,0.006,0.0,0.0,0.0,0.0,0.0,0.0,0.0,2019-02-20
3,hru03,0.0,0.0,0.006,0.0,0.0,0.0,0.0,0.0,0.0,0.0,2019-02-20
4,hru04,0.0,0.0,0.006,0.0,0.0,0.0,0.0,0.0,0.0,0.0,2019-02-20
5,hru05,0.0,0.0,0.006,0.0,0.0,0.0,0.0,0.0,0.0,0.0,2019-02-20
6,hru06,0.0,0.0,0.006,0.0,0.0,0.0,0.0,0.0,0.0,0.0,2019-02-20
7,hru07,0.0,0.0,0.007,0.0,0.0,0.0,0.0,0.0,0.0,0.0,2019-02-20
8,hru08,0.0,0.0,0.006,0.0,0.0,0.0,0.0,0.0,0.0,0.0,2019-02-20
9,hru09,0.0,0.0,0.006,0.0,0.0,0.0,0.0,0.0,0.0,0.0,2019-02-20
10,hru10,0.0,0.0,0.006,0.0,0.0,0.0,0.0,0.0,0.0,0.0,2019-02-20
11,hru11,0.0,0.0,0.006,0.0,0.0,0.0,0.0,0.0,0.0,0.0,2019-02-20
12,hru12,0.0,0.0,0.007,0.0,0.0,0.0,0.0,0.0,0.0,0.0,2019-02-20
13,hru13,0.0,0.0,0.007,0.0,0.0,0.0,0.0,0.0,0.0,0.0,2019-02-20
14,hru14,0.0,0.0,0.007,0.0,0.0,0.0,0.0,0.0,0.0,0.0,2019-02-20
15,hru15,0.0,0.0,0.007,0.0,0.0,0.0,0.0,0.0,0.0,0.0,2019-02-20
16,hru16,0.0,0.0,0.007,0.0,0.0,0.0,0.0,0.0,0.0,0.0,2019-02-20
17,hru17,0.0,0.0,0.007,0.0,0.0,0.0,0.0,0.0,0.0,0.0,2019-02-20
18,hru18,0.0,0.0,0.007,0.0,0.0,0.0,0.0,0.0,0.0,0.0,2019-02-20
19,hru19,0.0,0.0,0.007,0.0,0.0,0.0,0.0,0.0,0.0,0.0,2019-02-20
20,hru20,0.0,0.0,0.007,0.0,0.0,0.0,0.0,0.0,0.0,0.0,2019-02-20
21,hru21,0.0,0.0,0.007,0.0,0.0,0.0,0.0,0.0,0.0,0.0,2019-02-20
22,hru22,0.0,0.0,0.007,0.0,0.0,0.0,0.0,0.0,0.0,0.0,2019-02-20
23,hru23,0.0,0.0,0.007,0.0,0.0,0.0,0.0,0.0,0.0,0.0,2019-02-20
24,hru24,0.0,0.0,0.007,0.0,0.0,0.0,0.0,0.0,0.0,0.0,2019-02-20
25,hru25,0.0,0.0,0.007,0.0,0.0,0.0,0.0,0.0,0.0,0.0,2019-02-20
26,hru26,0.0,0.0,0.007,0.0,0.0,0.0,0.0,0.0,0.0,0.0,2019-02-20
27,hru27,0.0,0.0,0.007,0.0,0.0,0.0,0.0,0.0,0.0,0.0,2019-02-20
28,hru28,0.0,0.0,0.006,0.0,0.0,0.0,0.0,0.0,0.0,0.0,2019-02-20
29,hru29,0.0,0.0,0.007,0.0,0.0,0.0,0.0,0.0,0.0,0.0,2019-02-20
30,hru30,0.0,0.0,0.006,0.0,0.0,0.0,0.0,0.0,0.0,0.0,2019-02-20
31,hru31,0.0,0.0,0.006,0.0,0.0,0.0,0.0,0.0,0.0,0.0,2019-02-20
32,hru32,0.0,0.0,0.007,0.0,0.0,0.0,0.0,0.0,0.0,0.0,2019-02-20
33,hru33,0.0,0.0,0.006,0.0,0.0,0.0,0.0,0.0,0.0,0.0,2019-02-20
34,hru34,0.0,0.0,0.006,0.0,0.0,0.0,0.0,0.0,0.0,0.0,2019-02-20
35,hru35,0.0,0.0,0.006,0.0,0.0,0.0,0.0,0.0,0.0,0.0,2019-02-20
36,hru36,0.0,0.0,0.006,0.0,0.0,0.0,0.0,0.0,0.0,0.0,2019-02-20
1,hru01,0.0,0.0,0.006,0.0,0.0,0.0,0.0,0.0,0.0,0.0,2019-02-21
2,hru02,0.0,0.0,0.006,0.0,0.0,0.0,0.0,0.0,0.0,0.0,2019-02-21
3,hru03,0.0,0.0,0.006,0.0,0.0,0.0,0.0,0.0,0.0,0.0,2019-02-21
4,hru04,0.0,0.0,0.006,0.0,0.0,0.0,0.0,0.0,0.0,0.0,2019-02-21
5,hru05,0.0,0.0,0.006,0.0,0.0,0.0,0.0,0.0,0.0,0.0,2019-02-21
6,hru06,0.0,0.0,0.006,0.0,0.0,0.0,0.0,0.0,0.0,0.0,2019-02-21
7,hru07,0.0,0.0,0.007,0.0,0.0,0.0,0.0,0.0,0.0,0.0,2019-02-21
8,hru08,0.0,0.0,0.006,0.0,0.0,0.0,0.0,0.0,0.0,0.0,2019-02-21
9,hru09,0.0,0.0,0.006,0.0,0.0,0.0,0.0,0.0,0.0,0.0,2019-02-21
10,hru10,0.0,0.0,0.006,0.0,0.0,0.0,0.0,0.0,0.0,0.0,2019-02-21
11,hru11,0.0,0.0,0.006,0.0,0.0,0.0,0.0,0.0,0.0,0.0,2019-02-21
12,hru12,0.0,0.0,0.007,0.0,0.0,0.0,0.0,0.0,0.0,0.0,2019-02-21
13,hru13,0.0,0.0,0.007,0.0,0.0,0.0,0.0,0.0,0.0,0.0,2019-02-21
14,hru14,0.0,0.0,0.007,0.0,0.0,0.0,0.0,0.0,0.0,0.0,2019-02-21
15,hru15,0.0,0.0,0.007,0.0,0.0,0.0,0.0,0.0,0.0,0.0,2019-02-21
16,hru16,0.0,0.0,0.007,0.0,0.0,0.0,0.0,0.0,0.0,0.0,2019-02-21
17,hru17,0.0,0.0,0.007,0.0,0.0,0.0,0.0,0.0,0.0,0.0,2019-02-21
18,hru18,0.0,0.0,0.007,0.0,0.0,0.0,0.0,0.0,0.0,0.0,2019-02-21
19,hru19,0.0,0.0,0.007,0.0,0.0,0.0,0.0,0.0,0.0,0.0,2019-02-21
20,hru20,0.0,0.0,0.007,0.0,0.0,0.0,0.0,0.0,0.0,0.0,2019-02-21
21,hru21,0.0,0.0,0.007,0.0,0.0,0.0,0.0,0.0,0.0,0.0,2019-02-21
22,hru22,0.0,0.0,0.007,0.0,0.0,0.0,0.0,0.0,0.0,0.0,2019-02-21
23,hru23,0.0,0.0,0.007,0.0,0.0,0.0,0.0,0.0,0.0,0.0,2019-02-21
24,hru24,0.0,0.0,0.007,0.0,0.0,0.0,0.0,0.0,0.0,0.0,2019-02-21
25,hru25,0.0,0.0,0.007,0.0,0.0,0.0,0.0,0.0,0.0,0.0,2019-02-21
26,hru26,0.0,0.0,0.007,0.0,0.0,0.0,0.0,0.0,0.0,0.0,2019-02-21
27,hru27,0.0,0.0,0.007,0.0,0.0,0.0,0.0,0.0,0.0,0.0,2019-02-21
28,hru28,0.0,0.0,0.006,0.0,0.0,0.0,0.0,0.0,0.0,0.0,2019-02-21
29,hru29,0.0,0.0,0.007,0.0,0.0,0.0,0.0,0.0,0.0,0.0,2019-02-21
30,hru30,0.0,0.0,0.006,0.0,0.0,0.0,0.0,0.0,0.0,0.0,2019-02-21
31,hru31,0.0,0.0,0.006,0.0,0.0,0.0,0.0,0.0,0.0,0.0,2019-02-21
32,hru32,0.0,0.0,0.007,0.0,0.0,0.0,0.0,0.0,0.0,0.0,2019-02-21
33,hru33,0.0,0.0,0.006,0.0,0.0,0.0,0.0,0.0,0.0,0.0,2019-02-21
34,hru34,0.0,0.0,0.006,0.0,0.0,0.0,0.0,0.0,0.0,0.0,2019-02-21
35,hru35,0.0,0.0,0.006,0.0,0.0,0.0,0.0,0.0,0.0,0.0,2019-02-21
36,hru36,0.0,0.0,0.006,0.0,0.0,0.0,0.0,0.0,0.0,0.0,2019-02-21
1,hru01,0.0,0.0,0.006,0.0,0.0,0.0,0.0,0.0,0.0,0.0,2019-02-22
2,hru02,0.0,0.0,0.006,0.0,0.0,0.0,0.0,0.0,0.0,0.0,2019-02-22
3,hru03,0.0,0.0,0.006,0.0,0.0,0.0,0.0,0.0,0.0,0.0,2019-02-22
4,hru04,0.0,0.0,0.006,0.0,0.0,0.0,0.0,0.0,0.0,0.0,2019-02-22
5,hru05,0.0,0.0,0.006,0.0,0.0,0.0,0.0,0.0,0.0,0.0,2019-02-22
6,hru06,0.0,0.0,0.006,0.0,0.0,0.0,0.0,0.0,0.0,0.0,2019-02-22
7,hru07,0.0,0.0,0.007,0.0,0.0,0.0,0.0,0.0,0.0,0.0,2019-02-22
8,hru08,0.0,0.0,0.006,0.0,0.0,0.0,0.0,0.0,0.0,0.0,2019-02-22
9,hru09,0.0,0.0,0.006,0.0,0.0,0.0,0.0,0.0,0.0,0.0,2019-02-22
10,hru10,0.0,0.0,0.006,0.0,0.0,0.0,0.0,0.0,0.0,0.0,2019-02-22
11,hru11,0.0,0.0,0.006,0.0,0.0,0.0,0.0,0.0,0.0,0.0,2019-02-22
12,hru12,0.0,0.0,0.007,0.0,0.0,0.0,0.0,0.0,0.0,0.0,2019-02-22
13,hru13,0.0,0.0,0.007,0.0,0.0,0.0,0.0,0.0,0.0,0.0,2019-02-22
14,hru14,0.0,0.0,0.007,0.0,0.0,0.0,0.0,0.0,0.0,0.0,2019-02-22
15,hru15,0.0,0.0,0.007,0.0,0.0,0.0,0.0,0.0,0.0,0.0,2019-02-22
16,hru16,0.0,0.0,0.007,0.0,0.0,0.0,0.0,0.0,0.0,0.0,2019-02-22
17,hru17,0.0,0.0,0.007,0.0,0.0,0.0,0.0,0.0,0.0,0.0,2019-02-22
18,hru18,0.0,0.0,0.007,0.0,0.0,0.0,0.0,0.0,0.0,0.0,2019-02-22
19,hru19,0.0,0.0,0.007,0.0,0.0,0.0,0.0,0.0,0.0,0.0,2019-02-22
20,hru20,0.0,0.0,0.007,0.0,0.0,0.0,0.0,0.0,0.0,0.0,2019-02-22
21,hru21,0.0,0.0,0.007,0.0,0.0,0.0,0.0,0.0,0.0,0.0,2019-02-22
22,hru22,0.0,0.0,0.007,0.0,0.0,0.0,0.0,0.0,0.0,0.0,2019-02-22
23,hru23,0.0,0.0,0.007,0.0,0.0,0.0,0.0,0.0,0.0,0.0,2019-02-22
24,hru24,0.0,0.0,0.007,0.0,0.0,0.0,0.0,0.0,0.0,0.0,2019-02-22
25,hru25,0.0,0.0,0.007,0.0,0.0,0.0,0.0,0.0,0.0,0.0,2019-02-22
26,hru26,0.0,0.0,0.007,0.0,0.0,0.0,0.0,0.0,0.0,0.0,2019-02-22
27,hru27,0.0,0.0,0.007,0.0,0.0,0.0,0.0,0.0,0.0,0.0,2019-02-22
28,hru28,0.0,0.0,0.006,0.0,0.0,0.0,0.0,0.0,0.0,0.0,2019-02-22
29,hru29,0.0,0.0,0.007,0.0,0.0,0.0,0.0,0.0,0.0,0.0,2019-02-22
30,hru30,0.0,0.0,0.006,0.0,0.0,0.0,0.0,0.0,0.0,0.0,2019-02-22
31,hru31,0.0,0.0,0.006,0.0,0.0,0.0,0.0,0.0,0.0,0.0,2019-02-22
32,hru32,0.0,0.0,0.007,0.0,0.0,0.0,0.0,0.0,0.0,0.0,2019-02-22
33,hru33,0.0,0.0,0.006,0.0,0.0,0.0,0.0,0.0,0.0,0.0,2019-02-22
34,hru34,0.0,0.0,0.006,0.0,0.0,0.0,0.0,0.0,0.0,0.0,2019-02-22
35,hru35,0.0,0.0,0.006,0.0,0.0,0.0,0.0,0.0,0.0,0.0,2019-02-22
36,hru36,0.0,0.0,0.006,0.0,0.0,0.0,0.0,0.0,0.0,0.0,2019-02-22
1,hru01,0.0,0.0,0.006,0.0,0.0,0.0,0.0,0.0,0.0,0.0,2019-02-23
2,hru02,0.0,0.0,0.006,0.0,0.0,0.0,0.0,0.0,0.0,0.0,2019-02-23
3,hru03,0.0,0.0,0.006,0.0,0.0,0.0,0.0,0.0,0.0,0.0,2019-02-23
4,hru04,0.0,0.0,0.006,0.0,0.0,0.0,0.0,0.0,0.0,0.0,2019-02-23
5,hru05,0.0,0.0,0.006,0.0,0.0,0.0,0.0,0.0,0.0,0.0,2019-02-23
6,hru06,0.0,0.0,0.006,0.0,0.0,0.0,0.0,0.0,0.0,0.0,2019-02-23
7,hru07,0.0,0.0,0.007,0.0,0.0,0.0,0.0,0.0,0.0,0.0,2019-02-23
8,hru08,0.0,0.0,0.006,0.0,0.0,0.0,0.0,0.0,0.0,0.0,2019-02-23
9,hru09,0.0,0.0,0.006,0.0,0.0,0.0,0.0,0.0,0.0,0.0,2019-02-23
10,hru10,0.0,0.0,0.006,0.0,0.0,0.0,0.0,0.0,0.0,0.0,2019-02-23
11,hru11,0.0,0.0,0.006,0.0,0.0,0.0,0.0,0.0,0.0,0.0,2019-02-23
12,hru12,0.0,0.0,0.007,0.0,0.0,0.0,0.0,0.0,0.0,0.0,2019-02-23
13,hru13,0.0,0.0,0.007,0.0,0.0,0.0,0.0,0.0,0.0,0.0,2019-02-23
14,hru14,0.0,0.0,0.007,0.0,0.0,0.0,0.0,0.0,0.0,0.0,2019-02-23
15,hru15,0.0,0.0,0.007,0.0,0.0,0.0,0.0,0.0,0.0,0.0,2019-02-23
16,hru16,0.0,0.0,0.007,0.0,0.0,0.0,0.0,0.0,0.0,0.0,2019-02-23
17,hru17,0.0,0.0,0.007,0.0,0.0,0.0,0.0,0.0,0.0,0.0,2019-02-23
18,hru18,0.0,0.0,0.007,0.0,0.0,0.0,0.0,0.0,0.0,0.0,2019-02-23
19,hru19,0.0,0.0,0.007,0.0,0.0,0.0,0.0,0.0,0.0,0.0,2019-02-23
20,hru20,0.0,0.0,0.007,0.0,0.0,0.0,0.0,0.0,0.0,0.0,2019-02-23
21,hru21,0.0,0.0,0.007,0.0,0.0,0.0,0.0,0.0,0.0,0.0,2019-02-23
22,hru22,0.0,0.0,0.007,0.0,0.0,0.0,0.0,0.0,0.0,0.0,2019-02-23
23,hru23,0.0,0.0,0.007,0.0,0.0,0.0,0.0,0.0,0.0,0.0,2019-02-23
24,hru24,0.0,0.0,0.007,0.0,0.0,0.0,0.0,0.0,0.0,0.0,2019-02-23
25,hru25,0.0,0.0,0.007,0.0,0.0,0.0,0.0,0.0,0.0,0.0,2019-02-23
26,hru26,0.0,0.0,0.007,0.0,0.0,0.0,0.0,0.0,0.0,0.0,2019-02-23
27,hru27,0.0,0.0,0.007,0.0,0.0,0.0,0.0,0.0,0.0,0.0,2019-02-23
28,hru28,0.0,0.0,0.006,0.0,0.0,0.0,0.0,0.0,0.0,0.0,2019-02-23
29,hru29,0.0,0.0,0.007,0.0,0.0,0.0,0.0,0.0,0.0,0.0,2019-02-23
30,hru30,0.0,0.0,0.006,0.0,0.0,0.0,0.0,0.0,0.0,0.0,2019-02-23
31,hru31,0.0,0.0,0.006,0.0,0.0,0.0,0.0,0.0,0.0,0.0,2019-02-23
32,hru32,0.0,0.0,0.007,0.0,0.0,0.0,0.0,0.0,0.0,0.0,2019-02-23
33,hru33,0.0,0.0,0.006,0.0,0.0,0.0,0.0,0.0,0.0,0.0,2019-02-23
34,hru34,0.0,0.0,0.006,0.0,0.0,0.0,0.0,0.0,0.0,0.0,2019-02-23
35,hru35,0.0,0.0,0.006,0.0,0.0,0.0,0.0,0.0,0.0,0.0,2019-02-23
36,hru36,0.0,0.0,0.006,0.0,0.0,0.0,0.0,0.0,0.0,0.0,2019-02-23
1,hru01,0.0,0.0,0.006,0.0,0.0,0.0,0.0,0.0,0.0,0.0,2019-02-24
2,hru02,0.0,0.0,0.006,0.0,0.0,0.0,0.0,0.0,0.0,0.0,2019-02-24
3,hru03,0.0,0.0,0.006,0.0,0.0,0.0,0.0,0.0,0.0,0.0,2019-02-24
4,hru04,0.0,0.0,0.006,0.0,0.0,0.0,0.0,0.0,0.0,0.0,2019-02-24
5,hru05,0.0,0.0,0.006,0.0,0.0,0.0,0.0,0.0,0.0,0.0,2019-02-24
6,hru06,0.0,0.0,0.006,0.0,0.0,0.0,0.0,0.0,0.0,0.0,2019-02-24
7,hru07,0.0,0.0,0.007,0.0,0.0,0.0,0.0,0.0,0.0,0.0,2019-02-24
8,hru08,0.0,0.0,0.006,0.0,0.0,0.0,0.0,0.0,0.0,0.0,2019-02-24
9,hru09,0.0,0.0,0.006,0.0,0.0,0.0,0.0,0.0,0.0,0.0,2019-02-24
10,hru10,0.0,0.0,0.006,0.0,0.0,0.0,0.0,0.0,0.0,0.0,2019-02-24
11,hru11,0.0,0.0,0.006,0.0,0.0,0.0,0.0,0.0,0.0,0.0,2019-02-24
12,hru12,0.0,0.0,0.007,0.0,0.0,0.0,0.0,0.0,0.0,0.0,2019-02-24
13,hru13,0.0,0.0,0.007,0.0,0.0,0.0,0.0,0.0,0.0,0.0,2019-02-24
14,hru14,0.0,0.0,0.007,0.0,0.0,0.0,0.0,0.0,0.0,0.0,2019-02-24
15,hru15,0.0,0.0,0.007,0.0,0.0,0.0,0.0,0.0,0.0,0.0,2019-02-24
16,hru16,0.0,0.0,0.007,0.0,0.0,0.0,0.0,0.0,0.0,0.0,2019-02-24
17,hru17,0.0,0.0,0.007,0.0,0.0,0.0,0.0,0.0,0.0,0.0,2019-02-24
18,hru18,0.0,0.0,0.007,0.0,0.0,0.0,0.0,0.0,0.0,0.0,2019-02-24
19,hru19,0.0,0.0,0.007,0.0,0.0,0.0,0.0,0.0,0.0,0.0,2019-02-24
20,hru20,0.0,0.0,0.007,0.0,0.0,0.0,0.0,0.0,0.0,0.0,2019-02-24
21,hru21,0.0,0.0,0.007,0.0,0.0,0.0,0.0,0.0,0.0,0.0,2019-02-24
22,hru22,0.0,0.0,0.007,0.0,0.0,0.0,0.0,0.0,0.0,0.0,2019-02-24
23,hru23,0.0,0.0,0.007,0.0,0.0,0.0,0.0,0.0,0.0,0.0,2019-02-24
24,hru24,0.0,0.0,0.007,0.0,0.0,0.0,0.0,0.0,0.0,0.0,2019-02-24
25,hru25,0.0,0.0,0.007,0.0,0.0,0.0,0.0,0.0,0.0,0.0,2019-02-24
26,hru26,0.0,0.0,0.007,0.0,0.0,0.0,0.0,0.0,0.0,0.0,2019-02-24
27,hru27,0.0,0.0,0.007,0.0,0.0,0.0,0.0,0.0,0.0,0.0,2019-02-24
28,hru28,0.0,0.0,0.006,0.0,0.0,0.0,0.0,0.0,0.0,0.0,2019-02-24
29,hru29,0.0,0.0,0.007,0.0,0.0,0.0,0.0,0.0,0.0,0.0,2019-02-24
30,hru30,0.0,0.0,0.006,0.0,0.0,0.0,0.0,0.0,0.0,0.0,2019-02-24
31,hru31,0.0,0.0,0.006,0.0,0.0,0.0,0.0,0.0,0.0,0.0,2019-02-24
32,hru32,0.0,0.0,0.007,0.0,0.0,0.0,0.0,0.0,0.0,0.0,2019-02-24
33,hru33,0.0,0.0,0.006,0.0,0.0,0.0,0.0,0.0,0.0,0.0,2019-02-24
34,hru34,0.0,0.0,0.006,0.0,0.0,0.0,0.0,0.0,0.0,0.0,2019-02-24
35,hru35,0.0,0.0,0.006,0.0,0.0,0.0,0.0,0.0,0.0,0.0,2019-02-24
36,hru36,0.0,0.0,0.006,0.0,0.0,0.0,0.0,0.0,0.0,0.0,2019-02-24
1,hru01,0.0,0.0,0.006,0.0,0.0,0.0,0.0,0.0,0.0,0.0,2019-02-25
2,hru02,0.0,0.0,0.006,0.0,0.0,0.0,0.0,0.0,0.0,0.0,2019-02-25
3,hru03,0.0,0.0,0.006,0.0,0.0,0.0,0.0,0.0,0.0,0.0,2019-02-25
4,hru04,0.0,0.0,0.006,0.0,0.0,0.0,0.0,0.0,0.0,0.0,2019-02-25
5,hru05,0.0,0.0,0.006,0.0,0.0,0.0,0.0,0.0,0.0,0.0,2019-02-25
6,hru06,0.0,0.0,0.006,0.0,0.0,0.0,0.0,0.0,0.0,0.0,2019-02-25
7,hru07,0.0,0.0,0.007,0.0,0.0,0.0,0.0,0.0,0.0,0.0,2019-02-25
8,hru08,0.0,0.0,0.006,0.0,0.0,0.0,0.0,0.0,0.0,0.0,2019-02-25
9,hru09,0.0,0.0,0.006,0.0,0.0,0.0,0.0,0.0,0.0,0.0,2019-02-25
10,hru10,0.0,0.0,0.006,0.0,0.0,0.0,0.0,0.0,0.0,0.0,2019-02-25
11,hru11,0.0,0.0,0.006,0.0,0.0,0.0,0.0,0.0,0.0,0.0,2019-02-25
12,hru12,0.0,0.0,0.007,0.0,0.0,0.0,0.0,0.0,0.0,0.0,2019-02-25
13,hru13,0.0,0.0,0.007,0.0,0.0,0.0,0.0,0.0,0.0,0.0,2019-02-25
14,hru14,0.0,0.0,0.007,0.0,0.0,0.0,0.0,0.0,0.0,0.0,2019-02-25
15,hru15,0.0,0.0,0.007,0.0,0.0,0.0,0.0,0.0,0.0,0.0,2019-02-25
16,hru16,0.0,0.0,0.007,0.0,0.0,0.0,0.0,0.0,0.0,0.0,2019-02-25
17,hru17,0.0,0.0,0.007,0.0,0.0,0.0,0.0,0.0,0.0,0.0,2019-02-25
18,hru18,0.0,0.0,0.007,0.0,0.0,0.0,0.0,0.0,0.0,0.0,2019-02-25
19,hru19,0.0,0.0,0.007,0.0,0.0,0.0,0.0,0.0,0.0,0.0,2019-02-25
20,hru20,0.0,0.0,0.007,0.0,0.0,0.0,0.0,0.0,0.0,0.0,2019-02-25
21,hru21,0.0,0.0,0.007,0.0,0.0,0.0,0.0,0.0,0.0,0.0,2019-02-25
22,hru22,0.0,0.0,0.007,0.0,0.0,0.0,0.0,0.0,0.0,0.0,2019-02-25
23,hru23,0.0,0.0,0.007,0.0,0.0,0.0,0.0,0.0,0.0,0.0,2019-02-25
24,hru24,0.0,0.0,0.007,0.0,0.0,0.0,0.0,0.0,0.0,0.0,2019-02-25
25,hru25,0.0,0.0,0.007,0.0,0.0,0.0,0.0,0.0,0.0,0.0,2019-02-25
26,hru26,0.0,0.0,0.007,0.0,0.0,0.0,0.0,0.0,0.0,0.0,2019-02-25
27,hru27,0.0,0.0,0.007,0.0,0.0,0.0,0.0,0.0,0.0,0.0,2019-02-25
28,hru28,0.0,0.0,0.006,0.0,0.0,0.0,0.0,0.0,0.0,0.0,2019-02-25
29,hru29,0.0,0.0,0.007,0.0,0.0,0.0,0.0,0.0,0.0,0.0,2019-02-25
30,hru30,0.0,0.0,0.006,0.0,0.0,0.0,0.0,0.0,0.0,0.0,2019-02-25
31,hru31,0.0,0.0,0.006,0.0,0.0,0.0,0.0,0.0,0.0,0.0,2019-02-25
32,hru32,0.0,0.0,0.007,0.0,0.0,0.0,0.0,0.0,0.0,0.0,2019-02-25
33,hru33,0.0,0.0,0.006,0.0,0.0,0.0,0.0,0.0,0.0,0.0,2019-02-25
34,hru34,0.0,0.0,0.006,0.0,0.0,0.0,0.0,0.0,0.0,0.0,2019-02-25
35,hru35,0.0,0.0,0.006,0.0,0.0,0.0,0.0,0.0,0.0,0.0,2019-02-25
36,hru36,0.0,0.0,0.006,0.0,0.0,0.0,0.0,0.0,0.0,0.0,2019-02-25
1,hru01,0.0,0.0,0.006,0.0,0.0,0.0,0.0,0.0,0.0,0.0,2019-02-26
2,hru02,0.0,0.0,0.006,0.0,0.0,0.0,0.0,0.0,0.0,0.0,2019-02-26
3,hru03,0.0,0.0,0.006,0.0,0.0,0.0,0.0,0.0,0.0,0.0,2019-02-26
4,hru04,0.0,0.0,0.006,0.0,0.0,0.0,0.0,0.0,0.0,0.0,2019-02-26
5,hru05,0.0,0.0,0.006,0.0,0.0,0.0,0.0,0.0,0.0,0.0,2019-02-26
6,hru06,0.0,0.0,0.006,0.0,0.0,0.0,0.0,0.0,0.0,0.0,2019-02-26
7,hru07,0.0,0.0,0.007,0.0,0.0,0.0,0.0,0.0,0.0,0.0,2019-02-26
8,hru08,0.0,0.0,0.006,0.0,0.0,0.0,0.0,0.0,0.0,0.0,2019-02-26
9,hru09,0.0,0.0,0.006,0.0,0.0,0.0,0.0,0.0,0.0,0.0,2019-02-26
10,hru10,0.0,0.0,0.006,0.0,0.0,0.0,0.0,0.0,0.0,0.0,2019-02-26
11,hru11,0.0,0.0,0.006,0.0,0.0,0.0,0.0,0.0,0.0,0.0,2019-02-26
12,hru12,0.0,0.0,0.007,0.0,0.0,0.0,0.0,0.0,0.0,0.0,2019-02-26
13,hru13,0.0,0.0,0.007,0.0,0.0,0.0,0.0,0.0,0.0,0.0,2019-02-26
14,hru14,0.0,0.0,0.007,0.0,0.0,0.0,0.0,0.0,0.0,0.0,2019-02-26
15,hru15,0.0,0.0,0.007,0.0,0.0,0.0,0.0,0.0,0.0,0.0,2019-02-26
16,hru16,0.0,0.0,0.007,0.0,0.0,0.0,0.0,0.0,0.0,0.0,2019-02-26
17,hru17,0.0,0.0,0.007,0.0,0.0,0.0,0.0,0.0,0.0,0.0,2019-02-26
18,hru18,0.0,0.0,0.007,0.0,0.0,0.0,0.0,0.0,0.0,0.0,2019-02-26
19,hru19,0.0,0.0,0.007,0.0,0.0,0.0,0.0,0.0,0.0,0.0,2019-02-26
20,hru20,0.0,0.0,0.007,0.0,0.0,0.0,0.0,0.0,0.0,0.0,2019-02-26
21,hru21,0.0,0.0,0.007,0.0,0.0,0.0,0.0,0.0,0.0,0.0,2019-02-26
22,hru22,0.0,0.0,0.007,0.0,0.0,0.0,0.0,0.0,0.0,0.0,2019-02-26
23,hru23,0.0,0.0,0.007,0.0,0.0,0.0,0.0,0.0,0.0,0.0,2019-02-26
24,hru24,0.0,0.0,0.007,0.0,0.0,0.0,0.0,0.0,0.0,0.0,2019-02-26
25,hru25,0.0,0.0,0.007,0.0,0.0,0.0,0.0,0.0,0.0,0.0,2019-02-26
26,hru26,0.0,0.0,0.007,0.0,0.0,0.0,0.0,0.0,0.0,0.0,2019-02-26
27,hru27,0.0,0.0,0.007,0.0,0.0,0.0,0.0,0.0,0.0,0.0,2019-02-26
28,hru28,0.0,0.0,0.006,0.0,0.0,0.0,0.0,0.0,0.0,0.0,2019-02-26
29,hru29,0.0,0.0,0.007,0.0,0.0,0.0,0.0,0.0,0.0,0.0,2019-02-26
30,hru30,0.0,0.0,0.006,0.0,0.0,0.0,0.0,0.0,0.0,0.0,2019-02-26
31,hru31,0.0,0.0,0.006,0.0,0.0,0.0,0.0,0.0,0.0,0.0,2019-02-26
32,hru32,0.0,0.0,0.007,0.0,0.0,0.0,0.0,0.0,0.0,0.0,2019-02-26
33,hru33,0.0,0.0,0.006,0.0,0.0,0.0,0.0,0.0,0.0,0.0,2019-02-26
34,hru34,0.0,0.0,0.006,0.0,0.0,0.0,0.0,0.0,0.0,0.0,2019-02-26
35,hru35,0.0,0.0,0.006,0.0,0.0,0.0,0.0,0.0,0.0,0.0,2019-02-26
36,hru36,0.0,0.0,0.006,0.0,0.0,0.0,0.0,0.0,0.0,0.0,2019-02-26
1,hru01,0.0,0.0,0.006,0.0,0.0,0.0,0.0,0.0,0.0,0.0,2019-02-27
2,hru02,0.0,0.0,0.006,0.0,0.0,0.0,0.0,0.0,0.0,0.0,2019-02-27
3,hru03,0.0,0.0,0.006,0.0,0.0,0.0,0.0,0.0,0.0,0.0,2019-02-27
4,hru04,0.0,0.0,0.006,0.0,0.0,0.0,0.0,0.0,0.0,0.0,2019-02-27
5,hru05,0.0,0.0,0.006,0.0,0.0,0.0,0.0,0.0,0.0,0.0,2019-02-27
6,hru06,0.0,0.0,0.006,0.0,0.0,0.0,0.0,0.0,0.0,0.0,2019-02-27
7,hru07,0.0,0.0,0.007,0.0,0.0,0.0,0.0,0.0,0.0,0.0,2019-02-27
8,hru08,0.0,0.0,0.006,0.0,0.0,0.0,0.0,0.0,0.0,0.0,2019-02-27
9,hru09,0.0,0.0,0.006,0.0,0.0,0.0,0.0,0.0,0.0,0.0,2019-02-27
10,hru10,0.0,0.0,0.006,0.0,0.0,0.0,0.0,0.0,0.0,0.0,2019-02-27
11,hru11,0.0,0.0,0.006,0.0,0.0,0.0,0.0,0.0,0.0,0.0,2019-02-27
12,hru12,0.0,0.0,0.007,0.0,0.0,0.0,0.0,0.0,0.0,0.0,2019-02-27
13,hru13,0.0,0.0,0.007,0.0,0.0,0.0,0.0,0.0,0.0,0.0,2019-02-27
14,hru14,0.0,0.0,0.007,0.0,0.0,0.0,0.0,0.0,0.0,0.0,2019-02-27
15,hru15,0.0,0.0,0.007,0.0,0.0,0.0,0.0,0.0,0.0,0.0,2019-02-27
16,hru16,0.0,0.0,0.007,0.0,0.0,0.0,0.0,0.0,0.0,0.0,2019-02-27
17,hru17,0.0,0.0,0.007,0.0,0.0,0.0,0.0,0.0,0.0,0.0,2019-02-27
18,hru18,0.0,0.0,0.007,0.0,0.0,0.0,0.0,0.0,0.0,0.0,2019-02-27
19,hru19,0.0,0.0,0.007,0.0,0.0,0.0,0.0,0.0,0.0,0.0,2019-02-27
20,hru20,0.0,0.0,0.007,0.0,0.0,0.0,0.0,0.0,0.0,0.0,2019-02-27
21,hru21,0.0,0.0,0.007,0.0,0.0,0.0,0.0,0.0,0.0,0.0,2019-02-27
22,hru22,0.0,0.0,0.007,0.0,0.0,0.0,0.0,0.0,0.0,0.0,2019-02-27
23,hru23,0.0,0.0,0.007,0.0,0.0,0.0,0.0,0.0,0.0,0.0,2019-02-27
24,hru24,0.0,0.0,0.007,0.0,0.0,0.0,0.0,0.0,0.0,0.0,2019-02-27
25,hru25,0.0,0.0,0.007,0.0,0.0,0.0,0.0,0.0,0.0,0.0,2019-02-27
26,hru26,0.0,0.0,0.007,0.0,0.0,0.0,0.0,0.0,0.0,0.0,2019-02-27
27,hru27,0.0,0.0,0.007,0.0,0.0,0.0,0.0,0.0,0.0,0.0,2019-02-27
28,hru28,0.0,0.0,0.006,0.0,0.0,0.0,0.0,0.0,0.0,0.0,2019-02-27
29,hru29,0.0,0.0,0.007,0.0,0.0,0.0,0.0,0.0,0.0,0.0,2019-02-27
30,hru30,0.0,0.0,0.006,0.0,0.0,0.0,0.0,0.0,0.0,0.0,2019-02-27
31,hru31,0.0,0.0,0.006,0.0,0.0,0.0,0.0,0.0,0.0,0.0,2019-02-27
32,hru32,0.0,0.0,0.007,0.0,0.0,0.0,0.0,0.0,0.0,0.0,2019-02-27
33,hru33,0.0,0.0,0.006,0.0,0.0,0.0,0.0,0.0,0.0,0.0,2019-02-27
34,hru34,0.0,0.0,0.006,0.0,0.0,0.0,0.0,0.0,0.0,0.0,2019-02-27
35,hru35,0.0,0.0,0.006,0.0,0.0,0.0,0.0,0.0,0.0,0.0,2019-02-27
36,hru36,0.0,0.0,0.006,0.0,0.0,0.0,0.0,0.0,0.0,0.0,2019-02-27
1,hru01,0.0,0.0,0.006,0.0,0.0,0.0,0.0,0.0,0.0,0.0,2019-02-28
2,hru02,0.0,0.0,0.006,0.0,0.0,0.0,0.0,0.0,0.0,0.0,2019-02-28
3,hru03,0.0,0.0,0.006,0.0,0.0,0.0,0.0,0.0,0.0,0.0,2019-02-28
4,hru04,0.0,0.0,0.006,0.0,0.0,0.0,0.0,0.0,0.0,0.0,2019-02-28
5,hru05,0.0,0.0,0.006,0.0,0.0,0.0,0.0,0.0,0.0,0.0,2019-02-28
6,hru06,0.0,0.0,0.006,0.0,0.0,0.0,0.0,0.0,0.0,0.0,2019-02-28
7,hru07,0.0,0.0,0.007,0.0,0.0,0.0,0.0,0.0,0.0,0.0,2019-02-28
8,hru08,0.0,0.0,0.006,0.0,0.0,0.0,0.0,0.0,0.0,0.0,2019-02-28
9,hru09,0.0,0.0,0.006,0.0,0.0,0.0,0.0,0.0,0.0,0.0,2019-02-28
10,hru10,0.0,0.0,0.006,0.0,0.0,0.0,0.0,0.0,0.0,0.0,2019-02-28
11,hru11,0.0,0.0,0.006,0.0,0.0,0.0,0.0,0.0,0.0,0.0,2019-02-28
12,hru12,0.0,0.0,0.007,0.0,0.0,0.0,0.0,0.0,0.0,0.0,2019-02-28
13,hru13,0.0,0.0,0.007,0.0,0.0,0.0,0.0,0.0,0.0,0.0,2019-02-28
14,hru14,0.0,0.0,0.007,0.0,0.0,0.0,0.0,0.0,0.0,0.0,2019-02-28
15,hru15,0.0,0.0,0.007,0.0,0.0,0.0,0.0,0.0,0.0,0.0,2019-02-28
16,hru16,0.0,0.0,0.007,0.0,0.0,0.0,0.0,0.0,0.0,0.0,2019-02-28
17,hru17,0.0,0.0,0.007,0.0,0.0,0.0,0.0,0.0,0.0,0.0,2019-02-28
18,hru18,0.0,0.0,0.007,0.0,0.0,0.0,0.0,0.0,0.0,0.0,2019-02-28
19,hru19,0.0,0.0,0.007,0.0,0.0,0.0,0.0,0.0,0.0,0.0,2019-02-28
20,hru20,0.0,0.0,0.007,0.0,0.0,0.0,0.0,0.0,0.0,0.0,2019-02-28
21,hru21,0.0,0.0,0.007,0.0,0.0,0.0,0.0,0.0,0.0,0.0,2019-02-28
22,hru22,0.0,0.0,0.007,0.0,0.0,0.0,0.0,0.0,0.0,0.0,2019-02-28
23,hru23,0.0,0.0,0.007,0.0,0.0,0.0,0.0,0.0,0.0,0.0,2019-02-28
24,hru24,0.0,0.0,0.007,0.0,0.0,0.0,0.0,0.0,0.0,0.0,2019-02-28
25,hru25,0.0,0.0,0.007,0.0,0.0,0.0,0.0,0.0,0.0,0.0,2019-02-28
26,hru26,0.0,0.0,0.007,0.0,0.0,0.0,0.0,0.0,0.0,0.0,2019-02-28
27,hru27,0.0,0.0,0.007,0.0,0.0,0.0,0.0,0.0,0.0,0.0,2019-02-28
28,hru28,0.0,0.0,0.006,0.0,0.0,0.0,0.0,0.0,0.0,0.0,2019-02-28
29,hru29,0.0,0.0,0.007,0.0,0.0,0.0,0.0,0.0,0.0,0.0,2019-02-28
30,hru30,0.0,0.0,0.006,0.0,0.0,0.0,0.0,0.0,0.0,0.0,2019-02-28
31,hru31,0.0,0.0,0.006,0.0,0.0,0.0,0.0,0.0,0.0,0.0,2019-02-28
32,hru32,0.0,0.0,0.007,0.0,0.0,0.0,0.0,0.0,0.0,0.0,2019-02-28
33,hru33,0.0,0.0,0.006,0.0,0.0,0.0,0.0,0.0,0.0,0.0,2019-02-28
34,hru34,0.0,0.0,0.006,0.0,0.0,0.0,0.0,0.0,0.0,0.0,2019-02-28
35,hru35,0.0,0.0,0.006,0.0,0.0,0.0,0.0,0.0,0.0,0.0,2019-02-28
36,hru36,0.0,0.0,0.006,0.0,0.0,0.0,0.0,0.0,0.0,0.0,2019-02-28
1,hru01,0.0,0.0,0.006,0.0,0.0,0.0,0.0,0.0,0.0,0.0,2019-03-01
2,hru02,0.0,0.0,0.006,0.0,0.0,0.0,0.0,0.0,0.0,0.0,2019-03-01
3,hru03,0.0,0.0,0.006,0.0,0.0,0.0,0.0,0.0,0.0,0.0,2019-03-01
4,hru04,0.0,0.0,0.006,0.0,0.0,0.0,0.0,0.0,0.0,0.0,2019-03-01
5,hru05,0.0,0.0,0.006,0.0,0.0,0.0,0.0,0.0,0.0,0.0,2019-03-01
6,hru06,0.0,0.0,0.006,0.0,0.0,0.0,0.0,0.0,0.0,0.0,2019-03-01
7,hru07,0.0,0.0,0.007,0.0,0.0,0.0,0.0,0.0,0.0,0.0,2019-03-01
8,hru08,0.0,0.0,0.006,0.0,0.0,0.0,0.0,0.0,0.0,0.0,2019-03-01
9,hru09,0.0,0.0,0.006,0.0,0.0,0.0,0.0,0.0,0.0,0.0,2019-03-01
10,hru10,0.0,0.0,0.006,0.0,0.0,0.0,0.0,0.0,0.0,0.0,2019-03-01
11,hru11,0.0,0.0,0.006,0.0,0.0,0.0,0.0,0.0,0.0,0.0,2019-03-01
12,hru12,0.0,0.0,0.007,0.0,0.0,0.0,0.0,0.0,0.0,0.0,2019-03-01
13,hru13,0.0,0.0,0.007,0.0,0.0,0.0,0.0,0.0,0.0,0.0,2019-03-01
14,hru14,0.0,0.0,0.007,0.0,0.0,0.0,0.0,0.0,0.0,0.0,2019-03-01
15,hru15,0.0,0.0,0.007,0.0,0.0,0.0,0.0,0.0,0.0,0.0,2019-03-01
16,hru16,0.0,0.0,0.007,0.0,0.0,0.0,0.0,0.0,0.0,0.0,2019-03-01
17,hru17,0.0,0.0,0.007,0.0,0.0,0.0,0.0,0.0,0.0,0.0,2019-03-01
18,hru18,0.0,0.0,0.007,0.0,0.0,0.0,0.0,0.0,0.0,0.0,2019-03-01
19,hru19,0.0,0.0,0.007,0.0,0.0,0.0,0.0,0.0,0.0,0.0,2019-03-01
20,hru20,0.0,0.0,0.007,0.0,0.0,0.0,0.0,0.0,0.0,0.0,2019-03-01
21,hru21,0.0,0.0,0.007,0.0,0.0,0.0,0.0,0.0,0.0,0.0,2019-03-01
22,hru22,0.0,0.0,0.007,0.0,0.0,0.0,0.0,0.0,0.0,0.0,2019-03-01
23,hru23,0.0,0.0,0.007,0.0,0.0,0.0,0.0,0.0,0.0,0.0,2019-03-01
24,hru24,0.0,0.0,0.007,0.0,0.0,0.0,0.0,0.0,0.0,0.0,2019-03-01
25,hru25,0.0,0.0,0.007,0.0,0.0,0.0,0.0,0.0,0.0,0.0,2019-03-01
26,hru26,0.0,0.0,0.007,0.0,0.0,0.0,0.0,0.0,0.0,0.0,2019-03-01
27,hru27,0.0,0.0,0.007,0.0,0.0,0.0,0.0,0.0,0.0,0.0,2019-03-01
28,hru28,0.0,0.0,0.006,0.0,0.0,0.0,0.0,0.0,0.0,0.0,2019-03-01
29,hru29,0.0,0.0,0.007,0.0,0.0,0.0,0.0,0.0,0.0,0.0,2019-03-01
30,hru30,0.0,0.0,0.006,0.0,0.0,0.0,0.0,0.0,0.0,0.0,2019-03-01
31,hru31,0.0,0.0,0.006,0.0,0.0,0.0,0.0,0.0,0.0,0.0,2019-03-01
32,hru32,0.0,0.0,0.007,0.0,0.0,0.0,0.0,0.0,0.0,0.0,2019-03-01
33,hru33,0.0,0.0,0.006,0.0,0.0,0.0,0.0,0.0,0.0,0.0,2019-03-01
34,hru34,0.0,0.0,0.006,0.0,0.0,0.0,0.0,0.0,0.0,0.0,2019-03-01
35,hru35,0.0,0.0,0.006,0.0,0.0,0.0,0.0,0.0,0.0,0.0,2019-03-01
36,hru36,0.0,0.0,0.006,0.0,0.0,0.0,0.0,0.0,0.0,0.0,2019-03-01
1,hru01,0.0,0.0,0.006,0.0,0.0,0.0,0.0,0.0,0.0,0.0,2019-03-02
2,hru02,0.0,0.0,0.006,0.0,0.0,0.0,0.0,0.0,0.0,0.0,2019-03-02
3,hru03,0.0,0.0,0.006,0.0,0.0,0.0,0.0,0.0,0.0,0.0,2019-03-02
4,hru04,0.0,0.0,0.006,0.0,0.0,0.0,0.0,0.0,0.0,0.0,2019-03-02
5,hru05,0.0,0.0,0.006,0.0,0.0,0.0,0.0,0.0,0.0,0.0,2019-03-02
6,hru06,0.0,0.0,0.006,0.0,0.0,0.0,0.0,0.0,0.0,0.0,2019-03-02
7,hru07,0.0,0.0,0.007,0.0,0.0,0.0,0.0,0.0,0.0,0.0,2019-03-02
8,hru08,0.0,0.0,0.006,0.0,0.0,0.0,0.0,0.0,0.0,0.0,2019-03-02
9,hru09,0.0,0.0,0.006,0.0,0.0,0.0,0.0,0.0,0.0,0.0,2019-03-02
10,hru10,0.0,0.0,0.006,0.0,0.0,0.0,0.0,0.0,0.0,0.0,2019-03-02
11,hru11,0.0,0.0,0.006,0.0,0.0,0.0,0.0,0.0,0.0,0.0,2019-03-02
12,hru12,0.0,0.0,0.007,0.0,0.0,0.0,0.0,0.0,0.0,0.0,2019-03-02
13,hru13,0.0,0.0,0.007,0.0,0.0,0.0,0.0,0.0,0.0,0.0,2019-03-02
14,hru14,0.0,0.0,0.007,0.0,0.0,0.0,0.0,0.0,0.0,0.0,2019-03-02
15,hru15,0.0,0.0,0.007,0.0,0.0,0.0,0.0,0.0,0.0,0.0,2019-03-02
16,hru16,0.0,0.0,0.007,0.0,0.0,0.0,0.0,0.0,0.0,0.0,2019-03-02
17,hru17,0.0,0.0,0.007,0.0,0.0,0.0,0.0,0.0,0.0,0.0,2019-03-02
18,hru18,0.0,0.0,0.007,0.0,0.0,0.0,0.0,0.0,0.0,0.0,2019-03-02
19,hru19,0.0,0.0,0.007,0.0,0.0,0.0,0.0,0.0,0.0,0.0,2019-03-02
20,hru20,0.0,0.0,0.007,0.0,0.0,0.0,0.0,0.0,0.0,0.0,2019-03-02
21,hru21,0.0,0.0,0.007,0.0,0.0,0.0,0.0,0.0,0.0,0.0,2019-03-02
22,hru22,0.0,0.0,0.007,0.0,0.0,0.0,0.0,0.0,0.0,0.0,2019-03-02
23,hru23,0.0,0.0,0.007,0.0,0.0,0.0,0.0,0.0,0.0,0.0,2019-03-02
24,hru24,0.0,0.0,0.007,0.0,0.0,0.0,0.0,0.0,0.0,0.0,2019-03-02
25,hru25,0.0,0.0,0.007,0.0,0.0,0.0,0.0,0.0,0.0,0.0,2019-03-02
26,hru26,0.0,0.0,0.007,0.0,0.0,0.0,0.0,0.0,0.0,0.0,2019-03-02
27,hru27,0.0,0.0,0.007,0.0,0.0,0.0,0.0,0.0,0.0,0.0,2019-03-02
28,hru28,0.0,0.0,0.006,0.0,0.0,0.0,0.0,0.0,0.0,0.0,2019-03-02
29,hru29,0.0,0.0,0.007,0.0,0.0,0.0,0.0,0.0,0.0,0.0,2019-03-02
30,hru30,0.0,0.0,0.006,0.0,0.0,0.0,0.0,0.0,0.0,0.0,2019-03-02
31,hru31,0.0,0.0,0.006,0.0,0.0,0.0,0.0,0.0,0.0,0.0,2019-03-02
32,hru32,0.0,0.0,0.007,0.0,0.0,0.0,0.0,0.0,0.0,0.0,2019-03-02
33,hru33,0.0,0.0,0.006,0.0,0.0,0.0,0.0,0.0,0.0,0.0,2019-03-02
34,hru34,0.0,0.0,0.006,0.0,0.0,0.0,0.0,0.0,0.0,0.0,2019-03-02
35,hru35,0.0,0.0,0.006,0.0,0.0,0.0,0.0,0.0,0.0,0.0,2019-03-02
36,hru36,0.0,0.0,0.006,0.0,0.0,0.0,0.0,0.0,0.0,0.0,2019-03-02
1,hru01,0.0,0.0,0.006,0.0,0.0,0.0,0.0,0.0,0.0,0.0,2019-03-03
2,hru02,0.0,0.0,0.006,0.0,0.0,0.0,0.0,0.0,0.0,0.0,2019-03-03
3,hru03,0.0,0.0,0.006,0.0,0.0,0.0,0.0,0.0,0.0,0.0,2019-03-03
4,hru04,0.0,0.0,0.006,0.0,0.0,0.0,0.0,0.0,0.0,0.0,2019-03-03
5,hru05,0.0,0.0,0.006,0.0,0.0,0.0,0.0,0.0,0.0,0.0,2019-03-03
6,hru06,0.0,0.0,0.006,0.0,0.0,0.0,0.0,0.0,0.0,0.0,2019-03-03
7,hru07,0.0,0.0,0.007,0.0,0.0,0.0,0.0,0.0,0.0,0.0,2019-03-03
8,hru08,0.0,0.0,0.006,0.0,0.0,0.0,0.0,0.0,0.0,0.0,2019-03-03
9,hru09,0.0,0.0,0.006,0.0,0.0,0.0,0.0,0.0,0.0,0.0,2019-03-03
10,hru10,0.0,0.0,0.006,0.0,0.0,0.0,0.0,0.0,0.0,0.0,2019-03-03
11,hru11,0.0,0.0,0.006,0.0,0.0,0.0,0.0,0.0,0.0,0.0,2019-03-03
12,hru12,0.0,0.0,0.007,0.0,0.0,0.0,0.0,0.0,0.0,0.0,2019-03-03
13,hru13,0.0,0.0,0.007,0.0,0.0,0.0,0.0,0.0,0.0,0.0,2019-03-03
14,hru14,0.0,0.0,0.007,0.0,0.0,0.0,0.0,0.0,0.0,0.0,2019-03-03
15,hru15,0.0,0.0,0.007,0.0,0.0,0.0,0.0,0.0,0.0,0.0,2019-03-03
16,hru16,0.0,0.0,0.007,0.0,0.0,0.0,0.0,0.0,0.0,0.0,2019-03-03
17,hru17,0.0,0.0,0.007,0.0,0.0,0.0,0.0,0.0,0.0,0.0,2019-03-03
18,hru18,0.0,0.0,0.007,0.0,0.0,0.0,0.0,0.0,0.0,0.0,2019-03-03
19,hru19,0.0,0.0,0.007,0.0,0.0,0.0,0.0,0.0,0.0,0.0,2019-03-03
20,hru20,0.0,0.0,0.007,0.0,0.0,0.0,0.0,0.0,0.0,0.0,2019-03-03
21,hru21,0.0,0.0,0.007,0.0,0.0,0.0,0.0,0.0,0.0,0.0,2019-03-03
22,hru22,0.0,0.0,0.007,0.0,0.0,0.0,0.0,0.0,0.0,0.0,2019-03-03
23,hru23,0.0,0.0,0.007,0.0,0.0,0.0,0.0,0.0,0.0,0.0,2019-03-03
24,hru24,0.0,0.0,0.007,0.0,0.0,0.0,0.0,0.0,0.0,0.0,2019-03-03
25,hru25,0.0,0.0,0.007,0.0,0.0,0.0,0.0,0.0,0.0,0.0,2019-03-03
26,hru26,0.0,0.0,0.007,0.0,0.0,0.0,0.0,0.0,0.0,0.0,2019-03-03
27,hru27,0.0,0.0,0.007,0.0,0.0,0.0,0.0,0.0,0.0,0.0,2019-03-03
28,hru28,0.0,0.0,0.006,0.0,0.0,0.0,0.0,0.0,0.0,0.0,2019-03-03
29,hru29,0.0,0.0,0.007,0.0,0.0,0.0,0.0,0.0,0.0,0.0,2019-03-03
30,hru30,0.0,0.0,0.006,0.0,0.0,0.0,0.0,0.0,0.0,0.0,2019-03-03
31,hru31,0.0,0.0,0.006,0.0,0.0,0.0,0.0,0.0,0.0,0.0,2019-03-03
32,hru32,0.0,0.0,0.007,0.0,0.0,0.0,0.0,0.0,0.0,0.0,2019-03-03
33,hru33,0.0,0.0,0.006,0.0,0.0,0.0,0.0,0.0,0.0,0.0,2019-03-03
34,hru34,0.0,0.0,0.006,0.0,0.0,0.0,0.0,0.0,0.0,0.0,2019-03-03
35,hru35,0.0,0.0,0.006,0.0,0.0,0.0,0.0,0.0,0.0,0.0,2019-03-03
36,hru36,0.0,0.0,0.006,0.0,0.0,0.0,0.0,0.0,0.0,0.0,2019-03-03
1,hru01,0.0,0.0,0.006,0.0,0.0,0.0,0.0,0.0,0.0,0.0,2019-03-04
2,hru02,0.0,0.0,0.006,0.0,0.0,0.0,0.0,0.0,0.0,0.0,2019-03-04
3,hru03,0.0,0.0,0.006,0.0,0.0,0.0,0.0,0.0,0.0,0.0,2019-03-04
4,hru04,0.0,0.0,0.006,0.0,0.0,0.0,0.0,0.0,0.0,0.0,2019-03-04
5,hru05,0.0,0.0,0.006,0.0,0.0,0.0,0.0,0.0,0.0,0.0,2019-03-04
6,hru06,0.0,0.0,0.006,0.0,0.0,0.0,0.0,0.0,0.0,0.0,2019-03-04
7,hru07,0.0,0.0,0.007,0.0,0.0,0.0,0.0,0.0,0.0,0.0,2019-03-04
8,hru08,0.0,0.0,0.006,0.0,0.0,0.0,0.0,0.0,0.0,0.0,2019-03-04
9,hru09,0.0,0.0,0.006,0.0,0.0,0.0,0.0,0.0,0.0,0.0,2019-03-04
10,hru10,0.0,0.0,0.006,0.0,0.0,0.0,0.0,0.0,0.0,0.0,2019-03-04
11,hru11,0.0,0.0,0.006,0.0,0.0,0.0,0.0,0.0,0.0,0.0,2019-03-04
12,hru12,0.0,0.0,0.007,0.0,0.0,0.0,0.0,0.0,0.0,0.0,2019-03-04
13,hru13,0.0,0.0,0.007,0.0,0.0,0.0,0.0,0.0,0.0,0.0,2019-03-04
14,hru14,0.0,0.0,0.007,0.0,0.0,0.0,0.0,0.0,0.0,0.0,2019-03-04
15,hru15,0.0,0.0,0.007,0.0,0.0,0.0,0.0,0.0,0.0,0.0,2019-03-04
16,hru16,0.0,0.0,0.007,0.0,0.0,0.0,0.0,0.0,0.0,0.0,2019-03-04
17,hru17,0.0,0.0,0.007,0.0,0.0,0.0,0.0,0.0,0.0,0.0,2019-03-04
18,hru18,0.0,0.0,0.007,0.0,0.0,0.0,0.0,0.0,0.0,0.0,2019-03-04
19,hru19,0.0,0.0,0.007,0.0,0.0,0.0,0.0,0.0,0.0,0.0,2019-03-04
20,hru20,0.0,0.0,0.007,0.0,0.0,0.0,0.0,0.0,0.0,0.0,2019-03-04
21,hru21,0.0,0.0,0.007,0.0,0.0,0.0,0.0,0.0,0.0,0.0,2019-03-04
22,hru22,0.0,0.0,0.007,0.0,0.0,0.0,0.0,0.0,0.0,0.0,2019-03-04
23,hru23,0.0,0.0,0.007,0.0,0.0,0.0,0.0,0.0,0.0,0.0,2019-03-04
24,hru24,0.0,0.0,0.007,0.0,0.0,0.0,0.0,0.0,0.0,0.0,2019-03-04
25,hru25,0.0,0.0,0.007,0.0,0.0,0.0,0.0,0.0,0.0,0.0,2019-03-04
26,hru26,0.0,0.0,0.007,0.0,0.0,0.0,0.0,0.0,0.0,0.0,2019-03-04
27,hru27,0.0,0.0,0.007,0.0,0.0,0.0,0.0,0.0,0.0,0.0,2019-03-04
28,hru28,0.0,0.0,0.006,0.0,0.0,0.0,0.0,0.0,0.0,0.0,2019-03-04
29,hru29,0.0,0.0,0.007,0.0,0.0,0.0,0.0,0.0,0.0,0.0,2019-03-04
30,hru30,0.0,0.0,0.006,0.0,0.0,0.0,0.0,0.0,0.0,0.0,2019-03-04
31,hru31,0.0,0.0,0.006,0.0,0.0,0.0,0.0,0.0,0.0,0.0,2019-03-04
32,hru32,0.0,0.0,0.007,0.0,0.0,0.0,0.0,0.0,0.0,0.0,2019-03-04
33,hru33,0.0,0.0,0.006,0.0,0.0,0.0,0.0,0.0,0.0,0.0,2019-03-04
34,hru34,0.0,0.0,0.006,0.0,0.0,0.0,0.0,0.0,0.0,0.0,2019-03-04
35,hru35,0.0,0.0,0.006,0.0,0.0,0.0,0.0,0.0,0.0,0.0,2019-03-04
36,hru36,0.0,0.0,0.006,0.0,0.0,0.0,0.0,0.0,0.0,0.0,2019-03-04
1,hru01,0.0,0.0,0.006,0.0,0.0,0.0,0.0,0.0,0.0,0.0,2019-03-05
2,hru02,0.0,0.0,0.006,0.0,0.0,0.0,0.0,0.0,0.0,0.0,2019-03-05
3,hru03,0.0,0.0,0.006,0.0,0.0,0.0,0.0,0.0,0.0,0.0,2019-03-05
4,hru04,0.0,0.0,0.006,0.0,0.0,0.0,0.0,0.0,0.0,0.0,2019-03-05
5,hru05,0.0,0.0,0.006,0.0,0.0,0.0,0.0,0.0,0.0,0.0,2019-03-05
6,hru06,0.0,0.0,0.006,0.0,0.0,0.0,0.0,0.0,0.0,0.0,2019-03-05
7,hru07,0.0,0.0,0.007,0.0,0.0,0.0,0.0,0.0,0.0,0.0,2019-03-05
8,hru08,0.0,0.0,0.006,0.0,0.0,0.0,0.0,0.0,0.0,0.0,2019-03-05
9,hru09,0.0,0.0,0.006,0.0,0.0,0.0,0.0,0.0,0.0,0.0,2019-03-05
10,hru10,0.0,0.0,0.006,0.0,0.0,0.0,0.0,0.0,0.0,0.0,2019-03-05
11,hru11,0.0,0.0,0.006,0.0,0.0,0.0,0.0,0.0,0.0,0.0,2019-03-05
12,hru12,0.0,0.0,0.007,0.0,0.0,0.0,0.0,0.0,0.0,0.0,2019-03-05
13,hru13,0.0,0.0,0.007,0.0,0.0,0.0,0.0,0.0,0.0,0.0,2019-03-05
14,hru14,0.0,0.0,0.007,0.0,0.0,0.0,0.0,0.0,0.0,0.0,2019-03-05
15,hru15,0.0,0.0,0.007,0.0,0.0,0.0,0.0,0.0,0.0,0.0,2019-03-05
16,hru16,0.0,0.0,0.007,0.0,0.0,0.0,0.0,0.0,0.0,0.0,2019-03-05
17,hru17,0.0,0.0,0.007,0.0,0.0,0.0,0.0,0.0,0.0,0.0,2019-03-05
18,hru18,0.0,0.0,0.007,0.0,0.0,0.0,0.0,0.0,0.0,0.0,2019-03-05
19,hru19,0.0,0.0,0.007,0.0,0.0,0.0,0.0,0.0,0.0,0.0,2019-03-05
20,hru20,0.0,0.0,0.007,0.0,0.0,0.0,0.0,0.0,0.0,0.0,2019-03-05
21,hru21,0.0,0.0,0.007,0.0,0.0,0.0,0.0,0.0,0.0,0.0,2019-03-05
22,hru22,0.0,0.0,0.007,0.0,0.0,0.0,0.0,0.0,0.0,0.0,2019-03-05
23,hru23,0.0,0.0,0.007,0.0,0.0,0.0,0.0,0.0,0.0,0.0,2019-03-05
24,hru24,0.0,0.0,0.007,0.0,0.0,0.0,0.0,0.0,0.0,0.0,2019-03-05
25,hru25,0.0,0.0,0.007,0.0,0.0,0.0,0.0,0.0,0.0,0.0,2019-03-05
26,hru26,0.0,0.0,0.007,0.0,0.0,0.0,0.0,0.0,0.0,0.0,2019-03-05
27,hru27,0.0,0.0,0.007,0.0,0.0,0.0,0.0,0.0,0.0,0.0,2019-03-05
28,hru28,0.0,0.0,0.006,0.0,0.0,0.0,0.0,0.0,0.0,0.0,2019-03-05
29,hru29,0.0,0.0,0.007,0.0,0.0,0.0,0.0,0.0,0.0,0.0,2019-03-05
30,hru30,0.0,0.0,0.006,0.0,0.0,0.0,0.0,0.0,0.0,0.0,2019-03-05
31,hru31,0.0,0.0,0.006,0.0,0.0,0.0,0.0,0.0,0.0,0.0,2019-03-05
32,hru32,0.0,0.0,0.007,0.0,0.0,0.0,0.0,0.0,0.0,0.0,2019-03-05
33,hru33,0.0,0.0,0.006,0.0,0.0,0.0,0.0,0.0,0.0,0.0,2019-03-05
34,hru34,0.0,0.0,0.006,0.0,0.0,0.0,0.0,0.0,0.0,0.0,2019-03-05
35,hru35,0.0,0.0,0.006,0.0,0.0,0.0,0.0,0.0,0.0,0.0,2019-03-05
36,hru36,0.0,0.0,0.006,0.0,0.0,0.0,0.0,0.0,0.0,0.0,2019-03-05
1,hru01,0.0,0.0,0.006,0.0,0.0,0.0,0.0,0.0,0.0,0.0,2019-03-06
2,hru02,0.0,0.0,0.006,0.0,0.0,0.0,0.0,0.0,0.0,0.0,2019-03-06
3,hru03,0.0,0.0,0.006,0.0,0.0,0.0,0.0,0.0,0.0,0.0,2019-03-06
4,hru04,0.0,0.0,0.006,0.0,0.0,0.0,0.0,0.0,0.0,0.0,2019-03-06
5,hru05,0.0,0.0,0.006,0.0,0.0,0.0,0.0,0.0,0.0,0.0,2019-03-06
6,hru06,0.0,0.0,0.006,0.0,0.0,0.0,0.0,0.0,0.0,0.0,2019-03-06
7,hru07,0.0,0.0,0.007,0.0,0.0,0.0,0.0,0.0,0.0,0.0,2019-03-06
8,hru08,0.0,0.0,0.006,0.0,0.0,0.0,0.0,0.0,0.0,0.0,2019-03-06
9,hru09,0.0,0.0,0.006,0.0,0.0,0.0,0.0,0.0,0.0,0.0,2019-03-06
10,hru10,0.0,0.0,0.006,0.0,0.0,0.0,0.0,0.0,0.0,0.0,2019-03-06
11,hru11,0.0,0.0,0.006,0.0,0.0,0.0,0.0,0.0,0.0,0.0,2019-03-06
12,hru12,0.0,0.0,0.007,0.0,0.0,0.0,0.0,0.0,0.0,0.0,2019-03-06
13,hru13,0.0,0.0,0.007,0.0,0.0,0.0,0.0,0.0,0.0,0.0,2019-03-06
14,hru14,0.0,0.0,0.007,0.0,0.0,0.0,0.0,0.0,0.0,0.0,2019-03-06
15,hru15,0.0,0.0,0.007,0.0,0.0,0.0,0.0,0.0,0.0,0.0,2019-03-06
16,hru16,0.0,0.0,0.007,0.0,0.0,0.0,0.0,0.0,0.0,0.0,2019-03-06
17,hru17,0.0,0.0,0.007,0.0,0.0,0.0,0.0,0.0,0.0,0.0,2019-03-06
18,hru18,0.0,0.0,0.007,0.0,0.0,0.0,0.0,0.0,0.0,0.0,2019-03-06
19,hru19,0.0,0.0,0.007,0.0,0.0,0.0,0.0,0.0,0.0,0.0,2019-03-06
20,hru20,0.0,0.0,0.007,0.0,0.0,0.0,0.0,0.0,0.0,0.0,2019-03-06
21,hru21,0.0,0.0,0.007,0.0,0.0,0.0,0.0,0.0,0.0,0.0,2019-03-06
22,hru22,0.0,0.0,0.007,0.0,0.0,0.0,0.0,0.0,0.0,0.0,2019-03-06
23,hru23,0.0,0.0,0.007,0.0,0.0,0.0,0.0,0.0,0.0,0.0,2019-03-06
24,hru24,0.0,0.0,0.007,0.0,0.0,0.0,0.0,0.0,0.0,0.0,2019-03-06
25,hru25,0.0,0.0,0.007,0.0,0.0,0.0,0.0,0.0,0.0,0.0,2019-03-06
26,hru26,0.0,0.0,0.007,0.0,0.0,0.0,0.0,0.0,0.0,0.0,2019-03-06
27,hru27,0.0,0.0,0.007,0.0,0.0,0.0,0.0,0.0,0.0,0.0,2019-03-06
28,hru28,0.0,0.0,0.006,0.0,0.0,0.0,0.0,0.0,0.0,0.0,2019-03-06
29,hru29,0.0,0.0,0.007,0.0,0.0,0.0,0.0,0.0,0.0,0.0,2019-03-06
30,hru30,0.0,0.0,0.006,0.0,0.0,0.0,0.0,0.0,0.0,0.0,2019-03-06
31,hru31,0.0,0.0,0.006,0.0,0.0,0.0,0.0,0.0,0.0,0.0,2019-03-06
32,hru32,0.0,0.0,0.007,0.0,0.0,0.0,0.0,0.0,0.0,0.0,2019-03-06
33,hru33,0.0,0.0,0.006,0.0,0.0,0.0,0.0,0.0,0.0,0.0,2019-03-06
34,hru34,0.0,0.0,0.006,0.0,0.0,0.0,0.0,0.0,0.0,0.0,2019-03-06
35,hru35,0.0,0.0,0.006,0.0,0.0,0.0,0.0,0.0,0.0,0.0,2019-03-06
36,hru36,0.0,0.0,0.006,0.0,0.0,0.0,0.0,0.0,0.0,0.0,2019-03-06
1,hru01,0.0,0.0,0.006,0.0,0.0,0.0,0.0,0.0,0.0,0.0,2019-03-07
2,hru02,0.0,0.0,0.006,0.0,0.0,0.0,0.0,0.0,0.0,0.0,2019-03-07
3,hru03,0.0,0.0,0.006,0.0,0.0,0.0,0.0,0.0,0.0,0.0,2019-03-07
4,hru04,0.0,0.0,0.006,0.0,0.0,0.0,0.0,0.0,0.0,0.0,2019-03-07
5,hru05,0.0,0.0,0.006,0.0,0.0,0.0,0.0,0.0,0.0,0.0,2019-03-07
6,hru06,0.0,0.0,0.006,0.0,0.0,0.0,0.0,0.0,0.0,0.0,2019-03-07
7,hru07,0.0,0.0,0.007,0.0,0.0,0.0,0.0,0.0,0.0,0.0,2019-03-07
8,hru08,0.0,0.0,0.006,0.0,0.0,0.0,0.0,0.0,0.0,0.0,2019-03-07
9,hru09,0.0,0.0,0.006,0.0,0.0,0.0,0.0,0.0,0.0,0.0,2019-03-07
10,hru10,0.0,0.0,0.006,0.0,0.0,0.0,0.0,0.0,0.0,0.0,2019-03-07
11,hru11,0.0,0.0,0.006,0.0,0.0,0.0,0.0,0.0,0.0,0.0,2019-03-07
12,hru12,0.0,0.0,0.007,0.0,0.0,0.0,0.0,0.0,0.0,0.0,2019-03-07
13,hru13,0.0,0.0,0.007,0.0,0.0,0.0,0.0,0.0,0.0,0.0,2019-03-07
14,hru14,0.0,0.0,0.007,0.0,0.0,0.0,0.0,0.0,0.0,0.0,2019-03-07
15,hru15,0.0,0.0,0.007,0.0,0.0,0.0,0.0,0.0,0.0,0.0,2019-03-07
16,hru16,0.0,0.0,0.007,0.0,0.0,0.0,0.0,0.0,0.0,0.0,2019-03-07
17,hru17,0.0,0.0,0.007,0.0,0.0,0.0,0.0,0.0,0.0,0.0,2019-03-07
18,hru18,0.0,0.0,0.007,0.0,0.0,0.0,0.0,0.0,0.0,0.0,2019-03-07
19,hru19,0.0,0.0,0.007,0.0,0.0,0.0,0.0,0.0,0.0,0.0,2019-03-07
20,hru20,0.0,0.0,0.007,0.0,0.0,0.0,0.0,0.0,0.0,0.0,2019-03-07
21,hru21,0.0,0.0,0.007,0.0,0.0,0.0,0.0,0.0,0.0,0.0,2019-03-07
22,hru22,0.0,0.0,0.007,0.0,0.0,0.0,0.0,0.0,0.0,0.0,2019-03-07
23,hru23,0.0,0.0,0.007,0.0,0.0,0.0,0.0,0.0,0.0,0.0,2019-03-07
24,hru24,0.0,0.0,0.007,0.0,0.0,0.0,0.0,0.0,0.0,0.0,2019-03-07
25,hru25,0.0,0.0,0.007,0.0,0.0,0.0,0.0,0.0,0.0,0.0,2019-03-07
26,hru26,0.0,0.0,0.007,0.0,0.0,0.0,0.0,0.0,0.0,0.0,2019-03-07
27,hru27,0.0,0.0,0.007,0.0,0.0,0.0,0.0,0.0,0.0,0.0,2019-03-07
28,hru28,0.0,0.0,0.006,0.0,0.0,0.0,0.0,0.0,0.0,0.0,2019-03-07
29,hru29,0.0,0.0,0.007,0.0,0.0,0.0,0.0,0.0,0.0,0.0,2019-03-07
30,hru30,0.0,0.0,0.006,0.0,0.0,0.0,0.0,0.0,0.0,0.0,2019-03-07
31,hru31,0.0,0.0,0.006,0.0,0.0,0.0,0.0,0.0,0.0,0.0,2019-03-07
32,hru32,0.0,0.0,0.007,0.0,0.0,0.0,0.0,0.0,0.0,0.0,2019-03-07
33,hru33,0.0,0.0,0.006,0.0,0.0,0.0,0.0,0.0,0.0,0.0,2019-03-07
34,hru34,0.0,0.0,0.006,0.0,0.0,0.0,0.0,0.0,0.0,0.0,2019-03-07
35,hru35,0.0,0.0,0.006,0.0,0.0,0.0,0.0,0.0,0.0,0.0,2019-03-07
36,hru36,0.0,0.0,0.006,0.0,0.0,0.0,0.0,0.0,0.0,0.0,2019-03-07
1,hru01,0.0,0.0,0.006,0.0,0.0,0.0,0.0,0.0,0.0,0.0,2019-03-08
2,hru02,0.0,0.0,0.006,0.0,0.0,0.0,0.0,0.0,0.0,0.0,2019-03-08
3,hru03,0.0,0.0,0.006,0.0,0.0,0.0,0.0,0.0,0.0,0.0,2019-03-08
4,hru04,0.0,0.0,0.006,0.0,0.0,0.0,0.0,0.0,0.0,0.0,2019-03-08
5,hru05,0.0,0.0,0.006,0.0,0.0,0.0,0.0,0.0,0.0,0.0,2019-03-08
6,hru06,0.0,0.0,0.006,0.0,0.0,0.0,0.0,0.0,0.0,0.0,2019-03-08
7,hru07,0.0,0.0,0.007,0.0,0.0,0.0,0.0,0.0,0.0,0.0,2019-03-08
8,hru08,0.0,0.0,0.006,0.0,0.0,0.0,0.0,0.0,0.0,0.0,2019-03-08
9,hru09,0.0,0.0,0.006,0.0,0.0,0.0,0.0,0.0,0.0,0.0,2019-03-08
10,hru10,0.0,0.0,0.006,0.0,0.0,0.0,0.0,0.0,0.0,0.0,2019-03-08
11,hru11,0.0,0.0,0.006,0.0,0.0,0.0,0.0,0.0,0.0,0.0,2019-03-08
12,hru12,0.0,0.0,0.007,0.0,0.0,0.0,0.0,0.0,0.0,0.0,2019-03-08
13,hru13,0.0,0.0,0.007,0.0,0.0,0.0,0.0,0.0,0.0,0.0,2019-03-08
14,hru14,0.0,0.0,0.007,0.0,0.0,0.0,0.0,0.0,0.0,0.0,2019-03-08
15,hru15,0.0,0.0,0.007,0.0,0.0,0.0,0.0,0.0,0.0,0.0,2019-03-08
16,hru16,0.0,0.0,0.007,0.0,0.0,0.0,0.0,0.0,0.0,0.0,2019-03-08
17,hru17,0.0,0.0,0.007,0.0,0.0,0.0,0.0,0.0,0.0,0.0,2019-03-08
18,hru18,0.0,0.0,0.007,0.0,0.0,0.0,0.0,0.0,0.0,0.0,2019-03-08
19,hru19,0.0,0.0,0.007,0.0,0.0,0.0,0.0,0.0,0.0,0.0,2019-03-08
20,hru20,0.0,0.0,0.007,0.0,0.0,0.0,0.0,0.0,0.0,0.0,2019-03-08
21,hru21,0.0,0.0,0.007,0.0,0.0,0.0,0.0,0.0,0.0,0.0,2019-03-08
22,hru22,0.0,0.0,0.007,0.0,0.0,0.0,0.0,0.0,0.0,0.0,2019-03-08
23,hru23,0.0,0.0,0.007,0.0,0.0,0.0,0.0,0.0,0.0,0.0,2019-03-08
24,hru24,0.0,0.0,0.007,0.0,0.0,0.0,0.0,0.0,0.0,0.0,2019-03-08
25,hru25,0.0,0.0,0.007,0.0,0.0,0.0,0.0,0.0,0.0,0.0,2019-03-08
26,hru26,0.0,0.0,0.007,0.0,0.0,0.0,0.0,0.0,0.0,0.0,2019-03-08
27,hru27,0.0,0.0,0.007,0.0,0.0,0.0,0.0,0.0,0.0,0.0,2019-03-08
28,hru28,0.0,0.0,0.006,0.0,0.0,0.0,0.0,0.0,0.0,0.0,2019-03-08
29,hru29,0.0,0.0,0.007,0.0,0.0,0.0,0.0,0.0,0.0,0.0,2019-03-08
30,hru30,0.0,0.0,0.006,0.0,0.0,0.0,0.0,0.0,0.0,0.0,2019-03-08
31,hru31,0.0,0.0,0.006,0.0,0.0,0.0,0.0,0.0,0.0,0.0,2019-03-08
32,hru32,0.0,0.0,0.007,0.0,0.0,0.0,0.0,0.0,0.0,0.0,2019-03-08
33,hru33,0.0,0.0,0.006,0.0,0.0,0.0,0.0,0.0,0.0,0.0,2019-03-08
34,hru34,0.0,0.0,0.006,0.0,0.0,0.0,0.0,0.0,0.0,0.0,2019-03-08
35,hru35,0.0,0.0,0.006,0.0,0.0,0.0,0.0,0.0,0.0,0.0,2019-03-08
36,hru36,0.0,0.0,0.006,0.0,0.0,0.0,0.0,0.0,0.0,0.0,2019-03-08
1,hru01,0.0,0.0,0.006,0.0,0.0,0.0,0.0,0.0,0.0,0.0,2019-03-09
2,hru02,0.0,0.0,0.006,0.0,0.0,0.0,0.0,0.0,0.0,0.0,2019-03-09
3,hru03,0.0,0.0,0.006,0.0,0.0,0.0,0.0,0.0,0.0,0.0,2019-03-09
4,hru04,0.0,0.0,0.006,0.0,0.0,0.0,0.0,0.0,0.0,0.0,2019-03-09
5,hru05,0.0,0.0,0.006,0.0,0.0,0.0,0.0,0.0,0.0,0.0,2019-03-09
6,hru06,0.0,0.0,0.006,0.0,0.0,0.0,0.0,0.0,0.0,0.0,2019-03-09
7,hru07,0.0,0.0,0.007,0.0,0.0,0.0,0.0,0.0,0.0,0.0,2019-03-09
8,hru08,0.0,0.0,0.006,0.0,0.0,0.0,0.0,0.0,0.0,0.0,2019-03-09
9,hru09,0.0,0.0,0.006,0.0,0.0,0.0,0.0,0.0,0.0,0.0,2019-03-09
10,hru10,0.0,0.0,0.006,0.0,0.0,0.0,0.0,0.0,0.0,0.0,2019-03-09
11,hru11,0.0,0.0,0.006,0.0,0.0,0.0,0.0,0.0,0.0,0.0,2019-03-09
12,hru12,0.0,0.0,0.007,0.0,0.0,0.0,0.0,0.0,0.0,0.0,2019-03-09
13,hru13,0.0,0.0,0.007,0.0,0.0,0.0,0.0,0.0,0.0,0.0,2019-03-09
14,hru14,0.0,0.0,0.007,0.0,0.0,0.0,0.0,0.0,0.0,0.0,2019-03-09
15,hru15,0.0,0.0,0.007,0.0,0.0,0.0,0.0,0.0,0.0,0.0,2019-03-09
16,hru16,0.0,0.0,0.007,0.0,0.0,0.0,0.0,0.0,0.0,0.0,2019-03-09
17,hru17,0.0,0.0,0.007,0.0,0.0,0.0,0.0,0.0,0.0,0.0,2019-03-09
18,hru18,0.0,0.0,0.007,0.0,0.0,0.0,0.0,0.0,0.0,0.0,2019-03-09
19,hru19,0.0,0.0,0.007,0.0,0.0,0.0,0.0,0.0,0.0,0.0,2019-03-09
20,hru20,0.0,0.0,0.007,0.0,0.0,0.0,0.0,0.0,0.0,0.0,2019-03-09
21,hru21,0.0,0.0,0.007,0.0,0.0,0.0,0.0,0.0,0.0,0.0,2019-03-09
22,hru22,0.0,0.0,0.007,0.0,0.0,0.0,0.0,0.0,0.0,0.0,2019-03-09
23,hru23,0.0,0.0,0.007,0.0,0.0,0.0,0.0,0.0,0.0,0.0,2019-03-09
24,hru24,0.0,0.0,0.007,0.0,0.0,0.0,0.0,0.0,0.0,0.0,2019-03-09
25,hru25,0.0,0.0,0.007,0.0,0.0,0.0,0.0,0.0,0.0,0.0,2019-03-09
26,hru26,0.0,0.0,0.007,0.0,0.0,0.0,0.0,0.0,0.0,0.0,2019-03-09
27,hru27,0.0,0.0,0.007,0.0,0.0,0.0,0.0,0.0,0.0,0.0,2019-03-09
28,hru28,0.0,0.0,0.006,0.0,0.0,0.0,0.0,0.0,0.0,0.0,2019-03-09
29,hru29,0.0,0.0,0.007,0.0,0.0,0.0,0.0,0.0,0.0,0.0,2019-03-09
30,hru30,0.0,0.0,0.006,0.0,0.0,0.0,0.0,0.0,0.0,0.0,2019-03-09
31,hru31,0.0,0.0,0.006,0.0,0.0,0.0,0.0,0.0,0.0,0.0,2019-03-09
32,hru32,0.0,0.0,0.007,0.0,0.0,0.0,0.0,0.0,0.0,0.0,2019-03-09
33,hru33,0.0,0.0,0.006,0.0,0.0,0.0,0.0,0.0,0.0,0.0,2019-03-09
34,hru34,0.0,0.0,0.006,0.0,0.0,0.0,0.0,0.0,0.0,0.0,2019-03-09
35,hru35,0.0,0.0,0.006,0.0,0.0,0.0,0.0,0.0,0.0,0.0,2019-03-09
36,hru36,0.0,0.0,0.006,0.0,0.0,0.0,0.0,0.0,0.0,0.0,2019-03-09
1,hru01,0.0,0.0,0.006,0.0,0.0,0.0,0.0,0.0,0.0,0.0,2019-03-10
2,hru02,0.0,0.0,0.006,0.0,0.0,0.0,0.0,0.0,0.0,0.0,2019-03-10
3,hru03,0.0,0.0,0.006,0.0,0.0,0.0,0.0,0.0,0.0,0.0,2019-03-10
4,hru04,0.0,0.0,0.006,0.0,0.0,0.0,0.0,0.0,0.0,0.0,2019-03-10
5,hru05,0.0,0.0,0.006,0.0,0.0,0.0,0.0,0.0,0.0,0.0,2019-03-10
6,hru06,0.0,0.0,0.006,0.0,0.0,0.0,0.0,0.0,0.0,0.0,2019-03-10
7,hru07,0.0,0.0,0.007,0.0,0.0,0.0,0.0,0.0,0.0,0.0,2019-03-10
8,hru08,0.0,0.0,0.006,0.0,0.0,0.0,0.0,0.0,0.0,0.0,2019-03-10
9,hru09,0.0,0.0,0.006,0.0,0.0,0.0,0.0,0.0,0.0,0.0,2019-03-10
10,hru10,0.0,0.0,0.006,0.0,0.0,0.0,0.0,0.0,0.0,0.0,2019-03-10
11,hru11,0.0,0.0,0.006,0.0,0.0,0.0,0.0,0.0,0.0,0.0,2019-03-10
12,hru12,0.0,0.0,0.007,0.0,0.0,0.0,0.0,0.0,0.0,0.0,2019-03-10
13,hru13,0.0,0.0,0.007,0.0,0.0,0.0,0.0,0.0,0.0,0.0,2019-03-10
14,hru14,0.0,0.0,0.007,0.0,0.0,0.0,0.0,0.0,0.0,0.0,2019-03-10
15,hru15,0.0,0.0,0.007,0.0,0.0,0.0,0.0,0.0,0.0,0.0,2019-03-10
16,hru16,0.0,0.0,0.007,0.0,0.0,0.0,0.0,0.0,0.0,0.0,2019-03-10
17,hru17,0.0,0.0,0.007,0.0,0.0,0.0,0.0,0.0,0.0,0.0,2019-03-10
18,hru18,0.0,0.0,0.007,0.0,0.0,0.0,0.0,0.0,0.0,0.0,2019-03-10
19,hru19,0.0,0.0,0.007,0.0,0.0,0.0,0.0,0.0,0.0,0.0,2019-03-10
20,hru20,0.0,0.0,0.007,0.0,0.0,0.0,0.0,0.0,0.0,0.0,2019-03-10
21,hru21,0.0,0.0,0.007,0.0,0.0,0.0,0.0,0.0,0.0,0.0,2019-03-10
22,hru22,0.0,0.0,0.007,0.0,0.0,0.0,0.0,0.0,0.0,0.0,2019-03-10
23,hru23,0.0,0.0,0.007,0.0,0.0,0.0,0.0,0.0,0.0,0.0,2019-03-10
24,hru24,0.0,0.0,0.007,0.0,0.0,0.0,0.0,0.0,0.0,0.0,2019-03-10
25,hru25,0.0,0.0,0.007,0.0,0.0,0.0,0.0,0.0,0.0,0.0,2019-03-10
26,hru26,0.0,0.0,0.007,0.0,0.0,0.0,0.0,0.0,0.0,0.0,2019-03-10
27,hru27,0.0,0.0,0.007,0.0,0.0,0.0,0.0,0.0,0.0,0.0,2019-03-10
28,hru28,0.0,0.0,0.006,0.0,0.0,0.0,0.0,0.0,0.0,0.0,2019-03-10
29,hru29,0.0,0.0,0.007,0.0,0.0,0.0,0.0,0.0,0.0,0.0,2019-03-10
30,hru30,0.0,0.0,0.006,0.0,0.0,0.0,0.0,0.0,0.0,0.0,2019-03-10
31,hru31,0.0,0.0,0.006,0.0,0.0,0.0,0.0,0.0,0.0,0.0,2019-03-10
32,hru32,0.0,0.0,0.007,0.0,0.0,0.0,0.0,0.0,0.0,0.0,2019-03-10
33,hru33,0.0,0.0,0.006,0.0,0.0,0.0,0.0,0.0,0.0,0.0,2019-03-10
34,hru34,0.0,0.0,0.006,0.0,0.0,0.0,0.0,0.0,0.0,0.0,2019-03-10
35,hru35,0.0,0.0,0.006,0.0,0.0,0.0,0.0,0.0,0.0,0.0,2019-03-10
36,hru36,0.0,0.0,0.006,0.0,0.0,0.0,0.0,0.0,0.0,0.0,2019-03-10
1,hru01,0.0,0.0,0.006,0.0,0.0,0.0,0.0,0.0,0.0,0.0,2019-03-11
2,hru02,0.0,0.0,0.006,0.0,0.0,0.0,0.0,0.0,0.0,0.0,2019-03-11
3,hru03,0.0,0.0,0.006,0.0,0.0,0.0,0.0,0.0,0.0,0.0,2019-03-11
4,hru04,0.0,0.0,0.006,0.0,0.0,0.0,0.0,0.0,0.0,0.0,2019-03-11
5,hru05,0.0,0.0,0.006,0.0,0.0,0.0,0.0,0.0,0.0,0.0,2019-03-11
6,hru06,0.0,0.0,0.006,0.0,0.0,0.0,0.0,0.0,0.0,0.0,2019-03-11
7,hru07,0.0,0.0,0.007,0.0,0.0,0.0,0.0,0.0,0.0,0.0,2019-03-11
8,hru08,0.0,0.0,0.006,0.0,0.0,0.0,0.0,0.0,0.0,0.0,2019-03-11
9,hru09,0.0,0.0,0.006,0.0,0.0,0.0,0.0,0.0,0.0,0.0,2019-03-11
10,hru10,0.0,0.0,0.006,0.0,0.0,0.0,0.0,0.0,0.0,0.0,2019-03-11
11,hru11,0.0,0.0,0.006,0.0,0.0,0.0,0.0,0.0,0.0,0.0,2019-03-11
12,hru12,0.0,0.0,0.007,0.0,0.0,0.0,0.0,0.0,0.0,0.0,2019-03-11
13,hru13,0.0,0.0,0.007,0.0,0.0,0.0,0.0,0.0,0.0,0.0,2019-03-11
14,hru14,0.0,0.0,0.007,0.0,0.0,0.0,0.0,0.0,0.0,0.0,2019-03-11
15,hru15,0.0,0.0,0.007,0.0,0.0,0.0,0.0,0.0,0.0,0.0,2019-03-11
16,hru16,0.0,0.0,0.007,0.0,0.0,0.0,0.0,0.0,0.0,0.0,2019-03-11
17,hru17,0.0,0.0,0.007,0.0,0.0,0.0,0.0,0.0,0.0,0.0,2019-03-11
18,hru18,0.0,0.0,0.007,0.0,0.0,0.0,0.0,0.0,0.0,0.0,2019-03-11
19,hru19,0.0,0.0,0.007,0.0,0.0,0.0,0.0,0.0,0.0,0.0,2019-03-11
20,hru20,0.0,0.0,0.007,0.0,0.0,0.0,0.0,0.0,0.0,0.0,2019-03-11
21,hru21,0.0,0.0,0.007,0.0,0.0,0.0,0.0,0.0,0.0,0.0,2019-03-11
22,hru22,0.0,0.0,0.007,0.0,0.0,0.0,0.0,0.0,0.0,0.0,2019-03-11
23,hru23,0.0,0.0,0.007,0.0,0.0,0.0,0.0,0.0,0.0,0.0,2019-03-11
24,hru24,0.0,0.0,0.007,0.0,0.0,0.0,0.0,0.0,0.0,0.0,2019-03-11
25,hru25,0.0,0.0,0.007,0.0,0.0,0.0,0.0,0.0,0.0,0.0,2019-03-11
26,hru26,0.0,0.0,0.007,0.0,0.0,0.0,0.0,0.0,0.0,0.0,2019-03-11
27,hru27,0.0,0.0,0.007,0.0,0.0,0.0,0.0,0.0,0.0,0.0,2019-03-11
28,hru28,0.0,0.0,0.006,0.0,0.0,0.0,0.0,0.0,0.0,0.0,2019-03-11
29,hru29,0.0,0.0,0.007,0.0,0.0,0.0,0.0,0.0,0.0,0.0,2019-03-11
30,hru30,0.0,0.0,0.006,0.0,0.0,0.0,0.0,0.0,0.0,0.0,2019-03-11
31,hru31,0.0,0.0,0.006,0.0,0.0,0.0,0.0,0.0,0.0,0.0,2019-03-11
32,hru32,0.0,0.0,0.007,0.0,0.0,0.0,0.0,0.0,0.0,0.0,2019-03-11
33,hru33,0.0,0.0,0.006,0.0,0.0,0.0,0.0,0.0,0.0,0.0,2019-03-11
34,hru34,0.0,0.0,0.006,0.0,0.0,0.0,0.0,0.0,0.0,0.0,2019-03-11
35,hru35,0.0,0.0,0.006,0.0,0.0,0.0,0.0,0.0,0.0,0.0,2019-03-11
36,hru36,0.0,0.0,0.006,0.0,0.0,0.0,0.0,0.0,0.0,0.0,2019-03-11
1,hru01,0.0,0.0,0.006,0.0,0.0,0.0,0.0,0.0,0.0,0.0,2019-03-12
2,hru02,0.0,0.0,0.007,0.0,0.0,0.0,0.0,0.0,0.0,0.0,2019-03-12
3,hru03,0.0,0.0,0.006,0.0,0.0,0.0,0.0,0.0,0.0,0.0,2019-03-12
4,hru04,0.0,0.0,0.006,0.0,0.0,0.0,0.0,0.0,0.0,0.0,2019-03-12
5,hru05,0.0,0.0,0.007,0.0,0.0,0.0,0.0,0.0,0.0,0.0,2019-03-12
6,hru06,0.0,0.0,0.007,0.0,0.0,0.0,0.0,0.0,0.0,0.0,2019-03-12
7,hru07,0.0,0.0,0.007,0.0,0.0,0.0,0.0,0.0,0.0,0.0,2019-03-12
8,hru08,0.0,0.0,0.006,0.0,0.0,0.0,0.0,0.0,0.0,0.0,2019-03-12
9,hru09,0.0,0.0,0.007,0.0,0.0,0.0,0.0,0.0,0.0,0.0,2019-03-12
10,hru10,0.0,0.0,0.007,0.0,0.0,0.0,0.0,0.0,0.0,0.0,2019-03-12
11,hru11,0.0,0.0,0.007,0.0,0.0,0.0,0.0,0.0,0.0,0.0,2019-03-12
12,hru12,0.0,0.0,0.007,0.0,0.0,0.0,0.0,0.0,0.0,0.0,2019-03-12
13,hru13,0.0,0.0,0.007,0.0,0.0,0.0,0.0,0.0,0.0,0.0,2019-03-12
14,hru14,0.0,0.0,0.007,0.0,0.0,0.0,0.0,0.0,0.0,0.0,2019-03-12
15,hru15,0.0,0.0,0.007,0.0,0.0,0.0,0.0,0.0,0.0,0.0,2019-03-12
16,hru16,0.0,0.0,0.007,0.0,0.0,0.0,0.0,0.0,0.0,0.0,2019-03-12
17,hru17,0.0,0.0,0.007,0.0,0.0,0.0,0.0,0.0,0.0,0.0,2019-03-12
18,hru18,0.0,0.0,0.007,0.0,0.0,0.0,0.0,0.0,0.0,0.0,2019-03-12
19,hru19,0.0,0.0,0.007,0.0,0.0,0.0,0.0,0.0,0.0,0.0,2019-03-12
20,hru20,0.0,0.0,0.007,0.0,0.0,0.0,0.0,0.0,0.0,0.0,2019-03-12
21,hru21,0.0,0.0,0.007,0.0,0.0,0.0,0.0,0.0,0.0,0.0,2019-03-12
22,hru22,0.0,0.0,0.007,0.0,0.0,0.0,0.0,0.0,0.0,0.0,2019-03-12
23,hru23,0.0,0.0,0.007,0.0,0.0,0.0,0.0,0.0,0.0,0.0,2019-03-12
24,hru24,0.0,0.0,0.007,0.0,0.0,0.0,0.0,0.0,0.0,0.0,2019-03-12
25,hru25,0.0,0.0,0.007,0.0,0.0,0.0,0.0,0.0,0.0,0.0,2019-03-12
26,hru26,0.0,0.0,0.007,0.0,0.0,0.0,0.0,0.0,0.0,0.0,2019-03-12
27,hru27,0.0,0.0,0.007,0.0,0.0,0.0,0.0,0.0,0.0,0.0,2019-03-12
28,hru28,0.0,0.0,0.007,0.0,0.0,0.0,0.0,0.0,0.0,0.0,2019-03-12
29,hru29,0.0,0.0,0.007,0.0,0.0,0.0,0.0,0.0,0.0,0.0,2019-03-12
30,hru30,0.0,0.0,0.007,0.0,0.0,0.0,0.0,0.0,0.0,0.0,2019-03-12
31,hru31,0.0,0.0,0.006,0.0,0.0,0.0,0.0,0.0,0.0,0.0,2019-03-12
32,hru32,0.0,0.0,0.007,0.0,0.0,0.0,0.0,0.0,0.0,0.0,2019-03-12
33,hru33,0.0,0.0,0.007,0.0,0.0,0.0,0.0,0.0,0.0,0.0,2019-03-12
34,hru34,0.0,0.0,0.007,0.0,0.0,0.0,0.0,0.0,0.0,0.0,2019-03-12
35,hru35,0.0,0.0,0.007,0.0,0.0,0.0,0.0,0.0,0.0,0.0,2019-03-12
36,hru36,0.0,0.0,0.007,0.0,0.0,0.0,0.0,0.0,0.0,0.0,2019-03-12
1,hru01,0.0,0.0,0.008,0.0,0.0,0.0,0.0,0.0,0.0,0.0,2019-03-13
2,hru02,0.0,0.0,0.008,0.0,0.0,0.0,0.0,0.0,0.0,0.0,2019-03-13
3,hru03,0.0,0.0,0.008,0.0,0.0,0.0,0.0,0.0,0.0,0.0,2019-03-13
4,hru04,0.0,0.0,0.008,0.0,0.0,0.0,0.0,0.0,0.0,0.0,2019-03-13
5,hru05,0.0,0.0,0.008,0.0,0.0,0.0,0.0,0.0,0.0,0.0,2019-03-13
6,hru06,0.0,0.0,0.008,0.0,0.0,0.0,0.0,0.0,0.0,0.0,2019-03-13
7,hru07,0.0,0.0,0.008,0.0,0.0,0.0,0.0,0.0,0.0,0.0,2019-03-13
8,hru08,0.0,0.0,0.008,0.0,0.0,0.0,0.0,0.0,0.0,0.0,2019-03-13
9,hru09,0.0,0.0,0.008,0.0,0.0,0.0,0.0,0.0,0.0,0.0,2019-03-13
10,hru10,0.0,0.0,0.008,0.0,0.0,0.0,0.0,0.0,0.0,0.0,2019-03-13
11,hru11,0.0,0.0,0.008,0.0,0.0,0.0,0.0,0.0,0.0,0.0,2019-03-13
12,hru12,0.0,0.0,0.008,0.0,0.0,0.0,0.0,0.0,0.0,0.0,2019-03-13
13,hru13,0.0,0.0,0.008,0.0,0.0,0.0,0.0,0.0,0.0,0.0,2019-03-13
14,hru14,0.0,0.0,0.008,0.0,0.0,0.0,0.0,0.0,0.0,0.0,2019-03-13
15,hru15,0.0,0.0,0.008,0.0,0.0,0.0,0.0,0.0,0.0,0.0,2019-03-13
16,hru16,0.0,0.0,0.008,0.0,0.0,0.0,0.0,0.0,0.0,0.0,2019-03-13
17,hru17,0.0,0.0,0.008,0.0,0.0,0.0,0.0,0.0,0.0,0.0,2019-03-13
18,hru18,0.0,0.0,0.008,0.0,0.0,0.0,0.0,0.0,0.0,0.0,2019-03-13
19,hru19,0.0,0.0,0.009,0.0,0.0,0.0,0.0,0.0,0.0,0.0,2019-03-13
20,hru20,0.0,0.0,0.008,0.0,0.0,0.0,0.0,0.0,0.0,0.0,2019-03-13
21,hru21,0.0,0.0,0.008,0.0,0.0,0.0,0.0,0.0,0.0,0.0,2019-03-13
22,hru22,0.0,0.0,0.008,0.0,0.0,0.0,0.0,0.0,0.0,0.0,2019-03-13
23,hru23,0.0,0.0,0.008,0.0,0.0,0.0,0.0,0.0,0.0,0.0,2019-03-13
24,hru24,0.0,0.0,0.008,0.0,0.0,0.0,0.0,0.0,0.0,0.0,2019-03-13
25,hru25,0.0,0.0,0.008,0.0,0.0,0.0,0.0,0.0,0.0,0.0,2019-03-13
26,hru26,0.0,0.0,0.008,0.0,0.0,0.0,0.0,0.0,0.0,0.0,2019-03-13
27,hru27,0.0,0.0,0.008,0.0,0.0,0.0,0.0,0.0,0.0,0.0,2019-03-13
28,hru28,0.0,0.0,0.008,0.0,0.0,0.0,0.0,0.0,0.0,0.0,2019-03-13
29,hru29,0.0,0.0,0.008,0.0,0.0,0.0,0.0,0.0,0.0,0.0,2019-03-13
30,hru30,0.0,0.0,0.008,0.0,0.0,0.0,0.0,0.0,0.0,0.0,2019-03-13
31,hru31,0.0,0.0,0.008,0.0,0.0,0.0,0.0,0.0,0.0,0.0,2019-03-13
32,hru32,0.0,0.0,0.008,0.0,0.0,0.0,0.0,0.0,0.0,0.0,2019-03-13
33,hru33,0.0,0.0,0.008,0.0,0.0,0.0,0.0,0.0,0.0,0.0,2019-03-13
34,hru34,0.0,0.0,0.008,0.0,0.0,0.0,0.0,0.0,0.0,0.0,2019-03-13
35,hru35,0.0,0.0,0.008,0.0,0.0,0.0,0.0,0.0,0.0,0.0,2019-03-13
36,hru36,0.0,0.0,0.008,0.0,0.0,0.0,0.0,0.0,0.0,0.0,2019-03-13
1,hru01,0.0,0.0,0.008,0.0,0.0,0.0,0.0,0.0,0.0,0.0,2019-03-14
2,hru02,0.0,0.0,0.009,0.0,0.0,0.0,0.0,0.0,0.0,0.0,2019-03-14
3,hru03,0.0,0.0,0.008,0.0,0.0,0.0,0.0,0.0,0.0,0.0,2019-03-14
4,hru04,0.0,0.0,0.008,0.0,0.0,0.0,0.0,0.0,0.0,0.0,2019-03-14
5,hru05,0.0,0.0,0.008,0.0,0.0,0.0,0.0,0.0,0.0,0.0,2019-03-14
6,hru06,0.0,0.0,0.008,0.0,0.0,0.0,0.0,0.0,0.0,0.0,2019-03-14
7,hru07,0.0,0.0,0.009,0.0,0.0,0.0,0.0,0.0,0.0,0.0,2019-03-14
8,hru08,0.0,0.0,0.008,0.0,0.0,0.0,0.0,0.0,0.0,0.0,2019-03-14
9,hru09,0.0,0.0,0.009,0.0,0.0,0.0,0.0,0.0,0.0,0.0,2019-03-14
10,hru10,0.0,0.0,0.009,0.0,0.0,0.0,0.0,0.0,0.0,0.0,2019-03-14
11,hru11,0.0,0.0,0.008,0.0,0.0,0.0,0.0,0.0,0.0,0.0,2019-03-14
12,hru12,0.0,0.0,0.009,0.0,0.0,0.0,0.0,0.0,0.0,0.0,2019-03-14
13,hru13,0.0,0.0,0.009,0.0,0.0,0.0,0.0,0.0,0.0,0.0,2019-03-14
14,hru14,0.0,0.0,0.009,0.0,0.0,0.0,0.0,0.0,0.0,0.0,2019-03-14
15,hru15,0.0,0.0,0.009,0.0,0.0,0.0,0.0,0.0,0.0,0.0,2019-03-14
16,hru16,0.0,0.0,0.009,0.0,0.0,0.0,0.0,0.0,0.0,0.0,2019-03-14
17,hru17,0.0,0.0,0.009,0.0,0.0,0.0,0.0,0.0,0.0,0.0,2019-03-14
18,hru18,0.0,0.0,0.009,0.0,0.0,0.0,0.0,0.0,0.0,0.0,2019-03-14
19,hru19,0.0,0.0,0.009,0.0,0.0,0.0,0.0,0.0,0.0,0.0,2019-03-14
20,hru20,0.0,0.0,0.009,0.0,0.0,0.0,0.0,0.0,0.0,0.0,2019-03-14
21,hru21,0.0,0.0,0.009,0.0,0.0,0.0,0.0,0.0,0.0,0.0,2019-03-14
22,hru22,0.0,0.0,0.009,0.0,0.0,0.0,0.0,0.0,0.0,0.0,2019-03-14
23,hru23,0.0,0.0,0.009,0.0,0.0,0.0,0.0,0.0,0.0,0.0,2019-03-14
24,hru24,0.0,0.0,0.009,0.0,0.0,0.0,0.0,0.0,0.0,0.0,2019-03-14
25,hru25,0.0,0.0,0.009,0.0,0.0,0.0,0.0,0.0,0.0,0.0,2019-03-14
26,hru26,0.0,0.0,0.009,0.0,0.0,0.0,0.0,0.0,0.0,0.0,2019-03-14
27,hru27,0.0,0.0,0.009,0.0,0.0,0.0,0.0,0.0,0.0,0.0,2019-03-14
28,hru28,0.0,0.0,0.008,0.0,0.0,0.0,0.0,0.0,0.0,0.0,2019-03-14
29,hru29,0.0,0.0,0.009,0.0,0.0,0.0,0.0,0.0,0.0,0.0,2019-03-14
30,hru30,0.0,0.0,0.009,0.0,0.0,0.0,0.0,0.0,0.0,0.0,2019-03-14
31,hru31,0.0,0.0,0.008,0.0,0.0,0.0,0.0,0.0,0.0,0.0,2019-03-14
32,hru32,0.0,0.0,0.009,0.0,0.0,0.0,0.0,0.0,0.0,0.0,2019-03-14
33,hru33,0.0,0.0,0.009,0.0,0.0,0.0,0.0,0.0,0.0,0.0,2019-03-14
34,hru34,0.0,0.0,0.009,0.0,0.0,0.0,0.0,0.0,0.0,0.0,2019-03-14
35,hru35,0.0,0.0,0.008,0.0,0.0,0.0,0.0,0.0,0.0,0.0,2019-03-14
36,hru36,0.0,0.0,0.009,0.0,0.0,0.0,0.0,0.0,0.0,0.0,2019-03-14
1,hru01,0.0,0.0,0.008,0.0,0.0,0.0,0.0,0.0,0.0,0.0,2019-03-15
2,hru02,0.0,0.0,0.009,0.0,0.0,0.0,0.0,0.0,0.0,0.0,2019-03-15
3,hru03,0.0,0.0,0.008,0.0,0.0,0.0,0.0,0.0,0.0,0.0,2019-03-15
4,hru04,0.0,0.0,0.008,0.0,0.0,0.0,0.0,0.0,0.0,0.0,2019-03-15
5,hru05,0.0,0.0,0.008,0.0,0.0,0.0,0.0,0.0,0.0,0.0,2019-03-15
6,hru06,0.0,0.0,0.008,0.0,0.0,0.0,0.0,0.0,0.0,0.0,2019-03-15
7,hru07,0.0,0.0,0.009,0.0,0.0,0.0,0.0,0.0,0.0,0.0,2019-03-15
8,hru08,0.0,0.0,0.008,0.0,0.0,0.0,0.0,0.0,0.0,0.0,2019-03-15
9,hru09,0.0,0.0,0.009,0.0,0.0,0.0,0.0,0.0,0.0,0.0,2019-03-15
10,hru10,0.0,0.0,0.009,0.0,0.0,0.0,0.0,0.0,0.0,0.0,2019-03-15
11,hru11,0.0,0.0,0.008,0.0,0.0,0.0,0.0,0.0,0.0,0.0,2019-03-15
12,hru12,0.0,0.0,0.009,0.0,0.0,0.0,0.0,0.0,0.0,0.0,2019-03-15
13,hru13,0.0,0.0,0.009,0.0,0.0,0.0,0.0,0.0,0.0,0.0,2019-03-15
14,hru14,0.0,0.0,0.009,0.0,0.0,0.0,0.0,0.0,0.0,0.0,2019-03-15
15,hru15,0.0,0.0,0.009,0.0,0.0,0.0,0.0,0.0,0.0,0.0,2019-03-15
16,hru16,0.0,0.0,0.009,0.0,0.0,0.0,0.0,0.0,0.0,0.0,2019-03-15
17,hru17,0.0,0.0,0.009,0.0,0.0,0.0,0.0,0.0,0.0,0.0,2019-03-15
18,hru18,0.0,0.0,0.009,0.0,0.0,0.0,0.0,0.0,0.0,0.0,2019-03-15
19,hru19,0.0,0.0,0.009,0.0,0.0,0.0,0.0,0.0,0.0,0.0,2019-03-15
20,hru20,0.0,0.0,0.009,0.0,0.0,0.0,0.0,0.0,0.0,0.0,2019-03-15
21,hru21,0.0,0.0,0.009,0.0,0.0,0.0,0.0,0.0,0.0,0.0,2019-03-15
22,hru22,0.0,0.0,0.009,0.0,0.0,0.0,0.0,0.0,0.0,0.0,2019-03-15
23,hru23,0.0,0.0,0.009,0.0,0.0,0.0,0.0,0.0,0.0,0.0,2019-03-15
24,hru24,0.0,0.0,0.009,0.0,0.0,0.0,0.0,0.0,0.0,0.0,2019-03-15
25,hru25,0.0,0.0,0.009,0.0,0.0,0.0,0.0,0.0,0.0,0.0,2019-03-15
26,hru26,0.0,0.0,0.009,0.0,0.0,0.0,0.0,0.0,0.0,0.0,2019-03-15
27,hru27,0.0,0.0,0.009,0.0,0.0,0.0,0.0,0.0,0.0,0.0,2019-03-15
28,hru28,0.0,0.0,0.008,0.0,0.0,0.0,0.0,0.0,0.0,0.0,2019-03-15
29,hru29,0.0,0.0,0.009,0.0,0.0,0.0,0.0,0.0,0.0,0.0,2019-03-15
30,hru30,0.0,0.0,0.009,0.0,0.0,0.0,0.0,0.0,0.0,0.0,2019-03-15
31,hru31,0.0,0.0,0.008,0.0,0.0,0.0,0.0,0.0,0.0,0.0,2019-03-15
32,hru32,0.0,0.0,0.009,0.0,0.0,0.0,0.0,0.0,0.0,0.0,2019-03-15
33,hru33,0.0,0.0,0.009,0.0,0.0,0.0,0.0,0.0,0.0,0.0,2019-03-15
34,hru34,0.0,0.0,0.009,0.0,0.0,0.0,0.0,0.0,0.0,0.0,2019-03-15
35,hru35,0.0,0.0,0.008,0.0,0.0,0.0,0.0,0.0,0.0,0.0,2019-03-15
36,hru36,0.0,0.0,0.009,0.0,0.0,0.0,0.0,0.0,0.0,0.0,2019-03-15
1,hru01,0.0,0.0,0.008,0.0,0.0,0.0,0.0,0.0,0.0,0.0,2019-03-16
2,hru02,0.0,0.0,0.009,0.0,0.0,0.0,0.0,0.0,0.0,0.0,2019-03-16
3,hru03,0.0,0.0,0.008,0.0,0.0,0.0,0.0,0.0,0.0,0.0,2019-03-16
4,hru04,0.0,0.0,0.008,0.0,0.0,0.0,0.0,0.0,0.0,0.0,2019-03-16
5,hru05,0.0,0.0,0.009,0.0,0.0,0.0,0.0,0.0,0.0,0.0,2019-03-16
6,hru06,0.0,0.0,0.009,0.0,0.0,0.0,0.0,0.0,0.0,0.0,2019-03-16
7,hru07,0.0,0.0,0.009,0.0,0.0,0.0,0.0,0.0,0.0,0.0,2019-03-16
8,hru08,0.0,0.0,0.008,0.0,0.0,0.0,0.0,0.0,0.0,0.0,2019-03-16
9,hru09,0.0,0.0,0.009,0.0,0.0,0.0,0.0,0.0,0.0,0.0,2019-03-16
10,hru10,0.0,0.0,0.009,0.0,0.0,0.0,0.0,0.0,0.0,0.0,2019-03-16
11,hru11,0.0,0.0,0.009,0.0,0.0,0.0,0.0,0.0,0.0,0.0,2019-03-16
12,hru12,0.0,0.0,0.009,0.0,0.0,0.0,0.0,0.0,0.0,0.0,2019-03-16
13,hru13,0.0,0.0,0.009,0.0,0.0,0.0,0.0,0.0,0.0,0.0,2019-03-16
14,hru14,0.0,0.0,0.009,0.0,0.0,0.0,0.0,0.0,0.0,0.0,2019-03-16
15,hru15,0.0,0.0,0.009,0.0,0.0,0.0,0.0,0.0,0.0,0.0,2019-03-16
16,hru16,0.0,0.0,0.009,0.0,0.0,0.0,0.0,0.0,0.0,0.0,2019-03-16
17,hru17,0.0,0.0,0.009,0.0,0.0,0.0,0.0,0.0,0.0,0.0,2019-03-16
18,hru18,0.0,0.0,0.009,0.0,0.0,0.0,0.0,0.0,0.0,0.0,2019-03-16
19,hru19,0.0,0.0,0.01,0.0,0.0,0.0,0.0,0.0,0.0,0.0,2019-03-16
20,hru20,0.0,0.0,0.009,0.0,0.0,0.0,0.0,0.0,0.0,0.0,2019-03-16
21,hru21,0.0,0.0,0.009,0.0,0.0,0.0,0.0,0.0,0.0,0.0,2019-03-16
22,hru22,0.0,0.0,0.009,0.0,0.0,0.0,0.0,0.0,0.0,0.0,2019-03-16
23,hru23,0.0,0.0,0.009,0.0,0.0,0.0,0.0,0.0,0.0,0.0,2019-03-16
24,hru24,0.0,0.0,0.009,0.0,0.0,0.0,0.0,0.0,0.0,0.0,2019-03-16
25,hru25,0.0,0.0,0.009,0.0,0.0,0.0,0.0,0.0,0.0,0.0,2019-03-16
26,hru26,0.0,0.0,0.009,0.0,0.0,0.0,0.0,0.0,0.0,0.0,2019-03-16
27,hru27,0.0,0.0,0.009,0.0,0.0,0.0,0.0,0.0,0.0,0.0,2019-03-16
28,hru28,0.0,0.0,0.009,0.0,0.0,0.0,0.0,0.0,0.0,0.0,2019-03-16
29,hru29,0.0,0.0,0.009,0.0,0.0,0.0,0.0,0.0,0.0,0.0,2019-03-16
30,hru30,0.0,0.0,0.009,0.0,0.0,0.0,0.0,0.0,0.0,0.0,2019-03-16
31,hru31,0.0,0.0,0.008,0.0,0.0,0.0,0.0,0.0,0.0,0.0,2019-03-16
32,hru32,0.0,0.0,0.009,0.0,0.0,0.0,0.0,0.0,0.0,0.0,2019-03-16
33,hru33,0.0,0.0,0.009,0.0,0.0,0.0,0.0,0.0,0.0,0.0,2019-03-16
34,hru34,0.0,0.0,0.009,0.0,0.0,0.0,0.0,0.0,0.0,0.0,2019-03-16
35,hru35,0.0,0.0,0.008,0.0,0.0,0.0,0.0,0.0,0.0,0.0,2019-03-16
36,hru36,0.0,0.0,0.009,0.0,0.0,0.0,0.0,0.0,0.0,0.0,2019-03-16
1,hru01,0.0,0.0,0.008,0.0,0.0,0.0,0.0,0.0,0.0,0.0,2019-03-17
2,hru02,0.0,0.0,0.009,0.0,0.0,0.0,0.0,0.0,0.0,0.0,2019-03-17
3,hru03,0.0,0.0,0.008,0.0,0.0,0.0,0.0,0.0,0.0,0.0,2019-03-17
4,hru04,0.0,0.0,0.008,0.0,0.0,0.0,0.0,0.0,0.0,0.0,2019-03-17
5,hru05,0.0,0.0,0.009,0.0,0.0,0.0,0.0,0.0,0.0,0.0,2019-03-17
6,hru06,0.0,0.0,0.009,0.0,0.0,0.0,0.0,0.0,0.0,0.0,2019-03-17
7,hru07,0.0,0.0,0.009,0.0,0.0,0.0,0.0,0.0,0.0,0.0,2019-03-17
8,hru08,0.0,0.0,0.008,0.0,0.0,0.0,0.0,0.0,0.0,0.0,2019-03-17
9,hru09,0.0,0.0,0.009,0.0,0.0,0.0,0.0,0.0,0.0,0.0,2019-03-17
10,hru10,0.0,0.0,0.009,0.0,0.0,0.0,0.0,0.0,0.0,0.0,2019-03-17
11,hru11,0.0,0.0,0.009,0.0,0.0,0.0,0.0,0.0,0.0,0.0,2019-03-17
12,hru12,0.0,0.0,0.009,0.0,0.0,0.0,0.0,0.0,0.0,0.0,2019-03-17
13,hru13,0.0,0.0,0.009,0.0,0.0,0.0,0.0,0.0,0.0,0.0,2019-03-17
14,hru14,0.0,0.0,0.009,0.0,0.0,0.0,0.0,0.0,0.0,0.0,2019-03-17
15,hru15,0.0,0.0,0.01,0.0,0.0,0.0,0.0,0.0,0.0,0.0,2019-03-17
16,hru16,0.0,0.0,0.009,0.0,0.0,0.0,0.0,0.0,0.0,0.0,2019-03-17
17,hru17,0.0,0.0,0.01,0.0,0.0,0.0,0.0,0.0,0.0,0.0,2019-03-17
18,hru18,0.0,0.0,0.01,0.0,0.0,0.0,0.0,0.0,0.0,0.0,2019-03-17
19,hru19,0.0,0.0,0.01,0.0,0.0,0.0,0.0,0.0,0.0,0.0,2019-03-17
20,hru20,0.0,0.0,0.009,0.0,0.0,0.0,0.0,0.0,0.0,0.0,2019-03-17
21,hru21,0.0,0.0,0.01,0.0,0.0,0.0,0.0,0.0,0.0,0.0,2019-03-17
22,hru22,0.0,0.0,0.01,0.0,0.0,0.0,0.0,0.0,0.0,0.0,2019-03-17
23,hru23,0.0,0.0,0.01,0.0,0.0,0.0,0.0,0.0,0.0,0.0,2019-03-17
24,hru24,0.0,0.0,0.009,0.0,0.0,0.0,0.0,0.0,0.0,0.0,2019-03-17
25,hru25,0.0,0.0,0.009,0.0,0.0,0.0,0.0,0.0,0.0,0.0,2019-03-17
26,hru26,0.0,0.0,0.009,0.0,0.0,0.0,0.0,0.0,0.0,0.0,2019-03-17
27,hru27,0.0,0.0,0.009,0.0,0.0,0.0,0.0,0.0,0.0,0.0,2019-03-17
28,hru28,0.0,0.0,0.009,0.0,0.0,0.0,0.0,0.0,0.0,0.0,2019-03-17
29,hru29,0.0,0.0,0.009,0.0,0.0,0.0,0.0,0.0,0.0,0.0,2019-03-17
30,hru30,0.0,0.0,0.009,0.0,0.0,0.0,0.0,0.0,0.0,0.0,2019-03-17
31,hru31,0.0,0.0,0.008,0.0,0.0,0.0,0.0,0.0,0.0,0.0,2019-03-17
32,hru32,0.0,0.0,0.009,0.0,0.0,0.0,0.0,0.0,0.0,0.0,2019-03-17
33,hru33,0.0,0.0,0.009,0.0,0.0,0.0,0.0,0.0,0.0,0.0,2019-03-17
34,hru34,0.0,0.0,0.009,0.0,0.0,0.0,0.0,0.0,0.0,0.0,2019-03-17
35,hru35,0.0,0.0,0.008,0.0,0.0,0.0,0.0,0.0,0.0,0.0,2019-03-17
36,hru36,0.0,0.0,0.009,0.0,0.0,0.0,0.0,0.0,0.0,0.0,2019-03-17
1,hru01,0.0,0.0,0.009,0.0,0.0,0.0,0.0,0.0,0.0,0.0,2019-03-18
2,hru02,0.0,0.0,0.009,0.0,0.0,0.0,0.0,0.0,0.0,0.0,2019-03-18
3,hru03,0.0,0.0,0.009,0.0,0.0,0.0,0.0,0.0,0.0,0.0,2019-03-18
4,hru04,0.0,0.0,0.009,0.0,0.0,0.0,0.0,0.0,0.0,0.0,2019-03-18
5,hru05,0.0,0.0,0.009,0.0,0.0,0.0,0.0,0.0,0.0,0.0,2019-03-18
6,hru06,0.0,0.0,0.009,0.0,0.0,0.0,0.0,0.0,0.0,0.0,2019-03-18
7,hru07,0.0,0.0,0.009,0.0,0.0,0.0,0.0,0.0,0.0,0.0,2019-03-18
8,hru08,0.0,0.0,0.009,0.0,0.0,0.0,0.0,0.0,0.0,0.0,2019-03-18
9,hru09,0.0,0.0,0.01,0.0,0.0,0.0,0.0,0.0,0.0,0.0,2019-03-18
10,hru10,0.0,0.0,0.01,0.0,0.0,0.0,0.0,0.0,0.0,0.0,2019-03-18
11,hru11,0.0,0.0,0.009,0.0,0.0,0.0,0.0,0.0,0.0,0.0,2019-03-18
12,hru12,0.0,0.0,0.01,0.0,0.0,0.0,0.0,0.0,0.0,0.0,2019-03-18
13,hru13,0.0,0.0,0.01,0.0,0.0,0.0,0.0,0.0,0.0,0.0,2019-03-18
14,hru14,0.0,0.0,0.01,0.0,0.0,0.0,0.0,0.0,0.0,0.0,2019-03-18
15,hru15,0.0,0.0,0.01,0.0,0.0,0.0,0.0,0.0,0.0,0.0,2019-03-18
16,hru16,0.0,0.0,0.01,0.0,0.0,0.0,0.0,0.0,0.0,0.0,2019-03-18
17,hru17,0.0,0.0,0.01,0.0,0.0,0.0,0.0,0.0,0.0,0.0,2019-03-18
18,hru18,0.0,0.0,0.01,0.0,0.0,0.0,0.0,0.0,0.0,0.0,2019-03-18
19,hru19,0.0,0.0,0.01,0.0,0.0,0.0,0.0,0.0,0.0,0.0,2019-03-18
20,hru20,0.0,0.0,0.01,0.0,0.0,0.0,0.0,0.0,0.0,0.0,2019-03-18
21,hru21,0.0,0.0,0.01,0.0,0.0,0.0,0.0,0.0,0.0,0.0,2019-03-18
22,hru22,0.0,0.0,0.01,0.0,0.0,0.0,0.0,0.0,0.0,0.0,2019-03-18
23,hru23,0.0,0.0,0.01,0.0,0.0,0.0,0.0,0.0,0.0,0.0,2019-03-18
24,hru24,0.0,0.0,0.01,0.0,0.0,0.0,0.0,0.0,0.0,0.0,2019-03-18
25,hru25,0.0,0.0,0.01,0.0,0.0,0.0,0.0,0.0,0.0,0.0,2019-03-18
26,hru26,0.0,0.0,0.01,0.0,0.0,0.0,0.0,0.0,0.0,0.0,2019-03-18
27,hru27,0.0,0.0,0.009,0.0,0.0,0.0,0.0,0.0,0.0,0.0,2019-03-18
28,hru28,0.0,0.0,0.009,0.0,0.0,0.0,0.0,0.0,0.0,0.0,2019-03-18
29,hru29,0.0,0.0,0.009,0.0,0.0,0.0,0.0,0.0,0.0,0.0,2019-03-18
30,hru30,0.0,0.0,0.009,0.0,0.0,0.0,0.0,0.0,0.0,0.0,2019-03-18
31,hru31,0.0,0.0,0.009,0.0,0.0,0.0,0.0,0.0,0.0,0.0,2019-03-18
32,hru32,0.0,0.0,0.01,0.0,0.0,0.0,0.0,0.0,0.0,0.0,2019-03-18
33,hru33,0.0,0.0,0.009,0.0,0.0,0.0,0.0,0.0,0.0,0.0,2019-03-18
34,hru34,0.0,0.0,0.009,0.0,0.0,0.0,0.0,0.0,0.0,0.0,2019-03-18
35,hru35,0.0,0.0,0.009,0.0,0.0,0.0,0.0,0.0,0.0,0.0,2019-03-18
36,hru36,0.0,0.0,0.009,0.0,0.0,0.0,0.0,0.0,0.0,0.0,2019-03-18
1,hru01,0.0,0.0,0.01,0.0,0.0,0.0,0.0,0.0,0.0,0.0,2019-03-19
2,hru02,0.0,0.0,0.01,0.0,0.0,0.0,0.0,0.0,0.0,0.0,2019-03-19
3,hru03,0.0,0.0,0.01,0.0,0.0,0.0,0.0,0.0,0.0,0.0,2019-03-19
4,hru04,0.0,0.0,0.01,0.0,0.0,0.0,0.0,0.0,0.0,0.0,2019-03-19
5,hru05,0.0,0.0,0.01,0.0,0.0,0.0,0.0,0.0,0.0,0.0,2019-03-19
6,hru06,0.0,0.0,0.01,0.0,0.0,0.0,0.0,0.0,0.0,0.0,2019-03-19
7,hru07,0.0,0.0,0.01,0.0,0.0,0.0,0.0,0.0,0.0,0.0,2019-03-19
8,hru08,0.0,0.0,0.01,0.0,0.0,0.0,0.0,0.0,0.0,0.0,2019-03-19
9,hru09,0.0,0.0,0.011,0.0,0.0,0.0,0.0,0.0,0.0,0.0,2019-03-19
10,hru10,0.0,0.0,0.011,0.0,0.0,0.0,0.0,0.0,0.0,0.0,2019-03-19
11,hru11,0.0,0.0,0.01,0.0,0.0,0.0,0.0,0.0,0.0,0.0,2019-03-19
12,hru12,0.0,0.0,0.011,0.0,0.0,0.0,0.0,0.0,0.0,0.0,2019-03-19
13,hru13,0.0,0.0,0.011,0.0,0.0,0.0,0.0,0.0,0.0,0.0,2019-03-19
14,hru14,0.0,0.0,0.011,0.0,0.0,0.0,0.0,0.0,0.0,0.0,2019-03-19
15,hru15,0.0,0.0,0.011,0.0,0.0,0.0,0.0,0.0,0.0,0.0,2019-03-19
16,hru16,0.0,0.0,0.011,0.0,0.0,0.0,0.0,0.0,0.0,0.0,2019-03-19
17,hru17,0.0,0.0,0.011,0.0,0.0,0.0,0.0,0.0,0.0,0.0,2019-03-19
18,hru18,0.0,0.0,0.011,0.0,0.0,0.0,0.0,0.0,0.0,0.0,2019-03-19
19,hru19,0.0,0.0,0.012,0.0,0.0,0.0,0.0,0.0,0.0,0.0,2019-03-19
20,hru20,0.0,0.0,0.011,0.0,0.0,0.0,0.0,0.0,0.0,0.0,2019-03-19
21,hru21,0.0,0.0,0.011,0.0,0.0,0.0,0.0,0.0,0.0,0.0,2019-03-19
22,hru22,0.0,0.0,0.011,0.0,0.0,0.0,0.0,0.0,0.0,0.0,2019-03-19
23,hru23,0.0,0.0,0.011,0.0,0.0,0.0,0.0,0.0,0.0,0.0,2019-03-19
24,hru24,0.0,0.0,0.011,0.0,0.0,0.0,0.0,0.0,0.0,0.0,2019-03-19
25,hru25,0.0,0.0,0.011,0.0,0.0,0.0,0.0,0.0,0.0,0.0,2019-03-19
26,hru26,0.0,0.0,0.011,0.0,0.0,0.0,0.0,0.0,0.0,0.0,2019-03-19
27,hru27,0.0,0.0,0.01,0.0,0.0,0.0,0.0,0.0,0.0,0.0,2019-03-19
28,hru28,0.0,0.0,0.01,0.0,0.0,0.0,0.0,0.0,0.0,0.0,2019-03-19
29,hru29,0.0,0.0,0.011,0.0,0.0,0.0,0.0,0.0,0.0,0.0,2019-03-19
30,hru30,0.0,0.0,0.01,0.0,0.0,0.0,0.0,0.0,0.0,0.0,2019-03-19
31,hru31,0.0,0.0,0.01,0.0,0.0,0.0,0.0,0.0,0.0,0.0,2019-03-19
32,hru32,0.0,0.0,0.011,0.0,0.0,0.0,0.0,0.0,0.0,0.0,2019-03-19
33,hru33,0.0,0.0,0.01,0.0,0.0,0.0,0.0,0.0,0.0,0.0,2019-03-19
34,hru34,0.0,0.0,0.01,0.0,0.0,0.0,0.0,0.0,0.0,0.0,2019-03-19
35,hru35,0.0,0.0,0.01,0.0,0.0,0.0,0.0,0.0,0.0,0.0,2019-03-19
36,hru36,0.0,0.0,0.01,0.0,0.0,0.0,0.0,0.0,0.0,0.0,2019-03-19
1,hru01,0.0,0.0,0.011,0.0,0.0,0.0,0.0,0.0,0.0,0.0,2019-03-20
2,hru02,0.0,0.0,0.012,0.0,0.0,0.0,0.0,0.0,0.0,0.0,2019-03-20
3,hru03,0.0,0.0,0.011,0.0,0.0,0.0,0.0,0.0,0.0,0.0,2019-03-20
4,hru04,0.0,0.0,0.011,0.0,0.0,0.0,0.0,0.0,0.0,0.0,2019-03-20
5,hru05,0.0,0.0,0.012,0.0,0.0,0.0,0.0,0.0,0.0,0.0,2019-03-20
6,hru06,0.0,0.0,0.012,0.0,0.0,0.0,0.0,0.0,0.0,0.0,2019-03-20
7,hru07,0.0,0.0,0.012,0.0,0.0,0.0,0.0,0.0,0.0,0.0,2019-03-20
8,hru08,0.0,0.0,0.011,0.0,0.0,0.0,0.0,0.0,0.0,0.0,2019-03-20
9,hru09,0.0,0.0,0.012,0.0,0.0,0.0,0.0,0.0,0.0,0.0,2019-03-20
10,hru10,0.0,0.0,0.012,0.0,0.0,0.0,0.0,0.0,0.0,0.0,2019-03-20
11,hru11,0.0,0.0,0.012,0.0,0.0,0.0,0.0,0.0,0.0,0.0,2019-03-20
12,hru12,0.0,0.0,0.012,0.0,0.0,0.0,0.0,0.0,0.0,0.0,2019-03-20
13,hru13,0.0,0.0,0.012,0.0,0.0,0.0,0.0,0.0,0.0,0.0,2019-03-20
14,hru14,0.0,0.0,0.012,0.0,0.0,0.0,0.0,0.0,0.0,0.0,2019-03-20
15,hru15,0.0,0.0,0.012,0.0,0.0,0.0,0.0,0.0,0.0,0.0,2019-03-20
16,hru16,0.0,0.0,0.012,0.0,0.0,0.0,0.0,0.0,0.0,0.0,2019-03-20
17,hru17,0.0,0.0,0.012,0.0,0.0,0.0,0.0,0.0,0.0,0.0,2019-03-20
18,hru18,0.0,0.0,0.012,0.0,0.0,0.0,0.0,0.0,0.0,0.0,2019-03-20
19,hru19,0.0,0.0,0.013,0.0,0.0,0.0,0.0,0.0,0.0,0.0,2019-03-20
20,hru20,0.0,0.0,0.012,0.0,0.0,0.0,0.0,0.0,0.0,0.0,2019-03-20
21,hru21,0.0,0.0,0.012,0.0,0.0,0.0,0.0,0.0,0.0,0.0,2019-03-20
22,hru22,0.0,0.0,0.012,0.0,0.0,0.0,0.0,0.0,0.0,0.0,2019-03-20
23,hru23,0.0,0.0,0.012,0.0,0.0,0.0,0.0,0.0,0.0,0.0,2019-03-20
24,hru24,0.0,0.0,0.012,0.0,0.0,0.0,0.0,0.0,0.0,0.0,2019-03-20
25,hru25,0.0,0.0,0.012,0.0,0.0,0.0,0.0,0.0,0.0,0.0,2019-03-20
26,hru26,0.0,0.0,0.012,0.0,0.0,0.0,0.0,0.0,0.0,0.0,2019-03-20
27,hru27,0.0,0.0,0.012,0.0,0.0,0.0,0.0,0.0,0.0,0.0,2019-03-20
28,hru28,0.0,0.0,0.012,0.0,0.0,0.0,0.0,0.0,0.0,0.0,2019-03-20
29,hru29,0.0,0.0,0.012,0.0,0.0,0.0,0.0,0.0,0.0,0.0,2019-03-20
30,hru30,0.0,0.0,0.012,0.0,0.0,0.0,0.0,0.0,0.0,0.0,2019-03-20
31,hru31,0.0,0.0,0.011,0.0,0.0,0.0,0.0,0.0,0.0,0.0,2019-03-20
32,hru32,0.0,0.0,0.012,0.0,0.0,0.0,0.0,0.0,0.0,0.0,2019-03-20
33,hru33,0.0,0.0,0.012,0.0,0.0,0.0,0.0,0.0,0.0,0.0,2019-03-20
34,hru34,0.0,0.0,0.012,0.0,0.0,0.0,0.0,0.0,0.0,0.0,2019-03-20
35,hru35,0.0,0.0,0.011,0.0,0.0,0.0,0.0,0.0,0.0,0.0,2019-03-20
36,hru36,0.0,0.0,0.012,0.0,0.0,0.0,0.0,0.0,0.0,0.0,2019-03-20
1,hru01,0.0,0.0,0.013,0.0,0.0,0.0,0.0,0.0,0.0,0.0,2019-03-21
2,hru02,0.0,0.0,0.013,0.0,0.0,0.0,0.0,0.0,0.0,0.0,2019-03-21
3,hru03,0.0,0.0,0.013,0.0,0.0,0.0,0.0,0.0,0.0,0.0,2019-03-21
4,hru04,0.0,0.0,0.013,0.0,0.0,0.0,0.0,0.0,0.0,0.0,2019-03-21
5,hru05,0.0,0.0,0.013,0.0,0.0,0.0,0.0,0.0,0.0,0.0,2019-03-21
6,hru06,0.0,0.0,0.013,0.0,0.0,0.0,0.0,0.0,0.0,0.0,2019-03-21
7,hru07,0.0,0.0,0.013,0.0,0.0,0.0,0.0,0.0,0.0,0.0,2019-03-21
8,hru08,0.0,0.0,0.013,0.0,0.0,0.0,0.0,0.0,0.0,0.0,2019-03-21
9,hru09,0.0,0.0,0.013,0.0,0.0,0.0,0.0,0.0,0.0,0.0,2019-03-21
10,hru10,0.0,0.0,0.013,0.0,0.0,0.0,0.0,0.0,0.0,0.0,2019-03-21
11,hru11,0.0,0.0,0.013,0.0,0.0,0.0,0.0,0.0,0.0,0.0,2019-03-21
12,hru12,0.0,0.0,0.013,0.0,0.0,0.0,0.0,0.0,0.0,0.0,2019-03-21
13,hru13,0.0,0.0,0.013,0.0,0.0,0.0,0.0,0.0,0.0,0.0,2019-03-21
14,hru14,0.0,0.0,0.013,0.0,0.0,0.0,0.0,0.0,0.0,0.0,2019-03-21
15,hru15,0.0,0.0,0.014,0.0,0.0,0.0,0.0,0.0,0.0,0.0,2019-03-21
16,hru16,0.0,0.0,0.014,0.0,0.0,0.0,0.0,0.0,0.0,0.0,2019-03-21
17,hru17,0.0,0.0,0.014,0.0,0.0,0.0,0.0,0.0,0.0,0.0,2019-03-21
18,hru18,0.0,0.0,0.014,0.0,0.0,0.0,0.0,0.0,0.0,0.0,2019-03-21
19,hru19,0.0,0.0,0.014,0.0,0.0,0.0,0.0,0.0,0.0,0.0,2019-03-21
20,hru20,0.0,0.0,0.014,0.0,0.0,0.0,0.0,0.0,0.0,0.0,2019-03-21
21,hru21,0.0,0.0,0.014,0.0,0.0,0.0,0.0,0.0,0.0,0.0,2019-03-21
22,hru22,0.0,0.0,0.014,0.0,0.0,0.0,0.0,0.0,0.0,0.0,2019-03-21
23,hru23,0.0,0.0,0.014,0.0,0.0,0.0,0.0,0.0,0.0,0.0,2019-03-21
24,hru24,0.0,0.0,0.014,0.0,0.0,0.0,0.0,0.0,0.0,0.0,2019-03-21
25,hru25,0.0,0.0,0.014,0.0,0.0,0.0,0.0,0.0,0.0,0.0,2019-03-21
26,hru26,0.0,0.0,0.014,0.0,0.0,0.0,0.0,0.0,0.0,0.0,2019-03-21
27,hru27,0.0,0.0,0.013,0.0,0.0,0.0,0.0,0.0,0.0,0.0,2019-03-21
28,hru28,0.0,0.0,0.013,0.0,0.0,0.0,0.0,0.0,0.0,0.0,2019-03-21
29,hru29,0.0,0.0,0.013,0.0,0.0,0.0,0.0,0.0,0.0,0.0,2019-03-21
30,hru30,0.0,0.0,0.013,0.0,0.0,0.0,0.0,0.0,0.0,0.0,2019-03-21
31,hru31,0.0,0.0,0.013,0.0,0.0,0.0,0.0,0.0,0.0,0.0,2019-03-21
32,hru32,0.0,0.0,0.013,0.0,0.0,0.0,0.0,0.0,0.0,0.0,2019-03-21
33,hru33,0.0,0.0,0.013,0.0,0.0,0.0,0.0,0.0,0.0,0.0,2019-03-21
34,hru34,0.0,0.0,0.013,0.0,0.0,0.0,0.0,0.0,0.0,0.0,2019-03-21
35,hru35,0.0,0.0,0.013,0.0,0.0,0.0,0.0,0.0,0.0,0.0,2019-03-21
36,hru36,0.0,0.0,0.013,0.0,0.0,0.0,0.0,0.0,0.0,0.0,2019-03-21
1,hru01,0.0,0.0,0.014,0.0,0.0,0.0,0.0,0.0,0.0,0.0,2019-03-22
2,hru02,0.0,0.0,0.014,0.0,0.0,0.0,0.0,0.0,0.0,0.0,2019-03-22
3,hru03,0.0,0.0,0.014,0.0,0.0,0.0,0.0,0.0,0.0,0.0,2019-03-22
4,hru04,0.0,0.0,0.014,0.0,0.0,0.0,0.0,0.0,0.0,0.0,2019-03-22
5,hru05,0.0,0.0,0.014,0.0,0.0,0.0,0.0,0.0,0.0,0.0,2019-03-22
6,hru06,0.0,0.0,0.014,0.0,0.0,0.0,0.0,0.0,0.0,0.0,2019-03-22
7,hru07,0.0,0.0,0.014,0.0,0.0,0.0,0.0,0.0,0.0,0.0,2019-03-22
8,hru08,0.0,0.0,0.014,0.0,0.0,0.0,0.0,0.0,0.0,0.0,2019-03-22
9,hru09,0.0,0.0,0.015,0.0,0.0,0.0,0.0,0.0,0.0,0.0,2019-03-22
10,hru10,0.0,0.0,0.015,0.0,0.0,0.0,0.0,0.0,0.0,0.0,2019-03-22
11,hru11,0.0,0.0,0.014,0.0,0.0,0.0,0.0,0.0,0.0,0.0,2019-03-22
12,hru12,0.0,0.0,0.015,0.0,0.0,0.0,0.0,0.0,0.0,0.0,2019-03-22
13,hru13,0.0,0.0,0.015,0.0,0.0,0.0,0.0,0.0,0.0,0.0,2019-03-22
14,hru14,0.0,0.0,0.015,0.0,0.0,0.0,0.0,0.0,0.0,0.0,2019-03-22
15,hru15,0.0,0.0,0.015,0.0,0.0,0.0,0.0,0.0,0.0,0.0,2019-03-22
16,hru16,0.0,0.0,0.015,0.0,0.0,0.0,0.0,0.0,0.0,0.0,2019-03-22
17,hru17,0.0,0.0,0.015,0.0,0.0,0.0,0.0,0.0,0.0,0.0,2019-03-22
18,hru18,0.0,0.0,0.015,0.0,0.0,0.0,0.0,0.0,0.0,0.0,2019-03-22
19,hru19,0.0,0.0,0.016,0.0,0.0,0.0,0.0,0.0,0.0,0.0,2019-03-22
20,hru20,0.0,0.0,0.015,0.0,0.0,0.0,0.0,0.0,0.0,0.0,2019-03-22
21,hru21,0.0,0.0,0.015,0.0,0.0,0.0,0.0,0.0,0.0,0.0,2019-03-22
22,hru22,0.0,0.0,0.015,0.0,0.0,0.0,0.0,0.0,0.0,0.0,2019-03-22
23,hru23,0.0,0.0,0.015,0.0,0.0,0.0,0.0,0.0,0.0,0.0,2019-03-22
24,hru24,0.0,0.0,0.015,0.0,0.0,0.0,0.0,0.0,0.0,0.0,2019-03-22
25,hru25,0.0,0.0,0.015,0.0,0.0,0.0,0.0,0.0,0.0,0.0,2019-03-22
26,hru26,0.0,0.0,0.015,0.0,0.0,0.0,0.0,0.0,0.0,0.0,2019-03-22
27,hru27,0.0,0.0,0.014,0.0,0.0,0.0,0.0,0.0,0.0,0.0,2019-03-22
28,hru28,0.0,0.0,0.014,0.0,0.0,0.0,0.0,0.0,0.0,0.0,2019-03-22
29,hru29,0.0,0.0,0.014,0.0,0.0,0.0,0.0,0.0,0.0,0.0,2019-03-22
30,hru30,0.0,0.0,0.014,0.0,0.0,0.0,0.0,0.0,0.0,0.0,2019-03-22
31,hru31,0.0,0.0,0.014,0.0,0.0,0.0,0.0,0.0,0.0,0.0,2019-03-22
32,hru32,0.0,0.0,0.015,0.0,0.0,0.0,0.0,0.0,0.0,0.0,2019-03-22
33,hru33,0.0,0.0,0.014,0.0,0.0,0.0,0.0,0.0,0.0,0.0,2019-03-22
34,hru34,0.0,0.0,0.014,0.0,0.0,0.0,0.0,0.0,0.0,0.0,2019-03-22
35,hru35,0.0,0.0,0.014,0.0,0.0,0.0,0.0,0.0,0.0,0.0,2019-03-22
36,hru36,0.0,0.0,0.014,0.0,0.0,0.0,0.0,0.0,0.0,0.0,2019-03-22
1,hru01,0.0,0.0,0.015,0.0,0.0,0.0,0.0,0.0,0.0,0.0,2019-03-23
2,hru02,0.0,0.0,0.016,0.0,0.0,0.0,0.0,0.0,0.0,0.0,2019-03-23
3,hru03,0.0,0.0,0.015,0.0,0.0,0.0,0.0,0.0,0.0,0.0,2019-03-23
4,hru04,0.0,0.0,0.015,0.0,0.0,0.0,0.0,0.0,0.0,0.0,2019-03-23
5,hru05,0.0,0.0,0.016,0.0,0.0,0.0,0.0,0.0,0.0,0.0,2019-03-23
6,hru06,0.0,0.0,0.016,0.0,0.0,0.0,0.0,0.0,0.0,0.0,2019-03-23
7,hru07,0.0,0.0,0.016,0.0,0.0,0.0,0.0,0.0,0.0,0.0,2019-03-23
8,hru08,0.0,0.0,0.015,0.0,0.0,0.0,0.0,0.0,0.0,0.0,2019-03-23
9,hru09,0.0,0.0,0.016,0.0,0.0,0.0,0.0,0.0,0.0,0.0,2019-03-23
10,hru10,0.0,0.0,0.016,0.0,0.0,0.0,0.0,0.0,0.0,0.0,2019-03-23
11,hru11,0.0,0.0,0.016,0.0,0.0,0.0,0.0,0.0,0.0,0.0,2019-03-23
12,hru12,0.0,0.0,0.016,0.0,0.0,0.0,0.0,0.0,0.0,0.0,2019-03-23
13,hru13,0.0,0.0,0.016,0.0,0.0,0.0,0.0,0.0,0.0,0.0,2019-03-23
14,hru14,0.0,0.0,0.016,0.0,0.0,0.0,0.0,0.0,0.0,0.0,2019-03-23
15,hru15,0.0,0.0,0.017,0.0,0.0,0.0,0.0,0.0,0.0,0.0,2019-03-23
16,hru16,0.0,0.0,0.017,0.0,0.0,0.0,0.0,0.0,0.0,0.0,2019-03-23
17,hru17,0.0,0.0,0.017,0.0,0.0,0.0,0.0,0.0,0.0,0.0,2019-03-23
18,hru18,0.0,0.0,0.017,0.0,0.0,0.0,0.0,0.0,0.0,0.0,2019-03-23
19,hru19,0.0,0.0,0.017,0.0,0.0,0.0,0.0,0.0,0.0,0.0,2019-03-23
20,hru20,0.0,0.0,0.016,0.0,0.0,0.0,0.0,0.0,0.0,0.0,2019-03-23
21,hru21,0.0,0.0,0.017,0.0,0.0,0.0,0.0,0.0,0.0,0.0,2019-03-23
22,hru22,0.0,0.0,0.017,0.0,0.0,0.0,0.0,0.0,0.0,0.0,2019-03-23
23,hru23,0.0,0.0,0.017,0.0,0.0,0.0,0.0,0.0,0.0,0.0,2019-03-23
24,hru24,0.0,0.0,0.016,0.0,0.0,0.0,0.0,0.0,0.0,0.0,2019-03-23
25,hru25,0.0,0.0,0.016,0.0,0.0,0.0,0.0,0.0,0.0,0.0,2019-03-23
26,hru26,0.0,0.0,0.016,0.0,0.0,0.0,0.0,0.0,0.0,0.0,2019-03-23
27,hru27,0.0,0.0,0.016,0.0,0.0,0.0,0.0,0.0,0.0,0.0,2019-03-23
28,hru28,0.0,0.0,0.016,0.0,0.0,0.0,0.0,0.0,0.0,0.0,2019-03-23
29,hru29,0.0,0.0,0.016,0.0,0.0,0.0,0.0,0.0,0.0,0.0,2019-03-23
30,hru30,0.0,0.0,0.016,0.0,0.0,0.0,0.0,0.0,0.0,0.0,2019-03-23
31,hru31,0.0,0.0,0.015,0.0,0.0,0.0,0.0,0.0,0.0,0.0,2019-03-23
32,hru32,0.0,0.0,0.016,0.0,0.0,0.0,0.0,0.0,0.0,0.0,2019-03-23
33,hru33,0.0,0.0,0.016,0.0,0.0,0.0,0.0,0.0,0.0,0.0,2019-03-23
34,hru34,0.0,0.0,0.016,0.0,0.0,0.0,0.0,0.0,0.0,0.0,2019-03-23
35,hru35,0.0,0.0,0.016,0.0,0.0,0.0,0.0,0.0,0.0,0.0,2019-03-23
36,hru36,0.0,0.0,0.016,0.0,0.0,0.0,0.0,0.0,0.0,0.0,2019-03-23
1,hru01,0.0,0.0,0.017,0.0,0.0,0.0,0.0,0.0,0.0,0.0,2019-03-24
2,hru02,0.0,0.0,0.017,0.0,0.0,0.0,0.0,0.0,0.0,0.0,2019-03-24
3,hru03,0.0,0.0,0.017,0.0,0.0,0.0,0.0,0.0,0.0,0.0,2019-03-24
4,hru04,0.0,0.0,0.017,0.0,0.0,0.0,0.0,0.0,0.0,0.0,2019-03-24
5,hru05,0.0,0.0,0.017,0.0,0.0,0.0,0.0,0.0,0.0,0.0,2019-03-24
6,hru06,0.0,0.0,0.017,0.0,0.0,0.0,0.0,0.0,0.0,0.0,2019-03-24
7,hru07,0.0,0.0,0.017,0.0,0.0,0.0,0.0,0.0,0.0,0.0,2019-03-24
8,hru08,0.0,0.0,0.017,0.0,0.0,0.0,0.0,0.0,0.0,0.0,2019-03-24
9,hru09,0.0,0.0,0.017,0.0,0.0,0.0,0.0,0.0,0.0,0.0,2019-03-24
10,hru10,0.0,0.0,0.017,0.0,0.0,0.0,0.0,0.0,0.0,0.0,2019-03-24
11,hru11,0.0,0.0,0.017,0.0,0.0,0.0,0.0,0.0,0.0,0.0,2019-03-24
12,hru12,0.0,0.0,0.017,0.0,0.0,0.0,0.0,0.0,0.0,0.0,2019-03-24
13,hru13,0.0,0.0,0.017,0.0,0.0,0.0,0.0,0.0,0.0,0.0,2019-03-24
14,hru14,0.0,0.0,0.017,0.0,0.0,0.0,0.0,0.0,0.0,0.0,2019-03-24
15,hru15,0.0,0.0,0.018,0.0,0.0,0.0,0.0,0.0,0.0,0.0,2019-03-24
16,hru16,0.0,0.0,0.018,0.0,0.0,0.0,0.0,0.0,0.0,0.0,2019-03-24
17,hru17,0.0,0.0,0.018,0.0,0.0,0.0,0.0,0.0,0.0,0.0,2019-03-24
18,hru18,0.0,0.0,0.018,0.0,0.0,0.0,0.0,0.0,0.0,0.0,2019-03-24
19,hru19,0.0,0.0,0.018,0.0,0.0,0.0,0.0,0.0,0.0,0.0,2019-03-24
20,hru20,0.0,0.0,0.017,0.0,0.0,0.0,0.0,0.0,0.0,0.0,2019-03-24
21,hru21,0.0,0.0,0.018,0.0,0.0,0.0,0.0,0.0,0.0,0.0,2019-03-24
22,hru22,0.0,0.0,0.018,0.0,0.0,0.0,0.0,0.0,0.0,0.0,2019-03-24
23,hru23,0.0,0.0,0.018,0.0,0.0,0.0,0.0,0.0,0.0,0.0,2019-03-24
24,hru24,0.0,0.0,0.018,0.0,0.0,0.0,0.0,0.0,0.0,0.0,2019-03-24
25,hru25,0.0,0.0,0.017,0.0,0.0,0.0,0.0,0.0,0.0,0.0,2019-03-24
26,hru26,0.0,0.0,0.017,0.0,0.0,0.0,0.0,0.0,0.0,0.0,2019-03-24
27,hru27,0.0,0.0,0.017,0.0,0.0,0.0,0.0,0.0,0.0,0.0,2019-03-24
28,hru28,0.0,0.0,0.017,0.0,0.0,0.0,0.0,0.0,0.0,0.0,2019-03-24
29,hru29,0.0,0.0,0.017,0.0,0.0,0.0,0.0,0.0,0.0,0.0,2019-03-24
30,hru30,0.0,0.0,0.017,0.0,0.0,0.0,0.0,0.0,0.0,0.0,2019-03-24
31,hru31,0.0,0.0,0.017,0.0,0.0,0.0,0.0,0.0,0.0,0.0,2019-03-24
32,hru32,0.0,0.0,0.017,0.0,0.0,0.0,0.0,0.0,0.0,0.0,2019-03-24
33,hru33,0.0,0.0,0.017,0.0,0.0,0.0,0.0,0.0,0.0,0.0,2019-03-24
34,hru34,0.0,0.0,0.017,0.0,0.0,0.0,0.0,0.0,0.0,0.0,2019-03-24
35,hru35,0.0,0.0,0.017,0.0,0.0,0.0,0.0,0.0,0.0,0.0,2019-03-24
36,hru36,0.0,0.0,0.017,0.0,0.0,0.0,0.0,0.0,0.0,0.0,2019-03-24
1,hru01,0.0,0.0,0.018,0.0,0.0,0.0,0.0,0.0,0.0,0.0,2019-03-25
2,hru02,0.0,0.0,0.018,0.0,0.0,0.0,0.0,0.0,0.0,0.0,2019-03-25
3,hru03,0.0,0.0,0.017,0.0,0.0,0.0,0.0,0.0,0.0,0.0,2019-03-25
4,hru04,0.0,0.0,0.017,0.0,0.0,0.0,0.0,0.0,0.0,0.0,2019-03-25
5,hru05,0.0,0.0,0.018,0.0,0.0,0.0,0.0,0.0,0.0,0.0,2019-03-25
6,hru06,0.0,0.0,0.018,0.0,0.0,0.0,0.0,0.0,0.0,0.0,2019-03-25
7,hru07,0.0,0.0,0.018,0.0,0.0,0.0,0.0,0.0,0.0,0.0,2019-03-25
8,hru08,0.0,0.0,0.017,0.0,0.0,0.0,0.0,0.0,0.0,0.0,2019-03-25
9,hru09,0.0,0.0,0.018,0.0,0.0,0.0,0.0,0.0,0.0,0.0,2019-03-25
10,hru10,0.0,0.0,0.018,0.0,0.0,0.0,0.0,0.0,0.0,0.0,2019-03-25
11,hru11,0.0,0.0,0.018,0.0,0.0,0.0,0.0,0.0,0.0,0.0,2019-03-25
12,hru12,0.0,0.0,0.018,0.0,0.0,0.0,0.0,0.0,0.0,0.0,2019-03-25
13,hru13,0.0,0.0,0.018,0.0,0.0,0.0,0.0,0.0,0.0,0.0,2019-03-25
14,hru14,0.0,0.0,0.018,0.0,0.0,0.0,0.0,0.0,0.0,0.0,2019-03-25
15,hru15,0.0,0.0,0.019,0.0,0.0,0.0,0.0,0.0,0.0,0.0,2019-03-25
16,hru16,0.0,0.0,0.019,0.0,0.0,0.0,0.0,0.0,0.0,0.0,2019-03-25
17,hru17,0.0,0.0,0.019,0.0,0.0,0.0,0.0,0.0,0.0,0.0,2019-03-25
18,hru18,0.0,0.0,0.019,0.0,0.0,0.0,0.0,0.0,0.0,0.0,2019-03-25
19,hru19,0.0,0.0,0.019,0.0,0.0,0.0,0.0,0.0,0.0,0.0,2019-03-25
20,hru20,0.0,0.0,0.018,0.0,0.0,0.0,0.0,0.0,0.0,0.0,2019-03-25
21,hru21,0.0,0.0,0.019,0.0,0.0,0.0,0.0,0.0,0.0,0.0,2019-03-25
22,hru22,0.0,0.0,0.019,0.0,0.0,0.0,0.0,0.0,0.0,0.0,2019-03-25
23,hru23,0.0,0.0,0.019,0.0,0.0,0.0,0.0,0.0,0.0,0.0,2019-03-25
24,hru24,0.0,0.0,0.019,0.0,0.0,0.0,0.0,0.0,0.0,0.0,2019-03-25
25,hru25,0.0,0.0,0.018,0.0,0.0,0.0,0.0,0.0,0.0,0.0,2019-03-25
26,hru26,0.0,0.0,0.018,0.0,0.0,0.0,0.0,0.0,0.0,0.0,2019-03-25
27,hru27,0.0,0.0,0.018,0.0,0.0,0.0,0.0,0.0,0.0,0.0,2019-03-25
28,hru28,0.0,0.0,0.018,0.0,0.0,0.0,0.0,0.0,0.0,0.0,2019-03-25
29,hru29,0.0,0.0,0.018,0.0,0.0,0.0,0.0,0.0,0.0,0.0,2019-03-25
30,hru30,0.0,0.0,0.018,0.0,0.0,0.0,0.0,0.0,0.0,0.0,2019-03-25
31,hru31,0.0,0.0,0.018,0.0,0.0,0.0,0.0,0.0,0.0,0.0,2019-03-25
32,hru32,0.0,0.0,0.018,0.0,0.0,0.0,0.0,0.0,0.0,0.0,2019-03-25
33,hru33,0.0,0.0,0.018,0.0,0.0,0.0,0.0,0.0,0.0,0.0,2019-03-25
34,hru34,0.0,0.0,0.018,0.0,0.0,0.0,0.0,0.0,0.0,0.0,2019-03-25
35,hru35,0.0,0.0,0.018,0.0,0.0,0.0,0.0,0.0,0.0,0.0,2019-03-25
36,hru36,0.0,0.0,0.018,0.0,0.0,0.0,0.0,0.0,0.0,0.0,2019-03-25
1,hru01,0.0,0.0,0.019,0.0,0.0,0.0,0.0,0.0,0.0,0.0,2019-03-26
2,hru02,0.0,0.0,0.019,0.0,0.0,0.0,0.0,0.0,0.0,0.0,2019-03-26
3,hru03,0.0,0.0,0.019,0.0,0.0,0.0,0.0,0.0,0.0,0.0,2019-03-26
4,hru04,0.0,0.0,0.019,0.0,0.0,0.0,0.0,0.0,0.0,0.0,2019-03-26
5,hru05,0.0,0.0,0.019,0.0,0.0,0.0,0.0,0.0,0.0,0.0,2019-03-26
6,hru06,0.0,0.0,0.019,0.0,0.0,0.0,0.0,0.0,0.0,0.0,2019-03-26
7,hru07,0.0,0.0,0.019,0.0,0.0,0.0,0.0,0.0,0.0,0.0,2019-03-26
8,hru08,0.0,0.0,0.019,0.0,0.0,0.0,0.0,0.0,0.0,0.0,2019-03-26
9,hru09,0.0,0.0,0.02,0.0,0.0,0.0,0.0,0.0,0.0,0.0,2019-03-26
10,hru10,0.0,0.0,0.02,0.0,0.0,0.0,0.0,0.0,0.0,0.0,2019-03-26
11,hru11,0.0,0.0,0.019,0.0,0.0,0.0,0.0,0.0,0.0,0.0,2019-03-26
12,hru12,0.0,0.0,0.02,0.0,0.0,0.0,0.0,0.0,0.0,0.0,2019-03-26
13,hru13,0.0,0.0,0.02,0.0,0.0,0.0,0.0,0.0,0.0,0.0,2019-03-26
14,hru14,0.0,0.0,0.02,0.0,0.0,0.0,0.0,0.0,0.0,0.0,2019-03-26
15,hru15,0.0,0.0,0.02,0.0,0.0,0.0,0.0,0.0,0.0,0.0,2019-03-26
16,hru16,0.0,0.0,0.02,0.0,0.0,0.0,0.0,0.0,0.0,0.0,2019-03-26
17,hru17,0.0,0.0,0.02,0.0,0.0,0.0,0.0,0.0,0.0,0.0,2019-03-26
18,hru18,0.0,0.0,0.02,0.0,0.0,0.0,0.0,0.0,0.0,0.0,2019-03-26
19,hru19,0.0,0.0,0.021,0.0,0.0,0.0,0.0,0.0,0.0,0.0,2019-03-26
20,hru20,0.0,0.0,0.02,0.0,0.0,0.0,0.0,0.0,0.0,0.0,2019-03-26
21,hru21,0.0,0.0,0.02,0.0,0.0,0.0,0.0,0.0,0.0,0.0,2019-03-26
22,hru22,0.0,0.0,0.02,0.0,0.0,0.0,0.0,0.0,0.0,0.0,2019-03-26
23,hru23,0.0,0.0,0.02,0.0,0.0,0.0,0.0,0.0,0.0,0.0,2019-03-26
24,hru24,0.0,0.0,0.02,0.0,0.0,0.0,0.0,0.0,0.0,0.0,2019-03-26
25,hru25,0.0,0.0,0.02,0.0,0.0,0.0,0.0,0.0,0.0,0.0,2019-03-26
26,hru26,0.0,0.0,0.02,0.0,0.0,0.0,0.0,0.0,0.0,0.0,2019-03-26
27,hru27,0.0,0.0,0.019,0.0,0.0,0.0,0.0,0.0,0.0,0.0,2019-03-26
28,hru28,0.0,0.0,0.019,0.0,0.0,0.0,0.0,0.0,0.0,0.0,2019-03-26
29,hru29,0.0,0.0,0.019,0.0,0.0,0.0,0.0,0.0,0.0,0.0,2019-03-26
30,hru30,0.0,0.0,0.019,0.0,0.0,0.0,0.0,0.0,0.0,0.0,2019-03-26
31,hru31,0.0,0.0,0.019,0.0,0.0,0.0,0.0,0.0,0.0,0.0,2019-03-26
32,hru32,0.0,0.0,0.02,0.0,0.0,0.0,0.0,0.0,0.0,0.0,2019-03-26
33,hru33,0.0,0.0,0.019,0.0,0.0,0.0,0.0,0.0,0.0,0.0,2019-03-26
34,hru34,0.0,0.0,0.019,0.0,0.0,0.0,0.0,0.0,0.0,0.0,2019-03-26
35,hru35,0.0,0.0,0.019,0.0,0.0,0.0,0.0,0.0,0.0,0.0,2019-03-26
36,hru36,0.0,0.0,0.019,0.0,0.0,0.0,0.0,0.0,0.0,0.0,2019-03-26
1,hru01,0.0,0.0,0.022,0.0,0.0,0.0,0.0,0.0,0.0,0.0,2019-03-27
2,hru02,0.0,0.0,0.022,0.0,0.0,0.0,0.0,0.0,0.0,0.0,2019-03-27
3,hru03,0.0,0.0,0.022,0.0,0.0,0.0,0.0,0.0,0.0,0.0,2019-03-27
4,hru04,0.0,0.0,0.022,0.0,0.0,0.0,0.0,0.0,0.0,0.0,2019-03-27
5,hru05,0.0,0.0,0.022,0.0,0.0,0.0,0.0,0.0,0.0,0.0,2019-03-27
6,hru06,0.0,0.0,0.022,0.0,0.0,0.0,0.0,0.0,0.0,0.0,2019-03-27
7,hru07,0.0,0.0,0.022,0.0,0.0,0.0,0.0,0.0,0.0,0.0,2019-03-27
8,hru08,0.0,0.0,0.022,0.0,0.0,0.0,0.0,0.0,0.0,0.0,2019-03-27
9,hru09,0.0,0.0,0.023,0.0,0.0,0.0,0.0,0.0,0.0,0.0,2019-03-27
10,hru10,0.0,0.0,0.023,0.0,0.0,0.0,0.0,0.0,0.0,0.0,2019-03-27
11,hru11,0.0,0.0,0.022,0.0,0.0,0.0,0.0,0.0,0.0,0.0,2019-03-27
12,hru12,0.0,0.0,0.023,0.0,0.0,0.0,0.0,0.0,0.0,0.0,2019-03-27
13,hru13,0.0,0.0,0.023,0.0,0.0,0.0,0.0,0.0,0.0,0.0,2019-03-27
14,hru14,0.0,0.0,0.023,0.0,0.0,0.0,0.0,0.0,0.0,0.0,2019-03-27
15,hru15,0.0,0.0,0.024,0.0,0.0,0.0,0.0,0.0,0.0,0.0,2019-03-27
16,hru16,0.0,0.0,0.023,0.0,0.0,0.0,0.0,0.0,0.0,0.0,2019-03-27
17,hru17,0.0,0.0,0.023,0.0,0.0,0.0,0.0,0.0,0.0,0.0,2019-03-27
18,hru18,0.0,0.0,0.023,0.0,0.0,0.0,0.0,0.0,0.0,0.0,2019-03-27
19,hru19,0.0,0.0,0.024,0.0,0.0,0.0,0.0,0.0,0.0,0.0,2019-03-27
20,hru20,0.0,0.0,0.023,0.0,0.0,0.0,0.0,0.0,0.0,0.0,2019-03-27
21,hru21,0.0,0.0,0.024,0.0,0.0,0.0,0.0,0.0,0.0,0.0,2019-03-27
22,hru22,0.0,0.0,0.023,0.0,0.0,0.0,0.0,0.0,0.0,0.0,2019-03-27
23,hru23,0.0,0.0,0.023,0.0,0.0,0.0,0.0,0.0,0.0,0.0,2019-03-27
24,hru24,0.0,0.0,0.023,0.0,0.0,0.0,0.0,0.0,0.0,0.0,2019-03-27
25,hru25,0.0,0.0,0.023,0.0,0.0,0.0,0.0,0.0,0.0,0.0,2019-03-27
26,hru26,0.0,0.0,0.023,0.0,0.0,0.0,0.0,0.0,0.0,0.0,2019-03-27
27,hru27,0.0,0.0,0.022,0.0,0.0,0.0,0.0,0.0,0.0,0.0,2019-03-27
28,hru28,0.0,0.0,0.022,0.0,0.0,0.0,0.0,0.0,0.0,0.0,2019-03-27
29,hru29,0.0,0.0,0.023,0.0,0.0,0.0,0.0,0.0,0.0,0.0,2019-03-27
30,hru30,0.0,0.0,0.022,0.0,0.0,0.0,0.0,0.0,0.0,0.0,2019-03-27
31,hru31,0.0,0.0,0.022,0.0,0.0,0.0,0.0,0.0,0.0,0.0,2019-03-27
32,hru32,0.0,0.0,0.023,0.0,0.0,0.0,0.0,0.0,0.0,0.0,2019-03-27
33,hru33,0.0,0.0,0.022,0.0,0.0,0.0,0.0,0.0,0.0,0.0,2019-03-27
34,hru34,0.0,0.0,0.022,0.0,0.0,0.0,0.0,0.0,0.0,0.0,2019-03-27
35,hru35,0.0,0.0,0.022,0.0,0.0,0.0,0.0,0.0,0.0,0.0,2019-03-27
36,hru36,0.0,0.0,0.022,0.0,0.0,0.0,0.0,0.0,0.0,0.0,2019-03-27
1,hru01,0.0,0.0,0.024,0.0,0.0,0.0,0.0,0.0,0.0,0.0,2019-03-28
2,hru02,0.0,0.0,0.024,0.0,0.0,0.0,0.0,0.0,0.0,0.0,2019-03-28
3,hru03,0.0,0.0,0.024,0.0,0.0,0.0,0.0,0.0,0.0,0.0,2019-03-28
4,hru04,0.0,0.0,0.024,0.0,0.0,0.0,0.0,0.0,0.0,0.0,2019-03-28
5,hru05,0.0,0.0,0.024,0.0,0.0,0.0,0.0,0.0,0.0,0.0,2019-03-28
6,hru06,0.0,0.0,0.024,0.0,0.0,0.0,0.0,0.0,0.0,0.0,2019-03-28
7,hru07,0.0,0.0,0.024,0.0,0.0,0.0,0.0,0.0,0.0,0.0,2019-03-28
8,hru08,0.0,0.0,0.024,0.0,0.0,0.0,0.0,0.0,0.0,0.0,2019-03-28
9,hru09,0.0,0.0,0.024,0.0,0.0,0.0,0.0,0.0,0.0,0.0,2019-03-28
10,hru10,0.0,0.0,0.024,0.0,0.0,0.0,0.0,0.0,0.0,0.0,2019-03-28
11,hru11,0.0,0.0,0.024,0.0,0.0,0.0,0.0,0.0,0.0,0.0,2019-03-28
12,hru12,0.0,0.0,0.025,0.0,0.0,0.0,0.0,0.0,0.0,0.0,2019-03-28
13,hru13,0.0,0.0,0.025,0.0,0.0,0.0,0.0,0.0,0.0,0.0,2019-03-28
14,hru14,0.0,0.0,0.025,0.0,0.0,0.0,0.0,0.0,0.0,0.0,2019-03-28
15,hru15,0.0,0.0,0.025,0.0,0.0,0.0,0.0,0.0,0.0,0.0,2019-03-28
16,hru16,0.0,0.0,0.025,0.0,0.0,0.0,0.0,0.0,0.0,0.0,2019-03-28
17,hru17,0.0,0.0,0.025,0.0,0.0,0.0,0.0,0.0,0.0,0.0,2019-03-28
18,hru18,0.0,0.0,0.025,0.0,0.0,0.0,0.0,0.0,0.0,0.0,2019-03-28
19,hru19,0.0,0.0,0.026,0.0,0.0,0.0,0.0,0.0,0.0,0.0,2019-03-28
20,hru20,0.0,0.0,0.025,0.0,0.0,0.0,0.0,0.0,0.0,0.0,2019-03-28
21,hru21,0.0,0.0,0.025,0.0,0.0,0.0,0.0,0.0,0.0,0.0,2019-03-28
22,hru22,0.0,0.0,0.025,0.0,0.0,0.0,0.0,0.0,0.0,0.0,2019-03-28
23,hru23,0.0,0.0,0.025,0.0,0.0,0.0,0.0,0.0,0.0,0.0,2019-03-28
24,hru24,0.0,0.0,0.025,0.0,0.0,0.0,0.0,0.0,0.0,0.0,2019-03-28
25,hru25,0.0,0.0,0.025,0.0,0.0,0.0,0.0,0.0,0.0,0.0,2019-03-28
26,hru26,0.0,0.0,0.025,0.0,0.0,0.0,0.0,0.0,0.0,0.0,2019-03-28
27,hru27,0.0,0.0,0.024,0.0,0.0,0.0,0.0,0.0,0.0,0.0,2019-03-28
28,hru28,0.0,0.0,0.024,0.0,0.0,0.0,0.0,0.0,0.0,0.0,2019-03-28
29,hru29,0.0,0.0,0.024,0.0,0.0,0.0,0.0,0.0,0.0,0.0,2019-03-28
30,hru30,0.0,0.0,0.024,0.0,0.0,0.0,0.0,0.0,0.0,0.0,2019-03-28
31,hru31,0.0,0.0,0.024,0.0,0.0,0.0,0.0,0.0,0.0,0.0,2019-03-28
32,hru32,0.0,0.0,0.025,0.0,0.0,0.0,0.0,0.0,0.0,0.0,2019-03-28
33,hru33,0.0,0.0,0.024,0.0,0.0,0.0,0.0,0.0,0.0,0.0,2019-03-28
34,hru34,0.0,0.0,0.024,0.0,0.0,0.0,0.0,0.0,0.0,0.0,2019-03-28
35,hru35,0.0,0.0,0.024,0.0,0.0,0.0,0.0,0.0,0.0,0.0,2019-03-28
36,hru36,0.0,0.0,0.024,0.0,0.0,0.0,0.0,0.0,0.0,0.0,2019-03-28
1,hru01,0.0,0.0,0.025,0.0,0.0,0.0,0.0,0.0,0.0,0.0,2019-03-29
2,hru02,0.0,0.0,0.025,0.0,0.0,0.0,0.0,0.0,0.0,0.0,2019-03-29
3,hru03,0.0,0.0,0.025,0.0,0.0,0.0,0.0,0.0,0.0,0.0,2019-03-29
4,hru04,0.0,0.0,0.025,0.0,0.0,0.0,0.0,0.0,0.0,0.0,2019-03-29
5,hru05,0.0,0.0,0.025,0.0,0.0,0.0,0.0,0.0,0.0,0.0,2019-03-29
6,hru06,0.0,0.0,0.025,0.0,0.0,0.0,0.0,0.0,0.0,0.0,2019-03-29
7,hru07,0.0,0.0,0.026,0.0,0.0,0.0,0.0,0.0,0.0,0.0,2019-03-29
8,hru08,0.0,0.0,0.025,0.0,0.0,0.0,0.0,0.0,0.0,0.0,2019-03-29
9,hru09,0.0,0.0,0.026,0.0,0.0,0.0,0.0,0.0,0.0,0.0,2019-03-29
10,hru10,0.0,0.0,0.026,0.0,0.0,0.0,0.0,0.0,0.0,0.0,2019-03-29
11,hru11,0.0,0.0,0.026,0.0,0.0,0.0,0.0,0.0,0.0,0.0,2019-03-29
12,hru12,0.0,0.0,0.026,0.0,0.0,0.0,0.0,0.0,0.0,0.0,2019-03-29
13,hru13,0.0,0.0,0.026,0.0,0.0,0.0,0.0,0.0,0.0,0.0,2019-03-29
14,hru14,0.0,0.0,0.026,0.0,0.0,0.0,0.0,0.0,0.0,0.0,2019-03-29
15,hru15,0.0,0.0,0.027,0.0,0.0,0.0,0.0,0.0,0.0,0.0,2019-03-29
16,hru16,0.0,0.0,0.026,0.0,0.0,0.0,0.0,0.0,0.0,0.0,2019-03-29
17,hru17,0.0,0.0,0.027,0.0,0.0,0.0,0.0,0.0,0.0,0.0,2019-03-29
18,hru18,0.0,0.0,0.027,0.0,0.0,0.0,0.0,0.0,0.0,0.0,2019-03-29
19,hru19,0.0,0.0,0.027,0.0,0.0,0.0,0.0,0.0,0.0,0.0,2019-03-29
20,hru20,0.0,0.0,0.026,0.0,0.0,0.0,0.0,0.0,0.0,0.0,2019-03-29
21,hru21,0.0,0.0,0.027,0.0,0.0,0.0,0.0,0.0,0.0,0.0,2019-03-29
22,hru22,0.0,0.0,0.027,0.0,0.0,0.0,0.0,0.0,0.0,0.0,2019-03-29
23,hru23,0.0,0.0,0.027,0.0,0.0,0.0,0.0,0.0,0.0,0.0,2019-03-29
24,hru24,0.0,0.0,0.027,0.0,0.0,0.0,0.0,0.0,0.0,0.0,2019-03-29
25,hru25,0.0,0.0,0.026,0.0,0.0,0.0,0.0,0.0,0.0,0.0,2019-03-29
26,hru26,0.0,0.0,0.026,0.0,0.0,0.0,0.0,0.0,0.0,0.0,2019-03-29
27,hru27,0.0,0.0,0.026,0.0,0.0,0.0,0.0,0.0,0.0,0.0,2019-03-29
28,hru28,0.0,0.0,0.026,0.0,0.0,0.0,0.0,0.0,0.0,0.0,2019-03-29
29,hru29,0.0,0.0,0.026,0.0,0.0,0.0,0.0,0.0,0.0,0.0,2019-03-29
30,hru30,0.0,0.0,0.026,0.0,0.0,0.0,0.0,0.0,0.0,0.0,2019-03-29
31,hru31,0.0,0.0,0.025,0.0,0.0,0.0,0.0,0.0,0.0,0.0,2019-03-29
32,hru32,0.0,0.0,0.026,0.0,0.0,0.0,0.0,0.0,0.0,0.0,2019-03-29
33,hru33,0.0,0.0,0.026,0.0,0.0,0.0,0.0,0.0,0.0,0.0,2019-03-29
34,hru34,0.0,0.0,0.026,0.0,0.0,0.0,0.0,0.0,0.0,0.0,2019-03-29
35,hru35,0.0,0.0,0.025,0.0,0.0,0.0,0.0,0.0,0.0,0.0,2019-03-29
36,hru36,0.0,0.0,0.026,0.0,0.0,0.0,0.0,0.0,0.0,0.0,2019-03-29
1,hru01,0.0,0.0,0.025,0.0,0.0,0.0,0.0,0.0,0.0,0.0,2019-03-30
2,hru02,0.0,0.0,0.025,0.0,0.0,0.0,0.0,0.0,0.0,0.0,2019-03-30
3,hru03,0.0,0.0,0.025,0.0,0.0,0.0,0.0,0.0,0.0,0.0,2019-03-30
4,hru04,0.0,0.0,0.025,0.0,0.0,0.0,0.0,0.0,0.0,0.0,2019-03-30
5,hru05,0.0,0.0,0.025,0.0,0.0,0.0,0.0,0.0,0.0,0.0,2019-03-30
6,hru06,0.0,0.0,0.025,0.0,0.0,0.0,0.0,0.0,0.0,0.0,2019-03-30
7,hru07,0.0,0.0,0.026,0.0,0.0,0.0,0.0,0.0,0.0,0.0,2019-03-30
8,hru08,0.0,0.0,0.025,0.0,0.0,0.0,0.0,0.0,0.0,0.0,2019-03-30
9,hru09,0.0,0.0,0.026,0.0,0.0,0.0,0.0,0.0,0.0,0.0,2019-03-30
10,hru10,0.0,0.0,0.026,0.0,0.0,0.0,0.0,0.0,0.0,0.0,2019-03-30
11,hru11,0.0,0.0,0.026,0.0,0.0,0.0,0.0,0.0,0.0,0.0,2019-03-30
12,hru12,0.0,0.0,0.026,0.0,0.0,0.0,0.0,0.0,0.0,0.0,2019-03-30
13,hru13,0.0,0.0,0.026,0.0,0.0,0.0,0.0,0.0,0.0,0.0,2019-03-30
14,hru14,0.0,0.0,0.026,0.0,0.0,0.0,0.0,0.0,0.0,0.0,2019-03-30
15,hru15,0.0,0.0,0.027,0.0,0.0,0.0,0.0,0.0,0.0,0.0,2019-03-30
16,hru16,0.0,0.0,0.026,0.0,0.0,0.0,0.0,0.0,0.0,0.0,2019-03-30
17,hru17,0.0,0.0,0.027,0.0,0.0,0.0,0.0,0.0,0.0,0.0,2019-03-30
18,hru18,0.0,0.0,0.027,0.0,0.0,0.0,0.0,0.0,0.0,0.0,2019-03-30
19,hru19,0.0,0.0,0.027,0.0,0.0,0.0,0.0,0.0,0.0,0.0,2019-03-30
20,hru20,0.0,0.0,0.026,0.0,0.0,0.0,0.0,0.0,0.0,0.0,2019-03-30
21,hru21,0.0,0.0,0.027,0.0,0.0,0.0,0.0,0.0,0.0,0.0,2019-03-30
22,hru22,0.0,0.0,0.027,0.0,0.0,0.0,0.0,0.0,0.0,0.0,2019-03-30
23,hru23,0.0,0.0,0.027,0.0,0.0,0.0,0.0,0.0,0.0,0.0,2019-03-30
24,hru24,0.0,0.0,0.027,0.0,0.0,0.0,0.0,0.0,0.0,0.0,2019-03-30
25,hru25,0.0,0.0,0.026,0.0,0.0,0.0,0.0,0.0,0.0,0.0,2019-03-30
26,hru26,0.0,0.0,0.026,0.0,0.0,0.0,0.0,0.0,0.0,0.0,2019-03-30
27,hru27,0.0,0.0,0.026,0.0,0.0,0.0,0.0,0.0,0.0,0.0,2019-03-30
28,hru28,0.0,0.0,0.026,0.0,0.0,0.0,0.0,0.0,0.0,0.0,2019-03-30
29,hru29,0.0,0.0,0.026,0.0,0.0,0.0,0.0,0.0,0.0,0.0,2019-03-30
30,hru30,0.0,0.0,0.026,0.0,0.0,0.0,0.0,0.0,0.0,0.0,2019-03-30
31,hru31,0.0,0.0,0.025,0.0,0.0,0.0,0.0,0.0,0.0,0.0,2019-03-30
32,hru32,0.0,0.0,0.026,0.0,0.0,0.0,0.0,0.0,0.0,0.0,2019-03-30
33,hru33,0.0,0.0,0.026,0.0,0.0,0.0,0.0,0.0,0.0,0.0,2019-03-30
34,hru34,0.0,0.0,0.026,0.0,0.0,0.0,0.0,0.0,0.0,0.0,2019-03-30
35,hru35,0.0,0.0,0.025,0.0,0.0,0.0,0.0,0.0,0.0,0.0,2019-03-30
36,hru36,0.0,0.0,0.026,0.0,0.0,0.0,0.0,0.0,0.0,0.0,2019-03-30
1,hru01,0.0,0.0,0.025,0.0,0.0,0.0,0.0,0.0,0.0,0.0,2019-03-31
2,hru02,0.0,0.0,0.026,0.0,0.0,0.0,0.0,0.0,0.0,0.0,2019-03-31
3,hru03,0.0,0.0,0.025,0.0,0.0,0.0,0.0,0.0,0.0,0.0,2019-03-31
4,hru04,0.0,0.0,0.025,0.0,0.0,0.0,0.0,0.0,0.0,0.0,2019-03-31
5,hru05,0.0,0.0,0.025,0.0,0.0,0.0,0.0,0.0,0.0,0.0,2019-03-31
6,hru06,0.0,0.0,0.025,0.0,0.0,0.0,0.0,0.0,0.0,0.0,2019-03-31
7,hru07,0.0,0.0,0.026,0.0,0.0,0.0,0.0,0.0,0.0,0.0,2019-03-31
8,hru08,0.0,0.0,0.025,0.0,0.0,0.0,0.0,0.0,0.0,0.0,2019-03-31
9,hru09,0.0,0.0,0.026,0.0,0.0,0.0,0.0,0.0,0.0,0.0,2019-03-31
10,hru10,0.0,0.0,0.026,0.0,0.0,0.0,0.0,0.0,0.0,0.0,2019-03-31
11,hru11,0.0,0.0,0.026,0.0,0.0,0.0,0.0,0.0,0.0,0.0,2019-03-31
12,hru12,0.0,0.0,0.026,0.0,0.0,0.0,0.0,0.0,0.0,0.0,2019-03-31
13,hru13,0.0,0.0,0.026,0.0,0.0,0.0,0.0,0.0,0.0,0.0,2019-03-31
14,hru14,0.0,0.0,0.026,0.0,0.0,0.0,0.0,0.0,0.0,0.0,2019-03-31
15,hru15,0.0,0.0,0.027,0.0,0.0,0.0,0.0,0.0,0.0,0.0,2019-03-31
16,hru16,0.0,0.0,0.027,0.0,0.0,0.0,0.0,0.0,0.0,0.0,2019-03-31
17,hru17,0.0,0.0,0.027,0.0,0.0,0.0,0.0,0.0,0.0,0.0,2019-03-31
18,hru18,0.0,0.0,0.027,0.0,0.0,0.0,0.0,0.0,0.0,0.0,2019-03-31
19,hru19,0.0,0.0,0.028,0.0,0.0,0.0,0.0,0.0,0.0,0.0,2019-03-31
20,hru20,0.0,0.0,0.026,0.0,0.0,0.0,0.0,0.0,0.0,0.0,2019-03-31
21,hru21,0.0,0.0,0.027,0.0,0.0,0.0,0.0,0.0,0.0,0.0,2019-03-31
22,hru22,0.0,0.0,0.027,0.0,0.0,0.0,0.0,0.0,0.0,0.0,2019-03-31
23,hru23,0.0,0.0,0.027,0.0,0.0,0.0,0.0,0.0,0.0,0.0,2019-03-31
24,hru24,0.0,0.0,0.027,0.0,0.0,0.0,0.0,0.0,0.0,0.0,2019-03-31
25,hru25,0.0,0.0,0.026,0.0,0.0,0.0,0.0,0.0,0.0,0.0,2019-03-31
26,hru26,0.0,0.0,0.026,0.0,0.0,0.0,0.0,0.0,0.0,0.0,2019-03-31
27,hru27,0.0,0.0,0.026,0.0,0.0,0.0,0.0,0.0,0.0,0.0,2019-03-31
28,hru28,0.0,0.0,0.026,0.0,0.0,0.0,0.0,0.0,0.0,0.0,2019-03-31
29,hru29,0.0,0.0,0.026,0.0,0.0,0.0,0.0,0.0,0.0,0.0,2019-03-31
30,hru30,0.0,0.0,0.026,0.0,0.0,0.0,0.0,0.0,0.0,0.0,2019-03-31
31,hru31,0.0,0.0,0.025,0.0,0.0,0.0,0.0,0.0,0.0,0.0,2019-03-31
32,hru32,0.0,0.0,0.026,0.0,0.0,0.0,0.0,0.0,0.0,0.0,2019-03-31
33,hru33,0.0,0.0,0.026,0.0,0.0,0.0,0.0,0.0,0.0,0.0,2019-03-31
34,hru34,0.0,0.0,0.026,0.0,0.0,0.0,0.0,0.0,0.0,0.0,2019-03-31
35,hru35,0.0,0.0,0.025,0.0,0.0,0.0,0.0,0.0,0.0,0.0,2019-03-31
36,hru36,0.0,0.0,0.026,0.0,0.0,0.0,0.0,0.0,0.0,0.0,2019-03-31
1,hru01,0.0,0.0,0.027,0.0,0.0,0.0,0.0,0.0,0.0,0.0,2019-04-01
2,hru02,0.0,0.0,0.027,0.0,0.0,0.0,0.0,0.0,0.0,0.0,2019-04-01
3,hru03,0.0,0.0,0.026,0.0,0.0,0.0,0.0,0.0,0.0,0.0,2019-04-01
4,hru04,0.0,0.0,0.027,0.0,0.0,0.0,0.0,0.0,0.0,0.0,2019-04-01
5,hru05,0.0,0.0,0.027,0.0,0.0,0.0,0.0,0.0,0.0,0.0,2019-04-01
6,hru06,0.0,0.0,0.027,0.0,0.0,0.0,0.0,0.0,0.0,0.0,2019-04-01
7,hru07,0.0,0.0,0.028,0.0,0.0,0.0,0.0,0.0,0.0,0.0,2019-04-01
8,hru08,0.0,0.0,0.026,0.0,0.0,0.0,0.0,0.0,0.0,0.0,2019-04-01
9,hru09,0.0,0.0,0.028,0.0,0.0,0.0,0.0,0.0,0.0,0.0,2019-04-01
10,hru10,0.0,0.0,0.028,0.0,0.0,0.0,0.0,0.0,0.0,0.0,2019-04-01
11,hru11,0.0,0.0,0.028,0.0,0.0,0.0,0.0,0.0,0.0,0.0,2019-04-01
12,hru12,0.0,0.0,0.028,0.0,0.0,0.0,0.0,0.0,0.0,0.0,2019-04-01
13,hru13,0.0,0.0,0.028,0.0,0.0,0.0,0.0,0.0,0.0,0.0,2019-04-01
14,hru14,0.0,0.0,0.028,0.0,0.0,0.0,0.0,0.0,0.0,0.0,2019-04-01
15,hru15,0.0,0.0,0.029,0.0,0.0,0.0,0.0,0.0,0.0,0.0,2019-04-01
16,hru16,0.0,0.0,0.028,0.0,0.0,0.0,0.0,0.0,0.0,0.0,2019-04-01
17,hru17,0.0,0.0,0.029,0.0,0.0,0.0,0.0,0.0,0.0,0.0,2019-04-01
18,hru18,0.0,0.0,0.029,0.0,0.0,0.0,0.0,0.0,0.0,0.0,2019-04-01
19,hru19,0.0,0.0,0.03,0.0,0.0,0.0,0.0,0.0,0.0,0.0,2019-04-01
20,hru20,0.0,0.0,0.028,0.0,0.0,0.0,0.0,0.0,0.0,0.0,2019-04-01
21,hru21,0.0,0.0,0.029,0.0,0.0,0.0,0.0,0.0,0.0,0.0,2019-04-01
22,hru22,0.0,0.0,0.029,0.0,0.0,0.0,0.0,0.0,0.0,0.0,2019-04-01
23,hru23,0.0,0.0,0.029,0.0,0.0,0.0,0.0,0.0,0.0,0.0,2019-04-01
24,hru24,0.0,0.0,0.029,0.0,0.0,0.0,0.0,0.0,0.0,0.0,2019-04-01
25,hru25,0.0,0.0,0.028,0.0,0.0,0.0,0.0,0.0,0.0,0.0,2019-04-01
26,hru26,0.0,0.0,0.028,0.0,0.0,0.0,0.0,0.0,0.0,0.0,2019-04-01
27,hru27,0.0,0.0,0.028,0.0,0.0,0.0,0.0,0.0,0.0,0.0,2019-04-01
28,hru28,0.0,0.0,0.028,0.0,0.0,0.0,0.0,0.0,0.0,0.0,2019-04-01
29,hru29,0.0,0.0,0.028,0.0,0.0,0.0,0.0,0.0,0.0,0.0,2019-04-01
30,hru30,0.0,0.0,0.028,0.0,0.0,0.0,0.0,0.0,0.0,0.0,2019-04-01
31,hru31,0.0,0.0,0.027,0.0,0.0,0.0,0.0,0.0,0.0,0.0,2019-04-01
32,hru32,0.0,0.0,0.028,0.0,0.0,0.0,0.0,0.0,0.0,0.0,2019-04-01
33,hru33,0.0,0.0,0.028,0.0,0.0,0.0,0.0,0.0,0.0,0.0,2019-04-01
34,hru34,0.0,0.0,0.028,0.0,0.0,0.0,0.0,0.0,0.0,0.0,2019-04-01
35,hru35,0.0,0.0,0.027,0.0,0.0,0.0,0.0,0.0,0.0,0.0,2019-04-01
36,hru36,0.0,0.0,0.028,0.0,0.0,0.0,0.0,0.0,0.0,0.0,2019-04-01
1,hru01,0.0,0.0,0.028,0.0,0.0,0.0,0.0,0.0,0.0,0.0,2019-04-02
2,hru02,0.0,0.0,0.029,0.0,0.0,0.0,0.0,0.0,0.0,0.0,2019-04-02
3,hru03,0.0,0.0,0.028,0.0,0.0,0.0,0.0,0.0,0.0,0.0,2019-04-02
4,hru04,0.0,0.0,0.028,0.0,0.0,0.0,0.0,0.0,0.0,0.0,2019-04-02
5,hru05,0.0,0.0,0.029,0.0,0.0,0.0,0.0,0.0,0.0,0.0,2019-04-02
6,hru06,0.0,0.0,0.029,0.0,0.0,0.0,0.0,0.0,0.0,0.0,2019-04-02
7,hru07,0.0,0.0,0.029,0.0,0.0,0.0,0.0,0.0,0.0,0.0,2019-04-02
8,hru08,0.0,0.0,0.028,0.0,0.0,0.0,0.0,0.0,0.0,0.0,2019-04-02
9,hru09,0.0,0.0,0.029,0.0,0.0,0.0,0.0,0.0,0.0,0.0,2019-04-02
10,hru10,0.0,0.0,0.029,0.0,0.0,0.0,0.0,0.0,0.0,0.0,2019-04-02
11,hru11,0.0,0.0,0.029,0.0,0.0,0.0,0.0,0.0,0.0,0.0,2019-04-02
12,hru12,0.0,0.0,0.029,0.0,0.0,0.0,0.0,0.0,0.0,0.0,2019-04-02
13,hru13,0.0,0.0,0.03,0.0,0.0,0.0,0.0,0.0,0.0,0.0,2019-04-02
14,hru14,0.0,0.0,0.029,0.0,0.0,0.0,0.0,0.0,0.0,0.0,2019-04-02
15,hru15,0.0,0.0,0.03,0.0,0.0,0.0,0.0,0.0,0.0,0.0,2019-04-02
16,hru16,0.0,0.0,0.03,0.0,0.0,0.0,0.0,0.0,0.0,0.0,2019-04-02
17,hru17,0.0,0.0,0.03,0.0,0.0,0.0,0.0,0.0,0.0,0.0,2019-04-02
18,hru18,0.0,0.0,0.03,0.0,0.0,0.0,0.0,0.0,0.0,0.0,2019-04-02
19,hru19,0.0,0.0,0.031,0.0,0.0,0.0,0.0,0.0,0.0,0.0,2019-04-02
20,hru20,0.0,0.0,0.03,0.0,0.0,0.0,0.0,0.0,0.0,0.0,2019-04-02
21,hru21,0.0,0.0,0.03,0.0,0.0,0.0,0.0,0.0,0.0,0.0,2019-04-02
22,hru22,0.0,0.0,0.03,0.0,0.0,0.0,0.0,0.0,0.0,0.0,2019-04-02
23,hru23,0.0,0.0,0.03,0.0,0.0,0.0,0.0,0.0,0.0,0.0,2019-04-02
24,hru24,0.0,0.0,0.03,0.0,0.0,0.0,0.0,0.0,0.0,0.0,2019-04-02
25,hru25,0.0,0.0,0.03,0.0,0.0,0.0,0.0,0.0,0.0,0.0,2019-04-02
26,hru26,0.0,0.0,0.03,0.0,0.0,0.0,0.0,0.0,0.0,0.0,2019-04-02
27,hru27,0.0,0.0,0.029,0.0,0.0,0.0,0.0,0.0,0.0,0.0,2019-04-02
28,hru28,0.0,0.0,0.029,0.0,0.0,0.0,0.0,0.0,0.0,0.0,2019-04-02
29,hru29,0.0,0.0,0.029,0.0,0.0,0.0,0.0,0.0,0.0,0.0,2019-04-02
30,hru30,0.0,0.0,0.029,0.0,0.0,0.0,0.0,0.0,0.0,0.0,2019-04-02
31,hru31,0.0,0.0,0.028,0.0,0.0,0.0,0.0,0.0,0.0,0.0,2019-04-02
32,hru32,0.0,0.0,0.03,0.0,0.0,0.0,0.0,0.0,0.0,0.0,2019-04-02
33,hru33,0.0,0.0,0.029,0.0,0.0,0.0,0.0,0.0,0.0,0.0,2019-04-02
34,hru34,0.0,0.0,0.029,0.0,0.0,0.0,0.0,0.0,0.0,0.0,2019-04-02
35,hru35,0.0,0.0,0.028,0.0,0.0,0.0,0.0,0.0,0.0,0.0,2019-04-02
36,hru36,0.0,0.0,0.029,0.0,0.0,0.0,0.0,0.0,0.0,0.0,2019-04-02
1,hru01,0.0,0.0,0.03,0.0,0.0,0.0,0.0,0.0,0.0,0.0,2019-04-03
2,hru02,0.0,0.0,0.03,0.0,0.0,0.0,0.0,0.0,0.0,0.0,2019-04-03
3,hru03,0.0,0.0,0.029,0.0,0.0,0.0,0.0,0.0,0.0,0.0,2019-04-03
4,hru04,0.0,0.0,0.029,0.0,0.0,0.0,0.0,0.0,0.0,0.0,2019-04-03
5,hru05,0.0,0.0,0.03,0.0,0.0,0.0,0.0,0.0,0.0,0.0,2019-04-03
6,hru06,0.0,0.0,0.03,0.0,0.0,0.0,0.0,0.0,0.0,0.0,2019-04-03
7,hru07,0.0,0.0,0.031,0.0,0.0,0.0,0.0,0.0,0.0,0.0,2019-04-03
8,hru08,0.0,0.0,0.029,0.0,0.0,0.0,0.0,0.0,0.0,0.0,2019-04-03
9,hru09,0.0,0.0,0.03,0.0,0.0,0.0,0.0,0.0,0.0,0.0,2019-04-03
10,hru10,0.0,0.0,0.03,0.0,0.0,0.0,0.0,0.0,0.0,0.0,2019-04-03
11,hru11,0.0,0.0,0.031,0.0,0.0,0.0,0.0,0.0,0.0,0.0,2019-04-03
12,hru12,0.0,0.0,0.031,0.0,0.0,0.0,0.0,0.0,0.0,0.0,2019-04-03
13,hru13,0.0,0.0,0.031,0.0,0.0,0.0,0.0,0.0,0.0,0.0,2019-04-03
14,hru14,0.0,0.0,0.031,0.0,0.0,0.0,0.0,0.0,0.0,0.0,2019-04-03
15,hru15,0.0,0.0,0.032,0.0,0.0,0.0,0.0,0.0,0.0,0.0,2019-04-03
16,hru16,0.0,0.0,0.031,0.0,0.0,0.0,0.0,0.0,0.0,0.0,2019-04-03
17,hru17,0.0,0.0,0.032,0.0,0.0,0.0,0.0,0.0,0.0,0.0,2019-04-03
18,hru18,0.0,0.0,0.032,0.0,0.0,0.0,0.0,0.0,0.0,0.0,2019-04-03
19,hru19,0.0,0.0,0.033,0.0,0.0,0.0,0.0,0.0,0.0,0.0,2019-04-03
20,hru20,0.0,0.0,0.031,0.0,0.0,0.0,0.0,0.0,0.0,0.0,2019-04-03
21,hru21,0.0,0.0,0.032,0.0,0.0,0.0,0.0,0.0,0.0,0.0,2019-04-03
22,hru22,0.0,0.0,0.032,0.0,0.0,0.0,0.0,0.0,0.0,0.0,2019-04-03
23,hru23,0.0,0.0,0.032,0.0,0.0,0.0,0.0,0.0,0.0,0.0,2019-04-03
24,hru24,0.0,0.0,0.032,0.0,0.0,0.0,0.0,0.0,0.0,0.0,2019-04-03
25,hru25,0.0,0.0,0.031,0.0,0.0,0.0,0.0,0.0,0.0,0.0,2019-04-03
26,hru26,0.0,0.0,0.031,0.0,0.0,0.0,0.0,0.0,0.0,0.0,2019-04-03
27,hru27,0.0,0.0,0.031,0.0,0.0,0.0,0.0,0.0,0.0,0.0,2019-04-03
28,hru28,0.0,0.0,0.031,0.0,0.0,0.0,0.0,0.0,0.0,0.0,2019-04-03
29,hru29,0.0,0.0,0.031,0.0,0.0,0.0,0.0,0.0,0.0,0.0,2019-04-03
30,hru30,0.0,0.0,0.031,0.0,0.0,0.0,0.0,0.0,0.0,0.0,2019-04-03
31,hru31,0.0,0.0,0.03,0.0,0.0,0.0,0.0,0.0,0.0,0.0,2019-04-03
32,hru32,0.0,0.0,0.031,0.0,0.0,0.0,0.0,0.0,0.0,0.0,2019-04-03
33,hru33,0.0,0.0,0.03,0.0,0.0,0.0,0.0,0.0,0.0,0.0,2019-04-03
34,hru34,0.0,0.0,0.03,0.0,0.0,0.0,0.0,0.0,0.0,0.0,2019-04-03
35,hru35,0.0,0.0,0.03,0.0,0.0,0.0,0.0,0.0,0.0,0.0,2019-04-03
36,hru36,0.0,0.0,0.03,0.0,0.0,0.0,0.0,0.0,0.0,0.0,2019-04-03
1,hru01,0.0,0.0,0.032,0.0,0.0,0.0,0.0,0.0,0.0,0.0,2019-04-04
2,hru02,0.0,0.0,0.032,0.0,0.0,0.0,0.0,0.0,0.0,0.0,2019-04-04
3,hru03,0.0,0.0,0.031,0.0,0.0,0.0,0.0,0.0,0.0,0.0,2019-04-04
4,hru04,0.0,0.0,0.031,0.0,0.0,0.0,0.0,0.0,0.0,0.0,2019-04-04
5,hru05,0.0,0.0,0.032,0.0,0.0,0.0,0.0,0.0,0.0,0.0,2019-04-04
6,hru06,0.0,0.0,0.032,0.0,0.0,0.0,0.0,0.0,0.0,0.0,2019-04-04
7,hru07,0.0,0.0,0.033,0.0,0.0,0.0,0.0,0.0,0.0,0.0,2019-04-04
8,hru08,0.0,0.0,0.031,0.0,0.0,0.0,0.0,0.0,0.0,0.0,2019-04-04
9,hru09,0.0,0.0,0.033,0.0,0.0,0.0,0.0,0.0,0.0,0.0,2019-04-04
10,hru10,0.0,0.0,0.033,0.0,0.0,0.0,0.0,0.0,0.0,0.0,2019-04-04
11,hru11,0.0,0.0,0.033,0.0,0.0,0.0,0.0,0.0,0.0,0.0,2019-04-04
12,hru12,0.0,0.0,0.033,0.0,0.0,0.0,0.0,0.0,0.0,0.0,2019-04-04
13,hru13,0.0,0.0,0.034,0.0,0.0,0.0,0.0,0.0,0.0,0.0,2019-04-04
14,hru14,0.0,0.0,0.033,0.0,0.0,0.0,0.0,0.0,0.0,0.0,2019-04-04
15,hru15,0.0,0.0,0.034,0.0,0.0,0.0,0.0,0.0,0.0,0.0,2019-04-04
16,hru16,0.0,0.0,0.033,0.0,0.0,0.0,0.0,0.0,0.0,0.0,2019-04-04
17,hru17,0.0,0.0,0.034,0.0,0.0,0.0,0.0,0.0,0.0,0.0,2019-04-04
18,hru18,0.0,0.0,0.034,0.0,0.0,0.0,0.0,0.0,0.0,0.0,2019-04-04
19,hru19,0.0,0.0,0.035,0.0,0.0,0.0,0.0,0.0,0.0,0.0,2019-04-04
20,hru20,0.0,0.0,0.033,0.0,0.0,0.0,0.0,0.0,0.0,0.0,2019-04-04
21,hru21,0.0,0.0,0.034,0.0,0.0,0.0,0.0,0.0,0.0,0.0,2019-04-04
22,hru22,0.0,0.0,0.034,0.0,0.0,0.0,0.0,0.0,0.0,0.0,2019-04-04
23,hru23,0.0,0.0,0.034,0.0,0.0,0.0,0.0,0.0,0.0,0.0,2019-04-04
24,hru24,0.0,0.0,0.034,0.0,0.0,0.0,0.0,0.0,0.0,0.0,2019-04-04
25,hru25,0.0,0.0,0.033,0.0,0.0,0.0,0.0,0.0,0.0,0.0,2019-04-04
26,hru26,0.0,0.0,0.033,0.0,0.0,0.0,0.0,0.0,0.0,0.0,2019-04-04
27,hru27,0.0,0.0,0.033,0.0,0.0,0.0,0.0,0.0,0.0,0.0,2019-04-04
28,hru28,0.0,0.0,0.033,0.0,0.0,0.0,0.0,0.0,0.0,0.0,2019-04-04
29,hru29,0.0,0.0,0.033,0.0,0.0,0.0,0.0,0.0,0.0,0.0,2019-04-04
30,hru30,0.0,0.0,0.033,0.0,0.0,0.0,0.0,0.0,0.0,0.0,2019-04-04
31,hru31,0.0,0.0,0.032,0.0,0.0,0.0,0.0,0.0,0.0,0.0,2019-04-04
32,hru32,0.0,0.0,0.034,0.0,0.0,0.0,0.0,0.0,0.0,0.0,2019-04-04
33,hru33,0.0,0.0,0.033,0.0,0.0,0.0,0.0,0.0,0.0,0.0,2019-04-04
34,hru34,0.0,0.0,0.033,0.0,0.0,0.0,0.0,0.0,0.0,0.0,2019-04-04
35,hru35,0.0,0.0,0.032,0.0,0.0,0.0,0.0,0.0,0.0,0.0,2019-04-04
36,hru36,0.0,0.0,0.033,0.0,0.0,0.0,0.0,0.0,0.0,0.0,2019-04-04
1,hru01,0.0,0.0,0.035,0.0,0.0,0.0,0.0,0.0,0.0,0.0,2019-04-05
2,hru02,0.0,0.0,0.036,0.0,0.0,0.0,0.0,0.0,0.0,0.0,2019-04-05
3,hru03,0.0,0.0,0.034,0.0,0.0,0.0,0.0,0.0,0.0,0.0,2019-04-05
4,hru04,0.0,0.0,0.035,0.0,0.0,0.0,0.0,0.0,0.0,0.0,2019-04-05
5,hru05,0.0,0.0,0.035,0.0,0.0,0.0,0.0,0.0,0.0,0.0,2019-04-05
6,hru06,0.0,0.0,0.035,0.0,0.0,0.0,0.0,0.0,0.0,0.0,2019-04-05
7,hru07,0.0,0.0,0.036,0.0,0.0,0.0,0.0,0.0,0.0,0.0,2019-04-05
8,hru08,0.0,0.0,0.034,0.0,0.0,0.0,0.0,0.0,0.0,0.0,2019-04-05
9,hru09,0.0,0.0,0.036,0.0,0.0,0.0,0.0,0.0,0.0,0.0,2019-04-05
10,hru10,0.0,0.0,0.036,0.0,0.0,0.0,0.0,0.0,0.0,0.0,2019-04-05
11,hru11,0.0,0.0,0.036,0.0,0.0,0.0,0.0,0.0,0.0,0.0,2019-04-05
12,hru12,0.0,0.0,0.036,0.0,0.0,0.0,0.0,0.0,0.0,0.0,2019-04-05
13,hru13,0.0,0.0,0.037,0.0,0.0,0.0,0.0,0.0,0.0,0.0,2019-04-05
14,hru14,0.0,0.0,0.036,0.0,0.0,0.0,0.0,0.0,0.0,0.0,2019-04-05
15,hru15,0.0,0.0,0.037,0.0,0.0,0.0,0.0,0.0,0.0,0.0,2019-04-05
16,hru16,0.0,0.0,0.037,0.0,0.0,0.0,0.0,0.0,0.0,0.0,2019-04-05
17,hru17,0.0,0.0,0.037,0.0,0.0,0.0,0.0,0.0,0.0,0.0,2019-04-05
18,hru18,0.0,0.0,0.037,0.0,0.0,0.0,0.0,0.0,0.0,0.0,2019-04-05
19,hru19,0.0,0.0,0.038,0.0,0.0,0.0,0.0,0.0,0.0,0.0,2019-04-05
20,hru20,0.0,0.0,0.037,0.0,0.0,0.0,0.0,0.0,0.0,0.0,2019-04-05
21,hru21,0.0,0.0,0.037,0.0,0.0,0.0,0.0,0.0,0.0,0.0,2019-04-05
22,hru22,0.0,0.0,0.037,0.0,0.0,0.0,0.0,0.0,0.0,0.0,2019-04-05
23,hru23,0.0,0.0,0.037,0.0,0.0,0.0,0.0,0.0,0.0,0.0,2019-04-05
24,hru24,0.0,0.0,0.037,0.0,0.0,0.0,0.0,0.0,0.0,0.0,2019-04-05
25,hru25,0.0,0.0,0.037,0.0,0.0,0.0,0.0,0.0,0.0,0.0,2019-04-05
26,hru26,0.0,0.0,0.037,0.0,0.0,0.0,0.0,0.0,0.0,0.0,2019-04-05
27,hru27,0.0,0.0,0.036,0.0,0.0,0.0,0.0,0.0,0.0,0.0,2019-04-05
28,hru28,0.0,0.0,0.036,0.0,0.0,0.0,0.0,0.0,0.0,0.0,2019-04-05
29,hru29,0.0,0.0,0.036,0.0,0.0,0.0,0.0,0.0,0.0,0.0,2019-04-05
30,hru30,0.0,0.0,0.036,0.0,0.0,0.0,0.0,0.0,0.0,0.0,2019-04-05
31,hru31,0.0,0.0,0.035,0.0,0.0,0.0,0.0,0.0,0.0,0.0,2019-04-05
32,hru32,0.0,0.0,0.037,0.0,0.0,0.0,0.0,0.0,0.0,0.0,2019-04-05
33,hru33,0.0,0.0,0.036,0.0,0.0,0.0,0.0,0.0,0.0,0.0,2019-04-05
34,hru34,0.0,0.0,0.036,0.0,0.0,0.0,0.0,0.0,0.0,0.0,2019-04-05
35,hru35,0.0,0.0,0.035,0.0,0.0,0.0,0.0,0.0,0.0,0.0,2019-04-05
36,hru36,0.0,0.0,0.036,0.0,0.0,0.0,0.0,0.0,0.0,0.0,2019-04-05
1,hru01,0.0,0.0,0.039,0.0,0.0,0.0,0.0,0.0,0.0,0.0,2019-04-06
2,hru02,0.0,0.0,0.04,0.0,0.0,0.0,0.0,0.0,0.0,0.0,2019-04-06
3,hru03,0.0,0.0,0.039,0.0,0.0,0.0,0.0,0.0,0.0,0.0,2019-04-06
4,hru04,0.0,0.0,0.039,0.0,0.0,0.0,0.0,0.0,0.0,0.0,2019-04-06
5,hru05,0.0,0.0,0.04,0.0,0.0,0.0,0.0,0.0,0.0,0.0,2019-04-06
6,hru06,0.0,0.0,0.04,0.0,0.0,0.0,0.0,0.0,0.0,0.0,2019-04-06
7,hru07,0.0,0.0,0.041,0.0,0.0,0.0,0.0,0.0,0.0,0.0,2019-04-06
8,hru08,0.0,0.0,0.039,0.0,0.0,0.0,0.0,0.0,0.0,0.0,2019-04-06
9,hru09,0.0,0.0,0.04,0.0,0.0,0.0,0.0,0.0,0.0,0.0,2019-04-06
10,hru10,0.0,0.0,0.04,0.0,0.0,0.0,0.0,0.0,0.0,0.0,2019-04-06
11,hru11,0.0,0.0,0.041,0.0,0.0,0.0,0.0,0.0,0.0,0.0,2019-04-06
12,hru12,0.0,0.0,0.041,0.0,0.0,0.0,0.0,0.0,0.0,0.0,2019-04-06
13,hru13,0.0,0.0,0.041,0.0,0.0,0.0,0.0,0.0,0.0,0.0,2019-04-06
14,hru14,0.0,0.0,0.041,0.0,0.0,0.0,0.0,0.0,0.0,0.0,2019-04-06
15,hru15,0.0,0.0,0.042,0.0,0.0,0.0,0.0,0.0,0.0,0.0,2019-04-06
16,hru16,0.0,0.0,0.041,0.0,0.0,0.0,0.0,0.0,0.0,0.0,2019-04-06
17,hru17,0.0,0.0,0.042,0.0,0.0,0.0,0.0,0.0,0.0,0.0,2019-04-06
18,hru18,0.0,0.0,0.042,0.0,0.0,0.0,0.0,0.0,0.0,0.0,2019-04-06
19,hru19,0.0,0.0,0.043,0.0,0.0,0.0,0.0,0.0,0.0,0.0,2019-04-06
20,hru20,0.0,0.0,0.041,0.0,0.0,0.0,0.0,0.0,0.0,0.0,2019-04-06
21,hru21,0.0,0.0,0.042,0.0,0.0,0.0,0.0,0.0,0.0,0.0,2019-04-06
22,hru22,0.0,0.0,0.042,0.0,0.0,0.0,0.0,0.0,0.0,0.0,2019-04-06
23,hru23,0.0,0.0,0.042,0.0,0.0,0.0,0.0,0.0,0.0,0.0,2019-04-06
24,hru24,0.0,0.0,0.042,0.0,0.0,0.0,0.0,0.0,0.0,0.0,2019-04-06
25,hru25,0.0,0.0,0.041,0.0,0.0,0.0,0.0,0.0,0.0,0.0,2019-04-06
26,hru26,0.0,0.0,0.041,0.0,0.0,0.0,0.0,0.0,0.0,0.0,2019-04-06
27,hru27,0.0,0.0,0.041,0.0,0.0,0.0,0.0,0.0,0.0,0.0,2019-04-06
28,hru28,0.0,0.0,0.041,0.0,0.0,0.0,0.0,0.0,0.0,0.0,2019-04-06
29,hru29,0.0,0.0,0.041,0.0,0.0,0.0,0.0,0.0,0.0,0.0,2019-04-06
30,hru30,0.0,0.0,0.041,0.0,0.0,0.0,0.0,0.0,0.0,0.0,2019-04-06
31,hru31,0.0,0.0,0.039,0.0,0.0,0.0,0.0,0.0,0.0,0.0,2019-04-06
32,hru32,0.0,0.0,0.041,0.0,0.0,0.0,0.0,0.0,0.0,0.0,2019-04-06
33,hru33,0.0,0.0,0.04,0.0,0.0,0.0,0.0,0.0,0.0,0.0,2019-04-06
34,hru34,0.0,0.0,0.04,0.0,0.0,0.0,0.0,0.0,0.0,0.0,2019-04-06
35,hru35,0.0,0.0,0.04,0.0,0.0,0.0,0.0,0.0,0.0,0.0,2019-04-06
36,hru36,0.0,0.0,0.04,0.0,0.0,0.0,0.0,0.0,0.0,0.0,2019-04-06
1,hru01,0.0,0.0,0.043,0.0,0.0,0.0,0.0,0.0,0.0,0.0,2019-04-07
2,hru02,0.0,0.0,0.044,0.0,0.0,0.0,0.0,0.0,0.0,0.0,2019-04-07
3,hru03,0.0,0.0,0.043,0.0,0.0,0.0,0.0,0.0,0.0,0.0,2019-04-07
4,hru04,0.0,0.0,0.043,0.0,0.0,0.0,0.0,0.0,0.0,0.0,2019-04-07
5,hru05,0.0,0.0,0.044,0.0,0.0,0.0,0.0,0.0,0.0,0.0,2019-04-07
6,hru06,0.0,0.0,0.044,0.0,0.0,0.0,0.0,0.0,0.0,0.0,2019-04-07
7,hru07,0.0,0.0,0.044,0.0,0.0,0.0,0.0,0.0,0.0,0.0,2019-04-07
8,hru08,0.0,0.0,0.043,0.0,0.0,0.0,0.0,0.0,0.0,0.0,2019-04-07
9,hru09,0.0,0.0,0.044,0.0,0.0,0.0,0.0,0.0,0.0,0.0,2019-04-07
10,hru10,0.0,0.0,0.044,0.0,0.0,0.0,0.0,0.0,0.0,0.0,2019-04-07
11,hru11,0.0,0.0,0.044,0.0,0.0,0.0,0.0,0.0,0.0,0.0,2019-04-07
12,hru12,0.0,0.0,0.045,0.0,0.0,0.0,0.0,0.0,0.0,0.0,2019-04-07
13,hru13,0.0,0.0,0.045,0.0,0.0,0.0,0.0,0.0,0.0,0.0,2019-04-07
14,hru14,0.0,0.0,0.045,0.0,0.0,0.0,0.0,0.0,0.0,0.0,2019-04-07
15,hru15,0.0,0.0,0.046,0.0,0.0,0.0,0.0,0.0,0.0,0.0,2019-04-07
16,hru16,0.0,0.0,0.045,0.0,0.0,0.0,0.0,0.0,0.0,0.0,2019-04-07
17,hru17,0.0,0.0,0.045,0.0,0.0,0.0,0.0,0.0,0.0,0.0,2019-04-07
18,hru18,0.0,0.0,0.046,0.0,0.0,0.0,0.0,0.0,0.0,0.0,2019-04-07
19,hru19,0.0,0.0,0.046,0.0,0.0,0.0,0.0,0.0,0.0,0.0,2019-04-07
20,hru20,0.0,0.0,0.045,0.0,0.0,0.0,0.0,0.0,0.0,0.0,2019-04-07
21,hru21,0.0,0.0,0.046,0.0,0.0,0.0,0.0,0.0,0.0,0.0,2019-04-07
22,hru22,0.0,0.0,0.046,0.0,0.0,0.0,0.0,0.0,0.0,0.0,2019-04-07
23,hru23,0.0,0.0,0.046,0.0,0.0,0.0,0.0,0.0,0.0,0.0,2019-04-07
24,hru24,0.0,0.0,0.046,0.0,0.0,0.0,0.0,0.0,0.0,0.0,2019-04-07
25,hru25,0.0,0.0,0.045,0.0,0.0,0.0,0.0,0.0,0.0,0.0,2019-04-07
26,hru26,0.0,0.0,0.045,0.0,0.0,0.0,0.0,0.0,0.0,0.0,2019-04-07
27,hru27,0.0,0.0,0.044,0.0,0.0,0.0,0.0,0.0,0.0,0.0,2019-04-07
28,hru28,0.0,0.0,0.044,0.0,0.0,0.0,0.0,0.0,0.0,0.0,2019-04-07
29,hru29,0.0,0.0,0.044,0.0,0.0,0.0,0.0,0.0,0.0,0.0,2019-04-07
30,hru30,0.0,0.0,0.044,0.0,0.0,0.0,0.0,0.0,0.0,0.0,2019-04-07
31,hru31,0.0,0.0,0.043,0.0,0.0,0.0,0.0,0.0,0.0,0.0,2019-04-07
32,hru32,0.0,0.0,0.045,0.0,0.0,0.0,0.0,0.0,0.0,0.0,2019-04-07
33,hru33,0.0,0.0,0.044,0.0,0.0,0.0,0.0,0.0,0.0,0.0,2019-04-07
34,hru34,0.0,0.0,0.044,0.0,0.0,0.0,0.0,0.0,0.0,0.0,2019-04-07
35,hru35,0.0,0.0,0.043,0.0,0.0,0.0,0.0,0.0,0.0,0.0,2019-04-07
36,hru36,0.0,0.0,0.044,0.0,0.0,0.0,0.0,0.0,0.0,0.0,2019-04-07
1,hru01,0.0,0.0,0.047,0.0,0.0,0.0,0.0,0.0,0.0,0.0,2019-04-08
2,hru02,0.0,0.0,0.048,0.0,0.0,0.0,0.0,0.0,0.0,0.0,2019-04-08
3,hru03,0.0,0.0,0.047,0.0,0.0,0.0,0.0,0.0,0.0,0.0,2019-04-08
4,hru04,0.0,0.0,0.047,0.0,0.0,0.0,0.0,0.0,0.0,0.0,2019-04-08
5,hru05,0.0,0.0,0.048,0.0,0.0,0.0,0.0,0.0,0.0,0.0,2019-04-08
6,hru06,0.0,0.0,0.048,0.0,0.0,0.0,0.0,0.0,0.0,0.0,2019-04-08
7,hru07,0.0,0.0,0.049,0.0,0.0,0.0,0.0,0.0,0.0,0.0,2019-04-08
8,hru08,0.0,0.0,0.047,0.0,0.0,0.0,0.0,0.0,0.0,0.0,2019-04-08
9,hru09,0.0,0.0,0.048,0.0,0.0,0.0,0.0,0.0,0.0,0.0,2019-04-08
10,hru10,0.0,0.0,0.048,0.0,0.0,0.0,0.0,0.0,0.0,0.0,2019-04-08
11,hru11,0.0,0.0,0.049,0.0,0.0,0.0,0.0,0.0,0.0,0.0,2019-04-08
12,hru12,0.0,0.0,0.049,0.0,0.0,0.0,0.0,0.0,0.0,0.0,2019-04-08
13,hru13,0.0,0.0,0.049,0.0,0.0,0.0,0.0,0.0,0.0,0.0,2019-04-08
14,hru14,0.0,0.0,0.049,0.0,0.0,0.0,0.0,0.0,0.0,0.0,2019-04-08
15,hru15,0.0,0.0,0.05,0.0,0.0,0.0,0.0,0.0,0.0,0.0,2019-04-08
16,hru16,0.0,0.0,0.049,0.0,0.0,0.0,0.0,0.0,0.0,0.0,2019-04-08
17,hru17,0.0,0.0,0.049,0.0,0.0,0.0,0.0,0.0,0.0,0.0,2019-04-08
18,hru18,0.0,0.0,0.05,0.0,0.0,0.0,0.0,0.0,0.0,0.0,2019-04-08
19,hru19,0.0,0.0,0.051,0.0,0.0,0.0,0.0,0.0,0.0,0.0,2019-04-08
20,hru20,0.0,0.0,0.049,0.0,0.0,0.0,0.0,0.0,0.0,0.0,2019-04-08
21,hru21,0.0,0.0,0.05,0.0,0.0,0.0,0.0,0.0,0.0,0.0,2019-04-08
22,hru22,0.0,0.0,0.05,0.0,0.0,0.0,0.0,0.0,0.0,0.0,2019-04-08
23,hru23,0.0,0.0,0.05,0.0,0.0,0.0,0.0,0.0,0.0,0.0,2019-04-08
24,hru24,0.0,0.0,0.05,0.0,0.0,0.0,0.0,0.0,0.0,0.0,2019-04-08
25,hru25,0.0,0.0,0.049,0.0,0.0,0.0,0.0,0.0,0.0,0.0,2019-04-08
26,hru26,0.0,0.0,0.049,0.0,0.0,0.0,0.0,0.0,0.0,0.0,2019-04-08
27,hru27,0.0,0.0,0.048,0.0,0.0,0.0,0.0,0.0,0.0,0.0,2019-04-08
28,hru28,0.0,0.0,0.049,0.0,0.0,0.0,0.0,0.0,0.0,0.0,2019-04-08
29,hru29,0.0,0.0,0.048,0.0,0.0,0.0,0.0,0.0,0.0,0.0,2019-04-08
30,hru30,0.0,0.0,0.049,0.0,0.0,0.0,0.0,0.0,0.0,0.0,2019-04-08
31,hru31,0.0,0.0,0.047,0.0,0.0,0.0,0.0,0.0,0.0,0.0,2019-04-08
32,hru32,0.0,0.0,0.049,0.0,0.0,0.0,0.0,0.0,0.0,0.0,2019-04-08
33,hru33,0.0,0.0,0.048,0.0,0.0,0.0,0.0,0.0,0.0,0.0,2019-04-08
34,hru34,0.0,0.0,0.048,0.0,0.0,0.0,0.0,0.0,0.0,0.0,2019-04-08
35,hru35,0.0,0.0,0.047,0.0,0.0,0.0,0.0,0.0,0.0,0.0,2019-04-08
36,hru36,0.0,0.0,0.048,0.0,0.0,0.0,0.0,0.0,0.0,0.0,2019-04-08
1,hru01,0.0,0.0,0.05,0.0,0.0,0.0,0.0,0.0,0.0,0.0,2019-04-09
2,hru02,0.0,0.0,0.051,0.0,0.0,0.0,0.0,0.0,0.0,0.0,2019-04-09
3,hru03,0.0,0.0,0.049,0.0,0.0,0.0,0.0,0.0,0.0,0.0,2019-04-09
4,hru04,0.0,0.0,0.05,0.0,0.0,0.0,0.0,0.0,0.0,0.0,2019-04-09
5,hru05,0.0,0.0,0.051,0.0,0.0,0.0,0.0,0.0,0.0,0.0,2019-04-09
6,hru06,0.0,0.0,0.051,0.0,0.0,0.0,0.0,0.0,0.0,0.0,2019-04-09
7,hru07,0.0,0.0,0.052,0.0,0.0,0.0,0.0,0.0,0.0,0.0,2019-04-09
8,hru08,0.0,0.0,0.049,0.0,0.0,0.0,0.0,0.0,0.0,0.0,2019-04-09
9,hru09,0.0,0.0,0.051,0.0,0.0,0.0,0.0,0.0,0.0,0.0,2019-04-09
10,hru10,0.0,0.0,0.051,0.0,0.0,0.0,0.0,0.0,0.0,0.0,2019-04-09
11,hru11,0.0,0.0,0.052,0.0,0.0,0.0,0.0,0.0,0.0,0.0,2019-04-09
12,hru12,0.0,0.0,0.052,0.0,0.0,0.0,0.0,0.0,0.0,0.0,2019-04-09
13,hru13,0.0,0.0,0.052,0.0,0.0,0.0,0.0,0.0,0.0,0.0,2019-04-09
14,hru14,0.0,0.0,0.052,0.0,0.0,0.0,0.0,0.0,0.0,0.0,2019-04-09
15,hru15,0.0,0.0,0.053,0.0,0.0,0.0,0.0,0.0,0.0,0.0,2019-04-09
16,hru16,0.0,0.0,0.052,0.0,0.0,0.0,0.0,0.0,0.0,0.0,2019-04-09
17,hru17,0.0,0.0,0.052,0.0,0.0,0.0,0.0,0.0,0.0,0.0,2019-04-09
18,hru18,0.0,0.0,0.053,0.0,0.0,0.0,0.0,0.0,0.0,0.0,2019-04-09
19,hru19,0.0,0.0,0.054,0.0,0.0,0.0,0.0,0.0,0.0,0.0,2019-04-09
20,hru20,0.0,0.0,0.052,0.0,0.0,0.0,0.0,0.0,0.0,0.0,2019-04-09
21,hru21,0.0,0.0,0.053,0.0,0.0,0.0,0.0,0.0,0.0,0.0,2019-04-09
22,hru22,0.0,0.0,0.053,0.0,0.0,0.0,0.0,0.0,0.0,0.0,2019-04-09
23,hru23,0.0,0.0,0.053,0.0,0.0,0.0,0.0,0.0,0.0,0.0,2019-04-09
24,hru24,0.0,0.0,0.053,0.0,0.0,0.0,0.0,0.0,0.0,0.0,2019-04-09
25,hru25,0.0,0.0,0.052,0.0,0.0,0.0,0.0,0.0,0.0,0.0,2019-04-09
26,hru26,0.0,0.0,0.052,0.0,0.0,0.0,0.0,0.0,0.0,0.0,2019-04-09
27,hru27,0.0,0.0,0.051,0.0,0.0,0.0,0.0,0.0,0.0,0.0,2019-04-09
28,hru28,0.0,0.0,0.052,0.0,0.0,0.0,0.0,0.0,0.0,0.0,2019-04-09
29,hru29,0.0,0.0,0.051,0.0,0.0,0.0,0.0,0.0,0.0,0.0,2019-04-09
30,hru30,0.0,0.0,0.052,0.0,0.0,0.0,0.0,0.0,0.0,0.0,2019-04-09
31,hru31,0.0,0.0,0.05,0.0,0.0,0.0,0.0,0.0,0.0,0.0,2019-04-09
32,hru32,0.0,0.0,0.052,0.0,0.0,0.0,0.0,0.0,0.0,0.0,2019-04-09
33,hru33,0.0,0.0,0.051,0.0,0.0,0.0,0.0,0.0,0.0,0.0,2019-04-09
34,hru34,0.0,0.0,0.051,0.0,0.0,0.0,0.0,0.0,0.0,0.0,2019-04-09
35,hru35,0.0,0.0,0.05,0.0,0.0,0.0,0.0,0.0,0.0,0.0,2019-04-09
36,hru36,0.0,0.0,0.051,0.0,0.0,0.0,0.0,0.0,0.0,0.0,2019-04-09
1,hru01,0.0,0.0,0.051,0.0,0.0,0.0,0.0,0.0,0.0,0.0,2019-04-10
2,hru02,0.0,0.0,0.052,0.0,0.0,0.0,0.0,0.0,0.0,0.0,2019-04-10
3,hru03,0.0,0.0,0.05,0.0,0.0,0.0,0.0,0.0,0.0,0.0,2019-04-10
4,hru04,0.0,0.0,0.051,0.0,0.0,0.0,0.0,0.0,0.0,0.0,2019-04-10
5,hru05,0.0,0.0,0.051,0.0,0.0,0.0,0.0,0.0,0.0,0.0,2019-04-10
6,hru06,0.0,0.0,0.051,0.0,0.0,0.0,0.0,0.0,0.0,0.0,2019-04-10
7,hru07,0.0,0.0,0.052,0.0,0.0,0.0,0.0,0.0,0.0,0.0,2019-04-10
8,hru08,0.0,0.0,0.05,0.0,0.0,0.0,0.0,0.0,0.0,0.0,2019-04-10
9,hru09,0.0,0.0,0.052,0.0,0.0,0.0,0.0,0.0,0.0,0.0,2019-04-10
10,hru10,0.0,0.0,0.052,0.0,0.0,0.0,0.0,0.0,0.0,0.0,2019-04-10
11,hru11,0.0,0.0,0.052,0.0,0.0,0.0,0.0,0.0,0.0,0.0,2019-04-10
12,hru12,0.0,0.0,0.052,0.0,0.0,0.0,0.0,0.0,0.0,0.0,2019-04-10
13,hru13,0.0,0.0,0.053,0.0,0.0,0.0,0.0,0.0,0.0,0.0,2019-04-10
14,hru14,0.0,0.0,0.052,0.0,0.0,0.0,0.0,0.0,0.0,0.0,2019-04-10
15,hru15,0.0,0.0,0.054,0.0,0.0,0.0,0.0,0.0,0.0,0.0,2019-04-10
16,hru16,0.0,0.0,0.053,0.0,0.0,0.0,0.0,0.0,0.0,0.0,2019-04-10
17,hru17,0.0,0.0,0.053,0.0,0.0,0.0,0.0,0.0,0.0,0.0,2019-04-10
18,hru18,0.0,0.0,0.054,0.0,0.0,0.0,0.0,0.0,0.0,0.0,2019-04-10
19,hru19,0.0,0.0,0.055,0.0,0.0,0.0,0.0,0.0,0.0,0.0,2019-04-10
20,hru20,0.0,0.0,0.053,0.0,0.0,0.0,0.0,0.0,0.0,0.0,2019-04-10
21,hru21,0.0,0.0,0.054,0.0,0.0,0.0,0.0,0.0,0.0,0.0,2019-04-10
22,hru22,0.0,0.0,0.054,0.0,0.0,0.0,0.0,0.0,0.0,0.0,2019-04-10
23,hru23,0.0,0.0,0.054,0.0,0.0,0.0,0.0,0.0,0.0,0.0,2019-04-10
24,hru24,0.0,0.0,0.054,0.0,0.0,0.0,0.0,0.0,0.0,0.0,2019-04-10
25,hru25,0.0,0.0,0.053,0.0,0.0,0.0,0.0,0.0,0.0,0.0,2019-04-10
26,hru26,0.0,0.0,0.053,0.0,0.0,0.0,0.0,0.0,0.0,0.0,2019-04-10
27,hru27,0.0,0.0,0.052,0.0,0.0,0.0,0.0,0.0,0.0,0.0,2019-04-10
28,hru28,0.0,0.0,0.052,0.0,0.0,0.0,0.0,0.0,0.0,0.0,2019-04-10
29,hru29,0.0,0.0,0.052,0.0,0.0,0.0,0.0,0.0,0.0,0.0,2019-04-10
30,hru30,0.0,0.0,0.052,0.0,0.0,0.0,0.0,0.0,0.0,0.0,2019-04-10
31,hru31,0.0,0.0,0.051,0.0,0.0,0.0,0.0,0.0,0.0,0.0,2019-04-10
32,hru32,0.0,0.0,0.053,0.0,0.0,0.0,0.0,0.0,0.0,0.0,2019-04-10
33,hru33,0.0,0.0,0.052,0.0,0.0,0.0,0.0,0.0,0.0,0.0,2019-04-10
34,hru34,0.0,0.0,0.052,0.0,0.0,0.0,0.0,0.0,0.0,0.0,2019-04-10
35,hru35,0.0,0.0,0.051,0.0,0.0,0.0,0.0,0.0,0.0,0.0,2019-04-10
36,hru36,0.0,0.0,0.052,0.0,0.0,0.0,0.0,0.0,0.0,0.0,2019-04-10
1,hru01,0.0,0.0,0.052,0.0,0.0,0.0,0.0,0.0,0.0,0.0,2019-04-11
2,hru02,0.0,0.0,0.053,0.0,0.0,0.0,0.0,0.0,0.0,0.0,2019-04-11
3,hru03,0.0,0.0,0.051,0.0,0.0,0.0,0.0,0.0,0.0,0.0,2019-04-11
4,hru04,0.0,0.0,0.052,0.0,0.0,0.0,0.0,0.0,0.0,0.0,2019-04-11
5,hru05,0.0,0.0,0.053,0.0,0.0,0.0,0.0,0.0,0.0,0.0,2019-04-11
6,hru06,0.0,0.0,0.053,0.0,0.0,0.0,0.0,0.0,0.0,0.0,2019-04-11
7,hru07,0.0,0.0,0.054,0.0,0.0,0.0,0.0,0.0,0.0,0.0,2019-04-11
8,hru08,0.0,0.0,0.051,0.0,0.0,0.0,0.0,0.0,0.0,0.0,2019-04-11
9,hru09,0.0,0.0,0.053,0.0,0.0,0.0,0.0,0.0,0.0,0.0,2019-04-11
10,hru10,0.0,0.0,0.053,0.0,0.0,0.0,0.0,0.0,0.0,0.0,2019-04-11
11,hru11,0.0,0.0,0.054,0.0,0.0,0.0,0.0,0.0,0.0,0.0,2019-04-11
12,hru12,0.0,0.0,0.054,0.0,0.0,0.0,0.0,0.0,0.0,0.0,2019-04-11
13,hru13,0.0,0.0,0.054,0.0,0.0,0.0,0.0,0.0,0.0,0.0,2019-04-11
14,hru14,0.0,0.0,0.054,0.0,0.0,0.0,0.0,0.0,0.0,0.0,2019-04-11
15,hru15,0.0,0.0,0.055,0.0,0.0,0.0,0.0,0.0,0.0,0.0,2019-04-11
16,hru16,0.0,0.0,0.054,0.0,0.0,0.0,0.0,0.0,0.0,0.0,2019-04-11
17,hru17,0.0,0.0,0.055,0.0,0.0,0.0,0.0,0.0,0.0,0.0,2019-04-11
18,hru18,0.0,0.0,0.055,0.0,0.0,0.0,0.0,0.0,0.0,0.0,2019-04-11
19,hru19,0.0,0.0,0.056,0.0,0.0,0.0,0.0,0.0,0.0,0.0,2019-04-11
20,hru20,0.0,0.0,0.055,0.0,0.0,0.0,0.0,0.0,0.0,0.0,2019-04-11
21,hru21,0.0,0.0,0.055,0.0,0.0,0.0,0.0,0.0,0.0,0.0,2019-04-11
22,hru22,0.0,0.0,0.055,0.0,0.0,0.0,0.0,0.0,0.0,0.0,2019-04-11
23,hru23,0.0,0.0,0.055,0.0,0.0,0.0,0.0,0.0,0.0,0.0,2019-04-11
24,hru24,0.0,0.0,0.055,0.0,0.0,0.0,0.0,0.0,0.0,0.0,2019-04-11
25,hru25,0.0,0.0,0.055,0.0,0.0,0.0,0.0,0.0,0.0,0.0,2019-04-11
26,hru26,0.0,0.0,0.054,0.0,0.0,0.0,0.0,0.0,0.0,0.0,2019-04-11
27,hru27,0.0,0.0,0.054,0.0,0.0,0.0,0.0,0.0,0.0,0.0,2019-04-11
28,hru28,0.0,0.0,0.054,0.0,0.0,0.0,0.0,0.0,0.0,0.0,2019-04-11
29,hru29,0.0,0.0,0.054,0.0,0.0,0.0,0.0,0.0,0.0,0.0,2019-04-11
30,hru30,0.0,0.0,0.054,0.0,0.0,0.0,0.0,0.0,0.0,0.0,2019-04-11
31,hru31,0.0,0.0,0.052,0.0,0.0,0.0,0.0,0.0,0.0,0.0,2019-04-11
32,hru32,0.0,0.0,0.054,0.0,0.0,0.0,0.0,0.0,0.0,0.0,2019-04-11
33,hru33,0.0,0.0,0.053,0.0,0.0,0.0,0.0,0.0,0.0,0.0,2019-04-11
34,hru34,0.0,0.0,0.053,0.0,0.0,0.0,0.0,0.0,0.0,0.0,2019-04-11
35,hru35,0.0,0.0,0.052,0.0,0.0,0.0,0.0,0.0,0.0,0.0,2019-04-11
36,hru36,0.0,0.0,0.053,0.0,0.0,0.0,0.0,0.0,0.0,0.0,2019-04-11
1,hru01,0.0,0.0,0.052,0.0,0.0,0.0,0.0,0.0,0.0,0.0,2019-04-12
2,hru02,0.0,0.0,0.053,0.0,0.0,0.0,0.0,0.0,0.0,0.0,2019-04-12
3,hru03,0.0,0.0,0.051,0.0,0.0,0.0,0.0,0.0,0.0,0.0,2019-04-12
4,hru04,0.0,0.0,0.052,0.0,0.0,0.0,0.0,0.0,0.0,0.0,2019-04-12
5,hru05,0.0,0.0,0.053,0.0,0.0,0.0,0.0,0.0,0.0,0.0,2019-04-12
6,hru06,0.0,0.0,0.053,0.0,0.0,0.0,0.0,0.0,0.0,0.0,2019-04-12
7,hru07,0.0,0.0,0.054,0.0,0.0,0.0,0.0,0.0,0.0,0.0,2019-04-12
8,hru08,0.0,0.0,0.051,0.0,0.0,0.0,0.0,0.0,0.0,0.0,2019-04-12
9,hru09,0.0,0.0,0.053,0.0,0.0,0.0,0.0,0.0,0.0,0.0,2019-04-12
10,hru10,0.0,0.0,0.053,0.0,0.0,0.0,0.0,0.0,0.0,0.0,2019-04-12
11,hru11,0.0,0.0,0.054,0.0,0.0,0.0,0.0,0.0,0.0,0.0,2019-04-12
12,hru12,0.0,0.0,0.054,0.0,0.0,0.0,0.0,0.0,0.0,0.0,2019-04-12
13,hru13,0.0,0.0,0.055,0.0,0.0,0.0,0.0,0.0,0.0,0.0,2019-04-12
14,hru14,0.0,0.0,0.054,0.0,0.0,0.0,0.0,0.0,0.0,0.0,2019-04-12
15,hru15,0.0,0.0,0.055,0.0,0.0,0.0,0.0,0.0,0.0,0.0,2019-04-12
16,hru16,0.0,0.0,0.054,0.0,0.0,0.0,0.0,0.0,0.0,0.0,2019-04-12
17,hru17,0.0,0.0,0.055,0.0,0.0,0.0,0.0,0.0,0.0,0.0,2019-04-12
18,hru18,0.0,0.0,0.055,0.0,0.0,0.0,0.0,0.0,0.0,0.0,2019-04-12
19,hru19,0.0,0.0,0.056,0.0,0.0,0.0,0.0,0.0,0.0,0.0,2019-04-12
20,hru20,0.0,0.0,0.055,0.0,0.0,0.0,0.0,0.0,0.0,0.0,2019-04-12
21,hru21,0.0,0.0,0.055,0.0,0.0,0.0,0.0,0.0,0.0,0.0,2019-04-12
22,hru22,0.0,0.0,0.055,0.0,0.0,0.0,0.0,0.0,0.0,0.0,2019-04-12
23,hru23,0.0,0.0,0.055,0.0,0.0,0.0,0.0,0.0,0.0,0.0,2019-04-12
24,hru24,0.0,0.0,0.055,0.0,0.0,0.0,0.0,0.0,0.0,0.0,2019-04-12
25,hru25,0.0,0.0,0.055,0.0,0.0,0.0,0.0,0.0,0.0,0.0,2019-04-12
26,hru26,0.0,0.0,0.054,0.0,0.0,0.0,0.0,0.0,0.0,0.0,2019-04-12
27,hru27,0.0,0.0,0.054,0.0,0.0,0.0,0.0,0.0,0.0,0.0,2019-04-12
28,hru28,0.0,0.0,0.054,0.0,0.0,0.0,0.0,0.0,0.0,0.0,2019-04-12
29,hru29,0.0,0.0,0.054,0.0,0.0,0.0,0.0,0.0,0.0,0.0,2019-04-12
30,hru30,0.0,0.0,0.054,0.0,0.0,0.0,0.0,0.0,0.0,0.0,2019-04-12
31,hru31,0.0,0.0,0.052,0.0,0.0,0.0,0.0,0.0,0.0,0.0,2019-04-12
32,hru32,0.0,0.0,0.055,0.0,0.0,0.0,0.0,0.0,0.0,0.0,2019-04-12
33,hru33,0.0,0.0,0.053,0.0,0.0,0.0,0.0,0.0,0.0,0.0,2019-04-12
34,hru34,0.0,0.0,0.053,0.0,0.0,0.0,0.0,0.0,0.0,0.0,2019-04-12
35,hru35,0.0,0.0,0.052,0.0,0.0,0.0,0.0,0.0,0.0,0.0,2019-04-12
36,hru36,0.0,0.0,0.053,0.0,0.0,0.0,0.0,0.0,0.0,0.0,2019-04-12
1,hru01,0.0,0.0,0.053,0.0,0.0,0.0,0.0,0.0,0.0,0.0,2019-04-13
2,hru02,0.0,0.0,0.054,0.0,0.0,0.0,0.0,0.0,0.0,0.0,2019-04-13
3,hru03,0.0,0.0,0.052,0.0,0.0,0.0,0.0,0.0,0.0,0.0,2019-04-13
4,hru04,0.0,0.0,0.053,0.0,0.0,0.0,0.0,0.0,0.0,0.0,2019-04-13
5,hru05,0.0,0.0,0.054,0.0,0.0,0.0,0.0,0.0,0.0,0.0,2019-04-13
6,hru06,0.0,0.0,0.054,0.0,0.0,0.0,0.0,0.0,0.0,0.0,2019-04-13
7,hru07,0.0,0.0,0.055,0.0,0.0,0.0,0.0,0.0,0.0,0.0,2019-04-13
8,hru08,0.0,0.0,0.052,0.0,0.0,0.0,0.0,0.0,0.0,0.0,2019-04-13
9,hru09,0.0,0.0,0.054,0.0,0.0,0.0,0.0,0.0,0.0,0.0,2019-04-13
10,hru10,0.0,0.0,0.054,0.0,0.0,0.0,0.0,0.0,0.0,0.0,2019-04-13
11,hru11,0.0,0.0,0.055,0.0,0.0,0.0,0.0,0.0,0.0,0.0,2019-04-13
12,hru12,0.0,0.0,0.055,0.0,0.0,0.0,0.0,0.0,0.0,0.0,2019-04-13
13,hru13,0.0,0.0,0.055,0.0,0.0,0.0,0.0,0.0,0.0,0.0,2019-04-13
14,hru14,0.0,0.0,0.055,0.0,0.0,0.0,0.0,0.0,0.0,0.0,2019-04-13
15,hru15,0.0,0.0,0.056,0.0,0.0,0.0,0.0,0.0,0.0,0.0,2019-04-13
16,hru16,0.0,0.0,0.055,0.0,0.0,0.0,0.0,0.0,0.0,0.0,2019-04-13
17,hru17,0.0,0.0,0.056,0.0,0.0,0.0,0.0,0.0,0.0,0.0,2019-04-13
18,hru18,0.0,0.0,0.056,0.0,0.0,0.0,0.0,0.0,0.0,0.0,2019-04-13
19,hru19,0.0,0.0,0.057,0.0,0.0,0.0,0.0,0.0,0.0,0.0,2019-04-13
20,hru20,0.0,0.0,0.055,0.0,0.0,0.0,0.0,0.0,0.0,0.0,2019-04-13
21,hru21,0.0,0.0,0.056,0.0,0.0,0.0,0.0,0.0,0.0,0.0,2019-04-13
22,hru22,0.0,0.0,0.056,0.0,0.0,0.0,0.0,0.0,0.0,0.0,2019-04-13
23,hru23,0.0,0.0,0.056,0.0,0.0,0.0,0.0,0.0,0.0,0.0,2019-04-13
24,hru24,0.0,0.0,0.056,0.0,0.0,0.0,0.0,0.0,0.0,0.0,2019-04-13
25,hru25,0.0,0.0,0.055,0.0,0.0,0.0,0.0,0.0,0.0,0.0,2019-04-13
26,hru26,0.0,0.0,0.055,0.0,0.0,0.0,0.0,0.0,0.0,0.0,2019-04-13
27,hru27,0.0,0.0,0.055,0.0,0.0,0.0,0.0,0.0,0.0,0.0,2019-04-13
28,hru28,0.0,0.0,0.055,0.0,0.0,0.0,0.0,0.0,0.0,0.0,2019-04-13
29,hru29,0.0,0.0,0.055,0.0,0.0,0.0,0.0,0.0,0.0,0.0,2019-04-13
30,hru30,0.0,0.0,0.055,0.0,0.0,0.0,0.0,0.0,0.0,0.0,2019-04-13
31,hru31,0.0,0.0,0.053,0.0,0.0,0.0,0.0,0.0,0.0,0.0,2019-04-13
32,hru32,0.0,0.0,0.055,0.0,0.0,0.0,0.0,0.0,0.0,0.0,2019-04-13
33,hru33,0.0,0.0,0.054,0.0,0.0,0.0,0.0,0.0,0.0,0.0,2019-04-13
34,hru34,0.0,0.0,0.054,0.0,0.0,0.0,0.0,0.0,0.0,0.0,2019-04-13
35,hru35,0.0,0.0,0.053,0.0,0.0,0.0,0.0,0.0,0.0,0.0,2019-04-13
36,hru36,0.0,0.0,0.054,0.0,0.0,0.0,0.0,0.0,0.0,0.0,2019-04-13
1,hru01,0.0,0.0,0.054,0.0,0.0,0.0,0.0,0.0,0.0,0.0,2019-04-14
2,hru02,0.0,0.0,0.055,0.0,0.0,0.0,0.0,0.0,0.0,0.0,2019-04-14
3,hru03,0.0,0.0,0.053,0.0,0.0,0.0,0.0,0.0,0.0,0.0,2019-04-14
4,hru04,0.0,0.0,0.054,0.0,0.0,0.0,0.0,0.0,0.0,0.0,2019-04-14
5,hru05,0.0,0.0,0.055,0.0,0.0,0.0,0.0,0.0,0.0,0.0,2019-04-14
6,hru06,0.0,0.0,0.055,0.0,0.0,0.0,0.0,0.0,0.0,0.0,2019-04-14
7,hru07,0.0,0.0,0.056,0.0,0.0,0.0,0.0,0.0,0.0,0.0,2019-04-14
8,hru08,0.0,0.0,0.053,0.0,0.0,0.0,0.0,0.0,0.0,0.0,2019-04-14
9,hru09,0.0,0.0,0.055,0.0,0.0,0.0,0.0,0.0,0.0,0.0,2019-04-14
10,hru10,0.0,0.0,0.055,0.0,0.0,0.0,0.0,0.0,0.0,0.0,2019-04-14
11,hru11,0.0,0.0,0.056,0.0,0.0,0.0,0.0,0.0,0.0,0.0,2019-04-14
12,hru12,0.0,0.0,0.056,0.0,0.0,0.0,0.0,0.0,0.0,0.0,2019-04-14
13,hru13,0.0,0.0,0.056,0.0,0.0,0.0,0.0,0.0,0.0,0.0,2019-04-14
14,hru14,0.0,0.0,0.056,0.0,0.0,0.0,0.0,0.0,0.0,0.0,2019-04-14
15,hru15,0.0,0.0,0.057,0.0,0.0,0.0,0.0,0.0,0.0,0.0,2019-04-14
16,hru16,0.0,0.0,0.056,0.0,0.0,0.0,0.0,0.0,0.0,0.0,2019-04-14
17,hru17,0.0,0.0,0.057,0.0,0.0,0.0,0.0,0.0,0.0,0.0,2019-04-14
18,hru18,0.0,0.0,0.057,0.0,0.0,0.0,0.0,0.0,0.0,0.0,2019-04-14
19,hru19,0.0,0.0,0.058,0.0,0.0,0.0,0.0,0.0,0.0,0.0,2019-04-14
20,hru20,0.0,0.0,0.056,0.0,0.0,0.0,0.0,0.0,0.0,0.0,2019-04-14
21,hru21,0.0,0.0,0.057,0.0,0.0,0.0,0.0,0.0,0.0,0.0,2019-04-14
22,hru22,0.0,0.0,0.057,0.0,0.0,0.0,0.0,0.0,0.0,0.0,2019-04-14
23,hru23,0.0,0.0,0.057,0.0,0.0,0.0,0.0,0.0,0.0,0.0,2019-04-14
24,hru24,0.0,0.0,0.057,0.0,0.0,0.0,0.0,0.0,0.0,0.0,2019-04-14
25,hru25,0.0,0.0,0.056,0.0,0.0,0.0,0.0,0.0,0.0,0.0,2019-04-14
26,hru26,0.0,0.0,0.056,0.0,0.0,0.0,0.0,0.0,0.0,0.0,2019-04-14
27,hru27,0.0,0.0,0.056,0.0,0.0,0.0,0.0,0.0,0.0,0.0,2019-04-14
28,hru28,0.0,0.0,0.056,0.0,0.0,0.0,0.0,0.0,0.0,0.0,2019-04-14
29,hru29,0.0,0.0,0.056,0.0,0.0,0.0,0.0,0.0,0.0,0.0,2019-04-14
30,hru30,0.0,0.0,0.056,0.0,0.0,0.0,0.0,0.0,0.0,0.0,2019-04-14
31,hru31,0.0,0.0,0.054,0.0,0.0,0.0,0.0,0.0,0.0,0.0,2019-04-14
32,hru32,0.0,0.0,0.056,0.0,0.0,0.0,0.0,0.0,0.0,0.0,2019-04-14
33,hru33,0.0,0.0,0.055,0.0,0.0,0.0,0.0,0.0,0.0,0.0,2019-04-14
34,hru34,0.0,0.0,0.055,0.0,0.0,0.0,0.0,0.0,0.0,0.0,2019-04-14
35,hru35,0.0,0.0,0.054,0.0,0.0,0.0,0.0,0.0,0.0,0.0,2019-04-14
36,hru36,0.0,0.0,0.055,0.0,0.0,0.0,0.0,0.0,0.0,0.0,2019-04-14
1,hru01,0.0,0.0,0.056,0.0,0.0,0.0,0.0,0.0,0.0,0.0,2019-04-15
2,hru02,0.0,0.0,0.058,0.0,0.0,0.0,0.0,0.0,0.0,0.0,2019-04-15
3,hru03,0.0,0.0,0.056,0.0,0.0,0.0,0.0,0.0,0.0,0.0,2019-04-15
4,hru04,0.0,0.0,0.057,0.0,0.0,0.0,0.0,0.0,0.0,0.0,2019-04-15
5,hru05,0.0,0.0,0.057,0.0,0.0,0.0,0.0,0.0,0.0,0.0,2019-04-15
6,hru06,0.0,0.0,0.057,0.0,0.0,0.0,0.0,0.0,0.0,0.0,2019-04-15
7,hru07,0.0,0.0,0.058,0.0,0.0,0.0,0.0,0.0,0.0,0.0,2019-04-15
8,hru08,0.0,0.0,0.056,0.0,0.0,0.0,0.0,0.0,0.0,0.0,2019-04-15
9,hru09,0.0,0.0,0.058,0.0,0.0,0.0,0.0,0.0,0.0,0.0,2019-04-15
10,hru10,0.0,0.0,0.058,0.0,0.0,0.0,0.0,0.0,0.0,0.0,2019-04-15
11,hru11,0.0,0.0,0.058,0.0,0.0,0.0,0.0,0.0,0.0,0.0,2019-04-15
12,hru12,0.0,0.0,0.059,0.0,0.0,0.0,0.0,0.0,0.0,0.0,2019-04-15
13,hru13,0.0,0.0,0.059,0.0,0.0,0.0,0.0,0.0,0.0,0.0,2019-04-15
14,hru14,0.0,0.0,0.059,0.0,0.0,0.0,0.0,0.0,0.0,0.0,2019-04-15
15,hru15,0.0,0.0,0.06,0.0,0.0,0.0,0.0,0.0,0.0,0.0,2019-04-15
16,hru16,0.0,0.0,0.059,0.0,0.0,0.0,0.0,0.0,0.0,0.0,2019-04-15
17,hru17,0.0,0.0,0.06,0.0,0.0,0.0,0.0,0.0,0.0,0.0,2019-04-15
18,hru18,0.0,0.0,0.06,0.0,0.0,0.0,0.0,0.0,0.0,0.0,2019-04-15
19,hru19,0.0,0.0,0.061,0.0,0.0,0.0,0.0,0.0,0.0,0.0,2019-04-15
20,hru20,0.0,0.0,0.059,0.0,0.0,0.0,0.0,0.0,0.0,0.0,2019-04-15
21,hru21,0.0,0.0,0.06,0.0,0.0,0.0,0.0,0.0,0.0,0.0,2019-04-15
22,hru22,0.0,0.0,0.06,0.0,0.0,0.0,0.0,0.0,0.0,0.0,2019-04-15
23,hru23,0.0,0.0,0.06,0.0,0.0,0.0,0.0,0.0,0.0,0.0,2019-04-15
24,hru24,0.0,0.0,0.06,0.0,0.0,0.0,0.0,0.0,0.0,0.0,2019-04-15
25,hru25,0.0,0.0,0.059,0.0,0.0,0.0,0.0,0.0,0.0,0.0,2019-04-15
26,hru26,0.0,0.0,0.059,0.0,0.0,0.0,0.0,0.0,0.0,0.0,2019-04-15
27,hru27,0.0,0.0,0.058,0.0,0.0,0.0,0.0,0.0,0.0,0.0,2019-04-15
28,hru28,0.0,0.0,0.058,0.0,0.0,0.0,0.0,0.0,0.0,0.0,2019-04-15
29,hru29,0.0,0.0,0.058,0.0,0.0,0.0,0.0,0.0,0.0,0.0,2019-04-15
30,hru30,0.0,0.0,0.058,0.0,0.0,0.0,0.0,0.0,0.0,0.0,2019-04-15
31,hru31,0.0,0.0,0.056,0.0,0.0,0.0,0.0,0.0,0.0,0.0,2019-04-15
32,hru32,0.0,0.0,0.059,0.0,0.0,0.0,0.0,0.0,0.0,0.0,2019-04-15
33,hru33,0.0,0.0,0.058,0.0,0.0,0.0,0.0,0.0,0.0,0.0,2019-04-15
34,hru34,0.0,0.0,0.058,0.0,0.0,0.0,0.0,0.0,0.0,0.0,2019-04-15
35,hru35,0.0,0.0,0.056,0.0,0.0,0.0,0.0,0.0,0.0,0.0,2019-04-15
36,hru36,0.0,0.0,0.058,0.0,0.0,0.0,0.0,0.0,0.0,0.0,2019-04-15
1,hru01,0.0,0.0,0.06,0.0,0.0,0.0,0.0,0.0,0.0,0.0,2019-04-16
2,hru02,0.0,0.0,0.061,0.0,0.0,0.0,0.0,0.0,0.0,0.0,2019-04-16
3,hru03,0.0,0.0,0.06,0.0,0.0,0.0,0.0,0.0,0.0,0.0,2019-04-16
4,hru04,0.0,0.0,0.06,0.0,0.0,0.0,0.0,0.0,0.0,0.0,2019-04-16
5,hru05,0.0,0.0,0.061,0.0,0.0,0.0,0.0,0.0,0.0,0.0,2019-04-16
6,hru06,0.0,0.0,0.061,0.0,0.0,0.0,0.0,0.0,0.0,0.0,2019-04-16
7,hru07,0.0,0.0,0.062,0.0,0.0,0.0,0.0,0.0,0.0,0.0,2019-04-16
8,hru08,0.0,0.0,0.06,0.0,0.0,0.0,0.0,0.0,0.0,0.0,2019-04-16
9,hru09,0.0,0.0,0.062,0.0,0.0,0.0,0.0,0.0,0.0,0.0,2019-04-16
10,hru10,0.0,0.0,0.062,0.0,0.0,0.0,0.0,0.0,0.0,0.0,2019-04-16
11,hru11,0.0,0.0,0.062,0.0,0.0,0.0,0.0,0.0,0.0,0.0,2019-04-16
12,hru12,0.0,0.0,0.063,0.0,0.0,0.0,0.0,0.0,0.0,0.0,2019-04-16
13,hru13,0.0,0.0,0.063,0.0,0.0,0.0,0.0,0.0,0.0,0.0,2019-04-16
14,hru14,0.0,0.0,0.063,0.0,0.0,0.0,0.0,0.0,0.0,0.0,2019-04-16
15,hru15,0.0,0.0,0.064,0.0,0.0,0.0,0.0,0.0,0.0,0.0,2019-04-16
16,hru16,0.0,0.0,0.063,0.0,0.0,0.0,0.0,0.0,0.0,0.0,2019-04-16
17,hru17,0.0,0.0,0.064,0.0,0.0,0.0,0.0,0.0,0.0,0.0,2019-04-16
18,hru18,0.0,0.0,0.064,0.0,0.0,0.0,0.0,0.0,0.0,0.0,2019-04-16
19,hru19,0.0,0.0,0.065,0.0,0.0,0.0,0.0,0.0,0.0,0.0,2019-04-16
20,hru20,0.0,0.0,0.063,0.0,0.0,0.0,0.0,0.0,0.0,0.0,2019-04-16
21,hru21,0.0,0.0,0.064,0.0,0.0,0.0,0.0,0.0,0.0,0.0,2019-04-16
22,hru22,0.0,0.0,0.064,0.0,0.0,0.0,0.0,0.0,0.0,0.0,2019-04-16
23,hru23,0.0,0.0,0.064,0.0,0.0,0.0,0.0,0.0,0.0,0.0,2019-04-16
24,hru24,0.0,0.0,0.064,0.0,0.0,0.0,0.0,0.0,0.0,0.0,2019-04-16
25,hru25,0.0,0.0,0.063,0.0,0.0,0.0,0.0,0.0,0.0,0.0,2019-04-16
26,hru26,0.0,0.0,0.063,0.0,0.0,0.0,0.0,0.0,0.0,0.0,2019-04-16
27,hru27,0.0,0.0,0.062,0.0,0.0,0.0,0.0,0.0,0.0,0.0,2019-04-16
28,hru28,0.0,0.0,0.062,0.0,0.0,0.0,0.0,0.0,0.0,0.0,2019-04-16
29,hru29,0.0,0.0,0.062,0.0,0.0,0.0,0.0,0.0,0.0,0.0,2019-04-16
30,hru30,0.0,0.0,0.062,0.0,0.0,0.0,0.0,0.0,0.0,0.0,2019-04-16
31,hru31,0.0,0.0,0.06,0.0,0.0,0.0,0.0,0.0,0.0,0.0,2019-04-16
32,hru32,0.0,0.0,0.063,0.0,0.0,0.0,0.0,0.0,0.0,0.0,2019-04-16
33,hru33,0.0,0.0,0.062,0.0,0.0,0.0,0.0,0.0,0.0,0.0,2019-04-16
34,hru34,0.0,0.0,0.062,0.0,0.0,0.0,0.0,0.0,0.0,0.0,2019-04-16
35,hru35,0.0,0.0,0.06,0.0,0.0,0.0,0.0,0.0,0.0,0.0,2019-04-16
36,hru36,0.0,0.0,0.062,0.0,0.0,0.0,0.0,0.0,0.0,0.0,2019-04-16
1,hru01,0.0,0.0,0.064,0.0,0.0,0.0,0.0,0.0,0.0,0.0,2019-04-17
2,hru02,0.0,0.0,0.065,0.0,0.0,0.0,0.0,0.0,0.0,0.0,2019-04-17
3,hru03,0.0,0.0,0.064,0.0,0.0,0.0,0.0,0.0,0.0,0.0,2019-04-17
4,hru04,0.0,0.0,0.064,0.0,0.0,0.0,0.0,0.0,0.0,0.0,2019-04-17
5,hru05,0.0,0.0,0.065,0.0,0.0,0.0,0.0,0.0,0.0,0.0,2019-04-17
6,hru06,0.0,0.0,0.065,0.0,0.0,0.0,0.0,0.0,0.0,0.0,2019-04-17
7,hru07,0.0,0.0,0.066,0.0,0.0,0.0,0.0,0.0,0.0,0.0,2019-04-17
8,hru08,0.0,0.0,0.064,0.0,0.0,0.0,0.0,0.0,0.0,0.0,2019-04-17
9,hru09,0.0,0.0,0.066,0.0,0.0,0.0,0.0,0.0,0.0,0.0,2019-04-17
10,hru10,0.0,0.0,0.066,0.0,0.0,0.0,0.0,0.0,0.0,0.0,2019-04-17
11,hru11,0.0,0.0,0.066,0.0,0.0,0.0,0.0,0.0,0.0,0.0,2019-04-17
12,hru12,0.0,0.0,0.066,0.0,0.0,0.0,0.0,0.0,0.0,0.0,2019-04-17
13,hru13,0.0,0.0,0.067,0.0,0.0,0.0,0.0,0.0,0.0,0.0,2019-04-17
14,hru14,0.0,0.0,0.066,0.0,0.0,0.0,0.0,0.0,0.0,0.0,2019-04-17
15,hru15,0.0,0.0,0.068,0.0,0.0,0.0,0.0,0.0,0.0,0.0,2019-04-17
16,hru16,0.0,0.0,0.067,0.0,0.0,0.0,0.0,0.0,0.0,0.0,2019-04-17
17,hru17,0.0,0.0,0.068,0.0,0.0,0.0,0.0,0.0,0.0,0.0,2019-04-17
18,hru18,0.0,0.0,0.068,0.0,0.0,0.0,0.0,0.0,0.0,0.0,2019-04-17
19,hru19,0.0,0.0,0.069,0.0,0.0,0.0,0.0,0.0,0.0,0.0,2019-04-17
20,hru20,0.0,0.0,0.067,0.0,0.0,0.0,0.0,0.0,0.0,0.0,2019-04-17
21,hru21,0.0,0.0,0.068,0.0,0.0,0.0,0.0,0.0,0.0,0.0,2019-04-17
22,hru22,0.0,0.0,0.068,0.0,0.0,0.0,0.0,0.0,0.0,0.0,2019-04-17
23,hru23,0.0,0.0,0.068,0.0,0.0,0.0,0.0,0.0,0.0,0.0,2019-04-17
24,hru24,0.0,0.0,0.068,0.0,0.0,0.0,0.0,0.0,0.0,0.0,2019-04-17
25,hru25,0.0,0.0,0.067,0.0,0.0,0.0,0.0,0.0,0.0,0.0,2019-04-17
26,hru26,0.0,0.0,0.067,0.0,0.0,0.0,0.0,0.0,0.0,0.0,2019-04-17
27,hru27,0.0,0.0,0.066,0.0,0.0,0.0,0.0,0.0,0.0,0.0,2019-04-17
28,hru28,0.0,0.0,0.066,0.0,0.0,0.0,0.0,0.0,0.0,0.0,2019-04-17
29,hru29,0.0,0.0,0.066,0.0,0.0,0.0,0.0,0.0,0.0,0.0,2019-04-17
30,hru30,0.0,0.0,0.066,0.0,0.0,0.0,0.0,0.0,0.0,0.0,2019-04-17
31,hru31,0.0,0.0,0.064,0.0,0.0,0.0,0.0,0.0,0.0,0.0,2019-04-17
32,hru32,0.0,0.0,0.067,0.0,0.0,0.0,0.0,0.0,0.0,0.0,2019-04-17
33,hru33,0.0,0.0,0.066,0.0,0.0,0.0,0.0,0.0,0.0,0.0,2019-04-17
34,hru34,0.0,0.0,0.066,0.0,0.0,0.0,0.0,0.0,0.0,0.0,2019-04-17
35,hru35,0.0,0.0,0.064,0.0,0.0,0.0,0.0,0.0,0.0,0.0,2019-04-17
36,hru36,0.0,0.0,0.066,0.0,0.0,0.0,0.0,0.0,0.0,0.0,2019-04-17
1,hru01,0.0,0.0,0.066,0.0,0.0,0.0,0.0,0.0,0.0,0.0,2019-04-18
2,hru02,0.0,0.0,0.067,0.0,0.0,0.0,0.0,0.0,0.0,0.0,2019-04-18
3,hru03,0.0,0.0,0.065,0.0,0.0,0.0,0.0,0.0,0.0,0.0,2019-04-18
4,hru04,0.0,0.0,0.066,0.0,0.0,0.0,0.0,0.0,0.0,0.0,2019-04-18
5,hru05,0.0,0.0,0.067,0.0,0.0,0.0,0.0,0.0,0.0,0.0,2019-04-18
6,hru06,0.0,0.0,0.067,0.0,0.0,0.0,0.0,0.0,0.0,0.0,2019-04-18
7,hru07,0.0,0.0,0.068,0.0,0.0,0.0,0.0,0.0,0.0,0.0,2019-04-18
8,hru08,0.0,0.0,0.065,0.0,0.0,0.0,0.0,0.0,0.0,0.0,2019-04-18
9,hru09,0.0,0.0,0.068,0.0,0.0,0.0,0.0,0.0,0.0,0.0,2019-04-18
10,hru10,0.0,0.0,0.068,0.0,0.0,0.0,0.0,0.0,0.0,0.0,2019-04-18
11,hru11,0.0,0.0,0.068,0.0,0.0,0.0,0.0,0.0,0.0,0.0,2019-04-18
12,hru12,0.0,0.0,0.068,0.0,0.0,0.0,0.0,0.0,0.0,0.0,2019-04-18
13,hru13,0.0,0.0,0.069,0.0,0.0,0.0,0.0,0.0,0.0,0.0,2019-04-18
14,hru14,0.0,0.0,0.068,0.0,0.0,0.0,0.0,0.0,0.0,0.0,2019-04-18
15,hru15,0.0,0.0,0.07,0.0,0.0,0.0,0.0,0.0,0.0,0.0,2019-04-18
16,hru16,0.0,0.0,0.069,0.0,0.0,0.0,0.0,0.0,0.0,0.0,2019-04-18
17,hru17,0.0,0.0,0.069,0.0,0.0,0.0,0.0,0.0,0.0,0.0,2019-04-18
18,hru18,0.0,0.0,0.07,0.0,0.0,0.0,0.0,0.0,0.0,0.0,2019-04-18
19,hru19,0.0,0.0,0.071,0.0,0.0,0.0,0.0,0.0,0.0,0.0,2019-04-18
20,hru20,0.0,0.0,0.069,0.0,0.0,0.0,0.0,0.0,0.0,0.0,2019-04-18
21,hru21,0.0,0.0,0.07,0.0,0.0,0.0,0.0,0.0,0.0,0.0,2019-04-18
22,hru22,0.0,0.0,0.07,0.0,0.0,0.0,0.0,0.0,0.0,0.0,2019-04-18
23,hru23,0.0,0.0,0.07,0.0,0.0,0.0,0.0,0.0,0.0,0.0,2019-04-18
24,hru24,0.0,0.0,0.07,0.0,0.0,0.0,0.0,0.0,0.0,0.0,2019-04-18
25,hru25,0.0,0.0,0.069,0.0,0.0,0.0,0.0,0.0,0.0,0.0,2019-04-18
26,hru26,0.0,0.0,0.069,0.0,0.0,0.0,0.0,0.0,0.0,0.0,2019-04-18
27,hru27,0.0,0.0,0.068,0.0,0.0,0.0,0.0,0.0,0.0,0.0,2019-04-18
28,hru28,0.0,0.0,0.068,0.0,0.0,0.0,0.0,0.0,0.0,0.0,2019-04-18
29,hru29,0.0,0.0,0.068,0.0,0.0,0.0,0.0,0.0,0.0,0.0,2019-04-18
30,hru30,0.0,0.0,0.068,0.0,0.0,0.0,0.0,0.0,0.0,0.0,2019-04-18
31,hru31,0.0,0.0,0.066,0.0,0.0,0.0,0.0,0.0,0.0,0.0,2019-04-18
32,hru32,0.0,0.0,0.069,0.0,0.0,0.0,0.0,0.0,0.0,0.0,2019-04-18
33,hru33,0.0,0.0,0.068,0.0,0.0,0.0,0.0,0.0,0.0,0.0,2019-04-18
34,hru34,0.0,0.0,0.068,0.0,0.0,0.0,0.0,0.0,0.0,0.0,2019-04-18
35,hru35,0.0,0.0,0.066,0.0,0.0,0.0,0.0,0.0,0.0,0.0,2019-04-18
36,hru36,0.0,0.0,0.068,0.0,0.0,0.0,0.0,0.0,0.0,0.0,2019-04-18
1,hru01,0.0,0.0,0.069,0.0,0.0,0.0,0.0,0.0,0.0,0.0,2019-04-19
2,hru02,0.0,0.0,0.07,0.0,0.0,0.0,0.0,0.0,0.0,0.0,2019-04-19
3,hru03,0.0,0.0,0.068,0.0,0.0,0.0,0.0,0.0,0.0,0.0,2019-04-19
4,hru04,0.0,0.0,0.069,0.0,0.0,0.0,0.0,0.0,0.0,0.0,2019-04-19
5,hru05,0.0,0.0,0.07,0.0,0.0,0.0,0.0,0.0,0.0,0.0,2019-04-19
6,hru06,0.0,0.0,0.07,0.0,0.0,0.0,0.0,0.0,0.0,0.0,2019-04-19
7,hru07,0.0,0.0,0.071,0.0,0.0,0.0,0.0,0.0,0.0,0.0,2019-04-19
8,hru08,0.0,0.0,0.068,0.0,0.0,0.0,0.0,0.0,0.0,0.0,2019-04-19
9,hru09,0.0,0.0,0.07,0.0,0.0,0.0,0.0,0.0,0.0,0.0,2019-04-19
10,hru10,0.0,0.0,0.07,0.0,0.0,0.0,0.0,0.0,0.0,0.0,2019-04-19
11,hru11,0.0,0.0,0.071,0.0,0.0,0.0,0.0,0.0,0.0,0.0,2019-04-19
12,hru12,0.0,0.0,0.071,0.0,0.0,0.0,0.0,0.0,0.0,0.0,2019-04-19
13,hru13,0.0,0.0,0.071,0.0,0.0,0.0,0.0,0.0,0.0,0.0,2019-04-19
14,hru14,0.0,0.0,0.071,0.0,0.0,0.0,0.0,0.0,0.0,0.0,2019-04-19
15,hru15,0.0,0.0,0.072,0.0,0.0,0.0,0.0,0.0,0.0,0.0,2019-04-19
16,hru16,0.0,0.0,0.071,0.0,0.0,0.0,0.0,0.0,0.0,0.0,2019-04-19
17,hru17,0.0,0.0,0.072,0.0,0.0,0.0,0.0,0.0,0.0,0.0,2019-04-19
18,hru18,0.0,0.0,0.072,0.0,0.0,0.0,0.0,0.0,0.0,0.0,2019-04-19
19,hru19,0.0,0.0,0.073,0.0,0.0,0.0,0.0,0.0,0.0,0.0,2019-04-19
20,hru20,0.0,0.0,0.072,0.0,0.0,0.0,0.0,0.0,0.0,0.0,2019-04-19
21,hru21,0.0,0.0,0.072,0.0,0.0,0.0,0.0,0.0,0.0,0.0,2019-04-19
22,hru22,0.0,0.0,0.072,0.0,0.0,0.0,0.0,0.0,0.0,0.0,2019-04-19
23,hru23,0.0,0.0,0.072,0.0,0.0,0.0,0.0,0.0,0.0,0.0,2019-04-19
24,hru24,0.0,0.0,0.072,0.0,0.0,0.0,0.0,0.0,0.0,0.0,2019-04-19
25,hru25,0.0,0.0,0.072,0.0,0.0,0.0,0.0,0.0,0.0,0.0,2019-04-19
26,hru26,0.0,0.0,0.071,0.0,0.0,0.0,0.0,0.0,0.0,0.0,2019-04-19
27,hru27,0.0,0.0,0.071,0.0,0.0,0.0,0.0,0.0,0.0,0.0,2019-04-19
28,hru28,0.0,0.0,0.071,0.0,0.0,0.0,0.0,0.0,0.0,0.0,2019-04-19
29,hru29,0.0,0.0,0.071,0.0,0.0,0.0,0.0,0.0,0.0,0.0,2019-04-19
30,hru30,0.0,0.0,0.071,0.0,0.0,0.0,0.0,0.0,0.0,0.0,2019-04-19
31,hru31,0.0,0.0,0.069,0.0,0.0,0.0,0.0,0.0,0.0,0.0,2019-04-19
32,hru32,0.0,0.0,0.071,0.0,0.0,0.0,0.0,0.0,0.0,0.0,2019-04-19
33,hru33,0.0,0.0,0.07,0.0,0.0,0.0,0.0,0.0,0.0,0.0,2019-04-19
34,hru34,0.0,0.0,0.07,0.0,0.0,0.0,0.0,0.0,0.0,0.0,2019-04-19
35,hru35,0.0,0.0,0.069,0.0,0.0,0.0,0.0,0.0,0.0,0.0,2019-04-19
36,hru36,0.0,0.0,0.07,0.0,0.0,0.0,0.0,0.0,0.0,0.0,2019-04-19
1,hru01,0.0,0.0,0.073,0.0,0.0,0.0,0.0,0.0,0.0,0.0,2019-04-20
2,hru02,0.0,0.0,0.074,0.0,0.0,0.0,0.0,0.0,0.0,0.0,2019-04-20
3,hru03,0.0,0.0,0.072,0.0,0.0,0.0,0.0,0.0,0.0,0.0,2019-04-20
4,hru04,0.0,0.0,0.073,0.0,0.0,0.0,0.0,0.0,0.0,0.0,2019-04-20
5,hru05,0.0,0.0,0.074,0.0,0.0,0.0,0.0,0.0,0.0,0.0,2019-04-20
6,hru06,0.0,0.0,0.074,0.0,0.0,0.0,0.0,0.0,0.0,0.0,2019-04-20
7,hru07,0.0,0.0,0.075,0.0,0.0,0.0,0.0,0.0,0.0,0.0,2019-04-20
8,hru08,0.0,0.0,0.072,0.0,0.0,0.0,0.0,0.0,0.0,0.0,2019-04-20
9,hru09,0.0,0.0,0.074,0.0,0.0,0.0,0.0,0.0,0.0,0.0,2019-04-20
10,hru10,0.0,0.0,0.074,0.0,0.0,0.0,0.0,0.0,0.0,0.0,2019-04-20
11,hru11,0.0,0.0,0.075,0.0,0.0,0.0,0.0,0.0,0.0,0.0,2019-04-20
12,hru12,0.0,0.0,0.075,0.0,0.0,0.0,0.0,0.0,0.0,0.0,2019-04-20
13,hru13,0.0,0.0,0.075,0.0,0.0,0.0,0.0,0.0,0.0,0.0,2019-04-20
14,hru14,0.0,0.0,0.075,0.0,0.0,0.0,0.0,0.0,0.0,0.0,2019-04-20
15,hru15,0.0,0.0,0.076,0.0,0.0,0.0,0.0,0.0,0.0,0.0,2019-04-20
16,hru16,0.0,0.0,0.075,0.0,0.0,0.0,0.0,0.0,0.0,0.0,2019-04-20
17,hru17,0.0,0.0,0.076,0.0,0.0,0.0,0.0,0.0,0.0,0.0,2019-04-20
18,hru18,0.0,0.0,0.076,0.0,0.0,0.0,0.0,0.0,0.0,0.0,2019-04-20
19,hru19,0.0,0.0,0.077,0.0,0.0,0.0,0.0,0.0,0.0,0.0,2019-04-20
20,hru20,0.0,0.0,0.075,0.0,0.0,0.0,0.0,0.0,0.0,0.0,2019-04-20
21,hru21,0.0,0.0,0.076,0.0,0.0,0.0,0.0,0.0,0.0,0.0,2019-04-20
22,hru22,0.0,0.0,0.076,0.0,0.0,0.0,0.0,0.0,0.0,0.0,2019-04-20
23,hru23,0.0,0.0,0.076,0.0,0.0,0.0,0.0,0.0,0.0,0.0,2019-04-20
24,hru24,0.0,0.0,0.076,0.0,0.0,0.0,0.0,0.0,0.0,0.0,2019-04-20
25,hru25,0.0,0.0,0.075,0.0,0.0,0.0,0.0,0.0,0.0,0.0,2019-04-20
26,hru26,0.0,0.0,0.075,0.0,0.0,0.0,0.0,0.0,0.0,0.0,2019-04-20
27,hru27,0.0,0.0,0.074,0.0,0.0,0.0,0.0,0.0,0.0,0.0,2019-04-20
28,hru28,0.0,0.0,0.075,0.0,0.0,0.0,0.0,0.0,0.0,0.0,2019-04-20
29,hru29,0.0,0.0,0.075,0.0,0.0,0.0,0.0,0.0,0.0,0.0,2019-04-20
30,hru30,0.0,0.0,0.075,0.0,0.0,0.0,0.0,0.0,0.0,0.0,2019-04-20
31,hru31,0.0,0.0,0.073,0.0,0.0,0.0,0.0,0.0,0.0,0.0,2019-04-20
32,hru32,0.0,0.0,0.075,0.0,0.0,0.0,0.0,0.0,0.0,0.0,2019-04-20
33,hru33,0.0,0.0,0.074,0.0,0.0,0.0,0.0,0.0,0.0,0.0,2019-04-20
34,hru34,0.0,0.0,0.074,0.0,0.0,0.0,0.0,0.0,0.0,0.0,2019-04-20
35,hru35,0.0,0.0,0.073,0.0,0.0,0.0,0.0,0.0,0.0,0.0,2019-04-20
36,hru36,0.0,0.0,0.074,0.0,0.0,0.0,0.0,0.0,0.0,0.0,2019-04-20
1,hru01,0.0,0.0,0.079,0.0,0.0,0.0,0.0,0.0,0.0,0.0,2019-04-21
2,hru02,0.0,0.0,0.08,0.0,0.0,0.0,0.0,0.0,0.0,0.0,2019-04-21
3,hru03,0.0,0.0,0.078,0.0,0.0,0.0,0.0,0.0,0.0,0.0,2019-04-21
4,hru04,0.0,0.0,0.079,0.0,0.0,0.0,0.0,0.0,0.0,0.0,2019-04-21
5,hru05,0.0,0.0,0.08,0.0,0.0,0.0,0.0,0.0,0.0,0.0,2019-04-21
6,hru06,0.0,0.0,0.08,0.0,0.0,0.0,0.0,0.0,0.0,0.0,2019-04-21
7,hru07,0.0,0.0,0.08,0.0,0.0,0.0,0.0,0.0,0.0,0.0,2019-04-21
8,hru08,0.0,0.0,0.078,0.0,0.0,0.0,0.0,0.0,0.0,0.0,2019-04-21
9,hru09,0.0,0.0,0.08,0.0,0.0,0.0,0.0,0.0,0.0,0.0,2019-04-21
10,hru10,0.0,0.0,0.08,0.0,0.0,0.0,0.0,0.0,0.0,0.0,2019-04-21
11,hru11,0.0,0.0,0.081,0.0,0.0,0.0,0.0,0.0,0.0,0.0,2019-04-21
12,hru12,0.0,0.0,0.081,0.0,0.0,0.0,0.0,0.0,0.0,0.0,2019-04-21
13,hru13,0.0,0.0,0.081,0.0,0.0,0.0,0.0,0.0,0.0,0.0,2019-04-21
14,hru14,0.0,0.0,0.081,0.0,0.0,0.0,0.0,0.0,0.0,0.0,2019-04-21
15,hru15,0.0,0.0,0.082,0.0,0.0,0.0,0.0,0.0,0.0,0.0,2019-04-21
16,hru16,0.0,0.0,0.081,0.0,0.0,0.0,0.0,0.0,0.0,0.0,2019-04-21
17,hru17,0.0,0.0,0.082,0.0,0.0,0.0,0.0,0.0,0.0,0.0,2019-04-21
18,hru18,0.0,0.0,0.082,0.0,0.0,0.0,0.0,0.0,0.0,0.0,2019-04-21
19,hru19,0.0,0.0,0.083,0.0,0.0,0.0,0.0,0.0,0.0,0.0,2019-04-21
20,hru20,0.0,0.0,0.081,0.0,0.0,0.0,0.0,0.0,0.0,0.0,2019-04-21
21,hru21,0.0,0.0,0.082,0.0,0.0,0.0,0.0,0.0,0.0,0.0,2019-04-21
22,hru22,0.0,0.0,0.082,0.0,0.0,0.0,0.0,0.0,0.0,0.0,2019-04-21
23,hru23,0.0,0.0,0.082,0.0,0.0,0.0,0.0,0.0,0.0,0.0,2019-04-21
24,hru24,0.0,0.0,0.082,0.0,0.0,0.0,0.0,0.0,0.0,0.0,2019-04-21
25,hru25,0.0,0.0,0.081,0.0,0.0,0.0,0.0,0.0,0.0,0.0,2019-04-21
26,hru26,0.0,0.0,0.081,0.0,0.0,0.0,0.0,0.0,0.0,0.0,2019-04-21
27,hru27,0.0,0.0,0.08,0.0,0.0,0.0,0.0,0.0,0.0,0.0,2019-04-21
28,hru28,0.0,0.0,0.081,0.0,0.0,0.0,0.0,0.0,0.0,0.0,2019-04-21
29,hru29,0.0,0.0,0.08,0.0,0.0,0.0,0.0,0.0,0.0,0.0,2019-04-21
30,hru30,0.0,0.0,0.08,0.0,0.0,0.0,0.0,0.0,0.0,0.0,2019-04-21
31,hru31,0.0,0.0,0.079,0.0,0.0,0.0,0.0,0.0,0.0,0.0,2019-04-21
32,hru32,0.0,0.0,0.081,0.0,0.0,0.0,0.0,0.0,0.0,0.0,2019-04-21
33,hru33,0.0,0.0,0.08,0.0,0.0,0.0,0.0,0.0,0.0,0.0,2019-04-21
34,hru34,0.0,0.0,0.08,0.0,0.0,0.0,0.0,0.0,0.0,0.0,2019-04-21
35,hru35,0.0,0.0,0.079,0.0,0.0,0.0,0.0,0.0,0.0,0.0,2019-04-21
36,hru36,0.0,0.0,0.08,0.0,0.0,0.0,0.0,0.0,0.0,0.0,2019-04-21
1,hru01,0.0,0.0,0.082,0.0,0.0,0.0,0.0,0.0,0.0,0.0,2019-04-22
2,hru02,0.0,0.0,0.083,0.0,0.0,0.0,0.0,0.0,0.0,0.0,2019-04-22
3,hru03,0.0,0.0,0.081,0.0,0.0,0.0,0.0,0.0,0.0,0.0,2019-04-22
4,hru04,0.0,0.0,0.082,0.0,0.0,0.0,0.0,0.0,0.0,0.0,2019-04-22
5,hru05,0.0,0.0,0.083,0.0,0.0,0.0,0.0,0.0,0.0,0.0,2019-04-22
6,hru06,0.0,0.0,0.083,0.0,0.0,0.0,0.0,0.0,0.0,0.0,2019-04-22
7,hru07,0.0,0.0,0.084,0.0,0.0,0.0,0.0,0.0,0.0,0.0,2019-04-22
8,hru08,0.0,0.0,0.081,0.0,0.0,0.0,0.0,0.0,0.0,0.0,2019-04-22
9,hru09,0.0,0.0,0.083,0.0,0.0,0.0,0.0,0.0,0.0,0.0,2019-04-22
10,hru10,0.0,0.0,0.083,0.0,0.0,0.0,0.0,0.0,0.0,0.0,2019-04-22
11,hru11,0.0,0.0,0.084,0.0,0.0,0.0,0.0,0.0,0.0,0.0,2019-04-22
12,hru12,0.0,0.0,0.084,0.0,0.0,0.0,0.0,0.0,0.0,0.0,2019-04-22
13,hru13,0.0,0.0,0.085,0.0,0.0,0.0,0.0,0.0,0.0,0.0,2019-04-22
14,hru14,0.0,0.0,0.084,0.0,0.0,0.0,0.0,0.0,0.0,0.0,2019-04-22
15,hru15,0.0,0.0,0.085,0.0,0.0,0.0,0.0,0.0,0.0,0.0,2019-04-22
16,hru16,0.0,0.0,0.085,0.0,0.0,0.0,0.0,0.0,0.0,0.0,2019-04-22
17,hru17,0.0,0.0,0.085,0.0,0.0,0.0,0.0,0.0,0.0,0.0,2019-04-22
18,hru18,0.0,0.0,0.085,0.0,0.0,0.0,0.0,0.0,0.0,0.0,2019-04-22
19,hru19,0.0,0.0,0.087,0.0,0.0,0.0,0.0,0.0,0.0,0.0,2019-04-22
20,hru20,0.0,0.0,0.085,0.0,0.0,0.0,0.0,0.0,0.0,0.0,2019-04-22
21,hru21,0.0,0.0,0.085,0.0,0.0,0.0,0.0,0.0,0.0,0.0,2019-04-22
22,hru22,0.0,0.0,0.085,0.0,0.0,0.0,0.0,0.0,0.0,0.0,2019-04-22
23,hru23,0.0,0.0,0.085,0.0,0.0,0.0,0.0,0.0,0.0,0.0,2019-04-22
24,hru24,0.0,0.0,0.085,0.0,0.0,0.0,0.0,0.0,0.0,0.0,2019-04-22
25,hru25,0.0,0.0,0.085,0.0,0.0,0.0,0.0,0.0,0.0,0.0,2019-04-22
26,hru26,0.0,0.0,0.084,0.0,0.0,0.0,0.0,0.0,0.0,0.0,2019-04-22
27,hru27,0.0,0.0,0.084,0.0,0.0,0.0,0.0,0.0,0.0,0.0,2019-04-22
28,hru28,0.0,0.0,0.084,0.0,0.0,0.0,0.0,0.0,0.0,0.0,2019-04-22
29,hru29,0.0,0.0,0.084,0.0,0.0,0.0,0.0,0.0,0.0,0.0,2019-04-22
30,hru30,0.0,0.0,0.084,0.0,0.0,0.0,0.0,0.0,0.0,0.0,2019-04-22
31,hru31,0.0,0.0,0.082,0.0,0.0,0.0,0.0,0.0,0.0,0.0,2019-04-22
32,hru32,0.0,0.0,0.085,0.0,0.0,0.0,0.0,0.0,0.0,0.0,2019-04-22
33,hru33,0.0,0.0,0.083,0.0,0.0,0.0,0.0,0.0,0.0,0.0,2019-04-22
34,hru34,0.0,0.0,0.083,0.0,0.0,0.0,0.0,0.0,0.0,0.0,2019-04-22
35,hru35,0.0,0.0,0.082,0.0,0.0,0.0,0.0,0.0,0.0,0.0,2019-04-22
36,hru36,0.0,0.0,0.083,0.0,0.0,0.0,0.0,0.0,0.0,0.0,2019-04-22
1,hru01,0.0,0.0,0.085,0.0,0.0,0.0,0.0,0.0,0.0,0.0,2019-04-23
2,hru02,0.0,0.0,0.086,0.0,0.0,0.0,0.0,0.0,0.0,0.0,2019-04-23
3,hru03,0.0,0.0,0.084,0.0,0.0,0.0,0.0,0.0,0.0,0.0,2019-04-23
4,hru04,0.0,0.0,0.085,0.0,0.0,0.0,0.0,0.0,0.0,0.0,2019-04-23
5,hru05,0.0,0.0,0.086,0.0,0.0,0.0,0.0,0.0,0.0,0.0,2019-04-23
6,hru06,0.0,0.0,0.086,0.0,0.0,0.0,0.0,0.0,0.0,0.0,2019-04-23
7,hru07,0.0,0.0,0.087,0.0,0.0,0.0,0.0,0.0,0.0,0.0,2019-04-23
8,hru08,0.0,0.0,0.084,0.0,0.0,0.0,0.0,0.0,0.0,0.0,2019-04-23
9,hru09,0.0,0.0,0.086,0.0,0.0,0.0,0.0,0.0,0.0,0.0,2019-04-23
10,hru10,0.0,0.0,0.086,0.0,0.0,0.0,0.0,0.0,0.0,0.0,2019-04-23
11,hru11,0.0,0.0,0.087,0.0,0.0,0.0,0.0,0.0,0.0,0.0,2019-04-23
12,hru12,0.0,0.0,0.087,0.0,0.0,0.0,0.0,0.0,0.0,0.0,2019-04-23
13,hru13,0.0,0.0,0.088,0.0,0.0,0.0,0.0,0.0,0.0,0.0,2019-04-23
14,hru14,0.0,0.0,0.087,0.0,0.0,0.0,0.0,0.0,0.0,0.0,2019-04-23
15,hru15,0.0,0.0,0.089,0.0,0.0,0.0,0.0,0.0,0.0,0.0,2019-04-23
16,hru16,0.0,0.0,0.088,0.0,0.0,0.0,0.0,0.0,0.0,0.0,2019-04-23
17,hru17,0.0,0.0,0.088,0.0,0.0,0.0,0.0,0.0,0.0,0.0,2019-04-23
18,hru18,0.0,0.0,0.089,0.0,0.0,0.0,0.0,0.0,0.0,0.0,2019-04-23
19,hru19,0.0,0.0,0.09,0.0,0.0,0.0,0.0,0.0,0.0,0.0,2019-04-23
20,hru20,0.0,0.0,0.088,0.0,0.0,0.0,0.0,0.0,0.0,0.0,2019-04-23
21,hru21,0.0,0.0,0.089,0.0,0.0,0.0,0.0,0.0,0.0,0.0,2019-04-23
22,hru22,0.0,0.0,0.089,0.0,0.0,0.0,0.0,0.0,0.0,0.0,2019-04-23
23,hru23,0.0,0.0,0.089,0.0,0.0,0.0,0.0,0.0,0.0,0.0,2019-04-23
24,hru24,0.0,0.0,0.089,0.0,0.0,0.0,0.0,0.0,0.0,0.0,2019-04-23
25,hru25,0.0,0.0,0.088,0.0,0.0,0.0,0.0,0.0,0.0,0.0,2019-04-23
26,hru26,0.0,0.0,0.088,0.0,0.0,0.0,0.0,0.0,0.0,0.0,2019-04-23
27,hru27,0.0,0.0,0.087,0.0,0.0,0.0,0.0,0.0,0.0,0.0,2019-04-23
28,hru28,0.0,0.0,0.087,0.0,0.0,0.0,0.0,0.0,0.0,0.0,2019-04-23
29,hru29,0.0,0.0,0.087,0.0,0.0,0.0,0.0,0.0,0.0,0.0,2019-04-23
30,hru30,0.0,0.0,0.087,0.0,0.0,0.0,0.0,0.0,0.0,0.0,2019-04-23
31,hru31,0.0,0.0,0.085,0.0,0.0,0.0,0.0,0.0,0.0,0.0,2019-04-23
32,hru32,0.0,0.0,0.088,0.0,0.0,0.0,0.0,0.0,0.0,0.0,2019-04-23
33,hru33,0.0,0.0,0.087,0.0,0.0,0.0,0.0,0.0,0.0,0.0,2019-04-23
34,hru34,0.0,0.0,0.087,0.0,0.0,0.0,0.0,0.0,0.0,0.0,2019-04-23
35,hru35,0.0,0.0,0.085,0.0,0.0,0.0,0.0,0.0,0.0,0.0,2019-04-23
36,hru36,0.0,0.0,0.087,0.0,0.0,0.0,0.0,0.0,0.0,0.0,2019-04-23
1,hru01,0.0,0.0,0.089,0.0,0.0,0.0,0.0,0.0,0.0,0.0,2019-04-24
2,hru02,0.0,0.0,0.09,0.0,0.0,0.0,0.0,0.0,0.0,0.0,2019-04-24
3,hru03,0.0,0.0,0.088,0.0,0.0,0.0,0.0,0.0,0.0,0.0,2019-04-24
4,hru04,0.0,0.0,0.089,0.0,0.0,0.0,0.0,0.0,0.0,0.0,2019-04-24
5,hru05,0.0,0.0,0.09,0.0,0.0,0.0,0.0,0.0,0.0,0.0,2019-04-24
6,hru06,0.0,0.0,0.09,0.0,0.0,0.0,0.0,0.0,0.0,0.0,2019-04-24
7,hru07,0.0,0.0,0.091,0.0,0.0,0.0,0.0,0.0,0.0,0.0,2019-04-24
8,hru08,0.0,0.0,0.088,0.0,0.0,0.0,0.0,0.0,0.0,0.0,2019-04-24
9,hru09,0.0,0.0,0.09,0.0,0.0,0.0,0.0,0.0,0.0,0.0,2019-04-24
10,hru10,0.0,0.0,0.09,0.0,0.0,0.0,0.0,0.0,0.0,0.0,2019-04-24
11,hru11,0.0,0.0,0.091,0.0,0.0,0.0,0.0,0.0,0.0,0.0,2019-04-24
12,hru12,0.0,0.0,0.091,0.0,0.0,0.0,0.0,0.0,0.0,0.0,2019-04-24
13,hru13,0.0,0.0,0.091,0.0,0.0,0.0,0.0,0.0,0.0,0.0,2019-04-24
14,hru14,0.0,0.0,0.091,0.0,0.0,0.0,0.0,0.0,0.0,0.0,2019-04-24
15,hru15,0.0,0.0,0.092,0.0,0.0,0.0,0.0,0.0,0.0,0.0,2019-04-24
16,hru16,0.0,0.0,0.092,0.0,0.0,0.0,0.0,0.0,0.0,0.0,2019-04-24
17,hru17,0.0,0.0,0.092,0.0,0.0,0.0,0.0,0.0,0.0,0.0,2019-04-24
18,hru18,0.0,0.0,0.092,0.0,0.0,0.0,0.0,0.0,0.0,0.0,2019-04-24
19,hru19,0.0,0.0,0.094,0.0,0.0,0.0,0.0,0.0,0.0,0.0,2019-04-24
20,hru20,0.0,0.0,0.092,0.0,0.0,0.0,0.0,0.0,0.0,0.0,2019-04-24
21,hru21,0.0,0.0,0.092,0.0,0.0,0.0,0.0,0.0,0.0,0.0,2019-04-24
22,hru22,0.0,0.0,0.092,0.0,0.0,0.0,0.0,0.0,0.0,0.0,2019-04-24
23,hru23,0.0,0.0,0.092,0.0,0.0,0.0,0.0,0.0,0.0,0.0,2019-04-24
24,hru24,0.0,0.0,0.092,0.0,0.0,0.0,0.0,0.0,0.0,0.0,2019-04-24
25,hru25,0.0,0.0,0.092,0.0,0.0,0.0,0.0,0.0,0.0,0.0,2019-04-24
26,hru26,0.0,0.0,0.091,0.0,0.0,0.0,0.0,0.0,0.0,0.0,2019-04-24
27,hru27,0.0,0.0,0.09,0.0,0.0,0.0,0.0,0.0,0.0,0.0,2019-04-24
28,hru28,0.0,0.0,0.091,0.0,0.0,0.0,0.0,0.0,0.0,0.0,2019-04-24
29,hru29,0.0,0.0,0.091,0.0,0.0,0.0,0.0,0.0,0.0,0.0,2019-04-24
30,hru30,0.0,0.0,0.091,0.0,0.0,0.0,0.0,0.0,0.0,0.0,2019-04-24
31,hru31,0.0,0.0,0.089,0.0,0.0,0.0,0.0,0.0,0.0,0.0,2019-04-24
32,hru32,0.0,0.0,0.091,0.0,0.0,0.0,0.0,0.0,0.0,0.0,2019-04-24
33,hru33,0.0,0.0,0.09,0.0,0.0,0.0,0.0,0.0,0.0,0.0,2019-04-24
34,hru34,0.0,0.0,0.09,0.0,0.0,0.0,0.0,0.0,0.0,0.0,2019-04-24
35,hru35,0.0,0.0,0.089,0.0,0.0,0.0,0.0,0.0,0.0,0.0,2019-04-24
36,hru36,0.0,0.0,0.09,0.0,0.0,0.0,0.0,0.0,0.0,0.0,2019-04-24
1,hru01,0.0,0.0,0.092,0.0,0.0,0.0,0.0,0.0,0.0,0.0,2019-04-25
2,hru02,0.0,0.0,0.093,0.0,0.0,0.0,0.0,0.0,0.0,0.0,2019-04-25
3,hru03,0.0,0.0,0.091,0.0,0.0,0.0,0.0,0.0,0.0,0.0,2019-04-25
4,hru04,0.0,0.0,0.092,0.0,0.0,0.0,0.0,0.0,0.0,0.0,2019-04-25
5,hru05,0.0,0.0,0.093,0.0,0.0,0.0,0.0,0.0,0.0,0.0,2019-04-25
6,hru06,0.0,0.0,0.093,0.0,0.0,0.0,0.0,0.0,0.0,0.0,2019-04-25
7,hru07,0.0,0.0,0.094,0.0,0.0,0.0,0.0,0.0,0.0,0.0,2019-04-25
8,hru08,0.0,0.0,0.091,0.0,0.0,0.0,0.0,0.0,0.0,0.0,2019-04-25
9,hru09,0.0,0.0,0.094,0.0,0.0,0.0,0.0,0.0,0.0,0.0,2019-04-25
10,hru10,0.0,0.0,0.094,0.0,0.0,0.0,0.0,0.0,0.0,0.0,2019-04-25
11,hru11,0.0,0.0,0.094,0.0,0.0,0.0,0.0,0.0,0.0,0.0,2019-04-25
12,hru12,0.0,0.0,0.094,0.0,0.0,0.0,0.0,0.0,0.0,0.0,2019-04-25
13,hru13,0.0,0.0,0.095,0.0,0.0,0.0,0.0,0.0,0.0,0.0,2019-04-25
14,hru14,0.0,0.0,0.094,0.0,0.0,0.0,0.0,0.0,0.0,0.0,2019-04-25
15,hru15,0.0,0.0,0.096,0.0,0.0,0.0,0.0,0.0,0.0,0.0,2019-04-25
16,hru16,0.0,0.0,0.095,0.0,0.0,0.0,0.0,0.0,0.0,0.0,2019-04-25
17,hru17,0.0,0.0,0.095,0.0,0.0,0.0,0.0,0.0,0.0,0.0,2019-04-25
18,hru18,0.0,0.0,0.096,0.0,0.0,0.0,0.0,0.0,0.0,0.0,2019-04-25
19,hru19,0.0,0.0,0.097,0.0,0.0,0.0,0.0,0.0,0.0,0.0,2019-04-25
20,hru20,0.0,0.0,0.095,0.0,0.0,0.0,0.0,0.0,0.0,0.0,2019-04-25
21,hru21,0.0,0.0,0.096,0.0,0.0,0.0,0.0,0.0,0.0,0.0,2019-04-25
22,hru22,0.0,0.0,0.096,0.0,0.0,0.0,0.0,0.0,0.0,0.0,2019-04-25
23,hru23,0.0,0.0,0.096,0.0,0.0,0.0,0.0,0.0,0.0,0.0,2019-04-25
24,hru24,0.0,0.0,0.096,0.0,0.0,0.0,0.0,0.0,0.0,0.0,2019-04-25
25,hru25,0.0,0.0,0.095,0.0,0.0,0.0,0.0,0.0,0.0,0.0,2019-04-25
26,hru26,0.0,0.0,0.094,0.0,0.0,0.0,0.0,0.0,0.0,0.0,2019-04-25
27,hru27,0.0,0.0,0.094,0.0,0.0,0.0,0.0,0.0,0.0,0.0,2019-04-25
28,hru28,0.0,0.0,0.094,0.0,0.0,0.0,0.0,0.0,0.0,0.0,2019-04-25
29,hru29,0.0,0.0,0.094,0.0,0.0,0.0,0.0,0.0,0.0,0.0,2019-04-25
30,hru30,0.0,0.0,0.094,0.0,0.0,0.0,0.0,0.0,0.0,0.0,2019-04-25
31,hru31,0.0,0.0,0.092,0.0,0.0,0.0,0.0,0.0,0.0,0.0,2019-04-25
32,hru32,0.0,0.0,0.095,0.0,0.0,0.0,0.0,0.0,0.0,0.0,2019-04-25
33,hru33,0.0,0.0,0.094,0.0,0.0,0.0,0.0,0.0,0.0,0.0,2019-04-25
34,hru34,0.0,0.0,0.094,0.0,0.0,0.0,0.0,0.0,0.0,0.0,2019-04-25
35,hru35,0.0,0.0,0.092,0.0,0.0,0.0,0.0,0.0,0.0,0.0,2019-04-25
36,hru36,0.0,0.0,0.094,0.0,0.0,0.0,0.0,0.0,0.0,0.0,2019-04-25
1,hru01,0.0,0.0,0.095,0.0,0.0,0.0,0.0,0.0,0.0,0.0,2019-04-26
2,hru02,0.0,0.0,0.096,0.0,0.0,0.0,0.0,0.0,0.0,0.0,2019-04-26
3,hru03,0.0,0.0,0.094,0.0,0.0,0.0,0.0,0.0,0.0,0.0,2019-04-26
4,hru04,0.0,0.0,0.095,0.0,0.0,0.0,0.0,0.0,0.0,0.0,2019-04-26
5,hru05,0.0,0.0,0.096,0.0,0.0,0.0,0.0,0.0,0.0,0.0,2019-04-26
6,hru06,0.0,0.0,0.096,0.0,0.0,0.0,0.0,0.0,0.0,0.0,2019-04-26
7,hru07,0.0,0.0,0.097,0.0,0.0,0.0,0.0,0.0,0.0,0.0,2019-04-26
8,hru08,0.0,0.0,0.094,0.0,0.0,0.0,0.0,0.0,0.0,0.0,2019-04-26
9,hru09,0.0,0.0,0.097,0.0,0.0,0.0,0.0,0.0,0.0,0.0,2019-04-26
10,hru10,0.0,0.0,0.097,0.0,0.0,0.0,0.0,0.0,0.0,0.0,2019-04-26
11,hru11,0.0,0.0,0.097,0.0,0.0,0.0,0.0,0.0,0.0,0.0,2019-04-26
12,hru12,0.0,0.0,0.097,0.0,0.0,0.0,0.0,0.0,0.0,0.0,2019-04-26
13,hru13,0.0,0.0,0.098,0.0,0.0,0.0,0.0,0.0,0.0,0.0,2019-04-26
14,hru14,0.0,0.0,0.097,0.0,0.0,0.0,0.0,0.0,0.0,0.0,2019-04-26
15,hru15,0.0,0.0,0.099,0.0,0.0,0.0,0.0,0.0,0.0,0.0,2019-04-26
16,hru16,0.0,0.0,0.098,0.0,0.0,0.0,0.0,0.0,0.0,0.0,2019-04-26
17,hru17,0.0,0.0,0.099,0.0,0.0,0.0,0.0,0.0,0.0,0.0,2019-04-26
18,hru18,0.0,0.0,0.099,0.0,0.0,0.0,0.0,0.0,0.0,0.0,2019-04-26
19,hru19,0.0,0.0,0.1,0.0,0.0,0.0,0.0,0.0,0.0,0.0,2019-04-26
20,hru20,0.0,0.0,0.098,0.0,0.0,0.0,0.0,0.0,0.0,0.0,2019-04-26
21,hru21,0.0,0.0,0.099,0.0,0.0,0.0,0.0,0.0,0.0,0.0,2019-04-26
22,hru22,0.0,0.0,0.099,0.0,0.0,0.0,0.0,0.0,0.0,0.0,2019-04-26
23,hru23,0.0,0.0,0.099,0.0,0.0,0.0,0.0,0.0,0.0,0.0,2019-04-26
24,hru24,0.0,0.0,0.099,0.0,0.0,0.0,0.0,0.0,0.0,0.0,2019-04-26
25,hru25,0.0,0.0,0.098,0.0,0.0,0.0,0.0,0.0,0.0,0.0,2019-04-26
26,hru26,0.0,0.0,0.097,0.0,0.0,0.0,0.0,0.0,0.0,0.0,2019-04-26
27,hru27,0.0,0.0,0.097,0.0,0.0,0.0,0.0,0.0,0.0,0.0,2019-04-26
28,hru28,0.0,0.0,0.097,0.0,0.0,0.0,0.0,0.0,0.0,0.0,2019-04-26
29,hru29,0.0,0.0,0.097,0.0,0.0,0.0,0.0,0.0,0.0,0.0,2019-04-26
30,hru30,0.0,0.0,0.097,0.0,0.0,0.0,0.0,0.0,0.0,0.0,2019-04-26
31,hru31,0.0,0.0,0.095,0.0,0.0,0.0,0.0,0.0,0.0,0.0,2019-04-26
32,hru32,0.0,0.0,0.098,0.0,0.0,0.0,0.0,0.0,0.0,0.0,2019-04-26
33,hru33,0.0,0.0,0.097,0.0,0.0,0.0,0.0,0.0,0.0,0.0,2019-04-26
34,hru34,0.0,0.0,0.097,0.0,0.0,0.0,0.0,0.0,0.0,0.0,2019-04-26
35,hru35,0.0,0.0,0.095,0.0,0.0,0.0,0.0,0.0,0.0,0.0,2019-04-26
36,hru36,0.0,0.0,0.097,0.0,0.0,0.0,0.0,0.0,0.0,0.0,2019-04-26
1,hru01,0.0,0.0,0.096,0.0,0.0,0.0,0.0,0.0,0.0,0.0,2019-04-27
2,hru02,0.0,0.0,0.097,0.0,0.0,0.0,0.0,0.0,0.0,0.0,2019-04-27
3,hru03,0.0,0.0,0.095,0.0,0.0,0.0,0.0,0.0,0.0,0.0,2019-04-27
4,hru04,0.0,0.0,0.096,0.0,0.0,0.0,0.0,0.0,0.0,0.0,2019-04-27
5,hru05,0.0,0.0,0.097,0.0,0.0,0.0,0.0,0.0,0.0,0.0,2019-04-27
6,hru06,0.0,0.0,0.097,0.0,0.0,0.0,0.0,0.0,0.0,0.0,2019-04-27
7,hru07,0.0,0.0,0.098,0.0,0.0,0.0,0.0,0.0,0.0,0.0,2019-04-27
8,hru08,0.0,0.0,0.095,0.0,0.0,0.0,0.0,0.0,0.0,0.0,2019-04-27
9,hru09,0.0,0.0,0.097,0.0,0.0,0.0,0.0,0.0,0.0,0.0,2019-04-27
10,hru10,0.0,0.0,0.097,0.0,0.0,0.0,0.0,0.0,0.0,0.0,2019-04-27
11,hru11,0.0,0.0,0.098,0.0,0.0,0.0,0.0,0.0,0.0,0.0,2019-04-27
12,hru12,0.0,0.0,0.098,0.0,0.0,0.0,0.0,0.0,0.0,0.0,2019-04-27
13,hru13,0.0,0.0,0.099,0.0,0.0,0.0,0.0,0.0,0.0,0.0,2019-04-27
14,hru14,0.0,0.0,0.098,0.0,0.0,0.0,0.0,0.0,0.0,0.0,2019-04-27
15,hru15,0.0,0.0,0.099,0.0,0.0,0.0,0.0,0.0,0.0,0.0,2019-04-27
16,hru16,0.0,0.0,0.098,0.0,0.0,0.0,0.0,0.0,0.0,0.0,2019-04-27
17,hru17,0.0,0.0,0.099,0.0,0.0,0.0,0.0,0.0,0.0,0.0,2019-04-27
18,hru18,0.0,0.0,0.099,0.0,0.0,0.0,0.0,0.0,0.0,0.0,2019-04-27
19,hru19,0.0,0.0,0.101,0.0,0.0,0.0,0.0,0.0,0.0,0.0,2019-04-27
20,hru20,0.0,0.0,0.098,0.0,0.0,0.0,0.0,0.0,0.0,0.0,2019-04-27
21,hru21,0.0,0.0,0.099,0.0,0.0,0.0,0.0,0.0,0.0,0.0,2019-04-27
22,hru22,0.0,0.0,0.099,0.0,0.0,0.0,0.0,0.0,0.0,0.0,2019-04-27
23,hru23,0.0,0.0,0.099,0.0,0.0,0.0,0.0,0.0,0.0,0.0,2019-04-27
24,hru24,0.0,0.0,0.099,0.0,0.0,0.0,0.0,0.0,0.0,0.0,2019-04-27
25,hru25,0.0,0.0,0.098,0.0,0.0,0.0,0.0,0.0,0.0,0.0,2019-04-27
26,hru26,0.0,0.0,0.098,0.0,0.0,0.0,0.0,0.0,0.0,0.0,2019-04-27
27,hru27,0.0,0.0,0.097,0.0,0.0,0.0,0.0,0.0,0.0,0.0,2019-04-27
28,hru28,0.0,0.0,0.098,0.0,0.0,0.0,0.0,0.0,0.0,0.0,2019-04-27
29,hru29,0.0,0.0,0.098,0.0,0.0,0.0,0.0,0.0,0.0,0.0,2019-04-27
30,hru30,0.0,0.0,0.098,0.0,0.0,0.0,0.0,0.0,0.0,0.0,2019-04-27
31,hru31,0.0,0.0,0.096,0.0,0.0,0.0,0.0,0.0,0.0,0.0,2019-04-27
32,hru32,0.0,0.0,0.099,0.0,0.0,0.0,0.0,0.0,0.0,0.0,2019-04-27
33,hru33,0.0,0.0,0.097,0.0,0.0,0.0,0.0,0.0,0.0,0.0,2019-04-27
34,hru34,0.0,0.0,0.097,0.0,0.0,0.0,0.0,0.0,0.0,0.0,2019-04-27
35,hru35,0.0,0.0,0.096,0.0,0.0,0.0,0.0,0.0,0.0,0.0,2019-04-27
36,hru36,0.0,0.0,0.097,0.0,0.0,0.0,0.0,0.0,0.0,0.0,2019-04-27
1,hru01,0.0,0.0,0.097,0.0,0.0,0.0,0.0,0.0,0.0,0.0,2019-04-28
2,hru02,0.0,0.0,0.098,0.0,0.0,0.0,0.0,0.0,0.0,0.0,2019-04-28
3,hru03,0.0,0.0,0.096,0.0,0.0,0.0,0.0,0.0,0.0,0.0,2019-04-28
4,hru04,0.0,0.0,0.097,0.0,0.0,0.0,0.0,0.0,0.0,0.0,2019-04-28
5,hru05,0.0,0.0,0.098,0.0,0.0,0.0,0.0,0.0,0.0,0.0,2019-04-28
6,hru06,0.0,0.0,0.098,0.0,0.0,0.0,0.0,0.0,0.0,0.0,2019-04-28
7,hru07,0.0,0.0,0.099,0.0,0.0,0.0,0.0,0.0,0.0,0.0,2019-04-28
8,hru08,0.0,0.0,0.096,0.0,0.0,0.0,0.0,0.0,0.0,0.0,2019-04-28
9,hru09,0.0,0.0,0.099,0.0,0.0,0.0,0.0,0.0,0.0,0.0,2019-04-28
10,hru10,0.0,0.0,0.099,0.0,0.0,0.0,0.0,0.0,0.0,0.0,2019-04-28
11,hru11,0.0,0.0,0.099,0.0,0.0,0.0,0.0,0.0,0.0,0.0,2019-04-28
12,hru12,0.0,0.0,0.099,0.0,0.0,0.0,0.0,0.0,0.0,0.0,2019-04-28
13,hru13,0.0,0.0,0.1,0.0,0.0,0.0,0.0,0.0,0.0,0.0,2019-04-28
14,hru14,0.0,0.0,0.099,0.0,0.0,0.0,0.0,0.0,0.0,0.0,2019-04-28
15,hru15,0.0,0.0,0.101,0.0,0.0,0.0,0.0,0.0,0.0,0.0,2019-04-28
16,hru16,0.0,0.0,0.1,0.0,0.0,0.0,0.0,0.0,0.0,0.0,2019-04-28
17,hru17,0.0,0.0,0.101,0.0,0.0,0.0,0.0,0.0,0.0,0.0,2019-04-28
18,hru18,0.0,0.0,0.101,0.0,0.0,0.0,0.0,0.0,0.0,0.0,2019-04-28
19,hru19,0.0,0.0,0.102,0.0,0.0,0.0,0.0,0.0,0.0,0.0,2019-04-28
20,hru20,0.0,0.0,0.1,0.0,0.0,0.0,0.0,0.0,0.0,0.0,2019-04-28
21,hru21,0.0,0.0,0.101,0.0,0.0,0.0,0.0,0.0,0.0,0.0,2019-04-28
22,hru22,0.0,0.0,0.101,0.0,0.0,0.0,0.0,0.0,0.0,0.0,2019-04-28
23,hru23,0.0,0.0,0.101,0.0,0.0,0.0,0.0,0.0,0.0,0.0,2019-04-28
24,hru24,0.0,0.0,0.101,0.0,0.0,0.0,0.0,0.0,0.0,0.0,2019-04-28
25,hru25,0.0,0.0,0.1,0.0,0.0,0.0,0.0,0.0,0.0,0.0,2019-04-28
26,hru26,0.0,0.0,0.099,0.0,0.0,0.0,0.0,0.0,0.0,0.0,2019-04-28
27,hru27,0.0,0.0,0.099,0.0,0.0,0.0,0.0,0.0,0.0,0.0,2019-04-28
28,hru28,0.0,0.0,0.099,0.0,0.0,0.0,0.0,0.0,0.0,0.0,2019-04-28
29,hru29,0.0,0.0,0.099,0.0,0.0,0.0,0.0,0.0,0.0,0.0,2019-04-28
30,hru30,0.0,0.0,0.099,0.0,0.0,0.0,0.0,0.0,0.0,0.0,2019-04-28
31,hru31,0.0,0.0,0.097,0.0,0.0,0.0,0.0,0.0,0.0,0.0,2019-04-28
32,hru32,0.0,0.0,0.1,0.0,0.0,0.0,0.0,0.0,0.0,0.0,2019-04-28
33,hru33,0.0,0.0,0.099,0.0,0.0,0.0,0.0,0.0,0.0,0.0,2019-04-28
34,hru34,0.0,0.0,0.099,0.0,0.0,0.0,0.0,0.0,0.0,0.0,2019-04-28
35,hru35,0.0,0.0,0.097,0.0,0.0,0.0,0.0,0.0,0.0,0.0,2019-04-28
36,hru36,0.0,0.0,0.099,0.0,0.0,0.0,0.0,0.0,0.0,0.0,2019-04-28
1,hru01,0.0,0.0,0.101,0.0,0.0,0.0,0.0,0.0,0.0,0.0,2019-04-29
2,hru02,0.0,0.0,0.102,0.0,0.0,0.0,0.0,0.0,0.0,0.0,2019-04-29
3,hru03,0.0,0.0,0.099,0.0,0.0,0.0,0.0,0.0,0.0,0.0,2019-04-29
4,hru04,0.0,0.0,0.1,0.0,0.0,0.0,0.0,0.0,0.0,0.0,2019-04-29
5,hru05,0.0,0.0,0.102,0.0,0.0,0.0,0.0,0.0,0.0,0.0,2019-04-29
6,hru06,0.0,0.0,0.102,0.0,0.0,0.0,0.0,0.0,0.0,0.0,2019-04-29
7,hru07,0.0,0.0,0.103,0.0,0.0,0.0,0.0,0.0,0.0,0.0,2019-04-29
8,hru08,0.0,0.0,0.099,0.0,0.0,0.0,0.0,0.0,0.0,0.0,2019-04-29
9,hru09,0.0,0.0,0.102,0.0,0.0,0.0,0.0,0.0,0.0,0.0,2019-04-29
10,hru10,0.0,0.0,0.102,0.0,0.0,0.0,0.0,0.0,0.0,0.0,2019-04-29
11,hru11,0.0,0.0,0.103,0.0,0.0,0.0,0.0,0.0,0.0,0.0,2019-04-29
12,hru12,0.0,0.0,0.103,0.0,0.0,0.0,0.0,0.0,0.0,0.0,2019-04-29
13,hru13,0.0,0.0,0.104,0.0,0.0,0.0,0.0,0.0,0.0,0.0,2019-04-29
14,hru14,0.0,0.0,0.103,0.0,0.0,0.0,0.0,0.0,0.0,0.0,2019-04-29
15,hru15,0.0,0.0,0.104,0.0,0.0,0.0,0.0,0.0,0.0,0.0,2019-04-29
16,hru16,0.0,0.0,0.103,0.0,0.0,0.0,0.0,0.0,0.0,0.0,2019-04-29
17,hru17,0.0,0.0,0.104,0.0,0.0,0.0,0.0,0.0,0.0,0.0,2019-04-29
18,hru18,0.0,0.0,0.104,0.0,0.0,0.0,0.0,0.0,0.0,0.0,2019-04-29
19,hru19,0.0,0.0,0.106,0.0,0.0,0.0,0.0,0.0,0.0,0.0,2019-04-29
20,hru20,0.0,0.0,0.103,0.0,0.0,0.0,0.0,0.0,0.0,0.0,2019-04-29
21,hru21,0.0,0.0,0.104,0.0,0.0,0.0,0.0,0.0,0.0,0.0,2019-04-29
22,hru22,0.0,0.0,0.104,0.0,0.0,0.0,0.0,0.0,0.0,0.0,2019-04-29
23,hru23,0.0,0.0,0.104,0.0,0.0,0.0,0.0,0.0,0.0,0.0,2019-04-29
24,hru24,0.0,0.0,0.104,0.0,0.0,0.0,0.0,0.0,0.0,0.0,2019-04-29
25,hru25,0.0,0.0,0.103,0.0,0.0,0.0,0.0,0.0,0.0,0.0,2019-04-29
26,hru26,0.0,0.0,0.103,0.0,0.0,0.0,0.0,0.0,0.0,0.0,2019-04-29
27,hru27,0.0,0.0,0.102,0.0,0.0,0.0,0.0,0.0,0.0,0.0,2019-04-29
28,hru28,0.0,0.0,0.103,0.0,0.0,0.0,0.0,0.0,0.0,0.0,2019-04-29
29,hru29,0.0,0.0,0.103,0.0,0.0,0.0,0.0,0.0,0.0,0.0,2019-04-29
30,hru30,0.0,0.0,0.103,0.0,0.0,0.0,0.0,0.0,0.0,0.0,2019-04-29
31,hru31,0.0,0.0,0.101,0.0,0.0,0.0,0.0,0.0,0.0,0.0,2019-04-29
32,hru32,0.0,0.0,0.104,0.0,0.0,0.0,0.0,0.0,0.0,0.0,2019-04-29
33,hru33,0.0,0.0,0.102,0.0,0.0,0.0,0.0,0.0,0.0,0.0,2019-04-29
34,hru34,0.0,0.0,0.102,0.0,0.0,0.0,0.0,0.0,0.0,0.0,2019-04-29
35,hru35,0.0,0.0,0.1,0.0,0.0,0.0,0.0,0.0,0.0,0.0,2019-04-29
36,hru36,0.0,0.0,0.102,0.0,0.0,0.0,0.0,0.0,0.0,0.0,2019-04-29
1,hru01,0.0,0.0,0.103,0.0,0.0,0.0,0.0,0.0,0.0,0.0,2019-04-30
2,hru02,0.0,0.0,0.104,0.0,0.0,0.0,0.0,0.0,0.0,0.0,2019-04-30
3,hru03,0.0,0.0,0.102,0.0,0.0,0.0,0.0,0.0,0.0,0.0,2019-04-30
4,hru04,0.0,0.0,0.103,0.0,0.0,0.0,0.0,0.0,0.0,0.0,2019-04-30
5,hru05,0.0,0.0,0.104,0.0,0.0,0.0,0.0,0.0,0.0,0.0,2019-04-30
6,hru06,0.0,0.0,0.104,0.0,0.0,0.0,0.0,0.0,0.0,0.0,2019-04-30
7,hru07,0.0,0.0,0.105,0.0,0.0,0.0,0.0,0.0,0.0,0.0,2019-04-30
8,hru08,0.0,0.0,0.102,0.0,0.0,0.0,0.0,0.0,0.0,0.0,2019-04-30
9,hru09,0.0,0.0,0.104,0.0,0.0,0.0,0.0,0.0,0.0,0.0,2019-04-30
10,hru10,0.0,0.0,0.104,0.0,0.0,0.0,0.0,0.0,0.0,0.0,2019-04-30
11,hru11,0.0,0.0,0.105,0.0,0.0,0.0,0.0,0.0,0.0,0.0,2019-04-30
12,hru12,0.0,0.0,0.105,0.0,0.0,0.0,0.0,0.0,0.0,0.0,2019-04-30
13,hru13,0.0,0.0,0.106,0.0,0.0,0.0,0.0,0.0,0.0,0.0,2019-04-30
14,hru14,0.0,0.0,0.105,0.0,0.0,0.0,0.0,0.0,0.0,0.0,2019-04-30
15,hru15,0.0,0.0,0.107,0.0,0.0,0.0,0.0,0.0,0.0,0.0,2019-04-30
16,hru16,0.0,0.0,0.106,0.0,0.0,0.0,0.0,0.0,0.0,0.0,2019-04-30
17,hru17,0.0,0.0,0.106,0.0,0.0,0.0,0.0,0.0,0.0,0.0,2019-04-30
18,hru18,0.0,0.0,0.107,0.0,0.0,0.0,0.0,0.0,0.0,0.0,2019-04-30
19,hru19,0.0,0.0,0.108,0.0,0.0,0.0,0.0,0.0,0.0,0.0,2019-04-30
20,hru20,0.0,0.0,0.106,0.0,0.0,0.0,0.0,0.0,0.0,0.0,2019-04-30
21,hru21,0.0,0.0,0.107,0.0,0.0,0.0,0.0,0.0,0.0,0.0,2019-04-30
22,hru22,0.0,0.0,0.107,0.0,0.0,0.0,0.0,0.0,0.0,0.0,2019-04-30
23,hru23,0.0,0.0,0.107,0.0,0.0,0.0,0.0,0.0,0.0,0.0,2019-04-30
24,hru24,0.0,0.0,0.107,0.0,0.0,0.0,0.0,0.0,0.0,0.0,2019-04-30
25,hru25,0.0,0.0,0.106,0.0,0.0,0.0,0.0,0.0,0.0,0.0,2019-04-30
26,hru26,0.0,0.0,0.105,0.0,0.0,0.0,0.0,0.0,0.0,0.0,2019-04-30
27,hru27,0.0,0.0,0.105,0.0,0.0,0.0,0.0,0.0,0.0,0.0,2019-04-30
28,hru28,0.0,0.0,0.105,0.0,0.0,0.0,0.0,0.0,0.0,0.0,2019-04-30
29,hru29,0.0,0.0,0.105,0.0,0.0,0.0,0.0,0.0,0.0,0.0,2019-04-30
30,hru30,0.0,0.0,0.105,0.0,0.0,0.0,0.0,0.0,0.0,0.0,2019-04-30
31,hru31,0.0,0.0,0.103,0.0,0.0,0.0,0.0,0.0,0.0,0.0,2019-04-30
32,hru32,0.0,0.0,0.106,0.0,0.0,0.0,0.0,0.0,0.0,0.0,2019-04-30
33,hru33,0.0,0.0,0.105,0.0,0.0,0.0,0.0,0.0,0.0,0.0,2019-04-30
34,hru34,0.0,0.0,0.105,0.0,0.0,0.0,0.0,0.0,0.0,0.0,2019-04-30
35,hru35,0.0,0.0,0.103,0.0,0.0,0.0,0.0,0.0,0.0,0.0,2019-04-30
36,hru36,0.0,0.0,0.105,0.0,0.0,0.0,0.0,0.0,0.0,0.0,2019-04-30
1,hru01,0.0,0.0,0.105,0.0,0.0,0.0,0.0,0.0,0.0,0.0,2019-05-01
2,hru02,0.0,0.0,0.106,0.0,0.0,0.0,0.0,0.0,0.0,0.0,2019-05-01
3,hru03,0.0,0.0,0.104,0.0,0.0,0.0,0.0,0.0,0.0,0.0,2019-05-01
4,hru04,0.0,0.0,0.105,0.0,0.0,0.0,0.0,0.0,0.0,0.0,2019-05-01
5,hru05,0.0,0.0,0.106,0.0,0.0,0.0,0.0,0.0,0.0,0.0,2019-05-01
6,hru06,0.0,0.0,0.106,0.0,0.0,0.0,0.0,0.0,0.0,0.0,2019-05-01
7,hru07,0.0,0.0,0.107,0.0,0.0,0.0,0.0,0.0,0.0,0.0,2019-05-01
8,hru08,0.0,0.0,0.104,0.0,0.0,0.0,0.0,0.0,0.0,0.0,2019-05-01
9,hru09,0.0,0.0,0.107,0.0,0.0,0.0,0.0,0.0,0.0,0.0,2019-05-01
10,hru10,0.0,0.0,0.107,0.0,0.0,0.0,0.0,0.0,0.0,0.0,2019-05-01
11,hru11,0.0,0.0,0.108,0.0,0.0,0.0,0.0,0.0,0.0,0.0,2019-05-01
12,hru12,0.0,0.0,0.107,0.0,0.0,0.0,0.0,0.0,0.0,0.0,2019-05-01
13,hru13,0.0,0.0,0.108,0.0,0.0,0.0,0.0,0.0,0.0,0.0,2019-05-01
14,hru14,0.0,0.0,0.107,0.0,0.0,0.0,0.0,0.0,0.0,0.0,2019-05-01
15,hru15,0.0,0.0,0.109,0.0,0.0,0.0,0.0,0.0,0.0,0.0,2019-05-01
16,hru16,0.0,0.0,0.108,0.0,0.0,0.0,0.0,0.0,0.0,0.0,2019-05-01
17,hru17,0.0,0.0,0.109,0.0,0.0,0.0,0.0,0.0,0.0,0.0,2019-05-01
18,hru18,0.0,0.0,0.109,0.0,0.0,0.0,0.0,0.0,0.0,0.0,2019-05-01
19,hru19,0.0,0.0,0.11,0.0,0.0,0.0,0.0,0.0,0.0,0.0,2019-05-01
20,hru20,0.0,0.0,0.108,0.0,0.0,0.0,0.0,0.0,0.0,0.0,2019-05-01
21,hru21,0.0,0.0,0.109,0.0,0.0,0.0,0.0,0.0,0.0,0.0,2019-05-01
22,hru22,0.0,0.0,0.109,0.0,0.0,0.0,0.0,0.0,0.0,0.0,2019-05-01
23,hru23,0.0,0.0,0.109,0.0,0.0,0.0,0.0,0.0,0.0,0.0,2019-05-01
24,hru24,0.0,0.0,0.109,0.0,0.0,0.0,0.0,0.0,0.0,0.0,2019-05-01
25,hru25,0.0,0.0,0.108,0.0,0.0,0.0,0.0,0.0,0.0,0.0,2019-05-01
26,hru26,0.0,0.0,0.107,0.0,0.0,0.0,0.0,0.0,0.0,0.0,2019-05-01
27,hru27,0.0,0.0,0.107,0.0,0.0,0.0,0.0,0.0,0.0,0.0,2019-05-01
28,hru28,0.0,0.0,0.108,0.0,0.0,0.0,0.0,0.0,0.0,0.0,2019-05-01
29,hru29,0.0,0.0,0.107,0.0,0.0,0.0,0.0,0.0,0.0,0.0,2019-05-01
30,hru30,0.0,0.0,0.107,0.0,0.0,0.0,0.0,0.0,0.0,0.0,2019-05-01
31,hru31,0.0,0.0,0.105,0.0,0.0,0.0,0.0,0.0,0.0,0.0,2019-05-01
32,hru32,0.0,0.0,0.108,0.0,0.0,0.0,0.0,0.0,0.0,0.0,2019-05-01
33,hru33,0.0,0.0,0.107,0.0,0.0,0.0,0.0,0.0,0.0,0.0,2019-05-01
34,hru34,0.0,0.0,0.107,0.0,0.0,0.0,0.0,0.0,0.0,0.0,2019-05-01
35,hru35,0.0,0.0,0.105,0.0,0.0,0.0,0.0,0.0,0.0,0.0,2019-05-01
36,hru36,0.0,0.0,0.107,0.0,0.0,0.0,0.0,0.0,0.0,0.0,2019-05-01
1,hru01,0.0,0.0,0.107,0.0,0.0,0.0,0.0,0.0,0.0,0.0,2019-05-02
2,hru02,0.0,0.0,0.109,0.0,0.0,0.0,0.0,0.0,0.0,0.0,2019-05-02
3,hru03,0.0,0.0,0.106,0.0,0.0,0.0,0.0,0.0,0.0,0.0,2019-05-02
4,hru04,0.0,0.0,0.107,0.0,0.0,0.0,0.0,0.0,0.0,0.0,2019-05-02
5,hru05,0.0,0.0,0.108,0.0,0.0,0.0,0.0,0.0,0.0,0.0,2019-05-02
6,hru06,0.0,0.0,0.108,0.0,0.0,0.0,0.0,0.0,0.0,0.0,2019-05-02
7,hru07,0.0,0.0,0.11,0.0,0.0,0.0,0.0,0.0,0.0,0.0,2019-05-02
8,hru08,0.0,0.0,0.106,0.0,0.0,0.0,0.0,0.0,0.0,0.0,2019-05-02
9,hru09,0.0,0.0,0.109,0.0,0.0,0.0,0.0,0.0,0.0,0.0,2019-05-02
10,hru10,0.0,0.0,0.109,0.0,0.0,0.0,0.0,0.0,0.0,0.0,2019-05-02
11,hru11,0.0,0.0,0.11,0.0,0.0,0.0,0.0,0.0,0.0,0.0,2019-05-02
12,hru12,0.0,0.0,0.11,0.0,0.0,0.0,0.0,0.0,0.0,0.0,2019-05-02
13,hru13,0.0,0.0,0.11,0.0,0.0,0.0,0.0,0.0,0.0,0.0,2019-05-02
14,hru14,0.0,0.0,0.11,0.0,0.0,0.0,0.0,0.0,0.0,0.0,2019-05-02
15,hru15,0.0,0.0,0.111,0.0,0.0,0.0,0.0,0.0,0.0,0.0,2019-05-02
16,hru16,0.0,0.0,0.11,0.0,0.0,0.0,0.0,0.0,0.0,0.0,2019-05-02
17,hru17,0.0,0.0,0.111,0.0,0.0,0.0,0.0,0.0,0.0,0.0,2019-05-02
18,hru18,0.0,0.0,0.111,0.0,0.0,0.0,0.0,0.0,0.0,0.0,2019-05-02
19,hru19,0.0,0.0,0.113,0.0,0.0,0.0,0.0,0.0,0.0,0.0,2019-05-02
20,hru20,0.0,0.0,0.11,0.0,0.0,0.0,0.0,0.0,0.0,0.0,2019-05-02
21,hru21,0.0,0.0,0.111,0.0,0.0,0.0,0.0,0.0,0.0,0.0,2019-05-02
22,hru22,0.0,0.0,0.111,0.0,0.0,0.0,0.0,0.0,0.0,0.0,2019-05-02
23,hru23,0.0,0.0,0.111,0.0,0.0,0.0,0.0,0.0,0.0,0.0,2019-05-02
24,hru24,0.0,0.0,0.111,0.0,0.0,0.0,0.0,0.0,0.0,0.0,2019-05-02
25,hru25,0.0,0.0,0.11,0.0,0.0,0.0,0.0,0.0,0.0,0.0,2019-05-02
26,hru26,0.0,0.0,0.11,0.0,0.0,0.0,0.0,0.0,0.0,0.0,2019-05-02
27,hru27,0.0,0.0,0.109,0.0,0.0,0.0,0.0,0.0,0.0,0.0,2019-05-02
28,hru28,0.0,0.0,0.11,0.0,0.0,0.0,0.0,0.0,0.0,0.0,2019-05-02
29,hru29,0.0,0.0,0.109,0.0,0.0,0.0,0.0,0.0,0.0,0.0,2019-05-02
30,hru30,0.0,0.0,0.109,0.0,0.0,0.0,0.0,0.0,0.0,0.0,2019-05-02
31,hru31,0.0,0.0,0.107,0.0,0.0,0.0,0.0,0.0,0.0,0.0,2019-05-02
32,hru32,0.0,0.0,0.11,0.0,0.0,0.0,0.0,0.0,0.0,0.0,2019-05-02
33,hru33,0.0,0.0,0.109,0.0,0.0,0.0,0.0,0.0,0.0,0.0,2019-05-02
34,hru34,0.0,0.0,0.109,0.0,0.0,0.0,0.0,0.0,0.0,0.0,2019-05-02
35,hru35,0.0,0.0,0.107,0.0,0.0,0.0,0.0,0.0,0.0,0.0,2019-05-02
36,hru36,0.0,0.0,0.109,0.0,0.0,0.0,0.0,0.0,0.0,0.0,2019-05-02
1,hru01,0.0,0.0,0.11,0.0,0.0,0.0,0.0,0.0,0.0,0.0,2019-05-03
2,hru02,0.0,0.0,0.111,0.0,0.0,0.0,0.0,0.0,0.0,0.0,2019-05-03
3,hru03,0.0,0.0,0.109,0.0,0.0,0.0,0.0,0.0,0.0,0.0,2019-05-03
4,hru04,0.0,0.0,0.11,0.0,0.0,0.0,0.0,0.0,0.0,0.0,2019-05-03
5,hru05,0.0,0.0,0.111,0.0,0.0,0.0,0.0,0.0,0.0,0.0,2019-05-03
6,hru06,0.0,0.0,0.111,0.0,0.0,0.0,0.0,0.0,0.0,0.0,2019-05-03
7,hru07,0.0,0.0,0.112,0.0,0.0,0.0,0.0,0.0,0.0,0.0,2019-05-03
8,hru08,0.0,0.0,0.109,0.0,0.0,0.0,0.0,0.0,0.0,0.0,2019-05-03
9,hru09,0.0,0.0,0.112,0.0,0.0,0.0,0.0,0.0,0.0,0.0,2019-05-03
10,hru10,0.0,0.0,0.112,0.0,0.0,0.0,0.0,0.0,0.0,0.0,2019-05-03
11,hru11,0.0,0.0,0.112,0.0,0.0,0.0,0.0,0.0,0.0,0.0,2019-05-03
12,hru12,0.0,0.0,0.112,0.0,0.0,0.0,0.0,0.0,0.0,0.0,2019-05-03
13,hru13,0.0,0.0,0.113,0.0,0.0,0.0,0.0,0.0,0.0,0.0,2019-05-03
14,hru14,0.0,0.0,0.112,0.0,0.0,0.0,0.0,0.0,0.0,0.0,2019-05-03
15,hru15,0.0,0.0,0.114,0.0,0.0,0.0,0.0,0.0,0.0,0.0,2019-05-03
16,hru16,0.0,0.0,0.113,0.0,0.0,0.0,0.0,0.0,0.0,0.0,2019-05-03
17,hru17,0.0,0.0,0.114,0.0,0.0,0.0,0.0,0.0,0.0,0.0,2019-05-03
18,hru18,0.0,0.0,0.114,0.0,0.0,0.0,0.0,0.0,0.0,0.0,2019-05-03
19,hru19,0.0,0.0,0.115,0.0,0.0,0.0,0.0,0.0,0.0,0.0,2019-05-03
20,hru20,0.0,0.0,0.113,0.0,0.0,0.0,0.0,0.0,0.0,0.0,2019-05-03
21,hru21,0.0,0.0,0.114,0.0,0.0,0.0,0.0,0.0,0.0,0.0,2019-05-03
22,hru22,0.0,0.0,0.114,0.0,0.0,0.0,0.0,0.0,0.0,0.0,2019-05-03
23,hru23,0.0,0.0,0.114,0.0,0.0,0.0,0.0,0.0,0.0,0.0,2019-05-03
24,hru24,0.0,0.0,0.114,0.0,0.0,0.0,0.0,0.0,0.0,0.0,2019-05-03
25,hru25,0.0,0.0,0.113,0.0,0.0,0.0,0.0,0.0,0.0,0.0,2019-05-03
26,hru26,0.0,0.0,0.112,0.0,0.0,0.0,0.0,0.0,0.0,0.0,2019-05-03
27,hru27,0.0,0.0,0.112,0.0,0.0,0.0,0.0,0.0,0.0,0.0,2019-05-03
28,hru28,0.0,0.0,0.112,0.0,0.0,0.0,0.0,0.0,0.0,0.0,2019-05-03
29,hru29,0.0,0.0,0.112,0.0,0.0,0.0,0.0,0.0,0.0,0.0,2019-05-03
30,hru30,0.0,0.0,0.112,0.0,0.0,0.0,0.0,0.0,0.0,0.0,2019-05-03
31,hru31,0.0,0.0,0.11,0.0,0.0,0.0,0.0,0.0,0.0,0.0,2019-05-03
32,hru32,0.0,0.0,0.113,0.0,0.0,0.0,0.0,0.0,0.0,0.0,2019-05-03
33,hru33,0.0,0.0,0.112,0.0,0.0,0.0,0.0,0.0,0.0,0.0,2019-05-03
34,hru34,0.0,0.0,0.112,0.0,0.0,0.0,0.0,0.0,0.0,0.0,2019-05-03
35,hru35,0.0,0.0,0.11,0.0,0.0,0.0,0.0,0.0,0.0,0.0,2019-05-03
36,hru36,0.0,0.0,0.112,0.0,0.0,0.0,0.0,0.0,0.0,0.0,2019-05-03
1,hru01,0.0,0.0,0.114,0.0,0.0,0.0,0.0,0.0,0.0,0.0,2019-05-04
2,hru02,0.0,0.0,0.115,0.0,0.0,0.0,0.0,0.0,0.0,0.0,2019-05-04
3,hru03,0.0,0.0,0.113,0.0,0.0,0.0,0.0,0.0,0.0,0.0,2019-05-04
4,hru04,0.0,0.0,0.114,0.0,0.0,0.0,0.0,0.0,0.0,0.0,2019-05-04
5,hru05,0.0,0.0,0.115,0.0,0.0,0.0,0.0,0.0,0.0,0.0,2019-05-04
6,hru06,0.0,0.0,0.115,0.0,0.0,0.0,0.0,0.0,0.0,0.0,2019-05-04
7,hru07,0.0,0.0,0.116,0.0,0.0,0.0,0.0,0.0,0.0,0.0,2019-05-04
8,hru08,0.0,0.0,0.113,0.0,0.0,0.0,0.0,0.0,0.0,0.0,2019-05-04
9,hru09,0.0,0.0,0.116,0.0,0.0,0.0,0.0,0.0,0.0,0.0,2019-05-04
10,hru10,0.0,0.0,0.116,0.0,0.0,0.0,0.0,0.0,0.0,0.0,2019-05-04
11,hru11,0.0,0.0,0.116,0.0,0.0,0.0,0.0,0.0,0.0,0.0,2019-05-04
12,hru12,0.0,0.0,0.116,0.0,0.0,0.0,0.0,0.0,0.0,0.0,2019-05-04
13,hru13,0.0,0.0,0.117,0.0,0.0,0.0,0.0,0.0,0.0,0.0,2019-05-04
14,hru14,0.0,0.0,0.116,0.0,0.0,0.0,0.0,0.0,0.0,0.0,2019-05-04
15,hru15,0.0,0.0,0.118,0.0,0.0,0.0,0.0,0.0,0.0,0.0,2019-05-04
16,hru16,0.0,0.0,0.117,0.0,0.0,0.0,0.0,0.0,0.0,0.0,2019-05-04
17,hru17,0.0,0.0,0.118,0.0,0.0,0.0,0.0,0.0,0.0,0.0,2019-05-04
18,hru18,0.0,0.0,0.118,0.0,0.0,0.0,0.0,0.0,0.0,0.0,2019-05-04
19,hru19,0.0,0.0,0.119,0.0,0.0,0.0,0.0,0.0,0.0,0.0,2019-05-04
20,hru20,0.0,0.0,0.117,0.0,0.0,0.0,0.0,0.0,0.0,0.0,2019-05-04
21,hru21,0.0,0.0,0.118,0.0,0.0,0.0,0.0,0.0,0.0,0.0,2019-05-04
22,hru22,0.0,0.0,0.118,0.0,0.0,0.0,0.0,0.0,0.0,0.0,2019-05-04
23,hru23,0.0,0.0,0.118,0.0,0.0,0.0,0.0,0.0,0.0,0.0,2019-05-04
24,hru24,0.0,0.0,0.118,0.0,0.0,0.0,0.0,0.0,0.0,0.0,2019-05-04
25,hru25,0.0,0.0,0.117,0.0,0.0,0.0,0.0,0.0,0.0,0.0,2019-05-04
26,hru26,0.0,0.0,0.116,0.0,0.0,0.0,0.0,0.0,0.0,0.0,2019-05-04
27,hru27,0.0,0.0,0.116,0.0,0.0,0.0,0.0,0.0,0.0,0.0,2019-05-04
28,hru28,0.0,0.0,0.116,0.0,0.0,0.0,0.0,0.0,0.0,0.0,2019-05-04
29,hru29,0.0,0.0,0.116,0.0,0.0,0.0,0.0,0.0,0.0,0.0,2019-05-04
30,hru30,0.0,0.0,0.116,0.0,0.0,0.0,0.0,0.0,0.0,0.0,2019-05-04
31,hru31,0.0,0.0,0.114,0.0,0.0,0.0,0.0,0.0,0.0,0.0,2019-05-04
32,hru32,0.0,0.0,0.117,0.0,0.0,0.0,0.0,0.0,0.0,0.0,2019-05-04
33,hru33,0.0,0.0,0.116,0.0,0.0,0.0,0.0,0.0,0.0,0.0,2019-05-04
34,hru34,0.0,0.0,0.116,0.0,0.0,0.0,0.0,0.0,0.0,0.0,2019-05-04
35,hru35,0.0,0.0,0.114,0.0,0.0,0.0,0.0,0.0,0.0,0.0,2019-05-04
36,hru36,0.0,0.0,0.116,0.0,0.0,0.0,0.0,0.0,0.0,0.0,2019-05-04
1,hru01,0.0,0.0,0.119,0.0,0.0,0.0,0.0,0.0,0.0,0.0,2019-05-05
2,hru02,0.0,0.0,0.12,0.0,0.0,0.0,0.0,0.0,0.0,0.0,2019-05-05
3,hru03,0.0,0.0,0.117,0.0,0.0,0.0,0.0,0.0,0.0,0.0,2019-05-05
4,hru04,0.0,0.0,0.118,0.0,0.0,0.0,0.0,0.0,0.0,0.0,2019-05-05
5,hru05,0.0,0.0,0.12,0.0,0.0,0.0,0.0,0.0,0.0,0.0,2019-05-05
6,hru06,0.0,0.0,0.12,0.0,0.0,0.0,0.0,0.0,0.0,0.0,2019-05-05
7,hru07,0.0,0.0,0.121,0.0,0.0,0.0,0.0,0.0,0.0,0.0,2019-05-05
8,hru08,0.0,0.0,0.117,0.0,0.0,0.0,0.0,0.0,0.0,0.0,2019-05-05
9,hru09,0.0,0.0,0.12,0.0,0.0,0.0,0.0,0.0,0.0,0.0,2019-05-05
10,hru10,0.0,0.0,0.12,0.0,0.0,0.0,0.0,0.0,0.0,0.0,2019-05-05
11,hru11,0.0,0.0,0.121,0.0,0.0,0.0,0.0,0.0,0.0,0.0,2019-05-05
12,hru12,0.0,0.0,0.121,0.0,0.0,0.0,0.0,0.0,0.0,0.0,2019-05-05
13,hru13,0.0,0.0,0.122,0.0,0.0,0.0,0.0,0.0,0.0,0.0,2019-05-05
14,hru14,0.0,0.0,0.121,0.0,0.0,0.0,0.0,0.0,0.0,0.0,2019-05-05
15,hru15,0.0,0.0,0.122,0.0,0.0,0.0,0.0,0.0,0.0,0.0,2019-05-05
16,hru16,0.0,0.0,0.122,0.0,0.0,0.0,0.0,0.0,0.0,0.0,2019-05-05
17,hru17,0.0,0.0,0.122,0.0,0.0,0.0,0.0,0.0,0.0,0.0,2019-05-05
18,hru18,0.0,0.0,0.122,0.0,0.0,0.0,0.0,0.0,0.0,0.0,2019-05-05
19,hru19,0.0,0.0,0.124,0.0,0.0,0.0,0.0,0.0,0.0,0.0,2019-05-05
20,hru20,0.0,0.0,0.121,0.0,0.0,0.0,0.0,0.0,0.0,0.0,2019-05-05
21,hru21,0.0,0.0,0.122,0.0,0.0,0.0,0.0,0.0,0.0,0.0,2019-05-05
22,hru22,0.0,0.0,0.122,0.0,0.0,0.0,0.0,0.0,0.0,0.0,2019-05-05
23,hru23,0.0,0.0,0.122,0.0,0.0,0.0,0.0,0.0,0.0,0.0,2019-05-05
24,hru24,0.0,0.0,0.122,0.0,0.0,0.0,0.0,0.0,0.0,0.0,2019-05-05
25,hru25,0.0,0.0,0.121,0.0,0.0,0.0,0.0,0.0,0.0,0.0,2019-05-05
26,hru26,0.0,0.0,0.121,0.0,0.0,0.0,0.0,0.0,0.0,0.0,2019-05-05
27,hru27,0.0,0.0,0.12,0.0,0.0,0.0,0.0,0.0,0.0,0.0,2019-05-05
28,hru28,0.0,0.0,0.121,0.0,0.0,0.0,0.0,0.0,0.0,0.0,2019-05-05
29,hru29,0.0,0.0,0.121,0.0,0.0,0.0,0.0,0.0,0.0,0.0,2019-05-05
30,hru30,0.0,0.0,0.121,0.0,0.0,0.0,0.0,0.0,0.0,0.0,2019-05-05
31,hru31,0.0,0.0,0.119,0.0,0.0,0.0,0.0,0.0,0.0,0.0,2019-05-05
32,hru32,0.0,0.0,0.122,0.0,0.0,0.0,0.0,0.0,0.0,0.0,2019-05-05
33,hru33,0.0,0.0,0.12,0.0,0.0,0.0,0.0,0.0,0.0,0.0,2019-05-05
34,hru34,0.0,0.0,0.12,0.0,0.0,0.0,0.0,0.0,0.0,0.0,2019-05-05
35,hru35,0.0,0.0,0.118,0.0,0.0,0.0,0.0,0.0,0.0,0.0,2019-05-05
36,hru36,0.0,0.0,0.12,0.0,0.0,0.0,0.0,0.0,0.0,0.0,2019-05-05
1,hru01,0.0,0.0,0.122,0.0,0.0,0.0,0.0,0.0,0.0,0.0,2019-05-06
2,hru02,0.0,0.0,0.123,0.0,0.0,0.0,0.0,0.0,0.0,0.0,2019-05-06
3,hru03,0.0,0.0,0.121,0.0,0.0,0.0,0.0,0.0,0.0,0.0,2019-05-06
4,hru04,0.0,0.0,0.122,0.0,0.0,0.0,0.0,0.0,0.0,0.0,2019-05-06
5,hru05,0.0,0.0,0.123,0.0,0.0,0.0,0.0,0.0,0.0,0.0,2019-05-06
6,hru06,0.0,0.0,0.123,0.0,0.0,0.0,0.0,0.0,0.0,0.0,2019-05-06
7,hru07,0.0,0.0,0.124,0.0,0.0,0.0,0.0,0.0,0.0,0.0,2019-05-06
8,hru08,0.0,0.0,0.121,0.0,0.0,0.0,0.0,0.0,0.0,0.0,2019-05-06
9,hru09,0.0,0.0,0.124,0.0,0.0,0.0,0.0,0.0,0.0,0.0,2019-05-06
10,hru10,0.0,0.0,0.124,0.0,0.0,0.0,0.0,0.0,0.0,0.0,2019-05-06
11,hru11,0.0,0.0,0.124,0.0,0.0,0.0,0.0,0.0,0.0,0.0,2019-05-06
12,hru12,0.0,0.0,0.124,0.0,0.0,0.0,0.0,0.0,0.0,0.0,2019-05-06
13,hru13,0.0,0.0,0.125,0.0,0.0,0.0,0.0,0.0,0.0,0.0,2019-05-06
14,hru14,0.0,0.0,0.124,0.0,0.0,0.0,0.0,0.0,0.0,0.0,2019-05-06
15,hru15,0.0,0.0,0.126,0.0,0.0,0.0,0.0,0.0,0.0,0.0,2019-05-06
16,hru16,0.0,0.0,0.125,0.0,0.0,0.0,0.0,0.0,0.0,0.0,2019-05-06
17,hru17,0.0,0.0,0.126,0.0,0.0,0.0,0.0,0.0,0.0,0.0,2019-05-06
18,hru18,0.0,0.0,0.126,0.0,0.0,0.0,0.0,0.0,0.0,0.0,2019-05-06
19,hru19,0.0,0.0,0.127,0.0,0.0,0.0,0.0,0.0,0.0,0.0,2019-05-06
20,hru20,0.0,0.0,0.125,0.0,0.0,0.0,0.0,0.0,0.0,0.0,2019-05-06
21,hru21,0.0,0.0,0.126,0.0,0.0,0.0,0.0,0.0,0.0,0.0,2019-05-06
22,hru22,0.0,0.0,0.126,0.0,0.0,0.0,0.0,0.0,0.0,0.0,2019-05-06
23,hru23,0.0,0.0,0.126,0.0,0.0,0.0,0.0,0.0,0.0,0.0,2019-05-06
24,hru24,0.0,0.0,0.126,0.0,0.0,0.0,0.0,0.0,0.0,0.0,2019-05-06
25,hru25,0.0,0.0,0.125,0.0,0.0,0.0,0.0,0.0,0.0,0.0,2019-05-06
26,hru26,0.0,0.0,0.124,0.0,0.0,0.0,0.0,0.0,0.0,0.0,2019-05-06
27,hru27,0.0,0.0,0.124,0.0,0.0,0.0,0.0,0.0,0.0,0.0,2019-05-06
28,hru28,0.0,0.0,0.124,0.0,0.0,0.0,0.0,0.0,0.0,0.0,2019-05-06
29,hru29,0.0,0.0,0.124,0.0,0.0,0.0,0.0,0.0,0.0,0.0,2019-05-06
30,hru30,0.0,0.0,0.124,0.0,0.0,0.0,0.0,0.0,0.0,0.0,2019-05-06
31,hru31,0.0,0.0,0.122,0.0,0.0,0.0,0.0,0.0,0.0,0.0,2019-05-06
32,hru32,0.0,0.0,0.125,0.0,0.0,0.0,0.0,0.0,0.0,0.0,2019-05-06
33,hru33,0.0,0.0,0.124,0.0,0.0,0.0,0.0,0.0,0.0,0.0,2019-05-06
34,hru34,0.0,0.0,0.124,0.0,0.0,0.0,0.0,0.0,0.0,0.0,2019-05-06
35,hru35,0.0,0.0,0.122,0.0,0.0,0.0,0.0,0.0,0.0,0.0,2019-05-06
36,hru36,0.0,0.0,0.124,0.0,0.0,0.0,0.0,0.0,0.0,0.0,2019-05-06
1,hru01,0.0,0.0,0.125,0.0,0.0,0.0,0.0,0.0,0.0,0.0,2019-05-07
2,hru02,0.0,0.0,0.127,0.0,0.0,0.0,0.0,0.0,0.0,0.0,2019-05-07
3,hru03,0.0,0.0,0.124,0.0,0.0,0.0,0.0,0.0,0.0,0.0,2019-05-07
4,hru04,0.0,0.0,0.125,0.0,0.0,0.0,0.0,0.0,0.0,0.0,2019-05-07
5,hru05,0.0,0.0,0.126,0.0,0.0,0.0,0.0,0.0,0.0,0.0,2019-05-07
6,hru06,0.0,0.0,0.126,0.0,0.0,0.0,0.0,0.0,0.0,0.0,2019-05-07
7,hru07,0.0,0.0,0.128,0.0,0.0,0.0,0.0,0.0,0.0,0.0,2019-05-07
8,hru08,0.0,0.0,0.124,0.0,0.0,0.0,0.0,0.0,0.0,0.0,2019-05-07
9,hru09,0.0,0.0,0.127,0.0,0.0,0.0,0.0,0.0,0.0,0.0,2019-05-07
10,hru10,0.0,0.0,0.127,0.0,0.0,0.0,0.0,0.0,0.0,0.0,2019-05-07
11,hru11,0.0,0.0,0.128,0.0,0.0,0.0,0.0,0.0,0.0,0.0,2019-05-07
12,hru12,0.0,0.0,0.128,0.0,0.0,0.0,0.0,0.0,0.0,0.0,2019-05-07
13,hru13,0.0,0.0,0.128,0.0,0.0,0.0,0.0,0.0,0.0,0.0,2019-05-07
14,hru14,0.0,0.0,0.128,0.0,0.0,0.0,0.0,0.0,0.0,0.0,2019-05-07
15,hru15,0.0,0.0,0.129,0.0,0.0,0.0,0.0,0.0,0.0,0.0,2019-05-07
16,hru16,0.0,0.0,0.128,0.0,0.0,0.0,0.0,0.0,0.0,0.0,2019-05-07
17,hru17,0.0,0.0,0.129,0.0,0.0,0.0,0.0,0.0,0.0,0.0,2019-05-07
18,hru18,0.0,0.0,0.129,0.0,0.0,0.0,0.0,0.0,0.0,0.0,2019-05-07
19,hru19,0.0,0.0,0.131,0.0,0.0,0.0,0.0,0.0,0.0,0.0,2019-05-07
20,hru20,0.0,0.0,0.128,0.0,0.0,0.0,0.0,0.0,0.0,0.0,2019-05-07
21,hru21,0.0,0.0,0.129,0.0,0.0,0.0,0.0,0.0,0.0,0.0,2019-05-07
22,hru22,0.0,0.0,0.129,0.0,0.0,0.0,0.0,0.0,0.0,0.0,2019-05-07
23,hru23,0.0,0.0,0.129,0.0,0.0,0.0,0.0,0.0,0.0,0.0,2019-05-07
24,hru24,0.0,0.0,0.129,0.0,0.0,0.0,0.0,0.0,0.0,0.0,2019-05-07
25,hru25,0.0,0.0,0.128,0.0,0.0,0.0,0.0,0.0,0.0,0.0,2019-05-07
26,hru26,0.0,0.0,0.128,0.0,0.0,0.0,0.0,0.0,0.0,0.0,2019-05-07
27,hru27,0.0,0.0,0.127,0.0,0.0,0.0,0.0,0.0,0.0,0.0,2019-05-07
28,hru28,0.0,0.0,0.128,0.0,0.0,0.0,0.0,0.0,0.0,0.0,2019-05-07
29,hru29,0.0,0.0,0.127,0.0,0.0,0.0,0.0,0.0,0.0,0.0,2019-05-07
30,hru30,0.0,0.0,0.127,0.0,0.0,0.0,0.0,0.0,0.0,0.0,2019-05-07
31,hru31,0.0,0.0,0.125,0.0,0.0,0.0,0.0,0.0,0.0,0.0,2019-05-07
32,hru32,0.0,0.0,0.128,0.0,0.0,0.0,0.0,0.0,0.0,0.0,2019-05-07
33,hru33,0.0,0.0,0.127,0.0,0.0,0.0,0.0,0.0,0.0,0.0,2019-05-07
34,hru34,0.0,0.0,0.127,0.0,0.0,0.0,0.0,0.0,0.0,0.0,2019-05-07
35,hru35,0.0,0.0,0.125,0.0,0.0,0.0,0.0,0.0,0.0,0.0,2019-05-07
36,hru36,0.0,0.0,0.127,0.0,0.0,0.0,0.0,0.0,0.0,0.0,2019-05-07
1,hru01,0.0,0.0,0.128,0.0,0.0,0.0,0.0,0.0,0.0,0.0,2019-05-08
2,hru02,0.0,0.0,0.129,0.0,0.0,0.0,0.0,0.0,0.0,0.0,2019-05-08
3,hru03,0.0,0.0,0.126,0.0,0.0,0.0,0.0,0.0,0.0,0.0,2019-05-08
4,hru04,0.0,0.0,0.128,0.0,0.0,0.0,0.0,0.0,0.0,0.0,2019-05-08
5,hru05,0.0,0.0,0.129,0.0,0.0,0.0,0.0,0.0,0.0,0.0,2019-05-08
6,hru06,0.0,0.0,0.129,0.0,0.0,0.0,0.0,0.0,0.0,0.0,2019-05-08
7,hru07,0.0,0.0,0.13,0.0,0.0,0.0,0.0,0.0,0.0,0.0,2019-05-08
8,hru08,0.0,0.0,0.126,0.0,0.0,0.0,0.0,0.0,0.0,0.0,2019-05-08
9,hru09,0.0,0.0,0.13,0.0,0.0,0.0,0.0,0.0,0.0,0.0,2019-05-08
10,hru10,0.0,0.0,0.13,0.0,0.0,0.0,0.0,0.0,0.0,0.0,2019-05-08
11,hru11,0.0,0.0,0.131,0.0,0.0,0.0,0.0,0.0,0.0,0.0,2019-05-08
12,hru12,0.0,0.0,0.13,0.0,0.0,0.0,0.0,0.0,0.0,0.0,2019-05-08
13,hru13,0.0,0.0,0.131,0.0,0.0,0.0,0.0,0.0,0.0,0.0,2019-05-08
14,hru14,0.0,0.0,0.13,0.0,0.0,0.0,0.0,0.0,0.0,0.0,2019-05-08
15,hru15,0.0,0.0,0.132,0.0,0.0,0.0,0.0,0.0,0.0,0.0,2019-05-08
16,hru16,0.0,0.0,0.131,0.0,0.0,0.0,0.0,0.0,0.0,0.0,2019-05-08
17,hru17,0.0,0.0,0.132,0.0,0.0,0.0,0.0,0.0,0.0,0.0,2019-05-08
18,hru18,0.0,0.0,0.132,0.0,0.0,0.0,0.0,0.0,0.0,0.0,2019-05-08
19,hru19,0.0,0.0,0.133,0.0,0.0,0.0,0.0,0.0,0.0,0.0,2019-05-08
20,hru20,0.0,0.0,0.131,0.0,0.0,0.0,0.0,0.0,0.0,0.0,2019-05-08
21,hru21,0.0,0.0,0.132,0.0,0.0,0.0,0.0,0.0,0.0,0.0,2019-05-08
22,hru22,0.0,0.0,0.132,0.0,0.0,0.0,0.0,0.0,0.0,0.0,2019-05-08
23,hru23,0.0,0.0,0.132,0.0,0.0,0.0,0.0,0.0,0.0,0.0,2019-05-08
24,hru24,0.0,0.0,0.132,0.0,0.0,0.0,0.0,0.0,0.0,0.0,2019-05-08
25,hru25,0.0,0.0,0.131,0.0,0.0,0.0,0.0,0.0,0.0,0.0,2019-05-08
26,hru26,0.0,0.0,0.131,0.0,0.0,0.0,0.0,0.0,0.0,0.0,2019-05-08
27,hru27,0.0,0.0,0.13,0.0,0.0,0.0,0.0,0.0,0.0,0.0,2019-05-08
28,hru28,0.0,0.0,0.131,0.0,0.0,0.0,0.0,0.0,0.0,0.0,2019-05-08
29,hru29,0.0,0.0,0.13,0.0,0.0,0.0,0.0,0.0,0.0,0.0,2019-05-08
30,hru30,0.0,0.0,0.13,0.0,0.0,0.0,0.0,0.0,0.0,0.0,2019-05-08
31,hru31,0.0,0.0,0.128,0.0,0.0,0.0,0.0,0.0,0.0,0.0,2019-05-08
32,hru32,0.0,0.0,0.131,0.0,0.0,0.0,0.0,0.0,0.0,0.0,2019-05-08
33,hru33,0.0,0.0,0.13,0.0,0.0,0.0,0.0,0.0,0.0,0.0,2019-05-08
34,hru34,0.0,0.0,0.13,0.0,0.0,0.0,0.0,0.0,0.0,0.0,2019-05-08
35,hru35,0.0,0.0,0.127,0.0,0.0,0.0,0.0,0.0,0.0,0.0,2019-05-08
36,hru36,0.0,0.0,0.13,0.0,0.0,0.0,0.0,0.0,0.0,0.0,2019-05-08
1,hru01,0.0,0.0,0.129,0.0,0.0,0.0,0.0,0.0,0.0,0.0,2019-05-09
2,hru02,0.0,0.0,0.131,0.0,0.0,0.0,0.0,0.0,0.0,0.0,2019-05-09
3,hru03,0.0,0.0,0.128,0.0,0.0,0.0,0.0,0.0,0.0,0.0,2019-05-09
4,hru04,0.0,0.0,0.129,0.0,0.0,0.0,0.0,0.0,0.0,0.0,2019-05-09
5,hru05,0.0,0.0,0.13,0.0,0.0,0.0,0.0,0.0,0.0,0.0,2019-05-09
6,hru06,0.0,0.0,0.13,0.0,0.0,0.0,0.0,0.0,0.0,0.0,2019-05-09
7,hru07,0.0,0.0,0.132,0.0,0.0,0.0,0.0,0.0,0.0,0.0,2019-05-09
8,hru08,0.0,0.0,0.128,0.0,0.0,0.0,0.0,0.0,0.0,0.0,2019-05-09
9,hru09,0.0,0.0,0.131,0.0,0.0,0.0,0.0,0.0,0.0,0.0,2019-05-09
10,hru10,0.0,0.0,0.131,0.0,0.0,0.0,0.0,0.0,0.0,0.0,2019-05-09
11,hru11,0.0,0.0,0.132,0.0,0.0,0.0,0.0,0.0,0.0,0.0,2019-05-09
12,hru12,0.0,0.0,0.132,0.0,0.0,0.0,0.0,0.0,0.0,0.0,2019-05-09
13,hru13,0.0,0.0,0.133,0.0,0.0,0.0,0.0,0.0,0.0,0.0,2019-05-09
14,hru14,0.0,0.0,0.132,0.0,0.0,0.0,0.0,0.0,0.0,0.0,2019-05-09
15,hru15,0.0,0.0,0.133,0.0,0.0,0.0,0.0,0.0,0.0,0.0,2019-05-09
16,hru16,0.0,0.0,0.132,0.0,0.0,0.0,0.0,0.0,0.0,0.0,2019-05-09
17,hru17,0.0,0.0,0.134,0.0,0.0,0.0,0.0,0.0,0.0,0.0,2019-05-09
18,hru18,0.0,0.0,0.133,0.0,0.0,0.0,0.0,0.0,0.0,0.0,2019-05-09
19,hru19,0.0,0.0,0.135,0.0,0.0,0.0,0.0,0.0,0.0,0.0,2019-05-09
20,hru20,0.0,0.0,0.133,0.0,0.0,0.0,0.0,0.0,0.0,0.0,2019-05-09
21,hru21,0.0,0.0,0.133,0.0,0.0,0.0,0.0,0.0,0.0,0.0,2019-05-09
22,hru22,0.0,0.0,0.133,0.0,0.0,0.0,0.0,0.0,0.0,0.0,2019-05-09
23,hru23,0.0,0.0,0.133,0.0,0.0,0.0,0.0,0.0,0.0,0.0,2019-05-09
24,hru24,0.0,0.0,0.133,0.0,0.0,0.0,0.0,0.0,0.0,0.0,2019-05-09
25,hru25,0.0,0.0,0.133,0.0,0.0,0.0,0.0,0.0,0.0,0.0,2019-05-09
26,hru26,0.0,0.0,0.132,0.0,0.0,0.0,0.0,0.0,0.0,0.0,2019-05-09
27,hru27,0.0,0.0,0.131,0.0,0.0,0.0,0.0,0.0,0.0,0.0,2019-05-09
28,hru28,0.0,0.0,0.132,0.0,0.0,0.0,0.0,0.0,0.0,0.0,2019-05-09
29,hru29,0.0,0.0,0.132,0.0,0.0,0.0,0.0,0.0,0.0,0.0,2019-05-09
30,hru30,0.0,0.0,0.132,0.0,0.0,0.0,0.0,0.0,0.0,0.0,2019-05-09
31,hru31,0.0,0.0,0.129,0.0,0.0,0.0,0.0,0.0,0.0,0.0,2019-05-09
32,hru32,0.0,0.0,0.133,0.0,0.0,0.0,0.0,0.0,0.0,0.0,2019-05-09
33,hru33,0.0,0.0,0.131,0.0,0.0,0.0,0.0,0.0,0.0,0.0,2019-05-09
34,hru34,0.0,0.0,0.131,0.0,0.0,0.0,0.0,0.0,0.0,0.0,2019-05-09
35,hru35,0.0,0.0,0.129,0.0,0.0,0.0,0.0,0.0,0.0,0.0,2019-05-09
36,hru36,0.0,0.0,0.131,0.0,0.0,0.0,0.0,0.0,0.0,0.0,2019-05-09
1,hru01,0.0,0.0,0.132,0.0,0.0,0.0,0.0,0.0,0.0,0.0,2019-05-10
2,hru02,0.0,0.0,0.134,0.0,0.0,0.0,0.0,0.0,0.0,0.0,2019-05-10
3,hru03,0.0,0.0,0.131,0.0,0.0,0.0,0.0,0.0,0.0,0.0,2019-05-10
4,hru04,0.0,0.0,0.132,0.0,0.0,0.0,0.0,0.0,0.0,0.0,2019-05-10
5,hru05,0.0,0.0,0.133,0.0,0.0,0.0,0.0,0.0,0.0,0.0,2019-05-10
6,hru06,0.0,0.0,0.133,0.0,0.0,0.0,0.0,0.0,0.0,0.0,2019-05-10
7,hru07,0.0,0.0,0.135,0.0,0.0,0.0,0.0,0.0,0.0,0.0,2019-05-10
8,hru08,0.0,0.0,0.131,0.0,0.0,0.0,0.0,0.0,0.0,0.0,2019-05-10
9,hru09,0.0,0.0,0.134,0.0,0.0,0.0,0.0,0.0,0.0,0.0,2019-05-10
10,hru10,0.0,0.0,0.134,0.0,0.0,0.0,0.0,0.0,0.0,0.0,2019-05-10
11,hru11,0.0,0.0,0.135,0.0,0.0,0.0,0.0,0.0,0.0,0.0,2019-05-10
12,hru12,0.0,0.0,0.135,0.0,0.0,0.0,0.0,0.0,0.0,0.0,2019-05-10
13,hru13,0.0,0.0,0.136,0.0,0.0,0.0,0.0,0.0,0.0,0.0,2019-05-10
14,hru14,0.0,0.0,0.135,0.0,0.0,0.0,0.0,0.0,0.0,0.0,2019-05-10
15,hru15,0.0,0.0,0.136,0.0,0.0,0.0,0.0,0.0,0.0,0.0,2019-05-10
16,hru16,0.0,0.0,0.135,0.0,0.0,0.0,0.0,0.0,0.0,0.0,2019-05-10
17,hru17,0.0,0.0,0.136,0.0,0.0,0.0,0.0,0.0,0.0,0.0,2019-05-10
18,hru18,0.0,0.0,0.136,0.0,0.0,0.0,0.0,0.0,0.0,0.0,2019-05-10
19,hru19,0.0,0.0,0.138,0.0,0.0,0.0,0.0,0.0,0.0,0.0,2019-05-10
20,hru20,0.0,0.0,0.136,0.0,0.0,0.0,0.0,0.0,0.0,0.0,2019-05-10
21,hru21,0.0,0.0,0.136,0.0,0.0,0.0,0.0,0.0,0.0,0.0,2019-05-10
22,hru22,0.0,0.0,0.136,0.0,0.0,0.0,0.0,0.0,0.0,0.0,2019-05-10
23,hru23,0.0,0.0,0.136,0.0,0.0,0.0,0.0,0.0,0.0,0.0,2019-05-10
24,hru24,0.0,0.0,0.136,0.0,0.0,0.0,0.0,0.0,0.0,0.0,2019-05-10
25,hru25,0.0,0.0,0.136,0.0,0.0,0.0,0.0,0.0,0.0,0.0,2019-05-10
26,hru26,0.0,0.0,0.135,0.0,0.0,0.0,0.0,0.0,0.0,0.0,2019-05-10
27,hru27,0.0,0.0,0.134,0.0,0.0,0.0,0.0,0.0,0.0,0.0,2019-05-10
28,hru28,0.0,0.0,0.135,0.0,0.0,0.0,0.0,0.0,0.0,0.0,2019-05-10
29,hru29,0.0,0.0,0.135,0.0,0.0,0.0,0.0,0.0,0.0,0.0,2019-05-10
30,hru30,0.0,0.0,0.135,0.0,0.0,0.0,0.0,0.0,0.0,0.0,2019-05-10
31,hru31,0.0,0.0,0.132,0.0,0.0,0.0,0.0,0.0,0.0,0.0,2019-05-10
32,hru32,0.0,0.0,0.136,0.0,0.0,0.0,0.0,0.0,0.0,0.0,2019-05-10
33,hru33,0.0,0.0,0.134,0.0,0.0,0.0,0.0,0.0,0.0,0.0,2019-05-10
34,hru34,0.0,0.0,0.134,0.0,0.0,0.0,0.0,0.0,0.0,0.0,2019-05-10
35,hru35,0.0,0.0,0.132,0.0,0.0,0.0,0.0,0.0,0.0,0.0,2019-05-10
36,hru36,0.0,0.0,0.134,0.0,0.0,0.0,0.0,0.0,0.0,0.0,2019-05-10
1,hru01,0.0,0.0,0.135,0.0,0.0,0.0,0.0,0.0,0.0,0.0,2019-05-11
2,hru02,0.0,0.0,0.136,0.0,0.0,0.0,0.0,0.0,0.0,0.0,2019-05-11
3,hru03,0.0,0.0,0.133,0.0,0.0,0.0,0.0,0.0,0.0,0.0,2019-05-11
4,hru04,0.0,0.0,0.135,0.0,0.0,0.0,0.0,0.0,0.0,0.0,2019-05-11
5,hru05,0.0,0.0,0.136,0.0,0.0,0.0,0.0,0.0,0.0,0.0,2019-05-11
6,hru06,0.0,0.0,0.136,0.0,0.0,0.0,0.0,0.0,0.0,0.0,2019-05-11
7,hru07,0.0,0.0,0.137,0.0,0.0,0.0,0.0,0.0,0.0,0.0,2019-05-11
8,hru08,0.0,0.0,0.133,0.0,0.0,0.0,0.0,0.0,0.0,0.0,2019-05-11
9,hru09,0.0,0.0,0.137,0.0,0.0,0.0,0.0,0.0,0.0,0.0,2019-05-11
10,hru10,0.0,0.0,0.137,0.0,0.0,0.0,0.0,0.0,0.0,0.0,2019-05-11
11,hru11,0.0,0.0,0.138,0.0,0.0,0.0,0.0,0.0,0.0,0.0,2019-05-11
12,hru12,0.0,0.0,0.137,0.0,0.0,0.0,0.0,0.0,0.0,0.0,2019-05-11
13,hru13,0.0,0.0,0.138,0.0,0.0,0.0,0.0,0.0,0.0,0.0,2019-05-11
14,hru14,0.0,0.0,0.137,0.0,0.0,0.0,0.0,0.0,0.0,0.0,2019-05-11
15,hru15,0.0,0.0,0.139,0.0,0.0,0.0,0.0,0.0,0.0,0.0,2019-05-11
16,hru16,0.0,0.0,0.138,0.0,0.0,0.0,0.0,0.0,0.0,0.0,2019-05-11
17,hru17,0.0,0.0,0.139,0.0,0.0,0.0,0.0,0.0,0.0,0.0,2019-05-11
18,hru18,0.0,0.0,0.139,0.0,0.0,0.0,0.0,0.0,0.0,0.0,2019-05-11
19,hru19,0.0,0.0,0.141,0.0,0.0,0.0,0.0,0.0,0.0,0.0,2019-05-11
20,hru20,0.0,0.0,0.138,0.0,0.0,0.0,0.0,0.0,0.0,0.0,2019-05-11
21,hru21,0.0,0.0,0.139,0.0,0.0,0.0,0.0,0.0,0.0,0.0,2019-05-11
22,hru22,0.0,0.0,0.139,0.0,0.0,0.0,0.0,0.0,0.0,0.0,2019-05-11
23,hru23,0.0,0.0,0.139,0.0,0.0,0.0,0.0,0.0,0.0,0.0,2019-05-11
24,hru24,0.0,0.0,0.139,0.0,0.0,0.0,0.0,0.0,0.0,0.0,2019-05-11
25,hru25,0.0,0.0,0.138,0.0,0.0,0.0,0.0,0.0,0.0,0.0,2019-05-11
26,hru26,0.0,0.0,0.138,0.0,0.0,0.0,0.0,0.0,0.0,0.0,2019-05-11
27,hru27,0.0,0.0,0.137,0.0,0.0,0.0,0.0,0.0,0.0,0.0,2019-05-11
28,hru28,0.0,0.0,0.138,0.0,0.0,0.0,0.0,0.0,0.0,0.0,2019-05-11
29,hru29,0.0,0.0,0.137,0.0,0.0,0.0,0.0,0.0,0.0,0.0,2019-05-11
30,hru30,0.0,0.0,0.137,0.0,0.0,0.0,0.0,0.0,0.0,0.0,2019-05-11
31,hru31,0.0,0.0,0.135,0.0,0.0,0.0,0.0,0.0,0.0,0.0,2019-05-11
32,hru32,0.0,0.0,0.138,0.0,0.0,0.0,0.0,0.0,0.0,0.0,2019-05-11
33,hru33,0.0,0.0,0.137,0.0,0.0,0.0,0.0,0.0,0.0,0.0,2019-05-11
34,hru34,0.0,0.0,0.137,0.0,0.0,0.0,0.0,0.0,0.0,0.0,2019-05-11
35,hru35,0.0,0.0,0.134,0.0,0.0,0.0,0.0,0.0,0.0,0.0,2019-05-11
36,hru36,0.0,0.0,0.137,0.0,0.0,0.0,0.0,0.0,0.0,0.0,2019-05-11
1,hru01,0.0,0.0,0.137,0.0,0.0,0.0,0.0,0.0,0.0,0.0,2019-05-12
2,hru02,0.0,0.0,0.138,0.0,0.0,0.0,0.0,0.0,0.0,0.0,2019-05-12
3,hru03,0.0,0.0,0.135,0.0,0.0,0.0,0.0,0.0,0.0,0.0,2019-05-12
4,hru04,0.0,0.0,0.137,0.0,0.0,0.0,0.0,0.0,0.0,0.0,2019-05-12
5,hru05,0.0,0.0,0.138,0.0,0.0,0.0,0.0,0.0,0.0,0.0,2019-05-12
6,hru06,0.0,0.0,0.138,0.0,0.0,0.0,0.0,0.0,0.0,0.0,2019-05-12
7,hru07,0.0,0.0,0.14,0.0,0.0,0.0,0.0,0.0,0.0,0.0,2019-05-12
8,hru08,0.0,0.0,0.135,0.0,0.0,0.0,0.0,0.0,0.0,0.0,2019-05-12
9,hru09,0.0,0.0,0.139,0.0,0.0,0.0,0.0,0.0,0.0,0.0,2019-05-12
10,hru10,0.0,0.0,0.139,0.0,0.0,0.0,0.0,0.0,0.0,0.0,2019-05-12
11,hru11,0.0,0.0,0.14,0.0,0.0,0.0,0.0,0.0,0.0,0.0,2019-05-12
12,hru12,0.0,0.0,0.14,0.0,0.0,0.0,0.0,0.0,0.0,0.0,2019-05-12
13,hru13,0.0,0.0,0.14,0.0,0.0,0.0,0.0,0.0,0.0,0.0,2019-05-12
14,hru14,0.0,0.0,0.14,0.0,0.0,0.0,0.0,0.0,0.0,0.0,2019-05-12
15,hru15,0.0,0.0,0.141,0.0,0.0,0.0,0.0,0.0,0.0,0.0,2019-05-12
16,hru16,0.0,0.0,0.14,0.0,0.0,0.0,0.0,0.0,0.0,0.0,2019-05-12
17,hru17,0.0,0.0,0.141,0.0,0.0,0.0,0.0,0.0,0.0,0.0,2019-05-12
18,hru18,0.0,0.0,0.141,0.0,0.0,0.0,0.0,0.0,0.0,0.0,2019-05-12
19,hru19,0.0,0.0,0.143,0.0,0.0,0.0,0.0,0.0,0.0,0.0,2019-05-12
20,hru20,0.0,0.0,0.14,0.0,0.0,0.0,0.0,0.0,0.0,0.0,2019-05-12
21,hru21,0.0,0.0,0.141,0.0,0.0,0.0,0.0,0.0,0.0,0.0,2019-05-12
22,hru22,0.0,0.0,0.141,0.0,0.0,0.0,0.0,0.0,0.0,0.0,2019-05-12
23,hru23,0.0,0.0,0.141,0.0,0.0,0.0,0.0,0.0,0.0,0.0,2019-05-12
24,hru24,0.0,0.0,0.141,0.0,0.0,0.0,0.0,0.0,0.0,0.0,2019-05-12
25,hru25,0.0,0.0,0.14,0.0,0.0,0.0,0.0,0.0,0.0,0.0,2019-05-12
26,hru26,0.0,0.0,0.14,0.0,0.0,0.0,0.0,0.0,0.0,0.0,2019-05-12
27,hru27,0.0,0.0,0.139,0.0,0.0,0.0,0.0,0.0,0.0,0.0,2019-05-12
28,hru28,0.0,0.0,0.14,0.0,0.0,0.0,0.0,0.0,0.0,0.0,2019-05-12
29,hru29,0.0,0.0,0.139,0.0,0.0,0.0,0.0,0.0,0.0,0.0,2019-05-12
30,hru30,0.0,0.0,0.139,0.0,0.0,0.0,0.0,0.0,0.0,0.0,2019-05-12
31,hru31,0.0,0.0,0.137,0.0,0.0,0.0,0.0,0.0,0.0,0.0,2019-05-12
32,hru32,0.0,0.0,0.14,0.0,0.0,0.0,0.0,0.0,0.0,0.0,2019-05-12
33,hru33,0.0,0.0,0.139,0.0,0.0,0.0,0.0,0.0,0.0,0.0,2019-05-12
34,hru34,0.0,0.0,0.139,0.0,0.0,0.0,0.0,0.0,0.0,0.0,2019-05-12
35,hru35,0.0,0.0,0.137,0.0,0.0,0.0,0.0,0.0,0.0,0.0,2019-05-12
36,hru36,0.0,0.0,0.139,0.0,0.0,0.0,0.0,0.0,0.0,0.0,2019-05-12
1,hru01,0.0,0.0,0.14,0.0,0.0,0.0,0.0,0.0,0.0,0.0,2019-05-13
2,hru02,0.0,0.0,0.142,0.0,0.0,0.0,0.0,0.0,0.0,0.0,2019-05-13
3,hru03,0.0,0.0,0.138,0.0,0.0,0.0,0.0,0.0,0.0,0.0,2019-05-13
4,hru04,0.0,0.0,0.14,0.0,0.0,0.0,0.0,0.0,0.0,0.0,2019-05-13
5,hru05,0.0,0.0,0.141,0.0,0.0,0.0,0.0,0.0,0.0,0.0,2019-05-13
6,hru06,0.0,0.0,0.141,0.0,0.0,0.0,0.0,0.0,0.0,0.0,2019-05-13
7,hru07,0.0,0.0,0.143,0.0,0.0,0.0,0.0,0.0,0.0,0.0,2019-05-13
8,hru08,0.0,0.0,0.138,0.0,0.0,0.0,0.0,0.0,0.0,0.0,2019-05-13
9,hru09,0.0,0.0,0.142,0.0,0.0,0.0,0.0,0.0,0.0,0.0,2019-05-13
10,hru10,0.0,0.0,0.142,0.0,0.0,0.0,0.0,0.0,0.0,0.0,2019-05-13
11,hru11,0.0,0.0,0.143,0.0,0.0,0.0,0.0,0.0,0.0,0.0,2019-05-13
12,hru12,0.0,0.0,0.143,0.0,0.0,0.0,0.0,0.0,0.0,0.0,2019-05-13
13,hru13,0.0,0.0,0.144,0.0,0.0,0.0,0.0,0.0,0.0,0.0,2019-05-13
14,hru14,0.0,0.0,0.143,0.0,0.0,0.0,0.0,0.0,0.0,0.0,2019-05-13
15,hru15,0.0,0.0,0.145,0.0,0.0,0.0,0.0,0.0,0.0,0.0,2019-05-13
16,hru16,0.0,0.0,0.143,0.0,0.0,0.0,0.0,0.0,0.0,0.0,2019-05-13
17,hru17,0.0,0.0,0.145,0.0,0.0,0.0,0.0,0.0,0.0,0.0,2019-05-13
18,hru18,0.0,0.0,0.144,0.0,0.0,0.0,0.0,0.0,0.0,0.0,2019-05-13
19,hru19,0.0,0.0,0.146,0.0,0.0,0.0,0.0,0.0,0.0,0.0,2019-05-13
20,hru20,0.0,0.0,0.144,0.0,0.0,0.0,0.0,0.0,0.0,0.0,2019-05-13
21,hru21,0.0,0.0,0.145,0.0,0.0,0.0,0.0,0.0,0.0,0.0,2019-05-13
22,hru22,0.0,0.0,0.144,0.0,0.0,0.0,0.0,0.0,0.0,0.0,2019-05-13
23,hru23,0.0,0.0,0.144,0.0,0.0,0.0,0.0,0.0,0.0,0.0,2019-05-13
24,hru24,0.0,0.0,0.145,0.0,0.0,0.0,0.0,0.0,0.0,0.0,2019-05-13
25,hru25,0.0,0.0,0.144,0.0,0.0,0.0,0.0,0.0,0.0,0.0,2019-05-13
26,hru26,0.0,0.0,0.143,0.0,0.0,0.0,0.0,0.0,0.0,0.0,2019-05-13
27,hru27,0.0,0.0,0.142,0.0,0.0,0.0,0.0,0.0,0.0,0.0,2019-05-13
28,hru28,0.0,0.0,0.143,0.0,0.0,0.0,0.0,0.0,0.0,0.0,2019-05-13
29,hru29,0.0,0.0,0.143,0.0,0.0,0.0,0.0,0.0,0.0,0.0,2019-05-13
30,hru30,0.0,0.0,0.143,0.0,0.0,0.0,0.0,0.0,0.0,0.0,2019-05-13
31,hru31,0.0,0.0,0.14,0.0,0.0,0.0,0.0,0.0,0.0,0.0,2019-05-13
32,hru32,0.0,0.0,0.144,0.0,0.0,0.0,0.0,0.0,0.0,0.0,2019-05-13
33,hru33,0.0,0.0,0.142,0.0,0.0,0.0,0.0,0.0,0.0,0.0,2019-05-13
34,hru34,0.0,0.0,0.142,0.0,0.0,0.0,0.0,0.0,0.0,0.0,2019-05-13
35,hru35,0.0,0.0,0.14,0.0,0.0,0.0,0.0,0.0,0.0,0.0,2019-05-13
36,hru36,0.0,0.0,0.142,0.0,0.0,0.0,0.0,0.0,0.0,0.0,2019-05-13
1,hru01,0.0,0.0,0.144,0.0,0.0,0.0,0.0,0.0,0.0,0.0,2019-05-14
2,hru02,0.0,0.0,0.145,0.0,0.0,0.0,0.0,0.0,0.0,0.0,2019-05-14
3,hru03,0.0,0.0,0.142,0.0,0.0,0.0,0.0,0.0,0.0,0.0,2019-05-14
4,hru04,0.0,0.0,0.144,0.0,0.0,0.0,0.0,0.0,0.0,0.0,2019-05-14
5,hru05,0.0,0.0,0.145,0.0,0.0,0.0,0.0,0.0,0.0,0.0,2019-05-14
6,hru06,0.0,0.0,0.145,0.0,0.0,0.0,0.0,0.0,0.0,0.0,2019-05-14
7,hru07,0.0,0.0,0.147,0.0,0.0,0.0,0.0,0.0,0.0,0.0,2019-05-14
8,hru08,0.0,0.0,0.142,0.0,0.0,0.0,0.0,0.0,0.0,0.0,2019-05-14
9,hru09,0.0,0.0,0.146,0.0,0.0,0.0,0.0,0.0,0.0,0.0,2019-05-14
10,hru10,0.0,0.0,0.146,0.0,0.0,0.0,0.0,0.0,0.0,0.0,2019-05-14
11,hru11,0.0,0.0,0.147,0.0,0.0,0.0,0.0,0.0,0.0,0.0,2019-05-14
12,hru12,0.0,0.0,0.146,0.0,0.0,0.0,0.0,0.0,0.0,0.0,2019-05-14
13,hru13,0.0,0.0,0.147,0.0,0.0,0.0,0.0,0.0,0.0,0.0,2019-05-14
14,hru14,0.0,0.0,0.146,0.0,0.0,0.0,0.0,0.0,0.0,0.0,2019-05-14
15,hru15,0.0,0.0,0.148,0.0,0.0,0.0,0.0,0.0,0.0,0.0,2019-05-14
16,hru16,0.0,0.0,0.147,0.0,0.0,0.0,0.0,0.0,0.0,0.0,2019-05-14
17,hru17,0.0,0.0,0.148,0.0,0.0,0.0,0.0,0.0,0.0,0.0,2019-05-14
18,hru18,0.0,0.0,0.148,0.0,0.0,0.0,0.0,0.0,0.0,0.0,2019-05-14
19,hru19,0.0,0.0,0.15,0.0,0.0,0.0,0.0,0.0,0.0,0.0,2019-05-14
20,hru20,0.0,0.0,0.147,0.0,0.0,0.0,0.0,0.0,0.0,0.0,2019-05-14
21,hru21,0.0,0.0,0.148,0.0,0.0,0.0,0.0,0.0,0.0,0.0,2019-05-14
22,hru22,0.0,0.0,0.148,0.0,0.0,0.0,0.0,0.0,0.0,0.0,2019-05-14
23,hru23,0.0,0.0,0.148,0.0,0.0,0.0,0.0,0.0,0.0,0.0,2019-05-14
24,hru24,0.0,0.0,0.148,0.0,0.0,0.0,0.0,0.0,0.0,0.0,2019-05-14
25,hru25,0.0,0.0,0.147,0.0,0.0,0.0,0.0,0.0,0.0,0.0,2019-05-14
26,hru26,0.0,0.0,0.147,0.0,0.0,0.0,0.0,0.0,0.0,0.0,2019-05-14
27,hru27,0.0,0.0,0.146,0.0,0.0,0.0,0.0,0.0,0.0,0.0,2019-05-14
28,hru28,0.0,0.0,0.147,0.0,0.0,0.0,0.0,0.0,0.0,0.0,2019-05-14
29,hru29,0.0,0.0,0.146,0.0,0.0,0.0,0.0,0.0,0.0,0.0,2019-05-14
30,hru30,0.0,0.0,0.146,0.0,0.0,0.0,0.0,0.0,0.0,0.0,2019-05-14
31,hru31,0.0,0.0,0.144,0.0,0.0,0.0,0.0,0.0,0.0,0.0,2019-05-14
32,hru32,0.0,0.0,0.147,0.0,0.0,0.0,0.0,0.0,0.0,0.0,2019-05-14
33,hru33,0.0,0.0,0.146,0.0,0.0,0.0,0.0,0.0,0.0,0.0,2019-05-14
34,hru34,0.0,0.0,0.146,0.0,0.0,0.0,0.0,0.0,0.0,0.0,2019-05-14
35,hru35,0.0,0.0,0.144,0.0,0.0,0.0,0.0,0.0,0.0,0.0,2019-05-14
36,hru36,0.0,0.0,0.146,0.0,0.0,0.0,0.0,0.0,0.0,0.0,2019-05-14
1,hru01,0.0,0.0,0.149,0.0,0.0,0.0,0.0,0.0,0.0,0.0,2019-05-15
2,hru02,0.0,0.0,0.15,0.1,0.0,0.0,0.0,0.267,0.0,0.0,2019-05-15
3,hru03,0.0,0.0,0.147,0.0,0.0,0.0,0.0,0.0,0.0,0.0,2019-05-15
4,hru04,0.0,0.0,0.148,0.0,0.0,0.0,0.0,0.0,0.0,0.0,2019-05-15
5,hru05,0.0,0.0,0.15,0.0,0.0,0.0,0.0,0.0,0.0,0.0,2019-05-15
6,hru06,0.0,0.0,0.15,0.0,0.0,0.0,0.0,0.0,0.0,0.0,2019-05-15
7,hru07,0.0,0.0,0.151,0.787,0.0,0.0,0.0,0.267,0.0,0.0,2019-05-15
8,hru08,0.0,0.0,0.147,0.0,0.0,0.0,0.0,0.0,0.0,0.0,2019-05-15
9,hru09,0.0,0.0,0.151,0.88,0.0,0.0,0.0,0.264,0.0,0.0,2019-05-15
10,hru10,0.0,0.0,0.151,0.88,0.0,0.0,0.0,0.264,0.0,0.0,2019-05-15
11,hru11,0.0,0.0,0.151,0.938,0.0,0.0,0.0,0.27,0.0,0.0,2019-05-15
12,hru12,0.0,0.0,0.151,0.755,0.0,0.0,0.0,0.267,0.0,0.0,2019-05-15
13,hru13,0.0,0.0,0.152,0.0,0.0,0.0,0.0,0.267,0.0,0.0,2019-05-15
14,hru14,0.0,0.0,0.151,0.755,0.0,0.0,0.0,0.267,0.0,0.0,2019-05-15
15,hru15,0.0,0.0,0.153,0.0,0.0,0.0,0.0,0.267,0.0,0.0,2019-05-15
16,hru16,0.0,0.0,0.152,0.442,0.0,0.0,0.0,0.27,0.0,0.0,2019-05-15
17,hru17,0.0,0.0,0.153,0.0,0.0,0.0,0.0,0.261,0.0,0.0,2019-05-15
18,hru18,0.0,0.0,0.153,0.495,0.0,0.0,0.0,0.267,0.0,0.0,2019-05-15
19,hru19,0.0,0.0,0.155,0.0,0.0,0.0,0.0,0.261,0.0,0.0,2019-05-15
20,hru20,0.0,0.0,0.152,0.0,0.0,0.0,0.0,0.261,0.0,0.0,2019-05-15
21,hru21,0.0,0.0,0.153,0.182,0.0,0.0,0.0,0.267,0.0,0.0,2019-05-15
22,hru22,0.0,0.0,0.153,0.494,0.0,0.0,0.0,0.267,0.0,0.0,2019-05-15
23,hru23,0.0,0.0,0.153,0.288,0.0,0.0,0.0,0.267,0.0,0.0,2019-05-15
24,hru24,0.0,0.0,0.153,0.0,0.0,0.0,0.0,0.264,0.0,0.0,2019-05-15
25,hru25,0.0,0.0,0.152,0.0,0.0,0.0,0.0,0.524,0.0,0.0,2019-05-15
26,hru26,0.0,0.0,0.151,0.0,0.0,0.0,0.0,0.264,0.0,0.0,2019-05-15
27,hru27,0.0,0.0,0.151,0.0,0.0,0.0,0.0,0.27,0.0,0.0,2019-05-15
28,hru28,0.0,0.0,0.151,0.0,0.0,0.0,0.0,0.0,0.0,0.0,2019-05-15
29,hru29,0.0,0.0,0.151,0.942,0.0,0.0,0.0,0.267,0.0,0.0,2019-05-15
30,hru30,0.0,0.0,0.151,0.948,0.0,0.0,0.0,0.274,0.0,0.0,2019-05-15
31,hru31,0.0,0.0,0.149,0.0,0.0,0.0,0.0,0.0,0.0,0.0,2019-05-15
32,hru32,0.0,0.0,0.152,0.805,0.0,0.0,0.0,0.267,0.0,0.0,2019-05-15
33,hru33,0.0,0.0,0.151,0.965,0.0,0.0,0.0,0.27,0.0,0.0,2019-05-15
34,hru34,0.0,0.0,0.151,0.965,0.0,0.0,0.0,0.27,0.0,0.0,2019-05-15
35,hru35,0.0,0.0,0.148,0.0,0.0,0.0,0.0,0.0,0.0,0.0,2019-05-15
36,hru36,0.0,0.0,0.151,0.965,0.0,0.0,0.0,0.27,0.0,0.0,2019-05-15
1,hru01,0.0,0.0,0.155,0.981,0.0,0.0,0.0,0.028,0.0,0.0,2019-05-16
2,hru02,0.0,0.0,0.157,0.197,0.0,0.0,0.051,0.023,9.653,0.013,2019-05-16
3,hru03,0.0,0.0,0.153,0.991,0.0,0.0,0.0,0.179,0.0,0.0,2019-05-16
4,hru04,0.0,0.0,0.155,0.985,0.0,0.0,0.0,0.179,0.0,0.0,2019-05-16
5,hru05,0.0,0.0,0.156,0.96,0.0,0.0,0.0,0.022,0.0,0.0,2019-05-16
6,hru06,0.0,0.0,0.156,0.96,0.0,0.0,0.0,0.022,0.0,0.0,2019-05-16
7,hru07,0.0,0.0,0.158,0.808,0.0,0.0,0.053,0.021,2.809,0.013,2019-05-16
8,hru08,0.0,0.0,0.153,0.974,0.0,0.0,0.0,0.024,0.0,0.0,2019-05-16
9,hru09,0.0,0.0,0.157,0.898,0.0,0.0,0.056,0.02,1.579,0.013,2019-05-16
10,hru10,0.0,0.0,0.157,0.898,0.0,0.0,0.056,0.02,1.577,0.013,2019-05-16
11,hru11,0.0,0.0,0.158,0.943,0.0,0.0,0.062,0.019,0.82,0.013,2019-05-16
12,hru12,0.0,0.0,0.158,0.787,0.0,0.0,0.053,0.019,3.226,0.013,2019-05-16
13,hru13,0.0,0.0,0.159,0.0,0.0,0.0,0.051,0.018,9.702,0.013,2019-05-16
14,hru14,0.0,0.0,0.158,0.787,0.0,0.0,0.053,0.019,3.227,0.013,2019-05-16
15,hru15,0.0,0.0,0.159,0.0,0.0,0.0,0.051,0.017,9.717,0.013,2019-05-16
16,hru16,0.0,0.0,0.158,0.486,0.0,0.0,0.051,0.019,7.316,0.013,2019-05-16
17,hru17,0.0,0.0,0.159,0.066,0.0,0.0,0.051,0.016,9.762,0.013,2019-05-16
18,hru18,0.0,0.0,0.159,0.547,0.0,0.0,0.051,0.017,6.704,0.013,2019-05-16
19,hru19,0.0,0.0,0.161,0.057,0.0,0.0,0.051,0.016,9.812,0.013,2019-05-16
20,hru20,0.0,0.0,0.159,0.0,0.0,0.0,0.051,0.013,9.804,0.013,2019-05-16
21,hru21,0.0,0.0,0.159,0.26,0.0,0.0,0.051,0.017,9.717,0.013,2019-05-16
22,hru22,0.0,0.0,0.159,0.546,0.0,0.0,0.051,0.017,6.715,0.013,2019-05-16
23,hru23,0.0,0.0,0.159,0.355,0.0,0.0,0.051,0.017,9.453,0.013,2019-05-16
24,hru24,0.0,0.0,0.159,0.0,0.0,0.0,0.051,0.017,9.747,0.013,2019-05-16
25,hru25,0.0,0.0,0.159,0.0,0.0,0.0,0.052,0.152,6.798,0.001,2019-05-16
26,hru26,0.0,0.0,0.158,0.0,0.0,0.0,0.051,0.015,9.751,0.013,2019-05-16
27,hru27,0.0,0.0,0.157,0.0,0.0,0.0,0.051,0.019,9.66,0.013,2019-05-16
28,hru28,0.0,0.0,0.158,0.0,0.0,0.0,0.0,0.0,0.0,0.0,2019-05-16
29,hru29,0.0,0.0,0.158,0.949,0.0,0.0,0.063,0.019,0.761,0.013,2019-05-16
30,hru30,0.0,0.0,0.157,0.954,0.0,0.0,0.064,0.022,0.693,0.013,2019-05-16
31,hru31,0.0,0.0,0.155,0.981,0.0,0.0,0.0,0.028,0.0,0.0,2019-05-16
32,hru32,0.0,0.0,0.159,0.826,0.0,0.0,0.054,0.018,2.586,0.013,2019-05-16
33,hru33,0.0,0.0,0.157,0.97,0.0,0.0,0.073,0.023,0.456,0.013,2019-05-16
34,hru34,0.0,0.0,0.157,0.969,0.0,0.0,0.073,0.023,0.459,0.013,2019-05-16
35,hru35,0.0,0.0,0.155,0.978,0.0,0.0,0.0,0.027,0.0,0.0,2019-05-16
36,hru36,0.0,0.0,0.157,0.97,0.0,0.0,0.073,0.023,0.455,0.013,2019-05-16
1,hru01,0.0,0.0,0.159,0.982,0.0,0.0,0.098,0.466,0.241,0.022,2019-05-17
2,hru02,0.0,0.0,0.16,0.22,0.0,0.0,0.038,0.474,22.609,0.039,2019-05-17
3,hru03,0.0,0.0,0.157,0.992,0.0,0.0,0.183,0.668,0.118,0.002,2019-05-17
4,hru04,0.0,0.0,0.159,0.986,0.0,0.0,0.112,0.695,0.202,0.002,2019-05-17
5,hru05,0.0,0.0,0.16,0.961,0.0,0.0,0.069,0.439,0.509,0.023,2019-05-17
6,hru06,0.0,0.0,0.16,0.961,0.0,0.0,0.069,0.439,0.508,0.023,2019-05-17
7,hru07,0.0,0.0,0.162,0.814,0.0,0.0,0.038,0.497,5.909,0.039,2019-05-17
8,hru08,0.0,0.0,0.157,0.975,0.0,0.0,0.083,0.39,0.325,0.023,2019-05-17
9,hru09,0.0,0.0,0.161,0.901,0.0,0.0,0.038,0.435,3.22,0.039,2019-05-17
10,hru10,0.0,0.0,0.161,0.901,0.0,0.0,0.038,0.435,3.216,0.039,2019-05-17
11,hru11,0.0,0.0,0.162,0.945,0.0,0.0,0.04,0.497,1.74,0.039,2019-05-17
12,hru12,0.0,0.0,0.162,0.795,0.0,0.0,0.037,0.443,6.659,0.039,2019-05-17
13,hru13,0.0,0.0,0.162,0.0,0.0,0.0,0.039,0.481,25.047,0.04,2019-05-17
14,hru14,0.0,0.0,0.162,0.794,0.0,0.0,0.037,0.443,6.661,0.039,2019-05-17
15,hru15,0.0,0.0,0.163,0.0,0.0,0.0,0.039,0.481,25.075,0.04,2019-05-17
16,hru16,0.0,0.0,0.162,0.501,0.0,0.0,0.037,0.401,15.576,0.039,2019-05-17
17,hru17,0.0,0.0,0.164,0.107,0.0,0.0,0.039,0.397,24.916,0.04,2019-05-17
18,hru18,0.0,0.0,0.163,0.569,0.0,0.0,0.037,0.45,14.04,0.04,2019-05-17
19,hru19,0.0,0.0,0.165,0.097,0.0,0.0,0.039,0.454,25.124,0.04,2019-05-17
20,hru20,0.0,0.0,0.163,0.0,0.0,0.0,0.039,0.462,25.156,0.04,2019-05-17
21,hru21,0.0,0.0,0.163,0.289,0.0,0.0,0.037,0.481,21.696,0.04,2019-05-17
22,hru22,0.0,0.0,0.163,0.568,0.0,0.0,0.037,0.45,14.064,0.04,2019-05-17
23,hru23,0.0,0.0,0.163,0.383,0.0,0.0,0.037,0.45,19.906,0.04,2019-05-17
24,hru24,0.0,0.0,0.163,0.0,0.0,0.0,0.039,0.478,25.099,0.04,2019-05-17
25,hru25,0.0,0.0,0.163,0.0,0.0,0.0,0.039,0.743,18.751,0.004,2019-05-17
26,hru26,0.0,0.0,0.162,0.0,0.0,0.0,0.039,0.478,25.078,0.04,2019-05-17
27,hru27,0.0,0.0,0.161,0.0,0.0,0.0,0.039,0.458,25.005,0.039,2019-05-17
28,hru28,0.0,0.0,0.162,0.0,0.0,0.0,0.0,0.0,0.0,0.0,2019-05-17
29,hru29,0.0,0.0,0.162,0.95,0.0,0.0,0.041,0.443,1.581,0.039,2019-05-17
30,hru30,0.0,0.0,0.161,0.955,0.0,0.0,0.041,0.481,1.443,0.039,2019-05-17
31,hru31,0.0,0.0,0.159,0.982,0.0,0.0,0.097,0.466,0.241,0.022,2019-05-17
32,hru32,0.0,0.0,0.162,0.832,0.0,0.0,0.038,0.481,5.397,0.04,2019-05-17
33,hru33,0.0,0.0,0.161,0.97,0.0,0.0,0.044,0.458,0.944,0.039,2019-05-17
34,hru34,0.0,0.0,0.161,0.97,0.0,0.0,0.044,0.458,0.95,0.039,2019-05-17
35,hru35,0.0,0.0,0.159,0.979,0.0,0.0,0.09,0.47,0.276,0.022,2019-05-17
36,hru36,0.0,0.0,0.161,0.971,0.0,0.0,0.044,0.458,0.942,0.039,2019-05-17
1,hru01,0.0,0.0,0.164,0.987,0.0,0.0,0.052,0.205,0.504,0.033,2019-05-18
2,hru02,0.0,0.0,0.166,0.45,0.0,0.0,0.031,0.216,31.979,0.051,2019-05-18
3,hru03,0.0,0.0,0.163,0.994,0.0,0.0,0.079,0.416,0.208,0.003,2019-05-18
4,hru04,0.0,0.0,0.164,0.99,0.0,0.0,0.057,0.436,0.36,0.003,2019-05-18
5,hru05,0.0,0.0,0.165,0.973,0.0,0.0,0.043,0.205,1.064,0.034,2019-05-18
6,hru06,0.0,0.0,0.165,0.973,0.0,0.0,0.043,0.205,1.063,0.034,2019-05-18
7,hru07,0.0,0.0,0.167,0.866,0.0,0.0,0.033,0.216,9.173,0.051,2019-05-18
8,hru08,0.0,0.0,0.163,0.982,0.0,0.0,0.047,0.172,0.669,0.036,2019-05-18
9,hru09,0.0,0.0,0.166,0.932,0.0,0.0,0.033,0.202,4.929,0.053,2019-05-18
10,hru10,0.0,0.0,0.166,0.932,0.0,0.0,0.033,0.202,4.923,0.053,2019-05-18
11,hru11,0.0,0.0,0.167,0.96,0.0,0.0,0.034,0.208,2.708,0.051,2019-05-18
12,hru12,0.0,0.0,0.167,0.863,0.0,0.0,0.032,0.196,10.173,0.052,2019-05-18
13,hru13,0.0,0.0,0.168,0.0,0.0,0.0,0.031,0.202,34.024,0.051,2019-05-18
14,hru14,0.0,0.0,0.167,0.863,0.0,0.0,0.032,0.196,10.175,0.052,2019-05-18
15,hru15,0.0,0.0,0.168,0.0,0.0,0.0,0.03,0.199,33.885,0.052,2019-05-18
16,hru16,0.0,0.0,0.168,0.669,0.0,0.0,0.032,0.196,23.714,0.053,2019-05-18
17,hru17,0.0,0.0,0.169,0.4,0.0,0.0,0.031,0.178,34.774,0.054,2019-05-18
18,hru18,0.0,0.0,0.168,0.716,0.0,0.0,0.032,0.194,21.391,0.052,2019-05-18
19,hru19,0.0,0.0,0.17,0.358,0.0,0.0,0.031,0.191,34.251,0.053,2019-05-18
20,hru20,0.0,0.0,0.168,0.0,0.0,0.0,0.03,0.18,33.841,0.053,2019-05-18
21,hru21,0.0,0.0,0.168,0.498,0.0,0.0,0.031,0.199,30.506,0.052,2019-05-18
22,hru22,0.0,0.0,0.168,0.716,0.0,0.0,0.032,0.194,21.428,0.052,2019-05-18
23,hru23,0.0,0.0,0.168,0.581,0.0,0.0,0.032,0.194,29.282,0.052,2019-05-18
24,hru24,0.0,0.0,0.168,0.0,0.0,0.0,0.03,0.194,33.956,0.052,2019-05-18
25,hru25,0.0,0.0,0.168,0.0,0.0,0.0,0.028,0.426,21.458,0.005,2019-05-18
26,hru26,0.0,0.0,0.167,0.0,0.0,0.0,0.03,0.183,33.663,0.052,2019-05-18
27,hru27,0.0,0.0,0.166,0.0,0.0,0.0,0.031,0.205,34.394,0.052,2019-05-18
28,hru28,0.0,0.0,0.167,0.0,0.0,0.0,0.0,0.0,0.0,0.0,2019-05-18
29,hru29,0.0,0.0,0.167,0.965,0.0,0.0,0.034,0.199,2.444,0.052,2019-05-18
30,hru30,0.0,0.0,0.166,0.968,0.0,0.0,0.035,0.216,2.232,0.051,2019-05-18
31,hru31,0.0,0.0,0.164,0.987,0.0,0.0,0.052,0.205,0.505,0.033,2019-05-18
32,hru32,0.0,0.0,0.168,0.88,0.0,0.0,0.033,0.202,8.314,0.051,2019-05-18
33,hru33,0.0,0.0,0.166,0.979,0.0,0.0,0.036,0.213,1.464,0.051,2019-05-18
34,hru34,0.0,0.0,0.166,0.979,0.0,0.0,0.036,0.213,1.474,0.051,2019-05-18
35,hru35,0.0,0.0,0.164,0.985,0.0,0.0,0.049,0.21,0.581,0.033,2019-05-18
36,hru36,0.0,0.0,0.166,0.979,0.0,0.0,0.036,0.213,1.461,0.051,2019-05-18
1,hru01,0.0,0.0,0.166,0.987,0.0,0.0,0.04,1.0,0.752,0.053,2019-05-19
2,hru02,0.0,0.0,0.168,0.434,0.0,0.0,0.03,1.0,44.77,0.073,2019-05-19
3,hru03,0.0,0.0,0.165,0.995,0.0,0.0,0.057,1.0,0.282,0.006,2019-05-19
4,hru04,0.0,0.0,0.166,0.99,0.0,0.0,0.044,1.0,0.499,0.006,2019-05-19
5,hru05,0.0,0.0,0.167,0.973,0.0,0.0,0.035,1.0,1.588,0.054,2019-05-19
6,hru06,0.0,0.0,0.167,0.973,0.0,0.0,0.035,1.0,1.587,0.054,2019-05-19
7,hru07,0.0,0.0,0.169,0.861,0.0,0.0,0.03,0.995,12.268,0.072,2019-05-19
8,hru08,0.0,0.0,0.165,0.982,0.0,0.0,0.038,1.0,1.02,0.057,2019-05-19
9,hru09,0.0,0.0,0.168,0.931,0.0,0.0,0.03,0.995,6.524,0.075,2019-05-19
10,hru10,0.0,0.0,0.168,0.931,0.0,0.0,0.03,0.995,6.516,0.075,2019-05-19
11,hru11,0.0,0.0,0.169,0.958,0.0,0.0,0.031,0.991,3.635,0.073,2019-05-19
12,hru12,0.0,0.0,0.169,0.86,0.0,0.0,0.03,0.991,13.4,0.075,2019-05-19
13,hru13,0.0,0.0,0.17,0.0,0.0,0.0,0.032,0.991,52.64,0.074,2019-05-19
14,hru14,0.0,0.0,0.169,0.86,0.0,0.0,0.03,0.991,13.403,0.075,2019-05-19
15,hru15,0.0,0.0,0.171,0.0,0.0,0.0,0.032,0.991,52.516,0.074,2019-05-19
16,hru16,0.0,0.0,0.17,0.664,0.0,0.0,0.03,0.977,31.558,0.076,2019-05-19
17,hru17,0.0,0.0,0.171,0.389,0.0,0.0,0.03,0.968,49.091,0.078,2019-05-19
18,hru18,0.0,0.0,0.171,0.708,0.0,0.0,0.03,0.982,28.076,0.075,2019-05-19
19,hru19,0.0,0.0,0.173,0.344,0.0,0.0,0.031,0.991,49.294,0.076,2019-05-19
20,hru20,0.0,0.0,0.17,0.0,0.0,0.0,0.032,1.0,52.799,0.076,2019-05-19
21,hru21,0.0,0.0,0.171,0.484,0.0,0.0,0.03,0.991,42.186,0.074,2019-05-19
22,hru22,0.0,0.0,0.171,0.708,0.0,0.0,0.03,0.982,28.124,0.075,2019-05-19
23,hru23,0.0,0.0,0.171,0.57,0.0,0.0,0.03,0.982,39.156,0.075,2019-05-19
24,hru24,0.0,0.0,0.171,0.0,0.0,0.0,0.032,0.991,52.678,0.075,2019-05-19
25,hru25,0.0,0.0,0.17,0.0,0.0,0.0,0.03,1.0,29.216,0.008,2019-05-19
26,hru26,0.0,0.0,0.169,0.0,0.0,0.0,0.032,1.0,52.504,0.075,2019-05-19
27,hru27,0.0,0.0,0.168,0.0,0.0,0.0,0.032,0.991,53.078,0.074,2019-05-19
28,hru28,0.0,0.0,0.169,0.0,0.0,0.0,0.0,0.0,0.0,0.0,2019-05-19
29,hru29,0.0,0.0,0.169,0.964,0.0,0.0,0.031,0.986,3.268,0.075,2019-05-19
30,hru30,0.0,0.0,0.169,0.967,0.0,0.0,0.032,1.0,2.971,0.073,2019-05-19
31,hru31,0.0,0.0,0.166,0.987,0.0,0.0,0.04,1.0,0.754,0.053,2019-05-19
32,hru32,0.0,0.0,0.17,0.876,0.0,0.0,0.03,0.991,11.112,0.074,2019-05-19
33,hru33,0.0,0.0,0.168,0.978,0.0,0.0,0.033,1.0,1.956,0.073,2019-05-19
34,hru34,0.0,0.0,0.168,0.978,0.0,0.0,0.033,1.0,1.969,0.073,2019-05-19
35,hru35,0.0,0.0,0.166,0.985,0.0,0.0,0.039,1.0,0.863,0.053,2019-05-19
36,hru36,0.0,0.0,0.168,0.978,0.0,0.0,0.033,1.0,1.952,0.073,2019-05-19
1,hru01,0.0,0.0,0.169,0.986,0.0,0.0,0.032,0.88,0.752,0.053,2019-05-20
2,hru02,0.0,0.0,0.17,0.394,0.0,0.0,0.0,0.88,44.77,0.073,2019-05-20
3,hru03,0.0,0.0,0.168,0.994,0.0,0.0,0.048,1.0,0.282,0.006,2019-05-20
4,hru04,0.0,0.0,0.169,0.989,0.0,0.0,0.037,1.0,0.499,0.006,2019-05-20
5,hru05,0.0,0.0,0.17,0.971,0.0,0.0,0.029,0.88,1.588,0.054,2019-05-20
6,hru06,0.0,0.0,0.17,0.971,0.0,0.0,0.029,0.88,1.587,0.054,2019-05-20
7,hru07,0.0,0.0,0.172,0.852,0.0,0.0,0.026,0.871,12.372,0.073,2019-05-20
8,hru08,0.0,0.0,0.168,0.981,0.0,0.0,0.031,0.889,1.02,0.057,2019-05-20
9,hru09,0.0,0.0,0.171,0.926,0.0,0.0,0.026,0.876,6.632,0.075,2019-05-20
10,hru10,0.0,0.0,0.171,0.927,0.0,0.0,0.026,0.876,6.624,0.075,2019-05-20
11,hru11,0.0,0.0,0.172,0.956,0.0,0.0,0.027,0.871,3.843,0.073,2019-05-20
12,hru12,0.0,0.0,0.172,0.85,0.0,0.0,0.026,0.876,13.618,0.075,2019-05-20
13,hru13,0.0,0.0,0.173,0.0,0.0,0.0,0.0,0.871,52.854,0.074,2019-05-20
14,hru14,0.0,0.0,0.172,0.85,0.0,0.0,0.026,0.876,13.621,0.075,2019-05-20
15,hru15,0.0,0.0,0.173,0.0,0.0,0.0,0.0,0.866,52.734,0.074,2019-05-20
16,hru16,0.0,0.0,0.172,0.643,0.0,0.0,0.0,0.88,32.115,0.077,2019-05-20
17,hru17,0.0,0.0,0.174,0.355,0.0,0.0,0.0,0.866,49.887,0.079,2019-05-20
18,hru18,0.0,0.0,0.173,0.687,0.0,0.0,0.0,0.871,28.516,0.076,2019-05-20
19,hru19,0.0,0.0,0.175,0.31,0.0,0.0,0.0,0.866,49.516,0.076,2019-05-20
20,hru20,0.0,0.0,0.173,0.0,0.0,0.0,0.0,0.862,52.799,0.076,2019-05-20
21,hru21,0.0,0.0,0.173,0.448,0.0,0.0,0.0,0.866,42.404,0.074,2019-05-20
22,hru22,0.0,0.0,0.173,0.687,0.0,0.0,0.0,0.871,28.564,0.076,2019-05-20
23,hru23,0.0,0.0,0.173,0.542,0.0,0.0,0.0,0.871,39.596,0.076,2019-05-20
24,hru24,0.0,0.0,0.173,0.0,0.0,0.0,0.0,0.862,52.895,0.075,2019-05-20
25,hru25,0.0,0.0,0.173,0.0,0.0,0.0,0.0,1.0,29.216,0.008,2019-05-20
26,hru26,0.0,0.0,0.172,0.0,0.0,0.0,0.0,0.857,52.504,0.075,2019-05-20
27,hru27,0.0,0.0,0.171,0.0,0.0,0.0,0.0,0.876,53.294,0.074,2019-05-20
28,hru28,0.0,0.0,0.172,0.0,0.0,0.0,0.0,0.0,0.0,0.0,2019-05-20
29,hru29,0.0,0.0,0.172,0.962,0.0,0.0,0.028,0.876,3.589,0.075,2019-05-20
30,hru30,0.0,0.0,0.171,0.965,0.0,0.0,0.027,0.885,2.971,0.073,2019-05-20
31,hru31,0.0,0.0,0.169,0.986,0.0,0.0,0.032,0.88,0.754,0.053,2019-05-20
32,hru32,0.0,0.0,0.173,0.867,0.0,0.0,0.026,0.871,11.326,0.074,2019-05-20
33,hru33,0.0,0.0,0.171,0.977,0.0,0.0,0.028,0.88,1.956,0.073,2019-05-20
34,hru34,0.0,0.0,0.171,0.977,0.0,0.0,0.028,0.88,1.969,0.073,2019-05-20
35,hru35,0.0,0.0,0.168,0.984,0.0,0.0,0.032,0.885,0.863,0.053,2019-05-20
36,hru36,0.0,0.0,0.171,0.977,0.0,0.0,0.028,0.88,1.952,0.073,2019-05-20
1,hru01,0.0,0.0,0.172,0.99,0.0,0.0,0.036,0.74,1.095,0.056,2019-05-21
2,hru02,0.0,0.0,0.173,0.558,0.0,0.0,0.026,0.731,48.316,0.076,2019-05-21
3,hru03,0.0,0.0,0.171,0.995,0.0,0.0,0.048,1.0,0.282,0.006,2019-05-21
4,hru04,0.0,0.0,0.172,0.991,0.0,0.0,0.036,1.0,0.499,0.006,2019-05-21
5,hru05,0.0,0.0,0.173,0.978,0.0,0.0,0.033,0.744,2.33,0.057,2019-05-21
6,hru06,0.0,0.0,0.173,0.978,0.0,0.0,0.033,0.744,2.328,0.057,2019-05-21
7,hru07,0.0,0.0,0.175,0.89,0.0,0.0,0.029,0.722,16.192,0.076,2019-05-21
8,hru08,0.0,0.0,0.171,0.986,0.0,0.0,0.035,0.744,1.505,0.06,2019-05-21
9,hru09,0.0,0.0,0.174,0.947,0.0,0.0,0.03,0.735,8.859,0.079,2019-05-21
10,hru10,0.0,0.0,0.174,0.947,0.0,0.0,0.03,0.735,8.848,0.079,2019-05-21
11,hru11,0.0,0.0,0.175,0.967,0.0,0.0,0.03,0.717,5.159,0.077,2019-05-21
12,hru12,0.0,0.0,0.175,0.894,0.0,0.0,0.029,0.735,17.422,0.079,2019-05-21
13,hru13,0.0,0.0,0.176,0.0,0.0,0.0,0.026,0.722,56.747,0.077,2019-05-21
14,hru14,0.0,0.0,0.175,0.894,0.0,0.0,0.029,0.735,17.426,0.079,2019-05-21
15,hru15,0.0,0.0,0.177,0.0,0.0,0.0,0.026,0.722,56.772,0.078,2019-05-21
16,hru16,0.0,0.0,0.176,0.739,0.0,0.0,0.027,0.744,35.813,0.08,2019-05-21
17,hru17,0.0,0.0,0.177,0.548,0.0,0.0,0.026,0.735,54.088,0.083,2019-05-21
18,hru18,0.0,0.0,0.177,0.79,0.0,0.0,0.027,0.735,32.483,0.079,2019-05-21
19,hru19,0.0,0.0,0.178,0.512,0.0,0.0,0.026,0.722,53.604,0.079,2019-05-21
20,hru20,0.0,0.0,0.176,0.0,0.0,0.0,0.026,0.744,56.966,0.08,2019-05-21
21,hru21,0.0,0.0,0.177,0.606,0.0,0.0,0.026,0.722,46.442,0.078,2019-05-21
22,hru22,0.0,0.0,0.177,0.79,0.0,0.0,0.027,0.735,32.531,0.079,2019-05-21
23,hru23,0.0,0.0,0.177,0.685,0.0,0.0,0.027,0.735,43.563,0.079,2019-05-21
24,hru24,0.0,0.0,0.177,0.0,0.0,0.0,0.026,0.722,57.061,0.078,2019-05-21
25,hru25,0.0,0.0,0.176,0.0,0.0,0.0,0.0,1.0,29.216,0.008,2019-05-21
26,hru26,0.0,0.0,0.175,0.0,0.0,0.0,0.026,0.731,56.775,0.079,2019-05-21
27,hru27,0.0,0.0,0.174,0.0,0.0,0.0,0.026,0.735,57.08,0.078,2019-05-21
28,hru28,0.0,0.0,0.175,0.0,0.0,0.0,0.0,0.0,0.0,0.0,2019-05-21
29,hru29,0.0,0.0,0.175,0.972,0.0,0.0,0.03,0.731,4.756,0.079,2019-05-21
30,hru30,0.0,0.0,0.174,0.974,0.0,0.0,0.031,0.74,4.019,0.076,2019-05-21
31,hru31,0.0,0.0,0.172,0.99,0.0,0.0,0.036,0.74,1.098,0.056,2019-05-21
32,hru32,0.0,0.0,0.176,0.903,0.0,0.0,0.03,0.722,15.219,0.077,2019-05-21
33,hru33,0.0,0.0,0.174,0.983,0.0,0.0,0.031,0.731,2.643,0.077,2019-05-21
34,hru34,0.0,0.0,0.174,0.983,0.0,0.0,0.031,0.731,2.66,0.077,2019-05-21
35,hru35,0.0,0.0,0.172,0.988,0.0,0.0,0.035,0.735,1.255,0.056,2019-05-21
36,hru36,0.0,0.0,0.174,0.983,0.0,0.0,0.031,0.731,2.637,0.077,2019-05-21
1,hru01,0.0,0.0,0.176,0.989,0.0,0.0,0.031,0.45,1.187,0.062,2019-05-22
2,hru02,0.0,0.0,0.178,0.517,0.0,0.0,0.026,0.424,51.186,0.083,2019-05-22
3,hru03,0.0,0.0,0.175,0.995,0.0,0.0,0.0,0.767,0.282,0.006,2019-05-22
4,hru04,0.0,0.0,0.176,0.991,0.0,0.0,0.0,0.751,0.499,0.006,2019-05-22
5,hru05,0.0,0.0,0.177,0.976,0.0,0.0,0.029,0.45,2.524,0.063,2019-05-22
6,hru06,0.0,0.0,0.177,0.976,0.0,0.0,0.029,0.45,2.522,0.063,2019-05-22
7,hru07,0.0,0.0,0.179,0.881,0.0,0.0,0.027,0.409,17.352,0.083,2019-05-22
8,hru08,0.0,0.0,0.175,0.984,0.0,0.0,0.03,0.485,1.635,0.066,2019-05-22
9,hru09,0.0,0.0,0.178,0.942,0.0,0.0,0.027,0.446,9.426,0.086,2019-05-22
10,hru10,0.0,0.0,0.178,0.942,0.0,0.0,0.027,0.446,9.414,0.086,2019-05-22
11,hru11,0.0,0.0,0.179,0.964,0.0,0.0,0.027,0.401,5.51,0.084,2019-05-22
12,hru12,0.0,0.0,0.179,0.884,0.0,0.0,0.026,0.435,18.55,0.086,2019-05-22
13,hru13,0.0,0.0,0.18,0.0,0.0,0.0,0.026,0.405,59.705,0.085,2019-05-22
14,hru14,0.0,0.0,0.179,0.884,0.0,0.0,0.026,0.435,18.553,0.086,2019-05-22
15,hru15,0.0,0.0,0.181,0.0,0.0,0.0,0.026,0.401,59.717,0.085,2019-05-22
16,hru16,0.0,0.0,0.18,0.712,0.0,0.0,0.026,0.462,38.512,0.087,2019-05-22
17,hru17,0.0,0.0,0.181,0.501,0.0,0.0,0.026,0.443,56.94,0.09,2019-05-22
18,hru18,0.0,0.0,0.181,0.768,0.0,0.0,0.026,0.416,34.736,0.086,2019-05-22
19,hru19,0.0,0.0,0.183,0.467,0.0,0.0,0.026,0.397,56.558,0.087,2019-05-22
20,hru20,0.0,0.0,0.18,0.0,0.0,0.0,0.0,0.383,59.632,0.087,2019-05-22
21,hru21,0.0,0.0,0.181,0.569,0.0,0.0,0.026,0.401,49.387,0.085,2019-05-22
22,hru22,0.0,0.0,0.181,0.767,0.0,0.0,0.026,0.416,34.788,0.086,2019-05-22
23,hru23,0.0,0.0,0.181,0.653,0.0,0.0,0.026,0.416,46.406,0.086,2019-05-22
24,hru24,0.0,0.0,0.181,0.0,0.0,0.0,0.026,0.397,60.009,0.086,2019-05-22
25,hru25,0.0,0.0,0.18,0.0,0.0,0.0,0.0,0.66,29.216,0.008,2019-05-22
26,hru26,0.0,0.0,0.179,0.0,0.0,0.0,0.0,0.383,59.587,0.087,2019-05-22
27,hru27,0.0,0.0,0.178,0.0,0.0,0.0,0.0,0.424,59.911,0.085,2019-05-22
28,hru28,0.0,0.0,0.179,0.0,0.0,0.0,0.0,0.0,0.0,0.0,2019-05-22
29,hru29,0.0,0.0,0.179,0.969,0.0,0.0,0.027,0.435,5.059,0.086,2019-05-22
30,hru30,0.0,0.0,0.178,0.972,0.0,0.0,0.027,0.427,4.291,0.083,2019-05-22
31,hru31,0.0,0.0,0.176,0.989,0.0,0.0,0.031,0.45,1.19,0.062,2019-05-22
32,hru32,0.0,0.0,0.18,0.894,0.0,0.0,0.027,0.405,16.252,0.085,2019-05-22
33,hru33,0.0,0.0,0.178,0.981,0.0,0.0,0.028,0.431,2.826,0.084,2019-05-22
34,hru34,0.0,0.0,0.178,0.981,0.0,0.0,0.028,0.431,2.845,0.084,2019-05-22
35,hru35,0.0,0.0,0.176,0.987,0.0,0.0,0.03,0.45,1.359,0.062,2019-05-22
36,hru36,0.0,0.0,0.178,0.981,0.0,0.0,0.028,0.431,2.82,0.084,2019-05-22
1,hru01,0.0,0.0,0.18,0.993,0.0,0.0,0.032,0.39,1.516,0.077,2019-05-23
2,hru02,0.0,0.0,0.182,0.701,0.0,0.0,0.029,0.361,67.917,0.101,2019-05-23
3,hru03,0.0,0.0,0.179,0.996,0.0,0.0,0.048,0.707,0.363,0.007,2019-05-23
4,hru04,0.0,0.0,0.18,0.994,0.0,0.0,0.038,0.679,0.646,0.007,2019-05-23
5,hru05,0.0,0.0,0.181,0.985,0.0,0.0,0.03,0.383,3.22,0.078,2019-05-23
6,hru06,0.0,0.0,0.181,0.985,0.0,0.0,0.03,0.383,3.218,0.078,2019-05-23
7,hru07,0.0,0.0,0.183,0.922,0.0,0.0,0.028,0.351,21.495,0.101,2019-05-23
8,hru08,0.0,0.0,0.179,0.99,0.0,0.0,0.031,0.427,2.105,0.08,2019-05-23
9,hru09,0.0,0.0,0.183,0.965,0.0,0.0,0.028,0.376,11.487,0.103,2019-05-23
10,hru10,0.0,0.0,0.183,0.965,0.0,0.0,0.028,0.376,11.473,0.103,2019-05-23
11,hru11,0.0,0.0,0.184,0.976,0.0,0.0,0.029,0.351,6.767,0.102,2019-05-23
12,hru12,0.0,0.0,0.183,0.932,0.0,0.0,0.028,0.372,22.693,0.103,2019-05-23
13,hru13,0.0,0.0,0.184,0.0,0.0,0.0,0.029,0.351,80.796,0.103,2019-05-23
14,hru14,0.0,0.0,0.183,0.932,0.0,0.0,0.028,0.372,22.697,0.103,2019-05-23
15,hru15,0.0,0.0,0.185,0.0,0.0,0.0,0.029,0.347,81.062,0.104,2019-05-23
16,hru16,0.0,0.0,0.184,0.834,0.0,0.0,0.028,0.383,48.851,0.103,2019-05-23
17,hru17,0.0,0.0,0.186,0.71,0.0,0.0,0.029,0.365,75.344,0.107,2019-05-23
18,hru18,0.0,0.0,0.185,0.865,0.0,0.0,0.028,0.365,43.092,0.104,2019-05-23
19,hru19,0.0,0.0,0.187,0.666,0.0,0.0,0.029,0.347,75.849,0.106,2019-05-23
20,hru20,0.0,0.0,0.184,0.0,0.0,0.0,0.029,0.347,81.907,0.106,2019-05-23
21,hru21,0.0,0.0,0.185,0.729,0.0,0.0,0.029,0.347,64.753,0.104,2019-05-23
22,hru22,0.0,0.0,0.185,0.865,0.0,0.0,0.028,0.365,43.158,0.104,2019-05-23
23,hru23,0.0,0.0,0.185,0.793,0.0,0.0,0.028,0.365,58.889,0.104,2019-05-23
24,hru24,0.0,0.0,0.185,0.0,0.0,0.0,0.029,0.347,81.549,0.105,2019-05-23
25,hru25,0.0,0.0,0.184,0.0,0.0,0.0,0.028,0.621,34.899,0.01,2019-05-23
26,hru26,0.0,0.0,0.184,0.0,0.0,0.0,0.029,0.347,81.74,0.106,2019-05-23
27,hru27,0.0,0.0,0.183,0.073,0.0,0.0,0.029,0.365,80.336,0.102,2019-05-23
28,hru28,0.0,0.0,0.184,0.0,0.0,0.0,0.0,0.0,0.0,0.0,2019-05-23
29,hru29,0.0,0.0,0.183,0.981,0.0,0.0,0.029,0.372,6.153,0.103,2019-05-23
30,hru30,0.0,0.0,0.183,0.982,0.0,0.0,0.029,0.361,5.263,0.1,2019-05-23
31,hru31,0.0,0.0,0.18,0.993,0.0,0.0,0.032,0.39,1.519,0.077,2019-05-23
32,hru32,0.0,0.0,0.184,0.931,0.0,0.0,0.028,0.351,20.003,0.103,2019-05-23
33,hru33,0.0,0.0,0.183,0.988,0.0,0.0,0.03,0.368,3.476,0.101,2019-05-23
34,hru34,0.0,0.0,0.183,0.988,0.0,0.0,0.03,0.368,3.499,0.101,2019-05-23
35,hru35,0.0,0.0,0.18,0.992,0.0,0.0,0.032,0.383,1.732,0.077,2019-05-23
36,hru36,0.0,0.0,0.183,0.988,0.0,0.0,0.03,0.368,3.469,0.101,2019-05-23
1,hru01,0.0,0.0,0.186,0.993,0.0,0.0,0.03,0.178,1.759,0.095,2019-05-24
2,hru02,0.0,0.0,0.187,0.722,0.0,0.0,0.027,0.162,79.568,0.122,2019-05-24
3,hru03,0.0,0.0,0.184,0.996,0.0,0.0,0.043,0.443,0.427,0.008,2019-05-24
4,hru04,0.0,0.0,0.185,0.994,0.0,0.0,0.035,0.432,0.745,0.008,2019-05-24
5,hru05,0.0,0.0,0.187,0.987,0.0,0.0,0.029,0.167,3.713,0.097,2019-05-24
6,hru06,0.0,0.0,0.187,0.987,0.0,0.0,0.029,0.167,3.71,0.097,2019-05-24
7,hru07,0.0,0.0,0.189,0.923,0.0,0.0,0.027,0.15,24.564,0.123,2019-05-24
8,hru08,0.0,0.0,0.184,0.991,0.0,0.0,0.029,0.194,2.433,0.097,2019-05-24
9,hru09,0.0,0.0,0.188,0.966,0.0,0.0,0.027,0.167,12.876,0.123,2019-05-24
10,hru10,0.0,0.0,0.188,0.966,0.0,0.0,0.027,0.167,12.86,0.123,2019-05-24
11,hru11,0.0,0.0,0.189,0.976,0.0,0.0,0.028,0.145,7.716,0.124,2019-05-24
12,hru12,0.0,0.0,0.189,0.934,0.0,0.0,0.027,0.16,25.394,0.124,2019-05-24
13,hru13,0.0,0.0,0.19,0.0,0.0,0.0,0.029,0.147,106.594,0.125,2019-05-24
14,hru14,0.0,0.0,0.189,0.934,0.0,0.0,0.027,0.16,25.399,0.124,2019-05-24
15,hru15,0.0,0.0,0.191,0.0,0.0,0.0,0.029,0.143,107.069,0.126,2019-05-24
16,hru16,0.0,0.0,0.189,0.838,0.0,0.0,0.027,0.17,55.372,0.124,2019-05-24
17,hru17,0.0,0.0,0.191,0.723,0.0,0.0,0.027,0.157,87.016,0.129,2019-05-24
18,hru18,0.0,0.0,0.19,0.872,0.0,0.0,0.027,0.152,48.49,0.126,2019-05-24
19,hru19,0.0,0.0,0.192,0.684,0.0,0.0,0.028,0.147,89.321,0.128,2019-05-24
20,hru20,0.0,0.0,0.19,0.0,0.0,0.0,0.029,0.14,108.236,0.129,2019-05-24
21,hru21,0.0,0.0,0.191,0.742,0.0,0.0,0.027,0.143,75.527,0.126,2019-05-24
22,hru22,0.0,0.0,0.19,0.872,0.0,0.0,0.027,0.152,48.566,0.126,2019-05-24
23,hru23,0.0,0.0,0.19,0.803,0.0,0.0,0.027,0.152,67.175,0.126,2019-05-24
24,hru24,0.0,0.0,0.191,0.0,0.0,0.0,0.029,0.143,107.68,0.127,2019-05-24
25,hru25,0.0,0.0,0.19,0.0,0.0,0.0,0.028,0.373,41.316,0.012,2019-05-24
26,hru26,0.0,0.0,0.189,0.0,0.0,0.0,0.029,0.136,108.02,0.128,2019-05-24
27,hru27,0.0,0.0,0.188,0.066,0.0,0.0,0.029,0.157,105.441,0.124,2019-05-24
28,hru28,0.0,0.0,0.189,0.0,0.0,0.0,0.0,0.0,0.0,0.0,2019-05-24
29,hru29,0.0,0.0,0.189,0.981,0.0,0.0,0.027,0.16,6.922,0.124,2019-05-24
30,hru30,0.0,0.0,0.188,0.983,0.0,0.0,0.028,0.16,5.955,0.121,2019-05-24
31,hru31,0.0,0.0,0.186,0.993,0.0,0.0,0.03,0.178,1.763,0.095,2019-05-24
32,hru32,0.0,0.0,0.19,0.933,0.0,0.0,0.027,0.147,22.734,0.125,2019-05-24
33,hru33,0.0,0.0,0.188,0.989,0.0,0.0,0.028,0.162,3.948,0.122,2019-05-24
34,hru34,0.0,0.0,0.188,0.989,0.0,0.0,0.028,0.162,3.974,0.122,2019-05-24
35,hru35,0.0,0.0,0.185,0.993,0.0,0.0,0.03,0.175,2.006,0.095,2019-05-24
36,hru36,0.0,0.0,0.188,0.989,0.0,0.0,0.028,0.162,3.94,0.122,2019-05-24
1,hru01,0.0,0.0,0.191,0.993,0.0,0.0,0.029,0.208,1.98,0.124,2019-05-25
2,hru02,0.0,0.0,0.193,0.694,0.0,0.0,0.027,0.18,90.468,0.156,2019-05-25
3,hru03,0.0,0.0,0.189,0.995,0.0,0.0,0.04,0.436,0.485,0.011,2019-05-25
4,hru04,0.0,0.0,0.19,0.994,0.0,0.0,0.034,0.439,0.828,0.011,2019-05-25
5,hru05,0.0,0.0,0.192,0.985,0.0,0.0,0.028,0.183,4.156,0.127,2019-05-25
6,hru06,0.0,0.0,0.192,0.985,0.0,0.0,0.028,0.183,4.153,0.127,2019-05-25
7,hru07,0.0,0.0,0.194,0.917,0.0,0.0,0.027,0.172,27.584,0.158,2019-05-25
8,hru08,0.0,0.0,0.189,0.99,0.0,0.0,0.029,0.188,2.741,0.125,2019-05-25
9,hru09,0.0,0.0,0.193,0.963,0.0,0.0,0.027,0.18,14.195,0.157,2019-05-25
10,hru10,0.0,0.0,0.193,0.963,0.0,0.0,0.027,0.18,14.177,0.157,2019-05-25
11,hru11,0.0,0.0,0.194,0.974,0.0,0.0,0.027,0.167,8.648,0.16,2019-05-25
12,hru12,0.0,0.0,0.194,0.927,0.0,0.0,0.026,0.17,27.988,0.158,2019-05-25
13,hru13,0.0,0.0,0.195,0.0,0.0,0.0,0.029,0.17,140.452,0.161,2019-05-25
14,hru14,0.0,0.0,0.194,0.927,0.0,0.0,0.026,0.17,27.994,0.158,2019-05-25
15,hru15,0.0,0.0,0.196,0.0,0.0,0.0,0.029,0.165,141.135,0.162,2019-05-25
16,hru16,0.0,0.0,0.194,0.82,0.0,0.0,0.027,0.172,61.637,0.158,2019-05-25
17,hru17,0.0,0.0,0.196,0.691,0.0,0.0,0.027,0.162,98.106,0.164,2019-05-25
18,hru18,0.0,0.0,0.196,0.857,0.0,0.0,0.026,0.165,53.604,0.161,2019-05-25
19,hru19,0.0,0.0,0.198,0.653,0.0,0.0,0.027,0.157,101.959,0.164,2019-05-25
20,hru20,0.0,0.0,0.195,0.0,0.0,0.0,0.029,0.147,141.91,0.165,2019-05-25
21,hru21,0.0,0.0,0.196,0.717,0.0,0.0,0.027,0.165,85.766,0.162,2019-05-25
22,hru22,0.0,0.0,0.196,0.857,0.0,0.0,0.026,0.165,53.689,0.161,2019-05-25
23,hru23,0.0,0.0,0.196,0.782,0.0,0.0,0.027,0.165,75.042,0.161,2019-05-25
24,hru24,0.0,0.0,0.196,0.0,0.0,0.0,0.029,0.162,141.73,0.163,2019-05-25
25,hru25,0.0,0.0,0.195,0.0,0.0,0.0,0.028,0.383,50.723,0.016,2019-05-25
26,hru26,0.0,0.0,0.195,0.0,0.0,0.0,0.029,0.155,141.938,0.165,2019-05-25
27,hru27,0.0,0.0,0.193,0.0,0.0,0.0,0.029,0.17,138.784,0.158,2019-05-25
28,hru28,0.0,0.0,0.194,0.0,0.0,0.0,0.0,0.0,0.0,0.0,2019-05-25
29,hru29,0.0,0.0,0.194,0.979,0.0,0.0,0.027,0.175,7.668,0.159,2019-05-25
30,hru30,0.0,0.0,0.193,0.981,0.0,0.0,0.027,0.178,6.635,0.155,2019-05-25
31,hru31,0.0,0.0,0.191,0.993,0.0,0.0,0.029,0.208,1.985,0.124,2019-05-25
32,hru32,0.0,0.0,0.195,0.927,0.0,0.0,0.027,0.17,25.398,0.161,2019-05-25
33,hru33,0.0,0.0,0.193,0.988,0.0,0.0,0.028,0.18,4.382,0.156,2019-05-25
34,hru34,0.0,0.0,0.193,0.988,0.0,0.0,0.028,0.18,4.41,0.156,2019-05-25
35,hru35,0.0,0.0,0.19,0.992,0.0,0.0,0.029,0.202,2.248,0.124,2019-05-25
36,hru36,0.0,0.0,0.193,0.988,0.0,0.0,0.028,0.18,4.372,0.156,2019-05-25
1,hru01,0.0,0.0,0.196,0.992,0.0,0.0,0.029,0.147,2.318,0.155,2019-05-26
2,hru02,0.0,0.0,0.198,0.687,0.0,0.0,0.027,0.138,107.033,0.193,2019-05-26
3,hru03,0.0,0.0,0.194,0.995,0.0,0.0,0.038,0.383,0.567,0.015,2019-05-26
4,hru04,0.0,0.0,0.196,0.993,0.0,0.0,0.033,0.383,0.941,0.015,2019-05-26
5,hru05,0.0,0.0,0.197,0.985,0.0,0.0,0.028,0.14,4.837,0.16,2019-05-26
6,hru06,0.0,0.0,0.197,0.985,0.0,0.0,0.028,0.14,4.833,0.16,2019-05-26
7,hru07,0.0,0.0,0.199,0.916,0.0,0.0,0.027,0.131,32.147,0.196,2019-05-26
8,hru08,0.0,0.0,0.194,0.989,0.0,0.0,0.029,0.147,3.213,0.158,2019-05-26
9,hru09,0.0,0.0,0.199,0.961,0.0,0.0,0.027,0.136,16.212,0.194,2019-05-26
10,hru10,0.0,0.0,0.199,0.961,0.0,0.0,0.027,0.136,16.192,0.194,2019-05-26
11,hru11,0.0,0.0,0.2,0.974,0.0,0.0,0.027,0.126,10.061,0.198,2019-05-26
12,hru12,0.0,0.0,0.199,0.925,0.0,0.0,0.027,0.133,31.976,0.196,2019-05-26
13,hru13,0.031,0.0,0.2,0.0,0.0,0.0,0.029,0.133,186.367,0.199,2019-05-26
14,hru14,0.0,0.0,0.199,0.925,0.0,0.0,0.027,0.133,31.983,0.196,2019-05-26
15,hru15,0.027,0.0,0.201,0.0,0.0,0.0,0.029,0.131,187.581,0.2,2019-05-26
16,hru16,0.0,0.0,0.2,0.812,0.0,0.0,0.027,0.136,71.386,0.195,2019-05-26
17,hru17,0.0,0.0,0.202,0.678,0.0,0.0,0.027,0.129,115.447,0.203,2019-05-26
18,hru18,0.0,0.0,0.201,0.853,0.0,0.0,0.027,0.131,61.508,0.199,2019-05-26
19,hru19,0.0,0.0,0.203,0.64,0.0,0.0,0.027,0.126,121.417,0.203,2019-05-26
20,hru20,0.0,0.0,0.201,0.0,0.0,0.0,0.029,0.124,189.718,0.205,2019-05-26
21,hru21,0.0,0.0,0.201,0.709,0.0,0.0,0.027,0.131,101.5,0.2,2019-05-26
22,hru22,0.0,0.0,0.201,0.852,0.0,0.0,0.027,0.131,61.606,0.199,2019-05-26
23,hru23,0.0,0.0,0.201,0.775,0.0,0.0,0.027,0.131,87.14,0.199,2019-05-26
24,hru24,0.03,0.0,0.201,0.0,0.0,0.0,0.029,0.129,188.441,0.202,2019-05-26
25,hru25,0.0,0.0,0.201,0.0,0.0,0.0,0.028,0.351,62.646,0.022,2019-05-26
26,hru26,0.0,0.0,0.2,0.0,0.0,0.0,0.029,0.129,189.317,0.204,2019-05-26
27,hru27,0.038,0.0,0.199,0.0,0.0,0.0,0.029,0.133,184.243,0.196,2019-05-26
28,hru28,0.0,0.0,0.2,0.0,0.0,0.0,0.0,0.0,0.0,0.0,2019-05-26
29,hru29,0.0,0.0,0.199,0.979,0.0,0.0,0.027,0.133,8.803,0.196,2019-05-26
30,hru30,0.0,0.0,0.199,0.98,0.0,0.0,0.028,0.138,7.666,0.192,2019-05-26
31,hru31,0.0,0.0,0.196,0.992,0.0,0.0,0.029,0.147,2.324,0.155,2019-05-26
32,hru32,0.0,0.0,0.2,0.925,0.0,0.0,0.027,0.133,29.447,0.199,2019-05-26
33,hru33,0.0,0.0,0.199,0.988,0.0,0.0,0.028,0.136,5.039,0.193,2019-05-26
34,hru34,0.0,0.0,0.199,0.987,0.0,0.0,0.028,0.136,5.071,0.193,2019-05-26
35,hru35,0.0,0.0,0.196,0.992,0.0,0.0,0.029,0.145,2.617,0.156,2019-05-26
36,hru36,0.0,0.0,0.199,0.988,0.0,0.0,0.028,0.136,5.028,0.193,2019-05-26
1,hru01,0.0,0.0,0.201,0.993,0.0,0.0,0.029,0.246,2.731,0.195,2019-05-27
2,hru02,0.0,0.0,0.203,0.706,0.0,0.0,0.027,0.216,127.03,0.237,2019-05-27
3,hru03,0.0,0.0,0.199,0.995,0.0,0.0,0.036,0.502,0.66,0.021,2019-05-27
4,hru04,0.0,0.0,0.201,0.994,0.0,0.0,0.032,0.492,1.069,0.021,2019-05-27
5,hru05,0.0,0.0,0.202,0.986,0.0,0.0,0.028,0.219,5.676,0.2,2019-05-27
6,hru06,0.0,0.0,0.202,0.986,0.0,0.0,0.028,0.219,5.671,0.2,2019-05-27
7,hru07,0.0,0.0,0.205,0.919,0.0,0.0,0.027,0.202,37.61,0.241,2019-05-27
8,hru08,0.0,0.0,0.199,0.99,0.0,0.0,0.029,0.243,3.798,0.198,2019-05-27
9,hru09,0.0,0.0,0.204,0.964,0.0,0.0,0.027,0.219,18.691,0.239,2019-05-27
10,hru10,0.0,0.0,0.204,0.964,0.0,0.0,0.027,0.219,18.669,0.239,2019-05-27
11,hru11,0.0,0.0,0.205,0.975,0.0,0.0,0.027,0.202,11.748,0.244,2019-05-27
12,hru12,0.0,0.0,0.204,0.929,0.0,0.0,0.027,0.21,36.834,0.242,2019-05-27
13,hru13,0.0,0.0,0.206,0.0,0.0,0.0,0.028,0.199,243.218,0.245,2019-05-27
14,hru14,0.0,0.0,0.204,0.929,0.0,0.0,0.027,0.21,36.842,0.242,2019-05-27
15,hru15,0.0,0.0,0.207,0.0,0.0,0.0,0.028,0.196,244.866,0.247,2019-05-27
16,hru16,0.0,0.0,0.205,0.827,0.0,0.0,0.027,0.219,83.454,0.241,2019-05-27
17,hru17,0.0,0.0,0.207,0.698,0.0,0.0,0.027,0.205,136.77,0.25,2019-05-27
18,hru18,0.0,0.0,0.206,0.859,0.0,0.0,0.027,0.202,71.19,0.246,2019-05-27
19,hru19,0.0,0.0,0.208,0.649,0.0,0.0,0.027,0.196,145.36,0.25,2019-05-27
20,hru20,0.0,0.0,0.206,0.0,0.0,0.0,0.028,0.188,248.288,0.253,2019-05-27
21,hru21,0.0,0.0,0.207,0.717,0.0,0.0,0.027,0.196,120.699,0.247,2019-05-27
22,hru22,0.0,0.0,0.206,0.859,0.0,0.0,0.027,0.202,71.305,0.246,2019-05-27
23,hru23,0.0,0.0,0.206,0.784,0.0,0.0,0.027,0.202,101.934,0.246,2019-05-27
24,hru24,0.0,0.0,0.207,0.0,0.0,0.0,0.028,0.196,246.1,0.248,2019-05-27
25,hru25,0.0,0.0,0.206,0.0,0.0,0.0,0.028,0.436,76.39,0.029,2019-05-27
26,hru26,0.0,0.0,0.205,0.0,0.0,0.0,0.028,0.191,247.424,0.251,2019-05-27
27,hru27,0.0,0.0,0.204,0.0,0.0,0.0,0.028,0.205,240.566,0.242,2019-05-27
28,hru28,0.0,0.0,0.205,0.0,0.0,0.0,0.0,0.0,0.0,0.0,2019-05-27
29,hru29,0.0,0.0,0.204,0.98,0.0,0.0,0.027,0.213,10.182,0.242,2019-05-27
30,hru30,0.0,0.0,0.204,0.981,0.0,0.0,0.027,0.213,8.91,0.236,2019-05-27
31,hru31,0.0,0.0,0.201,0.993,0.0,0.0,0.029,0.246,2.738,0.195,2019-05-27
32,hru32,0.0,0.0,0.206,0.928,0.0,0.0,0.027,0.199,34.34,0.245,2019-05-27
33,hru33,0.0,0.0,0.204,0.988,0.0,0.0,0.028,0.213,5.836,0.238,2019-05-27
34,hru34,0.0,0.0,0.204,0.988,0.0,0.0,0.028,0.213,5.874,0.238,2019-05-27
35,hru35,0.0,0.0,0.201,0.992,0.0,0.0,0.029,0.237,3.068,0.195,2019-05-27
36,hru36,0.0,0.0,0.204,0.988,0.0,0.0,0.028,0.213,5.824,0.238,2019-05-27
1,hru01,0.0,0.0,0.205,0.993,0.0,0.0,0.028,0.563,3.03,0.231,2019-05-28
2,hru02,0.0,0.0,0.207,0.737,0.0,0.0,0.026,0.538,141.401,0.28,2019-05-28
3,hru03,0.0,0.0,0.203,0.996,0.0,0.0,0.034,0.852,0.723,0.025,2019-05-28
4,hru04,0.0,0.0,0.204,0.994,0.0,0.0,0.031,0.839,1.155,0.026,2019-05-28
5,hru05,0.0,0.0,0.206,0.987,0.0,0.0,0.027,0.546,6.288,0.239,2019-05-28
6,hru06,0.0,0.0,0.206,0.987,0.0,0.0,0.027,0.546,6.283,0.239,2019-05-28
7,hru07,0.0,0.0,0.208,0.927,0.0,0.0,0.026,0.534,41.696,0.286,2019-05-28
8,hru08,0.0,0.0,0.203,0.991,0.0,0.0,0.028,0.571,4.233,0.235,2019-05-28
9,hru09,0.0,0.0,0.207,0.968,0.0,0.0,0.026,0.542,20.514,0.282,2019-05-28
10,hru10,0.0,0.0,0.207,0.968,0.0,0.0,0.026,0.542,20.49,0.282,2019-05-28
11,hru11,0.0,0.0,0.209,0.977,0.0,0.0,0.027,0.53,13.016,0.289,2019-05-28
12,hru12,0.0,0.0,0.208,0.939,0.0,0.0,0.026,0.538,40.494,0.286,2019-05-28
13,hru13,0.028,0.0,0.209,0.0,0.0,0.0,0.027,0.53,284.48,0.29,2019-05-28
14,hru14,0.0,0.0,0.208,0.939,0.0,0.0,0.026,0.538,40.502,0.286,2019-05-28
15,hru15,0.0,0.0,0.21,0.0,0.0,0.0,0.027,0.526,286.923,0.292,2019-05-28
16,hru16,0.0,0.0,0.209,0.855,0.0,0.0,0.026,0.55,92.473,0.284,2019-05-28
17,hru17,0.0,0.0,0.21,0.76,0.0,0.0,0.026,0.534,153.053,0.295,2019-05-28
18,hru18,0.0,0.0,0.21,0.883,0.0,0.0,0.026,0.53,78.584,0.291,2019-05-28
19,hru19,0.0,0.0,0.212,0.714,0.0,0.0,0.027,0.517,164.129,0.296,2019-05-28
20,hru20,0.0,0.0,0.21,0.0,0.0,0.0,0.027,0.517,291.823,0.3,2019-05-28
21,hru21,0.0,0.0,0.21,0.761,0.0,0.0,0.026,0.526,135.499,0.292,2019-05-28
22,hru22,0.0,0.0,0.21,0.883,0.0,0.0,0.026,0.53,78.712,0.291,2019-05-28
23,hru23,0.0,0.0,0.21,0.82,0.0,0.0,0.026,0.53,113.251,0.291,2019-05-28
24,hru24,0.027,0.0,0.21,0.0,0.0,0.0,0.027,0.526,288.22,0.294,2019-05-28
25,hru25,0.0,0.0,0.21,0.0,0.0,0.0,0.027,0.799,85.348,0.036,2019-05-28
26,hru26,0.0,0.0,0.209,0.0,0.0,0.0,0.027,0.522,290.325,0.298,2019-05-28
27,hru27,0.039,0.0,0.208,0.0,0.0,0.0,0.027,0.538,281.315,0.286,2019-05-28
28,hru28,0.0,0.0,0.209,0.0,0.0,0.0,0.0,0.0,0.0,0.0,2019-05-28
29,hru29,0.0,0.0,0.208,0.982,0.0,0.0,0.027,0.538,11.208,0.285,2019-05-28
30,hru30,0.0,0.0,0.208,0.983,0.0,0.0,0.027,0.538,9.835,0.279,2019-05-28
31,hru31,0.0,0.0,0.205,0.993,0.0,0.0,0.028,0.563,3.036,0.231,2019-05-28
32,hru32,0.0,0.0,0.209,0.936,0.0,0.0,0.026,0.53,38.067,0.29,2019-05-28
33,hru33,0.0,0.0,0.207,0.989,0.0,0.0,0.027,0.538,6.417,0.281,2019-05-28
34,hru34,0.0,0.0,0.207,0.989,0.0,0.0,0.027,0.538,6.458,0.281,2019-05-28
35,hru35,0.0,0.0,0.204,0.993,0.0,0.0,0.028,0.558,3.391,0.233,2019-05-28
36,hru36,0.0,0.0,0.207,0.989,0.0,0.0,0.027,0.538,6.403,0.281,2019-05-28
1,hru01,0.0,0.0,0.209,0.993,0.0,0.0,0.028,0.286,3.29,0.252,2019-05-29
2,hru02,0.0,0.0,0.211,0.721,0.0,0.0,0.026,0.277,153.527,0.305,2019-05-29
3,hru03,0.0,0.0,0.208,0.996,0.0,0.0,0.033,0.553,0.775,0.027,2019-05-29
4,hru04,0.0,0.0,0.209,0.994,0.0,0.0,0.03,0.55,1.223,0.027,2019-05-29
5,hru05,0.0,0.0,0.211,0.986,0.0,0.0,0.027,0.274,6.811,0.262,2019-05-29
6,hru06,0.0,0.0,0.211,0.986,0.0,0.0,0.027,0.274,6.806,0.262,2019-05-29
7,hru07,0.0,0.0,0.213,0.924,0.0,0.0,0.026,0.277,45.063,0.311,2019-05-29
8,hru08,0.0,0.0,0.208,0.99,0.0,0.0,0.027,0.286,4.598,0.255,2019-05-29
9,hru09,0.0,0.0,0.212,0.966,0.0,0.0,0.026,0.274,21.989,0.307,2019-05-29
10,hru10,0.0,0.0,0.212,0.966,0.0,0.0,0.026,0.274,21.962,0.307,2019-05-29
11,hru11,0.0,0.0,0.213,0.977,0.0,0.0,0.026,0.274,14.06,0.315,2019-05-29
12,hru12,0.0,0.0,0.213,0.935,0.0,0.0,0.026,0.267,43.313,0.311,2019-05-29
13,hru13,0.035,0.0,0.214,0.0,0.0,0.0,0.026,0.27,306.196,0.315,2019-05-29
14,hru14,0.0,0.0,0.213,0.935,0.0,0.0,0.026,0.267,43.323,0.311,2019-05-29
15,hru15,0.031,0.0,0.215,0.0,0.0,0.0,0.026,0.267,308.713,0.318,2019-05-29
16,hru16,0.0,0.0,0.213,0.851,0.0,0.0,0.026,0.267,99.002,0.308,2019-05-29
17,hru17,0.0,0.0,0.215,0.747,0.0,0.0,0.0,0.261,164.121,0.321,2019-05-29
18,hru18,0.0,0.0,0.215,0.877,0.0,0.0,0.0,0.264,83.957,0.316,2019-05-29
19,hru19,0.0,0.0,0.217,0.703,0.0,0.0,0.026,0.264,177.249,0.323,2019-05-29
20,hru20,0.0,0.0,0.215,0.0,0.0,0.0,0.026,0.27,313.279,0.327,2019-05-29
21,hru21,0.0,0.0,0.215,0.753,0.0,0.0,0.026,0.267,146.494,0.318,2019-05-29
22,hru22,0.0,0.0,0.215,0.877,0.0,0.0,0.0,0.264,84.094,0.316,2019-05-29
23,hru23,0.0,0.0,0.215,0.811,0.0,0.0,0.026,0.264,121.544,0.316,2019-05-29
24,hru24,0.034,0.0,0.215,0.0,0.0,0.0,0.026,0.264,309.962,0.32,2019-05-29
25,hru25,0.0,0.0,0.215,0.0,0.0,0.0,0.0,0.535,87.875,0.039,2019-05-29
26,hru26,0.028,0.0,0.214,0.0,0.0,0.0,0.026,0.277,311.816,0.325,2019-05-29
27,hru27,0.047,0.0,0.212,0.0,0.0,0.0,0.026,0.27,302.557,0.311,2019-05-29
28,hru28,0.0,0.0,0.213,0.0,0.0,0.0,0.0,0.0,0.0,0.0,2019-05-29
29,hru29,0.0,0.0,0.213,0.981,0.0,0.0,0.026,0.267,12.049,0.31,2019-05-29
30,hru30,0.0,0.0,0.212,0.982,0.0,0.0,0.026,0.283,10.594,0.304,2019-05-29
31,hru31,0.0,0.0,0.209,0.993,0.0,0.0,0.028,0.286,3.298,0.252,2019-05-29
32,hru32,0.0,0.0,0.214,0.934,0.0,0.0,0.026,0.27,41.008,0.315,2019-05-29
33,hru33,0.0,0.0,0.212,0.989,0.0,0.0,0.027,0.274,6.913,0.305,2019-05-29
34,hru34,0.0,0.0,0.212,0.989,0.0,0.0,0.027,0.274,6.958,0.305,2019-05-29
35,hru35,0.0,0.0,0.209,0.993,0.0,0.0,0.027,0.286,3.675,0.254,2019-05-29
36,hru36,0.0,0.0,0.212,0.989,0.0,0.0,0.027,0.274,6.898,0.305,2019-05-29
1,hru01,0.0,0.0,0.214,0.993,0.0,0.0,0.028,0.186,3.728,0.291,2019-05-30
2,hru02,0.0,0.0,0.217,0.697,0.0,0.0,0.026,0.186,174.425,0.349,2019-05-30
3,hru03,0.0,0.0,0.212,0.995,0.0,0.0,0.033,0.499,0.857,0.032,2019-05-30
4,hru04,0.0,0.0,0.214,0.993,0.0,0.0,0.03,0.467,1.335,0.033,2019-05-30
5,hru05,0.0,0.0,0.216,0.985,0.0,0.0,0.027,0.196,7.705,0.302,2019-05-30
6,hru06,0.0,0.0,0.216,0.985,0.0,0.0,0.027,0.196,7.699,0.302,2019-05-30
7,hru07,0.0,0.0,0.218,0.92,0.0,0.0,0.026,0.18,50.884,0.356,2019-05-30
8,hru08,0.0,0.0,0.212,0.99,0.0,0.0,0.027,0.24,5.208,0.294,2019-05-30
9,hru09,0.0,0.0,0.217,0.963,0.0,0.0,0.026,0.199,24.53,0.351,2019-05-30
10,hru10,0.0,0.0,0.217,0.963,0.0,0.0,0.026,0.199,24.5,0.351,2019-05-30
11,hru11,0.0,0.0,0.219,0.976,0.0,0.0,0.027,0.18,15.84,0.36,2019-05-30
12,hru12,0.0,0.0,0.218,0.929,0.0,0.0,0.026,0.194,48.357,0.356,2019-05-30
13,hru13,0.082,0.0,0.219,0.0,0.0,0.0,0.027,0.18,363.534,0.361,2019-05-30
14,hru14,0.0,0.0,0.218,0.929,0.0,0.0,0.026,0.194,48.368,0.356,2019-05-30
15,hru15,0.074,0.0,0.22,0.0,0.0,0.0,0.027,0.178,366.883,0.364,2019-05-30
16,hru16,0.0,0.0,0.218,0.836,0.0,0.0,0.026,0.208,110.307,0.353,2019-05-30
17,hru17,0.0,0.0,0.22,0.727,0.0,0.0,0.026,0.194,184.111,0.368,2019-05-30
18,hru18,0.0,0.0,0.22,0.872,0.0,0.0,0.026,0.188,93.667,0.363,2019-05-30
19,hru19,0.0,0.0,0.222,0.682,0.0,0.0,0.026,0.175,201.131,0.37,2019-05-30
20,hru20,0.064,0.0,0.22,0.0,0.0,0.0,0.027,0.178,372.524,0.373,2019-05-30
21,hru21,0.0,0.0,0.22,0.744,0.0,0.0,0.026,0.178,166.125,0.364,2019-05-30
22,hru22,0.0,0.0,0.22,0.872,0.0,0.0,0.026,0.188,93.821,0.363,2019-05-30
23,hru23,0.0,0.0,0.22,0.803,0.0,0.0,0.026,0.188,136.493,0.363,2019-05-30
24,hru24,0.082,0.0,0.22,0.0,0.0,0.0,0.027,0.175,368.643,0.367,2019-05-30
25,hru25,0.0,0.0,0.22,0.0,0.0,0.0,0.026,0.422,98.158,0.046,2019-05-30
26,hru26,0.068,0.0,0.219,0.0,0.0,0.0,0.027,0.178,370.197,0.37,2019-05-30
27,hru27,0.106,0.0,0.217,0.0,0.0,0.0,0.027,0.188,359.208,0.356,2019-05-30
28,hru28,0.0,0.0,0.219,0.0,0.0,0.0,0.0,0.0,0.0,0.0,2019-05-30
29,hru29,0.0,0.0,0.218,0.979,0.0,0.0,0.027,0.194,13.523,0.356,2019-05-30
30,hru30,0.0,0.0,0.217,0.981,0.0,0.0,0.027,0.191,11.925,0.348,2019-05-30
31,hru31,0.0,0.0,0.214,0.993,0.0,0.0,0.028,0.186,3.736,0.291,2019-05-30
32,hru32,0.0,0.0,0.219,0.932,0.0,0.0,0.026,0.18,46.172,0.361,2019-05-30
33,hru33,0.0,0.0,0.217,0.988,0.0,0.0,0.027,0.188,7.763,0.35,2019-05-30
34,hru34,0.0,0.0,0.217,0.988,0.0,0.0,0.027,0.188,7.813,0.35,2019-05-30
35,hru35,0.0,0.0,0.214,0.992,0.0,0.0,0.028,0.188,4.153,0.293,2019-05-30
36,hru36,0.0,0.0,0.217,0.988,0.0,0.0,0.027,0.188,7.747,0.35,2019-05-30
1,hru01,0.0,0.0,0.221,0.992,0.0,0.0,0.028,0.021,4.298,0.342,2019-05-31
2,hru02,0.0,0.0,0.223,0.657,0.0,0.0,0.026,0.019,201.357,0.406,2019-05-31
3,hru03,0.0,0.0,0.219,0.994,0.0,0.0,0.032,0.229,0.96,0.039,2019-05-31
4,hru04,0.0,0.0,0.22,0.993,0.0,0.0,0.03,0.201,1.472,0.04,2019-05-31
5,hru05,0.0,0.0,0.222,0.983,0.0,0.0,0.027,0.024,8.86,0.353,2019-05-31
6,hru06,0.0,0.0,0.222,0.983,0.0,0.0,0.027,0.024,8.853,0.353,2019-05-31
7,hru07,0.0,0.0,0.225,0.911,0.0,0.0,0.026,0.015,58.048,0.414,2019-05-31
8,hru08,0.0,0.0,0.219,0.989,0.0,0.0,0.027,0.048,5.99,0.341,2019-05-31
9,hru09,0.0,0.0,0.224,0.958,0.0,0.0,0.026,0.024,27.762,0.407,2019-05-31
10,hru10,0.0,0.0,0.224,0.958,0.0,0.0,0.026,0.024,27.728,0.407,2019-05-31
11,hru11,0.0,0.0,0.225,0.973,0.0,0.0,0.027,0.016,18.043,0.418,2019-05-31
12,hru12,0.0,0.0,0.224,0.919,0.0,0.0,0.026,0.022,54.668,0.413,2019-05-31
13,hru13,0.194,0.0,0.226,0.0,0.0,0.0,0.027,0.016,437.846,0.419,2019-05-31
14,hru14,0.0,0.0,0.224,0.919,0.0,0.0,0.026,0.022,54.681,0.413,2019-05-31
15,hru15,0.177,0.0,0.227,0.0,0.0,0.0,0.027,0.015,441.81,0.423,2019-05-31
16,hru16,0.0,0.0,0.225,0.813,0.0,0.0,0.026,0.029,124.553,0.408,2019-05-31
17,hru17,0.0,0.0,0.227,0.687,0.0,0.0,0.026,0.028,208.806,0.425,2019-05-31
18,hru18,0.0,0.0,0.227,0.853,0.0,0.0,0.026,0.019,105.304,0.42,2019-05-31
19,hru19,0.0,0.0,0.229,0.641,0.0,0.0,0.026,0.016,230.356,0.43,2019-05-31
20,hru20,0.158,0.0,0.226,0.0,0.0,0.0,0.027,0.018,448.544,0.433,2019-05-31
21,hru21,0.0,0.0,0.227,0.711,0.0,0.0,0.026,0.015,189.483,0.423,2019-05-31
22,hru22,0.0,0.0,0.227,0.853,0.0,0.0,0.026,0.019,105.478,0.42,2019-05-31
23,hru23,0.0,0.0,0.227,0.776,0.0,0.0,0.026,0.019,154.372,0.42,2019-05-31
24,hru24,0.196,0.0,0.227,0.0,0.0,0.0,0.027,0.015,444.141,0.426,2019-05-31
25,hru25,0.0,0.0,0.226,0.0,0.0,0.0,0.026,0.165,112.277,0.057,2019-05-31
26,hru26,0.165,0.0,0.226,0.0,0.0,0.0,0.027,0.015,445.831,0.43,2019-05-31
27,hru27,0.239,0.0,0.224,0.0,0.0,0.0,0.027,0.02,432.048,0.413,2019-05-31
28,hru28,0.0,0.0,0.225,0.0,0.0,0.0,0.0,0.0,0.0,0.0,2019-05-31
29,hru29,0.0,0.0,0.224,0.977,0.0,0.0,0.027,0.021,15.392,0.412,2019-05-31
30,hru30,0.0,0.0,0.224,0.979,0.0,0.0,0.027,0.019,13.601,0.404,2019-05-31
31,hru31,0.0,0.0,0.221,0.992,0.0,0.0,0.028,0.021,4.307,0.342,2019-05-31
32,hru32,0.0,0.0,0.226,0.924,0.0,0.0,0.026,0.016,52.294,0.419,2019-05-31
33,hru33,0.0,0.0,0.224,0.986,0.0,0.0,0.027,0.02,8.852,0.407,2019-05-31
34,hru34,0.0,0.0,0.224,0.986,0.0,0.0,0.027,0.02,8.909,0.407,2019-05-31
35,hru35,0.0,0.0,0.221,0.991,0.0,0.0,0.028,0.021,4.776,0.344,2019-05-31
36,hru36,0.0,0.0,0.224,0.986,0.0,0.0,0.027,0.02,8.833,0.407,2019-05-31
1,hru01,0.0,0.0,0.226,0.991,0.0,0.0,0.028,0.277,5.088,0.424,2019-06-01
2,hru02,0.0,0.0,0.228,0.622,0.0,0.0,0.027,0.243,238.309,0.497,2019-06-01
3,hru03,0.0,0.0,0.223,0.994,0.0,0.0,0.032,0.565,1.105,0.053,2019-06-01
4,hru04,0.0,0.0,0.225,0.992,0.0,0.0,0.03,0.539,1.658,0.055,2019-06-01
5,hru05,0.0,0.0,0.227,0.982,0.0,0.0,0.027,0.255,10.465,0.436,2019-06-01
6,hru06,0.0,0.0,0.227,0.982,0.0,0.0,0.027,0.255,10.457,0.436,2019-06-01
7,hru07,0.0,0.0,0.23,0.903,0.0,0.0,0.027,0.231,67.699,0.507,2019-06-01
8,hru08,0.0,0.0,0.223,0.987,0.0,0.0,0.028,0.296,7.092,0.416,2019-06-01
9,hru09,0.0,0.0,0.228,0.954,0.0,0.0,0.027,0.258,32.262,0.497,2019-06-01
10,hru10,0.0,0.0,0.228,0.954,0.0,0.0,0.027,0.258,32.223,0.497,2019-06-01
11,hru11,0.0,0.0,0.23,0.971,0.0,0.0,0.027,0.231,21.007,0.512,2019-06-01
12,hru12,0.0,0.0,0.229,0.911,0.0,0.0,0.027,0.243,63.5,0.504,2019-06-01
13,hru13,0.0,0.0,0.231,0.0,0.0,0.0,0.027,0.231,526.665,0.513,2019-06-01
14,hru14,0.0,0.0,0.229,0.911,0.0,0.0,0.027,0.243,63.515,0.504,2019-06-01
15,hru15,0.0,0.0,0.232,0.0,0.0,0.0,0.027,0.225,533.251,0.518,2019-06-01
16,hru16,0.0,0.0,0.23,0.791,0.0,0.0,0.027,0.255,144.992,0.496,2019-06-01
17,hru17,0.0,0.0,0.232,0.65,0.0,0.0,0.027,0.243,244.417,0.516,2019-06-01
18,hru18,0.0,0.0,0.231,0.836,0.0,0.0,0.026,0.234,121.66,0.513,2019-06-01
19,hru19,0.0,0.0,0.234,0.605,0.0,0.0,0.027,0.225,270.878,0.525,2019-06-01
20,hru20,0.0,0.0,0.231,0.0,0.0,0.0,0.027,0.213,545.079,0.528,2019-06-01
21,hru21,0.0,0.0,0.232,0.682,0.0,0.0,0.027,0.225,221.632,0.518,2019-06-01
22,hru22,0.0,0.0,0.231,0.836,0.0,0.0,0.026,0.234,121.864,0.513,2019-06-01
23,hru23,0.0,0.0,0.231,0.752,0.0,0.0,0.026,0.234,179.347,0.513,2019-06-01
24,hru24,0.0,0.0,0.232,0.0,0.0,0.0,0.027,0.225,533.816,0.522,2019-06-01
25,hru25,0.0,0.0,0.231,0.0,0.0,0.0,0.027,0.467,136.953,0.078,2019-06-01
26,hru26,0.0,0.0,0.231,0.0,0.0,0.0,0.027,0.216,540.21,0.526,2019-06-01
27,hru27,0.0,0.0,0.229,0.0,0.0,0.0,0.027,0.237,515.496,0.505,2019-06-01
28,hru28,0.0,0.0,0.23,0.0,0.0,0.0,0.0,0.0,0.0,0.0,2019-06-01
29,hru29,0.0,0.0,0.229,0.974,0.0,0.0,0.027,0.246,17.959,0.504,2019-06-01
30,hru30,0.0,0.0,0.229,0.977,0.0,0.0,0.027,0.237,15.894,0.495,2019-06-01
31,hru31,0.0,0.0,0.226,0.991,0.0,0.0,0.028,0.277,5.1,0.424,2019-06-01
32,hru32,0.0,0.0,0.231,0.917,0.0,0.0,0.027,0.231,60.616,0.513,2019-06-01
33,hru33,0.0,0.0,0.229,0.985,0.0,0.0,0.027,0.249,10.339,0.497,2019-06-01
34,hru34,0.0,0.0,0.229,0.985,0.0,0.0,0.027,0.249,10.406,0.497,2019-06-01
35,hru35,0.0,0.0,0.225,0.99,0.0,0.0,0.028,0.267,5.638,0.426,2019-06-01
36,hru36,0.0,0.0,0.229,0.985,0.0,0.0,0.027,0.249,10.317,0.497,2019-06-01
1,hru01,0.0,0.0,0.231,0.99,0.0,0.0,0.028,0.208,6.085,0.478,2019-06-02
2,hru02,0.0,0.0,0.233,0.578,0.0,0.0,0.027,0.196,284.351,0.56,2019-06-02
3,hru03,0.0,0.0,0.228,0.993,0.0,0.0,0.031,0.502,1.283,0.062,2019-06-02
4,hru04,0.0,0.0,0.23,0.991,0.0,0.0,0.029,0.474,1.883,0.064,2019-06-02
5,hru05,0.0,0.0,0.232,0.98,0.0,0.0,0.027,0.205,12.467,0.493,2019-06-02
6,hru06,0.0,0.0,0.232,0.98,0.0,0.0,0.027,0.205,12.457,0.493,2019-06-02
7,hru07,0.0,0.0,0.235,0.893,0.0,0.0,0.027,0.186,79.58,0.572,2019-06-02
8,hru08,0.0,0.0,0.228,0.986,0.0,0.0,0.027,0.243,8.436,0.467,2019-06-02
9,hru09,0.0,0.0,0.233,0.949,0.0,0.0,0.027,0.205,37.85,0.557,2019-06-02
10,hru10,0.0,0.0,0.233,0.949,0.0,0.0,0.027,0.205,37.804,0.557,2019-06-02
11,hru11,0.0,0.0,0.235,0.968,0.0,0.0,0.027,0.183,24.634,0.577,2019-06-02
12,hru12,0.0,0.0,0.234,0.899,0.0,0.0,0.027,0.196,74.463,0.567,2019-06-02
13,hru13,0.0,0.0,0.236,0.0,0.0,0.0,0.027,0.186,621.651,0.578,2019-06-02
14,hru14,0.0,0.0,0.234,0.899,0.0,0.0,0.027,0.196,74.481,0.567,2019-06-02
15,hru15,0.0,0.0,0.237,0.0,0.0,0.0,0.027,0.183,629.58,0.585,2019-06-02
16,hru16,0.0,0.0,0.235,0.764,0.0,0.0,0.027,0.208,170.344,0.557,2019-06-02
17,hru17,0.0,0.0,0.237,0.603,0.0,0.0,0.027,0.202,288.161,0.58,2019-06-02
18,hru18,0.0,0.0,0.237,0.815,0.0,0.0,0.026,0.188,141.9,0.578,2019-06-02
19,hru19,0.0,0.0,0.239,0.56,0.0,0.0,0.027,0.186,320.305,0.591,2019-06-02
20,hru20,0.0,0.0,0.236,0.0,0.0,0.0,0.027,0.191,642.573,0.596,2019-06-02
21,hru21,0.0,0.0,0.237,0.645,0.0,0.0,0.027,0.183,261.203,0.585,2019-06-02
22,hru22,0.0,0.0,0.237,0.815,0.0,0.0,0.026,0.188,142.14,0.578,2019-06-02
23,hru23,0.0,0.0,0.237,0.721,0.0,0.0,0.026,0.188,210.085,0.578,2019-06-02
24,hru24,0.0,0.0,0.237,0.0,0.0,0.0,0.027,0.18,630.267,0.588,2019-06-02
25,hru25,0.0,0.0,0.236,0.0,0.0,0.0,0.026,0.439,154.448,0.093,2019-06-02
26,hru26,0.0,0.0,0.236,0.0,0.0,0.0,0.027,0.188,637.167,0.593,2019-06-02
27,hru27,0.0,0.0,0.234,0.0,0.0,0.0,0.027,0.194,608.945,0.569,2019-06-02
28,hru28,0.0,0.0,0.235,0.0,0.0,0.0,0.0,0.0,0.0,0.0,2019-06-02
29,hru29,0.0,0.0,0.234,0.971,0.0,0.0,0.027,0.196,21.129,0.566,2019-06-02
30,hru30,0.0,0.0,0.234,0.974,0.0,0.0,0.027,0.194,18.727,0.558,2019-06-02
31,hru31,0.0,0.0,0.231,0.99,0.0,0.0,0.028,0.208,6.099,0.478,2019-06-02
32,hru32,0.0,0.0,0.236,0.909,0.0,0.0,0.027,0.186,70.814,0.578,2019-06-02
33,hru33,0.0,0.0,0.234,0.983,0.0,0.0,0.027,0.202,12.181,0.559,2019-06-02
34,hru34,0.0,0.0,0.234,0.983,0.0,0.0,0.027,0.202,12.259,0.559,2019-06-02
35,hru35,0.0,0.0,0.23,0.989,0.0,0.0,0.028,0.205,6.721,0.481,2019-06-02
36,hru36,0.0,0.0,0.234,0.983,0.0,0.0,0.027,0.202,12.154,0.559,2019-06-02
1,hru01,0.0,0.0,0.236,0.991,0.0,0.0,0.028,0.175,7.444,0.543,2019-06-03
2,hru02,0.0,0.0,0.238,0.58,0.0,0.0,0.027,0.191,347.498,0.632,2019-06-03
3,hru03,0.0,0.0,0.233,0.993,0.0,0.0,0.031,0.422,1.528,0.073,2019-06-03
4,hru04,0.0,0.0,0.235,0.992,0.0,0.0,0.029,0.419,2.188,0.077,2019-06-03
5,hru05,0.0,0.0,0.237,0.981,0.0,0.0,0.027,0.178,15.216,0.56,2019-06-03
6,hru06,0.0,0.0,0.237,0.981,0.0,0.0,0.027,0.178,15.203,0.56,2019-06-03
7,hru07,0.0,0.0,0.24,0.891,0.0,0.0,0.027,0.196,95.681,0.647,2019-06-03
8,hru08,0.0,0.0,0.233,0.987,0.0,0.0,0.027,0.178,10.257,0.528,2019-06-03
9,hru09,0.0,0.0,0.239,0.948,0.0,0.0,0.027,0.18,45.521,0.629,2019-06-03
10,hru10,0.0,0.0,0.239,0.948,0.0,0.0,0.027,0.18,45.465,0.629,2019-06-03
11,hru11,0.0,0.0,0.24,0.967,0.0,0.0,0.027,0.194,29.55,0.653,2019-06-03
12,hru12,0.0,0.0,0.24,0.899,0.0,0.0,0.027,0.183,89.599,0.64,2019-06-03
13,hru13,0.0,0.0,0.241,0.0,0.0,0.0,0.027,0.191,745.252,0.654,2019-06-03
14,hru14,0.0,0.0,0.24,0.899,0.0,0.0,0.027,0.183,89.621,0.64,2019-06-03
15,hru15,0.0,0.0,0.242,0.0,0.0,0.0,0.027,0.186,755.003,0.661,2019-06-03
16,hru16,0.0,0.0,0.24,0.754,0.0,0.0,0.027,0.175,205.589,0.628,2019-06-03
17,hru17,0.0,0.0,0.242,0.577,0.0,0.0,0.027,0.18,349.398,0.653,2019-06-03
18,hru18,0.0,0.0,0.242,0.809,0.0,0.0,0.027,0.18,170.107,0.653,2019-06-03
19,hru19,0.0,0.0,0.244,0.547,0.0,0.0,0.027,0.186,388.76,0.668,2019-06-03
20,hru20,0.0,0.0,0.242,0.0,0.0,0.0,0.027,0.188,770.33,0.673,2019-06-03
21,hru21,0.0,0.0,0.242,0.639,0.0,0.0,0.027,0.186,315.704,0.661,2019-06-03
22,hru22,0.0,0.0,0.242,0.808,0.0,0.0,0.027,0.18,170.399,0.653,2019-06-03
23,hru23,0.0,0.0,0.242,0.712,0.0,0.0,0.027,0.18,252.654,0.653,2019-06-03
24,hru24,0.0,0.0,0.242,0.0,0.0,0.0,0.027,0.183,756.537,0.665,2019-06-03
25,hru25,0.0,0.0,0.242,0.0,0.0,0.0,0.026,0.436,178.046,0.111,2019-06-03
26,hru26,0.0,0.0,0.241,0.0,0.0,0.0,0.027,0.188,764.271,0.67,2019-06-03
27,hru27,0.0,0.0,0.239,0.0,0.0,0.0,0.027,0.188,730.194,0.643,2019-06-03
28,hru28,0.0,0.0,0.24,0.0,0.0,0.0,0.0,0.0,0.0,0.0,2019-06-03
29,hru29,0.0,0.0,0.24,0.971,0.0,0.0,0.027,0.183,25.451,0.64,2019-06-03
30,hru30,0.0,0.0,0.239,0.973,0.0,0.0,0.027,0.191,22.599,0.631,2019-06-03
31,hru31,0.0,0.0,0.236,0.991,0.0,0.0,0.028,0.175,7.461,0.543,2019-06-03
32,hru32,0.0,0.0,0.241,0.907,0.0,0.0,0.027,0.191,84.7,0.654,2019-06-03
33,hru33,0.0,0.0,0.239,0.984,0.0,0.0,0.027,0.186,14.687,0.631,2019-06-03
34,hru34,0.0,0.0,0.239,0.983,0.0,0.0,0.027,0.186,14.783,0.631,2019-06-03
35,hru35,0.0,0.0,0.236,0.991,0.0,0.0,0.028,0.178,8.201,0.547,2019-06-03
36,hru36,0.0,0.0,0.239,0.984,0.0,0.0,0.027,0.186,14.656,0.631,2019-06-03
1,hru01,0.0,0.0,0.242,0.991,0.0,0.0,0.027,0.016,8.465,0.618,2019-06-04
2,hru02,0.0,0.0,0.245,0.557,0.0,0.0,0.026,0.023,403.094,0.711,2019-06-04
3,hru03,0.0,0.0,0.24,0.993,0.0,0.0,0.029,0.177,1.716,0.088,2019-06-04
4,hru04,0.0,0.0,0.242,0.992,0.0,0.0,0.028,0.17,2.435,0.093,2019-06-04
5,hru05,0.0,0.0,0.244,0.98,0.0,0.0,0.027,0.02,17.535,0.635,2019-06-04
6,hru06,0.0,0.0,0.244,0.98,0.0,0.0,0.027,0.02,17.52,0.635,2019-06-04
7,hru07,0.0,0.0,0.246,0.891,0.0,0.0,0.026,0.023,110.327,0.726,2019-06-04
8,hru08,0.0,0.0,0.24,0.987,0.0,0.0,0.027,0.023,11.705,0.6,2019-06-04
9,hru09,0.0,0.0,0.245,0.946,0.0,0.0,0.026,0.022,52.237,0.709,2019-06-04
10,hru10,0.0,0.0,0.245,0.946,0.0,0.0,0.026,0.022,52.173,0.709,2019-06-04
11,hru11,0.0,0.0,0.247,0.968,0.0,0.0,0.026,0.024,34.095,0.733,2019-06-04
12,hru12,0.0,0.0,0.246,0.893,0.0,0.0,0.026,0.022,102.897,0.721,2019-06-04
13,hru13,0.0,0.0,0.247,0.0,0.0,0.0,0.026,0.022,854.01,0.734,2019-06-04
14,hru14,0.0,0.0,0.246,0.893,0.0,0.0,0.026,0.022,102.922,0.721,2019-06-04
15,hru15,0.0,0.0,0.249,0.0,0.0,0.0,0.026,0.021,864.963,0.742,2019-06-04
16,hru16,0.0,0.0,0.246,0.729,0.0,0.0,0.026,0.02,236.835,0.709,2019-06-04
17,hru17,0.0,0.0,0.248,0.527,0.0,0.0,0.026,0.02,404.889,0.735,2019-06-04
18,hru18,0.0,0.0,0.248,0.796,0.0,0.0,0.026,0.021,195.603,0.735,2019-06-04
19,hru19,0.0,0.0,0.251,0.536,0.0,0.0,0.026,0.021,450.135,0.75,2019-06-04
20,hru20,0.0,0.0,0.248,0.0,0.0,0.0,0.026,0.019,881.402,0.754,2019-06-04
21,hru21,0.0,0.0,0.249,0.621,0.0,0.0,0.026,0.021,364.441,0.742,2019-06-04
22,hru22,0.0,0.0,0.248,0.795,0.0,0.0,0.026,0.021,195.941,0.735,2019-06-04
23,hru23,0.0,0.0,0.248,0.693,0.0,0.0,0.026,0.021,291.054,0.735,2019-06-04
24,hru24,0.0,0.0,0.249,0.0,0.0,0.0,0.026,0.021,867.764,0.747,2019-06-04
25,hru25,0.0,0.0,0.248,0.0,0.0,0.0,0.026,0.167,199.069,0.132,2019-06-04
26,hru26,0.0,0.0,0.247,0.0,0.0,0.0,0.026,0.019,875.466,0.751,2019-06-04
27,hru27,0.0,0.0,0.246,0.0,0.0,0.0,0.026,0.022,837.444,0.722,2019-06-04
28,hru28,0.0,0.0,0.247,0.0,0.0,0.0,0.0,0.0,0.0,0.0,2019-06-04
29,hru29,0.0,0.0,0.246,0.97,0.0,0.0,0.026,0.021,29.237,0.72,2019-06-04
30,hru30,0.0,0.0,0.246,0.972,0.0,0.0,0.026,0.023,26.087,0.709,2019-06-04
31,hru31,0.0,0.0,0.242,0.991,0.0,0.0,0.027,0.016,8.484,0.618,2019-06-04
32,hru32,0.0,0.0,0.247,0.904,0.0,0.0,0.026,0.022,97.246,0.734,2019-06-04
33,hru33,0.0,0.0,0.245,0.983,0.0,0.0,0.026,0.021,16.845,0.711,2019-06-04
34,hru34,0.0,0.0,0.245,0.983,0.0,0.0,0.026,0.021,16.956,0.711,2019-06-04
35,hru35,0.0,0.0,0.242,0.991,0.0,0.0,0.027,0.017,9.304,0.621,2019-06-04
36,hru36,0.0,0.0,0.245,0.983,0.0,0.0,0.026,0.021,16.809,0.711,2019-06-04
1,hru01,0.0,0.0,0.249,0.99,0.0,0.0,0.027,0.013,9.808,0.734,2019-06-05
2,hru02,0.0,0.0,0.251,0.508,0.0,0.0,0.026,0.015,479.176,0.833,2019-06-05
3,hru03,0.0,0.0,0.246,0.992,0.0,0.0,0.029,0.143,1.97,0.117,2019-06-05
4,hru04,0.0,0.0,0.249,0.991,0.0,0.0,0.028,0.139,2.765,0.124,2019-06-05
5,hru05,0.0,0.0,0.251,0.977,0.0,0.0,0.027,0.011,20.7,0.751,2019-06-05
6,hru06,0.0,0.0,0.251,0.978,0.0,0.0,0.027,0.011,20.683,0.751,2019-06-05
7,hru07,0.0,0.0,0.253,0.88,0.0,0.0,0.026,0.015,129.254,0.849,2019-06-05
8,hru08,0.0,0.0,0.246,0.985,0.0,0.0,0.027,0.01,13.65,0.712,2019-06-05
9,hru09,0.0,0.0,0.252,0.94,0.0,0.0,0.026,0.01,61.355,0.831,2019-06-05
10,hru10,0.0,0.0,0.252,0.94,0.0,0.0,0.026,0.01,61.278,0.831,2019-06-05
11,hru11,0.0,0.0,0.253,0.965,0.0,0.0,0.026,0.015,39.732,0.856,2019-06-05
12,hru12,0.0,0.0,0.253,0.88,0.0,0.0,0.026,0.011,121.11,0.844,2019-06-05
13,hru13,0.0,0.0,0.254,0.0,0.0,0.0,0.026,0.013,1023.102,0.859,2019-06-05
14,hru14,0.0,0.0,0.253,0.88,0.0,0.0,0.026,0.011,121.14,0.844,2019-06-05
15,hru15,0.0,0.0,0.255,0.0,0.0,0.0,0.026,0.012,1034.751,0.868,2019-06-05
16,hru16,0.0,0.0,0.253,0.693,0.0,0.0,0.026,0.008,281.827,0.832,2019-06-05
17,hru17,0.0,0.0,0.255,0.464,0.0,0.0,0.026,0.008,485.776,0.86,2019-06-05
18,hru18,0.0,0.0,0.255,0.769,0.0,0.0,0.026,0.01,231.026,0.86,2019-06-05
19,hru19,0.0,0.0,0.257,0.489,0.0,0.0,0.026,0.01,531.201,0.876,2019-06-05
20,hru20,0.0,0.0,0.255,0.0,0.0,0.0,0.026,0.01,1049.656,0.882,2019-06-05
21,hru21,0.0,0.0,0.255,0.581,0.0,0.0,0.026,0.012,430.45,0.868,2019-06-05
22,hru22,0.0,0.0,0.255,0.769,0.0,0.0,0.026,0.01,231.43,0.86,2019-06-05
23,hru23,0.0,0.0,0.255,0.656,0.0,0.0,0.026,0.01,344.205,0.86,2019-06-05
24,hru24,0.0,0.0,0.255,0.0,0.0,0.0,0.026,0.012,1038.067,0.874,2019-06-05
25,hru25,0.0,0.0,0.255,0.0,0.0,0.0,0.026,0.143,239.34,0.173,2019-06-05
26,hru26,0.0,0.0,0.254,0.0,0.0,0.0,0.026,0.012,1044.311,0.878,2019-06-05
27,hru27,0.0,0.0,0.252,0.0,0.0,0.0,0.026,0.011,1004.598,0.846,2019-06-05
28,hru28,0.0,0.0,0.253,0.0,0.0,0.0,0.0,0.0,0.0,0.0,2019-06-05
29,hru29,0.0,0.0,0.253,0.967,0.0,0.0,0.026,0.011,34.406,0.844,2019-06-05
30,hru30,0.0,0.0,0.252,0.969,0.0,0.0,0.026,0.014,30.801,0.831,2019-06-05
31,hru31,0.0,0.0,0.249,0.99,0.0,0.0,0.027,0.013,9.831,0.734,2019-06-05
32,hru32,0.0,0.0,0.254,0.894,0.0,0.0,0.026,0.013,113.975,0.859,2019-06-05
33,hru33,0.0,0.0,0.252,0.981,0.0,0.0,0.026,0.012,19.817,0.834,2019-06-05
34,hru34,0.0,0.0,0.252,0.981,0.0,0.0,0.026,0.012,19.947,0.834,2019-06-05
35,hru35,0.0,0.0,0.249,0.99,0.0,0.0,0.027,0.012,10.759,0.738,2019-06-05
36,hru36,0.0,0.0,0.252,0.981,0.0,0.0,0.026,0.012,19.773,0.834,2019-06-05
1,hru01,0.0,0.0,0.256,0.989,0.0,0.0,0.027,0.007,11.569,0.863,2019-06-06
2,hru02,0.04,0.0,0.258,0.452,0.0,0.0,0.026,0.01,576.991,0.97,2019-06-06
3,hru03,0.0,0.0,0.253,0.991,0.0,0.0,0.029,0.147,2.339,0.157,2019-06-06
4,hru04,0.0,0.0,0.255,0.99,0.0,0.0,0.028,0.139,3.226,0.166,2019-06-06
5,hru05,0.0,0.0,0.257,0.975,0.0,0.0,0.027,0.008,24.843,0.883,2019-06-06
6,hru06,0.0,0.0,0.257,0.975,0.0,0.0,0.027,0.008,24.822,0.883,2019-06-06
7,hru07,0.0,0.0,0.26,0.871,0.0,0.0,0.026,0.01,153.336,0.986,2019-06-06
8,hru08,0.0,0.0,0.253,0.984,0.0,0.0,0.027,0.012,16.234,0.841,2019-06-06
9,hru09,0.0,0.0,0.258,0.932,0.0,0.0,0.026,0.009,73.33,0.97,2019-06-06
10,hru10,0.0,0.0,0.258,0.932,0.0,0.0,0.026,0.009,73.238,0.97,2019-06-06
11,hru11,0.0,0.0,0.26,0.961,0.0,0.0,0.026,0.01,46.896,0.994,2019-06-06
12,hru12,0.0,0.0,0.259,0.866,0.0,0.0,0.026,0.008,145.102,0.984,2019-06-06
13,hru13,0.0,0.0,0.261,0.0,0.0,0.0,0.026,0.009,1220.112,0.998,2019-06-06
14,hru14,0.0,0.0,0.259,0.866,0.0,0.0,0.026,0.008,145.138,0.984,2019-06-06
15,hru15,0.0,0.0,0.262,0.0,0.0,0.0,0.026,0.008,1233.877,1.009,2019-06-06
16,hru16,0.0,0.0,0.26,0.657,0.0,0.0,0.026,0.008,342.785,0.973,2019-06-06
17,hru17,0.0,0.0,0.262,0.407,0.0,0.0,0.026,0.009,595.1,1.003,2019-06-06
18,hru18,0.0,0.0,0.262,0.74,0.0,0.0,0.026,0.007,277.864,1.001,2019-06-06
19,hru19,0.0,0.0,0.264,0.448,0.0,0.0,0.026,0.007,636.658,1.019,2019-06-06
20,hru20,0.0,0.0,0.261,0.0,0.0,0.0,0.026,0.009,1251.9,1.025,2019-06-06
21,hru21,0.0,0.0,0.262,0.547,0.0,0.0,0.026,0.008,516.044,1.009,2019-06-06
22,hru22,0.0,0.0,0.262,0.739,0.0,0.0,0.026,0.007,278.357,1.001,2019-06-06
23,hru23,0.0,0.0,0.262,0.617,0.0,0.0,0.026,0.007,413.999,1.001,2019-06-06
24,hru24,0.0,0.0,0.262,0.0,0.0,0.0,0.026,0.007,1238.025,1.015,2019-06-06
25,hru25,0.0,0.0,0.261,0.0,0.0,0.0,0.026,0.139,293.021,0.228,2019-06-06
26,hru26,0.0,0.0,0.261,0.0,0.0,0.0,0.026,0.008,1245.564,1.02,2019-06-06
27,hru27,0.0,0.0,0.259,0.0,0.0,0.0,0.026,0.009,1199.42,0.985,2019-06-06
28,hru28,0.0,0.0,0.26,0.0,0.0,0.0,0.0,0.0,0.0,0.0,2019-06-06
29,hru29,0.0,0.0,0.259,0.963,0.0,0.0,0.026,0.008,41.105,0.983,2019-06-06
30,hru30,0.0,0.0,0.259,0.966,0.0,0.0,0.026,0.009,36.873,0.968,2019-06-06
31,hru31,0.0,0.0,0.256,0.989,0.0,0.0,0.027,0.007,11.595,0.863,2019-06-06
32,hru32,0.0,0.0,0.261,0.885,0.0,0.0,0.026,0.009,135.468,0.998,2019-06-06
33,hru33,0.0,0.0,0.259,0.979,0.0,0.0,0.026,0.009,23.636,0.971,2019-06-06
34,hru34,0.0,0.0,0.259,0.979,0.0,0.0,0.026,0.009,23.792,0.971,2019-06-06
35,hru35,0.0,0.0,0.255,0.988,0.0,0.0,0.027,0.008,12.656,0.867,2019-06-06
36,hru36,0.0,0.0,0.259,0.979,0.0,0.0,0.026,0.009,23.584,0.971,2019-06-06
1,hru01,0.0,0.0,0.262,0.988,0.0,0.0,0.027,0.01,13.768,1.007,2019-06-07
2,hru02,0.105,0.0,0.264,0.384,0.0,0.0,0.026,0.018,699.419,1.119,2019-06-07
3,hru03,0.0,0.0,0.26,0.989,0.0,0.0,0.029,0.156,2.862,0.207,2019-06-07
4,hru04,0.0,0.0,0.262,0.988,0.0,0.0,0.028,0.15,3.854,0.219,2019-06-07
5,hru05,0.0,0.0,0.264,0.972,0.0,0.0,0.026,0.013,30.056,1.028,2019-06-07
6,hru06,0.0,0.0,0.264,0.972,0.0,0.0,0.026,0.013,30.031,1.028,2019-06-07
7,hru07,0.0,0.0,0.266,0.862,0.0,0.0,0.026,0.018,182.362,1.137,2019-06-07
8,hru08,0.0,0.0,0.26,0.982,0.0,0.0,0.027,0.015,19.511,0.98,2019-06-07
9,hru09,0.0,0.0,0.265,0.923,0.0,0.0,0.026,0.014,88.419,1.12,2019-06-07
10,hru10,0.0,0.0,0.265,0.923,0.0,0.0,0.026,0.014,88.307,1.12,2019-06-07
11,hru11,0.0,0.0,0.267,0.957,0.0,0.0,0.026,0.017,55.724,1.145,2019-06-07
12,hru12,0.0,0.0,0.266,0.852,0.0,0.0,0.026,0.016,175.124,1.135,2019-06-07
13,hru13,0.037,0.0,0.267,0.0,0.0,0.0,0.026,0.016,1441.25,1.149,2019-06-07
14,hru14,0.0,0.0,0.266,0.852,0.0,0.0,0.026,0.016,175.168,1.135,2019-06-07
15,hru15,0.027,0.0,0.269,0.0,0.0,0.0,0.026,0.015,1457.273,1.162,2019-06-07
16,hru16,0.0,0.0,0.266,0.62,0.0,0.0,0.026,0.014,419.437,1.124,2019-06-07
17,hru17,0.0,0.0,0.268,0.347,0.0,0.0,0.026,0.015,731.247,1.155,2019-06-07
18,hru18,0.0,0.0,0.268,0.71,0.0,0.0,0.026,0.014,337.124,1.155,2019-06-07
19,hru19,0.0,0.0,0.27,0.404,0.0,0.0,0.026,0.015,764.442,1.173,2019-06-07
20,hru20,0.0,0.0,0.268,0.0,0.0,0.0,0.026,0.014,1479.444,1.178,2019-06-07
21,hru21,0.0,0.0,0.269,0.51,0.0,0.0,0.026,0.015,619.909,1.162,2019-06-07
22,hru22,0.0,0.0,0.268,0.709,0.0,0.0,0.026,0.014,337.73,1.155,2019-06-07
23,hru23,0.0,0.0,0.268,0.573,0.0,0.0,0.026,0.014,501.195,1.155,2019-06-07
24,hru24,0.033,0.0,0.269,0.0,0.0,0.0,0.026,0.015,1461.737,1.169,2019-06-07
25,hru25,0.0,0.0,0.268,0.0,0.0,0.0,0.026,0.154,359.485,0.296,2019-06-07
26,hru26,0.0,0.0,0.267,0.0,0.0,0.0,0.026,0.013,1472.172,1.173,2019-06-07
27,hru27,0.045,0.0,0.265,0.0,0.0,0.0,0.026,0.016,1418.524,1.136,2019-06-07
28,hru28,0.0,0.0,0.267,0.0,0.0,0.0,0.0,0.0,0.0,0.0,2019-06-07
29,hru29,0.0,0.0,0.266,0.958,0.0,0.0,0.026,0.015,49.454,1.135,2019-06-07
30,hru30,0.0,0.0,0.265,0.962,0.0,0.0,0.026,0.017,44.455,1.117,2019-06-07
31,hru31,0.0,0.0,0.262,0.988,0.0,0.0,0.027,0.01,13.8,1.007,2019-06-07
32,hru32,0.0,0.0,0.267,0.876,0.0,0.0,0.026,0.016,161.525,1.149,2019-06-07
33,hru33,0.0,0.0,0.265,0.976,0.0,0.0,0.026,0.015,28.391,1.121,2019-06-07
34,hru34,0.0,0.0,0.265,0.976,0.0,0.0,0.026,0.015,28.58,1.121,2019-06-07
35,hru35,0.0,0.0,0.262,0.987,0.0,0.0,0.026,0.011,15.034,1.011,2019-06-07
36,hru36,0.0,0.0,0.265,0.976,0.0,0.0,0.026,0.015,28.329,1.121,2019-06-07
1,hru01,0.0,0.0,0.269,0.986,0.0,0.0,0.026,0.021,16.578,1.158,2019-06-08
2,hru02,0.258,0.0,0.271,0.306,0.0,0.0,0.026,0.023,853.516,1.271,2019-06-08
3,hru03,0.0,0.0,0.266,0.988,0.0,0.0,0.028,0.191,3.624,0.268,2019-06-08
4,hru04,0.0,0.0,0.268,0.987,0.0,0.0,0.028,0.184,4.74,0.284,2019-06-08
5,hru05,0.0,0.0,0.27,0.968,0.0,0.0,0.026,0.022,36.734,1.178,2019-06-08
6,hru06,0.0,0.0,0.27,0.968,0.0,0.0,0.026,0.022,36.703,1.178,2019-06-08
7,hru07,0.0,0.0,0.273,0.851,0.0,0.0,0.026,0.023,217.34,1.289,2019-06-08
8,hru08,0.0,0.0,0.266,0.979,0.0,0.0,0.026,0.029,23.682,1.126,2019-06-08
9,hru09,0.0,0.0,0.271,0.912,0.0,0.0,0.026,0.023,107.669,1.275,2019-06-08
10,hru10,0.0,0.0,0.271,0.912,0.0,0.0,0.026,0.023,107.531,1.275,2019-06-08
11,hru11,0.0,0.0,0.273,0.952,0.0,0.0,0.026,0.02,66.695,1.299,2019-06-08
12,hru12,0.0,0.0,0.272,0.837,0.0,0.0,0.026,0.022,212.395,1.288,2019-06-08
13,hru13,0.086,0.0,0.274,0.0,0.0,0.0,0.0,0.02,1685.835,1.303,2019-06-08
14,hru14,0.0,0.0,0.272,0.837,0.0,0.0,0.026,0.022,212.45,1.288,2019-06-08
15,hru15,0.066,0.0,0.275,0.0,0.0,0.0,0.0,0.018,1706.952,1.318,2019-06-08
16,hru16,0.0,0.0,0.273,0.58,0.0,0.0,0.026,0.024,514.757,1.278,2019-06-08
17,hru17,0.0,0.0,0.275,0.283,0.0,0.0,0.026,0.024,898.627,1.31,2019-06-08
18,hru18,0.0,0.0,0.275,0.678,0.0,0.0,0.026,0.02,411.245,1.311,2019-06-08
19,hru19,0.0,0.0,0.277,0.355,0.0,0.0,0.026,0.02,918.768,1.329,2019-06-08
20,hru20,0.039,0.0,0.274,0.0,0.0,0.0,0.0,0.019,1733.628,1.335,2019-06-08
21,hru21,0.0,0.0,0.275,0.468,0.0,0.0,0.026,0.018,745.783,1.318,2019-06-08
22,hru22,0.0,0.0,0.275,0.677,0.0,0.0,0.026,0.02,411.994,1.311,2019-06-08
23,hru23,0.0,0.0,0.275,0.524,0.0,0.0,0.026,0.02,610.275,1.311,2019-06-08
24,hru24,0.079,0.0,0.275,0.0,0.0,0.0,0.0,0.018,1711.028,1.325,2019-06-08
25,hru25,0.0,0.0,0.274,0.0,0.0,0.0,0.026,0.167,440.059,0.377,2019-06-08
26,hru26,0.057,0.0,0.274,0.0,0.0,0.0,0.0,0.018,1725.108,1.331,2019-06-08
27,hru27,0.102,0.0,0.272,0.0,0.0,0.0,0.026,0.022,1659.121,1.29,2019-06-08
28,hru28,0.0,0.0,0.273,0.0,0.0,0.0,0.0,0.0,0.0,0.0,2019-06-08
29,hru29,0.0,0.0,0.272,0.953,0.0,0.0,0.026,0.022,60.013,1.289,2019-06-08
30,hru30,0.0,0.0,0.272,0.957,0.0,0.0,0.026,0.023,54.014,1.27,2019-06-08
31,hru31,0.0,0.0,0.269,0.986,0.0,0.0,0.026,0.021,16.616,1.158,2019-06-08
32,hru32,0.0,0.0,0.274,0.866,0.0,0.0,0.026,0.02,193.056,1.303,2019-06-08
33,hru33,0.0,0.0,0.271,0.973,0.0,0.0,0.026,0.023,34.372,1.275,2019-06-08
34,hru34,0.0,0.0,0.271,0.973,0.0,0.0,0.026,0.023,34.602,1.275,2019-06-08
35,hru35,0.0,0.0,0.268,0.985,0.0,0.0,0.026,0.021,18.066,1.162,2019-06-08
36,hru36,0.0,0.0,0.271,0.973,0.0,0.0,0.026,0.023,34.295,1.275,2019-06-08
1,hru01,0.0,0.0,0.274,0.985,0.0,0.0,0.026,0.283,20.186,1.31,2019-06-09
2,hru02,0.582,0.0,0.276,0.237,0.0,0.0,0.026,0.228,1046.889,1.426,2019-06-09
3,hru03,0.0,0.0,0.271,0.986,0.0,0.0,0.028,0.579,4.739,0.338,2019-06-09
4,hru04,0.0,0.0,0.273,0.986,0.0,0.0,0.027,0.557,5.982,0.358,2019-06-09
5,hru05,0.0,0.0,0.275,0.965,0.0,0.0,0.026,0.258,45.237,1.331,2019-06-09
6,hru06,0.0,0.0,0.275,0.965,0.0,0.0,0.026,0.258,45.198,1.331,2019-06-09
7,hru07,0.0,0.0,0.278,0.841,0.0,0.0,0.026,0.213,259.223,1.445,2019-06-09
8,hru08,0.0,0.0,0.271,0.977,0.0,0.0,0.026,0.309,28.991,1.273,2019-06-09
9,hru09,0.0,0.0,0.276,0.902,0.0,0.0,0.026,0.264,132.195,1.43,2019-06-09
10,hru10,0.0,0.0,0.276,0.902,0.0,0.0,0.026,0.264,132.023,1.43,2019-06-09
11,hru11,0.0,0.0,0.278,0.947,0.0,0.0,0.026,0.205,80.304,1.456,2019-06-09
12,hru12,0.0,0.0,0.277,0.823,0.0,0.0,0.026,0.24,258.12,1.445,2019-06-09
13,hru13,0.177,0.0,0.279,0.0,0.0,0.0,0.0,0.213,1943.781,1.461,2019-06-09
14,hru14,0.0,0.0,0.277,0.823,0.0,0.0,0.026,0.24,258.188,1.445,2019-06-09
15,hru15,0.14,0.0,0.28,0.0,0.0,0.0,0.0,0.208,1973.288,1.477,2019-06-09
16,hru16,0.0,0.0,0.277,0.545,0.0,0.0,0.026,0.27,631.928,1.433,2019-06-09
17,hru17,0.0,0.0,0.28,0.225,0.0,0.0,0.026,0.255,1102.676,1.466,2019-06-09
18,hru18,0.0,0.0,0.28,0.649,0.0,0.0,0.026,0.219,502.625,1.469,2019-06-09
19,hru19,0.0,0.0,0.282,0.309,0.0,0.0,0.026,0.205,1104.07,1.488,2019-06-09
20,hru20,0.088,0.0,0.28,0.0,0.0,0.0,0.0,0.188,2011.795,1.494,2019-06-09
21,hru21,0.0,0.0,0.28,0.429,0.0,0.0,0.026,0.208,897.414,1.477,2019-06-09
22,hru22,0.0,0.0,0.28,0.648,0.0,0.0,0.026,0.219,503.552,1.469,2019-06-09
23,hru23,0.0,0.0,0.28,0.481,0.0,0.0,0.026,0.219,745.333,1.469,2019-06-09
24,hru24,0.163,0.0,0.28,0.0,0.0,0.0,0.0,0.205,1974.391,1.485,2019-06-09
25,hru25,0.0,0.0,0.28,0.0,0.0,0.0,0.026,0.436,537.233,0.472,2019-06-09
26,hru26,0.123,0.0,0.279,0.0,0.0,0.0,0.0,0.196,1996.578,1.491,2019-06-09
27,hru27,0.204,0.0,0.277,0.0,0.0,0.0,0.0,0.225,1910.748,1.446,2019-06-09
28,hru28,0.0,0.0,0.278,0.0,0.0,0.0,0.0,0.0,0.0,0.0,2019-06-09
29,hru29,0.0,0.0,0.277,0.948,0.0,0.0,0.026,0.24,73.314,1.446,2019-06-09
30,hru30,0.0,0.0,0.277,0.952,0.0,0.0,0.026,0.222,66.039,1.425,2019-06-09
31,hru31,0.0,0.0,0.274,0.985,0.0,0.0,0.026,0.283,20.233,1.31,2019-06-09
32,hru32,0.0,0.0,0.279,0.856,0.0,0.0,0.026,0.213,231.014,1.461,2019-06-09
33,hru33,0.0,0.0,0.276,0.97,0.0,0.0,0.026,0.249,41.878,1.431,2019-06-09
34,hru34,0.0,0.0,0.276,0.97,0.0,0.0,0.026,0.249,42.161,1.431,2019-06-09
35,hru35,0.0,0.0,0.273,0.984,0.0,0.0,0.026,0.267,21.941,1.314,2019-06-09
36,hru36,0.0,0.0,0.276,0.971,0.0,0.0,0.026,0.249,41.784,1.431,2019-06-09
1,hru01,0.0,0.0,0.279,0.983,0.0,0.0,0.026,0.15,23.216,1.402,2019-06-10
2,hru02,0.699,0.0,0.281,0.153,0.0,0.0,0.0,0.152,1137.2,1.529,2019-06-10
3,hru03,0.0,0.0,0.276,0.983,0.0,0.0,0.027,0.426,5.783,0.374,2019-06-10
4,hru04,0.0,0.0,0.278,0.984,0.0,0.0,0.027,0.406,7.119,0.398,2019-06-10
5,hru05,0.0,0.0,0.28,0.96,0.0,0.0,0.026,0.15,52.506,1.427,2019-06-10
6,hru06,0.0,0.0,0.28,0.96,0.0,0.0,0.026,0.15,52.46,1.427,2019-06-10
7,hru07,0.0,0.0,0.283,0.831,0.0,0.0,0.0,0.145,294.481,1.551,2019-06-10
8,hru08,0.0,0.0,0.276,0.975,0.0,0.0,0.026,0.18,33.462,1.359,2019-06-10
9,hru09,0.0,0.0,0.282,0.89,0.0,0.0,0.0,0.155,153.392,1.527,2019-06-10
10,hru10,0.0,0.0,0.282,0.89,0.0,0.0,0.0,0.155,153.192,1.527,2019-06-10
11,hru11,0.0,0.0,0.283,0.942,0.0,0.0,0.0,0.145,92.117,1.564,2019-06-10
12,hru12,0.0,0.0,0.283,0.808,0.0,0.0,0.0,0.152,297.356,1.546,2019-06-10
13,hru13,0.249,0.0,0.284,0.0,0.0,0.0,0.0,0.145,2121.184,1.568,2019-06-10
14,hru14,0.0,0.0,0.283,0.808,0.0,0.0,0.0,0.152,297.435,1.546,2019-06-10
15,hru15,0.201,0.0,0.286,0.0,0.0,0.0,0.0,0.138,2154.988,1.585,2019-06-10
16,hru16,0.0,0.0,0.283,0.512,0.0,0.0,0.0,0.157,731.583,1.529,2019-06-10
17,hru17,0.0,0.0,0.285,0.175,0.0,0.0,0.0,0.157,1270.654,1.565,2019-06-10
18,hru18,0.0,0.0,0.285,0.62,0.0,0.0,0.0,0.145,582.37,1.574,2019-06-10
19,hru19,0.0,0.0,0.287,0.268,0.0,0.0,0.0,0.14,1264.68,1.596,2019-06-10
20,hru20,0.134,0.0,0.285,0.0,0.0,0.0,0.0,0.16,2205.863,1.606,2019-06-10
21,hru21,0.0,0.0,0.286,0.394,0.0,0.0,0.0,0.138,1028.383,1.585,2019-06-10
22,hru22,0.0,0.0,0.285,0.619,0.0,0.0,0.0,0.145,583.454,1.574,2019-06-10
23,hru23,0.0,0.0,0.285,0.434,0.0,0.464,0.0,0.145,863.354,1.574,2019-06-10
24,hru24,0.233,0.0,0.286,0.0,0.0,0.0,0.0,0.138,2158.235,1.593,2019-06-10
25,hru25,0.0,0.0,0.285,0.0,0.0,0.0,0.0,0.399,597.177,0.538,2019-06-10
26,hru26,0.181,0.0,0.284,0.0,0.0,0.0,0.0,0.152,2186.558,1.6,2019-06-10
27,hru27,0.283,0.0,0.282,0.0,0.0,0.0,0.0,0.15,2083.342,1.55,2019-06-10
28,hru28,0.0,0.0,0.283,0.0,0.0,0.0,0.0,0.0,0.0,0.0,2019-06-10
29,hru29,0.0,0.0,0.283,0.941,0.0,0.0,0.0,0.15,84.79,1.547,2019-06-10
30,hru30,0.0,0.0,0.282,0.946,0.0,0.0,0.0,0.15,76.476,1.529,2019-06-10
31,hru31,0.0,0.0,0.279,0.983,0.0,0.0,0.026,0.15,23.271,1.402,2019-06-10
32,hru32,0.0,0.0,0.284,0.847,0.0,0.0,0.0,0.145,263.535,1.568,2019-06-10
33,hru33,0.0,0.0,0.282,0.967,0.0,0.0,0.0,0.15,48.259,1.53,2019-06-10
34,hru34,0.0,0.0,0.282,0.967,0.0,0.0,0.0,0.15,48.587,1.53,2019-06-10
35,hru35,0.0,0.0,0.279,0.982,0.0,0.0,0.026,0.147,25.204,1.408,2019-06-10
36,hru36,0.0,0.0,0.282,0.967,0.0,0.0,0.0,0.15,48.15,1.53,2019-06-10
1,hru01,0.0,0.0,0.284,0.983,0.0,0.0,0.026,0.219,28.148,1.52,2019-06-11
2,hru02,0.812,0.0,0.286,0.139,0.0,0.0,0.0,0.21,1230.231,1.649,2019-06-11
3,hru03,0.0,0.0,0.281,0.984,0.0,0.0,0.027,0.502,7.67,0.431,2019-06-11
4,hru04,0.0,0.0,0.283,0.984,0.0,0.0,0.027,0.481,9.062,0.46,2019-06-11
5,hru05,0.0,0.0,0.285,0.96,0.0,0.0,0.026,0.213,64.251,1.546,2019-06-11
6,hru06,0.0,0.0,0.285,0.96,0.0,0.0,0.026,0.213,64.195,1.546,2019-06-11
7,hru07,0.0,0.0,0.288,0.833,0.0,0.0,0.0,0.202,346.901,1.673,2019-06-11
8,hru08,0.0,0.0,0.281,0.975,0.0,0.0,0.026,0.243,40.819,1.471,2019-06-11
9,hru09,0.0,0.0,0.287,0.888,0.0,0.0,0.026,0.21,187.351,1.646,2019-06-11
10,hru10,0.0,0.0,0.287,0.888,0.0,0.0,0.026,0.21,187.103,1.646,2019-06-11
11,hru11,0.0,0.0,0.289,0.94,0.0,0.0,0.0,0.199,110.324,1.686,2019-06-11
12,hru12,0.0,0.0,0.288,0.812,0.0,0.0,0.0,0.205,356.624,1.666,2019-06-11
13,hru13,0.376,0.0,0.289,0.0,0.0,0.0,0.0,0.202,2354.721,1.689,2019-06-11
14,hru14,0.0,0.0,0.288,0.812,0.0,0.0,0.0,0.205,356.719,1.666,2019-06-11
15,hru15,0.317,0.0,0.291,0.0,0.0,0.0,0.0,0.191,2405.32,1.708,2019-06-11
16,hru16,0.0,0.0,0.288,0.524,0.0,0.0,0.0,0.208,882.395,1.648,2019-06-11
17,hru17,0.0,0.0,0.29,0.187,0.0,0.0,0.0,0.202,1530.212,1.684,2019-06-11
18,hru18,0.0,0.0,0.29,0.621,0.0,0.0,0.0,0.194,701.453,1.696,2019-06-11
19,hru19,0.0,0.0,0.293,0.264,0.0,0.0,0.0,0.194,1495.858,1.719,2019-06-11
20,hru20,0.226,0.0,0.29,0.0,0.0,0.0,0.0,0.205,2476.707,1.724,2019-06-11
21,hru21,0.0,0.0,0.291,0.393,0.0,0.0,0.0,0.191,1218.25,1.708,2019-06-11
22,hru22,0.0,0.0,0.29,0.62,0.0,0.0,0.0,0.194,702.773,1.696,2019-06-11
23,hru23,0.0,0.0,0.29,0.448,0.0,0.0,0.0,0.194,1031.137,1.663,2019-06-11
24,hru24,0.356,0.0,0.291,0.0,0.0,0.0,0.0,0.194,2399.367,1.716,2019-06-11
25,hru25,0.0,0.0,0.29,0.0,0.0,0.0,0.0,0.457,687.052,0.616,2019-06-11
26,hru26,0.293,0.0,0.289,0.0,0.0,0.0,0.0,0.199,2448.357,1.721,2019-06-11
27,hru27,0.415,0.0,0.287,0.0,0.0,0.0,0.0,0.205,2305.275,1.671,2019-06-11
28,hru28,0.0,0.0,0.289,0.0,0.0,0.0,0.0,0.0,0.0,0.0,2019-06-11
29,hru29,0.0,0.0,0.288,0.941,0.0,0.0,0.026,0.208,102.936,1.667,2019-06-11
30,hru30,0.0,0.0,0.287,0.945,0.0,0.0,0.026,0.208,92.934,1.649,2019-06-11
31,hru31,0.0,0.0,0.284,0.983,0.0,0.0,0.026,0.219,28.215,1.52,2019-06-11
32,hru32,0.0,0.0,0.289,0.848,0.0,0.0,0.0,0.202,311.173,1.689,2019-06-11
33,hru33,0.0,0.0,0.287,0.967,0.0,0.0,0.026,0.208,58.418,1.65,2019-06-11
34,hru34,0.0,0.0,0.287,0.966,0.0,0.0,0.026,0.208,58.818,1.65,2019-06-11
35,hru35,0.0,0.0,0.284,0.982,0.0,0.0,0.026,0.219,30.504,1.527,2019-06-11
36,hru36,0.0,0.0,0.287,0.967,0.0,0.0,0.026,0.208,58.285,1.65,2019-06-11
1,hru01,0.0,0.0,0.288,0.982,0.0,0.0,0.0,0.458,31.909,1.626,2019-06-12
2,hru02,0.818,0.0,0.29,0.067,0.0,0.0,0.0,0.424,1273.96,1.757,2019-06-12
3,hru03,0.0,0.0,0.284,0.982,0.0,0.0,0.027,0.783,9.138,0.484,2019-06-12
4,hru04,0.0,0.0,0.287,0.982,0.0,0.0,0.026,0.759,10.609,0.519,2019-06-12
5,hru05,0.0,0.0,0.29,0.956,0.0,0.0,0.0,0.443,73.178,1.653,2019-06-12
6,hru06,0.0,0.0,0.29,0.956,0.0,0.0,0.0,0.443,73.114,1.653,2019-06-12
7,hru07,0.0,0.0,0.292,0.821,0.0,0.0,0.0,0.416,386.169,1.783,2019-06-12
8,hru08,0.0,0.0,0.284,0.972,0.0,0.0,0.0,0.501,46.325,1.571,2019-06-12
9,hru09,0.0,0.0,0.291,0.877,0.0,0.0,0.0,0.446,213.367,1.754,2019-06-12
10,hru10,0.0,0.0,0.291,0.877,0.0,0.0,0.0,0.446,213.082,1.754,2019-06-12
11,hru11,0.0,0.0,0.293,0.935,0.0,0.0,0.0,0.412,124.461,1.796,2019-06-12
12,hru12,0.0,0.0,0.292,0.796,0.0,0.0,0.0,0.431,400.664,1.775,2019-06-12
13,hru13,0.457,0.0,0.293,0.0,0.0,0.0,0.0,0.42,2502.208,1.799,2019-06-12
14,hru14,0.0,0.0,0.292,0.795,0.0,0.0,0.0,0.431,400.772,1.775,2019-06-12
15,hru15,0.399,0.0,0.295,0.0,0.0,0.0,0.0,0.412,2569.116,1.82,2019-06-12
16,hru16,0.041,0.0,0.292,0.483,0.0,0.0,0.0,0.446,994.441,1.756,2019-06-12
17,hru17,0.0,0.0,0.294,0.122,0.0,0.0,0.0,0.435,1721.58,1.794,2019-06-12
18,hru18,0.029,0.0,0.294,0.587,0.0,0.0,0.0,0.416,791.82,1.807,2019-06-12
19,hru19,0.0,0.0,0.297,0.211,0.0,0.0,0.0,0.416,1674.589,1.831,2019-06-12
20,hru20,0.304,0.0,0.294,0.0,0.0,0.0,0.0,0.412,2667.97,1.834,2019-06-12
21,hru21,0.0,0.0,0.295,0.348,0.0,0.0,0.0,0.412,1363.743,1.82,2019-06-12
22,hru22,0.029,0.0,0.294,0.586,0.0,0.0,0.0,0.416,793.32,1.807,2019-06-12
23,hru23,0.0,0.0,0.294,0.398,0.0,0.0,0.0,0.416,1161.146,1.775,2019-06-12
24,hru24,0.438,0.0,0.295,0.0,0.0,0.0,0.0,0.412,2554.63,1.828,2019-06-12
25,hru25,0.0,0.0,0.294,0.0,0.0,0.0,0.0,0.691,753.679,0.691,2019-06-12
26,hru26,0.375,0.0,0.294,0.0,0.0,0.0,0.0,0.416,2621.472,1.831,2019-06-12
27,hru27,0.494,0.0,0.291,0.0,0.0,0.0,0.0,0.427,2442.244,1.78,2019-06-12
28,hru28,0.0,0.0,0.293,0.0,0.0,0.0,0.0,0.0,0.0,0.0,2019-06-12
29,hru29,0.0,0.0,0.292,0.935,0.0,0.0,0.0,0.431,116.872,1.776,2019-06-12
30,hru30,0.0,0.0,0.291,0.94,0.0,0.0,0.0,0.427,105.612,1.758,2019-06-12
31,hru31,0.0,0.0,0.288,0.981,0.0,0.0,0.0,0.458,31.984,1.626,2019-06-12
32,hru32,0.0,0.0,0.293,0.837,0.0,0.0,0.0,0.42,347.026,1.799,2019-06-12
33,hru33,0.0,0.0,0.291,0.964,0.0,0.0,0.0,0.431,66.201,1.759,2019-06-12
34,hru34,0.0,0.0,0.291,0.963,0.0,0.0,0.0,0.431,66.658,1.759,2019-06-12
35,hru35,0.0,0.0,0.288,0.98,0.0,0.0,0.0,0.446,34.533,1.633,2019-06-12
36,hru36,0.0,0.0,0.291,0.964,0.0,0.0,0.0,0.431,66.05,1.759,2019-06-12
1,hru01,0.0,0.0,0.293,0.98,0.0,0.0,0.0,0.252,37.481,1.694,2019-06-13
2,hru02,0.839,0.0,0.295,0.0,0.0,0.0,0.0,0.249,1331.245,1.83,2019-06-13
3,hru03,0.0,0.0,0.289,0.979,0.0,0.0,0.027,0.576,11.448,0.508,2019-06-13
4,hru04,0.0,0.0,0.292,0.98,0.0,0.0,0.026,0.542,12.986,0.547,2019-06-13
5,hru05,0.0,0.0,0.294,0.952,0.0,0.0,0.0,0.258,86.384,1.723,2019-06-13
6,hru06,0.0,0.0,0.294,0.952,0.0,0.0,0.0,0.258,86.307,1.723,2019-06-13
7,hru07,0.0,0.0,0.297,0.81,0.0,0.0,0.0,0.243,442.36,1.857,2019-06-13
8,hru08,0.0,0.0,0.289,0.97,0.0,0.0,0.0,0.306,54.379,1.633,2019-06-13
9,hru09,0.0,0.0,0.295,0.863,0.0,0.0,0.0,0.255,251.594,1.824,2019-06-13
10,hru10,0.0,0.0,0.295,0.863,0.0,0.0,0.0,0.255,251.255,1.824,2019-06-13
11,hru11,0.0,0.0,0.298,0.929,0.0,0.0,0.0,0.24,144.905,1.871,2019-06-13
12,hru12,0.0,0.0,0.297,0.78,0.0,0.0,0.0,0.246,464.089,1.847,2019-06-13
13,hru13,0.548,0.0,0.298,0.0,0.0,0.0,0.0,0.24,2672.178,1.873,2019-06-13
14,hru14,0.0,0.0,0.297,0.78,0.0,0.0,0.0,0.246,464.215,1.847,2019-06-13
15,hru15,0.49,0.0,0.3,0.0,0.0,0.0,0.0,0.231,2753.406,1.895,2019-06-13
16,hru16,0.086,0.0,0.297,0.446,0.0,0.0,0.0,0.255,1153.084,1.826,2019-06-13
17,hru17,0.0,0.0,0.299,0.067,0.0,0.257,0.0,0.252,1896.459,1.865,2019-06-13
18,hru18,0.062,0.0,0.299,0.556,0.0,0.0,0.0,0.24,920.869,1.881,2019-06-13
19,hru19,0.0,0.0,0.302,0.164,0.0,0.0,0.0,0.234,1857.495,1.904,2019-06-13
20,hru20,0.377,0.0,0.299,0.0,0.0,0.068,0.0,0.255,2851.79,1.908,2019-06-13
21,hru21,0.0,0.0,0.3,0.307,0.0,0.0,0.0,0.231,1548.033,1.895,2019-06-13
22,hru22,0.063,0.0,0.299,0.555,0.0,0.0,0.0,0.24,922.628,1.881,2019-06-13
23,hru23,0.0,0.0,0.299,0.351,0.0,0.473,0.0,0.24,1341.627,1.849,2019-06-13
24,hru24,0.529,0.0,0.3,0.0,0.0,0.05,0.0,0.234,2731.354,1.902,2019-06-13
25,hru25,0.0,0.0,0.299,0.0,0.0,0.0,0.0,0.517,803.967,0.734,2019-06-13
26,hru26,0.461,0.0,0.298,0.0,0.0,0.097,0.0,0.246,2804.411,1.905,2019-06-13
27,hru27,0.582,0.0,0.296,0.0,0.0,0.0,0.0,0.249,2599.651,1.852,2019-06-13
28,hru28,0.0,0.0,0.298,0.0,0.0,0.0,0.0,0.0,0.0,0.0,2019-06-13
29,hru29,0.0,0.0,0.297,0.928,0.0,0.0,0.0,0.249,137.274,1.848,2019-06-13
30,hru30,0.0,0.0,0.296,0.934,0.0,0.0,0.0,0.249,124.214,1.831,2019-06-13
31,hru31,0.0,0.0,0.293,0.98,0.0,0.0,0.0,0.252,37.57,1.694,2019-06-13
32,hru32,0.0,0.0,0.298,0.827,0.0,0.0,0.0,0.24,398.022,1.873,2019-06-13
33,hru33,0.0,0.0,0.296,0.96,0.0,0.0,0.0,0.255,77.667,1.831,2019-06-13
34,hru34,0.0,0.0,0.296,0.96,0.0,0.0,0.0,0.255,78.207,1.831,2019-06-13
35,hru35,0.0,0.0,0.293,0.978,0.0,0.0,0.0,0.252,40.518,1.703,2019-06-13
36,hru36,0.0,0.0,0.296,0.96,0.0,0.0,0.0,0.255,77.488,1.831,2019-06-13
1,hru01,0.0,0.0,0.298,0.978,0.0,0.0,0.0,0.143,44.43,1.795,2019-06-14
2,hru02,0.842,0.0,0.301,0.0,0.0,0.0,0.0,0.138,1388.541,1.931,2019-06-14
3,hru03,0.0,0.0,0.295,0.977,0.0,0.0,0.026,0.363,14.519,0.558,2019-06-14
4,hru04,0.0,0.0,0.297,0.979,0.0,0.0,0.026,0.37,16.043,0.604,2019-06-14
5,hru05,0.0,0.0,0.3,0.947,0.0,0.0,0.0,0.136,103.007,1.823,2019-06-14
6,hru06,0.0,0.0,0.3,0.947,0.0,0.0,0.0,0.136,102.914,1.823,2019-06-14
7,hru07,0.0,0.0,0.303,0.802,0.0,0.0,0.0,0.138,510.514,1.958,2019-06-14
8,hru08,0.0,0.0,0.295,0.967,0.0,0.0,0.0,0.133,64.474,1.724,2019-06-14
9,hru09,0.0,0.0,0.301,0.854,0.0,0.0,0.0,0.138,300.251,1.924,2019-06-14
10,hru10,0.0,0.0,0.301,0.854,0.0,0.0,0.0,0.138,299.841,1.924,2019-06-14
11,hru11,0.0,0.0,0.303,0.924,0.0,0.0,0.0,0.136,170.516,1.973,2019-06-14
12,hru12,0.0,0.0,0.302,0.774,0.0,0.0,0.0,0.136,542.426,1.948,2019-06-14
13,hru13,0.619,0.0,0.304,0.0,0.0,0.0,0.0,0.133,2834.833,1.975,2019-06-14
14,hru14,0.0,0.0,0.302,0.774,0.0,0.0,0.0,0.136,542.574,1.948,2019-06-14
15,hru15,0.571,0.0,0.305,0.0,0.0,0.228,0.0,0.131,2938.671,1.998,2019-06-14
16,hru16,0.176,0.0,0.302,0.437,0.0,0.0,0.0,0.133,1349.817,1.926,2019-06-14
17,hru17,0.032,0.0,0.304,0.059,0.0,0.0,0.0,0.131,2164.368,1.951,2019-06-14
18,hru18,0.13,0.0,0.305,0.539,0.0,0.052,0.0,0.126,1081.349,1.983,2019-06-14
19,hru19,0.0,0.0,0.307,0.12,0.0,0.0,0.0,0.129,2137.472,2.007,2019-06-14
20,hru20,0.473,0.0,0.305,0.0,0.0,0.373,0.0,0.12,3080.647,2.004,2019-06-14
21,hru21,0.0,0.0,0.305,0.276,0.0,0.0,0.0,0.131,1799.654,1.998,2019-06-14
22,hru22,0.132,0.0,0.305,0.538,0.0,0.052,0.0,0.126,1083.432,1.983,2019-06-14
23,hru23,0.0,0.0,0.305,0.342,0.0,0.01,0.0,0.126,1530.164,1.923,2019-06-14
24,hru24,0.602,0.0,0.305,0.0,0.0,0.303,0.0,0.126,2903.062,2.002,2019-06-14
25,hru25,0.0,0.0,0.305,0.0,0.0,0.0,0.0,0.344,898.355,0.808,2019-06-14
26,hru26,0.546,0.0,0.304,0.0,0.0,0.373,0.0,0.124,3002.092,2.001,2019-06-14
27,hru27,0.646,0.0,0.302,0.0,0.0,0.0,0.0,0.136,2749.169,1.953,2019-06-14
28,hru28,0.0,0.0,0.303,0.98,0.0,0.0,0.0,0.366,0.0,0.0,2019-06-14
29,hru29,0.0,0.0,0.302,0.922,0.0,0.0,0.0,0.133,163.009,1.949,2019-06-14
30,hru30,0.0,0.0,0.302,0.929,0.0,0.0,0.0,0.136,147.667,1.931,2019-06-14
31,hru31,0.0,0.0,0.298,0.978,0.0,0.0,0.0,0.143,44.537,1.795,2019-06-14
32,hru32,0.0,0.0,0.304,0.82,0.0,0.0,0.0,0.133,460.471,1.975,2019-06-14
33,hru33,0.0,0.0,0.301,0.956,0.0,0.0,0.0,0.136,91.991,1.931,2019-06-14
34,hru34,0.0,0.0,0.301,0.956,0.0,0.0,0.0,0.136,92.636,1.931,2019-06-14
35,hru35,0.0,0.0,0.298,0.976,0.0,0.0,0.0,0.143,47.98,1.804,2019-06-14
36,hru36,0.0,0.0,0.301,0.956,0.0,0.0,0.0,0.136,91.777,1.931,2019-06-14
1,hru01,0.0,0.0,0.304,0.987,0.0,0.0,0.0,0.045,50.045,1.917,2019-06-15
2,hru02,0.784,0.0,0.307,0.377,0.0,0.0,0.0,0.055,1429.582,2.052,2019-06-15
3,hru03,0.0,0.0,0.301,0.989,0.0,0.0,0.026,0.229,17.101,0.644,2019-06-15
4,hru04,0.0,0.0,0.303,0.987,0.0,0.0,0.026,0.229,18.549,0.693,2019-06-15
5,hru05,0.0,0.0,0.306,0.971,0.0,0.0,0.0,0.048,116.255,1.946,2019-06-15
6,hru06,0.0,0.0,0.306,0.971,0.0,0.0,0.0,0.048,116.149,1.946,2019-06-15
7,hru07,0.0,0.0,0.309,0.891,0.0,0.0,0.0,0.058,561.34,2.08,2019-06-15
8,hru08,0.0,0.0,0.301,0.98,0.0,0.0,0.0,0.048,72.52,1.849,2019-06-15
9,hru09,0.0,0.0,0.307,0.931,0.0,0.0,0.0,0.046,337.944,2.045,2019-06-15
10,hru10,0.0,0.0,0.307,0.931,0.0,0.0,0.0,0.046,337.489,2.045,2019-06-15
11,hru11,0.0,0.0,0.309,0.957,0.0,0.0,0.0,0.059,190.079,2.095,2019-06-15
12,hru12,0.0,0.0,0.308,0.903,0.0,0.0,0.0,0.049,600.233,2.07,2019-06-15
13,hru13,0.61,0.0,0.31,0.0,0.0,0.0,0.0,0.059,2932.149,2.097,2019-06-15
14,hru14,0.0,0.0,0.308,0.903,0.0,0.0,0.0,0.049,600.399,2.07,2019-06-15
15,hru15,0.568,0.0,0.311,0.0,0.0,0.0,0.0,0.055,3047.883,2.105,2019-06-15
16,hru16,0.238,0.0,0.308,0.767,0.0,0.0,0.0,0.042,1493.509,2.049,2019-06-15
17,hru17,0.048,0.0,0.311,0.551,0.0,0.0,0.0,0.042,2384.978,2.074,2019-06-15
18,hru18,0.177,0.0,0.311,0.803,0.0,0.0,0.0,0.049,1198.927,2.104,2019-06-15
19,hru19,0.0,0.0,0.313,0.486,0.0,0.0,0.0,0.052,2357.965,2.13,2019-06-15
20,hru20,0.483,0.0,0.311,0.0,0.0,0.0,0.0,0.058,3210.171,2.103,2019-06-15
21,hru21,0.0,0.0,0.311,0.637,0.0,0.0,0.0,0.055,1983.996,2.12,2019-06-15
22,hru22,0.181,0.0,0.311,0.802,0.0,0.0,0.0,0.049,1201.249,2.104,2019-06-15
23,hru23,0.0,0.0,0.311,0.697,0.0,0.0,0.0,0.049,1695.168,2.046,2019-06-15
24,hru24,0.593,0.0,0.312,0.0,0.0,0.0,0.0,0.058,3003.802,2.105,2019-06-15
25,hru25,0.0,0.0,0.311,0.0,0.0,0.0,0.0,0.248,987.422,0.918,2019-06-15
26,hru26,0.544,0.0,0.31,0.0,0.0,0.0,0.0,0.058,3114.655,2.099,2019-06-15
27,hru27,0.631,0.0,0.308,0.0,0.0,0.0,0.0,0.055,2839.644,2.075,2019-06-15
28,hru28,0.0,0.0,0.309,0.988,0.0,0.0,0.11,0.25,0.211,0.002,2019-06-15
29,hru29,0.0,0.0,0.308,0.961,0.0,0.0,0.0,0.05,183.087,2.071,2019-06-15
30,hru30,0.0,0.0,0.308,0.964,0.0,0.0,0.0,0.055,165.815,2.054,2019-06-15
31,hru31,0.0,0.0,0.304,0.987,0.0,0.0,0.0,0.045,50.167,1.917,2019-06-15
32,hru32,0.0,0.0,0.31,0.91,0.0,0.0,0.0,0.059,506.555,2.097,2019-06-15
33,hru33,0.0,0.0,0.307,0.976,0.0,0.0,0.0,0.049,103.367,2.053,2019-06-15
34,hru34,0.0,0.0,0.307,0.975,0.0,0.0,0.0,0.049,104.095,2.053,2019-06-15
35,hru35,0.0,0.0,0.304,0.985,0.0,0.0,0.0,0.046,53.982,1.926,2019-06-15
36,hru36,0.0,0.0,0.307,0.976,0.0,0.0,0.0,0.049,103.125,2.053,2019-06-15
1,hru01,0.0,0.0,0.31,0.986,0.0,0.0,0.0,0.124,53.539,2.066,2019-06-16
2,hru02,0.77,0.0,0.312,0.331,0.0,0.0,0.0,0.152,1488.744,2.195,2019-06-16
3,hru03,0.0,0.0,0.306,0.987,0.0,0.0,0.0,0.341,18.55,0.764,2019-06-16
4,hru04,0.0,0.0,0.309,0.986,0.0,0.0,0.0,0.344,20.282,0.819,2019-06-16
5,hru05,0.0,0.0,0.311,0.969,0.0,0.0,0.0,0.131,124.017,2.094,2019-06-16
6,hru06,0.0,0.0,0.311,0.969,0.0,0.0,0.0,0.131,123.904,2.094,2019-06-16
7,hru07,0.0,0.0,0.314,0.884,0.0,0.0,0.0,0.157,591.492,2.22,2019-06-16
8,hru08,0.0,0.0,0.306,0.979,0.0,0.0,0.0,0.118,77.65,1.998,2019-06-16
9,hru09,0.0,0.0,0.313,0.925,0.0,0.0,0.0,0.131,356.946,2.191,2019-06-16
10,hru10,0.0,0.0,0.313,0.925,0.0,0.0,0.0,0.131,356.47,2.191,2019-06-16
11,hru11,0.0,0.0,0.315,0.954,0.0,0.0,0.0,0.155,202.058,2.234,2019-06-16
12,hru12,0.0,0.0,0.314,0.895,0.0,0.0,0.0,0.138,627.077,2.214,2019-06-16
13,hru13,0.615,0.0,0.315,0.0,0.0,0.0,0.0,0.155,3040.786,2.236,2019-06-16
14,hru14,0.0,0.0,0.314,0.895,0.0,0.0,0.0,0.138,627.25,2.214,2019-06-16
15,hru15,0.58,0.0,0.317,0.0,0.0,0.0,0.0,0.15,3169.201,2.246,2019-06-16
16,hru16,0.236,0.0,0.314,0.746,0.0,0.0,0.0,0.122,1558.318,2.196,2019-06-16
17,hru17,0.054,0.0,0.316,0.51,0.0,0.0,0.0,0.126,2511.821,2.22,2019-06-16
18,hru18,0.176,0.0,0.316,0.786,0.0,0.0,0.0,0.138,1254.371,2.246,2019-06-16
19,hru19,0.0,0.0,0.319,0.448,0.0,0.0,0.0,0.145,2504.4,2.271,2019-06-16
20,hru20,0.508,0.0,0.316,0.0,0.0,0.0,0.0,0.152,3356.606,2.241,2019-06-16
21,hru21,0.0,0.0,0.317,0.61,0.0,0.0,0.0,0.15,2086.4,2.26,2019-06-16
22,hru22,0.18,0.0,0.316,0.785,0.0,0.0,0.0,0.138,1256.804,2.246,2019-06-16
23,hru23,0.0,0.0,0.316,0.672,0.0,0.0,0.0,0.138,1779.052,2.189,2019-06-16
24,hru24,0.601,0.0,0.317,0.0,0.0,0.0,0.0,0.152,3117.965,2.244,2019-06-16
25,hru25,0.0,0.0,0.316,0.0,0.0,0.0,0.0,0.389,1112.763,1.058,2019-06-16
26,hru26,0.559,0.0,0.315,0.0,0.0,0.0,0.0,0.152,3243.076,2.237,2019-06-16
27,hru27,0.633,0.0,0.313,0.0,0.0,0.0,0.0,0.15,2941.669,2.217,2019-06-16
28,hru28,0.0,0.0,0.315,0.988,0.0,0.0,0.056,0.392,0.345,0.004,2019-06-16
29,hru29,0.0,0.0,0.314,0.958,0.0,0.0,0.0,0.14,193.818,2.214,2019-06-16
30,hru30,0.0,0.0,0.313,0.961,0.0,0.0,0.0,0.155,175.688,2.196,2019-06-16
31,hru31,0.0,0.0,0.31,0.986,0.0,0.0,0.0,0.124,53.669,2.066,2019-06-16
32,hru32,0.0,0.0,0.315,0.903,0.0,0.0,0.0,0.155,531.681,2.236,2019-06-16
33,hru33,0.0,0.0,0.313,0.974,0.0,0.0,0.0,0.14,110.08,2.197,2019-06-16
34,hru34,0.0,0.0,0.313,0.974,0.0,0.0,0.0,0.14,110.857,2.197,2019-06-16
35,hru35,0.0,0.0,0.31,0.984,0.0,0.0,0.0,0.126,57.919,2.074,2019-06-16
36,hru36,0.0,0.0,0.313,0.974,0.0,0.0,0.0,0.14,109.823,2.197,2019-06-16
1,hru01,0.0,0.0,0.315,0.988,0.0,0.0,0.0,0.118,58.675,2.188,2019-06-17
2,hru02,0.79,0.0,0.318,0.43,0.0,0.0,0.0,0.124,1573.426,2.308,2019-06-17
3,hru03,0.0,0.0,0.312,0.991,0.0,0.0,0.0,0.351,20.956,0.872,2019-06-17
4,hru04,0.0,0.0,0.315,0.989,0.0,0.0,0.0,0.344,23.054,0.93,2019-06-17
5,hru05,0.0,0.0,0.317,0.974,0.0,0.0,0.0,0.12,135.366,2.214,2019-06-17
6,hru06,0.0,0.0,0.317,0.974,0.0,0.0,0.0,0.12,135.243,2.214,2019-06-17
7,hru07,0.0,0.0,0.32,0.897,0.0,0.0,0.0,0.124,634.418,2.331,2019-06-17
8,hru08,0.0,0.0,0.312,0.983,0.0,0.0,0.0,0.124,85.215,2.123,2019-06-17
9,hru09,0.0,0.0,0.318,0.943,0.0,0.0,0.0,0.118,384.626,2.309,2019-06-17
10,hru10,0.0,0.0,0.318,0.943,0.0,0.0,0.0,0.118,384.121,2.309,2019-06-17
11,hru11,0.0,0.0,0.32,0.959,0.0,0.0,0.0,0.126,219.073,2.345,2019-06-17
12,hru12,0.0,0.0,0.319,0.912,0.0,0.0,0.0,0.115,665.922,2.329,2019-06-17
13,hru13,0.0,0.0,0.321,0.0,0.0,0.0,0.0,0.124,3182.983,2.347,2019-06-17
14,hru14,0.0,0.0,0.319,0.912,0.0,0.0,0.0,0.115,666.106,2.329,2019-06-17
15,hru15,0.0,0.0,0.322,0.0,0.0,0.0,0.0,0.12,3324.751,2.357,2019-06-17
16,hru16,0.252,0.0,0.32,0.8,0.0,0.0,0.0,0.113,1652.314,2.315,2019-06-17
17,hru17,0.066,0.0,0.322,0.589,0.0,0.0,0.0,0.111,2693.194,2.337,2019-06-17
18,hru18,0.19,0.0,0.322,0.804,0.0,0.0,0.0,0.115,1333.727,2.361,2019-06-17
19,hru19,0.0,0.0,0.324,0.469,0.0,0.0,0.0,0.113,2709.482,2.383,2019-06-17
20,hru20,0.0,0.0,0.322,0.0,0.0,0.0,0.0,0.113,3538.934,2.352,2019-06-17
21,hru21,0.0,0.0,0.322,0.631,0.0,0.0,0.0,0.12,2231.124,2.372,2019-06-17
22,hru22,0.193,0.0,0.322,0.803,0.0,0.0,0.0,0.115,1336.319,2.361,2019-06-17
23,hru23,0.0,0.0,0.322,0.699,0.0,0.0,0.0,0.115,1898.832,2.303,2019-06-17
24,hru24,0.0,0.0,0.322,0.0,0.0,0.0,0.0,0.122,3265.659,2.355,2019-06-17
25,hru25,0.0,0.0,0.322,0.0,0.0,0.0,0.0,0.335,1254.375,1.172,2019-06-17
26,hru26,0.0,0.0,0.321,0.0,0.0,0.0,0.0,0.118,3406.203,2.348,2019-06-17
27,hru27,0.0,0.0,0.319,0.0,0.0,0.0,0.0,0.122,3076.897,2.329,2019-06-17
28,hru28,0.0,0.0,0.32,0.989,0.0,0.0,0.045,0.354,0.539,0.007,2019-06-17
29,hru29,0.0,0.0,0.319,0.966,0.0,0.0,0.0,0.115,209.297,2.329,2019-06-17
30,hru30,0.0,0.0,0.319,0.967,0.0,0.0,0.0,0.124,189.891,2.308,2019-06-17
31,hru31,0.0,0.0,0.315,0.988,0.0,0.0,0.0,0.118,58.818,2.188,2019-06-17
32,hru32,0.0,0.0,0.321,0.912,0.0,0.0,0.0,0.124,567.362,2.347,2019-06-17
33,hru33,0.0,0.0,0.318,0.978,0.0,0.0,0.0,0.124,119.799,2.313,2019-06-17
34,hru34,0.0,0.0,0.318,0.978,0.0,0.0,0.0,0.124,120.645,2.313,2019-06-17
35,hru35,0.0,0.0,0.315,0.987,0.0,0.0,0.0,0.12,63.696,2.196,2019-06-17
36,hru36,0.0,0.0,0.318,0.978,0.0,0.0,0.0,0.124,119.518,2.313,2019-06-17
1,hru01,0.0,0.0,0.321,0.988,0.0,0.0,0.0,0.194,62.265,2.309,2019-06-18
2,hru02,0.774,0.0,0.323,0.424,0.0,0.0,0.0,0.178,1639.602,2.423,2019-06-18
3,hru03,0.0,0.0,0.317,0.991,0.0,0.0,0.0,0.478,22.55,0.986,2019-06-18
4,hru04,0.0,0.0,0.32,0.989,0.0,0.0,0.0,0.46,25.022,1.048,2019-06-18
5,hru05,0.0,0.0,0.322,0.974,0.0,0.0,0.0,0.191,143.236,2.333,2019-06-18
6,hru06,0.0,0.0,0.322,0.974,0.0,0.0,0.0,0.191,143.105,2.333,2019-06-18
7,hru07,0.0,0.0,0.325,0.898,0.0,0.0,0.0,0.167,667.515,2.446,2019-06-18
8,hru08,0.0,0.0,0.317,0.983,0.0,0.0,0.0,0.222,90.406,2.245,2019-06-18
9,hru09,0.0,0.0,0.323,0.942,0.0,0.0,0.0,0.194,402.81,2.425,2019-06-18
10,hru10,0.0,0.0,0.323,0.942,0.0,0.0,0.0,0.194,402.286,2.425,2019-06-18
11,hru11,0.0,0.0,0.325,0.959,0.0,0.0,0.0,0.167,232.41,2.459,2019-06-18
12,hru12,0.0,0.0,0.325,0.914,0.0,0.0,0.0,0.18,694.075,2.446,2019-06-18
13,hru13,0.0,0.0,0.326,0.0,0.0,0.0,0.0,0.17,3466.261,2.461,2019-06-18
14,hru14,0.0,0.0,0.325,0.914,0.0,0.0,0.0,0.18,694.266,2.446,2019-06-18
15,hru15,0.0,0.0,0.328,0.0,0.0,0.0,0.0,0.17,3612.391,2.471,2019-06-18
16,hru16,0.245,0.0,0.325,0.807,0.0,0.0,0.0,0.196,1716.284,2.433,2019-06-18
17,hru17,0.072,0.0,0.327,0.629,0.0,0.0,0.0,0.188,2826.928,2.454,2019-06-18
18,hru18,0.19,0.0,0.327,0.82,0.0,0.0,0.0,0.175,1397.788,2.476,2019-06-18
19,hru19,0.0,0.0,0.329,0.534,0.0,0.0,0.0,0.167,2885.306,2.498,2019-06-18
20,hru20,0.0,0.0,0.327,0.0,0.0,0.0,0.0,0.165,3834.526,2.467,2019-06-18
21,hru21,0.0,0.0,0.328,0.661,0.0,0.0,0.0,0.17,2352.213,2.486,2019-06-18
22,hru22,0.194,0.0,0.327,0.819,0.0,0.0,0.0,0.175,1400.509,2.476,2019-06-18
23,hru23,0.0,0.0,0.327,0.722,0.0,0.0,0.0,0.175,1995.971,2.418,2019-06-18
24,hru24,0.0,0.0,0.328,0.0,0.0,0.0,0.0,0.167,3553.098,2.468,2019-06-18
25,hru25,0.0,0.0,0.327,0.0,0.0,0.0,0.0,0.406,1398.744,1.302,2019-06-18
26,hru26,0.0,0.0,0.326,0.0,0.0,0.0,0.0,0.162,3698.294,2.462,2019-06-18
27,hru27,0.0,0.0,0.324,0.0,0.0,0.0,0.0,0.178,3359.131,2.444,2019-06-18
28,hru28,0.0,0.0,0.325,0.989,0.0,0.0,0.038,0.409,0.694,0.01,2019-06-18
29,hru29,0.0,0.0,0.324,0.966,0.0,0.0,0.0,0.18,220.275,2.446,2019-06-18
30,hru30,0.0,0.0,0.324,0.967,0.0,0.0,0.0,0.172,200.404,2.423,2019-06-18
31,hru31,0.0,0.0,0.321,0.988,0.0,0.0,0.0,0.194,62.417,2.309,2019-06-18
32,hru32,0.0,0.0,0.326,0.915,0.0,0.0,0.0,0.17,595.838,2.461,2019-06-18
33,hru33,0.0,0.0,0.323,0.977,0.0,0.0,0.0,0.186,126.815,2.428,2019-06-18
34,hru34,0.0,0.0,0.323,0.977,0.0,0.0,0.0,0.186,127.711,2.428,2019-06-18
35,hru35,0.0,0.0,0.32,0.986,0.0,0.0,0.0,0.188,67.799,2.316,2019-06-18
36,hru36,0.0,0.0,0.323,0.978,0.0,0.0,0.0,0.186,126.518,2.428,2019-06-18
1,hru01,0.0,0.0,0.326,0.987,0.0,0.0,0.0,0.165,64.425,2.411,2019-06-19
2,hru02,0.714,0.0,0.328,0.395,0.0,0.0,0.0,0.188,1681.536,2.523,2019-06-19
3,hru03,0.0,0.0,0.322,0.99,0.0,0.0,0.0,0.436,23.511,1.078,2019-06-19
4,hru04,0.0,0.0,0.325,0.988,0.0,0.0,0.0,0.422,26.231,1.146,2019-06-19
5,hru05,0.0,0.0,0.327,0.973,0.0,0.0,0.0,0.175,147.916,2.435,2019-06-19
6,hru06,0.0,0.0,0.327,0.973,0.0,0.0,0.0,0.175,147.782,2.435,2019-06-19
7,hru07,0.0,0.0,0.33,0.893,0.0,0.0,0.0,0.186,686.469,2.547,2019-06-19
8,hru08,0.0,0.0,0.322,0.982,0.0,0.0,0.0,0.188,93.419,2.343,2019-06-19
9,hru09,0.0,0.0,0.328,0.939,0.0,0.0,0.0,0.178,413.323,2.523,2019-06-19
10,hru10,0.0,0.0,0.328,0.939,0.0,0.0,0.0,0.178,412.788,2.523,2019-06-19
11,hru11,0.0,0.0,0.33,0.957,0.0,0.0,0.0,0.186,240.065,2.56,2019-06-19
12,hru12,0.0,0.0,0.33,0.91,0.0,0.0,0.0,0.188,709.665,2.545,2019-06-19
13,hru13,0.0,0.0,0.331,0.0,0.0,0.0,0.0,0.186,3619.066,2.561,2019-06-19
14,hru14,0.0,0.0,0.33,0.91,0.0,0.0,0.0,0.188,709.861,2.545,2019-06-19
15,hru15,0.0,0.0,0.333,0.0,0.0,0.0,0.0,0.186,3765.614,2.57,2019-06-19
16,hru16,0.214,0.0,0.33,0.796,0.0,0.0,0.0,0.186,1751.064,2.529,2019-06-19
17,hru17,0.0,0.0,0.332,0.608,0.0,0.0,0.0,0.191,2894.381,2.551,2019-06-19
18,hru18,0.0,0.0,0.332,0.81,0.0,0.0,0.0,0.188,1431.032,2.574,2019-06-19
19,hru19,0.0,0.0,0.335,0.511,0.0,0.0,0.0,0.186,2971.825,2.597,2019-06-19
20,hru20,0.0,0.0,0.332,0.0,0.0,0.0,0.0,0.196,3988.823,2.567,2019-06-19
21,hru21,0.0,0.0,0.333,0.644,0.0,0.0,0.0,0.186,2415.046,2.585,2019-06-19
22,hru22,0.0,0.0,0.332,0.809,0.0,0.0,0.0,0.188,1433.82,2.574,2019-06-19
23,hru23,0.0,0.0,0.332,0.707,0.0,0.0,0.0,0.188,2046.625,2.517,2019-06-19
24,hru24,0.0,0.0,0.333,0.0,0.0,0.0,0.0,0.186,3706.961,2.568,2019-06-19
25,hru25,0.0,0.0,0.332,0.0,0.0,0.0,0.0,0.446,1473.23,1.417,2019-06-19
26,hru26,0.0,0.0,0.331,0.0,0.0,0.0,0.0,0.188,3852.914,2.562,2019-06-19
27,hru27,0.0,0.0,0.329,0.0,0.0,0.0,0.0,0.188,3509.738,2.544,2019-06-19
28,hru28,0.0,0.0,0.33,0.988,0.0,0.0,0.034,0.432,0.786,0.014,2019-06-19
29,hru29,0.0,0.0,0.33,0.964,0.0,0.0,0.0,0.183,226.611,2.545,2019-06-19
30,hru30,0.0,0.0,0.329,0.965,0.0,0.0,0.0,0.186,206.46,2.525,2019-06-19
31,hru31,0.0,0.0,0.326,0.987,0.0,0.0,0.0,0.165,64.581,2.411,2019-06-19
32,hru32,0.0,0.0,0.331,0.911,0.0,0.0,0.0,0.186,611.422,2.561,2019-06-19
33,hru33,0.0,0.0,0.329,0.976,0.0,0.0,0.0,0.183,130.988,2.526,2019-06-19
34,hru34,0.0,0.0,0.329,0.976,0.0,0.0,0.0,0.183,131.914,2.526,2019-06-19
35,hru35,0.0,0.0,0.326,0.986,0.0,0.0,0.0,0.165,70.287,2.418,2019-06-19
36,hru36,0.0,0.0,0.329,0.976,0.0,0.0,0.0,0.183,130.681,2.526,2019-06-19
1,hru01,0.0,0.0,0.332,0.986,0.0,0.0,0.0,0.109,68.364,2.514,2019-06-20
2,hru02,0.715,0.0,0.334,0.344,0.0,0.0,0.0,0.124,1771.366,2.618,2019-06-20
3,hru03,0.0,0.0,0.327,0.989,0.0,0.0,0.0,0.351,25.333,1.182,2019-06-20
4,hru04,0.0,0.0,0.33,0.987,0.0,0.0,0.0,0.341,28.479,1.255,2019-06-20
5,hru05,0.0,0.0,0.333,0.97,0.0,0.0,0.0,0.115,156.217,2.535,2019-06-20
6,hru06,0.0,0.0,0.333,0.97,0.0,0.0,0.0,0.115,156.075,2.535,2019-06-20
7,hru07,0.0,0.0,0.335,0.885,0.0,0.0,0.0,0.124,718.811,2.641,2019-06-20
8,hru08,0.0,0.0,0.327,0.98,0.0,0.0,0.0,0.124,98.723,2.444,2019-06-20
9,hru09,0.0,0.0,0.334,0.934,0.0,0.0,0.0,0.115,431.276,2.619,2019-06-20
10,hru10,0.0,0.0,0.334,0.934,0.0,0.0,0.0,0.115,430.722,2.619,2019-06-20
11,hru11,0.0,0.0,0.336,0.954,0.0,0.0,0.0,0.124,253.105,2.653,2019-06-20
12,hru12,0.0,0.0,0.335,0.902,0.0,0.0,0.0,0.118,735.425,2.638,2019-06-20
13,hru13,0.0,0.0,0.337,0.0,0.0,0.0,0.0,0.122,3854.443,2.655,2019-06-20
14,hru14,0.0,0.0,0.335,0.902,0.0,0.0,0.0,0.118,735.627,2.638,2019-06-20
15,hru15,0.0,0.0,0.338,0.0,0.0,0.0,0.0,0.115,3995.471,2.662,2019-06-20
16,hru16,0.0,0.0,0.335,0.782,0.0,0.0,0.0,0.115,1807.13,2.624,2019-06-20
17,hru17,0.0,0.0,0.338,0.578,0.0,0.0,0.0,0.115,3000.6,2.643,2019-06-20
18,hru18,0.0,0.0,0.338,0.794,0.0,0.0,0.0,0.115,1484.632,2.666,2019-06-20
19,hru19,0.0,0.0,0.34,0.473,0.0,0.0,0.0,0.113,3106.835,2.688,2019-06-20
20,hru20,0.0,0.0,0.338,0.0,0.0,0.0,0.0,0.115,4207.919,2.657,2019-06-20
21,hru21,0.0,0.0,0.338,0.616,0.0,0.0,0.0,0.115,2515.822,2.677,2019-06-20
22,hru22,0.0,0.0,0.338,0.793,0.0,0.0,0.0,0.115,1487.529,2.666,2019-06-20
23,hru23,0.0,0.0,0.338,0.684,0.0,0.0,0.0,0.115,2128.205,2.609,2019-06-20
24,hru24,0.0,0.0,0.338,0.0,0.0,0.0,0.0,0.115,3937.46,2.659,2019-06-20
25,hru25,0.0,0.0,0.338,0.0,0.0,0.0,0.0,0.338,1578.877,1.524,2019-06-20
26,hru26,0.0,0.0,0.337,0.0,0.0,0.0,0.0,0.115,4078.566,2.654,2019-06-20
27,hru27,0.0,0.0,0.335,0.0,0.0,0.0,0.0,0.122,3743.066,2.637,2019-06-20
28,hru28,0.0,0.0,0.336,0.987,0.0,0.0,0.034,0.351,0.951,0.019,2019-06-20
29,hru29,0.0,0.0,0.335,0.961,0.0,0.0,0.0,0.115,237.437,2.639,2019-06-20
30,hru30,0.0,0.0,0.334,0.962,0.0,0.0,0.0,0.126,216.86,2.619,2019-06-20
31,hru31,0.0,0.0,0.332,0.986,0.0,0.0,0.0,0.109,68.53,2.514,2019-06-20
32,hru32,0.0,0.0,0.337,0.904,0.0,0.0,0.0,0.122,637.071,2.655,2019-06-20
33,hru33,0.0,0.0,0.334,0.974,0.0,0.0,0.0,0.12,138.365,2.622,2019-06-20
34,hru34,0.0,0.0,0.334,0.974,0.0,0.0,0.0,0.12,139.344,2.622,2019-06-20
35,hru35,0.0,0.0,0.331,0.984,0.0,0.0,0.0,0.111,74.836,2.521,2019-06-20
36,hru36,0.0,0.0,0.334,0.974,0.0,0.0,0.0,0.12,138.041,2.622,2019-06-20
1,hru01,0.0,0.0,0.336,0.988,0.0,0.0,0.0,0.258,72.99,2.624,2019-06-21
2,hru02,0.741,0.0,0.338,0.455,0.0,0.0,0.0,0.27,1870.01,2.719,2019-06-21
3,hru03,0.0,0.0,0.332,0.991,0.0,0.0,0.0,0.542,27.694,1.309,2019-06-21
4,hru04,0.0,0.0,0.335,0.989,0.0,0.0,0.0,0.531,31.284,1.385,2019-06-21
5,hru05,0.0,0.0,0.338,0.975,0.0,0.0,0.0,0.264,166.25,2.642,2019-06-21
6,hru06,0.0,0.0,0.338,0.975,0.0,0.0,0.0,0.264,166.098,2.642,2019-06-21
7,hru07,0.0,0.0,0.34,0.902,0.0,0.0,0.0,0.267,758.627,2.741,2019-06-21
8,hru08,0.0,0.0,0.332,0.983,0.0,0.0,0.0,0.277,105.171,2.554,2019-06-21
9,hru09,0.0,0.0,0.339,0.945,0.0,0.0,0.0,0.261,453.775,2.722,2019-06-21
10,hru10,0.0,0.0,0.339,0.945,0.0,0.0,0.0,0.261,453.197,2.722,2019-06-21
11,hru11,0.0,0.0,0.341,0.96,0.0,0.0,0.0,0.267,269.2,2.752,2019-06-21
12,hru12,0.0,0.0,0.34,0.919,0.0,0.0,0.0,0.261,768.483,2.74,2019-06-21
13,hru13,0.0,0.0,0.341,0.0,0.0,0.0,0.0,0.264,4155.379,2.755,2019-06-21
14,hru14,0.0,0.0,0.34,0.919,0.0,0.0,0.0,0.261,768.695,2.74,2019-06-21
15,hru15,0.0,0.0,0.343,0.0,0.0,0.0,0.0,0.264,4298.774,2.762,2019-06-21
16,hru16,0.0,0.0,0.34,0.818,0.0,0.0,0.0,0.255,1880.083,2.727,2019-06-21
17,hru17,0.0,0.0,0.343,0.652,0.0,0.0,0.0,0.255,3142.73,2.744,2019-06-21
18,hru18,0.0,0.0,0.343,0.832,0.0,0.0,0.0,0.258,1555.138,2.767,2019-06-21
19,hru19,0.0,0.0,0.345,0.566,0.0,0.0,0.0,0.255,3288.217,2.788,2019-06-21
20,hru20,0.0,0.0,0.342,0.0,0.0,0.0,0.0,0.264,4513.962,2.756,2019-06-21
21,hru21,0.0,0.0,0.343,0.683,0.0,0.0,0.0,0.264,2647.654,2.777,2019-06-21
22,hru22,0.0,0.0,0.343,0.832,0.0,0.0,0.0,0.258,1558.179,2.767,2019-06-21
23,hru23,0.0,0.0,0.343,0.741,0.0,0.0,0.0,0.258,2235.052,2.709,2019-06-21
24,hru24,0.0,0.0,0.343,0.0,0.0,0.0,0.0,0.261,4241.861,2.759,2019-06-21
25,hru25,0.0,0.0,0.342,0.0,0.0,0.0,0.0,0.528,1743.124,1.654,2019-06-21
26,hru26,0.0,0.0,0.342,0.0,0.0,0.0,0.0,0.261,4384.882,2.753,2019-06-21
27,hru27,0.0,0.0,0.339,0.0,0.0,0.0,0.0,0.264,4041.855,2.738,2019-06-21
28,hru28,0.0,0.0,0.341,0.989,0.0,0.0,0.033,0.531,1.165,0.025,2019-06-21
29,hru29,0.0,0.0,0.34,0.967,0.0,0.0,0.0,0.258,250.877,2.741,2019-06-21
30,hru30,0.0,0.0,0.339,0.969,0.0,0.0,0.0,0.27,229.737,2.72,2019-06-21
31,hru31,0.0,0.0,0.336,0.988,0.0,0.0,0.0,0.258,73.167,2.624,2019-06-21
32,hru32,0.0,0.0,0.341,0.92,0.0,0.0,0.0,0.264,669.846,2.755,2019-06-21
33,hru33,0.0,0.0,0.339,0.978,0.0,0.0,0.0,0.267,147.212,2.724,2019-06-21
34,hru34,0.0,0.0,0.339,0.978,0.0,0.0,0.0,0.267,148.255,2.724,2019-06-21
35,hru35,0.0,0.0,0.336,0.986,0.0,0.0,0.0,0.261,80.175,2.63,2019-06-21
36,hru36,0.0,0.0,0.339,0.979,0.0,0.0,0.0,0.267,146.866,2.724,2019-06-21
1,hru01,0.0,0.0,0.342,0.991,0.0,0.0,0.0,0.157,76.469,2.703,2019-06-22
2,hru02,0.706,0.0,0.344,0.5,0.0,0.0,0.0,0.143,1945.333,2.793,2019-06-22
3,hru03,0.0,0.0,0.337,0.994,0.0,0.0,0.0,0.422,29.396,1.395,2019-06-22
4,hru04,0.0,0.0,0.341,0.991,0.0,0.0,0.0,0.406,33.41,1.473,2019-06-22
5,hru05,0.0,0.0,0.343,0.978,0.0,0.0,0.0,0.152,173.407,2.72,2019-06-22
6,hru06,0.0,0.0,0.343,0.978,0.0,0.0,0.0,0.152,173.249,2.72,2019-06-22
7,hru07,0.0,0.0,0.346,0.907,0.0,0.0,0.0,0.131,786.965,2.814,2019-06-22
8,hru08,0.0,0.0,0.337,0.988,0.0,0.0,0.0,0.178,109.986,2.634,2019-06-22
9,hru09,0.0,0.0,0.344,0.95,0.0,0.0,0.0,0.152,469.834,2.797,2019-06-22
10,hru10,0.0,0.0,0.344,0.95,0.0,0.0,0.0,0.152,469.239,2.797,2019-06-22
11,hru11,0.0,0.0,0.346,0.962,0.0,0.0,0.0,0.131,280.685,2.825,2019-06-22
12,hru12,0.0,0.0,0.345,0.926,0.0,0.0,0.0,0.143,791.741,2.814,2019-06-22
13,hru13,0.0,0.0,0.347,0.0,0.0,0.0,0.0,0.136,4366.33,2.828,2019-06-22
14,hru14,0.0,0.0,0.345,0.926,0.0,0.0,0.0,0.143,791.959,2.814,2019-06-22
15,hru15,0.0,0.0,0.349,0.0,0.0,0.0,0.0,0.131,4509.283,2.834,2019-06-22
16,hru16,0.0,0.0,0.346,0.841,0.0,0.0,0.0,0.147,1932.478,2.802,2019-06-22
17,hru17,0.0,0.0,0.348,0.699,0.0,0.0,0.0,0.14,3242.694,2.818,2019-06-22
18,hru18,0.0,0.0,0.348,0.847,0.0,0.0,0.0,0.136,1603.294,2.84,2019-06-22
19,hru19,0.0,0.0,0.351,0.604,0.0,0.0,0.0,0.129,3412.342,2.861,2019-06-22
20,hru20,0.0,0.0,0.348,0.0,0.0,0.0,0.0,0.129,4723.202,2.827,2019-06-22
21,hru21,0.0,0.0,0.349,0.708,0.0,0.0,0.0,0.131,2738.466,2.849,2019-06-22
22,hru22,0.0,0.0,0.348,0.847,0.0,0.0,0.0,0.136,1606.433,2.84,2019-06-22
23,hru23,0.0,0.0,0.348,0.762,0.0,0.0,0.0,0.136,2308.787,2.782,2019-06-22
24,hru24,0.0,0.0,0.349,0.0,0.0,0.0,0.0,0.133,4452.801,2.831,2019-06-22
25,hru25,0.0,0.0,0.348,0.0,0.0,0.0,0.0,0.357,1842.156,1.741,2019-06-22
26,hru26,0.0,0.0,0.347,0.0,0.0,0.0,0.0,0.129,4594.802,2.825,2019-06-22
27,hru27,0.0,0.0,0.345,0.0,0.0,0.0,0.0,0.138,4252.823,2.812,2019-06-22
28,hru28,0.0,0.0,0.346,0.99,0.0,0.0,0.031,0.36,1.325,0.031,2019-06-22
29,hru29,0.0,0.0,0.345,0.97,0.0,0.0,0.0,0.145,260.382,2.816,2019-06-22
30,hru30,0.0,0.0,0.345,0.971,0.0,0.0,0.0,0.138,238.805,2.794,2019-06-22
31,hru31,0.0,0.0,0.342,0.991,0.0,0.0,0.0,0.157,76.655,2.703,2019-06-22
32,hru32,0.0,0.0,0.347,0.925,0.0,0.0,0.0,0.136,692.874,2.828,2019-06-22
33,hru33,0.0,0.0,0.344,0.98,0.0,0.0,0.0,0.147,153.496,2.798,2019-06-22
34,hru34,0.0,0.0,0.344,0.98,0.0,0.0,0.0,0.147,154.585,2.798,2019-06-22
35,hru35,0.0,0.0,0.341,0.988,0.0,0.0,0.0,0.15,84.12,2.709,2019-06-22
36,hru36,0.0,0.0,0.344,0.98,0.0,0.0,0.0,0.147,153.135,2.798,2019-06-22
1,hru01,0.0,0.0,0.347,0.99,0.0,0.0,0.0,0.101,80.112,2.794,2019-06-23
2,hru02,0.707,0.0,0.349,0.466,0.0,0.0,0.0,0.091,2059.964,2.881,2019-06-23
3,hru03,0.0,0.0,0.343,0.994,0.0,0.0,0.0,0.354,30.946,1.506,2019-06-23
4,hru04,0.0,0.0,0.346,0.991,0.0,0.0,0.0,0.335,35.861,1.589,2019-06-23
5,hru05,0.0,0.0,0.349,0.977,0.0,0.0,0.0,0.101,181.964,2.811,2019-06-23
6,hru06,0.0,0.0,0.349,0.977,0.0,0.0,0.0,0.101,181.798,2.811,2019-06-23
7,hru07,0.0,0.0,0.352,0.901,0.0,0.0,0.0,0.083,822.834,2.903,2019-06-23
8,hru08,0.0,0.0,0.343,0.988,0.0,0.0,0.0,0.126,114.633,2.725,2019-06-23
9,hru09,0.0,0.0,0.35,0.947,0.0,0.0,0.0,0.105,489.14,2.883,2019-06-23
10,hru10,0.0,0.0,0.35,0.947,0.0,0.0,0.0,0.105,488.525,2.883,2019-06-23
11,hru11,0.0,0.0,0.352,0.96,0.0,0.0,0.0,0.083,295.376,2.913,2019-06-23
12,hru12,0.0,0.0,0.351,0.921,0.0,0.0,0.0,0.097,819.7,2.901,2019-06-23
13,hru13,0.0,0.0,0.353,0.0,0.0,0.0,0.0,0.087,4694.129,2.915,2019-06-23
14,hru14,0.0,0.0,0.351,0.921,0.0,0.0,0.0,0.097,819.926,2.901,2019-06-23
15,hru15,0.0,0.0,0.354,0.0,0.0,0.0,0.0,0.083,4835.943,2.921,2019-06-23
16,hru16,0.0,0.0,0.351,0.833,0.0,0.0,0.0,0.107,1992.233,2.889,2019-06-23
17,hru17,0.0,0.0,0.354,0.683,0.0,0.0,0.0,0.105,3354.842,2.904,2019-06-23
18,hru18,0.0,0.0,0.354,0.835,0.0,0.0,0.0,0.091,1661.014,2.926,2019-06-23
19,hru19,0.0,0.0,0.356,0.578,0.0,0.0,0.0,0.085,3560.322,2.947,2019-06-23
20,hru20,0.0,0.0,0.354,0.0,0.0,0.0,0.0,0.085,5040.844,2.914,2019-06-23
21,hru21,0.0,0.0,0.354,0.688,0.0,0.0,0.0,0.083,2848.578,2.935,2019-06-23
22,hru22,0.0,0.0,0.354,0.835,0.0,0.0,0.0,0.091,1664.27,2.926,2019-06-23
23,hru23,0.0,0.0,0.354,0.745,0.0,0.0,0.0,0.091,2397.619,2.868,2019-06-23
24,hru24,0.0,0.0,0.355,0.0,0.0,0.0,0.0,0.083,4777.752,2.917,2019-06-23
25,hru25,0.0,0.0,0.354,0.0,0.0,0.0,0.0,0.293,2017.705,1.86,2019-06-23
26,hru26,0.0,0.0,0.353,0.0,0.0,0.0,0.0,0.083,4915.843,2.912,2019-06-23
27,hru27,0.0,0.0,0.351,0.0,0.0,0.0,0.0,0.095,4579.494,2.9,2019-06-23
28,hru28,0.0,0.0,0.352,0.989,0.0,0.0,0.031,0.29,1.547,0.04,2019-06-23
29,hru29,0.0,0.0,0.351,0.968,0.0,0.0,0.0,0.095,272.024,2.902,2019-06-23
30,hru30,0.0,0.0,0.35,0.969,0.0,0.0,0.0,0.089,250.005,2.883,2019-06-23
31,hru31,0.0,0.0,0.347,0.99,0.0,0.0,0.0,0.101,80.307,2.794,2019-06-23
32,hru32,0.0,0.0,0.353,0.92,0.0,0.0,0.0,0.087,721.488,2.915,2019-06-23
33,hru33,0.0,0.0,0.35,0.979,0.0,0.0,0.0,0.099,161.181,2.885,2019-06-23
34,hru34,0.0,0.0,0.35,0.979,0.0,0.0,0.0,0.099,162.325,2.885,2019-06-23
35,hru35,0.0,0.0,0.347,0.988,0.0,0.0,0.0,0.097,88.705,2.801,2019-06-23
36,hru36,0.0,0.0,0.35,0.979,0.0,0.0,0.0,0.099,160.802,2.885,2019-06-23
1,hru01,0.0,0.0,0.353,0.99,0.0,0.0,0.0,0.136,82.811,2.889,2019-06-24
2,hru02,0.668,0.0,0.355,0.439,0.0,0.0,0.0,0.138,2143.23,2.972,2019-06-24
3,hru03,0.0,0.0,0.348,0.994,0.0,0.0,0.0,0.37,32.123,1.633,2019-06-24
4,hru04,0.0,0.0,0.352,0.99,0.0,0.0,0.0,0.366,37.744,1.718,2019-06-24
5,hru05,0.0,0.0,0.354,0.975,0.0,0.0,0.0,0.133,188.501,2.905,2019-06-24
6,hru06,0.0,0.0,0.354,0.975,0.0,0.0,0.0,0.133,188.329,2.905,2019-06-24
7,hru07,0.0,0.0,0.357,0.896,0.0,0.0,0.0,0.133,850.932,2.994,2019-06-24
8,hru08,0.0,0.0,0.348,0.987,0.0,0.0,0.0,0.138,118.073,2.82,2019-06-24
9,hru09,0.0,0.0,0.355,0.944,0.0,0.0,0.0,0.133,504.02,2.972,2019-06-24
10,hru10,0.0,0.0,0.355,0.945,0.0,0.0,0.0,0.133,503.389,2.972,2019-06-24
11,hru11,0.0,0.0,0.358,0.957,0.0,0.0,0.0,0.126,306.935,3.003,2019-06-24
12,hru12,0.0,0.0,0.357,0.918,0.0,0.0,0.0,0.126,841.667,2.989,2019-06-24
13,hru13,0.0,0.0,0.358,0.0,0.0,0.0,0.0,0.126,4951.396,3.004,2019-06-24
14,hru14,0.0,0.0,0.357,0.918,0.0,0.0,0.0,0.126,841.9,2.989,2019-06-24
15,hru15,0.0,0.0,0.36,0.0,0.0,0.0,0.0,0.122,5094.637,3.009,2019-06-24
16,hru16,0.0,0.0,0.357,0.825,0.0,0.0,0.0,0.124,2039.258,2.977,2019-06-24
17,hru17,0.0,0.0,0.359,0.667,0.0,0.0,0.0,0.122,3444.181,2.99,2019-06-24
18,hru18,0.0,0.0,0.36,0.827,0.0,0.0,0.0,0.12,1707.133,3.013,2019-06-24
19,hru19,0.0,0.0,0.362,0.557,0.0,0.0,0.0,0.12,3679.97,3.034,2019-06-24
20,hru20,0.0,0.0,0.359,0.0,0.0,0.0,0.0,0.115,5309.199,3.001,2019-06-24
21,hru21,0.0,0.0,0.36,0.673,0.0,0.0,0.0,0.122,2936.84,3.024,2019-06-24
22,hru22,0.0,0.0,0.36,0.827,0.0,0.0,0.0,0.12,1710.483,3.013,2019-06-24
23,hru23,0.0,0.0,0.36,0.733,0.0,0.0,0.0,0.12,2468.356,2.956,2019-06-24
24,hru24,0.0,0.0,0.36,0.0,0.0,0.0,0.0,0.118,5038.551,3.005,2019-06-24
25,hru25,0.0,0.0,0.359,0.0,0.0,0.0,0.0,0.338,2176.215,1.988,2019-06-24
26,hru26,0.0,0.0,0.359,0.0,0.0,0.0,0.0,0.118,5183.167,3.0,2019-06-24
27,hru27,0.0,0.0,0.356,0.0,0.0,0.0,0.0,0.126,4832.259,2.989,2019-06-24
28,hru28,0.0,0.0,0.358,0.988,0.0,0.0,0.03,0.354,1.737,0.052,2019-06-24
29,hru29,0.0,0.0,0.357,0.966,0.0,0.0,0.0,0.129,281.057,2.991,2019-06-24
30,hru30,0.0,0.0,0.356,0.967,0.0,0.0,0.0,0.133,258.761,2.974,2019-06-24
31,hru31,0.0,0.0,0.353,0.99,0.0,0.0,0.0,0.136,83.013,2.889,2019-06-24
32,hru32,0.0,0.0,0.358,0.916,0.0,0.0,0.0,0.126,744.118,3.004,2019-06-24
33,hru33,0.0,0.0,0.356,0.978,0.0,0.0,0.0,0.138,167.073,2.974,2019-06-24
34,hru34,0.0,0.0,0.356,0.978,0.0,0.0,0.0,0.138,168.259,2.974,2019-06-24
35,hru35,0.0,0.0,0.353,0.987,0.0,0.0,0.0,0.136,92.154,2.896,2019-06-24
36,hru36,0.0,0.0,0.356,0.978,0.0,0.0,0.0,0.138,166.68,2.974,2019-06-24
1,hru01,0.0,0.0,0.359,0.989,0.0,0.0,0.0,0.061,86.252,2.973,2019-06-25
2,hru02,0.644,0.0,0.361,0.386,0.0,0.0,0.0,0.052,2260.186,3.049,2019-06-25
3,hru03,0.0,0.0,0.354,0.993,0.0,0.0,0.0,0.253,33.742,1.754,2019-06-25
4,hru04,0.0,0.0,0.358,0.989,0.0,0.0,0.0,0.248,40.292,1.837,2019-06-25
5,hru05,0.0,0.0,0.36,0.973,0.0,0.0,0.0,0.055,197.065,2.988,2019-06-25
6,hru06,0.0,0.0,0.36,0.973,0.0,0.0,0.0,0.055,196.885,2.988,2019-06-25
7,hru07,0.0,0.0,0.363,0.887,0.0,0.0,0.0,0.049,888.367,3.07,2019-06-25
8,hru08,0.0,0.0,0.354,0.986,0.0,0.0,0.0,0.061,122.531,2.907,2019-06-25
9,hru09,0.0,0.0,0.361,0.939,0.0,0.0,0.0,0.056,523.84,3.05,2019-06-25
10,hru10,0.0,0.0,0.361,0.939,0.0,0.0,0.0,0.056,523.187,3.05,2019-06-25
11,hru11,0.0,0.0,0.364,0.954,0.0,0.0,0.0,0.046,322.458,3.08,2019-06-25
12,hru12,0.0,0.0,0.363,0.909,0.0,0.0,0.0,0.05,871.552,3.067,2019-06-25
13,hru13,0.0,0.0,0.364,0.0,0.0,0.0,0.0,0.046,5272.331,3.08,2019-06-25
14,hru14,0.0,0.0,0.363,0.909,0.0,0.0,0.0,0.05,871.793,3.067,2019-06-25
15,hru15,0.0,0.0,0.366,0.0,0.0,0.0,0.0,0.043,5422.663,3.085,2019-06-25
16,hru16,0.0,0.0,0.363,0.802,0.0,0.0,0.0,0.053,2103.615,3.055,2019-06-25
17,hru17,0.0,0.0,0.365,0.627,0.0,0.0,0.0,0.049,3568.663,3.067,2019-06-25
18,hru18,0.0,0.0,0.366,0.807,0.0,0.0,0.0,0.045,1771.216,3.09,2019-06-25
19,hru19,0.0,0.0,0.368,0.512,0.0,0.0,0.0,0.045,3848.697,3.109,2019-06-25
20,hru20,0.0,0.0,0.365,0.0,0.0,0.0,0.0,0.041,5658.894,3.077,2019-06-25
21,hru21,0.0,0.0,0.366,0.64,0.0,0.0,0.0,0.043,3059.193,3.099,2019-06-25
22,hru22,0.0,0.0,0.366,0.807,0.0,0.0,0.0,0.045,1774.698,3.09,2019-06-25
23,hru23,0.0,0.0,0.366,0.703,0.0,0.0,0.0,0.045,2566.62,3.033,2019-06-25
24,hru24,0.0,0.0,0.366,0.0,0.0,0.0,0.0,0.042,5370.658,3.081,2019-06-25
25,hru25,0.0,0.0,0.365,0.0,0.0,0.0,0.0,0.216,2380.078,2.099,2019-06-25
26,hru26,0.0,0.0,0.365,0.0,0.0,0.0,0.0,0.042,5526.825,3.076,2019-06-25
27,hru27,0.0,0.0,0.362,0.0,0.0,0.0,0.0,0.048,5150.061,3.066,2019-06-25
28,hru28,0.0,0.0,0.364,0.987,0.0,0.0,0.029,0.226,2.032,0.066,2019-06-25
29,hru29,0.0,0.0,0.363,0.963,0.0,0.0,0.0,0.05,293.088,3.068,2019-06-25
30,hru30,0.0,0.0,0.362,0.964,0.0,0.0,0.0,0.049,270.408,3.052,2019-06-25
31,hru31,0.0,0.0,0.359,0.989,0.0,0.0,0.0,0.061,86.462,2.973,2019-06-25
32,hru32,0.0,0.0,0.364,0.908,0.0,0.0,0.0,0.046,774.953,3.08,2019-06-25
33,hru33,0.0,0.0,0.362,0.976,0.0,0.0,0.0,0.056,174.74,3.051,2019-06-25
34,hru34,0.0,0.0,0.362,0.976,0.0,0.0,0.0,0.056,175.982,3.051,2019-06-25
35,hru35,0.0,0.0,0.359,0.986,0.0,0.0,0.0,0.059,96.565,2.979,2019-06-25
36,hru36,0.0,0.0,0.362,0.976,0.0,0.0,0.0,0.056,174.329,3.051,2019-06-25
1,hru01,0.0,0.0,0.365,0.988,0.0,0.0,0.0,0.024,90.918,3.062,2019-06-26
2,hru02,0.646,0.0,0.367,0.319,0.0,0.0,0.0,0.022,2417.105,3.134,2019-06-26
3,hru03,0.0,0.0,0.361,0.992,0.0,0.0,0.0,0.179,36.036,1.897,2019-06-26
4,hru04,0.0,0.0,0.364,0.988,0.0,0.0,0.0,0.177,43.805,1.976,2019-06-26
5,hru05,0.0,0.0,0.367,0.97,0.0,0.0,0.0,0.023,208.711,3.078,2019-06-26
6,hru06,0.0,0.0,0.367,0.97,0.0,0.0,0.0,0.023,208.521,3.078,2019-06-26
7,hru07,0.0,0.0,0.37,0.874,0.0,0.0,0.0,0.022,938.139,3.154,2019-06-26
8,hru08,0.0,0.0,0.361,0.985,0.0,0.0,0.0,0.024,128.479,3.002,2019-06-26
9,hru09,0.0,0.0,0.368,0.932,0.0,0.0,0.0,0.024,550.526,3.134,2019-06-26
10,hru10,0.0,0.0,0.368,0.932,0.0,0.0,0.0,0.024,549.844,3.134,2019-06-26
11,hru11,0.0,0.0,0.37,0.948,0.0,0.0,0.0,0.02,342.987,3.163,2019-06-26
12,hru12,0.0,0.0,0.369,0.895,0.0,0.0,0.0,0.021,911.425,3.151,2019-06-26
13,hru13,0.0,0.0,0.371,0.0,0.0,0.0,0.0,0.019,5691.827,3.164,2019-06-26
14,hru14,0.0,0.0,0.369,0.895,0.0,0.0,0.0,0.021,911.677,3.151,2019-06-26
15,hru15,0.0,0.0,0.373,0.0,0.0,0.0,0.0,0.018,5842.322,3.167,2019-06-26
16,hru16,0.0,0.0,0.369,0.777,0.0,0.0,0.0,0.021,2188.626,3.14,2019-06-26
17,hru17,0.0,0.0,0.372,0.57,0.0,0.0,0.0,0.02,3729.619,3.15,2019-06-26
18,hru18,0.0,0.0,0.372,0.777,0.0,0.0,0.0,0.019,1855.971,3.172,2019-06-26
19,hru19,0.0,0.0,0.375,0.447,0.0,0.0,0.0,0.017,4063.087,3.19,2019-06-26
20,hru20,0.0,0.0,0.372,0.0,0.0,0.0,0.0,0.017,6074.838,3.16,2019-06-26
21,hru21,0.0,0.0,0.373,0.592,0.0,0.0,0.0,0.018,3217.6,3.181,2019-06-26
22,hru22,0.0,0.0,0.372,0.777,0.0,0.0,0.0,0.019,1859.629,3.172,2019-06-26
23,hru23,0.0,0.0,0.372,0.661,0.0,0.0,0.0,0.019,2695.885,3.115,2019-06-26
24,hru24,0.0,0.0,0.373,0.0,0.0,0.0,0.0,0.017,5790.231,3.163,2019-06-26
25,hru25,0.0,0.0,0.372,0.0,0.0,0.0,0.0,0.163,2648.796,2.225,2019-06-26
26,hru26,0.0,0.0,0.371,0.0,0.0,0.0,0.0,0.017,5943.848,3.157,2019-06-26
27,hru27,0.0,0.0,0.369,0.0,0.0,0.0,0.0,0.021,5567.838,3.151,2019-06-26
28,hru28,0.0,0.0,0.37,0.986,0.0,0.0,0.029,0.17,2.474,0.087,2019-06-26
29,hru29,0.0,0.0,0.369,0.959,0.0,0.0,0.0,0.022,309.211,3.151,2019-06-26
30,hru30,0.0,0.0,0.368,0.959,0.0,0.0,0.0,0.022,286.146,3.137,2019-06-26
31,hru31,0.0,0.0,0.365,0.988,0.0,0.0,0.0,0.024,91.14,3.062,2019-06-26
32,hru32,0.0,0.0,0.371,0.897,0.0,0.0,0.0,0.019,815.358,3.164,2019-06-26
33,hru33,0.0,0.0,0.368,0.974,0.0,0.0,0.0,0.024,185.173,3.135,2019-06-26
34,hru34,0.0,0.0,0.368,0.974,0.0,0.0,0.0,0.024,186.491,3.135,2019-06-26
35,hru35,0.0,0.0,0.365,0.985,0.0,0.0,0.0,0.024,102.589,3.069,2019-06-26
36,hru36,0.0,0.0,0.368,0.974,0.0,0.0,0.0,0.024,184.736,3.135,2019-06-26
1,hru01,0.0,0.0,0.372,0.987,0.0,0.0,0.0,0.01,96.078,3.153,2019-06-27
2,hru02,0.627,0.0,0.374,0.233,0.0,0.0,0.0,0.006,2572.728,3.218,2019-06-27
3,hru03,0.0,0.0,0.368,0.991,0.0,0.0,0.0,0.125,38.786,2.05,2019-06-27
4,hru04,0.0,0.0,0.371,0.987,0.0,0.0,0.0,0.131,47.839,2.123,2019-06-27
5,hru05,0.0,0.0,0.374,0.967,0.0,0.0,0.0,0.006,221.625,3.167,2019-06-27
6,hru06,0.0,0.0,0.374,0.967,0.0,0.0,0.0,0.006,221.422,3.167,2019-06-27
7,hru07,0.0,0.0,0.376,0.86,0.0,0.0,0.0,0.006,993.735,3.235,2019-06-27
8,hru08,0.0,0.0,0.368,0.983,0.0,0.0,0.0,0.005,135.148,3.099,2019-06-27
9,hru09,0.0,0.0,0.375,0.922,0.0,0.0,0.0,0.006,580.566,3.217,2019-06-27
10,hru10,0.0,0.0,0.375,0.923,0.0,0.0,0.0,0.006,579.851,3.217,2019-06-27
11,hru11,0.0,0.0,0.377,0.942,0.0,0.0,0.0,0.005,365.957,3.244,2019-06-27
12,hru12,0.0,0.0,0.376,0.88,0.0,0.0,0.0,0.004,957.35,3.233,2019-06-27
13,hru13,0.0,0.0,0.378,0.0,0.0,0.0,0.0,0.005,6123.384,3.245,2019-06-27
14,hru14,0.0,0.0,0.376,0.88,0.0,0.0,0.0,0.004,957.616,3.233,2019-06-27
15,hru15,0.0,0.0,0.379,0.0,0.0,0.0,0.0,0.003,6274.437,3.246,2019-06-27
16,hru16,0.0,0.0,0.376,0.745,0.0,0.0,0.0,0.003,2286.354,3.223,2019-06-27
17,hru17,0.0,0.0,0.379,0.506,0.0,0.0,0.0,0.002,3918.38,3.231,2019-06-27
18,hru18,0.0,0.0,0.379,0.744,0.0,0.0,0.0,0.002,1954.068,3.252,2019-06-27
19,hru19,0.0,0.0,0.382,0.385,0.0,0.0,0.0,0.002,4306.937,3.269,2019-06-27
20,hru20,0.0,0.0,0.379,0.0,0.0,0.0,0.0,0.001,6508.102,3.239,2019-06-27
21,hru21,0.0,0.0,0.379,0.544,0.0,0.0,0.0,0.003,3397.661,3.261,2019-06-27
22,hru22,0.0,0.0,0.379,0.744,0.0,0.0,0.0,0.002,1957.933,3.252,2019-06-27
23,hru23,0.0,0.0,0.379,0.614,0.0,0.0,0.0,0.002,2844.1,3.196,2019-06-27
24,hru24,0.0,0.0,0.38,0.0,0.0,0.0,0.0,0.003,6222.69,3.243,2019-06-27
25,hru25,0.0,0.0,0.379,0.0,0.0,0.0,0.0,0.096,2944.841,2.347,2019-06-27
26,hru26,0.0,0.0,0.378,0.0,0.0,0.0,0.0,0.002,6376.992,3.237,2019-06-27
27,hru27,0.0,0.0,0.376,0.0,0.0,0.0,0.0,0.003,5997.716,3.233,2019-06-27
28,hru28,0.0,0.0,0.377,0.984,0.0,0.0,0.029,0.123,3.038,0.116,2019-06-27
29,hru29,0.0,0.0,0.376,0.954,0.0,0.0,0.0,0.004,327.318,3.233,2019-06-27
30,hru30,0.0,0.0,0.375,0.955,0.0,0.0,0.0,0.005,303.942,3.221,2019-06-27
31,hru31,0.0,0.0,0.372,0.987,0.0,0.0,0.0,0.01,96.313,3.153,2019-06-27
32,hru32,0.0,0.0,0.378,0.885,0.0,0.0,0.0,0.005,860.849,3.245,2019-06-27
33,hru33,0.0,0.0,0.375,0.97,0.0,0.0,0.0,0.007,196.723,3.218,2019-06-27
34,hru34,0.0,0.0,0.375,0.97,0.0,0.0,0.0,0.007,198.127,3.218,2019-06-27
35,hru35,0.0,0.0,0.372,0.983,0.0,0.0,0.0,0.01,109.23,3.158,2019-06-27
36,hru36,0.0,0.0,0.375,0.971,0.0,0.0,0.0,0.007,196.258,3.218,2019-06-27
1,hru01,0.0,0.0,0.379,0.988,0.0,0.0,0.0,0.001,100.46,3.239,2019-06-28
2,hru02,0.575,0.0,0.381,0.284,0.0,0.0,0.0,0.006,2700.88,3.297,2019-06-28
3,hru03,0.0,0.0,0.375,0.99,0.0,0.0,0.0,0.093,41.383,2.203,2019-06-28
4,hru04,0.0,0.0,0.378,0.987,0.0,0.0,0.0,0.096,51.498,2.266,2019-06-28
5,hru05,0.0,0.0,0.38,0.969,0.0,0.0,0.0,0.002,233.199,3.252,2019-06-28
6,hru06,0.0,0.0,0.38,0.969,0.0,0.0,0.0,0.002,232.985,3.252,2019-06-28
7,hru07,0.0,0.0,0.383,0.861,0.0,0.0,0.0,0.007,1042.853,3.313,2019-06-28
8,hru08,0.0,0.0,0.375,0.982,0.0,0.0,0.0,0.0,141.25,3.193,2019-06-28
9,hru09,0.0,0.0,0.381,0.922,0.0,0.0,0.0,0.002,608.191,3.296,2019-06-28
10,hru10,0.0,0.0,0.381,0.922,0.0,0.0,0.0,0.002,607.444,3.296,2019-06-28
11,hru11,0.0,0.0,0.384,0.943,0.0,0.0,0.0,0.007,386.362,3.321,2019-06-28
12,hru12,0.0,0.0,0.383,0.871,0.0,0.0,0.0,0.003,1000.542,3.311,2019-06-28
13,hru13,0.0,0.0,0.384,0.0,0.0,0.0,0.0,0.006,6481.053,3.322,2019-06-28
14,hru14,0.0,0.0,0.383,0.871,0.0,0.0,0.0,0.003,1000.821,3.311,2019-06-28
15,hru15,0.0,0.0,0.386,0.0,0.0,0.0,0.0,0.006,6641.793,3.322,2019-06-28
16,hru16,0.0,0.0,0.383,0.716,0.0,0.0,0.0,0.001,2382.282,3.303,2019-06-28
17,hru17,0.0,0.0,0.385,0.481,0.0,0.0,0.0,0.002,4106.872,3.31,2019-06-28
18,hru18,0.0,0.0,0.386,0.723,0.0,0.0,0.0,0.003,2047.734,3.329,2019-06-28
19,hru19,0.0,0.0,0.388,0.418,0.0,0.0,0.0,0.005,4539.978,3.344,2019-06-28
20,hru20,0.0,0.0,0.386,0.0,0.0,0.0,0.0,0.007,6907.182,3.316,2019-06-28
21,hru21,0.0,0.0,0.386,0.51,0.0,0.0,0.0,0.006,3566.021,3.336,2019-06-28
22,hru22,0.0,0.0,0.386,0.722,0.0,0.0,0.0,0.003,2051.8,3.329,2019-06-28
23,hru23,0.0,0.0,0.386,0.585,0.0,0.0,0.0,0.003,2984.426,3.274,2019-06-28
24,hru24,0.0,0.0,0.386,0.0,0.0,0.0,0.0,0.006,6592.735,3.318,2019-06-28
25,hru25,0.0,0.0,0.386,0.0,0.0,0.0,0.0,0.133,3238.035,2.465,2019-06-28
26,hru26,0.0,0.0,0.385,0.0,0.0,0.0,0.0,0.007,6765.54,3.313,2019-06-28
27,hru27,0.0,0.0,0.382,0.0,0.0,0.0,0.0,0.005,6353.276,3.312,2019-06-28
28,hru28,0.0,0.0,0.384,0.985,0.0,0.0,0.028,0.133,3.621,0.157,2019-06-28
29,hru29,0.0,0.0,0.383,0.956,0.0,0.0,0.0,0.003,343.698,3.312,2019-06-28
30,hru30,0.0,0.0,0.382,0.955,0.0,0.0,0.0,0.006,319.795,3.3,2019-06-28
31,hru31,0.0,0.0,0.379,0.988,0.0,0.0,0.0,0.001,100.706,3.239,2019-06-28
32,hru32,0.0,0.0,0.384,0.877,0.0,0.0,0.0,0.006,902.122,3.322,2019-06-28
33,hru33,0.0,0.0,0.382,0.973,0.0,0.0,0.0,0.004,206.958,3.297,2019-06-28
34,hru34,0.0,0.0,0.382,0.973,0.0,0.0,0.0,0.004,208.438,3.297,2019-06-28
35,hru35,0.0,0.0,0.379,0.985,0.0,0.0,0.0,0.002,114.921,3.243,2019-06-28
36,hru36,0.0,0.0,0.382,0.973,0.0,0.0,0.0,0.004,206.468,3.297,2019-06-28
1,hru01,0.0,0.0,0.387,0.987,0.0,0.0,0.0,0.029,105.433,3.319,2019-06-29
2,hru02,0.538,0.0,0.389,0.235,0.0,0.0,0.0,0.029,2878.733,3.367,2019-06-29
3,hru03,0.0,0.0,0.382,0.989,0.0,0.0,0.0,0.022,44.76,2.346,2019-06-29
4,hru04,0.0,0.0,0.386,0.985,0.0,0.0,0.0,0.021,56.035,2.398,2019-06-29
5,hru05,0.0,0.0,0.388,0.966,0.0,0.0,0.0,0.028,246.377,3.33,2019-06-29
6,hru06,0.0,0.0,0.388,0.966,0.0,0.0,0.0,0.028,246.151,3.33,2019-06-29
7,hru07,0.0,0.0,0.391,0.852,0.0,0.0,0.0,0.03,1100.17,3.379,2019-06-29
8,hru08,0.0,0.0,0.382,0.98,0.0,0.0,0.0,0.025,148.906,3.28,2019-06-29
9,hru09,0.0,0.0,0.389,0.916,0.0,0.0,0.0,0.029,640.781,3.368,2019-06-29
10,hru10,0.0,0.0,0.389,0.916,0.0,0.0,0.0,0.029,639.998,3.368,2019-06-29
11,hru11,0.0,0.0,0.392,0.939,0.0,0.0,0.0,0.032,409.819,3.387,2019-06-29
12,hru12,0.0,0.0,0.391,0.861,0.0,0.0,0.0,0.03,1053.487,3.38,2019-06-29
13,hru13,0.0,0.0,0.392,0.0,0.0,0.0,0.0,0.029,6886.012,3.388,2019-06-29
14,hru14,0.0,0.0,0.391,0.861,0.0,0.0,0.0,0.03,1053.782,3.38,2019-06-29
15,hru15,0.0,0.0,0.394,0.0,0.0,0.0,0.0,0.032,7044.926,3.387,2019-06-29
16,hru16,0.0,0.0,0.391,0.691,0.0,0.0,0.0,0.03,2500.781,3.375,2019-06-29
17,hru17,0.0,0.0,0.393,0.437,0.0,0.0,0.0,0.03,4321.125,3.378,2019-06-29
18,hru18,0.0,0.0,0.394,0.7,0.0,0.0,0.0,0.031,2160.858,3.395,2019-06-29
19,hru19,0.0,0.0,0.396,0.379,0.0,0.0,0.0,0.029,4775.319,3.407,2019-06-29
20,hru20,0.0,0.0,0.393,0.0,0.0,0.0,0.0,0.027,7299.009,3.38,2019-06-29
21,hru21,0.0,0.0,0.394,0.476,0.0,0.0,0.0,0.032,3765.071,3.4,2019-06-29
22,hru22,0.0,0.0,0.394,0.699,0.0,0.0,0.0,0.031,2165.167,3.395,2019-06-29
23,hru23,0.0,0.0,0.394,0.553,0.0,0.0,0.0,0.031,3152.65,3.341,2019-06-29
24,hru24,0.0,0.0,0.394,0.0,0.0,0.0,0.0,0.031,6993.432,3.382,2019-06-29
25,hru25,0.0,0.0,0.393,0.0,0.0,0.0,0.0,0.021,3519.109,2.555,2019-06-29
26,hru26,0.0,0.0,0.393,0.0,0.0,0.0,0.0,0.028,7159.448,3.377,2019-06-29
27,hru27,0.0,0.0,0.39,0.0,0.0,0.0,0.0,0.029,6760.224,3.379,2019-06-29
28,hru28,0.0,0.0,0.392,0.983,0.0,0.0,0.028,0.017,4.423,0.209,2019-06-29
29,hru29,0.0,0.0,0.391,0.952,0.0,0.0,0.0,0.031,362.22,3.38,2019-06-29
30,hru30,0.0,0.0,0.39,0.952,0.0,0.0,0.0,0.03,338.342,3.369,2019-06-29
31,hru31,0.0,0.0,0.387,0.987,0.0,0.0,0.0,0.029,105.691,3.319,2019-06-29
32,hru32,0.0,0.0,0.392,0.869,0.0,0.0,0.0,0.029,952.273,3.388,2019-06-29
33,hru33,0.0,0.0,0.389,0.971,0.0,0.0,0.0,0.028,218.236,3.368,2019-06-29
34,hru34,0.0,0.0,0.389,0.971,0.0,0.0,0.0,0.028,219.8,3.368,2019-06-29
35,hru35,0.0,0.0,0.386,0.984,0.0,0.0,0.0,0.028,121.422,3.322,2019-06-29
36,hru36,0.0,0.0,0.389,0.971,0.0,0.0,0.0,0.028,217.718,3.368,2019-06-29
1,hru01,0.0,0.0,0.394,0.986,0.0,0.0,0.0,0.032,110.928,3.4,2019-06-30
2,hru02,0.522,0.0,0.397,0.146,0.0,0.0,0.0,0.024,3081.535,3.44,2019-06-30
3,hru03,0.0,0.0,0.39,0.987,0.0,0.0,0.0,0.017,48.719,2.486,2019-06-30
4,hru04,0.0,0.0,0.393,0.984,0.0,0.0,0.0,0.018,61.206,2.528,2019-06-30
5,hru05,0.0,0.0,0.396,0.962,0.0,0.0,0.0,0.03,261.15,3.409,2019-06-30
6,hru06,0.0,0.0,0.396,0.962,0.0,0.0,0.0,0.03,260.91,3.409,2019-06-30
7,hru07,0.0,0.0,0.399,0.836,0.0,0.0,0.0,0.024,1165.051,3.451,2019-06-30
8,hru08,0.0,0.0,0.39,0.978,0.0,0.0,0.0,0.032,157.405,3.367,2019-06-30
9,hru09,0.0,0.0,0.397,0.904,0.0,0.0,0.0,0.029,677.744,3.441,2019-06-30
10,hru10,0.0,0.0,0.397,0.904,0.0,0.0,0.0,0.029,676.919,3.441,2019-06-30
11,hru11,0.0,0.0,0.399,0.932,0.0,0.0,0.0,0.023,436.502,3.457,2019-06-30
12,hru12,0.0,0.0,0.398,0.841,0.0,0.0,0.0,0.025,1114.385,3.451,2019-06-30
13,hru13,0.0,0.0,0.4,0.0,0.0,0.0,0.0,0.024,7311.801,3.457,2019-06-30
14,hru14,0.0,0.0,0.398,0.841,0.0,0.0,0.0,0.025,1114.699,3.451,2019-06-30
15,hru15,0.0,0.0,0.402,0.0,0.0,0.0,0.0,0.023,7470.021,3.455,2019-06-30
16,hru16,0.0,0.0,0.399,0.645,0.0,0.0,0.0,0.028,2636.739,3.447,2019-06-30
17,hru17,0.0,0.0,0.401,0.356,0.0,0.0,0.0,0.03,4569.063,3.447,2019-06-30
18,hru18,0.0,0.0,0.401,0.656,0.0,0.0,0.0,0.027,2292.886,3.463,2019-06-30
19,hru19,0.0,0.0,0.404,0.306,0.0,0.0,0.0,0.029,5049.226,3.473,2019-06-30
20,hru20,0.0,0.0,0.401,0.0,0.0,0.0,0.0,0.025,7727.551,3.446,2019-06-30
21,hru21,0.0,0.0,0.402,0.412,0.0,0.0,0.0,0.023,3995.43,3.468,2019-06-30
22,hru22,0.0,0.0,0.401,0.655,0.0,0.0,0.0,0.027,2297.481,3.463,2019-06-30
23,hru23,0.0,0.0,0.401,0.493,0.0,0.0,0.0,0.027,3348.083,3.41,2019-06-30
24,hru24,0.0,0.0,0.402,0.0,0.0,0.0,0.0,0.025,7418.821,3.45,2019-06-30
25,hru25,0.0,0.0,0.401,0.0,0.0,0.0,0.0,0.022,3875.194,2.647,2019-06-30
26,hru26,0.0,0.0,0.401,0.0,0.0,0.0,0.0,0.029,7586.716,3.444,2019-06-30
27,hru27,0.0,0.0,0.398,0.0,0.0,0.0,0.0,0.025,7185.63,3.45,2019-06-30
28,hru28,0.0,0.0,0.399,0.981,0.0,0.0,0.027,0.024,5.574,0.297,2019-06-30
29,hru29,0.0,0.0,0.398,0.946,0.0,0.0,0.0,0.025,383.186,3.452,2019-06-30
30,hru30,0.0,0.0,0.398,0.946,0.0,0.0,0.0,0.024,359.406,3.442,2019-06-30
31,hru31,0.0,0.0,0.394,0.986,0.0,0.0,0.0,0.032,111.201,3.4,2019-06-30
32,hru32,0.0,0.0,0.4,0.853,0.0,0.0,0.0,0.024,1009.846,3.457,2019-06-30
33,hru33,0.0,0.0,0.397,0.968,0.0,0.0,0.0,0.03,230.849,3.44,2019-06-30
34,hru34,0.0,0.0,0.397,0.968,0.0,0.0,0.0,0.03,232.508,3.44,2019-06-30
35,hru35,0.0,0.0,0.394,0.981,0.0,0.0,0.0,0.03,128.62,3.402,2019-06-30
36,hru36,0.0,0.0,0.397,0.968,0.0,0.0,0.0,0.03,230.3,3.44,2019-06-30
1,hru01,0.0,0.0,0.402,0.984,0.0,0.0,0.0,0.007,117.276,3.468,2019-07-01
2,hru02,0.524,0.0,0.404,0.04,0.0,0.0,0.0,0.008,3297.638,3.5,2019-07-01
3,hru03,0.0,0.0,0.398,0.985,0.0,0.0,0.0,0.052,53.554,2.597,2019-07-01
4,hru04,0.0,0.0,0.401,0.982,0.0,0.0,0.0,0.049,67.255,2.627,2019-07-01
5,hru05,0.0,0.0,0.403,0.956,0.0,0.0,0.0,0.008,278.329,3.475,2019-07-01
6,hru06,0.0,0.0,0.403,0.956,0.0,0.0,0.0,0.008,278.073,3.475,2019-07-01
7,hru07,0.0,0.0,0.406,0.815,0.0,0.0,0.0,0.009,1239.495,3.508,2019-07-01
8,hru08,0.0,0.0,0.398,0.975,0.0,0.0,0.0,0.005,167.289,3.44,2019-07-01
9,hru09,0.0,0.0,0.404,0.889,0.0,0.0,0.0,0.007,721.111,3.501,2019-07-01
10,hru10,0.0,0.0,0.404,0.89,0.0,0.0,0.0,0.007,720.236,3.501,2019-07-01
11,hru11,0.0,0.0,0.407,0.924,0.0,0.0,0.0,0.008,467.123,3.513,2019-07-01
12,hru12,0.0,0.0,0.406,0.816,0.0,0.0,0.0,0.008,1186.259,3.509,2019-07-01
13,hru13,0.0,0.0,0.407,0.0,0.0,0.0,0.0,0.008,7754.219,3.514,2019-07-01
14,hru14,0.0,0.0,0.406,0.816,0.0,0.0,0.0,0.008,1186.596,3.509,2019-07-01
15,hru15,0.0,0.0,0.409,0.0,0.0,0.0,0.0,0.009,7914.488,3.51,2019-07-01
16,hru16,0.0,0.0,0.406,0.587,0.0,0.0,0.0,0.007,2798.405,3.505,2019-07-01
17,hru17,0.0,0.0,0.409,0.254,0.0,0.0,0.0,0.01,4863.416,3.505,2019-07-01
18,hru18,0.0,0.0,0.409,0.6,0.0,0.0,0.0,0.01,2449.604,3.518,2019-07-01
19,hru19,0.0,0.0,0.411,0.215,0.0,0.0,0.0,0.012,5367.318,3.527,2019-07-01
20,hru20,0.0,0.0,0.409,0.0,0.0,0.0,0.0,0.01,8175.106,3.501,2019-07-01
21,hru21,0.0,0.0,0.409,0.335,0.0,0.0,0.0,0.009,4263.215,3.523,2019-07-01
22,hru22,0.0,0.0,0.409,0.599,0.0,0.0,0.0,0.01,2454.541,3.518,2019-07-01
23,hru23,0.0,0.0,0.409,0.417,0.0,0.0,0.0,0.01,3577.861,3.467,2019-07-01
24,hru24,0.0,0.0,0.409,0.0,0.0,0.0,0.0,0.01,7862.301,3.505,2019-07-01
25,hru25,0.0,0.0,0.409,0.0,0.0,0.0,0.0,0.04,4248.476,2.712,2019-07-01
26,hru26,0.0,0.0,0.408,0.0,0.0,0.0,0.0,0.012,8030.829,3.499,2019-07-01
27,hru27,0.0,0.0,0.405,0.0,0.0,0.0,0.0,0.008,7627.097,3.508,2019-07-01
28,hru28,0.0,0.0,0.407,0.979,0.0,0.0,0.027,0.045,7.282,0.41,2019-07-01
29,hru29,0.0,0.0,0.406,0.939,0.0,0.0,0.0,0.008,407.57,3.509,2019-07-01
30,hru30,0.0,0.0,0.405,0.938,0.0,0.0,0.0,0.008,383.897,3.501,2019-07-01
31,hru31,0.0,0.0,0.402,0.984,0.0,0.0,0.0,0.007,117.565,3.468,2019-07-01
32,hru32,0.0,0.0,0.407,0.834,0.0,0.0,0.0,0.008,1076.418,3.514,2019-07-01
33,hru33,0.0,0.0,0.405,0.963,0.0,0.0,0.0,0.009,245.429,3.501,2019-07-01
34,hru34,0.0,0.0,0.405,0.963,0.0,0.0,0.0,0.009,247.198,3.501,2019-07-01
35,hru35,0.0,0.0,0.402,0.979,0.0,0.0,0.0,0.007,136.941,3.47,2019-07-01
36,hru36,0.0,0.0,0.405,0.963,0.0,0.0,0.0,0.009,244.844,3.501,2019-07-01
1,hru01,0.0,0.0,0.409,0.986,0.0,0.0,0.0,0.0,124.573,3.519,2019-07-02
2,hru02,0.533,0.0,0.411,0.08,0.0,0.0,0.0,0.0,3514.517,3.546,2019-07-02
3,hru03,0.0,0.0,0.405,0.985,0.0,0.0,0.0,0.091,59.413,2.671,2019-07-02
4,hru04,0.0,0.0,0.408,0.981,0.0,0.0,0.0,0.089,74.25,2.694,2019-07-02
5,hru05,0.0,0.0,0.411,0.956,0.0,0.0,0.0,0.0,298.214,3.526,2019-07-02
6,hru06,0.0,0.0,0.411,0.956,0.0,0.0,0.0,0.0,297.939,3.526,2019-07-02
7,hru07,0.0,0.0,0.413,0.81,0.0,0.0,0.0,0.0,1324.372,3.553,2019-07-02
8,hru08,0.0,0.0,0.405,0.975,0.0,0.0,0.0,0.0,178.769,3.496,2019-07-02
9,hru09,0.0,0.0,0.412,0.876,0.0,0.0,0.0,0.0,771.89,3.547,2019-07-02
10,hru10,0.0,0.0,0.412,0.876,0.0,0.0,0.0,0.0,770.955,3.547,2019-07-02
11,hru11,0.0,0.0,0.414,0.928,0.0,0.0,0.0,0.0,502.022,3.557,2019-07-02
12,hru12,0.0,0.0,0.413,0.797,0.0,0.0,0.0,0.0,1270.925,3.554,2019-07-02
13,hru13,0.0,0.0,0.415,0.0,0.0,0.0,0.0,0.0,8211.451,3.558,2019-07-02
14,hru14,0.0,0.0,0.413,0.797,0.0,0.0,0.0,0.0,1271.289,3.554,2019-07-02
15,hru15,0.0,0.0,0.416,0.0,0.0,0.0,0.0,0.0,8374.036,3.553,2019-07-02
16,hru16,0.0,0.0,0.413,0.578,0.0,0.0,0.0,0.0,2991.097,3.551,2019-07-02
17,hru17,0.0,0.0,0.416,0.277,0.0,0.0,0.0,0.0,5212.512,3.549,2019-07-02
18,hru18,0.0,0.0,0.416,0.567,0.0,0.0,0.0,0.0,2635.055,3.561,2019-07-02
19,hru19,0.0,0.0,0.419,0.168,0.0,0.0,0.0,0.001,5734.383,3.569,2019-07-02
20,hru20,0.0,0.0,0.416,0.0,0.0,0.0,0.0,0.001,8643.023,3.544,2019-07-02
21,hru21,0.0,0.0,0.416,0.28,0.0,0.0,0.0,0.0,4572.193,3.565,2019-07-02
22,hru22,0.0,0.0,0.416,0.566,0.0,0.0,0.0,0.0,2640.397,3.561,2019-07-02
23,hru23,0.0,0.0,0.416,0.371,0.0,0.0,0.0,0.0,3846.533,3.512,2019-07-02
24,hru24,0.0,0.0,0.417,0.0,0.0,0.0,0.0,0.0,8322.025,3.548,2019-07-02
25,hru25,0.0,0.0,0.416,0.0,0.0,0.0,0.0,0.067,4626.701,2.757,2019-07-02
26,hru26,0.0,0.0,0.415,0.0,0.0,0.0,0.0,0.001,8494.73,3.542,2019-07-02
27,hru27,0.0,0.0,0.412,0.0,0.0,0.0,0.0,0.0,8083.731,3.553,2019-07-02
28,hru28,0.0,0.0,0.414,0.981,0.0,0.0,0.027,0.086,9.725,0.543,2019-07-02
29,hru29,0.0,0.0,0.413,0.931,0.0,0.0,0.0,0.0,435.762,3.554,2019-07-02
30,hru30,0.0,0.0,0.412,0.932,0.0,0.0,0.0,0.0,412.193,3.547,2019-07-02
31,hru31,0.0,0.0,0.409,0.986,0.0,0.0,0.0,0.0,124.882,3.519,2019-07-02
32,hru32,0.0,0.0,0.415,0.818,0.0,0.0,0.0,0.0,1153.051,3.558,2019-07-02
33,hru33,0.0,0.0,0.412,0.962,0.0,0.0,0.0,0.0,262.166,3.547,2019-07-02
34,hru34,0.0,0.0,0.412,0.962,0.0,0.0,0.0,0.0,264.064,3.547,2019-07-02
35,hru35,0.0,0.0,0.409,0.982,0.0,0.0,0.0,0.0,146.493,3.521,2019-07-02
36,hru36,0.0,0.0,0.412,0.963,0.0,0.0,0.0,0.0,261.539,3.547,2019-07-02
1,hru01,0.0,0.0,0.416,0.985,0.0,0.0,0.0,0.002,130.977,3.559,2019-07-03
2,hru02,0.54,0.0,0.418,0.122,0.0,0.0,0.0,0.001,3721.943,3.581,2019-07-03
3,hru03,0.0,0.0,0.411,0.985,0.0,0.0,0.0,0.113,64.961,2.722,2019-07-03
4,hru04,0.0,0.0,0.415,0.981,0.0,0.0,0.0,0.115,81.048,2.739,2019-07-03
5,hru05,0.0,0.0,0.417,0.955,0.0,0.0,0.0,0.002,317.749,3.564,2019-07-03
6,hru06,0.0,0.0,0.417,0.955,0.0,0.0,0.0,0.002,317.455,3.564,2019-07-03
7,hru07,0.0,0.0,0.42,0.808,0.0,0.0,0.0,0.001,1407.935,3.587,2019-07-03
8,hru08,0.0,0.0,0.411,0.975,0.0,0.0,0.0,0.003,189.8,3.54,2019-07-03
9,hru09,0.0,0.0,0.418,0.877,0.0,0.0,0.0,0.002,826.274,3.582,2019-07-03
10,hru10,0.0,0.0,0.418,0.877,0.0,0.0,0.0,0.002,825.275,3.582,2019-07-03
11,hru11,0.0,0.0,0.421,0.925,0.0,0.0,0.0,0.001,533.865,3.59,2019-07-03
12,hru12,0.0,0.0,0.42,0.808,0.0,0.0,0.0,0.002,1359.446,3.588,2019-07-03
13,hru13,0.0,0.0,0.421,0.0,0.0,0.0,0.0,0.001,8648.799,3.591,2019-07-03
14,hru14,0.0,0.0,0.42,0.808,0.0,0.0,0.0,0.002,1359.838,3.588,2019-07-03
15,hru15,0.0,0.0,0.423,0.0,0.0,0.0,0.0,0.001,8809.174,3.585,2019-07-03
16,hru16,0.0,0.0,0.42,0.586,0.0,0.0,0.0,0.002,3174.154,3.585,2019-07-03
17,hru17,0.0,0.0,0.423,0.27,0.0,0.0,0.0,0.001,5525.673,3.582,2019-07-03
18,hru18,0.0,0.0,0.423,0.547,0.0,0.0,0.0,0.001,2823.545,3.594,2019-07-03
19,hru19,0.0,0.0,0.426,0.144,0.0,0.0,0.0,0.001,6095.619,3.601,2019-07-03
20,hru20,0.0,0.0,0.423,0.0,0.0,0.0,0.0,0.001,9075.011,3.577,2019-07-03
21,hru21,0.0,0.0,0.423,0.252,0.0,0.0,0.0,0.001,4885.863,3.597,2019-07-03
22,hru22,0.0,0.0,0.423,0.546,0.0,0.0,0.0,0.001,2829.303,3.594,2019-07-03
23,hru23,0.0,0.0,0.423,0.343,0.0,0.0,0.0,0.001,4118.697,3.547,2019-07-03
24,hru24,0.0,0.0,0.424,0.0,0.0,0.0,0.0,0.001,8757.438,3.58,2019-07-03
25,hru25,0.0,0.0,0.423,0.0,0.0,0.0,0.0,0.098,4963.642,2.787,2019-07-03
26,hru26,0.0,0.0,0.422,0.0,0.0,0.0,0.0,0.0,8928.593,3.576,2019-07-03
27,hru27,0.0,0.0,0.419,0.0,0.0,0.0,0.0,0.001,8520.16,3.587,2019-07-03
28,hru28,0.0,0.0,0.421,0.981,0.0,0.0,0.026,0.103,12.378,0.687,2019-07-03
29,hru29,0.0,0.0,0.42,0.935,0.0,0.0,0.0,0.002,465.986,3.588,2019-07-03
30,hru30,0.0,0.0,0.419,0.936,0.0,0.0,0.0,0.001,441.93,3.583,2019-07-03
31,hru31,0.0,0.0,0.416,0.985,0.0,0.0,0.0,0.002,131.302,3.559,2019-07-03
32,hru32,0.0,0.0,0.421,0.809,0.0,0.0,0.0,0.001,1232.854,3.591,2019-07-03
33,hru33,0.0,0.0,0.419,0.963,0.0,0.0,0.0,0.001,278.808,3.582,2019-07-03
34,hru34,0.0,0.0,0.419,0.962,0.0,0.0,0.0,0.001,280.833,3.582,2019-07-03
35,hru35,0.0,0.0,0.416,0.981,0.0,0.0,0.0,0.002,154.66,3.561,2019-07-03
36,hru36,0.0,0.0,0.419,0.963,0.0,0.0,0.0,0.001,278.139,3.582,2019-07-03
1,hru01,0.0,0.0,0.423,0.987,0.0,0.0,0.0,0.002,136.844,3.591,2019-07-04
2,hru02,0.532,0.0,0.425,0.123,0.0,0.0,0.0,0.002,3900.251,3.609,2019-07-04
3,hru03,0.0,0.0,0.418,0.988,0.0,0.0,0.0,0.119,69.71,2.758,2019-07-04
4,hru04,0.0,0.0,0.421,0.983,0.0,0.0,0.0,0.117,87.085,2.771,2019-07-04
5,hru05,0.0,0.0,0.424,0.958,0.0,0.0,0.0,0.003,334.861,3.595,2019-07-04
6,hru06,0.0,0.0,0.424,0.958,0.0,0.0,0.0,0.003,334.551,3.595,2019-07-04
7,hru07,0.0,0.0,0.427,0.817,0.0,0.0,0.0,0.002,1481.827,3.615,2019-07-04
8,hru08,0.0,0.0,0.418,0.979,0.0,0.0,0.0,0.004,199.258,3.574,2019-07-04
9,hru09,0.0,0.0,0.425,0.889,0.0,0.0,0.0,0.003,872.943,3.61,2019-07-04
10,hru10,0.0,0.0,0.425,0.889,0.0,0.0,0.0,0.003,871.888,3.61,2019-07-04
11,hru11,0.0,0.0,0.428,0.926,0.0,0.0,0.0,0.002,562.937,3.617,2019-07-04
12,hru12,0.0,0.0,0.427,0.852,0.0,0.0,0.0,0.002,1432.26,3.615,2019-07-04
13,hru13,0.0,0.0,0.428,0.0,0.0,0.0,0.0,0.002,9031.296,3.618,2019-07-04
14,hru14,0.0,0.0,0.427,0.852,0.0,0.0,0.0,0.002,1432.676,3.615,2019-07-04
15,hru15,0.0,0.0,0.43,0.0,0.0,0.0,0.0,0.002,9188.184,3.611,2019-07-04
16,hru16,0.0,0.0,0.427,0.714,0.0,0.0,0.0,0.003,3327.348,3.612,2019-07-04
17,hru17,0.0,0.0,0.43,0.541,0.0,0.0,0.0,0.002,5795.297,3.609,2019-07-04
18,hru18,0.0,0.0,0.43,0.677,0.0,0.0,0.0,0.002,2995.1,3.62,2019-07-04
19,hru19,0.0,0.0,0.433,0.281,0.0,0.0,0.0,0.001,6418.029,3.626,2019-07-04
20,hru20,0.0,0.0,0.43,0.0,0.0,0.0,0.0,0.001,9447.606,3.603,2019-07-04
21,hru21,0.0,0.0,0.43,0.364,0.0,0.0,0.0,0.002,5169.781,3.623,2019-07-04
22,hru22,0.0,0.0,0.43,0.676,0.0,0.0,0.0,0.002,3001.237,3.62,2019-07-04
23,hru23,0.0,0.0,0.43,0.516,0.0,0.0,0.0,0.002,4366.356,3.574,2019-07-04
24,hru24,0.0,0.0,0.431,0.0,0.0,0.0,0.0,0.001,9137.043,3.607,2019-07-04
25,hru25,0.0,0.0,0.43,0.0,0.0,0.0,0.0,0.098,5244.518,2.807,2019-07-04
26,hru26,0.0,0.0,0.429,0.0,0.0,0.0,0.0,0.001,9304.961,3.602,2019-07-04
27,hru27,0.0,0.0,0.426,0.0,0.0,0.0,0.0,0.002,8901.558,3.615,2019-07-04
28,hru28,0.0,0.0,0.428,0.981,0.0,0.0,0.026,0.109,15.21,0.848,2019-07-04
29,hru29,0.0,0.0,0.427,0.939,0.0,0.0,0.0,0.002,491.012,3.615,2019-07-04
30,hru30,0.0,0.0,0.426,0.942,0.0,0.0,0.0,0.002,466.438,3.611,2019-07-04
31,hru31,0.0,0.0,0.423,0.987,0.0,0.0,0.0,0.002,137.185,3.591,2019-07-04
32,hru32,0.0,0.0,0.428,0.831,0.0,0.0,0.0,0.002,1305.999,3.618,2019-07-04
33,hru33,0.0,0.0,0.425,0.963,0.0,0.0,0.0,0.002,293.161,3.61,2019-07-04
34,hru34,0.0,0.0,0.425,0.962,0.0,0.0,0.0,0.002,295.298,3.61,2019-07-04
35,hru35,0.0,0.0,0.423,0.983,0.0,0.0,0.0,0.002,162.12,3.592,2019-07-04
36,hru36,0.0,0.0,0.425,0.963,0.0,0.0,0.0,0.002,292.456,3.61,2019-07-04
1,hru01,0.0,0.0,0.43,0.986,0.0,0.0,0.0,0.003,141.55,3.618,2019-07-05
2,hru02,0.522,0.0,0.432,0.094,0.0,0.0,0.0,0.001,4067.842,3.633,2019-07-05
3,hru03,0.0,0.0,0.425,0.987,0.0,0.0,0.0,0.121,73.346,2.785,2019-07-05
4,hru04,0.0,0.0,0.428,0.982,0.0,0.0,0.0,0.117,92.122,2.795,2019-07-05
5,hru05,0.0,0.0,0.431,0.955,0.0,0.0,0.0,0.002,350.098,3.621,2019-07-05
6,hru06,0.0,0.0,0.431,0.955,0.0,0.0,0.0,0.002,349.773,3.621,2019-07-05
7,hru07,0.0,0.0,0.434,0.808,0.0,0.0,0.0,0.001,1547.498,3.637,2019-07-05
8,hru08,0.0,0.0,0.425,0.977,0.0,0.0,0.0,0.004,206.974,3.603,2019-07-05
9,hru09,0.0,0.0,0.432,0.883,0.0,0.0,0.0,0.002,913.181,3.633,2019-07-05
10,hru10,0.0,0.0,0.432,0.883,0.0,0.0,0.0,0.002,912.079,3.633,2019-07-05
11,hru11,0.0,0.0,0.435,0.921,0.0,0.0,0.0,0.001,589.685,3.639,2019-07-05
12,hru12,0.0,0.0,0.434,0.842,0.0,0.0,0.0,0.001,1485.804,3.637,2019-07-05
13,hru13,0.0,0.0,0.435,0.0,0.0,0.0,0.0,0.001,9390.026,3.639,2019-07-05
14,hru14,0.0,0.0,0.434,0.842,0.0,0.0,0.0,0.001,1486.236,3.637,2019-07-05
15,hru15,0.0,0.0,0.437,0.0,0.0,0.0,0.0,0.001,9548.959,3.633,2019-07-05
16,hru16,0.0,0.0,0.434,0.694,0.0,0.0,0.0,0.002,3432.519,3.635,2019-07-05
17,hru17,0.0,0.0,0.436,0.508,0.0,0.0,0.0,0.001,5964.238,3.631,2019-07-05
18,hru18,0.0,0.0,0.437,0.65,0.0,0.0,0.0,0.0,3111.875,3.641,2019-07-05
19,hru19,0.0,0.0,0.44,0.239,0.0,0.0,0.0,0.0,6679.604,3.647,2019-07-05
20,hru20,0.0,0.0,0.437,0.0,0.0,0.0,0.0,0.0,9812.648,3.625,2019-07-05
21,hru21,0.0,0.0,0.437,0.321,0.0,0.0,0.0,0.001,5399.731,3.644,2019-07-05
22,hru22,0.0,0.0,0.437,0.649,0.0,0.0,0.0,0.0,3118.27,3.641,2019-07-05
23,hru23,0.0,0.0,0.437,0.479,0.0,0.0,0.0,0.0,4540.373,3.597,2019-07-05
24,hru24,0.0,0.0,0.438,0.0,0.0,0.0,0.0,0.0,9498.271,3.628,2019-07-05
25,hru25,0.0,0.0,0.437,0.0,0.0,0.0,0.0,0.091,5519.688,2.822,2019-07-05
26,hru26,0.0,0.0,0.436,0.0,0.0,0.0,0.0,0.0,9669.316,3.624,2019-07-05
27,hru27,0.0,0.0,0.433,0.0,0.0,0.0,0.0,0.001,9259.788,3.637,2019-07-05
28,hru28,0.0,0.0,0.435,0.98,0.0,0.0,0.0,0.098,18.214,1.025,2019-07-05
29,hru29,0.0,0.0,0.434,0.937,0.0,0.0,0.0,0.001,512.827,3.637,2019-07-05
30,hru30,0.0,0.0,0.433,0.939,0.0,0.0,0.0,0.001,487.244,3.634,2019-07-05
31,hru31,0.0,0.0,0.43,0.986,0.0,0.0,0.0,0.003,141.902,3.618,2019-07-05
32,hru32,0.0,0.0,0.435,0.822,0.0,0.0,0.0,0.001,1366.725,3.639,2019-07-05
33,hru33,0.0,0.0,0.432,0.961,0.0,0.0,0.0,0.001,306.604,3.633,2019-07-05
34,hru34,0.0,0.0,0.432,0.96,0.0,0.0,0.0,0.001,308.844,3.633,2019-07-05
35,hru35,0.0,0.0,0.429,0.982,0.0,0.0,0.0,0.002,168.289,3.618,2019-07-05
36,hru36,0.0,0.0,0.432,0.961,0.0,0.0,0.0,0.001,305.864,3.633,2019-07-05
1,hru01,0.0,0.0,0.436,0.985,0.0,0.0,0.0,0.064,147.989,3.639,2019-07-06
2,hru02,0.563,0.0,0.438,0.033,0.0,0.0,0.0,0.082,4290.126,3.652,2019-07-06
3,hru03,0.0,0.0,0.431,0.985,0.0,0.0,0.0,0.253,78.464,2.805,2019-07-06
4,hru04,0.0,0.0,0.434,0.981,0.0,0.0,0.0,0.256,99.1,2.812,2019-07-06
5,hru05,0.0,0.0,0.437,0.952,0.0,0.0,0.0,0.069,370.936,3.642,2019-07-06
6,hru06,0.0,0.0,0.437,0.952,0.0,0.0,0.0,0.069,370.59,3.642,2019-07-06
7,hru07,0.0,0.0,0.44,0.795,0.0,0.0,0.0,0.085,1636.764,3.656,2019-07-06
8,hru08,0.0,0.0,0.431,0.975,0.0,0.0,0.0,0.061,217.573,3.627,2019-07-06
9,hru09,0.0,0.0,0.438,0.873,0.0,0.0,0.0,0.068,967.618,3.652,2019-07-06
10,hru10,0.0,0.0,0.438,0.874,0.0,0.0,0.0,0.068,966.45,3.652,2019-07-06
11,hru11,0.0,0.0,0.44,0.916,0.0,0.0,0.0,0.091,626.424,3.657,2019-07-06
12,hru12,0.0,0.0,0.44,0.828,0.0,0.0,0.0,0.073,1559.583,3.655,2019-07-06
13,hru13,0.0,0.0,0.441,0.0,0.0,0.0,0.0,0.085,9856.016,3.658,2019-07-06
14,hru14,0.0,0.0,0.44,0.828,0.0,0.0,0.0,0.073,1560.039,3.655,2019-07-06
15,hru15,0.0,0.0,0.443,0.0,0.0,0.0,0.0,0.082,10016.187,3.651,2019-07-06
16,hru16,0.0,0.0,0.44,0.654,0.0,0.0,0.0,0.066,3576.642,3.654,2019-07-06
17,hru17,0.0,0.0,0.442,0.445,0.0,0.0,0.0,0.063,6195.782,3.649,2019-07-06
18,hru18,0.0,0.0,0.443,0.615,0.0,0.0,0.0,0.073,3275.287,3.659,2019-07-06
19,hru19,0.0,0.0,0.445,0.161,0.0,0.0,0.0,0.073,7037.103,3.664,2019-07-06
20,hru20,0.0,0.0,0.443,0.0,0.0,0.0,0.0,0.069,10287.204,3.643,2019-07-06
21,hru21,0.0,0.0,0.443,0.268,0.0,0.0,0.0,0.082,5717.364,3.661,2019-07-06
22,hru22,0.0,0.0,0.443,0.614,0.0,0.0,0.0,0.073,3282.048,3.659,2019-07-06
23,hru23,0.0,0.0,0.443,0.43,0.0,0.0,0.0,0.073,4782.844,3.616,2019-07-06
24,hru24,0.0,0.0,0.443,0.0,0.0,0.0,0.0,0.078,9966.313,3.646,2019-07-06
25,hru25,0.0,0.0,0.443,0.0,0.0,0.0,0.0,0.267,5879.92,2.834,2019-07-06
26,hru26,0.0,0.0,0.442,0.0,0.0,0.0,0.0,0.074,10141.775,3.642,2019-07-06
27,hru27,0.0,0.0,0.439,0.0,0.0,0.0,0.0,0.078,9725.068,3.656,2019-07-06
28,hru28,0.0,0.0,0.44,0.978,0.0,0.0,0.0,0.302,22.899,1.22,2019-07-06
29,hru29,0.0,0.0,0.44,0.932,0.0,0.0,0.0,0.071,542.209,3.656,2019-07-06
30,hru30,0.0,0.0,0.439,0.934,0.0,0.0,0.0,0.082,515.56,3.653,2019-07-06
31,hru31,0.0,0.0,0.436,0.985,0.0,0.0,0.0,0.064,148.358,3.639,2019-07-06
32,hru32,0.0,0.0,0.441,0.808,0.0,0.0,0.0,0.085,1449.807,3.658,2019-07-06
33,hru33,0.0,0.0,0.438,0.958,0.0,0.0,0.0,0.071,324.881,3.653,2019-07-06
34,hru34,0.0,0.0,0.438,0.957,0.0,0.0,0.0,0.071,327.263,3.653,2019-07-06
35,hru35,0.0,0.0,0.435,0.98,0.0,0.0,0.0,0.068,176.807,3.64,2019-07-06
36,hru36,0.0,0.0,0.438,0.958,0.0,0.0,0.0,0.071,324.095,3.653,2019-07-06
1,hru01,0.0,0.0,0.442,0.983,0.0,0.0,0.0,0.042,154.803,3.654,2019-07-07
2,hru02,0.586,0.0,0.444,0.0,0.0,0.0,0.0,0.043,4484.705,3.665,2019-07-07
3,hru03,0.0,0.0,0.437,0.983,0.0,0.0,0.0,0.226,84.056,2.817,2019-07-07
4,hru04,0.0,0.0,0.44,0.979,0.0,0.0,0.0,0.229,106.397,2.823,2019-07-07
5,hru05,0.0,0.0,0.443,0.947,0.0,0.0,0.0,0.046,392.59,3.656,2019-07-07
6,hru06,0.0,0.0,0.443,0.947,0.0,0.0,0.0,0.046,392.224,3.656,2019-07-07
7,hru07,0.0,0.0,0.446,0.776,0.0,0.0,0.0,0.042,1729.278,3.668,2019-07-07
8,hru08,0.0,0.0,0.437,0.973,0.0,0.0,0.0,0.046,228.822,3.644,2019-07-07
9,hru09,0.0,0.0,0.444,0.859,0.0,0.0,0.0,0.048,1025.098,3.665,2019-07-07
10,hru10,0.0,0.0,0.444,0.86,0.0,0.0,0.0,0.048,1023.862,3.665,2019-07-07
11,hru11,0.0,0.0,0.447,0.908,0.0,0.0,0.0,0.042,664.456,3.669,2019-07-07
12,hru12,0.0,0.0,0.446,0.809,0.0,0.0,0.0,0.046,1638.22,3.668,2019-07-07
13,hru13,0.0,0.0,0.447,0.0,0.0,0.0,0.0,0.043,10273.154,3.669,2019-07-07
14,hru14,0.0,0.0,0.446,0.809,0.0,0.0,0.0,0.046,1638.701,3.668,2019-07-07
15,hru15,0.0,0.0,0.449,0.0,0.0,0.0,0.0,0.043,10439.478,3.662,2019-07-07
16,hru16,0.0,0.0,0.446,0.614,0.0,0.0,0.0,0.049,3738.192,3.666,2019-07-07
17,hru17,0.0,0.0,0.449,0.381,0.0,0.0,0.0,0.043,6456.433,3.661,2019-07-07
18,hru18,0.0,0.0,0.449,0.57,0.0,0.0,0.0,0.042,3452.943,3.671,2019-07-07
19,hru19,0.0,0.0,0.452,0.087,0.0,0.0,0.0,0.041,7428.764,3.675,2019-07-07
20,hru20,0.0,0.0,0.449,0.0,0.0,0.0,0.0,0.045,10729.738,3.655,2019-07-07
21,hru21,0.0,0.0,0.449,0.202,0.0,0.0,0.0,0.043,6055.218,3.673,2019-07-07
22,hru22,0.0,0.0,0.449,0.569,0.0,0.0,0.0,0.042,3460.101,3.671,2019-07-07
23,hru23,0.0,0.0,0.449,0.371,0.0,0.0,0.0,0.042,5044.368,3.629,2019-07-07
24,hru24,0.0,0.0,0.45,0.0,0.0,0.0,0.0,0.042,10391.575,3.658,2019-07-07
25,hru25,0.0,0.0,0.449,0.0,0.0,0.0,0.0,0.224,6170.762,2.84,2019-07-07
26,hru26,0.0,0.0,0.449,0.0,0.0,0.0,0.0,0.041,10576.067,3.654,2019-07-07
27,hru27,0.0,0.0,0.445,0.0,0.0,0.0,0.0,0.045,10145.463,3.668,2019-07-07
28,hru28,0.0,0.0,0.447,0.976,0.0,0.0,0.0,0.219,28.35,1.359,2019-07-07
29,hru29,0.0,0.0,0.446,0.925,0.0,0.0,0.0,0.043,572.992,3.668,2019-07-07
30,hru30,0.0,0.0,0.445,0.928,0.0,0.0,0.0,0.045,545.146,3.665,2019-07-07
31,hru31,0.0,0.0,0.442,0.983,0.0,0.0,0.0,0.042,155.19,3.654,2019-07-07
32,hru32,0.0,0.0,0.447,0.79,0.0,0.0,0.0,0.043,1537.144,3.669,2019-07-07
33,hru33,0.0,0.0,0.445,0.954,0.0,0.0,0.0,0.043,343.783,3.665,2019-07-07
34,hru34,0.0,0.0,0.445,0.953,0.0,0.0,0.0,0.043,346.313,3.665,2019-07-07
35,hru35,0.0,0.0,0.442,0.978,0.0,0.0,0.0,0.045,185.684,3.655,2019-07-07
36,hru36,0.0,0.0,0.445,0.954,0.0,0.0,0.0,0.043,342.948,3.665,2019-07-07
1,hru01,0.0,0.0,0.448,0.981,0.0,0.0,0.0,0.022,163.115,3.667,2019-07-08
2,hru02,0.0,0.0,0.45,0.0,0.0,0.0,0.0,0.028,4689.888,3.677,2019-07-08
3,hru03,0.0,0.0,0.444,0.981,0.0,0.0,0.0,0.181,90.996,2.827,2019-07-08
4,hru04,0.0,0.0,0.447,0.976,0.0,0.0,0.0,0.184,115.187,2.832,2019-07-08
5,hru05,0.0,0.0,0.45,0.94,0.0,0.0,0.0,0.027,418.971,3.669,2019-07-08
6,hru06,0.0,0.0,0.45,0.94,0.0,0.0,0.0,0.027,418.579,3.669,2019-07-08
7,hru07,0.0,0.0,0.452,0.752,0.0,0.0,0.0,0.03,1840.148,3.679,2019-07-08
8,hru08,0.0,0.0,0.444,0.969,0.0,0.0,0.0,0.025,242.347,3.658,2019-07-08
9,hru09,0.0,0.0,0.451,0.841,0.0,0.0,0.0,0.027,1094.698,3.676,2019-07-08
10,hru10,0.0,0.0,0.451,0.841,0.0,0.0,0.0,0.027,1093.376,3.676,2019-07-08
11,hru11,0.0,0.0,0.453,0.898,0.0,0.0,0.0,0.032,710.06,3.68,2019-07-08
12,hru12,0.0,0.0,0.452,0.783,0.0,0.0,0.0,0.026,1732.749,3.679,2019-07-08
13,hru13,0.0,0.0,0.454,0.0,0.0,0.0,0.0,0.029,10746.82,3.681,2019-07-08
14,hru14,0.0,0.0,0.452,0.783,0.0,0.0,0.0,0.026,1733.262,3.679,2019-07-08
15,hru15,0.0,0.0,0.456,0.0,0.0,0.0,0.0,0.027,10913.347,3.673,2019-07-08
16,hru16,0.0,0.0,0.452,0.562,0.0,0.0,0.0,0.025,3929.775,3.678,2019-07-08
17,hru17,0.0,0.0,0.455,0.3,0.0,0.0,0.0,0.023,6763.56,3.673,2019-07-08
18,hru18,0.0,0.0,0.455,0.512,0.0,0.0,0.0,0.025,3665.817,3.681,2019-07-08
19,hru19,0.0,0.0,0.458,0.0,0.0,0.0,0.0,0.023,7882.062,3.686,2019-07-08
20,hru20,0.0,0.0,0.455,0.0,0.0,0.0,0.0,0.022,11205.31,3.665,2019-07-08
21,hru21,0.0,0.0,0.456,0.117,0.0,0.0,0.0,0.027,6451.13,3.683,2019-07-08
22,hru22,0.0,0.0,0.455,0.511,0.0,0.0,0.0,0.025,3673.452,3.681,2019-07-08
23,hru23,0.0,0.0,0.455,0.294,0.0,0.0,0.0,0.025,5354.719,3.641,2019-07-08
24,hru24,0.0,0.0,0.456,0.0,0.0,0.0,0.0,0.027,10866.414,3.669,2019-07-08
25,hru25,0.0,0.0,0.455,0.0,0.0,0.0,0.0,0.174,6493.22,2.846,2019-07-08
26,hru26,0.0,0.0,0.455,0.0,0.0,0.0,0.0,0.021,11052.911,3.665,2019-07-08
27,hru27,0.0,0.0,0.452,0.0,0.0,0.0,0.0,0.028,10618.05,3.679,2019-07-08
28,hru28,0.0,0.0,0.453,0.974,0.0,0.0,0.0,0.198,35.31,1.521,2019-07-08
29,hru29,0.0,0.0,0.452,0.916,0.0,0.0,0.0,0.027,610.096,3.679,2019-07-08
30,hru30,0.0,0.0,0.451,0.919,0.0,0.0,0.0,0.028,580.924,3.677,2019-07-08
31,hru31,0.0,0.0,0.448,0.981,0.0,0.0,0.0,0.022,163.525,3.667,2019-07-08
32,hru32,0.0,0.0,0.454,0.766,0.0,0.0,0.0,0.029,1640.926,3.681,2019-07-08
33,hru33,0.0,0.0,0.451,0.948,0.0,0.0,0.0,0.025,366.784,3.677,2019-07-08
34,hru34,0.0,0.0,0.451,0.948,0.0,0.0,0.0,0.025,369.497,3.677,2019-07-08
35,hru35,0.0,0.0,0.448,0.975,0.0,0.0,0.0,0.024,196.56,3.668,2019-07-08
36,hru36,0.0,0.0,0.451,0.948,0.0,0.0,0.0,0.025,365.889,3.677,2019-07-08
1,hru01,0.0,0.0,0.455,0.98,0.0,0.0,0.0,0.002,172.348,3.68,2019-07-09
2,hru02,0.0,0.0,0.457,0.0,0.0,0.0,0.0,0.001,5169.944,3.687,2019-07-09
3,hru03,0.0,0.0,0.45,0.98,0.0,0.0,0.0,0.113,99.013,2.836,2019-07-09
4,hru04,0.0,0.0,0.454,0.975,0.0,0.0,0.0,0.113,124.955,2.84,2019-07-09
5,hru05,0.0,0.0,0.456,0.937,0.0,0.0,0.0,0.002,448.483,3.681,2019-07-09
6,hru06,0.0,0.0,0.456,0.937,0.0,0.0,0.0,0.002,448.062,3.681,2019-07-09
7,hru07,0.0,0.0,0.459,0.747,0.0,0.0,0.0,0.001,1962.728,3.689,2019-07-09
8,hru08,0.0,0.0,0.45,0.968,0.0,0.0,0.0,0.003,257.416,3.672,2019-07-09
9,hru09,0.0,0.0,0.457,0.836,0.0,0.0,0.0,0.002,1173.161,3.687,2019-07-09
10,hru10,0.0,0.0,0.457,0.836,0.0,0.0,0.0,0.002,1171.743,3.687,2019-07-09
11,hru11,0.0,0.0,0.46,0.899,0.0,0.0,0.0,0.001,760.51,3.69,2019-07-09
12,hru12,0.0,0.0,0.459,0.782,0.0,0.0,0.0,0.001,1839.599,3.689,2019-07-09
13,hru13,0.0,0.0,0.461,0.0,0.0,0.0,0.0,0.001,11226.343,3.691,2019-07-09
14,hru14,0.0,0.0,0.459,0.782,0.0,0.0,0.0,0.001,1840.148,3.689,2019-07-09
15,hru15,0.0,0.0,0.463,0.0,0.0,0.0,0.0,0.001,11394.483,3.683,2019-07-09
16,hru16,0.0,0.0,0.459,0.565,0.0,0.0,0.0,0.002,4146.495,3.688,2019-07-09
17,hru17,0.0,0.0,0.462,0.378,0.0,0.0,0.0,0.001,7110.35,3.683,2019-07-09
18,hru18,0.0,0.0,0.462,0.608,0.0,0.0,0.0,0.001,3907.118,3.691,2019-07-09
19,hru19,0.0,0.0,0.465,0.097,0.0,0.0,0.0,0.0,8366.449,3.695,2019-07-09
20,hru20,0.0,0.0,0.462,0.0,0.0,0.0,0.0,0.0,11692.062,3.675,2019-07-09
21,hru21,0.0,0.0,0.463,0.246,0.0,0.0,0.0,0.001,6888.107,3.693,2019-07-09
22,hru22,0.0,0.0,0.462,0.607,0.0,0.0,0.0,0.001,3915.294,3.691,2019-07-09
23,hru23,0.0,0.0,0.462,0.418,0.0,0.0,0.0,0.001,5702.124,3.651,2019-07-09
24,hru24,0.0,0.0,0.463,0.0,0.0,0.0,0.0,0.0,11347.694,3.679,2019-07-09
25,hru25,0.0,0.0,0.462,0.0,0.0,0.0,0.0,0.088,6835.815,2.851,2019-07-09
26,hru26,0.0,0.0,0.462,0.0,0.0,0.0,0.0,0.0,11539.226,3.675,2019-07-09
27,hru27,0.0,0.0,0.459,0.0,0.0,0.0,0.0,0.001,11097.705,3.689,2019-07-09
28,hru28,0.0,0.0,0.46,0.975,0.0,0.0,0.0,0.1,43.41,1.688,2019-07-09
29,hru29,0.0,0.0,0.459,0.912,0.0,0.0,0.0,0.002,651.599,3.69,2019-07-09
30,hru30,0.0,0.0,0.458,0.914,0.0,0.0,0.0,0.001,620.92,3.687,2019-07-09
31,hru31,0.0,0.0,0.455,0.98,0.0,0.0,0.0,0.002,172.782,3.68,2019-07-09
32,hru32,0.0,0.0,0.461,0.785,0.0,0.0,0.0,0.001,1756.324,3.691,2019-07-09
33,hru33,0.0,0.0,0.458,0.946,0.0,0.0,0.0,0.001,392.398,3.688,2019-07-09
34,hru34,0.0,0.0,0.458,0.945,0.0,0.0,0.0,0.001,395.316,3.688,2019-07-09
35,hru35,0.0,0.0,0.455,0.974,0.0,0.0,0.0,0.003,208.651,3.68,2019-07-09
36,hru36,0.0,0.0,0.458,0.946,0.0,0.0,0.0,0.001,391.437,3.688,2019-07-09
1,hru01,0.0,0.0,0.461,0.979,0.0,0.0,0.0,0.043,179.462,3.691,2019-07-10
2,hru02,0.0,0.0,0.463,0.0,0.0,0.0,0.0,0.038,5530.344,3.697,2019-07-10
3,hru03,0.0,0.0,0.456,0.978,0.0,0.0,0.0,0.245,105.243,2.844,2019-07-10
4,hru04,0.0,0.0,0.46,0.974,0.0,0.0,0.0,0.237,132.449,2.847,2019-07-10
5,hru05,0.0,0.0,0.463,0.933,0.0,0.0,0.0,0.046,471.185,3.692,2019-07-10
6,hru06,0.0,0.0,0.463,0.933,0.0,0.0,0.0,0.046,470.742,3.692,2019-07-10
7,hru07,0.0,0.0,0.466,0.73,0.0,0.0,0.0,0.034,2054.674,3.699,2019-07-10
8,hru08,0.0,0.0,0.456,0.966,0.0,0.0,0.0,0.056,269.059,3.684,2019-07-10
9,hru09,0.0,0.0,0.464,0.823,0.0,0.0,0.0,0.049,1233.045,3.697,2019-07-10
10,hru10,0.0,0.0,0.464,0.823,0.0,0.0,0.0,0.049,1231.552,3.697,2019-07-10
11,hru11,0.0,0.0,0.466,0.892,0.0,0.0,0.0,0.037,797.334,3.7,2019-07-10
12,hru12,0.0,0.0,0.465,0.764,0.0,0.0,0.0,0.042,1919.667,3.699,2019-07-10
13,hru13,0.0,0.0,0.467,0.0,0.0,0.0,0.0,0.038,11591.825,3.7,2019-07-10
14,hru14,0.0,0.0,0.465,0.764,0.0,0.0,0.0,0.042,1920.243,3.699,2019-07-10
15,hru15,0.0,0.0,0.469,0.0,0.0,0.0,0.0,0.038,11762.819,3.693,2019-07-10
16,hru16,0.0,0.0,0.465,0.529,0.0,0.0,0.0,0.05,4308.841,3.698,2019-07-10
17,hru17,0.0,0.0,0.468,0.327,0.0,0.0,0.0,0.043,7343.015,3.692,2019-07-10
18,hru18,0.0,0.0,0.469,0.575,0.0,0.0,0.0,0.037,4051.443,3.7,2019-07-10
19,hru19,0.0,0.0,0.471,0.039,0.0,0.0,0.0,0.034,8702.512,3.704,2019-07-10
20,hru20,0.0,0.0,0.469,0.0,0.0,0.0,0.0,0.037,12073.205,3.685,2019-07-10
21,hru21,0.0,0.0,0.469,0.196,0.0,0.0,0.0,0.038,7166.134,3.702,2019-07-10
22,hru22,0.0,0.0,0.469,0.574,0.0,0.0,0.0,0.037,4059.945,3.7,2019-07-10
23,hru23,0.0,0.0,0.469,0.374,0.0,0.0,0.0,0.037,5915.443,3.662,2019-07-10
24,hru24,0.0,0.0,0.469,0.0,0.0,0.0,0.0,0.037,11717.412,3.688,2019-07-10
25,hru25,0.0,0.0,0.469,0.0,0.0,0.0,0.0,0.208,7125.785,2.855,2019-07-10
26,hru26,0.0,0.0,0.468,0.0,0.0,0.0,0.0,0.036,11916.437,3.684,2019-07-10
27,hru27,0.0,0.0,0.465,0.0,0.0,0.0,0.0,0.038,11462.081,3.699,2019-07-10
28,hru28,0.0,0.0,0.466,0.973,0.0,0.0,0.0,0.208,49.526,1.881,2019-07-10
29,hru29,0.0,0.0,0.465,0.906,0.0,0.0,0.0,0.042,683.662,3.699,2019-07-10
30,hru30,0.0,0.0,0.464,0.907,0.0,0.0,0.0,0.039,652.279,3.698,2019-07-10
31,hru31,0.0,0.0,0.461,0.979,0.0,0.0,0.0,0.043,179.915,3.691,2019-07-10
32,hru32,0.0,0.0,0.467,0.769,0.0,0.0,0.0,0.038,1835.141,3.7,2019-07-10
33,hru33,0.0,0.0,0.464,0.942,0.0,0.0,0.0,0.041,412.081,3.698,2019-07-10
34,hru34,0.0,0.0,0.464,0.941,0.0,0.0,0.0,0.041,415.157,3.698,2019-07-10
35,hru35,0.0,0.0,0.461,0.973,0.0,0.0,0.0,0.045,217.907,3.691,2019-07-10
36,hru36,0.0,0.0,0.464,0.942,0.0,0.0,0.0,0.041,411.067,3.698,2019-07-10
1,hru01,0.0,0.0,0.467,0.977,0.0,0.0,0.0,0.055,189.275,3.699,2019-07-11
2,hru02,0.0,0.0,0.469,0.0,0.0,0.0,0.0,0.061,5981.181,3.705,2019-07-11
3,hru03,0.0,0.0,0.462,0.974,0.0,0.0,0.0,0.259,114.015,2.849,2019-07-11
4,hru04,0.0,0.0,0.466,0.971,0.0,0.0,0.0,0.256,142.776,2.851,2019-07-11
5,hru05,0.0,0.0,0.469,0.925,0.0,0.0,0.0,0.063,502.684,3.7,2019-07-11
6,hru06,0.0,0.0,0.469,0.925,0.0,0.0,0.0,0.063,502.211,3.7,2019-07-11
7,hru07,0.0,0.0,0.472,0.701,0.0,0.0,0.0,0.058,2181.581,3.706,2019-07-11
8,hru08,0.0,0.0,0.462,0.962,0.0,0.0,0.0,0.064,285.052,3.693,2019-07-11
9,hru09,0.0,0.0,0.469,0.801,0.0,0.0,0.0,0.068,1316.293,3.704,2019-07-11
10,hru10,0.0,0.0,0.469,0.802,0.0,0.0,0.0,0.068,1314.696,3.704,2019-07-11
11,hru11,0.0,0.0,0.472,0.88,0.0,0.0,0.0,0.059,848.094,3.707,2019-07-11
12,hru12,0.0,0.0,0.471,0.733,0.0,0.0,0.0,0.064,2031.257,3.706,2019-07-11
13,hru13,0.0,0.0,0.473,0.0,0.0,0.0,0.0,0.063,12046.218,3.707,2019-07-11
14,hru14,0.0,0.0,0.471,0.733,0.0,0.0,0.0,0.064,2031.871,3.706,2019-07-11
15,hru15,0.0,0.0,0.475,0.0,0.0,0.0,0.0,0.061,12219.31,3.7,2019-07-11
16,hru16,0.0,0.0,0.471,0.47,0.0,0.0,0.0,0.063,4532.951,3.705,2019-07-11
17,hru17,0.0,0.0,0.474,0.245,0.0,0.0,0.0,0.059,7664.55,3.699,2019-07-11
18,hru18,0.0,0.0,0.475,0.519,0.0,0.0,0.0,0.059,4253.229,3.707,2019-07-11
19,hru19,0.0,0.0,0.477,0.0,0.0,0.0,0.0,0.059,9161.521,3.71,2019-07-11
20,hru20,0.0,0.0,0.475,0.0,0.0,0.0,0.0,0.064,12536.842,3.692,2019-07-11
21,hru21,0.0,0.0,0.475,0.114,0.0,0.0,0.0,0.061,7547.905,3.709,2019-07-11
22,hru22,0.0,0.0,0.475,0.518,0.0,0.0,0.0,0.059,4262.188,3.707,2019-07-11
23,hru23,0.0,0.0,0.475,0.3,0.0,0.0,0.0,0.059,6211.641,3.669,2019-07-11
24,hru24,0.0,0.0,0.475,0.0,0.0,0.0,0.0,0.059,12174.481,3.695,2019-07-11
25,hru25,0.0,0.0,0.475,0.0,0.0,0.0,0.0,0.259,7443.444,2.858,2019-07-11
26,hru26,0.0,0.0,0.474,0.0,0.0,0.0,0.0,0.061,12377.712,3.691,2019-07-11
27,hru27,0.0,0.0,0.471,0.0,0.0,0.0,0.0,0.061,11916.264,3.706,2019-07-11
28,hru28,0.0,0.0,0.472,0.97,0.0,0.0,0.0,0.25,58.55,2.028,2019-07-11
29,hru29,0.0,0.0,0.471,0.894,0.0,0.0,0.0,0.063,728.137,3.706,2019-07-11
30,hru30,0.0,0.0,0.47,0.896,0.0,0.0,0.0,0.059,695.971,3.705,2019-07-11
31,hru31,0.0,0.0,0.467,0.977,0.0,0.0,0.0,0.055,189.755,3.699,2019-07-11
32,hru32,0.0,0.0,0.473,0.744,0.0,0.0,0.0,0.063,1944.045,3.707,2019-07-11
33,hru33,0.0,0.0,0.47,0.935,0.0,0.0,0.0,0.061,439.389,3.705,2019-07-11
34,hru34,0.0,0.0,0.47,0.935,0.0,0.0,0.0,0.061,442.687,3.705,2019-07-11
35,hru35,0.0,0.0,0.467,0.969,0.0,0.0,0.0,0.056,230.713,3.699,2019-07-11
36,hru36,0.0,0.0,0.47,0.935,0.0,0.0,0.0,0.061,438.303,3.705,2019-07-11
1,hru01,0.0,0.0,0.474,0.974,0.0,0.0,0.0,0.003,200.878,3.706,2019-07-12
2,hru02,0.0,0.0,0.476,0.0,0.0,0.0,0.0,0.007,6449.296,3.71,2019-07-12
3,hru03,0.0,0.0,0.469,0.97,0.0,0.0,0.0,0.121,124.662,2.852,2019-07-12
4,hru04,0.0,0.0,0.472,0.967,0.0,0.0,0.0,0.125,154.888,2.854,2019-07-12
5,hru05,0.0,0.0,0.475,0.916,0.0,0.0,0.0,0.006,540.031,3.706,2019-07-12
6,hru06,0.0,0.0,0.475,0.916,0.0,0.0,0.0,0.006,539.521,3.706,2019-07-12
7,hru07,0.0,0.0,0.478,0.67,0.0,0.0,0.0,0.009,2330.53,3.712,2019-07-12
8,hru08,0.0,0.0,0.469,0.958,0.0,0.0,0.0,0.004,303.815,3.7,2019-07-12
9,hru09,0.0,0.0,0.476,0.776,0.0,0.0,0.0,0.006,1415.042,3.71,2019-07-12
10,hru10,0.0,0.0,0.476,0.776,0.0,0.0,0.0,0.006,1413.32,3.71,2019-07-12
11,hru11,0.0,0.0,0.479,0.868,0.0,0.0,0.0,0.01,907.677,3.712,2019-07-12
12,hru12,0.0,0.0,0.478,0.699,0.0,0.0,0.0,0.006,2163.725,3.712,2019-07-12
13,hru13,0.0,0.0,0.479,0.0,0.0,0.0,0.0,0.008,12512.803,3.713,2019-07-12
14,hru14,0.0,0.0,0.478,0.699,0.0,0.0,0.0,0.006,2164.385,3.712,2019-07-12
15,hru15,0.0,0.0,0.481,0.0,0.0,0.0,0.0,0.007,12686.709,3.705,2019-07-12
16,hru16,0.0,0.0,0.478,0.403,0.0,0.0,0.0,0.006,4796.471,3.711,2019-07-12
17,hru17,0.0,0.0,0.481,0.154,0.0,0.0,0.0,0.005,8040.782,3.705,2019-07-12
18,hru18,0.0,0.0,0.481,0.457,0.0,0.0,0.0,0.006,4492.809,3.712,2019-07-12
19,hru19,0.0,0.0,0.484,0.0,0.0,0.0,0.0,0.005,9630.84,3.716,2019-07-12
20,hru20,0.0,0.0,0.481,0.0,0.0,0.0,0.0,0.005,13004.816,3.697,2019-07-12
21,hru21,0.0,0.0,0.481,0.028,0.0,0.0,0.0,0.007,7989.121,3.714,2019-07-12
22,hru22,0.0,0.0,0.481,0.456,0.0,0.0,0.0,0.006,4502.31,3.712,2019-07-12
23,hru23,0.0,0.0,0.481,0.22,0.0,0.0,0.0,0.006,6559.095,3.675,2019-07-12
24,hru24,0.0,0.0,0.482,0.0,0.0,0.0,0.0,0.007,12642.98,3.701,2019-07-12
25,hru25,0.0,0.0,0.481,0.0,0.0,0.0,0.0,0.125,7752.346,2.86,2019-07-12
26,hru26,0.0,0.0,0.481,0.0,0.0,0.0,0.0,0.004,12846.764,3.697,2019-07-12
27,hru27,0.0,0.0,0.477,0.0,0.0,0.0,0.0,0.008,12383.108,3.712,2019-07-12
28,hru28,0.0,0.0,0.479,0.967,0.0,0.0,0.0,0.143,69.358,2.153,2019-07-12
29,hru29,0.0,0.0,0.478,0.882,0.0,0.0,0.0,0.006,780.715,3.712,2019-07-12
30,hru30,0.0,0.0,0.477,0.884,0.0,0.0,0.0,0.008,747.749,3.711,2019-07-12
31,hru31,0.0,0.0,0.474,0.974,0.0,0.0,0.0,0.003,201.39,3.706,2019-07-12
32,hru32,0.0,0.0,0.479,0.716,0.0,0.0,0.0,0.008,2071.583,3.713,2019-07-12
33,hru33,0.0,0.0,0.477,0.928,0.0,0.0,0.0,0.006,471.723,3.711,2019-07-12
34,hru34,0.0,0.0,0.477,0.927,0.0,0.0,0.0,0.006,475.285,3.711,2019-07-12
35,hru35,0.0,0.0,0.474,0.966,0.0,0.0,0.0,0.004,245.889,3.706,2019-07-12
36,hru36,0.0,0.0,0.477,0.928,0.0,0.0,0.0,0.006,470.551,3.711,2019-07-12
1,hru01,0.0,0.0,0.481,0.971,0.0,0.0,0.0,0.0,213.46,3.713,2019-07-13
2,hru02,0.0,0.0,0.483,0.0,0.0,0.0,0.0,0.001,6931.902,3.698,2019-07-13
3,hru03,0.0,0.0,0.476,0.965,0.0,0.0,0.0,0.102,136.724,2.856,2019-07-13
4,hru04,0.0,0.0,0.479,0.963,0.0,0.0,0.0,0.1,168.075,2.858,2019-07-13
5,hru05,0.0,0.0,0.482,0.905,0.0,0.0,0.0,0.001,580.875,3.713,2019-07-13
6,hru06,0.0,0.0,0.482,0.905,0.0,0.0,0.0,0.001,580.324,3.713,2019-07-13
7,hru07,0.0,0.0,0.485,0.633,0.0,0.0,0.0,0.001,2491.492,3.699,2019-07-13
8,hru08,0.0,0.0,0.476,0.953,0.0,0.0,0.0,0.001,324.309,3.708,2019-07-13
9,hru09,0.0,0.0,0.483,0.745,0.0,0.0,0.0,0.001,1524.103,3.698,2019-07-13
10,hru10,0.0,0.0,0.483,0.745,0.0,0.0,0.0,0.001,1522.242,3.698,2019-07-13
11,hru11,0.0,0.0,0.486,0.853,0.0,0.0,0.0,0.001,972.122,3.7,2019-07-13
12,hru12,0.0,0.0,0.485,0.657,0.0,0.0,0.0,0.001,2310.642,3.699,2019-07-13
13,hru13,0.0,0.0,0.486,0.0,0.0,0.0,0.0,0.001,12997.071,3.7,2019-07-13
14,hru14,0.0,0.0,0.485,0.657,0.0,0.0,0.0,0.001,2311.354,3.699,2019-07-13
15,hru15,0.0,0.0,0.488,0.0,0.0,0.0,0.0,0.001,13172.629,3.692,2019-07-13
16,hru16,0.0,0.0,0.485,0.322,0.0,0.0,0.0,0.001,5089.196,3.698,2019-07-13
17,hru17,0.0,0.0,0.488,0.047,0.0,0.0,0.0,0.001,8456.673,3.692,2019-07-13
18,hru18,0.0,0.0,0.488,0.383,0.0,0.0,0.0,0.0,4758.578,3.699,2019-07-13
19,hru19,0.0,0.0,0.491,0.0,0.0,0.0,0.0,0.0,10119.873,3.703,2019-07-13
20,hru20,0.0,0.0,0.488,0.0,0.0,0.0,0.0,0.0,13495.835,3.684,2019-07-13
21,hru21,0.0,0.0,0.488,0.0,0.0,0.0,0.0,0.001,8465.186,3.701,2019-07-13
22,hru22,0.0,0.0,0.488,0.381,0.0,0.0,0.0,0.0,4768.68,3.699,2019-07-13
23,hru23,0.0,0.0,0.488,0.127,0.0,0.0,0.0,0.0,6939.488,3.662,2019-07-13
24,hru24,0.0,0.0,0.489,0.0,0.0,0.0,0.0,0.001,13129.236,3.688,2019-07-13
25,hru25,0.0,0.0,0.488,0.0,0.0,0.0,0.0,0.091,8112.316,2.739,2019-07-13
26,hru26,0.0,0.0,0.488,0.0,0.0,0.0,0.0,0.0,13336.594,3.684,2019-07-13
27,hru27,0.0,0.0,0.484,0.0,0.0,0.0,0.0,0.001,12867.457,3.699,2019-07-13
28,hru28,0.0,0.0,0.486,0.964,0.0,0.0,0.0,0.1,81.231,2.289,2019-07-13
29,hru29,0.0,0.0,0.485,0.867,0.0,0.0,0.0,0.001,838.283,3.699,2019-07-13
30,hru30,0.0,0.0,0.484,0.869,0.0,0.0,0.0,0.001,804.441,3.698,2019-07-13
31,hru31,0.0,0.0,0.481,0.971,0.0,0.0,0.0,0.0,214.006,3.713,2019-07-13
32,hru32,0.0,0.0,0.486,0.682,0.0,0.0,0.0,0.001,2210.419,3.7,2019-07-13
33,hru33,0.0,0.0,0.484,0.919,0.0,0.0,0.0,0.001,506.905,3.698,2019-07-13
34,hru34,0.0,0.0,0.484,0.918,0.0,0.0,0.0,0.001,510.758,3.698,2019-07-13
35,hru35,0.0,0.0,0.481,0.962,0.0,0.0,0.0,0.001,262.358,3.713,2019-07-13
36,hru36,0.0,0.0,0.484,0.919,0.0,0.0,0.0,0.001,505.637,3.698,2019-07-13
1,hru01,0.0,0.0,0.489,0.968,0.0,0.0,0.0,0.015,225.98,3.699,2019-07-14
2,hru02,0.0,0.0,0.491,0.0,0.0,0.0,0.0,0.014,7355.286,3.684,2019-07-14
3,hru03,0.0,0.0,0.484,0.96,0.0,0.0,0.0,0.042,149.305,2.86,2019-07-14
4,hru04,0.0,0.0,0.487,0.959,0.0,0.0,0.0,0.039,181.189,2.861,2019-07-14
5,hru05,0.0,0.0,0.49,0.894,0.0,0.0,0.0,0.011,621.47,3.7,2019-07-14
6,hru06,0.0,0.0,0.49,0.894,0.0,0.0,0.0,0.011,620.878,3.7,2019-07-14
7,hru07,0.0,0.0,0.493,0.597,0.0,0.0,0.0,0.013,2647.753,3.686,2019-07-14
8,hru08,0.0,0.0,0.484,0.947,0.0,0.0,0.0,0.01,344.863,3.715,2019-07-14
9,hru09,0.0,0.0,0.491,0.714,0.0,0.0,0.0,0.011,1633.541,3.684,2019-07-14
10,hru10,0.0,0.0,0.491,0.714,0.0,0.0,0.0,0.011,1631.539,3.684,2019-07-14
11,hru11,0.0,0.0,0.493,0.838,0.0,0.0,0.0,0.012,1034.789,3.686,2019-07-14
12,hru12,0.0,0.0,0.492,0.615,0.0,0.0,0.0,0.014,2458.012,3.685,2019-07-14
13,hru13,0.0,0.0,0.494,0.0,0.0,0.0,0.0,0.014,13425.176,3.686,2019-07-14
14,hru14,0.0,0.0,0.492,0.615,0.0,0.0,0.0,0.014,2458.777,3.685,2019-07-14
15,hru15,0.0,0.0,0.496,0.0,0.0,0.0,0.0,0.015,13604.328,3.678,2019-07-14
16,hru16,0.0,0.0,0.492,0.241,0.0,0.0,0.0,0.012,5386.471,3.685,2019-07-14
17,hru17,0.0,0.0,0.495,0.0,0.0,0.0,0.0,0.014,8875.138,3.678,2019-07-14
18,hru18,0.0,0.0,0.496,0.308,0.0,0.0,0.0,0.015,5024.534,3.685,2019-07-14
19,hru19,0.0,0.0,0.499,0.0,0.0,0.0,0.0,0.017,10556.056,3.688,2019-07-14
20,hru20,0.0,0.0,0.496,0.0,0.0,0.0,0.0,0.018,13945.208,3.67,2019-07-14
21,hru21,0.0,0.0,0.496,0.0,0.0,0.0,0.0,0.015,8897.241,3.687,2019-07-14
22,hru22,0.0,0.0,0.496,0.306,0.0,0.0,0.0,0.015,5035.23,3.685,2019-07-14
23,hru23,0.0,0.0,0.496,0.037,0.0,0.0,0.0,0.015,7314.213,3.648,2019-07-14
24,hru24,0.0,0.0,0.496,0.0,0.0,0.0,0.0,0.015,13562.543,3.674,2019-07-14
25,hru25,0.0,0.0,0.496,0.0,0.0,0.0,0.0,0.03,8448.082,2.609,2019-07-14
26,hru26,0.0,0.0,0.496,0.0,0.0,0.0,0.0,0.02,13780.284,3.669,2019-07-14
27,hru27,0.0,0.0,0.492,0.0,0.0,0.0,0.0,0.013,13294.543,3.686,2019-07-14
28,hru28,0.0,0.0,0.493,0.961,0.0,0.0,0.0,0.038,92.912,2.416,2019-07-14
29,hru29,0.0,0.0,0.493,0.851,0.0,0.0,0.0,0.014,895.254,3.685,2019-07-14
30,hru30,0.0,0.0,0.492,0.854,0.0,0.0,0.0,0.013,860.304,3.685,2019-07-14
31,hru31,0.0,0.0,0.489,0.968,0.0,0.0,0.0,0.015,226.562,3.699,2019-07-14
32,hru32,0.0,0.0,0.494,0.649,0.0,0.0,0.0,0.014,2346.5,3.686,2019-07-14
33,hru33,0.0,0.0,0.491,0.91,0.0,0.0,0.0,0.013,541.472,3.684,2019-07-14
34,hru34,0.0,0.0,0.491,0.909,0.0,0.0,0.0,0.013,545.614,3.684,2019-07-14
35,hru35,0.0,0.0,0.488,0.958,0.0,0.0,0.0,0.014,278.617,3.699,2019-07-14
36,hru36,0.0,0.0,0.491,0.91,0.0,0.0,0.0,0.013,540.11,3.684,2019-07-14
1,hru01,0.0,0.0,0.496,0.966,0.0,0.0,0.0,0.001,241.282,3.683,2019-07-15
2,hru02,0.0,0.0,0.498,0.0,0.0,0.0,0.0,0.0,7825.293,3.668,2019-07-15
3,hru03,0.0,0.0,0.491,0.956,0.0,0.0,0.0,0.078,165.334,2.716,2019-07-15
4,hru04,0.0,0.0,0.494,0.957,0.0,0.0,0.0,0.076,197.342,2.713,2019-07-15
5,hru05,0.0,0.0,0.497,0.895,0.0,0.0,0.0,0.0,672.001,3.684,2019-07-15
6,hru06,0.0,0.0,0.497,0.895,0.0,0.0,0.0,0.0,671.357,3.684,2019-07-15
7,hru07,0.0,0.0,0.5,0.585,0.0,0.0,0.0,0.001,2839.681,3.67,2019-07-15
8,hru08,0.0,0.0,0.491,0.944,0.0,0.0,0.0,0.0,370.094,3.7,2019-07-15
9,hru09,0.0,0.0,0.498,0.723,0.0,0.0,0.0,0.0,1769.816,3.668,2019-07-15
10,hru10,0.0,0.0,0.498,0.723,0.0,0.0,0.0,0.0,1767.637,3.668,2019-07-15
11,hru11,0.0,0.0,0.5,0.831,0.0,0.0,0.0,0.0,1111.726,3.67,2019-07-15
12,hru12,0.0,0.0,0.5,0.606,0.0,0.0,0.0,0.0,2641.729,3.669,2019-07-15
13,hru13,0.0,0.0,0.501,0.0,0.0,0.0,0.0,0.0,13895.088,3.67,2019-07-15
14,hru14,0.0,0.0,0.5,0.606,0.0,0.0,0.0,0.0,2642.56,3.669,2019-07-15
15,hru15,0.0,0.0,0.503,0.0,0.0,0.0,0.0,0.0,14074.41,3.662,2019-07-15
16,hru16,0.0,0.0,0.5,0.283,0.0,0.0,0.0,0.0,5750.197,3.669,2019-07-15
17,hru17,0.0,0.0,0.503,0.0,0.0,0.0,0.0,0.0,9348.22,3.662,2019-07-15
18,hru18,0.0,0.0,0.503,0.279,0.0,0.0,0.0,0.001,5355.252,3.669,2019-07-15
19,hru19,0.0,0.0,0.506,0.0,0.0,0.0,0.0,0.001,11026.271,3.671,2019-07-15
20,hru20,0.0,0.0,0.503,0.0,0.0,0.0,0.0,0.0,14413.879,3.653,2019-07-15
21,hru21,0.0,0.0,0.503,0.0,0.0,0.0,0.0,0.0,9367.714,3.671,2019-07-15
22,hru22,0.0,0.0,0.503,0.278,0.0,0.0,0.0,0.001,5366.68,3.669,2019-07-15
23,hru23,0.0,0.0,0.503,0.0,0.0,0.0,0.0,0.001,7772.962,3.632,2019-07-15
24,hru24,0.0,0.0,0.504,0.0,0.0,0.0,0.0,0.0,14031.523,3.657,2019-07-15
25,hru25,0.0,0.0,0.503,0.0,0.0,0.0,0.0,0.079,8822.605,2.458,2019-07-15
26,hru26,0.0,0.0,0.503,0.0,0.0,0.0,0.0,0.0,14247.021,3.652,2019-07-15
27,hru27,0.0,0.0,0.499,0.0,0.0,0.0,0.0,0.0,13764.963,3.669,2019-07-15
28,hru28,0.0,0.0,0.5,0.96,0.0,0.0,0.0,0.078,107.498,2.536,2019-07-15
29,hru29,0.0,0.0,0.5,0.853,0.0,0.0,0.0,0.0,966.054,3.669,2019-07-15
30,hru30,0.0,0.0,0.499,0.853,0.0,0.0,0.0,0.0,929.918,3.669,2019-07-15
31,hru31,0.0,0.0,0.496,0.966,0.0,0.0,0.0,0.001,241.906,3.683,2019-07-15
32,hru32,0.0,0.0,0.501,0.633,0.0,0.0,0.0,0.0,2513.591,3.67,2019-07-15
33,hru33,0.0,0.0,0.498,0.912,0.0,0.0,0.0,0.0,584.461,3.668,2019-07-15
34,hru34,0.0,0.0,0.498,0.911,0.0,0.0,0.0,0.0,588.966,3.668,2019-07-15
35,hru35,0.0,0.0,0.495,0.956,0.0,0.0,0.0,0.0,298.79,3.684,2019-07-15
36,hru36,0.0,0.0,0.498,0.912,0.0,0.0,0.0,0.0,582.981,3.668,2019-07-15
1,hru01,0.0,0.0,0.503,0.963,0.0,0.0,0.0,0.001,255.851,3.668,2019-07-16
2,hru02,0.0,0.0,0.505,0.0,0.0,0.0,0.0,0.0,8253.609,3.653,2019-07-16
3,hru03,0.0,0.0,0.498,0.951,0.0,0.0,0.0,0.103,180.726,2.584,2019-07-16
4,hru04,0.0,0.0,0.501,0.953,0.0,0.0,0.0,0.103,212.398,2.578,2019-07-16
5,hru05,0.0,0.0,0.504,0.886,0.0,0.0,0.0,0.001,716.898,3.669,2019-07-16
6,hru06,0.0,0.0,0.504,0.886,0.0,0.0,0.0,0.001,716.209,3.669,2019-07-16
7,hru07,0.0,0.0,0.507,0.553,0.0,0.0,0.0,0.0,3016.801,3.654,2019-07-16
8,hru08,0.0,0.0,0.498,0.939,0.0,0.0,0.0,0.001,394.269,3.685,2019-07-16
9,hru09,0.0,0.0,0.505,0.697,0.0,0.0,0.0,0.001,1887.821,3.653,2019-07-16
10,hru10,0.0,0.0,0.505,0.698,0.0,0.0,0.0,0.001,1885.488,3.653,2019-07-16
11,hru11,0.0,0.0,0.507,0.818,0.0,0.0,0.0,0.0,1183.719,3.655,2019-07-16
12,hru12,0.0,0.0,0.507,0.57,0.0,0.0,0.0,0.0,2808.923,3.654,2019-07-16
13,hru13,0.0,0.0,0.508,0.0,0.0,0.0,0.0,0.0,14319.909,3.654,2019-07-16
14,hru14,0.0,0.0,0.507,0.569,0.0,0.0,0.0,0.0,2809.814,3.654,2019-07-16
15,hru15,0.0,0.0,0.51,0.0,0.0,0.0,0.0,0.0,14498.915,3.646,2019-07-16
16,hru16,0.0,0.0,0.507,0.22,0.0,0.0,0.0,0.0,6054.952,3.653,2019-07-16
17,hru17,0.0,0.0,0.51,0.0,0.0,0.0,0.0,0.0,9773.077,3.646,2019-07-16
18,hru18,0.0,0.0,0.51,0.216,0.0,0.0,0.0,0.0,5661.431,3.653,2019-07-16
19,hru19,0.0,0.0,0.513,0.0,0.0,0.0,0.0,0.0,11450.845,3.656,2019-07-16
20,hru20,0.0,0.0,0.51,0.0,0.0,0.0,0.0,0.0,14837.455,3.638,2019-07-16
21,hru21,0.0,0.0,0.51,0.0,0.0,0.0,0.0,0.0,9792.572,3.655,2019-07-16
22,hru22,0.0,0.0,0.51,0.215,0.0,0.0,0.0,0.0,5673.533,3.653,2019-07-16
23,hru23,0.0,0.0,0.51,0.0,0.0,0.0,0.0,0.0,8195.978,3.616,2019-07-16
24,hru24,0.0,0.0,0.511,0.0,0.0,0.0,0.0,0.0,14455.896,3.642,2019-07-16
25,hru25,0.0,0.0,0.51,0.0,0.0,0.0,0.0,0.083,9131.484,2.324,2019-07-16
26,hru26,0.0,0.0,0.51,0.0,0.0,0.0,0.0,0.0,14670.971,3.637,2019-07-16
27,hru27,0.0,0.0,0.506,0.0,0.0,0.0,0.0,0.0,14189.457,3.654,2019-07-16
28,hru28,0.0,0.0,0.507,0.956,0.0,0.0,0.0,0.084,121.286,2.62,2019-07-16
29,hru29,0.0,0.0,0.507,0.84,0.0,0.0,0.0,0.0,1028.852,3.654,2019-07-16
30,hru30,0.0,0.0,0.506,0.84,0.0,0.0,0.0,0.0,992.572,3.653,2019-07-16
31,hru31,0.0,0.0,0.503,0.963,0.0,0.0,0.0,0.001,256.517,3.668,2019-07-16
32,hru32,0.0,0.0,0.508,0.603,0.0,0.0,0.0,0.0,2669.453,3.654,2019-07-16
33,hru33,0.0,0.0,0.505,0.905,0.0,0.0,0.0,0.0,622.089,3.653,2019-07-16
34,hru34,0.0,0.0,0.505,0.904,0.0,0.0,0.0,0.0,626.911,3.653,2019-07-16
35,hru35,0.0,0.0,0.502,0.952,0.0,0.0,0.0,0.001,317.791,3.669,2019-07-16
36,hru36,0.0,0.0,0.505,0.905,0.0,0.0,0.0,0.0,620.509,3.653,2019-07-16
1,hru01,0.0,0.0,0.509,0.968,0.0,0.0,0.0,0.015,271.626,3.653,2019-07-17
2,hru02,0.0,0.0,0.511,0.0,0.0,0.0,0.0,0.024,8682.473,3.637,2019-07-17
3,hru03,0.0,0.0,0.504,0.96,0.0,0.0,0.0,0.189,197.787,2.459,2019-07-17
4,hru04,0.0,0.0,0.507,0.959,0.0,0.0,0.0,0.193,228.561,2.45,2019-07-17
5,hru05,0.0,0.0,0.51,0.899,0.0,0.0,0.0,0.028,765.786,3.654,2019-07-17
6,hru06,0.0,0.0,0.51,0.899,0.0,0.0,0.0,0.028,765.047,3.654,2019-07-17
7,hru07,0.0,0.0,0.513,0.619,0.0,0.0,0.0,0.022,3207.953,3.638,2019-07-17
8,hru08,0.0,0.0,0.504,0.948,0.0,0.0,0.0,0.028,420.533,3.671,2019-07-17
9,hru09,0.0,0.0,0.511,0.75,0.0,0.0,0.0,0.031,2016.959,3.638,2019-07-17
10,hru10,0.0,0.0,0.511,0.751,0.0,0.0,0.0,0.031,2014.458,3.638,2019-07-17
11,hru11,0.0,0.0,0.514,0.845,0.0,0.0,0.0,0.024,1261.709,3.639,2019-07-17
12,hru12,0.0,0.0,0.513,0.656,0.0,0.0,0.0,0.028,2992.076,3.638,2019-07-17
13,hru13,0.0,0.0,0.515,0.0,0.0,0.0,0.0,0.025,14746.041,3.639,2019-07-17
14,hru14,0.0,0.0,0.513,0.656,0.0,0.0,0.0,0.028,2993.034,3.638,2019-07-17
15,hru15,0.0,0.0,0.517,0.0,0.0,0.0,0.0,0.024,14924.188,3.63,2019-07-17
16,hru16,0.0,0.0,0.513,0.408,0.0,0.0,0.0,0.028,6386.385,3.638,2019-07-17
17,hru17,0.0,0.0,0.516,0.077,0.0,0.0,0.0,0.025,10197.26,3.63,2019-07-17
18,hru18,0.0,0.0,0.517,0.38,0.0,0.0,0.0,0.023,5994.618,3.637,2019-07-17
19,hru19,0.0,0.0,0.519,0.0,0.0,0.0,0.0,0.023,11876.146,3.639,2019-07-17
20,hru20,0.0,0.0,0.517,0.0,0.0,0.0,0.0,0.026,15264.888,3.622,2019-07-17
21,hru21,0.0,0.0,0.517,0.0,0.0,0.0,0.0,0.024,10218.201,3.639,2019-07-17
22,hru22,0.0,0.0,0.517,0.378,0.0,0.0,0.0,0.023,6007.445,3.637,2019-07-17
23,hru23,0.0,0.0,0.517,0.116,0.0,0.0,0.0,0.023,8619.711,3.601,2019-07-17
24,hru24,0.0,0.0,0.517,0.0,0.0,0.0,0.0,0.024,14881.715,3.626,2019-07-17
25,hru25,0.0,0.0,0.517,0.0,0.0,0.0,0.0,0.184,9435.644,2.192,2019-07-17
26,hru26,0.0,0.0,0.516,0.0,0.0,0.0,0.0,0.025,15098.002,3.62,2019-07-17
27,hru27,0.0,0.0,0.513,0.0,0.0,0.0,0.0,0.024,14615.371,3.638,2019-07-17
28,hru28,0.0,0.0,0.514,0.962,0.0,0.0,0.0,0.179,136.424,2.684,2019-07-17
29,hru29,0.0,0.0,0.513,0.868,0.0,0.0,0.0,0.025,1097.215,3.638,2019-07-17
30,hru30,0.0,0.0,0.512,0.866,0.0,0.0,0.0,0.023,1060.766,3.638,2019-07-17
31,hru31,0.0,0.0,0.509,0.968,0.0,0.0,0.0,0.015,272.337,3.653,2019-07-17
32,hru32,0.0,0.0,0.515,0.674,0.0,0.0,0.0,0.025,2838.458,3.639,2019-07-17
33,hru33,0.0,0.0,0.512,0.918,0.0,0.0,0.0,0.025,662.9,3.638,2019-07-17
34,hru34,0.0,0.0,0.512,0.917,0.0,0.0,0.0,0.025,668.069,3.638,2019-07-17
35,hru35,0.0,0.0,0.509,0.958,0.0,0.0,0.0,0.019,338.372,3.654,2019-07-17
36,hru36,0.0,0.0,0.512,0.918,0.0,0.0,0.0,0.025,661.212,3.638,2019-07-17
1,hru01,0.0,0.0,0.517,0.971,0.0,0.0,0.0,0.027,281.6,3.639,2019-07-18
2,hru02,0.0,0.0,0.519,0.0,0.0,0.0,0.0,0.019,8995.423,3.623,2019-07-18
3,hru03,0.0,0.0,0.512,0.974,0.0,0.0,0.0,0.022,207.544,2.352,2019-07-18
4,hru04,0.0,0.0,0.515,0.97,0.0,0.0,0.0,0.024,238.728,2.343,2019-07-18
5,hru05,0.0,0.0,0.518,0.923,0.0,0.0,0.0,0.022,797.641,3.641,2019-07-18
6,hru06,0.0,0.0,0.518,0.923,0.0,0.0,0.0,0.022,796.87,3.641,2019-07-18
7,hru07,0.0,0.0,0.521,0.739,0.0,0.0,0.0,0.015,3330.133,3.624,2019-07-18
8,hru08,0.0,0.0,0.512,0.962,0.0,0.0,0.0,0.025,436.783,3.657,2019-07-18
9,hru09,0.0,0.0,0.519,0.836,0.0,0.0,0.0,0.022,2095.685,3.624,2019-07-18
10,hru10,0.0,0.0,0.519,0.836,0.0,0.0,0.0,0.022,2093.081,3.624,2019-07-18
11,hru11,0.0,0.0,0.521,0.896,0.0,0.0,0.0,0.014,1311.361,3.625,2019-07-18
12,hru12,0.0,0.0,0.521,0.789,0.0,0.0,0.0,0.022,3101.448,3.624,2019-07-18
13,hru13,0.0,0.0,0.522,0.0,0.0,0.0,0.0,0.017,15059.917,3.625,2019-07-18
14,hru14,0.0,0.0,0.521,0.789,0.0,0.0,0.0,0.022,3102.446,3.624,2019-07-18
15,hru15,0.0,0.0,0.524,0.0,0.0,0.0,0.0,0.018,15237.794,3.616,2019-07-18
16,hru16,0.0,0.0,0.521,0.633,0.0,0.0,0.0,0.025,6571.113,3.624,2019-07-18
17,hru17,0.0,0.0,0.524,0.351,0.0,0.0,0.0,0.028,10488.587,3.616,2019-07-18
18,hru18,0.0,0.0,0.525,0.583,0.0,0.0,0.0,0.023,6193.79,3.623,2019-07-18
19,hru19,0.0,0.0,0.527,0.0,0.0,0.0,0.0,0.025,12189.985,3.625,2019-07-18
20,hru20,0.0,0.0,0.524,0.0,0.0,0.0,0.0,0.028,15576.197,3.607,2019-07-18
21,hru21,0.0,0.0,0.524,0.153,0.0,0.0,0.0,0.018,10532.071,3.625,2019-07-18
22,hru22,0.0,0.0,0.525,0.582,0.0,0.0,0.0,0.023,6207.067,3.623,2019-07-18
23,hru23,0.0,0.0,0.525,0.37,0.0,0.0,0.0,0.023,8902.693,3.586,2019-07-18
24,hru24,0.0,0.0,0.525,0.0,0.0,0.0,0.0,0.021,15195.181,3.611,2019-07-18
25,hru25,0.0,0.0,0.524,0.0,0.0,0.0,0.0,0.02,9633.265,2.083,2019-07-18
26,hru26,0.0,0.0,0.524,0.0,0.0,0.0,0.0,0.027,15409.604,3.606,2019-07-18
27,hru27,0.0,0.0,0.52,0.0,0.0,0.0,0.0,0.02,14929.215,3.624,2019-07-18
28,hru28,0.0,0.0,0.521,0.974,0.0,0.0,0.0,0.035,146.317,2.724,2019-07-18
29,hru29,0.0,0.0,0.521,0.909,0.0,0.0,0.0,0.022,1139.294,3.624,2019-07-18
30,hru30,0.0,0.0,0.52,0.909,0.0,0.0,0.0,0.017,1103.767,3.624,2019-07-18
31,hru31,0.0,0.0,0.517,0.971,0.0,0.0,0.0,0.027,282.339,3.639,2019-07-18
32,hru32,0.0,0.0,0.522,0.785,0.0,0.0,0.0,0.017,2943.259,3.625,2019-07-18
33,hru33,0.0,0.0,0.52,0.933,0.0,0.0,0.0,0.022,689.097,3.624,2019-07-18
34,hru34,0.0,0.0,0.52,0.932,0.0,0.0,0.0,0.022,694.487,3.624,2019-07-18
35,hru35,0.0,0.0,0.517,0.963,0.0,0.0,0.0,0.023,351.451,3.64,2019-07-18
36,hru36,0.0,0.0,0.52,0.933,0.0,0.0,0.0,0.022,687.342,3.624,2019-07-18
1,hru01,0.0,0.0,0.525,0.969,0.0,0.0,0.0,0.069,293.421,3.62,2019-07-19
2,hru02,0.0,0.0,0.527,0.0,0.0,0.0,0.0,0.069,9393.914,3.604,2019-07-19
3,hru03,0.0,0.0,0.52,0.97,0.0,0.0,0.0,0.006,215.9,2.199,2019-07-19
4,hru04,0.0,0.0,0.523,0.967,0.0,0.0,0.0,0.007,248.349,2.188,2019-07-19
5,hru05,0.0,0.0,0.526,0.916,0.0,0.0,0.0,0.063,828.974,3.622,2019-07-19
6,hru06,0.0,0.0,0.526,0.916,0.0,0.0,0.0,0.063,828.173,3.622,2019-07-19
7,hru07,0.0,0.0,0.529,0.719,0.0,0.0,0.0,0.073,3435.959,3.605,2019-07-19
8,hru08,0.0,0.0,0.52,0.959,0.0,0.0,0.0,0.056,452.383,3.639,2019-07-19
9,hru09,0.0,0.0,0.527,0.821,0.0,0.0,0.0,0.061,2162.279,3.605,2019-07-19
10,hru10,0.0,0.0,0.527,0.821,0.0,0.0,0.0,0.061,2159.591,3.605,2019-07-19
11,hru11,0.0,0.0,0.53,0.888,0.0,0.0,0.0,0.069,1353.396,3.606,2019-07-19
12,hru12,0.0,0.0,0.529,0.769,0.0,0.0,0.0,0.067,3186.862,3.605,2019-07-19
13,hru13,0.0,0.0,0.53,0.0,0.0,0.0,0.0,0.071,15457.235,3.605,2019-07-19
14,hru14,0.0,0.0,0.529,0.769,0.0,0.0,0.0,0.067,3187.891,3.605,2019-07-19
15,hru15,0.0,0.0,0.533,0.0,0.0,0.0,0.0,0.069,15634.096,3.597,2019-07-19
16,hru16,0.0,0.0,0.529,0.599,0.0,0.0,0.0,0.063,6719.85,3.605,2019-07-19
17,hru17,0.0,0.0,0.532,0.291,0.0,0.0,0.0,0.069,10751.087,3.596,2019-07-19
18,hru18,0.0,0.0,0.533,0.543,0.0,0.0,0.0,0.074,6361.962,3.603,2019-07-19
19,hru19,0.0,0.0,0.536,0.0,0.0,0.0,0.0,0.074,12583.016,3.605,2019-07-19
20,hru20,0.0,0.0,0.533,0.0,0.0,0.0,0.0,0.076,15973.923,3.587,2019-07-19
21,hru21,0.0,0.0,0.533,0.092,0.0,0.0,0.0,0.069,10874.283,3.605,2019-07-19
22,hru22,0.0,0.0,0.533,0.542,0.0,0.0,0.0,0.074,6375.629,3.603,2019-07-19
23,hru23,0.0,0.0,0.533,0.317,0.0,0.0,0.0,0.074,9155.658,3.567,2019-07-19
24,hru24,0.0,0.0,0.533,0.0,0.0,0.0,0.0,0.073,15591.253,3.592,2019-07-19
25,hru25,0.0,0.0,0.533,0.0,0.0,0.0,0.0,0.002,9930.566,1.927,2019-07-19
26,hru26,0.0,0.0,0.533,0.0,0.0,0.0,0.0,0.078,15806.512,3.586,2019-07-19
27,hru27,0.0,0.0,0.529,0.0,0.0,0.0,0.0,0.069,15325.107,3.605,2019-07-19
28,hru28,0.0,0.0,0.53,0.972,0.0,0.0,0.0,0.003,155.128,2.766,2019-07-19
29,hru29,0.0,0.0,0.529,0.901,0.0,0.0,0.0,0.066,1176.305,3.605,2019-07-19
30,hru30,0.0,0.0,0.528,0.901,0.0,0.0,0.0,0.071,1140.629,3.605,2019-07-19
31,hru31,0.0,0.0,0.525,0.969,0.0,0.0,0.0,0.069,294.193,3.62,2019-07-19
32,hru32,0.0,0.0,0.53,0.769,0.0,0.0,0.0,0.071,3030.012,3.605,2019-07-19
33,hru33,0.0,0.0,0.528,0.927,0.0,0.0,0.0,0.066,716.337,3.604,2019-07-19
34,hru34,0.0,0.0,0.528,0.927,0.0,0.0,0.0,0.066,721.954,3.604,2019-07-19
35,hru35,0.0,0.0,0.525,0.959,0.0,0.0,0.0,0.066,366.73,3.621,2019-07-19
36,hru36,0.0,0.0,0.528,0.928,0.0,0.0,0.0,0.066,714.513,3.604,2019-07-19
1,hru01,0.0,0.0,0.532,0.964,0.0,0.0,0.0,0.015,308.198,3.599,2019-07-20
2,hru02,0.0,0.0,0.534,0.0,0.0,0.0,0.0,0.007,9832.237,3.582,2019-07-20
3,hru03,0.0,0.0,0.527,0.965,0.0,0.0,0.0,0.15,226.622,2.036,2019-07-20
4,hru04,0.0,0.0,0.53,0.962,0.0,0.0,0.0,0.147,260.265,2.021,2019-07-20
5,hru05,0.0,0.0,0.533,0.903,0.0,0.0,0.0,0.008,868.386,3.601,2019-07-20
6,hru06,0.0,0.0,0.533,0.904,0.0,0.0,0.0,0.008,867.545,3.601,2019-07-20
7,hru07,0.0,0.0,0.536,0.684,0.0,0.0,0.0,0.004,3568.052,3.583,2019-07-20
8,hru08,0.0,0.0,0.527,0.952,0.0,0.0,0.0,0.012,471.919,3.618,2019-07-20
9,hru09,0.0,0.0,0.534,0.791,0.0,0.0,0.0,0.008,2246.53,3.583,2019-07-20
10,hru10,0.0,0.0,0.534,0.791,0.0,0.0,0.0,0.008,2243.733,3.583,2019-07-20
11,hru11,0.0,0.0,0.536,0.875,0.0,0.0,0.0,0.004,1405.892,3.583,2019-07-20
12,hru12,0.0,0.0,0.536,0.73,0.0,0.0,0.0,0.006,3295.295,3.583,2019-07-20
13,hru13,0.0,0.0,0.537,0.0,0.0,0.0,0.0,0.004,15894.137,3.583,2019-07-20
14,hru14,0.0,0.0,0.536,0.73,0.0,0.0,0.0,0.006,3296.363,3.583,2019-07-20
15,hru15,0.0,0.0,0.539,0.0,0.0,0.0,0.0,0.004,16071.922,3.574,2019-07-20
16,hru16,0.0,0.0,0.536,0.528,0.0,0.0,0.0,0.007,6908.912,3.583,2019-07-20
17,hru17,0.0,0.0,0.539,0.173,0.0,0.0,0.0,0.005,11085.324,3.574,2019-07-20
18,hru18,0.0,0.0,0.54,0.467,0.0,0.0,0.0,0.003,6576.663,3.58,2019-07-20
19,hru19,0.0,0.0,0.542,0.0,0.0,0.0,0.0,0.003,13019.242,3.581,2019-07-20
20,hru20,0.0,0.0,0.54,0.0,0.0,0.0,0.0,0.002,16410.223,3.564,2019-07-20
21,hru21,0.0,0.0,0.539,0.0,0.0,0.0,0.0,0.004,11301.678,3.583,2019-07-20
22,hru22,0.0,0.0,0.54,0.466,0.0,0.0,0.0,0.003,6590.828,3.58,2019-07-20
23,hru23,0.0,0.0,0.54,0.215,0.0,0.0,0.0,0.003,9475.957,3.544,2019-07-20
24,hru24,0.0,0.0,0.54,0.0,0.0,0.0,0.0,0.003,16027.426,3.569,2019-07-20
25,hru25,0.0,0.0,0.54,0.0,0.0,0.0,0.0,0.109,10268.536,1.756,2019-07-20
26,hru26,0.0,0.0,0.539,0.0,0.0,0.0,0.0,0.002,16241.43,3.563,2019-07-20
27,hru27,0.0,0.0,0.535,0.0,0.0,0.0,0.0,0.004,15762.463,3.583,2019-07-20
28,hru28,0.0,0.0,0.536,0.969,0.0,0.0,0.0,0.119,166.202,2.799,2019-07-20
29,hru29,0.0,0.0,0.536,0.886,0.0,0.0,0.0,0.006,1222.901,3.583,2019-07-20
30,hru30,0.0,0.0,0.535,0.886,0.0,0.0,0.0,0.005,1187.061,3.583,2019-07-20
31,hru31,0.0,0.0,0.532,0.964,0.0,0.0,0.0,0.015,309.013,3.599,2019-07-20
32,hru32,0.0,0.0,0.537,0.737,0.0,0.0,0.0,0.004,3138.824,3.583,2019-07-20
33,hru33,0.0,0.0,0.534,0.917,0.0,0.0,0.0,0.007,750.531,3.582,2019-07-20
34,hru34,0.0,0.0,0.534,0.916,0.0,0.0,0.0,0.007,756.433,3.582,2019-07-20
35,hru35,0.0,0.0,0.531,0.954,0.0,0.0,0.0,0.014,385.847,3.6,2019-07-20
36,hru36,0.0,0.0,0.534,0.917,0.0,0.0,0.0,0.007,748.619,3.582,2019-07-20
1,hru01,0.0,0.0,0.538,0.962,0.0,0.0,0.0,0.085,322.283,3.583,2019-07-21
2,hru02,0.0,0.0,0.54,0.0,0.0,0.0,0.0,0.08,10222.28,3.565,2019-07-21
3,hru03,0.0,0.0,0.532,0.961,0.0,0.0,0.0,0.305,237.018,1.921,2019-07-21
4,hru04,0.0,0.0,0.535,0.959,0.0,0.0,0.0,0.305,271.229,1.904,2019-07-21
5,hru05,0.0,0.0,0.539,0.897,0.0,0.0,0.0,0.087,906.539,3.584,2019-07-21
6,hru06,0.0,0.0,0.539,0.897,0.0,0.0,0.0,0.087,905.66,3.584,2019-07-21
7,hru07,0.0,0.0,0.542,0.665,0.0,0.0,0.0,0.076,3694.319,3.565,2019-07-21
8,hru08,0.0,0.0,0.532,0.949,0.0,0.0,0.0,0.093,490.975,3.603,2019-07-21
9,hru09,0.0,0.0,0.539,0.777,0.0,0.0,0.0,0.091,2330.287,3.566,2019-07-21
10,hru10,0.0,0.0,0.539,0.777,0.0,0.0,0.0,0.091,2327.381,3.566,2019-07-21
11,hru11,0.0,0.0,0.542,0.867,0.0,0.0,0.0,0.078,1456.016,3.565,2019-07-21
12,hru12,0.0,0.0,0.541,0.711,0.0,0.0,0.0,0.087,3404.848,3.565,2019-07-21
13,hru13,0.0,0.0,0.543,0.0,0.0,0.0,0.0,0.08,16297.458,3.565,2019-07-21
14,hru14,0.0,0.0,0.541,0.711,0.0,0.0,0.0,0.087,3405.957,3.565,2019-07-21
15,hru15,0.0,0.0,0.545,0.0,0.0,0.0,0.0,0.08,16479.984,3.556,2019-07-21
16,hru16,0.0,0.0,0.541,0.493,0.0,0.0,0.0,0.093,7103.105,3.565,2019-07-21
17,hru17,0.0,0.0,0.545,0.117,0.0,0.0,0.0,0.083,11428.028,3.556,2019-07-21
18,hru18,0.0,0.0,0.545,0.429,0.0,0.0,0.0,0.078,6794.282,3.561,2019-07-21
19,hru19,0.0,0.0,0.548,0.0,0.0,0.0,0.0,0.073,13432.516,3.563,2019-07-21
20,hru20,0.0,0.0,0.546,0.0,0.0,0.0,0.0,0.074,16834.1,3.545,2019-07-21
21,hru21,0.0,0.0,0.545,0.0,0.0,0.0,0.0,0.08,11710.091,3.565,2019-07-21
22,hru22,0.0,0.0,0.545,0.427,0.0,0.0,0.0,0.078,6808.949,3.561,2019-07-21
23,hru23,0.0,0.0,0.545,0.164,0.0,0.0,0.0,0.078,9795.753,3.526,2019-07-21
24,hru24,0.0,0.0,0.546,0.0,0.0,0.0,0.0,0.078,16436.826,3.55,2019-07-21
25,hru25,0.0,0.0,0.546,0.0,0.0,0.0,0.0,0.276,10528.242,1.63,2019-07-21
26,hru26,0.0,0.0,0.545,0.0,0.0,0.0,0.0,0.068,16659.662,3.544,2019-07-21
27,hru27,0.0,0.0,0.541,0.0,0.0,0.0,0.0,0.082,16165.241,3.565,2019-07-21
28,hru28,0.0,0.0,0.542,0.967,0.0,0.0,0.0,0.281,176.686,2.815,2019-07-21
29,hru29,0.0,0.0,0.542,0.878,0.0,0.0,0.0,0.083,1268.629,3.565,2019-07-21
30,hru30,0.0,0.0,0.541,0.879,0.0,0.0,0.0,0.082,1232.295,3.565,2019-07-21
31,hru31,0.0,0.0,0.538,0.962,0.0,0.0,0.0,0.085,323.138,3.583,2019-07-21
32,hru32,0.0,0.0,0.543,0.721,0.0,0.0,0.0,0.08,3245.229,3.565,2019-07-21
33,hru33,0.0,0.0,0.54,0.911,0.0,0.0,0.0,0.082,783.374,3.565,2019-07-21
34,hru34,0.0,0.0,0.54,0.911,0.0,0.0,0.0,0.082,789.555,3.565,2019-07-21
35,hru35,0.0,0.0,0.537,0.951,0.0,0.0,0.0,0.089,403.881,3.583,2019-07-21
36,hru36,0.0,0.0,0.54,0.912,0.0,0.0,0.0,0.082,781.379,3.565,2019-07-21
1,hru01,0.0,0.0,0.543,0.958,0.0,0.0,0.0,0.18,339.617,3.569,2019-07-22
2,hru02,0.0,0.0,0.545,0.0,0.0,0.0,0.0,0.172,10640.824,3.551,2019-07-22
3,hru03,0.0,0.0,0.537,0.955,0.0,0.0,0.0,0.439,249.878,1.835,2019-07-22
4,hru04,0.0,0.0,0.541,0.955,0.0,0.0,0.0,0.439,284.452,1.816,2019-07-22
5,hru05,0.0,0.0,0.544,0.886,0.0,0.0,0.0,0.183,953.341,3.57,2019-07-22
6,hru06,0.0,0.0,0.544,0.887,0.0,0.0,0.0,0.183,952.415,3.57,2019-07-22
7,hru07,0.0,0.0,0.547,0.635,0.0,0.0,0.0,0.165,3846.445,3.55,2019-07-22
8,hru08,0.0,0.0,0.537,0.944,0.0,0.0,0.0,0.191,514.074,3.589,2019-07-22
9,hru09,0.0,0.0,0.545,0.752,0.0,0.0,0.0,0.188,2431.756,3.552,2019-07-22
10,hru10,0.0,0.0,0.545,0.753,0.0,0.0,0.0,0.188,2428.717,3.552,2019-07-22
11,hru11,0.0,0.0,0.547,0.855,0.0,0.0,0.0,0.167,1516.344,3.551,2019-07-22
12,hru12,0.0,0.0,0.547,0.679,0.0,0.0,0.0,0.178,3536.139,3.551,2019-07-22
13,hru13,0.0,0.0,0.548,0.0,0.0,0.0,0.0,0.17,16714.861,3.55,2019-07-22
14,hru14,0.0,0.0,0.547,0.679,0.0,0.0,0.0,0.178,3537.297,3.551,2019-07-22
15,hru15,0.0,0.0,0.55,0.0,0.0,0.0,0.0,0.17,16895.711,3.541,2019-07-22
16,hru16,0.0,0.0,0.546,0.439,0.0,0.0,0.0,0.188,7332.336,3.551,2019-07-22
17,hru17,0.0,0.0,0.55,0.031,0.0,0.0,0.0,0.175,11825.468,3.541,2019-07-22
18,hru18,0.0,0.0,0.551,0.367,0.0,0.0,0.0,0.17,7052.468,3.546,2019-07-22
19,hru19,0.0,0.0,0.554,0.0,0.0,0.0,0.0,0.162,13850.255,3.547,2019-07-22
20,hru20,0.0,0.0,0.551,0.0,0.0,0.0,0.0,0.17,17249.359,3.53,2019-07-22
21,hru21,0.0,0.0,0.55,0.0,0.0,0.0,0.0,0.17,12126.177,3.55,2019-07-22
22,hru22,0.0,0.0,0.551,0.366,0.0,0.0,0.0,0.17,7067.729,3.546,2019-07-22
23,hru23,0.0,0.0,0.551,0.087,0.0,0.0,0.0,0.17,10172.089,3.511,2019-07-22
24,hru24,0.0,0.0,0.551,0.0,0.0,0.0,0.0,0.167,16853.143,3.535,2019-07-22
25,hru25,0.0,0.0,0.551,0.0,0.0,0.0,0.0,0.412,10743.183,1.538,2019-07-22
26,hru26,0.0,0.0,0.551,0.0,0.0,0.0,0.0,0.162,17078.916,3.528,2019-07-22
27,hru27,0.0,0.0,0.546,0.0,0.0,0.0,0.0,0.172,16582.139,3.55,2019-07-22
28,hru28,0.0,0.0,0.547,0.964,0.0,0.0,0.0,0.409,189.32,2.825,2019-07-22
29,hru29,0.0,0.0,0.547,0.866,0.0,0.0,0.0,0.175,1324.058,3.55,2019-07-22
30,hru30,0.0,0.0,0.546,0.867,0.0,0.0,0.0,0.172,1287.3,3.551,2019-07-22
31,hru31,0.0,0.0,0.543,0.958,0.0,0.0,0.0,0.18,340.522,3.569,2019-07-22
32,hru32,0.0,0.0,0.548,0.695,0.0,0.0,0.0,0.17,3371.841,3.55,2019-07-22
33,hru33,0.0,0.0,0.546,0.902,0.0,0.0,0.0,0.175,823.688,3.551,2019-07-22
34,hru34,0.0,0.0,0.546,0.902,0.0,0.0,0.0,0.175,830.214,3.551,2019-07-22
35,hru35,0.0,0.0,0.542,0.946,0.0,0.0,0.0,0.178,426.169,3.569,2019-07-22
36,hru36,0.0,0.0,0.546,0.903,0.0,0.0,0.0,0.175,821.59,3.551,2019-07-22
1,hru01,0.0,0.0,0.548,0.954,0.0,0.0,0.0,0.131,359.903,3.557,2019-07-23
2,hru02,0.0,0.0,0.55,0.0,0.0,0.0,0.0,0.122,11041.448,3.538,2019-07-23
3,hru03,0.0,0.0,0.543,0.948,0.0,0.0,0.0,0.376,265.257,1.768,2019-07-23
4,hru04,0.0,0.0,0.546,0.95,0.0,0.0,0.0,0.373,299.665,1.747,2019-07-23
5,hru05,0.0,0.0,0.549,0.873,0.0,0.0,0.0,0.133,1008.343,3.558,2019-07-23
6,hru06,0.0,0.0,0.549,0.874,0.0,0.0,0.0,0.133,1007.363,3.558,2019-07-23
7,hru07,0.0,0.0,0.553,0.599,0.0,0.0,0.0,0.118,4022.893,3.537,2019-07-23
8,hru08,0.0,0.0,0.543,0.938,0.0,0.0,0.0,0.143,541.136,3.578,2019-07-23
9,hru09,0.0,0.0,0.55,0.723,0.0,0.0,0.0,0.136,2551.393,3.54,2019-07-23
10,hru10,0.0,0.0,0.55,0.723,0.0,0.0,0.0,0.136,2548.197,3.54,2019-07-23
11,hru11,0.0,0.0,0.553,0.84,0.0,0.0,0.0,0.115,1586.476,3.538,2019-07-23
12,hru12,0.0,0.0,0.552,0.64,0.0,0.0,0.0,0.129,3691.068,3.538,2019-07-23
13,hru13,0.0,0.0,0.554,0.0,0.0,0.0,0.0,0.122,17115.846,3.537,2019-07-23
14,hru14,0.0,0.0,0.552,0.64,0.0,0.0,0.0,0.129,3692.285,3.538,2019-07-23
15,hru15,0.0,0.0,0.556,0.0,0.0,0.0,0.0,0.122,17296.76,3.528,2019-07-23
16,hru16,0.0,0.0,0.552,0.373,0.0,0.0,0.0,0.136,7603.913,3.539,2019-07-23
17,hru17,0.0,0.0,0.555,0.0,0.0,0.0,0.0,0.124,12225.043,3.528,2019-07-23
18,hru18,0.0,0.0,0.556,0.293,0.0,0.0,0.0,0.12,7358.061,3.533,2019-07-23
19,hru19,0.0,0.0,0.559,0.0,0.0,0.0,0.0,0.113,14255.701,3.534,2019-07-23
20,hru20,0.0,0.0,0.556,0.0,0.0,0.0,0.0,0.12,17652.018,3.517,2019-07-23
21,hru21,0.0,0.0,0.556,0.0,0.0,0.0,0.0,0.122,12527.573,3.537,2019-07-23
22,hru22,0.0,0.0,0.556,0.291,0.0,0.0,0.0,0.12,7374.019,3.533,2019-07-23
23,hru23,0.0,0.0,0.556,0.0,0.0,0.0,0.0,0.12,10571.637,3.498,2019-07-23
24,hru24,0.0,0.0,0.557,0.0,0.0,0.0,0.0,0.12,17255.502,3.522,2019-07-23
25,hru25,0.0,0.0,0.556,0.0,0.0,0.0,0.0,0.344,10926.128,1.466,2019-07-23
26,hru26,0.0,0.0,0.556,0.0,0.0,0.0,0.0,0.115,17484.627,3.515,2019-07-23
27,hru27,0.0,0.0,0.552,0.0,0.0,0.0,0.0,0.126,16981.729,3.538,2019-07-23
28,hru28,0.0,0.0,0.553,0.961,0.0,0.0,0.0,0.338,203.944,2.831,2019-07-23
29,hru29,0.0,0.0,0.552,0.85,0.0,0.0,0.0,0.129,1389.046,3.538,2019-07-23
30,hru30,0.0,0.0,0.551,0.851,0.0,0.0,0.0,0.124,1351.816,3.538,2019-07-23
31,hru31,0.0,0.0,0.548,0.954,0.0,0.0,0.0,0.131,360.868,3.557,2019-07-23
32,hru32,0.0,0.0,0.554,0.663,0.0,0.0,0.0,0.122,3519.319,3.537,2019-07-23
33,hru33,0.0,0.0,0.551,0.892,0.0,0.0,0.0,0.126,870.907,3.538,2019-07-23
34,hru34,0.0,0.0,0.551,0.891,0.0,0.0,0.0,0.126,877.839,3.538,2019-07-23
35,hru35,0.0,0.0,0.548,0.94,0.0,0.0,0.0,0.129,452.268,3.557,2019-07-23
36,hru36,0.0,0.0,0.551,0.892,0.0,0.0,0.0,0.126,868.687,3.538,2019-07-23
1,hru01,0.0,0.0,0.554,0.949,0.0,0.0,0.0,0.085,382.235,3.543,2019-07-24
2,hru02,0.0,0.0,0.556,0.0,0.0,0.0,0.0,0.082,11463.356,3.524,2019-07-24
3,hru03,0.0,0.0,0.549,0.94,0.0,0.0,0.0,0.314,282.615,1.692,2019-07-24
4,hru04,0.0,0.0,0.552,0.944,0.0,0.0,0.0,0.308,316.16,1.67,2019-07-24
5,hru05,0.0,0.0,0.555,0.858,0.0,0.0,0.0,0.089,1069.257,3.544,2019-07-24
6,hru06,0.0,0.0,0.555,0.859,0.0,0.0,0.0,0.089,1068.215,3.544,2019-07-24
7,hru07,0.0,0.0,0.559,0.558,0.0,0.0,0.0,0.073,4215.564,3.522,2019-07-24
8,hru08,0.0,0.0,0.549,0.931,0.0,0.0,0.0,0.099,570.971,3.565,2019-07-24
9,hru09,0.0,0.0,0.556,0.689,0.0,0.0,0.0,0.095,2684.393,3.526,2019-07-24
10,hru10,0.0,0.0,0.556,0.689,0.0,0.0,0.0,0.095,2681.021,3.526,2019-07-24
11,hru11,0.0,0.0,0.559,0.823,0.0,0.0,0.0,0.076,1663.175,3.523,2019-07-24
12,hru12,0.0,0.0,0.558,0.596,0.0,0.0,0.0,0.087,3863.574,3.524,2019-07-24
13,hru13,0.0,0.0,0.56,0.0,0.0,0.0,0.0,0.076,17537.109,3.523,2019-07-24
14,hru14,0.0,0.0,0.558,0.596,0.0,0.0,0.0,0.087,3864.857,3.524,2019-07-24
15,hru15,0.0,0.0,0.562,0.0,0.0,0.0,0.0,0.074,17718.084,3.513,2019-07-24
16,hru16,0.0,0.0,0.558,0.299,0.0,0.0,0.0,0.093,7905.685,3.525,2019-07-24
17,hru17,0.0,0.0,0.561,0.0,0.0,0.0,0.0,0.083,12646.558,3.514,2019-07-24
18,hru18,0.0,0.0,0.562,0.21,0.0,0.0,0.0,0.074,7697.385,3.518,2019-07-24
19,hru19,0.0,0.0,0.565,0.0,0.0,0.0,0.0,0.071,14682.076,3.519,2019-07-24
20,hru20,0.0,0.0,0.562,0.0,0.0,0.0,0.0,0.068,18076.402,3.502,2019-07-24
21,hru21,0.0,0.0,0.562,0.0,0.0,0.0,0.0,0.074,12949.264,3.522,2019-07-24
22,hru22,0.0,0.0,0.562,0.209,0.0,0.0,0.0,0.074,7714.106,3.518,2019-07-24
23,hru23,0.0,0.0,0.562,0.0,0.0,0.0,0.0,0.074,10992.581,3.483,2019-07-24
24,hru24,0.0,0.0,0.562,0.0,0.0,0.0,0.0,0.073,17677.951,3.507,2019-07-24
25,hru25,0.0,0.0,0.562,0.0,0.0,0.0,0.0,0.264,11123.901,1.385,2019-07-24
26,hru26,0.0,0.0,0.562,0.0,0.0,0.0,0.0,0.066,17910.25,3.5,2019-07-24
27,hru27,0.0,0.0,0.558,0.0,0.0,0.0,0.0,0.078,17400.549,3.523,2019-07-24
28,hru28,0.0,0.0,0.559,0.957,0.0,0.0,0.0,0.278,219.84,2.838,2019-07-24
29,hru29,0.0,0.0,0.558,0.833,0.0,0.0,0.0,0.085,1460.907,3.524,2019-07-24
30,hru30,0.0,0.0,0.557,0.834,0.0,0.0,0.0,0.078,1423.203,3.524,2019-07-24
31,hru31,0.0,0.0,0.554,0.948,0.0,0.0,0.0,0.085,383.265,3.543,2019-07-24
32,hru32,0.0,0.0,0.56,0.627,0.0,0.0,0.0,0.076,3681.031,3.523,2019-07-24
33,hru33,0.0,0.0,0.557,0.879,0.0,0.0,0.0,0.082,922.992,3.524,2019-07-24
34,hru34,0.0,0.0,0.557,0.878,0.0,0.0,0.0,0.082,930.378,3.524,2019-07-24
35,hru35,0.0,0.0,0.554,0.933,0.0,0.0,0.0,0.087,481.034,3.544,2019-07-24
36,hru36,0.0,0.0,0.557,0.88,0.0,0.0,0.0,0.082,920.637,3.524,2019-07-24
1,hru01,0.0,0.0,0.56,0.945,0.0,0.0,0.0,0.078,406.834,3.528,2019-07-25
2,hru02,0.0,0.0,0.562,0.0,0.0,0.0,0.0,0.071,11900.662,3.508,2019-07-25
3,hru03,0.0,0.0,0.554,0.937,0.0,0.0,0.0,0.29,302.119,1.607,2019-07-25
4,hru04,0.0,0.0,0.558,0.942,0.0,0.0,0.0,0.287,333.948,1.582,2019-07-25
5,hru05,0.0,0.0,0.561,0.847,0.0,0.0,0.0,0.076,1136.807,3.529,2019-07-25
6,hru06,0.0,0.0,0.561,0.847,0.0,0.0,0.0,0.076,1135.697,3.529,2019-07-25
7,hru07,0.0,0.0,0.565,0.524,0.0,0.0,0.0,0.071,4425.578,3.506,2019-07-25
8,hru08,0.0,0.0,0.554,0.927,0.0,0.0,0.0,0.083,603.864,3.551,2019-07-25
9,hru09,0.0,0.0,0.562,0.663,0.0,0.0,0.0,0.078,2832.255,3.511,2019-07-25
10,hru10,0.0,0.0,0.562,0.664,0.0,0.0,0.0,0.078,2828.687,3.511,2019-07-25
11,hru11,0.0,0.0,0.565,0.809,0.0,0.0,0.0,0.078,1747.013,3.507,2019-07-25
12,hru12,0.0,0.0,0.564,0.561,0.0,0.0,0.0,0.068,4055.433,3.508,2019-07-25
13,hru13,0.0,0.0,0.566,0.0,0.0,0.0,0.0,0.069,17975.482,3.506,2019-07-25
14,hru14,0.0,0.0,0.564,0.561,0.0,0.0,0.0,0.068,4056.791,3.508,2019-07-25
15,hru15,0.0,0.0,0.568,0.0,0.0,0.0,0.0,0.064,18155.396,3.496,2019-07-25
16,hru16,0.0,0.0,0.564,0.243,0.0,0.0,0.0,0.073,8238.39,3.51,2019-07-25
17,hru17,0.0,0.0,0.567,0.0,0.0,0.0,0.0,0.066,13079.818,3.498,2019-07-25
18,hru18,0.0,0.0,0.568,0.144,0.0,0.0,0.0,0.063,8070.983,3.501,2019-07-25
19,hru19,0.0,0.0,0.571,0.0,0.0,0.0,0.0,0.058,15119.959,3.501,2019-07-25
20,hru20,0.0,0.0,0.568,0.0,0.0,0.0,0.0,0.058,18513.988,3.484,2019-07-25
21,hru21,0.0,0.0,0.568,0.0,0.0,0.0,0.0,0.064,13386.959,3.505,2019-07-25
22,hru22,0.0,0.0,0.568,0.142,0.0,0.0,0.0,0.063,8088.529,3.501,2019-07-25
23,hru23,0.0,0.0,0.568,0.0,0.0,0.0,0.0,0.063,11428.879,3.466,2019-07-25
24,hru24,0.0,0.0,0.568,0.0,0.0,0.0,0.0,0.066,18115.664,3.49,2019-07-25
25,hru25,0.0,0.0,0.568,0.0,0.0,0.0,0.0,0.248,11333.228,1.291,2019-07-25
26,hru26,0.0,0.0,0.568,0.0,0.0,0.0,0.0,0.056,18349.504,3.482,2019-07-25
27,hru27,0.0,0.0,0.564,0.0,0.0,0.0,0.0,0.069,17838.416,3.507,2019-07-25
28,hru28,0.0,0.0,0.565,0.953,0.0,0.0,0.0,0.281,237.101,2.843,2019-07-25
29,hru29,0.0,0.0,0.564,0.819,0.0,0.0,0.0,0.071,1540.375,3.507,2019-07-25
30,hru30,0.0,0.0,0.563,0.819,0.0,0.0,0.0,0.069,1502.197,3.508,2019-07-25
31,hru31,0.0,0.0,0.56,0.945,0.0,0.0,0.0,0.078,407.938,3.528,2019-07-25
32,hru32,0.0,0.0,0.566,0.597,0.0,0.0,0.0,0.069,3857.96,3.506,2019-07-25
33,hru33,0.0,0.0,0.563,0.869,0.0,0.0,0.0,0.073,980.508,3.508,2019-07-25
34,hru34,0.0,0.0,0.563,0.868,0.0,0.0,0.0,0.073,988.399,3.508,2019-07-25
35,hru35,0.0,0.0,0.56,0.929,0.0,0.0,0.0,0.076,512.788,3.528,2019-07-25
36,hru36,0.0,0.0,0.563,0.869,0.0,0.0,0.0,0.073,978.002,3.508,2019-07-25
1,hru01,0.0,0.0,0.567,0.942,0.0,0.0,0.0,0.001,426.496,3.511,2019-07-26
2,hru02,0.0,0.0,0.569,0.0,0.0,0.0,0.0,0.001,12233.928,3.491,2019-07-26
3,hru03,0.0,0.0,0.561,0.928,0.0,0.0,0.0,0.109,317.2,1.518,2019-07-26
4,hru04,0.0,0.0,0.565,0.936,0.0,0.0,0.0,0.107,347.619,1.491,2019-07-26
5,hru05,0.0,0.0,0.568,0.837,0.0,0.0,0.0,0.001,1192.064,3.513,2019-07-26
6,hru06,0.0,0.0,0.568,0.838,0.0,0.0,0.0,0.001,1190.899,3.513,2019-07-26
7,hru07,0.0,0.0,0.572,0.5,0.0,0.0,0.0,0.001,4598.441,3.488,2019-07-26
8,hru08,0.0,0.0,0.561,0.923,0.0,0.0,0.0,0.002,630.445,3.535,2019-07-26
9,hru09,0.0,0.0,0.569,0.642,0.0,0.0,0.0,0.001,2954.655,3.494,2019-07-26
10,hru10,0.0,0.0,0.569,0.643,0.0,0.0,0.0,0.001,2950.923,3.494,2019-07-26
11,hru11,0.0,0.0,0.572,0.799,0.0,0.0,0.0,0.001,1816.666,3.489,2019-07-26
12,hru12,0.0,0.0,0.571,0.533,0.0,0.0,0.0,0.001,4216.245,3.49,2019-07-26
13,hru13,0.027,0.0,0.573,0.0,0.0,0.0,0.0,0.001,18316.98,3.489,2019-07-26
14,hru14,0.0,0.0,0.571,0.533,0.0,0.0,0.0,0.001,4217.666,3.49,2019-07-26
15,hru15,0.0,0.0,0.575,0.0,0.0,0.0,0.0,0.001,18501.812,3.478,2019-07-26
16,hru16,0.0,0.0,0.571,0.197,0.0,0.0,0.0,0.001,8519.307,3.493,2019-07-26
17,hru17,0.0,0.0,0.574,0.0,0.0,0.0,0.0,0.0,13428.453,3.48,2019-07-26
18,hru18,0.0,0.0,0.575,0.093,0.0,0.0,0.0,0.0,8386.529,3.483,2019-07-26
19,hru19,0.0,0.0,0.578,0.0,0.0,0.0,0.0,0.0,15472.371,3.482,2019-07-26
20,hru20,0.0,0.0,0.575,0.0,0.0,0.0,0.0,0.0,18876.348,3.466,2019-07-26
21,hru21,0.0,0.0,0.575,0.0,0.0,0.0,0.0,0.001,13733.68,3.487,2019-07-26
22,hru22,0.0,0.0,0.575,0.091,0.0,0.0,0.0,0.0,8404.758,3.483,2019-07-26
23,hru23,0.0,0.0,0.575,0.0,0.0,0.0,0.0,0.0,11773.022,3.448,2019-07-26
24,hru24,0.0,0.0,0.575,0.0,0.0,0.0,0.0,0.0,18463.225,3.472,2019-07-26
25,hru25,0.0,0.0,0.575,0.0,0.0,0.0,0.0,0.086,11501.772,1.194,2019-07-26
26,hru26,0.0,0.0,0.575,0.0,0.0,0.0,0.0,0.0,18708.904,3.463,2019-07-26
27,hru27,0.0,0.0,0.571,0.0,0.0,0.0,0.0,0.001,18178.135,3.489,2019-07-26
28,hru28,0.0,0.0,0.572,0.951,0.0,0.0,0.0,0.1,251.479,2.848,2019-07-26
29,hru29,0.0,0.0,0.571,0.808,0.0,0.0,0.0,0.001,1606.027,3.49,2019-07-26
30,hru30,0.0,0.0,0.57,0.809,0.0,0.0,0.0,0.001,1567.525,3.49,2019-07-26
31,hru31,0.0,0.0,0.567,0.942,0.0,0.0,0.0,0.001,427.658,3.511,2019-07-26
32,hru32,0.0,0.0,0.573,0.575,0.0,0.0,0.0,0.001,4005.771,3.489,2019-07-26
33,hru33,0.0,0.0,0.57,0.861,0.0,0.0,0.0,0.001,1027.656,3.491,2019-07-26
34,hru34,0.0,0.0,0.57,0.86,0.0,0.0,0.0,0.001,1035.964,3.491,2019-07-26
35,hru35,0.0,0.0,0.566,0.924,0.0,0.0,0.0,0.002,538.35,3.512,2019-07-26
36,hru36,0.0,0.0,0.57,0.862,0.0,0.0,0.0,0.001,1025.026,3.491,2019-07-26
1,hru01,0.0,0.0,0.574,0.934,0.0,0.0,0.0,0.0,452.047,3.489,2019-07-27
2,hru02,0.0,0.0,0.576,0.0,0.0,0.0,0.0,0.0,12672.698,3.467,2019-07-27
3,hru03,0.0,0.0,0.568,0.914,0.0,0.0,0.0,0.093,337.631,1.395,2019-07-27
4,hru04,0.0,0.0,0.572,0.928,0.0,0.0,0.0,0.094,365.464,1.364,2019-07-27
5,hru05,0.0,0.0,0.575,0.814,0.0,0.0,0.0,0.0,1263.747,3.49,2019-07-27
6,hru06,0.0,0.0,0.575,0.814,0.0,0.0,0.0,0.0,1262.512,3.49,2019-07-27
7,hru07,0.0,0.0,0.579,0.441,0.0,0.0,0.0,0.0,4818.013,3.465,2019-07-27
8,hru08,0.0,0.0,0.568,0.912,0.0,0.0,0.0,0.0,664.771,3.514,2019-07-27
9,hru09,0.0,0.0,0.576,0.589,0.0,0.0,0.0,0.0,3112.416,3.471,2019-07-27
10,hru10,0.0,0.0,0.576,0.59,0.0,0.0,0.0,0.0,3108.473,3.471,2019-07-27
11,hru11,0.0,0.0,0.579,0.774,0.0,0.0,0.0,0.0,1904.873,3.466,2019-07-27
12,hru12,0.0,0.0,0.578,0.464,0.0,0.0,0.0,0.0,4422.239,3.467,2019-07-27
13,hru13,0.031,0.0,0.58,0.0,0.0,0.0,0.0,0.0,18744.898,3.465,2019-07-27
14,hru14,0.0,0.0,0.578,0.463,0.0,0.0,0.0,0.0,4423.742,3.467,2019-07-27
15,hru15,0.0,0.0,0.582,0.0,0.0,0.0,0.0,0.0,18942.375,3.454,2019-07-27
16,hru16,0.0,0.0,0.578,0.087,0.0,0.0,0.0,0.0,8876.17,3.469,2019-07-27
17,hru17,0.0,0.0,0.581,0.0,0.0,0.0,0.0,0.0,13872.885,3.456,2019-07-27
18,hru18,0.0,0.0,0.582,0.0,0.0,0.0,0.0,0.0,8786.303,3.459,2019-07-27
19,hru19,0.0,0.0,0.585,0.0,0.0,0.0,0.0,0.0,15914.958,3.457,2019-07-27
20,hru20,0.0,0.0,0.583,0.0,0.0,0.0,0.0,0.0,19321.355,3.441,2019-07-27
21,hru21,0.0,0.0,0.582,0.0,0.0,0.0,0.0,0.0,14174.632,3.463,2019-07-27
22,hru22,0.0,0.0,0.582,0.0,0.0,0.0,0.0,0.0,8805.385,3.459,2019-07-27
23,hru23,0.0,0.0,0.582,0.0,0.0,0.0,0.0,0.0,12212.218,3.424,2019-07-27
24,hru24,0.0,0.0,0.582,0.0,0.0,0.0,0.0,0.0,18903.869,3.448,2019-07-27
25,hru25,0.0,0.0,0.583,0.0,0.0,0.0,0.0,0.076,11728.071,1.062,2019-07-27
26,hru26,0.0,0.0,0.582,0.0,0.0,0.0,0.0,0.0,19151.879,3.438,2019-07-27
27,hru27,0.026,0.0,0.578,0.0,0.0,0.0,0.0,0.0,18617.803,3.466,2019-07-27
28,hru28,0.0,0.0,0.579,0.946,0.0,0.0,0.0,0.093,269.707,2.853,2019-07-27
29,hru29,0.0,0.0,0.578,0.781,0.0,0.0,0.0,0.0,1690.482,3.467,2019-07-27
30,hru30,0.0,0.0,0.577,0.781,0.0,0.0,0.0,0.0,1651.695,3.467,2019-07-27
31,hru31,0.0,0.0,0.574,0.934,0.0,0.0,0.0,0.0,453.286,3.489,2019-07-27
32,hru32,0.0,0.0,0.58,0.522,0.0,0.0,0.0,0.0,4192.696,3.465,2019-07-27
33,hru33,0.0,0.0,0.577,0.842,0.0,0.0,0.0,0.0,1088.694,3.467,2019-07-27
34,hru34,0.0,0.0,0.577,0.84,0.0,0.0,0.0,0.0,1097.545,3.467,2019-07-27
35,hru35,0.0,0.0,0.573,0.914,0.0,0.0,0.0,0.0,571.626,3.49,2019-07-27
36,hru36,0.0,0.0,0.577,0.842,0.0,0.0,0.0,0.0,1085.903,3.467,2019-07-27
1,hru01,0.0,0.0,0.581,0.942,0.0,0.0,0.0,0.017,480.759,3.464,2019-07-28
2,hru02,0.0,0.0,0.583,0.0,0.0,0.0,0.0,0.012,13106.91,3.442,2019-07-28
3,hru03,0.0,0.0,0.575,0.927,0.0,0.0,0.0,0.179,360.433,1.267,2019-07-28
4,hru04,0.0,0.0,0.578,0.936,0.0,0.0,0.0,0.174,384.39,1.235,2019-07-28
5,hru05,0.0,0.0,0.581,0.835,0.0,0.0,0.0,0.017,1344.502,3.466,2019-07-28
6,hru06,0.0,0.0,0.581,0.835,0.0,0.0,0.0,0.017,1343.186,3.466,2019-07-28
7,hru07,0.0,0.0,0.585,0.574,0.0,0.0,0.0,0.01,5058.153,3.439,2019-07-28
8,hru08,0.0,0.0,0.575,0.919,0.0,0.0,0.0,0.024,702.944,3.491,2019-07-28
9,hru09,0.0,0.0,0.582,0.657,0.0,0.0,0.0,0.018,3288.679,3.446,2019-07-28
10,hru10,0.0,0.0,0.582,0.658,0.0,0.0,0.0,0.018,3284.499,3.446,2019-07-28
11,hru11,0.0,0.0,0.585,0.83,0.0,0.0,0.0,0.011,2001.855,3.44,2019-07-28
12,hru12,0.0,0.0,0.584,0.572,0.0,0.0,0.0,0.014,4650.491,3.441,2019-07-28
13,hru13,0.036,0.0,0.586,0.0,0.0,0.0,0.0,0.011,19157.309,3.439,2019-07-28
14,hru14,0.0,0.0,0.584,0.572,0.0,0.0,0.0,0.014,4652.083,3.441,2019-07-28
15,hru15,0.0,0.0,0.588,0.0,0.0,0.0,0.0,0.01,19365.887,3.428,2019-07-28
16,hru16,0.0,0.0,0.584,0.22,0.0,0.0,0.0,0.018,9263.277,3.445,2019-07-28
17,hru17,0.0,0.0,0.588,0.0,0.0,0.0,0.0,0.014,14294.546,3.429,2019-07-28
18,hru18,0.0,0.0,0.589,0.085,0.0,0.0,0.0,0.01,9209.332,3.432,2019-07-28
19,hru19,0.0,0.0,0.592,0.0,0.0,0.0,0.0,0.009,16336.669,3.43,2019-07-28
20,hru20,0.0,0.0,0.589,0.0,0.0,0.0,0.0,0.008,19744.699,3.413,2019-07-28
21,hru21,0.0,0.0,0.588,0.0,0.0,0.0,0.0,0.01,14598.521,3.436,2019-07-28
22,hru22,0.0,0.0,0.589,0.083,0.0,0.0,0.0,0.01,9228.414,3.432,2019-07-28
23,hru23,0.0,0.0,0.589,0.0,0.0,0.0,0.0,0.01,12633.699,3.397,2019-07-28
24,hru24,0.0,0.0,0.589,0.0,0.0,0.0,0.0,0.009,19327.637,3.421,2019-07-28
25,hru25,0.0,0.0,0.589,0.0,0.0,0.0,0.0,0.137,11930.654,0.928,2019-07-28
26,hru26,0.0,0.0,0.589,0.0,0.0,0.0,0.0,0.008,19575.844,3.411,2019-07-28
27,hru27,0.03,0.0,0.584,0.0,0.0,0.0,0.0,0.011,19032.412,3.44,2019-07-28
28,hru28,0.0,0.0,0.585,0.957,0.0,0.0,0.0,0.145,289.604,2.857,2019-07-28
29,hru29,0.0,0.0,0.584,0.82,0.0,0.0,0.0,0.015,1784.56,3.441,2019-07-28
30,hru30,0.0,0.0,0.584,0.832,0.0,0.0,0.0,0.01,1745.677,3.442,2019-07-28
31,hru31,0.0,0.0,0.581,0.942,0.0,0.0,0.0,0.017,482.086,3.464,2019-07-28
32,hru32,0.0,0.0,0.586,0.604,0.0,0.0,0.0,0.011,4396.367,3.439,2019-07-28
33,hru33,0.0,0.0,0.583,0.862,0.0,0.0,0.0,0.014,1157.23,3.442,2019-07-28
34,hru34,0.0,0.0,0.583,0.861,0.0,0.0,0.0,0.014,1166.698,3.442,2019-07-28
35,hru35,0.0,0.0,0.58,0.922,0.0,0.0,0.0,0.018,609.136,3.466,2019-07-28
36,hru36,0.0,0.0,0.583,0.863,0.0,0.0,0.0,0.014,1154.257,3.442,2019-07-28
1,hru01,0.0,0.0,0.586,0.938,0.0,0.0,0.0,0.15,503.273,3.441,2019-07-29
2,hru02,0.0,0.0,0.588,0.0,0.0,0.0,0.0,0.129,13492.456,3.418,2019-07-29
3,hru03,0.0,0.0,0.58,0.916,0.0,0.0,0.0,0.386,376.865,1.159,2019-07-29
4,hru04,0.0,0.0,0.583,0.929,0.0,0.0,0.0,0.386,398.559,1.123,2019-07-29
5,hru05,0.0,0.0,0.587,0.822,0.0,0.0,0.0,0.143,1408.971,3.444,2019-07-29
6,hru06,0.0,0.0,0.587,0.822,0.0,0.0,0.0,0.143,1407.591,3.444,2019-07-29
7,hru07,0.0,0.0,0.591,0.546,0.0,0.0,0.0,0.122,5225.451,3.414,2019-07-29
8,hru08,0.0,0.0,0.58,0.913,0.0,0.0,0.0,0.15,734.454,3.47,2019-07-29
9,hru09,0.0,0.0,0.587,0.63,0.0,0.0,0.0,0.14,3422.469,3.423,2019-07-29
10,hru10,0.0,0.0,0.587,0.631,0.0,0.0,0.0,0.14,3418.109,3.423,2019-07-29
11,hru11,0.0,0.0,0.591,0.818,0.0,0.0,0.0,0.122,2069.0,3.415,2019-07-29
12,hru12,0.0,0.0,0.59,0.538,0.0,0.0,0.0,0.133,4818.535,3.417,2019-07-29
13,hru13,0.04,0.0,0.592,0.0,0.0,0.0,0.0,0.126,19537.895,3.414,2019-07-29
14,hru14,0.0,0.0,0.59,0.537,0.0,0.0,0.0,0.133,4820.194,3.417,2019-07-29
15,hru15,0.0,0.0,0.594,0.0,0.0,0.0,0.0,0.129,19757.912,3.402,2019-07-29
16,hru16,0.0,0.0,0.589,0.162,0.0,0.0,0.0,0.138,9569.471,3.421,2019-07-29
17,hru17,0.0,0.0,0.593,0.0,0.0,0.0,0.0,0.126,14683.518,3.404,2019-07-29
18,hru18,0.0,0.0,0.594,0.018,0.0,0.0,0.0,0.126,9570.539,3.406,2019-07-29
19,hru19,0.0,0.0,0.597,0.0,0.0,0.0,0.0,0.124,16731.178,3.403,2019-07-29
20,hru20,0.0,0.0,0.595,0.0,0.0,0.0,0.0,0.124,20145.471,3.386,2019-07-29
21,hru21,0.0,0.0,0.594,0.0,0.0,0.0,0.0,0.129,14990.899,3.41,2019-07-29
22,hru22,0.0,0.0,0.594,0.016,0.0,0.0,0.0,0.126,9590.396,3.406,2019-07-29
23,hru23,0.0,0.0,0.594,0.0,0.0,0.0,0.0,0.126,13023.328,3.372,2019-07-29
24,hru24,0.0,0.0,0.595,0.0,0.0,0.0,0.0,0.122,19721.26,3.395,2019-07-29
25,hru25,0.0,0.0,0.595,0.0,0.0,0.0,0.0,0.351,12096.273,0.81,2019-07-29
26,hru26,0.0,0.0,0.595,0.0,0.0,0.0,0.0,0.122,19974.842,3.384,2019-07-29
27,hru27,0.033,0.0,0.59,0.0,0.0,0.0,0.0,0.129,19414.102,3.415,2019-07-29
28,hru28,0.0,0.0,0.591,0.955,0.0,0.0,0.0,0.347,303.926,2.86,2019-07-29
29,hru29,0.0,0.0,0.59,0.806,0.0,0.0,0.0,0.136,1855.117,3.417,2019-07-29
30,hru30,0.0,0.0,0.589,0.819,0.0,0.0,0.0,0.131,1811.324,3.417,2019-07-29
31,hru31,0.0,0.0,0.586,0.938,0.0,0.0,0.0,0.15,504.668,3.441,2019-07-29
32,hru32,0.0,0.0,0.592,0.577,0.0,0.0,0.0,0.126,4552.494,3.414,2019-07-29
33,hru33,0.0,0.0,0.589,0.852,0.0,0.0,0.0,0.133,1210.831,3.418,2019-07-29
34,hru34,0.0,0.0,0.589,0.851,0.0,0.0,0.0,0.133,1220.777,3.418,2019-07-29
35,hru35,0.0,0.0,0.585,0.917,0.0,0.0,0.0,0.15,639.206,3.443,2019-07-29
36,hru36,0.0,0.0,0.589,0.853,0.0,0.0,0.0,0.133,1207.716,3.418,2019-07-29
1,hru01,0.0,0.0,0.591,0.931,0.0,0.0,0.0,0.188,531.621,3.424,2019-07-30
2,hru02,0.0,0.0,0.593,0.0,0.0,0.0,0.0,0.194,13886.115,3.398,2019-07-30
3,hru03,0.0,0.0,0.585,0.903,0.0,0.0,0.0,0.439,397.708,1.085,2019-07-30
4,hru04,0.0,0.0,0.588,0.921,0.0,0.0,0.0,0.443,415.776,1.047,2019-07-30
5,hru05,0.0,0.0,0.592,0.802,0.0,0.0,0.0,0.191,1489.62,3.426,2019-07-30
6,hru06,0.0,0.0,0.592,0.802,0.0,0.0,0.0,0.191,1488.16,3.426,2019-07-30
7,hru07,0.0,0.0,0.596,0.503,0.0,0.0,0.0,0.188,5429.103,3.394,2019-07-30
8,hru08,0.0,0.0,0.585,0.904,0.0,0.0,0.0,0.191,773.934,3.453,2019-07-30
9,hru09,0.0,0.0,0.593,0.588,0.0,0.0,0.0,0.196,3588.568,3.404,2019-07-30
10,hru10,0.0,0.0,0.593,0.588,0.0,0.0,0.0,0.196,3583.983,3.404,2019-07-30
11,hru11,0.0,0.0,0.596,0.8,0.0,0.0,0.0,0.186,2150.638,3.395,2019-07-30
12,hru12,0.0,0.0,0.595,0.484,0.0,0.0,0.0,0.191,5024.958,3.398,2019-07-30
13,hru13,0.045,0.0,0.597,0.0,0.0,0.0,0.0,0.191,19927.559,3.394,2019-07-30
14,hru14,0.0,0.0,0.595,0.484,0.0,0.0,0.0,0.191,5026.7,3.398,2019-07-30
15,hru15,0.0,0.0,0.599,0.0,0.0,0.0,0.0,0.194,20145.006,3.382,2019-07-30
16,hru16,0.0,0.0,0.595,0.075,0.0,0.0,0.0,0.194,9943.621,3.402,2019-07-30
17,hru17,0.0,0.0,0.599,0.0,0.0,0.0,0.0,0.186,15072.021,3.384,2019-07-30
18,hru18,0.0,0.0,0.6,0.0,0.0,0.0,0.0,0.188,9958.64,3.385,2019-07-30
19,hru19,0.0,0.0,0.603,0.0,0.0,0.0,0.0,0.183,17119.396,3.382,2019-07-30
20,hru20,0.0,0.0,0.6,0.0,0.0,0.0,0.0,0.191,20532.541,3.365,2019-07-30
21,hru21,0.0,0.0,0.599,0.0,0.0,0.0,0.0,0.194,15378.344,3.39,2019-07-30
22,hru22,0.0,0.0,0.6,0.0,0.0,0.0,0.0,0.188,9978.497,3.385,2019-07-30
23,hru23,0.0,0.0,0.6,0.0,0.0,0.0,0.0,0.188,13409.984,3.351,2019-07-30
24,hru24,0.0,0.0,0.6,0.0,0.0,0.0,0.0,0.188,20111.182,3.374,2019-07-30
25,hru25,0.0,0.0,0.6,0.0,0.0,0.0,0.0,0.439,12220.587,0.729,2019-07-30
26,hru26,0.0,0.0,0.6,0.0,0.0,0.0,0.0,0.186,20363.682,3.362,2019-07-30
27,hru27,0.037,0.0,0.595,0.0,0.0,0.0,0.0,0.191,19802.654,3.395,2019-07-30
28,hru28,0.0,0.0,0.596,0.951,0.0,0.0,0.0,0.432,321.304,2.779,2019-07-30
29,hru29,0.0,0.0,0.595,0.784,0.0,0.0,0.0,0.194,1942.279,3.397,2019-07-30
30,hru30,0.0,0.0,0.594,0.799,0.0,0.0,0.0,0.191,1892.381,3.398,2019-07-30
31,hru31,0.0,0.0,0.591,0.931,0.0,0.0,0.0,0.188,533.103,3.424,2019-07-30
32,hru32,0.0,0.0,0.597,0.535,0.0,0.0,0.0,0.191,4741.252,3.394,2019-07-30
33,hru33,0.0,0.0,0.594,0.836,0.0,0.0,0.0,0.191,1277.64,3.399,2019-07-30
34,hru34,0.0,0.0,0.594,0.834,0.0,0.0,0.0,0.191,1288.186,3.399,2019-07-30
35,hru35,0.0,0.0,0.59,0.908,0.0,0.0,0.0,0.191,677.04,3.425,2019-07-30
36,hru36,0.0,0.0,0.594,0.836,0.0,0.0,0.0,0.191,1274.347,3.399,2019-07-30
1,hru01,0.0,0.0,0.597,0.924,0.0,0.0,0.0,0.16,563.626,3.406,2019-07-31
2,hru02,0.0,0.0,0.599,0.0,0.0,0.0,0.0,0.15,14260.379,3.38,2019-07-31
3,hru03,0.0,0.0,0.59,0.889,0.0,0.0,0.0,0.409,421.538,1.018,2019-07-31
4,hru04,0.0,0.0,0.594,0.914,0.0,0.0,0.0,0.402,434.612,0.98,2019-07-31
5,hru05,0.0,0.0,0.597,0.778,0.0,0.0,0.0,0.157,1581.795,3.408,2019-07-31
6,hru06,0.0,0.0,0.597,0.778,0.0,0.0,0.0,0.157,1580.243,3.408,2019-07-31
7,hru07,0.0,0.0,0.601,0.455,0.0,0.0,0.0,0.145,5659.392,3.375,2019-07-31
8,hru08,0.0,0.0,0.59,0.893,0.0,0.0,0.0,0.167,818.793,3.437,2019-07-31
9,hru09,0.0,0.0,0.598,0.538,0.0,0.0,0.0,0.155,3779.679,3.387,2019-07-31
10,hru10,0.0,0.0,0.598,0.538,0.0,0.0,0.0,0.155,3774.836,3.387,2019-07-31
11,hru11,0.0,0.0,0.602,0.779,0.0,0.0,0.0,0.145,2243.435,3.376,2019-07-31
12,hru12,0.0,0.0,0.6,0.422,0.0,0.0,0.0,0.15,5263.808,3.379,2019-07-31
13,hru13,0.05,0.0,0.602,0.0,0.0,0.0,0.0,0.143,20302.348,3.375,2019-07-31
14,hru14,0.0,0.0,0.6,0.422,0.0,0.0,0.0,0.15,5265.645,3.379,2019-07-31
15,hru15,0.0,0.0,0.605,0.0,0.0,0.0,0.0,0.143,20518.586,3.363,2019-07-31
16,hru16,0.0,0.0,0.6,0.0,0.0,0.0,0.0,0.16,10317.889,3.384,2019-07-31
17,hru17,0.0,0.0,0.604,0.0,0.0,0.0,0.0,0.16,15449.894,3.365,2019-07-31
18,hru18,0.0,0.0,0.605,0.0,0.0,0.0,0.0,0.145,10334.454,3.366,2019-07-31
19,hru19,0.0,0.0,0.608,0.0,0.0,0.0,0.0,0.14,17498.402,3.362,2019-07-31
20,hru20,0.0,0.0,0.605,0.0,0.0,0.444,0.0,0.143,20908.949,3.346,2019-07-31
21,hru21,0.0,0.0,0.605,0.0,0.0,0.0,0.0,0.143,15752.265,3.371,2019-07-31
22,hru22,0.0,0.0,0.605,0.0,0.0,0.0,0.0,0.145,10354.312,3.366,2019-07-31
23,hru23,0.0,0.0,0.605,0.0,0.0,0.0,0.0,0.145,13784.392,3.332,2019-07-31
24,hru24,0.0,0.0,0.605,0.0,0.0,0.0,0.0,0.143,20487.238,3.355,2019-07-31
25,hru25,0.0,0.0,0.605,0.0,0.0,0.0,0.0,0.376,12325.713,0.661,2019-07-31
26,hru26,0.0,0.0,0.605,0.0,0.0,0.0,0.0,0.14,20742.047,3.342,2019-07-31
27,hru27,0.042,0.0,0.6,0.0,0.0,0.0,0.0,0.147,20177.219,3.377,2019-07-31
28,hru28,0.0,0.0,0.602,0.946,0.0,0.0,0.0,0.379,340.756,2.711,2019-07-31
29,hru29,0.0,0.0,0.6,0.759,0.0,0.0,0.0,0.15,2042.193,3.379,2019-07-31
30,hru30,0.0,0.0,0.6,0.776,0.0,0.0,0.0,0.152,1985.421,3.379,2019-07-31
31,hru31,0.0,0.0,0.597,0.923,0.0,0.0,0.0,0.16,565.206,3.406,2019-07-31
32,hru32,0.0,0.0,0.602,0.487,0.0,0.0,0.0,0.143,4956.736,3.375,2019-07-31
33,hru33,0.0,0.0,0.599,0.817,0.0,0.0,0.0,0.15,1353.767,3.381,2019-07-31
34,hru34,0.0,0.0,0.599,0.815,0.0,0.0,0.0,0.15,1365.004,3.381,2019-07-31
35,hru35,0.0,0.0,0.596,0.897,0.0,0.0,0.0,0.157,719.844,3.408,2019-07-31
36,hru36,0.0,0.0,0.599,0.818,0.0,0.0,0.0,0.15,1350.271,3.381,2019-07-31
1,hru01,0.0,0.0,0.602,0.917,0.0,0.0,0.0,0.087,588.363,3.387,2019-08-01
2,hru02,0.0,0.0,0.605,0.0,0.0,0.0,0.0,0.083,14541.994,3.36,2019-08-01
3,hru03,0.0,0.0,0.596,0.873,0.0,0.0,0.0,0.305,439.433,0.947,2019-08-01
4,hru04,0.0,0.0,0.6,0.905,0.0,0.0,0.0,0.299,448.333,0.906,2019-08-01
5,hru05,0.0,0.0,0.603,0.758,0.0,0.0,0.0,0.085,1654.532,3.389,2019-08-01
6,hru06,0.0,0.0,0.603,0.758,0.0,0.0,0.0,0.085,1652.907,3.389,2019-08-01
7,hru07,0.0,0.0,0.607,0.415,0.0,0.0,0.0,0.08,5841.541,3.354,2019-08-01
8,hru08,0.0,0.0,0.596,0.884,0.0,0.0,0.0,0.093,853.16,3.419,2019-08-01
9,hru09,0.0,0.0,0.604,0.496,0.0,0.0,0.0,0.087,3930.552,3.367,2019-08-01
10,hru10,0.0,0.0,0.604,0.497,0.0,0.0,0.0,0.087,3925.504,3.367,2019-08-01
11,hru11,0.0,0.0,0.607,0.762,0.0,0.0,0.0,0.078,2317.671,3.355,2019-08-01
12,hru12,0.0,0.0,0.606,0.371,0.0,0.0,0.0,0.085,5454.099,3.358,2019-08-01
13,hru13,0.054,0.0,0.608,0.0,0.0,0.0,0.0,0.078,20589.904,3.354,2019-08-01
14,hru14,0.0,0.0,0.606,0.371,0.0,0.0,0.0,0.085,5456.012,3.358,2019-08-01
15,hru15,0.0,0.0,0.61,0.0,0.0,0.0,0.0,0.076,20805.441,3.341,2019-08-01
16,hru16,0.0,0.0,0.606,0.0,0.0,0.0,0.0,0.085,10587.179,3.364,2019-08-01
17,hru17,0.0,0.0,0.61,0.0,0.0,0.0,0.0,0.083,15720.514,3.344,2019-08-01
18,hru18,0.0,0.0,0.611,0.0,0.0,0.0,0.0,0.078,10618.095,3.344,2019-08-01
19,hru19,0.0,0.0,0.614,0.0,0.0,0.0,0.0,0.076,17785.867,3.339,2019-08-01
20,hru20,0.0,0.0,0.611,0.0,0.0,0.444,0.0,0.076,21100.742,3.323,2019-08-01
21,hru21,0.0,0.0,0.61,0.0,0.0,0.0,0.0,0.076,16039.384,3.349,2019-08-01
22,hru22,0.0,0.0,0.611,0.0,0.0,0.0,0.0,0.078,10637.952,3.344,2019-08-01
23,hru23,0.0,0.0,0.611,0.0,0.0,0.0,0.0,0.078,14066.964,3.31,2019-08-01
24,hru24,0.0,0.0,0.611,0.0,0.0,0.0,0.0,0.078,20776.35,3.332,2019-08-01
25,hru25,0.0,0.0,0.611,0.0,0.0,0.0,0.0,0.278,12406.652,0.584,2019-08-01
26,hru26,0.0,0.0,0.611,0.0,0.0,0.0,0.0,0.076,21037.486,3.319,2019-08-01
27,hru27,0.045,0.0,0.606,0.0,0.0,0.0,0.0,0.082,20461.004,3.356,2019-08-01
28,hru28,0.0,0.0,0.607,0.942,0.0,0.0,0.0,0.281,356.099,2.636,2019-08-01
29,hru29,0.0,0.0,0.606,0.738,0.0,0.0,0.0,0.083,2121.388,3.358,2019-08-01
30,hru30,0.0,0.0,0.606,0.757,0.0,0.0,0.0,0.083,2059.781,3.359,2019-08-01
31,hru31,0.0,0.0,0.602,0.917,0.0,0.0,0.0,0.087,590.02,3.387,2019-08-01
32,hru32,0.0,0.0,0.608,0.447,0.0,0.0,0.0,0.078,5128.722,3.354,2019-08-01
33,hru33,0.0,0.0,0.605,0.801,0.0,0.0,0.0,0.083,1413.929,3.36,2019-08-01
34,hru34,0.0,0.0,0.605,0.799,0.0,0.0,0.0,0.083,1425.716,3.36,2019-08-01
35,hru35,0.0,0.0,0.602,0.889,0.0,0.0,0.0,0.085,753.281,3.389,2019-08-01
36,hru36,0.0,0.0,0.605,0.802,0.0,0.0,0.0,0.083,1410.271,3.36,2019-08-01
1,hru01,0.0,0.0,0.608,0.908,0.0,0.0,0.0,0.066,622.279,3.364,2019-08-02
2,hru02,0.0,0.0,0.611,0.0,0.0,0.0,0.0,0.055,14918.049,3.335,2019-08-02
3,hru03,0.0,0.0,0.602,0.855,0.0,0.0,0.0,0.267,464.404,0.86,2019-08-02
4,hru04,0.0,0.0,0.605,0.895,0.0,0.0,0.0,0.264,466.551,0.817,2019-08-02
5,hru05,0.0,0.0,0.609,0.731,0.0,0.0,0.0,0.059,1753.762,3.366,2019-08-02
6,hru06,0.0,0.0,0.609,0.731,0.0,0.0,0.0,0.059,1752.037,3.366,2019-08-02
7,hru07,0.0,0.0,0.613,0.363,0.0,0.0,0.0,0.05,6080.777,3.328,2019-08-02
8,hru08,0.0,0.0,0.602,0.871,0.0,0.0,0.0,0.069,900.881,3.398,2019-08-02
9,hru09,0.0,0.0,0.61,0.44,0.0,0.0,0.0,0.059,4136.404,3.343,2019-08-02
10,hru10,0.0,0.0,0.61,0.441,0.0,0.0,0.0,0.059,4131.079,3.343,2019-08-02
11,hru11,0.0,0.0,0.613,0.739,0.0,0.0,0.0,0.052,2414.974,3.329,2019-08-02
12,hru12,0.0,0.0,0.612,0.302,0.0,0.0,0.0,0.055,5711.056,3.333,2019-08-02
13,hru13,0.06,0.0,0.614,0.0,0.0,0.0,0.0,0.049,20966.674,3.328,2019-08-02
14,hru14,0.0,0.0,0.612,0.302,0.0,0.0,0.0,0.055,5713.072,3.333,2019-08-02
15,hru15,0.0,0.0,0.617,0.0,0.0,0.0,0.0,0.05,21182.377,3.314,2019-08-02
16,hru16,0.0,0.0,0.612,0.0,0.0,0.0,0.0,0.056,10960.434,3.339,2019-08-02
17,hru17,0.0,0.0,0.616,0.0,0.0,0.0,0.0,0.053,16094.332,3.318,2019-08-02
18,hru18,0.0,0.0,0.617,0.0,0.0,0.0,0.0,0.049,10994.583,3.316,2019-08-02
19,hru19,0.0,0.0,0.62,0.0,0.0,0.0,0.0,0.05,18162.873,3.311,2019-08-02
20,hru20,0.0,0.0,0.617,0.0,0.0,0.444,0.0,0.049,21328.008,3.295,2019-08-02
21,hru21,0.0,0.0,0.617,0.0,0.0,0.0,0.0,0.05,16416.668,3.322,2019-08-02
22,hru22,0.0,0.0,0.617,0.0,0.0,0.0,0.0,0.049,11014.44,3.316,2019-08-02
23,hru23,0.0,0.0,0.617,0.0,0.0,0.0,0.0,0.049,14442.023,3.283,2019-08-02
24,hru24,0.0,0.0,0.617,0.0,0.0,0.0,0.0,0.05,21152.201,3.305,2019-08-02
25,hru25,0.0,0.0,0.617,0.0,0.0,0.0,0.0,0.232,12508.172,0.493,2019-08-02
26,hru26,0.0,0.0,0.617,0.0,0.0,0.18,0.0,0.049,21414.619,3.291,2019-08-02
27,hru27,0.05,0.0,0.612,0.0,0.0,0.0,0.0,0.053,20836.535,3.33,2019-08-02
28,hru28,0.0,0.0,0.613,0.937,0.0,0.0,0.0,0.237,375.992,2.545,2019-08-02
29,hru29,0.0,0.0,0.612,0.71,0.0,0.0,0.0,0.055,2228.438,3.333,2019-08-02
30,hru30,0.0,0.0,0.612,0.73,0.0,0.0,0.0,0.055,2159.517,3.334,2019-08-02
31,hru31,0.0,0.0,0.608,0.908,0.0,0.0,0.0,0.066,624.043,3.364,2019-08-02
32,hru32,0.0,0.0,0.614,0.394,0.0,0.0,0.0,0.049,5354.661,3.328,2019-08-02
33,hru33,0.0,0.0,0.611,0.78,0.0,0.0,0.0,0.056,1495.32,3.335,2019-08-02
34,hru34,0.0,0.0,0.611,0.778,0.0,0.0,0.0,0.056,1507.856,3.335,2019-08-02
35,hru35,0.0,0.0,0.608,0.876,0.0,0.0,0.0,0.063,798.92,3.366,2019-08-02
36,hru36,0.0,0.0,0.611,0.78,0.0,0.0,0.0,0.056,1491.44,3.335,2019-08-02
1,hru01,0.0,0.0,0.614,0.9,0.0,0.0,0.0,0.046,653.385,3.338,2019-08-03
2,hru02,0.0,0.0,0.617,0.0,0.0,0.0,0.0,0.042,15246.793,3.306,2019-08-03
3,hru03,0.0,0.0,0.608,0.833,0.0,0.0,0.0,0.234,486.411,0.768,2019-08-03
4,hru04,0.0,0.0,0.612,0.884,0.0,0.0,0.0,0.229,482.026,0.722,2019-08-03
5,hru05,0.0,0.0,0.615,0.703,0.0,0.0,0.0,0.045,1846.31,3.339,2019-08-03
6,hru06,0.0,0.0,0.615,0.703,0.0,0.0,0.0,0.045,1844.493,3.339,2019-08-03
7,hru07,0.0,0.0,0.62,0.31,0.0,0.0,0.0,0.041,6303.885,3.298,2019-08-03
8,hru08,0.0,0.0,0.608,0.859,0.0,0.0,0.0,0.05,944.304,3.374,2019-08-03
9,hru09,0.0,0.0,0.616,0.383,0.0,0.0,0.0,0.043,4328.211,3.315,2019-08-03
10,hru10,0.0,0.0,0.616,0.384,0.0,0.0,0.0,0.043,4322.627,3.315,2019-08-03
11,hru11,0.0,0.0,0.62,0.715,0.0,0.0,0.0,0.041,2506.944,3.3,2019-08-03
12,hru12,0.0,0.0,0.618,0.232,0.0,0.0,0.0,0.042,5952.288,3.304,2019-08-03
13,hru13,0.065,0.0,0.621,0.0,0.0,0.0,0.0,0.039,21296.938,3.298,2019-08-03
14,hru14,0.0,0.0,0.618,0.232,0.0,0.0,0.0,0.042,5954.4,3.304,2019-08-03
15,hru15,0.0,0.0,0.623,0.0,0.0,0.0,0.0,0.039,21515.299,3.283,2019-08-03
16,hru16,0.0,0.0,0.618,0.0,0.0,0.0,0.0,0.041,11278.898,3.311,2019-08-03
17,hru17,0.0,0.0,0.622,0.0,0.0,0.0,0.0,0.042,16415.977,3.288,2019-08-03
18,hru18,0.0,0.0,0.623,0.0,0.0,0.0,0.0,0.038,11325.654,3.285,2019-08-03
19,hru19,0.0,0.0,0.626,0.0,0.0,0.0,0.0,0.037,18495.506,3.278,2019-08-03
20,hru20,0.0,0.0,0.623,0.0,0.0,0.461,0.0,0.039,21527.662,3.263,2019-08-03
21,hru21,0.0,0.0,0.623,0.0,0.0,0.0,0.0,0.039,16749.9,3.291,2019-08-03
22,hru22,0.0,0.0,0.623,0.0,0.0,0.0,0.0,0.038,11345.512,3.285,2019-08-03
23,hru23,0.0,0.0,0.623,0.0,0.0,0.0,0.0,0.038,14771.828,3.252,2019-08-03
24,hru24,0.0,0.0,0.623,0.0,0.0,0.098,0.0,0.039,21487.07,3.274,2019-08-03
25,hru25,0.0,0.0,0.623,0.0,0.0,0.0,0.0,0.213,12591.968,0.393,2019-08-03
26,hru26,0.0,0.0,0.623,0.0,0.0,0.461,0.0,0.038,21708.641,3.259,2019-08-03
27,hru27,0.055,0.0,0.618,0.0,0.0,0.0,0.0,0.042,21167.094,3.301,2019-08-03
28,hru28,0.0,0.0,0.62,0.931,0.0,0.0,0.0,0.216,394.495,2.447,2019-08-03
29,hru29,0.0,0.0,0.619,0.68,0.0,0.0,0.0,0.042,2328.723,3.304,2019-08-03
30,hru30,0.0,0.0,0.618,0.703,0.0,0.0,0.0,0.042,2253.602,3.305,2019-08-03
31,hru31,0.0,0.0,0.614,0.899,0.0,0.0,0.0,0.046,655.247,3.338,2019-08-03
32,hru32,0.0,0.0,0.621,0.34,0.0,0.0,0.0,0.039,5567.5,3.298,2019-08-03
33,hru33,0.0,0.0,0.617,0.758,0.0,0.0,0.0,0.042,1571.324,3.307,2019-08-03
34,hru34,0.0,0.0,0.617,0.755,0.0,0.0,0.0,0.042,1584.565,3.307,2019-08-03
35,hru35,0.0,0.0,0.614,0.864,0.0,0.0,0.0,0.045,841.095,3.34,2019-08-03
36,hru36,0.0,0.0,0.617,0.758,0.0,0.0,0.0,0.042,1567.236,3.307,2019-08-03
1,hru01,0.0,0.0,0.621,0.892,0.0,0.0,0.0,0.011,693.896,3.308,2019-08-04
2,hru02,0.0,0.0,0.623,0.0,0.0,0.0,0.0,0.01,15633.804,3.274,2019-08-04
3,hru03,0.0,0.0,0.615,0.852,0.0,0.0,0.0,0.152,514.651,0.67,2019-08-04
4,hru04,0.0,0.0,0.618,0.88,0.0,0.0,0.0,0.152,500.799,0.621,2019-08-04
5,hru05,0.0,0.0,0.622,0.669,0.0,0.0,0.0,0.011,1966.32,3.31,2019-08-04
6,hru06,0.0,0.0,0.622,0.669,0.0,0.0,0.0,0.011,1964.382,3.31,2019-08-04
7,hru07,0.0,0.0,0.626,0.249,0.0,0.0,0.0,0.01,6581.634,3.265,2019-08-04
8,hru08,0.0,0.0,0.615,0.868,0.0,0.0,0.0,0.013,1001.54,3.347,2019-08-04
9,hru09,0.0,0.0,0.623,0.315,0.0,0.0,0.0,0.011,4576.423,3.284,2019-08-04
10,hru10,0.0,0.0,0.623,0.316,0.0,0.0,0.0,0.011,4570.508,3.284,2019-08-04
11,hru11,0.0,0.0,0.626,0.687,0.0,0.0,0.0,0.012,2621.54,3.266,2019-08-04
12,hru12,0.0,0.0,0.625,0.149,0.0,0.0,0.0,0.012,6261.195,3.272,2019-08-04
13,hru13,0.072,0.0,0.627,0.0,0.0,0.0,0.0,0.01,21673.021,3.264,2019-08-04
14,hru14,0.0,0.0,0.625,0.149,0.0,0.0,0.0,0.012,6263.428,3.272,2019-08-04
15,hru15,0.0,0.0,0.629,0.0,0.0,0.0,0.0,0.01,21900.836,3.248,2019-08-04
16,hru16,0.0,0.0,0.625,0.0,0.0,0.0,0.0,0.012,11663.69,3.279,2019-08-04
17,hru17,0.0,0.0,0.629,0.0,0.0,0.0,0.0,0.012,16799.711,3.254,2019-08-04
18,hru18,0.0,0.0,0.63,0.0,0.0,0.0,0.0,0.009,11711.792,3.25,2019-08-04
19,hru19,0.0,0.0,0.633,0.0,0.0,0.205,0.0,0.008,18881.512,3.241,2019-08-04
20,hru20,0.0,0.0,0.63,0.0,0.0,0.493,0.0,0.01,21744.072,3.227,2019-08-04
21,hru21,0.0,0.0,0.629,0.0,0.0,0.0,0.0,0.01,17135.799,3.256,2019-08-04
22,hru22,0.0,0.0,0.63,0.0,0.0,0.0,0.0,0.009,11731.649,3.25,2019-08-04
23,hru23,0.0,0.0,0.63,0.0,0.0,0.0,0.0,0.009,15156.475,3.217,2019-08-04
24,hru24,0.0,0.0,0.63,0.0,0.0,0.493,0.0,0.01,21848.744,3.238,2019-08-04
25,hru25,0.0,0.0,0.63,0.0,0.0,0.0,0.0,0.141,12673.007,0.29,2019-08-04
26,hru26,0.0,0.0,0.63,0.0,0.0,0.493,0.0,0.008,21924.807,3.222,2019-08-04
27,hru27,0.061,0.0,0.625,0.0,0.0,0.0,0.0,0.011,21547.568,3.268,2019-08-04
28,hru28,0.0,0.0,0.626,0.925,0.0,0.0,0.0,0.147,417.201,2.345,2019-08-04
29,hru29,0.0,0.0,0.625,0.644,0.0,0.0,0.0,0.012,2457.521,3.271,2019-08-04
30,hru30,0.0,0.0,0.625,0.669,0.0,0.0,0.0,0.01,2373.578,3.273,2019-08-04
31,hru31,0.0,0.0,0.621,0.891,0.0,0.0,0.0,0.011,695.888,3.308,2019-08-04
32,hru32,0.0,0.0,0.627,0.277,0.0,0.0,0.0,0.01,5833.084,3.264,2019-08-04
33,hru33,0.0,0.0,0.624,0.731,0.0,0.0,0.0,0.01,1668.995,3.275,2019-08-04
34,hru34,0.0,0.0,0.624,0.728,0.0,0.0,0.0,0.01,1683.148,3.275,2019-08-04
35,hru35,0.0,0.0,0.62,0.848,0.0,0.0,0.0,0.01,895.785,3.31,2019-08-04
36,hru36,0.0,0.0,0.624,0.732,0.0,0.0,0.0,0.01,1664.637,3.275,2019-08-04
1,hru01,0.0,0.0,0.627,0.91,0.0,0.0,0.0,0.022,737.461,3.272,2019-08-05
2,hru02,0.0,0.0,0.63,0.0,0.0,0.0,0.0,0.02,16032.526,3.235,2019-08-05
3,hru03,0.0,0.0,0.621,0.893,0.0,0.0,0.0,0.177,537.326,0.556,2019-08-05
4,hru04,0.0,0.0,0.625,0.9,0.0,0.0,0.0,0.172,518.186,0.505,2019-08-05
5,hru05,0.0,0.0,0.628,0.693,0.0,0.0,0.0,0.019,2099.972,3.274,2019-08-05
6,hru06,0.0,0.0,0.628,0.694,0.0,0.0,0.0,0.019,2097.9,3.274,2019-08-05
7,hru07,0.0,0.0,0.633,0.307,0.0,0.0,0.0,0.019,6883.062,3.223,2019-08-05
8,hru08,0.0,0.0,0.621,0.895,0.0,0.0,0.0,0.023,1054.779,3.314,2019-08-05
9,hru09,0.0,0.0,0.629,0.365,0.0,0.0,0.0,0.017,4851.797,3.246,2019-08-05
10,hru10,0.0,0.0,0.629,0.366,0.0,0.0,0.0,0.017,4845.519,3.246,2019-08-05
11,hru11,0.0,0.0,0.633,0.737,0.0,0.0,0.0,0.019,2747.018,3.225,2019-08-05
12,hru12,0.0,0.0,0.632,0.169,0.0,0.0,0.0,0.016,6602.598,3.232,2019-08-05
13,hru13,0.079,0.0,0.634,0.0,0.0,0.0,0.0,0.017,22044.904,3.223,2019-08-05
14,hru14,0.0,0.0,0.632,0.169,0.0,0.0,0.0,0.016,6604.963,3.232,2019-08-05
15,hru15,0.0,0.0,0.636,0.0,0.0,0.0,0.0,0.015,22297.242,3.205,2019-08-05
16,hru16,0.0,0.0,0.631,0.0,0.0,0.0,0.0,0.017,12060.578,3.241,2019-08-05
17,hru17,0.0,0.0,0.635,0.0,0.0,0.0,0.0,0.015,17195.936,3.213,2019-08-05
18,hru18,0.0,0.0,0.636,0.0,0.0,0.0,0.0,0.015,12108.681,3.206,2019-08-05
19,hru19,0.0,0.0,0.64,0.0,0.0,0.0,0.0,0.014,19199.721,3.195,2019-08-05
20,hru20,0.0,0.0,0.637,0.0,0.0,0.0,0.0,0.01,21947.186,3.182,2019-08-05
21,hru21,0.0,0.0,0.636,0.0,0.0,0.0,0.0,0.015,17532.582,3.213,2019-08-05
22,hru22,0.0,0.0,0.636,0.0,0.0,0.0,0.0,0.015,12128.538,3.206,2019-08-05
23,hru23,0.0,0.0,0.636,0.0,0.0,0.0,0.0,0.015,15551.813,3.174,2019-08-05
24,hru24,0.0,0.0,0.637,0.0,0.0,0.0,0.0,0.015,22051.535,3.195,2019-08-05
25,hru25,0.0,0.0,0.637,0.0,0.0,0.0,0.0,0.141,12743.199,0.172,2019-08-05
26,hru26,0.0,0.0,0.637,0.0,0.0,0.0,0.0,0.011,22127.709,3.176,2019-08-05
27,hru27,0.067,0.0,0.632,0.0,0.0,0.0,0.0,0.017,21924.693,3.227,2019-08-05
28,hru28,0.0,0.0,0.633,0.935,0.0,0.0,0.0,0.167,441.639,2.23,2019-08-05
29,hru29,0.0,0.0,0.632,0.658,0.0,0.0,0.0,0.016,2600.422,3.231,2019-08-05
30,hru30,0.0,0.0,0.631,0.684,0.0,0.0,0.0,0.02,2506.726,3.233,2019-08-05
31,hru31,0.0,0.0,0.627,0.91,0.0,0.0,0.0,0.022,739.594,3.272,2019-08-05
32,hru32,0.0,0.0,0.634,0.278,0.0,0.0,0.0,0.017,6122.917,3.223,2019-08-05
33,hru33,0.0,0.0,0.63,0.746,0.0,0.0,0.0,0.02,1777.274,3.235,2019-08-05
34,hru34,0.0,0.0,0.63,0.743,0.0,0.0,0.0,0.02,1792.444,3.235,2019-08-05
35,hru35,0.0,0.0,0.627,0.871,0.0,0.0,0.0,0.02,957.033,3.274,2019-08-05
36,hru36,0.0,0.0,0.63,0.746,0.0,0.0,0.0,0.02,1772.616,3.235,2019-08-05
1,hru01,0.0,0.0,0.634,0.904,0.0,0.0,0.0,0.046,770.022,3.234,2019-08-06
2,hru02,0.0,0.0,0.636,0.0,0.0,0.0,0.0,0.037,16386.562,3.192,2019-08-06
3,hru03,0.0,0.0,0.627,0.877,0.0,0.0,0.0,0.237,550.226,0.447,2019-08-06
4,hru04,0.0,0.0,0.631,0.888,0.0,0.0,0.0,0.232,529.468,0.393,2019-08-06
5,hru05,0.0,0.0,0.635,0.67,0.0,0.0,0.0,0.042,2211.092,3.235,2019-08-06
6,hru06,0.0,0.0,0.635,0.67,0.0,0.0,0.0,0.042,2208.909,3.235,2019-08-06
7,hru07,0.0,0.0,0.639,0.266,0.0,0.0,0.0,0.034,7131.941,3.179,2019-08-06
8,hru08,0.0,0.0,0.627,0.888,0.0,0.0,0.0,0.052,1092.947,3.28,2019-08-06
9,hru09,0.0,0.0,0.635,0.318,0.0,0.0,0.0,0.045,5080.375,3.205,2019-08-06
10,hru10,0.0,0.0,0.635,0.319,0.0,0.0,0.0,0.045,5073.792,3.205,2019-08-06
11,hru11,0.0,0.0,0.639,0.72,0.0,0.0,0.0,0.036,2841.259,3.181,2019-08-06
12,hru12,0.0,0.0,0.638,0.11,0.0,0.0,0.0,0.041,6900.644,3.188,2019-08-06
13,hru13,0.086,0.0,0.64,0.0,0.0,0.0,0.0,0.036,22374.389,3.177,2019-08-06
14,hru14,0.0,0.0,0.638,0.11,0.0,0.0,0.0,0.041,6903.125,3.188,2019-08-06
15,hru15,0.0,0.0,0.642,0.0,0.0,0.0,0.0,0.034,22648.885,3.158,2019-08-06
16,hru16,0.0,0.0,0.637,0.0,0.0,0.0,0.0,0.045,12414.976,3.198,2019-08-06
17,hru17,0.0,0.0,0.641,0.0,0.0,0.0,0.0,0.043,17550.359,3.166,2019-08-06
18,hru18,0.0,0.0,0.643,0.0,0.0,0.0,0.0,0.037,12461.126,3.157,2019-08-06
19,hru19,0.0,0.0,0.646,0.0,0.0,0.262,0.0,0.034,19551.666,3.144,2019-08-06
20,hru20,0.0,0.0,0.643,0.0,0.0,0.0,0.0,0.037,22299.533,3.13,2019-08-06
21,hru21,0.0,0.0,0.642,0.0,0.0,0.0,0.0,0.034,17884.564,3.166,2019-08-06
22,hru22,0.0,0.0,0.643,0.0,0.0,0.0,0.0,0.037,12480.983,3.157,2019-08-06
23,hru23,0.0,0.0,0.643,0.0,0.0,0.0,0.0,0.037,15902.864,3.125,2019-08-06
24,hru24,0.0,0.0,0.643,0.0,0.0,0.0,0.0,0.037,22402.383,3.146,2019-08-06
25,hru25,0.0,0.0,0.643,0.0,0.0,0.0,0.0,0.0,12785.738,0.054,2019-08-06
26,hru26,0.0,0.0,0.643,0.0,0.0,0.0,0.0,0.036,22479.49,3.123,2019-08-06
27,hru27,0.073,0.0,0.638,0.0,0.0,0.0,0.0,0.038,22259.1,3.183,2019-08-06
28,hru28,0.0,0.0,0.639,0.931,0.0,0.0,0.0,0.206,460.083,2.119,2019-08-06
29,hru29,0.0,0.0,0.638,0.632,0.0,0.0,0.0,0.039,2723.419,3.187,2019-08-06
30,hru30,0.0,0.0,0.637,0.661,0.0,0.0,0.0,0.037,2620.3,3.191,2019-08-06
31,hru31,0.0,0.0,0.634,0.903,0.0,0.0,0.0,0.046,772.259,3.234,2019-08-06
32,hru32,0.0,0.0,0.64,0.234,0.0,0.0,0.0,0.036,6381.144,3.177,2019-08-06
33,hru33,0.0,0.0,0.637,0.727,0.0,0.0,0.0,0.038,1869.069,3.192,2019-08-06
34,hru34,0.0,0.0,0.637,0.724,0.0,0.0,0.0,0.038,1885.1,3.192,2019-08-06
35,hru35,0.0,0.0,0.633,0.862,0.0,0.0,0.0,0.041,1003.707,3.235,2019-08-06
36,hru36,0.0,0.0,0.637,0.728,0.0,0.0,0.0,0.038,1864.157,3.192,2019-08-06
1,hru01,0.0,0.0,0.64,0.893,0.0,0.0,0.0,0.016,808.36,3.194,2019-08-07
2,hru02,0.0,0.0,0.643,0.0,0.0,0.0,0.0,0.009,16769.584,3.147,2019-08-07
3,hru03,0.0,0.0,0.634,0.856,0.0,0.0,0.0,0.163,564.241,0.35,2019-08-07
4,hru04,0.0,0.0,0.637,0.877,0.0,0.0,0.0,0.156,540.942,0.293,2019-08-07
5,hru05,0.0,0.0,0.641,0.631,0.0,0.0,0.0,0.011,2342.698,3.194,2019-08-07
6,hru06,0.0,0.0,0.641,0.631,0.0,0.0,0.0,0.011,2340.383,3.194,2019-08-07
7,hru07,0.0,0.0,0.646,0.199,0.0,0.0,0.0,0.007,7422.445,3.13,2019-08-07
8,hru08,0.0,0.0,0.634,0.875,0.0,0.0,0.0,0.017,1137.989,3.245,2019-08-07
9,hru09,0.0,0.0,0.642,0.242,0.0,0.0,0.0,0.01,5351.013,3.162,2019-08-07
10,hru10,0.0,0.0,0.642,0.242,0.0,0.0,0.0,0.01,5344.071,3.162,2019-08-07
11,hru11,0.0,0.0,0.646,0.692,0.0,0.0,0.0,0.008,2951.818,3.133,2019-08-07
12,hru12,0.0,0.0,0.644,0.017,0.0,0.0,0.0,0.009,7252.914,3.142,2019-08-07
13,hru13,0.094,0.0,0.647,0.0,0.0,0.0,0.0,0.007,22735.344,3.129,2019-08-07
14,hru14,0.0,0.0,0.644,0.016,0.0,0.0,0.0,0.009,7255.53,3.142,2019-08-07
15,hru15,0.0,0.0,0.649,0.0,0.0,0.365,0.0,0.007,23028.295,3.106,2019-08-07
16,hru16,0.0,0.0,0.644,0.0,0.0,0.0,0.0,0.01,12793.215,3.154,2019-08-07
17,hru17,0.0,0.0,0.648,0.0,0.0,0.0,0.0,0.009,17926.834,3.118,2019-08-07
18,hru18,0.0,0.0,0.649,0.0,0.0,0.0,0.0,0.006,12839.862,3.105,2019-08-07
19,hru19,0.0,0.0,0.653,0.0,0.0,0.447,0.0,0.006,19840.312,3.088,2019-08-07
20,hru20,0.0,0.0,0.65,0.0,0.0,0.0,0.0,0.004,22675.676,3.075,2019-08-07
21,hru21,0.0,0.0,0.649,0.0,0.0,0.0,0.0,0.007,18264.346,3.114,2019-08-07
22,hru22,0.0,0.0,0.649,0.0,0.0,0.0,0.0,0.006,12859.72,3.105,2019-08-07
23,hru23,0.0,0.0,0.649,0.0,0.0,0.0,0.0,0.006,16280.079,3.074,2019-08-07
24,hru24,0.0,0.0,0.65,0.0,0.0,0.341,0.0,0.006,22779.941,3.094,2019-08-07
25,hru25,0.0,0.0,0.65,0.0,0.0,0.0,0.0,0.0,12785.738,0.054,2019-08-07
26,hru26,0.0,0.0,0.65,0.0,0.0,0.0,0.0,0.004,22856.281,3.067,2019-08-07
27,hru27,0.08,0.0,0.644,0.0,0.0,0.0,0.0,0.008,22626.115,3.136,2019-08-07
28,hru28,0.0,0.0,0.646,0.924,0.0,0.0,0.0,0.135,481.531,2.015,2019-08-07
29,hru29,0.0,0.0,0.645,0.59,0.0,0.0,0.0,0.01,2869.145,3.141,2019-08-07
30,hru30,0.0,0.0,0.644,0.622,0.0,0.0,0.0,0.008,2754.872,3.145,2019-08-07
31,hru31,0.0,0.0,0.64,0.893,0.0,0.0,0.0,0.016,810.719,3.194,2019-08-07
32,hru32,0.0,0.0,0.647,0.161,0.0,0.0,0.0,0.007,6683.781,3.129,2019-08-07
33,hru33,0.0,0.0,0.643,0.695,0.0,0.0,0.0,0.009,1977.573,3.147,2019-08-07
34,hru34,0.0,0.0,0.643,0.692,0.0,0.0,0.0,0.009,1994.627,3.147,2019-08-07
35,hru35,0.0,0.0,0.64,0.846,0.0,0.0,0.0,0.014,1058.802,3.195,2019-08-07
36,hru36,0.0,0.0,0.643,0.696,0.0,0.0,0.0,0.009,1972.358,3.147,2019-08-07
1,hru01,0.0,0.0,0.645,0.881,0.0,0.0,0.0,0.196,850.222,3.144,2019-08-08
2,hru02,0.0,0.0,0.648,0.0,0.0,0.0,0.0,0.165,17157.15,3.088,2019-08-08
3,hru03,0.0,0.0,0.639,0.835,0.0,0.0,0.0,0.45,577.635,0.238,2019-08-08
4,hru04,0.0,0.0,0.642,0.87,0.0,0.0,0.0,0.436,550.886,0.178,2019-08-08
5,hru05,0.0,0.0,0.646,0.585,0.0,0.0,0.0,0.175,2487.569,3.143,2019-08-08
6,hru06,0.0,0.0,0.646,0.586,0.0,0.0,0.0,0.175,2485.11,3.143,2019-08-08
7,hru07,0.0,0.0,0.651,0.127,0.0,0.0,0.0,0.162,7734.316,3.067,2019-08-08
8,hru08,0.0,0.0,0.639,0.861,0.0,0.0,0.0,0.199,1187.243,3.201,2019-08-08
9,hru09,0.0,0.0,0.647,0.155,0.0,0.0,0.0,0.172,5647.182,3.107,2019-08-08
10,hru10,0.0,0.0,0.647,0.157,0.0,0.0,0.0,0.172,5639.854,3.107,2019-08-08
11,hru11,0.0,0.0,0.651,0.659,0.0,0.0,0.0,0.165,3071.894,3.07,2019-08-08
12,hru12,0.0,0.0,0.65,0.0,0.0,0.0,0.0,0.167,7636.022,3.082,2019-08-08
13,hru13,0.102,0.0,0.652,0.0,0.0,0.0,0.0,0.162,23087.777,3.065,2019-08-08
14,hru14,0.0,0.0,0.65,0.0,0.0,0.0,0.0,0.167,7638.781,3.082,2019-08-08
15,hru15,0.0,0.0,0.654,0.0,0.0,0.444,0.0,0.162,23274.783,3.039,2019-08-08
16,hru16,0.0,0.0,0.649,0.0,0.0,0.0,0.0,0.172,13179.485,3.098,2019-08-08
17,hru17,0.0,0.0,0.653,0.0,0.0,0.0,0.0,0.162,18312.477,3.054,2019-08-08
18,hru18,0.0,0.0,0.655,0.0,0.0,0.0,0.0,0.16,13225.605,3.035,2019-08-08
19,hru19,0.0,0.0,0.658,0.0,0.0,0.447,0.0,0.155,20054.451,3.013,2019-08-08
20,hru20,0.0,0.0,0.655,0.0,0.0,0.182,0.0,0.145,23061.977,3.0,2019-08-08
21,hru21,0.0,0.0,0.654,0.0,0.0,0.0,0.0,0.162,18650.352,3.046,2019-08-08
22,hru22,0.0,0.0,0.655,0.0,0.0,0.0,0.0,0.16,13245.463,3.035,2019-08-08
23,hru23,0.0,0.0,0.655,0.0,0.0,0.0,0.0,0.16,16664.248,3.004,2019-08-08
24,hru24,0.0,0.0,0.655,0.0,0.0,0.444,0.0,0.16,23035.166,3.023,2019-08-08
25,hru25,0.0,0.0,0.655,0.0,0.0,0.0,0.0,0.0,12785.738,0.054,2019-08-08
26,hru26,0.0,0.0,0.655,0.0,0.0,0.0,0.0,0.147,23241.68,2.99,2019-08-08
27,hru27,0.087,0.0,0.65,0.0,0.0,0.0,0.0,0.165,22984.641,3.074,2019-08-08
28,hru28,0.0,0.0,0.651,0.917,0.0,0.0,0.0,0.406,504.356,1.897,2019-08-08
29,hru29,0.0,0.0,0.65,0.541,0.0,0.0,0.0,0.17,3029.084,3.08,2019-08-08
30,hru30,0.0,0.0,0.649,0.577,0.0,0.0,0.0,0.167,2902.685,3.085,2019-08-08
31,hru31,0.0,0.0,0.645,0.88,0.0,0.0,0.0,0.196,852.718,3.144,2019-08-08
32,hru32,0.0,0.0,0.652,0.082,0.0,0.0,0.0,0.162,7009.979,3.065,2019-08-08
33,hru33,0.0,0.0,0.649,0.659,0.0,0.0,0.0,0.167,2096.592,3.088,2019-08-08
34,hru34,0.0,0.0,0.649,0.656,0.0,0.0,0.0,0.167,2114.774,3.088,2019-08-08
35,hru35,0.0,0.0,0.645,0.828,0.0,0.0,0.0,0.183,1119.19,3.145,2019-08-08
36,hru36,0.0,0.0,0.649,0.66,0.0,0.0,0.0,0.167,2091.044,3.088,2019-08-08
1,hru01,0.0,0.0,0.651,0.869,0.0,0.0,0.0,0.122,896.447,3.106,2019-08-09
2,hru02,0.0,0.0,0.654,0.0,0.0,0.0,0.0,0.097,17481.344,3.041,2019-08-09
3,hru03,0.0,0.0,0.644,0.811,0.0,0.0,0.0,0.347,588.979,0.173,2019-08-09
4,hru04,0.0,0.0,0.648,0.863,0.0,0.0,0.0,0.344,558.112,0.109,2019-08-09
5,hru05,0.0,0.0,0.652,0.543,0.0,0.0,0.0,0.109,2648.702,3.103,2019-08-09
6,hru06,0.0,0.0,0.652,0.543,0.0,0.0,0.0,0.109,2646.082,3.103,2019-08-09
7,hru07,0.0,0.0,0.657,0.061,0.0,0.0,0.0,0.087,8057.461,3.016,2019-08-09
8,hru08,0.0,0.0,0.644,0.847,0.0,0.0,0.0,0.122,1241.54,3.169,2019-08-09
9,hru09,0.0,0.0,0.653,0.077,0.0,0.0,0.0,0.105,5966.66,3.063,2019-08-09
10,hru10,0.0,0.0,0.653,0.078,0.0,0.0,0.0,0.105,5959.333,3.063,2019-08-09
11,hru11,0.0,0.0,0.657,0.629,0.0,0.0,0.0,0.083,3203.012,3.019,2019-08-09
12,hru12,0.0,0.0,0.655,0.0,0.0,0.0,0.0,0.099,7956.708,3.033,2019-08-09
13,hru13,0.11,0.0,0.658,0.0,0.0,0.0,0.0,0.089,23409.98,3.013,2019-08-09
14,hru14,0.0,0.0,0.655,0.0,0.0,0.0,0.0,0.099,7959.467,3.033,2019-08-09
15,hru15,0.0,0.0,0.66,0.0,0.0,0.444,0.0,0.089,23486.848,2.983,2019-08-09
16,hru16,0.0,0.0,0.655,0.0,0.0,0.0,0.0,0.103,13495.537,3.052,2019-08-09
17,hru17,0.0,0.0,0.659,0.0,0.0,0.0,0.0,0.095,18629.756,3.001,2019-08-09
18,hru18,0.0,0.0,0.66,0.0,0.0,0.0,0.0,0.089,13546.219,2.977,2019-08-09
19,hru19,0.0,0.0,0.664,0.0,0.0,0.447,0.0,0.089,20263.225,2.949,2019-08-09
20,hru20,0.0,0.0,0.661,0.0,0.0,0.444,0.0,0.093,23367.947,2.936,2019-08-09
21,hru21,0.0,0.0,0.66,0.0,0.0,0.302,0.0,0.089,18970.076,2.99,2019-08-09
22,hru22,0.0,0.0,0.66,0.0,0.0,0.0,0.0,0.089,13566.076,2.977,2019-08-09
23,hru23,0.0,0.0,0.66,0.0,0.0,0.0,0.0,0.089,16983.525,2.947,2019-08-09
24,hru24,0.0,0.0,0.661,0.0,0.0,0.444,0.0,0.087,23246.326,2.965,2019-08-09
25,hru25,0.0,0.0,0.661,0.0,0.0,0.0,0.0,0.0,12785.738,0.054,2019-08-09
26,hru26,0.0,0.0,0.661,0.0,0.0,0.0,0.0,0.089,23561.469,2.924,2019-08-09
27,hru27,0.094,0.0,0.655,0.0,0.0,0.0,0.0,0.095,23306.967,3.024,2019-08-09
28,hru28,0.0,0.0,0.657,0.91,0.0,0.0,0.0,0.29,528.543,1.825,2019-08-09
29,hru29,0.0,0.0,0.655,0.496,0.0,0.0,0.0,0.099,3206.07,3.032,2019-08-09
30,hru30,0.0,0.0,0.655,0.534,0.0,0.0,0.0,0.095,3066.625,3.038,2019-08-09
31,hru31,0.0,0.0,0.651,0.869,0.0,0.0,0.0,0.122,899.094,3.106,2019-08-09
32,hru32,0.0,0.0,0.658,0.011,0.0,0.0,0.0,0.089,7332.182,3.013,2019-08-09
33,hru33,0.0,0.0,0.654,0.625,0.0,0.0,0.0,0.103,2228.508,3.041,2019-08-09
34,hru34,0.0,0.0,0.654,0.621,0.0,0.0,0.0,0.103,2247.945,3.041,2019-08-09
35,hru35,0.0,0.0,0.65,0.81,0.0,0.0,0.0,0.113,1186.178,3.106,2019-08-09
36,hru36,0.0,0.0,0.654,0.626,0.0,0.0,0.0,0.103,2222.589,3.041,2019-08-09
1,hru01,0.0,0.0,0.657,0.864,0.0,0.0,0.0,0.024,947.585,3.057,2019-08-10
2,hru02,0.0,0.0,0.66,0.0,0.0,0.0,0.0,0.015,17833.469,2.979,2019-08-10
3,hru03,0.0,0.0,0.651,0.0,0.0,0.0,0.0,0.0,599.427,0.093,2019-08-10
4,hru04,0.0,0.0,0.654,0.0,0.0,0.0,0.0,0.0,563.623,0.027,2019-08-10
5,hru05,0.0,0.0,0.659,0.52,0.0,0.0,0.0,0.017,2827.883,3.052,2019-08-10
6,hru06,0.0,0.0,0.659,0.52,0.0,0.0,0.0,0.017,2825.086,3.052,2019-08-10
7,hru07,0.0,0.0,0.663,0.0,0.0,0.0,0.0,0.014,8411.217,2.945,2019-08-10
8,hru08,0.0,0.0,0.651,0.842,0.0,0.0,0.0,0.021,1301.836,3.128,2019-08-10
9,hru09,0.0,0.0,0.659,0.008,0.0,0.0,0.0,0.015,6315.013,3.006,2019-08-10
10,hru10,0.0,0.0,0.659,0.009,0.0,0.0,0.0,0.015,6307.686,3.006,2019-08-10
11,hru11,0.0,0.0,0.663,0.593,0.0,0.0,0.0,0.014,3346.701,2.948,2019-08-10
12,hru12,0.0,0.0,0.662,0.0,0.0,0.0,0.0,0.015,8306.171,2.968,2019-08-10
13,hru13,0.119,0.0,0.664,0.0,0.0,0.0,0.0,0.012,23754.238,2.941,2019-08-10
14,hru14,0.0,0.0,0.662,0.0,0.0,0.0,0.0,0.015,8308.93,2.968,2019-08-10
15,hru15,0.0,0.0,0.667,0.0,0.0,0.444,0.0,0.012,23701.135,2.905,2019-08-10
16,hru16,0.0,0.0,0.661,0.0,0.0,0.0,0.0,0.015,13843.889,2.992,2019-08-10
17,hru17,0.0,0.0,0.666,0.0,0.0,0.0,0.0,0.012,18979.217,2.929,2019-08-10
18,hru18,0.0,0.0,0.667,0.0,0.0,0.0,0.0,0.011,13897.018,2.895,2019-08-10
19,hru19,0.0,0.0,0.67,0.0,0.0,0.46,0.0,0.01,20475.016,2.857,2019-08-10
20,hru20,0.0,0.0,0.668,0.0,0.0,0.444,0.0,0.007,23581.061,2.845,2019-08-10
21,hru21,0.0,0.0,0.667,0.0,0.0,0.459,0.0,0.012,19239.254,2.912,2019-08-10
22,hru22,0.0,0.0,0.667,0.0,0.0,0.0,0.0,0.011,13916.875,2.895,2019-08-10
23,hru23,0.0,0.0,0.667,0.0,0.0,0.0,0.0,0.011,17332.836,2.866,2019-08-10
24,hru24,0.0,0.0,0.667,0.0,0.0,0.444,0.0,0.012,23459.98,2.882,2019-08-10
25,hru25,0.0,0.0,0.668,0.0,0.0,0.0,0.0,0.0,12785.738,0.054,2019-08-10
26,hru26,0.0,0.0,0.668,0.0,0.0,0.354,0.0,0.007,23909.754,2.829,2019-08-10
27,hru27,0.102,0.0,0.662,0.0,0.0,0.0,0.0,0.013,23657.988,2.957,2019-08-10
28,hru28,0.0,0.0,0.663,0.903,0.0,0.0,0.0,0.154,554.558,1.736,2019-08-10
29,hru29,0.0,0.0,0.662,0.449,0.0,0.0,0.0,0.015,3401.916,2.967,2019-08-10
30,hru30,0.0,0.0,0.661,0.49,0.0,0.0,0.0,0.015,3247.961,2.974,2019-08-10
31,hru31,0.0,0.0,0.657,0.864,0.0,0.0,0.0,0.024,950.401,3.057,2019-08-10
32,hru32,0.0,0.0,0.664,0.0,0.0,0.0,0.0,0.012,7684.6,2.941,2019-08-10
33,hru33,0.0,0.0,0.661,0.606,0.0,0.0,0.0,0.015,2374.595,2.979,2019-08-10
34,hru34,0.0,0.0,0.661,0.602,0.0,0.0,0.0,0.015,2395.425,2.979,2019-08-10
35,hru35,0.0,0.0,0.657,0.804,0.0,0.0,0.0,0.02,1260.452,3.056,2019-08-10
36,hru36,0.0,0.0,0.661,0.607,0.0,0.0,0.0,0.015,2368.265,2.979,2019-08-10
1,hru01,0.0,0.0,0.663,0.852,0.0,0.0,0.0,0.039,989.447,2.982,2019-08-11
2,hru02,0.0,0.0,0.667,0.0,0.0,0.0,0.0,0.026,18129.4,2.879,2019-08-11
3,hru03,0.0,0.0,0.657,0.0,0.0,0.0,0.0,0.0,599.427,0.093,2019-08-11
4,hru04,0.0,0.0,0.661,0.0,0.0,0.0,0.0,0.0,563.623,0.027,2019-08-11
5,hru05,0.0,0.0,0.665,0.481,0.0,0.0,0.0,0.03,2975.696,2.974,2019-08-11
6,hru06,0.0,0.0,0.665,0.481,0.0,0.0,0.0,0.03,2972.754,2.974,2019-08-11
7,hru07,0.0,0.0,0.67,0.0,0.0,0.0,0.0,0.022,8706.696,2.83,2019-08-11
8,hru08,0.0,0.0,0.657,0.83,0.0,0.0,0.0,0.037,1352.145,3.066,2019-08-11
9,hru09,0.0,0.0,0.666,0.0,0.0,0.0,0.0,0.028,6619.719,2.916,2019-08-11
10,hru10,0.0,0.0,0.666,0.0,0.0,0.0,0.0,0.028,6612.392,2.916,2019-08-11
11,hru11,0.0,0.0,0.67,0.564,0.0,0.0,0.0,0.021,3467.889,2.835,2019-08-11
12,hru12,0.0,0.0,0.668,0.0,0.0,0.0,0.0,0.024,8609.846,2.864,2019-08-11
13,hru13,0.126,0.0,0.671,0.0,0.0,0.371,0.0,0.021,24020.057,2.823,2019-08-11
14,hru14,0.0,0.0,0.668,0.0,0.0,0.0,0.0,0.024,8612.604,2.864,2019-08-11
15,hru15,0.0,0.0,0.673,0.0,0.0,0.444,0.0,0.02,23869.709,2.77,2019-08-11
16,hru16,0.0,0.0,0.668,0.0,0.0,0.0,0.0,0.03,14158.906,2.897,2019-08-11
17,hru17,0.0,0.0,0.672,0.0,0.0,0.0,0.0,0.025,19292.373,2.808,2019-08-11
18,hru18,0.0,0.0,0.674,0.0,0.0,0.0,0.0,0.021,14198.107,2.751,2019-08-11
19,hru19,0.0,0.0,0.677,0.0,0.0,0.447,0.0,0.019,20639.021,2.683,2019-08-11
20,hru20,0.0,0.0,0.674,0.0,0.0,0.465,0.0,0.017,23749.477,2.671,2019-08-11
21,hru21,0.0,0.0,0.673,0.0,0.0,0.447,0.0,0.02,19403.395,2.777,2019-08-11
22,hru22,0.0,0.0,0.674,0.0,0.0,0.0,0.0,0.021,14217.965,2.751,2019-08-11
23,hru23,0.0,0.0,0.674,0.0,0.0,0.0,0.0,0.021,17632.617,2.723,2019-08-11
24,hru24,0.0,0.0,0.674,0.0,0.0,0.45,0.0,0.018,23627.088,2.736,2019-08-11
25,hru25,0.0,0.0,0.674,0.0,0.0,0.0,0.0,0.0,12785.738,0.054,2019-08-11
26,hru26,0.0,0.0,0.674,0.0,0.0,0.462,0.0,0.017,24102.945,2.642,2019-08-11
27,hru27,0.108,0.0,0.669,0.0,0.0,0.0,0.0,0.022,23931.133,2.846,2019-08-11
28,hru28,0.0,0.0,0.67,0.896,0.0,0.0,0.0,0.172,575.82,1.622,2019-08-11
29,hru29,0.0,0.0,0.668,0.41,0.0,0.0,0.0,0.025,3570.022,2.861,2019-08-11
30,hru30,0.0,0.0,0.668,0.451,0.0,0.0,0.0,0.024,3402.28,2.873,2019-08-11
31,hru31,0.0,0.0,0.663,0.852,0.0,0.0,0.0,0.039,992.386,2.982,2019-08-11
32,hru32,0.0,0.0,0.671,0.0,0.0,0.0,0.0,0.021,7982.621,2.823,2019-08-11
33,hru33,0.0,0.0,0.667,0.574,0.0,0.0,0.0,0.025,2493.806,2.88,2019-08-11
34,hru34,0.0,0.0,0.667,0.57,0.0,0.0,0.0,0.025,2515.775,2.88,2019-08-11
35,hru35,0.0,0.0,0.663,0.788,0.0,0.0,0.0,0.036,1320.549,2.98,2019-08-11
36,hru36,0.0,0.0,0.667,0.575,0.0,0.0,0.0,0.025,2487.14,2.88,2019-08-11
1,hru01,0.0,0.0,0.669,0.864,0.0,0.0,0.0,0.061,1038.805,2.891,2019-08-12
2,hru02,0.0,0.0,0.673,0.0,0.0,0.0,0.0,0.071,18457.119,2.741,2019-08-12
3,hru03,0.0,0.0,0.663,0.0,0.0,0.0,0.0,0.0,599.427,0.093,2019-08-12
4,hru04,0.0,0.0,0.667,0.0,0.0,0.0,0.0,0.0,563.623,0.027,2019-08-12
5,hru05,0.0,0.0,0.671,0.533,0.0,0.0,0.0,0.063,3150.119,2.876,2019-08-12
6,hru06,0.0,0.0,0.671,0.533,0.0,0.0,0.0,0.063,3147.006,2.876,2019-08-12
7,hru07,0.0,0.0,0.676,0.026,0.0,0.0,0.0,0.08,9033.147,2.655,2019-08-12
8,hru08,0.0,0.0,0.663,0.844,0.0,0.0,0.0,0.053,1408.937,2.996,2019-08-12
9,hru09,0.0,0.0,0.672,0.04,0.0,0.0,0.0,0.061,6942.643,2.797,2019-08-12
10,hru10,0.0,0.0,0.672,0.041,0.0,0.0,0.0,0.061,6935.315,2.797,2019-08-12
11,hru11,0.0,0.0,0.676,0.609,0.0,0.0,0.0,0.083,3613.591,2.66,2019-08-12
12,hru12,0.0,0.0,0.674,0.0,0.0,0.0,0.0,0.068,8933.516,2.713,2019-08-12
13,hru13,0.131,0.0,0.677,0.0,0.0,0.0,0.0,0.076,24229.248,2.639,2019-08-12
14,hru14,0.0,0.0,0.674,0.0,0.0,0.0,0.0,0.068,8936.274,2.713,2019-08-12
15,hru15,0.0,0.0,0.679,0.0,0.0,0.0,0.0,0.0,24052.635,2.535,2019-08-12
16,hru16,0.0,0.0,0.674,0.0,0.0,0.0,0.0,0.055,14475.647,2.77,2019-08-12
17,hru17,0.0,0.0,0.678,0.0,0.0,0.0,0.0,0.058,19608.557,2.619,2019-08-12
18,hru18,0.0,0.0,0.679,0.0,0.0,0.0,0.0,0.0,14518.882,2.483,2019-08-12
19,hru19,0.0,0.0,0.683,0.0,0.0,0.0,0.0,0.0,20817.547,2.231,2019-08-12
20,hru20,0.0,0.0,0.68,0.0,0.0,0.0,0.0,0.0,23921.711,2.22,2019-08-12
21,hru21,0.0,0.0,0.679,0.0,0.0,0.0,0.0,0.0,19585.342,2.541,2019-08-12
22,hru22,0.0,0.0,0.679,0.0,0.0,0.0,0.0,0.0,14538.739,2.483,2019-08-12
23,hru23,0.0,0.0,0.679,0.0,0.0,0.0,0.0,0.0,17951.936,2.458,2019-08-12
24,hru24,0.0,0.0,0.68,0.0,0.0,0.0,0.0,0.0,23807.016,2.454,2019-08-12
25,hru25,0.0,0.0,0.68,0.0,0.0,0.0,0.0,0.0,12785.738,0.054,2019-08-12
26,hru26,0.0,0.0,0.68,0.0,0.0,0.0,0.0,0.0,24275.854,1.992,2019-08-12
27,hru27,0.116,0.0,0.674,0.0,0.0,0.0,0.0,0.073,24228.459,2.682,2019-08-12
28,hru28,0.0,0.0,0.676,0.908,0.0,0.0,0.0,0.29,600.821,1.512,2019-08-12
29,hru29,0.0,0.0,0.674,0.472,0.0,0.0,0.0,0.066,3765.9,2.71,2019-08-12
30,hru30,0.0,0.0,0.674,0.512,0.0,0.0,0.0,0.074,3586.452,2.729,2019-08-12
31,hru31,0.0,0.0,0.669,0.863,0.0,0.0,0.0,0.061,1041.891,2.891,2019-08-12
32,hru32,0.0,0.0,0.677,0.0,0.0,0.0,0.0,0.076,8308.386,2.639,2019-08-12
33,hru33,0.0,0.0,0.673,0.615,0.0,0.0,0.0,0.066,2636.004,2.74,2019-08-12
34,hru34,0.0,0.0,0.673,0.611,0.0,0.0,0.0,0.066,2659.331,2.74,2019-08-12
35,hru35,0.0,0.0,0.669,0.806,0.0,0.0,0.0,0.064,1391.865,2.886,2019-08-12
36,hru36,0.0,0.0,0.673,0.616,0.0,0.0,0.0,0.066,2628.937,2.74,2019-08-12
1,hru01,0.0,0.0,0.675,0.859,0.0,0.0,0.0,0.055,1066.891,2.771,2019-08-13
2,hru02,0.0,0.0,0.679,0.0,0.0,0.0,0.0,0.0,18641.459,2.522,2019-08-13
3,hru03,0.0,0.0,0.669,0.0,0.0,0.0,0.0,0.0,599.427,0.093,2019-08-13
4,hru04,0.0,0.0,0.673,0.0,0.0,0.0,0.0,0.0,563.623,0.027,2019-08-13
5,hru05,0.0,0.0,0.677,0.512,0.0,0.0,0.0,0.055,3245.411,2.75,2019-08-13
6,hru06,0.0,0.0,0.677,0.512,0.0,0.0,0.0,0.055,3242.205,2.75,2019-08-13
7,hru07,0.0,0.0,0.682,0.0,0.0,0.0,0.0,0.0,9211.216,2.29,2019-08-13
8,hru08,0.0,0.0,0.669,0.838,0.0,0.0,0.0,0.059,1441.779,2.911,2019-08-13
9,hru09,0.0,0.0,0.678,0.001,0.0,0.0,0.0,0.052,7131.108,2.625,2019-08-13
10,hru10,0.0,0.0,0.678,0.003,0.0,0.0,0.0,0.052,7123.781,2.625,2019-08-13
11,hru11,0.0,0.0,0.682,0.0,0.0,0.0,0.0,0.0,3689.07,2.315,2019-08-13
12,hru12,0.0,0.0,0.68,0.0,0.0,0.0,0.0,0.0,9116.333,2.451,2019-08-13
13,hru13,0.0,0.0,0.683,0.0,0.0,0.0,0.0,0.0,24395.783,2.213,2019-08-13
14,hru14,0.0,0.0,0.68,0.0,0.0,0.0,0.0,0.0,9119.092,2.451,2019-08-13
15,hru15,0.0,0.0,0.685,0.0,0.0,0.0,0.0,0.0,24052.635,2.535,2019-08-13
16,hru16,0.0,0.0,0.68,0.0,0.0,0.0,0.0,0.0,14667.101,2.57,2019-08-13
17,hru17,0.0,0.0,0.684,0.0,0.0,0.0,0.0,0.0,19794.979,2.041,2019-08-13
18,hru18,0.0,0.0,0.686,0.0,0.0,0.0,0.0,0.0,14518.882,2.483,2019-08-13
19,hru19,0.0,0.0,0.689,0.0,0.0,0.0,0.0,0.0,20817.547,2.231,2019-08-13
20,hru20,0.0,0.0,0.686,0.0,0.0,0.0,0.0,0.0,23921.711,2.22,2019-08-13
21,hru21,0.0,0.0,0.685,0.0,0.0,0.0,0.0,0.0,19585.342,2.541,2019-08-13
22,hru22,0.0,0.0,0.686,0.0,0.0,0.0,0.0,0.0,14538.739,2.483,2019-08-13
23,hru23,0.0,0.0,0.686,0.0,0.0,0.0,0.0,0.0,17951.936,2.458,2019-08-13
24,hru24,0.0,0.0,0.686,0.0,0.0,0.0,0.0,0.0,23807.016,2.454,2019-08-13
25,hru25,0.0,0.0,0.686,0.0,0.0,0.0,0.0,0.0,12785.738,0.054,2019-08-13
26,hru26,0.0,0.0,0.686,0.0,0.0,0.0,0.0,0.0,24275.854,1.992,2019-08-13
27,hru27,0.0,0.0,0.681,0.0,0.0,0.0,0.0,0.0,24399.84,2.373,2019-08-13
28,hru28,0.0,0.0,0.682,0.901,0.0,0.0,0.0,0.232,613.573,1.423,2019-08-13
29,hru29,0.0,0.0,0.68,0.0,0.0,0.0,0.0,0.0,3869.858,2.441,2019-08-13
30,hru30,0.0,0.0,0.68,0.0,0.0,0.0,0.0,0.0,3682.459,2.499,2019-08-13
31,hru31,0.0,0.0,0.675,0.858,0.0,0.0,0.0,0.055,1070.057,2.771,2019-08-13
32,hru32,0.0,0.0,0.683,0.0,0.0,0.0,0.0,0.0,8485.514,2.213,2019-08-13
33,hru33,0.0,0.0,0.679,0.0,0.0,0.0,0.0,0.0,2712.709,2.516,2019-08-13
34,hru34,0.0,0.0,0.679,0.0,0.0,0.0,0.0,0.0,2736.77,2.516,2019-08-13
35,hru35,0.0,0.0,0.675,0.799,0.0,0.0,0.0,0.052,1431.74,2.766,2019-08-13
36,hru36,0.0,0.0,0.679,0.0,0.0,0.0,0.0,0.0,2705.425,2.516,2019-08-13
1,hru01,0.0,0.0,0.681,0.843,0.0,0.0,0.0,0.205,1115.557,2.566,2019-08-14
2,hru02,0.0,0.0,0.684,0.0,0.0,0.0,0.0,0.0,18641.459,2.522,2019-08-14
3,hru03,0.0,0.0,0.674,0.0,0.0,0.0,0.0,0.0,599.427,0.093,2019-08-14
4,hru04,0.0,0.0,0.678,0.0,0.0,0.0,0.0,0.0,563.623,0.027,2019-08-14
5,hru05,0.0,0.0,0.682,0.0,0.0,0.0,0.0,0.0,3413.663,2.521,2019-08-14
6,hru06,0.0,0.0,0.682,0.0,0.0,0.0,0.0,0.0,3410.293,2.521,2019-08-14
7,hru07,0.0,0.0,0.687,0.0,0.0,0.0,0.0,0.0,9211.216,2.29,2019-08-14
8,hru08,0.0,0.0,0.674,0.82,0.0,0.0,0.0,0.208,1498.679,2.796,2019-08-14
9,hru09,0.0,0.0,0.683,0.0,0.0,0.0,0.0,0.0,7450.994,2.072,2019-08-14
10,hru10,0.0,0.0,0.683,0.0,0.0,0.0,0.0,0.0,7443.667,2.072,2019-08-14
11,hru11,0.0,0.0,0.687,0.0,0.0,0.0,0.0,0.0,3689.07,2.315,2019-08-14
12,hru12,0.0,0.0,0.686,0.0,0.0,0.0,0.0,0.0,9116.333,2.451,2019-08-14
13,hru13,0.0,0.0,0.688,0.0,0.0,0.0,0.0,0.0,24395.783,2.213,2019-08-14
14,hru14,0.0,0.0,0.686,0.0,0.0,0.0,0.0,0.0,9119.092,2.451,2019-08-14
15,hru15,0.0,0.0,0.69,0.0,0.0,0.0,0.0,0.0,24052.635,2.535,2019-08-14
16,hru16,0.0,0.0,0.685,0.0,0.0,0.0,0.0,0.0,14667.101,2.57,2019-08-14
17,hru17,0.0,0.0,0.689,0.0,0.0,0.0,0.0,0.0,19794.979,2.041,2019-08-14
18,hru18,0.0,0.0,0.691,0.0,0.0,0.0,0.0,0.0,14518.882,2.483,2019-08-14
19,hru19,0.0,0.0,0.694,0.0,0.0,0.0,0.0,0.0,20817.547,2.231,2019-08-14
20,hru20,0.0,0.0,0.691,0.0,0.0,0.0,0.0,0.0,23921.711,2.22,2019-08-14
21,hru21,0.0,0.0,0.69,0.0,0.0,0.0,0.0,0.0,19585.342,2.541,2019-08-14
22,hru22,0.0,0.0,0.691,0.0,0.0,0.0,0.0,0.0,14538.739,2.483,2019-08-14
23,hru23,0.0,0.0,0.691,0.0,0.0,0.0,0.0,0.0,17951.936,2.458,2019-08-14
24,hru24,0.0,0.0,0.691,0.0,0.0,0.0,0.0,0.0,23807.016,2.454,2019-08-14
25,hru25,0.0,0.0,0.691,0.0,0.0,0.0,0.0,0.0,12785.738,0.054,2019-08-14
26,hru26,0.0,0.0,0.691,0.0,0.0,0.0,0.0,0.0,24275.854,1.992,2019-08-14
27,hru27,0.0,0.0,0.686,0.0,0.0,0.0,0.0,0.0,24399.84,2.373,2019-08-14
28,hru28,0.0,0.0,0.687,0.894,0.0,0.0,0.0,0.464,636.73,1.324,2019-08-14
29,hru29,0.0,0.0,0.686,0.0,0.0,0.0,0.0,0.0,3869.858,2.441,2019-08-14
30,hru30,0.0,0.0,0.685,0.0,0.0,0.0,0.0,0.0,3682.459,2.499,2019-08-14
31,hru31,0.0,0.0,0.681,0.842,0.0,0.0,0.0,0.205,1118.859,2.566,2019-08-14
32,hru32,0.0,0.0,0.688,0.0,0.0,0.0,0.0,0.0,8485.514,2.213,2019-08-14
33,hru33,0.0,0.0,0.684,0.0,0.0,0.0,0.0,0.0,2712.709,2.516,2019-08-14
34,hru34,0.0,0.0,0.684,0.0,0.0,0.0,0.0,0.0,2736.77,2.516,2019-08-14
35,hru35,0.0,0.0,0.68,0.776,0.0,0.0,0.0,0.202,1501.068,2.553,2019-08-14
36,hru36,0.0,0.0,0.684,0.0,0.0,0.0,0.0,0.0,2705.425,2.516,2019-08-14
1,hru01,0.0,0.0,0.686,0.0,0.0,0.0,0.0,0.0,1167.853,2.111,2019-08-15
2,hru02,0.0,0.0,0.689,0.0,0.0,0.0,0.0,0.0,18641.459,2.522,2019-08-15
3,hru03,0.0,0.0,0.68,0.0,0.0,0.0,0.0,0.0,599.427,0.093,2019-08-15
4,hru04,0.0,0.0,0.683,0.0,0.0,0.0,0.0,0.0,563.623,0.027,2019-08-15
5,hru05,0.0,0.0,0.687,0.0,0.0,0.0,0.0,0.0,3413.663,2.521,2019-08-15
6,hru06,0.0,0.0,0.687,0.0,0.0,0.0,0.0,0.0,3410.293,2.521,2019-08-15
7,hru07,0.0,0.0,0.692,0.0,0.0,0.0,0.0,0.0,9211.216,2.29,2019-08-15
8,hru08,0.0,0.0,0.68,0.802,0.0,0.0,0.0,0.145,1561.553,2.671,2019-08-15
9,hru09,0.0,0.0,0.688,0.0,0.0,0.0,0.0,0.0,7450.994,2.072,2019-08-15
10,hru10,0.0,0.0,0.688,0.0,0.0,0.0,0.0,0.0,7443.667,2.072,2019-08-15
11,hru11,0.0,0.0,0.692,0.0,0.0,0.0,0.0,0.0,3689.07,2.315,2019-08-15
12,hru12,0.0,0.0,0.691,0.0,0.0,0.0,0.0,0.0,9116.333,2.451,2019-08-15
13,hru13,0.0,0.0,0.693,0.0,0.0,0.0,0.0,0.0,24395.783,2.213,2019-08-15
14,hru14,0.0,0.0,0.691,0.0,0.0,0.0,0.0,0.0,9119.092,2.451,2019-08-15
15,hru15,0.0,0.0,0.696,0.0,0.0,0.0,0.0,0.0,24052.635,2.535,2019-08-15
16,hru16,0.0,0.0,0.69,0.0,0.0,0.0,0.0,0.0,14667.101,2.57,2019-08-15
17,hru17,0.0,0.0,0.695,0.0,0.0,0.0,0.0,0.0,19794.979,2.041,2019-08-15
18,hru18,0.0,0.0,0.696,0.0,0.0,0.0,0.0,0.0,14518.882,2.483,2019-08-15
19,hru19,0.0,0.0,0.7,0.0,0.0,0.0,0.0,0.0,20817.547,2.231,2019-08-15
20,hru20,0.0,0.0,0.697,0.0,0.0,0.0,0.0,0.0,23921.711,2.22,2019-08-15
21,hru21,0.0,0.0,0.696,0.0,0.0,0.0,0.0,0.0,19585.342,2.541,2019-08-15
22,hru22,0.0,0.0,0.696,0.0,0.0,0.0,0.0,0.0,14538.739,2.483,2019-08-15
23,hru23,0.0,0.0,0.696,0.0,0.0,0.0,0.0,0.0,17951.936,2.458,2019-08-15
24,hru24,0.0,0.0,0.696,0.0,0.0,0.0,0.0,0.0,23807.016,2.454,2019-08-15
25,hru25,0.0,0.0,0.697,0.0,0.0,0.0,0.0,0.0,12785.738,0.054,2019-08-15
26,hru26,0.0,0.0,0.697,0.0,0.0,0.0,0.0,0.0,24275.854,1.992,2019-08-15
27,hru27,0.0,0.0,0.691,0.0,0.0,0.0,0.0,0.0,24399.84,2.373,2019-08-15
28,hru28,0.0,0.0,0.692,0.888,0.0,0.0,0.0,0.373,659.887,1.26,2019-08-15
29,hru29,0.0,0.0,0.691,0.0,0.0,0.0,0.0,0.0,3869.858,2.441,2019-08-15
30,hru30,0.0,0.0,0.69,0.0,0.0,0.0,0.0,0.0,3682.459,2.499,2019-08-15
31,hru31,0.0,0.0,0.686,0.0,0.0,0.0,0.0,0.0,1171.299,2.111,2019-08-15
32,hru32,0.0,0.0,0.693,0.0,0.0,0.0,0.0,0.0,8485.514,2.213,2019-08-15
33,hru33,0.0,0.0,0.69,0.0,0.0,0.0,0.0,0.0,2712.709,2.516,2019-08-15
34,hru34,0.0,0.0,0.69,0.0,0.0,0.0,0.0,0.0,2736.77,2.516,2019-08-15
35,hru35,0.0,0.0,0.686,0.0,0.0,0.0,0.0,0.0,1575.134,2.018,2019-08-15
36,hru36,0.0,0.0,0.69,0.0,0.0,0.0,0.0,0.0,2705.425,2.516,2019-08-15
1,hru01,0.0,0.0,0.691,0.0,0.0,0.0,0.0,0.0,1167.853,2.111,2019-08-16
2,hru02,0.0,0.0,0.695,0.0,0.0,0.0,0.0,0.0,18641.459,2.522,2019-08-16
3,hru03,0.0,0.0,0.685,0.0,0.0,0.0,0.0,0.0,599.427,0.093,2019-08-16
4,hru04,0.0,0.0,0.689,0.0,0.0,0.0,0.0,0.0,563.623,0.027,2019-08-16
5,hru05,0.0,0.0,0.693,0.0,0.0,0.0,0.0,0.0,3413.663,2.521,2019-08-16
6,hru06,0.0,0.0,0.693,0.0,0.0,0.0,0.0,0.0,3410.293,2.521,2019-08-16
7,hru07,0.0,0.0,0.698,0.0,0.0,0.0,0.0,0.0,9211.216,2.29,2019-08-16
8,hru08,0.0,0.0,0.685,0.0,0.0,0.0,0.0,0.0,1630.022,2.404,2019-08-16
9,hru09,0.0,0.0,0.694,0.0,0.0,0.0,0.0,0.0,7450.994,2.072,2019-08-16
10,hru10,0.0,0.0,0.694,0.0,0.0,0.0,0.0,0.0,7443.667,2.072,2019-08-16
11,hru11,0.0,0.0,0.698,0.0,0.0,0.0,0.0,0.0,3689.07,2.315,2019-08-16
12,hru12,0.0,0.0,0.696,0.0,0.0,0.0,0.0,0.0,9116.333,2.451,2019-08-16
13,hru13,0.0,0.0,0.699,0.0,0.0,0.0,0.0,0.0,24395.783,2.213,2019-08-16
14,hru14,0.0,0.0,0.696,0.0,0.0,0.0,0.0,0.0,9119.092,2.451,2019-08-16
15,hru15,0.0,0.0,0.701,0.0,0.0,0.0,0.0,0.0,24052.635,2.535,2019-08-16
16,hru16,0.0,0.0,0.696,0.0,0.0,0.0,0.0,0.0,14667.101,2.57,2019-08-16
17,hru17,0.0,0.0,0.7,0.0,0.0,0.0,0.0,0.0,19794.979,2.041,2019-08-16
18,hru18,0.0,0.0,0.702,0.0,0.0,0.0,0.0,0.0,14518.882,2.483,2019-08-16
19,hru19,0.0,0.0,0.705,0.0,0.0,0.0,0.0,0.0,20817.547,2.231,2019-08-16
20,hru20,0.0,0.0,0.702,0.0,0.0,0.0,0.0,0.0,23921.711,2.22,2019-08-16
21,hru21,0.0,0.0,0.701,0.0,0.0,0.0,0.0,0.0,19585.342,2.541,2019-08-16
22,hru22,0.0,0.0,0.702,0.0,0.0,0.0,0.0,0.0,14538.739,2.483,2019-08-16
23,hru23,0.0,0.0,0.702,0.0,0.0,0.0,0.0,0.0,17951.936,2.458,2019-08-16
24,hru24,0.0,0.0,0.702,0.0,0.0,0.0,0.0,0.0,23807.016,2.454,2019-08-16
25,hru25,0.0,0.0,0.702,0.0,0.0,0.0,0.0,0.0,12785.738,0.054,2019-08-16
26,hru26,0.0,0.0,0.702,0.0,0.0,0.0,0.0,0.0,24275.854,1.992,2019-08-16
27,hru27,0.0,0.0,0.697,0.0,0.0,0.0,0.0,0.0,24399.84,2.373,2019-08-16
28,hru28,0.0,0.0,0.698,0.882,0.0,0.0,0.0,0.351,684.62,1.183,2019-08-16
29,hru29,0.0,0.0,0.697,0.0,0.0,0.0,0.0,0.0,3869.858,2.441,2019-08-16
30,hru30,0.0,0.0,0.696,0.0,0.0,0.0,0.0,0.0,3682.459,2.499,2019-08-16
31,hru31,0.0,0.0,0.691,0.0,0.0,0.0,0.0,0.0,1171.299,2.111,2019-08-16
32,hru32,0.0,0.0,0.699,0.0,0.0,0.0,0.0,0.0,8485.514,2.213,2019-08-16
33,hru33,0.0,0.0,0.695,0.0,0.0,0.0,0.0,0.0,2712.709,2.516,2019-08-16
34,hru34,0.0,0.0,0.695,0.0,0.0,0.0,0.0,0.0,2736.77,2.516,2019-08-16
35,hru35,0.0,0.0,0.691,0.0,0.0,0.0,0.0,0.0,1575.134,2.018,2019-08-16
36,hru36,0.0,0.0,0.695,0.0,0.0,0.0,0.0,0.0,2705.425,2.516,2019-08-16
1,hru01,0.0,0.0,0.697,0.0,0.0,0.0,0.0,0.0,1167.853,2.111,2019-08-17
2,hru02,0.0,0.0,0.701,0.0,0.0,0.0,0.0,0.0,18641.459,2.522,2019-08-17
3,hru03,0.0,0.0,0.691,0.0,0.0,0.0,0.0,0.0,599.427,0.093,2019-08-17
4,hru04,0.0,0.0,0.695,0.0,0.0,0.0,0.0,0.0,563.623,0.027,2019-08-17
5,hru05,0.0,0.0,0.699,0.0,0.0,0.0,0.0,0.0,3413.663,2.521,2019-08-17
6,hru06,0.0,0.0,0.699,0.0,0.0,0.0,0.0,0.0,3410.293,2.521,2019-08-17
7,hru07,0.0,0.0,0.704,0.0,0.0,0.0,0.0,0.0,9211.216,2.29,2019-08-17
8,hru08,0.0,0.0,0.691,0.0,0.0,0.0,0.0,0.0,1630.022,2.404,2019-08-17
9,hru09,0.0,0.0,0.7,0.0,0.0,0.0,0.0,0.0,7450.994,2.072,2019-08-17
10,hru10,0.0,0.0,0.7,0.0,0.0,0.0,0.0,0.0,7443.667,2.072,2019-08-17
11,hru11,0.0,0.0,0.704,0.0,0.0,0.0,0.0,0.0,3689.07,2.315,2019-08-17
12,hru12,0.0,0.0,0.702,0.0,0.0,0.0,0.0,0.0,9116.333,2.451,2019-08-17
13,hru13,0.0,0.0,0.705,0.0,0.0,0.0,0.0,0.0,24395.783,2.213,2019-08-17
14,hru14,0.0,0.0,0.702,0.0,0.0,0.0,0.0,0.0,9119.092,2.451,2019-08-17
15,hru15,0.0,0.0,0.707,0.0,0.0,0.0,0.0,0.0,24052.635,2.535,2019-08-17
16,hru16,0.0,0.0,0.702,0.0,0.0,0.0,0.0,0.0,14667.101,2.57,2019-08-17
17,hru17,0.0,0.0,0.706,0.0,0.0,0.0,0.0,0.0,19794.979,2.041,2019-08-17
18,hru18,0.0,0.0,0.708,0.0,0.0,0.0,0.0,0.0,14518.882,2.483,2019-08-17
19,hru19,0.0,0.0,0.711,0.0,0.0,0.0,0.0,0.0,20817.547,2.231,2019-08-17
20,hru20,0.0,0.0,0.708,0.0,0.0,0.0,0.0,0.0,23921.711,2.22,2019-08-17
21,hru21,0.0,0.0,0.707,0.0,0.0,0.0,0.0,0.0,19585.342,2.541,2019-08-17
22,hru22,0.0,0.0,0.708,0.0,0.0,0.0,0.0,0.0,14538.739,2.483,2019-08-17
23,hru23,0.0,0.0,0.708,0.0,0.0,0.0,0.0,0.0,17951.936,2.458,2019-08-17
24,hru24,0.0,0.0,0.708,0.0,0.0,0.0,0.0,0.0,23807.016,2.454,2019-08-17
25,hru25,0.0,0.0,0.708,0.0,0.0,0.0,0.0,0.0,12785.738,0.054,2019-08-17
26,hru26,0.0,0.0,0.708,0.0,0.0,0.0,0.0,0.0,24275.854,1.992,2019-08-17
27,hru27,0.0,0.0,0.703,0.0,0.0,0.0,0.0,0.0,24399.84,2.373,2019-08-17
28,hru28,0.0,0.0,0.704,0.903,0.0,0.0,0.0,0.259,709.01,1.104,2019-08-17
29,hru29,0.0,0.0,0.703,0.0,0.0,0.0,0.0,0.0,3869.858,2.441,2019-08-17
30,hru30,0.0,0.0,0.702,0.0,0.0,0.0,0.0,0.0,3682.459,2.499,2019-08-17
31,hru31,0.0,0.0,0.697,0.0,0.0,0.0,0.0,0.0,1171.299,2.111,2019-08-17
32,hru32,0.0,0.0,0.705,0.0,0.0,0.0,0.0,0.0,8485.514,2.213,2019-08-17
33,hru33,0.0,0.0,0.701,0.0,0.0,0.0,0.0,0.0,2712.709,2.516,2019-08-17
34,hru34,0.0,0.0,0.701,0.0,0.0,0.0,0.0,0.0,2736.77,2.516,2019-08-17
35,hru35,0.0,0.0,0.697,0.0,0.0,0.0,0.0,0.0,1575.134,2.018,2019-08-17
36,hru36,0.0,0.0,0.701,0.0,0.0,0.0,0.0,0.0,2705.425,2.516,2019-08-17
1,hru01,0.0,0.0,0.703,0.0,0.0,0.0,0.0,0.0,1167.853,2.111,2019-08-18
2,hru02,0.0,0.0,0.706,0.0,0.0,0.0,0.0,0.0,18641.459,2.522,2019-08-18
3,hru03,0.0,0.0,0.696,0.0,0.0,0.0,0.0,0.0,599.427,0.093,2019-08-18
4,hru04,0.0,0.0,0.7,0.0,0.0,0.0,0.0,0.0,563.623,0.027,2019-08-18
5,hru05,0.0,0.0,0.704,0.0,0.0,0.0,0.0,0.0,3413.663,2.521,2019-08-18
6,hru06,0.0,0.0,0.704,0.0,0.0,0.0,0.0,0.0,3410.293,2.521,2019-08-18
7,hru07,0.0,0.0,0.709,0.0,0.0,0.0,0.0,0.0,9211.216,2.29,2019-08-18
8,hru08,0.0,0.0,0.696,0.0,0.0,0.0,0.0,0.0,1630.022,2.404,2019-08-18
9,hru09,0.0,0.0,0.705,0.0,0.0,0.0,0.0,0.0,7450.994,2.072,2019-08-18
10,hru10,0.0,0.0,0.705,0.0,0.0,0.0,0.0,0.0,7443.667,2.072,2019-08-18
11,hru11,0.0,0.0,0.709,0.0,0.0,0.0,0.0,0.0,3689.07,2.315,2019-08-18
12,hru12,0.0,0.0,0.708,0.0,0.0,0.0,0.0,0.0,9116.333,2.451,2019-08-18
13,hru13,0.0,0.0,0.71,0.0,0.0,0.0,0.0,0.0,24395.783,2.213,2019-08-18
14,hru14,0.0,0.0,0.708,0.0,0.0,0.0,0.0,0.0,9119.092,2.451,2019-08-18
15,hru15,0.0,0.0,0.713,0.0,0.0,0.0,0.0,0.0,24052.635,2.535,2019-08-18
16,hru16,0.0,0.0,0.707,0.0,0.0,0.0,0.0,0.0,14667.101,2.57,2019-08-18
17,hru17,0.0,0.0,0.712,0.0,0.0,0.0,0.0,0.0,19794.979,2.041,2019-08-18
18,hru18,0.0,0.0,0.713,0.0,0.0,0.0,0.0,0.0,14518.882,2.483,2019-08-18
19,hru19,0.0,0.0,0.717,0.0,0.0,0.0,0.0,0.0,20817.547,2.231,2019-08-18
20,hru20,0.0,0.0,0.714,0.0,0.0,0.0,0.0,0.0,23921.711,2.22,2019-08-18
21,hru21,0.0,0.0,0.713,0.0,0.0,0.0,0.0,0.0,19585.342,2.541,2019-08-18
22,hru22,0.0,0.0,0.713,0.0,0.0,0.0,0.0,0.0,14538.739,2.483,2019-08-18
23,hru23,0.0,0.0,0.713,0.0,0.0,0.0,0.0,0.0,17951.936,2.458,2019-08-18
24,hru24,0.0,0.0,0.714,0.0,0.0,0.0,0.0,0.0,23807.016,2.454,2019-08-18
25,hru25,0.0,0.0,0.714,0.0,0.0,0.0,0.0,0.0,12785.738,0.054,2019-08-18
26,hru26,0.0,0.0,0.714,0.0,0.0,0.0,0.0,0.0,24275.854,1.992,2019-08-18
27,hru27,0.0,0.0,0.708,0.0,0.0,0.0,0.0,0.0,24399.84,2.373,2019-08-18
28,hru28,0.0,0.0,0.709,0.895,0.0,0.0,0.0,0.329,728.325,1.009,2019-08-18
29,hru29,0.0,0.0,0.708,0.0,0.0,0.0,0.0,0.0,3869.858,2.441,2019-08-18
30,hru30,0.0,0.0,0.707,0.0,0.0,0.0,0.0,0.0,3682.459,2.499,2019-08-18
31,hru31,0.0,0.0,0.703,0.0,0.0,0.0,0.0,0.0,1171.299,2.111,2019-08-18
32,hru32,0.0,0.0,0.71,0.0,0.0,0.0,0.0,0.0,8485.514,2.213,2019-08-18
33,hru33,0.0,0.0,0.707,0.0,0.0,0.0,0.0,0.0,2712.709,2.516,2019-08-18
34,hru34,0.0,0.0,0.707,0.0,0.0,0.0,0.0,0.0,2736.77,2.516,2019-08-18
35,hru35,0.0,0.0,0.703,0.0,0.0,0.0,0.0,0.0,1575.134,2.018,2019-08-18
36,hru36,0.0,0.0,0.707,0.0,0.0,0.0,0.0,0.0,2705.425,2.516,2019-08-18
1,hru01,0.0,0.0,0.708,0.0,0.0,0.0,0.0,0.0,1167.853,2.111,2019-08-19
2,hru02,0.0,0.0,0.712,0.0,0.0,0.0,0.0,0.0,18641.459,2.522,2019-08-19
3,hru03,0.0,0.0,0.702,0.0,0.0,0.0,0.0,0.0,599.427,0.093,2019-08-19
4,hru04,0.0,0.0,0.706,0.0,0.0,0.0,0.0,0.0,563.623,0.027,2019-08-19
5,hru05,0.0,0.0,0.71,0.0,0.0,0.0,0.0,0.0,3413.663,2.521,2019-08-19
6,hru06,0.0,0.0,0.71,0.0,0.0,0.0,0.0,0.0,3410.293,2.521,2019-08-19
7,hru07,0.0,0.0,0.715,0.0,0.0,0.0,0.0,0.0,9211.216,2.29,2019-08-19
8,hru08,0.0,0.0,0.702,0.0,0.0,0.0,0.0,0.0,1630.022,2.404,2019-08-19
9,hru09,0.0,0.0,0.711,0.0,0.0,0.0,0.0,0.0,7450.994,2.072,2019-08-19
10,hru10,0.0,0.0,0.711,0.0,0.0,0.0,0.0,0.0,7443.667,2.072,2019-08-19
11,hru11,0.0,0.0,0.715,0.0,0.0,0.0,0.0,0.0,3689.07,2.315,2019-08-19
12,hru12,0.0,0.0,0.714,0.0,0.0,0.0,0.0,0.0,9116.333,2.451,2019-08-19
13,hru13,0.0,0.0,0.716,0.0,0.0,0.0,0.0,0.0,24395.783,2.213,2019-08-19
14,hru14,0.0,0.0,0.714,0.0,0.0,0.0,0.0,0.0,9119.092,2.451,2019-08-19
15,hru15,0.0,0.0,0.719,0.0,0.0,0.0,0.0,0.0,24052.635,2.535,2019-08-19
16,hru16,0.0,0.0,0.713,0.0,0.0,0.0,0.0,0.0,14667.101,2.57,2019-08-19
17,hru17,0.0,0.0,0.718,0.0,0.0,0.0,0.0,0.0,19794.979,2.041,2019-08-19
18,hru18,0.0,0.0,0.719,0.0,0.0,0.0,0.0,0.0,14518.882,2.483,2019-08-19
19,hru19,0.0,0.0,0.723,0.0,0.0,0.0,0.0,0.0,20817.547,2.231,2019-08-19
20,hru20,0.0,0.0,0.72,0.0,0.0,0.0,0.0,0.0,23921.711,2.22,2019-08-19
21,hru21,0.0,0.0,0.719,0.0,0.0,0.0,0.0,0.0,19585.342,2.541,2019-08-19
22,hru22,0.0,0.0,0.719,0.0,0.0,0.0,0.0,0.0,14538.739,2.483,2019-08-19
23,hru23,0.0,0.0,0.719,0.0,0.0,0.0,0.0,0.0,17951.936,2.458,2019-08-19
24,hru24,0.0,0.0,0.719,0.0,0.0,0.0,0.0,0.0,23807.016,2.454,2019-08-19
25,hru25,0.0,0.0,0.72,0.0,5184.533,0.0,0.0,0.0,0.0,0.0,2019-08-19
26,hru26,0.0,0.0,0.72,0.0,0.0,0.0,0.0,0.0,24275.854,1.992,2019-08-19
27,hru27,0.0,0.0,0.714,0.0,0.0,0.0,0.0,0.0,24399.84,2.373,2019-08-19
28,hru28,0.0,0.0,0.715,0.954,0.0,0.0,0.0,0.284,747.47,0.926,2019-08-19
29,hru29,0.0,0.0,0.714,0.0,0.0,0.0,0.0,0.0,3869.858,2.441,2019-08-19
30,hru30,0.0,0.0,0.713,0.0,0.0,0.0,0.0,0.0,3682.459,2.499,2019-08-19
31,hru31,0.0,0.0,0.708,0.0,0.0,0.0,0.0,0.0,1171.299,2.111,2019-08-19
32,hru32,0.0,0.0,0.716,0.0,0.0,0.0,0.0,0.0,8485.514,2.213,2019-08-19
33,hru33,0.0,0.0,0.713,0.0,0.0,0.0,0.0,0.0,2712.709,2.516,2019-08-19
34,hru34,0.0,0.0,0.713,0.0,0.0,0.0,0.0,0.0,2736.77,2.516,2019-08-19
35,hru35,0.0,0.0,0.708,0.0,0.0,0.0,0.0,0.0,1575.134,2.018,2019-08-19
36,hru36,0.0,0.0,0.713,0.0,0.0,0.0,0.0,0.0,2705.425,2.516,2019-08-19
1,hru01,0.0,0.0,0.715,0.0,0.0,0.0,0.0,0.0,1167.853,2.111,2019-08-20
2,hru02,0.0,0.0,0.719,0.0,0.0,0.0,0.0,0.0,18641.459,2.522,2019-08-20
3,hru03,0.0,0.0,0.709,0.0,0.0,0.0,0.0,0.0,599.427,0.093,2019-08-20
4,hru04,0.0,0.0,0.713,0.0,0.0,0.0,0.0,0.0,563.623,0.027,2019-08-20
5,hru05,0.0,0.0,0.717,0.0,0.0,0.0,0.0,0.0,3413.663,2.521,2019-08-20
6,hru06,0.0,0.0,0.717,0.0,0.0,0.0,0.0,0.0,3410.293,2.521,2019-08-20
7,hru07,0.0,0.0,0.722,0.0,0.0,0.0,0.0,0.0,9211.216,2.29,2019-08-20
8,hru08,0.0,0.0,0.709,0.0,0.0,0.0,0.0,0.0,1630.022,2.404,2019-08-20
9,hru09,0.0,0.0,0.718,0.0,0.0,0.0,0.0,0.0,7450.994,2.072,2019-08-20
10,hru10,0.0,0.0,0.718,0.0,0.0,0.0,0.0,0.0,7443.667,2.072,2019-08-20
11,hru11,0.0,0.0,0.722,0.0,0.0,0.0,0.0,0.0,3689.07,2.315,2019-08-20
12,hru12,0.0,0.0,0.721,0.0,0.0,0.0,0.0,0.0,9116.333,2.451,2019-08-20
13,hru13,0.0,0.0,0.723,0.0,0.0,0.0,0.0,0.0,24395.783,2.213,2019-08-20
14,hru14,0.0,0.0,0.721,0.0,0.0,0.0,0.0,0.0,9119.092,2.451,2019-08-20
15,hru15,0.0,0.0,0.726,0.0,0.0,0.0,0.0,0.0,24052.635,2.535,2019-08-20
16,hru16,0.0,0.0,0.72,0.0,0.0,0.0,0.0,0.0,14667.101,2.57,2019-08-20
17,hru17,0.0,0.0,0.725,0.0,0.0,0.0,0.0,0.0,19794.979,2.041,2019-08-20
18,hru18,0.0,0.0,0.726,0.0,0.0,0.0,0.0,0.0,14518.882,2.483,2019-08-20
19,hru19,0.0,0.0,0.73,0.0,0.0,0.0,0.0,0.0,20817.547,2.231,2019-08-20
20,hru20,0.0,0.0,0.727,0.0,0.0,0.0,0.0,0.0,23921.711,2.22,2019-08-20
21,hru21,0.0,0.0,0.726,0.0,0.0,0.0,0.0,0.0,19585.342,2.541,2019-08-20
22,hru22,0.0,0.0,0.726,0.0,0.0,0.0,0.0,0.0,14538.739,2.483,2019-08-20
23,hru23,0.0,0.0,0.726,0.0,0.0,0.0,0.0,0.0,17951.936,2.458,2019-08-20
24,hru24,0.0,0.0,0.726,0.0,0.0,0.0,0.0,0.0,23807.016,2.454,2019-08-20
25,hru25,0.0,0.0,0.727,0.0,0.0,0.0,0.0,0.0,0.0,0.0,2019-08-20
26,hru26,0.0,0.0,0.727,0.0,0.0,0.0,0.0,0.0,24275.854,1.992,2019-08-20
27,hru27,0.0,0.0,0.721,0.0,0.0,0.0,0.0,0.0,24399.84,2.373,2019-08-20
28,hru28,0.0,0.0,0.722,0.951,0.0,0.0,0.0,0.121,755.689,0.836,2019-08-20
29,hru29,0.0,0.0,0.721,0.0,0.0,0.0,0.0,0.0,3869.858,2.441,2019-08-20
30,hru30,0.0,0.0,0.72,0.0,0.0,0.0,0.0,0.0,3682.459,2.499,2019-08-20
31,hru31,0.0,0.0,0.715,0.0,0.0,0.0,0.0,0.0,1171.299,2.111,2019-08-20
32,hru32,0.0,0.0,0.723,0.0,0.0,0.0,0.0,0.0,8485.514,2.213,2019-08-20
33,hru33,0.0,0.0,0.719,0.0,0.0,0.0,0.0,0.0,2712.709,2.516,2019-08-20
34,hru34,0.0,0.0,0.719,0.0,0.0,0.0,0.0,0.0,2736.77,2.516,2019-08-20
35,hru35,0.0,0.0,0.715,0.0,0.0,0.0,0.0,0.0,1575.134,2.018,2019-08-20
36,hru36,0.0,0.0,0.719,0.0,0.0,0.0,0.0,0.0,2705.425,2.516,2019-08-20
1,hru01,0.0,0.0,0.72,0.0,0.0,0.0,0.0,0.0,1167.853,2.111,2019-08-21
2,hru02,0.0,0.0,0.724,0.0,0.0,0.0,0.0,0.0,18641.459,2.522,2019-08-21
3,hru03,0.0,0.0,0.714,0.0,0.0,0.0,0.0,0.0,599.427,0.093,2019-08-21
4,hru04,0.0,0.0,0.717,0.0,0.0,0.0,0.0,0.0,563.623,0.027,2019-08-21
5,hru05,0.0,0.0,0.722,0.0,0.0,0.0,0.0,0.0,3413.663,2.521,2019-08-21
6,hru06,0.0,0.0,0.722,0.0,0.0,0.0,0.0,0.0,3410.293,2.521,2019-08-21
7,hru07,0.0,0.0,0.727,0.0,0.0,0.0,0.0,0.0,9211.216,2.29,2019-08-21
8,hru08,0.0,0.0,0.714,0.0,0.0,0.0,0.0,0.0,1630.022,2.404,2019-08-21
9,hru09,0.0,0.0,0.723,0.0,0.0,0.0,0.0,0.0,7450.994,2.072,2019-08-21
10,hru10,0.0,0.0,0.723,0.0,0.0,0.0,0.0,0.0,7443.667,2.072,2019-08-21
11,hru11,0.0,0.0,0.727,0.0,0.0,0.0,0.0,0.0,3689.07,2.315,2019-08-21
12,hru12,0.0,0.0,0.726,0.0,0.0,0.0,0.0,0.0,9116.333,2.451,2019-08-21
13,hru13,0.0,0.0,0.728,0.0,0.0,0.0,0.0,0.0,24395.783,2.213,2019-08-21
14,hru14,0.0,0.0,0.726,0.0,0.0,0.0,0.0,0.0,9119.092,2.451,2019-08-21
15,hru15,0.0,0.0,0.731,0.0,0.0,0.0,0.0,0.0,24052.635,2.535,2019-08-21
16,hru16,0.0,0.0,0.725,0.0,0.0,0.0,0.0,0.0,14667.101,2.57,2019-08-21
17,hru17,0.0,0.0,0.729,0.0,0.0,0.0,0.0,0.0,19794.979,2.041,2019-08-21
18,hru18,0.0,0.0,0.731,0.0,0.0,0.0,0.0,0.0,14518.882,2.483,2019-08-21
19,hru19,0.0,0.0,0.735,0.0,0.0,0.0,0.0,0.0,20817.547,2.231,2019-08-21
20,hru20,0.0,0.0,0.732,0.0,0.0,0.0,0.0,0.0,23921.711,2.22,2019-08-21
21,hru21,0.0,0.0,0.731,0.0,0.0,0.0,0.0,0.0,19585.342,2.541,2019-08-21
22,hru22,0.0,0.0,0.731,0.0,0.0,0.0,0.0,0.0,14538.739,2.483,2019-08-21
23,hru23,0.0,0.0,0.731,0.0,0.0,0.0,0.0,0.0,17951.936,2.458,2019-08-21
24,hru24,0.0,0.0,0.731,0.0,0.0,0.0,0.0,0.0,23807.016,2.454,2019-08-21
25,hru25,0.0,0.0,0.732,0.0,0.0,0.0,0.0,0.0,0.0,0.0,2019-08-21
26,hru26,0.0,0.0,0.732,0.0,0.0,0.0,0.0,0.0,24275.854,1.992,2019-08-21
27,hru27,0.0,0.0,0.726,0.0,0.0,0.0,0.0,0.0,24399.84,2.373,2019-08-21
28,hru28,0.0,0.0,0.727,0.948,0.0,0.0,0.0,0.513,763.201,0.715,2019-08-21
29,hru29,0.0,0.0,0.726,0.0,0.0,0.0,0.0,0.0,3869.858,2.441,2019-08-21
30,hru30,0.0,0.0,0.725,0.0,0.0,0.0,0.0,0.0,3682.459,2.499,2019-08-21
31,hru31,0.0,0.0,0.72,0.0,0.0,0.0,0.0,0.0,1171.299,2.111,2019-08-21
32,hru32,0.0,0.0,0.728,0.0,0.0,0.0,0.0,0.0,8485.514,2.213,2019-08-21
33,hru33,0.0,0.0,0.724,0.0,0.0,0.0,0.0,0.0,2712.709,2.516,2019-08-21
34,hru34,0.0,0.0,0.724,0.0,0.0,0.0,0.0,0.0,2736.77,2.516,2019-08-21
35,hru35,0.0,0.0,0.72,0.0,0.0,0.0,0.0,0.0,1575.134,2.018,2019-08-21
36,hru36,0.0,0.0,0.724,0.0,0.0,0.0,0.0,0.0,2705.425,2.516,2019-08-21
1,hru01,0.0,0.0,0.725,0.0,0.0,0.0,0.0,0.0,1167.853,2.111,2019-08-22
2,hru02,0.0,0.0,0.729,0.0,0.0,0.0,0.0,0.0,18641.459,2.522,2019-08-22
3,hru03,0.0,0.0,0.719,0.0,0.0,0.0,0.0,0.0,599.427,0.093,2019-08-22
4,hru04,0.0,0.0,0.722,0.0,0.0,0.0,0.0,0.0,563.623,0.027,2019-08-22
5,hru05,0.0,0.0,0.727,0.0,0.0,0.0,0.0,0.0,3413.663,2.521,2019-08-22
6,hru06,0.0,0.0,0.727,0.0,0.0,0.0,0.0,0.0,3410.293,2.521,2019-08-22
7,hru07,0.0,0.0,0.732,0.0,0.0,0.0,0.0,0.0,9211.216,2.29,2019-08-22
8,hru08,0.0,0.0,0.719,0.0,0.0,0.0,0.0,0.0,1630.022,2.404,2019-08-22
9,hru09,0.0,0.0,0.728,0.0,0.0,0.0,0.0,0.0,7450.994,2.072,2019-08-22
10,hru10,0.0,0.0,0.728,0.0,0.0,0.0,0.0,0.0,7443.667,2.072,2019-08-22
11,hru11,0.0,0.0,0.732,0.0,0.0,0.0,0.0,0.0,3689.07,2.315,2019-08-22
12,hru12,0.0,0.0,0.731,0.0,0.0,0.0,0.0,0.0,9116.333,2.451,2019-08-22
13,hru13,0.0,0.0,0.733,0.0,0.0,0.0,0.0,0.0,24395.783,2.213,2019-08-22
14,hru14,0.0,0.0,0.731,0.0,0.0,0.0,0.0,0.0,9119.092,2.451,2019-08-22
15,hru15,0.0,0.0,0.736,0.0,0.0,0.0,0.0,0.0,24052.635,2.535,2019-08-22
16,hru16,0.0,0.0,0.73,0.0,0.0,0.0,0.0,0.0,14667.101,2.57,2019-08-22
17,hru17,0.0,0.0,0.735,0.0,0.0,0.0,0.0,0.0,19794.979,2.041,2019-08-22
18,hru18,0.0,0.0,0.736,0.0,0.0,0.0,0.0,0.0,14518.882,2.483,2019-08-22
19,hru19,0.0,0.0,0.74,0.0,0.0,0.0,0.0,0.0,20817.547,2.231,2019-08-22
20,hru20,0.0,0.0,0.737,0.0,0.0,0.0,0.0,0.0,23921.711,2.22,2019-08-22
21,hru21,0.0,0.0,0.736,0.0,0.0,0.0,0.0,0.0,19585.342,2.541,2019-08-22
22,hru22,0.0,0.0,0.736,0.0,0.0,0.0,0.0,0.0,14538.739,2.483,2019-08-22
23,hru23,0.0,0.0,0.736,0.0,0.0,0.0,0.0,0.0,17951.936,2.458,2019-08-22
24,hru24,0.0,0.0,0.736,0.0,0.0,0.0,0.0,0.0,23807.016,2.454,2019-08-22
25,hru25,0.0,0.0,0.737,0.0,0.0,0.0,0.0,0.0,0.0,0.0,2019-08-22
26,hru26,0.0,0.0,0.737,0.0,0.0,0.0,0.0,0.0,24275.854,1.992,2019-08-22
27,hru27,0.0,0.0,0.731,0.0,0.0,0.0,0.0,0.0,24399.84,2.373,2019-08-22
28,hru28,0.0,0.0,0.732,0.944,0.0,0.0,0.0,0.436,768.129,0.657,2019-08-22
29,hru29,0.0,0.0,0.731,0.0,0.0,0.0,0.0,0.0,3869.858,2.441,2019-08-22
30,hru30,0.0,0.0,0.73,0.0,0.0,0.0,0.0,0.0,3682.459,2.499,2019-08-22
31,hru31,0.0,0.0,0.725,0.0,0.0,0.0,0.0,0.0,1171.299,2.111,2019-08-22
32,hru32,0.0,0.0,0.733,0.0,0.0,0.0,0.0,0.0,8485.514,2.213,2019-08-22
33,hru33,0.0,0.0,0.729,0.0,0.0,0.0,0.0,0.0,2712.709,2.516,2019-08-22
34,hru34,0.0,0.0,0.729,0.0,0.0,0.0,0.0,0.0,2736.77,2.516,2019-08-22
35,hru35,0.0,0.0,0.725,0.0,0.0,0.0,0.0,0.0,1575.134,2.018,2019-08-22
36,hru36,0.0,0.0,0.729,0.0,0.0,0.0,0.0,0.0,2705.425,2.516,2019-08-22
1,hru01,0.0,0.0,0.73,0.0,0.0,0.0,0.0,0.0,1167.853,2.111,2019-08-23
2,hru02,0.0,0.0,0.734,0.0,0.0,0.0,0.0,0.0,18641.459,2.522,2019-08-23
3,hru03,0.0,0.0,0.724,0.0,0.0,0.0,0.0,0.0,599.427,0.093,2019-08-23
4,hru04,0.0,0.0,0.728,0.0,0.0,0.0,0.0,0.0,563.623,0.027,2019-08-23
5,hru05,0.0,0.0,0.732,0.0,0.0,0.0,0.0,0.0,3413.663,2.521,2019-08-23
6,hru06,0.0,0.0,0.732,0.0,0.0,0.0,0.0,0.0,3410.293,2.521,2019-08-23
7,hru07,0.0,0.0,0.737,0.0,0.0,0.0,0.0,0.0,9211.216,2.29,2019-08-23
8,hru08,0.0,0.0,0.724,0.0,0.0,0.0,0.0,0.0,1630.022,2.404,2019-08-23
9,hru09,0.0,0.0,0.733,0.0,0.0,0.0,0.0,0.0,7450.994,2.072,2019-08-23
10,hru10,0.0,0.0,0.733,0.0,0.0,0.0,0.0,0.0,7443.667,2.072,2019-08-23
11,hru11,0.0,0.0,0.737,0.0,0.0,0.0,0.0,0.0,3689.07,2.315,2019-08-23
12,hru12,0.0,0.0,0.736,0.0,0.0,0.0,0.0,0.0,9116.333,2.451,2019-08-23
13,hru13,0.0,0.0,0.739,0.0,0.0,0.0,0.0,0.0,24395.783,2.213,2019-08-23
14,hru14,0.0,0.0,0.736,0.0,0.0,0.0,0.0,0.0,9119.092,2.451,2019-08-23
15,hru15,0.0,0.0,0.741,0.0,0.0,0.0,0.0,0.0,24052.635,2.535,2019-08-23
16,hru16,0.0,0.0,0.735,0.0,0.0,0.0,0.0,0.0,14667.101,2.57,2019-08-23
17,hru17,0.0,0.0,0.74,0.0,0.0,0.0,0.0,0.0,19794.979,2.041,2019-08-23
18,hru18,0.0,0.0,0.742,0.0,0.0,0.0,0.0,0.0,14518.882,2.483,2019-08-23
19,hru19,0.0,0.0,0.745,0.0,0.0,0.0,0.0,0.0,20817.547,2.231,2019-08-23
20,hru20,0.0,0.0,0.743,0.0,0.0,0.0,0.0,0.0,23921.711,2.22,2019-08-23
21,hru21,0.0,0.0,0.741,0.0,0.0,0.0,0.0,0.0,19585.342,2.541,2019-08-23
22,hru22,0.0,0.0,0.742,0.0,0.0,0.0,0.0,0.0,14538.739,2.483,2019-08-23
23,hru23,0.0,0.0,0.742,0.0,0.0,0.0,0.0,0.0,17951.936,2.458,2019-08-23
24,hru24,0.0,0.0,0.742,0.0,0.0,0.0,0.0,0.0,23807.016,2.454,2019-08-23
25,hru25,0.0,0.0,0.743,0.0,0.0,0.0,0.0,0.0,0.0,0.0,2019-08-23
26,hru26,0.0,0.0,0.743,0.0,0.0,0.0,0.0,0.0,24275.854,1.992,2019-08-23
27,hru27,0.0,0.0,0.736,0.0,0.0,0.0,0.0,0.0,24399.84,2.373,2019-08-23
28,hru28,0.0,0.0,0.737,0.94,0.0,0.0,0.0,0.392,775.895,0.59,2019-08-23
29,hru29,0.0,0.0,0.736,0.0,0.0,0.0,0.0,0.0,3869.858,2.441,2019-08-23
30,hru30,0.0,0.0,0.735,0.0,0.0,0.0,0.0,0.0,3682.459,2.499,2019-08-23
31,hru31,0.0,0.0,0.73,0.0,0.0,0.0,0.0,0.0,1171.299,2.111,2019-08-23
32,hru32,0.0,0.0,0.739,0.0,0.0,0.0,0.0,0.0,8485.514,2.213,2019-08-23
33,hru33,0.0,0.0,0.735,0.0,0.0,0.0,0.0,0.0,2712.709,2.516,2019-08-23
34,hru34,0.0,0.0,0.735,0.0,0.0,0.0,0.0,0.0,2736.77,2.516,2019-08-23
35,hru35,0.0,0.0,0.73,0.0,0.0,0.0,0.0,0.0,1575.134,2.018,2019-08-23
36,hru36,0.0,0.0,0.735,0.0,0.0,0.0,0.0,0.0,2705.425,2.516,2019-08-23
1,hru01,0.0,0.0,0.735,0.0,0.0,0.0,0.0,0.0,1167.853,2.111,2019-08-24
2,hru02,0.0,0.0,0.739,0.0,0.0,0.0,0.0,0.0,18641.459,2.522,2019-08-24
3,hru03,0.0,0.0,0.729,0.0,0.0,0.0,0.0,0.0,599.427,0.093,2019-08-24
4,hru04,0.0,0.0,0.733,0.0,228.524,0.0,0.0,0.0,0.0,0.0,2019-08-24
5,hru05,0.0,0.0,0.737,0.0,0.0,0.0,0.0,0.0,3413.663,2.521,2019-08-24
6,hru06,0.0,0.0,0.737,0.0,0.0,0.0,0.0,0.0,3410.293,2.521,2019-08-24
7,hru07,0.0,0.0,0.742,0.0,0.0,0.0,0.0,0.0,9211.216,2.29,2019-08-24
8,hru08,0.0,0.0,0.729,0.0,0.0,0.0,0.0,0.0,1630.022,2.404,2019-08-24
9,hru09,0.0,0.0,0.738,0.0,0.0,0.0,0.0,0.0,7450.994,2.072,2019-08-24
10,hru10,0.0,0.0,0.738,0.0,0.0,0.0,0.0,0.0,7443.667,2.072,2019-08-24
11,hru11,0.0,0.0,0.742,0.0,0.0,0.0,0.0,0.0,3689.07,2.315,2019-08-24
12,hru12,0.0,0.0,0.741,0.0,0.0,0.0,0.0,0.0,9116.333,2.451,2019-08-24
13,hru13,0.0,0.0,0.744,0.0,0.0,0.0,0.0,0.0,24395.783,2.213,2019-08-24
14,hru14,0.0,0.0,0.741,0.0,0.0,0.0,0.0,0.0,9119.092,2.451,2019-08-24
15,hru15,0.0,0.0,0.746,0.0,0.0,0.0,0.0,0.0,24052.635,2.535,2019-08-24
16,hru16,0.0,0.0,0.74,0.0,0.0,0.0,0.0,0.0,14667.101,2.57,2019-08-24
17,hru17,0.0,0.0,0.745,0.0,0.0,0.0,0.0,0.0,19794.979,2.041,2019-08-24
18,hru18,0.0,0.0,0.747,0.0,0.0,0.0,0.0,0.0,14518.882,2.483,2019-08-24
19,hru19,0.0,0.0,0.75,0.0,0.0,0.0,0.0,0.0,20817.547,2.231,2019-08-24
20,hru20,0.0,0.0,0.748,0.0,0.0,0.0,0.0,0.0,23921.711,2.22,2019-08-24
21,hru21,0.0,0.0,0.746,0.0,0.0,0.0,0.0,0.0,19585.342,2.541,2019-08-24
22,hru22,0.0,0.0,0.747,0.0,0.0,0.0,0.0,0.0,14538.739,2.483,2019-08-24
23,hru23,0.0,0.0,0.747,0.0,0.0,0.0,0.0,0.0,17951.936,2.458,2019-08-24
24,hru24,0.0,0.0,0.747,0.0,0.0,0.0,0.0,0.0,23807.016,2.454,2019-08-24
25,hru25,0.0,0.0,0.748,0.0,0.0,0.0,0.0,0.0,0.0,0.0,2019-08-24
26,hru26,0.0,0.0,0.748,0.0,0.0,0.0,0.0,0.0,24275.854,1.992,2019-08-24
27,hru27,0.0,0.0,0.741,0.0,0.0,0.0,0.0,0.0,24399.84,2.373,2019-08-24
28,hru28,0.0,0.0,0.742,0.934,0.0,0.0,0.0,0.443,783.648,0.516,2019-08-24
29,hru29,0.0,0.0,0.741,0.0,0.0,0.0,0.0,0.0,3869.858,2.441,2019-08-24
30,hru30,0.0,0.0,0.74,0.0,0.0,0.0,0.0,0.0,3682.459,2.499,2019-08-24
31,hru31,0.0,0.0,0.735,0.0,0.0,0.0,0.0,0.0,1171.299,2.111,2019-08-24
32,hru32,0.0,0.0,0.744,0.0,0.0,0.0,0.0,0.0,8485.514,2.213,2019-08-24
33,hru33,0.0,0.0,0.74,0.0,0.0,0.0,0.0,0.0,2712.709,2.516,2019-08-24
34,hru34,0.0,0.0,0.74,0.0,0.0,0.0,0.0,0.0,2736.77,2.516,2019-08-24
35,hru35,0.0,0.0,0.735,0.0,0.0,0.0,0.0,0.0,1575.134,2.018,2019-08-24
36,hru36,0.0,0.0,0.74,0.0,0.0,0.0,0.0,0.0,2705.425,2.516,2019-08-24
1,hru01,0.0,0.0,0.74,0.0,0.0,0.0,0.0,0.0,1167.853,2.111,2019-08-25
2,hru02,0.0,0.0,0.744,0.0,0.0,0.0,0.0,0.0,18641.459,2.522,2019-08-25
3,hru03,0.0,0.0,0.734,0.0,0.0,0.0,0.0,0.0,599.427,0.093,2019-08-25
4,hru04,0.0,0.0,0.738,0.0,0.0,0.0,0.0,0.0,0.0,0.0,2019-08-25
5,hru05,0.0,0.0,0.742,0.0,0.0,0.0,0.0,0.0,3413.663,2.521,2019-08-25
6,hru06,0.0,0.0,0.742,0.0,0.0,0.0,0.0,0.0,3410.293,2.521,2019-08-25
7,hru07,0.0,0.0,0.748,0.0,0.0,0.0,0.0,0.0,9211.216,2.29,2019-08-25
8,hru08,0.0,0.0,0.734,0.0,0.0,0.0,0.0,0.0,1630.022,2.404,2019-08-25
9,hru09,0.0,0.0,0.743,0.0,0.0,0.0,0.0,0.0,7450.994,2.072,2019-08-25
10,hru10,0.0,0.0,0.743,0.0,0.0,0.0,0.0,0.0,7443.667,2.072,2019-08-25
11,hru11,0.0,0.0,0.748,0.0,0.0,0.0,0.0,0.0,3689.07,2.315,2019-08-25
12,hru12,0.0,0.0,0.746,0.0,0.0,0.0,0.0,0.0,9116.333,2.451,2019-08-25
13,hru13,0.0,0.0,0.749,0.0,0.0,0.0,0.0,0.0,24395.783,2.213,2019-08-25
14,hru14,0.0,0.0,0.746,0.0,0.0,0.0,0.0,0.0,9119.092,2.451,2019-08-25
15,hru15,0.0,0.0,0.751,0.0,0.0,0.0,0.0,0.0,24052.635,2.535,2019-08-25
16,hru16,0.0,0.0,0.746,0.0,0.0,0.0,0.0,0.0,14667.101,2.57,2019-08-25
17,hru17,0.0,0.0,0.75,0.0,0.0,0.0,0.0,0.0,19794.979,2.041,2019-08-25
18,hru18,0.0,0.0,0.752,0.0,0.0,0.0,0.0,0.0,14518.882,2.483,2019-08-25
19,hru19,0.0,0.0,0.756,0.0,0.0,0.0,0.0,0.0,20817.547,2.231,2019-08-25
20,hru20,0.0,0.0,0.753,0.0,0.0,0.0,0.0,0.0,23921.711,2.22,2019-08-25
21,hru21,0.0,0.0,0.751,0.0,0.0,0.0,0.0,0.0,19585.342,2.541,2019-08-25
22,hru22,0.0,0.0,0.752,0.0,0.0,0.0,0.0,0.0,14538.739,2.483,2019-08-25
23,hru23,0.0,0.0,0.752,0.0,0.0,0.0,0.0,0.0,17951.936,2.458,2019-08-25
24,hru24,0.0,0.0,0.752,0.0,0.0,0.0,0.0,0.0,23807.016,2.454,2019-08-25
25,hru25,0.0,0.0,0.753,0.0,0.0,0.0,0.0,0.0,0.0,0.0,2019-08-25
26,hru26,0.0,0.0,0.753,0.0,0.0,0.0,0.0,0.0,24275.854,1.992,2019-08-25
27,hru27,0.0,0.0,0.746,0.0,0.0,0.0,0.0,0.0,24399.84,2.373,2019-08-25
28,hru28,0.0,0.0,0.748,0.93,0.0,0.0,0.0,0.45,790.766,0.449,2019-08-25
29,hru29,0.0,0.0,0.746,0.0,0.0,0.0,0.0,0.0,3869.858,2.441,2019-08-25
30,hru30,0.0,0.0,0.746,0.0,0.0,0.0,0.0,0.0,3682.459,2.499,2019-08-25
31,hru31,0.0,0.0,0.74,0.0,0.0,0.0,0.0,0.0,1171.299,2.111,2019-08-25
32,hru32,0.0,0.0,0.749,0.0,0.0,0.0,0.0,0.0,8485.514,2.213,2019-08-25
33,hru33,0.0,0.0,0.745,0.0,0.0,0.0,0.0,0.0,2712.709,2.516,2019-08-25
34,hru34,0.0,0.0,0.745,0.0,0.0,0.0,0.0,0.0,2736.77,2.516,2019-08-25
35,hru35,0.0,0.0,0.74,0.0,0.0,0.0,0.0,0.0,1575.134,2.018,2019-08-25
36,hru36,0.0,0.0,0.745,0.0,0.0,0.0,0.0,0.0,2705.425,2.516,2019-08-25
1,hru01,0.0,0.0,0.745,0.0,0.0,0.0,0.0,0.0,1167.853,2.111,2019-08-26
2,hru02,0.0,0.0,0.749,0.0,0.0,0.0,0.0,0.0,18641.459,2.522,2019-08-26
3,hru03,0.0,0.0,0.739,0.0,242.816,0.0,0.0,0.0,0.0,0.0,2019-08-26
4,hru04,0.0,0.0,0.743,0.0,0.0,0.0,0.0,0.0,0.0,0.0,2019-08-26
5,hru05,0.0,0.0,0.747,0.0,0.0,0.0,0.0,0.0,3413.663,2.521,2019-08-26
6,hru06,0.0,0.0,0.747,0.0,0.0,0.0,0.0,0.0,3410.293,2.521,2019-08-26
7,hru07,0.0,0.0,0.753,0.0,0.0,0.0,0.0,0.0,9211.216,2.29,2019-08-26
8,hru08,0.0,0.0,0.739,0.0,0.0,0.0,0.0,0.0,1630.022,2.404,2019-08-26
9,hru09,0.0,0.0,0.748,0.0,0.0,0.0,0.0,0.0,7450.994,2.072,2019-08-26
10,hru10,0.0,0.0,0.748,0.0,0.0,0.0,0.0,0.0,7443.667,2.072,2019-08-26
11,hru11,0.0,0.0,0.753,0.0,0.0,0.0,0.0,0.0,3689.07,2.315,2019-08-26
12,hru12,0.0,0.0,0.751,0.0,0.0,0.0,0.0,0.0,9116.333,2.451,2019-08-26
13,hru13,0.0,0.0,0.754,0.0,0.0,0.0,0.0,0.0,24395.783,2.213,2019-08-26
14,hru14,0.0,0.0,0.751,0.0,0.0,0.0,0.0,0.0,9119.092,2.451,2019-08-26
15,hru15,0.0,0.0,0.756,0.0,0.0,0.0,0.0,0.0,24052.635,2.535,2019-08-26
16,hru16,0.0,0.0,0.751,0.0,0.0,0.0,0.0,0.0,14667.101,2.57,2019-08-26
17,hru17,0.0,0.0,0.755,0.0,0.0,0.0,0.0,0.0,19794.979,2.041,2019-08-26
18,hru18,0.0,0.0,0.757,0.0,0.0,0.0,0.0,0.0,14518.882,2.483,2019-08-26
19,hru19,0.0,0.0,0.761,0.0,0.0,0.0,0.0,0.0,20817.547,2.231,2019-08-26
20,hru20,0.0,0.0,0.758,0.0,0.0,0.0,0.0,0.0,23921.711,2.22,2019-08-26
21,hru21,0.0,0.0,0.756,0.0,0.0,0.0,0.0,0.0,19585.342,2.541,2019-08-26
22,hru22,0.0,0.0,0.757,0.0,0.0,0.0,0.0,0.0,14538.739,2.483,2019-08-26
23,hru23,0.0,0.0,0.757,0.0,0.0,0.0,0.0,0.0,17951.936,2.458,2019-08-26
24,hru24,0.0,0.0,0.757,0.0,0.0,0.0,0.0,0.0,23807.016,2.454,2019-08-26
25,hru25,0.0,0.0,0.758,0.0,0.0,0.0,0.0,0.0,0.0,0.0,2019-08-26
26,hru26,0.0,0.0,0.758,0.0,0.0,0.0,0.0,0.0,24275.854,1.992,2019-08-26
27,hru27,0.0,0.0,0.751,0.0,0.0,0.0,0.0,0.0,24399.84,2.373,2019-08-26
28,hru28,0.0,0.0,0.753,0.926,0.0,0.0,0.0,0.47,796.941,0.383,2019-08-26
29,hru29,0.0,0.0,0.751,0.0,0.0,0.0,0.0,0.0,3869.858,2.441,2019-08-26
30,hru30,0.0,0.0,0.751,0.0,0.0,0.0,0.0,0.0,3682.459,2.499,2019-08-26
31,hru31,0.0,0.0,0.745,0.0,0.0,0.0,0.0,0.0,1171.299,2.111,2019-08-26
32,hru32,0.0,0.0,0.754,0.0,0.0,0.0,0.0,0.0,8485.514,2.213,2019-08-26
33,hru33,0.0,0.0,0.75,0.0,0.0,0.0,0.0,0.0,2712.709,2.516,2019-08-26
34,hru34,0.0,0.0,0.75,0.0,0.0,0.0,0.0,0.0,2736.77,2.516,2019-08-26
35,hru35,0.0,0.0,0.745,0.0,0.0,0.0,0.0,0.0,1575.134,2.018,2019-08-26
36,hru36,0.0,0.0,0.75,0.0,0.0,0.0,0.0,0.0,2705.425,2.516,2019-08-26
1,hru01,0.0,0.0,0.75,0.0,0.0,0.0,0.0,0.0,1167.853,2.111,2019-08-27
2,hru02,0.0,0.0,0.754,0.0,0.0,0.0,0.0,0.0,18641.459,2.522,2019-08-27
3,hru03,0.0,0.0,0.744,0.0,0.0,0.0,0.0,0.0,0.0,0.0,2019-08-27
4,hru04,0.0,0.0,0.748,0.0,0.0,0.0,0.0,0.0,0.0,0.0,2019-08-27
5,hru05,0.0,0.0,0.752,0.0,0.0,0.0,0.0,0.0,3413.663,2.521,2019-08-27
6,hru06,0.0,0.0,0.752,0.0,0.0,0.0,0.0,0.0,3410.293,2.521,2019-08-27
7,hru07,0.0,0.0,0.758,0.0,0.0,0.0,0.0,0.0,9211.216,2.29,2019-08-27
8,hru08,0.0,0.0,0.744,0.0,0.0,0.0,0.0,0.0,1630.022,2.404,2019-08-27
9,hru09,0.0,0.0,0.753,0.0,0.0,0.0,0.0,0.0,7450.994,2.072,2019-08-27
10,hru10,0.0,0.0,0.753,0.0,0.0,0.0,0.0,0.0,7443.667,2.072,2019-08-27
11,hru11,0.0,0.0,0.758,0.0,0.0,0.0,0.0,0.0,3689.07,2.315,2019-08-27
12,hru12,0.0,0.0,0.756,0.0,0.0,0.0,0.0,0.0,9116.333,2.451,2019-08-27
13,hru13,0.0,0.0,0.759,0.0,0.0,0.0,0.0,0.0,24395.783,2.213,2019-08-27
14,hru14,0.0,0.0,0.756,0.0,0.0,0.0,0.0,0.0,9119.092,2.451,2019-08-27
15,hru15,0.0,0.0,0.761,0.0,0.0,0.0,0.0,0.0,24052.635,2.535,2019-08-27
16,hru16,0.0,0.0,0.756,0.0,0.0,0.0,0.0,0.0,14667.101,2.57,2019-08-27
17,hru17,0.0,0.0,0.76,0.0,0.0,0.0,0.0,0.0,19794.979,2.041,2019-08-27
18,hru18,0.0,0.0,0.762,0.0,0.0,0.0,0.0,0.0,14518.882,2.483,2019-08-27
19,hru19,0.0,0.0,0.766,0.0,10351.36,0.0,0.0,0.0,0.0,0.0,2019-08-27
20,hru20,0.0,0.0,0.763,0.0,0.0,0.0,0.0,0.0,23921.711,2.22,2019-08-27
21,hru21,0.0,0.0,0.761,0.0,0.0,0.0,0.0,0.0,19585.342,2.541,2019-08-27
22,hru22,0.0,0.0,0.762,0.0,0.0,0.0,0.0,0.0,14538.739,2.483,2019-08-27
23,hru23,0.0,0.0,0.762,0.0,0.0,0.0,0.0,0.0,17951.936,2.458,2019-08-27
24,hru24,0.0,0.0,0.762,0.0,0.0,0.0,0.0,0.0,23807.016,2.454,2019-08-27
25,hru25,0.0,0.0,0.763,0.0,0.0,0.0,0.0,0.0,0.0,0.0,2019-08-27
26,hru26,0.0,0.0,0.763,0.0,11351.394,0.0,0.0,0.0,0.0,0.0,2019-08-27
27,hru27,0.0,0.0,0.756,0.0,0.0,0.0,0.0,0.0,24399.84,2.373,2019-08-27
28,hru28,0.0,0.0,0.758,0.919,0.0,0.0,0.0,0.492,801.31,0.32,2019-08-27
29,hru29,0.0,0.0,0.756,0.0,0.0,0.0,0.0,0.0,3869.858,2.441,2019-08-27
30,hru30,0.0,0.0,0.755,0.0,0.0,0.0,0.0,0.0,3682.459,2.499,2019-08-27
31,hru31,0.0,0.0,0.75,0.0,0.0,0.0,0.0,0.0,1171.299,2.111,2019-08-27
32,hru32,0.0,0.0,0.759,0.0,0.0,0.0,0.0,0.0,8485.514,2.213,2019-08-27
33,hru33,0.0,0.0,0.755,0.0,0.0,0.0,0.0,0.0,2712.709,2.516,2019-08-27
34,hru34,0.0,0.0,0.755,0.0,0.0,0.0,0.0,0.0,2736.77,2.516,2019-08-27
35,hru35,0.0,0.0,0.75,0.0,0.0,0.0,0.0,0.0,1575.134,2.018,2019-08-27
36,hru36,0.0,0.0,0.755,0.0,0.0,0.0,0.0,0.0,2705.425,2.516,2019-08-27
1,hru01,0.0,0.0,0.755,0.0,0.0,0.0,0.0,0.0,1167.853,2.111,2019-08-28
2,hru02,0.0,0.0,0.759,0.0,0.0,0.0,0.0,0.0,18641.459,2.522,2019-08-28
3,hru03,0.0,0.0,0.749,0.0,0.0,0.0,0.0,0.0,0.0,0.0,2019-08-28
4,hru04,0.0,0.0,0.753,0.0,0.0,0.0,0.0,0.0,0.0,0.0,2019-08-28
5,hru05,0.0,0.0,0.757,0.0,0.0,0.0,0.0,0.0,3413.663,2.521,2019-08-28
6,hru06,0.0,0.0,0.757,0.0,0.0,0.0,0.0,0.0,3410.293,2.521,2019-08-28
7,hru07,0.0,0.0,0.763,0.0,0.0,0.0,0.0,0.0,9211.216,2.29,2019-08-28
8,hru08,0.0,0.0,0.749,0.0,0.0,0.0,0.0,0.0,1630.022,2.404,2019-08-28
9,hru09,0.0,0.0,0.759,0.0,0.0,0.0,0.0,0.0,7450.994,2.072,2019-08-28
10,hru10,0.0,0.0,0.759,0.0,0.0,0.0,0.0,0.0,7443.667,2.072,2019-08-28
11,hru11,0.0,0.0,0.763,0.0,0.0,0.0,0.0,0.0,3689.07,2.315,2019-08-28
12,hru12,0.0,0.0,0.761,0.0,0.0,0.0,0.0,0.0,9116.333,2.451,2019-08-28
13,hru13,0.0,0.0,0.764,0.0,0.0,0.0,0.0,0.0,24395.783,2.213,2019-08-28
14,hru14,0.0,0.0,0.761,0.0,0.0,0.0,0.0,0.0,9119.092,2.451,2019-08-28
15,hru15,0.0,0.0,0.767,0.0,11160.446,0.0,0.0,0.0,0.0,0.0,2019-08-28
16,hru16,0.0,0.0,0.761,0.0,0.0,0.0,0.0,0.0,14667.101,2.57,2019-08-28
17,hru17,0.0,0.0,0.765,0.0,0.0,0.0,0.0,0.0,19794.979,2.041,2019-08-28
18,hru18,0.0,0.0,0.767,0.0,7341.308,0.0,0.0,0.0,0.0,0.0,2019-08-28
19,hru19,0.0,0.0,0.771,0.0,0.0,0.0,0.0,0.0,0.0,0.0,2019-08-28
20,hru20,0.0,0.0,0.768,0.0,10972.243,0.0,0.0,0.0,0.0,0.0,2019-08-28
21,hru21,0.0,0.0,0.767,0.0,9894.896,0.0,0.0,0.0,0.0,0.0,2019-08-28
22,hru22,0.0,0.0,0.767,0.0,7351.349,0.0,0.0,0.0,0.0,0.0,2019-08-28
23,hru23,0.0,0.0,0.767,0.0,9077.407,0.0,0.0,0.0,0.0,0.0,2019-08-28
24,hru24,0.0,0.0,0.767,0.0,11029.295,0.0,0.0,0.0,0.0,0.0,2019-08-28
25,hru25,0.0,0.0,0.768,0.0,0.0,0.0,0.0,0.0,0.0,0.0,2019-08-28
26,hru26,0.0,0.0,0.768,0.0,0.0,0.0,0.0,0.0,0.0,0.0,2019-08-28
27,hru27,0.0,0.0,0.762,0.0,0.0,0.0,0.0,0.0,24399.84,2.373,2019-08-28
28,hru28,0.0,0.0,0.763,0.912,0.0,0.0,0.0,0.47,807.744,0.26,2019-08-28
29,hru29,0.0,0.0,0.761,0.0,0.0,0.0,0.0,0.0,3869.858,2.441,2019-08-28
30,hru30,0.0,0.0,0.76,0.0,0.0,0.0,0.0,0.0,3682.459,2.499,2019-08-28
31,hru31,0.0,0.0,0.755,0.0,0.0,0.0,0.0,0.0,1171.299,2.111,2019-08-28
32,hru32,0.0,0.0,0.764,0.0,0.0,0.0,0.0,0.0,8485.514,2.213,2019-08-28
33,hru33,0.0,0.0,0.76,0.0,0.0,0.0,0.0,0.0,2712.709,2.516,2019-08-28
34,hru34,0.0,0.0,0.76,0.0,0.0,0.0,0.0,0.0,2736.77,2.516,2019-08-28
35,hru35,0.0,0.0,0.755,0.0,0.0,0.0,0.0,0.0,1575.134,2.018,2019-08-28
36,hru36,0.0,0.0,0.76,0.0,0.0,0.0,0.0,0.0,2705.425,2.516,2019-08-28
1,hru01,0.0,0.0,0.76,0.0,0.0,0.0,0.0,0.0,1167.853,2.111,2019-08-29
2,hru02,0.0,0.0,0.765,0.0,0.0,0.0,0.0,0.0,18641.459,2.522,2019-08-29
3,hru03,0.0,0.0,0.754,0.0,0.0,0.0,0.0,0.0,0.0,0.0,2019-08-29
4,hru04,0.0,0.0,0.758,0.0,0.0,0.0,0.0,0.0,0.0,0.0,2019-08-29
5,hru05,0.0,0.0,0.763,0.0,0.0,0.0,0.0,0.0,3413.663,2.521,2019-08-29
6,hru06,0.0,0.0,0.763,0.0,0.0,0.0,0.0,0.0,3410.293,2.521,2019-08-29
7,hru07,0.0,0.0,0.768,0.0,4663.302,0.0,0.0,0.0,0.0,0.0,2019-08-29
8,hru08,0.0,0.0,0.754,0.0,0.0,0.0,0.0,0.0,1630.022,2.404,2019-08-29
9,hru09,0.0,0.0,0.764,0.0,0.0,0.0,0.0,0.0,7450.994,2.072,2019-08-29
10,hru10,0.0,0.0,0.764,0.0,0.0,0.0,0.0,0.0,7443.667,2.072,2019-08-29
11,hru11,0.0,0.0,0.768,0.0,1867.417,0.0,0.0,0.0,0.0,0.0,2019-08-29
12,hru12,0.0,0.0,0.767,0.0,0.0,0.0,0.0,0.0,9116.333,2.451,2019-08-29
13,hru13,0.0,0.0,0.769,0.0,11507.651,0.0,0.0,0.0,0.0,0.0,2019-08-29
14,hru14,0.0,0.0,0.767,0.0,0.0,0.0,0.0,0.0,9119.092,2.451,2019-08-29
15,hru15,0.0,0.0,0.772,0.0,0.0,0.0,0.0,0.0,0.0,0.0,2019-08-29
16,hru16,0.0,0.0,0.766,0.0,0.0,0.0,0.0,0.0,14667.101,2.57,2019-08-29
17,hru17,0.0,0.0,0.771,0.0,10030.154,0.0,0.0,0.0,0.0,0.0,2019-08-29
18,hru18,0.0,0.0,0.773,0.0,0.0,0.0,0.0,0.0,0.0,0.0,2019-08-29
19,hru19,0.0,0.0,0.776,0.0,0.0,0.0,0.0,0.0,0.0,0.0,2019-08-29
20,hru20,0.0,0.0,0.773,0.0,0.0,0.0,0.0,0.0,0.0,0.0,2019-08-29
21,hru21,0.0,0.0,0.772,0.0,0.0,0.0,0.0,0.0,0.0,0.0,2019-08-29
22,hru22,0.0,0.0,0.773,0.0,0.0,0.0,0.0,0.0,0.0,0.0,2019-08-29
23,hru23,0.0,0.0,0.773,0.0,0.0,0.0,0.0,0.0,0.0,0.0,2019-08-29
24,hru24,0.0,0.0,0.772,0.0,0.0,0.0,0.0,0.0,0.0,0.0,2019-08-29
25,hru25,0.0,0.0,0.773,0.0,0.0,0.0,0.0,0.0,0.0,0.0,2019-08-29
26,hru26,0.0,0.0,0.773,0.0,0.0,0.0,0.0,0.0,0.0,0.0,2019-08-29
27,hru27,0.0,0.0,0.767,0.0,11567.018,0.0,0.0,0.0,0.0,0.0,2019-08-29
28,hru28,0.0,0.0,0.768,0.906,0.0,0.0,0.0,0.392,813.699,0.197,2019-08-29
29,hru29,0.0,0.0,0.767,0.0,0.0,0.0,0.0,0.0,3869.858,2.441,2019-08-29
30,hru30,0.0,0.0,0.766,0.0,0.0,0.0,0.0,0.0,3682.459,2.499,2019-08-29
31,hru31,0.0,0.0,0.76,0.0,0.0,0.0,0.0,0.0,1171.299,2.111,2019-08-29
32,hru32,0.0,0.0,0.769,0.0,4297.383,0.0,0.0,0.0,0.0,0.0,2019-08-29
33,hru33,0.0,0.0,0.765,0.0,0.0,0.0,0.0,0.0,2712.709,2.516,2019-08-29
34,hru34,0.0,0.0,0.765,0.0,0.0,0.0,0.0,0.0,2736.77,2.516,2019-08-29
35,hru35,0.0,0.0,0.76,0.0,0.0,0.0,0.0,0.0,1575.134,2.018,2019-08-29
36,hru36,0.0,0.0,0.765,0.0,0.0,0.0,0.0,0.0,2705.425,2.516,2019-08-29
1,hru01,0.0,0.0,0.765,0.0,0.0,0.0,0.0,0.0,1167.853,2.111,2019-08-30
2,hru02,0.0,0.0,0.769,0.0,9420.254,0.0,0.0,0.0,0.0,0.0,2019-08-30
3,hru03,0.0,0.0,0.759,0.0,0.0,0.0,0.0,0.0,0.0,0.0,2019-08-30
4,hru04,0.0,0.0,0.763,0.0,0.0,0.0,0.0,0.0,0.0,0.0,2019-08-30
5,hru05,0.0,0.0,0.767,0.0,0.0,0.0,0.0,0.0,3413.663,2.521,2019-08-30
6,hru06,0.0,0.0,0.767,0.0,0.0,0.0,0.0,0.0,3410.293,2.521,2019-08-30
7,hru07,0.0,0.0,0.773,0.0,0.0,0.0,0.0,0.0,0.0,0.0,2019-08-30
8,hru08,0.0,0.0,0.759,0.0,0.0,0.0,0.0,0.0,1630.022,2.404,2019-08-30
9,hru09,0.0,0.0,0.769,0.0,3774.508,0.0,0.0,0.0,0.0,0.0,2019-08-30
10,hru10,0.0,0.0,0.769,0.0,3770.797,0.0,0.0,0.0,0.0,0.0,2019-08-30
11,hru11,0.0,0.0,0.773,0.0,0.0,0.0,0.0,0.0,0.0,0.0,2019-08-30
12,hru12,0.0,0.0,0.772,0.0,4610.312,0.0,0.0,0.0,0.0,0.0,2019-08-30
13,hru13,0.0,0.0,0.774,0.0,0.0,0.0,0.0,0.0,0.0,0.0,2019-08-30
14,hru14,0.0,0.0,0.772,0.0,4611.707,0.0,0.0,0.0,0.0,0.0,2019-08-30
15,hru15,0.0,0.0,0.777,0.0,0.0,0.0,0.0,0.0,0.0,0.0,2019-08-30
16,hru16,0.0,0.0,0.771,0.0,7407.981,0.0,0.0,0.0,0.0,0.0,2019-08-30
17,hru17,0.0,0.0,0.776,0.0,0.0,0.0,0.0,0.0,0.0,0.0,2019-08-30
18,hru18,0.0,0.0,0.777,0.0,0.0,0.0,0.0,0.0,0.0,0.0,2019-08-30
19,hru19,0.0,0.0,0.781,0.0,0.0,0.0,0.0,0.0,0.0,0.0,2019-08-30
20,hru20,0.0,0.0,0.778,0.0,0.0,0.0,0.0,0.0,0.0,0.0,2019-08-30
21,hru21,0.0,0.0,0.777,0.0,0.0,0.0,0.0,0.0,0.0,0.0,2019-08-30
22,hru22,0.0,0.0,0.777,0.0,0.0,0.0,0.0,0.0,0.0,0.0,2019-08-30
23,hru23,0.0,0.0,0.777,0.0,0.0,0.0,0.0,0.0,0.0,0.0,2019-08-30
24,hru24,0.0,0.0,0.777,0.0,0.0,0.0,0.0,0.0,0.0,0.0,2019-08-30
25,hru25,0.0,0.0,0.778,0.0,0.0,0.0,0.0,0.0,0.0,0.0,2019-08-30
26,hru26,0.0,0.0,0.778,0.0,0.0,0.0,0.0,0.0,0.0,0.0,2019-08-30
27,hru27,0.0,0.0,0.772,0.0,0.0,0.0,0.0,0.0,0.0,0.0,2019-08-30
28,hru28,0.0,0.0,0.773,0.9,0.0,0.0,0.0,0.52,818.601,0.123,2019-08-30
29,hru29,0.0,0.0,0.772,0.0,1957.183,0.0,0.0,0.0,0.0,0.0,2019-08-30
30,hru30,0.0,0.0,0.771,0.0,1861.347,0.0,0.0,0.0,0.0,0.0,2019-08-30
31,hru31,0.0,0.0,0.765,0.0,0.0,0.0,0.0,0.0,1171.299,2.111,2019-08-30
32,hru32,0.0,0.0,0.774,0.0,0.0,0.0,0.0,0.0,0.0,0.0,2019-08-30
33,hru33,0.0,0.0,0.77,0.0,1370.891,0.0,0.0,0.0,0.0,0.0,2019-08-30
34,hru34,0.0,0.0,0.77,0.0,1383.051,0.0,0.0,0.0,0.0,0.0,2019-08-30
35,hru35,0.0,0.0,0.765,0.0,0.0,0.0,0.0,0.0,1575.134,2.018,2019-08-30
36,hru36,0.0,0.0,0.77,0.0,1367.21,0.0,0.0,0.0,0.0,0.0,2019-08-30
1,hru01,0.0,0.0,0.769,0.0,0.0,0.0,0.0,0.0,1167.853,2.111,2019-08-31
2,hru02,0.0,0.0,0.774,0.0,0.0,0.0,0.0,0.0,0.0,0.0,2019-08-31
3,hru03,0.0,0.0,0.763,0.0,0.0,0.0,0.0,0.0,0.0,0.0,2019-08-31
4,hru04,0.0,0.0,0.767,0.0,0.0,0.0,0.0,0.0,0.0,0.0,2019-08-31
5,hru05,0.0,0.0,0.771,0.0,1725.2,0.0,0.0,0.0,0.0,0.0,2019-08-31
6,hru06,0.0,0.0,0.771,0.0,1723.497,0.0,0.0,0.0,0.0,0.0,2019-08-31
7,hru07,0.0,0.0,0.777,0.0,0.0,0.0,0.0,0.0,0.0,0.0,2019-08-31
8,hru08,0.0,0.0,0.763,0.0,0.0,0.0,0.0,0.0,1630.022,2.404,2019-08-31
9,hru09,0.0,0.0,0.773,0.0,0.0,0.0,0.0,0.0,0.0,0.0,2019-08-31
10,hru10,0.0,0.0,0.773,0.0,0.0,0.0,0.0,0.0,0.0,0.0,2019-08-31
11,hru11,0.0,0.0,0.777,0.0,0.0,0.0,0.0,0.0,0.0,0.0,2019-08-31
12,hru12,0.0,0.0,0.776,0.0,0.0,0.0,0.0,0.0,0.0,0.0,2019-08-31
13,hru13,0.0,0.0,0.778,0.0,0.0,0.0,0.0,0.0,0.0,0.0,2019-08-31
14,hru14,0.0,0.0,0.776,0.0,0.0,0.0,0.0,0.0,0.0,0.0,2019-08-31
15,hru15,0.0,0.0,0.781,0.0,0.0,0.0,0.0,0.0,0.0,0.0,2019-08-31
16,hru16,0.0,0.0,0.775,0.0,0.0,0.0,0.0,0.0,0.0,0.0,2019-08-31
17,hru17,0.0,0.0,0.78,0.0,0.0,0.0,0.0,0.0,0.0,0.0,2019-08-31
18,hru18,0.0,0.0,0.782,0.0,0.0,0.0,0.0,0.0,0.0,0.0,2019-08-31
19,hru19,0.0,0.0,0.785,0.0,0.0,0.0,0.0,0.0,0.0,0.0,2019-08-31
20,hru20,0.0,0.0,0.783,0.0,0.0,0.0,0.0,0.0,0.0,0.0,2019-08-31
21,hru21,0.0,0.0,0.781,0.0,0.0,0.0,0.0,0.0,0.0,0.0,2019-08-31
22,hru22,0.0,0.0,0.782,0.0,0.0,0.0,0.0,0.0,0.0,0.0,2019-08-31
23,hru23,0.0,0.0,0.782,0.0,0.0,0.0,0.0,0.0,0.0,0.0,2019-08-31
24,hru24,0.0,0.0,0.781,0.0,0.0,0.0,0.0,0.0,0.0,0.0,2019-08-31
25,hru25,0.0,0.0,0.783,0.0,0.0,0.0,0.0,0.0,0.0,0.0,2019-08-31
26,hru26,0.0,0.0,0.782,0.0,0.0,0.0,0.0,0.0,0.0,0.0,2019-08-31
27,hru27,0.0,0.0,0.776,0.0,0.0,0.0,0.0,0.0,0.0,0.0,2019-08-31
28,hru28,0.0,0.0,0.777,0.897,0.0,0.0,0.0,0.703,822.43,0.067,2019-08-31
29,hru29,0.0,0.0,0.776,0.0,0.0,0.0,0.0,0.0,0.0,0.0,2019-08-31
30,hru30,0.0,0.0,0.775,0.0,0.0,0.0,0.0,0.0,0.0,0.0,2019-08-31
31,hru31,0.0,0.0,0.769,0.0,0.0,0.0,0.0,0.0,1171.299,2.111,2019-08-31
32,hru32,0.0,0.0,0.778,0.0,0.0,0.0,0.0,0.0,0.0,0.0,2019-08-31
33,hru33,0.0,0.0,0.774,0.0,0.0,0.0,0.0,0.0,0.0,0.0,2019-08-31
34,hru34,0.0,0.0,0.774,0.0,0.0,0.0,0.0,0.0,0.0,0.0,2019-08-31
35,hru35,0.0,0.0,0.769,0.0,0.0,0.0,0.0,0.0,1575.134,2.018,2019-08-31
36,hru36,0.0,0.0,0.774,0.0,0.0,0.0,0.0,0.0,0.0,0.0,2019-08-31
1,hru01,0.0,0.0,0.774,0.0,591.621,0.0,0.0,0.0,0.0,0.0,2019-09-01
2,hru02,0.0,0.0,0.779,0.0,0.0,0.0,0.0,0.0,0.0,0.0,2019-09-01
3,hru03,0.0,0.0,0.768,0.0,0.0,0.0,0.0,0.0,0.0,0.0,2019-09-01
4,hru04,0.0,0.0,0.772,0.0,0.0,0.0,0.0,0.0,0.0,0.0,2019-09-01
5,hru05,0.0,0.0,0.777,0.0,0.0,0.0,0.0,0.0,0.0,0.0,2019-09-01
6,hru06,0.0,0.0,0.777,0.0,0.0,0.0,0.0,0.0,0.0,0.0,2019-09-01
7,hru07,0.0,0.0,0.782,0.0,0.0,0.0,0.0,0.0,0.0,0.0,2019-09-01
8,hru08,0.0,0.0,0.768,0.0,0.0,0.0,0.0,0.0,1630.022,2.404,2019-09-01
9,hru09,0.0,0.0,0.778,0.0,0.0,0.0,0.0,0.0,0.0,0.0,2019-09-01
10,hru10,0.0,0.0,0.778,0.0,0.0,0.0,0.0,0.0,0.0,0.0,2019-09-01
11,hru11,0.0,0.0,0.782,0.0,0.0,0.0,0.0,0.0,0.0,0.0,2019-09-01
12,hru12,0.0,0.0,0.781,0.0,0.0,0.0,0.0,0.0,0.0,0.0,2019-09-01
13,hru13,0.0,0.0,0.784,0.0,0.0,0.0,0.0,0.0,0.0,0.0,2019-09-01
14,hru14,0.0,0.0,0.781,0.0,0.0,0.0,0.0,0.0,0.0,0.0,2019-09-01
15,hru15,0.0,0.0,0.786,0.0,0.0,0.0,0.0,0.0,0.0,0.0,2019-09-01
16,hru16,0.0,0.0,0.78,0.0,0.0,0.0,0.0,0.0,0.0,0.0,2019-09-01
17,hru17,0.0,0.0,0.785,0.0,0.0,0.0,0.0,0.0,0.0,0.0,2019-09-01
18,hru18,0.0,0.0,0.787,0.0,0.0,0.0,0.0,0.0,0.0,0.0,2019-09-01
19,hru19,0.0,0.0,0.79,0.0,0.0,0.0,0.0,0.0,0.0,0.0,2019-09-01
20,hru20,0.0,0.0,0.788,0.0,0.0,0.0,0.0,0.0,0.0,0.0,2019-09-01
21,hru21,0.0,0.0,0.786,0.0,0.0,0.0,0.0,0.0,0.0,0.0,2019-09-01
22,hru22,0.0,0.0,0.787,0.0,0.0,0.0,0.0,0.0,0.0,0.0,2019-09-01
23,hru23,0.0,0.0,0.787,0.0,0.0,0.0,0.0,0.0,0.0,0.0,2019-09-01
24,hru24,0.0,0.0,0.787,0.0,0.0,0.0,0.0,0.0,0.0,0.0,2019-09-01
25,hru25,0.0,0.0,0.788,0.0,0.0,0.0,0.0,0.0,0.0,0.0,2019-09-01
26,hru26,0.0,0.0,0.788,0.0,0.0,0.0,0.0,0.0,0.0,0.0,2019-09-01
27,hru27,0.0,0.0,0.781,0.0,0.0,0.0,0.0,0.0,0.0,0.0,2019-09-01
28,hru28,0.0,0.0,0.782,0.0,0.0,0.0,0.0,0.0,823.267,0.033,2019-09-01
29,hru29,0.0,0.0,0.781,0.0,0.0,0.0,0.0,0.0,0.0,0.0,2019-09-01
30,hru30,0.0,0.0,0.78,0.0,0.0,0.0,0.0,0.0,0.0,0.0,2019-09-01
31,hru31,0.0,0.0,0.774,0.0,593.367,0.0,0.0,0.0,0.0,0.0,2019-09-01
32,hru32,0.0,0.0,0.784,0.0,0.0,0.0,0.0,0.0,0.0,0.0,2019-09-01
33,hru33,0.0,0.0,0.779,0.0,0.0,0.0,0.0,0.0,0.0,0.0,2019-09-01
34,hru34,0.0,0.0,0.779,0.0,0.0,0.0,0.0,0.0,0.0,0.0,2019-09-01
35,hru35,0.0,0.0,0.774,0.0,798.076,0.0,0.0,0.0,0.0,0.0,2019-09-01
36,hru36,0.0,0.0,0.779,0.0,0.0,0.0,0.0,0.0,0.0,0.0,2019-09-01
1,hru01,0.0,0.0,0.781,0.0,0.0,0.0,0.0,0.0,0.0,0.0,2019-09-02
2,hru02,0.0,0.0,0.785,0.0,0.0,0.0,0.0,0.0,0.0,0.0,2019-09-02
3,hru03,0.0,0.0,0.775,0.0,0.0,0.0,0.0,0.0,0.0,0.0,2019-09-02
4,hru04,0.0,0.0,0.778,0.0,0.0,0.0,0.0,0.0,0.0,0.0,2019-09-02
5,hru05,0.0,0.0,0.783,0.0,0.0,0.0,0.0,0.0,0.0,0.0,2019-09-02
6,hru06,0.0,0.0,0.783,0.0,0.0,0.0,0.0,0.0,0.0,0.0,2019-09-02
7,hru07,0.0,0.0,0.789,0.0,0.0,0.0,0.0,0.0,0.0,0.0,2019-09-02
8,hru08,0.0,0.0,0.775,0.0,0.0,0.0,0.0,0.0,1630.022,2.404,2019-09-02
9,hru09,0.0,0.0,0.785,0.0,0.0,0.0,0.0,0.0,0.0,0.0,2019-09-02
10,hru10,0.0,0.0,0.785,0.0,0.0,0.0,0.0,0.0,0.0,0.0,2019-09-02
11,hru11,0.0,0.0,0.789,0.0,0.0,0.0,0.0,0.0,0.0,0.0,2019-09-02
12,hru12,0.0,0.0,0.787,0.0,0.0,0.0,0.0,0.0,0.0,0.0,2019-09-02
13,hru13,0.0,0.0,0.79,0.0,0.0,0.0,0.0,0.0,0.0,0.0,2019-09-02
14,hru14,0.0,0.0,0.787,0.0,0.0,0.0,0.0,0.0,0.0,0.0,2019-09-02
15,hru15,0.0,0.0,0.793,0.0,0.0,0.0,0.0,0.0,0.0,0.0,2019-09-02
16,hru16,0.0,0.0,0.787,0.0,0.0,0.0,0.0,0.0,0.0,0.0,2019-09-02
17,hru17,0.0,0.0,0.792,0.0,0.0,0.0,0.0,0.0,0.0,0.0,2019-09-02
18,hru18,0.0,0.0,0.793,0.0,0.0,0.0,0.0,0.0,0.0,0.0,2019-09-02
19,hru19,0.0,0.0,0.797,0.0,0.0,0.0,0.0,0.0,0.0,0.0,2019-09-02
20,hru20,0.0,0.0,0.794,0.0,0.0,0.0,0.0,0.0,0.0,0.0,2019-09-02
21,hru21,0.0,0.0,0.793,0.0,0.0,0.0,0.0,0.0,0.0,0.0,2019-09-02
22,hru22,0.0,0.0,0.793,0.0,0.0,0.0,0.0,0.0,0.0,0.0,2019-09-02
23,hru23,0.0,0.0,0.793,0.0,0.0,0.0,0.0,0.0,0.0,0.0,2019-09-02
24,hru24,0.0,0.0,0.793,0.0,0.0,0.0,0.0,0.0,0.0,0.0,2019-09-02
25,hru25,0.0,0.0,0.794,0.0,0.0,0.0,0.0,0.0,0.0,0.0,2019-09-02
26,hru26,0.0,0.0,0.794,0.0,0.0,0.0,0.0,0.0,0.0,0.0,2019-09-02
27,hru27,0.0,0.0,0.788,0.0,0.0,0.0,0.0,0.0,0.0,0.0,2019-09-02
28,hru28,0.0,0.0,0.789,0.0,0.0,0.0,0.0,0.0,823.267,0.033,2019-09-02
29,hru29,0.0,0.0,0.788,0.0,0.0,0.0,0.0,0.0,0.0,0.0,2019-09-02
30,hru30,0.0,0.0,0.787,0.0,0.0,0.0,0.0,0.0,0.0,0.0,2019-09-02
31,hru31,0.0,0.0,0.781,0.0,0.0,0.0,0.0,0.0,0.0,0.0,2019-09-02
32,hru32,0.0,0.0,0.79,0.0,0.0,0.0,0.0,0.0,0.0,0.0,2019-09-02
33,hru33,0.0,0.0,0.786,0.0,0.0,0.0,0.0,0.0,0.0,0.0,2019-09-02
34,hru34,0.0,0.0,0.786,0.0,0.0,0.0,0.0,0.0,0.0,0.0,2019-09-02
35,hru35,0.0,0.0,0.781,0.0,0.0,0.0,0.0,0.0,0.0,0.0,2019-09-02
36,hru36,0.0,0.0,0.786,0.0,0.0,0.0,0.0,0.0,0.0,0.0,2019-09-02
1,hru01,0.0,0.0,0.786,0.0,0.0,0.0,0.0,0.0,0.0,0.0,2019-09-03
2,hru02,0.0,0.0,0.79,0.0,0.0,0.0,0.0,0.0,0.0,0.0,2019-09-03
3,hru03,0.0,0.0,0.78,0.0,0.0,0.0,0.0,0.0,0.0,0.0,2019-09-03
4,hru04,0.0,0.0,0.784,0.0,0.0,0.0,0.0,0.0,0.0,0.0,2019-09-03
5,hru05,0.0,0.0,0.788,0.0,0.0,0.0,0.0,0.0,0.0,0.0,2019-09-03
6,hru06,0.0,0.0,0.788,0.0,0.0,0.0,0.0,0.0,0.0,0.0,2019-09-03
7,hru07,0.0,0.0,0.794,0.0,0.0,0.0,0.0,0.0,0.0,0.0,2019-09-03
8,hru08,0.0,0.0,0.78,0.0,824.742,0.0,0.0,0.0,0.0,0.0,2019-09-03
9,hru09,0.0,0.0,0.79,0.0,0.0,0.0,0.0,0.0,0.0,0.0,2019-09-03
10,hru10,0.0,0.0,0.79,0.0,0.0,0.0,0.0,0.0,0.0,0.0,2019-09-03
11,hru11,0.0,0.0,0.794,0.0,0.0,0.0,0.0,0.0,0.0,0.0,2019-09-03
12,hru12,0.0,0.0,0.793,0.0,0.0,0.0,0.0,0.0,0.0,0.0,2019-09-03
13,hru13,0.0,0.0,0.795,0.0,0.0,0.0,0.0,0.0,0.0,0.0,2019-09-03
14,hru14,0.0,0.0,0.793,0.0,0.0,0.0,0.0,0.0,0.0,0.0,2019-09-03
15,hru15,0.0,0.0,0.798,0.0,0.0,0.0,0.0,0.0,0.0,0.0,2019-09-03
16,hru16,0.0,0.0,0.792,0.0,0.0,0.0,0.0,0.0,0.0,0.0,2019-09-03
17,hru17,0.0,0.0,0.797,0.0,0.0,0.0,0.0,0.0,0.0,0.0,2019-09-03
18,hru18,0.0,0.0,0.799,0.0,0.0,0.0,0.0,0.0,0.0,0.0,2019-09-03
19,hru19,0.0,0.0,0.802,0.0,0.0,0.0,0.0,0.0,0.0,0.0,2019-09-03
20,hru20,0.0,0.0,0.799,0.0,0.0,0.0,0.0,0.0,0.0,0.0,2019-09-03
21,hru21,0.0,0.0,0.798,0.0,0.0,0.0,0.0,0.0,0.0,0.0,2019-09-03
22,hru22,0.0,0.0,0.799,0.0,0.0,0.0,0.0,0.0,0.0,0.0,2019-09-03
23,hru23,0.0,0.0,0.799,0.0,0.0,0.0,0.0,0.0,0.0,0.0,2019-09-03
24,hru24,0.0,0.0,0.798,0.0,0.0,0.0,0.0,0.0,0.0,0.0,2019-09-03
25,hru25,0.0,0.0,0.799,0.0,0.0,0.0,0.0,0.0,0.0,0.0,2019-09-03
26,hru26,0.0,0.0,0.799,0.0,0.0,0.0,0.0,0.0,0.0,0.0,2019-09-03
27,hru27,0.0,0.0,0.793,0.0,0.0,0.0,0.0,0.0,0.0,0.0,2019-09-03
28,hru28,0.0,0.0,0.794,0.0,0.0,0.0,0.0,0.0,823.267,0.033,2019-09-03
29,hru29,0.0,0.0,0.793,0.0,0.0,0.0,0.0,0.0,0.0,0.0,2019-09-03
30,hru30,0.0,0.0,0.792,0.0,0.0,0.0,0.0,0.0,0.0,0.0,2019-09-03
31,hru31,0.0,0.0,0.786,0.0,0.0,0.0,0.0,0.0,0.0,0.0,2019-09-03
32,hru32,0.0,0.0,0.795,0.0,0.0,0.0,0.0,0.0,0.0,0.0,2019-09-03
33,hru33,0.0,0.0,0.791,0.0,0.0,0.0,0.0,0.0,0.0,0.0,2019-09-03
34,hru34,0.0,0.0,0.791,0.0,0.0,0.0,0.0,0.0,0.0,0.0,2019-09-03
35,hru35,0.0,0.0,0.786,0.0,0.0,0.0,0.0,0.0,0.0,0.0,2019-09-03
36,hru36,0.0,0.0,0.791,0.0,0.0,0.0,0.0,0.0,0.0,0.0,2019-09-03
1,hru01,0.0,0.0,0.791,0.0,0.0,0.0,0.0,0.0,0.0,0.0,2019-09-04
2,hru02,0.0,0.0,0.795,0.0,0.0,0.0,0.0,0.0,0.0,0.0,2019-09-04
3,hru03,0.0,0.0,0.784,0.0,0.0,0.0,0.0,0.0,0.0,0.0,2019-09-04
4,hru04,0.0,0.0,0.788,0.0,0.0,0.0,0.0,0.0,0.0,0.0,2019-09-04
5,hru05,0.0,0.0,0.793,0.0,0.0,0.0,0.0,0.0,0.0,0.0,2019-09-04
6,hru06,0.0,0.0,0.793,0.0,0.0,0.0,0.0,0.0,0.0,0.0,2019-09-04
7,hru07,0.0,0.0,0.799,0.0,0.0,0.0,0.0,0.0,0.0,0.0,2019-09-04
8,hru08,0.0,0.0,0.784,0.0,0.0,0.0,0.0,0.0,0.0,0.0,2019-09-04
9,hru09,0.0,0.0,0.794,0.0,0.0,0.0,0.0,0.0,0.0,0.0,2019-09-04
10,hru10,0.0,0.0,0.794,0.0,0.0,0.0,0.0,0.0,0.0,0.0,2019-09-04
11,hru11,0.0,0.0,0.799,0.0,0.0,0.0,0.0,0.0,0.0,0.0,2019-09-04
12,hru12,0.0,0.0,0.797,0.0,0.0,0.0,0.0,0.0,0.0,0.0,2019-09-04
13,hru13,0.0,0.0,0.8,0.0,0.0,0.0,0.0,0.0,0.0,0.0,2019-09-04
14,hru14,0.0,0.0,0.797,0.0,0.0,0.0,0.0,0.0,0.0,0.0,2019-09-04
15,hru15,0.0,0.0,0.803,0.0,0.0,0.0,0.0,0.0,0.0,0.0,2019-09-04
16,hru16,0.0,0.0,0.797,0.0,0.0,0.0,0.0,0.0,0.0,0.0,2019-09-04
17,hru17,0.0,0.0,0.802,0.0,0.0,0.0,0.0,0.0,0.0,0.0,2019-09-04
18,hru18,0.0,0.0,0.803,0.0,0.0,0.0,0.0,0.0,0.0,0.0,2019-09-04
19,hru19,0.0,0.0,0.807,0.0,0.0,0.0,0.0,0.0,0.0,0.0,2019-09-04
20,hru20,0.0,0.0,0.804,0.0,0.0,0.0,0.0,0.0,0.0,0.0,2019-09-04
21,hru21,0.0,0.0,0.803,0.0,0.0,0.0,0.0,0.0,0.0,0.0,2019-09-04
22,hru22,0.0,0.0,0.803,0.0,0.0,0.0,0.0,0.0,0.0,0.0,2019-09-04
23,hru23,0.0,0.0,0.803,0.0,0.0,0.0,0.0,0.0,0.0,0.0,2019-09-04
24,hru24,0.0,0.0,0.803,0.0,0.0,0.0,0.0,0.0,0.0,0.0,2019-09-04
25,hru25,0.0,0.0,0.804,0.0,0.0,0.0,0.0,0.0,0.0,0.0,2019-09-04
26,hru26,0.0,0.0,0.804,0.0,0.0,0.0,0.0,0.0,0.0,0.0,2019-09-04
27,hru27,0.0,0.0,0.797,0.0,0.0,0.0,0.0,0.0,0.0,0.0,2019-09-04
28,hru28,0.0,0.0,0.799,0.0,0.0,0.0,0.0,0.0,823.267,0.033,2019-09-04
29,hru29,0.0,0.0,0.797,0.0,0.0,0.0,0.0,0.0,0.0,0.0,2019-09-04
30,hru30,0.0,0.0,0.796,0.0,0.0,0.0,0.0,0.0,0.0,0.0,2019-09-04
31,hru31,0.0,0.0,0.791,0.0,0.0,0.0,0.0,0.0,0.0,0.0,2019-09-04
32,hru32,0.0,0.0,0.8,0.0,0.0,0.0,0.0,0.0,0.0,0.0,2019-09-04
33,hru33,0.0,0.0,0.796,0.0,0.0,0.0,0.0,0.0,0.0,0.0,2019-09-04
34,hru34,0.0,0.0,0.796,0.0,0.0,0.0,0.0,0.0,0.0,0.0,2019-09-04
35,hru35,0.0,0.0,0.791,0.0,0.0,0.0,0.0,0.0,0.0,0.0,2019-09-04
36,hru36,0.0,0.0,0.796,0.0,0.0,0.0,0.0,0.0,0.0,0.0,2019-09-04
1,hru01,0.0,0.0,0.797,0.0,0.0,0.0,0.0,0.0,0.0,0.0,2019-09-05
2,hru02,0.0,0.0,0.801,0.0,0.0,0.0,0.0,0.0,0.0,0.0,2019-09-05
3,hru03,0.0,0.0,0.79,0.0,0.0,0.0,0.0,0.0,0.0,0.0,2019-09-05
4,hru04,0.0,0.0,0.794,0.0,0.0,0.0,0.0,0.0,0.0,0.0,2019-09-05
5,hru05,0.0,0.0,0.799,0.0,0.0,0.0,0.0,0.0,0.0,0.0,2019-09-05
6,hru06,0.0,0.0,0.799,0.0,0.0,0.0,0.0,0.0,0.0,0.0,2019-09-05
7,hru07,0.0,0.0,0.804,0.0,0.0,0.0,0.0,0.0,0.0,0.0,2019-09-05
8,hru08,0.0,0.0,0.79,0.0,0.0,0.0,0.0,0.0,0.0,0.0,2019-09-05
9,hru09,0.0,0.0,0.8,0.0,0.0,0.0,0.0,0.0,0.0,0.0,2019-09-05
10,hru10,0.0,0.0,0.8,0.0,0.0,0.0,0.0,0.0,0.0,0.0,2019-09-05
11,hru11,0.0,0.0,0.804,0.0,0.0,0.0,0.0,0.0,0.0,0.0,2019-09-05
12,hru12,0.0,0.0,0.803,0.0,0.0,0.0,0.0,0.0,0.0,0.0,2019-09-05
13,hru13,0.0,0.0,0.806,0.0,0.0,0.0,0.0,0.0,0.0,0.0,2019-09-05
14,hru14,0.0,0.0,0.803,0.0,0.0,0.0,0.0,0.0,0.0,0.0,2019-09-05
15,hru15,0.0,0.0,0.809,0.0,0.0,0.0,0.0,0.0,0.0,0.0,2019-09-05
16,hru16,0.0,0.0,0.803,0.0,0.0,0.0,0.0,0.0,0.0,0.0,2019-09-05
17,hru17,0.0,0.0,0.808,0.0,0.0,0.0,0.0,0.0,0.0,0.0,2019-09-05
18,hru18,0.0,0.0,0.809,0.0,0.0,0.0,0.0,0.0,0.0,0.0,2019-09-05
19,hru19,0.0,0.0,0.813,0.0,0.0,0.0,0.0,0.0,0.0,0.0,2019-09-05
20,hru20,0.0,0.0,0.81,0.0,0.0,0.0,0.0,0.0,0.0,0.0,2019-09-05
21,hru21,0.0,0.0,0.809,0.0,0.0,0.0,0.0,0.0,0.0,0.0,2019-09-05
22,hru22,0.0,0.0,0.809,0.0,0.0,0.0,0.0,0.0,0.0,0.0,2019-09-05
23,hru23,0.0,0.0,0.809,0.0,0.0,0.0,0.0,0.0,0.0,0.0,2019-09-05
24,hru24,0.0,0.0,0.809,0.0,0.0,0.0,0.0,0.0,0.0,0.0,2019-09-05
25,hru25,0.0,0.0,0.81,0.0,0.0,0.0,0.0,0.0,0.0,0.0,2019-09-05
26,hru26,0.0,0.0,0.81,0.0,0.0,0.0,0.0,0.0,0.0,0.0,2019-09-05
27,hru27,0.0,0.0,0.803,0.0,0.0,0.0,0.0,0.0,0.0,0.0,2019-09-05
28,hru28,0.0,0.0,0.804,0.0,0.0,0.0,0.0,0.0,823.267,0.033,2019-09-05
29,hru29,0.0,0.0,0.803,0.0,0.0,0.0,0.0,0.0,0.0,0.0,2019-09-05
30,hru30,0.0,0.0,0.802,0.0,0.0,0.0,0.0,0.0,0.0,0.0,2019-09-05
31,hru31,0.0,0.0,0.797,0.0,0.0,0.0,0.0,0.0,0.0,0.0,2019-09-05
32,hru32,0.0,0.0,0.806,0.0,0.0,0.0,0.0,0.0,0.0,0.0,2019-09-05
33,hru33,0.0,0.0,0.802,0.0,0.0,0.0,0.0,0.0,0.0,0.0,2019-09-05
34,hru34,0.0,0.0,0.802,0.0,0.0,0.0,0.0,0.0,0.0,0.0,2019-09-05
35,hru35,0.0,0.0,0.797,0.0,0.0,0.0,0.0,0.0,0.0,0.0,2019-09-05
36,hru36,0.0,0.0,0.802,0.0,0.0,0.0,0.0,0.0,0.0,0.0,2019-09-05
1,hru01,0.0,0.0,0.802,0.0,0.0,0.0,0.0,0.0,0.0,0.0,2019-09-06
2,hru02,0.0,0.0,0.806,0.0,0.0,0.0,0.0,0.0,0.0,0.0,2019-09-06
3,hru03,0.0,0.0,0.796,0.0,0.0,0.0,0.0,0.0,0.0,0.0,2019-09-06
4,hru04,0.0,0.0,0.8,0.0,0.0,0.0,0.0,0.0,0.0,0.0,2019-09-06
5,hru05,0.0,0.0,0.804,0.0,0.0,0.0,0.0,0.0,0.0,0.0,2019-09-06
6,hru06,0.0,0.0,0.804,0.0,0.0,0.0,0.0,0.0,0.0,0.0,2019-09-06
7,hru07,0.0,0.0,0.81,0.0,0.0,0.0,0.0,0.0,0.0,0.0,2019-09-06
8,hru08,0.0,0.0,0.796,0.0,0.0,0.0,0.0,0.0,0.0,0.0,2019-09-06
9,hru09,0.0,0.0,0.806,0.0,0.0,0.0,0.0,0.0,0.0,0.0,2019-09-06
10,hru10,0.0,0.0,0.806,0.0,0.0,0.0,0.0,0.0,0.0,0.0,2019-09-06
11,hru11,0.0,0.0,0.81,0.0,0.0,0.0,0.0,0.0,0.0,0.0,2019-09-06
12,hru12,0.0,0.0,0.809,0.0,0.0,0.0,0.0,0.0,0.0,0.0,2019-09-06
13,hru13,0.0,0.0,0.811,0.0,0.0,0.0,0.0,0.0,0.0,0.0,2019-09-06
14,hru14,0.0,0.0,0.809,0.0,0.0,0.0,0.0,0.0,0.0,0.0,2019-09-06
15,hru15,0.0,0.0,0.814,0.0,0.0,0.0,0.0,0.0,0.0,0.0,2019-09-06
16,hru16,0.0,0.0,0.808,0.0,0.0,0.0,0.0,0.0,0.0,0.0,2019-09-06
17,hru17,0.0,0.0,0.813,0.0,0.0,0.0,0.0,0.0,0.0,0.0,2019-09-06
18,hru18,0.0,0.0,0.815,0.0,0.0,0.0,0.0,0.0,0.0,0.0,2019-09-06
19,hru19,0.0,0.0,0.818,0.0,0.0,0.0,0.0,0.0,0.0,0.0,2019-09-06
20,hru20,0.0,0.0,0.815,0.0,0.0,0.0,0.0,0.0,0.0,0.0,2019-09-06
21,hru21,0.0,0.0,0.814,0.0,0.0,0.0,0.0,0.0,0.0,0.0,2019-09-06
22,hru22,0.0,0.0,0.815,0.0,0.0,0.0,0.0,0.0,0.0,0.0,2019-09-06
23,hru23,0.0,0.0,0.815,0.0,0.0,0.0,0.0,0.0,0.0,0.0,2019-09-06
24,hru24,0.0,0.0,0.814,0.0,0.0,0.0,0.0,0.0,0.0,0.0,2019-09-06
25,hru25,0.0,0.0,0.815,0.0,0.0,0.0,0.0,0.0,0.0,0.0,2019-09-06
26,hru26,0.0,0.0,0.815,0.0,0.0,0.0,0.0,0.0,0.0,0.0,2019-09-06
27,hru27,0.0,0.0,0.809,0.0,0.0,0.0,0.0,0.0,0.0,0.0,2019-09-06
28,hru28,0.0,0.0,0.81,0.0,0.0,0.0,0.0,0.0,823.267,0.033,2019-09-06
29,hru29,0.0,0.0,0.809,0.0,0.0,0.0,0.0,0.0,0.0,0.0,2019-09-06
30,hru30,0.0,0.0,0.808,0.0,0.0,0.0,0.0,0.0,0.0,0.0,2019-09-06
31,hru31,0.0,0.0,0.802,0.0,0.0,0.0,0.0,0.0,0.0,0.0,2019-09-06
32,hru32,0.0,0.0,0.811,0.0,0.0,0.0,0.0,0.0,0.0,0.0,2019-09-06
33,hru33,0.0,0.0,0.807,0.0,0.0,0.0,0.0,0.0,0.0,0.0,2019-09-06
34,hru34,0.0,0.0,0.807,0.0,0.0,0.0,0.0,0.0,0.0,0.0,2019-09-06
35,hru35,0.0,0.0,0.802,0.0,0.0,0.0,0.0,0.0,0.0,0.0,2019-09-06
36,hru36,0.0,0.0,0.807,0.0,0.0,0.0,0.0,0.0,0.0,0.0,2019-09-06
1,hru01,0.0,0.0,0.807,0.0,0.0,0.0,0.0,0.0,0.0,0.0,2019-09-07
2,hru02,0.0,0.0,0.812,0.0,0.0,0.0,0.0,0.0,0.0,0.0,2019-09-07
3,hru03,0.0,0.0,0.801,0.0,0.0,0.0,0.0,0.0,0.0,0.0,2019-09-07
4,hru04,0.0,0.0,0.805,0.0,0.0,0.0,0.0,0.0,0.0,0.0,2019-09-07
5,hru05,0.0,0.0,0.81,0.0,0.0,0.0,0.0,0.0,0.0,0.0,2019-09-07
6,hru06,0.0,0.0,0.81,0.0,0.0,0.0,0.0,0.0,0.0,0.0,2019-09-07
7,hru07,0.0,0.0,0.815,0.0,0.0,0.0,0.0,0.0,0.0,0.0,2019-09-07
8,hru08,0.0,0.0,0.801,0.0,0.0,0.0,0.0,0.0,0.0,0.0,2019-09-07
9,hru09,0.0,0.0,0.811,0.0,0.0,0.0,0.0,0.0,0.0,0.0,2019-09-07
10,hru10,0.0,0.0,0.811,0.0,0.0,0.0,0.0,0.0,0.0,0.0,2019-09-07
11,hru11,0.0,0.0,0.815,0.0,0.0,0.0,0.0,0.0,0.0,0.0,2019-09-07
12,hru12,0.0,0.0,0.814,0.0,0.0,0.0,0.0,0.0,0.0,0.0,2019-09-07
13,hru13,0.0,0.0,0.817,0.0,0.0,0.0,0.0,0.0,0.0,0.0,2019-09-07
14,hru14,0.0,0.0,0.814,0.0,0.0,0.0,0.0,0.0,0.0,0.0,2019-09-07
15,hru15,0.0,0.0,0.819,0.0,0.0,0.0,0.0,0.0,0.0,0.0,2019-09-07
16,hru16,0.0,0.0,0.814,0.0,0.0,0.0,0.0,0.0,0.0,0.0,2019-09-07
17,hru17,0.0,0.0,0.818,0.0,0.0,0.0,0.0,0.0,0.0,0.0,2019-09-07
18,hru18,0.0,0.0,0.82,0.0,0.0,0.0,0.0,0.0,0.0,0.0,2019-09-07
19,hru19,0.0,0.0,0.824,0.0,0.0,0.0,0.0,0.0,0.0,0.0,2019-09-07
20,hru20,0.0,0.0,0.821,0.0,0.0,0.0,0.0,0.0,0.0,0.0,2019-09-07
21,hru21,0.0,0.0,0.819,0.0,0.0,0.0,0.0,0.0,0.0,0.0,2019-09-07
22,hru22,0.0,0.0,0.82,0.0,0.0,0.0,0.0,0.0,0.0,0.0,2019-09-07
23,hru23,0.0,0.0,0.82,0.0,0.0,0.0,0.0,0.0,0.0,0.0,2019-09-07
24,hru24,0.0,0.0,0.82,0.0,0.0,0.0,0.0,0.0,0.0,0.0,2019-09-07
25,hru25,0.0,0.0,0.821,0.0,0.0,0.0,0.0,0.0,0.0,0.0,2019-09-07
26,hru26,0.0,0.0,0.821,0.0,0.0,0.0,0.0,0.0,0.0,0.0,2019-09-07
27,hru27,0.0,0.0,0.814,0.0,0.0,0.0,0.0,0.0,0.0,0.0,2019-09-07
28,hru28,0.0,0.0,0.815,0.0,0.0,0.0,0.0,0.0,823.267,0.033,2019-09-07
29,hru29,0.0,0.0,0.814,0.0,0.0,0.0,0.0,0.0,0.0,0.0,2019-09-07
30,hru30,0.0,0.0,0.813,0.0,0.0,0.0,0.0,0.0,0.0,0.0,2019-09-07
31,hru31,0.0,0.0,0.807,0.0,0.0,0.0,0.0,0.0,0.0,0.0,2019-09-07
32,hru32,0.0,0.0,0.817,0.0,0.0,0.0,0.0,0.0,0.0,0.0,2019-09-07
33,hru33,0.0,0.0,0.813,0.0,0.0,0.0,0.0,0.0,0.0,0.0,2019-09-07
34,hru34,0.0,0.0,0.813,0.0,0.0,0.0,0.0,0.0,0.0,0.0,2019-09-07
35,hru35,0.0,0.0,0.807,0.0,0.0,0.0,0.0,0.0,0.0,0.0,2019-09-07
36,hru36,0.0,0.0,0.813,0.0,0.0,0.0,0.0,0.0,0.0,0.0,2019-09-07
1,hru01,0.0,0.0,0.812,0.0,0.0,0.0,0.0,0.0,0.0,0.0,2019-09-08
2,hru02,0.0,0.0,0.816,0.0,0.0,0.0,0.0,0.0,0.0,0.0,2019-09-08
3,hru03,0.0,0.0,0.806,0.0,0.0,0.0,0.0,0.0,0.0,0.0,2019-09-08
4,hru04,0.0,0.0,0.81,0.0,0.0,0.0,0.0,0.0,0.0,0.0,2019-09-08
5,hru05,0.0,0.0,0.815,0.0,0.0,0.0,0.0,0.0,0.0,0.0,2019-09-08
6,hru06,0.0,0.0,0.815,0.0,0.0,0.0,0.0,0.0,0.0,0.0,2019-09-08
7,hru07,0.0,0.0,0.82,0.0,0.0,0.0,0.0,0.0,0.0,0.0,2019-09-08
8,hru08,0.0,0.0,0.806,0.0,0.0,0.0,0.0,0.0,0.0,0.0,2019-09-08
9,hru09,0.0,0.0,0.816,0.0,0.0,0.0,0.0,0.0,0.0,0.0,2019-09-08
10,hru10,0.0,0.0,0.816,0.0,0.0,0.0,0.0,0.0,0.0,0.0,2019-09-08
11,hru11,0.0,0.0,0.82,0.0,0.0,0.0,0.0,0.0,0.0,0.0,2019-09-08
12,hru12,0.0,0.0,0.819,0.0,0.0,0.0,0.0,0.0,0.0,0.0,2019-09-08
13,hru13,0.0,0.0,0.822,0.0,0.0,0.0,0.0,0.0,0.0,0.0,2019-09-08
14,hru14,0.0,0.0,0.819,0.0,0.0,0.0,0.0,0.0,0.0,0.0,2019-09-08
15,hru15,0.0,0.0,0.824,0.0,0.0,0.0,0.0,0.0,0.0,0.0,2019-09-08
16,hru16,0.0,0.0,0.818,0.0,0.0,0.0,0.0,0.0,0.0,0.0,2019-09-08
17,hru17,0.0,0.0,0.823,0.0,0.0,0.0,0.0,0.0,0.0,0.0,2019-09-08
18,hru18,0.0,0.0,0.825,0.0,0.0,0.0,0.0,0.0,0.0,0.0,2019-09-08
19,hru19,0.0,0.0,0.829,0.0,0.0,0.0,0.0,0.0,0.0,0.0,2019-09-08
20,hru20,0.0,0.0,0.826,0.0,0.0,0.0,0.0,0.0,0.0,0.0,2019-09-08
21,hru21,0.0,0.0,0.824,0.0,0.0,0.0,0.0,0.0,0.0,0.0,2019-09-08
22,hru22,0.0,0.0,0.825,0.0,0.0,0.0,0.0,0.0,0.0,0.0,2019-09-08
23,hru23,0.0,0.0,0.825,0.0,0.0,0.0,0.0,0.0,0.0,0.0,2019-09-08
24,hru24,0.0,0.0,0.825,0.0,0.0,0.0,0.0,0.0,0.0,0.0,2019-09-08
25,hru25,0.0,0.0,0.826,0.0,0.0,0.0,0.0,0.0,0.0,0.0,2019-09-08
26,hru26,0.0,0.0,0.826,0.0,0.0,0.0,0.0,0.0,0.0,0.0,2019-09-08
27,hru27,0.0,0.0,0.819,0.0,0.0,0.0,0.0,0.0,0.0,0.0,2019-09-08
28,hru28,0.0,0.0,0.82,0.0,0.0,0.0,0.0,0.0,823.267,0.033,2019-09-08
29,hru29,0.0,0.0,0.819,0.0,0.0,0.0,0.0,0.0,0.0,0.0,2019-09-08
30,hru30,0.0,0.0,0.818,0.0,0.0,0.0,0.0,0.0,0.0,0.0,2019-09-08
31,hru31,0.0,0.0,0.812,0.0,0.0,0.0,0.0,0.0,0.0,0.0,2019-09-08
32,hru32,0.0,0.0,0.822,0.0,0.0,0.0,0.0,0.0,0.0,0.0,2019-09-08
33,hru33,0.0,0.0,0.817,0.0,0.0,0.0,0.0,0.0,0.0,0.0,2019-09-08
34,hru34,0.0,0.0,0.817,0.0,0.0,0.0,0.0,0.0,0.0,0.0,2019-09-08
35,hru35,0.0,0.0,0.812,0.0,0.0,0.0,0.0,0.0,0.0,0.0,2019-09-08
36,hru36,0.0,0.0,0.817,0.0,0.0,0.0,0.0,0.0,0.0,0.0,2019-09-08
1,hru01,0.0,0.0,0.818,0.0,0.0,0.0,0.0,0.0,0.0,0.0,2019-09-09
2,hru02,0.0,0.0,0.822,0.0,0.0,0.0,0.0,0.0,0.0,0.0,2019-09-09
3,hru03,0.0,0.0,0.811,0.0,0.0,0.0,0.0,0.0,0.0,0.0,2019-09-09
4,hru04,0.0,0.0,0.815,0.0,0.0,0.0,0.0,0.0,0.0,0.0,2019-09-09
5,hru05,0.0,0.0,0.82,0.0,0.0,0.0,0.0,0.0,0.0,0.0,2019-09-09
6,hru06,0.0,0.0,0.82,0.0,0.0,0.0,0.0,0.0,0.0,0.0,2019-09-09
7,hru07,0.0,0.0,0.826,0.0,0.0,0.0,0.0,0.0,0.0,0.0,2019-09-09
8,hru08,0.0,0.0,0.811,0.0,0.0,0.0,0.0,0.0,0.0,0.0,2019-09-09
9,hru09,0.0,0.0,0.822,0.0,0.0,0.0,0.0,0.0,0.0,0.0,2019-09-09
10,hru10,0.0,0.0,0.822,0.0,0.0,0.0,0.0,0.0,0.0,0.0,2019-09-09
11,hru11,0.0,0.0,0.825,0.0,0.0,0.0,0.0,0.0,0.0,0.0,2019-09-09
12,hru12,0.0,0.0,0.825,0.0,0.0,0.0,0.0,0.0,0.0,0.0,2019-09-09
13,hru13,0.0,0.0,0.827,0.0,0.0,0.0,0.0,0.0,0.0,0.0,2019-09-09
14,hru14,0.0,0.0,0.825,0.0,0.0,0.0,0.0,0.0,0.0,0.0,2019-09-09
15,hru15,0.0,0.0,0.83,0.0,0.0,0.0,0.0,0.0,0.0,0.0,2019-09-09
16,hru16,0.0,0.0,0.824,0.0,0.0,0.0,0.0,0.0,0.0,0.0,2019-09-09
17,hru17,0.0,0.0,0.829,0.0,0.0,0.0,0.0,0.0,0.0,0.0,2019-09-09
18,hru18,0.0,0.0,0.831,0.0,0.0,0.0,0.0,0.0,0.0,0.0,2019-09-09
19,hru19,0.0,0.0,0.834,0.0,0.0,0.0,0.0,0.0,0.0,0.0,2019-09-09
20,hru20,0.0,0.0,0.831,0.0,0.0,0.0,0.0,0.0,0.0,0.0,2019-09-09
21,hru21,0.0,0.0,0.83,0.0,0.0,0.0,0.0,0.0,0.0,0.0,2019-09-09
22,hru22,0.0,0.0,0.831,0.0,0.0,0.0,0.0,0.0,0.0,0.0,2019-09-09
23,hru23,0.0,0.0,0.831,0.0,0.0,0.0,0.0,0.0,0.0,0.0,2019-09-09
24,hru24,0.0,0.0,0.83,0.0,0.0,0.0,0.0,0.0,0.0,0.0,2019-09-09
25,hru25,0.0,0.0,0.831,0.0,0.0,0.0,0.0,0.0,0.0,0.0,2019-09-09
26,hru26,0.0,0.0,0.831,0.0,0.0,0.0,0.0,0.0,0.0,0.0,2019-09-09
27,hru27,0.0,0.0,0.825,0.0,0.0,0.0,0.0,0.0,0.0,0.0,2019-09-09
28,hru28,0.0,0.0,0.825,0.0,0.0,0.0,0.0,0.0,823.267,0.033,2019-09-09
29,hru29,0.0,0.0,0.825,0.0,0.0,0.0,0.0,0.0,0.0,0.0,2019-09-09
30,hru30,0.0,0.0,0.823,0.0,0.0,0.0,0.0,0.0,0.0,0.0,2019-09-09
31,hru31,0.0,0.0,0.818,0.0,0.0,0.0,0.0,0.0,0.0,0.0,2019-09-09
32,hru32,0.0,0.0,0.827,0.0,0.0,0.0,0.0,0.0,0.0,0.0,2019-09-09
33,hru33,0.0,0.0,0.823,0.0,0.0,0.0,0.0,0.0,0.0,0.0,2019-09-09
34,hru34,0.0,0.0,0.823,0.0,0.0,0.0,0.0,0.0,0.0,0.0,2019-09-09
35,hru35,0.0,0.0,0.818,0.0,0.0,0.0,0.0,0.0,0.0,0.0,2019-09-09
36,hru36,0.0,0.0,0.823,0.0,0.0,0.0,0.0,0.0,0.0,0.0,2019-09-09
1,hru01,0.0,0.0,0.824,0.0,0.0,0.0,0.0,0.0,0.0,0.0,2019-09-10
2,hru02,0.0,0.0,0.829,0.0,0.0,0.0,0.0,0.0,0.0,0.0,2019-09-10
3,hru03,0.0,0.0,0.818,0.0,0.0,0.0,0.0,0.0,0.0,0.0,2019-09-10
4,hru04,0.0,0.0,0.822,0.0,0.0,0.0,0.0,0.0,0.0,0.0,2019-09-10
5,hru05,0.0,0.0,0.827,0.0,0.0,0.0,0.0,0.0,0.0,0.0,2019-09-10
6,hru06,0.0,0.0,0.827,0.0,0.0,0.0,0.0,0.0,0.0,0.0,2019-09-10
7,hru07,0.0,0.0,0.832,0.0,0.0,0.0,0.0,0.0,0.0,0.0,2019-09-10
8,hru08,0.0,0.0,0.818,0.0,0.0,0.0,0.0,0.0,0.0,0.0,2019-09-10
9,hru09,0.0,0.0,0.829,0.0,0.0,0.0,0.0,0.0,0.0,0.0,2019-09-10
10,hru10,0.0,0.0,0.829,0.0,0.0,0.0,0.0,0.0,0.0,0.0,2019-09-10
11,hru11,0.0,0.0,0.832,0.0,0.0,0.0,0.0,0.0,0.0,0.0,2019-09-10
12,hru12,0.0,0.0,0.831,0.0,0.0,0.0,0.0,0.0,0.0,0.0,2019-09-10
13,hru13,0.0,0.0,0.834,0.0,0.0,0.0,0.0,0.0,0.0,0.0,2019-09-10
14,hru14,0.0,0.0,0.831,0.0,0.0,0.0,0.0,0.0,0.0,0.0,2019-09-10
15,hru15,0.0,0.0,0.837,0.0,0.0,0.0,0.0,0.0,0.0,0.0,2019-09-10
16,hru16,0.0,0.0,0.831,0.0,0.0,0.0,0.0,0.0,0.0,0.0,2019-09-10
17,hru17,0.0,0.0,0.836,0.0,0.0,0.0,0.0,0.0,0.0,0.0,2019-09-10
18,hru18,0.0,0.0,0.837,0.0,0.0,0.0,0.0,0.0,0.0,0.0,2019-09-10
19,hru19,0.0,0.0,0.841,0.0,0.0,0.0,0.0,0.0,0.0,0.0,2019-09-10
20,hru20,0.0,0.0,0.838,0.0,0.0,0.0,0.0,0.0,0.0,0.0,2019-09-10
21,hru21,0.0,0.0,0.837,0.0,0.0,0.0,0.0,0.0,0.0,0.0,2019-09-10
22,hru22,0.0,0.0,0.837,0.0,0.0,0.0,0.0,0.0,0.0,0.0,2019-09-10
23,hru23,0.0,0.0,0.837,0.0,0.0,0.0,0.0,0.0,0.0,0.0,2019-09-10
24,hru24,0.0,0.0,0.837,0.0,0.0,0.0,0.0,0.0,0.0,0.0,2019-09-10
25,hru25,0.0,0.0,0.838,0.0,0.0,0.0,0.0,0.0,0.0,0.0,2019-09-10
26,hru26,0.0,0.0,0.838,0.0,0.0,0.0,0.0,0.0,0.0,0.0,2019-09-10
27,hru27,0.0,0.0,0.831,0.0,0.0,0.0,0.0,0.0,0.0,0.0,2019-09-10
28,hru28,0.0,0.0,0.832,0.0,0.0,0.0,0.0,0.0,823.267,0.033,2019-09-10
29,hru29,0.0,0.0,0.831,0.0,0.0,0.0,0.0,0.0,0.0,0.0,2019-09-10
30,hru30,0.0,0.0,0.83,0.0,0.0,0.0,0.0,0.0,0.0,0.0,2019-09-10
31,hru31,0.0,0.0,0.824,0.0,0.0,0.0,0.0,0.0,0.0,0.0,2019-09-10
32,hru32,0.0,0.0,0.834,0.0,0.0,0.0,0.0,0.0,0.0,0.0,2019-09-10
33,hru33,0.0,0.0,0.83,0.0,0.0,0.0,0.0,0.0,0.0,0.0,2019-09-10
34,hru34,0.0,0.0,0.83,0.0,0.0,0.0,0.0,0.0,0.0,0.0,2019-09-10
35,hru35,0.0,0.0,0.825,0.0,0.0,0.0,0.0,0.0,0.0,0.0,2019-09-10
36,hru36,0.0,0.0,0.83,0.0,0.0,0.0,0.0,0.0,0.0,0.0,2019-09-10
1,hru01,0.0,0.0,0.831,0.0,0.0,0.0,0.0,0.0,0.0,0.0,2019-09-11
2,hru02,0.0,0.0,0.835,0.0,0.0,0.0,0.0,0.0,0.0,0.0,2019-09-11
3,hru03,0.0,0.0,0.824,0.0,0.0,0.0,0.0,0.0,0.0,0.0,2019-09-11
4,hru04,0.0,0.0,0.829,0.0,0.0,0.0,0.0,0.0,0.0,0.0,2019-09-11
5,hru05,0.0,0.0,0.833,0.0,0.0,0.0,0.0,0.0,0.0,0.0,2019-09-11
6,hru06,0.0,0.0,0.833,0.0,0.0,0.0,0.0,0.0,0.0,0.0,2019-09-11
7,hru07,0.0,0.0,0.839,0.0,0.0,0.0,0.0,0.0,0.0,0.0,2019-09-11
8,hru08,0.0,0.0,0.824,0.0,0.0,0.0,0.0,0.0,0.0,0.0,2019-09-11
9,hru09,0.0,0.0,0.835,0.0,0.0,0.0,0.0,0.0,0.0,0.0,2019-09-11
10,hru10,0.0,0.0,0.835,0.0,0.0,0.0,0.0,0.0,0.0,0.0,2019-09-11
11,hru11,0.0,0.0,0.839,0.0,0.0,0.0,0.0,0.0,0.0,0.0,2019-09-11
12,hru12,0.0,0.0,0.838,0.0,0.0,0.0,0.0,0.0,0.0,0.0,2019-09-11
13,hru13,0.0,0.0,0.841,0.0,0.0,0.0,0.0,0.0,0.0,0.0,2019-09-11
14,hru14,0.0,0.0,0.838,0.0,0.0,0.0,0.0,0.0,0.0,0.0,2019-09-11
15,hru15,0.0,0.0,0.844,0.0,0.0,0.0,0.0,0.0,0.0,0.0,2019-09-11
16,hru16,0.0,0.0,0.838,0.0,0.0,0.0,0.0,0.0,0.0,0.0,2019-09-11
17,hru17,0.0,0.0,0.843,0.0,0.0,0.0,0.0,0.0,0.0,0.0,2019-09-11
18,hru18,0.0,0.0,0.844,0.0,0.0,0.0,0.0,0.0,0.0,0.0,2019-09-11
19,hru19,0.0,0.0,0.848,0.0,0.0,0.0,0.0,0.0,0.0,0.0,2019-09-11
20,hru20,0.0,0.0,0.845,0.0,0.0,0.0,0.0,0.0,0.0,0.0,2019-09-11
21,hru21,0.0,0.0,0.844,0.0,0.0,0.0,0.0,0.0,0.0,0.0,2019-09-11
22,hru22,0.0,0.0,0.844,0.0,0.0,0.0,0.0,0.0,0.0,0.0,2019-09-11
23,hru23,0.0,0.0,0.844,0.0,0.0,0.0,0.0,0.0,0.0,0.0,2019-09-11
24,hru24,0.0,0.0,0.844,0.0,0.0,0.0,0.0,0.0,0.0,0.0,2019-09-11
25,hru25,0.0,0.0,0.845,0.0,0.0,0.0,0.0,0.0,0.0,0.0,2019-09-11
26,hru26,0.0,0.0,0.845,0.0,0.0,0.0,0.0,0.0,0.0,0.0,2019-09-11
27,hru27,0.0,0.0,0.838,0.0,0.0,0.0,0.0,0.0,0.0,0.0,2019-09-11
28,hru28,0.0,0.0,0.839,0.0,0.0,0.0,0.0,0.0,823.267,0.033,2019-09-11
29,hru29,0.0,0.0,0.838,0.0,0.0,0.0,0.0,0.0,0.0,0.0,2019-09-11
30,hru30,0.0,0.0,0.837,0.0,0.0,0.0,0.0,0.0,0.0,0.0,2019-09-11
31,hru31,0.0,0.0,0.831,0.0,0.0,0.0,0.0,0.0,0.0,0.0,2019-09-11
32,hru32,0.0,0.0,0.841,0.0,0.0,0.0,0.0,0.0,0.0,0.0,2019-09-11
33,hru33,0.0,0.0,0.836,0.0,0.0,0.0,0.0,0.0,0.0,0.0,2019-09-11
34,hru34,0.0,0.0,0.836,0.0,0.0,0.0,0.0,0.0,0.0,0.0,2019-09-11
35,hru35,0.0,0.0,0.831,0.0,0.0,0.0,0.0,0.0,0.0,0.0,2019-09-11
36,hru36,0.0,0.0,0.836,0.0,0.0,0.0,0.0,0.0,0.0,0.0,2019-09-11
1,hru01,0.0,0.0,0.836,0.0,0.0,0.0,0.0,0.0,0.0,0.0,2019-09-12
2,hru02,0.0,0.0,0.841,0.0,0.0,0.0,0.0,0.0,0.0,0.0,2019-09-12
3,hru03,0.0,0.0,0.83,0.0,0.0,0.0,0.0,0.0,0.0,0.0,2019-09-12
4,hru04,0.0,0.0,0.834,0.0,0.0,0.0,0.0,0.0,0.0,0.0,2019-09-12
5,hru05,0.0,0.0,0.839,0.0,0.0,0.0,0.0,0.0,0.0,0.0,2019-09-12
6,hru06,0.0,0.0,0.839,0.0,0.0,0.0,0.0,0.0,0.0,0.0,2019-09-12
7,hru07,0.0,0.0,0.845,0.0,0.0,0.0,0.0,0.0,0.0,0.0,2019-09-12
8,hru08,0.0,0.0,0.83,0.0,0.0,0.0,0.0,0.0,0.0,0.0,2019-09-12
9,hru09,0.0,0.0,0.841,0.0,0.0,0.0,0.0,0.0,0.0,0.0,2019-09-12
10,hru10,0.0,0.0,0.841,0.0,0.0,0.0,0.0,0.0,0.0,0.0,2019-09-12
11,hru11,0.0,0.0,0.845,0.0,0.0,0.0,0.0,0.0,0.0,0.0,2019-09-12
12,hru12,0.0,0.0,0.844,0.0,0.0,0.0,0.0,0.0,0.0,0.0,2019-09-12
13,hru13,0.0,0.0,0.846,0.0,0.0,0.0,0.0,0.0,0.0,0.0,2019-09-12
14,hru14,0.0,0.0,0.844,0.0,0.0,0.0,0.0,0.0,0.0,0.0,2019-09-12
15,hru15,0.0,0.0,0.849,0.0,0.0,0.0,0.0,0.0,0.0,0.0,2019-09-12
16,hru16,0.0,0.0,0.843,0.0,0.0,0.0,0.0,0.0,0.0,0.0,2019-09-12
17,hru17,0.0,0.0,0.848,0.0,0.0,0.0,0.0,0.0,0.0,0.0,2019-09-12
18,hru18,0.0,0.0,0.85,0.0,0.0,0.0,0.0,0.0,0.0,0.0,2019-09-12
19,hru19,0.0,0.0,0.854,0.0,0.0,0.0,0.0,0.0,0.0,0.0,2019-09-12
20,hru20,0.0,0.0,0.851,0.0,0.0,0.0,0.0,0.0,0.0,0.0,2019-09-12
21,hru21,0.0,0.0,0.849,0.0,0.0,0.0,0.0,0.0,0.0,0.0,2019-09-12
22,hru22,0.0,0.0,0.85,0.0,0.0,0.0,0.0,0.0,0.0,0.0,2019-09-12
23,hru23,0.0,0.0,0.85,0.0,0.0,0.0,0.0,0.0,0.0,0.0,2019-09-12
24,hru24,0.0,0.0,0.85,0.0,0.0,0.0,0.0,0.0,0.0,0.0,2019-09-12
25,hru25,0.0,0.0,0.851,0.0,0.0,0.0,0.0,0.0,0.0,0.0,2019-09-12
26,hru26,0.0,0.0,0.851,0.0,0.0,0.0,0.0,0.0,0.0,0.0,2019-09-12
27,hru27,0.0,0.0,0.844,0.0,0.0,0.0,0.0,0.0,0.0,0.0,2019-09-12
28,hru28,0.0,0.0,0.845,0.0,0.0,0.0,0.0,0.0,823.267,0.033,2019-09-12
29,hru29,0.0,0.0,0.844,0.0,0.0,0.0,0.0,0.0,0.0,0.0,2019-09-12
30,hru30,0.0,0.0,0.843,0.0,0.0,0.0,0.0,0.0,0.0,0.0,2019-09-12
31,hru31,0.0,0.0,0.836,0.0,0.0,0.0,0.0,0.0,0.0,0.0,2019-09-12
32,hru32,0.0,0.0,0.846,0.0,0.0,0.0,0.0,0.0,0.0,0.0,2019-09-12
33,hru33,0.0,0.0,0.842,0.0,0.0,0.0,0.0,0.0,0.0,0.0,2019-09-12
34,hru34,0.0,0.0,0.842,0.0,0.0,0.0,0.0,0.0,0.0,0.0,2019-09-12
35,hru35,0.0,0.0,0.836,0.0,0.0,0.0,0.0,0.0,0.0,0.0,2019-09-12
36,hru36,0.0,0.0,0.842,0.0,0.0,0.0,0.0,0.0,0.0,0.0,2019-09-12
1,hru01,0.0,0.0,0.841,0.0,0.0,0.0,0.0,0.0,0.0,0.0,2019-09-13
2,hru02,0.0,0.0,0.846,0.0,0.0,0.0,0.0,0.0,0.0,0.0,2019-09-13
3,hru03,0.0,0.0,0.834,0.0,0.0,0.0,0.0,0.0,0.0,0.0,2019-09-13
4,hru04,0.0,0.0,0.839,0.0,0.0,0.0,0.0,0.0,0.0,0.0,2019-09-13
5,hru05,0.0,0.0,0.844,0.0,0.0,0.0,0.0,0.0,0.0,0.0,2019-09-13
6,hru06,0.0,0.0,0.844,0.0,0.0,0.0,0.0,0.0,0.0,0.0,2019-09-13
7,hru07,0.0,0.0,0.849,0.0,0.0,0.0,0.0,0.0,0.0,0.0,2019-09-13
8,hru08,0.0,0.0,0.834,0.0,0.0,0.0,0.0,0.0,0.0,0.0,2019-09-13
9,hru09,0.0,0.0,0.845,0.0,0.0,0.0,0.0,0.0,0.0,0.0,2019-09-13
10,hru10,0.0,0.0,0.845,0.0,0.0,0.0,0.0,0.0,0.0,0.0,2019-09-13
11,hru11,0.0,0.0,0.849,0.0,0.0,0.0,0.0,0.0,0.0,0.0,2019-09-13
12,hru12,0.0,0.0,0.848,0.0,0.0,0.0,0.0,0.0,0.0,0.0,2019-09-13
13,hru13,0.0,0.0,0.851,0.0,0.0,0.0,0.0,0.0,0.0,0.0,2019-09-13
14,hru14,0.0,0.0,0.848,0.0,0.0,0.0,0.0,0.0,0.0,0.0,2019-09-13
15,hru15,0.0,0.0,0.854,0.0,0.0,0.0,0.0,0.0,0.0,0.0,2019-09-13
16,hru16,0.0,0.0,0.848,0.0,0.0,0.0,0.0,0.0,0.0,0.0,2019-09-13
17,hru17,0.0,0.0,0.853,0.0,0.0,0.0,0.0,0.0,0.0,0.0,2019-09-13
18,hru18,0.0,0.0,0.854,0.0,0.0,0.0,0.0,0.0,0.0,0.0,2019-09-13
19,hru19,0.0,0.0,0.858,0.0,0.0,0.0,0.0,0.0,0.0,0.0,2019-09-13
20,hru20,0.0,0.0,0.855,0.0,0.0,0.0,0.0,0.0,0.0,0.0,2019-09-13
21,hru21,0.0,0.0,0.854,0.0,0.0,0.0,0.0,0.0,0.0,0.0,2019-09-13
22,hru22,0.0,0.0,0.854,0.0,0.0,0.0,0.0,0.0,0.0,0.0,2019-09-13
23,hru23,0.0,0.0,0.854,0.0,0.0,0.0,0.0,0.0,0.0,0.0,2019-09-13
24,hru24,0.0,0.0,0.854,0.0,0.0,0.0,0.0,0.0,0.0,0.0,2019-09-13
25,hru25,0.0,0.0,0.855,0.0,0.0,0.0,0.0,0.0,0.0,0.0,2019-09-13
26,hru26,0.0,0.0,0.855,0.0,0.0,0.0,0.0,0.0,0.0,0.0,2019-09-13
27,hru27,0.0,0.0,0.848,0.0,0.0,0.0,0.0,0.0,0.0,0.0,2019-09-13
28,hru28,0.0,0.0,0.849,0.0,0.0,0.0,0.0,0.0,823.267,0.033,2019-09-13
29,hru29,0.0,0.0,0.848,0.0,0.0,0.0,0.0,0.0,0.0,0.0,2019-09-13
30,hru30,0.0,0.0,0.847,0.0,0.0,0.0,0.0,0.0,0.0,0.0,2019-09-13
31,hru31,0.0,0.0,0.841,0.0,0.0,0.0,0.0,0.0,0.0,0.0,2019-09-13
32,hru32,0.0,0.0,0.851,0.0,0.0,0.0,0.0,0.0,0.0,0.0,2019-09-13
33,hru33,0.0,0.0,0.846,0.0,0.0,0.0,0.0,0.0,0.0,0.0,2019-09-13
34,hru34,0.0,0.0,0.846,0.0,0.0,0.0,0.0,0.0,0.0,0.0,2019-09-13
35,hru35,0.0,0.0,0.841,0.0,0.0,0.0,0.0,0.0,0.0,0.0,2019-09-13
36,hru36,0.0,0.0,0.846,0.0,0.0,0.0,0.0,0.0,0.0,0.0,2019-09-13
1,hru01,0.0,0.0,0.846,0.0,0.0,0.0,0.0,0.0,0.0,0.0,2019-09-14
2,hru02,0.0,0.0,0.85,0.0,0.0,0.0,0.0,0.0,0.0,0.0,2019-09-14
3,hru03,0.0,0.0,0.839,0.0,0.0,0.0,0.0,0.0,0.0,0.0,2019-09-14
4,hru04,0.0,0.0,0.843,0.0,0.0,0.0,0.0,0.0,0.0,0.0,2019-09-14
5,hru05,0.0,0.0,0.848,0.0,0.0,0.0,0.0,0.0,0.0,0.0,2019-09-14
6,hru06,0.0,0.0,0.848,0.0,0.0,0.0,0.0,0.0,0.0,0.0,2019-09-14
7,hru07,0.0,0.0,0.854,0.0,0.0,0.0,0.0,0.0,0.0,0.0,2019-09-14
8,hru08,0.0,0.0,0.839,0.0,0.0,0.0,0.0,0.0,0.0,0.0,2019-09-14
9,hru09,0.0,0.0,0.85,0.0,0.0,0.0,0.0,0.0,0.0,0.0,2019-09-14
10,hru10,0.0,0.0,0.85,0.0,0.0,0.0,0.0,0.0,0.0,0.0,2019-09-14
11,hru11,0.0,0.0,0.854,0.0,0.0,0.0,0.0,0.0,0.0,0.0,2019-09-14
12,hru12,0.0,0.0,0.853,0.0,0.0,0.0,0.0,0.0,0.0,0.0,2019-09-14
13,hru13,0.0,0.0,0.856,0.0,0.0,0.0,0.0,0.0,0.0,0.0,2019-09-14
14,hru14,0.0,0.0,0.853,0.0,0.0,0.0,0.0,0.0,0.0,0.0,2019-09-14
15,hru15,0.0,0.0,0.859,0.0,0.0,0.0,0.0,0.0,0.0,0.0,2019-09-14
16,hru16,0.0,0.0,0.853,0.0,0.0,0.0,0.0,0.0,0.0,0.0,2019-09-14
17,hru17,0.0,0.0,0.858,0.0,0.0,0.0,0.0,0.0,0.0,0.0,2019-09-14
18,hru18,0.0,0.0,0.859,0.0,0.0,0.0,0.0,0.0,0.0,0.0,2019-09-14
19,hru19,0.0,0.0,0.863,0.0,0.0,0.0,0.0,0.0,0.0,0.0,2019-09-14
20,hru20,0.0,0.0,0.86,0.0,0.0,0.0,0.0,0.0,0.0,0.0,2019-09-14
21,hru21,0.0,0.0,0.859,0.0,0.0,0.0,0.0,0.0,0.0,0.0,2019-09-14
22,hru22,0.0,0.0,0.859,0.0,0.0,0.0,0.0,0.0,0.0,0.0,2019-09-14
23,hru23,0.0,0.0,0.859,0.0,0.0,0.0,0.0,0.0,0.0,0.0,2019-09-14
24,hru24,0.0,0.0,0.859,0.0,0.0,0.0,0.0,0.0,0.0,0.0,2019-09-14
25,hru25,0.0,0.0,0.86,0.0,0.0,0.0,0.0,0.0,0.0,0.0,2019-09-14
26,hru26,0.0,0.0,0.86,0.0,0.0,0.0,0.0,0.0,0.0,0.0,2019-09-14
27,hru27,0.0,0.0,0.853,0.0,0.0,0.0,0.0,0.0,0.0,0.0,2019-09-14
28,hru28,0.0,0.0,0.854,0.0,0.0,0.0,0.0,0.0,823.267,0.033,2019-09-14
29,hru29,0.0,0.0,0.853,0.0,0.0,0.0,0.0,0.0,0.0,0.0,2019-09-14
30,hru30,0.0,0.0,0.852,0.0,0.0,0.0,0.0,0.0,0.0,0.0,2019-09-14
31,hru31,0.0,0.0,0.846,0.0,0.0,0.0,0.0,0.0,0.0,0.0,2019-09-14
32,hru32,0.0,0.0,0.856,0.0,0.0,0.0,0.0,0.0,0.0,0.0,2019-09-14
33,hru33,0.0,0.0,0.851,0.0,0.0,0.0,0.0,0.0,0.0,0.0,2019-09-14
34,hru34,0.0,0.0,0.851,0.0,0.0,0.0,0.0,0.0,0.0,0.0,2019-09-14
35,hru35,0.0,0.0,0.846,0.0,0.0,0.0,0.0,0.0,0.0,0.0,2019-09-14
36,hru36,0.0,0.0,0.851,0.0,0.0,0.0,0.0,0.0,0.0,0.0,2019-09-14
1,hru01,0.0,0.0,0.852,0.0,0.0,0.0,0.0,0.0,0.0,0.0,2019-09-15
2,hru02,0.0,0.0,0.857,0.0,0.0,0.0,0.0,0.0,0.0,0.0,2019-09-15
3,hru03,0.0,0.0,0.845,0.0,0.0,0.0,0.0,0.0,0.0,0.0,2019-09-15
4,hru04,0.0,0.0,0.85,0.0,0.0,0.0,0.0,0.0,0.0,0.0,2019-09-15
5,hru05,0.0,0.0,0.855,0.0,0.0,0.0,0.0,0.0,0.0,0.0,2019-09-15
6,hru06,0.0,0.0,0.855,0.0,0.0,0.0,0.0,0.0,0.0,0.0,2019-09-15
7,hru07,0.0,0.0,0.86,0.0,0.0,0.0,0.0,0.0,0.0,0.0,2019-09-15
8,hru08,0.0,0.0,0.845,0.0,0.0,0.0,0.0,0.0,0.0,0.0,2019-09-15
9,hru09,0.0,0.0,0.856,0.0,0.0,0.0,0.0,0.0,0.0,0.0,2019-09-15
10,hru10,0.0,0.0,0.856,0.0,0.0,0.0,0.0,0.0,0.0,0.0,2019-09-15
11,hru11,0.0,0.0,0.86,0.0,0.0,0.0,0.0,0.0,0.0,0.0,2019-09-15
12,hru12,0.0,0.0,0.859,0.0,0.0,0.0,0.0,0.0,0.0,0.0,2019-09-15
13,hru13,0.0,0.0,0.862,0.0,0.0,0.0,0.0,0.0,0.0,0.0,2019-09-15
14,hru14,0.0,0.0,0.859,0.0,0.0,0.0,0.0,0.0,0.0,0.0,2019-09-15
15,hru15,0.0,0.0,0.865,0.0,0.0,0.0,0.0,0.0,0.0,0.0,2019-09-15
16,hru16,0.0,0.0,0.859,0.0,0.0,0.0,0.0,0.0,0.0,0.0,2019-09-15
17,hru17,0.0,0.0,0.864,0.0,0.0,0.0,0.0,0.0,0.0,0.0,2019-09-15
18,hru18,0.0,0.0,0.866,0.0,0.0,0.0,0.0,0.0,0.0,0.0,2019-09-15
19,hru19,0.0,0.0,0.87,0.0,0.0,0.0,0.0,0.0,0.0,0.0,2019-09-15
20,hru20,0.0,0.0,0.867,0.0,0.0,0.0,0.0,0.0,0.0,0.0,2019-09-15
21,hru21,0.0,0.0,0.865,0.0,0.0,0.0,0.0,0.0,0.0,0.0,2019-09-15
22,hru22,0.0,0.0,0.866,0.0,0.0,0.0,0.0,0.0,0.0,0.0,2019-09-15
23,hru23,0.0,0.0,0.866,0.0,0.0,0.0,0.0,0.0,0.0,0.0,2019-09-15
24,hru24,0.0,0.0,0.865,0.0,0.0,0.0,0.0,0.0,0.0,0.0,2019-09-15
25,hru25,0.0,0.0,0.867,0.0,0.0,0.0,0.0,0.0,0.0,0.0,2019-09-15
26,hru26,0.0,0.0,0.867,0.0,0.0,0.0,0.0,0.0,0.0,0.0,2019-09-15
27,hru27,0.0,0.0,0.859,0.0,0.0,0.0,0.0,0.0,0.0,0.0,2019-09-15
28,hru28,0.0,0.0,0.86,0.0,0.0,0.0,0.0,0.0,823.267,0.033,2019-09-15
29,hru29,0.0,0.0,0.859,0.0,0.0,0.0,0.0,0.0,0.0,0.0,2019-09-15
30,hru30,0.0,0.0,0.858,0.0,0.0,0.0,0.0,0.0,0.0,0.0,2019-09-15
31,hru31,0.0,0.0,0.852,0.0,0.0,0.0,0.0,0.0,0.0,0.0,2019-09-15
32,hru32,0.0,0.0,0.862,0.0,0.0,0.0,0.0,0.0,0.0,0.0,2019-09-15
33,hru33,0.0,0.0,0.858,0.0,0.0,0.0,0.0,0.0,0.0,0.0,2019-09-15
34,hru34,0.0,0.0,0.858,0.0,0.0,0.0,0.0,0.0,0.0,0.0,2019-09-15
35,hru35,0.0,0.0,0.852,0.0,0.0,0.0,0.0,0.0,0.0,0.0,2019-09-15
36,hru36,0.0,0.0,0.858,0.0,0.0,0.0,0.0,0.0,0.0,0.0,2019-09-15
1,hru01,0.0,0.0,0.859,0.0,0.0,0.0,0.0,0.0,0.0,0.0,2019-09-16
2,hru02,0.0,0.0,0.863,0.0,0.0,0.0,0.0,0.0,0.0,0.0,2019-09-16
3,hru03,0.0,0.0,0.852,0.0,0.0,0.0,0.0,0.0,0.0,0.0,2019-09-16
4,hru04,0.0,0.0,0.857,0.0,0.0,0.0,0.0,0.0,0.0,0.0,2019-09-16
5,hru05,0.0,0.0,0.862,0.0,0.0,0.0,0.0,0.0,0.0,0.0,2019-09-16
6,hru06,0.0,0.0,0.862,0.0,0.0,0.0,0.0,0.0,0.0,0.0,2019-09-16
7,hru07,0.0,0.0,0.867,0.0,0.0,0.0,0.0,0.0,0.0,0.0,2019-09-16
8,hru08,0.0,0.0,0.852,0.0,0.0,0.0,0.0,0.0,0.0,0.0,2019-09-16
9,hru09,0.0,0.0,0.863,0.0,0.0,0.0,0.0,0.0,0.0,0.0,2019-09-16
10,hru10,0.0,0.0,0.863,0.0,0.0,0.0,0.0,0.0,0.0,0.0,2019-09-16
11,hru11,0.0,0.0,0.867,0.0,0.0,0.0,0.0,0.0,0.0,0.0,2019-09-16
12,hru12,0.0,0.0,0.866,0.0,0.0,0.0,0.0,0.0,0.0,0.0,2019-09-16
13,hru13,0.0,0.0,0.869,0.0,0.0,0.0,0.0,0.0,0.0,0.0,2019-09-16
14,hru14,0.0,0.0,0.866,0.0,0.0,0.0,0.0,0.0,0.0,0.0,2019-09-16
15,hru15,0.0,0.0,0.872,0.0,0.0,0.0,0.0,0.0,0.0,0.0,2019-09-16
16,hru16,0.0,0.0,0.866,0.0,0.0,0.0,0.0,0.0,0.0,0.0,2019-09-16
17,hru17,0.0,0.0,0.871,0.0,0.0,0.0,0.0,0.0,0.0,0.0,2019-09-16
18,hru18,0.0,0.0,0.872,0.0,0.0,0.0,0.0,0.0,0.0,0.0,2019-09-16
19,hru19,0.0,0.0,0.876,0.0,0.0,0.0,0.0,0.0,0.0,0.0,2019-09-16
20,hru20,0.0,0.0,0.874,0.0,0.0,0.0,0.0,0.0,0.0,0.0,2019-09-16
21,hru21,0.0,0.0,0.872,0.0,0.0,0.0,0.0,0.0,0.0,0.0,2019-09-16
22,hru22,0.0,0.0,0.872,0.0,0.0,0.0,0.0,0.0,0.0,0.0,2019-09-16
23,hru23,0.0,0.0,0.872,0.0,0.0,0.0,0.0,0.0,0.0,0.0,2019-09-16
24,hru24,0.0,0.0,0.872,0.0,0.0,0.0,0.0,0.0,0.0,0.0,2019-09-16
25,hru25,0.0,0.0,0.874,0.0,0.0,0.0,0.0,0.0,0.0,0.0,2019-09-16
26,hru26,0.0,0.0,0.874,0.0,0.0,0.0,0.0,0.0,0.0,0.0,2019-09-16
27,hru27,0.0,0.0,0.866,0.0,0.0,0.0,0.0,0.0,0.0,0.0,2019-09-16
28,hru28,0.0,0.0,0.867,0.0,333.405,0.0,0.0,0.0,0.0,0.0,2019-09-16
29,hru29,0.0,0.0,0.866,0.0,0.0,0.0,0.0,0.0,0.0,0.0,2019-09-16
30,hru30,0.0,0.0,0.865,0.0,0.0,0.0,0.0,0.0,0.0,0.0,2019-09-16
31,hru31,0.0,0.0,0.859,0.0,0.0,0.0,0.0,0.0,0.0,0.0,2019-09-16
32,hru32,0.0,0.0,0.869,0.0,0.0,0.0,0.0,0.0,0.0,0.0,2019-09-16
33,hru33,0.0,0.0,0.864,0.0,0.0,0.0,0.0,0.0,0.0,0.0,2019-09-16
34,hru34,0.0,0.0,0.864,0.0,0.0,0.0,0.0,0.0,0.0,0.0,2019-09-16
35,hru35,0.0,0.0,0.859,0.0,0.0,0.0,0.0,0.0,0.0,0.0,2019-09-16
36,hru36,0.0,0.0,0.864,0.0,0.0,0.0,0.0,0.0,0.0,0.0,2019-09-16
1,hru01,0.0,0.0,0.866,0.0,0.0,0.0,0.0,0.0,0.0,0.0,2019-09-17
2,hru02,0.0,0.0,0.87,0.0,0.0,0.0,0.0,0.0,0.0,0.0,2019-09-17
3,hru03,0.0,0.0,0.859,0.0,0.0,0.0,0.0,0.0,0.0,0.0,2019-09-17
4,hru04,0.0,0.0,0.864,0.0,0.0,0.0,0.0,0.0,0.0,0.0,2019-09-17
5,hru05,0.0,0.0,0.869,0.0,0.0,0.0,0.0,0.0,0.0,0.0,2019-09-17
6,hru06,0.0,0.0,0.869,0.0,0.0,0.0,0.0,0.0,0.0,0.0,2019-09-17
7,hru07,0.0,0.0,0.874,0.0,0.0,0.0,0.0,0.0,0.0,0.0,2019-09-17
8,hru08,0.0,0.0,0.859,0.0,0.0,0.0,0.0,0.0,0.0,0.0,2019-09-17
9,hru09,0.0,0.0,0.87,0.0,0.0,0.0,0.0,0.0,0.0,0.0,2019-09-17
10,hru10,0.0,0.0,0.87,0.0,0.0,0.0,0.0,0.0,0.0,0.0,2019-09-17
11,hru11,0.0,0.0,0.874,0.0,0.0,0.0,0.0,0.0,0.0,0.0,2019-09-17
12,hru12,0.0,0.0,0.873,0.0,0.0,0.0,0.0,0.0,0.0,0.0,2019-09-17
13,hru13,0.0,0.0,0.876,0.0,0.0,0.0,0.0,0.0,0.0,0.0,2019-09-17
14,hru14,0.0,0.0,0.873,0.0,0.0,0.0,0.0,0.0,0.0,0.0,2019-09-17
15,hru15,0.0,0.0,0.879,0.0,0.0,0.0,0.0,0.0,0.0,0.0,2019-09-17
16,hru16,0.0,0.0,0.873,0.0,0.0,0.0,0.0,0.0,0.0,0.0,2019-09-17
17,hru17,0.0,0.0,0.878,0.0,0.0,0.0,0.0,0.0,0.0,0.0,2019-09-17
18,hru18,0.0,0.0,0.879,0.0,0.0,0.0,0.0,0.0,0.0,0.0,2019-09-17
19,hru19,0.0,0.0,0.883,0.0,0.0,0.0,0.0,0.0,0.0,0.0,2019-09-17
20,hru20,0.0,0.0,0.881,0.0,0.0,0.0,0.0,0.0,0.0,0.0,2019-09-17
21,hru21,0.0,0.0,0.879,0.0,0.0,0.0,0.0,0.0,0.0,0.0,2019-09-17
22,hru22,0.0,0.0,0.879,0.0,0.0,0.0,0.0,0.0,0.0,0.0,2019-09-17
23,hru23,0.0,0.0,0.879,0.0,0.0,0.0,0.0,0.0,0.0,0.0,2019-09-17
24,hru24,0.0,0.0,0.879,0.0,0.0,0.0,0.0,0.0,0.0,0.0,2019-09-17
25,hru25,0.0,0.0,0.881,0.0,0.0,0.0,0.0,0.0,0.0,0.0,2019-09-17
26,hru26,0.0,0.0,0.881,0.0,0.0,0.0,0.0,0.0,0.0,0.0,2019-09-17
27,hru27,0.0,0.0,0.873,0.0,0.0,0.0,0.0,0.0,0.0,0.0,2019-09-17
28,hru28,0.0,0.0,0.874,0.0,0.0,0.0,0.0,0.0,0.0,0.0,2019-09-17
29,hru29,0.0,0.0,0.873,0.0,0.0,0.0,0.0,0.0,0.0,0.0,2019-09-17
30,hru30,0.0,0.0,0.872,0.0,0.0,0.0,0.0,0.0,0.0,0.0,2019-09-17
31,hru31,0.0,0.0,0.866,0.0,0.0,0.0,0.0,0.0,0.0,0.0,2019-09-17
32,hru32,0.0,0.0,0.876,0.0,0.0,0.0,0.0,0.0,0.0,0.0,2019-09-17
33,hru33,0.0,0.0,0.871,0.0,0.0,0.0,0.0,0.0,0.0,0.0,2019-09-17
34,hru34,0.0,0.0,0.871,0.0,0.0,0.0,0.0,0.0,0.0,0.0,2019-09-17
35,hru35,0.0,0.0,0.866,0.0,0.0,0.0,0.0,0.0,0.0,0.0,2019-09-17
36,hru36,0.0,0.0,0.871,0.0,0.0,0.0,0.0,0.0,0.0,0.0,2019-09-17
1,hru01,0.0,0.0,0.873,0.0,0.0,0.0,0.0,0.0,0.0,0.0,2019-09-18
2,hru02,0.0,0.0,0.877,0.0,0.0,0.0,0.0,0.0,0.0,0.0,2019-09-18
3,hru03,0.0,0.0,0.866,0.0,0.0,0.0,0.0,0.0,0.0,0.0,2019-09-18
4,hru04,0.0,0.0,0.87,0.0,0.0,0.0,0.0,0.0,0.0,0.0,2019-09-18
5,hru05,0.0,0.0,0.875,0.0,0.0,0.0,0.0,0.0,0.0,0.0,2019-09-18
6,hru06,0.0,0.0,0.875,0.0,0.0,0.0,0.0,0.0,0.0,0.0,2019-09-18
7,hru07,0.0,0.0,0.881,0.0,0.0,0.0,0.0,0.0,0.0,0.0,2019-09-18
8,hru08,0.0,0.0,0.866,0.0,0.0,0.0,0.0,0.0,0.0,0.0,2019-09-18
9,hru09,0.0,0.0,0.877,0.0,0.0,0.0,0.0,0.0,0.0,0.0,2019-09-18
10,hru10,0.0,0.0,0.877,0.0,0.0,0.0,0.0,0.0,0.0,0.0,2019-09-18
11,hru11,0.0,0.0,0.88,0.0,0.0,0.0,0.0,0.0,0.0,0.0,2019-09-18
12,hru12,0.0,0.0,0.88,0.0,0.0,0.0,0.0,0.0,0.0,0.0,2019-09-18
13,hru13,0.0,0.0,0.882,0.0,0.0,0.0,0.0,0.0,0.0,0.0,2019-09-18
14,hru14,0.0,0.0,0.88,0.0,0.0,0.0,0.0,0.0,0.0,0.0,2019-09-18
15,hru15,0.0,0.0,0.886,0.0,0.0,0.0,0.0,0.0,0.0,0.0,2019-09-18
16,hru16,0.0,0.0,0.88,0.0,0.0,0.0,0.0,0.0,0.0,0.0,2019-09-18
17,hru17,0.0,0.0,0.885,0.0,0.0,0.0,0.0,0.0,0.0,0.0,2019-09-18
18,hru18,0.0,0.0,0.886,0.0,0.0,0.0,0.0,0.0,0.0,0.0,2019-09-18
19,hru19,0.0,0.0,0.89,0.0,0.0,0.0,0.0,0.0,0.0,0.0,2019-09-18
20,hru20,0.0,0.0,0.887,0.0,0.0,0.0,0.0,0.0,0.0,0.0,2019-09-18
21,hru21,0.0,0.0,0.886,0.0,0.0,0.0,0.0,0.0,0.0,0.0,2019-09-18
22,hru22,0.0,0.0,0.886,0.0,0.0,0.0,0.0,0.0,0.0,0.0,2019-09-18
23,hru23,0.0,0.0,0.886,0.0,0.0,0.0,0.0,0.0,0.0,0.0,2019-09-18
24,hru24,0.0,0.0,0.886,0.0,0.0,0.0,0.0,0.0,0.0,0.0,2019-09-18
25,hru25,0.0,0.0,0.887,0.0,0.0,0.0,0.0,0.0,0.0,0.0,2019-09-18
26,hru26,0.0,0.0,0.887,0.0,0.0,0.0,0.0,0.0,0.0,0.0,2019-09-18
27,hru27,0.0,0.0,0.88,0.0,0.0,0.0,0.0,0.0,0.0,0.0,2019-09-18
28,hru28,0.0,0.0,0.88,0.0,0.0,0.0,0.0,0.0,0.0,0.0,2019-09-18
29,hru29,0.0,0.0,0.88,0.0,0.0,0.0,0.0,0.0,0.0,0.0,2019-09-18
30,hru30,0.0,0.0,0.878,0.0,0.0,0.0,0.0,0.0,0.0,0.0,2019-09-18
31,hru31,0.0,0.0,0.873,0.0,0.0,0.0,0.0,0.0,0.0,0.0,2019-09-18
32,hru32,0.0,0.0,0.882,0.0,0.0,0.0,0.0,0.0,0.0,0.0,2019-09-18
33,hru33,0.0,0.0,0.878,0.0,0.0,0.0,0.0,0.0,0.0,0.0,2019-09-18
34,hru34,0.0,0.0,0.878,0.0,0.0,0.0,0.0,0.0,0.0,0.0,2019-09-18
35,hru35,0.0,0.0,0.873,0.0,0.0,0.0,0.0,0.0,0.0,0.0,2019-09-18
36,hru36,0.0,0.0,0.878,0.0,0.0,0.0,0.0,0.0,0.0,0.0,2019-09-18
1,hru01,0.0,0.0,0.879,0.0,0.0,0.0,0.0,0.0,0.0,0.0,2019-09-19
2,hru02,0.0,0.0,0.883,0.0,0.0,0.0,0.0,0.0,0.0,0.0,2019-09-19
3,hru03,0.0,0.0,0.872,0.0,0.0,0.0,0.0,0.0,0.0,0.0,2019-09-19
4,hru04,0.0,0.0,0.877,0.0,0.0,0.0,0.0,0.0,0.0,0.0,2019-09-19
5,hru05,0.0,0.0,0.882,0.0,0.0,0.0,0.0,0.0,0.0,0.0,2019-09-19
6,hru06,0.0,0.0,0.882,0.0,0.0,0.0,0.0,0.0,0.0,0.0,2019-09-19
7,hru07,0.0,0.0,0.887,0.0,0.0,0.0,0.0,0.0,0.0,0.0,2019-09-19
8,hru08,0.0,0.0,0.872,0.0,0.0,0.0,0.0,0.0,0.0,0.0,2019-09-19
9,hru09,0.0,0.0,0.883,0.0,0.0,0.0,0.0,0.0,0.0,0.0,2019-09-19
10,hru10,0.0,0.0,0.883,0.0,0.0,0.0,0.0,0.0,0.0,0.0,2019-09-19
11,hru11,0.0,0.0,0.887,0.0,0.0,0.0,0.0,0.0,0.0,0.0,2019-09-19
12,hru12,0.0,0.0,0.886,0.0,0.0,0.0,0.0,0.0,0.0,0.0,2019-09-19
13,hru13,0.0,0.0,0.889,0.0,0.0,0.0,0.0,0.0,0.0,0.0,2019-09-19
14,hru14,0.0,0.0,0.886,0.0,0.0,0.0,0.0,0.0,0.0,0.0,2019-09-19
15,hru15,0.0,0.0,0.892,0.0,0.0,0.0,0.0,0.0,0.0,0.0,2019-09-19
16,hru16,0.0,0.0,0.886,0.0,0.0,0.0,0.0,0.0,0.0,0.0,2019-09-19
17,hru17,0.0,0.0,0.891,0.0,0.0,0.0,0.0,0.0,0.0,0.0,2019-09-19
18,hru18,0.0,0.0,0.892,0.0,0.0,0.0,0.0,0.0,0.0,0.0,2019-09-19
19,hru19,0.0,0.0,0.896,0.0,0.0,0.0,0.0,0.0,0.0,0.0,2019-09-19
20,hru20,0.0,0.0,0.893,0.0,0.0,0.0,0.0,0.0,0.0,0.0,2019-09-19
21,hru21,0.0,0.0,0.892,0.0,0.0,0.0,0.0,0.0,0.0,0.0,2019-09-19
22,hru22,0.0,0.0,0.892,0.0,0.0,0.0,0.0,0.0,0.0,0.0,2019-09-19
23,hru23,0.0,0.0,0.892,0.0,0.0,0.0,0.0,0.0,0.0,0.0,2019-09-19
24,hru24,0.0,0.0,0.892,0.0,0.0,0.0,0.0,0.0,0.0,0.0,2019-09-19
25,hru25,0.0,0.0,0.893,0.0,0.0,0.0,0.0,0.0,0.0,0.0,2019-09-19
26,hru26,0.0,0.0,0.894,0.0,0.0,0.0,0.0,0.0,0.0,0.0,2019-09-19
27,hru27,0.0,0.0,0.886,0.0,0.0,0.0,0.0,0.0,0.0,0.0,2019-09-19
28,hru28,0.0,0.0,0.887,0.0,0.0,0.0,0.0,0.0,0.0,0.0,2019-09-19
29,hru29,0.0,0.0,0.886,0.0,0.0,0.0,0.0,0.0,0.0,0.0,2019-09-19
30,hru30,0.0,0.0,0.885,0.0,0.0,0.0,0.0,0.0,0.0,0.0,2019-09-19
31,hru31,0.0,0.0,0.879,0.0,0.0,0.0,0.0,0.0,0.0,0.0,2019-09-19
32,hru32,0.0,0.0,0.889,0.0,0.0,0.0,0.0,0.0,0.0,0.0,2019-09-19
33,hru33,0.0,0.0,0.884,0.0,0.0,0.0,0.0,0.0,0.0,0.0,2019-09-19
34,hru34,0.0,0.0,0.884,0.0,0.0,0.0,0.0,0.0,0.0,0.0,2019-09-19
35,hru35,0.0,0.0,0.879,0.0,0.0,0.0,0.0,0.0,0.0,0.0,2019-09-19
36,hru36,0.0,0.0,0.884,0.0,0.0,0.0,0.0,0.0,0.0,0.0,2019-09-19
1,hru01,0.0,0.0,0.886,0.0,0.0,0.0,0.0,0.0,0.0,0.0,2019-09-20
2,hru02,0.0,0.0,0.89,0.0,0.0,0.0,0.0,0.0,0.0,0.0,2019-09-20
3,hru03,0.0,0.0,0.879,0.0,0.0,0.0,0.0,0.0,0.0,0.0,2019-09-20
4,hru04,0.0,0.0,0.883,0.0,0.0,0.0,0.0,0.0,0.0,0.0,2019-09-20
5,hru05,0.0,0.0,0.889,0.0,0.0,0.0,0.0,0.0,0.0,0.0,2019-09-20
6,hru06,0.0,0.0,0.889,0.0,0.0,0.0,0.0,0.0,0.0,0.0,2019-09-20
7,hru07,0.0,0.0,0.894,0.0,0.0,0.0,0.0,0.0,0.0,0.0,2019-09-20
8,hru08,0.0,0.0,0.879,0.0,0.0,0.0,0.0,0.0,0.0,0.0,2019-09-20
9,hru09,0.0,0.0,0.89,0.0,0.0,0.0,0.0,0.0,0.0,0.0,2019-09-20
10,hru10,0.0,0.0,0.89,0.0,0.0,0.0,0.0,0.0,0.0,0.0,2019-09-20
11,hru11,0.0,0.0,0.894,0.0,0.0,0.0,0.0,0.0,0.0,0.0,2019-09-20
12,hru12,0.0,0.0,0.893,0.0,0.0,0.0,0.0,0.0,0.0,0.0,2019-09-20
13,hru13,0.0,0.0,0.896,0.0,0.0,0.0,0.0,0.0,0.0,0.0,2019-09-20
14,hru14,0.0,0.0,0.893,0.0,0.0,0.0,0.0,0.0,0.0,0.0,2019-09-20
15,hru15,0.0,0.0,0.899,0.0,0.0,0.0,0.0,0.0,0.0,0.0,2019-09-20
16,hru16,0.0,0.0,0.893,0.0,0.0,0.0,0.0,0.0,0.0,0.0,2019-09-20
17,hru17,0.0,0.0,0.898,0.0,0.0,0.0,0.0,0.0,0.0,0.0,2019-09-20
18,hru18,0.0,0.0,0.899,0.0,0.0,0.0,0.0,0.0,0.0,0.0,2019-09-20
19,hru19,0.0,0.0,0.903,0.0,0.0,0.0,0.0,0.0,0.0,0.0,2019-09-20
20,hru20,0.0,0.0,0.9,0.0,0.0,0.0,0.0,0.0,0.0,0.0,2019-09-20
21,hru21,0.0,0.0,0.899,0.0,0.0,0.0,0.0,0.0,0.0,0.0,2019-09-20
22,hru22,0.0,0.0,0.899,0.0,0.0,0.0,0.0,0.0,0.0,0.0,2019-09-20
23,hru23,0.0,0.0,0.899,0.0,0.0,0.0,0.0,0.0,0.0,0.0,2019-09-20
24,hru24,0.0,0.0,0.899,0.0,0.0,0.0,0.0,0.0,0.0,0.0,2019-09-20
25,hru25,0.0,0.0,0.9,0.0,0.0,0.0,0.0,0.0,0.0,0.0,2019-09-20
26,hru26,0.0,0.0,0.9,0.0,0.0,0.0,0.0,0.0,0.0,0.0,2019-09-20
27,hru27,0.0,0.0,0.893,0.0,0.0,0.0,0.0,0.0,0.0,0.0,2019-09-20
28,hru28,0.0,0.0,0.894,0.0,0.0,0.0,0.0,0.0,0.0,0.0,2019-09-20
29,hru29,0.0,0.0,0.893,0.0,0.0,0.0,0.0,0.0,0.0,0.0,2019-09-20
30,hru30,0.0,0.0,0.891,0.0,0.0,0.0,0.0,0.0,0.0,0.0,2019-09-20
31,hru31,0.0,0.0,0.886,0.0,0.0,0.0,0.0,0.0,0.0,0.0,2019-09-20
32,hru32,0.0,0.0,0.896,0.0,0.0,0.0,0.0,0.0,0.0,0.0,2019-09-20
33,hru33,0.0,0.0,0.891,0.0,0.0,0.0,0.0,0.0,0.0,0.0,2019-09-20
34,hru34,0.0,0.0,0.891,0.0,0.0,0.0,0.0,0.0,0.0,0.0,2019-09-20
35,hru35,0.0,0.0,0.886,0.0,0.0,0.0,0.0,0.0,0.0,0.0,2019-09-20
36,hru36,0.0,0.0,0.891,0.0,0.0,0.0,0.0,0.0,0.0,0.0,2019-09-20
1,hru01,0.0,0.0,0.892,0.0,0.0,0.0,0.0,0.0,0.0,0.0,2019-09-21
2,hru02,0.0,0.0,0.896,0.0,0.0,0.0,0.0,0.0,0.0,0.0,2019-09-21
3,hru03,0.0,0.0,0.885,0.0,0.0,0.0,0.0,0.0,0.0,0.0,2019-09-21
4,hru04,0.0,0.0,0.889,0.0,0.0,0.0,0.0,0.0,0.0,0.0,2019-09-21
5,hru05,0.0,0.0,0.894,0.0,0.0,0.0,0.0,0.0,0.0,0.0,2019-09-21
6,hru06,0.0,0.0,0.894,0.0,0.0,0.0,0.0,0.0,0.0,0.0,2019-09-21
7,hru07,0.0,0.0,0.9,0.0,0.0,0.0,0.0,0.0,0.0,0.0,2019-09-21
8,hru08,0.0,0.0,0.885,0.0,0.0,0.0,0.0,0.0,0.0,0.0,2019-09-21
9,hru09,0.0,0.0,0.896,0.0,0.0,0.0,0.0,0.0,0.0,0.0,2019-09-21
10,hru10,0.0,0.0,0.896,0.0,0.0,0.0,0.0,0.0,0.0,0.0,2019-09-21
11,hru11,0.0,0.0,0.9,0.0,0.0,0.0,0.0,0.0,0.0,0.0,2019-09-21
12,hru12,0.0,0.0,0.899,0.0,0.0,0.0,0.0,0.0,0.0,0.0,2019-09-21
13,hru13,0.0,0.0,0.902,0.0,0.0,0.0,0.0,0.0,0.0,0.0,2019-09-21
14,hru14,0.0,0.0,0.899,0.0,0.0,0.0,0.0,0.0,0.0,0.0,2019-09-21
15,hru15,0.0,0.0,0.905,0.0,0.0,0.0,0.0,0.0,0.0,0.0,2019-09-21
16,hru16,0.0,0.0,0.899,0.0,0.0,0.0,0.0,0.0,0.0,0.0,2019-09-21
17,hru17,0.0,0.0,0.904,0.0,0.0,0.0,0.0,0.0,0.0,0.0,2019-09-21
18,hru18,0.0,0.0,0.905,0.0,0.0,0.0,0.0,0.0,0.0,0.0,2019-09-21
19,hru19,0.0,0.0,0.909,0.0,0.0,0.0,0.0,0.0,0.0,0.0,2019-09-21
20,hru20,0.0,0.0,0.906,0.0,0.0,0.0,0.0,0.0,0.0,0.0,2019-09-21
21,hru21,0.0,0.0,0.905,0.0,0.0,0.0,0.0,0.0,0.0,0.0,2019-09-21
22,hru22,0.0,0.0,0.905,0.0,0.0,0.0,0.0,0.0,0.0,0.0,2019-09-21
23,hru23,0.0,0.0,0.905,0.0,0.0,0.0,0.0,0.0,0.0,0.0,2019-09-21
24,hru24,0.0,0.0,0.905,0.0,0.0,0.0,0.0,0.0,0.0,0.0,2019-09-21
25,hru25,0.0,0.0,0.906,0.0,0.0,0.0,0.0,0.0,0.0,0.0,2019-09-21
26,hru26,0.0,0.0,0.906,0.0,0.0,0.0,0.0,0.0,0.0,0.0,2019-09-21
27,hru27,0.0,0.0,0.899,0.0,0.0,0.0,0.0,0.0,0.0,0.0,2019-09-21
28,hru28,0.0,0.0,0.9,0.0,0.0,0.0,0.0,0.0,0.0,0.0,2019-09-21
29,hru29,0.0,0.0,0.899,0.0,0.0,0.0,0.0,0.0,0.0,0.0,2019-09-21
30,hru30,0.0,0.0,0.897,0.0,0.0,0.0,0.0,0.0,0.0,0.0,2019-09-21
31,hru31,0.0,0.0,0.892,0.0,0.0,0.0,0.0,0.0,0.0,0.0,2019-09-21
32,hru32,0.0,0.0,0.902,0.0,0.0,0.0,0.0,0.0,0.0,0.0,2019-09-21
33,hru33,0.0,0.0,0.897,0.0,0.0,0.0,0.0,0.0,0.0,0.0,2019-09-21
34,hru34,0.0,0.0,0.897,0.0,0.0,0.0,0.0,0.0,0.0,0.0,2019-09-21
35,hru35,0.0,0.0,0.892,0.0,0.0,0.0,0.0,0.0,0.0,0.0,2019-09-21
36,hru36,0.0,0.0,0.897,0.0,0.0,0.0,0.0,0.0,0.0,0.0,2019-09-21
1,hru01,0.0,0.0,0.896,0.0,0.0,0.0,0.0,0.0,0.0,0.0,2019-09-22
2,hru02,0.0,0.0,0.9,0.0,0.0,0.0,0.0,0.0,0.0,0.0,2019-09-22
3,hru03,0.0,0.0,0.889,0.0,0.0,0.0,0.0,0.0,0.0,0.0,2019-09-22
4,hru04,0.0,0.0,0.894,0.0,0.0,0.0,0.0,0.0,0.0,0.0,2019-09-22
5,hru05,0.0,0.0,0.899,0.0,0.0,0.0,0.0,0.0,0.0,0.0,2019-09-22
6,hru06,0.0,0.0,0.899,0.0,0.0,0.0,0.0,0.0,0.0,0.0,2019-09-22
7,hru07,0.0,0.0,0.904,0.0,0.0,0.0,0.0,0.0,0.0,0.0,2019-09-22
8,hru08,0.0,0.0,0.889,0.0,0.0,0.0,0.0,0.0,0.0,0.0,2019-09-22
9,hru09,0.0,0.0,0.9,0.0,0.0,0.0,0.0,0.0,0.0,0.0,2019-09-22
10,hru10,0.0,0.0,0.9,0.0,0.0,0.0,0.0,0.0,0.0,0.0,2019-09-22
11,hru11,0.0,0.0,0.904,0.0,0.0,0.0,0.0,0.0,0.0,0.0,2019-09-22
12,hru12,0.0,0.0,0.903,0.0,0.0,0.0,0.0,0.0,0.0,0.0,2019-09-22
13,hru13,0.0,0.0,0.906,0.0,0.0,0.0,0.0,0.0,0.0,0.0,2019-09-22
14,hru14,0.0,0.0,0.903,0.0,0.0,0.0,0.0,0.0,0.0,0.0,2019-09-22
15,hru15,0.0,0.0,0.909,0.0,0.0,0.0,0.0,0.0,0.0,0.0,2019-09-22
16,hru16,0.0,0.0,0.903,0.0,0.0,0.0,0.0,0.0,0.0,0.0,2019-09-22
17,hru17,0.0,0.0,0.908,0.0,0.0,0.0,0.0,0.0,0.0,0.0,2019-09-22
18,hru18,0.0,0.0,0.909,0.0,0.0,0.0,0.0,0.0,0.0,0.0,2019-09-22
19,hru19,0.0,0.0,0.913,0.0,0.0,0.0,0.0,0.0,0.0,0.0,2019-09-22
20,hru20,0.0,0.0,0.91,0.0,0.0,0.0,0.0,0.0,0.0,0.0,2019-09-22
21,hru21,0.0,0.0,0.909,0.0,0.0,0.0,0.0,0.0,0.0,0.0,2019-09-22
22,hru22,0.0,0.0,0.909,0.0,0.0,0.0,0.0,0.0,0.0,0.0,2019-09-22
23,hru23,0.0,0.0,0.909,0.0,0.0,0.0,0.0,0.0,0.0,0.0,2019-09-22
24,hru24,0.0,0.0,0.909,0.0,0.0,0.0,0.0,0.0,0.0,0.0,2019-09-22
25,hru25,0.0,0.0,0.91,0.0,0.0,0.0,0.0,0.0,0.0,0.0,2019-09-22
26,hru26,0.0,0.0,0.911,0.0,0.0,0.0,0.0,0.0,0.0,0.0,2019-09-22
27,hru27,0.0,0.0,0.903,0.0,0.0,0.0,0.0,0.0,0.0,0.0,2019-09-22
28,hru28,0.0,0.0,0.904,0.0,0.0,0.0,0.0,0.0,0.0,0.0,2019-09-22
29,hru29,0.0,0.0,0.903,0.0,0.0,0.0,0.0,0.0,0.0,0.0,2019-09-22
30,hru30,0.0,0.0,0.902,0.0,0.0,0.0,0.0,0.0,0.0,0.0,2019-09-22
31,hru31,0.0,0.0,0.896,0.0,0.0,0.0,0.0,0.0,0.0,0.0,2019-09-22
32,hru32,0.0,0.0,0.906,0.0,0.0,0.0,0.0,0.0,0.0,0.0,2019-09-22
33,hru33,0.0,0.0,0.901,0.0,0.0,0.0,0.0,0.0,0.0,0.0,2019-09-22
34,hru34,0.0,0.0,0.901,0.0,0.0,0.0,0.0,0.0,0.0,0.0,2019-09-22
35,hru35,0.0,0.0,0.896,0.0,0.0,0.0,0.0,0.0,0.0,0.0,2019-09-22
36,hru36,0.0,0.0,0.901,0.0,0.0,0.0,0.0,0.0,0.0,0.0,2019-09-22
1,hru01,0.0,0.0,0.901,0.0,0.0,0.0,0.0,0.0,0.0,0.0,2019-09-23
2,hru02,0.0,0.0,0.905,0.0,0.0,0.0,0.0,0.0,0.0,0.0,2019-09-23
3,hru03,0.0,0.0,0.894,0.0,0.0,0.0,0.0,0.0,0.0,0.0,2019-09-23
4,hru04,0.0,0.0,0.898,0.0,0.0,0.0,0.0,0.0,0.0,0.0,2019-09-23
5,hru05,0.0,0.0,0.904,0.0,0.0,0.0,0.0,0.0,0.0,0.0,2019-09-23
6,hru06,0.0,0.0,0.904,0.0,0.0,0.0,0.0,0.0,0.0,0.0,2019-09-23
7,hru07,0.0,0.0,0.909,0.0,0.0,0.0,0.0,0.0,0.0,0.0,2019-09-23
8,hru08,0.0,0.0,0.894,0.0,0.0,0.0,0.0,0.0,0.0,0.0,2019-09-23
9,hru09,0.0,0.0,0.905,0.0,0.0,0.0,0.0,0.0,0.0,0.0,2019-09-23
10,hru10,0.0,0.0,0.905,0.0,0.0,0.0,0.0,0.0,0.0,0.0,2019-09-23
11,hru11,0.0,0.0,0.909,0.0,0.0,0.0,0.0,0.0,0.0,0.0,2019-09-23
12,hru12,0.0,0.0,0.908,0.0,0.0,0.0,0.0,0.0,0.0,0.0,2019-09-23
13,hru13,0.0,0.0,0.911,0.0,0.0,0.0,0.0,0.0,0.0,0.0,2019-09-23
14,hru14,0.0,0.0,0.908,0.0,0.0,0.0,0.0,0.0,0.0,0.0,2019-09-23
15,hru15,0.0,0.0,0.914,0.0,0.0,0.0,0.0,0.0,0.0,0.0,2019-09-23
16,hru16,0.0,0.0,0.908,0.0,0.0,0.0,0.0,0.0,0.0,0.0,2019-09-23
17,hru17,0.0,0.0,0.913,0.0,0.0,0.0,0.0,0.0,0.0,0.0,2019-09-23
18,hru18,0.0,0.0,0.914,0.0,0.0,0.0,0.0,0.0,0.0,0.0,2019-09-23
19,hru19,0.0,0.0,0.918,0.0,0.0,0.0,0.0,0.0,0.0,0.0,2019-09-23
20,hru20,0.0,0.0,0.915,0.0,0.0,0.0,0.0,0.0,0.0,0.0,2019-09-23
21,hru21,0.0,0.0,0.914,0.0,0.0,0.0,0.0,0.0,0.0,0.0,2019-09-23
22,hru22,0.0,0.0,0.914,0.0,0.0,0.0,0.0,0.0,0.0,0.0,2019-09-23
23,hru23,0.0,0.0,0.914,0.0,0.0,0.0,0.0,0.0,0.0,0.0,2019-09-23
24,hru24,0.0,0.0,0.914,0.0,0.0,0.0,0.0,0.0,0.0,0.0,2019-09-23
25,hru25,0.0,0.0,0.915,0.0,0.0,0.0,0.0,0.0,0.0,0.0,2019-09-23
26,hru26,0.0,0.0,0.916,0.0,0.0,0.0,0.0,0.0,0.0,0.0,2019-09-23
27,hru27,0.0,0.0,0.908,0.0,0.0,0.0,0.0,0.0,0.0,0.0,2019-09-23
28,hru28,0.0,0.0,0.909,0.0,0.0,0.0,0.0,0.0,0.0,0.0,2019-09-23
29,hru29,0.0,0.0,0.908,0.0,0.0,0.0,0.0,0.0,0.0,0.0,2019-09-23
30,hru30,0.0,0.0,0.907,0.0,0.0,0.0,0.0,0.0,0.0,0.0,2019-09-23
31,hru31,0.0,0.0,0.901,0.0,0.0,0.0,0.0,0.0,0.0,0.0,2019-09-23
32,hru32,0.0,0.0,0.911,0.0,0.0,0.0,0.0,0.0,0.0,0.0,2019-09-23
33,hru33,0.0,0.0,0.906,0.0,0.0,0.0,0.0,0.0,0.0,0.0,2019-09-23
34,hru34,0.0,0.0,0.906,0.0,0.0,0.0,0.0,0.0,0.0,0.0,2019-09-23
35,hru35,0.0,0.0,0.901,0.0,0.0,0.0,0.0,0.0,0.0,0.0,2019-09-23
36,hru36,0.0,0.0,0.906,0.0,0.0,0.0,0.0,0.0,0.0,0.0,2019-09-23
1,hru01,0.0,0.0,0.907,0.0,0.0,0.0,0.0,0.0,0.0,0.0,2019-09-24
2,hru02,0.0,0.0,0.911,0.0,0.0,0.0,0.0,0.0,0.0,0.0,2019-09-24
3,hru03,0.0,0.0,0.9,0.0,0.0,0.0,0.0,0.0,0.0,0.0,2019-09-24
4,hru04,0.0,0.0,0.905,0.0,0.0,0.0,0.0,0.0,0.0,0.0,2019-09-24
5,hru05,0.0,0.0,0.91,0.0,0.0,0.0,0.0,0.0,0.0,0.0,2019-09-24
6,hru06,0.0,0.0,0.91,0.0,0.0,0.0,0.0,0.0,0.0,0.0,2019-09-24
7,hru07,0.0,0.0,0.915,0.0,0.0,0.0,0.0,0.0,0.0,0.0,2019-09-24
8,hru08,0.0,0.0,0.9,0.0,0.0,0.0,0.0,0.0,0.0,0.0,2019-09-24
9,hru09,0.0,0.0,0.912,0.0,0.0,0.0,0.0,0.0,0.0,0.0,2019-09-24
10,hru10,0.0,0.0,0.912,0.0,0.0,0.0,0.0,0.0,0.0,0.0,2019-09-24
11,hru11,0.0,0.0,0.915,0.0,0.0,0.0,0.0,0.0,0.0,0.0,2019-09-24
12,hru12,0.0,0.0,0.914,0.0,0.0,0.0,0.0,0.0,0.0,0.0,2019-09-24
13,hru13,0.0,0.0,0.917,0.0,0.0,0.0,0.0,0.0,0.0,0.0,2019-09-24
14,hru14,0.0,0.0,0.914,0.0,0.0,0.0,0.0,0.0,0.0,0.0,2019-09-24
15,hru15,0.0,0.0,0.92,0.0,0.0,0.0,0.0,0.0,0.0,0.0,2019-09-24
16,hru16,0.0,0.0,0.914,0.0,0.0,0.0,0.0,0.0,0.0,0.0,2019-09-24
17,hru17,0.0,0.0,0.919,0.0,0.0,0.0,0.0,0.0,0.0,0.0,2019-09-24
18,hru18,0.0,0.0,0.921,0.0,0.0,0.0,0.0,0.0,0.0,0.0,2019-09-24
19,hru19,0.0,0.0,0.925,0.0,0.0,0.0,0.0,0.0,0.0,0.0,2019-09-24
20,hru20,0.0,0.0,0.922,0.0,0.0,0.0,0.0,0.0,0.0,0.0,2019-09-24
21,hru21,0.0,0.0,0.92,0.0,0.0,0.0,0.0,0.0,0.0,0.0,2019-09-24
22,hru22,0.0,0.0,0.921,0.0,0.0,0.0,0.0,0.0,0.0,0.0,2019-09-24
23,hru23,0.0,0.0,0.921,0.0,0.0,0.0,0.0,0.0,0.0,0.0,2019-09-24
24,hru24,0.0,0.0,0.921,0.0,0.0,0.0,0.0,0.0,0.0,0.0,2019-09-24
25,hru25,0.0,0.0,0.922,0.0,0.0,0.0,0.0,0.0,0.0,0.0,2019-09-24
26,hru26,0.0,0.0,0.922,0.0,0.0,0.0,0.0,0.0,0.0,0.0,2019-09-24
27,hru27,0.0,0.0,0.914,0.0,0.0,0.0,0.0,0.0,0.0,0.0,2019-09-24
28,hru28,0.0,0.0,0.915,0.0,0.0,0.0,0.0,0.0,0.0,0.0,2019-09-24
29,hru29,0.0,0.0,0.914,0.0,0.0,0.0,0.0,0.0,0.0,0.0,2019-09-24
30,hru30,0.0,0.0,0.913,0.0,0.0,0.0,0.0,0.0,0.0,0.0,2019-09-24
31,hru31,0.0,0.0,0.907,0.0,0.0,0.0,0.0,0.0,0.0,0.0,2019-09-24
32,hru32,0.0,0.0,0.917,0.0,0.0,0.0,0.0,0.0,0.0,0.0,2019-09-24
33,hru33,0.0,0.0,0.912,0.0,0.0,0.0,0.0,0.0,0.0,0.0,2019-09-24
34,hru34,0.0,0.0,0.912,0.0,0.0,0.0,0.0,0.0,0.0,0.0,2019-09-24
35,hru35,0.0,0.0,0.907,0.0,0.0,0.0,0.0,0.0,0.0,0.0,2019-09-24
36,hru36,0.0,0.0,0.912,0.0,0.0,0.0,0.0,0.0,0.0,0.0,2019-09-24
1,hru01,0.0,0.0,0.911,0.0,0.0,0.0,0.0,0.0,0.0,0.0,2019-09-25
2,hru02,0.0,0.0,0.915,0.0,0.0,0.0,0.0,0.0,0.0,0.0,2019-09-25
3,hru03,0.0,0.0,0.904,0.0,0.0,0.0,0.0,0.0,0.0,0.0,2019-09-25
4,hru04,0.0,0.0,0.908,0.0,0.0,0.0,0.0,0.0,0.0,0.0,2019-09-25
5,hru05,0.0,0.0,0.914,0.0,0.0,0.0,0.0,0.0,0.0,0.0,2019-09-25
6,hru06,0.0,0.0,0.914,0.0,0.0,0.0,0.0,0.0,0.0,0.0,2019-09-25
7,hru07,0.0,0.0,0.919,0.0,0.0,0.0,0.0,0.0,0.0,0.0,2019-09-25
8,hru08,0.0,0.0,0.904,0.0,0.0,0.0,0.0,0.0,0.0,0.0,2019-09-25
9,hru09,0.0,0.0,0.915,0.0,0.0,0.0,0.0,0.0,0.0,0.0,2019-09-25
10,hru10,0.0,0.0,0.915,0.0,0.0,0.0,0.0,0.0,0.0,0.0,2019-09-25
11,hru11,0.0,0.0,0.919,0.0,0.0,0.0,0.0,0.0,0.0,0.0,2019-09-25
12,hru12,0.0,0.0,0.918,0.0,0.0,0.0,0.0,0.0,0.0,0.0,2019-09-25
13,hru13,0.0,0.0,0.921,0.0,0.0,0.0,0.0,0.0,0.0,0.0,2019-09-25
14,hru14,0.0,0.0,0.918,0.0,0.0,0.0,0.0,0.0,0.0,0.0,2019-09-25
15,hru15,0.0,0.0,0.924,0.0,0.0,0.0,0.0,0.0,0.0,0.0,2019-09-25
16,hru16,0.0,0.0,0.918,0.0,0.0,0.0,0.0,0.0,0.0,0.0,2019-09-25
17,hru17,0.0,0.0,0.923,0.0,0.0,0.0,0.0,0.0,0.0,0.0,2019-09-25
18,hru18,0.0,0.0,0.924,0.0,0.0,0.0,0.0,0.0,0.0,0.0,2019-09-25
19,hru19,0.0,0.0,0.929,0.0,0.0,0.0,0.0,0.0,0.0,0.0,2019-09-25
20,hru20,0.0,0.0,0.926,0.0,0.0,0.0,0.0,0.0,0.0,0.0,2019-09-25
21,hru21,0.0,0.0,0.924,0.0,0.0,0.0,0.0,0.0,0.0,0.0,2019-09-25
22,hru22,0.0,0.0,0.924,0.0,0.0,0.0,0.0,0.0,0.0,0.0,2019-09-25
23,hru23,0.0,0.0,0.924,0.0,0.0,0.0,0.0,0.0,0.0,0.0,2019-09-25
24,hru24,0.0,0.0,0.924,0.0,0.0,0.0,0.0,0.0,0.0,0.0,2019-09-25
25,hru25,0.0,0.0,0.926,0.0,0.0,0.0,0.0,0.0,0.0,0.0,2019-09-25
26,hru26,0.0,0.0,0.926,0.0,0.0,0.0,0.0,0.0,0.0,0.0,2019-09-25
27,hru27,0.0,0.0,0.918,0.0,0.0,0.0,0.0,0.0,0.0,0.0,2019-09-25
28,hru28,0.0,0.0,0.919,0.0,0.0,0.0,0.0,0.0,0.0,0.0,2019-09-25
29,hru29,0.0,0.0,0.918,0.0,0.0,0.0,0.0,0.0,0.0,0.0,2019-09-25
30,hru30,0.0,0.0,0.917,0.0,0.0,0.0,0.0,0.0,0.0,0.0,2019-09-25
31,hru31,0.0,0.0,0.911,0.0,0.0,0.0,0.0,0.0,0.0,0.0,2019-09-25
32,hru32,0.0,0.0,0.921,0.0,0.0,0.0,0.0,0.0,0.0,0.0,2019-09-25
33,hru33,0.0,0.0,0.916,0.0,0.0,0.0,0.0,0.0,0.0,0.0,2019-09-25
34,hru34,0.0,0.0,0.916,0.0,0.0,0.0,0.0,0.0,0.0,0.0,2019-09-25
35,hru35,0.0,0.0,0.911,0.0,0.0,0.0,0.0,0.0,0.0,0.0,2019-09-25
36,hru36,0.0,0.0,0.916,0.0,0.0,0.0,0.0,0.0,0.0,0.0,2019-09-25
1,hru01,0.0,0.0,0.915,0.0,0.0,0.0,0.0,0.0,0.0,0.0,2019-09-26
2,hru02,0.0,0.0,0.919,0.0,0.0,0.0,0.0,0.0,0.0,0.0,2019-09-26
3,hru03,0.0,0.0,0.908,0.0,0.0,0.0,0.0,0.0,0.0,0.0,2019-09-26
4,hru04,0.0,0.0,0.912,0.0,0.0,0.0,0.0,0.0,0.0,0.0,2019-09-26
5,hru05,0.0,0.0,0.918,0.0,0.0,0.0,0.0,0.0,0.0,0.0,2019-09-26
6,hru06,0.0,0.0,0.918,0.0,0.0,0.0,0.0,0.0,0.0,0.0,2019-09-26
7,hru07,0.0,0.0,0.923,0.0,0.0,0.0,0.0,0.0,0.0,0.0,2019-09-26
8,hru08,0.0,0.0,0.908,0.0,0.0,0.0,0.0,0.0,0.0,0.0,2019-09-26
9,hru09,0.0,0.0,0.92,0.0,0.0,0.0,0.0,0.0,0.0,0.0,2019-09-26
10,hru10,0.0,0.0,0.92,0.0,0.0,0.0,0.0,0.0,0.0,0.0,2019-09-26
11,hru11,0.0,0.0,0.923,0.0,0.0,0.0,0.0,0.0,0.0,0.0,2019-09-26
12,hru12,0.0,0.0,0.922,0.0,0.0,0.0,0.0,0.0,0.0,0.0,2019-09-26
13,hru13,0.0,0.0,0.925,0.0,0.0,0.0,0.0,0.0,0.0,0.0,2019-09-26
14,hru14,0.0,0.0,0.922,0.0,0.0,0.0,0.0,0.0,0.0,0.0,2019-09-26
15,hru15,0.0,0.0,0.928,0.0,0.0,0.0,0.0,0.0,0.0,0.0,2019-09-26
16,hru16,0.0,0.0,0.922,0.0,0.0,0.0,0.0,0.0,0.0,0.0,2019-09-26
17,hru17,0.0,0.0,0.927,0.0,0.0,0.0,0.0,0.0,0.0,0.0,2019-09-26
18,hru18,0.0,0.0,0.929,0.0,0.0,0.0,0.0,0.0,0.0,0.0,2019-09-26
19,hru19,0.0,0.0,0.933,0.0,0.0,0.0,0.0,0.0,0.0,0.0,2019-09-26
20,hru20,0.0,0.0,0.93,0.0,0.0,0.0,0.0,0.0,0.0,0.0,2019-09-26
21,hru21,0.0,0.0,0.928,0.0,0.0,0.0,0.0,0.0,0.0,0.0,2019-09-26
22,hru22,0.0,0.0,0.929,0.0,0.0,0.0,0.0,0.0,0.0,0.0,2019-09-26
23,hru23,0.0,0.0,0.929,0.0,0.0,0.0,0.0,0.0,0.0,0.0,2019-09-26
24,hru24,0.0,0.0,0.929,0.0,0.0,0.0,0.0,0.0,0.0,0.0,2019-09-26
25,hru25,0.0,0.0,0.93,0.0,0.0,0.0,0.0,0.0,0.0,0.0,2019-09-26
26,hru26,0.0,0.0,0.93,0.0,0.0,0.0,0.0,0.0,0.0,0.0,2019-09-26
27,hru27,0.0,0.0,0.922,0.0,0.0,0.0,0.0,0.0,0.0,0.0,2019-09-26
28,hru28,0.0,0.0,0.923,0.0,0.0,0.0,0.0,0.0,0.0,0.0,2019-09-26
29,hru29,0.0,0.0,0.922,0.0,0.0,0.0,0.0,0.0,0.0,0.0,2019-09-26
30,hru30,0.0,0.0,0.921,0.0,0.0,0.0,0.0,0.0,0.0,0.0,2019-09-26
31,hru31,0.0,0.0,0.915,0.0,0.0,0.0,0.0,0.0,0.0,0.0,2019-09-26
32,hru32,0.0,0.0,0.925,0.0,0.0,0.0,0.0,0.0,0.0,0.0,2019-09-26
33,hru33,0.0,0.0,0.92,0.0,0.0,0.0,0.0,0.0,0.0,0.0,2019-09-26
34,hru34,0.0,0.0,0.92,0.0,0.0,0.0,0.0,0.0,0.0,0.0,2019-09-26
35,hru35,0.0,0.0,0.915,0.0,0.0,0.0,0.0,0.0,0.0,0.0,2019-09-26
36,hru36,0.0,0.0,0.92,0.0,0.0,0.0,0.0,0.0,0.0,0.0,2019-09-26
1,hru01,0.0,0.0,0.92,0.0,0.0,0.0,0.0,0.0,0.0,0.0,2019-09-27
2,hru02,0.0,0.0,0.924,0.0,0.0,0.0,0.0,0.0,0.0,0.0,2019-09-27
3,hru03,0.0,0.0,0.912,0.0,0.0,0.0,0.0,0.0,0.0,0.0,2019-09-27
4,hru04,0.0,0.0,0.917,0.0,0.0,0.0,0.0,0.0,0.0,0.0,2019-09-27
5,hru05,0.0,0.0,0.922,0.0,0.0,0.0,0.0,0.0,0.0,0.0,2019-09-27
6,hru06,0.0,0.0,0.922,0.0,0.0,0.0,0.0,0.0,0.0,0.0,2019-09-27
7,hru07,0.0,0.0,0.927,0.0,0.0,0.0,0.0,0.0,0.0,0.0,2019-09-27
8,hru08,0.0,0.0,0.912,0.0,0.0,0.0,0.0,0.0,0.0,0.0,2019-09-27
9,hru09,0.0,0.0,0.924,0.0,0.0,0.0,0.0,0.0,0.0,0.0,2019-09-27
10,hru10,0.0,0.0,0.924,0.0,0.0,0.0,0.0,0.0,0.0,0.0,2019-09-27
11,hru11,0.0,0.0,0.927,0.0,0.0,0.0,0.0,0.0,0.0,0.0,2019-09-27
12,hru12,0.0,0.0,0.927,0.0,0.0,0.0,0.0,0.0,0.0,0.0,2019-09-27
13,hru13,0.0,0.0,0.929,0.0,0.0,0.0,0.0,0.0,0.0,0.0,2019-09-27
14,hru14,0.0,0.0,0.927,0.0,0.0,0.0,0.0,0.0,0.0,0.0,2019-09-27
15,hru15,0.0,0.0,0.933,0.0,0.0,0.0,0.0,0.0,0.0,0.0,2019-09-27
16,hru16,0.0,0.0,0.926,0.0,0.0,0.0,0.0,0.0,0.0,0.0,2019-09-27
17,hru17,0.0,0.0,0.932,0.0,0.0,0.0,0.0,0.0,0.0,0.0,2019-09-27
18,hru18,0.0,0.0,0.933,0.0,0.0,0.0,0.0,0.0,0.0,0.0,2019-09-27
19,hru19,0.0,0.0,0.937,0.0,0.0,0.0,0.0,0.0,0.0,0.0,2019-09-27
20,hru20,0.0,0.0,0.934,0.0,0.0,0.0,0.0,0.0,0.0,0.0,2019-09-27
21,hru21,0.0,0.0,0.933,0.0,0.0,0.0,0.0,0.0,0.0,0.0,2019-09-27
22,hru22,0.0,0.0,0.933,0.0,0.0,0.0,0.0,0.0,0.0,0.0,2019-09-27
23,hru23,0.0,0.0,0.933,0.0,0.0,0.0,0.0,0.0,0.0,0.0,2019-09-27
24,hru24,0.0,0.0,0.933,0.0,0.0,0.0,0.0,0.0,0.0,0.0,2019-09-27
25,hru25,0.0,0.0,0.934,0.0,0.0,0.0,0.0,0.0,0.0,0.0,2019-09-27
26,hru26,0.0,0.0,0.934,0.0,0.0,0.0,0.0,0.0,0.0,0.0,2019-09-27
27,hru27,0.0,0.0,0.927,0.0,0.0,0.0,0.0,0.0,0.0,0.0,2019-09-27
28,hru28,0.0,0.0,0.927,0.0,0.0,0.0,0.0,0.0,0.0,0.0,2019-09-27
29,hru29,0.0,0.0,0.926,0.0,0.0,0.0,0.0,0.0,0.0,0.0,2019-09-27
30,hru30,0.0,0.0,0.925,0.0,0.0,0.0,0.0,0.0,0.0,0.0,2019-09-27
31,hru31,0.0,0.0,0.92,0.0,0.0,0.0,0.0,0.0,0.0,0.0,2019-09-27
32,hru32,0.0,0.0,0.929,0.0,0.0,0.0,0.0,0.0,0.0,0.0,2019-09-27
33,hru33,0.0,0.0,0.925,0.0,0.0,0.0,0.0,0.0,0.0,0.0,2019-09-27
34,hru34,0.0,0.0,0.925,0.0,0.0,0.0,0.0,0.0,0.0,0.0,2019-09-27
35,hru35,0.0,0.0,0.92,0.0,0.0,0.0,0.0,0.0,0.0,0.0,2019-09-27
36,hru36,0.0,0.0,0.925,0.0,0.0,0.0,0.0,0.0,0.0,0.0,2019-09-27
1,hru01,0.0,0.0,0.924,0.0,0.0,0.0,0.0,0.0,0.0,0.0,2019-09-28
2,hru02,0.0,0.0,0.928,0.0,0.0,0.0,0.0,0.0,0.0,0.0,2019-09-28
3,hru03,0.0,0.0,0.916,0.0,0.0,0.0,0.0,0.0,0.0,0.0,2019-09-28
4,hru04,0.0,0.0,0.921,0.0,0.0,0.0,0.0,0.0,0.0,0.0,2019-09-28
5,hru05,0.0,0.0,0.926,0.0,0.0,0.0,0.0,0.0,0.0,0.0,2019-09-28
6,hru06,0.0,0.0,0.926,0.0,0.0,0.0,0.0,0.0,0.0,0.0,2019-09-28
7,hru07,0.0,0.0,0.932,0.0,0.0,0.0,0.0,0.0,0.0,0.0,2019-09-28
8,hru08,0.0,0.0,0.916,0.0,0.0,0.0,0.0,0.0,0.0,0.0,2019-09-28
9,hru09,0.0,0.0,0.928,0.0,0.0,0.0,0.0,0.0,0.0,0.0,2019-09-28
10,hru10,0.0,0.0,0.928,0.0,0.0,0.0,0.0,0.0,0.0,0.0,2019-09-28
11,hru11,0.0,0.0,0.932,0.0,0.0,0.0,0.0,0.0,0.0,0.0,2019-09-28
12,hru12,0.0,0.0,0.931,0.0,0.0,0.0,0.0,0.0,0.0,0.0,2019-09-28
13,hru13,0.0,0.0,0.934,0.0,0.0,0.0,0.0,0.0,0.0,0.0,2019-09-28
14,hru14,0.0,0.0,0.931,0.0,0.0,0.0,0.0,0.0,0.0,0.0,2019-09-28
15,hru15,0.0,0.0,0.937,0.0,0.0,0.0,0.0,0.0,0.0,0.0,2019-09-28
16,hru16,0.0,0.0,0.931,0.0,0.0,0.0,0.0,0.0,0.0,0.0,2019-09-28
17,hru17,0.0,0.0,0.936,0.0,0.0,0.0,0.0,0.0,0.0,0.0,2019-09-28
18,hru18,0.0,0.0,0.937,0.0,0.0,0.0,0.0,0.0,0.0,0.0,2019-09-28
19,hru19,0.0,0.0,0.942,0.0,0.0,0.0,0.0,0.0,0.0,0.0,2019-09-28
20,hru20,0.0,0.0,0.938,0.0,0.0,0.0,0.0,0.0,0.0,0.0,2019-09-28
21,hru21,0.0,0.0,0.937,0.0,0.0,0.0,0.0,0.0,0.0,0.0,2019-09-28
22,hru22,0.0,0.0,0.937,0.0,0.0,0.0,0.0,0.0,0.0,0.0,2019-09-28
23,hru23,0.0,0.0,0.937,0.0,0.0,0.0,0.0,0.0,0.0,0.0,2019-09-28
24,hru24,0.0,0.0,0.937,0.0,0.0,0.0,0.0,0.0,0.0,0.0,2019-09-28
25,hru25,0.0,0.0,0.938,0.0,0.0,0.0,0.0,0.0,0.0,0.0,2019-09-28
26,hru26,0.0,0.0,0.939,0.0,0.0,0.0,0.0,0.0,0.0,0.0,2019-09-28
27,hru27,0.0,0.0,0.931,0.0,0.0,0.0,0.0,0.0,0.0,0.0,2019-09-28
28,hru28,0.0,0.0,0.932,0.0,0.0,0.0,0.0,0.0,0.0,0.0,2019-09-28
29,hru29,0.0,0.0,0.931,0.0,0.0,0.0,0.0,0.0,0.0,0.0,2019-09-28
30,hru30,0.0,0.0,0.929,0.0,0.0,0.0,0.0,0.0,0.0,0.0,2019-09-28
31,hru31,0.0,0.0,0.924,0.0,0.0,0.0,0.0,0.0,0.0,0.0,2019-09-28
32,hru32,0.0,0.0,0.934,0.0,0.0,0.0,0.0,0.0,0.0,0.0,2019-09-28
33,hru33,0.0,0.0,0.929,0.0,0.0,0.0,0.0,0.0,0.0,0.0,2019-09-28
34,hru34,0.0,0.0,0.929,0.0,0.0,0.0,0.0,0.0,0.0,0.0,2019-09-28
35,hru35,0.0,0.0,0.924,0.0,0.0,0.0,0.0,0.0,0.0,0.0,2019-09-28
36,hru36,0.0,0.0,0.929,0.0,0.0,0.0,0.0,0.0,0.0,0.0,2019-09-28
1,hru01,0.0,0.0,0.928,0.0,0.0,0.0,0.0,0.0,0.0,0.0,2019-09-29
2,hru02,0.0,0.0,0.933,0.0,0.0,0.0,0.0,0.0,0.0,0.0,2019-09-29
3,hru03,0.0,0.0,0.921,0.0,0.0,0.0,0.0,0.0,0.0,0.0,2019-09-29
4,hru04,0.0,0.0,0.926,0.0,0.0,0.0,0.0,0.0,0.0,0.0,2019-09-29
5,hru05,0.0,0.0,0.931,0.0,0.0,0.0,0.0,0.0,0.0,0.0,2019-09-29
6,hru06,0.0,0.0,0.931,0.0,0.0,0.0,0.0,0.0,0.0,0.0,2019-09-29
7,hru07,0.0,0.0,0.936,0.0,0.0,0.0,0.0,0.0,0.0,0.0,2019-09-29
8,hru08,0.0,0.0,0.921,0.0,0.0,0.0,0.0,0.0,0.0,0.0,2019-09-29
9,hru09,0.0,0.0,0.933,0.0,0.0,0.0,0.0,0.0,0.0,0.0,2019-09-29
10,hru10,0.0,0.0,0.933,0.0,0.0,0.0,0.0,0.0,0.0,0.0,2019-09-29
11,hru11,0.0,0.0,0.936,0.0,0.0,0.0,0.0,0.0,0.0,0.0,2019-09-29
12,hru12,0.0,0.0,0.935,0.0,0.0,0.0,0.0,0.0,0.0,0.0,2019-09-29
13,hru13,0.0,0.0,0.938,0.0,0.0,0.0,0.0,0.0,0.0,0.0,2019-09-29
14,hru14,0.0,0.0,0.935,0.0,0.0,0.0,0.0,0.0,0.0,0.0,2019-09-29
15,hru15,0.0,0.0,0.942,0.0,0.0,0.0,0.0,0.0,0.0,0.0,2019-09-29
16,hru16,0.0,0.0,0.935,0.0,0.0,0.0,0.0,0.0,0.0,0.0,2019-09-29
17,hru17,0.0,0.0,0.941,0.0,0.0,0.0,0.0,0.0,0.0,0.0,2019-09-29
18,hru18,0.0,0.0,0.942,0.0,0.0,0.0,0.0,0.0,0.0,0.0,2019-09-29
19,hru19,0.0,0.0,0.946,0.0,0.0,0.0,0.0,0.0,0.0,0.0,2019-09-29
20,hru20,0.0,0.0,0.943,0.0,0.0,0.0,0.0,0.0,0.0,0.0,2019-09-29
21,hru21,0.0,0.0,0.942,0.0,0.0,0.0,0.0,0.0,0.0,0.0,2019-09-29
22,hru22,0.0,0.0,0.942,0.0,0.0,0.0,0.0,0.0,0.0,0.0,2019-09-29
23,hru23,0.0,0.0,0.942,0.0,0.0,0.0,0.0,0.0,0.0,0.0,2019-09-29
24,hru24,0.0,0.0,0.942,0.0,0.0,0.0,0.0,0.0,0.0,0.0,2019-09-29
25,hru25,0.0,0.0,0.943,0.0,0.0,0.0,0.0,0.0,0.0,0.0,2019-09-29
26,hru26,0.0,0.0,0.943,0.0,0.0,0.0,0.0,0.0,0.0,0.0,2019-09-29
27,hru27,0.0,0.0,0.936,0.0,0.0,0.0,0.0,0.0,0.0,0.0,2019-09-29
28,hru28,0.0,0.0,0.936,0.0,0.0,0.0,0.0,0.0,0.0,0.0,2019-09-29
29,hru29,0.0,0.0,0.935,0.0,0.0,0.0,0.0,0.0,0.0,0.0,2019-09-29
30,hru30,0.0,0.0,0.934,0.0,0.0,0.0,0.0,0.0,0.0,0.0,2019-09-29
31,hru31,0.0,0.0,0.928,0.0,0.0,0.0,0.0,0.0,0.0,0.0,2019-09-29
32,hru32,0.0,0.0,0.938,0.0,0.0,0.0,0.0,0.0,0.0,0.0,2019-09-29
33,hru33,0.0,0.0,0.934,0.0,0.0,0.0,0.0,0.0,0.0,0.0,2019-09-29
34,hru34,0.0,0.0,0.934,0.0,0.0,0.0,0.0,0.0,0.0,0.0,2019-09-29
35,hru35,0.0,0.0,0.928,0.0,0.0,0.0,0.0,0.0,0.0,0.0,2019-09-29
36,hru36,0.0,0.0,0.934,0.0,0.0,0.0,0.0,0.0,0.0,0.0,2019-09-29
1,hru01,0.0,0.0,0.935,0.0,0.0,0.0,0.0,0.0,0.0,0.0,2019-09-30
2,hru02,0.0,0.0,0.939,0.0,0.0,0.0,0.0,0.0,0.0,0.0,2019-09-30
3,hru03,0.0,0.0,0.928,0.0,0.0,0.0,0.0,0.0,0.0,0.0,2019-09-30
4,hru04,0.0,0.0,0.932,0.0,0.0,0.0,0.0,0.0,0.0,0.0,2019-09-30
5,hru05,0.0,0.0,0.938,0.0,0.0,0.0,0.0,0.0,0.0,0.0,2019-09-30
6,hru06,0.0,0.0,0.938,0.0,0.0,0.0,0.0,0.0,0.0,0.0,2019-09-30
7,hru07,0.0,0.0,0.943,0.0,0.0,0.0,0.0,0.0,0.0,0.0,2019-09-30
8,hru08,0.0,0.0,0.928,0.0,0.0,0.0,0.0,0.0,0.0,0.0,2019-09-30
9,hru09,0.0,0.0,0.94,0.0,0.0,0.0,0.0,0.0,0.0,0.0,2019-09-30
10,hru10,0.0,0.0,0.94,0.0,0.0,0.0,0.0,0.0,0.0,0.0,2019-09-30
11,hru11,0.0,0.0,0.943,0.0,0.0,0.0,0.0,0.0,0.0,0.0,2019-09-30
12,hru12,0.0,0.0,0.942,0.0,0.0,0.0,0.0,0.0,0.0,0.0,2019-09-30
13,hru13,0.0,0.0,0.945,0.0,0.0,0.0,0.0,0.0,0.0,0.0,2019-09-30
14,hru14,0.0,0.0,0.942,0.0,0.0,0.0,0.0,0.0,0.0,0.0,2019-09-30
15,hru15,0.0,0.0,0.949,0.0,0.0,0.0,0.0,0.0,0.0,0.0,2019-09-30
16,hru16,0.0,0.0,0.942,0.0,0.0,0.0,0.0,0.0,0.0,0.0,2019-09-30
17,hru17,0.0,0.0,0.948,0.0,0.0,0.0,0.0,0.0,0.0,0.0,2019-09-30
18,hru18,0.0,0.0,0.949,0.0,0.0,0.0,0.0,0.0,0.0,0.0,2019-09-30
19,hru19,0.0,0.0,0.953,0.0,0.0,0.0,0.0,0.0,0.0,0.0,2019-09-30
20,hru20,0.0,0.0,0.95,0.0,0.0,0.0,0.0,0.0,0.0,0.0,2019-09-30
21,hru21,0.0,0.0,0.949,0.0,0.0,0.0,0.0,0.0,0.0,0.0,2019-09-30
22,hru22,0.0,0.0,0.949,0.0,0.0,0.0,0.0,0.0,0.0,0.0,2019-09-30
23,hru23,0.0,0.0,0.949,0.0,0.0,0.0,0.0,0.0,0.0,0.0,2019-09-30
24,hru24,0.0,0.0,0.949,0.0,0.0,0.0,0.0,0.0,0.0,0.0,2019-09-30
25,hru25,0.0,0.0,0.95,0.0,0.0,0.0,0.0,0.0,0.0,0.0,2019-09-30
26,hru26,0.0,0.0,0.95,0.0,0.0,0.0,0.0,0.0,0.0,0.0,2019-09-30
27,hru27,0.0,0.0,0.943,0.0,0.0,0.0,0.0,0.0,0.0,0.0,2019-09-30
28,hru28,0.0,0.0,0.943,0.0,0.0,0.0,0.0,0.0,0.0,0.0,2019-09-30
29,hru29,0.0,0.0,0.942,0.0,0.0,0.0,0.0,0.0,0.0,0.0,2019-09-30
30,hru30,0.0,0.0,0.941,0.0,0.0,0.0,0.0,0.0,0.0,0.0,2019-09-30
31,hru31,0.0,0.0,0.935,0.0,0.0,0.0,0.0,0.0,0.0,0.0,2019-09-30
32,hru32,0.0,0.0,0.945,0.0,0.0,0.0,0.0,0.0,0.0,0.0,2019-09-30
33,hru33,0.0,0.0,0.94,0.0,0.0,0.0,0.0,0.0,0.0,0.0,2019-09-30
34,hru34,0.0,0.0,0.94,0.0,0.0,0.0,0.0,0.0,0.0,0.0,2019-09-30
35,hru35,0.0,0.0,0.935,0.0,0.0,0.0,0.0,0.0,0.0,0.0,2019-09-30
36,hru36,0.0,0.0,0.94,0.0,0.0,0.0,0.0,0.0,0.0,0.0,2019-09-30
1,hru01,0.0,0.0,0.939,0.0,0.0,0.0,0.0,0.0,0.0,0.0,2019-10-01
2,hru02,0.0,0.0,0.944,0.0,0.0,0.0,0.0,0.0,0.0,0.0,2019-10-01
3,hru03,0.0,0.0,0.932,0.0,0.0,0.0,0.0,0.0,0.0,0.0,2019-10-01
4,hru04,0.0,0.0,0.936,0.0,0.0,0.0,0.0,0.0,0.0,0.0,2019-10-01
5,hru05,0.0,0.0,0.942,0.0,0.0,0.0,0.0,0.0,0.0,0.0,2019-10-01
6,hru06,0.0,0.0,0.942,0.0,0.0,0.0,0.0,0.0,0.0,0.0,2019-10-01
7,hru07,0.0,0.0,0.948,0.0,0.0,0.0,0.0,0.0,0.0,0.0,2019-10-01
8,hru08,0.0,0.0,0.932,0.0,0.0,0.0,0.0,0.0,0.0,0.0,2019-10-01
9,hru09,0.0,0.0,0.944,0.0,0.0,0.0,0.0,0.0,0.0,0.0,2019-10-01
10,hru10,0.0,0.0,0.944,0.0,0.0,0.0,0.0,0.0,0.0,0.0,2019-10-01
11,hru11,0.0,0.0,0.948,0.0,0.0,0.0,0.0,0.0,0.0,0.0,2019-10-01
12,hru12,0.0,0.0,0.947,0.0,0.0,0.0,0.0,0.0,0.0,0.0,2019-10-01
13,hru13,0.0,0.0,0.95,0.0,0.0,0.0,0.0,0.0,0.0,0.0,2019-10-01
14,hru14,0.0,0.0,0.947,0.0,0.0,0.0,0.0,0.0,0.0,0.0,2019-10-01
15,hru15,0.0,0.0,0.953,0.0,0.0,0.0,0.0,0.0,0.0,0.0,2019-10-01
16,hru16,0.0,0.0,0.946,0.0,0.0,0.0,0.0,0.0,0.0,0.0,2019-10-01
17,hru17,0.0,0.0,0.952,0.0,0.0,0.0,0.0,0.0,0.0,0.0,2019-10-01
18,hru18,0.0,0.0,0.953,0.0,0.0,0.0,0.0,0.0,0.0,0.0,2019-10-01
19,hru19,0.0,0.0,0.958,0.0,0.0,0.0,0.0,0.0,0.0,0.0,2019-10-01
20,hru20,0.0,0.0,0.955,0.0,0.0,0.0,0.0,0.0,0.0,0.0,2019-10-01
21,hru21,0.0,0.0,0.953,0.0,0.0,0.0,0.0,0.0,0.0,0.0,2019-10-01
22,hru22,0.0,0.0,0.953,0.0,0.0,0.0,0.0,0.0,0.0,0.0,2019-10-01
23,hru23,0.0,0.0,0.953,0.0,0.0,0.0,0.0,0.0,0.0,0.0,2019-10-01
24,hru24,0.0,0.0,0.953,0.0,0.0,0.0,0.0,0.0,0.0,0.0,2019-10-01
25,hru25,0.0,0.0,0.955,0.0,0.0,0.0,0.0,0.0,0.0,0.0,2019-10-01
26,hru26,0.0,0.0,0.955,0.0,0.0,0.0,0.0,0.0,0.0,0.0,2019-10-01
27,hru27,0.0,0.0,0.947,0.0,0.0,0.0,0.0,0.0,0.0,0.0,2019-10-01
28,hru28,0.0,0.0,0.948,0.0,0.0,0.0,0.0,0.0,0.0,0.0,2019-10-01
29,hru29,0.0,0.0,0.946,0.0,0.0,0.0,0.0,0.0,0.0,0.0,2019-10-01
30,hru30,0.0,0.0,0.945,0.0,0.0,0.0,0.0,0.0,0.0,0.0,2019-10-01
31,hru31,0.0,0.0,0.939,0.0,0.0,0.0,0.0,0.0,0.0,0.0,2019-10-01
32,hru32,0.0,0.0,0.95,0.0,0.0,0.0,0.0,0.0,0.0,0.0,2019-10-01
33,hru33,0.0,0.0,0.945,0.0,0.0,0.0,0.0,0.0,0.0,0.0,2019-10-01
34,hru34,0.0,0.0,0.945,0.0,0.0,0.0,0.0,0.0,0.0,0.0,2019-10-01
35,hru35,0.0,0.0,0.939,0.0,0.0,0.0,0.0,0.0,0.0,0.0,2019-10-01
36,hru36,0.0,0.0,0.945,0.0,0.0,0.0,0.0,0.0,0.0,0.0,2019-10-01
1,hru01,0.0,0.0,0.942,0.0,0.0,0.0,0.0,0.0,0.0,0.0,2019-10-02
2,hru02,0.0,0.0,0.947,0.0,0.0,0.0,0.0,0.0,0.0,0.0,2019-10-02
3,hru03,0.0,0.0,0.935,0.0,0.0,0.0,0.0,0.0,0.0,0.0,2019-10-02
4,hru04,0.0,0.0,0.939,0.0,0.0,0.0,0.0,0.0,0.0,0.0,2019-10-02
5,hru05,0.0,0.0,0.945,0.0,0.0,0.0,0.0,0.0,0.0,0.0,2019-10-02
6,hru06,0.0,0.0,0.945,0.0,0.0,0.0,0.0,0.0,0.0,0.0,2019-10-02
7,hru07,0.0,0.0,0.951,0.0,0.0,0.0,0.0,0.0,0.0,0.0,2019-10-02
8,hru08,0.0,0.0,0.935,0.0,0.0,0.0,0.0,0.0,0.0,0.0,2019-10-02
9,hru09,0.0,0.0,0.947,0.0,0.0,0.0,0.0,0.0,0.0,0.0,2019-10-02
10,hru10,0.0,0.0,0.947,0.0,0.0,0.0,0.0,0.0,0.0,0.0,2019-10-02
11,hru11,0.0,0.0,0.951,0.0,0.0,0.0,0.0,0.0,0.0,0.0,2019-10-02
12,hru12,0.0,0.0,0.95,0.0,0.0,0.0,0.0,0.0,0.0,0.0,2019-10-02
13,hru13,0.0,0.0,0.953,0.0,0.0,0.0,0.0,0.0,0.0,0.0,2019-10-02
14,hru14,0.0,0.0,0.95,0.0,0.0,0.0,0.0,0.0,0.0,0.0,2019-10-02
15,hru15,0.0,0.0,0.956,0.0,0.0,0.0,0.0,0.0,0.0,0.0,2019-10-02
16,hru16,0.0,0.0,0.95,0.0,0.0,0.0,0.0,0.0,0.0,0.0,2019-10-02
17,hru17,0.0,0.0,0.955,0.0,0.0,0.0,0.0,0.0,0.0,0.0,2019-10-02
18,hru18,0.0,0.0,0.956,0.0,0.0,0.0,0.0,0.0,0.0,0.0,2019-10-02
19,hru19,0.0,0.0,0.961,0.0,0.0,0.0,0.0,0.0,0.0,0.0,2019-10-02
20,hru20,0.0,0.0,0.958,0.0,0.0,0.0,0.0,0.0,0.0,0.0,2019-10-02
21,hru21,0.0,0.0,0.956,0.0,0.0,0.0,0.0,0.0,0.0,0.0,2019-10-02
22,hru22,0.0,0.0,0.956,0.0,0.0,0.0,0.0,0.0,0.0,0.0,2019-10-02
23,hru23,0.0,0.0,0.956,0.0,0.0,0.0,0.0,0.0,0.0,0.0,2019-10-02
24,hru24,0.0,0.0,0.957,0.0,0.0,0.0,0.0,0.0,0.0,0.0,2019-10-02
25,hru25,0.0,0.0,0.958,0.0,0.0,0.0,0.0,0.0,0.0,0.0,2019-10-02
26,hru26,0.0,0.0,0.958,0.0,0.0,0.0,0.0,0.0,0.0,0.0,2019-10-02
27,hru27,0.0,0.0,0.95,0.0,0.0,0.0,0.0,0.0,0.0,0.0,2019-10-02
28,hru28,0.0,0.0,0.951,0.0,0.0,0.0,0.0,0.0,0.0,0.0,2019-10-02
29,hru29,0.0,0.0,0.95,0.0,0.0,0.0,0.0,0.0,0.0,0.0,2019-10-02
30,hru30,0.0,0.0,0.948,0.0,0.0,0.0,0.0,0.0,0.0,0.0,2019-10-02
31,hru31,0.0,0.0,0.942,0.0,0.0,0.0,0.0,0.0,0.0,0.0,2019-10-02
32,hru32,0.0,0.0,0.953,0.0,0.0,0.0,0.0,0.0,0.0,0.0,2019-10-02
33,hru33,0.0,0.0,0.948,0.0,0.0,0.0,0.0,0.0,0.0,0.0,2019-10-02
34,hru34,0.0,0.0,0.948,0.0,0.0,0.0,0.0,0.0,0.0,0.0,2019-10-02
35,hru35,0.0,0.0,0.942,0.0,0.0,0.0,0.0,0.0,0.0,0.0,2019-10-02
36,hru36,0.0,0.0,0.948,0.0,0.0,0.0,0.0,0.0,0.0,0.0,2019-10-02
1,hru01,0.0,0.0,0.944,0.0,0.0,0.0,0.0,0.0,0.0,0.0,2019-10-03
2,hru02,0.0,0.0,0.949,0.0,0.0,0.0,0.0,0.0,0.0,0.0,2019-10-03
3,hru03,0.0,0.0,0.937,0.0,0.0,0.0,0.0,0.0,0.0,0.0,2019-10-03
4,hru04,0.0,0.0,0.941,0.0,0.0,0.0,0.0,0.0,0.0,0.0,2019-10-03
5,hru05,0.0,0.0,0.947,0.0,0.0,0.0,0.0,0.0,0.0,0.0,2019-10-03
6,hru06,0.0,0.0,0.947,0.0,0.0,0.0,0.0,0.0,0.0,0.0,2019-10-03
7,hru07,0.0,0.0,0.953,0.0,0.0,0.0,0.0,0.0,0.0,0.0,2019-10-03
8,hru08,0.0,0.0,0.937,0.0,0.0,0.0,0.0,0.0,0.0,0.0,2019-10-03
9,hru09,0.0,0.0,0.949,0.0,0.0,0.0,0.0,0.0,0.0,0.0,2019-10-03
10,hru10,0.0,0.0,0.949,0.0,0.0,0.0,0.0,0.0,0.0,0.0,2019-10-03
11,hru11,0.0,0.0,0.953,0.0,0.0,0.0,0.0,0.0,0.0,0.0,2019-10-03
12,hru12,0.0,0.0,0.952,0.0,0.0,0.0,0.0,0.0,0.0,0.0,2019-10-03
13,hru13,0.0,0.0,0.955,0.0,0.0,0.0,0.0,0.0,0.0,0.0,2019-10-03
14,hru14,0.0,0.0,0.952,0.0,0.0,0.0,0.0,0.0,0.0,0.0,2019-10-03
15,hru15,0.0,0.0,0.959,0.0,0.0,0.0,0.0,0.0,0.0,0.0,2019-10-03
16,hru16,0.0,0.0,0.952,0.0,0.0,0.0,0.0,0.0,0.0,0.0,2019-10-03
17,hru17,0.0,0.0,0.958,0.0,0.0,0.0,0.0,0.0,0.0,0.0,2019-10-03
18,hru18,0.0,0.0,0.959,0.0,0.0,0.0,0.0,0.0,0.0,0.0,2019-10-03
19,hru19,0.0,0.0,0.963,0.0,0.0,0.0,0.0,0.0,0.0,0.0,2019-10-03
20,hru20,0.0,0.0,0.96,0.0,0.0,0.0,0.0,0.0,0.0,0.0,2019-10-03
21,hru21,0.0,0.0,0.959,0.0,0.0,0.0,0.0,0.0,0.0,0.0,2019-10-03
22,hru22,0.0,0.0,0.959,0.0,0.0,0.0,0.0,0.0,0.0,0.0,2019-10-03
23,hru23,0.0,0.0,0.959,0.0,0.0,0.0,0.0,0.0,0.0,0.0,2019-10-03
24,hru24,0.0,0.0,0.959,0.0,0.0,0.0,0.0,0.0,0.0,0.0,2019-10-03
25,hru25,0.0,0.0,0.96,0.0,0.0,0.0,0.0,0.0,0.0,0.0,2019-10-03
26,hru26,0.0,0.0,0.96,0.0,0.0,0.0,0.0,0.0,0.0,0.0,2019-10-03
27,hru27,0.0,0.0,0.952,0.0,0.0,0.0,0.0,0.0,0.0,0.0,2019-10-03
28,hru28,0.0,0.0,0.953,0.0,0.0,0.0,0.0,0.0,0.0,0.0,2019-10-03
29,hru29,0.0,0.0,0.952,0.0,0.0,0.0,0.0,0.0,0.0,0.0,2019-10-03
30,hru30,0.0,0.0,0.951,0.0,0.0,0.0,0.0,0.0,0.0,0.0,2019-10-03
31,hru31,0.0,0.0,0.944,0.0,0.0,0.0,0.0,0.0,0.0,0.0,2019-10-03
32,hru32,0.0,0.0,0.955,0.0,0.0,0.0,0.0,0.0,0.0,0.0,2019-10-03
33,hru33,0.0,0.0,0.95,0.0,0.0,0.0,0.0,0.0,0.0,0.0,2019-10-03
34,hru34,0.0,0.0,0.95,0.0,0.0,0.0,0.0,0.0,0.0,0.0,2019-10-03
35,hru35,0.0,0.0,0.944,0.0,0.0,0.0,0.0,0.0,0.0,0.0,2019-10-03
36,hru36,0.0,0.0,0.95,0.0,0.0,0.0,0.0,0.0,0.0,0.0,2019-10-03
1,hru01,0.0,0.0,0.947,0.0,0.0,0.0,0.0,0.0,0.0,0.0,2019-10-04
2,hru02,0.0,0.0,0.952,0.0,0.0,0.0,0.0,0.0,0.0,0.0,2019-10-04
3,hru03,0.0,0.0,0.939,0.0,0.0,0.0,0.0,0.0,0.0,0.0,2019-10-04
4,hru04,0.0,0.0,0.944,0.0,0.0,0.0,0.0,0.0,0.0,0.0,2019-10-04
5,hru05,0.0,0.0,0.95,0.0,0.0,0.0,0.0,0.0,0.0,0.0,2019-10-04
6,hru06,0.0,0.0,0.95,0.0,0.0,0.0,0.0,0.0,0.0,0.0,2019-10-04
7,hru07,0.0,0.0,0.956,0.0,0.0,0.0,0.0,0.0,0.0,0.0,2019-10-04
8,hru08,0.0,0.0,0.939,0.0,0.0,0.0,0.0,0.0,0.0,0.0,2019-10-04
9,hru09,0.0,0.0,0.952,0.0,0.0,0.0,0.0,0.0,0.0,0.0,2019-10-04
10,hru10,0.0,0.0,0.952,0.0,0.0,0.0,0.0,0.0,0.0,0.0,2019-10-04
11,hru11,0.0,0.0,0.956,0.0,0.0,0.0,0.0,0.0,0.0,0.0,2019-10-04
12,hru12,0.0,0.0,0.955,0.0,0.0,0.0,0.0,0.0,0.0,0.0,2019-10-04
13,hru13,0.0,0.0,0.958,0.0,0.0,0.0,0.0,0.0,0.0,0.0,2019-10-04
14,hru14,0.0,0.0,0.955,0.0,0.0,0.0,0.0,0.0,0.0,0.0,2019-10-04
15,hru15,0.0,0.0,0.962,0.0,0.0,0.0,0.0,0.0,0.0,0.0,2019-10-04
16,hru16,0.0,0.0,0.955,0.0,0.0,0.0,0.0,0.0,0.0,0.0,2019-10-04
17,hru17,0.0,0.0,0.96,0.0,0.0,0.0,0.0,0.0,0.0,0.0,2019-10-04
18,hru18,0.0,0.0,0.962,0.0,0.0,0.0,0.0,0.0,0.0,0.0,2019-10-04
19,hru19,0.0,0.0,0.966,0.0,0.0,0.0,0.0,0.0,0.0,0.0,2019-10-04
20,hru20,0.0,0.0,0.963,0.0,0.0,0.0,0.0,0.0,0.0,0.0,2019-10-04
21,hru21,0.0,0.0,0.962,0.0,0.0,0.0,0.0,0.0,0.0,0.0,2019-10-04
22,hru22,0.0,0.0,0.962,0.0,0.0,0.0,0.0,0.0,0.0,0.0,2019-10-04
23,hru23,0.0,0.0,0.962,0.0,0.0,0.0,0.0,0.0,0.0,0.0,2019-10-04
24,hru24,0.0,0.0,0.962,0.0,0.0,0.0,0.0,0.0,0.0,0.0,2019-10-04
25,hru25,0.0,0.0,0.963,0.0,0.0,0.0,0.0,0.0,0.0,0.0,2019-10-04
26,hru26,0.0,0.0,0.963,0.0,0.0,0.0,0.0,0.0,0.0,0.0,2019-10-04
27,hru27,0.0,0.0,0.955,0.0,0.0,0.0,0.0,0.0,0.0,0.0,2019-10-04
28,hru28,0.0,0.0,0.956,0.0,0.0,0.0,0.0,0.0,0.0,0.0,2019-10-04
29,hru29,0.0,0.0,0.955,0.0,0.0,0.0,0.0,0.0,0.0,0.0,2019-10-04
30,hru30,0.0,0.0,0.953,0.0,0.0,0.0,0.0,0.0,0.0,0.0,2019-10-04
31,hru31,0.0,0.0,0.947,0.0,0.0,0.0,0.0,0.0,0.0,0.0,2019-10-04
32,hru32,0.0,0.0,0.958,0.0,0.0,0.0,0.0,0.0,0.0,0.0,2019-10-04
33,hru33,0.0,0.0,0.953,0.0,0.0,0.0,0.0,0.0,0.0,0.0,2019-10-04
34,hru34,0.0,0.0,0.953,0.0,0.0,0.0,0.0,0.0,0.0,0.0,2019-10-04
35,hru35,0.0,0.0,0.947,0.0,0.0,0.0,0.0,0.0,0.0,0.0,2019-10-04
36,hru36,0.0,0.0,0.953,0.0,0.0,0.0,0.0,0.0,0.0,0.0,2019-10-04
1,hru01,0.0,0.0,0.95,0.0,0.0,0.0,0.0,0.0,0.0,0.0,2019-10-05
2,hru02,0.0,0.0,0.955,0.0,0.0,0.0,0.0,0.0,0.0,0.0,2019-10-05
3,hru03,0.0,0.0,0.942,0.0,0.0,0.0,0.0,0.0,0.0,0.0,2019-10-05
4,hru04,0.0,0.0,0.947,0.0,0.0,0.0,0.0,0.0,0.0,0.0,2019-10-05
5,hru05,0.0,0.0,0.953,0.0,0.0,0.0,0.0,0.0,0.0,0.0,2019-10-05
6,hru06,0.0,0.0,0.953,0.0,0.0,0.0,0.0,0.0,0.0,0.0,2019-10-05
7,hru07,0.0,0.0,0.959,0.0,0.0,0.0,0.0,0.0,0.0,0.0,2019-10-05
8,hru08,0.0,0.0,0.942,0.0,0.0,0.0,0.0,0.0,0.0,0.0,2019-10-05
9,hru09,0.0,0.0,0.955,0.0,0.0,0.0,0.0,0.0,0.0,0.0,2019-10-05
10,hru10,0.0,0.0,0.955,0.0,0.0,0.0,0.0,0.0,0.0,0.0,2019-10-05
11,hru11,0.0,0.0,0.959,0.0,0.0,0.0,0.0,0.0,0.0,0.0,2019-10-05
12,hru12,0.0,0.0,0.958,0.0,0.0,0.0,0.0,0.0,0.0,0.0,2019-10-05
13,hru13,0.0,0.0,0.961,0.0,0.0,0.0,0.0,0.0,0.0,0.0,2019-10-05
14,hru14,0.0,0.0,0.958,0.0,0.0,0.0,0.0,0.0,0.0,0.0,2019-10-05
15,hru15,0.0,0.0,0.965,0.0,0.0,0.0,0.0,0.0,0.0,0.0,2019-10-05
16,hru16,0.0,0.0,0.958,0.0,0.0,0.0,0.0,0.0,0.0,0.0,2019-10-05
17,hru17,0.0,0.0,0.964,0.0,0.0,0.0,0.0,0.0,0.0,0.0,2019-10-05
18,hru18,0.0,0.0,0.965,0.0,0.0,0.0,0.0,0.0,0.0,0.0,2019-10-05
19,hru19,0.0,0.0,0.969,0.0,0.0,0.0,0.0,0.0,0.0,0.0,2019-10-05
20,hru20,0.0,0.0,0.966,0.0,0.0,0.0,0.0,0.0,0.0,0.0,2019-10-05
21,hru21,0.0,0.0,0.965,0.0,0.0,0.0,0.0,0.0,0.0,0.0,2019-10-05
22,hru22,0.0,0.0,0.965,0.0,0.0,0.0,0.0,0.0,0.0,0.0,2019-10-05
23,hru23,0.0,0.0,0.965,0.0,0.0,0.0,0.0,0.0,0.0,0.0,2019-10-05
24,hru24,0.0,0.0,0.965,0.0,0.0,0.0,0.0,0.0,0.0,0.0,2019-10-05
25,hru25,0.0,0.0,0.966,0.0,0.0,0.0,0.0,0.0,0.0,0.0,2019-10-05
26,hru26,0.0,0.0,0.966,0.0,0.0,0.0,0.0,0.0,0.0,0.0,2019-10-05
27,hru27,0.0,0.0,0.958,0.0,0.0,0.0,0.0,0.0,0.0,0.0,2019-10-05
28,hru28,0.0,0.0,0.959,0.0,0.0,0.0,0.0,0.0,0.0,0.0,2019-10-05
29,hru29,0.0,0.0,0.958,0.0,0.0,0.0,0.0,0.0,0.0,0.0,2019-10-05
30,hru30,0.0,0.0,0.957,0.0,0.0,0.0,0.0,0.0,0.0,0.0,2019-10-05
31,hru31,0.0,0.0,0.95,0.0,0.0,0.0,0.0,0.0,0.0,0.0,2019-10-05
32,hru32,0.0,0.0,0.961,0.0,0.0,0.0,0.0,0.0,0.0,0.0,2019-10-05
33,hru33,0.0,0.0,0.956,0.0,0.0,0.0,0.0,0.0,0.0,0.0,2019-10-05
34,hru34,0.0,0.0,0.956,0.0,0.0,0.0,0.0,0.0,0.0,0.0,2019-10-05
35,hru35,0.0,0.0,0.95,0.0,0.0,0.0,0.0,0.0,0.0,0.0,2019-10-05
36,hru36,0.0,0.0,0.956,0.0,0.0,0.0,0.0,0.0,0.0,0.0,2019-10-05
1,hru01,0.0,0.0,0.953,0.0,0.0,0.0,0.0,0.0,0.0,0.0,2019-10-06
2,hru02,0.0,0.0,0.958,0.0,0.0,0.0,0.0,0.0,0.0,0.0,2019-10-06
3,hru03,0.0,0.0,0.946,0.0,0.0,0.0,0.0,0.0,0.0,0.0,2019-10-06
4,hru04,0.0,0.0,0.95,0.0,0.0,0.0,0.0,0.0,0.0,0.0,2019-10-06
5,hru05,0.0,0.0,0.957,0.0,0.0,0.0,0.0,0.0,0.0,0.0,2019-10-06
6,hru06,0.0,0.0,0.957,0.0,0.0,0.0,0.0,0.0,0.0,0.0,2019-10-06
7,hru07,0.0,0.0,0.962,0.0,0.0,0.0,0.0,0.0,0.0,0.0,2019-10-06
8,hru08,0.0,0.0,0.946,0.0,0.0,0.0,0.0,0.0,0.0,0.0,2019-10-06
9,hru09,0.0,0.0,0.958,0.0,0.0,0.0,0.0,0.0,0.0,0.0,2019-10-06
10,hru10,0.0,0.0,0.958,0.0,0.0,0.0,0.0,0.0,0.0,0.0,2019-10-06
11,hru11,0.0,0.0,0.962,0.0,0.0,0.0,0.0,0.0,0.0,0.0,2019-10-06
12,hru12,0.0,0.0,0.961,0.0,0.0,0.0,0.0,0.0,0.0,0.0,2019-10-06
13,hru13,0.0,0.0,0.964,0.0,0.0,0.0,0.0,0.0,0.0,0.0,2019-10-06
14,hru14,0.0,0.0,0.961,0.0,0.0,0.0,0.0,0.0,0.0,0.0,2019-10-06
15,hru15,0.0,0.0,0.968,0.0,0.0,0.0,0.0,0.0,0.0,0.0,2019-10-06
16,hru16,0.0,0.0,0.961,0.0,0.0,0.0,0.0,0.0,0.0,0.0,2019-10-06
17,hru17,0.0,0.0,0.967,0.0,0.0,0.0,0.0,0.0,0.0,0.0,2019-10-06
18,hru18,0.0,0.0,0.968,0.0,0.0,0.0,0.0,0.0,0.0,0.0,2019-10-06
19,hru19,0.0,0.0,0.972,0.0,0.0,0.0,0.0,0.0,0.0,0.0,2019-10-06
20,hru20,0.0,0.0,0.969,0.0,0.0,0.0,0.0,0.0,0.0,0.0,2019-10-06
21,hru21,0.0,0.0,0.968,0.0,0.0,0.0,0.0,0.0,0.0,0.0,2019-10-06
22,hru22,0.0,0.0,0.968,0.0,0.0,0.0,0.0,0.0,0.0,0.0,2019-10-06
23,hru23,0.0,0.0,0.968,0.0,0.0,0.0,0.0,0.0,0.0,0.0,2019-10-06
24,hru24,0.0,0.0,0.968,0.0,0.0,0.0,0.0,0.0,0.0,0.0,2019-10-06
25,hru25,0.0,0.0,0.969,0.0,0.0,0.0,0.0,0.0,0.0,0.0,2019-10-06
26,hru26,0.0,0.0,0.97,0.0,0.0,0.0,0.0,0.0,0.0,0.0,2019-10-06
27,hru27,0.0,0.0,0.962,0.0,0.0,0.0,0.0,0.0,0.0,0.0,2019-10-06
28,hru28,0.0,0.0,0.962,0.0,0.0,0.0,0.0,0.0,0.0,0.0,2019-10-06
29,hru29,0.0,0.0,0.961,0.0,0.0,0.0,0.0,0.0,0.0,0.0,2019-10-06
30,hru30,0.0,0.0,0.96,0.0,0.0,0.0,0.0,0.0,0.0,0.0,2019-10-06
31,hru31,0.0,0.0,0.953,0.0,0.0,0.0,0.0,0.0,0.0,0.0,2019-10-06
32,hru32,0.0,0.0,0.964,0.0,0.0,0.0,0.0,0.0,0.0,0.0,2019-10-06
33,hru33,0.0,0.0,0.959,0.0,0.0,0.0,0.0,0.0,0.0,0.0,2019-10-06
34,hru34,0.0,0.0,0.959,0.0,0.0,0.0,0.0,0.0,0.0,0.0,2019-10-06
35,hru35,0.0,0.0,0.954,0.0,0.0,0.0,0.0,0.0,0.0,0.0,2019-10-06
36,hru36,0.0,0.0,0.959,0.0,0.0,0.0,0.0,0.0,0.0,0.0,2019-10-06
1,hru01,0.0,0.0,0.957,0.0,0.0,0.0,0.0,0.0,0.0,0.0,2019-10-07
2,hru02,0.0,0.0,0.962,0.0,0.0,0.0,0.0,0.0,0.0,0.0,2019-10-07
3,hru03,0.0,0.0,0.949,0.0,0.0,0.0,0.0,0.0,0.0,0.0,2019-10-07
4,hru04,0.0,0.0,0.954,0.0,0.0,0.0,0.0,0.0,0.0,0.0,2019-10-07
5,hru05,0.0,0.0,0.96,0.0,0.0,0.0,0.0,0.0,0.0,0.0,2019-10-07
6,hru06,0.0,0.0,0.96,0.0,0.0,0.0,0.0,0.0,0.0,0.0,2019-10-07
7,hru07,0.0,0.0,0.966,0.0,0.0,0.0,0.0,0.0,0.0,0.0,2019-10-07
8,hru08,0.0,0.0,0.949,0.0,0.0,0.0,0.0,0.0,0.0,0.0,2019-10-07
9,hru09,0.0,0.0,0.962,0.0,0.0,0.0,0.0,0.0,0.0,0.0,2019-10-07
10,hru10,0.0,0.0,0.962,0.0,0.0,0.0,0.0,0.0,0.0,0.0,2019-10-07
11,hru11,0.0,0.0,0.966,0.0,0.0,0.0,0.0,0.0,0.0,0.0,2019-10-07
12,hru12,0.0,0.0,0.965,0.0,0.0,0.0,0.0,0.0,0.0,0.0,2019-10-07
13,hru13,0.0,0.0,0.968,0.0,0.0,0.0,0.0,0.0,0.0,0.0,2019-10-07
14,hru14,0.0,0.0,0.965,0.0,0.0,0.0,0.0,0.0,0.0,0.0,2019-10-07
15,hru15,0.0,0.0,0.972,0.0,0.0,0.0,0.0,0.0,0.0,0.0,2019-10-07
16,hru16,0.0,0.0,0.964,0.0,0.0,0.0,0.0,0.0,0.0,0.0,2019-10-07
17,hru17,0.0,0.0,0.97,0.0,0.0,0.0,0.0,0.0,0.0,0.0,2019-10-07
18,hru18,0.0,0.0,0.972,0.0,0.0,0.0,0.0,0.0,0.0,0.0,2019-10-07
19,hru19,0.0,0.0,0.976,0.0,0.0,0.0,0.0,0.0,0.0,0.0,2019-10-07
20,hru20,0.0,0.0,0.973,0.0,0.0,0.0,0.0,0.0,0.0,0.0,2019-10-07
21,hru21,0.0,0.0,0.972,0.0,0.0,0.0,0.0,0.0,0.0,0.0,2019-10-07
22,hru22,0.0,0.0,0.972,0.0,0.0,0.0,0.0,0.0,0.0,0.0,2019-10-07
23,hru23,0.0,0.0,0.972,0.0,0.0,0.0,0.0,0.0,0.0,0.0,2019-10-07
24,hru24,0.0,0.0,0.972,0.0,0.0,0.0,0.0,0.0,0.0,0.0,2019-10-07
25,hru25,0.0,0.0,0.973,0.0,0.0,0.0,0.0,0.0,0.0,0.0,2019-10-07
26,hru26,0.0,0.0,0.973,0.0,0.0,0.0,0.0,0.0,0.0,0.0,2019-10-07
27,hru27,0.0,0.0,0.965,0.0,0.0,0.0,0.0,0.0,0.0,0.0,2019-10-07
28,hru28,0.0,0.0,0.966,0.0,0.0,0.0,0.0,0.0,0.0,0.0,2019-10-07
29,hru29,0.0,0.0,0.965,0.0,0.0,0.0,0.0,0.0,0.0,0.0,2019-10-07
30,hru30,0.0,0.0,0.963,0.0,0.0,0.0,0.0,0.0,0.0,0.0,2019-10-07
31,hru31,0.0,0.0,0.957,0.0,0.0,0.0,0.0,0.0,0.0,0.0,2019-10-07
32,hru32,0.0,0.0,0.968,0.0,0.0,0.0,0.0,0.0,0.0,0.0,2019-10-07
33,hru33,0.0,0.0,0.963,0.0,0.0,0.0,0.0,0.0,0.0,0.0,2019-10-07
34,hru34,0.0,0.0,0.963,0.0,0.0,0.0,0.0,0.0,0.0,0.0,2019-10-07
35,hru35,0.0,0.0,0.957,0.0,0.0,0.0,0.0,0.0,0.0,0.0,2019-10-07
36,hru36,0.0,0.0,0.963,0.0,0.0,0.0,0.0,0.0,0.0,0.0,2019-10-07
1,hru01,0.0,0.0,0.961,0.0,0.0,0.0,0.0,0.0,0.0,0.0,2019-10-08
2,hru02,0.0,0.0,0.966,0.0,0.0,0.0,0.0,0.0,0.0,0.0,2019-10-08
3,hru03,0.0,0.0,0.953,0.0,0.0,0.0,0.0,0.0,0.0,0.0,2019-10-08
4,hru04,0.0,0.0,0.958,0.0,0.0,0.0,0.0,0.0,0.0,0.0,2019-10-08
5,hru05,0.0,0.0,0.964,0.0,0.0,0.0,0.0,0.0,0.0,0.0,2019-10-08
6,hru06,0.0,0.0,0.964,0.0,0.0,0.0,0.0,0.0,0.0,0.0,2019-10-08
7,hru07,0.0,0.0,0.97,0.0,0.0,0.0,0.0,0.0,0.0,0.0,2019-10-08
8,hru08,0.0,0.0,0.953,0.0,0.0,0.0,0.0,0.0,0.0,0.0,2019-10-08
9,hru09,0.0,0.0,0.966,0.0,0.0,0.0,0.0,0.0,0.0,0.0,2019-10-08
10,hru10,0.0,0.0,0.966,0.0,0.0,0.0,0.0,0.0,0.0,0.0,2019-10-08
11,hru11,0.0,0.0,0.97,0.0,0.0,0.0,0.0,0.0,0.0,0.0,2019-10-08
12,hru12,0.0,0.0,0.969,0.0,0.0,0.0,0.0,0.0,0.0,0.0,2019-10-08
13,hru13,0.0,0.0,0.972,0.0,0.0,0.0,0.0,0.0,0.0,0.0,2019-10-08
14,hru14,0.0,0.0,0.969,0.0,0.0,0.0,0.0,0.0,0.0,0.0,2019-10-08
15,hru15,0.0,0.0,0.975,0.0,0.0,0.0,0.0,0.0,0.0,0.0,2019-10-08
16,hru16,0.0,0.0,0.968,0.0,0.0,0.0,0.0,0.0,0.0,0.0,2019-10-08
17,hru17,0.0,0.0,0.974,0.0,0.0,0.0,0.0,0.0,0.0,0.0,2019-10-08
18,hru18,0.0,0.0,0.975,0.0,0.0,0.0,0.0,0.0,0.0,0.0,2019-10-08
19,hru19,0.0,0.0,0.98,0.0,0.0,0.0,0.0,0.0,0.0,0.0,2019-10-08
20,hru20,0.0,0.0,0.977,0.0,0.0,0.0,0.0,0.0,0.0,0.0,2019-10-08
21,hru21,0.0,0.0,0.975,0.0,0.0,0.0,0.0,0.0,0.0,0.0,2019-10-08
22,hru22,0.0,0.0,0.975,0.0,0.0,0.0,0.0,0.0,0.0,0.0,2019-10-08
23,hru23,0.0,0.0,0.975,0.0,0.0,0.0,0.0,0.0,0.0,0.0,2019-10-08
24,hru24,0.0,0.0,0.975,0.0,0.0,0.0,0.0,0.0,0.0,0.0,2019-10-08
25,hru25,0.0,0.0,0.977,0.0,0.0,0.0,0.0,0.0,0.0,0.0,2019-10-08
26,hru26,0.0,0.0,0.977,0.0,0.0,0.0,0.0,0.0,0.0,0.0,2019-10-08
27,hru27,0.0,0.0,0.969,0.0,0.0,0.0,0.0,0.0,0.0,0.0,2019-10-08
28,hru28,0.0,0.0,0.97,0.0,0.0,0.0,0.0,0.0,0.0,0.0,2019-10-08
29,hru29,0.0,0.0,0.968,0.0,0.0,0.0,0.0,0.0,0.0,0.0,2019-10-08
30,hru30,0.0,0.0,0.967,0.0,0.0,0.0,0.0,0.0,0.0,0.0,2019-10-08
31,hru31,0.0,0.0,0.961,0.0,0.0,0.0,0.0,0.0,0.0,0.0,2019-10-08
32,hru32,0.0,0.0,0.972,0.0,0.0,0.0,0.0,0.0,0.0,0.0,2019-10-08
33,hru33,0.0,0.0,0.967,0.0,0.0,0.0,0.0,0.0,0.0,0.0,2019-10-08
34,hru34,0.0,0.0,0.967,0.0,0.0,0.0,0.0,0.0,0.0,0.0,2019-10-08
35,hru35,0.0,0.0,0.961,0.0,0.0,0.0,0.0,0.0,0.0,0.0,2019-10-08
36,hru36,0.0,0.0,0.967,0.0,0.0,0.0,0.0,0.0,0.0,0.0,2019-10-08
1,hru01,0.0,0.0,0.965,0.0,0.0,0.0,0.0,0.0,0.0,0.0,2019-10-09
2,hru02,0.0,0.0,0.97,0.0,0.0,0.0,0.0,0.0,0.0,0.0,2019-10-09
3,hru03,0.0,0.0,0.957,0.0,0.0,0.0,0.0,0.0,0.0,0.0,2019-10-09
4,hru04,0.0,0.0,0.962,0.0,0.0,0.0,0.0,0.0,0.0,0.0,2019-10-09
5,hru05,0.0,0.0,0.968,0.0,0.0,0.0,0.0,0.0,0.0,0.0,2019-10-09
6,hru06,0.0,0.0,0.968,0.0,0.0,0.0,0.0,0.0,0.0,0.0,2019-10-09
7,hru07,0.0,0.0,0.974,0.0,0.0,0.0,0.0,0.0,0.0,0.0,2019-10-09
8,hru08,0.0,0.0,0.957,0.0,0.0,0.0,0.0,0.0,0.0,0.0,2019-10-09
9,hru09,0.0,0.0,0.97,0.0,0.0,0.0,0.0,0.0,0.0,0.0,2019-10-09
10,hru10,0.0,0.0,0.97,0.0,0.0,0.0,0.0,0.0,0.0,0.0,2019-10-09
11,hru11,0.0,0.0,0.974,0.0,0.0,0.0,0.0,0.0,0.0,0.0,2019-10-09
12,hru12,0.0,0.0,0.973,0.0,0.0,0.0,0.0,0.0,0.0,0.0,2019-10-09
13,hru13,0.0,0.0,0.976,0.0,0.0,0.0,0.0,0.0,0.0,0.0,2019-10-09
14,hru14,0.0,0.0,0.973,0.0,0.0,0.0,0.0,0.0,0.0,0.0,2019-10-09
15,hru15,0.0,0.0,0.979,0.0,0.0,0.0,0.0,0.0,0.0,0.0,2019-10-09
16,hru16,0.0,0.0,0.972,0.0,0.0,0.0,0.0,0.0,0.0,0.0,2019-10-09
17,hru17,0.0,0.0,0.978,0.0,0.0,0.0,0.0,0.0,0.0,0.0,2019-10-09
18,hru18,0.0,0.0,0.979,0.0,0.0,0.0,0.0,0.0,0.0,0.0,2019-10-09
19,hru19,0.0,0.0,0.984,0.0,0.0,0.0,0.0,0.0,0.0,0.0,2019-10-09
20,hru20,0.0,0.0,0.981,0.0,0.0,0.0,0.0,0.0,0.0,0.0,2019-10-09
21,hru21,0.0,0.0,0.979,0.0,0.0,0.0,0.0,0.0,0.0,0.0,2019-10-09
22,hru22,0.0,0.0,0.979,0.0,0.0,0.0,0.0,0.0,0.0,0.0,2019-10-09
23,hru23,0.0,0.0,0.979,0.0,0.0,0.0,0.0,0.0,0.0,0.0,2019-10-09
24,hru24,0.0,0.0,0.979,0.0,0.0,0.0,0.0,0.0,0.0,0.0,2019-10-09
25,hru25,0.0,0.0,0.981,0.0,0.0,0.0,0.0,0.0,0.0,0.0,2019-10-09
26,hru26,0.0,0.0,0.981,0.0,0.0,0.0,0.0,0.0,0.0,0.0,2019-10-09
27,hru27,0.0,0.0,0.973,0.0,0.0,0.0,0.0,0.0,0.0,0.0,2019-10-09
28,hru28,0.0,0.0,0.974,0.0,0.0,0.0,0.0,0.0,0.0,0.0,2019-10-09
29,hru29,0.0,0.0,0.972,0.0,0.0,0.0,0.0,0.0,0.0,0.0,2019-10-09
30,hru30,0.0,0.0,0.971,0.0,0.0,0.0,0.0,0.0,0.0,0.0,2019-10-09
31,hru31,0.0,0.0,0.965,0.0,0.0,0.0,0.0,0.0,0.0,0.0,2019-10-09
32,hru32,0.0,0.0,0.976,0.0,0.0,0.0,0.0,0.0,0.0,0.0,2019-10-09
33,hru33,0.0,0.0,0.971,0.0,0.0,0.0,0.0,0.0,0.0,0.0,2019-10-09
34,hru34,0.0,0.0,0.971,0.0,0.0,0.0,0.0,0.0,0.0,0.0,2019-10-09
35,hru35,0.0,0.0,0.965,0.0,0.0,0.0,0.0,0.0,0.0,0.0,2019-10-09
36,hru36,0.0,0.0,0.971,0.0,0.0,0.0,0.0,0.0,0.0,0.0,2019-10-09
1,hru01,0.0,0.0,0.967,0.0,0.0,0.0,0.0,0.0,0.0,0.0,2019-10-10
2,hru02,0.0,0.0,0.972,0.0,0.0,0.0,0.0,0.0,0.0,0.0,2019-10-10
3,hru03,0.0,0.0,0.96,0.0,0.0,0.0,0.0,0.0,0.0,0.0,2019-10-10
4,hru04,0.0,0.0,0.964,0.0,0.0,0.0,0.0,0.0,0.0,0.0,2019-10-10
5,hru05,0.0,0.0,0.97,0.0,0.0,0.0,0.0,0.0,0.0,0.0,2019-10-10
6,hru06,0.0,0.0,0.97,0.0,0.0,0.0,0.0,0.0,0.0,0.0,2019-10-10
7,hru07,0.0,0.0,0.976,0.0,0.0,0.0,0.0,0.0,0.0,0.0,2019-10-10
8,hru08,0.0,0.0,0.96,0.0,0.0,0.0,0.0,0.0,0.0,0.0,2019-10-10
9,hru09,0.0,0.0,0.972,0.0,0.0,0.0,0.0,0.0,0.0,0.0,2019-10-10
10,hru10,0.0,0.0,0.972,0.0,0.0,0.0,0.0,0.0,0.0,0.0,2019-10-10
11,hru11,0.0,0.0,0.976,0.0,0.0,0.0,0.0,0.0,0.0,0.0,2019-10-10
12,hru12,0.0,0.0,0.975,0.0,0.0,0.0,0.0,0.0,0.0,0.0,2019-10-10
13,hru13,0.0,0.0,0.978,0.0,0.0,0.0,0.0,0.0,0.0,0.0,2019-10-10
14,hru14,0.0,0.0,0.975,0.0,0.0,0.0,0.0,0.0,0.0,0.0,2019-10-10
15,hru15,0.0,0.0,0.982,0.0,0.0,0.0,0.0,0.0,0.0,0.0,2019-10-10
16,hru16,0.0,0.0,0.975,0.0,0.0,0.0,0.0,0.0,0.0,0.0,2019-10-10
17,hru17,0.0,0.0,0.981,0.0,0.0,0.0,0.0,0.0,0.0,0.0,2019-10-10
18,hru18,0.0,0.0,0.982,0.0,0.0,0.0,0.0,0.0,0.0,0.0,2019-10-10
19,hru19,0.0,0.0,0.986,0.0,0.0,0.0,0.0,0.0,0.0,0.0,2019-10-10
20,hru20,0.0,0.0,0.983,0.0,0.0,0.0,0.0,0.0,0.0,0.0,2019-10-10
21,hru21,0.0,0.0,0.982,0.0,0.0,0.0,0.0,0.0,0.0,0.0,2019-10-10
22,hru22,0.0,0.0,0.982,0.0,0.0,0.0,0.0,0.0,0.0,0.0,2019-10-10
23,hru23,0.0,0.0,0.982,0.0,0.0,0.0,0.0,0.0,0.0,0.0,2019-10-10
24,hru24,0.0,0.0,0.982,0.0,0.0,0.0,0.0,0.0,0.0,0.0,2019-10-10
25,hru25,0.0,0.0,0.983,0.0,0.0,0.0,0.0,0.0,0.0,0.0,2019-10-10
26,hru26,0.0,0.0,0.983,0.0,0.0,0.0,0.0,0.0,0.0,0.0,2019-10-10
27,hru27,0.0,0.0,0.975,0.0,0.0,0.0,0.0,0.0,0.0,0.0,2019-10-10
28,hru28,0.0,0.0,0.976,0.0,0.0,0.0,0.0,0.0,0.0,0.0,2019-10-10
29,hru29,0.0,0.0,0.975,0.0,0.0,0.0,0.0,0.0,0.0,0.0,2019-10-10
30,hru30,0.0,0.0,0.974,0.0,0.0,0.0,0.0,0.0,0.0,0.0,2019-10-10
31,hru31,0.0,0.0,0.967,0.0,0.0,0.0,0.0,0.0,0.0,0.0,2019-10-10
32,hru32,0.0,0.0,0.978,0.0,0.0,0.0,0.0,0.0,0.0,0.0,2019-10-10
33,hru33,0.0,0.0,0.973,0.0,0.0,0.0,0.0,0.0,0.0,0.0,2019-10-10
34,hru34,0.0,0.0,0.973,0.0,0.0,0.0,0.0,0.0,0.0,0.0,2019-10-10
35,hru35,0.0,0.0,0.968,0.0,0.0,0.0,0.0,0.0,0.0,0.0,2019-10-10
36,hru36,0.0,0.0,0.973,0.0,0.0,0.0,0.0,0.0,0.0,0.0,2019-10-10
1,hru01,0.0,0.0,0.968,0.0,0.0,0.0,0.0,0.0,0.0,0.0,2019-10-11
2,hru02,0.0,0.0,0.972,0.0,0.0,0.0,0.0,0.0,0.0,0.0,2019-10-11
3,hru03,0.0,0.0,0.96,0.0,0.0,0.0,0.0,0.0,0.0,0.0,2019-10-11
4,hru04,0.0,0.0,0.964,0.0,0.0,0.0,0.0,0.0,0.0,0.0,2019-10-11
5,hru05,0.0,0.0,0.971,0.0,0.0,0.0,0.0,0.0,0.0,0.0,2019-10-11
6,hru06,0.0,0.0,0.971,0.0,0.0,0.0,0.0,0.0,0.0,0.0,2019-10-11
7,hru07,0.0,0.0,0.976,0.0,0.0,0.0,0.0,0.0,0.0,0.0,2019-10-11
8,hru08,0.0,0.0,0.96,0.0,0.0,0.0,0.0,0.0,0.0,0.0,2019-10-11
9,hru09,0.0,0.0,0.972,0.0,0.0,0.0,0.0,0.0,0.0,0.0,2019-10-11
10,hru10,0.0,0.0,0.972,0.0,0.0,0.0,0.0,0.0,0.0,0.0,2019-10-11
11,hru11,0.0,0.0,0.976,0.0,0.0,0.0,0.0,0.0,0.0,0.0,2019-10-11
12,hru12,0.0,0.0,0.975,0.0,0.0,0.0,0.0,0.0,0.0,0.0,2019-10-11
13,hru13,0.0,0.0,0.979,0.0,0.0,0.0,0.0,0.0,0.0,0.0,2019-10-11
14,hru14,0.0,0.0,0.975,0.0,0.0,0.0,0.0,0.0,0.0,0.0,2019-10-11
15,hru15,0.0,0.0,0.982,0.0,0.0,0.0,0.0,0.0,0.0,0.0,2019-10-11
16,hru16,0.0,0.0,0.975,0.0,0.0,0.0,0.0,0.0,0.0,0.0,2019-10-11
17,hru17,0.0,0.0,0.981,0.0,0.0,0.0,0.0,0.0,0.0,0.0,2019-10-11
18,hru18,0.0,0.0,0.982,0.0,0.0,0.0,0.0,0.0,0.0,0.0,2019-10-11
19,hru19,0.0,0.0,0.987,0.0,0.0,0.0,0.0,0.0,0.0,0.0,2019-10-11
20,hru20,0.0,0.0,0.983,0.0,0.0,0.0,0.0,0.0,0.0,0.0,2019-10-11
21,hru21,0.0,0.0,0.982,0.0,0.0,0.0,0.0,0.0,0.0,0.0,2019-10-11
22,hru22,0.0,0.0,0.982,0.0,0.0,0.0,0.0,0.0,0.0,0.0,2019-10-11
23,hru23,0.0,0.0,0.982,0.0,0.0,0.0,0.0,0.0,0.0,0.0,2019-10-11
24,hru24,0.0,0.0,0.982,0.0,0.0,0.0,0.0,0.0,0.0,0.0,2019-10-11
25,hru25,0.0,0.0,0.983,0.0,0.0,0.0,0.0,0.0,0.0,0.0,2019-10-11
26,hru26,0.0,0.0,0.984,0.0,0.0,0.0,0.0,0.0,0.0,0.0,2019-10-11
27,hru27,0.0,0.0,0.976,0.0,0.0,0.0,0.0,0.0,0.0,0.0,2019-10-11
28,hru28,0.0,0.0,0.976,0.0,0.0,0.0,0.0,0.0,0.0,0.0,2019-10-11
29,hru29,0.0,0.0,0.975,0.0,0.0,0.0,0.0,0.0,0.0,0.0,2019-10-11
30,hru30,0.0,0.0,0.974,0.0,0.0,0.0,0.0,0.0,0.0,0.0,2019-10-11
31,hru31,0.0,0.0,0.968,0.0,0.0,0.0,0.0,0.0,0.0,0.0,2019-10-11
32,hru32,0.0,0.0,0.979,0.0,0.0,0.0,0.0,0.0,0.0,0.0,2019-10-11
33,hru33,0.0,0.0,0.973,0.0,0.0,0.0,0.0,0.0,0.0,0.0,2019-10-11
34,hru34,0.0,0.0,0.973,0.0,0.0,0.0,0.0,0.0,0.0,0.0,2019-10-11
35,hru35,0.0,0.0,0.968,0.0,0.0,0.0,0.0,0.0,0.0,0.0,2019-10-11
36,hru36,0.0,0.0,0.973,0.0,0.0,0.0,0.0,0.0,0.0,0.0,2019-10-11
1,hru01,0.0,0.0,0.968,0.0,0.0,0.0,0.0,0.0,0.0,0.0,2019-10-12
2,hru02,0.0,0.0,0.973,0.0,0.0,0.0,0.0,0.0,0.0,0.0,2019-10-12
3,hru03,0.0,0.0,0.96,0.0,0.0,0.0,0.0,0.0,0.0,0.0,2019-10-12
4,hru04,0.0,0.0,0.965,0.0,0.0,0.0,0.0,0.0,0.0,0.0,2019-10-12
5,hru05,0.0,0.0,0.971,0.0,0.0,0.0,0.0,0.0,0.0,0.0,2019-10-12
6,hru06,0.0,0.0,0.971,0.0,0.0,0.0,0.0,0.0,0.0,0.0,2019-10-12
7,hru07,0.0,0.0,0.977,0.0,0.0,0.0,0.0,0.0,0.0,0.0,2019-10-12
8,hru08,0.0,0.0,0.96,0.0,0.0,0.0,0.0,0.0,0.0,0.0,2019-10-12
9,hru09,0.0,0.0,0.973,0.0,0.0,0.0,0.0,0.0,0.0,0.0,2019-10-12
10,hru10,0.0,0.0,0.973,0.0,0.0,0.0,0.0,0.0,0.0,0.0,2019-10-12
11,hru11,0.0,0.0,0.977,0.0,0.0,0.0,0.0,0.0,0.0,0.0,2019-10-12
12,hru12,0.0,0.0,0.976,0.0,0.0,0.0,0.0,0.0,0.0,0.0,2019-10-12
13,hru13,0.0,0.0,0.979,0.0,0.0,0.0,0.0,0.0,0.0,0.0,2019-10-12
14,hru14,0.0,0.0,0.976,0.0,0.0,0.0,0.0,0.0,0.0,0.0,2019-10-12
15,hru15,0.0,0.0,0.983,0.0,0.0,0.0,0.0,0.0,0.0,0.0,2019-10-12
16,hru16,0.0,0.0,0.976,0.0,0.0,0.0,0.0,0.0,0.0,0.0,2019-10-12
17,hru17,0.0,0.0,0.982,0.0,0.0,0.0,0.0,0.0,0.0,0.0,2019-10-12
18,hru18,0.0,0.0,0.983,0.0,0.0,0.0,0.0,0.0,0.0,0.0,2019-10-12
19,hru19,0.0,0.0,0.987,0.0,0.0,0.0,0.0,0.0,0.0,0.0,2019-10-12
20,hru20,0.0,0.0,0.984,0.0,0.0,0.0,0.0,0.0,0.0,0.0,2019-10-12
21,hru21,0.0,0.0,0.983,0.0,0.0,0.0,0.0,0.0,0.0,0.0,2019-10-12
22,hru22,0.0,0.0,0.983,0.0,0.0,0.0,0.0,0.0,0.0,0.0,2019-10-12
23,hru23,0.0,0.0,0.983,0.0,0.0,0.0,0.0,0.0,0.0,0.0,2019-10-12
24,hru24,0.0,0.0,0.983,0.0,0.0,0.0,0.0,0.0,0.0,0.0,2019-10-12
25,hru25,0.0,0.0,0.984,0.0,0.0,0.0,0.0,0.0,0.0,0.0,2019-10-12
26,hru26,0.0,0.0,0.985,0.0,0.0,0.0,0.0,0.0,0.0,0.0,2019-10-12
27,hru27,0.0,0.0,0.977,0.0,0.0,0.0,0.0,0.0,0.0,0.0,2019-10-12
28,hru28,0.0,0.0,0.977,0.0,0.0,0.0,0.0,0.0,0.0,0.0,2019-10-12
29,hru29,0.0,0.0,0.976,0.0,0.0,0.0,0.0,0.0,0.0,0.0,2019-10-12
30,hru30,0.0,0.0,0.975,0.0,0.0,0.0,0.0,0.0,0.0,0.0,2019-10-12
31,hru31,0.0,0.0,0.968,0.0,0.0,0.0,0.0,0.0,0.0,0.0,2019-10-12
32,hru32,0.0,0.0,0.979,0.0,0.0,0.0,0.0,0.0,0.0,0.0,2019-10-12
33,hru33,0.0,0.0,0.974,0.0,0.0,0.0,0.0,0.0,0.0,0.0,2019-10-12
34,hru34,0.0,0.0,0.974,0.0,0.0,0.0,0.0,0.0,0.0,0.0,2019-10-12
35,hru35,0.0,0.0,0.968,0.0,0.0,0.0,0.0,0.0,0.0,0.0,2019-10-12
36,hru36,0.0,0.0,0.974,0.0,0.0,0.0,0.0,0.0,0.0,0.0,2019-10-12
1,hru01,0.0,0.0,0.969,0.0,0.0,0.0,0.0,0.0,0.0,0.0,2019-10-13
2,hru02,0.0,0.0,0.974,0.0,0.0,0.0,0.0,0.0,0.0,0.0,2019-10-13
3,hru03,0.0,0.0,0.961,0.0,0.0,0.0,0.0,0.0,0.0,0.0,2019-10-13
4,hru04,0.0,0.0,0.966,0.0,0.0,0.0,0.0,0.0,0.0,0.0,2019-10-13
5,hru05,0.0,0.0,0.972,0.0,0.0,0.0,0.0,0.0,0.0,0.0,2019-10-13
6,hru06,0.0,0.0,0.972,0.0,0.0,0.0,0.0,0.0,0.0,0.0,2019-10-13
7,hru07,0.0,0.0,0.978,0.0,0.0,0.0,0.0,0.0,0.0,0.0,2019-10-13
8,hru08,0.0,0.0,0.961,0.0,0.0,0.0,0.0,0.0,0.0,0.0,2019-10-13
9,hru09,0.0,0.0,0.974,0.0,0.0,0.0,0.0,0.0,0.0,0.0,2019-10-13
10,hru10,0.0,0.0,0.974,0.0,0.0,0.0,0.0,0.0,0.0,0.0,2019-10-13
11,hru11,0.0,0.0,0.978,0.0,0.0,0.0,0.0,0.0,0.0,0.0,2019-10-13
12,hru12,0.0,0.0,0.977,0.0,0.0,0.0,0.0,0.0,0.0,0.0,2019-10-13
13,hru13,0.0,0.0,0.98,0.0,0.0,0.0,0.0,0.0,0.0,0.0,2019-10-13
14,hru14,0.0,0.0,0.977,0.0,0.0,0.0,0.0,0.0,0.0,0.0,2019-10-13
15,hru15,0.0,0.0,0.984,0.0,0.0,0.0,0.0,0.0,0.0,0.0,2019-10-13
16,hru16,0.0,0.0,0.976,0.0,0.0,0.0,0.0,0.0,0.0,0.0,2019-10-13
17,hru17,0.0,0.0,0.982,0.0,0.0,0.0,0.0,0.0,0.0,0.0,2019-10-13
18,hru18,0.0,0.0,0.984,0.0,0.0,0.0,0.0,0.0,0.0,0.0,2019-10-13
19,hru19,0.0,0.0,0.988,0.0,0.0,0.0,0.0,0.0,0.0,0.0,2019-10-13
20,hru20,0.0,0.0,0.985,0.0,0.0,0.0,0.0,0.0,0.0,0.0,2019-10-13
21,hru21,0.0,0.0,0.984,0.0,0.0,0.0,0.0,0.0,0.0,0.0,2019-10-13
22,hru22,0.0,0.0,0.984,0.0,0.0,0.0,0.0,0.0,0.0,0.0,2019-10-13
23,hru23,0.0,0.0,0.984,0.0,0.0,0.0,0.0,0.0,0.0,0.0,2019-10-13
24,hru24,0.0,0.0,0.984,0.0,0.0,0.0,0.0,0.0,0.0,0.0,2019-10-13
25,hru25,0.0,0.0,0.985,0.0,0.0,0.0,0.0,0.0,0.0,0.0,2019-10-13
26,hru26,0.0,0.0,0.985,0.0,0.0,0.0,0.0,0.0,0.0,0.0,2019-10-13
27,hru27,0.0,0.0,0.977,0.0,0.0,0.0,0.0,0.0,0.0,0.0,2019-10-13
28,hru28,0.0,0.0,0.978,0.0,0.0,0.0,0.0,0.0,0.0,0.0,2019-10-13
29,hru29,0.0,0.0,0.977,0.0,0.0,0.0,0.0,0.0,0.0,0.0,2019-10-13
30,hru30,0.0,0.0,0.976,0.0,0.0,0.0,0.0,0.0,0.0,0.0,2019-10-13
31,hru31,0.0,0.0,0.969,0.0,0.0,0.0,0.0,0.0,0.0,0.0,2019-10-13
32,hru32,0.0,0.0,0.98,0.0,0.0,0.0,0.0,0.0,0.0,0.0,2019-10-13
33,hru33,0.0,0.0,0.975,0.0,0.0,0.0,0.0,0.0,0.0,0.0,2019-10-13
34,hru34,0.0,0.0,0.975,0.0,0.0,0.0,0.0,0.0,0.0,0.0,2019-10-13
35,hru35,0.0,0.0,0.969,0.0,0.0,0.0,0.0,0.0,0.0,0.0,2019-10-13
36,hru36,0.0,0.0,0.975,0.0,0.0,0.0,0.0,0.0,0.0,0.0,2019-10-13
1,hru01,0.0,0.0,0.971,0.0,0.0,0.0,0.0,0.0,0.0,0.0,2019-10-14
2,hru02,0.0,0.0,0.976,0.0,0.0,0.0,0.0,0.0,0.0,0.0,2019-10-14
3,hru03,0.0,0.0,0.963,0.0,0.0,0.0,0.0,0.0,0.0,0.0,2019-10-14
4,hru04,0.0,0.0,0.968,0.0,0.0,0.0,0.0,0.0,0.0,0.0,2019-10-14
5,hru05,0.0,0.0,0.974,0.0,0.0,0.0,0.0,0.0,0.0,0.0,2019-10-14
6,hru06,0.0,0.0,0.974,0.0,0.0,0.0,0.0,0.0,0.0,0.0,2019-10-14
7,hru07,0.0,0.0,0.98,0.0,0.0,0.0,0.0,0.0,0.0,0.0,2019-10-14
8,hru08,0.0,0.0,0.963,0.0,0.0,0.0,0.0,0.0,0.0,0.0,2019-10-14
9,hru09,0.0,0.0,0.976,0.0,0.0,0.0,0.0,0.0,0.0,0.0,2019-10-14
10,hru10,0.0,0.0,0.976,0.0,0.0,0.0,0.0,0.0,0.0,0.0,2019-10-14
11,hru11,0.0,0.0,0.98,0.0,0.0,0.0,0.0,0.0,0.0,0.0,2019-10-14
12,hru12,0.0,0.0,0.979,0.0,0.0,0.0,0.0,0.0,0.0,0.0,2019-10-14
13,hru13,0.0,0.0,0.982,0.0,0.0,0.0,0.0,0.0,0.0,0.0,2019-10-14
14,hru14,0.0,0.0,0.979,0.0,0.0,0.0,0.0,0.0,0.0,0.0,2019-10-14
15,hru15,0.0,0.0,0.986,0.0,0.0,0.0,0.0,0.0,0.0,0.0,2019-10-14
16,hru16,0.0,0.0,0.978,0.0,0.0,0.0,0.0,0.0,0.0,0.0,2019-10-14
17,hru17,0.0,0.0,0.984,0.0,0.0,0.0,0.0,0.0,0.0,0.0,2019-10-14
18,hru18,0.0,0.0,0.986,0.0,0.0,0.0,0.0,0.0,0.0,0.0,2019-10-14
19,hru19,0.0,0.0,0.99,0.0,0.0,0.0,0.0,0.0,0.0,0.0,2019-10-14
20,hru20,0.0,0.0,0.987,0.0,0.0,0.0,0.0,0.0,0.0,0.0,2019-10-14
21,hru21,0.0,0.0,0.986,0.0,0.0,0.0,0.0,0.0,0.0,0.0,2019-10-14
22,hru22,0.0,0.0,0.986,0.0,0.0,0.0,0.0,0.0,0.0,0.0,2019-10-14
23,hru23,0.0,0.0,0.986,0.0,0.0,0.0,0.0,0.0,0.0,0.0,2019-10-14
24,hru24,0.0,0.0,0.986,0.0,0.0,0.0,0.0,0.0,0.0,0.0,2019-10-14
25,hru25,0.0,0.0,0.987,0.0,0.0,0.0,0.0,0.0,0.0,0.0,2019-10-14
26,hru26,0.0,0.0,0.987,0.0,0.0,0.0,0.0,0.0,0.0,0.0,2019-10-14
27,hru27,0.0,0.0,0.979,0.0,0.0,0.0,0.0,0.0,0.0,0.0,2019-10-14
28,hru28,0.0,0.0,0.98,0.0,0.0,0.0,0.0,0.0,0.0,0.0,2019-10-14
29,hru29,0.0,0.0,0.978,0.0,0.0,0.0,0.0,0.0,0.0,0.0,2019-10-14
30,hru30,0.0,0.0,0.977,0.0,0.0,0.0,0.0,0.0,0.0,0.0,2019-10-14
31,hru31,0.0,0.0,0.971,0.0,0.0,0.0,0.0,0.0,0.0,0.0,2019-10-14
32,hru32,0.0,0.0,0.982,0.0,0.0,0.0,0.0,0.0,0.0,0.0,2019-10-14
33,hru33,0.0,0.0,0.977,0.0,0.0,0.0,0.0,0.0,0.0,0.0,2019-10-14
34,hru34,0.0,0.0,0.977,0.0,0.0,0.0,0.0,0.0,0.0,0.0,2019-10-14
35,hru35,0.0,0.0,0.971,0.0,0.0,0.0,0.0,0.0,0.0,0.0,2019-10-14
36,hru36,0.0,0.0,0.977,0.0,0.0,0.0,0.0,0.0,0.0,0.0,2019-10-14
1,hru01,0.0,0.0,0.973,0.0,0.0,0.0,0.0,0.0,0.0,0.0,2019-10-15
2,hru02,0.0,0.0,0.978,0.0,0.0,0.0,0.0,0.0,0.0,0.0,2019-10-15
3,hru03,0.0,0.0,0.965,0.0,0.0,0.0,0.0,0.0,0.0,0.0,2019-10-15
4,hru04,0.0,0.0,0.97,0.0,0.0,0.0,0.0,0.0,0.0,0.0,2019-10-15
5,hru05,0.0,0.0,0.976,0.0,0.0,0.0,0.0,0.0,0.0,0.0,2019-10-15
6,hru06,0.0,0.0,0.976,0.0,0.0,0.0,0.0,0.0,0.0,0.0,2019-10-15
7,hru07,0.0,0.0,0.982,0.0,0.0,0.0,0.0,0.0,0.0,0.0,2019-10-15
8,hru08,0.0,0.0,0.965,0.0,0.0,0.0,0.0,0.0,0.0,0.0,2019-10-15
9,hru09,0.0,0.0,0.978,0.0,0.0,0.0,0.0,0.0,0.0,0.0,2019-10-15
10,hru10,0.0,0.0,0.978,0.0,0.0,0.0,0.0,0.0,0.0,0.0,2019-10-15
11,hru11,0.0,0.0,0.983,0.0,0.0,0.0,0.0,0.0,0.0,0.0,2019-10-15
12,hru12,0.0,0.0,0.981,0.0,0.0,0.0,0.0,0.0,0.0,0.0,2019-10-15
13,hru13,0.0,0.0,0.985,0.0,0.0,0.0,0.0,0.0,0.0,0.0,2019-10-15
14,hru14,0.0,0.0,0.981,0.0,0.0,0.0,0.0,0.0,0.0,0.0,2019-10-15
15,hru15,0.0,0.0,0.988,0.0,0.0,0.0,0.0,0.0,0.0,0.0,2019-10-15
16,hru16,0.0,0.0,0.981,0.0,0.0,0.0,0.0,0.0,0.0,0.0,2019-10-15
17,hru17,0.0,0.0,0.987,0.0,0.0,0.0,0.0,0.0,0.0,0.0,2019-10-15
18,hru18,0.0,0.0,0.988,0.0,0.0,0.0,0.0,0.0,0.0,0.0,2019-10-15
19,hru19,0.0,0.0,0.993,0.0,0.0,0.0,0.0,0.0,0.0,0.0,2019-10-15
20,hru20,0.0,0.0,0.989,0.0,0.0,0.0,0.0,0.0,0.0,0.0,2019-10-15
21,hru21,0.0,0.0,0.988,0.0,0.0,0.0,0.0,0.0,0.0,0.0,2019-10-15
22,hru22,0.0,0.0,0.988,0.0,0.0,0.0,0.0,0.0,0.0,0.0,2019-10-15
23,hru23,0.0,0.0,0.988,0.0,0.0,0.0,0.0,0.0,0.0,0.0,2019-10-15
24,hru24,0.0,0.0,0.988,0.0,0.0,0.0,0.0,0.0,0.0,0.0,2019-10-15
25,hru25,0.0,0.0,0.989,0.0,0.0,0.0,0.0,0.0,0.0,0.0,2019-10-15
26,hru26,0.0,0.0,0.99,0.0,0.0,0.0,0.0,0.0,0.0,0.0,2019-10-15
27,hru27,0.0,0.0,0.982,0.0,0.0,0.0,0.0,0.0,0.0,0.0,2019-10-15
28,hru28,0.0,0.0,0.983,0.0,0.0,0.0,0.0,0.0,0.0,0.0,2019-10-15
29,hru29,0.0,0.0,0.981,0.0,0.0,0.0,0.0,0.0,0.0,0.0,2019-10-15
30,hru30,0.0,0.0,0.98,0.0,0.0,0.0,0.0,0.0,0.0,0.0,2019-10-15
31,hru31,0.0,0.0,0.973,0.0,0.0,0.0,0.0,0.0,0.0,0.0,2019-10-15
32,hru32,0.0,0.0,0.985,0.0,0.0,0.0,0.0,0.0,0.0,0.0,2019-10-15
33,hru33,0.0,0.0,0.979,0.0,0.0,0.0,0.0,0.0,0.0,0.0,2019-10-15
34,hru34,0.0,0.0,0.979,0.0,0.0,0.0,0.0,0.0,0.0,0.0,2019-10-15
35,hru35,0.0,0.0,0.973,0.0,0.0,0.0,0.0,0.0,0.0,0.0,2019-10-15
36,hru36,0.0,0.0,0.979,0.0,0.0,0.0,0.0,0.0,0.0,0.0,2019-10-15
1,hru01,0.0,0.0,0.974,0.0,0.0,0.0,0.0,0.0,0.0,0.0,2019-10-16
2,hru02,0.0,0.0,0.98,0.0,0.0,0.0,0.0,0.0,0.0,0.0,2019-10-16
3,hru03,0.0,0.0,0.966,0.0,0.0,0.0,0.0,0.0,0.0,0.0,2019-10-16
4,hru04,0.0,0.0,0.971,0.0,0.0,0.0,0.0,0.0,0.0,0.0,2019-10-16
5,hru05,0.0,0.0,0.978,0.0,0.0,0.0,0.0,0.0,0.0,0.0,2019-10-16
6,hru06,0.0,0.0,0.978,0.0,0.0,0.0,0.0,0.0,0.0,0.0,2019-10-16
7,hru07,0.0,0.0,0.984,0.0,0.0,0.0,0.0,0.0,0.0,0.0,2019-10-16
8,hru08,0.0,0.0,0.966,0.0,0.0,0.0,0.0,0.0,0.0,0.0,2019-10-16
9,hru09,0.0,0.0,0.979,0.0,0.0,0.0,0.0,0.0,0.0,0.0,2019-10-16
10,hru10,0.0,0.0,0.979,0.0,0.0,0.0,0.0,0.0,0.0,0.0,2019-10-16
11,hru11,0.0,0.0,0.984,0.0,0.0,0.0,0.0,0.0,0.0,0.0,2019-10-16
12,hru12,0.0,0.0,0.983,0.0,0.0,0.0,0.0,0.0,0.0,0.0,2019-10-16
13,hru13,0.0,0.0,0.986,0.0,0.0,0.0,0.0,0.0,0.0,0.0,2019-10-16
14,hru14,0.0,0.0,0.983,0.0,0.0,0.0,0.0,0.0,0.0,0.0,2019-10-16
15,hru15,0.0,0.0,0.99,0.0,0.0,0.0,0.0,0.0,0.0,0.0,2019-10-16
16,hru16,0.0,0.0,0.982,0.0,0.0,0.0,0.0,0.0,0.0,0.0,2019-10-16
17,hru17,0.0,0.0,0.988,0.0,0.0,0.0,0.0,0.0,0.0,0.0,2019-10-16
18,hru18,0.0,0.0,0.99,0.0,0.0,0.0,0.0,0.0,0.0,0.0,2019-10-16
19,hru19,0.0,0.0,0.994,0.0,0.0,0.0,0.0,0.0,0.0,0.0,2019-10-16
20,hru20,0.0,0.0,0.991,0.0,0.0,0.0,0.0,0.0,0.0,0.0,2019-10-16
21,hru21,0.0,0.0,0.99,0.0,0.0,0.0,0.0,0.0,0.0,0.0,2019-10-16
22,hru22,0.0,0.0,0.99,0.0,0.0,0.0,0.0,0.0,0.0,0.0,2019-10-16
23,hru23,0.0,0.0,0.99,0.0,0.0,0.0,0.0,0.0,0.0,0.0,2019-10-16
24,hru24,0.0,0.0,0.99,0.0,0.0,0.0,0.0,0.0,0.0,0.0,2019-10-16
25,hru25,0.0,0.0,0.991,0.0,0.0,0.0,0.0,0.0,0.0,0.0,2019-10-16
26,hru26,0.0,0.0,0.991,0.0,0.0,0.0,0.0,0.0,0.0,0.0,2019-10-16
27,hru27,0.0,0.0,0.983,0.0,0.0,0.0,0.0,0.0,0.0,0.0,2019-10-16
28,hru28,0.0,0.0,0.984,0.0,0.0,0.0,0.0,0.0,0.0,0.0,2019-10-16
29,hru29,0.0,0.0,0.982,0.0,0.0,0.0,0.0,0.0,0.0,0.0,2019-10-16
30,hru30,0.0,0.0,0.981,0.0,0.0,0.0,0.0,0.0,0.0,0.0,2019-10-16
31,hru31,0.0,0.0,0.974,0.0,0.0,0.0,0.0,0.0,0.0,0.0,2019-10-16
32,hru32,0.0,0.0,0.986,0.0,0.0,0.0,0.0,0.0,0.0,0.0,2019-10-16
33,hru33,0.0,0.0,0.98,0.0,0.0,0.0,0.0,0.0,0.0,0.0,2019-10-16
34,hru34,0.0,0.0,0.98,0.0,0.0,0.0,0.0,0.0,0.0,0.0,2019-10-16
35,hru35,0.0,0.0,0.975,0.0,0.0,0.0,0.0,0.0,0.0,0.0,2019-10-16
36,hru36,0.0,0.0,0.98,0.0,0.0,0.0,0.0,0.0,0.0,0.0,2019-10-16
1,hru01,0.0,0.0,0.977,0.0,0.0,0.0,0.0,0.0,0.0,0.0,2019-10-17
2,hru02,0.0,0.0,0.982,0.0,0.0,0.0,0.0,0.0,0.0,0.0,2019-10-17
3,hru03,0.0,0.0,0.969,0.0,0.0,0.0,0.0,0.0,0.0,0.0,2019-10-17
4,hru04,0.0,0.0,0.973,0.0,0.0,0.0,0.0,0.0,0.0,0.0,2019-10-17
5,hru05,0.0,0.0,0.98,0.0,0.0,0.0,0.0,0.0,0.0,0.0,2019-10-17
6,hru06,0.0,0.0,0.98,0.0,0.0,0.0,0.0,0.0,0.0,0.0,2019-10-17
7,hru07,0.0,0.0,0.986,0.0,0.0,0.0,0.0,0.0,0.0,0.0,2019-10-17
8,hru08,0.0,0.0,0.969,0.0,0.0,0.0,0.0,0.0,0.0,0.0,2019-10-17
9,hru09,0.0,0.0,0.982,0.0,0.0,0.0,0.0,0.0,0.0,0.0,2019-10-17
10,hru10,0.0,0.0,0.982,0.0,0.0,0.0,0.0,0.0,0.0,0.0,2019-10-17
11,hru11,0.0,0.0,0.986,0.0,0.0,0.0,0.0,0.0,0.0,0.0,2019-10-17
12,hru12,0.0,0.0,0.985,0.0,0.0,0.0,0.0,0.0,0.0,0.0,2019-10-17
13,hru13,0.0,0.0,0.988,0.0,0.0,0.0,0.0,0.0,0.0,0.0,2019-10-17
14,hru14,0.0,0.0,0.985,0.0,0.0,0.0,0.0,0.0,0.0,0.0,2019-10-17
15,hru15,0.0,0.0,0.992,0.0,0.0,0.0,0.0,0.0,0.0,0.0,2019-10-17
16,hru16,0.0,0.0,0.984,0.0,0.0,0.0,0.0,0.0,0.0,0.0,2019-10-17
17,hru17,0.0,0.0,0.99,0.0,0.0,0.0,0.0,0.0,0.0,0.0,2019-10-17
18,hru18,0.0,0.0,0.992,0.0,0.0,0.0,0.0,0.0,0.0,0.0,2019-10-17
19,hru19,0.0,0.0,0.996,0.0,0.0,0.0,0.0,0.0,0.0,0.0,2019-10-17
20,hru20,0.0,0.0,0.993,0.0,0.0,0.0,0.0,0.0,0.0,0.0,2019-10-17
21,hru21,0.0,0.0,0.992,0.0,0.0,0.0,0.0,0.0,0.0,0.0,2019-10-17
22,hru22,0.0,0.0,0.992,0.0,0.0,0.0,0.0,0.0,0.0,0.0,2019-10-17
23,hru23,0.0,0.0,0.992,0.0,0.0,0.0,0.0,0.0,0.0,0.0,2019-10-17
24,hru24,0.0,0.0,0.992,0.0,0.0,0.0,0.0,0.0,0.0,0.0,2019-10-17
25,hru25,0.0,0.0,0.993,0.0,0.0,0.0,0.0,0.0,0.0,0.0,2019-10-17
26,hru26,0.0,0.0,0.993,0.0,0.0,0.0,0.0,0.0,0.0,0.0,2019-10-17
27,hru27,0.0,0.0,0.985,0.0,0.0,0.0,0.0,0.0,0.0,0.0,2019-10-17
28,hru28,0.0,0.0,0.986,0.0,0.0,0.0,0.0,0.0,0.0,0.0,2019-10-17
29,hru29,0.0,0.0,0.984,0.0,0.0,0.0,0.0,0.0,0.0,0.0,2019-10-17
30,hru30,0.0,0.0,0.983,0.0,0.0,0.0,0.0,0.0,0.0,0.0,2019-10-17
31,hru31,0.0,0.0,0.977,0.0,0.0,0.0,0.0,0.0,0.0,0.0,2019-10-17
32,hru32,0.0,0.0,0.988,0.0,0.0,0.0,0.0,0.0,0.0,0.0,2019-10-17
33,hru33,0.0,0.0,0.983,0.0,0.0,0.0,0.0,0.0,0.0,0.0,2019-10-17
34,hru34,0.0,0.0,0.983,0.0,0.0,0.0,0.0,0.0,0.0,0.0,2019-10-17
35,hru35,0.0,0.0,0.977,0.0,0.0,0.0,0.0,0.0,0.0,0.0,2019-10-17
36,hru36,0.0,0.0,0.983,0.0,0.0,0.0,0.0,0.0,0.0,0.0,2019-10-17
1,hru01,0.0,0.0,0.981,0.0,0.0,0.0,0.0,0.0,0.0,0.0,2019-10-18
2,hru02,0.0,0.0,0.986,0.0,0.0,0.0,0.0,0.0,0.0,0.0,2019-10-18
3,hru03,0.0,0.0,0.973,0.0,0.0,0.0,0.0,0.0,0.0,0.0,2019-10-18
4,hru04,0.0,0.0,0.977,0.0,0.0,0.0,0.0,0.0,0.0,0.0,2019-10-18
5,hru05,0.0,0.0,0.984,0.0,0.0,0.0,0.0,0.0,0.0,0.0,2019-10-18
6,hru06,0.0,0.0,0.984,0.0,0.0,0.0,0.0,0.0,0.0,0.0,2019-10-18
7,hru07,0.0,0.0,0.99,0.0,0.0,0.0,0.0,0.0,0.0,0.0,2019-10-18
8,hru08,0.0,0.0,0.973,0.0,0.0,0.0,0.0,0.0,0.0,0.0,2019-10-18
9,hru09,0.0,0.0,0.986,0.0,0.0,0.0,0.0,0.0,0.0,0.0,2019-10-18
10,hru10,0.0,0.0,0.986,0.0,0.0,0.0,0.0,0.0,0.0,0.0,2019-10-18
11,hru11,0.0,0.0,0.99,0.0,0.0,0.0,0.0,0.0,0.0,0.0,2019-10-18
12,hru12,0.0,0.0,0.989,0.0,0.0,0.0,0.0,0.0,0.0,0.0,2019-10-18
13,hru13,0.0,0.0,0.992,0.0,0.0,0.0,0.0,0.0,0.0,0.0,2019-10-18
14,hru14,0.0,0.0,0.989,0.0,0.0,0.0,0.0,0.0,0.0,0.0,2019-10-18
15,hru15,0.0,0.0,0.996,0.0,0.0,0.0,0.0,0.0,0.0,0.0,2019-10-18
16,hru16,0.0,0.0,0.988,0.0,0.0,0.0,0.0,0.0,0.0,0.0,2019-10-18
17,hru17,0.0,0.0,0.994,0.0,0.0,0.0,0.0,0.0,0.0,0.0,2019-10-18
18,hru18,0.0,0.0,0.996,0.0,0.0,0.0,0.0,0.0,0.0,0.0,2019-10-18
19,hru19,0.0,0.0,1.0,0.0,0.0,0.0,0.0,0.0,0.0,0.0,2019-10-18
20,hru20,0.0,0.0,0.997,0.0,0.0,0.0,0.0,0.0,0.0,0.0,2019-10-18
21,hru21,0.0,0.0,0.996,0.0,0.0,0.0,0.0,0.0,0.0,0.0,2019-10-18
22,hru22,0.0,0.0,0.996,0.0,0.0,0.0,0.0,0.0,0.0,0.0,2019-10-18
23,hru23,0.0,0.0,0.996,0.0,0.0,0.0,0.0,0.0,0.0,0.0,2019-10-18
24,hru24,0.0,0.0,0.996,0.0,0.0,0.0,0.0,0.0,0.0,0.0,2019-10-18
25,hru25,0.0,0.0,0.997,0.0,0.0,0.0,0.0,0.0,0.0,0.0,2019-10-18
26,hru26,0.0,0.0,0.997,0.0,0.0,0.0,0.0,0.0,0.0,0.0,2019-10-18
27,hru27,0.0,0.0,0.989,0.0,0.0,0.0,0.0,0.0,0.0,0.0,2019-10-18
28,hru28,0.0,0.0,0.99,0.0,0.0,0.0,0.0,0.0,0.0,0.0,2019-10-18
29,hru29,0.0,0.0,0.988,0.0,0.0,0.0,0.0,0.0,0.0,0.0,2019-10-18
30,hru30,0.0,0.0,0.987,0.0,0.0,0.0,0.0,0.0,0.0,0.0,2019-10-18
31,hru31,0.0,0.0,0.981,0.0,0.0,0.0,0.0,0.0,0.0,0.0,2019-10-18
32,hru32,0.0,0.0,0.992,0.0,0.0,0.0,0.0,0.0,0.0,0.0,2019-10-18
33,hru33,0.0,0.0,0.986,0.0,0.0,0.0,0.0,0.0,0.0,0.0,2019-10-18
34,hru34,0.0,0.0,0.986,0.0,0.0,0.0,0.0,0.0,0.0,0.0,2019-10-18
35,hru35,0.0,0.0,0.981,0.0,0.0,0.0,0.0,0.0,0.0,0.0,2019-10-18
36,hru36,0.0,0.0,0.986,0.0,0.0,0.0,0.0,0.0,0.0,0.0,2019-10-18
1,hru01,0.0,0.0,0.984,0.0,0.0,0.0,0.0,0.0,0.0,0.0,2019-10-19
2,hru02,0.0,0.0,0.989,0.0,0.0,0.0,0.0,0.0,0.0,0.0,2019-10-19
3,hru03,0.0,0.0,0.976,0.0,0.0,0.0,0.0,0.0,0.0,0.0,2019-10-19
4,hru04,0.0,0.0,0.98,0.0,0.0,0.0,0.0,0.0,0.0,0.0,2019-10-19
5,hru05,0.0,0.0,0.987,0.0,0.0,0.0,0.0,0.0,0.0,0.0,2019-10-19
6,hru06,0.0,0.0,0.987,0.0,0.0,0.0,0.0,0.0,0.0,0.0,2019-10-19
7,hru07,0.0,0.0,0.993,0.0,0.0,0.0,0.0,0.0,0.0,0.0,2019-10-19
8,hru08,0.0,0.0,0.976,0.0,0.0,0.0,0.0,0.0,0.0,0.0,2019-10-19
9,hru09,0.0,0.0,0.988,0.0,0.0,0.0,0.0,0.0,0.0,0.0,2019-10-19
10,hru10,0.0,0.0,0.988,0.0,0.0,0.0,0.0,0.0,0.0,0.0,2019-10-19
11,hru11,0.0,0.0,0.993,0.0,0.0,0.0,0.0,0.0,0.0,0.0,2019-10-19
12,hru12,0.0,0.0,0.992,0.0,0.0,0.0,0.0,0.0,0.0,0.0,2019-10-19
13,hru13,0.0,0.0,0.995,0.0,0.0,0.0,0.0,0.0,0.0,0.0,2019-10-19
14,hru14,0.0,0.0,0.992,0.0,0.0,0.0,0.0,0.0,0.0,0.0,2019-10-19
15,hru15,0.0,0.0,0.999,0.0,0.0,0.0,0.0,0.0,0.0,0.0,2019-10-19
16,hru16,0.0,0.0,0.991,0.0,0.0,0.0,0.0,0.0,0.0,0.0,2019-10-19
17,hru17,0.0,0.0,0.997,0.0,0.0,0.0,0.0,0.0,0.0,0.0,2019-10-19
18,hru18,0.0,0.0,0.999,0.0,0.0,0.0,0.0,0.0,0.0,0.0,2019-10-19
19,hru19,0.0,0.0,1.003,0.0,0.0,0.0,0.0,0.0,0.0,0.0,2019-10-19
20,hru20,0.0,0.0,0.999,0.0,0.0,0.0,0.0,0.0,0.0,0.0,2019-10-19
21,hru21,0.0,0.0,0.999,0.0,0.0,0.0,0.0,0.0,0.0,0.0,2019-10-19
22,hru22,0.0,0.0,0.999,0.0,0.0,0.0,0.0,0.0,0.0,0.0,2019-10-19
23,hru23,0.0,0.0,0.999,0.0,0.0,0.0,0.0,0.0,0.0,0.0,2019-10-19
24,hru24,0.0,0.0,0.999,0.0,0.0,0.0,0.0,0.0,0.0,0.0,2019-10-19
25,hru25,0.0,0.0,0.999,0.0,0.0,0.0,0.0,0.0,0.0,0.0,2019-10-19
26,hru26,0.0,0.0,1.0,0.0,0.0,0.0,0.0,0.0,0.0,0.0,2019-10-19
27,hru27,0.0,0.0,0.992,0.0,0.0,0.0,0.0,0.0,0.0,0.0,2019-10-19
28,hru28,0.0,0.0,0.993,0.0,0.0,0.0,0.0,0.0,0.0,0.0,2019-10-19
29,hru29,0.0,0.0,0.991,0.0,0.0,0.0,0.0,0.0,0.0,0.0,2019-10-19
30,hru30,0.0,0.0,0.99,0.0,0.0,0.0,0.0,0.0,0.0,0.0,2019-10-19
31,hru31,0.0,0.0,0.984,0.0,0.0,0.0,0.0,0.0,0.0,0.0,2019-10-19
32,hru32,0.0,0.0,0.995,0.0,0.0,0.0,0.0,0.0,0.0,0.0,2019-10-19
33,hru33,0.0,0.0,0.989,0.0,0.0,0.0,0.0,0.0,0.0,0.0,2019-10-19
34,hru34,0.0,0.0,0.989,0.0,0.0,0.0,0.0,0.0,0.0,0.0,2019-10-19
35,hru35,0.0,0.0,0.984,0.0,0.0,0.0,0.0,0.0,0.0,0.0,2019-10-19
36,hru36,0.0,0.0,0.989,0.0,0.0,0.0,0.0,0.0,0.0,0.0,2019-10-19
1,hru01,0.0,0.0,0.986,0.0,0.0,0.0,0.0,0.0,0.0,0.0,2019-10-20
2,hru02,0.0,0.0,0.991,0.0,0.0,0.0,0.0,0.0,0.0,0.0,2019-10-20
3,hru03,0.0,0.0,0.978,0.0,0.0,0.0,0.0,0.0,0.0,0.0,2019-10-20
4,hru04,0.0,0.0,0.983,0.0,0.0,0.0,0.0,0.0,0.0,0.0,2019-10-20
5,hru05,0.0,0.0,0.989,0.0,0.0,0.0,0.0,0.0,0.0,0.0,2019-10-20
6,hru06,0.0,0.0,0.989,0.0,0.0,0.0,0.0,0.0,0.0,0.0,2019-10-20
7,hru07,0.0,0.0,0.995,0.0,0.0,0.0,0.0,0.0,0.0,0.0,2019-10-20
8,hru08,0.0,0.0,0.978,0.0,0.0,0.0,0.0,0.0,0.0,0.0,2019-10-20
9,hru09,0.0,0.0,0.991,0.0,0.0,0.0,0.0,0.0,0.0,0.0,2019-10-20
10,hru10,0.0,0.0,0.991,0.0,0.0,0.0,0.0,0.0,0.0,0.0,2019-10-20
11,hru11,0.0,0.0,0.995,0.0,0.0,0.0,0.0,0.0,0.0,0.0,2019-10-20
12,hru12,0.0,0.0,0.994,0.0,0.0,0.0,0.0,0.0,0.0,0.0,2019-10-20
13,hru13,0.0,0.0,0.998,0.0,0.0,0.0,0.0,0.0,0.0,0.0,2019-10-20
14,hru14,0.0,0.0,0.994,0.0,0.0,0.0,0.0,0.0,0.0,0.0,2019-10-20
15,hru15,0.0,0.0,1.001,0.0,0.0,0.0,0.0,0.0,0.0,0.0,2019-10-20
16,hru16,0.0,0.0,0.993,0.0,0.0,0.0,0.0,0.0,0.0,0.0,2019-10-20
17,hru17,0.0,0.0,1.0,0.0,0.0,0.0,0.0,0.0,0.0,0.0,2019-10-20
18,hru18,0.0,0.0,1.001,0.0,0.0,0.0,0.0,0.0,0.0,0.0,2019-10-20
19,hru19,0.0,0.0,1.006,0.0,0.0,0.0,0.0,0.0,0.0,0.0,2019-10-20
20,hru20,0.0,0.0,1.002,0.0,0.0,0.0,0.0,0.0,0.0,0.0,2019-10-20
21,hru21,0.0,0.0,1.001,0.0,0.0,0.0,0.0,0.0,0.0,0.0,2019-10-20
22,hru22,0.0,0.0,1.001,0.0,0.0,0.0,0.0,0.0,0.0,0.0,2019-10-20
23,hru23,0.0,0.0,1.001,0.0,0.0,0.0,0.0,0.0,0.0,0.0,2019-10-20
24,hru24,0.0,0.0,1.001,0.0,0.0,0.0,0.0,0.0,0.0,0.0,2019-10-20
25,hru25,0.0,0.0,1.002,0.0,0.0,0.0,0.0,0.0,0.0,0.0,2019-10-20
26,hru26,0.0,0.0,1.002,0.0,0.0,0.0,0.0,0.0,0.0,0.0,2019-10-20
27,hru27,0.0,0.0,0.995,0.0,0.0,0.0,0.0,0.0,0.0,0.0,2019-10-20
28,hru28,0.0,0.0,0.995,0.0,0.0,0.0,0.0,0.0,0.0,0.0,2019-10-20
29,hru29,0.0,0.0,0.994,0.0,0.0,0.0,0.0,0.0,0.0,0.0,2019-10-20
30,hru30,0.0,0.0,0.993,0.0,0.0,0.0,0.0,0.0,0.0,0.0,2019-10-20
31,hru31,0.0,0.0,0.986,0.0,0.0,0.0,0.0,0.0,0.0,0.0,2019-10-20
32,hru32,0.0,0.0,0.998,0.0,0.0,0.0,0.0,0.0,0.0,0.0,2019-10-20
33,hru33,0.0,0.0,0.992,0.0,0.0,0.0,0.0,0.0,0.0,0.0,2019-10-20
34,hru34,0.0,0.0,0.992,0.0,0.0,0.0,0.0,0.0,0.0,0.0,2019-10-20
35,hru35,0.0,0.0,0.986,0.0,0.0,0.0,0.0,0.0,0.0,0.0,2019-10-20
36,hru36,0.0,0.0,0.992,0.0,0.0,0.0,0.0,0.0,0.0,0.0,2019-10-20
1,hru01,0.0,0.0,0.989,0.0,0.0,0.0,0.0,0.0,0.0,0.0,2019-10-21
2,hru02,0.0,0.0,0.994,0.0,0.0,0.0,0.0,0.0,0.0,0.0,2019-10-21
3,hru03,0.0,0.0,0.981,0.0,0.0,0.0,0.0,0.0,0.0,0.0,2019-10-21
4,hru04,0.0,0.0,0.985,0.0,0.0,0.0,0.0,0.0,0.0,0.0,2019-10-21
5,hru05,0.0,0.0,0.992,0.0,0.0,0.0,0.0,0.0,0.0,0.0,2019-10-21
6,hru06,0.0,0.0,0.992,0.0,0.0,0.0,0.0,0.0,0.0,0.0,2019-10-21
7,hru07,0.0,0.0,0.998,0.0,0.0,0.0,0.0,0.0,0.0,0.0,2019-10-21
8,hru08,0.0,0.0,0.981,0.0,0.0,0.0,0.0,0.0,0.0,0.0,2019-10-21
9,hru09,0.0,0.0,0.994,0.0,0.0,0.0,0.0,0.0,0.0,0.0,2019-10-21
10,hru10,0.0,0.0,0.994,0.0,0.0,0.0,0.0,0.0,0.0,0.0,2019-10-21
11,hru11,0.0,0.0,0.998,0.0,0.0,0.0,0.0,0.0,0.0,0.0,2019-10-21
12,hru12,0.0,0.0,0.997,0.0,0.0,0.0,0.0,0.0,0.0,0.0,2019-10-21
13,hru13,0.0,0.0,1.0,0.0,0.0,0.0,0.0,0.0,0.0,0.0,2019-10-21
14,hru14,0.0,0.0,0.997,0.0,0.0,0.0,0.0,0.0,0.0,0.0,2019-10-21
15,hru15,0.0,0.0,1.004,0.0,0.0,0.0,0.0,0.0,0.0,0.0,2019-10-21
16,hru16,0.0,0.0,0.996,0.0,0.0,0.0,0.0,0.0,0.0,0.0,2019-10-21
17,hru17,0.0,0.0,1.002,0.0,0.0,0.0,0.0,0.0,0.0,0.0,2019-10-21
18,hru18,0.0,0.0,1.004,0.0,0.0,0.0,0.0,0.0,0.0,0.0,2019-10-21
19,hru19,0.0,0.0,1.008,0.0,0.0,0.0,0.0,0.0,0.0,0.0,2019-10-21
20,hru20,0.0,0.0,1.005,0.0,0.0,0.0,0.0,0.0,0.0,0.0,2019-10-21
21,hru21,0.0,0.0,1.004,0.0,0.0,0.0,0.0,0.0,0.0,0.0,2019-10-21
22,hru22,0.0,0.0,1.004,0.0,0.0,0.0,0.0,0.0,0.0,0.0,2019-10-21
23,hru23,0.0,0.0,1.004,0.0,0.0,0.0,0.0,0.0,0.0,0.0,2019-10-21
24,hru24,0.0,0.0,1.004,0.0,0.0,0.0,0.0,0.0,0.0,0.0,2019-10-21
25,hru25,0.0,0.0,1.005,0.0,0.0,0.0,0.0,0.0,0.0,0.0,2019-10-21
26,hru26,0.0,0.0,1.005,0.0,0.0,0.0,0.0,0.0,0.0,0.0,2019-10-21
27,hru27,0.0,0.0,0.997,0.0,0.0,0.0,0.0,0.0,0.0,0.0,2019-10-21
28,hru28,0.0,0.0,0.998,0.0,0.0,0.0,0.0,0.0,0.0,0.0,2019-10-21
29,hru29,0.0,0.0,0.996,0.0,0.0,0.0,0.0,0.0,0.0,0.0,2019-10-21
30,hru30,0.0,0.0,0.995,0.0,0.0,0.0,0.0,0.0,0.0,0.0,2019-10-21
31,hru31,0.0,0.0,0.989,0.0,0.0,0.0,0.0,0.0,0.0,0.0,2019-10-21
32,hru32,0.0,0.0,1.0,0.0,0.0,0.0,0.0,0.0,0.0,0.0,2019-10-21
33,hru33,0.0,0.0,0.994,0.0,0.0,0.0,0.0,0.0,0.0,0.0,2019-10-21
34,hru34,0.0,0.0,0.994,0.0,0.0,0.0,0.0,0.0,0.0,0.0,2019-10-21
35,hru35,0.0,0.0,0.989,0.0,0.0,0.0,0.0,0.0,0.0,0.0,2019-10-21
36,hru36,0.0,0.0,0.994,0.0,0.0,0.0,0.0,0.0,0.0,0.0,2019-10-21
1,hru01,0.0,0.0,0.99,0.0,0.0,0.0,0.0,0.0,0.0,0.0,2019-10-22
2,hru02,0.0,0.0,0.995,0.0,0.0,0.0,0.0,0.0,0.0,0.0,2019-10-22
3,hru03,0.0,0.0,0.982,0.0,0.0,0.0,0.0,0.0,0.0,0.0,2019-10-22
4,hru04,0.0,0.0,0.987,0.0,0.0,0.0,0.0,0.0,0.0,0.0,2019-10-22
5,hru05,0.0,0.0,0.993,0.0,0.0,0.0,0.0,0.0,0.0,0.0,2019-10-22
6,hru06,0.0,0.0,0.993,0.0,0.0,0.0,0.0,0.0,0.0,0.0,2019-10-22
7,hru07,0.0,0.0,0.999,0.0,0.0,0.0,0.0,0.0,0.0,0.0,2019-10-22
8,hru08,0.0,0.0,0.982,0.0,0.0,0.0,0.0,0.0,0.0,0.0,2019-10-22
9,hru09,0.0,0.0,0.995,0.0,0.0,0.0,0.0,0.0,0.0,0.0,2019-10-22
10,hru10,0.0,0.0,0.995,0.0,0.0,0.0,0.0,0.0,0.0,0.0,2019-10-22
11,hru11,0.0,0.0,0.999,0.0,0.0,0.0,0.0,0.0,0.0,0.0,2019-10-22
12,hru12,0.0,0.0,0.998,0.0,0.0,0.0,0.0,0.0,0.0,0.0,2019-10-22
13,hru13,0.0,0.0,1.002,0.0,0.0,0.0,0.0,0.0,0.0,0.0,2019-10-22
14,hru14,0.0,0.0,0.998,0.0,0.0,0.0,0.0,0.0,0.0,0.0,2019-10-22
15,hru15,0.0,0.0,1.005,0.0,0.0,0.0,0.0,0.0,0.0,0.0,2019-10-22
16,hru16,0.0,0.0,0.997,0.0,0.0,0.0,0.0,0.0,0.0,0.0,2019-10-22
17,hru17,0.0,0.0,1.004,0.0,0.0,0.0,0.0,0.0,0.0,0.0,2019-10-22
18,hru18,0.0,0.0,1.005,0.0,0.0,0.0,0.0,0.0,0.0,0.0,2019-10-22
19,hru19,0.0,0.0,1.01,0.0,0.0,0.0,0.0,0.0,0.0,0.0,2019-10-22
20,hru20,0.0,0.0,1.006,0.0,0.0,0.0,0.0,0.0,0.0,0.0,2019-10-22
21,hru21,0.0,0.0,1.005,0.0,0.0,0.0,0.0,0.0,0.0,0.0,2019-10-22
22,hru22,0.0,0.0,1.005,0.0,0.0,0.0,0.0,0.0,0.0,0.0,2019-10-22
23,hru23,0.0,0.0,1.005,0.0,0.0,0.0,0.0,0.0,0.0,0.0,2019-10-22
24,hru24,0.0,0.0,1.005,0.0,0.0,0.0,0.0,0.0,0.0,0.0,2019-10-22
25,hru25,0.0,0.0,1.006,0.0,0.0,0.0,0.0,0.0,0.0,0.0,2019-10-22
26,hru26,0.0,0.0,1.006,0.0,0.0,0.0,0.0,0.0,0.0,0.0,2019-10-22
27,hru27,0.0,0.0,0.998,0.0,0.0,0.0,0.0,0.0,0.0,0.0,2019-10-22
28,hru28,0.0,0.0,0.999,0.0,0.0,0.0,0.0,0.0,0.0,0.0,2019-10-22
29,hru29,0.0,0.0,0.998,0.0,0.0,0.0,0.0,0.0,0.0,0.0,2019-10-22
30,hru30,0.0,0.0,0.997,0.0,0.0,0.0,0.0,0.0,0.0,0.0,2019-10-22
31,hru31,0.0,0.0,0.99,0.0,0.0,0.0,0.0,0.0,0.0,0.0,2019-10-22
32,hru32,0.0,0.0,1.002,0.0,0.0,0.0,0.0,0.0,0.0,0.0,2019-10-22
33,hru33,0.0,0.0,0.996,0.0,0.0,0.0,0.0,0.0,0.0,0.0,2019-10-22
34,hru34,0.0,0.0,0.996,0.0,0.0,0.0,0.0,0.0,0.0,0.0,2019-10-22
35,hru35,0.0,0.0,0.99,0.0,0.0,0.0,0.0,0.0,0.0,0.0,2019-10-22
36,hru36,0.0,0.0,0.996,0.0,0.0,0.0,0.0,0.0,0.0,0.0,2019-10-22
1,hru01,0.0,0.0,0.992,0.0,0.0,0.0,0.0,0.0,0.0,0.0,2019-10-23
2,hru02,0.0,0.0,0.997,0.0,0.0,0.0,0.0,0.0,0.0,0.0,2019-10-23
3,hru03,0.0,0.0,0.984,0.0,0.0,0.0,0.0,0.0,0.0,0.0,2019-10-23
4,hru04,0.0,0.0,0.988,0.0,0.0,0.0,0.0,0.0,0.0,0.0,2019-10-23
5,hru05,0.0,0.0,0.995,0.0,0.0,0.0,0.0,0.0,0.0,0.0,2019-10-23
6,hru06,0.0,0.0,0.995,0.0,0.0,0.0,0.0,0.0,0.0,0.0,2019-10-23
7,hru07,0.0,0.0,1.001,0.0,0.0,0.0,0.0,0.0,0.0,0.0,2019-10-23
8,hru08,0.0,0.0,0.984,0.0,0.0,0.0,0.0,0.0,0.0,0.0,2019-10-23
9,hru09,0.0,0.0,0.997,0.0,0.0,0.0,0.0,0.0,0.0,0.0,2019-10-23
10,hru10,0.0,0.0,0.997,0.0,0.0,0.0,0.0,0.0,0.0,0.0,2019-10-23
11,hru11,0.0,0.0,1.001,0.0,0.0,0.0,0.0,0.0,0.0,0.0,2019-10-23
12,hru12,0.0,0.0,1.0,0.0,0.0,0.0,0.0,0.0,0.0,0.0,2019-10-23
13,hru13,0.0,0.0,1.003,0.0,0.0,0.0,0.0,0.0,0.0,0.0,2019-10-23
14,hru14,0.0,0.0,1.0,0.0,0.0,0.0,0.0,0.0,0.0,0.0,2019-10-23
15,hru15,0.0,0.0,1.007,0.0,0.0,0.0,0.0,0.0,0.0,0.0,2019-10-23
16,hru16,0.0,0.0,0.999,0.0,0.0,0.0,0.0,0.0,0.0,0.0,2019-10-23
17,hru17,0.0,0.0,1.005,0.0,0.0,0.0,0.0,0.0,0.0,0.0,2019-10-23
18,hru18,0.0,0.0,1.007,0.0,0.0,0.0,0.0,0.0,0.0,0.0,2019-10-23
19,hru19,0.0,0.0,1.011,0.0,0.0,0.0,0.0,0.0,0.0,0.0,2019-10-23
20,hru20,0.0,0.0,1.008,0.0,0.0,0.0,0.0,0.0,0.0,0.0,2019-10-23
21,hru21,0.0,0.0,1.007,0.0,0.0,0.0,0.0,0.0,0.0,0.0,2019-10-23
22,hru22,0.0,0.0,1.007,0.0,0.0,0.0,0.0,0.0,0.0,0.0,2019-10-23
23,hru23,0.0,0.0,1.007,0.0,0.0,0.0,0.0,0.0,0.0,0.0,2019-10-23
24,hru24,0.0,0.0,1.007,0.0,0.0,0.0,0.0,0.0,0.0,0.0,2019-10-23
25,hru25,0.0,0.0,1.008,0.0,0.0,0.0,0.0,0.0,0.0,0.0,2019-10-23
26,hru26,0.0,0.0,1.008,0.0,0.0,0.0,0.0,0.0,0.0,0.0,2019-10-23
27,hru27,0.0,0.0,1.0,0.0,0.0,0.0,0.0,0.0,0.0,0.0,2019-10-23
28,hru28,0.0,0.0,1.001,0.0,0.0,0.0,0.0,0.0,0.0,0.0,2019-10-23
29,hru29,0.0,0.0,0.999,0.0,0.0,0.0,0.0,0.0,0.0,0.0,2019-10-23
30,hru30,0.0,0.0,0.998,0.0,0.0,0.0,0.0,0.0,0.0,0.0,2019-10-23
31,hru31,0.0,0.0,0.992,0.0,0.0,0.0,0.0,0.0,0.0,0.0,2019-10-23
32,hru32,0.0,0.0,1.003,0.0,0.0,0.0,0.0,0.0,0.0,0.0,2019-10-23
33,hru33,0.0,0.0,0.997,0.0,0.0,0.0,0.0,0.0,0.0,0.0,2019-10-23
34,hru34,0.0,0.0,0.997,0.0,0.0,0.0,0.0,0.0,0.0,0.0,2019-10-23
35,hru35,0.0,0.0,0.992,0.0,0.0,0.0,0.0,0.0,0.0,0.0,2019-10-23
36,hru36,0.0,0.0,0.997,0.0,0.0,0.0,0.0,0.0,0.0,0.0,2019-10-23
1,hru01,0.0,0.0,0.992,0.0,0.0,0.0,0.0,0.0,0.0,0.0,2019-10-24
2,hru02,0.0,0.0,0.997,0.0,0.0,0.0,0.0,0.0,0.0,0.0,2019-10-24
3,hru03,0.0,0.0,0.984,0.0,0.0,0.0,0.0,0.0,0.0,0.0,2019-10-24
4,hru04,0.0,0.0,0.989,0.0,0.0,0.0,0.0,0.0,0.0,0.0,2019-10-24
5,hru05,0.0,0.0,0.995,0.0,0.0,0.0,0.0,0.0,0.0,0.0,2019-10-24
6,hru06,0.0,0.0,0.995,0.0,0.0,0.0,0.0,0.0,0.0,0.0,2019-10-24
7,hru07,0.0,0.0,1.001,0.0,0.0,0.0,0.0,0.0,0.0,0.0,2019-10-24
8,hru08,0.0,0.0,0.984,0.0,0.0,0.0,0.0,0.0,0.0,0.0,2019-10-24
9,hru09,0.0,0.0,0.997,0.0,0.0,0.0,0.0,0.0,0.0,0.0,2019-10-24
10,hru10,0.0,0.0,0.997,0.0,0.0,0.0,0.0,0.0,0.0,0.0,2019-10-24
11,hru11,0.0,0.0,1.002,0.0,0.0,0.0,0.0,0.0,0.0,0.0,2019-10-24
12,hru12,0.0,0.0,1.0,0.0,0.0,0.0,0.0,0.0,0.0,0.0,2019-10-24
13,hru13,0.0,0.0,1.004,0.0,0.0,0.0,0.0,0.0,0.0,0.0,2019-10-24
14,hru14,0.0,0.0,1.0,0.0,0.0,0.0,0.0,0.0,0.0,0.0,2019-10-24
15,hru15,0.0,0.0,1.008,0.0,0.0,0.0,0.0,0.0,0.0,0.0,2019-10-24
16,hru16,0.0,0.0,0.999,0.0,0.0,0.0,0.0,0.0,0.0,0.0,2019-10-24
17,hru17,0.0,0.0,1.006,0.0,0.0,0.0,0.0,0.0,0.0,0.0,2019-10-24
18,hru18,0.0,0.0,1.008,0.0,0.0,0.0,0.0,0.0,0.0,0.0,2019-10-24
19,hru19,0.0,0.0,1.012,0.0,0.0,0.0,0.0,0.0,0.0,0.0,2019-10-24
20,hru20,0.0,0.0,1.008,0.0,0.0,0.0,0.0,0.0,0.0,0.0,2019-10-24
21,hru21,0.0,0.0,1.008,0.0,0.0,0.0,0.0,0.0,0.0,0.0,2019-10-24
22,hru22,0.0,0.0,1.008,0.0,0.0,0.0,0.0,0.0,0.0,0.0,2019-10-24
23,hru23,0.0,0.0,1.008,0.0,0.0,0.0,0.0,0.0,0.0,0.0,2019-10-24
24,hru24,0.0,0.0,1.008,0.0,0.0,0.0,0.0,0.0,0.0,0.0,2019-10-24
25,hru25,0.0,0.0,1.008,0.0,0.0,0.0,0.0,0.0,0.0,0.0,2019-10-24
26,hru26,0.0,0.0,1.009,0.0,0.0,0.0,0.0,0.0,0.0,0.0,2019-10-24
27,hru27,0.0,0.0,1.001,0.0,0.0,0.0,0.0,0.0,0.0,0.0,2019-10-24
28,hru28,0.0,0.0,1.002,0.0,0.0,0.0,0.0,0.0,0.0,0.0,2019-10-24
29,hru29,0.0,0.0,1.0,0.0,0.0,0.0,0.0,0.0,0.0,0.0,2019-10-24
30,hru30,0.0,0.0,0.999,0.0,0.0,0.0,0.0,0.0,0.0,0.0,2019-10-24
31,hru31,0.0,0.0,0.992,0.0,0.0,0.0,0.0,0.0,0.0,0.0,2019-10-24
32,hru32,0.0,0.0,1.004,0.0,0.0,0.0,0.0,0.0,0.0,0.0,2019-10-24
33,hru33,0.0,0.0,0.998,0.0,0.0,0.0,0.0,0.0,0.0,0.0,2019-10-24
34,hru34,0.0,0.0,0.998,0.0,0.0,0.0,0.0,0.0,0.0,0.0,2019-10-24
35,hru35,0.0,0.0,0.992,0.0,0.0,0.0,0.0,0.0,0.0,0.0,2019-10-24
36,hru36,0.0,0.0,0.998,0.0,0.0,0.0,0.0,0.0,0.0,0.0,2019-10-24
1,hru01,0.0,0.0,0.993,0.0,0.0,0.0,0.0,0.0,0.0,0.0,2019-10-25
2,hru02,0.0,0.0,0.999,0.0,0.0,0.0,0.0,0.0,0.0,0.0,2019-10-25
3,hru03,0.0,0.0,0.985,0.0,0.0,0.0,0.0,0.0,0.0,0.0,2019-10-25
4,hru04,0.0,0.0,0.99,0.0,0.0,0.0,0.0,0.0,0.0,0.0,2019-10-25
5,hru05,0.0,0.0,0.997,0.0,0.0,0.0,0.0,0.0,0.0,0.0,2019-10-25
6,hru06,0.0,0.0,0.997,0.0,0.0,0.0,0.0,0.0,0.0,0.0,2019-10-25
7,hru07,0.0,0.0,1.002,0.0,0.0,0.0,0.0,0.0,0.0,0.0,2019-10-25
8,hru08,0.0,0.0,0.985,0.0,0.0,0.0,0.0,0.0,0.0,0.0,2019-10-25
9,hru09,0.0,0.0,0.998,0.0,0.0,0.0,0.0,0.0,0.0,0.0,2019-10-25
10,hru10,0.0,0.0,0.998,0.0,0.0,0.0,0.0,0.0,0.0,0.0,2019-10-25
11,hru11,0.0,0.0,1.003,0.0,0.0,0.0,0.0,0.0,0.0,0.0,2019-10-25
12,hru12,0.0,0.0,1.002,0.0,0.0,0.0,0.0,0.0,0.0,0.0,2019-10-25
13,hru13,0.0,0.0,1.005,0.0,0.0,0.0,0.0,0.0,0.0,0.0,2019-10-25
14,hru14,0.0,0.0,1.002,0.0,0.0,0.0,0.0,0.0,0.0,0.0,2019-10-25
15,hru15,0.0,0.0,1.009,0.0,0.0,0.0,0.0,0.0,0.0,0.0,2019-10-25
16,hru16,0.0,0.0,1.0,0.0,0.0,0.0,0.0,0.0,0.0,0.0,2019-10-25
17,hru17,0.0,0.0,1.007,0.0,0.0,0.0,0.0,0.0,0.0,0.0,2019-10-25
18,hru18,0.0,0.0,1.009,0.0,0.0,0.0,0.0,0.0,0.0,0.0,2019-10-25
19,hru19,0.0,0.0,1.013,0.0,0.0,0.0,0.0,0.0,0.0,0.0,2019-10-25
20,hru20,0.0,0.0,1.009,0.0,0.0,0.0,0.0,0.0,0.0,0.0,2019-10-25
21,hru21,0.0,0.0,1.009,0.0,0.0,0.0,0.0,0.0,0.0,0.0,2019-10-25
22,hru22,0.0,0.0,1.009,0.0,0.0,0.0,0.0,0.0,0.0,0.0,2019-10-25
23,hru23,0.0,0.0,1.009,0.0,0.0,0.0,0.0,0.0,0.0,0.0,2019-10-25
24,hru24,0.0,0.0,1.009,0.0,0.0,0.0,0.0,0.0,0.0,0.0,2019-10-25
25,hru25,0.0,0.0,1.009,0.0,0.0,0.0,0.0,0.0,0.0,0.0,2019-10-25
26,hru26,0.0,0.0,1.01,0.0,0.0,0.0,0.0,0.0,0.0,0.0,2019-10-25
27,hru27,0.0,0.0,1.002,0.0,0.0,0.0,0.0,0.0,0.0,0.0,2019-10-25
28,hru28,0.0,0.0,1.003,0.0,0.0,0.0,0.0,0.0,0.0,0.0,2019-10-25
29,hru29,0.0,0.0,1.001,0.0,0.0,0.0,0.0,0.0,0.0,0.0,2019-10-25
30,hru30,0.0,0.0,1.0,0.0,0.0,0.0,0.0,0.0,0.0,0.0,2019-10-25
31,hru31,0.0,0.0,0.993,0.0,0.0,0.0,0.0,0.0,0.0,0.0,2019-10-25
32,hru32,0.0,0.0,1.005,0.0,0.0,0.0,0.0,0.0,0.0,0.0,2019-10-25
33,hru33,0.0,0.0,0.999,0.0,0.0,0.0,0.0,0.0,0.0,0.0,2019-10-25
34,hru34,0.0,0.0,0.999,0.0,0.0,0.0,0.0,0.0,0.0,0.0,2019-10-25
35,hru35,0.0,0.0,0.993,0.0,0.0,0.0,0.0,0.0,0.0,0.0,2019-10-25
36,hru36,0.0,0.0,0.999,0.0,0.0,0.0,0.0,0.0,0.0,0.0,2019-10-25
1,hru01,0.0,0.0,0.995,0.0,0.0,0.0,0.0,0.0,0.0,0.0,2019-10-26
2,hru02,0.0,0.0,1.0,0.0,0.0,0.0,0.0,0.0,0.0,0.0,2019-10-26
3,hru03,0.0,0.0,0.986,0.0,0.0,0.0,0.0,0.0,0.0,0.0,2019-10-26
4,hru04,0.0,0.0,0.991,0.0,0.0,0.0,0.0,0.0,0.0,0.0,2019-10-26
5,hru05,0.0,0.0,0.998,0.0,0.0,0.0,0.0,0.0,0.0,0.0,2019-10-26
6,hru06,0.0,0.0,0.998,0.0,0.0,0.0,0.0,0.0,0.0,0.0,2019-10-26
7,hru07,0.0,0.0,1.004,0.0,0.0,0.0,0.0,0.0,0.0,0.0,2019-10-26
8,hru08,0.0,0.0,0.986,0.0,0.0,0.0,0.0,0.0,0.0,0.0,2019-10-26
9,hru09,0.0,0.0,0.999,0.0,0.0,0.0,0.0,0.0,0.0,0.0,2019-10-26
10,hru10,0.0,0.0,0.999,0.0,0.0,0.0,0.0,0.0,0.0,0.0,2019-10-26
11,hru11,0.0,0.0,1.004,0.0,0.0,0.0,0.0,0.0,0.0,0.0,2019-10-26
12,hru12,0.0,0.0,1.003,0.0,0.0,0.0,0.0,0.0,0.0,0.0,2019-10-26
13,hru13,0.0,0.0,1.006,0.0,0.0,0.0,0.0,0.0,0.0,0.0,2019-10-26
14,hru14,0.0,0.0,1.003,0.0,0.0,0.0,0.0,0.0,0.0,0.0,2019-10-26
15,hru15,0.0,0.0,1.01,0.0,0.0,0.0,0.0,0.0,0.0,0.0,2019-10-26
16,hru16,0.0,0.0,1.002,0.0,0.0,0.0,0.0,0.0,0.0,0.0,2019-10-26
17,hru17,0.0,0.0,1.008,0.0,0.0,0.0,0.0,0.0,0.0,0.0,2019-10-26
18,hru18,0.0,0.0,1.01,0.0,0.0,0.0,0.0,0.0,0.0,0.0,2019-10-26
19,hru19,0.0,0.0,1.014,0.0,0.0,0.0,0.0,0.0,0.0,0.0,2019-10-26
20,hru20,0.0,0.0,1.011,0.0,0.0,0.0,0.0,0.0,0.0,0.0,2019-10-26
21,hru21,0.0,0.0,1.01,0.0,0.0,0.0,0.0,0.0,0.0,0.0,2019-10-26
22,hru22,0.0,0.0,1.01,0.0,0.0,0.0,0.0,0.0,0.0,0.0,2019-10-26
23,hru23,0.0,0.0,1.01,0.0,0.0,0.0,0.0,0.0,0.0,0.0,2019-10-26
24,hru24,0.0,0.0,1.01,0.0,0.0,0.0,0.0,0.0,0.0,0.0,2019-10-26
25,hru25,0.0,0.0,1.011,0.0,0.0,0.0,0.0,0.0,0.0,0.0,2019-10-26
26,hru26,0.0,0.0,1.011,0.0,0.0,0.0,0.0,0.0,0.0,0.0,2019-10-26
27,hru27,0.0,0.0,1.003,0.0,0.0,0.0,0.0,0.0,0.0,0.0,2019-10-26
28,hru28,0.0,0.0,1.004,0.0,0.0,0.0,0.0,0.0,0.0,0.0,2019-10-26
29,hru29,0.0,0.0,1.002,0.0,0.0,0.0,0.0,0.0,0.0,0.0,2019-10-26
30,hru30,0.0,0.0,1.001,0.0,0.0,0.0,0.0,0.0,0.0,0.0,2019-10-26
31,hru31,0.0,0.0,0.995,0.0,0.0,0.0,0.0,0.0,0.0,0.0,2019-10-26
32,hru32,0.0,0.0,1.006,0.0,0.0,0.0,0.0,0.0,0.0,0.0,2019-10-26
33,hru33,0.0,0.0,1.0,0.0,0.0,0.0,0.0,0.0,0.0,0.0,2019-10-26
34,hru34,0.0,0.0,1.0,0.0,0.0,0.0,0.0,0.0,0.0,0.0,2019-10-26
35,hru35,0.0,0.0,0.995,0.0,0.0,0.0,0.0,0.0,0.0,0.0,2019-10-26
36,hru36,0.0,0.0,1.0,0.0,0.0,0.0,0.0,0.0,0.0,0.0,2019-10-26
1,hru01,0.0,0.0,0.996,0.0,0.0,0.0,0.0,0.0,0.0,0.0,2019-10-27
2,hru02,0.0,0.0,1.001,0.0,0.0,0.0,0.0,0.0,0.0,0.0,2019-10-27
3,hru03,0.0,0.0,0.987,0.0,0.0,0.0,0.0,0.0,0.0,0.0,2019-10-27
4,hru04,0.0,0.0,0.992,0.0,0.0,0.0,0.0,0.0,0.0,0.0,2019-10-27
5,hru05,0.0,0.0,0.999,0.0,0.0,0.0,0.0,0.0,0.0,0.0,2019-10-27
6,hru06,0.0,0.0,0.999,0.0,0.0,0.0,0.0,0.0,0.0,0.0,2019-10-27
7,hru07,0.0,0.0,1.005,0.0,0.0,0.0,0.0,0.0,0.0,0.0,2019-10-27
8,hru08,0.0,0.0,0.987,0.0,0.0,0.0,0.0,0.0,0.0,0.0,2019-10-27
9,hru09,0.0,0.0,1.0,0.0,0.0,0.0,0.0,0.0,0.0,0.0,2019-10-27
10,hru10,0.0,0.0,1.0,0.0,0.0,0.0,0.0,0.0,0.0,0.0,2019-10-27
11,hru11,0.0,0.0,1.005,0.0,0.0,0.0,0.0,0.0,0.0,0.0,2019-10-27
12,hru12,0.0,0.0,1.004,0.0,0.0,0.0,0.0,0.0,0.0,0.0,2019-10-27
13,hru13,0.0,0.0,1.007,0.0,0.0,0.0,0.0,0.0,0.0,0.0,2019-10-27
14,hru14,0.0,0.0,1.004,0.0,0.0,0.0,0.0,0.0,0.0,0.0,2019-10-27
15,hru15,0.0,0.0,1.011,0.0,0.0,0.0,0.0,0.0,0.0,0.0,2019-10-27
16,hru16,0.0,0.0,1.003,0.0,0.0,0.0,0.0,0.0,0.0,0.0,2019-10-27
17,hru17,0.0,0.0,1.009,0.0,0.0,0.0,0.0,0.0,0.0,0.0,2019-10-27
18,hru18,0.0,0.0,1.011,0.0,0.0,0.0,0.0,0.0,0.0,0.0,2019-10-27
19,hru19,0.0,0.0,1.015,0.0,0.0,0.0,0.0,0.0,0.0,0.0,2019-10-27
20,hru20,0.0,0.0,1.012,0.0,0.0,0.0,0.0,0.0,0.0,0.0,2019-10-27
21,hru21,0.0,0.0,1.011,0.0,0.0,0.0,0.0,0.0,0.0,0.0,2019-10-27
22,hru22,0.0,0.0,1.011,0.0,0.0,0.0,0.0,0.0,0.0,0.0,2019-10-27
23,hru23,0.0,0.0,1.011,0.0,0.0,0.0,0.0,0.0,0.0,0.0,2019-10-27
24,hru24,0.0,0.0,1.011,0.0,0.0,0.0,0.0,0.0,0.0,0.0,2019-10-27
25,hru25,0.0,0.0,1.012,0.0,0.0,0.0,0.0,0.0,0.0,0.0,2019-10-27
26,hru26,0.0,0.0,1.012,0.0,0.0,0.0,0.0,0.0,0.0,0.0,2019-10-27
27,hru27,0.0,0.0,1.004,0.0,0.0,0.0,0.0,0.0,0.0,0.0,2019-10-27
28,hru28,0.0,0.0,1.005,0.0,0.0,0.0,0.0,0.0,0.0,0.0,2019-10-27
29,hru29,0.0,0.0,1.003,0.0,0.0,0.0,0.0,0.0,0.0,0.0,2019-10-27
30,hru30,0.0,0.0,1.002,0.0,0.0,0.0,0.0,0.0,0.0,0.0,2019-10-27
31,hru31,0.0,0.0,0.996,0.0,0.0,0.0,0.0,0.0,0.0,0.0,2019-10-27
32,hru32,0.0,0.0,1.007,0.0,0.0,0.0,0.0,0.0,0.0,0.0,2019-10-27
33,hru33,0.0,0.0,1.001,0.0,0.0,0.0,0.0,0.0,0.0,0.0,2019-10-27
34,hru34,0.0,0.0,1.001,0.0,0.0,0.0,0.0,0.0,0.0,0.0,2019-10-27
35,hru35,0.0,0.0,0.996,0.0,0.0,0.0,0.0,0.0,0.0,0.0,2019-10-27
36,hru36,0.0,0.0,1.001,0.0,0.0,0.0,0.0,0.0,0.0,0.0,2019-10-27
1,hru01,0.0,0.0,0.996,0.0,0.0,0.0,0.0,0.0,0.0,0.0,2019-10-28
2,hru02,0.0,0.0,1.001,0.0,0.0,0.0,0.0,0.0,0.0,0.0,2019-10-28
3,hru03,0.0,0.0,0.987,0.0,0.0,0.0,0.0,0.0,0.0,0.0,2019-10-28
4,hru04,0.0,0.0,0.992,0.0,0.0,0.0,0.0,0.0,0.0,0.0,2019-10-28
5,hru05,0.0,0.0,0.999,0.0,0.0,0.0,0.0,0.0,0.0,0.0,2019-10-28
6,hru06,0.0,0.0,0.999,0.0,0.0,0.0,0.0,0.0,0.0,0.0,2019-10-28
7,hru07,0.0,0.0,1.005,0.0,0.0,0.0,0.0,0.0,0.0,0.0,2019-10-28
8,hru08,0.0,0.0,0.987,0.0,0.0,0.0,0.0,0.0,0.0,0.0,2019-10-28
9,hru09,0.0,0.0,1.0,0.0,0.0,0.0,0.0,0.0,0.0,0.0,2019-10-28
10,hru10,0.0,0.0,1.0,0.0,0.0,0.0,0.0,0.0,0.0,0.0,2019-10-28
11,hru11,0.0,0.0,1.005,0.0,0.0,0.0,0.0,0.0,0.0,0.0,2019-10-28
12,hru12,0.0,0.0,1.004,0.0,0.0,0.0,0.0,0.0,0.0,0.0,2019-10-28
13,hru13,0.0,0.0,1.007,0.0,0.0,0.0,0.0,0.0,0.0,0.0,2019-10-28
14,hru14,0.0,0.0,1.004,0.0,0.0,0.0,0.0,0.0,0.0,0.0,2019-10-28
15,hru15,0.0,0.0,1.011,0.0,0.0,0.0,0.0,0.0,0.0,0.0,2019-10-28
16,hru16,0.0,0.0,1.003,0.0,0.0,0.0,0.0,0.0,0.0,0.0,2019-10-28
17,hru17,0.0,0.0,1.009,0.0,0.0,0.0,0.0,0.0,0.0,0.0,2019-10-28
18,hru18,0.0,0.0,1.011,0.0,0.0,0.0,0.0,0.0,0.0,0.0,2019-10-28
19,hru19,0.0,0.0,1.015,0.0,0.0,0.0,0.0,0.0,0.0,0.0,2019-10-28
20,hru20,0.0,0.0,1.012,0.0,0.0,0.0,0.0,0.0,0.0,0.0,2019-10-28
21,hru21,0.0,0.0,1.011,0.0,0.0,0.0,0.0,0.0,0.0,0.0,2019-10-28
22,hru22,0.0,0.0,1.011,0.0,0.0,0.0,0.0,0.0,0.0,0.0,2019-10-28
23,hru23,0.0,0.0,1.011,0.0,0.0,0.0,0.0,0.0,0.0,0.0,2019-10-28
24,hru24,0.0,0.0,1.011,0.0,0.0,0.0,0.0,0.0,0.0,0.0,2019-10-28
25,hru25,0.0,0.0,1.012,0.0,0.0,0.0,0.0,0.0,0.0,0.0,2019-10-28
26,hru26,0.0,0.0,1.012,0.0,0.0,0.0,0.0,0.0,0.0,0.0,2019-10-28
27,hru27,0.0,0.0,1.004,0.0,0.0,0.0,0.0,0.0,0.0,0.0,2019-10-28
28,hru28,0.0,0.0,1.005,0.0,0.0,0.0,0.0,0.0,0.0,0.0,2019-10-28
29,hru29,0.0,0.0,1.003,0.0,0.0,0.0,0.0,0.0,0.0,0.0,2019-10-28
30,hru30,0.0,0.0,1.002,0.0,0.0,0.0,0.0,0.0,0.0,0.0,2019-10-28
31,hru31,0.0,0.0,0.996,0.0,0.0,0.0,0.0,0.0,0.0,0.0,2019-10-28
32,hru32,0.0,0.0,1.007,0.0,0.0,0.0,0.0,0.0,0.0,0.0,2019-10-28
33,hru33,0.0,0.0,1.001,0.0,0.0,0.0,0.0,0.0,0.0,0.0,2019-10-28
34,hru34,0.0,0.0,1.001,0.0,0.0,0.0,0.0,0.0,0.0,0.0,2019-10-28
35,hru35,0.0,0.0,0.996,0.0,0.0,0.0,0.0,0.0,0.0,0.0,2019-10-28
36,hru36,0.0,0.0,1.001,0.0,0.0,0.0,0.0,0.0,0.0,0.0,2019-10-28
1,hru01,0.0,0.0,0.996,0.0,0.0,0.0,0.0,0.0,0.0,0.0,2019-10-29
2,hru02,0.0,0.0,1.001,0.0,0.0,0.0,0.0,0.0,0.0,0.0,2019-10-29
3,hru03,0.0,0.0,0.987,0.0,0.0,0.0,0.0,0.0,0.0,0.0,2019-10-29
4,hru04,0.0,0.0,0.992,0.0,0.0,0.0,0.0,0.0,0.0,0.0,2019-10-29
5,hru05,0.0,0.0,0.999,0.0,0.0,0.0,0.0,0.0,0.0,0.0,2019-10-29
6,hru06,0.0,0.0,0.999,0.0,0.0,0.0,0.0,0.0,0.0,0.0,2019-10-29
7,hru07,0.0,0.0,1.005,0.0,0.0,0.0,0.0,0.0,0.0,0.0,2019-10-29
8,hru08,0.0,0.0,0.987,0.0,0.0,0.0,0.0,0.0,0.0,0.0,2019-10-29
9,hru09,0.0,0.0,1.001,0.0,0.0,0.0,0.0,0.0,0.0,0.0,2019-10-29
10,hru10,0.0,0.0,1.001,0.0,0.0,0.0,0.0,0.0,0.0,0.0,2019-10-29
11,hru11,0.0,0.0,1.005,0.0,0.0,0.0,0.0,0.0,0.0,0.0,2019-10-29
12,hru12,0.0,0.0,1.004,0.0,0.0,0.0,0.0,0.0,0.0,0.0,2019-10-29
13,hru13,0.0,0.0,1.007,0.0,0.0,0.0,0.0,0.0,0.0,0.0,2019-10-29
14,hru14,0.0,0.0,1.004,0.0,0.0,0.0,0.0,0.0,0.0,0.0,2019-10-29
15,hru15,0.0,0.0,1.011,0.0,0.0,0.0,0.0,0.0,0.0,0.0,2019-10-29
16,hru16,0.0,0.0,1.003,0.0,0.0,0.0,0.0,0.0,0.0,0.0,2019-10-29
17,hru17,0.0,0.0,1.009,0.0,0.0,0.0,0.0,0.0,0.0,0.0,2019-10-29
18,hru18,0.0,0.0,1.011,0.0,0.0,0.0,0.0,0.0,0.0,0.0,2019-10-29
19,hru19,0.0,0.0,1.015,0.0,0.0,0.0,0.0,0.0,0.0,0.0,2019-10-29
20,hru20,0.0,0.0,1.012,0.0,0.0,0.0,0.0,0.0,0.0,0.0,2019-10-29
21,hru21,0.0,0.0,1.011,0.0,0.0,0.0,0.0,0.0,0.0,0.0,2019-10-29
22,hru22,0.0,0.0,1.011,0.0,0.0,0.0,0.0,0.0,0.0,0.0,2019-10-29
23,hru23,0.0,0.0,1.011,0.0,0.0,0.0,0.0,0.0,0.0,0.0,2019-10-29
24,hru24,0.0,0.0,1.011,0.0,0.0,0.0,0.0,0.0,0.0,0.0,2019-10-29
25,hru25,0.0,0.0,1.012,0.0,0.0,0.0,0.0,0.0,0.0,0.0,2019-10-29
26,hru26,0.0,0.0,1.012,0.0,0.0,0.0,0.0,0.0,0.0,0.0,2019-10-29
27,hru27,0.0,0.0,1.004,0.0,0.0,0.0,0.0,0.0,0.0,0.0,2019-10-29
28,hru28,0.0,0.0,1.005,0.0,0.0,0.0,0.0,0.0,0.0,0.0,2019-10-29
29,hru29,0.0,0.0,1.003,0.0,0.0,0.0,0.0,0.0,0.0,0.0,2019-10-29
30,hru30,0.0,0.0,1.002,0.0,0.0,0.0,0.0,0.0,0.0,0.0,2019-10-29
31,hru31,0.0,0.0,0.996,0.0,0.0,0.0,0.0,0.0,0.0,0.0,2019-10-29
32,hru32,0.0,0.0,1.007,0.0,0.0,0.0,0.0,0.0,0.0,0.0,2019-10-29
33,hru33,0.0,0.0,1.001,0.0,0.0,0.0,0.0,0.0,0.0,0.0,2019-10-29
34,hru34,0.0,0.0,1.001,0.0,0.0,0.0,0.0,0.0,0.0,0.0,2019-10-29
35,hru35,0.0,0.0,0.996,0.0,0.0,0.0,0.0,0.0,0.0,0.0,2019-10-29
36,hru36,0.0,0.0,1.001,0.0,0.0,0.0,0.0,0.0,0.0,0.0,2019-10-29
1,hru01,0.0,0.0,0.996,0.0,0.0,0.0,0.0,0.0,0.0,0.0,2019-10-30
2,hru02,0.0,0.0,1.001,0.0,0.0,0.0,0.0,0.0,0.0,0.0,2019-10-30
3,hru03,0.0,0.0,0.987,0.0,0.0,0.0,0.0,0.0,0.0,0.0,2019-10-30
4,hru04,0.0,0.0,0.992,0.0,0.0,0.0,0.0,0.0,0.0,0.0,2019-10-30
5,hru05,0.0,0.0,0.999,0.0,0.0,0.0,0.0,0.0,0.0,0.0,2019-10-30
6,hru06,0.0,0.0,0.999,0.0,0.0,0.0,0.0,0.0,0.0,0.0,2019-10-30
7,hru07,0.0,0.0,1.005,0.0,0.0,0.0,0.0,0.0,0.0,0.0,2019-10-30
8,hru08,0.0,0.0,0.987,0.0,0.0,0.0,0.0,0.0,0.0,0.0,2019-10-30
9,hru09,0.0,0.0,1.001,0.0,0.0,0.0,0.0,0.0,0.0,0.0,2019-10-30
10,hru10,0.0,0.0,1.001,0.0,0.0,0.0,0.0,0.0,0.0,0.0,2019-10-30
11,hru11,0.0,0.0,1.005,0.0,0.0,0.0,0.0,0.0,0.0,0.0,2019-10-30
12,hru12,0.0,0.0,1.004,0.0,0.0,0.0,0.0,0.0,0.0,0.0,2019-10-30
13,hru13,0.0,0.0,1.007,0.0,0.0,0.0,0.0,0.0,0.0,0.0,2019-10-30
14,hru14,0.0,0.0,1.004,0.0,0.0,0.0,0.0,0.0,0.0,0.0,2019-10-30
15,hru15,0.0,0.0,1.011,0.0,0.0,0.0,0.0,0.0,0.0,0.0,2019-10-30
16,hru16,0.0,0.0,1.003,0.0,0.0,0.0,0.0,0.0,0.0,0.0,2019-10-30
17,hru17,0.0,0.0,1.009,0.0,0.0,0.0,0.0,0.0,0.0,0.0,2019-10-30
18,hru18,0.0,0.0,1.011,0.0,0.0,0.0,0.0,0.0,0.0,0.0,2019-10-30
19,hru19,0.0,0.0,1.015,0.0,0.0,0.0,0.0,0.0,0.0,0.0,2019-10-30
20,hru20,0.0,0.0,1.012,0.0,0.0,0.0,0.0,0.0,0.0,0.0,2019-10-30
21,hru21,0.0,0.0,1.011,0.0,0.0,0.0,0.0,0.0,0.0,0.0,2019-10-30
22,hru22,0.0,0.0,1.011,0.0,0.0,0.0,0.0,0.0,0.0,0.0,2019-10-30
23,hru23,0.0,0.0,1.011,0.0,0.0,0.0,0.0,0.0,0.0,0.0,2019-10-30
24,hru24,0.0,0.0,1.011,0.0,0.0,0.0,0.0,0.0,0.0,0.0,2019-10-30
25,hru25,0.0,0.0,1.012,0.0,0.0,0.0,0.0,0.0,0.0,0.0,2019-10-30
26,hru26,0.0,0.0,1.012,0.0,0.0,0.0,0.0,0.0,0.0,0.0,2019-10-30
27,hru27,0.0,0.0,1.004,0.0,0.0,0.0,0.0,0.0,0.0,0.0,2019-10-30
28,hru28,0.0,0.0,1.005,0.0,0.0,0.0,0.0,0.0,0.0,0.0,2019-10-30
29,hru29,0.0,0.0,1.003,0.0,0.0,0.0,0.0,0.0,0.0,0.0,2019-10-30
30,hru30,0.0,0.0,1.002,0.0,0.0,0.0,0.0,0.0,0.0,0.0,2019-10-30
31,hru31,0.0,0.0,0.996,0.0,0.0,0.0,0.0,0.0,0.0,0.0,2019-10-30
32,hru32,0.0,0.0,1.007,0.0,0.0,0.0,0.0,0.0,0.0,0.0,2019-10-30
33,hru33,0.0,0.0,1.001,0.0,0.0,0.0,0.0,0.0,0.0,0.0,2019-10-30
34,hru34,0.0,0.0,1.001,0.0,0.0,0.0,0.0,0.0,0.0,0.0,2019-10-30
35,hru35,0.0,0.0,0.996,0.0,0.0,0.0,0.0,0.0,0.0,0.0,2019-10-30
36,hru36,0.0,0.0,1.001,0.0,0.0,0.0,0.0,0.0,0.0,0.0,2019-10-30
1,hru01,0.0,0.0,0.996,0.0,0.0,0.0,0.0,0.0,0.0,0.0,2019-10-31
2,hru02,0.0,0.0,1.001,0.0,0.0,0.0,0.0,0.0,0.0,0.0,2019-10-31
3,hru03,0.0,0.0,0.987,0.0,0.0,0.0,0.0,0.0,0.0,0.0,2019-10-31
4,hru04,0.0,0.0,0.992,0.0,0.0,0.0,0.0,0.0,0.0,0.0,2019-10-31
5,hru05,0.0,0.0,0.999,0.0,0.0,0.0,0.0,0.0,0.0,0.0,2019-10-31
6,hru06,0.0,0.0,0.999,0.0,0.0,0.0,0.0,0.0,0.0,0.0,2019-10-31
7,hru07,0.0,0.0,1.005,0.0,0.0,0.0,0.0,0.0,0.0,0.0,2019-10-31
8,hru08,0.0,0.0,0.987,0.0,0.0,0.0,0.0,0.0,0.0,0.0,2019-10-31
9,hru09,0.0,0.0,1.001,0.0,0.0,0.0,0.0,0.0,0.0,0.0,2019-10-31
10,hru10,0.0,0.0,1.001,0.0,0.0,0.0,0.0,0.0,0.0,0.0,2019-10-31
11,hru11,0.0,0.0,1.005,0.0,0.0,0.0,0.0,0.0,0.0,0.0,2019-10-31
12,hru12,0.0,0.0,1.004,0.0,0.0,0.0,0.0,0.0,0.0,0.0,2019-10-31
13,hru13,0.0,0.0,1.007,0.0,0.0,0.0,0.0,0.0,0.0,0.0,2019-10-31
14,hru14,0.0,0.0,1.004,0.0,0.0,0.0,0.0,0.0,0.0,0.0,2019-10-31
15,hru15,0.0,0.0,1.011,0.0,0.0,0.0,0.0,0.0,0.0,0.0,2019-10-31
16,hru16,0.0,0.0,1.003,0.0,0.0,0.0,0.0,0.0,0.0,0.0,2019-10-31
17,hru17,0.0,0.0,1.009,0.0,0.0,0.0,0.0,0.0,0.0,0.0,2019-10-31
18,hru18,0.0,0.0,1.011,0.0,0.0,0.0,0.0,0.0,0.0,0.0,2019-10-31
19,hru19,0.0,0.0,1.015,0.0,0.0,0.0,0.0,0.0,0.0,0.0,2019-10-31
20,hru20,0.0,0.0,1.012,0.0,0.0,0.0,0.0,0.0,0.0,0.0,2019-10-31
21,hru21,0.0,0.0,1.011,0.0,0.0,0.0,0.0,0.0,0.0,0.0,2019-10-31
22,hru22,0.0,0.0,1.011,0.0,0.0,0.0,0.0,0.0,0.0,0.0,2019-10-31
23,hru23,0.0,0.0,1.011,0.0,0.0,0.0,0.0,0.0,0.0,0.0,2019-10-31
24,hru24,0.0,0.0,1.011,0.0,0.0,0.0,0.0,0.0,0.0,0.0,2019-10-31
25,hru25,0.0,0.0,1.012,0.0,0.0,0.0,0.0,0.0,0.0,0.0,2019-10-31
26,hru26,0.0,0.0,1.012,0.0,0.0,0.0,0.0,0.0,0.0,0.0,2019-10-31
27,hru27,0.0,0.0,1.004,0.0,0.0,0.0,0.0,0.0,0.0,0.0,2019-10-31
28,hru28,0.0,0.0,1.005,0.0,0.0,0.0,0.0,0.0,0.0,0.0,2019-10-31
29,hru29,0.0,0.0,1.003,0.0,0.0,0.0,0.0,0.0,0.0,0.0,2019-10-31
30,hru30,0.0,0.0,1.002,0.0,0.0,0.0,0.0,0.0,0.0,0.0,2019-10-31
31,hru31,0.0,0.0,0.996,0.0,0.0,0.0,0.0,0.0,0.0,0.0,2019-10-31
32,hru32,0.0,0.0,1.007,0.0,0.0,0.0,0.0,0.0,0.0,0.0,2019-10-31
33,hru33,0.0,0.0,1.001,0.0,0.0,0.0,0.0,0.0,0.0,0.0,2019-10-31
34,hru34,0.0,0.0,1.001,0.0,0.0,0.0,0.0,0.0,0.0,0.0,2019-10-31
35,hru35,0.0,0.0,0.996,0.0,0.0,0.0,0.0,0.0,0.0,0.0,2019-10-31
36,hru36,0.0,0.0,1.001,0.0,0.0,0.0,0.0,0.0,0.0,0.0,2019-10-31
1,hru01,0.0,0.0,0.996,0.0,0.0,0.0,0.0,0.0,0.0,0.0,2019-11-01
2,hru02,0.0,0.0,1.002,0.0,0.0,0.0,0.0,0.0,0.0,0.0,2019-11-01
3,hru03,0.0,0.0,0.988,0.0,0.0,0.0,0.0,0.0,0.0,0.0,2019-11-01
4,hru04,0.0,0.0,0.993,0.0,0.0,0.0,0.0,0.0,0.0,0.0,2019-11-01
5,hru05,0.0,0.0,1.0,0.0,0.0,0.0,0.0,0.0,0.0,0.0,2019-11-01
6,hru06,0.0,0.0,1.0,0.0,0.0,0.0,0.0,0.0,0.0,0.0,2019-11-01
7,hru07,0.0,0.0,1.005,0.0,0.0,0.0,0.0,0.0,0.0,0.0,2019-11-01
8,hru08,0.0,0.0,0.988,0.0,0.0,0.0,0.0,0.0,0.0,0.0,2019-11-01
9,hru09,0.0,0.0,1.001,0.0,0.0,0.0,0.0,0.0,0.0,0.0,2019-11-01
10,hru10,0.0,0.0,1.001,0.0,0.0,0.0,0.0,0.0,0.0,0.0,2019-11-01
11,hru11,0.0,0.0,1.006,0.0,0.0,0.0,0.0,0.0,0.0,0.0,2019-11-01
12,hru12,0.0,0.0,1.005,0.0,0.0,0.0,0.0,0.0,0.0,0.0,2019-11-01
13,hru13,0.0,0.0,1.008,0.0,0.0,0.0,0.0,0.0,0.0,0.0,2019-11-01
14,hru14,0.0,0.0,1.005,0.0,0.0,0.0,0.0,0.0,0.0,0.0,2019-11-01
15,hru15,0.0,0.0,1.012,0.0,0.0,0.0,0.0,0.0,0.0,0.0,2019-11-01
16,hru16,0.0,0.0,1.003,0.0,0.0,0.0,0.0,0.0,0.0,0.0,2019-11-01
17,hru17,0.0,0.0,1.01,0.0,0.0,0.0,0.0,0.0,0.0,0.0,2019-11-01
18,hru18,0.0,0.0,1.012,0.0,0.0,0.0,0.0,0.0,0.0,0.0,2019-11-01
19,hru19,0.0,0.0,1.016,0.0,0.0,0.0,0.0,0.0,0.0,0.0,2019-11-01
20,hru20,0.0,0.0,1.012,0.0,0.0,0.0,0.0,0.0,0.0,0.0,2019-11-01
21,hru21,0.0,0.0,1.012,0.0,0.0,0.0,0.0,0.0,0.0,0.0,2019-11-01
22,hru22,0.0,0.0,1.012,0.0,0.0,0.0,0.0,0.0,0.0,0.0,2019-11-01
23,hru23,0.0,0.0,1.012,0.0,0.0,0.0,0.0,0.0,0.0,0.0,2019-11-01
24,hru24,0.0,0.0,1.012,0.0,0.0,0.0,0.0,0.0,0.0,0.0,2019-11-01
25,hru25,0.0,0.0,1.012,0.0,0.0,0.0,0.0,0.0,0.0,0.0,2019-11-01
26,hru26,0.0,0.0,1.013,0.0,0.0,0.0,0.0,0.0,0.0,0.0,2019-11-01
27,hru27,0.0,0.0,1.005,0.0,0.0,0.0,0.0,0.0,0.0,0.0,2019-11-01
28,hru28,0.0,0.0,1.006,0.0,0.0,0.0,0.0,0.0,0.0,0.0,2019-11-01
29,hru29,0.0,0.0,1.004,0.0,0.0,0.0,0.0,0.0,0.0,0.0,2019-11-01
30,hru30,0.0,0.0,1.003,0.0,0.0,0.0,0.0,0.0,0.0,0.0,2019-11-01
31,hru31,0.0,0.0,0.996,0.0,0.0,0.0,0.0,0.0,0.0,0.0,2019-11-01
32,hru32,0.0,0.0,1.008,0.0,0.0,0.0,0.0,0.0,0.0,0.0,2019-11-01
33,hru33,0.0,0.0,1.002,0.0,0.0,0.0,0.0,0.0,0.0,0.0,2019-11-01
34,hru34,0.0,0.0,1.002,0.0,0.0,0.0,0.0,0.0,0.0,0.0,2019-11-01
35,hru35,0.0,0.0,0.997,0.0,0.0,0.0,0.0,0.0,0.0,0.0,2019-11-01
36,hru36,0.0,0.0,1.002,0.0,0.0,0.0,0.0,0.0,0.0,0.0,2019-11-01
1,hru01,0.0,0.0,0.997,0.0,0.0,0.0,0.0,0.0,0.0,0.0,2019-11-02
2,hru02,0.0,0.0,1.002,0.0,0.0,0.0,0.0,0.0,0.0,0.0,2019-11-02
3,hru03,0.0,0.0,0.989,0.0,0.0,0.0,0.0,0.0,0.0,0.0,2019-11-02
4,hru04,0.0,0.0,0.994,0.0,0.0,0.0,0.0,0.0,0.0,0.0,2019-11-02
5,hru05,0.0,0.0,1.0,0.0,0.0,0.0,0.0,0.0,0.0,0.0,2019-11-02
6,hru06,0.0,0.0,1.0,0.0,0.0,0.0,0.0,0.0,0.0,0.0,2019-11-02
7,hru07,0.0,0.0,1.006,0.0,0.0,0.0,0.0,0.0,0.0,0.0,2019-11-02
8,hru08,0.0,0.0,0.989,0.0,0.0,0.0,0.0,0.0,0.0,0.0,2019-11-02
9,hru09,0.0,0.0,1.002,0.0,0.0,0.0,0.0,0.0,0.0,0.0,2019-11-02
10,hru10,0.0,0.0,1.002,0.0,0.0,0.0,0.0,0.0,0.0,0.0,2019-11-02
11,hru11,0.0,0.0,1.007,0.0,0.0,0.0,0.0,0.0,0.0,0.0,2019-11-02
12,hru12,0.0,0.0,1.005,0.0,0.0,0.0,0.0,0.0,0.0,0.0,2019-11-02
13,hru13,0.0,0.0,1.009,0.0,0.0,0.0,0.0,0.0,0.0,0.0,2019-11-02
14,hru14,0.0,0.0,1.005,0.0,0.0,0.0,0.0,0.0,0.0,0.0,2019-11-02
15,hru15,0.0,0.0,1.013,0.0,0.0,0.0,0.0,0.0,0.0,0.0,2019-11-02
16,hru16,0.0,0.0,1.004,0.0,0.0,0.0,0.0,0.0,0.0,0.0,2019-11-02
17,hru17,0.0,0.0,1.011,0.0,0.0,0.0,0.0,0.0,0.0,0.0,2019-11-02
18,hru18,0.0,0.0,1.013,0.0,0.0,0.0,0.0,0.0,0.0,0.0,2019-11-02
19,hru19,0.0,0.0,1.017,0.0,0.0,0.0,0.0,0.0,0.0,0.0,2019-11-02
20,hru20,0.0,0.0,1.013,0.0,0.0,0.0,0.0,0.0,0.0,0.0,2019-11-02
21,hru21,0.0,0.0,1.013,0.0,0.0,0.0,0.0,0.0,0.0,0.0,2019-11-02
22,hru22,0.0,0.0,1.013,0.0,0.0,0.0,0.0,0.0,0.0,0.0,2019-11-02
23,hru23,0.0,0.0,1.013,0.0,0.0,0.0,0.0,0.0,0.0,0.0,2019-11-02
24,hru24,0.0,0.0,1.013,0.0,0.0,0.0,0.0,0.0,0.0,0.0,2019-11-02
25,hru25,0.0,0.0,1.013,0.0,0.0,0.0,0.0,0.0,0.0,0.0,2019-11-02
26,hru26,0.0,0.0,1.013,0.0,0.0,0.0,0.0,0.0,0.0,0.0,2019-11-02
27,hru27,0.0,0.0,1.006,0.0,0.0,0.0,0.0,0.0,0.0,0.0,2019-11-02
28,hru28,0.0,0.0,1.007,0.0,0.0,0.0,0.0,0.0,0.0,0.0,2019-11-02
29,hru29,0.0,0.0,1.005,0.0,0.0,0.0,0.0,0.0,0.0,0.0,2019-11-02
30,hru30,0.0,0.0,1.004,0.0,0.0,0.0,0.0,0.0,0.0,0.0,2019-11-02
31,hru31,0.0,0.0,0.997,0.0,0.0,0.0,0.0,0.0,0.0,0.0,2019-11-02
32,hru32,0.0,0.0,1.009,0.0,0.0,0.0,0.0,0.0,0.0,0.0,2019-11-02
33,hru33,0.0,0.0,1.003,0.0,0.0,0.0,0.0,0.0,0.0,0.0,2019-11-02
34,hru34,0.0,0.0,1.003,0.0,0.0,0.0,0.0,0.0,0.0,0.0,2019-11-02
35,hru35,0.0,0.0,0.997,0.0,0.0,0.0,0.0,0.0,0.0,0.0,2019-11-02
36,hru36,0.0,0.0,1.003,0.0,0.0,0.0,0.0,0.0,0.0,0.0,2019-11-02
1,hru01,0.0,0.0,0.998,0.0,0.0,0.0,0.0,0.0,0.0,0.0,2019-11-03
2,hru02,0.0,0.0,1.004,0.0,0.0,0.0,0.0,0.0,0.0,0.0,2019-11-03
3,hru03,0.0,0.0,0.99,0.0,0.0,0.0,0.0,0.0,0.0,0.0,2019-11-03
4,hru04,0.0,0.0,0.995,0.0,0.0,0.0,0.0,0.0,0.0,0.0,2019-11-03
5,hru05,0.0,0.0,1.001,0.0,0.0,0.0,0.0,0.0,0.0,0.0,2019-11-03
6,hru06,0.0,0.0,1.001,0.0,0.0,0.0,0.0,0.0,0.0,0.0,2019-11-03
7,hru07,0.0,0.0,1.007,0.0,0.0,0.0,0.0,0.0,0.0,0.0,2019-11-03
8,hru08,0.0,0.0,0.99,0.0,0.0,0.0,0.0,0.0,0.0,0.0,2019-11-03
9,hru09,0.0,0.0,1.003,0.0,0.0,0.0,0.0,0.0,0.0,0.0,2019-11-03
10,hru10,0.0,0.0,1.003,0.0,0.0,0.0,0.0,0.0,0.0,0.0,2019-11-03
11,hru11,0.0,0.0,1.008,0.0,0.0,0.0,0.0,0.0,0.0,0.0,2019-11-03
12,hru12,0.0,0.0,1.006,0.0,0.0,0.0,0.0,0.0,0.0,0.0,2019-11-03
13,hru13,0.0,0.0,1.01,0.0,0.0,0.0,0.0,0.0,0.0,0.0,2019-11-03
14,hru14,0.0,0.0,1.006,0.0,0.0,0.0,0.0,0.0,0.0,0.0,2019-11-03
15,hru15,0.0,0.0,1.014,0.0,0.0,0.0,0.0,0.0,0.0,0.0,2019-11-03
16,hru16,0.0,0.0,1.005,0.0,0.0,0.0,0.0,0.0,0.0,0.0,2019-11-03
17,hru17,0.0,0.0,1.012,0.0,0.0,0.0,0.0,0.0,0.0,0.0,2019-11-03
18,hru18,0.0,0.0,1.014,0.0,0.0,0.0,0.0,0.0,0.0,0.0,2019-11-03
19,hru19,0.0,0.0,1.018,0.0,0.0,0.0,0.0,0.0,0.0,0.0,2019-11-03
20,hru20,0.0,0.0,1.014,0.0,0.0,0.0,0.0,0.0,0.0,0.0,2019-11-03
21,hru21,0.0,0.0,1.014,0.0,0.0,0.0,0.0,0.0,0.0,0.0,2019-11-03
22,hru22,0.0,0.0,1.014,0.0,0.0,0.0,0.0,0.0,0.0,0.0,2019-11-03
23,hru23,0.0,0.0,1.014,0.0,0.0,0.0,0.0,0.0,0.0,0.0,2019-11-03
24,hru24,0.0,0.0,1.014,0.0,0.0,0.0,0.0,0.0,0.0,0.0,2019-11-03
25,hru25,0.0,0.0,1.014,0.0,0.0,0.0,0.0,0.0,0.0,0.0,2019-11-03
26,hru26,0.0,0.0,1.014,0.0,0.0,0.0,0.0,0.0,0.0,0.0,2019-11-03
27,hru27,0.0,0.0,1.007,0.0,0.0,0.0,0.0,0.0,0.0,0.0,2019-11-03
28,hru28,0.0,0.0,1.008,0.0,0.0,0.0,0.0,0.0,0.0,0.0,2019-11-03
29,hru29,0.0,0.0,1.006,0.0,0.0,0.0,0.0,0.0,0.0,0.0,2019-11-03
30,hru30,0.0,0.0,1.005,0.0,0.0,0.0,0.0,0.0,0.0,0.0,2019-11-03
31,hru31,0.0,0.0,0.998,0.0,0.0,0.0,0.0,0.0,0.0,0.0,2019-11-03
32,hru32,0.0,0.0,1.01,0.0,0.0,0.0,0.0,0.0,0.0,0.0,2019-11-03
33,hru33,0.0,0.0,1.004,0.0,0.0,0.0,0.0,0.0,0.0,0.0,2019-11-03
34,hru34,0.0,0.0,1.004,0.0,0.0,0.0,0.0,0.0,0.0,0.0,2019-11-03
35,hru35,0.0,0.0,0.998,0.0,0.0,0.0,0.0,0.0,0.0,0.0,2019-11-03
36,hru36,0.0,0.0,1.004,0.0,0.0,0.0,0.0,0.0,0.0,0.0,2019-11-03
1,hru01,0.0,0.0,0.998,0.0,0.0,0.0,0.0,0.0,0.0,0.0,2019-11-04
2,hru02,0.0,0.0,1.004,0.0,0.0,0.0,0.0,0.0,0.0,0.0,2019-11-04
3,hru03,0.0,0.0,0.99,0.0,0.0,0.0,0.0,0.0,0.0,0.0,2019-11-04
4,hru04,0.0,0.0,0.995,0.0,0.0,0.0,0.0,0.0,0.0,0.0,2019-11-04
5,hru05,0.0,0.0,1.002,0.0,0.0,0.0,0.0,0.0,0.0,0.0,2019-11-04
6,hru06,0.0,0.0,1.002,0.0,0.0,0.0,0.0,0.0,0.0,0.0,2019-11-04
7,hru07,0.0,0.0,1.008,0.0,0.0,0.0,0.0,0.0,0.0,0.0,2019-11-04
8,hru08,0.0,0.0,0.99,0.0,0.0,0.0,0.0,0.0,0.0,0.0,2019-11-04
9,hru09,0.0,0.0,1.003,0.0,0.0,0.0,0.0,0.0,0.0,0.0,2019-11-04
10,hru10,0.0,0.0,1.003,0.0,0.0,0.0,0.0,0.0,0.0,0.0,2019-11-04
11,hru11,0.0,0.0,1.008,0.0,0.0,0.0,0.0,0.0,0.0,0.0,2019-11-04
12,hru12,0.0,0.0,1.007,0.0,0.0,0.0,0.0,0.0,0.0,0.0,2019-11-04
13,hru13,0.0,0.0,1.01,0.0,0.0,0.0,0.0,0.0,0.0,0.0,2019-11-04
14,hru14,0.0,0.0,1.007,0.0,0.0,0.0,0.0,0.0,0.0,0.0,2019-11-04
15,hru15,0.0,0.0,1.014,0.0,0.0,0.0,0.0,0.0,0.0,0.0,2019-11-04
16,hru16,0.0,0.0,1.005,0.0,0.0,0.0,0.0,0.0,0.0,0.0,2019-11-04
17,hru17,0.0,0.0,1.012,0.0,0.0,0.0,0.0,0.0,0.0,0.0,2019-11-04
18,hru18,0.0,0.0,1.014,0.0,0.0,0.0,0.0,0.0,0.0,0.0,2019-11-04
19,hru19,0.0,0.0,1.018,0.0,0.0,0.0,0.0,0.0,0.0,0.0,2019-11-04
20,hru20,0.0,0.0,1.015,0.0,0.0,0.0,0.0,0.0,0.0,0.0,2019-11-04
21,hru21,0.0,0.0,1.014,0.0,0.0,0.0,0.0,0.0,0.0,0.0,2019-11-04
22,hru22,0.0,0.0,1.014,0.0,0.0,0.0,0.0,0.0,0.0,0.0,2019-11-04
23,hru23,0.0,0.0,1.014,0.0,0.0,0.0,0.0,0.0,0.0,0.0,2019-11-04
24,hru24,0.0,0.0,1.014,0.0,0.0,0.0,0.0,0.0,0.0,0.0,2019-11-04
25,hru25,0.0,0.0,1.015,0.0,0.0,0.0,0.0,0.0,0.0,0.0,2019-11-04
26,hru26,0.0,0.0,1.015,0.0,0.0,0.0,0.0,0.0,0.0,0.0,2019-11-04
27,hru27,0.0,0.0,1.007,0.0,0.0,0.0,0.0,0.0,0.0,0.0,2019-11-04
28,hru28,0.0,0.0,1.008,0.0,0.0,0.0,0.0,0.0,0.0,0.0,2019-11-04
29,hru29,0.0,0.0,1.006,0.0,0.0,0.0,0.0,0.0,0.0,0.0,2019-11-04
30,hru30,0.0,0.0,1.005,0.0,0.0,0.0,0.0,0.0,0.0,0.0,2019-11-04
31,hru31,0.0,0.0,0.998,0.0,0.0,0.0,0.0,0.0,0.0,0.0,2019-11-04
32,hru32,0.0,0.0,1.01,0.0,0.0,0.0,0.0,0.0,0.0,0.0,2019-11-04
33,hru33,0.0,0.0,1.004,0.0,0.0,0.0,0.0,0.0,0.0,0.0,2019-11-04
34,hru34,0.0,0.0,1.004,0.0,0.0,0.0,0.0,0.0,0.0,0.0,2019-11-04
35,hru35,0.0,0.0,0.999,0.0,0.0,0.0,0.0,0.0,0.0,0.0,2019-11-04
36,hru36,0.0,0.0,1.004,0.0,0.0,0.0,0.0,0.0,0.0,0.0,2019-11-04
1,hru01,0.0,0.0,0.998,0.0,0.0,0.0,0.0,0.0,0.0,0.0,2019-11-05
2,hru02,0.0,0.0,1.004,0.0,0.0,0.0,0.0,0.0,0.0,0.0,2019-11-05
3,hru03,0.0,0.0,0.99,0.0,0.0,0.0,0.0,0.0,0.0,0.0,2019-11-05
4,hru04,0.0,0.0,0.995,0.0,0.0,0.0,0.0,0.0,0.0,0.0,2019-11-05
5,hru05,0.0,0.0,1.002,0.0,0.0,0.0,0.0,0.0,0.0,0.0,2019-11-05
6,hru06,0.0,0.0,1.002,0.0,0.0,0.0,0.0,0.0,0.0,0.0,2019-11-05
7,hru07,0.0,0.0,1.008,0.0,0.0,0.0,0.0,0.0,0.0,0.0,2019-11-05
8,hru08,0.0,0.0,0.99,0.0,0.0,0.0,0.0,0.0,0.0,0.0,2019-11-05
9,hru09,0.0,0.0,1.003,0.0,0.0,0.0,0.0,0.0,0.0,0.0,2019-11-05
10,hru10,0.0,0.0,1.003,0.0,0.0,0.0,0.0,0.0,0.0,0.0,2019-11-05
11,hru11,0.0,0.0,1.008,0.0,0.0,0.0,0.0,0.0,0.0,0.0,2019-11-05
12,hru12,0.0,0.0,1.007,0.0,0.0,0.0,0.0,0.0,0.0,0.0,2019-11-05
13,hru13,0.0,0.0,1.01,0.0,0.0,0.0,0.0,0.0,0.0,0.0,2019-11-05
14,hru14,0.0,0.0,1.007,0.0,0.0,0.0,0.0,0.0,0.0,0.0,2019-11-05
15,hru15,0.0,0.0,1.014,0.0,0.0,0.0,0.0,0.0,0.0,0.0,2019-11-05
16,hru16,0.0,0.0,1.005,0.0,0.0,0.0,0.0,0.0,0.0,0.0,2019-11-05
17,hru17,0.0,0.0,1.012,0.0,0.0,0.0,0.0,0.0,0.0,0.0,2019-11-05
18,hru18,0.0,0.0,1.014,0.0,0.0,0.0,0.0,0.0,0.0,0.0,2019-11-05
19,hru19,0.0,0.0,1.018,0.0,0.0,0.0,0.0,0.0,0.0,0.0,2019-11-05
20,hru20,0.0,0.0,1.015,0.0,0.0,0.0,0.0,0.0,0.0,0.0,2019-11-05
21,hru21,0.0,0.0,1.014,0.0,0.0,0.0,0.0,0.0,0.0,0.0,2019-11-05
22,hru22,0.0,0.0,1.014,0.0,0.0,0.0,0.0,0.0,0.0,0.0,2019-11-05
23,hru23,0.0,0.0,1.014,0.0,0.0,0.0,0.0,0.0,0.0,0.0,2019-11-05
24,hru24,0.0,0.0,1.014,0.0,0.0,0.0,0.0,0.0,0.0,0.0,2019-11-05
25,hru25,0.0,0.0,1.015,0.0,0.0,0.0,0.0,0.0,0.0,0.0,2019-11-05
26,hru26,0.0,0.0,1.015,0.0,0.0,0.0,0.0,0.0,0.0,0.0,2019-11-05
27,hru27,0.0,0.0,1.007,0.0,0.0,0.0,0.0,0.0,0.0,0.0,2019-11-05
28,hru28,0.0,0.0,1.008,0.0,0.0,0.0,0.0,0.0,0.0,0.0,2019-11-05
29,hru29,0.0,0.0,1.006,0.0,0.0,0.0,0.0,0.0,0.0,0.0,2019-11-05
30,hru30,0.0,0.0,1.005,0.0,0.0,0.0,0.0,0.0,0.0,0.0,2019-11-05
31,hru31,0.0,0.0,0.998,0.0,0.0,0.0,0.0,0.0,0.0,0.0,2019-11-05
32,hru32,0.0,0.0,1.01,0.0,0.0,0.0,0.0,0.0,0.0,0.0,2019-11-05
33,hru33,0.0,0.0,1.004,0.0,0.0,0.0,0.0,0.0,0.0,0.0,2019-11-05
34,hru34,0.0,0.0,1.004,0.0,0.0,0.0,0.0,0.0,0.0,0.0,2019-11-05
35,hru35,0.0,0.0,0.999,0.0,0.0,0.0,0.0,0.0,0.0,0.0,2019-11-05
36,hru36,0.0,0.0,1.004,0.0,0.0,0.0,0.0,0.0,0.0,0.0,2019-11-05
1,hru01,0.0,0.0,0.998,0.0,0.0,0.0,0.0,0.0,0.0,0.0,2019-11-06
2,hru02,0.0,0.0,1.004,0.0,0.0,0.0,0.0,0.0,0.0,0.0,2019-11-06
3,hru03,0.0,0.0,0.99,0.0,0.0,0.0,0.0,0.0,0.0,0.0,2019-11-06
4,hru04,0.0,0.0,0.995,0.0,0.0,0.0,0.0,0.0,0.0,0.0,2019-11-06
5,hru05,0.0,0.0,1.002,0.0,0.0,0.0,0.0,0.0,0.0,0.0,2019-11-06
6,hru06,0.0,0.0,1.002,0.0,0.0,0.0,0.0,0.0,0.0,0.0,2019-11-06
7,hru07,0.0,0.0,1.008,0.0,0.0,0.0,0.0,0.0,0.0,0.0,2019-11-06
8,hru08,0.0,0.0,0.99,0.0,0.0,0.0,0.0,0.0,0.0,0.0,2019-11-06
9,hru09,0.0,0.0,1.003,0.0,0.0,0.0,0.0,0.0,0.0,0.0,2019-11-06
10,hru10,0.0,0.0,1.003,0.0,0.0,0.0,0.0,0.0,0.0,0.0,2019-11-06
11,hru11,0.0,0.0,1.008,0.0,0.0,0.0,0.0,0.0,0.0,0.0,2019-11-06
12,hru12,0.0,0.0,1.007,0.0,0.0,0.0,0.0,0.0,0.0,0.0,2019-11-06
13,hru13,0.0,0.0,1.01,0.0,0.0,0.0,0.0,0.0,0.0,0.0,2019-11-06
14,hru14,0.0,0.0,1.007,0.0,0.0,0.0,0.0,0.0,0.0,0.0,2019-11-06
15,hru15,0.0,0.0,1.014,0.0,0.0,0.0,0.0,0.0,0.0,0.0,2019-11-06
16,hru16,0.0,0.0,1.005,0.0,0.0,0.0,0.0,0.0,0.0,0.0,2019-11-06
17,hru17,0.0,0.0,1.012,0.0,0.0,0.0,0.0,0.0,0.0,0.0,2019-11-06
18,hru18,0.0,0.0,1.014,0.0,0.0,0.0,0.0,0.0,0.0,0.0,2019-11-06
19,hru19,0.0,0.0,1.018,0.0,0.0,0.0,0.0,0.0,0.0,0.0,2019-11-06
20,hru20,0.0,0.0,1.015,0.0,0.0,0.0,0.0,0.0,0.0,0.0,2019-11-06
21,hru21,0.0,0.0,1.014,0.0,0.0,0.0,0.0,0.0,0.0,0.0,2019-11-06
22,hru22,0.0,0.0,1.014,0.0,0.0,0.0,0.0,0.0,0.0,0.0,2019-11-06
23,hru23,0.0,0.0,1.014,0.0,0.0,0.0,0.0,0.0,0.0,0.0,2019-11-06
24,hru24,0.0,0.0,1.014,0.0,0.0,0.0,0.0,0.0,0.0,0.0,2019-11-06
25,hru25,0.0,0.0,1.015,0.0,0.0,0.0,0.0,0.0,0.0,0.0,2019-11-06
26,hru26,0.0,0.0,1.015,0.0,0.0,0.0,0.0,0.0,0.0,0.0,2019-11-06
27,hru27,0.0,0.0,1.007,0.0,0.0,0.0,0.0,0.0,0.0,0.0,2019-11-06
28,hru28,0.0,0.0,1.008,0.0,0.0,0.0,0.0,0.0,0.0,0.0,2019-11-06
29,hru29,0.0,0.0,1.006,0.0,0.0,0.0,0.0,0.0,0.0,0.0,2019-11-06
30,hru30,0.0,0.0,1.005,0.0,0.0,0.0,0.0,0.0,0.0,0.0,2019-11-06
31,hru31,0.0,0.0,0.998,0.0,0.0,0.0,0.0,0.0,0.0,0.0,2019-11-06
32,hru32,0.0,0.0,1.01,0.0,0.0,0.0,0.0,0.0,0.0,0.0,2019-11-06
33,hru33,0.0,0.0,1.004,0.0,0.0,0.0,0.0,0.0,0.0,0.0,2019-11-06
34,hru34,0.0,0.0,1.004,0.0,0.0,0.0,0.0,0.0,0.0,0.0,2019-11-06
35,hru35,0.0,0.0,0.999,0.0,0.0,0.0,0.0,0.0,0.0,0.0,2019-11-06
36,hru36,0.0,0.0,1.004,0.0,0.0,0.0,0.0,0.0,0.0,0.0,2019-11-06
1,hru01,0.0,0.0,0.998,0.0,0.0,0.0,0.0,0.0,0.0,0.0,2019-11-07
2,hru02,0.0,0.0,1.004,0.0,0.0,0.0,0.0,0.0,0.0,0.0,2019-11-07
3,hru03,0.0,0.0,0.99,0.0,0.0,0.0,0.0,0.0,0.0,0.0,2019-11-07
4,hru04,0.0,0.0,0.995,0.0,0.0,0.0,0.0,0.0,0.0,0.0,2019-11-07
5,hru05,0.0,0.0,1.002,0.0,0.0,0.0,0.0,0.0,0.0,0.0,2019-11-07
6,hru06,0.0,0.0,1.002,0.0,0.0,0.0,0.0,0.0,0.0,0.0,2019-11-07
7,hru07,0.0,0.0,1.008,0.0,0.0,0.0,0.0,0.0,0.0,0.0,2019-11-07
8,hru08,0.0,0.0,0.99,0.0,0.0,0.0,0.0,0.0,0.0,0.0,2019-11-07
9,hru09,0.0,0.0,1.003,0.0,0.0,0.0,0.0,0.0,0.0,0.0,2019-11-07
10,hru10,0.0,0.0,1.003,0.0,0.0,0.0,0.0,0.0,0.0,0.0,2019-11-07
11,hru11,0.0,0.0,1.008,0.0,0.0,0.0,0.0,0.0,0.0,0.0,2019-11-07
12,hru12,0.0,0.0,1.007,0.0,0.0,0.0,0.0,0.0,0.0,0.0,2019-11-07
13,hru13,0.0,0.0,1.01,0.0,0.0,0.0,0.0,0.0,0.0,0.0,2019-11-07
14,hru14,0.0,0.0,1.007,0.0,0.0,0.0,0.0,0.0,0.0,0.0,2019-11-07
15,hru15,0.0,0.0,1.014,0.0,0.0,0.0,0.0,0.0,0.0,0.0,2019-11-07
16,hru16,0.0,0.0,1.005,0.0,0.0,0.0,0.0,0.0,0.0,0.0,2019-11-07
17,hru17,0.0,0.0,1.012,0.0,0.0,0.0,0.0,0.0,0.0,0.0,2019-11-07
18,hru18,0.0,0.0,1.014,0.0,0.0,0.0,0.0,0.0,0.0,0.0,2019-11-07
19,hru19,0.0,0.0,1.018,0.0,0.0,0.0,0.0,0.0,0.0,0.0,2019-11-07
20,hru20,0.0,0.0,1.015,0.0,0.0,0.0,0.0,0.0,0.0,0.0,2019-11-07
21,hru21,0.0,0.0,1.014,0.0,0.0,0.0,0.0,0.0,0.0,0.0,2019-11-07
22,hru22,0.0,0.0,1.014,0.0,0.0,0.0,0.0,0.0,0.0,0.0,2019-11-07
23,hru23,0.0,0.0,1.014,0.0,0.0,0.0,0.0,0.0,0.0,0.0,2019-11-07
24,hru24,0.0,0.0,1.014,0.0,0.0,0.0,0.0,0.0,0.0,0.0,2019-11-07
25,hru25,0.0,0.0,1.015,0.0,0.0,0.0,0.0,0.0,0.0,0.0,2019-11-07
26,hru26,0.0,0.0,1.015,0.0,0.0,0.0,0.0,0.0,0.0,0.0,2019-11-07
27,hru27,0.0,0.0,1.007,0.0,0.0,0.0,0.0,0.0,0.0,0.0,2019-11-07
28,hru28,0.0,0.0,1.008,0.0,0.0,0.0,0.0,0.0,0.0,0.0,2019-11-07
29,hru29,0.0,0.0,1.006,0.0,0.0,0.0,0.0,0.0,0.0,0.0,2019-11-07
30,hru30,0.0,0.0,1.005,0.0,0.0,0.0,0.0,0.0,0.0,0.0,2019-11-07
31,hru31,0.0,0.0,0.998,0.0,0.0,0.0,0.0,0.0,0.0,0.0,2019-11-07
32,hru32,0.0,0.0,1.01,0.0,0.0,0.0,0.0,0.0,0.0,0.0,2019-11-07
33,hru33,0.0,0.0,1.004,0.0,0.0,0.0,0.0,0.0,0.0,0.0,2019-11-07
34,hru34,0.0,0.0,1.004,0.0,0.0,0.0,0.0,0.0,0.0,0.0,2019-11-07
35,hru35,0.0,0.0,0.999,0.0,0.0,0.0,0.0,0.0,0.0,0.0,2019-11-07
36,hru36,0.0,0.0,1.004,0.0,0.0,0.0,0.0,0.0,0.0,0.0,2019-11-07
1,hru01,0.0,0.0,0.998,0.0,0.0,0.0,0.0,0.0,0.0,0.0,2019-11-08
2,hru02,0.0,0.0,1.004,0.0,0.0,0.0,0.0,0.0,0.0,0.0,2019-11-08
3,hru03,0.0,0.0,0.99,0.0,0.0,0.0,0.0,0.0,0.0,0.0,2019-11-08
4,hru04,0.0,0.0,0.995,0.0,0.0,0.0,0.0,0.0,0.0,0.0,2019-11-08
5,hru05,0.0,0.0,1.002,0.0,0.0,0.0,0.0,0.0,0.0,0.0,2019-11-08
6,hru06,0.0,0.0,1.002,0.0,0.0,0.0,0.0,0.0,0.0,0.0,2019-11-08
7,hru07,0.0,0.0,1.008,0.0,0.0,0.0,0.0,0.0,0.0,0.0,2019-11-08
8,hru08,0.0,0.0,0.99,0.0,0.0,0.0,0.0,0.0,0.0,0.0,2019-11-08
9,hru09,0.0,0.0,1.003,0.0,0.0,0.0,0.0,0.0,0.0,0.0,2019-11-08
10,hru10,0.0,0.0,1.003,0.0,0.0,0.0,0.0,0.0,0.0,0.0,2019-11-08
11,hru11,0.0,0.0,1.008,0.0,0.0,0.0,0.0,0.0,0.0,0.0,2019-11-08
12,hru12,0.0,0.0,1.007,0.0,0.0,0.0,0.0,0.0,0.0,0.0,2019-11-08
13,hru13,0.0,0.0,1.01,0.0,0.0,0.0,0.0,0.0,0.0,0.0,2019-11-08
14,hru14,0.0,0.0,1.007,0.0,0.0,0.0,0.0,0.0,0.0,0.0,2019-11-08
15,hru15,0.0,0.0,1.014,0.0,0.0,0.0,0.0,0.0,0.0,0.0,2019-11-08
16,hru16,0.0,0.0,1.005,0.0,0.0,0.0,0.0,0.0,0.0,0.0,2019-11-08
17,hru17,0.0,0.0,1.012,0.0,0.0,0.0,0.0,0.0,0.0,0.0,2019-11-08
18,hru18,0.0,0.0,1.014,0.0,0.0,0.0,0.0,0.0,0.0,0.0,2019-11-08
19,hru19,0.0,0.0,1.018,0.0,0.0,0.0,0.0,0.0,0.0,0.0,2019-11-08
20,hru20,0.0,0.0,1.015,0.0,0.0,0.0,0.0,0.0,0.0,0.0,2019-11-08
21,hru21,0.0,0.0,1.014,0.0,0.0,0.0,0.0,0.0,0.0,0.0,2019-11-08
22,hru22,0.0,0.0,1.014,0.0,0.0,0.0,0.0,0.0,0.0,0.0,2019-11-08
23,hru23,0.0,0.0,1.014,0.0,0.0,0.0,0.0,0.0,0.0,0.0,2019-11-08
24,hru24,0.0,0.0,1.014,0.0,0.0,0.0,0.0,0.0,0.0,0.0,2019-11-08
25,hru25,0.0,0.0,1.015,0.0,0.0,0.0,0.0,0.0,0.0,0.0,2019-11-08
26,hru26,0.0,0.0,1.015,0.0,0.0,0.0,0.0,0.0,0.0,0.0,2019-11-08
27,hru27,0.0,0.0,1.007,0.0,0.0,0.0,0.0,0.0,0.0,0.0,2019-11-08
28,hru28,0.0,0.0,1.008,0.0,0.0,0.0,0.0,0.0,0.0,0.0,2019-11-08
29,hru29,0.0,0.0,1.006,0.0,0.0,0.0,0.0,0.0,0.0,0.0,2019-11-08
30,hru30,0.0,0.0,1.005,0.0,0.0,0.0,0.0,0.0,0.0,0.0,2019-11-08
31,hru31,0.0,0.0,0.998,0.0,0.0,0.0,0.0,0.0,0.0,0.0,2019-11-08
32,hru32,0.0,0.0,1.01,0.0,0.0,0.0,0.0,0.0,0.0,0.0,2019-11-08
33,hru33,0.0,0.0,1.004,0.0,0.0,0.0,0.0,0.0,0.0,0.0,2019-11-08
34,hru34,0.0,0.0,1.004,0.0,0.0,0.0,0.0,0.0,0.0,0.0,2019-11-08
35,hru35,0.0,0.0,0.999,0.0,0.0,0.0,0.0,0.0,0.0,0.0,2019-11-08
36,hru36,0.0,0.0,1.004,0.0,0.0,0.0,0.0,0.0,0.0,0.0,2019-11-08
1,hru01,0.0,0.0,1.0,0.0,0.0,0.0,0.0,0.0,0.0,0.0,2019-11-09
2,hru02,0.0,0.0,1.005,0.0,0.0,0.0,0.0,0.0,0.0,0.0,2019-11-09
3,hru03,0.0,0.0,0.992,0.0,0.0,0.0,0.0,0.0,0.0,0.0,2019-11-09
4,hru04,0.0,0.0,0.997,0.0,0.0,0.0,0.0,0.0,0.0,0.0,2019-11-09
5,hru05,0.0,0.0,1.003,0.0,0.0,0.0,0.0,0.0,0.0,0.0,2019-11-09
6,hru06,0.0,0.0,1.003,0.0,0.0,0.0,0.0,0.0,0.0,0.0,2019-11-09
7,hru07,0.0,0.0,1.009,0.0,0.0,0.0,0.0,0.0,0.0,0.0,2019-11-09
8,hru08,0.0,0.0,0.992,0.0,0.0,0.0,0.0,0.0,0.0,0.0,2019-11-09
9,hru09,0.0,0.0,1.005,0.0,0.0,0.0,0.0,0.0,0.0,0.0,2019-11-09
10,hru10,0.0,0.0,1.005,0.0,0.0,0.0,0.0,0.0,0.0,0.0,2019-11-09
11,hru11,0.0,0.0,1.01,0.0,0.0,0.0,0.0,0.0,0.0,0.0,2019-11-09
12,hru12,0.0,0.0,1.008,0.0,0.0,0.0,0.0,0.0,0.0,0.0,2019-11-09
13,hru13,0.0,0.0,1.012,0.0,0.0,0.0,0.0,0.0,0.0,0.0,2019-11-09
14,hru14,0.0,0.0,1.008,0.0,0.0,0.0,0.0,0.0,0.0,0.0,2019-11-09
15,hru15,0.0,0.0,1.016,0.0,0.0,0.0,0.0,0.0,0.0,0.0,2019-11-09
16,hru16,0.0,0.0,1.007,0.0,0.0,0.0,0.0,0.0,0.0,0.0,2019-11-09
17,hru17,0.0,0.0,1.014,0.0,0.0,0.0,0.0,0.0,0.0,0.0,2019-11-09
18,hru18,0.0,0.0,1.016,0.0,0.0,0.0,0.0,0.0,0.0,0.0,2019-11-09
19,hru19,0.0,0.0,1.02,0.0,0.0,0.0,0.0,0.0,0.0,0.0,2019-11-09
20,hru20,0.0,0.0,1.016,0.0,0.0,0.0,0.0,0.0,0.0,0.0,2019-11-09
21,hru21,0.0,0.0,1.016,0.0,0.0,0.0,0.0,0.0,0.0,0.0,2019-11-09
22,hru22,0.0,0.0,1.016,0.0,0.0,0.0,0.0,0.0,0.0,0.0,2019-11-09
23,hru23,0.0,0.0,1.016,0.0,0.0,0.0,0.0,0.0,0.0,0.0,2019-11-09
24,hru24,0.0,0.0,1.016,0.0,0.0,0.0,0.0,0.0,0.0,0.0,2019-11-09
25,hru25,0.0,0.0,1.016,0.0,0.0,0.0,0.0,0.0,0.0,0.0,2019-11-09
26,hru26,0.0,0.0,1.016,0.0,0.0,0.0,0.0,0.0,0.0,0.0,2019-11-09
27,hru27,0.0,0.0,1.008,0.0,0.0,0.0,0.0,0.0,0.0,0.0,2019-11-09
28,hru28,0.0,0.0,1.01,0.0,0.0,0.0,0.0,0.0,0.0,0.0,2019-11-09
29,hru29,0.0,0.0,1.008,0.0,0.0,0.0,0.0,0.0,0.0,0.0,2019-11-09
30,hru30,0.0,0.0,1.006,0.0,0.0,0.0,0.0,0.0,0.0,0.0,2019-11-09
31,hru31,0.0,0.0,1.0,0.0,0.0,0.0,0.0,0.0,0.0,0.0,2019-11-09
32,hru32,0.0,0.0,1.012,0.0,0.0,0.0,0.0,0.0,0.0,0.0,2019-11-09
33,hru33,0.0,0.0,1.006,0.0,0.0,0.0,0.0,0.0,0.0,0.0,2019-11-09
34,hru34,0.0,0.0,1.006,0.0,0.0,0.0,0.0,0.0,0.0,0.0,2019-11-09
35,hru35,0.0,0.0,1.0,0.0,0.0,0.0,0.0,0.0,0.0,0.0,2019-11-09
36,hru36,0.0,0.0,1.006,0.0,0.0,0.0,0.0,0.0,0.0,0.0,2019-11-09
1,hru01,0.0,0.0,1.0,0.0,0.0,0.0,0.0,0.0,0.0,0.0,2019-11-10
2,hru02,0.0,0.0,1.005,0.0,0.0,0.0,0.0,0.0,0.0,0.0,2019-11-10
3,hru03,0.0,0.0,0.992,0.0,0.0,0.0,0.0,0.0,0.0,0.0,2019-11-10
4,hru04,0.0,0.0,0.997,0.0,0.0,0.0,0.0,0.0,0.0,0.0,2019-11-10
5,hru05,0.0,0.0,1.003,0.0,0.0,0.0,0.0,0.0,0.0,0.0,2019-11-10
6,hru06,0.0,0.0,1.003,0.0,0.0,0.0,0.0,0.0,0.0,0.0,2019-11-10
7,hru07,0.0,0.0,1.009,0.0,0.0,0.0,0.0,0.0,0.0,0.0,2019-11-10
8,hru08,0.0,0.0,0.992,0.0,0.0,0.0,0.0,0.0,0.0,0.0,2019-11-10
9,hru09,0.0,0.0,1.005,0.0,0.0,0.0,0.0,0.0,0.0,0.0,2019-11-10
10,hru10,0.0,0.0,1.005,0.0,0.0,0.0,0.0,0.0,0.0,0.0,2019-11-10
11,hru11,0.0,0.0,1.01,0.0,0.0,0.0,0.0,0.0,0.0,0.0,2019-11-10
12,hru12,0.0,0.0,1.008,0.0,0.0,0.0,0.0,0.0,0.0,0.0,2019-11-10
13,hru13,0.0,0.0,1.012,0.0,0.0,0.0,0.0,0.0,0.0,0.0,2019-11-10
14,hru14,0.0,0.0,1.008,0.0,0.0,0.0,0.0,0.0,0.0,0.0,2019-11-10
15,hru15,0.0,0.0,1.016,0.0,0.0,0.0,0.0,0.0,0.0,0.0,2019-11-10
16,hru16,0.0,0.0,1.007,0.0,0.0,0.0,0.0,0.0,0.0,0.0,2019-11-10
17,hru17,0.0,0.0,1.014,0.0,0.0,0.0,0.0,0.0,0.0,0.0,2019-11-10
18,hru18,0.0,0.0,1.016,0.0,0.0,0.0,0.0,0.0,0.0,0.0,2019-11-10
19,hru19,0.0,0.0,1.02,0.0,0.0,0.0,0.0,0.0,0.0,0.0,2019-11-10
20,hru20,0.0,0.0,1.016,0.0,0.0,0.0,0.0,0.0,0.0,0.0,2019-11-10
21,hru21,0.0,0.0,1.016,0.0,0.0,0.0,0.0,0.0,0.0,0.0,2019-11-10
22,hru22,0.0,0.0,1.016,0.0,0.0,0.0,0.0,0.0,0.0,0.0,2019-11-10
23,hru23,0.0,0.0,1.016,0.0,0.0,0.0,0.0,0.0,0.0,0.0,2019-11-10
24,hru24,0.0,0.0,1.016,0.0,0.0,0.0,0.0,0.0,0.0,0.0,2019-11-10
25,hru25,0.0,0.0,1.016,0.0,0.0,0.0,0.0,0.0,0.0,0.0,2019-11-10
26,hru26,0.0,0.0,1.016,0.0,0.0,0.0,0.0,0.0,0.0,0.0,2019-11-10
27,hru27,0.0,0.0,1.008,0.0,0.0,0.0,0.0,0.0,0.0,0.0,2019-11-10
28,hru28,0.0,0.0,1.01,0.0,0.0,0.0,0.0,0.0,0.0,0.0,2019-11-10
29,hru29,0.0,0.0,1.008,0.0,0.0,0.0,0.0,0.0,0.0,0.0,2019-11-10
30,hru30,0.0,0.0,1.006,0.0,0.0,0.0,0.0,0.0,0.0,0.0,2019-11-10
31,hru31,0.0,0.0,1.0,0.0,0.0,0.0,0.0,0.0,0.0,0.0,2019-11-10
32,hru32,0.0,0.0,1.012,0.0,0.0,0.0,0.0,0.0,0.0,0.0,2019-11-10
33,hru33,0.0,0.0,1.006,0.0,0.0,0.0,0.0,0.0,0.0,0.0,2019-11-10
34,hru34,0.0,0.0,1.006,0.0,0.0,0.0,0.0,0.0,0.0,0.0,2019-11-10
35,hru35,0.0,0.0,1.0,0.0,0.0,0.0,0.0,0.0,0.0,0.0,2019-11-10
36,hru36,0.0,0.0,1.006,0.0,0.0,0.0,0.0,0.0,0.0,0.0,2019-11-10
1,hru01,0.0,0.0,1.0,0.0,0.0,0.0,0.0,0.0,0.0,0.0,2019-11-11
2,hru02,0.0,0.0,1.005,0.0,0.0,0.0,0.0,0.0,0.0,0.0,2019-11-11
3,hru03,0.0,0.0,0.992,0.0,0.0,0.0,0.0,0.0,0.0,0.0,2019-11-11
4,hru04,0.0,0.0,0.997,0.0,0.0,0.0,0.0,0.0,0.0,0.0,2019-11-11
5,hru05,0.0,0.0,1.003,0.0,0.0,0.0,0.0,0.0,0.0,0.0,2019-11-11
6,hru06,0.0,0.0,1.003,0.0,0.0,0.0,0.0,0.0,0.0,0.0,2019-11-11
7,hru07,0.0,0.0,1.009,0.0,0.0,0.0,0.0,0.0,0.0,0.0,2019-11-11
8,hru08,0.0,0.0,0.992,0.0,0.0,0.0,0.0,0.0,0.0,0.0,2019-11-11
9,hru09,0.0,0.0,1.005,0.0,0.0,0.0,0.0,0.0,0.0,0.0,2019-11-11
10,hru10,0.0,0.0,1.005,0.0,0.0,0.0,0.0,0.0,0.0,0.0,2019-11-11
11,hru11,0.0,0.0,1.01,0.0,0.0,0.0,0.0,0.0,0.0,0.0,2019-11-11
12,hru12,0.0,0.0,1.008,0.0,0.0,0.0,0.0,0.0,0.0,0.0,2019-11-11
13,hru13,0.0,0.0,1.012,0.0,0.0,0.0,0.0,0.0,0.0,0.0,2019-11-11
14,hru14,0.0,0.0,1.008,0.0,0.0,0.0,0.0,0.0,0.0,0.0,2019-11-11
15,hru15,0.0,0.0,1.016,0.0,0.0,0.0,0.0,0.0,0.0,0.0,2019-11-11
16,hru16,0.0,0.0,1.007,0.0,0.0,0.0,0.0,0.0,0.0,0.0,2019-11-11
17,hru17,0.0,0.0,1.014,0.0,0.0,0.0,0.0,0.0,0.0,0.0,2019-11-11
18,hru18,0.0,0.0,1.016,0.0,0.0,0.0,0.0,0.0,0.0,0.0,2019-11-11
19,hru19,0.0,0.0,1.02,0.0,0.0,0.0,0.0,0.0,0.0,0.0,2019-11-11
20,hru20,0.0,0.0,1.016,0.0,0.0,0.0,0.0,0.0,0.0,0.0,2019-11-11
21,hru21,0.0,0.0,1.016,0.0,0.0,0.0,0.0,0.0,0.0,0.0,2019-11-11
22,hru22,0.0,0.0,1.016,0.0,0.0,0.0,0.0,0.0,0.0,0.0,2019-11-11
23,hru23,0.0,0.0,1.016,0.0,0.0,0.0,0.0,0.0,0.0,0.0,2019-11-11
24,hru24,0.0,0.0,1.016,0.0,0.0,0.0,0.0,0.0,0.0,0.0,2019-11-11
25,hru25,0.0,0.0,1.016,0.0,0.0,0.0,0.0,0.0,0.0,0.0,2019-11-11
26,hru26,0.0,0.0,1.016,0.0,0.0,0.0,0.0,0.0,0.0,0.0,2019-11-11
27,hru27,0.0,0.0,1.008,0.0,0.0,0.0,0.0,0.0,0.0,0.0,2019-11-11
28,hru28,0.0,0.0,1.01,0.0,0.0,0.0,0.0,0.0,0.0,0.0,2019-11-11
29,hru29,0.0,0.0,1.008,0.0,0.0,0.0,0.0,0.0,0.0,0.0,2019-11-11
30,hru30,0.0,0.0,1.006,0.0,0.0,0.0,0.0,0.0,0.0,0.0,2019-11-11
31,hru31,0.0,0.0,1.0,0.0,0.0,0.0,0.0,0.0,0.0,0.0,2019-11-11
32,hru32,0.0,0.0,1.012,0.0,0.0,0.0,0.0,0.0,0.0,0.0,2019-11-11
33,hru33,0.0,0.0,1.006,0.0,0.0,0.0,0.0,0.0,0.0,0.0,2019-11-11
34,hru34,0.0,0.0,1.006,0.0,0.0,0.0,0.0,0.0,0.0,0.0,2019-11-11
35,hru35,0.0,0.0,1.0,0.0,0.0,0.0,0.0,0.0,0.0,0.0,2019-11-11
36,hru36,0.0,0.0,1.006,0.0,0.0,0.0,0.0,0.0,0.0,0.0,2019-11-11
1,hru01,0.0,0.0,1.0,0.0,0.0,0.0,0.0,0.0,0.0,0.0,2019-11-12
2,hru02,0.0,0.0,1.005,0.0,0.0,0.0,0.0,0.0,0.0,0.0,2019-11-12
3,hru03,0.0,0.0,0.992,0.0,0.0,0.0,0.0,0.0,0.0,0.0,2019-11-12
4,hru04,0.0,0.0,0.997,0.0,0.0,0.0,0.0,0.0,0.0,0.0,2019-11-12
5,hru05,0.0,0.0,1.003,0.0,0.0,0.0,0.0,0.0,0.0,0.0,2019-11-12
6,hru06,0.0,0.0,1.003,0.0,0.0,0.0,0.0,0.0,0.0,0.0,2019-11-12
7,hru07,0.0,0.0,1.009,0.0,0.0,0.0,0.0,0.0,0.0,0.0,2019-11-12
8,hru08,0.0,0.0,0.992,0.0,0.0,0.0,0.0,0.0,0.0,0.0,2019-11-12
9,hru09,0.0,0.0,1.005,0.0,0.0,0.0,0.0,0.0,0.0,0.0,2019-11-12
10,hru10,0.0,0.0,1.005,0.0,0.0,0.0,0.0,0.0,0.0,0.0,2019-11-12
11,hru11,0.0,0.0,1.01,0.0,0.0,0.0,0.0,0.0,0.0,0.0,2019-11-12
12,hru12,0.0,0.0,1.008,0.0,0.0,0.0,0.0,0.0,0.0,0.0,2019-11-12
13,hru13,0.0,0.0,1.012,0.0,0.0,0.0,0.0,0.0,0.0,0.0,2019-11-12
14,hru14,0.0,0.0,1.008,0.0,0.0,0.0,0.0,0.0,0.0,0.0,2019-11-12
15,hru15,0.0,0.0,1.016,0.0,0.0,0.0,0.0,0.0,0.0,0.0,2019-11-12
16,hru16,0.0,0.0,1.007,0.0,0.0,0.0,0.0,0.0,0.0,0.0,2019-11-12
17,hru17,0.0,0.0,1.014,0.0,0.0,0.0,0.0,0.0,0.0,0.0,2019-11-12
18,hru18,0.0,0.0,1.016,0.0,0.0,0.0,0.0,0.0,0.0,0.0,2019-11-12
19,hru19,0.0,0.0,1.02,0.0,0.0,0.0,0.0,0.0,0.0,0.0,2019-11-12
20,hru20,0.0,0.0,1.016,0.0,0.0,0.0,0.0,0.0,0.0,0.0,2019-11-12
21,hru21,0.0,0.0,1.016,0.0,0.0,0.0,0.0,0.0,0.0,0.0,2019-11-12
22,hru22,0.0,0.0,1.016,0.0,0.0,0.0,0.0,0.0,0.0,0.0,2019-11-12
23,hru23,0.0,0.0,1.016,0.0,0.0,0.0,0.0,0.0,0.0,0.0,2019-11-12
24,hru24,0.0,0.0,1.016,0.0,0.0,0.0,0.0,0.0,0.0,0.0,2019-11-12
25,hru25,0.0,0.0,1.016,0.0,0.0,0.0,0.0,0.0,0.0,0.0,2019-11-12
26,hru26,0.0,0.0,1.016,0.0,0.0,0.0,0.0,0.0,0.0,0.0,2019-11-12
27,hru27,0.0,0.0,1.008,0.0,0.0,0.0,0.0,0.0,0.0,0.0,2019-11-12
28,hru28,0.0,0.0,1.01,0.0,0.0,0.0,0.0,0.0,0.0,0.0,2019-11-12
29,hru29,0.0,0.0,1.008,0.0,0.0,0.0,0.0,0.0,0.0,0.0,2019-11-12
30,hru30,0.0,0.0,1.006,0.0,0.0,0.0,0.0,0.0,0.0,0.0,2019-11-12
31,hru31,0.0,0.0,1.0,0.0,0.0,0.0,0.0,0.0,0.0,0.0,2019-11-12
32,hru32,0.0,0.0,1.012,0.0,0.0,0.0,0.0,0.0,0.0,0.0,2019-11-12
33,hru33,0.0,0.0,1.006,0.0,0.0,0.0,0.0,0.0,0.0,0.0,2019-11-12
34,hru34,0.0,0.0,1.006,0.0,0.0,0.0,0.0,0.0,0.0,0.0,2019-11-12
35,hru35,0.0,0.0,1.0,0.0,0.0,0.0,0.0,0.0,0.0,0.0,2019-11-12
36,hru36,0.0,0.0,1.006,0.0,0.0,0.0,0.0,0.0,0.0,0.0,2019-11-12
1,hru01,0.0,0.0,1.0,0.0,0.0,0.0,0.0,0.0,0.0,0.0,2019-11-13
2,hru02,0.0,0.0,1.005,0.0,0.0,0.0,0.0,0.0,0.0,0.0,2019-11-13
3,hru03,0.0,0.0,0.992,0.0,0.0,0.0,0.0,0.0,0.0,0.0,2019-11-13
4,hru04,0.0,0.0,0.997,0.0,0.0,0.0,0.0,0.0,0.0,0.0,2019-11-13
5,hru05,0.0,0.0,1.003,0.0,0.0,0.0,0.0,0.0,0.0,0.0,2019-11-13
6,hru06,0.0,0.0,1.003,0.0,0.0,0.0,0.0,0.0,0.0,0.0,2019-11-13
7,hru07,0.0,0.0,1.009,0.0,0.0,0.0,0.0,0.0,0.0,0.0,2019-11-13
8,hru08,0.0,0.0,0.992,0.0,0.0,0.0,0.0,0.0,0.0,0.0,2019-11-13
9,hru09,0.0,0.0,1.005,0.0,0.0,0.0,0.0,0.0,0.0,0.0,2019-11-13
10,hru10,0.0,0.0,1.005,0.0,0.0,0.0,0.0,0.0,0.0,0.0,2019-11-13
11,hru11,0.0,0.0,1.01,0.0,0.0,0.0,0.0,0.0,0.0,0.0,2019-11-13
12,hru12,0.0,0.0,1.008,0.0,0.0,0.0,0.0,0.0,0.0,0.0,2019-11-13
13,hru13,0.0,0.0,1.012,0.0,0.0,0.0,0.0,0.0,0.0,0.0,2019-11-13
14,hru14,0.0,0.0,1.008,0.0,0.0,0.0,0.0,0.0,0.0,0.0,2019-11-13
15,hru15,0.0,0.0,1.016,0.0,0.0,0.0,0.0,0.0,0.0,0.0,2019-11-13
16,hru16,0.0,0.0,1.007,0.0,0.0,0.0,0.0,0.0,0.0,0.0,2019-11-13
17,hru17,0.0,0.0,1.014,0.0,0.0,0.0,0.0,0.0,0.0,0.0,2019-11-13
18,hru18,0.0,0.0,1.016,0.0,0.0,0.0,0.0,0.0,0.0,0.0,2019-11-13
19,hru19,0.0,0.0,1.02,0.0,0.0,0.0,0.0,0.0,0.0,0.0,2019-11-13
20,hru20,0.0,0.0,1.016,0.0,0.0,0.0,0.0,0.0,0.0,0.0,2019-11-13
21,hru21,0.0,0.0,1.016,0.0,0.0,0.0,0.0,0.0,0.0,0.0,2019-11-13
22,hru22,0.0,0.0,1.016,0.0,0.0,0.0,0.0,0.0,0.0,0.0,2019-11-13
23,hru23,0.0,0.0,1.016,0.0,0.0,0.0,0.0,0.0,0.0,0.0,2019-11-13
24,hru24,0.0,0.0,1.016,0.0,0.0,0.0,0.0,0.0,0.0,0.0,2019-11-13
25,hru25,0.0,0.0,1.016,0.0,0.0,0.0,0.0,0.0,0.0,0.0,2019-11-13
26,hru26,0.0,0.0,1.016,0.0,0.0,0.0,0.0,0.0,0.0,0.0,2019-11-13
27,hru27,0.0,0.0,1.008,0.0,0.0,0.0,0.0,0.0,0.0,0.0,2019-11-13
28,hru28,0.0,0.0,1.01,0.0,0.0,0.0,0.0,0.0,0.0,0.0,2019-11-13
29,hru29,0.0,0.0,1.008,0.0,0.0,0.0,0.0,0.0,0.0,0.0,2019-11-13
30,hru30,0.0,0.0,1.006,0.0,0.0,0.0,0.0,0.0,0.0,0.0,2019-11-13
31,hru31,0.0,0.0,1.0,0.0,0.0,0.0,0.0,0.0,0.0,0.0,2019-11-13
32,hru32,0.0,0.0,1.012,0.0,0.0,0.0,0.0,0.0,0.0,0.0,2019-11-13
33,hru33,0.0,0.0,1.006,0.0,0.0,0.0,0.0,0.0,0.0,0.0,2019-11-13
34,hru34,0.0,0.0,1.006,0.0,0.0,0.0,0.0,0.0,0.0,0.0,2019-11-13
35,hru35,0.0,0.0,1.0,0.0,0.0,0.0,0.0,0.0,0.0,0.0,2019-11-13
36,hru36,0.0,0.0,1.006,0.0,0.0,0.0,0.0,0.0,0.0,0.0,2019-11-13
1,hru01,0.0,0.0,1.0,0.0,0.0,0.0,0.0,0.0,0.0,0.0,2019-11-14
2,hru02,0.0,0.0,1.005,0.0,0.0,0.0,0.0,0.0,0.0,0.0,2019-11-14
3,hru03,0.0,0.0,0.992,0.0,0.0,0.0,0.0,0.0,0.0,0.0,2019-11-14
4,hru04,0.0,0.0,0.997,0.0,0.0,0.0,0.0,0.0,0.0,0.0,2019-11-14
5,hru05,0.0,0.0,1.003,0.0,0.0,0.0,0.0,0.0,0.0,0.0,2019-11-14
6,hru06,0.0,0.0,1.003,0.0,0.0,0.0,0.0,0.0,0.0,0.0,2019-11-14
7,hru07,0.0,0.0,1.009,0.0,0.0,0.0,0.0,0.0,0.0,0.0,2019-11-14
8,hru08,0.0,0.0,0.992,0.0,0.0,0.0,0.0,0.0,0.0,0.0,2019-11-14
9,hru09,0.0,0.0,1.005,0.0,0.0,0.0,0.0,0.0,0.0,0.0,2019-11-14
10,hru10,0.0,0.0,1.005,0.0,0.0,0.0,0.0,0.0,0.0,0.0,2019-11-14
11,hru11,0.0,0.0,1.01,0.0,0.0,0.0,0.0,0.0,0.0,0.0,2019-11-14
12,hru12,0.0,0.0,1.008,0.0,0.0,0.0,0.0,0.0,0.0,0.0,2019-11-14
13,hru13,0.0,0.0,1.012,0.0,0.0,0.0,0.0,0.0,0.0,0.0,2019-11-14
14,hru14,0.0,0.0,1.008,0.0,0.0,0.0,0.0,0.0,0.0,0.0,2019-11-14
15,hru15,0.0,0.0,1.016,0.0,0.0,0.0,0.0,0.0,0.0,0.0,2019-11-14
16,hru16,0.0,0.0,1.007,0.0,0.0,0.0,0.0,0.0,0.0,0.0,2019-11-14
17,hru17,0.0,0.0,1.014,0.0,0.0,0.0,0.0,0.0,0.0,0.0,2019-11-14
18,hru18,0.0,0.0,1.016,0.0,0.0,0.0,0.0,0.0,0.0,0.0,2019-11-14
19,hru19,0.0,0.0,1.02,0.0,0.0,0.0,0.0,0.0,0.0,0.0,2019-11-14
20,hru20,0.0,0.0,1.016,0.0,0.0,0.0,0.0,0.0,0.0,0.0,2019-11-14
21,hru21,0.0,0.0,1.016,0.0,0.0,0.0,0.0,0.0,0.0,0.0,2019-11-14
22,hru22,0.0,0.0,1.016,0.0,0.0,0.0,0.0,0.0,0.0,0.0,2019-11-14
23,hru23,0.0,0.0,1.016,0.0,0.0,0.0,0.0,0.0,0.0,0.0,2019-11-14
24,hru24,0.0,0.0,1.016,0.0,0.0,0.0,0.0,0.0,0.0,0.0,2019-11-14
25,hru25,0.0,0.0,1.016,0.0,0.0,0.0,0.0,0.0,0.0,0.0,2019-11-14
26,hru26,0.0,0.0,1.016,0.0,0.0,0.0,0.0,0.0,0.0,0.0,2019-11-14
27,hru27,0.0,0.0,1.008,0.0,0.0,0.0,0.0,0.0,0.0,0.0,2019-11-14
28,hru28,0.0,0.0,1.01,0.0,0.0,0.0,0.0,0.0,0.0,0.0,2019-11-14
29,hru29,0.0,0.0,1.008,0.0,0.0,0.0,0.0,0.0,0.0,0.0,2019-11-14
30,hru30,0.0,0.0,1.006,0.0,0.0,0.0,0.0,0.0,0.0,0.0,2019-11-14
31,hru31,0.0,0.0,1.0,0.0,0.0,0.0,0.0,0.0,0.0,0.0,2019-11-14
32,hru32,0.0,0.0,1.012,0.0,0.0,0.0,0.0,0.0,0.0,0.0,2019-11-14
33,hru33,0.0,0.0,1.006,0.0,0.0,0.0,0.0,0.0,0.0,0.0,2019-11-14
34,hru34,0.0,0.0,1.006,0.0,0.0,0.0,0.0,0.0,0.0,0.0,2019-11-14
35,hru35,0.0,0.0,1.0,0.0,0.0,0.0,0.0,0.0,0.0,0.0,2019-11-14
36,hru36,0.0,0.0,1.006,0.0,0.0,0.0,0.0,0.0,0.0,0.0,2019-11-14
1,hru01,0.0,0.0,1.0,0.0,0.0,0.0,0.0,0.0,0.0,0.0,2019-11-15
2,hru02,0.0,0.0,1.006,0.0,0.0,0.0,0.0,0.0,0.0,0.0,2019-11-15
3,hru03,0.0,0.0,0.992,0.0,0.0,0.0,0.0,0.0,0.0,0.0,2019-11-15
4,hru04,0.0,0.0,0.997,0.0,0.0,0.0,0.0,0.0,0.0,0.0,2019-11-15
5,hru05,0.0,0.0,1.004,0.0,0.0,0.0,0.0,0.0,0.0,0.0,2019-11-15
6,hru06,0.0,0.0,1.004,0.0,0.0,0.0,0.0,0.0,0.0,0.0,2019-11-15
7,hru07,0.0,0.0,1.009,0.0,0.0,0.0,0.0,0.0,0.0,0.0,2019-11-15
8,hru08,0.0,0.0,0.992,0.0,0.0,0.0,0.0,0.0,0.0,0.0,2019-11-15
9,hru09,0.0,0.0,1.005,0.0,0.0,0.0,0.0,0.0,0.0,0.0,2019-11-15
10,hru10,0.0,0.0,1.005,0.0,0.0,0.0,0.0,0.0,0.0,0.0,2019-11-15
11,hru11,0.0,0.0,1.01,0.0,0.0,0.0,0.0,0.0,0.0,0.0,2019-11-15
12,hru12,0.0,0.0,1.008,0.0,0.0,0.0,0.0,0.0,0.0,0.0,2019-11-15
13,hru13,0.0,0.0,1.012,0.0,0.0,0.0,0.0,0.0,0.0,0.0,2019-11-15
14,hru14,0.0,0.0,1.008,0.0,0.0,0.0,0.0,0.0,0.0,0.0,2019-11-15
15,hru15,0.0,0.0,1.016,0.0,0.0,0.0,0.0,0.0,0.0,0.0,2019-11-15
16,hru16,0.0,0.0,1.007,0.0,0.0,0.0,0.0,0.0,0.0,0.0,2019-11-15
17,hru17,0.0,0.0,1.014,0.0,0.0,0.0,0.0,0.0,0.0,0.0,2019-11-15
18,hru18,0.0,0.0,1.016,0.0,0.0,0.0,0.0,0.0,0.0,0.0,2019-11-15
19,hru19,0.0,0.0,1.02,0.0,0.0,0.0,0.0,0.0,0.0,0.0,2019-11-15
20,hru20,0.0,0.0,1.016,0.0,0.0,0.0,0.0,0.0,0.0,0.0,2019-11-15
21,hru21,0.0,0.0,1.016,0.0,0.0,0.0,0.0,0.0,0.0,0.0,2019-11-15
22,hru22,0.0,0.0,1.016,0.0,0.0,0.0,0.0,0.0,0.0,0.0,2019-11-15
23,hru23,0.0,0.0,1.016,0.0,0.0,0.0,0.0,0.0,0.0,0.0,2019-11-15
24,hru24,0.0,0.0,1.016,0.0,0.0,0.0,0.0,0.0,0.0,0.0,2019-11-15
25,hru25,0.0,0.0,1.016,0.0,0.0,0.0,0.0,0.0,0.0,0.0,2019-11-15
26,hru26,0.0,0.0,1.016,0.0,0.0,0.0,0.0,0.0,0.0,0.0,2019-11-15
27,hru27,0.0,0.0,1.009,0.0,0.0,0.0,0.0,0.0,0.0,0.0,2019-11-15
28,hru28,0.0,0.0,1.01,0.0,0.0,0.0,0.0,0.0,0.0,0.0,2019-11-15
29,hru29,0.0,0.0,1.008,0.0,0.0,0.0,0.0,0.0,0.0,0.0,2019-11-15
30,hru30,0.0,0.0,1.007,0.0,0.0,0.0,0.0,0.0,0.0,0.0,2019-11-15
31,hru31,0.0,0.0,1.0,0.0,0.0,0.0,0.0,0.0,0.0,0.0,2019-11-15
32,hru32,0.0,0.0,1.012,0.0,0.0,0.0,0.0,0.0,0.0,0.0,2019-11-15
33,hru33,0.0,0.0,1.006,0.0,0.0,0.0,0.0,0.0,0.0,0.0,2019-11-15
34,hru34,0.0,0.0,1.006,0.0,0.0,0.0,0.0,0.0,0.0,0.0,2019-11-15
35,hru35,0.0,0.0,1.0,0.0,0.0,0.0,0.0,0.0,0.0,0.0,2019-11-15
36,hru36,0.0,0.0,1.006,0.0,0.0,0.0,0.0,0.0,0.0,0.0,2019-11-15
1,hru01,0.0,0.0,1.001,0.0,0.0,0.0,0.0,0.0,0.0,0.0,2019-11-16
2,hru02,0.0,0.0,1.006,0.0,0.0,0.0,0.0,0.0,0.0,0.0,2019-11-16
3,hru03,0.0,0.0,0.993,0.0,0.0,0.0,0.0,0.0,0.0,0.0,2019-11-16
4,hru04,0.0,0.0,0.998,0.0,0.0,0.0,0.0,0.0,0.0,0.0,2019-11-16
5,hru05,0.0,0.0,1.004,0.0,0.0,0.0,0.0,0.0,0.0,0.0,2019-11-16
6,hru06,0.0,0.0,1.004,0.0,0.0,0.0,0.0,0.0,0.0,0.0,2019-11-16
7,hru07,0.0,0.0,1.01,0.0,0.0,0.0,0.0,0.0,0.0,0.0,2019-11-16
8,hru08,0.0,0.0,0.993,0.0,0.0,0.0,0.0,0.0,0.0,0.0,2019-11-16
9,hru09,0.0,0.0,1.006,0.0,0.0,0.0,0.0,0.0,0.0,0.0,2019-11-16
10,hru10,0.0,0.0,1.006,0.0,0.0,0.0,0.0,0.0,0.0,0.0,2019-11-16
11,hru11,0.0,0.0,1.01,0.0,0.0,0.0,0.0,0.0,0.0,0.0,2019-11-16
12,hru12,0.0,0.0,1.009,0.0,0.0,0.0,0.0,0.0,0.0,0.0,2019-11-16
13,hru13,0.0,0.0,1.013,0.0,0.0,0.0,0.0,0.0,0.0,0.0,2019-11-16
14,hru14,0.0,0.0,1.009,0.0,0.0,0.0,0.0,0.0,0.0,0.0,2019-11-16
15,hru15,0.0,0.0,1.017,0.0,0.0,0.0,0.0,0.0,0.0,0.0,2019-11-16
16,hru16,0.0,0.0,1.008,0.0,0.0,0.0,0.0,0.0,0.0,0.0,2019-11-16
17,hru17,0.0,0.0,1.015,0.0,0.0,0.0,0.0,0.0,0.0,0.0,2019-11-16
18,hru18,0.0,0.0,1.017,0.0,0.0,0.0,0.0,0.0,0.0,0.0,2019-11-16
19,hru19,0.0,0.0,1.021,0.0,0.0,0.0,0.0,0.0,0.0,0.0,2019-11-16
20,hru20,0.0,0.0,1.017,0.0,0.0,0.0,0.0,0.0,0.0,0.0,2019-11-16
21,hru21,0.0,0.0,1.017,0.0,0.0,0.0,0.0,0.0,0.0,0.0,2019-11-16
22,hru22,0.0,0.0,1.017,0.0,0.0,0.0,0.0,0.0,0.0,0.0,2019-11-16
23,hru23,0.0,0.0,1.017,0.0,0.0,0.0,0.0,0.0,0.0,0.0,2019-11-16
24,hru24,0.0,0.0,1.017,0.0,0.0,0.0,0.0,0.0,0.0,0.0,2019-11-16
25,hru25,0.0,0.0,1.017,0.0,0.0,0.0,0.0,0.0,0.0,0.0,2019-11-16
26,hru26,0.0,0.0,1.017,0.0,0.0,0.0,0.0,0.0,0.0,0.0,2019-11-16
27,hru27,0.0,0.0,1.009,0.0,0.0,0.0,0.0,0.0,0.0,0.0,2019-11-16
28,hru28,0.0,0.0,1.01,0.0,0.0,0.0,0.0,0.0,0.0,0.0,2019-11-16
29,hru29,0.0,0.0,1.009,0.0,0.0,0.0,0.0,0.0,0.0,0.0,2019-11-16
30,hru30,0.0,0.0,1.007,0.0,0.0,0.0,0.0,0.0,0.0,0.0,2019-11-16
31,hru31,0.0,0.0,1.001,0.0,0.0,0.0,0.0,0.0,0.0,0.0,2019-11-16
32,hru32,0.0,0.0,1.013,0.0,0.0,0.0,0.0,0.0,0.0,0.0,2019-11-16
33,hru33,0.0,0.0,1.007,0.0,0.0,0.0,0.0,0.0,0.0,0.0,2019-11-16
34,hru34,0.0,0.0,1.007,0.0,0.0,0.0,0.0,0.0,0.0,0.0,2019-11-16
35,hru35,0.0,0.0,1.001,0.0,0.0,0.0,0.0,0.0,0.0,0.0,2019-11-16
36,hru36,0.0,0.0,1.007,0.0,0.0,0.0,0.0,0.0,0.0,0.0,2019-11-16
1,hru01,0.0,0.0,1.002,0.0,0.0,0.0,0.0,0.0,0.0,0.0,2019-11-17
2,hru02,0.0,0.0,1.007,0.0,0.0,0.0,0.0,0.0,0.0,0.0,2019-11-17
3,hru03,0.0,0.0,0.994,0.0,0.0,0.0,0.0,0.0,0.0,0.0,2019-11-17
4,hru04,0.0,0.0,0.998,0.0,0.0,0.0,0.0,0.0,0.0,0.0,2019-11-17
5,hru05,0.0,0.0,1.005,0.0,0.0,0.0,0.0,0.0,0.0,0.0,2019-11-17
6,hru06,0.0,0.0,1.005,0.0,0.0,0.0,0.0,0.0,0.0,0.0,2019-11-17
7,hru07,0.0,0.0,1.011,0.0,0.0,0.0,0.0,0.0,0.0,0.0,2019-11-17
8,hru08,0.0,0.0,0.994,0.0,0.0,0.0,0.0,0.0,0.0,0.0,2019-11-17
9,hru09,0.0,0.0,1.007,0.0,0.0,0.0,0.0,0.0,0.0,0.0,2019-11-17
10,hru10,0.0,0.0,1.007,0.0,0.0,0.0,0.0,0.0,0.0,0.0,2019-11-17
11,hru11,0.0,0.0,1.011,0.0,0.0,0.0,0.0,0.0,0.0,0.0,2019-11-17
12,hru12,0.0,0.0,1.01,0.0,0.0,0.0,0.0,0.0,0.0,0.0,2019-11-17
13,hru13,0.0,0.0,1.013,0.0,0.0,0.0,0.0,0.0,0.0,0.0,2019-11-17
14,hru14,0.0,0.0,1.01,0.0,0.0,0.0,0.0,0.0,0.0,0.0,2019-11-17
15,hru15,0.0,0.0,1.018,0.0,0.0,0.0,0.0,0.0,0.0,0.0,2019-11-17
16,hru16,0.0,0.0,1.009,0.0,0.0,0.0,0.0,0.0,0.0,0.0,2019-11-17
17,hru17,0.0,0.0,1.016,0.0,0.0,0.0,0.0,0.0,0.0,0.0,2019-11-17
18,hru18,0.0,0.0,1.017,0.0,0.0,0.0,0.0,0.0,0.0,0.0,2019-11-17
19,hru19,0.0,0.0,1.022,0.0,0.0,0.0,0.0,0.0,0.0,0.0,2019-11-17
20,hru20,0.0,0.0,1.018,0.0,0.0,0.0,0.0,0.0,0.0,0.0,2019-11-17
21,hru21,0.0,0.0,1.018,0.0,0.0,0.0,0.0,0.0,0.0,0.0,2019-11-17
22,hru22,0.0,0.0,1.017,0.0,0.0,0.0,0.0,0.0,0.0,0.0,2019-11-17
23,hru23,0.0,0.0,1.017,0.0,0.0,0.0,0.0,0.0,0.0,0.0,2019-11-17
24,hru24,0.0,0.0,1.017,0.0,0.0,0.0,0.0,0.0,0.0,0.0,2019-11-17
25,hru25,0.0,0.0,1.018,0.0,0.0,0.0,0.0,0.0,0.0,0.0,2019-11-17
26,hru26,0.0,0.0,1.018,0.0,0.0,0.0,0.0,0.0,0.0,0.0,2019-11-17
27,hru27,0.0,0.0,1.01,0.0,0.0,0.0,0.0,0.0,0.0,0.0,2019-11-17
28,hru28,0.0,0.0,1.011,0.0,0.0,0.0,0.0,0.0,0.0,0.0,2019-11-17
29,hru29,0.0,0.0,1.009,0.0,0.0,0.0,0.0,0.0,0.0,0.0,2019-11-17
30,hru30,0.0,0.0,1.008,0.0,0.0,0.0,0.0,0.0,0.0,0.0,2019-11-17
31,hru31,0.0,0.0,1.002,0.0,0.0,0.0,0.0,0.0,0.0,0.0,2019-11-17
32,hru32,0.0,0.0,1.013,0.0,0.0,0.0,0.0,0.0,0.0,0.0,2019-11-17
33,hru33,0.0,0.0,1.008,0.0,0.0,0.0,0.0,0.0,0.0,0.0,2019-11-17
34,hru34,0.0,0.0,1.008,0.0,0.0,0.0,0.0,0.0,0.0,0.0,2019-11-17
35,hru35,0.0,0.0,1.002,0.0,0.0,0.0,0.0,0.0,0.0,0.0,2019-11-17
36,hru36,0.0,0.0,1.008,0.0,0.0,0.0,0.0,0.0,0.0,0.0,2019-11-17
1,hru01,0.0,0.0,1.003,0.0,0.0,0.0,0.0,0.0,0.0,0.0,2019-11-18
2,hru02,0.0,0.0,1.008,0.0,0.0,0.0,0.0,0.0,0.0,0.0,2019-11-18
3,hru03,0.0,0.0,0.995,0.0,0.0,0.0,0.0,0.0,0.0,0.0,2019-11-18
4,hru04,0.0,0.0,1.0,0.0,0.0,0.0,0.0,0.0,0.0,0.0,2019-11-18
5,hru05,0.0,0.0,1.006,0.0,0.0,0.0,0.0,0.0,0.0,0.0,2019-11-18
6,hru06,0.0,0.0,1.006,0.0,0.0,0.0,0.0,0.0,0.0,0.0,2019-11-18
7,hru07,0.0,0.0,1.012,0.0,0.0,0.0,0.0,0.0,0.0,0.0,2019-11-18
8,hru08,0.0,0.0,0.995,0.0,0.0,0.0,0.0,0.0,0.0,0.0,2019-11-18
9,hru09,0.0,0.0,1.008,0.0,0.0,0.0,0.0,0.0,0.0,0.0,2019-11-18
10,hru10,0.0,0.0,1.008,0.0,0.0,0.0,0.0,0.0,0.0,0.0,2019-11-18
11,hru11,0.0,0.0,1.012,0.0,0.0,0.0,0.0,0.0,0.0,0.0,2019-11-18
12,hru12,0.0,0.0,1.011,0.0,0.0,0.0,0.0,0.0,0.0,0.0,2019-11-18
13,hru13,0.0,0.0,1.014,0.0,0.0,0.0,0.0,0.0,0.0,0.0,2019-11-18
14,hru14,0.0,0.0,1.011,0.0,0.0,0.0,0.0,0.0,0.0,0.0,2019-11-18
15,hru15,0.0,0.0,1.019,0.0,0.0,0.0,0.0,0.0,0.0,0.0,2019-11-18
16,hru16,0.0,0.0,1.01,0.0,0.0,0.0,0.0,0.0,0.0,0.0,2019-11-18
17,hru17,0.0,0.0,1.017,0.0,0.0,0.0,0.0,0.0,0.0,0.0,2019-11-18
18,hru18,0.0,0.0,1.018,0.0,0.0,0.0,0.0,0.0,0.0,0.0,2019-11-18
19,hru19,0.0,0.0,1.023,0.0,0.0,0.0,0.0,0.0,0.0,0.0,2019-11-18
20,hru20,0.0,0.0,1.018,0.0,0.0,0.0,0.0,0.0,0.0,0.0,2019-11-18
21,hru21,0.0,0.0,1.019,0.0,0.0,0.0,0.0,0.0,0.0,0.0,2019-11-18
22,hru22,0.0,0.0,1.018,0.0,0.0,0.0,0.0,0.0,0.0,0.0,2019-11-18
23,hru23,0.0,0.0,1.018,0.0,0.0,0.0,0.0,0.0,0.0,0.0,2019-11-18
24,hru24,0.0,0.0,1.018,0.0,0.0,0.0,0.0,0.0,0.0,0.0,2019-11-18
25,hru25,0.0,0.0,1.018,0.0,0.0,0.0,0.0,0.0,0.0,0.0,2019-11-18
26,hru26,0.0,0.0,1.019,0.0,0.0,0.0,0.0,0.0,0.0,0.0,2019-11-18
27,hru27,0.0,0.0,1.011,0.0,0.0,0.0,0.0,0.0,0.0,0.0,2019-11-18
28,hru28,0.0,0.0,1.012,0.0,0.0,0.0,0.0,0.0,0.0,0.0,2019-11-18
29,hru29,0.0,0.0,1.01,0.0,0.0,0.0,0.0,0.0,0.0,0.0,2019-11-18
30,hru30,0.0,0.0,1.009,0.0,0.0,0.0,0.0,0.0,0.0,0.0,2019-11-18
31,hru31,0.0,0.0,1.003,0.0,0.0,0.0,0.0,0.0,0.0,0.0,2019-11-18
32,hru32,0.0,0.0,1.014,0.0,0.0,0.0,0.0,0.0,0.0,0.0,2019-11-18
33,hru33,0.0,0.0,1.009,0.0,0.0,0.0,0.0,0.0,0.0,0.0,2019-11-18
34,hru34,0.0,0.0,1.009,0.0,0.0,0.0,0.0,0.0,0.0,0.0,2019-11-18
35,hru35,0.0,0.0,1.003,0.0,0.0,0.0,0.0,0.0,0.0,0.0,2019-11-18
36,hru36,0.0,0.0,1.009,0.0,0.0,0.0,0.0,0.0,0.0,0.0,2019-11-18
1,hru01,0.0,0.0,1.004,0.0,0.0,0.0,0.0,0.0,0.0,0.0,2019-11-19
2,hru02,0.0,0.0,1.009,0.0,0.0,0.0,0.0,0.0,0.0,0.0,2019-11-19
3,hru03,0.0,0.0,0.996,0.0,0.0,0.0,0.0,0.0,0.0,0.0,2019-11-19
4,hru04,0.0,0.0,1.001,0.0,0.0,0.0,0.0,0.0,0.0,0.0,2019-11-19
5,hru05,0.0,0.0,1.007,0.0,0.0,0.0,0.0,0.0,0.0,0.0,2019-11-19
6,hru06,0.0,0.0,1.007,0.0,0.0,0.0,0.0,0.0,0.0,0.0,2019-11-19
7,hru07,0.0,0.0,1.013,0.0,0.0,0.0,0.0,0.0,0.0,0.0,2019-11-19
8,hru08,0.0,0.0,0.996,0.0,0.0,0.0,0.0,0.0,0.0,0.0,2019-11-19
9,hru09,0.0,0.0,1.009,0.0,0.0,0.0,0.0,0.0,0.0,0.0,2019-11-19
10,hru10,0.0,0.0,1.009,0.0,0.0,0.0,0.0,0.0,0.0,0.0,2019-11-19
11,hru11,0.0,0.0,1.013,0.0,0.0,0.0,0.0,0.0,0.0,0.0,2019-11-19
12,hru12,0.0,0.0,1.012,0.0,0.0,0.0,0.0,0.0,0.0,0.0,2019-11-19
13,hru13,0.0,0.0,1.016,0.0,0.0,0.0,0.0,0.0,0.0,0.0,2019-11-19
14,hru14,0.0,0.0,1.012,0.0,0.0,0.0,0.0,0.0,0.0,0.0,2019-11-19
15,hru15,0.0,0.0,1.02,0.0,0.0,0.0,0.0,0.0,0.0,0.0,2019-11-19
16,hru16,0.0,0.0,1.011,0.0,0.0,0.0,0.0,0.0,0.0,0.0,2019-11-19
17,hru17,0.0,0.0,1.018,0.0,0.0,0.0,0.0,0.0,0.0,0.0,2019-11-19
18,hru18,0.0,0.0,1.02,0.0,0.0,0.0,0.0,0.0,0.0,0.0,2019-11-19
19,hru19,0.0,0.0,1.024,0.0,0.0,0.0,0.0,0.0,0.0,0.0,2019-11-19
20,hru20,0.0,0.0,1.02,0.0,0.0,0.0,0.0,0.0,0.0,0.0,2019-11-19
21,hru21,0.0,0.0,1.02,0.0,0.0,0.0,0.0,0.0,0.0,0.0,2019-11-19
22,hru22,0.0,0.0,1.02,0.0,0.0,0.0,0.0,0.0,0.0,0.0,2019-11-19
23,hru23,0.0,0.0,1.02,0.0,0.0,0.0,0.0,0.0,0.0,0.0,2019-11-19
24,hru24,0.0,0.0,1.02,0.0,0.0,0.0,0.0,0.0,0.0,0.0,2019-11-19
25,hru25,0.0,0.0,1.02,0.0,0.0,0.0,0.0,0.0,0.0,0.0,2019-11-19
26,hru26,0.0,0.0,1.02,0.0,0.0,0.0,0.0,0.0,0.0,0.0,2019-11-19
27,hru27,0.0,0.0,1.012,0.0,0.0,0.0,0.0,0.0,0.0,0.0,2019-11-19
28,hru28,0.0,0.0,1.013,0.0,0.0,0.0,0.0,0.0,0.0,0.0,2019-11-19
29,hru29,0.0,0.0,1.012,0.0,0.0,0.0,0.0,0.0,0.0,0.0,2019-11-19
30,hru30,0.0,0.0,1.01,0.0,0.0,0.0,0.0,0.0,0.0,0.0,2019-11-19
31,hru31,0.0,0.0,1.004,0.0,0.0,0.0,0.0,0.0,0.0,0.0,2019-11-19
32,hru32,0.0,0.0,1.016,0.0,0.0,0.0,0.0,0.0,0.0,0.0,2019-11-19
33,hru33,0.0,0.0,1.01,0.0,0.0,0.0,0.0,0.0,0.0,0.0,2019-11-19
34,hru34,0.0,0.0,1.01,0.0,0.0,0.0,0.0,0.0,0.0,0.0,2019-11-19
35,hru35,0.0,0.0,1.004,0.0,0.0,0.0,0.0,0.0,0.0,0.0,2019-11-19
36,hru36,0.0,0.0,1.01,0.0,0.0,0.0,0.0,0.0,0.0,0.0,2019-11-19
1,hru01,0.0,0.0,1.006,0.0,0.0,0.0,0.0,0.0,0.0,0.0,2019-11-20
2,hru02,0.0,0.0,1.011,0.0,0.0,0.0,0.0,0.0,0.0,0.0,2019-11-20
3,hru03,0.0,0.0,0.998,0.0,0.0,0.0,0.0,0.0,0.0,0.0,2019-11-20
4,hru04,0.0,0.0,1.003,0.0,0.0,0.0,0.0,0.0,0.0,0.0,2019-11-20
5,hru05,0.0,0.0,1.009,0.0,0.0,0.0,0.0,0.0,0.0,0.0,2019-11-20
6,hru06,0.0,0.0,1.009,0.0,0.0,0.0,0.0,0.0,0.0,0.0,2019-11-20
7,hru07,0.0,0.0,1.015,0.0,0.0,0.0,0.0,0.0,0.0,0.0,2019-11-20
8,hru08,0.0,0.0,0.998,0.0,0.0,0.0,0.0,0.0,0.0,0.0,2019-11-20
9,hru09,0.0,0.0,1.011,0.0,0.0,0.0,0.0,0.0,0.0,0.0,2019-11-20
10,hru10,0.0,0.0,1.011,0.0,0.0,0.0,0.0,0.0,0.0,0.0,2019-11-20
11,hru11,0.0,0.0,1.015,0.0,0.0,0.0,0.0,0.0,0.0,0.0,2019-11-20
12,hru12,0.0,0.0,1.014,0.0,0.0,0.0,0.0,0.0,0.0,0.0,2019-11-20
13,hru13,0.0,0.0,1.018,0.0,0.0,0.0,0.0,0.0,0.0,0.0,2019-11-20
14,hru14,0.0,0.0,1.014,0.0,0.0,0.0,0.0,0.0,0.0,0.0,2019-11-20
15,hru15,0.0,0.0,1.022,0.0,0.0,0.0,0.0,0.0,0.0,0.0,2019-11-20
16,hru16,0.0,0.0,1.013,0.0,0.0,0.0,0.0,0.0,0.0,0.0,2019-11-20
17,hru17,0.0,0.0,1.02,0.0,0.0,0.0,0.0,0.0,0.0,0.0,2019-11-20
18,hru18,0.0,0.0,1.022,0.0,0.0,0.0,0.0,0.0,0.0,0.0,2019-11-20
19,hru19,0.0,0.0,1.026,0.0,0.0,0.0,0.0,0.0,0.0,0.0,2019-11-20
20,hru20,0.0,0.0,1.022,0.0,0.0,0.0,0.0,0.0,0.0,0.0,2019-11-20
21,hru21,0.0,0.0,1.022,0.0,0.0,0.0,0.0,0.0,0.0,0.0,2019-11-20
22,hru22,0.0,0.0,1.022,0.0,0.0,0.0,0.0,0.0,0.0,0.0,2019-11-20
23,hru23,0.0,0.0,1.022,0.0,0.0,0.0,0.0,0.0,0.0,0.0,2019-11-20
24,hru24,0.0,0.0,1.022,0.0,0.0,0.0,0.0,0.0,0.0,0.0,2019-11-20
25,hru25,0.0,0.0,1.022,0.0,0.0,0.0,0.0,0.0,0.0,0.0,2019-11-20
26,hru26,0.0,0.0,1.022,0.0,0.0,0.0,0.0,0.0,0.0,0.0,2019-11-20
27,hru27,0.0,0.0,1.014,0.0,0.0,0.0,0.0,0.0,0.0,0.0,2019-11-20
28,hru28,0.0,0.0,1.015,0.0,0.0,0.0,0.0,0.0,0.0,0.0,2019-11-20
29,hru29,0.0,0.0,1.014,0.0,0.0,0.0,0.0,0.0,0.0,0.0,2019-11-20
30,hru30,0.0,0.0,1.013,0.0,0.0,0.0,0.0,0.0,0.0,0.0,2019-11-20
31,hru31,0.0,0.0,1.006,0.0,0.0,0.0,0.0,0.0,0.0,0.0,2019-11-20
32,hru32,0.0,0.0,1.018,0.0,0.0,0.0,0.0,0.0,0.0,0.0,2019-11-20
33,hru33,0.0,0.0,1.012,0.0,0.0,0.0,0.0,0.0,0.0,0.0,2019-11-20
34,hru34,0.0,0.0,1.012,0.0,0.0,0.0,0.0,0.0,0.0,0.0,2019-11-20
35,hru35,0.0,0.0,1.006,0.0,0.0,0.0,0.0,0.0,0.0,0.0,2019-11-20
36,hru36,0.0,0.0,1.012,0.0,0.0,0.0,0.0,0.0,0.0,0.0,2019-11-20
1,hru01,0.0,0.0,1.006,0.0,0.0,0.0,0.0,0.0,0.0,0.0,2019-11-21
2,hru02,0.0,0.0,1.011,0.0,0.0,0.0,0.0,0.0,0.0,0.0,2019-11-21
3,hru03,0.0,0.0,0.998,0.0,0.0,0.0,0.0,0.0,0.0,0.0,2019-11-21
4,hru04,0.0,0.0,1.003,0.0,0.0,0.0,0.0,0.0,0.0,0.0,2019-11-21
5,hru05,0.0,0.0,1.009,0.0,0.0,0.0,0.0,0.0,0.0,0.0,2019-11-21
6,hru06,0.0,0.0,1.009,0.0,0.0,0.0,0.0,0.0,0.0,0.0,2019-11-21
7,hru07,0.0,0.0,1.015,0.0,0.0,0.0,0.0,0.0,0.0,0.0,2019-11-21
8,hru08,0.0,0.0,0.998,0.0,0.0,0.0,0.0,0.0,0.0,0.0,2019-11-21
9,hru09,0.0,0.0,1.011,0.0,0.0,0.0,0.0,0.0,0.0,0.0,2019-11-21
10,hru10,0.0,0.0,1.011,0.0,0.0,0.0,0.0,0.0,0.0,0.0,2019-11-21
11,hru11,0.0,0.0,1.015,0.0,0.0,0.0,0.0,0.0,0.0,0.0,2019-11-21
12,hru12,0.0,0.0,1.014,0.0,0.0,0.0,0.0,0.0,0.0,0.0,2019-11-21
13,hru13,0.0,0.0,1.018,0.0,0.0,0.0,0.0,0.0,0.0,0.0,2019-11-21
14,hru14,0.0,0.0,1.014,0.0,0.0,0.0,0.0,0.0,0.0,0.0,2019-11-21
15,hru15,0.0,0.0,1.022,0.0,0.0,0.0,0.0,0.0,0.0,0.0,2019-11-21
16,hru16,0.0,0.0,1.013,0.0,0.0,0.0,0.0,0.0,0.0,0.0,2019-11-21
17,hru17,0.0,0.0,1.02,0.0,0.0,0.0,0.0,0.0,0.0,0.0,2019-11-21
18,hru18,0.0,0.0,1.022,0.0,0.0,0.0,0.0,0.0,0.0,0.0,2019-11-21
19,hru19,0.0,0.0,1.026,0.0,0.0,0.0,0.0,0.0,0.0,0.0,2019-11-21
20,hru20,0.0,0.0,1.022,0.0,0.0,0.0,0.0,0.0,0.0,0.0,2019-11-21
21,hru21,0.0,0.0,1.022,0.0,0.0,0.0,0.0,0.0,0.0,0.0,2019-11-21
22,hru22,0.0,0.0,1.022,0.0,0.0,0.0,0.0,0.0,0.0,0.0,2019-11-21
23,hru23,0.0,0.0,1.022,0.0,0.0,0.0,0.0,0.0,0.0,0.0,2019-11-21
24,hru24,0.0,0.0,1.022,0.0,0.0,0.0,0.0,0.0,0.0,0.0,2019-11-21
25,hru25,0.0,0.0,1.022,0.0,0.0,0.0,0.0,0.0,0.0,0.0,2019-11-21
26,hru26,0.0,0.0,1.022,0.0,0.0,0.0,0.0,0.0,0.0,0.0,2019-11-21
27,hru27,0.0,0.0,1.014,0.0,0.0,0.0,0.0,0.0,0.0,0.0,2019-11-21
28,hru28,0.0,0.0,1.015,0.0,0.0,0.0,0.0,0.0,0.0,0.0,2019-11-21
29,hru29,0.0,0.0,1.014,0.0,0.0,0.0,0.0,0.0,0.0,0.0,2019-11-21
30,hru30,0.0,0.0,1.013,0.0,0.0,0.0,0.0,0.0,0.0,0.0,2019-11-21
31,hru31,0.0,0.0,1.006,0.0,0.0,0.0,0.0,0.0,0.0,0.0,2019-11-21
32,hru32,0.0,0.0,1.018,0.0,0.0,0.0,0.0,0.0,0.0,0.0,2019-11-21
33,hru33,0.0,0.0,1.012,0.0,0.0,0.0,0.0,0.0,0.0,0.0,2019-11-21
34,hru34,0.0,0.0,1.012,0.0,0.0,0.0,0.0,0.0,0.0,0.0,2019-11-21
35,hru35,0.0,0.0,1.006,0.0,0.0,0.0,0.0,0.0,0.0,0.0,2019-11-21
36,hru36,0.0,0.0,1.012,0.0,0.0,0.0,0.0,0.0,0.0,0.0,2019-11-21
1,hru01,0.0,0.0,1.006,0.0,0.0,0.0,0.0,0.0,0.0,0.0,2019-11-22
2,hru02,0.0,0.0,1.011,0.0,0.0,0.0,0.0,0.0,0.0,0.0,2019-11-22
3,hru03,0.0,0.0,0.998,0.0,0.0,0.0,0.0,0.0,0.0,0.0,2019-11-22
4,hru04,0.0,0.0,1.003,0.0,0.0,0.0,0.0,0.0,0.0,0.0,2019-11-22
5,hru05,0.0,0.0,1.009,0.0,0.0,0.0,0.0,0.0,0.0,0.0,2019-11-22
6,hru06,0.0,0.0,1.009,0.0,0.0,0.0,0.0,0.0,0.0,0.0,2019-11-22
7,hru07,0.0,0.0,1.015,0.0,0.0,0.0,0.0,0.0,0.0,0.0,2019-11-22
8,hru08,0.0,0.0,0.998,0.0,0.0,0.0,0.0,0.0,0.0,0.0,2019-11-22
9,hru09,0.0,0.0,1.011,0.0,0.0,0.0,0.0,0.0,0.0,0.0,2019-11-22
10,hru10,0.0,0.0,1.011,0.0,0.0,0.0,0.0,0.0,0.0,0.0,2019-11-22
11,hru11,0.0,0.0,1.015,0.0,0.0,0.0,0.0,0.0,0.0,0.0,2019-11-22
12,hru12,0.0,0.0,1.014,0.0,0.0,0.0,0.0,0.0,0.0,0.0,2019-11-22
13,hru13,0.0,0.0,1.018,0.0,0.0,0.0,0.0,0.0,0.0,0.0,2019-11-22
14,hru14,0.0,0.0,1.014,0.0,0.0,0.0,0.0,0.0,0.0,0.0,2019-11-22
15,hru15,0.0,0.0,1.022,0.0,0.0,0.0,0.0,0.0,0.0,0.0,2019-11-22
16,hru16,0.0,0.0,1.013,0.0,0.0,0.0,0.0,0.0,0.0,0.0,2019-11-22
17,hru17,0.0,0.0,1.02,0.0,0.0,0.0,0.0,0.0,0.0,0.0,2019-11-22
18,hru18,0.0,0.0,1.022,0.0,0.0,0.0,0.0,0.0,0.0,0.0,2019-11-22
19,hru19,0.0,0.0,1.026,0.0,0.0,0.0,0.0,0.0,0.0,0.0,2019-11-22
20,hru20,0.0,0.0,1.022,0.0,0.0,0.0,0.0,0.0,0.0,0.0,2019-11-22
21,hru21,0.0,0.0,1.022,0.0,0.0,0.0,0.0,0.0,0.0,0.0,2019-11-22
22,hru22,0.0,0.0,1.022,0.0,0.0,0.0,0.0,0.0,0.0,0.0,2019-11-22
23,hru23,0.0,0.0,1.022,0.0,0.0,0.0,0.0,0.0,0.0,0.0,2019-11-22
24,hru24,0.0,0.0,1.022,0.0,0.0,0.0,0.0,0.0,0.0,0.0,2019-11-22
25,hru25,0.0,0.0,1.022,0.0,0.0,0.0,0.0,0.0,0.0,0.0,2019-11-22
26,hru26,0.0,0.0,1.022,0.0,0.0,0.0,0.0,0.0,0.0,0.0,2019-11-22
27,hru27,0.0,0.0,1.014,0.0,0.0,0.0,0.0,0.0,0.0,0.0,2019-11-22
28,hru28,0.0,0.0,1.015,0.0,0.0,0.0,0.0,0.0,0.0,0.0,2019-11-22
29,hru29,0.0,0.0,1.014,0.0,0.0,0.0,0.0,0.0,0.0,0.0,2019-11-22
30,hru30,0.0,0.0,1.013,0.0,0.0,0.0,0.0,0.0,0.0,0.0,2019-11-22
31,hru31,0.0,0.0,1.006,0.0,0.0,0.0,0.0,0.0,0.0,0.0,2019-11-22
32,hru32,0.0,0.0,1.018,0.0,0.0,0.0,0.0,0.0,0.0,0.0,2019-11-22
33,hru33,0.0,0.0,1.012,0.0,0.0,0.0,0.0,0.0,0.0,0.0,2019-11-22
34,hru34,0.0,0.0,1.012,0.0,0.0,0.0,0.0,0.0,0.0,0.0,2019-11-22
35,hru35,0.0,0.0,1.006,0.0,0.0,0.0,0.0,0.0,0.0,0.0,2019-11-22
36,hru36,0.0,0.0,1.012,0.0,0.0,0.0,0.0,0.0,0.0,0.0,2019-11-22
1,hru01,0.0,0.0,1.006,0.0,0.0,0.0,0.0,0.0,0.0,0.0,2019-11-23
2,hru02,0.0,0.0,1.011,0.0,0.0,0.0,0.0,0.0,0.0,0.0,2019-11-23
3,hru03,0.0,0.0,0.998,0.0,0.0,0.0,0.0,0.0,0.0,0.0,2019-11-23
4,hru04,0.0,0.0,1.003,0.0,0.0,0.0,0.0,0.0,0.0,0.0,2019-11-23
5,hru05,0.0,0.0,1.01,0.0,0.0,0.0,0.0,0.0,0.0,0.0,2019-11-23
6,hru06,0.0,0.0,1.01,0.0,0.0,0.0,0.0,0.0,0.0,0.0,2019-11-23
7,hru07,0.0,0.0,1.015,0.0,0.0,0.0,0.0,0.0,0.0,0.0,2019-11-23
8,hru08,0.0,0.0,0.998,0.0,0.0,0.0,0.0,0.0,0.0,0.0,2019-11-23
9,hru09,0.0,0.0,1.011,0.0,0.0,0.0,0.0,0.0,0.0,0.0,2019-11-23
10,hru10,0.0,0.0,1.011,0.0,0.0,0.0,0.0,0.0,0.0,0.0,2019-11-23
11,hru11,0.0,0.0,1.016,0.0,0.0,0.0,0.0,0.0,0.0,0.0,2019-11-23
12,hru12,0.0,0.0,1.014,0.0,0.0,0.0,0.0,0.0,0.0,0.0,2019-11-23
13,hru13,0.0,0.0,1.018,0.0,0.0,0.0,0.0,0.0,0.0,0.0,2019-11-23
14,hru14,0.0,0.0,1.014,0.0,0.0,0.0,0.0,0.0,0.0,0.0,2019-11-23
15,hru15,0.0,0.0,1.023,0.0,0.0,0.0,0.0,0.0,0.0,0.0,2019-11-23
16,hru16,0.0,0.0,1.013,0.0,0.0,0.0,0.0,0.0,0.0,0.0,2019-11-23
17,hru17,0.0,0.0,1.02,0.0,0.0,0.0,0.0,0.0,0.0,0.0,2019-11-23
18,hru18,0.0,0.0,1.022,0.0,0.0,0.0,0.0,0.0,0.0,0.0,2019-11-23
19,hru19,0.0,0.0,1.027,0.0,0.0,0.0,0.0,0.0,0.0,0.0,2019-11-23
20,hru20,0.0,0.0,1.022,0.0,0.0,0.0,0.0,0.0,0.0,0.0,2019-11-23
21,hru21,0.0,0.0,1.023,0.0,0.0,0.0,0.0,0.0,0.0,0.0,2019-11-23
22,hru22,0.0,0.0,1.022,0.0,0.0,0.0,0.0,0.0,0.0,0.0,2019-11-23
23,hru23,0.0,0.0,1.022,0.0,0.0,0.0,0.0,0.0,0.0,0.0,2019-11-23
24,hru24,0.0,0.0,1.022,0.0,0.0,0.0,0.0,0.0,0.0,0.0,2019-11-23
25,hru25,0.0,0.0,1.022,0.0,0.0,0.0,0.0,0.0,0.0,0.0,2019-11-23
26,hru26,0.0,0.0,1.022,0.0,0.0,0.0,0.0,0.0,0.0,0.0,2019-11-23
27,hru27,0.0,0.0,1.015,0.0,0.0,0.0,0.0,0.0,0.0,0.0,2019-11-23
28,hru28,0.0,0.0,1.016,0.0,0.0,0.0,0.0,0.0,0.0,0.0,2019-11-23
29,hru29,0.0,0.0,1.014,0.0,0.0,0.0,0.0,0.0,0.0,0.0,2019-11-23
30,hru30,0.0,0.0,1.013,0.0,0.0,0.0,0.0,0.0,0.0,0.0,2019-11-23
31,hru31,0.0,0.0,1.006,0.0,0.0,0.0,0.0,0.0,0.0,0.0,2019-11-23
32,hru32,0.0,0.0,1.018,0.0,0.0,0.0,0.0,0.0,0.0,0.0,2019-11-23
33,hru33,0.0,0.0,1.012,0.0,0.0,0.0,0.0,0.0,0.0,0.0,2019-11-23
34,hru34,0.0,0.0,1.012,0.0,0.0,0.0,0.0,0.0,0.0,0.0,2019-11-23
35,hru35,0.0,0.0,1.006,0.0,0.0,0.0,0.0,0.0,0.0,0.0,2019-11-23
36,hru36,0.0,0.0,1.012,0.0,0.0,0.0,0.0,0.0,0.0,0.0,2019-11-23
1,hru01,0.0,0.0,1.007,0.0,0.0,0.0,0.0,0.0,0.0,0.0,2019-11-24
2,hru02,0.0,0.0,1.013,0.0,0.0,0.0,0.0,0.0,0.0,0.0,2019-11-24
3,hru03,0.0,0.0,0.999,0.0,0.0,0.0,0.0,0.0,0.0,0.0,2019-11-24
4,hru04,0.0,0.0,1.004,0.0,0.0,0.0,0.0,0.0,0.0,0.0,2019-11-24
5,hru05,0.0,0.0,1.011,0.0,0.0,0.0,0.0,0.0,0.0,0.0,2019-11-24
6,hru06,0.0,0.0,1.011,0.0,0.0,0.0,0.0,0.0,0.0,0.0,2019-11-24
7,hru07,0.0,0.0,1.017,0.0,0.0,0.0,0.0,0.0,0.0,0.0,2019-11-24
8,hru08,0.0,0.0,0.999,0.0,0.0,0.0,0.0,0.0,0.0,0.0,2019-11-24
9,hru09,0.0,0.0,1.012,0.0,0.0,0.0,0.0,0.0,0.0,0.0,2019-11-24
10,hru10,0.0,0.0,1.012,0.0,0.0,0.0,0.0,0.0,0.0,0.0,2019-11-24
11,hru11,0.0,0.0,1.017,0.0,0.0,0.0,0.0,0.0,0.0,0.0,2019-11-24
12,hru12,0.0,0.0,1.016,0.0,0.0,0.0,0.0,0.0,0.0,0.0,2019-11-24
13,hru13,0.0,0.0,1.019,0.0,0.0,0.0,0.0,0.0,0.0,0.0,2019-11-24
14,hru14,0.0,0.0,1.016,0.0,0.0,0.0,0.0,0.0,0.0,0.0,2019-11-24
15,hru15,0.0,0.0,1.024,0.0,0.0,0.0,0.0,0.0,0.0,0.0,2019-11-24
16,hru16,0.0,0.0,1.015,0.0,0.0,0.0,0.0,0.0,0.0,0.0,2019-11-24
17,hru17,0.0,0.0,1.022,0.0,0.0,0.0,0.0,0.0,0.0,0.0,2019-11-24
18,hru18,0.0,0.0,1.023,0.0,0.0,0.0,0.0,0.0,0.0,0.0,2019-11-24
19,hru19,0.0,0.0,1.028,0.0,0.0,0.0,0.0,0.0,0.0,0.0,2019-11-24
20,hru20,0.0,0.0,1.023,0.0,0.0,0.0,0.0,0.0,0.0,0.0,2019-11-24
21,hru21,0.0,0.0,1.024,0.0,0.0,0.0,0.0,0.0,0.0,0.0,2019-11-24
22,hru22,0.0,0.0,1.023,0.0,0.0,0.0,0.0,0.0,0.0,0.0,2019-11-24
23,hru23,0.0,0.0,1.023,0.0,0.0,0.0,0.0,0.0,0.0,0.0,2019-11-24
24,hru24,0.0,0.0,1.023,0.0,0.0,0.0,0.0,0.0,0.0,0.0,2019-11-24
25,hru25,0.0,0.0,1.023,0.0,0.0,0.0,0.0,0.0,0.0,0.0,2019-11-24
26,hru26,0.0,0.0,1.024,0.0,0.0,0.0,0.0,0.0,0.0,0.0,2019-11-24
27,hru27,0.0,0.0,1.016,0.0,0.0,0.0,0.0,0.0,0.0,0.0,2019-11-24
28,hru28,0.0,0.0,1.017,0.0,0.0,0.0,0.0,0.0,0.0,0.0,2019-11-24
29,hru29,0.0,0.0,1.015,0.0,0.0,0.0,0.0,0.0,0.0,0.0,2019-11-24
30,hru30,0.0,0.0,1.014,0.0,0.0,0.0,0.0,0.0,0.0,0.0,2019-11-24
31,hru31,0.0,0.0,1.007,0.0,0.0,0.0,0.0,0.0,0.0,0.0,2019-11-24
32,hru32,0.0,0.0,1.019,0.0,0.0,0.0,0.0,0.0,0.0,0.0,2019-11-24
33,hru33,0.0,0.0,1.013,0.0,0.0,0.0,0.0,0.0,0.0,0.0,2019-11-24
34,hru34,0.0,0.0,1.013,0.0,0.0,0.0,0.0,0.0,0.0,0.0,2019-11-24
35,hru35,0.0,0.0,1.008,0.0,0.0,0.0,0.0,0.0,0.0,0.0,2019-11-24
36,hru36,0.0,0.0,1.013,0.0,0.0,0.0,0.0,0.0,0.0,0.0,2019-11-24
1,hru01,0.0,0.0,1.009,0.0,0.0,0.0,0.0,0.0,0.0,0.0,2019-11-25
2,hru02,0.0,0.0,1.014,0.0,0.0,0.0,0.0,0.0,0.0,0.0,2019-11-25
3,hru03,0.0,0.0,1.0,0.0,0.0,0.0,0.0,0.0,0.0,0.0,2019-11-25
4,hru04,0.0,0.0,1.005,0.0,0.0,0.0,0.0,0.0,0.0,0.0,2019-11-25
5,hru05,0.0,0.0,1.012,0.0,0.0,0.0,0.0,0.0,0.0,0.0,2019-11-25
6,hru06,0.0,0.0,1.012,0.0,0.0,0.0,0.0,0.0,0.0,0.0,2019-11-25
7,hru07,0.0,0.0,1.018,0.0,0.0,0.0,0.0,0.0,0.0,0.0,2019-11-25
8,hru08,0.0,0.0,1.0,0.0,0.0,0.0,0.0,0.0,0.0,0.0,2019-11-25
9,hru09,0.0,0.0,1.014,0.0,0.0,0.0,0.0,0.0,0.0,0.0,2019-11-25
10,hru10,0.0,0.0,1.014,0.0,0.0,0.0,0.0,0.0,0.0,0.0,2019-11-25
11,hru11,0.0,0.0,1.018,0.0,0.0,0.0,0.0,0.0,0.0,0.0,2019-11-25
12,hru12,0.0,0.0,1.017,0.0,0.0,0.0,0.0,0.0,0.0,0.0,2019-11-25
13,hru13,0.0,0.0,1.021,0.0,0.0,0.0,0.0,0.0,0.0,0.0,2019-11-25
14,hru14,0.0,0.0,1.017,0.0,0.0,0.0,0.0,0.0,0.0,0.0,2019-11-25
15,hru15,0.0,0.0,1.025,0.0,0.0,0.0,0.0,0.0,0.0,0.0,2019-11-25
16,hru16,0.0,0.0,1.016,0.0,0.0,0.0,0.0,0.0,0.0,0.0,2019-11-25
17,hru17,0.0,0.0,1.023,0.0,0.0,0.0,0.0,0.0,0.0,0.0,2019-11-25
18,hru18,0.0,0.0,1.025,0.0,0.0,0.0,0.0,0.0,0.0,0.0,2019-11-25
19,hru19,0.0,0.0,1.029,0.0,0.0,0.0,0.0,0.0,0.0,0.0,2019-11-25
20,hru20,0.0,0.0,1.025,0.0,0.0,0.0,0.0,0.0,0.0,0.0,2019-11-25
21,hru21,0.0,0.0,1.025,0.0,0.0,0.0,0.0,0.0,0.0,0.0,2019-11-25
22,hru22,0.0,0.0,1.025,0.0,0.0,0.0,0.0,0.0,0.0,0.0,2019-11-25
23,hru23,0.0,0.0,1.025,0.0,0.0,0.0,0.0,0.0,0.0,0.0,2019-11-25
24,hru24,0.0,0.0,1.025,0.0,0.0,0.0,0.0,0.0,0.0,0.0,2019-11-25
25,hru25,0.0,0.0,1.025,0.0,0.0,0.0,0.0,0.0,0.0,0.0,2019-11-25
26,hru26,0.0,0.0,1.025,0.0,0.0,0.0,0.0,0.0,0.0,0.0,2019-11-25
27,hru27,0.0,0.0,1.017,0.0,0.0,0.0,0.0,0.0,0.0,0.0,2019-11-25
28,hru28,0.0,0.0,1.018,0.0,0.0,0.0,0.0,0.0,0.0,0.0,2019-11-25
29,hru29,0.0,0.0,1.016,0.0,0.0,0.0,0.0,0.0,0.0,0.0,2019-11-25
30,hru30,0.0,0.0,1.015,0.0,0.0,0.0,0.0,0.0,0.0,0.0,2019-11-25
31,hru31,0.0,0.0,1.009,0.0,0.0,0.0,0.0,0.0,0.0,0.0,2019-11-25
32,hru32,0.0,0.0,1.021,0.0,0.0,0.0,0.0,0.0,0.0,0.0,2019-11-25
33,hru33,0.0,0.0,1.015,0.0,0.0,0.0,0.0,0.0,0.0,0.0,2019-11-25
34,hru34,0.0,0.0,1.015,0.0,0.0,0.0,0.0,0.0,0.0,0.0,2019-11-25
35,hru35,0.0,0.0,1.009,0.0,0.0,0.0,0.0,0.0,0.0,0.0,2019-11-25
36,hru36,0.0,0.0,1.015,0.0,0.0,0.0,0.0,0.0,0.0,0.0,2019-11-25
1,hru01,0.0,0.0,1.009,0.0,0.0,0.0,0.0,0.0,0.0,0.0,2019-11-26
2,hru02,0.0,0.0,1.014,0.0,0.0,0.0,0.0,0.0,0.0,0.0,2019-11-26
3,hru03,0.0,0.0,1.001,0.0,0.0,0.0,0.0,0.0,0.0,0.0,2019-11-26
4,hru04,0.0,0.0,1.006,0.0,0.0,0.0,0.0,0.0,0.0,0.0,2019-11-26
5,hru05,0.0,0.0,1.012,0.0,0.0,0.0,0.0,0.0,0.0,0.0,2019-11-26
6,hru06,0.0,0.0,1.012,0.0,0.0,0.0,0.0,0.0,0.0,0.0,2019-11-26
7,hru07,0.0,0.0,1.018,0.0,0.0,0.0,0.0,0.0,0.0,0.0,2019-11-26
8,hru08,0.0,0.0,1.001,0.0,0.0,0.0,0.0,0.0,0.0,0.0,2019-11-26
9,hru09,0.0,0.0,1.014,0.0,0.0,0.0,0.0,0.0,0.0,0.0,2019-11-26
10,hru10,0.0,0.0,1.014,0.0,0.0,0.0,0.0,0.0,0.0,0.0,2019-11-26
11,hru11,0.0,0.0,1.019,0.0,0.0,0.0,0.0,0.0,0.0,0.0,2019-11-26
12,hru12,0.0,0.0,1.017,0.0,0.0,0.0,0.0,0.0,0.0,0.0,2019-11-26
13,hru13,0.0,0.0,1.021,0.0,0.0,0.0,0.0,0.0,0.0,0.0,2019-11-26
14,hru14,0.0,0.0,1.017,0.0,0.0,0.0,0.0,0.0,0.0,0.0,2019-11-26
15,hru15,0.0,0.0,1.026,0.0,0.0,0.0,0.0,0.0,0.0,0.0,2019-11-26
16,hru16,0.0,0.0,1.016,0.0,0.0,0.0,0.0,0.0,0.0,0.0,2019-11-26
17,hru17,0.0,0.0,1.023,0.0,0.0,0.0,0.0,0.0,0.0,0.0,2019-11-26
18,hru18,0.0,0.0,1.025,0.0,0.0,0.0,0.0,0.0,0.0,0.0,2019-11-26
19,hru19,0.0,0.0,1.03,0.0,0.0,0.0,0.0,0.0,0.0,0.0,2019-11-26
20,hru20,0.0,0.0,1.025,0.0,0.0,0.0,0.0,0.0,0.0,0.0,2019-11-26
21,hru21,0.0,0.0,1.026,0.0,0.0,0.0,0.0,0.0,0.0,0.0,2019-11-26
22,hru22,0.0,0.0,1.025,0.0,0.0,0.0,0.0,0.0,0.0,0.0,2019-11-26
23,hru23,0.0,0.0,1.025,0.0,0.0,0.0,0.0,0.0,0.0,0.0,2019-11-26
24,hru24,0.0,0.0,1.025,0.0,0.0,0.0,0.0,0.0,0.0,0.0,2019-11-26
25,hru25,0.0,0.0,1.025,0.0,0.0,0.0,0.0,0.0,0.0,0.0,2019-11-26
26,hru26,0.0,0.0,1.025,0.0,0.0,0.0,0.0,0.0,0.0,0.0,2019-11-26
27,hru27,0.0,0.0,1.018,0.0,0.0,0.0,0.0,0.0,0.0,0.0,2019-11-26
28,hru28,0.0,0.0,1.019,0.0,0.0,0.0,0.0,0.0,0.0,0.0,2019-11-26
29,hru29,0.0,0.0,1.017,0.0,0.0,0.0,0.0,0.0,0.0,0.0,2019-11-26
30,hru30,0.0,0.0,1.016,0.0,0.0,0.0,0.0,0.0,0.0,0.0,2019-11-26
31,hru31,0.0,0.0,1.009,0.0,0.0,0.0,0.0,0.0,0.0,0.0,2019-11-26
32,hru32,0.0,0.0,1.021,0.0,0.0,0.0,0.0,0.0,0.0,0.0,2019-11-26
33,hru33,0.0,0.0,1.015,0.0,0.0,0.0,0.0,0.0,0.0,0.0,2019-11-26
34,hru34,0.0,0.0,1.015,0.0,0.0,0.0,0.0,0.0,0.0,0.0,2019-11-26
35,hru35,0.0,0.0,1.009,0.0,0.0,0.0,0.0,0.0,0.0,0.0,2019-11-26
36,hru36,0.0,0.0,1.015,0.0,0.0,0.0,0.0,0.0,0.0,0.0,2019-11-26
1,hru01,0.0,0.0,1.009,0.0,0.0,0.0,0.0,0.0,0.0,0.0,2019-11-27
2,hru02,0.0,0.0,1.014,0.0,0.0,0.0,0.0,0.0,0.0,0.0,2019-11-27
3,hru03,0.0,0.0,1.001,0.0,0.0,0.0,0.0,0.0,0.0,0.0,2019-11-27
4,hru04,0.0,0.0,1.006,0.0,0.0,0.0,0.0,0.0,0.0,0.0,2019-11-27
5,hru05,0.0,0.0,1.012,0.0,0.0,0.0,0.0,0.0,0.0,0.0,2019-11-27
6,hru06,0.0,0.0,1.012,0.0,0.0,0.0,0.0,0.0,0.0,0.0,2019-11-27
7,hru07,0.0,0.0,1.018,0.0,0.0,0.0,0.0,0.0,0.0,0.0,2019-11-27
8,hru08,0.0,0.0,1.001,0.0,0.0,0.0,0.0,0.0,0.0,0.0,2019-11-27
9,hru09,0.0,0.0,1.014,0.0,0.0,0.0,0.0,0.0,0.0,0.0,2019-11-27
10,hru10,0.0,0.0,1.014,0.0,0.0,0.0,0.0,0.0,0.0,0.0,2019-11-27
11,hru11,0.0,0.0,1.019,0.0,0.0,0.0,0.0,0.0,0.0,0.0,2019-11-27
12,hru12,0.0,0.0,1.017,0.0,0.0,0.0,0.0,0.0,0.0,0.0,2019-11-27
13,hru13,0.0,0.0,1.021,0.0,0.0,0.0,0.0,0.0,0.0,0.0,2019-11-27
14,hru14,0.0,0.0,1.017,0.0,0.0,0.0,0.0,0.0,0.0,0.0,2019-11-27
15,hru15,0.0,0.0,1.026,0.0,0.0,0.0,0.0,0.0,0.0,0.0,2019-11-27
16,hru16,0.0,0.0,1.016,0.0,0.0,0.0,0.0,0.0,0.0,0.0,2019-11-27
17,hru17,0.0,0.0,1.023,0.0,0.0,0.0,0.0,0.0,0.0,0.0,2019-11-27
18,hru18,0.0,0.0,1.025,0.0,0.0,0.0,0.0,0.0,0.0,0.0,2019-11-27
19,hru19,0.0,0.0,1.03,0.0,0.0,0.0,0.0,0.0,0.0,0.0,2019-11-27
20,hru20,0.0,0.0,1.025,0.0,0.0,0.0,0.0,0.0,0.0,0.0,2019-11-27
21,hru21,0.0,0.0,1.026,0.0,0.0,0.0,0.0,0.0,0.0,0.0,2019-11-27
22,hru22,0.0,0.0,1.025,0.0,0.0,0.0,0.0,0.0,0.0,0.0,2019-11-27
23,hru23,0.0,0.0,1.025,0.0,0.0,0.0,0.0,0.0,0.0,0.0,2019-11-27
24,hru24,0.0,0.0,1.025,0.0,0.0,0.0,0.0,0.0,0.0,0.0,2019-11-27
25,hru25,0.0,0.0,1.025,0.0,0.0,0.0,0.0,0.0,0.0,0.0,2019-11-27
26,hru26,0.0,0.0,1.025,0.0,0.0,0.0,0.0,0.0,0.0,0.0,2019-11-27
27,hru27,0.0,0.0,1.018,0.0,0.0,0.0,0.0,0.0,0.0,0.0,2019-11-27
28,hru28,0.0,0.0,1.019,0.0,0.0,0.0,0.0,0.0,0.0,0.0,2019-11-27
29,hru29,0.0,0.0,1.017,0.0,0.0,0.0,0.0,0.0,0.0,0.0,2019-11-27
30,hru30,0.0,0.0,1.016,0.0,0.0,0.0,0.0,0.0,0.0,0.0,2019-11-27
31,hru31,0.0,0.0,1.009,0.0,0.0,0.0,0.0,0.0,0.0,0.0,2019-11-27
32,hru32,0.0,0.0,1.021,0.0,0.0,0.0,0.0,0.0,0.0,0.0,2019-11-27
33,hru33,0.0,0.0,1.015,0.0,0.0,0.0,0.0,0.0,0.0,0.0,2019-11-27
34,hru34,0.0,0.0,1.015,0.0,0.0,0.0,0.0,0.0,0.0,0.0,2019-11-27
35,hru35,0.0,0.0,1.009,0.0,0.0,0.0,0.0,0.0,0.0,0.0,2019-11-27
36,hru36,0.0,0.0,1.015,0.0,0.0,0.0,0.0,0.0,0.0,0.0,2019-11-27
1,hru01,0.0,0.0,1.009,0.0,0.0,0.0,0.0,0.0,0.0,0.0,2019-11-28
2,hru02,0.0,0.0,1.014,0.0,0.0,0.0,0.0,0.0,0.0,0.0,2019-11-28
3,hru03,0.0,0.0,1.001,0.0,0.0,0.0,0.0,0.0,0.0,0.0,2019-11-28
4,hru04,0.0,0.0,1.006,0.0,0.0,0.0,0.0,0.0,0.0,0.0,2019-11-28
5,hru05,0.0,0.0,1.012,0.0,0.0,0.0,0.0,0.0,0.0,0.0,2019-11-28
6,hru06,0.0,0.0,1.012,0.0,0.0,0.0,0.0,0.0,0.0,0.0,2019-11-28
7,hru07,0.0,0.0,1.018,0.0,0.0,0.0,0.0,0.0,0.0,0.0,2019-11-28
8,hru08,0.0,0.0,1.001,0.0,0.0,0.0,0.0,0.0,0.0,0.0,2019-11-28
9,hru09,0.0,0.0,1.014,0.0,0.0,0.0,0.0,0.0,0.0,0.0,2019-11-28
10,hru10,0.0,0.0,1.014,0.0,0.0,0.0,0.0,0.0,0.0,0.0,2019-11-28
11,hru11,0.0,0.0,1.019,0.0,0.0,0.0,0.0,0.0,0.0,0.0,2019-11-28
12,hru12,0.0,0.0,1.017,0.0,0.0,0.0,0.0,0.0,0.0,0.0,2019-11-28
13,hru13,0.0,0.0,1.021,0.0,0.0,0.0,0.0,0.0,0.0,0.0,2019-11-28
14,hru14,0.0,0.0,1.017,0.0,0.0,0.0,0.0,0.0,0.0,0.0,2019-11-28
15,hru15,0.0,0.0,1.026,0.0,0.0,0.0,0.0,0.0,0.0,0.0,2019-11-28
16,hru16,0.0,0.0,1.016,0.0,0.0,0.0,0.0,0.0,0.0,0.0,2019-11-28
17,hru17,0.0,0.0,1.023,0.0,0.0,0.0,0.0,0.0,0.0,0.0,2019-11-28
18,hru18,0.0,0.0,1.025,0.0,0.0,0.0,0.0,0.0,0.0,0.0,2019-11-28
19,hru19,0.0,0.0,1.03,0.0,0.0,0.0,0.0,0.0,0.0,0.0,2019-11-28
20,hru20,0.0,0.0,1.025,0.0,0.0,0.0,0.0,0.0,0.0,0.0,2019-11-28
21,hru21,0.0,0.0,1.026,0.0,0.0,0.0,0.0,0.0,0.0,0.0,2019-11-28
22,hru22,0.0,0.0,1.025,0.0,0.0,0.0,0.0,0.0,0.0,0.0,2019-11-28
23,hru23,0.0,0.0,1.025,0.0,0.0,0.0,0.0,0.0,0.0,0.0,2019-11-28
24,hru24,0.0,0.0,1.025,0.0,0.0,0.0,0.0,0.0,0.0,0.0,2019-11-28
25,hru25,0.0,0.0,1.025,0.0,0.0,0.0,0.0,0.0,0.0,0.0,2019-11-28
26,hru26,0.0,0.0,1.025,0.0,0.0,0.0,0.0,0.0,0.0,0.0,2019-11-28
27,hru27,0.0,0.0,1.018,0.0,0.0,0.0,0.0,0.0,0.0,0.0,2019-11-28
28,hru28,0.0,0.0,1.019,0.0,0.0,0.0,0.0,0.0,0.0,0.0,2019-11-28
29,hru29,0.0,0.0,1.017,0.0,0.0,0.0,0.0,0.0,0.0,0.0,2019-11-28
30,hru30,0.0,0.0,1.016,0.0,0.0,0.0,0.0,0.0,0.0,0.0,2019-11-28
31,hru31,0.0,0.0,1.009,0.0,0.0,0.0,0.0,0.0,0.0,0.0,2019-11-28
32,hru32,0.0,0.0,1.021,0.0,0.0,0.0,0.0,0.0,0.0,0.0,2019-11-28
33,hru33,0.0,0.0,1.015,0.0,0.0,0.0,0.0,0.0,0.0,0.0,2019-11-28
34,hru34,0.0,0.0,1.015,0.0,0.0,0.0,0.0,0.0,0.0,0.0,2019-11-28
35,hru35,0.0,0.0,1.009,0.0,0.0,0.0,0.0,0.0,0.0,0.0,2019-11-28
36,hru36,0.0,0.0,1.015,0.0,0.0,0.0,0.0,0.0,0.0,0.0,2019-11-28
1,hru01,0.0,0.0,1.009,0.0,0.0,0.0,0.0,0.0,0.0,0.0,2019-11-29
2,hru02,0.0,0.0,1.014,0.0,0.0,0.0,0.0,0.0,0.0,0.0,2019-11-29
3,hru03,0.0,0.0,1.001,0.0,0.0,0.0,0.0,0.0,0.0,0.0,2019-11-29
4,hru04,0.0,0.0,1.006,0.0,0.0,0.0,0.0,0.0,0.0,0.0,2019-11-29
5,hru05,0.0,0.0,1.012,0.0,0.0,0.0,0.0,0.0,0.0,0.0,2019-11-29
6,hru06,0.0,0.0,1.012,0.0,0.0,0.0,0.0,0.0,0.0,0.0,2019-11-29
7,hru07,0.0,0.0,1.018,0.0,0.0,0.0,0.0,0.0,0.0,0.0,2019-11-29
8,hru08,0.0,0.0,1.001,0.0,0.0,0.0,0.0,0.0,0.0,0.0,2019-11-29
9,hru09,0.0,0.0,1.014,0.0,0.0,0.0,0.0,0.0,0.0,0.0,2019-11-29
10,hru10,0.0,0.0,1.014,0.0,0.0,0.0,0.0,0.0,0.0,0.0,2019-11-29
11,hru11,0.0,0.0,1.019,0.0,0.0,0.0,0.0,0.0,0.0,0.0,2019-11-29
12,hru12,0.0,0.0,1.017,0.0,0.0,0.0,0.0,0.0,0.0,0.0,2019-11-29
13,hru13,0.0,0.0,1.021,0.0,0.0,0.0,0.0,0.0,0.0,0.0,2019-11-29
14,hru14,0.0,0.0,1.017,0.0,0.0,0.0,0.0,0.0,0.0,0.0,2019-11-29
15,hru15,0.0,0.0,1.026,0.0,0.0,0.0,0.0,0.0,0.0,0.0,2019-11-29
16,hru16,0.0,0.0,1.016,0.0,0.0,0.0,0.0,0.0,0.0,0.0,2019-11-29
17,hru17,0.0,0.0,1.023,0.0,0.0,0.0,0.0,0.0,0.0,0.0,2019-11-29
18,hru18,0.0,0.0,1.025,0.0,0.0,0.0,0.0,0.0,0.0,0.0,2019-11-29
19,hru19,0.0,0.0,1.03,0.0,0.0,0.0,0.0,0.0,0.0,0.0,2019-11-29
20,hru20,0.0,0.0,1.025,0.0,0.0,0.0,0.0,0.0,0.0,0.0,2019-11-29
21,hru21,0.0,0.0,1.026,0.0,0.0,0.0,0.0,0.0,0.0,0.0,2019-11-29
22,hru22,0.0,0.0,1.025,0.0,0.0,0.0,0.0,0.0,0.0,0.0,2019-11-29
23,hru23,0.0,0.0,1.025,0.0,0.0,0.0,0.0,0.0,0.0,0.0,2019-11-29
24,hru24,0.0,0.0,1.025,0.0,0.0,0.0,0.0,0.0,0.0,0.0,2019-11-29
25,hru25,0.0,0.0,1.025,0.0,0.0,0.0,0.0,0.0,0.0,0.0,2019-11-29
26,hru26,0.0,0.0,1.025,0.0,0.0,0.0,0.0,0.0,0.0,0.0,2019-11-29
27,hru27,0.0,0.0,1.018,0.0,0.0,0.0,0.0,0.0,0.0,0.0,2019-11-29
28,hru28,0.0,0.0,1.019,0.0,0.0,0.0,0.0,0.0,0.0,0.0,2019-11-29
29,hru29,0.0,0.0,1.017,0.0,0.0,0.0,0.0,0.0,0.0,0.0,2019-11-29
30,hru30,0.0,0.0,1.016,0.0,0.0,0.0,0.0,0.0,0.0,0.0,2019-11-29
31,hru31,0.0,0.0,1.009,0.0,0.0,0.0,0.0,0.0,0.0,0.0,2019-11-29
32,hru32,0.0,0.0,1.021,0.0,0.0,0.0,0.0,0.0,0.0,0.0,2019-11-29
33,hru33,0.0,0.0,1.015,0.0,0.0,0.0,0.0,0.0,0.0,0.0,2019-11-29
34,hru34,0.0,0.0,1.015,0.0,0.0,0.0,0.0,0.0,0.0,0.0,2019-11-29
35,hru35,0.0,0.0,1.009,0.0,0.0,0.0,0.0,0.0,0.0,0.0,2019-11-29
36,hru36,0.0,0.0,1.015,0.0,0.0,0.0,0.0,0.0,0.0,0.0,2019-11-29
1,hru01,0.0,0.0,1.01,0.0,0.0,0.0,0.0,0.0,0.0,0.0,2019-11-30
2,hru02,0.0,0.0,1.015,0.0,0.0,0.0,0.0,0.0,0.0,0.0,2019-11-30
3,hru03,0.0,0.0,1.001,0.0,0.0,0.0,0.0,0.0,0.0,0.0,2019-11-30
4,hru04,0.0,0.0,1.006,0.0,0.0,0.0,0.0,0.0,0.0,0.0,2019-11-30
5,hru05,0.0,0.0,1.013,0.0,0.0,0.0,0.0,0.0,0.0,0.0,2019-11-30
6,hru06,0.0,0.0,1.013,0.0,0.0,0.0,0.0,0.0,0.0,0.0,2019-11-30
7,hru07,0.0,0.0,1.019,0.0,0.0,0.0,0.0,0.0,0.0,0.0,2019-11-30
8,hru08,0.0,0.0,1.001,0.0,0.0,0.0,0.0,0.0,0.0,0.0,2019-11-30
9,hru09,0.0,0.0,1.015,0.0,0.0,0.0,0.0,0.0,0.0,0.0,2019-11-30
10,hru10,0.0,0.0,1.015,0.0,0.0,0.0,0.0,0.0,0.0,0.0,2019-11-30
11,hru11,0.0,0.0,1.02,0.0,0.0,0.0,0.0,0.0,0.0,0.0,2019-11-30
12,hru12,0.0,0.0,1.018,0.0,0.0,0.0,0.0,0.0,0.0,0.0,2019-11-30
13,hru13,0.0,0.0,1.022,0.0,0.0,0.0,0.0,0.0,0.0,0.0,2019-11-30
14,hru14,0.0,0.0,1.018,0.0,0.0,0.0,0.0,0.0,0.0,0.0,2019-11-30
15,hru15,0.0,0.0,1.026,0.0,0.0,0.0,0.0,0.0,0.0,0.0,2019-11-30
16,hru16,0.0,0.0,1.017,0.0,0.0,0.0,0.0,0.0,0.0,0.0,2019-11-30
17,hru17,0.0,0.0,1.024,0.0,0.0,0.0,0.0,0.0,0.0,0.0,2019-11-30
18,hru18,0.0,0.0,1.026,0.0,0.0,0.0,0.0,0.0,0.0,0.0,2019-11-30
19,hru19,0.0,0.0,1.031,0.0,0.0,0.0,0.0,0.0,0.0,0.0,2019-11-30
20,hru20,0.0,0.0,1.026,0.0,0.0,0.0,0.0,0.0,0.0,0.0,2019-11-30
21,hru21,0.0,0.0,1.026,0.0,0.0,0.0,0.0,0.0,0.0,0.0,2019-11-30
22,hru22,0.0,0.0,1.026,0.0,0.0,0.0,0.0,0.0,0.0,0.0,2019-11-30
23,hru23,0.0,0.0,1.026,0.0,0.0,0.0,0.0,0.0,0.0,0.0,2019-11-30
24,hru24,0.0,0.0,1.026,0.0,0.0,0.0,0.0,0.0,0.0,0.0,2019-11-30
25,hru25,0.0,0.0,1.026,0.0,0.0,0.0,0.0,0.0,0.0,0.0,2019-11-30
26,hru26,0.0,0.0,1.026,0.0,0.0,0.0,0.0,0.0,0.0,0.0,2019-11-30
27,hru27,0.0,0.0,1.018,0.0,0.0,0.0,0.0,0.0,0.0,0.0,2019-11-30
28,hru28,0.0,0.0,1.02,0.0,0.0,0.0,0.0,0.0,0.0,0.0,2019-11-30
29,hru29,0.0,0.0,1.017,0.0,0.0,0.0,0.0,0.0,0.0,0.0,2019-11-30
30,hru30,0.0,0.0,1.016,0.0,0.0,0.0,0.0,0.0,0.0,0.0,2019-11-30
31,hru31,0.0,0.0,1.01,0.0,0.0,0.0,0.0,0.0,0.0,0.0,2019-11-30
32,hru32,0.0,0.0,1.022,0.0,0.0,0.0,0.0,0.0,0.0,0.0,2019-11-30
33,hru33,0.0,0.0,1.016,0.0,0.0,0.0,0.0,0.0,0.0,0.0,2019-11-30
34,hru34,0.0,0.0,1.016,0.0,0.0,0.0,0.0,0.0,0.0,0.0,2019-11-30
35,hru35,0.0,0.0,1.01,0.0,0.0,0.0,0.0,0.0,0.0,0.0,2019-11-30
36,hru36,0.0,0.0,1.016,0.0,0.0,0.0,0.0,0.0,0.0,0.0,2019-11-30
1,hru01,0.0,0.0,1.01,0.0,0.0,0.0,0.0,0.0,0.0,0.0,2019-12-01
2,hru02,0.0,0.0,1.015,0.0,0.0,0.0,0.0,0.0,0.0,0.0,2019-12-01
3,hru03,0.0,0.0,1.001,0.0,0.0,0.0,0.0,0.0,0.0,0.0,2019-12-01
4,hru04,0.0,0.0,1.006,0.0,0.0,0.0,0.0,0.0,0.0,0.0,2019-12-01
5,hru05,0.0,0.0,1.013,0.0,0.0,0.0,0.0,0.0,0.0,0.0,2019-12-01
6,hru06,0.0,0.0,1.013,0.0,0.0,0.0,0.0,0.0,0.0,0.0,2019-12-01
7,hru07,0.0,0.0,1.019,0.0,0.0,0.0,0.0,0.0,0.0,0.0,2019-12-01
8,hru08,0.0,0.0,1.001,0.0,0.0,0.0,0.0,0.0,0.0,0.0,2019-12-01
9,hru09,0.0,0.0,1.015,0.0,0.0,0.0,0.0,0.0,0.0,0.0,2019-12-01
10,hru10,0.0,0.0,1.015,0.0,0.0,0.0,0.0,0.0,0.0,0.0,2019-12-01
11,hru11,0.0,0.0,1.02,0.0,0.0,0.0,0.0,0.0,0.0,0.0,2019-12-01
12,hru12,0.0,0.0,1.018,0.0,0.0,0.0,0.0,0.0,0.0,0.0,2019-12-01
13,hru13,0.0,0.0,1.022,0.0,0.0,0.0,0.0,0.0,0.0,0.0,2019-12-01
14,hru14,0.0,0.0,1.018,0.0,0.0,0.0,0.0,0.0,0.0,0.0,2019-12-01
15,hru15,0.0,0.0,1.026,0.0,0.0,0.0,0.0,0.0,0.0,0.0,2019-12-01
16,hru16,0.0,0.0,1.017,0.0,0.0,0.0,0.0,0.0,0.0,0.0,2019-12-01
17,hru17,0.0,0.0,1.024,0.0,0.0,0.0,0.0,0.0,0.0,0.0,2019-12-01
18,hru18,0.0,0.0,1.026,0.0,0.0,0.0,0.0,0.0,0.0,0.0,2019-12-01
19,hru19,0.0,0.0,1.031,0.0,0.0,0.0,0.0,0.0,0.0,0.0,2019-12-01
20,hru20,0.0,0.0,1.026,0.0,0.0,0.0,0.0,0.0,0.0,0.0,2019-12-01
21,hru21,0.0,0.0,1.026,0.0,0.0,0.0,0.0,0.0,0.0,0.0,2019-12-01
22,hru22,0.0,0.0,1.026,0.0,0.0,0.0,0.0,0.0,0.0,0.0,2019-12-01
23,hru23,0.0,0.0,1.026,0.0,0.0,0.0,0.0,0.0,0.0,0.0,2019-12-01
24,hru24,0.0,0.0,1.026,0.0,0.0,0.0,0.0,0.0,0.0,0.0,2019-12-01
25,hru25,0.0,0.0,1.026,0.0,0.0,0.0,0.0,0.0,0.0,0.0,2019-12-01
26,hru26,0.0,0.0,1.026,0.0,0.0,0.0,0.0,0.0,0.0,0.0,2019-12-01
27,hru27,0.0,0.0,1.018,0.0,0.0,0.0,0.0,0.0,0.0,0.0,2019-12-01
28,hru28,0.0,0.0,1.02,0.0,0.0,0.0,0.0,0.0,0.0,0.0,2019-12-01
29,hru29,0.0,0.0,1.017,0.0,0.0,0.0,0.0,0.0,0.0,0.0,2019-12-01
30,hru30,0.0,0.0,1.016,0.0,0.0,0.0,0.0,0.0,0.0,0.0,2019-12-01
31,hru31,0.0,0.0,1.01,0.0,0.0,0.0,0.0,0.0,0.0,0.0,2019-12-01
32,hru32,0.0,0.0,1.022,0.0,0.0,0.0,0.0,0.0,0.0,0.0,2019-12-01
33,hru33,0.0,0.0,1.016,0.0,0.0,0.0,0.0,0.0,0.0,0.0,2019-12-01
34,hru34,0.0,0.0,1.016,0.0,0.0,0.0,0.0,0.0,0.0,0.0,2019-12-01
35,hru35,0.0,0.0,1.01,0.0,0.0,0.0,0.0,0.0,0.0,0.0,2019-12-01
36,hru36,0.0,0.0,1.016,0.0,0.0,0.0,0.0,0.0,0.0,0.0,2019-12-01
1,hru01,0.0,0.0,1.01,0.0,0.0,0.0,0.0,0.0,0.0,0.0,2019-12-02
2,hru02,0.0,0.0,1.015,0.0,0.0,0.0,0.0,0.0,0.0,0.0,2019-12-02
3,hru03,0.0,0.0,1.001,0.0,0.0,0.0,0.0,0.0,0.0,0.0,2019-12-02
4,hru04,0.0,0.0,1.006,0.0,0.0,0.0,0.0,0.0,0.0,0.0,2019-12-02
5,hru05,0.0,0.0,1.013,0.0,0.0,0.0,0.0,0.0,0.0,0.0,2019-12-02
6,hru06,0.0,0.0,1.013,0.0,0.0,0.0,0.0,0.0,0.0,0.0,2019-12-02
7,hru07,0.0,0.0,1.019,0.0,0.0,0.0,0.0,0.0,0.0,0.0,2019-12-02
8,hru08,0.0,0.0,1.001,0.0,0.0,0.0,0.0,0.0,0.0,0.0,2019-12-02
9,hru09,0.0,0.0,1.015,0.0,0.0,0.0,0.0,0.0,0.0,0.0,2019-12-02
10,hru10,0.0,0.0,1.015,0.0,0.0,0.0,0.0,0.0,0.0,0.0,2019-12-02
11,hru11,0.0,0.0,1.02,0.0,0.0,0.0,0.0,0.0,0.0,0.0,2019-12-02
12,hru12,0.0,0.0,1.018,0.0,0.0,0.0,0.0,0.0,0.0,0.0,2019-12-02
13,hru13,0.0,0.0,1.022,0.0,0.0,0.0,0.0,0.0,0.0,0.0,2019-12-02
14,hru14,0.0,0.0,1.018,0.0,0.0,0.0,0.0,0.0,0.0,0.0,2019-12-02
15,hru15,0.0,0.0,1.026,0.0,0.0,0.0,0.0,0.0,0.0,0.0,2019-12-02
16,hru16,0.0,0.0,1.017,0.0,0.0,0.0,0.0,0.0,0.0,0.0,2019-12-02
17,hru17,0.0,0.0,1.024,0.0,0.0,0.0,0.0,0.0,0.0,0.0,2019-12-02
18,hru18,0.0,0.0,1.026,0.0,0.0,0.0,0.0,0.0,0.0,0.0,2019-12-02
19,hru19,0.0,0.0,1.031,0.0,0.0,0.0,0.0,0.0,0.0,0.0,2019-12-02
20,hru20,0.0,0.0,1.026,0.0,0.0,0.0,0.0,0.0,0.0,0.0,2019-12-02
21,hru21,0.0,0.0,1.026,0.0,0.0,0.0,0.0,0.0,0.0,0.0,2019-12-02
22,hru22,0.0,0.0,1.026,0.0,0.0,0.0,0.0,0.0,0.0,0.0,2019-12-02
23,hru23,0.0,0.0,1.026,0.0,0.0,0.0,0.0,0.0,0.0,0.0,2019-12-02
24,hru24,0.0,0.0,1.026,0.0,0.0,0.0,0.0,0.0,0.0,0.0,2019-12-02
25,hru25,0.0,0.0,1.026,0.0,0.0,0.0,0.0,0.0,0.0,0.0,2019-12-02
26,hru26,0.0,0.0,1.026,0.0,0.0,0.0,0.0,0.0,0.0,0.0,2019-12-02
27,hru27,0.0,0.0,1.018,0.0,0.0,0.0,0.0,0.0,0.0,0.0,2019-12-02
28,hru28,0.0,0.0,1.02,0.0,0.0,0.0,0.0,0.0,0.0,0.0,2019-12-02
29,hru29,0.0,0.0,1.017,0.0,0.0,0.0,0.0,0.0,0.0,0.0,2019-12-02
30,hru30,0.0,0.0,1.016,0.0,0.0,0.0,0.0,0.0,0.0,0.0,2019-12-02
31,hru31,0.0,0.0,1.01,0.0,0.0,0.0,0.0,0.0,0.0,0.0,2019-12-02
32,hru32,0.0,0.0,1.022,0.0,0.0,0.0,0.0,0.0,0.0,0.0,2019-12-02
33,hru33,0.0,0.0,1.016,0.0,0.0,0.0,0.0,0.0,0.0,0.0,2019-12-02
34,hru34,0.0,0.0,1.016,0.0,0.0,0.0,0.0,0.0,0.0,0.0,2019-12-02
35,hru35,0.0,0.0,1.01,0.0,0.0,0.0,0.0,0.0,0.0,0.0,2019-12-02
36,hru36,0.0,0.0,1.016,0.0,0.0,0.0,0.0,0.0,0.0,0.0,2019-12-02
1,hru01,0.0,0.0,1.01,0.0,0.0,0.0,0.0,0.0,0.0,0.0,2019-12-03
2,hru02,0.0,0.0,1.015,0.0,0.0,0.0,0.0,0.0,0.0,0.0,2019-12-03
3,hru03,0.0,0.0,1.001,0.0,0.0,0.0,0.0,0.0,0.0,0.0,2019-12-03
4,hru04,0.0,0.0,1.006,0.0,0.0,0.0,0.0,0.0,0.0,0.0,2019-12-03
5,hru05,0.0,0.0,1.013,0.0,0.0,0.0,0.0,0.0,0.0,0.0,2019-12-03
6,hru06,0.0,0.0,1.013,0.0,0.0,0.0,0.0,0.0,0.0,0.0,2019-12-03
7,hru07,0.0,0.0,1.02,0.0,0.0,0.0,0.0,0.0,0.0,0.0,2019-12-03
8,hru08,0.0,0.0,1.001,0.0,0.0,0.0,0.0,0.0,0.0,0.0,2019-12-03
9,hru09,0.0,0.0,1.015,0.0,0.0,0.0,0.0,0.0,0.0,0.0,2019-12-03
10,hru10,0.0,0.0,1.015,0.0,0.0,0.0,0.0,0.0,0.0,0.0,2019-12-03
11,hru11,0.0,0.0,1.02,0.0,0.0,0.0,0.0,0.0,0.0,0.0,2019-12-03
12,hru12,0.0,0.0,1.018,0.0,0.0,0.0,0.0,0.0,0.0,0.0,2019-12-03
13,hru13,0.0,0.0,1.022,0.0,0.0,0.0,0.0,0.0,0.0,0.0,2019-12-03
14,hru14,0.0,0.0,1.018,0.0,0.0,0.0,0.0,0.0,0.0,0.0,2019-12-03
15,hru15,0.0,0.0,1.027,0.0,0.0,0.0,0.0,0.0,0.0,0.0,2019-12-03
16,hru16,0.0,0.0,1.017,0.0,0.0,0.0,0.0,0.0,0.0,0.0,2019-12-03
17,hru17,0.0,0.0,1.024,0.0,0.0,0.0,0.0,0.0,0.0,0.0,2019-12-03
18,hru18,0.0,0.0,1.026,0.0,0.0,0.0,0.0,0.0,0.0,0.0,2019-12-03
19,hru19,0.0,0.0,1.031,0.0,0.0,0.0,0.0,0.0,0.0,0.0,2019-12-03
20,hru20,0.0,0.0,1.027,0.0,0.0,0.0,0.0,0.0,0.0,0.0,2019-12-03
21,hru21,0.0,0.0,1.027,0.0,0.0,0.0,0.0,0.0,0.0,0.0,2019-12-03
22,hru22,0.0,0.0,1.026,0.0,0.0,0.0,0.0,0.0,0.0,0.0,2019-12-03
23,hru23,0.0,0.0,1.026,0.0,0.0,0.0,0.0,0.0,0.0,0.0,2019-12-03
24,hru24,0.0,0.0,1.027,0.0,0.0,0.0,0.0,0.0,0.0,0.0,2019-12-03
25,hru25,0.0,0.0,1.027,0.0,0.0,0.0,0.0,0.0,0.0,0.0,2019-12-03
26,hru26,0.0,0.0,1.027,0.0,0.0,0.0,0.0,0.0,0.0,0.0,2019-12-03
27,hru27,0.0,0.0,1.019,0.0,0.0,0.0,0.0,0.0,0.0,0.0,2019-12-03
28,hru28,0.0,0.0,1.02,0.0,0.0,0.0,0.0,0.0,0.0,0.0,2019-12-03
29,hru29,0.0,0.0,1.018,0.0,0.0,0.0,0.0,0.0,0.0,0.0,2019-12-03
30,hru30,0.0,0.0,1.017,0.0,0.0,0.0,0.0,0.0,0.0,0.0,2019-12-03
31,hru31,0.0,0.0,1.01,0.0,0.0,0.0,0.0,0.0,0.0,0.0,2019-12-03
32,hru32,0.0,0.0,1.022,0.0,0.0,0.0,0.0,0.0,0.0,0.0,2019-12-03
33,hru33,0.0,0.0,1.016,0.0,0.0,0.0,0.0,0.0,0.0,0.0,2019-12-03
34,hru34,0.0,0.0,1.016,0.0,0.0,0.0,0.0,0.0,0.0,0.0,2019-12-03
35,hru35,0.0,0.0,1.01,0.0,0.0,0.0,0.0,0.0,0.0,0.0,2019-12-03
36,hru36,0.0,0.0,1.016,0.0,0.0,0.0,0.0,0.0,0.0,0.0,2019-12-03
1,hru01,0.0,0.0,1.01,0.0,0.0,0.0,0.0,0.0,0.0,0.0,2019-12-04
2,hru02,0.0,0.0,1.016,0.0,0.0,0.0,0.0,0.0,0.0,0.0,2019-12-04
3,hru03,0.0,0.0,1.002,0.0,0.0,0.0,0.0,0.0,0.0,0.0,2019-12-04
4,hru04,0.0,0.0,1.007,0.0,0.0,0.0,0.0,0.0,0.0,0.0,2019-12-04
5,hru05,0.0,0.0,1.014,0.0,0.0,0.0,0.0,0.0,0.0,0.0,2019-12-04
6,hru06,0.0,0.0,1.014,0.0,0.0,0.0,0.0,0.0,0.0,0.0,2019-12-04
7,hru07,0.0,0.0,1.02,0.0,0.0,0.0,0.0,0.0,0.0,0.0,2019-12-04
8,hru08,0.0,0.0,1.002,0.0,0.0,0.0,0.0,0.0,0.0,0.0,2019-12-04
9,hru09,0.0,0.0,1.016,0.0,0.0,0.0,0.0,0.0,0.0,0.0,2019-12-04
10,hru10,0.0,0.0,1.016,0.0,0.0,0.0,0.0,0.0,0.0,0.0,2019-12-04
11,hru11,0.0,0.0,1.021,0.0,0.0,0.0,0.0,0.0,0.0,0.0,2019-12-04
12,hru12,0.0,0.0,1.019,0.0,0.0,0.0,0.0,0.0,0.0,0.0,2019-12-04
13,hru13,0.0,0.0,1.023,0.0,0.0,0.0,0.0,0.0,0.0,0.0,2019-12-04
14,hru14,0.0,0.0,1.019,0.0,0.0,0.0,0.0,0.0,0.0,0.0,2019-12-04
15,hru15,0.0,0.0,1.028,0.0,0.0,0.0,0.0,0.0,0.0,0.0,2019-12-04
16,hru16,0.0,0.0,1.018,0.0,0.0,0.0,0.0,0.0,0.0,0.0,2019-12-04
17,hru17,0.0,0.0,1.025,0.0,0.0,0.0,0.0,0.0,0.0,0.0,2019-12-04
18,hru18,0.0,0.0,1.027,0.0,0.0,0.0,0.0,0.0,0.0,0.0,2019-12-04
19,hru19,0.0,0.0,1.032,0.0,0.0,0.0,0.0,0.0,0.0,0.0,2019-12-04
20,hru20,0.0,0.0,1.027,0.0,0.0,0.0,0.0,0.0,0.0,0.0,2019-12-04
21,hru21,0.0,0.0,1.028,0.0,0.0,0.0,0.0,0.0,0.0,0.0,2019-12-04
22,hru22,0.0,0.0,1.027,0.0,0.0,0.0,0.0,0.0,0.0,0.0,2019-12-04
23,hru23,0.0,0.0,1.027,0.0,0.0,0.0,0.0,0.0,0.0,0.0,2019-12-04
24,hru24,0.0,0.0,1.027,0.0,0.0,0.0,0.0,0.0,0.0,0.0,2019-12-04
25,hru25,0.0,0.0,1.027,0.0,0.0,0.0,0.0,0.0,0.0,0.0,2019-12-04
26,hru26,0.0,0.0,1.027,0.0,0.0,0.0,0.0,0.0,0.0,0.0,2019-12-04
27,hru27,0.0,0.0,1.019,0.0,0.0,0.0,0.0,0.0,0.0,0.0,2019-12-04
28,hru28,0.0,0.0,1.021,0.0,0.0,0.0,0.0,0.0,0.0,0.0,2019-12-04
29,hru29,0.0,0.0,1.018,0.0,0.0,0.0,0.0,0.0,0.0,0.0,2019-12-04
30,hru30,0.0,0.0,1.017,0.0,0.0,0.0,0.0,0.0,0.0,0.0,2019-12-04
31,hru31,0.0,0.0,1.01,0.0,0.0,0.0,0.0,0.0,0.0,0.0,2019-12-04
32,hru32,0.0,0.0,1.023,0.0,0.0,0.0,0.0,0.0,0.0,0.0,2019-12-04
33,hru33,0.0,0.0,1.017,0.0,0.0,0.0,0.0,0.0,0.0,0.0,2019-12-04
34,hru34,0.0,0.0,1.017,0.0,0.0,0.0,0.0,0.0,0.0,0.0,2019-12-04
35,hru35,0.0,0.0,1.01,0.0,0.0,0.0,0.0,0.0,0.0,0.0,2019-12-04
36,hru36,0.0,0.0,1.017,0.0,0.0,0.0,0.0,0.0,0.0,0.0,2019-12-04
1,hru01,0.0,0.0,1.011,0.0,0.0,0.0,0.0,0.0,0.0,0.0,2019-12-05
2,hru02,0.0,0.0,1.017,0.0,0.0,0.0,0.0,0.0,0.0,0.0,2019-12-05
3,hru03,0.0,0.0,1.003,0.0,0.0,0.0,0.0,0.0,0.0,0.0,2019-12-05
4,hru04,0.0,0.0,1.008,0.0,0.0,0.0,0.0,0.0,0.0,0.0,2019-12-05
5,hru05,0.0,0.0,1.015,0.0,0.0,0.0,0.0,0.0,0.0,0.0,2019-12-05
6,hru06,0.0,0.0,1.015,0.0,0.0,0.0,0.0,0.0,0.0,0.0,2019-12-05
7,hru07,0.0,0.0,1.021,0.0,0.0,0.0,0.0,0.0,0.0,0.0,2019-12-05
8,hru08,0.0,0.0,1.003,0.0,0.0,0.0,0.0,0.0,0.0,0.0,2019-12-05
9,hru09,0.0,0.0,1.016,0.0,0.0,0.0,0.0,0.0,0.0,0.0,2019-12-05
10,hru10,0.0,0.0,1.016,0.0,0.0,0.0,0.0,0.0,0.0,0.0,2019-12-05
11,hru11,0.0,0.0,1.022,0.0,0.0,0.0,0.0,0.0,0.0,0.0,2019-12-05
12,hru12,0.0,0.0,1.02,0.0,0.0,0.0,0.0,0.0,0.0,0.0,2019-12-05
13,hru13,0.0,0.0,1.024,0.0,0.0,0.0,0.0,0.0,0.0,0.0,2019-12-05
14,hru14,0.0,0.0,1.02,0.0,0.0,0.0,0.0,0.0,0.0,0.0,2019-12-05
15,hru15,0.0,0.0,1.029,0.0,0.0,0.0,0.0,0.0,0.0,0.0,2019-12-05
16,hru16,0.0,0.0,1.019,0.0,0.0,0.0,0.0,0.0,0.0,0.0,2019-12-05
17,hru17,0.0,0.0,1.026,0.0,0.0,0.0,0.0,0.0,0.0,0.0,2019-12-05
18,hru18,0.0,0.0,1.028,0.0,0.0,0.0,0.0,0.0,0.0,0.0,2019-12-05
19,hru19,0.0,0.0,1.033,0.0,0.0,0.0,0.0,0.0,0.0,0.0,2019-12-05
20,hru20,0.0,0.0,1.028,0.0,0.0,0.0,0.0,0.0,0.0,0.0,2019-12-05
21,hru21,0.0,0.0,1.029,0.0,0.0,0.0,0.0,0.0,0.0,0.0,2019-12-05
22,hru22,0.0,0.0,1.028,0.0,0.0,0.0,0.0,0.0,0.0,0.0,2019-12-05
23,hru23,0.0,0.0,1.028,0.0,0.0,0.0,0.0,0.0,0.0,0.0,2019-12-05
24,hru24,0.0,0.0,1.028,0.0,0.0,0.0,0.0,0.0,0.0,0.0,2019-12-05
25,hru25,0.0,0.0,1.028,0.0,0.0,0.0,0.0,0.0,0.0,0.0,2019-12-05
26,hru26,0.0,0.0,1.028,0.0,0.0,0.0,0.0,0.0,0.0,0.0,2019-12-05
27,hru27,0.0,0.0,1.02,0.0,0.0,0.0,0.0,0.0,0.0,0.0,2019-12-05
28,hru28,0.0,0.0,1.022,0.0,0.0,0.0,0.0,0.0,0.0,0.0,2019-12-05
29,hru29,0.0,0.0,1.019,0.0,0.0,0.0,0.0,0.0,0.0,0.0,2019-12-05
30,hru30,0.0,0.0,1.018,0.0,0.0,0.0,0.0,0.0,0.0,0.0,2019-12-05
31,hru31,0.0,0.0,1.011,0.0,0.0,0.0,0.0,0.0,0.0,0.0,2019-12-05
32,hru32,0.0,0.0,1.024,0.0,0.0,0.0,0.0,0.0,0.0,0.0,2019-12-05
33,hru33,0.0,0.0,1.018,0.0,0.0,0.0,0.0,0.0,0.0,0.0,2019-12-05
34,hru34,0.0,0.0,1.018,0.0,0.0,0.0,0.0,0.0,0.0,0.0,2019-12-05
35,hru35,0.0,0.0,1.011,0.0,0.0,0.0,0.0,0.0,0.0,0.0,2019-12-05
36,hru36,0.0,0.0,1.018,0.0,0.0,0.0,0.0,0.0,0.0,0.0,2019-12-05
1,hru01,0.0,0.0,1.011,0.0,0.0,0.0,0.0,0.0,0.0,0.0,2019-12-06
2,hru02,0.0,0.0,1.017,0.0,0.0,0.0,0.0,0.0,0.0,0.0,2019-12-06
3,hru03,0.0,0.0,1.003,0.0,0.0,0.0,0.0,0.0,0.0,0.0,2019-12-06
4,hru04,0.0,0.0,1.008,0.0,0.0,0.0,0.0,0.0,0.0,0.0,2019-12-06
5,hru05,0.0,0.0,1.015,0.0,0.0,0.0,0.0,0.0,0.0,0.0,2019-12-06
6,hru06,0.0,0.0,1.015,0.0,0.0,0.0,0.0,0.0,0.0,0.0,2019-12-06
7,hru07,0.0,0.0,1.021,0.0,0.0,0.0,0.0,0.0,0.0,0.0,2019-12-06
8,hru08,0.0,0.0,1.003,0.0,0.0,0.0,0.0,0.0,0.0,0.0,2019-12-06
9,hru09,0.0,0.0,1.016,0.0,0.0,0.0,0.0,0.0,0.0,0.0,2019-12-06
10,hru10,0.0,0.0,1.016,0.0,0.0,0.0,0.0,0.0,0.0,0.0,2019-12-06
11,hru11,0.0,0.0,1.022,0.0,0.0,0.0,0.0,0.0,0.0,0.0,2019-12-06
12,hru12,0.0,0.0,1.02,0.0,0.0,0.0,0.0,0.0,0.0,0.0,2019-12-06
13,hru13,0.0,0.0,1.024,0.0,0.0,0.0,0.0,0.0,0.0,0.0,2019-12-06
14,hru14,0.0,0.0,1.02,0.0,0.0,0.0,0.0,0.0,0.0,0.0,2019-12-06
15,hru15,0.0,0.0,1.029,0.0,0.0,0.0,0.0,0.0,0.0,0.0,2019-12-06
16,hru16,0.0,0.0,1.019,0.0,0.0,0.0,0.0,0.0,0.0,0.0,2019-12-06
17,hru17,0.0,0.0,1.026,0.0,0.0,0.0,0.0,0.0,0.0,0.0,2019-12-06
18,hru18,0.0,0.0,1.028,0.0,0.0,0.0,0.0,0.0,0.0,0.0,2019-12-06
19,hru19,0.0,0.0,1.033,0.0,0.0,0.0,0.0,0.0,0.0,0.0,2019-12-06
20,hru20,0.0,0.0,1.028,0.0,0.0,0.0,0.0,0.0,0.0,0.0,2019-12-06
21,hru21,0.0,0.0,1.029,0.0,0.0,0.0,0.0,0.0,0.0,0.0,2019-12-06
22,hru22,0.0,0.0,1.028,0.0,0.0,0.0,0.0,0.0,0.0,0.0,2019-12-06
23,hru23,0.0,0.0,1.028,0.0,0.0,0.0,0.0,0.0,0.0,0.0,2019-12-06
24,hru24,0.0,0.0,1.028,0.0,0.0,0.0,0.0,0.0,0.0,0.0,2019-12-06
25,hru25,0.0,0.0,1.028,0.0,0.0,0.0,0.0,0.0,0.0,0.0,2019-12-06
26,hru26,0.0,0.0,1.028,0.0,0.0,0.0,0.0,0.0,0.0,0.0,2019-12-06
27,hru27,0.0,0.0,1.02,0.0,0.0,0.0,0.0,0.0,0.0,0.0,2019-12-06
28,hru28,0.0,0.0,1.022,0.0,0.0,0.0,0.0,0.0,0.0,0.0,2019-12-06
29,hru29,0.0,0.0,1.019,0.0,0.0,0.0,0.0,0.0,0.0,0.0,2019-12-06
30,hru30,0.0,0.0,1.018,0.0,0.0,0.0,0.0,0.0,0.0,0.0,2019-12-06
31,hru31,0.0,0.0,1.011,0.0,0.0,0.0,0.0,0.0,0.0,0.0,2019-12-06
32,hru32,0.0,0.0,1.024,0.0,0.0,0.0,0.0,0.0,0.0,0.0,2019-12-06
33,hru33,0.0,0.0,1.018,0.0,0.0,0.0,0.0,0.0,0.0,0.0,2019-12-06
34,hru34,0.0,0.0,1.018,0.0,0.0,0.0,0.0,0.0,0.0,0.0,2019-12-06
35,hru35,0.0,0.0,1.011,0.0,0.0,0.0,0.0,0.0,0.0,0.0,2019-12-06
36,hru36,0.0,0.0,1.018,0.0,0.0,0.0,0.0,0.0,0.0,0.0,2019-12-06
1,hru01,0.0,0.0,1.011,0.0,0.0,0.0,0.0,0.0,0.0,0.0,2019-12-07
2,hru02,0.0,0.0,1.017,0.0,0.0,0.0,0.0,0.0,0.0,0.0,2019-12-07
3,hru03,0.0,0.0,1.003,0.0,0.0,0.0,0.0,0.0,0.0,0.0,2019-12-07
4,hru04,0.0,0.0,1.008,0.0,0.0,0.0,0.0,0.0,0.0,0.0,2019-12-07
5,hru05,0.0,0.0,1.015,0.0,0.0,0.0,0.0,0.0,0.0,0.0,2019-12-07
6,hru06,0.0,0.0,1.015,0.0,0.0,0.0,0.0,0.0,0.0,0.0,2019-12-07
7,hru07,0.0,0.0,1.022,0.0,0.0,0.0,0.0,0.0,0.0,0.0,2019-12-07
8,hru08,0.0,0.0,1.003,0.0,0.0,0.0,0.0,0.0,0.0,0.0,2019-12-07
9,hru09,0.0,0.0,1.017,0.0,0.0,0.0,0.0,0.0,0.0,0.0,2019-12-07
10,hru10,0.0,0.0,1.017,0.0,0.0,0.0,0.0,0.0,0.0,0.0,2019-12-07
11,hru11,0.0,0.0,1.022,0.0,0.0,0.0,0.0,0.0,0.0,0.0,2019-12-07
12,hru12,0.0,0.0,1.02,0.0,0.0,0.0,0.0,0.0,0.0,0.0,2019-12-07
13,hru13,0.0,0.0,1.025,0.0,0.0,0.0,0.0,0.0,0.0,0.0,2019-12-07
14,hru14,0.0,0.0,1.02,0.0,0.0,0.0,0.0,0.0,0.0,0.0,2019-12-07
15,hru15,0.0,0.0,1.029,0.0,0.0,0.0,0.0,0.0,0.0,0.0,2019-12-07
16,hru16,0.0,0.0,1.019,0.0,0.0,0.0,0.0,0.0,0.0,0.0,2019-12-07
17,hru17,0.0,0.0,1.027,0.0,0.0,0.0,0.0,0.0,0.0,0.0,2019-12-07
18,hru18,0.0,0.0,1.029,0.0,0.0,0.0,0.0,0.0,0.0,0.0,2019-12-07
19,hru19,0.0,0.0,1.033,0.0,0.0,0.0,0.0,0.0,0.0,0.0,2019-12-07
20,hru20,0.0,0.0,1.029,0.0,0.0,0.0,0.0,0.0,0.0,0.0,2019-12-07
21,hru21,0.0,0.0,1.029,0.0,0.0,0.0,0.0,0.0,0.0,0.0,2019-12-07
22,hru22,0.0,0.0,1.029,0.0,0.0,0.0,0.0,0.0,0.0,0.0,2019-12-07
23,hru23,0.0,0.0,1.029,0.0,0.0,0.0,0.0,0.0,0.0,0.0,2019-12-07
24,hru24,0.0,0.0,1.029,0.0,0.0,0.0,0.0,0.0,0.0,0.0,2019-12-07
25,hru25,0.0,0.0,1.029,0.0,0.0,0.0,0.0,0.0,0.0,0.0,2019-12-07
26,hru26,0.0,0.0,1.029,0.0,0.0,0.0,0.0,0.0,0.0,0.0,2019-12-07
27,hru27,0.0,0.0,1.021,0.0,0.0,0.0,0.0,0.0,0.0,0.0,2019-12-07
28,hru28,0.0,0.0,1.022,0.0,0.0,0.0,0.0,0.0,0.0,0.0,2019-12-07
29,hru29,0.0,0.0,1.02,0.0,0.0,0.0,0.0,0.0,0.0,0.0,2019-12-07
30,hru30,0.0,0.0,1.019,0.0,0.0,0.0,0.0,0.0,0.0,0.0,2019-12-07
31,hru31,0.0,0.0,1.011,0.0,0.0,0.0,0.0,0.0,0.0,0.0,2019-12-07
32,hru32,0.0,0.0,1.025,0.0,0.0,0.0,0.0,0.0,0.0,0.0,2019-12-07
33,hru33,0.0,0.0,1.018,0.0,0.0,0.0,0.0,0.0,0.0,0.0,2019-12-07
34,hru34,0.0,0.0,1.018,0.0,0.0,0.0,0.0,0.0,0.0,0.0,2019-12-07
35,hru35,0.0,0.0,1.012,0.0,0.0,0.0,0.0,0.0,0.0,0.0,2019-12-07
36,hru36,0.0,0.0,1.018,0.0,0.0,0.0,0.0,0.0,0.0,0.0,2019-12-07
1,hru01,0.0,0.0,1.012,0.0,0.0,0.0,0.0,0.0,0.0,0.0,2019-12-08
2,hru02,0.0,0.0,1.018,0.0,0.0,0.0,0.0,0.0,0.0,0.0,2019-12-08
3,hru03,0.0,0.0,1.004,0.0,0.0,0.0,0.0,0.0,0.0,0.0,2019-12-08
4,hru04,0.0,0.0,1.009,0.0,0.0,0.0,0.0,0.0,0.0,0.0,2019-12-08
5,hru05,0.0,0.0,1.016,0.0,0.0,0.0,0.0,0.0,0.0,0.0,2019-12-08
6,hru06,0.0,0.0,1.016,0.0,0.0,0.0,0.0,0.0,0.0,0.0,2019-12-08
7,hru07,0.0,0.0,1.023,0.0,0.0,0.0,0.0,0.0,0.0,0.0,2019-12-08
8,hru08,0.0,0.0,1.004,0.0,0.0,0.0,0.0,0.0,0.0,0.0,2019-12-08
9,hru09,0.0,0.0,1.018,0.0,0.0,0.0,0.0,0.0,0.0,0.0,2019-12-08
10,hru10,0.0,0.0,1.018,0.0,0.0,0.0,0.0,0.0,0.0,0.0,2019-12-08
11,hru11,0.0,0.0,1.023,0.0,0.0,0.0,0.0,0.0,0.0,0.0,2019-12-08
12,hru12,0.0,0.0,1.021,0.0,0.0,0.0,0.0,0.0,0.0,0.0,2019-12-08
13,hru13,0.0,0.0,1.026,0.0,0.0,0.0,0.0,0.0,0.0,0.0,2019-12-08
14,hru14,0.0,0.0,1.021,0.0,0.0,0.0,0.0,0.0,0.0,0.0,2019-12-08
15,hru15,0.0,0.0,1.03,0.0,0.0,0.0,0.0,0.0,0.0,0.0,2019-12-08
16,hru16,0.0,0.0,1.02,0.0,0.0,0.0,0.0,0.0,0.0,0.0,2019-12-08
17,hru17,0.0,0.0,1.027,0.0,0.0,0.0,0.0,0.0,0.0,0.0,2019-12-08
18,hru18,0.0,0.0,1.03,0.0,0.0,0.0,0.0,0.0,0.0,0.0,2019-12-08
19,hru19,0.0,0.0,1.034,0.0,0.0,0.0,0.0,0.0,0.0,0.0,2019-12-08
20,hru20,0.0,0.0,1.03,0.0,0.0,0.0,0.0,0.0,0.0,0.0,2019-12-08
21,hru21,0.0,0.0,1.03,0.0,0.0,0.0,0.0,0.0,0.0,0.0,2019-12-08
22,hru22,0.0,0.0,1.03,0.0,0.0,0.0,0.0,0.0,0.0,0.0,2019-12-08
23,hru23,0.0,0.0,1.03,0.0,0.0,0.0,0.0,0.0,0.0,0.0,2019-12-08
24,hru24,0.0,0.0,1.03,0.0,0.0,0.0,0.0,0.0,0.0,0.0,2019-12-08
25,hru25,0.0,0.0,1.03,0.0,0.0,0.0,0.0,0.0,0.0,0.0,2019-12-08
26,hru26,0.0,0.0,1.03,0.0,0.0,0.0,0.0,0.0,0.0,0.0,2019-12-08
27,hru27,0.0,0.0,1.022,0.0,0.0,0.0,0.0,0.0,0.0,0.0,2019-12-08
28,hru28,0.0,0.0,1.023,0.0,0.0,0.0,0.0,0.0,0.0,0.0,2019-12-08
29,hru29,0.0,0.0,1.021,0.0,0.0,0.0,0.0,0.0,0.0,0.0,2019-12-08
30,hru30,0.0,0.0,1.02,0.0,0.0,0.0,0.0,0.0,0.0,0.0,2019-12-08
31,hru31,0.0,0.0,1.012,0.0,0.0,0.0,0.0,0.0,0.0,0.0,2019-12-08
32,hru32,0.0,0.0,1.026,0.0,0.0,0.0,0.0,0.0,0.0,0.0,2019-12-08
33,hru33,0.0,0.0,1.019,0.0,0.0,0.0,0.0,0.0,0.0,0.0,2019-12-08
34,hru34,0.0,0.0,1.019,0.0,0.0,0.0,0.0,0.0,0.0,0.0,2019-12-08
35,hru35,0.0,0.0,1.012,0.0,0.0,0.0,0.0,0.0,0.0,0.0,2019-12-08
36,hru36,0.0,0.0,1.019,0.0,0.0,0.0,0.0,0.0,0.0,0.0,2019-12-08
1,hru01,0.0,0.0,1.012,0.0,0.0,0.0,0.0,0.0,0.0,0.0,2019-12-09
2,hru02,0.0,0.0,1.018,0.0,0.0,0.0,0.0,0.0,0.0,0.0,2019-12-09
3,hru03,0.0,0.0,1.004,0.0,0.0,0.0,0.0,0.0,0.0,0.0,2019-12-09
4,hru04,0.0,0.0,1.009,0.0,0.0,0.0,0.0,0.0,0.0,0.0,2019-12-09
5,hru05,0.0,0.0,1.016,0.0,0.0,0.0,0.0,0.0,0.0,0.0,2019-12-09
6,hru06,0.0,0.0,1.016,0.0,0.0,0.0,0.0,0.0,0.0,0.0,2019-12-09
7,hru07,0.0,0.0,1.023,0.0,0.0,0.0,0.0,0.0,0.0,0.0,2019-12-09
8,hru08,0.0,0.0,1.004,0.0,0.0,0.0,0.0,0.0,0.0,0.0,2019-12-09
9,hru09,0.0,0.0,1.018,0.0,0.0,0.0,0.0,0.0,0.0,0.0,2019-12-09
10,hru10,0.0,0.0,1.018,0.0,0.0,0.0,0.0,0.0,0.0,0.0,2019-12-09
11,hru11,0.0,0.0,1.023,0.0,0.0,0.0,0.0,0.0,0.0,0.0,2019-12-09
12,hru12,0.0,0.0,1.021,0.0,0.0,0.0,0.0,0.0,0.0,0.0,2019-12-09
13,hru13,0.0,0.0,1.026,0.0,0.0,0.0,0.0,0.0,0.0,0.0,2019-12-09
14,hru14,0.0,0.0,1.021,0.0,0.0,0.0,0.0,0.0,0.0,0.0,2019-12-09
15,hru15,0.0,0.0,1.03,0.0,0.0,0.0,0.0,0.0,0.0,0.0,2019-12-09
16,hru16,0.0,0.0,1.02,0.0,0.0,0.0,0.0,0.0,0.0,0.0,2019-12-09
17,hru17,0.0,0.0,1.027,0.0,0.0,0.0,0.0,0.0,0.0,0.0,2019-12-09
18,hru18,0.0,0.0,1.03,0.0,0.0,0.0,0.0,0.0,0.0,0.0,2019-12-09
19,hru19,0.0,0.0,1.034,0.0,0.0,0.0,0.0,0.0,0.0,0.0,2019-12-09
20,hru20,0.0,0.0,1.03,0.0,0.0,0.0,0.0,0.0,0.0,0.0,2019-12-09
21,hru21,0.0,0.0,1.03,0.0,0.0,0.0,0.0,0.0,0.0,0.0,2019-12-09
22,hru22,0.0,0.0,1.03,0.0,0.0,0.0,0.0,0.0,0.0,0.0,2019-12-09
23,hru23,0.0,0.0,1.03,0.0,0.0,0.0,0.0,0.0,0.0,0.0,2019-12-09
24,hru24,0.0,0.0,1.03,0.0,0.0,0.0,0.0,0.0,0.0,0.0,2019-12-09
25,hru25,0.0,0.0,1.03,0.0,0.0,0.0,0.0,0.0,0.0,0.0,2019-12-09
26,hru26,0.0,0.0,1.03,0.0,0.0,0.0,0.0,0.0,0.0,0.0,2019-12-09
27,hru27,0.0,0.0,1.022,0.0,0.0,0.0,0.0,0.0,0.0,0.0,2019-12-09
28,hru28,0.0,0.0,1.023,0.0,0.0,0.0,0.0,0.0,0.0,0.0,2019-12-09
29,hru29,0.0,0.0,1.021,0.0,0.0,0.0,0.0,0.0,0.0,0.0,2019-12-09
30,hru30,0.0,0.0,1.02,0.0,0.0,0.0,0.0,0.0,0.0,0.0,2019-12-09
31,hru31,0.0,0.0,1.012,0.0,0.0,0.0,0.0,0.0,0.0,0.0,2019-12-09
32,hru32,0.0,0.0,1.026,0.0,0.0,0.0,0.0,0.0,0.0,0.0,2019-12-09
33,hru33,0.0,0.0,1.019,0.0,0.0,0.0,0.0,0.0,0.0,0.0,2019-12-09
34,hru34,0.0,0.0,1.019,0.0,0.0,0.0,0.0,0.0,0.0,0.0,2019-12-09
35,hru35,0.0,0.0,1.012,0.0,0.0,0.0,0.0,0.0,0.0,0.0,2019-12-09
36,hru36,0.0,0.0,1.019,0.0,0.0,0.0,0.0,0.0,0.0,0.0,2019-12-09
1,hru01,0.0,0.0,1.012,0.0,0.0,0.0,0.0,0.0,0.0,0.0,2019-12-10
2,hru02,0.0,0.0,1.018,0.0,0.0,0.0,0.0,0.0,0.0,0.0,2019-12-10
3,hru03,0.0,0.0,1.004,0.0,0.0,0.0,0.0,0.0,0.0,0.0,2019-12-10
4,hru04,0.0,0.0,1.009,0.0,0.0,0.0,0.0,0.0,0.0,0.0,2019-12-10
5,hru05,0.0,0.0,1.016,0.0,0.0,0.0,0.0,0.0,0.0,0.0,2019-12-10
6,hru06,0.0,0.0,1.016,0.0,0.0,0.0,0.0,0.0,0.0,0.0,2019-12-10
7,hru07,0.0,0.0,1.023,0.0,0.0,0.0,0.0,0.0,0.0,0.0,2019-12-10
8,hru08,0.0,0.0,1.004,0.0,0.0,0.0,0.0,0.0,0.0,0.0,2019-12-10
9,hru09,0.0,0.0,1.018,0.0,0.0,0.0,0.0,0.0,0.0,0.0,2019-12-10
10,hru10,0.0,0.0,1.018,0.0,0.0,0.0,0.0,0.0,0.0,0.0,2019-12-10
11,hru11,0.0,0.0,1.023,0.0,0.0,0.0,0.0,0.0,0.0,0.0,2019-12-10
12,hru12,0.0,0.0,1.021,0.0,0.0,0.0,0.0,0.0,0.0,0.0,2019-12-10
13,hru13,0.0,0.0,1.026,0.0,0.0,0.0,0.0,0.0,0.0,0.0,2019-12-10
14,hru14,0.0,0.0,1.021,0.0,0.0,0.0,0.0,0.0,0.0,0.0,2019-12-10
15,hru15,0.0,0.0,1.03,0.0,0.0,0.0,0.0,0.0,0.0,0.0,2019-12-10
16,hru16,0.0,0.0,1.02,0.0,0.0,0.0,0.0,0.0,0.0,0.0,2019-12-10
17,hru17,0.0,0.0,1.027,0.0,0.0,0.0,0.0,0.0,0.0,0.0,2019-12-10
18,hru18,0.0,0.0,1.03,0.0,0.0,0.0,0.0,0.0,0.0,0.0,2019-12-10
19,hru19,0.0,0.0,1.034,0.0,0.0,0.0,0.0,0.0,0.0,0.0,2019-12-10
20,hru20,0.0,0.0,1.03,0.0,0.0,0.0,0.0,0.0,0.0,0.0,2019-12-10
21,hru21,0.0,0.0,1.03,0.0,0.0,0.0,0.0,0.0,0.0,0.0,2019-12-10
22,hru22,0.0,0.0,1.03,0.0,0.0,0.0,0.0,0.0,0.0,0.0,2019-12-10
23,hru23,0.0,0.0,1.03,0.0,0.0,0.0,0.0,0.0,0.0,0.0,2019-12-10
24,hru24,0.0,0.0,1.03,0.0,0.0,0.0,0.0,0.0,0.0,0.0,2019-12-10
25,hru25,0.0,0.0,1.03,0.0,0.0,0.0,0.0,0.0,0.0,0.0,2019-12-10
26,hru26,0.0,0.0,1.03,0.0,0.0,0.0,0.0,0.0,0.0,0.0,2019-12-10
27,hru27,0.0,0.0,1.022,0.0,0.0,0.0,0.0,0.0,0.0,0.0,2019-12-10
28,hru28,0.0,0.0,1.023,0.0,0.0,0.0,0.0,0.0,0.0,0.0,2019-12-10
29,hru29,0.0,0.0,1.021,0.0,0.0,0.0,0.0,0.0,0.0,0.0,2019-12-10
30,hru30,0.0,0.0,1.02,0.0,0.0,0.0,0.0,0.0,0.0,0.0,2019-12-10
31,hru31,0.0,0.0,1.012,0.0,0.0,0.0,0.0,0.0,0.0,0.0,2019-12-10
32,hru32,0.0,0.0,1.026,0.0,0.0,0.0,0.0,0.0,0.0,0.0,2019-12-10
33,hru33,0.0,0.0,1.019,0.0,0.0,0.0,0.0,0.0,0.0,0.0,2019-12-10
34,hru34,0.0,0.0,1.019,0.0,0.0,0.0,0.0,0.0,0.0,0.0,2019-12-10
35,hru35,0.0,0.0,1.012,0.0,0.0,0.0,0.0,0.0,0.0,0.0,2019-12-10
36,hru36,0.0,0.0,1.019,0.0,0.0,0.0,0.0,0.0,0.0,0.0,2019-12-10
1,hru01,0.0,0.0,1.012,0.0,0.0,0.0,0.0,0.0,0.0,0.0,2019-12-11
2,hru02,0.0,0.0,1.018,0.0,0.0,0.0,0.0,0.0,0.0,0.0,2019-12-11
3,hru03,0.0,0.0,1.004,0.0,0.0,0.0,0.0,0.0,0.0,0.0,2019-12-11
4,hru04,0.0,0.0,1.009,0.0,0.0,0.0,0.0,0.0,0.0,0.0,2019-12-11
5,hru05,0.0,0.0,1.016,0.0,0.0,0.0,0.0,0.0,0.0,0.0,2019-12-11
6,hru06,0.0,0.0,1.016,0.0,0.0,0.0,0.0,0.0,0.0,0.0,2019-12-11
7,hru07,0.0,0.0,1.023,0.0,0.0,0.0,0.0,0.0,0.0,0.0,2019-12-11
8,hru08,0.0,0.0,1.004,0.0,0.0,0.0,0.0,0.0,0.0,0.0,2019-12-11
9,hru09,0.0,0.0,1.018,0.0,0.0,0.0,0.0,0.0,0.0,0.0,2019-12-11
10,hru10,0.0,0.0,1.018,0.0,0.0,0.0,0.0,0.0,0.0,0.0,2019-12-11
11,hru11,0.0,0.0,1.023,0.0,0.0,0.0,0.0,0.0,0.0,0.0,2019-12-11
12,hru12,0.0,0.0,1.021,0.0,0.0,0.0,0.0,0.0,0.0,0.0,2019-12-11
13,hru13,0.0,0.0,1.026,0.0,0.0,0.0,0.0,0.0,0.0,0.0,2019-12-11
14,hru14,0.0,0.0,1.021,0.0,0.0,0.0,0.0,0.0,0.0,0.0,2019-12-11
15,hru15,0.0,0.0,1.03,0.0,0.0,0.0,0.0,0.0,0.0,0.0,2019-12-11
16,hru16,0.0,0.0,1.02,0.0,0.0,0.0,0.0,0.0,0.0,0.0,2019-12-11
17,hru17,0.0,0.0,1.027,0.0,0.0,0.0,0.0,0.0,0.0,0.0,2019-12-11
18,hru18,0.0,0.0,1.03,0.0,0.0,0.0,0.0,0.0,0.0,0.0,2019-12-11
19,hru19,0.0,0.0,1.034,0.0,0.0,0.0,0.0,0.0,0.0,0.0,2019-12-11
20,hru20,0.0,0.0,1.03,0.0,0.0,0.0,0.0,0.0,0.0,0.0,2019-12-11
21,hru21,0.0,0.0,1.03,0.0,0.0,0.0,0.0,0.0,0.0,0.0,2019-12-11
22,hru22,0.0,0.0,1.03,0.0,0.0,0.0,0.0,0.0,0.0,0.0,2019-12-11
23,hru23,0.0,0.0,1.03,0.0,0.0,0.0,0.0,0.0,0.0,0.0,2019-12-11
24,hru24,0.0,0.0,1.03,0.0,0.0,0.0,0.0,0.0,0.0,0.0,2019-12-11
25,hru25,0.0,0.0,1.03,0.0,0.0,0.0,0.0,0.0,0.0,0.0,2019-12-11
26,hru26,0.0,0.0,1.03,0.0,0.0,0.0,0.0,0.0,0.0,0.0,2019-12-11
27,hru27,0.0,0.0,1.022,0.0,0.0,0.0,0.0,0.0,0.0,0.0,2019-12-11
28,hru28,0.0,0.0,1.023,0.0,0.0,0.0,0.0,0.0,0.0,0.0,2019-12-11
29,hru29,0.0,0.0,1.021,0.0,0.0,0.0,0.0,0.0,0.0,0.0,2019-12-11
30,hru30,0.0,0.0,1.02,0.0,0.0,0.0,0.0,0.0,0.0,0.0,2019-12-11
31,hru31,0.0,0.0,1.012,0.0,0.0,0.0,0.0,0.0,0.0,0.0,2019-12-11
32,hru32,0.0,0.0,1.026,0.0,0.0,0.0,0.0,0.0,0.0,0.0,2019-12-11
33,hru33,0.0,0.0,1.019,0.0,0.0,0.0,0.0,0.0,0.0,0.0,2019-12-11
34,hru34,0.0,0.0,1.019,0.0,0.0,0.0,0.0,0.0,0.0,0.0,2019-12-11
35,hru35,0.0,0.0,1.012,0.0,0.0,0.0,0.0,0.0,0.0,0.0,2019-12-11
36,hru36,0.0,0.0,1.019,0.0,0.0,0.0,0.0,0.0,0.0,0.0,2019-12-11
1,hru01,0.0,0.0,1.012,0.0,0.0,0.0,0.0,0.0,0.0,0.0,2019-12-12
2,hru02,0.0,0.0,1.018,0.0,0.0,0.0,0.0,0.0,0.0,0.0,2019-12-12
3,hru03,0.0,0.0,1.004,0.0,0.0,0.0,0.0,0.0,0.0,0.0,2019-12-12
4,hru04,0.0,0.0,1.009,0.0,0.0,0.0,0.0,0.0,0.0,0.0,2019-12-12
5,hru05,0.0,0.0,1.016,0.0,0.0,0.0,0.0,0.0,0.0,0.0,2019-12-12
6,hru06,0.0,0.0,1.016,0.0,0.0,0.0,0.0,0.0,0.0,0.0,2019-12-12
7,hru07,0.0,0.0,1.023,0.0,0.0,0.0,0.0,0.0,0.0,0.0,2019-12-12
8,hru08,0.0,0.0,1.004,0.0,0.0,0.0,0.0,0.0,0.0,0.0,2019-12-12
9,hru09,0.0,0.0,1.018,0.0,0.0,0.0,0.0,0.0,0.0,0.0,2019-12-12
10,hru10,0.0,0.0,1.018,0.0,0.0,0.0,0.0,0.0,0.0,0.0,2019-12-12
11,hru11,0.0,0.0,1.023,0.0,0.0,0.0,0.0,0.0,0.0,0.0,2019-12-12
12,hru12,0.0,0.0,1.021,0.0,0.0,0.0,0.0,0.0,0.0,0.0,2019-12-12
13,hru13,0.0,0.0,1.026,0.0,0.0,0.0,0.0,0.0,0.0,0.0,2019-12-12
14,hru14,0.0,0.0,1.021,0.0,0.0,0.0,0.0,0.0,0.0,0.0,2019-12-12
15,hru15,0.0,0.0,1.03,0.0,0.0,0.0,0.0,0.0,0.0,0.0,2019-12-12
16,hru16,0.0,0.0,1.02,0.0,0.0,0.0,0.0,0.0,0.0,0.0,2019-12-12
17,hru17,0.0,0.0,1.027,0.0,0.0,0.0,0.0,0.0,0.0,0.0,2019-12-12
18,hru18,0.0,0.0,1.03,0.0,0.0,0.0,0.0,0.0,0.0,0.0,2019-12-12
19,hru19,0.0,0.0,1.034,0.0,0.0,0.0,0.0,0.0,0.0,0.0,2019-12-12
20,hru20,0.0,0.0,1.03,0.0,0.0,0.0,0.0,0.0,0.0,0.0,2019-12-12
21,hru21,0.0,0.0,1.03,0.0,0.0,0.0,0.0,0.0,0.0,0.0,2019-12-12
22,hru22,0.0,0.0,1.03,0.0,0.0,0.0,0.0,0.0,0.0,0.0,2019-12-12
23,hru23,0.0,0.0,1.03,0.0,0.0,0.0,0.0,0.0,0.0,0.0,2019-12-12
24,hru24,0.0,0.0,1.03,0.0,0.0,0.0,0.0,0.0,0.0,0.0,2019-12-12
25,hru25,0.0,0.0,1.03,0.0,0.0,0.0,0.0,0.0,0.0,0.0,2019-12-12
26,hru26,0.0,0.0,1.03,0.0,0.0,0.0,0.0,0.0,0.0,0.0,2019-12-12
27,hru27,0.0,0.0,1.022,0.0,0.0,0.0,0.0,0.0,0.0,0.0,2019-12-12
28,hru28,0.0,0.0,1.023,0.0,0.0,0.0,0.0,0.0,0.0,0.0,2019-12-12
29,hru29,0.0,0.0,1.021,0.0,0.0,0.0,0.0,0.0,0.0,0.0,2019-12-12
30,hru30,0.0,0.0,1.02,0.0,0.0,0.0,0.0,0.0,0.0,0.0,2019-12-12
31,hru31,0.0,0.0,1.012,0.0,0.0,0.0,0.0,0.0,0.0,0.0,2019-12-12
32,hru32,0.0,0.0,1.026,0.0,0.0,0.0,0.0,0.0,0.0,0.0,2019-12-12
33,hru33,0.0,0.0,1.019,0.0,0.0,0.0,0.0,0.0,0.0,0.0,2019-12-12
34,hru34,0.0,0.0,1.019,0.0,0.0,0.0,0.0,0.0,0.0,0.0,2019-12-12
35,hru35,0.0,0.0,1.012,0.0,0.0,0.0,0.0,0.0,0.0,0.0,2019-12-12
36,hru36,0.0,0.0,1.019,0.0,0.0,0.0,0.0,0.0,0.0,0.0,2019-12-12
1,hru01,0.0,0.0,1.012,0.0,0.0,0.0,0.0,0.0,0.0,0.0,2019-12-13
2,hru02,0.0,0.0,1.018,0.0,0.0,0.0,0.0,0.0,0.0,0.0,2019-12-13
3,hru03,0.0,0.0,1.004,0.0,0.0,0.0,0.0,0.0,0.0,0.0,2019-12-13
4,hru04,0.0,0.0,1.009,0.0,0.0,0.0,0.0,0.0,0.0,0.0,2019-12-13
5,hru05,0.0,0.0,1.016,0.0,0.0,0.0,0.0,0.0,0.0,0.0,2019-12-13
6,hru06,0.0,0.0,1.016,0.0,0.0,0.0,0.0,0.0,0.0,0.0,2019-12-13
7,hru07,0.0,0.0,1.023,0.0,0.0,0.0,0.0,0.0,0.0,0.0,2019-12-13
8,hru08,0.0,0.0,1.004,0.0,0.0,0.0,0.0,0.0,0.0,0.0,2019-12-13
9,hru09,0.0,0.0,1.018,0.0,0.0,0.0,0.0,0.0,0.0,0.0,2019-12-13
10,hru10,0.0,0.0,1.018,0.0,0.0,0.0,0.0,0.0,0.0,0.0,2019-12-13
11,hru11,0.0,0.0,1.023,0.0,0.0,0.0,0.0,0.0,0.0,0.0,2019-12-13
12,hru12,0.0,0.0,1.021,0.0,0.0,0.0,0.0,0.0,0.0,0.0,2019-12-13
13,hru13,0.0,0.0,1.026,0.0,0.0,0.0,0.0,0.0,0.0,0.0,2019-12-13
14,hru14,0.0,0.0,1.021,0.0,0.0,0.0,0.0,0.0,0.0,0.0,2019-12-13
15,hru15,0.0,0.0,1.03,0.0,0.0,0.0,0.0,0.0,0.0,0.0,2019-12-13
16,hru16,0.0,0.0,1.02,0.0,0.0,0.0,0.0,0.0,0.0,0.0,2019-12-13
17,hru17,0.0,0.0,1.027,0.0,0.0,0.0,0.0,0.0,0.0,0.0,2019-12-13
18,hru18,0.0,0.0,1.03,0.0,0.0,0.0,0.0,0.0,0.0,0.0,2019-12-13
19,hru19,0.0,0.0,1.034,0.0,0.0,0.0,0.0,0.0,0.0,0.0,2019-12-13
20,hru20,0.0,0.0,1.03,0.0,0.0,0.0,0.0,0.0,0.0,0.0,2019-12-13
21,hru21,0.0,0.0,1.03,0.0,0.0,0.0,0.0,0.0,0.0,0.0,2019-12-13
22,hru22,0.0,0.0,1.03,0.0,0.0,0.0,0.0,0.0,0.0,0.0,2019-12-13
23,hru23,0.0,0.0,1.03,0.0,0.0,0.0,0.0,0.0,0.0,0.0,2019-12-13
24,hru24,0.0,0.0,1.03,0.0,0.0,0.0,0.0,0.0,0.0,0.0,2019-12-13
25,hru25,0.0,0.0,1.03,0.0,0.0,0.0,0.0,0.0,0.0,0.0,2019-12-13
26,hru26,0.0,0.0,1.03,0.0,0.0,0.0,0.0,0.0,0.0,0.0,2019-12-13
27,hru27,0.0,0.0,1.022,0.0,0.0,0.0,0.0,0.0,0.0,0.0,2019-12-13
28,hru28,0.0,0.0,1.023,0.0,0.0,0.0,0.0,0.0,0.0,0.0,2019-12-13
29,hru29,0.0,0.0,1.021,0.0,0.0,0.0,0.0,0.0,0.0,0.0,2019-12-13
30,hru30,0.0,0.0,1.02,0.0,0.0,0.0,0.0,0.0,0.0,0.0,2019-12-13
31,hru31,0.0,0.0,1.012,0.0,0.0,0.0,0.0,0.0,0.0,0.0,2019-12-13
32,hru32,0.0,0.0,1.026,0.0,0.0,0.0,0.0,0.0,0.0,0.0,2019-12-13
33,hru33,0.0,0.0,1.019,0.0,0.0,0.0,0.0,0.0,0.0,0.0,2019-12-13
34,hru34,0.0,0.0,1.019,0.0,0.0,0.0,0.0,0.0,0.0,0.0,2019-12-13
35,hru35,0.0,0.0,1.012,0.0,0.0,0.0,0.0,0.0,0.0,0.0,2019-12-13
36,hru36,0.0,0.0,1.019,0.0,0.0,0.0,0.0,0.0,0.0,0.0,2019-12-13
1,hru01,0.0,0.0,1.012,0.0,0.0,0.0,0.0,0.0,0.0,0.0,2019-12-14
2,hru02,0.0,0.0,1.018,0.0,0.0,0.0,0.0,0.0,0.0,0.0,2019-12-14
3,hru03,0.0,0.0,1.004,0.0,0.0,0.0,0.0,0.0,0.0,0.0,2019-12-14
4,hru04,0.0,0.0,1.009,0.0,0.0,0.0,0.0,0.0,0.0,0.0,2019-12-14
5,hru05,0.0,0.0,1.016,0.0,0.0,0.0,0.0,0.0,0.0,0.0,2019-12-14
6,hru06,0.0,0.0,1.016,0.0,0.0,0.0,0.0,0.0,0.0,0.0,2019-12-14
7,hru07,0.0,0.0,1.023,0.0,0.0,0.0,0.0,0.0,0.0,0.0,2019-12-14
8,hru08,0.0,0.0,1.004,0.0,0.0,0.0,0.0,0.0,0.0,0.0,2019-12-14
9,hru09,0.0,0.0,1.018,0.0,0.0,0.0,0.0,0.0,0.0,0.0,2019-12-14
10,hru10,0.0,0.0,1.018,0.0,0.0,0.0,0.0,0.0,0.0,0.0,2019-12-14
11,hru11,0.0,0.0,1.023,0.0,0.0,0.0,0.0,0.0,0.0,0.0,2019-12-14
12,hru12,0.0,0.0,1.021,0.0,0.0,0.0,0.0,0.0,0.0,0.0,2019-12-14
13,hru13,0.0,0.0,1.026,0.0,0.0,0.0,0.0,0.0,0.0,0.0,2019-12-14
14,hru14,0.0,0.0,1.021,0.0,0.0,0.0,0.0,0.0,0.0,0.0,2019-12-14
15,hru15,0.0,0.0,1.03,0.0,0.0,0.0,0.0,0.0,0.0,0.0,2019-12-14
16,hru16,0.0,0.0,1.02,0.0,0.0,0.0,0.0,0.0,0.0,0.0,2019-12-14
17,hru17,0.0,0.0,1.027,0.0,0.0,0.0,0.0,0.0,0.0,0.0,2019-12-14
18,hru18,0.0,0.0,1.03,0.0,0.0,0.0,0.0,0.0,0.0,0.0,2019-12-14
19,hru19,0.0,0.0,1.034,0.0,0.0,0.0,0.0,0.0,0.0,0.0,2019-12-14
20,hru20,0.0,0.0,1.03,0.0,0.0,0.0,0.0,0.0,0.0,0.0,2019-12-14
21,hru21,0.0,0.0,1.03,0.0,0.0,0.0,0.0,0.0,0.0,0.0,2019-12-14
22,hru22,0.0,0.0,1.03,0.0,0.0,0.0,0.0,0.0,0.0,0.0,2019-12-14
23,hru23,0.0,0.0,1.03,0.0,0.0,0.0,0.0,0.0,0.0,0.0,2019-12-14
24,hru24,0.0,0.0,1.03,0.0,0.0,0.0,0.0,0.0,0.0,0.0,2019-12-14
25,hru25,0.0,0.0,1.03,0.0,0.0,0.0,0.0,0.0,0.0,0.0,2019-12-14
26,hru26,0.0,0.0,1.03,0.0,0.0,0.0,0.0,0.0,0.0,0.0,2019-12-14
27,hru27,0.0,0.0,1.022,0.0,0.0,0.0,0.0,0.0,0.0,0.0,2019-12-14
28,hru28,0.0,0.0,1.023,0.0,0.0,0.0,0.0,0.0,0.0,0.0,2019-12-14
29,hru29,0.0,0.0,1.021,0.0,0.0,0.0,0.0,0.0,0.0,0.0,2019-12-14
30,hru30,0.0,0.0,1.02,0.0,0.0,0.0,0.0,0.0,0.0,0.0,2019-12-14
31,hru31,0.0,0.0,1.012,0.0,0.0,0.0,0.0,0.0,0.0,0.0,2019-12-14
32,hru32,0.0,0.0,1.026,0.0,0.0,0.0,0.0,0.0,0.0,0.0,2019-12-14
33,hru33,0.0,0.0,1.019,0.0,0.0,0.0,0.0,0.0,0.0,0.0,2019-12-14
34,hru34,0.0,0.0,1.019,0.0,0.0,0.0,0.0,0.0,0.0,0.0,2019-12-14
35,hru35,0.0,0.0,1.012,0.0,0.0,0.0,0.0,0.0,0.0,0.0,2019-12-14
36,hru36,0.0,0.0,1.019,0.0,0.0,0.0,0.0,0.0,0.0,0.0,2019-12-14
1,hru01,0.0,0.0,1.012,0.0,0.0,0.0,0.0,0.0,0.0,0.0,2019-12-15
2,hru02,0.0,0.0,1.018,0.0,0.0,0.0,0.0,0.0,0.0,0.0,2019-12-15
3,hru03,0.0,0.0,1.004,0.0,0.0,0.0,0.0,0.0,0.0,0.0,2019-12-15
4,hru04,0.0,0.0,1.009,0.0,0.0,0.0,0.0,0.0,0.0,0.0,2019-12-15
5,hru05,0.0,0.0,1.016,0.0,0.0,0.0,0.0,0.0,0.0,0.0,2019-12-15
6,hru06,0.0,0.0,1.016,0.0,0.0,0.0,0.0,0.0,0.0,0.0,2019-12-15
7,hru07,0.0,0.0,1.023,0.0,0.0,0.0,0.0,0.0,0.0,0.0,2019-12-15
8,hru08,0.0,0.0,1.004,0.0,0.0,0.0,0.0,0.0,0.0,0.0,2019-12-15
9,hru09,0.0,0.0,1.018,0.0,0.0,0.0,0.0,0.0,0.0,0.0,2019-12-15
10,hru10,0.0,0.0,1.018,0.0,0.0,0.0,0.0,0.0,0.0,0.0,2019-12-15
11,hru11,0.0,0.0,1.023,0.0,0.0,0.0,0.0,0.0,0.0,0.0,2019-12-15
12,hru12,0.0,0.0,1.021,0.0,0.0,0.0,0.0,0.0,0.0,0.0,2019-12-15
13,hru13,0.0,0.0,1.026,0.0,0.0,0.0,0.0,0.0,0.0,0.0,2019-12-15
14,hru14,0.0,0.0,1.021,0.0,0.0,0.0,0.0,0.0,0.0,0.0,2019-12-15
15,hru15,0.0,0.0,1.03,0.0,0.0,0.0,0.0,0.0,0.0,0.0,2019-12-15
16,hru16,0.0,0.0,1.02,0.0,0.0,0.0,0.0,0.0,0.0,0.0,2019-12-15
17,hru17,0.0,0.0,1.027,0.0,0.0,0.0,0.0,0.0,0.0,0.0,2019-12-15
18,hru18,0.0,0.0,1.03,0.0,0.0,0.0,0.0,0.0,0.0,0.0,2019-12-15
19,hru19,0.0,0.0,1.034,0.0,0.0,0.0,0.0,0.0,0.0,0.0,2019-12-15
20,hru20,0.0,0.0,1.03,0.0,0.0,0.0,0.0,0.0,0.0,0.0,2019-12-15
21,hru21,0.0,0.0,1.03,0.0,0.0,0.0,0.0,0.0,0.0,0.0,2019-12-15
22,hru22,0.0,0.0,1.03,0.0,0.0,0.0,0.0,0.0,0.0,0.0,2019-12-15
23,hru23,0.0,0.0,1.03,0.0,0.0,0.0,0.0,0.0,0.0,0.0,2019-12-15
24,hru24,0.0,0.0,1.03,0.0,0.0,0.0,0.0,0.0,0.0,0.0,2019-12-15
25,hru25,0.0,0.0,1.03,0.0,0.0,0.0,0.0,0.0,0.0,0.0,2019-12-15
26,hru26,0.0,0.0,1.03,0.0,0.0,0.0,0.0,0.0,0.0,0.0,2019-12-15
27,hru27,0.0,0.0,1.022,0.0,0.0,0.0,0.0,0.0,0.0,0.0,2019-12-15
28,hru28,0.0,0.0,1.023,0.0,0.0,0.0,0.0,0.0,0.0,0.0,2019-12-15
29,hru29,0.0,0.0,1.021,0.0,0.0,0.0,0.0,0.0,0.0,0.0,2019-12-15
30,hru30,0.0,0.0,1.02,0.0,0.0,0.0,0.0,0.0,0.0,0.0,2019-12-15
31,hru31,0.0,0.0,1.012,0.0,0.0,0.0,0.0,0.0,0.0,0.0,2019-12-15
32,hru32,0.0,0.0,1.026,0.0,0.0,0.0,0.0,0.0,0.0,0.0,2019-12-15
33,hru33,0.0,0.0,1.019,0.0,0.0,0.0,0.0,0.0,0.0,0.0,2019-12-15
34,hru34,0.0,0.0,1.019,0.0,0.0,0.0,0.0,0.0,0.0,0.0,2019-12-15
35,hru35,0.0,0.0,1.012,0.0,0.0,0.0,0.0,0.0,0.0,0.0,2019-12-15
36,hru36,0.0,0.0,1.019,0.0,0.0,0.0,0.0,0.0,0.0,0.0,2019-12-15
1,hru01,0.0,0.0,1.012,0.0,0.0,0.0,0.0,0.0,0.0,0.0,2019-12-16
2,hru02,0.0,0.0,1.018,0.0,0.0,0.0,0.0,0.0,0.0,0.0,2019-12-16
3,hru03,0.0,0.0,1.004,0.0,0.0,0.0,0.0,0.0,0.0,0.0,2019-12-16
4,hru04,0.0,0.0,1.009,0.0,0.0,0.0,0.0,0.0,0.0,0.0,2019-12-16
5,hru05,0.0,0.0,1.016,0.0,0.0,0.0,0.0,0.0,0.0,0.0,2019-12-16
6,hru06,0.0,0.0,1.016,0.0,0.0,0.0,0.0,0.0,0.0,0.0,2019-12-16
7,hru07,0.0,0.0,1.023,0.0,0.0,0.0,0.0,0.0,0.0,0.0,2019-12-16
8,hru08,0.0,0.0,1.004,0.0,0.0,0.0,0.0,0.0,0.0,0.0,2019-12-16
9,hru09,0.0,0.0,1.018,0.0,0.0,0.0,0.0,0.0,0.0,0.0,2019-12-16
10,hru10,0.0,0.0,1.018,0.0,0.0,0.0,0.0,0.0,0.0,0.0,2019-12-16
11,hru11,0.0,0.0,1.023,0.0,0.0,0.0,0.0,0.0,0.0,0.0,2019-12-16
12,hru12,0.0,0.0,1.021,0.0,0.0,0.0,0.0,0.0,0.0,0.0,2019-12-16
13,hru13,0.0,0.0,1.026,0.0,0.0,0.0,0.0,0.0,0.0,0.0,2019-12-16
14,hru14,0.0,0.0,1.021,0.0,0.0,0.0,0.0,0.0,0.0,0.0,2019-12-16
15,hru15,0.0,0.0,1.03,0.0,0.0,0.0,0.0,0.0,0.0,0.0,2019-12-16
16,hru16,0.0,0.0,1.02,0.0,0.0,0.0,0.0,0.0,0.0,0.0,2019-12-16
17,hru17,0.0,0.0,1.027,0.0,0.0,0.0,0.0,0.0,0.0,0.0,2019-12-16
18,hru18,0.0,0.0,1.03,0.0,0.0,0.0,0.0,0.0,0.0,0.0,2019-12-16
19,hru19,0.0,0.0,1.034,0.0,0.0,0.0,0.0,0.0,0.0,0.0,2019-12-16
20,hru20,0.0,0.0,1.03,0.0,0.0,0.0,0.0,0.0,0.0,0.0,2019-12-16
21,hru21,0.0,0.0,1.03,0.0,0.0,0.0,0.0,0.0,0.0,0.0,2019-12-16
22,hru22,0.0,0.0,1.03,0.0,0.0,0.0,0.0,0.0,0.0,0.0,2019-12-16
23,hru23,0.0,0.0,1.03,0.0,0.0,0.0,0.0,0.0,0.0,0.0,2019-12-16
24,hru24,0.0,0.0,1.03,0.0,0.0,0.0,0.0,0.0,0.0,0.0,2019-12-16
25,hru25,0.0,0.0,1.03,0.0,0.0,0.0,0.0,0.0,0.0,0.0,2019-12-16
26,hru26,0.0,0.0,1.03,0.0,0.0,0.0,0.0,0.0,0.0,0.0,2019-12-16
27,hru27,0.0,0.0,1.022,0.0,0.0,0.0,0.0,0.0,0.0,0.0,2019-12-16
28,hru28,0.0,0.0,1.023,0.0,0.0,0.0,0.0,0.0,0.0,0.0,2019-12-16
29,hru29,0.0,0.0,1.021,0.0,0.0,0.0,0.0,0.0,0.0,0.0,2019-12-16
30,hru30,0.0,0.0,1.02,0.0,0.0,0.0,0.0,0.0,0.0,0.0,2019-12-16
31,hru31,0.0,0.0,1.012,0.0,0.0,0.0,0.0,0.0,0.0,0.0,2019-12-16
32,hru32,0.0,0.0,1.026,0.0,0.0,0.0,0.0,0.0,0.0,0.0,2019-12-16
33,hru33,0.0,0.0,1.019,0.0,0.0,0.0,0.0,0.0,0.0,0.0,2019-12-16
34,hru34,0.0,0.0,1.019,0.0,0.0,0.0,0.0,0.0,0.0,0.0,2019-12-16
35,hru35,0.0,0.0,1.012,0.0,0.0,0.0,0.0,0.0,0.0,0.0,2019-12-16
36,hru36,0.0,0.0,1.019,0.0,0.0,0.0,0.0,0.0,0.0,0.0,2019-12-16
1,hru01,0.0,0.0,1.012,0.0,0.0,0.0,0.0,0.0,0.0,0.0,2019-12-17
2,hru02,0.0,0.0,1.018,0.0,0.0,0.0,0.0,0.0,0.0,0.0,2019-12-17
3,hru03,0.0,0.0,1.004,0.0,0.0,0.0,0.0,0.0,0.0,0.0,2019-12-17
4,hru04,0.0,0.0,1.009,0.0,0.0,0.0,0.0,0.0,0.0,0.0,2019-12-17
5,hru05,0.0,0.0,1.016,0.0,0.0,0.0,0.0,0.0,0.0,0.0,2019-12-17
6,hru06,0.0,0.0,1.016,0.0,0.0,0.0,0.0,0.0,0.0,0.0,2019-12-17
7,hru07,0.0,0.0,1.023,0.0,0.0,0.0,0.0,0.0,0.0,0.0,2019-12-17
8,hru08,0.0,0.0,1.004,0.0,0.0,0.0,0.0,0.0,0.0,0.0,2019-12-17
9,hru09,0.0,0.0,1.018,0.0,0.0,0.0,0.0,0.0,0.0,0.0,2019-12-17
10,hru10,0.0,0.0,1.018,0.0,0.0,0.0,0.0,0.0,0.0,0.0,2019-12-17
11,hru11,0.0,0.0,1.023,0.0,0.0,0.0,0.0,0.0,0.0,0.0,2019-12-17
12,hru12,0.0,0.0,1.021,0.0,0.0,0.0,0.0,0.0,0.0,0.0,2019-12-17
13,hru13,0.0,0.0,1.026,0.0,0.0,0.0,0.0,0.0,0.0,0.0,2019-12-17
14,hru14,0.0,0.0,1.021,0.0,0.0,0.0,0.0,0.0,0.0,0.0,2019-12-17
15,hru15,0.0,0.0,1.03,0.0,0.0,0.0,0.0,0.0,0.0,0.0,2019-12-17
16,hru16,0.0,0.0,1.02,0.0,0.0,0.0,0.0,0.0,0.0,0.0,2019-12-17
17,hru17,0.0,0.0,1.027,0.0,0.0,0.0,0.0,0.0,0.0,0.0,2019-12-17
18,hru18,0.0,0.0,1.03,0.0,0.0,0.0,0.0,0.0,0.0,0.0,2019-12-17
19,hru19,0.0,0.0,1.034,0.0,0.0,0.0,0.0,0.0,0.0,0.0,2019-12-17
20,hru20,0.0,0.0,1.03,0.0,0.0,0.0,0.0,0.0,0.0,0.0,2019-12-17
21,hru21,0.0,0.0,1.03,0.0,0.0,0.0,0.0,0.0,0.0,0.0,2019-12-17
22,hru22,0.0,0.0,1.03,0.0,0.0,0.0,0.0,0.0,0.0,0.0,2019-12-17
23,hru23,0.0,0.0,1.03,0.0,0.0,0.0,0.0,0.0,0.0,0.0,2019-12-17
24,hru24,0.0,0.0,1.03,0.0,0.0,0.0,0.0,0.0,0.0,0.0,2019-12-17
25,hru25,0.0,0.0,1.03,0.0,0.0,0.0,0.0,0.0,0.0,0.0,2019-12-17
26,hru26,0.0,0.0,1.03,0.0,0.0,0.0,0.0,0.0,0.0,0.0,2019-12-17
27,hru27,0.0,0.0,1.022,0.0,0.0,0.0,0.0,0.0,0.0,0.0,2019-12-17
28,hru28,0.0,0.0,1.023,0.0,0.0,0.0,0.0,0.0,0.0,0.0,2019-12-17
29,hru29,0.0,0.0,1.021,0.0,0.0,0.0,0.0,0.0,0.0,0.0,2019-12-17
30,hru30,0.0,0.0,1.02,0.0,0.0,0.0,0.0,0.0,0.0,0.0,2019-12-17
31,hru31,0.0,0.0,1.012,0.0,0.0,0.0,0.0,0.0,0.0,0.0,2019-12-17
32,hru32,0.0,0.0,1.026,0.0,0.0,0.0,0.0,0.0,0.0,0.0,2019-12-17
33,hru33,0.0,0.0,1.019,0.0,0.0,0.0,0.0,0.0,0.0,0.0,2019-12-17
34,hru34,0.0,0.0,1.019,0.0,0.0,0.0,0.0,0.0,0.0,0.0,2019-12-17
35,hru35,0.0,0.0,1.012,0.0,0.0,0.0,0.0,0.0,0.0,0.0,2019-12-17
36,hru36,0.0,0.0,1.019,0.0,0.0,0.0,0.0,0.0,0.0,0.0,2019-12-17
1,hru01,0.0,0.0,1.012,0.0,0.0,0.0,0.0,0.0,0.0,0.0,2019-12-18
2,hru02,0.0,0.0,1.018,0.0,0.0,0.0,0.0,0.0,0.0,0.0,2019-12-18
3,hru03,0.0,0.0,1.004,0.0,0.0,0.0,0.0,0.0,0.0,0.0,2019-12-18
4,hru04,0.0,0.0,1.009,0.0,0.0,0.0,0.0,0.0,0.0,0.0,2019-12-18
5,hru05,0.0,0.0,1.016,0.0,0.0,0.0,0.0,0.0,0.0,0.0,2019-12-18
6,hru06,0.0,0.0,1.016,0.0,0.0,0.0,0.0,0.0,0.0,0.0,2019-12-18
7,hru07,0.0,0.0,1.023,0.0,0.0,0.0,0.0,0.0,0.0,0.0,2019-12-18
8,hru08,0.0,0.0,1.004,0.0,0.0,0.0,0.0,0.0,0.0,0.0,2019-12-18
9,hru09,0.0,0.0,1.018,0.0,0.0,0.0,0.0,0.0,0.0,0.0,2019-12-18
10,hru10,0.0,0.0,1.018,0.0,0.0,0.0,0.0,0.0,0.0,0.0,2019-12-18
11,hru11,0.0,0.0,1.023,0.0,0.0,0.0,0.0,0.0,0.0,0.0,2019-12-18
12,hru12,0.0,0.0,1.021,0.0,0.0,0.0,0.0,0.0,0.0,0.0,2019-12-18
13,hru13,0.0,0.0,1.026,0.0,0.0,0.0,0.0,0.0,0.0,0.0,2019-12-18
14,hru14,0.0,0.0,1.021,0.0,0.0,0.0,0.0,0.0,0.0,0.0,2019-12-18
15,hru15,0.0,0.0,1.03,0.0,0.0,0.0,0.0,0.0,0.0,0.0,2019-12-18
16,hru16,0.0,0.0,1.02,0.0,0.0,0.0,0.0,0.0,0.0,0.0,2019-12-18
17,hru17,0.0,0.0,1.027,0.0,0.0,0.0,0.0,0.0,0.0,0.0,2019-12-18
18,hru18,0.0,0.0,1.03,0.0,0.0,0.0,0.0,0.0,0.0,0.0,2019-12-18
19,hru19,0.0,0.0,1.034,0.0,0.0,0.0,0.0,0.0,0.0,0.0,2019-12-18
20,hru20,0.0,0.0,1.03,0.0,0.0,0.0,0.0,0.0,0.0,0.0,2019-12-18
21,hru21,0.0,0.0,1.03,0.0,0.0,0.0,0.0,0.0,0.0,0.0,2019-12-18
22,hru22,0.0,0.0,1.03,0.0,0.0,0.0,0.0,0.0,0.0,0.0,2019-12-18
23,hru23,0.0,0.0,1.03,0.0,0.0,0.0,0.0,0.0,0.0,0.0,2019-12-18
24,hru24,0.0,0.0,1.03,0.0,0.0,0.0,0.0,0.0,0.0,0.0,2019-12-18
25,hru25,0.0,0.0,1.03,0.0,0.0,0.0,0.0,0.0,0.0,0.0,2019-12-18
26,hru26,0.0,0.0,1.03,0.0,0.0,0.0,0.0,0.0,0.0,0.0,2019-12-18
27,hru27,0.0,0.0,1.022,0.0,0.0,0.0,0.0,0.0,0.0,0.0,2019-12-18
28,hru28,0.0,0.0,1.023,0.0,0.0,0.0,0.0,0.0,0.0,0.0,2019-12-18
29,hru29,0.0,0.0,1.021,0.0,0.0,0.0,0.0,0.0,0.0,0.0,2019-12-18
30,hru30,0.0,0.0,1.02,0.0,0.0,0.0,0.0,0.0,0.0,0.0,2019-12-18
31,hru31,0.0,0.0,1.012,0.0,0.0,0.0,0.0,0.0,0.0,0.0,2019-12-18
32,hru32,0.0,0.0,1.026,0.0,0.0,0.0,0.0,0.0,0.0,0.0,2019-12-18
33,hru33,0.0,0.0,1.019,0.0,0.0,0.0,0.0,0.0,0.0,0.0,2019-12-18
34,hru34,0.0,0.0,1.019,0.0,0.0,0.0,0.0,0.0,0.0,0.0,2019-12-18
35,hru35,0.0,0.0,1.012,0.0,0.0,0.0,0.0,0.0,0.0,0.0,2019-12-18
36,hru36,0.0,0.0,1.019,0.0,0.0,0.0,0.0,0.0,0.0,0.0,2019-12-18
1,hru01,0.0,0.0,1.012,0.0,0.0,0.0,0.0,0.0,0.0,0.0,2019-12-19
2,hru02,0.0,0.0,1.018,0.0,0.0,0.0,0.0,0.0,0.0,0.0,2019-12-19
3,hru03,0.0,0.0,1.004,0.0,0.0,0.0,0.0,0.0,0.0,0.0,2019-12-19
4,hru04,0.0,0.0,1.009,0.0,0.0,0.0,0.0,0.0,0.0,0.0,2019-12-19
5,hru05,0.0,0.0,1.016,0.0,0.0,0.0,0.0,0.0,0.0,0.0,2019-12-19
6,hru06,0.0,0.0,1.016,0.0,0.0,0.0,0.0,0.0,0.0,0.0,2019-12-19
7,hru07,0.0,0.0,1.023,0.0,0.0,0.0,0.0,0.0,0.0,0.0,2019-12-19
8,hru08,0.0,0.0,1.004,0.0,0.0,0.0,0.0,0.0,0.0,0.0,2019-12-19
9,hru09,0.0,0.0,1.018,0.0,0.0,0.0,0.0,0.0,0.0,0.0,2019-12-19
10,hru10,0.0,0.0,1.018,0.0,0.0,0.0,0.0,0.0,0.0,0.0,2019-12-19
11,hru11,0.0,0.0,1.023,0.0,0.0,0.0,0.0,0.0,0.0,0.0,2019-12-19
12,hru12,0.0,0.0,1.021,0.0,0.0,0.0,0.0,0.0,0.0,0.0,2019-12-19
13,hru13,0.0,0.0,1.026,0.0,0.0,0.0,0.0,0.0,0.0,0.0,2019-12-19
14,hru14,0.0,0.0,1.021,0.0,0.0,0.0,0.0,0.0,0.0,0.0,2019-12-19
15,hru15,0.0,0.0,1.03,0.0,0.0,0.0,0.0,0.0,0.0,0.0,2019-12-19
16,hru16,0.0,0.0,1.02,0.0,0.0,0.0,0.0,0.0,0.0,0.0,2019-12-19
17,hru17,0.0,0.0,1.027,0.0,0.0,0.0,0.0,0.0,0.0,0.0,2019-12-19
18,hru18,0.0,0.0,1.03,0.0,0.0,0.0,0.0,0.0,0.0,0.0,2019-12-19
19,hru19,0.0,0.0,1.034,0.0,0.0,0.0,0.0,0.0,0.0,0.0,2019-12-19
20,hru20,0.0,0.0,1.03,0.0,0.0,0.0,0.0,0.0,0.0,0.0,2019-12-19
21,hru21,0.0,0.0,1.03,0.0,0.0,0.0,0.0,0.0,0.0,0.0,2019-12-19
22,hru22,0.0,0.0,1.03,0.0,0.0,0.0,0.0,0.0,0.0,0.0,2019-12-19
23,hru23,0.0,0.0,1.03,0.0,0.0,0.0,0.0,0.0,0.0,0.0,2019-12-19
24,hru24,0.0,0.0,1.03,0.0,0.0,0.0,0.0,0.0,0.0,0.0,2019-12-19
25,hru25,0.0,0.0,1.03,0.0,0.0,0.0,0.0,0.0,0.0,0.0,2019-12-19
26,hru26,0.0,0.0,1.03,0.0,0.0,0.0,0.0,0.0,0.0,0.0,2019-12-19
27,hru27,0.0,0.0,1.022,0.0,0.0,0.0,0.0,0.0,0.0,0.0,2019-12-19
28,hru28,0.0,0.0,1.023,0.0,0.0,0.0,0.0,0.0,0.0,0.0,2019-12-19
29,hru29,0.0,0.0,1.021,0.0,0.0,0.0,0.0,0.0,0.0,0.0,2019-12-19
30,hru30,0.0,0.0,1.02,0.0,0.0,0.0,0.0,0.0,0.0,0.0,2019-12-19
31,hru31,0.0,0.0,1.012,0.0,0.0,0.0,0.0,0.0,0.0,0.0,2019-12-19
32,hru32,0.0,0.0,1.026,0.0,0.0,0.0,0.0,0.0,0.0,0.0,2019-12-19
33,hru33,0.0,0.0,1.019,0.0,0.0,0.0,0.0,0.0,0.0,0.0,2019-12-19
34,hru34,0.0,0.0,1.019,0.0,0.0,0.0,0.0,0.0,0.0,0.0,2019-12-19
35,hru35,0.0,0.0,1.012,0.0,0.0,0.0,0.0,0.0,0.0,0.0,2019-12-19
36,hru36,0.0,0.0,1.019,0.0,0.0,0.0,0.0,0.0,0.0,0.0,2019-12-19
1,hru01,0.0,0.0,1.012,0.0,0.0,0.0,0.0,0.0,0.0,0.0,2019-12-20
2,hru02,0.0,0.0,1.018,0.0,0.0,0.0,0.0,0.0,0.0,0.0,2019-12-20
3,hru03,0.0,0.0,1.004,0.0,0.0,0.0,0.0,0.0,0.0,0.0,2019-12-20
4,hru04,0.0,0.0,1.009,0.0,0.0,0.0,0.0,0.0,0.0,0.0,2019-12-20
5,hru05,0.0,0.0,1.016,0.0,0.0,0.0,0.0,0.0,0.0,0.0,2019-12-20
6,hru06,0.0,0.0,1.016,0.0,0.0,0.0,0.0,0.0,0.0,0.0,2019-12-20
7,hru07,0.0,0.0,1.023,0.0,0.0,0.0,0.0,0.0,0.0,0.0,2019-12-20
8,hru08,0.0,0.0,1.004,0.0,0.0,0.0,0.0,0.0,0.0,0.0,2019-12-20
9,hru09,0.0,0.0,1.018,0.0,0.0,0.0,0.0,0.0,0.0,0.0,2019-12-20
10,hru10,0.0,0.0,1.018,0.0,0.0,0.0,0.0,0.0,0.0,0.0,2019-12-20
11,hru11,0.0,0.0,1.023,0.0,0.0,0.0,0.0,0.0,0.0,0.0,2019-12-20
12,hru12,0.0,0.0,1.021,0.0,0.0,0.0,0.0,0.0,0.0,0.0,2019-12-20
13,hru13,0.0,0.0,1.026,0.0,0.0,0.0,0.0,0.0,0.0,0.0,2019-12-20
14,hru14,0.0,0.0,1.021,0.0,0.0,0.0,0.0,0.0,0.0,0.0,2019-12-20
15,hru15,0.0,0.0,1.03,0.0,0.0,0.0,0.0,0.0,0.0,0.0,2019-12-20
16,hru16,0.0,0.0,1.02,0.0,0.0,0.0,0.0,0.0,0.0,0.0,2019-12-20
17,hru17,0.0,0.0,1.027,0.0,0.0,0.0,0.0,0.0,0.0,0.0,2019-12-20
18,hru18,0.0,0.0,1.03,0.0,0.0,0.0,0.0,0.0,0.0,0.0,2019-12-20
19,hru19,0.0,0.0,1.035,0.0,0.0,0.0,0.0,0.0,0.0,0.0,2019-12-20
20,hru20,0.0,0.0,1.03,0.0,0.0,0.0,0.0,0.0,0.0,0.0,2019-12-20
21,hru21,0.0,0.0,1.03,0.0,0.0,0.0,0.0,0.0,0.0,0.0,2019-12-20
22,hru22,0.0,0.0,1.03,0.0,0.0,0.0,0.0,0.0,0.0,0.0,2019-12-20
23,hru23,0.0,0.0,1.03,0.0,0.0,0.0,0.0,0.0,0.0,0.0,2019-12-20
24,hru24,0.0,0.0,1.03,0.0,0.0,0.0,0.0,0.0,0.0,0.0,2019-12-20
25,hru25,0.0,0.0,1.03,0.0,0.0,0.0,0.0,0.0,0.0,0.0,2019-12-20
26,hru26,0.0,0.0,1.03,0.0,0.0,0.0,0.0,0.0,0.0,0.0,2019-12-20
27,hru27,0.0,0.0,1.022,0.0,0.0,0.0,0.0,0.0,0.0,0.0,2019-12-20
28,hru28,0.0,0.0,1.023,0.0,0.0,0.0,0.0,0.0,0.0,0.0,2019-12-20
29,hru29,0.0,0.0,1.021,0.0,0.0,0.0,0.0,0.0,0.0,0.0,2019-12-20
30,hru30,0.0,0.0,1.02,0.0,0.0,0.0,0.0,0.0,0.0,0.0,2019-12-20
31,hru31,0.0,0.0,1.012,0.0,0.0,0.0,0.0,0.0,0.0,0.0,2019-12-20
32,hru32,0.0,0.0,1.026,0.0,0.0,0.0,0.0,0.0,0.0,0.0,2019-12-20
33,hru33,0.0,0.0,1.019,0.0,0.0,0.0,0.0,0.0,0.0,0.0,2019-12-20
34,hru34,0.0,0.0,1.019,0.0,0.0,0.0,0.0,0.0,0.0,0.0,2019-12-20
35,hru35,0.0,0.0,1.012,0.0,0.0,0.0,0.0,0.0,0.0,0.0,2019-12-20
36,hru36,0.0,0.0,1.019,0.0,0.0,0.0,0.0,0.0,0.0,0.0,2019-12-20
1,hru01,0.0,0.0,1.012,0.0,0.0,0.0,0.0,0.0,0.0,0.0,2019-12-21
2,hru02,0.0,0.0,1.019,0.0,0.0,0.0,0.0,0.0,0.0,0.0,2019-12-21
3,hru03,0.0,0.0,1.004,0.0,0.0,0.0,0.0,0.0,0.0,0.0,2019-12-21
4,hru04,0.0,0.0,1.009,0.0,0.0,0.0,0.0,0.0,0.0,0.0,2019-12-21
5,hru05,0.0,0.0,1.016,0.0,0.0,0.0,0.0,0.0,0.0,0.0,2019-12-21
6,hru06,0.0,0.0,1.016,0.0,0.0,0.0,0.0,0.0,0.0,0.0,2019-12-21
7,hru07,0.0,0.0,1.023,0.0,0.0,0.0,0.0,0.0,0.0,0.0,2019-12-21
8,hru08,0.0,0.0,1.004,0.0,0.0,0.0,0.0,0.0,0.0,0.0,2019-12-21
9,hru09,0.0,0.0,1.018,0.0,0.0,0.0,0.0,0.0,0.0,0.0,2019-12-21
10,hru10,0.0,0.0,1.018,0.0,0.0,0.0,0.0,0.0,0.0,0.0,2019-12-21
11,hru11,0.0,0.0,1.024,0.0,0.0,0.0,0.0,0.0,0.0,0.0,2019-12-21
12,hru12,0.0,0.0,1.022,0.0,0.0,0.0,0.0,0.0,0.0,0.0,2019-12-21
13,hru13,0.0,0.0,1.026,0.0,0.0,0.0,0.0,0.0,0.0,0.0,2019-12-21
14,hru14,0.0,0.0,1.022,0.0,0.0,0.0,0.0,0.0,0.0,0.0,2019-12-21
15,hru15,0.0,0.0,1.031,0.0,0.0,0.0,0.0,0.0,0.0,0.0,2019-12-21
16,hru16,0.0,0.0,1.021,0.0,0.0,0.0,0.0,0.0,0.0,0.0,2019-12-21
17,hru17,0.0,0.0,1.028,0.0,0.0,0.0,0.0,0.0,0.0,0.0,2019-12-21
18,hru18,0.0,0.0,1.03,0.0,0.0,0.0,0.0,0.0,0.0,0.0,2019-12-21
19,hru19,0.0,0.0,1.035,0.0,0.0,0.0,0.0,0.0,0.0,0.0,2019-12-21
20,hru20,0.0,0.0,1.031,0.0,0.0,0.0,0.0,0.0,0.0,0.0,2019-12-21
21,hru21,0.0,0.0,1.031,0.0,0.0,0.0,0.0,0.0,0.0,0.0,2019-12-21
22,hru22,0.0,0.0,1.03,0.0,0.0,0.0,0.0,0.0,0.0,0.0,2019-12-21
23,hru23,0.0,0.0,1.03,0.0,0.0,0.0,0.0,0.0,0.0,0.0,2019-12-21
24,hru24,0.0,0.0,1.031,0.0,0.0,0.0,0.0,0.0,0.0,0.0,2019-12-21
25,hru25,0.0,0.0,1.031,0.0,0.0,0.0,0.0,0.0,0.0,0.0,2019-12-21
26,hru26,0.0,0.0,1.031,0.0,0.0,0.0,0.0,0.0,0.0,0.0,2019-12-21
27,hru27,0.0,0.0,1.022,0.0,0.0,0.0,0.0,0.0,0.0,0.0,2019-12-21
28,hru28,0.0,0.0,1.024,0.0,0.0,0.0,0.0,0.0,0.0,0.0,2019-12-21
29,hru29,0.0,0.0,1.021,0.0,0.0,0.0,0.0,0.0,0.0,0.0,2019-12-21
30,hru30,0.0,0.0,1.02,0.0,0.0,0.0,0.0,0.0,0.0,0.0,2019-12-21
31,hru31,0.0,0.0,1.012,0.0,0.0,0.0,0.0,0.0,0.0,0.0,2019-12-21
32,hru32,0.0,0.0,1.026,0.0,0.0,0.0,0.0,0.0,0.0,0.0,2019-12-21
33,hru33,0.0,0.0,1.019,0.0,0.0,0.0,0.0,0.0,0.0,0.0,2019-12-21
34,hru34,0.0,0.0,1.019,0.0,0.0,0.0,0.0,0.0,0.0,0.0,2019-12-21
35,hru35,0.0,0.0,1.013,0.0,0.0,0.0,0.0,0.0,0.0,0.0,2019-12-21
36,hru36,0.0,0.0,1.019,0.0,0.0,0.0,0.0,0.0,0.0,0.0,2019-12-21
1,hru01,0.0,0.0,1.013,0.0,0.0,0.0,0.0,0.0,0.0,0.0,2019-12-22
2,hru02,0.0,0.0,1.02,0.0,0.0,0.0,0.0,0.0,0.0,0.0,2019-12-22
3,hru03,0.0,0.0,1.005,0.0,0.0,0.0,0.0,0.0,0.0,0.0,2019-12-22
4,hru04,0.0,0.0,1.01,0.0,0.0,0.0,0.0,0.0,0.0,0.0,2019-12-22
5,hru05,0.0,0.0,1.018,0.0,0.0,0.0,0.0,0.0,0.0,0.0,2019-12-22
6,hru06,0.0,0.0,1.018,0.0,0.0,0.0,0.0,0.0,0.0,0.0,2019-12-22
7,hru07,0.0,0.0,1.025,0.0,0.0,0.0,0.0,0.0,0.0,0.0,2019-12-22
8,hru08,0.0,0.0,1.005,0.0,0.0,0.0,0.0,0.0,0.0,0.0,2019-12-22
9,hru09,0.0,0.0,1.02,0.0,0.0,0.0,0.0,0.0,0.0,0.0,2019-12-22
10,hru10,0.0,0.0,1.02,0.0,0.0,0.0,0.0,0.0,0.0,0.0,2019-12-22
11,hru11,0.0,0.0,1.025,0.0,0.0,0.0,0.0,0.0,0.0,0.0,2019-12-22
12,hru12,0.0,0.0,1.023,0.0,0.0,0.0,0.0,0.0,0.0,0.0,2019-12-22
13,hru13,0.0,0.0,1.028,0.0,0.0,0.0,0.0,0.0,0.0,0.0,2019-12-22
14,hru14,0.0,0.0,1.023,0.0,0.0,0.0,0.0,0.0,0.0,0.0,2019-12-22
15,hru15,0.0,0.0,1.032,0.0,0.0,0.0,0.0,0.0,0.0,0.0,2019-12-22
16,hru16,0.0,0.0,1.022,0.0,0.0,0.0,0.0,0.0,0.0,0.0,2019-12-22
17,hru17,0.0,0.0,1.029,0.0,0.0,0.0,0.0,0.0,0.0,0.0,2019-12-22
18,hru18,0.0,0.0,1.032,0.0,0.0,0.0,0.0,0.0,0.0,0.0,2019-12-22
19,hru19,0.0,0.0,1.037,0.0,0.0,0.0,0.0,0.0,0.0,0.0,2019-12-22
20,hru20,0.0,0.0,1.032,0.0,0.0,0.0,0.0,0.0,0.0,0.0,2019-12-22
21,hru21,0.0,0.0,1.032,0.0,0.0,0.0,0.0,0.0,0.0,0.0,2019-12-22
22,hru22,0.0,0.0,1.032,0.0,0.0,0.0,0.0,0.0,0.0,0.0,2019-12-22
23,hru23,0.0,0.0,1.032,0.0,0.0,0.0,0.0,0.0,0.0,0.0,2019-12-22
24,hru24,0.0,0.0,1.032,0.0,0.0,0.0,0.0,0.0,0.0,0.0,2019-12-22
25,hru25,0.0,0.0,1.032,0.0,0.0,0.0,0.0,0.0,0.0,0.0,2019-12-22
26,hru26,0.0,0.0,1.032,0.0,0.0,0.0,0.0,0.0,0.0,0.0,2019-12-22
27,hru27,0.0,0.0,1.024,0.0,0.0,0.0,0.0,0.0,0.0,0.0,2019-12-22
28,hru28,0.0,0.0,1.025,0.0,0.0,0.0,0.0,0.0,0.0,0.0,2019-12-22
29,hru29,0.0,0.0,1.023,0.0,0.0,0.0,0.0,0.0,0.0,0.0,2019-12-22
30,hru30,0.0,0.0,1.022,0.0,0.0,0.0,0.0,0.0,0.0,0.0,2019-12-22
31,hru31,0.0,0.0,1.013,0.0,0.0,0.0,0.0,0.0,0.0,0.0,2019-12-22
32,hru32,0.0,0.0,1.028,0.0,0.0,0.0,0.0,0.0,0.0,0.0,2019-12-22
33,hru33,0.0,0.0,1.021,0.0,0.0,0.0,0.0,0.0,0.0,0.0,2019-12-22
34,hru34,0.0,0.0,1.021,0.0,0.0,0.0,0.0,0.0,0.0,0.0,2019-12-22
35,hru35,0.0,0.0,1.014,0.0,0.0,0.0,0.0,0.0,0.0,0.0,2019-12-22
36,hru36,0.0,0.0,1.021,0.0,0.0,0.0,0.0,0.0,0.0,0.0,2019-12-22
1,hru01,0.0,0.0,1.014,0.0,0.0,0.0,0.0,0.0,0.0,0.0,2019-12-23
2,hru02,0.0,0.0,1.021,0.0,0.0,0.0,0.0,0.0,0.0,0.0,2019-12-23
3,hru03,0.0,0.0,1.006,0.0,0.0,0.0,0.0,0.0,0.0,0.0,2019-12-23
4,hru04,0.0,0.0,1.011,0.0,0.0,0.0,0.0,0.0,0.0,0.0,2019-12-23
5,hru05,0.0,0.0,1.019,0.0,0.0,0.0,0.0,0.0,0.0,0.0,2019-12-23
6,hru06,0.0,0.0,1.019,0.0,0.0,0.0,0.0,0.0,0.0,0.0,2019-12-23
7,hru07,0.0,0.0,1.026,0.0,0.0,0.0,0.0,0.0,0.0,0.0,2019-12-23
8,hru08,0.0,0.0,1.006,0.0,0.0,0.0,0.0,0.0,0.0,0.0,2019-12-23
9,hru09,0.0,0.0,1.02,0.0,0.0,0.0,0.0,0.0,0.0,0.0,2019-12-23
10,hru10,0.0,0.0,1.02,0.0,0.0,0.0,0.0,0.0,0.0,0.0,2019-12-23
11,hru11,0.0,0.0,1.026,0.0,0.0,0.0,0.0,0.0,0.0,0.0,2019-12-23
12,hru12,0.0,0.0,1.024,0.0,0.0,0.0,0.0,0.0,0.0,0.0,2019-12-23
13,hru13,0.0,0.0,1.029,0.0,0.0,0.0,0.0,0.0,0.0,0.0,2019-12-23
14,hru14,0.0,0.0,1.024,0.0,0.0,0.0,0.0,0.0,0.0,0.0,2019-12-23
15,hru15,0.0,0.0,1.033,0.0,0.0,0.0,0.0,0.0,0.0,0.0,2019-12-23
16,hru16,0.0,0.0,1.023,0.0,0.0,0.0,0.0,0.0,0.0,0.0,2019-12-23
17,hru17,0.0,0.0,1.03,0.0,0.0,0.0,0.0,0.0,0.0,0.0,2019-12-23
18,hru18,0.0,0.0,1.033,0.0,0.0,0.0,0.0,0.0,0.0,0.0,2019-12-23
19,hru19,0.0,0.0,1.038,0.0,0.0,0.0,0.0,0.0,0.0,0.0,2019-12-23
20,hru20,0.0,0.0,1.033,0.0,0.0,0.0,0.0,0.0,0.0,0.0,2019-12-23
21,hru21,0.0,0.0,1.033,0.0,0.0,0.0,0.0,0.0,0.0,0.0,2019-12-23
22,hru22,0.0,0.0,1.033,0.0,0.0,0.0,0.0,0.0,0.0,0.0,2019-12-23
23,hru23,0.0,0.0,1.033,0.0,0.0,0.0,0.0,0.0,0.0,0.0,2019-12-23
24,hru24,0.0,0.0,1.033,0.0,0.0,0.0,0.0,0.0,0.0,0.0,2019-12-23
25,hru25,0.0,0.0,1.033,0.0,0.0,0.0,0.0,0.0,0.0,0.0,2019-12-23
26,hru26,0.0,0.0,1.033,0.0,0.0,0.0,0.0,0.0,0.0,0.0,2019-12-23
27,hru27,0.0,0.0,1.025,0.0,0.0,0.0,0.0,0.0,0.0,0.0,2019-12-23
28,hru28,0.0,0.0,1.026,0.0,0.0,0.0,0.0,0.0,0.0,0.0,2019-12-23
29,hru29,0.0,0.0,1.024,0.0,0.0,0.0,0.0,0.0,0.0,0.0,2019-12-23
30,hru30,0.0,0.0,1.023,0.0,0.0,0.0,0.0,0.0,0.0,0.0,2019-12-23
31,hru31,0.0,0.0,1.014,0.0,0.0,0.0,0.0,0.0,0.0,0.0,2019-12-23
32,hru32,0.0,0.0,1.029,0.0,0.0,0.0,0.0,0.0,0.0,0.0,2019-12-23
33,hru33,0.0,0.0,1.022,0.0,0.0,0.0,0.0,0.0,0.0,0.0,2019-12-23
34,hru34,0.0,0.0,1.022,0.0,0.0,0.0,0.0,0.0,0.0,0.0,2019-12-23
35,hru35,0.0,0.0,1.015,0.0,0.0,0.0,0.0,0.0,0.0,0.0,2019-12-23
36,hru36,0.0,0.0,1.022,0.0,0.0,0.0,0.0,0.0,0.0,0.0,2019-12-23
1,hru01,0.0,0.0,1.015,0.0,0.0,0.0,0.0,0.0,0.0,0.0,2019-12-24
2,hru02,0.0,0.0,1.022,0.0,0.0,0.0,0.0,0.0,0.0,0.0,2019-12-24
3,hru03,0.0,0.0,1.007,0.0,0.0,0.0,0.0,0.0,0.0,0.0,2019-12-24
4,hru04,0.0,0.0,1.012,0.0,0.0,0.0,0.0,0.0,0.0,0.0,2019-12-24
5,hru05,0.0,0.0,1.02,0.0,0.0,0.0,0.0,0.0,0.0,0.0,2019-12-24
6,hru06,0.0,0.0,1.02,0.0,0.0,0.0,0.0,0.0,0.0,0.0,2019-12-24
7,hru07,0.0,0.0,1.027,0.0,0.0,0.0,0.0,0.0,0.0,0.0,2019-12-24
8,hru08,0.0,0.0,1.007,0.0,0.0,0.0,0.0,0.0,0.0,0.0,2019-12-24
9,hru09,0.0,0.0,1.021,0.0,0.0,0.0,0.0,0.0,0.0,0.0,2019-12-24
10,hru10,0.0,0.0,1.021,0.0,0.0,0.0,0.0,0.0,0.0,0.0,2019-12-24
11,hru11,0.0,0.0,1.027,0.0,0.0,0.0,0.0,0.0,0.0,0.0,2019-12-24
12,hru12,0.0,0.0,1.025,0.0,0.0,0.0,0.0,0.0,0.0,0.0,2019-12-24
13,hru13,0.0,0.0,1.03,0.0,0.0,0.0,0.0,0.0,0.0,0.0,2019-12-24
14,hru14,0.0,0.0,1.025,0.0,0.0,0.0,0.0,0.0,0.0,0.0,2019-12-24
15,hru15,0.0,0.0,1.035,0.0,0.0,0.0,0.0,0.0,0.0,0.0,2019-12-24
16,hru16,0.0,0.0,1.024,0.0,0.0,0.0,0.0,0.0,0.0,0.0,2019-12-24
17,hru17,0.0,0.0,1.031,0.0,0.0,0.0,0.0,0.0,0.0,0.0,2019-12-24
18,hru18,0.0,0.0,1.034,0.0,0.0,0.0,0.0,0.0,0.0,0.0,2019-12-24
19,hru19,0.0,0.0,1.039,0.0,0.0,0.0,0.0,0.0,0.0,0.0,2019-12-24
20,hru20,0.0,0.0,1.034,0.0,0.0,0.0,0.0,0.0,0.0,0.0,2019-12-24
21,hru21,0.0,0.0,1.035,0.0,0.0,0.0,0.0,0.0,0.0,0.0,2019-12-24
22,hru22,0.0,0.0,1.034,0.0,0.0,0.0,0.0,0.0,0.0,0.0,2019-12-24
23,hru23,0.0,0.0,1.034,0.0,0.0,0.0,0.0,0.0,0.0,0.0,2019-12-24
24,hru24,0.0,0.0,1.034,0.0,0.0,0.0,0.0,0.0,0.0,0.0,2019-12-24
25,hru25,0.0,0.0,1.034,0.0,0.0,0.0,0.0,0.0,0.0,0.0,2019-12-24
26,hru26,0.0,0.0,1.034,0.0,0.0,0.0,0.0,0.0,0.0,0.0,2019-12-24
27,hru27,0.0,0.0,1.026,0.0,0.0,0.0,0.0,0.0,0.0,0.0,2019-12-24
28,hru28,0.0,0.0,1.027,0.0,0.0,0.0,0.0,0.0,0.0,0.0,2019-12-24
29,hru29,0.0,0.0,1.025,0.0,0.0,0.0,0.0,0.0,0.0,0.0,2019-12-24
30,hru30,0.0,0.0,1.024,0.0,0.0,0.0,0.0,0.0,0.0,0.0,2019-12-24
31,hru31,0.0,0.0,1.015,0.0,0.0,0.0,0.0,0.0,0.0,0.0,2019-12-24
32,hru32,0.0,0.0,1.03,0.0,0.0,0.0,0.0,0.0,0.0,0.0,2019-12-24
33,hru33,0.0,0.0,1.023,0.0,0.0,0.0,0.0,0.0,0.0,0.0,2019-12-24
34,hru34,0.0,0.0,1.023,0.0,0.0,0.0,0.0,0.0,0.0,0.0,2019-12-24
35,hru35,0.0,0.0,1.016,0.0,0.0,0.0,0.0,0.0,0.0,0.0,2019-12-24
36,hru36,0.0,0.0,1.023,0.0,0.0,0.0,0.0,0.0,0.0,0.0,2019-12-24
1,hru01,0.0,0.0,1.017,0.0,0.0,0.0,0.0,0.0,0.0,0.0,2019-12-25
2,hru02,0.0,0.0,1.024,0.0,0.0,0.0,0.0,0.0,0.0,0.0,2019-12-25
3,hru03,0.0,0.0,1.009,0.0,0.0,0.0,0.0,0.0,0.0,0.0,2019-12-25
4,hru04,0.0,0.0,1.014,0.0,0.0,0.0,0.0,0.0,0.0,0.0,2019-12-25
5,hru05,0.0,0.0,1.021,0.0,0.0,0.0,0.0,0.0,0.0,0.0,2019-12-25
6,hru06,0.0,0.0,1.021,0.0,0.0,0.0,0.0,0.0,0.0,0.0,2019-12-25
7,hru07,0.0,0.0,1.029,0.0,0.0,0.0,0.0,0.0,0.0,0.0,2019-12-25
8,hru08,0.0,0.0,1.009,0.0,0.0,0.0,0.0,0.0,0.0,0.0,2019-12-25
9,hru09,0.0,0.0,1.023,0.0,0.0,0.0,0.0,0.0,0.0,0.0,2019-12-25
10,hru10,0.0,0.0,1.023,0.0,0.0,0.0,0.0,0.0,0.0,0.0,2019-12-25
11,hru11,0.0,0.0,1.029,0.0,0.0,0.0,0.0,0.0,0.0,0.0,2019-12-25
12,hru12,0.0,0.0,1.027,0.0,0.0,0.0,0.0,0.0,0.0,0.0,2019-12-25
13,hru13,0.0,0.0,1.032,0.0,0.0,0.0,0.0,0.0,0.0,0.0,2019-12-25
14,hru14,0.0,0.0,1.027,0.0,0.0,0.0,0.0,0.0,0.0,0.0,2019-12-25
15,hru15,0.0,0.0,1.037,0.0,0.0,0.0,0.0,0.0,0.0,0.0,2019-12-25
16,hru16,0.0,0.0,1.026,0.0,0.0,0.0,0.0,0.0,0.0,0.0,2019-12-25
17,hru17,0.0,0.0,1.033,0.0,0.0,0.0,0.0,0.0,0.0,0.0,2019-12-25
18,hru18,0.0,0.0,1.036,0.0,0.0,0.0,0.0,0.0,0.0,0.0,2019-12-25
19,hru19,0.0,0.0,1.041,0.0,0.0,0.0,0.0,0.0,0.0,0.0,2019-12-25
20,hru20,0.0,0.0,1.036,0.0,0.0,0.0,0.0,0.0,0.0,0.0,2019-12-25
21,hru21,0.0,0.0,1.037,0.0,0.0,0.0,0.0,0.0,0.0,0.0,2019-12-25
22,hru22,0.0,0.0,1.036,0.0,0.0,0.0,0.0,0.0,0.0,0.0,2019-12-25
23,hru23,0.0,0.0,1.036,0.0,0.0,0.0,0.0,0.0,0.0,0.0,2019-12-25
24,hru24,0.0,0.0,1.036,0.0,0.0,0.0,0.0,0.0,0.0,0.0,2019-12-25
25,hru25,0.0,0.0,1.036,0.0,0.0,0.0,0.0,0.0,0.0,0.0,2019-12-25
26,hru26,0.0,0.0,1.036,0.0,0.0,0.0,0.0,0.0,0.0,0.0,2019-12-25
27,hru27,0.0,0.0,1.028,0.0,0.0,0.0,0.0,0.0,0.0,0.0,2019-12-25
28,hru28,0.0,0.0,1.029,0.0,0.0,0.0,0.0,0.0,0.0,0.0,2019-12-25
29,hru29,0.0,0.0,1.027,0.0,0.0,0.0,0.0,0.0,0.0,0.0,2019-12-25
30,hru30,0.0,0.0,1.026,0.0,0.0,0.0,0.0,0.0,0.0,0.0,2019-12-25
31,hru31,0.0,0.0,1.017,0.0,0.0,0.0,0.0,0.0,0.0,0.0,2019-12-25
32,hru32,0.0,0.0,1.032,0.0,0.0,0.0,0.0,0.0,0.0,0.0,2019-12-25
33,hru33,0.0,0.0,1.025,0.0,0.0,0.0,0.0,0.0,0.0,0.0,2019-12-25
34,hru34,0.0,0.0,1.025,0.0,0.0,0.0,0.0,0.0,0.0,0.0,2019-12-25
35,hru35,0.0,0.0,1.017,0.0,0.0,0.0,0.0,0.0,0.0,0.0,2019-12-25
36,hru36,0.0,0.0,1.025,0.0,0.0,0.0,0.0,0.0,0.0,0.0,2019-12-25
1,hru01,0.0,0.0,1.017,0.0,0.0,0.0,0.0,0.0,0.0,0.0,2019-12-26
2,hru02,0.0,0.0,1.024,0.0,0.0,0.0,0.0,0.0,0.0,0.0,2019-12-26
3,hru03,0.0,0.0,1.009,0.0,0.0,0.0,0.0,0.0,0.0,0.0,2019-12-26
4,hru04,0.0,0.0,1.014,0.0,0.0,0.0,0.0,0.0,0.0,0.0,2019-12-26
5,hru05,0.0,0.0,1.021,0.0,0.0,0.0,0.0,0.0,0.0,0.0,2019-12-26
6,hru06,0.0,0.0,1.021,0.0,0.0,0.0,0.0,0.0,0.0,0.0,2019-12-26
7,hru07,0.0,0.0,1.029,0.0,0.0,0.0,0.0,0.0,0.0,0.0,2019-12-26
8,hru08,0.0,0.0,1.009,0.0,0.0,0.0,0.0,0.0,0.0,0.0,2019-12-26
9,hru09,0.0,0.0,1.023,0.0,0.0,0.0,0.0,0.0,0.0,0.0,2019-12-26
10,hru10,0.0,0.0,1.023,0.0,0.0,0.0,0.0,0.0,0.0,0.0,2019-12-26
11,hru11,0.0,0.0,1.029,0.0,0.0,0.0,0.0,0.0,0.0,0.0,2019-12-26
12,hru12,0.0,0.0,1.027,0.0,0.0,0.0,0.0,0.0,0.0,0.0,2019-12-26
13,hru13,0.0,0.0,1.032,0.0,0.0,0.0,0.0,0.0,0.0,0.0,2019-12-26
14,hru14,0.0,0.0,1.027,0.0,0.0,0.0,0.0,0.0,0.0,0.0,2019-12-26
15,hru15,0.0,0.0,1.037,0.0,0.0,0.0,0.0,0.0,0.0,0.0,2019-12-26
16,hru16,0.0,0.0,1.026,0.0,0.0,0.0,0.0,0.0,0.0,0.0,2019-12-26
17,hru17,0.0,0.0,1.033,0.0,0.0,0.0,0.0,0.0,0.0,0.0,2019-12-26
18,hru18,0.0,0.0,1.036,0.0,0.0,0.0,0.0,0.0,0.0,0.0,2019-12-26
19,hru19,0.0,0.0,1.041,0.0,0.0,0.0,0.0,0.0,0.0,0.0,2019-12-26
20,hru20,0.0,0.0,1.036,0.0,0.0,0.0,0.0,0.0,0.0,0.0,2019-12-26
21,hru21,0.0,0.0,1.037,0.0,0.0,0.0,0.0,0.0,0.0,0.0,2019-12-26
22,hru22,0.0,0.0,1.036,0.0,0.0,0.0,0.0,0.0,0.0,0.0,2019-12-26
23,hru23,0.0,0.0,1.036,0.0,0.0,0.0,0.0,0.0,0.0,0.0,2019-12-26
24,hru24,0.0,0.0,1.036,0.0,0.0,0.0,0.0,0.0,0.0,0.0,2019-12-26
25,hru25,0.0,0.0,1.036,0.0,0.0,0.0,0.0,0.0,0.0,0.0,2019-12-26
26,hru26,0.0,0.0,1.036,0.0,0.0,0.0,0.0,0.0,0.0,0.0,2019-12-26
27,hru27,0.0,0.0,1.028,0.0,0.0,0.0,0.0,0.0,0.0,0.0,2019-12-26
28,hru28,0.0,0.0,1.029,0.0,0.0,0.0,0.0,0.0,0.0,0.0,2019-12-26
29,hru29,0.0,0.0,1.027,0.0,0.0,0.0,0.0,0.0,0.0,0.0,2019-12-26
30,hru30,0.0,0.0,1.026,0.0,0.0,0.0,0.0,0.0,0.0,0.0,2019-12-26
31,hru31,0.0,0.0,1.017,0.0,0.0,0.0,0.0,0.0,0.0,0.0,2019-12-26
32,hru32,0.0,0.0,1.032,0.0,0.0,0.0,0.0,0.0,0.0,0.0,2019-12-26
33,hru33,0.0,0.0,1.025,0.0,0.0,0.0,0.0,0.0,0.0,0.0,2019-12-26
34,hru34,0.0,0.0,1.025,0.0,0.0,0.0,0.0,0.0,0.0,0.0,2019-12-26
35,hru35,0.0,0.0,1.017,0.0,0.0,0.0,0.0,0.0,0.0,0.0,2019-12-26
36,hru36,0.0,0.0,1.025,0.0,0.0,0.0,0.0,0.0,0.0,0.0,2019-12-26
1,hru01,0.0,0.0,1.017,0.0,0.0,0.0,0.0,0.0,0.0,0.0,2019-12-27
2,hru02,0.0,0.0,1.024,0.0,0.0,0.0,0.0,0.0,0.0,0.0,2019-12-27
3,hru03,0.0,0.0,1.009,0.0,0.0,0.0,0.0,0.0,0.0,0.0,2019-12-27
4,hru04,0.0,0.0,1.014,0.0,0.0,0.0,0.0,0.0,0.0,0.0,2019-12-27
5,hru05,0.0,0.0,1.021,0.0,0.0,0.0,0.0,0.0,0.0,0.0,2019-12-27
6,hru06,0.0,0.0,1.021,0.0,0.0,0.0,0.0,0.0,0.0,0.0,2019-12-27
7,hru07,0.0,0.0,1.029,0.0,0.0,0.0,0.0,0.0,0.0,0.0,2019-12-27
8,hru08,0.0,0.0,1.009,0.0,0.0,0.0,0.0,0.0,0.0,0.0,2019-12-27
9,hru09,0.0,0.0,1.023,0.0,0.0,0.0,0.0,0.0,0.0,0.0,2019-12-27
10,hru10,0.0,0.0,1.023,0.0,0.0,0.0,0.0,0.0,0.0,0.0,2019-12-27
11,hru11,0.0,0.0,1.029,0.0,0.0,0.0,0.0,0.0,0.0,0.0,2019-12-27
12,hru12,0.0,0.0,1.027,0.0,0.0,0.0,0.0,0.0,0.0,0.0,2019-12-27
13,hru13,0.0,0.0,1.032,0.0,0.0,0.0,0.0,0.0,0.0,0.0,2019-12-27
14,hru14,0.0,0.0,1.027,0.0,0.0,0.0,0.0,0.0,0.0,0.0,2019-12-27
15,hru15,0.0,0.0,1.037,0.0,0.0,0.0,0.0,0.0,0.0,0.0,2019-12-27
16,hru16,0.0,0.0,1.026,0.0,0.0,0.0,0.0,0.0,0.0,0.0,2019-12-27
17,hru17,0.0,0.0,1.033,0.0,0.0,0.0,0.0,0.0,0.0,0.0,2019-12-27
18,hru18,0.0,0.0,1.036,0.0,0.0,0.0,0.0,0.0,0.0,0.0,2019-12-27
19,hru19,0.0,0.0,1.041,0.0,0.0,0.0,0.0,0.0,0.0,0.0,2019-12-27
20,hru20,0.0,0.0,1.037,0.0,0.0,0.0,0.0,0.0,0.0,0.0,2019-12-27
21,hru21,0.0,0.0,1.037,0.0,0.0,0.0,0.0,0.0,0.0,0.0,2019-12-27
22,hru22,0.0,0.0,1.036,0.0,0.0,0.0,0.0,0.0,0.0,0.0,2019-12-27
23,hru23,0.0,0.0,1.036,0.0,0.0,0.0,0.0,0.0,0.0,0.0,2019-12-27
24,hru24,0.0,0.0,1.036,0.0,0.0,0.0,0.0,0.0,0.0,0.0,2019-12-27
25,hru25,0.0,0.0,1.037,0.0,0.0,0.0,0.0,0.0,0.0,0.0,2019-12-27
26,hru26,0.0,0.0,1.036,0.0,0.0,0.0,0.0,0.0,0.0,0.0,2019-12-27
27,hru27,0.0,0.0,1.028,0.0,0.0,0.0,0.0,0.0,0.0,0.0,2019-12-27
28,hru28,0.0,0.0,1.029,0.0,0.0,0.0,0.0,0.0,0.0,0.0,2019-12-27
29,hru29,0.0,0.0,1.027,0.0,0.0,0.0,0.0,0.0,0.0,0.0,2019-12-27
30,hru30,0.0,0.0,1.026,0.0,0.0,0.0,0.0,0.0,0.0,0.0,2019-12-27
31,hru31,0.0,0.0,1.017,0.0,0.0,0.0,0.0,0.0,0.0,0.0,2019-12-27
32,hru32,0.0,0.0,1.032,0.0,0.0,0.0,0.0,0.0,0.0,0.0,2019-12-27
33,hru33,0.0,0.0,1.025,0.0,0.0,0.0,0.0,0.0,0.0,0.0,2019-12-27
34,hru34,0.0,0.0,1.025,0.0,0.0,0.0,0.0,0.0,0.0,0.0,2019-12-27
35,hru35,0.0,0.0,1.017,0.0,0.0,0.0,0.0,0.0,0.0,0.0,2019-12-27
36,hru36,0.0,0.0,1.025,0.0,0.0,0.0,0.0,0.0,0.0,0.0,2019-12-27
1,hru01,0.0,0.0,1.018,0.0,0.0,0.0,0.0,0.0,0.0,0.0,2019-12-28
2,hru02,0.0,0.0,1.025,0.0,0.0,0.0,0.0,0.0,0.0,0.0,2019-12-28
3,hru03,0.0,0.0,1.009,0.0,0.0,0.0,0.0,0.0,0.0,0.0,2019-12-28
4,hru04,0.0,0.0,1.015,0.0,0.0,0.0,0.0,0.0,0.0,0.0,2019-12-28
5,hru05,0.0,0.0,1.022,0.0,0.0,0.0,0.0,0.0,0.0,0.0,2019-12-28
6,hru06,0.0,0.0,1.022,0.0,0.0,0.0,0.0,0.0,0.0,0.0,2019-12-28
7,hru07,0.0,0.0,1.03,0.0,0.0,0.0,0.0,0.0,0.0,0.0,2019-12-28
8,hru08,0.0,0.0,1.009,0.0,0.0,0.0,0.0,0.0,0.0,0.0,2019-12-28
9,hru09,0.0,0.0,1.024,0.0,0.0,0.0,0.0,0.0,0.0,0.0,2019-12-28
10,hru10,0.0,0.0,1.024,0.0,0.0,0.0,0.0,0.0,0.0,0.0,2019-12-28
11,hru11,0.0,0.0,1.031,0.0,0.0,0.0,0.0,0.0,0.0,0.0,2019-12-28
12,hru12,0.0,0.0,1.028,0.0,0.0,0.0,0.0,0.0,0.0,0.0,2019-12-28
13,hru13,0.0,0.0,1.033,0.0,0.0,0.0,0.0,0.0,0.0,0.0,2019-12-28
14,hru14,0.0,0.0,1.028,0.0,0.0,0.0,0.0,0.0,0.0,0.0,2019-12-28
15,hru15,0.0,0.0,1.038,0.0,0.0,0.0,0.0,0.0,0.0,0.0,2019-12-28
16,hru16,0.0,0.0,1.027,0.0,0.0,0.0,0.0,0.0,0.0,0.0,2019-12-28
17,hru17,0.0,0.0,1.034,0.0,0.0,0.0,0.0,0.0,0.0,0.0,2019-12-28
18,hru18,0.0,0.0,1.037,0.0,0.0,0.0,0.0,0.0,0.0,0.0,2019-12-28
19,hru19,0.0,0.0,1.042,0.0,0.0,0.0,0.0,0.0,0.0,0.0,2019-12-28
20,hru20,0.0,0.0,1.038,0.0,0.0,0.0,0.0,0.0,0.0,0.0,2019-12-28
21,hru21,0.0,0.0,1.038,0.0,0.0,0.0,0.0,0.0,0.0,0.0,2019-12-28
22,hru22,0.0,0.0,1.037,0.0,0.0,0.0,0.0,0.0,0.0,0.0,2019-12-28
23,hru23,0.0,0.0,1.037,0.0,0.0,0.0,0.0,0.0,0.0,0.0,2019-12-28
24,hru24,0.0,0.0,1.038,0.0,0.0,0.0,0.0,0.0,0.0,0.0,2019-12-28
25,hru25,0.0,0.0,1.038,0.0,0.0,0.0,0.0,0.0,0.0,0.0,2019-12-28
26,hru26,0.0,0.0,1.038,0.0,0.0,0.0,0.0,0.0,0.0,0.0,2019-12-28
27,hru27,0.0,0.0,1.029,0.0,0.0,0.0,0.0,0.0,0.0,0.0,2019-12-28
28,hru28,0.0,0.0,1.031,0.0,0.0,0.0,0.0,0.0,0.0,0.0,2019-12-28
29,hru29,0.0,0.0,1.028,0.0,0.0,0.0,0.0,0.0,0.0,0.0,2019-12-28
30,hru30,0.0,0.0,1.027,0.0,0.0,0.0,0.0,0.0,0.0,0.0,2019-12-28
31,hru31,0.0,0.0,1.018,0.0,0.0,0.0,0.0,0.0,0.0,0.0,2019-12-28
32,hru32,0.0,0.0,1.033,0.0,0.0,0.0,0.0,0.0,0.0,0.0,2019-12-28
33,hru33,0.0,0.0,1.026,0.0,0.0,0.0,0.0,0.0,0.0,0.0,2019-12-28
34,hru34,0.0,0.0,1.026,0.0,0.0,0.0,0.0,0.0,0.0,0.0,2019-12-28
35,hru35,0.0,0.0,1.018,0.0,0.0,0.0,0.0,0.0,0.0,0.0,2019-12-28
36,hru36,0.0,0.0,1.026,0.0,0.0,0.0,0.0,0.0,0.0,0.0,2019-12-28
1,hru01,0.0,0.0,1.018,0.0,0.0,0.0,0.0,0.0,0.0,0.0,2019-12-29
2,hru02,0.0,0.0,1.026,0.0,0.0,0.0,0.0,0.0,0.0,0.0,2019-12-29
3,hru03,0.0,0.0,1.01,0.0,0.0,0.0,0.0,0.0,0.0,0.0,2019-12-29
4,hru04,0.0,0.0,1.015,0.0,0.0,0.0,0.0,0.0,0.0,0.0,2019-12-29
5,hru05,0.0,0.0,1.023,0.0,0.0,0.0,0.0,0.0,0.0,0.0,2019-12-29
6,hru06,0.0,0.0,1.023,0.0,0.0,0.0,0.0,0.0,0.0,0.0,2019-12-29
7,hru07,0.0,0.0,1.031,0.0,0.0,0.0,0.0,0.0,0.0,0.0,2019-12-29
8,hru08,0.0,0.0,1.01,0.0,0.0,0.0,0.0,0.0,0.0,0.0,2019-12-29
9,hru09,0.0,0.0,1.025,0.0,0.0,0.0,0.0,0.0,0.0,0.0,2019-12-29
10,hru10,0.0,0.0,1.025,0.0,0.0,0.0,0.0,0.0,0.0,0.0,2019-12-29
11,hru11,0.0,0.0,1.031,0.0,0.0,0.0,0.0,0.0,0.0,0.0,2019-12-29
12,hru12,0.0,0.0,1.029,0.0,0.0,0.0,0.0,0.0,0.0,0.0,2019-12-29
13,hru13,0.0,0.0,1.034,0.0,0.0,0.0,0.0,0.0,0.0,0.0,2019-12-29
14,hru14,0.0,0.0,1.029,0.0,0.0,0.0,0.0,0.0,0.0,0.0,2019-12-29
15,hru15,0.0,0.0,1.039,0.0,0.0,0.0,0.0,0.0,0.0,0.0,2019-12-29
16,hru16,0.0,0.0,1.027,0.0,0.0,0.0,0.0,0.0,0.0,0.0,2019-12-29
17,hru17,0.0,0.0,1.035,0.0,0.0,0.0,0.0,0.0,0.0,0.0,2019-12-29
18,hru18,0.0,0.0,1.038,0.0,0.0,0.0,0.0,0.0,0.0,0.0,2019-12-29
19,hru19,0.0,0.0,1.043,0.0,0.0,0.0,0.0,0.0,0.0,0.0,2019-12-29
20,hru20,0.0,0.0,1.039,0.0,0.0,0.0,0.0,0.0,0.0,0.0,2019-12-29
21,hru21,0.0,0.0,1.039,0.0,0.0,0.0,0.0,0.0,0.0,0.0,2019-12-29
22,hru22,0.0,0.0,1.038,0.0,0.0,0.0,0.0,0.0,0.0,0.0,2019-12-29
23,hru23,0.0,0.0,1.038,0.0,0.0,0.0,0.0,0.0,0.0,0.0,2019-12-29
24,hru24,0.0,0.0,1.038,0.0,0.0,0.0,0.0,0.0,0.0,0.0,2019-12-29
25,hru25,0.0,0.0,1.039,0.0,0.0,0.0,0.0,0.0,0.0,0.0,2019-12-29
26,hru26,0.0,0.0,1.038,0.0,0.0,0.0,0.0,0.0,0.0,0.0,2019-12-29
27,hru27,0.0,0.0,1.03,0.0,0.0,0.0,0.0,0.0,0.0,0.0,2019-12-29
28,hru28,0.0,0.0,1.031,0.0,0.0,0.0,0.0,0.0,0.0,0.0,2019-12-29
29,hru29,0.0,0.0,1.028,0.0,0.0,0.0,0.0,0.0,0.0,0.0,2019-12-29
30,hru30,0.0,0.0,1.028,0.0,0.0,0.0,0.0,0.0,0.0,0.0,2019-12-29
31,hru31,0.0,0.0,1.018,0.0,0.0,0.0,0.0,0.0,0.0,0.0,2019-12-29
32,hru32,0.0,0.0,1.034,0.0,0.0,0.0,0.0,0.0,0.0,0.0,2019-12-29
33,hru33,0.0,0.0,1.026,0.0,0.0,0.0,0.0,0.0,0.0,0.0,2019-12-29
34,hru34,0.0,0.0,1.026,0.0,0.0,0.0,0.0,0.0,0.0,0.0,2019-12-29
35,hru35,0.0,0.0,1.019,0.0,0.0,0.0,0.0,0.0,0.0,0.0,2019-12-29
36,hru36,0.0,0.0,1.026,0.0,0.0,0.0,0.0,0.0,0.0,0.0,2019-12-29
1,hru01,0.0,0.0,1.018,0.0,0.0,0.0,0.0,0.0,0.0,0.0,2019-12-30
2,hru02,0.0,0.0,1.026,0.0,0.0,0.0,0.0,0.0,0.0,0.0,2019-12-30
3,hru03,0.0,0.0,1.01,0.0,0.0,0.0,0.0,0.0,0.0,0.0,2019-12-30
4,hru04,0.0,0.0,1.015,0.0,0.0,0.0,0.0,0.0,0.0,0.0,2019-12-30
5,hru05,0.0,0.0,1.023,0.0,0.0,0.0,0.0,0.0,0.0,0.0,2019-12-30
6,hru06,0.0,0.0,1.023,0.0,0.0,0.0,0.0,0.0,0.0,0.0,2019-12-30
7,hru07,0.0,0.0,1.031,0.0,0.0,0.0,0.0,0.0,0.0,0.0,2019-12-30
8,hru08,0.0,0.0,1.01,0.0,0.0,0.0,0.0,0.0,0.0,0.0,2019-12-30
9,hru09,0.0,0.0,1.025,0.0,0.0,0.0,0.0,0.0,0.0,0.0,2019-12-30
10,hru10,0.0,0.0,1.025,0.0,0.0,0.0,0.0,0.0,0.0,0.0,2019-12-30
11,hru11,0.0,0.0,1.031,0.0,0.0,0.0,0.0,0.0,0.0,0.0,2019-12-30
12,hru12,0.0,0.0,1.029,0.0,0.0,0.0,0.0,0.0,0.0,0.0,2019-12-30
13,hru13,0.0,0.0,1.034,0.0,0.0,0.0,0.0,0.0,0.0,0.0,2019-12-30
14,hru14,0.0,0.0,1.029,0.0,0.0,0.0,0.0,0.0,0.0,0.0,2019-12-30
15,hru15,0.0,0.0,1.039,0.0,0.0,0.0,0.0,0.0,0.0,0.0,2019-12-30
16,hru16,0.0,0.0,1.027,0.0,0.0,0.0,0.0,0.0,0.0,0.0,2019-12-30
17,hru17,0.0,0.0,1.035,0.0,0.0,0.0,0.0,0.0,0.0,0.0,2019-12-30
18,hru18,0.0,0.0,1.038,0.0,0.0,0.0,0.0,0.0,0.0,0.0,2019-12-30
19,hru19,0.0,0.0,1.043,0.0,0.0,0.0,0.0,0.0,0.0,0.0,2019-12-30
20,hru20,0.0,0.0,1.039,0.0,0.0,0.0,0.0,0.0,0.0,0.0,2019-12-30
21,hru21,0.0,0.0,1.039,0.0,0.0,0.0,0.0,0.0,0.0,0.0,2019-12-30
22,hru22,0.0,0.0,1.038,0.0,0.0,0.0,0.0,0.0,0.0,0.0,2019-12-30
23,hru23,0.0,0.0,1.038,0.0,0.0,0.0,0.0,0.0,0.0,0.0,2019-12-30
24,hru24,0.0,0.0,1.038,0.0,0.0,0.0,0.0,0.0,0.0,0.0,2019-12-30
25,hru25,0.0,0.0,1.039,0.0,0.0,0.0,0.0,0.0,0.0,0.0,2019-12-30
26,hru26,0.0,0.0,1.038,0.0,0.0,0.0,0.0,0.0,0.0,0.0,2019-12-30
27,hru27,0.0,0.0,1.03,0.0,0.0,0.0,0.0,0.0,0.0,0.0,2019-12-30
28,hru28,0.0,0.0,1.031,0.0,0.0,0.0,0.0,0.0,0.0,0.0,2019-12-30
29,hru29,0.0,0.0,1.028,0.0,0.0,0.0,0.0,0.0,0.0,0.0,2019-12-30
30,hru30,0.0,0.0,1.028,0.0,0.0,0.0,0.0,0.0,0.0,0.0,2019-12-30
31,hru31,0.0,0.0,1.018,0.0,0.0,0.0,0.0,0.0,0.0,0.0,2019-12-30
32,hru32,0.0,0.0,1.034,0.0,0.0,0.0,0.0,0.0,0.0,0.0,2019-12-30
33,hru33,0.0,0.0,1.026,0.0,0.0,0.0,0.0,0.0,0.0,0.0,2019-12-30
34,hru34,0.0,0.0,1.026,0.0,0.0,0.0,0.0,0.0,0.0,0.0,2019-12-30
35,hru35,0.0,0.0,1.019,0.0,0.0,0.0,0.0,0.0,0.0,0.0,2019-12-30
36,hru36,0.0,0.0,1.026,0.0,0.0,0.0,0.0,0.0,0.0,0.0,2019-12-30
1,hru01,0.0,0.0,1.018,0.0,0.0,0.0,0.0,0.0,0.0,0.0,2019-12-31
2,hru02,0.0,0.0,1.026,0.0,0.0,0.0,0.0,0.0,0.0,0.0,2019-12-31
3,hru03,0.0,0.0,1.01,0.0,0.0,0.0,0.0,0.0,0.0,0.0,2019-12-31
4,hru04,0.0,0.0,1.015,0.0,0.0,0.0,0.0,0.0,0.0,0.0,2019-12-31
5,hru05,0.0,0.0,1.023,0.0,0.0,0.0,0.0,0.0,0.0,0.0,2019-12-31
6,hru06,0.0,0.0,1.023,0.0,0.0,0.0,0.0,0.0,0.0,0.0,2019-12-31
7,hru07,0.0,0.0,1.031,0.0,0.0,0.0,0.0,0.0,0.0,0.0,2019-12-31
8,hru08,0.0,0.0,1.01,0.0,0.0,0.0,0.0,0.0,0.0,0.0,2019-12-31
9,hru09,0.0,0.0,1.025,0.0,0.0,0.0,0.0,0.0,0.0,0.0,2019-12-31
10,hru10,0.0,0.0,1.025,0.0,0.0,0.0,0.0,0.0,0.0,0.0,2019-12-31
11,hru11,0.0,0.0,1.031,0.0,0.0,0.0,0.0,0.0,0.0,0.0,2019-12-31
12,hru12,0.0,0.0,1.029,0.0,0.0,0.0,0.0,0.0,0.0,0.0,2019-12-31
13,hru13,0.0,0.0,1.034,0.0,0.0,0.0,0.0,0.0,0.0,0.0,2019-12-31
14,hru14,0.0,0.0,1.029,0.0,0.0,0.0,0.0,0.0,0.0,0.0,2019-12-31
15,hru15,0.0,0.0,1.039,0.0,0.0,0.0,0.0,0.0,0.0,0.0,2019-12-31
16,hru16,0.0,0.0,1.027,0.0,0.0,0.0,0.0,0.0,0.0,0.0,2019-12-31
17,hru17,0.0,0.0,1.035,0.0,0.0,0.0,0.0,0.0,0.0,0.0,2019-12-31
18,hru18,0.0,0.0,1.038,0.0,0.0,0.0,0.0,0.0,0.0,0.0,2019-12-31
19,hru19,0.0,0.0,1.043,0.0,0.0,0.0,0.0,0.0,0.0,0.0,2019-12-31
20,hru20,0.0,0.0,1.039,0.0,0.0,0.0,0.0,0.0,0.0,0.0,2019-12-31
21,hru21,0.0,0.0,1.039,0.0,0.0,0.0,0.0,0.0,0.0,0.0,2019-12-31
22,hru22,0.0,0.0,1.038,0.0,0.0,0.0,0.0,0.0,0.0,0.0,2019-12-31
23,hru23,0.0,0.0,1.038,0.0,0.0,0.0,0.0,0.0,0.0,0.0,2019-12-31
24,hru24,0.0,0.0,1.038,0.0,0.0,0.0,0.0,0.0,0.0,0.0,2019-12-31
25,hru25,0.0,0.0,1.039,0.0,0.0,0.0,0.0,0.0,0.0,0.0,2019-12-31
26,hru26,0.0,0.0,1.038,0.0,0.0,0.0,0.0,0.0,0.0,0.0,2019-12-31
27,hru27,0.0,0.0,1.03,0.0,0.0,0.0,0.0,0.0,0.0,0.0,2019-12-31
28,hru28,0.0,0.0,1.031,0.0,0.0,0.0,0.0,0.0,0.0,0.0,2019-12-31
29,hru29,0.0,0.0,1.028,0.0,0.0,0.0,0.0,0.0,0.0,0.0,2019-12-31
30,hru30,0.0,0.0,1.028,0.0,0.0,0.0,0.0,0.0,0.0,0.0,2019-12-31
31,hru31,0.0,0.0,1.018,0.0,0.0,0.0,0.0,0.0,0.0,0.0,2019-12-31
32,hru32,0.0,0.0,1.034,0.0,0.0,0.0,0.0,0.0,0.0,0.0,2019-12-31
33,hru33,0.0,0.0,1.026,0.0,0.0,0.0,0.0,0.0,0.0,0.0,2019-12-31
34,hru34,0.0,0.0,1.026,0.0,0.0,0.0,0.0,0.0,0.0,0.0,2019-12-31
35,hru35,0.0,0.0,1.019,0.0,0.0,0.0,0.0,0.0,0.0,0.0,2019-12-31
36,hru36,0.0,0.0,1.026,0.0,0.0,0.0,0.0,0.0,0.0,0.0,2019-12-31
