date,year,month,watershed_id,hru_id,precip_mm,temp_mean_c,solar_radiation,soil_moisture,infiltration_mm,et_mm,lai,root_depth_m,transpiration_mm,water_stress,swat_baseline_runoff_mm,swat_baseline_streamflow_m3s,monthly_runoff_mm,monthly_streamflow_m3s,maize_yield_t_ha,climate_scenario,management_scenario,is_synthetic,data_provenance
2015-01-01,2015,1,WS_Cedar_01,WS_Cedar_01_HRU1,34.1,-4.75,6.0,38.17,32.3,2.8,0.0,0.1,0.0,0.0,4.47,4.88,4.89,4.55,0.0,Historical,Baseline,True,DEMO / SYNTHETIC DATA (Plant-to-Watershed Simulator)
2015-01-01,2015,1,WS_Cedar_01,WS_Cedar_01_HRU1,34.1,-4.75,6.0,38.17,33.3,2.8,0.0,0.1,0.0,0.0,3.71,4.75,4.13,4.41,0.0,Historical,No-Till,True,DEMO / SYNTHETIC DATA (Plant-to-Watershed Simulator)
2015-01-01,2015,1,WS_Cedar_01,WS_Cedar_01_HRU2,64.5,-6.46,6.05,42.77,43.8,2.8,0.0,0.1,0.0,0.0,19.25,7.61,19.63,7.61,0.0,Historical,Baseline,True,DEMO / SYNTHETIC DATA (Plant-to-Watershed Simulator)
2015-01-01,2015,1,WS_Cedar_01,WS_Cedar_01_HRU2,64.5,-6.46,6.05,42.77,48.5,2.8,0.0,0.1,0.0,0.0,15.76,7.01,16.11,6.95,0.0,Historical,No-Till,True,DEMO / SYNTHETIC DATA (Plant-to-Watershed Simulator)
2015-01-01,2015,1,WS_Cedar_01,WS_Cedar_01_HRU3,30.1,-5.86,6.0,28.97,30.0,2.8,0.0,0.1,0.0,0.0,1.5,4.56,2.08,3.74,0.0,Historical,Baseline,True,DEMO / SYNTHETIC DATA (Plant-to-Watershed Simulator)
2015-01-01,2015,1,WS_Cedar_01,WS_Cedar_01_HRU3,30.1,-5.86,6.0,28.97,30.1,2.8,0.0,0.1,0.0,0.0,1.5,4.56,2.08,3.74,0.0,Historical,No-Till,True,DEMO / SYNTHETIC DATA (Plant-to-Watershed Simulator)
2015-01-01,2015,1,WS_Iowa_03,WS_Iowa_03_HRU1,34.0,-6.6,6.57,38.17,32.2,2.8,0.0,0.1,0.0,0.0,4.41,8.63,4.24,8.79,0.0,Historical,Baseline,True,DEMO / SYNTHETIC DATA (Plant-to-Watershed Simulator)
2015-01-01,2015,1,WS_Iowa_03,WS_Iowa_03_HRU1,34.0,-6.6,6.57,38.17,33.2,2.8,0.0,0.1,0.0,0.0,3.65,8.42,3.47,8.55,0.0,Historical,No-Till,True,DEMO / SYNTHETIC DATA (Plant-to-Watershed Simulator)
2015-01-01,2015,1,WS_Iowa_03,WS_Iowa_03_HRU2,27.2,-4.42,6.0,39.83,25.2,2.6,0.0,0.1,0.0,0.0,4.14,8.42,4.37,8.32,0.0,Historical,Baseline,True,DEMO / SYNTHETIC DATA (Plant-to-Watershed Simulator)
2015-01-01,2015,1,WS_Iowa_03,WS_Iowa_03_HRU2,27.2,-4.42,6.0,40.2,26.3,2.6,0.0,0.1,0.0,0.0,3.34,8.2,3.57,8.07,0.0,Historical,No-Till,True,DEMO / SYNTHETIC DATA (Plant-to-Watershed Simulator)
2015-01-01,2015,1,WS_Iowa_03,WS_Iowa_03_HRU3,24.4,-5.18,6.0,28.97,24.4,2.8,0.0,0.1,0.0,0.0,2.52,8.04,2.24,8.07,0.0,Historical,Baseline,True,DEMO / SYNTHETIC DATA (Plant-to-Watershed Simulator)
2015-01-01,2015,1,WS_Iowa_03,WS_Iowa_03_HRU3,24.4,-5.18,6.0,28.97,24.4,2.8,0.0,0.1,0.0,0.0,2.52,8.04,2.24,8.07,0.0,Historical,No-Till,True,DEMO / SYNTHETIC DATA (Plant-to-Watershed Simulator)
2015-01-01,2015,1,WS_Raccoon_02,WS_Raccoon_02_HRU1,31.0,-4.95,6.71,37.97,29.9,2.7,0.0,0.1,0.0,0.0,3.54,6.45,4.32,6.27,0.0,Historical,Baseline,True,DEMO / SYNTHETIC DATA (Plant-to-Watershed Simulator)
2015-01-01,2015,1,WS_Raccoon_02,WS_Raccoon_02_HRU1,31.0,-4.95,6.71,38.17,30.6,2.8,0.0,0.1,0.0,0.0,2.98,6.32,3.76,6.13,0.0,Historical,No-Till,True,DEMO / SYNTHETIC DATA (Plant-to-Watershed Simulator)
2015-01-01,2015,1,WS_Raccoon_02,WS_Raccoon_02_HRU2,38.2,-4.86,6.28,42.13,32.2,2.7,0.0,0.1,0.0,0.0,6.94,6.88,6.77,6.6,0.0,Historical,Baseline,True,DEMO / SYNTHETIC DATA (Plant-to-Watershed Simulator)
2015-01-01,2015,1,WS_Raccoon_02,WS_Raccoon_02_HRU2,38.2,-4.86,6.28,42.77,34.4,2.8,0.0,0.1,0.0,0.0,5.3,6.51,5.12,6.18,0.0,Historical,No-Till,True,DEMO / SYNTHETIC DATA (Plant-to-Watershed Simulator)
2015-01-01,2015,1,WS_Raccoon_02,WS_Raccoon_02_HRU3,35.5,-6.12,6.31,28.97,34.9,2.8,0.0,0.1,0.0,0.0,4.43,6.13,5.81,7.24,0.0,Historical,Baseline,True,DEMO / SYNTHETIC DATA (Plant-to-Watershed Simulator)
2015-01-01,2015,1,WS_Raccoon_02,WS_Raccoon_02_HRU3,35.5,-6.12,6.31,28.97,35.4,2.8,0.0,0.1,0.0,0.0,4.05,6.04,5.43,7.15,0.0,Historical,No-Till,True,DEMO / SYNTHETIC DATA (Plant-to-Watershed Simulator)
2015-02-01,2015,2,WS_Cedar_01,WS_Cedar_01_HRU1,26.8,-4.14,6.53,38.17,26.3,2.8,0.0,0.1,0.0,0.0,1.5,4.03,0.74,4.03,0.0,Historical,Baseline,True,DEMO / SYNTHETIC DATA (Plant-to-Watershed Simulator)
2015-02-01,2015,2,WS_Cedar_01,WS_Cedar_01_HRU1,26.8,-4.14,6.53,38.17,26.7,2.8,0.0,0.1,0.0,0.0,1.5,4.03,0.74,4.03,0.0,Historical,No-Till,True,DEMO / SYNTHETIC DATA (Plant-to-Watershed Simulator)
2015-02-01,2015,2,WS_Cedar_01,WS_Cedar_01_HRU2,24.8,-3.92,6.79,42.77,23.5,2.8,0.0,0.1,0.0,0.0,4.84,5.55,4.34,4.5,0.0,Historical,Baseline,True,DEMO / SYNTHETIC DATA (Plant-to-Watershed Simulator)
2015-02-01,2015,2,WS_Cedar_01,WS_Cedar_01_HRU2,24.8,-3.92,6.79,42.77,24.3,2.8,0.0,0.1,0.0,0.0,4.22,5.44,3.71,4.38,0.0,Historical,No-Till,True,DEMO / SYNTHETIC DATA (Plant-to-Watershed Simulator)
2015-02-01,2015,2,WS_Cedar_01,WS_Cedar_01_HRU3,34.7,-1.49,9.11,28.97,34.2,2.8,0.0,0.1,0.0,0.0,2.08,4.49,1.18,4.38,0.0,Historical,Baseline,True,DEMO / SYNTHETIC DATA (Plant-to-Watershed Simulator)
2015-02-01,2015,2,WS_Cedar_01,WS_Cedar_01_HRU3,34.7,-1.49,9.11,28.97,34.6,2.8,0.0,0.1,0.0,0.0,1.75,4.43,0.84,4.32,0.0,Historical,No-Till,True,DEMO / SYNTHETIC DATA (Plant-to-Watershed Simulator)
2015-02-01,2015,2,WS_Iowa_03,WS_Iowa_03_HRU1,37.5,-3.16,8.23,38.17,34.8,2.8,0.0,0.1,0.0,0.0,5.21,9.24,4.98,8.57,0.0,Historical,Baseline,True,DEMO / SYNTHETIC DATA (Plant-to-Watershed Simulator)
2015-02-01,2015,2,WS_Iowa_03,WS_Iowa_03_HRU1,37.5,-3.16,8.23,38.17,36.1,2.8,0.0,0.1,0.0,0.0,4.23,8.96,3.99,8.26,0.0,Historical,No-Till,True,DEMO / SYNTHETIC DATA (Plant-to-Watershed Simulator)
2015-02-01,2015,2,WS_Iowa_03,WS_Iowa_03_HRU2,22.0,-1.0,6.0,42.77,21.3,2.8,0.0,0.1,0.0,0.0,1.96,7.91,2.58,8.4,0.0,Historical,Baseline,True,DEMO / SYNTHETIC DATA (Plant-to-Watershed Simulator)
2015-02-01,2015,2,WS_Iowa_03,WS_Iowa_03_HRU2,22.0,-1.0,6.0,42.77,21.8,2.8,0.0,0.1,0.0,0.0,1.54,7.79,2.16,8.27,0.0,Historical,No-Till,True,DEMO / SYNTHETIC DATA (Plant-to-Watershed Simulator)
2015-02-01,2015,2,WS_Iowa_03,WS_Iowa_03_HRU3,19.6,-2.58,6.3,28.97,19.6,2.8,0.0,0.1,0.0,0.0,2.96,8.41,3.33,8.22,0.0,Historical,Baseline,True,DEMO / SYNTHETIC DATA (Plant-to-Watershed Simulator)
2015-02-01,2015,2,WS_Iowa_03,WS_Iowa_03_HRU3,19.6,-2.58,6.3,28.97,19.6,2.8,0.0,0.1,0.0,0.0,2.96,8.41,3.33,8.22,0.0,Historical,No-Till,True,DEMO / SYNTHETIC DATA (Plant-to-Watershed Simulator)
2015-02-01,2015,2,WS_Raccoon_02,WS_Raccoon_02_HRU1,20.8,-2.82,8.28,38.17,20.8,2.8,0.0,0.1,0.0,0.0,1.5,6.02,1.97,6.28,0.0,Historical,Baseline,True,DEMO / SYNTHETIC DATA (Plant-to-Watershed Simulator)
2015-02-01,2015,2,WS_Raccoon_02,WS_Raccoon_02_HRU1,20.8,-2.82,8.28,38.17,20.8,2.8,0.0,0.1,0.0,0.0,1.5,6.02,1.97,6.28,0.0,Historical,No-Till,True,DEMO / SYNTHETIC DATA (Plant-to-Watershed Simulator)
2015-02-01,2015,2,WS_Raccoon_02,WS_Raccoon_02_HRU2,21.6,-4.39,7.35,42.77,20.9,2.8,0.0,0.1,0.0,0.0,1.5,5.6,0.96,6.34,0.0,Historical,Baseline,True,DEMO / SYNTHETIC DATA (Plant-to-Watershed Simulator)
2015-02-01,2015,2,WS_Raccoon_02,WS_Raccoon_02_HRU2,21.6,-4.39,7.35,42.77,21.4,2.8,0.0,0.1,0.0,0.0,1.5,5.6,0.95,6.34,0.0,Historical,No-Till,True,DEMO / SYNTHETIC DATA (Plant-to-Watershed Simulator)
2015-02-01,2015,2,WS_Raccoon_02,WS_Raccoon_02_HRU3,31.1,-3.74,8.52,28.97,30.9,2.8,0.0,0.1,0.0,0.0,1.5,6.37,1.47,5.55,0.0,Historical,Baseline,True,DEMO / SYNTHETIC DATA (Plant-to-Watershed Simulator)
2015-02-01,2015,2,WS_Raccoon_02,WS_Raccoon_02_HRU3,31.1,-3.74,8.52,28.97,31.1,2.8,0.0,0.1,0.0,0.0,1.5,6.37,1.47,5.55,0.0,Historical,No-Till,True,DEMO / SYNTHETIC DATA (Plant-to-Watershed Simulator)
2015-03-01,2015,3,WS_Cedar_01,WS_Cedar_01_HRU1,15.7,1.14,9.99,32.93,15.7,18.5,0.0,0.1,0.0,0.0,1.97,5.36,2.12,4.24,0.0,Historical,Baseline,True,DEMO / SYNTHETIC DATA (Plant-to-Watershed Simulator)
2015-03-01,2015,3,WS_Cedar_01,WS_Cedar_01_HRU1,15.7,1.14,9.99,32.93,15.7,18.5,0.0,0.1,0.0,0.0,1.97,5.36,2.12,4.24,0.0,Historical,No-Till,True,DEMO / SYNTHETIC DATA (Plant-to-Watershed Simulator)
2015-03-01,2015,3,WS_Cedar_01,WS_Cedar_01_HRU2,43.5,2.93,9.73,36.73,35.1,20.9,0.0,0.1,0.0,0.0,9.94,5.0,8.99,5.76,0.0,Historical,Baseline,True,DEMO / SYNTHETIC DATA (Plant-to-Watershed Simulator)
2015-03-01,2015,3,WS_Cedar_01,WS_Cedar_01_HRU2,43.5,2.93,9.73,36.73,37.8,20.9,0.0,0.1,0.0,0.0,7.9,4.65,6.93,5.38,0.0,Historical,No-Till,True,DEMO / SYNTHETIC DATA (Plant-to-Watershed Simulator)
2015-03-01,2015,3,WS_Cedar_01,WS_Cedar_01_HRU3,40.7,1.8,10.27,23.3,39.2,19.8,0.0,0.1,0.0,0.0,4.97,4.65,5.21,5.2,0.0,Historical,Baseline,True,DEMO / SYNTHETIC DATA (Plant-to-Watershed Simulator)
2015-03-01,2015,3,WS_Cedar_01,WS_Cedar_01_HRU3,40.7,1.8,10.27,23.3,40.1,19.8,0.0,0.1,0.0,0.0,4.3,4.53,4.54,5.07,0.0,Historical,No-Till,True,DEMO / SYNTHETIC DATA (Plant-to-Watershed Simulator)
2015-03-01,2015,3,WS_Iowa_03,WS_Iowa_03_HRU1,13.8,2.22,8.56,32.87,13.8,18.7,0.0,0.1,0.0,0.0,2.36,8.28,1.52,7.85,0.0,Historical,Baseline,True,DEMO / SYNTHETIC DATA (Plant-to-Watershed Simulator)
2015-03-01,2015,3,WS_Iowa_03,WS_Iowa_03_HRU1,13.8,2.22,8.56,32.87,13.8,18.7,0.0,0.1,0.0,0.0,2.36,8.28,1.52,7.85,0.0,Historical,No-Till,True,DEMO / SYNTHETIC DATA (Plant-to-Watershed Simulator)
2015-03-01,2015,3,WS_Iowa_03,WS_Iowa_03_HRU2,11.9,2.0,10.56,36.93,11.9,20.3,0.0,0.1,0.0,0.0,1.5,7.73,0.88,7.6,0.0,Historical,Baseline,True,DEMO / SYNTHETIC DATA (Plant-to-Watershed Simulator)
2015-03-01,2015,3,WS_Iowa_03,WS_Iowa_03_HRU2,11.9,2.0,10.56,36.93,11.9,20.3,0.0,0.1,0.0,0.0,1.5,7.73,0.88,7.6,0.0,Historical,No-Till,True,DEMO / SYNTHETIC DATA (Plant-to-Watershed Simulator)
2015-03-01,2015,3,WS_Iowa_03,WS_Iowa_03_HRU3,18.6,4.28,10.44,22.07,18.6,23.5,0.0,0.1,0.0,0.0,1.5,8.04,2.27,7.85,0.0,Historical,Baseline,True,DEMO / SYNTHETIC DATA (Plant-to-Watershed Simulator)
2015-03-01,2015,3,WS_Iowa_03,WS_Iowa_03_HRU3,18.6,4.28,10.44,22.07,18.6,23.5,0.0,0.1,0.0,0.0,1.5,8.04,2.27,7.85,0.0,Historical,No-Till,True,DEMO / SYNTHETIC DATA (Plant-to-Watershed Simulator)
2015-03-01,2015,3,WS_Raccoon_02,WS_Raccoon_02_HRU1,37.7,0.63,10.41,33.03,34.9,18.2,0.0,0.1,0.0,0.0,5.59,6.76,5.22,6.86,0.0,Historical,Baseline,True,DEMO / SYNTHETIC DATA (Plant-to-Watershed Simulator)
2015-03-01,2015,3,WS_Raccoon_02,WS_Raccoon_02_HRU1,37.7,0.63,10.41,33.03,36.3,18.2,0.0,0.1,0.0,0.0,4.6,6.54,4.22,6.61,0.0,Historical,No-Till,True,DEMO / SYNTHETIC DATA (Plant-to-Watershed Simulator)
2015-03-01,2015,3,WS_Raccoon_02,WS_Raccoon_02_HRU2,40.2,1.71,10.96,36.93,33.3,20.3,0.0,0.1,0.0,0.0,8.98,8.83,8.46,7.1,0.0,Historical,Baseline,True,DEMO / SYNTHETIC DATA (Plant-to-Watershed Simulator)
2015-03-01,2015,3,WS_Raccoon_02,WS_Raccoon_02_HRU2,40.2,1.71,10.96,36.93,35.7,20.3,0.0,0.1,0.0,0.0,7.19,8.42,6.66,6.65,0.0,Historical,No-Till,True,DEMO / SYNTHETIC DATA (Plant-to-Watershed Simulator)
2015-03-01,2015,3,WS_Raccoon_02,WS_Raccoon_02_HRU3,21.1,1.02,9.8,23.83,21.1,18.2,0.0,0.1,0.0,0.0,1.87,6.14,1.05,5.26,0.0,Historical,Baseline,True,DEMO / SYNTHETIC DATA (Plant-to-Watershed Simulator)
2015-03-01,2015,3,WS_Raccoon_02,WS_Raccoon_02_HRU3,21.1,1.02,9.8,23.83,21.1,18.2,0.0,0.1,0.0,0.0,1.87,6.14,1.05,5.26,0.0,Historical,No-Till,True,DEMO / SYNTHETIC DATA (Plant-to-Watershed Simulator)
2015-04-01,2015,4,WS_Cedar_01,WS_Cedar_01_HRU1,26.3,9.73,16.14,27.43,25.9,35.0,0.0,0.1,0.0,0.0,1.69,5.03,1.53,3.77,0.0,Historical,Baseline,True,DEMO / SYNTHETIC DATA (Plant-to-Watershed Simulator)
2015-04-01,2015,4,WS_Cedar_01,WS_Cedar_01_HRU1,26.3,9.73,16.14,27.43,26.3,35.0,0.0,0.1,0.0,0.0,1.5,5.0,1.34,3.74,0.0,Historical,No-Till,True,DEMO / SYNTHETIC DATA (Plant-to-Watershed Simulator)
2015-04-01,2015,4,WS_Cedar_01,WS_Cedar_01_HRU2,22.8,9.07,14.99,32.07,21.9,34.9,0.0,0.1,0.0,0.0,1.87,4.41,1.74,4.49,0.0,Historical,Baseline,True,DEMO / SYNTHETIC DATA (Plant-to-Watershed Simulator)
2015-04-01,2015,4,WS_Cedar_01,WS_Cedar_01_HRU2,22.8,9.07,14.99,32.07,22.5,34.9,0.0,0.1,0.0,0.0,1.5,4.35,1.36,4.41,0.0,Historical,No-Till,True,DEMO / SYNTHETIC DATA (Plant-to-Watershed Simulator)
2015-04-01,2015,4,WS_Cedar_01,WS_Cedar_01_HRU3,10.7,12.02,15.15,15.2,10.7,35.0,0.0,0.1,0.0,0.0,1.5,4.33,1.65,4.26,0.0,Historical,Baseline,True,DEMO / SYNTHETIC DATA (Plant-to-Watershed Simulator)
2015-04-01,2015,4,WS_Cedar_01,WS_Cedar_01_HRU3,10.7,12.02,15.15,15.2,10.7,35.0,0.0,0.1,0.0,0.0,1.5,4.33,1.65,4.26,0.0,Historical,No-Till,True,DEMO / SYNTHETIC DATA (Plant-to-Watershed Simulator)
2015-04-01,2015,4,WS_Iowa_03,WS_Iowa_03_HRU1,47.3,11.98,14.77,27.43,41.3,35.0,0.0,0.1,0.0,0.0,9.17,10.43,9.36,10.89,0.0,Historical,Baseline,True,DEMO / SYNTHETIC DATA (Plant-to-Watershed Simulator)
2015-04-01,2015,4,WS_Iowa_03,WS_Iowa_03_HRU1,47.3,11.98,14.77,27.43,43.5,35.0,0.0,0.1,0.0,0.0,7.53,9.96,7.71,10.37,0.0,Historical,No-Till,True,DEMO / SYNTHETIC DATA (Plant-to-Watershed Simulator)
2015-04-01,2015,4,WS_Iowa_03,WS_Iowa_03_HRU2,16.3,9.16,16.47,30.67,16.2,35.0,0.0,0.1,0.0,0.0,1.5,8.18,0.92,7.61,0.0,Historical,Baseline,True,DEMO / SYNTHETIC DATA (Plant-to-Watershed Simulator)
2015-04-01,2015,4,WS_Iowa_03,WS_Iowa_03_HRU2,16.3,9.16,16.47,30.7,16.3,35.0,0.0,0.1,0.0,0.0,1.5,8.18,0.92,7.61,0.0,Historical,No-Till,True,DEMO / SYNTHETIC DATA (Plant-to-Watershed Simulator)
2015-04-01,2015,4,WS_Iowa_03,WS_Iowa_03_HRU3,71.4,12.11,15.05,18.23,59.8,35.0,0.0,0.1,0.0,0.0,14.01,11.68,14.54,11.55,0.0,Historical,Baseline,True,DEMO / SYNTHETIC DATA (Plant-to-Watershed Simulator)
2015-04-01,2015,4,WS_Iowa_03,WS_Iowa_03_HRU3,71.4,12.11,15.05,18.23,63.1,35.0,0.0,0.1,0.0,0.0,11.51,10.96,12.03,10.76,0.0,Historical,No-Till,True,DEMO / SYNTHETIC DATA (Plant-to-Watershed Simulator)
2015-04-01,2015,4,WS_Raccoon_02,WS_Raccoon_02_HRU1,15.7,8.21,15.72,27.07,15.7,33.6,0.0,0.1,0.0,0.0,1.5,5.92,2.02,6.65,0.0,Historical,Baseline,True,DEMO / SYNTHETIC DATA (Plant-to-Watershed Simulator)
2015-04-01,2015,4,WS_Raccoon_02,WS_Raccoon_02_HRU1,15.7,8.21,15.72,27.07,15.7,33.6,0.0,0.1,0.0,0.0,1.5,5.92,2.02,6.65,0.0,Historical,No-Till,True,DEMO / SYNTHETIC DATA (Plant-to-Watershed Simulator)
2015-04-01,2015,4,WS_Raccoon_02,WS_Raccoon_02_HRU2,22.9,12.74,14.57,32.03,22.0,35.0,0.0,0.1,0.0,0.0,3.13,6.22,4.3,6.95,0.0,Historical,Baseline,True,DEMO / SYNTHETIC DATA (Plant-to-Watershed Simulator)
2015-04-01,2015,4,WS_Raccoon_02,WS_Raccoon_02_HRU2,22.9,12.74,14.57,32.03,22.6,35.0,0.0,0.1,0.0,0.0,2.64,6.11,3.81,6.83,0.0,Historical,No-Till,True,DEMO / SYNTHETIC DATA (Plant-to-Watershed Simulator)
2015-04-01,2015,4,WS_Raccoon_02,WS_Raccoon_02_HRU3,26.6,10.61,14.69,18.23,26.6,35.0,0.0,0.1,0.0,0.0,3.09,5.76,2.97,6.43,0.0,Historical,Baseline,True,DEMO / SYNTHETIC DATA (Plant-to-Watershed Simulator)
2015-04-01,2015,4,WS_Raccoon_02,WS_Raccoon_02_HRU3,26.6,10.61,14.69,18.23,26.6,35.0,0.0,0.1,0.0,0.0,3.09,5.76,2.97,6.43,0.0,Historical,No-Till,True,DEMO / SYNTHETIC DATA (Plant-to-Watershed Simulator)
2015-05-01,2015,5,WS_Cedar_01,WS_Cedar_01_HRU1,34.7,19.73,22.58,22.97,32.7,46.1,0.18,0.2,11.1,0.0,4.51,5.12,3.49,3.98,0.0,Historical,Baseline,True,DEMO / SYNTHETIC DATA (Plant-to-Watershed Simulator)
2015-05-01,2015,5,WS_Cedar_01,WS_Cedar_01_HRU1,34.7,19.73,22.58,23.33,33.8,46.1,0.18,0.2,11.1,0.0,3.71,4.99,2.69,3.83,0.0,Historical,No-Till,True,DEMO / SYNTHETIC DATA (Plant-to-Watershed Simulator)
2015-05-01,2015,5,WS_Cedar_01,WS_Cedar_01_HRU2,53.1,22.29,20.84,29.87,39.5,41.5,0.1,0.2,6.5,0.0,12.49,6.32,12.12,6.18,0.0,Historical,Baseline,True,DEMO / SYNTHETIC DATA (Plant-to-Watershed Simulator)
2015-05-01,2015,5,WS_Cedar_01,WS_Cedar_01_HRU2,53.1,22.29,20.84,29.87,43.1,41.5,0.1,0.2,6.5,0.0,9.77,5.86,9.37,5.66,0.0,Historical,No-Till,True,DEMO / SYNTHETIC DATA (Plant-to-Watershed Simulator)
2015-05-01,2015,5,WS_Cedar_01,WS_Cedar_01_HRU3,120.7,19.45,19.58,16.23,81.1,41.0,0.1,0.2,6.0,0.0,38.23,10.6,36.09,9.94,0.0,Historical,Baseline,True,DEMO / SYNTHETIC DATA (Plant-to-Watershed Simulator)
2015-05-01,2015,5,WS_Cedar_01,WS_Cedar_01_HRU3,120.7,19.45,19.58,16.23,88.0,41.0,0.1,0.2,6.0,0.0,33.03,9.71,30.84,8.95,0.0,Historical,No-Till,True,DEMO / SYNTHETIC DATA (Plant-to-Watershed Simulator)
2015-05-01,2015,5,WS_Iowa_03,WS_Iowa_03_HRU1,48.5,21.78,18.2,24.57,42.0,43.6,0.14,0.2,8.6,0.0,7.73,9.86,8.1,9.62,0.0,Historical,Baseline,True,DEMO / SYNTHETIC DATA (Plant-to-Watershed Simulator)
2015-05-01,2015,5,WS_Iowa_03,WS_Iowa_03_HRU1,48.5,21.78,18.2,24.57,44.3,43.6,0.14,0.2,8.6,0.0,6.02,9.37,6.38,9.07,0.0,Historical,No-Till,True,DEMO / SYNTHETIC DATA (Plant-to-Watershed Simulator)
2015-05-01,2015,5,WS_Iowa_03,WS_Iowa_03_HRU2,136.2,14.89,20.43,30.27,59.4,40.3,0.1,0.2,5.3,0.0,66.79,26.44,65.7,27.41,0.0,Historical,Baseline,True,DEMO / SYNTHETIC DATA (Plant-to-Watershed Simulator)
2015-05-01,2015,5,WS_Iowa_03,WS_Iowa_03_HRU2,136.2,14.89,20.43,30.27,68.7,40.3,0.1,0.2,5.3,0.0,59.83,24.46,58.67,25.19,0.0,Historical,No-Till,True,DEMO / SYNTHETIC DATA (Plant-to-Watershed Simulator)
2015-05-01,2015,5,WS_Iowa_03,WS_Iowa_03_HRU3,68.3,17.9,20.45,13.43,58.0,49.4,0.26,0.2,14.4,0.0,14.19,11.87,14.0,11.73,0.0,Historical,Baseline,True,DEMO / SYNTHETIC DATA (Plant-to-Watershed Simulator)
2015-05-01,2015,5,WS_Iowa_03,WS_Iowa_03_HRU3,68.3,17.9,20.45,13.43,61.1,49.4,0.26,0.2,14.4,0.0,11.87,11.21,11.67,11.0,0.0,Historical,No-Till,True,DEMO / SYNTHETIC DATA (Plant-to-Watershed Simulator)
2015-05-01,2015,5,WS_Raccoon_02,WS_Raccoon_02_HRU1,21.6,16.12,20.55,19.7,21.6,43.7,0.16,0.2,8.7,0.0,1.75,5.68,2.1,5.97,0.0,Historical,Baseline,True,DEMO / SYNTHETIC DATA (Plant-to-Watershed Simulator)
2015-05-01,2015,5,WS_Raccoon_02,WS_Raccoon_02_HRU1,21.6,16.12,20.55,19.7,21.6,43.7,0.16,0.2,8.7,0.0,1.73,5.68,2.08,5.96,0.0,Historical,No-Till,True,DEMO / SYNTHETIC DATA (Plant-to-Watershed Simulator)
2015-05-01,2015,5,WS_Raccoon_02,WS_Raccoon_02_HRU2,116.4,18.82,19.47,28.07,56.4,46.9,0.21,0.2,11.9,0.0,54.44,17.9,53.11,19.13,0.0,Historical,Baseline,True,DEMO / SYNTHETIC DATA (Plant-to-Watershed Simulator)
2015-05-01,2015,5,WS_Raccoon_02,WS_Raccoon_02_HRU2,116.4,18.82,19.47,28.07,64.7,46.9,0.21,0.2,11.9,0.0,48.25,16.48,46.89,17.57,0.0,Historical,No-Till,True,DEMO / SYNTHETIC DATA (Plant-to-Watershed Simulator)
2015-05-01,2015,5,WS_Raccoon_02,WS_Raccoon_02_HRU3,54.6,21.28,21.64,11.4,49.5,55.5,0.34,0.2,20.5,0.0,6.76,7.21,7.59,7.41,0.0,Historical,Baseline,True,DEMO / SYNTHETIC DATA (Plant-to-Watershed Simulator)
2015-05-01,2015,5,WS_Raccoon_02,WS_Raccoon_02_HRU3,54.6,21.28,21.64,11.4,51.5,55.5,0.34,0.2,20.5,0.0,5.26,6.87,6.09,7.03,0.0,Historical,No-Till,True,DEMO / SYNTHETIC DATA (Plant-to-Watershed Simulator)
2015-06-01,2015,6,WS_Cedar_01,WS_Cedar_01_HRU1,71.6,25.52,22.77,9.8,53.8,110.7,1.73,0.5,75.7,0.06,18.65,6.92,15.9,7.11,0.0,Historical,Baseline,True,DEMO / SYNTHETIC DATA (Plant-to-Watershed Simulator)
2015-06-01,2015,6,WS_Cedar_01,WS_Cedar_01_HRU1,71.6,25.52,22.77,9.8,58.0,110.7,1.73,0.5,75.7,0.06,15.47,6.37,12.87,6.54,0.0,Historical,No-Till,True,DEMO / SYNTHETIC DATA (Plant-to-Watershed Simulator)
2015-06-01,2015,6,WS_Cedar_01,WS_Cedar_01_HRU2,119.0,25.76,23.35,14.0,56.9,117.6,2.07,0.5,82.6,0.082,57.53,14.39,50.47,13.29,0.0,Historical,Baseline,True,DEMO / SYNTHETIC DATA (Plant-to-Watershed Simulator)
2015-06-01,2015,6,WS_Cedar_01,WS_Cedar_01_HRU2,119.0,25.76,23.35,14.0,65.3,117.6,2.07,0.5,82.6,0.082,51.23,13.31,44.57,12.17,0.0,Historical,No-Till,True,DEMO / SYNTHETIC DATA (Plant-to-Watershed Simulator)
2015-06-01,2015,6,WS_Cedar_01,WS_Cedar_01_HRU3,162.8,24.57,21.72,6.3,93.0,113.6,1.98,0.5,78.6,0.06,65.6,15.5,56.33,14.6,0.0,Historical,Baseline,True,DEMO / SYNTHETIC DATA (Plant-to-Watershed Simulator)
2015-06-01,2015,6,WS_Cedar_01,WS_Cedar_01_HRU3,162.8,24.57,21.72,6.3,102.5,113.6,1.98,0.5,78.6,0.06,58.5,14.29,49.65,13.34,0.0,Historical,No-Till,True,DEMO / SYNTHETIC DATA (Plant-to-Watershed Simulator)
2015-06-01,2015,6,WS_Iowa_03,WS_Iowa_03_HRU1,31.1,24.33,23.71,9.8,29.9,114.3,1.97,0.5,79.3,0.072,3.79,8.82,2.41,7.61,0.0,Historical,Baseline,True,DEMO / SYNTHETIC DATA (Plant-to-Watershed Simulator)
2015-06-01,2015,6,WS_Iowa_03,WS_Iowa_03_HRU1,31.1,24.33,23.71,9.8,30.7,114.3,1.97,0.5,79.3,0.072,3.22,8.65,1.87,7.44,0.0,Historical,No-Till,True,DEMO / SYNTHETIC DATA (Plant-to-Watershed Simulator)
2015-06-01,2015,6,WS_Iowa_03,WS_Iowa_03_HRU2,85.2,25.43,20.68,14.0,50.0,108.9,1.77,0.5,73.9,0.064,34.46,16.79,30.7,16.9,0.0,Historical,Baseline,True,DEMO / SYNTHETIC DATA (Plant-to-Watershed Simulator)
2015-06-01,2015,6,WS_Iowa_03,WS_Iowa_03_HRU2,85.2,25.43,20.68,14.0,56.2,108.9,1.77,0.5,73.9,0.064,29.75,15.45,26.22,15.49,0.0,Historical,No-Till,True,DEMO / SYNTHETIC DATA (Plant-to-Watershed Simulator)
2015-06-01,2015,6,WS_Iowa_03,WS_Iowa_03_HRU3,73.2,20.62,23.8,6.3,60.8,112.6,2.04,0.5,77.6,0.029,13.12,10.71,9.79,10.36,0.0,Historical,Baseline,True,DEMO / SYNTHETIC DATA (Plant-to-Watershed Simulator)
2015-06-01,2015,6,WS_Iowa_03,WS_Iowa_03_HRU3,73.2,20.62,23.8,6.3,64.3,112.6,2.04,0.5,77.6,0.029,10.51,9.96,7.34,9.59,0.0,Historical,No-Till,True,DEMO / SYNTHETIC DATA (Plant-to-Watershed Simulator)
2015-06-01,2015,6,WS_Raccoon_02,WS_Raccoon_02_HRU1,256.3,25.18,21.25,9.8,89.4,118.5,2.04,0.5,83.5,0.023,145.16,38.5,128.52,38.15,0.0,Historical,Baseline,True,DEMO / SYNTHETIC DATA (Plant-to-Watershed Simulator)
2015-06-01,2015,6,WS_Raccoon_02,WS_Raccoon_02_HRU1,256.3,25.18,21.25,9.8,102.8,118.5,2.04,0.5,83.5,0.023,135.11,36.21,119.09,35.78,0.0,Historical,No-Till,True,DEMO / SYNTHETIC DATA (Plant-to-Watershed Simulator)
2015-06-01,2015,6,WS_Raccoon_02,WS_Raccoon_02_HRU2,75.7,23.2,24.73,14.0,47.4,110.1,1.79,0.5,75.1,0.065,29.08,13.34,24.94,11.94,0.0,Historical,Baseline,True,DEMO / SYNTHETIC DATA (Plant-to-Watershed Simulator)
2015-06-01,2015,6,WS_Raccoon_02,WS_Raccoon_02_HRU2,75.7,23.2,24.73,14.0,52.9,110.1,1.79,0.5,75.1,0.065,24.91,12.39,20.98,10.94,0.0,Historical,No-Till,True,DEMO / SYNTHETIC DATA (Plant-to-Watershed Simulator)
2015-06-01,2015,6,WS_Raccoon_02,WS_Raccoon_02_HRU3,38.2,24.72,22.69,6.3,37.2,120.3,2.0,0.5,85.3,0.003,5.44,6.8,4.15,6.09,0.0,Historical,Baseline,True,DEMO / SYNTHETIC DATA (Plant-to-Watershed Simulator)
2015-06-01,2015,6,WS_Raccoon_02,WS_Raccoon_02_HRU3,38.2,24.72,22.69,6.3,37.9,120.3,2.0,0.5,85.3,0.003,4.91,6.68,3.65,5.96,0.0,Historical,No-Till,True,DEMO / SYNTHETIC DATA (Plant-to-Watershed Simulator)
2015-07-01,2015,7,WS_Cedar_01,WS_Cedar_01_HRU1,65.6,27.9,23.13,9.8,51.1,147.9,4.52,0.9,112.9,0.083,15.93,6.56,10.51,5.52,0.0,Historical,Baseline,True,DEMO / SYNTHETIC DATA (Plant-to-Watershed Simulator)
2015-07-01,2015,7,WS_Cedar_01,WS_Cedar_01_HRU1,65.6,27.9,23.13,9.8,54.8,147.9,4.52,0.9,112.9,0.083,13.12,6.08,8.12,5.07,0.0,Historical,No-Till,True,DEMO / SYNTHETIC DATA (Plant-to-Watershed Simulator)
2015-07-01,2015,7,WS_Cedar_01,WS_Cedar_01_HRU2,186.8,26.72,22.52,14.0,64.9,148.0,4.81,0.9,113.0,0.062,106.06,22.14,79.88,18.45,0.0,Historical,Baseline,True,DEMO / SYNTHETIC DATA (Plant-to-Watershed Simulator)
2015-07-01,2015,7,WS_Cedar_01,WS_Cedar_01_HRU2,186.8,26.72,22.52,14.0,76.2,148.0,4.81,0.9,113.0,0.062,97.59,20.69,72.69,17.09,0.0,Historical,No-Till,True,DEMO / SYNTHETIC DATA (Plant-to-Watershed Simulator)
2015-07-01,2015,7,WS_Cedar_01,WS_Cedar_01_HRU3,151.5,26.11,24.24,6.3,90.2,153.0,4.88,0.9,118.0,0.034,58.9,13.92,41.51,11.45,0.0,Historical,Baseline,True,DEMO / SYNTHETIC DATA (Plant-to-Watershed Simulator)
2015-07-01,2015,7,WS_Cedar_01,WS_Cedar_01_HRU3,151.5,26.11,24.24,6.3,99.0,153.0,4.88,0.9,118.0,0.034,52.27,12.78,35.88,10.39,0.0,Historical,No-Till,True,DEMO / SYNTHETIC DATA (Plant-to-Watershed Simulator)
2015-07-01,2015,7,WS_Iowa_03,WS_Iowa_03_HRU1,149.5,24.82,23.52,9.8,75.8,148.1,4.89,0.9,113.1,0.038,65.68,26.14,46.19,21.39,0.0,Historical,Baseline,True,DEMO / SYNTHETIC DATA (Plant-to-Watershed Simulator)
2015-07-01,2015,7,WS_Iowa_03,WS_Iowa_03_HRU1,149.5,24.82,23.52,9.8,85.1,148.1,4.89,0.9,113.1,0.038,58.7,24.15,40.27,19.53,0.0,Historical,No-Till,True,DEMO / SYNTHETIC DATA (Plant-to-Watershed Simulator)
2015-07-01,2015,7,WS_Iowa_03,WS_Iowa_03_HRU2,101.6,28.14,20.47,14.0,53.7,150.3,4.45,0.9,115.3,0.03,43.85,19.66,30.01,16.64,0.0,Historical,Baseline,True,DEMO / SYNTHETIC DATA (Plant-to-Watershed Simulator)
2015-07-01,2015,7,WS_Iowa_03,WS_Iowa_03_HRU2,101.6,28.14,20.47,14.0,61.1,150.3,4.45,0.9,115.3,0.03,38.32,18.08,25.3,15.16,0.0,Historical,No-Till,True,DEMO / SYNTHETIC DATA (Plant-to-Watershed Simulator)
2015-07-01,2015,7,WS_Iowa_03,WS_Iowa_03_HRU3,134.4,28.61,24.47,6.3,85.4,145.9,4.8,0.9,110.9,0.138,46.27,20.1,31.46,16.66,0.0,Historical,Baseline,True,DEMO / SYNTHETIC DATA (Plant-to-Watershed Simulator)
2015-07-01,2015,7,WS_Iowa_03,WS_Iowa_03_HRU3,134.4,28.61,24.47,6.3,93.2,145.9,4.8,0.9,110.9,0.138,40.4,18.43,26.48,15.09,0.0,Historical,No-Till,True,DEMO / SYNTHETIC DATA (Plant-to-Watershed Simulator)
2015-07-01,2015,7,WS_Raccoon_02,WS_Raccoon_02_HRU1,107.5,26.15,21.76,9.8,66.2,149.2,4.74,0.9,114.2,0.027,41.99,15.76,28.69,12.99,0.0,Historical,Baseline,True,DEMO / SYNTHETIC DATA (Plant-to-Watershed Simulator)
2015-07-01,2015,7,WS_Raccoon_02,WS_Raccoon_02_HRU1,107.5,26.15,21.76,9.8,73.1,149.2,4.74,0.9,114.2,0.027,36.84,14.58,24.32,11.89,0.0,Historical,No-Till,True,DEMO / SYNTHETIC DATA (Plant-to-Watershed Simulator)
2015-07-01,2015,7,WS_Raccoon_02,WS_Raccoon_02_HRU2,116.5,27.35,23.38,14.0,56.4,155.4,4.83,0.9,120.4,0.026,54.24,17.97,40.99,16.0,0.0,Historical,Baseline,True,DEMO / SYNTHETIC DATA (Plant-to-Watershed Simulator)
2015-07-01,2015,7,WS_Raccoon_02,WS_Raccoon_02_HRU2,116.5,27.35,23.38,14.0,64.7,155.4,4.83,0.9,120.4,0.026,48.04,16.56,35.72,14.67,0.0,Historical,No-Till,True,DEMO / SYNTHETIC DATA (Plant-to-Watershed Simulator)
2015-07-01,2015,7,WS_Raccoon_02,WS_Raccoon_02_HRU3,205.8,24.73,23.08,6.3,101.9,140.7,4.8,0.9,105.7,0.091,95.7,27.4,68.95,22.67,0.0,Historical,Baseline,True,DEMO / SYNTHETIC DATA (Plant-to-Watershed Simulator)
2015-07-01,2015,7,WS_Raccoon_02,WS_Raccoon_02_HRU3,205.8,24.73,23.08,6.3,113.4,140.7,4.8,0.9,105.7,0.091,87.02,25.42,61.59,20.81,0.0,Historical,No-Till,True,DEMO / SYNTHETIC DATA (Plant-to-Watershed Simulator)
2015-08-01,2015,8,WS_Cedar_01,WS_Cedar_01_HRU1,111.9,25.61,22.8,9.8,67.4,145.2,4.65,1.2,110.2,0.061,44.15,11.54,30.75,8.83,0.0,Historical,Baseline,True,DEMO / SYNTHETIC DATA (Plant-to-Watershed Simulator)
2015-08-01,2015,8,WS_Cedar_01,WS_Cedar_01_HRU1,111.9,25.61,22.8,9.8,74.6,145.2,4.65,1.2,110.2,0.061,38.78,10.62,26.07,7.94,0.0,Historical,No-Till,True,DEMO / SYNTHETIC DATA (Plant-to-Watershed Simulator)
2015-08-01,2015,8,WS_Cedar_01,WS_Cedar_01_HRU2,100.8,24.39,23.14,14.0,53.5,146.8,5.08,1.2,111.8,0.041,43.8,11.59,31.44,9.71,0.0,Historical,Baseline,True,DEMO / SYNTHETIC DATA (Plant-to-Watershed Simulator)
2015-08-01,2015,8,WS_Cedar_01,WS_Cedar_01_HRU2,100.8,24.39,23.14,14.0,60.8,146.8,5.08,1.2,111.8,0.041,38.3,10.65,26.65,8.81,0.0,Historical,No-Till,True,DEMO / SYNTHETIC DATA (Plant-to-Watershed Simulator)
2015-08-01,2015,8,WS_Cedar_01,WS_Cedar_01_HRU3,100.9,22.99,22.34,6.3,73.7,137.0,4.71,1.2,102.0,0.074,26.51,8.11,14.98,6.92,0.0,Historical,Baseline,True,DEMO / SYNTHETIC DATA (Plant-to-Watershed Simulator)
2015-08-01,2015,8,WS_Cedar_01,WS_Cedar_01_HRU3,100.9,22.99,22.34,6.3,79.3,137.0,4.71,1.2,102.0,0.074,22.32,7.4,11.33,6.23,0.0,Historical,No-Till,True,DEMO / SYNTHETIC DATA (Plant-to-Watershed Simulator)
2015-08-01,2015,8,WS_Iowa_03,WS_Iowa_03_HRU1,108.1,24.57,22.34,9.8,66.4,147.8,4.79,1.2,112.8,0.015,39.67,19.15,25.46,15.3,0.0,Historical,Baseline,True,DEMO / SYNTHETIC DATA (Plant-to-Watershed Simulator)
2015-08-01,2015,8,WS_Iowa_03,WS_Iowa_03_HRU1,108.1,24.57,22.34,9.8,73.3,147.8,4.79,1.2,112.8,0.015,34.48,17.67,20.93,13.87,0.0,Historical,No-Till,True,DEMO / SYNTHETIC DATA (Plant-to-Watershed Simulator)
2015-08-01,2015,8,WS_Iowa_03,WS_Iowa_03_HRU2,215.6,23.18,23.87,14.0,67.2,143.8,4.81,1.2,108.8,0.043,127.5,44.26,93.72,36.94,0.0,Historical,Baseline,True,DEMO / SYNTHETIC DATA (Plant-to-Watershed Simulator)
2015-08-01,2015,8,WS_Iowa_03,WS_Iowa_03_HRU2,215.6,23.18,23.87,14.0,79.3,143.8,4.81,1.2,108.8,0.043,118.37,41.65,85.77,34.43,0.0,Historical,No-Till,True,DEMO / SYNTHETIC DATA (Plant-to-Watershed Simulator)
2015-08-01,2015,8,WS_Iowa_03,WS_Iowa_03_HRU3,54.2,22.12,21.25,6.3,49.3,137.6,4.78,1.2,102.6,0.035,7.46,9.32,2.38,7.92,0.0,Historical,Baseline,True,DEMO / SYNTHETIC DATA (Plant-to-Watershed Simulator)
2015-08-01,2015,8,WS_Iowa_03,WS_Iowa_03_HRU3,54.2,22.12,21.25,6.3,51.2,137.6,4.78,1.2,102.6,0.035,5.98,8.89,1.1,7.51,0.0,Historical,No-Till,True,DEMO / SYNTHETIC DATA (Plant-to-Watershed Simulator)
2015-08-01,2015,8,WS_Raccoon_02,WS_Raccoon_02_HRU1,103.0,26.22,22.3,9.8,64.9,144.4,4.93,1.2,109.4,0.083,36.04,13.49,23.54,11.2,0.0,Historical,Baseline,True,DEMO / SYNTHETIC DATA (Plant-to-Watershed Simulator)
2015-08-01,2015,8,WS_Raccoon_02,WS_Raccoon_02_HRU1,103.0,26.22,22.3,9.8,71.5,144.4,4.93,1.2,109.4,0.083,31.11,12.37,19.24,10.12,0.0,Historical,No-Till,True,DEMO / SYNTHETIC DATA (Plant-to-Watershed Simulator)
2015-08-01,2015,8,WS_Raccoon_02,WS_Raccoon_02_HRU2,122.0,24.64,21.55,14.0,57.3,135.5,4.69,1.2,100.5,0.11,57.25,18.63,40.64,16.0,0.0,Historical,Baseline,True,DEMO / SYNTHETIC DATA (Plant-to-Watershed Simulator)
2015-08-01,2015,8,WS_Raccoon_02,WS_Raccoon_02_HRU2,122.0,24.64,21.55,14.0,65.9,135.5,4.69,1.2,100.5,0.11,50.83,17.17,35.04,14.59,0.0,Historical,No-Till,True,DEMO / SYNTHETIC DATA (Plant-to-Watershed Simulator)
2015-08-01,2015,8,WS_Raccoon_02,WS_Raccoon_02_HRU3,97.8,21.78,22.56,6.3,72.5,136.7,5.08,1.2,101.7,0.065,26.76,12.33,16.03,9.61,0.0,Historical,Baseline,True,DEMO / SYNTHETIC DATA (Plant-to-Watershed Simulator)
2015-08-01,2015,8,WS_Raccoon_02,WS_Raccoon_02_HRU3,97.8,21.78,22.56,6.3,77.8,136.7,5.08,1.2,101.7,0.065,22.75,11.42,12.54,8.73,0.0,Historical,No-Till,True,DEMO / SYNTHETIC DATA (Plant-to-Watershed Simulator)
2015-09-01,2015,9,WS_Cedar_01,WS_Cedar_01_HRU1,74.3,19.73,18.89,9.8,54.9,104.8,2.13,1.33,69.8,0.051,19.86,6.8,13.15,6.51,0.0,Historical,Baseline,True,DEMO / SYNTHETIC DATA (Plant-to-Watershed Simulator)
2015-09-01,2015,9,WS_Cedar_01,WS_Cedar_01_HRU1,74.3,19.73,18.89,9.8,59.4,104.8,2.13,1.33,69.8,0.051,16.51,6.23,9.8,5.88,0.0,Historical,No-Till,True,DEMO / SYNTHETIC DATA (Plant-to-Watershed Simulator)
2015-09-01,2015,9,WS_Cedar_01,WS_Cedar_01_HRU2,96.1,18.92,19.47,14.0,52.5,101.4,2.02,1.33,66.4,0.062,40.15,10.7,31.98,9.9,0.0,Historical,Baseline,True,DEMO / SYNTHETIC DATA (Plant-to-Watershed Simulator)
2015-09-01,2015,9,WS_Cedar_01,WS_Cedar_01_HRU2,96.1,18.92,19.47,14.0,59.5,101.4,2.02,1.33,66.4,0.062,34.88,9.8,26.7,8.9,0.0,Historical,No-Till,True,DEMO / SYNTHETIC DATA (Plant-to-Watershed Simulator)
2015-09-01,2015,9,WS_Cedar_01,WS_Cedar_01_HRU3,67.2,21.07,19.05,6.3,57.4,106.5,2.01,1.33,71.5,0.036,11.84,6.04,6.52,5.38,0.0,Historical,Baseline,True,DEMO / SYNTHETIC DATA (Plant-to-Watershed Simulator)
2015-09-01,2015,9,WS_Cedar_01,WS_Cedar_01_HRU3,67.2,21.07,19.05,6.3,60.4,106.5,2.01,1.33,71.5,0.036,9.58,5.65,4.26,4.95,0.0,Historical,No-Till,True,DEMO / SYNTHETIC DATA (Plant-to-Watershed Simulator)
2015-09-01,2015,9,WS_Iowa_03,WS_Iowa_03_HRU1,72.6,18.65,20.49,9.8,54.2,102.1,2.26,1.33,67.1,0.112,17.54,12.69,11.53,10.72,0.0,Historical,Baseline,True,DEMO / SYNTHETIC DATA (Plant-to-Watershed Simulator)
2015-09-01,2015,9,WS_Iowa_03,WS_Iowa_03_HRU1,72.6,18.65,20.49,9.8,58.5,102.1,2.26,1.33,67.1,0.112,14.3,11.76,8.33,9.72,0.0,Historical,No-Till,True,DEMO / SYNTHETIC DATA (Plant-to-Watershed Simulator)
2015-09-01,2015,9,WS_Iowa_03,WS_Iowa_03_HRU2,128.4,16.85,19.44,14.0,58.3,100.5,2.02,1.33,65.5,0.018,62.68,25.71,52.66,23.32,0.0,Historical,Baseline,True,DEMO / SYNTHETIC DATA (Plant-to-Watershed Simulator)
2015-09-01,2015,9,WS_Iowa_03,WS_Iowa_03_HRU2,128.4,16.85,19.44,14.0,67.2,100.5,2.02,1.33,65.5,0.018,56.01,23.81,45.97,21.22,0.0,Historical,No-Till,True,DEMO / SYNTHETIC DATA (Plant-to-Watershed Simulator)
2015-09-01,2015,9,WS_Iowa_03,WS_Iowa_03_HRU3,82.3,19.12,16.92,6.3,65.4,91.9,1.64,1.33,56.9,0.06,19.81,14.07,13.35,11.67,0.0,Historical,Baseline,True,DEMO / SYNTHETIC DATA (Plant-to-Watershed Simulator)
2015-09-01,2015,9,WS_Iowa_03,WS_Iowa_03_HRU3,82.3,19.12,16.92,6.3,69.6,91.9,1.64,1.33,56.9,0.06,16.67,13.18,10.14,10.66,0.0,Historical,No-Till,True,DEMO / SYNTHETIC DATA (Plant-to-Watershed Simulator)
2015-09-01,2015,9,WS_Raccoon_02,WS_Raccoon_02_HRU1,127.6,18.4,18.7,9.8,71.3,97.4,1.96,1.33,62.4,0.078,53.02,17.91,42.64,16.09,0.0,Historical,Baseline,True,DEMO / SYNTHETIC DATA (Plant-to-Watershed Simulator)
2015-09-01,2015,9,WS_Raccoon_02,WS_Raccoon_02_HRU1,127.6,18.4,18.7,9.8,79.4,97.4,1.96,1.33,62.4,0.078,46.93,16.52,36.51,14.54,0.0,Historical,No-Till,True,DEMO / SYNTHETIC DATA (Plant-to-Watershed Simulator)
2015-09-01,2015,9,WS_Raccoon_02,WS_Raccoon_02_HRU2,33.1,18.81,18.61,14.0,29.2,48.4,2.05,1.33,19.9,0.715,6.94,7.16,4.79,6.78,0.0,Historical,Baseline,True,DEMO / SYNTHETIC DATA (Plant-to-Watershed Simulator)
2015-09-01,2015,9,WS_Raccoon_02,WS_Raccoon_02_HRU2,33.1,18.81,18.61,14.0,30.9,52.9,2.05,1.33,23.7,0.662,5.69,6.87,3.53,6.46,0.0,Historical,No-Till,True,DEMO / SYNTHETIC DATA (Plant-to-Watershed Simulator)
2015-09-01,2015,9,WS_Raccoon_02,WS_Raccoon_02_HRU3,80.1,16.86,20.49,6.3,64.4,97.8,1.88,1.33,62.8,0.043,15.5,8.97,8.95,7.93,0.0,Historical,Baseline,True,DEMO / SYNTHETIC DATA (Plant-to-Watershed Simulator)
2015-09-01,2015,9,WS_Raccoon_02,WS_Raccoon_02_HRU3,80.1,16.86,20.49,6.3,68.4,97.8,1.88,1.33,62.8,0.043,12.48,8.28,5.91,7.16,0.0,Historical,No-Till,True,DEMO / SYNTHETIC DATA (Plant-to-Watershed Simulator)
2015-10-01,2015,10,WS_Cedar_01,WS_Cedar_01_HRU1,29.1,10.18,16.1,11.7,28.3,22.6,0.1,1.38,4.1,0.0,2.3,4.6,0.5,4.19,12.38,Historical,Baseline,True,DEMO / SYNTHETIC DATA (Plant-to-Watershed Simulator)
2015-10-01,2015,10,WS_Cedar_01,WS_Cedar_01_HRU1,29.1,10.18,16.1,11.83,28.9,22.8,0.1,1.38,4.1,0.0,1.85,4.52,0.5,4.19,12.38,Historical,No-Till,True,DEMO / SYNTHETIC DATA (Plant-to-Watershed Simulator)
2015-10-01,2015,10,WS_Cedar_01,WS_Cedar_01_HRU2,58.4,7.79,14.33,19.8,41.6,24.2,0.1,1.38,3.6,0.0,19.14,7.25,15.43,7.28,11.93,Historical,Baseline,True,DEMO / SYNTHETIC DATA (Plant-to-Watershed Simulator)
2015-10-01,2015,10,WS_Cedar_01,WS_Cedar_01_HRU2,58.4,7.79,14.33,20.8,45.7,25.3,0.1,1.38,3.6,0.0,16.05,6.72,12.03,6.64,11.93,Historical,No-Till,True,DEMO / SYNTHETIC DATA (Plant-to-Watershed Simulator)
2015-10-01,2015,10,WS_Cedar_01,WS_Cedar_01_HRU3,50.4,10.9,15.23,10.6,46.6,33.7,0.15,1.38,6.1,0.0,3.63,4.89,0.5,3.35,13.11,Historical,Baseline,True,DEMO / SYNTHETIC DATA (Plant-to-Watershed Simulator)
2015-10-01,2015,10,WS_Cedar_01,WS_Cedar_01_HRU3,50.4,10.9,15.23,10.93,48.3,34.4,0.15,1.38,6.1,0.0,2.38,4.68,0.5,3.35,13.11,Historical,No-Till,True,DEMO / SYNTHETIC DATA (Plant-to-Watershed Simulator)
2015-10-01,2015,10,WS_Iowa_03,WS_Iowa_03_HRU1,37.5,11.24,15.1,13.03,34.8,25.1,0.1,1.38,4.2,0.0,2.84,8.13,0.5,7.89,12.73,Historical,Baseline,True,DEMO / SYNTHETIC DATA (Plant-to-Watershed Simulator)
2015-10-01,2015,10,WS_Iowa_03,WS_Iowa_03_HRU1,37.5,11.24,15.1,13.33,36.1,25.5,0.1,1.38,4.2,0.0,1.86,7.85,0.5,7.89,12.73,Historical,No-Till,True,DEMO / SYNTHETIC DATA (Plant-to-Watershed Simulator)
2015-10-01,2015,10,WS_Iowa_03,WS_Iowa_03_HRU2,22.0,10.88,13.84,14.0,21.3,21.6,0.1,1.38,4.0,0.0,2.44,7.37,1.75,7.9,13.54,Historical,Baseline,True,DEMO / SYNTHETIC DATA (Plant-to-Watershed Simulator)
2015-10-01,2015,10,WS_Iowa_03,WS_Iowa_03_HRU2,22.0,10.88,13.84,14.03,21.8,21.7,0.1,1.38,4.0,0.0,2.02,7.25,1.3,7.76,13.54,Historical,No-Till,True,DEMO / SYNTHETIC DATA (Plant-to-Watershed Simulator)
2015-10-01,2015,10,WS_Iowa_03,WS_Iowa_03_HRU3,42.7,10.21,17.0,9.97,40.8,29.8,0.1,1.38,4.2,0.0,2.22,7.85,0.5,7.59,13.06,Historical,Baseline,True,DEMO / SYNTHETIC DATA (Plant-to-Watershed Simulator)
2015-10-01,2015,10,WS_Iowa_03,WS_Iowa_03_HRU3,42.7,10.21,17.0,10.17,41.9,30.3,0.1,1.38,4.2,0.0,1.5,7.65,0.5,7.59,13.06,Historical,No-Till,True,DEMO / SYNTHETIC DATA (Plant-to-Watershed Simulator)
2015-10-01,2015,10,WS_Raccoon_02,WS_Raccoon_02_HRU1,25.4,10.21,12.75,11.57,25.1,19.8,0.1,1.38,3.8,0.0,1.5,5.67,0.5,5.58,12.44,Historical,Baseline,True,DEMO / SYNTHETIC DATA (Plant-to-Watershed Simulator)
2015-10-01,2015,10,WS_Raccoon_02,WS_Raccoon_02_HRU1,25.4,10.21,12.75,11.63,25.4,19.9,0.1,1.38,3.8,0.0,1.5,5.67,0.5,5.58,12.44,Historical,No-Till,True,DEMO / SYNTHETIC DATA (Plant-to-Watershed Simulator)
2015-10-01,2015,10,WS_Raccoon_02,WS_Raccoon_02_HRU2,48.8,12.36,15.63,16.93,37.6,28.8,0.1,1.38,4.4,0.0,15.03,9.58,12.34,8.24,12.03,Historical,Baseline,True,DEMO / SYNTHETIC DATA (Plant-to-Watershed Simulator)
2015-10-01,2015,10,WS_Raccoon_02,WS_Raccoon_02_HRU2,48.8,12.36,15.63,17.67,40.8,29.8,0.1,1.38,4.4,0.0,12.61,9.03,9.68,7.57,12.03,Historical,No-Till,True,DEMO / SYNTHETIC DATA (Plant-to-Watershed Simulator)
2015-10-01,2015,10,WS_Raccoon_02,WS_Raccoon_02_HRU3,17.6,9.37,14.93,6.3,17.6,18.2,0.1,1.38,3.9,0.0,1.76,5.4,0.5,5.91,12.72,Historical,Baseline,True,DEMO / SYNTHETIC DATA (Plant-to-Watershed Simulator)
2015-10-01,2015,10,WS_Raccoon_02,WS_Raccoon_02_HRU3,17.6,9.37,14.93,6.3,17.6,18.2,0.1,1.38,3.9,0.0,1.76,5.4,0.5,5.91,12.72,Historical,No-Till,True,DEMO / SYNTHETIC DATA (Plant-to-Watershed Simulator)
2015-11-01,2015,11,WS_Cedar_01,WS_Cedar_01_HRU1,29.7,2.01,8.99,17.87,28.8,10.3,0.0,0.1,0.0,0.0,1.5,4.39,1.1,3.92,0.0,Historical,Baseline,True,DEMO / SYNTHETIC DATA (Plant-to-Watershed Simulator)
2015-11-01,2015,11,WS_Cedar_01,WS_Cedar_01_HRU1,29.7,2.01,8.99,18.17,29.4,10.4,0.0,0.1,0.0,0.0,1.5,4.39,1.09,3.92,0.0,Historical,No-Till,True,DEMO / SYNTHETIC DATA (Plant-to-Watershed Simulator)
2015-11-01,2015,11,WS_Cedar_01,WS_Cedar_01_HRU2,45.8,-0.8,10.15,31.2,36.2,2.0,0.0,0.1,0.0,0.0,12.21,6.61,11.87,5.7,0.0,Historical,Baseline,True,DEMO / SYNTHETIC DATA (Plant-to-Watershed Simulator)
2015-11-01,2015,11,WS_Cedar_01,WS_Cedar_01_HRU2,45.8,-0.8,10.15,33.13,39.1,2.1,0.0,0.1,0.0,0.0,10.01,6.24,9.65,5.28,0.0,Historical,No-Till,True,DEMO / SYNTHETIC DATA (Plant-to-Watershed Simulator)
2015-11-01,2015,11,WS_Cedar_01,WS_Cedar_01_HRU3,34.1,4.56,11.89,15.63,33.6,18.5,0.0,0.1,0.0,0.0,4.53,5.47,3.73,4.74,0.0,Historical,Baseline,True,DEMO / SYNTHETIC DATA (Plant-to-Watershed Simulator)
2015-11-01,2015,11,WS_Cedar_01,WS_Cedar_01_HRU3,34.1,4.56,11.89,15.97,34.0,18.9,0.0,0.1,0.0,0.0,4.24,5.42,3.44,4.69,0.0,Historical,No-Till,True,DEMO / SYNTHETIC DATA (Plant-to-Watershed Simulator)
2015-11-01,2015,11,WS_Iowa_03,WS_Iowa_03_HRU1,56.5,1.98,9.4,23.87,46.5,14.0,0.0,0.1,0.0,0.0,12.96,11.05,12.73,11.03,0.0,Historical,Baseline,True,DEMO / SYNTHETIC DATA (Plant-to-Watershed Simulator)
2015-11-01,2015,11,WS_Iowa_03,WS_Iowa_03_HRU1,56.5,1.98,9.4,24.97,49.5,14.6,0.0,0.1,0.0,0.0,10.73,10.42,10.48,10.32,0.0,Historical,No-Till,True,DEMO / SYNTHETIC DATA (Plant-to-Watershed Simulator)
2015-11-01,2015,11,WS_Iowa_03,WS_Iowa_03_HRU2,66.0,0.13,13.43,24.3,44.3,13.4,0.0,0.1,0.0,0.0,21.1,13.53,20.67,13.61,0.0,Historical,Baseline,True,DEMO / SYNTHETIC DATA (Plant-to-Watershed Simulator)
2015-11-01,2015,11,WS_Iowa_03,WS_Iowa_03_HRU2,66.0,0.13,13.43,25.67,49.1,14.2,0.0,0.1,0.0,0.0,17.52,12.51,17.06,12.47,0.0,Historical,No-Till,True,DEMO / SYNTHETIC DATA (Plant-to-Watershed Simulator)
2015-11-01,2015,11,WS_Iowa_03,WS_Iowa_03_HRU3,18.3,2.25,9.43,12.57,18.3,10.5,0.0,0.1,0.0,0.0,2.45,8.65,2.54,8.27,0.0,Historical,Baseline,True,DEMO / SYNTHETIC DATA (Plant-to-Watershed Simulator)
2015-11-01,2015,11,WS_Iowa_03,WS_Iowa_03_HRU3,18.3,2.25,9.43,12.7,18.3,10.7,0.0,0.1,0.0,0.0,2.45,8.65,2.54,8.27,0.0,Historical,No-Till,True,DEMO / SYNTHETIC DATA (Plant-to-Watershed Simulator)
2015-11-01,2015,11,WS_Raccoon_02,WS_Raccoon_02_HRU1,56.7,-0.81,12.28,26.47,46.6,1.9,0.0,0.1,0.0,0.0,11.83,9.34,11.72,8.92,0.0,Historical,Baseline,True,DEMO / SYNTHETIC DATA (Plant-to-Watershed Simulator)
2015-11-01,2015,11,WS_Raccoon_02,WS_Raccoon_02_HRU1,56.7,-0.81,12.28,27.5,49.6,2.0,0.0,0.1,0.0,0.0,9.58,8.83,9.46,8.35,0.0,Historical,No-Till,True,DEMO / SYNTHETIC DATA (Plant-to-Watershed Simulator)
2015-11-01,2015,11,WS_Raccoon_02,WS_Raccoon_02_HRU2,39.5,2.94,10.01,23.43,33.0,13.5,0.0,0.1,0.0,0.0,6.22,7.27,5.68,7.01,0.0,Historical,Baseline,True,DEMO / SYNTHETIC DATA (Plant-to-Watershed Simulator)
2015-11-01,2015,11,WS_Raccoon_02,WS_Raccoon_02_HRU2,39.5,2.94,10.01,24.67,35.3,14.3,0.0,0.1,0.0,0.0,4.48,6.87,3.92,6.57,0.0,Historical,No-Till,True,DEMO / SYNTHETIC DATA (Plant-to-Watershed Simulator)
2015-11-01,2015,11,WS_Raccoon_02,WS_Raccoon_02_HRU3,16.3,1.71,9.45,9.27,16.3,7.4,0.0,0.1,0.0,0.0,1.5,5.91,0.61,5.03,0.0,Historical,Baseline,True,DEMO / SYNTHETIC DATA (Plant-to-Watershed Simulator)
2015-11-01,2015,11,WS_Raccoon_02,WS_Raccoon_02_HRU3,16.3,1.71,9.45,9.27,16.3,7.4,0.0,0.1,0.0,0.0,1.5,5.91,0.61,5.03,0.0,Historical,No-Till,True,DEMO / SYNTHETIC DATA (Plant-to-Watershed Simulator)
2015-12-01,2015,12,WS_Cedar_01,WS_Cedar_01_HRU1,33.6,-2.68,9.9,27.83,31.9,2.0,0.0,0.1,0.0,0.0,4.17,4.82,3.94,3.97,0.0,Historical,Baseline,True,DEMO / SYNTHETIC DATA (Plant-to-Watershed Simulator)
2015-12-01,2015,12,WS_Cedar_01,WS_Cedar_01_HRU1,33.6,-2.68,9.9,28.43,32.9,2.1,0.0,0.1,0.0,0.0,3.44,4.69,3.21,3.83,0.0,Historical,No-Till,True,DEMO / SYNTHETIC DATA (Plant-to-Watershed Simulator)
2015-12-01,2015,12,WS_Cedar_01,WS_Cedar_01_HRU2,50.2,-3.53,6.0,42.77,38.2,2.8,0.0,0.1,0.0,0.0,12.16,6.06,12.09,6.01,0.0,Historical,Baseline,True,DEMO / SYNTHETIC DATA (Plant-to-Watershed Simulator)
2015-12-01,2015,12,WS_Cedar_01,WS_Cedar_01_HRU2,50.2,-3.53,6.0,42.77,41.6,2.8,0.0,0.1,0.0,0.0,9.64,5.63,9.55,5.53,0.0,Historical,No-Till,True,DEMO / SYNTHETIC DATA (Plant-to-Watershed Simulator)
2015-12-01,2015,12,WS_Cedar_01,WS_Cedar_01_HRU3,37.2,-4.8,10.24,26.87,36.3,2.6,0.0,0.1,0.0,0.0,3.41,4.63,3.53,4.48,0.0,Historical,Baseline,True,DEMO / SYNTHETIC DATA (Plant-to-Watershed Simulator)
2015-12-01,2015,12,WS_Cedar_01,WS_Cedar_01_HRU3,37.2,-4.8,10.24,27.43,37.0,2.6,0.0,0.1,0.0,0.0,2.94,4.55,3.06,4.39,0.0,Historical,No-Till,True,DEMO / SYNTHETIC DATA (Plant-to-Watershed Simulator)
2015-12-01,2015,12,WS_Iowa_03,WS_Iowa_03_HRU1,64.5,-2.3,7.94,38.17,50.6,2.8,0.0,0.1,0.0,0.0,15.72,12.24,15.55,11.81,0.0,Historical,Baseline,True,DEMO / SYNTHETIC DATA (Plant-to-Watershed Simulator)
2015-12-01,2015,12,WS_Iowa_03,WS_Iowa_03_HRU1,64.5,-2.3,7.94,38.17,54.2,2.8,0.0,0.1,0.0,0.0,12.97,11.46,12.78,10.94,0.0,Historical,No-Till,True,DEMO / SYNTHETIC DATA (Plant-to-Watershed Simulator)
2015-12-01,2015,12,WS_Iowa_03,WS_Iowa_03_HRU2,36.7,-1.5,6.92,34.03,31.4,2.2,0.0,0.1,0.0,0.0,8.33,9.31,7.25,9.54,0.0,Historical,Baseline,True,DEMO / SYNTHETIC DATA (Plant-to-Watershed Simulator)
2015-12-01,2015,12,WS_Iowa_03,WS_Iowa_03_HRU2,36.7,-1.5,6.92,36.03,33.4,2.3,0.0,0.1,0.0,0.0,6.8,8.87,5.71,9.06,0.0,Historical,No-Till,True,DEMO / SYNTHETIC DATA (Plant-to-Watershed Simulator)
2015-12-01,2015,12,WS_Iowa_03,WS_Iowa_03_HRU3,64.8,-3.6,7.65,28.97,56.0,2.8,0.0,0.1,0.0,0.0,9.96,10.72,9.39,10.39,0.0,Historical,Baseline,True,DEMO / SYNTHETIC DATA (Plant-to-Watershed Simulator)
2015-12-01,2015,12,WS_Iowa_03,WS_Iowa_03_HRU3,64.8,-3.6,7.65,28.97,58.8,2.8,0.0,0.1,0.0,0.0,7.84,10.12,7.25,9.72,0.0,Historical,No-Till,True,DEMO / SYNTHETIC DATA (Plant-to-Watershed Simulator)
2015-12-01,2015,12,WS_Raccoon_02,WS_Raccoon_02_HRU1,45.2,-1.26,7.74,38.17,40.0,2.8,0.0,0.1,0.0,0.0,9.22,8.07,8.47,8.07,0.0,Historical,Baseline,True,DEMO / SYNTHETIC DATA (Plant-to-Watershed Simulator)
2015-12-01,2015,12,WS_Raccoon_02,WS_Raccoon_02_HRU1,45.2,-1.26,7.74,38.17,42.0,2.8,0.0,0.1,0.0,0.0,7.72,7.72,6.96,7.68,0.0,Historical,No-Till,True,DEMO / SYNTHETIC DATA (Plant-to-Watershed Simulator)
2015-12-01,2015,12,WS_Raccoon_02,WS_Raccoon_02_HRU2,32.8,-5.18,7.07,32.4,29.0,2.1,0.0,0.1,0.0,0.0,3.96,6.65,3.46,5.5,0.0,Historical,Baseline,True,DEMO / SYNTHETIC DATA (Plant-to-Watershed Simulator)
2015-12-01,2015,12,WS_Raccoon_02,WS_Raccoon_02_HRU2,32.8,-5.18,7.07,34.17,30.7,2.2,0.0,0.1,0.0,0.0,2.73,6.37,2.22,5.19,0.0,Historical,No-Till,True,DEMO / SYNTHETIC DATA (Plant-to-Watershed Simulator)
2015-12-01,2015,12,WS_Raccoon_02,WS_Raccoon_02_HRU3,37.6,-2.92,9.03,20.83,36.7,2.0,0.0,0.1,0.0,0.0,4.86,6.6,4.77,6.57,0.0,Historical,Baseline,True,DEMO / SYNTHETIC DATA (Plant-to-Watershed Simulator)
2015-12-01,2015,12,WS_Raccoon_02,WS_Raccoon_02_HRU3,37.6,-2.92,9.03,21.03,37.3,2.0,0.0,0.1,0.0,0.0,4.37,6.48,4.28,6.45,0.0,Historical,No-Till,True,DEMO / SYNTHETIC DATA (Plant-to-Watershed Simulator)
2016-01-01,2016,1,WS_Cedar_01,WS_Cedar_01_HRU1,37.8,-5.54,9.46,38.17,35.0,2.8,0.0,0.1,0.0,0.0,5.69,4.87,5.15,4.65,0.0,Historical,Baseline,True,DEMO / SYNTHETIC DATA (Plant-to-Watershed Simulator)
2016-01-01,2016,1,WS_Cedar_01,WS_Cedar_01_HRU1,37.8,-5.54,9.46,38.17,36.4,2.8,0.0,0.1,0.0,0.0,4.68,4.7,4.13,4.45,0.0,Historical,No-Till,True,DEMO / SYNTHETIC DATA (Plant-to-Watershed Simulator)
2016-01-01,2016,1,WS_Cedar_01,WS_Cedar_01_HRU2,17.5,-4.97,8.23,42.77,17.4,2.8,0.0,0.1,0.0,0.0,2.11,4.35,2.17,4.14,0.0,Historical,Baseline,True,DEMO / SYNTHETIC DATA (Plant-to-Watershed Simulator)
2016-01-01,2016,1,WS_Cedar_01,WS_Cedar_01_HRU2,17.5,-4.97,8.23,42.77,17.5,2.8,0.0,0.1,0.0,0.0,2.01,4.33,2.07,4.12,0.0,Historical,No-Till,True,DEMO / SYNTHETIC DATA (Plant-to-Watershed Simulator)
2016-01-01,2016,1,WS_Cedar_01,WS_Cedar_01_HRU3,26.0,-2.96,6.73,28.97,26.0,2.8,0.0,0.1,0.0,0.0,1.55,3.38,1.27,3.42,0.0,Historical,Baseline,True,DEMO / SYNTHETIC DATA (Plant-to-Watershed Simulator)
2016-01-01,2016,1,WS_Cedar_01,WS_Cedar_01_HRU3,26.0,-2.96,6.73,28.97,26.0,2.8,0.0,0.1,0.0,0.0,1.55,3.38,1.27,3.42,0.0,Historical,No-Till,True,DEMO / SYNTHETIC DATA (Plant-to-Watershed Simulator)
2016-01-01,2016,1,WS_Iowa_03,WS_Iowa_03_HRU1,19.7,-5.43,6.6,38.17,19.7,2.8,0.0,0.1,0.0,0.0,4.38,8.71,4.65,8.68,0.0,Historical,Baseline,True,DEMO / SYNTHETIC DATA (Plant-to-Watershed Simulator)
2016-01-01,2016,1,WS_Iowa_03,WS_Iowa_03_HRU1,19.7,-5.43,6.6,38.17,19.7,2.8,0.0,0.1,0.0,0.0,4.38,8.71,4.65,8.68,0.0,Historical,No-Till,True,DEMO / SYNTHETIC DATA (Plant-to-Watershed Simulator)
2016-01-01,2016,1,WS_Iowa_03,WS_Iowa_03_HRU2,24.6,-5.46,7.47,40.93,23.3,2.6,0.0,0.1,0.0,0.0,3.24,8.57,4.15,8.23,0.0,Historical,Baseline,True,DEMO / SYNTHETIC DATA (Plant-to-Watershed Simulator)
2016-01-01,2016,1,WS_Iowa_03,WS_Iowa_03_HRU2,24.6,-5.46,7.47,42.77,24.1,2.8,0.0,0.1,0.0,0.0,2.63,8.4,3.53,8.04,0.0,Historical,No-Till,True,DEMO / SYNTHETIC DATA (Plant-to-Watershed Simulator)
2016-01-01,2016,1,WS_Iowa_03,WS_Iowa_03_HRU3,64.7,-3.82,6.39,28.97,55.9,2.8,0.0,0.1,0.0,0.0,11.2,11.15,10.52,10.47,0.0,Historical,Baseline,True,DEMO / SYNTHETIC DATA (Plant-to-Watershed Simulator)
2016-01-01,2016,1,WS_Iowa_03,WS_Iowa_03_HRU3,64.7,-3.82,6.39,28.97,58.7,2.8,0.0,0.1,0.0,0.0,9.1,10.55,8.4,9.81,0.0,Historical,No-Till,True,DEMO / SYNTHETIC DATA (Plant-to-Watershed Simulator)
2016-01-01,2016,1,WS_Raccoon_02,WS_Raccoon_02_HRU1,28.8,-4.45,6.0,38.17,28.0,2.8,0.0,0.1,0.0,0.0,3.3,6.64,3.46,6.81,0.0,Historical,Baseline,True,DEMO / SYNTHETIC DATA (Plant-to-Watershed Simulator)
2016-01-01,2016,1,WS_Raccoon_02,WS_Raccoon_02_HRU1,28.8,-4.45,6.0,38.17,28.6,2.8,0.0,0.1,0.0,0.0,2.88,6.54,3.04,6.71,0.0,Historical,No-Till,True,DEMO / SYNTHETIC DATA (Plant-to-Watershed Simulator)
2016-01-01,2016,1,WS_Raccoon_02,WS_Raccoon_02_HRU2,61.7,-2.42,6.05,42.77,42.8,2.8,0.0,0.1,0.0,0.0,18.2,9.95,18.03,9.83,0.0,Historical,Baseline,True,DEMO / SYNTHETIC DATA (Plant-to-Watershed Simulator)
2016-01-01,2016,1,WS_Raccoon_02,WS_Raccoon_02_HRU2,61.7,-2.42,6.05,42.77,47.3,2.8,0.0,0.1,0.0,0.0,14.9,9.2,14.71,9.0,0.0,Historical,No-Till,True,DEMO / SYNTHETIC DATA (Plant-to-Watershed Simulator)
2016-01-01,2016,1,WS_Raccoon_02,WS_Raccoon_02_HRU3,73.8,-5.22,7.23,28.97,61.1,2.8,0.0,0.1,0.0,0.0,15.27,9.76,14.66,9.1,0.0,Historical,Baseline,True,DEMO / SYNTHETIC DATA (Plant-to-Watershed Simulator)
2016-01-01,2016,1,WS_Raccoon_02,WS_Raccoon_02_HRU3,73.8,-5.22,7.23,28.97,64.6,2.8,0.0,0.1,0.0,0.0,12.62,9.16,11.99,8.43,0.0,Historical,No-Till,True,DEMO / SYNTHETIC DATA (Plant-to-Watershed Simulator)
2016-02-01,2016,2,WS_Cedar_01,WS_Cedar_01_HRU1,36.5,-2.85,9.01,38.17,34.1,2.8,0.0,0.1,0.0,0.0,5.64,5.28,4.9,5.15,0.0,Historical,Baseline,True,DEMO / SYNTHETIC DATA (Plant-to-Watershed Simulator)
2016-02-01,2016,2,WS_Cedar_01,WS_Cedar_01_HRU1,36.5,-2.85,9.01,38.17,35.3,2.8,0.0,0.1,0.0,0.0,4.72,5.12,3.97,4.97,0.0,Historical,No-Till,True,DEMO / SYNTHETIC DATA (Plant-to-Watershed Simulator)
2016-02-01,2016,2,WS_Cedar_01,WS_Cedar_01_HRU2,52.3,-2.29,8.41,42.77,39.1,2.8,0.0,0.1,0.0,0.0,15.64,6.75,15.84,6.77,0.0,Historical,Baseline,True,DEMO / SYNTHETIC DATA (Plant-to-Watershed Simulator)
2016-02-01,2016,2,WS_Cedar_01,WS_Cedar_01_HRU2,52.3,-2.29,8.41,42.77,42.7,2.8,0.0,0.1,0.0,0.0,12.98,6.3,13.16,6.26,0.0,Historical,No-Till,True,DEMO / SYNTHETIC DATA (Plant-to-Watershed Simulator)
2016-02-01,2016,2,WS_Cedar_01,WS_Cedar_01_HRU3,17.7,-2.68,7.74,28.97,17.7,2.8,0.0,0.1,0.0,0.0,1.5,4.13,0.95,4.08,0.0,Historical,Baseline,True,DEMO / SYNTHETIC DATA (Plant-to-Watershed Simulator)
2016-02-01,2016,2,WS_Cedar_01,WS_Cedar_01_HRU3,17.7,-2.68,7.74,28.97,17.7,2.8,0.0,0.1,0.0,0.0,1.5,4.13,0.95,4.08,0.0,Historical,No-Till,True,DEMO / SYNTHETIC DATA (Plant-to-Watershed Simulator)
2016-02-01,2016,2,WS_Iowa_03,WS_Iowa_03_HRU1,11.0,-5.21,6.0,38.17,11.0,2.8,0.0,0.1,0.0,0.0,1.86,7.58,1.54,7.63,0.0,Historical,Baseline,True,DEMO / SYNTHETIC DATA (Plant-to-Watershed Simulator)
2016-02-01,2016,2,WS_Iowa_03,WS_Iowa_03_HRU1,11.0,-5.21,6.0,38.17,11.0,2.8,0.0,0.1,0.0,0.0,1.86,7.58,1.54,7.63,0.0,Historical,No-Till,True,DEMO / SYNTHETIC DATA (Plant-to-Watershed Simulator)
2016-02-01,2016,2,WS_Iowa_03,WS_Iowa_03_HRU2,26.4,-0.04,7.68,42.77,24.7,2.8,0.0,0.1,0.0,0.0,1.77,8.65,1.7,8.01,0.0,Historical,Baseline,True,DEMO / SYNTHETIC DATA (Plant-to-Watershed Simulator)
2016-02-01,2016,2,WS_Iowa_03,WS_Iowa_03_HRU2,26.4,-0.04,7.68,42.77,25.7,2.8,0.0,0.1,0.0,0.0,1.5,8.57,1.43,7.93,0.0,Historical,No-Till,True,DEMO / SYNTHETIC DATA (Plant-to-Watershed Simulator)
2016-02-01,2016,2,WS_Iowa_03,WS_Iowa_03_HRU3,74.7,-1.26,9.53,28.97,61.6,2.8,0.0,0.1,0.0,0.0,13.85,11.33,13.66,11.01,0.0,Historical,Baseline,True,DEMO / SYNTHETIC DATA (Plant-to-Watershed Simulator)
2016-02-01,2016,2,WS_Iowa_03,WS_Iowa_03_HRU3,74.7,-1.26,9.53,28.97,65.2,2.8,0.0,0.1,0.0,0.0,11.15,10.56,10.93,10.15,0.0,Historical,No-Till,True,DEMO / SYNTHETIC DATA (Plant-to-Watershed Simulator)
2016-02-01,2016,2,WS_Raccoon_02,WS_Raccoon_02_HRU1,42.9,-2.18,6.4,38.17,38.5,2.8,0.0,0.1,0.0,0.0,7.2,8.17,6.85,6.98,0.0,Historical,Baseline,True,DEMO / SYNTHETIC DATA (Plant-to-Watershed Simulator)
2016-02-01,2016,2,WS_Raccoon_02,WS_Raccoon_02_HRU1,42.9,-2.18,6.4,38.17,40.3,2.8,0.0,0.1,0.0,0.0,5.86,7.86,5.5,6.64,0.0,Historical,No-Till,True,DEMO / SYNTHETIC DATA (Plant-to-Watershed Simulator)
2016-02-01,2016,2,WS_Raccoon_02,WS_Raccoon_02_HRU2,40.2,-1.84,7.85,42.77,33.3,2.8,0.0,0.1,0.0,0.0,6.76,7.18,6.65,7.05,0.0,Historical,Baseline,True,DEMO / SYNTHETIC DATA (Plant-to-Watershed Simulator)
2016-02-01,2016,2,WS_Raccoon_02,WS_Raccoon_02_HRU2,40.2,-1.84,7.85,42.77,35.7,2.8,0.0,0.1,0.0,0.0,4.97,6.77,4.85,6.6,0.0,Historical,No-Till,True,DEMO / SYNTHETIC DATA (Plant-to-Watershed Simulator)
2016-02-01,2016,2,WS_Raccoon_02,WS_Raccoon_02_HRU3,19.1,-4.21,6.37,28.97,19.1,2.8,0.0,0.1,0.0,0.0,1.68,5.79,1.1,5.66,0.0,Historical,Baseline,True,DEMO / SYNTHETIC DATA (Plant-to-Watershed Simulator)
2016-02-01,2016,2,WS_Raccoon_02,WS_Raccoon_02_HRU3,19.1,-4.21,6.37,28.97,19.1,2.8,0.0,0.1,0.0,0.0,1.68,5.79,1.1,5.66,0.0,Historical,No-Till,True,DEMO / SYNTHETIC DATA (Plant-to-Watershed Simulator)
2016-03-01,2016,3,WS_Cedar_01,WS_Cedar_01_HRU1,49.1,0.4,13.38,32.2,42.4,20.7,0.0,0.1,0.0,0.0,8.38,5.8,9.16,5.79,0.0,Historical,Baseline,True,DEMO / SYNTHETIC DATA (Plant-to-Watershed Simulator)
2016-03-01,2016,3,WS_Cedar_01,WS_Cedar_01_HRU1,49.1,0.4,13.38,32.2,44.7,20.7,0.0,0.1,0.0,0.0,6.63,5.5,7.4,5.46,0.0,Historical,No-Till,True,DEMO / SYNTHETIC DATA (Plant-to-Watershed Simulator)
2016-03-01,2016,3,WS_Cedar_01,WS_Cedar_01_HRU2,25.2,4.66,12.91,34.87,23.8,26.5,0.0,0.1,0.0,0.0,2.2,4.37,1.11,4.18,0.0,Historical,Baseline,True,DEMO / SYNTHETIC DATA (Plant-to-Watershed Simulator)
2016-03-01,2016,3,WS_Cedar_01,WS_Cedar_01_HRU2,25.2,4.66,12.91,34.87,24.6,26.5,0.0,0.1,0.0,0.0,1.55,4.26,0.5,4.06,0.0,Historical,No-Till,True,DEMO / SYNTHETIC DATA (Plant-to-Watershed Simulator)
2016-03-01,2016,3,WS_Cedar_01,WS_Cedar_01_HRU3,11.2,4.51,10.89,21.8,11.2,24.3,0.0,0.1,0.0,0.0,1.5,4.18,0.9,4.05,0.0,Historical,Baseline,True,DEMO / SYNTHETIC DATA (Plant-to-Watershed Simulator)
2016-03-01,2016,3,WS_Cedar_01,WS_Cedar_01_HRU3,11.2,4.51,10.89,21.8,11.2,24.3,0.0,0.1,0.0,0.0,1.5,4.18,0.9,4.05,0.0,Historical,No-Till,True,DEMO / SYNTHETIC DATA (Plant-to-Watershed Simulator)
2016-03-01,2016,3,WS_Iowa_03,WS_Iowa_03_HRU1,51.5,2.4,9.93,32.33,43.8,20.3,0.0,0.1,0.0,0.0,9.85,10.08,9.95,10.55,0.0,Historical,Baseline,True,DEMO / SYNTHETIC DATA (Plant-to-Watershed Simulator)
2016-03-01,2016,3,WS_Iowa_03,WS_Iowa_03_HRU1,51.5,2.4,9.93,32.33,46.3,20.3,0.0,0.1,0.0,0.0,7.94,9.53,8.03,9.95,0.0,Historical,No-Till,True,DEMO / SYNTHETIC DATA (Plant-to-Watershed Simulator)
2016-03-01,2016,3,WS_Iowa_03,WS_Iowa_03_HRU2,43.5,4.34,10.04,35.97,35.1,23.2,0.0,0.1,0.0,0.0,9.68,10.21,8.78,10.03,0.0,Historical,Baseline,True,DEMO / SYNTHETIC DATA (Plant-to-Watershed Simulator)
2016-03-01,2016,3,WS_Iowa_03,WS_Iowa_03_HRU2,43.5,4.34,10.04,35.97,37.8,23.2,0.0,0.1,0.0,0.0,7.64,9.63,6.73,9.38,0.0,Historical,No-Till,True,DEMO / SYNTHETIC DATA (Plant-to-Watershed Simulator)
2016-03-01,2016,3,WS_Iowa_03,WS_Iowa_03_HRU3,12.2,-0.61,9.66,28.97,12.2,2.8,0.0,0.1,0.0,0.0,1.81,7.97,0.96,7.65,0.0,Historical,Baseline,True,DEMO / SYNTHETIC DATA (Plant-to-Watershed Simulator)
2016-03-01,2016,3,WS_Iowa_03,WS_Iowa_03_HRU3,12.2,-0.61,9.66,28.97,12.2,2.8,0.0,0.1,0.0,0.0,1.81,7.97,0.96,7.65,0.0,Historical,No-Till,True,DEMO / SYNTHETIC DATA (Plant-to-Watershed Simulator)
2016-03-01,2016,3,WS_Raccoon_02,WS_Raccoon_02_HRU1,19.5,1.52,9.81,32.8,19.5,18.9,0.0,0.1,0.0,0.0,2.58,6.33,1.65,5.94,0.0,Historical,Baseline,True,DEMO / SYNTHETIC DATA (Plant-to-Watershed Simulator)
2016-03-01,2016,3,WS_Raccoon_02,WS_Raccoon_02_HRU1,19.5,1.52,9.81,32.8,19.5,18.9,0.0,0.1,0.0,0.0,2.58,6.33,1.65,5.94,0.0,Historical,No-Till,True,DEMO / SYNTHETIC DATA (Plant-to-Watershed Simulator)
2016-03-01,2016,3,WS_Raccoon_02,WS_Raccoon_02_HRU2,34.9,2.17,10.65,36.8,30.3,20.7,0.0,0.1,0.0,0.0,4.27,6.82,4.29,6.63,0.0,Historical,Baseline,True,DEMO / SYNTHETIC DATA (Plant-to-Watershed Simulator)
2016-03-01,2016,3,WS_Raccoon_02,WS_Raccoon_02_HRU2,34.9,2.17,10.65,36.8,32.2,20.7,0.0,0.1,0.0,0.0,2.88,6.5,2.89,6.28,0.0,Historical,No-Till,True,DEMO / SYNTHETIC DATA (Plant-to-Watershed Simulator)
2016-03-01,2016,3,WS_Raccoon_02,WS_Raccoon_02_HRU3,21.0,0.45,11.59,23.53,21.0,19.1,0.0,0.1,0.0,0.0,2.03,6.24,1.23,5.55,0.0,Historical,Baseline,True,DEMO / SYNTHETIC DATA (Plant-to-Watershed Simulator)
2016-03-01,2016,3,WS_Raccoon_02,WS_Raccoon_02_HRU3,21.0,0.45,11.59,23.53,21.0,19.1,0.0,0.1,0.0,0.0,2.03,6.24,1.23,5.55,0.0,Historical,No-Till,True,DEMO / SYNTHETIC DATA (Plant-to-Watershed Simulator)
2016-04-01,2016,4,WS_Cedar_01,WS_Cedar_01_HRU1,30.1,10.51,13.73,27.43,29.1,35.0,0.0,0.1,0.0,0.0,3.71,4.27,4.47,4.41,0.0,Historical,Baseline,True,DEMO / SYNTHETIC DATA (Plant-to-Watershed Simulator)
2016-04-01,2016,4,WS_Cedar_01,WS_Cedar_01_HRU1,30.1,10.51,13.73,27.43,29.8,35.0,0.0,0.1,0.0,0.0,3.21,4.18,3.97,4.32,0.0,Historical,No-Till,True,DEMO / SYNTHETIC DATA (Plant-to-Watershed Simulator)
2016-04-01,2016,4,WS_Cedar_01,WS_Cedar_01_HRU2,59.2,9.55,14.46,32.03,41.9,35.0,0.0,0.1,0.0,0.0,14.79,5.9,15.01,6.87,0.0,Historical,Baseline,True,DEMO / SYNTHETIC DATA (Plant-to-Watershed Simulator)
2016-04-01,2016,4,WS_Cedar_01,WS_Cedar_01_HRU2,59.2,9.55,14.46,32.03,46.1,35.0,0.0,0.1,0.0,0.0,11.65,5.36,11.84,6.27,0.0,Historical,No-Till,True,DEMO / SYNTHETIC DATA (Plant-to-Watershed Simulator)
2016-04-01,2016,4,WS_Cedar_01,WS_Cedar_01_HRU3,8.9,10.66,17.28,13.9,8.9,32.6,0.0,0.1,0.0,0.0,1.5,3.97,0.54,3.36,0.0,Historical,Baseline,True,DEMO / SYNTHETIC DATA (Plant-to-Watershed Simulator)
2016-04-01,2016,4,WS_Cedar_01,WS_Cedar_01_HRU3,8.9,10.66,17.28,13.9,8.9,32.6,0.0,0.1,0.0,0.0,1.5,3.97,0.54,3.36,0.0,Historical,No-Till,True,DEMO / SYNTHETIC DATA (Plant-to-Watershed Simulator)
2016-04-01,2016,4,WS_Iowa_03,WS_Iowa_03_HRU1,39.4,9.99,15.47,27.43,36.1,35.0,0.0,0.1,0.0,0.0,6.14,8.72,5.96,9.24,0.0,Historical,Baseline,True,DEMO / SYNTHETIC DATA (Plant-to-Watershed Simulator)
2016-04-01,2016,4,WS_Iowa_03,WS_Iowa_03_HRU1,39.4,9.99,15.47,27.43,37.6,35.0,0.0,0.1,0.0,0.0,5.03,8.4,4.85,8.89,0.0,Historical,No-Till,True,DEMO / SYNTHETIC DATA (Plant-to-Watershed Simulator)
2016-04-01,2016,4,WS_Iowa_03,WS_Iowa_03_HRU2,18.1,10.94,15.29,30.27,17.9,35.0,0.0,0.1,0.0,0.0,2.17,7.82,3.04,8.78,0.0,Historical,Baseline,True,DEMO / SYNTHETIC DATA (Plant-to-Watershed Simulator)
2016-04-01,2016,4,WS_Iowa_03,WS_Iowa_03_HRU2,18.1,10.94,15.29,30.33,18.1,35.0,0.0,0.1,0.0,0.0,2.03,7.78,2.9,8.73,0.0,Historical,No-Till,True,DEMO / SYNTHETIC DATA (Plant-to-Watershed Simulator)
2016-04-01,2016,4,WS_Iowa_03,WS_Iowa_03_HRU3,22.9,8.35,12.47,19.43,22.9,31.4,0.0,0.1,0.0,0.0,1.5,7.87,1.26,7.92,0.0,Historical,Baseline,True,DEMO / SYNTHETIC DATA (Plant-to-Watershed Simulator)
2016-04-01,2016,4,WS_Iowa_03,WS_Iowa_03_HRU3,22.9,8.35,12.47,19.43,22.9,31.4,0.0,0.1,0.0,0.0,1.5,7.87,1.26,7.92,0.0,Historical,No-Till,True,DEMO / SYNTHETIC DATA (Plant-to-Watershed Simulator)
2016-04-01,2016,4,WS_Raccoon_02,WS_Raccoon_02_HRU1,28.2,10.83,15.61,27.43,27.5,35.0,0.0,0.1,0.0,0.0,3.99,6.45,4.35,6.28,0.0,Historical,Baseline,True,DEMO / SYNTHETIC DATA (Plant-to-Watershed Simulator)
2016-04-01,2016,4,WS_Raccoon_02,WS_Raccoon_02_HRU1,28.2,10.83,15.61,27.43,28.1,35.0,0.0,0.1,0.0,0.0,3.6,6.36,3.95,6.18,0.0,Historical,No-Till,True,DEMO / SYNTHETIC DATA (Plant-to-Watershed Simulator)
2016-04-01,2016,4,WS_Raccoon_02,WS_Raccoon_02_HRU2,20.5,10.0,16.38,31.8,20.0,35.0,0.0,0.1,0.0,0.0,3.67,6.52,1.99,5.9,0.0,Historical,Baseline,True,DEMO / SYNTHETIC DATA (Plant-to-Watershed Simulator)
2016-04-01,2016,4,WS_Raccoon_02,WS_Raccoon_02_HRU2,20.5,10.0,16.38,31.93,20.4,35.0,0.0,0.1,0.0,0.0,3.36,6.45,1.68,5.82,0.0,Historical,No-Till,True,DEMO / SYNTHETIC DATA (Plant-to-Watershed Simulator)
2016-04-01,2016,4,WS_Raccoon_02,WS_Raccoon_02_HRU3,37.3,12.8,14.51,18.23,36.4,35.0,0.0,0.1,0.0,0.0,4.85,6.45,5.32,6.9,0.0,Historical,Baseline,True,DEMO / SYNTHETIC DATA (Plant-to-Watershed Simulator)
2016-04-01,2016,4,WS_Raccoon_02,WS_Raccoon_02_HRU3,37.3,12.8,14.51,18.23,37.1,35.0,0.0,0.1,0.0,0.0,4.37,6.35,4.83,6.77,0.0,Historical,No-Till,True,DEMO / SYNTHETIC DATA (Plant-to-Watershed Simulator)
2016-05-01,2016,5,WS_Cedar_01,WS_Cedar_01_HRU1,105.7,18.02,17.77,23.83,65.7,45.8,0.2,0.2,10.8,0.0,41.49,10.96,40.21,10.97,0.0,Historical,Baseline,True,DEMO / SYNTHETIC DATA (Plant-to-Watershed Simulator)
2016-05-01,2016,5,WS_Cedar_01,WS_Cedar_01_HRU1,105.7,18.02,17.77,23.83,72.5,45.8,0.2,0.2,10.8,0.0,36.43,10.1,35.12,10.01,0.0,Historical,No-Till,True,DEMO / SYNTHETIC DATA (Plant-to-Watershed Simulator)
2016-05-01,2016,5,WS_Cedar_01,WS_Cedar_01_HRU2,40.9,19.14,19.19,25.07,33.7,54.6,0.36,0.2,19.6,0.0,8.64,5.69,9.17,5.27,0.0,Historical,Baseline,True,DEMO / SYNTHETIC DATA (Plant-to-Watershed Simulator)
2016-05-01,2016,5,WS_Cedar_01,WS_Cedar_01_HRU2,40.9,19.14,19.19,25.5,36.2,54.6,0.36,0.2,19.6,0.0,6.79,5.37,7.33,4.92,0.0,Historical,No-Till,True,DEMO / SYNTHETIC DATA (Plant-to-Watershed Simulator)
2016-05-01,2016,5,WS_Cedar_01,WS_Cedar_01_HRU3,81.4,16.12,19.86,15.7,65.0,42.6,0.14,0.2,7.6,0.0,18.16,7.16,16.92,6.79,0.0,Historical,Baseline,True,DEMO / SYNTHETIC DATA (Plant-to-Watershed Simulator)
2016-05-01,2016,5,WS_Cedar_01,WS_Cedar_01_HRU3,81.4,16.12,19.86,15.7,69.1,42.6,0.14,0.2,7.6,0.0,15.06,6.63,13.8,6.2,0.0,Historical,No-Till,True,DEMO / SYNTHETIC DATA (Plant-to-Watershed Simulator)
2016-05-01,2016,5,WS_Iowa_03,WS_Iowa_03_HRU1,48.3,19.59,18.46,25.47,41.9,40.9,0.1,0.2,5.9,0.0,9.93,10.51,10.12,10.65,0.0,Historical,Baseline,True,DEMO / SYNTHETIC DATA (Plant-to-Watershed Simulator)
2016-05-01,2016,5,WS_Iowa_03,WS_Iowa_03_HRU1,48.3,19.59,18.46,25.47,44.2,40.9,0.1,0.2,5.9,0.0,8.23,10.02,8.4,10.11,0.0,Historical,No-Till,True,DEMO / SYNTHETIC DATA (Plant-to-Watershed Simulator)
2016-05-01,2016,5,WS_Iowa_03,WS_Iowa_03_HRU2,147.9,19.09,18.57,30.1,61.0,40.8,0.1,0.2,5.8,0.0,77.94,30.19,76.13,31.29,0.0,Historical,Baseline,True,DEMO / SYNTHETIC DATA (Plant-to-Watershed Simulator)
2016-05-01,2016,5,WS_Iowa_03,WS_Iowa_03_HRU2,147.9,19.09,18.57,30.1,70.8,40.8,0.1,0.2,5.8,0.0,70.58,28.09,68.69,28.95,0.0,Historical,No-Till,True,DEMO / SYNTHETIC DATA (Plant-to-Watershed Simulator)
2016-05-01,2016,5,WS_Iowa_03,WS_Iowa_03_HRU3,67.8,17.8,21.64,13.0,57.8,50.7,0.28,0.2,15.7,0.0,11.92,11.22,11.55,10.68,0.0,Historical,Baseline,True,DEMO / SYNTHETIC DATA (Plant-to-Watershed Simulator)
2016-05-01,2016,5,WS_Iowa_03,WS_Iowa_03_HRU3,67.8,17.8,21.64,13.0,60.8,50.7,0.28,0.2,15.7,0.0,9.62,10.56,9.24,9.95,0.0,Historical,No-Till,True,DEMO / SYNTHETIC DATA (Plant-to-Watershed Simulator)
2016-05-01,2016,5,WS_Raccoon_02,WS_Raccoon_02_HRU1,77.6,19.84,19.91,25.4,56.2,41.1,0.1,0.2,6.1,0.0,21.5,10.3,21.17,10.39,0.0,Historical,Baseline,True,DEMO / SYNTHETIC DATA (Plant-to-Watershed Simulator)
2016-05-01,2016,5,WS_Raccoon_02,WS_Raccoon_02_HRU1,77.6,19.84,19.91,25.4,61.0,41.1,0.1,0.2,6.1,0.0,17.96,9.49,17.6,9.49,0.0,Historical,No-Till,True,DEMO / SYNTHETIC DATA (Plant-to-Watershed Simulator)
2016-05-01,2016,5,WS_Raccoon_02,WS_Raccoon_02_HRU2,39.8,18.4,18.63,29.27,33.1,40.7,0.1,0.2,5.7,0.0,8.8,7.44,9.06,7.37,0.0,Historical,Baseline,True,DEMO / SYNTHETIC DATA (Plant-to-Watershed Simulator)
2016-05-01,2016,5,WS_Raccoon_02,WS_Raccoon_02_HRU2,39.8,18.4,18.63,30.13,35.5,40.7,0.1,0.2,5.7,0.0,7.04,7.04,7.28,6.93,0.0,Historical,No-Till,True,DEMO / SYNTHETIC DATA (Plant-to-Watershed Simulator)
2016-05-01,2016,5,WS_Raccoon_02,WS_Raccoon_02_HRU3,70.3,18.0,19.12,15.27,59.2,43.9,0.16,0.2,8.9,0.0,14.88,9.57,13.73,8.83,0.0,Historical,Baseline,True,DEMO / SYNTHETIC DATA (Plant-to-Watershed Simulator)
2016-05-01,2016,5,WS_Raccoon_02,WS_Raccoon_02_HRU3,70.3,18.0,19.12,15.27,62.4,43.9,0.16,0.2,8.9,0.0,12.44,9.01,11.28,8.21,0.0,Historical,No-Till,True,DEMO / SYNTHETIC DATA (Plant-to-Watershed Simulator)
2016-06-01,2016,6,WS_Cedar_01,WS_Cedar_01_HRU1,177.4,26.14,21.32,9.8,80.5,117.2,2.04,0.5,82.2,0.06,86.06,18.81,75.35,17.83,0.0,Historical,Baseline,True,DEMO / SYNTHETIC DATA (Plant-to-Watershed Simulator)
2016-06-01,2016,6,WS_Cedar_01,WS_Cedar_01_HRU1,177.4,26.14,21.32,9.8,91.1,117.2,2.04,0.5,82.2,0.06,78.1,17.45,67.88,16.42,0.0,Historical,No-Till,True,DEMO / SYNTHETIC DATA (Plant-to-Watershed Simulator)
2016-06-01,2016,6,WS_Cedar_01,WS_Cedar_01_HRU2,83.3,24.41,22.26,14.0,49.5,112.6,1.85,0.5,77.6,0.042,34.19,10.1,29.34,9.52,0.0,Historical,Baseline,True,DEMO / SYNTHETIC DATA (Plant-to-Watershed Simulator)
2016-06-01,2016,6,WS_Cedar_01,WS_Cedar_01_HRU2,83.3,24.41,22.26,14.0,55.6,112.6,1.85,0.5,77.6,0.042,29.59,9.32,24.98,8.69,0.0,Historical,No-Till,True,DEMO / SYNTHETIC DATA (Plant-to-Watershed Simulator)
2016-06-01,2016,6,WS_Cedar_01,WS_Cedar_01_HRU3,60.2,24.87,19.71,6.3,53.2,114.8,1.97,0.5,79.8,0.02,9.93,5.73,7.32,4.99,0.0,Historical,Baseline,True,DEMO / SYNTHETIC DATA (Plant-to-Watershed Simulator)
2016-06-01,2016,6,WS_Cedar_01,WS_Cedar_01_HRU3,60.2,24.87,19.71,6.3,55.6,114.8,1.97,0.5,79.8,0.02,8.09,5.41,5.59,4.66,0.0,Historical,No-Till,True,DEMO / SYNTHETIC DATA (Plant-to-Watershed Simulator)
2016-06-01,2016,6,WS_Iowa_03,WS_Iowa_03_HRU1,91.2,22.59,23.55,9.8,61.2,116.4,2.08,0.5,81.4,0.034,28.74,15.79,24.15,15.7,0.0,Historical,Baseline,True,DEMO / SYNTHETIC DATA (Plant-to-Watershed Simulator)
2016-06-01,2016,6,WS_Iowa_03,WS_Iowa_03_HRU1,91.2,22.59,23.55,9.8,67.0,116.4,2.08,0.5,81.4,0.034,24.43,14.56,20.11,14.43,0.0,Historical,No-Till,True,DEMO / SYNTHETIC DATA (Plant-to-Watershed Simulator)
2016-06-01,2016,6,WS_Iowa_03,WS_Iowa_03_HRU2,82.6,22.5,23.13,14.0,49.3,117.1,2.07,0.5,82.1,0.015,30.26,15.97,25.22,15.0,0.0,Historical,Baseline,True,DEMO / SYNTHETIC DATA (Plant-to-Watershed Simulator)
2016-06-01,2016,6,WS_Iowa_03,WS_Iowa_03_HRU2,82.6,22.5,23.13,14.0,55.4,117.1,2.07,0.5,82.1,0.015,25.69,14.67,20.94,13.65,0.0,Historical,No-Till,True,DEMO / SYNTHETIC DATA (Plant-to-Watershed Simulator)
2016-06-01,2016,6,WS_Iowa_03,WS_Iowa_03_HRU3,95.6,22.11,21.32,6.3,71.5,107.8,1.93,0.5,72.8,0.059,27.89,15.35,23.49,14.13,0.0,Historical,Baseline,True,DEMO / SYNTHETIC DATA (Plant-to-Watershed Simulator)
2016-06-01,2016,6,WS_Iowa_03,WS_Iowa_03_HRU3,95.6,22.11,21.32,6.3,76.7,107.8,1.93,0.5,72.8,0.059,24.0,14.25,19.82,12.97,0.0,Historical,No-Till,True,DEMO / SYNTHETIC DATA (Plant-to-Watershed Simulator)
2016-06-01,2016,6,WS_Raccoon_02,WS_Raccoon_02_HRU1,158.8,25.28,23.01,9.8,77.5,113.8,1.89,0.5,78.8,0.067,73.99,22.45,64.33,21.13,0.0,Historical,Baseline,True,DEMO / SYNTHETIC DATA (Plant-to-Watershed Simulator)
2016-06-01,2016,6,WS_Raccoon_02,WS_Raccoon_02_HRU1,158.8,25.28,23.01,9.8,87.3,113.8,1.89,0.5,78.8,0.067,66.66,20.78,57.4,19.39,0.0,Historical,No-Till,True,DEMO / SYNTHETIC DATA (Plant-to-Watershed Simulator)
2016-06-01,2016,6,WS_Raccoon_02,WS_Raccoon_02_HRU2,130.9,23.51,23.61,14.0,58.7,117.7,2.12,0.5,82.7,0.049,64.4,20.34,56.76,19.63,0.0,Historical,Baseline,True,DEMO / SYNTHETIC DATA (Plant-to-Watershed Simulator)
2016-06-01,2016,6,WS_Raccoon_02,WS_Raccoon_02_HRU2,130.9,23.51,23.61,14.0,67.7,117.7,2.12,0.5,82.7,0.049,57.64,18.8,50.44,18.03,0.0,Historical,No-Till,True,DEMO / SYNTHETIC DATA (Plant-to-Watershed Simulator)
2016-06-01,2016,6,WS_Raccoon_02,WS_Raccoon_02_HRU3,151.0,21.67,23.68,6.3,90.1,116.8,2.1,0.5,81.8,0.015,58.7,19.26,50.38,18.01,0.0,Historical,Baseline,True,DEMO / SYNTHETIC DATA (Plant-to-Watershed Simulator)
2016-06-01,2016,6,WS_Raccoon_02,WS_Raccoon_02_HRU3,151.0,21.67,23.68,6.3,98.9,116.8,2.1,0.5,81.8,0.015,52.09,17.76,44.2,16.45,0.0,Historical,No-Till,True,DEMO / SYNTHETIC DATA (Plant-to-Watershed Simulator)
2016-07-01,2016,7,WS_Cedar_01,WS_Cedar_01_HRU1,133.7,29.3,24.38,9.8,72.7,160.8,4.61,0.9,125.8,0.027,55.12,13.73,40.02,11.49,0.0,Historical,Baseline,True,DEMO / SYNTHETIC DATA (Plant-to-Watershed Simulator)
2016-07-01,2016,7,WS_Cedar_01,WS_Cedar_01_HRU1,133.7,29.3,24.38,9.8,81.1,160.8,4.61,0.9,125.8,0.027,48.76,12.65,34.62,10.47,0.0,Historical,No-Till,True,DEMO / SYNTHETIC DATA (Plant-to-Watershed Simulator)
2016-07-01,2016,7,WS_Cedar_01,WS_Cedar_01_HRU2,165.0,28.6,25.67,14.0,62.9,157.6,4.8,0.9,122.6,0.062,90.61,19.26,68.09,16.7,0.0,Historical,Baseline,True,DEMO / SYNTHETIC DATA (Plant-to-Watershed Simulator)
2016-07-01,2016,7,WS_Cedar_01,WS_Cedar_01_HRU2,165.0,28.6,25.67,14.0,73.4,157.6,4.8,0.9,122.6,0.062,82.72,17.91,61.4,15.44,0.0,Historical,No-Till,True,DEMO / SYNTHETIC DATA (Plant-to-Watershed Simulator)
2016-07-01,2016,7,WS_Cedar_01,WS_Cedar_01_HRU3,131.7,26.75,24.91,6.3,84.6,151.2,4.49,0.9,116.2,0.056,46.78,12.15,32.54,9.97,0.0,Historical,Baseline,True,DEMO / SYNTHETIC DATA (Plant-to-Watershed Simulator)
2016-07-01,2016,7,WS_Cedar_01,WS_Cedar_01_HRU3,131.7,26.75,24.91,6.3,92.2,151.2,4.49,0.9,116.2,0.056,41.05,11.17,27.68,9.05,0.0,Historical,No-Till,True,DEMO / SYNTHETIC DATA (Plant-to-Watershed Simulator)
2016-07-01,2016,7,WS_Iowa_03,WS_Iowa_03_HRU1,54.6,26.22,26.56,9.8,45.5,156.0,4.85,0.9,121.0,0.042,12.87,10.87,7.37,9.2,0.0,Historical,Baseline,True,DEMO / SYNTHETIC DATA (Plant-to-Watershed Simulator)
2016-07-01,2016,7,WS_Iowa_03,WS_Iowa_03_HRU1,54.6,26.22,26.56,9.8,48.3,161.3,4.85,0.9,126.3,0.0,10.76,10.27,5.58,8.63,0.0,Historical,No-Till,True,DEMO / SYNTHETIC DATA (Plant-to-Watershed Simulator)
2016-07-01,2016,7,WS_Iowa_03,WS_Iowa_03_HRU2,158.5,26.18,21.21,14.0,62.2,141.6,4.67,0.9,106.6,0.083,84.69,31.27,63.0,27.11,0.0,Historical,Baseline,True,DEMO / SYNTHETIC DATA (Plant-to-Watershed Simulator)
2016-07-01,2016,7,WS_Iowa_03,WS_Iowa_03_HRU2,158.5,26.18,21.21,14.0,72.4,141.6,4.67,0.9,106.6,0.083,76.99,29.07,56.46,25.05,0.0,Historical,No-Till,True,DEMO / SYNTHETIC DATA (Plant-to-Watershed Simulator)
2016-07-01,2016,7,WS_Iowa_03,WS_Iowa_03_HRU3,36.2,28.09,24.46,6.3,35.5,152.0,4.66,0.9,117.0,0.076,5.68,8.88,4.07,8.63,0.0,Historical,Baseline,True,DEMO / SYNTHETIC DATA (Plant-to-Watershed Simulator)
2016-07-01,2016,7,WS_Iowa_03,WS_Iowa_03_HRU3,36.2,28.09,24.46,6.3,36.0,154.0,4.66,0.9,119.0,0.06,5.26,8.76,3.72,8.52,0.0,Historical,No-Till,True,DEMO / SYNTHETIC DATA (Plant-to-Watershed Simulator)
2016-07-01,2016,7,WS_Raccoon_02,WS_Raccoon_02_HRU1,40.6,27.02,22.02,9.8,37.0,112.8,4.93,0.9,77.8,0.356,5.62,6.89,2.87,6.02,0.0,Historical,Baseline,True,DEMO / SYNTHETIC DATA (Plant-to-Watershed Simulator)
2016-07-01,2016,7,WS_Raccoon_02,WS_Raccoon_02_HRU1,40.6,27.02,22.02,9.8,38.6,118.3,4.93,0.9,83.3,0.311,4.43,6.62,1.86,5.77,0.0,Historical,No-Till,True,DEMO / SYNTHETIC DATA (Plant-to-Watershed Simulator)
2016-07-01,2016,7,WS_Raccoon_02,WS_Raccoon_02_HRU2,108.3,26.57,21.67,14.0,55.0,148.4,4.5,0.9,113.4,0.032,49.95,16.97,37.09,15.22,0.0,Historical,Baseline,True,DEMO / SYNTHETIC DATA (Plant-to-Watershed Simulator)
2016-07-01,2016,7,WS_Raccoon_02,WS_Raccoon_02_HRU2,108.3,26.57,21.67,14.0,62.8,148.4,4.5,0.9,113.4,0.032,44.1,15.63,32.13,13.97,0.0,Historical,No-Till,True,DEMO / SYNTHETIC DATA (Plant-to-Watershed Simulator)
2016-07-01,2016,7,WS_Raccoon_02,WS_Raccoon_02_HRU3,135.6,24.01,24.53,6.3,85.8,144.1,4.48,0.9,109.1,0.055,49.37,17.19,35.51,13.87,0.0,Historical,Baseline,True,DEMO / SYNTHETIC DATA (Plant-to-Watershed Simulator)
2016-07-01,2016,7,WS_Raccoon_02,WS_Raccoon_02_HRU3,135.6,24.01,24.53,6.3,93.7,144.1,4.48,0.9,109.1,0.055,43.46,15.84,30.49,12.6,0.0,Historical,No-Till,True,DEMO / SYNTHETIC DATA (Plant-to-Watershed Simulator)
2016-08-01,2016,8,WS_Cedar_01,WS_Cedar_01_HRU1,58.9,25.77,22.54,9.8,47.8,152.2,4.62,1.2,117.2,0.0,12.95,6.35,6.99,5.37,0.0,Historical,Baseline,True,DEMO / SYNTHETIC DATA (Plant-to-Watershed Simulator)
2016-08-01,2016,8,WS_Cedar_01,WS_Cedar_01_HRU1,58.9,25.77,22.54,9.8,51.0,149.2,4.62,1.2,114.2,0.026,10.56,5.94,4.91,4.98,0.0,Historical,No-Till,True,DEMO / SYNTHETIC DATA (Plant-to-Watershed Simulator)
2016-08-01,2016,8,WS_Cedar_01,WS_Cedar_01_HRU2,86.6,25.78,23.94,14.0,50.3,154.7,5.01,1.2,119.7,0.013,33.37,9.51,22.39,8.16,0.0,Historical,Baseline,True,DEMO / SYNTHETIC DATA (Plant-to-Watershed Simulator)
2016-08-01,2016,8,WS_Cedar_01,WS_Cedar_01_HRU2,86.6,25.78,23.94,14.0,56.7,149.5,5.01,1.2,114.5,0.056,28.58,8.69,18.21,7.37,0.0,Historical,No-Till,True,DEMO / SYNTHETIC DATA (Plant-to-Watershed Simulator)
2016-08-01,2016,8,WS_Cedar_01,WS_Cedar_01_HRU3,33.6,23.24,21.59,6.3,33.2,124.2,4.67,1.2,89.2,0.184,3.18,4.13,0.96,3.72,0.0,Historical,Baseline,True,DEMO / SYNTHETIC DATA (Plant-to-Watershed Simulator)
2016-08-01,2016,8,WS_Cedar_01,WS_Cedar_01_HRU3,33.6,23.24,21.59,6.3,33.6,125.6,4.67,1.2,90.6,0.171,2.91,4.09,0.73,3.68,0.0,Historical,No-Till,True,DEMO / SYNTHETIC DATA (Plant-to-Watershed Simulator)
2016-08-01,2016,8,WS_Iowa_03,WS_Iowa_03_HRU1,182.7,24.74,21.16,9.8,81.3,146.9,4.56,1.2,111.9,0.0,90.55,33.41,65.19,27.62,0.0,Historical,Baseline,True,DEMO / SYNTHETIC DATA (Plant-to-Watershed Simulator)
2016-08-01,2016,8,WS_Iowa_03,WS_Iowa_03_HRU1,182.7,24.74,21.16,9.8,92.1,146.9,4.56,1.2,111.9,0.0,82.41,31.09,58.1,25.39,0.0,Historical,No-Till,True,DEMO / SYNTHETIC DATA (Plant-to-Watershed Simulator)
2016-08-01,2016,8,WS_Iowa_03,WS_Iowa_03_HRU2,141.7,27.29,22.73,14.0,60.2,149.6,4.79,1.2,114.6,0.062,75.47,29.0,54.55,24.44,0.0,Historical,Baseline,True,DEMO / SYNTHETIC DATA (Plant-to-Watershed Simulator)
2016-08-01,2016,8,WS_Iowa_03,WS_Iowa_03_HRU2,141.7,27.29,22.73,14.0,69.7,149.6,4.79,1.2,114.6,0.062,68.31,26.96,48.31,22.47,0.0,Historical,No-Till,True,DEMO / SYNTHETIC DATA (Plant-to-Watershed Simulator)
2016-08-01,2016,8,WS_Iowa_03,WS_Iowa_03_HRU3,122.2,24.49,23.25,6.3,81.6,146.7,4.77,1.2,111.7,0.035,41.4,19.08,26.17,15.97,0.0,Historical,Baseline,True,DEMO / SYNTHETIC DATA (Plant-to-Watershed Simulator)
2016-08-01,2016,8,WS_Iowa_03,WS_Iowa_03_HRU3,122.2,24.49,23.25,6.3,88.6,146.7,4.77,1.2,111.7,0.035,36.13,17.58,21.58,14.53,0.0,Historical,No-Till,True,DEMO / SYNTHETIC DATA (Plant-to-Watershed Simulator)
2016-08-01,2016,8,WS_Raccoon_02,WS_Raccoon_02_HRU1,167.1,24.54,21.39,9.8,78.9,142.2,4.6,1.2,107.2,0.043,79.48,23.87,56.78,20.25,0.0,Historical,Baseline,True,DEMO / SYNTHETIC DATA (Plant-to-Watershed Simulator)
2016-08-01,2016,8,WS_Raccoon_02,WS_Raccoon_02_HRU1,167.1,24.54,21.39,9.8,89.1,142.2,4.6,1.2,107.2,0.043,71.86,22.13,50.14,18.57,0.0,Historical,No-Till,True,DEMO / SYNTHETIC DATA (Plant-to-Watershed Simulator)
2016-08-01,2016,8,WS_Raccoon_02,WS_Raccoon_02_HRU2,114.3,24.78,22.7,14.0,56.1,142.7,4.63,1.2,107.7,0.063,54.36,17.31,38.86,14.55,0.0,Historical,Baseline,True,DEMO / SYNTHETIC DATA (Plant-to-Watershed Simulator)
2016-08-01,2016,8,WS_Raccoon_02,WS_Raccoon_02_HRU2,114.3,24.78,22.7,14.0,64.2,142.7,4.63,1.2,107.7,0.063,48.25,15.91,33.53,13.21,0.0,Historical,No-Till,True,DEMO / SYNTHETIC DATA (Plant-to-Watershed Simulator)
2016-08-01,2016,8,WS_Raccoon_02,WS_Raccoon_02_HRU3,97.1,24.23,20.75,6.3,72.2,145.6,4.71,1.2,110.6,0.0,26.95,12.23,16.21,9.5,0.0,Historical,Baseline,True,DEMO / SYNTHETIC DATA (Plant-to-Watershed Simulator)
2016-08-01,2016,8,WS_Raccoon_02,WS_Raccoon_02_HRU3,97.1,24.23,20.75,6.3,77.5,145.6,4.71,1.2,110.6,0.0,22.98,11.33,12.75,8.63,0.0,Historical,No-Till,True,DEMO / SYNTHETIC DATA (Plant-to-Watershed Simulator)
2016-09-01,2016,9,WS_Cedar_01,WS_Cedar_01_HRU1,139.8,18.52,17.56,9.8,73.9,100.6,1.99,1.33,65.6,0.021,61.75,14.58,50.04,13.22,0.0,Historical,Baseline,True,DEMO / SYNTHETIC DATA (Plant-to-Watershed Simulator)
2016-09-01,2016,9,WS_Cedar_01,WS_Cedar_01_HRU1,139.8,18.52,17.56,9.8,82.7,100.6,1.99,1.33,65.6,0.021,55.15,13.45,43.42,11.97,0.0,Historical,No-Till,True,DEMO / SYNTHETIC DATA (Plant-to-Watershed Simulator)
2016-09-01,2016,9,WS_Cedar_01,WS_Cedar_01_HRU2,51.8,19.28,22.81,14.0,38.9,86.9,1.98,1.33,51.9,0.308,14.7,6.06,10.66,5.66,0.0,Historical,Baseline,True,DEMO / SYNTHETIC DATA (Plant-to-Watershed Simulator)
2016-09-01,2016,9,WS_Cedar_01,WS_Cedar_01_HRU2,51.8,19.28,22.81,14.0,42.4,95.0,1.98,1.33,60.0,0.2,12.07,5.61,8.02,5.17,0.0,Historical,No-Till,True,DEMO / SYNTHETIC DATA (Plant-to-Watershed Simulator)
2016-09-01,2016,9,WS_Cedar_01,WS_Cedar_01_HRU3,88.1,19.95,21.46,6.3,68.2,106.1,1.89,1.33,71.1,0.022,20.66,7.43,14.43,6.69,0.0,Historical,Baseline,True,DEMO / SYNTHETIC DATA (Plant-to-Watershed Simulator)
2016-09-01,2016,9,WS_Cedar_01,WS_Cedar_01_HRU3,88.1,19.95,21.46,6.3,72.8,106.1,1.89,1.33,71.1,0.022,17.18,6.83,10.92,6.02,0.0,Historical,No-Till,True,DEMO / SYNTHETIC DATA (Plant-to-Watershed Simulator)
2016-09-01,2016,9,WS_Iowa_03,WS_Iowa_03_HRU1,85.6,18.2,20.44,9.8,59.3,101.5,2.02,1.33,66.5,0.058,25.85,14.65,17.32,12.61,0.0,Historical,Baseline,True,DEMO / SYNTHETIC DATA (Plant-to-Watershed Simulator)
2016-09-01,2016,9,WS_Iowa_03,WS_Iowa_03_HRU1,85.6,18.2,20.44,9.8,64.6,101.5,2.02,1.33,66.5,0.058,21.85,13.51,13.31,11.34,0.0,Historical,No-Till,True,DEMO / SYNTHETIC DATA (Plant-to-Watershed Simulator)
2016-09-01,2016,9,WS_Iowa_03,WS_Iowa_03_HRU2,28.5,20.11,19.2,14.0,26.2,49.1,1.94,1.33,20.5,0.712,1.75,7.81,0.5,7.42,0.0,Historical,Baseline,True,DEMO / SYNTHETIC DATA (Plant-to-Watershed Simulator)
2016-09-01,2016,9,WS_Iowa_03,WS_Iowa_03_HRU2,28.5,20.11,19.2,14.0,27.4,52.2,1.94,1.33,23.1,0.675,1.5,7.74,0.5,7.42,0.0,Historical,No-Till,True,DEMO / SYNTHETIC DATA (Plant-to-Watershed Simulator)
2016-09-01,2016,9,WS_Iowa_03,WS_Iowa_03_HRU3,46.3,18.55,19.26,6.3,43.6,97.5,1.91,1.33,62.5,0.077,4.73,9.69,2.13,7.97,0.0,Historical,Baseline,True,DEMO / SYNTHETIC DATA (Plant-to-Watershed Simulator)
2016-09-01,2016,9,WS_Iowa_03,WS_Iowa_03_HRU3,46.3,18.55,19.26,6.3,45.0,97.5,1.91,1.33,62.5,0.077,3.72,9.4,1.11,7.65,0.0,Historical,No-Till,True,DEMO / SYNTHETIC DATA (Plant-to-Watershed Simulator)
2016-09-01,2016,9,WS_Raccoon_02,WS_Raccoon_02_HRU1,32.6,20.12,20.85,9.8,31.1,64.2,2.09,1.33,35.0,0.54,6.14,7.59,3.35,6.84,0.0,Historical,Baseline,True,DEMO / SYNTHETIC DATA (Plant-to-Watershed Simulator)
2016-09-01,2016,9,WS_Raccoon_02,WS_Raccoon_02_HRU1,32.6,20.12,20.85,9.8,32.0,66.5,2.09,1.33,36.9,0.515,5.47,7.43,2.68,6.68,0.0,Historical,No-Till,True,DEMO / SYNTHETIC DATA (Plant-to-Watershed Simulator)
2016-09-01,2016,9,WS_Raccoon_02,WS_Raccoon_02_HRU2,150.2,17.05,20.89,14.0,61.2,100.3,1.82,1.33,65.3,0.0,78.11,24.07,65.47,21.65,0.0,Historical,Baseline,True,DEMO / SYNTHETIC DATA (Plant-to-Watershed Simulator)
2016-09-01,2016,9,WS_Raccoon_02,WS_Raccoon_02_HRU2,150.2,17.05,20.89,14.0,71.2,100.3,1.82,1.33,65.3,0.0,70.68,22.37,57.94,19.76,0.0,Historical,No-Till,True,DEMO / SYNTHETIC DATA (Plant-to-Watershed Simulator)
2016-09-01,2016,9,WS_Raccoon_02,WS_Raccoon_02_HRU3,99.4,19.39,20.49,6.3,73.1,100.9,2.06,1.33,65.9,0.106,28.84,13.06,18.88,10.3,0.0,Historical,Baseline,True,DEMO / SYNTHETIC DATA (Plant-to-Watershed Simulator)
2016-09-01,2016,9,WS_Raccoon_02,WS_Raccoon_02_HRU3,99.4,19.39,20.49,6.3,78.6,100.9,2.06,1.33,65.9,0.106,24.74,12.13,14.78,9.26,0.0,Historical,No-Till,True,DEMO / SYNTHETIC DATA (Plant-to-Watershed Simulator)
2016-10-01,2016,10,WS_Cedar_01,WS_Cedar_01_HRU1,28.7,11.61,15.93,11.27,28.0,23.6,0.1,1.38,4.3,0.0,3.88,4.75,0.91,4.02,13.03,Historical,Baseline,True,DEMO / SYNTHETIC DATA (Plant-to-Watershed Simulator)
2016-10-01,2016,10,WS_Cedar_01,WS_Cedar_01_HRU1,28.7,11.61,15.93,11.37,28.5,23.8,0.1,1.38,4.3,0.0,3.46,4.68,0.5,3.95,13.03,Historical,No-Till,True,DEMO / SYNTHETIC DATA (Plant-to-Watershed Simulator)
2016-10-01,2016,10,WS_Cedar_01,WS_Cedar_01_HRU2,61.8,10.82,14.87,18.9,42.9,28.2,0.1,1.38,4.1,0.0,21.02,7.1,16.66,7.02,13.43,Historical,Baseline,True,DEMO / SYNTHETIC DATA (Plant-to-Watershed Simulator)
2016-10-01,2016,10,WS_Cedar_01,WS_Cedar_01_HRU2,61.8,10.82,14.87,19.93,47.3,29.5,0.1,1.38,4.1,0.0,17.71,6.54,13.01,6.33,13.43,Historical,No-Till,True,DEMO / SYNTHETIC DATA (Plant-to-Watershed Simulator)
2016-10-01,2016,10,WS_Cedar_01,WS_Cedar_01_HRU3,11.7,11.23,14.17,6.3,11.7,20.6,0.2,1.38,7.9,0.0,1.5,4.67,1.24,3.71,12.55,Historical,Baseline,True,DEMO / SYNTHETIC DATA (Plant-to-Watershed Simulator)
2016-10-01,2016,10,WS_Cedar_01,WS_Cedar_01_HRU3,11.7,11.23,14.17,6.3,11.7,20.6,0.2,1.38,7.9,0.0,1.5,4.67,1.24,3.71,12.55,Historical,No-Till,True,DEMO / SYNTHETIC DATA (Plant-to-Watershed Simulator)
2016-10-01,2016,10,WS_Iowa_03,WS_Iowa_03_HRU1,22.1,12.66,13.17,10.13,22.0,21.0,0.1,1.38,4.2,0.0,2.92,8.3,0.86,7.54,13.26,Historical,Baseline,True,DEMO / SYNTHETIC DATA (Plant-to-Watershed Simulator)
2016-10-01,2016,10,WS_Iowa_03,WS_Iowa_03_HRU1,22.1,12.66,13.17,10.17,22.1,21.0,0.1,1.38,4.2,0.0,2.88,8.29,0.82,7.52,13.26,Historical,No-Till,True,DEMO / SYNTHETIC DATA (Plant-to-Watershed Simulator)
2016-10-01,2016,10,WS_Iowa_03,WS_Iowa_03_HRU2,26.1,13.44,13.77,14.0,24.4,25.5,0.12,1.38,5.2,0.0,4.31,9.21,3.09,8.85,12.59,Historical,Baseline,True,DEMO / SYNTHETIC DATA (Plant-to-Watershed Simulator)
2016-10-01,2016,10,WS_Iowa_03,WS_Iowa_03_HRU2,26.1,13.44,13.77,14.0,25.4,25.8,0.12,1.38,5.2,0.0,3.59,9.0,2.3,8.61,12.59,Historical,No-Till,True,DEMO / SYNTHETIC DATA (Plant-to-Watershed Simulator)
2016-10-01,2016,10,WS_Iowa_03,WS_Iowa_03_HRU3,60.2,10.48,14.06,12.97,53.2,33.2,0.11,1.38,4.3,0.0,11.27,10.69,6.61,9.77,12.44,Historical,Baseline,True,DEMO / SYNTHETIC DATA (Plant-to-Watershed Simulator)
2016-10-01,2016,10,WS_Iowa_03,WS_Iowa_03_HRU3,60.2,10.48,14.06,13.43,55.6,34.2,0.11,1.38,4.3,0.0,9.43,10.17,4.59,9.13,12.44,Historical,No-Till,True,DEMO / SYNTHETIC DATA (Plant-to-Watershed Simulator)
2016-10-01,2016,10,WS_Raccoon_02,WS_Raccoon_02_HRU1,82.0,13.13,14.41,17.67,57.9,34.3,0.1,1.38,4.4,0.0,22.93,11.18,16.99,9.98,13.33,Historical,Baseline,True,DEMO / SYNTHETIC DATA (Plant-to-Watershed Simulator)
2016-10-01,2016,10,WS_Raccoon_02,WS_Raccoon_02_HRU1,82.0,13.13,14.41,18.77,63.0,36.1,0.1,1.38,4.4,0.0,19.13,10.31,12.81,8.93,13.33,Historical,No-Till,True,DEMO / SYNTHETIC DATA (Plant-to-Watershed Simulator)
2016-10-01,2016,10,WS_Raccoon_02,WS_Raccoon_02_HRU2,111.2,10.9,13.37,22.3,55.5,30.6,0.1,1.38,3.9,0.0,49.69,17.11,44.97,16.94,13.67,Historical,Baseline,True,DEMO / SYNTHETIC DATA (Plant-to-Watershed Simulator)
2016-10-01,2016,10,WS_Raccoon_02,WS_Raccoon_02_HRU2,111.2,10.9,13.37,24.23,63.5,32.8,0.1,1.38,3.9,0.0,43.72,15.75,38.4,15.29,13.67,Historical,No-Till,True,DEMO / SYNTHETIC DATA (Plant-to-Watershed Simulator)
2016-10-01,2016,10,WS_Raccoon_02,WS_Raccoon_02_HRU3,34.3,10.01,14.03,9.37,33.8,24.6,0.1,1.38,3.9,0.0,3.26,6.94,0.97,5.04,14.03,Historical,Baseline,True,DEMO / SYNTHETIC DATA (Plant-to-Watershed Simulator)
2016-10-01,2016,10,WS_Raccoon_02,WS_Raccoon_02_HRU3,34.3,10.01,14.03,9.43,34.2,24.8,0.1,1.38,3.9,0.0,2.95,6.87,0.63,4.96,14.03,Historical,No-Till,True,DEMO / SYNTHETIC DATA (Plant-to-Watershed Simulator)
2016-11-01,2016,11,WS_Cedar_01,WS_Cedar_01_HRU1,39.7,1.17,12.02,19.27,36.3,12.3,0.0,0.1,0.0,0.0,5.75,5.33,6.18,4.68,0.0,Historical,Baseline,True,DEMO / SYNTHETIC DATA (Plant-to-Watershed Simulator)
2016-11-01,2016,11,WS_Cedar_01,WS_Cedar_01_HRU1,39.7,1.17,12.02,19.8,37.9,12.6,0.0,0.1,0.0,0.0,4.62,5.14,5.04,4.46,0.0,Historical,No-Till,True,DEMO / SYNTHETIC DATA (Plant-to-Watershed Simulator)
2016-11-01,2016,11,WS_Cedar_01,WS_Cedar_01_HRU2,28.6,5.03,8.79,22.77,26.2,14.6,0.0,0.1,0.0,0.0,3.38,4.9,3.34,4.59,0.0,Historical,Baseline,True,DEMO / SYNTHETIC DATA (Plant-to-Watershed Simulator)
2016-11-01,2016,11,WS_Cedar_01,WS_Cedar_01_HRU2,28.6,5.03,8.79,23.97,27.4,15.3,0.0,0.1,0.0,0.0,2.47,4.74,2.42,4.42,0.0,Historical,No-Till,True,DEMO / SYNTHETIC DATA (Plant-to-Watershed Simulator)
2016-11-01,2016,11,WS_Cedar_01,WS_Cedar_01_HRU3,32.7,0.84,9.59,13.73,32.4,10.1,0.0,0.1,0.0,0.0,2.33,4.42,2.05,3.76,0.0,Historical,Baseline,True,DEMO / SYNTHETIC DATA (Plant-to-Watershed Simulator)
2016-11-01,2016,11,WS_Cedar_01,WS_Cedar_01_HRU3,32.7,0.84,9.59,13.8,32.7,10.2,0.0,0.1,0.0,0.0,2.11,4.38,1.83,3.72,0.0,Historical,No-Till,True,DEMO / SYNTHETIC DATA (Plant-to-Watershed Simulator)
2016-11-01,2016,11,WS_Iowa_03,WS_Iowa_03_HRU1,54.9,6.07,10.88,19.63,45.7,17.2,0.0,0.1,0.0,0.0,12.97,11.59,12.75,11.46,0.0,Historical,Baseline,True,DEMO / SYNTHETIC DATA (Plant-to-Watershed Simulator)
2016-11-01,2016,11,WS_Iowa_03,WS_Iowa_03_HRU1,54.9,6.07,10.88,20.37,48.5,17.9,0.0,0.1,0.0,0.0,10.84,10.98,10.6,10.79,0.0,Historical,No-Till,True,DEMO / SYNTHETIC DATA (Plant-to-Watershed Simulator)
2016-11-01,2016,11,WS_Iowa_03,WS_Iowa_03_HRU2,29.3,2.66,8.06,19.6,26.7,9.9,0.0,0.1,0.0,0.0,4.29,9.17,3.33,8.49,0.0,Historical,Baseline,True,DEMO / SYNTHETIC DATA (Plant-to-Watershed Simulator)
2016-11-01,2016,11,WS_Iowa_03,WS_Iowa_03_HRU2,29.3,2.66,8.06,19.97,28.0,10.1,0.0,0.1,0.0,0.0,3.33,8.89,2.36,8.19,0.0,Historical,No-Till,True,DEMO / SYNTHETIC DATA (Plant-to-Watershed Simulator)
2016-11-01,2016,11,WS_Iowa_03,WS_Iowa_03_HRU3,22.9,0.71,10.08,16.47,22.9,12.4,0.0,0.1,0.0,0.0,1.5,7.38,1.48,7.67,0.0,Historical,Baseline,True,DEMO / SYNTHETIC DATA (Plant-to-Watershed Simulator)
2016-11-01,2016,11,WS_Iowa_03,WS_Iowa_03_HRU3,22.9,0.71,10.08,16.83,22.9,12.7,0.0,0.1,0.0,0.0,1.5,7.38,1.48,7.67,0.0,Historical,No-Till,True,DEMO / SYNTHETIC DATA (Plant-to-Watershed Simulator)
2016-11-01,2016,11,WS_Raccoon_02,WS_Raccoon_02_HRU1,39.1,1.61,12.18,24.23,35.9,16.2,0.0,0.1,0.0,0.0,6.91,7.6,6.61,7.18,0.0,Historical,Baseline,True,DEMO / SYNTHETIC DATA (Plant-to-Watershed Simulator)
2016-11-01,2016,11,WS_Raccoon_02,WS_Raccoon_02_HRU1,39.1,1.61,12.18,25.57,37.4,17.0,0.0,0.1,0.0,0.0,5.82,7.35,5.51,6.9,0.0,Historical,No-Till,True,DEMO / SYNTHETIC DATA (Plant-to-Watershed Simulator)
2016-11-01,2016,11,WS_Raccoon_02,WS_Raccoon_02_HRU2,19.7,3.82,11.54,23.5,19.3,15.7,0.0,0.1,0.0,0.0,2.85,6.34,4.2,6.45,0.0,Historical,Baseline,True,DEMO / SYNTHETIC DATA (Plant-to-Watershed Simulator)
2016-11-01,2016,11,WS_Raccoon_02,WS_Raccoon_02_HRU2,19.7,3.82,11.54,25.17,19.7,16.9,0.0,0.1,0.0,0.0,2.6,6.29,3.95,6.39,0.0,Historical,No-Till,True,DEMO / SYNTHETIC DATA (Plant-to-Watershed Simulator)
2016-11-01,2016,11,WS_Raccoon_02,WS_Raccoon_02_HRU3,23.7,2.94,11.26,12.97,23.7,12.9,0.0,0.1,0.0,0.0,3.23,6.37,2.72,6.37,0.0,Historical,Baseline,True,DEMO / SYNTHETIC DATA (Plant-to-Watershed Simulator)
2016-11-01,2016,11,WS_Raccoon_02,WS_Raccoon_02_HRU3,23.7,2.94,11.26,13.0,23.7,13.0,0.0,0.1,0.0,0.0,3.23,6.37,2.72,6.37,0.0,Historical,No-Till,True,DEMO / SYNTHETIC DATA (Plant-to-Watershed Simulator)
2016-12-01,2016,12,WS_Cedar_01,WS_Cedar_01_HRU1,56.9,-1.28,6.91,34.0,46.7,2.5,0.0,0.1,0.0,0.0,12.78,7.73,12.86,6.57,0.0,Historical,Baseline,True,DEMO / SYNTHETIC DATA (Plant-to-Watershed Simulator)
2016-12-01,2016,12,WS_Cedar_01,WS_Cedar_01_HRU1,56.9,-1.28,6.91,35.53,49.8,2.6,0.0,0.1,0.0,0.0,10.52,7.34,10.58,6.14,0.0,Historical,No-Till,True,DEMO / SYNTHETIC DATA (Plant-to-Watershed Simulator)
2016-12-01,2016,12,WS_Cedar_01,WS_Cedar_01_HRU2,69.9,-5.24,8.57,37.17,45.6,2.4,0.0,0.1,0.0,0.0,24.39,8.27,23.8,8.1,0.0,Historical,Baseline,True,DEMO / SYNTHETIC DATA (Plant-to-Watershed Simulator)
2016-12-01,2016,12,WS_Cedar_01,WS_Cedar_01_HRU2,69.9,-5.24,8.57,40.0,50.7,2.6,0.0,0.1,0.0,0.0,20.57,7.62,19.95,7.37,0.0,Historical,No-Till,True,DEMO / SYNTHETIC DATA (Plant-to-Watershed Simulator)
2016-12-01,2016,12,WS_Cedar_01,WS_Cedar_01_HRU3,33.9,-1.54,6.78,24.13,33.5,2.3,0.0,0.1,0.0,0.0,4.19,5.36,3.26,4.24,0.0,Historical,Baseline,True,DEMO / SYNTHETIC DATA (Plant-to-Watershed Simulator)
2016-12-01,2016,12,WS_Cedar_01,WS_Cedar_01_HRU3,33.9,-1.54,6.78,24.33,33.9,2.3,0.0,0.1,0.0,0.0,3.91,5.31,2.98,4.19,0.0,Historical,No-Till,True,DEMO / SYNTHETIC DATA (Plant-to-Watershed Simulator)
2016-12-01,2016,12,WS_Iowa_03,WS_Iowa_03_HRU1,23.7,-3.95,8.61,26.83,23.5,1.9,0.0,0.1,0.0,0.0,2.36,8.07,1.92,7.47,0.0,Historical,Baseline,True,DEMO / SYNTHETIC DATA (Plant-to-Watershed Simulator)
2016-12-01,2016,12,WS_Iowa_03,WS_Iowa_03_HRU1,23.7,-3.95,8.61,27.6,23.7,2.0,0.0,0.1,0.0,0.0,2.25,8.04,1.81,7.43,0.0,Historical,No-Till,True,DEMO / SYNTHETIC DATA (Plant-to-Watershed Simulator)
2016-12-01,2016,12,WS_Iowa_03,WS_Iowa_03_HRU2,64.3,-2.77,6.81,33.47,43.8,2.2,0.0,0.1,0.0,0.0,20.63,13.89,21.96,14.32,0.0,Historical,Baseline,True,DEMO / SYNTHETIC DATA (Plant-to-Watershed Simulator)
2016-12-01,2016,12,WS_Iowa_03,WS_Iowa_03_HRU2,64.3,-2.77,6.81,35.33,48.4,2.3,0.0,0.1,0.0,0.0,17.16,12.9,18.47,13.22,0.0,Historical,No-Till,True,DEMO / SYNTHETIC DATA (Plant-to-Watershed Simulator)
2016-12-01,2016,12,WS_Iowa_03,WS_Iowa_03_HRU3,33.2,-4.45,9.67,26.57,32.8,2.5,0.0,0.1,0.0,0.0,4.78,8.32,3.45,8.31,0.0,Historical,Baseline,True,DEMO / SYNTHETIC DATA (Plant-to-Watershed Simulator)
2016-12-01,2016,12,WS_Iowa_03,WS_Iowa_03_HRU3,33.2,-4.45,9.67,27.03,33.2,2.6,0.0,0.1,0.0,0.0,4.53,8.25,3.2,8.24,0.0,Historical,No-Till,True,DEMO / SYNTHETIC DATA (Plant-to-Watershed Simulator)
2016-12-01,2016,12,WS_Raccoon_02,WS_Raccoon_02_HRU1,62.4,-5.27,8.93,38.17,49.5,2.8,0.0,0.1,0.0,0.0,13.75,8.74,14.21,9.6,0.0,Historical,Baseline,True,DEMO / SYNTHETIC DATA (Plant-to-Watershed Simulator)
2016-12-01,2016,12,WS_Raccoon_02,WS_Raccoon_02_HRU1,62.4,-5.27,8.93,38.17,53.0,2.8,0.0,0.1,0.0,0.0,11.13,8.14,11.57,8.93,0.0,Historical,No-Till,True,DEMO / SYNTHETIC DATA (Plant-to-Watershed Simulator)
2016-12-01,2016,12,WS_Raccoon_02,WS_Raccoon_02_HRU2,83.4,-4.27,6.0,39.17,49.5,2.5,0.0,0.1,0.0,0.0,29.89,12.6,29.99,13.1,0.0,Historical,Baseline,True,DEMO / SYNTHETIC DATA (Plant-to-Watershed Simulator)
2016-12-01,2016,12,WS_Raccoon_02,WS_Raccoon_02_HRU2,83.4,-4.27,6.0,42.77,55.6,2.8,0.0,0.1,0.0,0.0,25.28,11.55,25.35,11.94,0.0,Historical,No-Till,True,DEMO / SYNTHETIC DATA (Plant-to-Watershed Simulator)
2016-12-01,2016,12,WS_Raccoon_02,WS_Raccoon_02_HRU3,62.6,-3.58,8.08,28.97,54.7,2.8,0.0,0.1,0.0,0.0,11.35,8.17,11.54,8.01,0.0,Historical,Baseline,True,DEMO / SYNTHETIC DATA (Plant-to-Watershed Simulator)
2016-12-01,2016,12,WS_Raccoon_02,WS_Raccoon_02_HRU3,62.6,-3.58,8.08,28.97,57.3,2.8,0.0,0.1,0.0,0.0,9.36,7.72,9.54,7.51,0.0,Historical,No-Till,True,DEMO / SYNTHETIC DATA (Plant-to-Watershed Simulator)
2017-01-01,2017,1,WS_Cedar_01,WS_Cedar_01_HRU1,50.6,-4.07,6.0,38.17,43.3,2.8,0.0,0.1,0.0,0.0,7.75,5.39,6.99,5.11,0.0,Historical,Baseline,True,DEMO / SYNTHETIC DATA (Plant-to-Watershed Simulator)
2017-01-01,2017,1,WS_Cedar_01,WS_Cedar_01_HRU1,50.6,-4.07,6.0,38.17,45.7,2.8,0.0,0.1,0.0,0.0,5.9,5.07,5.13,4.76,0.0,Historical,No-Till,True,DEMO / SYNTHETIC DATA (Plant-to-Watershed Simulator)
2017-01-01,2017,1,WS_Cedar_01,WS_Cedar_01_HRU2,64.0,-5.54,6.31,42.77,43.7,2.8,0.0,0.1,0.0,0.0,21.65,6.81,21.54,7.52,0.0,Historical,Baseline,True,DEMO / SYNTHETIC DATA (Plant-to-Watershed Simulator)
2017-01-01,2017,1,WS_Cedar_01,WS_Cedar_01_HRU2,64.0,-5.54,6.31,42.77,48.3,2.8,0.0,0.1,0.0,0.0,18.19,6.22,18.06,6.87,0.0,Historical,No-Till,True,DEMO / SYNTHETIC DATA (Plant-to-Watershed Simulator)
2017-01-01,2017,1,WS_Cedar_01,WS_Cedar_01_HRU3,42.3,-5.54,6.44,28.97,40.5,2.8,0.0,0.1,0.0,0.0,3.34,4.57,2.82,4.3,0.0,Historical,Baseline,True,DEMO / SYNTHETIC DATA (Plant-to-Watershed Simulator)
2017-01-01,2017,1,WS_Cedar_01,WS_Cedar_01_HRU3,42.3,-5.54,6.44,28.97,41.6,2.8,0.0,0.1,0.0,0.0,2.57,4.44,2.05,4.16,0.0,Historical,No-Till,True,DEMO / SYNTHETIC DATA (Plant-to-Watershed Simulator)
2017-01-01,2017,1,WS_Iowa_03,WS_Iowa_03_HRU1,36.9,-2.82,6.01,37.4,34.4,2.7,0.0,0.1,0.0,0.0,1.8,8.64,1.71,7.89,0.0,Historical,Baseline,True,DEMO / SYNTHETIC DATA (Plant-to-Watershed Simulator)
2017-01-01,2017,1,WS_Iowa_03,WS_Iowa_03_HRU1,36.9,-2.82,6.01,38.17,35.6,2.8,0.0,0.1,0.0,0.0,1.5,8.56,1.4,7.79,0.0,Historical,No-Till,True,DEMO / SYNTHETIC DATA (Plant-to-Watershed Simulator)
2017-01-01,2017,1,WS_Iowa_03,WS_Iowa_03_HRU2,52.3,-5.43,6.0,42.77,39.1,2.8,0.0,0.1,0.0,0.0,14.0,11.89,14.27,11.38,0.0,Historical,Baseline,True,DEMO / SYNTHETIC DATA (Plant-to-Watershed Simulator)
2017-01-01,2017,1,WS_Iowa_03,WS_Iowa_03_HRU2,52.3,-5.43,6.0,42.77,42.7,2.8,0.0,0.1,0.0,0.0,11.33,11.13,11.58,10.53,0.0,Historical,No-Till,True,DEMO / SYNTHETIC DATA (Plant-to-Watershed Simulator)
2017-01-01,2017,1,WS_Iowa_03,WS_Iowa_03_HRU3,18.2,-6.51,6.52,28.97,18.2,2.8,0.0,0.1,0.0,0.0,1.5,8.21,0.97,7.36,0.0,Historical,Baseline,True,DEMO / SYNTHETIC DATA (Plant-to-Watershed Simulator)
2017-01-01,2017,1,WS_Iowa_03,WS_Iowa_03_HRU3,18.2,-6.51,6.52,28.97,18.2,2.8,0.0,0.1,0.0,0.0,1.5,8.21,0.97,7.36,0.0,Historical,No-Till,True,DEMO / SYNTHETIC DATA (Plant-to-Watershed Simulator)
2017-01-01,2017,1,WS_Raccoon_02,WS_Raccoon_02_HRU1,22.3,-4.66,7.64,38.17,22.2,2.8,0.0,0.1,0.0,0.0,2.4,6.56,3.07,6.54,0.0,Historical,Baseline,True,DEMO / SYNTHETIC DATA (Plant-to-Watershed Simulator)
2017-01-01,2017,1,WS_Raccoon_02,WS_Raccoon_02_HRU1,22.3,-4.66,7.64,38.17,22.3,2.8,0.0,0.1,0.0,0.0,2.35,6.55,3.02,6.52,0.0,Historical,No-Till,True,DEMO / SYNTHETIC DATA (Plant-to-Watershed Simulator)
2017-01-01,2017,1,WS_Raccoon_02,WS_Raccoon_02_HRU2,17.0,-5.67,7.52,42.77,16.9,2.8,0.0,0.1,0.0,0.0,3.98,6.94,2.38,6.1,0.0,Historical,Baseline,True,DEMO / SYNTHETIC DATA (Plant-to-Watershed Simulator)
2017-01-01,2017,1,WS_Raccoon_02,WS_Raccoon_02_HRU2,17.0,-5.67,7.52,42.77,17.0,2.8,0.0,0.1,0.0,0.0,3.9,6.92,2.3,6.08,0.0,Historical,No-Till,True,DEMO / SYNTHETIC DATA (Plant-to-Watershed Simulator)
2017-01-01,2017,1,WS_Raccoon_02,WS_Raccoon_02_HRU3,21.1,-6.85,7.42,28.97,21.1,2.8,0.0,0.1,0.0,0.0,2.3,6.86,2.97,6.36,0.0,Historical,Baseline,True,DEMO / SYNTHETIC DATA (Plant-to-Watershed Simulator)
2017-01-01,2017,1,WS_Raccoon_02,WS_Raccoon_02_HRU3,21.1,-6.85,7.42,28.97,21.1,2.8,0.0,0.1,0.0,0.0,2.3,6.86,2.97,6.36,0.0,Historical,No-Till,True,DEMO / SYNTHETIC DATA (Plant-to-Watershed Simulator)
2017-02-01,2017,2,WS_Cedar_01,WS_Cedar_01_HRU1,12.0,-4.16,8.07,38.17,12.0,2.8,0.0,0.1,0.0,0.0,1.5,4.69,1.47,3.75,0.0,Historical,Baseline,True,DEMO / SYNTHETIC DATA (Plant-to-Watershed Simulator)
2017-02-01,2017,2,WS_Cedar_01,WS_Cedar_01_HRU1,12.0,-4.16,8.07,38.17,12.0,2.8,0.0,0.1,0.0,0.0,1.5,4.69,1.47,3.75,0.0,Historical,No-Till,True,DEMO / SYNTHETIC DATA (Plant-to-Watershed Simulator)
2017-02-01,2017,2,WS_Cedar_01,WS_Cedar_01_HRU2,44.3,-2.88,7.53,42.77,35.5,2.8,0.0,0.1,0.0,0.0,8.62,5.94,8.14,5.44,0.0,Historical,Baseline,True,DEMO / SYNTHETIC DATA (Plant-to-Watershed Simulator)
2017-02-01,2017,2,WS_Cedar_01,WS_Cedar_01_HRU2,44.3,-2.88,7.53,42.77,38.3,2.8,0.0,0.1,0.0,0.0,6.53,5.58,6.03,5.04,0.0,Historical,No-Till,True,DEMO / SYNTHETIC DATA (Plant-to-Watershed Simulator)
2017-02-01,2017,2,WS_Cedar_01,WS_Cedar_01_HRU3,19.4,-2.74,7.2,28.97,19.4,2.8,0.0,0.1,0.0,0.0,1.5,4.9,1.73,4.04,0.0,Historical,Baseline,True,DEMO / SYNTHETIC DATA (Plant-to-Watershed Simulator)
2017-02-01,2017,2,WS_Cedar_01,WS_Cedar_01_HRU3,19.4,-2.74,7.2,28.97,19.4,2.8,0.0,0.1,0.0,0.0,1.5,4.9,1.73,4.04,0.0,Historical,No-Till,True,DEMO / SYNTHETIC DATA (Plant-to-Watershed Simulator)
2017-02-01,2017,2,WS_Iowa_03,WS_Iowa_03_HRU1,47.8,-4.07,9.84,38.17,41.6,2.8,0.0,0.1,0.0,0.0,7.21,9.55,7.16,10.1,0.0,Historical,Baseline,True,DEMO / SYNTHETIC DATA (Plant-to-Watershed Simulator)
2017-02-01,2017,2,WS_Iowa_03,WS_Iowa_03_HRU1,47.8,-4.07,9.84,38.17,43.8,2.8,0.0,0.1,0.0,0.0,5.54,9.08,5.47,9.56,0.0,Historical,No-Till,True,DEMO / SYNTHETIC DATA (Plant-to-Watershed Simulator)
2017-02-01,2017,2,WS_Iowa_03,WS_Iowa_03_HRU2,30.5,-5.0,8.28,42.77,27.5,2.8,0.0,0.1,0.0,0.0,4.9,9.18,5.77,8.81,0.0,Historical,Baseline,True,DEMO / SYNTHETIC DATA (Plant-to-Watershed Simulator)
2017-02-01,2017,2,WS_Iowa_03,WS_Iowa_03_HRU2,30.5,-5.0,8.28,42.77,28.9,2.8,0.0,0.1,0.0,0.0,3.84,8.88,4.7,8.47,0.0,Historical,No-Till,True,DEMO / SYNTHETIC DATA (Plant-to-Watershed Simulator)
2017-02-01,2017,2,WS_Iowa_03,WS_Iowa_03_HRU3,19.1,-4.44,7.16,28.97,19.1,2.8,0.0,0.1,0.0,0.0,1.52,8.14,2.64,8.22,0.0,Historical,Baseline,True,DEMO / SYNTHETIC DATA (Plant-to-Watershed Simulator)
2017-02-01,2017,2,WS_Iowa_03,WS_Iowa_03_HRU3,19.1,-4.44,7.16,28.97,19.1,2.8,0.0,0.1,0.0,0.0,1.52,8.14,2.64,8.22,0.0,Historical,No-Till,True,DEMO / SYNTHETIC DATA (Plant-to-Watershed Simulator)
2017-02-01,2017,2,WS_Raccoon_02,WS_Raccoon_02_HRU1,20.9,-2.61,11.31,38.17,20.9,2.8,0.0,0.1,0.0,0.0,1.97,5.79,2.08,5.97,0.0,Historical,Baseline,True,DEMO / SYNTHETIC DATA (Plant-to-Watershed Simulator)
2017-02-01,2017,2,WS_Raccoon_02,WS_Raccoon_02_HRU1,20.9,-2.61,11.31,38.17,20.9,2.8,0.0,0.1,0.0,0.0,1.96,5.79,2.07,5.97,0.0,Historical,No-Till,True,DEMO / SYNTHETIC DATA (Plant-to-Watershed Simulator)
2017-02-01,2017,2,WS_Raccoon_02,WS_Raccoon_02_HRU2,57.7,-3.28,7.86,42.77,41.3,2.8,0.0,0.1,0.0,0.0,16.53,10.09,16.49,9.72,0.0,Historical,Baseline,True,DEMO / SYNTHETIC DATA (Plant-to-Watershed Simulator)
2017-02-01,2017,2,WS_Raccoon_02,WS_Raccoon_02_HRU2,57.7,-3.28,7.86,42.77,45.4,2.8,0.0,0.1,0.0,0.0,13.49,9.4,13.42,8.95,0.0,Historical,No-Till,True,DEMO / SYNTHETIC DATA (Plant-to-Watershed Simulator)
2017-02-01,2017,2,WS_Raccoon_02,WS_Raccoon_02_HRU3,27.2,-4.66,7.55,28.97,27.2,2.8,0.0,0.1,0.0,0.0,2.83,6.8,2.27,6.06,0.0,Historical,Baseline,True,DEMO / SYNTHETIC DATA (Plant-to-Watershed Simulator)
2017-02-01,2017,2,WS_Raccoon_02,WS_Raccoon_02_HRU3,27.2,-4.66,7.55,28.97,27.2,2.8,0.0,0.1,0.0,0.0,2.83,6.8,2.27,6.06,0.0,Historical,No-Till,True,DEMO / SYNTHETIC DATA (Plant-to-Watershed Simulator)
2017-03-01,2017,3,WS_Cedar_01,WS_Cedar_01_HRU1,51.3,1.43,13.62,31.6,43.7,22.5,0.0,0.1,0.0,0.0,12.04,6.6,12.29,6.13,0.0,Historical,Baseline,True,DEMO / SYNTHETIC DATA (Plant-to-Watershed Simulator)
2017-03-01,2017,3,WS_Cedar_01,WS_Cedar_01_HRU1,51.3,1.43,13.62,31.6,46.2,22.5,0.0,0.1,0.0,0.0,10.15,6.28,10.38,5.77,0.0,Historical,No-Till,True,DEMO / SYNTHETIC DATA (Plant-to-Watershed Simulator)
2017-03-01,2017,3,WS_Cedar_01,WS_Cedar_01_HRU2,46.6,2.43,8.24,37.47,36.6,18.7,0.0,0.1,0.0,0.0,11.55,5.87,12.08,6.28,0.0,Historical,Baseline,True,DEMO / SYNTHETIC DATA (Plant-to-Watershed Simulator)
2017-03-01,2017,3,WS_Cedar_01,WS_Cedar_01_HRU2,46.6,2.43,8.24,37.47,39.6,18.7,0.0,0.1,0.0,0.0,9.29,5.48,9.8,5.85,0.0,Historical,No-Till,True,DEMO / SYNTHETIC DATA (Plant-to-Watershed Simulator)
2017-03-01,2017,3,WS_Cedar_01,WS_Cedar_01_HRU3,30.6,3.55,8.9,22.9,30.5,21.0,0.0,0.1,0.0,0.0,1.5,4.47,0.5,3.95,0.0,Historical,Baseline,True,DEMO / SYNTHETIC DATA (Plant-to-Watershed Simulator)
2017-03-01,2017,3,WS_Cedar_01,WS_Cedar_01_HRU3,30.6,3.55,8.9,22.9,30.6,21.0,0.0,0.1,0.0,0.0,1.5,4.47,0.5,3.95,0.0,Historical,No-Till,True,DEMO / SYNTHETIC DATA (Plant-to-Watershed Simulator)
2017-03-01,2017,3,WS_Iowa_03,WS_Iowa_03_HRU1,64.9,0.4,9.79,33.33,50.7,17.3,0.0,0.1,0.0,0.0,16.01,12.8,15.53,12.1,0.0,Historical,Baseline,True,DEMO / SYNTHETIC DATA (Plant-to-Watershed Simulator)
2017-03-01,2017,3,WS_Iowa_03,WS_Iowa_03_HRU1,64.9,0.4,9.79,33.33,54.4,17.3,0.0,0.1,0.0,0.0,13.25,12.01,12.75,11.23,0.0,Historical,No-Till,True,DEMO / SYNTHETIC DATA (Plant-to-Watershed Simulator)
2017-03-01,2017,3,WS_Iowa_03,WS_Iowa_03_HRU2,22.1,0.58,11.64,37.27,21.3,19.3,0.0,0.1,0.0,0.0,3.87,8.53,3.66,8.39,0.0,Historical,Baseline,True,DEMO / SYNTHETIC DATA (Plant-to-Watershed Simulator)
2017-03-01,2017,3,WS_Iowa_03,WS_Iowa_03_HRU2,22.1,0.58,11.64,37.27,21.9,19.3,0.0,0.1,0.0,0.0,3.45,8.41,3.24,8.26,0.0,Historical,No-Till,True,DEMO / SYNTHETIC DATA (Plant-to-Watershed Simulator)
2017-03-01,2017,3,WS_Iowa_03,WS_Iowa_03_HRU3,31.8,3.39,9.57,22.77,31.6,21.4,0.0,0.1,0.0,0.0,1.69,7.73,0.5,7.78,0.0,Historical,Baseline,True,DEMO / SYNTHETIC DATA (Plant-to-Watershed Simulator)
2017-03-01,2017,3,WS_Iowa_03,WS_Iowa_03_HRU3,31.8,3.39,9.57,22.77,31.8,21.4,0.0,0.1,0.0,0.0,1.51,7.67,0.5,7.78,0.0,Historical,No-Till,True,DEMO / SYNTHETIC DATA (Plant-to-Watershed Simulator)
2017-03-01,2017,3,WS_Raccoon_02,WS_Raccoon_02_HRU1,75.8,5.13,9.78,31.07,55.5,24.1,0.0,0.1,0.0,0.0,21.1,10.98,20.94,10.89,0.0,Historical,Baseline,True,DEMO / SYNTHETIC DATA (Plant-to-Watershed Simulator)
2017-03-01,2017,3,WS_Raccoon_02,WS_Raccoon_02_HRU1,75.8,5.13,9.78,31.07,60.1,24.1,0.0,0.1,0.0,0.0,17.67,10.2,17.48,10.01,0.0,Historical,No-Till,True,DEMO / SYNTHETIC DATA (Plant-to-Watershed Simulator)
2017-03-01,2017,3,WS_Raccoon_02,WS_Raccoon_02_HRU2,42.4,0.59,9.99,37.77,34.5,17.8,0.0,0.1,0.0,0.0,8.42,7.93,7.12,6.84,0.0,Historical,Baseline,True,DEMO / SYNTHETIC DATA (Plant-to-Watershed Simulator)
2017-03-01,2017,3,WS_Raccoon_02,WS_Raccoon_02_HRU2,42.4,0.59,9.99,37.77,37.1,17.8,0.0,0.1,0.0,0.0,6.47,7.48,5.16,6.34,0.0,Historical,No-Till,True,DEMO / SYNTHETIC DATA (Plant-to-Watershed Simulator)
2017-03-01,2017,3,WS_Raccoon_02,WS_Raccoon_02_HRU3,16.0,0.91,12.0,23.17,16.0,20.2,0.0,0.1,0.0,0.0,1.5,5.25,2.23,5.75,0.0,Historical,Baseline,True,DEMO / SYNTHETIC DATA (Plant-to-Watershed Simulator)
2017-03-01,2017,3,WS_Raccoon_02,WS_Raccoon_02_HRU3,16.0,0.91,12.0,23.17,16.0,20.2,0.0,0.1,0.0,0.0,1.5,5.25,2.23,5.75,0.0,Historical,No-Till,True,DEMO / SYNTHETIC DATA (Plant-to-Watershed Simulator)
2017-04-01,2017,4,WS_Cedar_01,WS_Cedar_01_HRU1,60.6,11.16,14.25,27.43,48.7,35.0,0.0,0.1,0.0,0.0,12.86,6.15,12.88,6.49,0.0,Historical,Baseline,True,DEMO / SYNTHETIC DATA (Plant-to-Watershed Simulator)
2017-04-01,2017,4,WS_Cedar_01,WS_Cedar_01_HRU1,60.6,11.16,14.25,27.43,52.0,35.0,0.0,0.1,0.0,0.0,10.36,5.73,10.37,6.02,0.0,Historical,No-Till,True,DEMO / SYNTHETIC DATA (Plant-to-Watershed Simulator)
2017-04-01,2017,4,WS_Cedar_01,WS_Cedar_01_HRU2,22.8,8.41,15.62,32.2,21.9,34.5,0.0,0.1,0.0,0.0,2.11,5.19,2.21,4.35,0.0,Historical,Baseline,True,DEMO / SYNTHETIC DATA (Plant-to-Watershed Simulator)
2017-04-01,2017,4,WS_Cedar_01,WS_Cedar_01_HRU2,22.8,8.41,15.62,32.2,22.5,34.5,0.0,0.1,0.0,0.0,1.63,5.11,1.73,4.26,0.0,Historical,No-Till,True,DEMO / SYNTHETIC DATA (Plant-to-Watershed Simulator)
2017-04-01,2017,4,WS_Cedar_01,WS_Cedar_01_HRU3,75.8,8.73,15.3,18.33,62.2,34.7,0.0,0.1,0.0,0.0,14.14,6.2,13.31,6.13,0.0,Historical,Baseline,True,DEMO / SYNTHETIC DATA (Plant-to-Watershed Simulator)
2017-04-01,2017,4,WS_Cedar_01,WS_Cedar_01_HRU3,75.8,8.73,15.3,18.33,65.8,34.7,0.0,0.1,0.0,0.0,11.37,5.73,10.52,5.6,0.0,Historical,No-Till,True,DEMO / SYNTHETIC DATA (Plant-to-Watershed Simulator)
2017-04-01,2017,4,WS_Iowa_03,WS_Iowa_03_HRU1,31.2,12.68,15.61,27.43,30.0,35.0,0.0,0.1,0.0,0.0,4.37,9.02,3.62,8.2,0.0,Historical,Baseline,True,DEMO / SYNTHETIC DATA (Plant-to-Watershed Simulator)
2017-04-01,2017,4,WS_Iowa_03,WS_Iowa_03_HRU1,31.2,12.68,15.61,27.43,30.8,35.0,0.0,0.1,0.0,0.0,3.79,8.85,3.03,8.01,0.0,Historical,No-Till,True,DEMO / SYNTHETIC DATA (Plant-to-Watershed Simulator)
2017-04-01,2017,4,WS_Iowa_03,WS_Iowa_03_HRU2,41.2,9.79,16.89,32.03,33.9,35.0,0.0,0.1,0.0,0.0,8.68,9.94,8.3,9.37,0.0,Historical,Baseline,True,DEMO / SYNTHETIC DATA (Plant-to-Watershed Simulator)
2017-04-01,2017,4,WS_Iowa_03,WS_Iowa_03_HRU2,41.2,9.79,16.89,32.03,36.4,35.0,0.0,0.1,0.0,0.0,6.81,9.41,6.42,8.78,0.0,Historical,No-Till,True,DEMO / SYNTHETIC DATA (Plant-to-Watershed Simulator)
2017-04-01,2017,4,WS_Iowa_03,WS_Iowa_03_HRU3,63.8,9.47,14.48,18.23,55.4,35.0,0.0,0.1,0.0,0.0,12.38,11.45,13.21,11.23,0.0,Historical,Baseline,True,DEMO / SYNTHETIC DATA (Plant-to-Watershed Simulator)
2017-04-01,2017,4,WS_Iowa_03,WS_Iowa_03_HRU3,63.8,9.47,14.48,18.23,58.1,35.0,0.0,0.1,0.0,0.0,10.32,10.86,11.13,10.58,0.0,Historical,No-Till,True,DEMO / SYNTHETIC DATA (Plant-to-Watershed Simulator)
2017-04-01,2017,4,WS_Raccoon_02,WS_Raccoon_02_HRU1,45.5,11.7,14.59,27.43,40.2,35.0,0.0,0.1,0.0,0.0,8.39,7.39,8.7,7.51,0.0,Historical,Baseline,True,DEMO / SYNTHETIC DATA (Plant-to-Watershed Simulator)
2017-04-01,2017,4,WS_Raccoon_02,WS_Raccoon_02_HRU1,45.5,11.7,14.59,27.43,42.2,35.0,0.0,0.1,0.0,0.0,6.87,7.04,7.17,7.13,0.0,Historical,No-Till,True,DEMO / SYNTHETIC DATA (Plant-to-Watershed Simulator)
2017-04-01,2017,4,WS_Raccoon_02,WS_Raccoon_02_HRU2,24.5,13.29,15.24,32.03,23.2,35.0,0.0,0.1,0.0,0.0,2.99,5.96,2.44,5.85,0.0,Historical,Baseline,True,DEMO / SYNTHETIC DATA (Plant-to-Watershed Simulator)
2017-04-01,2017,4,WS_Raccoon_02,WS_Raccoon_02_HRU2,24.5,13.29,15.24,32.03,24.0,35.0,0.0,0.1,0.0,0.0,2.39,5.83,1.84,5.7,0.0,Historical,No-Till,True,DEMO / SYNTHETIC DATA (Plant-to-Watershed Simulator)
2017-04-01,2017,4,WS_Raccoon_02,WS_Raccoon_02_HRU3,57.9,12.38,14.09,18.23,51.7,35.0,0.0,0.1,0.0,0.0,8.83,7.68,8.6,7.98,0.0,Historical,Baseline,True,DEMO / SYNTHETIC DATA (Plant-to-Watershed Simulator)
2017-04-01,2017,4,WS_Raccoon_02,WS_Raccoon_02_HRU3,57.9,12.38,14.09,18.23,54.0,35.0,0.0,0.1,0.0,0.0,7.13,7.3,6.89,7.55,0.0,Historical,No-Till,True,DEMO / SYNTHETIC DATA (Plant-to-Watershed Simulator)
2017-05-01,2017,5,WS_Cedar_01,WS_Cedar_01_HRU1,59.3,16.7,19.63,25.6,48.0,40.5,0.1,0.2,5.5,0.0,14.36,6.96,13.97,6.94,0.0,Historical,Baseline,True,DEMO / SYNTHETIC DATA (Plant-to-Watershed Simulator)
2017-05-01,2017,5,WS_Cedar_01,WS_Cedar_01_HRU1,59.3,16.7,19.63,25.6,51.2,40.5,0.1,0.2,5.5,0.0,11.94,6.55,11.52,6.47,0.0,Historical,No-Till,True,DEMO / SYNTHETIC DATA (Plant-to-Watershed Simulator)
2017-05-01,2017,5,WS_Cedar_01,WS_Cedar_01_HRU2,80.3,20.05,18.86,30.03,48.7,41.0,0.1,0.2,6.0,0.0,30.2,8.89,29.42,9.05,0.0,Historical,Baseline,True,DEMO / SYNTHETIC DATA (Plant-to-Watershed Simulator)
2017-05-01,2017,5,WS_Cedar_01,WS_Cedar_01_HRU2,80.3,20.05,18.86,30.03,54.6,41.0,0.1,0.2,6.0,0.0,25.77,8.13,24.94,8.2,0.0,Historical,No-Till,True,DEMO / SYNTHETIC DATA (Plant-to-Watershed Simulator)
2017-05-01,2017,5,WS_Cedar_01,WS_Cedar_01_HRU3,54.9,18.25,19.32,16.33,49.7,40.7,0.1,0.2,5.7,0.0,9.43,4.88,8.71,5.11,0.0,Historical,Baseline,True,DEMO / SYNTHETIC DATA (Plant-to-Watershed Simulator)
2017-05-01,2017,5,WS_Cedar_01,WS_Cedar_01_HRU3,54.9,18.25,19.32,16.33,51.8,40.7,0.1,0.2,5.7,0.0,7.91,4.62,7.18,4.82,0.0,Historical,No-Till,True,DEMO / SYNTHETIC DATA (Plant-to-Watershed Simulator)
2017-05-01,2017,5,WS_Iowa_03,WS_Iowa_03_HRU1,29.0,17.8,18.27,23.3,28.2,40.6,0.1,0.2,5.6,0.0,3.65,7.95,2.13,7.67,0.0,Historical,Baseline,True,DEMO / SYNTHETIC DATA (Plant-to-Watershed Simulator)
2017-05-01,2017,5,WS_Iowa_03,WS_Iowa_03_HRU1,29.0,17.8,18.27,23.5,28.8,40.6,0.1,0.2,5.6,0.0,3.21,7.82,1.68,7.52,0.0,Historical,No-Till,True,DEMO / SYNTHETIC DATA (Plant-to-Watershed Simulator)
2017-05-01,2017,5,WS_Iowa_03,WS_Iowa_03_HRU2,69.6,18.9,19.73,30.07,45.5,40.9,0.1,0.2,5.9,0.0,24.47,14.53,24.82,15.8,0.0,Historical,Baseline,True,DEMO / SYNTHETIC DATA (Plant-to-Watershed Simulator)
2017-05-01,2017,5,WS_Iowa_03,WS_Iowa_03_HRU2,69.6,18.9,19.73,30.07,50.6,40.9,0.1,0.2,5.9,0.0,20.66,13.44,20.97,14.59,0.0,Historical,No-Till,True,DEMO / SYNTHETIC DATA (Plant-to-Watershed Simulator)
2017-05-01,2017,5,WS_Iowa_03,WS_Iowa_03_HRU3,56.9,13.48,19.53,16.57,51.1,40.0,0.1,0.2,5.0,0.0,8.07,9.09,6.65,9.32,0.0,Historical,Baseline,True,DEMO / SYNTHETIC DATA (Plant-to-Watershed Simulator)
2017-05-01,2017,5,WS_Iowa_03,WS_Iowa_03_HRU3,56.9,13.48,19.53,16.57,53.2,40.0,0.1,0.2,5.0,0.0,6.44,8.62,5.01,8.8,0.0,Historical,No-Till,True,DEMO / SYNTHETIC DATA (Plant-to-Watershed Simulator)
2017-05-01,2017,5,WS_Raccoon_02,WS_Raccoon_02_HRU1,106.0,18.88,20.68,25.43,65.8,41.0,0.1,0.2,6.0,0.0,38.41,14.36,37.68,15.1,0.0,Historical,Baseline,True,DEMO / SYNTHETIC DATA (Plant-to-Watershed Simulator)
2017-05-01,2017,5,WS_Raccoon_02,WS_Raccoon_02_HRU1,106.0,18.88,20.68,25.43,72.6,41.0,0.1,0.2,6.0,0.0,33.33,13.21,32.54,13.8,0.0,Historical,No-Till,True,DEMO / SYNTHETIC DATA (Plant-to-Watershed Simulator)
2017-05-01,2017,5,WS_Raccoon_02,WS_Raccoon_02_HRU2,57.3,20.36,20.85,28.37,41.2,46.0,0.18,0.2,11.0,0.0,16.54,9.97,17.07,10.04,0.0,Historical,Baseline,True,DEMO / SYNTHETIC DATA (Plant-to-Watershed Simulator)
2017-05-01,2017,5,WS_Raccoon_02,WS_Raccoon_02_HRU2,57.3,20.36,20.85,28.37,45.2,46.0,0.18,0.2,11.0,0.0,13.53,9.28,14.04,9.27,0.0,Historical,No-Till,True,DEMO / SYNTHETIC DATA (Plant-to-Watershed Simulator)
2017-05-01,2017,5,WS_Raccoon_02,WS_Raccoon_02_HRU3,66.5,18.9,20.41,16.23,57.0,41.0,0.1,0.2,6.0,0.0,11.77,8.26,11.48,8.75,0.0,Historical,Baseline,True,DEMO / SYNTHETIC DATA (Plant-to-Watershed Simulator)
2017-05-01,2017,5,WS_Raccoon_02,WS_Raccoon_02_HRU3,66.5,18.9,20.41,16.23,60.0,41.0,0.1,0.2,6.0,0.0,9.56,7.76,9.25,8.19,0.0,Historical,No-Till,True,DEMO / SYNTHETIC DATA (Plant-to-Watershed Simulator)
2017-06-01,2017,6,WS_Cedar_01,WS_Cedar_01_HRU1,221.7,22.37,23.88,9.8,86.1,110.1,1.89,0.5,75.1,0.063,120.37,24.21,106.75,23.0,0.0,Historical,Baseline,True,DEMO / SYNTHETIC DATA (Plant-to-Watershed Simulator)
2017-06-01,2017,6,WS_Cedar_01,WS_Cedar_01_HRU1,221.7,22.37,23.88,9.8,98.4,110.1,1.89,0.5,75.1,0.063,111.13,22.63,98.01,21.35,0.0,Historical,No-Till,True,DEMO / SYNTHETIC DATA (Plant-to-Watershed Simulator)
2017-06-01,2017,6,WS_Cedar_01,WS_Cedar_01_HRU2,120.5,24.07,23.46,14.0,57.1,114.5,2.05,0.5,79.5,0.08,53.71,14.02,46.61,12.94,0.0,Historical,Baseline,True,DEMO / SYNTHETIC DATA (Plant-to-Watershed Simulator)
2017-06-01,2017,6,WS_Cedar_01,WS_Cedar_01_HRU2,120.5,24.07,23.46,14.0,65.6,114.5,2.05,0.5,79.5,0.08,47.35,12.93,40.65,11.82,0.0,Historical,No-Till,True,DEMO / SYNTHETIC DATA (Plant-to-Watershed Simulator)
2017-06-01,2017,6,WS_Cedar_01,WS_Cedar_01_HRU3,267.6,24.05,23.68,6.3,111.0,125.2,2.29,0.5,90.2,0.013,139.43,27.66,120.59,27.38,0.0,Historical,Baseline,True,DEMO / SYNTHETIC DATA (Plant-to-Watershed Simulator)
2017-06-01,2017,6,WS_Cedar_01,WS_Cedar_01_HRU3,267.6,24.05,23.68,6.3,125.0,125.2,2.29,0.5,90.2,0.013,128.95,25.86,110.88,25.55,0.0,Historical,No-Till,True,DEMO / SYNTHETIC DATA (Plant-to-Watershed Simulator)
2017-06-01,2017,6,WS_Iowa_03,WS_Iowa_03_HRU1,111.5,25.05,23.79,9.8,67.3,112.7,1.88,0.5,77.7,0.083,41.4,18.86,36.11,18.98,0.0,Historical,Baseline,True,DEMO / SYNTHETIC DATA (Plant-to-Watershed Simulator)
2017-06-01,2017,6,WS_Iowa_03,WS_Iowa_03_HRU1,111.5,25.05,23.79,9.8,74.5,112.7,1.88,0.5,77.7,0.083,36.05,17.34,31.04,17.38,0.0,Historical,No-Till,True,DEMO / SYNTHETIC DATA (Plant-to-Watershed Simulator)
2017-06-01,2017,6,WS_Iowa_03,WS_Iowa_03_HRU2,108.1,25.42,21.66,14.0,54.9,119.9,2.03,0.5,84.9,0.016,48.94,21.19,43.15,21.51,0.0,Historical,Baseline,True,DEMO / SYNTHETIC DATA (Plant-to-Watershed Simulator)
2017-06-01,2017,6,WS_Iowa_03,WS_Iowa_03_HRU2,108.1,25.42,21.66,14.0,62.7,119.9,2.03,0.5,84.9,0.016,43.1,19.53,37.67,19.79,0.0,Historical,No-Till,True,DEMO / SYNTHETIC DATA (Plant-to-Watershed Simulator)
2017-06-01,2017,6,WS_Iowa_03,WS_Iowa_03_HRU3,92.9,22.66,21.07,6.3,70.4,114.2,1.98,0.5,79.2,0.0,23.99,14.9,19.51,13.27,0.0,Historical,Baseline,True,DEMO / SYNTHETIC DATA (Plant-to-Watershed Simulator)
2017-06-01,2017,6,WS_Iowa_03,WS_Iowa_03_HRU3,92.9,22.66,21.07,6.3,75.4,114.2,1.98,0.5,79.2,0.0,20.25,13.83,15.99,12.16,0.0,Historical,No-Till,True,DEMO / SYNTHETIC DATA (Plant-to-Watershed Simulator)
2017-06-01,2017,6,WS_Raccoon_02,WS_Raccoon_02_HRU1,87.6,23.36,22.15,9.8,60.0,109.3,1.77,0.5,74.3,0.035,27.38,11.94,23.15,11.33,0.0,Historical,Baseline,True,DEMO / SYNTHETIC DATA (Plant-to-Watershed Simulator)
2017-06-01,2017,6,WS_Raccoon_02,WS_Raccoon_02_HRU1,87.6,23.36,22.15,9.8,65.5,109.3,1.77,0.5,74.3,0.035,23.27,11.0,19.24,10.34,0.0,Historical,No-Till,True,DEMO / SYNTHETIC DATA (Plant-to-Watershed Simulator)
2017-06-01,2017,6,WS_Raccoon_02,WS_Raccoon_02_HRU2,106.6,25.08,21.19,14.0,54.7,117.2,2.15,0.5,82.2,0.06,47.21,16.23,40.25,16.27,0.0,Historical,Baseline,True,DEMO / SYNTHETIC DATA (Plant-to-Watershed Simulator)
2017-06-01,2017,6,WS_Raccoon_02,WS_Raccoon_02_HRU2,106.6,25.08,21.19,14.0,62.3,117.2,2.15,0.5,82.2,0.06,41.44,14.92,34.87,14.91,0.0,Historical,No-Till,True,DEMO / SYNTHETIC DATA (Plant-to-Watershed Simulator)
2017-06-01,2017,6,WS_Raccoon_02,WS_Raccoon_02_HRU3,80.1,23.95,22.96,6.3,64.4,111.6,1.97,0.5,76.6,0.085,18.93,9.31,15.39,9.29,0.0,Historical,Baseline,True,DEMO / SYNTHETIC DATA (Plant-to-Watershed Simulator)
2017-06-01,2017,6,WS_Raccoon_02,WS_Raccoon_02_HRU3,80.1,23.95,22.96,6.3,68.4,111.6,1.97,0.5,76.6,0.085,15.91,8.62,12.54,8.57,0.0,Historical,No-Till,True,DEMO / SYNTHETIC DATA (Plant-to-Watershed Simulator)
2017-07-01,2017,7,WS_Cedar_01,WS_Cedar_01_HRU1,92.1,24.96,22.0,9.8,61.5,140.3,4.98,0.9,105.3,0.09,30.15,8.97,20.39,8.36,0.0,Historical,Baseline,True,DEMO / SYNTHETIC DATA (Plant-to-Watershed Simulator)
2017-07-01,2017,7,WS_Cedar_01,WS_Cedar_01_HRU1,92.1,24.96,22.0,9.8,67.3,140.3,4.98,0.9,105.3,0.09,25.79,8.22,16.69,7.66,0.0,Historical,No-Till,True,DEMO / SYNTHETIC DATA (Plant-to-Watershed Simulator)
2017-07-01,2017,7,WS_Cedar_01,WS_Cedar_01_HRU2,142.9,24.94,22.24,14.0,60.3,146.9,4.79,0.9,111.9,0.03,74.64,16.7,55.45,14.0,0.0,Historical,Baseline,True,DEMO / SYNTHETIC DATA (Plant-to-Watershed Simulator)
2017-07-01,2017,7,WS_Cedar_01,WS_Cedar_01_HRU2,142.9,24.94,22.24,14.0,69.9,146.9,4.79,0.9,111.9,0.03,67.45,15.47,49.34,12.85,0.0,Historical,No-Till,True,DEMO / SYNTHETIC DATA (Plant-to-Watershed Simulator)
2017-07-01,2017,7,WS_Cedar_01,WS_Cedar_01_HRU3,120.0,24.25,24.06,6.3,80.8,144.5,4.7,0.9,109.5,0.058,38.19,10.88,25.56,8.28,0.0,Historical,Baseline,True,DEMO / SYNTHETIC DATA (Plant-to-Watershed Simulator)
2017-07-01,2017,7,WS_Cedar_01,WS_Cedar_01_HRU3,120.0,24.25,24.06,6.3,87.7,144.5,4.7,0.9,109.5,0.058,33.02,10.0,21.17,7.45,0.0,Historical,No-Till,True,DEMO / SYNTHETIC DATA (Plant-to-Watershed Simulator)
2017-07-01,2017,7,WS_Iowa_03,WS_Iowa_03_HRU1,52.2,30.38,24.34,9.8,44.2,159.4,4.92,0.9,124.4,0.068,10.92,9.88,6.65,8.99,0.0,Historical,Baseline,True,DEMO / SYNTHETIC DATA (Plant-to-Watershed Simulator)
2017-07-01,2017,7,WS_Iowa_03,WS_Iowa_03_HRU1,52.2,30.38,24.34,9.8,46.8,168.5,4.92,0.9,133.5,0.0,8.97,9.32,5.0,8.47,0.0,Historical,No-Till,True,DEMO / SYNTHETIC DATA (Plant-to-Watershed Simulator)
2017-07-01,2017,7,WS_Iowa_03,WS_Iowa_03_HRU2,137.6,25.21,22.63,14.0,59.6,143.5,4.61,0.9,108.5,0.064,68.57,27.3,49.5,22.68,0.0,Historical,Baseline,True,DEMO / SYNTHETIC DATA (Plant-to-Watershed Simulator)
2017-07-01,2017,7,WS_Iowa_03,WS_Iowa_03_HRU2,137.6,25.21,22.63,14.0,69.0,143.5,4.61,0.9,108.5,0.064,61.56,25.3,43.55,20.8,0.0,Historical,No-Till,True,DEMO / SYNTHETIC DATA (Plant-to-Watershed Simulator)
2017-07-01,2017,7,WS_Iowa_03,WS_Iowa_03_HRU3,89.1,28.16,25.06,6.3,68.7,163.9,4.89,0.9,128.9,0.0,23.76,13.64,15.54,12.0,0.0,Historical,Baseline,True,DEMO / SYNTHETIC DATA (Plant-to-Watershed Simulator)
2017-07-01,2017,7,WS_Iowa_03,WS_Iowa_03_HRU3,89.1,28.16,25.06,6.3,73.4,163.9,4.89,0.9,128.9,0.0,20.22,12.63,12.54,11.06,0.0,Historical,No-Till,True,DEMO / SYNTHETIC DATA (Plant-to-Watershed Simulator)
2017-07-01,2017,7,WS_Raccoon_02,WS_Raccoon_02_HRU1,161.3,27.22,22.72,9.8,77.9,152.9,4.6,0.9,117.9,0.027,74.97,22.66,55.29,19.1,0.0,Historical,Baseline,True,DEMO / SYNTHETIC DATA (Plant-to-Watershed Simulator)
2017-07-01,2017,7,WS_Raccoon_02,WS_Raccoon_02_HRU1,161.3,27.22,22.72,9.8,87.8,152.9,4.6,0.9,117.9,0.027,67.55,20.97,49.0,17.52,0.0,Historical,No-Till,True,DEMO / SYNTHETIC DATA (Plant-to-Watershed Simulator)
2017-07-01,2017,7,WS_Raccoon_02,WS_Raccoon_02_HRU2,154.6,26.5,22.55,14.0,61.7,154.1,4.63,0.9,119.1,0.0,82.68,24.73,61.92,20.9,0.0,Historical,Baseline,True,DEMO / SYNTHETIC DATA (Plant-to-Watershed Simulator)
2017-07-01,2017,7,WS_Raccoon_02,WS_Raccoon_02_HRU2,154.6,26.5,22.55,14.0,71.9,154.1,4.63,0.9,119.1,0.0,75.1,23.0,55.48,19.28,0.0,Historical,No-Till,True,DEMO / SYNTHETIC DATA (Plant-to-Watershed Simulator)
2017-07-01,2017,7,WS_Raccoon_02,WS_Raccoon_02_HRU3,125.0,24.59,24.88,6.3,82.5,143.5,4.8,0.9,108.5,0.088,42.24,14.97,27.9,12.08,0.0,Historical,Baseline,True,DEMO / SYNTHETIC DATA (Plant-to-Watershed Simulator)
2017-07-01,2017,7,WS_Raccoon_02,WS_Raccoon_02_HRU3,125.0,24.59,24.88,6.3,89.7,143.5,4.8,0.9,108.5,0.088,36.83,13.73,23.31,10.92,0.0,Historical,No-Till,True,DEMO / SYNTHETIC DATA (Plant-to-Watershed Simulator)
2017-08-01,2017,8,WS_Cedar_01,WS_Cedar_01_HRU1,149.5,24.96,22.6,9.8,75.8,144.4,4.66,1.2,109.4,0.052,66.74,15.46,47.26,13.21,0.0,Historical,Baseline,True,DEMO / SYNTHETIC DATA (Plant-to-Watershed Simulator)
2017-08-01,2017,8,WS_Cedar_01,WS_Cedar_01_HRU1,149.5,24.96,22.6,9.8,85.1,144.4,4.66,1.2,109.4,0.052,59.76,14.26,41.17,12.06,0.0,Historical,No-Till,True,DEMO / SYNTHETIC DATA (Plant-to-Watershed Simulator)
2017-08-01,2017,8,WS_Cedar_01,WS_Cedar_01_HRU2,236.0,24.31,22.6,14.0,68.5,140.3,4.91,1.2,105.3,0.083,145.95,29.21,108.46,24.79,0.0,Historical,Baseline,True,DEMO / SYNTHETIC DATA (Plant-to-Watershed Simulator)
2017-08-01,2017,8,WS_Cedar_01,WS_Cedar_01_HRU2,236.0,24.31,22.6,14.0,81.2,140.3,4.91,1.2,105.3,0.083,136.42,27.58,100.15,23.22,0.0,Historical,No-Till,True,DEMO / SYNTHETIC DATA (Plant-to-Watershed Simulator)
2017-08-01,2017,8,WS_Cedar_01,WS_Cedar_01_HRU3,117.2,24.34,20.23,6.3,79.9,143.3,4.94,1.2,108.3,0.023,36.6,10.02,23.89,7.67,0.0,Historical,Baseline,True,DEMO / SYNTHETIC DATA (Plant-to-Watershed Simulator)
2017-08-01,2017,8,WS_Cedar_01,WS_Cedar_01_HRU3,117.2,24.34,20.23,6.3,86.6,143.3,4.94,1.2,108.3,0.023,31.57,9.16,19.51,6.85,0.0,Historical,No-Till,True,DEMO / SYNTHETIC DATA (Plant-to-Watershed Simulator)
2017-08-01,2017,8,WS_Iowa_03,WS_Iowa_03_HRU1,181.8,24.77,20.9,9.8,81.1,144.6,4.96,1.2,109.6,0.032,91.14,34.2,65.8,27.5,0.0,Historical,Baseline,True,DEMO / SYNTHETIC DATA (Plant-to-Watershed Simulator)
2017-08-01,2017,8,WS_Iowa_03,WS_Iowa_03_HRU1,181.8,24.77,20.9,9.8,91.9,144.6,4.96,1.2,109.6,0.032,83.03,31.89,58.74,25.27,0.0,Historical,No-Till,True,DEMO / SYNTHETIC DATA (Plant-to-Watershed Simulator)
2017-08-01,2017,8,WS_Iowa_03,WS_Iowa_03_HRU2,147.8,23.09,22.22,14.0,60.9,142.5,4.77,1.2,107.5,0.027,77.22,30.22,55.59,25.08,0.0,Historical,Baseline,True,DEMO / SYNTHETIC DATA (Plant-to-Watershed Simulator)
2017-08-01,2017,8,WS_Iowa_03,WS_Iowa_03_HRU2,147.8,23.09,22.22,14.0,70.8,142.5,4.77,1.2,107.5,0.027,69.86,28.12,49.17,23.06,0.0,Historical,No-Till,True,DEMO / SYNTHETIC DATA (Plant-to-Watershed Simulator)
2017-08-01,2017,8,WS_Iowa_03,WS_Iowa_03_HRU3,43.6,25.41,23.77,6.3,41.6,152.0,4.63,1.2,117.0,0.012,6.94,9.32,2.98,8.16,0.0,Historical,Baseline,True,DEMO / SYNTHETIC DATA (Plant-to-Watershed Simulator)
2017-08-01,2017,8,WS_Iowa_03,WS_Iowa_03_HRU3,43.6,25.41,23.77,6.3,42.7,152.0,4.63,1.2,117.0,0.012,6.1,9.08,2.24,7.93,0.0,Historical,No-Till,True,DEMO / SYNTHETIC DATA (Plant-to-Watershed Simulator)
2017-08-01,2017,8,WS_Raccoon_02,WS_Raccoon_02_HRU1,113.9,23.79,22.32,9.8,68.0,139.3,4.62,1.2,104.3,0.067,41.43,15.1,27.83,12.58,0.0,Historical,Baseline,True,DEMO / SYNTHETIC DATA (Plant-to-Watershed Simulator)
2017-08-01,2017,8,WS_Raccoon_02,WS_Raccoon_02_HRU1,113.9,23.79,22.32,9.8,75.2,139.3,4.62,1.2,104.3,0.067,35.96,13.86,23.07,11.38,0.0,Historical,No-Till,True,DEMO / SYNTHETIC DATA (Plant-to-Watershed Simulator)
2017-08-01,2017,8,WS_Raccoon_02,WS_Raccoon_02_HRU2,159.5,25.5,21.18,14.0,62.3,139.7,4.71,1.2,104.7,0.086,86.74,25.03,63.6,20.94,0.0,Historical,Baseline,True,DEMO / SYNTHETIC DATA (Plant-to-Watershed Simulator)
2017-08-01,2017,8,WS_Raccoon_02,WS_Raccoon_02_HRU2,159.5,25.5,21.18,14.0,72.6,139.7,4.71,1.2,104.7,0.086,79.01,23.27,56.86,19.25,0.0,Historical,No-Till,True,DEMO / SYNTHETIC DATA (Plant-to-Watershed Simulator)
2017-08-01,2017,8,WS_Raccoon_02,WS_Raccoon_02_HRU3,169.1,25.35,24.58,6.3,94.5,146.2,4.59,1.2,111.2,0.069,68.45,21.27,47.14,17.15,0.0,Historical,Baseline,True,DEMO / SYNTHETIC DATA (Plant-to-Watershed Simulator)
2017-08-01,2017,8,WS_Raccoon_02,WS_Raccoon_02_HRU3,169.1,25.35,24.58,6.3,104.3,146.2,4.59,1.2,111.2,0.069,61.1,19.59,40.74,15.54,0.0,Historical,No-Till,True,DEMO / SYNTHETIC DATA (Plant-to-Watershed Simulator)
2017-09-01,2017,9,WS_Cedar_01,WS_Cedar_01_HRU1,183.2,16.64,16.91,9.8,81.3,95.8,2.06,1.33,60.8,0.047,90.48,19.56,75.72,17.97,0.0,Historical,Baseline,True,DEMO / SYNTHETIC DATA (Plant-to-Watershed Simulator)
2017-09-01,2017,9,WS_Cedar_01,WS_Cedar_01_HRU1,183.2,16.64,16.91,9.8,92.2,95.8,2.06,1.33,60.8,0.047,82.33,18.16,67.56,16.43,0.0,Historical,No-Till,True,DEMO / SYNTHETIC DATA (Plant-to-Watershed Simulator)
2017-09-01,2017,9,WS_Cedar_01,WS_Cedar_01_HRU2,82.9,16.78,18.34,14.0,49.4,100.5,2.15,1.33,66.1,0.018,32.19,10.08,25.39,8.71,0.0,Historical,Baseline,True,DEMO / SYNTHETIC DATA (Plant-to-Watershed Simulator)
2017-09-01,2017,9,WS_Cedar_01,WS_Cedar_01_HRU2,82.9,16.78,18.34,14.0,55.5,99.5,2.15,1.33,64.5,0.042,27.61,9.3,20.83,7.84,0.0,Historical,No-Till,True,DEMO / SYNTHETIC DATA (Plant-to-Watershed Simulator)
2017-09-01,2017,9,WS_Cedar_01,WS_Cedar_01_HRU3,117.9,23.21,19.52,6.3,80.1,113.8,2.18,1.33,78.8,0.04,38.28,11.14,28.81,9.18,0.0,Historical,Baseline,True,DEMO / SYNTHETIC DATA (Plant-to-Watershed Simulator)
2017-09-01,2017,9,WS_Cedar_01,WS_Cedar_01_HRU3,117.9,23.21,19.52,6.3,86.8,113.8,2.18,1.33,78.8,0.04,33.22,10.28,23.78,8.23,0.0,Historical,No-Till,True,DEMO / SYNTHETIC DATA (Plant-to-Watershed Simulator)
2017-09-01,2017,9,WS_Iowa_03,WS_Iowa_03_HRU1,132.3,17.12,19.05,9.8,72.4,101.4,2.3,1.33,66.4,0.067,56.45,23.3,44.77,21.4,0.0,Historical,Baseline,True,DEMO / SYNTHETIC DATA (Plant-to-Watershed Simulator)
2017-09-01,2017,9,WS_Iowa_03,WS_Iowa_03_HRU1,132.3,17.12,19.05,9.8,80.8,101.4,2.3,1.33,66.4,0.067,50.16,21.5,38.55,19.44,0.0,Historical,No-Till,True,DEMO / SYNTHETIC DATA (Plant-to-Watershed Simulator)
2017-09-01,2017,9,WS_Iowa_03,WS_Iowa_03_HRU2,44.9,20.75,17.5,14.0,35.8,65.0,2.0,1.33,32.8,0.541,9.25,10.57,4.92,8.4,0.0,Historical,Baseline,True,DEMO / SYNTHETIC DATA (Plant-to-Watershed Simulator)
2017-09-01,2017,9,WS_Iowa_03,WS_Iowa_03_HRU2,44.9,20.75,17.5,14.0,38.6,72.2,2.0,1.33,38.9,0.455,7.11,9.96,2.78,7.72,0.0,Historical,No-Till,True,DEMO / SYNTHETIC DATA (Plant-to-Watershed Simulator)
2017-09-01,2017,9,WS_Iowa_03,WS_Iowa_03_HRU3,51.3,18.51,20.59,6.3,47.3,101.9,2.03,1.33,66.9,0.065,6.73,9.6,2.79,7.93,0.0,Historical,Baseline,True,DEMO / SYNTHETIC DATA (Plant-to-Watershed Simulator)
2017-09-01,2017,9,WS_Iowa_03,WS_Iowa_03_HRU3,51.3,18.51,20.59,6.3,49.0,101.9,2.03,1.33,66.9,0.065,5.43,9.23,1.49,7.52,0.0,Historical,No-Till,True,DEMO / SYNTHETIC DATA (Plant-to-Watershed Simulator)
2017-09-01,2017,9,WS_Raccoon_02,WS_Raccoon_02_HRU1,84.8,22.54,18.05,9.8,59.0,104.3,1.87,1.33,69.3,0.049,23.89,11.09,16.51,8.97,0.0,Historical,Baseline,True,DEMO / SYNTHETIC DATA (Plant-to-Watershed Simulator)
2017-09-01,2017,9,WS_Raccoon_02,WS_Raccoon_02_HRU1,84.8,22.54,18.05,9.8,64.2,104.3,1.87,1.33,69.3,0.049,19.94,10.19,12.53,7.97,0.0,Historical,No-Till,True,DEMO / SYNTHETIC DATA (Plant-to-Watershed Simulator)
2017-09-01,2017,9,WS_Raccoon_02,WS_Raccoon_02_HRU2,167.3,18.57,18.11,14.0,63.1,101.1,1.92,1.33,66.1,0.007,90.52,26.18,77.29,25.01,0.0,Historical,Baseline,True,DEMO / SYNTHETIC DATA (Plant-to-Watershed Simulator)
2017-09-01,2017,9,WS_Raccoon_02,WS_Raccoon_02_HRU2,167.3,18.57,18.11,14.0,73.7,101.1,1.92,1.33,66.1,0.007,82.56,24.37,69.27,22.99,0.0,Historical,No-Till,True,DEMO / SYNTHETIC DATA (Plant-to-Watershed Simulator)
2017-09-01,2017,9,WS_Raccoon_02,WS_Raccoon_02_HRU3,89.8,16.78,19.64,6.3,69.0,98.4,2.19,1.33,63.4,0.089,23.45,11.48,16.0,9.4,0.0,Historical,Baseline,True,DEMO / SYNTHETIC DATA (Plant-to-Watershed Simulator)
2017-09-01,2017,9,WS_Raccoon_02,WS_Raccoon_02_HRU3,89.8,16.78,19.64,6.3,73.7,98.4,2.19,1.33,63.4,0.089,19.88,10.67,12.46,8.51,0.0,Historical,No-Till,True,DEMO / SYNTHETIC DATA (Plant-to-Watershed Simulator)
2017-10-01,2017,10,WS_Cedar_01,WS_Cedar_01_HRU1,30.3,9.57,16.08,12.13,29.3,22.3,0.1,1.38,4.0,0.0,4.16,4.96,1.33,3.88,13.25,Historical,Baseline,True,DEMO / SYNTHETIC DATA (Plant-to-Watershed Simulator)
2017-10-01,2017,10,WS_Cedar_01,WS_Cedar_01_HRU1,30.3,9.57,16.08,12.27,30.0,22.6,0.1,1.38,4.0,0.0,3.64,4.87,0.76,3.78,13.25,Historical,No-Till,True,DEMO / SYNTHETIC DATA (Plant-to-Watershed Simulator)
2017-10-01,2017,10,WS_Cedar_01,WS_Cedar_01_HRU2,21.5,7.97,15.72,14.13,20.8,20.4,0.11,1.38,4.1,0.0,1.85,4.87,0.5,3.93,12.7,Historical,Baseline,True,DEMO / SYNTHETIC DATA (Plant-to-Watershed Simulator)
2017-10-01,2017,10,WS_Cedar_01,WS_Cedar_01_HRU2,21.5,7.97,15.72,14.3,21.4,20.5,0.11,1.38,4.1,0.0,1.5,4.81,0.5,3.93,12.7,Historical,No-Till,True,DEMO / SYNTHETIC DATA (Plant-to-Watershed Simulator)
2017-10-01,2017,10,WS_Cedar_01,WS_Cedar_01_HRU3,59.4,10.3,15.79,12.53,52.7,34.0,0.1,1.38,4.1,0.0,9.78,5.52,6.25,5.27,12.34,Historical,Baseline,True,DEMO / SYNTHETIC DATA (Plant-to-Watershed Simulator)
2017-10-01,2017,10,WS_Cedar_01,WS_Cedar_01_HRU3,59.4,10.3,15.79,13.0,55.1,35.0,0.1,1.38,4.1,0.0,7.99,5.21,4.28,4.89,12.34,Historical,No-Till,True,DEMO / SYNTHETIC DATA (Plant-to-Watershed Simulator)
2017-10-01,2017,10,WS_Iowa_03,WS_Iowa_03_HRU1,33.5,9.27,14.09,13.17,31.8,21.7,0.1,1.38,3.8,0.0,3.61,9.12,0.6,7.47,12.41,Historical,Baseline,True,DEMO / SYNTHETIC DATA (Plant-to-Watershed Simulator)
2017-10-01,2017,10,WS_Iowa_03,WS_Iowa_03_HRU1,33.5,9.27,14.09,13.4,32.8,22.0,0.1,1.38,3.8,0.0,2.89,8.92,0.5,7.43,12.41,Historical,No-Till,True,DEMO / SYNTHETIC DATA (Plant-to-Watershed Simulator)
2017-10-01,2017,10,WS_Iowa_03,WS_Iowa_03_HRU2,37.1,10.54,14.42,16.37,31.6,24.5,0.1,1.38,4.0,0.0,7.07,9.89,4.9,8.7,12.84,Historical,Baseline,True,DEMO / SYNTHETIC DATA (Plant-to-Watershed Simulator)
2017-10-01,2017,10,WS_Iowa_03,WS_Iowa_03_HRU2,37.1,10.54,14.42,16.9,33.7,25.0,0.1,1.38,4.0,0.0,5.51,9.44,3.18,8.16,12.84,Historical,No-Till,True,DEMO / SYNTHETIC DATA (Plant-to-Watershed Simulator)
2017-10-01,2017,10,WS_Iowa_03,WS_Iowa_03_HRU3,35.6,10.38,15.99,9.03,35.0,26.8,0.1,1.38,4.1,0.0,5.67,9.1,2.65,8.09,12.38,Historical,Baseline,True,DEMO / SYNTHETIC DATA (Plant-to-Watershed Simulator)
2017-10-01,2017,10,WS_Iowa_03,WS_Iowa_03_HRU3,35.6,10.38,15.99,9.13,35.5,27.0,0.1,1.38,4.1,0.0,5.29,8.99,2.24,7.96,12.38,Historical,No-Till,True,DEMO / SYNTHETIC DATA (Plant-to-Watershed Simulator)
2017-10-01,2017,10,WS_Raccoon_02,WS_Raccoon_02_HRU1,77.9,11.31,15.58,17.77,56.4,32.5,0.1,1.38,4.2,0.0,22.86,10.24,18.13,10.33,12.77,Historical,Baseline,True,DEMO / SYNTHETIC DATA (Plant-to-Watershed Simulator)
2017-10-01,2017,10,WS_Raccoon_02,WS_Raccoon_02_HRU1,77.9,11.31,15.58,18.83,61.1,34.0,0.1,1.38,4.2,0.0,19.31,9.43,14.23,9.35,12.77,Historical,No-Till,True,DEMO / SYNTHETIC DATA (Plant-to-Watershed Simulator)
2017-10-01,2017,10,WS_Raccoon_02,WS_Raccoon_02_HRU2,24.9,12.51,14.59,14.0,23.5,24.0,0.1,1.38,4.3,0.0,2.86,6.64,0.69,5.63,12.21,Historical,Baseline,True,DEMO / SYNTHETIC DATA (Plant-to-Watershed Simulator)
2017-10-01,2017,10,WS_Raccoon_02,WS_Raccoon_02_HRU2,24.9,12.51,14.59,14.03,24.4,24.3,0.1,1.38,4.3,0.0,2.23,6.49,0.5,5.58,12.21,Historical,No-Till,True,DEMO / SYNTHETIC DATA (Plant-to-Watershed Simulator)
2017-10-01,2017,10,WS_Raccoon_02,WS_Raccoon_02_HRU3,15.9,11.63,16.26,6.3,15.9,19.8,0.1,1.38,4.4,0.0,1.5,6.35,0.5,5.48,12.41,Historical,Baseline,True,DEMO / SYNTHETIC DATA (Plant-to-Watershed Simulator)
2017-10-01,2017,10,WS_Raccoon_02,WS_Raccoon_02_HRU3,15.9,11.63,16.26,6.3,15.9,19.8,0.1,1.38,4.4,0.0,1.5,6.35,0.5,5.48,12.41,Historical,No-Till,True,DEMO / SYNTHETIC DATA (Plant-to-Watershed Simulator)
2017-11-01,2017,11,WS_Cedar_01,WS_Cedar_01_HRU1,36.3,3.42,10.89,18.9,33.9,13.6,0.0,0.1,0.0,0.0,3.88,5.13,4.62,4.54,0.0,Historical,Baseline,True,DEMO / SYNTHETIC DATA (Plant-to-Watershed Simulator)
2017-11-01,2017,11,WS_Cedar_01,WS_Cedar_01_HRU1,36.3,3.42,10.89,19.33,35.1,13.9,0.0,0.1,0.0,0.0,2.97,4.97,3.7,4.37,0.0,Historical,No-Till,True,DEMO / SYNTHETIC DATA (Plant-to-Watershed Simulator)
2017-11-01,2017,11,WS_Cedar_01,WS_Cedar_01_HRU2,19.4,2.52,9.02,17.43,19.1,9.2,0.0,0.1,0.0,0.0,1.5,4.88,0.5,3.8,0.0,Historical,Baseline,True,DEMO / SYNTHETIC DATA (Plant-to-Watershed Simulator)
2017-11-01,2017,11,WS_Cedar_01,WS_Cedar_01_HRU2,19.4,2.52,9.02,17.67,19.4,9.3,0.0,0.1,0.0,0.0,1.5,4.88,0.5,3.8,0.0,Historical,No-Till,True,DEMO / SYNTHETIC DATA (Plant-to-Watershed Simulator)
2017-11-01,2017,11,WS_Cedar_01,WS_Cedar_01_HRU3,21.0,3.11,9.09,15.07,21.0,13.4,0.0,0.1,0.0,0.0,1.5,3.98,1.06,4.26,0.0,Historical,Baseline,True,DEMO / SYNTHETIC DATA (Plant-to-Watershed Simulator)
2017-11-01,2017,11,WS_Cedar_01,WS_Cedar_01_HRU3,21.0,3.11,9.09,15.43,21.0,13.7,0.0,0.1,0.0,0.0,1.5,3.98,1.06,4.26,0.0,Historical,No-Till,True,DEMO / SYNTHETIC DATA (Plant-to-Watershed Simulator)
2017-11-01,2017,11,WS_Iowa_03,WS_Iowa_03_HRU1,14.7,2.11,10.49,14.93,14.7,9.4,0.0,0.1,0.0,0.0,1.5,7.85,1.81,7.82,0.0,Historical,Baseline,True,DEMO / SYNTHETIC DATA (Plant-to-Watershed Simulator)
2017-11-01,2017,11,WS_Iowa_03,WS_Iowa_03_HRU1,14.7,2.11,10.49,15.1,14.7,9.6,0.0,0.1,0.0,0.0,1.5,7.85,1.81,7.82,0.0,Historical,No-Till,True,DEMO / SYNTHETIC DATA (Plant-to-Watershed Simulator)
2017-11-01,2017,11,WS_Iowa_03,WS_Iowa_03_HRU2,15.0,1.94,11.06,18.0,15.0,10.1,0.0,0.1,0.0,0.0,2.75,8.73,2.37,7.78,0.0,Historical,Baseline,True,DEMO / SYNTHETIC DATA (Plant-to-Watershed Simulator)
2017-11-01,2017,11,WS_Iowa_03,WS_Iowa_03_HRU2,15.0,1.94,11.06,18.43,15.0,10.4,0.0,0.1,0.0,0.0,2.75,8.73,2.37,7.78,0.0,Historical,No-Till,True,DEMO / SYNTHETIC DATA (Plant-to-Watershed Simulator)
2017-11-01,2017,11,WS_Iowa_03,WS_Iowa_03_HRU3,103.4,2.67,11.14,22.6,74.7,21.9,0.0,0.1,0.0,0.0,30.97,17.05,29.37,16.08,0.0,Historical,Baseline,True,DEMO / SYNTHETIC DATA (Plant-to-Watershed Simulator)
2017-11-01,2017,11,WS_Iowa_03,WS_Iowa_03_HRU3,103.4,2.67,11.14,22.6,80.5,21.9,0.0,0.1,0.0,0.0,26.66,15.82,25.03,14.71,0.0,Historical,No-Till,True,DEMO / SYNTHETIC DATA (Plant-to-Watershed Simulator)
2017-11-01,2017,11,WS_Raccoon_02,WS_Raccoon_02_HRU1,35.7,0.39,12.79,23.97,33.5,14.9,0.0,0.1,0.0,0.0,4.01,7.13,3.65,6.75,0.0,Historical,Baseline,True,DEMO / SYNTHETIC DATA (Plant-to-Watershed Simulator)
2017-11-01,2017,11,WS_Raccoon_02,WS_Raccoon_02_HRU1,35.7,0.39,12.79,25.13,34.6,15.7,0.0,0.1,0.0,0.0,3.14,6.93,2.78,6.53,0.0,Historical,No-Till,True,DEMO / SYNTHETIC DATA (Plant-to-Watershed Simulator)
2017-11-01,2017,11,WS_Raccoon_02,WS_Raccoon_02_HRU2,23.2,2.45,9.41,18.17,22.2,9.7,0.0,0.1,0.0,0.0,2.14,6.57,1.67,6.06,0.0,Historical,Baseline,True,DEMO / SYNTHETIC DATA (Plant-to-Watershed Simulator)
2017-11-01,2017,11,WS_Raccoon_02,WS_Raccoon_02_HRU2,23.2,2.45,9.41,18.37,22.9,9.9,0.0,0.1,0.0,0.0,1.63,6.46,1.16,5.93,0.0,Historical,No-Till,True,DEMO / SYNTHETIC DATA (Plant-to-Watershed Simulator)
2017-11-01,2017,11,WS_Raccoon_02,WS_Raccoon_02_HRU3,36.4,3.8,11.25,13.4,35.7,14.4,0.0,0.1,0.0,0.0,2.77,6.78,2.57,6.28,0.0,Historical,Baseline,True,DEMO / SYNTHETIC DATA (Plant-to-Watershed Simulator)
2017-11-01,2017,11,WS_Raccoon_02,WS_Raccoon_02_HRU3,36.4,3.8,11.25,13.53,36.2,14.5,0.0,0.1,0.0,0.0,2.35,6.69,2.14,6.17,0.0,Historical,No-Till,True,DEMO / SYNTHETIC DATA (Plant-to-Watershed Simulator)
2017-12-01,2017,12,WS_Cedar_01,WS_Cedar_01_HRU1,41.9,-3.97,9.21,30.77,37.8,2.2,0.0,0.1,0.0,0.0,6.42,5.37,6.02,5.04,0.0,Historical,Baseline,True,DEMO / SYNTHETIC DATA (Plant-to-Watershed Simulator)
2017-12-01,2017,12,WS_Cedar_01,WS_Cedar_01_HRU1,41.9,-3.97,9.21,31.73,39.5,2.3,0.0,0.1,0.0,0.0,5.14,5.15,4.73,4.79,0.0,Historical,No-Till,True,DEMO / SYNTHETIC DATA (Plant-to-Watershed Simulator)
2017-12-01,2017,12,WS_Cedar_01,WS_Cedar_01_HRU2,26.3,-5.3,9.61,25.1,24.6,1.6,0.0,0.1,0.0,0.0,4.6,4.51,5.81,5.19,0.0,Historical,Baseline,True,DEMO / SYNTHETIC DATA (Plant-to-Watershed Simulator)
2017-12-01,2017,12,WS_Cedar_01,WS_Cedar_01_HRU2,26.3,-5.3,9.61,25.63,25.6,1.7,0.0,0.1,0.0,0.0,3.86,4.38,5.07,5.05,0.0,Historical,No-Till,True,DEMO / SYNTHETIC DATA (Plant-to-Watershed Simulator)
2017-12-01,2017,12,WS_Cedar_01,WS_Cedar_01_HRU3,52.1,-2.58,8.6,28.97,47.8,2.8,0.0,0.1,0.0,0.0,8.29,5.89,8.44,5.5,0.0,Historical,Baseline,True,DEMO / SYNTHETIC DATA (Plant-to-Watershed Simulator)
2017-12-01,2017,12,WS_Cedar_01,WS_Cedar_01_HRU3,52.1,-2.58,8.6,28.97,49.6,2.8,0.0,0.1,0.0,0.0,6.94,5.66,7.08,5.24,0.0,Historical,No-Till,True,DEMO / SYNTHETIC DATA (Plant-to-Watershed Simulator)
2017-12-01,2017,12,WS_Iowa_03,WS_Iowa_03_HRU1,21.1,-3.09,7.88,21.43,21.1,1.6,0.0,0.1,0.0,0.0,1.69,7.87,1.7,7.9,0.0,Historical,Baseline,True,DEMO / SYNTHETIC DATA (Plant-to-Watershed Simulator)
2017-12-01,2017,12,WS_Iowa_03,WS_Iowa_03_HRU1,21.1,-3.09,7.88,21.6,21.1,1.6,0.0,0.1,0.0,0.0,1.68,7.87,1.69,7.9,0.0,Historical,No-Till,True,DEMO / SYNTHETIC DATA (Plant-to-Watershed Simulator)
2017-12-01,2017,12,WS_Iowa_03,WS_Iowa_03_HRU2,30.5,-4.43,8.51,26.6,27.5,1.7,0.0,0.1,0.0,0.0,5.21,9.02,4.5,8.67,0.0,Historical,Baseline,True,DEMO / SYNTHETIC DATA (Plant-to-Watershed Simulator)
2017-12-01,2017,12,WS_Iowa_03,WS_Iowa_03_HRU2,30.5,-4.43,8.51,27.47,28.9,1.8,0.0,0.1,0.0,0.0,4.16,8.72,3.44,8.33,0.0,Historical,No-Till,True,DEMO / SYNTHETIC DATA (Plant-to-Watershed Simulator)
2017-12-01,2017,12,WS_Iowa_03,WS_Iowa_03_HRU3,31.6,-1.39,6.83,28.97,31.4,2.8,0.0,0.1,0.0,0.0,3.18,7.95,2.7,8.05,0.0,Historical,Baseline,True,DEMO / SYNTHETIC DATA (Plant-to-Watershed Simulator)
2017-12-01,2017,12,WS_Iowa_03,WS_Iowa_03_HRU3,31.6,-1.39,6.83,28.97,31.6,2.8,0.0,0.1,0.0,0.0,3.02,7.91,2.54,8.0,0.0,Historical,No-Till,True,DEMO / SYNTHETIC DATA (Plant-to-Watershed Simulator)
2017-12-01,2017,12,WS_Raccoon_02,WS_Raccoon_02_HRU1,10.4,-4.15,7.35,26.8,10.4,1.9,0.0,0.1,0.0,0.0,1.5,6.9,2.42,6.79,0.0,Historical,Baseline,True,DEMO / SYNTHETIC DATA (Plant-to-Watershed Simulator)
2017-12-01,2017,12,WS_Raccoon_02,WS_Raccoon_02_HRU1,10.4,-4.15,7.35,27.93,10.4,2.0,0.0,0.1,0.0,0.0,1.5,6.9,2.42,6.79,0.0,Historical,No-Till,True,DEMO / SYNTHETIC DATA (Plant-to-Watershed Simulator)
2017-12-01,2017,12,WS_Raccoon_02,WS_Raccoon_02_HRU2,39.4,-2.86,7.65,28.53,32.9,1.8,0.0,0.1,0.0,0.0,5.52,7.12,6.66,7.08,0.0,Historical,Baseline,True,DEMO / SYNTHETIC DATA (Plant-to-Watershed Simulator)
2017-12-01,2017,12,WS_Raccoon_02,WS_Raccoon_02_HRU2,39.4,-2.86,7.65,29.47,35.2,1.9,0.0,0.1,0.0,0.0,3.79,6.73,4.92,6.64,0.0,Historical,No-Till,True,DEMO / SYNTHETIC DATA (Plant-to-Watershed Simulator)
2017-12-01,2017,12,WS_Raccoon_02,WS_Raccoon_02_HRU3,26.5,-4.79,7.09,21.53,26.5,2.1,0.0,0.1,0.0,0.0,3.88,6.9,3.42,5.81,0.0,Historical,Baseline,True,DEMO / SYNTHETIC DATA (Plant-to-Watershed Simulator)
2017-12-01,2017,12,WS_Raccoon_02,WS_Raccoon_02_HRU3,26.5,-4.79,7.09,21.67,26.5,2.1,0.0,0.1,0.0,0.0,3.88,6.9,3.42,5.81,0.0,Historical,No-Till,True,DEMO / SYNTHETIC DATA (Plant-to-Watershed Simulator)
2018-01-01,2018,1,WS_Cedar_01,WS_Cedar_01_HRU1,38.6,-5.7,7.21,38.17,35.6,2.8,0.0,0.1,0.0,0.0,3.2,4.37,3.72,4.14,0.0,Historical,Baseline,True,DEMO / SYNTHETIC DATA (Plant-to-Watershed Simulator)
2018-01-01,2018,1,WS_Cedar_01,WS_Cedar_01_HRU1,38.6,-5.7,7.21,38.17,37.0,2.8,0.0,0.1,0.0,0.0,2.14,4.19,2.65,3.94,0.0,Historical,No-Till,True,DEMO / SYNTHETIC DATA (Plant-to-Watershed Simulator)
2018-01-01,2018,1,WS_Cedar_01,WS_Cedar_01_HRU2,6.6,-5.99,9.25,26.73,6.6,1.7,0.0,0.1,0.0,0.0,1.5,3.64,2.33,3.69,0.0,Historical,Baseline,True,DEMO / SYNTHETIC DATA (Plant-to-Watershed Simulator)
2018-01-01,2018,1,WS_Cedar_01,WS_Cedar_01_HRU2,6.6,-5.99,9.25,27.23,6.6,1.8,0.0,0.1,0.0,0.0,1.5,3.64,2.33,3.69,0.0,Historical,No-Till,True,DEMO / SYNTHETIC DATA (Plant-to-Watershed Simulator)
2018-01-01,2018,1,WS_Cedar_01,WS_Cedar_01_HRU3,36.2,-3.89,6.0,28.97,35.5,2.8,0.0,0.1,0.0,0.0,1.5,3.6,1.18,3.86,0.0,Historical,Baseline,True,DEMO / SYNTHETIC DATA (Plant-to-Watershed Simulator)
2018-01-01,2018,1,WS_Cedar_01,WS_Cedar_01_HRU3,36.2,-3.89,6.0,28.97,36.0,2.8,0.0,0.1,0.0,0.0,1.5,3.6,1.18,3.86,0.0,Historical,No-Till,True,DEMO / SYNTHETIC DATA (Plant-to-Watershed Simulator)
2018-01-01,2018,1,WS_Iowa_03,WS_Iowa_03_HRU1,27.3,-8.12,6.19,29.67,26.8,2.1,0.0,0.1,0.0,0.0,4.06,8.68,3.3,7.97,0.0,Historical,Baseline,True,DEMO / SYNTHETIC DATA (Plant-to-Watershed Simulator)
2018-01-01,2018,1,WS_Iowa_03,WS_Iowa_03_HRU1,27.3,-8.12,6.19,29.93,27.2,2.2,0.0,0.1,0.0,0.0,3.72,8.59,2.96,7.86,0.0,Historical,No-Till,True,DEMO / SYNTHETIC DATA (Plant-to-Watershed Simulator)
2018-01-01,2018,1,WS_Iowa_03,WS_Iowa_03_HRU2,39.5,-7.85,7.55,36.8,33.0,2.4,0.0,0.1,0.0,0.0,6.49,8.74,6.08,9.65,0.0,Historical,Baseline,True,DEMO / SYNTHETIC DATA (Plant-to-Watershed Simulator)
2018-01-01,2018,1,WS_Iowa_03,WS_Iowa_03_HRU2,39.5,-7.85,7.55,38.4,35.3,2.5,0.0,0.1,0.0,0.0,4.75,8.24,4.33,9.1,0.0,Historical,No-Till,True,DEMO / SYNTHETIC DATA (Plant-to-Watershed Simulator)
2018-01-01,2018,1,WS_Iowa_03,WS_Iowa_03_HRU3,26.7,-4.01,7.64,28.97,26.7,2.8,0.0,0.1,0.0,0.0,3.43,8.33,3.1,8.43,0.0,Historical,Baseline,True,DEMO / SYNTHETIC DATA (Plant-to-Watershed Simulator)
2018-01-01,2018,1,WS_Iowa_03,WS_Iowa_03_HRU3,26.7,-4.01,7.64,28.97,26.7,2.8,0.0,0.1,0.0,0.0,3.42,8.32,3.09,8.42,0.0,Historical,No-Till,True,DEMO / SYNTHETIC DATA (Plant-to-Watershed Simulator)
2018-01-01,2018,1,WS_Raccoon_02,WS_Raccoon_02_HRU1,42.6,-5.74,6.0,38.17,38.3,2.8,0.0,0.1,0.0,0.0,5.56,7.23,4.57,6.75,0.0,Historical,Baseline,True,DEMO / SYNTHETIC DATA (Plant-to-Watershed Simulator)
2018-01-01,2018,1,WS_Raccoon_02,WS_Raccoon_02_HRU1,42.6,-5.74,6.0,38.17,40.1,2.8,0.0,0.1,0.0,0.0,4.23,6.93,3.23,6.41,0.0,Historical,No-Till,True,DEMO / SYNTHETIC DATA (Plant-to-Watershed Simulator)
2018-01-01,2018,1,WS_Raccoon_02,WS_Raccoon_02_HRU2,44.3,-6.59,6.87,39.53,35.5,2.5,0.0,0.1,0.0,0.0,10.02,8.22,10.54,8.4,0.0,Historical,Baseline,True,DEMO / SYNTHETIC DATA (Plant-to-Watershed Simulator)
2018-01-01,2018,1,WS_Raccoon_02,WS_Raccoon_02_HRU2,44.3,-6.59,6.87,41.33,38.3,2.7,0.0,0.1,0.0,0.0,7.93,7.74,8.43,7.87,0.0,Historical,No-Till,True,DEMO / SYNTHETIC DATA (Plant-to-Watershed Simulator)
2018-01-01,2018,1,WS_Raccoon_02,WS_Raccoon_02_HRU3,35.8,-5.16,6.0,28.97,35.1,2.8,0.0,0.1,0.0,0.0,1.74,5.56,1.79,5.9,0.0,Historical,Baseline,True,DEMO / SYNTHETIC DATA (Plant-to-Watershed Simulator)
2018-01-01,2018,1,WS_Raccoon_02,WS_Raccoon_02_HRU3,35.8,-5.16,6.0,28.97,35.7,2.8,0.0,0.1,0.0,0.0,1.5,5.51,1.54,5.83,0.0,Historical,No-Till,True,DEMO / SYNTHETIC DATA (Plant-to-Watershed Simulator)
2018-02-01,2018,2,WS_Cedar_01,WS_Cedar_01_HRU1,51.0,-2.2,7.62,38.17,43.5,2.8,0.0,0.1,0.0,0.0,8.63,5.51,7.98,5.6,0.0,Historical,Baseline,True,DEMO / SYNTHETIC DATA (Plant-to-Watershed Simulator)
2018-02-01,2018,2,WS_Cedar_01,WS_Cedar_01_HRU1,51.0,-2.2,7.62,38.17,46.0,2.8,0.0,0.1,0.0,0.0,6.76,5.19,6.09,5.24,0.0,Historical,No-Till,True,DEMO / SYNTHETIC DATA (Plant-to-Watershed Simulator)
2018-02-01,2018,2,WS_Cedar_01,WS_Cedar_01_HRU2,52.4,0.14,8.35,35.1,39.2,14.1,0.0,0.1,0.0,0.0,15.12,6.89,15.06,6.68,0.0,Historical,Baseline,True,DEMO / SYNTHETIC DATA (Plant-to-Watershed Simulator)
2018-02-01,2018,2,WS_Cedar_01,WS_Cedar_01_HRU2,52.4,0.14,8.35,36.6,42.8,14.7,0.0,0.1,0.0,0.0,12.45,6.43,12.37,6.17,0.0,Historical,No-Till,True,DEMO / SYNTHETIC DATA (Plant-to-Watershed Simulator)
2018-02-01,2018,2,WS_Cedar_01,WS_Cedar_01_HRU3,34.1,-3.2,6.0,28.97,33.6,2.8,0.0,0.1,0.0,0.0,3.32,4.57,2.64,4.5,0.0,Historical,Baseline,True,DEMO / SYNTHETIC DATA (Plant-to-Watershed Simulator)
2018-02-01,2018,2,WS_Cedar_01,WS_Cedar_01_HRU3,34.1,-3.2,6.0,28.97,34.0,2.8,0.0,0.1,0.0,0.0,3.03,4.52,2.35,4.44,0.0,Historical,No-Till,True,DEMO / SYNTHETIC DATA (Plant-to-Watershed Simulator)
2018-02-01,2018,2,WS_Iowa_03,WS_Iowa_03_HRU1,31.2,-3.8,7.22,38.17,30.0,2.8,0.0,0.1,0.0,0.0,4.31,8.41,4.4,8.1,0.0,Historical,Baseline,True,DEMO / SYNTHETIC DATA (Plant-to-Watershed Simulator)
2018-02-01,2018,2,WS_Iowa_03,WS_Iowa_03_HRU1,31.2,-3.8,7.22,38.17,30.8,2.8,0.0,0.1,0.0,0.0,3.74,8.24,3.82,7.91,0.0,Historical,No-Till,True,DEMO / SYNTHETIC DATA (Plant-to-Watershed Simulator)
2018-02-01,2018,2,WS_Iowa_03,WS_Iowa_03_HRU2,10.8,-2.29,7.18,39.53,10.8,2.6,0.0,0.1,0.0,0.0,1.5,8.16,1.28,7.58,0.0,Historical,Baseline,True,DEMO / SYNTHETIC DATA (Plant-to-Watershed Simulator)
2018-02-01,2018,2,WS_Iowa_03,WS_Iowa_03_HRU2,10.8,-2.29,7.18,41.1,10.8,2.7,0.0,0.1,0.0,0.0,1.5,8.16,1.28,7.58,0.0,Historical,No-Till,True,DEMO / SYNTHETIC DATA (Plant-to-Watershed Simulator)
2018-02-01,2018,2,WS_Iowa_03,WS_Iowa_03_HRU3,36.6,-4.15,8.12,28.97,35.8,2.8,0.0,0.1,0.0,0.0,3.01,8.12,2.35,8.0,0.0,Historical,Baseline,True,DEMO / SYNTHETIC DATA (Plant-to-Watershed Simulator)
2018-02-01,2018,2,WS_Iowa_03,WS_Iowa_03_HRU3,36.6,-4.15,8.12,28.97,36.4,2.8,0.0,0.1,0.0,0.0,2.57,8.0,1.91,7.86,0.0,Historical,No-Till,True,DEMO / SYNTHETIC DATA (Plant-to-Watershed Simulator)
2018-02-01,2018,2,WS_Raccoon_02,WS_Raccoon_02_HRU1,24.6,-4.72,6.98,38.17,24.4,2.8,0.0,0.1,0.0,0.0,3.14,6.07,3.13,6.66,0.0,Historical,Baseline,True,DEMO / SYNTHETIC DATA (Plant-to-Watershed Simulator)
2018-02-01,2018,2,WS_Raccoon_02,WS_Raccoon_02_HRU1,24.6,-4.72,6.98,38.17,24.6,2.8,0.0,0.1,0.0,0.0,2.97,6.04,2.96,6.62,0.0,Historical,No-Till,True,DEMO / SYNTHETIC DATA (Plant-to-Watershed Simulator)
2018-02-01,2018,2,WS_Raccoon_02,WS_Raccoon_02_HRU2,29.1,-2.13,8.87,42.77,26.6,2.8,0.0,0.1,0.0,0.0,5.27,6.54,5.61,6.9,0.0,Historical,Baseline,True,DEMO / SYNTHETIC DATA (Plant-to-Watershed Simulator)
2018-02-01,2018,2,WS_Raccoon_02,WS_Raccoon_02_HRU2,29.1,-2.13,8.87,42.77,27.8,2.8,0.0,0.1,0.0,0.0,4.32,6.33,4.65,6.66,0.0,Historical,No-Till,True,DEMO / SYNTHETIC DATA (Plant-to-Watershed Simulator)
2018-02-01,2018,2,WS_Raccoon_02,WS_Raccoon_02_HRU3,51.5,-2.79,7.96,28.97,47.4,2.8,0.0,0.1,0.0,0.0,7.14,7.62,6.96,7.38,0.0,Historical,Baseline,True,DEMO / SYNTHETIC DATA (Plant-to-Watershed Simulator)
2018-02-01,2018,2,WS_Raccoon_02,WS_Raccoon_02_HRU3,51.5,-2.79,7.96,28.97,49.1,2.8,0.0,0.1,0.0,0.0,5.83,7.32,5.64,7.05,0.0,Historical,No-Till,True,DEMO / SYNTHETIC DATA (Plant-to-Watershed Simulator)
2018-03-01,2018,3,WS_Cedar_01,WS_Cedar_01_HRU1,23.0,2.28,10.36,32.23,22.9,20.6,0.0,0.1,0.0,0.0,2.65,5.0,2.26,4.29,0.0,Historical,Baseline,True,DEMO / SYNTHETIC DATA (Plant-to-Watershed Simulator)
2018-03-01,2018,3,WS_Cedar_01,WS_Cedar_01_HRU1,23.0,2.28,10.36,32.23,23.0,20.6,0.0,0.1,0.0,0.0,2.58,4.98,2.19,4.28,0.0,Historical,No-Till,True,DEMO / SYNTHETIC DATA (Plant-to-Watershed Simulator)
2018-03-01,2018,3,WS_Cedar_01,WS_Cedar_01_HRU2,24.0,2.41,10.41,35.93,22.8,20.3,0.0,0.1,0.0,0.0,1.74,3.9,2.19,4.03,0.0,Historical,Baseline,True,DEMO / SYNTHETIC DATA (Plant-to-Watershed Simulator)
2018-03-01,2018,3,WS_Cedar_01,WS_Cedar_01_HRU2,24.0,2.41,10.41,36.77,23.6,20.8,0.0,0.1,0.0,0.0,1.5,3.86,1.95,3.98,0.0,Historical,No-Till,True,DEMO / SYNTHETIC DATA (Plant-to-Watershed Simulator)
2018-03-01,2018,3,WS_Cedar_01,WS_Cedar_01_HRU3,13.7,3.91,9.83,22.43,13.7,22.4,0.0,0.1,0.0,0.0,2.14,4.11,1.97,4.38,0.0,Historical,Baseline,True,DEMO / SYNTHETIC DATA (Plant-to-Watershed Simulator)
2018-03-01,2018,3,WS_Cedar_01,WS_Cedar_01_HRU3,13.7,3.91,9.83,22.43,13.7,22.4,0.0,0.1,0.0,0.0,2.14,4.11,1.97,4.38,0.0,Historical,No-Till,True,DEMO / SYNTHETIC DATA (Plant-to-Watershed Simulator)
2018-03-01,2018,3,WS_Iowa_03,WS_Iowa_03_HRU1,30.7,1.66,12.76,31.77,29.6,22.0,0.0,0.1,0.0,0.0,3.08,8.28,3.28,7.18,0.0,Historical,Baseline,True,DEMO / SYNTHETIC DATA (Plant-to-Watershed Simulator)
2018-03-01,2018,3,WS_Iowa_03,WS_Iowa_03_HRU1,30.7,1.66,12.76,31.77,30.3,22.0,0.0,0.1,0.0,0.0,2.54,8.13,2.74,7.01,0.0,Historical,No-Till,True,DEMO / SYNTHETIC DATA (Plant-to-Watershed Simulator)
2018-03-01,2018,3,WS_Iowa_03,WS_Iowa_03_HRU2,76.4,0.68,11.8,37.17,47.6,19.6,0.0,0.1,0.0,0.0,27.96,15.99,27.25,15.77,0.0,Historical,Baseline,True,DEMO / SYNTHETIC DATA (Plant-to-Watershed Simulator)
2018-03-01,2018,3,WS_Iowa_03,WS_Iowa_03_HRU2,76.4,0.68,11.8,37.17,53.2,19.6,0.0,0.1,0.0,0.0,23.74,14.79,23.0,14.43,0.0,Historical,No-Till,True,DEMO / SYNTHETIC DATA (Plant-to-Watershed Simulator)
2018-03-01,2018,3,WS_Iowa_03,WS_Iowa_03_HRU3,47.7,2.26,11.6,22.67,44.7,21.7,0.0,0.1,0.0,0.0,7.03,10.25,7.59,10.01,0.0,Historical,Baseline,True,DEMO / SYNTHETIC DATA (Plant-to-Watershed Simulator)
2018-03-01,2018,3,WS_Iowa_03,WS_Iowa_03_HRU3,47.7,2.26,11.6,22.67,46.1,21.7,0.0,0.1,0.0,0.0,5.94,9.94,6.49,9.67,0.0,Historical,No-Till,True,DEMO / SYNTHETIC DATA (Plant-to-Watershed Simulator)
2018-03-01,2018,3,WS_Raccoon_02,WS_Raccoon_02_HRU1,24.6,1.73,10.47,32.47,24.4,19.9,0.0,0.1,0.0,0.0,2.62,6.58,2.79,5.92,0.0,Historical,Baseline,True,DEMO / SYNTHETIC DATA (Plant-to-Watershed Simulator)
2018-03-01,2018,3,WS_Raccoon_02,WS_Raccoon_02_HRU1,24.6,1.73,10.47,32.47,24.6,19.9,0.0,0.1,0.0,0.0,2.45,6.55,2.62,5.88,0.0,Historical,No-Till,True,DEMO / SYNTHETIC DATA (Plant-to-Watershed Simulator)
2018-03-01,2018,3,WS_Raccoon_02,WS_Raccoon_02_HRU2,38.1,2.61,10.57,36.63,32.2,21.2,0.0,0.1,0.0,0.0,7.07,7.83,7.09,7.2,0.0,Historical,Baseline,True,DEMO / SYNTHETIC DATA (Plant-to-Watershed Simulator)
2018-03-01,2018,3,WS_Raccoon_02,WS_Raccoon_02_HRU2,38.1,2.61,10.57,36.63,34.4,21.2,0.0,0.1,0.0,0.0,5.44,7.46,5.45,6.78,0.0,Historical,No-Till,True,DEMO / SYNTHETIC DATA (Plant-to-Watershed Simulator)
2018-03-01,2018,3,WS_Raccoon_02,WS_Raccoon_02_HRU3,26.5,1.11,10.54,23.57,26.5,19.0,0.0,0.1,0.0,0.0,1.5,5.98,1.56,6.01,0.0,Historical,Baseline,True,DEMO / SYNTHETIC DATA (Plant-to-Watershed Simulator)
2018-03-01,2018,3,WS_Raccoon_02,WS_Raccoon_02_HRU3,26.5,1.11,10.54,23.57,26.5,19.0,0.0,0.1,0.0,0.0,1.5,5.98,1.56,6.01,0.0,Historical,No-Till,True,DEMO / SYNTHETIC DATA (Plant-to-Watershed Simulator)
2018-04-01,2018,4,WS_Cedar_01,WS_Cedar_01_HRU1,56.0,11.34,13.26,27.43,46.3,35.0,0.0,0.1,0.0,0.0,10.09,5.44,9.7,5.73,0.0,Historical,Baseline,True,DEMO / SYNTHETIC DATA (Plant-to-Watershed Simulator)
2018-04-01,2018,4,WS_Cedar_01,WS_Cedar_01_HRU1,56.0,11.34,13.26,27.43,49.2,35.0,0.0,0.1,0.0,0.0,7.89,5.06,7.48,5.31,0.0,Historical,No-Till,True,DEMO / SYNTHETIC DATA (Plant-to-Watershed Simulator)
2018-04-01,2018,4,WS_Cedar_01,WS_Cedar_01_HRU2,44.8,7.63,13.81,33.17,35.7,31.6,0.0,0.1,0.0,0.0,11.53,5.58,11.19,6.08,0.0,Historical,Baseline,True,DEMO / SYNTHETIC DATA (Plant-to-Watershed Simulator)
2018-04-01,2018,4,WS_Cedar_01,WS_Cedar_01_HRU2,44.8,7.63,13.81,33.17,38.5,31.6,0.0,0.1,0.0,0.0,9.4,5.21,9.05,5.68,0.0,Historical,No-Till,True,DEMO / SYNTHETIC DATA (Plant-to-Watershed Simulator)
2018-04-01,2018,4,WS_Cedar_01,WS_Cedar_01_HRU3,50.2,10.08,15.76,18.23,46.5,35.0,0.0,0.1,0.0,0.0,5.33,4.94,5.23,5.2,0.0,Historical,Baseline,True,DEMO / SYNTHETIC DATA (Plant-to-Watershed Simulator)
2018-04-01,2018,4,WS_Cedar_01,WS_Cedar_01_HRU3,50.2,10.08,15.76,18.23,48.1,35.0,0.0,0.1,0.0,0.0,4.09,4.72,3.98,4.96,0.0,Historical,No-Till,True,DEMO / SYNTHETIC DATA (Plant-to-Watershed Simulator)
2018-04-01,2018,4,WS_Iowa_03,WS_Iowa_03_HRU1,21.8,12.2,15.2,27.37,21.8,35.0,0.0,0.1,0.0,0.0,3.17,8.29,3.58,7.86,0.0,Historical,Baseline,True,DEMO / SYNTHETIC DATA (Plant-to-Watershed Simulator)
2018-04-01,2018,4,WS_Iowa_03,WS_Iowa_03_HRU1,21.8,12.2,15.2,27.37,21.8,35.0,0.0,0.1,0.0,0.0,3.14,8.28,3.55,7.85,0.0,Historical,No-Till,True,DEMO / SYNTHETIC DATA (Plant-to-Watershed Simulator)
2018-04-01,2018,4,WS_Iowa_03,WS_Iowa_03_HRU2,34.0,12.47,14.97,32.03,29.8,35.0,0.0,0.1,0.0,0.0,7.43,10.15,6.61,9.1,0.0,Historical,Baseline,True,DEMO / SYNTHETIC DATA (Plant-to-Watershed Simulator)
2018-04-01,2018,4,WS_Iowa_03,WS_Iowa_03_HRU2,34.0,12.47,14.97,32.03,31.5,35.0,0.0,0.1,0.0,0.0,6.11,9.77,5.28,8.68,0.0,Historical,No-Till,True,DEMO / SYNTHETIC DATA (Plant-to-Watershed Simulator)
2018-04-01,2018,4,WS_Iowa_03,WS_Iowa_03_HRU3,42.5,12.67,15.04,18.23,40.7,35.0,0.0,0.1,0.0,0.0,5.28,9.24,6.39,8.42,0.0,Historical,Baseline,True,DEMO / SYNTHETIC DATA (Plant-to-Watershed Simulator)
2018-04-01,2018,4,WS_Iowa_03,WS_Iowa_03_HRU3,42.5,12.67,15.04,18.23,41.7,35.0,0.0,0.1,0.0,0.0,4.51,9.02,5.62,8.17,0.0,Historical,No-Till,True,DEMO / SYNTHETIC DATA (Plant-to-Watershed Simulator)
2018-04-01,2018,4,WS_Raccoon_02,WS_Raccoon_02_HRU1,25.2,9.48,13.99,27.6,24.9,34.5,0.0,0.1,0.0,0.0,1.5,6.36,2.1,5.85,0.0,Historical,Baseline,True,DEMO / SYNTHETIC DATA (Plant-to-Watershed Simulator)
2018-04-01,2018,4,WS_Raccoon_02,WS_Raccoon_02_HRU1,25.2,9.48,13.99,27.6,25.2,34.5,0.0,0.1,0.0,0.0,1.5,6.36,2.09,5.85,0.0,Historical,No-Till,True,DEMO / SYNTHETIC DATA (Plant-to-Watershed Simulator)
2018-04-01,2018,4,WS_Raccoon_02,WS_Raccoon_02_HRU2,40.9,8.48,17.98,32.03,33.7,35.0,0.0,0.1,0.0,0.0,8.98,8.36,8.7,7.86,0.0,Historical,Baseline,True,DEMO / SYNTHETIC DATA (Plant-to-Watershed Simulator)
2018-04-01,2018,4,WS_Raccoon_02,WS_Raccoon_02_HRU2,40.9,8.48,17.98,32.03,36.2,35.0,0.0,0.1,0.0,0.0,7.14,7.94,6.84,7.39,0.0,Historical,No-Till,True,DEMO / SYNTHETIC DATA (Plant-to-Watershed Simulator)
2018-04-01,2018,4,WS_Raccoon_02,WS_Raccoon_02_HRU3,28.1,9.15,16.29,18.23,28.1,35.0,0.0,0.1,0.0,0.0,4.64,7.02,5.1,7.24,0.0,Historical,Baseline,True,DEMO / SYNTHETIC DATA (Plant-to-Watershed Simulator)
2018-04-01,2018,4,WS_Raccoon_02,WS_Raccoon_02_HRU3,28.1,9.15,16.29,18.23,28.1,35.0,0.0,0.1,0.0,0.0,4.62,7.02,5.08,7.23,0.0,Historical,No-Till,True,DEMO / SYNTHETIC DATA (Plant-to-Watershed Simulator)
2018-05-01,2018,5,WS_Cedar_01,WS_Cedar_01_HRU1,107.8,20.71,19.06,25.4,66.3,41.1,0.1,0.2,6.1,0.0,39.74,10.52,38.76,11.51,0.0,Historical,Baseline,True,DEMO / SYNTHETIC DATA (Plant-to-Watershed Simulator)
2018-05-01,2018,5,WS_Cedar_01,WS_Cedar_01_HRU1,107.8,20.71,19.06,25.4,73.2,41.1,0.1,0.2,6.1,0.0,34.57,9.64,33.54,10.52,0.0,Historical,No-Till,True,DEMO / SYNTHETIC DATA (Plant-to-Watershed Simulator)
2018-05-01,2018,5,WS_Cedar_01,WS_Cedar_01_HRU2,75.0,17.05,17.65,30.23,47.2,40.4,0.1,0.2,5.4,0.0,25.74,8.96,25.03,8.36,0.0,Historical,Baseline,True,DEMO / SYNTHETIC DATA (Plant-to-Watershed Simulator)
2018-05-01,2018,5,WS_Cedar_01,WS_Cedar_01_HRU2,75.0,17.05,17.65,30.23,52.7,40.4,0.1,0.2,5.4,0.0,21.61,8.25,20.86,7.57,0.0,Historical,No-Till,True,DEMO / SYNTHETIC DATA (Plant-to-Watershed Simulator)
2018-05-01,2018,5,WS_Cedar_01,WS_Cedar_01_HRU3,7.6,16.54,19.47,7.37,7.6,40.2,0.1,0.2,5.5,0.0,1.5,3.81,1.88,4.41,0.0,Historical,Baseline,True,DEMO / SYNTHETIC DATA (Plant-to-Watershed Simulator)
2018-05-01,2018,5,WS_Cedar_01,WS_Cedar_01_HRU3,7.6,16.54,19.47,7.37,7.6,40.2,0.1,0.2,5.5,0.0,1.5,3.81,1.88,4.41,0.0,Historical,No-Till,True,DEMO / SYNTHETIC DATA (Plant-to-Watershed Simulator)
2018-05-01,2018,5,WS_Iowa_03,WS_Iowa_03_HRU1,22.9,17.14,18.92,21.47,22.8,40.5,0.1,0.2,5.5,0.0,1.55,7.77,1.31,7.56,0.0,Historical,Baseline,True,DEMO / SYNTHETIC DATA (Plant-to-Watershed Simulator)
2018-05-01,2018,5,WS_Iowa_03,WS_Iowa_03_HRU1,22.9,17.14,18.92,21.5,22.9,40.5,0.1,0.2,5.5,0.0,1.5,7.75,1.26,7.55,0.0,Historical,No-Till,True,DEMO / SYNTHETIC DATA (Plant-to-Watershed Simulator)
2018-05-01,2018,5,WS_Iowa_03,WS_Iowa_03_HRU2,10.4,19.94,19.07,21.83,10.4,41.0,0.1,0.2,6.0,0.0,1.5,7.44,1.99,7.47,0.0,Historical,Baseline,True,DEMO / SYNTHETIC DATA (Plant-to-Watershed Simulator)
2018-05-01,2018,5,WS_Iowa_03,WS_Iowa_03_HRU2,10.4,19.94,19.07,21.83,10.4,41.0,0.1,0.2,6.0,0.0,1.5,7.44,1.99,7.47,0.0,Historical,No-Till,True,DEMO / SYNTHETIC DATA (Plant-to-Watershed Simulator)
2018-05-01,2018,5,WS_Iowa_03,WS_Iowa_03_HRU3,128.4,18.18,18.58,16.33,83.6,40.7,0.1,0.2,5.7,0.0,45.27,20.66,44.28,20.83,0.0,Historical,Baseline,True,DEMO / SYNTHETIC DATA (Plant-to-Watershed Simulator)
2018-05-01,2018,5,WS_Iowa_03,WS_Iowa_03_HRU3,128.4,18.18,18.58,16.33,91.0,40.7,0.1,0.2,5.7,0.0,39.69,19.07,38.64,19.05,0.0,Historical,No-Till,True,DEMO / SYNTHETIC DATA (Plant-to-Watershed Simulator)
2018-05-01,2018,5,WS_Raccoon_02,WS_Raccoon_02_HRU1,18.3,19.19,18.55,19.73,18.3,41.9,0.12,0.2,6.9,0.0,1.5,5.88,0.84,5.7,0.0,Historical,Baseline,True,DEMO / SYNTHETIC DATA (Plant-to-Watershed Simulator)
2018-05-01,2018,5,WS_Raccoon_02,WS_Raccoon_02_HRU1,18.3,19.19,18.55,19.73,18.3,41.9,0.12,0.2,6.9,0.0,1.5,5.88,0.84,5.7,0.0,Historical,No-Till,True,DEMO / SYNTHETIC DATA (Plant-to-Watershed Simulator)
2018-05-01,2018,5,WS_Raccoon_02,WS_Raccoon_02_HRU2,126.5,19.76,20.52,30.0,58.0,41.1,0.1,0.2,6.1,0.0,62.19,19.89,60.67,20.82,0.0,Historical,Baseline,True,DEMO / SYNTHETIC DATA (Plant-to-Watershed Simulator)
2018-05-01,2018,5,WS_Raccoon_02,WS_Raccoon_02_HRU2,126.5,19.76,20.52,30.0,66.8,41.1,0.1,0.2,6.1,0.0,55.59,18.39,54.0,19.14,0.0,Historical,No-Till,True,DEMO / SYNTHETIC DATA (Plant-to-Watershed Simulator)
2018-05-01,2018,5,WS_Raccoon_02,WS_Raccoon_02_HRU3,67.0,19.96,19.85,16.2,57.3,41.1,0.1,0.2,6.1,0.0,13.53,8.63,12.94,8.68,0.0,Historical,Baseline,True,DEMO / SYNTHETIC DATA (Plant-to-Watershed Simulator)
2018-05-01,2018,5,WS_Raccoon_02,WS_Raccoon_02_HRU3,67.0,19.96,19.85,16.2,60.3,41.1,0.1,0.2,6.1,0.0,11.29,8.12,10.68,8.11,0.0,Historical,No-Till,True,DEMO / SYNTHETIC DATA (Plant-to-Watershed Simulator)
2018-06-01,2018,6,WS_Cedar_01,WS_Cedar_01_HRU1,123.1,25.51,22.47,9.8,70.3,120.6,2.1,0.5,85.6,0.038,49.75,12.51,42.69,11.64,0.0,Historical,Baseline,True,DEMO / SYNTHETIC DATA (Plant-to-Watershed Simulator)
2018-06-01,2018,6,WS_Cedar_01,WS_Cedar_01_HRU1,123.1,25.51,22.47,9.8,78.1,120.6,2.1,0.5,85.6,0.038,43.86,11.51,37.18,10.6,0.0,Historical,No-Till,True,DEMO / SYNTHETIC DATA (Plant-to-Watershed Simulator)
2018-06-01,2018,6,WS_Cedar_01,WS_Cedar_01_HRU2,121.9,24.45,22.53,14.0,57.3,115.7,2.01,0.5,80.7,0.051,57.34,13.54,49.23,13.63,0.0,Historical,Baseline,True,DEMO / SYNTHETIC DATA (Plant-to-Watershed Simulator)
2018-06-01,2018,6,WS_Cedar_01,WS_Cedar_01_HRU2,121.9,24.45,22.53,14.0,65.9,115.7,2.01,0.5,80.7,0.051,50.92,12.44,43.19,12.49,0.0,Historical,No-Till,True,DEMO / SYNTHETIC DATA (Plant-to-Watershed Simulator)
2018-06-01,2018,6,WS_Cedar_01,WS_Cedar_01_HRU3,108.6,25.2,24.0,6.3,76.7,121.3,2.06,0.5,86.3,0.035,32.55,8.86,26.66,8.72,0.0,Historical,Baseline,True,DEMO / SYNTHETIC DATA (Plant-to-Watershed Simulator)
2018-06-01,2018,6,WS_Cedar_01,WS_Cedar_01_HRU3,108.6,25.2,24.0,6.3,82.9,121.3,2.06,0.5,86.3,0.035,27.96,8.07,22.36,7.9,0.0,Historical,No-Till,True,DEMO / SYNTHETIC DATA (Plant-to-Watershed Simulator)
2018-06-01,2018,6,WS_Iowa_03,WS_Iowa_03_HRU1,18.6,23.86,20.81,9.8,18.6,107.0,1.92,0.5,72.0,0.098,1.5,7.58,0.5,7.36,0.0,Historical,Baseline,True,DEMO / SYNTHETIC DATA (Plant-to-Watershed Simulator)
2018-06-01,2018,6,WS_Iowa_03,WS_Iowa_03_HRU1,18.6,23.86,20.81,9.8,18.6,107.0,1.92,0.5,72.0,0.098,1.5,7.58,0.5,7.36,0.0,Historical,No-Till,True,DEMO / SYNTHETIC DATA (Plant-to-Watershed Simulator)
2018-06-01,2018,6,WS_Iowa_03,WS_Iowa_03_HRU2,100.7,22.3,23.53,14.0,53.5,105.4,1.82,0.5,70.4,0.097,42.99,19.9,37.6,18.87,0.0,Historical,Baseline,True,DEMO / SYNTHETIC DATA (Plant-to-Watershed Simulator)
2018-06-01,2018,6,WS_Iowa_03,WS_Iowa_03_HRU2,100.7,22.3,23.53,14.0,60.8,105.4,1.82,0.5,70.4,0.097,37.49,18.34,32.38,17.22,0.0,Historical,No-Till,True,DEMO / SYNTHETIC DATA (Plant-to-Watershed Simulator)
2018-06-01,2018,6,WS_Iowa_03,WS_Iowa_03_HRU3,113.3,22.62,22.29,6.3,78.5,114.2,2.04,0.5,79.2,0.032,34.58,17.87,29.85,16.41,0.0,Historical,Baseline,True,DEMO / SYNTHETIC DATA (Plant-to-Watershed Simulator)
2018-06-01,2018,6,WS_Iowa_03,WS_Iowa_03_HRU3,113.3,22.62,22.29,6.3,84.9,114.2,2.04,0.5,79.2,0.032,29.74,16.49,25.31,14.98,0.0,Historical,No-Till,True,DEMO / SYNTHETIC DATA (Plant-to-Watershed Simulator)
2018-06-01,2018,6,WS_Raccoon_02,WS_Raccoon_02_HRU1,200.3,25.69,22.11,9.8,83.6,108.6,1.59,0.5,73.6,0.035,102.92,29.82,92.3,28.88,0.0,Historical,Baseline,True,DEMO / SYNTHETIC DATA (Plant-to-Watershed Simulator)
2018-06-01,2018,6,WS_Raccoon_02,WS_Raccoon_02_HRU1,200.3,25.69,22.11,9.8,95.2,108.6,1.59,0.5,73.6,0.035,94.25,27.84,83.97,26.79,0.0,Historical,No-Till,True,DEMO / SYNTHETIC DATA (Plant-to-Watershed Simulator)
2018-06-01,2018,6,WS_Raccoon_02,WS_Raccoon_02_HRU2,42.0,24.64,23.31,14.0,34.3,115.7,1.98,0.5,80.7,0.059,8.51,8.28,6.96,7.28,0.0,Historical,Baseline,True,DEMO / SYNTHETIC DATA (Plant-to-Watershed Simulator)
2018-06-01,2018,6,WS_Raccoon_02,WS_Raccoon_02_HRU2,42.0,24.64,23.31,14.0,36.9,115.7,1.98,0.5,80.7,0.059,6.59,7.84,5.15,6.82,0.0,Historical,No-Till,True,DEMO / SYNTHETIC DATA (Plant-to-Watershed Simulator)
2018-06-01,2018,6,WS_Raccoon_02,WS_Raccoon_02_HRU3,140.1,24.03,20.29,6.3,87.1,103.4,1.71,0.5,68.4,0.082,50.05,17.26,43.31,16.16,0.0,Historical,Baseline,True,DEMO / SYNTHETIC DATA (Plant-to-Watershed Simulator)
2018-06-01,2018,6,WS_Raccoon_02,WS_Raccoon_02_HRU3,140.1,24.03,20.29,6.3,95.2,103.4,1.71,0.5,68.4,0.082,43.93,15.87,37.47,14.69,0.0,Historical,No-Till,True,DEMO / SYNTHETIC DATA (Plant-to-Watershed Simulator)
2018-07-01,2018,7,WS_Cedar_01,WS_Cedar_01_HRU1,135.3,26.54,22.98,9.8,73.0,146.2,5.03,0.9,111.2,0.086,59.72,14.17,43.41,11.57,0.0,Historical,Baseline,True,DEMO / SYNTHETIC DATA (Plant-to-Watershed Simulator)
2018-07-01,2018,7,WS_Cedar_01,WS_Cedar_01_HRU1,135.3,26.54,22.98,9.8,81.6,146.2,5.03,0.9,111.2,0.086,53.3,13.07,37.96,10.54,0.0,Historical,No-Till,True,DEMO / SYNTHETIC DATA (Plant-to-Watershed Simulator)
2018-07-01,2018,7,WS_Cedar_01,WS_Cedar_01_HRU2,71.7,24.63,24.46,14.0,46.2,126.8,4.67,0.9,91.8,0.221,23.88,8.18,15.78,7.45,0.0,Historical,Baseline,True,DEMO / SYNTHETIC DATA (Plant-to-Watershed Simulator)
2018-07-01,2018,7,WS_Cedar_01,WS_Cedar_01_HRU2,71.7,24.63,24.46,14.0,51.4,140.4,4.67,0.9,105.4,0.105,19.94,7.51,12.44,6.82,0.0,Historical,No-Till,True,DEMO / SYNTHETIC DATA (Plant-to-Watershed Simulator)
2018-07-01,2018,7,WS_Cedar_01,WS_Cedar_01_HRU3,114.0,25.71,22.75,6.3,78.7,143.7,4.75,0.9,108.7,0.079,34.34,9.53,23.41,8.14,0.0,Historical,Baseline,True,DEMO / SYNTHETIC DATA (Plant-to-Watershed Simulator)
2018-07-01,2018,7,WS_Cedar_01,WS_Cedar_01_HRU3,114.0,25.71,22.75,6.3,85.2,143.7,4.75,0.9,108.7,0.079,29.47,8.7,19.28,7.36,0.0,Historical,No-Till,True,DEMO / SYNTHETIC DATA (Plant-to-Watershed Simulator)
2018-07-01,2018,7,WS_Iowa_03,WS_Iowa_03_HRU1,151.6,27.15,24.04,9.8,76.2,154.7,4.75,0.9,119.7,0.034,69.31,27.62,49.5,23.02,0.0,Historical,Baseline,True,DEMO / SYNTHETIC DATA (Plant-to-Watershed Simulator)
2018-07-01,2018,7,WS_Iowa_03,WS_Iowa_03_HRU1,151.6,27.15,24.04,9.8,85.6,154.7,4.75,0.9,119.7,0.034,62.24,25.6,43.5,21.13,0.0,Historical,No-Till,True,DEMO / SYNTHETIC DATA (Plant-to-Watershed Simulator)
2018-07-01,2018,7,WS_Iowa_03,WS_Iowa_03_HRU2,112.5,27.98,22.9,14.0,55.7,159.2,4.83,0.9,124.2,0.002,50.45,21.54,36.3,19.08,0.0,Historical,Baseline,True,DEMO / SYNTHETIC DATA (Plant-to-Watershed Simulator)
2018-07-01,2018,7,WS_Iowa_03,WS_Iowa_03_HRU2,112.5,27.98,22.9,14.0,63.8,159.2,4.83,0.9,124.2,0.002,44.43,19.83,31.19,17.47,0.0,Historical,No-Till,True,DEMO / SYNTHETIC DATA (Plant-to-Watershed Simulator)
2018-07-01,2018,7,WS_Iowa_03,WS_Iowa_03_HRU3,92.6,26.86,24.54,6.3,70.2,154.0,4.41,0.9,119.0,0.027,25.1,14.59,16.35,11.91,0.0,Historical,Baseline,True,DEMO / SYNTHETIC DATA (Plant-to-Watershed Simulator)
2018-07-01,2018,7,WS_Iowa_03,WS_Iowa_03_HRU3,92.6,26.86,24.54,6.3,75.2,154.0,4.41,0.9,119.0,0.027,21.38,13.53,13.18,10.91,0.0,Historical,No-Till,True,DEMO / SYNTHETIC DATA (Plant-to-Watershed Simulator)
2018-07-01,2018,7,WS_Raccoon_02,WS_Raccoon_02_HRU1,26.2,26.71,23.53,9.8,25.8,81.2,4.88,0.9,48.9,0.601,2.39,6.37,0.5,6.0,0.0,Historical,Baseline,True,DEMO / SYNTHETIC DATA (Plant-to-Watershed Simulator)
2018-07-01,2018,7,WS_Raccoon_02,WS_Raccoon_02_HRU1,26.2,26.71,23.53,9.8,26.2,82.8,4.88,0.9,50.2,0.59,2.13,6.31,0.5,6.0,0.0,Historical,No-Till,True,DEMO / SYNTHETIC DATA (Plant-to-Watershed Simulator)
2018-07-01,2018,7,WS_Raccoon_02,WS_Raccoon_02_HRU2,48.3,24.35,20.23,14.0,37.4,101.2,4.89,0.9,66.2,0.402,13.32,8.38,8.48,7.71,0.0,Historical,Baseline,True,DEMO / SYNTHETIC DATA (Plant-to-Watershed Simulator)
2018-07-01,2018,7,WS_Raccoon_02,WS_Raccoon_02_HRU2,48.3,24.35,20.23,14.0,40.6,112.2,4.89,0.9,77.2,0.303,10.93,7.84,6.45,7.2,0.0,Historical,No-Till,True,DEMO / SYNTHETIC DATA (Plant-to-Watershed Simulator)
2018-07-01,2018,7,WS_Raccoon_02,WS_Raccoon_02_HRU3,98.6,27.78,23.21,6.3,72.8,150.6,4.96,0.9,115.6,0.075,28.29,11.86,18.27,10.02,0.0,Historical,Baseline,True,DEMO / SYNTHETIC DATA (Plant-to-Watershed Simulator)
2018-07-01,2018,7,WS_Raccoon_02,WS_Raccoon_02_HRU3,98.6,27.78,23.21,6.3,78.2,150.6,4.96,0.9,115.6,0.075,24.23,10.94,14.83,9.16,0.0,Historical,No-Till,True,DEMO / SYNTHETIC DATA (Plant-to-Watershed Simulator)
2018-08-01,2018,8,WS_Cedar_01,WS_Cedar_01_HRU1,88.5,25.53,20.74,9.8,60.3,142.4,4.64,1.2,107.4,0.055,28.65,9.65,18.78,7.18,0.0,Historical,Baseline,True,DEMO / SYNTHETIC DATA (Plant-to-Watershed Simulator)
2018-08-01,2018,8,WS_Cedar_01,WS_Cedar_01_HRU1,88.5,25.53,20.74,9.8,65.8,142.4,4.64,1.2,107.4,0.055,24.49,8.94,15.16,6.49,0.0,Historical,No-Till,True,DEMO / SYNTHETIC DATA (Plant-to-Watershed Simulator)
2018-08-01,2018,8,WS_Cedar_01,WS_Cedar_01_HRU2,125.0,22.5,21.48,14.0,57.8,137.5,4.72,1.2,102.5,0.046,60.44,14.28,43.76,12.73,0.0,Historical,Baseline,True,DEMO / SYNTHETIC DATA (Plant-to-Watershed Simulator)
2018-08-01,2018,8,WS_Cedar_01,WS_Cedar_01_HRU2,125.0,22.5,21.48,14.0,66.5,137.5,4.72,1.2,102.5,0.046,53.9,13.16,38.06,11.66,0.0,Historical,No-Till,True,DEMO / SYNTHETIC DATA (Plant-to-Watershed Simulator)
2018-08-01,2018,8,WS_Cedar_01,WS_Cedar_01_HRU3,137.7,23.19,21.78,6.3,86.4,138.9,4.79,1.2,103.9,0.056,50.53,12.59,33.72,10.14,0.0,Historical,Baseline,True,DEMO / SYNTHETIC DATA (Plant-to-Watershed Simulator)
2018-08-01,2018,8,WS_Cedar_01,WS_Cedar_01_HRU3,137.7,23.19,21.78,6.3,94.4,138.9,4.79,1.2,103.9,0.056,44.51,11.56,28.48,9.15,0.0,Historical,No-Till,True,DEMO / SYNTHETIC DATA (Plant-to-Watershed Simulator)
2018-08-01,2018,8,WS_Iowa_03,WS_Iowa_03_HRU1,97.5,24.13,21.3,9.8,63.3,146.7,4.95,1.2,111.7,0.005,31.88,15.81,20.11,13.6,0.0,Historical,Baseline,True,DEMO / SYNTHETIC DATA (Plant-to-Watershed Simulator)
2018-08-01,2018,8,WS_Iowa_03,WS_Iowa_03_HRU1,97.5,24.13,21.3,9.8,69.5,146.7,4.95,1.2,111.7,0.005,27.24,14.49,16.06,12.33,0.0,Historical,No-Till,True,DEMO / SYNTHETIC DATA (Plant-to-Watershed Simulator)
2018-08-01,2018,8,WS_Iowa_03,WS_Iowa_03_HRU2,74.8,24.38,18.9,14.0,47.1,121.8,4.74,1.2,86.8,0.196,27.37,15.27,17.26,12.78,0.0,Historical,Baseline,True,DEMO / SYNTHETIC DATA (Plant-to-Watershed Simulator)
2018-08-01,2018,8,WS_Iowa_03,WS_Iowa_03_HRU2,74.8,24.38,18.9,14.0,52.6,131.5,4.74,1.2,96.5,0.106,23.25,14.1,13.67,11.64,0.0,Historical,No-Till,True,DEMO / SYNTHETIC DATA (Plant-to-Watershed Simulator)
2018-08-01,2018,8,WS_Iowa_03,WS_Iowa_03_HRU3,70.9,25.55,20.07,6.3,59.5,138.9,4.87,1.2,103.9,0.084,12.58,11.32,6.37,9.09,0.0,Historical,Baseline,True,DEMO / SYNTHETIC DATA (Plant-to-Watershed Simulator)
2018-08-01,2018,8,WS_Iowa_03,WS_Iowa_03_HRU3,70.9,25.55,20.07,6.3,62.8,138.9,4.87,1.2,103.9,0.084,10.1,10.61,4.21,8.41,0.0,Historical,No-Till,True,DEMO / SYNTHETIC DATA (Plant-to-Watershed Simulator)
2018-08-01,2018,8,WS_Raccoon_02,WS_Raccoon_02_HRU1,37.4,24.03,22.0,9.8,34.7,101.5,4.67,1.2,66.9,0.403,3.18,6.83,0.5,5.3,0.0,Historical,Baseline,True,DEMO / SYNTHETIC DATA (Plant-to-Watershed Simulator)
2018-08-01,2018,8,WS_Raccoon_02,WS_Raccoon_02_HRU1,37.4,24.03,22.0,9.8,36.0,106.0,4.67,1.2,71.0,0.366,2.2,6.6,0.5,5.3,0.0,Historical,No-Till,True,DEMO / SYNTHETIC DATA (Plant-to-Watershed Simulator)
2018-08-01,2018,8,WS_Raccoon_02,WS_Raccoon_02_HRU2,37.4,23.51,24.46,14.0,31.8,80.6,4.66,1.2,45.6,0.603,7.8,8.01,3.18,5.62,0.0,Historical,Baseline,True,DEMO / SYNTHETIC DATA (Plant-to-Watershed Simulator)
2018-08-01,2018,8,WS_Raccoon_02,WS_Raccoon_02_HRU2,37.4,23.51,24.46,14.0,33.9,88.1,4.66,1.2,53.1,0.538,6.22,7.65,1.81,5.27,0.0,Historical,No-Till,True,DEMO / SYNTHETIC DATA (Plant-to-Watershed Simulator)
2018-08-01,2018,8,WS_Raccoon_02,WS_Raccoon_02_HRU3,115.5,22.85,23.2,6.3,79.3,134.7,4.57,1.2,99.7,0.099,34.49,13.57,21.73,10.78,0.0,Historical,Baseline,True,DEMO / SYNTHETIC DATA (Plant-to-Watershed Simulator)
2018-08-01,2018,8,WS_Raccoon_02,WS_Raccoon_02_HRU3,115.5,22.85,23.2,6.3,85.8,134.7,4.57,1.2,99.7,0.099,29.55,12.44,17.43,9.7,0.0,Historical,No-Till,True,DEMO / SYNTHETIC DATA (Plant-to-Watershed Simulator)
2018-09-01,2018,9,WS_Cedar_01,WS_Cedar_01_HRU1,90.9,17.15,20.14,9.8,61.1,101.4,2.22,1.33,66.4,0.071,29.45,9.01,21.44,7.94,0.0,Historical,Baseline,True,DEMO / SYNTHETIC DATA (Plant-to-Watershed Simulator)
2018-09-01,2018,9,WS_Cedar_01,WS_Cedar_01_HRU1,90.9,17.15,20.14,9.8,66.8,101.4,2.22,1.33,66.4,0.071,25.16,8.27,17.18,7.14,0.0,Historical,No-Till,True,DEMO / SYNTHETIC DATA (Plant-to-Watershed Simulator)
2018-09-01,2018,9,WS_Cedar_01,WS_Cedar_01_HRU2,31.4,17.66,19.63,14.0,28.1,47.5,2.0,1.33,19.8,0.709,4.05,4.12,0.5,4.19,0.0,Historical,Baseline,True,DEMO / SYNTHETIC DATA (Plant-to-Watershed Simulator)
2018-09-01,2018,9,WS_Cedar_01,WS_Cedar_01_HRU2,31.4,17.66,19.63,14.0,29.6,51.3,2.0,1.33,23.0,0.663,2.93,3.93,0.5,4.19,0.0,Historical,No-Till,True,DEMO / SYNTHETIC DATA (Plant-to-Watershed Simulator)
2018-09-01,2018,9,WS_Cedar_01,WS_Cedar_01_HRU3,51.5,18.9,21.13,6.3,47.4,99.0,1.8,1.33,64.0,0.066,6.22,5.14,2.11,3.88,0.0,Historical,Baseline,True,DEMO / SYNTHETIC DATA (Plant-to-Watershed Simulator)
2018-09-01,2018,9,WS_Cedar_01,WS_Cedar_01_HRU3,51.5,18.9,21.13,6.3,49.1,99.0,1.8,1.33,64.0,0.066,4.91,4.92,0.79,3.63,0.0,Historical,No-Till,True,DEMO / SYNTHETIC DATA (Plant-to-Watershed Simulator)
2018-09-01,2018,9,WS_Iowa_03,WS_Iowa_03_HRU1,76.7,18.65,20.56,9.8,55.9,97.6,1.78,1.33,62.6,0.064,21.45,13.46,15.45,12.11,0.0,Historical,Baseline,True,DEMO / SYNTHETIC DATA (Plant-to-Watershed Simulator)
2018-09-01,2018,9,WS_Iowa_03,WS_Iowa_03_HRU1,76.7,18.65,20.56,9.8,60.5,97.6,1.78,1.33,62.6,0.064,17.97,12.47,11.93,11.0,0.0,Historical,No-Till,True,DEMO / SYNTHETIC DATA (Plant-to-Watershed Simulator)
2018-09-01,2018,9,WS_Iowa_03,WS_Iowa_03_HRU2,50.1,19.74,18.7,14.0,38.2,75.4,2.19,1.33,42.4,0.429,12.92,11.69,7.21,9.73,0.0,Historical,Baseline,True,DEMO / SYNTHETIC DATA (Plant-to-Watershed Simulator)
2018-09-01,2018,9,WS_Iowa_03,WS_Iowa_03_HRU2,50.1,19.74,18.7,14.0,41.5,84.3,2.19,1.33,50.0,0.327,10.4,10.97,4.71,8.94,0.0,Historical,No-Till,True,DEMO / SYNTHETIC DATA (Plant-to-Watershed Simulator)
2018-09-01,2018,9,WS_Iowa_03,WS_Iowa_03_HRU3,9.7,19.51,20.57,6.3,9.7,19.1,2.29,1.33,1.4,0.982,2.62,8.59,1.16,7.62,0.0,Historical,Baseline,True,DEMO / SYNTHETIC DATA (Plant-to-Watershed Simulator)
2018-09-01,2018,9,WS_Iowa_03,WS_Iowa_03_HRU3,9.7,19.51,20.57,6.3,9.7,19.1,2.29,1.33,1.4,0.982,2.62,8.59,1.16,7.62,0.0,Historical,No-Till,True,DEMO / SYNTHETIC DATA (Plant-to-Watershed Simulator)
2018-09-01,2018,9,WS_Raccoon_02,WS_Raccoon_02_HRU1,128.6,17.82,19.64,9.8,71.5,97.3,1.93,1.33,62.3,0.073,51.74,17.89,41.49,15.77,0.0,Historical,Baseline,True,DEMO / SYNTHETIC DATA (Plant-to-Watershed Simulator)
2018-09-01,2018,9,WS_Raccoon_02,WS_Raccoon_02_HRU1,128.6,17.82,19.64,9.8,79.7,97.3,1.93,1.33,62.3,0.073,45.61,16.5,35.32,14.22,0.0,Historical,No-Till,True,DEMO / SYNTHETIC DATA (Plant-to-Watershed Simulator)
2018-09-01,2018,9,WS_Raccoon_02,WS_Raccoon_02_HRU2,44.5,19.79,20.33,14.0,35.6,69.8,1.75,1.33,36.9,0.457,10.29,8.05,7.08,6.87,0.0,Historical,Baseline,True,DEMO / SYNTHETIC DATA (Plant-to-Watershed Simulator)
2018-09-01,2018,9,WS_Raccoon_02,WS_Raccoon_02_HRU2,44.5,19.79,20.33,14.0,38.4,77.0,1.75,1.33,42.9,0.37,8.18,7.57,4.93,6.33,0.0,Historical,No-Till,True,DEMO / SYNTHETIC DATA (Plant-to-Watershed Simulator)
2018-09-01,2018,9,WS_Raccoon_02,WS_Raccoon_02_HRU3,79.6,17.23,19.34,6.3,64.1,102.0,2.22,1.33,67.0,0.05,17.27,9.62,11.01,8.11,0.0,Historical,Baseline,True,DEMO / SYNTHETIC DATA (Plant-to-Watershed Simulator)
2018-09-01,2018,9,WS_Raccoon_02,WS_Raccoon_02_HRU3,79.6,17.23,19.34,6.3,68.1,102.0,2.22,1.33,67.0,0.05,14.28,8.94,8.04,7.36,0.0,Historical,No-Till,True,DEMO / SYNTHETIC DATA (Plant-to-Watershed Simulator)
2018-10-01,2018,10,WS_Cedar_01,WS_Cedar_01_HRU1,43.6,8.85,14.9,14.83,39.0,23.9,0.1,1.38,3.8,0.0,8.45,4.81,4.97,4.74,12.83,Historical,Baseline,True,DEMO / SYNTHETIC DATA (Plant-to-Watershed Simulator)
2018-10-01,2018,10,WS_Cedar_01,WS_Cedar_01_HRU1,43.6,8.85,14.9,15.27,40.8,24.4,0.1,1.38,3.8,0.0,7.06,4.57,3.45,4.45,12.83,Historical,No-Till,True,DEMO / SYNTHETIC DATA (Plant-to-Watershed Simulator)
2018-10-01,2018,10,WS_Cedar_01,WS_Cedar_01_HRU2,42.8,12.16,14.36,16.57,34.7,27.0,0.1,1.38,4.3,0.0,9.25,5.35,5.86,4.71,12.07,Historical,Baseline,True,DEMO / SYNTHETIC DATA (Plant-to-Watershed Simulator)
2018-10-01,2018,10,WS_Cedar_01,WS_Cedar_01_HRU2,42.8,12.16,14.36,17.2,37.3,27.7,0.1,1.38,4.3,0.0,7.27,5.01,3.68,4.3,12.07,Historical,No-Till,True,DEMO / SYNTHETIC DATA (Plant-to-Watershed Simulator)
2018-10-01,2018,10,WS_Cedar_01,WS_Cedar_01_HRU3,40.7,12.09,14.66,9.53,39.2,29.5,0.1,1.38,4.3,0.0,3.8,4.65,1.05,3.57,11.42,Historical,Baseline,True,DEMO / SYNTHETIC DATA (Plant-to-Watershed Simulator)
2018-10-01,2018,10,WS_Cedar_01,WS_Cedar_01_HRU3,40.7,12.09,14.66,9.7,40.1,29.9,0.1,1.38,4.3,0.0,3.13,4.54,0.5,3.46,11.42,Historical,No-Till,True,DEMO / SYNTHETIC DATA (Plant-to-Watershed Simulator)
2018-10-01,2018,10,WS_Iowa_03,WS_Iowa_03_HRU1,22.6,9.28,13.11,11.13,22.5,18.5,0.1,1.38,3.7,0.0,1.98,7.82,0.5,6.92,13.49,Historical,Baseline,True,DEMO / SYNTHETIC DATA (Plant-to-Watershed Simulator)
2018-10-01,2018,10,WS_Iowa_03,WS_Iowa_03_HRU1,22.6,9.28,13.11,11.17,22.6,18.5,0.1,1.38,3.7,0.0,1.92,7.81,0.5,6.92,13.49,Historical,No-Till,True,DEMO / SYNTHETIC DATA (Plant-to-Watershed Simulator)
2018-10-01,2018,10,WS_Iowa_03,WS_Iowa_03_HRU2,82.0,8.82,13.72,21.43,49.1,26.8,0.1,1.38,3.7,0.0,31.81,16.88,28.17,15.59,13.4,Historical,Baseline,True,DEMO / SYNTHETIC DATA (Plant-to-Watershed Simulator)
2018-10-01,2018,10,WS_Iowa_03,WS_Iowa_03_HRU2,82.0,8.82,13.72,22.93,55.2,28.4,0.1,1.38,3.7,0.0,27.28,15.59,23.18,14.01,13.4,Historical,No-Till,True,DEMO / SYNTHETIC DATA (Plant-to-Watershed Simulator)
2018-10-01,2018,10,WS_Iowa_03,WS_Iowa_03_HRU3,21.5,10.85,14.84,6.5,21.5,20.9,0.1,1.38,4.1,0.0,1.5,8.27,0.5,7.78,13.51,Historical,Baseline,True,DEMO / SYNTHETIC DATA (Plant-to-Watershed Simulator)
2018-10-01,2018,10,WS_Iowa_03,WS_Iowa_03_HRU3,21.5,10.85,14.84,6.5,21.5,20.9,0.1,1.38,4.1,0.0,1.5,8.27,0.5,7.78,13.51,Historical,No-Till,True,DEMO / SYNTHETIC DATA (Plant-to-Watershed Simulator)
2018-10-01,2018,10,WS_Raccoon_02,WS_Raccoon_02_HRU1,74.6,10.25,15.17,18.0,55.0,30.4,0.1,1.38,4.0,0.0,20.58,10.53,16.29,9.58,12.93,Historical,Baseline,True,DEMO / SYNTHETIC DATA (Plant-to-Watershed Simulator)
2018-10-01,2018,10,WS_Raccoon_02,WS_Raccoon_02_HRU1,74.6,10.25,15.17,19.0,59.5,31.9,0.1,1.38,4.0,0.0,17.21,9.76,12.59,8.65,12.93,Historical,No-Till,True,DEMO / SYNTHETIC DATA (Plant-to-Watershed Simulator)
2018-10-01,2018,10,WS_Raccoon_02,WS_Raccoon_02_HRU2,46.6,9.89,15.82,17.5,36.6,26.1,0.1,1.38,4.0,0.0,11.45,8.01,8.4,6.97,12.91,Historical,Baseline,True,DEMO / SYNTHETIC DATA (Plant-to-Watershed Simulator)
2018-10-01,2018,10,WS_Raccoon_02,WS_Raccoon_02_HRU2,46.6,9.89,15.82,18.23,39.6,26.9,0.1,1.38,4.0,0.0,9.18,7.49,5.9,6.34,12.91,Historical,No-Till,True,DEMO / SYNTHETIC DATA (Plant-to-Watershed Simulator)
2018-10-01,2018,10,WS_Raccoon_02,WS_Raccoon_02_HRU3,32.6,9.38,15.03,9.03,32.3,24.1,0.1,1.38,3.9,0.0,1.5,6.02,0.5,5.58,13.24,Historical,Baseline,True,DEMO / SYNTHETIC DATA (Plant-to-Watershed Simulator)
2018-10-01,2018,10,WS_Raccoon_02,WS_Raccoon_02_HRU3,32.6,9.38,15.03,9.1,32.6,24.2,0.1,1.38,3.9,0.0,1.5,6.02,0.5,5.58,13.24,Historical,No-Till,True,DEMO / SYNTHETIC DATA (Plant-to-Watershed Simulator)
2018-11-01,2018,11,WS_Cedar_01,WS_Cedar_01_HRU1,49.9,1.82,9.11,24.5,42.9,13.9,0.0,0.1,0.0,0.0,9.92,6.12,10.6,5.56,0.0,Historical,Baseline,True,DEMO / SYNTHETIC DATA (Plant-to-Watershed Simulator)
2018-11-01,2018,11,WS_Cedar_01,WS_Cedar_01_HRU1,49.9,1.82,9.11,25.53,45.3,14.5,0.0,0.1,0.0,0.0,8.12,5.81,8.79,5.21,0.0,Historical,No-Till,True,DEMO / SYNTHETIC DATA (Plant-to-Watershed Simulator)
2018-11-01,2018,11,WS_Cedar_01,WS_Cedar_01_HRU2,23.8,2.55,10.0,20.33,22.7,11.4,0.0,0.1,0.0,0.0,3.58,5.02,3.52,4.6,0.0,Historical,Baseline,True,DEMO / SYNTHETIC DATA (Plant-to-Watershed Simulator)
2018-11-01,2018,11,WS_Cedar_01,WS_Cedar_01_HRU2,23.8,2.55,10.0,21.07,23.4,11.8,0.0,0.1,0.0,0.0,3.02,4.93,2.95,4.5,0.0,Historical,No-Till,True,DEMO / SYNTHETIC DATA (Plant-to-Watershed Simulator)
2018-11-01,2018,11,WS_Cedar_01,WS_Cedar_01_HRU3,17.9,1.67,12.23,11.8,17.9,11.1,0.0,0.1,0.0,0.0,1.5,4.1,1.69,4.01,0.0,Historical,Baseline,True,DEMO / SYNTHETIC DATA (Plant-to-Watershed Simulator)
2018-11-01,2018,11,WS_Cedar_01,WS_Cedar_01_HRU3,17.9,1.67,12.23,11.9,17.9,11.3,0.0,0.1,0.0,0.0,1.5,4.1,1.69,4.01,0.0,Historical,No-Till,True,DEMO / SYNTHETIC DATA (Plant-to-Watershed Simulator)
2018-11-01,2018,11,WS_Iowa_03,WS_Iowa_03_HRU1,62.5,2.19,11.45,22.6,49.6,15.2,0.0,0.1,0.0,0.0,13.87,11.9,13.12,11.16,0.0,Historical,Baseline,True,DEMO / SYNTHETIC DATA (Plant-to-Watershed Simulator)
2018-11-01,2018,11,WS_Iowa_03,WS_Iowa_03_HRU1,62.5,2.19,11.45,23.57,53.1,15.9,0.0,0.1,0.0,0.0,11.26,11.16,10.49,10.33,0.0,Historical,No-Till,True,DEMO / SYNTHETIC DATA (Plant-to-Watershed Simulator)
2018-11-01,2018,11,WS_Iowa_03,WS_Iowa_03_HRU2,30.2,1.65,8.59,26.37,27.3,12.5,0.0,0.1,0.0,0.0,5.89,8.39,5.49,9.18,0.0,Historical,Baseline,True,DEMO / SYNTHETIC DATA (Plant-to-Watershed Simulator)
2018-11-01,2018,11,WS_Iowa_03,WS_Iowa_03_HRU2,30.2,1.65,8.59,28.07,28.7,13.3,0.0,0.1,0.0,0.0,4.85,8.09,4.44,8.85,0.0,Historical,No-Till,True,DEMO / SYNTHETIC DATA (Plant-to-Watershed Simulator)
2018-11-01,2018,11,WS_Iowa_03,WS_Iowa_03_HRU3,67.4,1.34,12.43,19.6,57.5,18.2,0.0,0.1,0.0,0.0,13.47,11.38,13.35,11.8,0.0,Historical,Baseline,True,DEMO / SYNTHETIC DATA (Plant-to-Watershed Simulator)
2018-11-01,2018,11,WS_Iowa_03,WS_Iowa_03_HRU3,67.4,1.34,12.43,20.37,60.5,18.9,0.0,0.1,0.0,0.0,11.2,10.73,11.06,11.08,0.0,Historical,No-Till,True,DEMO / SYNTHETIC DATA (Plant-to-Watershed Simulator)
2018-11-01,2018,11,WS_Raccoon_02,WS_Raccoon_02_HRU1,59.0,4.87,11.15,26.67,47.8,21.8,0.0,0.1,0.0,0.0,13.73,8.55,12.87,9.05,0.0,Historical,Baseline,True,DEMO / SYNTHETIC DATA (Plant-to-Watershed Simulator)
2018-11-01,2018,11,WS_Raccoon_02,WS_Raccoon_02_HRU1,59.0,4.87,11.15,28.3,51.0,23.1,0.0,0.1,0.0,0.0,11.33,8.0,10.45,8.44,0.0,Historical,No-Till,True,DEMO / SYNTHETIC DATA (Plant-to-Watershed Simulator)
2018-11-01,2018,11,WS_Raccoon_02,WS_Raccoon_02_HRU2,15.1,4.64,10.62,18.37,15.1,12.5,0.0,0.1,0.0,0.0,1.5,5.91,2.07,6.6,0.0,Historical,Baseline,True,DEMO / SYNTHETIC DATA (Plant-to-Watershed Simulator)
2018-11-01,2018,11,WS_Raccoon_02,WS_Raccoon_02_HRU2,15.1,4.64,10.62,18.97,15.1,12.9,0.0,0.1,0.0,0.0,1.5,5.91,2.07,6.6,0.0,Historical,No-Till,True,DEMO / SYNTHETIC DATA (Plant-to-Watershed Simulator)
2018-11-01,2018,11,WS_Raccoon_02,WS_Raccoon_02_HRU3,65.6,2.71,10.74,21.17,56.5,20.1,0.0,0.1,0.0,0.0,13.32,9.2,12.72,8.39,0.0,Historical,Baseline,True,DEMO / SYNTHETIC DATA (Plant-to-Watershed Simulator)
2018-11-01,2018,11,WS_Raccoon_02,WS_Raccoon_02_HRU3,65.6,2.71,10.74,21.97,59.4,20.8,0.0,0.1,0.0,0.0,11.16,8.71,10.54,7.84,0.0,Historical,No-Till,True,DEMO / SYNTHETIC DATA (Plant-to-Watershed Simulator)
2018-12-01,2018,12,WS_Cedar_01,WS_Cedar_01_HRU1,41.5,-3.81,10.1,36.17,37.6,2.6,0.0,0.1,0.0,0.0,7.68,5.34,8.7,5.97,0.0,Historical,Baseline,True,DEMO / SYNTHETIC DATA (Plant-to-Watershed Simulator)
2018-12-01,2018,12,WS_Cedar_01,WS_Cedar_01_HRU1,41.5,-3.81,10.1,37.7,39.2,2.7,0.0,0.1,0.0,0.0,6.43,5.13,7.44,5.73,0.0,Historical,No-Till,True,DEMO / SYNTHETIC DATA (Plant-to-Watershed Simulator)
2018-12-01,2018,12,WS_Cedar_01,WS_Cedar_01_HRU2,18.5,-0.18,6.16,25.87,18.3,1.7,0.0,0.1,0.0,0.0,3.66,4.79,3.13,4.37,0.0,Historical,Baseline,True,DEMO / SYNTHETIC DATA (Plant-to-Watershed Simulator)
2018-12-01,2018,12,WS_Cedar_01,WS_Cedar_01_HRU2,18.5,-0.18,6.16,26.67,18.5,1.7,0.0,0.1,0.0,0.0,3.49,4.76,2.96,4.34,0.0,Historical,No-Till,True,DEMO / SYNTHETIC DATA (Plant-to-Watershed Simulator)
2018-12-01,2018,12,WS_Cedar_01,WS_Cedar_01_HRU3,31.7,-0.2,8.08,21.6,31.5,2.1,0.0,0.1,0.0,0.0,1.5,4.58,1.55,3.82,0.0,Historical,Baseline,True,DEMO / SYNTHETIC DATA (Plant-to-Watershed Simulator)
2018-12-01,2018,12,WS_Cedar_01,WS_Cedar_01_HRU3,31.7,-0.2,8.08,21.77,31.7,2.1,0.0,0.1,0.0,0.0,1.5,4.58,1.54,3.82,0.0,Historical,No-Till,True,DEMO / SYNTHETIC DATA (Plant-to-Watershed Simulator)
2018-12-01,2018,12,WS_Iowa_03,WS_Iowa_03_HRU1,51.4,-4.93,7.57,36.3,43.7,2.6,0.0,0.1,0.0,0.0,9.19,9.75,8.96,9.69,0.0,Historical,Baseline,True,DEMO / SYNTHETIC DATA (Plant-to-Watershed Simulator)
2018-12-01,2018,12,WS_Iowa_03,WS_Iowa_03_HRU1,51.4,-4.93,7.57,38.07,46.3,2.8,0.0,0.1,0.0,0.0,7.28,9.2,7.04,9.08,0.0,Historical,No-Till,True,DEMO / SYNTHETIC DATA (Plant-to-Watershed Simulator)
2018-12-01,2018,12,WS_Iowa_03,WS_Iowa_03_HRU2,29.7,-2.96,6.32,34.63,27.0,2.2,0.0,0.1,0.0,0.0,6.11,9.65,5.86,9.16,0.0,Historical,Baseline,True,DEMO / SYNTHETIC DATA (Plant-to-Watershed Simulator)
2018-12-01,2018,12,WS_Iowa_03,WS_Iowa_03_HRU2,29.7,-2.96,6.32,36.7,28.3,2.4,0.0,0.1,0.0,0.0,5.12,9.37,4.86,8.84,0.0,Historical,No-Till,True,DEMO / SYNTHETIC DATA (Plant-to-Watershed Simulator)
2018-12-01,2018,12,WS_Iowa_03,WS_Iowa_03_HRU3,25.5,-4.53,6.0,27.23,25.5,2.6,0.0,0.1,0.0,0.0,1.78,7.6,1.67,8.28,0.0,Historical,Baseline,True,DEMO / SYNTHETIC DATA (Plant-to-Watershed Simulator)
2018-12-01,2018,12,WS_Iowa_03,WS_Iowa_03_HRU3,25.5,-4.53,6.0,27.97,25.5,2.7,0.0,0.1,0.0,0.0,1.78,7.6,1.67,8.28,0.0,Historical,No-Till,True,DEMO / SYNTHETIC DATA (Plant-to-Watershed Simulator)
2018-12-01,2018,12,WS_Raccoon_02,WS_Raccoon_02_HRU1,19.5,-1.8,6.1,32.4,19.5,2.3,0.0,0.1,0.0,0.0,1.5,5.99,1.99,5.87,0.0,Historical,Baseline,True,DEMO / SYNTHETIC DATA (Plant-to-Watershed Simulator)
2018-12-01,2018,12,WS_Raccoon_02,WS_Raccoon_02_HRU1,19.5,-1.8,6.1,33.97,19.5,2.5,0.0,0.1,0.0,0.0,1.5,5.99,1.99,5.87,0.0,Historical,No-Till,True,DEMO / SYNTHETIC DATA (Plant-to-Watershed Simulator)
2018-12-01,2018,12,WS_Raccoon_02,WS_Raccoon_02_HRU2,63.1,-4.26,7.67,32.1,43.3,2.1,0.0,0.1,0.0,0.0,20.2,10.4,20.15,10.58,0.0,Historical,Baseline,True,DEMO / SYNTHETIC DATA (Plant-to-Watershed Simulator)
2018-12-01,2018,12,WS_Raccoon_02,WS_Raccoon_02_HRU2,63.1,-4.26,7.67,34.2,47.9,2.2,0.0,0.1,0.0,0.0,16.8,9.62,16.72,9.72,0.0,Historical,No-Till,True,DEMO / SYNTHETIC DATA (Plant-to-Watershed Simulator)
2018-12-01,2018,12,WS_Raccoon_02,WS_Raccoon_02_HRU3,40.6,-4.28,7.81,28.97,39.2,2.8,0.0,0.1,0.0,0.0,4.34,7.33,4.05,6.94,0.0,Historical,Baseline,True,DEMO / SYNTHETIC DATA (Plant-to-Watershed Simulator)
2018-12-01,2018,12,WS_Raccoon_02,WS_Raccoon_02_HRU3,40.6,-4.28,7.81,28.97,40.1,2.8,0.0,0.1,0.0,0.0,3.67,7.17,3.38,6.77,0.0,Historical,No-Till,True,DEMO / SYNTHETIC DATA (Plant-to-Watershed Simulator)
2019-01-01,2019,1,WS_Cedar_01,WS_Cedar_01_HRU1,58.6,-5.87,8.29,38.17,47.6,2.8,0.0,0.1,0.0,0.0,13.96,6.21,13.48,5.83,0.0,Historical,Baseline,True,DEMO / SYNTHETIC DATA (Plant-to-Watershed Simulator)
2019-01-01,2019,1,WS_Cedar_01,WS_Cedar_01_HRU1,58.6,-5.87,8.29,38.17,50.8,2.8,0.0,0.1,0.0,0.0,11.59,5.81,11.09,5.38,0.0,Historical,No-Till,True,DEMO / SYNTHETIC DATA (Plant-to-Watershed Simulator)
2019-01-01,2019,1,WS_Cedar_01,WS_Cedar_01_HRU2,38.1,-4.66,6.0,35.83,32.2,2.3,0.0,0.1,0.0,0.0,8.25,5.04,8.11,5.81,0.0,Historical,Baseline,True,DEMO / SYNTHETIC DATA (Plant-to-Watershed Simulator)
2019-01-01,2019,1,WS_Cedar_01,WS_Cedar_01_HRU2,38.1,-4.66,6.0,37.33,34.4,2.4,0.0,0.1,0.0,0.0,6.61,4.76,6.46,5.5,0.0,Historical,No-Till,True,DEMO / SYNTHETIC DATA (Plant-to-Watershed Simulator)
2019-01-01,2019,1,WS_Cedar_01,WS_Cedar_01_HRU3,62.7,-6.8,8.36,28.97,54.7,2.8,0.0,0.1,0.0,0.0,10.08,5.8,9.68,5.37,0.0,Historical,Baseline,True,DEMO / SYNTHETIC DATA (Plant-to-Watershed Simulator)
2019-01-01,2019,1,WS_Cedar_01,WS_Cedar_01_HRU3,62.7,-6.8,8.36,28.97,57.4,2.8,0.0,0.1,0.0,0.0,8.09,5.46,7.67,4.99,0.0,Historical,No-Till,True,DEMO / SYNTHETIC DATA (Plant-to-Watershed Simulator)
2019-01-01,2019,1,WS_Iowa_03,WS_Iowa_03_HRU1,35.0,-4.11,6.3,38.17,33.0,2.8,0.0,0.1,0.0,0.0,1.5,7.44,1.06,7.16,0.0,Historical,Baseline,True,DEMO / SYNTHETIC DATA (Plant-to-Watershed Simulator)
2019-01-01,2019,1,WS_Iowa_03,WS_Iowa_03_HRU1,35.0,-4.11,6.3,38.17,34.1,2.8,0.0,0.1,0.0,0.0,1.5,7.44,1.05,7.16,0.0,Historical,No-Till,True,DEMO / SYNTHETIC DATA (Plant-to-Watershed Simulator)
2019-01-01,2019,1,WS_Iowa_03,WS_Iowa_03_HRU2,39.4,-6.4,8.94,42.77,32.9,2.8,0.0,0.1,0.0,0.0,8.46,9.9,8.43,9.64,0.0,Historical,Baseline,True,DEMO / SYNTHETIC DATA (Plant-to-Watershed Simulator)
2019-01-01,2019,1,WS_Iowa_03,WS_Iowa_03_HRU2,39.4,-6.4,8.94,42.77,35.2,2.8,0.0,0.1,0.0,0.0,6.73,9.41,6.69,9.1,0.0,Historical,No-Till,True,DEMO / SYNTHETIC DATA (Plant-to-Watershed Simulator)
2019-01-01,2019,1,WS_Iowa_03,WS_Iowa_03_HRU3,89.7,-5.2,6.0,28.97,68.9,2.8,0.0,0.1,0.0,0.0,23.56,13.63,24.79,15.01,0.0,Historical,Baseline,True,DEMO / SYNTHETIC DATA (Plant-to-Watershed Simulator)
2019-01-01,2019,1,WS_Iowa_03,WS_Iowa_03_HRU3,89.7,-5.2,6.0,28.97,73.7,2.8,0.0,0.1,0.0,0.0,19.99,12.61,21.2,13.88,0.0,Historical,No-Till,True,DEMO / SYNTHETIC DATA (Plant-to-Watershed Simulator)
2019-01-01,2019,1,WS_Raccoon_02,WS_Raccoon_02_HRU1,33.1,-4.54,6.0,38.17,31.5,2.8,0.0,0.1,0.0,0.0,4.2,6.74,4.31,6.1,0.0,Historical,Baseline,True,DEMO / SYNTHETIC DATA (Plant-to-Watershed Simulator)
2019-01-01,2019,1,WS_Raccoon_02,WS_Raccoon_02_HRU1,33.1,-4.54,6.0,38.17,32.4,2.8,0.0,0.1,0.0,0.0,3.5,6.58,3.61,5.93,0.0,Historical,No-Till,True,DEMO / SYNTHETIC DATA (Plant-to-Watershed Simulator)
2019-01-01,2019,1,WS_Raccoon_02,WS_Raccoon_02_HRU2,54.8,-6.72,6.85,42.77,40.2,2.8,0.0,0.1,0.0,0.0,14.67,8.58,14.13,8.91,0.0,Historical,Baseline,True,DEMO / SYNTHETIC DATA (Plant-to-Watershed Simulator)
2019-01-01,2019,1,WS_Raccoon_02,WS_Raccoon_02_HRU2,54.8,-6.72,6.85,42.77,44.0,2.8,0.0,0.1,0.0,0.0,11.82,7.93,11.26,8.19,0.0,Historical,No-Till,True,DEMO / SYNTHETIC DATA (Plant-to-Watershed Simulator)
2019-01-01,2019,1,WS_Raccoon_02,WS_Raccoon_02_HRU3,57.4,-5.97,6.77,28.97,51.4,2.8,0.0,0.1,0.0,0.0,11.07,8.85,10.12,7.98,0.0,Historical,Baseline,True,DEMO / SYNTHETIC DATA (Plant-to-Watershed Simulator)
2019-01-01,2019,1,WS_Raccoon_02,WS_Raccoon_02_HRU3,57.4,-5.97,6.77,28.97,53.6,2.8,0.0,0.1,0.0,0.0,9.4,8.47,8.44,7.56,0.0,Historical,No-Till,True,DEMO / SYNTHETIC DATA (Plant-to-Watershed Simulator)
2019-02-01,2019,2,WS_Cedar_01,WS_Cedar_01_HRU1,56.4,-1.19,7.47,38.17,46.5,2.8,0.0,0.1,0.0,0.0,13.75,6.38,14.46,6.12,0.0,Historical,Baseline,True,DEMO / SYNTHETIC DATA (Plant-to-Watershed Simulator)
2019-02-01,2019,2,WS_Cedar_01,WS_Cedar_01_HRU1,56.4,-1.19,7.47,38.17,49.5,2.8,0.0,0.1,0.0,0.0,11.52,6.0,12.21,5.69,0.0,Historical,No-Till,True,DEMO / SYNTHETIC DATA (Plant-to-Watershed Simulator)
2019-02-01,2019,2,WS_Cedar_01,WS_Cedar_01_HRU2,68.0,-3.82,6.18,42.77,45.0,2.8,0.0,0.1,0.0,0.0,21.37,7.53,21.84,7.97,0.0,Historical,Baseline,True,DEMO / SYNTHETIC DATA (Plant-to-Watershed Simulator)
2019-02-01,2019,2,WS_Cedar_01,WS_Cedar_01_HRU2,68.0,-3.82,6.18,42.77,50.0,2.8,0.0,0.1,0.0,0.0,17.66,6.89,18.1,7.26,0.0,Historical,No-Till,True,DEMO / SYNTHETIC DATA (Plant-to-Watershed Simulator)
2019-02-01,2019,2,WS_Cedar_01,WS_Cedar_01_HRU3,12.4,-5.48,7.78,28.97,12.4,2.8,0.0,0.1,0.0,0.0,1.5,3.86,0.5,3.84,0.0,Historical,Baseline,True,DEMO / SYNTHETIC DATA (Plant-to-Watershed Simulator)
2019-02-01,2019,2,WS_Cedar_01,WS_Cedar_01_HRU3,12.4,-5.48,7.78,28.97,12.4,2.8,0.0,0.1,0.0,0.0,1.5,3.86,0.5,3.84,0.0,Historical,No-Till,True,DEMO / SYNTHETIC DATA (Plant-to-Watershed Simulator)
2019-02-01,2019,2,WS_Iowa_03,WS_Iowa_03_HRU1,45.3,-2.17,8.07,38.17,40.1,2.8,0.0,0.1,0.0,0.0,7.97,9.85,7.38,9.35,0.0,Historical,Baseline,True,DEMO / SYNTHETIC DATA (Plant-to-Watershed Simulator)
2019-02-01,2019,2,WS_Iowa_03,WS_Iowa_03_HRU1,45.3,-2.17,8.07,38.17,42.1,2.8,0.0,0.1,0.0,0.0,6.47,9.42,5.87,8.88,0.0,Historical,No-Till,True,DEMO / SYNTHETIC DATA (Plant-to-Watershed Simulator)
2019-02-01,2019,2,WS_Iowa_03,WS_Iowa_03_HRU2,104.2,-3.94,6.72,42.77,54.2,2.8,0.0,0.1,0.0,0.0,46.93,20.9,45.89,21.69,0.0,Historical,Baseline,True,DEMO / SYNTHETIC DATA (Plant-to-Watershed Simulator)
2019-02-01,2019,2,WS_Iowa_03,WS_Iowa_03_HRU2,104.2,-3.94,6.72,42.77,61.7,2.8,0.0,0.1,0.0,0.0,41.28,19.29,40.2,19.9,0.0,Historical,No-Till,True,DEMO / SYNTHETIC DATA (Plant-to-Watershed Simulator)
2019-02-01,2019,2,WS_Iowa_03,WS_Iowa_03_HRU3,15.8,-4.67,6.13,28.97,15.8,2.8,0.0,0.1,0.0,0.0,2.32,8.24,2.88,8.18,0.0,Historical,Baseline,True,DEMO / SYNTHETIC DATA (Plant-to-Watershed Simulator)
2019-02-01,2019,2,WS_Iowa_03,WS_Iowa_03_HRU3,15.8,-4.67,6.13,28.97,15.8,2.8,0.0,0.1,0.0,0.0,2.32,8.24,2.88,8.18,0.0,Historical,No-Till,True,DEMO / SYNTHETIC DATA (Plant-to-Watershed Simulator)
2019-02-01,2019,2,WS_Raccoon_02,WS_Raccoon_02_HRU1,92.5,-3.34,7.19,38.17,61.6,2.8,0.0,0.1,0.0,0.0,31.1,13.5,30.18,13.64,0.0,Historical,Baseline,True,DEMO / SYNTHETIC DATA (Plant-to-Watershed Simulator)
2019-02-01,2019,2,WS_Raccoon_02,WS_Raccoon_02_HRU1,92.5,-3.34,7.19,38.17,67.5,2.8,0.0,0.1,0.0,0.0,26.72,12.5,25.76,12.53,0.0,Historical,No-Till,True,DEMO / SYNTHETIC DATA (Plant-to-Watershed Simulator)
2019-02-01,2019,2,WS_Raccoon_02,WS_Raccoon_02_HRU2,19.8,-1.81,6.69,42.77,19.4,2.8,0.0,0.1,0.0,0.0,1.5,6.33,0.5,5.27,0.0,Historical,Baseline,True,DEMO / SYNTHETIC DATA (Plant-to-Watershed Simulator)
2019-02-01,2019,2,WS_Raccoon_02,WS_Raccoon_02_HRU2,19.8,-1.81,6.69,42.77,19.8,2.8,0.0,0.1,0.0,0.0,1.5,6.33,0.5,5.27,0.0,Historical,No-Till,True,DEMO / SYNTHETIC DATA (Plant-to-Watershed Simulator)
2019-02-01,2019,2,WS_Raccoon_02,WS_Raccoon_02_HRU3,46.9,-3.87,6.59,28.97,44.1,2.8,0.0,0.1,0.0,0.0,7.26,6.95,7.02,7.2,0.0,Historical,Baseline,True,DEMO / SYNTHETIC DATA (Plant-to-Watershed Simulator)
2019-02-01,2019,2,WS_Raccoon_02,WS_Raccoon_02_HRU3,46.9,-3.87,6.59,28.97,45.5,2.8,0.0,0.1,0.0,0.0,6.22,6.72,5.97,6.93,0.0,Historical,No-Till,True,DEMO / SYNTHETIC DATA (Plant-to-Watershed Simulator)
2019-03-01,2019,3,WS_Cedar_01,WS_Cedar_01_HRU1,35.6,-0.06,10.74,38.17,33.4,2.8,0.0,0.1,0.0,0.0,4.97,5.3,3.91,4.5,0.0,Historical,Baseline,True,DEMO / SYNTHETIC DATA (Plant-to-Watershed Simulator)
2019-03-01,2019,3,WS_Cedar_01,WS_Cedar_01_HRU1,35.6,-0.06,10.74,38.17,34.6,2.8,0.0,0.1,0.0,0.0,4.11,5.15,3.05,4.34,0.0,Historical,No-Till,True,DEMO / SYNTHETIC DATA (Plant-to-Watershed Simulator)
2019-03-01,2019,3,WS_Cedar_01,WS_Cedar_01_HRU2,44.7,5.98,10.12,35.13,35.7,25.7,0.0,0.1,0.0,0.0,10.79,6.05,10.94,5.55,0.0,Historical,Baseline,True,DEMO / SYNTHETIC DATA (Plant-to-Watershed Simulator)
2019-03-01,2019,3,WS_Cedar_01,WS_Cedar_01_HRU2,44.7,5.98,10.12,35.13,38.5,25.7,0.0,0.1,0.0,0.0,8.67,5.68,8.8,5.14,0.0,Historical,No-Till,True,DEMO / SYNTHETIC DATA (Plant-to-Watershed Simulator)
2019-03-01,2019,3,WS_Cedar_01,WS_Cedar_01_HRU3,53.8,6.12,11.4,20.87,49.0,27.1,0.0,0.1,0.0,0.0,7.87,6.15,7.72,5.58,0.0,Historical,Baseline,True,DEMO / SYNTHETIC DATA (Plant-to-Watershed Simulator)
2019-03-01,2019,3,WS_Cedar_01,WS_Cedar_01_HRU3,53.8,6.12,11.4,20.87,50.9,27.1,0.0,0.1,0.0,0.0,6.41,5.9,6.25,5.3,0.0,Historical,No-Till,True,DEMO / SYNTHETIC DATA (Plant-to-Watershed Simulator)
2019-03-01,2019,3,WS_Iowa_03,WS_Iowa_03_HRU1,27.3,1.22,11.01,32.57,26.8,19.6,0.0,0.1,0.0,0.0,3.51,8.87,3.27,8.85,0.0,Historical,Baseline,True,DEMO / SYNTHETIC DATA (Plant-to-Watershed Simulator)
2019-03-01,2019,3,WS_Iowa_03,WS_Iowa_03_HRU1,27.3,1.22,11.01,32.57,27.2,19.6,0.0,0.1,0.0,0.0,3.17,8.78,2.93,8.74,0.0,Historical,No-Till,True,DEMO / SYNTHETIC DATA (Plant-to-Watershed Simulator)
2019-03-01,2019,3,WS_Iowa_03,WS_Iowa_03_HRU2,40.3,2.67,9.65,36.9,33.4,20.4,0.0,0.1,0.0,0.0,9.18,10.48,8.38,9.76,0.0,Historical,Baseline,True,DEMO / SYNTHETIC DATA (Plant-to-Watershed Simulator)
2019-03-01,2019,3,WS_Iowa_03,WS_Iowa_03_HRU2,40.3,2.67,9.65,36.9,35.8,20.4,0.0,0.1,0.0,0.0,7.38,9.97,6.56,9.19,0.0,Historical,No-Till,True,DEMO / SYNTHETIC DATA (Plant-to-Watershed Simulator)
2019-03-01,2019,3,WS_Iowa_03,WS_Iowa_03_HRU3,61.9,-0.4,8.33,28.97,54.2,2.8,0.0,0.1,0.0,0.0,12.28,10.72,12.61,11.06,0.0,Historical,Baseline,True,DEMO / SYNTHETIC DATA (Plant-to-Watershed Simulator)
2019-03-01,2019,3,WS_Iowa_03,WS_Iowa_03_HRU3,61.9,-0.4,8.33,28.97,56.8,2.8,0.0,0.1,0.0,0.0,10.34,10.17,10.65,10.44,0.0,Historical,No-Till,True,DEMO / SYNTHETIC DATA (Plant-to-Watershed Simulator)
2019-03-01,2019,3,WS_Raccoon_02,WS_Raccoon_02_HRU1,32.3,3.9,10.43,31.43,30.9,23.0,0.0,0.1,0.0,0.0,4.36,6.35,4.74,6.55,0.0,Historical,Baseline,True,DEMO / SYNTHETIC DATA (Plant-to-Watershed Simulator)
2019-03-01,2019,3,WS_Raccoon_02,WS_Raccoon_02_HRU1,32.3,3.9,10.43,31.43,31.7,23.0,0.0,0.1,0.0,0.0,3.71,6.2,4.08,6.39,0.0,Historical,No-Till,True,DEMO / SYNTHETIC DATA (Plant-to-Watershed Simulator)
2019-03-01,2019,3,WS_Raccoon_02,WS_Raccoon_02_HRU2,35.0,-0.61,9.48,42.77,30.4,2.8,0.0,0.1,0.0,0.0,5.0,6.57,4.53,6.54,0.0,Historical,Baseline,True,DEMO / SYNTHETIC DATA (Plant-to-Watershed Simulator)
2019-03-01,2019,3,WS_Raccoon_02,WS_Raccoon_02_HRU2,35.0,-0.61,9.48,42.77,32.2,2.8,0.0,0.1,0.0,0.0,3.6,6.25,3.12,6.18,0.0,Historical,No-Till,True,DEMO / SYNTHETIC DATA (Plant-to-Watershed Simulator)
2019-03-01,2019,3,WS_Raccoon_02,WS_Raccoon_02_HRU3,26.9,4.05,11.25,21.9,26.9,24.0,0.0,0.1,0.0,0.0,2.22,6.18,2.75,5.35,0.0,Historical,Baseline,True,DEMO / SYNTHETIC DATA (Plant-to-Watershed Simulator)
2019-03-01,2019,3,WS_Raccoon_02,WS_Raccoon_02_HRU3,26.9,4.05,11.25,21.9,26.9,24.0,0.0,0.1,0.0,0.0,2.22,6.18,2.75,5.35,0.0,Historical,No-Till,True,DEMO / SYNTHETIC DATA (Plant-to-Watershed Simulator)
2019-04-01,2019,4,WS_Cedar_01,WS_Cedar_01_HRU1,19.4,10.39,15.59,27.43,19.4,35.0,0.0,0.1,0.0,0.0,1.5,4.64,0.8,4.1,0.0,Historical,Baseline,True,DEMO / SYNTHETIC DATA (Plant-to-Watershed Simulator)
2019-04-01,2019,4,WS_Cedar_01,WS_Cedar_01_HRU1,19.4,10.39,15.59,27.43,19.4,35.0,0.0,0.1,0.0,0.0,1.5,4.64,0.8,4.1,0.0,Historical,No-Till,True,DEMO / SYNTHETIC DATA (Plant-to-Watershed Simulator)
2019-04-01,2019,4,WS_Cedar_01,WS_Cedar_01_HRU2,24.8,9.17,14.71,31.57,23.5,34.2,0.0,0.1,0.0,0.0,1.5,4.46,0.7,3.29,0.0,Historical,Baseline,True,DEMO / SYNTHETIC DATA (Plant-to-Watershed Simulator)
2019-04-01,2019,4,WS_Cedar_01,WS_Cedar_01_HRU2,24.8,9.17,14.71,31.77,24.3,34.4,0.0,0.1,0.0,0.0,1.5,4.46,0.7,3.29,0.0,Historical,No-Till,True,DEMO / SYNTHETIC DATA (Plant-to-Watershed Simulator)
2019-04-01,2019,4,WS_Cedar_01,WS_Cedar_01_HRU3,39.0,9.41,16.86,18.23,37.9,35.0,0.0,0.1,0.0,0.0,4.79,5.06,4.36,4.45,0.0,Historical,Baseline,True,DEMO / SYNTHETIC DATA (Plant-to-Watershed Simulator)
2019-04-01,2019,4,WS_Cedar_01,WS_Cedar_01_HRU3,39.0,9.41,16.86,18.23,38.6,35.0,0.0,0.1,0.0,0.0,4.21,4.96,3.78,4.34,0.0,Historical,No-Till,True,DEMO / SYNTHETIC DATA (Plant-to-Watershed Simulator)
2019-04-01,2019,4,WS_Iowa_03,WS_Iowa_03_HRU1,34.8,12.21,14.42,27.43,32.8,35.0,0.0,0.1,0.0,0.0,5.45,9.71,4.89,8.68,0.0,Historical,Baseline,True,DEMO / SYNTHETIC DATA (Plant-to-Watershed Simulator)
2019-04-01,2019,4,WS_Iowa_03,WS_Iowa_03_HRU1,34.8,12.21,14.42,27.43,33.9,35.0,0.0,0.1,0.0,0.0,4.64,9.48,4.07,8.42,0.0,Historical,No-Till,True,DEMO / SYNTHETIC DATA (Plant-to-Watershed Simulator)
2019-04-01,2019,4,WS_Iowa_03,WS_Iowa_03_HRU2,51.0,8.32,15.8,32.17,38.6,34.6,0.0,0.1,0.0,0.0,14.0,11.76,13.06,11.54,0.0,Historical,Baseline,True,DEMO / SYNTHETIC DATA (Plant-to-Watershed Simulator)
2019-04-01,2019,4,WS_Iowa_03,WS_Iowa_03_HRU2,51.0,8.32,15.8,32.17,42.0,34.6,0.0,0.1,0.0,0.0,11.42,11.03,10.47,10.72,0.0,Historical,No-Till,True,DEMO / SYNTHETIC DATA (Plant-to-Watershed Simulator)
2019-04-01,2019,4,WS_Iowa_03,WS_Iowa_03_HRU3,30.1,13.13,15.57,18.23,30.0,35.0,0.0,0.1,0.0,0.0,3.33,8.36,2.93,8.05,0.0,Historical,Baseline,True,DEMO / SYNTHETIC DATA (Plant-to-Watershed Simulator)
2019-04-01,2019,4,WS_Iowa_03,WS_Iowa_03_HRU3,30.1,13.13,15.57,18.23,30.1,35.0,0.0,0.1,0.0,0.0,3.24,8.34,2.84,8.03,0.0,Historical,No-Till,True,DEMO / SYNTHETIC DATA (Plant-to-Watershed Simulator)
2019-04-01,2019,4,WS_Raccoon_02,WS_Raccoon_02_HRU1,22.9,9.76,12.74,27.83,22.8,33.6,0.0,0.1,0.0,0.0,2.33,6.1,1.11,5.87,0.0,Historical,Baseline,True,DEMO / SYNTHETIC DATA (Plant-to-Watershed Simulator)
2019-04-01,2019,4,WS_Raccoon_02,WS_Raccoon_02_HRU1,22.9,9.76,12.74,27.83,22.9,33.7,0.0,0.1,0.0,0.0,2.26,6.09,1.04,5.85,0.0,Historical,No-Till,True,DEMO / SYNTHETIC DATA (Plant-to-Watershed Simulator)
2019-04-01,2019,4,WS_Raccoon_02,WS_Raccoon_02_HRU2,22.1,10.93,15.38,32.03,21.3,35.0,0.0,0.1,0.0,0.0,2.56,6.9,2.79,6.09,0.0,Historical,Baseline,True,DEMO / SYNTHETIC DATA (Plant-to-Watershed Simulator)
2019-04-01,2019,4,WS_Raccoon_02,WS_Raccoon_02_HRU2,22.1,10.93,15.38,32.03,21.9,35.0,0.0,0.1,0.0,0.0,2.13,6.81,2.36,5.98,0.0,Historical,No-Till,True,DEMO / SYNTHETIC DATA (Plant-to-Watershed Simulator)
2019-04-01,2019,4,WS_Raccoon_02,WS_Raccoon_02_HRU3,34.7,10.48,17.0,18.23,34.2,35.0,0.0,0.1,0.0,0.0,2.67,6.68,2.13,5.64,0.0,Historical,Baseline,True,DEMO / SYNTHETIC DATA (Plant-to-Watershed Simulator)
2019-04-01,2019,4,WS_Raccoon_02,WS_Raccoon_02_HRU3,34.7,10.48,17.0,18.23,34.6,35.0,0.0,0.1,0.0,0.0,2.34,6.6,1.8,5.56,0.0,Historical,No-Till,True,DEMO / SYNTHETIC DATA (Plant-to-Watershed Simulator)
2019-05-01,2019,5,WS_Cedar_01,WS_Cedar_01_HRU1,45.5,17.7,17.53,25.6,40.2,40.5,0.1,0.2,5.5,0.0,7.7,4.4,7.14,5.16,0.0,Historical,Baseline,True,DEMO / SYNTHETIC DATA (Plant-to-Watershed Simulator)
2019-05-01,2019,5,WS_Cedar_01,WS_Cedar_01_HRU1,45.5,17.7,17.53,25.6,42.2,40.5,0.1,0.2,5.5,0.0,6.19,4.15,5.62,4.87,0.0,Historical,No-Till,True,DEMO / SYNTHETIC DATA (Plant-to-Watershed Simulator)
2019-05-01,2019,5,WS_Cedar_01,WS_Cedar_01_HRU2,209.5,19.08,19.55,30.07,66.7,40.9,0.1,0.2,5.9,0.0,123.37,25.28,121.74,27.16,0.0,Historical,Baseline,True,DEMO / SYNTHETIC DATA (Plant-to-Watershed Simulator)
2019-05-01,2019,5,WS_Cedar_01,WS_Cedar_01_HRU2,209.5,19.08,19.55,30.07,78.7,40.9,0.1,0.2,5.9,0.0,114.37,23.74,112.65,25.44,0.0,Historical,No-Till,True,DEMO / SYNTHETIC DATA (Plant-to-Watershed Simulator)
2019-05-01,2019,5,WS_Cedar_01,WS_Cedar_01_HRU3,145.4,18.65,20.44,16.27,88.6,40.9,0.1,0.2,5.9,0.0,55.07,13.69,52.42,13.43,0.0,Historical,Baseline,True,DEMO / SYNTHETIC DATA (Plant-to-Watershed Simulator)
2019-05-01,2019,5,WS_Cedar_01,WS_Cedar_01_HRU3,145.4,18.65,20.44,16.27,97.0,40.9,0.1,0.2,5.9,0.0,48.71,12.6,46.0,12.21,0.0,Historical,No-Till,True,DEMO / SYNTHETIC DATA (Plant-to-Watershed Simulator)
2019-05-01,2019,5,WS_Iowa_03,WS_Iowa_03_HRU1,63.8,16.95,16.87,25.67,50.2,40.3,0.1,0.2,5.3,0.0,15.28,12.59,15.21,11.84,0.0,Historical,Baseline,True,DEMO / SYNTHETIC DATA (Plant-to-Watershed Simulator)
2019-05-01,2019,5,WS_Iowa_03,WS_Iowa_03_HRU1,63.8,16.95,16.87,25.67,53.8,40.3,0.1,0.2,5.3,0.0,12.58,11.82,12.48,10.98,0.0,Historical,No-Till,True,DEMO / SYNTHETIC DATA (Plant-to-Watershed Simulator)
2019-05-01,2019,5,WS_Iowa_03,WS_Iowa_03_HRU2,36.7,17.11,18.21,29.17,31.4,40.4,0.1,0.2,5.4,0.0,7.99,9.84,7.78,9.51,0.0,Historical,Baseline,True,DEMO / SYNTHETIC DATA (Plant-to-Watershed Simulator)
2019-05-01,2019,5,WS_Iowa_03,WS_Iowa_03_HRU2,36.7,17.11,18.21,29.83,33.4,40.4,0.1,0.2,5.4,0.0,6.46,9.4,6.23,9.02,0.0,Historical,No-Till,True,DEMO / SYNTHETIC DATA (Plant-to-Watershed Simulator)
2019-05-01,2019,5,WS_Iowa_03,WS_Iowa_03_HRU3,68.0,16.02,18.79,16.47,57.9,40.3,0.1,0.2,5.3,0.0,13.79,11.61,13.85,11.56,0.0,Historical,Baseline,True,DEMO / SYNTHETIC DATA (Plant-to-Watershed Simulator)
2019-05-01,2019,5,WS_Iowa_03,WS_Iowa_03_HRU3,68.0,16.02,18.79,16.47,60.9,40.3,0.1,0.2,5.3,0.0,11.48,10.95,11.51,10.82,0.0,Historical,No-Till,True,DEMO / SYNTHETIC DATA (Plant-to-Watershed Simulator)
2019-05-01,2019,5,WS_Raccoon_02,WS_Raccoon_02_HRU1,68.5,15.63,17.8,25.7,52.4,40.2,0.1,0.2,5.2,0.0,17.71,9.43,16.86,9.97,0.0,Historical,Baseline,True,DEMO / SYNTHETIC DATA (Plant-to-Watershed Simulator)
2019-05-01,2019,5,WS_Raccoon_02,WS_Raccoon_02_HRU1,68.5,15.63,17.8,25.7,56.4,40.2,0.1,0.2,5.2,0.0,14.71,8.75,13.83,9.21,0.0,Historical,No-Till,True,DEMO / SYNTHETIC DATA (Plant-to-Watershed Simulator)
2019-05-01,2019,5,WS_Raccoon_02,WS_Raccoon_02_HRU2,62.5,18.89,21.13,30.03,43.1,41.0,0.1,0.2,6.0,0.0,18.76,9.72,17.66,9.52,0.0,Historical,Baseline,True,DEMO / SYNTHETIC DATA (Plant-to-Watershed Simulator)
2019-05-01,2019,5,WS_Raccoon_02,WS_Raccoon_02_HRU2,62.5,18.89,21.13,30.03,47.6,41.0,0.1,0.2,6.0,0.0,15.4,8.95,14.27,8.67,0.0,Historical,No-Till,True,DEMO / SYNTHETIC DATA (Plant-to-Watershed Simulator)
2019-05-01,2019,5,WS_Raccoon_02,WS_Raccoon_02_HRU3,97.5,19.12,17.67,16.33,72.3,40.7,0.1,0.2,5.7,0.0,26.03,11.89,25.58,11.75,0.0,Historical,Baseline,True,DEMO / SYNTHETIC DATA (Plant-to-Watershed Simulator)
2019-05-01,2019,5,WS_Raccoon_02,WS_Raccoon_02_HRU3,97.5,19.12,17.67,16.33,77.7,40.7,0.1,0.2,5.7,0.0,22.03,10.98,21.54,10.73,0.0,Historical,No-Till,True,DEMO / SYNTHETIC DATA (Plant-to-Watershed Simulator)
2019-06-01,2019,6,WS_Cedar_01,WS_Cedar_01_HRU1,170.3,25.13,22.23,9.8,79.4,114.1,1.96,0.5,79.1,0.068,82.71,17.93,72.17,17.36,0.0,Historical,Baseline,True,DEMO / SYNTHETIC DATA (Plant-to-Watershed Simulator)
2019-06-01,2019,6,WS_Cedar_01,WS_Cedar_01_HRU1,170.3,25.13,22.23,9.8,89.7,114.1,1.96,0.5,79.1,0.068,74.98,16.61,64.89,15.98,0.0,Historical,No-Till,True,DEMO / SYNTHETIC DATA (Plant-to-Watershed Simulator)
2019-06-01,2019,6,WS_Cedar_01,WS_Cedar_01_HRU2,129.6,25.21,22.15,14.0,58.5,112.6,1.88,0.5,77.6,0.066,62.61,14.72,55.18,14.55,0.0,Historical,Baseline,True,DEMO / SYNTHETIC DATA (Plant-to-Watershed Simulator)
2019-06-01,2019,6,WS_Cedar_01,WS_Cedar_01_HRU2,129.6,25.21,22.15,14.0,67.5,112.6,1.88,0.5,77.6,0.066,55.89,13.57,48.82,13.35,0.0,Historical,No-Till,True,DEMO / SYNTHETIC DATA (Plant-to-Watershed Simulator)
2019-06-01,2019,6,WS_Cedar_01,WS_Cedar_01_HRU3,87.5,23.76,22.24,6.3,67.9,108.9,1.75,0.5,73.9,0.045,23.67,8.06,19.84,7.17,0.0,Historical,Baseline,True,DEMO / SYNTHETIC DATA (Plant-to-Watershed Simulator)
2019-06-01,2019,6,WS_Cedar_01,WS_Cedar_01_HRU3,87.5,23.76,22.24,6.3,72.5,108.9,1.75,0.5,73.9,0.045,20.23,7.47,16.57,6.55,0.0,Historical,No-Till,True,DEMO / SYNTHETIC DATA (Plant-to-Watershed Simulator)
2019-06-01,2019,6,WS_Iowa_03,WS_Iowa_03_HRU1,144.0,24.94,24.18,9.8,74.8,120.7,2.06,0.5,85.7,0.039,62.83,25.44,55.35,24.6,0.0,Historical,Baseline,True,DEMO / SYNTHETIC DATA (Plant-to-Watershed Simulator)
2019-06-01,2019,6,WS_Iowa_03,WS_Iowa_03_HRU1,144.0,24.94,24.18,9.8,83.8,120.7,2.06,0.5,85.7,0.039,56.06,23.51,49.0,22.6,0.0,Historical,No-Till,True,DEMO / SYNTHETIC DATA (Plant-to-Watershed Simulator)
2019-06-01,2019,6,WS_Iowa_03,WS_Iowa_03_HRU2,111.3,23.43,20.02,14.0,55.5,115.3,2.14,0.5,80.3,0.026,51.76,22.32,44.78,21.27,0.0,Historical,Baseline,True,DEMO / SYNTHETIC DATA (Plant-to-Watershed Simulator)
2019-06-01,2019,6,WS_Iowa_03,WS_Iowa_03_HRU2,111.3,23.43,20.02,14.0,63.5,115.3,2.14,0.5,80.3,0.026,45.78,20.62,39.19,19.51,0.0,Historical,No-Till,True,DEMO / SYNTHETIC DATA (Plant-to-Watershed Simulator)
2019-06-01,2019,6,WS_Iowa_03,WS_Iowa_03_HRU3,129.1,24.08,22.48,6.3,83.8,114.2,1.89,0.5,79.2,0.029,44.81,20.58,38.34,18.55,0.0,Historical,Baseline,True,DEMO / SYNTHETIC DATA (Plant-to-Watershed Simulator)
2019-06-01,2019,6,WS_Iowa_03,WS_Iowa_03_HRU3,129.1,24.08,22.48,6.3,91.3,114.2,1.89,0.5,79.2,0.029,39.2,18.98,33.03,16.88,0.0,Historical,No-Till,True,DEMO / SYNTHETIC DATA (Plant-to-Watershed Simulator)
2019-06-01,2019,6,WS_Raccoon_02,WS_Raccoon_02_HRU1,173.8,25.63,22.68,9.8,79.9,119.8,2.19,0.5,84.8,0.072,84.64,24.44,72.72,23.8,0.0,Historical,Baseline,True,DEMO / SYNTHETIC DATA (Plant-to-Watershed Simulator)
2019-06-01,2019,6,WS_Raccoon_02,WS_Raccoon_02_HRU1,173.8,25.63,22.68,9.8,90.4,119.8,2.19,0.5,84.8,0.072,76.8,22.65,65.42,21.96,0.0,Historical,No-Till,True,DEMO / SYNTHETIC DATA (Plant-to-Watershed Simulator)
2019-06-01,2019,6,WS_Raccoon_02,WS_Raccoon_02_HRU2,22.0,25.76,21.29,14.0,21.3,118.0,2.08,0.5,83.0,0.051,1.5,6.4,1.23,5.52,0.0,Historical,Baseline,True,DEMO / SYNTHETIC DATA (Plant-to-Watershed Simulator)
2019-06-01,2019,6,WS_Raccoon_02,WS_Raccoon_02_HRU2,22.0,25.76,21.29,14.0,21.8,118.0,2.08,0.5,83.0,0.051,1.5,6.4,1.21,5.52,0.0,Historical,No-Till,True,DEMO / SYNTHETIC DATA (Plant-to-Watershed Simulator)
2019-06-01,2019,6,WS_Raccoon_02,WS_Raccoon_02_HRU3,125.0,19.99,20.9,6.3,82.5,105.2,2.0,0.5,70.2,0.055,45.22,15.87,39.49,15.34,0.0,Historical,Baseline,True,DEMO / SYNTHETIC DATA (Plant-to-Watershed Simulator)
2019-06-01,2019,6,WS_Raccoon_02,WS_Raccoon_02_HRU3,125.0,19.99,20.9,6.3,89.7,105.2,2.0,0.5,70.2,0.055,39.8,14.64,34.39,14.06,0.0,Historical,No-Till,True,DEMO / SYNTHETIC DATA (Plant-to-Watershed Simulator)
2019-07-01,2019,7,WS_Cedar_01,WS_Cedar_01_HRU1,42.1,23.05,25.14,9.8,38.0,122.4,4.88,0.9,87.4,0.245,6.49,5.5,2.52,4.3,0.0,Historical,Baseline,True,DEMO / SYNTHETIC DATA (Plant-to-Watershed Simulator)
2019-07-01,2019,7,WS_Cedar_01,WS_Cedar_01_HRU1,42.1,23.05,25.14,9.8,39.7,127.9,4.88,0.9,92.9,0.198,5.21,5.28,1.44,4.1,0.0,Historical,No-Till,True,DEMO / SYNTHETIC DATA (Plant-to-Watershed Simulator)
2019-07-01,2019,7,WS_Cedar_01,WS_Cedar_01_HRU2,104.0,27.21,24.48,14.0,54.2,151.1,4.65,0.9,116.1,0.066,42.67,11.32,30.27,9.22,0.0,Historical,Baseline,True,DEMO / SYNTHETIC DATA (Plant-to-Watershed Simulator)
2019-07-01,2019,7,WS_Cedar_01,WS_Cedar_01_HRU2,104.0,27.21,24.48,14.0,61.7,151.1,4.65,0.9,116.1,0.066,37.03,10.36,25.49,8.32,0.0,Historical,No-Till,True,DEMO / SYNTHETIC DATA (Plant-to-Watershed Simulator)
2019-07-01,2019,7,WS_Cedar_01,WS_Cedar_01_HRU3,86.1,25.58,23.12,6.3,67.3,142.6,4.81,0.9,107.6,0.092,21.4,7.51,12.45,6.63,0.0,Historical,Baseline,True,DEMO / SYNTHETIC DATA (Plant-to-Watershed Simulator)
2019-07-01,2019,7,WS_Cedar_01,WS_Cedar_01_HRU3,86.1,25.58,23.12,6.3,71.8,142.6,4.81,0.9,107.6,0.092,18.04,6.94,9.6,6.09,0.0,Historical,No-Till,True,DEMO / SYNTHETIC DATA (Plant-to-Watershed Simulator)
2019-07-01,2019,7,WS_Iowa_03,WS_Iowa_03_HRU1,81.0,26.47,24.82,9.8,57.6,149.2,4.93,0.9,114.2,0.081,24.11,14.71,16.16,12.28,0.0,Historical,Baseline,True,DEMO / SYNTHETIC DATA (Plant-to-Watershed Simulator)
2019-07-01,2019,7,WS_Iowa_03,WS_Iowa_03_HRU1,81.0,26.47,24.82,9.8,62.5,149.2,4.93,0.9,114.2,0.081,20.37,13.64,12.99,11.28,0.0,Historical,No-Till,True,DEMO / SYNTHETIC DATA (Plant-to-Watershed Simulator)
2019-07-01,2019,7,WS_Iowa_03,WS_Iowa_03_HRU2,50.8,28.32,24.23,14.0,38.5,105.6,4.73,0.9,70.6,0.445,12.31,11.99,7.62,9.91,0.0,Historical,Baseline,True,DEMO / SYNTHETIC DATA (Plant-to-Watershed Simulator)
2019-07-01,2019,7,WS_Iowa_03,WS_Iowa_03_HRU2,50.8,28.32,24.23,14.0,41.9,118.9,4.73,0.9,83.9,0.34,9.75,11.26,5.45,9.23,0.0,Historical,No-Till,True,DEMO / SYNTHETIC DATA (Plant-to-Watershed Simulator)
2019-07-01,2019,7,WS_Iowa_03,WS_Iowa_03_HRU3,92.8,24.02,23.87,6.3,70.3,143.0,4.82,0.9,108.0,0.068,21.1,14.16,12.4,11.33,0.0,Historical,Baseline,True,DEMO / SYNTHETIC DATA (Plant-to-Watershed Simulator)
2019-07-01,2019,7,WS_Iowa_03,WS_Iowa_03_HRU3,92.8,24.02,23.87,6.3,75.3,143.0,4.82,0.9,108.0,0.068,17.36,13.09,9.23,10.33,0.0,Historical,No-Till,True,DEMO / SYNTHETIC DATA (Plant-to-Watershed Simulator)
2019-07-01,2019,7,WS_Raccoon_02,WS_Raccoon_02_HRU1,54.6,26.64,26.39,9.8,45.5,155.1,4.77,0.9,120.1,0.052,11.69,9.3,5.73,7.13,0.0,Historical,Baseline,True,DEMO / SYNTHETIC DATA (Plant-to-Watershed Simulator)
2019-07-01,2019,7,WS_Raccoon_02,WS_Raccoon_02_HRU1,54.6,26.64,26.39,9.8,48.3,161.7,4.77,0.9,126.7,0.0,9.58,8.82,3.94,6.68,0.0,Historical,No-Till,True,DEMO / SYNTHETIC DATA (Plant-to-Watershed Simulator)
2019-07-01,2019,7,WS_Raccoon_02,WS_Raccoon_02_HRU2,64.9,27.13,23.62,14.0,44.0,134.1,4.68,0.9,99.1,0.193,20.73,10.69,14.24,9.06,0.0,Historical,Baseline,True,DEMO / SYNTHETIC DATA (Plant-to-Watershed Simulator)
2019-07-01,2019,7,WS_Raccoon_02,WS_Raccoon_02_HRU2,64.9,27.13,23.62,14.0,48.7,151.9,4.68,0.9,116.9,0.048,17.21,9.89,11.25,8.3,0.0,Historical,No-Till,True,DEMO / SYNTHETIC DATA (Plant-to-Watershed Simulator)
2019-07-01,2019,7,WS_Raccoon_02,WS_Raccoon_02_HRU3,327.6,26.15,21.56,6.3,117.4,146.9,4.72,0.9,111.9,0.043,184.6,47.91,138.32,40.58,0.0,Historical,Baseline,True,DEMO / SYNTHETIC DATA (Plant-to-Watershed Simulator)
2019-07-01,2019,7,WS_Raccoon_02,WS_Raccoon_02_HRU3,327.6,26.15,21.56,6.3,133.2,146.9,4.72,0.9,111.9,0.043,172.75,45.21,128.27,38.05,0.0,Historical,No-Till,True,DEMO / SYNTHETIC DATA (Plant-to-Watershed Simulator)
2019-08-01,2019,8,WS_Cedar_01,WS_Cedar_01_HRU1,18.0,26.64,21.45,9.8,18.0,48.2,4.54,1.2,21.3,0.818,1.5,4.93,0.5,3.89,0.0,Historical,Baseline,True,DEMO / SYNTHETIC DATA (Plant-to-Watershed Simulator)
2019-08-01,2019,8,WS_Cedar_01,WS_Cedar_01_HRU1,18.0,26.64,21.45,9.8,18.0,48.2,4.54,1.2,21.3,0.818,1.5,4.93,0.5,3.89,0.0,Historical,No-Till,True,DEMO / SYNTHETIC DATA (Plant-to-Watershed Simulator)
2019-08-01,2019,8,WS_Cedar_01,WS_Cedar_01_HRU2,98.9,25.12,22.44,14.0,53.1,147.0,4.45,1.2,112.0,0.022,42.08,10.71,29.64,9.86,0.0,Historical,Baseline,True,DEMO / SYNTHETIC DATA (Plant-to-Watershed Simulator)
2019-08-01,2019,8,WS_Cedar_01,WS_Cedar_01_HRU2,98.9,25.12,22.44,14.0,60.3,147.0,4.45,1.2,112.0,0.022,36.67,9.79,24.92,8.97,0.0,Historical,No-Till,True,DEMO / SYNTHETIC DATA (Plant-to-Watershed Simulator)
2019-08-01,2019,8,WS_Cedar_01,WS_Cedar_01_HRU3,145.4,22.6,22.08,6.3,88.6,135.4,4.82,1.2,100.4,0.08,54.18,13.14,36.28,10.41,0.0,Historical,Baseline,True,DEMO / SYNTHETIC DATA (Plant-to-Watershed Simulator)
2019-08-01,2019,8,WS_Cedar_01,WS_Cedar_01_HRU3,145.4,22.6,22.08,6.3,97.0,135.4,4.82,1.2,100.4,0.08,47.82,12.05,30.74,9.36,0.0,Historical,No-Till,True,DEMO / SYNTHETIC DATA (Plant-to-Watershed Simulator)
2019-08-01,2019,8,WS_Iowa_03,WS_Iowa_03_HRU1,153.4,22.3,21.87,9.8,76.6,139.1,4.9,1.2,104.1,0.039,72.41,28.41,50.46,23.08,0.0,Historical,Baseline,True,DEMO / SYNTHETIC DATA (Plant-to-Watershed Simulator)
2019-08-01,2019,8,WS_Iowa_03,WS_Iowa_03_HRU1,153.4,22.3,21.87,9.8,86.1,139.1,4.9,1.2,104.1,0.039,65.27,26.37,44.24,21.12,0.0,Historical,No-Till,True,DEMO / SYNTHETIC DATA (Plant-to-Watershed Simulator)
2019-08-01,2019,8,WS_Iowa_03,WS_Iowa_03_HRU2,121.0,24.96,21.77,14.0,57.2,144.6,4.54,1.2,109.6,0.034,58.28,24.77,41.6,20.72,0.0,Historical,Baseline,True,DEMO / SYNTHETIC DATA (Plant-to-Watershed Simulator)
2019-08-01,2019,8,WS_Iowa_03,WS_Iowa_03_HRU2,121.0,24.96,21.77,14.0,65.7,144.6,4.54,1.2,109.6,0.034,51.9,22.95,36.04,18.97,0.0,Historical,No-Till,True,DEMO / SYNTHETIC DATA (Plant-to-Watershed Simulator)
2019-08-01,2019,8,WS_Iowa_03,WS_Iowa_03_HRU3,58.5,25.47,23.15,6.3,52.1,147.1,4.45,1.2,112.1,0.039,8.55,10.5,2.94,7.84,0.0,Historical,Baseline,True,DEMO / SYNTHETIC DATA (Plant-to-Watershed Simulator)
2019-08-01,2019,8,WS_Iowa_03,WS_Iowa_03_HRU3,58.5,25.47,23.15,6.3,54.4,147.1,4.45,1.2,112.1,0.039,6.82,10.01,1.43,7.36,0.0,Historical,No-Till,True,DEMO / SYNTHETIC DATA (Plant-to-Watershed Simulator)
2019-08-01,2019,8,WS_Raccoon_02,WS_Raccoon_02_HRU1,120.7,24.26,21.86,9.8,69.7,141.2,5.03,1.2,106.2,0.067,46.32,16.56,30.42,13.5,0.0,Historical,Baseline,True,DEMO / SYNTHETIC DATA (Plant-to-Watershed Simulator)
2019-08-01,2019,8,WS_Raccoon_02,WS_Raccoon_02_HRU1,120.7,24.26,21.86,9.8,77.4,141.2,5.03,1.2,106.2,0.067,40.54,15.24,25.39,12.23,0.0,Historical,No-Till,True,DEMO / SYNTHETIC DATA (Plant-to-Watershed Simulator)
2019-08-01,2019,8,WS_Raccoon_02,WS_Raccoon_02_HRU2,71.2,24.96,22.31,14.0,46.0,138.7,4.78,1.2,103.7,0.102,25.98,11.25,17.4,10.25,0.0,Historical,Baseline,True,DEMO / SYNTHETIC DATA (Plant-to-Watershed Simulator)
2019-08-01,2019,8,WS_Raccoon_02,WS_Raccoon_02_HRU2,71.2,24.96,22.31,14.0,51.2,147.0,4.78,1.2,112.0,0.03,22.07,10.36,14.0,9.39,0.0,Historical,No-Till,True,DEMO / SYNTHETIC DATA (Plant-to-Watershed Simulator)
2019-08-01,2019,8,WS_Raccoon_02,WS_Raccoon_02_HRU3,81.2,27.59,21.23,6.3,64.9,141.1,4.61,1.2,106.1,0.113,17.89,10.15,9.31,7.51,0.0,Historical,Baseline,True,DEMO / SYNTHETIC DATA (Plant-to-Watershed Simulator)
2019-08-01,2019,8,WS_Raccoon_02,WS_Raccoon_02_HRU3,81.2,27.59,21.23,6.3,69.0,141.1,4.61,1.2,106.1,0.113,14.8,9.45,6.62,6.83,0.0,Historical,No-Till,True,DEMO / SYNTHETIC DATA (Plant-to-Watershed Simulator)
2019-09-01,2019,9,WS_Cedar_01,WS_Cedar_01_HRU1,74.0,20.72,18.22,9.8,54.8,99.0,1.93,1.33,64.0,0.097,19.88,7.13,14.68,6.18,0.0,Historical,Baseline,True,DEMO / SYNTHETIC DATA (Plant-to-Watershed Simulator)
2019-09-01,2019,9,WS_Cedar_01,WS_Cedar_01_HRU1,74.0,20.72,18.22,9.8,59.2,99.0,1.93,1.33,64.0,0.097,16.55,6.56,11.33,5.55,0.0,Historical,No-Till,True,DEMO / SYNTHETIC DATA (Plant-to-Watershed Simulator)
2019-09-01,2019,9,WS_Cedar_01,WS_Cedar_01_HRU2,63.4,20.33,21.04,14.0,43.5,94.2,1.91,1.33,59.2,0.192,19.59,7.07,14.64,6.38,0.0,Historical,Baseline,True,DEMO / SYNTHETIC DATA (Plant-to-Watershed Simulator)
2019-09-01,2019,9,WS_Cedar_01,WS_Cedar_01_HRU2,63.4,20.33,21.04,14.0,48.0,104.3,1.91,1.33,69.3,0.054,16.18,6.48,11.2,5.73,0.0,Historical,No-Till,True,DEMO / SYNTHETIC DATA (Plant-to-Watershed Simulator)
2019-09-01,2019,9,WS_Cedar_01,WS_Cedar_01_HRU3,26.5,21.63,19.47,6.3,26.5,72.6,1.92,1.33,43.6,0.41,3.13,4.29,2.13,3.63,0.0,Historical,Baseline,True,DEMO / SYNTHETIC DATA (Plant-to-Watershed Simulator)
2019-09-01,2019,9,WS_Cedar_01,WS_Cedar_01_HRU3,26.5,21.63,19.47,6.3,26.5,72.6,1.92,1.33,43.6,0.41,3.13,4.29,2.13,3.63,0.0,Historical,No-Till,True,DEMO / SYNTHETIC DATA (Plant-to-Watershed Simulator)
2019-09-01,2019,9,WS_Iowa_03,WS_Iowa_03_HRU1,16.8,17.52,21.17,9.8,16.8,27.0,2.07,1.33,6.1,0.914,2.23,8.26,0.9,7.59,0.0,Historical,Baseline,True,DEMO / SYNTHETIC DATA (Plant-to-Watershed Simulator)
2019-09-01,2019,9,WS_Iowa_03,WS_Iowa_03_HRU1,16.8,17.52,21.17,9.8,16.8,27.0,2.07,1.33,6.1,0.914,2.23,8.26,0.9,7.59,0.0,Historical,No-Till,True,DEMO / SYNTHETIC DATA (Plant-to-Watershed Simulator)
2019-09-01,2019,9,WS_Iowa_03,WS_Iowa_03_HRU2,55.8,16.46,18.9,14.0,40.6,77.5,1.96,1.33,46.4,0.278,15.39,12.36,10.57,11.09,0.0,Historical,Baseline,True,DEMO / SYNTHETIC DATA (Plant-to-Watershed Simulator)
2019-09-01,2019,9,WS_Iowa_03,WS_Iowa_03_HRU2,55.8,16.46,18.9,14.0,44.5,86.7,1.96,1.33,54.1,0.158,12.47,11.53,7.63,10.17,0.0,Historical,No-Till,True,DEMO / SYNTHETIC DATA (Plant-to-Watershed Simulator)
2019-09-01,2019,9,WS_Iowa_03,WS_Iowa_03_HRU3,173.3,16.72,21.53,6.3,95.4,97.8,1.98,1.33,62.8,0.083,72.32,28.02,57.92,25.41,0.0,Historical,Baseline,True,DEMO / SYNTHETIC DATA (Plant-to-Watershed Simulator)
2019-09-01,2019,9,WS_Iowa_03,WS_Iowa_03_HRU3,173.3,16.72,21.53,6.3,105.4,97.8,1.98,1.33,62.8,0.083,64.8,25.87,50.37,23.04,0.0,Historical,No-Till,True,DEMO / SYNTHETIC DATA (Plant-to-Watershed Simulator)
2019-09-01,2019,9,WS_Raccoon_02,WS_Raccoon_02_HRU1,67.6,17.79,20.84,9.8,52.0,105.4,2.17,1.33,70.4,0.034,15.82,9.15,10.15,7.81,0.0,Historical,Baseline,True,DEMO / SYNTHETIC DATA (Plant-to-Watershed Simulator)
2019-09-01,2019,9,WS_Raccoon_02,WS_Raccoon_02_HRU1,67.6,17.79,20.84,9.8,55.9,105.4,2.17,1.33,70.4,0.034,12.89,8.48,7.23,7.08,0.0,Historical,No-Till,True,DEMO / SYNTHETIC DATA (Plant-to-Watershed Simulator)
2019-09-01,2019,9,WS_Raccoon_02,WS_Raccoon_02_HRU2,63.8,19.22,18.62,14.0,43.6,82.4,1.79,1.33,47.7,0.276,20.62,10.07,15.24,9.71,0.0,Historical,Baseline,True,DEMO / SYNTHETIC DATA (Plant-to-Watershed Simulator)
2019-09-01,2019,9,WS_Raccoon_02,WS_Raccoon_02_HRU2,63.8,19.22,18.62,14.0,48.2,92.0,1.79,1.33,57.0,0.134,17.17,9.28,11.74,8.82,0.0,Historical,No-Till,True,DEMO / SYNTHETIC DATA (Plant-to-Watershed Simulator)
2019-09-01,2019,9,WS_Raccoon_02,WS_Raccoon_02_HRU3,87.0,18.8,18.22,6.3,67.7,98.8,2.0,1.33,63.8,0.07,19.48,10.43,11.8,8.73,0.0,Historical,Baseline,True,DEMO / SYNTHETIC DATA (Plant-to-Watershed Simulator)
2019-09-01,2019,9,WS_Raccoon_02,WS_Raccoon_02_HRU3,87.0,18.8,18.22,6.3,72.2,98.8,2.0,1.33,63.8,0.07,16.07,9.66,8.38,7.87,0.0,Historical,No-Till,True,DEMO / SYNTHETIC DATA (Plant-to-Watershed Simulator)
2019-10-01,2019,10,WS_Cedar_01,WS_Cedar_01_HRU1,57.8,7.63,13.32,17.6,47.2,23.8,0.1,1.38,3.4,0.0,11.78,5.82,7.64,4.98,12.83,Historical,Baseline,True,DEMO / SYNTHETIC DATA (Plant-to-Watershed Simulator)
2019-10-01,2019,10,WS_Cedar_01,WS_Cedar_01_HRU1,57.8,7.63,13.32,18.37,50.3,24.6,0.1,1.38,3.4,0.0,9.46,5.42,5.09,4.5,12.83,Historical,No-Till,True,DEMO / SYNTHETIC DATA (Plant-to-Watershed Simulator)
2019-10-01,2019,10,WS_Cedar_01,WS_Cedar_01_HRU2,24.4,10.52,15.52,14.0,23.2,25.8,0.18,1.38,7.2,0.0,4.02,4.09,0.62,4.2,11.98,Historical,Baseline,True,DEMO / SYNTHETIC DATA (Plant-to-Watershed Simulator)
2019-10-01,2019,10,WS_Cedar_01,WS_Cedar_01_HRU2,24.4,10.52,15.52,14.0,24.0,26.1,0.18,1.38,7.2,0.0,3.43,3.99,0.5,4.17,11.98,Historical,No-Till,True,DEMO / SYNTHETIC DATA (Plant-to-Watershed Simulator)
2019-10-01,2019,10,WS_Cedar_01,WS_Cedar_01_HRU3,35.1,9.65,13.29,9.8,34.5,24.0,0.1,1.38,3.7,0.0,2.72,4.7,0.5,4.03,14.01,Historical,Baseline,True,DEMO / SYNTHETIC DATA (Plant-to-Watershed Simulator)
2019-10-01,2019,10,WS_Cedar_01,WS_Cedar_01_HRU3,35.1,9.65,13.29,9.9,35.0,24.2,0.1,1.38,3.7,0.0,2.37,4.64,0.5,4.03,14.01,Historical,No-Till,True,DEMO / SYNTHETIC DATA (Plant-to-Watershed Simulator)
2019-10-01,2019,10,WS_Iowa_03,WS_Iowa_03_HRU1,12.3,9.55,14.73,9.8,12.3,16.5,0.1,1.38,3.9,0.0,1.5,8.32,0.91,7.58,13.52,Historical,Baseline,True,DEMO / SYNTHETIC DATA (Plant-to-Watershed Simulator)
2019-10-01,2019,10,WS_Iowa_03,WS_Iowa_03_HRU1,12.3,9.55,14.73,9.8,12.3,16.5,0.1,1.38,3.9,0.0,1.5,8.32,0.91,7.58,13.52,Historical,No-Till,True,DEMO / SYNTHETIC DATA (Plant-to-Watershed Simulator)
2019-10-01,2019,10,WS_Iowa_03,WS_Iowa_03_HRU2,26.7,10.95,14.83,14.57,24.9,23.2,0.1,1.38,4.1,0.0,3.54,8.64,1.3,8.01,12.1,Historical,Baseline,True,DEMO / SYNTHETIC DATA (Plant-to-Watershed Simulator)
2019-10-01,2019,10,WS_Iowa_03,WS_Iowa_03_HRU2,26.7,10.95,14.83,14.8,25.9,23.5,0.1,1.38,4.1,0.0,2.77,8.42,0.5,7.76,12.1,Historical,No-Till,True,DEMO / SYNTHETIC DATA (Plant-to-Watershed Simulator)
2019-10-01,2019,10,WS_Iowa_03,WS_Iowa_03_HRU3,69.8,11.41,15.43,13.33,58.9,37.8,0.1,1.38,4.2,0.0,14.26,11.36,9.28,9.97,13.18,Historical,Baseline,True,DEMO / SYNTHETIC DATA (Plant-to-Watershed Simulator)
2019-10-01,2019,10,WS_Iowa_03,WS_Iowa_03_HRU3,69.8,11.41,15.43,13.97,62.1,39.1,0.1,1.38,4.2,0.0,11.85,10.67,6.63,9.14,13.18,Historical,No-Till,True,DEMO / SYNTHETIC DATA (Plant-to-Watershed Simulator)
2019-10-01,2019,10,WS_Raccoon_02,WS_Raccoon_02_HRU1,35.4,12.35,16.44,12.1,33.3,26.4,0.1,1.38,4.5,0.0,3.94,7.16,0.5,5.52,12.91,Historical,Baseline,True,DEMO / SYNTHETIC DATA (Plant-to-Watershed Simulator)
2019-10-01,2019,10,WS_Raccoon_02,WS_Raccoon_02_HRU1,35.4,12.35,16.44,12.33,34.4,26.8,0.1,1.38,4.5,0.0,3.09,6.97,0.5,5.52,12.91,Historical,No-Till,True,DEMO / SYNTHETIC DATA (Plant-to-Watershed Simulator)
2019-10-01,2019,10,WS_Raccoon_02,WS_Raccoon_02_HRU2,30.6,10.08,16.17,15.2,27.6,24.0,0.1,1.38,4.1,0.0,6.64,7.65,5.09,6.65,12.71,Historical,Baseline,True,DEMO / SYNTHETIC DATA (Plant-to-Watershed Simulator)
2019-10-01,2019,10,WS_Raccoon_02,WS_Raccoon_02_HRU2,30.6,10.08,16.17,15.53,29.0,24.4,0.1,1.38,4.1,0.0,5.57,7.4,3.91,6.36,12.71,Historical,No-Till,True,DEMO / SYNTHETIC DATA (Plant-to-Watershed Simulator)
2019-10-01,2019,10,WS_Raccoon_02,WS_Raccoon_02_HRU3,51.6,9.06,16.33,11.87,47.5,30.8,0.1,1.38,4.0,0.0,6.29,7.59,3.19,6.11,12.35,Historical,Baseline,True,DEMO / SYNTHETIC DATA (Plant-to-Watershed Simulator)
2019-10-01,2019,10,WS_Raccoon_02,WS_Raccoon_02_HRU3,51.6,9.06,16.33,12.23,49.2,31.4,0.1,1.38,4.0,0.0,4.96,7.29,1.73,5.74,12.35,Historical,No-Till,True,DEMO / SYNTHETIC DATA (Plant-to-Watershed Simulator)
2019-11-01,2019,11,WS_Cedar_01,WS_Cedar_01_HRU1,42.1,1.25,10.69,25.27,38.0,15.0,0.0,0.1,0.0,0.0,6.93,5.15,6.86,5.18,0.0,Historical,Baseline,True,DEMO / SYNTHETIC DATA (Plant-to-Watershed Simulator)
2019-11-01,2019,11,WS_Cedar_01,WS_Cedar_01_HRU1,42.1,1.25,10.69,26.37,39.7,15.7,0.0,0.1,0.0,0.0,5.64,4.93,5.56,4.93,0.0,Historical,No-Till,True,DEMO / SYNTHETIC DATA (Plant-to-Watershed Simulator)
2019-11-01,2019,11,WS_Cedar_01,WS_Cedar_01_HRU2,18.5,2.16,8.59,17.23,18.3,8.6,0.0,0.1,0.0,0.0,2.71,4.77,2.59,4.24,0.0,Historical,Baseline,True,DEMO / SYNTHETIC DATA (Plant-to-Watershed Simulator)
2019-11-01,2019,11,WS_Cedar_01,WS_Cedar_01_HRU2,18.5,2.16,8.59,17.3,18.5,8.6,0.0,0.1,0.0,0.0,2.54,4.74,2.42,4.21,0.0,Historical,No-Till,True,DEMO / SYNTHETIC DATA (Plant-to-Watershed Simulator)
2019-11-01,2019,11,WS_Cedar_01,WS_Cedar_01_HRU3,40.4,0.46,9.96,18.33,39.0,13.4,0.0,0.1,0.0,0.0,4.94,4.61,4.73,4.87,0.0,Historical,Baseline,True,DEMO / SYNTHETIC DATA (Plant-to-Watershed Simulator)
2019-11-01,2019,11,WS_Cedar_01,WS_Cedar_01_HRU3,40.4,0.46,9.96,18.67,39.9,13.6,0.0,0.1,0.0,0.0,4.28,4.5,4.07,4.74,0.0,Historical,No-Till,True,DEMO / SYNTHETIC DATA (Plant-to-Watershed Simulator)
2019-11-01,2019,11,WS_Iowa_03,WS_Iowa_03_HRU1,47.2,0.22,11.5,19.8,41.2,11.2,0.0,0.1,0.0,0.0,8.99,9.26,8.35,9.62,0.0,Historical,Baseline,True,DEMO / SYNTHETIC DATA (Plant-to-Watershed Simulator)
2019-11-01,2019,11,WS_Iowa_03,WS_Iowa_03_HRU1,47.2,0.22,11.5,20.4,43.4,11.6,0.0,0.1,0.0,0.0,7.36,8.8,6.71,9.1,0.0,Historical,No-Till,True,DEMO / SYNTHETIC DATA (Plant-to-Watershed Simulator)
2019-11-01,2019,11,WS_Iowa_03,WS_Iowa_03_HRU2,119.8,1.42,9.5,28.83,57.0,14.2,0.0,0.1,0.0,0.0,56.67,23.61,55.98,24.26,0.0,Historical,Baseline,True,DEMO / SYNTHETIC DATA (Plant-to-Watershed Simulator)
2019-11-01,2019,11,WS_Iowa_03,WS_Iowa_03_HRU2,119.8,1.42,9.5,31.43,65.4,15.5,0.0,0.1,0.0,0.0,50.34,21.81,49.61,22.26,0.0,Historical,No-Till,True,DEMO / SYNTHETIC DATA (Plant-to-Watershed Simulator)
2019-11-01,2019,11,WS_Iowa_03,WS_Iowa_03_HRU3,38.6,2.8,8.27,20.27,37.5,16.7,0.0,0.1,0.0,0.0,6.44,9.32,5.01,8.85,0.0,Historical,Baseline,True,DEMO / SYNTHETIC DATA (Plant-to-Watershed Simulator)
2019-11-01,2019,11,WS_Iowa_03,WS_Iowa_03_HRU3,38.6,2.8,8.27,21.0,38.3,17.2,0.0,0.1,0.0,0.0,5.89,9.17,4.46,8.67,0.0,Historical,No-Till,True,DEMO / SYNTHETIC DATA (Plant-to-Watershed Simulator)
2019-11-01,2019,11,WS_Raccoon_02,WS_Raccoon_02_HRU1,27.7,3.17,10.79,17.13,27.1,12.0,0.0,0.1,0.0,0.0,1.5,6.02,1.44,5.89,0.0,Historical,Baseline,True,DEMO / SYNTHETIC DATA (Plant-to-Watershed Simulator)
2019-11-01,2019,11,WS_Raccoon_02,WS_Raccoon_02_HRU1,27.7,3.17,10.79,17.43,27.6,12.3,0.0,0.1,0.0,0.0,1.5,6.02,1.44,5.89,0.0,Historical,No-Till,True,DEMO / SYNTHETIC DATA (Plant-to-Watershed Simulator)
2019-11-01,2019,11,WS_Raccoon_02,WS_Raccoon_02_HRU2,27.5,0.35,11.34,20.33,25.5,10.1,0.0,0.1,0.0,0.0,3.34,6.88,2.53,6.49,0.0,Historical,Baseline,True,DEMO / SYNTHETIC DATA (Plant-to-Watershed Simulator)
2019-11-01,2019,11,WS_Raccoon_02,WS_Raccoon_02_HRU2,27.5,0.35,11.34,20.93,26.6,10.4,0.0,0.1,0.0,0.0,2.51,6.69,1.69,6.28,0.0,Historical,No-Till,True,DEMO / SYNTHETIC DATA (Plant-to-Watershed Simulator)
2019-11-01,2019,11,WS_Raccoon_02,WS_Raccoon_02_HRU3,13.7,1.52,10.65,12.83,13.7,10.8,0.0,0.1,0.0,0.0,1.5,6.52,1.74,5.89,0.0,Historical,Baseline,True,DEMO / SYNTHETIC DATA (Plant-to-Watershed Simulator)
2019-11-01,2019,11,WS_Raccoon_02,WS_Raccoon_02_HRU3,13.7,1.52,10.65,13.1,13.7,11.1,0.0,0.1,0.0,0.0,1.5,6.52,1.74,5.89,0.0,Historical,No-Till,True,DEMO / SYNTHETIC DATA (Plant-to-Watershed Simulator)
2019-12-01,2019,12,WS_Cedar_01,WS_Cedar_01_HRU1,27.4,-4.44,7.76,33.43,26.9,2.4,0.0,0.1,0.0,0.0,3.51,3.93,3.68,4.3,0.0,Historical,Baseline,True,DEMO / SYNTHETIC DATA (Plant-to-Watershed Simulator)
2019-12-01,2019,12,WS_Cedar_01,WS_Cedar_01_HRU1,27.4,-4.44,7.76,34.63,27.3,2.5,0.0,0.1,0.0,0.0,3.17,3.87,3.34,4.23,0.0,Historical,No-Till,True,DEMO / SYNTHETIC DATA (Plant-to-Watershed Simulator)
2019-12-01,2019,12,WS_Cedar_01,WS_Cedar_01_HRU2,36.4,-3.94,6.98,27.07,31.2,1.7,0.0,0.1,0.0,0.0,7.28,4.65,7.21,5.16,0.0,Historical,Baseline,True,DEMO / SYNTHETIC DATA (Plant-to-Watershed Simulator)
2019-12-01,2019,12,WS_Cedar_01,WS_Cedar_01_HRU2,36.4,-3.94,6.98,27.77,33.2,1.8,0.0,0.1,0.0,0.0,5.78,4.4,5.7,4.87,0.0,Historical,No-Till,True,DEMO / SYNTHETIC DATA (Plant-to-Watershed Simulator)
2019-12-01,2019,12,WS_Cedar_01,WS_Cedar_01_HRU3,17.6,-3.48,8.5,23.47,17.6,2.2,0.0,0.1,0.0,0.0,1.5,3.87,1.68,4.56,0.0,Historical,Baseline,True,DEMO / SYNTHETIC DATA (Plant-to-Watershed Simulator)
2019-12-01,2019,12,WS_Cedar_01,WS_Cedar_01_HRU3,17.6,-3.48,8.5,23.77,17.6,2.3,0.0,0.1,0.0,0.0,1.5,3.87,1.68,4.56,0.0,Historical,No-Till,True,DEMO / SYNTHETIC DATA (Plant-to-Watershed Simulator)
2019-12-01,2019,12,WS_Iowa_03,WS_Iowa_03_HRU1,55.8,-4.29,8.98,34.37,46.2,2.5,0.0,0.1,0.0,0.0,11.71,10.87,11.38,11.19,0.0,Historical,Baseline,True,DEMO / SYNTHETIC DATA (Plant-to-Watershed Simulator)
2019-12-01,2019,12,WS_Iowa_03,WS_Iowa_03_HRU1,55.8,-4.29,8.98,35.9,49.1,2.6,0.0,0.1,0.0,0.0,9.52,10.24,9.17,10.5,0.0,Historical,No-Till,True,DEMO / SYNTHETIC DATA (Plant-to-Watershed Simulator)
2019-12-01,2019,12,WS_Iowa_03,WS_Iowa_03_HRU2,86.4,-5.96,8.72,42.77,50.3,2.8,0.0,0.1,0.0,0.0,35.37,17.48,35.49,18.82,0.0,Historical,Baseline,True,DEMO / SYNTHETIC DATA (Plant-to-Watershed Simulator)
2019-12-01,2019,12,WS_Iowa_03,WS_Iowa_03_HRU2,86.4,-5.96,8.72,42.77,56.6,2.8,0.0,0.1,0.0,0.0,30.6,16.12,30.69,17.3,0.0,Historical,No-Till,True,DEMO / SYNTHETIC DATA (Plant-to-Watershed Simulator)
2019-12-01,2019,12,WS_Iowa_03,WS_Iowa_03_HRU3,35.1,-3.31,8.83,28.97,34.5,2.8,0.0,0.1,0.0,0.0,2.96,8.79,2.71,8.22,0.0,Historical,Baseline,True,DEMO / SYNTHETIC DATA (Plant-to-Watershed Simulator)
2019-12-01,2019,12,WS_Iowa_03,WS_Iowa_03_HRU3,35.1,-3.31,8.83,28.97,35.0,2.8,0.0,0.1,0.0,0.0,2.6,8.69,2.35,8.11,0.0,Historical,No-Till,True,DEMO / SYNTHETIC DATA (Plant-to-Watershed Simulator)
2019-12-01,2019,12,WS_Raccoon_02,WS_Raccoon_02_HRU1,47.1,-0.77,6.48,30.13,41.2,2.2,0.0,0.1,0.0,0.0,7.97,7.86,7.83,7.31,0.0,Historical,Baseline,True,DEMO / SYNTHETIC DATA (Plant-to-Watershed Simulator)
2019-12-01,2019,12,WS_Raccoon_02,WS_Raccoon_02_HRU1,47.1,-0.77,6.48,31.13,43.3,2.2,0.0,0.1,0.0,0.0,6.35,7.49,6.2,6.9,0.0,Historical,No-Till,True,DEMO / SYNTHETIC DATA (Plant-to-Watershed Simulator)
2019-12-01,2019,12,WS_Raccoon_02,WS_Raccoon_02_HRU2,26.7,-3.14,6.77,28.03,24.9,1.8,0.0,0.1,0.0,0.0,3.27,6.36,2.65,6.18,0.0,Historical,Baseline,True,DEMO / SYNTHETIC DATA (Plant-to-Watershed Simulator)
2019-12-01,2019,12,WS_Raccoon_02,WS_Raccoon_02_HRU2,26.7,-3.14,6.77,28.93,25.9,1.9,0.0,0.1,0.0,0.0,2.5,6.19,1.88,5.98,0.0,Historical,No-Till,True,DEMO / SYNTHETIC DATA (Plant-to-Watershed Simulator)
2019-12-01,2019,12,WS_Raccoon_02,WS_Raccoon_02_HRU3,47.3,-3.65,9.17,26.77,44.4,2.6,0.0,0.1,0.0,0.0,4.19,7.14,4.71,6.51,0.0,Historical,Baseline,True,DEMO / SYNTHETIC DATA (Plant-to-Watershed Simulator)
2019-12-01,2019,12,WS_Raccoon_02,WS_Raccoon_02_HRU3,47.3,-3.65,9.17,27.5,45.8,2.6,0.0,0.1,0.0,0.0,3.13,6.9,3.64,6.24,0.0,Historical,No-Till,True,DEMO / SYNTHETIC DATA (Plant-to-Watershed Simulator)
2020-01-01,2020,1,WS_Cedar_01,WS_Cedar_01_HRU1,23.9,-4.64,6.0,38.17,23.7,2.8,0.0,0.1,0.0,0.0,1.5,4.13,0.5,4.13,0.0,Historical,Baseline,True,DEMO / SYNTHETIC DATA (Plant-to-Watershed Simulator)
2020-01-01,2020,1,WS_Cedar_01,WS_Cedar_01_HRU1,23.9,-4.64,6.0,38.17,23.9,2.8,0.0,0.1,0.0,0.0,1.5,4.13,0.5,4.13,0.0,Historical,No-Till,True,DEMO / SYNTHETIC DATA (Plant-to-Watershed Simulator)
2020-01-01,2020,1,WS_Cedar_01,WS_Cedar_01_HRU2,39.0,-4.63,6.0,37.17,32.7,2.4,0.0,0.1,0.0,0.0,6.43,5.08,6.94,4.85,0.0,Historical,Baseline,True,DEMO / SYNTHETIC DATA (Plant-to-Watershed Simulator)
2020-01-01,2020,1,WS_Cedar_01,WS_Cedar_01_HRU2,39.0,-4.63,6.0,38.57,34.9,2.5,0.0,0.1,0.0,0.0,4.73,4.79,5.23,4.53,0.0,Historical,No-Till,True,DEMO / SYNTHETIC DATA (Plant-to-Watershed Simulator)
2020-01-01,2020,1,WS_Cedar_01,WS_Cedar_01_HRU3,31.0,-4.97,6.5,28.97,30.8,2.8,0.0,0.1,0.0,0.0,3.35,4.49,3.55,4.09,0.0,Historical,Baseline,True,DEMO / SYNTHETIC DATA (Plant-to-Watershed Simulator)
2020-01-01,2020,1,WS_Cedar_01,WS_Cedar_01_HRU3,31.0,-4.97,6.5,28.97,31.0,2.8,0.0,0.1,0.0,0.0,3.22,4.47,3.42,4.07,0.0,Historical,No-Till,True,DEMO / SYNTHETIC DATA (Plant-to-Watershed Simulator)
2020-01-01,2020,1,WS_Iowa_03,WS_Iowa_03_HRU1,68.1,-6.62,6.75,38.17,52.2,2.8,0.0,0.1,0.0,0.0,17.92,13.23,17.28,12.66,0.0,Historical,Baseline,True,DEMO / SYNTHETIC DATA (Plant-to-Watershed Simulator)
2020-01-01,2020,1,WS_Iowa_03,WS_Iowa_03_HRU1,68.1,-6.62,6.75,38.17,56.2,2.8,0.0,0.1,0.0,0.0,14.95,12.38,14.28,11.72,0.0,Historical,No-Till,True,DEMO / SYNTHETIC DATA (Plant-to-Watershed Simulator)
2020-01-01,2020,1,WS_Iowa_03,WS_Iowa_03_HRU2,32.1,-2.82,6.0,42.77,28.6,2.8,0.0,0.1,0.0,0.0,4.78,8.78,4.81,8.53,0.0,Historical,Baseline,True,DEMO / SYNTHETIC DATA (Plant-to-Watershed Simulator)
2020-01-01,2020,1,WS_Iowa_03,WS_Iowa_03_HRU2,32.1,-2.82,6.0,42.77,30.1,2.8,0.0,0.1,0.0,0.0,3.6,8.44,3.62,8.16,0.0,Historical,No-Till,True,DEMO / SYNTHETIC DATA (Plant-to-Watershed Simulator)
2020-01-01,2020,1,WS_Iowa_03,WS_Iowa_03_HRU3,53.2,-3.14,7.48,28.97,48.6,2.8,0.0,0.1,0.0,0.0,6.71,8.81,6.53,9.36,0.0,Historical,Baseline,True,DEMO / SYNTHETIC DATA (Plant-to-Watershed Simulator)
2020-01-01,2020,1,WS_Iowa_03,WS_Iowa_03_HRU3,53.2,-3.14,7.48,28.97,50.5,2.8,0.0,0.1,0.0,0.0,5.3,8.41,5.11,8.91,0.0,Historical,No-Till,True,DEMO / SYNTHETIC DATA (Plant-to-Watershed Simulator)
2020-01-01,2020,1,WS_Raccoon_02,WS_Raccoon_02_HRU1,52.1,-5.16,6.0,38.17,44.1,2.8,0.0,0.1,0.0,0.0,10.64,8.4,9.45,8.31,0.0,Historical,Baseline,True,DEMO / SYNTHETIC DATA (Plant-to-Watershed Simulator)
2020-01-01,2020,1,WS_Raccoon_02,WS_Raccoon_02_HRU1,52.1,-5.16,6.0,38.17,46.7,2.8,0.0,0.1,0.0,0.0,8.69,7.95,7.49,7.81,0.0,Historical,No-Till,True,DEMO / SYNTHETIC DATA (Plant-to-Watershed Simulator)
2020-01-01,2020,1,WS_Raccoon_02,WS_Raccoon_02_HRU2,30.0,-5.82,6.0,36.33,27.2,2.3,0.0,0.1,0.0,0.0,5.3,6.69,5.75,7.0,0.0,Historical,Baseline,True,DEMO / SYNTHETIC DATA (Plant-to-Watershed Simulator)
2020-01-01,2020,1,WS_Raccoon_02,WS_Raccoon_02_HRU2,30.0,-5.82,6.0,37.63,28.5,2.4,0.0,0.1,0.0,0.0,4.29,6.46,4.73,6.74,0.0,Historical,No-Till,True,DEMO / SYNTHETIC DATA (Plant-to-Watershed Simulator)
2020-01-01,2020,1,WS_Raccoon_02,WS_Raccoon_02_HRU3,66.0,-6.1,8.19,28.97,56.7,2.8,0.0,0.1,0.0,0.0,11.67,8.84,11.32,8.18,0.0,Historical,Baseline,True,DEMO / SYNTHETIC DATA (Plant-to-Watershed Simulator)
2020-01-01,2020,1,WS_Raccoon_02,WS_Raccoon_02_HRU3,66.0,-6.1,8.19,28.97,59.6,2.8,0.0,0.1,0.0,0.0,9.48,8.34,9.12,7.63,0.0,Historical,No-Till,True,DEMO / SYNTHETIC DATA (Plant-to-Watershed Simulator)
2020-02-01,2020,2,WS_Cedar_01,WS_Cedar_01_HRU1,42.0,-5.07,6.86,38.17,37.9,2.8,0.0,0.1,0.0,0.0,6.48,4.76,6.03,5.24,0.0,Historical,Baseline,True,DEMO / SYNTHETIC DATA (Plant-to-Watershed Simulator)
2020-02-01,2020,2,WS_Cedar_01,WS_Cedar_01_HRU1,42.0,-5.07,6.86,38.17,39.6,2.8,0.0,0.1,0.0,0.0,5.2,4.55,4.74,5.0,0.0,Historical,No-Till,True,DEMO / SYNTHETIC DATA (Plant-to-Watershed Simulator)
2020-02-01,2020,2,WS_Cedar_01,WS_Cedar_01_HRU2,28.8,-6.81,9.4,42.77,26.4,2.8,0.0,0.1,0.0,0.0,3.88,4.4,4.35,4.44,0.0,Historical,Baseline,True,DEMO / SYNTHETIC DATA (Plant-to-Watershed Simulator)
2020-02-01,2020,2,WS_Cedar_01,WS_Cedar_01_HRU2,28.8,-6.81,9.4,42.77,27.6,2.8,0.0,0.1,0.0,0.0,2.95,4.24,3.42,4.26,0.0,Historical,No-Till,True,DEMO / SYNTHETIC DATA (Plant-to-Watershed Simulator)
2020-02-01,2020,2,WS_Cedar_01,WS_Cedar_01_HRU3,19.6,-4.4,7.07,28.97,19.6,2.8,0.0,0.1,0.0,0.0,1.89,4.15,1.74,4.76,0.0,Historical,Baseline,True,DEMO / SYNTHETIC DATA (Plant-to-Watershed Simulator)
2020-02-01,2020,2,WS_Cedar_01,WS_Cedar_01_HRU3,19.6,-4.4,7.07,28.97,19.6,2.8,0.0,0.1,0.0,0.0,1.89,4.15,1.74,4.76,0.0,Historical,No-Till,True,DEMO / SYNTHETIC DATA (Plant-to-Watershed Simulator)
2020-02-01,2020,2,WS_Iowa_03,WS_Iowa_03_HRU1,39.0,-3.4,6.16,38.17,35.9,2.8,0.0,0.1,0.0,0.0,6.62,10.16,7.42,9.92,0.0,Historical,Baseline,True,DEMO / SYNTHETIC DATA (Plant-to-Watershed Simulator)
2020-02-01,2020,2,WS_Iowa_03,WS_Iowa_03_HRU1,39.0,-3.4,6.16,38.17,37.3,2.8,0.0,0.1,0.0,0.0,5.53,9.85,6.32,9.58,0.0,Historical,No-Till,True,DEMO / SYNTHETIC DATA (Plant-to-Watershed Simulator)
2020-02-01,2020,2,WS_Iowa_03,WS_Iowa_03_HRU2,39.4,-2.76,7.43,42.77,32.9,2.8,0.0,0.1,0.0,0.0,9.34,10.4,9.19,10.39,0.0,Historical,Baseline,True,DEMO / SYNTHETIC DATA (Plant-to-Watershed Simulator)
2020-02-01,2020,2,WS_Iowa_03,WS_Iowa_03_HRU2,39.4,-2.76,7.43,42.77,35.2,2.8,0.0,0.1,0.0,0.0,7.61,9.91,7.45,9.84,0.0,Historical,No-Till,True,DEMO / SYNTHETIC DATA (Plant-to-Watershed Simulator)
2020-02-01,2020,2,WS_Iowa_03,WS_Iowa_03_HRU3,17.3,-1.12,9.02,28.97,17.3,2.8,0.0,0.1,0.0,0.0,1.5,8.71,2.44,8.01,0.0,Historical,Baseline,True,DEMO / SYNTHETIC DATA (Plant-to-Watershed Simulator)
2020-02-01,2020,2,WS_Iowa_03,WS_Iowa_03_HRU3,17.3,-1.12,9.02,28.97,17.3,2.8,0.0,0.1,0.0,0.0,1.5,8.71,2.44,8.01,0.0,Historical,No-Till,True,DEMO / SYNTHETIC DATA (Plant-to-Watershed Simulator)
2020-02-01,2020,2,WS_Raccoon_02,WS_Raccoon_02_HRU1,31.4,-4.05,9.72,38.17,30.2,2.8,0.0,0.1,0.0,0.0,2.4,6.12,2.35,5.74,0.0,Historical,Baseline,True,DEMO / SYNTHETIC DATA (Plant-to-Watershed Simulator)
2020-02-01,2020,2,WS_Raccoon_02,WS_Raccoon_02_HRU1,31.4,-4.05,9.72,38.17,31.0,2.8,0.0,0.1,0.0,0.0,1.82,5.99,1.77,5.6,0.0,Historical,No-Till,True,DEMO / SYNTHETIC DATA (Plant-to-Watershed Simulator)
2020-02-01,2020,2,WS_Raccoon_02,WS_Raccoon_02_HRU2,105.0,-1.04,6.32,42.77,54.3,2.8,0.0,0.1,0.0,0.0,44.62,15.68,45.02,17.14,0.0,Historical,Baseline,True,DEMO / SYNTHETIC DATA (Plant-to-Watershed Simulator)
2020-02-01,2020,2,WS_Raccoon_02,WS_Raccoon_02_HRU2,105.0,-1.04,6.32,42.77,61.9,2.8,0.0,0.1,0.0,0.0,38.92,14.38,39.28,15.69,0.0,Historical,No-Till,True,DEMO / SYNTHETIC DATA (Plant-to-Watershed Simulator)
2020-02-01,2020,2,WS_Raccoon_02,WS_Raccoon_02_HRU3,45.1,-2.47,8.07,28.97,42.7,2.8,0.0,0.1,0.0,0.0,5.55,6.59,6.43,7.42,0.0,Historical,Baseline,True,DEMO / SYNTHETIC DATA (Plant-to-Watershed Simulator)
2020-02-01,2020,2,WS_Raccoon_02,WS_Raccoon_02_HRU3,45.1,-2.47,8.07,28.97,44.0,2.8,0.0,0.1,0.0,0.0,4.62,6.38,5.49,7.19,0.0,Historical,No-Till,True,DEMO / SYNTHETIC DATA (Plant-to-Watershed Simulator)
2020-03-01,2020,3,WS_Cedar_01,WS_Cedar_01_HRU1,55.1,1.63,9.39,32.87,45.8,18.7,0.0,0.1,0.0,0.0,10.53,6.77,9.21,5.23,0.0,Historical,Baseline,True,DEMO / SYNTHETIC DATA (Plant-to-Watershed Simulator)
2020-03-01,2020,3,WS_Cedar_01,WS_Cedar_01_HRU1,55.1,1.63,9.39,32.87,48.6,18.7,0.0,0.1,0.0,0.0,8.38,6.41,7.04,4.82,0.0,Historical,No-Till,True,DEMO / SYNTHETIC DATA (Plant-to-Watershed Simulator)
2020-03-01,2020,3,WS_Cedar_01,WS_Cedar_01_HRU2,51.2,5.24,10.16,35.47,38.7,24.7,0.0,0.1,0.0,0.0,13.39,6.66,14.02,6.81,0.0,Historical,Baseline,True,DEMO / SYNTHETIC DATA (Plant-to-Watershed Simulator)
2020-03-01,2020,3,WS_Cedar_01,WS_Cedar_01_HRU2,51.2,5.24,10.16,35.47,42.1,24.7,0.0,0.1,0.0,0.0,10.79,6.21,11.4,6.32,0.0,Historical,No-Till,True,DEMO / SYNTHETIC DATA (Plant-to-Watershed Simulator)
2020-03-01,2020,3,WS_Cedar_01,WS_Cedar_01_HRU3,30.2,2.13,9.97,23.23,30.1,20.0,0.0,0.1,0.0,0.0,1.5,3.62,1.48,4.12,0.0,Historical,Baseline,True,DEMO / SYNTHETIC DATA (Plant-to-Watershed Simulator)
2020-03-01,2020,3,WS_Cedar_01,WS_Cedar_01_HRU3,30.2,2.13,9.97,23.23,30.2,20.0,0.0,0.1,0.0,0.0,1.5,3.62,1.48,4.12,0.0,Historical,No-Till,True,DEMO / SYNTHETIC DATA (Plant-to-Watershed Simulator)
2020-03-01,2020,3,WS_Iowa_03,WS_Iowa_03_HRU1,30.1,2.2,8.74,32.8,29.1,18.9,0.0,0.1,0.0,0.0,4.49,9.14,5.31,8.54,0.0,Historical,Baseline,True,DEMO / SYNTHETIC DATA (Plant-to-Watershed Simulator)
2020-03-01,2020,3,WS_Iowa_03,WS_Iowa_03_HRU1,30.1,2.2,8.74,32.8,29.8,18.9,0.0,0.1,0.0,0.0,3.99,9.0,4.8,8.38,0.0,Historical,No-Till,True,DEMO / SYNTHETIC DATA (Plant-to-Watershed Simulator)
2020-03-01,2020,3,WS_Iowa_03,WS_Iowa_03_HRU2,91.9,2.61,9.02,37.13,51.6,19.7,0.0,0.1,0.0,0.0,36.08,18.06,36.81,18.8,0.0,Historical,Baseline,True,DEMO / SYNTHETIC DATA (Plant-to-Watershed Simulator)
2020-03-01,2020,3,WS_Iowa_03,WS_Iowa_03_HRU2,91.9,2.61,9.02,37.13,58.3,19.7,0.0,0.1,0.0,0.0,31.02,16.62,31.71,17.2,0.0,Historical,No-Till,True,DEMO / SYNTHETIC DATA (Plant-to-Watershed Simulator)
2020-03-01,2020,3,WS_Iowa_03,WS_Iowa_03_HRU3,19.5,-0.16,12.08,28.97,19.5,2.8,0.0,0.1,0.0,0.0,1.5,7.95,3.26,8.24,0.0,Historical,Baseline,True,DEMO / SYNTHETIC DATA (Plant-to-Watershed Simulator)
2020-03-01,2020,3,WS_Iowa_03,WS_Iowa_03_HRU3,19.5,-0.16,12.08,28.97,19.5,2.8,0.0,0.1,0.0,0.0,1.5,7.95,3.26,8.24,0.0,Historical,No-Till,True,DEMO / SYNTHETIC DATA (Plant-to-Watershed Simulator)
2020-03-01,2020,3,WS_Raccoon_02,WS_Raccoon_02_HRU1,43.1,1.91,10.35,32.43,38.6,20.0,0.0,0.1,0.0,0.0,5.35,6.9,5.22,7.13,0.0,Historical,Baseline,True,DEMO / SYNTHETIC DATA (Plant-to-Watershed Simulator)
2020-03-01,2020,3,WS_Raccoon_02,WS_Raccoon_02_HRU1,43.1,1.91,10.35,32.43,40.4,20.0,0.0,0.1,0.0,0.0,4.0,6.6,3.86,6.79,0.0,Historical,No-Till,True,DEMO / SYNTHETIC DATA (Plant-to-Watershed Simulator)
2020-03-01,2020,3,WS_Raccoon_02,WS_Raccoon_02_HRU2,14.5,2.86,10.51,36.53,14.5,21.5,0.0,0.1,0.0,0.0,1.5,6.46,1.6,5.88,0.0,Historical,Baseline,True,DEMO / SYNTHETIC DATA (Plant-to-Watershed Simulator)
2020-03-01,2020,3,WS_Raccoon_02,WS_Raccoon_02_HRU2,14.5,2.86,10.51,36.53,14.5,21.5,0.0,0.1,0.0,0.0,1.5,6.46,1.6,5.88,0.0,Historical,No-Till,True,DEMO / SYNTHETIC DATA (Plant-to-Watershed Simulator)
2020-03-01,2020,3,WS_Raccoon_02,WS_Raccoon_02_HRU3,31.7,2.56,11.96,22.4,31.5,22.5,0.0,0.1,0.0,0.0,3.33,6.57,2.97,6.23,0.0,Historical,Baseline,True,DEMO / SYNTHETIC DATA (Plant-to-Watershed Simulator)
2020-03-01,2020,3,WS_Raccoon_02,WS_Raccoon_02_HRU3,31.7,2.56,11.96,22.4,31.7,22.5,0.0,0.1,0.0,0.0,3.16,6.53,2.8,6.19,0.0,Historical,No-Till,True,DEMO / SYNTHETIC DATA (Plant-to-Watershed Simulator)
2020-04-01,2020,4,WS_Cedar_01,WS_Cedar_01_HRU1,38.4,10.75,15.1,27.43,35.4,35.0,0.0,0.1,0.0,0.0,5.11,5.34,5.06,4.86,0.0,Historical,Baseline,True,DEMO / SYNTHETIC DATA (Plant-to-Watershed Simulator)
2020-04-01,2020,4,WS_Cedar_01,WS_Cedar_01_HRU1,38.4,10.75,15.1,27.43,36.8,35.0,0.0,0.1,0.0,0.0,4.06,5.16,4.0,4.66,0.0,Historical,No-Till,True,DEMO / SYNTHETIC DATA (Plant-to-Watershed Simulator)
2020-04-01,2020,4,WS_Cedar_01,WS_Cedar_01_HRU2,54.2,10.91,15.04,32.03,39.9,35.0,0.0,0.1,0.0,0.0,14.12,6.6,13.49,6.95,0.0,Historical,Baseline,True,DEMO / SYNTHETIC DATA (Plant-to-Watershed Simulator)
2020-04-01,2020,4,WS_Cedar_01,WS_Cedar_01_HRU2,54.2,10.91,15.04,32.03,43.7,35.0,0.0,0.1,0.0,0.0,11.32,6.12,10.66,6.42,0.0,Historical,No-Till,True,DEMO / SYNTHETIC DATA (Plant-to-Watershed Simulator)
2020-04-01,2020,4,WS_Cedar_01,WS_Cedar_01_HRU3,49.1,10.65,14.18,18.23,45.7,35.0,0.0,0.1,0.0,0.0,7.44,4.48,7.71,4.89,0.0,Historical,Baseline,True,DEMO / SYNTHETIC DATA (Plant-to-Watershed Simulator)
2020-04-01,2020,4,WS_Cedar_01,WS_Cedar_01_HRU3,49.1,10.65,14.18,18.23,47.2,35.0,0.0,0.1,0.0,0.0,6.27,4.28,6.54,4.67,0.0,Historical,No-Till,True,DEMO / SYNTHETIC DATA (Plant-to-Watershed Simulator)
2020-04-01,2020,4,WS_Iowa_03,WS_Iowa_03_HRU1,24.3,12.68,14.92,27.43,24.1,35.0,0.0,0.1,0.0,0.0,1.5,8.06,1.99,7.84,0.0,Historical,Baseline,True,DEMO / SYNTHETIC DATA (Plant-to-Watershed Simulator)
2020-04-01,2020,4,WS_Iowa_03,WS_Iowa_03_HRU1,24.3,12.68,14.92,27.43,24.3,35.0,0.0,0.1,0.0,0.0,1.5,8.06,1.99,7.84,0.0,Historical,No-Till,True,DEMO / SYNTHETIC DATA (Plant-to-Watershed Simulator)
2020-04-01,2020,4,WS_Iowa_03,WS_Iowa_03_HRU2,75.6,10.5,13.09,32.03,47.4,35.0,0.0,0.1,0.0,0.0,26.43,14.77,26.64,15.65,0.0,Historical,Baseline,True,DEMO / SYNTHETIC DATA (Plant-to-Watershed Simulator)
2020-04-01,2020,4,WS_Iowa_03,WS_Iowa_03_HRU2,75.6,10.5,13.09,32.03,52.9,35.0,0.0,0.1,0.0,0.0,22.27,13.59,22.45,14.33,0.0,Historical,No-Till,True,DEMO / SYNTHETIC DATA (Plant-to-Watershed Simulator)
2020-04-01,2020,4,WS_Iowa_03,WS_Iowa_03_HRU3,35.6,8.82,14.94,18.4,35.0,34.5,0.0,0.1,0.0,0.0,5.29,9.54,5.58,8.92,0.0,Historical,Baseline,True,DEMO / SYNTHETIC DATA (Plant-to-Watershed Simulator)
2020-04-01,2020,4,WS_Iowa_03,WS_Iowa_03_HRU3,35.6,8.82,14.94,18.4,35.5,34.5,0.0,0.1,0.0,0.0,4.91,9.43,5.19,8.8,0.0,Historical,No-Till,True,DEMO / SYNTHETIC DATA (Plant-to-Watershed Simulator)
2020-04-01,2020,4,WS_Raccoon_02,WS_Raccoon_02_HRU1,14.0,10.52,15.27,25.43,14.0,35.0,0.0,0.1,0.0,0.0,1.95,5.74,2.89,6.3,0.0,Historical,Baseline,True,DEMO / SYNTHETIC DATA (Plant-to-Watershed Simulator)
2020-04-01,2020,4,WS_Raccoon_02,WS_Raccoon_02_HRU1,14.0,10.52,15.27,25.43,14.0,35.0,0.0,0.1,0.0,0.0,1.95,5.74,2.89,6.3,0.0,Historical,No-Till,True,DEMO / SYNTHETIC DATA (Plant-to-Watershed Simulator)
2020-04-01,2020,4,WS_Raccoon_02,WS_Raccoon_02_HRU2,5.0,9.64,15.17,27.73,5.0,31.4,0.0,0.1,0.0,0.0,1.5,6.42,1.82,5.73,0.0,Historical,Baseline,True,DEMO / SYNTHETIC DATA (Plant-to-Watershed Simulator)
2020-04-01,2020,4,WS_Raccoon_02,WS_Raccoon_02_HRU2,5.0,9.64,15.17,27.73,5.0,31.4,0.0,0.1,0.0,0.0,1.5,6.42,1.82,5.73,0.0,Historical,No-Till,True,DEMO / SYNTHETIC DATA (Plant-to-Watershed Simulator)
2020-04-01,2020,4,WS_Raccoon_02,WS_Raccoon_02_HRU3,40.8,5.74,14.41,20.07,39.3,29.5,0.0,0.1,0.0,0.0,4.26,7.41,4.28,6.3,0.0,Historical,Baseline,True,DEMO / SYNTHETIC DATA (Plant-to-Watershed Simulator)
2020-04-01,2020,4,WS_Raccoon_02,WS_Raccoon_02_HRU3,40.8,5.74,14.41,20.07,40.2,29.5,0.0,0.1,0.0,0.0,3.58,7.25,3.59,6.13,0.0,Historical,No-Till,True,DEMO / SYNTHETIC DATA (Plant-to-Watershed Simulator)
2020-05-01,2020,5,WS_Cedar_01,WS_Cedar_01_HRU1,54.4,17.88,18.73,25.57,45.4,40.6,0.1,0.2,5.6,0.0,12.34,5.23,11.98,5.98,0.0,Historical,Baseline,True,DEMO / SYNTHETIC DATA (Plant-to-Watershed Simulator)
2020-05-01,2020,5,WS_Cedar_01,WS_Cedar_01_HRU1,54.4,17.88,18.73,25.57,48.2,40.6,0.1,0.2,5.6,0.0,10.24,4.87,9.86,5.58,0.0,Historical,No-Till,True,DEMO / SYNTHETIC DATA (Plant-to-Watershed Simulator)
2020-05-01,2020,5,WS_Cedar_01,WS_Cedar_01_HRU2,58.3,18.7,19.47,30.1,41.6,40.8,0.1,0.2,5.8,0.0,18.77,6.82,17.41,7.29,0.0,Historical,Baseline,True,DEMO / SYNTHETIC DATA (Plant-to-Watershed Simulator)
2020-05-01,2020,5,WS_Cedar_01,WS_Cedar_01_HRU2,58.3,18.7,19.47,30.1,45.7,40.8,0.1,0.2,5.8,0.0,15.69,6.29,14.29,6.7,0.0,Historical,No-Till,True,DEMO / SYNTHETIC DATA (Plant-to-Watershed Simulator)
2020-05-01,2020,5,WS_Cedar_01,WS_Cedar_01_HRU3,71.6,19.6,18.11,16.3,59.9,40.8,0.1,0.2,5.8,0.0,14.28,5.83,14.72,6.75,0.0,Historical,Baseline,True,DEMO / SYNTHETIC DATA (Plant-to-Watershed Simulator)
2020-05-01,2020,5,WS_Cedar_01,WS_Cedar_01_HRU3,71.6,19.6,18.11,16.3,63.3,40.8,0.1,0.2,5.8,0.0,11.76,5.39,12.17,6.26,0.0,Historical,No-Till,True,DEMO / SYNTHETIC DATA (Plant-to-Watershed Simulator)
2020-05-01,2020,5,WS_Iowa_03,WS_Iowa_03_HRU1,38.9,19.66,19.22,25.43,35.8,41.0,0.1,0.2,6.0,0.0,5.14,9.87,4.84,8.61,0.0,Historical,Baseline,True,DEMO / SYNTHETIC DATA (Plant-to-Watershed Simulator)
2020-05-01,2020,5,WS_Iowa_03,WS_Iowa_03_HRU1,38.9,19.66,19.22,25.43,37.2,41.0,0.1,0.2,6.0,0.0,4.06,9.56,3.75,8.27,0.0,Historical,No-Till,True,DEMO / SYNTHETIC DATA (Plant-to-Watershed Simulator)
2020-05-01,2020,5,WS_Iowa_03,WS_Iowa_03_HRU2,108.9,16.57,17.53,30.27,55.1,40.3,0.1,0.2,5.3,0.0,50.18,22.2,48.88,22.73,0.0,Historical,Baseline,True,DEMO / SYNTHETIC DATA (Plant-to-Watershed Simulator)
2020-05-01,2020,5,WS_Iowa_03,WS_Iowa_03_HRU2,108.9,16.57,17.53,30.27,62.9,40.3,0.1,0.2,5.3,0.0,44.31,20.52,42.95,20.86,0.0,Historical,No-Till,True,DEMO / SYNTHETIC DATA (Plant-to-Watershed Simulator)
2020-05-01,2020,5,WS_Iowa_03,WS_Iowa_03_HRU3,97.8,20.39,18.94,16.23,72.5,41.0,0.1,0.2,6.0,0.0,25.71,14.53,25.17,15.02,0.0,Historical,Baseline,True,DEMO / SYNTHETIC DATA (Plant-to-Watershed Simulator)
2020-05-01,2020,5,WS_Iowa_03,WS_Iowa_03_HRU3,97.8,20.39,18.94,16.23,77.8,41.0,0.1,0.2,6.0,0.0,21.7,13.39,21.12,13.74,0.0,Historical,No-Till,True,DEMO / SYNTHETIC DATA (Plant-to-Watershed Simulator)
2020-05-01,2020,5,WS_Raccoon_02,WS_Raccoon_02_HRU1,47.2,20.95,21.43,25.3,41.2,41.4,0.1,0.2,6.4,0.0,8.58,7.82,8.82,7.66,0.0,Historical,Baseline,True,DEMO / SYNTHETIC DATA (Plant-to-Watershed Simulator)
2020-05-01,2020,5,WS_Raccoon_02,WS_Raccoon_02_HRU1,47.2,20.95,21.43,25.3,43.4,41.4,0.1,0.2,6.4,0.0,6.95,7.45,7.17,7.25,0.0,Historical,No-Till,True,DEMO / SYNTHETIC DATA (Plant-to-Watershed Simulator)
2020-05-01,2020,5,WS_Raccoon_02,WS_Raccoon_02_HRU2,57.4,15.64,20.45,28.0,41.2,40.4,0.1,0.2,5.4,0.0,17.41,10.08,17.23,9.75,0.0,Historical,Baseline,True,DEMO / SYNTHETIC DATA (Plant-to-Watershed Simulator)
2020-05-01,2020,5,WS_Raccoon_02,WS_Raccoon_02_HRU2,57.4,15.64,20.45,29.37,45.3,40.4,0.1,0.2,5.4,0.0,14.39,9.39,14.17,8.98,0.0,Historical,No-Till,True,DEMO / SYNTHETIC DATA (Plant-to-Watershed Simulator)
2020-05-01,2020,5,WS_Raccoon_02,WS_Raccoon_02_HRU3,66.7,18.7,18.3,16.33,57.1,40.7,0.1,0.2,5.7,0.0,10.89,8.56,10.5,8.3,0.0,Historical,Baseline,True,DEMO / SYNTHETIC DATA (Plant-to-Watershed Simulator)
2020-05-01,2020,5,WS_Raccoon_02,WS_Raccoon_02_HRU3,66.7,18.7,18.3,16.33,60.1,40.7,0.1,0.2,5.7,0.0,8.66,8.06,8.24,7.74,0.0,Historical,No-Till,True,DEMO / SYNTHETIC DATA (Plant-to-Watershed Simulator)
2020-06-01,2020,6,WS_Cedar_01,WS_Cedar_01_HRU1,84.2,25.78,23.92,9.8,58.8,113.9,1.72,0.5,78.9,0.039,25.84,9.09,22.18,7.93,0.0,Historical,Baseline,True,DEMO / SYNTHETIC DATA (Plant-to-Watershed Simulator)
2020-06-01,2020,6,WS_Cedar_01,WS_Cedar_01_HRU1,84.2,25.78,23.92,9.8,64.0,113.9,1.72,0.5,78.9,0.039,21.92,8.42,18.44,7.22,0.0,Historical,No-Till,True,DEMO / SYNTHETIC DATA (Plant-to-Watershed Simulator)
2020-06-01,2020,6,WS_Cedar_01,WS_Cedar_01_HRU2,75.3,26.09,21.84,14.0,47.3,119.4,2.18,0.5,84.4,0.072,28.24,8.53,23.03,8.6,0.0,Historical,Baseline,True,DEMO / SYNTHETIC DATA (Plant-to-Watershed Simulator)
2020-06-01,2020,6,WS_Cedar_01,WS_Cedar_01_HRU2,75.3,26.09,21.84,14.0,52.8,119.4,2.18,0.5,84.4,0.072,24.09,7.82,19.16,7.87,0.0,Historical,No-Till,True,DEMO / SYNTHETIC DATA (Plant-to-Watershed Simulator)
2020-06-01,2020,6,WS_Cedar_01,WS_Cedar_01_HRU3,61.2,28.31,23.51,6.3,53.8,120.5,1.97,0.5,85.5,0.078,10.29,6.36,6.89,5.1,0.0,Historical,Baseline,True,DEMO / SYNTHETIC DATA (Plant-to-Watershed Simulator)
2020-06-01,2020,6,WS_Cedar_01,WS_Cedar_01_HRU3,61.2,28.31,23.51,6.3,56.3,120.5,1.97,0.5,85.5,0.078,8.39,6.04,5.1,4.76,0.0,Historical,No-Till,True,DEMO / SYNTHETIC DATA (Plant-to-Watershed Simulator)
2020-06-01,2020,6,WS_Iowa_03,WS_Iowa_03_HRU1,76.2,24.86,22.47,9.8,55.7,116.1,1.95,0.5,81.1,0.039,20.31,12.61,16.38,12.44,0.0,Historical,Baseline,True,DEMO / SYNTHETIC DATA (Plant-to-Watershed Simulator)
2020-06-01,2020,6,WS_Iowa_03,WS_Iowa_03_HRU1,76.2,24.86,22.47,9.8,60.3,116.1,1.95,0.5,81.1,0.039,16.86,11.62,13.13,11.41,0.0,Historical,No-Till,True,DEMO / SYNTHETIC DATA (Plant-to-Watershed Simulator)
2020-06-01,2020,6,WS_Iowa_03,WS_Iowa_03_HRU2,191.5,24.48,21.12,14.0,65.3,115.4,2.06,0.5,80.4,0.047,107.77,38.45,95.27,37.03,0.0,Historical,Baseline,True,DEMO / SYNTHETIC DATA (Plant-to-Watershed Simulator)
2020-06-01,2020,6,WS_Iowa_03,WS_Iowa_03_HRU2,191.5,24.48,21.12,14.0,76.8,115.4,2.06,0.5,80.4,0.047,99.18,36.0,87.22,34.49,0.0,Historical,No-Till,True,DEMO / SYNTHETIC DATA (Plant-to-Watershed Simulator)
2020-06-01,2020,6,WS_Iowa_03,WS_Iowa_03_HRU3,67.4,23.08,22.71,6.3,57.5,117.1,2.2,0.5,82.1,0.05,12.71,10.85,9.57,10.59,0.0,Historical,Baseline,True,DEMO / SYNTHETIC DATA (Plant-to-Watershed Simulator)
2020-06-01,2020,6,WS_Iowa_03,WS_Iowa_03_HRU3,67.4,23.08,22.71,6.3,60.5,117.1,2.2,0.5,82.1,0.05,10.44,10.2,7.45,9.92,0.0,Historical,No-Till,True,DEMO / SYNTHETIC DATA (Plant-to-Watershed Simulator)
2020-06-01,2020,6,WS_Raccoon_02,WS_Raccoon_02_HRU1,137.9,26.1,22.11,9.8,73.6,114.6,1.99,0.5,79.6,0.087,56.95,18.84,48.22,17.89,0.0,Historical,Baseline,True,DEMO / SYNTHETIC DATA (Plant-to-Watershed Simulator)
2020-06-01,2020,6,WS_Raccoon_02,WS_Raccoon_02_HRU1,137.9,26.1,22.11,9.8,82.3,114.6,1.99,0.5,79.6,0.087,50.43,17.36,42.08,16.34,0.0,Historical,No-Till,True,DEMO / SYNTHETIC DATA (Plant-to-Watershed Simulator)
2020-06-01,2020,6,WS_Raccoon_02,WS_Raccoon_02_HRU2,90.1,26.0,21.68,14.0,51.2,123.1,2.24,0.5,88.1,0.04,38.01,13.9,32.74,13.54,0.0,Historical,Baseline,True,DEMO / SYNTHETIC DATA (Plant-to-Watershed Simulator)
2020-06-01,2020,6,WS_Raccoon_02,WS_Raccoon_02_HRU2,90.1,26.0,21.68,14.0,57.8,123.1,2.24,0.5,88.1,0.04,33.04,12.77,28.12,12.38,0.0,Historical,No-Till,True,DEMO / SYNTHETIC DATA (Plant-to-Watershed Simulator)
2020-06-01,2020,6,WS_Raccoon_02,WS_Raccoon_02_HRU3,118.6,24.36,21.7,6.3,80.3,110.5,2.06,0.5,75.5,0.11,40.62,15.0,33.74,14.19,0.0,Historical,Baseline,True,DEMO / SYNTHETIC DATA (Plant-to-Watershed Simulator)
2020-06-01,2020,6,WS_Raccoon_02,WS_Raccoon_02_HRU3,118.6,24.36,21.7,6.3,87.1,110.5,2.06,0.5,75.5,0.11,35.52,13.83,28.96,12.98,0.0,Historical,No-Till,True,DEMO / SYNTHETIC DATA (Plant-to-Watershed Simulator)
2020-07-01,2020,7,WS_Cedar_01,WS_Cedar_01_HRU1,24.5,27.74,22.44,9.8,24.3,70.5,4.79,0.9,38.9,0.683,2.81,4.13,0.7,4.09,0.0,Historical,Baseline,True,DEMO / SYNTHETIC DATA (Plant-to-Watershed Simulator)
2020-07-01,2020,7,WS_Cedar_01,WS_Cedar_01_HRU1,24.5,27.74,22.44,9.8,24.5,71.4,4.79,0.9,39.6,0.678,2.64,4.1,0.56,4.06,0.0,Historical,No-Till,True,DEMO / SYNTHETIC DATA (Plant-to-Watershed Simulator)
2020-07-01,2020,7,WS_Cedar_01,WS_Cedar_01_HRU2,92.2,26.02,24.27,14.0,51.6,153.3,4.93,0.9,118.3,0.032,37.84,11.05,27.94,9.3,0.0,Historical,Baseline,True,DEMO / SYNTHETIC DATA (Plant-to-Watershed Simulator)
2020-07-01,2020,7,WS_Cedar_01,WS_Cedar_01_HRU2,92.2,26.02,24.27,14.0,58.4,153.3,4.93,0.9,118.3,0.032,32.77,10.19,23.64,8.49,0.0,Historical,No-Till,True,DEMO / SYNTHETIC DATA (Plant-to-Watershed Simulator)
2020-07-01,2020,7,WS_Cedar_01,WS_Cedar_01_HRU3,126.7,24.62,23.06,6.3,83.0,145.2,4.82,0.9,110.2,0.05,43.75,11.99,29.64,9.26,0.0,Historical,Baseline,True,DEMO / SYNTHETIC DATA (Plant-to-Watershed Simulator)
2020-07-01,2020,7,WS_Cedar_01,WS_Cedar_01_HRU3,126.7,24.62,23.06,6.3,90.4,145.2,4.82,0.9,110.2,0.05,38.25,11.05,24.96,8.37,0.0,Historical,No-Till,True,DEMO / SYNTHETIC DATA (Plant-to-Watershed Simulator)
2020-07-01,2020,7,WS_Iowa_03,WS_Iowa_03_HRU1,106.3,24.48,24.51,9.8,65.9,151.1,5.06,0.9,116.1,0.025,40.28,18.93,28.93,16.99,0.0,Historical,Baseline,True,DEMO / SYNTHETIC DATA (Plant-to-Watershed Simulator)
2020-07-01,2020,7,WS_Iowa_03,WS_Iowa_03_HRU1,106.3,24.48,24.51,9.8,72.7,151.1,5.06,0.9,116.1,0.025,35.18,17.47,24.61,15.63,0.0,Historical,No-Till,True,DEMO / SYNTHETIC DATA (Plant-to-Watershed Simulator)
2020-07-01,2020,7,WS_Iowa_03,WS_Iowa_03_HRU2,209.3,24.57,23.22,14.0,66.7,144.6,4.83,0.9,109.6,0.057,121.7,42.51,90.98,35.45,0.0,Historical,Baseline,True,DEMO / SYNTHETIC DATA (Plant-to-Watershed Simulator)
2020-07-01,2020,7,WS_Iowa_03,WS_Iowa_03_HRU2,209.3,24.57,23.22,14.0,78.7,144.6,4.83,0.9,109.6,0.057,112.7,39.95,83.34,33.05,0.0,Historical,No-Till,True,DEMO / SYNTHETIC DATA (Plant-to-Watershed Simulator)
2020-07-01,2020,7,WS_Iowa_03,WS_Iowa_03_HRU3,168.2,28.06,24.62,6.3,94.3,149.3,4.86,0.9,114.3,0.105,68.8,27.47,48.46,23.22,0.0,Historical,Baseline,True,DEMO / SYNTHETIC DATA (Plant-to-Watershed Simulator)
2020-07-01,2020,7,WS_Iowa_03,WS_Iowa_03_HRU3,168.2,28.06,24.62,6.3,104.0,149.3,4.86,0.9,114.3,0.105,61.49,25.38,42.26,21.27,0.0,Historical,No-Till,True,DEMO / SYNTHETIC DATA (Plant-to-Watershed Simulator)
2020-07-01,2020,7,WS_Raccoon_02,WS_Raccoon_02_HRU1,130.2,26.36,25.07,9.8,71.9,146.7,4.57,0.9,111.7,0.09,53.57,18.04,37.89,15.44,0.0,Historical,Baseline,True,DEMO / SYNTHETIC DATA (Plant-to-Watershed Simulator)
2020-07-01,2020,7,WS_Raccoon_02,WS_Raccoon_02_HRU1,130.2,26.36,25.07,9.8,80.2,146.7,4.57,0.9,111.7,0.09,47.37,16.63,32.62,14.11,0.0,Historical,No-Till,True,DEMO / SYNTHETIC DATA (Plant-to-Watershed Simulator)
2020-07-01,2020,7,WS_Raccoon_02,WS_Raccoon_02_HRU2,117.9,24.38,23.36,14.0,56.7,148.9,5.0,0.9,113.9,0.023,52.24,17.73,38.4,14.88,0.0,Historical,Baseline,True,DEMO / SYNTHETIC DATA (Plant-to-Watershed Simulator)
2020-07-01,2020,7,WS_Raccoon_02,WS_Raccoon_02_HRU2,117.9,24.38,23.36,14.0,65.0,148.9,5.0,0.9,113.9,0.023,45.99,16.31,33.1,13.55,0.0,Historical,No-Till,True,DEMO / SYNTHETIC DATA (Plant-to-Watershed Simulator)
2020-07-01,2020,7,WS_Raccoon_02,WS_Raccoon_02_HRU3,128.5,25.94,22.71,6.3,83.6,142.2,4.53,0.9,107.2,0.088,43.16,15.93,28.6,12.92,0.0,Historical,Baseline,True,DEMO / SYNTHETIC DATA (Plant-to-Watershed Simulator)
2020-07-01,2020,7,WS_Raccoon_02,WS_Raccoon_02_HRU3,128.5,25.94,22.71,6.3,91.0,142.2,4.53,0.9,107.2,0.088,37.58,14.66,23.87,11.73,0.0,Historical,No-Till,True,DEMO / SYNTHETIC DATA (Plant-to-Watershed Simulator)
2020-08-01,2020,8,WS_Cedar_01,WS_Cedar_01_HRU1,153.4,26.23,22.46,9.8,76.6,150.6,4.68,1.2,115.6,0.025,70.9,15.78,50.09,13.12,0.0,Historical,Baseline,True,DEMO / SYNTHETIC DATA (Plant-to-Watershed Simulator)
2020-08-01,2020,8,WS_Cedar_01,WS_Cedar_01_HRU1,153.4,26.23,22.46,9.8,86.1,150.6,4.68,1.2,115.6,0.025,63.77,14.56,43.88,11.95,0.0,Historical,No-Till,True,DEMO / SYNTHETIC DATA (Plant-to-Watershed Simulator)
2020-08-01,2020,8,WS_Cedar_01,WS_Cedar_01_HRU2,59.4,25.25,22.79,14.0,42.0,132.5,4.59,1.2,97.5,0.161,20.27,7.02,12.8,6.14,0.0,Historical,Baseline,True,DEMO / SYNTHETIC DATA (Plant-to-Watershed Simulator)
2020-08-01,2020,8,WS_Cedar_01,WS_Cedar_01_HRU2,59.4,25.25,22.79,14.0,46.2,147.6,4.59,1.2,112.6,0.031,17.12,6.49,10.05,5.62,0.0,Historical,No-Till,True,DEMO / SYNTHETIC DATA (Plant-to-Watershed Simulator)
2020-08-01,2020,8,WS_Cedar_01,WS_Cedar_01_HRU3,158.3,25.79,23.25,6.3,91.9,145.7,4.48,1.2,110.7,0.06,61.85,14.54,42.21,11.63,0.0,Historical,Baseline,True,DEMO / SYNTHETIC DATA (Plant-to-Watershed Simulator)
2020-08-01,2020,8,WS_Cedar_01,WS_Cedar_01_HRU3,158.3,25.79,23.25,6.3,101.1,145.7,4.48,1.2,110.7,0.06,54.94,13.36,36.18,10.49,0.0,Historical,No-Till,True,DEMO / SYNTHETIC DATA (Plant-to-Watershed Simulator)
2020-08-01,2020,8,WS_Iowa_03,WS_Iowa_03_HRU1,38.3,24.01,23.5,9.8,35.4,105.3,4.64,1.2,70.3,0.386,6.61,8.79,2.97,8.07,0.0,Historical,Baseline,True,DEMO / SYNTHETIC DATA (Plant-to-Watershed Simulator)
2020-08-01,2020,8,WS_Iowa_03,WS_Iowa_03_HRU1,38.3,24.01,23.5,9.8,36.8,109.7,4.64,1.2,74.7,0.347,5.57,8.49,2.07,7.79,0.0,Historical,No-Till,True,DEMO / SYNTHETIC DATA (Plant-to-Watershed Simulator)
2020-08-01,2020,8,WS_Iowa_03,WS_Iowa_03_HRU2,85.8,21.85,21.14,14.0,50.1,139.4,4.53,1.2,104.4,0.0,33.8,17.1,22.12,14.1,0.0,Historical,Baseline,True,DEMO / SYNTHETIC DATA (Plant-to-Watershed Simulator)
2020-08-01,2020,8,WS_Iowa_03,WS_Iowa_03_HRU2,85.8,21.85,21.14,14.0,56.4,138.4,4.53,1.2,103.4,0.01,29.06,15.75,17.99,12.8,0.0,Historical,No-Till,True,DEMO / SYNTHETIC DATA (Plant-to-Watershed Simulator)
2020-08-01,2020,8,WS_Iowa_03,WS_Iowa_03_HRU3,96.8,27.33,23.36,6.3,72.0,153.4,4.78,1.2,118.4,0.04,26.23,15.25,14.32,11.99,0.0,Historical,Baseline,True,DEMO / SYNTHETIC DATA (Plant-to-Watershed Simulator)
2020-08-01,2020,8,WS_Iowa_03,WS_Iowa_03_HRU3,96.8,27.33,23.36,6.3,77.3,153.4,4.78,1.2,118.4,0.04,22.27,14.12,10.87,10.91,0.0,Historical,No-Till,True,DEMO / SYNTHETIC DATA (Plant-to-Watershed Simulator)
2020-08-01,2020,8,WS_Raccoon_02,WS_Raccoon_02_HRU1,120.3,25.99,20.98,9.8,69.6,151.0,4.82,1.2,116.0,0.0,46.27,16.24,31.14,12.99,0.0,Historical,Baseline,True,DEMO / SYNTHETIC DATA (Plant-to-Watershed Simulator)
2020-08-01,2020,8,WS_Raccoon_02,WS_Raccoon_02_HRU1,120.3,25.99,20.98,9.8,77.3,151.0,4.82,1.2,116.0,0.0,40.5,14.92,26.11,11.73,0.0,Historical,No-Till,True,DEMO / SYNTHETIC DATA (Plant-to-Watershed Simulator)
2020-08-01,2020,8,WS_Raccoon_02,WS_Raccoon_02_HRU2,53.0,25.63,22.19,14.0,39.4,109.8,4.89,1.2,74.8,0.363,12.99,8.83,7.83,7.94,0.0,Historical,Baseline,True,DEMO / SYNTHETIC DATA (Plant-to-Watershed Simulator)
2020-08-01,2020,8,WS_Raccoon_02,WS_Raccoon_02_HRU2,53.0,25.63,22.19,14.0,43.1,123.3,4.89,1.2,88.3,0.248,10.27,8.21,5.46,7.34,0.0,Historical,No-Till,True,DEMO / SYNTHETIC DATA (Plant-to-Watershed Simulator)
2020-08-01,2020,8,WS_Raccoon_02,WS_Raccoon_02_HRU3,116.8,25.36,22.67,6.3,79.7,147.4,4.9,1.2,112.4,0.044,35.92,14.19,22.05,10.95,0.0,Historical,Baseline,True,DEMO / SYNTHETIC DATA (Plant-to-Watershed Simulator)
2020-08-01,2020,8,WS_Raccoon_02,WS_Raccoon_02_HRU3,116.8,25.36,22.67,6.3,86.4,147.4,4.9,1.2,112.4,0.044,30.91,13.05,17.68,9.84,0.0,Historical,No-Till,True,DEMO / SYNTHETIC DATA (Plant-to-Watershed Simulator)
2020-09-01,2020,9,WS_Cedar_01,WS_Cedar_01_HRU1,84.2,19.22,20.79,9.8,58.8,103.7,1.93,1.33,68.7,0.037,25.16,8.69,18.9,7.79,0.0,Historical,Baseline,True,DEMO / SYNTHETIC DATA (Plant-to-Watershed Simulator)
2020-09-01,2020,9,WS_Cedar_01,WS_Cedar_01_HRU1,84.2,19.22,20.79,9.8,64.0,103.7,1.93,1.33,68.7,0.037,21.24,8.02,14.96,7.04,0.0,Historical,No-Till,True,DEMO / SYNTHETIC DATA (Plant-to-Watershed Simulator)
2020-09-01,2020,9,WS_Cedar_01,WS_Cedar_01_HRU2,105.8,18.96,19.61,14.0,54.5,101.0,2.04,1.33,66.0,0.075,45.96,12.34,37.15,11.09,0.0,Historical,Baseline,True,DEMO / SYNTHETIC DATA (Plant-to-Watershed Simulator)
2020-09-01,2020,9,WS_Cedar_01,WS_Cedar_01_HRU2,105.8,18.96,19.61,14.0,62.1,101.0,2.04,1.33,66.0,0.075,40.23,11.36,31.41,10.0,0.0,Historical,No-Till,True,DEMO / SYNTHETIC DATA (Plant-to-Watershed Simulator)
2020-09-01,2020,9,WS_Cedar_01,WS_Cedar_01_HRU3,72.3,17.49,18.37,6.3,60.3,97.2,1.84,1.33,62.2,0.019,13.9,6.86,8.56,5.34,0.0,Historical,Baseline,True,DEMO / SYNTHETIC DATA (Plant-to-Watershed Simulator)
2020-09-01,2020,9,WS_Cedar_01,WS_Cedar_01_HRU3,72.3,17.49,18.37,6.3,63.7,97.2,1.84,1.33,62.2,0.019,11.34,6.43,5.97,4.85,0.0,Historical,No-Till,True,DEMO / SYNTHETIC DATA (Plant-to-Watershed Simulator)
2020-09-01,2020,9,WS_Iowa_03,WS_Iowa_03_HRU1,89.5,18.67,19.83,9.8,60.6,97.6,1.95,1.33,62.6,0.099,28.07,15.53,21.25,13.94,0.0,Historical,Baseline,True,DEMO / SYNTHETIC DATA (Plant-to-Watershed Simulator)
2020-09-01,2020,9,WS_Iowa_03,WS_Iowa_03_HRU1,89.5,18.67,19.83,9.8,66.3,97.6,1.95,1.33,62.6,0.099,23.85,14.33,17.0,12.6,0.0,Historical,No-Till,True,DEMO / SYNTHETIC DATA (Plant-to-Watershed Simulator)
2020-09-01,2020,9,WS_Iowa_03,WS_Iowa_03_HRU2,92.5,19.26,20.4,14.0,51.7,101.6,1.79,1.33,66.6,0.021,37.05,17.98,29.52,16.53,0.0,Historical,Baseline,True,DEMO / SYNTHETIC DATA (Plant-to-Watershed Simulator)
2020-09-01,2020,9,WS_Iowa_03,WS_Iowa_03_HRU2,92.5,19.26,20.4,14.0,58.5,101.6,1.79,1.33,66.6,0.021,31.96,16.53,24.36,14.9,0.0,Historical,No-Till,True,DEMO / SYNTHETIC DATA (Plant-to-Watershed Simulator)
2020-09-01,2020,9,WS_Iowa_03,WS_Iowa_03_HRU3,90.4,22.14,18.91,6.3,69.3,109.9,2.13,1.33,74.9,0.043,24.82,14.39,16.34,12.35,0.0,Historical,Baseline,True,DEMO / SYNTHETIC DATA (Plant-to-Watershed Simulator)
2020-09-01,2020,9,WS_Iowa_03,WS_Iowa_03_HRU3,90.4,22.14,18.91,6.3,74.1,109.9,2.13,1.33,74.9,0.043,21.21,13.36,12.74,11.21,0.0,Historical,No-Till,True,DEMO / SYNTHETIC DATA (Plant-to-Watershed Simulator)
2020-09-01,2020,9,WS_Raccoon_02,WS_Raccoon_02_HRU1,80.8,19.08,18.24,9.8,57.5,102.3,1.96,1.33,67.3,0.016,24.36,11.2,17.35,9.7,0.0,Historical,Baseline,True,DEMO / SYNTHETIC DATA (Plant-to-Watershed Simulator)
2020-09-01,2020,9,WS_Raccoon_02,WS_Raccoon_02_HRU1,80.8,19.08,18.24,9.8,62.5,102.3,1.96,1.33,67.3,0.016,20.64,10.36,13.61,8.76,0.0,Historical,No-Till,True,DEMO / SYNTHETIC DATA (Plant-to-Watershed Simulator)
2020-09-01,2020,9,WS_Raccoon_02,WS_Raccoon_02_HRU2,103.2,19.83,17.02,14.0,54.0,103.9,2.13,1.33,68.9,0.033,45.4,16.55,36.24,14.15,0.0,Historical,Baseline,True,DEMO / SYNTHETIC DATA (Plant-to-Watershed Simulator)
2020-09-01,2020,9,WS_Raccoon_02,WS_Raccoon_02_HRU2,103.2,19.83,17.02,14.0,61.5,103.9,2.13,1.33,68.9,0.033,39.79,15.28,30.64,12.74,0.0,Historical,No-Till,True,DEMO / SYNTHETIC DATA (Plant-to-Watershed Simulator)
2020-09-01,2020,9,WS_Raccoon_02,WS_Raccoon_02_HRU3,134.4,18.9,19.28,6.3,85.4,103.0,2.09,1.33,68.0,0.051,44.71,16.31,33.64,14.35,0.0,Historical,Baseline,True,DEMO / SYNTHETIC DATA (Plant-to-Watershed Simulator)
2020-09-01,2020,9,WS_Raccoon_02,WS_Raccoon_02_HRU3,134.4,18.9,19.28,6.3,93.2,103.0,2.09,1.33,68.0,0.051,38.85,14.97,27.78,12.87,0.0,Historical,No-Till,True,DEMO / SYNTHETIC DATA (Plant-to-Watershed Simulator)
2020-10-01,2020,10,WS_Cedar_01,WS_Cedar_01_HRU1,13.5,12.01,15.34,9.8,13.5,18.7,0.1,1.38,4.3,0.0,2.88,4.75,1.77,4.22,12.12,Historical,Baseline,True,DEMO / SYNTHETIC DATA (Plant-to-Watershed Simulator)
2020-10-01,2020,10,WS_Cedar_01,WS_Cedar_01_HRU1,13.5,12.01,15.34,9.8,13.5,18.7,0.1,1.38,4.3,0.0,2.88,4.75,1.77,4.22,12.12,Historical,No-Till,True,DEMO / SYNTHETIC DATA (Plant-to-Watershed Simulator)
2020-10-01,2020,10,WS_Cedar_01,WS_Cedar_01_HRU2,20.2,11.6,15.6,14.0,19.8,22.7,0.1,1.38,4.3,0.0,1.5,4.05,0.5,4.27,12.81,Historical,Baseline,True,DEMO / SYNTHETIC DATA (Plant-to-Watershed Simulator)
2020-10-01,2020,10,WS_Cedar_01,WS_Cedar_01_HRU2,20.2,11.6,15.6,14.0,20.1,22.8,0.1,1.38,4.3,0.0,1.5,4.05,0.5,4.27,12.81,Historical,No-Till,True,DEMO / SYNTHETIC DATA (Plant-to-Watershed Simulator)
2020-10-01,2020,10,WS_Cedar_01,WS_Cedar_01_HRU3,19.9,12.2,13.56,6.3,19.9,20.6,0.1,1.38,4.2,0.0,2.15,4.68,0.5,3.72,13.65,Historical,Baseline,True,DEMO / SYNTHETIC DATA (Plant-to-Watershed Simulator)
2020-10-01,2020,10,WS_Cedar_01,WS_Cedar_01_HRU3,19.9,12.2,13.56,6.3,19.9,20.6,0.1,1.38,4.2,0.0,2.15,4.68,0.5,3.72,13.65,Historical,No-Till,True,DEMO / SYNTHETIC DATA (Plant-to-Watershed Simulator)
2020-10-01,2020,10,WS_Iowa_03,WS_Iowa_03_HRU1,40.3,8.42,14.5,13.83,36.8,24.7,0.16,1.38,5.8,0.0,5.99,9.1,1.51,7.65,12.6,Historical,Baseline,True,DEMO / SYNTHETIC DATA (Plant-to-Watershed Simulator)
2020-10-01,2020,10,WS_Iowa_03,WS_Iowa_03_HRU1,40.3,8.42,14.5,14.2,38.3,25.1,0.16,1.38,5.8,0.0,4.82,8.77,0.5,7.33,12.6,Historical,No-Till,True,DEMO / SYNTHETIC DATA (Plant-to-Watershed Simulator)
2020-10-01,2020,10,WS_Iowa_03,WS_Iowa_03_HRU2,56.8,11.6,14.61,18.2,41.0,28.4,0.1,1.38,4.2,0.0,15.66,11.46,11.75,10.57,13.4,Historical,Baseline,True,DEMO / SYNTHETIC DATA (Plant-to-Watershed Simulator)
2020-10-01,2020,10,WS_Iowa_03,WS_Iowa_03_HRU2,56.8,11.6,14.61,19.17,45.0,29.5,0.1,1.38,4.2,0.0,12.68,10.61,8.47,9.53,13.4,Historical,No-Till,True,DEMO / SYNTHETIC DATA (Plant-to-Watershed Simulator)
2020-10-01,2020,10,WS_Iowa_03,WS_Iowa_03_HRU3,53.5,10.38,14.9,12.0,48.8,31.7,0.1,1.38,4.0,0.0,7.81,9.45,3.27,8.62,13.45,Historical,Baseline,True,DEMO / SYNTHETIC DATA (Plant-to-Watershed Simulator)
2020-10-01,2020,10,WS_Iowa_03,WS_Iowa_03_HRU3,53.5,10.38,14.9,12.37,50.7,32.5,0.1,1.38,4.0,0.0,6.38,9.04,1.7,8.13,13.45,Historical,No-Till,True,DEMO / SYNTHETIC DATA (Plant-to-Watershed Simulator)
2020-10-01,2020,10,WS_Raccoon_02,WS_Raccoon_02_HRU1,38.3,10.34,14.38,13.6,35.4,24.0,0.1,1.38,4.0,0.0,4.77,6.85,1.93,5.48,13.7,Historical,Baseline,True,DEMO / SYNTHETIC DATA (Plant-to-Watershed Simulator)
2020-10-01,2020,10,WS_Raccoon_02,WS_Raccoon_02_HRU1,38.3,10.34,14.38,13.93,36.8,24.4,0.1,1.38,4.0,0.0,3.73,6.61,0.79,5.19,13.7,Historical,No-Till,True,DEMO / SYNTHETIC DATA (Plant-to-Watershed Simulator)
2020-10-01,2020,10,WS_Raccoon_02,WS_Raccoon_02_HRU2,63.8,12.76,14.9,18.33,43.6,30.6,0.1,1.38,4.4,0.0,20.77,10.42,16.46,9.81,12.3,Historical,Baseline,True,DEMO / SYNTHETIC DATA (Plant-to-Watershed Simulator)
2020-10-01,2020,10,WS_Raccoon_02,WS_Raccoon_02_HRU2,63.8,12.76,14.9,19.4,48.2,32.0,0.1,1.38,4.4,0.0,17.33,9.64,12.68,8.86,12.3,Historical,No-Till,True,DEMO / SYNTHETIC DATA (Plant-to-Watershed Simulator)
2020-10-01,2020,10,WS_Raccoon_02,WS_Raccoon_02_HRU3,30.5,8.86,16.4,6.3,30.4,34.5,0.41,1.38,14.8,0.0,2.18,6.59,0.5,5.01,12.7,Historical,Baseline,True,DEMO / SYNTHETIC DATA (Plant-to-Watershed Simulator)
2020-10-01,2020,10,WS_Raccoon_02,WS_Raccoon_02_HRU3,30.5,8.86,16.4,6.3,30.5,34.6,0.41,1.38,14.8,0.0,2.07,6.56,0.5,5.01,12.7,Historical,No-Till,True,DEMO / SYNTHETIC DATA (Plant-to-Watershed Simulator)
2020-11-01,2020,11,WS_Cedar_01,WS_Cedar_01_HRU1,39.2,6.17,12.89,16.47,36.0,16.0,0.0,0.1,0.0,0.0,6.24,5.15,6.3,5.07,0.0,Historical,Baseline,True,DEMO / SYNTHETIC DATA (Plant-to-Watershed Simulator)
2020-11-01,2020,11,WS_Cedar_01,WS_Cedar_01_HRU1,39.2,6.17,12.89,16.87,37.5,16.3,0.0,0.1,0.0,0.0,5.15,4.97,5.2,4.86,0.0,Historical,No-Till,True,DEMO / SYNTHETIC DATA (Plant-to-Watershed Simulator)
2020-11-01,2020,11,WS_Cedar_01,WS_Cedar_01_HRU2,79.9,2.96,8.47,25.67,48.6,13.6,0.0,0.1,0.0,0.0,29.99,9.85,30.09,9.59,0.0,Historical,Baseline,True,DEMO / SYNTHETIC DATA (Plant-to-Watershed Simulator)
2020-11-01,2020,11,WS_Cedar_01,WS_Cedar_01_HRU2,79.9,2.96,8.47,27.33,54.5,14.5,0.0,0.1,0.0,0.0,25.57,9.1,25.63,8.74,0.0,Historical,No-Till,True,DEMO / SYNTHETIC DATA (Plant-to-Watershed Simulator)
2020-11-01,2020,11,WS_Cedar_01,WS_Cedar_01_HRU3,58.8,5.11,12.91,16.57,52.3,21.5,0.0,0.1,0.0,0.0,10.05,5.91,9.41,5.75,0.0,Historical,Baseline,True,DEMO / SYNTHETIC DATA (Plant-to-Watershed Simulator)
2020-11-01,2020,11,WS_Cedar_01,WS_Cedar_01_HRU3,58.8,5.11,12.91,17.1,54.6,22.2,0.0,0.1,0.0,0.0,8.29,5.61,7.64,5.41,0.0,Historical,No-Till,True,DEMO / SYNTHETIC DATA (Plant-to-Watershed Simulator)
2020-11-01,2020,11,WS_Iowa_03,WS_Iowa_03_HRU1,33.8,3.09,13.14,19.43,32.1,15.3,0.0,0.1,0.0,0.0,3.47,8.57,2.54,8.2,0.0,Historical,Baseline,True,DEMO / SYNTHETIC DATA (Plant-to-Watershed Simulator)
2020-11-01,2020,11,WS_Iowa_03,WS_Iowa_03_HRU1,33.8,3.09,13.14,19.97,33.0,15.7,0.0,0.1,0.0,0.0,2.72,8.36,1.78,7.96,0.0,Historical,No-Till,True,DEMO / SYNTHETIC DATA (Plant-to-Watershed Simulator)
2020-11-01,2020,11,WS_Iowa_03,WS_Iowa_03_HRU2,39.1,1.45,11.54,24.57,32.7,13.6,0.0,0.1,0.0,0.0,7.73,10.41,6.86,9.21,0.0,Historical,Baseline,True,DEMO / SYNTHETIC DATA (Plant-to-Watershed Simulator)
2020-11-01,2020,11,WS_Iowa_03,WS_Iowa_03_HRU2,39.1,1.45,11.54,26.0,35.0,14.5,0.0,0.1,0.0,0.0,6.03,9.92,5.15,8.67,0.0,Historical,No-Till,True,DEMO / SYNTHETIC DATA (Plant-to-Watershed Simulator)
2020-11-01,2020,11,WS_Iowa_03,WS_Iowa_03_HRU3,35.4,4.11,13.02,16.83,34.8,20.3,0.0,0.1,0.0,0.0,1.5,7.77,0.93,7.22,0.0,Historical,Baseline,True,DEMO / SYNTHETIC DATA (Plant-to-Watershed Simulator)
2020-11-01,2020,11,WS_Iowa_03,WS_Iowa_03_HRU3,35.4,4.11,13.02,17.2,35.3,20.8,0.0,0.1,0.0,0.0,1.5,7.77,0.92,7.22,0.0,Historical,No-Till,True,DEMO / SYNTHETIC DATA (Plant-to-Watershed Simulator)
2020-11-01,2020,11,WS_Raccoon_02,WS_Raccoon_02_HRU1,45.8,2.56,9.53,22.4,40.4,14.0,0.0,0.1,0.0,0.0,8.86,7.72,9.1,7.61,0.0,Historical,Baseline,True,DEMO / SYNTHETIC DATA (Plant-to-Watershed Simulator)
2020-11-01,2020,11,WS_Raccoon_02,WS_Raccoon_02_HRU1,45.8,2.56,9.53,23.23,42.4,14.5,0.0,0.1,0.0,0.0,7.33,7.37,7.56,7.23,0.0,Historical,No-Till,True,DEMO / SYNTHETIC DATA (Plant-to-Watershed Simulator)
2020-11-01,2020,11,WS_Raccoon_02,WS_Raccoon_02_HRU2,48.7,5.78,11.51,24.57,37.6,18.9,0.0,0.1,0.0,0.0,10.0,8.24,10.31,8.28,0.0,Historical,Baseline,True,DEMO / SYNTHETIC DATA (Plant-to-Watershed Simulator)
2020-11-01,2020,11,WS_Raccoon_02,WS_Raccoon_02_HRU2,48.7,5.78,11.51,26.27,40.8,20.2,0.0,0.1,0.0,0.0,7.59,7.69,7.89,7.67,0.0,Historical,No-Till,True,DEMO / SYNTHETIC DATA (Plant-to-Watershed Simulator)
2020-11-01,2020,11,WS_Raccoon_02,WS_Raccoon_02_HRU3,29.5,2.1,9.69,12.57,29.4,10.6,0.0,0.1,0.0,0.0,1.8,5.45,1.4,5.85,0.0,Historical,Baseline,True,DEMO / SYNTHETIC DATA (Plant-to-Watershed Simulator)
2020-11-01,2020,11,WS_Raccoon_02,WS_Raccoon_02_HRU3,29.5,2.1,9.69,12.6,29.5,10.6,0.0,0.1,0.0,0.0,1.74,5.44,1.34,5.83,0.0,Historical,No-Till,True,DEMO / SYNTHETIC DATA (Plant-to-Watershed Simulator)
2020-12-01,2020,12,WS_Cedar_01,WS_Cedar_01_HRU1,16.5,-5.07,9.9,21.43,16.5,1.6,0.0,0.1,0.0,0.0,1.5,4.21,1.44,4.4,0.0,Historical,Baseline,True,DEMO / SYNTHETIC DATA (Plant-to-Watershed Simulator)
2020-12-01,2020,12,WS_Cedar_01,WS_Cedar_01_HRU1,16.5,-5.07,9.9,21.83,16.5,1.6,0.0,0.1,0.0,0.0,1.5,4.21,1.44,4.4,0.0,Historical,No-Till,True,DEMO / SYNTHETIC DATA (Plant-to-Watershed Simulator)
2020-12-01,2020,12,WS_Cedar_01,WS_Cedar_01_HRU2,26.0,-2.01,8.21,33.1,24.4,2.1,0.0,0.1,0.0,0.0,3.06,4.18,2.57,4.46,0.0,Historical,Baseline,True,DEMO / SYNTHETIC DATA (Plant-to-Watershed Simulator)
2020-12-01,2020,12,WS_Cedar_01,WS_Cedar_01_HRU2,26.0,-2.01,8.21,35.0,25.3,2.3,0.0,0.1,0.0,0.0,2.34,4.06,1.85,4.33,0.0,Historical,No-Till,True,DEMO / SYNTHETIC DATA (Plant-to-Watershed Simulator)
2020-12-01,2020,12,WS_Cedar_01,WS_Cedar_01_HRU3,13.9,-3.2,8.59,20.53,13.9,2.0,0.0,0.1,0.0,0.0,1.5,4.36,2.62,5.23,0.0,Historical,Baseline,True,DEMO / SYNTHETIC DATA (Plant-to-Watershed Simulator)
2020-12-01,2020,12,WS_Cedar_01,WS_Cedar_01_HRU3,13.9,-3.2,8.59,21.07,13.9,2.0,0.0,0.1,0.0,0.0,1.5,4.36,2.62,5.23,0.0,Historical,No-Till,True,DEMO / SYNTHETIC DATA (Plant-to-Watershed Simulator)
2020-12-01,2020,12,WS_Iowa_03,WS_Iowa_03_HRU1,73.2,-2.76,8.97,36.67,54.4,2.7,0.0,0.1,0.0,0.0,19.04,13.37,18.82,13.24,0.0,Historical,Baseline,True,DEMO / SYNTHETIC DATA (Plant-to-Watershed Simulator)
2020-12-01,2020,12,WS_Iowa_03,WS_Iowa_03_HRU1,73.2,-2.76,8.97,38.17,58.8,2.8,0.0,0.1,0.0,0.0,15.76,12.44,15.51,12.2,0.0,Historical,No-Till,True,DEMO / SYNTHETIC DATA (Plant-to-Watershed Simulator)
2020-12-01,2020,12,WS_Iowa_03,WS_Iowa_03_HRU2,33.8,-3.91,7.22,33.7,29.6,2.2,0.0,0.1,0.0,0.0,6.46,9.18,6.31,9.11,0.0,Historical,Baseline,True,DEMO / SYNTHETIC DATA (Plant-to-Watershed Simulator)
2020-12-01,2020,12,WS_Iowa_03,WS_Iowa_03_HRU2,33.8,-3.91,7.22,35.7,31.4,2.3,0.0,0.1,0.0,0.0,5.15,8.8,4.99,8.7,0.0,Historical,No-Till,True,DEMO / SYNTHETIC DATA (Plant-to-Watershed Simulator)
2020-12-01,2020,12,WS_Iowa_03,WS_Iowa_03_HRU3,29.2,-3.17,8.87,25.73,29.1,2.4,0.0,0.1,0.0,0.0,1.5,7.57,0.87,7.64,0.0,Historical,Baseline,True,DEMO / SYNTHETIC DATA (Plant-to-Watershed Simulator)
2020-12-01,2020,12,WS_Iowa_03,WS_Iowa_03_HRU3,29.2,-3.17,8.87,26.1,29.2,2.5,0.0,0.1,0.0,0.0,1.5,7.57,0.87,7.64,0.0,Historical,No-Till,True,DEMO / SYNTHETIC DATA (Plant-to-Watershed Simulator)
2020-12-01,2020,12,WS_Raccoon_02,WS_Raccoon_02_HRU1,65.1,-3.25,7.32,38.17,50.8,2.8,0.0,0.1,0.0,0.0,15.06,8.95,14.7,8.95,0.0,Historical,Baseline,True,DEMO / SYNTHETIC DATA (Plant-to-Watershed Simulator)
2020-12-01,2020,12,WS_Raccoon_02,WS_Raccoon_02_HRU1,65.1,-3.25,7.32,38.17,54.5,2.8,0.0,0.1,0.0,0.0,12.28,8.31,11.9,8.24,0.0,Historical,No-Till,True,DEMO / SYNTHETIC DATA (Plant-to-Watershed Simulator)
2020-12-01,2020,12,WS_Raccoon_02,WS_Raccoon_02_HRU2,43.4,-3.48,7.84,35.47,35.0,2.3,0.0,0.1,0.0,0.0,9.04,8.01,9.03,7.22,0.0,Historical,Baseline,True,DEMO / SYNTHETIC DATA (Plant-to-Watershed Simulator)
2020-12-01,2020,12,WS_Raccoon_02,WS_Raccoon_02_HRU2,43.4,-3.48,7.84,38.0,37.7,2.5,0.0,0.1,0.0,0.0,7.01,7.54,6.98,6.7,0.0,Historical,No-Till,True,DEMO / SYNTHETIC DATA (Plant-to-Watershed Simulator)
2020-12-01,2020,12,WS_Raccoon_02,WS_Raccoon_02_HRU3,95.2,-3.56,9.84,28.97,71.4,2.8,0.0,0.1,0.0,0.0,26.1,11.73,24.85,11.56,0.0,Historical,Baseline,True,DEMO / SYNTHETIC DATA (Plant-to-Watershed Simulator)
2020-12-01,2020,12,WS_Raccoon_02,WS_Raccoon_02_HRU3,95.2,-3.56,9.84,28.97,76.5,2.8,0.0,0.1,0.0,0.0,22.23,10.85,20.96,10.58,0.0,Historical,No-Till,True,DEMO / SYNTHETIC DATA (Plant-to-Watershed Simulator)
2021-01-01,2021,1,WS_Cedar_01,WS_Cedar_01_HRU1,74.4,-8.04,7.79,38.17,54.9,2.8,0.0,0.1,0.0,0.0,19.85,7.74,18.14,7.16,0.0,Historical,Baseline,True,DEMO / SYNTHETIC DATA (Plant-to-Watershed Simulator)
2021-01-01,2021,1,WS_Cedar_01,WS_Cedar_01_HRU1,74.4,-8.04,7.79,38.17,59.4,2.8,0.0,0.1,0.0,0.0,16.5,7.16,14.77,6.52,0.0,Historical,No-Till,True,DEMO / SYNTHETIC DATA (Plant-to-Watershed Simulator)
2021-01-01,2021,1,WS_Cedar_01,WS_Cedar_01_HRU2,44.8,-3.0,6.0,42.77,35.7,2.8,0.0,0.1,0.0,0.0,9.07,5.66,9.74,5.21,0.0,Historical,Baseline,True,DEMO / SYNTHETIC DATA (Plant-to-Watershed Simulator)
2021-01-01,2021,1,WS_Cedar_01,WS_Cedar_01_HRU2,44.8,-3.0,6.0,42.77,38.5,2.8,0.0,0.1,0.0,0.0,6.94,5.3,7.59,4.8,0.0,Historical,No-Till,True,DEMO / SYNTHETIC DATA (Plant-to-Watershed Simulator)
2021-01-01,2021,1,WS_Cedar_01,WS_Cedar_01_HRU3,33.3,-4.59,7.8,28.97,32.9,2.8,0.0,0.1,0.0,0.0,4.13,5.03,3.9,4.86,0.0,Historical,Baseline,True,DEMO / SYNTHETIC DATA (Plant-to-Watershed Simulator)
2021-01-01,2021,1,WS_Cedar_01,WS_Cedar_01_HRU3,33.3,-4.59,7.8,28.97,33.3,2.8,0.0,0.1,0.0,0.0,3.88,4.99,3.65,4.82,0.0,Historical,No-Till,True,DEMO / SYNTHETIC DATA (Plant-to-Watershed Simulator)
2021-01-01,2021,1,WS_Iowa_03,WS_Iowa_03_HRU1,51.9,-6.67,8.1,38.17,44.0,2.8,0.0,0.1,0.0,0.0,10.77,10.54,10.84,10.66,0.0,Historical,Baseline,True,DEMO / SYNTHETIC DATA (Plant-to-Watershed Simulator)
2021-01-01,2021,1,WS_Iowa_03,WS_Iowa_03_HRU1,51.9,-6.67,8.1,38.17,46.6,2.8,0.0,0.1,0.0,0.0,8.83,9.99,8.89,10.04,0.0,Historical,No-Till,True,DEMO / SYNTHETIC DATA (Plant-to-Watershed Simulator)
2021-01-01,2021,1,WS_Iowa_03,WS_Iowa_03_HRU2,7.4,-5.31,6.0,35.4,7.4,2.3,0.0,0.1,0.0,0.0,1.5,8.27,1.69,7.67,0.0,Historical,Baseline,True,DEMO / SYNTHETIC DATA (Plant-to-Watershed Simulator)
2021-01-01,2021,1,WS_Iowa_03,WS_Iowa_03_HRU2,7.4,-5.31,6.0,37.37,7.4,2.4,0.0,0.1,0.0,0.0,1.5,8.27,1.69,7.67,0.0,Historical,No-Till,True,DEMO / SYNTHETIC DATA (Plant-to-Watershed Simulator)
2021-01-01,2021,1,WS_Iowa_03,WS_Iowa_03_HRU3,34.2,-6.39,6.0,28.97,33.7,2.8,0.0,0.1,0.0,0.0,4.31,9.4,3.49,8.03,0.0,Historical,Baseline,True,DEMO / SYNTHETIC DATA (Plant-to-Watershed Simulator)
2021-01-01,2021,1,WS_Iowa_03,WS_Iowa_03_HRU3,34.2,-6.39,6.0,28.97,34.1,2.8,0.0,0.1,0.0,0.0,4.01,9.32,3.19,7.93,0.0,Historical,No-Till,True,DEMO / SYNTHETIC DATA (Plant-to-Watershed Simulator)
2021-01-01,2021,1,WS_Raccoon_02,WS_Raccoon_02_HRU1,30.0,-4.24,7.31,38.17,29.0,2.8,0.0,0.1,0.0,0.0,2.19,6.29,1.63,5.34,0.0,Historical,Baseline,True,DEMO / SYNTHETIC DATA (Plant-to-Watershed Simulator)
2021-01-01,2021,1,WS_Raccoon_02,WS_Raccoon_02_HRU1,30.0,-4.24,7.31,38.17,29.7,2.8,0.0,0.1,0.0,0.0,1.69,6.18,1.13,5.22,0.0,Historical,No-Till,True,DEMO / SYNTHETIC DATA (Plant-to-Watershed Simulator)
2021-01-01,2021,1,WS_Raccoon_02,WS_Raccoon_02_HRU2,67.3,-2.48,8.25,42.77,44.8,2.8,0.0,0.1,0.0,0.0,20.48,10.5,20.3,10.24,0.0,Historical,Baseline,True,DEMO / SYNTHETIC DATA (Plant-to-Watershed Simulator)
2021-01-01,2021,1,WS_Raccoon_02,WS_Raccoon_02_HRU2,67.3,-2.48,8.25,42.77,49.7,2.8,0.0,0.1,0.0,0.0,16.81,9.66,16.6,9.31,0.0,Historical,No-Till,True,DEMO / SYNTHETIC DATA (Plant-to-Watershed Simulator)
2021-01-01,2021,1,WS_Raccoon_02,WS_Raccoon_02_HRU3,13.8,-5.89,7.29,28.97,13.8,2.8,0.0,0.1,0.0,0.0,1.5,6.12,1.22,5.61,0.0,Historical,Baseline,True,DEMO / SYNTHETIC DATA (Plant-to-Watershed Simulator)
2021-01-01,2021,1,WS_Raccoon_02,WS_Raccoon_02_HRU3,13.8,-5.89,7.29,28.97,13.8,2.8,0.0,0.1,0.0,0.0,1.5,6.12,1.22,5.61,0.0,Historical,No-Till,True,DEMO / SYNTHETIC DATA (Plant-to-Watershed Simulator)
2021-02-01,2021,2,WS_Cedar_01,WS_Cedar_01_HRU1,66.8,-2.41,6.66,38.17,51.6,2.8,0.0,0.1,0.0,0.0,16.42,6.21,15.98,6.74,0.0,Historical,Baseline,True,DEMO / SYNTHETIC DATA (Plant-to-Watershed Simulator)
2021-02-01,2021,2,WS_Cedar_01,WS_Cedar_01_HRU1,66.8,-2.41,6.66,38.17,55.5,2.8,0.0,0.1,0.0,0.0,13.53,5.71,13.07,6.19,0.0,Historical,No-Till,True,DEMO / SYNTHETIC DATA (Plant-to-Watershed Simulator)
2021-02-01,2021,2,WS_Cedar_01,WS_Cedar_01_HRU2,28.6,-5.02,6.65,42.77,26.2,2.8,0.0,0.1,0.0,0.0,6.14,4.89,6.13,5.24,0.0,Historical,Baseline,True,DEMO / SYNTHETIC DATA (Plant-to-Watershed Simulator)
2021-02-01,2021,2,WS_Cedar_01,WS_Cedar_01_HRU2,28.6,-5.02,6.65,42.77,27.4,2.8,0.0,0.1,0.0,0.0,5.23,4.73,5.21,5.06,0.0,Historical,No-Till,True,DEMO / SYNTHETIC DATA (Plant-to-Watershed Simulator)
2021-02-01,2021,2,WS_Cedar_01,WS_Cedar_01_HRU3,29.2,-1.97,8.45,28.97,29.1,2.8,0.0,0.1,0.0,0.0,1.72,3.85,1.82,4.38,0.0,Historical,Baseline,True,DEMO / SYNTHETIC DATA (Plant-to-Watershed Simulator)
2021-02-01,2021,2,WS_Cedar_01,WS_Cedar_01_HRU3,29.2,-1.97,8.45,28.97,29.2,2.8,0.0,0.1,0.0,0.0,1.67,3.85,1.77,4.37,0.0,Historical,No-Till,True,DEMO / SYNTHETIC DATA (Plant-to-Watershed Simulator)
2021-02-01,2021,2,WS_Iowa_03,WS_Iowa_03_HRU1,10.7,-1.38,7.16,38.17,10.7,2.8,0.0,0.1,0.0,0.0,1.5,8.65,2.31,8.23,0.0,Historical,Baseline,True,DEMO / SYNTHETIC DATA (Plant-to-Watershed Simulator)
2021-02-01,2021,2,WS_Iowa_03,WS_Iowa_03_HRU1,10.7,-1.38,7.16,38.17,10.7,2.8,0.0,0.1,0.0,0.0,1.5,8.65,2.31,8.23,0.0,Historical,No-Till,True,DEMO / SYNTHETIC DATA (Plant-to-Watershed Simulator)
2021-02-01,2021,2,WS_Iowa_03,WS_Iowa_03_HRU2,9.6,-2.23,8.54,37.8,9.6,2.4,0.0,0.1,0.0,0.0,1.61,9.06,1.42,7.25,0.0,Historical,Baseline,True,DEMO / SYNTHETIC DATA (Plant-to-Watershed Simulator)
2021-02-01,2021,2,WS_Iowa_03,WS_Iowa_03_HRU2,9.6,-2.23,8.54,39.7,9.6,2.6,0.0,0.1,0.0,0.0,1.61,9.06,1.42,7.25,0.0,Historical,No-Till,True,DEMO / SYNTHETIC DATA (Plant-to-Watershed Simulator)
2021-02-01,2021,2,WS_Iowa_03,WS_Iowa_03_HRU3,24.0,-4.03,10.14,28.97,24.0,2.8,0.0,0.1,0.0,0.0,2.25,8.83,1.64,7.36,0.0,Historical,Baseline,True,DEMO / SYNTHETIC DATA (Plant-to-Watershed Simulator)
2021-02-01,2021,2,WS_Iowa_03,WS_Iowa_03_HRU3,24.0,-4.03,10.14,28.97,24.0,2.8,0.0,0.1,0.0,0.0,2.25,8.83,1.64,7.36,0.0,Historical,No-Till,True,DEMO / SYNTHETIC DATA (Plant-to-Watershed Simulator)
2021-02-01,2021,2,WS_Raccoon_02,WS_Raccoon_02_HRU1,51.1,-4.37,6.0,38.17,43.5,2.8,0.0,0.1,0.0,0.0,11.35,8.51,10.74,8.35,0.0,Historical,Baseline,True,DEMO / SYNTHETIC DATA (Plant-to-Watershed Simulator)
2021-02-01,2021,2,WS_Raccoon_02,WS_Raccoon_02_HRU1,51.1,-4.37,6.0,38.17,46.1,2.8,0.0,0.1,0.0,0.0,9.46,8.08,8.83,7.87,0.0,Historical,No-Till,True,DEMO / SYNTHETIC DATA (Plant-to-Watershed Simulator)
2021-02-01,2021,2,WS_Raccoon_02,WS_Raccoon_02_HRU2,62.5,-2.79,9.45,42.77,43.1,2.8,0.0,0.1,0.0,0.0,23.31,10.67,23.21,10.73,0.0,Historical,Baseline,True,DEMO / SYNTHETIC DATA (Plant-to-Watershed Simulator)
2021-02-01,2021,2,WS_Raccoon_02,WS_Raccoon_02_HRU2,62.5,-2.79,9.45,42.77,47.6,2.8,0.0,0.1,0.0,0.0,19.95,9.9,19.82,9.88,0.0,Historical,No-Till,True,DEMO / SYNTHETIC DATA (Plant-to-Watershed Simulator)
2021-02-01,2021,2,WS_Raccoon_02,WS_Raccoon_02_HRU3,16.0,-1.62,8.0,28.97,16.0,2.8,0.0,0.1,0.0,0.0,1.65,6.08,2.35,5.84,0.0,Historical,Baseline,True,DEMO / SYNTHETIC DATA (Plant-to-Watershed Simulator)
2021-02-01,2021,2,WS_Raccoon_02,WS_Raccoon_02_HRU3,16.0,-1.62,8.0,28.97,16.0,2.8,0.0,0.1,0.0,0.0,1.65,6.08,2.35,5.84,0.0,Historical,No-Till,True,DEMO / SYNTHETIC DATA (Plant-to-Watershed Simulator)
2021-03-01,2021,3,WS_Cedar_01,WS_Cedar_01_HRU1,35.6,-1.55,12.05,38.17,33.4,2.8,0.0,0.1,0.0,0.0,2.28,3.98,2.4,4.01,0.0,Historical,Baseline,True,DEMO / SYNTHETIC DATA (Plant-to-Watershed Simulator)
2021-03-01,2021,3,WS_Cedar_01,WS_Cedar_01_HRU1,35.6,-1.55,12.05,38.17,34.6,2.8,0.0,0.1,0.0,0.0,1.5,3.85,1.61,3.86,0.0,Historical,No-Till,True,DEMO / SYNTHETIC DATA (Plant-to-Watershed Simulator)
2021-03-01,2021,3,WS_Cedar_01,WS_Cedar_01_HRU2,12.2,0.37,12.15,37.2,12.2,19.5,0.0,0.1,0.0,0.0,1.5,4.33,0.93,4.64,0.0,Historical,Baseline,True,DEMO / SYNTHETIC DATA (Plant-to-Watershed Simulator)
2021-03-01,2021,3,WS_Cedar_01,WS_Cedar_01_HRU2,12.2,0.37,12.15,37.2,12.2,19.5,0.0,0.1,0.0,0.0,1.5,4.33,0.93,4.64,0.0,Historical,No-Till,True,DEMO / SYNTHETIC DATA (Plant-to-Watershed Simulator)
2021-03-01,2021,3,WS_Cedar_01,WS_Cedar_01_HRU3,79.0,3.19,7.88,23.4,63.8,19.5,0.0,0.1,0.0,0.0,17.63,7.2,16.94,6.79,0.0,Historical,Baseline,True,DEMO / SYNTHETIC DATA (Plant-to-Watershed Simulator)
2021-03-01,2021,3,WS_Cedar_01,WS_Cedar_01_HRU3,79.0,3.19,7.88,23.4,67.7,19.5,0.0,0.1,0.0,0.0,14.67,6.69,13.96,6.22,0.0,Historical,No-Till,True,DEMO / SYNTHETIC DATA (Plant-to-Watershed Simulator)
2021-03-01,2021,3,WS_Iowa_03,WS_Iowa_03_HRU1,38.3,2.24,8.73,32.8,35.4,18.9,0.0,0.1,0.0,0.0,4.91,8.96,3.74,8.32,0.0,Historical,Baseline,True,DEMO / SYNTHETIC DATA (Plant-to-Watershed Simulator)
2021-03-01,2021,3,WS_Iowa_03,WS_Iowa_03_HRU1,38.3,2.24,8.73,32.8,36.8,18.9,0.0,0.1,0.0,0.0,3.87,8.66,2.69,7.98,0.0,Historical,No-Till,True,DEMO / SYNTHETIC DATA (Plant-to-Watershed Simulator)
2021-03-01,2021,3,WS_Iowa_03,WS_Iowa_03_HRU2,68.2,3.1,12.94,35.63,45.1,24.2,0.0,0.1,0.0,0.0,23.32,14.46,23.8,14.86,0.0,Historical,Baseline,True,DEMO / SYNTHETIC DATA (Plant-to-Watershed Simulator)
2021-03-01,2021,3,WS_Iowa_03,WS_Iowa_03_HRU2,68.2,3.1,12.94,35.63,50.0,24.2,0.0,0.1,0.0,0.0,19.59,13.4,20.04,13.67,0.0,Historical,No-Till,True,DEMO / SYNTHETIC DATA (Plant-to-Watershed Simulator)
2021-03-01,2021,3,WS_Iowa_03,WS_Iowa_03_HRU3,29.2,1.03,10.79,23.5,29.1,19.2,0.0,0.1,0.0,0.0,3.15,8.45,2.71,8.15,0.0,Historical,Baseline,True,DEMO / SYNTHETIC DATA (Plant-to-Watershed Simulator)
2021-03-01,2021,3,WS_Iowa_03,WS_Iowa_03_HRU3,29.2,1.03,10.79,23.5,29.2,19.2,0.0,0.1,0.0,0.0,3.1,8.44,2.66,8.13,0.0,Historical,No-Till,True,DEMO / SYNTHETIC DATA (Plant-to-Watershed Simulator)
2021-03-01,2021,3,WS_Raccoon_02,WS_Raccoon_02_HRU1,24.9,1.81,12.79,31.7,24.6,22.2,0.0,0.1,0.0,0.0,1.5,6.77,0.84,5.88,0.0,Historical,Baseline,True,DEMO / SYNTHETIC DATA (Plant-to-Watershed Simulator)
2021-03-01,2021,3,WS_Raccoon_02,WS_Raccoon_02_HRU1,24.9,1.81,12.79,31.7,24.9,22.2,0.0,0.1,0.0,0.0,1.5,6.77,0.84,5.88,0.0,Historical,No-Till,True,DEMO / SYNTHETIC DATA (Plant-to-Watershed Simulator)
2021-03-01,2021,3,WS_Raccoon_02,WS_Raccoon_02_HRU2,27.1,3.33,10.6,36.27,25.2,22.3,0.0,0.1,0.0,0.0,2.63,6.1,3.65,6.56,0.0,Historical,Baseline,True,DEMO / SYNTHETIC DATA (Plant-to-Watershed Simulator)
2021-03-01,2021,3,WS_Raccoon_02,WS_Raccoon_02_HRU2,27.1,3.33,10.6,36.27,26.2,22.3,0.0,0.1,0.0,0.0,1.83,5.91,2.84,6.36,0.0,Historical,No-Till,True,DEMO / SYNTHETIC DATA (Plant-to-Watershed Simulator)
2021-03-01,2021,3,WS_Raccoon_02,WS_Raccoon_02_HRU3,31.6,3.44,10.72,22.37,31.4,22.6,0.0,0.1,0.0,0.0,1.5,6.41,1.2,5.3,0.0,Historical,Baseline,True,DEMO / SYNTHETIC DATA (Plant-to-Watershed Simulator)
2021-03-01,2021,3,WS_Raccoon_02,WS_Raccoon_02_HRU3,31.6,3.44,10.72,22.37,31.6,22.6,0.0,0.1,0.0,0.0,1.5,6.41,1.2,5.3,0.0,Historical,No-Till,True,DEMO / SYNTHETIC DATA (Plant-to-Watershed Simulator)
2021-04-01,2021,4,WS_Cedar_01,WS_Cedar_01_HRU1,36.7,10.25,15.19,27.43,34.2,35.0,0.0,0.1,0.0,0.0,4.81,4.81,4.73,4.65,0.0,Historical,Baseline,True,DEMO / SYNTHETIC DATA (Plant-to-Watershed Simulator)
2021-04-01,2021,4,WS_Cedar_01,WS_Cedar_01_HRU1,36.7,10.25,15.19,27.43,35.5,35.0,0.0,0.1,0.0,0.0,3.88,4.65,3.8,4.47,0.0,Historical,No-Till,True,DEMO / SYNTHETIC DATA (Plant-to-Watershed Simulator)
2021-04-01,2021,4,WS_Cedar_01,WS_Cedar_01_HRU2,39.1,10.06,14.17,32.03,32.7,35.0,0.0,0.1,0.0,0.0,10.38,6.26,10.81,6.02,0.0,Historical,Baseline,True,DEMO / SYNTHETIC DATA (Plant-to-Watershed Simulator)
2021-04-01,2021,4,WS_Cedar_01,WS_Cedar_01_HRU2,39.1,10.06,14.17,32.03,35.0,35.0,0.0,0.1,0.0,0.0,8.67,5.97,9.08,5.69,0.0,Historical,No-Till,True,DEMO / SYNTHETIC DATA (Plant-to-Watershed Simulator)
2021-04-01,2021,4,WS_Cedar_01,WS_Cedar_01_HRU3,35.5,12.67,15.55,18.23,34.9,35.0,0.0,0.1,0.0,0.0,4.37,4.98,4.47,4.66,0.0,Historical,Baseline,True,DEMO / SYNTHETIC DATA (Plant-to-Watershed Simulator)
2021-04-01,2021,4,WS_Cedar_01,WS_Cedar_01_HRU3,35.5,12.67,15.55,18.23,35.4,35.0,0.0,0.1,0.0,0.0,4.0,4.91,4.1,4.59,0.0,Historical,No-Till,True,DEMO / SYNTHETIC DATA (Plant-to-Watershed Simulator)
2021-04-01,2021,4,WS_Iowa_03,WS_Iowa_03_HRU1,29.7,11.81,15.29,27.43,28.8,35.0,0.0,0.1,0.0,0.0,3.07,7.88,2.61,7.61,0.0,Historical,Baseline,True,DEMO / SYNTHETIC DATA (Plant-to-Watershed Simulator)
2021-04-01,2021,4,WS_Iowa_03,WS_Iowa_03_HRU1,29.7,11.81,15.29,27.43,29.4,35.0,0.0,0.1,0.0,0.0,2.59,7.75,2.13,7.46,0.0,Historical,No-Till,True,DEMO / SYNTHETIC DATA (Plant-to-Watershed Simulator)
2021-04-01,2021,4,WS_Iowa_03,WS_Iowa_03_HRU2,12.4,9.33,13.89,29.4,12.4,31.1,0.0,0.1,0.0,0.0,1.52,7.49,2.09,7.8,0.0,Historical,Baseline,True,DEMO / SYNTHETIC DATA (Plant-to-Watershed Simulator)
2021-04-01,2021,4,WS_Iowa_03,WS_Iowa_03_HRU2,12.4,9.33,13.89,29.4,12.4,31.1,0.0,0.1,0.0,0.0,1.52,7.49,2.09,7.8,0.0,Historical,No-Till,True,DEMO / SYNTHETIC DATA (Plant-to-Watershed Simulator)
2021-04-01,2021,4,WS_Iowa_03,WS_Iowa_03_HRU3,52.0,11.21,14.56,18.23,47.7,35.0,0.0,0.1,0.0,0.0,8.81,10.14,7.62,10.16,0.0,Historical,Baseline,True,DEMO / SYNTHETIC DATA (Plant-to-Watershed Simulator)
2021-04-01,2021,4,WS_Iowa_03,WS_Iowa_03_HRU3,52.0,11.21,14.56,18.23,49.5,35.0,0.0,0.1,0.0,0.0,7.47,9.76,6.27,9.73,0.0,Historical,No-Till,True,DEMO / SYNTHETIC DATA (Plant-to-Watershed Simulator)
2021-04-01,2021,4,WS_Raccoon_02,WS_Raccoon_02_HRU1,47.6,8.79,14.61,27.73,41.5,34.1,0.0,0.1,0.0,0.0,7.2,7.14,6.08,6.89,0.0,Historical,Baseline,True,DEMO / SYNTHETIC DATA (Plant-to-Watershed Simulator)
2021-04-01,2021,4,WS_Raccoon_02,WS_Raccoon_02_HRU1,47.6,8.79,14.61,27.73,43.7,34.1,0.0,0.1,0.0,0.0,5.55,6.76,4.42,6.47,0.0,Historical,No-Till,True,DEMO / SYNTHETIC DATA (Plant-to-Watershed Simulator)
2021-04-01,2021,4,WS_Raccoon_02,WS_Raccoon_02_HRU2,48.3,7.95,14.77,32.7,37.4,33.0,0.0,0.1,0.0,0.0,9.58,8.0,8.12,7.46,0.0,Historical,Baseline,True,DEMO / SYNTHETIC DATA (Plant-to-Watershed Simulator)
2021-04-01,2021,4,WS_Raccoon_02,WS_Raccoon_02_HRU2,48.3,7.95,14.77,32.7,40.6,33.0,0.0,0.1,0.0,0.0,7.2,7.45,5.72,6.86,0.0,Historical,No-Till,True,DEMO / SYNTHETIC DATA (Plant-to-Watershed Simulator)
2021-04-01,2021,4,WS_Raccoon_02,WS_Raccoon_02_HRU3,59.5,11.0,16.54,18.23,52.7,35.0,0.0,0.1,0.0,0.0,10.88,7.81,10.93,8.45,0.0,Historical,Baseline,True,DEMO / SYNTHETIC DATA (Plant-to-Watershed Simulator)
2021-04-01,2021,4,WS_Raccoon_02,WS_Raccoon_02_HRU3,59.5,11.0,16.54,18.23,55.1,35.0,0.0,0.1,0.0,0.0,9.08,7.4,9.12,7.99,0.0,Historical,No-Till,True,DEMO / SYNTHETIC DATA (Plant-to-Watershed Simulator)
2021-05-01,2021,5,WS_Cedar_01,WS_Cedar_01_HRU1,52.6,17.64,22.33,25.43,44.4,41.0,0.1,0.2,6.0,0.0,12.02,4.99,10.21,5.36,0.0,Historical,Baseline,True,DEMO / SYNTHETIC DATA (Plant-to-Watershed Simulator)
2021-05-01,2021,5,WS_Cedar_01,WS_Cedar_01_HRU1,52.6,17.64,22.33,25.43,47.0,41.0,0.1,0.2,6.0,0.0,10.04,4.65,8.21,4.98,0.0,Historical,No-Till,True,DEMO / SYNTHETIC DATA (Plant-to-Watershed Simulator)
2021-05-01,2021,5,WS_Cedar_01,WS_Cedar_01_HRU2,52.5,19.67,20.59,30.0,39.2,41.1,0.1,0.2,6.1,0.0,15.29,6.89,13.1,6.52,0.0,Historical,Baseline,True,DEMO / SYNTHETIC DATA (Plant-to-Watershed Simulator)
2021-05-01,2021,5,WS_Cedar_01,WS_Cedar_01_HRU2,52.5,19.67,20.59,30.0,42.8,41.1,0.1,0.2,6.1,0.0,12.61,6.43,10.4,6.01,0.0,Historical,No-Till,True,DEMO / SYNTHETIC DATA (Plant-to-Watershed Simulator)
2021-05-01,2021,5,WS_Cedar_01,WS_Cedar_01_HRU3,49.3,18.51,18.96,16.33,45.8,40.7,0.1,0.2,5.7,0.0,6.84,5.72,5.69,4.79,0.0,Historical,Baseline,True,DEMO / SYNTHETIC DATA (Plant-to-Watershed Simulator)
2021-05-01,2021,5,WS_Cedar_01,WS_Cedar_01_HRU3,49.3,18.51,18.96,16.33,47.4,40.7,0.1,0.2,5.7,0.0,5.66,5.52,4.49,4.56,0.0,Historical,No-Till,True,DEMO / SYNTHETIC DATA (Plant-to-Watershed Simulator)
2021-05-01,2021,5,WS_Iowa_03,WS_Iowa_03_HRU1,101.1,19.54,19.45,25.27,64.4,41.5,0.11,0.2,6.5,0.0,35.69,16.82,35.47,19.01,0.0,Historical,Baseline,True,DEMO / SYNTHETIC DATA (Plant-to-Watershed Simulator)
2021-05-01,2021,5,WS_Iowa_03,WS_Iowa_03_HRU1,101.1,19.54,19.45,25.27,70.8,41.5,0.11,0.2,6.5,0.0,30.85,15.44,30.58,17.47,0.0,Historical,No-Till,True,DEMO / SYNTHETIC DATA (Plant-to-Watershed Simulator)
2021-05-01,2021,5,WS_Iowa_03,WS_Iowa_03_HRU2,90.9,20.4,19.93,29.97,51.3,41.2,0.1,0.2,6.2,0.0,38.51,17.94,37.11,19.3,0.0,Historical,Baseline,True,DEMO / SYNTHETIC DATA (Plant-to-Watershed Simulator)
2021-05-01,2021,5,WS_Iowa_03,WS_Iowa_03_HRU2,90.9,20.4,19.93,29.97,58.0,41.2,0.1,0.2,6.2,0.0,33.5,16.52,32.05,17.7,0.0,Historical,No-Till,True,DEMO / SYNTHETIC DATA (Plant-to-Watershed Simulator)
2021-05-01,2021,5,WS_Iowa_03,WS_Iowa_03_HRU3,96.6,21.91,19.36,16.13,72.0,41.3,0.1,0.2,6.3,0.0,26.57,15.16,24.57,14.96,0.0,Historical,Baseline,True,DEMO / SYNTHETIC DATA (Plant-to-Watershed Simulator)
2021-05-01,2021,5,WS_Iowa_03,WS_Iowa_03_HRU3,96.6,21.91,19.36,16.13,77.2,41.3,0.1,0.2,6.3,0.0,22.62,14.03,20.58,13.71,0.0,Historical,No-Till,True,DEMO / SYNTHETIC DATA (Plant-to-Watershed Simulator)
2021-05-01,2021,5,WS_Raccoon_02,WS_Raccoon_02_HRU1,91.9,19.96,18.8,23.93,61.4,45.5,0.18,0.2,10.5,0.0,30.77,12.54,30.64,12.89,0.0,Historical,Baseline,True,DEMO / SYNTHETIC DATA (Plant-to-Watershed Simulator)
2021-05-01,2021,5,WS_Raccoon_02,WS_Raccoon_02_HRU1,91.9,19.96,18.8,23.93,67.2,45.5,0.18,0.2,10.5,0.0,26.42,11.55,26.26,11.79,0.0,Historical,No-Till,True,DEMO / SYNTHETIC DATA (Plant-to-Watershed Simulator)
2021-05-01,2021,5,WS_Raccoon_02,WS_Raccoon_02_HRU2,85.3,20.97,22.12,29.87,50.0,41.5,0.1,0.2,6.5,0.0,33.19,12.73,32.0,13.54,0.0,Historical,Baseline,True,DEMO / SYNTHETIC DATA (Plant-to-Watershed Simulator)
2021-05-01,2021,5,WS_Raccoon_02,WS_Raccoon_02_HRU2,85.3,20.97,22.12,29.87,56.3,41.5,0.1,0.2,6.5,0.0,28.48,11.66,27.24,12.34,0.0,Historical,No-Till,True,DEMO / SYNTHETIC DATA (Plant-to-Watershed Simulator)
2021-05-01,2021,5,WS_Raccoon_02,WS_Raccoon_02_HRU3,74.5,15.63,18.25,16.5,61.5,40.2,0.1,0.2,5.2,0.0,16.03,10.1,15.13,9.06,0.0,Historical,Baseline,True,DEMO / SYNTHETIC DATA (Plant-to-Watershed Simulator)
2021-05-01,2021,5,WS_Raccoon_02,WS_Raccoon_02_HRU3,74.5,15.63,18.25,16.5,65.1,40.2,0.1,0.2,5.2,0.0,13.34,9.48,12.41,8.37,0.0,Historical,No-Till,True,DEMO / SYNTHETIC DATA (Plant-to-Watershed Simulator)
2021-06-01,2021,6,WS_Cedar_01,WS_Cedar_01_HRU1,106.8,22.59,20.67,9.8,66.0,110.1,1.88,0.5,75.1,0.017,41.23,11.42,36.32,10.88,0.0,Historical,Baseline,True,DEMO / SYNTHETIC DATA (Plant-to-Watershed Simulator)
2021-06-01,2021,6,WS_Cedar_01,WS_Cedar_01_HRU1,106.8,22.59,20.67,9.8,72.9,110.1,1.88,0.5,75.1,0.017,36.11,10.55,31.47,9.96,0.0,Historical,No-Till,True,DEMO / SYNTHETIC DATA (Plant-to-Watershed Simulator)
2021-06-01,2021,6,WS_Cedar_01,WS_Cedar_01_HRU2,58.2,23.71,22.26,14.0,41.5,109.8,1.98,0.5,74.8,0.095,17.91,6.65,16.1,7.21,0.0,Historical,Baseline,True,DEMO / SYNTHETIC DATA (Plant-to-Watershed Simulator)
2021-06-01,2021,6,WS_Cedar_01,WS_Cedar_01_HRU2,58.2,23.71,22.26,14.0,45.6,109.8,1.98,0.5,74.8,0.095,14.84,6.13,13.21,6.66,0.0,Historical,No-Till,True,DEMO / SYNTHETIC DATA (Plant-to-Watershed Simulator)
2021-06-01,2021,6,WS_Cedar_01,WS_Cedar_01_HRU3,53.8,22.68,23.63,6.3,49.0,113.7,2.09,0.5,78.7,0.071,6.28,5.56,4.4,4.52,0.0,Historical,Baseline,True,DEMO / SYNTHETIC DATA (Plant-to-Watershed Simulator)
2021-06-01,2021,6,WS_Cedar_01,WS_Cedar_01_HRU3,53.8,22.68,23.63,6.3,50.9,113.7,2.09,0.5,78.7,0.071,4.83,5.31,3.04,4.26,0.0,Historical,No-Till,True,DEMO / SYNTHETIC DATA (Plant-to-Watershed Simulator)
2021-06-01,2021,6,WS_Iowa_03,WS_Iowa_03_HRU1,5.4,26.28,22.58,9.8,5.4,122.0,2.2,0.5,87.0,0.061,1.5,7.65,0.98,7.23,0.0,Historical,Baseline,True,DEMO / SYNTHETIC DATA (Plant-to-Watershed Simulator)
2021-06-01,2021,6,WS_Iowa_03,WS_Iowa_03_HRU1,5.4,26.28,22.58,9.8,5.4,122.0,2.2,0.5,87.0,0.061,1.5,7.65,0.98,7.23,0.0,Historical,No-Till,True,DEMO / SYNTHETIC DATA (Plant-to-Watershed Simulator)
2021-06-01,2021,6,WS_Iowa_03,WS_Iowa_03_HRU2,288.6,25.24,19.12,14.0,71.1,114.7,2.05,0.5,79.7,0.04,186.1,60.49,165.9,59.81,0.0,Historical,Baseline,True,DEMO / SYNTHETIC DATA (Plant-to-Watershed Simulator)
2021-06-01,2021,6,WS_Iowa_03,WS_Iowa_03_HRU2,288.6,25.24,19.12,14.0,85.0,114.7,2.05,0.5,79.7,0.04,175.72,57.53,156.16,56.75,0.0,Historical,No-Till,True,DEMO / SYNTHETIC DATA (Plant-to-Watershed Simulator)
2021-06-01,2021,6,WS_Iowa_03,WS_Iowa_03_HRU3,69.1,26.17,22.86,6.3,58.5,115.3,1.89,0.5,80.3,0.065,11.93,10.67,9.95,10.07,0.0,Historical,Baseline,True,DEMO / SYNTHETIC DATA (Plant-to-Watershed Simulator)
2021-06-01,2021,6,WS_Iowa_03,WS_Iowa_03_HRU3,69.1,26.17,22.86,6.3,61.7,115.3,1.89,0.5,80.3,0.065,9.56,10.0,7.71,9.36,0.0,Historical,No-Till,True,DEMO / SYNTHETIC DATA (Plant-to-Watershed Simulator)
2021-06-01,2021,6,WS_Raccoon_02,WS_Raccoon_02_HRU1,86.2,23.79,23.43,9.8,59.5,121.8,2.27,0.5,86.8,0.038,27.79,13.05,22.64,10.75,0.0,Historical,Baseline,True,DEMO / SYNTHETIC DATA (Plant-to-Watershed Simulator)
2021-06-01,2021,6,WS_Raccoon_02,WS_Raccoon_02_HRU1,86.2,23.79,23.43,9.8,64.9,121.8,2.27,0.5,86.8,0.038,23.76,12.13,18.9,9.81,0.0,Historical,No-Till,True,DEMO / SYNTHETIC DATA (Plant-to-Watershed Simulator)
2021-06-01,2021,6,WS_Raccoon_02,WS_Raccoon_02_HRU2,68.7,23.28,21.18,14.0,45.2,112.6,2.03,0.5,77.6,0.048,22.4,10.71,19.3,10.22,0.0,Historical,Baseline,True,DEMO / SYNTHETIC DATA (Plant-to-Watershed Simulator)
2021-06-01,2021,6,WS_Raccoon_02,WS_Raccoon_02_HRU2,68.7,23.28,21.18,14.0,50.2,112.6,2.03,0.5,77.6,0.048,18.64,9.86,15.77,9.33,0.0,Historical,No-Till,True,DEMO / SYNTHETIC DATA (Plant-to-Watershed Simulator)
2021-06-01,2021,6,WS_Raccoon_02,WS_Raccoon_02_HRU3,128.9,24.64,19.75,6.3,83.7,112.3,1.92,0.5,77.3,0.033,44.77,14.96,39.71,15.68,0.0,Historical,Baseline,True,DEMO / SYNTHETIC DATA (Plant-to-Watershed Simulator)
2021-06-01,2021,6,WS_Raccoon_02,WS_Raccoon_02_HRU3,128.9,24.64,19.75,6.3,91.2,112.3,1.92,0.5,77.3,0.033,39.17,13.68,34.42,14.34,0.0,Historical,No-Till,True,DEMO / SYNTHETIC DATA (Plant-to-Watershed Simulator)
2021-07-01,2021,7,WS_Cedar_01,WS_Cedar_01_HRU1,79.1,24.81,24.09,9.8,56.8,147.7,4.7,0.9,112.7,0.043,24.01,7.73,15.95,6.89,0.0,Historical,Baseline,True,DEMO / SYNTHETIC DATA (Plant-to-Watershed Simulator)
2021-07-01,2021,7,WS_Cedar_01,WS_Cedar_01_HRU1,79.1,24.81,24.09,9.8,61.7,147.7,4.7,0.9,112.7,0.043,20.38,7.11,12.86,6.31,0.0,Historical,No-Till,True,DEMO / SYNTHETIC DATA (Plant-to-Watershed Simulator)
2021-07-01,2021,7,WS_Cedar_01,WS_Cedar_01_HRU2,93.4,27.37,22.35,14.0,51.9,157.3,4.93,0.9,122.3,0.0,37.08,10.48,25.41,8.25,0.0,Historical,Baseline,True,DEMO / SYNTHETIC DATA (Plant-to-Watershed Simulator)
2021-07-01,2021,7,WS_Cedar_01,WS_Cedar_01_HRU2,93.4,27.37,22.35,14.0,58.8,157.3,4.93,0.9,122.3,0.0,31.95,9.6,21.05,7.43,0.0,Historical,No-Till,True,DEMO / SYNTHETIC DATA (Plant-to-Watershed Simulator)
2021-07-01,2021,7,WS_Cedar_01,WS_Cedar_01_HRU3,34.8,26.72,23.99,6.3,34.3,150.1,4.94,0.9,115.1,0.068,4.65,4.45,1.45,4.03,0.0,Historical,Baseline,True,DEMO / SYNTHETIC DATA (Plant-to-Watershed Simulator)
2021-07-01,2021,7,WS_Cedar_01,WS_Cedar_01_HRU3,34.8,26.72,23.99,6.3,34.7,151.7,4.94,0.9,116.7,0.055,4.31,4.39,1.17,3.98,0.0,Historical,No-Till,True,DEMO / SYNTHETIC DATA (Plant-to-Watershed Simulator)
2021-07-01,2021,7,WS_Iowa_03,WS_Iowa_03_HRU1,77.3,26.57,21.71,9.8,56.1,142.3,4.72,0.9,107.3,0.093,21.43,13.4,13.12,11.36,0.0,Historical,Baseline,True,DEMO / SYNTHETIC DATA (Plant-to-Watershed Simulator)
2021-07-01,2021,7,WS_Iowa_03,WS_Iowa_03_HRU1,77.3,26.57,21.71,9.8,60.8,142.3,4.72,0.9,107.3,0.093,17.91,12.4,10.13,10.42,0.0,Historical,No-Till,True,DEMO / SYNTHETIC DATA (Plant-to-Watershed Simulator)
2021-07-01,2021,7,WS_Iowa_03,WS_Iowa_03_HRU2,87.8,26.92,23.45,14.0,50.6,151.5,4.83,0.9,116.5,0.05,34.38,17.48,24.56,14.76,0.0,Historical,Baseline,True,DEMO / SYNTHETIC DATA (Plant-to-Watershed Simulator)
2021-07-01,2021,7,WS_Iowa_03,WS_Iowa_03_HRU2,87.8,26.92,23.45,14.0,57.1,151.5,4.83,0.9,116.5,0.05,29.54,16.1,20.45,13.46,0.0,Historical,No-Till,True,DEMO / SYNTHETIC DATA (Plant-to-Watershed Simulator)
2021-07-01,2021,7,WS_Iowa_03,WS_Iowa_03_HRU3,27.7,27.79,22.9,6.3,27.7,106.5,4.93,0.9,71.5,0.425,3.27,8.65,0.99,7.17,0.0,Historical,Baseline,True,DEMO / SYNTHETIC DATA (Plant-to-Watershed Simulator)
2021-07-01,2021,7,WS_Iowa_03,WS_Iowa_03_HRU3,27.7,27.79,22.9,6.3,27.7,106.5,4.93,0.9,71.5,0.425,3.25,8.65,0.97,7.17,0.0,Historical,No-Till,True,DEMO / SYNTHETIC DATA (Plant-to-Watershed Simulator)
2021-07-01,2021,7,WS_Raccoon_02,WS_Raccoon_02_HRU1,149.7,23.68,21.24,9.8,75.9,138.4,4.89,0.9,103.4,0.066,69.11,21.68,50.4,17.99,0.0,Historical,Baseline,True,DEMO / SYNTHETIC DATA (Plant-to-Watershed Simulator)
2021-07-01,2021,7,WS_Raccoon_02,WS_Raccoon_02_HRU1,149.7,23.68,21.24,9.8,85.2,138.4,4.89,0.9,103.4,0.066,62.12,20.08,44.47,16.5,0.0,Historical,No-Till,True,DEMO / SYNTHETIC DATA (Plant-to-Watershed Simulator)
2021-07-01,2021,7,WS_Raccoon_02,WS_Raccoon_02_HRU2,275.7,26.37,21.79,14.0,70.6,150.3,4.57,0.9,115.3,0.016,175.58,45.51,133.45,39.04,0.0,Historical,Baseline,True,DEMO / SYNTHETIC DATA (Plant-to-Watershed Simulator)
2021-07-01,2021,7,WS_Raccoon_02,WS_Raccoon_02_HRU2,275.7,26.37,21.79,14.0,84.1,150.3,4.57,0.9,115.3,0.016,165.39,43.18,124.81,36.86,0.0,Historical,No-Till,True,DEMO / SYNTHETIC DATA (Plant-to-Watershed Simulator)
2021-07-01,2021,7,WS_Raccoon_02,WS_Raccoon_02_HRU3,184.8,26.72,26.31,6.3,97.9,153.4,4.65,0.9,118.4,0.062,79.65,24.07,56.46,19.49,0.0,Historical,Baseline,True,DEMO / SYNTHETIC DATA (Plant-to-Watershed Simulator)
2021-07-01,2021,7,WS_Raccoon_02,WS_Raccoon_02_HRU3,184.8,26.72,26.31,6.3,108.5,153.4,4.65,0.9,118.4,0.062,71.7,22.26,49.72,17.79,0.0,Historical,No-Till,True,DEMO / SYNTHETIC DATA (Plant-to-Watershed Simulator)
2021-08-01,2021,8,WS_Cedar_01,WS_Cedar_01_HRU1,54.0,26.83,23.07,9.8,45.2,142.7,4.7,1.2,107.7,0.111,9.43,5.98,4.15,4.43,0.0,Historical,Baseline,True,DEMO / SYNTHETIC DATA (Plant-to-Watershed Simulator)
2021-08-01,2021,8,WS_Cedar_01,WS_Cedar_01_HRU1,54.0,26.83,23.07,9.8,47.9,151.8,4.7,1.2,116.8,0.036,7.36,5.63,2.35,4.09,0.0,Historical,No-Till,True,DEMO / SYNTHETIC DATA (Plant-to-Watershed Simulator)
2021-08-01,2021,8,WS_Cedar_01,WS_Cedar_01_HRU2,140.4,23.56,22.75,14.0,60.0,143.3,4.73,1.2,108.3,0.036,69.61,16.11,49.86,12.87,0.0,Historical,Baseline,True,DEMO / SYNTHETIC DATA (Plant-to-Watershed Simulator)
2021-08-01,2021,8,WS_Cedar_01,WS_Cedar_01_HRU2,140.4,23.56,22.75,14.0,69.5,143.3,4.73,1.2,108.3,0.036,62.5,14.89,43.66,11.7,0.0,Historical,No-Till,True,DEMO / SYNTHETIC DATA (Plant-to-Watershed Simulator)
2021-08-01,2021,8,WS_Cedar_01,WS_Cedar_01_HRU3,151.0,23.3,21.02,6.3,90.1,139.6,4.94,1.2,104.6,0.045,57.13,13.83,38.68,11.45,0.0,Historical,Baseline,True,DEMO / SYNTHETIC DATA (Plant-to-Watershed Simulator)
2021-08-01,2021,8,WS_Cedar_01,WS_Cedar_01_HRU3,151.0,23.3,21.02,6.3,98.9,139.6,4.94,1.2,104.6,0.045,50.53,12.7,32.93,10.36,0.0,Historical,No-Till,True,DEMO / SYNTHETIC DATA (Plant-to-Watershed Simulator)
2021-08-01,2021,8,WS_Iowa_03,WS_Iowa_03_HRU1,236.0,26.13,21.88,9.8,87.6,146.6,4.64,1.2,111.6,0.047,130.94,44.91,96.0,37.48,0.0,Historical,Baseline,True,DEMO / SYNTHETIC DATA (Plant-to-Watershed Simulator)
2021-08-01,2021,8,WS_Iowa_03,WS_Iowa_03_HRU1,236.0,26.13,21.88,9.8,100.4,146.6,4.64,1.2,111.6,0.047,121.35,42.17,87.64,34.84,0.0,Historical,No-Till,True,DEMO / SYNTHETIC DATA (Plant-to-Watershed Simulator)
2021-08-01,2021,8,WS_Iowa_03,WS_Iowa_03_HRU2,161.2,24.91,21.54,14.0,62.5,147.0,4.87,1.2,112.0,0.021,87.77,32.41,63.56,27.33,0.0,Historical,Baseline,True,DEMO / SYNTHETIC DATA (Plant-to-Watershed Simulator)
2021-08-01,2021,8,WS_Iowa_03,WS_Iowa_03_HRU2,161.2,24.91,21.54,14.0,72.9,147.0,4.87,1.2,112.0,0.021,79.99,30.19,56.78,25.19,0.0,Historical,No-Till,True,DEMO / SYNTHETIC DATA (Plant-to-Watershed Simulator)
2021-08-01,2021,8,WS_Iowa_03,WS_Iowa_03_HRU3,62.9,27.27,23.16,6.3,54.8,148.5,4.84,1.2,113.5,0.078,10.67,11.25,4.09,8.96,0.0,Historical,Baseline,True,DEMO / SYNTHETIC DATA (Plant-to-Watershed Simulator)
2021-08-01,2021,8,WS_Iowa_03,WS_Iowa_03_HRU3,62.9,27.27,23.16,6.3,57.5,148.5,4.84,1.2,113.5,0.078,8.66,10.68,2.34,8.41,0.0,Historical,No-Till,True,DEMO / SYNTHETIC DATA (Plant-to-Watershed Simulator)
2021-08-01,2021,8,WS_Raccoon_02,WS_Raccoon_02_HRU1,77.6,25.24,23.44,9.8,56.2,143.1,4.82,1.2,108.1,0.086,20.82,11.21,13.3,9.08,0.0,Historical,Baseline,True,DEMO / SYNTHETIC DATA (Plant-to-Watershed Simulator)
2021-08-01,2021,8,WS_Raccoon_02,WS_Raccoon_02_HRU1,77.6,25.24,23.44,9.8,61.0,143.1,4.82,1.2,108.1,0.086,17.28,10.41,10.21,8.3,0.0,Historical,No-Till,True,DEMO / SYNTHETIC DATA (Plant-to-Watershed Simulator)
2021-08-01,2021,8,WS_Raccoon_02,WS_Raccoon_02_HRU2,156.8,24.78,23.4,14.0,62.0,149.0,4.54,1.2,114.0,0.015,80.24,23.77,58.91,20.51,0.0,Historical,Baseline,True,DEMO / SYNTHETIC DATA (Plant-to-Watershed Simulator)
2021-08-01,2021,8,WS_Raccoon_02,WS_Raccoon_02_HRU2,156.8,24.78,23.4,14.0,72.2,149.0,4.54,1.2,114.0,0.015,72.59,22.03,52.24,18.83,0.0,Historical,No-Till,True,DEMO / SYNTHETIC DATA (Plant-to-Watershed Simulator)
2021-08-01,2021,8,WS_Raccoon_02,WS_Raccoon_02_HRU3,64.7,22.31,22.59,6.3,55.9,138.1,4.75,1.2,103.1,0.054,11.12,9.57,5.66,6.56,0.0,Historical,Baseline,True,DEMO / SYNTHETIC DATA (Plant-to-Watershed Simulator)
2021-08-01,2021,8,WS_Raccoon_02,WS_Raccoon_02_HRU3,64.7,22.31,22.59,6.3,58.7,138.1,4.75,1.2,103.1,0.054,9.01,9.09,3.82,6.1,0.0,Historical,No-Till,True,DEMO / SYNTHETIC DATA (Plant-to-Watershed Simulator)
2021-09-01,2021,9,WS_Cedar_01,WS_Cedar_01_HRU1,48.0,20.07,17.56,9.8,41.7,95.7,2.11,1.33,63.4,0.121,10.05,4.85,4.79,4.54,0.0,Historical,Baseline,True,DEMO / SYNTHETIC DATA (Plant-to-Watershed Simulator)
2021-09-01,2021,9,WS_Cedar_01,WS_Cedar_01_HRU1,48.0,20.07,17.56,9.8,44.0,101.3,2.11,1.33,68.0,0.057,8.37,4.56,3.11,4.22,0.0,Historical,No-Till,True,DEMO / SYNTHETIC DATA (Plant-to-Watershed Simulator)
2021-09-01,2021,9,WS_Cedar_01,WS_Cedar_01_HRU2,70.0,14.19,21.38,14.0,45.7,86.1,2.13,1.33,53.7,0.184,24.28,7.71,18.52,7.13,0.0,Historical,Baseline,True,DEMO / SYNTHETIC DATA (Plant-to-Watershed Simulator)
2021-09-01,2021,9,WS_Cedar_01,WS_Cedar_01_HRU2,70.0,14.19,21.38,14.0,50.8,95.4,2.13,1.33,61.1,0.073,20.45,7.06,14.7,6.41,0.0,Historical,No-Till,True,DEMO / SYNTHETIC DATA (Plant-to-Watershed Simulator)
2021-09-01,2021,9,WS_Cedar_01,WS_Cedar_01_HRU3,58.5,20.67,17.66,6.3,52.1,103.1,1.95,1.33,68.1,0.034,8.88,4.85,3.28,4.44,0.0,Historical,Baseline,True,DEMO / SYNTHETIC DATA (Plant-to-Watershed Simulator)
2021-09-01,2021,9,WS_Cedar_01,WS_Cedar_01_HRU3,58.5,20.67,17.66,6.3,54.4,103.1,1.95,1.33,68.1,0.034,7.14,4.55,1.53,4.11,0.0,Historical,No-Till,True,DEMO / SYNTHETIC DATA (Plant-to-Watershed Simulator)
2021-09-01,2021,9,WS_Iowa_03,WS_Iowa_03_HRU1,59.1,17.59,16.75,9.8,47.9,93.4,2.05,1.33,61.2,0.062,14.67,11.68,8.48,9.97,0.0,Historical,Baseline,True,DEMO / SYNTHETIC DATA (Plant-to-Watershed Simulator)
2021-09-01,2021,9,WS_Iowa_03,WS_Iowa_03_HRU1,59.1,17.59,16.75,9.8,51.1,93.9,2.05,1.33,60.3,0.076,12.27,10.99,6.07,9.21,0.0,Historical,No-Till,True,DEMO / SYNTHETIC DATA (Plant-to-Watershed Simulator)
2021-09-01,2021,9,WS_Iowa_03,WS_Iowa_03_HRU2,23.9,14.49,19.04,14.0,22.8,27.1,1.76,1.33,4.0,0.93,3.65,8.48,1.97,7.97,0.0,Historical,Baseline,True,DEMO / SYNTHETIC DATA (Plant-to-Watershed Simulator)
2021-09-01,2021,9,WS_Iowa_03,WS_Iowa_03_HRU2,23.9,14.49,19.04,14.0,23.5,28.5,1.76,1.33,5.2,0.909,3.09,8.32,1.41,7.79,0.0,Historical,No-Till,True,DEMO / SYNTHETIC DATA (Plant-to-Watershed Simulator)
2021-09-01,2021,9,WS_Iowa_03,WS_Iowa_03_HRU3,34.6,19.34,18.78,6.3,34.1,84.9,1.71,1.33,53.3,0.174,5.52,9.36,2.83,8.28,0.0,Historical,Baseline,True,DEMO / SYNTHETIC DATA (Plant-to-Watershed Simulator)
2021-09-01,2021,9,WS_Iowa_03,WS_Iowa_03_HRU3,34.6,19.34,18.78,6.3,34.5,86.0,1.71,1.33,54.2,0.161,5.19,9.26,2.5,8.18,0.0,Historical,No-Till,True,DEMO / SYNTHETIC DATA (Plant-to-Watershed Simulator)
2021-09-01,2021,9,WS_Raccoon_02,WS_Raccoon_02_HRU1,25.6,21.17,18.62,9.8,25.3,56.7,2.11,1.33,30.6,0.595,3.04,5.97,0.5,5.85,0.0,Historical,Baseline,True,DEMO / SYNTHETIC DATA (Plant-to-Watershed Simulator)
2021-09-01,2021,9,WS_Raccoon_02,WS_Raccoon_02_HRU1,25.6,21.17,18.62,9.8,25.6,57.4,2.11,1.33,31.2,0.587,2.81,5.91,0.5,5.85,0.0,Historical,No-Till,True,DEMO / SYNTHETIC DATA (Plant-to-Watershed Simulator)
2021-09-01,2021,9,WS_Raccoon_02,WS_Raccoon_02_HRU2,70.2,18.17,18.42,14.0,45.7,86.5,2.14,1.33,52.1,0.255,23.05,10.56,17.28,10.21,0.0,Historical,Baseline,True,DEMO / SYNTHETIC DATA (Plant-to-Watershed Simulator)
2021-09-01,2021,9,WS_Raccoon_02,WS_Raccoon_02_HRU2,70.2,18.17,18.42,14.0,50.8,96.9,2.14,1.33,61.9,0.116,19.21,9.69,13.45,9.24,0.0,Historical,No-Till,True,DEMO / SYNTHETIC DATA (Plant-to-Watershed Simulator)
2021-09-01,2021,9,WS_Raccoon_02,WS_Raccoon_02_HRU3,50.8,18.85,18.03,6.3,46.9,99.6,1.95,1.33,64.6,0.043,7.69,7.8,2.95,6.13,0.0,Historical,Baseline,True,DEMO / SYNTHETIC DATA (Plant-to-Watershed Simulator)
2021-09-01,2021,9,WS_Raccoon_02,WS_Raccoon_02_HRU3,50.8,18.85,18.03,6.3,48.6,99.6,1.95,1.33,64.6,0.043,6.42,7.51,1.67,5.81,0.0,Historical,No-Till,True,DEMO / SYNTHETIC DATA (Plant-to-Watershed Simulator)
2021-10-01,2021,10,WS_Cedar_01,WS_Cedar_01_HRU1,36.1,11.96,14.56,12.73,33.8,25.0,0.1,1.38,4.2,0.0,5.0,4.17,1.5,4.31,12.9,Historical,Baseline,True,DEMO / SYNTHETIC DATA (Plant-to-Watershed Simulator)
2021-10-01,2021,10,WS_Cedar_01,WS_Cedar_01_HRU1,36.1,11.96,14.56,13.0,35.0,25.4,0.1,1.38,4.2,0.0,4.1,4.02,0.51,4.12,12.9,Historical,No-Till,True,DEMO / SYNTHETIC DATA (Plant-to-Watershed Simulator)
2021-10-01,2021,10,WS_Cedar_01,WS_Cedar_01_HRU2,39.0,11.03,14.88,16.4,32.7,25.5,0.1,1.38,4.1,0.0,6.81,4.83,4.06,4.68,13.35,Historical,Baseline,True,DEMO / SYNTHETIC DATA (Plant-to-Watershed Simulator)
2021-10-01,2021,10,WS_Cedar_01,WS_Cedar_01_HRU2,39.0,11.03,14.88,16.9,34.9,26.2,0.1,1.38,4.1,0.0,5.11,4.54,2.2,4.33,13.35,Historical,No-Till,True,DEMO / SYNTHETIC DATA (Plant-to-Watershed Simulator)
2021-10-01,2021,10,WS_Cedar_01,WS_Cedar_01_HRU3,26.1,12.77,12.78,7.23,26.1,23.3,0.1,1.38,4.2,0.0,1.5,4.0,0.5,3.46,12.25,Historical,Baseline,True,DEMO / SYNTHETIC DATA (Plant-to-Watershed Simulator)
2021-10-01,2021,10,WS_Cedar_01,WS_Cedar_01_HRU3,26.1,12.77,12.78,7.23,26.1,23.3,0.1,1.38,4.2,0.0,1.5,4.0,0.5,3.46,12.25,Historical,No-Till,True,DEMO / SYNTHETIC DATA (Plant-to-Watershed Simulator)
2021-10-01,2021,10,WS_Iowa_03,WS_Iowa_03_HRU1,30.4,10.69,15.47,11.93,29.4,23.0,0.1,1.38,4.1,0.0,3.75,8.56,1.75,7.2,12.54,Historical,Baseline,True,DEMO / SYNTHETIC DATA (Plant-to-Watershed Simulator)
2021-10-01,2021,10,WS_Iowa_03,WS_Iowa_03_HRU1,30.4,10.69,15.47,12.1,30.1,23.2,0.1,1.38,4.1,0.0,3.22,8.41,1.16,7.01,12.54,Historical,No-Till,True,DEMO / SYNTHETIC DATA (Plant-to-Watershed Simulator)
2021-10-01,2021,10,WS_Iowa_03,WS_Iowa_03_HRU2,36.4,8.85,14.66,16.77,31.2,22.9,0.1,1.38,3.8,0.0,6.68,9.95,4.6,9.09,12.62,Historical,Baseline,True,DEMO / SYNTHETIC DATA (Plant-to-Watershed Simulator)
2021-10-01,2021,10,WS_Iowa_03,WS_Iowa_03_HRU2,36.4,8.85,14.66,17.27,33.2,23.4,0.1,1.38,3.8,0.0,5.18,9.52,2.95,8.57,12.62,Historical,No-Till,True,DEMO / SYNTHETIC DATA (Plant-to-Watershed Simulator)
2021-10-01,2021,10,WS_Iowa_03,WS_Iowa_03_HRU3,57.6,11.1,15.47,11.67,51.5,35.4,0.13,1.38,5.4,0.0,8.76,10.31,4.92,8.83,12.68,Historical,Baseline,True,DEMO / SYNTHETIC DATA (Plant-to-Watershed Simulator)
2021-10-01,2021,10,WS_Iowa_03,WS_Iowa_03_HRU3,57.6,11.1,15.47,12.1,53.8,36.4,0.13,1.38,5.4,0.0,7.08,9.83,3.07,8.25,12.68,Historical,No-Till,True,DEMO / SYNTHETIC DATA (Plant-to-Watershed Simulator)
2021-10-01,2021,10,WS_Raccoon_02,WS_Raccoon_02_HRU1,43.3,12.11,13.98,12.7,38.8,30.1,0.19,1.38,7.8,0.0,7.8,7.56,4.42,6.02,12.16,Historical,Baseline,True,DEMO / SYNTHETIC DATA (Plant-to-Watershed Simulator)
2021-10-01,2021,10,WS_Raccoon_02,WS_Raccoon_02_HRU1,43.3,12.11,13.98,13.1,40.6,30.7,0.19,1.38,7.8,0.0,6.43,7.25,2.92,5.64,12.16,Historical,No-Till,True,DEMO / SYNTHETIC DATA (Plant-to-Watershed Simulator)
2021-10-01,2021,10,WS_Raccoon_02,WS_Raccoon_02_HRU2,37.3,9.09,14.87,16.77,31.7,23.4,0.1,1.38,3.8,0.0,6.28,7.3,4.03,6.58,12.19,Historical,Baseline,True,DEMO / SYNTHETIC DATA (Plant-to-Watershed Simulator)
2021-10-01,2021,10,WS_Raccoon_02,WS_Raccoon_02_HRU2,37.3,9.09,14.87,17.3,33.8,23.9,0.1,1.38,3.8,0.0,4.71,6.95,2.3,6.15,12.19,Historical,No-Till,True,DEMO / SYNTHETIC DATA (Plant-to-Watershed Simulator)
2021-10-01,2021,10,WS_Raccoon_02,WS_Raccoon_02_HRU3,23.4,11.17,13.98,6.93,23.4,21.5,0.1,1.38,4.1,0.0,2.63,6.21,0.5,6.12,12.94,Historical,Baseline,True,DEMO / SYNTHETIC DATA (Plant-to-Watershed Simulator)
2021-10-01,2021,10,WS_Raccoon_02,WS_Raccoon_02_HRU3,23.4,11.17,13.98,6.93,23.4,21.5,0.1,1.38,4.1,0.0,2.63,6.21,0.5,6.12,12.94,Historical,No-Till,True,DEMO / SYNTHETIC DATA (Plant-to-Watershed Simulator)
2021-11-01,2021,11,WS_Cedar_01,WS_Cedar_01_HRU1,37.0,2.22,11.17,19.8,34.4,13.2,0.0,0.1,0.0,0.0,2.93,4.72,3.94,4.76,0.0,Historical,Baseline,True,DEMO / SYNTHETIC DATA (Plant-to-Watershed Simulator)
2021-11-01,2021,11,WS_Cedar_01,WS_Cedar_01_HRU1,37.0,2.22,11.17,20.4,35.7,13.5,0.0,0.1,0.0,0.0,1.97,4.56,2.97,4.58,0.0,Historical,No-Till,True,DEMO / SYNTHETIC DATA (Plant-to-Watershed Simulator)
2021-11-01,2021,11,WS_Cedar_01,WS_Cedar_01_HRU2,73.3,1.3,10.42,27.3,46.7,14.0,0.0,0.1,0.0,0.0,25.2,8.3,24.99,8.18,0.0,Historical,Baseline,True,DEMO / SYNTHETIC DATA (Plant-to-Watershed Simulator)
2021-11-01,2021,11,WS_Cedar_01,WS_Cedar_01_HRU2,73.3,1.3,10.42,29.23,52.0,15.0,0.0,0.1,0.0,0.0,21.17,7.61,20.93,7.42,0.0,Historical,No-Till,True,DEMO / SYNTHETIC DATA (Plant-to-Watershed Simulator)
2021-11-01,2021,11,WS_Cedar_01,WS_Cedar_01_HRU3,40.8,0.99,10.83,16.0,39.3,13.0,0.0,0.1,0.0,0.0,4.27,4.8,4.16,4.34,0.0,Historical,Baseline,True,DEMO / SYNTHETIC DATA (Plant-to-Watershed Simulator)
2021-11-01,2021,11,WS_Cedar_01,WS_Cedar_01_HRU3,40.8,0.99,10.83,16.23,40.2,13.2,0.0,0.1,0.0,0.0,3.59,4.69,3.48,4.21,0.0,Historical,No-Till,True,DEMO / SYNTHETIC DATA (Plant-to-Watershed Simulator)
2021-11-01,2021,11,WS_Iowa_03,WS_Iowa_03_HRU1,23.9,5.08,10.03,15.73,23.7,12.3,0.0,0.1,0.0,0.0,1.65,7.11,0.69,7.11,0.0,Historical,Baseline,True,DEMO / SYNTHETIC DATA (Plant-to-Watershed Simulator)
2021-11-01,2021,11,WS_Iowa_03,WS_Iowa_03_HRU1,23.9,5.08,10.03,15.9,23.9,12.5,0.0,0.1,0.0,0.0,1.53,7.07,0.57,7.07,0.0,Historical,No-Till,True,DEMO / SYNTHETIC DATA (Plant-to-Watershed Simulator)
2021-11-01,2021,11,WS_Iowa_03,WS_Iowa_03_HRU2,33.1,4.52,12.52,21.27,29.2,15.7,0.0,0.1,0.0,0.0,1.98,7.73,2.16,8.06,0.0,Historical,Baseline,True,DEMO / SYNTHETIC DATA (Plant-to-Watershed Simulator)
2021-11-01,2021,11,WS_Iowa_03,WS_Iowa_03_HRU2,33.1,4.52,12.52,22.13,30.9,16.3,0.0,0.1,0.0,0.0,1.5,7.59,1.67,7.9,0.0,Historical,No-Till,True,DEMO / SYNTHETIC DATA (Plant-to-Watershed Simulator)
2021-11-01,2021,11,WS_Iowa_03,WS_Iowa_03_HRU3,88.7,2.82,9.18,23.17,68.5,20.2,0.0,0.1,0.0,0.0,21.85,13.84,20.36,14.05,0.0,Historical,Baseline,True,DEMO / SYNTHETIC DATA (Plant-to-Watershed Simulator)
2021-11-01,2021,11,WS_Iowa_03,WS_Iowa_03_HRU3,88.7,2.82,9.18,23.17,73.2,20.2,0.0,0.1,0.0,0.0,18.34,12.84,16.82,12.93,0.0,Historical,No-Till,True,DEMO / SYNTHETIC DATA (Plant-to-Watershed Simulator)
2021-11-01,2021,11,WS_Raccoon_02,WS_Raccoon_02_HRU1,17.2,5.37,10.98,14.4,17.2,12.1,0.0,0.1,0.0,0.0,1.64,6.2,2.52,6.73,0.0,Historical,Baseline,True,DEMO / SYNTHETIC DATA (Plant-to-Watershed Simulator)
2021-11-01,2021,11,WS_Raccoon_02,WS_Raccoon_02_HRU1,17.2,5.37,10.98,14.73,17.2,12.3,0.0,0.1,0.0,0.0,1.64,6.2,2.52,6.73,0.0,Historical,No-Till,True,DEMO / SYNTHETIC DATA (Plant-to-Watershed Simulator)
2021-11-01,2021,11,WS_Raccoon_02,WS_Raccoon_02_HRU2,72.4,2.81,11.29,26.77,46.4,16.4,0.0,0.1,0.0,0.0,25.69,11.99,25.58,12.2,0.0,Historical,Baseline,True,DEMO / SYNTHETIC DATA (Plant-to-Watershed Simulator)
2021-11-01,2021,11,WS_Raccoon_02,WS_Raccoon_02_HRU2,72.4,2.81,11.29,28.67,51.7,17.6,0.0,0.1,0.0,0.0,21.71,11.09,21.56,11.19,0.0,Historical,No-Till,True,DEMO / SYNTHETIC DATA (Plant-to-Watershed Simulator)
2021-11-01,2021,11,WS_Raccoon_02,WS_Raccoon_02_HRU3,23.1,3.45,9.29,11.17,23.1,10.4,0.0,0.1,0.0,0.0,1.84,5.96,1.56,5.61,0.0,Historical,Baseline,True,DEMO / SYNTHETIC DATA (Plant-to-Watershed Simulator)
2021-11-01,2021,11,WS_Raccoon_02,WS_Raccoon_02_HRU3,23.1,3.45,9.29,11.17,23.1,10.4,0.0,0.1,0.0,0.0,1.84,5.96,1.56,5.61,0.0,Historical,No-Till,True,DEMO / SYNTHETIC DATA (Plant-to-Watershed Simulator)
2021-12-01,2021,12,WS_Cedar_01,WS_Cedar_01_HRU1,47.7,-4.06,7.95,32.83,41.5,2.4,0.0,0.1,0.0,0.0,9.62,6.31,9.99,5.14,0.0,Historical,Baseline,True,DEMO / SYNTHETIC DATA (Plant-to-Watershed Simulator)
2021-12-01,2021,12,WS_Cedar_01,WS_Cedar_01_HRU1,47.7,-4.06,7.95,34.13,43.7,2.5,0.0,0.1,0.0,0.0,7.96,6.03,8.32,4.82,0.0,Historical,No-Till,True,DEMO / SYNTHETIC DATA (Plant-to-Watershed Simulator)
2021-12-01,2021,12,WS_Cedar_01,WS_Cedar_01_HRU2,20.3,-6.0,7.72,33.2,19.8,2.1,0.0,0.1,0.0,0.0,2.59,3.82,2.16,4.45,0.0,Historical,Baseline,True,DEMO / SYNTHETIC DATA (Plant-to-Watershed Simulator)
2021-12-01,2021,12,WS_Cedar_01,WS_Cedar_01_HRU2,20.3,-6.0,7.72,35.2,20.2,2.3,0.0,0.1,0.0,0.0,2.29,3.77,1.86,4.39,0.0,Historical,No-Till,True,DEMO / SYNTHETIC DATA (Plant-to-Watershed Simulator)
2021-12-01,2021,12,WS_Cedar_01,WS_Cedar_01_HRU3,66.1,-1.11,8.61,28.97,56.8,2.8,0.0,0.1,0.0,0.0,10.91,6.19,11.51,5.64,0.0,Historical,Baseline,True,DEMO / SYNTHETIC DATA (Plant-to-Watershed Simulator)
2021-12-01,2021,12,WS_Cedar_01,WS_Cedar_01_HRU3,66.1,-1.11,8.61,28.97,59.7,2.8,0.0,0.1,0.0,0.0,8.72,5.82,9.3,5.22,0.0,Historical,No-Till,True,DEMO / SYNTHETIC DATA (Plant-to-Watershed Simulator)
2021-12-01,2021,12,WS_Iowa_03,WS_Iowa_03_HRU1,43.4,-3.2,8.87,28.0,38.8,2.0,0.0,0.1,0.0,0.0,6.67,9.27,6.28,9.37,0.0,Historical,Baseline,True,DEMO / SYNTHETIC DATA (Plant-to-Watershed Simulator)
2021-12-01,2021,12,WS_Iowa_03,WS_Iowa_03_HRU1,43.4,-3.2,8.87,28.77,40.7,2.1,0.0,0.1,0.0,0.0,5.29,8.88,4.89,8.93,0.0,Historical,No-Till,True,DEMO / SYNTHETIC DATA (Plant-to-Watershed Simulator)
2021-12-01,2021,12,WS_Iowa_03,WS_Iowa_03_HRU2,41.1,-5.3,10.21,31.83,33.8,2.1,0.0,0.1,0.0,0.0,8.19,10.0,8.69,9.77,0.0,Historical,Baseline,True,DEMO / SYNTHETIC DATA (Plant-to-Watershed Simulator)
2021-12-01,2021,12,WS_Iowa_03,WS_Iowa_03_HRU2,41.1,-5.3,10.21,33.5,36.3,2.2,0.0,0.1,0.0,0.0,6.33,9.47,6.82,9.19,0.0,Historical,No-Till,True,DEMO / SYNTHETIC DATA (Plant-to-Watershed Simulator)
2021-12-01,2021,12,WS_Iowa_03,WS_Iowa_03_HRU3,44.5,-3.14,9.28,28.97,42.2,2.8,0.0,0.1,0.0,0.0,6.23,8.95,6.58,9.22,0.0,Historical,Baseline,True,DEMO / SYNTHETIC DATA (Plant-to-Watershed Simulator)
2021-12-01,2021,12,WS_Iowa_03,WS_Iowa_03_HRU3,44.5,-3.14,9.28,28.97,43.4,2.8,0.0,0.1,0.0,0.0,5.33,8.7,5.67,8.94,0.0,Historical,No-Till,True,DEMO / SYNTHETIC DATA (Plant-to-Watershed Simulator)
2021-12-01,2021,12,WS_Raccoon_02,WS_Raccoon_02_HRU1,36.7,-4.52,6.0,25.2,34.2,1.8,0.0,0.1,0.0,0.0,6.07,7.11,6.34,7.24,0.0,Historical,Baseline,True,DEMO / SYNTHETIC DATA (Plant-to-Watershed Simulator)
2021-12-01,2021,12,WS_Raccoon_02,WS_Raccoon_02_HRU1,36.7,-4.52,6.0,25.93,35.5,1.9,0.0,0.1,0.0,0.0,5.13,6.9,5.39,7.0,0.0,Historical,No-Till,True,DEMO / SYNTHETIC DATA (Plant-to-Watershed Simulator)
2021-12-01,2021,12,WS_Raccoon_02,WS_Raccoon_02_HRU2,23.8,-3.95,7.87,33.6,22.7,2.2,0.0,0.1,0.0,0.0,3.09,6.03,3.59,6.59,0.0,Historical,Baseline,True,DEMO / SYNTHETIC DATA (Plant-to-Watershed Simulator)
2021-12-01,2021,12,WS_Raccoon_02,WS_Raccoon_02_HRU2,23.8,-3.95,7.87,35.7,23.4,2.3,0.0,0.1,0.0,0.0,2.54,5.9,3.04,6.45,0.0,Historical,No-Till,True,DEMO / SYNTHETIC DATA (Plant-to-Watershed Simulator)
2021-12-01,2021,12,WS_Raccoon_02,WS_Raccoon_02_HRU3,25.4,-1.54,7.17,19.03,25.4,1.8,0.0,0.1,0.0,0.0,1.5,5.73,1.13,5.99,0.0,Historical,Baseline,True,DEMO / SYNTHETIC DATA (Plant-to-Watershed Simulator)
2021-12-01,2021,12,WS_Raccoon_02,WS_Raccoon_02_HRU3,25.4,-1.54,7.17,19.03,25.4,1.8,0.0,0.1,0.0,0.0,1.5,5.73,1.13,5.99,0.0,Historical,No-Till,True,DEMO / SYNTHETIC DATA (Plant-to-Watershed Simulator)
2022-01-01,2022,1,WS_Cedar_01,WS_Cedar_01_HRU1,26.0,-7.42,6.53,38.17,25.6,2.8,0.0,0.1,0.0,0.0,1.94,4.41,0.93,4.15,0.0,Historical,Baseline,True,DEMO / SYNTHETIC DATA (Plant-to-Watershed Simulator)
2022-01-01,2022,1,WS_Cedar_01,WS_Cedar_01_HRU1,26.0,-7.42,6.53,38.17,26.0,2.8,0.0,0.1,0.0,0.0,1.69,4.37,0.68,4.1,0.0,Historical,No-Till,True,DEMO / SYNTHETIC DATA (Plant-to-Watershed Simulator)
2022-01-01,2022,1,WS_Cedar_01,WS_Cedar_01_HRU2,42.6,-7.38,6.0,42.77,34.6,2.8,0.0,0.1,0.0,0.0,9.5,5.76,8.82,5.37,0.0,Historical,Baseline,True,DEMO / SYNTHETIC DATA (Plant-to-Watershed Simulator)
2022-01-01,2022,1,WS_Cedar_01,WS_Cedar_01_HRU2,42.6,-7.38,6.0,42.77,37.2,2.8,0.0,0.1,0.0,0.0,7.53,5.43,6.83,5.0,0.0,Historical,No-Till,True,DEMO / SYNTHETIC DATA (Plant-to-Watershed Simulator)
2022-01-01,2022,1,WS_Cedar_01,WS_Cedar_01_HRU3,59.8,-6.88,6.83,28.97,52.9,2.8,0.0,0.1,0.0,0.0,9.68,5.77,10.38,5.98,0.0,Historical,Baseline,True,DEMO / SYNTHETIC DATA (Plant-to-Watershed Simulator)
2022-01-01,2022,1,WS_Cedar_01,WS_Cedar_01_HRU3,59.8,-6.88,6.83,28.97,55.3,2.8,0.0,0.1,0.0,0.0,7.87,5.46,8.55,5.63,0.0,Historical,No-Till,True,DEMO / SYNTHETIC DATA (Plant-to-Watershed Simulator)
2022-01-01,2022,1,WS_Iowa_03,WS_Iowa_03_HRU1,25.9,-3.38,6.62,35.63,25.5,2.6,0.0,0.1,0.0,0.0,1.5,8.24,3.21,8.32,0.0,Historical,Baseline,True,DEMO / SYNTHETIC DATA (Plant-to-Watershed Simulator)
2022-01-01,2022,1,WS_Iowa_03,WS_Iowa_03_HRU1,25.9,-3.38,6.62,36.53,25.9,2.6,0.0,0.1,0.0,0.0,1.5,8.24,3.21,8.32,0.0,Historical,No-Till,True,DEMO / SYNTHETIC DATA (Plant-to-Watershed Simulator)
2022-01-01,2022,1,WS_Iowa_03,WS_Iowa_03_HRU2,41.7,-7.01,6.0,42.3,34.1,2.7,0.0,0.1,0.0,0.0,9.46,10.13,9.05,9.92,0.0,Historical,Baseline,True,DEMO / SYNTHETIC DATA (Plant-to-Watershed Simulator)
2022-01-01,2022,1,WS_Iowa_03,WS_Iowa_03_HRU2,41.7,-7.01,6.0,42.77,36.7,2.8,0.0,0.1,0.0,0.0,7.56,9.59,7.13,9.31,0.0,Historical,No-Till,True,DEMO / SYNTHETIC DATA (Plant-to-Watershed Simulator)
2022-01-01,2022,1,WS_Iowa_03,WS_Iowa_03_HRU3,12.7,-4.49,7.76,28.97,12.7,2.8,0.0,0.1,0.0,0.0,1.5,7.94,1.67,8.43,0.0,Historical,Baseline,True,DEMO / SYNTHETIC DATA (Plant-to-Watershed Simulator)
2022-01-01,2022,1,WS_Iowa_03,WS_Iowa_03_HRU3,12.7,-4.49,7.76,28.97,12.7,2.8,0.0,0.1,0.0,0.0,1.5,7.94,1.67,8.43,0.0,Historical,No-Till,True,DEMO / SYNTHETIC DATA (Plant-to-Watershed Simulator)
2022-01-01,2022,1,WS_Raccoon_02,WS_Raccoon_02_HRU1,41.2,-6.6,6.0,36.77,37.4,2.7,0.0,0.1,0.0,0.0,6.3,7.3,6.8,7.57,0.0,Historical,Baseline,True,DEMO / SYNTHETIC DATA (Plant-to-Watershed Simulator)
2022-01-01,2022,1,WS_Raccoon_02,WS_Raccoon_02_HRU1,41.2,-6.6,6.0,38.03,39.0,2.7,0.0,0.1,0.0,0.0,5.07,7.02,5.56,7.26,0.0,Historical,No-Till,True,DEMO / SYNTHETIC DATA (Plant-to-Watershed Simulator)
2022-01-01,2022,1,WS_Raccoon_02,WS_Raccoon_02_HRU2,14.4,-6.56,6.33,37.6,14.4,2.4,0.0,0.1,0.0,0.0,1.5,6.04,0.71,5.66,0.0,Historical,Baseline,True,DEMO / SYNTHETIC DATA (Plant-to-Watershed Simulator)
2022-01-01,2022,1,WS_Raccoon_02,WS_Raccoon_02_HRU2,14.4,-6.56,6.33,39.63,14.4,2.6,0.0,0.1,0.0,0.0,1.5,6.04,0.71,5.66,0.0,Historical,No-Till,True,DEMO / SYNTHETIC DATA (Plant-to-Watershed Simulator)
2022-01-01,2022,1,WS_Raccoon_02,WS_Raccoon_02_HRU3,28.0,-4.11,6.0,27.5,28.0,2.6,0.0,0.1,0.0,0.0,1.5,6.26,2.14,5.49,0.0,Historical,Baseline,True,DEMO / SYNTHETIC DATA (Plant-to-Watershed Simulator)
2022-01-01,2022,1,WS_Raccoon_02,WS_Raccoon_02_HRU3,28.0,-4.11,6.0,27.5,28.0,2.6,0.0,0.1,0.0,0.0,1.5,6.26,2.14,5.49,0.0,Historical,No-Till,True,DEMO / SYNTHETIC DATA (Plant-to-Watershed Simulator)
2022-02-01,2022,2,WS_Cedar_01,WS_Cedar_01_HRU1,23.4,-5.64,6.47,38.17,23.3,2.8,0.0,0.1,0.0,0.0,3.23,4.17,4.68,4.83,0.0,Historical,Baseline,True,DEMO / SYNTHETIC DATA (Plant-to-Watershed Simulator)
2022-02-01,2022,2,WS_Cedar_01,WS_Cedar_01_HRU1,23.4,-5.64,6.47,38.17,23.4,2.8,0.0,0.1,0.0,0.0,3.14,4.16,4.59,4.82,0.0,Historical,No-Till,True,DEMO / SYNTHETIC DATA (Plant-to-Watershed Simulator)
2022-02-01,2022,2,WS_Cedar_01,WS_Cedar_01_HRU2,27.2,-4.0,7.88,42.77,25.2,2.8,0.0,0.1,0.0,0.0,5.02,4.45,4.91,4.86,0.0,Historical,Baseline,True,DEMO / SYNTHETIC DATA (Plant-to-Watershed Simulator)
2022-02-01,2022,2,WS_Cedar_01,WS_Cedar_01_HRU2,27.2,-4.0,7.88,42.77,26.3,2.8,0.0,0.1,0.0,0.0,4.22,4.32,4.11,4.71,0.0,Historical,No-Till,True,DEMO / SYNTHETIC DATA (Plant-to-Watershed Simulator)
2022-02-01,2022,2,WS_Cedar_01,WS_Cedar_01_HRU3,79.7,-4.65,6.0,28.97,64.2,2.8,0.0,0.1,0.0,0.0,18.65,7.42,18.25,7.59,0.0,Historical,Baseline,True,DEMO / SYNTHETIC DATA (Plant-to-Watershed Simulator)
2022-02-01,2022,2,WS_Cedar_01,WS_Cedar_01_HRU3,79.7,-4.65,6.0,28.97,68.2,2.8,0.0,0.1,0.0,0.0,15.65,6.9,15.22,7.01,0.0,Historical,No-Till,True,DEMO / SYNTHETIC DATA (Plant-to-Watershed Simulator)
2022-02-01,2022,2,WS_Iowa_03,WS_Iowa_03_HRU1,35.6,-3.18,7.18,38.17,33.4,2.8,0.0,0.1,0.0,0.0,4.73,8.94,3.95,8.45,0.0,Historical,Baseline,True,DEMO / SYNTHETIC DATA (Plant-to-Watershed Simulator)
2022-02-01,2022,2,WS_Iowa_03,WS_Iowa_03_HRU1,35.6,-3.18,7.18,38.17,34.6,2.8,0.0,0.1,0.0,0.0,3.87,8.7,3.09,8.18,0.0,Historical,No-Till,True,DEMO / SYNTHETIC DATA (Plant-to-Watershed Simulator)
2022-02-01,2022,2,WS_Iowa_03,WS_Iowa_03_HRU2,71.5,-1.79,7.33,42.77,46.1,2.8,0.0,0.1,0.0,0.0,22.31,13.46,22.36,14.73,0.0,Historical,Baseline,True,DEMO / SYNTHETIC DATA (Plant-to-Watershed Simulator)
2022-02-01,2022,2,WS_Iowa_03,WS_Iowa_03_HRU2,71.5,-1.79,7.33,42.77,51.4,2.8,0.0,0.1,0.0,0.0,18.39,12.34,18.4,13.48,0.0,Historical,No-Till,True,DEMO / SYNTHETIC DATA (Plant-to-Watershed Simulator)
2022-02-01,2022,2,WS_Iowa_03,WS_Iowa_03_HRU3,53.8,-6.0,6.54,28.97,49.0,2.8,0.0,0.1,0.0,0.0,6.84,8.34,6.87,8.85,0.0,Historical,Baseline,True,DEMO / SYNTHETIC DATA (Plant-to-Watershed Simulator)
2022-02-01,2022,2,WS_Iowa_03,WS_Iowa_03_HRU3,53.8,-6.0,6.54,28.97,50.9,2.8,0.0,0.1,0.0,0.0,5.39,7.92,5.41,8.39,0.0,Historical,No-Till,True,DEMO / SYNTHETIC DATA (Plant-to-Watershed Simulator)
2022-02-01,2022,2,WS_Raccoon_02,WS_Raccoon_02_HRU1,41.7,-3.53,6.58,38.17,37.7,2.8,0.0,0.1,0.0,0.0,5.47,7.52,6.12,6.98,0.0,Historical,Baseline,True,DEMO / SYNTHETIC DATA (Plant-to-Watershed Simulator)
2022-02-01,2022,2,WS_Raccoon_02,WS_Raccoon_02_HRU1,41.7,-3.53,6.58,38.17,39.4,2.8,0.0,0.1,0.0,0.0,4.21,7.23,4.85,6.66,0.0,Historical,No-Till,True,DEMO / SYNTHETIC DATA (Plant-to-Watershed Simulator)
2022-02-01,2022,2,WS_Raccoon_02,WS_Raccoon_02_HRU2,30.2,-3.79,9.65,42.77,27.3,2.8,0.0,0.1,0.0,0.0,2.28,6.84,1.99,6.27,0.0,Historical,Baseline,True,DEMO / SYNTHETIC DATA (Plant-to-Watershed Simulator)
2022-02-01,2022,2,WS_Raccoon_02,WS_Raccoon_02_HRU2,30.2,-3.79,9.65,42.77,28.7,2.8,0.0,0.1,0.0,0.0,1.5,6.67,1.2,6.07,0.0,Historical,No-Till,True,DEMO / SYNTHETIC DATA (Plant-to-Watershed Simulator)
2022-02-01,2022,2,WS_Raccoon_02,WS_Raccoon_02_HRU3,55.6,-3.19,8.91,28.97,50.2,2.8,0.0,0.1,0.0,0.0,8.05,8.18,8.54,8.16,0.0,Historical,Baseline,True,DEMO / SYNTHETIC DATA (Plant-to-Watershed Simulator)
2022-02-01,2022,2,WS_Raccoon_02,WS_Raccoon_02_HRU3,55.6,-3.19,8.91,28.97,52.3,2.8,0.0,0.1,0.0,0.0,6.49,7.82,6.97,7.77,0.0,Historical,No-Till,True,DEMO / SYNTHETIC DATA (Plant-to-Watershed Simulator)
2022-03-01,2022,3,WS_Cedar_01,WS_Cedar_01_HRU1,22.6,2.78,11.59,31.6,22.5,22.5,0.0,0.1,0.0,0.0,2.6,3.84,2.47,4.07,0.0,Historical,Baseline,True,DEMO / SYNTHETIC DATA (Plant-to-Watershed Simulator)
2022-03-01,2022,3,WS_Cedar_01,WS_Cedar_01_HRU1,22.6,2.78,11.59,31.6,22.6,22.5,0.0,0.1,0.0,0.0,2.54,3.83,2.41,4.06,0.0,Historical,No-Till,True,DEMO / SYNTHETIC DATA (Plant-to-Watershed Simulator)
2022-03-01,2022,3,WS_Cedar_01,WS_Cedar_01_HRU2,40.2,3.54,10.31,36.27,33.3,22.3,0.0,0.1,0.0,0.0,8.26,5.08,7.31,5.16,0.0,Historical,Baseline,True,DEMO / SYNTHETIC DATA (Plant-to-Watershed Simulator)
2022-03-01,2022,3,WS_Cedar_01,WS_Cedar_01_HRU2,40.2,3.54,10.31,36.27,35.7,22.3,0.0,0.1,0.0,0.0,6.47,4.77,5.51,4.82,0.0,Historical,No-Till,True,DEMO / SYNTHETIC DATA (Plant-to-Watershed Simulator)
2022-03-01,2022,3,WS_Cedar_01,WS_Cedar_01_HRU3,48.6,2.0,9.53,23.47,45.3,19.3,0.0,0.1,0.0,0.0,5.31,4.85,5.24,4.85,0.0,Historical,Baseline,True,DEMO / SYNTHETIC DATA (Plant-to-Watershed Simulator)
2022-03-01,2022,3,WS_Cedar_01,WS_Cedar_01_HRU3,48.6,2.0,9.53,23.47,46.8,19.3,0.0,0.1,0.0,0.0,4.17,4.66,4.09,4.63,0.0,Historical,No-Till,True,DEMO / SYNTHETIC DATA (Plant-to-Watershed Simulator)
2022-03-01,2022,3,WS_Iowa_03,WS_Iowa_03_HRU1,70.3,0.65,9.12,33.43,53.2,17.0,0.0,0.1,0.0,0.0,16.47,12.09,16.75,12.29,0.0,Historical,Baseline,True,DEMO / SYNTHETIC DATA (Plant-to-Watershed Simulator)
2022-03-01,2022,3,WS_Iowa_03,WS_Iowa_03_HRU1,70.3,0.65,9.12,33.43,57.3,17.0,0.0,0.1,0.0,0.0,13.37,11.21,13.62,11.31,0.0,Historical,No-Till,True,DEMO / SYNTHETIC DATA (Plant-to-Watershed Simulator)
2022-03-01,2022,3,WS_Iowa_03,WS_Iowa_03_HRU2,29.7,0.79,8.63,38.13,27.0,16.7,0.0,0.1,0.0,0.0,6.5,8.94,6.38,9.5,0.0,Historical,Baseline,True,DEMO / SYNTHETIC DATA (Plant-to-Watershed Simulator)
2022-03-01,2022,3,WS_Iowa_03,WS_Iowa_03_HRU2,29.7,0.79,8.63,38.13,28.3,16.7,0.0,0.1,0.0,0.0,5.51,8.65,5.38,9.19,0.0,Historical,No-Till,True,DEMO / SYNTHETIC DATA (Plant-to-Watershed Simulator)
2022-03-01,2022,3,WS_Iowa_03,WS_Iowa_03_HRU3,27.6,1.2,10.99,23.37,27.6,19.6,0.0,0.1,0.0,0.0,1.5,8.04,0.5,7.52,0.0,Historical,Baseline,True,DEMO / SYNTHETIC DATA (Plant-to-Watershed Simulator)
2022-03-01,2022,3,WS_Iowa_03,WS_Iowa_03_HRU3,27.6,1.2,10.99,23.37,27.6,19.6,0.0,0.1,0.0,0.0,1.5,8.04,0.5,7.52,0.0,Historical,No-Till,True,DEMO / SYNTHETIC DATA (Plant-to-Watershed Simulator)
2022-03-01,2022,3,WS_Raccoon_02,WS_Raccoon_02_HRU1,21.9,2.57,12.16,31.53,21.9,22.7,0.0,0.1,0.0,0.0,1.5,6.43,0.92,5.83,0.0,Historical,Baseline,True,DEMO / SYNTHETIC DATA (Plant-to-Watershed Simulator)
2022-03-01,2022,3,WS_Raccoon_02,WS_Raccoon_02_HRU1,21.9,2.57,12.16,31.53,21.9,22.7,0.0,0.1,0.0,0.0,1.5,6.43,0.92,5.83,0.0,Historical,No-Till,True,DEMO / SYNTHETIC DATA (Plant-to-Watershed Simulator)
2022-03-01,2022,3,WS_Raccoon_02,WS_Raccoon_02_HRU2,63.1,2.62,10.29,36.7,43.3,21.0,0.0,0.1,0.0,0.0,20.06,10.54,20.15,10.54,0.0,Historical,Baseline,True,DEMO / SYNTHETIC DATA (Plant-to-Watershed Simulator)
2022-03-01,2022,3,WS_Raccoon_02,WS_Raccoon_02_HRU2,63.1,2.62,10.29,36.7,47.9,21.0,0.0,0.1,0.0,0.0,16.67,9.77,16.73,9.67,0.0,Historical,No-Till,True,DEMO / SYNTHETIC DATA (Plant-to-Watershed Simulator)
2022-03-01,2022,3,WS_Raccoon_02,WS_Raccoon_02_HRU3,49.1,2.96,12.45,22.03,45.7,23.6,0.0,0.1,0.0,0.0,7.28,7.81,6.97,7.01,0.0,Historical,Baseline,True,DEMO / SYNTHETIC DATA (Plant-to-Watershed Simulator)
2022-03-01,2022,3,WS_Raccoon_02,WS_Raccoon_02_HRU3,49.1,2.96,12.45,22.03,47.2,23.6,0.0,0.1,0.0,0.0,6.11,7.55,5.8,6.71,0.0,Historical,No-Till,True,DEMO / SYNTHETIC DATA (Plant-to-Watershed Simulator)
2022-04-01,2022,4,WS_Cedar_01,WS_Cedar_01_HRU1,59.0,7.97,14.96,28.03,47.8,33.2,0.0,0.1,0.0,0.0,15.21,6.35,16.02,7.04,0.0,Historical,Baseline,True,DEMO / SYNTHETIC DATA (Plant-to-Watershed Simulator)
2022-04-01,2022,4,WS_Cedar_01,WS_Cedar_01_HRU1,59.0,7.97,14.96,28.03,51.0,33.2,0.0,0.1,0.0,0.0,12.82,5.94,13.62,6.59,0.0,Historical,No-Till,True,DEMO / SYNTHETIC DATA (Plant-to-Watershed Simulator)
2022-04-01,2022,4,WS_Cedar_01,WS_Cedar_01_HRU2,90.2,9.83,15.74,32.03,51.2,35.0,0.0,0.1,0.0,0.0,38.95,10.67,38.22,10.97,0.0,Historical,Baseline,True,DEMO / SYNTHETIC DATA (Plant-to-Watershed Simulator)
2022-04-01,2022,4,WS_Cedar_01,WS_Cedar_01_HRU2,90.2,9.83,15.74,32.03,57.8,35.0,0.0,0.1,0.0,0.0,33.98,9.82,33.21,10.02,0.0,Historical,No-Till,True,DEMO / SYNTHETIC DATA (Plant-to-Watershed Simulator)
2022-04-01,2022,4,WS_Cedar_01,WS_Cedar_01_HRU3,28.9,8.09,17.1,18.23,28.8,35.0,0.0,0.1,0.0,0.0,4.01,4.17,4.26,4.45,0.0,Historical,Baseline,True,DEMO / SYNTHETIC DATA (Plant-to-Watershed Simulator)
2022-04-01,2022,4,WS_Cedar_01,WS_Cedar_01_HRU3,28.9,8.09,17.1,18.23,28.9,35.0,0.0,0.1,0.0,0.0,3.97,4.16,4.22,4.45,0.0,Historical,No-Till,True,DEMO / SYNTHETIC DATA (Plant-to-Watershed Simulator)
2022-04-01,2022,4,WS_Iowa_03,WS_Iowa_03_HRU1,41.8,7.64,15.13,28.13,37.8,32.9,0.0,0.1,0.0,0.0,5.98,9.55,5.72,9.08,0.0,Historical,Baseline,True,DEMO / SYNTHETIC DATA (Plant-to-Watershed Simulator)
2022-04-01,2022,4,WS_Iowa_03,WS_Iowa_03_HRU1,41.8,7.64,15.13,28.13,39.5,32.9,0.0,0.1,0.0,0.0,4.71,9.19,4.44,8.68,0.0,Historical,No-Till,True,DEMO / SYNTHETIC DATA (Plant-to-Watershed Simulator)
2022-04-01,2022,4,WS_Iowa_03,WS_Iowa_03_HRU2,35.5,11.13,12.96,32.03,30.7,35.0,0.0,0.1,0.0,0.0,7.63,9.09,7.58,9.37,0.0,Historical,Baseline,True,DEMO / SYNTHETIC DATA (Plant-to-Watershed Simulator)
2022-04-01,2022,4,WS_Iowa_03,WS_Iowa_03_HRU2,35.5,11.13,12.96,32.03,32.6,35.0,0.0,0.1,0.0,0.0,6.19,8.68,6.13,8.91,0.0,Historical,No-Till,True,DEMO / SYNTHETIC DATA (Plant-to-Watershed Simulator)
2022-04-01,2022,4,WS_Iowa_03,WS_Iowa_03_HRU3,28.7,9.11,15.35,18.23,28.7,35.0,0.0,0.1,0.0,0.0,2.52,8.04,2.48,7.49,0.0,Historical,Baseline,True,DEMO / SYNTHETIC DATA (Plant-to-Watershed Simulator)
2022-04-01,2022,4,WS_Iowa_03,WS_Iowa_03_HRU3,28.7,9.11,15.35,18.23,28.7,35.0,0.0,0.1,0.0,0.0,2.49,8.03,2.45,7.48,0.0,Historical,No-Till,True,DEMO / SYNTHETIC DATA (Plant-to-Watershed Simulator)
2022-04-01,2022,4,WS_Raccoon_02,WS_Raccoon_02_HRU1,25.5,12.8,13.9,27.43,25.2,35.0,0.0,0.1,0.0,0.0,3.9,7.16,3.84,6.5,0.0,Historical,Baseline,True,DEMO / SYNTHETIC DATA (Plant-to-Watershed Simulator)
2022-04-01,2022,4,WS_Raccoon_02,WS_Raccoon_02_HRU1,25.5,12.8,13.9,27.43,25.5,35.0,0.0,0.1,0.0,0.0,3.68,7.11,3.61,6.44,0.0,Historical,No-Till,True,DEMO / SYNTHETIC DATA (Plant-to-Watershed Simulator)
2022-04-01,2022,4,WS_Raccoon_02,WS_Raccoon_02_HRU2,17.9,9.13,15.71,31.0,17.7,34.8,0.0,0.1,0.0,0.0,1.5,6.09,1.44,5.42,0.0,Historical,Baseline,True,DEMO / SYNTHETIC DATA (Plant-to-Watershed Simulator)
2022-04-01,2022,4,WS_Raccoon_02,WS_Raccoon_02_HRU2,17.9,9.13,15.71,31.07,17.9,34.8,0.0,0.1,0.0,0.0,1.5,6.09,1.44,5.42,0.0,Historical,No-Till,True,DEMO / SYNTHETIC DATA (Plant-to-Watershed Simulator)
2022-04-01,2022,4,WS_Raccoon_02,WS_Raccoon_02_HRU3,20.6,9.75,16.32,17.23,20.6,35.0,0.0,0.1,0.0,0.0,1.5,6.76,2.06,5.89,0.0,Historical,Baseline,True,DEMO / SYNTHETIC DATA (Plant-to-Watershed Simulator)
2022-04-01,2022,4,WS_Raccoon_02,WS_Raccoon_02_HRU3,20.6,9.75,16.32,17.23,20.6,35.0,0.0,0.1,0.0,0.0,1.5,6.76,2.06,5.89,0.0,Historical,No-Till,True,DEMO / SYNTHETIC DATA (Plant-to-Watershed Simulator)
2022-05-01,2022,5,WS_Cedar_01,WS_Cedar_01_HRU1,97.2,17.66,20.42,25.5,63.2,40.8,0.1,0.2,5.8,0.0,34.67,9.4,33.64,10.48,0.0,Historical,Baseline,True,DEMO / SYNTHETIC DATA (Plant-to-Watershed Simulator)
2022-05-01,2022,5,WS_Cedar_01,WS_Cedar_01_HRU1,97.2,17.66,20.42,25.5,69.3,40.8,0.1,0.2,5.8,0.0,30.04,8.61,28.97,9.59,0.0,Historical,No-Till,True,DEMO / SYNTHETIC DATA (Plant-to-Watershed Simulator)
2022-05-01,2022,5,WS_Cedar_01,WS_Cedar_01_HRU2,49.7,20.56,18.29,28.7,38.0,45.0,0.17,0.2,10.0,0.0,11.82,5.44,11.34,5.84,0.0,Historical,Baseline,True,DEMO / SYNTHETIC DATA (Plant-to-Watershed Simulator)
2022-05-01,2022,5,WS_Cedar_01,WS_Cedar_01_HRU2,49.7,20.56,18.29,28.7,41.3,45.0,0.17,0.2,10.0,0.0,9.34,5.02,8.85,5.36,0.0,Historical,No-Till,True,DEMO / SYNTHETIC DATA (Plant-to-Watershed Simulator)
2022-05-01,2022,5,WS_Cedar_01,WS_Cedar_01_HRU3,82.5,18.9,18.97,16.3,65.5,40.8,0.1,0.2,5.8,0.0,18.27,7.81,17.25,7.54,0.0,Historical,Baseline,True,DEMO / SYNTHETIC DATA (Plant-to-Watershed Simulator)
2022-05-01,2022,5,WS_Cedar_01,WS_Cedar_01_HRU3,82.5,18.9,18.97,16.3,69.8,40.8,0.1,0.2,5.8,0.0,15.11,7.27,14.06,6.94,0.0,Historical,No-Till,True,DEMO / SYNTHETIC DATA (Plant-to-Watershed Simulator)
2022-05-01,2022,5,WS_Iowa_03,WS_Iowa_03_HRU1,166.7,16.06,19.05,25.63,78.8,40.4,0.1,0.2,5.4,0.0,78.5,29.66,77.58,31.23,0.0,Historical,Baseline,True,DEMO / SYNTHETIC DATA (Plant-to-Watershed Simulator)
2022-05-01,2022,5,WS_Iowa_03,WS_Iowa_03_HRU1,166.7,16.06,19.05,25.63,89.0,40.4,0.1,0.2,5.4,0.0,70.89,27.49,69.89,28.81,0.0,Historical,No-Till,True,DEMO / SYNTHETIC DATA (Plant-to-Watershed Simulator)
2022-05-01,2022,5,WS_Iowa_03,WS_Iowa_03_HRU2,99.7,19.88,17.78,26.03,53.3,53.0,0.33,0.2,18.0,0.0,43.71,20.06,43.05,21.49,0.0,Historical,Baseline,True,DEMO / SYNTHETIC DATA (Plant-to-Watershed Simulator)
2022-05-01,2022,5,WS_Iowa_03,WS_Iowa_03_HRU2,99.7,19.88,17.78,26.03,60.5,53.0,0.33,0.2,18.0,0.0,38.27,18.51,37.61,19.78,0.0,Historical,No-Till,True,DEMO / SYNTHETIC DATA (Plant-to-Watershed Simulator)
2022-05-01,2022,5,WS_Iowa_03,WS_Iowa_03_HRU3,72.3,19.71,17.11,14.0,60.3,47.7,0.23,0.2,12.7,0.0,15.73,11.89,15.61,12.06,0.0,Historical,Baseline,True,DEMO / SYNTHETIC DATA (Plant-to-Watershed Simulator)
2022-05-01,2022,5,WS_Iowa_03,WS_Iowa_03_HRU3,72.3,19.71,17.11,14.0,63.7,47.7,0.23,0.2,12.7,0.0,13.17,11.16,13.04,11.25,0.0,Historical,No-Till,True,DEMO / SYNTHETIC DATA (Plant-to-Watershed Simulator)
2022-05-01,2022,5,WS_Raccoon_02,WS_Raccoon_02_HRU1,43.6,19.33,19.29,23.43,39.0,47.0,0.21,0.2,12.0,0.0,5.06,6.4,4.21,6.49,0.0,Historical,Baseline,True,DEMO / SYNTHETIC DATA (Plant-to-Watershed Simulator)
2022-05-01,2022,5,WS_Raccoon_02,WS_Raccoon_02_HRU1,43.6,19.33,19.29,23.43,40.8,47.0,0.21,0.2,12.0,0.0,3.67,6.08,2.81,6.13,0.0,Historical,No-Till,True,DEMO / SYNTHETIC DATA (Plant-to-Watershed Simulator)
2022-05-01,2022,5,WS_Raccoon_02,WS_Raccoon_02_HRU2,133.9,17.33,20.31,28.7,59.1,45.0,0.18,0.2,10.0,0.0,66.2,21.32,64.83,21.64,0.0,Historical,Baseline,True,DEMO / SYNTHETIC DATA (Plant-to-Watershed Simulator)
2022-05-01,2022,5,WS_Raccoon_02,WS_Raccoon_02_HRU2,133.9,17.33,20.31,28.7,68.3,45.0,0.18,0.2,10.0,0.0,59.32,19.75,57.91,19.9,0.0,Historical,No-Till,True,DEMO / SYNTHETIC DATA (Plant-to-Watershed Simulator)
2022-05-01,2022,5,WS_Raccoon_02,WS_Raccoon_02_HRU3,71.2,19.32,20.73,16.2,59.7,41.1,0.1,0.2,6.1,0.0,13.63,8.35,13.65,9.61,0.0,Historical,Baseline,True,DEMO / SYNTHETIC DATA (Plant-to-Watershed Simulator)
2022-05-01,2022,5,WS_Raccoon_02,WS_Raccoon_02_HRU3,71.2,19.32,20.73,16.2,63.0,41.1,0.1,0.2,6.1,0.0,11.13,7.78,11.13,8.98,0.0,Historical,No-Till,True,DEMO / SYNTHETIC DATA (Plant-to-Watershed Simulator)
2022-06-01,2022,6,WS_Cedar_01,WS_Cedar_01_HRU1,143.3,24.54,23.1,9.8,74.6,117.6,2.12,0.5,82.6,0.064,62.87,14.09,54.48,14.16,0.0,Historical,Baseline,True,DEMO / SYNTHETIC DATA (Plant-to-Watershed Simulator)
2022-06-01,2022,6,WS_Cedar_01,WS_Cedar_01_HRU1,143.3,24.54,23.1,9.8,83.6,117.6,2.12,0.5,82.6,0.064,56.13,12.93,48.18,12.97,0.0,Historical,No-Till,True,DEMO / SYNTHETIC DATA (Plant-to-Watershed Simulator)
2022-06-01,2022,6,WS_Cedar_01,WS_Cedar_01_HRU2,113.1,25.12,22.32,14.0,55.9,119.4,2.13,0.5,84.4,0.048,51.77,14.13,44.96,12.07,0.0,Historical,Baseline,True,DEMO / SYNTHETIC DATA (Plant-to-Watershed Simulator)
2022-06-01,2022,6,WS_Cedar_01,WS_Cedar_01_HRU2,113.1,25.12,22.32,14.0,63.9,119.4,2.13,0.5,84.4,0.048,45.71,13.09,39.3,11.0,0.0,Historical,No-Till,True,DEMO / SYNTHETIC DATA (Plant-to-Watershed Simulator)
2022-06-01,2022,6,WS_Cedar_01,WS_Cedar_01_HRU3,118.2,25.85,22.9,6.3,80.2,116.9,2.01,0.5,81.9,0.072,38.54,10.1,32.98,10.3,0.0,Historical,Baseline,True,DEMO / SYNTHETIC DATA (Plant-to-Watershed Simulator)
2022-06-01,2022,6,WS_Cedar_01,WS_Cedar_01_HRU3,118.2,25.85,22.9,6.3,87.0,116.9,2.01,0.5,81.9,0.072,33.46,9.23,28.21,9.4,0.0,Historical,No-Till,True,DEMO / SYNTHETIC DATA (Plant-to-Watershed Simulator)
2022-06-01,2022,6,WS_Iowa_03,WS_Iowa_03_HRU1,22.9,24.9,22.69,9.8,22.8,112.5,2.07,0.5,77.5,0.113,1.74,8.33,0.85,8.07,0.0,Historical,Baseline,True,DEMO / SYNTHETIC DATA (Plant-to-Watershed Simulator)
2022-06-01,2022,6,WS_Iowa_03,WS_Iowa_03_HRU1,22.9,24.9,22.69,9.8,22.9,112.5,2.07,0.5,77.5,0.113,1.67,8.31,0.78,8.05,0.0,Historical,No-Till,True,DEMO / SYNTHETIC DATA (Plant-to-Watershed Simulator)
2022-06-01,2022,6,WS_Iowa_03,WS_Iowa_03_HRU2,85.3,22.2,22.43,14.0,50.0,108.1,1.75,0.5,73.1,0.023,30.76,15.93,26.61,16.06,0.0,Historical,Baseline,True,DEMO / SYNTHETIC DATA (Plant-to-Watershed Simulator)
2022-06-01,2022,6,WS_Iowa_03,WS_Iowa_03_HRU2,85.3,22.2,22.43,14.0,56.3,108.1,1.75,0.5,73.1,0.023,26.05,14.59,22.13,14.65,0.0,Historical,No-Till,True,DEMO / SYNTHETIC DATA (Plant-to-Watershed Simulator)
2022-06-01,2022,6,WS_Iowa_03,WS_Iowa_03_HRU3,122.1,23.67,21.13,6.3,81.5,106.7,1.84,0.5,71.7,0.081,39.07,18.41,33.55,17.71,0.0,Historical,Baseline,True,DEMO / SYNTHETIC DATA (Plant-to-Watershed Simulator)
2022-06-01,2022,6,WS_Iowa_03,WS_Iowa_03_HRU3,122.1,23.67,21.13,6.3,88.6,106.7,1.84,0.5,71.7,0.081,33.79,16.9,28.54,16.13,0.0,Historical,No-Till,True,DEMO / SYNTHETIC DATA (Plant-to-Watershed Simulator)
2022-06-01,2022,6,WS_Raccoon_02,WS_Raccoon_02_HRU1,94.6,23.43,22.69,9.8,62.3,116.7,2.19,0.5,81.7,0.06,30.32,12.28,26.3,11.85,0.0,Historical,Baseline,True,DEMO / SYNTHETIC DATA (Plant-to-Watershed Simulator)
2022-06-01,2022,6,WS_Raccoon_02,WS_Raccoon_02_HRU1,94.6,23.43,22.69,9.8,68.3,116.7,2.19,0.5,81.7,0.06,25.82,11.26,22.11,10.8,0.0,Historical,No-Till,True,DEMO / SYNTHETIC DATA (Plant-to-Watershed Simulator)
2022-06-01,2022,6,WS_Raccoon_02,WS_Raccoon_02_HRU2,69.6,22.71,24.06,14.0,45.5,119.8,2.24,0.5,84.8,0.039,23.33,10.36,19.2,10.04,0.0,Historical,Baseline,True,DEMO / SYNTHETIC DATA (Plant-to-Watershed Simulator)
2022-06-01,2022,6,WS_Raccoon_02,WS_Raccoon_02_HRU2,69.6,22.71,24.06,14.0,50.6,119.8,2.24,0.5,84.8,0.039,19.52,9.49,15.66,9.14,0.0,Historical,No-Till,True,DEMO / SYNTHETIC DATA (Plant-to-Watershed Simulator)
2022-06-01,2022,6,WS_Raccoon_02,WS_Raccoon_02_HRU3,45.8,26.16,23.31,6.3,43.2,117.2,1.94,0.5,82.2,0.063,5.87,7.64,4.55,6.95,0.0,Historical,Baseline,True,DEMO / SYNTHETIC DATA (Plant-to-Watershed Simulator)
2022-06-01,2022,6,WS_Raccoon_02,WS_Raccoon_02_HRU3,45.8,26.16,23.31,6.3,44.5,117.2,1.94,0.5,82.2,0.063,4.9,7.42,3.64,6.72,0.0,Historical,No-Till,True,DEMO / SYNTHETIC DATA (Plant-to-Watershed Simulator)
2022-07-01,2022,7,WS_Cedar_01,WS_Cedar_01_HRU1,49.6,26.91,24.04,9.8,42.7,131.1,4.72,0.9,96.1,0.22,9.07,5.36,5.41,4.4,0.0,Historical,Baseline,True,DEMO / SYNTHETIC DATA (Plant-to-Watershed Simulator)
2022-07-01,2022,7,WS_Cedar_01,WS_Cedar_01_HRU1,49.6,26.91,24.04,9.8,45.1,139.2,4.72,0.9,104.2,0.154,7.28,5.06,3.89,4.11,0.0,Historical,No-Till,True,DEMO / SYNTHETIC DATA (Plant-to-Watershed Simulator)
2022-07-01,2022,7,WS_Cedar_01,WS_Cedar_01_HRU2,182.1,25.86,21.3,14.0,64.5,143.9,4.78,0.9,108.9,0.061,104.39,22.33,78.43,18.85,0.0,Historical,Baseline,True,DEMO / SYNTHETIC DATA (Plant-to-Watershed Simulator)
2022-07-01,2022,7,WS_Cedar_01,WS_Cedar_01_HRU2,182.1,25.86,21.3,14.0,75.7,143.9,4.78,0.9,108.9,0.061,96.03,20.9,71.33,17.51,0.0,Historical,No-Till,True,DEMO / SYNTHETIC DATA (Plant-to-Watershed Simulator)
2022-07-01,2022,7,WS_Cedar_01,WS_Cedar_01_HRU3,107.5,25.36,23.68,6.3,76.3,154.2,4.87,0.9,119.2,0.0,32.32,9.85,21.12,8.12,0.0,Historical,Baseline,True,DEMO / SYNTHETIC DATA (Plant-to-Watershed Simulator)
2022-07-01,2022,7,WS_Cedar_01,WS_Cedar_01_HRU3,107.5,25.36,23.68,6.3,82.4,154.2,4.87,0.9,119.2,0.0,27.79,9.08,17.28,7.4,0.0,Historical,No-Till,True,DEMO / SYNTHETIC DATA (Plant-to-Watershed Simulator)
2022-07-01,2022,7,WS_Iowa_03,WS_Iowa_03_HRU1,110.7,23.88,25.72,9.8,67.1,147.9,4.71,0.9,112.9,0.045,42.08,19.59,29.02,15.98,0.0,Historical,Baseline,True,DEMO / SYNTHETIC DATA (Plant-to-Watershed Simulator)
2022-07-01,2022,7,WS_Iowa_03,WS_Iowa_03_HRU1,110.7,23.88,25.72,9.8,74.2,147.9,4.71,0.9,112.9,0.045,36.77,18.08,24.51,14.56,0.0,Historical,No-Till,True,DEMO / SYNTHETIC DATA (Plant-to-Watershed Simulator)
2022-07-01,2022,7,WS_Iowa_03,WS_Iowa_03_HRU2,118.8,27.12,22.14,14.0,56.8,152.1,4.69,0.9,117.1,0.027,55.07,23.14,40.26,19.51,0.0,Historical,Baseline,True,DEMO / SYNTHETIC DATA (Plant-to-Watershed Simulator)
2022-07-01,2022,7,WS_Iowa_03,WS_Iowa_03_HRU2,118.8,27.12,22.14,14.0,65.2,152.1,4.69,0.9,117.1,0.027,48.78,21.34,34.92,17.83,0.0,Historical,No-Till,True,DEMO / SYNTHETIC DATA (Plant-to-Watershed Simulator)
2022-07-01,2022,7,WS_Iowa_03,WS_Iowa_03_HRU3,81.8,25.93,20.71,6.3,65.2,147.5,4.57,0.9,112.5,0.015,21.52,13.39,13.24,11.28,0.0,Historical,Baseline,True,DEMO / SYNTHETIC DATA (Plant-to-Watershed Simulator)
2022-07-01,2022,7,WS_Iowa_03,WS_Iowa_03_HRU3,81.8,25.93,20.71,6.3,69.4,147.5,4.57,0.9,112.5,0.015,18.41,12.5,10.6,10.45,0.0,Historical,No-Till,True,DEMO / SYNTHETIC DATA (Plant-to-Watershed Simulator)
2022-07-01,2022,7,WS_Raccoon_02,WS_Raccoon_02_HRU1,181.2,24.77,22.4,9.8,81.0,138.4,4.8,0.9,103.4,0.102,90.46,26.84,66.88,22.36,0.0,Historical,Baseline,True,DEMO / SYNTHETIC DATA (Plant-to-Watershed Simulator)
2022-07-01,2022,7,WS_Raccoon_02,WS_Raccoon_02_HRU1,181.2,24.77,22.4,9.8,91.8,138.4,4.8,0.9,103.4,0.102,82.37,24.99,60.02,20.64,0.0,Historical,No-Till,True,DEMO / SYNTHETIC DATA (Plant-to-Watershed Simulator)
2022-07-01,2022,7,WS_Raccoon_02,WS_Raccoon_02_HRU2,98.0,25.59,25.52,14.0,52.9,145.7,4.9,0.9,110.7,0.101,40.83,15.16,27.55,12.37,0.0,Historical,Baseline,True,DEMO / SYNTHETIC DATA (Plant-to-Watershed Simulator)
2022-07-01,2022,7,WS_Raccoon_02,WS_Raccoon_02_HRU2,98.0,25.59,25.52,14.0,60.1,145.7,4.9,0.9,110.7,0.101,35.47,13.94,23.0,11.22,0.0,Historical,No-Till,True,DEMO / SYNTHETIC DATA (Plant-to-Watershed Simulator)
2022-07-01,2022,7,WS_Raccoon_02,WS_Raccoon_02_HRU3,45.9,26.99,24.08,6.3,43.3,156.5,4.74,0.9,121.5,0.016,5.43,7.25,1.93,6.24,0.0,Historical,Baseline,True,DEMO / SYNTHETIC DATA (Plant-to-Watershed Simulator)
2022-07-01,2022,7,WS_Raccoon_02,WS_Raccoon_02_HRU3,45.9,26.99,24.08,6.3,44.6,156.5,4.74,0.9,121.5,0.016,4.45,7.02,1.1,6.03,0.0,Historical,No-Till,True,DEMO / SYNTHETIC DATA (Plant-to-Watershed Simulator)
2022-08-01,2022,8,WS_Cedar_01,WS_Cedar_01_HRU1,52.8,25.11,23.89,9.8,44.5,142.4,4.72,1.2,107.4,0.092,12.17,6.16,7.06,4.69,0.0,Historical,Baseline,True,DEMO / SYNTHETIC DATA (Plant-to-Watershed Simulator)
2022-08-01,2022,8,WS_Cedar_01,WS_Cedar_01_HRU1,52.8,25.11,23.89,9.8,47.2,151.3,4.72,1.2,116.3,0.017,10.18,5.82,5.32,4.36,0.0,Historical,No-Till,True,DEMO / SYNTHETIC DATA (Plant-to-Watershed Simulator)
2022-08-01,2022,8,WS_Cedar_01,WS_Cedar_01_HRU2,47.0,24.07,22.5,14.0,36.8,94.7,4.65,1.2,59.7,0.471,11.03,5.72,5.51,4.97,0.0,Historical,Baseline,True,DEMO / SYNTHETIC DATA (Plant-to-Watershed Simulator)
2022-08-01,2022,8,WS_Cedar_01,WS_Cedar_01_HRU2,47.0,24.07,22.5,14.0,39.8,105.1,4.65,1.2,70.1,0.379,8.74,5.33,3.51,4.59,0.0,Historical,No-Till,True,DEMO / SYNTHETIC DATA (Plant-to-Watershed Simulator)
2022-08-01,2022,8,WS_Cedar_01,WS_Cedar_01_HRU3,248.9,25.32,21.46,6.3,108.6,137.7,4.66,1.2,102.7,0.102,127.53,25.5,91.7,21.39,0.0,Historical,Baseline,True,DEMO / SYNTHETIC DATA (Plant-to-Watershed Simulator)
2022-08-01,2022,8,WS_Cedar_01,WS_Cedar_01_HRU3,248.9,25.32,21.46,6.3,121.9,137.7,4.66,1.2,102.7,0.102,117.54,23.79,82.99,19.74,0.0,Historical,No-Till,True,DEMO / SYNTHETIC DATA (Plant-to-Watershed Simulator)
2022-08-01,2022,8,WS_Iowa_03,WS_Iowa_03_HRU1,116.5,24.61,23.2,9.8,68.6,145.4,4.93,1.2,110.4,0.054,42.46,19.56,30.04,16.61,0.0,Historical,Baseline,True,DEMO / SYNTHETIC DATA (Plant-to-Watershed Simulator)
2022-08-01,2022,8,WS_Iowa_03,WS_Iowa_03_HRU1,116.5,24.61,23.2,9.8,76.1,145.4,4.93,1.2,110.4,0.054,36.87,17.96,25.16,15.08,0.0,Historical,No-Till,True,DEMO / SYNTHETIC DATA (Plant-to-Watershed Simulator)
2022-08-01,2022,8,WS_Iowa_03,WS_Iowa_03_HRU2,94.1,23.76,20.47,14.0,52.1,136.3,4.66,1.2,101.3,0.068,37.69,17.84,25.63,15.48,0.0,Historical,Baseline,True,DEMO / SYNTHETIC DATA (Plant-to-Watershed Simulator)
2022-08-01,2022,8,WS_Iowa_03,WS_Iowa_03_HRU2,94.1,23.76,20.47,14.0,59.0,136.3,4.66,1.2,101.3,0.068,32.51,16.37,21.12,14.06,0.0,Historical,No-Till,True,DEMO / SYNTHETIC DATA (Plant-to-Watershed Simulator)
2022-08-01,2022,8,WS_Iowa_03,WS_Iowa_03_HRU3,130.9,23.72,22.8,6.3,84.3,138.4,4.88,1.2,103.4,0.089,44.06,20.7,28.55,16.22,0.0,Historical,Baseline,True,DEMO / SYNTHETIC DATA (Plant-to-Watershed Simulator)
2022-08-01,2022,8,WS_Iowa_03,WS_Iowa_03_HRU3,130.9,23.72,22.8,6.3,91.9,138.4,4.88,1.2,103.4,0.089,38.36,19.08,23.59,14.66,0.0,Historical,No-Till,True,DEMO / SYNTHETIC DATA (Plant-to-Watershed Simulator)
2022-08-01,2022,8,WS_Raccoon_02,WS_Raccoon_02_HRU1,138.7,25.98,24.09,9.8,73.7,154.8,5.06,1.2,119.8,0.02,59.4,19.51,41.25,15.61,0.0,Historical,Baseline,True,DEMO / SYNTHETIC DATA (Plant-to-Watershed Simulator)
2022-08-01,2022,8,WS_Raccoon_02,WS_Raccoon_02_HRU1,138.7,25.98,24.09,9.8,82.5,154.8,5.06,1.2,119.8,0.02,52.84,18.01,35.53,14.17,0.0,Historical,No-Till,True,DEMO / SYNTHETIC DATA (Plant-to-Watershed Simulator)
2022-08-01,2022,8,WS_Raccoon_02,WS_Raccoon_02_HRU2,104.2,24.5,22.31,14.0,54.2,143.9,4.88,1.2,108.9,0.05,46.58,17.08,32.84,13.88,0.0,Historical,Baseline,True,DEMO / SYNTHETIC DATA (Plant-to-Watershed Simulator)
2022-08-01,2022,8,WS_Raccoon_02,WS_Raccoon_02_HRU2,104.2,24.5,22.31,14.0,61.7,143.9,4.88,1.2,108.9,0.05,40.93,15.79,27.92,12.64,0.0,Historical,No-Till,True,DEMO / SYNTHETIC DATA (Plant-to-Watershed Simulator)
2022-08-01,2022,8,WS_Raccoon_02,WS_Raccoon_02_HRU3,80.7,23.77,23.36,6.3,64.7,138.9,4.61,1.2,103.9,0.084,18.13,10.51,10.62,8.16,0.0,Historical,Baseline,True,DEMO / SYNTHETIC DATA (Plant-to-Watershed Simulator)
2022-08-01,2022,8,WS_Raccoon_02,WS_Raccoon_02_HRU3,80.7,23.77,23.36,6.3,68.7,138.9,4.61,1.2,103.9,0.084,15.08,9.82,7.97,7.49,0.0,Historical,No-Till,True,DEMO / SYNTHETIC DATA (Plant-to-Watershed Simulator)
2022-09-01,2022,9,WS_Cedar_01,WS_Cedar_01_HRU1,109.4,18.9,20.11,9.8,66.8,100.1,2.01,1.33,65.1,0.087,39.92,10.62,29.43,9.64,0.0,Historical,Baseline,True,DEMO / SYNTHETIC DATA (Plant-to-Watershed Simulator)
2022-09-01,2022,9,WS_Cedar_01,WS_Cedar_01_HRU1,109.4,18.9,20.11,9.8,73.7,100.1,2.01,1.33,65.1,0.087,34.67,9.72,24.17,8.64,0.0,Historical,No-Till,True,DEMO / SYNTHETIC DATA (Plant-to-Watershed Simulator)
2022-09-01,2022,9,WS_Cedar_01,WS_Cedar_01_HRU2,38.3,21.59,19.48,14.0,32.3,64.1,2.03,1.33,31.6,0.585,7.58,5.4,4.35,4.97,0.0,Historical,Baseline,True,DEMO / SYNTHETIC DATA (Plant-to-Watershed Simulator)
2022-09-01,2022,9,WS_Cedar_01,WS_Cedar_01_HRU2,38.3,21.59,19.48,14.0,34.5,70.2,2.03,1.33,36.7,0.517,5.93,5.12,2.69,4.65,0.0,Historical,No-Till,True,DEMO / SYNTHETIC DATA (Plant-to-Watershed Simulator)
2022-09-01,2022,9,WS_Cedar_01,WS_Cedar_01_HRU3,69.4,17.92,18.42,6.3,58.7,97.2,2.0,1.33,62.2,0.074,13.58,6.42,7.57,5.76,0.0,Historical,Baseline,True,DEMO / SYNTHETIC DATA (Plant-to-Watershed Simulator)
2022-09-01,2022,9,WS_Cedar_01,WS_Cedar_01_HRU3,69.4,17.92,18.42,6.3,61.9,97.2,2.0,1.33,62.2,0.074,11.19,6.01,5.17,5.3,0.0,Historical,No-Till,True,DEMO / SYNTHETIC DATA (Plant-to-Watershed Simulator)
2022-09-01,2022,9,WS_Iowa_03,WS_Iowa_03_HRU1,139.1,20.15,18.11,9.8,73.8,103.0,2.04,1.33,68.0,0.052,59.12,25.07,46.59,21.85,0.0,Historical,Baseline,True,DEMO / SYNTHETIC DATA (Plant-to-Watershed Simulator)
2022-09-01,2022,9,WS_Iowa_03,WS_Iowa_03_HRU1,139.1,20.15,18.11,9.8,82.6,103.0,2.04,1.33,68.0,0.052,52.54,23.2,40.0,19.78,0.0,Historical,No-Till,True,DEMO / SYNTHETIC DATA (Plant-to-Watershed Simulator)
2022-09-01,2022,9,WS_Iowa_03,WS_Iowa_03_HRU2,98.4,21.22,20.55,14.0,53.0,101.7,1.92,1.33,66.7,0.105,40.39,19.73,32.5,17.55,0.0,Historical,Baseline,True,DEMO / SYNTHETIC DATA (Plant-to-Watershed Simulator)
2022-09-01,2022,9,WS_Iowa_03,WS_Iowa_03_HRU2,98.4,21.22,20.55,14.0,60.2,101.7,1.92,1.33,66.7,0.105,35.01,18.19,27.08,15.84,0.0,Historical,No-Till,True,DEMO / SYNTHETIC DATA (Plant-to-Watershed Simulator)
2022-09-01,2022,9,WS_Iowa_03,WS_Iowa_03_HRU3,52.8,19.84,16.65,6.3,48.3,98.8,1.96,1.33,63.8,0.059,6.93,9.45,2.39,7.78,0.0,Historical,Baseline,True,DEMO / SYNTHETIC DATA (Plant-to-Watershed Simulator)
2022-09-01,2022,9,WS_Iowa_03,WS_Iowa_03_HRU3,52.8,19.84,16.65,6.3,50.2,98.8,1.96,1.33,63.8,0.059,5.54,9.05,0.99,7.34,0.0,Historical,No-Till,True,DEMO / SYNTHETIC DATA (Plant-to-Watershed Simulator)
2022-09-01,2022,9,WS_Raccoon_02,WS_Raccoon_02_HRU1,196.6,20.18,20.67,9.8,83.1,109.6,2.34,1.33,74.6,0.07,99.3,29.23,81.61,25.82,0.0,Historical,Baseline,True,DEMO / SYNTHETIC DATA (Plant-to-Watershed Simulator)
2022-09-01,2022,9,WS_Raccoon_02,WS_Raccoon_02_HRU1,196.6,20.18,20.67,9.8,94.5,109.6,2.34,1.33,74.6,0.07,90.75,27.28,73.17,23.7,0.0,Historical,No-Till,True,DEMO / SYNTHETIC DATA (Plant-to-Watershed Simulator)
2022-09-01,2022,9,WS_Raccoon_02,WS_Raccoon_02_HRU2,11.3,16.22,18.33,14.0,11.3,19.7,1.99,1.33,0.0,1.0,2.49,6.27,1.58,5.98,0.0,Historical,Baseline,True,DEMO / SYNTHETIC DATA (Plant-to-Watershed Simulator)
2022-09-01,2022,9,WS_Raccoon_02,WS_Raccoon_02_HRU2,11.3,16.22,18.33,14.0,11.3,19.7,1.99,1.33,0.0,1.0,2.49,6.27,1.58,5.98,0.0,Historical,No-Till,True,DEMO / SYNTHETIC DATA (Plant-to-Watershed Simulator)
2022-09-01,2022,9,WS_Raccoon_02,WS_Raccoon_02_HRU3,18.4,16.99,19.78,6.3,18.4,43.1,1.66,1.33,21.9,0.638,2.84,7.26,1.39,5.58,0.0,Historical,Baseline,True,DEMO / SYNTHETIC DATA (Plant-to-Watershed Simulator)
2022-09-01,2022,9,WS_Raccoon_02,WS_Raccoon_02_HRU3,18.4,16.99,19.78,6.3,18.4,43.1,1.66,1.33,21.9,0.638,2.84,7.26,1.39,5.58,0.0,Historical,No-Till,True,DEMO / SYNTHETIC DATA (Plant-to-Watershed Simulator)
2022-10-01,2022,10,WS_Cedar_01,WS_Cedar_01_HRU1,13.0,10.97,12.89,9.8,13.0,16.8,0.1,1.38,3.9,0.0,1.5,3.72,0.5,3.59,12.34,Historical,Baseline,True,DEMO / SYNTHETIC DATA (Plant-to-Watershed Simulator)
2022-10-01,2022,10,WS_Cedar_01,WS_Cedar_01_HRU1,13.0,10.97,12.89,9.8,13.0,16.8,0.1,1.38,3.9,0.0,1.5,3.72,0.5,3.59,12.34,Historical,No-Till,True,DEMO / SYNTHETIC DATA (Plant-to-Watershed Simulator)
2022-10-01,2022,10,WS_Cedar_01,WS_Cedar_01_HRU2,18.3,12.65,14.69,14.0,18.1,25.9,0.18,1.38,7.7,0.0,4.73,5.04,3.46,4.51,12.59,Historical,Baseline,True,DEMO / SYNTHETIC DATA (Plant-to-Watershed Simulator)
2022-10-01,2022,10,WS_Cedar_01,WS_Cedar_01_HRU2,18.3,12.65,14.69,14.0,18.3,26.0,0.18,1.38,7.7,0.0,4.57,5.01,3.28,4.48,12.59,Historical,No-Till,True,DEMO / SYNTHETIC DATA (Plant-to-Watershed Simulator)
2022-10-01,2022,10,WS_Cedar_01,WS_Cedar_01_HRU3,24.8,8.97,14.41,7.53,24.8,21.1,0.12,1.38,4.5,0.0,2.39,4.64,1.0,3.89,12.43,Historical,Baseline,True,DEMO / SYNTHETIC DATA (Plant-to-Watershed Simulator)
2022-10-01,2022,10,WS_Cedar_01,WS_Cedar_01_HRU3,24.8,8.97,14.41,7.53,24.8,21.1,0.12,1.38,4.5,0.0,2.39,4.64,1.0,3.89,12.43,Historical,No-Till,True,DEMO / SYNTHETIC DATA (Plant-to-Watershed Simulator)
2022-10-01,2022,10,WS_Iowa_03,WS_Iowa_03_HRU1,84.2,9.24,15.72,19.13,58.8,30.8,0.1,1.38,3.9,0.0,23.81,14.34,19.08,13.28,13.62,Historical,Baseline,True,DEMO / SYNTHETIC DATA (Plant-to-Watershed Simulator)
2022-10-01,2022,10,WS_Iowa_03,WS_Iowa_03_HRU1,84.2,9.24,15.72,20.33,64.0,32.4,0.1,1.38,3.9,0.0,19.89,13.23,14.77,11.92,13.62,Historical,No-Till,True,DEMO / SYNTHETIC DATA (Plant-to-Watershed Simulator)
2022-10-01,2022,10,WS_Iowa_03,WS_Iowa_03_HRU2,25.9,11.75,14.51,14.23,24.3,23.6,0.1,1.38,4.2,0.0,1.5,8.1,0.5,6.86,12.86,Historical,Baseline,True,DEMO / SYNTHETIC DATA (Plant-to-Watershed Simulator)
2022-10-01,2022,10,WS_Iowa_03,WS_Iowa_03_HRU2,25.9,11.75,14.51,14.47,25.2,23.8,0.1,1.38,4.2,0.0,1.5,8.1,0.5,6.86,12.86,Historical,No-Till,True,DEMO / SYNTHETIC DATA (Plant-to-Watershed Simulator)
2022-10-01,2022,10,WS_Iowa_03,WS_Iowa_03_HRU3,46.2,12.34,15.03,10.17,43.5,31.9,0.1,1.38,4.3,0.0,5.54,9.03,2.38,7.65,12.55,Historical,Baseline,True,DEMO / SYNTHETIC DATA (Plant-to-Watershed Simulator)
2022-10-01,2022,10,WS_Iowa_03,WS_Iowa_03_HRU3,46.2,12.34,15.03,10.43,44.9,32.5,0.1,1.38,4.3,0.0,4.54,8.74,1.27,7.3,12.55,Historical,No-Till,True,DEMO / SYNTHETIC DATA (Plant-to-Watershed Simulator)
2022-10-01,2022,10,WS_Raccoon_02,WS_Raccoon_02_HRU1,55.1,8.88,15.29,14.67,45.8,31.2,0.24,1.38,8.8,0.0,12.08,9.11,7.52,7.0,12.71,Historical,Baseline,True,DEMO / SYNTHETIC DATA (Plant-to-Watershed Simulator)
2022-10-01,2022,10,WS_Raccoon_02,WS_Raccoon_02_HRU1,55.1,8.88,15.29,15.33,48.6,32.0,0.24,1.38,8.8,0.0,9.94,8.63,5.19,6.41,12.71,Historical,No-Till,True,DEMO / SYNTHETIC DATA (Plant-to-Watershed Simulator)
2022-10-01,2022,10,WS_Raccoon_02,WS_Raccoon_02_HRU2,11.3,12.39,15.13,14.0,11.3,20.6,0.1,1.38,4.4,0.0,1.86,6.11,0.81,6.01,12.37,Historical,Baseline,True,DEMO / SYNTHETIC DATA (Plant-to-Watershed Simulator)
2022-10-01,2022,10,WS_Raccoon_02,WS_Raccoon_02_HRU2,11.3,12.39,15.13,14.0,11.3,20.6,0.1,1.38,4.4,0.0,1.86,6.11,0.81,6.01,12.37,Historical,No-Till,True,DEMO / SYNTHETIC DATA (Plant-to-Watershed Simulator)
2022-10-01,2022,10,WS_Raccoon_02,WS_Raccoon_02_HRU3,39.5,9.06,15.34,10.3,38.3,26.3,0.1,1.38,3.9,0.0,4.17,6.83,2.56,5.53,13.21,Historical,Baseline,True,DEMO / SYNTHETIC DATA (Plant-to-Watershed Simulator)
2022-10-01,2022,10,WS_Raccoon_02,WS_Raccoon_02_HRU3,39.5,9.06,15.34,10.43,39.1,26.7,0.1,1.38,3.9,0.0,3.56,6.69,1.89,5.36,13.21,Historical,No-Till,True,DEMO / SYNTHETIC DATA (Plant-to-Watershed Simulator)
2022-11-01,2022,11,WS_Cedar_01,WS_Cedar_01_HRU1,41.3,2.45,9.47,18.47,37.4,11.4,0.0,0.1,0.0,0.0,7.02,5.13,6.31,5.69,0.0,Historical,Baseline,True,DEMO / SYNTHETIC DATA (Plant-to-Watershed Simulator)
2022-11-01,2022,11,WS_Cedar_01,WS_Cedar_01_HRU1,41.3,2.45,9.47,18.97,39.1,11.6,0.0,0.1,0.0,0.0,5.78,4.92,5.06,5.45,0.0,Historical,No-Till,True,DEMO / SYNTHETIC DATA (Plant-to-Watershed Simulator)
2022-11-01,2022,11,WS_Cedar_01,WS_Cedar_01_HRU2,31.3,3.01,12.92,19.03,28.0,12.9,0.0,0.1,0.0,0.0,5.36,4.8,4.03,4.51,0.0,Historical,Baseline,True,DEMO / SYNTHETIC DATA (Plant-to-Watershed Simulator)
2022-11-01,2022,11,WS_Cedar_01,WS_Cedar_01_HRU2,31.3,3.01,12.92,19.47,29.5,13.1,0.0,0.1,0.0,0.0,4.25,4.61,2.91,4.3,0.0,Historical,No-Till,True,DEMO / SYNTHETIC DATA (Plant-to-Watershed Simulator)
2022-11-01,2022,11,WS_Cedar_01,WS_Cedar_01_HRU3,23.0,0.87,8.18,12.43,23.0,8.3,0.0,0.1,0.0,0.0,2.48,4.84,2.07,3.99,0.0,Historical,Baseline,True,DEMO / SYNTHETIC DATA (Plant-to-Watershed Simulator)
2022-11-01,2022,11,WS_Cedar_01,WS_Cedar_01_HRU3,23.0,0.87,8.18,12.43,23.0,8.3,0.0,0.1,0.0,0.0,2.48,4.84,2.07,3.99,0.0,Historical,No-Till,True,DEMO / SYNTHETIC DATA (Plant-to-Watershed Simulator)
2022-11-01,2022,11,WS_Iowa_03,WS_Iowa_03_HRU1,34.4,2.15,11.13,24.57,32.5,16.2,0.0,0.1,0.0,0.0,4.97,9.29,5.85,8.55,0.0,Historical,Baseline,True,DEMO / SYNTHETIC DATA (Plant-to-Watershed Simulator)
2022-11-01,2022,11,WS_Iowa_03,WS_Iowa_03_HRU1,34.4,2.15,11.13,25.87,33.6,17.0,0.0,0.1,0.0,0.0,4.19,9.06,5.06,8.3,0.0,Historical,No-Till,True,DEMO / SYNTHETIC DATA (Plant-to-Watershed Simulator)
2022-11-01,2022,11,WS_Iowa_03,WS_Iowa_03_HRU2,27.9,2.36,11.05,19.1,25.7,11.1,0.0,0.1,0.0,0.0,4.3,8.88,4.71,8.94,0.0,Historical,Baseline,True,DEMO / SYNTHETIC DATA (Plant-to-Watershed Simulator)
2022-11-01,2022,11,WS_Iowa_03,WS_Iowa_03_HRU2,27.9,2.36,11.05,19.63,26.9,11.4,0.0,0.1,0.0,0.0,3.44,8.63,3.85,8.67,0.0,Historical,No-Till,True,DEMO / SYNTHETIC DATA (Plant-to-Watershed Simulator)
2022-11-01,2022,11,WS_Iowa_03,WS_Iowa_03_HRU3,48.4,-2.32,10.64,24.47,45.2,2.3,0.0,0.1,0.0,0.0,8.36,10.03,8.55,9.94,0.0,Historical,Baseline,True,DEMO / SYNTHETIC DATA (Plant-to-Watershed Simulator)
2022-11-01,2022,11,WS_Iowa_03,WS_Iowa_03_HRU3,48.4,-2.32,10.64,25.2,46.7,2.4,0.0,0.1,0.0,0.0,7.24,9.71,7.43,9.59,0.0,Historical,No-Till,True,DEMO / SYNTHETIC DATA (Plant-to-Watershed Simulator)
2022-11-01,2022,11,WS_Raccoon_02,WS_Raccoon_02_HRU1,82.9,3.25,10.3,27.73,58.3,19.1,0.0,0.1,0.0,0.0,24.91,11.79,25.18,12.22,0.0,Historical,Baseline,True,DEMO / SYNTHETIC DATA (Plant-to-Watershed Simulator)
2022-11-01,2022,11,WS_Raccoon_02,WS_Raccoon_02_HRU1,82.9,3.25,10.3,29.67,63.4,20.4,0.0,0.1,0.0,0.0,21.07,10.91,21.31,11.25,0.0,Historical,No-Till,True,DEMO / SYNTHETIC DATA (Plant-to-Watershed Simulator)
2022-11-01,2022,11,WS_Raccoon_02,WS_Raccoon_02_HRU2,33.7,0.19,11.3,20.5,29.6,10.1,0.0,0.1,0.0,0.0,5.58,6.54,5.37,6.83,0.0,Historical,Baseline,True,DEMO / SYNTHETIC DATA (Plant-to-Watershed Simulator)
2022-11-01,2022,11,WS_Raccoon_02,WS_Raccoon_02_HRU2,33.7,0.19,11.3,21.0,31.3,10.3,0.0,0.1,0.0,0.0,4.28,6.24,4.06,6.5,0.0,Historical,No-Till,True,DEMO / SYNTHETIC DATA (Plant-to-Watershed Simulator)
2022-11-01,2022,11,WS_Raccoon_02,WS_Raccoon_02_HRU3,48.6,2.33,11.13,19.33,45.3,18.2,0.0,0.1,0.0,0.0,8.49,7.08,8.26,7.38,0.0,Historical,Baseline,True,DEMO / SYNTHETIC DATA (Plant-to-Watershed Simulator)
2022-11-01,2022,11,WS_Raccoon_02,WS_Raccoon_02_HRU3,48.6,2.33,11.13,19.83,46.8,18.6,0.0,0.1,0.0,0.0,7.35,6.82,7.12,7.09,0.0,Historical,No-Till,True,DEMO / SYNTHETIC DATA (Plant-to-Watershed Simulator)
2022-12-01,2022,12,WS_Cedar_01,WS_Cedar_01_HRU1,63.9,-4.35,9.58,34.4,50.3,2.5,0.0,0.1,0.0,0.0,14.57,6.28,13.91,6.26,0.0,Historical,Baseline,True,DEMO / SYNTHETIC DATA (Plant-to-Watershed Simulator)
2022-12-01,2022,12,WS_Cedar_01,WS_Cedar_01_HRU1,63.9,-4.35,9.58,36.07,53.9,2.6,0.0,0.1,0.0,0.0,11.87,5.82,11.19,5.75,0.0,Historical,No-Till,True,DEMO / SYNTHETIC DATA (Plant-to-Watershed Simulator)
2022-12-01,2022,12,WS_Cedar_01,WS_Cedar_01_HRU2,34.9,-1.4,6.0,28.53,30.3,1.8,0.0,0.1,0.0,0.0,5.03,4.66,5.36,4.98,0.0,Historical,Baseline,True,DEMO / SYNTHETIC DATA (Plant-to-Watershed Simulator)
2022-12-01,2022,12,WS_Cedar_01,WS_Cedar_01_HRU2,34.9,-1.4,6.0,29.57,32.2,1.9,0.0,0.1,0.0,0.0,3.64,4.42,3.96,4.71,0.0,Historical,No-Till,True,DEMO / SYNTHETIC DATA (Plant-to-Watershed Simulator)
2022-12-01,2022,12,WS_Cedar_01,WS_Cedar_01_HRU3,18.8,-1.85,6.0,18.13,18.8,1.7,0.0,0.1,0.0,0.0,1.5,3.92,1.5,4.98,0.0,Historical,Baseline,True,DEMO / SYNTHETIC DATA (Plant-to-Watershed Simulator)
2022-12-01,2022,12,WS_Cedar_01,WS_Cedar_01_HRU3,18.8,-1.85,6.0,18.13,18.8,1.7,0.0,0.1,0.0,0.0,1.5,3.92,1.5,4.98,0.0,Historical,No-Till,True,DEMO / SYNTHETIC DATA (Plant-to-Watershed Simulator)
2022-12-01,2022,12,WS_Iowa_03,WS_Iowa_03_HRU1,50.9,-5.16,6.31,38.1,43.4,2.8,0.0,0.1,0.0,0.0,10.1,10.0,8.96,9.41,0.0,Historical,Baseline,True,DEMO / SYNTHETIC DATA (Plant-to-Watershed Simulator)
2022-12-01,2022,12,WS_Iowa_03,WS_Iowa_03_HRU1,50.9,-5.16,6.31,38.17,45.9,2.8,0.0,0.1,0.0,0.0,8.23,9.47,7.07,8.81,0.0,Historical,No-Till,True,DEMO / SYNTHETIC DATA (Plant-to-Watershed Simulator)
2022-12-01,2022,12,WS_Iowa_03,WS_Iowa_03_HRU2,22.0,-3.31,8.21,25.63,21.3,1.7,0.0,0.1,0.0,0.0,1.73,8.05,0.94,7.14,0.0,Historical,Baseline,True,DEMO / SYNTHETIC DATA (Plant-to-Watershed Simulator)
2022-12-01,2022,12,WS_Iowa_03,WS_Iowa_03_HRU2,22.0,-3.31,8.21,26.33,21.8,1.7,0.0,0.1,0.0,0.0,1.5,7.99,0.71,7.07,0.0,Historical,No-Till,True,DEMO / SYNTHETIC DATA (Plant-to-Watershed Simulator)
2022-12-01,2022,12,WS_Iowa_03,WS_Iowa_03_HRU3,8.3,-4.36,6.0,26.4,8.3,2.5,0.0,0.1,0.0,0.0,1.61,8.12,0.83,7.24,0.0,Historical,Baseline,True,DEMO / SYNTHETIC DATA (Plant-to-Watershed Simulator)
2022-12-01,2022,12,WS_Iowa_03,WS_Iowa_03_HRU3,8.3,-4.36,6.0,27.1,8.3,2.6,0.0,0.1,0.0,0.0,1.61,8.12,0.83,7.24,0.0,Historical,No-Till,True,DEMO / SYNTHETIC DATA (Plant-to-Watershed Simulator)
2022-12-01,2022,12,WS_Raccoon_02,WS_Raccoon_02_HRU1,71.3,-5.12,6.94,38.17,53.6,2.8,0.0,0.1,0.0,0.0,19.77,10.25,19.15,10.23,0.0,Historical,Baseline,True,DEMO / SYNTHETIC DATA (Plant-to-Watershed Simulator)
2022-12-01,2022,12,WS_Raccoon_02,WS_Raccoon_02_HRU1,71.3,-5.12,6.94,38.17,57.8,2.8,0.0,0.1,0.0,0.0,16.61,9.53,15.97,9.43,0.0,Historical,No-Till,True,DEMO / SYNTHETIC DATA (Plant-to-Watershed Simulator)
2022-12-01,2022,12,WS_Raccoon_02,WS_Raccoon_02_HRU2,21.0,-1.89,8.82,26.73,20.4,1.7,0.0,0.1,0.0,0.0,1.53,6.29,2.82,6.01,0.0,Historical,Baseline,True,DEMO / SYNTHETIC DATA (Plant-to-Watershed Simulator)
2022-12-01,2022,12,WS_Raccoon_02,WS_Raccoon_02_HRU2,21.0,-1.89,8.82,27.37,20.9,1.8,0.0,0.1,0.0,0.0,1.5,6.29,2.79,6.0,0.0,Historical,No-Till,True,DEMO / SYNTHETIC DATA (Plant-to-Watershed Simulator)
2022-12-01,2022,12,WS_Raccoon_02,WS_Raccoon_02_HRU3,33.5,-2.57,6.01,28.97,33.1,2.8,0.0,0.1,0.0,0.0,3.85,6.17,4.29,6.74,0.0,Historical,Baseline,True,DEMO / SYNTHETIC DATA (Plant-to-Watershed Simulator)
2022-12-01,2022,12,WS_Raccoon_02,WS_Raccoon_02_HRU3,33.5,-2.57,6.01,28.97,33.5,2.8,0.0,0.1,0.0,0.0,3.59,6.11,4.03,6.67,0.0,Historical,No-Till,True,DEMO / SYNTHETIC DATA (Plant-to-Watershed Simulator)
2025-01-01,2025,1,WS_Cedar_01,WS_Cedar_01_HRU1,35.8,-3.55,6.0,38.17,33.6,2.8,0.0,0.1,0.0,0.0,4.93,4.95,5.34,4.63,0.0,SSP2-4.5,Baseline,True,DEMO / SYNTHETIC DATA (Plant-to-Watershed Simulator)
2025-01-01,2025,1,WS_Cedar_01,WS_Cedar_01_HRU1,31.4,-0.25,6.0,38.03,30.2,2.8,0.0,0.1,0.0,0.0,3.82,4.76,4.25,4.43,0.0,SSP5-8.5,+2C_Warming,True,DEMO / SYNTHETIC DATA (Plant-to-Watershed Simulator)
2025-01-01,2025,1,WS_Cedar_01,WS_Cedar_01_HRU2,25.1,-3.44,6.0,39.37,23.7,2.5,0.0,0.1,0.0,0.0,2.51,4.31,1.46,4.32,0.0,SSP2-4.5,Baseline,True,DEMO / SYNTHETIC DATA (Plant-to-Watershed Simulator)
2025-01-01,2025,1,WS_Cedar_01,WS_Cedar_01_HRU2,22.0,-0.14,6.0,38.57,21.3,2.5,0.0,0.1,0.0,0.0,1.77,4.18,0.73,4.18,0.0,SSP5-8.5,+2C_Warming,True,DEMO / SYNTHETIC DATA (Plant-to-Watershed Simulator)
2025-01-01,2025,1,WS_Cedar_01,WS_Cedar_01_HRU3,67.2,-4.34,6.31,28.97,57.4,2.8,0.0,0.1,0.0,0.0,14.0,5.5,13.81,6.06,0.0,SSP2-4.5,Baseline,True,DEMO / SYNTHETIC DATA (Plant-to-Watershed Simulator)
2025-01-01,2025,1,WS_Cedar_01,WS_Cedar_01_HRU3,58.9,-1.04,6.31,28.97,52.4,2.8,0.0,0.1,0.0,0.0,10.9,4.97,10.74,5.48,0.0,SSP5-8.5,+2C_Warming,True,DEMO / SYNTHETIC DATA (Plant-to-Watershed Simulator)
2025-01-01,2025,1,WS_Iowa_03,WS_Iowa_03_HRU1,31.5,-3.04,7.31,38.07,30.3,2.8,0.0,0.1,0.0,0.0,2.53,8.32,1.96,7.26,0.0,SSP2-4.5,Baseline,True,DEMO / SYNTHETIC DATA (Plant-to-Watershed Simulator)
2025-01-01,2025,1,WS_Iowa_03,WS_Iowa_03_HRU1,27.6,0.26,7.31,33.17,27.0,14.2,0.0,0.1,0.0,0.0,1.71,8.08,1.16,7.01,0.0,SSP5-8.5,+2C_Warming,True,DEMO / SYNTHETIC DATA (Plant-to-Watershed Simulator)
2025-01-01,2025,1,WS_Iowa_03,WS_Iowa_03_HRU2,46.5,-5.39,6.87,42.77,36.5,2.8,0.0,0.1,0.0,0.0,11.04,10.88,11.55,11.09,0.0,SSP2-4.5,Baseline,True,DEMO / SYNTHETIC DATA (Plant-to-Watershed Simulator)
2025-01-01,2025,1,WS_Iowa_03,WS_Iowa_03_HRU2,40.7,-2.09,6.87,42.6,33.6,2.7,0.0,0.1,0.0,0.0,8.42,10.14,8.95,10.27,0.0,SSP5-8.5,+2C_Warming,True,DEMO / SYNTHETIC DATA (Plant-to-Watershed Simulator)
2025-01-01,2025,1,WS_Iowa_03,WS_Iowa_03_HRU3,37.2,-4.92,6.31,28.97,36.3,2.8,0.0,0.1,0.0,0.0,4.74,8.27,6.12,9.42,0.0,SSP2-4.5,Baseline,True,DEMO / SYNTHETIC DATA (Plant-to-Watershed Simulator)
2025-01-01,2025,1,WS_Iowa_03,WS_Iowa_03_HRU3,32.6,-1.62,6.31,28.97,32.3,2.8,0.0,0.1,0.0,0.0,3.96,8.05,5.36,9.18,0.0,SSP5-8.5,+2C_Warming,True,DEMO / SYNTHETIC DATA (Plant-to-Watershed Simulator)
2025-01-01,2025,1,WS_Raccoon_02,WS_Raccoon_02_HRU1,44.7,-6.18,6.0,38.17,39.7,2.8,0.0,0.1,0.0,0.0,7.44,7.64,6.73,7.11,0.0,SSP2-4.5,Baseline,True,DEMO / SYNTHETIC DATA (Plant-to-Watershed Simulator)
2025-01-01,2025,1,WS_Raccoon_02,WS_Raccoon_02_HRU1,39.2,-2.88,6.0,38.17,36.0,2.8,0.0,0.1,0.0,0.0,5.63,7.22,4.94,6.66,0.0,SSP5-8.5,+2C_Warming,True,DEMO / SYNTHETIC DATA (Plant-to-Watershed Simulator)
2025-01-01,2025,1,WS_Raccoon_02,WS_Raccoon_02_HRU2,65.9,-5.6,8.36,42.77,44.3,2.8,0.0,0.1,0.0,0.0,20.55,10.56,20.21,10.34,0.0,SSP2-4.5,Baseline,True,DEMO / SYNTHETIC DATA (Plant-to-Watershed Simulator)
2025-01-01,2025,1,WS_Raccoon_02,WS_Raccoon_02_HRU2,57.7,-2.3,8.36,42.77,41.3,2.8,0.0,0.1,0.0,0.0,15.97,9.52,15.65,9.19,0.0,SSP5-8.5,+2C_Warming,True,DEMO / SYNTHETIC DATA (Plant-to-Watershed Simulator)
2025-01-01,2025,1,WS_Raccoon_02,WS_Raccoon_02_HRU3,30.3,-3.25,6.0,28.97,30.2,2.8,0.0,0.1,0.0,0.0,2.95,6.56,3.1,6.72,0.0,SSP2-4.5,Baseline,True,DEMO / SYNTHETIC DATA (Plant-to-Watershed Simulator)
2025-01-01,2025,1,WS_Raccoon_02,WS_Raccoon_02_HRU3,26.5,0.05,6.0,25.53,26.5,13.1,0.0,0.1,0.0,0.0,2.55,6.47,2.72,6.63,0.0,SSP5-8.5,+2C_Warming,True,DEMO / SYNTHETIC DATA (Plant-to-Watershed Simulator)
2025-02-01,2025,2,WS_Cedar_01,WS_Cedar_01_HRU1,28.1,-2.94,6.53,38.17,27.4,2.8,0.0,0.1,0.0,0.0,1.5,4.03,0.74,4.03,0.0,SSP2-4.5,Baseline,True,DEMO / SYNTHETIC DATA (Plant-to-Watershed Simulator)
2025-02-01,2025,2,WS_Cedar_01,WS_Cedar_01_HRU1,24.6,0.36,6.53,34.4,24.4,14.1,0.0,0.1,0.0,0.0,1.5,4.03,0.75,4.04,0.0,SSP5-8.5,+2C_Warming,True,DEMO / SYNTHETIC DATA (Plant-to-Watershed Simulator)
2025-02-01,2025,2,WS_Cedar_01,WS_Cedar_01_HRU2,44.1,-3.87,6.86,42.77,35.4,2.8,0.0,0.1,0.0,0.0,10.14,5.39,9.71,5.94,0.0,SSP2-4.5,Baseline,True,DEMO / SYNTHETIC DATA (Plant-to-Watershed Simulator)
2025-02-01,2025,2,WS_Cedar_01,WS_Cedar_01_HRU2,38.7,-0.57,6.86,42.77,32.5,2.8,0.0,0.1,0.0,0.0,7.79,4.99,7.37,5.49,0.0,SSP5-8.5,+2C_Warming,True,DEMO / SYNTHETIC DATA (Plant-to-Watershed Simulator)
2025-02-01,2025,2,WS_Cedar_01,WS_Cedar_01_HRU3,46.5,-1.68,7.53,28.97,43.8,2.8,0.0,0.1,0.0,0.0,4.22,5.19,3.69,4.6,0.0,SSP2-4.5,Baseline,True,DEMO / SYNTHETIC DATA (Plant-to-Watershed Simulator)
2025-02-01,2025,2,WS_Cedar_01,WS_Cedar_01_HRU3,40.8,1.62,7.53,24.27,39.3,16.9,0.0,0.1,0.0,0.0,2.81,4.94,2.3,4.34,0.0,SSP5-8.5,+2C_Warming,True,DEMO / SYNTHETIC DATA (Plant-to-Watershed Simulator)
2025-02-01,2025,2,WS_Iowa_03,WS_Iowa_03_HRU1,53.7,-3.17,6.0,38.17,45.0,2.8,0.0,0.1,0.0,0.0,12.4,11.26,11.78,11.07,0.0,SSP2-4.5,Baseline,True,DEMO / SYNTHETIC DATA (Plant-to-Watershed Simulator)
2025-02-01,2025,2,WS_Iowa_03,WS_Iowa_03_HRU1,47.0,0.13,6.0,34.7,41.1,13.2,0.0,0.1,0.0,0.0,9.77,10.51,9.17,10.25,0.0,SSP5-8.5,+2C_Warming,True,DEMO / SYNTHETIC DATA (Plant-to-Watershed Simulator)
2025-02-01,2025,2,WS_Iowa_03,WS_Iowa_03_HRU2,30.5,-0.93,8.87,42.77,27.5,2.8,0.0,0.1,0.0,0.0,5.72,8.77,6.05,9.11,0.0,SSP2-4.5,Baseline,True,DEMO / SYNTHETIC DATA (Plant-to-Watershed Simulator)
2025-02-01,2025,2,WS_Iowa_03,WS_Iowa_03_HRU2,26.8,2.37,8.87,37.3,25.0,19.2,0.0,0.1,0.0,0.0,4.58,8.45,4.93,8.75,0.0,SSP5-8.5,+2C_Warming,True,DEMO / SYNTHETIC DATA (Plant-to-Watershed Simulator)
2025-02-01,2025,2,WS_Iowa_03,WS_Iowa_03_HRU3,32.7,-2.54,8.52,28.97,32.4,2.8,0.0,0.1,0.0,0.0,1.5,8.26,1.46,7.35,0.0,SSP2-4.5,Baseline,True,DEMO / SYNTHETIC DATA (Plant-to-Watershed Simulator)
2025-02-01,2025,2,WS_Iowa_03,WS_Iowa_03_HRU3,28.6,0.76,8.52,24.37,28.6,16.6,0.0,0.1,0.0,0.0,1.5,8.26,1.48,7.36,0.0,SSP5-8.5,+2C_Warming,True,DEMO / SYNTHETIC DATA (Plant-to-Watershed Simulator)
2025-02-01,2025,2,WS_Raccoon_02,WS_Raccoon_02_HRU1,28.6,-2.8,7.88,38.17,27.9,2.8,0.0,0.1,0.0,0.0,4.21,6.35,4.09,6.67,0.0,SSP2-4.5,Baseline,True,DEMO / SYNTHETIC DATA (Plant-to-Watershed Simulator)
2025-02-01,2025,2,WS_Raccoon_02,WS_Raccoon_02_HRU1,25.1,0.5,7.88,33.9,24.8,15.6,0.0,0.1,0.0,0.0,3.59,6.21,3.49,6.52,0.0,SSP5-8.5,+2C_Warming,True,DEMO / SYNTHETIC DATA (Plant-to-Watershed Simulator)
2025-02-01,2025,2,WS_Raccoon_02,WS_Raccoon_02_HRU2,13.0,-4.28,7.78,42.77,13.0,2.8,0.0,0.1,0.0,0.0,1.5,5.74,0.5,5.58,0.0,SSP2-4.5,Baseline,True,DEMO / SYNTHETIC DATA (Plant-to-Watershed Simulator)
2025-02-01,2025,2,WS_Raccoon_02,WS_Raccoon_02_HRU2,11.4,-0.98,7.78,42.77,11.4,2.8,0.0,0.1,0.0,0.0,1.5,5.74,0.5,5.58,0.0,SSP5-8.5,+2C_Warming,True,DEMO / SYNTHETIC DATA (Plant-to-Watershed Simulator)
2025-02-01,2025,2,WS_Raccoon_02,WS_Raccoon_02_HRU3,45.1,-0.98,6.4,28.97,42.7,2.8,0.0,0.1,0.0,0.0,5.88,7.86,5.51,6.64,0.0,SSP2-4.5,Baseline,True,DEMO / SYNTHETIC DATA (Plant-to-Watershed Simulator)
2025-02-01,2025,2,WS_Raccoon_02,WS_Raccoon_02_HRU3,39.5,2.32,6.4,24.3,38.3,16.8,0.0,0.1,0.0,0.0,4.56,7.56,4.21,6.32,0.0,SSP5-8.5,+2C_Warming,True,DEMO / SYNTHETIC DATA (Plant-to-Watershed Simulator)
2025-03-01,2025,3,WS_Cedar_01,WS_Cedar_01_HRU1,16.5,2.34,9.99,32.33,16.5,20.3,0.0,0.1,0.0,0.0,2.04,5.37,2.18,4.25,0.0,SSP2-4.5,Baseline,True,DEMO / SYNTHETIC DATA (Plant-to-Watershed Simulator)
2025-03-01,2025,3,WS_Cedar_01,WS_Cedar_01_HRU1,14.5,5.64,9.99,30.73,14.5,25.1,0.0,0.1,0.0,0.0,1.88,5.35,2.03,4.22,0.0,SSP5-8.5,+2C_Warming,True,DEMO / SYNTHETIC DATA (Plant-to-Watershed Simulator)
2025-03-01,2025,3,WS_Cedar_01,WS_Cedar_01_HRU2,57.9,2.83,9.39,36.9,41.4,20.4,0.0,0.1,0.0,0.0,16.12,7.73,14.82,6.29,0.0,SSP2-4.5,Baseline,True,DEMO / SYNTHETIC DATA (Plant-to-Watershed Simulator)
2025-03-01,2025,3,WS_Cedar_01,WS_Cedar_01_HRU2,50.7,6.13,9.39,35.3,38.5,25.2,0.0,0.1,0.0,0.0,12.37,7.09,11.09,5.59,0.0,SSP5-8.5,+2C_Warming,True,DEMO / SYNTHETIC DATA (Plant-to-Watershed Simulator)
2025-03-01,2025,3,WS_Cedar_01,WS_Cedar_01_HRU3,48.9,3.63,8.24,23.07,45.5,20.5,0.0,0.1,0.0,0.0,6.74,5.05,7.22,5.36,0.0,SSP2-4.5,Baseline,True,DEMO / SYNTHETIC DATA (Plant-to-Watershed Simulator)
2025-03-01,2025,3,WS_Cedar_01,WS_Cedar_01_HRU3,42.9,6.93,8.24,21.5,41.0,25.2,0.0,0.1,0.0,0.0,5.16,4.78,5.67,5.07,0.0,SSP5-8.5,+2C_Warming,True,DEMO / SYNTHETIC DATA (Plant-to-Watershed Simulator)
2025-03-01,2025,3,WS_Iowa_03,WS_Iowa_03_HRU1,26.2,3.01,12.79,31.1,25.8,24.0,0.0,0.1,0.0,0.0,1.5,8.65,0.84,7.64,0.0,SSP2-4.5,Baseline,True,DEMO / SYNTHETIC DATA (Plant-to-Watershed Simulator)
2025-03-01,2025,3,WS_Iowa_03,WS_Iowa_03_HRU1,22.9,6.31,12.79,29.53,22.8,28.7,0.0,0.1,0.0,0.0,1.5,8.65,0.85,7.65,0.0,SSP5-8.5,+2C_Warming,True,DEMO / SYNTHETIC DATA (Plant-to-Watershed Simulator)
2025-03-01,2025,3,WS_Iowa_03,WS_Iowa_03_HRU2,40.0,3.81,10.57,36.03,33.2,23.0,0.0,0.1,0.0,0.0,7.86,10.26,7.87,9.6,0.0,SSP2-4.5,Baseline,True,DEMO / SYNTHETIC DATA (Plant-to-Watershed Simulator)
2025-03-01,2025,3,WS_Iowa_03,WS_Iowa_03_HRU2,35.0,7.11,10.57,34.43,30.4,27.8,0.0,0.1,0.0,0.0,5.85,9.69,5.88,8.97,0.0,SSP5-8.5,+2C_Warming,True,DEMO / SYNTHETIC DATA (Plant-to-Watershed Simulator)
2025-03-01,2025,3,WS_Iowa_03,WS_Iowa_03_HRU3,22.1,2.22,9.8,23.27,22.1,19.9,0.0,0.1,0.0,0.0,1.95,8.07,1.12,7.06,0.0,SSP2-4.5,Baseline,True,DEMO / SYNTHETIC DATA (Plant-to-Watershed Simulator)
2025-03-01,2025,3,WS_Iowa_03,WS_Iowa_03_HRU3,19.4,5.52,9.8,21.67,19.4,24.7,0.0,0.1,0.0,0.0,1.73,8.01,0.92,7.0,0.0,SSP5-8.5,+2C_Warming,True,DEMO / SYNTHETIC DATA (Plant-to-Watershed Simulator)
2025-03-01,2025,3,WS_Raccoon_02,WS_Raccoon_02_HRU1,42.2,4.74,10.31,31.07,38.0,24.1,0.0,0.1,0.0,0.0,6.39,6.93,5.41,6.86,0.0,SSP2-4.5,Baseline,True,DEMO / SYNTHETIC DATA (Plant-to-Watershed Simulator)
2025-03-01,2025,3,WS_Raccoon_02,WS_Raccoon_02_HRU1,36.9,8.04,10.31,29.47,34.4,28.9,0.0,0.1,0.0,0.0,4.75,6.55,3.79,6.45,0.0,SSP5-8.5,+2C_Warming,True,DEMO / SYNTHETIC DATA (Plant-to-Watershed Simulator)
2025-03-01,2025,3,WS_Raccoon_02,WS_Raccoon_02_HRU2,56.5,7.32,11.4,34.07,40.9,28.9,0.0,0.1,0.0,0.0,16.19,10.3,16.09,9.88,0.0,SSP2-4.5,Baseline,True,DEMO / SYNTHETIC DATA (Plant-to-Watershed Simulator)
2025-03-01,2025,3,WS_Raccoon_02,WS_Raccoon_02_HRU2,49.5,10.62,11.4,32.5,37.9,33.6,0.0,0.1,0.0,0.0,12.6,9.48,12.51,8.98,0.0,SSP5-8.5,+2C_Warming,True,DEMO / SYNTHETIC DATA (Plant-to-Watershed Simulator)
2025-03-01,2025,3,WS_Raccoon_02,WS_Raccoon_02_HRU3,20.5,2.72,9.81,23.0,20.5,20.7,0.0,0.1,0.0,0.0,2.66,6.34,1.72,5.95,0.0,SSP2-4.5,Baseline,True,DEMO / SYNTHETIC DATA (Plant-to-Watershed Simulator)
2025-03-01,2025,3,WS_Raccoon_02,WS_Raccoon_02_HRU3,17.9,6.02,9.81,21.43,17.9,25.4,0.0,0.1,0.0,0.0,2.45,6.3,1.52,5.9,0.0,SSP5-8.5,+2C_Warming,True,DEMO / SYNTHETIC DATA (Plant-to-Watershed Simulator)
2025-04-01,2025,4,WS_Cedar_01,WS_Cedar_01_HRU1,27.6,10.93,16.14,27.43,27.0,35.0,0.0,0.1,0.0,0.0,1.92,5.07,1.76,3.82,0.0,SSP2-4.5,Baseline,True,DEMO / SYNTHETIC DATA (Plant-to-Watershed Simulator)
2025-04-01,2025,4,WS_Cedar_01,WS_Cedar_01_HRU1,24.2,14.23,16.14,27.07,24.0,35.0,0.0,0.1,0.0,0.0,1.5,5.0,1.35,3.74,0.0,SSP5-8.5,+2C_Warming,True,DEMO / SYNTHETIC DATA (Plant-to-Watershed Simulator)
2025-04-01,2025,4,WS_Cedar_01,WS_Cedar_01_HRU2,40.3,11.95,15.1,32.03,33.4,35.0,0.0,0.1,0.0,0.0,8.22,5.87,8.18,5.45,0.0,SSP2-4.5,Baseline,True,DEMO / SYNTHETIC DATA (Plant-to-Watershed Simulator)
2025-04-01,2025,4,WS_Cedar_01,WS_Cedar_01_HRU2,35.3,15.25,15.1,32.03,30.6,35.0,0.0,0.1,0.0,0.0,6.2,5.53,6.18,5.07,0.0,SSP5-8.5,+2C_Warming,True,DEMO / SYNTHETIC DATA (Plant-to-Watershed Simulator)
2025-04-01,2025,4,WS_Cedar_01,WS_Cedar_01_HRU3,24.0,9.61,15.62,18.23,24.0,35.0,0.0,0.1,0.0,0.0,1.53,5.09,1.62,4.24,0.0,SSP2-4.5,Baseline,True,DEMO / SYNTHETIC DATA (Plant-to-Watershed Simulator)
2025-04-01,2025,4,WS_Cedar_01,WS_Cedar_01_HRU3,21.0,12.91,15.62,16.83,21.0,35.0,0.0,0.1,0.0,0.0,1.5,5.09,1.61,4.23,0.0,SSP5-8.5,+2C_Warming,True,DEMO / SYNTHETIC DATA (Plant-to-Watershed Simulator)
2025-04-01,2025,4,WS_Iowa_03,WS_Iowa_03_HRU1,50.0,9.99,14.61,27.43,42.9,35.0,0.0,0.1,0.0,0.0,8.11,9.61,6.98,9.27,0.0,SSP2-4.5,Baseline,True,DEMO / SYNTHETIC DATA (Plant-to-Watershed Simulator)
2025-04-01,2025,4,WS_Iowa_03,WS_Iowa_03_HRU1,43.8,13.29,14.61,27.43,39.1,35.0,0.0,0.1,0.0,0.0,5.83,8.96,4.73,8.56,0.0,SSP5-8.5,+2C_Warming,True,DEMO / SYNTHETIC DATA (Plant-to-Watershed Simulator)
2025-04-01,2025,4,WS_Iowa_03,WS_Iowa_03_HRU2,42.9,9.68,17.98,32.03,34.8,35.0,0.0,0.1,0.0,0.0,9.86,10.92,9.57,10.39,0.0,SSP2-4.5,Baseline,True,DEMO / SYNTHETIC DATA (Plant-to-Watershed Simulator)
2025-04-01,2025,4,WS_Iowa_03,WS_Iowa_03_HRU2,37.6,12.98,17.98,32.03,31.9,35.0,0.0,0.1,0.0,0.0,7.61,10.28,7.34,9.69,0.0,SSP5-8.5,+2C_Warming,True,DEMO / SYNTHETIC DATA (Plant-to-Watershed Simulator)
2025-04-01,2025,4,WS_Iowa_03,WS_Iowa_03_HRU3,28.0,11.81,14.69,18.23,28.0,35.0,0.0,0.1,0.0,0.0,3.22,7.77,3.09,8.36,0.0,SSP2-4.5,Baseline,True,DEMO / SYNTHETIC DATA (Plant-to-Watershed Simulator)
2025-04-01,2025,4,WS_Iowa_03,WS_Iowa_03_HRU3,24.5,15.11,14.69,18.17,24.5,35.0,0.0,0.1,0.0,0.0,2.92,7.69,2.81,8.27,0.0,SSP5-8.5,+2C_Warming,True,DEMO / SYNTHETIC DATA (Plant-to-Watershed Simulator)
2025-04-01,2025,4,WS_Raccoon_02,WS_Raccoon_02_HRU1,94.7,11.03,15.74,27.43,62.4,35.0,0.0,0.1,0.0,0.0,34.29,13.63,33.5,13.9,0.0,SSP2-4.5,Baseline,True,DEMO / SYNTHETIC DATA (Plant-to-Watershed Simulator)
2025-04-01,2025,4,WS_Raccoon_02,WS_Raccoon_02_HRU1,83.0,14.33,15.74,27.43,58.3,35.0,0.0,0.1,0.0,0.0,27.62,12.11,26.85,12.22,0.0,SSP5-8.5,+2C_Warming,True,DEMO / SYNTHETIC DATA (Plant-to-Watershed Simulator)
2025-04-01,2025,4,WS_Raccoon_02,WS_Raccoon_02_HRU2,41.0,10.61,16.86,32.03,33.8,35.0,0.0,0.1,0.0,0.0,9.51,8.21,9.1,7.63,0.0,SSP2-4.5,Baseline,True,DEMO / SYNTHETIC DATA (Plant-to-Watershed Simulator)
2025-04-01,2025,4,WS_Raccoon_02,WS_Raccoon_02_HRU2,35.9,13.91,16.86,31.13,30.9,35.0,0.0,0.1,0.0,0.0,7.42,7.73,7.03,7.11,0.0,SSP5-8.5,+2C_Warming,True,DEMO / SYNTHETIC DATA (Plant-to-Watershed Simulator)
2025-04-01,2025,4,WS_Raccoon_02,WS_Raccoon_02_HRU3,29.6,12.03,15.61,18.23,29.5,35.0,0.0,0.1,0.0,0.0,3.67,6.37,4.01,6.19,0.0,SSP2-4.5,Baseline,True,DEMO / SYNTHETIC DATA (Plant-to-Watershed Simulator)
2025-04-01,2025,4,WS_Raccoon_02,WS_Raccoon_02_HRU3,26.0,15.33,15.61,18.23,26.0,35.0,0.0,0.1,0.0,0.0,3.32,6.29,3.68,6.11,0.0,SSP5-8.5,+2C_Warming,True,DEMO / SYNTHETIC DATA (Plant-to-Watershed Simulator)
2025-05-01,2025,5,WS_Cedar_01,WS_Cedar_01_HRU1,36.4,20.93,22.58,23.27,34.0,46.5,0.18,0.2,11.5,0.0,4.97,5.2,3.93,4.07,0.0,SSP2-4.5,Baseline,True,DEMO / SYNTHETIC DATA (Plant-to-Watershed Simulator)
2025-05-01,2025,5,WS_Cedar_01,WS_Cedar_01_HRU1,31.9,24.23,22.58,21.47,30.6,47.4,0.18,0.2,12.4,0.0,3.81,5.0,2.82,3.86,0.0,SSP5-8.5,+2C_Warming,True,DEMO / SYNTHETIC DATA (Plant-to-Watershed Simulator)
2025-05-01,2025,5,WS_Cedar_01,WS_Cedar_01_HRU2,57.2,19.08,18.73,30.1,41.1,40.8,0.1,0.2,5.8,0.0,17.86,6.17,17.52,7.03,0.0,SSP2-4.5,Baseline,True,DEMO / SYNTHETIC DATA (Plant-to-Watershed Simulator)
2025-05-01,2025,5,WS_Cedar_01,WS_Cedar_01_HRU2,50.1,22.38,18.73,29.93,38.2,41.3,0.1,0.2,6.3,0.0,14.18,5.54,13.89,6.34,0.0,SSP5-8.5,+2C_Warming,True,DEMO / SYNTHETIC DATA (Plant-to-Watershed Simulator)
2025-05-01,2025,5,WS_Cedar_01,WS_Cedar_01_HRU3,84.3,21.25,18.86,16.17,66.4,41.2,0.1,0.2,6.2,0.0,20.21,7.18,19.27,7.13,0.0,SSP2-4.5,Baseline,True,DEMO / SYNTHETIC DATA (Plant-to-Watershed Simulator)
2025-05-01,2025,5,WS_Cedar_01,WS_Cedar_01_HRU3,73.9,24.55,18.86,16.0,61.1,41.7,0.1,0.2,6.7,0.0,15.54,6.38,14.69,6.27,0.0,SSP5-8.5,+2C_Warming,True,DEMO / SYNTHETIC DATA (Plant-to-Watershed Simulator)
2025-05-01,2025,5,WS_Iowa_03,WS_Iowa_03_HRU1,96.5,21.16,18.8,23.83,62.9,45.8,0.18,0.2,10.8,0.0,33.46,16.86,33.29,17.36,0.0,SSP2-4.5,Baseline,True,DEMO / SYNTHETIC DATA (Plant-to-Watershed Simulator)
2025-05-01,2025,5,WS_Iowa_03,WS_Iowa_03_HRU1,84.6,24.46,18.8,23.53,58.9,46.7,0.18,0.2,11.7,0.0,26.62,14.91,26.55,15.24,0.0,SSP5-8.5,+2C_Warming,True,DEMO / SYNTHETIC DATA (Plant-to-Watershed Simulator)
2025-05-01,2025,5,WS_Iowa_03,WS_Iowa_03_HRU2,132.8,20.96,20.52,29.93,59.0,41.3,0.1,0.2,6.3,0.0,66.72,26.53,65.16,27.77,0.0,SSP2-4.5,Baseline,True,DEMO / SYNTHETIC DATA (Plant-to-Watershed Simulator)
2025-05-01,2025,5,WS_Iowa_03,WS_Iowa_03_HRU2,116.4,24.26,20.52,29.77,56.4,41.8,0.1,0.2,6.8,0.0,55.02,23.19,53.55,24.11,0.0,SSP5-8.5,+2C_Warming,True,DEMO / SYNTHETIC DATA (Plant-to-Watershed Simulator)
2025-05-01,2025,5,WS_Iowa_03,WS_Iowa_03_HRU3,57.4,22.48,21.64,11.2,51.4,56.1,0.34,0.2,21.1,0.0,7.69,9.66,8.48,9.88,0.0,SSP2-4.5,Baseline,True,DEMO / SYNTHETIC DATA (Plant-to-Watershed Simulator)
2025-05-01,2025,5,WS_Iowa_03,WS_Iowa_03_HRU3,50.3,25.78,21.64,10.63,46.5,57.8,0.34,0.2,22.8,0.0,5.43,9.01,6.32,9.2,0.0,SSP5-8.5,+2C_Warming,True,DEMO / SYNTHETIC DATA (Plant-to-Watershed Simulator)
2025-05-01,2025,5,WS_Raccoon_02,WS_Raccoon_02_HRU1,52.2,21.76,18.29,24.0,44.2,45.3,0.17,0.2,10.3,0.0,9.27,7.34,8.74,7.6,0.0,SSP2-4.5,Baseline,True,DEMO / SYNTHETIC DATA (Plant-to-Watershed Simulator)
2025-05-01,2025,5,WS_Raccoon_02,WS_Raccoon_02_HRU1,45.7,25.06,18.29,23.7,40.3,46.2,0.17,0.2,11.2,0.0,6.78,6.77,6.32,6.99,0.0,SSP5-8.5,+2C_Warming,True,DEMO / SYNTHETIC DATA (Plant-to-Watershed Simulator)
2025-05-01,2025,5,WS_Raccoon_02,WS_Raccoon_02_HRU2,152.7,19.85,20.44,30.0,61.5,41.1,0.1,0.2,6.1,0.0,81.4,24.63,78.94,25.12,0.0,SSP2-4.5,Baseline,True,DEMO / SYNTHETIC DATA (Plant-to-Watershed Simulator)
2025-05-01,2025,5,WS_Raccoon_02,WS_Raccoon_02_HRU2,133.8,23.15,20.44,29.83,59.1,41.6,0.1,0.2,6.6,0.0,67.52,21.47,65.15,21.65,0.0,SSP5-8.5,+2C_Warming,True,DEMO / SYNTHETIC DATA (Plant-to-Watershed Simulator)
2025-05-01,2025,5,WS_Raccoon_02,WS_Raccoon_02_HRU3,81.5,21.04,19.91,16.13,65.1,41.3,0.1,0.2,6.3,0.0,18.12,9.53,17.71,9.52,0.0,SSP2-4.5,Baseline,True,DEMO / SYNTHETIC DATA (Plant-to-Watershed Simulator)
2025-05-01,2025,5,WS_Raccoon_02,WS_Raccoon_02_HRU3,71.4,24.34,19.91,15.97,59.8,41.8,0.1,0.2,6.8,0.0,13.69,8.52,13.36,8.42,0.0,SSP5-8.5,+2C_Warming,True,DEMO / SYNTHETIC DATA (Plant-to-Watershed Simulator)
2025-06-01,2025,6,WS_Cedar_01,WS_Cedar_01_HRU1,75.2,26.72,22.77,9.8,55.3,112.7,1.73,0.5,77.7,0.06,20.5,7.23,17.55,7.43,0.0,SSP2-4.5,Baseline,True,DEMO / SYNTHETIC DATA (Plant-to-Watershed Simulator)
2025-06-01,2025,6,WS_Cedar_01,WS_Cedar_01_HRU1,65.9,30.02,22.77,9.8,51.2,118.2,1.73,0.5,83.2,0.06,15.83,6.44,13.4,6.64,0.0,SSP5-8.5,+2C_Warming,True,DEMO / SYNTHETIC DATA (Plant-to-Watershed Simulator)
2025-06-01,2025,6,WS_Cedar_01,WS_Cedar_01_HRU2,88.4,26.98,23.92,14.0,50.7,115.9,1.72,0.5,80.9,0.039,35.33,10.71,31.11,9.61,0.0,SSP2-4.5,Baseline,True,DEMO / SYNTHETIC DATA (Plant-to-Watershed Simulator)
2025-06-01,2025,6,WS_Cedar_01,WS_Cedar_01_HRU2,77.4,30.28,23.92,14.0,47.9,121.5,1.72,0.5,86.5,0.039,28.36,9.52,24.8,8.42,0.0,SSP5-8.5,+2C_Warming,True,DEMO / SYNTHETIC DATA (Plant-to-Watershed Simulator)
2025-06-01,2025,6,WS_Cedar_01,WS_Cedar_01_HRU3,126.6,25.27,23.46,6.3,83.0,116.6,2.05,0.5,81.6,0.08,39.36,11.57,32.96,10.36,0.0,SSP2-4.5,Baseline,True,DEMO / SYNTHETIC DATA (Plant-to-Watershed Simulator)
2025-06-01,2025,6,WS_Cedar_01,WS_Cedar_01_HRU3,110.9,28.57,23.46,6.3,77.6,122.5,2.05,0.5,87.5,0.08,30.37,10.03,25.03,8.86,0.0,SSP5-8.5,+2C_Warming,True,DEMO / SYNTHETIC DATA (Plant-to-Watershed Simulator)
2025-06-01,2025,6,WS_Iowa_03,WS_Iowa_03_HRU1,90.5,24.99,23.43,9.8,61.0,124.1,2.27,0.5,89.1,0.038,30.24,17.13,24.77,14.56,0.0,SSP2-4.5,Baseline,True,DEMO / SYNTHETIC DATA (Plant-to-Watershed Simulator)
2025-06-01,2025,6,WS_Iowa_03,WS_Iowa_03_HRU1,79.3,28.29,23.43,9.8,56.9,130.5,2.27,0.5,95.5,0.038,23.99,15.35,19.33,12.85,0.0,SSP5-8.5,+2C_Warming,True,DEMO / SYNTHETIC DATA (Plant-to-Watershed Simulator)
2025-06-01,2025,6,WS_Iowa_03,WS_Iowa_03_HRU2,44.1,25.84,23.31,14.0,35.4,117.8,1.98,0.5,82.8,0.059,9.45,10.83,7.78,9.68,0.0,SSP2-4.5,Baseline,True,DEMO / SYNTHETIC DATA (Plant-to-Watershed Simulator)
2025-06-01,2025,6,WS_Iowa_03,WS_Iowa_03_HRU2,38.7,29.14,23.31,14.0,32.5,123.7,1.98,0.5,88.7,0.059,7.11,10.17,5.75,9.04,0.0,SSP5-8.5,+2C_Warming,True,DEMO / SYNTHETIC DATA (Plant-to-Watershed Simulator)
2025-06-01,2025,6,WS_Iowa_03,WS_Iowa_03_HRU3,40.1,25.92,22.69,6.3,38.8,122.6,2.0,0.5,87.6,0.003,5.84,9.02,4.46,8.16,0.0,SSP2-4.5,Baseline,True,DEMO / SYNTHETIC DATA (Plant-to-Watershed Simulator)
2025-06-01,2025,6,WS_Iowa_03,WS_Iowa_03_HRU3,35.2,29.22,22.69,6.3,34.6,128.9,2.0,0.5,93.9,0.003,4.88,8.75,3.72,7.92,0.0,SSP5-8.5,+2C_Warming,True,DEMO / SYNTHETIC DATA (Plant-to-Watershed Simulator)
2025-06-01,2025,6,WS_Raccoon_02,WS_Raccoon_02_HRU1,118.7,26.32,22.32,9.8,69.2,121.6,2.13,0.5,86.6,0.048,46.41,17.66,39.78,15.31,0.0,SSP2-4.5,Baseline,True,DEMO / SYNTHETIC DATA (Plant-to-Watershed Simulator)
2025-06-01,2025,6,WS_Raccoon_02,WS_Raccoon_02_HRU1,104.0,29.62,22.32,9.8,65.2,127.8,2.13,0.5,92.8,0.048,37.19,15.56,31.63,13.26,0.0,SSP5-8.5,+2C_Warming,True,DEMO / SYNTHETIC DATA (Plant-to-Watershed Simulator)
2025-06-01,2025,6,WS_Raccoon_02,WS_Raccoon_02_HRU2,91.8,24.96,22.24,14.0,51.5,110.9,1.75,0.5,75.9,0.045,39.53,14.82,34.81,13.9,0.0,SSP2-4.5,Baseline,True,DEMO / SYNTHETIC DATA (Plant-to-Watershed Simulator)
2025-06-01,2025,6,WS_Raccoon_02,WS_Raccoon_02_HRU2,80.5,28.26,22.24,14.0,48.7,116.5,1.75,0.5,81.5,0.045,32.26,13.16,28.25,12.25,0.0,SSP5-8.5,+2C_Warming,True,DEMO / SYNTHETIC DATA (Plant-to-Watershed Simulator)
2025-06-01,2025,6,WS_Raccoon_02,WS_Raccoon_02_HRU3,166.7,26.48,23.01,6.3,93.9,115.9,1.89,0.5,80.9,0.067,68.23,21.14,58.64,19.7,0.0,SSP2-4.5,Baseline,True,DEMO / SYNTHETIC DATA (Plant-to-Watershed Simulator)
2025-06-01,2025,6,WS_Raccoon_02,WS_Raccoon_02_HRU3,146.1,29.78,23.01,6.3,88.7,121.6,1.89,0.5,86.6,0.067,55.02,18.13,46.8,16.71,0.0,SSP5-8.5,+2C_Warming,True,DEMO / SYNTHETIC DATA (Plant-to-Watershed Simulator)
2025-07-01,2025,7,WS_Cedar_01,WS_Cedar_01_HRU1,68.9,29.1,23.13,9.8,52.6,150.7,4.52,0.9,115.7,0.083,17.54,6.84,11.68,5.74,0.0,SSP2-4.5,Baseline,True,DEMO / SYNTHETIC DATA (Plant-to-Watershed Simulator)
2025-07-01,2025,7,WS_Cedar_01,WS_Cedar_01_HRU1,60.4,32.4,23.13,9.8,48.6,158.4,4.52,0.9,123.4,0.083,13.51,6.15,8.75,5.18,0.0,SSP5-8.5,+2C_Warming,True,DEMO / SYNTHETIC DATA (Plant-to-Watershed Simulator)
2025-07-01,2025,7,WS_Cedar_01,WS_Cedar_01_HRU2,25.8,28.94,22.44,14.0,24.2,58.1,4.79,0.9,23.1,0.817,3.93,4.32,1.58,4.25,0.0,SSP2-4.5,Baseline,True,DEMO / SYNTHETIC DATA (Plant-to-Watershed Simulator)
2025-07-01,2025,7,WS_Cedar_01,WS_Cedar_01_HRU2,22.6,32.24,22.44,14.0,21.7,49.3,4.79,0.9,14.3,0.894,3.13,4.19,1.09,4.16,0.0,SSP5-8.5,+2C_Warming,True,DEMO / SYNTHETIC DATA (Plant-to-Watershed Simulator)
2025-07-01,2025,7,WS_Cedar_01,WS_Cedar_01_HRU3,150.0,26.14,22.24,6.3,89.8,149.9,4.79,0.9,114.9,0.03,58.44,13.93,41.29,11.33,0.0,SSP2-4.5,Baseline,True,DEMO / SYNTHETIC DATA (Plant-to-Watershed Simulator)
2025-07-01,2025,7,WS_Cedar_01,WS_Cedar_01_HRU3,131.4,29.44,22.24,6.3,84.5,158.1,4.79,0.9,123.1,0.03,46.98,11.97,32.63,9.69,0.0,SSP5-8.5,+2C_Warming,True,DEMO / SYNTHETIC DATA (Plant-to-Watershed Simulator)
2025-07-01,2025,7,WS_Iowa_03,WS_Iowa_03_HRU1,157.2,24.88,21.24,9.8,77.2,141.3,4.89,0.9,106.3,0.066,74.32,28.9,54.4,24.14,0.0,SSP2-4.5,Baseline,True,DEMO / SYNTHETIC DATA (Plant-to-Watershed Simulator)
2025-07-01,2025,7,WS_Iowa_03,WS_Iowa_03_HRU1,137.7,28.18,21.24,9.8,73.5,149.3,4.89,0.9,114.3,0.066,60.92,25.08,44.14,20.91,0.0,SSP5-8.5,+2C_Warming,True,DEMO / SYNTHETIC DATA (Plant-to-Watershed Simulator)
2025-07-01,2025,7,WS_Iowa_03,WS_Iowa_03_HRU2,50.7,25.55,20.23,14.0,38.5,106.9,4.89,0.9,71.9,0.368,14.5,11.28,9.34,10.23,0.0,SSP2-4.5,Baseline,True,DEMO / SYNTHETIC DATA (Plant-to-Watershed Simulator)
2025-07-01,2025,7,WS_Iowa_03,WS_Iowa_03_HRU2,44.4,28.85,20.23,14.0,35.5,100.9,4.89,0.9,65.9,0.461,11.48,10.42,7.14,9.53,0.0,SSP5-8.5,+2C_Warming,True,DEMO / SYNTHETIC DATA (Plant-to-Watershed Simulator)
2025-07-01,2025,7,WS_Iowa_03,WS_Iowa_03_HRU3,216.1,25.93,23.08,6.3,103.6,143.5,4.8,0.9,108.5,0.091,102.92,36.71,74.49,30.47,0.0,SSP2-4.5,Baseline,True,DEMO / SYNTHETIC DATA (Plant-to-Watershed Simulator)
2025-07-01,2025,7,WS_Iowa_03,WS_Iowa_03_HRU3,189.3,29.23,23.08,6.3,98.8,151.2,4.8,0.9,116.2,0.091,84.32,31.41,60.23,25.98,0.0,SSP5-8.5,+2C_Warming,True,DEMO / SYNTHETIC DATA (Plant-to-Watershed Simulator)
2025-07-01,2025,7,WS_Raccoon_02,WS_Raccoon_02_HRU1,191.2,27.06,21.3,9.8,82.4,146.8,4.78,0.9,111.8,0.061,98.52,28.74,72.93,24.12,0.0,SSP2-4.5,Baseline,True,DEMO / SYNTHETIC DATA (Plant-to-Watershed Simulator)
2025-07-01,2025,7,WS_Raccoon_02,WS_Raccoon_02_HRU1,167.6,30.36,21.3,9.8,79.0,154.8,4.78,0.9,119.8,0.061,81.52,24.86,59.84,20.82,0.0,SSP5-8.5,+2C_Warming,True,DEMO / SYNTHETIC DATA (Plant-to-Watershed Simulator)
2025-07-01,2025,7,WS_Raccoon_02,WS_Raccoon_02_HRU2,90.4,26.78,23.12,14.0,51.2,145.5,4.81,0.9,110.5,0.092,37.01,14.09,25.46,12.4,0.0,SSP2-4.5,Baseline,True,DEMO / SYNTHETIC DATA (Plant-to-Watershed Simulator)
2025-07-01,2025,7,WS_Raccoon_02,WS_Raccoon_02_HRU2,79.2,30.08,23.12,14.0,48.4,148.0,4.81,0.9,113.0,0.132,29.85,12.46,20.01,11.03,0.0,SSP5-8.5,+2C_Warming,True,DEMO / SYNTHETIC DATA (Plant-to-Watershed Simulator)
2025-07-01,2025,7,WS_Raccoon_02,WS_Raccoon_02_HRU3,42.6,28.22,22.02,6.3,40.8,150.3,4.93,0.9,115.3,0.07,4.43,6.62,1.74,5.74,0.0,SSP2-4.5,Baseline,True,DEMO / SYNTHETIC DATA (Plant-to-Watershed Simulator)
2025-07-01,2025,7,WS_Raccoon_02,WS_Raccoon_02_HRU3,37.4,31.52,22.02,6.3,36.5,153.6,4.93,0.9,118.6,0.105,3.31,6.37,1.09,5.57,0.0,SSP5-8.5,+2C_Warming,True,DEMO / SYNTHETIC DATA (Plant-to-Watershed Simulator)
2025-08-01,2025,8,WS_Cedar_01,WS_Cedar_01_HRU1,117.5,26.81,22.8,9.8,68.9,148.1,4.65,1.2,113.1,0.061,47.71,12.14,33.43,9.33,0.0,SSP2-4.5,Baseline,True,DEMO / SYNTHETIC DATA (Plant-to-Watershed Simulator)
2025-08-01,2025,8,WS_Cedar_01,WS_Cedar_01_HRU1,102.9,30.11,22.8,9.8,64.9,156.0,4.65,1.2,121.0,0.061,38.58,10.58,26.58,8.04,0.0,SSP5-8.5,+2C_Warming,True,DEMO / SYNTHETIC DATA (Plant-to-Watershed Simulator)
2025-08-01,2025,8,WS_Cedar_01,WS_Cedar_01_HRU2,161.0,27.43,22.46,14.0,62.5,153.6,4.68,1.2,118.6,0.025,87.78,18.67,64.23,15.8,0.0,SSP2-4.5,Baseline,True,DEMO / SYNTHETIC DATA (Plant-to-Watershed Simulator)
2025-08-01,2025,8,WS_Cedar_01,WS_Cedar_01_HRU2,141.1,30.73,22.46,14.0,60.1,161.8,4.68,1.2,126.8,0.025,73.03,16.15,52.89,13.65,0.0,SSP5-8.5,+2C_Warming,True,DEMO / SYNTHETIC DATA (Plant-to-Watershed Simulator)
2025-08-01,2025,8,WS_Cedar_01,WS_Cedar_01_HRU3,247.8,25.51,22.6,6.3,108.4,143.1,4.91,1.2,108.1,0.083,125.77,25.76,89.98,21.3,0.0,SSP2-4.5,Baseline,True,DEMO / SYNTHETIC DATA (Plant-to-Watershed Simulator)
2025-08-01,2025,8,WS_Cedar_01,WS_Cedar_01_HRU3,217.2,28.81,22.6,6.3,103.8,150.9,4.91,1.2,115.9,0.083,103.83,22.01,73.18,18.12,0.0,SSP5-8.5,+2C_Warming,True,DEMO / SYNTHETIC DATA (Plant-to-Watershed Simulator)
2025-08-01,2025,8,WS_Iowa_03,WS_Iowa_03_HRU1,81.5,26.44,23.44,9.8,57.8,145.9,4.82,1.2,110.9,0.086,22.92,14.8,14.83,12.11,0.0,SSP2-4.5,Baseline,True,DEMO / SYNTHETIC DATA (Plant-to-Watershed Simulator)
2025-08-01,2025,8,WS_Iowa_03,WS_Iowa_03_HRU1,71.4,29.74,23.44,9.8,53.7,153.7,4.82,1.2,118.7,0.086,17.6,13.28,10.96,10.89,0.0,SSP5-8.5,+2C_Warming,True,DEMO / SYNTHETIC DATA (Plant-to-Watershed Simulator)
2025-08-01,2025,8,WS_Iowa_03,WS_Iowa_03_HRU2,39.2,24.71,24.46,14.0,32.8,85.5,4.66,1.2,50.5,0.572,8.54,10.46,3.69,7.69,0.0,SSP2-4.5,Baseline,True,DEMO / SYNTHETIC DATA (Plant-to-Watershed Simulator)
2025-08-01,2025,8,WS_Iowa_03,WS_Iowa_03_HRU2,34.4,28.01,24.46,14.0,30.0,78.1,4.66,1.2,43.1,0.659,6.64,9.92,2.4,7.28,0.0,SSP5-8.5,+2C_Warming,True,DEMO / SYNTHETIC DATA (Plant-to-Watershed Simulator)
2025-08-01,2025,8,WS_Iowa_03,WS_Iowa_03_HRU3,102.7,22.98,22.56,6.3,74.5,139.6,5.08,1.2,104.6,0.065,29.33,16.39,17.9,12.92,0.0,SSP2-4.5,Baseline,True,DEMO / SYNTHETIC DATA (Plant-to-Watershed Simulator)
2025-08-01,2025,8,WS_Iowa_03,WS_Iowa_03_HRU3,90.0,26.28,22.56,6.3,69.1,147.6,5.08,1.2,112.6,0.065,22.83,14.54,13.2,11.44,0.0,SSP5-8.5,+2C_Warming,True,DEMO / SYNTHETIC DATA (Plant-to-Watershed Simulator)
2025-08-01,2025,8,WS_Raccoon_02,WS_Raccoon_02_HRU1,49.4,25.27,22.5,9.8,42.6,125.7,4.65,1.2,90.7,0.218,8.68,7.62,3.28,6.46,0.0,SSP2-4.5,Baseline,True,DEMO / SYNTHETIC DATA (Plant-to-Watershed Simulator)
2025-08-01,2025,8,WS_Raccoon_02,WS_Raccoon_02_HRU1,43.3,28.57,22.5,9.8,38.8,119.1,4.65,1.2,84.1,0.324,6.46,7.11,1.81,6.09,0.0,SSP5-8.5,+2C_Warming,True,DEMO / SYNTHETIC DATA (Plant-to-Watershed Simulator)
2025-08-01,2025,8,WS_Raccoon_02,WS_Raccoon_02_HRU2,152.7,23.8,22.08,14.0,61.5,138.2,4.82,1.2,103.2,0.08,80.5,24.03,58.66,20.04,0.0,SSP2-4.5,Baseline,True,DEMO / SYNTHETIC DATA (Plant-to-Watershed Simulator)
2025-08-01,2025,8,WS_Raccoon_02,WS_Raccoon_02_HRU2,133.8,27.1,22.08,14.0,59.1,146.1,4.82,1.2,111.1,0.08,66.63,20.86,48.01,17.36,0.0,SSP5-8.5,+2C_Warming,True,DEMO / SYNTHETIC DATA (Plant-to-Watershed Simulator)
2025-08-01,2025,8,WS_Raccoon_02,WS_Raccoon_02_HRU3,175.5,25.74,21.39,6.3,95.9,145.1,4.6,1.2,110.1,0.043,73.69,22.55,51.1,18.82,0.0,SSP2-4.5,Baseline,True,DEMO / SYNTHETIC DATA (Plant-to-Watershed Simulator)
2025-08-01,2025,8,WS_Raccoon_02,WS_Raccoon_02_HRU3,153.8,29.04,21.39,6.3,90.8,153.2,4.6,1.2,118.2,0.043,59.52,19.32,40.4,16.12,0.0,SSP5-8.5,+2C_Warming,True,DEMO / SYNTHETIC DATA (Plant-to-Watershed Simulator)
2025-09-01,2025,9,WS_Cedar_01,WS_Cedar_01_HRU1,78.0,20.93,18.89,9.8,56.4,107.0,2.13,1.33,72.0,0.051,21.8,7.13,14.77,6.81,0.0,SSP2-4.5,Baseline,True,DEMO / SYNTHETIC DATA (Plant-to-Watershed Simulator)
2025-09-01,2025,9,WS_Cedar_01,WS_Cedar_01_HRU1,68.4,24.23,18.89,9.8,52.3,113.2,2.13,1.33,78.2,0.051,16.87,6.29,10.66,6.04,0.0,SSP5-8.5,+2C_Warming,True,DEMO / SYNTHETIC DATA (Plant-to-Watershed Simulator)
2025-09-01,2025,9,WS_Cedar_01,WS_Cedar_01_HRU2,88.4,20.42,20.79,14.0,50.7,105.8,1.93,1.33,70.8,0.037,34.65,10.31,28.11,9.53,0.0,SSP2-4.5,Baseline,True,DEMO / SYNTHETIC DATA (Plant-to-Watershed Simulator)
2025-09-01,2025,9,WS_Cedar_01,WS_Cedar_01_HRU2,77.4,23.72,20.79,14.0,47.9,110.3,1.93,1.33,75.3,0.056,27.68,9.12,22.01,8.38,0.0,SSP5-8.5,+2C_Warming,True,DEMO / SYNTHETIC DATA (Plant-to-Watershed Simulator)
2025-09-01,2025,9,WS_Cedar_01,WS_Cedar_01_HRU3,87.0,17.98,18.34,6.3,67.7,101.7,2.15,1.33,66.7,0.042,21.85,8.31,14.75,6.69,0.0,SSP2-4.5,Baseline,True,DEMO / SYNTHETIC DATA (Plant-to-Watershed Simulator)
2025-09-01,2025,9,WS_Cedar_01,WS_Cedar_01_HRU3,76.2,21.28,18.34,6.3,62.4,108.0,2.15,1.33,73.0,0.042,16.88,7.46,10.7,5.93,0.0,SSP5-8.5,+2C_Warming,True,DEMO / SYNTHETIC DATA (Plant-to-Watershed Simulator)
2025-09-01,2025,9,WS_Iowa_03,WS_Iowa_03_HRU1,26.9,22.37,18.62,9.8,26.4,61.3,2.11,1.33,33.9,0.565,3.26,8.0,0.5,7.59,0.0,SSP2-4.5,Baseline,True,DEMO / SYNTHETIC DATA (Plant-to-Watershed Simulator)
2025-09-01,2025,9,WS_Iowa_03,WS_Iowa_03_HRU1,23.6,25.67,18.62,9.8,23.5,58.2,2.11,1.33,30.0,0.645,2.74,7.85,0.5,7.59,0.0,SSP5-8.5,+2C_Warming,True,DEMO / SYNTHETIC DATA (Plant-to-Watershed Simulator)
2025-09-01,2025,9,WS_Iowa_03,WS_Iowa_03_HRU2,46.8,20.99,20.33,14.0,36.7,74.9,1.75,1.33,40.5,0.423,11.37,10.75,7.98,9.31,0.0,SSP2-4.5,Baseline,True,DEMO / SYNTHETIC DATA (Plant-to-Watershed Simulator)
2025-09-01,2025,9,WS_Iowa_03,WS_Iowa_03_HRU2,41.0,24.29,20.33,14.0,33.8,72.1,1.75,1.33,37.1,0.512,8.73,10.0,5.79,8.62,0.0,SSP5-8.5,+2C_Warming,True,DEMO / SYNTHETIC DATA (Plant-to-Watershed Simulator)
2025-09-01,2025,9,WS_Iowa_03,WS_Iowa_03_HRU3,84.1,18.06,20.49,6.3,66.3,99.9,1.88,1.33,64.9,0.043,17.35,12.18,10.49,10.69,0.0,SSP2-4.5,Baseline,True,DEMO / SYNTHETIC DATA (Plant-to-Watershed Simulator)
2025-09-01,2025,9,WS_Iowa_03,WS_Iowa_03_HRU3,73.7,21.36,20.49,6.3,61.0,105.7,1.88,1.33,70.7,0.043,12.68,10.85,6.65,9.48,0.0,SSP5-8.5,+2C_Warming,True,DEMO / SYNTHETIC DATA (Plant-to-Watershed Simulator)
2025-09-01,2025,9,WS_Raccoon_02,WS_Raccoon_02_HRU1,40.3,22.79,19.48,9.8,36.8,83.9,2.03,1.33,50.6,0.354,5.88,7.25,2.47,6.48,0.0,SSP2-4.5,Baseline,True,DEMO / SYNTHETIC DATA (Plant-to-Watershed Simulator)
2025-09-01,2025,9,WS_Raccoon_02,WS_Raccoon_02_HRU1,35.3,26.09,19.48,9.8,33.2,80.4,2.03,1.33,46.3,0.454,4.42,6.91,1.43,6.21,0.0,SSP5-8.5,+2C_Warming,True,DEMO / SYNTHETIC DATA (Plant-to-Watershed Simulator)
2025-09-01,2025,9,WS_Raccoon_02,WS_Raccoon_02_HRU2,27.9,22.83,19.47,14.0,25.7,47.7,1.92,1.33,17.2,0.774,4.86,6.66,3.76,5.89,0.0,SSP2-4.5,Baseline,True,DEMO / SYNTHETIC DATA (Plant-to-Watershed Simulator)
2025-09-01,2025,9,WS_Raccoon_02,WS_Raccoon_02_HRU2,24.4,26.13,19.47,14.0,23.2,44.1,1.92,1.33,12.3,0.851,3.89,6.44,3.07,5.72,0.0,SSP5-8.5,+2C_Warming,True,DEMO / SYNTHETIC DATA (Plant-to-Watershed Simulator)
2025-09-01,2025,9,WS_Raccoon_02,WS_Raccoon_02_HRU3,34.3,21.32,20.85,6.3,33.8,95.9,2.09,1.33,61.7,0.214,5.52,7.45,2.59,6.65,0.0,SSP2-4.5,Baseline,True,DEMO / SYNTHETIC DATA (Plant-to-Watershed Simulator)
2025-09-01,2025,9,WS_Raccoon_02,WS_Raccoon_02_HRU3,30.0,24.62,20.85,6.3,29.9,90.3,2.09,1.33,56.0,0.341,4.91,7.31,2.33,6.59,0.0,SSP5-8.5,+2C_Warming,True,DEMO / SYNTHETIC DATA (Plant-to-Watershed Simulator)
2025-10-01,2025,10,WS_Cedar_01,WS_Cedar_01_HRU1,30.5,11.38,16.1,11.6,29.4,24.0,0.1,1.38,4.3,0.0,2.59,4.65,0.5,4.19,12.38,SSP2-4.5,Baseline,True,DEMO / SYNTHETIC DATA (Plant-to-Watershed Simulator)
2025-10-01,2025,10,WS_Cedar_01,WS_Cedar_01_HRU1,26.8,14.68,16.1,10.0,26.3,25.7,0.1,1.38,4.8,0.0,1.86,4.52,0.5,4.19,12.38,SSP5-8.5,+2C_Warming,True,DEMO / SYNTHETIC DATA (Plant-to-Watershed Simulator)
2025-10-01,2025,10,WS_Cedar_01,WS_Cedar_01_HRU2,14.1,13.21,15.34,14.0,14.1,22.1,0.1,1.38,4.5,0.0,2.92,4.76,1.76,4.22,12.12,SSP2-4.5,Baseline,True,DEMO / SYNTHETIC DATA (Plant-to-Watershed Simulator)
2025-10-01,2025,10,WS_Cedar_01,WS_Cedar_01_HRU2,12.4,16.51,15.34,14.0,12.4,24.1,0.1,1.38,5.0,0.0,2.79,4.74,1.77,4.22,12.12,SSP5-8.5,+2C_Warming,True,DEMO / SYNTHETIC DATA (Plant-to-Watershed Simulator)
2025-10-01,2025,10,WS_Cedar_01,WS_Cedar_01_HRU3,22.6,9.17,15.72,6.9,22.6,20.8,0.11,1.38,4.3,0.0,1.5,4.81,0.5,3.93,12.7,SSP2-4.5,Baseline,True,DEMO / SYNTHETIC DATA (Plant-to-Watershed Simulator)
2025-10-01,2025,10,WS_Cedar_01,WS_Cedar_01_HRU3,19.8,12.47,15.72,6.3,19.8,22.4,0.11,1.38,4.9,0.0,1.5,4.81,0.5,3.93,12.7,SSP5-8.5,+2C_Warming,True,DEMO / SYNTHETIC DATA (Plant-to-Watershed Simulator)
2025-10-01,2025,10,WS_Iowa_03,WS_Iowa_03_HRU1,45.4,13.31,13.98,12.57,40.1,31.8,0.19,1.38,8.1,0.0,8.53,10.02,5.04,8.2,12.16,SSP2-4.5,Baseline,True,DEMO / SYNTHETIC DATA (Plant-to-Watershed Simulator)
2025-10-01,2025,10,WS_Iowa_03,WS_Iowa_03_HRU1,39.8,16.61,13.98,10.53,36.4,34.2,0.19,1.38,9.1,0.0,6.66,9.48,3.48,7.71,12.16,SSP5-8.5,+2C_Warming,True,DEMO / SYNTHETIC DATA (Plant-to-Watershed Simulator)
2025-10-01,2025,10,WS_Iowa_03,WS_Iowa_03_HRU2,49.0,11.09,15.82,17.33,37.7,27.7,0.1,1.38,4.2,0.0,12.6,10.79,9.46,9.55,12.91,SSP2-4.5,Baseline,True,DEMO / SYNTHETIC DATA (Plant-to-Watershed Simulator)
2025-10-01,2025,10,WS_Iowa_03,WS_Iowa_03_HRU2,42.9,14.39,15.82,15.53,34.8,30.2,0.1,1.38,4.8,0.0,9.74,9.98,6.84,8.72,12.91,SSP5-8.5,+2C_Warming,True,DEMO / SYNTHETIC DATA (Plant-to-Watershed Simulator)
2025-10-01,2025,10,WS_Iowa_03,WS_Iowa_03_HRU3,18.5,10.57,14.93,6.3,18.5,19.5,0.1,1.38,4.1,0.0,1.83,7.32,0.5,7.66,12.72,SSP2-4.5,Baseline,True,DEMO / SYNTHETIC DATA (Plant-to-Watershed Simulator)
2025-10-01,2025,10,WS_Iowa_03,WS_Iowa_03_HRU3,16.2,13.87,14.93,6.3,16.2,20.9,0.1,1.38,4.6,0.0,1.65,7.27,0.5,7.66,12.72,SSP5-8.5,+2C_Warming,True,DEMO / SYNTHETIC DATA (Plant-to-Watershed Simulator)
2025-10-01,2025,10,WS_Raccoon_02,WS_Raccoon_02_HRU1,19.2,13.85,14.69,9.8,19.2,25.2,0.18,1.38,8.0,0.0,4.64,7.09,3.28,6.39,12.59,SSP2-4.5,Baseline,True,DEMO / SYNTHETIC DATA (Plant-to-Watershed Simulator)
2025-10-01,2025,10,WS_Raccoon_02,WS_Raccoon_02_HRU1,16.8,17.15,14.69,9.8,16.8,27.1,0.18,1.38,8.9,0.0,4.45,7.05,3.28,6.39,12.59,SSP5-8.5,+2C_Warming,True,DEMO / SYNTHETIC DATA (Plant-to-Watershed Simulator)
2025-10-01,2025,10,WS_Raccoon_02,WS_Raccoon_02_HRU2,36.9,10.85,13.29,16.5,31.5,24.0,0.1,1.38,3.9,0.0,6.49,7.52,3.02,6.41,14.01,SSP2-4.5,Baseline,True,DEMO / SYNTHETIC DATA (Plant-to-Watershed Simulator)
2025-10-01,2025,10,WS_Raccoon_02,WS_Raccoon_02_HRU2,32.3,14.15,13.29,14.77,28.7,26.4,0.1,1.38,4.5,0.0,4.77,7.12,1.52,6.03,14.01,SSP5-8.5,+2C_Warming,True,DEMO / SYNTHETIC DATA (Plant-to-Watershed Simulator)
2025-10-01,2025,10,WS_Raccoon_02,WS_Raccoon_02_HRU3,86.1,14.33,14.41,15.53,67.3,39.6,0.1,1.38,4.6,0.0,19.33,10.35,12.67,8.89,13.33,SSP2-4.5,Baseline,True,DEMO / SYNTHETIC DATA (Plant-to-Watershed Simulator)
2025-10-01,2025,10,WS_Raccoon_02,WS_Raccoon_02_HRU3,75.5,17.63,14.41,13.6,62.0,40.1,0.1,1.38,5.1,0.0,14.49,9.25,8.27,7.78,13.33,SSP5-8.5,+2C_Warming,True,DEMO / SYNTHETIC DATA (Plant-to-Watershed Simulator)
2025-11-01,2025,11,WS_Cedar_01,WS_Cedar_01_HRU1,31.1,3.21,8.99,17.77,29.9,11.4,0.0,0.1,0.0,0.0,1.5,4.39,1.09,3.92,0.0,SSP2-4.5,Baseline,True,DEMO / SYNTHETIC DATA (Plant-to-Watershed Simulator)
2025-11-01,2025,11,WS_Cedar_01,WS_Cedar_01_HRU1,27.3,6.51,8.99,14.83,26.8,12.3,0.0,0.1,0.0,0.0,1.5,4.39,1.11,3.92,0.0,SSP5-8.5,+2C_Warming,True,DEMO / SYNTHETIC DATA (Plant-to-Watershed Simulator)
2025-11-01,2025,11,WS_Cedar_01,WS_Cedar_01_HRU2,41.2,7.37,12.89,19.43,33.9,17.6,0.0,0.1,0.0,0.0,9.5,5.71,9.57,5.68,0.0,SSP2-4.5,Baseline,True,DEMO / SYNTHETIC DATA (Plant-to-Watershed Simulator)
2025-11-01,2025,11,WS_Cedar_01,WS_Cedar_01_HRU2,36.1,10.67,12.89,17.8,31.0,19.6,0.0,0.1,0.0,0.0,7.4,5.35,7.49,5.29,0.0,SSP5-8.5,+2C_Warming,True,DEMO / SYNTHETIC DATA (Plant-to-Watershed Simulator)
2025-11-01,2025,11,WS_Cedar_01,WS_Cedar_01_HRU3,20.4,3.72,9.02,10.43,20.4,9.8,0.0,0.1,0.0,0.0,1.5,4.88,0.5,3.8,0.0,SSP2-4.5,Baseline,True,DEMO / SYNTHETIC DATA (Plant-to-Watershed Simulator)
2025-11-01,2025,11,WS_Cedar_01,WS_Cedar_01_HRU3,17.9,7.02,9.02,8.7,17.9,10.7,0.0,0.1,0.0,0.0,1.5,4.88,0.5,3.8,0.0,SSP5-8.5,+2C_Warming,True,DEMO / SYNTHETIC DATA (Plant-to-Watershed Simulator)
2025-11-01,2025,11,WS_Iowa_03,WS_Iowa_03_HRU1,18.1,6.57,10.98,14.27,18.1,13.0,0.0,0.1,0.0,0.0,1.71,8.12,2.58,8.62,0.0,SSP2-4.5,Baseline,True,DEMO / SYNTHETIC DATA (Plant-to-Watershed Simulator)
2025-11-01,2025,11,WS_Iowa_03,WS_Iowa_03_HRU1,15.8,9.87,10.98,11.47,15.8,13.0,0.0,0.1,0.0,0.0,1.53,8.07,2.41,8.56,0.0,SSP5-8.5,+2C_Warming,True,DEMO / SYNTHETIC DATA (Plant-to-Watershed Simulator)
2025-11-01,2025,11,WS_Iowa_03,WS_Iowa_03_HRU2,15.8,5.84,10.62,18.13,15.8,13.4,0.0,0.1,0.0,0.0,1.5,7.8,2.07,8.44,0.0,SSP2-4.5,Baseline,True,DEMO / SYNTHETIC DATA (Plant-to-Watershed Simulator)
2025-11-01,2025,11,WS_Iowa_03,WS_Iowa_03_HRU2,13.9,9.14,10.62,15.43,13.9,14.2,0.0,0.1,0.0,0.0,1.5,7.8,2.08,8.45,0.0,SSP5-8.5,+2C_Warming,True,DEMO / SYNTHETIC DATA (Plant-to-Watershed Simulator)
2025-11-01,2025,11,WS_Iowa_03,WS_Iowa_03_HRU3,17.1,2.91,9.45,9.23,17.1,8.3,0.0,0.1,0.0,0.0,1.5,7.79,0.61,6.78,0.0,SSP2-4.5,Baseline,True,DEMO / SYNTHETIC DATA (Plant-to-Watershed Simulator)
2025-11-01,2025,11,WS_Iowa_03,WS_Iowa_03_HRU3,15.0,6.21,9.45,8.1,15.0,9.6,0.0,0.1,0.0,0.0,1.5,7.79,0.62,6.78,0.0,SSP5-8.5,+2C_Warming,True,DEMO / SYNTHETIC DATA (Plant-to-Watershed Simulator)
2025-11-01,2025,11,WS_Raccoon_02,WS_Raccoon_02_HRU1,32.9,4.21,12.92,15.8,31.4,13.4,0.0,0.1,0.0,0.0,4.21,6.64,2.86,6.18,0.0,SSP2-4.5,Baseline,True,DEMO / SYNTHETIC DATA (Plant-to-Watershed Simulator)
2025-11-01,2025,11,WS_Raccoon_02,WS_Raccoon_02_HRU1,28.8,7.51,12.92,14.13,28.0,15.0,0.0,0.1,0.0,0.0,3.29,6.43,1.96,5.95,0.0,SSP5-8.5,+2C_Warming,True,DEMO / SYNTHETIC DATA (Plant-to-Watershed Simulator)
2025-11-01,2025,11,WS_Raccoon_02,WS_Raccoon_02_HRU2,42.4,1.66,9.96,23.9,34.5,12.3,0.0,0.1,0.0,0.0,9.98,7.84,9.8,8.15,0.0,SSP2-4.5,Baseline,True,DEMO / SYNTHETIC DATA (Plant-to-Watershed Simulator)
2025-11-01,2025,11,WS_Raccoon_02,WS_Raccoon_02_HRU2,37.2,4.96,9.96,20.7,31.7,13.9,0.0,0.1,0.0,0.0,7.79,7.34,7.62,7.6,0.0,SSP5-8.5,+2C_Warming,True,DEMO / SYNTHETIC DATA (Plant-to-Watershed Simulator)
2025-11-01,2025,11,WS_Raccoon_02,WS_Raccoon_02_HRU3,41.0,2.81,12.18,21.3,39.5,22.2,0.0,0.1,0.0,0.0,5.82,7.35,5.5,6.9,0.0,SSP2-4.5,Baseline,True,DEMO / SYNTHETIC DATA (Plant-to-Watershed Simulator)
2025-11-01,2025,11,WS_Raccoon_02,WS_Raccoon_02_HRU3,36.0,6.11,12.18,17.5,35.3,23.6,0.0,0.1,0.0,0.0,4.8,7.12,4.5,6.64,0.0,SSP5-8.5,+2C_Warming,True,DEMO / SYNTHETIC DATA (Plant-to-Watershed Simulator)
2025-12-01,2025,12,WS_Cedar_01,WS_Cedar_01_HRU1,35.3,-1.48,9.9,28.17,33.2,2.0,0.0,0.1,0.0,0.0,4.62,4.89,4.39,4.05,0.0,SSP2-4.5,Baseline,True,DEMO / SYNTHETIC DATA (Plant-to-Watershed Simulator)
2025-12-01,2025,12,WS_Cedar_01,WS_Cedar_01_HRU1,30.9,1.82,9.9,20.67,29.8,12.3,0.0,0.1,0.0,0.0,3.53,4.71,3.32,3.85,0.0,SSP5-8.5,+2C_Warming,True,DEMO / SYNTHETIC DATA (Plant-to-Watershed Simulator)
2025-12-01,2025,12,WS_Cedar_01,WS_Cedar_01_HRU2,17.3,-3.87,9.9,24.63,17.2,1.6,0.0,0.1,0.0,0.0,1.5,4.21,1.44,4.4,0.0,SSP2-4.5,Baseline,True,DEMO / SYNTHETIC DATA (Plant-to-Watershed Simulator)
2025-12-01,2025,12,WS_Cedar_01,WS_Cedar_01_HRU2,15.2,-0.57,9.9,22.4,15.2,1.4,0.0,0.1,0.0,0.0,1.5,4.21,1.45,4.4,0.0,SSP5-8.5,+2C_Warming,True,DEMO / SYNTHETIC DATA (Plant-to-Watershed Simulator)
2025-12-01,2025,12,WS_Cedar_01,WS_Cedar_01_HRU3,27.6,-4.1,9.61,19.03,27.6,1.8,0.0,0.1,0.0,0.0,3.43,4.31,4.62,4.97,0.0,SSP2-4.5,Baseline,True,DEMO / SYNTHETIC DATA (Plant-to-Watershed Simulator)
2025-12-01,2025,12,WS_Cedar_01,WS_Cedar_01_HRU3,24.2,-0.8,9.61,16.27,24.2,1.5,0.0,0.1,0.0,0.0,3.15,4.26,4.36,4.92,0.0,SSP5-8.5,+2C_Warming,True,DEMO / SYNTHETIC DATA (Plant-to-Watershed Simulator)
2025-12-01,2025,12,WS_Iowa_03,WS_Iowa_03_HRU1,38.5,-3.32,6.0,25.5,35.5,1.8,0.0,0.1,0.0,0.0,6.59,9.41,6.85,9.51,0.0,SSP2-4.5,Baseline,True,DEMO / SYNTHETIC DATA (Plant-to-Watershed Simulator)
2025-12-01,2025,12,WS_Iowa_03,WS_Iowa_03_HRU1,33.7,-0.02,6.0,21.6,32.0,1.6,0.0,0.1,0.0,0.0,5.26,9.03,5.54,9.1,0.0,SSP5-8.5,+2C_Warming,True,DEMO / SYNTHETIC DATA (Plant-to-Watershed Simulator)
2025-12-01,2025,12,WS_Iowa_03,WS_Iowa_03_HRU2,66.2,-3.06,7.67,32.23,44.4,2.1,0.0,0.1,0.0,0.0,21.97,13.85,21.91,14.12,0.0,SSP2-4.5,Baseline,True,DEMO / SYNTHETIC DATA (Plant-to-Watershed Simulator)
2025-12-01,2025,12,WS_Iowa_03,WS_Iowa_03_HRU2,58.0,0.24,7.67,25.93,41.5,10.0,0.0,0.1,0.0,0.0,17.38,12.54,17.34,12.68,0.0,SSP5-8.5,+2C_Warming,True,DEMO / SYNTHETIC DATA (Plant-to-Watershed Simulator)
2025-12-01,2025,12,WS_Iowa_03,WS_Iowa_03_HRU3,39.4,-1.72,9.03,21.3,38.2,2.0,0.0,0.1,0.0,0.0,5.23,8.78,5.13,8.7,0.0,SSP2-4.5,Baseline,True,DEMO / SYNTHETIC DATA (Plant-to-Watershed Simulator)
2025-12-01,2025,12,WS_Iowa_03,WS_Iowa_03_HRU3,34.5,1.58,9.03,15.47,34.0,11.9,0.0,0.1,0.0,0.0,4.3,8.51,4.23,8.42,0.0,SSP5-8.5,+2C_Warming,True,DEMO / SYNTHETIC DATA (Plant-to-Watershed Simulator)
2025-12-01,2025,12,WS_Raccoon_02,WS_Raccoon_02_HRU1,36.7,-0.2,6.0,26.57,34.2,1.9,0.0,0.1,0.0,0.0,3.6,6.42,3.91,6.66,0.0,SSP2-4.5,Baseline,True,DEMO / SYNTHETIC DATA (Plant-to-Watershed Simulator)
2025-12-01,2025,12,WS_Raccoon_02,WS_Raccoon_02_HRU1,32.2,3.1,6.0,20.77,30.8,10.9,0.0,0.1,0.0,0.0,2.42,6.15,2.75,6.37,0.0,SSP5-8.5,+2C_Warming,True,DEMO / SYNTHETIC DATA (Plant-to-Watershed Simulator)
2025-12-01,2025,12,WS_Raccoon_02,WS_Raccoon_02_HRU2,18.5,-2.28,8.5,29.37,18.3,1.9,0.0,0.1,0.0,0.0,1.5,5.76,1.68,6.38,0.0,SSP2-4.5,Baseline,True,DEMO / SYNTHETIC DATA (Plant-to-Watershed Simulator)
2025-12-01,2025,12,WS_Raccoon_02,WS_Raccoon_02_HRU2,16.2,1.02,8.5,22.73,16.2,10.1,0.0,0.1,0.0,0.0,1.5,5.76,1.69,6.38,0.0,SSP5-8.5,+2C_Warming,True,DEMO / SYNTHETIC DATA (Plant-to-Watershed Simulator)
2025-12-01,2025,12,WS_Raccoon_02,WS_Raccoon_02_HRU3,65.5,-4.07,8.93,28.97,56.4,2.8,0.0,0.1,0.0,0.0,11.17,8.15,11.59,8.94,0.0,SSP2-4.5,Baseline,True,DEMO / SYNTHETIC DATA (Plant-to-Watershed Simulator)
2025-12-01,2025,12,WS_Raccoon_02,WS_Raccoon_02_HRU3,57.4,-0.77,8.93,28.97,51.4,2.8,0.0,0.1,0.0,0.0,8.21,7.48,8.65,8.2,0.0,SSP5-8.5,+2C_Warming,True,DEMO / SYNTHETIC DATA (Plant-to-Watershed Simulator)
2026-01-01,2026,1,WS_Cedar_01,WS_Cedar_01_HRU1,39.7,-4.34,9.46,38.17,36.3,2.8,0.0,0.1,0.0,0.0,6.26,4.97,5.71,4.75,0.0,SSP2-4.5,Baseline,True,DEMO / SYNTHETIC DATA (Plant-to-Watershed Simulator)
2026-01-01,2026,1,WS_Cedar_01,WS_Cedar_01_HRU1,34.8,-1.04,9.46,30.87,32.8,2.2,0.0,0.1,0.0,0.0,4.85,4.73,4.32,4.49,0.0,SSP5-8.5,+2C_Warming,True,DEMO / SYNTHETIC DATA (Plant-to-Watershed Simulator)
2026-01-01,2026,1,WS_Cedar_01,WS_Cedar_01_HRU2,78.2,-6.84,7.79,39.8,48.1,2.6,0.0,0.1,0.0,0.0,28.14,9.15,26.47,8.73,0.0,SSP2-4.5,Baseline,True,DEMO / SYNTHETIC DATA (Plant-to-Watershed Simulator)
2026-01-01,2026,1,WS_Cedar_01,WS_Cedar_01_HRU2,68.5,-3.54,7.79,36.67,45.2,2.4,0.0,0.1,0.0,0.0,22.27,8.15,20.62,7.63,0.0,SSP5-8.5,+2C_Warming,True,DEMO / SYNTHETIC DATA (Plant-to-Watershed Simulator)
2026-01-01,2026,1,WS_Cedar_01,WS_Cedar_01_HRU3,6.9,-4.79,9.25,20.67,6.9,2.0,0.0,0.1,0.0,0.0,1.5,3.64,2.33,3.69,0.0,SSP2-4.5,Baseline,True,DEMO / SYNTHETIC DATA (Plant-to-Watershed Simulator)
2026-01-01,2026,1,WS_Cedar_01,WS_Cedar_01_HRU3,6.1,-1.49,9.25,17.73,6.1,1.7,0.0,0.1,0.0,0.0,1.5,3.64,2.33,3.69,0.0,SSP5-8.5,+2C_Warming,True,DEMO / SYNTHETIC DATA (Plant-to-Watershed Simulator)
2026-01-01,2026,1,WS_Iowa_03,WS_Iowa_03_HRU1,43.3,-5.4,6.0,37.53,38.8,2.7,0.0,0.1,0.0,0.0,7.0,9.66,7.49,9.93,0.0,SSP2-4.5,Baseline,True,DEMO / SYNTHETIC DATA (Plant-to-Watershed Simulator)
2026-01-01,2026,1,WS_Iowa_03,WS_Iowa_03_HRU1,37.9,-2.1,6.0,32.5,35.1,2.4,0.0,0.1,0.0,0.0,5.28,9.17,5.79,9.39,0.0,SSP5-8.5,+2C_Warming,True,DEMO / SYNTHETIC DATA (Plant-to-Watershed Simulator)
2026-01-01,2026,1,WS_Iowa_03,WS_Iowa_03_HRU2,57.5,-5.52,6.85,42.77,41.3,2.8,0.0,0.1,0.0,0.0,16.1,11.62,15.55,11.96,0.0,SSP2-4.5,Baseline,True,DEMO / SYNTHETIC DATA (Plant-to-Watershed Simulator)
2026-01-01,2026,1,WS_Iowa_03,WS_Iowa_03_HRU2,50.4,-2.22,6.85,37.9,38.3,2.4,0.0,0.1,0.0,0.0,12.42,10.57,11.89,10.81,0.0,SSP5-8.5,+2C_Warming,True,DEMO / SYNTHETIC DATA (Plant-to-Watershed Simulator)
2026-01-01,2026,1,WS_Iowa_03,WS_Iowa_03_HRU3,77.5,-4.02,7.23,28.97,63.0,2.8,0.0,0.1,0.0,0.0,16.88,12.89,16.25,12.24,0.0,SSP2-4.5,Baseline,True,DEMO / SYNTHETIC DATA (Plant-to-Watershed Simulator)
2026-01-01,2026,1,WS_Iowa_03,WS_Iowa_03_HRU3,67.9,-0.72,7.23,28.97,57.8,2.8,0.0,0.1,0.0,0.0,12.83,11.74,12.23,10.97,0.0,SSP5-8.5,+2C_Warming,True,DEMO / SYNTHETIC DATA (Plant-to-Watershed Simulator)
2026-01-01,2026,1,WS_Raccoon_02,WS_Raccoon_02_HRU1,31.6,-4.66,6.0,35.8,30.3,2.6,0.0,0.1,0.0,0.0,1.5,6.45,2.08,5.58,0.0,SSP2-4.5,Baseline,True,DEMO / SYNTHETIC DATA (Plant-to-Watershed Simulator)
2026-01-01,2026,1,WS_Raccoon_02,WS_Raccoon_02_HRU1,27.7,-1.36,6.0,29.1,27.1,2.1,0.0,0.1,0.0,0.0,1.5,6.45,2.1,5.58,0.0,SSP5-8.5,+2C_Warming,True,DEMO / SYNTHETIC DATA (Plant-to-Watershed Simulator)
2026-01-01,2026,1,WS_Raccoon_02,WS_Raccoon_02_HRU2,32.5,-3.77,6.5,38.13,28.8,2.5,0.0,0.1,0.0,0.0,6.1,7.11,6.31,6.72,0.0,SSP2-4.5,Baseline,True,DEMO / SYNTHETIC DATA (Plant-to-Watershed Simulator)
2026-01-01,2026,1,WS_Raccoon_02,WS_Raccoon_02_HRU2,28.5,-0.47,6.5,30.8,26.2,2.0,0.0,0.1,0.0,0.0,4.78,6.81,5.01,6.39,0.0,SSP5-8.5,+2C_Warming,True,DEMO / SYNTHETIC DATA (Plant-to-Watershed Simulator)
2026-01-01,2026,1,WS_Raccoon_02,WS_Raccoon_02_HRU3,23.4,-3.46,7.64,28.97,23.4,2.8,0.0,0.1,0.0,0.0,2.44,6.57,3.1,6.55,0.0,SSP2-4.5,Baseline,True,DEMO / SYNTHETIC DATA (Plant-to-Watershed Simulator)
2026-01-01,2026,1,WS_Raccoon_02,WS_Raccoon_02_HRU3,20.5,-0.16,7.64,28.97,20.5,2.8,0.0,0.1,0.0,0.0,2.21,6.51,2.89,6.49,0.0,SSP5-8.5,+2C_Warming,True,DEMO / SYNTHETIC DATA (Plant-to-Watershed Simulator)
2026-02-01,2026,2,WS_Cedar_01,WS_Cedar_01_HRU1,38.4,-1.65,9.01,38.17,35.4,2.8,0.0,0.1,0.0,0.0,6.19,5.37,5.44,5.25,0.0,SSP2-4.5,Baseline,True,DEMO / SYNTHETIC DATA (Plant-to-Watershed Simulator)
2026-02-01,2026,2,WS_Cedar_01,WS_Cedar_01_HRU1,33.6,1.65,9.01,33.0,31.9,18.3,0.0,0.1,0.0,0.0,4.87,5.15,4.14,5.0,0.0,SSP5-8.5,+2C_Warming,True,DEMO / SYNTHETIC DATA (Plant-to-Watershed Simulator)
2026-02-01,2026,2,WS_Cedar_01,WS_Cedar_01_HRU2,70.1,-1.21,6.66,42.77,45.7,2.8,0.0,0.1,0.0,0.0,23.61,7.44,23.2,8.1,0.0,SSP2-4.5,Baseline,True,DEMO / SYNTHETIC DATA (Plant-to-Watershed Simulator)
2026-02-01,2026,2,WS_Cedar_01,WS_Cedar_01_HRU2,61.4,2.09,6.66,38.13,42.7,16.7,0.0,0.1,0.0,0.0,18.6,6.58,18.21,7.16,0.0,SSP5-8.5,+2C_Warming,True,DEMO / SYNTHETIC DATA (Plant-to-Watershed Simulator)
2026-02-01,2026,2,WS_Cedar_01,WS_Cedar_01_HRU3,55.0,1.34,8.35,24.13,49.8,17.3,0.0,0.1,0.0,0.0,9.33,5.9,9.21,5.57,0.0,SSP2-4.5,Baseline,True,DEMO / SYNTHETIC DATA (Plant-to-Watershed Simulator)
2026-02-01,2026,2,WS_Cedar_01,WS_Cedar_01_HRU3,48.2,4.64,8.35,22.57,45.0,22.0,0.0,0.1,0.0,0.0,7.26,5.55,7.17,5.19,0.0,SSP5-8.5,+2C_Warming,True,DEMO / SYNTHETIC DATA (Plant-to-Watershed Simulator)
2026-02-01,2026,2,WS_Iowa_03,WS_Iowa_03_HRU1,43.8,-2.33,6.58,38.17,39.1,2.8,0.0,0.1,0.0,0.0,6.18,9.84,6.82,9.3,0.0,SSP2-4.5,Baseline,True,DEMO / SYNTHETIC DATA (Plant-to-Watershed Simulator)
2026-02-01,2026,2,WS_Iowa_03,WS_Iowa_03_HRU1,38.4,0.97,6.58,34.1,35.4,15.0,0.0,0.1,0.0,0.0,4.44,9.34,5.1,8.76,0.0,SSP5-8.5,+2C_Warming,True,DEMO / SYNTHETIC DATA (Plant-to-Watershed Simulator)
2026-02-01,2026,2,WS_Iowa_03,WS_Iowa_03_HRU2,20.8,-0.61,6.69,42.77,20.3,2.8,0.0,0.1,0.0,0.0,1.5,8.22,0.5,7.01,0.0,SSP2-4.5,Baseline,True,DEMO / SYNTHETIC DATA (Plant-to-Watershed Simulator)
2026-02-01,2026,2,WS_Iowa_03,WS_Iowa_03_HRU2,18.2,2.69,6.69,37.83,18.0,17.6,0.0,0.1,0.0,0.0,1.5,8.22,0.5,7.01,0.0,SSP5-8.5,+2C_Warming,True,DEMO / SYNTHETIC DATA (Plant-to-Watershed Simulator)
2026-02-01,2026,2,WS_Iowa_03,WS_Iowa_03_HRU3,20.1,-3.01,6.37,28.97,20.1,2.8,0.0,0.1,0.0,0.0,1.76,7.71,1.17,7.46,0.0,SSP2-4.5,Baseline,True,DEMO / SYNTHETIC DATA (Plant-to-Watershed Simulator)
2026-02-01,2026,2,WS_Iowa_03,WS_Iowa_03_HRU3,17.6,0.29,6.37,25.3,17.6,13.8,0.0,0.1,0.0,0.0,1.56,7.65,0.98,7.4,0.0,SSP5-8.5,+2C_Warming,True,DEMO / SYNTHETIC DATA (Plant-to-Watershed Simulator)
2026-02-01,2026,2,WS_Raccoon_02,WS_Raccoon_02_HRU1,36.5,-0.29,9.11,38.17,34.1,2.8,0.0,0.1,0.0,0.0,3.66,6.76,2.76,6.56,0.0,SSP2-4.5,Baseline,True,DEMO / SYNTHETIC DATA (Plant-to-Watershed Simulator)
2026-02-01,2026,2,WS_Raccoon_02,WS_Raccoon_02_HRU1,32.0,3.01,9.11,32.3,30.6,20.4,0.0,0.1,0.0,0.0,2.49,6.5,1.61,6.27,0.0,SSP5-8.5,+2C_Warming,True,DEMO / SYNTHETIC DATA (Plant-to-Watershed Simulator)
2026-02-01,2026,2,WS_Raccoon_02,WS_Raccoon_02_HRU2,20.6,-3.2,7.07,42.77,20.1,2.8,0.0,0.1,0.0,0.0,2.35,6.16,2.2,6.69,0.0,SSP2-4.5,Baseline,True,DEMO / SYNTHETIC DATA (Plant-to-Watershed Simulator)
2026-02-01,2026,2,WS_Raccoon_02,WS_Raccoon_02_HRU2,18.0,0.1,7.07,32.73,17.8,12.0,0.0,0.1,0.0,0.0,1.89,6.06,1.75,6.58,0.0,SSP5-8.5,+2C_Warming,True,DEMO / SYNTHETIC DATA (Plant-to-Watershed Simulator)
2026-02-01,2026,2,WS_Raccoon_02,WS_Raccoon_02_HRU3,22.0,-1.41,11.31,28.97,22.0,2.8,0.0,0.1,0.0,0.0,2.05,5.81,2.16,5.99,0.0,SSP2-4.5,Baseline,True,DEMO / SYNTHETIC DATA (Plant-to-Watershed Simulator)
2026-02-01,2026,2,WS_Raccoon_02,WS_Raccoon_02_HRU3,19.2,1.89,11.31,22.93,19.2,20.9,0.0,0.1,0.0,0.0,1.83,5.76,1.95,5.94,0.0,SSP5-8.5,+2C_Warming,True,DEMO / SYNTHETIC DATA (Plant-to-Watershed Simulator)
2026-03-01,2026,3,WS_Cedar_01,WS_Cedar_01_HRU1,51.5,1.6,13.38,31.6,43.8,22.5,0.0,0.1,0.0,0.0,9.32,5.96,10.09,5.97,0.0,SSP2-4.5,Baseline,True,DEMO / SYNTHETIC DATA (Plant-to-Watershed Simulator)
2026-03-01,2026,3,WS_Cedar_01,WS_Cedar_01_HRU1,45.2,4.9,13.38,30.0,40.0,27.3,0.0,0.1,0.0,0.0,6.93,5.55,7.73,5.52,0.0,SSP5-8.5,+2C_Warming,True,DEMO / SYNTHETIC DATA (Plant-to-Watershed Simulator)
2026-03-01,2026,3,WS_Cedar_01,WS_Cedar_01_HRU2,37.4,-0.35,12.05,42.77,31.8,2.8,0.0,0.1,0.0,0.0,4.99,4.45,5.12,4.53,0.0,SSP2-4.5,Baseline,True,DEMO / SYNTHETIC DATA (Plant-to-Watershed Simulator)
2026-03-01,2026,3,WS_Cedar_01,WS_Cedar_01_HRU2,32.8,2.95,12.05,35.97,29.0,23.2,0.0,0.1,0.0,0.0,3.25,4.15,3.39,4.2,0.0,SSP5-8.5,+2C_Warming,True,DEMO / SYNTHETIC DATA (Plant-to-Watershed Simulator)
2026-03-01,2026,3,WS_Cedar_01,WS_Cedar_01_HRU3,25.2,3.61,10.41,22.4,25.2,22.5,0.0,0.1,0.0,0.0,1.5,3.86,1.94,3.98,0.0,SSP2-4.5,Baseline,True,DEMO / SYNTHETIC DATA (Plant-to-Watershed Simulator)
2026-03-01,2026,3,WS_Cedar_01,WS_Cedar_01_HRU3,22.1,6.91,10.41,20.8,22.1,27.3,0.0,0.1,0.0,0.0,1.5,3.86,1.96,3.99,0.0,SSP5-8.5,+2C_Warming,True,DEMO / SYNTHETIC DATA (Plant-to-Watershed Simulator)
2026-03-01,2026,3,WS_Iowa_03,WS_Iowa_03_HRU1,23.0,3.77,12.16,30.93,22.9,24.5,0.0,0.1,0.0,0.0,1.5,8.31,0.91,7.59,0.0,SSP2-4.5,Baseline,True,DEMO / SYNTHETIC DATA (Plant-to-Watershed Simulator)
2026-03-01,2026,3,WS_Iowa_03,WS_Iowa_03_HRU1,20.2,7.07,12.16,29.37,20.2,29.2,0.0,0.1,0.0,0.0,1.5,8.31,0.93,7.6,0.0,SSP5-8.5,+2C_Warming,True,DEMO / SYNTHETIC DATA (Plant-to-Watershed Simulator)
2026-03-01,2026,3,WS_Iowa_03,WS_Iowa_03_HRU2,36.8,0.59,9.48,37.93,31.4,17.3,0.0,0.1,0.0,0.0,5.7,8.86,5.23,8.75,0.0,SSP2-4.5,Baseline,True,DEMO / SYNTHETIC DATA (Plant-to-Watershed Simulator)
2026-03-01,2026,3,WS_Iowa_03,WS_Iowa_03_HRU2,32.2,3.89,9.48,36.37,28.6,22.0,0.0,0.1,0.0,0.0,3.98,8.37,3.52,8.21,0.0,SSP5-8.5,+2C_Warming,True,DEMO / SYNTHETIC DATA (Plant-to-Watershed Simulator)
2026-03-01,2026,3,WS_Iowa_03,WS_Iowa_03_HRU3,22.0,1.65,11.59,22.97,22.0,20.8,0.0,0.1,0.0,0.0,2.11,8.17,1.3,7.36,0.0,SSP2-4.5,Baseline,True,DEMO / SYNTHETIC DATA (Plant-to-Watershed Simulator)
2026-03-01,2026,3,WS_Iowa_03,WS_Iowa_03_HRU3,19.3,4.95,11.59,21.37,19.3,25.6,0.0,0.1,0.0,0.0,1.9,8.11,1.11,7.3,0.0,SSP5-8.5,+2C_Warming,True,DEMO / SYNTHETIC DATA (Plant-to-Watershed Simulator)
2026-03-01,2026,3,WS_Raccoon_02,WS_Raccoon_02_HRU1,42.7,3.0,10.27,31.93,38.4,21.5,0.0,0.1,0.0,0.0,7.29,7.26,7.54,7.82,0.0,SSP2-4.5,Baseline,True,DEMO / SYNTHETIC DATA (Plant-to-Watershed Simulator)
2026-03-01,2026,3,WS_Raccoon_02,WS_Raccoon_02_HRU1,37.4,6.3,10.27,30.33,34.7,26.3,0.0,0.1,0.0,0.0,5.63,6.88,5.9,7.41,0.0,SSP5-8.5,+2C_Warming,True,DEMO / SYNTHETIC DATA (Plant-to-Watershed Simulator)
2026-03-01,2026,3,WS_Raccoon_02,WS_Raccoon_02_HRU2,31.7,3.33,9.97,36.47,28.3,21.7,0.0,0.1,0.0,0.0,3.47,5.95,3.46,6.43,0.0,SSP2-4.5,Baseline,True,DEMO / SYNTHETIC DATA (Plant-to-Watershed Simulator)
2026-03-01,2026,3,WS_Raccoon_02,WS_Raccoon_02_HRU2,27.8,6.63,9.97,32.97,25.7,25.0,0.0,0.1,0.0,0.0,2.21,5.66,2.21,6.11,0.0,SSP5-8.5,+2C_Warming,True,DEMO / SYNTHETIC DATA (Plant-to-Watershed Simulator)
2026-03-01,2026,3,WS_Raccoon_02,WS_Raccoon_02_HRU3,79.6,6.33,9.78,21.27,64.1,25.9,0.0,0.1,0.0,0.0,17.81,10.23,17.6,10.04,0.0,SSP2-4.5,Baseline,True,DEMO / SYNTHETIC DATA (Plant-to-Watershed Simulator)
2026-03-01,2026,3,WS_Raccoon_02,WS_Raccoon_02_HRU3,69.7,9.63,9.78,19.7,58.8,30.6,0.0,0.1,0.0,0.0,13.55,9.26,13.37,8.98,0.0,SSP5-8.5,+2C_Warming,True,DEMO / SYNTHETIC DATA (Plant-to-Watershed Simulator)
2026-04-01,2026,4,WS_Cedar_01,WS_Cedar_01_HRU1,31.6,11.71,13.73,27.43,30.3,35.0,0.0,0.1,0.0,0.0,4.05,4.32,4.81,4.47,0.0,SSP2-4.5,Baseline,True,DEMO / SYNTHETIC DATA (Plant-to-Watershed Simulator)
2026-04-01,2026,4,WS_Cedar_01,WS_Cedar_01_HRU1,27.7,15.01,13.73,27.37,27.1,35.0,0.0,0.1,0.0,0.0,3.23,4.18,4.01,4.32,0.0,SSP5-8.5,+2C_Warming,True,DEMO / SYNTHETIC DATA (Plant-to-Watershed Simulator)
2026-04-01,2026,4,WS_Cedar_01,WS_Cedar_01_HRU2,38.5,11.45,15.19,32.03,32.4,35.0,0.0,0.1,0.0,0.0,7.67,5.3,7.6,5.19,0.0,SSP2-4.5,Baseline,True,DEMO / SYNTHETIC DATA (Plant-to-Watershed Simulator)
2026-04-01,2026,4,WS_Cedar_01,WS_Cedar_01_HRU2,33.7,14.75,15.19,32.03,29.6,35.0,0.0,0.1,0.0,0.0,5.81,4.98,5.76,4.85,0.0,SSP5-8.5,+2C_Warming,True,DEMO / SYNTHETIC DATA (Plant-to-Watershed Simulator)
2026-04-01,2026,4,WS_Cedar_01,WS_Cedar_01_HRU3,47.0,8.83,13.81,18.77,44.1,33.4,0.0,0.1,0.0,0.0,7.03,4.81,6.64,5.22,0.0,SSP2-4.5,Baseline,True,DEMO / SYNTHETIC DATA (Plant-to-Watershed Simulator)
2026-04-01,2026,4,WS_Cedar_01,WS_Cedar_01_HRU3,41.2,12.13,13.81,18.23,39.7,35.0,0.0,0.1,0.0,0.0,5.59,4.56,5.23,4.95,0.0,SSP5-8.5,+2C_Warming,True,DEMO / SYNTHETIC DATA (Plant-to-Watershed Simulator)
2026-04-01,2026,4,WS_Iowa_03,WS_Iowa_03_HRU1,26.7,14.0,13.9,27.43,26.2,35.0,0.0,0.1,0.0,0.0,4.1,9.24,4.03,8.51,0.0,SSP2-4.5,Baseline,True,DEMO / SYNTHETIC DATA (Plant-to-Watershed Simulator)
2026-04-01,2026,4,WS_Iowa_03,WS_Iowa_03_HRU1,23.4,17.3,13.9,25.47,23.3,35.0,0.0,0.1,0.0,0.0,3.6,9.09,3.55,8.36,0.0,SSP5-8.5,+2C_Warming,True,DEMO / SYNTHETIC DATA (Plant-to-Watershed Simulator)
2026-04-01,2026,4,WS_Iowa_03,WS_Iowa_03_HRU2,23.2,12.13,15.38,32.03,22.2,35.0,0.0,0.1,0.0,0.0,2.81,8.92,3.03,8.05,0.0,SSP2-4.5,Baseline,True,DEMO / SYNTHETIC DATA (Plant-to-Watershed Simulator)
2026-04-01,2026,4,WS_Iowa_03,WS_Iowa_03_HRU2,20.3,15.43,15.38,31.3,19.8,35.0,0.0,0.1,0.0,0.0,2.19,8.75,2.43,7.86,0.0,SSP5-8.5,+2C_Warming,True,DEMO / SYNTHETIC DATA (Plant-to-Watershed Simulator)
2026-04-01,2026,4,WS_Iowa_03,WS_Iowa_03_HRU3,39.2,14.0,14.51,18.23,38.0,35.0,0.0,0.1,0.0,0.0,5.23,8.64,5.69,9.06,0.0,SSP2-4.5,Baseline,True,DEMO / SYNTHETIC DATA (Plant-to-Watershed Simulator)
2026-04-01,2026,4,WS_Iowa_03,WS_Iowa_03_HRU3,34.3,17.3,14.51,18.23,33.8,35.0,0.0,0.1,0.0,0.0,4.31,8.38,4.79,8.78,0.0,SSP5-8.5,+2C_Warming,True,DEMO / SYNTHETIC DATA (Plant-to-Watershed Simulator)
2026-04-01,2026,4,WS_Raccoon_02,WS_Raccoon_02_HRU1,11.2,13.22,15.15,24.0,11.2,35.0,0.0,0.1,0.0,0.0,1.51,6.22,1.66,6.08,0.0,SSP2-4.5,Baseline,True,DEMO / SYNTHETIC DATA (Plant-to-Watershed Simulator)
2026-04-01,2026,4,WS_Raccoon_02,WS_Raccoon_02_HRU1,9.8,16.52,15.15,21.93,9.8,35.0,0.0,0.1,0.0,0.0,1.5,6.21,1.65,6.07,0.0,SSP5-8.5,+2C_Warming,True,DEMO / SYNTHETIC DATA (Plant-to-Watershed Simulator)
2026-04-01,2026,4,WS_Raccoon_02,WS_Raccoon_02_HRU2,51.6,11.85,14.18,32.03,38.8,35.0,0.0,0.1,0.0,0.0,14.64,8.35,14.95,8.91,0.0,SSP2-4.5,Baseline,True,DEMO / SYNTHETIC DATA (Plant-to-Watershed Simulator)
2026-04-01,2026,4,WS_Raccoon_02,WS_Raccoon_02_HRU2,45.2,15.15,14.18,32.03,35.9,35.0,0.0,0.1,0.0,0.0,11.54,7.64,11.87,8.14,0.0,SSP5-8.5,+2C_Warming,True,DEMO / SYNTHETIC DATA (Plant-to-Watershed Simulator)
2026-04-01,2026,4,WS_Raccoon_02,WS_Raccoon_02_HRU3,47.8,12.9,14.59,18.23,44.7,35.0,0.0,0.1,0.0,0.0,6.88,7.05,7.16,7.12,0.0,SSP2-4.5,Baseline,True,DEMO / SYNTHETIC DATA (Plant-to-Watershed Simulator)
2026-04-01,2026,4,WS_Raccoon_02,WS_Raccoon_02_HRU3,41.9,16.2,14.59,18.23,40.2,35.0,0.0,0.1,0.0,0.0,5.37,6.7,5.68,6.75,0.0,SSP5-8.5,+2C_Warming,True,DEMO / SYNTHETIC DATA (Plant-to-Watershed Simulator)
2026-05-01,2026,5,WS_Cedar_01,WS_Cedar_01_HRU1,111.0,19.22,17.77,23.73,67.2,46.1,0.2,0.2,11.1,0.0,44.79,11.53,43.46,11.58,0.0,SSP2-4.5,Baseline,True,DEMO / SYNTHETIC DATA (Plant-to-Watershed Simulator)
2026-05-01,2026,5,WS_Cedar_01,WS_Cedar_01_HRU1,97.2,22.52,17.77,23.37,63.2,47.2,0.2,0.2,12.2,0.0,36.35,10.09,35.15,10.01,0.0,SSP5-8.5,+2C_Warming,True,DEMO / SYNTHETIC DATA (Plant-to-Watershed Simulator)
2026-05-01,2026,5,WS_Cedar_01,WS_Cedar_01_HRU2,55.3,18.84,22.33,29.97,40.4,41.2,0.1,0.2,6.2,0.0,17.27,5.89,15.48,6.35,0.0,SSP2-4.5,Baseline,True,DEMO / SYNTHETIC DATA (Plant-to-Watershed Simulator)
2026-05-01,2026,5,WS_Cedar_01,WS_Cedar_01_HRU2,48.4,22.14,22.33,29.8,37.4,41.7,0.1,0.2,6.7,0.0,13.77,5.29,12.03,5.7,0.0,SSP5-8.5,+2C_Warming,True,DEMO / SYNTHETIC DATA (Plant-to-Watershed Simulator)
2026-05-01,2026,5,WS_Cedar_01,WS_Cedar_01_HRU3,78.8,18.25,17.65,16.37,63.7,40.6,0.1,0.2,5.6,0.0,16.5,7.38,15.65,6.58,0.0,SSP2-4.5,Baseline,True,DEMO / SYNTHETIC DATA (Plant-to-Watershed Simulator)
2026-05-01,2026,5,WS_Cedar_01,WS_Cedar_01_HRU3,69.0,21.55,17.65,16.2,58.4,41.1,0.1,0.2,6.1,0.0,12.32,6.67,11.55,5.81,0.0,SSP5-8.5,+2C_Warming,True,DEMO / SYNTHETIC DATA (Plant-to-Watershed Simulator)
2026-05-01,2026,5,WS_Iowa_03,WS_Iowa_03_HRU1,45.8,20.53,19.29,23.3,40.4,47.4,0.21,0.2,12.4,0.0,5.83,8.71,4.95,8.69,0.0,SSP2-4.5,Baseline,True,DEMO / SYNTHETIC DATA (Plant-to-Watershed Simulator)
2026-05-01,2026,5,WS_Iowa_03,WS_Iowa_03_HRU1,40.1,23.83,19.29,21.5,36.6,48.5,0.21,0.2,13.5,0.0,3.91,8.16,3.09,8.11,0.0,SSP5-8.5,+2C_Warming,True,DEMO / SYNTHETIC DATA (Plant-to-Watershed Simulator)
2026-05-01,2026,5,WS_Iowa_03,WS_Iowa_03_HRU2,65.6,20.09,21.13,29.97,44.2,41.2,0.1,0.2,6.2,0.0,20.52,13.09,19.4,12.89,0.0,SSP2-4.5,Baseline,True,DEMO / SYNTHETIC DATA (Plant-to-Watershed Simulator)
2026-05-01,2026,5,WS_Iowa_03,WS_Iowa_03_HRU2,57.5,23.39,21.13,29.77,41.3,41.8,0.1,0.2,6.8,0.0,16.01,11.81,14.95,11.49,0.0,SSP5-8.5,+2C_Warming,True,DEMO / SYNTHETIC DATA (Plant-to-Watershed Simulator)
2026-05-01,2026,5,WS_Iowa_03,WS_Iowa_03_HRU3,73.8,19.2,19.12,15.17,61.1,44.2,0.16,0.2,9.2,0.0,16.35,12.63,15.17,11.86,0.0,SSP2-4.5,Baseline,True,DEMO / SYNTHETIC DATA (Plant-to-Watershed Simulator)
2026-05-01,2026,5,WS_Iowa_03,WS_Iowa_03_HRU3,64.7,22.5,19.12,14.87,55.9,45.1,0.16,0.2,10.1,0.0,12.66,11.58,11.57,10.72,0.0,SSP5-8.5,+2C_Warming,True,DEMO / SYNTHETIC DATA (Plant-to-Watershed Simulator)
2026-05-01,2026,5,WS_Raccoon_02,WS_Raccoon_02_HRU1,126.7,20.65,19.58,25.37,71.1,41.2,0.1,0.2,6.2,0.0,50.67,17.41,48.59,17.07,0.0,SSP2-4.5,Baseline,True,DEMO / SYNTHETIC DATA (Plant-to-Watershed Simulator)
2026-05-01,2026,5,WS_Raccoon_02,WS_Raccoon_02_HRU1,111.0,23.95,19.58,25.2,67.2,41.7,0.1,0.2,6.7,0.0,40.58,15.11,38.59,14.55,0.0,SSP5-8.5,+2C_Warming,True,DEMO / SYNTHETIC DATA (Plant-to-Watershed Simulator)
2026-05-01,2026,5,WS_Raccoon_02,WS_Raccoon_02_HRU2,75.2,20.8,18.11,30.03,47.2,41.0,0.1,0.2,6.0,0.0,26.76,11.29,27.28,12.55,0.0,SSP2-4.5,Baseline,True,DEMO / SYNTHETIC DATA (Plant-to-Watershed Simulator)
2026-05-01,2026,5,WS_Raccoon_02,WS_Raccoon_02_HRU2,65.8,24.1,18.11,29.87,44.3,41.5,0.1,0.2,6.5,0.0,21.18,10.01,21.76,11.16,0.0,SSP5-8.5,+2C_Warming,True,DEMO / SYNTHETIC DATA (Plant-to-Watershed Simulator)
2026-05-01,2026,5,WS_Raccoon_02,WS_Raccoon_02_HRU3,111.3,20.08,20.68,16.17,77.7,41.2,0.1,0.2,6.2,0.0,33.85,13.32,33.0,13.92,0.0,SSP2-4.5,Baseline,True,DEMO / SYNTHETIC DATA (Plant-to-Watershed Simulator)
2026-05-01,2026,5,WS_Raccoon_02,WS_Raccoon_02_HRU3,97.5,23.38,20.68,16.0,72.3,41.7,0.1,0.2,6.7,0.0,26.46,11.64,25.71,12.08,0.0,SSP5-8.5,+2C_Warming,True,DEMO / SYNTHETIC DATA (Plant-to-Watershed Simulator)
2026-06-01,2026,6,WS_Cedar_01,WS_Cedar_01_HRU1,186.2,27.34,21.32,9.8,81.7,119.3,2.04,0.5,84.3,0.06,92.42,19.9,81.04,18.9,0.0,SSP2-4.5,Baseline,True,DEMO / SYNTHETIC DATA (Plant-to-Watershed Simulator)
2026-06-01,2026,6,WS_Cedar_01,WS_Cedar_01_HRU1,163.2,30.64,21.32,9.8,78.3,125.3,2.04,0.5,90.3,0.06,75.95,17.08,66.31,16.12,0.0,SSP5-8.5,+2C_Warming,True,DEMO / SYNTHETIC DATA (Plant-to-Watershed Simulator)
2026-06-01,2026,6,WS_Cedar_01,WS_Cedar_01_HRU2,112.1,23.79,20.67,14.0,55.7,112.3,1.88,0.5,77.3,0.017,53.39,13.5,47.65,13.02,0.0,SSP2-4.5,Baseline,True,DEMO / SYNTHETIC DATA (Plant-to-Watershed Simulator)
2026-06-01,2026,6,WS_Cedar_01,WS_Cedar_01_HRU2,98.3,27.09,20.67,14.0,53.0,118.3,1.88,0.5,83.3,0.017,43.95,11.89,39.16,11.42,0.0,SSP5-8.5,+2C_Warming,True,DEMO / SYNTHETIC DATA (Plant-to-Watershed Simulator)
2026-06-01,2026,6,WS_Cedar_01,WS_Cedar_01_HRU3,128.0,25.65,22.53,6.3,83.4,117.9,2.01,0.5,82.9,0.051,42.82,11.06,35.39,11.01,0.0,SSP2-4.5,Baseline,True,DEMO / SYNTHETIC DATA (Plant-to-Watershed Simulator)
2026-06-01,2026,6,WS_Cedar_01,WS_Cedar_01_HRU3,112.2,28.95,22.53,6.3,78.1,123.9,2.01,0.5,88.9,0.051,33.73,9.5,27.34,9.49,0.0,SSP5-8.5,+2C_Warming,True,DEMO / SYNTHETIC DATA (Plant-to-Watershed Simulator)
2026-06-01,2026,6,WS_Iowa_03,WS_Iowa_03_HRU1,99.4,24.63,22.69,9.8,63.8,119.0,2.19,0.5,84.0,0.06,33.17,16.62,28.8,16.01,0.0,SSP2-4.5,Baseline,True,DEMO / SYNTHETIC DATA (Plant-to-Watershed Simulator)
2026-06-01,2026,6,WS_Iowa_03,WS_Iowa_03_HRU1,87.1,27.93,22.69,9.8,59.8,125.2,2.19,0.5,90.2,0.06,26.0,14.58,22.51,14.03,0.0,SSP5-8.5,+2C_Warming,True,DEMO / SYNTHETIC DATA (Plant-to-Watershed Simulator)
2026-06-01,2026,6,WS_Iowa_03,WS_Iowa_03_HRU2,23.1,26.96,21.29,14.0,22.1,120.2,2.08,0.5,85.2,0.051,1.5,8.29,1.2,7.3,0.0,SSP2-4.5,Baseline,True,DEMO / SYNTHETIC DATA (Plant-to-Watershed Simulator)
2026-06-01,2026,6,WS_Iowa_03,WS_Iowa_03_HRU2,20.2,30.26,21.29,14.0,19.8,126.3,2.08,0.5,91.3,0.051,1.5,8.29,1.27,7.32,0.0,SSP5-8.5,+2C_Warming,True,DEMO / SYNTHETIC DATA (Plant-to-Watershed Simulator)
2026-06-01,2026,6,WS_Iowa_03,WS_Iowa_03_HRU3,158.6,22.87,23.68,6.3,92.0,119.1,2.1,0.5,84.1,0.015,63.55,25.79,54.68,24.25,0.0,SSP2-4.5,Baseline,True,DEMO / SYNTHETIC DATA (Plant-to-Watershed Simulator)
2026-06-01,2026,6,WS_Iowa_03,WS_Iowa_03_HRU3,139.0,26.17,23.68,6.3,86.8,125.5,2.1,0.5,90.5,0.015,51.21,22.27,43.76,20.81,0.0,SSP5-8.5,+2C_Warming,True,DEMO / SYNTHETIC DATA (Plant-to-Watershed Simulator)
2026-06-01,2026,6,WS_Raccoon_02,WS_Raccoon_02_HRU1,170.9,25.77,21.72,9.8,79.5,115.7,1.98,0.5,80.7,0.06,82.46,24.88,71.95,23.8,0.0,SSP2-4.5,Baseline,True,DEMO / SYNTHETIC DATA (Plant-to-Watershed Simulator)
2026-06-01,2026,6,WS_Raccoon_02,WS_Raccoon_02_HRU1,149.8,29.07,21.72,9.8,75.9,121.6,1.98,0.5,86.6,0.06,67.64,21.51,58.66,20.45,0.0,SSP5-8.5,+2C_Warming,True,DEMO / SYNTHETIC DATA (Plant-to-Watershed Simulator)
2026-06-01,2026,6,WS_Raccoon_02,WS_Raccoon_02_HRU2,64.2,29.51,23.51,14.0,43.7,122.6,1.97,0.5,87.6,0.078,20.33,11.04,16.25,9.6,0.0,SSP2-4.5,Baseline,True,DEMO / SYNTHETIC DATA (Plant-to-Watershed Simulator)
2026-06-01,2026,6,WS_Raccoon_02,WS_Raccoon_02_HRU2,56.3,32.81,23.51,14.0,40.8,128.3,1.97,0.5,93.3,0.078,15.98,10.05,12.4,8.63,0.0,SSP5-8.5,+2C_Warming,True,DEMO / SYNTHETIC DATA (Plant-to-Watershed Simulator)
2026-06-01,2026,6,WS_Raccoon_02,WS_Raccoon_02_HRU3,91.9,24.56,22.15,6.3,69.9,111.4,1.77,0.5,76.4,0.035,23.49,11.05,19.32,10.36,0.0,SSP2-4.5,Baseline,True,DEMO / SYNTHETIC DATA (Plant-to-Watershed Simulator)
2026-06-01,2026,6,WS_Raccoon_02,WS_Raccoon_02_HRU3,80.5,27.86,22.15,6.3,64.6,117.1,1.77,0.5,82.1,0.035,18.05,9.81,14.5,9.15,0.0,SSP5-8.5,+2C_Warming,True,DEMO / SYNTHETIC DATA (Plant-to-Watershed Simulator)
2026-07-01,2026,7,WS_Cedar_01,WS_Cedar_01_HRU1,140.4,30.5,24.38,9.8,74.1,163.8,4.61,0.9,128.8,0.027,59.63,14.5,43.46,12.14,0.0,SSP2-4.5,Baseline,True,DEMO / SYNTHETIC DATA (Plant-to-Watershed Simulator)
2026-07-01,2026,7,WS_Cedar_01,WS_Cedar_01_HRU1,123.0,33.8,24.38,9.8,70.2,172.0,4.61,0.9,137.0,0.027,48.06,12.53,34.64,10.47,0.0,SSP5-8.5,+2C_Warming,True,DEMO / SYNTHETIC DATA (Plant-to-Watershed Simulator)
2026-07-01,2026,7,WS_Cedar_01,WS_Cedar_01_HRU2,83.1,26.01,24.09,14.0,49.4,153.5,4.7,0.9,118.5,0.019,32.89,9.25,23.25,8.27,0.0,SSP2-4.5,Baseline,True,DEMO / SYNTHETIC DATA (Plant-to-Watershed Simulator)
2026-07-01,2026,7,WS_Cedar_01,WS_Cedar_01_HRU2,72.8,29.31,24.09,14.0,46.5,150.2,4.7,0.9,115.2,0.109,26.51,8.16,18.43,7.36,0.0,SSP5-8.5,+2C_Warming,True,DEMO / SYNTHETIC DATA (Plant-to-Watershed Simulator)
2026-07-01,2026,7,WS_Cedar_01,WS_Cedar_01_HRU3,75.3,25.83,24.46,6.3,61.9,143.2,4.67,0.9,108.2,0.105,15.09,6.68,8.12,6.0,0.0,SSP2-4.5,Baseline,True,DEMO / SYNTHETIC DATA (Plant-to-Watershed Simulator)
2026-07-01,2026,7,WS_Cedar_01,WS_Cedar_01_HRU3,66.0,29.13,24.46,6.3,56.7,150.8,4.67,0.9,115.8,0.105,11.26,6.02,5.4,5.49,0.0,SSP5-8.5,+2C_Warming,True,DEMO / SYNTHETIC DATA (Plant-to-Watershed Simulator)
2026-07-01,2026,7,WS_Iowa_03,WS_Iowa_03_HRU1,190.3,25.97,22.4,9.8,82.3,141.2,4.8,0.9,106.2,0.102,97.06,35.68,71.97,29.89,0.0,SSP2-4.5,Baseline,True,DEMO / SYNTHETIC DATA (Plant-to-Watershed Simulator)
2026-07-01,2026,7,WS_Iowa_03,WS_Iowa_03_HRU1,166.7,29.27,22.4,9.8,78.8,148.9,4.8,0.9,113.9,0.102,80.09,30.84,58.91,25.78,0.0,SSP5-8.5,+2C_Warming,True,DEMO / SYNTHETIC DATA (Plant-to-Watershed Simulator)
2026-07-01,2026,7,WS_Iowa_03,WS_Iowa_03_HRU2,68.2,28.33,23.62,14.0,45.1,140.9,4.68,0.9,105.9,0.159,22.64,14.22,15.67,12.12,0.0,SSP2-4.5,Baseline,True,DEMO / SYNTHETIC DATA (Plant-to-Watershed Simulator)
2026-07-01,2026,7,WS_Iowa_03,WS_Iowa_03_HRU2,59.7,31.63,23.62,14.0,42.1,135.6,4.68,0.9,100.6,0.251,17.81,12.84,12.06,10.98,0.0,SSP5-8.5,+2C_Warming,True,DEMO / SYNTHETIC DATA (Plant-to-Watershed Simulator)
2026-07-01,2026,7,WS_Iowa_03,WS_Iowa_03_HRU3,142.4,25.21,24.53,6.3,87.7,147.0,4.48,0.9,112.0,0.055,53.55,22.99,38.68,18.81,0.0,SSP2-4.5,Baseline,True,DEMO / SYNTHETIC DATA (Plant-to-Watershed Simulator)
2026-07-01,2026,7,WS_Iowa_03,WS_Iowa_03_HRU3,124.8,28.51,24.53,6.3,82.4,154.9,4.48,0.9,119.9,0.055,42.92,19.96,30.65,16.28,0.0,SSP5-8.5,+2C_Warming,True,DEMO / SYNTHETIC DATA (Plant-to-Watershed Simulator)
2026-07-01,2026,7,WS_Raccoon_02,WS_Raccoon_02_HRU1,159.1,27.31,24.24,9.8,77.6,156.0,4.88,0.9,121.0,0.034,74.68,22.67,54.46,19.04,0.0,SSP2-4.5,Baseline,True,DEMO / SYNTHETIC DATA (Plant-to-Watershed Simulator)
2026-07-01,2026,7,WS_Raccoon_02,WS_Raccoon_02_HRU1,139.4,30.61,24.24,9.8,73.9,164.2,4.88,0.9,129.2,0.034,61.1,19.58,44.06,16.42,0.0,SSP5-8.5,+2C_Warming,True,DEMO / SYNTHETIC DATA (Plant-to-Watershed Simulator)
2026-07-01,2026,7,WS_Raccoon_02,WS_Raccoon_02_HRU2,133.1,25.82,23.06,14.0,59.0,148.2,4.82,0.9,113.2,0.05,67.06,21.6,49.05,17.73,0.0,SSP2-4.5,Baseline,True,DEMO / SYNTHETIC DATA (Plant-to-Watershed Simulator)
2026-07-01,2026,7,WS_Raccoon_02,WS_Raccoon_02_HRU2,116.6,29.12,23.06,14.0,56.5,156.2,4.82,0.9,121.2,0.05,55.29,18.91,40.0,15.45,0.0,SSP5-8.5,+2C_Warming,True,DEMO / SYNTHETIC DATA (Plant-to-Watershed Simulator)
2026-07-01,2026,7,WS_Raccoon_02,WS_Raccoon_02_HRU3,169.3,28.42,22.72,6.3,94.5,155.8,4.6,0.9,120.8,0.027,69.17,21.34,49.91,17.75,0.0,SSP2-4.5,Baseline,True,DEMO / SYNTHETIC DATA (Plant-to-Watershed Simulator)
2026-07-01,2026,7,WS_Raccoon_02,WS_Raccoon_02_HRU3,148.4,31.72,22.72,6.3,89.4,164.1,4.6,0.9,129.1,0.027,55.69,18.27,39.66,15.16,0.0,SSP5-8.5,+2C_Warming,True,DEMO / SYNTHETIC DATA (Plant-to-Watershed Simulator)
2026-08-01,2026,8,WS_Cedar_01,WS_Cedar_01_HRU1,61.8,26.97,22.54,9.8,49.2,152.2,4.62,1.2,117.2,0.026,14.27,6.58,7.92,5.55,0.0,SSP2-4.5,Baseline,True,DEMO / SYNTHETIC DATA (Plant-to-Watershed Simulator)
2026-08-01,2026,8,WS_Cedar_01,WS_Cedar_01_HRU1,54.2,30.27,22.54,9.8,45.3,157.2,4.62,1.2,122.2,0.051,10.92,6.0,5.58,5.1,0.0,SSP5-8.5,+2C_Warming,True,DEMO / SYNTHETIC DATA (Plant-to-Watershed Simulator)
2026-08-01,2026,8,WS_Cedar_01,WS_Cedar_01_HRU2,56.7,28.03,23.07,14.0,41.0,121.3,4.7,1.2,86.3,0.306,14.84,6.91,8.65,5.28,0.0,SSP2-4.5,Baseline,True,DEMO / SYNTHETIC DATA (Plant-to-Watershed Simulator)
2026-08-01,2026,8,WS_Cedar_01,WS_Cedar_01_HRU2,49.6,31.33,23.07,14.0,38.0,114.8,4.7,1.2,79.8,0.399,11.19,6.28,6.01,4.78,0.0,SSP5-8.5,+2C_Warming,True,DEMO / SYNTHETIC DATA (Plant-to-Watershed Simulator)
2026-08-01,2026,8,WS_Cedar_01,WS_Cedar_01_HRU3,131.3,23.7,21.48,6.3,84.5,140.4,4.72,1.2,105.4,0.046,45.68,11.75,30.41,10.21,0.0,SSP2-4.5,Baseline,True,DEMO / SYNTHETIC DATA (Plant-to-Watershed Simulator)
2026-08-01,2026,8,WS_Cedar_01,WS_Cedar_01_HRU3,115.0,27.0,21.48,6.3,79.1,148.5,4.72,1.2,113.5,0.046,36.19,10.13,23.38,8.88,0.0,SSP5-8.5,+2C_Warming,True,DEMO / SYNTHETIC DATA (Plant-to-Watershed Simulator)
2026-08-01,2026,8,WS_Iowa_03,WS_Iowa_03_HRU1,145.6,27.18,24.09,9.8,75.1,157.9,5.06,1.2,122.9,0.02,64.09,26.03,44.81,21.04,0.0,SSP2-4.5,Baseline,True,DEMO / SYNTHETIC DATA (Plant-to-Watershed Simulator)
2026-08-01,2026,8,WS_Iowa_03,WS_Iowa_03_HRU1,127.6,30.48,24.09,9.8,71.3,166.3,5.06,1.2,131.3,0.02,51.99,22.58,35.63,18.15,0.0,SSP5-8.5,+2C_Warming,True,DEMO / SYNTHETIC DATA (Plant-to-Watershed Simulator)
2026-08-01,2026,8,WS_Iowa_03,WS_Iowa_03_HRU2,74.7,26.16,22.31,14.0,47.1,145.5,4.78,1.2,110.5,0.068,28.09,15.14,18.97,13.55,0.0,SSP2-4.5,Baseline,True,DEMO / SYNTHETIC DATA (Plant-to-Watershed Simulator)
2026-08-01,2026,8,WS_Iowa_03,WS_Iowa_03_HRU2,65.5,29.46,22.31,14.0,44.2,142.0,4.78,1.2,107.0,0.158,22.64,13.58,14.92,12.27,0.0,SSP5-8.5,+2C_Warming,True,DEMO / SYNTHETIC DATA (Plant-to-Watershed Simulator)
2026-08-01,2026,8,WS_Iowa_03,WS_Iowa_03_HRU3,101.9,25.43,20.75,6.3,74.1,148.7,4.71,1.2,113.7,0.0,29.46,16.28,18.03,12.8,0.0,SSP2-4.5,Baseline,True,DEMO / SYNTHETIC DATA (Plant-to-Watershed Simulator)
2026-08-01,2026,8,WS_Iowa_03,WS_Iowa_03_HRU3,89.3,28.73,20.75,6.3,68.8,157.2,4.71,1.2,122.2,0.0,23.04,14.45,13.39,11.34,0.0,SSP5-8.5,+2C_Warming,True,DEMO / SYNTHETIC DATA (Plant-to-Watershed Simulator)
2026-08-01,2026,8,WS_Raccoon_02,WS_Raccoon_02_HRU1,105.9,24.19,22.34,9.8,65.8,139.8,4.71,1.2,104.8,0.074,36.63,13.73,23.42,11.7,0.0,SSP2-4.5,Baseline,True,DEMO / SYNTHETIC DATA (Plant-to-Watershed Simulator)
2026-08-01,2026,8,WS_Raccoon_02,WS_Raccoon_02_HRU1,92.8,27.49,22.34,9.8,61.7,147.7,4.71,1.2,112.7,0.074,28.77,11.94,17.57,10.22,0.0,SSP5-8.5,+2C_Warming,True,DEMO / SYNTHETIC DATA (Plant-to-Watershed Simulator)
2026-08-01,2026,8,WS_Raccoon_02,WS_Raccoon_02_HRU2,166.2,26.99,23.25,14.0,63.0,148.6,4.48,1.2,113.6,0.06,90.09,26.31,66.25,22.06,0.0,SSP2-4.5,Baseline,True,DEMO / SYNTHETIC DATA (Plant-to-Watershed Simulator)
2026-08-01,2026,8,WS_Raccoon_02,WS_Raccoon_02_HRU2,145.6,30.29,23.25,14.0,60.7,156.5,4.48,1.2,121.5,0.06,74.74,22.81,54.42,19.08,0.0,SSP5-8.5,+2C_Warming,True,DEMO / SYNTHETIC DATA (Plant-to-Watershed Simulator)
2026-08-01,2026,8,WS_Raccoon_02,WS_Raccoon_02_HRU3,119.6,24.99,22.32,6.3,80.7,142.1,4.62,1.2,107.1,0.067,36.62,14.01,23.21,11.41,0.0,SSP2-4.5,Baseline,True,DEMO / SYNTHETIC DATA (Plant-to-Watershed Simulator)
2026-08-01,2026,8,WS_Raccoon_02,WS_Raccoon_02_HRU3,104.8,28.29,22.32,6.3,75.3,150.0,4.62,1.2,115.0,0.067,28.38,12.13,17.15,9.89,0.0,SSP5-8.5,+2C_Warming,True,DEMO / SYNTHETIC DATA (Plant-to-Watershed Simulator)
2026-09-01,2026,9,WS_Cedar_01,WS_Cedar_01_HRU1,146.8,19.72,17.56,9.8,75.3,102.9,1.99,1.33,67.9,0.021,66.52,15.39,54.24,14.01,0.0,SSP2-4.5,Baseline,True,DEMO / SYNTHETIC DATA (Plant-to-Watershed Simulator)
2026-09-01,2026,9,WS_Cedar_01,WS_Cedar_01_HRU1,128.6,23.02,17.56,9.8,71.5,109.0,1.99,1.33,74.0,0.021,54.26,13.3,43.46,11.98,0.0,SSP5-8.5,+2C_Warming,True,DEMO / SYNTHETIC DATA (Plant-to-Watershed Simulator)
2026-09-01,2026,9,WS_Cedar_01,WS_Cedar_01_HRU2,50.4,21.27,17.56,14.0,38.3,85.6,2.11,1.33,51.9,0.303,14.59,5.63,9.12,5.36,0.0,SSP2-4.5,Baseline,True,DEMO / SYNTHETIC DATA (Plant-to-Watershed Simulator)
2026-09-01,2026,9,WS_Cedar_01,WS_Cedar_01_HRU2,44.1,24.57,17.56,14.0,35.4,84.2,2.11,1.33,49.2,0.392,11.58,5.11,6.64,4.89,0.0,SSP5-8.5,+2C_Warming,True,DEMO / SYNTHETIC DATA (Plant-to-Watershed Simulator)
2026-09-01,2026,9,WS_Cedar_01,WS_Cedar_01_HRU3,32.9,18.86,19.63,6.3,32.6,85.7,2.0,1.33,55.0,0.22,1.95,3.76,0.5,4.19,0.0,SSP2-4.5,Baseline,True,DEMO / SYNTHETIC DATA (Plant-to-Watershed Simulator)
2026-09-01,2026,9,WS_Cedar_01,WS_Cedar_01_HRU3,28.9,22.16,19.63,6.3,28.8,81.4,2.0,1.33,50.4,0.344,1.5,3.68,0.5,4.19,0.0,SSP5-8.5,+2C_Warming,True,DEMO / SYNTHETIC DATA (Plant-to-Watershed Simulator)
2026-09-01,2026,9,WS_Iowa_03,WS_Iowa_03_HRU1,206.4,21.38,20.67,9.8,84.3,111.9,2.34,1.33,76.9,0.07,106.53,38.75,87.92,34.66,0.0,SSP2-4.5,Baseline,True,DEMO / SYNTHETIC DATA (Plant-to-Watershed Simulator)
2026-09-01,2026,9,WS_Iowa_03,WS_Iowa_03_HRU1,180.8,24.68,20.67,9.8,81.0,118.2,2.34,1.33,83.2,0.07,87.8,33.41,71.59,29.52,0.0,SSP5-8.5,+2C_Warming,True,DEMO / SYNTHETIC DATA (Plant-to-Watershed Simulator)
2026-09-01,2026,9,WS_Iowa_03,WS_Iowa_03_HRU2,67.0,20.42,18.62,14.0,44.7,86.5,1.79,1.33,51.5,0.242,22.46,13.57,16.83,12.88,0.0,SSP2-4.5,Baseline,True,DEMO / SYNTHETIC DATA (Plant-to-Watershed Simulator)
2026-09-01,2026,9,WS_Iowa_03,WS_Iowa_03_HRU2,58.7,23.72,18.62,14.0,41.7,84.2,1.79,1.33,49.2,0.335,17.78,12.23,12.79,11.6,0.0,SSP5-8.5,+2C_Warming,True,DEMO / SYNTHETIC DATA (Plant-to-Watershed Simulator)
2026-09-01,2026,9,WS_Iowa_03,WS_Iowa_03_HRU3,104.4,20.59,20.49,6.3,75.1,103.0,2.06,1.33,68.0,0.106,31.48,17.26,21.11,13.9,0.0,SSP2-4.5,Baseline,True,DEMO / SYNTHETIC DATA (Plant-to-Watershed Simulator)
2026-09-01,2026,9,WS_Iowa_03,WS_Iowa_03_HRU3,91.4,23.89,20.49,6.3,69.7,108.7,2.06,1.33,73.7,0.106,24.77,15.35,15.48,12.13,0.0,SSP5-8.5,+2C_Warming,True,DEMO / SYNTHETIC DATA (Plant-to-Watershed Simulator)
2026-09-01,2026,9,WS_Raccoon_02,WS_Raccoon_02_HRU1,70.6,22.27,19.05,9.8,53.3,108.7,2.01,1.33,73.7,0.036,17.73,9.86,12.15,8.92,0.0,SSP2-4.5,Baseline,True,DEMO / SYNTHETIC DATA (Plant-to-Watershed Simulator)
2026-09-01,2026,9,WS_Raccoon_02,WS_Raccoon_02_HRU1,61.9,25.57,19.05,9.8,49.3,114.8,2.01,1.33,79.8,0.036,13.52,8.9,8.65,8.04,0.0,SSP5-8.5,+2C_Warming,True,DEMO / SYNTHETIC DATA (Plant-to-Watershed Simulator)
2026-09-01,2026,9,WS_Raccoon_02,WS_Raccoon_02_HRU2,75.9,18.69,18.37,14.0,47.4,97.9,1.84,1.33,62.9,0.041,26.52,12.33,21.02,10.73,0.0,SSP2-4.5,Baseline,True,DEMO / SYNTHETIC DATA (Plant-to-Watershed Simulator)
2026-09-01,2026,9,WS_Raccoon_02,WS_Raccoon_02_HRU2,66.5,21.99,18.37,14.0,44.5,97.2,1.84,1.33,62.2,0.131,20.91,11.05,16.14,9.5,0.0,SSP5-8.5,+2C_Warming,True,DEMO / SYNTHETIC DATA (Plant-to-Watershed Simulator)
2026-09-01,2026,9,WS_Raccoon_02,WS_Raccoon_02_HRU3,89.1,23.74,18.05,6.3,68.7,106.4,1.87,1.33,71.4,0.049,20.19,10.25,12.41,7.94,0.0,SSP2-4.5,Baseline,True,DEMO / SYNTHETIC DATA (Plant-to-Watershed Simulator)
2026-09-01,2026,9,WS_Raccoon_02,WS_Raccoon_02_HRU3,78.0,27.04,18.05,6.3,63.3,112.2,1.87,1.33,77.2,0.049,15.01,9.06,8.12,6.86,0.0,SSP5-8.5,+2C_Warming,True,DEMO / SYNTHETIC DATA (Plant-to-Watershed Simulator)
2026-10-01,2026,10,WS_Cedar_01,WS_Cedar_01_HRU1,30.1,12.81,15.93,11.17,29.1,25.0,0.1,1.38,4.5,0.0,4.17,4.8,1.11,4.06,13.03,SSP2-4.5,Baseline,True,DEMO / SYNTHETIC DATA (Plant-to-Watershed Simulator)
2026-10-01,2026,10,WS_Cedar_01,WS_Cedar_01_HRU1,26.4,16.11,15.93,9.8,26.0,26.7,0.1,1.38,5.0,0.0,3.45,4.68,0.64,3.97,13.03,SSP5-8.5,+2C_Warming,True,DEMO / SYNTHETIC DATA (Plant-to-Watershed Simulator)
2026-10-01,2026,10,WS_Cedar_01,WS_Cedar_01_HRU2,37.9,13.16,14.56,15.63,32.1,27.2,0.1,1.38,4.4,0.0,7.78,4.65,4.4,4.85,12.9,SSP2-4.5,Baseline,True,DEMO / SYNTHETIC DATA (Plant-to-Watershed Simulator)
2026-10-01,2026,10,WS_Cedar_01,WS_Cedar_01_HRU2,33.2,16.46,14.56,14.0,29.3,29.6,0.1,1.38,5.0,0.0,5.98,4.34,2.83,4.56,12.9,SSP5-8.5,+2C_Warming,True,DEMO / SYNTHETIC DATA (Plant-to-Watershed Simulator)
2026-10-01,2026,10,WS_Cedar_01,WS_Cedar_01_HRU3,44.9,13.36,14.36,9.77,42.6,32.2,0.1,1.38,4.4,0.0,5.11,4.64,1.12,3.82,12.07,SSP2-4.5,Baseline,True,DEMO / SYNTHETIC DATA (Plant-to-Watershed Simulator)
2026-10-01,2026,10,WS_Cedar_01,WS_Cedar_01_HRU3,39.4,16.66,14.36,7.77,38.2,33.8,0.1,1.38,5.0,0.0,3.82,4.42,0.5,3.7,12.07,SSP5-8.5,+2C_Warming,True,DEMO / SYNTHETIC DATA (Plant-to-Watershed Simulator)
2026-10-01,2026,10,WS_Iowa_03,WS_Iowa_03_HRU1,57.9,10.08,15.29,14.5,47.3,33.2,0.24,1.38,9.3,0.0,13.29,11.95,8.6,9.52,12.71,SSP2-4.5,Baseline,True,DEMO / SYNTHETIC DATA (Plant-to-Watershed Simulator)
2026-10-01,2026,10,WS_Iowa_03,WS_Iowa_03_HRU1,50.7,13.38,15.29,12.17,43.3,36.2,0.24,1.38,10.5,0.0,10.28,11.09,5.94,8.68,12.71,SSP5-8.5,+2C_Warming,True,DEMO / SYNTHETIC DATA (Plant-to-Watershed Simulator)
2026-10-01,2026,10,WS_Iowa_03,WS_Iowa_03_HRU2,32.1,11.28,16.17,15.07,28.6,25.4,0.1,1.38,4.3,0.0,7.15,9.97,5.51,8.82,12.71,SSP2-4.5,Baseline,True,DEMO / SYNTHETIC DATA (Plant-to-Watershed Simulator)
2026-10-01,2026,10,WS_Iowa_03,WS_Iowa_03_HRU2,28.1,14.58,16.17,14.0,25.9,27.6,0.1,1.38,4.8,0.0,5.84,9.6,4.42,8.47,12.71,SSP5-8.5,+2C_Warming,True,DEMO / SYNTHETIC DATA (Plant-to-Watershed Simulator)
2026-10-01,2026,10,WS_Iowa_03,WS_Iowa_03_HRU3,36.0,11.21,14.03,9.23,35.3,26.5,0.1,1.38,4.1,0.0,3.56,9.01,1.15,6.87,14.03,SSP2-4.5,Baseline,True,DEMO / SYNTHETIC DATA (Plant-to-Watershed Simulator)
2026-10-01,2026,10,WS_Iowa_03,WS_Iowa_03_HRU3,31.6,14.51,14.03,7.4,31.4,28.1,0.1,1.38,4.6,0.0,2.85,8.81,0.75,6.74,14.03,SSP5-8.5,+2C_Warming,True,DEMO / SYNTHETIC DATA (Plant-to-Watershed Simulator)
2026-10-01,2026,10,WS_Raccoon_02,WS_Raccoon_02_HRU1,52.9,12.1,15.23,14.23,44.6,31.3,0.15,1.38,6.4,0.0,7.23,7.72,3.27,5.78,13.11,SSP2-4.5,Baseline,True,DEMO / SYNTHETIC DATA (Plant-to-Watershed Simulator)
2026-10-01,2026,10,WS_Raccoon_02,WS_Raccoon_02_HRU1,46.4,15.4,15.23,12.13,40.7,33.7,0.15,1.38,7.2,0.0,4.71,7.15,1.07,5.23,13.11,SSP5-8.5,+2C_Warming,True,DEMO / SYNTHETIC DATA (Plant-to-Watershed Simulator)
2026-10-01,2026,10,WS_Raccoon_02,WS_Raccoon_02_HRU2,20.8,13.4,13.56,14.0,20.3,23.3,0.1,1.38,4.4,0.0,2.62,6.71,0.86,5.55,13.65,SSP2-4.5,Baseline,True,DEMO / SYNTHETIC DATA (Plant-to-Watershed Simulator)
2026-10-01,2026,10,WS_Raccoon_02,WS_Raccoon_02_HRU2,18.3,16.7,13.56,14.0,18.1,25.3,0.1,1.38,4.9,0.0,2.17,6.61,0.58,5.48,13.65,SSP5-8.5,+2C_Warming,True,DEMO / SYNTHETIC DATA (Plant-to-Watershed Simulator)
2026-10-01,2026,10,WS_Raccoon_02,WS_Raccoon_02_HRU3,81.8,12.51,15.58,14.9,65.2,39.4,0.1,1.38,4.4,0.0,19.46,9.47,14.06,9.31,12.77,SSP2-4.5,Baseline,True,DEMO / SYNTHETIC DATA (Plant-to-Watershed Simulator)
2026-10-01,2026,10,WS_Raccoon_02,WS_Raccoon_02_HRU3,71.7,15.81,15.58,12.93,59.9,40.0,0.1,1.38,5.0,0.0,15.02,8.45,10.06,8.3,12.77,SSP5-8.5,+2C_Warming,True,DEMO / SYNTHETIC DATA (Plant-to-Watershed Simulator)
2026-11-01,2026,11,WS_Cedar_01,WS_Cedar_01_HRU1,41.7,2.37,12.02,19.23,37.7,13.5,0.0,0.1,0.0,0.0,6.39,5.44,6.81,4.8,0.0,SSP2-4.5,Baseline,True,DEMO / SYNTHETIC DATA (Plant-to-Watershed Simulator)
2026-11-01,2026,11,WS_Cedar_01,WS_Cedar_01_HRU1,36.5,5.67,12.02,16.27,34.1,14.7,0.0,0.1,0.0,0.0,4.8,5.17,5.24,4.5,0.0,SSP5-8.5,+2C_Warming,True,DEMO / SYNTHETIC DATA (Plant-to-Watershed Simulator)
2026-11-01,2026,11,WS_Cedar_01,WS_Cedar_01_HRU2,38.9,3.42,11.17,21.87,32.6,13.9,0.0,0.1,0.0,0.0,5.86,5.22,6.88,5.32,0.0,SSP2-4.5,Baseline,True,DEMO / SYNTHETIC DATA (Plant-to-Watershed Simulator)
2026-11-01,2026,11,WS_Cedar_01,WS_Cedar_01_HRU2,34.1,6.72,11.17,18.87,29.8,15.2,0.0,0.1,0.0,0.0,3.98,4.9,5.01,4.96,0.0,SSP5-8.5,+2C_Warming,True,DEMO / SYNTHETIC DATA (Plant-to-Watershed Simulator)
2026-11-01,2026,11,WS_Cedar_01,WS_Cedar_01_HRU3,25.0,3.75,10.0,13.6,25.0,13.5,0.0,0.1,0.0,0.0,2.84,4.9,2.76,4.46,0.0,SSP2-4.5,Baseline,True,DEMO / SYNTHETIC DATA (Plant-to-Watershed Simulator)
2026-11-01,2026,11,WS_Cedar_01,WS_Cedar_01_HRU3,21.9,7.05,10.0,10.5,21.9,13.7,0.0,0.1,0.0,0.0,2.59,4.86,2.53,4.42,0.0,SSP5-8.5,+2C_Warming,True,DEMO / SYNTHETIC DATA (Plant-to-Watershed Simulator)
2026-11-01,2026,11,WS_Iowa_03,WS_Iowa_03_HRU1,87.1,4.45,10.3,27.5,59.8,20.8,0.0,0.1,0.0,0.0,27.26,15.68,27.52,16.26,0.0,SSP2-4.5,Baseline,True,DEMO / SYNTHETIC DATA (Plant-to-Watershed Simulator)
2026-11-01,2026,11,WS_Iowa_03,WS_Iowa_03_HRU1,76.3,7.75,10.3,23.3,55.7,22.3,0.0,0.1,0.0,0.0,21.36,13.99,21.65,14.41,0.0,SSP5-8.5,+2C_Warming,True,DEMO / SYNTHETIC DATA (Plant-to-Watershed Simulator)
2026-11-01,2026,11,WS_Iowa_03,WS_Iowa_03_HRU2,28.9,1.55,11.34,20.13,26.4,11.2,0.0,0.1,0.0,0.0,3.77,8.99,2.95,8.49,0.0,SSP2-4.5,Baseline,True,DEMO / SYNTHETIC DATA (Plant-to-Watershed Simulator)
2026-11-01,2026,11,WS_Iowa_03,WS_Iowa_03_HRU2,25.3,4.85,11.34,17.7,23.8,12.7,0.0,0.1,0.0,0.0,2.72,8.7,1.92,8.17,0.0,SSP5-8.5,+2C_Warming,True,DEMO / SYNTHETIC DATA (Plant-to-Watershed Simulator)
2026-11-01,2026,11,WS_Iowa_03,WS_Iowa_03_HRU3,24.9,4.14,11.26,12.83,24.9,14.1,0.0,0.1,0.0,0.0,3.32,8.38,2.81,8.28,0.0,SSP2-4.5,Baseline,True,DEMO / SYNTHETIC DATA (Plant-to-Watershed Simulator)
2026-11-01,2026,11,WS_Iowa_03,WS_Iowa_03_HRU3,21.8,7.44,11.26,9.93,21.8,14.2,0.0,0.1,0.0,0.0,3.07,8.31,2.58,8.21,0.0,SSP5-8.5,+2C_Warming,True,DEMO / SYNTHETIC DATA (Plant-to-Watershed Simulator)
2026-11-01,2026,11,WS_Raccoon_02,WS_Raccoon_02_HRU1,35.8,5.76,11.89,19.57,33.6,17.6,0.0,0.1,0.0,0.0,6.01,7.87,5.21,7.06,0.0,SSP2-4.5,Baseline,True,DEMO / SYNTHETIC DATA (Plant-to-Watershed Simulator)
2026-11-01,2026,11,WS_Raccoon_02,WS_Raccoon_02_HRU1,31.4,9.06,11.89,16.17,30.2,18.1,0.0,0.1,0.0,0.0,4.9,7.62,4.12,6.78,0.0,SSP5-8.5,+2C_Warming,True,DEMO / SYNTHETIC DATA (Plant-to-Watershed Simulator)
2026-11-01,2026,11,WS_Raccoon_02,WS_Raccoon_02_HRU2,61.7,6.31,12.91,22.03,42.8,18.7,0.0,0.1,0.0,0.0,19.54,10.45,18.95,10.46,0.0,SSP2-4.5,Baseline,True,DEMO / SYNTHETIC DATA (Plant-to-Watershed Simulator)
2026-11-01,2026,11,WS_Raccoon_02,WS_Raccoon_02_HRU2,54.1,9.61,12.91,20.3,39.9,21.0,0.0,0.1,0.0,0.0,15.44,9.51,14.87,9.43,0.0,SSP5-8.5,+2C_Warming,True,DEMO / SYNTHETIC DATA (Plant-to-Watershed Simulator)
2026-11-01,2026,11,WS_Raccoon_02,WS_Raccoon_02_HRU3,37.5,1.59,12.79,20.47,36.6,19.9,0.0,0.1,0.0,0.0,3.17,6.94,2.8,6.53,0.0,SSP2-4.5,Baseline,True,DEMO / SYNTHETIC DATA (Plant-to-Watershed Simulator)
2026-11-01,2026,11,WS_Raccoon_02,WS_Raccoon_02_HRU3,32.8,4.89,12.79,16.7,32.5,21.2,0.0,0.1,0.0,0.0,2.35,6.75,2.0,6.33,0.0,SSP5-8.5,+2C_Warming,True,DEMO / SYNTHETIC DATA (Plant-to-Watershed Simulator)
2026-12-01,2026,12,WS_Cedar_01,WS_Cedar_01_HRU1,59.7,-0.08,6.91,34.47,48.2,2.5,0.0,0.1,0.0,0.0,14.02,7.94,14.09,6.8,0.0,SSP2-4.5,Baseline,True,DEMO / SYNTHETIC DATA (Plant-to-Watershed Simulator)
2026-12-01,2026,12,WS_Cedar_01,WS_Cedar_01_HRU1,52.3,3.22,6.91,26.1,44.2,14.7,0.0,0.1,0.0,0.0,10.85,7.4,10.94,6.21,0.0,SSP5-8.5,+2C_Warming,True,DEMO / SYNTHETIC DATA (Plant-to-Watershed Simulator)
2026-12-01,2026,12,WS_Cedar_01,WS_Cedar_01_HRU2,50.1,-2.86,7.95,33.87,38.2,2.2,0.0,0.1,0.0,0.0,14.12,7.08,14.51,5.99,0.0,SSP2-4.5,Baseline,True,DEMO / SYNTHETIC DATA (Plant-to-Watershed Simulator)
2026-12-01,2026,12,WS_Cedar_01,WS_Cedar_01_HRU2,43.9,0.44,7.95,27.0,35.3,10.9,0.0,0.1,0.0,0.0,11.17,6.58,11.58,5.44,0.0,SSP5-8.5,+2C_Warming,True,DEMO / SYNTHETIC DATA (Plant-to-Watershed Simulator)
2026-12-01,2026,12,WS_Cedar_01,WS_Cedar_01_HRU3,19.4,1.02,6.16,16.8,19.4,9.8,0.0,0.1,0.0,0.0,3.56,4.78,3.03,4.36,0.0,SSP2-4.5,Baseline,True,DEMO / SYNTHETIC DATA (Plant-to-Watershed Simulator)
2026-12-01,2026,12,WS_Cedar_01,WS_Cedar_01_HRU3,17.0,4.32,6.16,12.67,17.0,10.5,0.0,0.1,0.0,0.0,3.37,4.74,2.85,4.32,0.0,SSP5-8.5,+2C_Warming,True,DEMO / SYNTHETIC DATA (Plant-to-Watershed Simulator)
2026-12-01,2026,12,WS_Iowa_03,WS_Iowa_03_HRU1,74.9,-3.92,6.94,38.17,55.1,2.8,0.0,0.1,0.0,0.0,21.62,13.71,20.99,13.73,0.0,SSP2-4.5,Baseline,True,DEMO / SYNTHETIC DATA (Plant-to-Watershed Simulator)
2026-12-01,2026,12,WS_Iowa_03,WS_Iowa_03_HRU1,65.6,-0.62,6.94,38.17,51.1,2.8,0.0,0.1,0.0,0.0,16.96,12.38,16.36,12.27,0.0,SSP5-8.5,+2C_Warming,True,DEMO / SYNTHETIC DATA (Plant-to-Watershed Simulator)
2026-12-01,2026,12,WS_Iowa_03,WS_Iowa_03_HRU2,28.0,-1.94,6.77,28.13,25.8,1.8,0.0,0.1,0.0,0.0,3.65,8.46,3.03,8.17,0.0,SSP2-4.5,Baseline,True,DEMO / SYNTHETIC DATA (Plant-to-Watershed Simulator)
2026-12-01,2026,12,WS_Iowa_03,WS_Iowa_03_HRU2,24.5,1.36,6.77,22.37,23.2,9.2,0.0,0.1,0.0,0.0,2.67,8.18,2.06,7.87,0.0,SSP5-8.5,+2C_Warming,True,DEMO / SYNTHETIC DATA (Plant-to-Watershed Simulator)
2026-12-01,2026,12,WS_Iowa_03,WS_Iowa_03_HRU3,65.8,-2.38,8.08,28.97,56.6,2.8,0.0,0.1,0.0,0.0,12.56,10.97,12.74,10.83,0.0,SSP2-4.5,Baseline,True,DEMO / SYNTHETIC DATA (Plant-to-Watershed Simulator)
2026-12-01,2026,12,WS_Iowa_03,WS_Iowa_03_HRU3,57.6,0.92,8.08,22.17,51.5,14.8,0.0,0.1,0.0,0.0,9.56,10.11,9.77,9.89,0.0,SSP5-8.5,+2C_Warming,True,DEMO / SYNTHETIC DATA (Plant-to-Watershed Simulator)
2026-12-01,2026,12,WS_Raccoon_02,WS_Raccoon_02_HRU1,39.1,-3.6,10.24,30.8,35.9,2.2,0.0,0.1,0.0,0.0,5.29,7.06,5.42,6.89,0.0,SSP2-4.5,Baseline,True,DEMO / SYNTHETIC DATA (Plant-to-Watershed Simulator)
2026-12-01,2026,12,WS_Raccoon_02,WS_Raccoon_02_HRU1,34.3,-0.3,10.24,26.33,32.4,1.9,0.0,0.1,0.0,0.0,3.93,6.75,4.08,6.55,0.0,SSP5-8.5,+2C_Warming,True,DEMO / SYNTHETIC DATA (Plant-to-Watershed Simulator)
2026-12-01,2026,12,WS_Raccoon_02,WS_Raccoon_02_HRU2,14.6,-2.0,8.59,26.33,14.6,1.7,0.0,0.1,0.0,0.0,1.5,6.24,2.61,7.1,0.0,SSP2-4.5,Baseline,True,DEMO / SYNTHETIC DATA (Plant-to-Watershed Simulator)
2026-12-01,2026,12,WS_Raccoon_02,WS_Raccoon_02_HRU2,12.8,1.3,8.59,21.3,12.8,9.8,0.0,0.1,0.0,0.0,1.5,6.24,2.62,7.1,0.0,SSP5-8.5,+2C_Warming,True,DEMO / SYNTHETIC DATA (Plant-to-Watershed Simulator)
2026-12-01,2026,12,WS_Raccoon_02,WS_Raccoon_02_HRU3,11.0,-2.95,7.35,23.4,11.0,2.2,0.0,0.1,0.0,0.0,1.5,6.9,2.41,6.78,0.0,SSP2-4.5,Baseline,True,DEMO / SYNTHETIC DATA (Plant-to-Watershed Simulator)
2026-12-01,2026,12,WS_Raccoon_02,WS_Raccoon_02_HRU3,9.6,0.35,7.35,16.6,9.6,9.9,0.0,0.1,0.0,0.0,1.5,6.9,2.42,6.79,0.0,SSP5-8.5,+2C_Warming,True,DEMO / SYNTHETIC DATA (Plant-to-Watershed Simulator)
2027-01-01,2027,1,WS_Cedar_01,WS_Cedar_01_HRU1,53.1,-2.87,6.0,38.17,44.7,2.8,0.0,0.1,0.0,0.0,8.76,5.56,7.99,5.3,0.0,SSP2-4.5,Baseline,True,DEMO / SYNTHETIC DATA (Plant-to-Watershed Simulator)
2027-01-01,2027,1,WS_Cedar_01,WS_Cedar_01_HRU1,46.6,0.43,6.0,34.53,40.9,13.7,0.0,0.1,0.0,0.0,6.23,5.13,5.48,4.82,0.0,SSP5-8.5,+2C_Warming,True,DEMO / SYNTHETIC DATA (Plant-to-Watershed Simulator)
2027-01-01,2027,1,WS_Cedar_01,WS_Cedar_01_HRU2,27.3,-6.22,6.53,41.4,25.3,2.7,0.0,0.1,0.0,0.0,3.26,4.64,2.25,4.4,0.0,SSP2-4.5,Baseline,True,DEMO / SYNTHETIC DATA (Plant-to-Watershed Simulator)
2027-01-01,2027,1,WS_Cedar_01,WS_Cedar_01_HRU2,23.9,-2.92,6.53,33.87,22.8,2.2,0.0,0.1,0.0,0.0,2.34,4.48,1.35,4.23,0.0,SSP5-8.5,+2C_Warming,True,DEMO / SYNTHETIC DATA (Plant-to-Watershed Simulator)
2027-01-01,2027,1,WS_Cedar_01,WS_Cedar_01_HRU3,40.0,-3.46,6.0,28.8,38.7,2.7,0.0,0.1,0.0,0.0,4.95,4.48,4.78,5.18,0.0,SSP2-4.5,Baseline,True,DEMO / SYNTHETIC DATA (Plant-to-Watershed Simulator)
2027-01-01,2027,1,WS_Cedar_01,WS_Cedar_01_HRU3,35.1,-0.16,6.0,23.43,34.5,2.2,0.0,0.1,0.0,0.0,3.99,4.32,3.84,5.0,0.0,SSP5-8.5,+2C_Warming,True,DEMO / SYNTHETIC DATA (Plant-to-Watershed Simulator)
2027-01-01,2027,1,WS_Iowa_03,WS_Iowa_03_HRU1,40.1,-3.66,6.28,38.17,36.6,2.8,0.0,0.1,0.0,0.0,5.22,8.59,5.02,8.18,0.0,SSP2-4.5,Baseline,True,DEMO / SYNTHETIC DATA (Plant-to-Watershed Simulator)
2027-01-01,2027,1,WS_Iowa_03,WS_Iowa_03_HRU1,35.1,-0.36,6.28,38.17,33.0,2.8,0.0,0.1,0.0,0.0,3.76,8.17,3.58,7.73,0.0,SSP5-8.5,+2C_Warming,True,DEMO / SYNTHETIC DATA (Plant-to-Watershed Simulator)
2027-01-01,2027,1,WS_Iowa_03,WS_Iowa_03_HRU2,31.5,-4.62,6.0,36.73,28.2,2.4,0.0,0.1,0.0,0.0,5.81,8.93,6.25,9.23,0.0,SSP2-4.5,Baseline,True,DEMO / SYNTHETIC DATA (Plant-to-Watershed Simulator)
2027-01-01,2027,1,WS_Iowa_03,WS_Iowa_03_HRU2,27.6,-1.32,6.0,30.23,25.5,1.9,0.0,0.1,0.0,0.0,4.56,8.58,5.02,8.84,0.0,SSP5-8.5,+2C_Warming,True,DEMO / SYNTHETIC DATA (Plant-to-Watershed Simulator)
2027-01-01,2027,1,WS_Iowa_03,WS_Iowa_03_HRU3,22.2,-5.65,7.42,28.97,22.2,2.8,0.0,0.1,0.0,0.0,2.39,8.81,3.06,8.29,0.0,SSP2-4.5,Baseline,True,DEMO / SYNTHETIC DATA (Plant-to-Watershed Simulator)
2027-01-01,2027,1,WS_Iowa_03,WS_Iowa_03_HRU3,19.4,-2.35,7.42,27.77,19.4,2.6,0.0,0.1,0.0,0.0,2.17,8.75,2.85,8.22,0.0,SSP5-8.5,+2C_Warming,True,DEMO / SYNTHETIC DATA (Plant-to-Watershed Simulator)
2027-01-01,2027,1,WS_Raccoon_02,WS_Raccoon_02_HRU1,27.3,-1.76,6.73,38.17,26.8,2.8,0.0,0.1,0.0,0.0,2.06,5.39,1.77,5.34,0.0,SSP2-4.5,Baseline,True,DEMO / SYNTHETIC DATA (Plant-to-Watershed Simulator)
2027-01-01,2027,1,WS_Raccoon_02,WS_Raccoon_02_HRU1,23.9,1.54,6.73,29.57,23.7,14.0,0.0,0.1,0.0,0.0,1.51,5.26,1.24,5.2,0.0,SSP5-8.5,+2C_Warming,True,DEMO / SYNTHETIC DATA (Plant-to-Watershed Simulator)
2027-01-01,2027,1,WS_Raccoon_02,WS_Raccoon_02_HRU2,34.9,-3.39,7.8,35.67,30.3,2.3,0.0,0.1,0.0,0.0,7.43,7.82,7.21,7.65,0.0,SSP2-4.5,Baseline,True,DEMO / SYNTHETIC DATA (Plant-to-Watershed Simulator)
2027-01-01,2027,1,WS_Raccoon_02,WS_Raccoon_02_HRU2,30.6,-0.09,7.8,29.87,27.6,1.9,0.0,0.1,0.0,0.0,5.9,7.47,5.7,7.27,0.0,SSP5-8.5,+2C_Warming,True,DEMO / SYNTHETIC DATA (Plant-to-Watershed Simulator)
2027-01-01,2027,1,WS_Raccoon_02,WS_Raccoon_02_HRU3,44.8,-4.54,6.0,28.97,42.5,2.8,0.0,0.1,0.0,0.0,4.25,6.93,3.23,6.41,0.0,SSP2-4.5,Baseline,True,DEMO / SYNTHETIC DATA (Plant-to-Watershed Simulator)
2027-01-01,2027,1,WS_Raccoon_02,WS_Raccoon_02_HRU3,39.2,-1.24,6.0,28.37,38.0,2.7,0.0,0.1,0.0,0.0,2.95,6.63,1.96,6.09,0.0,SSP5-8.5,+2C_Warming,True,DEMO / SYNTHETIC DATA (Plant-to-Watershed Simulator)
2027-02-01,2027,2,WS_Cedar_01,WS_Cedar_01_HRU1,12.6,-2.96,8.07,38.17,12.6,2.8,0.0,0.1,0.0,0.0,1.5,4.69,1.47,3.75,0.0,SSP2-4.5,Baseline,True,DEMO / SYNTHETIC DATA (Plant-to-Watershed Simulator)
2027-02-01,2027,2,WS_Cedar_01,WS_Cedar_01_HRU1,11.0,0.34,8.07,33.13,11.0,15.2,0.0,0.1,0.0,0.0,1.5,4.69,1.48,3.76,0.0,SSP5-8.5,+2C_Warming,True,DEMO / SYNTHETIC DATA (Plant-to-Watershed Simulator)
2027-02-01,2027,2,WS_Cedar_01,WS_Cedar_01_HRU2,24.6,-4.44,6.47,42.77,23.3,2.8,0.0,0.1,0.0,0.0,4.2,4.34,5.65,5.02,0.0,SSP2-4.5,Baseline,True,DEMO / SYNTHETIC DATA (Plant-to-Watershed Simulator)
2027-02-01,2027,2,WS_Cedar_01,WS_Cedar_01_HRU2,21.5,-1.14,6.47,39.93,20.8,2.6,0.0,0.1,0.0,0.0,3.47,4.21,4.93,4.88,0.0,SSP5-8.5,+2C_Warming,True,DEMO / SYNTHETIC DATA (Plant-to-Watershed Simulator)
2027-02-01,2027,2,WS_Cedar_01,WS_Cedar_01_HRU3,71.4,-2.62,6.18,28.97,59.8,2.8,0.0,0.1,0.0,0.0,13.12,6.12,13.51,6.4,0.0,SSP2-4.5,Baseline,True,DEMO / SYNTHETIC DATA (Plant-to-Watershed Simulator)
2027-02-01,2027,2,WS_Cedar_01,WS_Cedar_01_HRU3,62.6,0.68,6.18,25.17,54.7,14.2,0.0,0.1,0.0,0.0,9.65,5.52,10.07,5.75,0.0,SSP5-8.5,+2C_Warming,True,DEMO / SYNTHETIC DATA (Plant-to-Watershed Simulator)
2027-02-01,2027,2,WS_Iowa_03,WS_Iowa_03_HRU1,22.7,-3.19,7.35,38.17,22.6,2.8,0.0,0.1,0.0,0.0,1.5,7.49,0.95,8.11,0.0,SSP2-4.5,Baseline,True,DEMO / SYNTHETIC DATA (Plant-to-Watershed Simulator)
2027-02-01,2027,2,WS_Iowa_03,WS_Iowa_03_HRU1,19.9,0.11,7.35,34.27,19.9,14.5,0.0,0.1,0.0,0.0,1.5,7.49,0.96,8.11,0.0,SSP5-8.5,+2C_Warming,True,DEMO / SYNTHETIC DATA (Plant-to-Watershed Simulator)
2027-02-01,2027,2,WS_Iowa_03,WS_Iowa_03_HRU2,110.3,0.16,6.32,39.17,55.3,13.6,0.0,0.1,0.0,0.0,48.27,21.06,48.67,22.84,0.0,SSP2-4.5,Baseline,True,DEMO / SYNTHETIC DATA (Plant-to-Watershed Simulator)
2027-02-01,2027,2,WS_Iowa_03,WS_Iowa_03_HRU2,96.6,3.46,6.32,37.57,52.6,18.4,0.0,0.1,0.0,0.0,38.94,18.4,39.35,19.9,0.0,SSP5-8.5,+2C_Warming,True,DEMO / SYNTHETIC DATA (Plant-to-Watershed Simulator)
2027-02-01,2027,2,WS_Iowa_03,WS_Iowa_03_HRU3,28.6,-3.46,7.55,28.97,28.6,2.8,0.0,0.1,0.0,0.0,2.97,8.8,2.41,7.96,0.0,SSP2-4.5,Baseline,True,DEMO / SYNTHETIC DATA (Plant-to-Watershed Simulator)
2027-02-01,2027,2,WS_Iowa_03,WS_Iowa_03_HRU3,25.1,-0.16,7.55,28.97,25.1,2.8,0.0,0.1,0.0,0.0,2.66,8.71,2.12,7.87,0.0,SSP5-8.5,+2C_Warming,True,DEMO / SYNTHETIC DATA (Plant-to-Watershed Simulator)
2027-02-01,2027,2,WS_Raccoon_02,WS_Raccoon_02_HRU1,18.6,-1.48,7.74,38.17,18.6,2.8,0.0,0.1,0.0,0.0,1.5,6.02,0.94,5.84,0.0,SSP2-4.5,Baseline,True,DEMO / SYNTHETIC DATA (Plant-to-Watershed Simulator)
2027-02-01,2027,2,WS_Raccoon_02,WS_Raccoon_02_HRU1,16.3,1.82,7.74,29.83,16.3,15.5,0.0,0.1,0.0,0.0,1.5,6.02,0.96,5.85,0.0,SSP5-8.5,+2C_Warming,True,DEMO / SYNTHETIC DATA (Plant-to-Watershed Simulator)
2027-02-01,2027,2,WS_Raccoon_02,WS_Raccoon_02_HRU2,30.6,-0.77,8.45,42.77,27.6,2.8,0.0,0.1,0.0,0.0,4.04,6.28,4.15,6.79,0.0,SSP2-4.5,Baseline,True,DEMO / SYNTHETIC DATA (Plant-to-Watershed Simulator)
2027-02-01,2027,2,WS_Raccoon_02,WS_Raccoon_02_HRU2,26.8,2.53,8.45,32.63,25.0,16.7,0.0,0.1,0.0,0.0,2.86,6.01,2.98,6.49,0.0,SSP5-8.5,+2C_Warming,True,DEMO / SYNTHETIC DATA (Plant-to-Watershed Simulator)
2027-02-01,2027,2,WS_Raccoon_02,WS_Raccoon_02_HRU3,25.8,-3.52,6.98,28.97,25.8,2.8,0.0,0.1,0.0,0.0,3.06,6.06,3.04,6.64,0.0,SSP2-4.5,Baseline,True,DEMO / SYNTHETIC DATA (Plant-to-Watershed Simulator)
2027-02-01,2027,2,WS_Raccoon_02,WS_Raccoon_02_HRU3,22.6,-0.22,6.98,28.97,22.6,2.8,0.0,0.1,0.0,0.0,2.81,6.0,2.81,6.58,0.0,SSP5-8.5,+2C_Warming,True,DEMO / SYNTHETIC DATA (Plant-to-Watershed Simulator)
2027-03-01,2027,3,WS_Cedar_01,WS_Cedar_01_HRU1,53.8,2.63,13.62,31.03,45.1,24.2,0.0,0.1,0.0,0.0,13.06,6.78,13.3,6.32,0.0,SSP2-4.5,Baseline,True,DEMO / SYNTHETIC DATA (Plant-to-Watershed Simulator)
2027-03-01,2027,3,WS_Cedar_01,WS_Cedar_01_HRU1,47.2,5.93,13.62,29.43,41.2,29.0,0.0,0.1,0.0,0.0,10.46,6.33,10.72,5.83,0.0,SSP5-8.5,+2C_Warming,True,DEMO / SYNTHETIC DATA (Plant-to-Watershed Simulator)
2027-03-01,2027,3,WS_Cedar_01,WS_Cedar_01_HRU2,23.7,3.98,11.59,35.63,22.6,24.2,0.0,0.1,0.0,0.0,3.44,3.98,3.31,4.23,0.0,SSP2-4.5,Baseline,True,DEMO / SYNTHETIC DATA (Plant-to-Watershed Simulator)
2027-03-01,2027,3,WS_Cedar_01,WS_Cedar_01_HRU2,20.8,7.28,11.59,34.03,20.3,29.0,0.0,0.1,0.0,0.0,2.8,3.87,2.68,4.11,0.0,SSP5-8.5,+2C_Warming,True,DEMO / SYNTHETIC DATA (Plant-to-Watershed Simulator)
2027-03-01,2027,3,WS_Cedar_01,WS_Cedar_01_HRU3,47.0,7.18,10.12,20.77,44.1,27.4,0.0,0.1,0.0,0.0,6.34,5.29,6.44,4.7,0.0,SSP2-4.5,Baseline,True,DEMO / SYNTHETIC DATA (Plant-to-Watershed Simulator)
2027-03-01,2027,3,WS_Cedar_01,WS_Cedar_01_HRU3,41.1,10.48,10.12,19.17,39.6,32.2,0.0,0.1,0.0,0.0,4.87,5.03,4.99,4.42,0.0,SSP5-8.5,+2C_Warming,True,DEMO / SYNTHETIC DATA (Plant-to-Watershed Simulator)
2027-03-01,2027,3,WS_Iowa_03,WS_Iowa_03_HRU1,42.2,2.91,10.96,31.77,38.0,22.0,0.0,0.1,0.0,0.0,7.11,10.6,6.57,8.75,0.0,SSP2-4.5,Baseline,True,DEMO / SYNTHETIC DATA (Plant-to-Watershed Simulator)
2027-03-01,2027,3,WS_Iowa_03,WS_Iowa_03_HRU1,37.0,6.21,10.96,30.17,34.4,26.8,0.0,0.1,0.0,0.0,5.5,10.15,4.98,8.25,0.0,SSP5-8.5,+2C_Warming,True,DEMO / SYNTHETIC DATA (Plant-to-Watershed Simulator)
2027-03-01,2027,3,WS_Iowa_03,WS_Iowa_03_HRU2,15.2,4.06,10.51,35.93,15.2,23.3,0.0,0.1,0.0,0.0,1.5,8.34,1.59,7.69,0.0,SSP2-4.5,Baseline,True,DEMO / SYNTHETIC DATA (Plant-to-Watershed Simulator)
2027-03-01,2027,3,WS_Iowa_03,WS_Iowa_03_HRU2,13.3,7.36,10.51,33.0,13.3,27.0,0.0,0.1,0.0,0.0,1.5,8.34,1.6,7.69,0.0,SSP5-8.5,+2C_Warming,True,DEMO / SYNTHETIC DATA (Plant-to-Watershed Simulator)
2027-03-01,2027,3,WS_Iowa_03,WS_Iowa_03_HRU3,16.8,2.11,12.0,22.6,16.8,21.9,0.0,0.1,0.0,0.0,1.5,7.14,2.23,7.6,0.0,SSP2-4.5,Baseline,True,DEMO / SYNTHETIC DATA (Plant-to-Watershed Simulator)
2027-03-01,2027,3,WS_Iowa_03,WS_Iowa_03_HRU3,14.7,5.41,12.0,21.0,14.7,26.7,0.0,0.1,0.0,0.0,1.5,7.14,2.24,7.6,0.0,SSP5-8.5,+2C_Warming,True,DEMO / SYNTHETIC DATA (Plant-to-Watershed Simulator)
2027-03-01,2027,3,WS_Raccoon_02,WS_Raccoon_02_HRU1,11.8,5.71,10.89,30.43,11.8,26.0,0.0,0.1,0.0,0.0,1.5,6.06,0.9,5.82,0.0,SSP2-4.5,Baseline,True,DEMO / SYNTHETIC DATA (Plant-to-Watershed Simulator)
2027-03-01,2027,3,WS_Raccoon_02,WS_Raccoon_02_HRU1,10.3,9.01,10.89,24.53,10.3,26.2,0.0,0.1,0.0,0.0,1.5,6.06,0.91,5.82,0.0,SSP5-8.5,+2C_Warming,True,DEMO / SYNTHETIC DATA (Plant-to-Watershed Simulator)
2027-03-01,2027,3,WS_Raccoon_02,WS_Raccoon_02_HRU2,82.9,4.39,7.88,36.63,49.4,21.2,0.0,0.1,0.0,0.0,31.69,13.21,31.09,13.13,0.0,SSP2-4.5,Baseline,True,DEMO / SYNTHETIC DATA (Plant-to-Watershed Simulator)
2027-03-01,2027,3,WS_Raccoon_02,WS_Raccoon_02_HRU2,72.7,7.69,7.88,35.03,46.5,26.0,0.0,0.1,0.0,0.0,25.38,11.77,24.79,11.54,0.0,SSP5-8.5,+2C_Warming,True,DEMO / SYNTHETIC DATA (Plant-to-Watershed Simulator)
2027-03-01,2027,3,WS_Raccoon_02,WS_Raccoon_02_HRU3,25.8,2.93,10.47,22.7,25.8,21.6,0.0,0.1,0.0,0.0,2.55,6.57,2.71,5.9,0.0,SSP2-4.5,Baseline,True,DEMO / SYNTHETIC DATA (Plant-to-Watershed Simulator)
2027-03-01,2027,3,WS_Raccoon_02,WS_Raccoon_02_HRU3,22.6,6.23,10.47,21.1,22.6,26.4,0.0,0.1,0.0,0.0,2.29,6.51,2.47,5.84,0.0,SSP5-8.5,+2C_Warming,True,DEMO / SYNTHETIC DATA (Plant-to-Watershed Simulator)
2027-04-01,2027,4,WS_Cedar_01,WS_Cedar_01_HRU1,63.6,12.36,14.25,27.43,50.1,35.0,0.0,0.1,0.0,0.0,14.25,6.39,14.27,6.76,0.0,SSP2-4.5,Baseline,True,DEMO / SYNTHETIC DATA (Plant-to-Watershed Simulator)
2027-04-01,2027,4,WS_Cedar_01,WS_Cedar_01_HRU1,55.8,15.66,14.25,27.43,46.2,35.0,0.0,0.1,0.0,0.0,10.74,5.79,10.78,6.1,0.0,SSP5-8.5,+2C_Warming,True,DEMO / SYNTHETIC DATA (Plant-to-Watershed Simulator)
2027-04-01,2027,4,WS_Cedar_01,WS_Cedar_01_HRU2,62.0,9.17,14.96,32.03,43.0,35.0,0.0,0.1,0.0,0.0,21.37,7.4,22.21,8.21,0.0,SSP2-4.5,Baseline,True,DEMO / SYNTHETIC DATA (Plant-to-Watershed Simulator)
2027-04-01,2027,4,WS_Cedar_01,WS_Cedar_01_HRU2,54.3,12.47,14.96,32.03,40.0,35.0,0.0,0.1,0.0,0.0,17.21,6.69,18.07,7.43,0.0,SSP5-8.5,+2C_Warming,True,DEMO / SYNTHETIC DATA (Plant-to-Watershed Simulator)
2027-04-01,2027,4,WS_Cedar_01,WS_Cedar_01_HRU3,26.0,10.37,14.71,17.77,26.0,35.0,0.0,0.1,0.0,0.0,1.5,4.46,0.69,3.28,0.0,SSP2-4.5,Baseline,True,DEMO / SYNTHETIC DATA (Plant-to-Watershed Simulator)
2027-04-01,2027,4,WS_Cedar_01,WS_Cedar_01_HRU3,22.8,13.67,14.71,15.1,22.8,35.0,0.0,0.1,0.0,0.0,1.5,4.46,0.71,3.29,0.0,SSP5-8.5,+2C_Warming,True,DEMO / SYNTHETIC DATA (Plant-to-Watershed Simulator)
2027-04-01,2027,4,WS_Iowa_03,WS_Iowa_03_HRU1,24.1,13.94,14.57,27.43,23.9,35.0,0.0,0.1,0.0,0.0,2.67,8.07,3.83,8.78,0.0,SSP2-4.5,Baseline,True,DEMO / SYNTHETIC DATA (Plant-to-Watershed Simulator)
2027-04-01,2027,4,WS_Iowa_03,WS_Iowa_03_HRU1,21.1,17.24,14.57,25.53,21.1,35.0,0.0,0.1,0.0,0.0,2.31,7.97,3.49,8.68,0.0,SSP5-8.5,+2C_Warming,True,DEMO / SYNTHETIC DATA (Plant-to-Watershed Simulator)
2027-04-01,2027,4,WS_Iowa_03,WS_Iowa_03_HRU2,5.0,10.84,15.17,26.8,5.0,32.4,0.0,0.1,0.0,0.0,1.5,8.3,1.82,7.55,0.0,SSP2-4.5,Baseline,True,DEMO / SYNTHETIC DATA (Plant-to-Watershed Simulator)
2027-04-01,2027,4,WS_Iowa_03,WS_Iowa_03_HRU2,5.0,14.14,15.17,23.47,5.0,33.6,0.0,0.1,0.0,0.0,1.5,8.3,1.82,7.55,0.0,SSP5-8.5,+2C_Warming,True,DEMO / SYNTHETIC DATA (Plant-to-Watershed Simulator)
2027-04-01,2027,4,WS_Iowa_03,WS_Iowa_03_HRU3,60.8,13.58,14.09,18.23,53.6,35.0,0.0,0.1,0.0,0.0,9.85,10.28,9.61,10.55,0.0,SSP2-4.5,Baseline,True,DEMO / SYNTHETIC DATA (Plant-to-Watershed Simulator)
2027-04-01,2027,4,WS_Iowa_03,WS_Iowa_03_HRU3,53.3,16.88,14.09,18.23,48.6,35.0,0.0,0.1,0.0,0.0,7.31,9.55,7.1,9.76,0.0,SSP5-8.5,+2C_Warming,True,DEMO / SYNTHETIC DATA (Plant-to-Watershed Simulator)
2027-04-01,2027,4,WS_Raccoon_02,WS_Raccoon_02_HRU1,9.3,11.86,17.28,21.87,9.3,35.0,0.0,0.1,0.0,0.0,1.5,5.86,0.54,5.11,0.0,SSP2-4.5,Baseline,True,DEMO / SYNTHETIC DATA (Plant-to-Watershed Simulator)
2027-04-01,2027,4,WS_Raccoon_02,WS_Raccoon_02_HRU1,8.2,15.16,17.28,16.6,8.2,32.0,0.0,0.1,0.0,0.0,1.5,5.86,0.54,5.11,0.0,SSP5-8.5,+2C_Warming,True,DEMO / SYNTHETIC DATA (Plant-to-Watershed Simulator)
2027-04-01,2027,4,WS_Raccoon_02,WS_Raccoon_02_HRU2,37.3,13.87,15.55,32.03,31.7,35.0,0.0,0.1,0.0,0.0,8.24,7.91,8.36,7.63,0.0,SSP2-4.5,Baseline,True,DEMO / SYNTHETIC DATA (Plant-to-Watershed Simulator)
2027-04-01,2027,4,WS_Raccoon_02,WS_Raccoon_02_HRU2,32.7,17.17,15.55,32.03,29.0,35.0,0.0,0.1,0.0,0.0,6.5,7.51,6.63,7.2,0.0,SSP5-8.5,+2C_Warming,True,DEMO / SYNTHETIC DATA (Plant-to-Watershed Simulator)
2027-04-01,2027,4,WS_Raccoon_02,WS_Raccoon_02_HRU3,26.4,10.68,13.99,18.23,26.4,35.0,0.0,0.1,0.0,0.0,1.5,6.36,2.09,5.85,0.0,SSP2-4.5,Baseline,True,DEMO / SYNTHETIC DATA (Plant-to-Watershed Simulator)
2027-04-01,2027,4,WS_Raccoon_02,WS_Raccoon_02_HRU3,23.2,13.98,13.99,17.17,23.2,35.0,0.0,0.1,0.0,0.0,1.5,6.36,2.1,5.85,0.0,SSP5-8.5,+2C_Warming,True,DEMO / SYNTHETIC DATA (Plant-to-Watershed Simulator)
2027-05-01,2027,5,WS_Cedar_01,WS_Cedar_01_HRU1,62.3,17.9,19.63,25.53,49.5,40.7,0.1,0.2,5.7,0.0,15.72,7.19,15.3,7.19,0.0,SSP2-4.5,Baseline,True,DEMO / SYNTHETIC DATA (Plant-to-Watershed Simulator)
2027-05-01,2027,5,WS_Cedar_01,WS_Cedar_01_HRU1,54.6,21.2,19.63,25.37,45.5,41.2,0.1,0.2,6.2,0.0,12.32,6.61,11.97,6.56,0.0,SSP5-8.5,+2C_Warming,True,DEMO / SYNTHETIC DATA (Plant-to-Watershed Simulator)
2027-05-01,2027,5,WS_Cedar_01,WS_Cedar_01_HRU2,102.0,18.86,20.42,30.03,53.8,41.0,0.1,0.2,6.0,0.0,45.72,11.29,44.75,12.58,0.0,SSP2-4.5,Baseline,True,DEMO / SYNTHETIC DATA (Plant-to-Watershed Simulator)
2027-05-01,2027,5,WS_Cedar_01,WS_Cedar_01_HRU2,89.4,22.16,20.42,29.87,51.0,41.5,0.1,0.2,6.5,0.0,37.34,9.86,36.44,11.01,0.0,SSP5-8.5,+2C_Warming,True,DEMO / SYNTHETIC DATA (Plant-to-Watershed Simulator)
2027-05-01,2027,5,WS_Cedar_01,WS_Cedar_01_HRU3,220.0,20.28,19.55,16.2,104.3,41.1,0.1,0.2,6.1,0.0,103.92,21.96,101.96,23.42,0.0,SSP2-4.5,Baseline,True,DEMO / SYNTHETIC DATA (Plant-to-Watershed Simulator)
2027-05-01,2027,5,WS_Cedar_01,WS_Cedar_01_HRU3,192.7,23.58,19.55,16.03,99.4,41.6,0.1,0.2,6.6,0.0,84.9,18.7,83.09,19.85,0.0,SSP5-8.5,+2C_Warming,True,DEMO / SYNTHETIC DATA (Plant-to-Watershed Simulator)
2027-05-01,2027,5,WS_Iowa_03,WS_Iowa_03_HRU1,122.2,20.02,19.47,23.33,70.0,47.3,0.21,0.2,12.3,0.0,49.04,21.26,47.61,22.46,0.0,SSP2-4.5,Baseline,True,DEMO / SYNTHETIC DATA (Plant-to-Watershed Simulator)
2027-05-01,2027,5,WS_Iowa_03,WS_Iowa_03_HRU1,107.1,23.32,19.47,23.0,66.1,48.3,0.21,0.2,13.3,0.0,39.46,18.53,38.18,19.49,0.0,SSP5-8.5,+2C_Warming,True,DEMO / SYNTHETIC DATA (Plant-to-Watershed Simulator)
2027-05-01,2027,5,WS_Iowa_03,WS_Iowa_03_HRU2,60.3,16.84,20.45,27.37,42.3,40.6,0.1,0.2,5.6,0.0,18.99,13.33,18.79,13.04,0.0,SSP2-4.5,Baseline,True,DEMO / SYNTHETIC DATA (Plant-to-Watershed Simulator)
2027-05-01,2027,5,WS_Iowa_03,WS_Iowa_03_HRU2,52.8,20.14,20.45,22.87,39.4,41.2,0.1,0.2,6.2,0.0,14.99,12.19,14.84,11.79,0.0,SSP5-8.5,+2C_Warming,True,DEMO / SYNTHETIC DATA (Plant-to-Watershed Simulator)
2027-05-01,2027,5,WS_Iowa_03,WS_Iowa_03_HRU3,69.8,20.1,20.41,16.17,58.9,41.2,0.1,0.2,6.2,0.0,13.09,11.11,12.77,11.59,0.0,SSP2-4.5,Baseline,True,DEMO / SYNTHETIC DATA (Plant-to-Watershed Simulator)
2027-05-01,2027,5,WS_Iowa_03,WS_Iowa_03_HRU3,61.1,23.4,20.41,16.0,53.7,41.7,0.1,0.2,6.7,0.0,9.73,10.15,9.49,10.56,0.0,SSP5-8.5,+2C_Warming,True,DEMO / SYNTHETIC DATA (Plant-to-Watershed Simulator)
2027-05-01,2027,5,WS_Raccoon_02,WS_Raccoon_02_HRU1,85.5,17.32,19.86,24.83,59.2,42.8,0.14,0.2,7.8,0.0,25.89,11.76,24.67,11.51,0.0,SSP2-4.5,Baseline,True,DEMO / SYNTHETIC DATA (Plant-to-Watershed Simulator)
2027-05-01,2027,5,WS_Raccoon_02,WS_Raccoon_02_HRU1,74.9,20.62,19.86,20.47,55.1,43.5,0.14,0.2,8.5,0.0,20.16,10.45,19.02,10.09,0.0,SSP5-8.5,+2C_Warming,True,DEMO / SYNTHETIC DATA (Plant-to-Watershed Simulator)
2027-05-01,2027,5,WS_Raccoon_02,WS_Raccoon_02_HRU2,51.7,19.71,18.96,30.07,38.9,40.9,0.1,0.2,5.9,0.0,14.04,9.56,12.93,8.68,0.0,SSP2-4.5,Baseline,True,DEMO / SYNTHETIC DATA (Plant-to-Watershed Simulator)
2027-05-01,2027,5,WS_Raccoon_02,WS_Raccoon_02_HRU2,45.3,23.01,18.96,29.87,36.0,41.5,0.1,0.2,6.5,0.0,10.93,8.85,9.87,7.91,0.0,SSP5-8.5,+2C_Warming,True,DEMO / SYNTHETIC DATA (Plant-to-Watershed Simulator)
2027-05-01,2027,5,WS_Raccoon_02,WS_Raccoon_02_HRU3,19.3,20.39,18.55,10.6,19.3,42.2,0.12,0.2,7.2,0.0,1.51,5.88,0.84,5.7,0.0,SSP2-4.5,Baseline,True,DEMO / SYNTHETIC DATA (Plant-to-Watershed Simulator)
2027-05-01,2027,5,WS_Raccoon_02,WS_Raccoon_02_HRU3,16.9,23.69,18.55,8.53,16.9,42.8,0.12,0.2,7.8,0.0,1.5,5.88,0.86,5.71,0.0,SSP5-8.5,+2C_Warming,True,DEMO / SYNTHETIC DATA (Plant-to-Watershed Simulator)
2027-06-01,2027,6,WS_Cedar_01,WS_Cedar_01_HRU1,232.8,23.57,23.88,9.8,87.2,112.2,1.89,0.5,77.2,0.063,128.72,25.64,114.3,24.43,0.0,SSP2-4.5,Baseline,True,DEMO / SYNTHETIC DATA (Plant-to-Watershed Simulator)
2027-06-01,2027,6,WS_Cedar_01,WS_Cedar_01_HRU1,204.0,26.87,23.88,9.8,84.1,117.9,1.89,0.5,82.9,0.063,107.21,21.96,94.87,20.76,0.0,SSP5-8.5,+2C_Warming,True,DEMO / SYNTHETIC DATA (Plant-to-Watershed Simulator)
2027-06-01,2027,6,WS_Cedar_01,WS_Cedar_01_HRU2,150.5,25.74,23.1,14.0,61.3,119.9,2.12,0.5,84.9,0.064,78.88,16.82,69.21,16.94,0.0,SSP2-4.5,Baseline,True,DEMO / SYNTHETIC DATA (Plant-to-Watershed Simulator)
2027-06-01,2027,6,WS_Cedar_01,WS_Cedar_01_HRU2,131.9,29.04,23.1,14.0,58.8,125.9,2.12,0.5,90.9,0.064,65.26,14.5,57.07,14.65,0.0,SSP5-8.5,+2C_Warming,True,DEMO / SYNTHETIC DATA (Plant-to-Watershed Simulator)
2027-06-01,2027,6,WS_Cedar_01,WS_Cedar_01_HRU3,136.1,26.41,22.15,6.3,85.9,114.6,1.88,0.5,79.6,0.066,47.45,12.13,40.63,11.8,0.0,SSP2-4.5,Baseline,True,DEMO / SYNTHETIC DATA (Plant-to-Watershed Simulator)
2027-06-01,2027,6,WS_Cedar_01,WS_Cedar_01_HRU3,119.2,29.71,22.15,6.3,80.5,120.3,1.88,0.5,85.3,0.066,37.45,10.42,31.7,10.12,0.0,SSP5-8.5,+2C_Warming,True,DEMO / SYNTHETIC DATA (Plant-to-Watershed Simulator)
2027-06-01,2027,6,WS_Iowa_03,WS_Iowa_03_HRU1,79.5,24.4,24.73,9.8,57.0,112.1,1.79,0.5,77.1,0.065,25.03,15.64,20.97,13.97,0.0,SSP2-4.5,Baseline,True,DEMO / SYNTHETIC DATA (Plant-to-Watershed Simulator)
2027-06-01,2027,6,WS_Iowa_03,WS_Iowa_03_HRU1,69.7,27.7,24.73,9.8,52.9,117.7,1.79,0.5,82.7,0.065,19.94,14.19,16.44,12.55,0.0,SSP5-8.5,+2C_Warming,True,DEMO / SYNTHETIC DATA (Plant-to-Watershed Simulator)
2027-06-01,2027,6,WS_Iowa_03,WS_Iowa_03_HRU2,94.6,27.2,21.68,14.0,52.2,125.4,2.24,0.5,90.4,0.04,40.97,18.71,35.34,18.13,0.0,SSP2-4.5,Baseline,True,DEMO / SYNTHETIC DATA (Plant-to-Watershed Simulator)
2027-06-01,2027,6,WS_Iowa_03,WS_Iowa_03_HRU2,82.9,30.5,21.68,14.0,49.4,131.8,2.24,0.5,96.8,0.04,33.37,16.55,28.66,16.03,0.0,SSP5-8.5,+2C_Warming,True,DEMO / SYNTHETIC DATA (Plant-to-Watershed Simulator)
2027-06-01,2027,6,WS_Iowa_03,WS_Iowa_03_HRU3,84.1,25.15,22.96,6.3,66.3,113.7,1.97,0.5,78.7,0.085,20.78,12.71,17.0,12.48,0.0,SSP2-4.5,Baseline,True,DEMO / SYNTHETIC DATA (Plant-to-Watershed Simulator)
2027-06-01,2027,6,WS_Iowa_03,WS_Iowa_03_HRU3,73.7,28.45,22.96,6.3,61.0,119.4,1.97,0.5,84.4,0.085,16.11,11.38,12.94,11.2,0.0,SSP5-8.5,+2C_Warming,True,DEMO / SYNTHETIC DATA (Plant-to-Watershed Simulator)
2027-06-01,2027,6,WS_Raccoon_02,WS_Raccoon_02_HRU1,63.2,26.07,19.71,9.8,49.9,117.0,1.97,0.5,82.0,0.02,14.85,9.22,11.86,8.3,0.0,SSP2-4.5,Baseline,True,DEMO / SYNTHETIC DATA (Plant-to-Watershed Simulator)
2027-06-01,2027,6,WS_Raccoon_02,WS_Raccoon_02_HRU1,55.3,29.37,19.71,9.8,45.9,123.1,1.97,0.5,88.1,0.02,11.32,8.41,8.78,7.53,0.0,SSP5-8.5,+2C_Warming,True,DEMO / SYNTHETIC DATA (Plant-to-Watershed Simulator)
2027-06-01,2027,6,WS_Raccoon_02,WS_Raccoon_02_HRU2,56.5,23.88,23.63,14.0,40.9,115.9,2.09,0.5,80.9,0.071,14.6,9.61,12.1,8.45,0.0,SSP2-4.5,Baseline,True,DEMO / SYNTHETIC DATA (Plant-to-Watershed Simulator)
2027-06-01,2027,6,WS_Raccoon_02,WS_Raccoon_02_HRU2,49.5,27.18,23.63,14.0,37.9,121.9,2.09,0.5,86.9,0.071,11.01,8.8,8.96,7.66,0.0,SSP5-8.5,+2C_Warming,True,DEMO / SYNTHETIC DATA (Plant-to-Watershed Simulator)
2027-06-01,2027,6,WS_Raccoon_02,WS_Raccoon_02_HRU3,210.3,26.89,22.11,6.3,102.7,110.5,1.59,0.5,75.5,0.035,96.92,28.45,86.22,27.35,0.0,SSP2-4.5,Baseline,True,DEMO / SYNTHETIC DATA (Plant-to-Watershed Simulator)
2027-06-01,2027,6,WS_Raccoon_02,WS_Raccoon_02_HRU3,184.3,30.19,22.11,6.3,97.8,115.9,1.59,0.5,80.9,0.035,79.01,24.37,69.84,23.22,0.0,SSP5-8.5,+2C_Warming,True,DEMO / SYNTHETIC DATA (Plant-to-Watershed Simulator)
2027-07-01,2027,7,WS_Cedar_01,WS_Cedar_01_HRU1,96.7,26.16,22.0,9.8,63.0,143.1,4.98,0.9,108.1,0.09,32.85,9.43,22.42,8.74,0.0,SSP2-4.5,Baseline,True,DEMO / SYNTHETIC DATA (Plant-to-Watershed Simulator)
2027-07-01,2027,7,WS_Cedar_01,WS_Cedar_01_HRU1,84.7,29.46,22.0,9.8,58.9,150.9,4.98,0.9,115.9,0.09,25.94,8.25,17.24,7.76,0.0,SSP5-8.5,+2C_Warming,True,DEMO / SYNTHETIC DATA (Plant-to-Watershed Simulator)
2027-07-01,2027,7,WS_Cedar_01,WS_Cedar_01_HRU2,52.1,28.11,24.04,14.0,39.1,110.1,4.72,0.9,75.1,0.405,13.85,6.18,9.32,5.14,0.0,SSP2-4.5,Baseline,True,DEMO / SYNTHETIC DATA (Plant-to-Watershed Simulator)
2027-07-01,2027,7,WS_Cedar_01,WS_Cedar_01_HRU2,45.6,31.41,24.04,14.0,36.1,102.6,4.72,0.9,67.6,0.498,10.68,5.64,7.01,4.7,0.0,SSP5-8.5,+2C_Warming,True,DEMO / SYNTHETIC DATA (Plant-to-Watershed Simulator)
2027-07-01,2027,7,WS_Cedar_01,WS_Cedar_01_HRU3,109.2,28.41,24.48,6.3,77.0,154.0,4.65,0.9,119.0,0.066,29.88,9.14,19.12,7.12,0.0,SSP2-4.5,Baseline,True,DEMO / SYNTHETIC DATA (Plant-to-Watershed Simulator)
2027-07-01,2027,7,WS_Cedar_01,WS_Cedar_01_HRU3,95.7,31.71,24.48,6.3,71.6,161.9,4.65,0.9,126.9,0.066,22.72,7.91,13.82,6.11,0.0,SSP5-8.5,+2C_Warming,True,DEMO / SYNTHETIC DATA (Plant-to-Watershed Simulator)
2027-07-01,2027,7,WS_Iowa_03,WS_Iowa_03_HRU1,122.4,28.55,23.38,9.8,70.1,158.5,4.83,0.9,123.5,0.026,48.9,21.34,36.12,18.76,0.0,SSP2-4.5,Baseline,True,DEMO / SYNTHETIC DATA (Plant-to-Watershed Simulator)
2027-07-01,2027,7,WS_Iowa_03,WS_Iowa_03_HRU1,107.2,31.85,23.38,9.8,66.1,166.7,4.83,0.9,131.7,0.026,39.25,18.59,28.8,16.45,0.0,SSP5-8.5,+2C_Warming,True,DEMO / SYNTHETIC DATA (Plant-to-Watershed Simulator)
2027-07-01,2027,7,WS_Iowa_03,WS_Iowa_03_HRU2,123.8,25.58,23.36,14.0,57.6,152.0,5.0,0.9,117.0,0.023,56.42,23.7,41.62,20.03,0.0,SSP2-4.5,Baseline,True,DEMO / SYNTHETIC DATA (Plant-to-Watershed Simulator)
2027-07-01,2027,7,WS_Iowa_03,WS_Iowa_03_HRU2,108.5,28.88,23.36,14.0,55.0,160.3,5.0,0.9,125.3,0.023,45.69,20.65,33.38,17.43,0.0,SSP5-8.5,+2C_Warming,True,DEMO / SYNTHETIC DATA (Plant-to-Watershed Simulator)
2027-07-01,2027,7,WS_Iowa_03,WS_Iowa_03_HRU3,131.2,25.79,24.88,6.3,84.4,146.3,4.8,0.9,111.3,0.088,45.92,20.22,30.68,16.42,0.0,SSP2-4.5,Baseline,True,DEMO / SYNTHETIC DATA (Plant-to-Watershed Simulator)
2027-07-01,2027,7,WS_Iowa_03,WS_Iowa_03_HRU3,115.0,29.09,24.88,6.3,79.1,154.1,4.8,0.9,119.1,0.088,36.49,17.54,23.59,14.19,0.0,SSP5-8.5,+2C_Warming,True,DEMO / SYNTHETIC DATA (Plant-to-Watershed Simulator)
2027-07-01,2027,7,WS_Raccoon_02,WS_Raccoon_02_HRU1,138.2,27.95,24.91,9.8,73.6,154.1,4.49,0.9,119.1,0.056,60.4,19.72,43.74,16.55,0.0,SSP2-4.5,Baseline,True,DEMO / SYNTHETIC DATA (Plant-to-Watershed Simulator)
2027-07-01,2027,7,WS_Raccoon_02,WS_Raccoon_02_HRU1,121.1,31.25,24.91,9.8,69.8,162.0,4.49,0.9,127.0,0.056,49.09,17.15,35.11,14.38,0.0,SSP5-8.5,+2C_Warming,True,DEMO / SYNTHETIC DATA (Plant-to-Watershed Simulator)
2027-07-01,2027,7,WS_Raccoon_02,WS_Raccoon_02_HRU2,36.5,27.92,23.99,14.0,31.3,96.5,4.94,0.9,61.5,0.514,8.31,7.35,4.46,6.59,0.0,SSP2-4.5,Baseline,True,DEMO / SYNTHETIC DATA (Plant-to-Watershed Simulator)
2027-07-01,2027,7,WS_Raccoon_02,WS_Raccoon_02_HRU2,32.0,31.22,23.99,14.0,28.5,89.1,4.94,0.9,54.1,0.6,6.64,6.97,3.3,6.3,0.0,SSP5-8.5,+2C_Warming,True,DEMO / SYNTHETIC DATA (Plant-to-Watershed Simulator)
2027-07-01,2027,7,WS_Raccoon_02,WS_Raccoon_02_HRU3,27.6,27.91,23.53,6.3,27.6,119.1,4.88,0.9,84.1,0.33,2.22,6.33,0.5,6.0,0.0,SSP2-4.5,Baseline,True,DEMO / SYNTHETIC DATA (Plant-to-Watershed Simulator)
2027-07-01,2027,7,WS_Raccoon_02,WS_Raccoon_02_HRU3,24.1,31.21,23.53,6.3,24.1,109.4,4.88,0.9,74.4,0.445,1.93,6.26,0.5,6.0,0.0,SSP5-8.5,+2C_Warming,True,DEMO / SYNTHETIC DATA (Plant-to-Watershed Simulator)
2027-08-01,2027,8,WS_Cedar_01,WS_Cedar_01_HRU1,157.0,26.16,22.6,9.8,77.2,147.3,4.66,1.2,112.3,0.052,71.95,16.35,51.22,13.96,0.0,SSP2-4.5,Baseline,True,DEMO / SYNTHETIC DATA (Plant-to-Watershed Simulator)
2027-08-01,2027,8,WS_Cedar_01,WS_Cedar_01_HRU1,137.6,29.46,22.6,9.8,73.5,155.4,4.66,1.2,120.4,0.052,58.63,14.07,41.09,12.04,0.0,SSP5-8.5,+2C_Warming,True,DEMO / SYNTHETIC DATA (Plant-to-Watershed Simulator)
2027-08-01,2027,8,WS_Cedar_01,WS_Cedar_01_HRU2,55.4,26.31,23.89,14.0,40.4,121.5,4.72,1.2,86.5,0.287,17.39,7.05,11.41,5.51,0.0,SSP2-4.5,Baseline,True,DEMO / SYNTHETIC DATA (Plant-to-Watershed Simulator)
2027-08-01,2027,8,WS_Cedar_01,WS_Cedar_01_HRU2,48.5,29.61,23.89,14.0,37.5,116.0,4.72,1.2,81.0,0.376,13.89,6.45,8.88,5.03,0.0,SSP5-8.5,+2C_Warming,True,DEMO / SYNTHETIC DATA (Plant-to-Watershed Simulator)
2027-08-01,2027,8,WS_Cedar_01,WS_Cedar_01_HRU3,103.9,26.32,22.44,6.3,74.9,150.0,4.45,1.2,115.0,0.022,29.86,8.62,18.59,7.77,0.0,SSP2-4.5,Baseline,True,DEMO / SYNTHETIC DATA (Plant-to-Watershed Simulator)
2027-08-01,2027,8,WS_Cedar_01,WS_Cedar_01_HRU3,91.0,29.62,22.44,6.3,69.5,158.2,4.45,1.2,123.2,0.022,23.22,7.49,13.76,6.86,0.0,SSP5-8.5,+2C_Warming,True,DEMO / SYNTHETIC DATA (Plant-to-Watershed Simulator)
2027-08-01,2027,8,WS_Iowa_03,WS_Iowa_03_HRU1,128.1,25.84,21.55,9.8,71.4,138.3,4.69,1.2,103.3,0.11,51.76,22.13,35.39,18.62,0.0,SSP2-4.5,Baseline,True,DEMO / SYNTHETIC DATA (Plant-to-Watershed Simulator)
2027-08-01,2027,8,WS_Iowa_03,WS_Iowa_03_HRU1,112.2,29.14,21.55,9.8,67.5,145.8,4.69,1.2,110.8,0.11,41.5,19.21,27.65,16.18,0.0,SSP5-8.5,+2C_Warming,True,DEMO / SYNTHETIC DATA (Plant-to-Watershed Simulator)
2027-08-01,2027,8,WS_Iowa_03,WS_Iowa_03_HRU2,55.6,26.83,22.19,14.0,40.5,115.9,4.89,1.2,80.9,0.329,14.35,11.76,8.82,10.46,0.0,SSP2-4.5,Baseline,True,DEMO / SYNTHETIC DATA (Plant-to-Watershed Simulator)
2027-08-01,2027,8,WS_Iowa_03,WS_Iowa_03_HRU2,48.7,30.13,22.19,14.0,37.6,110.1,4.89,1.2,75.1,0.418,10.84,10.76,6.28,9.66,0.0,SSP5-8.5,+2C_Warming,True,DEMO / SYNTHETIC DATA (Plant-to-Watershed Simulator)
2027-08-01,2027,8,WS_Iowa_03,WS_Iowa_03_HRU3,177.6,26.55,24.58,6.3,96.4,149.1,4.59,1.2,114.1,0.069,74.09,28.58,51.41,23.17,0.0,SSP2-4.5,Baseline,True,DEMO / SYNTHETIC DATA (Plant-to-Watershed Simulator)
2027-08-01,2027,8,WS_Iowa_03,WS_Iowa_03_HRU3,155.6,29.85,24.58,6.3,91.2,156.9,4.59,1.2,121.9,0.069,59.68,24.47,40.53,19.75,0.0,SSP5-8.5,+2C_Warming,True,DEMO / SYNTHETIC DATA (Plant-to-Watershed Simulator)
2027-08-01,2027,8,WS_Raccoon_02,WS_Raccoon_02_HRU1,35.3,24.44,21.59,9.8,33.2,97.7,4.67,1.2,63.8,0.432,4.6,6.44,2.07,5.77,0.0,SSP2-4.5,Baseline,True,DEMO / SYNTHETIC DATA (Plant-to-Watershed Simulator)
2027-08-01,2027,8,WS_Raccoon_02,WS_Raccoon_02_HRU1,31.0,27.74,21.59,9.8,29.9,92.0,4.67,1.2,57.5,0.524,3.53,6.19,1.46,5.62,0.0,SSP5-8.5,+2C_Warming,True,DEMO / SYNTHETIC DATA (Plant-to-Watershed Simulator)
2027-08-01,2027,8,WS_Raccoon_02,WS_Raccoon_02_HRU2,158.6,24.5,21.02,14.0,62.2,142.6,4.94,1.2,107.6,0.045,84.33,25.09,61.81,21.42,0.0,SSP2-4.5,Baseline,True,DEMO / SYNTHETIC DATA (Plant-to-Watershed Simulator)
2027-08-01,2027,8,WS_Raccoon_02,WS_Raccoon_02_HRU2,139.0,27.8,21.02,14.0,59.8,150.8,4.94,1.2,115.8,0.045,69.84,21.79,50.68,18.62,0.0,SSP5-8.5,+2C_Warming,True,DEMO / SYNTHETIC DATA (Plant-to-Watershed Simulator)
2027-08-01,2027,8,WS_Raccoon_02,WS_Raccoon_02_HRU3,39.2,25.23,22.0,6.3,38.0,145.6,4.67,1.2,110.6,0.039,2.2,6.6,0.5,5.3,0.0,SSP2-4.5,Baseline,True,DEMO / SYNTHETIC DATA (Plant-to-Watershed Simulator)
2027-08-01,2027,8,WS_Raccoon_02,WS_Raccoon_02_HRU3,34.4,28.53,22.0,6.3,33.9,137.2,4.67,1.2,102.2,0.173,1.5,6.44,0.5,5.3,0.0,SSP5-8.5,+2C_Warming,True,DEMO / SYNTHETIC DATA (Plant-to-Watershed Simulator)
2027-09-01,2027,9,WS_Cedar_01,WS_Cedar_01_HRU1,192.4,17.84,16.91,9.8,82.6,98.0,2.06,1.33,63.0,0.047,97.17,20.7,81.64,19.09,0.0,SSP2-4.5,Baseline,True,DEMO / SYNTHETIC DATA (Plant-to-Watershed Simulator)
2027-09-01,2027,9,WS_Cedar_01,WS_Cedar_01_HRU1,168.5,21.14,16.91,9.8,79.1,104.1,2.06,1.33,69.1,0.047,79.94,17.75,66.41,16.21,0.0,SSP5-8.5,+2C_Warming,True,DEMO / SYNTHETIC DATA (Plant-to-Watershed Simulator)
2027-09-01,2027,9,WS_Cedar_01,WS_Cedar_01_HRU2,114.9,20.1,20.11,14.0,56.2,102.2,2.01,1.33,67.2,0.087,52.42,12.76,41.51,11.92,0.0,SSP2-4.5,Baseline,True,DEMO / SYNTHETIC DATA (Plant-to-Watershed Simulator)
2027-09-01,2027,9,WS_Cedar_01,WS_Cedar_01_HRU2,100.7,23.4,20.11,14.0,53.5,108.0,2.01,1.33,73.0,0.087,42.64,11.09,32.89,10.29,0.0,SSP5-8.5,+2C_Warming,True,DEMO / SYNTHETIC DATA (Plant-to-Watershed Simulator)
2027-09-01,2027,9,WS_Cedar_01,WS_Cedar_01_HRU3,66.6,21.53,21.04,6.3,57.1,107.7,1.91,1.33,72.7,0.038,12.05,5.78,6.77,4.89,0.0,SSP2-4.5,Baseline,True,DEMO / SYNTHETIC DATA (Plant-to-Watershed Simulator)
2027-09-01,2027,9,WS_Cedar_01,WS_Cedar_01_HRU3,58.3,24.83,21.04,6.3,52.0,113.6,1.91,1.33,78.6,0.038,8.97,5.25,4.36,4.44,0.0,SSP5-8.5,+2C_Warming,True,DEMO / SYNTHETIC DATA (Plant-to-Watershed Simulator)
2027-09-01,2027,9,WS_Iowa_03,WS_Iowa_03_HRU1,34.7,20.01,18.61,9.8,32.7,64.7,2.05,1.33,36.0,0.502,5.62,8.98,3.33,8.33,0.0,SSP2-4.5,Baseline,True,DEMO / SYNTHETIC DATA (Plant-to-Watershed Simulator)
2027-09-01,2027,9,WS_Iowa_03,WS_Iowa_03_HRU1,30.4,23.31,18.61,9.8,29.4,61.5,2.05,1.33,31.9,0.594,4.58,8.68,2.65,8.12,0.0,SSP5-8.5,+2C_Warming,True,DEMO / SYNTHETIC DATA (Plant-to-Watershed Simulator)
2027-09-01,2027,9,WS_Iowa_03,WS_Iowa_03_HRU2,108.3,21.03,17.02,14.0,55.0,106.2,2.13,1.33,71.2,0.033,48.89,21.94,39.29,19.1,0.0,SSP2-4.5,Baseline,True,DEMO / SYNTHETIC DATA (Plant-to-Watershed Simulator)
2027-09-01,2027,9,WS_Iowa_03,WS_Iowa_03_HRU2,94.9,24.33,17.02,14.0,52.3,112.5,2.13,1.33,77.5,0.033,39.82,19.35,31.37,16.61,0.0,SSP5-8.5,+2C_Warming,True,DEMO / SYNTHETIC DATA (Plant-to-Watershed Simulator)
2027-09-01,2027,9,WS_Iowa_03,WS_Iowa_03_HRU3,94.2,17.98,19.64,6.3,70.9,100.6,2.19,1.33,65.6,0.089,25.64,15.25,17.81,12.69,0.0,SSP2-4.5,Baseline,True,DEMO / SYNTHETIC DATA (Plant-to-Watershed Simulator)
2027-09-01,2027,9,WS_Iowa_03,WS_Iowa_03_HRU3,82.6,21.28,19.64,6.3,65.6,106.6,2.19,1.33,71.6,0.089,20.01,13.64,13.19,11.24,0.0,SSP5-8.5,+2C_Warming,True,DEMO / SYNTHETIC DATA (Plant-to-Watershed Simulator)
2027-09-01,2027,9,WS_Raccoon_02,WS_Raccoon_02_HRU1,92.5,21.15,21.46,9.8,61.6,108.3,1.89,1.33,73.3,0.022,29.23,12.36,22.71,11.39,0.0,SSP2-4.5,Baseline,True,DEMO / SYNTHETIC DATA (Plant-to-Watershed Simulator)
2027-09-01,2027,9,WS_Raccoon_02,WS_Raccoon_02_HRU1,81.1,24.45,21.46,9.8,57.6,114.2,1.89,1.33,79.2,0.022,22.8,10.89,17.18,10.0,0.0,SSP5-8.5,+2C_Warming,True,DEMO / SYNTHETIC DATA (Plant-to-Watershed Simulator)
2027-09-01,2027,9,WS_Raccoon_02,WS_Raccoon_02_HRU2,61.4,21.87,17.66,14.0,42.7,92.4,1.95,1.33,57.4,0.211,18.3,9.31,12.51,8.69,0.0,SSP2-4.5,Baseline,True,DEMO / SYNTHETIC DATA (Plant-to-Watershed Simulator)
2027-09-01,2027,9,WS_Raccoon_02,WS_Raccoon_02_HRU2,53.8,25.17,17.66,14.0,39.8,90.2,1.95,1.33,55.2,0.301,14.21,8.37,9.03,7.81,0.0,SSP5-8.5,+2C_Warming,True,DEMO / SYNTHETIC DATA (Plant-to-Watershed Simulator)
2027-09-01,2027,9,WS_Raccoon_02,WS_Raccoon_02_HRU3,135.1,19.02,19.64,6.3,85.6,99.4,1.93,1.33,64.4,0.073,46.58,16.72,35.75,14.33,0.0,SSP2-4.5,Baseline,True,DEMO / SYNTHETIC DATA (Plant-to-Watershed Simulator)
2027-09-01,2027,9,WS_Raccoon_02,WS_Raccoon_02_HRU3,118.3,22.32,19.64,6.3,80.2,105.1,1.93,1.33,70.1,0.073,36.67,14.46,27.18,12.17,0.0,SSP5-8.5,+2C_Warming,True,DEMO / SYNTHETIC DATA (Plant-to-Watershed Simulator)
2027-10-01,2027,10,WS_Cedar_01,WS_Cedar_01_HRU1,31.8,10.77,16.08,12.03,30.5,23.8,0.1,1.38,4.2,0.0,4.5,5.02,1.58,3.93,13.25,SSP2-4.5,Baseline,True,DEMO / SYNTHETIC DATA (Plant-to-Watershed Simulator)
2027-10-01,2027,10,WS_Cedar_01,WS_Cedar_01_HRU1,27.9,14.07,16.08,10.37,27.3,25.6,0.1,1.38,4.7,0.0,3.67,4.88,1.0,3.82,13.25,SSP5-8.5,+2C_Warming,True,DEMO / SYNTHETIC DATA (Plant-to-Watershed Simulator)
2027-10-01,2027,10,WS_Cedar_01,WS_Cedar_01_HRU2,13.6,12.17,12.89,14.0,13.6,19.9,0.1,1.38,4.1,0.0,1.5,3.72,0.5,3.59,12.34,SSP2-4.5,Baseline,True,DEMO / SYNTHETIC DATA (Plant-to-Watershed Simulator)
2027-10-01,2027,10,WS_Cedar_01,WS_Cedar_01_HRU2,11.9,15.47,12.89,14.0,11.9,21.9,0.1,1.38,4.6,0.0,1.5,3.72,0.5,3.59,12.34,SSP5-8.5,+2C_Warming,True,DEMO / SYNTHETIC DATA (Plant-to-Watershed Simulator)
2027-10-01,2027,10,WS_Cedar_01,WS_Cedar_01_HRU3,25.6,11.72,15.52,6.3,25.6,27.1,0.18,1.38,7.6,0.0,3.19,3.95,0.5,4.17,11.98,SSP2-4.5,Baseline,True,DEMO / SYNTHETIC DATA (Plant-to-Watershed Simulator)
2027-10-01,2027,10,WS_Cedar_01,WS_Cedar_01_HRU3,22.5,15.02,15.52,6.3,22.5,28.8,0.18,1.38,8.5,0.0,2.94,3.91,0.5,4.17,11.98,SSP5-8.5,+2C_Warming,True,DEMO / SYNTHETIC DATA (Plant-to-Watershed Simulator)
2027-10-01,2027,10,WS_Iowa_03,WS_Iowa_03_HRU1,51.2,13.56,15.63,14.1,43.6,30.7,0.1,1.38,4.6,0.0,12.52,11.52,9.36,9.79,12.03,SSP2-4.5,Baseline,True,DEMO / SYNTHETIC DATA (Plant-to-Watershed Simulator)
2027-10-01,2027,10,WS_Iowa_03,WS_Iowa_03_HRU1,44.9,16.86,15.63,12.17,39.8,32.7,0.1,1.38,5.1,0.0,10.15,10.85,7.31,9.14,12.03,SSP5-8.5,+2C_Warming,True,DEMO / SYNTHETIC DATA (Plant-to-Watershed Simulator)
2027-10-01,2027,10,WS_Iowa_03,WS_Iowa_03_HRU2,67.0,13.96,14.9,18.13,44.7,32.3,0.1,1.38,4.6,0.0,22.61,13.93,18.21,13.11,12.3,SSP2-4.5,Baseline,True,DEMO / SYNTHETIC DATA (Plant-to-Watershed Simulator)
2027-10-01,2027,10,WS_Iowa_03,WS_Iowa_03_HRU2,58.7,17.26,14.9,16.27,41.7,34.9,0.1,1.38,5.1,0.0,17.94,12.6,13.8,11.72,12.3,SSP5-8.5,+2C_Warming,True,DEMO / SYNTHETIC DATA (Plant-to-Watershed Simulator)
2027-10-01,2027,10,WS_Iowa_03,WS_Iowa_03_HRU3,16.7,12.83,16.26,6.3,16.7,21.1,0.1,1.38,4.6,0.0,1.5,8.24,0.5,7.22,12.41,SSP2-4.5,Baseline,True,DEMO / SYNTHETIC DATA (Plant-to-Watershed Simulator)
2027-10-01,2027,10,WS_Iowa_03,WS_Iowa_03_HRU3,14.6,16.13,16.26,6.3,14.6,22.4,0.1,1.38,5.1,0.0,1.5,8.24,0.5,7.22,12.41,SSP5-8.5,+2C_Warming,True,DEMO / SYNTHETIC DATA (Plant-to-Watershed Simulator)
2027-10-01,2027,10,WS_Raccoon_02,WS_Raccoon_02_HRU1,12.3,12.43,14.17,9.8,12.3,22.1,0.2,1.38,8.3,0.0,1.5,6.56,1.19,5.48,12.55,SSP2-4.5,Baseline,True,DEMO / SYNTHETIC DATA (Plant-to-Watershed Simulator)
2027-10-01,2027,10,WS_Raccoon_02,WS_Raccoon_02_HRU1,10.8,15.73,14.17,9.8,10.8,24.3,0.2,1.38,9.3,0.0,1.5,6.56,1.31,5.51,12.55,SSP5-8.5,+2C_Warming,True,DEMO / SYNTHETIC DATA (Plant-to-Watershed Simulator)
2027-10-01,2027,10,WS_Raccoon_02,WS_Raccoon_02_HRU2,27.4,13.97,12.78,14.17,25.4,24.9,0.1,1.38,4.4,0.0,1.91,5.98,0.5,5.2,12.25,SSP2-4.5,Baseline,True,DEMO / SYNTHETIC DATA (Plant-to-Watershed Simulator)
2027-10-01,2027,10,WS_Raccoon_02,WS_Raccoon_02_HRU2,24.0,17.27,12.78,14.0,22.8,27.0,0.1,1.38,4.9,0.0,1.5,5.88,0.5,5.2,12.25,SSP5-8.5,+2C_Warming,True,DEMO / SYNTHETIC DATA (Plant-to-Watershed Simulator)
2027-10-01,2027,10,WS_Raccoon_02,WS_Raccoon_02_HRU3,78.3,11.45,15.17,14.37,63.4,39.2,0.1,1.38,4.2,0.0,17.33,9.79,12.4,8.6,12.93,SSP2-4.5,Baseline,True,DEMO / SYNTHETIC DATA (Plant-to-Watershed Simulator)
2027-10-01,2027,10,WS_Raccoon_02,WS_Raccoon_02_HRU3,68.6,14.75,15.17,12.47,58.2,39.7,0.1,1.38,4.7,0.0,13.2,8.85,8.7,7.67,12.93,SSP5-8.5,+2C_Warming,True,DEMO / SYNTHETIC DATA (Plant-to-Watershed Simulator)
2027-11-01,2027,11,WS_Cedar_01,WS_Cedar_01_HRU1,38.1,4.62,10.89,18.8,35.2,14.9,0.0,0.1,0.0,0.0,4.4,5.22,5.13,4.64,0.0,SSP2-4.5,Baseline,True,DEMO / SYNTHETIC DATA (Plant-to-Watershed Simulator)
2027-11-01,2027,11,WS_Cedar_01,WS_Cedar_01_HRU1,33.4,7.92,10.89,15.7,31.7,15.7,0.0,0.1,0.0,0.0,3.11,5.0,3.86,4.4,0.0,SSP5-8.5,+2C_Warming,True,DEMO / SYNTHETIC DATA (Plant-to-Watershed Simulator)
2027-11-01,2027,11,WS_Cedar_01,WS_Cedar_01_HRU2,43.4,3.65,9.47,21.43,35.0,12.7,0.0,0.1,0.0,0.0,10.59,5.74,9.89,6.36,0.0,SSP2-4.5,Baseline,True,DEMO / SYNTHETIC DATA (Plant-to-Watershed Simulator)
2027-11-01,2027,11,WS_Cedar_01,WS_Cedar_01_HRU2,38.0,6.95,9.47,19.7,32.1,15.0,0.0,0.1,0.0,0.0,8.27,5.35,7.59,5.93,0.0,SSP5-8.5,+2C_Warming,True,DEMO / SYNTHETIC DATA (Plant-to-Watershed Simulator)
2027-11-01,2027,11,WS_Cedar_01,WS_Cedar_01_HRU3,19.4,3.36,8.59,9.87,19.4,8.7,0.0,0.1,0.0,0.0,2.61,4.75,2.48,4.22,0.0,SSP2-4.5,Baseline,True,DEMO / SYNTHETIC DATA (Plant-to-Watershed Simulator)
2027-11-01,2027,11,WS_Cedar_01,WS_Cedar_01_HRU3,17.0,6.66,8.59,8.6,17.0,10.1,0.0,0.1,0.0,0.0,2.41,4.72,2.29,4.18,0.0,SSP5-8.5,+2C_Warming,True,DEMO / SYNTHETIC DATA (Plant-to-Watershed Simulator)
2027-11-01,2027,11,WS_Iowa_03,WS_Iowa_03_HRU1,41.5,4.14,10.01,21.43,37.6,15.6,0.0,0.1,0.0,0.0,4.41,8.91,3.84,8.5,0.0,SSP2-4.5,Baseline,True,DEMO / SYNTHETIC DATA (Plant-to-Watershed Simulator)
2027-11-01,2027,11,WS_Iowa_03,WS_Iowa_03_HRU1,36.4,7.44,10.01,17.97,34.0,16.6,0.0,0.1,0.0,0.0,2.86,8.47,2.31,8.02,0.0,SSP5-8.5,+2C_Warming,True,DEMO / SYNTHETIC DATA (Plant-to-Watershed Simulator)
2027-11-01,2027,11,WS_Iowa_03,WS_Iowa_03_HRU2,51.1,6.98,11.51,24.27,38.6,20.2,0.0,0.1,0.0,0.0,11.19,10.95,11.5,11.02,0.0,SSP2-4.5,Baseline,True,DEMO / SYNTHETIC DATA (Plant-to-Watershed Simulator)
2027-11-01,2027,11,WS_Iowa_03,WS_Iowa_03_HRU2,44.8,10.28,11.51,21.03,35.7,21.4,0.0,0.1,0.0,0.0,8.15,10.09,8.47,10.06,0.0,SSP5-8.5,+2C_Warming,True,DEMO / SYNTHETIC DATA (Plant-to-Watershed Simulator)
2027-11-01,2027,11,WS_Iowa_03,WS_Iowa_03_HRU3,38.3,5.0,11.25,13.43,37.3,15.9,0.0,0.1,0.0,0.0,3.14,8.85,2.93,8.26,0.0,SSP2-4.5,Baseline,True,DEMO / SYNTHETIC DATA (Plant-to-Watershed Simulator)
2027-11-01,2027,11,WS_Iowa_03,WS_Iowa_03_HRU3,33.5,8.3,11.25,11.5,33.1,17.5,0.0,0.1,0.0,0.0,2.28,8.6,2.09,8.0,0.0,SSP5-8.5,+2C_Warming,True,DEMO / SYNTHETIC DATA (Plant-to-Watershed Simulator)
2027-11-01,2027,11,WS_Raccoon_02,WS_Raccoon_02_HRU1,34.3,2.04,9.59,17.17,32.4,10.3,0.0,0.1,0.0,0.0,3.63,6.65,3.35,5.93,0.0,SSP2-4.5,Baseline,True,DEMO / SYNTHETIC DATA (Plant-to-Watershed Simulator)
2027-11-01,2027,11,WS_Raccoon_02,WS_Raccoon_02_HRU1,30.1,5.34,9.59,15.47,29.1,12.1,0.0,0.1,0.0,0.0,2.63,6.42,2.37,5.68,0.0,SSP5-8.5,+2C_Warming,True,DEMO / SYNTHETIC DATA (Plant-to-Watershed Simulator)
2027-11-01,2027,11,WS_Raccoon_02,WS_Raccoon_02_HRU2,42.8,2.19,10.83,21.63,34.7,12.3,0.0,0.1,0.0,0.0,9.4,8.02,9.32,7.61,0.0,SSP2-4.5,Baseline,True,DEMO / SYNTHETIC DATA (Plant-to-Watershed Simulator)
2027-11-01,2027,11,WS_Raccoon_02,WS_Raccoon_02_HRU2,37.5,5.49,10.83,19.8,31.8,14.4,0.0,0.1,0.0,0.0,7.15,7.5,7.09,7.05,0.0,SSP5-8.5,+2C_Warming,True,DEMO / SYNTHETIC DATA (Plant-to-Watershed Simulator)
2027-11-01,2027,11,WS_Raccoon_02,WS_Raccoon_02_HRU3,61.9,6.07,11.15,20.97,54.2,26.8,0.0,0.1,0.0,0.0,11.34,8.0,10.44,8.44,0.0,SSP2-4.5,Baseline,True,DEMO / SYNTHETIC DATA (Plant-to-Watershed Simulator)
2027-11-01,2027,11,WS_Raccoon_02,WS_Raccoon_02_HRU3,54.2,9.37,11.15,18.73,49.3,30.5,0.0,0.1,0.0,0.0,8.69,7.4,7.82,7.78,0.0,SSP5-8.5,+2C_Warming,True,DEMO / SYNTHETIC DATA (Plant-to-Watershed Simulator)
2027-12-01,2027,12,WS_Cedar_01,WS_Cedar_01_HRU1,44.0,-2.77,9.21,31.13,39.2,2.2,0.0,0.1,0.0,0.0,7.13,5.49,6.72,5.17,0.0,SSP2-4.5,Baseline,True,DEMO / SYNTHETIC DATA (Plant-to-Watershed Simulator)
2027-12-01,2027,12,WS_Cedar_01,WS_Cedar_01_HRU1,38.6,0.53,9.21,23.6,35.6,11.9,0.0,0.1,0.0,0.0,5.38,5.19,4.99,4.84,0.0,SSP5-8.5,+2C_Warming,True,DEMO / SYNTHETIC DATA (Plant-to-Watershed Simulator)
2027-12-01,2027,12,WS_Cedar_01,WS_Cedar_01_HRU2,67.1,-3.15,9.58,35.57,44.7,2.3,0.0,0.1,0.0,0.0,21.39,7.45,20.76,7.56,0.0,SSP2-4.5,Baseline,True,DEMO / SYNTHETIC DATA (Plant-to-Watershed Simulator)
2027-12-01,2027,12,WS_Cedar_01,WS_Cedar_01_HRU2,58.8,0.15,9.58,29.33,41.8,12.9,0.0,0.1,0.0,0.0,16.71,6.65,16.1,6.68,0.0,SSP5-8.5,+2C_Warming,True,DEMO / SYNTHETIC DATA (Plant-to-Watershed Simulator)
2027-12-01,2027,12,WS_Cedar_01,WS_Cedar_01_HRU3,38.2,-2.74,6.98,21.57,37.2,2.1,0.0,0.1,0.0,0.0,4.29,4.14,4.19,4.59,0.0,SSP2-4.5,Baseline,True,DEMO / SYNTHETIC DATA (Plant-to-Watershed Simulator)
2027-12-01,2027,12,WS_Cedar_01,WS_Cedar_01_HRU3,33.5,0.56,6.98,16.4,33.1,9.7,0.0,0.1,0.0,0.0,3.44,4.0,3.36,4.43,0.0,SSP5-8.5,+2C_Warming,True,DEMO / SYNTHETIC DATA (Plant-to-Watershed Simulator)
2027-12-01,2027,12,WS_Iowa_03,WS_Iowa_03_HRU1,34.4,-3.98,7.07,31.5,32.5,2.3,0.0,0.1,0.0,0.0,2.66,8.31,2.14,7.02,0.0,SSP2-4.5,Baseline,True,DEMO / SYNTHETIC DATA (Plant-to-Watershed Simulator)
2027-12-01,2027,12,WS_Iowa_03,WS_Iowa_03_HRU1,30.2,-0.68,7.07,27.03,29.2,2.0,0.0,0.1,0.0,0.0,1.66,8.02,1.16,6.71,0.0,SSP5-8.5,+2C_Warming,True,DEMO / SYNTHETIC DATA (Plant-to-Watershed Simulator)
2027-12-01,2027,12,WS_Iowa_03,WS_Iowa_03_HRU2,45.6,-2.28,7.84,35.53,36.1,2.3,0.0,0.1,0.0,0.0,10.04,10.61,10.02,9.81,0.0,SSP2-4.5,Baseline,True,DEMO / SYNTHETIC DATA (Plant-to-Watershed Simulator)
2027-12-01,2027,12,WS_Iowa_03,WS_Iowa_03_HRU2,40.0,1.02,7.84,28.1,33.2,12.0,0.0,0.1,0.0,0.0,7.55,9.9,7.55,9.03,0.0,SSP5-8.5,+2C_Warming,True,DEMO / SYNTHETIC DATA (Plant-to-Watershed Simulator)
2027-12-01,2027,12,WS_Iowa_03,WS_Iowa_03_HRU3,27.8,-3.59,7.09,22.0,27.8,2.1,0.0,0.1,0.0,0.0,4.0,8.96,3.54,7.78,0.0,SSP2-4.5,Baseline,True,DEMO / SYNTHETIC DATA (Plant-to-Watershed Simulator)
2027-12-01,2027,12,WS_Iowa_03,WS_Iowa_03_HRU3,24.4,-0.29,7.09,19.03,24.4,1.8,0.0,0.1,0.0,0.0,3.71,8.87,3.27,7.69,0.0,SSP5-8.5,+2C_Warming,True,DEMO / SYNTHETIC DATA (Plant-to-Watershed Simulator)
2027-12-01,2027,12,WS_Raccoon_02,WS_Raccoon_02_HRU1,35.6,-0.34,6.78,27.63,33.4,2.0,0.0,0.1,0.0,0.0,5.65,7.73,4.72,6.52,0.0,SSP2-4.5,Baseline,True,DEMO / SYNTHETIC DATA (Plant-to-Watershed Simulator)
2027-12-01,2027,12,WS_Raccoon_02,WS_Raccoon_02_HRU1,31.1,2.96,6.78,21.5,29.9,11.8,0.0,0.1,0.0,0.0,4.52,7.48,3.61,6.24,0.0,SSP5-8.5,+2C_Warming,True,DEMO / SYNTHETIC DATA (Plant-to-Watershed Simulator)
2027-12-01,2027,12,WS_Raccoon_02,WS_Raccoon_02_HRU2,69.4,0.09,8.61,32.4,45.5,13.2,0.0,0.1,0.0,0.0,22.13,11.17,22.79,10.92,0.0,SSP2-4.5,Baseline,True,DEMO / SYNTHETIC DATA (Plant-to-Watershed Simulator)
2027-12-01,2027,12,WS_Raccoon_02,WS_Raccoon_02_HRU2,60.8,3.39,8.61,28.67,42.5,15.9,0.0,0.1,0.0,0.0,17.2,10.05,17.88,9.68,0.0,SSP5-8.5,+2C_Warming,True,DEMO / SYNTHETIC DATA (Plant-to-Watershed Simulator)
2027-12-01,2027,12,WS_Raccoon_02,WS_Raccoon_02_HRU3,20.5,-0.6,6.1,26.93,20.5,2.6,0.0,0.1,0.0,0.0,1.5,5.99,1.98,5.87,0.0,SSP2-4.5,Baseline,True,DEMO / SYNTHETIC DATA (Plant-to-Watershed Simulator)
2027-12-01,2027,12,WS_Raccoon_02,WS_Raccoon_02_HRU3,18.0,2.7,6.1,20.03,18.0,14.1,0.0,0.1,0.0,0.0,1.5,5.99,2.0,5.87,0.0,SSP5-8.5,+2C_Warming,True,DEMO / SYNTHETIC DATA (Plant-to-Watershed Simulator)
2028-01-01,2028,1,WS_Cedar_01,WS_Cedar_01_HRU1,40.5,-4.5,7.21,38.17,36.9,2.8,0.0,0.1,0.0,0.0,3.79,4.47,4.3,4.25,0.0,SSP2-4.5,Baseline,True,DEMO / SYNTHETIC DATA (Plant-to-Watershed Simulator)
2028-01-01,2028,1,WS_Cedar_01,WS_Cedar_01_HRU1,35.5,-1.2,7.21,33.9,33.3,2.4,0.0,0.1,0.0,0.0,2.31,4.22,2.84,3.98,0.0,SSP5-8.5,+2C_Warming,True,DEMO / SYNTHETIC DATA (Plant-to-Watershed Simulator)
2028-01-01,2028,1,WS_Cedar_01,WS_Cedar_01_HRU2,67.7,-5.26,6.05,42.77,44.9,2.8,0.0,0.1,0.0,0.0,21.1,7.93,21.47,7.96,0.0,SSP2-4.5,Baseline,True,DEMO / SYNTHETIC DATA (Plant-to-Watershed Simulator)
2028-01-01,2028,1,WS_Cedar_01,WS_Cedar_01_HRU2,59.3,-1.96,6.05,42.43,42.0,2.7,0.0,0.1,0.0,0.0,16.34,7.11,16.73,7.07,0.0,SSP5-8.5,+2C_Warming,True,DEMO / SYNTHETIC DATA (Plant-to-Watershed Simulator)
2028-01-01,2028,1,WS_Cedar_01,WS_Cedar_01_HRU3,41.0,-3.43,6.0,28.97,39.5,2.8,0.0,0.1,0.0,0.0,2.98,4.49,3.46,4.2,0.0,SSP2-4.5,Baseline,True,DEMO / SYNTHETIC DATA (Plant-to-Watershed Simulator)
2028-01-01,2028,1,WS_Cedar_01,WS_Cedar_01_HRU3,35.9,-0.13,6.0,27.27,35.2,2.6,0.0,0.1,0.0,0.0,1.95,4.32,2.45,4.0,0.0,SSP5-8.5,+2C_Warming,True,DEMO / SYNTHETIC DATA (Plant-to-Watershed Simulator)
2028-01-01,2028,1,WS_Iowa_03,WS_Iowa_03_HRU1,64.8,-1.22,6.05,38.17,50.7,2.8,0.0,0.1,0.0,0.0,14.89,11.85,14.68,11.62,0.0,SSP2-4.5,Baseline,True,DEMO / SYNTHETIC DATA (Plant-to-Watershed Simulator)
2028-01-01,2028,1,WS_Iowa_03,WS_Iowa_03_HRU1,56.8,2.08,6.05,33.73,46.7,16.1,0.0,0.1,0.0,0.0,11.25,10.81,11.06,10.48,0.0,SSP5-8.5,+2C_Warming,True,DEMO / SYNTHETIC DATA (Plant-to-Watershed Simulator)
2028-01-01,2028,1,WS_Iowa_03,WS_Iowa_03_HRU2,70.7,-1.28,8.25,42.77,45.9,2.8,0.0,0.1,0.0,0.0,22.48,14.04,22.29,13.86,0.0,SSP2-4.5,Baseline,True,DEMO / SYNTHETIC DATA (Plant-to-Watershed Simulator)
2028-01-01,2028,1,WS_Iowa_03,WS_Iowa_03_HRU2,62.0,2.02,8.25,36.57,43.0,17.6,0.0,0.1,0.0,0.0,17.45,12.6,17.28,12.28,0.0,SSP5-8.5,+2C_Warming,True,DEMO / SYNTHETIC DATA (Plant-to-Watershed Simulator)
2028-01-01,2028,1,WS_Iowa_03,WS_Iowa_03_HRU3,37.6,-3.96,6.0,28.97,36.7,2.8,0.0,0.1,0.0,0.0,2.07,7.56,2.11,7.82,0.0,SSP2-4.5,Baseline,True,DEMO / SYNTHETIC DATA (Plant-to-Watershed Simulator)
2028-01-01,2028,1,WS_Iowa_03,WS_Iowa_03_HRU3,33.0,-0.66,6.0,28.97,32.7,2.8,0.0,0.1,0.0,0.0,1.5,7.39,1.56,7.65,0.0,SSP5-8.5,+2C_Warming,True,DEMO / SYNTHETIC DATA (Plant-to-Watershed Simulator)
2028-01-01,2028,1,WS_Raccoon_02,WS_Raccoon_02_HRU1,44.4,-4.34,6.44,38.17,39.5,2.8,0.0,0.1,0.0,0.0,5.87,7.14,5.36,6.83,0.0,SSP2-4.5,Baseline,True,DEMO / SYNTHETIC DATA (Plant-to-Watershed Simulator)
2028-01-01,2028,1,WS_Raccoon_02,WS_Raccoon_02_HRU1,38.9,-1.04,6.44,32.63,35.8,2.4,0.0,0.1,0.0,0.0,4.07,6.73,3.58,6.38,0.0,SSP5-8.5,+2C_Warming,True,DEMO / SYNTHETIC DATA (Plant-to-Watershed Simulator)
2028-01-01,2028,1,WS_Raccoon_02,WS_Raccoon_02_HRU2,62.8,-5.68,6.83,42.77,43.2,2.8,0.0,0.1,0.0,0.0,19.44,10.34,20.19,10.82,0.0,SSP2-4.5,Baseline,True,DEMO / SYNTHETIC DATA (Plant-to-Watershed Simulator)
2028-01-01,2028,1,WS_Raccoon_02,WS_Raccoon_02_HRU2,55.0,-2.38,6.83,41.2,40.3,2.7,0.0,0.1,0.0,0.0,15.19,9.37,15.96,9.75,0.0,SSP5-8.5,+2C_Warming,True,DEMO / SYNTHETIC DATA (Plant-to-Watershed Simulator)
2028-01-01,2028,1,WS_Raccoon_02,WS_Raccoon_02_HRU3,34.8,-3.34,6.0,28.97,34.3,2.8,0.0,0.1,0.0,0.0,3.54,6.59,3.63,5.93,0.0,SSP2-4.5,Baseline,True,DEMO / SYNTHETIC DATA (Plant-to-Watershed Simulator)
2028-01-01,2028,1,WS_Raccoon_02,WS_Raccoon_02_HRU3,30.5,-0.04,6.0,28.97,30.4,2.8,0.0,0.1,0.0,0.0,2.9,6.44,3.02,5.78,0.0,SSP5-8.5,+2C_Warming,True,DEMO / SYNTHETIC DATA (Plant-to-Watershed Simulator)
2028-02-01,2028,2,WS_Cedar_01,WS_Cedar_01_HRU1,53.5,-1.0,7.62,38.17,44.9,2.8,0.0,0.1,0.0,0.0,9.65,5.68,8.99,5.79,0.0,SSP2-4.5,Baseline,True,DEMO / SYNTHETIC DATA (Plant-to-Watershed Simulator)
2028-02-01,2028,2,WS_Cedar_01,WS_Cedar_01_HRU1,46.9,2.3,7.62,33.13,41.0,17.9,0.0,0.1,0.0,0.0,7.06,5.24,6.42,5.31,0.0,SSP5-8.5,+2C_Warming,True,DEMO / SYNTHETIC DATA (Plant-to-Watershed Simulator)
2028-02-01,2028,2,WS_Cedar_01,WS_Cedar_01_HRU2,26.0,-2.72,6.79,42.77,24.4,2.8,0.0,0.1,0.0,0.0,5.16,5.6,4.65,4.56,0.0,SSP2-4.5,Baseline,True,DEMO / SYNTHETIC DATA (Plant-to-Watershed Simulator)
2028-02-01,2028,2,WS_Cedar_01,WS_Cedar_01_HRU2,22.8,0.58,6.79,38.83,21.9,14.6,0.0,0.1,0.0,0.0,4.35,5.46,3.86,4.41,0.0,SSP5-8.5,+2C_Warming,True,DEMO / SYNTHETIC DATA (Plant-to-Watershed Simulator)
2028-02-01,2028,2,WS_Cedar_01,WS_Cedar_01_HRU3,30.2,-5.61,9.4,28.97,30.1,2.8,0.0,0.1,0.0,0.0,2.26,4.12,2.71,4.13,0.0,SSP2-4.5,Baseline,True,DEMO / SYNTHETIC DATA (Plant-to-Watershed Simulator)
2028-02-01,2028,2,WS_Cedar_01,WS_Cedar_01_HRU3,26.5,-2.31,9.4,28.97,26.5,2.8,0.0,0.1,0.0,0.0,1.87,4.05,2.34,4.06,0.0,SSP5-8.5,+2C_Warming,True,DEMO / SYNTHETIC DATA (Plant-to-Watershed Simulator)
2028-02-01,2028,2,WS_Iowa_03,WS_Iowa_03_HRU1,42.2,-0.64,7.85,38.17,38.0,2.8,0.0,0.1,0.0,0.0,4.89,8.83,4.75,8.58,0.0,SSP2-4.5,Baseline,True,DEMO / SYNTHETIC DATA (Plant-to-Watershed Simulator)
2028-02-01,2028,2,WS_Iowa_03,WS_Iowa_03_HRU1,36.9,2.66,7.85,32.87,34.4,18.7,0.0,0.1,0.0,0.0,3.25,8.36,3.13,8.07,0.0,SSP5-8.5,+2C_Warming,True,DEMO / SYNTHETIC DATA (Plant-to-Watershed Simulator)
2028-02-01,2028,2,WS_Iowa_03,WS_Iowa_03_HRU2,65.6,-1.59,9.45,42.77,44.2,2.8,0.0,0.1,0.0,0.0,25.07,14.3,24.96,14.46,0.0,SSP2-4.5,Baseline,True,DEMO / SYNTHETIC DATA (Plant-to-Watershed Simulator)
2028-02-01,2028,2,WS_Iowa_03,WS_Iowa_03_HRU2,57.5,1.71,9.45,37.4,41.3,18.9,0.0,0.1,0.0,0.0,20.56,13.01,20.47,13.04,0.0,SSP5-8.5,+2C_Warming,True,DEMO / SYNTHETIC DATA (Plant-to-Watershed Simulator)
2028-02-01,2028,2,WS_Iowa_03,WS_Iowa_03_HRU3,54.1,-1.59,7.96,28.97,49.2,2.8,0.0,0.1,0.0,0.0,7.95,10.06,7.76,9.78,0.0,SSP2-4.5,Baseline,True,DEMO / SYNTHETIC DATA (Plant-to-Watershed Simulator)
2028-02-01,2028,2,WS_Iowa_03,WS_Iowa_03_HRU3,47.4,1.71,7.96,24.1,44.4,17.4,0.0,0.1,0.0,0.0,5.96,9.49,5.8,9.16,0.0,SSP5-8.5,+2C_Warming,True,DEMO / SYNTHETIC DATA (Plant-to-Watershed Simulator)
2028-02-01,2028,2,WS_Raccoon_02,WS_Raccoon_02_HRU1,20.4,-1.54,7.2,38.17,20.4,2.8,0.0,0.1,0.0,0.0,1.5,6.78,1.72,5.85,0.0,SSP2-4.5,Baseline,True,DEMO / SYNTHETIC DATA (Plant-to-Watershed Simulator)
2028-02-01,2028,2,WS_Raccoon_02,WS_Raccoon_02_HRU1,17.9,1.76,7.2,33.1,17.9,16.5,0.0,0.1,0.0,0.0,1.5,6.78,1.73,5.86,0.0,SSP5-8.5,+2C_Warming,True,DEMO / SYNTHETIC DATA (Plant-to-Watershed Simulator)
2028-02-01,2028,2,WS_Raccoon_02,WS_Raccoon_02_HRU2,83.6,-3.45,6.0,42.77,49.5,2.8,0.0,0.1,0.0,0.0,32.85,13.52,32.53,14.04,0.0,SSP2-4.5,Baseline,True,DEMO / SYNTHETIC DATA (Plant-to-Watershed Simulator)
2028-02-01,2028,2,WS_Raccoon_02,WS_Raccoon_02_HRU2,73.3,-0.15,6.0,42.77,46.7,2.8,0.0,0.1,0.0,0.0,26.45,12.06,26.15,12.44,0.0,SSP5-8.5,+2C_Warming,True,DEMO / SYNTHETIC DATA (Plant-to-Watershed Simulator)
2028-02-01,2028,2,WS_Raccoon_02,WS_Raccoon_02_HRU3,97.1,-2.14,7.19,28.97,72.2,2.8,0.0,0.1,0.0,0.0,27.03,12.57,26.05,12.6,0.0,SSP2-4.5,Baseline,True,DEMO / SYNTHETIC DATA (Plant-to-Watershed Simulator)
2028-02-01,2028,2,WS_Raccoon_02,WS_Raccoon_02_HRU3,85.1,1.16,7.19,24.6,66.8,15.9,0.0,0.1,0.0,0.0,21.09,11.22,20.14,11.11,0.0,SSP5-8.5,+2C_Warming,True,DEMO / SYNTHETIC DATA (Plant-to-Watershed Simulator)
2028-03-01,2028,3,WS_Cedar_01,WS_Cedar_01_HRU1,24.2,3.48,10.36,31.67,24.0,22.3,0.0,0.1,0.0,0.0,2.82,5.03,2.42,4.32,0.0,SSP2-4.5,Baseline,True,DEMO / SYNTHETIC DATA (Plant-to-Watershed Simulator)
2028-03-01,2028,3,WS_Cedar_01,WS_Cedar_01_HRU1,21.2,6.78,10.36,30.07,21.2,27.1,0.0,0.1,0.0,0.0,2.45,4.96,2.07,4.25,0.0,SSP5-8.5,+2C_Warming,True,DEMO / SYNTHETIC DATA (Plant-to-Watershed Simulator)
2028-03-01,2028,3,WS_Cedar_01,WS_Cedar_01_HRU2,45.6,4.13,9.73,36.17,36.1,22.6,0.0,0.1,0.0,0.0,10.9,5.16,9.94,5.94,0.0,SSP2-4.5,Baseline,True,DEMO / SYNTHETIC DATA (Plant-to-Watershed Simulator)
2028-03-01,2028,3,WS_Cedar_01,WS_Cedar_01_HRU2,40.0,7.43,9.73,34.57,33.2,27.4,0.0,0.1,0.0,0.0,8.4,4.74,7.46,5.48,0.0,SSP5-8.5,+2C_Warming,True,DEMO / SYNTHETIC DATA (Plant-to-Watershed Simulator)
2028-03-01,2028,3,WS_Cedar_01,WS_Cedar_01_HRU3,53.8,6.44,10.16,21.1,49.0,26.4,0.0,0.1,0.0,0.0,7.81,5.7,8.38,5.75,0.0,SSP2-4.5,Baseline,True,DEMO / SYNTHETIC DATA (Plant-to-Watershed Simulator)
2028-03-01,2028,3,WS_Cedar_01,WS_Cedar_01_HRU3,47.1,9.74,10.16,19.5,44.2,31.2,0.0,0.1,0.0,0.0,5.83,5.37,6.42,5.38,0.0,SSP5-8.5,+2C_Warming,True,DEMO / SYNTHETIC DATA (Plant-to-Watershed Simulator)
2028-03-01,2028,3,WS_Iowa_03,WS_Iowa_03_HRU1,36.7,3.37,10.65,31.63,34.2,22.4,0.0,0.1,0.0,0.0,2.83,8.45,2.83,8.15,0.0,SSP2-4.5,Baseline,True,DEMO / SYNTHETIC DATA (Plant-to-Watershed Simulator)
2028-03-01,2028,3,WS_Iowa_03,WS_Iowa_03_HRU1,32.1,6.67,10.65,30.03,30.7,27.2,0.0,0.1,0.0,0.0,1.63,8.11,1.65,7.78,0.0,SSP5-8.5,+2C_Warming,True,DEMO / SYNTHETIC DATA (Plant-to-Watershed Simulator)
2028-03-01,2028,3,WS_Iowa_03,WS_Iowa_03_HRU2,28.5,4.53,10.6,35.7,26.2,24.0,0.0,0.1,0.0,0.0,3.04,8.16,4.05,8.63,0.0,SSP2-4.5,Baseline,True,DEMO / SYNTHETIC DATA (Plant-to-Watershed Simulator)
2028-03-01,2028,3,WS_Iowa_03,WS_Iowa_03_HRU2,25.0,7.83,10.6,34.1,23.6,28.8,0.0,0.1,0.0,0.0,2.05,7.88,3.07,8.32,0.0,SSP5-8.5,+2C_Warming,True,DEMO / SYNTHETIC DATA (Plant-to-Watershed Simulator)
2028-03-01,2028,3,WS_Iowa_03,WS_Iowa_03_HRU3,27.8,2.31,10.54,22.97,27.8,20.8,0.0,0.1,0.0,0.0,1.5,7.86,1.55,7.81,0.0,SSP2-4.5,Baseline,True,DEMO / SYNTHETIC DATA (Plant-to-Watershed Simulator)
2028-03-01,2028,3,WS_Iowa_03,WS_Iowa_03_HRU3,24.4,5.61,10.54,21.37,24.4,25.6,0.0,0.1,0.0,0.0,1.5,7.86,1.57,7.82,0.0,SSP5-8.5,+2C_Warming,True,DEMO / SYNTHETIC DATA (Plant-to-Watershed Simulator)
2028-03-01,2028,3,WS_Raccoon_02,WS_Raccoon_02_HRU1,32.2,4.75,8.9,31.53,30.8,22.7,0.0,0.1,0.0,0.0,1.84,6.43,0.5,5.69,0.0,SSP2-4.5,Baseline,True,DEMO / SYNTHETIC DATA (Plant-to-Watershed Simulator)
2028-03-01,2028,3,WS_Raccoon_02,WS_Raccoon_02_HRU1,28.2,8.05,8.9,29.93,27.5,27.5,0.0,0.1,0.0,0.0,1.5,6.35,0.5,5.69,0.0,SSP5-8.5,+2C_Warming,True,DEMO / SYNTHETIC DATA (Plant-to-Watershed Simulator)
2028-03-01,2028,3,WS_Raccoon_02,WS_Raccoon_02_HRU2,51.0,3.2,9.53,36.67,38.6,21.1,0.0,0.1,0.0,0.0,12.35,8.56,12.32,8.67,0.0,SSP2-4.5,Baseline,True,DEMO / SYNTHETIC DATA (Plant-to-Watershed Simulator)
2028-03-01,2028,3,WS_Raccoon_02,WS_Raccoon_02_HRU2,44.7,6.5,9.53,35.07,35.7,25.9,0.0,0.1,0.0,0.0,9.32,7.87,9.31,7.91,0.0,SSP5-8.5,+2C_Warming,True,DEMO / SYNTHETIC DATA (Plant-to-Watershed Simulator)
2028-03-01,2028,3,WS_Raccoon_02,WS_Raccoon_02_HRU3,33.9,5.1,10.43,21.67,33.5,24.7,0.0,0.1,0.0,0.0,3.75,6.21,4.11,6.4,0.0,SSP2-4.5,Baseline,True,DEMO / SYNTHETIC DATA (Plant-to-Watershed Simulator)
2028-03-01,2028,3,WS_Raccoon_02,WS_Raccoon_02_HRU3,29.7,8.4,10.43,20.07,29.6,29.5,0.0,0.1,0.0,0.0,3.16,6.08,3.55,6.25,0.0,SSP5-8.5,+2C_Warming,True,DEMO / SYNTHETIC DATA (Plant-to-Watershed Simulator)
2028-04-01,2028,4,WS_Cedar_01,WS_Cedar_01_HRU1,58.8,12.54,13.26,27.43,47.7,35.0,0.0,0.1,0.0,0.0,11.31,5.65,10.91,5.96,0.0,SSP2-4.5,Baseline,True,DEMO / SYNTHETIC DATA (Plant-to-Watershed Simulator)
2028-04-01,2028,4,WS_Cedar_01,WS_Cedar_01_HRU1,51.6,15.84,13.26,27.43,43.8,35.0,0.0,0.1,0.0,0.0,8.26,5.13,7.88,5.38,0.0,SSP5-8.5,+2C_Warming,True,DEMO / SYNTHETIC DATA (Plant-to-Watershed Simulator)
2028-04-01,2028,4,WS_Cedar_01,WS_Cedar_01_HRU2,23.9,10.27,14.99,32.03,22.8,35.0,0.0,0.1,0.0,0.0,2.14,4.46,2.0,4.53,0.0,SSP2-4.5,Baseline,True,DEMO / SYNTHETIC DATA (Plant-to-Watershed Simulator)
2028-04-01,2028,4,WS_Cedar_01,WS_Cedar_01_HRU2,21.0,13.57,14.99,29.7,20.4,35.0,0.0,0.1,0.0,0.0,1.5,4.35,1.37,4.42,0.0,SSP5-8.5,+2C_Warming,True,DEMO / SYNTHETIC DATA (Plant-to-Watershed Simulator)
2028-04-01,2028,4,WS_Cedar_01,WS_Cedar_01_HRU3,56.9,12.11,15.04,18.23,51.1,35.0,0.0,0.1,0.0,0.0,8.03,5.56,7.33,5.79,0.0,SSP2-4.5,Baseline,True,DEMO / SYNTHETIC DATA (Plant-to-Watershed Simulator)
2028-04-01,2028,4,WS_Cedar_01,WS_Cedar_01_HRU3,49.9,15.41,15.04,18.23,46.3,35.0,0.0,0.1,0.0,0.0,5.82,5.18,5.15,5.38,0.0,SSP5-8.5,+2C_Warming,True,DEMO / SYNTHETIC DATA (Plant-to-Watershed Simulator)
2028-04-01,2028,4,WS_Iowa_03,WS_Iowa_03_HRU1,21.5,11.2,16.38,27.13,21.5,35.0,0.0,0.1,0.0,0.0,3.41,8.45,1.73,7.66,0.0,SSP2-4.5,Baseline,True,DEMO / SYNTHETIC DATA (Plant-to-Watershed Simulator)
2028-04-01,2028,4,WS_Iowa_03,WS_Iowa_03_HRU1,18.9,14.5,16.38,24.67,18.9,35.0,0.0,0.1,0.0,0.0,3.18,8.39,1.51,7.59,0.0,SSP5-8.5,+2C_Warming,True,DEMO / SYNTHETIC DATA (Plant-to-Watershed Simulator)
2028-04-01,2028,4,WS_Iowa_03,WS_Iowa_03_HRU2,50.7,9.15,14.77,32.1,38.5,34.8,0.0,0.1,0.0,0.0,10.76,10.68,9.29,10.05,0.0,SSP2-4.5,Baseline,True,DEMO / SYNTHETIC DATA (Plant-to-Watershed Simulator)
2028-04-01,2028,4,WS_Iowa_03,WS_Iowa_03_HRU2,44.4,12.45,14.77,32.03,35.5,35.0,0.0,0.1,0.0,0.0,7.74,9.82,6.29,9.11,0.0,SSP5-8.5,+2C_Warming,True,DEMO / SYNTHETIC DATA (Plant-to-Watershed Simulator)
2028-04-01,2028,4,WS_Iowa_03,WS_Iowa_03_HRU3,29.5,10.35,16.29,18.23,29.4,35.0,0.0,0.1,0.0,0.0,4.79,9.13,5.24,9.31,0.0,SSP2-4.5,Baseline,True,DEMO / SYNTHETIC DATA (Plant-to-Watershed Simulator)
2028-04-01,2028,4,WS_Iowa_03,WS_Iowa_03_HRU3,25.9,13.65,16.29,18.23,25.9,35.0,0.0,0.1,0.0,0.0,4.44,9.03,4.91,9.21,0.0,SSP5-8.5,+2C_Warming,True,DEMO / SYNTHETIC DATA (Plant-to-Watershed Simulator)
2028-04-01,2028,4,WS_Raccoon_02,WS_Raccoon_02_HRU1,79.6,9.93,15.3,27.43,57.0,35.0,0.0,0.1,0.0,0.0,21.14,10.4,20.34,10.45,0.0,SSP2-4.5,Baseline,True,DEMO / SYNTHETIC DATA (Plant-to-Watershed Simulator)
2028-04-01,2028,4,WS_Raccoon_02,WS_Raccoon_02_HRU1,69.7,13.23,15.3,27.43,52.9,35.0,0.0,0.1,0.0,0.0,15.99,9.23,15.22,9.16,0.0,SSP5-8.5,+2C_Warming,True,DEMO / SYNTHETIC DATA (Plant-to-Watershed Simulator)
2028-04-01,2028,4,WS_Raccoon_02,WS_Raccoon_02_HRU2,30.3,9.29,17.1,32.03,27.4,35.0,0.0,0.1,0.0,0.0,6.27,6.71,6.53,7.0,0.0,SSP2-4.5,Baseline,True,DEMO / SYNTHETIC DATA (Plant-to-Watershed Simulator)
2028-04-01,2028,4,WS_Raccoon_02,WS_Raccoon_02_HRU2,26.6,12.59,17.1,31.67,24.8,35.0,0.0,0.1,0.0,0.0,5.13,6.45,5.4,6.72,0.0,SSP5-8.5,+2C_Warming,True,DEMO / SYNTHETIC DATA (Plant-to-Watershed Simulator)
2028-04-01,2028,4,WS_Raccoon_02,WS_Raccoon_02_HRU3,24.0,10.96,12.74,18.0,24.0,35.0,0.0,0.1,0.0,0.0,2.34,6.11,1.11,5.87,0.0,SSP2-4.5,Baseline,True,DEMO / SYNTHETIC DATA (Plant-to-Watershed Simulator)
2028-04-01,2028,4,WS_Raccoon_02,WS_Raccoon_02_HRU3,21.0,14.26,12.74,15.4,21.0,35.0,0.0,0.1,0.0,0.0,2.1,6.05,0.89,5.82,0.0,SSP5-8.5,+2C_Warming,True,DEMO / SYNTHETIC DATA (Plant-to-Watershed Simulator)
2028-05-01,2028,5,WS_Cedar_01,WS_Cedar_01_HRU1,113.2,21.91,19.06,25.33,67.8,41.3,0.1,0.2,6.3,0.0,43.12,11.1,42.11,12.14,0.0,SSP2-4.5,Baseline,True,DEMO / SYNTHETIC DATA (Plant-to-Watershed Simulator)
2028-05-01,2028,5,WS_Cedar_01,WS_Cedar_01_HRU1,99.2,25.21,19.06,25.17,63.8,41.8,0.1,0.2,6.8,0.0,34.49,9.62,33.56,10.52,0.0,SSP5-8.5,+2C_Warming,True,DEMO / SYNTHETIC DATA (Plant-to-Watershed Simulator)
2028-05-01,2028,5,WS_Cedar_01,WS_Cedar_01_HRU2,55.8,23.49,20.84,29.8,40.6,41.7,0.1,0.2,6.7,0.0,13.9,6.56,13.51,6.45,0.0,SSP2-4.5,Baseline,True,DEMO / SYNTHETIC DATA (Plant-to-Watershed Simulator)
2028-05-01,2028,5,WS_Cedar_01,WS_Cedar_01_HRU2,48.9,26.79,20.84,28.13,37.6,42.3,0.1,0.2,7.3,0.0,10.38,5.96,10.04,5.79,0.0,SSP5-8.5,+2C_Warming,True,DEMO / SYNTHETIC DATA (Plant-to-Watershed Simulator)
2028-05-01,2028,5,WS_Cedar_01,WS_Cedar_01_HRU3,61.2,19.9,19.47,16.23,53.8,41.0,0.1,0.2,6.0,0.0,12.0,5.66,10.53,5.99,0.0,SSP2-4.5,Baseline,True,DEMO / SYNTHETIC DATA (Plant-to-Watershed Simulator)
2028-05-01,2028,5,WS_Cedar_01,WS_Cedar_01_HRU3,53.7,23.2,19.47,16.07,48.9,41.5,0.1,0.2,6.5,0.0,9.44,5.22,8.04,5.52,0.0,SSP5-8.5,+2C_Warming,True,DEMO / SYNTHETIC DATA (Plant-to-Watershed Simulator)
2028-05-01,2028,5,WS_Iowa_03,WS_Iowa_03_HRU1,41.7,19.6,18.63,25.47,37.7,40.9,0.1,0.2,5.9,0.0,6.94,9.21,7.16,9.06,0.0,SSP2-4.5,Baseline,True,DEMO / SYNTHETIC DATA (Plant-to-Watershed Simulator)
2028-05-01,2028,5,WS_Iowa_03,WS_Iowa_03_HRU1,36.6,22.9,18.63,22.23,34.1,41.4,0.1,0.2,6.4,0.0,5.38,8.77,5.64,8.58,0.0,SSP5-8.5,+2C_Warming,True,DEMO / SYNTHETIC DATA (Plant-to-Watershed Simulator)
2028-05-01,2028,5,WS_Iowa_03,WS_Iowa_03_HRU2,89.5,22.17,22.12,29.8,51.0,41.7,0.1,0.2,6.7,0.0,35.91,17.2,34.7,18.11,0.0,SSP2-4.5,Baseline,True,DEMO / SYNTHETIC DATA (Plant-to-Watershed Simulator)
2028-05-01,2028,5,WS_Iowa_03,WS_Iowa_03_HRU2,78.5,25.47,22.12,29.63,48.2,42.2,0.1,0.2,7.2,0.0,28.9,15.2,27.75,15.92,0.0,SSP5-8.5,+2C_Warming,True,DEMO / SYNTHETIC DATA (Plant-to-Watershed Simulator)
2028-05-01,2028,5,WS_Iowa_03,WS_Iowa_03_HRU3,70.4,21.16,19.85,16.13,59.2,41.3,0.1,0.2,6.3,0.0,14.9,11.59,14.28,11.63,0.0,SSP2-4.5,Baseline,True,DEMO / SYNTHETIC DATA (Plant-to-Watershed Simulator)
2028-05-01,2028,5,WS_Iowa_03,WS_Iowa_03_HRU3,61.7,24.46,19.85,15.97,54.1,41.8,0.1,0.2,6.8,0.0,11.52,10.63,10.98,10.59,0.0,SSP5-8.5,+2C_Warming,True,DEMO / SYNTHETIC DATA (Plant-to-Watershed Simulator)
2028-05-01,2028,5,WS_Raccoon_02,WS_Raccoon_02_HRU1,57.7,19.45,19.32,25.47,47.2,40.9,0.1,0.2,5.9,0.0,13.67,8.19,12.96,8.44,0.0,SSP2-4.5,Baseline,True,DEMO / SYNTHETIC DATA (Plant-to-Watershed Simulator)
2028-05-01,2028,5,WS_Raccoon_02,WS_Raccoon_02_HRU1,50.5,22.75,19.32,25.27,43.2,41.5,0.1,0.2,6.5,0.0,10.67,7.5,10.02,7.7,0.0,SSP5-8.5,+2C_Warming,True,DEMO / SYNTHETIC DATA (Plant-to-Watershed Simulator)
2028-05-01,2028,5,WS_Raccoon_02,WS_Raccoon_02_HRU2,86.7,20.1,18.97,30.03,50.3,41.0,0.1,0.2,6.0,0.0,33.17,14.04,32.25,14.12,0.0,SSP2-4.5,Baseline,True,DEMO / SYNTHETIC DATA (Plant-to-Watershed Simulator)
2028-05-01,2028,5,WS_Raccoon_02,WS_Raccoon_02_HRU2,75.9,23.4,18.97,29.87,47.4,41.5,0.1,0.2,6.5,0.0,26.37,12.49,25.52,12.43,0.0,SSP5-8.5,+2C_Warming,True,DEMO / SYNTHETIC DATA (Plant-to-Watershed Simulator)
2028-05-01,2028,5,WS_Raccoon_02,WS_Raccoon_02_HRU3,72.0,16.83,17.8,16.43,60.1,40.4,0.1,0.2,5.4,0.0,14.82,8.78,13.89,9.22,0.0,SSP2-4.5,Baseline,True,DEMO / SYNTHETIC DATA (Plant-to-Watershed Simulator)
2028-05-01,2028,5,WS_Raccoon_02,WS_Raccoon_02_HRU3,63.0,20.13,17.8,16.27,54.9,40.9,0.1,0.2,5.9,0.0,11.25,7.96,10.4,8.35,0.0,SSP5-8.5,+2C_Warming,True,DEMO / SYNTHETIC DATA (Plant-to-Watershed Simulator)
2028-06-01,2028,6,WS_Cedar_01,WS_Cedar_01_HRU1,129.3,26.71,22.47,9.8,71.7,122.8,2.1,0.5,87.8,0.038,53.82,13.21,46.3,12.32,0.0,SSP2-4.5,Baseline,True,DEMO / SYNTHETIC DATA (Plant-to-Watershed Simulator)
2028-06-01,2028,6,WS_Cedar_01,WS_Cedar_01_HRU1,113.3,30.01,22.47,9.8,67.8,129.0,2.1,0.5,94.0,0.038,43.46,11.44,37.12,10.58,0.0,SSP5-8.5,+2C_Warming,True,DEMO / SYNTHETIC DATA (Plant-to-Watershed Simulator)
2028-06-01,2028,6,WS_Cedar_01,WS_Cedar_01_HRU2,124.9,26.96,23.35,14.0,57.8,119.7,2.07,0.5,84.7,0.082,61.72,15.11,54.21,14.0,0.0,SSP2-4.5,Baseline,True,DEMO / SYNTHETIC DATA (Plant-to-Watershed Simulator)
2028-06-01,2028,6,WS_Cedar_01,WS_Cedar_01_HRU2,109.5,30.26,23.35,14.0,55.2,125.6,2.07,0.5,90.6,0.082,50.89,13.26,44.55,12.17,0.0,SSP5-8.5,+2C_Warming,True,DEMO / SYNTHETIC DATA (Plant-to-Watershed Simulator)
2028-06-01,2028,6,WS_Cedar_01,WS_Cedar_01_HRU3,79.0,27.29,21.84,6.3,63.8,121.6,2.18,0.5,86.6,0.072,18.91,6.93,14.22,6.94,0.0,SSP2-4.5,Baseline,True,DEMO / SYNTHETIC DATA (Plant-to-Watershed Simulator)
2028-06-01,2028,6,WS_Cedar_01,WS_Cedar_01_HRU3,69.2,30.59,21.84,6.3,58.6,127.7,2.18,0.5,92.7,0.072,14.72,6.21,10.62,6.26,0.0,SSP5-8.5,+2C_Warming,True,DEMO / SYNTHETIC DATA (Plant-to-Watershed Simulator)
2028-06-01,2028,6,WS_Iowa_03,WS_Iowa_03_HRU1,137.4,24.71,23.61,9.8,73.4,119.9,2.12,0.5,84.9,0.049,58.73,24.2,51.25,23.18,0.0,SSP2-4.5,Baseline,True,DEMO / SYNTHETIC DATA (Plant-to-Watershed Simulator)
2028-06-01,2028,6,WS_Iowa_03,WS_Iowa_03_HRU1,120.4,28.01,23.61,9.8,69.6,126.1,2.12,0.5,91.1,0.049,47.51,21.0,41.31,20.04,0.0,SSP5-8.5,+2C_Warming,True,DEMO / SYNTHETIC DATA (Plant-to-Watershed Simulator)
2028-06-01,2028,6,WS_Iowa_03,WS_Iowa_03_HRU2,72.1,24.48,21.18,14.0,46.3,114.8,2.03,0.5,79.8,0.048,24.42,14.37,21.09,13.71,0.0,SSP2-4.5,Baseline,True,DEMO / SYNTHETIC DATA (Plant-to-Watershed Simulator)
2028-06-01,2028,6,WS_Iowa_03,WS_Iowa_03_HRU2,63.2,27.78,21.18,14.0,43.4,120.8,2.03,0.5,85.8,0.048,19.23,12.89,16.5,12.26,0.0,SSP5-8.5,+2C_Warming,True,DEMO / SYNTHETIC DATA (Plant-to-Watershed Simulator)
2028-06-01,2028,6,WS_Iowa_03,WS_Iowa_03_HRU3,147.1,25.23,20.29,6.3,89.0,105.4,1.71,0.5,70.4,0.082,54.4,23.16,47.24,21.83,0.0,SSP2-4.5,Baseline,True,DEMO / SYNTHETIC DATA (Plant-to-Watershed Simulator)
2028-06-01,2028,6,WS_Iowa_03,WS_Iowa_03_HRU3,128.9,28.53,20.29,6.3,83.7,110.7,1.71,0.5,75.7,0.082,43.27,19.98,37.19,18.67,0.0,SSP5-8.5,+2C_Warming,True,DEMO / SYNTHETIC DATA (Plant-to-Watershed Simulator)
2028-06-01,2028,6,WS_Raccoon_02,WS_Raccoon_02_HRU1,281.0,25.25,23.68,9.8,91.4,127.7,2.29,0.5,92.7,0.013,165.25,43.29,144.07,42.61,0.0,SSP2-4.5,Baseline,True,DEMO / SYNTHETIC DATA (Plant-to-Watershed Simulator)
2028-06-01,2028,6,WS_Raccoon_02,WS_Raccoon_02_HRU1,246.2,28.55,23.68,9.8,88.5,134.3,2.29,0.5,99.3,0.013,138.54,37.2,120.44,36.65,0.0,SSP5-8.5,+2C_Warming,True,DEMO / SYNTHETIC DATA (Plant-to-Watershed Simulator)
2028-06-01,2028,6,WS_Raccoon_02,WS_Raccoon_02_HRU2,124.1,27.05,22.9,14.0,57.7,119.0,2.01,0.5,84.0,0.072,60.32,19.06,53.27,19.2,0.0,SSP2-4.5,Baseline,True,DEMO / SYNTHETIC DATA (Plant-to-Watershed Simulator)
2028-06-01,2028,6,WS_Raccoon_02,WS_Raccoon_02_HRU2,108.7,30.35,22.9,14.0,55.1,124.8,2.01,0.5,89.8,0.072,49.51,16.59,43.59,16.76,0.0,SSP5-8.5,+2C_Warming,True,DEMO / SYNTHETIC DATA (Plant-to-Watershed Simulator)
2028-06-01,2028,6,WS_Raccoon_02,WS_Raccoon_02_HRU3,182.5,26.83,22.68,6.3,97.4,122.0,2.19,0.5,87.0,0.072,78.77,23.1,66.98,22.35,0.0,SSP2-4.5,Baseline,True,DEMO / SYNTHETIC DATA (Plant-to-Watershed Simulator)
2028-06-01,2028,6,WS_Raccoon_02,WS_Raccoon_02_HRU3,159.9,30.13,22.68,6.3,92.3,128.1,2.19,0.5,93.1,0.072,63.83,19.69,53.78,19.03,0.0,SSP5-8.5,+2C_Warming,True,DEMO / SYNTHETIC DATA (Plant-to-Watershed Simulator)
2028-07-01,2028,7,WS_Cedar_01,WS_Cedar_01_HRU1,142.0,27.74,22.98,9.8,74.4,149.1,5.03,0.9,114.1,0.086,64.25,14.94,46.87,12.22,0.0,SSP2-4.5,Baseline,True,DEMO / SYNTHETIC DATA (Plant-to-Watershed Simulator)
2028-07-01,2028,7,WS_Cedar_01,WS_Cedar_01_HRU1,124.5,31.04,22.98,9.8,70.6,156.9,5.03,0.9,121.9,0.086,52.57,12.95,37.96,10.54,0.0,SSP5-8.5,+2C_Warming,True,DEMO / SYNTHETIC DATA (Plant-to-Watershed Simulator)
2028-07-01,2028,7,WS_Cedar_01,WS_Cedar_01_HRU2,196.1,27.92,22.52,14.0,65.7,150.9,4.81,0.9,115.9,0.062,113.21,23.36,85.42,19.5,0.0,SSP2-4.5,Baseline,True,DEMO / SYNTHETIC DATA (Plant-to-Watershed Simulator)
2028-07-01,2028,7,WS_Cedar_01,WS_Cedar_01_HRU2,171.8,31.22,22.52,14.0,63.6,158.9,4.81,0.9,123.9,0.062,94.65,20.19,71.05,16.78,0.0,SSP5-8.5,+2C_Warming,True,DEMO / SYNTHETIC DATA (Plant-to-Watershed Simulator)
2028-07-01,2028,7,WS_Cedar_01,WS_Cedar_01_HRU3,96.8,27.22,24.27,6.3,72.0,156.3,4.93,0.9,121.3,0.032,26.36,9.09,17.94,7.41,0.0,SSP2-4.5,Baseline,True,DEMO / SYNTHETIC DATA (Plant-to-Watershed Simulator)
2028-07-01,2028,7,WS_Cedar_01,WS_Cedar_01_HRU3,84.8,30.52,24.27,6.3,66.7,164.5,4.93,0.9,129.5,0.032,20.44,8.08,13.59,6.59,0.0,SSP5-8.5,+2C_Warming,True,DEMO / SYNTHETIC DATA (Plant-to-Watershed Simulator)
2028-07-01,2028,7,WS_Iowa_03,WS_Iowa_03_HRU1,113.7,27.77,21.67,9.8,67.9,151.4,4.5,0.9,116.4,0.032,44.74,20.13,32.36,17.77,0.0,SSP2-4.5,Baseline,True,DEMO / SYNTHETIC DATA (Plant-to-Watershed Simulator)
2028-07-01,2028,7,WS_Iowa_03,WS_Iowa_03_HRU1,99.6,31.07,21.67,9.8,63.9,159.5,4.5,0.9,124.5,0.032,36.03,17.65,25.78,15.7,0.0,SSP5-8.5,+2C_Warming,True,DEMO / SYNTHETIC DATA (Plant-to-Watershed Simulator)
2028-07-01,2028,7,WS_Iowa_03,WS_Iowa_03_HRU2,289.5,27.57,21.79,14.0,71.2,153.4,4.57,0.9,118.4,0.016,186.58,60.45,142.0,51.85,0.0,SSP2-4.5,Baseline,True,DEMO / SYNTHETIC DATA (Plant-to-Watershed Simulator)
2028-07-01,2028,7,WS_Iowa_03,WS_Iowa_03_HRU2,253.6,30.87,21.79,14.0,69.5,161.7,4.57,0.9,126.7,0.016,158.06,52.32,119.84,44.87,0.0,SSP5-8.5,+2C_Warming,True,DEMO / SYNTHETIC DATA (Plant-to-Watershed Simulator)
2028-07-01,2028,7,WS_Iowa_03,WS_Iowa_03_HRU3,103.5,28.98,23.21,6.3,74.8,153.5,4.96,0.9,118.5,0.075,30.87,16.01,20.18,13.49,0.0,SSP2-4.5,Baseline,True,DEMO / SYNTHETIC DATA (Plant-to-Watershed Simulator)
2028-07-01,2028,7,WS_Iowa_03,WS_Iowa_03_HRU3,90.7,32.28,23.21,6.3,69.4,161.4,4.96,0.9,126.4,0.075,24.29,14.14,15.33,11.96,0.0,SSP5-8.5,+2C_Warming,True,DEMO / SYNTHETIC DATA (Plant-to-Watershed Simulator)
2028-07-01,2028,7,WS_Raccoon_02,WS_Raccoon_02_HRU1,126.0,25.45,24.06,9.8,70.9,147.4,4.7,0.9,112.4,0.058,50.57,17.68,35.72,14.16,0.0,SSP2-4.5,Baseline,True,DEMO / SYNTHETIC DATA (Plant-to-Watershed Simulator)
2028-07-01,2028,7,WS_Raccoon_02,WS_Raccoon_02_HRU1,110.4,28.75,24.06,9.8,67.0,155.4,4.7,0.9,120.4,0.058,40.57,15.4,28.12,12.24,0.0,SSP5-8.5,+2C_Warming,True,DEMO / SYNTHETIC DATA (Plant-to-Watershed Simulator)
2028-07-01,2028,7,WS_Raccoon_02,WS_Raccoon_02_HRU2,112.9,26.56,23.68,14.0,55.8,157.3,4.87,0.9,122.3,0.0,52.19,18.02,37.68,15.34,0.0,SSP2-4.5,Baseline,True,DEMO / SYNTHETIC DATA (Plant-to-Watershed Simulator)
2028-07-01,2028,7,WS_Raccoon_02,WS_Raccoon_02_HRU2,98.9,29.86,23.68,14.0,53.1,165.8,4.87,0.9,130.8,0.0,42.59,15.83,30.33,13.49,0.0,SSP5-8.5,+2C_Warming,True,DEMO / SYNTHETIC DATA (Plant-to-Watershed Simulator)
2028-07-01,2028,7,WS_Raccoon_02,WS_Raccoon_02_HRU3,57.4,27.84,26.39,6.3,51.4,160.9,4.77,0.9,125.9,0.03,9.61,8.82,3.81,6.64,0.0,SSP2-4.5,Baseline,True,DEMO / SYNTHETIC DATA (Plant-to-Watershed Simulator)
2028-07-01,2028,7,WS_Raccoon_02,WS_Raccoon_02_HRU3,50.3,31.14,26.39,6.3,46.5,169.2,4.77,0.9,134.2,0.03,7.35,8.31,2.29,6.26,0.0,SSP5-8.5,+2C_Warming,True,DEMO / SYNTHETIC DATA (Plant-to-Watershed Simulator)
2028-08-01,2028,8,WS_Cedar_01,WS_Cedar_01_HRU1,92.9,26.73,20.74,9.8,61.8,145.3,4.64,1.2,110.3,0.055,31.18,10.08,20.65,7.53,0.0,SSP2-4.5,Baseline,True,DEMO / SYNTHETIC DATA (Plant-to-Watershed Simulator)
2028-08-01,2028,8,WS_Cedar_01,WS_Cedar_01_HRU1,81.4,30.03,20.74,9.8,57.7,153.3,4.64,1.2,118.3,0.055,24.69,8.97,15.87,6.63,0.0,SSP5-8.5,+2C_Warming,True,DEMO / SYNTHETIC DATA (Plant-to-Watershed Simulator)
2028-08-01,2028,8,WS_Cedar_01,WS_Cedar_01_HRU2,105.8,25.59,23.14,14.0,54.5,149.8,5.08,1.2,114.8,0.041,47.2,12.17,34.03,10.2,0.0,SSP2-4.5,Baseline,True,DEMO / SYNTHETIC DATA (Plant-to-Watershed Simulator)
2028-08-01,2028,8,WS_Cedar_01,WS_Cedar_01_HRU2,92.7,28.89,23.14,14.0,51.8,158.0,5.08,1.2,123.0,0.041,38.39,10.66,27.34,8.94,0.0,SSP5-8.5,+2C_Warming,True,DEMO / SYNTHETIC DATA (Plant-to-Watershed Simulator)
2028-08-01,2028,8,WS_Cedar_01,WS_Cedar_01_HRU3,62.3,26.45,22.79,6.3,54.5,154.2,4.59,1.2,119.2,0.0,13.31,5.83,6.51,4.95,0.0,SSP2-4.5,Baseline,True,DEMO / SYNTHETIC DATA (Plant-to-Watershed Simulator)
2028-08-01,2028,8,WS_Cedar_01,WS_Cedar_01_HRU3,54.6,29.75,22.79,6.3,49.5,162.7,4.59,1.2,127.7,0.0,10.64,5.38,4.77,4.62,0.0,SSP5-8.5,+2C_Warming,True,DEMO / SYNTHETIC DATA (Plant-to-Watershed Simulator)
2028-08-01,2028,8,WS_Iowa_03,WS_Iowa_03_HRU1,120.0,25.98,22.7,9.8,69.5,145.6,4.63,1.2,110.6,0.063,49.0,20.68,33.76,17.11,0.0,SSP2-4.5,Baseline,True,DEMO / SYNTHETIC DATA (Plant-to-Watershed Simulator)
2028-08-01,2028,8,WS_Iowa_03,WS_Iowa_03_HRU1,105.2,29.28,22.7,9.8,65.6,153.5,4.63,1.2,118.5,0.063,39.67,18.02,26.75,14.9,0.0,SSP5-8.5,+2C_Warming,True,DEMO / SYNTHETIC DATA (Plant-to-Watershed Simulator)
2028-08-01,2028,8,WS_Iowa_03,WS_Iowa_03_HRU2,164.7,25.98,23.4,14.0,62.9,152.0,4.54,1.2,117.0,0.015,86.16,31.83,63.47,27.37,0.0,SSP2-4.5,Baseline,True,DEMO / SYNTHETIC DATA (Plant-to-Watershed Simulator)
2028-08-01,2028,8,WS_Iowa_03,WS_Iowa_03_HRU2,144.3,29.28,23.4,14.0,60.5,160.3,4.54,1.2,125.3,0.015,70.98,27.51,51.79,23.69,0.0,SSP5-8.5,+2C_Warming,True,DEMO / SYNTHETIC DATA (Plant-to-Watershed Simulator)
2028-08-01,2028,8,WS_Iowa_03,WS_Iowa_03_HRU3,121.2,24.05,23.2,6.3,81.2,137.4,4.57,1.2,102.4,0.099,37.75,18.26,24.14,14.62,0.0,SSP2-4.5,Baseline,True,DEMO / SYNTHETIC DATA (Plant-to-Watershed Simulator)
2028-08-01,2028,8,WS_Iowa_03,WS_Iowa_03_HRU3,106.2,27.35,23.2,6.3,75.8,145.0,4.57,1.2,110.0,0.099,29.35,15.87,17.96,12.67,0.0,SSP5-8.5,+2C_Warming,True,DEMO / SYNTHETIC DATA (Plant-to-Watershed Simulator)
2028-08-01,2028,8,WS_Raccoon_02,WS_Raccoon_02_HRU1,123.1,25.54,20.23,9.8,70.3,146.4,4.94,1.2,111.4,0.023,48.69,16.66,33.98,13.43,0.0,SSP2-4.5,Baseline,True,DEMO / SYNTHETIC DATA (Plant-to-Watershed Simulator)
2028-08-01,2028,8,WS_Raccoon_02,WS_Raccoon_02_HRU1,107.8,28.84,20.23,9.8,66.3,154.7,4.94,1.2,119.7,0.023,38.96,14.44,26.67,11.59,0.0,SSP5-8.5,+2C_Warming,True,DEMO / SYNTHETIC DATA (Plant-to-Watershed Simulator)
2028-08-01,2028,8,WS_Raccoon_02,WS_Raccoon_02_HRU2,261.3,26.52,21.46,14.0,69.9,140.5,4.66,1.2,105.5,0.102,166.87,43.54,125.04,37.28,0.0,SSP2-4.5,Baseline,True,DEMO / SYNTHETIC DATA (Plant-to-Watershed Simulator)
2028-08-01,2028,8,WS_Raccoon_02,WS_Raccoon_02_HRU2,229.0,29.82,21.46,14.0,68.0,148.1,4.66,1.2,113.1,0.102,141.43,37.74,105.32,32.31,0.0,SSP5-8.5,+2C_Warming,True,DEMO / SYNTHETIC DATA (Plant-to-Watershed Simulator)
2028-08-01,2028,8,WS_Raccoon_02,WS_Raccoon_02_HRU3,126.7,25.46,21.86,6.3,83.0,144.1,5.03,1.2,109.1,0.067,41.29,15.41,25.59,12.28,0.0,SSP2-4.5,Baseline,True,DEMO / SYNTHETIC DATA (Plant-to-Watershed Simulator)
2028-08-01,2028,8,WS_Raccoon_02,WS_Raccoon_02_HRU3,111.0,28.76,21.86,6.3,77.6,152.1,5.03,1.2,117.1,0.067,32.3,13.36,18.94,10.61,0.0,SSP5-8.5,+2C_Warming,True,DEMO / SYNTHETIC DATA (Plant-to-Watershed Simulator)
2028-09-01,2028,9,WS_Cedar_01,WS_Cedar_01_HRU1,95.4,18.35,20.14,9.8,62.6,103.7,2.22,1.33,68.7,0.071,32.08,9.46,23.67,8.36,0.0,SSP2-4.5,Baseline,True,DEMO / SYNTHETIC DATA (Plant-to-Watershed Simulator)
2028-09-01,2028,9,WS_Cedar_01,WS_Cedar_01_HRU1,83.6,21.65,20.14,9.8,58.5,109.8,2.22,1.33,74.8,0.071,25.33,8.3,17.97,7.28,0.0,SSP5-8.5,+2C_Warming,True,DEMO / SYNTHETIC DATA (Plant-to-Watershed Simulator)
2028-09-01,2028,9,WS_Cedar_01,WS_Cedar_01_HRU2,100.9,20.12,19.47,14.0,53.5,103.5,2.02,1.33,68.5,0.062,43.38,11.26,34.81,10.43,0.0,SSP2-4.5,Baseline,True,DEMO / SYNTHETIC DATA (Plant-to-Watershed Simulator)
2028-09-01,2028,9,WS_Cedar_01,WS_Cedar_01_HRU2,88.4,23.42,19.47,14.0,50.7,109.5,2.02,1.33,74.5,0.062,35.09,9.84,27.55,9.06,0.0,SSP5-8.5,+2C_Warming,True,DEMO / SYNTHETIC DATA (Plant-to-Watershed Simulator)
2028-09-01,2028,9,WS_Cedar_01,WS_Cedar_01_HRU3,111.1,20.16,19.61,6.3,77.7,103.2,2.04,1.33,68.2,0.075,32.98,10.13,23.7,8.55,0.0,SSP2-4.5,Baseline,True,DEMO / SYNTHETIC DATA (Plant-to-Watershed Simulator)
2028-09-01,2028,9,WS_Cedar_01,WS_Cedar_01_HRU3,97.3,23.46,19.61,6.3,72.3,109.0,2.04,1.33,74.0,0.075,25.59,8.86,17.46,7.37,0.0,SSP5-8.5,+2C_Warming,True,DEMO / SYNTHETIC DATA (Plant-to-Watershed Simulator)
2028-09-01,2028,9,WS_Iowa_03,WS_Iowa_03_HRU1,157.8,18.25,20.89,9.8,77.3,102.4,1.82,1.33,67.4,0.0,72.35,28.68,59.0,25.45,0.0,SSP2-4.5,Baseline,True,DEMO / SYNTHETIC DATA (Plant-to-Watershed Simulator)
2028-09-01,2028,9,WS_Iowa_03,WS_Iowa_03_HRU1,138.2,21.55,20.89,9.8,73.6,108.4,1.82,1.33,73.4,0.0,58.87,24.84,47.0,21.67,0.0,SSP5-8.5,+2C_Warming,True,DEMO / SYNTHETIC DATA (Plant-to-Watershed Simulator)
2028-09-01,2028,9,WS_Iowa_03,WS_Iowa_03_HRU2,73.7,19.37,18.42,14.0,46.8,91.4,2.14,1.33,56.4,0.221,25.15,14.28,19.08,13.57,0.0,SSP2-4.5,Baseline,True,DEMO / SYNTHETIC DATA (Plant-to-Watershed Simulator)
2028-09-01,2028,9,WS_Iowa_03,WS_Iowa_03_HRU2,64.6,22.67,18.42,14.0,43.9,89.3,2.14,1.33,54.3,0.311,19.79,12.75,14.5,12.13,0.0,SSP5-8.5,+2C_Warming,True,DEMO / SYNTHETIC DATA (Plant-to-Watershed Simulator)
2028-09-01,2028,9,WS_Iowa_03,WS_Iowa_03_HRU3,83.6,18.43,19.34,6.3,66.1,104.3,2.22,1.33,69.3,0.05,19.11,12.93,12.5,10.98,0.0,SSP2-4.5,Baseline,True,DEMO / SYNTHETIC DATA (Plant-to-Watershed Simulator)
2028-09-01,2028,9,WS_Iowa_03,WS_Iowa_03_HRU3,73.2,21.73,19.34,6.3,60.8,110.6,2.22,1.33,75.6,0.05,14.47,11.6,8.76,9.8,0.0,SSP5-8.5,+2C_Warming,True,DEMO / SYNTHETIC DATA (Plant-to-Watershed Simulator)
2028-09-01,2028,9,WS_Raccoon_02,WS_Raccoon_02_HRU1,123.8,24.41,19.52,9.8,70.4,116.1,2.18,1.33,81.1,0.04,50.43,17.89,40.4,15.63,0.0,SSP2-4.5,Baseline,True,DEMO / SYNTHETIC DATA (Plant-to-Watershed Simulator)
2028-09-01,2028,9,WS_Raccoon_02,WS_Raccoon_02_HRU1,108.4,27.71,19.52,9.8,66.5,122.4,2.18,1.33,87.4,0.04,40.61,15.66,31.93,13.5,0.0,SSP5-8.5,+2C_Warming,True,DEMO / SYNTHETIC DATA (Plant-to-Watershed Simulator)
2028-09-01,2028,9,WS_Raccoon_02,WS_Raccoon_02_HRU2,72.8,19.12,18.42,14.0,46.5,93.3,2.0,1.33,58.3,0.16,25.51,11.72,19.26,10.89,0.0,SSP2-4.5,Baseline,True,DEMO / SYNTHETIC DATA (Plant-to-Watershed Simulator)
2028-09-01,2028,9,WS_Raccoon_02,WS_Raccoon_02_HRU2,63.8,22.42,18.42,14.0,43.6,91.8,2.0,1.33,56.8,0.25,20.24,10.52,14.72,9.74,0.0,SSP5-8.5,+2C_Warming,True,DEMO / SYNTHETIC DATA (Plant-to-Watershed Simulator)
2028-09-01,2028,9,WS_Raccoon_02,WS_Raccoon_02_HRU3,71.0,18.99,20.84,6.3,59.6,107.7,2.17,1.33,72.7,0.034,12.97,8.5,7.02,7.02,0.0,SSP2-4.5,Baseline,True,DEMO / SYNTHETIC DATA (Plant-to-Watershed Simulator)
2028-09-01,2028,9,WS_Raccoon_02,WS_Raccoon_02_HRU3,62.2,22.29,20.84,6.3,54.4,114.1,2.17,1.33,79.1,0.034,9.52,7.72,4.33,6.35,0.0,SSP5-8.5,+2C_Warming,True,DEMO / SYNTHETIC DATA (Plant-to-Watershed Simulator)
2028-10-01,2028,10,WS_Cedar_01,WS_Cedar_01_HRU1,45.8,10.05,14.9,14.77,40.4,25.5,0.1,1.38,4.0,0.0,9.23,4.94,5.64,4.87,12.83,SSP2-4.5,Baseline,True,DEMO / SYNTHETIC DATA (Plant-to-Watershed Simulator)
2028-10-01,2028,10,WS_Cedar_01,WS_Cedar_01_HRU1,40.1,13.35,14.9,12.8,36.6,27.6,0.1,1.38,4.5,0.0,7.3,4.61,4.02,4.56,12.83,SSP5-8.5,+2C_Warming,True,DEMO / SYNTHETIC DATA (Plant-to-Watershed Simulator)
2028-10-01,2028,10,WS_Cedar_01,WS_Cedar_01_HRU2,61.3,8.99,14.33,19.67,42.7,25.7,0.1,1.38,3.7,0.0,20.73,7.52,16.93,7.56,11.93,SSP2-4.5,Baseline,True,DEMO / SYNTHETIC DATA (Plant-to-Watershed Simulator)
2028-10-01,2028,10,WS_Cedar_01,WS_Cedar_01_HRU2,53.7,12.29,14.33,17.73,39.7,28.5,0.1,1.38,4.3,0.0,16.65,6.82,13.1,6.84,11.93,SSP5-8.5,+2C_Warming,True,DEMO / SYNTHETIC DATA (Plant-to-Watershed Simulator)
2028-10-01,2028,10,WS_Cedar_01,WS_Cedar_01_HRU3,21.2,12.8,15.6,6.3,21.2,22.8,0.1,1.38,4.5,0.0,1.5,4.05,0.5,4.27,12.81,SSP2-4.5,Baseline,True,DEMO / SYNTHETIC DATA (Plant-to-Watershed Simulator)
2028-10-01,2028,10,WS_Cedar_01,WS_Cedar_01_HRU3,18.5,16.1,15.6,6.3,18.5,24.0,0.1,1.38,5.0,0.0,1.5,4.05,0.5,4.27,12.81,SSP5-8.5,+2C_Warming,True,DEMO / SYNTHETIC DATA (Plant-to-Watershed Simulator)
2028-10-01,2028,10,WS_Iowa_03,WS_Iowa_03_HRU1,116.7,12.1,13.37,20.83,68.7,35.6,0.1,1.38,4.1,0.0,44.37,20.23,38.64,19.49,13.67,SSP2-4.5,Baseline,True,DEMO / SYNTHETIC DATA (Plant-to-Watershed Simulator)
2028-10-01,2028,10,WS_Iowa_03,WS_Iowa_03_HRU1,102.3,15.4,13.37,18.43,64.7,38.8,0.1,1.38,4.7,0.0,35.39,17.67,30.02,16.78,13.67,SSP5-8.5,+2C_Warming,True,DEMO / SYNTHETIC DATA (Plant-to-Watershed Simulator)
2028-10-01,2028,10,WS_Iowa_03,WS_Iowa_03_HRU2,39.2,10.29,14.87,16.67,32.8,24.8,0.1,1.38,4.0,0.0,7.06,9.68,4.72,8.77,12.19,SSP2-4.5,Baseline,True,DEMO / SYNTHETIC DATA (Plant-to-Watershed Simulator)
2028-10-01,2028,10,WS_Iowa_03,WS_Iowa_03_HRU2,34.3,13.59,14.87,14.9,29.9,27.2,0.1,1.38,4.5,0.0,5.12,9.13,3.01,8.23,12.19,SSP5-8.5,+2C_Warming,True,DEMO / SYNTHETIC DATA (Plant-to-Watershed Simulator)
2028-10-01,2028,10,WS_Iowa_03,WS_Iowa_03_HRU3,34.2,10.58,15.03,8.9,33.7,25.9,0.1,1.38,4.1,0.0,1.66,7.95,0.5,7.33,13.24,SSP2-4.5,Baseline,True,DEMO / SYNTHETIC DATA (Plant-to-Watershed Simulator)
2028-10-01,2028,10,WS_Iowa_03,WS_Iowa_03_HRU3,30.0,13.88,15.03,7.13,29.9,27.4,0.1,1.38,4.6,0.0,1.5,7.91,0.5,7.33,13.24,SSP5-8.5,+2C_Warming,True,DEMO / SYNTHETIC DATA (Plant-to-Watershed Simulator)
2028-10-01,2028,10,WS_Raccoon_02,WS_Raccoon_02_HRU1,62.4,11.5,15.79,16.1,49.5,30.6,0.1,1.38,4.3,0.0,14.61,8.98,11.31,8.64,12.34,SSP2-4.5,Baseline,True,DEMO / SYNTHETIC DATA (Plant-to-Watershed Simulator)
2028-10-01,2028,10,WS_Raccoon_02,WS_Raccoon_02_HRU1,54.7,14.8,15.79,14.03,45.6,32.9,0.1,1.38,4.8,0.0,11.2,8.2,8.22,7.87,12.34,SSP5-8.5,+2C_Warming,True,DEMO / SYNTHETIC DATA (Plant-to-Watershed Simulator)
2028-10-01,2028,10,WS_Raccoon_02,WS_Raccoon_02_HRU2,26.1,10.17,14.41,14.5,24.4,22.9,0.12,1.38,4.7,0.0,3.74,6.88,2.37,6.01,12.43,SSP2-4.5,Baseline,True,DEMO / SYNTHETIC DATA (Plant-to-Watershed Simulator)
2028-10-01,2028,10,WS_Raccoon_02,WS_Raccoon_02_HRU2,22.9,13.47,14.41,14.0,22.0,25.2,0.12,1.38,5.3,0.0,2.93,6.7,1.76,5.85,12.43,SSP5-8.5,+2C_Warming,True,DEMO / SYNTHETIC DATA (Plant-to-Watershed Simulator)
2028-10-01,2028,10,WS_Raccoon_02,WS_Raccoon_02_HRU3,37.2,13.55,16.44,8.07,36.3,31.0,0.1,1.38,4.7,0.0,3.13,6.98,0.5,5.52,12.91,SSP2-4.5,Baseline,True,DEMO / SYNTHETIC DATA (Plant-to-Watershed Simulator)
2028-10-01,2028,10,WS_Raccoon_02,WS_Raccoon_02_HRU3,32.6,16.85,16.44,6.3,32.3,32.3,0.1,1.38,5.2,0.0,2.34,6.8,0.5,5.52,12.91,SSP5-8.5,+2C_Warming,True,DEMO / SYNTHETIC DATA (Plant-to-Watershed Simulator)
2028-11-01,2028,11,WS_Cedar_01,WS_Cedar_01_HRU1,52.4,3.02,9.11,24.4,44.3,15.4,0.0,0.1,0.0,0.0,10.92,6.29,11.59,5.74,0.0,SSP2-4.5,Baseline,True,DEMO / SYNTHETIC DATA (Plant-to-Watershed Simulator)
2028-11-01,2028,11,WS_Cedar_01,WS_Cedar_01_HRU1,45.9,6.32,9.11,20.63,40.4,16.9,0.0,0.1,0.0,0.0,8.42,5.86,9.11,5.27,0.0,SSP5-8.5,+2C_Warming,True,DEMO / SYNTHETIC DATA (Plant-to-Watershed Simulator)
2028-11-01,2028,11,WS_Cedar_01,WS_Cedar_01_HRU2,48.0,0.4,10.15,27.77,37.2,12.9,0.0,0.1,0.0,0.0,13.26,6.79,12.91,5.9,0.0,SSP2-4.5,Baseline,True,DEMO / SYNTHETIC DATA (Plant-to-Watershed Simulator)
2028-11-01,2028,11,WS_Cedar_01,WS_Cedar_01_HRU2,42.1,3.7,10.15,24.17,34.3,15.0,0.0,0.1,0.0,0.0,10.53,6.32,10.2,5.38,0.0,SSP5-8.5,+2C_Warming,True,DEMO / SYNTHETIC DATA (Plant-to-Watershed Simulator)
2028-11-01,2028,11,WS_Cedar_01,WS_Cedar_01_HRU3,83.9,4.16,8.47,21.57,66.2,20.4,0.0,0.1,0.0,0.0,20.06,8.15,20.06,7.69,0.0,SSP2-4.5,Baseline,True,DEMO / SYNTHETIC DATA (Plant-to-Watershed Simulator)
2028-11-01,2028,11,WS_Cedar_01,WS_Cedar_01_HRU3,73.5,7.46,8.47,18.83,60.9,23.3,0.0,0.1,0.0,0.0,15.4,7.36,15.43,6.81,0.0,SSP5-8.5,+2C_Warming,True,DEMO / SYNTHETIC DATA (Plant-to-Watershed Simulator)
2028-11-01,2028,11,WS_Iowa_03,WS_Iowa_03_HRU1,20.6,5.02,11.54,21.63,20.6,18.2,0.0,0.1,0.0,0.0,2.65,8.25,4.0,8.36,0.0,SSP2-4.5,Baseline,True,DEMO / SYNTHETIC DATA (Plant-to-Watershed Simulator)
2028-11-01,2028,11,WS_Iowa_03,WS_Iowa_03_HRU1,18.1,8.32,11.54,18.1,18.1,19.1,0.0,0.1,0.0,0.0,2.44,8.19,3.8,8.3,0.0,SSP5-8.5,+2C_Warming,True,DEMO / SYNTHETIC DATA (Plant-to-Watershed Simulator)
2028-11-01,2028,11,WS_Iowa_03,WS_Iowa_03_HRU2,76.0,4.01,11.29,26.57,47.5,17.8,0.0,0.1,0.0,0.0,27.87,15.88,27.75,16.2,0.0,SSP2-4.5,Baseline,True,DEMO / SYNTHETIC DATA (Plant-to-Watershed Simulator)
2028-11-01,2028,11,WS_Iowa_03,WS_Iowa_03_HRU2,66.6,7.31,11.29,23.2,44.5,19.6,0.0,0.1,0.0,0.0,22.26,14.28,22.16,14.44,0.0,SSP5-8.5,+2C_Warming,True,DEMO / SYNTHETIC DATA (Plant-to-Watershed Simulator)
2028-11-01,2028,11,WS_Iowa_03,WS_Iowa_03_HRU3,68.8,3.91,10.74,20.97,58.3,22.1,0.0,0.1,0.0,0.0,14.59,12.13,13.98,11.3,0.0,SSP2-4.5,Baseline,True,DEMO / SYNTHETIC DATA (Plant-to-Watershed Simulator)
2028-11-01,2028,11,WS_Iowa_03,WS_Iowa_03_HRU3,60.3,7.21,10.74,17.1,53.2,23.3,0.0,0.1,0.0,0.0,11.35,11.2,10.77,10.29,0.0,SSP5-8.5,+2C_Warming,True,DEMO / SYNTHETIC DATA (Plant-to-Watershed Simulator)
2028-11-01,2028,11,WS_Raccoon_02,WS_Raccoon_02_HRU1,22.1,4.31,9.09,19.0,22.0,13.3,0.0,0.1,0.0,0.0,1.5,5.87,1.05,6.03,0.0,SSP2-4.5,Baseline,True,DEMO / SYNTHETIC DATA (Plant-to-Watershed Simulator)
2028-11-01,2028,11,WS_Raccoon_02,WS_Raccoon_02_HRU1,19.3,7.61,9.09,15.73,19.3,14.2,0.0,0.1,0.0,0.0,1.5,5.87,1.07,6.04,0.0,SSP5-8.5,+2C_Warming,True,DEMO / SYNTHETIC DATA (Plant-to-Watershed Simulator)
2028-11-01,2028,11,WS_Raccoon_02,WS_Raccoon_02_HRU2,24.2,2.07,8.18,19.1,23.0,9.2,0.0,0.1,0.0,0.0,3.47,7.01,3.06,6.08,0.0,SSP2-4.5,Baseline,True,DEMO / SYNTHETIC DATA (Plant-to-Watershed Simulator)
2028-11-01,2028,11,WS_Raccoon_02,WS_Raccoon_02_HRU2,21.2,5.37,8.18,17.23,20.6,10.9,0.0,0.1,0.0,0.0,2.79,6.86,2.39,5.91,0.0,SSP5-8.5,+2C_Warming,True,DEMO / SYNTHETIC DATA (Plant-to-Watershed Simulator)
2028-11-01,2028,11,WS_Raccoon_02,WS_Raccoon_02_HRU3,29.1,4.37,10.79,13.0,29.0,14.2,0.0,0.1,0.0,0.0,1.5,6.02,1.43,5.89,0.0,SSP2-4.5,Baseline,True,DEMO / SYNTHETIC DATA (Plant-to-Watershed Simulator)
2028-11-01,2028,11,WS_Raccoon_02,WS_Raccoon_02_HRU3,25.5,7.67,10.79,10.07,25.5,14.2,0.0,0.1,0.0,0.0,1.5,6.02,1.45,5.89,0.0,SSP5-8.5,+2C_Warming,True,DEMO / SYNTHETIC DATA (Plant-to-Watershed Simulator)
2028-12-01,2028,12,WS_Cedar_01,WS_Cedar_01_HRU1,43.6,-2.61,10.1,36.53,39.0,2.6,0.0,0.1,0.0,0.0,8.38,5.46,9.39,6.1,0.0,SSP2-4.5,Baseline,True,DEMO / SYNTHETIC DATA (Plant-to-Watershed Simulator)
2028-12-01,2028,12,WS_Cedar_01,WS_Cedar_01_HRU1,38.2,0.69,10.1,27.43,35.3,14.9,0.0,0.1,0.0,0.0,6.65,5.16,7.68,5.78,0.0,SSP5-8.5,+2C_Warming,True,DEMO / SYNTHETIC DATA (Plant-to-Watershed Simulator)
2028-12-01,2028,12,WS_Cedar_01,WS_Cedar_01_HRU2,52.7,-2.33,6.0,40.0,39.3,2.6,0.0,0.1,0.0,0.0,13.42,6.28,13.34,6.25,0.0,SSP2-4.5,Baseline,True,DEMO / SYNTHETIC DATA (Plant-to-Watershed Simulator)
2028-12-01,2028,12,WS_Cedar_01,WS_Cedar_01_HRU2,46.2,0.97,6.0,32.3,36.4,12.0,0.0,0.1,0.0,0.0,10.23,5.73,10.17,5.65,0.0,SSP5-8.5,+2C_Warming,True,DEMO / SYNTHETIC DATA (Plant-to-Watershed Simulator)
2028-12-01,2028,12,WS_Cedar_01,WS_Cedar_01_HRU3,27.3,-0.81,8.21,28.97,27.3,2.8,0.0,0.1,0.0,0.0,1.94,3.99,1.44,4.25,0.0,SSP2-4.5,Baseline,True,DEMO / SYNTHETIC DATA (Plant-to-Watershed Simulator)
2028-12-01,2028,12,WS_Cedar_01,WS_Cedar_01_HRU3,23.9,2.49,8.21,21.2,23.9,16.8,0.0,0.1,0.0,0.0,1.66,3.94,1.18,4.2,0.0,SSP5-8.5,+2C_Warming,True,DEMO / SYNTHETIC DATA (Plant-to-Watershed Simulator)
2028-12-01,2028,12,WS_Iowa_03,WS_Iowa_03_HRU1,87.5,-3.07,6.0,38.17,59.9,2.8,0.0,0.1,0.0,0.0,25.46,14.84,25.5,15.29,0.0,SSP2-4.5,Baseline,True,DEMO / SYNTHETIC DATA (Plant-to-Watershed Simulator)
2028-12-01,2028,12,WS_Iowa_03,WS_Iowa_03_HRU1,76.7,0.23,6.0,32.53,55.9,12.6,0.0,0.1,0.0,0.0,19.55,13.16,19.61,13.43,0.0,SSP5-8.5,+2C_Warming,True,DEMO / SYNTHETIC DATA (Plant-to-Watershed Simulator)
2028-12-01,2028,12,WS_Iowa_03,WS_Iowa_03_HRU2,25.0,-2.75,7.87,33.7,23.6,2.2,0.0,0.1,0.0,0.0,3.39,8.09,3.89,8.62,0.0,SSP2-4.5,Baseline,True,DEMO / SYNTHETIC DATA (Plant-to-Watershed Simulator)
2028-12-01,2028,12,WS_Iowa_03,WS_Iowa_03_HRU2,21.9,0.55,7.87,26.67,21.2,10.8,0.0,0.1,0.0,0.0,2.65,7.88,3.16,8.39,0.0,SSP5-8.5,+2C_Warming,True,DEMO / SYNTHETIC DATA (Plant-to-Watershed Simulator)
2028-12-01,2028,12,WS_Iowa_03,WS_Iowa_03_HRU3,42.6,-3.08,7.81,28.97,40.8,2.8,0.0,0.1,0.0,0.0,4.79,9.5,4.49,9.05,0.0,SSP2-4.5,Baseline,True,DEMO / SYNTHETIC DATA (Plant-to-Watershed Simulator)
2028-12-01,2028,12,WS_Iowa_03,WS_Iowa_03_HRU3,37.3,0.22,7.81,24.3,36.4,14.8,0.0,0.1,0.0,0.0,3.65,9.18,3.38,8.7,0.0,SSP5-8.5,+2C_Warming,True,DEMO / SYNTHETIC DATA (Plant-to-Watershed Simulator)
2028-12-01,2028,12,WS_Raccoon_02,WS_Raccoon_02_HRU1,54.8,-1.38,8.6,33.4,45.6,2.4,0.0,0.1,0.0,0.0,12.17,9.05,12.33,8.72,0.0,SSP2-4.5,Baseline,True,DEMO / SYNTHETIC DATA (Plant-to-Watershed Simulator)
2028-12-01,2028,12,WS_Raccoon_02,WS_Raccoon_02_HRU1,48.0,1.92,8.6,25.0,41.7,13.9,0.0,0.1,0.0,0.0,9.46,8.43,9.65,8.05,0.0,SSP5-8.5,+2C_Warming,True,DEMO / SYNTHETIC DATA (Plant-to-Watershed Simulator)
2028-12-01,2028,12,WS_Raccoon_02,WS_Raccoon_02_HRU2,19.8,-0.65,6.0,25.03,19.4,1.6,0.0,0.1,0.0,0.0,1.6,5.82,1.59,6.81,0.0,SSP2-4.5,Baseline,True,DEMO / SYNTHETIC DATA (Plant-to-Watershed Simulator)
2028-12-01,2028,12,WS_Raccoon_02,WS_Raccoon_02_HRU2,17.3,2.65,6.0,20.0,17.2,8.9,0.0,0.1,0.0,0.0,1.5,5.8,1.51,6.79,0.0,SSP5-8.5,+2C_Warming,True,DEMO / SYNTHETIC DATA (Plant-to-Watershed Simulator)
2028-12-01,2028,12,WS_Raccoon_02,WS_Raccoon_02_HRU3,49.4,0.43,6.48,23.83,45.9,13.4,0.0,0.1,0.0,0.0,6.33,7.49,6.16,6.89,0.0,SSP2-4.5,Baseline,True,DEMO / SYNTHETIC DATA (Plant-to-Watershed Simulator)
2028-12-01,2028,12,WS_Raccoon_02,WS_Raccoon_02_HRU3,43.3,3.73,6.48,18.8,41.3,15.1,0.0,0.1,0.0,0.0,4.7,7.12,4.56,6.48,0.0,SSP5-8.5,+2C_Warming,True,DEMO / SYNTHETIC DATA (Plant-to-Watershed Simulator)
2029-01-01,2029,1,WS_Cedar_01,WS_Cedar_01_HRU1,61.5,-4.67,8.29,38.17,49.1,2.8,0.0,0.1,0.0,0.0,15.27,6.44,14.78,6.07,0.0,SSP2-4.5,Baseline,True,DEMO / SYNTHETIC DATA (Plant-to-Watershed Simulator)
2029-01-01,2029,1,WS_Cedar_01,WS_Cedar_01_HRU1,53.9,-1.37,8.29,38.17,45.1,2.8,0.0,0.1,0.0,0.0,11.94,5.87,11.48,5.45,0.0,SSP5-8.5,+2C_Warming,True,DEMO / SYNTHETIC DATA (Plant-to-Watershed Simulator)
2029-01-01,2029,1,WS_Cedar_01,WS_Cedar_01_HRU2,18.4,-3.77,8.23,42.77,18.2,2.8,0.0,0.1,0.0,0.0,2.24,4.37,2.3,4.17,0.0,SSP2-4.5,Baseline,True,DEMO / SYNTHETIC DATA (Plant-to-Watershed Simulator)
2029-01-01,2029,1,WS_Cedar_01,WS_Cedar_01_HRU2,16.1,-0.47,8.23,36.87,16.1,2.4,0.0,0.1,0.0,0.0,1.93,4.32,2.0,4.11,0.0,SSP5-8.5,+2C_Warming,True,DEMO / SYNTHETIC DATA (Plant-to-Watershed Simulator)
2029-01-01,2029,1,WS_Cedar_01,WS_Cedar_01_HRU3,47.0,-1.8,6.0,28.97,44.1,2.8,0.0,0.1,0.0,0.0,4.57,4.89,5.19,4.35,0.0,SSP2-4.5,Baseline,True,DEMO / SYNTHETIC DATA (Plant-to-Watershed Simulator)
2029-01-01,2029,1,WS_Cedar_01,WS_Cedar_01_HRU3,41.2,1.5,6.0,24.83,39.7,15.2,0.0,0.1,0.0,0.0,3.13,4.65,3.78,4.08,0.0,SSP5-8.5,+2C_Warming,True,DEMO / SYNTHETIC DATA (Plant-to-Watershed Simulator)
2029-01-01,2029,1,WS_Iowa_03,WS_Iowa_03_HRU1,17.8,-4.47,7.52,38.17,17.8,2.8,0.0,0.1,0.0,0.0,3.97,8.96,2.36,7.95,0.0,SSP2-4.5,Baseline,True,DEMO / SYNTHETIC DATA (Plant-to-Watershed Simulator)
2029-01-01,2029,1,WS_Iowa_03,WS_Iowa_03_HRU1,15.6,-1.17,7.52,36.83,15.6,2.7,0.0,0.1,0.0,0.0,3.79,8.91,2.19,7.9,0.0,SSP5-8.5,+2C_Warming,True,DEMO / SYNTHETIC DATA (Plant-to-Watershed Simulator)
2029-01-01,2029,1,WS_Iowa_03,WS_Iowa_03_HRU2,15.1,-5.36,6.33,37.93,15.1,2.4,0.0,0.1,0.0,0.0,1.5,7.93,0.71,7.41,0.0,SSP2-4.5,Baseline,True,DEMO / SYNTHETIC DATA (Plant-to-Watershed Simulator)
2029-01-01,2029,1,WS_Iowa_03,WS_Iowa_03_HRU2,13.2,-2.06,6.33,30.4,13.2,2.0,0.0,0.1,0.0,0.0,1.5,7.93,0.72,7.42,0.0,SSP5-8.5,+2C_Warming,True,DEMO / SYNTHETIC DATA (Plant-to-Watershed Simulator)
2029-01-01,2029,1,WS_Iowa_03,WS_Iowa_03_HRU3,60.3,-4.77,6.77,28.97,53.2,2.8,0.0,0.1,0.0,0.0,12.08,11.57,11.12,10.65,0.0,SSP2-4.5,Baseline,True,DEMO / SYNTHETIC DATA (Plant-to-Watershed Simulator)
2029-01-01,2029,1,WS_Iowa_03,WS_Iowa_03_HRU3,52.8,-1.47,6.77,28.97,48.3,2.8,0.0,0.1,0.0,0.0,9.56,10.85,8.63,9.86,0.0,SSP5-8.5,+2C_Warming,True,DEMO / SYNTHETIC DATA (Plant-to-Watershed Simulator)
2029-01-01,2029,1,WS_Raccoon_02,WS_Raccoon_02_HRU1,38.0,-2.69,6.0,38.17,35.2,2.8,0.0,0.1,0.0,0.0,3.2,5.88,2.88,6.07,0.0,SSP2-4.5,Baseline,True,DEMO / SYNTHETIC DATA (Plant-to-Watershed Simulator)
2029-01-01,2029,1,WS_Raccoon_02,WS_Raccoon_02_HRU1,33.3,0.61,6.0,31.33,31.7,12.7,0.0,0.1,0.0,0.0,1.92,5.58,1.62,5.75,0.0,SSP5-8.5,+2C_Warming,True,DEMO / SYNTHETIC DATA (Plant-to-Watershed Simulator)
2029-01-01,2029,1,WS_Raccoon_02,WS_Raccoon_02_HRU2,32.5,-3.75,6.71,33.9,28.8,2.2,0.0,0.1,0.0,0.0,5.56,6.91,6.35,6.78,0.0,SSP2-4.5,Baseline,True,DEMO / SYNTHETIC DATA (Plant-to-Watershed Simulator)
2029-01-01,2029,1,WS_Raccoon_02,WS_Raccoon_02_HRU2,28.5,-0.45,6.71,28.13,26.2,1.8,0.0,0.1,0.0,0.0,4.23,6.61,5.03,6.45,0.0,SSP5-8.5,+2C_Warming,True,DEMO / SYNTHETIC DATA (Plant-to-Watershed Simulator)
2029-01-01,2029,1,WS_Raccoon_02,WS_Raccoon_02_HRU3,54.7,-3.96,6.0,28.97,49.6,2.8,0.0,0.1,0.0,0.0,8.69,7.95,7.47,7.81,0.0,SSP2-4.5,Baseline,True,DEMO / SYNTHETIC DATA (Plant-to-Watershed Simulator)
2029-01-01,2029,1,WS_Raccoon_02,WS_Raccoon_02_HRU3,48.0,-0.66,6.0,28.97,44.9,2.8,0.0,0.1,0.0,0.0,6.66,7.49,5.47,7.3,0.0,SSP5-8.5,+2C_Warming,True,DEMO / SYNTHETIC DATA (Plant-to-Watershed Simulator)
2029-02-01,2029,2,WS_Cedar_01,WS_Cedar_01_HRU1,59.2,0.01,7.47,34.27,47.9,14.5,0.0,0.1,0.0,0.0,14.98,6.59,15.68,6.35,0.0,SSP2-4.5,Baseline,True,DEMO / SYNTHETIC DATA (Plant-to-Watershed Simulator)
2029-02-01,2029,2,WS_Cedar_01,WS_Cedar_01_HRU1,51.9,3.31,7.47,32.67,44.0,19.3,0.0,0.1,0.0,0.0,11.87,6.06,12.6,5.77,0.0,SSP5-8.5,+2C_Warming,True,DEMO / SYNTHETIC DATA (Plant-to-Watershed Simulator)
2029-02-01,2029,2,WS_Cedar_01,WS_Cedar_01_HRU2,54.9,-1.09,8.41,42.77,40.2,2.8,0.0,0.1,0.0,0.0,16.99,6.98,17.19,7.02,0.0,SSP2-4.5,Baseline,True,DEMO / SYNTHETIC DATA (Plant-to-Watershed Simulator)
2029-02-01,2029,2,WS_Cedar_01,WS_Cedar_01_HRU2,48.1,2.21,8.41,37.5,37.3,18.6,0.0,0.1,0.0,0.0,13.56,6.4,13.77,6.38,0.0,SSP5-8.5,+2C_Warming,True,DEMO / SYNTHETIC DATA (Plant-to-Watershed Simulator)
2029-02-01,2029,2,WS_Cedar_01,WS_Cedar_01_HRU3,30.1,-3.82,6.65,28.97,30.0,2.8,0.0,0.1,0.0,0.0,4.57,4.62,4.53,4.94,0.0,SSP2-4.5,Baseline,True,DEMO / SYNTHETIC DATA (Plant-to-Watershed Simulator)
2029-02-01,2029,2,WS_Cedar_01,WS_Cedar_01_HRU3,26.3,-0.52,6.65,28.97,26.3,2.8,0.0,0.1,0.0,0.0,4.18,4.55,4.16,4.87,0.0,SSP5-8.5,+2C_Warming,True,DEMO / SYNTHETIC DATA (Plant-to-Watershed Simulator)
2029-02-01,2029,2,WS_Iowa_03,WS_Iowa_03_HRU1,60.6,-2.08,7.86,38.17,48.7,2.8,0.0,0.1,0.0,0.0,13.45,11.96,13.36,11.49,0.0,SSP2-4.5,Baseline,True,DEMO / SYNTHETIC DATA (Plant-to-Watershed Simulator)
2029-02-01,2029,2,WS_Iowa_03,WS_Iowa_03_HRU1,53.1,1.22,7.86,33.57,44.7,16.6,0.0,0.1,0.0,0.0,10.2,11.03,10.14,10.47,0.0,SSP5-8.5,+2C_Warming,True,DEMO / SYNTHETIC DATA (Plant-to-Watershed Simulator)
2029-02-01,2029,2,WS_Iowa_03,WS_Iowa_03_HRU2,31.7,-2.59,9.65,42.77,28.3,2.8,0.0,0.1,0.0,0.0,2.78,8.92,2.48,8.26,0.0,SSP2-4.5,Baseline,True,DEMO / SYNTHETIC DATA (Plant-to-Watershed Simulator)
2029-02-01,2029,2,WS_Iowa_03,WS_Iowa_03_HRU2,27.8,0.71,9.65,33.73,25.7,15.7,0.0,0.1,0.0,0.0,1.53,8.56,1.25,7.87,0.0,SSP5-8.5,+2C_Warming,True,DEMO / SYNTHETIC DATA (Plant-to-Watershed Simulator)
2029-02-01,2029,2,WS_Iowa_03,WS_Iowa_03_HRU3,49.2,-2.67,6.59,28.97,45.8,2.8,0.0,0.1,0.0,0.0,7.9,9.35,7.65,9.55,0.0,SSP2-4.5,Baseline,True,DEMO / SYNTHETIC DATA (Plant-to-Watershed Simulator)
2029-02-01,2029,2,WS_Iowa_03,WS_Iowa_03_HRU3,43.1,0.63,6.59,25.07,41.2,14.5,0.0,0.1,0.0,0.0,6.28,8.89,6.06,9.05,0.0,SSP5-8.5,+2C_Warming,True,DEMO / SYNTHETIC DATA (Plant-to-Watershed Simulator)
2029-02-01,2029,2,WS_Raccoon_02,WS_Raccoon_02_HRU1,35.9,-2.0,6.0,38.17,33.6,2.8,0.0,0.1,0.0,0.0,4.83,6.9,4.15,6.75,0.0,SSP2-4.5,Baseline,True,DEMO / SYNTHETIC DATA (Plant-to-Watershed Simulator)
2029-02-01,2029,2,WS_Raccoon_02,WS_Raccoon_02_HRU1,31.4,1.3,6.0,34.13,30.2,14.9,0.0,0.1,0.0,0.0,3.69,6.64,3.03,6.47,0.0,SSP5-8.5,+2C_Warming,True,DEMO / SYNTHETIC DATA (Plant-to-Watershed Simulator)
2029-02-01,2029,2,WS_Raccoon_02,WS_Raccoon_02_HRU2,21.9,-1.62,8.28,40.1,21.2,2.6,0.0,0.1,0.0,0.0,1.79,6.09,2.25,6.35,0.0,SSP2-4.5,Baseline,True,DEMO / SYNTHETIC DATA (Plant-to-Watershed Simulator)
2029-02-01,2029,2,WS_Raccoon_02,WS_Raccoon_02_HRU2,19.2,1.68,8.28,29.8,18.9,13.9,0.0,0.1,0.0,0.0,1.5,6.02,1.98,6.28,0.0,SSP5-8.5,+2C_Warming,True,DEMO / SYNTHETIC DATA (Plant-to-Watershed Simulator)
2029-02-01,2029,2,WS_Raccoon_02,WS_Raccoon_02_HRU3,33.0,-2.85,9.72,28.97,32.7,2.8,0.0,0.1,0.0,0.0,1.87,6.0,1.81,5.61,0.0,SSP2-4.5,Baseline,True,DEMO / SYNTHETIC DATA (Plant-to-Watershed Simulator)
2029-02-01,2029,2,WS_Raccoon_02,WS_Raccoon_02_HRU3,28.9,0.45,9.72,24.13,28.8,17.3,0.0,0.1,0.0,0.0,1.5,5.92,1.46,5.52,0.0,SSP5-8.5,+2C_Warming,True,DEMO / SYNTHETIC DATA (Plant-to-Watershed Simulator)
2029-03-01,2029,3,WS_Cedar_01,WS_Cedar_01_HRU1,37.4,1.14,10.74,32.67,34.7,19.3,0.0,0.1,0.0,0.0,5.48,5.39,4.42,4.6,0.0,SSP2-4.5,Baseline,True,DEMO / SYNTHETIC DATA (Plant-to-Watershed Simulator)
2029-03-01,2029,3,WS_Cedar_01,WS_Cedar_01_HRU1,32.8,4.44,10.74,31.07,31.3,24.1,0.0,0.1,0.0,0.0,4.25,5.18,3.21,4.37,0.0,SSP5-8.5,+2C_Warming,True,DEMO / SYNTHETIC DATA (Plant-to-Watershed Simulator)
2029-03-01,2029,3,WS_Cedar_01,WS_Cedar_01_HRU2,26.4,5.86,12.91,34.3,24.7,28.2,0.0,0.1,0.0,0.0,2.53,4.43,1.43,4.24,0.0,SSP2-4.5,Baseline,True,DEMO / SYNTHETIC DATA (Plant-to-Watershed Simulator)
2029-03-01,2029,3,WS_Cedar_01,WS_Cedar_01_HRU2,23.2,9.16,12.91,32.7,22.2,33.0,0.0,0.1,0.0,0.0,1.7,4.28,0.62,4.09,0.0,SSP5-8.5,+2C_Warming,True,DEMO / SYNTHETIC DATA (Plant-to-Watershed Simulator)
2029-03-01,2029,3,WS_Cedar_01,WS_Cedar_01_HRU3,12.8,1.57,12.15,22.8,12.8,21.3,0.0,0.1,0.0,0.0,1.5,4.33,0.93,4.64,0.0,SSP2-4.5,Baseline,True,DEMO / SYNTHETIC DATA (Plant-to-Watershed Simulator)
2029-03-01,2029,3,WS_Cedar_01,WS_Cedar_01_HRU3,11.3,4.87,12.15,21.23,11.3,26.0,0.0,0.1,0.0,0.0,1.5,4.33,0.93,4.64,0.0,SSP5-8.5,+2C_Warming,True,DEMO / SYNTHETIC DATA (Plant-to-Watershed Simulator)
2029-03-01,2029,3,WS_Iowa_03,WS_Iowa_03_HRU1,44.6,1.79,9.99,32.6,39.6,19.5,0.0,0.1,0.0,0.0,6.41,9.64,5.08,8.35,0.0,SSP2-4.5,Baseline,True,DEMO / SYNTHETIC DATA (Plant-to-Watershed Simulator)
2029-03-01,2029,3,WS_Iowa_03,WS_Iowa_03_HRU1,39.0,5.09,9.99,31.0,35.9,24.3,0.0,0.1,0.0,0.0,4.57,9.11,3.26,7.78,0.0,SSP5-8.5,+2C_Warming,True,DEMO / SYNTHETIC DATA (Plant-to-Watershed Simulator)
2029-03-01,2029,3,WS_Iowa_03,WS_Iowa_03_HRU2,66.3,3.82,10.29,36.13,44.4,22.7,0.0,0.1,0.0,0.0,21.89,14.01,21.97,14.09,0.0,SSP2-4.5,Baseline,True,DEMO / SYNTHETIC DATA (Plant-to-Watershed Simulator)
2029-03-01,2029,3,WS_Iowa_03,WS_Iowa_03_HRU2,58.1,7.12,10.29,34.53,41.5,27.5,0.0,0.1,0.0,0.0,17.3,12.7,17.4,12.65,0.0,SSP5-8.5,+2C_Warming,True,DEMO / SYNTHETIC DATA (Plant-to-Watershed Simulator)
2029-03-01,2029,3,WS_Iowa_03,WS_Iowa_03_HRU3,28.2,5.25,11.25,21.33,28.2,25.7,0.0,0.1,0.0,0.0,2.35,8.15,2.88,7.28,0.0,SSP2-4.5,Baseline,True,DEMO / SYNTHETIC DATA (Plant-to-Watershed Simulator)
2029-03-01,2029,3,WS_Iowa_03,WS_Iowa_03_HRU3,24.7,8.55,11.25,19.73,24.7,30.5,0.0,0.1,0.0,0.0,2.04,8.06,2.59,7.18,0.0,SSP5-8.5,+2C_Warming,True,DEMO / SYNTHETIC DATA (Plant-to-Watershed Simulator)
2029-03-01,2029,3,WS_Raccoon_02,WS_Raccoon_02_HRU1,14.4,5.11,9.83,31.07,14.4,24.1,0.0,0.1,0.0,0.0,2.2,6.05,2.02,6.23,0.0,SSP2-4.5,Baseline,True,DEMO / SYNTHETIC DATA (Plant-to-Watershed Simulator)
2029-03-01,2029,3,WS_Raccoon_02,WS_Raccoon_02_HRU1,12.6,8.41,9.83,28.87,12.6,28.4,0.0,0.1,0.0,0.0,2.06,6.02,1.9,6.2,0.0,SSP5-8.5,+2C_Warming,True,DEMO / SYNTHETIC DATA (Plant-to-Watershed Simulator)
2029-03-01,2029,3,WS_Raccoon_02,WS_Raccoon_02_HRU2,39.6,1.83,10.41,37.03,33.0,20.0,0.0,0.1,0.0,0.0,8.62,7.45,8.26,7.62,0.0,SSP2-4.5,Baseline,True,DEMO / SYNTHETIC DATA (Plant-to-Watershed Simulator)
2029-03-01,2029,3,WS_Raccoon_02,WS_Raccoon_02_HRU2,34.7,5.13,10.41,32.33,30.2,22.6,0.0,0.1,0.0,0.0,6.67,7.01,6.32,7.13,0.0,SSP5-8.5,+2C_Warming,True,DEMO / SYNTHETIC DATA (Plant-to-Watershed Simulator)
2029-03-01,2029,3,WS_Raccoon_02,WS_Raccoon_02_HRU3,45.2,3.11,10.35,22.67,42.8,21.7,0.0,0.1,0.0,0.0,3.99,6.59,3.84,6.78,0.0,SSP2-4.5,Baseline,True,DEMO / SYNTHETIC DATA (Plant-to-Watershed Simulator)
2029-03-01,2029,3,WS_Raccoon_02,WS_Raccoon_02_HRU3,39.6,6.41,10.35,21.07,38.3,26.5,0.0,0.1,0.0,0.0,2.67,6.29,2.54,6.46,0.0,SSP5-8.5,+2C_Warming,True,DEMO / SYNTHETIC DATA (Plant-to-Watershed Simulator)
2029-04-01,2029,4,WS_Cedar_01,WS_Cedar_01_HRU1,20.3,11.59,15.59,27.43,20.3,35.0,0.0,0.1,0.0,0.0,1.55,4.65,0.84,4.11,0.0,SSP2-4.5,Baseline,True,DEMO / SYNTHETIC DATA (Plant-to-Watershed Simulator)
2029-04-01,2029,4,WS_Cedar_01,WS_Cedar_01_HRU1,17.8,14.89,15.59,25.33,17.8,35.0,0.0,0.1,0.0,0.0,1.5,4.64,0.81,4.1,0.0,SSP5-8.5,+2C_Warming,True,DEMO / SYNTHETIC DATA (Plant-to-Watershed Simulator)
2029-04-01,2029,4,WS_Cedar_01,WS_Cedar_01_HRU2,62.2,10.75,14.46,32.03,43.0,35.0,0.0,0.1,0.0,0.0,16.45,6.18,16.66,7.18,0.0,SSP2-4.5,Baseline,True,DEMO / SYNTHETIC DATA (Plant-to-Watershed Simulator)
2029-04-01,2029,4,WS_Cedar_01,WS_Cedar_01_HRU2,54.5,14.05,14.46,32.03,40.1,35.0,0.0,0.1,0.0,0.0,12.28,5.47,12.51,6.4,0.0,SSP5-8.5,+2C_Warming,True,DEMO / SYNTHETIC DATA (Plant-to-Watershed Simulator)
2029-04-01,2029,4,WS_Cedar_01,WS_Cedar_01_HRU3,41.1,11.26,14.17,18.23,39.6,35.0,0.0,0.1,0.0,0.0,6.91,5.66,7.3,5.36,0.0,SSP2-4.5,Baseline,True,DEMO / SYNTHETIC DATA (Plant-to-Watershed Simulator)
2029-04-01,2029,4,WS_Cedar_01,WS_Cedar_01_HRU3,36.0,14.56,14.17,18.23,35.3,35.0,0.0,0.1,0.0,0.0,5.87,5.49,6.28,5.16,0.0,SSP5-8.5,+2C_Warming,True,DEMO / SYNTHETIC DATA (Plant-to-Watershed Simulator)
2029-04-01,2029,4,WS_Iowa_03,WS_Iowa_03_HRU1,25.7,14.49,15.24,27.43,25.4,35.0,0.0,0.1,0.0,0.0,2.39,7.76,1.83,7.52,0.0,SSP2-4.5,Baseline,True,DEMO / SYNTHETIC DATA (Plant-to-Watershed Simulator)
2029-04-01,2029,4,WS_Iowa_03,WS_Iowa_03_HRU1,22.5,17.79,15.24,26.8,22.4,35.0,0.0,0.1,0.0,0.0,1.94,7.64,1.39,7.38,0.0,SSP5-8.5,+2C_Warming,True,DEMO / SYNTHETIC DATA (Plant-to-Watershed Simulator)
2029-04-01,2029,4,WS_Iowa_03,WS_Iowa_03_HRU2,18.8,10.33,15.71,30.63,18.5,35.0,0.0,0.1,0.0,0.0,1.5,7.97,1.44,7.22,0.0,SSP2-4.5,Baseline,True,DEMO / SYNTHETIC DATA (Plant-to-Watershed Simulator)
2029-04-01,2029,4,WS_Iowa_03,WS_Iowa_03_HRU2,16.5,13.63,15.71,28.33,16.4,35.0,0.0,0.1,0.0,0.0,1.5,7.97,1.45,7.23,0.0,SSP5-8.5,+2C_Warming,True,DEMO / SYNTHETIC DATA (Plant-to-Watershed Simulator)
2029-04-01,2029,4,WS_Iowa_03,WS_Iowa_03_HRU3,36.4,11.68,17.0,18.23,35.7,35.0,0.0,0.1,0.0,0.0,2.97,8.72,2.42,7.58,0.0,SSP2-4.5,Baseline,True,DEMO / SYNTHETIC DATA (Plant-to-Watershed Simulator)
2029-04-01,2029,4,WS_Iowa_03,WS_Iowa_03_HRU3,31.9,14.98,17.0,18.23,31.7,35.0,0.0,0.1,0.0,0.0,2.24,8.51,1.72,7.35,0.0,SSP5-8.5,+2C_Warming,True,DEMO / SYNTHETIC DATA (Plant-to-Watershed Simulator)
2029-04-01,2029,4,WS_Raccoon_02,WS_Raccoon_02_HRU1,52.7,11.28,15.76,27.43,44.5,35.0,0.0,0.1,0.0,0.0,8.91,7.86,8.82,8.14,0.0,SSP2-4.5,Baseline,True,DEMO / SYNTHETIC DATA (Plant-to-Watershed Simulator)
2029-04-01,2029,4,WS_Raccoon_02,WS_Raccoon_02_HRU1,46.2,14.58,15.76,27.43,40.6,35.0,0.0,0.1,0.0,0.0,6.4,7.28,6.33,7.51,0.0,SSP5-8.5,+2C_Warming,True,DEMO / SYNTHETIC DATA (Plant-to-Watershed Simulator)
2029-04-01,2029,4,WS_Raccoon_02,WS_Raccoon_02_HRU2,16.5,9.41,15.72,30.83,16.4,35.0,0.0,0.1,0.0,0.0,1.5,5.92,2.02,6.65,0.0,SSP2-4.5,Baseline,True,DEMO / SYNTHETIC DATA (Plant-to-Watershed Simulator)
2029-04-01,2029,4,WS_Raccoon_02,WS_Raccoon_02_HRU2,14.4,12.71,15.72,25.57,14.4,34.7,0.0,0.1,0.0,0.0,1.5,5.92,2.03,6.65,0.0,SSP5-8.5,+2C_Warming,True,DEMO / SYNTHETIC DATA (Plant-to-Watershed Simulator)
2029-04-01,2029,4,WS_Raccoon_02,WS_Raccoon_02_HRU3,14.7,11.72,15.27,15.9,14.7,35.0,0.0,0.1,0.0,0.0,2.01,5.75,2.95,6.31,0.0,SSP2-4.5,Baseline,True,DEMO / SYNTHETIC DATA (Plant-to-Watershed Simulator)
2029-04-01,2029,4,WS_Raccoon_02,WS_Raccoon_02_HRU3,12.9,15.02,15.27,13.7,12.9,35.0,0.0,0.1,0.0,0.0,1.86,5.72,2.81,6.28,0.0,SSP5-8.5,+2C_Warming,True,DEMO / SYNTHETIC DATA (Plant-to-Watershed Simulator)
2029-05-01,2029,5,WS_Cedar_01,WS_Cedar_01_HRU1,47.8,18.9,17.53,25.53,41.6,40.7,0.1,0.2,5.7,0.0,8.54,4.55,7.96,5.32,0.0,SSP2-4.5,Baseline,True,DEMO / SYNTHETIC DATA (Plant-to-Watershed Simulator)
2029-05-01,2029,5,WS_Cedar_01,WS_Cedar_01_HRU1,41.9,22.2,17.53,24.2,37.8,41.2,0.1,0.2,6.2,0.0,6.46,4.19,5.94,4.94,0.0,SSP5-8.5,+2C_Warming,True,DEMO / SYNTHETIC DATA (Plant-to-Watershed Simulator)
2029-05-01,2029,5,WS_Cedar_01,WS_Cedar_01_HRU2,42.9,20.34,19.19,25.23,34.8,55.2,0.36,0.2,20.2,0.0,9.51,5.84,10.01,5.43,0.0,SSP2-4.5,Baseline,True,DEMO / SYNTHETIC DATA (Plant-to-Watershed Simulator)
2029-05-01,2029,5,WS_Cedar_01,WS_Cedar_01_HRU2,37.6,23.64,19.19,23.67,31.9,57.0,0.36,0.2,22.0,0.0,7.26,5.45,7.84,5.02,0.0,SSP5-8.5,+2C_Warming,True,DEMO / SYNTHETIC DATA (Plant-to-Watershed Simulator)
2029-05-01,2029,5,WS_Cedar_01,WS_Cedar_01_HRU3,55.1,20.87,20.59,16.13,49.9,41.3,0.1,0.2,6.3,0.0,9.47,5.89,7.19,5.4,0.0,SSP2-4.5,Baseline,True,DEMO / SYNTHETIC DATA (Plant-to-Watershed Simulator)
2029-05-01,2029,5,WS_Cedar_01,WS_Cedar_01_HRU3,48.3,24.17,20.59,15.97,45.1,41.8,0.1,0.2,6.8,0.0,7.4,5.54,5.18,5.02,0.0,SSP5-8.5,+2C_Warming,True,DEMO / SYNTHETIC DATA (Plant-to-Watershed Simulator)
2029-05-01,2029,5,WS_Iowa_03,WS_Iowa_03_HRU1,60.2,21.56,20.85,23.67,48.5,46.3,0.18,0.2,11.3,0.0,13.5,11.85,13.97,11.85,0.0,SSP2-4.5,Baseline,True,DEMO / SYNTHETIC DATA (Plant-to-Watershed Simulator)
2029-05-01,2029,5,WS_Iowa_03,WS_Iowa_03_HRU1,52.7,24.86,20.85,23.37,44.5,47.2,0.18,0.2,12.2,0.0,10.27,10.93,10.81,10.85,0.0,SSP5-8.5,+2C_Warming,True,DEMO / SYNTHETIC DATA (Plant-to-Watershed Simulator)
2029-05-01,2029,5,WS_Iowa_03,WS_Iowa_03_HRU2,140.6,18.53,20.31,28.57,60.0,45.4,0.18,0.2,10.4,0.0,71.08,28.28,69.66,28.96,0.0,SSP2-4.5,Baseline,True,DEMO / SYNTHETIC DATA (Plant-to-Watershed Simulator)
2029-05-01,2029,5,WS_Iowa_03,WS_Iowa_03_HRU2,123.2,21.83,20.31,28.27,57.5,46.3,0.18,0.2,11.3,0.0,58.51,24.7,57.23,25.04,0.0,SSP5-8.5,+2C_Warming,True,DEMO / SYNTHETIC DATA (Plant-to-Watershed Simulator)
2029-05-01,2029,5,WS_Iowa_03,WS_Iowa_03_HRU3,102.4,20.32,17.67,16.27,74.3,40.9,0.1,0.2,5.9,0.0,28.59,15.9,28.1,15.87,0.0,SSP2-4.5,Baseline,True,DEMO / SYNTHETIC DATA (Plant-to-Watershed Simulator)
2029-05-01,2029,5,WS_Iowa_03,WS_Iowa_03_HRU3,89.7,23.62,17.67,16.1,68.9,41.4,0.1,0.2,6.4,0.0,22.1,14.05,21.71,13.85,0.0,SSP5-8.5,+2C_Warming,True,DEMO / SYNTHETIC DATA (Plant-to-Watershed Simulator)
2029-05-01,2029,5,WS_Raccoon_02,WS_Raccoon_02_HRU1,8.0,17.74,19.47,16.53,8.0,40.7,0.1,0.2,5.7,0.0,1.5,5.7,1.87,6.23,0.0,SSP2-4.5,Baseline,True,DEMO / SYNTHETIC DATA (Plant-to-Watershed Simulator)
2029-05-01,2029,5,WS_Raccoon_02,WS_Raccoon_02_HRU1,7.0,21.04,19.47,16.03,7.0,41.2,0.1,0.2,6.2,0.0,1.5,5.7,1.88,6.24,0.0,SSP5-8.5,+2C_Warming,True,DEMO / SYNTHETIC DATA (Plant-to-Watershed Simulator)
2029-05-01,2029,5,WS_Raccoon_02,WS_Raccoon_02_HRU2,22.7,17.32,20.55,23.43,21.8,44.0,0.16,0.2,9.0,0.0,2.47,5.84,2.81,6.15,0.0,SSP2-4.5,Baseline,True,DEMO / SYNTHETIC DATA (Plant-to-Watershed Simulator)
2029-05-01,2029,5,WS_Raccoon_02,WS_Raccoon_02_HRU2,19.9,20.62,20.55,17.13,19.5,44.8,0.16,0.2,9.8,0.0,1.89,5.71,2.26,6.01,0.0,SSP5-8.5,+2C_Warming,True,DEMO / SYNTHETIC DATA (Plant-to-Watershed Simulator)
2029-05-01,2029,5,WS_Raccoon_02,WS_Raccoon_02_HRU3,49.5,22.15,21.43,16.03,46.0,41.6,0.1,0.2,6.6,0.0,6.94,7.44,7.13,7.24,0.0,SSP2-4.5,Baseline,True,DEMO / SYNTHETIC DATA (Plant-to-Watershed Simulator)
2029-05-01,2029,5,WS_Raccoon_02,WS_Raccoon_02_HRU3,43.4,25.45,21.43,13.47,41.4,42.1,0.1,0.2,7.1,0.0,5.3,7.07,5.55,6.84,0.0,SSP5-8.5,+2C_Warming,True,DEMO / SYNTHETIC DATA (Plant-to-Watershed Simulator)
2029-06-01,2029,6,WS_Cedar_01,WS_Cedar_01_HRU1,178.8,26.33,22.23,9.8,80.7,116.2,1.96,0.5,81.2,0.068,88.8,18.97,77.64,18.39,0.0,SSP2-4.5,Baseline,True,DEMO / SYNTHETIC DATA (Plant-to-Watershed Simulator)
2029-06-01,2029,6,WS_Cedar_01,WS_Cedar_01_HRU1,156.7,29.63,22.23,9.8,77.1,122.0,1.96,0.5,87.0,0.068,73.11,16.29,63.56,15.73,0.0,SSP5-8.5,+2C_Warming,True,DEMO / SYNTHETIC DATA (Plant-to-Watershed Simulator)
2029-06-01,2029,6,WS_Cedar_01,WS_Cedar_01_HRU2,87.5,25.61,22.26,14.0,50.5,114.7,1.85,0.5,79.7,0.042,36.89,10.56,31.77,9.98,0.0,SSP2-4.5,Baseline,True,DEMO / SYNTHETIC DATA (Plant-to-Watershed Simulator)
2029-06-01,2029,6,WS_Cedar_01,WS_Cedar_01_HRU2,76.6,28.91,22.26,14.0,47.6,120.5,1.85,0.5,85.5,0.042,30.0,9.39,25.58,8.81,0.0,SSP5-8.5,+2C_Warming,True,DEMO / SYNTHETIC DATA (Plant-to-Watershed Simulator)
2029-06-01,2029,6,WS_Cedar_01,WS_Cedar_01_HRU3,61.1,24.91,22.26,6.3,53.7,111.9,1.98,0.5,76.9,0.095,11.16,5.5,9.66,5.99,0.0,SSP2-4.5,Baseline,True,DEMO / SYNTHETIC DATA (Plant-to-Watershed Simulator)
2029-06-01,2029,6,WS_Cedar_01,WS_Cedar_01_HRU3,53.5,28.21,22.26,6.3,48.8,117.5,1.98,0.5,82.5,0.095,8.58,5.06,7.47,5.58,0.0,SSP5-8.5,+2C_Warming,True,DEMO / SYNTHETIC DATA (Plant-to-Watershed Simulator)
2029-06-01,2029,6,WS_Iowa_03,WS_Iowa_03_HRU1,111.9,26.28,21.19,9.8,67.4,119.4,2.15,0.5,84.4,0.06,42.03,19.25,35.26,18.94,0.0,SSP2-4.5,Baseline,True,DEMO / SYNTHETIC DATA (Plant-to-Watershed Simulator)
2029-06-01,2029,6,WS_Iowa_03,WS_Iowa_03_HRU1,98.0,29.58,21.19,9.8,63.4,125.6,2.15,0.5,90.6,0.06,33.51,16.82,27.74,16.57,0.0,SSP5-8.5,+2C_Warming,True,DEMO / SYNTHETIC DATA (Plant-to-Watershed Simulator)
2029-06-01,2029,6,WS_Iowa_03,WS_Iowa_03_HRU2,73.1,23.91,24.06,14.0,46.6,122.2,2.24,0.5,87.2,0.039,25.42,14.09,21.03,13.53,0.0,SSP2-4.5,Baseline,True,DEMO / SYNTHETIC DATA (Plant-to-Watershed Simulator)
2029-06-01,2029,6,WS_Iowa_03,WS_Iowa_03_HRU2,64.0,27.21,24.06,14.0,43.7,128.6,2.24,0.5,93.6,0.039,20.08,12.57,16.36,12.06,0.0,SSP5-8.5,+2C_Warming,True,DEMO / SYNTHETIC DATA (Plant-to-Watershed Simulator)
2029-06-01,2029,6,WS_Iowa_03,WS_Iowa_03_HRU3,131.2,21.19,20.9,6.3,84.4,107.3,2.0,0.5,72.3,0.055,48.89,21.3,42.75,20.57,0.0,SSP2-4.5,Baseline,True,DEMO / SYNTHETIC DATA (Plant-to-Watershed Simulator)
2029-06-01,2029,6,WS_Iowa_03,WS_Iowa_03_HRU3,115.0,24.49,20.9,6.3,79.1,113.3,2.0,0.5,78.3,0.055,39.46,18.61,34.39,17.94,0.0,SSP5-8.5,+2C_Warming,True,DEMO / SYNTHETIC DATA (Plant-to-Watershed Simulator)
2029-06-01,2029,6,WS_Raccoon_02,WS_Raccoon_02_HRU1,114.0,26.4,24.0,9.8,68.0,123.6,2.06,0.5,88.6,0.035,43.6,15.03,36.85,14.67,0.0,SSP2-4.5,Baseline,True,DEMO / SYNTHETIC DATA (Plant-to-Watershed Simulator)
2029-06-01,2029,6,WS_Raccoon_02,WS_Raccoon_02_HRU1,99.9,29.7,24.0,9.8,64.0,129.8,2.06,0.5,94.8,0.035,34.89,13.05,29.13,12.73,0.0,SSP5-8.5,+2C_Warming,True,DEMO / SYNTHETIC DATA (Plant-to-Watershed Simulator)
2029-06-01,2029,6,WS_Raccoon_02,WS_Raccoon_02_HRU2,269.1,26.38,21.25,14.0,70.2,120.8,2.04,0.5,85.8,0.023,170.18,44.2,151.59,43.97,0.0,SSP2-4.5,Baseline,True,DEMO / SYNTHETIC DATA (Plant-to-Watershed Simulator)
2029-06-01,2029,6,WS_Raccoon_02,WS_Raccoon_02_HRU2,235.8,29.68,21.25,14.0,68.5,127.0,2.04,0.5,92.0,0.023,143.88,38.21,127.96,38.01,0.0,SSP5-8.5,+2C_Warming,True,DEMO / SYNTHETIC DATA (Plant-to-Watershed Simulator)
2029-06-01,2029,6,WS_Raccoon_02,WS_Raccoon_02_HRU3,144.8,27.3,22.11,6.3,88.4,116.7,1.99,0.5,81.7,0.087,51.55,17.61,42.92,16.55,0.0,SSP2-4.5,Baseline,True,DEMO / SYNTHETIC DATA (Plant-to-Watershed Simulator)
2029-06-01,2029,6,WS_Raccoon_02,WS_Raccoon_02_HRU3,126.9,30.6,22.11,6.3,83.1,122.5,1.99,0.5,87.5,0.087,40.67,15.13,33.25,14.12,0.0,SSP5-8.5,+2C_Warming,True,DEMO / SYNTHETIC DATA (Plant-to-Watershed Simulator)
2029-07-01,2029,7,WS_Cedar_01,WS_Cedar_01_HRU1,44.2,24.25,25.14,9.8,39.4,129.4,4.88,0.9,94.4,0.206,7.21,5.62,3.01,4.39,0.0,SSP2-4.5,Baseline,True,DEMO / SYNTHETIC DATA (Plant-to-Watershed Simulator)
2029-07-01,2029,7,WS_Cedar_01,WS_Cedar_01_HRU1,38.7,27.55,25.14,9.8,35.7,123.0,4.88,0.9,88.0,0.309,5.42,5.31,1.81,4.17,0.0,SSP5-8.5,+2C_Warming,True,DEMO / SYNTHETIC DATA (Plant-to-Watershed Simulator)
2029-07-01,2029,7,WS_Cedar_01,WS_Cedar_01_HRU2,173.2,29.8,25.67,14.0,63.7,160.5,4.8,0.9,125.5,0.062,96.8,20.32,72.88,17.61,0.0,SSP2-4.5,Baseline,True,DEMO / SYNTHETIC DATA (Plant-to-Watershed Simulator)
2029-07-01,2029,7,WS_Cedar_01,WS_Cedar_01_HRU2,151.8,33.1,25.67,14.0,61.4,168.5,4.8,0.9,133.5,0.062,80.74,17.57,60.47,15.26,0.0,SSP5-8.5,+2C_Warming,True,DEMO / SYNTHETIC DATA (Plant-to-Watershed Simulator)
2029-07-01,2029,7,WS_Cedar_01,WS_Cedar_01_HRU3,98.1,28.57,22.35,6.3,72.6,160.5,4.93,0.9,125.5,0.0,25.48,8.5,15.29,6.34,0.0,SSP2-4.5,Baseline,True,DEMO / SYNTHETIC DATA (Plant-to-Watershed Simulator)
2029-07-01,2029,7,WS_Cedar_01,WS_Cedar_01_HRU3,86.0,31.87,22.35,6.3,67.2,169.0,4.93,0.9,134.0,0.0,19.46,7.47,10.88,5.5,0.0,SSP5-8.5,+2C_Warming,True,DEMO / SYNTHETIC DATA (Plant-to-Watershed Simulator)
2029-07-01,2029,7,WS_Iowa_03,WS_Iowa_03_HRU1,162.3,27.7,22.55,9.8,78.1,157.2,4.63,0.9,122.2,0.0,76.8,29.56,56.49,24.8,0.0,SSP2-4.5,Baseline,True,DEMO / SYNTHETIC DATA (Plant-to-Watershed Simulator)
2029-07-01,2029,7,WS_Iowa_03,WS_Iowa_03_HRU1,142.2,31.0,22.55,9.8,74.4,165.7,4.63,0.9,130.7,0.0,62.88,25.6,45.82,21.44,0.0,SSP5-8.5,+2C_Warming,True,DEMO / SYNTHETIC DATA (Plant-to-Watershed Simulator)
2029-07-01,2029,7,WS_Iowa_03,WS_Iowa_03_HRU2,102.9,26.79,25.52,14.0,53.9,148.4,4.9,0.9,113.4,0.101,44.14,20.23,30.08,16.61,0.0,SSP2-4.5,Baseline,True,DEMO / SYNTHETIC DATA (Plant-to-Watershed Simulator)
2029-07-01,2029,7,WS_Iowa_03,WS_Iowa_03_HRU2,90.2,30.09,25.52,14.0,51.2,156.1,4.9,0.9,121.1,0.101,35.67,17.82,23.62,14.58,0.0,SSP5-8.5,+2C_Warming,True,DEMO / SYNTHETIC DATA (Plant-to-Watershed Simulator)
2029-07-01,2029,7,WS_Iowa_03,WS_Iowa_03_HRU3,343.9,27.35,21.56,6.3,118.9,149.9,4.72,0.9,114.9,0.043,197.05,63.78,147.96,54.04,0.0,SSP2-4.5,Baseline,True,DEMO / SYNTHETIC DATA (Plant-to-Watershed Simulator)
2029-07-01,2029,7,WS_Iowa_03,WS_Iowa_03_HRU3,301.4,30.65,21.56,6.3,114.9,158.0,4.72,0.9,123.0,0.043,164.77,54.58,122.99,46.17,0.0,SSP5-8.5,+2C_Warming,True,DEMO / SYNTHETIC DATA (Plant-to-Watershed Simulator)
2029-07-01,2029,7,WS_Raccoon_02,WS_Raccoon_02_HRU1,119.7,26.91,22.75,9.8,69.4,146.5,4.75,0.9,111.5,0.079,46.04,15.95,33.02,13.75,0.0,SSP2-4.5,Baseline,True,DEMO / SYNTHETIC DATA (Plant-to-Watershed Simulator)
2029-07-01,2029,7,WS_Raccoon_02,WS_Raccoon_02_HRU1,104.9,30.21,22.75,9.8,65.5,154.3,4.75,0.9,119.3,0.079,36.71,13.83,25.94,11.96,0.0,SSP5-8.5,+2C_Warming,True,DEMO / SYNTHETIC DATA (Plant-to-Watershed Simulator)
2029-07-01,2029,7,WS_Raccoon_02,WS_Raccoon_02_HRU2,112.9,27.35,21.76,14.0,55.8,152.2,4.74,0.9,117.2,0.027,54.28,18.56,38.81,15.54,0.0,SSP2-4.5,Baseline,True,DEMO / SYNTHETIC DATA (Plant-to-Watershed Simulator)
2029-07-01,2029,7,WS_Raccoon_02,WS_Raccoon_02_HRU2,98.9,30.65,21.76,14.0,53.1,160.5,4.74,0.9,125.5,0.027,44.69,16.37,31.47,13.69,0.0,SSP5-8.5,+2C_Warming,True,DEMO / SYNTHETIC DATA (Plant-to-Watershed Simulator)
2029-07-01,2029,7,WS_Raccoon_02,WS_Raccoon_02_HRU3,136.8,27.56,25.07,6.3,86.1,149.5,4.57,0.9,114.5,0.09,48.39,16.86,33.11,14.24,0.0,SSP2-4.5,Baseline,True,DEMO / SYNTHETIC DATA (Plant-to-Watershed Simulator)
2029-07-01,2029,7,WS_Raccoon_02,WS_Raccoon_02_HRU3,119.8,30.86,25.07,6.3,80.7,157.2,4.57,0.9,122.2,0.09,38.3,14.56,25.52,12.33,0.0,SSP5-8.5,+2C_Warming,True,DEMO / SYNTHETIC DATA (Plant-to-Watershed Simulator)
2029-08-01,2029,8,WS_Cedar_01,WS_Cedar_01_HRU1,18.9,27.84,21.45,9.8,18.9,53.0,4.54,1.2,24.9,0.793,1.5,4.93,0.5,3.89,0.0,SSP2-4.5,Baseline,True,DEMO / SYNTHETIC DATA (Plant-to-Watershed Simulator)
2029-08-01,2029,8,WS_Cedar_01,WS_Cedar_01_HRU1,16.6,31.14,21.45,9.8,16.6,47.1,4.54,1.2,18.4,0.857,1.5,4.93,0.56,3.9,0.0,SSP5-8.5,+2C_Warming,True,DEMO / SYNTHETIC DATA (Plant-to-Watershed Simulator)
2029-08-01,2029,8,WS_Cedar_01,WS_Cedar_01_HRU2,90.9,26.98,23.94,14.0,51.3,152.4,5.01,1.2,117.4,0.056,36.16,9.99,24.49,8.56,0.0,SSP2-4.5,Baseline,True,DEMO / SYNTHETIC DATA (Plant-to-Watershed Simulator)
2029-08-01,2029,8,WS_Cedar_01,WS_Cedar_01_HRU2,79.7,30.28,23.94,14.0,48.5,158.8,5.01,1.2,123.8,0.069,28.99,8.76,19.09,7.54,0.0,SSP5-8.5,+2C_Warming,True,DEMO / SYNTHETIC DATA (Plant-to-Watershed Simulator)
2029-08-01,2029,8,WS_Cedar_01,WS_Cedar_01_HRU3,147.4,24.76,22.75,6.3,89.1,146.3,4.73,1.2,111.3,0.036,53.61,13.37,35.39,10.14,0.0,SSP2-4.5,Baseline,True,DEMO / SYNTHETIC DATA (Plant-to-Watershed Simulator)
2029-08-01,2029,8,WS_Cedar_01,WS_Cedar_01_HRU3,129.2,28.06,22.75,6.3,83.8,154.5,4.73,1.2,119.5,0.036,42.46,11.47,27.05,8.56,0.0,SSP5-8.5,+2C_Warming,True,DEMO / SYNTHETIC DATA (Plant-to-Watershed Simulator)
2029-08-01,2029,8,WS_Iowa_03,WS_Iowa_03_HRU1,167.5,26.7,21.18,9.8,79.0,142.6,4.71,1.2,107.6,0.086,80.88,30.1,57.88,24.86,0.0,SSP2-4.5,Baseline,True,DEMO / SYNTHETIC DATA (Plant-to-Watershed Simulator)
2029-08-01,2029,8,WS_Iowa_03,WS_Iowa_03_HRU1,146.7,30.0,21.18,9.8,75.3,150.3,4.71,1.2,115.3,0.086,66.35,25.96,46.8,21.37,0.0,SSP5-8.5,+2C_Warming,True,DEMO / SYNTHETIC DATA (Plant-to-Watershed Simulator)
2029-08-01,2029,8,WS_Iowa_03,WS_Iowa_03_HRU2,109.4,25.7,22.31,14.0,55.2,146.9,4.88,1.2,111.9,0.05,50.16,22.55,35.57,18.52,0.0,SSP2-4.5,Baseline,True,DEMO / SYNTHETIC DATA (Plant-to-Watershed Simulator)
2029-08-01,2029,8,WS_Iowa_03,WS_Iowa_03_HRU2,95.8,29.0,22.31,14.0,52.4,155.0,4.88,1.2,120.0,0.05,40.92,19.92,28.55,16.31,0.0,SSP5-8.5,+2C_Warming,True,DEMO / SYNTHETIC DATA (Plant-to-Watershed Simulator)
2029-08-01,2029,8,WS_Iowa_03,WS_Iowa_03_HRU3,85.3,28.79,21.23,6.3,66.9,143.8,4.61,1.2,108.8,0.113,19.8,13.52,10.66,10.23,0.0,SSP2-4.5,Baseline,True,DEMO / SYNTHETIC DATA (Plant-to-Watershed Simulator)
2029-08-01,2029,8,WS_Iowa_03,WS_Iowa_03_HRU3,74.7,32.09,21.23,6.3,61.6,151.3,4.61,1.2,116.3,0.113,14.99,12.15,7.27,9.16,0.0,SSP5-8.5,+2C_Warming,True,DEMO / SYNTHETIC DATA (Plant-to-Watershed Simulator)
2029-08-01,2029,8,WS_Raccoon_02,WS_Raccoon_02_HRU1,144.5,24.39,21.78,9.8,74.9,141.8,4.79,1.2,106.8,0.056,64.79,20.52,45.63,16.98,0.0,SSP2-4.5,Baseline,True,DEMO / SYNTHETIC DATA (Plant-to-Watershed Simulator)
2029-08-01,2029,8,WS_Raccoon_02,WS_Raccoon_02_HRU1,126.6,27.69,21.78,9.8,71.1,149.8,4.79,1.2,114.8,0.056,52.79,17.78,36.54,14.69,0.0,SSP5-8.5,+2C_Warming,True,DEMO / SYNTHETIC DATA (Plant-to-Watershed Simulator)
2029-08-01,2029,8,WS_Raccoon_02,WS_Raccoon_02_HRU2,108.1,27.42,22.3,14.0,54.9,147.2,4.93,1.2,112.2,0.083,47.77,16.16,33.37,13.68,0.0,SSP2-4.5,Baseline,True,DEMO / SYNTHETIC DATA (Plant-to-Watershed Simulator)
2029-08-01,2029,8,WS_Raccoon_02,WS_Raccoon_02_HRU2,94.8,30.72,22.3,14.0,52.2,155.1,4.93,1.2,120.1,0.083,38.76,14.11,26.53,11.96,0.0,SSP5-8.5,+2C_Warming,True,DEMO / SYNTHETIC DATA (Plant-to-Watershed Simulator)
2029-08-01,2029,8,WS_Raccoon_02,WS_Raccoon_02_HRU3,126.3,27.19,20.98,6.3,82.9,154.1,4.82,1.2,119.1,0.0,41.27,15.1,26.33,11.78,0.0,SSP2-4.5,Baseline,True,DEMO / SYNTHETIC DATA (Plant-to-Watershed Simulator)
2029-08-01,2029,8,WS_Raccoon_02,WS_Raccoon_02_HRU3,110.6,30.49,20.98,6.3,77.5,162.6,4.82,1.2,127.6,0.0,32.29,13.05,19.69,10.11,0.0,SSP5-8.5,+2C_Warming,True,DEMO / SYNTHETIC DATA (Plant-to-Watershed Simulator)
2029-09-01,2029,9,WS_Cedar_01,WS_Cedar_01_HRU1,77.6,21.92,18.22,9.8,56.2,101.1,1.93,1.33,66.1,0.097,21.76,7.45,16.27,6.48,0.0,SSP2-4.5,Baseline,True,DEMO / SYNTHETIC DATA (Plant-to-Watershed Simulator)
2029-09-01,2029,9,WS_Cedar_01,WS_Cedar_01_HRU1,68.0,25.22,18.22,9.8,52.2,106.6,1.93,1.33,71.6,0.097,16.85,6.61,12.13,5.7,0.0,SSP5-8.5,+2C_Warming,True,DEMO / SYNTHETIC DATA (Plant-to-Watershed Simulator)
2029-09-01,2029,9,WS_Cedar_01,WS_Cedar_01_HRU2,54.4,20.48,22.81,14.0,40.0,91.1,1.98,1.33,56.1,0.274,16.04,6.29,11.79,5.88,0.0,SSP2-4.5,Baseline,True,DEMO / SYNTHETIC DATA (Plant-to-Watershed Simulator)
2029-09-01,2029,9,WS_Cedar_01,WS_Cedar_01_HRU2,47.7,23.78,22.81,14.0,37.1,88.1,1.98,1.33,53.1,0.364,12.67,5.72,8.96,5.34,0.0,SSP5-8.5,+2C_Warming,True,DEMO / SYNTHETIC DATA (Plant-to-Watershed Simulator)
2029-09-01,2029,9,WS_Cedar_01,WS_Cedar_01_HRU3,73.5,15.39,21.38,6.3,60.9,98.2,2.13,1.33,63.2,0.073,15.74,6.25,9.71,5.46,0.0,SSP2-4.5,Baseline,True,DEMO / SYNTHETIC DATA (Plant-to-Watershed Simulator)
2029-09-01,2029,9,WS_Cedar_01,WS_Cedar_01_HRU3,64.4,18.69,21.38,6.3,55.8,104.3,2.13,1.33,69.3,0.073,12.06,5.62,6.8,4.91,0.0,SSP5-8.5,+2C_Warming,True,DEMO / SYNTHETIC DATA (Plant-to-Watershed Simulator)
2029-09-01,2029,9,WS_Iowa_03,WS_Iowa_03_HRU1,175.6,19.77,18.11,9.8,80.2,103.3,1.92,1.33,68.3,0.007,84.59,31.45,70.62,29.49,0.0,SSP2-4.5,Baseline,True,DEMO / SYNTHETIC DATA (Plant-to-Watershed Simulator)
2029-09-01,2029,9,WS_Iowa_03,WS_Iowa_03_HRU1,153.9,23.07,18.11,9.8,76.6,109.4,1.92,1.33,74.4,0.007,69.25,27.08,56.99,25.19,0.0,SSP5-8.5,+2C_Warming,True,DEMO / SYNTHETIC DATA (Plant-to-Watershed Simulator)
2029-09-01,2029,9,WS_Iowa_03,WS_Iowa_03_HRU2,11.9,17.42,18.33,14.0,11.9,20.6,1.99,1.33,0.0,1.0,2.54,8.22,1.58,7.78,0.0,SSP2-4.5,Baseline,True,DEMO / SYNTHETIC DATA (Plant-to-Watershed Simulator)
2029-09-01,2029,9,WS_Iowa_03,WS_Iowa_03_HRU2,10.4,20.72,18.33,14.0,10.4,22.0,1.99,1.33,0.0,1.0,2.42,8.19,1.59,7.79,0.0,SSP5-8.5,+2C_Warming,True,DEMO / SYNTHETIC DATA (Plant-to-Watershed Simulator)
2029-09-01,2029,9,WS_Iowa_03,WS_Iowa_03_HRU3,91.3,20.0,18.22,6.3,69.7,100.9,2.0,1.33,65.9,0.07,21.58,13.94,13.54,11.73,0.0,SSP2-4.5,Baseline,True,DEMO / SYNTHETIC DATA (Plant-to-Watershed Simulator)
2029-09-01,2029,9,WS_Iowa_03,WS_Iowa_03_HRU3,80.0,23.3,18.22,6.3,64.3,106.8,2.0,1.33,71.8,0.07,16.21,12.41,9.11,10.34,0.0,SSP5-8.5,+2C_Warming,True,DEMO / SYNTHETIC DATA (Plant-to-Watershed Simulator)
2029-09-01,2029,9,WS_Raccoon_02,WS_Raccoon_02_HRU1,54.1,20.1,21.13,9.8,45.2,97.1,1.8,1.33,62.1,0.121,9.99,8.15,5.72,6.63,0.0,SSP2-4.5,Baseline,True,DEMO / SYNTHETIC DATA (Plant-to-Watershed Simulator)
2029-09-01,2029,9,WS_Raccoon_02,WS_Raccoon_02_HRU1,47.4,23.4,21.13,9.8,41.4,94.3,1.8,1.33,59.3,0.226,7.35,7.55,3.6,6.1,0.0,SSP5-8.5,+2C_Warming,True,DEMO / SYNTHETIC DATA (Plant-to-Watershed Simulator)
2029-09-01,2029,9,WS_Raccoon_02,WS_Raccoon_02_HRU2,133.9,19.6,18.7,14.0,59.1,99.5,1.96,1.33,64.5,0.078,67.39,21.18,56.56,19.6,0.0,SSP2-4.5,Baseline,True,DEMO / SYNTHETIC DATA (Plant-to-Watershed Simulator)
2029-09-01,2029,9,WS_Raccoon_02,WS_Raccoon_02_HRU2,117.3,22.9,18.7,14.0,56.6,105.3,1.96,1.33,70.3,0.078,55.52,18.48,46.01,16.94,0.0,SSP5-8.5,+2C_Warming,True,DEMO / SYNTHETIC DATA (Plant-to-Watershed Simulator)
2029-09-01,2029,9,WS_Raccoon_02,WS_Raccoon_02_HRU3,84.8,20.28,18.24,6.3,66.7,104.5,1.96,1.33,69.5,0.016,20.8,10.39,13.43,8.72,0.0,SSP2-4.5,Baseline,True,DEMO / SYNTHETIC DATA (Plant-to-Watershed Simulator)
2029-09-01,2029,9,WS_Raccoon_02,WS_Raccoon_02_HRU3,74.3,23.58,18.24,6.3,61.4,110.7,1.96,1.33,75.7,0.016,16.06,9.31,9.55,7.74,0.0,SSP5-8.5,+2C_Warming,True,DEMO / SYNTHETIC DATA (Plant-to-Watershed Simulator)
2029-10-01,2029,10,WS_Cedar_01,WS_Cedar_01_HRU1,60.7,8.83,13.32,17.53,48.7,25.5,0.1,1.38,3.6,0.0,13.07,6.04,8.81,5.21,12.83,SSP2-4.5,Baseline,True,DEMO / SYNTHETIC DATA (Plant-to-Watershed Simulator)
2029-10-01,2029,10,WS_Cedar_01,WS_Cedar_01_HRU1,53.2,12.13,13.32,15.4,44.7,27.9,0.1,1.38,4.1,0.0,9.82,5.48,5.89,4.65,12.83,SSP5-8.5,+2C_Warming,True,DEMO / SYNTHETIC DATA (Plant-to-Watershed Simulator)
2029-10-01,2029,10,WS_Cedar_01,WS_Cedar_01_HRU2,64.9,12.02,14.87,18.7,44.0,29.9,0.1,1.38,4.3,0.0,22.78,7.41,18.32,7.33,13.43,SSP2-4.5,Baseline,True,DEMO / SYNTHETIC DATA (Plant-to-Watershed Simulator)
2029-10-01,2029,10,WS_Cedar_01,WS_Cedar_01_HRU2,56.8,15.32,14.87,16.83,41.0,32.5,0.1,1.38,4.8,0.0,18.29,6.64,14.09,6.53,13.43,SSP5-8.5,+2C_Warming,True,DEMO / SYNTHETIC DATA (Plant-to-Watershed Simulator)
2029-10-01,2029,10,WS_Cedar_01,WS_Cedar_01_HRU3,41.0,12.23,14.88,9.5,39.5,29.9,0.1,1.38,4.3,0.0,3.36,4.24,0.5,4.0,13.35,SSP2-4.5,Baseline,True,DEMO / SYNTHETIC DATA (Plant-to-Watershed Simulator)
2029-10-01,2029,10,WS_Cedar_01,WS_Cedar_01_HRU3,35.9,15.53,14.88,7.57,35.2,31.4,0.1,1.38,4.8,0.0,2.32,4.07,0.5,4.0,13.35,SSP5-8.5,+2C_Warming,True,DEMO / SYNTHETIC DATA (Plant-to-Watershed Simulator)
2029-10-01,2029,10,WS_Iowa_03,WS_Iowa_03_HRU1,26.2,13.71,14.59,10.43,25.8,23.9,0.1,1.38,4.5,0.0,2.24,8.42,0.5,7.32,12.21,SSP2-4.5,Baseline,True,DEMO / SYNTHETIC DATA (Plant-to-Watershed Simulator)
2029-10-01,2029,10,WS_Iowa_03,WS_Iowa_03_HRU1,22.9,17.01,14.59,9.8,22.8,25.5,0.1,1.38,5.0,0.0,1.76,8.28,0.5,7.32,12.21,SSP5-8.5,+2C_Warming,True,DEMO / SYNTHETIC DATA (Plant-to-Watershed Simulator)
2029-10-01,2029,10,WS_Iowa_03,WS_Iowa_03_HRU2,11.9,13.59,15.13,14.0,11.9,21.7,0.1,1.38,4.6,0.0,1.9,8.02,0.8,7.77,12.37,SSP2-4.5,Baseline,True,DEMO / SYNTHETIC DATA (Plant-to-Watershed Simulator)
2029-10-01,2029,10,WS_Iowa_03,WS_Iowa_03_HRU2,10.4,16.89,15.13,14.0,10.4,23.6,0.1,1.38,5.1,0.0,1.78,7.99,0.8,7.77,12.37,SSP5-8.5,+2C_Warming,True,DEMO / SYNTHETIC DATA (Plant-to-Watershed Simulator)
2029-10-01,2029,10,WS_Iowa_03,WS_Iowa_03_HRU3,54.2,10.26,16.33,11.73,49.3,33.0,0.1,1.38,4.2,0.0,7.1,9.98,3.86,8.23,12.35,SSP2-4.5,Baseline,True,DEMO / SYNTHETIC DATA (Plant-to-Watershed Simulator)
2029-10-01,2029,10,WS_Iowa_03,WS_Iowa_03_HRU3,47.5,13.56,16.33,9.5,44.5,34.9,0.1,1.38,4.7,0.0,5.1,9.41,2.24,7.72,12.35,SSP5-8.5,+2C_Warming,True,DEMO / SYNTHETIC DATA (Plant-to-Watershed Simulator)
2029-10-01,2029,10,WS_Raccoon_02,WS_Raccoon_02_HRU1,42.7,13.29,14.66,13.27,38.4,28.0,0.1,1.38,4.5,0.0,6.12,7.2,3.42,5.94,11.42,SSP2-4.5,Baseline,True,DEMO / SYNTHETIC DATA (Plant-to-Watershed Simulator)
2029-10-01,2029,10,WS_Raccoon_02,WS_Raccoon_02_HRU1,37.4,16.59,14.66,11.43,34.7,29.8,0.1,1.38,5.0,0.0,4.46,6.82,2.06,5.6,11.42,SSP5-8.5,+2C_Warming,True,DEMO / SYNTHETIC DATA (Plant-to-Watershed Simulator)
2029-10-01,2029,10,WS_Raccoon_02,WS_Raccoon_02_HRU2,26.6,11.41,12.75,14.8,24.8,22.4,0.1,1.38,4.0,0.0,2.71,5.94,0.5,5.58,12.44,SSP2-4.5,Baseline,True,DEMO / SYNTHETIC DATA (Plant-to-Watershed Simulator)
2029-10-01,2029,10,WS_Raccoon_02,WS_Raccoon_02_HRU2,23.3,14.71,12.75,14.0,22.3,24.5,0.1,1.38,4.5,0.0,1.85,5.75,0.5,5.58,12.44,SSP5-8.5,+2C_Warming,True,DEMO / SYNTHETIC DATA (Plant-to-Watershed Simulator)
2029-10-01,2029,10,WS_Raccoon_02,WS_Raccoon_02_HRU3,40.2,11.54,14.38,9.7,38.8,28.6,0.1,1.38,4.2,0.0,3.74,6.62,0.64,5.15,13.7,SSP2-4.5,Baseline,True,DEMO / SYNTHETIC DATA (Plant-to-Watershed Simulator)
2029-10-01,2029,10,WS_Raccoon_02,WS_Raccoon_02_HRU3,35.2,14.84,14.38,7.8,34.6,30.1,0.1,1.38,4.7,0.0,2.76,6.39,0.5,5.12,13.7,SSP5-8.5,+2C_Warming,True,DEMO / SYNTHETIC DATA (Plant-to-Watershed Simulator)
2029-11-01,2029,11,WS_Cedar_01,WS_Cedar_01_HRU1,44.2,2.45,10.69,25.13,39.4,16.6,0.0,0.1,0.0,0.0,7.64,5.27,7.56,5.31,0.0,SSP2-4.5,Baseline,True,DEMO / SYNTHETIC DATA (Plant-to-Watershed Simulator)
2029-11-01,2029,11,WS_Cedar_01,WS_Cedar_01_HRU1,38.7,5.75,10.69,21.27,35.7,18.1,0.0,0.1,0.0,0.0,5.85,4.97,5.79,4.98,0.0,SSP5-8.5,+2C_Warming,True,DEMO / SYNTHETIC DATA (Plant-to-Watershed Simulator)
2029-11-01,2029,11,WS_Cedar_01,WS_Cedar_01_HRU2,30.0,6.23,8.79,22.53,27.2,15.7,0.0,0.1,0.0,0.0,3.82,4.97,3.77,4.67,0.0,SSP2-4.5,Baseline,True,DEMO / SYNTHETIC DATA (Plant-to-Watershed Simulator)
2029-11-01,2029,11,WS_Cedar_01,WS_Cedar_01_HRU2,26.3,9.53,8.79,19.4,24.6,16.9,0.0,0.1,0.0,0.0,2.7,4.78,2.67,4.46,0.0,SSP5-8.5,+2C_Warming,True,DEMO / SYNTHETIC DATA (Plant-to-Watershed Simulator)
2029-11-01,2029,11,WS_Cedar_01,WS_Cedar_01_HRU3,77.0,2.5,10.42,22.93,62.8,20.9,0.0,0.1,0.0,0.0,16.19,6.76,15.89,6.46,0.0,SSP2-4.5,Baseline,True,DEMO / SYNTHETIC DATA (Plant-to-Watershed Simulator)
2029-11-01,2029,11,WS_Cedar_01,WS_Cedar_01_HRU3,67.5,5.8,10.42,19.1,57.6,23.0,0.0,0.1,0.0,0.0,12.21,6.08,11.94,5.72,0.0,SSP5-8.5,+2C_Warming,True,DEMO / SYNTHETIC DATA (Plant-to-Watershed Simulator)
2029-11-01,2029,11,WS_Iowa_03,WS_Iowa_03_HRU1,24.4,3.65,9.41,15.1,24.2,10.2,0.0,0.1,0.0,0.0,1.66,8.36,1.18,7.72,0.0,SSP2-4.5,Baseline,True,DEMO / SYNTHETIC DATA (Plant-to-Watershed Simulator)
2029-11-01,2029,11,WS_Iowa_03,WS_Iowa_03_HRU1,21.4,6.95,9.41,13.13,21.4,11.4,0.0,0.1,0.0,0.0,1.5,8.31,1.04,7.67,0.0,SSP5-8.5,+2C_Warming,True,DEMO / SYNTHETIC DATA (Plant-to-Watershed Simulator)
2029-11-01,2029,11,WS_Iowa_03,WS_Iowa_03_HRU2,35.4,1.39,11.3,20.47,30.6,11.2,0.0,0.1,0.0,0.0,6.21,8.84,6.0,9.08,0.0,SSP2-4.5,Baseline,True,DEMO / SYNTHETIC DATA (Plant-to-Watershed Simulator)
2029-11-01,2029,11,WS_Iowa_03,WS_Iowa_03_HRU2,31.0,4.69,11.3,18.87,27.9,13.3,0.0,0.1,0.0,0.0,4.63,8.39,4.43,8.59,0.0,SSP5-8.5,+2C_Warming,True,DEMO / SYNTHETIC DATA (Plant-to-Watershed Simulator)
2029-11-01,2029,11,WS_Iowa_03,WS_Iowa_03_HRU3,14.4,2.72,10.65,12.57,14.4,11.9,0.0,0.1,0.0,0.0,1.5,8.41,1.73,7.71,0.0,SSP2-4.5,Baseline,True,DEMO / SYNTHETIC DATA (Plant-to-Watershed Simulator)
2029-11-01,2029,11,WS_Iowa_03,WS_Iowa_03_HRU3,12.6,6.02,10.65,9.7,12.6,12.0,0.0,0.1,0.0,0.0,1.5,8.41,1.74,7.71,0.0,SSP5-8.5,+2C_Warming,True,DEMO / SYNTHETIC DATA (Plant-to-Watershed Simulator)
2029-11-01,2029,11,WS_Raccoon_02,WS_Raccoon_02_HRU1,18.8,2.87,12.23,15.67,18.8,11.6,0.0,0.1,0.0,0.0,1.5,5.98,1.68,5.82,0.0,SSP2-4.5,Baseline,True,DEMO / SYNTHETIC DATA (Plant-to-Watershed Simulator)
2029-11-01,2029,11,WS_Raccoon_02,WS_Raccoon_02_HRU1,16.5,6.17,12.23,12.9,16.5,12.1,0.0,0.1,0.0,0.0,1.5,5.98,1.7,5.83,0.0,SSP5-8.5,+2C_Warming,True,DEMO / SYNTHETIC DATA (Plant-to-Watershed Simulator)
2029-11-01,2029,11,WS_Raccoon_02,WS_Raccoon_02_HRU2,59.5,0.39,12.28,24.47,42.0,13.0,0.0,0.1,0.0,0.0,17.61,10.66,17.53,10.38,0.0,SSP2-4.5,Baseline,True,DEMO / SYNTHETIC DATA (Plant-to-Watershed Simulator)
2029-11-01,2029,11,WS_Raccoon_02,WS_Raccoon_02_HRU2,52.1,3.69,12.28,22.0,39.1,15.1,0.0,0.1,0.0,0.0,13.7,9.77,13.64,9.4,0.0,SSP5-8.5,+2C_Warming,True,DEMO / SYNTHETIC DATA (Plant-to-Watershed Simulator)
2029-11-01,2029,11,WS_Raccoon_02,WS_Raccoon_02_HRU3,48.1,3.76,9.53,18.67,45.0,18.1,0.0,0.1,0.0,0.0,7.33,7.37,7.54,7.22,0.0,SSP2-4.5,Baseline,True,DEMO / SYNTHETIC DATA (Plant-to-Watershed Simulator)
2029-11-01,2029,11,WS_Raccoon_02,WS_Raccoon_02_HRU3,42.2,7.06,9.53,14.97,40.5,19.0,0.0,0.1,0.0,0.0,5.81,7.03,6.05,6.85,0.0,SSP5-8.5,+2C_Warming,True,DEMO / SYNTHETIC DATA (Plant-to-Watershed Simulator)
2029-12-01,2029,12,WS_Cedar_01,WS_Cedar_01_HRU1,28.8,-3.24,7.76,33.67,28.0,2.4,0.0,0.1,0.0,0.0,3.77,3.98,3.94,4.35,0.0,SSP2-4.5,Baseline,True,DEMO / SYNTHETIC DATA (Plant-to-Watershed Simulator)
2029-12-01,2029,12,WS_Cedar_01,WS_Cedar_01_HRU1,25.2,0.06,7.76,25.83,24.9,11.2,0.0,0.1,0.0,0.0,3.13,3.87,3.31,4.23,0.0,SSP5-8.5,+2C_Warming,True,DEMO / SYNTHETIC DATA (Plant-to-Watershed Simulator)
2029-12-01,2029,12,WS_Cedar_01,WS_Cedar_01_HRU2,73.3,-4.04,8.57,37.3,46.7,2.4,0.0,0.1,0.0,0.0,26.43,8.62,25.83,8.48,0.0,SSP2-4.5,Baseline,True,DEMO / SYNTHETIC DATA (Plant-to-Watershed Simulator)
2029-12-01,2029,12,WS_Cedar_01,WS_Cedar_01_HRU2,64.3,-0.74,8.57,33.3,43.8,2.1,0.0,0.1,0.0,0.0,21.14,7.72,20.56,7.48,0.0,SSP5-8.5,+2C_Warming,True,DEMO / SYNTHETIC DATA (Plant-to-Watershed Simulator)
2029-12-01,2029,12,WS_Cedar_01,WS_Cedar_01_HRU3,21.3,-4.8,7.72,28.97,21.3,2.8,0.0,0.1,0.0,0.0,2.32,3.77,1.88,4.39,0.0,SSP2-4.5,Baseline,True,DEMO / SYNTHETIC DATA (Plant-to-Watershed Simulator)
2029-12-01,2029,12,WS_Cedar_01,WS_Cedar_01_HRU3,18.7,-1.5,7.72,24.57,18.7,2.3,0.0,0.1,0.0,0.0,2.12,3.74,1.7,4.36,0.0,SSP5-8.5,+2C_Warming,True,DEMO / SYNTHETIC DATA (Plant-to-Watershed Simulator)
2029-12-01,2029,12,WS_Iowa_03,WS_Iowa_03_HRU1,41.4,-1.66,7.65,26.97,37.5,1.9,0.0,0.1,0.0,0.0,3.73,8.73,4.84,8.64,0.0,SSP2-4.5,Baseline,True,DEMO / SYNTHETIC DATA (Plant-to-Watershed Simulator)
2029-12-01,2029,12,WS_Iowa_03,WS_Iowa_03_HRU1,36.3,1.64,7.65,20.9,33.9,10.6,0.0,0.1,0.0,0.0,2.18,8.29,3.31,8.15,0.0,SSP5-8.5,+2C_Warming,True,DEMO / SYNTHETIC DATA (Plant-to-Watershed Simulator)
2029-12-01,2029,12,WS_Iowa_03,WS_Iowa_03_HRU2,22.1,-0.69,8.82,27.0,21.3,1.7,0.0,0.1,0.0,0.0,1.76,8.25,3.05,7.97,0.0,SSP2-4.5,Baseline,True,DEMO / SYNTHETIC DATA (Plant-to-Watershed Simulator)
2029-12-01,2029,12,WS_Iowa_03,WS_Iowa_03_HRU2,19.3,2.61,8.82,21.43,19.0,11.3,0.0,0.1,0.0,0.0,1.5,8.17,2.8,7.89,0.0,SSP5-8.5,+2C_Warming,True,DEMO / SYNTHETIC DATA (Plant-to-Watershed Simulator)
2029-12-01,2029,12,WS_Iowa_03,WS_Iowa_03_HRU3,49.7,-2.45,9.17,27.07,46.1,2.6,0.0,0.1,0.0,0.0,4.87,9.37,5.38,8.73,0.0,SSP2-4.5,Baseline,True,DEMO / SYNTHETIC DATA (Plant-to-Watershed Simulator)
2029-12-01,2029,12,WS_Iowa_03,WS_Iowa_03_HRU3,43.5,0.85,9.17,19.0,41.5,13.6,0.0,0.1,0.0,0.0,3.2,8.9,3.73,8.21,0.0,SSP5-8.5,+2C_Warming,True,DEMO / SYNTHETIC DATA (Plant-to-Watershed Simulator)
2029-12-01,2029,12,WS_Raccoon_02,WS_Raccoon_02_HRU1,33.3,1.0,8.08,22.53,31.7,11.1,0.0,0.1,0.0,0.0,2.02,6.59,2.06,5.76,0.0,SSP2-4.5,Baseline,True,DEMO / SYNTHETIC DATA (Plant-to-Watershed Simulator)
2029-12-01,2029,12,WS_Raccoon_02,WS_Raccoon_02_HRU1,29.1,4.3,8.08,18.27,28.3,12.2,0.0,0.1,0.0,0.0,1.5,6.47,1.56,5.63,0.0,SSP5-8.5,+2C_Warming,True,DEMO / SYNTHETIC DATA (Plant-to-Watershed Simulator)
2029-12-01,2029,12,WS_Raccoon_02,WS_Raccoon_02_HRU2,47.5,-0.06,7.74,36.03,37.0,2.3,0.0,0.1,0.0,0.0,13.37,9.01,12.64,9.12,0.0,SSP2-4.5,Baseline,True,DEMO / SYNTHETIC DATA (Plant-to-Watershed Simulator)
2029-12-01,2029,12,WS_Raccoon_02,WS_Raccoon_02_HRU2,41.6,3.24,7.74,28.43,34.1,14.8,0.0,0.1,0.0,0.0,10.66,8.39,9.95,8.44,0.0,SSP5-8.5,+2C_Warming,True,DEMO / SYNTHETIC DATA (Plant-to-Watershed Simulator)
2029-12-01,2029,12,WS_Raccoon_02,WS_Raccoon_02_HRU3,68.3,-2.05,7.32,28.97,58.0,2.8,0.0,0.1,0.0,0.0,12.31,8.32,11.91,8.24,0.0,SSP2-4.5,Baseline,True,DEMO / SYNTHETIC DATA (Plant-to-Watershed Simulator)
2029-12-01,2029,12,WS_Raccoon_02,WS_Raccoon_02_HRU3,59.9,1.25,7.32,24.53,53.0,16.1,0.0,0.1,0.0,0.0,9.13,7.6,8.76,7.45,0.0,SSP5-8.5,+2C_Warming,True,DEMO / SYNTHETIC DATA (Plant-to-Watershed Simulator)
