date,active,crop.active,crop.source,crop.window_status,crop.limitation,crop.crop,crop.season_id,crop.phenological_stage,field.units.soil_moisture_vol,field.units.mean_LAI,field.units.canopy_cover,field.units.root_depth_mean_m,field.units.actual_ET_mm_day,field.units.potential_ET_mm_day,field.units.transpiration_mm_day,field.units.soil_water_uptake_mm_day,field.units.water_stress,field.units.biomass_g_plant,field.units.yield_estimate_g_plant,field.units.mean_growing_degree_days_c_day,field.units.mean_thermal_maturity_gdd,field.units.phenology_fraction,field.units.canopy_extinction_coefficient,field.units.biomass_energy_ratio_kg_ha_per_mj_m2,field.coupling_parameter_provenance.ext_co.source_type,field.coupling_parameter_provenance.ext_co.source_value,field.coupling_parameter_provenance.ext_co.population_mean,field.coupling_parameter_provenance.ext_co.population_std,field.coupling_parameter_provenance.ext_co.assumption_status,field.coupling_parameter_provenance.ext_co.calibrated,field.coupling_parameter_provenance.ext_co.intra_population_variation,field.coupling_parameter_provenance.ext_co.model_clamp.minimum,field.coupling_parameter_provenance.ext_co.model_clamp.maximum,field.coupling_parameter_provenance.ext_co.swat_documented_range.minimum,field.coupling_parameter_provenance.ext_co.swat_documented_range.maximum,field.coupling_parameter_provenance.bm_e.source_type,field.coupling_parameter_provenance.bm_e.source_value,field.coupling_parameter_provenance.bm_e.population_mean,field.coupling_parameter_provenance.bm_e.population_std,field.coupling_parameter_provenance.bm_e.assumption_status,field.coupling_parameter_provenance.bm_e.calibrated,field.coupling_parameter_provenance.bm_e.intra_population_variation,field.coupling_parameter_provenance.bm_e.model_clamp.minimum,field.coupling_parameter_provenance.bm_e.model_clamp.maximum,field.coupling_parameter_provenance.bm_e.swat_documented_range.minimum,field.coupling_parameter_provenance.bm_e.swat_documented_range.maximum,field.evidence_type,field.provenance.source,field.provenance.version,field.provenance.aggregation,field.provenance.units_explicit,field.provenance.classification,field.soil_water_uptake_mm_day,field.potential_ET_mm_day,field.root_depth_mean_m,field.soil_moisture_vol,field.mean_thermal_maturity_gdd,field.actual_ET_mm_day,field.biomass_g_plant,field.field_capacity_vol_percent,field.mean_stress,field.mean_transpiration_mm,field.estimated_root_zone_depth_mm,field.transpiration_mm_day,field.plant_height_mean_m,field.biomass_energy_ratio_kg_ha_per_mj_m2,field.wilting_point_vol_percent,field.yield_estimate_g_plant,field.mean_LAI,field.canopy_extinction_coefficient,field.mean_growing_degree_days_c_day,field.canopy_cover,field.mean_lai,field.estimated_plant_available_fraction,field.phenology_fraction,field.n_plants,field.active_crop_area_fraction,field.active_calendar_group_count,field.calendar_group_count,field.soil_moisture_source,field.calendar_aggregation,field.summary_semantics
2019-01-01,False,False,SWAT+ mgt_out.txt executed crop calendar,NO_ACTIVE_EXECUTED_CROP_CALENDAR,No maize cohort is within its executed SWAT+ plant-to-harvest interval; no plant state is emitted,,,,,,,,,,,,,,,,,,,,,,,,,,,,,,,,,,,,,,,,,,,,,,,,,,,,,,,,,,,,,,,,,,,,,,,,,,,,,
2019-01-02,False,False,SWAT+ mgt_out.txt executed crop calendar,NO_ACTIVE_EXECUTED_CROP_CALENDAR,No maize cohort is within its executed SWAT+ plant-to-harvest interval; no plant state is emitted,,,,,,,,,,,,,,,,,,,,,,,,,,,,,,,,,,,,,,,,,,,,,,,,,,,,,,,,,,,,,,,,,,,,,,,,,,,,,
2019-01-03,False,False,SWAT+ mgt_out.txt executed crop calendar,NO_ACTIVE_EXECUTED_CROP_CALENDAR,No maize cohort is within its executed SWAT+ plant-to-harvest interval; no plant state is emitted,,,,,,,,,,,,,,,,,,,,,,,,,,,,,,,,,,,,,,,,,,,,,,,,,,,,,,,,,,,,,,,,,,,,,,,,,,,,,
2019-01-04,False,False,SWAT+ mgt_out.txt executed crop calendar,NO_ACTIVE_EXECUTED_CROP_CALENDAR,No maize cohort is within its executed SWAT+ plant-to-harvest interval; no plant state is emitted,,,,,,,,,,,,,,,,,,,,,,,,,,,,,,,,,,,,,,,,,,,,,,,,,,,,,,,,,,,,,,,,,,,,,,,,,,,,,
2019-01-05,False,False,SWAT+ mgt_out.txt executed crop calendar,NO_ACTIVE_EXECUTED_CROP_CALENDAR,No maize cohort is within its executed SWAT+ plant-to-harvest interval; no plant state is emitted,,,,,,,,,,,,,,,,,,,,,,,,,,,,,,,,,,,,,,,,,,,,,,,,,,,,,,,,,,,,,,,,,,,,,,,,,,,,,
2019-01-06,False,False,SWAT+ mgt_out.txt executed crop calendar,NO_ACTIVE_EXECUTED_CROP_CALENDAR,No maize cohort is within its executed SWAT+ plant-to-harvest interval; no plant state is emitted,,,,,,,,,,,,,,,,,,,,,,,,,,,,,,,,,,,,,,,,,,,,,,,,,,,,,,,,,,,,,,,,,,,,,,,,,,,,,
2019-01-07,False,False,SWAT+ mgt_out.txt executed crop calendar,NO_ACTIVE_EXECUTED_CROP_CALENDAR,No maize cohort is within its executed SWAT+ plant-to-harvest interval; no plant state is emitted,,,,,,,,,,,,,,,,,,,,,,,,,,,,,,,,,,,,,,,,,,,,,,,,,,,,,,,,,,,,,,,,,,,,,,,,,,,,,
2019-01-08,False,False,SWAT+ mgt_out.txt executed crop calendar,NO_ACTIVE_EXECUTED_CROP_CALENDAR,No maize cohort is within its executed SWAT+ plant-to-harvest interval; no plant state is emitted,,,,,,,,,,,,,,,,,,,,,,,,,,,,,,,,,,,,,,,,,,,,,,,,,,,,,,,,,,,,,,,,,,,,,,,,,,,,,
2019-01-09,False,False,SWAT+ mgt_out.txt executed crop calendar,NO_ACTIVE_EXECUTED_CROP_CALENDAR,No maize cohort is within its executed SWAT+ plant-to-harvest interval; no plant state is emitted,,,,,,,,,,,,,,,,,,,,,,,,,,,,,,,,,,,,,,,,,,,,,,,,,,,,,,,,,,,,,,,,,,,,,,,,,,,,,
2019-01-10,False,False,SWAT+ mgt_out.txt executed crop calendar,NO_ACTIVE_EXECUTED_CROP_CALENDAR,No maize cohort is within its executed SWAT+ plant-to-harvest interval; no plant state is emitted,,,,,,,,,,,,,,,,,,,,,,,,,,,,,,,,,,,,,,,,,,,,,,,,,,,,,,,,,,,,,,,,,,,,,,,,,,,,,
2019-01-11,False,False,SWAT+ mgt_out.txt executed crop calendar,NO_ACTIVE_EXECUTED_CROP_CALENDAR,No maize cohort is within its executed SWAT+ plant-to-harvest interval; no plant state is emitted,,,,,,,,,,,,,,,,,,,,,,,,,,,,,,,,,,,,,,,,,,,,,,,,,,,,,,,,,,,,,,,,,,,,,,,,,,,,,
2019-01-12,False,False,SWAT+ mgt_out.txt executed crop calendar,NO_ACTIVE_EXECUTED_CROP_CALENDAR,No maize cohort is within its executed SWAT+ plant-to-harvest interval; no plant state is emitted,,,,,,,,,,,,,,,,,,,,,,,,,,,,,,,,,,,,,,,,,,,,,,,,,,,,,,,,,,,,,,,,,,,,,,,,,,,,,
2019-01-13,False,False,SWAT+ mgt_out.txt executed crop calendar,NO_ACTIVE_EXECUTED_CROP_CALENDAR,No maize cohort is within its executed SWAT+ plant-to-harvest interval; no plant state is emitted,,,,,,,,,,,,,,,,,,,,,,,,,,,,,,,,,,,,,,,,,,,,,,,,,,,,,,,,,,,,,,,,,,,,,,,,,,,,,
2019-01-14,False,False,SWAT+ mgt_out.txt executed crop calendar,NO_ACTIVE_EXECUTED_CROP_CALENDAR,No maize cohort is within its executed SWAT+ plant-to-harvest interval; no plant state is emitted,,,,,,,,,,,,,,,,,,,,,,,,,,,,,,,,,,,,,,,,,,,,,,,,,,,,,,,,,,,,,,,,,,,,,,,,,,,,,
2019-01-15,False,False,SWAT+ mgt_out.txt executed crop calendar,NO_ACTIVE_EXECUTED_CROP_CALENDAR,No maize cohort is within its executed SWAT+ plant-to-harvest interval; no plant state is emitted,,,,,,,,,,,,,,,,,,,,,,,,,,,,,,,,,,,,,,,,,,,,,,,,,,,,,,,,,,,,,,,,,,,,,,,,,,,,,
2019-01-16,False,False,SWAT+ mgt_out.txt executed crop calendar,NO_ACTIVE_EXECUTED_CROP_CALENDAR,No maize cohort is within its executed SWAT+ plant-to-harvest interval; no plant state is emitted,,,,,,,,,,,,,,,,,,,,,,,,,,,,,,,,,,,,,,,,,,,,,,,,,,,,,,,,,,,,,,,,,,,,,,,,,,,,,
2019-01-17,False,False,SWAT+ mgt_out.txt executed crop calendar,NO_ACTIVE_EXECUTED_CROP_CALENDAR,No maize cohort is within its executed SWAT+ plant-to-harvest interval; no plant state is emitted,,,,,,,,,,,,,,,,,,,,,,,,,,,,,,,,,,,,,,,,,,,,,,,,,,,,,,,,,,,,,,,,,,,,,,,,,,,,,
2019-01-18,False,False,SWAT+ mgt_out.txt executed crop calendar,NO_ACTIVE_EXECUTED_CROP_CALENDAR,No maize cohort is within its executed SWAT+ plant-to-harvest interval; no plant state is emitted,,,,,,,,,,,,,,,,,,,,,,,,,,,,,,,,,,,,,,,,,,,,,,,,,,,,,,,,,,,,,,,,,,,,,,,,,,,,,
2019-01-19,False,False,SWAT+ mgt_out.txt executed crop calendar,NO_ACTIVE_EXECUTED_CROP_CALENDAR,No maize cohort is within its executed SWAT+ plant-to-harvest interval; no plant state is emitted,,,,,,,,,,,,,,,,,,,,,,,,,,,,,,,,,,,,,,,,,,,,,,,,,,,,,,,,,,,,,,,,,,,,,,,,,,,,,
2019-01-20,False,False,SWAT+ mgt_out.txt executed crop calendar,NO_ACTIVE_EXECUTED_CROP_CALENDAR,No maize cohort is within its executed SWAT+ plant-to-harvest interval; no plant state is emitted,,,,,,,,,,,,,,,,,,,,,,,,,,,,,,,,,,,,,,,,,,,,,,,,,,,,,,,,,,,,,,,,,,,,,,,,,,,,,
2019-01-21,False,False,SWAT+ mgt_out.txt executed crop calendar,NO_ACTIVE_EXECUTED_CROP_CALENDAR,No maize cohort is within its executed SWAT+ plant-to-harvest interval; no plant state is emitted,,,,,,,,,,,,,,,,,,,,,,,,,,,,,,,,,,,,,,,,,,,,,,,,,,,,,,,,,,,,,,,,,,,,,,,,,,,,,
2019-01-22,False,False,SWAT+ mgt_out.txt executed crop calendar,NO_ACTIVE_EXECUTED_CROP_CALENDAR,No maize cohort is within its executed SWAT+ plant-to-harvest interval; no plant state is emitted,,,,,,,,,,,,,,,,,,,,,,,,,,,,,,,,,,,,,,,,,,,,,,,,,,,,,,,,,,,,,,,,,,,,,,,,,,,,,
2019-01-23,False,False,SWAT+ mgt_out.txt executed crop calendar,NO_ACTIVE_EXECUTED_CROP_CALENDAR,No maize cohort is within its executed SWAT+ plant-to-harvest interval; no plant state is emitted,,,,,,,,,,,,,,,,,,,,,,,,,,,,,,,,,,,,,,,,,,,,,,,,,,,,,,,,,,,,,,,,,,,,,,,,,,,,,
2019-01-24,False,False,SWAT+ mgt_out.txt executed crop calendar,NO_ACTIVE_EXECUTED_CROP_CALENDAR,No maize cohort is within its executed SWAT+ plant-to-harvest interval; no plant state is emitted,,,,,,,,,,,,,,,,,,,,,,,,,,,,,,,,,,,,,,,,,,,,,,,,,,,,,,,,,,,,,,,,,,,,,,,,,,,,,
2019-01-25,False,False,SWAT+ mgt_out.txt executed crop calendar,NO_ACTIVE_EXECUTED_CROP_CALENDAR,No maize cohort is within its executed SWAT+ plant-to-harvest interval; no plant state is emitted,,,,,,,,,,,,,,,,,,,,,,,,,,,,,,,,,,,,,,,,,,,,,,,,,,,,,,,,,,,,,,,,,,,,,,,,,,,,,
2019-01-26,False,False,SWAT+ mgt_out.txt executed crop calendar,NO_ACTIVE_EXECUTED_CROP_CALENDAR,No maize cohort is within its executed SWAT+ plant-to-harvest interval; no plant state is emitted,,,,,,,,,,,,,,,,,,,,,,,,,,,,,,,,,,,,,,,,,,,,,,,,,,,,,,,,,,,,,,,,,,,,,,,,,,,,,
2019-01-27,False,False,SWAT+ mgt_out.txt executed crop calendar,NO_ACTIVE_EXECUTED_CROP_CALENDAR,No maize cohort is within its executed SWAT+ plant-to-harvest interval; no plant state is emitted,,,,,,,,,,,,,,,,,,,,,,,,,,,,,,,,,,,,,,,,,,,,,,,,,,,,,,,,,,,,,,,,,,,,,,,,,,,,,
2019-01-28,False,False,SWAT+ mgt_out.txt executed crop calendar,NO_ACTIVE_EXECUTED_CROP_CALENDAR,No maize cohort is within its executed SWAT+ plant-to-harvest interval; no plant state is emitted,,,,,,,,,,,,,,,,,,,,,,,,,,,,,,,,,,,,,,,,,,,,,,,,,,,,,,,,,,,,,,,,,,,,,,,,,,,,,
2019-01-29,False,False,SWAT+ mgt_out.txt executed crop calendar,NO_ACTIVE_EXECUTED_CROP_CALENDAR,No maize cohort is within its executed SWAT+ plant-to-harvest interval; no plant state is emitted,,,,,,,,,,,,,,,,,,,,,,,,,,,,,,,,,,,,,,,,,,,,,,,,,,,,,,,,,,,,,,,,,,,,,,,,,,,,,
2019-01-30,False,False,SWAT+ mgt_out.txt executed crop calendar,NO_ACTIVE_EXECUTED_CROP_CALENDAR,No maize cohort is within its executed SWAT+ plant-to-harvest interval; no plant state is emitted,,,,,,,,,,,,,,,,,,,,,,,,,,,,,,,,,,,,,,,,,,,,,,,,,,,,,,,,,,,,,,,,,,,,,,,,,,,,,
2019-01-31,False,False,SWAT+ mgt_out.txt executed crop calendar,NO_ACTIVE_EXECUTED_CROP_CALENDAR,No maize cohort is within its executed SWAT+ plant-to-harvest interval; no plant state is emitted,,,,,,,,,,,,,,,,,,,,,,,,,,,,,,,,,,,,,,,,,,,,,,,,,,,,,,,,,,,,,,,,,,,,,,,,,,,,,
2019-02-01,False,False,SWAT+ mgt_out.txt executed crop calendar,NO_ACTIVE_EXECUTED_CROP_CALENDAR,No maize cohort is within its executed SWAT+ plant-to-harvest interval; no plant state is emitted,,,,,,,,,,,,,,,,,,,,,,,,,,,,,,,,,,,,,,,,,,,,,,,,,,,,,,,,,,,,,,,,,,,,,,,,,,,,,
2019-02-02,False,False,SWAT+ mgt_out.txt executed crop calendar,NO_ACTIVE_EXECUTED_CROP_CALENDAR,No maize cohort is within its executed SWAT+ plant-to-harvest interval; no plant state is emitted,,,,,,,,,,,,,,,,,,,,,,,,,,,,,,,,,,,,,,,,,,,,,,,,,,,,,,,,,,,,,,,,,,,,,,,,,,,,,
2019-02-03,False,False,SWAT+ mgt_out.txt executed crop calendar,NO_ACTIVE_EXECUTED_CROP_CALENDAR,No maize cohort is within its executed SWAT+ plant-to-harvest interval; no plant state is emitted,,,,,,,,,,,,,,,,,,,,,,,,,,,,,,,,,,,,,,,,,,,,,,,,,,,,,,,,,,,,,,,,,,,,,,,,,,,,,
2019-02-04,False,False,SWAT+ mgt_out.txt executed crop calendar,NO_ACTIVE_EXECUTED_CROP_CALENDAR,No maize cohort is within its executed SWAT+ plant-to-harvest interval; no plant state is emitted,,,,,,,,,,,,,,,,,,,,,,,,,,,,,,,,,,,,,,,,,,,,,,,,,,,,,,,,,,,,,,,,,,,,,,,,,,,,,
2019-02-05,False,False,SWAT+ mgt_out.txt executed crop calendar,NO_ACTIVE_EXECUTED_CROP_CALENDAR,No maize cohort is within its executed SWAT+ plant-to-harvest interval; no plant state is emitted,,,,,,,,,,,,,,,,,,,,,,,,,,,,,,,,,,,,,,,,,,,,,,,,,,,,,,,,,,,,,,,,,,,,,,,,,,,,,
2019-02-06,False,False,SWAT+ mgt_out.txt executed crop calendar,NO_ACTIVE_EXECUTED_CROP_CALENDAR,No maize cohort is within its executed SWAT+ plant-to-harvest interval; no plant state is emitted,,,,,,,,,,,,,,,,,,,,,,,,,,,,,,,,,,,,,,,,,,,,,,,,,,,,,,,,,,,,,,,,,,,,,,,,,,,,,
2019-02-07,False,False,SWAT+ mgt_out.txt executed crop calendar,NO_ACTIVE_EXECUTED_CROP_CALENDAR,No maize cohort is within its executed SWAT+ plant-to-harvest interval; no plant state is emitted,,,,,,,,,,,,,,,,,,,,,,,,,,,,,,,,,,,,,,,,,,,,,,,,,,,,,,,,,,,,,,,,,,,,,,,,,,,,,
2019-02-08,False,False,SWAT+ mgt_out.txt executed crop calendar,NO_ACTIVE_EXECUTED_CROP_CALENDAR,No maize cohort is within its executed SWAT+ plant-to-harvest interval; no plant state is emitted,,,,,,,,,,,,,,,,,,,,,,,,,,,,,,,,,,,,,,,,,,,,,,,,,,,,,,,,,,,,,,,,,,,,,,,,,,,,,
2019-02-09,False,False,SWAT+ mgt_out.txt executed crop calendar,NO_ACTIVE_EXECUTED_CROP_CALENDAR,No maize cohort is within its executed SWAT+ plant-to-harvest interval; no plant state is emitted,,,,,,,,,,,,,,,,,,,,,,,,,,,,,,,,,,,,,,,,,,,,,,,,,,,,,,,,,,,,,,,,,,,,,,,,,,,,,
2019-02-10,False,False,SWAT+ mgt_out.txt executed crop calendar,NO_ACTIVE_EXECUTED_CROP_CALENDAR,No maize cohort is within its executed SWAT+ plant-to-harvest interval; no plant state is emitted,,,,,,,,,,,,,,,,,,,,,,,,,,,,,,,,,,,,,,,,,,,,,,,,,,,,,,,,,,,,,,,,,,,,,,,,,,,,,
2019-02-11,False,False,SWAT+ mgt_out.txt executed crop calendar,NO_ACTIVE_EXECUTED_CROP_CALENDAR,No maize cohort is within its executed SWAT+ plant-to-harvest interval; no plant state is emitted,,,,,,,,,,,,,,,,,,,,,,,,,,,,,,,,,,,,,,,,,,,,,,,,,,,,,,,,,,,,,,,,,,,,,,,,,,,,,
2019-02-12,False,False,SWAT+ mgt_out.txt executed crop calendar,NO_ACTIVE_EXECUTED_CROP_CALENDAR,No maize cohort is within its executed SWAT+ plant-to-harvest interval; no plant state is emitted,,,,,,,,,,,,,,,,,,,,,,,,,,,,,,,,,,,,,,,,,,,,,,,,,,,,,,,,,,,,,,,,,,,,,,,,,,,,,
2019-02-13,False,False,SWAT+ mgt_out.txt executed crop calendar,NO_ACTIVE_EXECUTED_CROP_CALENDAR,No maize cohort is within its executed SWAT+ plant-to-harvest interval; no plant state is emitted,,,,,,,,,,,,,,,,,,,,,,,,,,,,,,,,,,,,,,,,,,,,,,,,,,,,,,,,,,,,,,,,,,,,,,,,,,,,,
2019-02-14,False,False,SWAT+ mgt_out.txt executed crop calendar,NO_ACTIVE_EXECUTED_CROP_CALENDAR,No maize cohort is within its executed SWAT+ plant-to-harvest interval; no plant state is emitted,,,,,,,,,,,,,,,,,,,,,,,,,,,,,,,,,,,,,,,,,,,,,,,,,,,,,,,,,,,,,,,,,,,,,,,,,,,,,
2019-02-15,False,False,SWAT+ mgt_out.txt executed crop calendar,NO_ACTIVE_EXECUTED_CROP_CALENDAR,No maize cohort is within its executed SWAT+ plant-to-harvest interval; no plant state is emitted,,,,,,,,,,,,,,,,,,,,,,,,,,,,,,,,,,,,,,,,,,,,,,,,,,,,,,,,,,,,,,,,,,,,,,,,,,,,,
2019-02-16,False,False,SWAT+ mgt_out.txt executed crop calendar,NO_ACTIVE_EXECUTED_CROP_CALENDAR,No maize cohort is within its executed SWAT+ plant-to-harvest interval; no plant state is emitted,,,,,,,,,,,,,,,,,,,,,,,,,,,,,,,,,,,,,,,,,,,,,,,,,,,,,,,,,,,,,,,,,,,,,,,,,,,,,
2019-02-17,False,False,SWAT+ mgt_out.txt executed crop calendar,NO_ACTIVE_EXECUTED_CROP_CALENDAR,No maize cohort is within its executed SWAT+ plant-to-harvest interval; no plant state is emitted,,,,,,,,,,,,,,,,,,,,,,,,,,,,,,,,,,,,,,,,,,,,,,,,,,,,,,,,,,,,,,,,,,,,,,,,,,,,,
2019-02-18,False,False,SWAT+ mgt_out.txt executed crop calendar,NO_ACTIVE_EXECUTED_CROP_CALENDAR,No maize cohort is within its executed SWAT+ plant-to-harvest interval; no plant state is emitted,,,,,,,,,,,,,,,,,,,,,,,,,,,,,,,,,,,,,,,,,,,,,,,,,,,,,,,,,,,,,,,,,,,,,,,,,,,,,
2019-02-19,False,False,SWAT+ mgt_out.txt executed crop calendar,NO_ACTIVE_EXECUTED_CROP_CALENDAR,No maize cohort is within its executed SWAT+ plant-to-harvest interval; no plant state is emitted,,,,,,,,,,,,,,,,,,,,,,,,,,,,,,,,,,,,,,,,,,,,,,,,,,,,,,,,,,,,,,,,,,,,,,,,,,,,,
2019-02-20,False,False,SWAT+ mgt_out.txt executed crop calendar,NO_ACTIVE_EXECUTED_CROP_CALENDAR,No maize cohort is within its executed SWAT+ plant-to-harvest interval; no plant state is emitted,,,,,,,,,,,,,,,,,,,,,,,,,,,,,,,,,,,,,,,,,,,,,,,,,,,,,,,,,,,,,,,,,,,,,,,,,,,,,
2019-02-21,False,False,SWAT+ mgt_out.txt executed crop calendar,NO_ACTIVE_EXECUTED_CROP_CALENDAR,No maize cohort is within its executed SWAT+ plant-to-harvest interval; no plant state is emitted,,,,,,,,,,,,,,,,,,,,,,,,,,,,,,,,,,,,,,,,,,,,,,,,,,,,,,,,,,,,,,,,,,,,,,,,,,,,,
2019-02-22,False,False,SWAT+ mgt_out.txt executed crop calendar,NO_ACTIVE_EXECUTED_CROP_CALENDAR,No maize cohort is within its executed SWAT+ plant-to-harvest interval; no plant state is emitted,,,,,,,,,,,,,,,,,,,,,,,,,,,,,,,,,,,,,,,,,,,,,,,,,,,,,,,,,,,,,,,,,,,,,,,,,,,,,
2019-02-23,False,False,SWAT+ mgt_out.txt executed crop calendar,NO_ACTIVE_EXECUTED_CROP_CALENDAR,No maize cohort is within its executed SWAT+ plant-to-harvest interval; no plant state is emitted,,,,,,,,,,,,,,,,,,,,,,,,,,,,,,,,,,,,,,,,,,,,,,,,,,,,,,,,,,,,,,,,,,,,,,,,,,,,,
2019-02-24,False,False,SWAT+ mgt_out.txt executed crop calendar,NO_ACTIVE_EXECUTED_CROP_CALENDAR,No maize cohort is within its executed SWAT+ plant-to-harvest interval; no plant state is emitted,,,,,,,,,,,,,,,,,,,,,,,,,,,,,,,,,,,,,,,,,,,,,,,,,,,,,,,,,,,,,,,,,,,,,,,,,,,,,
2019-02-25,False,False,SWAT+ mgt_out.txt executed crop calendar,NO_ACTIVE_EXECUTED_CROP_CALENDAR,No maize cohort is within its executed SWAT+ plant-to-harvest interval; no plant state is emitted,,,,,,,,,,,,,,,,,,,,,,,,,,,,,,,,,,,,,,,,,,,,,,,,,,,,,,,,,,,,,,,,,,,,,,,,,,,,,
2019-02-26,False,False,SWAT+ mgt_out.txt executed crop calendar,NO_ACTIVE_EXECUTED_CROP_CALENDAR,No maize cohort is within its executed SWAT+ plant-to-harvest interval; no plant state is emitted,,,,,,,,,,,,,,,,,,,,,,,,,,,,,,,,,,,,,,,,,,,,,,,,,,,,,,,,,,,,,,,,,,,,,,,,,,,,,
2019-02-27,False,False,SWAT+ mgt_out.txt executed crop calendar,NO_ACTIVE_EXECUTED_CROP_CALENDAR,No maize cohort is within its executed SWAT+ plant-to-harvest interval; no plant state is emitted,,,,,,,,,,,,,,,,,,,,,,,,,,,,,,,,,,,,,,,,,,,,,,,,,,,,,,,,,,,,,,,,,,,,,,,,,,,,,
2019-02-28,False,False,SWAT+ mgt_out.txt executed crop calendar,NO_ACTIVE_EXECUTED_CROP_CALENDAR,No maize cohort is within its executed SWAT+ plant-to-harvest interval; no plant state is emitted,,,,,,,,,,,,,,,,,,,,,,,,,,,,,,,,,,,,,,,,,,,,,,,,,,,,,,,,,,,,,,,,,,,,,,,,,,,,,
2019-03-01,False,False,SWAT+ mgt_out.txt executed crop calendar,NO_ACTIVE_EXECUTED_CROP_CALENDAR,No maize cohort is within its executed SWAT+ plant-to-harvest interval; no plant state is emitted,,,,,,,,,,,,,,,,,,,,,,,,,,,,,,,,,,,,,,,,,,,,,,,,,,,,,,,,,,,,,,,,,,,,,,,,,,,,,
2019-03-02,False,False,SWAT+ mgt_out.txt executed crop calendar,NO_ACTIVE_EXECUTED_CROP_CALENDAR,No maize cohort is within its executed SWAT+ plant-to-harvest interval; no plant state is emitted,,,,,,,,,,,,,,,,,,,,,,,,,,,,,,,,,,,,,,,,,,,,,,,,,,,,,,,,,,,,,,,,,,,,,,,,,,,,,
2019-03-03,False,False,SWAT+ mgt_out.txt executed crop calendar,NO_ACTIVE_EXECUTED_CROP_CALENDAR,No maize cohort is within its executed SWAT+ plant-to-harvest interval; no plant state is emitted,,,,,,,,,,,,,,,,,,,,,,,,,,,,,,,,,,,,,,,,,,,,,,,,,,,,,,,,,,,,,,,,,,,,,,,,,,,,,
2019-03-04,False,False,SWAT+ mgt_out.txt executed crop calendar,NO_ACTIVE_EXECUTED_CROP_CALENDAR,No maize cohort is within its executed SWAT+ plant-to-harvest interval; no plant state is emitted,,,,,,,,,,,,,,,,,,,,,,,,,,,,,,,,,,,,,,,,,,,,,,,,,,,,,,,,,,,,,,,,,,,,,,,,,,,,,
2019-03-05,False,False,SWAT+ mgt_out.txt executed crop calendar,NO_ACTIVE_EXECUTED_CROP_CALENDAR,No maize cohort is within its executed SWAT+ plant-to-harvest interval; no plant state is emitted,,,,,,,,,,,,,,,,,,,,,,,,,,,,,,,,,,,,,,,,,,,,,,,,,,,,,,,,,,,,,,,,,,,,,,,,,,,,,
2019-03-06,False,False,SWAT+ mgt_out.txt executed crop calendar,NO_ACTIVE_EXECUTED_CROP_CALENDAR,No maize cohort is within its executed SWAT+ plant-to-harvest interval; no plant state is emitted,,,,,,,,,,,,,,,,,,,,,,,,,,,,,,,,,,,,,,,,,,,,,,,,,,,,,,,,,,,,,,,,,,,,,,,,,,,,,
2019-03-07,False,False,SWAT+ mgt_out.txt executed crop calendar,NO_ACTIVE_EXECUTED_CROP_CALENDAR,No maize cohort is within its executed SWAT+ plant-to-harvest interval; no plant state is emitted,,,,,,,,,,,,,,,,,,,,,,,,,,,,,,,,,,,,,,,,,,,,,,,,,,,,,,,,,,,,,,,,,,,,,,,,,,,,,
2019-03-08,False,False,SWAT+ mgt_out.txt executed crop calendar,NO_ACTIVE_EXECUTED_CROP_CALENDAR,No maize cohort is within its executed SWAT+ plant-to-harvest interval; no plant state is emitted,,,,,,,,,,,,,,,,,,,,,,,,,,,,,,,,,,,,,,,,,,,,,,,,,,,,,,,,,,,,,,,,,,,,,,,,,,,,,
2019-03-09,False,False,SWAT+ mgt_out.txt executed crop calendar,NO_ACTIVE_EXECUTED_CROP_CALENDAR,No maize cohort is within its executed SWAT+ plant-to-harvest interval; no plant state is emitted,,,,,,,,,,,,,,,,,,,,,,,,,,,,,,,,,,,,,,,,,,,,,,,,,,,,,,,,,,,,,,,,,,,,,,,,,,,,,
2019-03-10,False,False,SWAT+ mgt_out.txt executed crop calendar,NO_ACTIVE_EXECUTED_CROP_CALENDAR,No maize cohort is within its executed SWAT+ plant-to-harvest interval; no plant state is emitted,,,,,,,,,,,,,,,,,,,,,,,,,,,,,,,,,,,,,,,,,,,,,,,,,,,,,,,,,,,,,,,,,,,,,,,,,,,,,
2019-03-11,False,False,SWAT+ mgt_out.txt executed crop calendar,NO_ACTIVE_EXECUTED_CROP_CALENDAR,No maize cohort is within its executed SWAT+ plant-to-harvest interval; no plant state is emitted,,,,,,,,,,,,,,,,,,,,,,,,,,,,,,,,,,,,,,,,,,,,,,,,,,,,,,,,,,,,,,,,,,,,,,,,,,,,,
2019-03-12,False,False,SWAT+ mgt_out.txt executed crop calendar,NO_ACTIVE_EXECUTED_CROP_CALENDAR,No maize cohort is within its executed SWAT+ plant-to-harvest interval; no plant state is emitted,,,,,,,,,,,,,,,,,,,,,,,,,,,,,,,,,,,,,,,,,,,,,,,,,,,,,,,,,,,,,,,,,,,,,,,,,,,,,
2019-03-13,False,False,SWAT+ mgt_out.txt executed crop calendar,NO_ACTIVE_EXECUTED_CROP_CALENDAR,No maize cohort is within its executed SWAT+ plant-to-harvest interval; no plant state is emitted,,,,,,,,,,,,,,,,,,,,,,,,,,,,,,,,,,,,,,,,,,,,,,,,,,,,,,,,,,,,,,,,,,,,,,,,,,,,,
2019-03-14,False,False,SWAT+ mgt_out.txt executed crop calendar,NO_ACTIVE_EXECUTED_CROP_CALENDAR,No maize cohort is within its executed SWAT+ plant-to-harvest interval; no plant state is emitted,,,,,,,,,,,,,,,,,,,,,,,,,,,,,,,,,,,,,,,,,,,,,,,,,,,,,,,,,,,,,,,,,,,,,,,,,,,,,
2019-03-15,False,False,SWAT+ mgt_out.txt executed crop calendar,NO_ACTIVE_EXECUTED_CROP_CALENDAR,No maize cohort is within its executed SWAT+ plant-to-harvest interval; no plant state is emitted,,,,,,,,,,,,,,,,,,,,,,,,,,,,,,,,,,,,,,,,,,,,,,,,,,,,,,,,,,,,,,,,,,,,,,,,,,,,,
2019-03-16,False,False,SWAT+ mgt_out.txt executed crop calendar,NO_ACTIVE_EXECUTED_CROP_CALENDAR,No maize cohort is within its executed SWAT+ plant-to-harvest interval; no plant state is emitted,,,,,,,,,,,,,,,,,,,,,,,,,,,,,,,,,,,,,,,,,,,,,,,,,,,,,,,,,,,,,,,,,,,,,,,,,,,,,
2019-03-17,False,False,SWAT+ mgt_out.txt executed crop calendar,NO_ACTIVE_EXECUTED_CROP_CALENDAR,No maize cohort is within its executed SWAT+ plant-to-harvest interval; no plant state is emitted,,,,,,,,,,,,,,,,,,,,,,,,,,,,,,,,,,,,,,,,,,,,,,,,,,,,,,,,,,,,,,,,,,,,,,,,,,,,,
2019-03-18,False,False,SWAT+ mgt_out.txt executed crop calendar,NO_ACTIVE_EXECUTED_CROP_CALENDAR,No maize cohort is within its executed SWAT+ plant-to-harvest interval; no plant state is emitted,,,,,,,,,,,,,,,,,,,,,,,,,,,,,,,,,,,,,,,,,,,,,,,,,,,,,,,,,,,,,,,,,,,,,,,,,,,,,
2019-03-19,False,False,SWAT+ mgt_out.txt executed crop calendar,NO_ACTIVE_EXECUTED_CROP_CALENDAR,No maize cohort is within its executed SWAT+ plant-to-harvest interval; no plant state is emitted,,,,,,,,,,,,,,,,,,,,,,,,,,,,,,,,,,,,,,,,,,,,,,,,,,,,,,,,,,,,,,,,,,,,,,,,,,,,,
2019-03-20,False,False,SWAT+ mgt_out.txt executed crop calendar,NO_ACTIVE_EXECUTED_CROP_CALENDAR,No maize cohort is within its executed SWAT+ plant-to-harvest interval; no plant state is emitted,,,,,,,,,,,,,,,,,,,,,,,,,,,,,,,,,,,,,,,,,,,,,,,,,,,,,,,,,,,,,,,,,,,,,,,,,,,,,
2019-03-21,False,False,SWAT+ mgt_out.txt executed crop calendar,NO_ACTIVE_EXECUTED_CROP_CALENDAR,No maize cohort is within its executed SWAT+ plant-to-harvest interval; no plant state is emitted,,,,,,,,,,,,,,,,,,,,,,,,,,,,,,,,,,,,,,,,,,,,,,,,,,,,,,,,,,,,,,,,,,,,,,,,,,,,,
2019-03-22,False,False,SWAT+ mgt_out.txt executed crop calendar,NO_ACTIVE_EXECUTED_CROP_CALENDAR,No maize cohort is within its executed SWAT+ plant-to-harvest interval; no plant state is emitted,,,,,,,,,,,,,,,,,,,,,,,,,,,,,,,,,,,,,,,,,,,,,,,,,,,,,,,,,,,,,,,,,,,,,,,,,,,,,
2019-03-23,False,False,SWAT+ mgt_out.txt executed crop calendar,NO_ACTIVE_EXECUTED_CROP_CALENDAR,No maize cohort is within its executed SWAT+ plant-to-harvest interval; no plant state is emitted,,,,,,,,,,,,,,,,,,,,,,,,,,,,,,,,,,,,,,,,,,,,,,,,,,,,,,,,,,,,,,,,,,,,,,,,,,,,,
2019-03-24,False,False,SWAT+ mgt_out.txt executed crop calendar,NO_ACTIVE_EXECUTED_CROP_CALENDAR,No maize cohort is within its executed SWAT+ plant-to-harvest interval; no plant state is emitted,,,,,,,,,,,,,,,,,,,,,,,,,,,,,,,,,,,,,,,,,,,,,,,,,,,,,,,,,,,,,,,,,,,,,,,,,,,,,
2019-03-25,False,False,SWAT+ mgt_out.txt executed crop calendar,NO_ACTIVE_EXECUTED_CROP_CALENDAR,No maize cohort is within its executed SWAT+ plant-to-harvest interval; no plant state is emitted,,,,,,,,,,,,,,,,,,,,,,,,,,,,,,,,,,,,,,,,,,,,,,,,,,,,,,,,,,,,,,,,,,,,,,,,,,,,,
2019-03-26,False,False,SWAT+ mgt_out.txt executed crop calendar,NO_ACTIVE_EXECUTED_CROP_CALENDAR,No maize cohort is within its executed SWAT+ plant-to-harvest interval; no plant state is emitted,,,,,,,,,,,,,,,,,,,,,,,,,,,,,,,,,,,,,,,,,,,,,,,,,,,,,,,,,,,,,,,,,,,,,,,,,,,,,
2019-03-27,False,False,SWAT+ mgt_out.txt executed crop calendar,NO_ACTIVE_EXECUTED_CROP_CALENDAR,No maize cohort is within its executed SWAT+ plant-to-harvest interval; no plant state is emitted,,,,,,,,,,,,,,,,,,,,,,,,,,,,,,,,,,,,,,,,,,,,,,,,,,,,,,,,,,,,,,,,,,,,,,,,,,,,,
2019-03-28,False,False,SWAT+ mgt_out.txt executed crop calendar,NO_ACTIVE_EXECUTED_CROP_CALENDAR,No maize cohort is within its executed SWAT+ plant-to-harvest interval; no plant state is emitted,,,,,,,,,,,,,,,,,,,,,,,,,,,,,,,,,,,,,,,,,,,,,,,,,,,,,,,,,,,,,,,,,,,,,,,,,,,,,
2019-03-29,False,False,SWAT+ mgt_out.txt executed crop calendar,NO_ACTIVE_EXECUTED_CROP_CALENDAR,No maize cohort is within its executed SWAT+ plant-to-harvest interval; no plant state is emitted,,,,,,,,,,,,,,,,,,,,,,,,,,,,,,,,,,,,,,,,,,,,,,,,,,,,,,,,,,,,,,,,,,,,,,,,,,,,,
2019-03-30,False,False,SWAT+ mgt_out.txt executed crop calendar,NO_ACTIVE_EXECUTED_CROP_CALENDAR,No maize cohort is within its executed SWAT+ plant-to-harvest interval; no plant state is emitted,,,,,,,,,,,,,,,,,,,,,,,,,,,,,,,,,,,,,,,,,,,,,,,,,,,,,,,,,,,,,,,,,,,,,,,,,,,,,
2019-03-31,False,False,SWAT+ mgt_out.txt executed crop calendar,NO_ACTIVE_EXECUTED_CROP_CALENDAR,No maize cohort is within its executed SWAT+ plant-to-harvest interval; no plant state is emitted,,,,,,,,,,,,,,,,,,,,,,,,,,,,,,,,,,,,,,,,,,,,,,,,,,,,,,,,,,,,,,,,,,,,,,,,,,,,,
2019-04-01,False,False,SWAT+ mgt_out.txt executed crop calendar,NO_ACTIVE_EXECUTED_CROP_CALENDAR,No maize cohort is within its executed SWAT+ plant-to-harvest interval; no plant state is emitted,,,,,,,,,,,,,,,,,,,,,,,,,,,,,,,,,,,,,,,,,,,,,,,,,,,,,,,,,,,,,,,,,,,,,,,,,,,,,
2019-04-02,False,False,SWAT+ mgt_out.txt executed crop calendar,NO_ACTIVE_EXECUTED_CROP_CALENDAR,No maize cohort is within its executed SWAT+ plant-to-harvest interval; no plant state is emitted,,,,,,,,,,,,,,,,,,,,,,,,,,,,,,,,,,,,,,,,,,,,,,,,,,,,,,,,,,,,,,,,,,,,,,,,,,,,,
2019-04-03,False,False,SWAT+ mgt_out.txt executed crop calendar,NO_ACTIVE_EXECUTED_CROP_CALENDAR,No maize cohort is within its executed SWAT+ plant-to-harvest interval; no plant state is emitted,,,,,,,,,,,,,,,,,,,,,,,,,,,,,,,,,,,,,,,,,,,,,,,,,,,,,,,,,,,,,,,,,,,,,,,,,,,,,
2019-04-04,False,False,SWAT+ mgt_out.txt executed crop calendar,NO_ACTIVE_EXECUTED_CROP_CALENDAR,No maize cohort is within its executed SWAT+ plant-to-harvest interval; no plant state is emitted,,,,,,,,,,,,,,,,,,,,,,,,,,,,,,,,,,,,,,,,,,,,,,,,,,,,,,,,,,,,,,,,,,,,,,,,,,,,,
2019-04-05,False,False,SWAT+ mgt_out.txt executed crop calendar,NO_ACTIVE_EXECUTED_CROP_CALENDAR,No maize cohort is within its executed SWAT+ plant-to-harvest interval; no plant state is emitted,,,,,,,,,,,,,,,,,,,,,,,,,,,,,,,,,,,,,,,,,,,,,,,,,,,,,,,,,,,,,,,,,,,,,,,,,,,,,
2019-04-06,False,False,SWAT+ mgt_out.txt executed crop calendar,NO_ACTIVE_EXECUTED_CROP_CALENDAR,No maize cohort is within its executed SWAT+ plant-to-harvest interval; no plant state is emitted,,,,,,,,,,,,,,,,,,,,,,,,,,,,,,,,,,,,,,,,,,,,,,,,,,,,,,,,,,,,,,,,,,,,,,,,,,,,,
2019-04-07,False,False,SWAT+ mgt_out.txt executed crop calendar,NO_ACTIVE_EXECUTED_CROP_CALENDAR,No maize cohort is within its executed SWAT+ plant-to-harvest interval; no plant state is emitted,,,,,,,,,,,,,,,,,,,,,,,,,,,,,,,,,,,,,,,,,,,,,,,,,,,,,,,,,,,,,,,,,,,,,,,,,,,,,
2019-04-08,False,False,SWAT+ mgt_out.txt executed crop calendar,NO_ACTIVE_EXECUTED_CROP_CALENDAR,No maize cohort is within its executed SWAT+ plant-to-harvest interval; no plant state is emitted,,,,,,,,,,,,,,,,,,,,,,,,,,,,,,,,,,,,,,,,,,,,,,,,,,,,,,,,,,,,,,,,,,,,,,,,,,,,,
2019-04-09,False,False,SWAT+ mgt_out.txt executed crop calendar,NO_ACTIVE_EXECUTED_CROP_CALENDAR,No maize cohort is within its executed SWAT+ plant-to-harvest interval; no plant state is emitted,,,,,,,,,,,,,,,,,,,,,,,,,,,,,,,,,,,,,,,,,,,,,,,,,,,,,,,,,,,,,,,,,,,,,,,,,,,,,
2019-04-10,False,False,SWAT+ mgt_out.txt executed crop calendar,NO_ACTIVE_EXECUTED_CROP_CALENDAR,No maize cohort is within its executed SWAT+ plant-to-harvest interval; no plant state is emitted,,,,,,,,,,,,,,,,,,,,,,,,,,,,,,,,,,,,,,,,,,,,,,,,,,,,,,,,,,,,,,,,,,,,,,,,,,,,,
2019-04-11,False,False,SWAT+ mgt_out.txt executed crop calendar,NO_ACTIVE_EXECUTED_CROP_CALENDAR,No maize cohort is within its executed SWAT+ plant-to-harvest interval; no plant state is emitted,,,,,,,,,,,,,,,,,,,,,,,,,,,,,,,,,,,,,,,,,,,,,,,,,,,,,,,,,,,,,,,,,,,,,,,,,,,,,
2019-04-12,False,False,SWAT+ mgt_out.txt executed crop calendar,NO_ACTIVE_EXECUTED_CROP_CALENDAR,No maize cohort is within its executed SWAT+ plant-to-harvest interval; no plant state is emitted,,,,,,,,,,,,,,,,,,,,,,,,,,,,,,,,,,,,,,,,,,,,,,,,,,,,,,,,,,,,,,,,,,,,,,,,,,,,,
2019-04-13,False,False,SWAT+ mgt_out.txt executed crop calendar,NO_ACTIVE_EXECUTED_CROP_CALENDAR,No maize cohort is within its executed SWAT+ plant-to-harvest interval; no plant state is emitted,,,,,,,,,,,,,,,,,,,,,,,,,,,,,,,,,,,,,,,,,,,,,,,,,,,,,,,,,,,,,,,,,,,,,,,,,,,,,
2019-04-14,False,False,SWAT+ mgt_out.txt executed crop calendar,NO_ACTIVE_EXECUTED_CROP_CALENDAR,No maize cohort is within its executed SWAT+ plant-to-harvest interval; no plant state is emitted,,,,,,,,,,,,,,,,,,,,,,,,,,,,,,,,,,,,,,,,,,,,,,,,,,,,,,,,,,,,,,,,,,,,,,,,,,,,,
2019-04-15,False,False,SWAT+ mgt_out.txt executed crop calendar,NO_ACTIVE_EXECUTED_CROP_CALENDAR,No maize cohort is within its executed SWAT+ plant-to-harvest interval; no plant state is emitted,,,,,,,,,,,,,,,,,,,,,,,,,,,,,,,,,,,,,,,,,,,,,,,,,,,,,,,,,,,,,,,,,,,,,,,,,,,,,
2019-04-16,False,False,SWAT+ mgt_out.txt executed crop calendar,NO_ACTIVE_EXECUTED_CROP_CALENDAR,No maize cohort is within its executed SWAT+ plant-to-harvest interval; no plant state is emitted,,,,,,,,,,,,,,,,,,,,,,,,,,,,,,,,,,,,,,,,,,,,,,,,,,,,,,,,,,,,,,,,,,,,,,,,,,,,,
2019-04-17,False,False,SWAT+ mgt_out.txt executed crop calendar,NO_ACTIVE_EXECUTED_CROP_CALENDAR,No maize cohort is within its executed SWAT+ plant-to-harvest interval; no plant state is emitted,,,,,,,,,,,,,,,,,,,,,,,,,,,,,,,,,,,,,,,,,,,,,,,,,,,,,,,,,,,,,,,,,,,,,,,,,,,,,
2019-04-18,False,False,SWAT+ mgt_out.txt executed crop calendar,NO_ACTIVE_EXECUTED_CROP_CALENDAR,No maize cohort is within its executed SWAT+ plant-to-harvest interval; no plant state is emitted,,,,,,,,,,,,,,,,,,,,,,,,,,,,,,,,,,,,,,,,,,,,,,,,,,,,,,,,,,,,,,,,,,,,,,,,,,,,,
2019-04-19,False,False,SWAT+ mgt_out.txt executed crop calendar,NO_ACTIVE_EXECUTED_CROP_CALENDAR,No maize cohort is within its executed SWAT+ plant-to-harvest interval; no plant state is emitted,,,,,,,,,,,,,,,,,,,,,,,,,,,,,,,,,,,,,,,,,,,,,,,,,,,,,,,,,,,,,,,,,,,,,,,,,,,,,
2019-04-20,False,False,SWAT+ mgt_out.txt executed crop calendar,NO_ACTIVE_EXECUTED_CROP_CALENDAR,No maize cohort is within its executed SWAT+ plant-to-harvest interval; no plant state is emitted,,,,,,,,,,,,,,,,,,,,,,,,,,,,,,,,,,,,,,,,,,,,,,,,,,,,,,,,,,,,,,,,,,,,,,,,,,,,,
2019-04-21,False,False,SWAT+ mgt_out.txt executed crop calendar,NO_ACTIVE_EXECUTED_CROP_CALENDAR,No maize cohort is within its executed SWAT+ plant-to-harvest interval; no plant state is emitted,,,,,,,,,,,,,,,,,,,,,,,,,,,,,,,,,,,,,,,,,,,,,,,,,,,,,,,,,,,,,,,,,,,,,,,,,,,,,
2019-04-22,False,False,SWAT+ mgt_out.txt executed crop calendar,NO_ACTIVE_EXECUTED_CROP_CALENDAR,No maize cohort is within its executed SWAT+ plant-to-harvest interval; no plant state is emitted,,,,,,,,,,,,,,,,,,,,,,,,,,,,,,,,,,,,,,,,,,,,,,,,,,,,,,,,,,,,,,,,,,,,,,,,,,,,,
2019-04-23,False,False,SWAT+ mgt_out.txt executed crop calendar,NO_ACTIVE_EXECUTED_CROP_CALENDAR,No maize cohort is within its executed SWAT+ plant-to-harvest interval; no plant state is emitted,,,,,,,,,,,,,,,,,,,,,,,,,,,,,,,,,,,,,,,,,,,,,,,,,,,,,,,,,,,,,,,,,,,,,,,,,,,,,
2019-04-24,False,False,SWAT+ mgt_out.txt executed crop calendar,NO_ACTIVE_EXECUTED_CROP_CALENDAR,No maize cohort is within its executed SWAT+ plant-to-harvest interval; no plant state is emitted,,,,,,,,,,,,,,,,,,,,,,,,,,,,,,,,,,,,,,,,,,,,,,,,,,,,,,,,,,,,,,,,,,,,,,,,,,,,,
2019-04-25,False,False,SWAT+ mgt_out.txt executed crop calendar,NO_ACTIVE_EXECUTED_CROP_CALENDAR,No maize cohort is within its executed SWAT+ plant-to-harvest interval; no plant state is emitted,,,,,,,,,,,,,,,,,,,,,,,,,,,,,,,,,,,,,,,,,,,,,,,,,,,,,,,,,,,,,,,,,,,,,,,,,,,,,
2019-04-26,False,False,SWAT+ mgt_out.txt executed crop calendar,NO_ACTIVE_EXECUTED_CROP_CALENDAR,No maize cohort is within its executed SWAT+ plant-to-harvest interval; no plant state is emitted,,,,,,,,,,,,,,,,,,,,,,,,,,,,,,,,,,,,,,,,,,,,,,,,,,,,,,,,,,,,,,,,,,,,,,,,,,,,,
2019-04-27,False,False,SWAT+ mgt_out.txt executed crop calendar,NO_ACTIVE_EXECUTED_CROP_CALENDAR,No maize cohort is within its executed SWAT+ plant-to-harvest interval; no plant state is emitted,,,,,,,,,,,,,,,,,,,,,,,,,,,,,,,,,,,,,,,,,,,,,,,,,,,,,,,,,,,,,,,,,,,,,,,,,,,,,
2019-04-28,False,False,SWAT+ mgt_out.txt executed crop calendar,NO_ACTIVE_EXECUTED_CROP_CALENDAR,No maize cohort is within its executed SWAT+ plant-to-harvest interval; no plant state is emitted,,,,,,,,,,,,,,,,,,,,,,,,,,,,,,,,,,,,,,,,,,,,,,,,,,,,,,,,,,,,,,,,,,,,,,,,,,,,,
2019-04-29,False,False,SWAT+ mgt_out.txt executed crop calendar,NO_ACTIVE_EXECUTED_CROP_CALENDAR,No maize cohort is within its executed SWAT+ plant-to-harvest interval; no plant state is emitted,,,,,,,,,,,,,,,,,,,,,,,,,,,,,,,,,,,,,,,,,,,,,,,,,,,,,,,,,,,,,,,,,,,,,,,,,,,,,
2019-04-30,False,False,SWAT+ mgt_out.txt executed crop calendar,NO_ACTIVE_EXECUTED_CROP_CALENDAR,No maize cohort is within its executed SWAT+ plant-to-harvest interval; no plant state is emitted,,,,,,,,,,,,,,,,,,,,,,,,,,,,,,,,,,,,,,,,,,,,,,,,,,,,,,,,,,,,,,,,,,,,,,,,,,,,,
2019-05-01,False,False,SWAT+ mgt_out.txt executed crop calendar,NO_ACTIVE_EXECUTED_CROP_CALENDAR,No maize cohort is within its executed SWAT+ plant-to-harvest interval; no plant state is emitted,,,,,,,,,,,,,,,,,,,,,,,,,,,,,,,,,,,,,,,,,,,,,,,,,,,,,,,,,,,,,,,,,,,,,,,,,,,,,
2019-05-02,False,False,SWAT+ mgt_out.txt executed crop calendar,NO_ACTIVE_EXECUTED_CROP_CALENDAR,No maize cohort is within its executed SWAT+ plant-to-harvest interval; no plant state is emitted,,,,,,,,,,,,,,,,,,,,,,,,,,,,,,,,,,,,,,,,,,,,,,,,,,,,,,,,,,,,,,,,,,,,,,,,,,,,,
2019-05-03,False,False,SWAT+ mgt_out.txt executed crop calendar,NO_ACTIVE_EXECUTED_CROP_CALENDAR,No maize cohort is within its executed SWAT+ plant-to-harvest interval; no plant state is emitted,,,,,,,,,,,,,,,,,,,,,,,,,,,,,,,,,,,,,,,,,,,,,,,,,,,,,,,,,,,,,,,,,,,,,,,,,,,,,
2019-05-04,False,False,SWAT+ mgt_out.txt executed crop calendar,NO_ACTIVE_EXECUTED_CROP_CALENDAR,No maize cohort is within its executed SWAT+ plant-to-harvest interval; no plant state is emitted,,,,,,,,,,,,,,,,,,,,,,,,,,,,,,,,,,,,,,,,,,,,,,,,,,,,,,,,,,,,,,,,,,,,,,,,,,,,,
2019-05-05,False,False,SWAT+ mgt_out.txt executed crop calendar,NO_ACTIVE_EXECUTED_CROP_CALENDAR,No maize cohort is within its executed SWAT+ plant-to-harvest interval; no plant state is emitted,,,,,,,,,,,,,,,,,,,,,,,,,,,,,,,,,,,,,,,,,,,,,,,,,,,,,,,,,,,,,,,,,,,,,,,,,,,,,
2019-05-06,False,False,SWAT+ mgt_out.txt executed crop calendar,NO_ACTIVE_EXECUTED_CROP_CALENDAR,No maize cohort is within its executed SWAT+ plant-to-harvest interval; no plant state is emitted,,,,,,,,,,,,,,,,,,,,,,,,,,,,,,,,,,,,,,,,,,,,,,,,,,,,,,,,,,,,,,,,,,,,,,,,,,,,,
2019-05-07,False,False,SWAT+ mgt_out.txt executed crop calendar,NO_ACTIVE_EXECUTED_CROP_CALENDAR,No maize cohort is within its executed SWAT+ plant-to-harvest interval; no plant state is emitted,,,,,,,,,,,,,,,,,,,,,,,,,,,,,,,,,,,,,,,,,,,,,,,,,,,,,,,,,,,,,,,,,,,,,,,,,,,,,
2019-05-08,False,False,SWAT+ mgt_out.txt executed crop calendar,NO_ACTIVE_EXECUTED_CROP_CALENDAR,No maize cohort is within its executed SWAT+ plant-to-harvest interval; no plant state is emitted,,,,,,,,,,,,,,,,,,,,,,,,,,,,,,,,,,,,,,,,,,,,,,,,,,,,,,,,,,,,,,,,,,,,,,,,,,,,,
2019-05-09,False,False,SWAT+ mgt_out.txt executed crop calendar,NO_ACTIVE_EXECUTED_CROP_CALENDAR,No maize cohort is within its executed SWAT+ plant-to-harvest interval; no plant state is emitted,,,,,,,,,,,,,,,,,,,,,,,,,,,,,,,,,,,,,,,,,,,,,,,,,,,,,,,,,,,,,,,,,,,,,,,,,,,,,
2019-05-10,False,False,SWAT+ mgt_out.txt executed crop calendar,NO_ACTIVE_EXECUTED_CROP_CALENDAR,No maize cohort is within its executed SWAT+ plant-to-harvest interval; no plant state is emitted,,,,,,,,,,,,,,,,,,,,,,,,,,,,,,,,,,,,,,,,,,,,,,,,,,,,,,,,,,,,,,,,,,,,,,,,,,,,,
2019-05-11,False,False,SWAT+ mgt_out.txt executed crop calendar,NO_ACTIVE_EXECUTED_CROP_CALENDAR,No maize cohort is within its executed SWAT+ plant-to-harvest interval; no plant state is emitted,,,,,,,,,,,,,,,,,,,,,,,,,,,,,,,,,,,,,,,,,,,,,,,,,,,,,,,,,,,,,,,,,,,,,,,,,,,,,
2019-05-12,False,False,SWAT+ mgt_out.txt executed crop calendar,NO_ACTIVE_EXECUTED_CROP_CALENDAR,No maize cohort is within its executed SWAT+ plant-to-harvest interval; no plant state is emitted,,,,,,,,,,,,,,,,,,,,,,,,,,,,,,,,,,,,,,,,,,,,,,,,,,,,,,,,,,,,,,,,,,,,,,,,,,,,,
2019-05-13,False,False,SWAT+ mgt_out.txt executed crop calendar,NO_ACTIVE_EXECUTED_CROP_CALENDAR,No maize cohort is within its executed SWAT+ plant-to-harvest interval; no plant state is emitted,,,,,,,,,,,,,,,,,,,,,,,,,,,,,,,,,,,,,,,,,,,,,,,,,,,,,,,,,,,,,,,,,,,,,,,,,,,,,
2019-05-14,False,False,SWAT+ mgt_out.txt executed crop calendar,NO_ACTIVE_EXECUTED_CROP_CALENDAR,No maize cohort is within its executed SWAT+ plant-to-harvest interval; no plant state is emitted,,,,,,,,,,,,,,,,,,,,,,,,,,,,,,,,,,,,,,,,,,,,,,,,,,,,,,,,,,,,,,,,,,,,,,,,,,,,,
2019-05-15,True,True,SWAT+ mgt_out.txt PLANT and HARV/KILL events by HRU,EXECUTED_SWAT_MANAGEMENT_EVENTS,FSPM grows each distinct HRU calendar separately; field playback is weighted over the mapped maize HRU area. Daily event timing is applied to the complete day.,maize,MULTIPLE_EXECUTED_SWAT_HRU_CALENDARS,EMERGENCE,"volumetric percent [0, 100]",m2_leaf/m2_ground,fraction,m,mm/day,mm/day,mm/day,mm/day,"fraction [0, 1]",g/plant,g/plant,degC_day,degC_day,fraction,dimensionless,kg/ha/(MJ/m2),MODEL_BASE_PARAMETER,0.5,0.4991389845512067,0.023981698140073986,ASSUMED_PARAMETER_NOT_CALIBRATED,False,seeded truncated normal; sigma=0.025,0.05,2.0,0.0,2.0,MODEL_BASE_PARAMETER,40.0,40.10657730611137,1.982589383884093,ASSUMED_PARAMETER_NOT_CALIBRATED,False,seeded truncated normal; sigma=2.0 kg/ha/(MJ/m2),10.0,90.0,10.0,90.0,DERIVED_FSPM,SIMPLIFIED_FSPM maize population,3.0-simplified-fspm,unweighted population statistics,True,SIMPLIFIED_FSPM,2.0568589791981733,2.152732822840807,0.09386777646273595,29.4029202420524,1450.0,2.0568589791981733,0.0,25.305325658163706,0.04421266800000001,2.0568589791981733,80.0,2.0568589791981733,0.05170640671343386,40.106577306111376,12.41223376566858,0.0,0.13070704184234938,0.49913898455120675,8.946952556603835,0.06286181257357694,0.13070704184234938,1.0,0.006170312108002645,4000,0.8836126031330339,4,7,DERIVED_SWAT_PROFILE_UNIFORM_ROOT_ZONE_APPROXIMATION,SWAT_HRU_AREA_X_2019_CDL_CORN_FRACTION_WEIGHTED; inactive calendar groups contribute zero living-crop structure,DATED_FSPM_MAIZE_AREA_STATE_ACROSS_EXECUTED_SWAT_CALENDARS
2019-05-16,True,True,SWAT+ mgt_out.txt PLANT and HARV/KILL events by HRU,EXECUTED_SWAT_MANAGEMENT_EVENTS,FSPM grows each distinct HRU calendar separately; field playback is weighted over the mapped maize HRU area. Daily event timing is applied to the complete day.,maize,MULTIPLE_EXECUTED_SWAT_HRU_CALENDARS,EMERGENCE,"volumetric percent [0, 100]",m2_leaf/m2_ground,fraction,m,mm/day,mm/day,mm/day,mm/day,"fraction [0, 1]",g/plant,g/plant,degC_day,degC_day,fraction,dimensionless,kg/ha/(MJ/m2),MODEL_BASE_PARAMETER,0.5,0.4991389845512067,0.023981698140073986,ASSUMED_PARAMETER_NOT_CALIBRATED,False,seeded truncated normal; sigma=0.025,0.05,2.0,0.0,2.0,MODEL_BASE_PARAMETER,40.0,40.10657730611137,1.982589383884093,ASSUMED_PARAMETER_NOT_CALIBRATED,False,seeded truncated normal; sigma=2.0 kg/ha/(MJ/m2),10.0,90.0,10.0,90.0,DERIVED_FSPM,SIMPLIFIED_FSPM maize population,3.0-simplified-fspm,unweighted population statistics,True,SIMPLIFIED_FSPM,2.28531312844747,2.391835624159418,0.11546343839239788,30.189744182913454,1449.9999999999998,2.28531312844747,0.37892155843773795,25.332638793921497,0.044212668000000004,2.28531312844747,92.25374205990514,2.28531312844747,0.13027692476959732,40.10657730611136,12.531852802270176,0.0,0.16559122190227474,0.4991389845512067,22.879637672514757,0.07928772673153547,0.16559122190227474,1.0,0.015779060463803278,7000,1.0,7,7,DERIVED_SWAT_PROFILE_UNIFORM_ROOT_ZONE_APPROXIMATION,SWAT_HRU_AREA_X_2019_CDL_CORN_FRACTION_WEIGHTED; inactive calendar groups contribute zero living-crop structure,DATED_FSPM_MAIZE_AREA_STATE_ACROSS_EXECUTED_SWAT_CALENDARS
2019-05-17,True,True,SWAT+ mgt_out.txt PLANT and HARV/KILL events by HRU,EXECUTED_SWAT_MANAGEMENT_EVENTS,FSPM grows each distinct HRU calendar separately; field playback is weighted over the mapped maize HRU area. Daily event timing is applied to the complete day.,maize,MULTIPLE_EXECUTED_SWAT_HRU_CALENDARS,EMERGENCE,"volumetric percent [0, 100]",m2_leaf/m2_ground,fraction,m,mm/day,mm/day,mm/day,mm/day,"fraction [0, 1]",g/plant,g/plant,degC_day,degC_day,fraction,dimensionless,kg/ha/(MJ/m2),MODEL_BASE_PARAMETER,0.5,0.4991389845512067,0.023981698140073986,ASSUMED_PARAMETER_NOT_CALIBRATED,False,seeded truncated normal; sigma=0.025,0.05,2.0,0.0,2.0,MODEL_BASE_PARAMETER,40.0,40.10657730611137,1.982589383884093,ASSUMED_PARAMETER_NOT_CALIBRATED,False,seeded truncated normal; sigma=2.0 kg/ha/(MJ/m2),10.0,90.0,10.0,90.0,DERIVED_FSPM,SIMPLIFIED_FSPM maize population,3.0-simplified-fspm,unweighted population statistics,True,SIMPLIFIED_FSPM,1.4579628393553277,1.5259210664066558,0.1251247179062624,30.369930019950196,1449.9999999999998,1.4579628393553277,0.8420749552996437,25.332638793921497,0.044212668000000004,1.4579628393553277,115.46343839239785,1.4579628393553277,0.164721580136109,40.10657730611136,12.531852802270176,0.0,0.1741164992982426,0.4991389845512067,29.112721229846702,0.08319328703132083,0.1741164992982426,1.0,0.020077738779204622,7000,1.0,7,7,DERIVED_SWAT_PROFILE_UNIFORM_ROOT_ZONE_APPROXIMATION,SWAT_HRU_AREA_X_2019_CDL_CORN_FRACTION_WEIGHTED; inactive calendar groups contribute zero living-crop structure,DATED_FSPM_MAIZE_AREA_STATE_ACROSS_EXECUTED_SWAT_CALENDARS
2019-05-18,True,True,SWAT+ mgt_out.txt PLANT and HARV/KILL events by HRU,EXECUTED_SWAT_MANAGEMENT_EVENTS,FSPM grows each distinct HRU calendar separately; field playback is weighted over the mapped maize HRU area. Daily event timing is applied to the complete day.,maize,MULTIPLE_EXECUTED_SWAT_HRU_CALENDARS,EMERGENCE,"volumetric percent [0, 100]",m2_leaf/m2_ground,fraction,m,mm/day,mm/day,mm/day,mm/day,"fraction [0, 1]",g/plant,g/plant,degC_day,degC_day,fraction,dimensionless,kg/ha/(MJ/m2),MODEL_BASE_PARAMETER,0.5,0.4991389845512067,0.023981698140073986,ASSUMED_PARAMETER_NOT_CALIBRATED,False,seeded truncated normal; sigma=0.025,0.05,2.0,0.0,2.0,MODEL_BASE_PARAMETER,40.0,40.10657730611137,1.982589383884093,ASSUMED_PARAMETER_NOT_CALIBRATED,False,seeded truncated normal; sigma=2.0 kg/ha/(MJ/m2),10.0,90.0,10.0,90.0,DERIVED_FSPM,SIMPLIFIED_FSPM maize population,3.0-simplified-fspm,unweighted population statistics,True,SIMPLIFIED_FSPM,1.9042750685587202,1.9930366994837454,0.14083540181771567,30.820797997225355,1449.9999999999998,1.9042750685587202,1.2061702657541373,25.332638793921497,0.044212668000000004,1.9042750685587202,125.1247179062624,1.9042750685587202,0.21977983680565327,40.10657730611136,12.531852802270176,0.0,0.1888984692551586,0.4991389845512067,39.24864633401013,0.08992516546561938,0.1888984692551586,1.0,0.027068031954489737,7000,1.0,7,7,DERIVED_SWAT_PROFILE_UNIFORM_ROOT_ZONE_APPROXIMATION,SWAT_HRU_AREA_X_2019_CDL_CORN_FRACTION_WEIGHTED; inactive calendar groups contribute zero living-crop structure,DATED_FSPM_MAIZE_AREA_STATE_ACROSS_EXECUTED_SWAT_CALENDARS
2019-05-19,True,True,SWAT+ mgt_out.txt PLANT and HARV/KILL events by HRU,EXECUTED_SWAT_MANAGEMENT_EVENTS,FSPM grows each distinct HRU calendar separately; field playback is weighted over the mapped maize HRU area. Daily event timing is applied to the complete day.,maize,MULTIPLE_EXECUTED_SWAT_HRU_CALENDARS,EMERGENCE,"volumetric percent [0, 100]",m2_leaf/m2_ground,fraction,m,mm/day,mm/day,mm/day,mm/day,"fraction [0, 1]",g/plant,g/plant,degC_day,degC_day,fraction,dimensionless,kg/ha/(MJ/m2),MODEL_BASE_PARAMETER,0.5,0.4991389845512067,0.023981698140073986,ASSUMED_PARAMETER_NOT_CALIBRATED,False,seeded truncated normal; sigma=0.025,0.05,2.0,0.0,2.0,MODEL_BASE_PARAMETER,40.0,40.10657730611137,1.982589383884093,ASSUMED_PARAMETER_NOT_CALIBRATED,False,seeded truncated normal; sigma=2.0 kg/ha/(MJ/m2),10.0,90.0,10.0,90.0,DERIVED_FSPM,SIMPLIFIED_FSPM maize population,3.0-simplified-fspm,unweighted population statistics,True,SIMPLIFIED_FSPM,1.039395497600882,1.0878435680370422,0.14092572042361357,31.193877503574253,1449.9999999999998,1.039395497600882,1.6813311902145498,25.332638793921504,0.044212668000000004,1.039395497600882,140.8354018177157,1.039395497600882,0.22009238470236475,40.10657730611136,12.531852802270176,0.0,0.1889874759772489,0.4991389845512067,39.30691640233132,0.0899655207131372,0.1889874759772489,1.0,0.027108218208504356,7000,1.0,7,7,DERIVED_SWAT_PROFILE_UNIFORM_ROOT_ZONE_APPROXIMATION,SWAT_HRU_AREA_X_2019_CDL_CORN_FRACTION_WEIGHTED; inactive calendar groups contribute zero living-crop structure,DATED_FSPM_MAIZE_AREA_STATE_ACROSS_EXECUTED_SWAT_CALENDARS
2019-05-20,True,True,SWAT+ mgt_out.txt PLANT and HARV/KILL events by HRU,EXECUTED_SWAT_MANAGEMENT_EVENTS,FSPM grows each distinct HRU calendar separately; field playback is weighted over the mapped maize HRU area. Daily event timing is applied to the complete day.,maize,MULTIPLE_EXECUTED_SWAT_HRU_CALENDARS,EMERGENCE,"volumetric percent [0, 100]",m2_leaf/m2_ground,fraction,m,mm/day,mm/day,mm/day,mm/day,"fraction [0, 1]",g/plant,g/plant,degC_day,degC_day,fraction,dimensionless,kg/ha/(MJ/m2),MODEL_BASE_PARAMETER,0.5,0.4991389845512067,0.023981698140073986,ASSUMED_PARAMETER_NOT_CALIBRATED,False,seeded truncated normal; sigma=0.025,0.05,2.0,0.0,2.0,MODEL_BASE_PARAMETER,40.0,40.10657730611137,1.982589383884093,ASSUMED_PARAMETER_NOT_CALIBRATED,False,seeded truncated normal; sigma=2.0 kg/ha/(MJ/m2),10.0,90.0,10.0,90.0,DERIVED_FSPM,SIMPLIFIED_FSPM maize population,3.0-simplified-fspm,unweighted population statistics,True,SIMPLIFIED_FSPM,1.4085350469729043,1.474189369121269,0.1430952870456498,31.074689022781044,1449.9999999999998,1.4085350469729043,2.0729563386055,25.332638793921497,0.044212668000000004,1.4085350469729043,140.92572042361354,1.4085350469729043,0.22760202394406454,40.10657730611136,12.531852802270176,0.0,0.19112414338202752,0.4991389845512067,40.706636803645026,0.09093431205687025,0.19112414338202752,1.0,0.028073542623203468,7000,1.0,7,7,DERIVED_SWAT_PROFILE_UNIFORM_ROOT_ZONE_APPROXIMATION,SWAT_HRU_AREA_X_2019_CDL_CORN_FRACTION_WEIGHTED; inactive calendar groups contribute zero living-crop structure,DATED_FSPM_MAIZE_AREA_STATE_ACROSS_EXECUTED_SWAT_CALENDARS
2019-05-21,True,True,SWAT+ mgt_out.txt PLANT and HARV/KILL events by HRU,EXECUTED_SWAT_MANAGEMENT_EVENTS,FSPM grows each distinct HRU calendar separately; field playback is weighted over the mapped maize HRU area. Daily event timing is applied to the complete day.,maize,MULTIPLE_EXECUTED_SWAT_HRU_CALENDARS,EMERGENCE,"volumetric percent [0, 100]",m2_leaf/m2_ground,fraction,m,mm/day,mm/day,mm/day,mm/day,"fraction [0, 1]",g/plant,g/plant,degC_day,degC_day,fraction,dimensionless,kg/ha/(MJ/m2),MODEL_BASE_PARAMETER,0.5,0.4991389845512067,0.023981698140073986,ASSUMED_PARAMETER_NOT_CALIBRATED,False,seeded truncated normal; sigma=0.025,0.05,2.0,0.0,2.0,MODEL_BASE_PARAMETER,40.0,40.10657730611137,1.982589383884093,ASSUMED_PARAMETER_NOT_CALIBRATED,False,seeded truncated normal; sigma=2.0 kg/ha/(MJ/m2),10.0,90.0,10.0,90.0,DERIVED_FSPM,SIMPLIFIED_FSPM maize population,3.0-simplified-fspm,unweighted population statistics,True,SIMPLIFIED_FSPM,0.7082819475778028,0.7412962274477432,0.14764914386134348,31.374304594495737,1449.9999999999998,0.7082819475778028,2.583250331432556,25.332638793921504,0.044212668000000004,0.7082819475778028,143.09528704564977,0.7082819475778028,0.24329560583294865,40.10657730611136,12.531852802270176,0.0,0.19568244409296712,0.4991389845512067,43.64460894280225,0.09299771218492114,0.19568244409296712,1.0,0.03009973030538087,7000,1.0,7,7,DERIVED_SWAT_PROFILE_UNIFORM_ROOT_ZONE_APPROXIMATION,SWAT_HRU_AREA_X_2019_CDL_CORN_FRACTION_WEIGHTED; inactive calendar groups contribute zero living-crop structure,DATED_FSPM_MAIZE_AREA_STATE_ACROSS_EXECUTED_SWAT_CALENDARS
2019-05-22,True,True,SWAT+ mgt_out.txt PLANT and HARV/KILL events by HRU,EXECUTED_SWAT_MANAGEMENT_EVENTS,FSPM grows each distinct HRU calendar separately; field playback is weighted over the mapped maize HRU area. Daily event timing is applied to the complete day.,maize,MULTIPLE_EXECUTED_SWAT_HRU_CALENDARS,EMERGENCE,"volumetric percent [0, 100]",m2_leaf/m2_ground,fraction,m,mm/day,mm/day,mm/day,mm/day,"fraction [0, 1]",g/plant,g/plant,degC_day,degC_day,fraction,dimensionless,kg/ha/(MJ/m2),MODEL_BASE_PARAMETER,0.5,0.4991389845512067,0.023981698140073986,ASSUMED_PARAMETER_NOT_CALIBRATED,False,seeded truncated normal; sigma=0.025,0.05,2.0,0.0,2.0,MODEL_BASE_PARAMETER,40.0,40.10657730611137,1.982589383884093,ASSUMED_PARAMETER_NOT_CALIBRATED,False,seeded truncated normal; sigma=2.0 kg/ha/(MJ/m2),10.0,90.0,10.0,90.0,DERIVED_FSPM,SIMPLIFIED_FSPM maize population,3.0-simplified-fspm,unweighted population statistics,True,SIMPLIFIED_FSPM,1.9396058412005277,2.030014307189714,0.15809008933147914,31.64151494250195,1449.9999999999998,1.9396058412005277,2.7617705391931158,25.332638793921497,0.044212668000000004,1.9396058412005277,147.6491438613435,1.9396058412005277,0.27891154266932905,40.10657730611136,12.531852802270176,0.0,0.20653674512121464,0.4991389845512067,50.38070279450269,0.0978917406383347,0.20653674512121464,1.0,0.03474531227207082,7000,1.0,7,7,DERIVED_SWAT_PROFILE_UNIFORM_ROOT_ZONE_APPROXIMATION,SWAT_HRU_AREA_X_2019_CDL_CORN_FRACTION_WEIGHTED; inactive calendar groups contribute zero living-crop structure,DATED_FSPM_MAIZE_AREA_STATE_ACROSS_EXECUTED_SWAT_CALENDARS
2019-05-23,True,True,SWAT+ mgt_out.txt PLANT and HARV/KILL events by HRU,EXECUTED_SWAT_MANAGEMENT_EVENTS,FSPM grows each distinct HRU calendar separately; field playback is weighted over the mapped maize HRU area. Daily event timing is applied to the complete day.,maize,MULTIPLE_EXECUTED_SWAT_HRU_CALENDARS,EMERGENCE,"volumetric percent [0, 100]",m2_leaf/m2_ground,fraction,m,mm/day,mm/day,mm/day,mm/day,"fraction [0, 1]",g/plant,g/plant,degC_day,degC_day,fraction,dimensionless,kg/ha/(MJ/m2),MODEL_BASE_PARAMETER,0.5,0.4991389845512067,0.023981698140073986,ASSUMED_PARAMETER_NOT_CALIBRATED,False,seeded truncated normal; sigma=0.025,0.05,2.0,0.0,2.0,MODEL_BASE_PARAMETER,40.0,40.10657730611137,1.982589383884093,ASSUMED_PARAMETER_NOT_CALIBRATED,False,seeded truncated normal; sigma=2.0 kg/ha/(MJ/m2),10.0,90.0,10.0,90.0,DERIVED_FSPM,SIMPLIFIED_FSPM maize population,3.0-simplified-fspm,unweighted population statistics,True,SIMPLIFIED_FSPM,1.9731047289269383,2.0650746385313,0.1697083787579403,32.09017317010593,1449.9999999999998,1.9731047289269383,3.3586124366644476,25.332638793921497,0.044212668000000004,1.9731047289269383,158.0900893314791,1.9731047289269383,0.3179612793594059,40.10657730611136,12.531852802270176,0.0,0.21929154005499785,0.4991389845512067,57.87637339221955,0.10360847648703748,0.21929154005499785,1.0,0.03991474027049624,7000,1.0,7,7,DERIVED_SWAT_PROFILE_UNIFORM_ROOT_ZONE_APPROXIMATION,SWAT_HRU_AREA_X_2019_CDL_CORN_FRACTION_WEIGHTED; inactive calendar groups contribute zero living-crop structure,DATED_FSPM_MAIZE_AREA_STATE_ACROSS_EXECUTED_SWAT_CALENDARS
2019-05-24,True,True,SWAT+ mgt_out.txt PLANT and HARV/KILL events by HRU,EXECUTED_SWAT_MANAGEMENT_EVENTS,FSPM grows each distinct HRU calendar separately; field playback is weighted over the mapped maize HRU area. Daily event timing is applied to the complete day.,maize,MULTIPLE_EXECUTED_SWAT_HRU_CALENDARS,EMERGENCE,"volumetric percent [0, 100]",m2_leaf/m2_ground,fraction,m,mm/day,mm/day,mm/day,mm/day,"fraction [0, 1]",g/plant,g/plant,degC_day,degC_day,fraction,dimensionless,kg/ha/(MJ/m2),MODEL_BASE_PARAMETER,0.5,0.4991389845512067,0.023981698140073986,ASSUMED_PARAMETER_NOT_CALIBRATED,False,seeded truncated normal; sigma=0.025,0.05,2.0,0.0,2.0,MODEL_BASE_PARAMETER,40.0,40.10657730611137,1.982589383884093,ASSUMED_PARAMETER_NOT_CALIBRATED,False,seeded truncated normal; sigma=2.0 kg/ha/(MJ/m2),10.0,90.0,10.0,90.0,DERIVED_FSPM,SIMPLIFIED_FSPM maize population,3.0-simplified-fspm,unweighted population statistics,True,SIMPLIFIED_FSPM,1.9419683656513516,2.0324869553146447,0.18667604039083002,32.6890468995418,1449.9999999999998,1.9419683656513516,3.9842944050972364,25.332638793921504,0.044212668000000004,1.9419683656513516,169.70837875794032,1.9419683656513516,0.37390681742960247,40.10657730611136,12.531852802270178,0.0,0.2392766746227554,0.4991389845512067,68.82325186505162,0.11249206571451086,0.2392766746227554,1.0,0.047464311631070094,7000,1.0,7,7,DERIVED_SWAT_PROFILE_UNIFORM_ROOT_ZONE_APPROXIMATION,SWAT_HRU_AREA_X_2019_CDL_CORN_FRACTION_WEIGHTED; inactive calendar groups contribute zero living-crop structure,DATED_FSPM_MAIZE_AREA_STATE_ACROSS_EXECUTED_SWAT_CALENDARS
2019-05-25,True,True,SWAT+ mgt_out.txt PLANT and HARV/KILL events by HRU,EXECUTED_SWAT_MANAGEMENT_EVENTS,FSPM grows each distinct HRU calendar separately; field playback is weighted over the mapped maize HRU area. Daily event timing is applied to the complete day.,maize,MULTIPLE_EXECUTED_SWAT_HRU_CALENDARS,EMERGENCE,"volumetric percent [0, 100]",m2_leaf/m2_ground,fraction,m,mm/day,mm/day,mm/day,mm/day,"fraction [0, 1]",g/plant,g/plant,degC_day,degC_day,fraction,dimensionless,kg/ha/(MJ/m2),MODEL_BASE_PARAMETER,0.5,0.4991389845512067,0.023981698140073986,ASSUMED_PARAMETER_NOT_CALIBRATED,False,seeded truncated normal; sigma=0.025,0.05,2.0,0.0,2.0,MODEL_BASE_PARAMETER,40.0,40.10657730611137,1.982589383884093,ASSUMED_PARAMETER_NOT_CALIBRATED,False,seeded truncated normal; sigma=2.0 kg/ha/(MJ/m2),10.0,90.0,10.0,90.0,DERIVED_FSPM,SIMPLIFIED_FSPM maize population,3.0-simplified-fspm,unweighted population statistics,True,SIMPLIFIED_FSPM,2.2054880367018956,2.3082897450163165,0.20318583865166084,32.597072777262426,1449.9999999999998,2.2054880367018956,4.578745082582096,25.332638793921497,0.044212668000000004,2.2054880367018956,186.67604039083005,2.2054880367018956,0.42713002490269436,40.10657730611136,12.531852802270176,0.0,0.26037838562973376,0.4991389845512067,79.47473461397472,0.121774887814414,0.26037838562973376,1.0,0.0548101618027412,7000,1.0,7,7,DERIVED_SWAT_PROFILE_UNIFORM_ROOT_ZONE_APPROXIMATION,SWAT_HRU_AREA_X_2019_CDL_CORN_FRACTION_WEIGHTED; inactive calendar groups contribute zero living-crop structure,DATED_FSPM_MAIZE_AREA_STATE_ACROSS_EXECUTED_SWAT_CALENDARS
2019-05-26,True,True,SWAT+ mgt_out.txt PLANT and HARV/KILL events by HRU,EXECUTED_SWAT_MANAGEMENT_EVENTS,FSPM grows each distinct HRU calendar separately; field playback is weighted over the mapped maize HRU area. Daily event timing is applied to the complete day.,maize,MULTIPLE_EXECUTED_SWAT_HRU_CALENDARS,EMERGENCE,"volumetric percent [0, 100]",m2_leaf/m2_ground,fraction,m,mm/day,mm/day,mm/day,mm/day,"fraction [0, 1]",g/plant,g/plant,degC_day,degC_day,fraction,dimensionless,kg/ha/(MJ/m2),MODEL_BASE_PARAMETER,0.5,0.4991389845512067,0.023981698140073986,ASSUMED_PARAMETER_NOT_CALIBRATED,False,seeded truncated normal; sigma=0.025,0.05,2.0,0.0,2.0,MODEL_BASE_PARAMETER,40.0,40.10657730611137,1.982589383884093,ASSUMED_PARAMETER_NOT_CALIBRATED,False,seeded truncated normal; sigma=2.0 kg/ha/(MJ/m2),10.0,90.0,10.0,90.0,DERIVED_FSPM,SIMPLIFIED_FSPM maize population,3.0-simplified-fspm,unweighted population statistics,True,SIMPLIFIED_FSPM,2.2666678484484595,2.3723212532510773,0.22085217762782713,32.42348353077787,1449.9999999999998,2.2666678484484595,5.336012409108676,25.34145183696241,0.044212668000000004,2.2666678484484595,203.18583865166084,2.2666678484484595,0.4827908443577668,40.10657730611136,12.543949332837833,0.0,0.28489873630169843,0.4991389845512067,90.87237266311428,0.13243802941589,0.28489873630169843,1.0,0.06267060183663054,7000,1.0,7,7,DERIVED_SWAT_PROFILE_UNIFORM_ROOT_ZONE_APPROXIMATION,SWAT_HRU_AREA_X_2019_CDL_CORN_FRACTION_WEIGHTED; inactive calendar groups contribute zero living-crop structure,DATED_FSPM_MAIZE_AREA_STATE_ACROSS_EXECUTED_SWAT_CALENDARS
2019-05-27,True,True,SWAT+ mgt_out.txt PLANT and HARV/KILL events by HRU,EXECUTED_SWAT_MANAGEMENT_EVENTS,FSPM grows each distinct HRU calendar separately; field playback is weighted over the mapped maize HRU area. Daily event timing is applied to the complete day.,maize,MULTIPLE_EXECUTED_SWAT_HRU_CALENDARS,VEGETATIVE,"volumetric percent [0, 100]",m2_leaf/m2_ground,fraction,m,mm/day,mm/day,mm/day,mm/day,"fraction [0, 1]",g/plant,g/plant,degC_day,degC_day,fraction,dimensionless,kg/ha/(MJ/m2),MODEL_BASE_PARAMETER,0.5,0.4991389845512067,0.023981698140073986,ASSUMED_PARAMETER_NOT_CALIBRATED,False,seeded truncated normal; sigma=0.025,0.05,2.0,0.0,2.0,MODEL_BASE_PARAMETER,40.0,40.10657730611137,1.982589383884093,ASSUMED_PARAMETER_NOT_CALIBRATED,False,seeded truncated normal; sigma=2.0 kg/ha/(MJ/m2),10.0,90.0,10.0,90.0,DERIVED_FSPM,SIMPLIFIED_FSPM maize population,3.0-simplified-fspm,unweighted population statistics,True,SIMPLIFIED_FSPM,1.5902661784660073,1.6643913073340322,0.23627913348522842,32.42141091339794,1449.9999999999998,1.5902661784660073,6.169542398027168,25.36887945212694,0.044212668000000004,1.5902661784660073,220.85217762782713,1.5902661784660073,0.530320485151749,40.10657730611136,12.58202863021365,0.0,0.30808308103864246,0.4991389845512067,100.82524740982478,0.14239851861468486,0.30808308103864246,1.0,0.06953465338608607,7000,1.0,7,7,DERIVED_SWAT_PROFILE_UNIFORM_ROOT_ZONE_APPROXIMATION,SWAT_HRU_AREA_X_2019_CDL_CORN_FRACTION_WEIGHTED; inactive calendar groups contribute zero living-crop structure,DATED_FSPM_MAIZE_AREA_STATE_ACROSS_EXECUTED_SWAT_CALENDARS
2019-05-28,True,True,SWAT+ mgt_out.txt PLANT and HARV/KILL events by HRU,EXECUTED_SWAT_MANAGEMENT_EVENTS,FSPM grows each distinct HRU calendar separately; field playback is weighted over the mapped maize HRU area. Daily event timing is applied to the complete day.,maize,MULTIPLE_EXECUTED_SWAT_HRU_CALENDARS,VEGETATIVE,"volumetric percent [0, 100]",m2_leaf/m2_ground,fraction,m,mm/day,mm/day,mm/day,mm/day,"fraction [0, 1]",g/plant,g/plant,degC_day,degC_day,fraction,dimensionless,kg/ha/(MJ/m2),MODEL_BASE_PARAMETER,0.5,0.4991389845512067,0.023981698140073986,ASSUMED_PARAMETER_NOT_CALIBRATED,False,seeded truncated normal; sigma=0.025,0.05,2.0,0.0,2.0,MODEL_BASE_PARAMETER,40.0,40.10657730611137,1.982589383884093,ASSUMED_PARAMETER_NOT_CALIBRATED,False,seeded truncated normal; sigma=2.0 kg/ha/(MJ/m2),10.0,90.0,10.0,90.0,DERIVED_FSPM,SIMPLIFIED_FSPM maize population,3.0-simplified-fspm,unweighted population statistics,True,SIMPLIFIED_FSPM,1.135738144861634,1.1886769152618715,0.2444354860988587,32.65486097736583,1449.9999999999998,1.135738144861634,6.773019410161097,25.420055912813933,0.044212668000000004,1.135738144861634,236.2791334852284,1.135738144861634,0.5550528857274595,40.10657730611136,12.652226217376587,0.0,0.32104600158396573,0.4991389845512067,106.08741038636045,0.1479167119299195,0.32104600158396573,1.0,0.07316373130093824,7000,1.0,7,7,DERIVED_SWAT_PROFILE_UNIFORM_ROOT_ZONE_APPROXIMATION,SWAT_HRU_AREA_X_2019_CDL_CORN_FRACTION_WEIGHTED; inactive calendar groups contribute zero living-crop structure,DATED_FSPM_MAIZE_AREA_STATE_ACROSS_EXECUTED_SWAT_CALENDARS
2019-05-29,True,True,SWAT+ mgt_out.txt PLANT and HARV/KILL events by HRU,EXECUTED_SWAT_MANAGEMENT_EVENTS,FSPM grows each distinct HRU calendar separately; field playback is weighted over the mapped maize HRU area. Daily event timing is applied to the complete day.,maize,MULTIPLE_EXECUTED_SWAT_HRU_CALENDARS,VEGETATIVE,"volumetric percent [0, 100]",m2_leaf/m2_ground,fraction,m,mm/day,mm/day,mm/day,mm/day,"fraction [0, 1]",g/plant,g/plant,degC_day,degC_day,fraction,dimensionless,kg/ha/(MJ/m2),MODEL_BASE_PARAMETER,0.5,0.4991389845512067,0.023981698140073986,ASSUMED_PARAMETER_NOT_CALIBRATED,False,seeded truncated normal; sigma=0.025,0.05,2.0,0.0,2.0,MODEL_BASE_PARAMETER,40.0,40.10657730611137,1.982589383884093,ASSUMED_PARAMETER_NOT_CALIBRATED,False,seeded truncated normal; sigma=2.0 kg/ha/(MJ/m2),10.0,90.0,10.0,90.0,DERIVED_FSPM,SIMPLIFIED_FSPM maize population,3.0-simplified-fspm,unweighted population statistics,True,SIMPLIFIED_FSPM,1.8321992521653525,1.9176013080452272,0.2581573874801808,32.77863186324647,1449.9999999999998,1.8321992521653525,7.261614518090027,25.459512211743423,0.044212668000000004,1.8321992521653525,244.4354860988587,1.8321992521653525,0.5960608327278306,40.10657730611136,12.707938685422224,0.0,0.34399511463958277,0.4991389845512067,114.94024998721339,0.15759836433676105,0.34399511463958277,1.0,0.07926913792221615,7000,1.0,7,7,DERIVED_SWAT_PROFILE_UNIFORM_ROOT_ZONE_APPROXIMATION,SWAT_HRU_AREA_X_2019_CDL_CORN_FRACTION_WEIGHTED; inactive calendar groups contribute zero living-crop structure,DATED_FSPM_MAIZE_AREA_STATE_ACROSS_EXECUTED_SWAT_CALENDARS
2019-05-30,True,True,SWAT+ mgt_out.txt PLANT and HARV/KILL events by HRU,EXECUTED_SWAT_MANAGEMENT_EVENTS,FSPM grows each distinct HRU calendar separately; field playback is weighted over the mapped maize HRU area. Daily event timing is applied to the complete day.,maize,MULTIPLE_EXECUTED_SWAT_HRU_CALENDARS,VEGETATIVE,"volumetric percent [0, 100]",m2_leaf/m2_ground,fraction,m,mm/day,mm/day,mm/day,mm/day,"fraction [0, 1]",g/plant,g/plant,degC_day,degC_day,fraction,dimensionless,kg/ha/(MJ/m2),MODEL_BASE_PARAMETER,0.5,0.4991389845512067,0.023981698140073986,ASSUMED_PARAMETER_NOT_CALIBRATED,False,seeded truncated normal; sigma=0.025,0.05,2.0,0.0,2.0,MODEL_BASE_PARAMETER,40.0,40.10657730611137,1.982589383884093,ASSUMED_PARAMETER_NOT_CALIBRATED,False,seeded truncated normal; sigma=2.0 kg/ha/(MJ/m2),10.0,90.0,10.0,90.0,DERIVED_FSPM,SIMPLIFIED_FSPM maize population,3.0-simplified-fspm,unweighted population statistics,True,SIMPLIFIED_FSPM,1.965992277110091,2.057630657566988,0.27411090692075146,32.660407420822935,1449.9999999999998,1.965992277110091,8.089814465037403,25.536799008625096,0.044212668000000004,1.965992277110091,258.1573874801808,1.965992277110091,0.6427920837819584,40.10657730611136,12.82125465308266,0.0,0.3725947022553711,0.4991389845512067,125.23284317467834,0.1695066638009822,0.3725947022553711,1.0,0.08636747805150231,7000,1.0,7,7,DERIVED_SWAT_PROFILE_UNIFORM_ROOT_ZONE_APPROXIMATION,SWAT_HRU_AREA_X_2019_CDL_CORN_FRACTION_WEIGHTED; inactive calendar groups contribute zero living-crop structure,DATED_FSPM_MAIZE_AREA_STATE_ACROSS_EXECUTED_SWAT_CALENDARS
2019-05-31,True,True,SWAT+ mgt_out.txt PLANT and HARV/KILL events by HRU,EXECUTED_SWAT_MANAGEMENT_EVENTS,FSPM grows each distinct HRU calendar separately; field playback is weighted over the mapped maize HRU area. Daily event timing is applied to the complete day.,maize,MULTIPLE_EXECUTED_SWAT_HRU_CALENDARS,VEGETATIVE,"volumetric percent [0, 100]",m2_leaf/m2_ground,fraction,m,mm/day,mm/day,mm/day,mm/day,"fraction [0, 1]",g/plant,g/plant,degC_day,degC_day,fraction,dimensionless,kg/ha/(MJ/m2),MODEL_BASE_PARAMETER,0.5,0.4991389845512067,0.023981698140073986,ASSUMED_PARAMETER_NOT_CALIBRATED,False,seeded truncated normal; sigma=0.025,0.05,2.0,0.0,2.0,MODEL_BASE_PARAMETER,40.0,40.10657730611137,1.982589383884093,ASSUMED_PARAMETER_NOT_CALIBRATED,False,seeded truncated normal; sigma=2.0 kg/ha/(MJ/m2),10.0,90.0,10.0,90.0,DERIVED_FSPM,SIMPLIFIED_FSPM maize population,3.0-simplified-fspm,unweighted population statistics,True,SIMPLIFIED_FSPM,2.374349051015642,2.485021676326896,0.29719798450163765,32.45441000548025,1449.9999999999998,2.374349051015642,9.016840301828047,25.62356467847866,0.044212668000000004,2.374349051015642,274.1109069207514,2.374349051015642,0.7086675387135782,40.10657730611136,12.94958179395304,0.0,0.4178718197568438,0.4991389845512067,140.12773193654047,0.1880096141448873,0.4178718197568438,1.0,0.09663981512864857,7000,1.0,7,7,DERIVED_SWAT_PROFILE_UNIFORM_ROOT_ZONE_APPROXIMATION,SWAT_HRU_AREA_X_2019_CDL_CORN_FRACTION_WEIGHTED; inactive calendar groups contribute zero living-crop structure,DATED_FSPM_MAIZE_AREA_STATE_ACROSS_EXECUTED_SWAT_CALENDARS
2019-06-01,True,True,SWAT+ mgt_out.txt PLANT and HARV/KILL events by HRU,EXECUTED_SWAT_MANAGEMENT_EVENTS,FSPM grows each distinct HRU calendar separately; field playback is weighted over the mapped maize HRU area. Daily event timing is applied to the complete day.,maize,MULTIPLE_EXECUTED_SWAT_HRU_CALENDARS,VEGETATIVE,"volumetric percent [0, 100]",m2_leaf/m2_ground,fraction,m,mm/day,mm/day,mm/day,mm/day,"fraction [0, 1]",g/plant,g/plant,degC_day,degC_day,fraction,dimensionless,kg/ha/(MJ/m2),MODEL_BASE_PARAMETER,0.5,0.4991389845512067,0.023981698140073986,ASSUMED_PARAMETER_NOT_CALIBRATED,False,seeded truncated normal; sigma=0.025,0.05,2.0,0.0,2.0,MODEL_BASE_PARAMETER,40.0,40.10657730611137,1.982589383884093,ASSUMED_PARAMETER_NOT_CALIBRATED,False,seeded truncated normal; sigma=2.0 kg/ha/(MJ/m2),10.0,90.0,10.0,90.0,DERIVED_FSPM,SIMPLIFIED_FSPM maize population,3.0-simplified-fspm,unweighted population statistics,True,SIMPLIFIED_FSPM,1.9820133904622788,2.074398550156918,0.31178710180228264,32.23870715290701,1449.9999999999998,1.9820133904622788,10.168755673096518,25.73272245851524,0.044212668000000004,1.9820133904622788,297.1979845016377,1.9820133904622788,0.7492461291870797,40.10657730611136,13.111082888310474,0.0,0.4490308799160971,0.4991389845512067,149.54006567889203,0.20049695755934913,0.4490308799160971,1.0,0.10313107977854624,7000,1.0,7,7,DERIVED_SWAT_PROFILE_UNIFORM_ROOT_ZONE_APPROXIMATION,SWAT_HRU_AREA_X_2019_CDL_CORN_FRACTION_WEIGHTED; inactive calendar groups contribute zero living-crop structure,DATED_FSPM_MAIZE_AREA_STATE_ACROSS_EXECUTED_SWAT_CALENDARS
2019-06-02,True,True,SWAT+ mgt_out.txt PLANT and HARV/KILL events by HRU,EXECUTED_SWAT_MANAGEMENT_EVENTS,FSPM grows each distinct HRU calendar separately; field playback is weighted over the mapped maize HRU area. Daily event timing is applied to the complete day.,maize,MULTIPLE_EXECUTED_SWAT_HRU_CALENDARS,VEGETATIVE,"volumetric percent [0, 100]",m2_leaf/m2_ground,fraction,m,mm/day,mm/day,mm/day,mm/day,"fraction [0, 1]",g/plant,g/plant,degC_day,degC_day,fraction,dimensionless,kg/ha/(MJ/m2),MODEL_BASE_PARAMETER,0.5,0.4991389845512067,0.023981698140073986,ASSUMED_PARAMETER_NOT_CALIBRATED,False,seeded truncated normal; sigma=0.025,0.05,2.0,0.0,2.0,MODEL_BASE_PARAMETER,40.0,40.10657730611137,1.982589383884093,ASSUMED_PARAMETER_NOT_CALIBRATED,False,seeded truncated normal; sigma=2.0 kg/ha/(MJ/m2),10.0,90.0,10.0,90.0,DERIVED_FSPM,SIMPLIFIED_FSPM maize population,3.0-simplified-fspm,unweighted population statistics,True,SIMPLIFIED_FSPM,2.241120528096212,2.3455831278539345,0.3275324563278957,32.008877049378256,1449.9999999999998,2.241120528096212,11.306768383404673,25.7929821635674,0.044212668000000004,2.241120528096212,311.7871018022827,2.241120528096212,0.7921611233969242,40.10657730611136,13.200057498219625,0.0,0.4849871643648049,0.4991389845512067,159.69835892122302,0.2146647684808329,0.4849871643648049,1.0,0.1101367992560159,7000,1.0,7,7,DERIVED_SWAT_PROFILE_UNIFORM_ROOT_ZONE_APPROXIMATION,SWAT_HRU_AREA_X_2019_CDL_CORN_FRACTION_WEIGHTED; inactive calendar groups contribute zero living-crop structure,DATED_FSPM_MAIZE_AREA_STATE_ACROSS_EXECUTED_SWAT_CALENDARS
2019-06-03,True,True,SWAT+ mgt_out.txt PLANT and HARV/KILL events by HRU,EXECUTED_SWAT_MANAGEMENT_EVENTS,FSPM grows each distinct HRU calendar separately; field playback is weighted over the mapped maize HRU area. Daily event timing is applied to the complete day.,maize,MULTIPLE_EXECUTED_SWAT_HRU_CALENDARS,VEGETATIVE,"volumetric percent [0, 100]",m2_leaf/m2_ground,fraction,m,mm/day,mm/day,mm/day,mm/day,"fraction [0, 1]",g/plant,g/plant,degC_day,degC_day,fraction,dimensionless,kg/ha/(MJ/m2),MODEL_BASE_PARAMETER,0.5,0.4991389845512067,0.023981698140073986,ASSUMED_PARAMETER_NOT_CALIBRATED,False,seeded truncated normal; sigma=0.025,0.05,2.0,0.0,2.0,MODEL_BASE_PARAMETER,40.0,40.10657730611137,1.982589383884093,ASSUMED_PARAMETER_NOT_CALIBRATED,False,seeded truncated normal; sigma=2.0 kg/ha/(MJ/m2),10.0,90.0,10.0,90.0,DERIVED_FSPM,SIMPLIFIED_FSPM maize population,3.0-simplified-fspm,unweighted population statistics,True,SIMPLIFIED_FSPM,1.8560603816749617,1.9425746488192643,0.34356567575172026,31.87378053389431,1449.9999999999998,1.8560603816749617,12.687030205245883,25.852324848146605,0.044212668000000004,1.8560603816749617,327.5324563278958,1.8560603816749617,0.8349469827767825,40.10657730611136,13.287835054904269,0.0,0.5241958022093238,0.4991389845512067,170.0423714527227,0.22982569217896853,0.5241958022093238,1.0,0.11727060100187772,7000,1.0,7,7,DERIVED_SWAT_PROFILE_UNIFORM_ROOT_ZONE_APPROXIMATION,SWAT_HRU_AREA_X_2019_CDL_CORN_FRACTION_WEIGHTED; inactive calendar groups contribute zero living-crop structure,DATED_FSPM_MAIZE_AREA_STATE_ACROSS_EXECUTED_SWAT_CALENDARS
2019-06-04,True,True,SWAT+ mgt_out.txt PLANT and HARV/KILL events by HRU,EXECUTED_SWAT_MANAGEMENT_EVENTS,FSPM grows each distinct HRU calendar separately; field playback is weighted over the mapped maize HRU area. Daily event timing is applied to the complete day.,maize,MULTIPLE_EXECUTED_SWAT_HRU_CALENDARS,VEGETATIVE,"volumetric percent [0, 100]",m2_leaf/m2_ground,fraction,m,mm/day,mm/day,mm/day,mm/day,"fraction [0, 1]",g/plant,g/plant,degC_day,degC_day,fraction,dimensionless,kg/ha/(MJ/m2),MODEL_BASE_PARAMETER,0.5,0.4991389845512067,0.023981698140073986,ASSUMED_PARAMETER_NOT_CALIBRATED,False,seeded truncated normal; sigma=0.025,0.05,2.0,0.0,2.0,MODEL_BASE_PARAMETER,40.0,40.10657730611137,1.982589383884093,ASSUMED_PARAMETER_NOT_CALIBRATED,False,seeded truncated normal; sigma=2.0 kg/ha/(MJ/m2),10.0,90.0,10.0,90.0,DERIVED_FSPM,SIMPLIFIED_FSPM maize population,3.0-simplified-fspm,unweighted population statistics,True,SIMPLIFIED_FSPM,2.332032728445257,2.4407329123535506,0.36658434226667574,31.830518827855126,1449.9999999999998,2.332032728445257,13.856095543325626,25.90761079293679,0.044212668000000004,2.332032728445257,343.5656757517203,2.332032728445257,0.8947789715227141,40.10657730611136,13.36984273244661,0.0,0.5853938532408307,0.4991389845512067,184.89312404301666,0.2528947645283395,0.5853938532408307,1.0,0.12751249934001146,7000,1.0,7,7,DERIVED_SWAT_PROFILE_UNIFORM_ROOT_ZONE_APPROXIMATION,SWAT_HRU_AREA_X_2019_CDL_CORN_FRACTION_WEIGHTED; inactive calendar groups contribute zero living-crop structure,DATED_FSPM_MAIZE_AREA_STATE_ACROSS_EXECUTED_SWAT_CALENDARS
2019-06-05,True,True,SWAT+ mgt_out.txt PLANT and HARV/KILL events by HRU,EXECUTED_SWAT_MANAGEMENT_EVENTS,FSPM grows each distinct HRU calendar separately; field playback is weighted over the mapped maize HRU area. Daily event timing is applied to the complete day.,maize,MULTIPLE_EXECUTED_SWAT_HRU_CALENDARS,VEGETATIVE,"volumetric percent [0, 100]",m2_leaf/m2_ground,fraction,m,mm/day,mm/day,mm/day,mm/day,"fraction [0, 1]",g/plant,g/plant,degC_day,degC_day,fraction,dimensionless,kg/ha/(MJ/m2),MODEL_BASE_PARAMETER,0.5,0.4991389845512067,0.023981698140073986,ASSUMED_PARAMETER_NOT_CALIBRATED,False,seeded truncated normal; sigma=0.025,0.05,2.0,0.0,2.0,MODEL_BASE_PARAMETER,40.0,40.10657730611137,1.982589383884093,ASSUMED_PARAMETER_NOT_CALIBRATED,False,seeded truncated normal; sigma=2.0 kg/ha/(MJ/m2),10.0,90.0,10.0,90.0,DERIVED_FSPM,SIMPLIFIED_FSPM maize population,3.0-simplified-fspm,unweighted population statistics,True,SIMPLIFIED_FSPM,2.44051895571502,2.5542758702132495,0.39048697568808044,31.708249167840933,1449.9999999999998,2.44051895571502,15.373436487051615,25.99651856751161,0.044212668000000004,2.44051895571502,366.5843422666757,2.44051895571502,0.954978179603242,40.10657730611136,13.482852570323278,0.0,0.6554262622259414,0.4991389845512067,200.3141778632777,0.2784317803851693,0.6554262622259414,1.0,0.13814770887122602,7000,1.0,7,7,DERIVED_SWAT_PROFILE_UNIFORM_ROOT_ZONE_APPROXIMATION,SWAT_HRU_AREA_X_2019_CDL_CORN_FRACTION_WEIGHTED; inactive calendar groups contribute zero living-crop structure,DATED_FSPM_MAIZE_AREA_STATE_ACROSS_EXECUTED_SWAT_CALENDARS
2019-06-06,True,True,SWAT+ mgt_out.txt PLANT and HARV/KILL events by HRU,EXECUTED_SWAT_MANAGEMENT_EVENTS,FSPM grows each distinct HRU calendar separately; field playback is weighted over the mapped maize HRU area. Daily event timing is applied to the complete day.,maize,MULTIPLE_EXECUTED_SWAT_HRU_CALENDARS,VEGETATIVE,"volumetric percent [0, 100]",m2_leaf/m2_ground,fraction,m,mm/day,mm/day,mm/day,mm/day,"fraction [0, 1]",g/plant,g/plant,degC_day,degC_day,fraction,dimensionless,kg/ha/(MJ/m2),MODEL_BASE_PARAMETER,0.5,0.4991389845512067,0.023981698140073986,ASSUMED_PARAMETER_NOT_CALIBRATED,False,seeded truncated normal; sigma=0.025,0.05,2.0,0.0,2.0,MODEL_BASE_PARAMETER,40.0,40.10657730611137,1.982589383884093,ASSUMED_PARAMETER_NOT_CALIBRATED,False,seeded truncated normal; sigma=2.0 kg/ha/(MJ/m2),10.0,90.0,10.0,90.0,DERIVED_FSPM,SIMPLIFIED_FSPM maize population,3.0-simplified-fspm,unweighted population statistics,True,SIMPLIFIED_FSPM,2.464450792749228,2.5793232123786933,0.4147160286807472,31.499018203841928,1449.9999999999998,2.464450792749228,17.11740907242142,26.078827096591986,0.044212668000000004,2.464450792749228,390.48697568808035,2.464450792749228,1.0140548464117698,40.10657730611136,13.586579764706283,0.0,0.7335738494777425,0.4991389845512067,215.94582495532075,0.30587952326046075,0.7335738494777425,1.0,0.14892815514160052,7000,1.0,7,7,DERIVED_SWAT_PROFILE_UNIFORM_ROOT_ZONE_APPROXIMATION,SWAT_HRU_AREA_X_2019_CDL_CORN_FRACTION_WEIGHTED; inactive calendar groups contribute zero living-crop structure,DATED_FSPM_MAIZE_AREA_STATE_ACROSS_EXECUTED_SWAT_CALENDARS
2019-06-07,True,True,SWAT+ mgt_out.txt PLANT and HARV/KILL events by HRU,EXECUTED_SWAT_MANAGEMENT_EVENTS,FSPM grows each distinct HRU calendar separately; field playback is weighted over the mapped maize HRU area. Daily event timing is applied to the complete day.,maize,MULTIPLE_EXECUTED_SWAT_HRU_CALENDARS,VEGETATIVE,"volumetric percent [0, 100]",m2_leaf/m2_ground,fraction,m,mm/day,mm/day,mm/day,mm/day,"fraction [0, 1]",g/plant,g/plant,degC_day,degC_day,fraction,dimensionless,kg/ha/(MJ/m2),MODEL_BASE_PARAMETER,0.5,0.4991389845512067,0.023981698140073986,ASSUMED_PARAMETER_NOT_CALIBRATED,False,seeded truncated normal; sigma=0.025,0.05,2.0,0.0,2.0,MODEL_BASE_PARAMETER,40.0,40.10657730611137,1.982589383884093,ASSUMED_PARAMETER_NOT_CALIBRATED,False,seeded truncated normal; sigma=2.0 kg/ha/(MJ/m2),10.0,90.0,10.0,90.0,DERIVED_FSPM,SIMPLIFIED_FSPM maize population,3.0-simplified-fspm,unweighted population statistics,True,SIMPLIFIED_FSPM,2.4638975055914862,2.5787441363806436,0.43826250945098777,31.280385190274888,1449.9999999999998,2.4638975055914862,19.047741485250338,26.15685220353962,0.044212668000000004,2.4638975055914862,414.7160286807472,2.4638975055914862,1.069653454213812,40.10657730611136,13.678145126956425,0.0,0.8167762393983099,0.4991389845512067,231.13710287160498,0.33393624198179234,0.8167762393983099,0.999810278458358,0.15940489853214135,7000,1.0,7,7,DERIVED_SWAT_PROFILE_UNIFORM_ROOT_ZONE_APPROXIMATION,SWAT_HRU_AREA_X_2019_CDL_CORN_FRACTION_WEIGHTED; inactive calendar groups contribute zero living-crop structure,DATED_FSPM_MAIZE_AREA_STATE_ACROSS_EXECUTED_SWAT_CALENDARS
2019-06-08,True,True,SWAT+ mgt_out.txt PLANT and HARV/KILL events by HRU,EXECUTED_SWAT_MANAGEMENT_EVENTS,FSPM grows each distinct HRU calendar separately; field playback is weighted over the mapped maize HRU area. Daily event timing is applied to the complete day.,maize,MULTIPLE_EXECUTED_SWAT_HRU_CALENDARS,VEGETATIVE,"volumetric percent [0, 100]",m2_leaf/m2_ground,fraction,m,mm/day,mm/day,mm/day,mm/day,"fraction [0, 1]",g/plant,g/plant,degC_day,degC_day,fraction,dimensionless,kg/ha/(MJ/m2),MODEL_BASE_PARAMETER,0.5,0.4991389845512067,0.023981698140073986,ASSUMED_PARAMETER_NOT_CALIBRATED,False,seeded truncated normal; sigma=0.025,0.05,2.0,0.0,2.0,MODEL_BASE_PARAMETER,40.0,40.10657730611137,1.982589383884093,ASSUMED_PARAMETER_NOT_CALIBRATED,False,seeded truncated normal; sigma=2.0 kg/ha/(MJ/m2),10.0,90.0,10.0,90.0,DERIVED_FSPM,SIMPLIFIED_FSPM maize population,3.0-simplified-fspm,unweighted population statistics,True,SIMPLIFIED_FSPM,2.4874600359527963,2.6034049551222136,0.46126492171192557,31.071023977796067,1449.9999999999998,2.4874600359527963,21.17316348985438,26.240926382701858,0.044212668000000004,2.4874600359527963,438.26250945098775,2.4874600359527963,1.1222887746013108,40.10657730611136,13.751517537978707,0.0,0.9052733190193702,0.4991389845512067,245.9773688464036,0.362509332603481,0.9052733190193702,0.9958963225239967,0.16963956472165767,7000,1.0,7,7,DERIVED_SWAT_PROFILE_UNIFORM_ROOT_ZONE_APPROXIMATION,SWAT_HRU_AREA_X_2019_CDL_CORN_FRACTION_WEIGHTED; inactive calendar groups contribute zero living-crop structure,DATED_FSPM_MAIZE_AREA_STATE_ACROSS_EXECUTED_SWAT_CALENDARS
2019-06-09,True,True,SWAT+ mgt_out.txt PLANT and HARV/KILL events by HRU,EXECUTED_SWAT_MANAGEMENT_EVENTS,FSPM grows each distinct HRU calendar separately; field playback is weighted over the mapped maize HRU area. Daily event timing is applied to the complete day.,maize,MULTIPLE_EXECUTED_SWAT_HRU_CALENDARS,VEGETATIVE,"volumetric percent [0, 100]",m2_leaf/m2_ground,fraction,m,mm/day,mm/day,mm/day,mm/day,"fraction [0, 1]",g/plant,g/plant,degC_day,degC_day,fraction,dimensionless,kg/ha/(MJ/m2),MODEL_BASE_PARAMETER,0.5,0.4991389845512067,0.023981698140073986,ASSUMED_PARAMETER_NOT_CALIBRATED,False,seeded truncated normal; sigma=0.025,0.05,2.0,0.0,2.0,MODEL_BASE_PARAMETER,40.0,40.10657730611137,1.982589383884093,ASSUMED_PARAMETER_NOT_CALIBRATED,False,seeded truncated normal; sigma=2.0 kg/ha/(MJ/m2),10.0,90.0,10.0,90.0,DERIVED_FSPM,SIMPLIFIED_FSPM maize population,3.0-simplified-fspm,unweighted population statistics,True,SIMPLIFIED_FSPM,1.731438385975261,1.812143795671512,0.4761146261713112,30.908804481693338,1449.9999999999998,1.731438385975261,23.523497954307846,26.31893695913299,0.044212668000000004,1.731438385975261,461.26492171192575,1.731438385975261,1.1553991787668156,40.10657730611136,13.815749458346602,0.0,0.9663510021378463,0.4991389845512067,255.5578233363298,0.3814856018195736,0.9663510021378463,0.9890790721568626,0.1762467747147102,7000,1.0,7,7,DERIVED_SWAT_PROFILE_UNIFORM_ROOT_ZONE_APPROXIMATION,SWAT_HRU_AREA_X_2019_CDL_CORN_FRACTION_WEIGHTED; inactive calendar groups contribute zero living-crop structure,DATED_FSPM_MAIZE_AREA_STATE_ACROSS_EXECUTED_SWAT_CALENDARS
2019-06-10,True,True,SWAT+ mgt_out.txt PLANT and HARV/KILL events by HRU,EXECUTED_SWAT_MANAGEMENT_EVENTS,FSPM grows each distinct HRU calendar separately; field playback is weighted over the mapped maize HRU area. Daily event timing is applied to the complete day.,maize,MULTIPLE_EXECUTED_SWAT_HRU_CALENDARS,VEGETATIVE,"volumetric percent [0, 100]",m2_leaf/m2_ground,fraction,m,mm/day,mm/day,mm/day,mm/day,"fraction [0, 1]",g/plant,g/plant,degC_day,degC_day,fraction,dimensionless,kg/ha/(MJ/m2),MODEL_BASE_PARAMETER,0.5,0.4991389845512067,0.023981698140073986,ASSUMED_PARAMETER_NOT_CALIBRATED,False,seeded truncated normal; sigma=0.025,0.05,2.0,0.0,2.0,MODEL_BASE_PARAMETER,40.0,40.10657730611137,1.982589383884093,ASSUMED_PARAMETER_NOT_CALIBRATED,False,seeded truncated normal; sigma=2.0 kg/ha/(MJ/m2),10.0,90.0,10.0,90.0,DERIVED_FSPM,SIMPLIFIED_FSPM maize population,3.0-simplified-fspm,unweighted population statistics,True,SIMPLIFIED_FSPM,2.4340967687457757,2.547554336238765,0.49318275581507404,30.706434297832963,1449.9999999999998,2.4340967687457757,25.34733161852912,26.364726046834296,0.044212668000000004,2.4340967687457757,476.11462617131116,2.4340967687457757,1.1926638967617957,40.10657730611136,13.853334547982115,0.0,1.0402956689201215,0.4991389845512067,266.5695198806929,0.4037044223624256,1.0402956689201215,0.9813056277729114,0.18384104819358132,7000,1.0,7,7,DERIVED_SWAT_PROFILE_UNIFORM_ROOT_ZONE_APPROXIMATION,SWAT_HRU_AREA_X_2019_CDL_CORN_FRACTION_WEIGHTED; inactive calendar groups contribute zero living-crop structure,DATED_FSPM_MAIZE_AREA_STATE_ACROSS_EXECUTED_SWAT_CALENDARS
2019-06-11,True,True,SWAT+ mgt_out.txt PLANT and HARV/KILL events by HRU,EXECUTED_SWAT_MANAGEMENT_EVENTS,FSPM grows each distinct HRU calendar separately; field playback is weighted over the mapped maize HRU area. Daily event timing is applied to the complete day.,maize,MULTIPLE_EXECUTED_SWAT_HRU_CALENDARS,VEGETATIVE,"volumetric percent [0, 100]",m2_leaf/m2_ground,fraction,m,mm/day,mm/day,mm/day,mm/day,"fraction [0, 1]",g/plant,g/plant,degC_day,degC_day,fraction,dimensionless,kg/ha/(MJ/m2),MODEL_BASE_PARAMETER,0.5,0.4991389845512067,0.023981698140073986,ASSUMED_PARAMETER_NOT_CALIBRATED,False,seeded truncated normal; sigma=0.025,0.05,2.0,0.0,2.0,MODEL_BASE_PARAMETER,40.0,40.10657730611137,1.982589383884093,ASSUMED_PARAMETER_NOT_CALIBRATED,False,seeded truncated normal; sigma=2.0 kg/ha/(MJ/m2),10.0,90.0,10.0,90.0,DERIVED_FSPM,SIMPLIFIED_FSPM maize population,3.0-simplified-fspm,unweighted population statistics,True,SIMPLIFIED_FSPM,1.7031269388024521,1.7825127112874017,0.5086609970028789,30.60611421853312,1449.9999999999998,1.7031269388024521,27.993008282387493,26.41456455611775,0.044212668000000004,1.7031269388024521,493.182755815074,1.7031269388024521,1.2257224032295384,40.10657730611136,13.894382575751102,0.0,1.110917665463609,0.4991389845512067,276.55548193734126,0.42416285309776547,1.110917665463609,0.9758591887464252,0.19072791857747676,7000,1.0,7,7,DERIVED_SWAT_PROFILE_UNIFORM_ROOT_ZONE_APPROXIMATION,SWAT_HRU_AREA_X_2019_CDL_CORN_FRACTION_WEIGHTED; inactive calendar groups contribute zero living-crop structure,DATED_FSPM_MAIZE_AREA_STATE_ACROSS_EXECUTED_SWAT_CALENDARS
2019-06-12,True,True,SWAT+ mgt_out.txt PLANT and HARV/KILL events by HRU,EXECUTED_SWAT_MANAGEMENT_EVENTS,FSPM grows each distinct HRU calendar separately; field playback is weighted over the mapped maize HRU area. Daily event timing is applied to the complete day.,maize,MULTIPLE_EXECUTED_SWAT_HRU_CALENDARS,VEGETATIVE,"volumetric percent [0, 100]",m2_leaf/m2_ground,fraction,m,mm/day,mm/day,mm/day,mm/day,"fraction [0, 1]",g/plant,g/plant,degC_day,degC_day,fraction,dimensionless,kg/ha/(MJ/m2),MODEL_BASE_PARAMETER,0.5,0.4991389845512067,0.023981698140073986,ASSUMED_PARAMETER_NOT_CALIBRATED,False,seeded truncated normal; sigma=0.025,0.05,2.0,0.0,2.0,MODEL_BASE_PARAMETER,40.0,40.10657730611137,1.982589383884093,ASSUMED_PARAMETER_NOT_CALIBRATED,False,seeded truncated normal; sigma=2.0 kg/ha/(MJ/m2),10.0,90.0,10.0,90.0,DERIVED_FSPM,SIMPLIFIED_FSPM maize population,3.0-simplified-fspm,unweighted population statistics,True,SIMPLIFIED_FSPM,1.8653599618376309,1.952307700286324,0.5189127956975838,30.548616958618446,1449.9999999999998,1.8653599618376309,29.952520871705772,26.456454472237773,0.044212668000000004,1.8653599618376309,508.66099700287907,1.8653599618376309,1.2472375529582085,40.10657730611136,13.927605901194655,0.0,1.159574978399084,0.4991389845512067,283.1695456113443,0.4378359524753536,1.159574978399084,0.9718696163173012,0.1952893418009271,7000,1.0,7,7,DERIVED_SWAT_PROFILE_UNIFORM_ROOT_ZONE_APPROXIMATION,SWAT_HRU_AREA_X_2019_CDL_CORN_FRACTION_WEIGHTED; inactive calendar groups contribute zero living-crop structure,DATED_FSPM_MAIZE_AREA_STATE_ACROSS_EXECUTED_SWAT_CALENDARS
2019-06-13,True,True,SWAT+ mgt_out.txt PLANT and HARV/KILL events by HRU,EXECUTED_SWAT_MANAGEMENT_EVENTS,FSPM grows each distinct HRU calendar separately; field playback is weighted over the mapped maize HRU area. Daily event timing is applied to the complete day.,maize,MULTIPLE_EXECUTED_SWAT_HRU_CALENDARS,VEGETATIVE,"volumetric percent [0, 100]",m2_leaf/m2_ground,fraction,m,mm/day,mm/day,mm/day,mm/day,"fraction [0, 1]",g/plant,g/plant,degC_day,degC_day,fraction,dimensionless,kg/ha/(MJ/m2),MODEL_BASE_PARAMETER,0.5,0.4991389845512067,0.023981698140073986,ASSUMED_PARAMETER_NOT_CALIBRATED,False,seeded truncated normal; sigma=0.025,0.05,2.0,0.0,2.0,MODEL_BASE_PARAMETER,40.0,40.10657730611137,1.982589383884093,ASSUMED_PARAMETER_NOT_CALIBRATED,False,seeded truncated normal; sigma=2.0 kg/ha/(MJ/m2),10.0,90.0,10.0,90.0,DERIVED_FSPM,SIMPLIFIED_FSPM maize population,3.0-simplified-fspm,unweighted population statistics,True,SIMPLIFIED_FSPM,2.231421567341426,2.3354320853036254,0.5332246187916001,30.353834902070417,1449.9999999999998,2.231421567341426,32.51160613470847,26.481275110974444,0.044212668000000004,2.231421567341426,518.9127956975836,2.231421567341426,1.2767874473403569,40.10657730611136,13.936309588923848,0.0,1.2299325363245994,0.4991389845512067,292.4029798655485,0.45703108697818184,1.2299325363245994,0.9651920251717847,0.2016572274934817,7000,1.0,7,7,DERIVED_SWAT_PROFILE_UNIFORM_ROOT_ZONE_APPROXIMATION,SWAT_HRU_AREA_X_2019_CDL_CORN_FRACTION_WEIGHTED; inactive calendar groups contribute zero living-crop structure,DATED_FSPM_MAIZE_AREA_STATE_ACROSS_EXECUTED_SWAT_CALENDARS
2019-06-14,True,True,SWAT+ mgt_out.txt PLANT and HARV/KILL events by HRU,EXECUTED_SWAT_MANAGEMENT_EVENTS,FSPM grows each distinct HRU calendar separately; field playback is weighted over the mapped maize HRU area. Daily event timing is applied to the complete day.,maize,MULTIPLE_EXECUTED_SWAT_HRU_CALENDARS,VEGETATIVE,"volumetric percent [0, 100]",m2_leaf/m2_ground,fraction,m,mm/day,mm/day,mm/day,mm/day,"fraction [0, 1]",g/plant,g/plant,degC_day,degC_day,fraction,dimensionless,kg/ha/(MJ/m2),MODEL_BASE_PARAMETER,0.5,0.4991389845512067,0.023981698140073986,ASSUMED_PARAMETER_NOT_CALIBRATED,False,seeded truncated normal; sigma=0.025,0.05,2.0,0.0,2.0,MODEL_BASE_PARAMETER,40.0,40.10657730611137,1.982589383884093,ASSUMED_PARAMETER_NOT_CALIBRATED,False,seeded truncated normal; sigma=2.0 kg/ha/(MJ/m2),10.0,90.0,10.0,90.0,DERIVED_FSPM,SIMPLIFIED_FSPM maize population,3.0-simplified-fspm,unweighted population statistics,True,SIMPLIFIED_FSPM,1.733007754554339,1.813786317712661,0.550923042268912,30.22095094721655,1449.9999999999998,1.733007754554339,35.519723949481715,26.513504684503513,0.044212668000000004,1.733007754554339,533.2246187916002,1.733007754554339,1.312556766480311,40.10657730611136,13.942071174206442,0.0,1.3208250969337474,0.4991389845512067,303.82131759284636,0.4808515027569077,1.3208250969337474,0.9599656685475889,0.2095319431674803,7000,1.0,7,7,DERIVED_SWAT_PROFILE_UNIFORM_ROOT_ZONE_APPROXIMATION,SWAT_HRU_AREA_X_2019_CDL_CORN_FRACTION_WEIGHTED; inactive calendar groups contribute zero living-crop structure,DATED_FSPM_MAIZE_AREA_STATE_ACROSS_EXECUTED_SWAT_CALENDARS
2019-06-15,True,True,SWAT+ mgt_out.txt PLANT and HARV/KILL events by HRU,EXECUTED_SWAT_MANAGEMENT_EVENTS,FSPM grows each distinct HRU calendar separately; field playback is weighted over the mapped maize HRU area. Daily event timing is applied to the complete day.,maize,MULTIPLE_EXECUTED_SWAT_HRU_CALENDARS,VEGETATIVE,"volumetric percent [0, 100]",m2_leaf/m2_ground,fraction,m,mm/day,mm/day,mm/day,mm/day,"fraction [0, 1]",g/plant,g/plant,degC_day,degC_day,fraction,dimensionless,kg/ha/(MJ/m2),MODEL_BASE_PARAMETER,0.5,0.4991389845512067,0.023981698140073986,ASSUMED_PARAMETER_NOT_CALIBRATED,False,seeded truncated normal; sigma=0.025,0.05,2.0,0.0,2.0,MODEL_BASE_PARAMETER,40.0,40.10657730611137,1.982589383884093,ASSUMED_PARAMETER_NOT_CALIBRATED,False,seeded truncated normal; sigma=2.0 kg/ha/(MJ/m2),10.0,90.0,10.0,90.0,DERIVED_FSPM,SIMPLIFIED_FSPM maize population,3.0-simplified-fspm,unweighted population statistics,True,SIMPLIFIED_FSPM,1.8928455195626375,1.9810744077788485,0.5718963011923691,31.033772349434134,1449.9999999999998,1.8928455195626375,37.693203002120285,26.54968102795706,0.044212668000000004,1.8928455195626375,550.9230422689119,1.8928455195626375,1.3538646892109103,40.10657730611136,13.943356770007965,0.0,1.4339467170698987,0.4991389845512067,317.3524523821737,0.5090329399141552,1.4339467170698987,0.9811702382292513,0.2188637602635681,7000,1.0,7,7,DERIVED_SWAT_PROFILE_UNIFORM_ROOT_ZONE_APPROXIMATION,SWAT_HRU_AREA_X_2019_CDL_CORN_FRACTION_WEIGHTED; inactive calendar groups contribute zero living-crop structure,DATED_FSPM_MAIZE_AREA_STATE_ACROSS_EXECUTED_SWAT_CALENDARS
2019-06-16,True,True,SWAT+ mgt_out.txt PLANT and HARV/KILL events by HRU,EXECUTED_SWAT_MANAGEMENT_EVENTS,FSPM grows each distinct HRU calendar separately; field playback is weighted over the mapped maize HRU area. Daily event timing is applied to the complete day.,maize,MULTIPLE_EXECUTED_SWAT_HRU_CALENDARS,VEGETATIVE,"volumetric percent [0, 100]",m2_leaf/m2_ground,fraction,m,mm/day,mm/day,mm/day,mm/day,"fraction [0, 1]",g/plant,g/plant,degC_day,degC_day,fraction,dimensionless,kg/ha/(MJ/m2),MODEL_BASE_PARAMETER,0.5,0.4991389845512067,0.023981698140073986,ASSUMED_PARAMETER_NOT_CALIBRATED,False,seeded truncated normal; sigma=0.025,0.05,2.0,0.0,2.0,MODEL_BASE_PARAMETER,40.0,40.10657730611137,1.982589383884093,ASSUMED_PARAMETER_NOT_CALIBRATED,False,seeded truncated normal; sigma=2.0 kg/ha/(MJ/m2),10.0,90.0,10.0,90.0,DERIVED_FSPM,SIMPLIFIED_FSPM maize population,3.0-simplified-fspm,unweighted population statistics,True,SIMPLIFIED_FSPM,2.208152425797734,2.311078330768808,0.5892368815711224,31.80104265941392,1449.9999999999998,2.208152425797734,40.128470989270305,26.589396861156125,0.044212668000000004,2.208152425797734,571.8963011923692,2.208152425797734,1.3871521671489346,40.10657730611136,13.94303683126613,0.0,1.5317383769039266,0.4991389845512067,328.5399235942724,0.5321490172367784,1.5317383769039266,0.9962618448667379,0.22657925765122244,7000,1.0,7,7,DERIVED_SWAT_PROFILE_UNIFORM_ROOT_ZONE_APPROXIMATION,SWAT_HRU_AREA_X_2019_CDL_CORN_FRACTION_WEIGHTED; inactive calendar groups contribute zero living-crop structure,DATED_FSPM_MAIZE_AREA_STATE_ACROSS_EXECUTED_SWAT_CALENDARS
2019-06-17,True,True,SWAT+ mgt_out.txt PLANT and HARV/KILL events by HRU,EXECUTED_SWAT_MANAGEMENT_EVENTS,FSPM grows each distinct HRU calendar separately; field playback is weighted over the mapped maize HRU area. Daily event timing is applied to the complete day.,maize,MULTIPLE_EXECUTED_SWAT_HRU_CALENDARS,VEGETATIVE,"volumetric percent [0, 100]",m2_leaf/m2_ground,fraction,m,mm/day,mm/day,mm/day,mm/day,"fraction [0, 1]",g/plant,g/plant,degC_day,degC_day,fraction,dimensionless,kg/ha/(MJ/m2),MODEL_BASE_PARAMETER,0.5,0.4991389845512067,0.023981698140073986,ASSUMED_PARAMETER_NOT_CALIBRATED,False,seeded truncated normal; sigma=0.025,0.05,2.0,0.0,2.0,MODEL_BASE_PARAMETER,40.0,40.10657730611137,1.982589383884093,ASSUMED_PARAMETER_NOT_CALIBRATED,False,seeded truncated normal; sigma=2.0 kg/ha/(MJ/m2),10.0,90.0,10.0,90.0,DERIVED_FSPM,SIMPLIFIED_FSPM maize population,3.0-simplified-fspm,unweighted population statistics,True,SIMPLIFIED_FSPM,1.955481965446269,2.04663044747282,0.6073931725882187,31.89030508170643,1449.9999999999998,1.955481965446269,43.39256501852929,26.620417896985234,0.044212668000000004,1.955481965446269,589.2368815711222,1.955481965446269,1.4211757265068172,40.10657730611136,13.937567329073662,0.0,1.6380786689442894,0.4991389845512067,340.25365973433475,0.5560277110497217,1.6380786689442894,0.9950933568085626,0.23465769636850667,7000,1.0,7,7,DERIVED_SWAT_PROFILE_UNIFORM_ROOT_ZONE_APPROXIMATION,SWAT_HRU_AREA_X_2019_CDL_CORN_FRACTION_WEIGHTED; inactive calendar groups contribute zero living-crop structure,DATED_FSPM_MAIZE_AREA_STATE_ACROSS_EXECUTED_SWAT_CALENDARS
2019-06-18,True,True,SWAT+ mgt_out.txt PLANT and HARV/KILL events by HRU,EXECUTED_SWAT_MANAGEMENT_EVENTS,FSPM grows each distinct HRU calendar separately; field playback is weighted over the mapped maize HRU area. Daily event timing is applied to the complete day.,maize,MULTIPLE_EXECUTED_SWAT_HRU_CALENDARS,VEGETATIVE,"volumetric percent [0, 100]",m2_leaf/m2_ground,fraction,m,mm/day,mm/day,mm/day,mm/day,"fraction [0, 1]",g/plant,g/plant,degC_day,degC_day,fraction,dimensionless,kg/ha/(MJ/m2),MODEL_BASE_PARAMETER,0.5,0.4991389845512067,0.023981698140073986,ASSUMED_PARAMETER_NOT_CALIBRATED,False,seeded truncated normal; sigma=0.025,0.05,2.0,0.0,2.0,MODEL_BASE_PARAMETER,40.0,40.10657730611137,1.982589383884093,ASSUMED_PARAMETER_NOT_CALIBRATED,False,seeded truncated normal; sigma=2.0 kg/ha/(MJ/m2),10.0,90.0,10.0,90.0,DERIVED_FSPM,SIMPLIFIED_FSPM maize population,3.0-simplified-fspm,unweighted population statistics,True,SIMPLIFIED_FSPM,1.2170287968832452,1.2737566719636977,0.6236494695412208,32.186960914414534,1449.9999999999998,1.2170287968832452,46.29408924393267,26.6509716169926,0.044212668000000004,1.2170287968832452,607.3931725882187,1.2170287968832452,1.4509349411454708,40.10657730611136,13.930980220668006,0.0,1.7364748486213673,0.4991389845512067,350.74159325240055,0.5770133322781212,1.7364748486213673,0.9973335904918429,0.24189075396717283,7000,1.0,7,7,DERIVED_SWAT_PROFILE_UNIFORM_ROOT_ZONE_APPROXIMATION,SWAT_HRU_AREA_X_2019_CDL_CORN_FRACTION_WEIGHTED; inactive calendar groups contribute zero living-crop structure,DATED_FSPM_MAIZE_AREA_STATE_ACROSS_EXECUTED_SWAT_CALENDARS
2019-06-19,True,True,SWAT+ mgt_out.txt PLANT and HARV/KILL events by HRU,EXECUTED_SWAT_MANAGEMENT_EVENTS,FSPM grows each distinct HRU calendar separately; field playback is weighted over the mapped maize HRU area. Daily event timing is applied to the complete day.,maize,MULTIPLE_EXECUTED_SWAT_HRU_CALENDARS,VEGETATIVE,"volumetric percent [0, 100]",m2_leaf/m2_ground,fraction,m,mm/day,mm/day,mm/day,mm/day,"fraction [0, 1]",g/plant,g/plant,degC_day,degC_day,fraction,dimensionless,kg/ha/(MJ/m2),MODEL_BASE_PARAMETER,0.5,0.4991389845512067,0.023981698140073986,ASSUMED_PARAMETER_NOT_CALIBRATED,False,seeded truncated normal; sigma=0.025,0.05,2.0,0.0,2.0,MODEL_BASE_PARAMETER,40.0,40.10657730611137,1.982589383884093,ASSUMED_PARAMETER_NOT_CALIBRATED,False,seeded truncated normal; sigma=2.0 kg/ha/(MJ/m2),10.0,90.0,10.0,90.0,DERIVED_FSPM,SIMPLIFIED_FSPM maize population,3.0-simplified-fspm,unweighted population statistics,True,SIMPLIFIED_FSPM,1.6787645667219757,1.7570147548163326,0.6396590703224648,32.234853370104865,1449.9999999999998,1.6787645667219757,47.968385160282565,26.676725818365366,0.044212668000000004,1.6787645667219757,623.649469541221,1.6787645667219757,1.4796237255864724,40.10657730611136,13.925480003469847,0.0,1.8359899688327845,0.4991389845512067,361.07036794997737,0.5972346548987801,1.8359899688327845,0.9985747204008222,0.24901404686205336,7000,1.0,7,7,DERIVED_SWAT_PROFILE_UNIFORM_ROOT_ZONE_APPROXIMATION,SWAT_HRU_AREA_X_2019_CDL_CORN_FRACTION_WEIGHTED; inactive calendar groups contribute zero living-crop structure,DATED_FSPM_MAIZE_AREA_STATE_ACROSS_EXECUTED_SWAT_CALENDARS
2019-06-20,True,True,SWAT+ mgt_out.txt PLANT and HARV/KILL events by HRU,EXECUTED_SWAT_MANAGEMENT_EVENTS,FSPM grows each distinct HRU calendar separately; field playback is weighted over the mapped maize HRU area. Daily event timing is applied to the complete day.,maize,MULTIPLE_EXECUTED_SWAT_HRU_CALENDARS,VEGETATIVE,"volumetric percent [0, 100]",m2_leaf/m2_ground,fraction,m,mm/day,mm/day,mm/day,mm/day,"fraction [0, 1]",g/plant,g/plant,degC_day,degC_day,fraction,dimensionless,kg/ha/(MJ/m2),MODEL_BASE_PARAMETER,0.5,0.4991389845512067,0.023981698140073986,ASSUMED_PARAMETER_NOT_CALIBRATED,False,seeded truncated normal; sigma=0.025,0.05,2.0,0.0,2.0,MODEL_BASE_PARAMETER,40.0,40.10657730611137,1.982589383884093,ASSUMED_PARAMETER_NOT_CALIBRATED,False,seeded truncated normal; sigma=2.0 kg/ha/(MJ/m2),10.0,90.0,10.0,90.0,DERIVED_FSPM,SIMPLIFIED_FSPM maize population,3.0-simplified-fspm,unweighted population statistics,True,SIMPLIFIED_FSPM,1.9559773042455353,2.0471488705820358,0.6578530979464544,32.09191405213451,1449.9999999999998,1.9559773042455353,50.64579147841853,26.700924780101488,0.044212668000000004,1.9559773042455353,639.6590703224648,1.9559773042455353,1.5114828653648253,40.10657730611136,13.920222640516377,0.0,1.9519489782639974,0.4991389845512067,372.8084502880351,0.6195670591291873,1.9519489782639974,0.997338883750714,0.25710927606071377,7000,1.0,7,7,DERIVED_SWAT_PROFILE_UNIFORM_ROOT_ZONE_APPROXIMATION,SWAT_HRU_AREA_X_2019_CDL_CORN_FRACTION_WEIGHTED; inactive calendar groups contribute zero living-crop structure,DATED_FSPM_MAIZE_AREA_STATE_ACROSS_EXECUTED_SWAT_CALENDARS
2019-06-21,True,True,SWAT+ mgt_out.txt PLANT and HARV/KILL events by HRU,EXECUTED_SWAT_MANAGEMENT_EVENTS,FSPM grows each distinct HRU calendar separately; field playback is weighted over the mapped maize HRU area. Daily event timing is applied to the complete day.,maize,MULTIPLE_EXECUTED_SWAT_HRU_CALENDARS,VEGETATIVE,"volumetric percent [0, 100]",m2_leaf/m2_ground,fraction,m,mm/day,mm/day,mm/day,mm/day,"fraction [0, 1]",g/plant,g/plant,degC_day,degC_day,fraction,dimensionless,kg/ha/(MJ/m2),MODEL_BASE_PARAMETER,0.5,0.4991389845512067,0.023981698140073986,ASSUMED_PARAMETER_NOT_CALIBRATED,False,seeded truncated normal; sigma=0.025,0.05,2.0,0.0,2.0,MODEL_BASE_PARAMETER,40.0,40.10657730611137,1.982589383884093,ASSUMED_PARAMETER_NOT_CALIBRATED,False,seeded truncated normal; sigma=2.0 kg/ha/(MJ/m2),10.0,90.0,10.0,90.0,DERIVED_FSPM,SIMPLIFIED_FSPM maize population,3.0-simplified-fspm,unweighted population statistics,True,SIMPLIFIED_FSPM,1.5707382083241754,1.6439531082026742,0.6718037050442339,32.29800043566833,1449.9999999999998,1.5707382083241754,53.87691525482738,26.72696060995396,0.044212668000000004,1.5707382083241754,657.8530979464543,1.5707382083241754,1.5353882297875274,40.10657730611136,13.914615355926781,0.0,2.0426525384325984,0.4991389845512067,381.808841964022,0.6361620428788852,2.0426525384325984,0.9986131661757804,0.2633164427338082,7000,1.0,7,7,DERIVED_SWAT_PROFILE_UNIFORM_ROOT_ZONE_APPROXIMATION,SWAT_HRU_AREA_X_2019_CDL_CORN_FRACTION_WEIGHTED; inactive calendar groups contribute zero living-crop structure,DATED_FSPM_MAIZE_AREA_STATE_ACROSS_EXECUTED_SWAT_CALENDARS
2019-06-22,True,True,SWAT+ mgt_out.txt PLANT and HARV/KILL events by HRU,EXECUTED_SWAT_MANAGEMENT_EVENTS,FSPM grows each distinct HRU calendar separately; field playback is weighted over the mapped maize HRU area. Daily event timing is applied to the complete day.,maize,MULTIPLE_EXECUTED_SWAT_HRU_CALENDARS,VEGETATIVE,"volumetric percent [0, 100]",m2_leaf/m2_ground,fraction,m,mm/day,mm/day,mm/day,mm/day,"fraction [0, 1]",g/plant,g/plant,degC_day,degC_day,fraction,dimensionless,kg/ha/(MJ/m2),MODEL_BASE_PARAMETER,0.5,0.4991389845512067,0.023981698140073986,ASSUMED_PARAMETER_NOT_CALIBRATED,False,seeded truncated normal; sigma=0.025,0.05,2.0,0.0,2.0,MODEL_BASE_PARAMETER,40.0,40.10657730611137,1.982589383884093,ASSUMED_PARAMETER_NOT_CALIBRATED,False,seeded truncated normal; sigma=2.0 kg/ha/(MJ/m2),10.0,90.0,10.0,90.0,DERIVED_FSPM,SIMPLIFIED_FSPM maize population,3.0-simplified-fspm,unweighted population statistics,True,SIMPLIFIED_FSPM,2.0491100603732995,2.144622713692565,0.6892368550798631,32.66747808161914,1449.9999999999998,2.0491100603732995,56.616418698454666,26.745962751827175,0.044212668000000004,2.0491100603732995,671.8037050442339,2.0491100603732995,1.5646468450252828,40.10657730611136,13.910515733106067,0.0,2.1578882365813796,0.4991389845512067,393.06192590541923,0.6561899302742923,2.1578882365813796,1.0,0.2710771902795994,7000,1.0,7,7,DERIVED_SWAT_PROFILE_UNIFORM_ROOT_ZONE_APPROXIMATION,SWAT_HRU_AREA_X_2019_CDL_CORN_FRACTION_WEIGHTED; inactive calendar groups contribute zero living-crop structure,DATED_FSPM_MAIZE_AREA_STATE_ACROSS_EXECUTED_SWAT_CALENDARS
2019-06-23,True,True,SWAT+ mgt_out.txt PLANT and HARV/KILL events by HRU,EXECUTED_SWAT_MANAGEMENT_EVENTS,FSPM grows each distinct HRU calendar separately; field playback is weighted over the mapped maize HRU area. Daily event timing is applied to the complete day.,maize,MULTIPLE_EXECUTED_SWAT_HRU_CALENDARS,VEGETATIVE,"volumetric percent [0, 100]",m2_leaf/m2_ground,fraction,m,mm/day,mm/day,mm/day,mm/day,"fraction [0, 1]",g/plant,g/plant,degC_day,degC_day,fraction,dimensionless,kg/ha/(MJ/m2),MODEL_BASE_PARAMETER,0.5,0.4991389845512067,0.023981698140073986,ASSUMED_PARAMETER_NOT_CALIBRATED,False,seeded truncated normal; sigma=0.025,0.05,2.0,0.0,2.0,MODEL_BASE_PARAMETER,40.0,40.10657730611137,1.982589383884093,ASSUMED_PARAMETER_NOT_CALIBRATED,False,seeded truncated normal; sigma=2.0 kg/ha/(MJ/m2),10.0,90.0,10.0,90.0,DERIVED_FSPM,SIMPLIFIED_FSPM maize population,3.0-simplified-fspm,unweighted population statistics,True,SIMPLIFIED_FSPM,1.6533291014766405,1.7303936995764175,0.7083496006728505,32.73204765195335,1449.9999999999998,1.6533291014766405,60.28702784650511,26.7685610030145,0.044212668000000004,1.6533291014766405,689.2368550798631,1.6533291014766405,1.5959599636017834,40.10657730611136,13.905685340999632,0.0,2.2860744182394916,0.4991389845512067,405.4045073141947,0.6771718129374699,2.2860744182394916,1.0,0.2795893153890998,7000,1.0,7,7,DERIVED_SWAT_PROFILE_UNIFORM_ROOT_ZONE_APPROXIMATION,SWAT_HRU_AREA_X_2019_CDL_CORN_FRACTION_WEIGHTED; inactive calendar groups contribute zero living-crop structure,DATED_FSPM_MAIZE_AREA_STATE_ACROSS_EXECUTED_SWAT_CALENDARS
2019-06-24,True,True,SWAT+ mgt_out.txt PLANT and HARV/KILL events by HRU,EXECUTED_SWAT_MANAGEMENT_EVENTS,FSPM grows each distinct HRU calendar separately; field playback is weighted over the mapped maize HRU area. Daily event timing is applied to the complete day.,maize,MULTIPLE_EXECUTED_SWAT_HRU_CALENDARS,VEGETATIVE,"volumetric percent [0, 100]",m2_leaf/m2_ground,fraction,m,mm/day,mm/day,mm/day,mm/day,"fraction [0, 1]",g/plant,g/plant,degC_day,degC_day,fraction,dimensionless,kg/ha/(MJ/m2),MODEL_BASE_PARAMETER,0.5,0.4991389845512067,0.023981698140073986,ASSUMED_PARAMETER_NOT_CALIBRATED,False,seeded truncated normal; sigma=0.025,0.05,2.0,0.0,2.0,MODEL_BASE_PARAMETER,40.0,40.10657730611137,1.982589383884093,ASSUMED_PARAMETER_NOT_CALIBRATED,False,seeded truncated normal; sigma=2.0 kg/ha/(MJ/m2),10.0,90.0,10.0,90.0,DERIVED_FSPM,SIMPLIFIED_FSPM maize population,3.0-simplified-fspm,unweighted population statistics,True,SIMPLIFIED_FSPM,1.9758257233536718,2.067922467167837,0.7262290759398446,32.59558175392888,1449.9999999999998,1.9758257233536718,63.09737909705055,26.79206622972482,0.044212668000000004,1.9758257233536718,708.3496006728506,1.9758257233536718,1.62453686431643,40.10657730611136,13.900657734603453,0.0,2.407143084034233,0.4991389845512067,416.95148516629934,0.6958121858139068,2.407143084034233,0.9995938120297887,0.28755274839055134,7000,1.0,7,7,DERIVED_SWAT_PROFILE_UNIFORM_ROOT_ZONE_APPROXIMATION,SWAT_HRU_AREA_X_2019_CDL_CORN_FRACTION_WEIGHTED; inactive calendar groups contribute zero living-crop structure,DATED_FSPM_MAIZE_AREA_STATE_ACROSS_EXECUTED_SWAT_CALENDARS
2019-06-25,True,True,SWAT+ mgt_out.txt PLANT and HARV/KILL events by HRU,EXECUTED_SWAT_MANAGEMENT_EVENTS,FSPM grows each distinct HRU calendar separately; field playback is weighted over the mapped maize HRU area. Daily event timing is applied to the complete day.,maize,MULTIPLE_EXECUTED_SWAT_HRU_CALENDARS,VEGETATIVE,"volumetric percent [0, 100]",m2_leaf/m2_ground,fraction,m,mm/day,mm/day,mm/day,mm/day,"fraction [0, 1]",g/plant,g/plant,degC_day,degC_day,fraction,dimensionless,kg/ha/(MJ/m2),MODEL_BASE_PARAMETER,0.5,0.4991389845512067,0.023981698140073986,ASSUMED_PARAMETER_NOT_CALIBRATED,False,seeded truncated normal; sigma=0.025,0.05,2.0,0.0,2.0,MODEL_BASE_PARAMETER,40.0,40.10657730611137,1.982589383884093,ASSUMED_PARAMETER_NOT_CALIBRATED,False,seeded truncated normal; sigma=2.0 kg/ha/(MJ/m2),10.0,90.0,10.0,90.0,DERIVED_FSPM,SIMPLIFIED_FSPM maize population,3.0-simplified-fspm,unweighted population statistics,True,SIMPLIFIED_FSPM,2.3536935890780377,2.46340342629306,0.747375625123769,32.36499446140955,1449.9999999999998,2.3536935890780377,66.79187434048029,26.812955279876526,0.044212668000000004,2.3536935890780377,726.2290759398446,2.3536935890780377,1.657461169069257,40.10657730611136,13.896189843052424,0.0,2.5510203525435813,0.4991389845512067,430.6094698291504,0.7165664137829552,2.5510203525435813,0.9978060834942287,0.2969720481580347,7000,1.0,7,7,DERIVED_SWAT_PROFILE_UNIFORM_ROOT_ZONE_APPROXIMATION,SWAT_HRU_AREA_X_2019_CDL_CORN_FRACTION_WEIGHTED; inactive calendar groups contribute zero living-crop structure,DATED_FSPM_MAIZE_AREA_STATE_ACROSS_EXECUTED_SWAT_CALENDARS
2019-06-26,True,True,SWAT+ mgt_out.txt PLANT and HARV/KILL events by HRU,EXECUTED_SWAT_MANAGEMENT_EVENTS,FSPM grows each distinct HRU calendar separately; field playback is weighted over the mapped maize HRU area. Daily event timing is applied to the complete day.,maize,MULTIPLE_EXECUTED_SWAT_HRU_CALENDARS,VEGETATIVE,"volumetric percent [0, 100]",m2_leaf/m2_ground,fraction,m,mm/day,mm/day,mm/day,mm/day,"fraction [0, 1]",g/plant,g/plant,degC_day,degC_day,fraction,dimensionless,kg/ha/(MJ/m2),MODEL_BASE_PARAMETER,0.5,0.4991389845512067,0.023981698140073986,ASSUMED_PARAMETER_NOT_CALIBRATED,False,seeded truncated normal; sigma=0.025,0.05,2.0,0.0,2.0,MODEL_BASE_PARAMETER,40.0,40.10657730611137,1.982589383884093,ASSUMED_PARAMETER_NOT_CALIBRATED,False,seeded truncated normal; sigma=2.0 kg/ha/(MJ/m2),10.0,90.0,10.0,90.0,DERIVED_FSPM,SIMPLIFIED_FSPM maize population,3.0-simplified-fspm,unweighted population statistics,True,SIMPLIFIED_FSPM,2.3976136036335367,2.5093706216485914,0.7704051256578609,32.1221803095636,1449.9999999999998,2.3976136036335367,71.2539820595369,26.836360420896565,0.044212668000000004,2.3976136036335367,747.375625123769,2.3976136036335367,1.6922947628152536,40.10657730611136,13.891183211116196,0.0,2.707629730513328,0.4991389845512067,445.4941215598787,0.7375565249995227,2.707629730513328,0.9938221358665524,0.30723732521370944,7000,1.0,7,7,DERIVED_SWAT_PROFILE_UNIFORM_ROOT_ZONE_APPROXIMATION,SWAT_HRU_AREA_X_2019_CDL_CORN_FRACTION_WEIGHTED; inactive calendar groups contribute zero living-crop structure,DATED_FSPM_MAIZE_AREA_STATE_ACROSS_EXECUTED_SWAT_CALENDARS
2019-06-27,True,True,SWAT+ mgt_out.txt PLANT and HARV/KILL events by HRU,EXECUTED_SWAT_MANAGEMENT_EVENTS,FSPM grows each distinct HRU calendar separately; field playback is weighted over the mapped maize HRU area. Daily event timing is applied to the complete day.,maize,MULTIPLE_EXECUTED_SWAT_HRU_CALENDARS,VEGETATIVE,"volumetric percent [0, 100]",m2_leaf/m2_ground,fraction,m,mm/day,mm/day,mm/day,mm/day,"fraction [0, 1]",g/plant,g/plant,degC_day,degC_day,fraction,dimensionless,kg/ha/(MJ/m2),MODEL_BASE_PARAMETER,0.5,0.4991389845512067,0.023981698140073986,ASSUMED_PARAMETER_NOT_CALIBRATED,False,seeded truncated normal; sigma=0.025,0.05,2.0,0.0,2.0,MODEL_BASE_PARAMETER,40.0,40.10657730611137,1.982589383884093,ASSUMED_PARAMETER_NOT_CALIBRATED,False,seeded truncated normal; sigma=2.0 kg/ha/(MJ/m2),10.0,90.0,10.0,90.0,DERIVED_FSPM,SIMPLIFIED_FSPM maize population,3.0-simplified-fspm,unweighted population statistics,True,SIMPLIFIED_FSPM,2.0893640497699404,2.186753012312454,0.7953535602985482,31.919489471394034,1449.9999999999998,2.0893640497699404,75.82646066738795,26.860416122589648,0.044212668000000004,2.0893640497699404,770.4051256578609,2.0893640497699404,1.7288458895490866,40.10657730611136,13.886013974382015,0.0,2.8758143562708005,0.4991389845512067,461.6266909037251,0.7583698966626251,2.8758143562708005,0.9872056728437122,0.31836323510601733,7000,1.0,7,7,DERIVED_SWAT_PROFILE_UNIFORM_ROOT_ZONE_APPROXIMATION,SWAT_HRU_AREA_X_2019_CDL_CORN_FRACTION_WEIGHTED; inactive calendar groups contribute zero living-crop structure,DATED_FSPM_MAIZE_AREA_STATE_ACROSS_EXECUTED_SWAT_CALENDARS
2019-06-28,True,True,SWAT+ mgt_out.txt PLANT and HARV/KILL events by HRU,EXECUTED_SWAT_MANAGEMENT_EVENTS,FSPM grows each distinct HRU calendar separately; field playback is weighted over the mapped maize HRU area. Daily event timing is applied to the complete day.,maize,MULTIPLE_EXECUTED_SWAT_HRU_CALENDARS,VEGETATIVE,"volumetric percent [0, 100]",m2_leaf/m2_ground,fraction,m,mm/day,mm/day,mm/day,mm/day,"fraction [0, 1]",g/plant,g/plant,degC_day,degC_day,fraction,dimensionless,kg/ha/(MJ/m2),MODEL_BASE_PARAMETER,0.5,0.4991389845512067,0.023981698140073986,ASSUMED_PARAMETER_NOT_CALIBRATED,False,seeded truncated normal; sigma=0.025,0.05,2.0,0.0,2.0,MODEL_BASE_PARAMETER,40.0,40.10657730611137,1.982589383884093,ASSUMED_PARAMETER_NOT_CALIBRATED,False,seeded truncated normal; sigma=2.0 kg/ha/(MJ/m2),10.0,90.0,10.0,90.0,DERIVED_FSPM,SIMPLIFIED_FSPM maize population,3.0-simplified-fspm,unweighted population statistics,True,SIMPLIFIED_FSPM,2.2705847802507724,2.376420761068946,0.8201479361882588,31.8422424893121,1449.9999999999998,2.2705847802507724,79.7051839153183,26.884882347095374,0.044212668000000004,2.2705847802507724,795.3535602985479,2.2705847802507724,1.7640287394701684,40.10657730611136,13.880790266111314,0.0,3.040210189674445,0.4991389845512067,477.67852520616054,0.7771407550905153,3.040210189674445,0.9832886550266849,0.32943346565942105,7000,1.0,7,7,DERIVED_SWAT_PROFILE_UNIFORM_ROOT_ZONE_APPROXIMATION,SWAT_HRU_AREA_X_2019_CDL_CORN_FRACTION_WEIGHTED; inactive calendar groups contribute zero living-crop structure,DATED_FSPM_MAIZE_AREA_STATE_ACROSS_EXECUTED_SWAT_CALENDARS
2019-06-29,True,True,SWAT+ mgt_out.txt PLANT and HARV/KILL events by HRU,EXECUTED_SWAT_MANAGEMENT_EVENTS,FSPM grows each distinct HRU calendar separately; field playback is weighted over the mapped maize HRU area. Daily event timing is applied to the complete day.,maize,MULTIPLE_EXECUTED_SWAT_HRU_CALENDARS,VEGETATIVE,"volumetric percent [0, 100]",m2_leaf/m2_ground,fraction,m,mm/day,mm/day,mm/day,mm/day,"fraction [0, 1]",g/plant,g/plant,degC_day,degC_day,fraction,dimensionless,kg/ha/(MJ/m2),MODEL_BASE_PARAMETER,0.5,0.4991389845512067,0.023981698140073986,ASSUMED_PARAMETER_NOT_CALIBRATED,False,seeded truncated normal; sigma=0.025,0.05,2.0,0.0,2.0,MODEL_BASE_PARAMETER,40.0,40.10657730611137,1.982589383884093,ASSUMED_PARAMETER_NOT_CALIBRATED,False,seeded truncated normal; sigma=2.0 kg/ha/(MJ/m2),10.0,90.0,10.0,90.0,DERIVED_FSPM,SIMPLIFIED_FSPM maize population,3.0-simplified-fspm,unweighted population statistics,True,SIMPLIFIED_FSPM,2.5134578264444003,2.6306145567943853,0.8504733979267043,31.728106882508932,1449.9999999999998,2.5134578264444003,84.11158638610225,26.907828565324028,0.044212668000000004,2.5134578264444003,820.1479361882589,2.5134578264444003,1.8055610005532672,40.10657730611136,13.875791074744043,0.0,3.2356801399460497,0.4991389845512067,497.3497920091846,0.7975674455965694,3.2356801399460497,0.978888502614917,0.3429998565580584,7000,1.0,7,7,DERIVED_SWAT_PROFILE_UNIFORM_ROOT_ZONE_APPROXIMATION,SWAT_HRU_AREA_X_2019_CDL_CORN_FRACTION_WEIGHTED; inactive calendar groups contribute zero living-crop structure,DATED_FSPM_MAIZE_AREA_STATE_ACROSS_EXECUTED_SWAT_CALENDARS
2019-06-30,True,True,SWAT+ mgt_out.txt PLANT and HARV/KILL events by HRU,EXECUTED_SWAT_MANAGEMENT_EVENTS,FSPM grows each distinct HRU calendar separately; field playback is weighted over the mapped maize HRU area. Daily event timing is applied to the complete day.,maize,MULTIPLE_EXECUTED_SWAT_HRU_CALENDARS,VEGETATIVE,"volumetric percent [0, 100]",m2_leaf/m2_ground,fraction,m,mm/day,mm/day,mm/day,mm/day,"fraction [0, 1]",g/plant,g/plant,degC_day,degC_day,fraction,dimensionless,kg/ha/(MJ/m2),MODEL_BASE_PARAMETER,0.5,0.4991389845512067,0.023981698140073986,ASSUMED_PARAMETER_NOT_CALIBRATED,False,seeded truncated normal; sigma=0.025,0.05,2.0,0.0,2.0,MODEL_BASE_PARAMETER,40.0,40.10657730611137,1.982589383884093,ASSUMED_PARAMETER_NOT_CALIBRATED,False,seeded truncated normal; sigma=2.0 kg/ha/(MJ/m2),10.0,90.0,10.0,90.0,DERIVED_FSPM,SIMPLIFIED_FSPM maize population,3.0-simplified-fspm,unweighted population statistics,True,SIMPLIFIED_FSPM,2.5679742488402044,2.6876720819915128,0.8805684453178675,31.456028058570645,1449.9999999999998,2.5679742488402044,88.91705918746862,26.92044814588429,0.044212668000000004,2.5679742488402044,850.4733979267043,2.5679742488402044,1.8452441285095798,40.10657730611136,13.854391454383727,0.0,3.4217528420742447,0.4991389845512067,516.9283663943314,0.8152805318000864,3.4217528420742447,0.971122495903564,0.35650232165126305,7000,1.0,7,7,DERIVED_SWAT_PROFILE_UNIFORM_ROOT_ZONE_APPROXIMATION,SWAT_HRU_AREA_X_2019_CDL_CORN_FRACTION_WEIGHTED; inactive calendar groups contribute zero living-crop structure,DATED_FSPM_MAIZE_AREA_STATE_ACROSS_EXECUTED_SWAT_CALENDARS
2019-07-01,True,True,SWAT+ mgt_out.txt PLANT and HARV/KILL events by HRU,EXECUTED_SWAT_MANAGEMENT_EVENTS,FSPM grows each distinct HRU calendar separately; field playback is weighted over the mapped maize HRU area. Daily event timing is applied to the complete day.,maize,MULTIPLE_EXECUTED_SWAT_HRU_CALENDARS,VEGETATIVE,"volumetric percent [0, 100]",m2_leaf/m2_ground,fraction,m,mm/day,mm/day,mm/day,mm/day,"fraction [0, 1]",g/plant,g/plant,degC_day,degC_day,fraction,dimensionless,kg/ha/(MJ/m2),MODEL_BASE_PARAMETER,0.5,0.4991389845512067,0.023981698140073986,ASSUMED_PARAMETER_NOT_CALIBRATED,False,seeded truncated normal; sigma=0.025,0.05,2.0,0.0,2.0,MODEL_BASE_PARAMETER,40.0,40.10657730611137,1.982589383884093,ASSUMED_PARAMETER_NOT_CALIBRATED,False,seeded truncated normal; sigma=2.0 kg/ha/(MJ/m2),10.0,90.0,10.0,90.0,DERIVED_FSPM,SIMPLIFIED_FSPM maize population,3.0-simplified-fspm,unweighted population statistics,True,SIMPLIFIED_FSPM,2.557468984026709,2.676677153879303,0.9088181168245005,31.160404062662785,1449.9999999999998,2.557468984026709,93.96459269990414,26.92375963486923,0.044212668000000004,2.557468984026709,880.5684453178674,2.557468984026709,1.8812745054701359,40.10657730611136,13.82490542336508,0.0,3.5882056060656513,0.4991389845512067,535.4265525654453,0.8298102111803768,3.5882056060656513,0.9630513832030879,0.369259691424445,7000,1.0,7,7,DERIVED_SWAT_PROFILE_UNIFORM_ROOT_ZONE_APPROXIMATION,SWAT_HRU_AREA_X_2019_CDL_CORN_FRACTION_WEIGHTED; inactive calendar groups contribute zero living-crop structure,DATED_FSPM_MAIZE_AREA_STATE_ACROSS_EXECUTED_SWAT_CALENDARS
2019-07-02,True,True,SWAT+ mgt_out.txt PLANT and HARV/KILL events by HRU,EXECUTED_SWAT_MANAGEMENT_EVENTS,FSPM grows each distinct HRU calendar separately; field playback is weighted over the mapped maize HRU area. Daily event timing is applied to the complete day.,maize,MULTIPLE_EXECUTED_SWAT_HRU_CALENDARS,VEGETATIVE,"volumetric percent [0, 100]",m2_leaf/m2_ground,fraction,m,mm/day,mm/day,mm/day,mm/day,"fraction [0, 1]",g/plant,g/plant,degC_day,degC_day,fraction,dimensionless,kg/ha/(MJ/m2),MODEL_BASE_PARAMETER,0.5,0.4991389845512067,0.023981698140073986,ASSUMED_PARAMETER_NOT_CALIBRATED,False,seeded truncated normal; sigma=0.025,0.05,2.0,0.0,2.0,MODEL_BASE_PARAMETER,40.0,40.10657730611137,1.982589383884093,ASSUMED_PARAMETER_NOT_CALIBRATED,False,seeded truncated normal; sigma=2.0 kg/ha/(MJ/m2),10.0,90.0,10.0,90.0,DERIVED_FSPM,SIMPLIFIED_FSPM maize population,3.0-simplified-fspm,unweighted population statistics,True,SIMPLIFIED_FSPM,2.387836710987735,2.4991380207004843,0.9349207132227118,31.00545774479093,1449.9999999999998,2.387836710987735,99.16498211027366,26.926253949116063,0.044212668000000004,2.387836710987735,908.8181168245005,2.387836710987735,1.913619774514744,40.10657730611136,13.798068616886287,0.0,3.7341621381808086,0.4991389845512067,552.6633224738878,0.8416106545387698,3.7341621381808086,0.9571083076453027,0.3811471189475088,7000,1.0,7,7,DERIVED_SWAT_PROFILE_UNIFORM_ROOT_ZONE_APPROXIMATION,SWAT_HRU_AREA_X_2019_CDL_CORN_FRACTION_WEIGHTED; inactive calendar groups contribute zero living-crop structure,DATED_FSPM_MAIZE_AREA_STATE_ACROSS_EXECUTED_SWAT_CALENDARS
2019-07-03,True,True,SWAT+ mgt_out.txt PLANT and HARV/KILL events by HRU,EXECUTED_SWAT_MANAGEMENT_EVENTS,FSPM grows each distinct HRU calendar separately; field playback is weighted over the mapped maize HRU area. Daily event timing is applied to the complete day.,maize,MULTIPLE_EXECUTED_SWAT_HRU_CALENDARS,VEGETATIVE,"volumetric percent [0, 100]",m2_leaf/m2_ground,fraction,m,mm/day,mm/day,mm/day,mm/day,"fraction [0, 1]",g/plant,g/plant,degC_day,degC_day,fraction,dimensionless,kg/ha/(MJ/m2),MODEL_BASE_PARAMETER,0.5,0.4991389845512067,0.023981698140073986,ASSUMED_PARAMETER_NOT_CALIBRATED,False,seeded truncated normal; sigma=0.025,0.05,2.0,0.0,2.0,MODEL_BASE_PARAMETER,40.0,40.10657730611137,1.982589383884093,ASSUMED_PARAMETER_NOT_CALIBRATED,False,seeded truncated normal; sigma=2.0 kg/ha/(MJ/m2),10.0,90.0,10.0,90.0,DERIVED_FSPM,SIMPLIFIED_FSPM maize population,3.0-simplified-fspm,unweighted population statistics,True,SIMPLIFIED_FSPM,2.096500792253372,2.194222414422293,0.9597440935159463,31.024986217983024,1449.9999999999998,2.096500792253372,104.1276138958705,26.92400406205473,0.044212668000000004,2.096500792253372,934.9207132227118,2.096500792253372,1.9435506585380928,40.10657730611136,13.762120886343423,0.0,3.865214083539901,0.4991389845512067,569.1837163208029,0.851510621352556,3.865214083539901,0.9558821131409193,0.3925404940143468,7000,1.0,7,7,DERIVED_SWAT_PROFILE_UNIFORM_ROOT_ZONE_APPROXIMATION,SWAT_HRU_AREA_X_2019_CDL_CORN_FRACTION_WEIGHTED; inactive calendar groups contribute zero living-crop structure,DATED_FSPM_MAIZE_AREA_STATE_ACROSS_EXECUTED_SWAT_CALENDARS
2019-07-04,True,True,SWAT+ mgt_out.txt PLANT and HARV/KILL events by HRU,EXECUTED_SWAT_MANAGEMENT_EVENTS,FSPM grows each distinct HRU calendar separately; field playback is weighted over the mapped maize HRU area. Daily event timing is applied to the complete day.,maize,MULTIPLE_EXECUTED_SWAT_HRU_CALENDARS,VEGETATIVE,"volumetric percent [0, 100]",m2_leaf/m2_ground,fraction,m,mm/day,mm/day,mm/day,mm/day,"fraction [0, 1]",g/plant,g/plant,degC_day,degC_day,fraction,dimensionless,kg/ha/(MJ/m2),MODEL_BASE_PARAMETER,0.5,0.4991389845512067,0.023981698140073986,ASSUMED_PARAMETER_NOT_CALIBRATED,False,seeded truncated normal; sigma=0.025,0.05,2.0,0.0,2.0,MODEL_BASE_PARAMETER,40.0,40.10657730611137,1.982589383884093,ASSUMED_PARAMETER_NOT_CALIBRATED,False,seeded truncated normal; sigma=2.0 kg/ha/(MJ/m2),10.0,90.0,10.0,90.0,DERIVED_FSPM,SIMPLIFIED_FSPM maize population,3.0-simplified-fspm,unweighted population statistics,True,SIMPLIFIED_FSPM,2.0114220268252443,2.1051779757895814,0.9839116388698246,31.23927240815602,1449.9999999999998,2.0114220268252443,108.46742843163094,26.92015412478098,0.044212668000000004,2.0114220268252443,959.7440935159461,2.0114220268252443,1.972286990092284,40.10657730611136,13.724381865277566,0.0,3.986536816614286,0.4991389845512067,585.5982245327378,0.8601246956915914,3.986536816614286,0.9605666620770676,0.40386084450533655,7000,1.0,7,7,DERIVED_SWAT_PROFILE_UNIFORM_ROOT_ZONE_APPROXIMATION,SWAT_HRU_AREA_X_2019_CDL_CORN_FRACTION_WEIGHTED; inactive calendar groups contribute zero living-crop structure,DATED_FSPM_MAIZE_AREA_STATE_ACROSS_EXECUTED_SWAT_CALENDARS
2019-07-05,True,True,SWAT+ mgt_out.txt PLANT and HARV/KILL events by HRU,EXECUTED_SWAT_MANAGEMENT_EVENTS,FSPM grows each distinct HRU calendar separately; field playback is weighted over the mapped maize HRU area. Daily event timing is applied to the complete day.,maize,MULTIPLE_EXECUTED_SWAT_HRU_CALENDARS,VEGETATIVE,"volumetric percent [0, 100]",m2_leaf/m2_ground,fraction,m,mm/day,mm/day,mm/day,mm/day,"fraction [0, 1]",g/plant,g/plant,degC_day,degC_day,fraction,dimensionless,kg/ha/(MJ/m2),MODEL_BASE_PARAMETER,0.5,0.4991389845512067,0.023981698140073986,ASSUMED_PARAMETER_NOT_CALIBRATED,False,seeded truncated normal; sigma=0.025,0.05,2.0,0.0,2.0,MODEL_BASE_PARAMETER,40.0,40.10657730611137,1.982589383884093,ASSUMED_PARAMETER_NOT_CALIBRATED,False,seeded truncated normal; sigma=2.0 kg/ha/(MJ/m2),10.0,90.0,10.0,90.0,DERIVED_FSPM,SIMPLIFIED_FSPM maize population,3.0-simplified-fspm,unweighted population statistics,True,SIMPLIFIED_FSPM,2.486714187567326,2.6026243450021287,1.0078001365806657,31.322570372953468,1449.9999999999998,2.486714187567326,112.63934124093431,26.910898202784733,0.044212668000000004,2.486714187567326,983.9116388698246,2.486714187567326,2.0004014487469695,40.10657730611136,13.681009801009687,0.0,4.100230232200319,0.4991389845512067,602.2209091575858,0.8677425171583637,4.100230232200319,0.9614735167365439,0.415324764936266,7000,1.0,7,7,DERIVED_SWAT_PROFILE_UNIFORM_ROOT_ZONE_APPROXIMATION,SWAT_HRU_AREA_X_2019_CDL_CORN_FRACTION_WEIGHTED; inactive calendar groups contribute zero living-crop structure,DATED_FSPM_MAIZE_AREA_STATE_ACROSS_EXECUTED_SWAT_CALENDARS
2019-07-06,True,True,SWAT+ mgt_out.txt PLANT and HARV/KILL events by HRU,EXECUTED_SWAT_MANAGEMENT_EVENTS,FSPM grows each distinct HRU calendar separately; field playback is weighted over the mapped maize HRU area. Daily event timing is applied to the complete day.,maize,MULTIPLE_EXECUTED_SWAT_HRU_CALENDARS,VEGETATIVE,"volumetric percent [0, 100]",m2_leaf/m2_ground,fraction,m,mm/day,mm/day,mm/day,mm/day,"fraction [0, 1]",g/plant,g/plant,degC_day,degC_day,fraction,dimensionless,kg/ha/(MJ/m2),MODEL_BASE_PARAMETER,0.5,0.4991389845512067,0.023981698140073986,ASSUMED_PARAMETER_NOT_CALIBRATED,False,seeded truncated normal; sigma=0.025,0.05,2.0,0.0,2.0,MODEL_BASE_PARAMETER,40.0,40.10657730611137,1.982589383884093,ASSUMED_PARAMETER_NOT_CALIBRATED,False,seeded truncated normal; sigma=2.0 kg/ha/(MJ/m2),10.0,90.0,10.0,90.0,DERIVED_FSPM,SIMPLIFIED_FSPM maize population,3.0-simplified-fspm,unweighted population statistics,True,SIMPLIFIED_FSPM,2.2863469791676465,2.392917667942963,1.0256931051759264,31.108028154482117,1449.9999999999998,2.2863469791676465,118.07163191244447,26.900742742598037,0.044212668000000004,2.2863469791676465,1007.8001365806655,2.2863469791676465,2.0214995333487544,40.10657730611136,13.638178078846236,0.0,4.1819628303292005,0.4991389845512067,615.0802739399008,0.8729637192508474,4.1819628303292005,0.9555242387007993,0.42419329237234543,7000,1.0,7,7,DERIVED_SWAT_PROFILE_UNIFORM_ROOT_ZONE_APPROXIMATION,SWAT_HRU_AREA_X_2019_CDL_CORN_FRACTION_WEIGHTED; inactive calendar groups contribute zero living-crop structure,DATED_FSPM_MAIZE_AREA_STATE_ACROSS_EXECUTED_SWAT_CALENDARS
2019-07-07,True,True,SWAT+ mgt_out.txt PLANT and HARV/KILL events by HRU,EXECUTED_SWAT_MANAGEMENT_EVENTS,FSPM grows each distinct HRU calendar separately; field playback is weighted over the mapped maize HRU area. Daily event timing is applied to the complete day.,maize,MULTIPLE_EXECUTED_SWAT_HRU_CALENDARS,VEGETATIVE,"volumetric percent [0, 100]",m2_leaf/m2_ground,fraction,m,mm/day,mm/day,mm/day,mm/day,"fraction [0, 1]",g/plant,g/plant,degC_day,degC_day,fraction,dimensionless,kg/ha/(MJ/m2),MODEL_BASE_PARAMETER,0.5,0.4991389845512067,0.023981698140073986,ASSUMED_PARAMETER_NOT_CALIBRATED,False,seeded truncated normal; sigma=0.025,0.05,2.0,0.0,2.0,MODEL_BASE_PARAMETER,40.0,40.10657730611137,1.982589383884093,ASSUMED_PARAMETER_NOT_CALIBRATED,False,seeded truncated normal; sigma=2.0 kg/ha/(MJ/m2),10.0,90.0,10.0,90.0,DERIVED_FSPM,SIMPLIFIED_FSPM maize population,3.0-simplified-fspm,unweighted population statistics,True,SIMPLIFIED_FSPM,2.4824802584141406,2.598193071796973,1.0442434501843656,30.860974467023382,1449.9999999999998,2.4824802584141406,123.42080746047566,26.8937055803631,0.044212668000000004,2.4824802584141406,1025.6931051759261,2.4824802584141406,2.043559098344026,40.10657730611136,13.607502697523842,0.0,4.26379655322505,0.4991389845512067,628.9066405524825,0.8779829054422156,4.26379655322505,0.9492251815089866,0.43372871762240167,7000,1.0,7,7,DERIVED_SWAT_PROFILE_UNIFORM_ROOT_ZONE_APPROXIMATION,SWAT_HRU_AREA_X_2019_CDL_CORN_FRACTION_WEIGHTED; inactive calendar groups contribute zero living-crop structure,DATED_FSPM_MAIZE_AREA_STATE_ACROSS_EXECUTED_SWAT_CALENDARS
2019-07-08,True,True,SWAT+ mgt_out.txt PLANT and HARV/KILL events by HRU,EXECUTED_SWAT_MANAGEMENT_EVENTS,FSPM grows each distinct HRU calendar separately; field playback is weighted over the mapped maize HRU area. Daily event timing is applied to the complete day.,maize,MULTIPLE_EXECUTED_SWAT_HRU_CALENDARS,VEGETATIVE,"volumetric percent [0, 100]",m2_leaf/m2_ground,fraction,m,mm/day,mm/day,mm/day,mm/day,"fraction [0, 1]",g/plant,g/plant,degC_day,degC_day,fraction,dimensionless,kg/ha/(MJ/m2),MODEL_BASE_PARAMETER,0.5,0.4991389845512067,0.023981698140073986,ASSUMED_PARAMETER_NOT_CALIBRATED,False,seeded truncated normal; sigma=0.025,0.05,2.0,0.0,2.0,MODEL_BASE_PARAMETER,40.0,40.10657730611137,1.982589383884093,ASSUMED_PARAMETER_NOT_CALIBRATED,False,seeded truncated normal; sigma=2.0 kg/ha/(MJ/m2),10.0,90.0,10.0,90.0,DERIVED_FSPM,SIMPLIFIED_FSPM maize population,3.0-simplified-fspm,unweighted population statistics,True,SIMPLIFIED_FSPM,2.511018769515848,2.6280618068658312,1.0629716856925153,30.590090341524597,1449.9999999999998,2.511018769515848,129.22388894799906,26.88653452727231,0.044212668000000004,2.511018769515848,1044.2434501843657,2.511018769515848,2.066210667491873,40.10657730611136,13.576740135308047,0.0,4.343758217924016,0.4991389845512067,643.5306482997966,0.8826948203297096,4.343758217924016,0.9423388715798157,0.4438142402067561,7000,1.0,7,7,DERIVED_SWAT_PROFILE_UNIFORM_ROOT_ZONE_APPROXIMATION,SWAT_HRU_AREA_X_2019_CDL_CORN_FRACTION_WEIGHTED; inactive calendar groups contribute zero living-crop structure,DATED_FSPM_MAIZE_AREA_STATE_ACROSS_EXECUTED_SWAT_CALENDARS
2019-07-09,True,True,SWAT+ mgt_out.txt PLANT and HARV/KILL events by HRU,EXECUTED_SWAT_MANAGEMENT_EVENTS,FSPM grows each distinct HRU calendar separately; field playback is weighted over the mapped maize HRU area. Daily event timing is applied to the complete day.,maize,MULTIPLE_EXECUTED_SWAT_HRU_CALENDARS,REPRODUCTIVE,"volumetric percent [0, 100]",m2_leaf/m2_ground,fraction,m,mm/day,mm/day,mm/day,mm/day,"fraction [0, 1]",g/plant,g/plant,degC_day,degC_day,fraction,dimensionless,kg/ha/(MJ/m2),MODEL_BASE_PARAMETER,0.5,0.4991389845512067,0.023981698140073986,ASSUMED_PARAMETER_NOT_CALIBRATED,False,seeded truncated normal; sigma=0.025,0.05,2.0,0.0,2.0,MODEL_BASE_PARAMETER,40.0,40.10657730611137,1.982589383884093,ASSUMED_PARAMETER_NOT_CALIBRATED,False,seeded truncated normal; sigma=2.0 kg/ha/(MJ/m2),10.0,90.0,10.0,90.0,DERIVED_FSPM,SIMPLIFIED_FSPM maize population,3.0-simplified-fspm,unweighted population statistics,True,SIMPLIFIED_FSPM,2.0372568334405505,2.132216986635125,1.0829607615838788,30.49948204158932,1449.9999999999998,2.0372568334405505,135.0371978131001,26.87962911170799,0.044212668000000004,2.0372568334405505,1062.9716856925154,2.0372568334405505,2.0911356142958235,40.10657730611136,13.546813852306737,0.0,4.426715803561539,0.4991389845512067,660.1568667949988,0.8873887785331,4.426715803561539,0.9389230606145007,0.45528059778965424,7000,1.0,7,7,DERIVED_SWAT_PROFILE_UNIFORM_ROOT_ZONE_APPROXIMATION,SWAT_HRU_AREA_X_2019_CDL_CORN_FRACTION_WEIGHTED; inactive calendar groups contribute zero living-crop structure,DATED_FSPM_MAIZE_AREA_STATE_ACROSS_EXECUTED_SWAT_CALENDARS
2019-07-10,True,True,SWAT+ mgt_out.txt PLANT and HARV/KILL events by HRU,EXECUTED_SWAT_MANAGEMENT_EVENTS,FSPM grows each distinct HRU calendar separately; field playback is weighted over the mapped maize HRU area. Daily event timing is applied to the complete day.,maize,MULTIPLE_EXECUTED_SWAT_HRU_CALENDARS,REPRODUCTIVE,"volumetric percent [0, 100]",m2_leaf/m2_ground,fraction,m,mm/day,mm/day,mm/day,mm/day,"fraction [0, 1]",g/plant,g/plant,degC_day,degC_day,fraction,dimensionless,kg/ha/(MJ/m2),MODEL_BASE_PARAMETER,0.5,0.4991389845512067,0.023981698140073986,ASSUMED_PARAMETER_NOT_CALIBRATED,False,seeded truncated normal; sigma=0.025,0.05,2.0,0.0,2.0,MODEL_BASE_PARAMETER,40.0,40.10657730611137,1.982589383884093,ASSUMED_PARAMETER_NOT_CALIBRATED,False,seeded truncated normal; sigma=2.0 kg/ha/(MJ/m2),10.0,90.0,10.0,90.0,DERIVED_FSPM,SIMPLIFIED_FSPM maize population,3.0-simplified-fspm,unweighted population statistics,True,SIMPLIFIED_FSPM,2.3896204559469694,2.501004899329466,1.0987757826685292,30.41760831331244,1449.9999999999998,2.3896204559469694,139.39265226991887,26.871891256311415,0.044212668000000004,2.3896204559469694,1082.9607615838788,2.3896204559469694,2.111411369437533,40.10657730611136,13.51469443625692,0.0,4.490192702926625,0.4991389845512067,674.1195534910224,0.8908520741266345,4.490192702926625,0.935771517541357,0.46491003689036037,7000,1.0,7,7,DERIVED_SWAT_PROFILE_UNIFORM_ROOT_ZONE_APPROXIMATION,SWAT_HRU_AREA_X_2019_CDL_CORN_FRACTION_WEIGHTED; inactive calendar groups contribute zero living-crop structure,DATED_FSPM_MAIZE_AREA_STATE_ACROSS_EXECUTED_SWAT_CALENDARS
2019-07-11,True,True,SWAT+ mgt_out.txt PLANT and HARV/KILL events by HRU,EXECUTED_SWAT_MANAGEMENT_EVENTS,FSPM grows each distinct HRU calendar separately; field playback is weighted over the mapped maize HRU area. Daily event timing is applied to the complete day.,maize,MULTIPLE_EXECUTED_SWAT_HRU_CALENDARS,REPRODUCTIVE,"volumetric percent [0, 100]",m2_leaf/m2_ground,fraction,m,mm/day,mm/day,mm/day,mm/day,"fraction [0, 1]",g/plant,g/plant,degC_day,degC_day,fraction,dimensionless,kg/ha/(MJ/m2),MODEL_BASE_PARAMETER,0.5,0.4991389845512067,0.023981698140073986,ASSUMED_PARAMETER_NOT_CALIBRATED,False,seeded truncated normal; sigma=0.025,0.05,2.0,0.0,2.0,MODEL_BASE_PARAMETER,40.0,40.10657730611137,1.982589383884093,ASSUMED_PARAMETER_NOT_CALIBRATED,False,seeded truncated normal; sigma=2.0 kg/ha/(MJ/m2),10.0,90.0,10.0,90.0,DERIVED_FSPM,SIMPLIFIED_FSPM maize population,3.0-simplified-fspm,unweighted population statistics,True,SIMPLIFIED_FSPM,2.456543556576302,2.571047410854298,1.112692639550842,30.160877815375777,1449.9999999999998,2.456543556576302,145.00303429493619,26.86556604890294,0.044212668000000004,2.456543556576302,1098.7757826685292,2.456543556576302,2.130075492419805,40.10657730611136,13.489108957306813,0.0,4.545393848458681,0.4991389845512067,687.3389078459364,0.8937766751288726,4.545393848458681,0.9294126978316138,0.47402683299719756,7000,1.0,7,7,DERIVED_SWAT_PROFILE_UNIFORM_ROOT_ZONE_APPROXIMATION,SWAT_HRU_AREA_X_2019_CDL_CORN_FRACTION_WEIGHTED; inactive calendar groups contribute zero living-crop structure,DATED_FSPM_MAIZE_AREA_STATE_ACROSS_EXECUTED_SWAT_CALENDARS
2019-07-12,True,True,SWAT+ mgt_out.txt PLANT and HARV/KILL events by HRU,EXECUTED_SWAT_MANAGEMENT_EVENTS,FSPM grows each distinct HRU calendar separately; field playback is weighted over the mapped maize HRU area. Daily event timing is applied to the complete day.,maize,MULTIPLE_EXECUTED_SWAT_HRU_CALENDARS,REPRODUCTIVE,"volumetric percent [0, 100]",m2_leaf/m2_ground,fraction,m,mm/day,mm/day,mm/day,mm/day,"fraction [0, 1]",g/plant,g/plant,degC_day,degC_day,fraction,dimensionless,kg/ha/(MJ/m2),MODEL_BASE_PARAMETER,0.5,0.4991389845512067,0.023981698140073986,ASSUMED_PARAMETER_NOT_CALIBRATED,False,seeded truncated normal; sigma=0.025,0.05,2.0,0.0,2.0,MODEL_BASE_PARAMETER,40.0,40.10657730611137,1.982589383884093,ASSUMED_PARAMETER_NOT_CALIBRATED,False,seeded truncated normal; sigma=2.0 kg/ha/(MJ/m2),10.0,90.0,10.0,90.0,DERIVED_FSPM,SIMPLIFIED_FSPM maize population,3.0-simplified-fspm,unweighted population statistics,True,SIMPLIFIED_FSPM,2.5339909848457434,2.6521047999245466,1.1278304501178218,29.895305374507032,1449.9999999999998,2.5339909848457434,150.91807641235164,26.86003570380917,0.044212668000000004,2.5339909848457434,1112.6926395508422,2.5339909848457434,2.151809579709856,40.10657730611136,13.466873291038596,0.0,4.605700047606836,0.4991389845512067,703.2051717854636,0.8968809166788166,4.605700047606836,0.9228934069758619,0.48496908398997485,7000,1.0,7,7,DERIVED_SWAT_PROFILE_UNIFORM_ROOT_ZONE_APPROXIMATION,SWAT_HRU_AREA_X_2019_CDL_CORN_FRACTION_WEIGHTED; inactive calendar groups contribute zero living-crop structure,DATED_FSPM_MAIZE_AREA_STATE_ACROSS_EXECUTED_SWAT_CALENDARS
2019-07-13,True,True,SWAT+ mgt_out.txt PLANT and HARV/KILL events by HRU,EXECUTED_SWAT_MANAGEMENT_EVENTS,FSPM grows each distinct HRU calendar separately; field playback is weighted over the mapped maize HRU area. Daily event timing is applied to the complete day.,maize,MULTIPLE_EXECUTED_SWAT_HRU_CALENDARS,REPRODUCTIVE,"volumetric percent [0, 100]",m2_leaf/m2_ground,fraction,m,mm/day,mm/day,mm/day,mm/day,"fraction [0, 1]",g/plant,g/plant,degC_day,degC_day,fraction,dimensionless,kg/ha/(MJ/m2),MODEL_BASE_PARAMETER,0.5,0.4991389845512067,0.023981698140073986,ASSUMED_PARAMETER_NOT_CALIBRATED,False,seeded truncated normal; sigma=0.025,0.05,2.0,0.0,2.0,MODEL_BASE_PARAMETER,40.0,40.10657730611137,1.982589383884093,ASSUMED_PARAMETER_NOT_CALIBRATED,False,seeded truncated normal; sigma=2.0 kg/ha/(MJ/m2),10.0,90.0,10.0,90.0,DERIVED_FSPM,SIMPLIFIED_FSPM maize population,3.0-simplified-fspm,unweighted population statistics,True,SIMPLIFIED_FSPM,2.322793921827793,2.431063463876311,1.1419689124867216,29.63463329996011,1449.9999999999998,2.322793921827793,156.7422717836944,26.853439813886666,0.044212668000000004,2.322793921827793,1127.830450117822,2.322793921827793,2.173934648292389,40.10657730611136,13.442266957881282,0.0,4.662659776502126,0.4991389845512067,719.9157053620896,0.8997276610887497,4.662659776502126,0.9165094557171933,0.49649358990488945,7000,1.0,7,7,DERIVED_SWAT_PROFILE_UNIFORM_ROOT_ZONE_APPROXIMATION,SWAT_HRU_AREA_X_2019_CDL_CORN_FRACTION_WEIGHTED; inactive calendar groups contribute zero living-crop structure,DATED_FSPM_MAIZE_AREA_STATE_ACROSS_EXECUTED_SWAT_CALENDARS
2019-07-14,True,True,SWAT+ mgt_out.txt PLANT and HARV/KILL events by HRU,EXECUTED_SWAT_MANAGEMENT_EVENTS,FSPM grows each distinct HRU calendar separately; field playback is weighted over the mapped maize HRU area. Daily event timing is applied to the complete day.,maize,MULTIPLE_EXECUTED_SWAT_HRU_CALENDARS,REPRODUCTIVE,"volumetric percent [0, 100]",m2_leaf/m2_ground,fraction,m,mm/day,mm/day,mm/day,mm/day,"fraction [0, 1]",g/plant,g/plant,degC_day,degC_day,fraction,dimensionless,kg/ha/(MJ/m2),MODEL_BASE_PARAMETER,0.5,0.4991389845512067,0.023981698140073986,ASSUMED_PARAMETER_NOT_CALIBRATED,False,seeded truncated normal; sigma=0.025,0.05,2.0,0.0,2.0,MODEL_BASE_PARAMETER,40.0,40.10657730611137,1.982589383884093,ASSUMED_PARAMETER_NOT_CALIBRATED,False,seeded truncated normal; sigma=2.0 kg/ha/(MJ/m2),10.0,90.0,10.0,90.0,DERIVED_FSPM,SIMPLIFIED_FSPM maize population,3.0-simplified-fspm,unweighted population statistics,True,SIMPLIFIED_FSPM,2.5990576642274332,2.7202043466703745,1.1554566233532682,29.35736471718555,1449.9999999999998,2.5990576642274332,161.92267417007608,26.84743402265379,0.044212668000000004,2.5990576642274332,1141.9689124867218,2.5990576642274332,2.1980419459052203,40.10657730611136,13.419855314411745,0.0,4.719670455772853,0.4991389845512067,738.8109788572882,0.9024964744089091,4.719670455772853,0.909801751835972,0.5095248130050264,7000,1.0,7,7,DERIVED_SWAT_PROFILE_UNIFORM_ROOT_ZONE_APPROXIMATION,SWAT_HRU_AREA_X_2019_CDL_CORN_FRACTION_WEIGHTED; inactive calendar groups contribute zero living-crop structure,DATED_FSPM_MAIZE_AREA_STATE_ACROSS_EXECUTED_SWAT_CALENDARS
2019-07-15,True,True,SWAT+ mgt_out.txt PLANT and HARV/KILL events by HRU,EXECUTED_SWAT_MANAGEMENT_EVENTS,FSPM grows each distinct HRU calendar separately; field playback is weighted over the mapped maize HRU area. Daily event timing is applied to the complete day.,maize,MULTIPLE_EXECUTED_SWAT_HRU_CALENDARS,REPRODUCTIVE,"volumetric percent [0, 100]",m2_leaf/m2_ground,fraction,m,mm/day,mm/day,mm/day,mm/day,"fraction [0, 1]",g/plant,g/plant,degC_day,degC_day,fraction,dimensionless,kg/ha/(MJ/m2),MODEL_BASE_PARAMETER,0.5,0.4991389845512067,0.023981698140073986,ASSUMED_PARAMETER_NOT_CALIBRATED,False,seeded truncated normal; sigma=0.025,0.05,2.0,0.0,2.0,MODEL_BASE_PARAMETER,40.0,40.10657730611137,1.982589383884093,ASSUMED_PARAMETER_NOT_CALIBRATED,False,seeded truncated normal; sigma=2.0 kg/ha/(MJ/m2),10.0,90.0,10.0,90.0,DERIVED_FSPM,SIMPLIFIED_FSPM maize population,3.0-simplified-fspm,unweighted population statistics,True,SIMPLIFIED_FSPM,2.315596280436887,2.4235303348451223,1.1658891464979948,29.226329812752294,1449.9999999999998,2.315596280436887,167.65164295321662,26.84191286430886,0.044212668000000004,2.315596280436887,1155.456623353268,2.315596280436887,2.2193375104988773,40.10657730611136,13.39900770558921,0.0,4.765722981920479,0.4991389845512067,756.1421139774014,0.9046758644501477,4.765722981920479,0.9057336122562486,0.5214773199844147,7000,1.0,7,7,DERIVED_SWAT_PROFILE_UNIFORM_ROOT_ZONE_APPROXIMATION,SWAT_HRU_AREA_X_2019_CDL_CORN_FRACTION_WEIGHTED; inactive calendar groups contribute zero living-crop structure,DATED_FSPM_MAIZE_AREA_STATE_ACROSS_EXECUTED_SWAT_CALENDARS
2019-07-16,True,True,SWAT+ mgt_out.txt PLANT and HARV/KILL events by HRU,EXECUTED_SWAT_MANAGEMENT_EVENTS,FSPM grows each distinct HRU calendar separately; field playback is weighted over the mapped maize HRU area. Daily event timing is applied to the complete day.,maize,MULTIPLE_EXECUTED_SWAT_HRU_CALENDARS,REPRODUCTIVE,"volumetric percent [0, 100]",m2_leaf/m2_ground,fraction,m,mm/day,mm/day,mm/day,mm/day,"fraction [0, 1]",g/plant,g/plant,degC_day,degC_day,fraction,dimensionless,kg/ha/(MJ/m2),MODEL_BASE_PARAMETER,0.5,0.4991389845512067,0.023981698140073986,ASSUMED_PARAMETER_NOT_CALIBRATED,False,seeded truncated normal; sigma=0.025,0.05,2.0,0.0,2.0,MODEL_BASE_PARAMETER,40.0,40.10657730611137,1.982589383884093,ASSUMED_PARAMETER_NOT_CALIBRATED,False,seeded truncated normal; sigma=2.0 kg/ha/(MJ/m2),10.0,90.0,10.0,90.0,DERIVED_FSPM,SIMPLIFIED_FSPM maize population,3.0-simplified-fspm,unweighted population statistics,True,SIMPLIFIED_FSPM,2.3093116410612833,2.416952749097388,1.174242615908866,29.133653746060226,1449.9999999999998,2.3093116410612833,172.7827450756214,26.837735074262138,0.044212668000000004,2.3093116410612833,1165.8891464979952,2.3093116410612833,2.2393851188962,40.10657730611136,13.383207462639458,0.0,4.805438278734476,0.4991389845512067,773.0518288014674,0.906514850483216,4.805438278734476,0.902843363982358,0.5331391922768741,7000,1.0,7,7,DERIVED_SWAT_PROFILE_UNIFORM_ROOT_ZONE_APPROXIMATION,SWAT_HRU_AREA_X_2019_CDL_CORN_FRACTION_WEIGHTED; inactive calendar groups contribute zero living-crop structure,DATED_FSPM_MAIZE_AREA_STATE_ACROSS_EXECUTED_SWAT_CALENDARS
2019-07-17,True,True,SWAT+ mgt_out.txt PLANT and HARV/KILL events by HRU,EXECUTED_SWAT_MANAGEMENT_EVENTS,FSPM grows each distinct HRU calendar separately; field playback is weighted over the mapped maize HRU area. Daily event timing is applied to the complete day.,maize,MULTIPLE_EXECUTED_SWAT_HRU_CALENDARS,REPRODUCTIVE,"volumetric percent [0, 100]",m2_leaf/m2_ground,fraction,m,mm/day,mm/day,mm/day,mm/day,"fraction [0, 1]",g/plant,g/plant,degC_day,degC_day,fraction,dimensionless,kg/ha/(MJ/m2),MODEL_BASE_PARAMETER,0.5,0.4991389845512067,0.023981698140073986,ASSUMED_PARAMETER_NOT_CALIBRATED,False,seeded truncated normal; sigma=0.025,0.05,2.0,0.0,2.0,MODEL_BASE_PARAMETER,40.0,40.10657730611137,1.982589383884093,ASSUMED_PARAMETER_NOT_CALIBRATED,False,seeded truncated normal; sigma=2.0 kg/ha/(MJ/m2),10.0,90.0,10.0,90.0,DERIVED_FSPM,SIMPLIFIED_FSPM maize population,3.0-simplified-fspm,unweighted population statistics,True,SIMPLIFIED_FSPM,1.7620178430935178,1.8441486206112236,1.1800957693327634,29.29269245966939,1449.9999999999998,1.7620178430935178,177.946606544793,26.83448556565995,0.044212668000000004,1.7620178430935178,1174.242615908866,1.7620178430935178,2.2561740044228245,40.10657730611136,13.370767310366919,0.0,4.836074217294965,0.4991389845512067,787.6836342812566,0.9079084401341969,4.836074217294965,0.9063731272047535,0.5432300926077631,7000,1.0,7,7,DERIVED_SWAT_PROFILE_UNIFORM_ROOT_ZONE_APPROXIMATION,SWAT_HRU_AREA_X_2019_CDL_CORN_FRACTION_WEIGHTED; inactive calendar groups contribute zero living-crop structure,DATED_FSPM_MAIZE_AREA_STATE_ACROSS_EXECUTED_SWAT_CALENDARS
2019-07-18,True,True,SWAT+ mgt_out.txt PLANT and HARV/KILL events by HRU,EXECUTED_SWAT_MANAGEMENT_EVENTS,FSPM grows each distinct HRU calendar separately; field playback is weighted over the mapped maize HRU area. Daily event timing is applied to the complete day.,maize,MULTIPLE_EXECUTED_SWAT_HRU_CALENDARS,REPRODUCTIVE,"volumetric percent [0, 100]",m2_leaf/m2_ground,fraction,m,mm/day,mm/day,mm/day,mm/day,"fraction [0, 1]",g/plant,g/plant,degC_day,degC_day,fraction,dimensionless,kg/ha/(MJ/m2),MODEL_BASE_PARAMETER,0.5,0.4991389845512067,0.023981698140073986,ASSUMED_PARAMETER_NOT_CALIBRATED,False,seeded truncated normal; sigma=0.025,0.05,2.0,0.0,2.0,MODEL_BASE_PARAMETER,40.0,40.10657730611137,1.982589383884093,ASSUMED_PARAMETER_NOT_CALIBRATED,False,seeded truncated normal; sigma=2.0 kg/ha/(MJ/m2),10.0,90.0,10.0,90.0,DERIVED_FSPM,SIMPLIFIED_FSPM maize population,3.0-simplified-fspm,unweighted population statistics,True,SIMPLIFIED_FSPM,2.2979012173251867,2.405010473003667,1.1860642261390284,29.819364530222003,1449.9999999999998,2.2979012173251867,181.81185008224014,26.83228451600751,0.044212668000000004,2.2979012173251867,1180.0957693327634,2.2979012173251867,2.277611126468133,40.10657730611136,13.362167402156157,0.0,4.871813390593767,0.4991389845512067,807.0381825398243,0.9095069452058488,4.871813390593767,0.9144447729200591,0.5565780569240166,7000,1.0,7,7,DERIVED_SWAT_PROFILE_UNIFORM_ROOT_ZONE_APPROXIMATION,SWAT_HRU_AREA_X_2019_CDL_CORN_FRACTION_WEIGHTED; inactive calendar groups contribute zero living-crop structure,DATED_FSPM_MAIZE_AREA_STATE_ACROSS_EXECUTED_SWAT_CALENDARS
2019-07-19,True,True,SWAT+ mgt_out.txt PLANT and HARV/KILL events by HRU,EXECUTED_SWAT_MANAGEMENT_EVENTS,FSPM grows each distinct HRU calendar separately; field playback is weighted over the mapped maize HRU area. Daily event timing is applied to the complete day.,maize,MULTIPLE_EXECUTED_SWAT_HRU_CALENDARS,REPRODUCTIVE,"volumetric percent [0, 100]",m2_leaf/m2_ground,fraction,m,mm/day,mm/day,mm/day,mm/day,"fraction [0, 1]",g/plant,g/plant,degC_day,degC_day,fraction,dimensionless,kg/ha/(MJ/m2),MODEL_BASE_PARAMETER,0.5,0.4991389845512067,0.023981698140073986,ASSUMED_PARAMETER_NOT_CALIBRATED,False,seeded truncated normal; sigma=0.025,0.05,2.0,0.0,2.0,MODEL_BASE_PARAMETER,40.0,40.10657730611137,1.982589383884093,ASSUMED_PARAMETER_NOT_CALIBRATED,False,seeded truncated normal; sigma=2.0 kg/ha/(MJ/m2),10.0,90.0,10.0,90.0,DERIVED_FSPM,SIMPLIFIED_FSPM maize population,3.0-simplified-fspm,unweighted population statistics,True,SIMPLIFIED_FSPM,2.660895467531917,2.7849245214759346,1.1907581216803205,29.915970713260997,1449.9999999999998,2.660895467531917,186.751340781581,26.830104697824197,0.044212668000000004,2.660895467531917,1186.0642261390285,2.660895467531917,2.3000463123931434,40.10657730611136,13.353508182351224,0.0,4.905307817688922,0.4991389845512067,828.1672893332801,0.9109787087954181,4.905307817688922,0.9127936104062868,0.571149854712607,7000,1.0,7,7,DERIVED_SWAT_PROFILE_UNIFORM_ROOT_ZONE_APPROXIMATION,SWAT_HRU_AREA_X_2019_CDL_CORN_FRACTION_WEIGHTED; inactive calendar groups contribute zero living-crop structure,DATED_FSPM_MAIZE_AREA_STATE_ACROSS_EXECUTED_SWAT_CALENDARS
2019-07-20,True,True,SWAT+ mgt_out.txt PLANT and HARV/KILL events by HRU,EXECUTED_SWAT_MANAGEMENT_EVENTS,FSPM grows each distinct HRU calendar separately; field playback is weighted over the mapped maize HRU area. Daily event timing is applied to the complete day.,maize,MULTIPLE_EXECUTED_SWAT_HRU_CALENDARS,REPRODUCTIVE,"volumetric percent [0, 100]",m2_leaf/m2_ground,fraction,m,mm/day,mm/day,mm/day,mm/day,"fraction [0, 1]",g/plant,g/plant,degC_day,degC_day,fraction,dimensionless,kg/ha/(MJ/m2),MODEL_BASE_PARAMETER,0.5,0.4991389845512067,0.023981698140073986,ASSUMED_PARAMETER_NOT_CALIBRATED,False,seeded truncated normal; sigma=0.025,0.05,2.0,0.0,2.0,MODEL_BASE_PARAMETER,40.0,40.10657730611137,1.982589383884093,ASSUMED_PARAMETER_NOT_CALIBRATED,False,seeded truncated normal; sigma=2.0 kg/ha/(MJ/m2),10.0,90.0,10.0,90.0,DERIVED_FSPM,SIMPLIFIED_FSPM maize population,3.0-simplified-fspm,unweighted population statistics,True,SIMPLIFIED_FSPM,2.200637332259781,2.3032129413075433,1.1934667379674324,29.682788191294538,1449.9999999999998,2.200637332259781,192.50426686570935,26.828385020242745,0.044212668000000004,2.200637332259781,1190.7581216803205,2.200637332259781,2.3163539170697396,40.10657730611136,13.346751380941859,0.0,4.927255601191592,0.4991389845512067,844.133362734949,0.9119294400507997,4.927255601191592,0.9073539882663231,0.5821609398172062,7000,1.0,7,7,DERIVED_SWAT_PROFILE_UNIFORM_ROOT_ZONE_APPROXIMATION,SWAT_HRU_AREA_X_2019_CDL_CORN_FRACTION_WEIGHTED; inactive calendar groups contribute zero living-crop structure,DATED_FSPM_MAIZE_AREA_STATE_ACROSS_EXECUTED_SWAT_CALENDARS
2019-07-21,True,True,SWAT+ mgt_out.txt PLANT and HARV/KILL events by HRU,EXECUTED_SWAT_MANAGEMENT_EVENTS,FSPM grows each distinct HRU calendar separately; field playback is weighted over the mapped maize HRU area. Daily event timing is applied to the complete day.,maize,MULTIPLE_EXECUTED_SWAT_HRU_CALENDARS,REPRODUCTIVE,"volumetric percent [0, 100]",m2_leaf/m2_ground,fraction,m,mm/day,mm/day,mm/day,mm/day,"fraction [0, 1]",g/plant,g/plant,degC_day,degC_day,fraction,dimensionless,kg/ha/(MJ/m2),MODEL_BASE_PARAMETER,0.5,0.4991389845512067,0.023981698140073986,ASSUMED_PARAMETER_NOT_CALIBRATED,False,seeded truncated normal; sigma=0.025,0.05,2.0,0.0,2.0,MODEL_BASE_PARAMETER,40.0,40.10657730611137,1.982589383884093,ASSUMED_PARAMETER_NOT_CALIBRATED,False,seeded truncated normal; sigma=2.0 kg/ha/(MJ/m2),10.0,90.0,10.0,90.0,DERIVED_FSPM,SIMPLIFIED_FSPM maize population,3.0-simplified-fspm,unweighted population statistics,True,SIMPLIFIED_FSPM,2.2671112926284747,2.3727853706659023,1.1951508006651488,29.495439828194513,1449.9999999999998,2.2671112926284747,197.49095132116102,26.827378948299295,0.044212668000000004,2.2671112926284747,1193.4667379674327,2.2671112926284747,2.328918465756771,40.10657730611136,13.342869274152312,0.0,4.942859233782752,0.4991389845512067,856.8060796388833,0.9125988913093201,4.942859233782752,0.9030419626993132,0.5909007445785401,7000,1.0,7,7,DERIVED_SWAT_PROFILE_UNIFORM_ROOT_ZONE_APPROXIMATION,SWAT_HRU_AREA_X_2019_CDL_CORN_FRACTION_WEIGHTED; inactive calendar groups contribute zero living-crop structure,DATED_FSPM_MAIZE_AREA_STATE_ACROSS_EXECUTED_SWAT_CALENDARS
2019-07-22,True,True,SWAT+ mgt_out.txt PLANT and HARV/KILL events by HRU,EXECUTED_SWAT_MANAGEMENT_EVENTS,FSPM grows each distinct HRU calendar separately; field playback is weighted over the mapped maize HRU area. Daily event timing is applied to the complete day.,maize,MULTIPLE_EXECUTED_SWAT_HRU_CALENDARS,REPRODUCTIVE,"volumetric percent [0, 100]",m2_leaf/m2_ground,fraction,m,mm/day,mm/day,mm/day,mm/day,"fraction [0, 1]",g/plant,g/plant,degC_day,degC_day,fraction,dimensionless,kg/ha/(MJ/m2),MODEL_BASE_PARAMETER,0.5,0.4991389845512067,0.023981698140073986,ASSUMED_PARAMETER_NOT_CALIBRATED,False,seeded truncated normal; sigma=0.025,0.05,2.0,0.0,2.0,MODEL_BASE_PARAMETER,40.0,40.10657730611137,1.982589383884093,ASSUMED_PARAMETER_NOT_CALIBRATED,False,seeded truncated normal; sigma=2.0 kg/ha/(MJ/m2),10.0,90.0,10.0,90.0,DERIVED_FSPM,SIMPLIFIED_FSPM maize population,3.0-simplified-fspm,unweighted population statistics,True,SIMPLIFIED_FSPM,2.291245903021444,2.39805002588393,1.1962790346437218,29.266240697990494,1449.9999999999998,2.291245903021444,203.05140746135294,26.826784503427866,0.04421456273808603,2.291245903021444,1195.1508006651488,2.291245903021444,2.33914617423112,40.10657730611136,13.340470170799867,0.0,4.954745621147836,0.4991389845512067,867.3742516097855,0.9131052782509187,4.954745621147836,0.8976814968604966,0.5981891390412313,7000,1.0,7,7,DERIVED_SWAT_PROFILE_UNIFORM_ROOT_ZONE_APPROXIMATION,SWAT_HRU_AREA_X_2019_CDL_CORN_FRACTION_WEIGHTED; inactive calendar groups contribute zero living-crop structure,DATED_FSPM_MAIZE_AREA_STATE_ACROSS_EXECUTED_SWAT_CALENDARS
2019-07-23,True,True,SWAT+ mgt_out.txt PLANT and HARV/KILL events by HRU,EXECUTED_SWAT_MANAGEMENT_EVENTS,FSPM grows each distinct HRU calendar separately; field playback is weighted over the mapped maize HRU area. Daily event timing is applied to the complete day.,maize,MULTIPLE_EXECUTED_SWAT_HRU_CALENDARS,REPRODUCTIVE,"volumetric percent [0, 100]",m2_leaf/m2_ground,fraction,m,mm/day,mm/day,mm/day,mm/day,"fraction [0, 1]",g/plant,g/plant,degC_day,degC_day,fraction,dimensionless,kg/ha/(MJ/m2),MODEL_BASE_PARAMETER,0.5,0.4991389845512067,0.023981698140073986,ASSUMED_PARAMETER_NOT_CALIBRATED,False,seeded truncated normal; sigma=0.025,0.05,2.0,0.0,2.0,MODEL_BASE_PARAMETER,40.0,40.10657730611137,1.982589383884093,ASSUMED_PARAMETER_NOT_CALIBRATED,False,seeded truncated normal; sigma=2.0 kg/ha/(MJ/m2),10.0,90.0,10.0,90.0,DERIVED_FSPM,SIMPLIFIED_FSPM maize population,3.0-simplified-fspm,unweighted population statistics,True,SIMPLIFIED_FSPM,2.3351386895865263,2.4440289153016086,1.19729076844503,29.023815119045775,1449.9999999999998,2.3351386895865263,209.00635139133936,26.82638580384778,0.04423004184629298,2.3351386895865263,1196.2790346437218,2.3351386895865263,2.35010612667258,40.10657730611136,13.338869295745022,0.0,4.966670715992312,0.4991389845512067,878.9630297843853,0.913610357893602,4.966670715992312,0.8920098667717394,0.6061813998513004,7000,1.0,7,7,DERIVED_SWAT_PROFILE_UNIFORM_ROOT_ZONE_APPROXIMATION,SWAT_HRU_AREA_X_2019_CDL_CORN_FRACTION_WEIGHTED; inactive calendar groups contribute zero living-crop structure,DATED_FSPM_MAIZE_AREA_STATE_ACROSS_EXECUTED_SWAT_CALENDARS
2019-07-24,True,True,SWAT+ mgt_out.txt PLANT and HARV/KILL events by HRU,EXECUTED_SWAT_MANAGEMENT_EVENTS,FSPM grows each distinct HRU calendar separately; field playback is weighted over the mapped maize HRU area. Daily event timing is applied to the complete day.,maize,MULTIPLE_EXECUTED_SWAT_HRU_CALENDARS,REPRODUCTIVE,"volumetric percent [0, 100]",m2_leaf/m2_ground,fraction,m,mm/day,mm/day,mm/day,mm/day,"fraction [0, 1]",g/plant,g/plant,degC_day,degC_day,fraction,dimensionless,kg/ha/(MJ/m2),MODEL_BASE_PARAMETER,0.5,0.4991389845512067,0.023981698140073986,ASSUMED_PARAMETER_NOT_CALIBRATED,False,seeded truncated normal; sigma=0.025,0.05,2.0,0.0,2.0,MODEL_BASE_PARAMETER,40.0,40.10657730611137,1.982589383884093,ASSUMED_PARAMETER_NOT_CALIBRATED,False,seeded truncated normal; sigma=2.0 kg/ha/(MJ/m2),10.0,90.0,10.0,90.0,DERIVED_FSPM,SIMPLIFIED_FSPM maize population,3.0-simplified-fspm,unweighted population statistics,True,SIMPLIFIED_FSPM,2.3656669811182574,2.4760576495739506,1.1981550824845597,28.780959118375698,1449.9999999999998,2.3656669811182574,214.93125655406004,26.82603314803721,0.04425948518680871,2.3656669811182574,1197.2907684450302,2.3656669811182574,2.361828926993184,40.10657730611136,13.337434766485822,0.0,4.97852864706031,0.4991389845512067,891.6771265885006,0.9141095992748379,4.97852864706031,0.8863289716977087,0.6149497424748279,7000,1.0,7,7,DERIVED_SWAT_PROFILE_UNIFORM_ROOT_ZONE_APPROXIMATION,SWAT_HRU_AREA_X_2019_CDL_CORN_FRACTION_WEIGHTED; inactive calendar groups contribute zero living-crop structure,DATED_FSPM_MAIZE_AREA_STATE_ACROSS_EXECUTED_SWAT_CALENDARS
2019-07-25,True,True,SWAT+ mgt_out.txt PLANT and HARV/KILL events by HRU,EXECUTED_SWAT_MANAGEMENT_EVENTS,FSPM grows each distinct HRU calendar separately; field playback is weighted over the mapped maize HRU area. Daily event timing is applied to the complete day.,maize,MULTIPLE_EXECUTED_SWAT_HRU_CALENDARS,REPRODUCTIVE,"volumetric percent [0, 100]",m2_leaf/m2_ground,fraction,m,mm/day,mm/day,mm/day,mm/day,"fraction [0, 1]",g/plant,g/plant,degC_day,degC_day,fraction,dimensionless,kg/ha/(MJ/m2),MODEL_BASE_PARAMETER,0.5,0.4991389845512067,0.023981698140073986,ASSUMED_PARAMETER_NOT_CALIBRATED,False,seeded truncated normal; sigma=0.025,0.05,2.0,0.0,2.0,MODEL_BASE_PARAMETER,40.0,40.10657730611137,1.982589383884093,ASSUMED_PARAMETER_NOT_CALIBRATED,False,seeded truncated normal; sigma=2.0 kg/ha/(MJ/m2),10.0,90.0,10.0,90.0,DERIVED_FSPM,SIMPLIFIED_FSPM maize population,3.0-simplified-fspm,unweighted population statistics,True,SIMPLIFIED_FSPM,1.9414437429156146,2.032162786973486,1.198817917224656,28.623015991469224,1449.9999999999998,1.9414437429156146,220.78165918913595,26.825736562113725,0.044315278569152294,1.9414437429156146,1198.1550824845601,1.9414437429156146,2.3735374963769824,40.10657730611136,13.336213965988359,0.0,4.98946022890244,0.4991389845512067,904.7199600551456,0.9145669015266212,4.98946022890244,0.8823756328661644,0.6239448000380315,7000,1.0,7,7,DERIVED_SWAT_PROFILE_UNIFORM_ROOT_ZONE_APPROXIMATION,SWAT_HRU_AREA_X_2019_CDL_CORN_FRACTION_WEIGHTED; inactive calendar groups contribute zero living-crop structure,DATED_FSPM_MAIZE_AREA_STATE_ACROSS_EXECUTED_SWAT_CALENDARS
2019-07-26,True,True,SWAT+ mgt_out.txt PLANT and HARV/KILL events by HRU,EXECUTED_SWAT_MANAGEMENT_EVENTS,FSPM grows each distinct HRU calendar separately; field playback is weighted over the mapped maize HRU area. Daily event timing is applied to the complete day.,maize,MULTIPLE_EXECUTED_SWAT_HRU_CALENDARS,REPRODUCTIVE,"volumetric percent [0, 100]",m2_leaf/m2_ground,fraction,m,mm/day,mm/day,mm/day,mm/day,"fraction [0, 1]",g/plant,g/plant,degC_day,degC_day,fraction,dimensionless,kg/ha/(MJ/m2),MODEL_BASE_PARAMETER,0.5,0.4991389845512067,0.023981698140073986,ASSUMED_PARAMETER_NOT_CALIBRATED,False,seeded truncated normal; sigma=0.025,0.05,2.0,0.0,2.0,MODEL_BASE_PARAMETER,40.0,40.10657730611137,1.982589383884093,ASSUMED_PARAMETER_NOT_CALIBRATED,False,seeded truncated normal; sigma=2.0 kg/ha/(MJ/m2),10.0,90.0,10.0,90.0,DERIVED_FSPM,SIMPLIFIED_FSPM maize population,3.0-simplified-fspm,unweighted population statistics,True,SIMPLIFIED_FSPM,2.399488113347167,2.5118952928382927,1.1993810597986334,28.439309076551623,1449.9999999999998,2.399488113347167,225.34238773232835,26.82552160719251,0.04442647396067622,2.399488113347167,1198.8179172246562,2.399488113347167,2.3880768393967706,40.10657730611136,13.33528308491536,0.0,5.001789093547986,0.4991389845512067,921.4227488715414,0.9150794342496341,5.001789093547986,0.877768212910742,0.635463964738994,7000,1.0,7,7,DERIVED_SWAT_PROFILE_UNIFORM_ROOT_ZONE_APPROXIMATION,SWAT_HRU_AREA_X_2019_CDL_CORN_FRACTION_WEIGHTED; inactive calendar groups contribute zero living-crop structure,DATED_FSPM_MAIZE_AREA_STATE_ACROSS_EXECUTED_SWAT_CALENDARS
2019-07-27,True,True,SWAT+ mgt_out.txt PLANT and HARV/KILL events by HRU,EXECUTED_SWAT_MANAGEMENT_EVENTS,FSPM grows each distinct HRU calendar separately; field playback is weighted over the mapped maize HRU area. Daily event timing is applied to the complete day.,maize,MULTIPLE_EXECUTED_SWAT_HRU_CALENDARS,REPRODUCTIVE,"volumetric percent [0, 100]",m2_leaf/m2_ground,fraction,m,mm/day,mm/day,mm/day,mm/day,"fraction [0, 1]",g/plant,g/plant,degC_day,degC_day,fraction,dimensionless,kg/ha/(MJ/m2),MODEL_BASE_PARAMETER,0.5,0.4991389845512067,0.023981698140073986,ASSUMED_PARAMETER_NOT_CALIBRATED,False,seeded truncated normal; sigma=0.025,0.05,2.0,0.0,2.0,MODEL_BASE_PARAMETER,40.0,40.10657730611137,1.982589383884093,ASSUMED_PARAMETER_NOT_CALIBRATED,False,seeded truncated normal; sigma=2.0 kg/ha/(MJ/m2),10.0,90.0,10.0,90.0,DERIVED_FSPM,SIMPLIFIED_FSPM maize population,3.0-simplified-fspm,unweighted population statistics,True,SIMPLIFIED_FSPM,2.3480965926889676,2.4587709546232537,1.199711948815239,28.15103775700463,1449.9999999999998,2.3480965926889676,230.80145380789455,26.82535290800392,0.044693002869274315,2.3480965926889676,1199.3810597986333,2.3480965926889676,2.4023498644017223,40.10657730611136,13.334495234039823,0.0,5.012151663676003,0.4991389845512067,938.4034260234093,0.915507076550584,5.012151663676003,0.870922441640273,0.6471747765678685,7000,1.0,7,7,DERIVED_SWAT_PROFILE_UNIFORM_ROOT_ZONE_APPROXIMATION,SWAT_HRU_AREA_X_2019_CDL_CORN_FRACTION_WEIGHTED; inactive calendar groups contribute zero living-crop structure,DATED_FSPM_MAIZE_AREA_STATE_ACROSS_EXECUTED_SWAT_CALENDARS
2019-07-28,True,True,SWAT+ mgt_out.txt PLANT and HARV/KILL events by HRU,EXECUTED_SWAT_MANAGEMENT_EVENTS,FSPM grows each distinct HRU calendar separately; field playback is weighted over the mapped maize HRU area. Daily event timing is applied to the complete day.,maize,MULTIPLE_EXECUTED_SWAT_HRU_CALENDARS,REPRODUCTIVE,"volumetric percent [0, 100]",m2_leaf/m2_ground,fraction,m,mm/day,mm/day,mm/day,mm/day,"fraction [0, 1]",g/plant,g/plant,degC_day,degC_day,fraction,dimensionless,kg/ha/(MJ/m2),MODEL_BASE_PARAMETER,0.5,0.4991389845512067,0.023981698140073986,ASSUMED_PARAMETER_NOT_CALIBRATED,False,seeded truncated normal; sigma=0.025,0.05,2.0,0.0,2.0,MODEL_BASE_PARAMETER,40.0,40.10657730611137,1.982589383884093,ASSUMED_PARAMETER_NOT_CALIBRATED,False,seeded truncated normal; sigma=2.0 kg/ha/(MJ/m2),10.0,90.0,10.0,90.0,DERIVED_FSPM,SIMPLIFIED_FSPM maize population,3.0-simplified-fspm,unweighted population statistics,True,SIMPLIFIED_FSPM,2.1503214426610433,2.251692994748816,1.1998952452312415,28.238545934363206,1449.9999999999998,2.1503214426610433,236.1185273123192,26.825258899060884,0.044690672133284835,2.1503214426610433,1199.711948815239,2.1503214426610433,2.4148394732633247,40.10657730611136,13.334035054857285,0.0,5.02001280883287,0.4991389845512067,953.7736603738516,0.9158308961422045,5.02001280883287,0.8717760186761911,0.6577749381888631,7000,1.0,7,7,DERIVED_SWAT_PROFILE_UNIFORM_ROOT_ZONE_APPROXIMATION,SWAT_HRU_AREA_X_2019_CDL_CORN_FRACTION_WEIGHTED; inactive calendar groups contribute zero living-crop structure,DATED_FSPM_MAIZE_AREA_STATE_ACROSS_EXECUTED_SWAT_CALENDARS
2019-07-29,True,True,SWAT+ mgt_out.txt PLANT and HARV/KILL events by HRU,EXECUTED_SWAT_MANAGEMENT_EVENTS,FSPM grows each distinct HRU calendar separately; field playback is weighted over the mapped maize HRU area. Daily event timing is applied to the complete day.,maize,MULTIPLE_EXECUTED_SWAT_HRU_CALENDARS,REPRODUCTIVE,"volumetric percent [0, 100]",m2_leaf/m2_ground,fraction,m,mm/day,mm/day,mm/day,mm/day,"fraction [0, 1]",g/plant,g/plant,degC_day,degC_day,fraction,dimensionless,kg/ha/(MJ/m2),MODEL_BASE_PARAMETER,0.5,0.4991389845512067,0.023981698140073986,ASSUMED_PARAMETER_NOT_CALIBRATED,False,seeded truncated normal; sigma=0.025,0.05,2.0,0.0,2.0,MODEL_BASE_PARAMETER,40.0,40.10657730611137,1.982589383884093,ASSUMED_PARAMETER_NOT_CALIBRATED,False,seeded truncated normal; sigma=2.0 kg/ha/(MJ/m2),10.0,90.0,10.0,90.0,DERIVED_FSPM,SIMPLIFIED_FSPM maize population,3.0-simplified-fspm,unweighted population statistics,True,SIMPLIFIED_FSPM,2.213111493471636,2.317331335829507,1.2000025986432203,28.35328993695974,1449.9999999999998,2.213111493471636,241.05070939477164,26.825202116389093,0.04465470569646895,2.213111493471636,1199.8952452312412,2.213111493471636,2.4238886543025377,40.10657730611136,13.333779922726603,0.0,5.024112367701995,0.4991389845512067,965.2246846570204,0.9159982015374246,5.024112367701995,0.8733315718283245,0.6656721963151864,7000,1.0,7,7,DERIVED_SWAT_PROFILE_UNIFORM_ROOT_ZONE_APPROXIMATION,SWAT_HRU_AREA_X_2019_CDL_CORN_FRACTION_WEIGHTED; inactive calendar groups contribute zero living-crop structure,DATED_FSPM_MAIZE_AREA_STATE_ACROSS_EXECUTED_SWAT_CALENDARS
2019-07-30,True,True,SWAT+ mgt_out.txt PLANT and HARV/KILL events by HRU,EXECUTED_SWAT_MANAGEMENT_EVENTS,FSPM grows each distinct HRU calendar separately; field playback is weighted over the mapped maize HRU area. Daily event timing is applied to the complete day.,maize,MULTIPLE_EXECUTED_SWAT_HRU_CALENDARS,REPRODUCTIVE,"volumetric percent [0, 100]",m2_leaf/m2_ground,fraction,m,mm/day,mm/day,mm/day,mm/day,"fraction [0, 1]",g/plant,g/plant,degC_day,degC_day,fraction,dimensionless,kg/ha/(MJ/m2),MODEL_BASE_PARAMETER,0.5,0.4991389845512067,0.023981698140073986,ASSUMED_PARAMETER_NOT_CALIBRATED,False,seeded truncated normal; sigma=0.025,0.05,2.0,0.0,2.0,MODEL_BASE_PARAMETER,40.0,40.10657730611137,1.982589383884093,ASSUMED_PARAMETER_NOT_CALIBRATED,False,seeded truncated normal; sigma=2.0 kg/ha/(MJ/m2),10.0,90.0,10.0,90.0,DERIVED_FSPM,SIMPLIFIED_FSPM maize population,3.0-simplified-fspm,unweighted population statistics,True,SIMPLIFIED_FSPM,2.22356440846594,2.328985145537662,1.2000832844765632,28.11948063475582,1449.9999999999998,2.22356440846594,246.62178219496883,26.825162869494463,0.044941511424742495,2.22356440846594,1200.0025986432204,2.22356440846594,2.431809849229783,40.10657730611136,13.333628493540983,0.0,5.025344751413617,0.4991389845512067,975.4746420095147,0.9160417572985937,5.025344751413617,0.8679048557322022,0.6727411324203548,7000,1.0,7,7,DERIVED_SWAT_PROFILE_UNIFORM_ROOT_ZONE_APPROXIMATION,SWAT_HRU_AREA_X_2019_CDL_CORN_FRACTION_WEIGHTED; inactive calendar groups contribute zero living-crop structure,DATED_FSPM_MAIZE_AREA_STATE_ACROSS_EXECUTED_SWAT_CALENDARS
2019-07-31,True,True,SWAT+ mgt_out.txt PLANT and HARV/KILL events by HRU,EXECUTED_SWAT_MANAGEMENT_EVENTS,FSPM grows each distinct HRU calendar separately; field playback is weighted over the mapped maize HRU area. Daily event timing is applied to the complete day.,maize,MULTIPLE_EXECUTED_SWAT_HRU_CALENDARS,REPRODUCTIVE,"volumetric percent [0, 100]",m2_leaf/m2_ground,fraction,m,mm/day,mm/day,mm/day,mm/day,"fraction [0, 1]",g/plant,g/plant,degC_day,degC_day,fraction,dimensionless,kg/ha/(MJ/m2),MODEL_BASE_PARAMETER,0.5,0.4991389845512067,0.023981698140073986,ASSUMED_PARAMETER_NOT_CALIBRATED,False,seeded truncated normal; sigma=0.025,0.05,2.0,0.0,2.0,MODEL_BASE_PARAMETER,40.0,40.10657730611137,1.982589383884093,ASSUMED_PARAMETER_NOT_CALIBRATED,False,seeded truncated normal; sigma=2.0 kg/ha/(MJ/m2),10.0,90.0,10.0,90.0,DERIVED_FSPM,SIMPLIFIED_FSPM maize population,3.0-simplified-fspm,unweighted population statistics,True,SIMPLIFIED_FSPM,1.7315037257677195,1.8144215117645093,1.200141348723065,27.911950489094757,1449.9999999999998,1.7315037257677195,252.40783010792842,26.825136304863033,0.04534787081176088,1.7315037257677195,1200.0832844765632,1.7315037257677195,2.4401739820907093,40.10657730611136,13.333514663654277,0.0,5.024009516102876,0.4991389845512067,986.5426175873637,0.9159708608428133,5.024009516102876,0.8631956744061912,0.6803742190257682,7000,1.0,7,7,DERIVED_SWAT_PROFILE_UNIFORM_ROOT_ZONE_APPROXIMATION,SWAT_HRU_AREA_X_2019_CDL_CORN_FRACTION_WEIGHTED; inactive calendar groups contribute zero living-crop structure,DATED_FSPM_MAIZE_AREA_STATE_ACROSS_EXECUTED_SWAT_CALENDARS
2019-08-01,True,True,SWAT+ mgt_out.txt PLANT and HARV/KILL events by HRU,EXECUTED_SWAT_MANAGEMENT_EVENTS,FSPM grows each distinct HRU calendar separately; field playback is weighted over the mapped maize HRU area. Daily event timing is applied to the complete day.,maize,MULTIPLE_EXECUTED_SWAT_HRU_CALENDARS,REPRODUCTIVE,"volumetric percent [0, 100]",m2_leaf/m2_ground,fraction,m,mm/day,mm/day,mm/day,mm/day,"fraction [0, 1]",g/plant,g/plant,degC_day,degC_day,fraction,dimensionless,kg/ha/(MJ/m2),MODEL_BASE_PARAMETER,0.5,0.4991389845512067,0.023981698140073986,ASSUMED_PARAMETER_NOT_CALIBRATED,False,seeded truncated normal; sigma=0.025,0.05,2.0,0.0,2.0,MODEL_BASE_PARAMETER,40.0,40.10657730611137,1.982589383884093,ASSUMED_PARAMETER_NOT_CALIBRATED,False,seeded truncated normal; sigma=2.0 kg/ha/(MJ/m2),10.0,90.0,10.0,90.0,DERIVED_FSPM,SIMPLIFIED_FSPM maize population,3.0-simplified-fspm,unweighted population statistics,True,SIMPLIFIED_FSPM,2.1173269580653895,2.2199571993585137,1.2001791205775232,27.71484477047949,1449.9999999999998,2.1173269580653895,256.54050087598995,26.825121805735886,0.045904468550583395,2.1173269580653895,1200.1413487230652,2.1173269580653895,2.449503072351352,40.10657730611136,13.333433378624418,0.0,5.017937816718991,0.4991389845512067,999.1949216848435,0.9156871421006857,5.017937816718991,0.8588806411055853,0.6890999459895472,7000,1.0,7,7,DERIVED_SWAT_PROFILE_UNIFORM_ROOT_ZONE_APPROXIMATION,SWAT_HRU_AREA_X_2019_CDL_CORN_FRACTION_WEIGHTED; inactive calendar groups contribute zero living-crop structure,DATED_FSPM_MAIZE_AREA_STATE_ACROSS_EXECUTED_SWAT_CALENDARS
2019-08-02,True,True,SWAT+ mgt_out.txt PLANT and HARV/KILL events by HRU,EXECUTED_SWAT_MANAGEMENT_EVENTS,FSPM grows each distinct HRU calendar separately; field playback is weighted over the mapped maize HRU area. Daily event timing is applied to the complete day.,maize,MULTIPLE_EXECUTED_SWAT_HRU_CALENDARS,REPRODUCTIVE,"volumetric percent [0, 100]",m2_leaf/m2_ground,fraction,m,mm/day,mm/day,mm/day,mm/day,"fraction [0, 1]",g/plant,g/plant,degC_day,degC_day,fraction,dimensionless,kg/ha/(MJ/m2),MODEL_BASE_PARAMETER,0.5,0.4991389845512067,0.023981698140073986,ASSUMED_PARAMETER_NOT_CALIBRATED,False,seeded truncated normal; sigma=0.025,0.05,2.0,0.0,2.0,MODEL_BASE_PARAMETER,40.0,40.10657730611137,1.982589383884093,ASSUMED_PARAMETER_NOT_CALIBRATED,False,seeded truncated normal; sigma=2.0 kg/ha/(MJ/m2),10.0,90.0,10.0,90.0,DERIVED_FSPM,SIMPLIFIED_FSPM maize population,3.0-simplified-fspm,unweighted population statistics,True,SIMPLIFIED_FSPM,1.895477631285267,1.9890768860462247,1.2002032114260073,27.505347365550566,1449.9999999999998,1.895477631285267,261.614957768244,26.82511513647386,0.04667942720125049,1.895477631285267,1200.1791205775232,1.895477631285267,2.4591808521316283,40.10657730611136,13.333382819973423,0.0,5.003421592833535,0.4991389845512067,1012.6824746515429,0.9150190464619802,5.003421592833535,0.8540052953040007,0.6984017066562365,7000,1.0,7,7,DERIVED_SWAT_PROFILE_UNIFORM_ROOT_ZONE_APPROXIMATION,SWAT_HRU_AREA_X_2019_CDL_CORN_FRACTION_WEIGHTED; inactive calendar groups contribute zero living-crop structure,DATED_FSPM_MAIZE_AREA_STATE_ACROSS_EXECUTED_SWAT_CALENDARS
2019-08-03,True,True,SWAT+ mgt_out.txt PLANT and HARV/KILL events by HRU,EXECUTED_SWAT_MANAGEMENT_EVENTS,FSPM grows each distinct HRU calendar separately; field playback is weighted over the mapped maize HRU area. Daily event timing is applied to the complete day.,maize,MULTIPLE_EXECUTED_SWAT_HRU_CALENDARS,REPRODUCTIVE,"volumetric percent [0, 100]",m2_leaf/m2_ground,fraction,m,mm/day,mm/day,mm/day,mm/day,"fraction [0, 1]",g/plant,g/plant,degC_day,degC_day,fraction,dimensionless,kg/ha/(MJ/m2),MODEL_BASE_PARAMETER,0.5,0.4991389845512067,0.023981698140073986,ASSUMED_PARAMETER_NOT_CALIBRATED,False,seeded truncated normal; sigma=0.025,0.05,2.0,0.0,2.0,MODEL_BASE_PARAMETER,40.0,40.10657730611137,1.982589383884093,ASSUMED_PARAMETER_NOT_CALIBRATED,False,seeded truncated normal; sigma=2.0 kg/ha/(MJ/m2),10.0,90.0,10.0,90.0,DERIVED_FSPM,SIMPLIFIED_FSPM maize population,3.0-simplified-fspm,unweighted population statistics,True,SIMPLIFIED_FSPM,2.1494546197793065,2.2574831763961325,1.200215807778756,27.30108169836097,1449.9999999999998,2.1494546197793065,265.93322401618065,26.825108522166296,0.047527631378408514,2.1494546197793065,1200.203211426007,2.1494546197793065,2.468897326702206,40.10657730611136,13.333349701138964,0.0,4.977223460970513,0.4991389845512067,1026.614111749449,0.9138099550882708,4.977223460970513,0.8493448928116977,0.7080097322409995,7000,1.0,7,7,DERIVED_SWAT_PROFILE_UNIFORM_ROOT_ZONE_APPROXIMATION,SWAT_HRU_AREA_X_2019_CDL_CORN_FRACTION_WEIGHTED; inactive calendar groups contribute zero living-crop structure,DATED_FSPM_MAIZE_AREA_STATE_ACROSS_EXECUTED_SWAT_CALENDARS
2019-08-04,True,True,SWAT+ mgt_out.txt PLANT and HARV/KILL events by HRU,EXECUTED_SWAT_MANAGEMENT_EVENTS,FSPM grows each distinct HRU calendar separately; field playback is weighted over the mapped maize HRU area. Daily event timing is applied to the complete day.,maize,MULTIPLE_EXECUTED_SWAT_HRU_CALENDARS,REPRODUCTIVE,"volumetric percent [0, 100]",m2_leaf/m2_ground,fraction,m,mm/day,mm/day,mm/day,mm/day,"fraction [0, 1]",g/plant,g/plant,degC_day,degC_day,fraction,dimensionless,kg/ha/(MJ/m2),MODEL_BASE_PARAMETER,0.5,0.4991389845512067,0.023981698140073986,ASSUMED_PARAMETER_NOT_CALIBRATED,False,seeded truncated normal; sigma=0.025,0.05,2.0,0.0,2.0,MODEL_BASE_PARAMETER,40.0,40.10657730611137,1.982589383884093,ASSUMED_PARAMETER_NOT_CALIBRATED,False,seeded truncated normal; sigma=2.0 kg/ha/(MJ/m2),10.0,90.0,10.0,90.0,DERIVED_FSPM,SIMPLIFIED_FSPM maize population,3.0-simplified-fspm,unweighted population statistics,True,SIMPLIFIED_FSPM,2.2104069336418135,2.323563130160487,1.2002181524912712,27.11299030481753,1449.9999999999998,2.2104069336418135,270.9339147450024,26.825107575060564,0.04837702998942,2.2104069336418135,1200.2158077787556,2.2104069336418135,2.4793849633397627,40.10657730611136,13.333332654001117,0.0,4.9329263373175625,0.4991389845512067,1042.1177696017678,0.9117360759398486,4.9329263373175625,0.844817596649815,0.7187019100701848,7000,1.0,7,7,DERIVED_SWAT_PROFILE_UNIFORM_ROOT_ZONE_APPROXIMATION,SWAT_HRU_AREA_X_2019_CDL_CORN_FRACTION_WEIGHTED; inactive calendar groups contribute zero living-crop structure,DATED_FSPM_MAIZE_AREA_STATE_ACROSS_EXECUTED_SWAT_CALENDARS
2019-08-05,True,True,SWAT+ mgt_out.txt PLANT and HARV/KILL events by HRU,EXECUTED_SWAT_MANAGEMENT_EVENTS,FSPM grows each distinct HRU calendar separately; field playback is weighted over the mapped maize HRU area. Daily event timing is applied to the complete day.,maize,MULTIPLE_EXECUTED_SWAT_HRU_CALENDARS,REPRODUCTIVE,"volumetric percent [0, 100]",m2_leaf/m2_ground,fraction,m,mm/day,mm/day,mm/day,mm/day,"fraction [0, 1]",g/plant,g/plant,degC_day,degC_day,fraction,dimensionless,kg/ha/(MJ/m2),MODEL_BASE_PARAMETER,0.5,0.4991389845512067,0.023981698140073986,ASSUMED_PARAMETER_NOT_CALIBRATED,False,seeded truncated normal; sigma=0.025,0.05,2.0,0.0,2.0,MODEL_BASE_PARAMETER,40.0,40.10657730611137,1.982589383884093,ASSUMED_PARAMETER_NOT_CALIBRATED,False,seeded truncated normal; sigma=2.0 kg/ha/(MJ/m2),10.0,90.0,10.0,90.0,DERIVED_FSPM,SIMPLIFIED_FSPM maize population,3.0-simplified-fspm,unweighted population statistics,True,SIMPLIFIED_FSPM,2.0153649966491765,2.1162563738653297,1.2002188215154959,27.163516023322213,1449.9999999999998,2.0153649966491765,276.1148373821588,26.825107861214562,0.04735135872589595,2.0153649966491765,1200.2181524912712,2.0153649966491765,2.489295178366315,40.10657730611136,13.333329810040613,0.07374876570576831,4.876293911701565,0.4991389845512067,1057.2442642449598,0.9090370463843636,4.876293911701565,0.8471727191015145,0.7291339753413516,7000,1.0,7,7,DERIVED_SWAT_PROFILE_UNIFORM_ROOT_ZONE_APPROXIMATION,SWAT_HRU_AREA_X_2019_CDL_CORN_FRACTION_WEIGHTED; inactive calendar groups contribute zero living-crop structure,DATED_FSPM_MAIZE_AREA_STATE_ACROSS_EXECUTED_SWAT_CALENDARS
2019-08-06,True,True,SWAT+ mgt_out.txt PLANT and HARV/KILL events by HRU,EXECUTED_SWAT_MANAGEMENT_EVENTS,FSPM grows each distinct HRU calendar separately; field playback is weighted over the mapped maize HRU area. Daily event timing is applied to the complete day.,maize,MULTIPLE_EXECUTED_SWAT_HRU_CALENDARS,REPRODUCTIVE,"volumetric percent [0, 100]",m2_leaf/m2_ground,fraction,m,mm/day,mm/day,mm/day,mm/day,"fraction [0, 1]",g/plant,g/plant,degC_day,degC_day,fraction,dimensionless,kg/ha/(MJ/m2),MODEL_BASE_PARAMETER,0.5,0.4991389845512067,0.023981698140073986,ASSUMED_PARAMETER_NOT_CALIBRATED,False,seeded truncated normal; sigma=0.025,0.05,2.0,0.0,2.0,MODEL_BASE_PARAMETER,40.0,40.10657730611137,1.982589383884093,ASSUMED_PARAMETER_NOT_CALIBRATED,False,seeded truncated normal; sigma=2.0 kg/ha/(MJ/m2),10.0,90.0,10.0,90.0,DERIVED_FSPM,SIMPLIFIED_FSPM maize population,3.0-simplified-fspm,unweighted population statistics,True,SIMPLIFIED_FSPM,2.1474657032175193,2.253473505913209,1.2002188215154959,27.18322878875431,1449.9999999999998,2.1474657032175193,280.7286874798991,26.825107942862733,0.04672753415357281,2.1474657032175193,1200.218821515496,2.1474657032175193,2.498206892906688,40.10657730611136,13.333328998574816,0.39998172234875845,4.8066925448631865,0.4991389845512067,1071.2645505214373,0.9056524761418342,4.8066925448631865,0.8486379750017963,0.7388031382906466,7000,1.0,7,7,DERIVED_SWAT_PROFILE_UNIFORM_ROOT_ZONE_APPROXIMATION,SWAT_HRU_AREA_X_2019_CDL_CORN_FRACTION_WEIGHTED; inactive calendar groups contribute zero living-crop structure,DATED_FSPM_MAIZE_AREA_STATE_ACROSS_EXECUTED_SWAT_CALENDARS
2019-08-07,True,True,SWAT+ mgt_out.txt PLANT and HARV/KILL events by HRU,EXECUTED_SWAT_MANAGEMENT_EVENTS,FSPM grows each distinct HRU calendar separately; field playback is weighted over the mapped maize HRU area. Daily event timing is applied to the complete day.,maize,MULTIPLE_EXECUTED_SWAT_HRU_CALENDARS,REPRODUCTIVE,"volumetric percent [0, 100]",m2_leaf/m2_ground,fraction,m,mm/day,mm/day,mm/day,mm/day,"fraction [0, 1]",g/plant,g/plant,degC_day,degC_day,fraction,dimensionless,kg/ha/(MJ/m2),MODEL_BASE_PARAMETER,0.5,0.4991389845512067,0.023981698140073986,ASSUMED_PARAMETER_NOT_CALIBRATED,False,seeded truncated normal; sigma=0.025,0.05,2.0,0.0,2.0,MODEL_BASE_PARAMETER,40.0,40.10657730611137,1.982589383884093,ASSUMED_PARAMETER_NOT_CALIBRATED,False,seeded truncated normal; sigma=2.0 kg/ha/(MJ/m2),10.0,90.0,10.0,90.0,DERIVED_FSPM,SIMPLIFIED_FSPM maize population,3.0-simplified-fspm,unweighted population statistics,True,SIMPLIFIED_FSPM,2.1944529435642033,2.3057561842786587,1.2002188215154959,26.951255751336735,1449.9999999999998,2.1944529435642033,285.62283432343565,26.825107942862733,0.047938292692571605,2.1944529435642033,1200.218821515496,2.1944529435642033,2.5078809676546525,40.10657730611136,13.333328998574816,1.4189609768612073,4.7073277305782035,0.4991389845512067,1086.963881237925,0.9006702494548,4.7073277305782035,0.8421826697910012,0.749630262922707,7000,1.0,7,7,DERIVED_SWAT_PROFILE_UNIFORM_ROOT_ZONE_APPROXIMATION,SWAT_HRU_AREA_X_2019_CDL_CORN_FRACTION_WEIGHTED; inactive calendar groups contribute zero living-crop structure,DATED_FSPM_MAIZE_AREA_STATE_ACROSS_EXECUTED_SWAT_CALENDARS
2019-08-08,True,True,SWAT+ mgt_out.txt PLANT and HARV/KILL events by HRU,EXECUTED_SWAT_MANAGEMENT_EVENTS,FSPM grows each distinct HRU calendar separately; field playback is weighted over the mapped maize HRU area. Daily event timing is applied to the complete day.,maize,MULTIPLE_EXECUTED_SWAT_HRU_CALENDARS,REPRODUCTIVE,"volumetric percent [0, 100]",m2_leaf/m2_ground,fraction,m,mm/day,mm/day,mm/day,mm/day,"fraction [0, 1]",g/plant,g/plant,degC_day,degC_day,fraction,dimensionless,kg/ha/(MJ/m2),MODEL_BASE_PARAMETER,0.5,0.4991389845512067,0.023981698140073986,ASSUMED_PARAMETER_NOT_CALIBRATED,False,seeded truncated normal; sigma=0.025,0.05,2.0,0.0,2.0,MODEL_BASE_PARAMETER,40.0,40.10657730611137,1.982589383884093,ASSUMED_PARAMETER_NOT_CALIBRATED,False,seeded truncated normal; sigma=2.0 kg/ha/(MJ/m2),10.0,90.0,10.0,90.0,DERIVED_FSPM,SIMPLIFIED_FSPM maize population,3.0-simplified-fspm,unweighted population statistics,True,SIMPLIFIED_FSPM,1.973062171235878,2.076157315460736,1.2002188215154959,26.739022374164556,1449.9999999999998,1.973062171235878,290.4258209253854,26.825107942862733,0.04935634850780457,1.973062171235878,1200.218821515496,1.973062171235878,2.5143288538946718,40.10657730611136,13.333328998574816,2.7520993590740974,4.629907629550088,0.4991389845512067,1097.7212034107094,0.8966521431605557,4.629907629550088,0.8364855489882154,0.7570491058004891,7000,1.0,7,7,DERIVED_SWAT_PROFILE_UNIFORM_ROOT_ZONE_APPROXIMATION,SWAT_HRU_AREA_X_2019_CDL_CORN_FRACTION_WEIGHTED; inactive calendar groups contribute zero living-crop structure,DATED_FSPM_MAIZE_AREA_STATE_ACROSS_EXECUTED_SWAT_CALENDARS
2019-08-09,True,True,SWAT+ mgt_out.txt PLANT and HARV/KILL events by HRU,EXECUTED_SWAT_MANAGEMENT_EVENTS,FSPM grows each distinct HRU calendar separately; field playback is weighted over the mapped maize HRU area. Daily event timing is applied to the complete day.,maize,MULTIPLE_EXECUTED_SWAT_HRU_CALENDARS,REPRODUCTIVE,"volumetric percent [0, 100]",m2_leaf/m2_ground,fraction,m,mm/day,mm/day,mm/day,mm/day,"fraction [0, 1]",g/plant,g/plant,degC_day,degC_day,fraction,dimensionless,kg/ha/(MJ/m2),MODEL_BASE_PARAMETER,0.5,0.4991389845512067,0.023981698140073986,ASSUMED_PARAMETER_NOT_CALIBRATED,False,seeded truncated normal; sigma=0.025,0.05,2.0,0.0,2.0,MODEL_BASE_PARAMETER,40.0,40.10657730611137,1.982589383884093,ASSUMED_PARAMETER_NOT_CALIBRATED,False,seeded truncated normal; sigma=2.0 kg/ha/(MJ/m2),10.0,90.0,10.0,90.0,DERIVED_FSPM,SIMPLIFIED_FSPM maize population,3.0-simplified-fspm,unweighted population statistics,True,SIMPLIFIED_FSPM,2.0676575620843263,2.1794147500658476,1.2002188215154959,26.543530026893457,1449.9999999999998,2.0676575620843263,295.1368564352716,26.825107942862733,0.050956223062022916,2.0676575620843263,1200.218821515496,2.0676575620843263,2.521503239067558,40.10657730611136,13.333328998574816,4.796226798247507,4.536031492366175,0.4991389845512067,1109.9789648168448,0.8916089722502892,4.536031492366175,0.8314683623893031,0.7655027343564447,7000,1.0,7,7,DERIVED_SWAT_PROFILE_UNIFORM_ROOT_ZONE_APPROXIMATION,SWAT_HRU_AREA_X_2019_CDL_CORN_FRACTION_WEIGHTED; inactive calendar groups contribute zero living-crop structure,DATED_FSPM_MAIZE_AREA_STATE_ACROSS_EXECUTED_SWAT_CALENDARS
2019-08-10,True,True,SWAT+ mgt_out.txt PLANT and HARV/KILL events by HRU,EXECUTED_SWAT_MANAGEMENT_EVENTS,FSPM grows each distinct HRU calendar separately; field playback is weighted over the mapped maize HRU area. Daily event timing is applied to the complete day.,maize,MULTIPLE_EXECUTED_SWAT_HRU_CALENDARS,REPRODUCTIVE,"volumetric percent [0, 100]",m2_leaf/m2_ground,fraction,m,mm/day,mm/day,mm/day,mm/day,"fraction [0, 1]",g/plant,g/plant,degC_day,degC_day,fraction,dimensionless,kg/ha/(MJ/m2),MODEL_BASE_PARAMETER,0.5,0.4991389845512067,0.023981698140073986,ASSUMED_PARAMETER_NOT_CALIBRATED,False,seeded truncated normal; sigma=0.025,0.05,2.0,0.0,2.0,MODEL_BASE_PARAMETER,40.0,40.10657730611137,1.982589383884093,ASSUMED_PARAMETER_NOT_CALIBRATED,False,seeded truncated normal; sigma=2.0 kg/ha/(MJ/m2),10.0,90.0,10.0,90.0,DERIVED_FSPM,SIMPLIFIED_FSPM maize population,3.0-simplified-fspm,unweighted population statistics,True,SIMPLIFIED_FSPM,1.8220974587980108,1.9239923080601298,1.2002188215154959,26.376495953398663,1449.9999999999998,1.8220974587980108,299.89761001528507,26.825107942862733,0.05262073250729648,1.8220974587980108,1200.218821515496,1.8220974587980108,2.530222344975456,40.10657730611136,13.333328998574816,9.045784130559555,4.413265401590147,0.4991389845512067,1125.308656720682,0.8847083031357581,4.413265401590147,0.8270644297309487,0.7760749356694359,7000,1.0,7,7,DERIVED_SWAT_PROFILE_UNIFORM_ROOT_ZONE_APPROXIMATION,SWAT_HRU_AREA_X_2019_CDL_CORN_FRACTION_WEIGHTED; inactive calendar groups contribute zero living-crop structure,DATED_FSPM_MAIZE_AREA_STATE_ACROSS_EXECUTED_SWAT_CALENDARS
2019-08-11,True,True,SWAT+ mgt_out.txt PLANT and HARV/KILL events by HRU,EXECUTED_SWAT_MANAGEMENT_EVENTS,FSPM grows each distinct HRU calendar separately; field playback is weighted over the mapped maize HRU area. Daily event timing is applied to the complete day.,maize,MULTIPLE_EXECUTED_SWAT_HRU_CALENDARS,REPRODUCTIVE,"volumetric percent [0, 100]",m2_leaf/m2_ground,fraction,m,mm/day,mm/day,mm/day,mm/day,"fraction [0, 1]",g/plant,g/plant,degC_day,degC_day,fraction,dimensionless,kg/ha/(MJ/m2),MODEL_BASE_PARAMETER,0.5,0.4991389845512067,0.023981698140073986,ASSUMED_PARAMETER_NOT_CALIBRATED,False,seeded truncated normal; sigma=0.025,0.05,2.0,0.0,2.0,MODEL_BASE_PARAMETER,40.0,40.10657730611137,1.982589383884093,ASSUMED_PARAMETER_NOT_CALIBRATED,False,seeded truncated normal; sigma=2.0 kg/ha/(MJ/m2),10.0,90.0,10.0,90.0,DERIVED_FSPM,SIMPLIFIED_FSPM maize population,3.0-simplified-fspm,unweighted population statistics,True,SIMPLIFIED_FSPM,1.9428717040932504,2.0543628424543705,1.2002188215154959,26.258542639539925,1449.9999999999998,1.9428717040932504,303.66121781249524,26.825107942862733,0.05390527823202414,1.9428717040932504,1200.218821515496,1.9428717040932504,2.538343348452167,40.10657730611136,13.333328998574816,15.628177380383008,4.2920100251589455,0.4991389845512067,1140.0404838156203,0.8775159411688388,4.2920100251589455,0.8236475738292485,0.7862348164245656,7000,1.0,7,7,DERIVED_SWAT_PROFILE_UNIFORM_ROOT_ZONE_APPROXIMATION,SWAT_HRU_AREA_X_2019_CDL_CORN_FRACTION_WEIGHTED; inactive calendar groups contribute zero living-crop structure,DATED_FSPM_MAIZE_AREA_STATE_ACROSS_EXECUTED_SWAT_CALENDARS
2019-08-12,True,True,SWAT+ mgt_out.txt PLANT and HARV/KILL events by HRU,EXECUTED_SWAT_MANAGEMENT_EVENTS,FSPM grows each distinct HRU calendar separately; field playback is weighted over the mapped maize HRU area. Daily event timing is applied to the complete day.,maize,MULTIPLE_EXECUTED_SWAT_HRU_CALENDARS,REPRODUCTIVE,"volumetric percent [0, 100]",m2_leaf/m2_ground,fraction,m,mm/day,mm/day,mm/day,mm/day,"fraction [0, 1]",g/plant,g/plant,degC_day,degC_day,fraction,dimensionless,kg/ha/(MJ/m2),MODEL_BASE_PARAMETER,0.5,0.4991389845512067,0.023981698140073986,ASSUMED_PARAMETER_NOT_CALIBRATED,False,seeded truncated normal; sigma=0.025,0.05,2.0,0.0,2.0,MODEL_BASE_PARAMETER,40.0,40.10657730611137,1.982589383884093,ASSUMED_PARAMETER_NOT_CALIBRATED,False,seeded truncated normal; sigma=2.0 kg/ha/(MJ/m2),10.0,90.0,10.0,90.0,DERIVED_FSPM,SIMPLIFIED_FSPM maize population,3.0-simplified-fspm,unweighted population statistics,True,SIMPLIFIED_FSPM,1.2923068173052183,1.3644569738474868,1.2002188215154959,26.345764793034533,1449.9999999999998,1.2923068173052183,308.0622444400396,26.825107942862733,0.052631018014054044,1.2923068173052183,1200.218821515496,1.2923068173052183,2.5453205454064234,40.10657730611136,13.333328998574816,24.394050776459824,4.187652711137431,0.4991389845512067,1153.058876210683,0.871033183993683,4.187652711137431,0.8267851852110304,0.7952130180763333,7000,1.0,7,7,DERIVED_SWAT_PROFILE_UNIFORM_ROOT_ZONE_APPROXIMATION,SWAT_HRU_AREA_X_2019_CDL_CORN_FRACTION_WEIGHTED; inactive calendar groups contribute zero living-crop structure,DATED_FSPM_MAIZE_AREA_STATE_ACROSS_EXECUTED_SWAT_CALENDARS
2019-08-13,True,True,SWAT+ mgt_out.txt PLANT and HARV/KILL events by HRU,EXECUTED_SWAT_MANAGEMENT_EVENTS,FSPM grows each distinct HRU calendar separately; field playback is weighted over the mapped maize HRU area. Daily event timing is applied to the complete day.,maize,MULTIPLE_EXECUTED_SWAT_HRU_CALENDARS,REPRODUCTIVE,"volumetric percent [0, 100]",m2_leaf/m2_ground,fraction,m,mm/day,mm/day,mm/day,mm/day,"fraction [0, 1]",g/plant,g/plant,degC_day,degC_day,fraction,dimensionless,kg/ha/(MJ/m2),MODEL_BASE_PARAMETER,0.5,0.4991389845512067,0.023981698140073986,ASSUMED_PARAMETER_NOT_CALIBRATED,False,seeded truncated normal; sigma=0.025,0.05,2.0,0.0,2.0,MODEL_BASE_PARAMETER,40.0,40.10657730611137,1.982589383884093,ASSUMED_PARAMETER_NOT_CALIBRATED,False,seeded truncated normal; sigma=2.0 kg/ha/(MJ/m2),10.0,90.0,10.0,90.0,DERIVED_FSPM,SIMPLIFIED_FSPM maize population,3.0-simplified-fspm,unweighted population statistics,True,SIMPLIFIED_FSPM,2.0046071108208197,2.1159859475467147,1.2002188215154959,26.36854634635266,1449.9999999999998,2.0046071108208197,310.6703725110007,26.825107942862733,0.05227482543601124,2.0046071108208197,1200.218821515496,2.0046071108208197,2.552436351272272,40.10657730611136,13.333328998574816,36.97162166300597,4.075070691215987,0.4991389845512067,1166.715597120655,0.8636503135158725,4.075070691215987,0.8276994383455235,0.8046314462901069,7000,1.0,7,7,DERIVED_SWAT_PROFILE_UNIFORM_ROOT_ZONE_APPROXIMATION,SWAT_HRU_AREA_X_2019_CDL_CORN_FRACTION_WEIGHTED; inactive calendar groups contribute zero living-crop structure,DATED_FSPM_MAIZE_AREA_STATE_ACROSS_EXECUTED_SWAT_CALENDARS
2019-08-14,True,True,SWAT+ mgt_out.txt PLANT and HARV/KILL events by HRU,EXECUTED_SWAT_MANAGEMENT_EVENTS,FSPM grows each distinct HRU calendar separately; field playback is weighted over the mapped maize HRU area. Daily event timing is applied to the complete day.,maize,MULTIPLE_EXECUTED_SWAT_HRU_CALENDARS,REPRODUCTIVE,"volumetric percent [0, 100]",m2_leaf/m2_ground,fraction,m,mm/day,mm/day,mm/day,mm/day,"fraction [0, 1]",g/plant,g/plant,degC_day,degC_day,fraction,dimensionless,kg/ha/(MJ/m2),MODEL_BASE_PARAMETER,0.5,0.4991389845512067,0.023981698140073986,ASSUMED_PARAMETER_NOT_CALIBRATED,False,seeded truncated normal; sigma=0.025,0.05,2.0,0.0,2.0,MODEL_BASE_PARAMETER,40.0,40.10657730611137,1.982589383884093,ASSUMED_PARAMETER_NOT_CALIBRATED,False,seeded truncated normal; sigma=2.0 kg/ha/(MJ/m2),10.0,90.0,10.0,90.0,DERIVED_FSPM,SIMPLIFIED_FSPM maize population,3.0-simplified-fspm,unweighted population statistics,True,SIMPLIFIED_FSPM,1.8170676268484927,1.9227155751548999,1.2002188215154959,26.165785907926736,1449.9999999999998,1.8170676268484927,314.8480086218925,26.825107942862733,0.054743358270003796,1.8170676268484927,1200.218821515496,1.8170676268484927,2.557496116560087,40.10657730611136,13.333328998574816,47.32818040341466,3.987756538490014,0.4991389845512067,1176.6650010863814,0.8576070014272007,3.987756538490014,0.8213100554113879,0.8114931041975043,7000,1.0,7,7,DERIVED_SWAT_PROFILE_UNIFORM_ROOT_ZONE_APPROXIMATION,SWAT_HRU_AREA_X_2019_CDL_CORN_FRACTION_WEIGHTED; inactive calendar groups contribute zero living-crop structure,DATED_FSPM_MAIZE_AREA_STATE_ACROSS_EXECUTED_SWAT_CALENDARS
2019-08-15,True,True,SWAT+ mgt_out.txt PLANT and HARV/KILL events by HRU,EXECUTED_SWAT_MANAGEMENT_EVENTS,FSPM grows each distinct HRU calendar separately; field playback is weighted over the mapped maize HRU area. Daily event timing is applied to the complete day.,maize,MULTIPLE_EXECUTED_SWAT_HRU_CALENDARS,REPRODUCTIVE,"volumetric percent [0, 100]",m2_leaf/m2_ground,fraction,m,mm/day,mm/day,mm/day,mm/day,"fraction [0, 1]",g/plant,g/plant,degC_day,degC_day,fraction,dimensionless,kg/ha/(MJ/m2),MODEL_BASE_PARAMETER,0.5,0.4991389845512067,0.023981698140073986,ASSUMED_PARAMETER_NOT_CALIBRATED,False,seeded truncated normal; sigma=0.025,0.05,2.0,0.0,2.0,MODEL_BASE_PARAMETER,40.0,40.10657730611137,1.982589383884093,ASSUMED_PARAMETER_NOT_CALIBRATED,False,seeded truncated normal; sigma=2.0 kg/ha/(MJ/m2),10.0,90.0,10.0,90.0,DERIVED_FSPM,SIMPLIFIED_FSPM maize population,3.0-simplified-fspm,unweighted population statistics,True,SIMPLIFIED_FSPM,1.9181612665467274,2.034350849965623,1.2002188215154959,25.997199219262352,1449.9999999999998,1.9181612665467274,318.954954209887,26.825107942862733,0.05680873322957196,1.9181612665467274,1200.218821515496,1.9181612665467274,2.5631053485861086,40.10657730611136,13.333328998574816,60.90155301621419,3.890034353576441,0.4991389845512067,1187.9427211882276,0.850536987211067,3.890034353576441,0.8166101626984461,0.8192708421987775,7000,1.0,7,7,DERIVED_SWAT_PROFILE_UNIFORM_ROOT_ZONE_APPROXIMATION,SWAT_HRU_AREA_X_2019_CDL_CORN_FRACTION_WEIGHTED; inactive calendar groups contribute zero living-crop structure,DATED_FSPM_MAIZE_AREA_STATE_ACROSS_EXECUTED_SWAT_CALENDARS
2019-08-16,True,True,SWAT+ mgt_out.txt PLANT and HARV/KILL events by HRU,EXECUTED_SWAT_MANAGEMENT_EVENTS,FSPM grows each distinct HRU calendar separately; field playback is weighted over the mapped maize HRU area. Daily event timing is applied to the complete day.,maize,MULTIPLE_EXECUTED_SWAT_HRU_CALENDARS,REPRODUCTIVE,"volumetric percent [0, 100]",m2_leaf/m2_ground,fraction,m,mm/day,mm/day,mm/day,mm/day,"fraction [0, 1]",g/plant,g/plant,degC_day,degC_day,fraction,dimensionless,kg/ha/(MJ/m2),MODEL_BASE_PARAMETER,0.5,0.4991389845512067,0.023981698140073986,ASSUMED_PARAMETER_NOT_CALIBRATED,False,seeded truncated normal; sigma=0.025,0.05,2.0,0.0,2.0,MODEL_BASE_PARAMETER,40.0,40.10657730611137,1.982589383884093,ASSUMED_PARAMETER_NOT_CALIBRATED,False,seeded truncated normal; sigma=2.0 kg/ha/(MJ/m2),10.0,90.0,10.0,90.0,DERIVED_FSPM,SIMPLIFIED_FSPM maize population,3.0-simplified-fspm,unweighted population statistics,True,SIMPLIFIED_FSPM,1.8658928389938219,1.9826433537341641,1.2002188215154959,25.833939332167358,1449.9999999999998,1.8658928389938219,323.1783447905167,26.825107942862733,0.05865180961982731,1.8658928389938219,1200.218821515496,1.8658928389938219,2.568764810231913,40.10657730611136,13.333328998574816,76.15934215324316,3.7895341239648612,0.4991389845512067,1199.5994485080778,0.8428998333787913,3.7895341239648612,0.8127105154804873,0.8273099644883294,7000,1.0,7,7,DERIVED_SWAT_PROFILE_UNIFORM_ROOT_ZONE_APPROXIMATION,SWAT_HRU_AREA_X_2019_CDL_CORN_FRACTION_WEIGHTED; inactive calendar groups contribute zero living-crop structure,DATED_FSPM_MAIZE_AREA_STATE_ACROSS_EXECUTED_SWAT_CALENDARS
2019-08-17,True,True,SWAT+ mgt_out.txt PLANT and HARV/KILL events by HRU,EXECUTED_SWAT_MANAGEMENT_EVENTS,FSPM grows each distinct HRU calendar separately; field playback is weighted over the mapped maize HRU area. Daily event timing is applied to the complete day.,maize,MULTIPLE_EXECUTED_SWAT_HRU_CALENDARS,MATURITY,"volumetric percent [0, 100]",m2_leaf/m2_ground,fraction,m,mm/day,mm/day,mm/day,mm/day,"fraction [0, 1]",g/plant,g/plant,degC_day,degC_day,fraction,dimensionless,kg/ha/(MJ/m2),MODEL_BASE_PARAMETER,0.5,0.4991389845512067,0.023981698140073986,ASSUMED_PARAMETER_NOT_CALIBRATED,False,seeded truncated normal; sigma=0.025,0.05,2.0,0.0,2.0,MODEL_BASE_PARAMETER,40.0,40.10657730611137,1.982589383884093,ASSUMED_PARAMETER_NOT_CALIBRATED,False,seeded truncated normal; sigma=2.0 kg/ha/(MJ/m2),10.0,90.0,10.0,90.0,DERIVED_FSPM,SIMPLIFIED_FSPM maize population,3.0-simplified-fspm,unweighted population statistics,True,SIMPLIFIED_FSPM,1.952208336814953,2.0677938067451196,1.2002188215154959,25.9982728349568,1449.9999999999998,1.952208336814953,327.74098284565093,26.825107942862733,0.0556930017380911,1.952208336814953,1200.218821515496,1.952208336814953,2.5750075356059354,40.10657730611136,13.333328998574816,94.72466016924066,3.684147209506722,0.4991389845512067,1212.7931667997045,0.8345386286923615,3.684147209506722,0.8186289526420027,0.8364090805515202,7000,1.0,7,7,DERIVED_SWAT_PROFILE_UNIFORM_ROOT_ZONE_APPROXIMATION,SWAT_HRU_AREA_X_2019_CDL_CORN_FRACTION_WEIGHTED; inactive calendar groups contribute zero living-crop structure,DATED_FSPM_MAIZE_AREA_STATE_ACROSS_EXECUTED_SWAT_CALENDARS
2019-08-18,True,True,SWAT+ mgt_out.txt PLANT and HARV/KILL events by HRU,EXECUTED_SWAT_MANAGEMENT_EVENTS,FSPM grows each distinct HRU calendar separately; field playback is weighted over the mapped maize HRU area. Daily event timing is applied to the complete day.,maize,MULTIPLE_EXECUTED_SWAT_HRU_CALENDARS,MATURITY,"volumetric percent [0, 100]",m2_leaf/m2_ground,fraction,m,mm/day,mm/day,mm/day,mm/day,"fraction [0, 1]",g/plant,g/plant,degC_day,degC_day,fraction,dimensionless,kg/ha/(MJ/m2),MODEL_BASE_PARAMETER,0.5,0.4991389845512067,0.023981698140073986,ASSUMED_PARAMETER_NOT_CALIBRATED,False,seeded truncated normal; sigma=0.025,0.05,2.0,0.0,2.0,MODEL_BASE_PARAMETER,40.0,40.10657730611137,1.982589383884093,ASSUMED_PARAMETER_NOT_CALIBRATED,False,seeded truncated normal; sigma=2.0 kg/ha/(MJ/m2),10.0,90.0,10.0,90.0,DERIVED_FSPM,SIMPLIFIED_FSPM maize population,3.0-simplified-fspm,unweighted population statistics,True,SIMPLIFIED_FSPM,1.8699865755067298,1.9765968952046753,1.2002188215154959,26.153074155668,1449.9999999999998,1.8699865755067298,332.2200403817823,26.825107942862733,0.05360637239883508,1.8699865755067298,1200.218821515496,1.8699865755067298,2.580534874283015,40.10657730611136,13.333328998574816,112.93378999638318,3.5870039616494984,0.4991389845512067,1224.7874521070057,0.8264160551242156,3.5870039616494984,0.8236000040493193,0.8446810014531072,7000,1.0,7,7,DERIVED_SWAT_PROFILE_UNIFORM_ROOT_ZONE_APPROXIMATION,SWAT_HRU_AREA_X_2019_CDL_CORN_FRACTION_WEIGHTED; inactive calendar groups contribute zero living-crop structure,DATED_FSPM_MAIZE_AREA_STATE_ACROSS_EXECUTED_SWAT_CALENDARS
2019-08-19,True,True,SWAT+ mgt_out.txt PLANT and HARV/KILL events by HRU,EXECUTED_SWAT_MANAGEMENT_EVENTS,FSPM grows each distinct HRU calendar separately; field playback is weighted over the mapped maize HRU area. Daily event timing is applied to the complete day.,maize,MULTIPLE_EXECUTED_SWAT_HRU_CALENDARS,MATURITY,"volumetric percent [0, 100]",m2_leaf/m2_ground,fraction,m,mm/day,mm/day,mm/day,mm/day,"fraction [0, 1]",g/plant,g/plant,degC_day,degC_day,fraction,dimensionless,kg/ha/(MJ/m2),MODEL_BASE_PARAMETER,0.5,0.4991389845512067,0.023981698140073986,ASSUMED_PARAMETER_NOT_CALIBRATED,False,seeded truncated normal; sigma=0.025,0.05,2.0,0.0,2.0,MODEL_BASE_PARAMETER,40.0,40.10657730611137,1.982589383884093,ASSUMED_PARAMETER_NOT_CALIBRATED,False,seeded truncated normal; sigma=2.0 kg/ha/(MJ/m2),10.0,90.0,10.0,90.0,DERIVED_FSPM,SIMPLIFIED_FSPM maize population,3.0-simplified-fspm,unweighted population statistics,True,SIMPLIFIED_FSPM,1.9723497585221148,2.067311375245189,1.2002188215154959,27.10887610996083,1449.9999999999998,1.9723497585221148,337.27412633647066,26.825107942862733,0.04560894059133314,1.9723497585221148,1200.218821515496,1.9723497585221148,2.5862711822339826,40.10657730611136,13.333328998574816,129.5438507584284,3.4921431841614323,0.4991389845512067,1237.5563813652686,0.8181746156509088,3.4921431841614323,0.8561407166485066,0.8534871595622543,7000,1.0,7,7,DERIVED_SWAT_PROFILE_UNIFORM_ROOT_ZONE_APPROXIMATION,SWAT_HRU_AREA_X_2019_CDL_CORN_FRACTION_WEIGHTED; inactive calendar groups contribute zero living-crop structure,DATED_FSPM_MAIZE_AREA_STATE_ACROSS_EXECUTED_SWAT_CALENDARS
2019-08-20,True,True,SWAT+ mgt_out.txt PLANT and HARV/KILL events by HRU,EXECUTED_SWAT_MANAGEMENT_EVENTS,FSPM grows each distinct HRU calendar separately; field playback is weighted over the mapped maize HRU area. Daily event timing is applied to the complete day.,maize,MULTIPLE_EXECUTED_SWAT_HRU_CALENDARS,MATURITY,"volumetric percent [0, 100]",m2_leaf/m2_ground,fraction,m,mm/day,mm/day,mm/day,mm/day,"fraction [0, 1]",g/plant,g/plant,degC_day,degC_day,fraction,dimensionless,kg/ha/(MJ/m2),MODEL_BASE_PARAMETER,0.5,0.4991389845512067,0.023981698140073986,ASSUMED_PARAMETER_NOT_CALIBRATED,False,seeded truncated normal; sigma=0.025,0.05,2.0,0.0,2.0,MODEL_BASE_PARAMETER,40.0,40.10657730611137,1.982589383884093,ASSUMED_PARAMETER_NOT_CALIBRATED,False,seeded truncated normal; sigma=2.0 kg/ha/(MJ/m2),10.0,90.0,10.0,90.0,DERIVED_FSPM,SIMPLIFIED_FSPM maize population,3.0-simplified-fspm,unweighted population statistics,True,SIMPLIFIED_FSPM,1.971016771950196,2.062966728036501,1.2002188215154959,28.071689023948753,1449.9999999999998,1.971016771950196,341.6442745167497,26.825107942862733,0.04424802908565808,1.971016771950196,1200.218821515496,1.971016771950196,2.593314675150851,40.10657730611136,13.333328998574816,146.29394665467672,3.357921474483891,0.4991389845512067,1253.7125144493054,0.8056830260920277,3.357921474483891,0.8848457013480956,0.8646293203098657,7000,1.0,7,7,DERIVED_SWAT_PROFILE_UNIFORM_ROOT_ZONE_APPROXIMATION,SWAT_HRU_AREA_X_2019_CDL_CORN_FRACTION_WEIGHTED; inactive calendar groups contribute zero living-crop structure,DATED_FSPM_MAIZE_AREA_STATE_ACROSS_EXECUTED_SWAT_CALENDARS
2019-08-21,True,True,SWAT+ mgt_out.txt PLANT and HARV/KILL events by HRU,EXECUTED_SWAT_MANAGEMENT_EVENTS,FSPM grows each distinct HRU calendar separately; field playback is weighted over the mapped maize HRU area. Daily event timing is applied to the complete day.,maize,MULTIPLE_EXECUTED_SWAT_HRU_CALENDARS,MATURITY,"volumetric percent [0, 100]",m2_leaf/m2_ground,fraction,m,mm/day,mm/day,mm/day,mm/day,"fraction [0, 1]",g/plant,g/plant,degC_day,degC_day,fraction,dimensionless,kg/ha/(MJ/m2),MODEL_BASE_PARAMETER,0.5,0.4991389845512067,0.023981698140073986,ASSUMED_PARAMETER_NOT_CALIBRATED,False,seeded truncated normal; sigma=0.025,0.05,2.0,0.0,2.0,MODEL_BASE_PARAMETER,40.0,40.10657730611137,1.982589383884093,ASSUMED_PARAMETER_NOT_CALIBRATED,False,seeded truncated normal; sigma=2.0 kg/ha/(MJ/m2),10.0,90.0,10.0,90.0,DERIVED_FSPM,SIMPLIFIED_FSPM maize population,3.0-simplified-fspm,unweighted population statistics,True,SIMPLIFIED_FSPM,1.243010393554052,1.30105098680776,1.2002188215154959,27.923667427151685,1449.9999999999998,1.243010393554052,345.46884774505776,26.825107942862733,0.04428787897866427,1.243010393554052,1200.218821515496,1.243010393554052,2.597198178372404,40.10657730611136,13.333328998574816,154.0933143241439,3.280643682605815,0.4991389845512067,1262.8601396040767,0.7980867265235705,3.280643682605815,0.8813488955761196,0.8709379787478578,7000,1.0,7,7,DERIVED_SWAT_PROFILE_UNIFORM_ROOT_ZONE_APPROXIMATION,SWAT_HRU_AREA_X_2019_CDL_CORN_FRACTION_WEIGHTED; inactive calendar groups contribute zero living-crop structure,DATED_FSPM_MAIZE_AREA_STATE_ACROSS_EXECUTED_SWAT_CALENDARS
2019-08-22,True,True,SWAT+ mgt_out.txt PLANT and HARV/KILL events by HRU,EXECUTED_SWAT_MANAGEMENT_EVENTS,FSPM grows each distinct HRU calendar separately; field playback is weighted over the mapped maize HRU area. Daily event timing is applied to the complete day.,maize,MULTIPLE_EXECUTED_SWAT_HRU_CALENDARS,MATURITY,"volumetric percent [0, 100]",m2_leaf/m2_ground,fraction,m,mm/day,mm/day,mm/day,mm/day,"fraction [0, 1]",g/plant,g/plant,degC_day,degC_day,fraction,dimensionless,kg/ha/(MJ/m2),MODEL_BASE_PARAMETER,0.5,0.4991389845512067,0.023981698140073986,ASSUMED_PARAMETER_NOT_CALIBRATED,False,seeded truncated normal; sigma=0.025,0.05,2.0,0.0,2.0,MODEL_BASE_PARAMETER,40.0,40.10657730611137,1.982589383884093,ASSUMED_PARAMETER_NOT_CALIBRATED,False,seeded truncated normal; sigma=2.0 kg/ha/(MJ/m2),10.0,90.0,10.0,90.0,DERIVED_FSPM,SIMPLIFIED_FSPM maize population,3.0-simplified-fspm,unweighted population statistics,True,SIMPLIFIED_FSPM,1.8657272486720207,1.9529749155286182,1.2002188215154959,27.768138487352946,1449.9999999999998,1.8657272486720207,347.9654766346394,26.825107942862733,0.044350631718449315,1.8657272486720207,1200.218821515496,1.8657272486720207,2.6014684597168314,40.10657730611136,13.333328998574816,161.00989483156195,3.1938936443612915,0.4991389845512067,1273.1219106220244,0.7892037611932186,3.1938936443612915,0.8777576114891761,0.8780129645917221,7000,1.0,7,7,DERIVED_SWAT_PROFILE_UNIFORM_ROOT_ZONE_APPROXIMATION,SWAT_HRU_AREA_X_2019_CDL_CORN_FRACTION_WEIGHTED; inactive calendar groups contribute zero living-crop structure,DATED_FSPM_MAIZE_AREA_STATE_ACROSS_EXECUTED_SWAT_CALENDARS
2019-08-23,True,True,SWAT+ mgt_out.txt PLANT and HARV/KILL events by HRU,EXECUTED_SWAT_MANAGEMENT_EVENTS,FSPM grows each distinct HRU calendar separately; field playback is weighted over the mapped maize HRU area. Daily event timing is applied to the complete day.,maize,MULTIPLE_EXECUTED_SWAT_HRU_CALENDARS,MATURITY,"volumetric percent [0, 100]",m2_leaf/m2_ground,fraction,m,mm/day,mm/day,mm/day,mm/day,"fraction [0, 1]",g/plant,g/plant,degC_day,degC_day,fraction,dimensionless,kg/ha/(MJ/m2),MODEL_BASE_PARAMETER,0.5,0.4991389845512067,0.023981698140073986,ASSUMED_PARAMETER_NOT_CALIBRATED,False,seeded truncated normal; sigma=0.025,0.05,2.0,0.0,2.0,MODEL_BASE_PARAMETER,40.0,40.10657730611137,1.982589383884093,ASSUMED_PARAMETER_NOT_CALIBRATED,False,seeded truncated normal; sigma=2.0 kg/ha/(MJ/m2),10.0,90.0,10.0,90.0,DERIVED_FSPM,SIMPLIFIED_FSPM maize population,3.0-simplified-fspm,unweighted population statistics,True,SIMPLIFIED_FSPM,1.8890380776571187,1.9776922040407086,1.2002188215154959,27.5683067291417,1449.9999999999998,1.8890380776571187,351.99697780212585,26.825107942862733,0.044504567779104935,1.8890380776571187,1200.218821515496,1.8890380776571187,2.605890017420868,40.10657730611136,13.333328998574816,167.35009191206433,3.101936572767861,0.4991389845512067,1283.9817912837232,0.7793566121629474,3.101936572767861,0.8726331971976452,0.8854967343828736,7000,1.0,7,7,DERIVED_SWAT_PROFILE_UNIFORM_ROOT_ZONE_APPROXIMATION,SWAT_HRU_AREA_X_2019_CDL_CORN_FRACTION_WEIGHTED; inactive calendar groups contribute zero living-crop structure,DATED_FSPM_MAIZE_AREA_STATE_ACROSS_EXECUTED_SWAT_CALENDARS
2019-08-24,True,True,SWAT+ mgt_out.txt PLANT and HARV/KILL events by HRU,EXECUTED_SWAT_MANAGEMENT_EVENTS,FSPM grows each distinct HRU calendar separately; field playback is weighted over the mapped maize HRU area. Daily event timing is applied to the complete day.,maize,MULTIPLE_EXECUTED_SWAT_HRU_CALENDARS,MATURITY,"volumetric percent [0, 100]",m2_leaf/m2_ground,fraction,m,mm/day,mm/day,mm/day,mm/day,"fraction [0, 1]",g/plant,g/plant,degC_day,degC_day,fraction,dimensionless,kg/ha/(MJ/m2),MODEL_BASE_PARAMETER,0.5,0.4991389845512067,0.023981698140073986,ASSUMED_PARAMETER_NOT_CALIBRATED,False,seeded truncated normal; sigma=0.025,0.05,2.0,0.0,2.0,MODEL_BASE_PARAMETER,40.0,40.10657730611137,1.982589383884093,ASSUMED_PARAMETER_NOT_CALIBRATED,False,seeded truncated normal; sigma=2.0 kg/ha/(MJ/m2),10.0,90.0,10.0,90.0,DERIVED_FSPM,SIMPLIFIED_FSPM maize population,3.0-simplified-fspm,unweighted population statistics,True,SIMPLIFIED_FSPM,1.7630756884729342,1.8462734474407705,1.2002188215154959,27.345751388228305,1449.9999999999998,1.7630756884729342,355.95783644648634,26.825107942862733,0.04474179971794911,1.7630756884729342,1200.218821515496,1.7630756884729342,2.6099925280004244,40.10657730611136,13.333328998574816,172.1605917228385,3.014586991156317,0.4991389845512067,1294.2812600238553,0.7695719887197853,3.014586991156317,0.8669081473633761,0.8925834918639688,7000,1.0,7,7,DERIVED_SWAT_PROFILE_UNIFORM_ROOT_ZONE_APPROXIMATION,SWAT_HRU_AREA_X_2019_CDL_CORN_FRACTION_WEIGHTED; inactive calendar groups contribute zero living-crop structure,DATED_FSPM_MAIZE_AREA_STATE_ACROSS_EXECUTED_SWAT_CALENDARS
2019-08-25,True,True,SWAT+ mgt_out.txt PLANT and HARV/KILL events by HRU,EXECUTED_SWAT_MANAGEMENT_EVENTS,FSPM grows each distinct HRU calendar separately; field playback is weighted over the mapped maize HRU area. Daily event timing is applied to the complete day.,maize,MULTIPLE_EXECUTED_SWAT_HRU_CALENDARS,MATURITY,"volumetric percent [0, 100]",m2_leaf/m2_ground,fraction,m,mm/day,mm/day,mm/day,mm/day,"fraction [0, 1]",g/plant,g/plant,degC_day,degC_day,fraction,dimensionless,kg/ha/(MJ/m2),MODEL_BASE_PARAMETER,0.5,0.4991389845512067,0.023981698140073986,ASSUMED_PARAMETER_NOT_CALIBRATED,False,seeded truncated normal; sigma=0.025,0.05,2.0,0.0,2.0,MODEL_BASE_PARAMETER,40.0,40.10657730611137,1.982589383884093,ASSUMED_PARAMETER_NOT_CALIBRATED,False,seeded truncated normal; sigma=2.0 kg/ha/(MJ/m2),10.0,90.0,10.0,90.0,DERIVED_FSPM,SIMPLIFIED_FSPM maize population,3.0-simplified-fspm,unweighted population statistics,True,SIMPLIFIED_FSPM,1.6124630208002984,1.6891104508677426,1.2002188215154959,27.148923307619484,1449.9999999999998,1.6124630208002984,359.59624863446464,26.825107942862733,0.04505338641270654,1.6124630208002984,1200.218821515496,1.6124630208002984,2.6139602857758564,40.10657730611136,13.333328998574816,176.11640970096133,2.928216333331792,0.4991389845512067,1304.4518378645053,0.7594752005629082,2.928216333331792,0.8616899916147637,0.8995636144983402,7000,1.0,7,7,DERIVED_SWAT_PROFILE_UNIFORM_ROOT_ZONE_APPROXIMATION,SWAT_HRU_AREA_X_2019_CDL_CORN_FRACTION_WEIGHTED; inactive calendar groups contribute zero living-crop structure,DATED_FSPM_MAIZE_AREA_STATE_ACROSS_EXECUTED_SWAT_CALENDARS
2019-08-26,True,True,SWAT+ mgt_out.txt PLANT and HARV/KILL events by HRU,EXECUTED_SWAT_MANAGEMENT_EVENTS,FSPM grows each distinct HRU calendar separately; field playback is weighted over the mapped maize HRU area. Daily event timing is applied to the complete day.,maize,MULTIPLE_EXECUTED_SWAT_HRU_CALENDARS,MATURITY,"volumetric percent [0, 100]",m2_leaf/m2_ground,fraction,m,mm/day,mm/day,mm/day,mm/day,"fraction [0, 1]",g/plant,g/plant,degC_day,degC_day,fraction,dimensionless,kg/ha/(MJ/m2),MODEL_BASE_PARAMETER,0.5,0.4991389845512067,0.023981698140073986,ASSUMED_PARAMETER_NOT_CALIBRATED,False,seeded truncated normal; sigma=0.025,0.05,2.0,0.0,2.0,MODEL_BASE_PARAMETER,40.0,40.10657730611137,1.982589383884093,ASSUMED_PARAMETER_NOT_CALIBRATED,False,seeded truncated normal; sigma=2.0 kg/ha/(MJ/m2),10.0,90.0,10.0,90.0,DERIVED_FSPM,SIMPLIFIED_FSPM maize population,3.0-simplified-fspm,unweighted population statistics,True,SIMPLIFIED_FSPM,1.2829273580909617,1.34437747791364,1.2002188215154959,27.011629988514173,1449.9999999999998,1.2829273580909617,362.8077249623563,26.825107942862733,0.04538905952528385,1.2829273580909617,1200.218821515496,1.2829273580909617,2.6176799180290007,40.10657730611136,13.333328998574816,179.15377509423473,2.8454808870035886,0.4991389845512067,1314.1886298051895,0.7493781296925971,2.8454808870035886,0.8576015078561128,0.9062176007958422,7000,1.0,7,7,DERIVED_SWAT_PROFILE_UNIFORM_ROOT_ZONE_APPROXIMATION,SWAT_HRU_AREA_X_2019_CDL_CORN_FRACTION_WEIGHTED; inactive calendar groups contribute zero living-crop structure,DATED_FSPM_MAIZE_AREA_STATE_ACROSS_EXECUTED_SWAT_CALENDARS
2019-08-27,True,True,SWAT+ mgt_out.txt PLANT and HARV/KILL events by HRU,EXECUTED_SWAT_MANAGEMENT_EVENTS,FSPM grows each distinct HRU calendar separately; field playback is weighted over the mapped maize HRU area. Daily event timing is applied to the complete day.,maize,MULTIPLE_EXECUTED_SWAT_HRU_CALENDARS,MATURITY,"volumetric percent [0, 100]",m2_leaf/m2_ground,fraction,m,mm/day,mm/day,mm/day,mm/day,"fraction [0, 1]",g/plant,g/plant,degC_day,degC_day,fraction,dimensionless,kg/ha/(MJ/m2),MODEL_BASE_PARAMETER,0.5,0.4991389845512067,0.023981698140073986,ASSUMED_PARAMETER_NOT_CALIBRATED,False,seeded truncated normal; sigma=0.025,0.05,2.0,0.0,2.0,MODEL_BASE_PARAMETER,40.0,40.10657730611137,1.982589383884093,ASSUMED_PARAMETER_NOT_CALIBRATED,False,seeded truncated normal; sigma=2.0 kg/ha/(MJ/m2),10.0,90.0,10.0,90.0,DERIVED_FSPM,SIMPLIFIED_FSPM maize population,3.0-simplified-fspm,unweighted population statistics,True,SIMPLIFIED_FSPM,1.8054543083157117,1.8925983642058972,1.2002188215154959,26.847583594649308,1449.9999999999998,1.8054543083157117,365.1697275459231,26.825107942862733,0.045721192371567326,1.8054543083157117,1200.218821515496,1.8054543083157117,2.621260616154628,40.10657730611136,13.333328998574816,181.30344487616182,2.7642034819703873,0.4991389845512067,1323.7539522510815,0.7390369083634959,2.7642034819703873,0.8530928544741209,0.912714534671511,7000,1.0,7,7,DERIVED_SWAT_PROFILE_UNIFORM_ROOT_ZONE_APPROXIMATION,SWAT_HRU_AREA_X_2019_CDL_CORN_FRACTION_WEIGHTED; inactive calendar groups contribute zero living-crop structure,DATED_FSPM_MAIZE_AREA_STATE_ACROSS_EXECUTED_SWAT_CALENDARS
2019-08-28,True,True,SWAT+ mgt_out.txt PLANT and HARV/KILL events by HRU,EXECUTED_SWAT_MANAGEMENT_EVENTS,FSPM grows each distinct HRU calendar separately; field playback is weighted over the mapped maize HRU area. Daily event timing is applied to the complete day.,maize,MULTIPLE_EXECUTED_SWAT_HRU_CALENDARS,MATURITY,"volumetric percent [0, 100]",m2_leaf/m2_ground,fraction,m,mm/day,mm/day,mm/day,mm/day,"fraction [0, 1]",g/plant,g/plant,degC_day,degC_day,fraction,dimensionless,kg/ha/(MJ/m2),MODEL_BASE_PARAMETER,0.5,0.4991389845512067,0.023981698140073986,ASSUMED_PARAMETER_NOT_CALIBRATED,False,seeded truncated normal; sigma=0.025,0.05,2.0,0.0,2.0,MODEL_BASE_PARAMETER,40.0,40.10657730611137,1.982589383884093,ASSUMED_PARAMETER_NOT_CALIBRATED,False,seeded truncated normal; sigma=2.0 kg/ha/(MJ/m2),10.0,90.0,10.0,90.0,DERIVED_FSPM,SIMPLIFIED_FSPM maize population,3.0-simplified-fspm,unweighted population statistics,True,SIMPLIFIED_FSPM,1.8136137337396638,1.8994292666893886,1.2002188215154963,27.759175529649188,1449.9999999999998,1.8136137337396638,368.7534790067148,27.007275607215153,0.0448592679427652,1.8136137337396638,1200.218821515496,1.8136137337396638,2.623684995298542,40.10657730611137,13.677259405381648,183.5393462256151,2.282518377580771,0.49913898455120675,1330.3045461667095,0.616548222365704,2.282518377580771,0.8859935134631826,0.9171464230488188,6000,0.8423154056236705,6,7,DERIVED_SWAT_PROFILE_UNIFORM_ROOT_ZONE_APPROXIMATION,SWAT_HRU_AREA_X_2019_CDL_CORN_FRACTION_WEIGHTED; inactive calendar groups contribute zero living-crop structure,DATED_FSPM_MAIZE_AREA_STATE_ACROSS_EXECUTED_SWAT_CALENDARS
2019-08-29,True,True,SWAT+ mgt_out.txt PLANT and HARV/KILL events by HRU,EXECUTED_SWAT_MANAGEMENT_EVENTS,FSPM grows each distinct HRU calendar separately; field playback is weighted over the mapped maize HRU area. Daily event timing is applied to the complete day.,maize,MULTIPLE_EXECUTED_SWAT_HRU_CALENDARS,MATURITY,"volumetric percent [0, 100]",m2_leaf/m2_ground,fraction,m,mm/day,mm/day,mm/day,mm/day,"fraction [0, 1]",g/plant,g/plant,degC_day,degC_day,fraction,dimensionless,kg/ha/(MJ/m2),MODEL_BASE_PARAMETER,0.5,0.4991389845512067,0.023981698140073986,ASSUMED_PARAMETER_NOT_CALIBRATED,False,seeded truncated normal; sigma=0.025,0.05,2.0,0.0,2.0,MODEL_BASE_PARAMETER,40.0,40.10657730611137,1.982589383884093,ASSUMED_PARAMETER_NOT_CALIBRATED,False,seeded truncated normal; sigma=2.0 kg/ha/(MJ/m2),10.0,90.0,10.0,90.0,DERIVED_FSPM,SIMPLIFIED_FSPM maize population,3.0-simplified-fspm,unweighted population statistics,True,SIMPLIFIED_FSPM,1.7748326718039267,1.8575607697899392,1.200218821515496,29.670282924241953,1450.0,1.7748326718039267,371.96762748114645,27.282850248581873,0.044212668000000004,1.7748326718039267,1200.2188215154958,1.7748326718039267,2.625631743337311,40.10657730611137,14.229359674844947,185.40694600376952,1.659194665918045,0.4991389845512067,1335.6081048330627,0.4519726546408271,1.659194665918045,0.9542952104997162,0.9207236622497024,5000,0.6224300421714204,5,7,DERIVED_SWAT_PROFILE_UNIFORM_ROOT_ZONE_APPROXIMATION,SWAT_HRU_AREA_X_2019_CDL_CORN_FRACTION_WEIGHTED; inactive calendar groups contribute zero living-crop structure,DATED_FSPM_MAIZE_AREA_STATE_ACROSS_EXECUTED_SWAT_CALENDARS
2019-08-30,True,True,SWAT+ mgt_out.txt PLANT and HARV/KILL events by HRU,EXECUTED_SWAT_MANAGEMENT_EVENTS,FSPM grows each distinct HRU calendar separately; field playback is weighted over the mapped maize HRU area. Daily event timing is applied to the complete day.,maize,MULTIPLE_EXECUTED_SWAT_HRU_CALENDARS,MATURITY,"volumetric percent [0, 100]",m2_leaf/m2_ground,fraction,m,mm/day,mm/day,mm/day,mm/day,"fraction [0, 1]",g/plant,g/plant,degC_day,degC_day,fraction,dimensionless,kg/ha/(MJ/m2),MODEL_BASE_PARAMETER,0.5,0.4991389845512067,0.023981698140073986,ASSUMED_PARAMETER_NOT_CALIBRATED,False,seeded truncated normal; sigma=0.025,0.05,2.0,0.0,2.0,MODEL_BASE_PARAMETER,40.0,40.10657730611137,1.982589383884093,ASSUMED_PARAMETER_NOT_CALIBRATED,False,seeded truncated normal; sigma=2.0 kg/ha/(MJ/m2),10.0,90.0,10.0,90.0,DERIVED_FSPM,SIMPLIFIED_FSPM maize population,3.0-simplified-fspm,unweighted population statistics,True,SIMPLIFIED_FSPM,1.730638151902417,1.8113062496069536,1.2002188215154959,30.836074956633144,1449.9999999999998,1.730638151902417,374.97083826482753,27.712351189689294,0.044212668000000004,1.730638151902417,1200.218821515496,1.730638151902417,2.6273136740437844,40.10657730611136,14.9467088328115,187.05397415769633,1.137915497122496,0.4991389845512067,1340.2781363193762,0.3122855589122193,1.137915497122496,0.9929492439994313,0.9238467919899173,4000,0.4333028235026349,4,7,DERIVED_SWAT_PROFILE_UNIFORM_ROOT_ZONE_APPROXIMATION,SWAT_HRU_AREA_X_2019_CDL_CORN_FRACTION_WEIGHTED; inactive calendar groups contribute zero living-crop structure,DATED_FSPM_MAIZE_AREA_STATE_ACROSS_EXECUTED_SWAT_CALENDARS
2019-08-31,True,True,SWAT+ mgt_out.txt PLANT and HARV/KILL events by HRU,EXECUTED_SWAT_MANAGEMENT_EVENTS,FSPM grows each distinct HRU calendar separately; field playback is weighted over the mapped maize HRU area. Daily event timing is applied to the complete day.,maize,MULTIPLE_EXECUTED_SWAT_HRU_CALENDARS,MATURITY,"volumetric percent [0, 100]",m2_leaf/m2_ground,fraction,m,mm/day,mm/day,mm/day,mm/day,"fraction [0, 1]",g/plant,g/plant,degC_day,degC_day,fraction,dimensionless,kg/ha/(MJ/m2),MODEL_BASE_PARAMETER,0.5,0.4991389845512067,0.023981698140073986,ASSUMED_PARAMETER_NOT_CALIBRATED,False,seeded truncated normal; sigma=0.025,0.05,2.0,0.0,2.0,MODEL_BASE_PARAMETER,40.0,40.10657730611137,1.982589383884093,ASSUMED_PARAMETER_NOT_CALIBRATED,False,seeded truncated normal; sigma=2.0 kg/ha/(MJ/m2),10.0,90.0,10.0,90.0,DERIVED_FSPM,SIMPLIFIED_FSPM maize population,3.0-simplified-fspm,unweighted population statistics,True,SIMPLIFIED_FSPM,0.7109982555186531,0.7441391397743583,1.200218821515496,33.35462800597158,1450.0,0.7109982555186531,375.84665441465586,27.693526709589488,0.044212668,0.7109982555186531,1200.218821515496,0.7109982555186531,2.623620916450988,40.10657730611137,14.895734544967258,187.25279325043405,0.3157516865947775,0.4991389845512067,1330.0242489108532,0.08526817612016704,0.3157516865947775,1.0,0.9169849554164655,3000,0.11638739686696599,3,7,DERIVED_SWAT_PROFILE_UNIFORM_ROOT_ZONE_APPROXIMATION,SWAT_HRU_AREA_X_2019_CDL_CORN_FRACTION_WEIGHTED; inactive calendar groups contribute zero living-crop structure,DATED_FSPM_MAIZE_AREA_STATE_ACROSS_EXECUTED_SWAT_CALENDARS
2019-09-01,True,True,SWAT+ mgt_out.txt PLANT and HARV/KILL events by HRU,EXECUTED_SWAT_MANAGEMENT_EVENTS,FSPM grows each distinct HRU calendar separately; field playback is weighted over the mapped maize HRU area. Daily event timing is applied to the complete day.,maize,MULTIPLE_EXECUTED_SWAT_HRU_CALENDARS,MATURITY,"volumetric percent [0, 100]",m2_leaf/m2_ground,fraction,m,mm/day,mm/day,mm/day,mm/day,"fraction [0, 1]",g/plant,g/plant,degC_day,degC_day,fraction,dimensionless,kg/ha/(MJ/m2),MODEL_BASE_PARAMETER,0.5,0.4991389845512067,0.023981698140073986,ASSUMED_PARAMETER_NOT_CALIBRATED,False,seeded truncated normal; sigma=0.025,0.05,2.0,0.0,2.0,MODEL_BASE_PARAMETER,40.0,40.10657730611137,1.982589383884093,ASSUMED_PARAMETER_NOT_CALIBRATED,False,seeded truncated normal; sigma=2.0 kg/ha/(MJ/m2),10.0,90.0,10.0,90.0,DERIVED_FSPM,SIMPLIFIED_FSPM maize population,3.0-simplified-fspm,unweighted population statistics,True,SIMPLIFIED_FSPM,1.4505855162643337,1.5181998690637815,1.2002188215154959,34.10467901571868,1449.9999999999998,1.4505855162643337,376.6535771062973,27.693526709589484,0.044212668000000004,1.4505855162643337,1200.218821515496,1.4505855162643337,2.625935647148617,40.10657730611136,14.89573454496726,187.87482464403126,0.20396326193375044,0.4991389845512067,1336.3797453826414,0.055640285466097034,0.20396326193375044,1.0,0.9212580892044792,2000,0.07670247937581215,2,7,DERIVED_SWAT_PROFILE_UNIFORM_ROOT_ZONE_APPROXIMATION,SWAT_HRU_AREA_X_2019_CDL_CORN_FRACTION_WEIGHTED; inactive calendar groups contribute zero living-crop structure,DATED_FSPM_MAIZE_AREA_STATE_ACROSS_EXECUTED_SWAT_CALENDARS
2019-09-02,True,True,SWAT+ mgt_out.txt PLANT and HARV/KILL events by HRU,EXECUTED_SWAT_MANAGEMENT_EVENTS,FSPM grows each distinct HRU calendar separately; field playback is weighted over the mapped maize HRU area. Daily event timing is applied to the complete day.,maize,corn-2019-05-16-to-2019-09-03-07,MATURITY,"volumetric percent [0, 100]",m2_leaf/m2_ground,fraction,m,mm/day,mm/day,mm/day,mm/day,"fraction [0, 1]",g/plant,g/plant,degC_day,degC_day,fraction,dimensionless,kg/ha/(MJ/m2),MODEL_BASE_PARAMETER,0.5,0.4991389845512067,0.023981698140073986,ASSUMED_PARAMETER_NOT_CALIBRATED,False,seeded truncated normal; sigma=0.025,0.05,2.0,0.0,2.0,MODEL_BASE_PARAMETER,40.0,40.10657730611137,1.982589383884093,ASSUMED_PARAMETER_NOT_CALIBRATED,False,seeded truncated normal; sigma=2.0 kg/ha/(MJ/m2),10.0,90.0,10.0,90.0,DERIVED_FSPM,SIMPLIFIED_FSPM maize population,3.0-simplified-fspm,unweighted population statistics,True,SIMPLIFIED_FSPM,1.8990141040965907,1.9875305284379294,1.200218821515496,33.68092403874115,1450.0,1.8990141040965907,379.0194185402055,27.693526709589488,0.044212668000000004,1.8990141040965907,1200.218821515496,1.8990141040965907,2.628346733277581,40.10657730611137,14.895734544967262,189.3435433397253,0.09516618933678044,0.49913898455120675,1343.0399377037827,0.026243369976714493,0.09516618933678044,1.0,0.9257259476383842,1000,0.036563335807554186,1,7,DERIVED_SWAT_PROFILE_UNIFORM_ROOT_ZONE_APPROXIMATION,SWAT_HRU_AREA_X_2019_CDL_CORN_FRACTION_WEIGHTED; inactive calendar groups contribute zero living-crop structure,DATED_FSPM_MAIZE_AREA_STATE_ACROSS_EXECUTED_SWAT_CALENDARS
2019-09-03,True,True,SWAT+ mgt_out.txt PLANT and HARV/KILL events by HRU,EXECUTED_SWAT_MANAGEMENT_EVENTS,FSPM grows each distinct HRU calendar separately; field playback is weighted over the mapped maize HRU area. Daily event timing is applied to the complete day.,maize,corn-2019-05-16-to-2019-09-03-07,MATURITY,"volumetric percent [0, 100]",m2_leaf/m2_ground,fraction,m,mm/day,mm/day,mm/day,mm/day,"fraction [0, 1]",g/plant,g/plant,degC_day,degC_day,fraction,dimensionless,kg/ha/(MJ/m2),MODEL_BASE_PARAMETER,0.5,0.4991389845512067,0.023981698140073986,ASSUMED_PARAMETER_NOT_CALIBRATED,False,seeded truncated normal; sigma=0.025,0.05,2.0,0.0,2.0,MODEL_BASE_PARAMETER,40.0,40.10657730611137,1.982589383884093,ASSUMED_PARAMETER_NOT_CALIBRATED,False,seeded truncated normal; sigma=2.0 kg/ha/(MJ/m2),10.0,90.0,10.0,90.0,DERIVED_FSPM,SIMPLIFIED_FSPM maize population,3.0-simplified-fspm,unweighted population statistics,True,SIMPLIFIED_FSPM,1.5893089969573404,1.6633895252724071,1.200218821515496,33.564550172422976,1450.0,1.5893089969573404,382.36110144350096,27.693526709589488,0.044212668000000004,1.5893089969573404,1200.218821515496,1.5893089969573404,2.6319339646701754,40.10657730611137,14.895734544967262,191.18055072175048,0.09201435490845752,0.49913898455120675,1353.2217021790366,0.025791031082783997,0.09201435490845752,1.0,0.9324620708139949,1000,0.036563335807554186,1,7,DERIVED_SWAT_PROFILE_UNIFORM_ROOT_ZONE_APPROXIMATION,SWAT_HRU_AREA_X_2019_CDL_CORN_FRACTION_WEIGHTED; inactive calendar groups contribute zero living-crop structure,DATED_FSPM_MAIZE_AREA_STATE_ACROSS_EXECUTED_SWAT_CALENDARS
2019-09-04,False,False,SWAT+ mgt_out.txt executed crop calendar,NO_ACTIVE_EXECUTED_CROP_CALENDAR,No maize cohort is within its executed SWAT+ plant-to-harvest interval; no plant state is emitted,,,,,,,,,,,,,,,,,,,,,,,,,,,,,,,,,,,,,,,,,,,,,,,,,,,,,,,,,,,,,,,,,,,,,,,,,,,,,
2019-09-05,False,False,SWAT+ mgt_out.txt executed crop calendar,NO_ACTIVE_EXECUTED_CROP_CALENDAR,No maize cohort is within its executed SWAT+ plant-to-harvest interval; no plant state is emitted,,,,,,,,,,,,,,,,,,,,,,,,,,,,,,,,,,,,,,,,,,,,,,,,,,,,,,,,,,,,,,,,,,,,,,,,,,,,,
2019-09-06,False,False,SWAT+ mgt_out.txt executed crop calendar,NO_ACTIVE_EXECUTED_CROP_CALENDAR,No maize cohort is within its executed SWAT+ plant-to-harvest interval; no plant state is emitted,,,,,,,,,,,,,,,,,,,,,,,,,,,,,,,,,,,,,,,,,,,,,,,,,,,,,,,,,,,,,,,,,,,,,,,,,,,,,
2019-09-07,False,False,SWAT+ mgt_out.txt executed crop calendar,NO_ACTIVE_EXECUTED_CROP_CALENDAR,No maize cohort is within its executed SWAT+ plant-to-harvest interval; no plant state is emitted,,,,,,,,,,,,,,,,,,,,,,,,,,,,,,,,,,,,,,,,,,,,,,,,,,,,,,,,,,,,,,,,,,,,,,,,,,,,,
2019-09-08,False,False,SWAT+ mgt_out.txt executed crop calendar,NO_ACTIVE_EXECUTED_CROP_CALENDAR,No maize cohort is within its executed SWAT+ plant-to-harvest interval; no plant state is emitted,,,,,,,,,,,,,,,,,,,,,,,,,,,,,,,,,,,,,,,,,,,,,,,,,,,,,,,,,,,,,,,,,,,,,,,,,,,,,
2019-09-09,False,False,SWAT+ mgt_out.txt executed crop calendar,NO_ACTIVE_EXECUTED_CROP_CALENDAR,No maize cohort is within its executed SWAT+ plant-to-harvest interval; no plant state is emitted,,,,,,,,,,,,,,,,,,,,,,,,,,,,,,,,,,,,,,,,,,,,,,,,,,,,,,,,,,,,,,,,,,,,,,,,,,,,,
2019-09-10,False,False,SWAT+ mgt_out.txt executed crop calendar,NO_ACTIVE_EXECUTED_CROP_CALENDAR,No maize cohort is within its executed SWAT+ plant-to-harvest interval; no plant state is emitted,,,,,,,,,,,,,,,,,,,,,,,,,,,,,,,,,,,,,,,,,,,,,,,,,,,,,,,,,,,,,,,,,,,,,,,,,,,,,
2019-09-11,False,False,SWAT+ mgt_out.txt executed crop calendar,NO_ACTIVE_EXECUTED_CROP_CALENDAR,No maize cohort is within its executed SWAT+ plant-to-harvest interval; no plant state is emitted,,,,,,,,,,,,,,,,,,,,,,,,,,,,,,,,,,,,,,,,,,,,,,,,,,,,,,,,,,,,,,,,,,,,,,,,,,,,,
2019-09-12,False,False,SWAT+ mgt_out.txt executed crop calendar,NO_ACTIVE_EXECUTED_CROP_CALENDAR,No maize cohort is within its executed SWAT+ plant-to-harvest interval; no plant state is emitted,,,,,,,,,,,,,,,,,,,,,,,,,,,,,,,,,,,,,,,,,,,,,,,,,,,,,,,,,,,,,,,,,,,,,,,,,,,,,
2019-09-13,False,False,SWAT+ mgt_out.txt executed crop calendar,NO_ACTIVE_EXECUTED_CROP_CALENDAR,No maize cohort is within its executed SWAT+ plant-to-harvest interval; no plant state is emitted,,,,,,,,,,,,,,,,,,,,,,,,,,,,,,,,,,,,,,,,,,,,,,,,,,,,,,,,,,,,,,,,,,,,,,,,,,,,,
2019-09-14,False,False,SWAT+ mgt_out.txt executed crop calendar,NO_ACTIVE_EXECUTED_CROP_CALENDAR,No maize cohort is within its executed SWAT+ plant-to-harvest interval; no plant state is emitted,,,,,,,,,,,,,,,,,,,,,,,,,,,,,,,,,,,,,,,,,,,,,,,,,,,,,,,,,,,,,,,,,,,,,,,,,,,,,
2019-09-15,False,False,SWAT+ mgt_out.txt executed crop calendar,NO_ACTIVE_EXECUTED_CROP_CALENDAR,No maize cohort is within its executed SWAT+ plant-to-harvest interval; no plant state is emitted,,,,,,,,,,,,,,,,,,,,,,,,,,,,,,,,,,,,,,,,,,,,,,,,,,,,,,,,,,,,,,,,,,,,,,,,,,,,,
2019-09-16,False,False,SWAT+ mgt_out.txt executed crop calendar,NO_ACTIVE_EXECUTED_CROP_CALENDAR,No maize cohort is within its executed SWAT+ plant-to-harvest interval; no plant state is emitted,,,,,,,,,,,,,,,,,,,,,,,,,,,,,,,,,,,,,,,,,,,,,,,,,,,,,,,,,,,,,,,,,,,,,,,,,,,,,
2019-09-17,False,False,SWAT+ mgt_out.txt executed crop calendar,NO_ACTIVE_EXECUTED_CROP_CALENDAR,No maize cohort is within its executed SWAT+ plant-to-harvest interval; no plant state is emitted,,,,,,,,,,,,,,,,,,,,,,,,,,,,,,,,,,,,,,,,,,,,,,,,,,,,,,,,,,,,,,,,,,,,,,,,,,,,,
2019-09-18,False,False,SWAT+ mgt_out.txt executed crop calendar,NO_ACTIVE_EXECUTED_CROP_CALENDAR,No maize cohort is within its executed SWAT+ plant-to-harvest interval; no plant state is emitted,,,,,,,,,,,,,,,,,,,,,,,,,,,,,,,,,,,,,,,,,,,,,,,,,,,,,,,,,,,,,,,,,,,,,,,,,,,,,
2019-09-19,False,False,SWAT+ mgt_out.txt executed crop calendar,NO_ACTIVE_EXECUTED_CROP_CALENDAR,No maize cohort is within its executed SWAT+ plant-to-harvest interval; no plant state is emitted,,,,,,,,,,,,,,,,,,,,,,,,,,,,,,,,,,,,,,,,,,,,,,,,,,,,,,,,,,,,,,,,,,,,,,,,,,,,,
2019-09-20,False,False,SWAT+ mgt_out.txt executed crop calendar,NO_ACTIVE_EXECUTED_CROP_CALENDAR,No maize cohort is within its executed SWAT+ plant-to-harvest interval; no plant state is emitted,,,,,,,,,,,,,,,,,,,,,,,,,,,,,,,,,,,,,,,,,,,,,,,,,,,,,,,,,,,,,,,,,,,,,,,,,,,,,
2019-09-21,False,False,SWAT+ mgt_out.txt executed crop calendar,NO_ACTIVE_EXECUTED_CROP_CALENDAR,No maize cohort is within its executed SWAT+ plant-to-harvest interval; no plant state is emitted,,,,,,,,,,,,,,,,,,,,,,,,,,,,,,,,,,,,,,,,,,,,,,,,,,,,,,,,,,,,,,,,,,,,,,,,,,,,,
2019-09-22,False,False,SWAT+ mgt_out.txt executed crop calendar,NO_ACTIVE_EXECUTED_CROP_CALENDAR,No maize cohort is within its executed SWAT+ plant-to-harvest interval; no plant state is emitted,,,,,,,,,,,,,,,,,,,,,,,,,,,,,,,,,,,,,,,,,,,,,,,,,,,,,,,,,,,,,,,,,,,,,,,,,,,,,
2019-09-23,False,False,SWAT+ mgt_out.txt executed crop calendar,NO_ACTIVE_EXECUTED_CROP_CALENDAR,No maize cohort is within its executed SWAT+ plant-to-harvest interval; no plant state is emitted,,,,,,,,,,,,,,,,,,,,,,,,,,,,,,,,,,,,,,,,,,,,,,,,,,,,,,,,,,,,,,,,,,,,,,,,,,,,,
2019-09-24,False,False,SWAT+ mgt_out.txt executed crop calendar,NO_ACTIVE_EXECUTED_CROP_CALENDAR,No maize cohort is within its executed SWAT+ plant-to-harvest interval; no plant state is emitted,,,,,,,,,,,,,,,,,,,,,,,,,,,,,,,,,,,,,,,,,,,,,,,,,,,,,,,,,,,,,,,,,,,,,,,,,,,,,
2019-09-25,False,False,SWAT+ mgt_out.txt executed crop calendar,NO_ACTIVE_EXECUTED_CROP_CALENDAR,No maize cohort is within its executed SWAT+ plant-to-harvest interval; no plant state is emitted,,,,,,,,,,,,,,,,,,,,,,,,,,,,,,,,,,,,,,,,,,,,,,,,,,,,,,,,,,,,,,,,,,,,,,,,,,,,,
2019-09-26,False,False,SWAT+ mgt_out.txt executed crop calendar,NO_ACTIVE_EXECUTED_CROP_CALENDAR,No maize cohort is within its executed SWAT+ plant-to-harvest interval; no plant state is emitted,,,,,,,,,,,,,,,,,,,,,,,,,,,,,,,,,,,,,,,,,,,,,,,,,,,,,,,,,,,,,,,,,,,,,,,,,,,,,
2019-09-27,False,False,SWAT+ mgt_out.txt executed crop calendar,NO_ACTIVE_EXECUTED_CROP_CALENDAR,No maize cohort is within its executed SWAT+ plant-to-harvest interval; no plant state is emitted,,,,,,,,,,,,,,,,,,,,,,,,,,,,,,,,,,,,,,,,,,,,,,,,,,,,,,,,,,,,,,,,,,,,,,,,,,,,,
2019-09-28,False,False,SWAT+ mgt_out.txt executed crop calendar,NO_ACTIVE_EXECUTED_CROP_CALENDAR,No maize cohort is within its executed SWAT+ plant-to-harvest interval; no plant state is emitted,,,,,,,,,,,,,,,,,,,,,,,,,,,,,,,,,,,,,,,,,,,,,,,,,,,,,,,,,,,,,,,,,,,,,,,,,,,,,
2019-09-29,False,False,SWAT+ mgt_out.txt executed crop calendar,NO_ACTIVE_EXECUTED_CROP_CALENDAR,No maize cohort is within its executed SWAT+ plant-to-harvest interval; no plant state is emitted,,,,,,,,,,,,,,,,,,,,,,,,,,,,,,,,,,,,,,,,,,,,,,,,,,,,,,,,,,,,,,,,,,,,,,,,,,,,,
2019-09-30,False,False,SWAT+ mgt_out.txt executed crop calendar,NO_ACTIVE_EXECUTED_CROP_CALENDAR,No maize cohort is within its executed SWAT+ plant-to-harvest interval; no plant state is emitted,,,,,,,,,,,,,,,,,,,,,,,,,,,,,,,,,,,,,,,,,,,,,,,,,,,,,,,,,,,,,,,,,,,,,,,,,,,,,
2019-10-01,False,False,SWAT+ mgt_out.txt executed crop calendar,NO_ACTIVE_EXECUTED_CROP_CALENDAR,No maize cohort is within its executed SWAT+ plant-to-harvest interval; no plant state is emitted,,,,,,,,,,,,,,,,,,,,,,,,,,,,,,,,,,,,,,,,,,,,,,,,,,,,,,,,,,,,,,,,,,,,,,,,,,,,,
2019-10-02,False,False,SWAT+ mgt_out.txt executed crop calendar,NO_ACTIVE_EXECUTED_CROP_CALENDAR,No maize cohort is within its executed SWAT+ plant-to-harvest interval; no plant state is emitted,,,,,,,,,,,,,,,,,,,,,,,,,,,,,,,,,,,,,,,,,,,,,,,,,,,,,,,,,,,,,,,,,,,,,,,,,,,,,
2019-10-03,False,False,SWAT+ mgt_out.txt executed crop calendar,NO_ACTIVE_EXECUTED_CROP_CALENDAR,No maize cohort is within its executed SWAT+ plant-to-harvest interval; no plant state is emitted,,,,,,,,,,,,,,,,,,,,,,,,,,,,,,,,,,,,,,,,,,,,,,,,,,,,,,,,,,,,,,,,,,,,,,,,,,,,,
2019-10-04,False,False,SWAT+ mgt_out.txt executed crop calendar,NO_ACTIVE_EXECUTED_CROP_CALENDAR,No maize cohort is within its executed SWAT+ plant-to-harvest interval; no plant state is emitted,,,,,,,,,,,,,,,,,,,,,,,,,,,,,,,,,,,,,,,,,,,,,,,,,,,,,,,,,,,,,,,,,,,,,,,,,,,,,
2019-10-05,False,False,SWAT+ mgt_out.txt executed crop calendar,NO_ACTIVE_EXECUTED_CROP_CALENDAR,No maize cohort is within its executed SWAT+ plant-to-harvest interval; no plant state is emitted,,,,,,,,,,,,,,,,,,,,,,,,,,,,,,,,,,,,,,,,,,,,,,,,,,,,,,,,,,,,,,,,,,,,,,,,,,,,,
2019-10-06,False,False,SWAT+ mgt_out.txt executed crop calendar,NO_ACTIVE_EXECUTED_CROP_CALENDAR,No maize cohort is within its executed SWAT+ plant-to-harvest interval; no plant state is emitted,,,,,,,,,,,,,,,,,,,,,,,,,,,,,,,,,,,,,,,,,,,,,,,,,,,,,,,,,,,,,,,,,,,,,,,,,,,,,
2019-10-07,False,False,SWAT+ mgt_out.txt executed crop calendar,NO_ACTIVE_EXECUTED_CROP_CALENDAR,No maize cohort is within its executed SWAT+ plant-to-harvest interval; no plant state is emitted,,,,,,,,,,,,,,,,,,,,,,,,,,,,,,,,,,,,,,,,,,,,,,,,,,,,,,,,,,,,,,,,,,,,,,,,,,,,,
2019-10-08,False,False,SWAT+ mgt_out.txt executed crop calendar,NO_ACTIVE_EXECUTED_CROP_CALENDAR,No maize cohort is within its executed SWAT+ plant-to-harvest interval; no plant state is emitted,,,,,,,,,,,,,,,,,,,,,,,,,,,,,,,,,,,,,,,,,,,,,,,,,,,,,,,,,,,,,,,,,,,,,,,,,,,,,
2019-10-09,False,False,SWAT+ mgt_out.txt executed crop calendar,NO_ACTIVE_EXECUTED_CROP_CALENDAR,No maize cohort is within its executed SWAT+ plant-to-harvest interval; no plant state is emitted,,,,,,,,,,,,,,,,,,,,,,,,,,,,,,,,,,,,,,,,,,,,,,,,,,,,,,,,,,,,,,,,,,,,,,,,,,,,,
2019-10-10,False,False,SWAT+ mgt_out.txt executed crop calendar,NO_ACTIVE_EXECUTED_CROP_CALENDAR,No maize cohort is within its executed SWAT+ plant-to-harvest interval; no plant state is emitted,,,,,,,,,,,,,,,,,,,,,,,,,,,,,,,,,,,,,,,,,,,,,,,,,,,,,,,,,,,,,,,,,,,,,,,,,,,,,
2019-10-11,False,False,SWAT+ mgt_out.txt executed crop calendar,NO_ACTIVE_EXECUTED_CROP_CALENDAR,No maize cohort is within its executed SWAT+ plant-to-harvest interval; no plant state is emitted,,,,,,,,,,,,,,,,,,,,,,,,,,,,,,,,,,,,,,,,,,,,,,,,,,,,,,,,,,,,,,,,,,,,,,,,,,,,,
2019-10-12,False,False,SWAT+ mgt_out.txt executed crop calendar,NO_ACTIVE_EXECUTED_CROP_CALENDAR,No maize cohort is within its executed SWAT+ plant-to-harvest interval; no plant state is emitted,,,,,,,,,,,,,,,,,,,,,,,,,,,,,,,,,,,,,,,,,,,,,,,,,,,,,,,,,,,,,,,,,,,,,,,,,,,,,
2019-10-13,False,False,SWAT+ mgt_out.txt executed crop calendar,NO_ACTIVE_EXECUTED_CROP_CALENDAR,No maize cohort is within its executed SWAT+ plant-to-harvest interval; no plant state is emitted,,,,,,,,,,,,,,,,,,,,,,,,,,,,,,,,,,,,,,,,,,,,,,,,,,,,,,,,,,,,,,,,,,,,,,,,,,,,,
2019-10-14,False,False,SWAT+ mgt_out.txt executed crop calendar,NO_ACTIVE_EXECUTED_CROP_CALENDAR,No maize cohort is within its executed SWAT+ plant-to-harvest interval; no plant state is emitted,,,,,,,,,,,,,,,,,,,,,,,,,,,,,,,,,,,,,,,,,,,,,,,,,,,,,,,,,,,,,,,,,,,,,,,,,,,,,
2019-10-15,False,False,SWAT+ mgt_out.txt executed crop calendar,NO_ACTIVE_EXECUTED_CROP_CALENDAR,No maize cohort is within its executed SWAT+ plant-to-harvest interval; no plant state is emitted,,,,,,,,,,,,,,,,,,,,,,,,,,,,,,,,,,,,,,,,,,,,,,,,,,,,,,,,,,,,,,,,,,,,,,,,,,,,,
2019-10-16,False,False,SWAT+ mgt_out.txt executed crop calendar,NO_ACTIVE_EXECUTED_CROP_CALENDAR,No maize cohort is within its executed SWAT+ plant-to-harvest interval; no plant state is emitted,,,,,,,,,,,,,,,,,,,,,,,,,,,,,,,,,,,,,,,,,,,,,,,,,,,,,,,,,,,,,,,,,,,,,,,,,,,,,
2019-10-17,False,False,SWAT+ mgt_out.txt executed crop calendar,NO_ACTIVE_EXECUTED_CROP_CALENDAR,No maize cohort is within its executed SWAT+ plant-to-harvest interval; no plant state is emitted,,,,,,,,,,,,,,,,,,,,,,,,,,,,,,,,,,,,,,,,,,,,,,,,,,,,,,,,,,,,,,,,,,,,,,,,,,,,,
2019-10-18,False,False,SWAT+ mgt_out.txt executed crop calendar,NO_ACTIVE_EXECUTED_CROP_CALENDAR,No maize cohort is within its executed SWAT+ plant-to-harvest interval; no plant state is emitted,,,,,,,,,,,,,,,,,,,,,,,,,,,,,,,,,,,,,,,,,,,,,,,,,,,,,,,,,,,,,,,,,,,,,,,,,,,,,
2019-10-19,False,False,SWAT+ mgt_out.txt executed crop calendar,NO_ACTIVE_EXECUTED_CROP_CALENDAR,No maize cohort is within its executed SWAT+ plant-to-harvest interval; no plant state is emitted,,,,,,,,,,,,,,,,,,,,,,,,,,,,,,,,,,,,,,,,,,,,,,,,,,,,,,,,,,,,,,,,,,,,,,,,,,,,,
2019-10-20,False,False,SWAT+ mgt_out.txt executed crop calendar,NO_ACTIVE_EXECUTED_CROP_CALENDAR,No maize cohort is within its executed SWAT+ plant-to-harvest interval; no plant state is emitted,,,,,,,,,,,,,,,,,,,,,,,,,,,,,,,,,,,,,,,,,,,,,,,,,,,,,,,,,,,,,,,,,,,,,,,,,,,,,
2019-10-21,False,False,SWAT+ mgt_out.txt executed crop calendar,NO_ACTIVE_EXECUTED_CROP_CALENDAR,No maize cohort is within its executed SWAT+ plant-to-harvest interval; no plant state is emitted,,,,,,,,,,,,,,,,,,,,,,,,,,,,,,,,,,,,,,,,,,,,,,,,,,,,,,,,,,,,,,,,,,,,,,,,,,,,,
2019-10-22,False,False,SWAT+ mgt_out.txt executed crop calendar,NO_ACTIVE_EXECUTED_CROP_CALENDAR,No maize cohort is within its executed SWAT+ plant-to-harvest interval; no plant state is emitted,,,,,,,,,,,,,,,,,,,,,,,,,,,,,,,,,,,,,,,,,,,,,,,,,,,,,,,,,,,,,,,,,,,,,,,,,,,,,
2019-10-23,False,False,SWAT+ mgt_out.txt executed crop calendar,NO_ACTIVE_EXECUTED_CROP_CALENDAR,No maize cohort is within its executed SWAT+ plant-to-harvest interval; no plant state is emitted,,,,,,,,,,,,,,,,,,,,,,,,,,,,,,,,,,,,,,,,,,,,,,,,,,,,,,,,,,,,,,,,,,,,,,,,,,,,,
2019-10-24,False,False,SWAT+ mgt_out.txt executed crop calendar,NO_ACTIVE_EXECUTED_CROP_CALENDAR,No maize cohort is within its executed SWAT+ plant-to-harvest interval; no plant state is emitted,,,,,,,,,,,,,,,,,,,,,,,,,,,,,,,,,,,,,,,,,,,,,,,,,,,,,,,,,,,,,,,,,,,,,,,,,,,,,
2019-10-25,False,False,SWAT+ mgt_out.txt executed crop calendar,NO_ACTIVE_EXECUTED_CROP_CALENDAR,No maize cohort is within its executed SWAT+ plant-to-harvest interval; no plant state is emitted,,,,,,,,,,,,,,,,,,,,,,,,,,,,,,,,,,,,,,,,,,,,,,,,,,,,,,,,,,,,,,,,,,,,,,,,,,,,,
2019-10-26,False,False,SWAT+ mgt_out.txt executed crop calendar,NO_ACTIVE_EXECUTED_CROP_CALENDAR,No maize cohort is within its executed SWAT+ plant-to-harvest interval; no plant state is emitted,,,,,,,,,,,,,,,,,,,,,,,,,,,,,,,,,,,,,,,,,,,,,,,,,,,,,,,,,,,,,,,,,,,,,,,,,,,,,
2019-10-27,False,False,SWAT+ mgt_out.txt executed crop calendar,NO_ACTIVE_EXECUTED_CROP_CALENDAR,No maize cohort is within its executed SWAT+ plant-to-harvest interval; no plant state is emitted,,,,,,,,,,,,,,,,,,,,,,,,,,,,,,,,,,,,,,,,,,,,,,,,,,,,,,,,,,,,,,,,,,,,,,,,,,,,,
2019-10-28,False,False,SWAT+ mgt_out.txt executed crop calendar,NO_ACTIVE_EXECUTED_CROP_CALENDAR,No maize cohort is within its executed SWAT+ plant-to-harvest interval; no plant state is emitted,,,,,,,,,,,,,,,,,,,,,,,,,,,,,,,,,,,,,,,,,,,,,,,,,,,,,,,,,,,,,,,,,,,,,,,,,,,,,
2019-10-29,False,False,SWAT+ mgt_out.txt executed crop calendar,NO_ACTIVE_EXECUTED_CROP_CALENDAR,No maize cohort is within its executed SWAT+ plant-to-harvest interval; no plant state is emitted,,,,,,,,,,,,,,,,,,,,,,,,,,,,,,,,,,,,,,,,,,,,,,,,,,,,,,,,,,,,,,,,,,,,,,,,,,,,,
2019-10-30,False,False,SWAT+ mgt_out.txt executed crop calendar,NO_ACTIVE_EXECUTED_CROP_CALENDAR,No maize cohort is within its executed SWAT+ plant-to-harvest interval; no plant state is emitted,,,,,,,,,,,,,,,,,,,,,,,,,,,,,,,,,,,,,,,,,,,,,,,,,,,,,,,,,,,,,,,,,,,,,,,,,,,,,
2019-10-31,False,False,SWAT+ mgt_out.txt executed crop calendar,NO_ACTIVE_EXECUTED_CROP_CALENDAR,No maize cohort is within its executed SWAT+ plant-to-harvest interval; no plant state is emitted,,,,,,,,,,,,,,,,,,,,,,,,,,,,,,,,,,,,,,,,,,,,,,,,,,,,,,,,,,,,,,,,,,,,,,,,,,,,,
2019-11-01,False,False,SWAT+ mgt_out.txt executed crop calendar,NO_ACTIVE_EXECUTED_CROP_CALENDAR,No maize cohort is within its executed SWAT+ plant-to-harvest interval; no plant state is emitted,,,,,,,,,,,,,,,,,,,,,,,,,,,,,,,,,,,,,,,,,,,,,,,,,,,,,,,,,,,,,,,,,,,,,,,,,,,,,
2019-11-02,False,False,SWAT+ mgt_out.txt executed crop calendar,NO_ACTIVE_EXECUTED_CROP_CALENDAR,No maize cohort is within its executed SWAT+ plant-to-harvest interval; no plant state is emitted,,,,,,,,,,,,,,,,,,,,,,,,,,,,,,,,,,,,,,,,,,,,,,,,,,,,,,,,,,,,,,,,,,,,,,,,,,,,,
2019-11-03,False,False,SWAT+ mgt_out.txt executed crop calendar,NO_ACTIVE_EXECUTED_CROP_CALENDAR,No maize cohort is within its executed SWAT+ plant-to-harvest interval; no plant state is emitted,,,,,,,,,,,,,,,,,,,,,,,,,,,,,,,,,,,,,,,,,,,,,,,,,,,,,,,,,,,,,,,,,,,,,,,,,,,,,
2019-11-04,False,False,SWAT+ mgt_out.txt executed crop calendar,NO_ACTIVE_EXECUTED_CROP_CALENDAR,No maize cohort is within its executed SWAT+ plant-to-harvest interval; no plant state is emitted,,,,,,,,,,,,,,,,,,,,,,,,,,,,,,,,,,,,,,,,,,,,,,,,,,,,,,,,,,,,,,,,,,,,,,,,,,,,,
2019-11-05,False,False,SWAT+ mgt_out.txt executed crop calendar,NO_ACTIVE_EXECUTED_CROP_CALENDAR,No maize cohort is within its executed SWAT+ plant-to-harvest interval; no plant state is emitted,,,,,,,,,,,,,,,,,,,,,,,,,,,,,,,,,,,,,,,,,,,,,,,,,,,,,,,,,,,,,,,,,,,,,,,,,,,,,
2019-11-06,False,False,SWAT+ mgt_out.txt executed crop calendar,NO_ACTIVE_EXECUTED_CROP_CALENDAR,No maize cohort is within its executed SWAT+ plant-to-harvest interval; no plant state is emitted,,,,,,,,,,,,,,,,,,,,,,,,,,,,,,,,,,,,,,,,,,,,,,,,,,,,,,,,,,,,,,,,,,,,,,,,,,,,,
2019-11-07,False,False,SWAT+ mgt_out.txt executed crop calendar,NO_ACTIVE_EXECUTED_CROP_CALENDAR,No maize cohort is within its executed SWAT+ plant-to-harvest interval; no plant state is emitted,,,,,,,,,,,,,,,,,,,,,,,,,,,,,,,,,,,,,,,,,,,,,,,,,,,,,,,,,,,,,,,,,,,,,,,,,,,,,
2019-11-08,False,False,SWAT+ mgt_out.txt executed crop calendar,NO_ACTIVE_EXECUTED_CROP_CALENDAR,No maize cohort is within its executed SWAT+ plant-to-harvest interval; no plant state is emitted,,,,,,,,,,,,,,,,,,,,,,,,,,,,,,,,,,,,,,,,,,,,,,,,,,,,,,,,,,,,,,,,,,,,,,,,,,,,,
2019-11-09,False,False,SWAT+ mgt_out.txt executed crop calendar,NO_ACTIVE_EXECUTED_CROP_CALENDAR,No maize cohort is within its executed SWAT+ plant-to-harvest interval; no plant state is emitted,,,,,,,,,,,,,,,,,,,,,,,,,,,,,,,,,,,,,,,,,,,,,,,,,,,,,,,,,,,,,,,,,,,,,,,,,,,,,
2019-11-10,False,False,SWAT+ mgt_out.txt executed crop calendar,NO_ACTIVE_EXECUTED_CROP_CALENDAR,No maize cohort is within its executed SWAT+ plant-to-harvest interval; no plant state is emitted,,,,,,,,,,,,,,,,,,,,,,,,,,,,,,,,,,,,,,,,,,,,,,,,,,,,,,,,,,,,,,,,,,,,,,,,,,,,,
2019-11-11,False,False,SWAT+ mgt_out.txt executed crop calendar,NO_ACTIVE_EXECUTED_CROP_CALENDAR,No maize cohort is within its executed SWAT+ plant-to-harvest interval; no plant state is emitted,,,,,,,,,,,,,,,,,,,,,,,,,,,,,,,,,,,,,,,,,,,,,,,,,,,,,,,,,,,,,,,,,,,,,,,,,,,,,
2019-11-12,False,False,SWAT+ mgt_out.txt executed crop calendar,NO_ACTIVE_EXECUTED_CROP_CALENDAR,No maize cohort is within its executed SWAT+ plant-to-harvest interval; no plant state is emitted,,,,,,,,,,,,,,,,,,,,,,,,,,,,,,,,,,,,,,,,,,,,,,,,,,,,,,,,,,,,,,,,,,,,,,,,,,,,,
2019-11-13,False,False,SWAT+ mgt_out.txt executed crop calendar,NO_ACTIVE_EXECUTED_CROP_CALENDAR,No maize cohort is within its executed SWAT+ plant-to-harvest interval; no plant state is emitted,,,,,,,,,,,,,,,,,,,,,,,,,,,,,,,,,,,,,,,,,,,,,,,,,,,,,,,,,,,,,,,,,,,,,,,,,,,,,
2019-11-14,False,False,SWAT+ mgt_out.txt executed crop calendar,NO_ACTIVE_EXECUTED_CROP_CALENDAR,No maize cohort is within its executed SWAT+ plant-to-harvest interval; no plant state is emitted,,,,,,,,,,,,,,,,,,,,,,,,,,,,,,,,,,,,,,,,,,,,,,,,,,,,,,,,,,,,,,,,,,,,,,,,,,,,,
2019-11-15,False,False,SWAT+ mgt_out.txt executed crop calendar,NO_ACTIVE_EXECUTED_CROP_CALENDAR,No maize cohort is within its executed SWAT+ plant-to-harvest interval; no plant state is emitted,,,,,,,,,,,,,,,,,,,,,,,,,,,,,,,,,,,,,,,,,,,,,,,,,,,,,,,,,,,,,,,,,,,,,,,,,,,,,
2019-11-16,False,False,SWAT+ mgt_out.txt executed crop calendar,NO_ACTIVE_EXECUTED_CROP_CALENDAR,No maize cohort is within its executed SWAT+ plant-to-harvest interval; no plant state is emitted,,,,,,,,,,,,,,,,,,,,,,,,,,,,,,,,,,,,,,,,,,,,,,,,,,,,,,,,,,,,,,,,,,,,,,,,,,,,,
2019-11-17,False,False,SWAT+ mgt_out.txt executed crop calendar,NO_ACTIVE_EXECUTED_CROP_CALENDAR,No maize cohort is within its executed SWAT+ plant-to-harvest interval; no plant state is emitted,,,,,,,,,,,,,,,,,,,,,,,,,,,,,,,,,,,,,,,,,,,,,,,,,,,,,,,,,,,,,,,,,,,,,,,,,,,,,
2019-11-18,False,False,SWAT+ mgt_out.txt executed crop calendar,NO_ACTIVE_EXECUTED_CROP_CALENDAR,No maize cohort is within its executed SWAT+ plant-to-harvest interval; no plant state is emitted,,,,,,,,,,,,,,,,,,,,,,,,,,,,,,,,,,,,,,,,,,,,,,,,,,,,,,,,,,,,,,,,,,,,,,,,,,,,,
2019-11-19,False,False,SWAT+ mgt_out.txt executed crop calendar,NO_ACTIVE_EXECUTED_CROP_CALENDAR,No maize cohort is within its executed SWAT+ plant-to-harvest interval; no plant state is emitted,,,,,,,,,,,,,,,,,,,,,,,,,,,,,,,,,,,,,,,,,,,,,,,,,,,,,,,,,,,,,,,,,,,,,,,,,,,,,
2019-11-20,False,False,SWAT+ mgt_out.txt executed crop calendar,NO_ACTIVE_EXECUTED_CROP_CALENDAR,No maize cohort is within its executed SWAT+ plant-to-harvest interval; no plant state is emitted,,,,,,,,,,,,,,,,,,,,,,,,,,,,,,,,,,,,,,,,,,,,,,,,,,,,,,,,,,,,,,,,,,,,,,,,,,,,,
2019-11-21,False,False,SWAT+ mgt_out.txt executed crop calendar,NO_ACTIVE_EXECUTED_CROP_CALENDAR,No maize cohort is within its executed SWAT+ plant-to-harvest interval; no plant state is emitted,,,,,,,,,,,,,,,,,,,,,,,,,,,,,,,,,,,,,,,,,,,,,,,,,,,,,,,,,,,,,,,,,,,,,,,,,,,,,
2019-11-22,False,False,SWAT+ mgt_out.txt executed crop calendar,NO_ACTIVE_EXECUTED_CROP_CALENDAR,No maize cohort is within its executed SWAT+ plant-to-harvest interval; no plant state is emitted,,,,,,,,,,,,,,,,,,,,,,,,,,,,,,,,,,,,,,,,,,,,,,,,,,,,,,,,,,,,,,,,,,,,,,,,,,,,,
2019-11-23,False,False,SWAT+ mgt_out.txt executed crop calendar,NO_ACTIVE_EXECUTED_CROP_CALENDAR,No maize cohort is within its executed SWAT+ plant-to-harvest interval; no plant state is emitted,,,,,,,,,,,,,,,,,,,,,,,,,,,,,,,,,,,,,,,,,,,,,,,,,,,,,,,,,,,,,,,,,,,,,,,,,,,,,
2019-11-24,False,False,SWAT+ mgt_out.txt executed crop calendar,NO_ACTIVE_EXECUTED_CROP_CALENDAR,No maize cohort is within its executed SWAT+ plant-to-harvest interval; no plant state is emitted,,,,,,,,,,,,,,,,,,,,,,,,,,,,,,,,,,,,,,,,,,,,,,,,,,,,,,,,,,,,,,,,,,,,,,,,,,,,,
2019-11-25,False,False,SWAT+ mgt_out.txt executed crop calendar,NO_ACTIVE_EXECUTED_CROP_CALENDAR,No maize cohort is within its executed SWAT+ plant-to-harvest interval; no plant state is emitted,,,,,,,,,,,,,,,,,,,,,,,,,,,,,,,,,,,,,,,,,,,,,,,,,,,,,,,,,,,,,,,,,,,,,,,,,,,,,
2019-11-26,False,False,SWAT+ mgt_out.txt executed crop calendar,NO_ACTIVE_EXECUTED_CROP_CALENDAR,No maize cohort is within its executed SWAT+ plant-to-harvest interval; no plant state is emitted,,,,,,,,,,,,,,,,,,,,,,,,,,,,,,,,,,,,,,,,,,,,,,,,,,,,,,,,,,,,,,,,,,,,,,,,,,,,,
2019-11-27,False,False,SWAT+ mgt_out.txt executed crop calendar,NO_ACTIVE_EXECUTED_CROP_CALENDAR,No maize cohort is within its executed SWAT+ plant-to-harvest interval; no plant state is emitted,,,,,,,,,,,,,,,,,,,,,,,,,,,,,,,,,,,,,,,,,,,,,,,,,,,,,,,,,,,,,,,,,,,,,,,,,,,,,
2019-11-28,False,False,SWAT+ mgt_out.txt executed crop calendar,NO_ACTIVE_EXECUTED_CROP_CALENDAR,No maize cohort is within its executed SWAT+ plant-to-harvest interval; no plant state is emitted,,,,,,,,,,,,,,,,,,,,,,,,,,,,,,,,,,,,,,,,,,,,,,,,,,,,,,,,,,,,,,,,,,,,,,,,,,,,,
2019-11-29,False,False,SWAT+ mgt_out.txt executed crop calendar,NO_ACTIVE_EXECUTED_CROP_CALENDAR,No maize cohort is within its executed SWAT+ plant-to-harvest interval; no plant state is emitted,,,,,,,,,,,,,,,,,,,,,,,,,,,,,,,,,,,,,,,,,,,,,,,,,,,,,,,,,,,,,,,,,,,,,,,,,,,,,
2019-11-30,False,False,SWAT+ mgt_out.txt executed crop calendar,NO_ACTIVE_EXECUTED_CROP_CALENDAR,No maize cohort is within its executed SWAT+ plant-to-harvest interval; no plant state is emitted,,,,,,,,,,,,,,,,,,,,,,,,,,,,,,,,,,,,,,,,,,,,,,,,,,,,,,,,,,,,,,,,,,,,,,,,,,,,,
2019-12-01,False,False,SWAT+ mgt_out.txt executed crop calendar,NO_ACTIVE_EXECUTED_CROP_CALENDAR,No maize cohort is within its executed SWAT+ plant-to-harvest interval; no plant state is emitted,,,,,,,,,,,,,,,,,,,,,,,,,,,,,,,,,,,,,,,,,,,,,,,,,,,,,,,,,,,,,,,,,,,,,,,,,,,,,
2019-12-02,False,False,SWAT+ mgt_out.txt executed crop calendar,NO_ACTIVE_EXECUTED_CROP_CALENDAR,No maize cohort is within its executed SWAT+ plant-to-harvest interval; no plant state is emitted,,,,,,,,,,,,,,,,,,,,,,,,,,,,,,,,,,,,,,,,,,,,,,,,,,,,,,,,,,,,,,,,,,,,,,,,,,,,,
2019-12-03,False,False,SWAT+ mgt_out.txt executed crop calendar,NO_ACTIVE_EXECUTED_CROP_CALENDAR,No maize cohort is within its executed SWAT+ plant-to-harvest interval; no plant state is emitted,,,,,,,,,,,,,,,,,,,,,,,,,,,,,,,,,,,,,,,,,,,,,,,,,,,,,,,,,,,,,,,,,,,,,,,,,,,,,
2019-12-04,False,False,SWAT+ mgt_out.txt executed crop calendar,NO_ACTIVE_EXECUTED_CROP_CALENDAR,No maize cohort is within its executed SWAT+ plant-to-harvest interval; no plant state is emitted,,,,,,,,,,,,,,,,,,,,,,,,,,,,,,,,,,,,,,,,,,,,,,,,,,,,,,,,,,,,,,,,,,,,,,,,,,,,,
2019-12-05,False,False,SWAT+ mgt_out.txt executed crop calendar,NO_ACTIVE_EXECUTED_CROP_CALENDAR,No maize cohort is within its executed SWAT+ plant-to-harvest interval; no plant state is emitted,,,,,,,,,,,,,,,,,,,,,,,,,,,,,,,,,,,,,,,,,,,,,,,,,,,,,,,,,,,,,,,,,,,,,,,,,,,,,
2019-12-06,False,False,SWAT+ mgt_out.txt executed crop calendar,NO_ACTIVE_EXECUTED_CROP_CALENDAR,No maize cohort is within its executed SWAT+ plant-to-harvest interval; no plant state is emitted,,,,,,,,,,,,,,,,,,,,,,,,,,,,,,,,,,,,,,,,,,,,,,,,,,,,,,,,,,,,,,,,,,,,,,,,,,,,,
2019-12-07,False,False,SWAT+ mgt_out.txt executed crop calendar,NO_ACTIVE_EXECUTED_CROP_CALENDAR,No maize cohort is within its executed SWAT+ plant-to-harvest interval; no plant state is emitted,,,,,,,,,,,,,,,,,,,,,,,,,,,,,,,,,,,,,,,,,,,,,,,,,,,,,,,,,,,,,,,,,,,,,,,,,,,,,
2019-12-08,False,False,SWAT+ mgt_out.txt executed crop calendar,NO_ACTIVE_EXECUTED_CROP_CALENDAR,No maize cohort is within its executed SWAT+ plant-to-harvest interval; no plant state is emitted,,,,,,,,,,,,,,,,,,,,,,,,,,,,,,,,,,,,,,,,,,,,,,,,,,,,,,,,,,,,,,,,,,,,,,,,,,,,,
2019-12-09,False,False,SWAT+ mgt_out.txt executed crop calendar,NO_ACTIVE_EXECUTED_CROP_CALENDAR,No maize cohort is within its executed SWAT+ plant-to-harvest interval; no plant state is emitted,,,,,,,,,,,,,,,,,,,,,,,,,,,,,,,,,,,,,,,,,,,,,,,,,,,,,,,,,,,,,,,,,,,,,,,,,,,,,
2019-12-10,False,False,SWAT+ mgt_out.txt executed crop calendar,NO_ACTIVE_EXECUTED_CROP_CALENDAR,No maize cohort is within its executed SWAT+ plant-to-harvest interval; no plant state is emitted,,,,,,,,,,,,,,,,,,,,,,,,,,,,,,,,,,,,,,,,,,,,,,,,,,,,,,,,,,,,,,,,,,,,,,,,,,,,,
2019-12-11,False,False,SWAT+ mgt_out.txt executed crop calendar,NO_ACTIVE_EXECUTED_CROP_CALENDAR,No maize cohort is within its executed SWAT+ plant-to-harvest interval; no plant state is emitted,,,,,,,,,,,,,,,,,,,,,,,,,,,,,,,,,,,,,,,,,,,,,,,,,,,,,,,,,,,,,,,,,,,,,,,,,,,,,
2019-12-12,False,False,SWAT+ mgt_out.txt executed crop calendar,NO_ACTIVE_EXECUTED_CROP_CALENDAR,No maize cohort is within its executed SWAT+ plant-to-harvest interval; no plant state is emitted,,,,,,,,,,,,,,,,,,,,,,,,,,,,,,,,,,,,,,,,,,,,,,,,,,,,,,,,,,,,,,,,,,,,,,,,,,,,,
2019-12-13,False,False,SWAT+ mgt_out.txt executed crop calendar,NO_ACTIVE_EXECUTED_CROP_CALENDAR,No maize cohort is within its executed SWAT+ plant-to-harvest interval; no plant state is emitted,,,,,,,,,,,,,,,,,,,,,,,,,,,,,,,,,,,,,,,,,,,,,,,,,,,,,,,,,,,,,,,,,,,,,,,,,,,,,
2019-12-14,False,False,SWAT+ mgt_out.txt executed crop calendar,NO_ACTIVE_EXECUTED_CROP_CALENDAR,No maize cohort is within its executed SWAT+ plant-to-harvest interval; no plant state is emitted,,,,,,,,,,,,,,,,,,,,,,,,,,,,,,,,,,,,,,,,,,,,,,,,,,,,,,,,,,,,,,,,,,,,,,,,,,,,,
2019-12-15,False,False,SWAT+ mgt_out.txt executed crop calendar,NO_ACTIVE_EXECUTED_CROP_CALENDAR,No maize cohort is within its executed SWAT+ plant-to-harvest interval; no plant state is emitted,,,,,,,,,,,,,,,,,,,,,,,,,,,,,,,,,,,,,,,,,,,,,,,,,,,,,,,,,,,,,,,,,,,,,,,,,,,,,
2019-12-16,False,False,SWAT+ mgt_out.txt executed crop calendar,NO_ACTIVE_EXECUTED_CROP_CALENDAR,No maize cohort is within its executed SWAT+ plant-to-harvest interval; no plant state is emitted,,,,,,,,,,,,,,,,,,,,,,,,,,,,,,,,,,,,,,,,,,,,,,,,,,,,,,,,,,,,,,,,,,,,,,,,,,,,,
2019-12-17,False,False,SWAT+ mgt_out.txt executed crop calendar,NO_ACTIVE_EXECUTED_CROP_CALENDAR,No maize cohort is within its executed SWAT+ plant-to-harvest interval; no plant state is emitted,,,,,,,,,,,,,,,,,,,,,,,,,,,,,,,,,,,,,,,,,,,,,,,,,,,,,,,,,,,,,,,,,,,,,,,,,,,,,
2019-12-18,False,False,SWAT+ mgt_out.txt executed crop calendar,NO_ACTIVE_EXECUTED_CROP_CALENDAR,No maize cohort is within its executed SWAT+ plant-to-harvest interval; no plant state is emitted,,,,,,,,,,,,,,,,,,,,,,,,,,,,,,,,,,,,,,,,,,,,,,,,,,,,,,,,,,,,,,,,,,,,,,,,,,,,,
2019-12-19,False,False,SWAT+ mgt_out.txt executed crop calendar,NO_ACTIVE_EXECUTED_CROP_CALENDAR,No maize cohort is within its executed SWAT+ plant-to-harvest interval; no plant state is emitted,,,,,,,,,,,,,,,,,,,,,,,,,,,,,,,,,,,,,,,,,,,,,,,,,,,,,,,,,,,,,,,,,,,,,,,,,,,,,
2019-12-20,False,False,SWAT+ mgt_out.txt executed crop calendar,NO_ACTIVE_EXECUTED_CROP_CALENDAR,No maize cohort is within its executed SWAT+ plant-to-harvest interval; no plant state is emitted,,,,,,,,,,,,,,,,,,,,,,,,,,,,,,,,,,,,,,,,,,,,,,,,,,,,,,,,,,,,,,,,,,,,,,,,,,,,,
2019-12-21,False,False,SWAT+ mgt_out.txt executed crop calendar,NO_ACTIVE_EXECUTED_CROP_CALENDAR,No maize cohort is within its executed SWAT+ plant-to-harvest interval; no plant state is emitted,,,,,,,,,,,,,,,,,,,,,,,,,,,,,,,,,,,,,,,,,,,,,,,,,,,,,,,,,,,,,,,,,,,,,,,,,,,,,
2019-12-22,False,False,SWAT+ mgt_out.txt executed crop calendar,NO_ACTIVE_EXECUTED_CROP_CALENDAR,No maize cohort is within its executed SWAT+ plant-to-harvest interval; no plant state is emitted,,,,,,,,,,,,,,,,,,,,,,,,,,,,,,,,,,,,,,,,,,,,,,,,,,,,,,,,,,,,,,,,,,,,,,,,,,,,,
2019-12-23,False,False,SWAT+ mgt_out.txt executed crop calendar,NO_ACTIVE_EXECUTED_CROP_CALENDAR,No maize cohort is within its executed SWAT+ plant-to-harvest interval; no plant state is emitted,,,,,,,,,,,,,,,,,,,,,,,,,,,,,,,,,,,,,,,,,,,,,,,,,,,,,,,,,,,,,,,,,,,,,,,,,,,,,
2019-12-24,False,False,SWAT+ mgt_out.txt executed crop calendar,NO_ACTIVE_EXECUTED_CROP_CALENDAR,No maize cohort is within its executed SWAT+ plant-to-harvest interval; no plant state is emitted,,,,,,,,,,,,,,,,,,,,,,,,,,,,,,,,,,,,,,,,,,,,,,,,,,,,,,,,,,,,,,,,,,,,,,,,,,,,,
2019-12-25,False,False,SWAT+ mgt_out.txt executed crop calendar,NO_ACTIVE_EXECUTED_CROP_CALENDAR,No maize cohort is within its executed SWAT+ plant-to-harvest interval; no plant state is emitted,,,,,,,,,,,,,,,,,,,,,,,,,,,,,,,,,,,,,,,,,,,,,,,,,,,,,,,,,,,,,,,,,,,,,,,,,,,,,
2019-12-26,False,False,SWAT+ mgt_out.txt executed crop calendar,NO_ACTIVE_EXECUTED_CROP_CALENDAR,No maize cohort is within its executed SWAT+ plant-to-harvest interval; no plant state is emitted,,,,,,,,,,,,,,,,,,,,,,,,,,,,,,,,,,,,,,,,,,,,,,,,,,,,,,,,,,,,,,,,,,,,,,,,,,,,,
2019-12-27,False,False,SWAT+ mgt_out.txt executed crop calendar,NO_ACTIVE_EXECUTED_CROP_CALENDAR,No maize cohort is within its executed SWAT+ plant-to-harvest interval; no plant state is emitted,,,,,,,,,,,,,,,,,,,,,,,,,,,,,,,,,,,,,,,,,,,,,,,,,,,,,,,,,,,,,,,,,,,,,,,,,,,,,
2019-12-28,False,False,SWAT+ mgt_out.txt executed crop calendar,NO_ACTIVE_EXECUTED_CROP_CALENDAR,No maize cohort is within its executed SWAT+ plant-to-harvest interval; no plant state is emitted,,,,,,,,,,,,,,,,,,,,,,,,,,,,,,,,,,,,,,,,,,,,,,,,,,,,,,,,,,,,,,,,,,,,,,,,,,,,,
2019-12-29,False,False,SWAT+ mgt_out.txt executed crop calendar,NO_ACTIVE_EXECUTED_CROP_CALENDAR,No maize cohort is within its executed SWAT+ plant-to-harvest interval; no plant state is emitted,,,,,,,,,,,,,,,,,,,,,,,,,,,,,,,,,,,,,,,,,,,,,,,,,,,,,,,,,,,,,,,,,,,,,,,,,,,,,
2019-12-30,False,False,SWAT+ mgt_out.txt executed crop calendar,NO_ACTIVE_EXECUTED_CROP_CALENDAR,No maize cohort is within its executed SWAT+ plant-to-harvest interval; no plant state is emitted,,,,,,,,,,,,,,,,,,,,,,,,,,,,,,,,,,,,,,,,,,,,,,,,,,,,,,,,,,,,,,,,,,,,,,,,,,,,,
2019-12-31,False,False,SWAT+ mgt_out.txt executed crop calendar,NO_ACTIVE_EXECUTED_CROP_CALENDAR,No maize cohort is within its executed SWAT+ plant-to-harvest interval; no plant state is emitted,,,,,,,,,,,,,,,,,,,,,,,,,,,,,,,,,,,,,,,,,,,,,,,,,,,,,,,,,,,,,,,,,,,,,,,,,,,,,
